/* DATA DESCRIPTION:
Citation:	Horstmann, Jochen; Carrasco, Ruben; Calil, Paulo H R; Iudicone, Daniele; Pesant, Stephane; Erta, J M (2022): Track of Lagrangian drifter 47 during the Mission Microbiomes with the RV Tara along the eastern coast of Brazil [dataset]. PANGAEA, https://doi.org/10.1594/PANGAEA.948226, 
	In: Horstmann, J et al. (2022): Drifter position data from the eastern coast of Brazil during the project Mission Microbiomes with the RV Tara [dataset publication series]. PANGAEA, https://doi.org/10.1594/PANGAEA.948261
Project(s):	Atlantic ECOsystems assessment, forecasting & sustainability (AtlantECO) (URI: https://doi.org/10.3030/862923)
	Fondation Tara Expeditions (FondTara) (URI: https://fondationtaraocean.org/en/home/)
	Mission Microbiomes (MM2020) (URI: https://fondationtaraocean.org/expedition/mission-microbiomes/)
Funding:	Horizon 2020 of the European Commission (H2020) (URI: https://research-and-innovation.ec.europa.eu/funding/funding-opportunities/funding-programmes-and-open-calls/horizon-2020_en), grant/award no. 862923: Atlantic ECOsystems assessment, forecasting & sustainability (URI: https://doi.org/10.3030/862923)
Coverage:	MEDIAN LATITUDE: 9.475757 * MEDIAN LONGITUDE: -54.320829 * SOUTH-BOUND LATITUDE: 5.827310 * WEST-BOUND LONGITUDE: -61.628130 * NORTH-BOUND LATITUDE: 12.149610 * EAST-BOUND LONGITUDE: -48.791020
	DATE/TIME START: 2021-08-30T14:02:13 * DATE/TIME END: 2021-11-10T16:21:23
	MINIMUM DEPTH, water: 0 m * MAXIMUM DEPTH, water: 0 m
Event(s):	TARA_Microbiomes_DRIFT-47 * LATITUDE START: 9.643870 * LONGITUDE START: -49.559360 * LATITUDE END: 12.106190 * LONGITUDE END: -61.627470 * DATE/TIME START: 2021-08-30T14:02:13 * DATE/TIME END: 2021-11-10T16:21:23 * LOCATION: Eastern Brazilian coast * CAMPAIGN: MM20210824_LEG-05_035-040_Martin * BASIS: SV Tara (URI: https://en.wikipedia.org/wiki/Tara_expedition) * METHOD/DEVICE: Drifter (DRIFT)
Parameter(s):	LATITUDE (Latitude) * GEOCODE * PI: Horstmann, Jochen (https://orcid.org/0000-0002-7979-5736, jochen.horstmann@hereon.de, https://www.hzg.de/institutes_platforms/coastal_research/operational_systems/radar_hydrography/staff/046556/index.php.en) * METHOD/DEVICE: GPS receiver mounted on Lagrangian drifter
	LONGITUDE (Longitude) * GEOCODE * PI: Horstmann, Jochen (https://orcid.org/0000-0002-7979-5736, jochen.horstmann@hereon.de, https://www.hzg.de/institutes_platforms/coastal_research/operational_systems/radar_hydrography/staff/046556/index.php.en) * METHOD/DEVICE: GPS receiver mounted on Lagrangian drifter
	DEPTH, water [m] (Depth water) * GEOCODE * PI: Horstmann, Jochen (https://orcid.org/0000-0002-7979-5736, jochen.horstmann@hereon.de, https://www.hzg.de/institutes_platforms/coastal_research/operational_systems/radar_hydrography/staff/046556/index.php.en)
	Identification (ID) * PI: Horstmann, Jochen (https://orcid.org/0000-0002-7979-5736, jochen.horstmann@hereon.de, https://www.hzg.de/institutes_platforms/coastal_research/operational_systems/radar_hydrography/staff/046556/index.php.en) * COMMENT: DrifterID
	DATE/TIME (Date/Time) * GEOCODE * PI: Horstmann, Jochen (https://orcid.org/0000-0002-7979-5736, jochen.horstmann@hereon.de, https://www.hzg.de/institutes_platforms/coastal_research/operational_systems/radar_hydrography/staff/046556/index.php.en) * COMMENT: UTC
License:	Creative Commons Attribution 4.0 International (CC-BY-4.0) (URI: https://creativecommons.org/licenses/by/4.0/)
Status:	Curation Level: Enhanced curation (URI: https://wiki.pangaea.de/wiki/Curation_levels)
Size:	19262 data points
*/
Latitude	Longitude	Depth water [m]	ID	Date/Time
9.64387	-49.55936	0	47	2021-08-30T14:02:13
9.64479	-49.55948	0	47	2021-08-30T14:12:12
9.64410	-49.55905	0	47	2021-08-30T14:17:12
9.64311	-49.55905	0	47	2021-08-30T14:22:12
9.64242	-49.55957	0	47	2021-08-30T14:27:10
9.64831	-49.55447	0	47	2021-08-30T14:37:12
9.65255	-49.54881	0	47	2021-08-30T14:42:13
9.65187	-49.54718	0	47	2021-08-30T14:47:13
9.65217	-49.54794	0	47	2021-08-30T14:52:14
9.65227	-49.54758	0	47	2021-08-30T14:57:14
9.65252	-49.54654	0	47	2021-08-30T15:07:39
9.65253	-49.54550	0	47	2021-08-30T15:22:16
9.65250	-49.54526	0	47	2021-08-30T15:27:16
9.65241	-49.54526	0	47	2021-08-30T15:32:15
9.65240	-49.54526	0	47	2021-08-30T15:37:15
9.65236	-49.54514	0	47	2021-08-30T15:42:16
9.65239	-49.54507	0	47	2021-08-30T15:47:15
9.65259	-49.54498	0	47	2021-08-30T15:52:16
9.65287	-49.54501	0	47	2021-08-30T15:57:18
9.65313	-49.54498	0	47	2021-08-30T16:02:19
9.65354	-49.54504	0	47	2021-08-30T16:07:58
9.65384	-49.54517	0	47	2021-08-30T16:12:13
9.65424	-49.54520	0	47	2021-08-30T16:17:14
9.65462	-49.54532	0	47	2021-08-30T16:22:15
9.65482	-49.54547	0	47	2021-08-30T16:27:09
9.65499	-49.54556	0	47	2021-08-30T16:32:09
9.65518	-49.54559	0	47	2021-08-30T16:37:10
9.65532	-49.54568	0	47	2021-08-30T16:42:13
9.65549	-49.54562	0	47	2021-08-30T16:47:11
9.65576	-49.54556	0	47	2021-08-30T16:52:12
9.65596	-49.54541	0	47	2021-08-30T16:57:10
9.65616	-49.54541	0	47	2021-08-30T17:02:14
9.65634	-49.54532	0	47	2021-08-30T17:07:15
9.65651	-49.54523	0	47	2021-08-30T17:12:15
9.65662	-49.54514	0	47	2021-08-30T17:17:13
9.65673	-49.54510	0	47	2021-08-30T17:22:10
9.65686	-49.54504	0	47	2021-08-30T17:27:10
9.65695	-49.54498	0	47	2021-08-30T17:32:11
9.65698	-49.54489	0	47	2021-08-30T17:37:08
9.65703	-49.54477	0	47	2021-08-30T17:42:06
9.65715	-49.54477	0	47	2021-08-30T17:47:06
9.65746	-49.54462	0	47	2021-08-30T17:52:04
9.65774	-49.54453	0	47	2021-08-30T17:57:03
9.65784	-49.54433	0	47	2021-08-30T18:02:28
9.65784	-49.54416	0	47	2021-08-30T18:07:28
9.65783	-49.54404	0	47	2021-08-30T18:12:02
9.65775	-49.54388	0	47	2021-08-30T18:17:03
9.65767	-49.54373	0	47	2021-08-30T18:22:04
9.65753	-49.54361	0	47	2021-08-30T18:27:01
9.65738	-49.54346	0	47	2021-08-30T18:31:57
9.65738	-49.54337	0	47	2021-08-30T18:36:56
9.65743	-49.54321	0	47	2021-08-30T18:42:00
9.65734	-49.54306	0	47	2021-08-30T18:46:53
9.65715	-49.54288	0	47	2021-08-30T18:51:54
9.65685	-49.54256	0	47	2021-08-30T18:56:52
9.65668	-49.54239	0	47	2021-08-30T19:01:52
9.65649	-49.54227	0	47	2021-08-30T19:07:28
9.65635	-49.54204	0	47	2021-08-30T19:11:57
9.65615	-49.54178	0	47	2021-08-30T19:16:58
9.65582	-49.54156	0	47	2021-08-30T19:21:55
9.65551	-49.54144	0	47	2021-08-30T19:26:53
9.65532	-49.54129	0	47	2021-08-30T19:31:57
9.65508	-49.54114	0	47	2021-08-30T19:36:57
9.65480	-49.54108	0	47	2021-08-30T19:41:55
9.65465	-49.54092	0	47	2021-08-30T19:46:53
9.65448	-49.54074	0	47	2021-08-30T19:51:54
9.65415	-49.54065	0	47	2021-08-30T19:56:57
9.65385	-49.54065	0	47	2021-08-30T20:01:55
9.65348	-49.54050	0	47	2021-08-30T20:07:26
9.65323	-49.54041	0	47	2021-08-30T20:11:55
9.65288	-49.54028	0	47	2021-08-30T20:16:53
9.65255	-49.54022	0	47	2021-08-30T20:21:54
9.65222	-49.54010	0	47	2021-08-30T20:26:56
9.65182	-49.53998	0	47	2021-08-30T20:31:56
9.65126	-49.53979	0	47	2021-08-30T20:36:57
9.65079	-49.53970	0	47	2021-08-30T20:41:57
9.65033	-49.53961	0	47	2021-08-30T20:46:55
9.64974	-49.53958	0	47	2021-08-30T20:51:59
9.64911	-49.53943	0	47	2021-08-30T20:57:00
9.64861	-49.53928	0	47	2021-08-30T21:01:58
9.64800	-49.53906	0	47	2021-08-30T21:07:28
9.64747	-49.53891	0	47	2021-08-30T21:12:02
9.64681	-49.53885	0	47	2021-08-30T21:17:00
9.64624	-49.53867	0	47	2021-08-30T21:22:01
9.64563	-49.53851	0	47	2021-08-30T21:27:01
9.64500	-49.53839	0	47	2021-08-30T21:32:02
9.64434	-49.53836	0	47	2021-08-30T21:36:59
9.64382	-49.53830	0	47	2021-08-30T21:41:57
9.64321	-49.53813	0	47	2021-08-30T21:47:01
9.64265	-49.53796	0	47	2021-08-30T21:52:01
9.64209	-49.53781	0	47	2021-08-30T21:56:59
9.64157	-49.53775	0	47	2021-08-30T22:02:00
9.64103	-49.53784	0	47	2021-08-30T22:07:27
9.64066	-49.53781	0	47	2021-08-30T22:12:01
9.64023	-49.53772	0	47	2021-08-30T22:17:02
9.63979	-49.53766	0	47	2021-08-30T22:22:00
9.63935	-49.53766	0	47	2021-08-30T22:27:00
9.63896	-49.53766	0	47	2021-08-30T22:32:02
9.63860	-49.53760	0	47	2021-08-30T22:36:59
9.63829	-49.53760	0	47	2021-08-30T22:41:59
9.63786	-49.53772	0	47	2021-08-30T22:46:59
9.63752	-49.53772	0	47	2021-08-30T22:51:59
9.63713	-49.53781	0	47	2021-08-30T22:56:58
9.63674	-49.53787	0	47	2021-08-30T23:01:57
9.63652	-49.53781	0	47	2021-08-30T23:07:26
9.63636	-49.53778	0	47	2021-08-30T23:11:56
9.63617	-49.53772	0	47	2021-08-30T23:16:53
9.63606	-49.53769	0	47	2021-08-30T23:21:55
9.63602	-49.53769	0	47	2021-08-30T23:26:54
9.63585	-49.53769	0	47	2021-08-30T23:31:55
9.63569	-49.53769	0	47	2021-08-30T23:36:57
9.63564	-49.53760	0	47	2021-08-30T23:41:54
9.63547	-49.53754	0	47	2021-08-30T23:46:54
9.63535	-49.53748	0	47	2021-08-30T23:51:55
9.63527	-49.53738	0	47	2021-08-30T23:56:56
9.63519	-49.53729	0	47	2021-08-31T00:02:23
9.63519	-49.53720	0	47	2021-08-31T00:07:22
9.63516	-49.53714	0	47	2021-08-31T00:11:55
9.63518	-49.53690	0	47	2021-08-31T00:16:56
9.63531	-49.53668	0	47	2021-08-31T00:21:54
9.63536	-49.53641	0	47	2021-08-31T00:26:56
9.63546	-49.53613	0	47	2021-08-31T00:31:54
9.63543	-49.53595	0	47	2021-08-31T00:36:55
9.63547	-49.53564	0	47	2021-08-31T00:41:53
9.63542	-49.53531	0	47	2021-08-31T00:46:53
9.63541	-49.53513	0	47	2021-08-31T00:51:53
9.63507	-49.53491	0	47	2021-08-31T00:56:54
9.63452	-49.53479	0	47	2021-08-31T01:02:24
9.63409	-49.53470	0	47	2021-08-31T01:07:24
9.63414	-49.53427	0	47	2021-08-31T01:11:53
9.63402	-49.53393	0	47	2021-08-31T01:16:53
9.63316	-49.53427	0	47	2021-08-31T01:21:52
9.63245	-49.53458	0	47	2021-08-31T01:26:51
9.63181	-49.53485	0	47	2021-08-31T01:31:49
9.63129	-49.53493	0	47	2021-08-31T01:36:53
9.63064	-49.53510	0	47	2021-08-31T01:41:52
9.62984	-49.53549	0	47	2021-08-31T01:46:51
9.62950	-49.53540	0	47	2021-08-31T01:51:52
9.62908	-49.53540	0	47	2021-08-31T01:56:50
9.62852	-49.53549	0	47	2021-08-31T02:01:51
9.62811	-49.53546	0	47	2021-08-31T02:06:51
9.62772	-49.53555	0	47	2021-08-31T02:11:51
9.62721	-49.53583	0	47	2021-08-31T02:16:52
9.62702	-49.53574	0	47	2021-08-31T02:21:50
9.62674	-49.53580	0	47	2021-08-31T02:26:51
9.62636	-49.53598	0	47	2021-08-31T02:31:52
9.62599	-49.53610	0	47	2021-08-31T02:36:50
9.62597	-49.53610	0	47	2021-08-31T02:41:49
9.62590	-49.53604	0	47	2021-08-31T02:46:47
9.62569	-49.53610	0	47	2021-08-31T02:51:48
9.62551	-49.53610	0	47	2021-08-31T02:56:49
9.62554	-49.53601	0	47	2021-08-31T03:01:49
9.62547	-49.53601	0	47	2021-08-31T03:11:55
9.62532	-49.53610	0	47	2021-08-31T03:16:56
9.62519	-49.53616	0	47	2021-08-31T03:21:56
9.62475	-49.53650	0	47	2021-08-31T03:26:56
9.62430	-49.53674	0	47	2021-08-31T03:31:58
9.62351	-49.53723	0	47	2021-08-31T03:36:55
9.62283	-49.53760	0	47	2021-08-31T03:41:56
9.62193	-49.53815	0	47	2021-08-31T03:46:53
9.62107	-49.53879	0	47	2021-08-31T03:51:51
9.62026	-49.53922	0	47	2021-08-31T03:56:51
9.61931	-49.53967	0	47	2021-08-31T04:01:51
9.61844	-49.54016	0	47	2021-08-31T04:06:54
9.61780	-49.54050	0	47	2021-08-31T04:11:54
9.61721	-49.54086	0	47	2021-08-31T04:16:54
9.61655	-49.54117	0	47	2021-08-31T04:21:55
9.61578	-49.54149	0	47	2021-08-31T04:26:56
9.61504	-49.54175	0	47	2021-08-31T04:31:54
9.61424	-49.54218	0	47	2021-08-31T04:36:55
9.61350	-49.54245	0	47	2021-08-31T04:41:54
9.61281	-49.54272	0	47	2021-08-31T04:46:55
9.61215	-49.54303	0	47	2021-08-31T04:51:56
9.61166	-49.54337	0	47	2021-08-31T04:56:54
9.61142	-49.54352	0	47	2021-08-31T05:01:55
9.61107	-49.54373	0	47	2021-08-31T05:07:23
9.61086	-49.54373	0	47	2021-08-31T05:11:53
9.61056	-49.54376	0	47	2021-08-31T05:16:53
9.61018	-49.54379	0	47	2021-08-31T05:21:51
9.60989	-49.54376	0	47	2021-08-31T05:26:55
9.60924	-49.54376	0	47	2021-08-31T05:31:55
9.60868	-49.54379	0	47	2021-08-31T05:36:53
9.60812	-49.54367	0	47	2021-08-31T05:41:52
9.60746	-49.54388	0	47	2021-08-31T05:46:53
9.60718	-49.54388	0	47	2021-08-31T05:51:51
9.60657	-49.54416	0	47	2021-08-31T05:56:52
9.60615	-49.54431	0	47	2021-08-31T06:01:53
9.60554	-49.54446	0	47	2021-08-31T06:07:24
9.60535	-49.54446	0	47	2021-08-31T06:11:54
9.60497	-49.54456	0	47	2021-08-31T06:16:52
9.60472	-49.54446	0	47	2021-08-31T06:21:52
9.60436	-49.54443	0	47	2021-08-31T06:26:54
9.60407	-49.54446	0	47	2021-08-31T06:31:53
9.60385	-49.54446	0	47	2021-08-31T06:36:55
9.60347	-49.54459	0	47	2021-08-31T06:41:53
9.60310	-49.54480	0	47	2021-08-31T06:46:53
9.60277	-49.54489	0	47	2021-08-31T06:51:54
9.60234	-49.54492	0	47	2021-08-31T06:56:55
9.60195	-49.54495	0	47	2021-08-31T07:01:53
9.60145	-49.54501	0	47	2021-08-31T07:07:24
9.60105	-49.54501	0	47	2021-08-31T07:11:54
9.60058	-49.54501	0	47	2021-08-31T07:16:54
9.60011	-49.54510	0	47	2021-08-31T07:21:54
9.59944	-49.54520	0	47	2021-08-31T07:26:55
9.59875	-49.54514	0	47	2021-08-31T07:31:53
9.59806	-49.54501	0	47	2021-08-31T07:36:54
9.59725	-49.54501	0	47	2021-08-31T07:41:52
9.59643	-49.54498	0	47	2021-08-31T07:46:53
9.59561	-49.54492	0	47	2021-08-31T07:51:54
9.59484	-49.54492	0	47	2021-08-31T07:56:54
9.59404	-49.54492	0	47	2021-08-31T08:01:57
9.59310	-49.54504	0	47	2021-08-31T08:07:26
9.59238	-49.54514	0	47	2021-08-31T08:11:55
9.59154	-49.54544	0	47	2021-08-31T08:16:57
9.59097	-49.54572	0	47	2021-08-31T08:21:54
9.59038	-49.54593	0	47	2021-08-31T08:26:56
9.58982	-49.54617	0	47	2021-08-31T08:31:57
9.58913	-49.54636	0	47	2021-08-31T08:36:56
9.58840	-49.54654	0	47	2021-08-31T08:41:54
9.58771	-49.54678	0	47	2021-08-31T08:46:55
9.58718	-49.54703	0	47	2021-08-31T08:51:54
9.58649	-49.54736	0	47	2021-08-31T08:56:56
9.58588	-49.54764	0	47	2021-08-31T09:01:54
9.58525	-49.54796	0	47	2021-08-31T09:06:58
9.58493	-49.54800	0	47	2021-08-31T09:11:56
9.58451	-49.54822	0	47	2021-08-31T09:16:59
9.58395	-49.54834	0	47	2021-08-31T09:21:59
9.58334	-49.54840	0	47	2021-08-31T09:26:58
9.58283	-49.54840	0	47	2021-08-31T09:31:58
9.58219	-49.54849	0	47	2021-08-31T09:36:59
9.58165	-49.54858	0	47	2021-08-31T09:41:59
9.58085	-49.54880	0	47	2021-08-31T09:47:00
9.58029	-49.54883	0	47	2021-08-31T09:51:58
9.57963	-49.54907	0	47	2021-08-31T09:56:59
9.57904	-49.54919	0	47	2021-08-31T10:02:02
9.57826	-49.54945	0	47	2021-08-31T10:07:01
9.57770	-49.54962	0	47	2021-08-31T10:12:01
9.57701	-49.54971	0	47	2021-08-31T10:17:01
9.57643	-49.54980	0	47	2021-08-31T10:21:59
9.57602	-49.55002	0	47	2021-08-31T10:27:00
9.57534	-49.55018	0	47	2021-08-31T10:32:01
9.57461	-49.55035	0	47	2021-08-31T10:37:02
9.57376	-49.55048	0	47	2021-08-31T10:42:01
9.57300	-49.55061	0	47	2021-08-31T10:47:04
9.57249	-49.55070	0	47	2021-08-31T10:52:04
9.57175	-49.55096	0	47	2021-08-31T10:57:04
9.57132	-49.55115	0	47	2021-08-31T11:02:02
9.57076	-49.55124	0	47	2021-08-31T11:07:29
9.57029	-49.55142	0	47	2021-08-31T11:12:05
9.56957	-49.55176	0	47	2021-08-31T11:17:05
9.56898	-49.55191	0	47	2021-08-31T11:22:06
9.56841	-49.55206	0	47	2021-08-31T11:27:05
9.56776	-49.55197	0	47	2021-08-31T11:32:07
9.56701	-49.55200	0	47	2021-08-31T11:37:08
9.56625	-49.55200	0	47	2021-08-31T11:42:08
9.56556	-49.55206	0	47	2021-08-31T11:47:10
9.56513	-49.55212	0	47	2021-08-31T11:52:08
9.56457	-49.55240	0	47	2021-08-31T11:57:12
9.56410	-49.55240	0	47	2021-08-31T12:02:13
9.56345	-49.55249	0	47	2021-08-31T12:07:26
9.56282	-49.55252	0	47	2021-08-31T12:12:14
9.56213	-49.55258	0	47	2021-08-31T12:17:12
9.56150	-49.55276	0	47	2021-08-31T12:22:11
9.56077	-49.55289	0	47	2021-08-31T12:27:12
9.56002	-49.55313	0	47	2021-08-31T12:32:14
9.55915	-49.55347	0	47	2021-08-31T12:37:15
9.55817	-49.55406	0	47	2021-08-31T12:42:12
9.55723	-49.55457	0	47	2021-08-31T12:47:13
9.55641	-49.55515	0	47	2021-08-31T12:52:14
9.55563	-49.55576	0	47	2021-08-31T12:57:14
9.55498	-49.55615	0	47	2021-08-31T13:02:41
9.55434	-49.55658	0	47	2021-08-31T13:07:40
9.55362	-49.55704	0	47	2021-08-31T13:12:12
9.55294	-49.55750	0	47	2021-08-31T13:17:13
9.55240	-49.55786	0	47	2021-08-31T13:22:15
9.55179	-49.55817	0	47	2021-08-31T13:27:12
9.55103	-49.55862	0	47	2021-08-31T13:32:11
9.55028	-49.55908	0	47	2021-08-31T13:37:12
9.54942	-49.55951	0	47	2021-08-31T13:42:11
9.54856	-49.55994	0	47	2021-08-31T13:47:11
9.54777	-49.56030	0	47	2021-08-31T13:52:15
9.54692	-49.56079	0	47	2021-08-31T13:57:13
9.54602	-49.56125	0	47	2021-08-31T14:02:13
9.54507	-49.56161	0	47	2021-08-31T14:07:38
9.54421	-49.56204	0	47	2021-08-31T14:12:14
9.54341	-49.56250	0	47	2021-08-31T14:17:16
9.54246	-49.56313	0	47	2021-08-31T14:22:17
9.54163	-49.56364	0	47	2021-08-31T14:27:17
9.54082	-49.56424	0	47	2021-08-31T14:32:16
9.53993	-49.56485	0	47	2021-08-31T14:37:19
9.53921	-49.56540	0	47	2021-08-31T14:42:17
9.53846	-49.56598	0	47	2021-08-31T14:47:20
9.53773	-49.56660	0	47	2021-08-31T14:52:22
9.53710	-49.56720	0	47	2021-08-31T14:57:22
9.53651	-49.56790	0	47	2021-08-31T15:02:21
9.53583	-49.56879	0	47	2021-08-31T15:07:57
9.53520	-49.56964	0	47	2021-08-31T15:12:23
9.53452	-49.57061	0	47	2021-08-31T15:17:27
9.53392	-49.57147	0	47	2021-08-31T15:22:28
9.53325	-49.57256	0	47	2021-08-31T15:27:27
9.53276	-49.57336	0	47	2021-08-31T15:32:25
9.53223	-49.57428	0	47	2021-08-31T15:37:26
9.53172	-49.57513	0	47	2021-08-31T15:42:28
9.53114	-49.57593	0	47	2021-08-31T15:47:28
9.53070	-49.57669	0	47	2021-08-31T15:52:25
9.53017	-49.57751	0	47	2021-08-31T15:57:25
9.52970	-49.57840	0	47	2021-08-31T16:02:30
9.52913	-49.57944	0	47	2021-08-31T16:07:55
9.52876	-49.58026	0	47	2021-08-31T16:12:27
9.52851	-49.58105	0	47	2021-08-31T16:17:29
9.52821	-49.58185	0	47	2021-08-31T16:22:26
9.52807	-49.58258	0	47	2021-08-31T16:27:27
9.52790	-49.58320	0	47	2021-08-31T16:32:24
9.52773	-49.58389	0	47	2021-08-31T16:37:25
9.52750	-49.58456	0	47	2021-08-31T16:42:22
9.52704	-49.58527	0	47	2021-08-31T16:47:23
9.52657	-49.58599	0	47	2021-08-31T16:52:20
9.52605	-49.58676	0	47	2021-08-31T16:57:20
9.52539	-49.58752	0	47	2021-08-31T17:02:18
9.52491	-49.58835	0	47	2021-08-31T17:07:56
9.52448	-49.58899	0	47	2021-08-31T17:12:22
9.52394	-49.58969	0	47	2021-08-31T17:17:20
9.52352	-49.59036	0	47	2021-08-31T17:22:18
9.52307	-49.59109	0	47	2021-08-31T17:27:19
9.52285	-49.59188	0	47	2021-08-31T17:32:19
9.52281	-49.59265	0	47	2021-08-31T17:37:20
9.52277	-49.59344	0	47	2021-08-31T17:42:17
9.52255	-49.59412	0	47	2021-08-31T17:47:18
9.52209	-49.59485	0	47	2021-08-31T17:52:17
9.52169	-49.59558	0	47	2021-08-31T17:57:18
9.52131	-49.59622	0	47	2021-08-31T18:02:20
9.52094	-49.59714	0	47	2021-08-31T18:07:55
9.52065	-49.59797	0	47	2021-08-31T18:12:19
9.52044	-49.59866	0	47	2021-08-31T18:17:19
9.52023	-49.59940	0	47	2021-08-31T18:22:23
9.52007	-49.60007	0	47	2021-08-31T18:27:21
9.51990	-49.60071	0	47	2021-08-31T18:32:21
9.51976	-49.60135	0	47	2021-08-31T18:37:22
9.51957	-49.60192	0	47	2021-08-31T18:42:23
9.51948	-49.60252	0	47	2021-08-31T18:47:24
9.51934	-49.60312	0	47	2021-08-31T18:52:24
9.51919	-49.60373	0	47	2021-08-31T18:57:26
9.51895	-49.60432	0	47	2021-08-31T19:02:57
9.51878	-49.60483	0	47	2021-08-31T19:07:57
9.51859	-49.60541	0	47	2021-08-31T19:12:28
9.51859	-49.60590	0	47	2021-08-31T19:17:26
9.51842	-49.60655	0	47	2021-08-31T19:22:25
9.51825	-49.60706	0	47	2021-08-31T19:27:24
9.51801	-49.60767	0	47	2021-08-31T19:32:27
9.51787	-49.60828	0	47	2021-08-31T19:37:25
9.51774	-49.60892	0	47	2021-08-31T19:42:26
9.51770	-49.60944	0	47	2021-08-31T19:47:22
9.51764	-49.61008	0	47	2021-08-31T19:52:26
9.51760	-49.61080	0	47	2021-08-31T19:57:58
9.51764	-49.61149	0	47	2021-08-31T20:02:57
9.51781	-49.61218	0	47	2021-08-31T20:07:57
9.51819	-49.61276	0	47	2021-08-31T20:12:27
9.51863	-49.61353	0	47	2021-08-31T20:17:25
9.51870	-49.61431	0	47	2021-08-31T20:22:29
9.51849	-49.61517	0	47	2021-08-31T20:27:30
9.51843	-49.61597	0	47	2021-08-31T20:32:27
9.51820	-49.61682	0	47	2021-08-31T20:37:28
9.51756	-49.61777	0	47	2021-08-31T20:42:29
9.51690	-49.61862	0	47	2021-08-31T20:47:30
9.51646	-49.61954	0	47	2021-08-31T20:52:30
9.51606	-49.62052	0	47	2021-08-31T20:57:30
9.51563	-49.62146	0	47	2021-08-31T21:02:29
9.51514	-49.62250	0	47	2021-08-31T21:08:27
9.51473	-49.62327	0	47	2021-08-31T21:12:32
9.51413	-49.62421	0	47	2021-08-31T21:17:31
9.51355	-49.62509	0	47	2021-08-31T21:22:32
9.51286	-49.62610	0	47	2021-08-31T21:27:32
9.51225	-49.62714	0	47	2021-08-31T21:32:33
9.51178	-49.62808	0	47	2021-08-31T21:37:33
9.51113	-49.62894	0	47	2021-08-31T21:42:32
9.51042	-49.62979	0	47	2021-08-31T21:47:35
9.50977	-49.63068	0	47	2021-08-31T21:52:33
9.50902	-49.63147	0	47	2021-08-31T21:57:34
9.50836	-49.63211	0	47	2021-08-31T22:02:35
9.50782	-49.63281	0	47	2021-08-31T22:07:55
9.50719	-49.63347	0	47	2021-08-31T22:12:32
9.50664	-49.63407	0	47	2021-08-31T22:17:33
9.50595	-49.63467	0	47	2021-08-31T22:22:33
9.50538	-49.63528	0	47	2021-08-31T22:27:34
9.50478	-49.63600	0	47	2021-08-31T22:32:34
9.50431	-49.63660	0	47	2021-08-31T22:37:33
9.50395	-49.63708	0	47	2021-08-31T22:42:36
9.50365	-49.63766	0	47	2021-08-31T22:47:34
9.50337	-49.63829	0	47	2021-08-31T22:52:35
9.50295	-49.63885	0	47	2021-08-31T22:57:36
9.50247	-49.63940	0	47	2021-08-31T23:02:34
9.50189	-49.64011	0	47	2021-08-31T23:07:56
9.50148	-49.64082	0	47	2021-08-31T23:12:38
9.50122	-49.64133	0	47	2021-08-31T23:17:38
9.50067	-49.64200	0	47	2021-08-31T23:22:41
9.50009	-49.64268	0	47	2021-08-31T23:27:41
9.49962	-49.64328	0	47	2021-08-31T23:32:41
9.49944	-49.64371	0	47	2021-08-31T23:37:42
9.49910	-49.64407	0	47	2021-08-31T23:42:40
9.49867	-49.64438	0	47	2021-08-31T23:47:38
9.49813	-49.64478	0	47	2021-08-31T23:52:40
9.49743	-49.64514	0	47	2021-08-31T23:57:39
9.49689	-49.64545	0	47	2021-09-01T00:02:40
9.49602	-49.64575	0	47	2021-09-01T00:08:24
9.49550	-49.64639	0	47	2021-09-01T00:12:37
9.49477	-49.64706	0	47	2021-09-01T00:17:38
9.49427	-49.64786	0	47	2021-09-01T00:22:38
9.49381	-49.64859	0	47	2021-09-01T00:27:36
9.49341	-49.64944	0	47	2021-09-01T00:32:34
9.49294	-49.65021	0	47	2021-09-01T00:37:34
9.49245	-49.65106	0	47	2021-09-01T00:42:31
9.49189	-49.65192	0	47	2021-09-01T00:47:31
9.49149	-49.65268	0	47	2021-09-01T00:52:32
9.49109	-49.65347	0	47	2021-09-01T00:57:33
9.49061	-49.65442	0	47	2021-09-01T01:02:35
9.49037	-49.65515	0	47	2021-09-01T01:07:57
9.49013	-49.65594	0	47	2021-09-01T01:12:31
9.48991	-49.65677	0	47	2021-09-01T01:17:33
9.48973	-49.65765	0	47	2021-09-01T01:22:31
9.48952	-49.65851	0	47	2021-09-01T01:27:31
9.48928	-49.65930	0	47	2021-09-01T01:32:34
9.48902	-49.66000	0	47	2021-09-01T01:37:33
9.48865	-49.66072	0	47	2021-09-01T01:42:34
9.48845	-49.66141	0	47	2021-09-01T01:47:34
9.48802	-49.66214	0	47	2021-09-01T01:52:32
9.48778	-49.66287	0	47	2021-09-01T01:57:35
9.48704	-49.66436	0	47	2021-09-01T02:07:34
9.48670	-49.66496	0	47	2021-09-01T02:12:35
9.48649	-49.66547	0	47	2021-09-01T02:17:35
9.48621	-49.66599	0	47	2021-09-01T02:22:37
9.48607	-49.66653	0	47	2021-09-01T02:27:34
9.48592	-49.66705	0	47	2021-09-01T02:32:33
9.48570	-49.66754	0	47	2021-09-01T02:37:35
9.48446	-49.66928	0	47	2021-09-01T02:52:38
9.48401	-49.66971	0	47	2021-09-01T02:57:36
9.48339	-49.67014	0	47	2021-09-01T03:02:39
9.48279	-49.67044	0	47	2021-09-01T03:08:26
9.48227	-49.67081	0	47	2021-09-01T03:12:40
9.48154	-49.67120	0	47	2021-09-01T03:17:39
9.48094	-49.67160	0	47	2021-09-01T03:22:44
9.48035	-49.67197	0	47	2021-09-01T03:27:44
9.47988	-49.67224	0	47	2021-09-01T03:32:45
9.47938	-49.67258	0	47	2021-09-01T03:37:45
9.47889	-49.67291	0	47	2021-09-01T03:42:43
9.47854	-49.67313	0	47	2021-09-01T03:47:44
9.47826	-49.67338	0	47	2021-09-01T03:52:56
9.47800	-49.67364	0	47	2021-09-01T03:57:57
9.47791	-49.67407	0	47	2021-09-01T04:02:57
9.47781	-49.67447	0	47	2021-09-01T04:08:06
9.47765	-49.67487	0	47	2021-09-01T04:12:43
9.47752	-49.67538	0	47	2021-09-01T04:17:42
9.47751	-49.67593	0	47	2021-09-01T04:22:41
9.47753	-49.67678	0	47	2021-09-01T04:27:42
9.47758	-49.67738	0	47	2021-09-01T04:32:42
9.47758	-49.67789	0	47	2021-09-01T04:37:41
9.47755	-49.67850	0	47	2021-09-01T04:42:40
9.47775	-49.67920	0	47	2021-09-01T04:47:41
9.47798	-49.67996	0	47	2021-09-01T04:52:35
9.47819	-49.68073	0	47	2021-09-01T04:57:36
9.47859	-49.68147	0	47	2021-09-01T05:02:55
9.47906	-49.68216	0	47	2021-09-01T05:07:54
9.47941	-49.68289	0	47	2021-09-01T05:12:35
9.48001	-49.68347	0	47	2021-09-01T05:17:32
9.48049	-49.68431	0	47	2021-09-01T05:22:33
9.48105	-49.68491	0	47	2021-09-01T05:27:33
9.48161	-49.68562	0	47	2021-09-01T05:32:37
9.48217	-49.68622	0	47	2021-09-01T05:37:36
9.48279	-49.68680	0	47	2021-09-01T05:42:37
9.48353	-49.68723	0	47	2021-09-01T05:47:37
9.48427	-49.68781	0	47	2021-09-01T05:52:40
9.48490	-49.68839	0	47	2021-09-01T05:57:36
9.48550	-49.68910	0	47	2021-09-01T06:02:56
9.48619	-49.68961	0	47	2021-09-01T06:07:56
9.48682	-49.69022	0	47	2021-09-01T06:12:44
9.48746	-49.69092	0	47	2021-09-01T06:17:43
9.48797	-49.69180	0	47	2021-09-01T06:22:44
9.48840	-49.69257	0	47	2021-09-01T06:27:44
9.48863	-49.69357	0	47	2021-09-01T06:32:44
9.48895	-49.69449	0	47	2021-09-01T06:37:42
9.48933	-49.69535	0	47	2021-09-01T06:42:43
9.48963	-49.69604	0	47	2021-09-01T06:47:43
9.49004	-49.69681	0	47	2021-09-01T06:52:47
9.49041	-49.69748	0	47	2021-09-01T06:57:45
9.49075	-49.69800	0	47	2021-09-01T07:02:47
9.49105	-49.69867	0	47	2021-09-01T07:08:26
9.49142	-49.69907	0	47	2021-09-01T07:12:48
9.49194	-49.69949	0	47	2021-09-01T07:17:49
9.49250	-49.69987	0	47	2021-09-01T07:22:52
9.49294	-49.70030	0	47	2021-09-01T07:27:51
9.49328	-49.70081	0	47	2021-09-01T07:32:51
9.49367	-49.70129	0	47	2021-09-01T07:37:49
9.49414	-49.70181	0	47	2021-09-01T07:42:48
9.49457	-49.70224	0	47	2021-09-01T07:47:47
9.49555	-49.70300	0	47	2021-09-01T07:58:23
9.49601	-49.70328	0	47	2021-09-01T08:02:51
9.49653	-49.70377	0	47	2021-09-01T08:08:24
9.49689	-49.70410	0	47	2021-09-01T08:12:50
9.49732	-49.70450	0	47	2021-09-01T08:17:52
9.49764	-49.70496	0	47	2021-09-01T08:22:52
9.49810	-49.70548	0	47	2021-09-01T08:27:57
9.49853	-49.70599	0	47	2021-09-01T08:32:57
9.49901	-49.70654	0	47	2021-09-01T08:37:54
9.49943	-49.70712	0	47	2021-09-01T08:42:51
9.49991	-49.70770	0	47	2021-09-01T08:47:52
9.50034	-49.70834	0	47	2021-09-01T08:52:53
9.50066	-49.70901	0	47	2021-09-01T08:57:50
9.50112	-49.70963	0	47	2021-09-01T09:02:47
9.50151	-49.71045	0	47	2021-09-01T09:08:26
9.50192	-49.71101	0	47	2021-09-01T09:12:52
9.50217	-49.71152	0	47	2021-09-01T09:17:51
9.50256	-49.71204	0	47	2021-09-01T09:22:51
9.50294	-49.71246	0	47	2021-09-01T09:27:54
9.50329	-49.71289	0	47	2021-09-01T09:32:52
9.50352	-49.71326	0	47	2021-09-01T09:37:56
9.50386	-49.71353	0	47	2021-09-01T09:42:54
9.50406	-49.71384	0	47	2021-09-01T09:47:55
9.50426	-49.71413	0	47	2021-09-01T09:52:52
9.50435	-49.71439	0	47	2021-09-01T09:57:53
9.50456	-49.71463	0	47	2021-09-01T10:02:54
9.50479	-49.71484	0	47	2021-09-01T10:08:25
9.50491	-49.71517	0	47	2021-09-01T10:12:55
9.50503	-49.71551	0	47	2021-09-01T10:17:56
9.50508	-49.71585	0	47	2021-09-01T10:22:56
9.50525	-49.71625	0	47	2021-09-01T10:27:54
9.50548	-49.71655	0	47	2021-09-01T10:32:51
9.50567	-49.71714	0	47	2021-09-01T10:37:52
9.50597	-49.71740	0	47	2021-09-01T10:42:52
9.50618	-49.71774	0	47	2021-09-01T10:47:51
9.50685	-49.71835	0	47	2021-09-01T10:58:26
9.50719	-49.71861	0	47	2021-09-01T11:03:27
9.50758	-49.71887	0	47	2021-09-01T11:08:27
9.50786	-49.71902	0	47	2021-09-01T11:12:49
9.50820	-49.71906	0	47	2021-09-01T11:17:48
9.50859	-49.71906	0	47	2021-09-01T11:22:48
9.50895	-49.71909	0	47	2021-09-01T11:27:49
9.50930	-49.71909	0	47	2021-09-01T11:32:49
9.51008	-49.71899	0	47	2021-09-01T11:42:48
9.51042	-49.71890	0	47	2021-09-01T11:47:49
9.51068	-49.71881	0	47	2021-09-01T11:52:49
9.51094	-49.71863	0	47	2021-09-01T11:57:51
9.51122	-49.71841	0	47	2021-09-01T12:02:54
9.51160	-49.71805	0	47	2021-09-01T12:08:26
9.51195	-49.71780	0	47	2021-09-01T12:12:52
9.51228	-49.71753	0	47	2021-09-01T12:17:54
9.51268	-49.71725	0	47	2021-09-01T12:22:55
9.51303	-49.71716	0	47	2021-09-01T12:27:55
9.51333	-49.71716	0	47	2021-09-01T12:32:55
9.51366	-49.71713	0	47	2021-09-01T12:37:53
9.51399	-49.71707	0	47	2021-09-01T12:42:51
9.51417	-49.71713	0	47	2021-09-01T12:47:51
9.51430	-49.71713	0	47	2021-09-01T12:52:52
9.51445	-49.71722	0	47	2021-09-01T12:57:53
9.51467	-49.71735	0	47	2021-09-01T13:02:56
9.51479	-49.71735	0	47	2021-09-01T13:07:55
9.51493	-49.71744	0	47	2021-09-01T13:12:55
9.51516	-49.71750	0	47	2021-09-01T13:17:57
9.51538	-49.71768	0	47	2021-09-01T13:22:57
9.51559	-49.71790	0	47	2021-09-01T13:27:59
9.51586	-49.71814	0	47	2021-09-01T13:32:59
9.51631	-49.71879	0	47	2021-09-01T13:43:04
9.51661	-49.71905	0	47	2021-09-01T13:48:05
9.51687	-49.71939	0	47	2021-09-01T13:53:05
9.51718	-49.71970	0	47	2021-09-01T13:58:03
9.51744	-49.71982	0	47	2021-09-01T14:03:01
9.51760	-49.72018	0	47	2021-09-01T14:08:27
9.51770	-49.72052	0	47	2021-09-01T14:13:02
9.51774	-49.72092	0	47	2021-09-01T14:18:03
9.51777	-49.72137	0	47	2021-09-01T14:23:04
9.51781	-49.72180	0	47	2021-09-01T14:28:04
9.51746	-49.72235	0	47	2021-09-01T14:32:58
9.51693	-49.72299	0	47	2021-09-01T14:38:02
9.51631	-49.72388	0	47	2021-09-01T14:48:01
9.51608	-49.72415	0	47	2021-09-01T14:53:01
9.51566	-49.72473	0	47	2021-09-01T14:58:02
9.51529	-49.72510	0	47	2021-09-01T15:02:59
9.51487	-49.72559	0	47	2021-09-01T15:08:27
9.51451	-49.72604	0	47	2021-09-01T15:12:57
9.51396	-49.72669	0	47	2021-09-01T15:17:56
9.51340	-49.72720	0	47	2021-09-01T15:22:55
9.51296	-49.72769	0	47	2021-09-01T15:27:56
9.51228	-49.72827	0	47	2021-09-01T15:32:55
9.51199	-49.72879	0	47	2021-09-01T15:37:54
9.51182	-49.72922	0	47	2021-09-01T15:42:54
9.51160	-49.72968	0	47	2021-09-01T15:47:58
9.51122	-49.73023	0	47	2021-09-01T15:53:04
9.51079	-49.73074	0	47	2021-09-01T15:58:04
9.51052	-49.73117	0	47	2021-09-01T16:03:04
9.51069	-49.73141	0	47	2021-09-01T16:08:26
9.51050	-49.73187	0	47	2021-09-01T16:12:59
9.51024	-49.73245	0	47	2021-09-01T16:18:01
9.50980	-49.73312	0	47	2021-09-01T16:23:01
9.50934	-49.73376	0	47	2021-09-01T16:28:02
9.50883	-49.73507	0	47	2021-09-01T16:38:06
9.50874	-49.73550	0	47	2021-09-01T16:43:05
9.50874	-49.73593	0	47	2021-09-01T16:48:05
9.50874	-49.73645	0	47	2021-09-01T16:53:06
9.50883	-49.73703	0	47	2021-09-01T16:58:07
9.50916	-49.73749	0	47	2021-09-01T17:03:08
9.50944	-49.73795	0	47	2021-09-01T17:08:27
9.50960	-49.73840	0	47	2021-09-01T17:13:10
9.50962	-49.73898	0	47	2021-09-01T17:18:06
9.50979	-49.73950	0	47	2021-09-01T17:23:07
9.50994	-49.74014	0	47	2021-09-01T17:28:08
9.51013	-49.74066	0	47	2021-09-01T17:33:10
9.51047	-49.74109	0	47	2021-09-01T17:38:10
9.51085	-49.74152	0	47	2021-09-01T17:43:11
9.51141	-49.74193	0	47	2021-09-01T17:48:09
9.51192	-49.74219	0	47	2021-09-01T17:53:09
9.51246	-49.74243	0	47	2021-09-01T17:58:12
9.51279	-49.74286	0	47	2021-09-01T18:03:10
9.51310	-49.74319	0	47	2021-09-01T18:08:56
9.51329	-49.74341	0	47	2021-09-01T18:13:12
9.51348	-49.74380	0	47	2021-09-01T18:18:14
9.51373	-49.74411	0	47	2021-09-01T18:23:14
9.51394	-49.74448	0	47	2021-09-01T18:28:15
9.51423	-49.74469	0	47	2021-09-01T18:33:16
9.51465	-49.74484	0	47	2021-09-01T18:38:15
9.51553	-49.74518	0	47	2021-09-01T18:48:15
9.51609	-49.74550	0	47	2021-09-01T18:53:16
9.51665	-49.74567	0	47	2021-09-01T18:58:16
9.51709	-49.74585	0	47	2021-09-01T19:03:16
9.51754	-49.74611	0	47	2021-09-01T19:08:18
9.51788	-49.74628	0	47	2021-09-01T19:13:19
9.51831	-49.74637	0	47	2021-09-01T19:18:19
9.51924	-49.74677	0	47	2021-09-01T19:28:18
9.51967	-49.74686	0	47	2021-09-01T19:33:18
9.52006	-49.74686	0	47	2021-09-01T19:38:19
9.52037	-49.74692	0	47	2021-09-01T19:43:20
9.52078	-49.74686	0	47	2021-09-01T19:48:23
9.52112	-49.74686	0	47	2021-09-01T19:53:22
9.52142	-49.74689	0	47	2021-09-01T19:58:21
9.52183	-49.74687	0	47	2021-09-01T20:03:24
9.52210	-49.74670	0	47	2021-09-01T20:08:24
9.52227	-49.74670	0	47	2021-09-01T20:13:25
9.52253	-49.74661	0	47	2021-09-01T20:18:26
9.52274	-49.74661	0	47	2021-09-01T20:23:27
9.52291	-49.74661	0	47	2021-09-01T20:28:27
9.52326	-49.74643	0	47	2021-09-01T20:33:25
9.52370	-49.74634	0	47	2021-09-01T20:38:26
9.52402	-49.74628	0	47	2021-09-01T20:43:25
9.52439	-49.74606	0	47	2021-09-01T20:48:26
9.52487	-49.74591	0	47	2021-09-01T20:53:24
9.52521	-49.74576	0	47	2021-09-01T20:58:25
9.52555	-49.74582	0	47	2021-09-01T21:03:22
9.52589	-49.74579	0	47	2021-09-01T21:08:57
9.52619	-49.74582	0	47	2021-09-01T21:13:24
9.52652	-49.74588	0	47	2021-09-01T21:18:23
9.52684	-49.74591	0	47	2021-09-01T21:23:21
9.52718	-49.74585	0	47	2021-09-01T21:28:22
9.52760	-49.74573	0	47	2021-09-01T21:33:20
9.52793	-49.74564	0	47	2021-09-01T21:38:23
9.52826	-49.74542	0	47	2021-09-01T21:43:21
9.52861	-49.74533	0	47	2021-09-01T21:48:22
9.52893	-49.74530	0	47	2021-09-01T21:53:23
9.52928	-49.74527	0	47	2021-09-01T21:58:24
9.52962	-49.74518	0	47	2021-09-01T22:03:24
9.53013	-49.74533	0	47	2021-09-01T22:08:55
9.53049	-49.74527	0	47	2021-09-01T22:13:19
9.53145	-49.74518	0	47	2021-09-01T22:23:20
9.53192	-49.74518	0	47	2021-09-01T22:28:21
9.53236	-49.74518	0	47	2021-09-01T22:33:21
9.53290	-49.74524	0	47	2021-09-01T22:38:23
9.53342	-49.74524	0	47	2021-09-01T22:43:23
9.53392	-49.74524	0	47	2021-09-01T22:48:25
9.53448	-49.74521	0	47	2021-09-01T22:53:22
9.53511	-49.74512	0	47	2021-09-01T22:58:26
9.53562	-49.74512	0	47	2021-09-01T23:03:27
9.53622	-49.74496	0	47	2021-09-01T23:08:56
9.53669	-49.74481	0	47	2021-09-01T23:13:28
9.53712	-49.74460	0	47	2021-09-01T23:18:26
9.53759	-49.74437	0	47	2021-09-01T23:23:27
9.53806	-49.74411	0	47	2021-09-01T23:28:27
9.53861	-49.74380	0	47	2021-09-01T23:33:28
9.53916	-49.74359	0	47	2021-09-01T23:38:29
9.53972	-49.74332	0	47	2021-09-01T23:43:27
9.54022	-49.74310	0	47	2021-09-01T23:48:27
9.54059	-49.74292	0	47	2021-09-01T23:53:29
9.54102	-49.74271	0	47	2021-09-01T23:58:32
9.54152	-49.74228	0	47	2021-09-02T00:03:30
9.54209	-49.74196	0	47	2021-09-02T00:08:31
9.54252	-49.74170	0	47	2021-09-02T00:13:31
9.54304	-49.74139	0	47	2021-09-02T00:18:33
9.54355	-49.74100	0	47	2021-09-02T00:23:32
9.54396	-49.74063	0	47	2021-09-02T00:28:30
9.54432	-49.74026	0	47	2021-09-02T00:33:31
9.54463	-49.73990	0	47	2021-09-02T00:38:29
9.54482	-49.73953	0	47	2021-09-02T00:43:32
9.54512	-49.73902	0	47	2021-09-02T00:48:33
9.54533	-49.73868	0	47	2021-09-02T00:53:33
9.54557	-49.73828	0	47	2021-09-02T00:58:35
9.54579	-49.73792	0	47	2021-09-02T01:03:33
9.54589	-49.73755	0	47	2021-09-02T01:08:33
9.54593	-49.73738	0	47	2021-09-02T01:13:34
9.54593	-49.73712	0	47	2021-09-02T01:18:34
9.54595	-49.73688	0	47	2021-09-02T01:23:35
9.54621	-49.73621	0	47	2021-09-02T01:33:33
9.54625	-49.73602	0	47	2021-09-02T01:38:31
9.54631	-49.73572	0	47	2021-09-02T01:43:34
9.54649	-49.73532	0	47	2021-09-02T01:48:31
9.54653	-49.73523	0	47	2021-09-02T01:53:30
9.54670	-49.73523	0	47	2021-09-02T01:58:30
9.54693	-49.73508	0	47	2021-09-02T02:03:31
9.54716	-49.73486	0	47	2021-09-02T02:09:23
9.54731	-49.73474	0	47	2021-09-02T02:13:30
9.54753	-49.73468	0	47	2021-09-02T02:18:30
9.54770	-49.73462	0	47	2021-09-02T02:23:31
9.54771	-49.73447	0	47	2021-09-02T02:28:27
9.54775	-49.73438	0	47	2021-09-02T02:33:28
9.54809	-49.73412	0	47	2021-09-02T02:43:23
9.54822	-49.73403	0	47	2021-09-02T02:48:23
9.54831	-49.73386	0	47	2021-09-02T02:53:23
9.54834	-49.73372	0	47	2021-09-02T02:58:24
9.54834	-49.73355	0	47	2021-09-02T03:03:23
9.54832	-49.73334	0	47	2021-09-02T03:08:56
9.54829	-49.73308	0	47	2021-09-02T03:13:24
9.54815	-49.73282	0	47	2021-09-02T03:18:24
9.54808	-49.73248	0	47	2021-09-02T03:23:25
9.54796	-49.73209	0	47	2021-09-02T03:28:25
9.54784	-49.73160	0	47	2021-09-02T03:33:26
9.54773	-49.73120	0	47	2021-09-02T03:38:25
9.54770	-49.73087	0	47	2021-09-02T03:43:24
9.54762	-49.73065	0	47	2021-09-02T03:48:25
9.54751	-49.72957	0	47	2021-09-02T04:03:23
9.54747	-49.72914	0	47	2021-09-02T04:08:22
9.54743	-49.72888	0	47	2021-09-02T04:13:23
9.54735	-49.72853	0	47	2021-09-02T04:18:23
9.54726	-49.72827	0	47	2021-09-02T04:23:24
9.54718	-49.72797	0	47	2021-09-02T04:28:22
9.54718	-49.72778	0	47	2021-09-02T04:33:23
9.54728	-49.72763	0	47	2021-09-02T04:38:23
9.54734	-49.72748	0	47	2021-09-02T04:43:24
9.54737	-49.72745	0	47	2021-09-02T04:48:25
9.54743	-49.72748	0	47	2021-09-02T04:53:24
9.54744	-49.72748	0	47	2021-09-02T05:03:24
9.54756	-49.72739	0	47	2021-09-02T05:09:26
9.54762	-49.72726	0	47	2021-09-02T05:13:25
9.54771	-49.72711	0	47	2021-09-02T05:18:26
9.54787	-49.72690	0	47	2021-09-02T05:23:27
9.54808	-49.72664	0	47	2021-09-02T05:28:30
9.54834	-49.72638	0	47	2021-09-02T05:33:29
9.54864	-49.72600	0	47	2021-09-02T05:38:29
9.54885	-49.72574	0	47	2021-09-02T05:43:30
9.54911	-49.72534	0	47	2021-09-02T05:48:31
9.54939	-49.72501	0	47	2021-09-02T05:53:29
9.54963	-49.72458	0	47	2021-09-02T05:58:30
9.54983	-49.72412	0	47	2021-09-02T06:03:30
9.55011	-49.72347	0	47	2021-09-02T06:08:29
9.55031	-49.72296	0	47	2021-09-02T06:13:28
9.55050	-49.72229	0	47	2021-09-02T06:18:28
9.55067	-49.72168	0	47	2021-09-02T06:23:29
9.55078	-49.72112	0	47	2021-09-02T06:28:30
9.55092	-49.72061	0	47	2021-09-02T06:33:30
9.55103	-49.72015	0	47	2021-09-02T06:38:28
9.55111	-49.71970	0	47	2021-09-02T06:43:29
9.55125	-49.71921	0	47	2021-09-02T06:48:30
9.55138	-49.71878	0	47	2021-09-02T06:53:30
9.55155	-49.71835	0	47	2021-09-02T06:58:30
9.55172	-49.71786	0	47	2021-09-02T07:03:32
9.55189	-49.71735	0	47	2021-09-02T07:08:56
9.55200	-49.71686	0	47	2021-09-02T07:13:33
9.55213	-49.71634	0	47	2021-09-02T07:18:31
9.55223	-49.71579	0	47	2021-09-02T07:23:32
9.55240	-49.71519	0	47	2021-09-02T07:28:33
9.55265	-49.71459	0	47	2021-09-02T07:33:33
9.55292	-49.71408	0	47	2021-09-02T07:38:34
9.55321	-49.71350	0	47	2021-09-02T07:43:31
9.55347	-49.71289	0	47	2021-09-02T07:48:31
9.55364	-49.71222	0	47	2021-09-02T07:53:32
9.55378	-49.71161	0	47	2021-09-02T07:58:33
9.55402	-49.71097	0	47	2021-09-02T08:03:34
9.55434	-49.71030	0	47	2021-09-02T08:08:56
9.55448	-49.70987	0	47	2021-09-02T08:13:30
9.55460	-49.70923	0	47	2021-09-02T08:18:29
9.55476	-49.70862	0	47	2021-09-02T08:23:31
9.55484	-49.70792	0	47	2021-09-02T08:28:28
9.55495	-49.70731	0	47	2021-09-02T08:33:29
9.55507	-49.70670	0	47	2021-09-02T08:38:32
9.55519	-49.70605	0	47	2021-09-02T08:43:30
9.55538	-49.70541	0	47	2021-09-02T08:48:27
9.55552	-49.70477	0	47	2021-09-02T08:53:29
9.55565	-49.70418	0	47	2021-09-02T08:58:29
9.55569	-49.70367	0	47	2021-09-02T09:03:29
9.55580	-49.70306	0	47	2021-09-02T09:08:57
9.55593	-49.70255	0	47	2021-09-02T09:13:28
9.55622	-49.70197	0	47	2021-09-02T09:18:25
9.55666	-49.70139	0	47	2021-09-02T09:23:28
9.55704	-49.70081	0	47	2021-09-02T09:28:30
9.55742	-49.70023	0	47	2021-09-02T09:33:27
9.55803	-49.69955	0	47	2021-09-02T09:38:28
9.55854	-49.69904	0	47	2021-09-02T09:43:29
9.55904	-49.69861	0	47	2021-09-02T09:48:29
9.55950	-49.69815	0	47	2021-09-02T09:53:30
9.55999	-49.69754	0	47	2021-09-02T09:58:28
9.56040	-49.69699	0	47	2021-09-02T10:03:27
9.56082	-49.69641	0	47	2021-09-02T10:08:55
9.56119	-49.69598	0	47	2021-09-02T10:13:26
9.56154	-49.69536	0	47	2021-09-02T10:18:27
9.56180	-49.69485	0	47	2021-09-02T10:23:28
9.56197	-49.69434	0	47	2021-09-02T10:28:28
9.56213	-49.69366	0	47	2021-09-02T10:33:30
9.56227	-49.69299	0	47	2021-09-02T10:38:29
9.56237	-49.69231	0	47	2021-09-02T10:43:30
9.56241	-49.69162	0	47	2021-09-02T10:48:29
9.56260	-49.69089	0	47	2021-09-02T10:53:33
9.56286	-49.69019	0	47	2021-09-02T10:58:30
9.56301	-49.68948	0	47	2021-09-02T11:03:31
9.56298	-49.68860	0	47	2021-09-02T11:08:56
9.56288	-49.68802	0	47	2021-09-02T11:13:28
9.56287	-49.68735	0	47	2021-09-02T11:18:29
9.56279	-49.68671	0	47	2021-09-02T11:23:30
9.56263	-49.68604	0	47	2021-09-02T11:28:30
9.56241	-49.68553	0	47	2021-09-02T11:33:29
9.56225	-49.68484	0	47	2021-09-02T11:38:29
9.56204	-49.68414	0	47	2021-09-02T11:43:29
9.56184	-49.68347	0	47	2021-09-02T11:48:27
9.56162	-49.68291	0	47	2021-09-02T11:53:25
9.56141	-49.68231	0	47	2021-09-02T11:58:25
9.56119	-49.68158	0	47	2021-09-02T12:03:30
9.56101	-49.68109	0	47	2021-09-02T12:08:58
9.56091	-49.68069	0	47	2021-09-02T12:13:27
9.56077	-49.68011	0	47	2021-09-02T12:18:28
9.56061	-49.67957	0	47	2021-09-02T12:23:24
9.56020	-49.67853	0	47	2021-09-02T12:33:26
9.56004	-49.67819	0	47	2021-09-02T12:38:28
9.55990	-49.67776	0	47	2021-09-02T12:43:25
9.55962	-49.67740	0	47	2021-09-02T12:48:23
9.55962	-49.67691	0	47	2021-09-02T12:53:26
9.55962	-49.67642	0	47	2021-09-02T12:58:28
9.55974	-49.67606	0	47	2021-09-02T13:03:27
9.55990	-49.67574	0	47	2021-09-02T13:08:29
9.56007	-49.67540	0	47	2021-09-02T13:13:30
9.56011	-49.67523	0	47	2021-09-02T13:18:30
9.56018	-49.67502	0	47	2021-09-02T13:23:28
9.56011	-49.67479	0	47	2021-09-02T13:28:32
9.56007	-49.67470	0	47	2021-09-02T13:33:32
9.56007	-49.67453	0	47	2021-09-02T13:38:31
9.56012	-49.67431	0	47	2021-09-02T13:43:30
9.56000	-49.67422	0	47	2021-09-02T13:48:29
9.56000	-49.67407	0	47	2021-09-02T13:53:32
9.55993	-49.67401	0	47	2021-09-02T13:58:30
9.55997	-49.67377	0	47	2021-09-02T14:03:34
9.56006	-49.67340	0	47	2021-09-02T14:08:55
9.56021	-49.67273	0	47	2021-09-02T14:18:32
9.56021	-49.67242	0	47	2021-09-02T14:23:33
9.56025	-49.67212	0	47	2021-09-02T14:28:31
9.56023	-49.67188	0	47	2021-09-02T14:33:32
9.56018	-49.67166	0	47	2021-09-02T14:38:32
9.56024	-49.67142	0	47	2021-09-02T14:43:34
9.56047	-49.67117	0	47	2021-09-02T14:48:35
9.56076	-49.67093	0	47	2021-09-02T14:53:35
9.56101	-49.67067	0	47	2021-09-02T14:58:36
9.56128	-49.67041	0	47	2021-09-02T15:03:36
9.56175	-49.67007	0	47	2021-09-02T15:08:54
9.56206	-49.66980	0	47	2021-09-02T15:13:35
9.56245	-49.66944	0	47	2021-09-02T15:18:36
9.56288	-49.66910	0	47	2021-09-02T15:23:37
9.56344	-49.66867	0	47	2021-09-02T15:28:37
9.56409	-49.66837	0	47	2021-09-02T15:33:35
9.56478	-49.66800	0	47	2021-09-02T15:38:36
9.56545	-49.66772	0	47	2021-09-02T15:43:35
9.56621	-49.66739	0	47	2021-09-02T15:48:37
9.56689	-49.66705	0	47	2021-09-02T15:53:38
9.56751	-49.66668	0	47	2021-09-02T15:59:07
9.56800	-49.66632	0	47	2021-09-02T16:03:47
9.56853	-49.66608	0	47	2021-09-02T16:09:08
9.56911	-49.66580	0	47	2021-09-02T16:13:58
9.56976	-49.66565	0	47	2021-09-02T16:18:53
9.57027	-49.66534	0	47	2021-09-02T16:24:03
9.57081	-49.66498	0	47	2021-09-02T16:28:52
9.57147	-49.66466	0	47	2021-09-02T16:33:56
9.57224	-49.66449	0	47	2021-09-02T16:38:56
9.57283	-49.66422	0	47	2021-09-02T16:43:58
9.57348	-49.66388	0	47	2021-09-02T16:48:59
9.57415	-49.66357	0	47	2021-09-02T16:53:57
9.57485	-49.66324	0	47	2021-09-02T16:58:58
9.57553	-49.66285	0	47	2021-09-02T17:04:25
9.57621	-49.66251	0	47	2021-09-02T17:09:25
9.57677	-49.66220	0	47	2021-09-02T17:13:56
9.57741	-49.66187	0	47	2021-09-02T17:18:57
9.57806	-49.66162	0	47	2021-09-02T17:23:56
9.57872	-49.66141	0	47	2021-09-02T17:28:55
9.57937	-49.66113	0	47	2021-09-02T17:33:56
9.58008	-49.66092	0	47	2021-09-02T17:38:56
9.58085	-49.66071	0	47	2021-09-02T17:43:56
9.58175	-49.66039	0	47	2021-09-02T17:48:55
9.58264	-49.66013	0	47	2021-09-02T17:53:55
9.58353	-49.65973	0	47	2021-09-02T17:59:02
9.58447	-49.65921	0	47	2021-09-02T18:04:09
9.58550	-49.65857	0	47	2021-09-02T18:09:55
9.58722	-49.65768	0	47	2021-09-02T18:18:52
9.58813	-49.65729	0	47	2021-09-02T18:23:53
9.58904	-49.65683	0	47	2021-09-02T18:28:49
9.58996	-49.65634	0	47	2021-09-02T18:33:51
9.59082	-49.65591	0	47	2021-09-02T18:38:51
9.59176	-49.65536	0	47	2021-09-02T18:43:53
9.59365	-49.65411	0	47	2021-09-02T18:53:54
9.59454	-49.65352	0	47	2021-09-02T18:58:51
9.59540	-49.65283	0	47	2021-09-02T19:03:51
9.59634	-49.65216	0	47	2021-09-02T19:09:27
9.59704	-49.65169	0	47	2021-09-02T19:13:52
9.59787	-49.65118	0	47	2021-09-02T19:18:51
9.59950	-49.65007	0	47	2021-09-02T19:28:52
9.60023	-49.64956	0	47	2021-09-02T19:33:52
9.60096	-49.64896	0	47	2021-09-02T19:38:51
9.60169	-49.64835	0	47	2021-09-02T19:43:53
9.60248	-49.64777	0	47	2021-09-02T19:48:55
9.60417	-49.64661	0	47	2021-09-02T19:58:52
9.60502	-49.64602	0	47	2021-09-02T20:04:25
9.60591	-49.64551	0	47	2021-09-02T20:09:25
9.60674	-49.64508	0	47	2021-09-02T20:13:52
9.60754	-49.64453	0	47	2021-09-02T20:18:52
9.60837	-49.64404	0	47	2021-09-02T20:23:53
9.60927	-49.64356	0	47	2021-09-02T20:28:53
9.61017	-49.64313	0	47	2021-09-02T20:33:52
9.61102	-49.64264	0	47	2021-09-02T20:38:49
9.61198	-49.64205	0	47	2021-09-02T20:43:56
9.61288	-49.64154	0	47	2021-09-02T20:48:55
9.61379	-49.64093	0	47	2021-09-02T20:53:55
9.61466	-49.64032	0	47	2021-09-02T20:58:53
9.61546	-49.63972	0	47	2021-09-02T21:03:57
9.61628	-49.63903	0	47	2021-09-02T21:08:58
9.61697	-49.63852	0	47	2021-09-02T21:13:58
9.61773	-49.63779	0	47	2021-09-02T21:18:59
9.61844	-49.63708	0	47	2021-09-02T21:24:00
9.61914	-49.63638	0	47	2021-09-02T21:29:01
9.61992	-49.63565	0	47	2021-09-02T21:34:01
9.62071	-49.63489	0	47	2021-09-02T21:39:03
9.62149	-49.63408	0	47	2021-09-02T21:44:04
9.62227	-49.63339	0	47	2021-09-02T21:49:04
9.62303	-49.63269	0	47	2021-09-02T21:54:01
9.62376	-49.63199	0	47	2021-09-02T21:59:02
9.62459	-49.63126	0	47	2021-09-02T22:04:56
9.62548	-49.63049	0	47	2021-09-02T22:09:55
9.62607	-49.62982	0	47	2021-09-02T22:14:01
9.62677	-49.62903	0	47	2021-09-02T22:18:58
9.62752	-49.62810	0	47	2021-09-02T22:23:59
9.62825	-49.62733	0	47	2021-09-02T22:28:59
9.62894	-49.62656	0	47	2021-09-02T22:33:59
9.62970	-49.62576	0	47	2021-09-02T22:39:01
9.63047	-49.62500	0	47	2021-09-02T22:43:58
9.63134	-49.62427	0	47	2021-09-02T22:48:59
9.63223	-49.62347	0	47	2021-09-02T22:53:59
9.63321	-49.62268	0	47	2021-09-02T22:59:01
9.63423	-49.62189	0	47	2021-09-02T23:03:59
9.63528	-49.62109	0	47	2021-09-02T23:09:26
9.63608	-49.62042	0	47	2021-09-02T23:14:02
9.63696	-49.61963	0	47	2021-09-02T23:19:04
9.63780	-49.61877	0	47	2021-09-02T23:24:01
9.63864	-49.61780	0	47	2021-09-02T23:29:03
9.63945	-49.61683	0	47	2021-09-02T23:34:03
9.64021	-49.61606	0	47	2021-09-02T23:39:03
9.64101	-49.61520	0	47	2021-09-02T23:44:05
9.64184	-49.61432	0	47	2021-09-02T23:49:02
9.64268	-49.61352	0	47	2021-09-02T23:54:06
9.64337	-49.61283	0	47	2021-09-02T23:59:06
9.64410	-49.61206	0	47	2021-09-03T00:04:05
9.64493	-49.61132	0	47	2021-09-03T00:09:05
9.64565	-49.61063	0	47	2021-09-03T00:14:06
9.64643	-49.60977	0	47	2021-09-03T00:19:06
9.64724	-49.60889	0	47	2021-09-03T00:24:04
9.64805	-49.60806	0	47	2021-09-03T00:29:06
9.64894	-49.60710	0	47	2021-09-03T00:34:08
9.64964	-49.60641	0	47	2021-09-03T00:39:10
9.65057	-49.60556	0	47	2021-09-03T00:44:07
9.65142	-49.60477	0	47	2021-09-03T00:49:08
9.65220	-49.60395	0	47	2021-09-03T00:54:08
9.65302	-49.60318	0	47	2021-09-03T00:59:07
9.65384	-49.60229	0	47	2021-09-03T01:04:08
9.65525	-49.60066	0	47	2021-09-03T01:14:12
9.65597	-49.59991	0	47	2021-09-03T01:19:10
9.65667	-49.59912	0	47	2021-09-03T01:24:11
9.65743	-49.59824	0	47	2021-09-03T01:29:11
9.65817	-49.59733	0	47	2021-09-03T01:34:11
9.65881	-49.59647	0	47	2021-09-03T01:39:10
9.65952	-49.59564	0	47	2021-09-03T01:44:11
9.66025	-49.59489	0	47	2021-09-03T01:49:10
9.66095	-49.59412	0	47	2021-09-03T01:54:10
9.66165	-49.59326	0	47	2021-09-03T01:59:11
9.66235	-49.59238	0	47	2021-09-03T02:04:13
9.66311	-49.59146	0	47	2021-09-03T02:09:38
9.66372	-49.59067	0	47	2021-09-03T02:14:11
9.66438	-49.58984	0	47	2021-09-03T02:19:12
9.66505	-49.58897	0	47	2021-09-03T02:24:14
9.66574	-49.58820	0	47	2021-09-03T02:29:14
9.66642	-49.58740	0	47	2021-09-03T02:34:12
9.66716	-49.58664	0	47	2021-09-03T02:39:15
9.66783	-49.58578	0	47	2021-09-03T02:44:16
9.66851	-49.58496	0	47	2021-09-03T02:49:17
9.66920	-49.58414	0	47	2021-09-03T02:54:17
9.66989	-49.58325	0	47	2021-09-03T02:59:15
9.67059	-49.58240	0	47	2021-09-03T03:04:16
9.67131	-49.58133	0	47	2021-09-03T03:09:56
9.67193	-49.58054	0	47	2021-09-03T03:14:18
9.67266	-49.57953	0	47	2021-09-03T03:19:17
9.67334	-49.57855	0	47	2021-09-03T03:24:19
9.67409	-49.57742	0	47	2021-09-03T03:29:20
9.67479	-49.57639	0	47	2021-09-03T03:34:20
9.67545	-49.57526	0	47	2021-09-03T03:39:22
9.67618	-49.57422	0	47	2021-09-03T03:44:20
9.67695	-49.57318	0	47	2021-09-03T03:49:20
9.67775	-49.57211	0	47	2021-09-03T03:54:23
9.67958	-49.56995	0	47	2021-09-03T04:04:23
9.68052	-49.56875	0	47	2021-09-03T04:09:23
9.68129	-49.56781	0	47	2021-09-03T04:14:23
9.68221	-49.56671	0	47	2021-09-03T04:19:21
9.68316	-49.56554	0	47	2021-09-03T04:24:21
9.68406	-49.56451	0	47	2021-09-03T04:29:20
9.68501	-49.56342	0	47	2021-09-03T04:34:22
9.68605	-49.56226	0	47	2021-09-03T04:39:20
9.68707	-49.56107	0	47	2021-09-03T04:44:21
9.68809	-49.55981	0	47	2021-09-03T04:49:23
9.68903	-49.55856	0	47	2021-09-03T04:54:23
9.68999	-49.55737	0	47	2021-09-03T04:59:24
9.69101	-49.55606	0	47	2021-09-03T05:04:28
9.69201	-49.55460	0	47	2021-09-03T05:10:05
9.69280	-49.55346	0	47	2021-09-03T05:14:41
9.69379	-49.55200	0	47	2021-09-03T05:19:40
9.69478	-49.55060	0	47	2021-09-03T05:24:41
9.69569	-49.54919	0	47	2021-09-03T05:29:41
9.69660	-49.54779	0	47	2021-09-03T05:34:45
9.69752	-49.54642	0	47	2021-09-03T05:39:43
9.69839	-49.54507	0	47	2021-09-03T05:44:47
9.69926	-49.54373	0	47	2021-09-03T05:49:45
9.70010	-49.54240	0	47	2021-09-03T05:54:48
9.70087	-49.54120	0	47	2021-09-03T05:59:47
9.70153	-49.53998	0	47	2021-09-03T06:04:35
9.70301	-49.53757	0	47	2021-09-03T06:14:37
9.70386	-49.53634	0	47	2021-09-03T06:19:38
9.70476	-49.53497	0	47	2021-09-03T06:24:39
9.70560	-49.53369	0	47	2021-09-03T06:29:40
9.70651	-49.53226	0	47	2021-09-03T06:34:40
9.70743	-49.53085	0	47	2021-09-03T06:39:38
9.70824	-49.52942	0	47	2021-09-03T06:44:41
9.70904	-49.52798	0	47	2021-09-03T06:49:39
9.70989	-49.52636	0	47	2021-09-03T06:54:44
9.71071	-49.52482	0	47	2021-09-03T06:59:44
9.71148	-49.52328	0	47	2021-09-03T07:04:44
9.71242	-49.52155	0	47	2021-09-03T07:10:06
9.71317	-49.52004	0	47	2021-09-03T07:14:47
9.71400	-49.51867	0	47	2021-09-03T07:19:48
9.71477	-49.51721	0	47	2021-09-03T07:24:48
9.71551	-49.51578	0	47	2021-09-03T07:29:46
9.71632	-49.51434	0	47	2021-09-03T07:34:46
9.71705	-49.51288	0	47	2021-09-03T07:39:45
9.71779	-49.51135	0	47	2021-09-03T07:44:48
9.71851	-49.50977	0	47	2021-09-03T07:49:46
9.71913	-49.50815	0	47	2021-09-03T07:54:47
9.71979	-49.50650	0	47	2021-09-03T07:59:50
9.72045	-49.50492	0	47	2021-09-03T08:05:27
9.72114	-49.50320	0	47	2021-09-03T08:10:27
9.72167	-49.50180	0	47	2021-09-03T08:14:50
9.72236	-49.50018	0	47	2021-09-03T08:19:51
9.72296	-49.49864	0	47	2021-09-03T08:24:51
9.72359	-49.49701	0	47	2021-09-03T08:29:51
9.72428	-49.49533	0	47	2021-09-03T08:34:53
9.72495	-49.49368	0	47	2021-09-03T08:39:50
9.72570	-49.49207	0	47	2021-09-03T08:44:51
9.72643	-49.49048	0	47	2021-09-03T08:49:51
9.72710	-49.48889	0	47	2021-09-03T08:54:52
9.72767	-49.48730	0	47	2021-09-03T08:59:50
9.72828	-49.48566	0	47	2021-09-03T09:05:26
9.72897	-49.48386	0	47	2021-09-03T09:10:26
9.72952	-49.48239	0	47	2021-09-03T09:14:49
9.73009	-49.48068	0	47	2021-09-03T09:19:46
9.73065	-49.47899	0	47	2021-09-03T09:24:45
9.73112	-49.47736	0	47	2021-09-03T09:29:44
9.73157	-49.47574	0	47	2021-09-03T09:34:45
9.73193	-49.47412	0	47	2021-09-03T09:39:48
9.73225	-49.47246	0	47	2021-09-03T09:44:47
9.73255	-49.47100	0	47	2021-09-03T09:49:47
9.73281	-49.46954	0	47	2021-09-03T09:54:48
9.73302	-49.46802	0	47	2021-09-03T09:59:49
9.73314	-49.46658	0	47	2021-09-03T10:04:49
9.73328	-49.46508	0	47	2021-09-03T10:09:50
9.73332	-49.46396	0	47	2021-09-03T10:14:51
9.73330	-49.46265	0	47	2021-09-03T10:19:52
9.73321	-49.46127	0	47	2021-09-03T10:24:53
9.73330	-49.45981	0	47	2021-09-03T10:29:54
9.73343	-49.45834	0	47	2021-09-03T10:34:54
9.73347	-49.45688	0	47	2021-09-03T10:39:55
9.73353	-49.45541	0	47	2021-09-03T10:44:55
9.73358	-49.45392	0	47	2021-09-03T10:49:56
9.73359	-49.45261	0	47	2021-09-03T10:54:55
9.73354	-49.45135	0	47	2021-09-03T10:59:55
9.73352	-49.45007	0	47	2021-09-03T11:04:58
9.73356	-49.44867	0	47	2021-09-03T11:10:24
9.73354	-49.44748	0	47	2021-09-03T11:15:00
9.73348	-49.44620	0	47	2021-09-03T11:20:02
9.73337	-49.44489	0	47	2021-09-03T11:25:03
9.73328	-49.44360	0	47	2021-09-03T11:30:03
9.73320	-49.44217	0	47	2021-09-03T11:35:01
9.73310	-49.44077	0	47	2021-09-03T11:40:04
9.73302	-49.43936	0	47	2021-09-03T11:45:03
9.73295	-49.43790	0	47	2021-09-03T11:50:03
9.73291	-49.43661	0	47	2021-09-03T11:55:03
9.73286	-49.43530	0	47	2021-09-03T12:00:04
9.73279	-49.43390	0	47	2021-09-03T12:05:06
9.73293	-49.43234	0	47	2021-09-03T12:10:57
9.73314	-49.43125	0	47	2021-09-03T12:15:04
9.73323	-49.43005	0	47	2021-09-03T12:20:04
9.73337	-49.42871	0	47	2021-09-03T12:25:02
9.73344	-49.42737	0	47	2021-09-03T12:30:06
9.73352	-49.42609	0	47	2021-09-03T12:35:06
9.73356	-49.42480	0	47	2021-09-03T12:40:05
9.73356	-49.42343	0	47	2021-09-03T12:45:05
9.73359	-49.42209	0	47	2021-09-03T12:50:05
9.73359	-49.42072	0	47	2021-09-03T12:55:08
9.73359	-49.41943	0	47	2021-09-03T13:00:08
9.73356	-49.41806	0	47	2021-09-03T13:05:09
9.73333	-49.41513	0	47	2021-09-03T13:15:07
9.73324	-49.41384	0	47	2021-09-03T13:20:07
9.73320	-49.41281	0	47	2021-09-03T13:25:08
9.73302	-49.41150	0	47	2021-09-03T13:30:09
9.73298	-49.41019	0	47	2021-09-03T13:35:11
9.73282	-49.40891	0	47	2021-09-03T13:40:11
9.73264	-49.40763	0	47	2021-09-03T13:45:12
9.73246	-49.40634	0	47	2021-09-03T13:50:13
9.73222	-49.40512	0	47	2021-09-03T13:55:14
9.73198	-49.40402	0	47	2021-09-03T14:00:13
9.73133	-49.40180	0	47	2021-09-03T14:10:16
9.73100	-49.40086	0	47	2021-09-03T14:15:17
9.73061	-49.39957	0	47	2021-09-03T14:20:17
9.73029	-49.39825	0	47	2021-09-03T14:25:14
9.73006	-49.39703	0	47	2021-09-03T14:30:12
9.72955	-49.39584	0	47	2021-09-03T14:35:13
9.72903	-49.39453	0	47	2021-09-03T14:40:12
9.72840	-49.39312	0	47	2021-09-03T14:45:11
9.72781	-49.39166	0	47	2021-09-03T14:50:11
9.72729	-49.39020	0	47	2021-09-03T14:55:12
9.72683	-49.38873	0	47	2021-09-03T15:00:13
9.72636	-49.38740	0	47	2021-09-03T15:05:37
9.72602	-49.38611	0	47	2021-09-03T15:10:38
9.72561	-49.38522	0	47	2021-09-03T15:15:10
9.72476	-49.38322	0	47	2021-09-03T15:25:13
9.72429	-49.38228	0	47	2021-09-03T15:30:13
9.72390	-49.38116	0	47	2021-09-03T15:35:12
9.72342	-49.38000	0	47	2021-09-03T15:40:12
9.72293	-49.37878	0	47	2021-09-03T15:45:12
9.72255	-49.37766	0	47	2021-09-03T15:50:11
9.72218	-49.37646	0	47	2021-09-03T15:55:12
9.72188	-49.37527	0	47	2021-09-03T16:00:12
9.72162	-49.37403	0	47	2021-09-03T16:05:13
9.72145	-49.37283	0	47	2021-09-03T16:10:13
9.72124	-49.37180	0	47	2021-09-03T16:15:14
9.72101	-49.37064	0	47	2021-09-03T16:20:11
9.72085	-49.36954	0	47	2021-09-03T16:25:13
9.72072	-49.36838	0	47	2021-09-03T16:30:12
9.72051	-49.36725	0	47	2021-09-03T16:35:13
9.72021	-49.36602	0	47	2021-09-03T16:40:11
9.72001	-49.36499	0	47	2021-09-03T16:45:11
9.71979	-49.36392	0	47	2021-09-03T16:50:08
9.71951	-49.36292	0	47	2021-09-03T16:55:09
9.71908	-49.36203	0	47	2021-09-03T17:00:09
9.71860	-49.36102	0	47	2021-09-03T17:05:07
9.71804	-49.35986	0	47	2021-09-03T17:10:27
9.71754	-49.35886	0	47	2021-09-03T17:15:06
9.71698	-49.35754	0	47	2021-09-03T17:20:06
9.71646	-49.35626	0	47	2021-09-03T17:25:04
9.71601	-49.35492	0	47	2021-09-03T17:30:07
9.71559	-49.35367	0	47	2021-09-03T17:35:09
9.71522	-49.35251	0	47	2021-09-03T17:40:06
9.71482	-49.35135	0	47	2021-09-03T17:45:03
9.71435	-49.35019	0	47	2021-09-03T17:50:04
9.71393	-49.34903	0	47	2021-09-03T17:55:05
9.71338	-49.34787	0	47	2021-09-03T18:00:04
9.71289	-49.34674	0	47	2021-09-03T18:05:03
9.71235	-49.34546	0	47	2021-09-03T18:10:26
9.71176	-49.34445	0	47	2021-09-03T18:15:03
9.71115	-49.34329	0	47	2021-09-03T18:20:00
9.71055	-49.34207	0	47	2021-09-03T18:25:04
9.70989	-49.34085	0	47	2021-09-03T18:29:58
9.70923	-49.33963	0	47	2021-09-03T18:34:59
9.70851	-49.33838	0	47	2021-09-03T18:40:00
9.70786	-49.33704	0	47	2021-09-03T18:44:54
9.70712	-49.33572	0	47	2021-09-03T18:49:59
9.70642	-49.33440	0	47	2021-09-03T18:54:55
9.70578	-49.33337	0	47	2021-09-03T18:59:55
9.70518	-49.33234	0	47	2021-09-03T19:04:54
9.70439	-49.33121	0	47	2021-09-03T19:10:26
9.70370	-49.33035	0	47	2021-09-03T19:14:55
9.70301	-49.32928	0	47	2021-09-03T19:19:56
9.70223	-49.32816	0	47	2021-09-03T19:24:57
9.70065	-49.32599	0	47	2021-09-03T19:34:54
9.69990	-49.32470	0	47	2021-09-03T19:39:55
9.69913	-49.32367	0	47	2021-09-03T19:44:55
9.69832	-49.32272	0	47	2021-09-03T19:49:56
9.69752	-49.32172	0	47	2021-09-03T19:54:58
9.69675	-49.32068	0	47	2021-09-03T19:59:59
9.69599	-49.31970	0	47	2021-09-03T20:04:56
9.69518	-49.31876	0	47	2021-09-03T20:10:24
9.69455	-49.31787	0	47	2021-09-03T20:14:54
9.69379	-49.31708	0	47	2021-09-03T20:19:54
9.69303	-49.31611	0	47	2021-09-03T20:24:52
9.69225	-49.31534	0	47	2021-09-03T20:29:52
9.69147	-49.31454	0	47	2021-09-03T20:34:53
9.69068	-49.31369	0	47	2021-09-03T20:39:50
9.68989	-49.31281	0	47	2021-09-03T20:44:47
9.68906	-49.31204	0	47	2021-09-03T20:49:49
9.68820	-49.31125	0	47	2021-09-03T20:54:49
9.68735	-49.31049	0	47	2021-09-03T20:59:49
9.68647	-49.30969	0	47	2021-09-03T21:04:47
9.68562	-49.30866	0	47	2021-09-03T21:09:50
9.68493	-49.30789	0	47	2021-09-03T21:14:49
9.68418	-49.30698	0	47	2021-09-03T21:19:50
9.68338	-49.30597	0	47	2021-09-03T21:24:49
9.68261	-49.30493	0	47	2021-09-03T21:29:48
9.68178	-49.30386	0	47	2021-09-03T21:34:51
9.68094	-49.30286	0	47	2021-09-03T21:39:49
9.68005	-49.30182	0	47	2021-09-03T21:44:50
9.67920	-49.30096	0	47	2021-09-03T21:49:50
9.67838	-49.30002	0	47	2021-09-03T21:54:50
9.67755	-49.29895	0	47	2021-09-03T21:59:52
9.67674	-49.29794	0	47	2021-09-03T22:04:53
9.67584	-49.29678	0	47	2021-09-03T22:10:25
9.67511	-49.29584	0	47	2021-09-03T22:14:55
9.67421	-49.29480	0	47	2021-09-03T22:19:58
9.67329	-49.29376	0	47	2021-09-03T22:24:53
9.67230	-49.29272	0	47	2021-09-03T22:29:54
9.67132	-49.29169	0	47	2021-09-03T22:34:55
9.67038	-49.29059	0	47	2021-09-03T22:39:52
9.66934	-49.28951	0	47	2021-09-03T22:44:53
9.66831	-49.28848	0	47	2021-09-03T22:49:53
9.66724	-49.28754	0	47	2021-09-03T22:54:54
9.66611	-49.28656	0	47	2021-09-03T22:59:51
9.66498	-49.28561	0	47	2021-09-03T23:04:52
9.66372	-49.28464	0	47	2021-09-03T23:10:26
9.66271	-49.28384	0	47	2021-09-03T23:14:46
9.66156	-49.28296	0	47	2021-09-03T23:19:47
9.66039	-49.28214	0	47	2021-09-03T23:24:48
9.65921	-49.28131	0	47	2021-09-03T23:29:48
9.65806	-49.28043	0	47	2021-09-03T23:34:49
9.65692	-49.27960	0	47	2021-09-03T23:39:47
9.65574	-49.27881	0	47	2021-09-03T23:44:47
9.65450	-49.27808	0	47	2021-09-03T23:49:49
9.65325	-49.27737	0	47	2021-09-03T23:54:52
9.65189	-49.27661	0	47	2021-09-03T23:59:50
9.65061	-49.27591	0	47	2021-09-04T00:04:51
9.64915	-49.27512	0	47	2021-09-04T00:10:26
9.64808	-49.27448	0	47	2021-09-04T00:14:52
9.64683	-49.27369	0	47	2021-09-04T00:19:52
9.64559	-49.27292	0	47	2021-09-04T00:24:51
9.64434	-49.27219	0	47	2021-09-04T00:29:50
9.64314	-49.27148	0	47	2021-09-04T00:34:52
9.64192	-49.27077	0	47	2021-09-04T00:39:52
9.64076	-49.27008	0	47	2021-09-04T00:44:51
9.63964	-49.26932	0	47	2021-09-04T00:49:50
9.63852	-49.26862	0	47	2021-09-04T00:54:51
9.63723	-49.26787	0	47	2021-09-04T00:59:51
9.63594	-49.26718	0	47	2021-09-04T01:04:50
9.63448	-49.26636	0	47	2021-09-04T01:10:25
9.63336	-49.26575	0	47	2021-09-04T01:14:47
9.63199	-49.26509	0	47	2021-09-04T01:19:48
9.63066	-49.26440	0	47	2021-09-04T01:24:49
9.62936	-49.26382	0	47	2021-09-04T01:29:46
9.62804	-49.26318	0	47	2021-09-04T01:34:44
9.62681	-49.26251	0	47	2021-09-04T01:39:47
9.62562	-49.26183	0	47	2021-09-04T01:44:45
9.62439	-49.26132	0	47	2021-09-04T01:49:46
9.62313	-49.26086	0	47	2021-09-04T01:54:47
9.62191	-49.26041	0	47	2021-09-04T01:59:46
9.62058	-49.25986	0	47	2021-09-04T02:04:48
9.61918	-49.25940	0	47	2021-09-04T02:10:05
9.61794	-49.25903	0	47	2021-09-04T02:14:42
9.61660	-49.25867	0	47	2021-09-04T02:19:43
9.61514	-49.25827	0	47	2021-09-04T02:24:44
9.61370	-49.25784	0	47	2021-09-04T02:29:41
9.61236	-49.25745	0	47	2021-09-04T02:34:38
9.61101	-49.25711	0	47	2021-09-04T02:39:41
9.60970	-49.25687	0	47	2021-09-04T02:44:40
9.60837	-49.25656	0	47	2021-09-04T02:49:43
9.60703	-49.25620	0	47	2021-09-04T02:54:41
9.60561	-49.25583	0	47	2021-09-04T02:59:45
9.60426	-49.25546	0	47	2021-09-04T03:04:46
9.60274	-49.25513	0	47	2021-09-04T03:10:08
9.60149	-49.25482	0	47	2021-09-04T03:14:45
9.60009	-49.25449	0	47	2021-09-04T03:19:46
9.59876	-49.25415	0	47	2021-09-04T03:24:43
9.59742	-49.25406	0	47	2021-09-04T03:29:44
9.59614	-49.25397	0	47	2021-09-04T03:34:44
9.59478	-49.25391	0	47	2021-09-04T03:39:41
9.59328	-49.25378	0	47	2021-09-04T03:44:46
9.59186	-49.25351	0	47	2021-09-04T03:49:43
9.59043	-49.25327	0	47	2021-09-04T03:54:45
9.58904	-49.25299	0	47	2021-09-04T03:59:45
9.58766	-49.25269	0	47	2021-09-04T04:04:48
9.58620	-49.25223	0	47	2021-09-04T04:09:49
9.58503	-49.25189	0	47	2021-09-04T04:14:48
9.58378	-49.25143	0	47	2021-09-04T04:19:48
9.58256	-49.25095	0	47	2021-09-04T04:24:45
9.58137	-49.25052	0	47	2021-09-04T04:29:47
9.58020	-49.25024	0	47	2021-09-04T04:34:49
9.57901	-49.24997	0	47	2021-09-04T04:39:47
9.57790	-49.24979	0	47	2021-09-04T04:44:48
9.57672	-49.24963	0	47	2021-09-04T04:49:48
9.57551	-49.24948	0	47	2021-09-04T04:54:50
9.57424	-49.24925	0	47	2021-09-04T04:59:51
9.57304	-49.24908	0	47	2021-09-04T05:04:52
9.57160	-49.24881	0	47	2021-09-04T05:09:53
9.57057	-49.24872	0	47	2021-09-04T05:14:54
9.56945	-49.24857	0	47	2021-09-04T05:19:54
9.56830	-49.24844	0	47	2021-09-04T05:24:56
9.56717	-49.24835	0	47	2021-09-04T05:29:55
9.56600	-49.24832	0	47	2021-09-04T05:34:53
9.56487	-49.24817	0	47	2021-09-04T05:39:55
9.56380	-49.24808	0	47	2021-09-04T05:44:55
9.56274	-49.24796	0	47	2021-09-04T05:49:55
9.56173	-49.24774	0	47	2021-09-04T05:54:53
9.56068	-49.24748	0	47	2021-09-04T05:59:54
9.55969	-49.24731	0	47	2021-09-04T06:04:54
9.55871	-49.24698	0	47	2021-09-04T06:10:25
9.55794	-49.24661	0	47	2021-09-04T06:14:53
9.55699	-49.24613	0	47	2021-09-04T06:19:53
9.55599	-49.24579	0	47	2021-09-04T06:24:53
9.55499	-49.24542	0	47	2021-09-04T06:29:54
9.55405	-49.24506	0	47	2021-09-04T06:34:52
9.55317	-49.24469	0	47	2021-09-04T06:39:53
9.55225	-49.24424	0	47	2021-09-04T06:44:53
9.55134	-49.24390	0	47	2021-09-04T06:49:53
9.55036	-49.24339	0	47	2021-09-04T06:54:52
9.54951	-49.24305	0	47	2021-09-04T06:59:52
9.54861	-49.24271	0	47	2021-09-04T07:04:53
9.54758	-49.24219	0	47	2021-09-04T07:10:25
9.54669	-49.24185	0	47	2021-09-04T07:14:54
9.54568	-49.24139	0	47	2021-09-04T07:19:52
9.54461	-49.24106	0	47	2021-09-04T07:24:57
9.54355	-49.24063	0	47	2021-09-04T07:29:58
9.54252	-49.24011	0	47	2021-09-04T07:34:57
9.54139	-49.23959	0	47	2021-09-04T07:40:00
9.54029	-49.23917	0	47	2021-09-04T07:44:56
9.53916	-49.23868	0	47	2021-09-04T07:50:02
9.53799	-49.23822	0	47	2021-09-04T07:55:02
9.53680	-49.23782	0	47	2021-09-04T07:59:59
9.53565	-49.23746	0	47	2021-09-04T08:04:58
9.53444	-49.23702	0	47	2021-09-04T08:10:00
9.53350	-49.23676	0	47	2021-09-04T08:15:00
9.53251	-49.23642	0	47	2021-09-04T08:19:58
9.53151	-49.23611	0	47	2021-09-04T08:24:59
9.53054	-49.23569	0	47	2021-09-04T08:29:57
9.52961	-49.23520	0	47	2021-09-04T08:34:58
9.52868	-49.23477	0	47	2021-09-04T08:39:59
9.52774	-49.23438	0	47	2021-09-04T08:44:59
9.52685	-49.23398	0	47	2021-09-04T08:49:56
9.52602	-49.23370	0	47	2021-09-04T08:54:57
9.52515	-49.23346	0	47	2021-09-04T08:59:54
9.52422	-49.23312	0	47	2021-09-04T09:04:58
9.52232	-49.23238	0	47	2021-09-04T09:15:04
9.52136	-49.23209	0	47	2021-09-04T09:20:05
9.52039	-49.23178	0	47	2021-09-04T09:25:04
9.51943	-49.23145	0	47	2021-09-04T09:30:03
9.51852	-49.23114	0	47	2021-09-04T09:35:07
9.51760	-49.23093	0	47	2021-09-04T09:40:05
9.51671	-49.23068	0	47	2021-09-04T09:45:08
9.51576	-49.23053	0	47	2021-09-04T09:50:10
9.51486	-49.23044	0	47	2021-09-04T09:55:10
9.51394	-49.23035	0	47	2021-09-04T10:00:08
9.51310	-49.23019	0	47	2021-09-04T10:05:13
9.51211	-49.23007	0	47	2021-09-04T10:10:36
9.51122	-49.22992	0	47	2021-09-04T10:15:14
9.51019	-49.22977	0	47	2021-09-04T10:20:11
9.50918	-49.22955	0	47	2021-09-04T10:25:13
9.50813	-49.22928	0	47	2021-09-04T10:30:13
9.50713	-49.22900	0	47	2021-09-04T10:35:14
9.50616	-49.22879	0	47	2021-09-04T10:40:12
9.50517	-49.22867	0	47	2021-09-04T10:45:12
9.50420	-49.22849	0	47	2021-09-04T10:50:13
9.50323	-49.22824	0	47	2021-09-04T10:55:16
9.50225	-49.22804	0	47	2021-09-04T11:00:18
9.50126	-49.22787	0	47	2021-09-04T11:05:18
9.50024	-49.22766	0	47	2021-09-04T11:10:35
9.49939	-49.22742	0	47	2021-09-04T11:15:14
9.49844	-49.22714	0	47	2021-09-04T11:20:17
9.49747	-49.22687	0	47	2021-09-04T11:25:18
9.49654	-49.22668	0	47	2021-09-04T11:30:15
9.49564	-49.22672	0	47	2021-09-04T11:35:15
9.49471	-49.22681	0	47	2021-09-04T11:40:17
9.49386	-49.22681	0	47	2021-09-04T11:45:17
9.49300	-49.22696	0	47	2021-09-04T11:50:16
9.49205	-49.22711	0	47	2021-09-04T11:55:19
9.49105	-49.22741	0	47	2021-09-04T12:00:55
9.49029	-49.22754	0	47	2021-09-04T12:05:18
9.48942	-49.22775	0	47	2021-09-04T12:10:56
9.48864	-49.22791	0	47	2021-09-04T12:15:19
9.48771	-49.22812	0	47	2021-09-04T12:20:17
9.48668	-49.22830	0	47	2021-09-04T12:25:17
9.48560	-49.22861	0	47	2021-09-04T12:30:18
9.48446	-49.22900	0	47	2021-09-04T12:35:12
9.48323	-49.22945	0	47	2021-09-04T12:40:12
9.48211	-49.22988	0	47	2021-09-04T12:45:12
9.48099	-49.23022	0	47	2021-09-04T12:50:11
9.47985	-49.23050	0	47	2021-09-04T12:55:12
9.47871	-49.23077	0	47	2021-09-04T13:00:15
9.47763	-49.23106	0	47	2021-09-04T13:05:36
9.47648	-49.23123	0	47	2021-09-04T13:10:36
9.47549	-49.23150	0	47	2021-09-04T13:15:13
9.47437	-49.23167	0	47	2021-09-04T13:20:12
9.47325	-49.23193	0	47	2021-09-04T13:25:12
9.47208	-49.23224	0	47	2021-09-04T13:30:14
9.47092	-49.23260	0	47	2021-09-04T13:35:11
9.46983	-49.23291	0	47	2021-09-04T13:40:10
9.46869	-49.23329	0	47	2021-09-04T13:45:08
9.46762	-49.23346	0	47	2021-09-04T13:50:09
9.46658	-49.23373	0	47	2021-09-04T13:55:06
9.46552	-49.23398	0	47	2021-09-04T14:00:11
9.46439	-49.23428	0	47	2021-09-04T14:05:11
9.46308	-49.23471	0	47	2021-09-04T14:10:12
9.46209	-49.23497	0	47	2021-09-04T14:15:12
9.46102	-49.23514	0	47	2021-09-04T14:20:11
9.45984	-49.23540	0	47	2021-09-04T14:25:11
9.45864	-49.23566	0	47	2021-09-04T14:30:11
9.45743	-49.23593	0	47	2021-09-04T14:35:09
9.45625	-49.23615	0	47	2021-09-04T14:40:06
9.45503	-49.23642	0	47	2021-09-04T14:45:07
9.45392	-49.23657	0	47	2021-09-04T14:50:10
9.45273	-49.23676	0	47	2021-09-04T14:55:08
9.45157	-49.23679	0	47	2021-09-04T15:00:09
9.45041	-49.23694	0	47	2021-09-04T15:05:09
9.44922	-49.23718	0	47	2021-09-04T15:10:06
9.44823	-49.23727	0	47	2021-09-04T15:15:05
9.44720	-49.23737	0	47	2021-09-04T15:20:06
9.44614	-49.23749	0	47	2021-09-04T15:25:04
9.44511	-49.23758	0	47	2021-09-04T15:30:03
9.44394	-49.23777	0	47	2021-09-04T15:35:06
9.44286	-49.23782	0	47	2021-09-04T15:40:07
9.44176	-49.23795	0	47	2021-09-04T15:45:05
9.44069	-49.23804	0	47	2021-09-04T15:50:07
9.43956	-49.23810	0	47	2021-09-04T15:55:06
9.43845	-49.23813	0	47	2021-09-04T16:00:08
9.43731	-49.23822	0	47	2021-09-04T16:05:06
9.43610	-49.23831	0	47	2021-09-04T16:10:06
9.43507	-49.23840	0	47	2021-09-04T16:15:07
9.43394	-49.23849	0	47	2021-09-04T16:20:08
9.43279	-49.23859	0	47	2021-09-04T16:25:08
9.43162	-49.23868	0	47	2021-09-04T16:30:09
9.43044	-49.23880	0	47	2021-09-04T16:35:07
9.42934	-49.23880	0	47	2021-09-04T16:40:08
9.42825	-49.23883	0	47	2021-09-04T16:45:08
9.42719	-49.23892	0	47	2021-09-04T16:50:09
9.42608	-49.23895	0	47	2021-09-04T16:55:05
9.42481	-49.23911	0	47	2021-09-04T17:00:06
9.42365	-49.23920	0	47	2021-09-04T17:05:06
9.42244	-49.23938	0	47	2021-09-04T17:10:24
9.42118	-49.23950	0	47	2021-09-04T17:15:06
9.42001	-49.23965	0	47	2021-09-04T17:20:07
9.41892	-49.23981	0	47	2021-09-04T17:25:06
9.41780	-49.23996	0	47	2021-09-04T17:30:03
9.41667	-49.24011	0	47	2021-09-04T17:35:02
9.41550	-49.24020	0	47	2021-09-04T17:40:04
9.41437	-49.24040	0	47	2021-09-04T17:44:59
9.41334	-49.24057	0	47	2021-09-04T17:50:00
9.41235	-49.24072	0	47	2021-09-04T17:55:01
9.41133	-49.24084	0	47	2021-09-04T17:59:58
9.41028	-49.24094	0	47	2021-09-04T18:05:25
9.40934	-49.24103	0	47	2021-09-04T18:10:26
9.40848	-49.24112	0	47	2021-09-04T18:15:04
9.40762	-49.24118	0	47	2021-09-04T18:20:02
9.40668	-49.24121	0	47	2021-09-04T18:25:05
9.40582	-49.24133	0	47	2021-09-04T18:30:03
9.40484	-49.24139	0	47	2021-09-04T18:35:04
9.40380	-49.24152	0	47	2021-09-04T18:40:19
9.40282	-49.24164	0	47	2021-09-04T18:45:21
9.40183	-49.24176	0	47	2021-09-04T18:50:18
9.40067	-49.24179	0	47	2021-09-04T18:55:08
9.39955	-49.24185	0	47	2021-09-04T19:00:04
9.39840	-49.24197	0	47	2021-09-04T19:05:04
9.39722	-49.24207	0	47	2021-09-04T19:10:26
9.39635	-49.24222	0	47	2021-09-04T19:15:03
9.39540	-49.24234	0	47	2021-09-04T19:20:04
9.39446	-49.24246	0	47	2021-09-04T19:25:05
9.39356	-49.24266	0	47	2021-09-04T19:29:58
9.39273	-49.24283	0	47	2021-09-04T19:35:03
9.39192	-49.24292	0	47	2021-09-04T19:39:59
9.39110	-49.24310	0	47	2021-09-04T19:45:01
9.39034	-49.24332	0	47	2021-09-04T19:50:04
9.38953	-49.24353	0	47	2021-09-04T19:55:02
9.38866	-49.24377	0	47	2021-09-04T20:00:03
9.38785	-49.24393	0	47	2021-09-04T20:05:02
9.38692	-49.24399	0	47	2021-09-04T20:10:24
9.38622	-49.24414	0	47	2021-09-04T20:15:01
9.38535	-49.24429	0	47	2021-09-04T20:19:59
9.38453	-49.24448	0	47	2021-09-04T20:25:02
9.38378	-49.24466	0	47	2021-09-04T20:30:04
9.38297	-49.24492	0	47	2021-09-04T20:35:04
9.38228	-49.24518	0	47	2021-09-04T20:40:04
9.38153	-49.24536	0	47	2021-09-04T20:45:02
9.38078	-49.24554	0	47	2021-09-04T20:50:03
9.38011	-49.24556	0	47	2021-09-04T20:55:03
9.37955	-49.24582	0	47	2021-09-04T21:00:02
9.37889	-49.24585	0	47	2021-09-04T21:05:05
9.37813	-49.24573	0	47	2021-09-04T21:10:26
9.37754	-49.24585	0	47	2021-09-04T21:15:00
9.37695	-49.24594	0	47	2021-09-04T21:20:01
9.37626	-49.24603	0	47	2021-09-04T21:25:01
9.37561	-49.24612	0	47	2021-09-04T21:30:02
9.37505	-49.24622	0	47	2021-09-04T21:35:00
9.37458	-49.24631	0	47	2021-09-04T21:40:01
9.37404	-49.24634	0	47	2021-09-04T21:45:02
9.37343	-49.24637	0	47	2021-09-04T21:50:01
9.37285	-49.24631	0	47	2021-09-04T21:54:59
9.37229	-49.24631	0	47	2021-09-04T22:00:00
9.37176	-49.24631	0	47	2021-09-04T22:04:57
9.37121	-49.24631	0	47	2021-09-04T22:10:26
9.37074	-49.24634	0	47	2021-09-04T22:14:59
9.37027	-49.24615	0	47	2021-09-04T22:20:00
9.36975	-49.24603	0	47	2021-09-04T22:24:57
9.36928	-49.24588	0	47	2021-09-04T22:29:57
9.36886	-49.24582	0	47	2021-09-04T22:34:59
9.36851	-49.24570	0	47	2021-09-04T22:39:59
9.36818	-49.24561	0	47	2021-09-04T22:45:00
9.36787	-49.24554	0	47	2021-09-04T22:50:02
9.36757	-49.24554	0	47	2021-09-04T22:55:02
9.36727	-49.24545	0	47	2021-09-04T23:00:03
9.36700	-49.24545	0	47	2021-09-04T23:05:04
9.36684	-49.24533	0	47	2021-09-04T23:10:28
9.36669	-49.24533	0	47	2021-09-04T23:15:05
9.36658	-49.24518	0	47	2021-09-04T23:20:07
9.36649	-49.24509	0	47	2021-09-04T23:25:07
9.36645	-49.24490	0	47	2021-09-04T23:30:07
9.36631	-49.24487	0	47	2021-09-04T23:35:06
9.36613	-49.24484	0	47	2021-09-04T23:40:08
9.36600	-49.24481	0	47	2021-09-04T23:45:05
9.36581	-49.24475	0	47	2021-09-04T23:50:06
9.36562	-49.24475	0	47	2021-09-04T23:55:05
9.36547	-49.24481	0	47	2021-09-05T00:00:04
9.36533	-49.24493	0	47	2021-09-05T00:05:25
9.36511	-49.24493	0	47	2021-09-05T00:10:26
9.36511	-49.24503	0	47	2021-09-05T00:15:07
9.36501	-49.24509	0	47	2021-09-05T00:20:05
9.36489	-49.24518	0	47	2021-09-05T00:25:06
9.36480	-49.24518	0	47	2021-09-05T00:30:07
9.36469	-49.24524	0	47	2021-09-05T00:35:06
9.36459	-49.24524	0	47	2021-09-05T00:40:07
9.36445	-49.24530	0	47	2021-09-05T00:45:05
9.36433	-49.24530	0	47	2021-09-05T00:50:06
9.36416	-49.24524	0	47	2021-09-05T00:55:03
9.36398	-49.24530	0	47	2021-09-05T01:00:04
9.36379	-49.24545	0	47	2021-09-05T01:05:25
9.36365	-49.24545	0	47	2021-09-05T01:10:25
9.36345	-49.24530	0	47	2021-09-05T01:15:03
9.36323	-49.24518	0	47	2021-09-05T01:20:04
9.36290	-49.24509	0	47	2021-09-05T01:25:03
9.36260	-49.24496	0	47	2021-09-05T01:30:05
9.36234	-49.24475	0	47	2021-09-05T01:35:06
9.36212	-49.24457	0	47	2021-09-05T01:40:04
9.36186	-49.24420	0	47	2021-09-05T01:45:05
9.36167	-49.24408	0	47	2021-09-05T01:50:04
9.36140	-49.24405	0	47	2021-09-05T01:55:02
9.36117	-49.24387	0	47	2021-09-05T02:00:03
9.36092	-49.24365	0	47	2021-09-05T02:05:02
9.36053	-49.24347	0	47	2021-09-05T02:10:28
9.36003	-49.24335	0	47	2021-09-05T02:15:01
9.35943	-49.24313	0	47	2021-09-05T02:19:59
9.35891	-49.24292	0	47	2021-09-05T02:25:02
9.35837	-49.24271	0	47	2021-09-05T02:30:00
9.35765	-49.24252	0	47	2021-09-05T02:35:01
9.35692	-49.24234	0	47	2021-09-05T02:40:02
9.35619	-49.24210	0	47	2021-09-05T02:45:02
9.35551	-49.24188	0	47	2021-09-05T02:50:03
9.35487	-49.24170	0	47	2021-09-05T02:55:03
9.35431	-49.24161	0	47	2021-09-05T03:00:02
9.35366	-49.24152	0	47	2021-09-05T03:05:02
9.35294	-49.24130	0	47	2021-09-05T03:10:25
9.35241	-49.24112	0	47	2021-09-05T03:15:00
9.35178	-49.24091	0	47	2021-09-05T03:20:01
9.35117	-49.24069	0	47	2021-09-05T03:24:58
9.35004	-49.24023	0	47	2021-09-05T03:34:59
9.34953	-49.24014	0	47	2021-09-05T03:39:59
9.34897	-49.24014	0	47	2021-09-05T03:44:58
9.34845	-49.24005	0	47	2021-09-05T03:49:59
9.34796	-49.24005	0	47	2021-09-05T03:54:59
9.34753	-49.24005	0	47	2021-09-05T04:00:00
9.34717	-49.24017	0	47	2021-09-05T04:05:01
9.34680	-49.24017	0	47	2021-09-05T04:10:25
9.34638	-49.24020	0	47	2021-09-05T04:14:58
9.34599	-49.24017	0	47	2021-09-05T04:19:58
9.34559	-49.24011	0	47	2021-09-05T04:24:56
9.34517	-49.24011	0	47	2021-09-05T04:29:56
9.34476	-49.24011	0	47	2021-09-05T04:34:54
9.34441	-49.24017	0	47	2021-09-05T04:39:54
9.34397	-49.24021	0	47	2021-09-05T04:44:52
9.34354	-49.24030	0	47	2021-09-05T04:49:52
9.34300	-49.24048	0	47	2021-09-05T04:54:51
9.34246	-49.24072	0	47	2021-09-05T04:59:51
9.34193	-49.24097	0	47	2021-09-05T05:04:53
9.34150	-49.24118	0	47	2021-09-05T05:10:26
9.34122	-49.24127	0	47	2021-09-05T05:14:54
9.34097	-49.24136	0	47	2021-09-05T05:19:54
9.34075	-49.24155	0	47	2021-09-05T05:24:54
9.34054	-49.24164	0	47	2021-09-05T05:29:53
9.34027	-49.24182	0	47	2021-09-05T05:34:52
9.33980	-49.24222	0	47	2021-09-05T05:44:59
9.33963	-49.24239	0	47	2021-09-05T05:49:59
9.33942	-49.24265	0	47	2021-09-05T05:54:59
9.33913	-49.24301	0	47	2021-09-05T05:59:51
9.33890	-49.24332	0	47	2021-09-05T06:04:51
9.33869	-49.24377	0	47	2021-09-05T06:09:55
9.33857	-49.24411	0	47	2021-09-05T06:14:56
9.33841	-49.24448	0	47	2021-09-05T06:19:53
9.33825	-49.24481	0	47	2021-09-05T06:24:57
9.33808	-49.24507	0	47	2021-09-05T06:29:56
9.33794	-49.24524	0	47	2021-09-05T06:34:56
9.33778	-49.24542	0	47	2021-09-05T06:39:59
9.33750	-49.24571	0	47	2021-09-05T06:45:01
9.33737	-49.24597	0	47	2021-09-05T06:50:01
9.33719	-49.24623	0	47	2021-09-05T06:55:02
9.33707	-49.24640	0	47	2021-09-05T07:00:01
9.33703	-49.24658	0	47	2021-09-05T07:05:01
9.33700	-49.24680	0	47	2021-09-05T07:10:26
9.33700	-49.24695	0	47	2021-09-05T07:15:05
9.33700	-49.24713	0	47	2021-09-05T07:20:04
9.33703	-49.24734	0	47	2021-09-05T07:25:07
9.33707	-49.24756	0	47	2021-09-05T07:30:08
9.33713	-49.24771	0	47	2021-09-05T07:35:06
9.33726	-49.24786	0	47	2021-09-05T07:40:07
9.33741	-49.24792	0	47	2021-09-05T07:45:05
9.33766	-49.24805	0	47	2021-09-05T07:50:08
9.33779	-49.24805	0	47	2021-09-05T07:55:08
9.33799	-49.24805	0	47	2021-09-05T08:00:07
9.33822	-49.24808	0	47	2021-09-05T08:05:08
9.33853	-49.24805	0	47	2021-09-05T08:10:24
9.33880	-49.24802	0	47	2021-09-05T08:15:08
9.33911	-49.24799	0	47	2021-09-05T08:20:06
9.33943	-49.24799	0	47	2021-09-05T08:25:03
9.33975	-49.24811	0	47	2021-09-05T08:30:04
9.34014	-49.24820	0	47	2021-09-05T08:35:02
9.34047	-49.24823	0	47	2021-09-05T08:40:05
9.34078	-49.24817	0	47	2021-09-05T08:45:03
9.34104	-49.24814	0	47	2021-09-05T08:50:04
9.34136	-49.24808	0	47	2021-09-05T08:55:04
9.34157	-49.24799	0	47	2021-09-05T09:00:04
9.34183	-49.24789	0	47	2021-09-05T09:05:02
9.34240	-49.24774	0	47	2021-09-05T09:15:04
9.34270	-49.24768	0	47	2021-09-05T09:20:02
9.34300	-49.24756	0	47	2021-09-05T09:25:05
9.34331	-49.24744	0	47	2021-09-05T09:30:07
9.34366	-49.24725	0	47	2021-09-05T09:35:07
9.34401	-49.24716	0	47	2021-09-05T09:40:05
9.34441	-49.24704	0	47	2021-09-05T09:45:08
9.34484	-49.24689	0	47	2021-09-05T09:50:07
9.34540	-49.24660	0	47	2021-09-05T09:55:11
9.34592	-49.24643	0	47	2021-09-05T10:00:12
9.34643	-49.24634	0	47	2021-09-05T10:05:12
9.34704	-49.24597	0	47	2021-09-05T10:10:37
9.34754	-49.24582	0	47	2021-09-05T10:15:14
9.34812	-49.24547	0	47	2021-09-05T10:20:12
9.34859	-49.24530	0	47	2021-09-05T10:25:12
9.34913	-49.24496	0	47	2021-09-05T10:30:12
9.34964	-49.24472	0	47	2021-09-05T10:35:13
9.35013	-49.24445	0	47	2021-09-05T10:40:11
9.35061	-49.24426	0	47	2021-09-05T10:45:12
9.35103	-49.24408	0	47	2021-09-05T10:50:13
9.35136	-49.24399	0	47	2021-09-05T10:55:13
9.35172	-49.24377	0	47	2021-09-05T11:00:11
9.35205	-49.24350	0	47	2021-09-05T11:05:08
9.35234	-49.24338	0	47	2021-09-05T11:10:38
9.35265	-49.24316	0	47	2021-09-05T11:15:12
9.35299	-49.24292	0	47	2021-09-05T11:20:10
9.35337	-49.24268	0	47	2021-09-05T11:25:11
9.35366	-49.24243	0	47	2021-09-05T11:30:11
9.35399	-49.24216	0	47	2021-09-05T11:35:13
9.35439	-49.24188	0	47	2021-09-05T11:40:12
9.35477	-49.24166	0	47	2021-09-05T11:45:17
9.35511	-49.24149	0	47	2021-09-05T11:50:16
9.35549	-49.24133	0	47	2021-09-05T11:55:15
9.35595	-49.24115	0	47	2021-09-05T12:00:16
9.35643	-49.24098	0	47	2021-09-05T12:05:14
9.35693	-49.24084	0	47	2021-09-05T12:10:39
9.35737	-49.24072	0	47	2021-09-05T12:15:14
9.35788	-49.24063	0	47	2021-09-05T12:20:15
9.35843	-49.24057	0	47	2021-09-05T12:25:13
9.35901	-49.24045	0	47	2021-09-05T12:30:11
9.35962	-49.24033	0	47	2021-09-05T12:35:15
9.36023	-49.24017	0	47	2021-09-05T12:40:15
9.36079	-49.24008	0	47	2021-09-05T12:45:14
9.36140	-49.23999	0	47	2021-09-05T12:50:14
9.36203	-49.23981	0	47	2021-09-05T12:55:14
9.36266	-49.23953	0	47	2021-09-05T13:00:15
9.36330	-49.23926	0	47	2021-09-05T13:05:15
9.36410	-49.23872	0	47	2021-09-05T13:10:20
9.36466	-49.23846	0	47	2021-09-05T13:15:19
9.36537	-49.23810	0	47	2021-09-05T13:20:19
9.36605	-49.23767	0	47	2021-09-05T13:25:17
9.36669	-49.23730	0	47	2021-09-05T13:30:21
9.36729	-49.23688	0	47	2021-09-05T13:35:21
9.36916	-49.23581	0	47	2021-09-05T13:50:19
9.36971	-49.23547	0	47	2021-09-05T13:55:21
9.37027	-49.23520	0	47	2021-09-05T14:00:18
9.37086	-49.23486	0	47	2021-09-05T14:05:16
9.37146	-49.23447	0	47	2021-09-05T14:10:55
9.37205	-49.23414	0	47	2021-09-05T14:15:14
9.37270	-49.23380	0	47	2021-09-05T14:20:14
9.37330	-49.23337	0	47	2021-09-05T14:25:15
9.37395	-49.23294	0	47	2021-09-05T14:30:19
9.37463	-49.23239	0	47	2021-09-05T14:35:17
9.37533	-49.23181	0	47	2021-09-05T14:40:17
9.37606	-49.23126	0	47	2021-09-05T14:45:15
9.37670	-49.23071	0	47	2021-09-05T14:50:12
9.37730	-49.23005	0	47	2021-09-05T14:55:13
9.37781	-49.22962	0	47	2021-09-05T15:00:13
9.37837	-49.22919	0	47	2021-09-05T15:05:14
9.37893	-49.22870	0	47	2021-09-05T15:10:35
9.37940	-49.22818	0	47	2021-09-05T15:15:11
9.37984	-49.22778	0	47	2021-09-05T15:20:12
9.38022	-49.22739	0	47	2021-09-05T15:25:10
9.38109	-49.22663	0	47	2021-09-05T15:35:15
9.38156	-49.22629	0	47	2021-09-05T15:40:15
9.38203	-49.22586	0	47	2021-09-05T15:45:14
9.38245	-49.22549	0	47	2021-09-05T15:50:14
9.38279	-49.22525	0	47	2021-09-05T15:55:17
9.38326	-49.22488	0	47	2021-09-05T16:00:58
9.38363	-49.22464	0	47	2021-09-05T16:05:16
9.38420	-49.22430	0	47	2021-09-05T16:10:56
9.38457	-49.22409	0	47	2021-09-05T16:15:17
9.38503	-49.22385	0	47	2021-09-05T16:20:18
9.38554	-49.22357	0	47	2021-09-05T16:25:16
9.38603	-49.22324	0	47	2021-09-05T16:30:17
9.38650	-49.22290	0	47	2021-09-05T16:35:15
9.38695	-49.22260	0	47	2021-09-05T16:40:17
9.38735	-49.22235	0	47	2021-09-05T16:45:15
9.38779	-49.22212	0	47	2021-09-05T16:50:16
9.38813	-49.22195	0	47	2021-09-05T16:55:16
9.38851	-49.22174	0	47	2021-09-05T17:00:15
9.38904	-49.22137	0	47	2021-09-05T17:05:19
9.38954	-49.22098	0	47	2021-09-05T17:10:57
9.38986	-49.22075	0	47	2021-09-05T17:15:20
9.39016	-49.22058	0	47	2021-09-05T17:20:19
9.39045	-49.22031	0	47	2021-09-05T17:25:18
9.39077	-49.22000	0	47	2021-09-05T17:30:15
9.39110	-49.21973	0	47	2021-09-05T17:35:16
9.39143	-49.21942	0	47	2021-09-05T17:40:17
9.39180	-49.21902	0	47	2021-09-05T17:45:14
9.39227	-49.21854	0	47	2021-09-05T17:50:15
9.39265	-49.21811	0	47	2021-09-05T17:55:16
9.39309	-49.21768	0	47	2021-09-05T18:00:16
9.39357	-49.21722	0	47	2021-09-05T18:05:14
9.39419	-49.21671	0	47	2021-09-05T18:10:57
9.39467	-49.21637	0	47	2021-09-05T18:15:27
9.39514	-49.21600	0	47	2021-09-05T18:20:16
9.39568	-49.21548	0	47	2021-09-05T18:25:18
9.39620	-49.21489	0	47	2021-09-05T18:30:19
9.39671	-49.21420	0	47	2021-09-05T18:35:19
9.39723	-49.21362	0	47	2021-09-05T18:40:19
9.39770	-49.21320	0	47	2021-09-05T18:45:17
9.39814	-49.21271	0	47	2021-09-05T18:50:21
9.39866	-49.21228	0	47	2021-09-05T18:55:22
9.40046	-49.21046	0	47	2021-09-05T19:10:17
9.40102	-49.20995	0	47	2021-09-05T19:15:18
9.40161	-49.20944	0	47	2021-09-05T19:20:18
9.40222	-49.20898	0	47	2021-09-05T19:25:20
9.40287	-49.20859	0	47	2021-09-05T19:30:21
9.40351	-49.20816	0	47	2021-09-05T19:35:21
9.40426	-49.20773	0	47	2021-09-05T19:40:19
9.40508	-49.20718	0	47	2021-09-05T19:45:22
9.40598	-49.20651	0	47	2021-09-05T19:50:24
9.40695	-49.20574	0	47	2021-09-05T19:55:22
9.40785	-49.20514	0	47	2021-09-05T20:00:22
9.40870	-49.20456	0	47	2021-09-05T20:05:19
9.40961	-49.20392	0	47	2021-09-05T20:10:57
9.41029	-49.20346	0	47	2021-09-05T20:15:19
9.41111	-49.20288	0	47	2021-09-05T20:20:18
9.41188	-49.20245	0	47	2021-09-05T20:25:19
9.41264	-49.20203	0	47	2021-09-05T20:30:16
9.41346	-49.20148	0	47	2021-09-05T20:35:15
9.41433	-49.20069	0	47	2021-09-05T20:40:13
9.41519	-49.19986	0	47	2021-09-05T20:45:13
9.41609	-49.19897	0	47	2021-09-05T20:50:12
9.41693	-49.19812	0	47	2021-09-05T20:55:09
9.41770	-49.19735	0	47	2021-09-05T21:00:14
9.41843	-49.19666	0	47	2021-09-05T21:05:14
9.41909	-49.19601	0	47	2021-09-05T21:11:08
9.41971	-49.19549	0	47	2021-09-05T21:15:18
9.42034	-49.19480	0	47	2021-09-05T21:20:17
9.42099	-49.19403	0	47	2021-09-05T21:25:17
9.42165	-49.19324	0	47	2021-09-05T21:30:17
9.42226	-49.19247	0	47	2021-09-05T21:35:20
9.42286	-49.19173	0	47	2021-09-05T21:40:23
9.42337	-49.19104	0	47	2021-09-05T21:45:23
9.42389	-49.19040	0	47	2021-09-05T21:50:22
9.42441	-49.18979	0	47	2021-09-05T21:55:22
9.42500	-49.18915	0	47	2021-09-05T22:00:57
9.42564	-49.18846	0	47	2021-09-05T22:05:56
9.42637	-49.18777	0	47	2021-09-05T22:10:56
9.42697	-49.18710	0	47	2021-09-05T22:15:25
9.42765	-49.18634	0	47	2021-09-05T22:20:27
9.42836	-49.18564	0	47	2021-09-05T22:25:24
9.42910	-49.18499	0	47	2021-09-05T22:30:25
9.42974	-49.18439	0	47	2021-09-05T22:35:25
9.43046	-49.18365	0	47	2021-09-05T22:40:26
9.43127	-49.18286	0	47	2021-09-05T22:45:24
9.43205	-49.18213	0	47	2021-09-05T22:50:23
9.43284	-49.18149	0	47	2021-09-05T22:55:25
9.43355	-49.18085	0	47	2021-09-05T23:00:26
9.43432	-49.18015	0	47	2021-09-05T23:05:27
9.43514	-49.17935	0	47	2021-09-05T23:10:55
9.43584	-49.17874	0	47	2021-09-05T23:15:27
9.43661	-49.17801	0	47	2021-09-05T23:20:25
9.43737	-49.17743	0	47	2021-09-05T23:25:26
9.43825	-49.17649	0	47	2021-09-05T23:30:23
9.43906	-49.17563	0	47	2021-09-05T23:35:24
9.43976	-49.17477	0	47	2021-09-05T23:40:24
9.44045	-49.17380	0	47	2021-09-05T23:45:29
9.44117	-49.17287	0	47	2021-09-05T23:50:30
9.44178	-49.17218	0	47	2021-09-05T23:55:30
9.44234	-49.17148	0	47	2021-09-06T00:00:29
9.44290	-49.17075	0	47	2021-09-06T00:05:32
9.44350	-49.16994	0	47	2021-09-06T00:10:30
9.44389	-49.16934	0	47	2021-09-06T00:15:30
9.44439	-49.16858	0	47	2021-09-06T00:20:29
9.44487	-49.16788	0	47	2021-09-06T00:25:32
9.44532	-49.16709	0	47	2021-09-06T00:30:34
9.44579	-49.16632	0	47	2021-09-06T00:35:34
9.44624	-49.16544	0	47	2021-09-06T00:40:35
9.44669	-49.16458	0	47	2021-09-06T00:45:35
9.44706	-49.16376	0	47	2021-09-06T00:50:37
9.44740	-49.16299	0	47	2021-09-06T00:55:38
9.44774	-49.16217	0	47	2021-09-06T01:00:35
9.44804	-49.16135	0	47	2021-09-06T01:05:35
9.44830	-49.16040	0	47	2021-09-06T01:10:56
9.44858	-49.15955	0	47	2021-09-06T01:15:34
9.44884	-49.15875	0	47	2021-09-06T01:20:35
9.44913	-49.15790	0	47	2021-09-06T01:25:34
9.44945	-49.15701	0	47	2021-09-06T01:30:36
9.44975	-49.15617	0	47	2021-09-06T01:35:33
9.45013	-49.15540	0	47	2021-09-06T01:40:35
9.45045	-49.15454	0	47	2021-09-06T01:45:34
9.45074	-49.15369	0	47	2021-09-06T01:50:36
9.45106	-49.15292	0	47	2021-09-06T01:55:37
9.45130	-49.15213	0	47	2021-09-06T02:00:37
9.45158	-49.15143	0	47	2021-09-06T02:05:38
9.45185	-49.15060	0	47	2021-09-06T02:10:55
9.45205	-49.14975	0	47	2021-09-06T02:15:40
9.45229	-49.14877	0	47	2021-09-06T02:20:37
9.45246	-49.14783	0	47	2021-09-06T02:25:37
9.45257	-49.14694	0	47	2021-09-06T02:30:38
9.45273	-49.14603	0	47	2021-09-06T02:35:39
9.45287	-49.14509	0	47	2021-09-06T02:40:37
9.45290	-49.14423	0	47	2021-09-06T02:45:38
9.45301	-49.14334	0	47	2021-09-06T02:50:38
9.45299	-49.14246	0	47	2021-09-06T02:55:40
9.45299	-49.14152	0	47	2021-09-06T03:00:40
9.45309	-49.14066	0	47	2021-09-06T03:05:41
9.45315	-49.13977	0	47	2021-09-06T03:10:54
9.45317	-49.13898	0	47	2021-09-06T03:15:42
9.45322	-49.13812	0	47	2021-09-06T03:20:40
9.45336	-49.13712	0	47	2021-09-06T03:25:44
9.45346	-49.13605	0	47	2021-09-06T03:30:42
9.45351	-49.13504	0	47	2021-09-06T03:35:45
9.45355	-49.13403	0	47	2021-09-06T03:40:51
9.45356	-49.13306	0	47	2021-09-06T03:45:50
9.45358	-49.13205	0	47	2021-09-06T03:50:49
9.45355	-49.13110	0	47	2021-09-06T03:55:45
9.45351	-49.13004	0	47	2021-09-06T04:00:51
9.45346	-49.12906	0	47	2021-09-06T04:05:51
9.45334	-49.12794	0	47	2021-09-06T04:10:48
9.45321	-49.12717	0	47	2021-09-06T04:15:48
9.45297	-49.12619	0	47	2021-09-06T04:20:49
9.45271	-49.12512	0	47	2021-09-06T04:25:47
9.45237	-49.12402	0	47	2021-09-06T04:30:50
9.45208	-49.12302	0	47	2021-09-06T04:35:49
9.45184	-49.12195	0	47	2021-09-06T04:40:52
9.45157	-49.12088	0	47	2021-09-06T04:45:50
9.45126	-49.11978	0	47	2021-09-06T04:50:54
9.45095	-49.11868	0	47	2021-09-06T04:55:52
9.45060	-49.11761	0	47	2021-09-06T05:00:53
9.45027	-49.11652	0	47	2021-09-06T05:05:53
9.44987	-49.11532	0	47	2021-09-06T05:10:55
9.44957	-49.11429	0	47	2021-09-06T05:15:55
9.44914	-49.11334	0	47	2021-09-06T05:20:53
9.44874	-49.11227	0	47	2021-09-06T05:25:58
9.44830	-49.11117	0	47	2021-09-06T05:30:54
9.44792	-49.11005	0	47	2021-09-06T05:35:55
9.44757	-49.10876	0	47	2021-09-06T05:40:53
9.44717	-49.10751	0	47	2021-09-06T05:45:54
9.44682	-49.10621	0	47	2021-09-06T05:50:52
9.44638	-49.10501	0	47	2021-09-06T05:55:51
9.44594	-49.10388	0	47	2021-09-06T06:00:54
9.44551	-49.10287	0	47	2021-09-06T06:05:52
9.44497	-49.10168	0	47	2021-09-06T06:11:27
9.44454	-49.10080	0	47	2021-09-06T06:15:55
9.44397	-49.09979	0	47	2021-09-06T06:20:52
9.44344	-49.09882	0	47	2021-09-06T06:25:52
9.44294	-49.09773	0	47	2021-09-06T06:30:53
9.44244	-49.09689	0	47	2021-09-06T06:35:54
9.44200	-49.09610	0	47	2021-09-06T06:40:53
9.44150	-49.09528	0	47	2021-09-06T06:45:55
9.44112	-49.09433	0	47	2021-09-06T06:50:53
9.44073	-49.09341	0	47	2021-09-06T06:55:54
9.44026	-49.09251	0	47	2021-09-06T07:00:50
9.43983	-49.09174	0	47	2021-09-06T07:05:51
9.43924	-49.09074	0	47	2021-09-06T07:10:55
9.43889	-49.09021	0	47	2021-09-06T07:15:56
9.43843	-49.08945	0	47	2021-09-06T07:20:54
9.43798	-49.08862	0	47	2021-09-06T07:25:54
9.43759	-49.08777	0	47	2021-09-06T07:30:52
9.43727	-49.08691	0	47	2021-09-06T07:35:55
9.43695	-49.08617	0	47	2021-09-06T07:40:56
9.43669	-49.08548	0	47	2021-09-06T07:45:55
9.43631	-49.08478	0	47	2021-09-06T07:50:58
9.43595	-49.08405	0	47	2021-09-06T07:55:56
9.43560	-49.08334	0	47	2021-09-06T08:00:59
9.43526	-49.08267	0	47	2021-09-06T08:05:58
9.43490	-49.08197	0	47	2021-09-06T08:11:24
9.43460	-49.08145	0	47	2021-09-06T08:15:58
9.43425	-49.08083	0	47	2021-09-06T08:21:00
9.43394	-49.08032	0	47	2021-09-06T08:26:01
9.43361	-49.07965	0	47	2021-09-06T08:30:58
9.43332	-49.07913	0	47	2021-09-06T08:35:59
9.43293	-49.07855	0	47	2021-09-06T08:40:58
9.43258	-49.07804	0	47	2021-09-06T08:45:57
9.43229	-49.07770	0	47	2021-09-06T08:50:58
9.43192	-49.07727	0	47	2021-09-06T08:55:59
9.43157	-49.07700	0	47	2021-09-06T09:00:59
9.43122	-49.07666	0	47	2021-09-06T09:06:01
9.43085	-49.07617	0	47	2021-09-06T09:11:28
9.43050	-49.07593	0	47	2021-09-06T09:16:02
9.43007	-49.07537	0	47	2021-09-06T09:21:07
9.42972	-49.07503	0	47	2021-09-06T09:26:07
9.42939	-49.07477	0	47	2021-09-06T09:31:07
9.42894	-49.07446	0	47	2021-09-06T09:36:05
9.42850	-49.07413	0	47	2021-09-06T09:41:06
9.42780	-49.07361	0	47	2021-09-06T09:51:07
9.42749	-49.07333	0	47	2021-09-06T09:56:08
9.42714	-49.07303	0	47	2021-09-06T10:01:06
9.42683	-49.07266	0	47	2021-09-06T10:06:07
9.42653	-49.07220	0	47	2021-09-06T10:11:27
9.42624	-49.07193	0	47	2021-09-06T10:16:08
9.42586	-49.07147	0	47	2021-09-06T10:21:06
9.42545	-49.07111	0	47	2021-09-06T10:26:07
9.42507	-49.07077	0	47	2021-09-06T10:31:06
9.42462	-49.07047	0	47	2021-09-06T10:36:08
9.42418	-49.07019	0	47	2021-09-06T10:41:05
9.42376	-49.06995	0	47	2021-09-06T10:46:08
9.42334	-49.06964	0	47	2021-09-06T10:51:06
9.42298	-49.06943	0	47	2021-09-06T10:56:07
9.42261	-49.06911	0	47	2021-09-06T11:01:08
9.42226	-49.06885	0	47	2021-09-06T11:06:08
9.42183	-49.06837	0	47	2021-09-06T11:11:09
9.42146	-49.06805	0	47	2021-09-06T11:16:07
9.42101	-49.06769	0	47	2021-09-06T11:21:08
9.42052	-49.06735	0	47	2021-09-06T11:26:06
9.41995	-49.06705	0	47	2021-09-06T11:31:10
9.41944	-49.06679	0	47	2021-09-06T11:36:10
9.41874	-49.06653	0	47	2021-09-06T11:41:11
9.41813	-49.06631	0	47	2021-09-06T11:46:09
9.41751	-49.06607	0	47	2021-09-06T11:51:09
9.41684	-49.06580	0	47	2021-09-06T11:56:10
9.41616	-49.06567	0	47	2021-09-06T12:01:13
9.41549	-49.06552	0	47	2021-09-06T12:06:12
9.41473	-49.06528	0	47	2021-09-06T12:11:13
9.41423	-49.06509	0	47	2021-09-06T12:16:13
9.41366	-49.06476	0	47	2021-09-06T12:21:14
9.41308	-49.06445	0	47	2021-09-06T12:26:15
9.41245	-49.06412	0	47	2021-09-06T12:31:16
9.41175	-49.06384	0	47	2021-09-06T12:36:17
9.41107	-49.06366	0	47	2021-09-06T12:41:14
9.41027	-49.06330	0	47	2021-09-06T12:46:15
9.40945	-49.06313	0	47	2021-09-06T12:51:16
9.40868	-49.06296	0	47	2021-09-06T12:56:16
9.40781	-49.06265	0	47	2021-09-06T13:01:13
9.40695	-49.06235	0	47	2021-09-06T13:06:15
9.40598	-49.06197	0	47	2021-09-06T13:11:12
9.40508	-49.06180	0	47	2021-09-06T13:16:12
9.40398	-49.06153	0	47	2021-09-06T13:21:09
9.40286	-49.06136	0	47	2021-09-06T13:26:09
9.40174	-49.06119	0	47	2021-09-06T13:31:08
9.40071	-49.06091	0	47	2021-09-06T13:36:09
9.39866	-49.06021	0	47	2021-09-06T13:46:09
9.39752	-49.06021	0	47	2021-09-06T13:51:07
9.39622	-49.06012	0	47	2021-09-06T13:56:08
9.39500	-49.06012	0	47	2021-09-06T14:01:27
9.39385	-49.06003	0	47	2021-09-06T14:06:05
9.39269	-49.05994	0	47	2021-09-06T14:11:26
9.39169	-49.05991	0	47	2021-09-06T14:16:04
9.39058	-49.05984	0	47	2021-09-06T14:21:05
9.38950	-49.05975	0	47	2021-09-06T14:26:05
9.38838	-49.05975	0	47	2021-09-06T14:31:06
9.38725	-49.05966	0	47	2021-09-06T14:36:06
9.38599	-49.05975	0	47	2021-09-06T14:41:08
9.38479	-49.05975	0	47	2021-09-06T14:46:08
9.38359	-49.05972	0	47	2021-09-06T14:51:08
9.38125	-49.05948	0	47	2021-09-06T15:01:38
9.38010	-49.05948	0	47	2021-09-06T15:06:39
9.37886	-49.05948	0	47	2021-09-06T15:11:39
9.37782	-49.05942	0	47	2021-09-06T15:16:13
9.37667	-49.05932	0	47	2021-09-06T15:21:18
9.37555	-49.05923	0	47	2021-09-06T15:26:18
9.37434	-49.05920	0	47	2021-09-06T15:31:17
9.37310	-49.05920	0	47	2021-09-06T15:36:17
9.37182	-49.05923	0	47	2021-09-06T15:41:21
9.37046	-49.05923	0	47	2021-09-06T15:46:21
9.36910	-49.05930	0	47	2021-09-06T15:51:23
9.36774	-49.05948	0	47	2021-09-06T15:56:23
9.36650	-49.05969	0	47	2021-09-06T16:01:26
9.36529	-49.06000	0	47	2021-09-06T16:06:25
9.36406	-49.06027	0	47	2021-09-06T16:11:56
9.36309	-49.06050	0	47	2021-09-06T16:16:23
9.36219	-49.06067	0	47	2021-09-06T16:21:23
9.36117	-49.06094	0	47	2021-09-06T16:26:21
9.36020	-49.06126	0	47	2021-09-06T16:31:21
9.35926	-49.06143	0	47	2021-09-06T16:36:20
9.35821	-49.06173	0	47	2021-09-06T16:41:20
9.35718	-49.06207	0	47	2021-09-06T16:46:21
9.35608	-49.06244	0	47	2021-09-06T16:51:22
9.35499	-49.06288	0	47	2021-09-06T16:56:23
9.35399	-49.06339	0	47	2021-09-06T17:01:23
9.35291	-49.06403	0	47	2021-09-06T17:06:21
9.35173	-49.06470	0	47	2021-09-06T17:11:55
9.35073	-49.06529	0	47	2021-09-06T17:16:26
9.34957	-49.06580	0	47	2021-09-06T17:21:26
9.34844	-49.06628	0	47	2021-09-06T17:26:28
9.34731	-49.06690	0	47	2021-09-06T17:31:28
9.34619	-49.06750	0	47	2021-09-06T17:36:27
9.34506	-49.06802	0	47	2021-09-06T17:41:26
9.34397	-49.06851	0	47	2021-09-06T17:46:28
9.34290	-49.06899	0	47	2021-09-06T17:51:43
9.34174	-49.06950	0	47	2021-09-06T17:56:42
9.34061	-49.07010	0	47	2021-09-06T18:01:42
9.33956	-49.07074	0	47	2021-09-06T18:06:27
9.33822	-49.07150	0	47	2021-09-06T18:12:11
9.33726	-49.07214	0	47	2021-09-06T18:16:32
9.33615	-49.07278	0	47	2021-09-06T18:21:32
9.33512	-49.07355	0	47	2021-09-06T18:26:30
9.33404	-49.07434	0	47	2021-09-06T18:31:34
9.33297	-49.07507	0	47	2021-09-06T18:36:32
9.33188	-49.07581	0	47	2021-09-06T18:41:33
9.33079	-49.07639	0	47	2021-09-06T18:46:34
9.32978	-49.07703	0	47	2021-09-06T18:51:32
9.32884	-49.07770	0	47	2021-09-06T18:56:31
9.32795	-49.07834	0	47	2021-09-06T19:01:32
9.32703	-49.07899	0	47	2021-09-06T19:06:56
9.32609	-49.07968	0	47	2021-09-06T19:11:56
9.32525	-49.08029	0	47	2021-09-06T19:16:34
9.32189	-49.08350	0	47	2021-09-06T19:36:34
9.32109	-49.08428	0	47	2021-09-06T19:41:31
9.32037	-49.08497	0	47	2021-09-06T19:46:30
9.31964	-49.08566	0	47	2021-09-06T19:51:30
9.31891	-49.08633	0	47	2021-09-06T19:56:30
9.31816	-49.08698	0	47	2021-09-06T20:01:34
9.31734	-49.08770	0	47	2021-09-06T20:06:58
9.31644	-49.08847	0	47	2021-09-06T20:11:57
9.31570	-49.08911	0	47	2021-09-06T20:16:29
9.31485	-49.08990	0	47	2021-09-06T20:21:31
9.31404	-49.09064	0	47	2021-09-06T20:26:28
9.31320	-49.09143	0	47	2021-09-06T20:31:30
9.31236	-49.09229	0	47	2021-09-06T20:36:30
9.31159	-49.09299	0	47	2021-09-06T20:41:30
9.31087	-49.09367	0	47	2021-09-06T20:46:31
9.31011	-49.09436	0	47	2021-09-06T20:51:31
9.30934	-49.09503	0	47	2021-09-06T20:56:29
9.30852	-49.09570	0	47	2021-09-06T21:01:30
9.30768	-49.09641	0	47	2021-09-06T21:06:31
9.30681	-49.09711	0	47	2021-09-06T21:11:56
9.30606	-49.09784	0	47	2021-09-06T21:16:30
9.30531	-49.09869	0	47	2021-09-06T21:21:27
9.30452	-49.09951	0	47	2021-09-06T21:26:27
9.30375	-49.10028	0	47	2021-09-06T21:31:27
9.30298	-49.10110	0	47	2021-09-06T21:36:24
9.30225	-49.10196	0	47	2021-09-06T21:41:24
9.30054	-49.10388	0	47	2021-09-06T21:51:23
9.29964	-49.10482	0	47	2021-09-06T21:56:24
9.29881	-49.10568	0	47	2021-09-06T22:01:24
9.29796	-49.10669	0	47	2021-09-06T22:06:22
9.29709	-49.10791	0	47	2021-09-06T22:11:56
9.29637	-49.10875	0	47	2021-09-06T22:16:20
9.29565	-49.10961	0	47	2021-09-06T22:21:21
9.29487	-49.11038	0	47	2021-09-06T22:26:21
9.29407	-49.11123	0	47	2021-09-06T22:31:22
9.29322	-49.11200	0	47	2021-09-06T22:36:23
9.29231	-49.11288	0	47	2021-09-06T22:41:20
9.29139	-49.11374	0	47	2021-09-06T22:46:22
9.29053	-49.11447	0	47	2021-09-06T22:51:22
9.28974	-49.11531	0	47	2021-09-06T22:56:23
9.28905	-49.11600	0	47	2021-09-06T23:01:24
9.28832	-49.11670	0	47	2021-09-06T23:06:25
9.28757	-49.11740	0	47	2021-09-06T23:11:55
9.28697	-49.11816	0	47	2021-09-06T23:16:27
9.28623	-49.11896	0	47	2021-09-06T23:21:27
9.28558	-49.11966	0	47	2021-09-06T23:26:28
9.28494	-49.12042	0	47	2021-09-06T23:31:26
9.28430	-49.12117	0	47	2021-09-06T23:36:26
9.28360	-49.12186	0	47	2021-09-06T23:41:27
9.28295	-49.12256	0	47	2021-09-06T23:46:24
9.28234	-49.12317	0	47	2021-09-06T23:51:27
9.28176	-49.12385	0	47	2021-09-06T23:56:26
9.28116	-49.12445	0	47	2021-09-07T00:01:26
9.28054	-49.12506	0	47	2021-09-07T00:06:28
9.27976	-49.12582	0	47	2021-09-07T00:11:58
9.27917	-49.12655	0	47	2021-09-07T00:16:28
9.27861	-49.12720	0	47	2021-09-07T00:21:26
9.27792	-49.12793	0	47	2021-09-07T00:26:27
9.27717	-49.12866	0	47	2021-09-07T00:31:28
9.27643	-49.12939	0	47	2021-09-07T00:36:29
9.27558	-49.13016	0	47	2021-09-07T00:41:29
9.27472	-49.13091	0	47	2021-09-07T00:46:34
9.27398	-49.13144	0	47	2021-09-07T00:51:31
9.27318	-49.13211	0	47	2021-09-07T00:56:34
9.27234	-49.13278	0	47	2021-09-07T01:01:32
9.27152	-49.13354	0	47	2021-09-07T01:06:34
9.27064	-49.13428	0	47	2021-09-07T01:11:56
9.26985	-49.13483	0	47	2021-09-07T01:16:34
9.26901	-49.13550	0	47	2021-09-07T01:21:32
9.26820	-49.13619	0	47	2021-09-07T01:26:34
9.26737	-49.13705	0	47	2021-09-07T01:31:34
9.26667	-49.13770	0	47	2021-09-07T01:36:34
9.26587	-49.13831	0	47	2021-09-07T01:41:32
9.26512	-49.13899	0	47	2021-09-07T01:46:36
9.26440	-49.13950	0	47	2021-09-07T01:51:36
9.26370	-49.14026	0	47	2021-09-07T01:56:34
9.26287	-49.14093	0	47	2021-09-07T02:01:35
9.26206	-49.14169	0	47	2021-09-07T02:06:50
9.26121	-49.14230	0	47	2021-09-07T02:12:07
9.26047	-49.14288	0	47	2021-09-07T02:16:53
9.25970	-49.14349	0	47	2021-09-07T02:21:54
9.25888	-49.14415	0	47	2021-09-07T02:26:39
9.25812	-49.14466	0	47	2021-09-07T02:31:39
9.25726	-49.14526	0	47	2021-09-07T02:36:38
9.25634	-49.14600	0	47	2021-09-07T02:41:56
9.25543	-49.14658	0	47	2021-09-07T02:46:43
9.25451	-49.14719	0	47	2021-09-07T02:51:41
9.25348	-49.14792	0	47	2021-09-07T02:56:56
9.25248	-49.14864	0	47	2021-09-07T03:02:27
9.25162	-49.14915	0	47	2021-09-07T03:07:26
9.25071	-49.14984	0	47	2021-09-07T03:12:26
9.24995	-49.15033	0	47	2021-09-07T03:16:52
9.24909	-49.15091	0	47	2021-09-07T03:21:49
9.24831	-49.15165	0	47	2021-09-07T03:26:50
9.24749	-49.15216	0	47	2021-09-07T03:31:51
9.24668	-49.15280	0	47	2021-09-07T03:36:50
9.24610	-49.15335	0	47	2021-09-07T03:41:49
9.24545	-49.15390	0	47	2021-09-07T03:46:50
9.24475	-49.15442	0	47	2021-09-07T03:51:50
9.24414	-49.15497	0	47	2021-09-07T03:56:52
9.24353	-49.15549	0	47	2021-09-07T04:01:56
9.24278	-49.15604	0	47	2021-09-07T04:06:54
9.24203	-49.15674	0	47	2021-09-07T04:12:27
9.24131	-49.15727	0	47	2021-09-07T04:16:58
9.24062	-49.15778	0	47	2021-09-07T04:21:59
9.23991	-49.15829	0	47	2021-09-07T04:26:55
9.23921	-49.15884	0	47	2021-09-07T04:32:00
9.23850	-49.15936	0	47	2021-09-07T04:36:55
9.23774	-49.15988	0	47	2021-09-07T04:41:58
9.23706	-49.16037	0	47	2021-09-07T04:47:03
9.23638	-49.16086	0	47	2021-09-07T04:52:01
9.23560	-49.16137	0	47	2021-09-07T04:57:13
9.23495	-49.16180	0	47	2021-09-07T05:02:14
9.23427	-49.16226	0	47	2021-09-07T05:07:11
9.23348	-49.16279	0	47	2021-09-07T05:12:14
9.23297	-49.16322	0	47	2021-09-07T05:17:13
9.23241	-49.16373	0	47	2021-09-07T05:22:14
9.23193	-49.16425	0	47	2021-09-07T05:27:13
9.23143	-49.16476	0	47	2021-09-07T05:31:59
9.23090	-49.16537	0	47	2021-09-07T05:37:12
9.23034	-49.16595	0	47	2021-09-07T05:42:13
9.22976	-49.16653	0	47	2021-09-07T05:46:58
9.22861	-49.16793	0	47	2021-09-07T05:57:00
9.22814	-49.16844	0	47	2021-09-07T06:02:00
9.22758	-49.16904	0	47	2021-09-07T06:06:59
9.22705	-49.16965	0	47	2021-09-07T06:12:26
9.22657	-49.17018	0	47	2021-09-07T06:17:00
9.22597	-49.17078	0	47	2021-09-07T06:22:00
9.22537	-49.17139	0	47	2021-09-07T06:27:01
9.22480	-49.17203	0	47	2021-09-07T06:31:59
9.22425	-49.17273	0	47	2021-09-07T06:37:00
9.22368	-49.17334	0	47	2021-09-07T06:42:01
9.22297	-49.17401	0	47	2021-09-07T06:47:01
9.22221	-49.17465	0	47	2021-09-07T06:52:02
9.22139	-49.17526	0	47	2021-09-07T06:57:01
9.22054	-49.17590	0	47	2021-09-07T07:02:04
9.21978	-49.17655	0	47	2021-09-07T07:07:28
9.21892	-49.17715	0	47	2021-09-07T07:12:28
9.21829	-49.17780	0	47	2021-09-07T07:17:03
9.21758	-49.17847	0	47	2021-09-07T07:22:06
9.21685	-49.17917	0	47	2021-09-07T07:27:04
9.21617	-49.17989	0	47	2021-09-07T07:32:09
9.21557	-49.18066	0	47	2021-09-07T07:37:09
9.21503	-49.18152	0	47	2021-09-07T07:42:09
9.21438	-49.18243	0	47	2021-09-07T07:47:10
9.21369	-49.18329	0	47	2021-09-07T07:52:09
9.21306	-49.18423	0	47	2021-09-07T07:57:09
9.21249	-49.18512	0	47	2021-09-07T08:02:10
9.21193	-49.18604	0	47	2021-09-07T08:07:11
9.21127	-49.18713	0	47	2021-09-07T08:12:24
9.21075	-49.18808	0	47	2021-09-07T08:17:12
9.21029	-49.18912	0	47	2021-09-07T08:22:10
9.20982	-49.19012	0	47	2021-09-07T08:27:10
9.20936	-49.19104	0	47	2021-09-07T08:32:11
9.20893	-49.19196	0	47	2021-09-07T08:37:09
9.20843	-49.19284	0	47	2021-09-07T08:42:12
9.20795	-49.19371	0	47	2021-09-07T08:47:14
9.20756	-49.19457	0	47	2021-09-07T08:52:15
9.20712	-49.19543	0	47	2021-09-07T08:57:15
9.20673	-49.19644	0	47	2021-09-07T09:02:13
9.20637	-49.19739	0	47	2021-09-07T09:07:16
9.20599	-49.19843	0	47	2021-09-07T09:12:56
9.20567	-49.19919	0	47	2021-09-07T09:17:12
9.20527	-49.20010	0	47	2021-09-07T09:22:13
9.20457	-49.20203	0	47	2021-09-07T09:32:10
9.20431	-49.20303	0	47	2021-09-07T09:37:14
9.20412	-49.20404	0	47	2021-09-07T09:42:16
9.20397	-49.20499	0	47	2021-09-07T09:47:15
9.20383	-49.20599	0	47	2021-09-07T09:52:17
9.20365	-49.20694	0	47	2021-09-07T09:57:15
9.20337	-49.20792	0	47	2021-09-07T10:02:18
9.20307	-49.20895	0	47	2021-09-07T10:07:20
9.20271	-49.21014	0	47	2021-09-07T10:12:55
9.20236	-49.21109	0	47	2021-09-07T10:17:18
9.20201	-49.21210	0	47	2021-09-07T10:22:19
9.20177	-49.21304	0	47	2021-09-07T10:27:19
9.20153	-49.21406	0	47	2021-09-07T10:32:23
9.20135	-49.21500	0	47	2021-09-07T10:37:22
9.20119	-49.21603	0	47	2021-09-07T10:42:22
9.20093	-49.21707	0	47	2021-09-07T10:47:20
9.20043	-49.21913	0	47	2021-09-07T10:57:21
9.20026	-49.22016	0	47	2021-09-07T11:02:21
9.20013	-49.22119	0	47	2021-09-07T11:07:21
9.20003	-49.22247	0	47	2021-09-07T11:12:54
9.19980	-49.22342	0	47	2021-09-07T11:17:20
9.19969	-49.22440	0	47	2021-09-07T11:22:21
9.19952	-49.22540	0	47	2021-09-07T11:27:22
9.19927	-49.22641	0	47	2021-09-07T11:32:23
9.19908	-49.22736	0	47	2021-09-07T11:37:20
9.19891	-49.22822	0	47	2021-09-07T11:42:20
9.19882	-49.22916	0	47	2021-09-07T11:47:20
9.19870	-49.23013	0	47	2021-09-07T11:52:22
9.19852	-49.23114	0	47	2021-09-07T11:57:22
9.19838	-49.23206	0	47	2021-09-07T12:02:24
9.19825	-49.23288	0	47	2021-09-07T12:07:25
9.19802	-49.23376	0	47	2021-09-07T12:12:56
9.19788	-49.23461	0	47	2021-09-07T12:17:27
9.19783	-49.23547	0	47	2021-09-07T12:22:28
9.19777	-49.23636	0	47	2021-09-07T12:27:29
9.19764	-49.23730	0	47	2021-09-07T12:32:29
9.19746	-49.23825	0	47	2021-09-07T12:37:29
9.19719	-49.23923	0	47	2021-09-07T12:42:31
9.19693	-49.24020	0	47	2021-09-07T12:47:32
9.19675	-49.24097	0	47	2021-09-07T12:52:32
9.19664	-49.24176	0	47	2021-09-07T12:57:33
9.19636	-49.24319	0	47	2021-09-07T13:07:31
9.19632	-49.24388	0	47	2021-09-07T13:12:32
9.19619	-49.24448	0	47	2021-09-07T13:17:32
9.19603	-49.24518	0	47	2021-09-07T13:22:30
9.19586	-49.24582	0	47	2021-09-07T13:27:28
9.19561	-49.24655	0	47	2021-09-07T13:32:31
9.19544	-49.24725	0	47	2021-09-07T13:37:29
9.19523	-49.24792	0	47	2021-09-07T13:42:30
9.19502	-49.24854	0	47	2021-09-07T13:47:30
9.19483	-49.24920	0	47	2021-09-07T13:52:31
9.19466	-49.24973	0	47	2021-09-07T13:57:32
9.19441	-49.25040	0	47	2021-09-07T14:02:30
9.19417	-49.25097	0	47	2021-09-07T14:07:30
9.19403	-49.25156	0	47	2021-09-07T14:13:25
9.19387	-49.25208	0	47	2021-09-07T14:17:29
9.19366	-49.25269	0	47	2021-09-07T14:22:32
9.19342	-49.25338	0	47	2021-09-07T14:27:29
9.19316	-49.25389	0	47	2021-09-07T14:32:29
9.19295	-49.25449	0	47	2021-09-07T14:37:28
9.19276	-49.25513	0	47	2021-09-07T14:42:31
9.19239	-49.25732	0	47	2021-09-07T14:57:30
9.19222	-49.25881	0	47	2021-09-07T15:07:36
9.19222	-49.25950	0	47	2021-09-07T15:12:36
9.19222	-49.26010	0	47	2021-09-07T15:17:35
9.19211	-49.26071	0	47	2021-09-07T15:22:35
9.19204	-49.26127	0	47	2021-09-07T15:27:35
9.19195	-49.26178	0	47	2021-09-07T15:32:34
9.19192	-49.26236	0	47	2021-09-07T15:37:35
9.19199	-49.26286	0	47	2021-09-07T15:42:32
9.19199	-49.26337	0	47	2021-09-07T15:47:32
9.19204	-49.26389	0	47	2021-09-07T15:52:33
9.19203	-49.26443	0	47	2021-09-07T15:57:34
9.19203	-49.26501	0	47	2021-09-07T16:02:33
9.19199	-49.26554	0	47	2021-09-07T16:07:57
9.19186	-49.26614	0	47	2021-09-07T16:12:56
9.19173	-49.26664	0	47	2021-09-07T16:17:32
9.19164	-49.26715	0	47	2021-09-07T16:22:31
9.19150	-49.26773	0	47	2021-09-07T16:27:32
9.19142	-49.26828	0	47	2021-09-07T16:32:31
9.19128	-49.26879	0	47	2021-09-07T16:37:29
9.19115	-49.26930	0	47	2021-09-07T16:42:29
9.19102	-49.26981	0	47	2021-09-07T16:47:29
9.19089	-49.27026	0	47	2021-09-07T16:52:30
9.19081	-49.27069	0	47	2021-09-07T16:57:31
9.19087	-49.27121	0	47	2021-09-07T17:02:29
9.19079	-49.27170	0	47	2021-09-07T17:07:27
9.19075	-49.27225	0	47	2021-09-07T17:12:58
9.19063	-49.27281	0	47	2021-09-07T17:17:31
9.19059	-49.27332	0	47	2021-09-07T17:22:30
9.19055	-49.27383	0	47	2021-09-07T17:27:30
9.19053	-49.27438	0	47	2021-09-07T17:32:33
9.19051	-49.27495	0	47	2021-09-07T17:37:31
9.19049	-49.27551	0	47	2021-09-07T17:42:31
9.19051	-49.27615	0	47	2021-09-07T17:47:32
9.19040	-49.27737	0	47	2021-09-07T17:57:47
9.19039	-49.27780	0	47	2021-09-07T18:02:34
9.19027	-49.27814	0	47	2021-09-07T18:07:48
9.19020	-49.27875	0	47	2021-09-07T18:13:12
9.19016	-49.27927	0	47	2021-09-07T18:17:50
9.19017	-49.27979	0	47	2021-09-07T18:22:53
9.19028	-49.28040	0	47	2021-09-07T18:27:51
9.19030	-49.28101	0	47	2021-09-07T18:32:49
9.19039	-49.28166	0	47	2021-09-07T18:37:50
9.19039	-49.28226	0	47	2021-09-07T18:42:50
9.19041	-49.28284	0	47	2021-09-07T18:47:50
9.19039	-49.28348	0	47	2021-09-07T18:52:41
9.19032	-49.28400	0	47	2021-09-07T18:57:40
9.19023	-49.28442	0	47	2021-09-07T19:02:38
9.19016	-49.28485	0	47	2021-09-07T19:07:40
9.19023	-49.28531	0	47	2021-09-07T19:12:58
9.19034	-49.28571	0	47	2021-09-07T19:17:41
9.19042	-49.28613	0	47	2021-09-07T19:22:42
9.19050	-49.28665	0	47	2021-09-07T19:27:41
9.19061	-49.28717	0	47	2021-09-07T19:32:40
9.19075	-49.28751	0	47	2021-09-07T19:37:40
9.19095	-49.28796	0	47	2021-09-07T19:42:38
9.19114	-49.28836	0	47	2021-09-07T19:47:39
9.19126	-49.28876	0	47	2021-09-07T19:52:42
9.19140	-49.28918	0	47	2021-09-07T19:57:40
9.19148	-49.28949	0	47	2021-09-07T20:02:41
9.19159	-49.28989	0	47	2021-09-07T20:07:41
9.19157	-49.29022	0	47	2021-09-07T20:12:41
9.19178	-49.29056	0	47	2021-09-07T20:17:40
9.19197	-49.29092	0	47	2021-09-07T20:22:39
9.19220	-49.29131	0	47	2021-09-07T20:27:40
9.19250	-49.29166	0	47	2021-09-07T20:32:38
9.19267	-49.29208	0	47	2021-09-07T20:37:39
9.19289	-49.29245	0	47	2021-09-07T20:42:41
9.19314	-49.29266	0	47	2021-09-07T20:47:45
9.19331	-49.29300	0	47	2021-09-07T20:52:45
9.19347	-49.29343	0	47	2021-09-07T20:57:46
9.19368	-49.29404	0	47	2021-09-07T21:02:52
9.19394	-49.29459	0	47	2021-09-07T21:07:43
9.19433	-49.29541	0	47	2021-09-07T21:13:13
9.19471	-49.29608	0	47	2021-09-07T21:17:54
9.19496	-49.29669	0	47	2021-09-07T21:22:38
9.19520	-49.29736	0	47	2021-09-07T21:27:39
9.19551	-49.29800	0	47	2021-09-07T21:32:37
9.19580	-49.29865	0	47	2021-09-07T21:37:38
9.19605	-49.29916	0	47	2021-09-07T21:42:38
9.19630	-49.29968	0	47	2021-09-07T21:47:39
9.19654	-49.30023	0	47	2021-09-07T21:52:40
9.19679	-49.30099	0	47	2021-09-07T21:57:37
9.19705	-49.30159	0	47	2021-09-07T22:02:38
9.19726	-49.30219	0	47	2021-09-07T22:07:38
9.19739	-49.30283	0	47	2021-09-07T22:12:58
9.19748	-49.30341	0	47	2021-09-07T22:17:37
9.19769	-49.30396	0	47	2021-09-07T22:22:35
9.19783	-49.30453	0	47	2021-09-07T22:27:36
9.19790	-49.30505	0	47	2021-09-07T22:32:35
9.19793	-49.30563	0	47	2021-09-07T22:37:36
9.19793	-49.30603	0	47	2021-09-07T22:42:34
9.19790	-49.30649	0	47	2021-09-07T22:47:35
9.19783	-49.30701	0	47	2021-09-07T22:52:36
9.19780	-49.30758	0	47	2021-09-07T22:57:36
9.19783	-49.30801	0	47	2021-09-07T23:02:36
9.19792	-49.30835	0	47	2021-09-07T23:07:35
9.19809	-49.30869	0	47	2021-09-07T23:12:54
9.19796	-49.30905	0	47	2021-09-07T23:17:36
9.19802	-49.30933	0	47	2021-09-07T23:22:37
9.19799	-49.30963	0	47	2021-09-07T23:27:34
9.19796	-49.30994	0	47	2021-09-07T23:32:34
9.19788	-49.31018	0	47	2021-09-07T23:37:35
9.19785	-49.31035	0	47	2021-09-07T23:42:36
9.19781	-49.31061	0	47	2021-09-07T23:47:36
9.19781	-49.31082	0	47	2021-09-07T23:52:37
9.19777	-49.31110	0	47	2021-09-07T23:57:35
9.19771	-49.31134	0	47	2021-09-08T00:02:40
9.19767	-49.31152	0	47	2021-09-08T00:07:39
9.19769	-49.31177	0	47	2021-09-08T00:12:57
9.19763	-49.31192	0	47	2021-09-08T00:17:38
9.19769	-49.31209	0	47	2021-09-08T00:22:40
9.19769	-49.31216	0	47	2021-09-08T00:27:40
9.19778	-49.31235	0	47	2021-09-08T00:32:41
9.19777	-49.31254	0	47	2021-09-08T00:37:40
9.19763	-49.31253	0	47	2021-09-08T00:42:41
9.19781	-49.31271	0	47	2021-09-08T00:47:40
9.19780	-49.31290	0	47	2021-09-08T00:52:41
9.19792	-49.31320	0	47	2021-09-08T00:57:53
9.19793	-49.31339	0	47	2021-09-08T01:02:51
9.19790	-49.31354	0	47	2021-09-08T01:07:55
9.19793	-49.31363	0	47	2021-09-08T01:12:55
9.19800	-49.31378	0	47	2021-09-08T01:17:41
9.19804	-49.31378	0	47	2021-09-08T01:22:42
9.19807	-49.31378	0	47	2021-09-08T01:27:42
9.19825	-49.31390	0	47	2021-09-08T01:32:38
9.19835	-49.31403	0	47	2021-09-08T01:37:39
9.19851	-49.31412	0	47	2021-09-08T01:42:37
9.19870	-49.31427	0	47	2021-09-08T01:47:42
9.19886	-49.31436	0	47	2021-09-08T01:52:42
9.19908	-49.31445	0	47	2021-09-08T01:57:41
9.19929	-49.31464	0	47	2021-09-08T02:02:55
9.19938	-49.31491	0	47	2021-09-08T02:07:42
9.19963	-49.31509	0	47	2021-09-08T02:13:09
9.19994	-49.31519	0	47	2021-09-08T02:17:43
9.20022	-49.31522	0	47	2021-09-08T02:22:44
9.20055	-49.31512	0	47	2021-09-08T02:27:42
9.20081	-49.31512	0	47	2021-09-08T02:32:42
9.20111	-49.31512	0	47	2021-09-08T02:37:43
9.20143	-49.31506	0	47	2021-09-08T02:42:44
9.20173	-49.31506	0	47	2021-09-08T02:47:42
9.20196	-49.31500	0	47	2021-09-08T02:52:44
9.20215	-49.31494	0	47	2021-09-08T02:57:42
9.20262	-49.31467	0	47	2021-09-08T03:07:43
9.20295	-49.31441	0	47	2021-09-08T03:12:42
9.20322	-49.31415	0	47	2021-09-08T03:17:42
9.20351	-49.31384	0	47	2021-09-08T03:22:40
9.20384	-49.31357	0	47	2021-09-08T03:27:40
9.20414	-49.31317	0	47	2021-09-08T03:32:36
9.20440	-49.31300	0	47	2021-09-08T03:37:35
9.20461	-49.31274	0	47	2021-09-08T03:42:35
9.20478	-49.31253	0	47	2021-09-08T03:47:36
9.20501	-49.31226	0	47	2021-09-08T03:52:33
9.20513	-49.31201	0	47	2021-09-08T03:57:34
9.20534	-49.31174	0	47	2021-09-08T04:02:31
9.20553	-49.31149	0	47	2021-09-08T04:07:30
9.20593	-49.31085	0	47	2021-09-08T04:17:28
9.20609	-49.31059	0	47	2021-09-08T04:22:27
9.20627	-49.31042	0	47	2021-09-08T04:27:27
9.20640	-49.31015	0	47	2021-09-08T04:32:29
9.20656	-49.30984	0	47	2021-09-08T04:37:28
9.20692	-49.30951	0	47	2021-09-08T04:42:41
9.20711	-49.30930	0	47	2021-09-08T04:47:43
9.20720	-49.30920	0	47	2021-09-08T04:52:43
9.20742	-49.30902	0	47	2021-09-08T04:57:41
9.20758	-49.30896	0	47	2021-09-08T05:02:41
9.20776	-49.30884	0	47	2021-09-08T05:07:42
9.20796	-49.30875	0	47	2021-09-08T05:12:59
9.20815	-49.30856	0	47	2021-09-08T05:17:24
9.20837	-49.30847	0	47	2021-09-08T05:22:24
9.20850	-49.30847	0	47	2021-09-08T05:27:23
9.20864	-49.30835	0	47	2021-09-08T05:32:23
9.20886	-49.30826	0	47	2021-09-08T05:37:24
9.20916	-49.30800	0	47	2021-09-08T05:42:23
9.20940	-49.30798	0	47	2021-09-08T05:47:24
9.20959	-49.30774	0	47	2021-09-08T05:52:22
9.20992	-49.30737	0	47	2021-09-08T06:02:55
9.21005	-49.30728	0	47	2021-09-08T06:07:56
9.21022	-49.30728	0	47	2021-09-08T06:12:56
9.21035	-49.30719	0	47	2021-09-08T06:17:22
9.21045	-49.30710	0	47	2021-09-08T06:22:23
9.21059	-49.30701	0	47	2021-09-08T06:27:21
9.21075	-49.30695	0	47	2021-09-08T06:32:24
9.21092	-49.30695	0	47	2021-09-08T06:37:23
9.21120	-49.30685	0	47	2021-09-08T06:42:22
9.21144	-49.30673	0	47	2021-09-08T06:47:20
9.21171	-49.30652	0	47	2021-09-08T06:52:21
9.21199	-49.30630	0	47	2021-09-08T06:57:19
9.21216	-49.30615	0	47	2021-09-08T07:02:23
9.21238	-49.30603	0	47	2021-09-08T07:07:21
9.21264	-49.30566	0	47	2021-09-08T07:12:23
9.21280	-49.30557	0	47	2021-09-08T07:17:22
9.21299	-49.30548	0	47	2021-09-08T07:22:25
9.21315	-49.30536	0	47	2021-09-08T07:27:24
9.21327	-49.30539	0	47	2021-09-08T07:32:29
9.21332	-49.30536	0	47	2021-09-08T07:37:25
9.21340	-49.30539	0	47	2021-09-08T07:42:30
9.21350	-49.30545	0	47	2021-09-08T07:47:29
9.21364	-49.30539	0	47	2021-09-08T07:52:28
9.21377	-49.30539	0	47	2021-09-08T07:57:28
9.21378	-49.30539	0	47	2021-09-08T08:02:29
9.21374	-49.30545	0	47	2021-09-08T08:07:29
9.21383	-49.30551	0	47	2021-09-08T08:13:26
9.21390	-49.30564	0	47	2021-09-08T08:17:28
9.21402	-49.30573	0	47	2021-09-08T08:22:28
9.21415	-49.30582	0	47	2021-09-08T08:27:29
9.21427	-49.30600	0	47	2021-09-08T08:32:30
9.21448	-49.30609	0	47	2021-09-08T08:37:30
9.21465	-49.30624	0	47	2021-09-08T08:42:28
9.21475	-49.30643	0	47	2021-09-08T08:47:30
9.21477	-49.30658	0	47	2021-09-08T08:52:30
9.21480	-49.30667	0	47	2021-09-08T08:57:30
9.21482	-49.30676	0	47	2021-09-08T09:02:31
9.21484	-49.30688	0	47	2021-09-08T09:07:33
9.21503	-49.30710	0	47	2021-09-08T09:17:34
9.21522	-49.30722	0	47	2021-09-08T09:22:35
9.21538	-49.30728	0	47	2021-09-08T09:27:33
9.21550	-49.30740	0	47	2021-09-08T09:32:33
9.21563	-49.30746	0	47	2021-09-08T09:37:34
9.21593	-49.30763	0	47	2021-09-08T09:42:32
9.21613	-49.30772	0	47	2021-09-08T09:47:32
9.21635	-49.30789	0	47	2021-09-08T09:52:33
9.21655	-49.30811	0	47	2021-09-08T09:57:34
9.21683	-49.30826	0	47	2021-09-08T10:02:35
9.21715	-49.30841	0	47	2021-09-08T10:07:35
9.21754	-49.30859	0	47	2021-09-08T10:13:26
9.21826	-49.30901	0	47	2021-09-08T10:22:30
9.21855	-49.30911	0	47	2021-09-08T10:27:31
9.21890	-49.30927	0	47	2021-09-08T10:32:29
9.21926	-49.30942	0	47	2021-09-08T10:37:30
9.21960	-49.30954	0	47	2021-09-08T10:42:30
9.21986	-49.30963	0	47	2021-09-08T10:47:30
9.22012	-49.30972	0	47	2021-09-08T10:52:27
9.22039	-49.30978	0	47	2021-09-08T10:57:25
9.22061	-49.30975	0	47	2021-09-08T11:02:53
9.22078	-49.30975	0	47	2021-09-08T11:07:53
9.22104	-49.30966	0	47	2021-09-08T11:12:54
9.22120	-49.30960	0	47	2021-09-08T11:17:28
9.22138	-49.30954	0	47	2021-09-08T11:22:25
9.22161	-49.30942	0	47	2021-09-08T11:27:25
9.22183	-49.30936	0	47	2021-09-08T11:32:30
9.22232	-49.30920	0	47	2021-09-08T11:42:27
9.22258	-49.30911	0	47	2021-09-08T11:47:26
9.22288	-49.30902	0	47	2021-09-08T11:52:26
9.22312	-49.30893	0	47	2021-09-08T11:57:27
9.22334	-49.30874	0	47	2021-09-08T12:02:55
9.22354	-49.30865	0	47	2021-09-08T12:07:56
9.22385	-49.30856	0	47	2021-09-08T12:12:56
9.22405	-49.30832	0	47	2021-09-08T12:17:23
9.22414	-49.30823	0	47	2021-09-08T12:22:23
9.22423	-49.30814	0	47	2021-09-08T12:27:23
9.22430	-49.30804	0	47	2021-09-08T12:32:22
9.22436	-49.30804	0	47	2021-09-08T12:37:22
9.22437	-49.30792	0	47	2021-09-08T12:42:23
9.22442	-49.30777	0	47	2021-09-08T12:47:21
9.22446	-49.30768	0	47	2021-09-08T12:52:17
9.22444	-49.30759	0	47	2021-09-08T12:57:22
9.22444	-49.30743	0	47	2021-09-08T13:02:23
9.22447	-49.30737	0	47	2021-09-08T13:07:24
9.22444	-49.30725	0	47	2021-09-08T13:13:26
9.22446	-49.30710	0	47	2021-09-08T13:22:25
9.22446	-49.30695	0	47	2021-09-08T13:27:27
9.22452	-49.30670	0	47	2021-09-08T13:32:27
9.22456	-49.30661	0	47	2021-09-08T13:37:26
9.22462	-49.30637	0	47	2021-09-08T13:42:25
9.22481	-49.30584	0	47	2021-09-08T13:52:24
9.22494	-49.30550	0	47	2021-09-08T13:57:24
9.22507	-49.30524	0	47	2021-09-08T14:02:24
9.22519	-49.30484	0	47	2021-09-08T14:07:22
9.22537	-49.30434	0	47	2021-09-08T14:12:24
9.22555	-49.30408	0	47	2021-09-08T14:17:24
9.22569	-49.30377	0	47	2021-09-08T14:22:24
9.22583	-49.30344	0	47	2021-09-08T14:27:25
9.22592	-49.30313	0	47	2021-09-08T14:32:23
9.22607	-49.30277	0	47	2021-09-08T14:37:24
9.22620	-49.30234	0	47	2021-09-08T14:42:24
9.22641	-49.30188	0	47	2021-09-08T14:47:25
9.22661	-49.30139	0	47	2021-09-08T14:52:26
9.22678	-49.30085	0	47	2021-09-08T14:57:23
9.22691	-49.30042	0	47	2021-09-08T15:02:24
9.22701	-49.29996	0	47	2021-09-08T15:07:25
9.22715	-49.29941	0	47	2021-09-08T15:12:23
9.22715	-49.29907	0	47	2021-09-08T15:17:23
9.22720	-49.29858	0	47	2021-09-08T15:22:20
9.22730	-49.29810	0	47	2021-09-08T15:27:21
9.22744	-49.29758	0	47	2021-09-08T15:32:18
9.22761	-49.29715	0	47	2021-09-08T15:37:18
9.22770	-49.29666	0	47	2021-09-08T15:42:16
9.22779	-49.29623	0	47	2021-09-08T15:47:16
9.22783	-49.29575	0	47	2021-09-08T15:52:14
9.22788	-49.29526	0	47	2021-09-08T15:57:15
9.22795	-49.29477	0	47	2021-09-08T16:02:19
9.22803	-49.29431	0	47	2021-09-08T16:07:13
9.22810	-49.29379	0	47	2021-09-08T16:12:55
9.22814	-49.29343	0	47	2021-09-08T16:17:13
9.22824	-49.29285	0	47	2021-09-08T16:22:15
9.22838	-49.29220	0	47	2021-09-08T16:27:15
9.22852	-49.29160	0	47	2021-09-08T16:32:15
9.22866	-49.29099	0	47	2021-09-08T16:37:17
9.22877	-49.29031	0	47	2021-09-08T16:42:14
9.22889	-49.28955	0	47	2021-09-08T16:47:12
9.22897	-49.28882	0	47	2021-09-08T16:52:15
9.22908	-49.28809	0	47	2021-09-08T16:57:13
9.22917	-49.28741	0	47	2021-09-08T17:02:14
9.22921	-49.28671	0	47	2021-09-08T17:07:15
9.22936	-49.28589	0	47	2021-09-08T17:12:38
9.22931	-49.28528	0	47	2021-09-08T17:17:15
9.22920	-49.28462	0	47	2021-09-08T17:22:14
9.22907	-49.28402	0	47	2021-09-08T17:27:14
9.22894	-49.28342	0	47	2021-09-08T17:32:14
9.22877	-49.28287	0	47	2021-09-08T17:37:12
9.22851	-49.28218	0	47	2021-09-08T17:42:13
9.22833	-49.28149	0	47	2021-09-08T17:47:14
9.22817	-49.28098	0	47	2021-09-08T17:52:14
9.22786	-49.28036	0	47	2021-09-08T17:57:12
9.22767	-49.27954	0	47	2021-09-08T18:02:16
9.22733	-49.27880	0	47	2021-09-08T18:08:11
9.22686	-49.27820	0	47	2021-09-08T18:13:12
9.22659	-49.27759	0	47	2021-09-08T18:17:27
9.22613	-49.27664	0	47	2021-09-08T18:22:55
9.22591	-49.27602	0	47	2021-09-08T18:27:25
9.22551	-49.27551	0	47	2021-09-08T18:32:25
9.22519	-49.27493	0	47	2021-09-08T18:37:23
9.22481	-49.27435	0	47	2021-09-08T18:42:23
9.22448	-49.27371	0	47	2021-09-08T18:47:21
9.22422	-49.27310	0	47	2021-09-08T18:52:08
9.22392	-49.27243	0	47	2021-09-08T18:57:06
9.22368	-49.27179	0	47	2021-09-08T19:02:07
9.22347	-49.27115	0	47	2021-09-08T19:07:08
9.22312	-49.27040	0	47	2021-09-08T19:12:05
9.22291	-49.26980	0	47	2021-09-08T19:17:06
9.22270	-49.26920	0	47	2021-09-08T19:22:06
9.22251	-49.26855	0	47	2021-09-08T19:27:08
9.22236	-49.26788	0	47	2021-09-08T19:32:08
9.22220	-49.26715	0	47	2021-09-08T19:37:10
9.22207	-49.26646	0	47	2021-09-08T19:42:10
9.22194	-49.26569	0	47	2021-09-08T19:47:11
9.22170	-49.26501	0	47	2021-09-08T19:52:09
9.22153	-49.26430	0	47	2021-09-08T19:57:09
9.22132	-49.26379	0	47	2021-09-08T20:02:10
9.22110	-49.26312	0	47	2021-09-08T20:07:11
9.22104	-49.26232	0	47	2021-09-08T20:12:08
9.22095	-49.26198	0	47	2021-09-08T20:17:09
9.22082	-49.26129	0	47	2021-09-08T20:22:09
9.22068	-49.26065	0	47	2021-09-08T20:27:10
9.22052	-49.26007	0	47	2021-09-08T20:32:11
9.22031	-49.25943	0	47	2021-09-08T20:37:11
9.22012	-49.25879	0	47	2021-09-08T20:42:12
9.21995	-49.25809	0	47	2021-09-08T20:47:14
9.21981	-49.25745	0	47	2021-09-08T20:52:11
9.21969	-49.25680	0	47	2021-09-08T20:57:12
9.21956	-49.25620	0	47	2021-09-08T21:02:12
9.21939	-49.25568	0	47	2021-09-08T21:07:13
9.21916	-49.25500	0	47	2021-09-08T21:12:59
9.21897	-49.25451	0	47	2021-09-08T21:17:08
9.21876	-49.25391	0	47	2021-09-08T21:22:08
9.21856	-49.25339	0	47	2021-09-08T21:27:09
9.21829	-49.25281	0	47	2021-09-08T21:32:07
9.21800	-49.25229	0	47	2021-09-08T21:37:07
9.21775	-49.25171	0	47	2021-09-08T21:42:07
9.21744	-49.25119	0	47	2021-09-08T21:47:08
9.21716	-49.25061	0	47	2021-09-08T21:52:10
9.21686	-49.25018	0	47	2021-09-08T21:57:10
9.21649	-49.24967	0	47	2021-09-08T22:02:27
9.21615	-49.24933	0	47	2021-09-08T22:07:27
9.21576	-49.24899	0	47	2021-09-08T22:12:27
9.21542	-49.24857	0	47	2021-09-08T22:17:06
9.21457	-49.24760	0	47	2021-09-08T22:27:04
9.21415	-49.24731	0	47	2021-09-08T22:32:04
9.21374	-49.24692	0	47	2021-09-08T22:37:03
9.21332	-49.24661	0	47	2021-09-08T22:42:03
9.21297	-49.24628	0	47	2021-09-08T22:47:04
9.21256	-49.24594	0	47	2021-09-08T22:52:08
9.21213	-49.24561	0	47	2021-09-08T22:57:06
9.21113	-49.24481	0	47	2021-09-08T23:07:04
9.21059	-49.24460	0	47	2021-09-08T23:12:30
9.21006	-49.24429	0	47	2021-09-08T23:17:05
9.20951	-49.24393	0	47	2021-09-08T23:22:06
9.20895	-49.24353	0	47	2021-09-08T23:27:07
9.20844	-49.24319	0	47	2021-09-08T23:32:07
9.20794	-49.24274	0	47	2021-09-08T23:37:04
9.20738	-49.24240	0	47	2021-09-08T23:42:05
9.20675	-49.24204	0	47	2021-09-08T23:47:05
9.20611	-49.24170	0	47	2021-09-08T23:52:04
9.20546	-49.24127	0	47	2021-09-08T23:57:05
9.20485	-49.24088	0	47	2021-09-09T00:02:04
9.20426	-49.24051	0	47	2021-09-09T00:07:06
9.20362	-49.24008	0	47	2021-09-09T00:12:29
9.20315	-49.23969	0	47	2021-09-09T00:17:06
9.20264	-49.23935	0	47	2021-09-09T00:22:05
9.20212	-49.23895	0	47	2021-09-09T00:27:05
9.20170	-49.23843	0	47	2021-09-09T00:32:06
9.20126	-49.23785	0	47	2021-09-09T00:37:08
9.20036	-49.23688	0	47	2021-09-09T00:47:12
9.19985	-49.23634	0	47	2021-09-09T00:52:10
9.19943	-49.23600	0	47	2021-09-09T00:57:10
9.19896	-49.23557	0	47	2021-09-09T01:02:11
9.19860	-49.23505	0	47	2021-09-09T01:07:08
9.19825	-49.23456	0	47	2021-09-09T01:12:24
9.19797	-49.23419	0	47	2021-09-09T01:17:11
9.19769	-49.23370	0	47	2021-09-09T01:22:14
9.19743	-49.23325	0	47	2021-09-09T01:27:12
9.19717	-49.23282	0	47	2021-09-09T01:32:16
9.19692	-49.23239	0	47	2021-09-09T01:37:10
9.19666	-49.23196	0	47	2021-09-09T01:42:14
9.19642	-49.23157	0	47	2021-09-09T01:47:12
9.19614	-49.23123	0	47	2021-09-09T01:52:11
9.19577	-49.23084	0	47	2021-09-09T01:57:13
9.19543	-49.23050	0	47	2021-09-09T02:02:14
9.19513	-49.23016	0	47	2021-09-09T02:07:14
9.19480	-49.22959	0	47	2021-09-09T02:12:11
9.19483	-49.22968	0	47	2021-09-09T02:12:36
9.19461	-49.22919	0	47	2021-09-09T02:17:09
9.19463	-49.22925	0	47	2021-09-09T02:17:11
9.19440	-49.22876	0	47	2021-09-09T02:22:09
9.19441	-49.22882	0	47	2021-09-09T02:22:10
9.19414	-49.22833	0	47	2021-09-09T02:27:09
9.19344	-49.22726	0	47	2021-09-09T02:37:04
9.19309	-49.22675	0	47	2021-09-09T02:42:05
9.19300	-49.22632	0	47	2021-09-09T02:47:05
9.19272	-49.22574	0	47	2021-09-09T02:52:06
9.19225	-49.22515	0	47	2021-09-09T02:57:04
9.19178	-49.22464	0	47	2021-09-09T03:02:05
9.19128	-49.22402	0	47	2021-09-09T03:07:06
9.19092	-49.22357	0	47	2021-09-09T03:12:25
9.19055	-49.22308	0	47	2021-09-09T03:17:06
9.19013	-49.22256	0	47	2021-09-09T03:22:07
9.18975	-49.22208	0	47	2021-09-09T03:27:05
9.18946	-49.22153	0	47	2021-09-09T03:32:06
9.18915	-49.22098	0	47	2021-09-09T03:37:03
9.18880	-49.22049	0	47	2021-09-09T03:42:16
9.18834	-49.21999	0	47	2021-09-09T03:47:04
9.18800	-49.21948	0	47	2021-09-09T03:52:03
9.18760	-49.21890	0	47	2021-09-09T03:57:06
9.18715	-49.21826	0	47	2021-09-09T04:02:04
9.18676	-49.21771	0	47	2021-09-09T04:07:03
9.18629	-49.21722	0	47	2021-09-09T04:12:28
9.18595	-49.21677	0	47	2021-09-09T04:17:02
9.18554	-49.21619	0	47	2021-09-09T04:22:03
9.18530	-49.21572	0	47	2021-09-09T04:27:16
9.18497	-49.21503	0	47	2021-09-09T04:32:16
9.18455	-49.21429	0	47	2021-09-09T04:37:13
9.18399	-49.21326	0	47	2021-09-09T04:43:36
9.18343	-49.21213	0	47	2021-09-09T04:51:57
9.18310	-49.21143	0	47	2021-09-09T04:56:52
9.18272	-49.21063	0	47	2021-09-09T05:01:55
9.18224	-49.21002	0	47	2021-09-09T05:06:55
9.18174	-49.20926	0	47	2021-09-09T05:12:27
9.18133	-49.20868	0	47	2021-09-09T05:16:56
9.18050	-49.20733	0	47	2021-09-09T05:26:58
9.18019	-49.20663	0	47	2021-09-09T05:32:00
9.17994	-49.20587	0	47	2021-09-09T05:36:57
9.17969	-49.20505	0	47	2021-09-09T05:41:58
9.17934	-49.20413	0	47	2021-09-09T05:46:58
9.17914	-49.20344	0	47	2021-09-09T05:51:58
9.17892	-49.20267	0	47	2021-09-09T05:56:57
9.17869	-49.20187	0	47	2021-09-09T06:02:00
9.17838	-49.20102	0	47	2021-09-09T06:06:58
9.17808	-49.20013	0	47	2021-09-09T06:12:26
9.17784	-49.19940	0	47	2021-09-09T06:16:56
9.17763	-49.19861	0	47	2021-09-09T06:21:56
9.17741	-49.19761	0	47	2021-09-09T06:26:57
9.17714	-49.19684	0	47	2021-09-09T06:31:58
9.17684	-49.19598	0	47	2021-09-09T06:36:59
9.17656	-49.19513	0	47	2021-09-09T06:41:57
9.17619	-49.19424	0	47	2021-09-09T06:46:57
9.17587	-49.19336	0	47	2021-09-09T06:51:59
9.17554	-49.19257	0	47	2021-09-09T06:56:59
9.17519	-49.19174	0	47	2021-09-09T07:02:00
9.17482	-49.19092	0	47	2021-09-09T07:07:00
9.17440	-49.19009	0	47	2021-09-09T07:12:24
9.17404	-49.18922	0	47	2021-09-09T07:16:58
9.17370	-49.18836	0	47	2021-09-09T07:21:58
9.17331	-49.18750	0	47	2021-09-09T07:26:57
9.17296	-49.18658	0	47	2021-09-09T07:32:00
9.17258	-49.18558	0	47	2021-09-09T07:36:57
9.17219	-49.18464	0	47	2021-09-09T07:41:56
9.17179	-49.18378	0	47	2021-09-09T07:46:56
9.17137	-49.18280	0	47	2021-09-09T07:51:57
9.17099	-49.18169	0	47	2021-09-09T07:56:57
9.17061	-49.18066	0	47	2021-09-09T08:01:58
9.17026	-49.17960	0	47	2021-09-09T08:06:55
9.16985	-49.17845	0	47	2021-09-09T08:11:55
9.16963	-49.17751	0	47	2021-09-09T08:16:54
9.16938	-49.17657	0	47	2021-09-09T08:21:54
9.16912	-49.17557	0	47	2021-09-09T08:26:55
9.16879	-49.17462	0	47	2021-09-09T08:31:56
9.16849	-49.17368	0	47	2021-09-09T08:36:53
9.16804	-49.17274	0	47	2021-09-09T08:41:52
9.16769	-49.17194	0	47	2021-09-09T08:46:53
9.16732	-49.17102	0	47	2021-09-09T08:51:51
9.16655	-49.16926	0	47	2021-09-09T09:02:27
9.16613	-49.16843	0	47	2021-09-09T09:06:54
9.16560	-49.16754	0	47	2021-09-09T09:12:26
9.16515	-49.16684	0	47	2021-09-09T09:16:56
9.16459	-49.16605	0	47	2021-09-09T09:21:53
9.16407	-49.16528	0	47	2021-09-09T09:26:56
9.16352	-49.16452	0	47	2021-09-09T09:31:54
9.16304	-49.16379	0	47	2021-09-09T09:36:55
9.16255	-49.16302	0	47	2021-09-09T09:41:53
9.16202	-49.16226	0	47	2021-09-09T09:46:53
9.16151	-49.16147	0	47	2021-09-09T09:51:51
9.16102	-49.16063	0	47	2021-09-09T09:56:54
9.16058	-49.15994	0	47	2021-09-09T10:01:53
9.16019	-49.15909	0	47	2021-09-09T10:06:56
9.15971	-49.15833	0	47	2021-09-09T10:12:25
9.15926	-49.15771	0	47	2021-09-09T10:16:57
9.15881	-49.15695	0	47	2021-09-09T10:21:59
9.15830	-49.15607	0	47	2021-09-09T10:26:57
9.15766	-49.15516	0	47	2021-09-09T10:31:57
9.15701	-49.15430	0	47	2021-09-09T10:36:57
9.15629	-49.15344	0	47	2021-09-09T10:41:58
9.15551	-49.15253	0	47	2021-09-09T10:46:55
9.15475	-49.15167	0	47	2021-09-09T10:51:54
9.15390	-49.15073	0	47	2021-09-09T10:56:57
9.15314	-49.14987	0	47	2021-09-09T11:01:55
9.15222	-49.14885	0	47	2021-09-09T11:06:56
9.15133	-49.14798	0	47	2021-09-09T11:12:24
9.15058	-49.14722	0	47	2021-09-09T11:16:57
9.14974	-49.14630	0	47	2021-09-09T11:21:58
9.14875	-49.14527	0	47	2021-09-09T11:26:59
9.14788	-49.14447	0	47	2021-09-09T11:31:56
9.14691	-49.14355	0	47	2021-09-09T11:37:00
9.14600	-49.14267	0	47	2021-09-09T11:42:02
9.14503	-49.14173	0	47	2021-09-09T11:47:05
9.14409	-49.14096	0	47	2021-09-09T11:52:04
9.14310	-49.14023	0	47	2021-09-09T11:57:04
9.14213	-49.13950	0	47	2021-09-09T12:02:07
9.14114	-49.13885	0	47	2021-09-09T12:07:09
9.14011	-49.13815	0	47	2021-09-09T12:12:26
9.13926	-49.13754	0	47	2021-09-09T12:17:04
9.13833	-49.13690	0	47	2021-09-09T12:22:09
9.13742	-49.13629	0	47	2021-09-09T12:27:09
9.13655	-49.13571	0	47	2021-09-09T12:32:07
9.13574	-49.13516	0	47	2021-09-09T12:37:08
9.13488	-49.13453	0	47	2021-09-09T12:42:07
9.13415	-49.13402	0	47	2021-09-09T12:47:07
9.13341	-49.13351	0	47	2021-09-09T12:52:06
9.13265	-49.13306	0	47	2021-09-09T12:57:07
9.13183	-49.13260	0	47	2021-09-09T13:02:06
9.13100	-49.13214	0	47	2021-09-09T13:07:08
9.12998	-49.13159	0	47	2021-09-09T13:12:56
9.12925	-49.13120	0	47	2021-09-09T13:17:05
9.12834	-49.13061	0	47	2021-09-09T13:22:07
9.12749	-49.13018	0	47	2021-09-09T13:27:07
9.12667	-49.12967	0	47	2021-09-09T13:32:07
9.12576	-49.12912	0	47	2021-09-09T13:37:09
9.12491	-49.12854	0	47	2021-09-09T13:42:07
9.12406	-49.12793	0	47	2021-09-09T13:47:07
9.12321	-49.12735	0	47	2021-09-09T13:52:09
9.12227	-49.12677	0	47	2021-09-09T13:57:12
9.12137	-49.12634	0	47	2021-09-09T14:02:11
9.12040	-49.12585	0	47	2021-09-09T14:07:13
9.11932	-49.12524	0	47	2021-09-09T14:12:35
9.11835	-49.12481	0	47	2021-09-09T14:17:13
9.11736	-49.12430	0	47	2021-09-09T14:22:13
9.11633	-49.12387	0	47	2021-09-09T14:27:13
9.11530	-49.12330	0	47	2021-09-09T14:32:15
9.11426	-49.12279	0	47	2021-09-09T14:37:16
9.11328	-49.12219	0	47	2021-09-09T14:42:16
9.11225	-49.12164	0	47	2021-09-09T14:47:18
9.11116	-49.12106	0	47	2021-09-09T14:52:18
9.11003	-49.12049	0	47	2021-09-09T14:57:19
9.10887	-49.12006	0	47	2021-09-09T15:02:20
9.10768	-49.11954	0	47	2021-09-09T15:07:21
9.10638	-49.11884	0	47	2021-09-09T15:13:12
9.10537	-49.11832	0	47	2021-09-09T15:17:24
9.10417	-49.11765	0	47	2021-09-09T15:22:27
9.10299	-49.11703	0	47	2021-09-09T15:27:23
9.10172	-49.11642	0	47	2021-09-09T15:32:25
9.10051	-49.11574	0	47	2021-09-09T15:37:22
9.09930	-49.11505	0	47	2021-09-09T15:42:22
9.09812	-49.11435	0	47	2021-09-09T15:47:24
9.09700	-49.11365	0	47	2021-09-09T15:52:21
9.09568	-49.11295	0	47	2021-09-09T15:57:37
9.09449	-49.11230	0	47	2021-09-09T16:02:41
9.09361	-49.11169	0	47	2021-09-09T16:07:27
9.09230	-49.11099	0	47	2021-09-09T16:12:55
9.09125	-49.11044	0	47	2021-09-09T16:17:25
9.09015	-49.10986	0	47	2021-09-09T16:22:22
9.08904	-49.10928	0	47	2021-09-09T16:27:24
9.08789	-49.10866	0	47	2021-09-09T16:32:21
9.08683	-49.10806	0	47	2021-09-09T16:37:21
9.08461	-49.10667	0	47	2021-09-09T16:47:24
9.08353	-49.10598	0	47	2021-09-09T16:52:24
9.08259	-49.10529	0	47	2021-09-09T16:57:24
9.08148	-49.10452	0	47	2021-09-09T17:02:22
9.08038	-49.10366	0	47	2021-09-09T17:07:25
9.07921	-49.10280	0	47	2021-09-09T17:12:24
9.07827	-49.10220	0	47	2021-09-09T17:17:24
9.07719	-49.10135	0	47	2021-09-09T17:22:25
9.07286	-49.09771	0	47	2021-09-09T17:42:24
9.07183	-49.09677	0	47	2021-09-09T17:47:25
9.07080	-49.09583	0	47	2021-09-09T17:52:25
9.06976	-49.09482	0	47	2021-09-09T17:57:23
9.06869	-49.09381	0	47	2021-09-09T18:02:24
9.06762	-49.09277	0	47	2021-09-09T18:07:22
9.06635	-49.09158	0	47	2021-09-09T18:12:56
9.06525	-49.09057	0	47	2021-09-09T18:17:19
9.06413	-49.08954	0	47	2021-09-09T18:22:20
9.06297	-49.08841	0	47	2021-09-09T18:27:21
9.06187	-49.08730	0	47	2021-09-09T18:32:24
9.06075	-49.08618	0	47	2021-09-09T18:37:23
9.05969	-49.08502	0	47	2021-09-09T18:42:24
9.05861	-49.08386	0	47	2021-09-09T18:47:28
9.05753	-49.08276	0	47	2021-09-09T18:52:30
9.05648	-49.08158	0	47	2021-09-09T18:57:32
9.05545	-49.08038	0	47	2021-09-09T19:02:31
9.05442	-49.07916	0	47	2021-09-09T19:07:28
9.05336	-49.07785	0	47	2021-09-09T19:12:56
9.05244	-49.07669	0	47	2021-09-09T19:17:28
9.05148	-49.07544	0	47	2021-09-09T19:22:25
9.05042	-49.07422	0	47	2021-09-09T19:27:26
9.04932	-49.07306	0	47	2021-09-09T19:32:25
9.04824	-49.07193	0	47	2021-09-09T19:37:25
9.04711	-49.07072	0	47	2021-09-09T19:42:23
9.04608	-49.06952	0	47	2021-09-09T19:47:23
9.04505	-49.06836	0	47	2021-09-09T19:52:21
9.04391	-49.06723	0	47	2021-09-09T19:57:23
9.04278	-49.06607	0	47	2021-09-09T20:02:25
9.04162	-49.06497	0	47	2021-09-09T20:07:22
9.04033	-49.06378	0	47	2021-09-09T20:12:58
9.03816	-49.06163	0	47	2021-09-09T20:22:29
9.03700	-49.06060	0	47	2021-09-09T20:27:29
9.03584	-49.05957	0	47	2021-09-09T20:32:29
9.03467	-49.05853	0	47	2021-09-09T20:37:28
9.03349	-49.05756	0	47	2021-09-09T20:42:28
9.03231	-49.05664	0	47	2021-09-09T20:47:28
9.03116	-49.05566	0	47	2021-09-09T20:52:26
9.03009	-49.05472	0	47	2021-09-09T20:57:27
9.02900	-49.05383	0	47	2021-09-09T21:02:24
9.02792	-49.05289	0	47	2021-09-09T21:07:25
9.02675	-49.05182	0	47	2021-09-09T21:12:57
9.02576	-49.05103	0	47	2021-09-09T21:17:26
9.02351	-49.04919	0	47	2021-09-09T21:27:27
9.02239	-49.04828	0	47	2021-09-09T21:32:25
9.02133	-49.04742	0	47	2021-09-09T21:37:26
9.02023	-49.04657	0	47	2021-09-09T21:42:24
9.01915	-49.04562	0	47	2021-09-09T21:47:27
9.01816	-49.04474	0	47	2021-09-09T21:52:25
9.01713	-49.04380	0	47	2021-09-09T21:57:28
9.01610	-49.04294	0	47	2021-09-09T22:02:27
9.01515	-49.04205	0	47	2021-09-09T22:07:30
9.01404	-49.04127	0	47	2021-09-09T22:12:25
9.01319	-49.04050	0	47	2021-09-09T22:17:25
9.01220	-49.03964	0	47	2021-09-09T22:22:22
9.01116	-49.03882	0	47	2021-09-09T22:27:24
9.01009	-49.03799	0	47	2021-09-09T22:32:19
9.00897	-49.03717	0	47	2021-09-09T22:37:20
9.00788	-49.03625	0	47	2021-09-09T22:42:22
9.00675	-49.03537	0	47	2021-09-09T22:47:19
9.00555	-49.03442	0	47	2021-09-09T22:52:20
9.00436	-49.03348	0	47	2021-09-09T22:57:20
9.00311	-49.03250	0	47	2021-09-09T23:02:22
9.00184	-49.03165	0	47	2021-09-09T23:07:21
9.00024	-49.03053	0	47	2021-09-09T23:12:23
8.99904	-49.02967	0	47	2021-09-09T23:17:23
8.99762	-49.02881	0	47	2021-09-09T23:22:22
8.99611	-49.02786	0	47	2021-09-09T23:27:25
8.99464	-49.02695	0	47	2021-09-09T23:32:23
8.99311	-49.02603	0	47	2021-09-09T23:37:26
8.99160	-49.02515	0	47	2021-09-09T23:42:28
8.99006	-49.02429	0	47	2021-09-09T23:47:26
8.98850	-49.02341	0	47	2021-09-09T23:52:29
8.98695	-49.02252	0	47	2021-09-09T23:57:27
8.98545	-49.02161	0	47	2021-09-10T00:02:27
8.98394	-49.02075	0	47	2021-09-10T00:07:25
8.98220	-49.01987	0	47	2021-09-10T00:13:00
8.98082	-49.01910	0	47	2021-09-10T00:17:24
8.97917	-49.01826	0	47	2021-09-10T00:22:24
8.97758	-49.01749	0	47	2021-09-10T00:27:24
8.97594	-49.01669	0	47	2021-09-10T00:32:22
8.97425	-49.01582	0	47	2021-09-10T00:37:26
8.97261	-49.01505	0	47	2021-09-10T00:42:27
8.97096	-49.01425	0	47	2021-09-10T00:47:24
8.96916	-49.01355	0	47	2021-09-10T00:52:24
8.96740	-49.01279	0	47	2021-09-10T00:57:26
8.96576	-49.01205	0	47	2021-09-10T01:02:23
8.96397	-49.01132	0	47	2021-09-10T01:07:24
8.96198	-49.01059	0	47	2021-09-10T01:12:55
8.96033	-49.01004	0	47	2021-09-10T01:17:25
8.95853	-49.00943	0	47	2021-09-10T01:22:23
8.95669	-49.00882	0	47	2021-09-10T01:27:24
8.95481	-49.00812	0	47	2021-09-10T01:32:24
8.95292	-49.00748	0	47	2021-09-10T01:37:25
8.95106	-49.00676	0	47	2021-09-10T01:42:26
8.94913	-49.00616	0	47	2021-09-10T01:47:27
8.94726	-49.00552	0	47	2021-09-10T01:52:30
8.94538	-49.00491	0	47	2021-09-10T01:57:28
8.94361	-49.00421	0	47	2021-09-10T02:02:56
8.94177	-49.00361	0	47	2021-09-10T02:07:57
8.93971	-49.00275	0	47	2021-09-10T02:12:57
8.93796	-49.00223	0	47	2021-09-10T02:17:24
8.93608	-49.00171	0	47	2021-09-10T02:22:22
8.93417	-49.00107	0	47	2021-09-10T02:27:23
8.93232	-49.00052	0	47	2021-09-10T02:32:23
8.93044	-48.99996	0	47	2021-09-10T02:37:21
8.92864	-48.99945	0	47	2021-09-10T02:42:21
8.92683	-48.99902	0	47	2021-09-10T02:47:22
8.92503	-48.99854	0	47	2021-09-10T02:52:23
8.92332	-48.99805	0	47	2021-09-10T02:57:23
8.92155	-48.99753	0	47	2021-09-10T03:02:21
8.91982	-48.99711	0	47	2021-09-10T03:08:00
8.91780	-48.99677	0	47	2021-09-10T03:13:01
8.91632	-48.99637	0	47	2021-09-10T03:17:20
8.91459	-48.99585	0	47	2021-09-10T03:22:19
8.91287	-48.99530	0	47	2021-09-10T03:27:21
8.91112	-48.99481	0	47	2021-09-10T03:32:18
8.90942	-48.99435	0	47	2021-09-10T03:37:19
8.90767	-48.99381	0	47	2021-09-10T03:42:15
8.90595	-48.99338	0	47	2021-09-10T03:47:15
8.90417	-48.99283	0	47	2021-09-10T03:52:17
8.90241	-48.99222	0	47	2021-09-10T03:57:15
8.90066	-48.99161	0	47	2021-09-10T04:02:16
8.89887	-48.99106	0	47	2021-09-10T04:07:15
8.89691	-48.99054	0	47	2021-09-10T04:12:37
8.89526	-48.99002	0	47	2021-09-10T04:17:15
8.89349	-48.98947	0	47	2021-09-10T04:22:14
8.89167	-48.98889	0	47	2021-09-10T04:27:16
8.88987	-48.98827	0	47	2021-09-10T04:32:19
8.88819	-48.98758	0	47	2021-09-10T04:37:18
8.88639	-48.98691	0	47	2021-09-10T04:42:17
8.88455	-48.98624	0	47	2021-09-10T04:47:15
8.88275	-48.98549	0	47	2021-09-10T04:52:12
8.88090	-48.98489	0	47	2021-09-10T04:57:13
8.87909	-48.98422	0	47	2021-09-10T05:02:17
8.87735	-48.98355	0	47	2021-09-10T05:07:15
8.87534	-48.98271	0	47	2021-09-10T05:12:12
8.87379	-48.98227	0	47	2021-09-10T05:17:27
8.87204	-48.98169	0	47	2021-09-10T05:22:12
8.87022	-48.98102	0	47	2021-09-10T05:27:10
8.86841	-48.98024	0	47	2021-09-10T05:32:08
8.86656	-48.97946	0	47	2021-09-10T05:37:08
8.86471	-48.97861	0	47	2021-09-10T05:42:08
8.86290	-48.97772	0	47	2021-09-10T05:47:06
8.86107	-48.97681	0	47	2021-09-10T05:52:10
8.85927	-48.97582	0	47	2021-09-10T05:57:15
8.85746	-48.97488	0	47	2021-09-10T06:02:15
8.85571	-48.97394	0	47	2021-09-10T06:07:14
8.85378	-48.97278	0	47	2021-09-10T06:12:37
8.85214	-48.97186	0	47	2021-09-10T06:17:11
8.85033	-48.97079	0	47	2021-09-10T06:22:12
8.84859	-48.96985	0	47	2021-09-10T06:27:13
8.84685	-48.96890	0	47	2021-09-10T06:32:10
8.84509	-48.96790	0	47	2021-09-10T06:37:11
8.84337	-48.96698	0	47	2021-09-10T06:42:08
8.84167	-48.96609	0	47	2021-09-10T06:47:09
8.83993	-48.96524	0	47	2021-09-10T06:52:06
8.83824	-48.96436	0	47	2021-09-10T06:57:09
8.83656	-48.96344	0	47	2021-09-10T07:02:08
8.83483	-48.96249	0	47	2021-09-10T07:07:28
8.83303	-48.96155	0	47	2021-09-10T07:12:28
8.83151	-48.96069	0	47	2021-09-10T07:17:09
8.82991	-48.95969	0	47	2021-09-10T07:22:06
8.82858	-48.95883	0	47	2021-09-10T07:27:05
8.82720	-48.95804	0	47	2021-09-10T07:32:08
8.82581	-48.95728	0	47	2021-09-10T07:37:06
8.82427	-48.95639	0	47	2021-09-10T07:42:07
8.82277	-48.95562	0	47	2021-09-10T07:47:08
8.82131	-48.95493	0	47	2021-09-10T07:52:08
8.81971	-48.95407	0	47	2021-09-10T07:57:06
8.81833	-48.95316	0	47	2021-09-10T08:02:09
8.81703	-48.95233	0	47	2021-09-10T08:07:08
8.81556	-48.95145	0	47	2021-09-10T08:12:38
8.81422	-48.95071	0	47	2021-09-10T08:17:11
8.81269	-48.94977	0	47	2021-09-10T08:22:14
8.81119	-48.94891	0	47	2021-09-10T08:27:14
8.80967	-48.94797	0	47	2021-09-10T08:32:15
8.80810	-48.94708	0	47	2021-09-10T08:37:13
8.80639	-48.94604	0	47	2021-09-10T08:42:16
8.80470	-48.94492	0	47	2021-09-10T08:47:14
8.80301	-48.94376	0	47	2021-09-10T08:52:18
8.80133	-48.94272	0	47	2021-09-10T08:57:16
8.79972	-48.94156	0	47	2021-09-10T09:02:16
8.79814	-48.94040	0	47	2021-09-10T09:07:14
8.79646	-48.93905	0	47	2021-09-10T09:12:14
8.79514	-48.93802	0	47	2021-09-10T09:17:14
8.79364	-48.93689	0	47	2021-09-10T09:22:13
8.79214	-48.93573	0	47	2021-09-10T09:27:14
8.79058	-48.93456	0	47	2021-09-10T09:32:13
8.78904	-48.93344	0	47	2021-09-10T09:37:13
8.78743	-48.93243	0	47	2021-09-10T09:42:15
8.78590	-48.93140	0	47	2021-09-10T09:47:13
8.78428	-48.93033	0	47	2021-09-10T09:52:17
8.78278	-48.92939	0	47	2021-09-10T09:57:17
8.78124	-48.92853	0	47	2021-09-10T10:02:16
8.77969	-48.92758	0	47	2021-09-10T10:07:15
8.77796	-48.92663	0	47	2021-09-10T10:12:13
8.77654	-48.92603	0	47	2021-09-10T10:17:14
8.77497	-48.92529	0	47	2021-09-10T10:22:15
8.77345	-48.92453	0	47	2021-09-10T10:27:14
8.77191	-48.92365	0	47	2021-09-10T10:32:17
8.77041	-48.92305	0	47	2021-09-10T10:37:17
8.76882	-48.92245	0	47	2021-09-10T10:42:18
8.76723	-48.92178	0	47	2021-09-10T10:47:15
8.76559	-48.92120	0	47	2021-09-10T10:52:19
8.76382	-48.92065	0	47	2021-09-10T10:57:19
8.76210	-48.92014	0	47	2021-09-10T11:02:21
8.76045	-48.91971	0	47	2021-09-10T11:07:22
8.75853	-48.91912	0	47	2021-09-10T11:12:20
8.75699	-48.91869	0	47	2021-09-10T11:17:20
8.75522	-48.91818	0	47	2021-09-10T11:22:21
8.75348	-48.91766	0	47	2021-09-10T11:27:18
8.75176	-48.91730	0	47	2021-09-10T11:32:19
8.75004	-48.91693	0	47	2021-09-10T11:37:19
8.74827	-48.91660	0	47	2021-09-10T11:42:21
8.74652	-48.91618	0	47	2021-09-10T11:47:28
8.74483	-48.91586	0	47	2021-09-10T11:52:25
8.74308	-48.91550	0	47	2021-09-10T11:57:27
8.74132	-48.91498	0	47	2021-09-10T12:02:28
8.73953	-48.91455	0	47	2021-09-10T12:07:29
8.73753	-48.91406	0	47	2021-09-10T12:12:56
8.73587	-48.91379	0	47	2021-09-10T12:17:34
8.73401	-48.91342	0	47	2021-09-10T12:22:31
8.73229	-48.91321	0	47	2021-09-10T12:27:33
8.73056	-48.91287	0	47	2021-09-10T12:32:36
8.72880	-48.91254	0	47	2021-09-10T12:37:35
8.72706	-48.91223	0	47	2021-09-10T12:42:38
8.72528	-48.91190	0	47	2021-09-10T12:47:34
8.72353	-48.91164	0	47	2021-09-10T12:52:33
8.72186	-48.91138	0	47	2021-09-10T12:57:34
8.72012	-48.91109	0	47	2021-09-10T13:02:54
8.71841	-48.91092	0	47	2021-09-10T13:07:54
8.71674	-48.91083	0	47	2021-09-10T13:12:54
8.71527	-48.91080	0	47	2021-09-10T13:17:33
8.71363	-48.91074	0	47	2021-09-10T13:22:33
8.71195	-48.91068	0	47	2021-09-10T13:27:35
8.71029	-48.91068	0	47	2021-09-10T13:32:36
8.70861	-48.91058	0	47	2021-09-10T13:37:33
8.70684	-48.91043	0	47	2021-09-10T13:42:30
8.70517	-48.91043	0	47	2021-09-10T13:47:31
8.70346	-48.91034	0	47	2021-09-10T13:52:32
8.70170	-48.91025	0	47	2021-09-10T13:57:32
8.70001	-48.91019	0	47	2021-09-10T14:02:32
8.69816	-48.91013	0	47	2021-09-10T14:07:54
8.69609	-48.91013	0	47	2021-09-10T14:12:54
8.69419	-48.91010	0	47	2021-09-10T14:17:40
8.69218	-48.91003	0	47	2021-09-10T14:22:39
8.69023	-48.90997	0	47	2021-09-10T14:27:41
8.68831	-48.90988	0	47	2021-09-10T14:32:42
8.68638	-48.90979	0	47	2021-09-10T14:37:42
8.68439	-48.90967	0	47	2021-09-10T14:42:44
8.68249	-48.90967	0	47	2021-09-10T14:47:44
8.68061	-48.90964	0	47	2021-09-10T14:52:42
8.67871	-48.90964	0	47	2021-09-10T14:57:39
8.67685	-48.90973	0	47	2021-09-10T15:02:36
8.67501	-48.90982	0	47	2021-09-10T15:07:37
8.67287	-48.91013	0	47	2021-09-10T15:13:27
8.67129	-48.91034	0	47	2021-09-10T15:17:37
8.66935	-48.91058	0	47	2021-09-10T15:22:31
8.66740	-48.91080	0	47	2021-09-10T15:27:32
8.66548	-48.91101	0	47	2021-09-10T15:32:34
8.66358	-48.91125	0	47	2021-09-10T15:37:33
8.66168	-48.91153	0	47	2021-09-10T15:42:34
8.65976	-48.91177	0	47	2021-09-10T15:47:32
8.65783	-48.91205	0	47	2021-09-10T15:52:33
8.65597	-48.91231	0	47	2021-09-10T15:57:34
8.65412	-48.91257	0	47	2021-09-10T16:02:34
8.65232	-48.91284	0	47	2021-09-10T16:07:31
8.65042	-48.91306	0	47	2021-09-10T16:12:55
8.64874	-48.91327	0	47	2021-09-10T16:17:33
8.64691	-48.91354	0	47	2021-09-10T16:22:31
8.64508	-48.91376	0	47	2021-09-10T16:27:32
8.64328	-48.91400	0	47	2021-09-10T16:32:32
8.64151	-48.91425	0	47	2021-09-10T16:37:33
8.63979	-48.91455	0	47	2021-09-10T16:42:32
8.63810	-48.91486	0	47	2021-09-10T16:47:34
8.63456	-48.91553	0	47	2021-09-10T16:57:33
8.63275	-48.91579	0	47	2021-09-10T17:02:33
8.63096	-48.91605	0	47	2021-09-10T17:07:34
8.62878	-48.91641	0	47	2021-09-10T17:13:26
8.62725	-48.91666	0	47	2021-09-10T17:17:32
8.62538	-48.91690	0	47	2021-09-10T17:22:33
8.62359	-48.91718	0	47	2021-09-10T17:27:34
8.62172	-48.91745	0	47	2021-09-10T17:32:33
8.61983	-48.91768	0	47	2021-09-10T17:37:35
8.61794	-48.91785	0	47	2021-09-10T17:42:36
8.61607	-48.91809	0	47	2021-09-10T17:47:33
8.61417	-48.91827	0	47	2021-09-10T17:52:34
8.61229	-48.91846	0	47	2021-09-10T17:57:34
8.61037	-48.91861	0	47	2021-09-10T18:02:32
8.60844	-48.91870	0	47	2021-09-10T18:07:56
8.60635	-48.91879	0	47	2021-09-10T18:12:56
8.60443	-48.91885	0	47	2021-09-10T18:17:47
8.60263	-48.91891	0	47	2021-09-10T18:22:35
8.60070	-48.91885	0	47	2021-09-10T18:27:32
8.59878	-48.91891	0	47	2021-09-10T18:32:33
8.59692	-48.91885	0	47	2021-09-10T18:37:33
8.59511	-48.91882	0	47	2021-09-10T18:42:31
8.59332	-48.91876	0	47	2021-09-10T18:47:32
8.59153	-48.91873	0	47	2021-09-10T18:52:33
8.58972	-48.91876	0	47	2021-09-10T18:57:33
8.58796	-48.91870	0	47	2021-09-10T19:02:31
8.58613	-48.91867	0	47	2021-09-10T19:07:32
8.58431	-48.91861	0	47	2021-09-10T19:12:55
8.58264	-48.91858	0	47	2021-09-10T19:17:33
8.58089	-48.91858	0	47	2021-09-10T19:22:30
8.57906	-48.91858	0	47	2021-09-10T19:27:31
8.57738	-48.91858	0	47	2021-09-10T19:32:31
8.57586	-48.91861	0	47	2021-09-10T19:37:29
8.57437	-48.91873	0	47	2021-09-10T19:42:34
8.57282	-48.91893	0	47	2021-09-10T19:47:33
8.57128	-48.91910	0	47	2021-09-10T19:52:32
8.56969	-48.91922	0	47	2021-09-10T19:57:31
8.56816	-48.91937	0	47	2021-09-10T20:02:29
8.56667	-48.91953	0	47	2021-09-10T20:07:57
8.56508	-48.91962	0	47	2021-09-10T20:12:57
8.56380	-48.91986	0	47	2021-09-10T20:17:32
8.56241	-48.92007	0	47	2021-09-10T20:22:33
8.56107	-48.92033	0	47	2021-09-10T20:27:34
8.55978	-48.92050	0	47	2021-09-10T20:32:35
8.55836	-48.92084	0	47	2021-09-10T20:37:36
8.55697	-48.92108	0	47	2021-09-10T20:42:40
8.55558	-48.92139	0	47	2021-09-10T20:47:41
8.55433	-48.92145	0	47	2021-09-10T20:52:41
8.55305	-48.92157	0	47	2021-09-10T20:57:41
8.55183	-48.92179	0	47	2021-09-10T21:02:42
8.55050	-48.92188	0	47	2021-09-10T21:07:41
8.54912	-48.92203	0	47	2021-09-10T21:13:26
8.54806	-48.92224	0	47	2021-09-10T21:17:38
8.54681	-48.92252	0	47	2021-09-10T21:22:39
8.54561	-48.92279	0	47	2021-09-10T21:27:41
8.54442	-48.92307	0	47	2021-09-10T21:32:38
8.54318	-48.92339	0	47	2021-09-10T21:37:38
8.54202	-48.92365	0	47	2021-09-10T21:42:39
8.54088	-48.92389	0	47	2021-09-10T21:47:40
8.53977	-48.92413	0	47	2021-09-10T21:52:39
8.53863	-48.92450	0	47	2021-09-10T21:57:41
8.53757	-48.92467	0	47	2021-09-10T22:02:41
8.53654	-48.92484	0	47	2021-09-10T22:07:40
8.53548	-48.92511	0	47	2021-09-10T22:12:56
8.53454	-48.92532	0	47	2021-09-10T22:17:40
8.53353	-48.92551	0	47	2021-09-10T22:22:37
8.53253	-48.92572	0	47	2021-09-10T22:27:36
8.53149	-48.92599	0	47	2021-09-10T22:32:34
8.53046	-48.92622	0	47	2021-09-10T22:37:32
8.52948	-48.92648	0	47	2021-09-10T22:42:32
8.52842	-48.92673	0	47	2021-09-10T22:47:31
8.52739	-48.92694	0	47	2021-09-10T22:52:31
8.52633	-48.92717	0	47	2021-09-10T22:57:31
8.52534	-48.92743	0	47	2021-09-10T23:02:30
8.52433	-48.92767	0	47	2021-09-10T23:07:31
8.52323	-48.92795	0	47	2021-09-10T23:12:54
8.52228	-48.92831	0	47	2021-09-10T23:17:34
8.52134	-48.92865	0	47	2021-09-10T23:22:33
8.52041	-48.92902	0	47	2021-09-10T23:27:32
8.51948	-48.92938	0	47	2021-09-10T23:32:30
8.51859	-48.92981	0	47	2021-09-10T23:37:31
8.51764	-48.93021	0	47	2021-09-10T23:42:32
8.51676	-48.93066	0	47	2021-09-10T23:47:30
8.51584	-48.93112	0	47	2021-09-10T23:52:31
8.51487	-48.93152	0	47	2021-09-10T23:57:30
8.51389	-48.93185	0	47	2021-09-11T00:02:31
8.51286	-48.93219	0	47	2021-09-11T00:07:32
8.51163	-48.93267	0	47	2021-09-11T00:12:30
8.51073	-48.93301	0	47	2021-09-11T00:17:31
8.50970	-48.93335	0	47	2021-09-11T00:22:31
8.50857	-48.93365	0	47	2021-09-11T00:27:28
8.50745	-48.93393	0	47	2021-09-11T00:32:26
8.50634	-48.93423	0	47	2021-09-11T00:37:27
8.50522	-48.93451	0	47	2021-09-11T00:42:26
8.50412	-48.93474	0	47	2021-09-11T00:47:25
8.50305	-48.93500	0	47	2021-09-11T00:52:25
8.50198	-48.93521	0	47	2021-09-11T00:57:26
8.50090	-48.93549	0	47	2021-09-11T01:02:24
8.49982	-48.93567	0	47	2021-09-11T01:07:24
8.49864	-48.93582	0	47	2021-09-11T01:12:58
8.49766	-48.93600	0	47	2021-09-11T01:17:22
8.49662	-48.93619	0	47	2021-09-11T01:22:21
8.49555	-48.93649	0	47	2021-09-11T01:27:19
8.49452	-48.93666	0	47	2021-09-11T01:32:19
8.49358	-48.93683	0	47	2021-09-11T01:37:18
8.49259	-48.93710	0	47	2021-09-11T01:42:19
8.49164	-48.93741	0	47	2021-09-11T01:47:27
8.49072	-48.93771	0	47	2021-09-11T01:52:20
8.48985	-48.93805	0	47	2021-09-11T01:57:19
8.48893	-48.93845	0	47	2021-09-11T02:02:20
8.48806	-48.93887	0	47	2021-09-11T02:07:56
8.48712	-48.93921	0	47	2021-09-11T02:12:55
8.48631	-48.93951	0	47	2021-09-11T02:17:21
8.48539	-48.93982	0	47	2021-09-11T02:22:20
8.48445	-48.94020	0	47	2021-09-11T02:27:21
8.48354	-48.94037	0	47	2021-09-11T02:32:20
8.48263	-48.94058	0	47	2021-09-11T02:37:21
8.48171	-48.94080	0	47	2021-09-11T02:42:20
8.48081	-48.94101	0	47	2021-09-11T02:47:21
8.47993	-48.94122	0	47	2021-09-11T02:52:22
8.47903	-48.94144	0	47	2021-09-11T02:57:20
8.47816	-48.94165	0	47	2021-09-11T03:02:21
8.47730	-48.94189	0	47	2021-09-11T03:07:20
8.47639	-48.94217	0	47	2021-09-11T03:12:55
8.47561	-48.94238	0	47	2021-09-11T03:17:18
8.47474	-48.94263	0	47	2021-09-11T03:22:19
8.47383	-48.94290	0	47	2021-09-11T03:27:20
8.47296	-48.94318	0	47	2021-09-11T03:32:18
8.47206	-48.94353	0	47	2021-09-11T03:37:18
8.47120	-48.94379	0	47	2021-09-11T03:42:19
8.47034	-48.94406	0	47	2021-09-11T03:47:20
8.46948	-48.94434	0	47	2021-09-11T03:52:17
8.46864	-48.94463	0	47	2021-09-11T03:57:18
8.46773	-48.94489	0	47	2021-09-11T04:02:18
8.46690	-48.94513	0	47	2021-09-11T04:07:19
8.46594	-48.94540	0	47	2021-09-11T04:12:55
8.46513	-48.94561	0	47	2021-09-11T04:17:18
8.46439	-48.94595	0	47	2021-09-11T04:22:18
8.46349	-48.94623	0	47	2021-09-11T04:27:16
8.46259	-48.94644	0	47	2021-09-11T04:32:15
8.46163	-48.94662	0	47	2021-09-11T04:37:17
8.46068	-48.94675	0	47	2021-09-11T04:42:18
8.45975	-48.94684	0	47	2021-09-11T04:47:16
8.45795	-48.94693	0	47	2021-09-11T04:57:17
8.45712	-48.94693	0	47	2021-09-11T05:02:17
8.45636	-48.94693	0	47	2021-09-11T05:07:17
8.45534	-48.94681	0	47	2021-09-11T05:12:59
8.45463	-48.94675	0	47	2021-09-11T05:17:19
8.45386	-48.94666	0	47	2021-09-11T05:22:18
8.45304	-48.94650	0	47	2021-09-11T05:27:17
8.45222	-48.94632	0	47	2021-09-11T05:32:15
8.45146	-48.94614	0	47	2021-09-11T05:37:13
8.45068	-48.94586	0	47	2021-09-11T05:42:16
8.44985	-48.94559	0	47	2021-09-11T05:47:14
8.44902	-48.94525	0	47	2021-09-11T05:52:15
8.44821	-48.94485	0	47	2021-09-11T05:57:16
8.44741	-48.94440	0	47	2021-09-11T06:02:15
8.44659	-48.94388	0	47	2021-09-11T06:07:16
8.44563	-48.94330	0	47	2021-09-11T06:12:37
8.44482	-48.94275	0	47	2021-09-11T06:17:15
8.44389	-48.94217	0	47	2021-09-11T06:22:13
8.44300	-48.94161	0	47	2021-09-11T06:27:14
8.44209	-48.94110	0	47	2021-09-11T06:32:17
8.44112	-48.94067	0	47	2021-09-11T06:37:15
8.44023	-48.94016	0	47	2021-09-11T06:42:14
8.43939	-48.93954	0	47	2021-09-11T06:47:13
8.43866	-48.93903	0	47	2021-09-11T06:52:14
8.43786	-48.93851	0	47	2021-09-11T06:57:15
8.43707	-48.93805	0	47	2021-09-11T07:02:14
8.43628	-48.93762	0	47	2021-09-11T07:07:16
8.43549	-48.93723	0	47	2021-09-11T07:12:35
8.43479	-48.93686	0	47	2021-09-11T07:17:15
8.43410	-48.93652	0	47	2021-09-11T07:22:14
8.43338	-48.93610	0	47	2021-09-11T07:27:12
8.43261	-48.93576	0	47	2021-09-11T07:32:12
8.43191	-48.93539	0	47	2021-09-11T07:37:12
8.43117	-48.93509	0	47	2021-09-11T07:42:13
8.43038	-48.93469	0	47	2021-09-11T07:47:08
8.42965	-48.93443	0	47	2021-09-11T07:52:08
8.42892	-48.93417	0	47	2021-09-11T07:57:09
8.42815	-48.93384	0	47	2021-09-11T08:02:10
8.42737	-48.93347	0	47	2021-09-11T08:07:07
8.42656	-48.93315	0	47	2021-09-11T08:12:08
8.42587	-48.93289	0	47	2021-09-11T08:17:08
8.42505	-48.93256	0	47	2021-09-11T08:22:06
8.42418	-48.93222	0	47	2021-09-11T08:27:07
8.42343	-48.93201	0	47	2021-09-11T08:32:06
8.42268	-48.93170	0	47	2021-09-11T08:37:08
8.42198	-48.93134	0	47	2021-09-11T08:42:05
8.42129	-48.93091	0	47	2021-09-11T08:47:06
8.42057	-48.93045	0	47	2021-09-11T08:52:06
8.41984	-48.92996	0	47	2021-09-11T08:57:08
8.41906	-48.92950	0	47	2021-09-11T09:02:09
8.41829	-48.92908	0	47	2021-09-11T09:07:03
8.41751	-48.92838	0	47	2021-09-11T09:12:26
8.41665	-48.92816	0	47	2021-09-11T09:17:07
8.41574	-48.92770	0	47	2021-09-11T09:22:04
8.41475	-48.92728	0	47	2021-09-11T09:27:05
8.41371	-48.92679	0	47	2021-09-11T09:32:07
8.41273	-48.92636	0	47	2021-09-11T09:37:07
8.41175	-48.92591	0	47	2021-09-11T09:42:07
8.41081	-48.92548	0	47	2021-09-11T09:47:07
8.40978	-48.92502	0	47	2021-09-11T09:52:09
8.40872	-48.92440	0	47	2021-09-11T09:57:06
8.40780	-48.92395	0	47	2021-09-11T10:02:08
8.40679	-48.92346	0	47	2021-09-11T10:07:05
8.40569	-48.92273	0	47	2021-09-11T10:12:28
8.40462	-48.92239	0	47	2021-09-11T10:17:07
8.40354	-48.92194	0	47	2021-09-11T10:22:04
8.40246	-48.92160	0	47	2021-09-11T10:27:03
8.40140	-48.92120	0	47	2021-09-11T10:32:04
8.40032	-48.92069	0	47	2021-09-11T10:37:05
8.39929	-48.92043	0	47	2021-09-11T10:42:05
8.39826	-48.92017	0	47	2021-09-11T10:47:04
8.39720	-48.91980	0	47	2021-09-11T10:52:07
8.39611	-48.91943	0	47	2021-09-11T10:57:05
8.39499	-48.91916	0	47	2021-09-11T11:02:03
8.39390	-48.91891	0	47	2021-09-11T11:07:04
8.39259	-48.91852	0	47	2021-09-11T11:12:00
8.39165	-48.91835	0	47	2021-09-11T11:17:01
8.39058	-48.91809	0	47	2021-09-11T11:22:01
8.38953	-48.91785	0	47	2021-09-11T11:27:02
8.38850	-48.91760	0	47	2021-09-11T11:31:59
8.38742	-48.91730	0	47	2021-09-11T11:36:59
8.38636	-48.91702	0	47	2021-09-11T11:41:56
8.38531	-48.91666	0	47	2021-09-11T11:46:57
8.38423	-48.91633	0	47	2021-09-11T11:51:55
8.38329	-48.91599	0	47	2021-09-11T11:56:56
8.38235	-48.91565	0	47	2021-09-11T12:01:56
8.38138	-48.91520	0	47	2021-09-11T12:07:24
8.38022	-48.91486	0	47	2021-09-11T12:12:23
8.37933	-48.91456	0	47	2021-09-11T12:16:52
8.37839	-48.91422	0	47	2021-09-11T12:21:53
8.37749	-48.91394	0	47	2021-09-11T12:26:52
8.37665	-48.91367	0	47	2021-09-11T12:31:50
8.37583	-48.91342	0	47	2021-09-11T12:36:51
8.37506	-48.91312	0	47	2021-09-11T12:41:53
8.37365	-48.91221	0	47	2021-09-11T12:51:49
8.37307	-48.91193	0	47	2021-09-11T12:56:51
8.37246	-48.91153	0	47	2021-09-11T13:01:48
8.37182	-48.91116	0	47	2021-09-11T13:06:49
8.37111	-48.91065	0	47	2021-09-11T13:11:50
8.37060	-48.91031	0	47	2021-09-11T13:16:50
8.36998	-48.90994	0	47	2021-09-11T13:21:50
8.36928	-48.90946	0	47	2021-09-11T13:26:47
8.36869	-48.90912	0	47	2021-09-11T13:31:46
8.36805	-48.90878	0	47	2021-09-11T13:36:47
8.36743	-48.90836	0	47	2021-09-11T13:41:47
8.36677	-48.90799	0	47	2021-09-11T13:46:44
8.36614	-48.90762	0	47	2021-09-11T13:51:42
8.36553	-48.90726	0	47	2021-09-11T13:56:43
8.36491	-48.90683	0	47	2021-09-11T14:01:42
8.36431	-48.90640	0	47	2021-09-11T14:06:44
8.36363	-48.90591	0	47	2021-09-11T14:12:07
8.36307	-48.90555	0	47	2021-09-11T14:16:41
8.36248	-48.90509	0	47	2021-09-11T14:21:43
8.36190	-48.90466	0	47	2021-09-11T14:26:43
8.36131	-48.90415	0	47	2021-09-11T14:31:44
8.36070	-48.90381	0	47	2021-09-11T14:36:45
8.36009	-48.90327	0	47	2021-09-11T14:41:43
8.35950	-48.90293	0	47	2021-09-11T14:46:43
8.35890	-48.90250	0	47	2021-09-11T14:51:44
8.35825	-48.90204	0	47	2021-09-11T14:56:45
8.35751	-48.90162	0	47	2021-09-11T15:02:25
8.35683	-48.90128	0	47	2021-09-11T15:07:25
8.35600	-48.90085	0	47	2021-09-11T15:12:26
8.35530	-48.90051	0	47	2021-09-11T15:16:45
8.35445	-48.89997	0	47	2021-09-11T15:21:49
8.35363	-48.89954	0	47	2021-09-11T15:26:50
8.35290	-48.89911	0	47	2021-09-11T15:31:50
8.35220	-48.89865	0	47	2021-09-11T15:36:46
8.35152	-48.89822	0	47	2021-09-11T15:41:47
8.35080	-48.89777	0	47	2021-09-11T15:46:49
8.35012	-48.89734	0	47	2021-09-11T15:51:49
8.34950	-48.89691	0	47	2021-09-11T15:56:44
8.34894	-48.89645	0	47	2021-09-11T16:01:49
8.34831	-48.89606	0	47	2021-09-11T16:06:48
8.34756	-48.89566	0	47	2021-09-11T16:12:27
8.34700	-48.89532	0	47	2021-09-11T16:16:46
8.34634	-48.89496	0	47	2021-09-11T16:21:48
8.34577	-48.89459	0	47	2021-09-11T16:26:47
8.34521	-48.89420	0	47	2021-09-11T16:31:48
8.34470	-48.89383	0	47	2021-09-11T16:36:46
8.34418	-48.89337	0	47	2021-09-11T16:41:44
8.34376	-48.89311	0	47	2021-09-11T16:46:44
8.34346	-48.89294	0	47	2021-09-11T16:51:45
8.34328	-48.89285	0	47	2021-09-11T16:56:39
8.34318	-48.89285	0	47	2021-09-11T17:01:42
8.34314	-48.89285	0	47	2021-09-11T17:06:41
8.34312	-48.89288	0	47	2021-09-11T17:11:45
8.34308	-48.89288	0	47	2021-09-11T17:16:46
8.34301	-48.89294	0	47	2021-09-11T17:26:43
8.34307	-48.89304	0	47	2021-09-11T17:31:44
8.34312	-48.89310	0	47	2021-09-11T17:36:42
8.34315	-48.89310	0	47	2021-09-11T17:41:43
8.34315	-48.89297	0	47	2021-09-11T17:46:46
8.34307	-48.89275	0	47	2021-09-11T17:51:43
8.34298	-48.89258	0	47	2021-09-11T17:56:42
8.34280	-48.89224	0	47	2021-09-11T18:01:45
8.34262	-48.89188	0	47	2021-09-11T18:06:45
8.34247	-48.89139	0	47	2021-09-11T18:12:26
8.34232	-48.89087	0	47	2021-09-11T18:16:41
8.34211	-48.89029	0	47	2021-09-11T18:21:42
8.34186	-48.88962	0	47	2021-09-11T18:26:42
8.34163	-48.88898	0	47	2021-09-11T18:31:43
8.34140	-48.88824	0	47	2021-09-11T18:36:44
8.34118	-48.88739	0	47	2021-09-11T18:41:40
8.34092	-48.88647	0	47	2021-09-11T18:46:41
8.34064	-48.88553	0	47	2021-09-11T18:51:42
8.34026	-48.88458	0	47	2021-09-11T18:56:40
8.33989	-48.88364	0	47	2021-09-11T19:01:41
8.33949	-48.88269	0	47	2021-09-11T19:06:44
8.33906	-48.88155	0	47	2021-09-11T19:11:42
8.33867	-48.88061	0	47	2021-09-11T19:16:43
8.33824	-48.87967	0	47	2021-09-11T19:21:43
8.33778	-48.87869	0	47	2021-09-11T19:26:41
8.33724	-48.87765	0	47	2021-09-11T19:31:44
8.33672	-48.87671	0	47	2021-09-11T19:36:43
8.33614	-48.87579	0	47	2021-09-11T19:41:43
8.33553	-48.87497	0	47	2021-09-11T19:46:44
8.33489	-48.87412	0	47	2021-09-11T19:51:48
8.33425	-48.87335	0	47	2021-09-11T19:56:47
8.33358	-48.87256	0	47	2021-09-11T20:01:46
8.33294	-48.87192	0	47	2021-09-11T20:06:44
8.33220	-48.87119	0	47	2021-09-11T20:12:09
8.33151	-48.87061	0	47	2021-09-11T20:16:42
8.33071	-48.86996	0	47	2021-09-11T20:21:45
8.32989	-48.86926	0	47	2021-09-11T20:26:42
8.32901	-48.86856	0	47	2021-09-11T20:31:47
8.32816	-48.86789	0	47	2021-09-11T20:36:45
8.32734	-48.86722	0	47	2021-09-11T20:41:47
8.32646	-48.86650	0	47	2021-09-11T20:46:48
8.32555	-48.86581	0	47	2021-09-11T20:51:48
8.32457	-48.86511	0	47	2021-09-11T20:56:47
8.32361	-48.86429	0	47	2021-09-11T21:01:49
8.32264	-48.86353	0	47	2021-09-11T21:06:47
8.32149	-48.86279	0	47	2021-09-11T21:12:23
8.32057	-48.86224	0	47	2021-09-11T21:16:47
8.31953	-48.86154	0	47	2021-09-11T21:21:45
8.31847	-48.86090	0	47	2021-09-11T21:26:47
8.31739	-48.86020	0	47	2021-09-11T21:31:51
8.31629	-48.85956	0	47	2021-09-11T21:36:50
8.31509	-48.85880	0	47	2021-09-11T21:41:53
8.31394	-48.85820	0	47	2021-09-11T21:46:53
8.31278	-48.85760	0	47	2021-09-11T21:51:54
8.31161	-48.85703	0	47	2021-09-11T21:56:52
8.30916	-48.85589	0	47	2021-09-11T22:06:50
8.30779	-48.85538	0	47	2021-09-11T22:11:50
8.30667	-48.85495	0	47	2021-09-11T22:16:51
8.30542	-48.85443	0	47	2021-09-11T22:21:52
8.30402	-48.85406	0	47	2021-09-11T22:26:53
8.30275	-48.85361	0	47	2021-09-11T22:31:52
8.30002	-48.85262	0	47	2021-09-11T22:41:51
8.29869	-48.85211	0	47	2021-09-11T22:46:51
8.29745	-48.85168	0	47	2021-09-11T22:51:50
8.29615	-48.85135	0	47	2021-09-11T22:56:49
8.28980	-48.84958	0	47	2021-09-11T23:21:46
8.28853	-48.84927	0	47	2021-09-11T23:26:46
8.28731	-48.84903	0	47	2021-09-11T23:31:44
8.28603	-48.84875	0	47	2021-09-11T23:36:46
8.28473	-48.84842	0	47	2021-09-11T23:41:46
8.28342	-48.84814	0	47	2021-09-11T23:46:48
8.28218	-48.84784	0	47	2021-09-11T23:51:48
8.28086	-48.84763	0	47	2021-09-11T23:56:47
8.27946	-48.84735	0	47	2021-09-12T00:01:49
8.27809	-48.84714	0	47	2021-09-12T00:06:50
8.27646	-48.84683	0	47	2021-09-12T00:12:26
8.27519	-48.84665	0	47	2021-09-12T00:16:49
8.27380	-48.84644	0	47	2021-09-12T00:21:49
8.27244	-48.84619	0	47	2021-09-12T00:26:52
8.27103	-48.84598	0	47	2021-09-12T00:31:53
8.26962	-48.84570	0	47	2021-09-12T00:36:52
8.26807	-48.84546	0	47	2021-09-12T00:41:55
8.26662	-48.84534	0	47	2021-09-12T00:46:53
8.26504	-48.84506	0	47	2021-09-12T00:51:54
8.26345	-48.84497	0	47	2021-09-12T00:56:55
8.26186	-48.84482	0	47	2021-09-12T01:01:56
8.26028	-48.84460	0	47	2021-09-12T01:06:54
8.25850	-48.84436	0	47	2021-09-12T01:11:54
8.25707	-48.84421	0	47	2021-09-12T01:16:53
8.25550	-48.84402	0	47	2021-09-12T01:21:54
8.25389	-48.84387	0	47	2021-09-12T01:26:53
8.25230	-48.84375	0	47	2021-09-12T01:31:50
8.25084	-48.84375	0	47	2021-09-12T01:36:50
8.24947	-48.84375	0	47	2021-09-12T01:41:51
8.24818	-48.84381	0	47	2021-09-12T01:46:48
8.24583	-48.84439	0	47	2021-09-12T01:56:45
8.24477	-48.84465	0	47	2021-09-12T02:01:44
8.24374	-48.84491	0	47	2021-09-12T02:06:44
8.24255	-48.84534	0	47	2021-09-12T02:12:24
8.24156	-48.84561	0	47	2021-09-12T02:16:48
8.24042	-48.84592	0	47	2021-09-12T02:21:50
8.23912	-48.84613	0	47	2021-09-12T02:26:47
8.23773	-48.84625	0	47	2021-09-12T02:31:48
8.23623	-48.84634	0	47	2021-09-12T02:36:48
8.23461	-48.84625	0	47	2021-09-12T02:41:50
8.23292	-48.84607	0	47	2021-09-12T02:46:47
8.23124	-48.84589	0	47	2021-09-12T02:51:48
8.22949	-48.84567	0	47	2021-09-12T02:56:47
8.22775	-48.84543	0	47	2021-09-12T03:01:49
8.22608	-48.84528	0	47	2021-09-12T03:06:50
8.22434	-48.84509	0	47	2021-09-12T03:12:26
8.22298	-48.84491	0	47	2021-09-12T03:16:49
8.22143	-48.84470	0	47	2021-09-12T03:21:49
8.22002	-48.84453	0	47	2021-09-12T03:26:50
8.21860	-48.84436	0	47	2021-09-12T03:31:50
8.21721	-48.84421	0	47	2021-09-12T03:36:48
8.21587	-48.84406	0	47	2021-09-12T03:41:49
8.21451	-48.84393	0	47	2021-09-12T03:46:48
8.21307	-48.84384	0	47	2021-09-12T03:51:47
8.21167	-48.84381	0	47	2021-09-12T03:56:48
8.21021	-48.84361	0	47	2021-09-12T04:02:26
8.20880	-48.84357	0	47	2021-09-12T04:06:53
8.20716	-48.84335	0	47	2021-09-12T04:12:25
8.20590	-48.84329	0	47	2021-09-12T04:16:55
8.20429	-48.84297	0	47	2021-09-12T04:21:52
8.20270	-48.84263	0	47	2021-09-12T04:26:53
8.20102	-48.84229	0	47	2021-09-12T04:31:53
8.19943	-48.84192	0	47	2021-09-12T04:36:54
8.19788	-48.84155	0	47	2021-09-12T04:41:56
8.19638	-48.84122	0	47	2021-09-12T04:46:55
8.19473	-48.84085	0	47	2021-09-12T04:52:05
8.19309	-48.84042	0	47	2021-09-12T04:57:08
8.19150	-48.84000	0	47	2021-09-12T05:02:06
8.18997	-48.83969	0	47	2021-09-12T05:07:08
8.18845	-48.83939	0	47	2021-09-12T05:12:41
8.18725	-48.83917	0	47	2021-09-12T05:17:11
8.18584	-48.83890	0	47	2021-09-12T05:22:10
8.18446	-48.83850	0	47	2021-09-12T05:27:11
8.18303	-48.83807	0	47	2021-09-12T05:32:11
8.18169	-48.83765	0	47	2021-09-12T05:37:12
8.18038	-48.83731	0	47	2021-09-12T05:42:12
8.17906	-48.83701	0	47	2021-09-12T05:47:14
8.17780	-48.83673	0	47	2021-09-12T05:52:15
8.17650	-48.83643	0	47	2021-09-12T05:57:12
8.17514	-48.83606	0	47	2021-09-12T06:02:09
8.17374	-48.83562	0	47	2021-09-12T06:06:53
8.17254	-48.83536	0	47	2021-09-12T06:11:52
8.17141	-48.83502	0	47	2021-09-12T06:16:52
8.17013	-48.83450	0	47	2021-09-12T06:21:50
8.16888	-48.83395	0	47	2021-09-12T06:26:53
8.16769	-48.83340	0	47	2021-09-12T06:31:51
8.16644	-48.83276	0	47	2021-09-12T06:36:54
8.16519	-48.83215	0	47	2021-09-12T06:41:56
8.16395	-48.83151	0	47	2021-09-12T06:46:54
8.16267	-48.83071	0	47	2021-09-12T06:51:55
8.16142	-48.83011	0	47	2021-09-12T06:56:55
8.16019	-48.82947	0	47	2021-09-12T07:01:53
8.15755	-48.82801	0	47	2021-09-12T07:11:53
8.15643	-48.82741	0	47	2021-09-12T07:16:53
8.15513	-48.82672	0	47	2021-09-12T07:21:52
8.15380	-48.82605	0	47	2021-09-12T07:26:53
8.15246	-48.82544	0	47	2021-09-12T07:31:56
8.15112	-48.82486	0	47	2021-09-12T07:36:58
8.14980	-48.82422	0	47	2021-09-12T07:41:58
8.14849	-48.82367	0	47	2021-09-12T07:47:00
8.14573	-48.82240	0	47	2021-09-12T07:57:00
8.14431	-48.82189	0	47	2021-09-12T08:01:59
8.14284	-48.82138	0	47	2021-09-12T08:06:59
8.14128	-48.82071	0	47	2021-09-12T08:12:26
8.13998	-48.82025	0	47	2021-09-12T08:17:01
8.13856	-48.81967	0	47	2021-09-12T08:21:58
8.13716	-48.81906	0	47	2021-09-12T08:26:58
8.13570	-48.81851	0	47	2021-09-12T08:31:59
8.13425	-48.81793	0	47	2021-09-12T08:36:57
8.13282	-48.81741	0	47	2021-09-12T08:41:58
8.13137	-48.81693	0	47	2021-09-12T08:46:57
8.12989	-48.81641	0	47	2021-09-12T08:51:55
8.12841	-48.81586	0	47	2021-09-12T08:56:56
8.12693	-48.81528	0	47	2021-09-12T09:01:54
8.12548	-48.81470	0	47	2021-09-12T09:06:58
8.12401	-48.81412	0	47	2021-09-12T09:12:26
8.12284	-48.81375	0	47	2021-09-12T09:16:57
8.12161	-48.81342	0	47	2021-09-12T09:21:56
8.12027	-48.81305	0	47	2021-09-12T09:26:56
8.11885	-48.81271	0	47	2021-09-12T09:31:55
8.11749	-48.81241	0	47	2021-09-12T09:36:52
8.11618	-48.81219	0	47	2021-09-12T09:41:53
8.11481	-48.81198	0	47	2021-09-12T09:46:50
8.11336	-48.81171	0	47	2021-09-12T09:51:51
8.11191	-48.81143	0	47	2021-09-12T09:56:50
8.11042	-48.81113	0	47	2021-09-12T10:01:49
8.10884	-48.81078	0	47	2021-09-12T10:07:28
8.10708	-48.81052	0	47	2021-09-12T10:12:28
8.10568	-48.81027	0	47	2021-09-12T10:16:47
8.10394	-48.80994	0	47	2021-09-12T10:21:48
8.10216	-48.80961	0	47	2021-09-12T10:26:48
8.10041	-48.80927	0	47	2021-09-12T10:31:48
8.09862	-48.80890	0	47	2021-09-12T10:36:46
8.09683	-48.80845	0	47	2021-09-12T10:41:43
8.09503	-48.80811	0	47	2021-09-12T10:46:44
8.09318	-48.80777	0	47	2021-09-12T10:51:44
8.09132	-48.80746	0	47	2021-09-12T10:56:41
8.08952	-48.80716	0	47	2021-09-12T11:01:57
8.08780	-48.80699	0	47	2021-09-12T11:06:56
8.08595	-48.80673	0	47	2021-09-12T11:11:56
8.08423	-48.80643	0	47	2021-09-12T11:16:41
8.08245	-48.80618	0	47	2021-09-12T11:21:41
8.08070	-48.80596	0	47	2021-09-12T11:26:42
8.07893	-48.80579	0	47	2021-09-12T11:31:41
8.07710	-48.80563	0	47	2021-09-12T11:36:45
8.07525	-48.80548	0	47	2021-09-12T11:41:43
8.07335	-48.80527	0	47	2021-09-12T11:46:43
8.07141	-48.80505	0	47	2021-09-12T11:51:44
8.06947	-48.80484	0	47	2021-09-12T11:56:42
8.06747	-48.80463	0	47	2021-09-12T12:01:46
8.06549	-48.80447	0	47	2021-09-12T12:06:45
8.06334	-48.80432	0	47	2021-09-12T12:12:07
8.06156	-48.80426	0	47	2021-09-12T12:16:44
8.05962	-48.80423	0	47	2021-09-12T12:21:44
8.05758	-48.80417	0	47	2021-09-12T12:26:42
8.05550	-48.80405	0	47	2021-09-12T12:31:43
8.05334	-48.80386	0	47	2021-09-12T12:36:43
8.05124	-48.80377	0	47	2021-09-12T12:41:42
8.04918	-48.80374	0	47	2021-09-12T12:46:42
8.04725	-48.80380	0	47	2021-09-12T12:51:41
8.04528	-48.80389	0	47	2021-09-12T12:56:40
8.04318	-48.80380	0	47	2021-09-12T13:01:40
8.04102	-48.80362	0	47	2021-09-12T13:06:38
8.03908	-48.80344	0	47	2021-09-12T13:11:54
8.03745	-48.80341	0	47	2021-09-12T13:16:36
8.03590	-48.80362	0	47	2021-09-12T13:21:37
8.03426	-48.80362	0	47	2021-09-12T13:26:37
8.03241	-48.80345	0	47	2021-09-12T13:31:35
8.03055	-48.80319	0	47	2021-09-12T13:36:35
8.02887	-48.80307	0	47	2021-09-12T13:41:38
8.02729	-48.80310	0	47	2021-09-12T13:46:36
8.02566	-48.80301	0	47	2021-09-12T13:51:37
8.02387	-48.80276	0	47	2021-09-12T13:56:35
8.02211	-48.80243	0	47	2021-09-12T14:01:38
8.01692	-48.80223	0	47	2021-09-12T14:16:37
8.01512	-48.80223	0	47	2021-09-12T14:21:36
8.01315	-48.80206	0	47	2021-09-12T14:26:36
8.01127	-48.80194	0	47	2021-09-12T14:31:40
8.00963	-48.80194	0	47	2021-09-12T14:36:40
8.00806	-48.80203	0	47	2021-09-12T14:41:41
8.00620	-48.80203	0	47	2021-09-12T14:46:40
8.00432	-48.80194	0	47	2021-09-12T14:51:40
8.00254	-48.80197	0	47	2021-09-12T14:56:38
8.00075	-48.80203	0	47	2021-09-12T15:01:44
7.99882	-48.80179	0	47	2021-09-12T15:06:43
7.99687	-48.80154	0	47	2021-09-12T15:11:55
7.99533	-48.80164	0	47	2021-09-12T15:16:43
7.99361	-48.80155	0	47	2021-09-12T15:21:45
7.99155	-48.80121	0	47	2021-09-12T15:26:46
7.98949	-48.80087	0	47	2021-09-12T15:31:46
7.98762	-48.80075	0	47	2021-09-12T15:36:44
7.98561	-48.80029	0	47	2021-09-12T15:41:44
7.98367	-48.79980	0	47	2021-09-12T15:46:46
7.98193	-48.79952	0	47	2021-09-12T15:51:46
7.98039	-48.79935	0	47	2021-09-12T15:56:46
7.97880	-48.79892	0	47	2021-09-12T16:01:48
7.97730	-48.79858	0	47	2021-09-12T16:07:08
7.97593	-48.79858	0	47	2021-09-12T16:12:08
7.97452	-48.79834	0	47	2021-09-12T16:16:47
7.96977	-48.79770	0	47	2021-09-12T16:31:42
7.96813	-48.79745	0	47	2021-09-12T16:36:43
7.96648	-48.79733	0	47	2021-09-12T16:41:39
7.96462	-48.79706	0	47	2021-09-12T16:46:43
7.96275	-48.79691	0	47	2021-09-12T16:51:41
7.96075	-48.79669	0	47	2021-09-12T16:56:56
7.95879	-48.79642	0	47	2021-09-12T17:01:39
7.95684	-48.79633	0	47	2021-09-12T17:06:36
7.95475	-48.79620	0	47	2021-09-12T17:12:05
7.95303	-48.79614	0	47	2021-09-12T17:16:40
7.95118	-48.79611	0	47	2021-09-12T17:21:39
7.94936	-48.79602	0	47	2021-09-12T17:26:40
7.94758	-48.79596	0	47	2021-09-12T17:31:39
7.94580	-48.79590	0	47	2021-09-12T17:36:41
7.94399	-48.79596	0	47	2021-09-12T17:41:38
7.94225	-48.79611	0	47	2021-09-12T17:46:39
7.94051	-48.79623	0	47	2021-09-12T17:51:41
7.93874	-48.79630	0	47	2021-09-12T17:56:40
7.93691	-48.79633	0	47	2021-09-12T18:01:38
7.93494	-48.79639	0	47	2021-09-12T18:06:54
7.93306	-48.79660	0	47	2021-09-12T18:12:07
7.93134	-48.79680	0	47	2021-09-12T18:16:39
7.92954	-48.79706	0	47	2021-09-12T18:21:38
7.92769	-48.79718	0	47	2021-09-12T18:26:42
7.92583	-48.79739	0	47	2021-09-12T18:31:43
7.92393	-48.79752	0	47	2021-09-12T18:36:47
7.92208	-48.79761	0	47	2021-09-12T18:41:47
7.92028	-48.79770	0	47	2021-09-12T18:46:46
7.91843	-48.79791	0	47	2021-09-12T18:51:45
7.91656	-48.79810	0	47	2021-09-12T18:56:40
7.91471	-48.79810	0	47	2021-09-12T19:01:40
7.91283	-48.79803	0	47	2021-09-12T19:06:41
7.91079	-48.79791	0	47	2021-09-12T19:12:09
7.90908	-48.79782	0	47	2021-09-12T19:16:40
7.90723	-48.79773	0	47	2021-09-12T19:21:40
7.90543	-48.79764	0	47	2021-09-12T19:26:41
7.90359	-48.79764	0	47	2021-09-12T19:31:42
7.90176	-48.79764	0	47	2021-09-12T19:36:47
7.89996	-48.79764	0	47	2021-09-12T19:41:47
7.89812	-48.79758	0	47	2021-09-12T19:46:40
7.89618	-48.79745	0	47	2021-09-12T19:51:41
7.89420	-48.79733	0	47	2021-09-12T19:56:42
7.89235	-48.79724	0	47	2021-09-12T20:01:42
7.89047	-48.79712	0	47	2021-09-12T20:06:40
7.88831	-48.79697	0	47	2021-09-12T20:12:08
7.88644	-48.79674	0	47	2021-09-12T20:16:41
7.88442	-48.79648	0	47	2021-09-12T20:21:41
7.88245	-48.79628	0	47	2021-09-12T20:26:40
7.88056	-48.79602	0	47	2021-09-12T20:31:40
7.87865	-48.79578	0	47	2021-09-12T20:36:42
7.87675	-48.79550	0	47	2021-09-12T20:41:38
7.87472	-48.79520	0	47	2021-09-12T20:46:39
7.87267	-48.79492	0	47	2021-09-12T20:51:43
7.87070	-48.79458	0	47	2021-09-12T20:56:41
7.86890	-48.79449	0	47	2021-09-12T21:01:41
7.86706	-48.79434	0	47	2021-09-12T21:06:39
7.86493	-48.79422	0	47	2021-09-12T21:11:58
7.86299	-48.79401	0	47	2021-09-12T21:16:33
7.86081	-48.79370	0	47	2021-09-12T21:21:32
7.85863	-48.79337	0	47	2021-09-12T21:26:31
7.85648	-48.79311	0	47	2021-09-12T21:31:31
7.85442	-48.79294	0	47	2021-09-12T21:36:32
7.85223	-48.79272	0	47	2021-09-12T21:41:33
7.84994	-48.79250	0	47	2021-09-12T21:46:33
7.84771	-48.79224	0	47	2021-09-12T21:51:32
7.84541	-48.79205	0	47	2021-09-12T21:56:32
7.84305	-48.79184	0	47	2021-09-12T22:01:32
7.84073	-48.79161	0	47	2021-09-12T22:06:32
7.83828	-48.79144	0	47	2021-09-12T22:11:31
7.83622	-48.79135	0	47	2021-09-12T22:16:31
7.83389	-48.79120	0	47	2021-09-12T22:21:29
7.83153	-48.79117	0	47	2021-09-12T22:26:29
7.82926	-48.79117	0	47	2021-09-12T22:31:30
7.82691	-48.79108	0	47	2021-09-12T22:36:28
7.82458	-48.79105	0	47	2021-09-12T22:41:29
7.82222	-48.79102	0	47	2021-09-12T22:46:29
7.81993	-48.79111	0	47	2021-09-12T22:51:30
7.81761	-48.79111	0	47	2021-09-12T22:56:29
7.81533	-48.79105	0	47	2021-09-12T23:01:30
7.81309	-48.79117	0	47	2021-09-12T23:06:56
7.81060	-48.79117	0	47	2021-09-12T23:11:56
7.80854	-48.79135	0	47	2021-09-12T23:16:30
7.80634	-48.79163	0	47	2021-09-12T23:21:27
7.80424	-48.79172	0	47	2021-09-12T23:26:27
7.80215	-48.79196	0	47	2021-09-12T23:31:28
7.80007	-48.79207	0	47	2021-09-12T23:36:27
7.79810	-48.79224	0	47	2021-09-12T23:41:27
7.79610	-48.79240	0	47	2021-09-12T23:46:28
7.79404	-48.79257	0	47	2021-09-12T23:51:28
7.79204	-48.79269	0	47	2021-09-12T23:56:30
7.79007	-48.79269	0	47	2021-09-13T00:01:30
7.78815	-48.79279	0	47	2021-09-13T00:06:28
7.78607	-48.79306	0	47	2021-09-13T00:11:56
7.78428	-48.79306	0	47	2021-09-13T00:16:25
7.78216	-48.79306	0	47	2021-09-13T00:21:23
7.78006	-48.79306	0	47	2021-09-13T00:26:23
7.77798	-48.79306	0	47	2021-09-13T00:31:26
7.77586	-48.79294	0	47	2021-09-13T00:36:24
7.77379	-48.79282	0	47	2021-09-13T00:41:25
7.77175	-48.79279	0	47	2021-09-13T00:46:22
7.76968	-48.79269	0	47	2021-09-13T00:51:24
7.76751	-48.79266	0	47	2021-09-13T00:56:24
7.76545	-48.79266	0	47	2021-09-13T01:01:25
7.76343	-48.79266	0	47	2021-09-13T01:06:25
7.76125	-48.79279	0	47	2021-09-13T01:11:56
7.75945	-48.79288	0	47	2021-09-13T01:16:24
7.75748	-48.79288	0	47	2021-09-13T01:21:24
7.75551	-48.79300	0	47	2021-09-13T01:26:22
7.75354	-48.79321	0	47	2021-09-13T01:31:23
7.75165	-48.79338	0	47	2021-09-13T01:36:23
7.74980	-48.79355	0	47	2021-09-13T01:41:24
7.74798	-48.79379	0	47	2021-09-13T01:46:21
7.74619	-48.79401	0	47	2021-09-13T01:51:26
7.74440	-48.79436	0	47	2021-09-13T01:56:23
7.74268	-48.79453	0	47	2021-09-13T02:01:24
7.74091	-48.79477	0	47	2021-09-13T02:06:25
7.73895	-48.79510	0	47	2021-09-13T02:11:56
7.73733	-48.79539	0	47	2021-09-13T02:16:22
7.73553	-48.79565	0	47	2021-09-13T02:21:23
7.73190	-48.79626	0	47	2021-09-13T02:31:25
7.73003	-48.79662	0	47	2021-09-13T02:36:25
7.72818	-48.79688	0	47	2021-09-13T02:41:25
7.72634	-48.79718	0	47	2021-09-13T02:46:24
7.72454	-48.79749	0	47	2021-09-13T02:51:27
7.72273	-48.79770	0	47	2021-09-13T02:56:28
7.72102	-48.79800	0	47	2021-09-13T03:01:23
7.71933	-48.79834	0	47	2021-09-13T03:06:26
7.71743	-48.79877	0	47	2021-09-13T03:11:58
7.71588	-48.79907	0	47	2021-09-13T03:16:28
7.71415	-48.79938	0	47	2021-09-13T03:21:26
7.71243	-48.79971	0	47	2021-09-13T03:26:30
7.71070	-48.80002	0	47	2021-09-13T03:31:31
7.70897	-48.80029	0	47	2021-09-13T03:36:31
7.70713	-48.80060	0	47	2021-09-13T03:41:30
7.70533	-48.80081	0	47	2021-09-13T03:46:33
7.70353	-48.80099	0	47	2021-09-13T03:51:35
7.70166	-48.80109	0	47	2021-09-13T03:56:35
7.69981	-48.80124	0	47	2021-09-13T04:01:40
7.69792	-48.80130	0	47	2021-09-13T04:06:36
7.69586	-48.80142	0	47	2021-09-13T04:11:57
7.69408	-48.80148	0	47	2021-09-13T04:16:39
7.69212	-48.80157	0	47	2021-09-13T04:21:36
7.69008	-48.80151	0	47	2021-09-13T04:26:37
7.68805	-48.80154	0	47	2021-09-13T04:31:40
7.68600	-48.80151	0	47	2021-09-13T04:36:38
7.68401	-48.80157	0	47	2021-09-13T04:41:36
7.68192	-48.80148	0	47	2021-09-13T04:46:40
7.67995	-48.80148	0	47	2021-09-13T04:51:40
7.67797	-48.80142	0	47	2021-09-13T04:56:38
7.67603	-48.80142	0	47	2021-09-13T05:01:39
7.67408	-48.80130	0	47	2021-09-13T05:06:37
7.67195	-48.80127	0	47	2021-09-13T05:12:12
7.67025	-48.80130	0	47	2021-09-13T05:16:41
7.66831	-48.80130	0	47	2021-09-13T05:21:39
7.66641	-48.80130	0	47	2021-09-13T05:26:38
7.66454	-48.80142	0	47	2021-09-13T05:31:39
7.66268	-48.80151	0	47	2021-09-13T05:36:37
7.66078	-48.80167	0	47	2021-09-13T05:41:38
7.65884	-48.80176	0	47	2021-09-13T05:46:38
7.65686	-48.80176	0	47	2021-09-13T05:51:40
7.65488	-48.80176	0	47	2021-09-13T05:56:40
7.65291	-48.80176	0	47	2021-09-13T06:01:40
7.65092	-48.80173	0	47	2021-09-13T06:06:39
7.64890	-48.80182	0	47	2021-09-13T06:11:55
7.64710	-48.80194	0	47	2021-09-13T06:16:40
7.64511	-48.80206	0	47	2021-09-13T06:21:41
7.64308	-48.80225	0	47	2021-09-13T06:26:41
7.64104	-48.80237	0	47	2021-09-13T06:31:39
7.63891	-48.80240	0	47	2021-09-13T06:36:41
7.63678	-48.80255	0	47	2021-09-13T06:41:42
7.63454	-48.80267	0	47	2021-09-13T06:46:44
7.63234	-48.80283	0	47	2021-09-13T06:51:42
7.63004	-48.80292	0	47	2021-09-13T06:56:43
7.62779	-48.80304	0	47	2021-09-13T07:01:41
7.62537	-48.80310	0	47	2021-09-13T07:07:07
7.62280	-48.80319	0	47	2021-09-13T07:12:06
7.62052	-48.80344	0	47	2021-09-13T07:16:40
7.61812	-48.80353	0	47	2021-09-13T07:21:40
7.61572	-48.80362	0	47	2021-09-13T07:26:41
7.61326	-48.80371	0	47	2021-09-13T07:31:42
7.61079	-48.80377	0	47	2021-09-13T07:36:43
7.60832	-48.80383	0	47	2021-09-13T07:41:43
7.60587	-48.80396	0	47	2021-09-13T07:46:44
7.60338	-48.80396	0	47	2021-09-13T07:51:45
7.60089	-48.80399	0	47	2021-09-13T07:56:43
7.59837	-48.80405	0	47	2021-09-13T08:01:48
7.59595	-48.80420	0	47	2021-09-13T08:06:44
7.59333	-48.80441	0	47	2021-09-13T08:12:07
7.59103	-48.80457	0	47	2021-09-13T08:16:44
7.58846	-48.80472	0	47	2021-09-13T08:21:46
7.58594	-48.80490	0	47	2021-09-13T08:26:43
7.58340	-48.80493	0	47	2021-09-13T08:31:45
7.58087	-48.80505	0	47	2021-09-13T08:36:45
7.57839	-48.80518	0	47	2021-09-13T08:41:46
7.57595	-48.80542	0	47	2021-09-13T08:46:46
7.57360	-48.80569	0	47	2021-09-13T08:51:44
7.57117	-48.80600	0	47	2021-09-13T08:56:47
7.56878	-48.80630	0	47	2021-09-13T09:01:49
7.56635	-48.80649	0	47	2021-09-13T09:06:47
7.56363	-48.80673	0	47	2021-09-13T09:12:26
7.56143	-48.80688	0	47	2021-09-13T09:16:48
7.55889	-48.80707	0	47	2021-09-13T09:21:50
7.55640	-48.80743	0	47	2021-09-13T09:26:52
7.55395	-48.80769	0	47	2021-09-13T09:31:51
7.55150	-48.80795	0	47	2021-09-13T09:36:51
7.54901	-48.80832	0	47	2021-09-13T09:41:53
7.54658	-48.80869	0	47	2021-09-13T09:46:50
7.54413	-48.80908	0	47	2021-09-13T09:51:51
7.54165	-48.80954	0	47	2021-09-13T09:56:50
7.53923	-48.81009	0	47	2021-09-13T10:01:52
7.53681	-48.81063	0	47	2021-09-13T10:06:49
7.53419	-48.81114	0	47	2021-09-13T10:11:50
7.53217	-48.81165	0	47	2021-09-13T10:16:50
7.52985	-48.81229	0	47	2021-09-13T10:21:51
7.52757	-48.81293	0	47	2021-09-13T10:26:52
7.52528	-48.81351	0	47	2021-09-13T10:31:53
7.52294	-48.81409	0	47	2021-09-13T10:36:53
7.52065	-48.81476	0	47	2021-09-13T10:41:55
7.51834	-48.81534	0	47	2021-09-13T10:46:55
7.51607	-48.81596	0	47	2021-09-13T10:51:56
7.51388	-48.81647	0	47	2021-09-13T10:56:56
7.51173	-48.81711	0	47	2021-09-13T11:01:53
7.50959	-48.81769	0	47	2021-09-13T11:06:51
7.50729	-48.81842	0	47	2021-09-13T11:12:24
7.50553	-48.81909	0	47	2021-09-13T11:16:53
7.50355	-48.81982	0	47	2021-09-13T11:21:51
7.50170	-48.82059	0	47	2021-09-13T11:26:51
7.49983	-48.82132	0	47	2021-09-13T11:31:48
7.49794	-48.82205	0	47	2021-09-13T11:36:49
7.49613	-48.82269	0	47	2021-09-13T11:41:50
7.49429	-48.82332	0	47	2021-09-13T11:46:48
7.49257	-48.82401	0	47	2021-09-13T11:51:48
7.49081	-48.82471	0	47	2021-09-13T11:56:47
7.48906	-48.82546	0	47	2021-09-13T12:01:46
7.48734	-48.82623	0	47	2021-09-13T12:06:46
7.48552	-48.82700	0	47	2021-09-13T12:12:07
7.48388	-48.82776	0	47	2021-09-13T12:16:44
7.48207	-48.82855	0	47	2021-09-13T12:21:45
7.48014	-48.82941	0	47	2021-09-13T12:26:45
7.47816	-48.83029	0	47	2021-09-13T12:31:47
7.47611	-48.83121	0	47	2021-09-13T12:36:47
7.47399	-48.83212	0	47	2021-09-13T12:41:49
7.47185	-48.83310	0	47	2021-09-13T12:46:52
7.46965	-48.83411	0	47	2021-09-13T12:51:50
7.46740	-48.83524	0	47	2021-09-13T12:56:47
7.46525	-48.83618	0	47	2021-09-13T13:01:48
7.46310	-48.83704	0	47	2021-09-13T13:06:48
7.46069	-48.83829	0	47	2021-09-13T13:12:24
7.45879	-48.83923	0	47	2021-09-13T13:16:50
7.45673	-48.84027	0	47	2021-09-13T13:21:44
7.45464	-48.84137	0	47	2021-09-13T13:26:48
7.45256	-48.84250	0	47	2021-09-13T13:31:46
7.44844	-48.84486	0	47	2021-09-13T13:41:47
7.44642	-48.84589	0	47	2021-09-13T13:46:47
7.44445	-48.84692	0	47	2021-09-13T13:51:46
7.44241	-48.84796	0	47	2021-09-13T13:56:45
7.44037	-48.84903	0	47	2021-09-13T14:01:47
7.43832	-48.85007	0	47	2021-09-13T14:06:47
7.43600	-48.85120	0	47	2021-09-13T14:12:26
7.43417	-48.85208	0	47	2021-09-13T14:16:49
7.43208	-48.85306	0	47	2021-09-13T14:21:49
7.42992	-48.85406	0	47	2021-09-13T14:26:55
7.42776	-48.85516	0	47	2021-09-13T14:31:53
7.42573	-48.85629	0	47	2021-09-13T14:36:49
7.42371	-48.85715	0	47	2021-09-13T14:41:50
7.42170	-48.85800	0	47	2021-09-13T14:46:47
7.41961	-48.85885	0	47	2021-09-13T14:51:50
7.41764	-48.85971	0	47	2021-09-13T14:56:49
7.41568	-48.86057	0	47	2021-09-13T15:01:52
7.41356	-48.86145	0	47	2021-09-13T15:07:06
7.41157	-48.86224	0	47	2021-09-13T15:12:25
7.40985	-48.86292	0	47	2021-09-13T15:16:47
7.40794	-48.86365	0	47	2021-09-13T15:21:46
7.40600	-48.86435	0	47	2021-09-13T15:26:45
7.40408	-48.86508	0	47	2021-09-13T15:31:44
7.40224	-48.86575	0	47	2021-09-13T15:36:44
7.40050	-48.86642	0	47	2021-09-13T15:41:49
7.39887	-48.86707	0	47	2021-09-13T15:46:46
7.39717	-48.86766	0	47	2021-09-13T15:51:49
7.39541	-48.86817	0	47	2021-09-13T15:56:48
7.39352	-48.86877	0	47	2021-09-13T16:01:48
7.39155	-48.86929	0	47	2021-09-13T16:06:46
7.38915	-48.86984	0	47	2021-09-13T16:12:24
7.38739	-48.87040	0	47	2021-09-13T16:16:47
7.38542	-48.87091	0	47	2021-09-13T16:21:47
7.38338	-48.87149	0	47	2021-09-13T16:26:49
7.38133	-48.87211	0	47	2021-09-13T16:31:49
7.37931	-48.87271	0	47	2021-09-13T16:36:49
7.37729	-48.87342	0	47	2021-09-13T16:41:46
7.37523	-48.87393	0	47	2021-09-13T16:46:45
7.37308	-48.87460	0	47	2021-09-13T16:51:48
7.37088	-48.87527	0	47	2021-09-13T16:56:49
7.36869	-48.87609	0	47	2021-09-13T17:02:25
7.36649	-48.87665	0	47	2021-09-13T17:06:46
7.36401	-48.87738	0	47	2021-09-13T17:12:24
7.36201	-48.87805	0	47	2021-09-13T17:16:49
7.35968	-48.87878	0	47	2021-09-13T17:21:49
7.35735	-48.87943	0	47	2021-09-13T17:26:51
7.35499	-48.88016	0	47	2021-09-13T17:31:49
7.35263	-48.88089	0	47	2021-09-13T17:36:50
7.35021	-48.88168	0	47	2021-09-13T17:41:52
7.34789	-48.88254	0	47	2021-09-13T17:46:51
7.34555	-48.88342	0	47	2021-09-13T17:51:51
7.34319	-48.88422	0	47	2021-09-13T17:56:52
7.34086	-48.88523	0	47	2021-09-13T18:01:53
7.33859	-48.88617	0	47	2021-09-13T18:06:53
7.33599	-48.88739	0	47	2021-09-13T18:12:26
7.33397	-48.88834	0	47	2021-09-13T18:16:52
7.33168	-48.88940	0	47	2021-09-13T18:21:53
7.32943	-48.89041	0	47	2021-09-13T18:26:54
7.32722	-48.89145	0	47	2021-09-13T18:31:55
7.32508	-48.89249	0	47	2021-09-13T18:36:56
7.32296	-48.89346	0	47	2021-09-13T18:41:56
7.32088	-48.89456	0	47	2021-09-13T18:46:57
7.31886	-48.89542	0	47	2021-09-13T18:51:58
7.31695	-48.89630	0	47	2021-09-13T18:56:58
7.31518	-48.89722	0	47	2021-09-13T19:02:02
7.31345	-48.89822	0	47	2021-09-13T19:07:00
7.31173	-48.89938	0	47	2021-09-13T19:12:25
7.31033	-48.90036	0	47	2021-09-13T19:17:05
7.30880	-48.90134	0	47	2021-09-13T19:22:03
7.30714	-48.90231	0	47	2021-09-13T19:27:03
7.30547	-48.90317	0	47	2021-09-13T19:32:02
7.30374	-48.90405	0	47	2021-09-13T19:37:02
7.30019	-48.90576	0	47	2021-09-13T19:47:04
7.29848	-48.90668	0	47	2021-09-13T19:52:04
7.29676	-48.90763	0	47	2021-09-13T19:57:05
7.29504	-48.90857	0	47	2021-09-13T20:02:06
7.29330	-48.90948	0	47	2021-09-13T20:07:03
7.29140	-48.91052	0	47	2021-09-13T20:12:26
7.28981	-48.91150	0	47	2021-09-13T20:17:07
7.28803	-48.91251	0	47	2021-09-13T20:22:05
7.28630	-48.91354	0	47	2021-09-13T20:27:07
7.28446	-48.91459	0	47	2021-09-13T20:32:08
7.28266	-48.91562	0	47	2021-09-13T20:37:08
7.28078	-48.91666	0	47	2021-09-13T20:42:06
7.27888	-48.91769	0	47	2021-09-13T20:47:09
7.27702	-48.91879	0	47	2021-09-13T20:52:08
7.27503	-48.92002	0	47	2021-09-13T20:57:08
7.27314	-48.92114	0	47	2021-09-13T21:02:08
7.27111	-48.92236	0	47	2021-09-13T21:07:06
7.26892	-48.92372	0	47	2021-09-13T21:12:05
7.26706	-48.92490	0	47	2021-09-13T21:17:07
7.26497	-48.92621	0	47	2021-09-13T21:22:04
7.26279	-48.92749	0	47	2021-09-13T21:27:06
7.26062	-48.92889	0	47	2021-09-13T21:32:07
7.25840	-48.93027	0	47	2021-09-13T21:37:07
7.25621	-48.93164	0	47	2021-09-13T21:42:07
7.25411	-48.93292	0	47	2021-09-13T21:47:05
7.25200	-48.93428	0	47	2021-09-13T21:52:06
7.24985	-48.93557	0	47	2021-09-13T21:57:07
7.24770	-48.93677	0	47	2021-09-13T22:02:07
7.24559	-48.93799	0	47	2021-09-13T22:07:05
7.24345	-48.93940	0	47	2021-09-13T22:12:09
7.24139	-48.94060	0	47	2021-09-13T22:17:10
7.23933	-48.94180	0	47	2021-09-13T22:22:10
7.23719	-48.94308	0	47	2021-09-13T22:27:09
7.23506	-48.94441	0	47	2021-09-13T22:32:09
7.23300	-48.94553	0	47	2021-09-13T22:37:10
7.23097	-48.94666	0	47	2021-09-13T22:42:11
7.22895	-48.94797	0	47	2021-09-13T22:47:10
7.22693	-48.94913	0	47	2021-09-13T22:52:11
7.22495	-48.95023	0	47	2021-09-13T22:57:08
7.22306	-48.95135	0	47	2021-09-13T23:02:07
7.22121	-48.95255	0	47	2021-09-13T23:07:07
7.21920	-48.95370	0	47	2021-09-13T23:12:27
7.21740	-48.95483	0	47	2021-09-13T23:17:05
7.21543	-48.95593	0	47	2021-09-13T23:22:06
7.21345	-48.95700	0	47	2021-09-13T23:27:03
7.21148	-48.95804	0	47	2021-09-13T23:32:04
7.20950	-48.95914	0	47	2021-09-13T23:37:05
7.20752	-48.96024	0	47	2021-09-13T23:42:05
7.20549	-48.96130	0	47	2021-09-13T23:47:02
7.20349	-48.96237	0	47	2021-09-13T23:52:04
7.20155	-48.96338	0	47	2021-09-13T23:57:03
7.19959	-48.96442	0	47	2021-09-14T00:02:08
7.19769	-48.96552	0	47	2021-09-14T00:07:06
7.19567	-48.96674	0	47	2021-09-14T00:12:26
7.19394	-48.96777	0	47	2021-09-14T00:17:03
7.19208	-48.96890	0	47	2021-09-14T00:22:04
7.19021	-48.96994	0	47	2021-09-14T00:27:02
7.18838	-48.97101	0	47	2021-09-14T00:32:05
7.18658	-48.97208	0	47	2021-09-14T00:37:06
7.18498	-48.97330	0	47	2021-09-14T00:42:04
7.18331	-48.97433	0	47	2021-09-14T00:47:04
7.18160	-48.97546	0	47	2021-09-14T00:52:06
7.17997	-48.97638	0	47	2021-09-14T00:57:06
7.17836	-48.97745	0	47	2021-09-14T01:02:07
7.17669	-48.97839	0	47	2021-09-14T01:07:07
7.17502	-48.97940	0	47	2021-09-14T01:12:28
7.17348	-48.98038	0	47	2021-09-14T01:17:03
7.17191	-48.98129	0	47	2021-09-14T01:22:03
7.17034	-48.98227	0	47	2021-09-14T01:27:00
7.16878	-48.98315	0	47	2021-09-14T01:32:01
7.16723	-48.98410	0	47	2021-09-14T01:37:02
7.16566	-48.98504	0	47	2021-09-14T01:42:02
7.16416	-48.98590	0	47	2021-09-14T01:47:02
7.16268	-48.98679	0	47	2021-09-14T01:52:00
7.16119	-48.98770	0	47	2021-09-14T01:57:01
7.15972	-48.98865	0	47	2021-09-14T02:01:59
7.15813	-48.98953	0	47	2021-09-14T02:07:00
7.15643	-48.99048	0	47	2021-09-14T02:12:27
7.15497	-48.99136	0	47	2021-09-14T02:17:01
7.15339	-48.99234	0	47	2021-09-14T02:21:59
7.15173	-48.99319	0	47	2021-09-14T02:27:03
7.15008	-48.99414	0	47	2021-09-14T02:31:59
7.14836	-48.99512	0	47	2021-09-14T02:37:04
7.14655	-48.99609	0	47	2021-09-14T02:42:05
7.14491	-48.99710	0	47	2021-09-14T02:47:05
7.14324	-48.99802	0	47	2021-09-14T02:52:06
7.14148	-48.99899	0	47	2021-09-14T02:57:19
7.13989	-48.99985	0	47	2021-09-14T03:02:01
7.13826	-49.00079	0	47	2021-09-14T03:07:02
7.13652	-49.00195	0	47	2021-09-14T03:12:37
7.13511	-49.00281	0	47	2021-09-14T03:17:02
7.13359	-49.00385	0	47	2021-09-14T03:22:04
7.13227	-49.00485	0	47	2021-09-14T03:27:04
7.13096	-49.00583	0	47	2021-09-14T03:32:06
7.12987	-49.00684	0	47	2021-09-14T03:37:03
7.12893	-49.00781	0	47	2021-09-14T03:42:07
7.12803	-49.00876	0	47	2021-09-14T03:47:05
7.12715	-49.00983	0	47	2021-09-14T03:52:10
7.12629	-49.01068	0	47	2021-09-14T03:57:06
7.12543	-49.01163	0	47	2021-09-14T04:02:11
7.12459	-49.01260	0	47	2021-09-14T04:07:08
7.12371	-49.01365	0	47	2021-09-14T04:12:09
7.12285	-49.01459	0	47	2021-09-14T04:17:09
7.12187	-49.01541	0	47	2021-09-14T04:22:07
7.12080	-49.01617	0	47	2021-09-14T04:27:05
7.11967	-49.01694	0	47	2021-09-14T04:32:07
7.11844	-49.01765	0	47	2021-09-14T04:37:06
7.11720	-49.01825	0	47	2021-09-14T04:42:07
7.11592	-49.01889	0	47	2021-09-14T04:47:08
7.11472	-49.01962	0	47	2021-09-14T04:52:07
7.11341	-49.02032	0	47	2021-09-14T04:57:05
7.11209	-49.02103	0	47	2021-09-14T05:02:06
7.11070	-49.02170	0	47	2021-09-14T05:07:04
7.10918	-49.02249	0	47	2021-09-14T05:12:27
7.10788	-49.02328	0	47	2021-09-14T05:17:04
7.10648	-49.02411	0	47	2021-09-14T05:22:05
7.10503	-49.02499	0	47	2021-09-14T05:27:03
7.10354	-49.02588	0	47	2021-09-14T05:32:04
7.10206	-49.02676	0	47	2021-09-14T05:37:04
7.10055	-49.02777	0	47	2021-09-14T05:42:04
7.10055	-49.02771	0	47	2021-09-14T05:42:05
7.09909	-49.02863	0	47	2021-09-14T05:47:03
7.09909	-49.02869	0	47	2021-09-14T05:47:05
7.09763	-49.02963	0	47	2021-09-14T05:52:04
7.09612	-49.03064	0	47	2021-09-14T05:57:03
7.09461	-49.03165	0	47	2021-09-14T06:02:04
7.09311	-49.03253	0	47	2021-09-14T06:07:02
7.09150	-49.03348	0	47	2021-09-14T06:12:25
7.09017	-49.03442	0	47	2021-09-14T06:17:03
7.08872	-49.03540	0	47	2021-09-14T06:22:01
7.08732	-49.03642	0	47	2021-09-14T06:27:01
7.08595	-49.03754	0	47	2021-09-14T06:32:01
7.08454	-49.03864	0	47	2021-09-14T06:37:02
7.08311	-49.03976	0	47	2021-09-14T06:42:04
7.08171	-49.04084	0	47	2021-09-14T06:47:02
7.08025	-49.04178	0	47	2021-09-14T06:52:02
7.07886	-49.04276	0	47	2021-09-14T06:57:03
7.07747	-49.04367	0	47	2021-09-14T07:02:02
7.07608	-49.04459	0	47	2021-09-14T07:06:59
7.07456	-49.04547	0	47	2021-09-14T07:12:27
7.07329	-49.04633	0	47	2021-09-14T07:16:58
7.07182	-49.04726	0	47	2021-09-14T07:21:55
7.07045	-49.04803	0	47	2021-09-14T07:26:56
7.06908	-49.04889	0	47	2021-09-14T07:31:56
7.06770	-49.04971	0	47	2021-09-14T07:36:55
7.06628	-49.05060	0	47	2021-09-14T07:41:55
7.06486	-49.05145	0	47	2021-09-14T07:46:55
7.06349	-49.05231	0	47	2021-09-14T07:51:54
7.06208	-49.05313	0	47	2021-09-14T07:56:53
7.06065	-49.05399	0	47	2021-09-14T08:01:55
7.05917	-49.05484	0	47	2021-09-14T08:06:52
7.05750	-49.05572	0	47	2021-09-14T08:11:53
7.05626	-49.05634	0	47	2021-09-14T08:16:53
7.05480	-49.05710	0	47	2021-09-14T08:21:54
7.05331	-49.05783	0	47	2021-09-14T08:26:52
7.05186	-49.05853	0	47	2021-09-14T08:31:52
7.05034	-49.05931	0	47	2021-09-14T08:36:52
7.04892	-49.06000	0	47	2021-09-14T08:41:52
7.04745	-49.06070	0	47	2021-09-14T08:46:51
7.04588	-49.06131	0	47	2021-09-14T08:51:52
7.04443	-49.06198	0	47	2021-09-14T08:56:52
7.04295	-49.06263	0	47	2021-09-14T09:01:50
7.04149	-49.06323	0	47	2021-09-14T09:06:50
7.03982	-49.06401	0	47	2021-09-14T09:11:51
7.03849	-49.06452	0	47	2021-09-14T09:16:52
7.03703	-49.06512	0	47	2021-09-14T09:21:52
7.03554	-49.06567	0	47	2021-09-14T09:26:50
7.03415	-49.06631	0	47	2021-09-14T09:31:51
7.03272	-49.06696	0	47	2021-09-14T09:36:51
7.03139	-49.06747	0	47	2021-09-14T09:41:51
7.02999	-49.06802	0	47	2021-09-14T09:46:49
7.02861	-49.06860	0	47	2021-09-14T09:51:50
7.02718	-49.06918	0	47	2021-09-14T09:56:52
7.02586	-49.06976	0	47	2021-09-14T10:01:51
7.02448	-49.07025	0	47	2021-09-14T10:06:53
7.02170	-49.07134	0	47	2021-09-14T10:16:53
7.02038	-49.07184	0	47	2021-09-14T10:21:51
7.01908	-49.07236	0	47	2021-09-14T10:26:53
7.01783	-49.07281	0	47	2021-09-14T10:31:50
7.01655	-49.07327	0	47	2021-09-14T10:36:51
7.01534	-49.07367	0	47	2021-09-14T10:41:51
7.01412	-49.07410	0	47	2021-09-14T10:46:52
7.01286	-49.07452	0	47	2021-09-14T10:51:53
7.01166	-49.07483	0	47	2021-09-14T10:56:50
7.01050	-49.07516	0	47	2021-09-14T11:01:47
7.00928	-49.07553	0	47	2021-09-14T11:06:50
7.00789	-49.07596	0	47	2021-09-14T11:12:26
7.00677	-49.07629	0	47	2021-09-14T11:16:48
7.00548	-49.07675	0	47	2021-09-14T11:21:49
7.00421	-49.07724	0	47	2021-09-14T11:26:43
7.00287	-49.07776	0	47	2021-09-14T11:31:44
7.00163	-49.07828	0	47	2021-09-14T11:36:46
7.00042	-49.07874	0	47	2021-09-14T11:41:45
6.99917	-49.07919	0	47	2021-09-14T11:46:43
6.99799	-49.07959	0	47	2021-09-14T11:51:44
6.99690	-49.08002	0	47	2021-09-14T11:56:41
6.99595	-49.08044	0	47	2021-09-14T12:01:49
6.99505	-49.08084	0	47	2021-09-14T12:06:43
6.99412	-49.08130	0	47	2021-09-14T12:12:07
6.99337	-49.08160	0	47	2021-09-14T12:16:40
6.99269	-49.08200	0	47	2021-09-14T12:21:38
6.99199	-49.08244	0	47	2021-09-14T12:26:38
6.99143	-49.08278	0	47	2021-09-14T12:31:38
6.99092	-49.08304	0	47	2021-09-14T12:36:37
6.99034	-49.08337	0	47	2021-09-14T12:41:36
6.98968	-49.08356	0	47	2021-09-14T12:46:40
6.98903	-49.08377	0	47	2021-09-14T12:51:35
6.98846	-49.08398	0	47	2021-09-14T12:56:36
6.98782	-49.08420	0	47	2021-09-14T13:01:36
6.98719	-49.08441	0	47	2021-09-14T13:06:36
6.98646	-49.08459	0	47	2021-09-14T13:12:09
6.98585	-49.08484	0	47	2021-09-14T13:16:43
6.98518	-49.08514	0	47	2021-09-14T13:21:47
6.98433	-49.08554	0	47	2021-09-14T13:26:44
6.98351	-49.08588	0	47	2021-09-14T13:31:44
6.98252	-49.08615	0	47	2021-09-14T13:36:46
6.98152	-49.08650	0	47	2021-09-14T13:41:48
6.98053	-49.08676	0	47	2021-09-14T13:46:48
6.97952	-49.08705	0	47	2021-09-14T13:51:45
6.97840	-49.08731	0	47	2021-09-14T13:56:46
6.97724	-49.08770	0	47	2021-09-14T14:02:26
6.97612	-49.08787	0	47	2021-09-14T14:07:26
6.97483	-49.08804	0	47	2021-09-14T14:12:27
6.97379	-49.08832	0	47	2021-09-14T14:16:42
6.97257	-49.08865	0	47	2021-09-14T14:21:39
6.97132	-49.08905	0	47	2021-09-14T14:26:42
6.97007	-49.08942	0	47	2021-09-14T14:31:39
6.96872	-49.08985	0	47	2021-09-14T14:36:38
6.96748	-49.09011	0	47	2021-09-14T14:41:38
6.96615	-49.09045	0	47	2021-09-14T14:46:39
6.96484	-49.09088	0	47	2021-09-14T14:51:36
6.96352	-49.09134	0	47	2021-09-14T14:56:37
6.96219	-49.09180	0	47	2021-09-14T15:01:38
6.96087	-49.09232	0	47	2021-09-14T15:06:39
6.95950	-49.09286	0	47	2021-09-14T15:11:55
6.95823	-49.09333	0	47	2021-09-14T15:16:40
6.95694	-49.09384	0	47	2021-09-14T15:21:40
6.95568	-49.09433	0	47	2021-09-14T15:26:42
6.95440	-49.09479	0	47	2021-09-14T15:31:43
6.95317	-49.09528	0	47	2021-09-14T15:36:43
6.95197	-49.09576	0	47	2021-09-14T15:41:44
6.95083	-49.09625	0	47	2021-09-14T15:46:46
6.94973	-49.09677	0	47	2021-09-14T15:51:47
6.94873	-49.09744	0	47	2021-09-14T15:56:47
6.94773	-49.09784	0	47	2021-09-14T16:01:44
6.94676	-49.09830	0	47	2021-09-14T16:06:46
6.94577	-49.09888	0	47	2021-09-14T16:12:08
6.94486	-49.09953	0	47	2021-09-14T16:16:43
6.94404	-49.10004	0	47	2021-09-14T16:21:43
6.94316	-49.10052	0	47	2021-09-14T16:26:41
6.94231	-49.10107	0	47	2021-09-14T16:31:41
6.94153	-49.10168	0	47	2021-09-14T16:36:42
6.94071	-49.10211	0	47	2021-09-14T16:41:42
6.93993	-49.10264	0	47	2021-09-14T16:46:41
6.93911	-49.10315	0	47	2021-09-14T16:51:41
6.93828	-49.10364	0	47	2021-09-14T16:56:45
6.93747	-49.10416	0	47	2021-09-14T17:01:43
6.93663	-49.10497	0	47	2021-09-14T17:06:46
6.93588	-49.10559	0	47	2021-09-14T17:12:08
6.93517	-49.10617	0	47	2021-09-14T17:16:46
6.93444	-49.10681	0	47	2021-09-14T17:21:43
6.93377	-49.10749	0	47	2021-09-14T17:26:43
6.93317	-49.10809	0	47	2021-09-14T17:31:43
6.93258	-49.10873	0	47	2021-09-14T17:36:44
6.93199	-49.10950	0	47	2021-09-14T17:41:42
6.93136	-49.11029	0	47	2021-09-14T17:46:43
6.93073	-49.11115	0	47	2021-09-14T17:51:40
6.93009	-49.11194	0	47	2021-09-14T17:56:41
6.92941	-49.11267	0	47	2021-09-14T18:01:37
6.92871	-49.11333	0	47	2021-09-14T18:06:39
6.92789	-49.11427	0	47	2021-09-14T18:11:40
6.92720	-49.11487	0	47	2021-09-14T18:16:40
6.92638	-49.11545	0	47	2021-09-14T18:21:37
6.92548	-49.11595	0	47	2021-09-14T18:26:34
6.92458	-49.11655	0	47	2021-09-14T18:31:35
6.92362	-49.11707	0	47	2021-09-14T18:36:36
6.92266	-49.11758	0	47	2021-09-14T18:41:33
6.92171	-49.11804	0	47	2021-09-14T18:46:30
6.92073	-49.11853	0	47	2021-09-14T18:51:32
6.91970	-49.11896	0	47	2021-09-14T18:56:32
6.91868	-49.11935	0	47	2021-09-14T19:01:32
6.91764	-49.11992	0	47	2021-09-14T19:06:34
6.91676	-49.12042	0	47	2021-09-14T19:11:57
6.91601	-49.12094	0	47	2021-09-14T19:16:35
6.91523	-49.12158	0	47	2021-09-14T19:21:32
6.91443	-49.12228	0	47	2021-09-14T19:26:33
6.91361	-49.12297	0	47	2021-09-14T19:31:34
6.91279	-49.12366	0	47	2021-09-14T19:36:34
6.91199	-49.12427	0	47	2021-09-14T19:41:32
6.91125	-49.12486	0	47	2021-09-14T19:46:33
6.91069	-49.12546	0	47	2021-09-14T19:51:34
6.91010	-49.12582	0	47	2021-09-14T19:56:35
6.90937	-49.12617	0	47	2021-09-14T20:01:35
6.90873	-49.12634	0	47	2021-09-14T20:06:35
6.90803	-49.12680	0	47	2021-09-14T20:11:56
6.90748	-49.12714	0	47	2021-09-14T20:16:30
6.90682	-49.12744	0	47	2021-09-14T20:21:31
6.90611	-49.12774	0	47	2021-09-14T20:26:32
6.90542	-49.12808	0	47	2021-09-14T20:31:32
6.90474	-49.12842	0	47	2021-09-14T20:36:32
6.90402	-49.12878	0	47	2021-09-14T20:41:31
6.90333	-49.12912	0	47	2021-09-14T20:46:31
6.90261	-49.12949	0	47	2021-09-14T20:51:35
6.90182	-49.12984	0	47	2021-09-14T20:56:34
6.90109	-49.13018	0	47	2021-09-14T21:01:34
6.90032	-49.13052	0	47	2021-09-14T21:06:35
6.89941	-49.13086	0	47	2021-09-14T21:11:58
6.89865	-49.13125	0	47	2021-09-14T21:16:34
6.89783	-49.13159	0	47	2021-09-14T21:21:34
6.89708	-49.13202	0	47	2021-09-14T21:26:37
6.89626	-49.13242	0	47	2021-09-14T21:31:39
6.89540	-49.13287	0	47	2021-09-14T21:36:33
6.89450	-49.13330	0	47	2021-09-14T21:41:33
6.89368	-49.13373	0	47	2021-09-14T21:46:34
6.89286	-49.13425	0	47	2021-09-14T21:51:35
6.89203	-49.13485	0	47	2021-09-14T21:56:32
6.89109	-49.13536	0	47	2021-09-14T22:01:32
6.89002	-49.13596	0	47	2021-09-14T22:06:32
6.88886	-49.13651	0	47	2021-09-14T22:11:54
6.88791	-49.13681	0	47	2021-09-14T22:16:32
6.88701	-49.13712	0	47	2021-09-14T22:21:32
6.88616	-49.13727	0	47	2021-09-14T22:26:37
6.88541	-49.13748	0	47	2021-09-14T22:31:33
6.88302	-49.13767	0	47	2021-09-14T22:46:37
6.88230	-49.13773	0	47	2021-09-14T22:51:38
6.88152	-49.13776	0	47	2021-09-14T22:56:38
6.88077	-49.13785	0	47	2021-09-14T23:01:36
6.88001	-49.13797	0	47	2021-09-14T23:06:40
6.87915	-49.13828	0	47	2021-09-14T23:11:56
6.87832	-49.13852	0	47	2021-09-14T23:16:38
6.87744	-49.13876	0	47	2021-09-14T23:21:41
6.87638	-49.13902	0	47	2021-09-14T23:26:36
6.87531	-49.13928	0	47	2021-09-14T23:31:36
6.87413	-49.13965	0	47	2021-09-14T23:36:38
6.87298	-49.13992	0	47	2021-09-14T23:41:39
6.87184	-49.14029	0	47	2021-09-14T23:46:39
6.87064	-49.14059	0	47	2021-09-14T23:51:40
6.86938	-49.14087	0	47	2021-09-14T23:56:37
6.86806	-49.14108	0	47	2021-09-15T00:01:40
6.86667	-49.14130	0	47	2021-09-15T00:06:39
6.86488	-49.14157	0	47	2021-09-15T00:11:40
6.86346	-49.14166	0	47	2021-09-15T00:16:40
6.86202	-49.14182	0	47	2021-09-15T00:21:40
6.86044	-49.14201	0	47	2021-09-15T00:26:39
6.85899	-49.14209	0	47	2021-09-15T00:31:42
6.85765	-49.14236	0	47	2021-09-15T00:36:40
6.85658	-49.14258	0	47	2021-09-15T00:41:38
6.85521	-49.14282	0	47	2021-09-15T00:46:41
6.85371	-49.14317	0	47	2021-09-15T00:51:41
6.85238	-49.14343	0	47	2021-09-15T00:56:40
6.85092	-49.14377	0	47	2021-09-15T01:01:40
6.84951	-49.14413	0	47	2021-09-15T01:06:38
6.84792	-49.14464	0	47	2021-09-15T01:11:41
6.84668	-49.14490	0	47	2021-09-15T01:16:40
6.84533	-49.14520	0	47	2021-09-15T01:21:41
6.84408	-49.14555	0	47	2021-09-15T01:26:41
6.84288	-49.14572	0	47	2021-09-15T01:31:42
6.84165	-49.14594	0	47	2021-09-15T01:36:41
6.84050	-49.14621	0	47	2021-09-15T01:41:42
6.83953	-49.14642	0	47	2021-09-15T01:46:40
6.83843	-49.14667	0	47	2021-09-15T01:51:41
6.83738	-49.14694	0	47	2021-09-15T01:56:42
6.83629	-49.14716	0	47	2021-09-15T02:01:42
6.83526	-49.14737	0	47	2021-09-15T02:06:43
6.83412	-49.14767	0	47	2021-09-15T02:11:55
6.83309	-49.14795	0	47	2021-09-15T02:16:42
6.83205	-49.14825	0	47	2021-09-15T02:21:39
6.83101	-49.14859	0	47	2021-09-15T02:26:36
6.82989	-49.14896	0	47	2021-09-15T02:31:37
6.82882	-49.14932	0	47	2021-09-15T02:36:34
6.82768	-49.14966	0	47	2021-09-15T02:41:34
6.82664	-49.15002	0	47	2021-09-15T02:46:32
6.82575	-49.15054	0	47	2021-09-15T02:51:33
6.82485	-49.15118	0	47	2021-09-15T02:56:33
6.82399	-49.15161	0	47	2021-09-15T03:01:34
6.82317	-49.15204	0	47	2021-09-15T03:06:34
6.82236	-49.15253	0	47	2021-09-15T03:11:55
6.82102	-49.15343	0	47	2021-09-15T03:21:32
6.82038	-49.15377	0	47	2021-09-15T03:26:31
6.81978	-49.15411	0	47	2021-09-15T03:31:31
6.81913	-49.15439	0	47	2021-09-15T03:36:32
6.81848	-49.15472	0	47	2021-09-15T03:41:32
6.81789	-49.15518	0	47	2021-09-15T03:46:30
6.81723	-49.15558	0	47	2021-09-15T03:51:31
6.81649	-49.15606	0	47	2021-09-15T03:56:32
6.81589	-49.15640	0	47	2021-09-15T04:01:33
6.81529	-49.15683	0	47	2021-09-15T04:06:33
6.81459	-49.15720	0	47	2021-09-15T04:11:57
6.81388	-49.15750	0	47	2021-09-15T04:16:31
6.81316	-49.15787	0	47	2021-09-15T04:21:31
6.81235	-49.15825	0	47	2021-09-15T04:26:30
6.81158	-49.15851	0	47	2021-09-15T04:31:30
6.81086	-49.15884	0	47	2021-09-15T04:36:31
6.81018	-49.15915	0	47	2021-09-15T04:41:29
6.80952	-49.15933	0	47	2021-09-15T04:46:32
6.80888	-49.15964	0	47	2021-09-15T04:51:30
6.80819	-49.15982	0	47	2021-09-15T04:56:29
6.80751	-49.16003	0	47	2021-09-15T05:01:30
6.80684	-49.16026	0	47	2021-09-15T05:06:55
6.80611	-49.16052	0	47	2021-09-15T05:11:55
6.80549	-49.16077	0	47	2021-09-15T05:16:33
6.80484	-49.16104	0	47	2021-09-15T05:21:32
6.80424	-49.16136	0	47	2021-09-15T05:26:34
6.80364	-49.16162	0	47	2021-09-15T05:31:33
6.80297	-49.16187	0	47	2021-09-15T05:36:37
6.80236	-49.16217	0	47	2021-09-15T05:41:34
6.80172	-49.16248	0	47	2021-09-15T05:46:32
6.80110	-49.16284	0	47	2021-09-15T05:51:33
6.80043	-49.16321	0	47	2021-09-15T05:56:36
6.79984	-49.16360	0	47	2021-09-15T06:01:37
6.79927	-49.16415	0	47	2021-09-15T06:06:31
6.79863	-49.16449	0	47	2021-09-15T06:11:32
6.79807	-49.16483	0	47	2021-09-15T06:16:32
6.79757	-49.16522	0	47	2021-09-15T06:21:30
6.79698	-49.16562	0	47	2021-09-15T06:26:31
6.79646	-49.16599	0	47	2021-09-15T06:31:32
6.79593	-49.16638	0	47	2021-09-15T06:36:32
6.79544	-49.16681	0	47	2021-09-15T06:41:33
6.79488	-49.16724	0	47	2021-09-15T06:46:31
6.79438	-49.16772	0	47	2021-09-15T06:51:28
6.79387	-49.16806	0	47	2021-09-15T06:56:28
6.79335	-49.16840	0	47	2021-09-15T07:01:25
6.79283	-49.16873	0	47	2021-09-15T07:06:26
6.79225	-49.16904	0	47	2021-09-15T07:11:57
6.79183	-49.16928	0	47	2021-09-15T07:16:24
6.79139	-49.16962	0	47	2021-09-15T07:21:27
6.79095	-49.16992	0	47	2021-09-15T07:26:29
6.79052	-49.17022	0	47	2021-09-15T07:31:27
6.79013	-49.17056	0	47	2021-09-15T07:36:27
6.78971	-49.17087	0	47	2021-09-15T07:41:28
6.78939	-49.17117	0	47	2021-09-15T07:46:29
6.78903	-49.17151	0	47	2021-09-15T07:51:32
6.78879	-49.17188	0	47	2021-09-15T07:56:30
6.78857	-49.17221	0	47	2021-09-15T08:01:30
6.78840	-49.17249	0	47	2021-09-15T08:06:27
6.78819	-49.17273	0	47	2021-09-15T08:11:56
6.78802	-49.17294	0	47	2021-09-15T08:16:23
6.78788	-49.17316	0	47	2021-09-15T08:21:23
6.78776	-49.17340	0	47	2021-09-15T08:26:21
6.78774	-49.17361	0	47	2021-09-15T08:31:24
6.78774	-49.17383	0	47	2021-09-15T08:36:22
6.78775	-49.17415	0	47	2021-09-15T08:41:22
6.78775	-49.17432	0	47	2021-09-15T08:46:21
6.78772	-49.17447	0	47	2021-09-15T08:51:20
6.78774	-49.17462	0	47	2021-09-15T08:56:22
6.78777	-49.17474	0	47	2021-09-15T09:01:22
6.78773	-49.17474	0	47	2021-09-15T09:06:23
6.78759	-49.17477	0	47	2021-09-15T09:11:55
6.78741	-49.17487	0	47	2021-09-15T09:16:25
6.78729	-49.17499	0	47	2021-09-15T09:21:23
6.78712	-49.17508	0	47	2021-09-15T09:26:30
6.78698	-49.17526	0	47	2021-09-15T09:31:28
6.78675	-49.17535	0	47	2021-09-15T09:36:28
6.78656	-49.17563	0	47	2021-09-15T09:41:29
6.78630	-49.17572	0	47	2021-09-15T09:46:30
6.78603	-49.17593	0	47	2021-09-15T09:51:31
6.78570	-49.17615	0	47	2021-09-15T09:56:32
6.78526	-49.17639	0	47	2021-09-15T10:01:32
6.78479	-49.17664	0	47	2021-09-15T10:06:30
6.78424	-49.17694	0	47	2021-09-15T10:11:54
6.78378	-49.17715	0	47	2021-09-15T10:16:28
6.78319	-49.17732	0	47	2021-09-15T10:21:25
6.78268	-49.17749	0	47	2021-09-15T10:26:26
6.78212	-49.17758	0	47	2021-09-15T10:31:26
6.78154	-49.17777	0	47	2021-09-15T10:36:23
6.78094	-49.17786	0	47	2021-09-15T10:41:24
6.78031	-49.17810	0	47	2021-09-15T10:46:25
6.77971	-49.17827	0	47	2021-09-15T10:51:25
6.77907	-49.17853	0	47	2021-09-15T10:56:25
6.77843	-49.17877	0	47	2021-09-15T11:01:27
6.77773	-49.17905	0	47	2021-09-15T11:06:28
6.77693	-49.17933	0	47	2021-09-15T11:11:26
6.77629	-49.17950	0	47	2021-09-15T11:16:26
6.77562	-49.17972	0	47	2021-09-15T11:21:26
6.77497	-49.17996	0	47	2021-09-15T11:26:28
6.77428	-49.18021	0	47	2021-09-15T11:31:30
6.77362	-49.18045	0	47	2021-09-15T11:36:30
6.77299	-49.18076	0	47	2021-09-15T11:41:30
6.77235	-49.18097	0	47	2021-09-15T11:46:28
6.77167	-49.18136	0	47	2021-09-15T11:51:31
6.77103	-49.18153	0	47	2021-09-15T11:56:30
6.77039	-49.18170	0	47	2021-09-15T12:01:30
6.76972	-49.18192	0	47	2021-09-15T12:06:28
6.76898	-49.18223	0	47	2021-09-15T12:11:29
6.76838	-49.18240	0	47	2021-09-15T12:16:29
6.76760	-49.18259	0	47	2021-09-15T12:21:30
6.76689	-49.18280	0	47	2021-09-15T12:26:27
6.76614	-49.18305	0	47	2021-09-15T12:31:31
6.76537	-49.18314	0	47	2021-09-15T12:36:31
6.76461	-49.18326	0	47	2021-09-15T12:41:29
6.76383	-49.18335	0	47	2021-09-15T12:46:30
6.76305	-49.18347	0	47	2021-09-15T12:51:31
6.76232	-49.18356	0	47	2021-09-15T12:56:31
6.76156	-49.18372	0	47	2021-09-15T13:01:33
6.76083	-49.18399	0	47	2021-09-15T13:06:33
6.76023	-49.18416	0	47	2021-09-15T13:11:33
6.75959	-49.18433	0	47	2021-09-15T13:16:32
6.75900	-49.18448	0	47	2021-09-15T13:21:33
6.75842	-49.18460	0	47	2021-09-15T13:26:33
6.75783	-49.18475	0	47	2021-09-15T13:31:34
6.75728	-49.18488	0	47	2021-09-15T13:36:35
6.75671	-49.18506	0	47	2021-09-15T13:41:34
6.75611	-49.18524	0	47	2021-09-15T13:46:33
6.75554	-49.18539	0	47	2021-09-15T13:51:33
6.75495	-49.18558	0	47	2021-09-15T13:56:34
6.75436	-49.18573	0	47	2021-09-15T14:01:32
6.75373	-49.18602	0	47	2021-09-15T14:06:32
6.75318	-49.18594	0	47	2021-09-15T14:11:56
6.75261	-49.18619	0	47	2021-09-15T14:16:33
6.75210	-49.18643	0	47	2021-09-15T14:21:30
6.75165	-49.18674	0	47	2021-09-15T14:26:29
6.75122	-49.18701	0	47	2021-09-15T14:31:29
6.75079	-49.18726	0	47	2021-09-15T14:36:26
6.75026	-49.18751	0	47	2021-09-15T14:41:23
6.74983	-49.18768	0	47	2021-09-15T14:46:23
6.74940	-49.18777	0	47	2021-09-15T14:51:23
6.74891	-49.18793	0	47	2021-09-15T14:56:25
6.74843	-49.18802	0	47	2021-09-15T15:01:26
6.74797	-49.18820	0	47	2021-09-15T15:06:24
6.74758	-49.18839	0	47	2021-09-15T15:11:56
6.74721	-49.18857	0	47	2021-09-15T15:16:25
6.74674	-49.18880	0	47	2021-09-15T15:21:22
6.74627	-49.18889	0	47	2021-09-15T15:26:23
6.74580	-49.18906	0	47	2021-09-15T15:31:23
6.74529	-49.18918	0	47	2021-09-15T15:36:20
6.74477	-49.18936	0	47	2021-09-15T15:41:22
6.74428	-49.18958	0	47	2021-09-15T15:46:19
6.74376	-49.18988	0	47	2021-09-15T15:51:20
6.74316	-49.19018	0	47	2021-09-15T15:56:21
6.74265	-49.19044	0	47	2021-09-15T16:01:21
6.74214	-49.19061	0	47	2021-09-15T16:06:22
6.74146	-49.19098	0	47	2021-09-15T16:11:19
6.74095	-49.19107	0	47	2021-09-15T16:16:19
6.74037	-49.19136	0	47	2021-09-15T16:21:21
6.73981	-49.19153	0	47	2021-09-15T16:26:22
6.73924	-49.19179	0	47	2021-09-15T16:31:17
6.73864	-49.19196	0	47	2021-09-15T16:36:16
6.73797	-49.19224	0	47	2021-09-15T16:41:19
6.73724	-49.19241	0	47	2021-09-15T16:46:18
6.73645	-49.19257	0	47	2021-09-15T16:51:17
6.73569	-49.19281	0	47	2021-09-15T16:56:15
6.73495	-49.19299	0	47	2021-09-15T17:01:16
6.73427	-49.19315	0	47	2021-09-15T17:06:16
6.73344	-49.19327	0	47	2021-09-15T17:11:21
6.73284	-49.19336	0	47	2021-09-15T17:16:21
6.73224	-49.19345	0	47	2021-09-15T17:21:20
6.73158	-49.19357	0	47	2021-09-15T17:26:20
6.73092	-49.19364	0	47	2021-09-15T17:31:21
6.73032	-49.19373	0	47	2021-09-15T17:36:21
6.72969	-49.19385	0	47	2021-09-15T17:41:19
6.72910	-49.19391	0	47	2021-09-15T17:46:17
6.72844	-49.19394	0	47	2021-09-15T17:51:21
6.72788	-49.19394	0	47	2021-09-15T17:56:22
6.72726	-49.19391	0	47	2021-09-15T18:01:21
6.72666	-49.19391	0	47	2021-09-15T18:06:23
6.72596	-49.19381	0	47	2021-09-15T18:11:24
6.72549	-49.19372	0	47	2021-09-15T18:16:25
6.72502	-49.19363	0	47	2021-09-15T18:21:25
6.72449	-49.19351	0	47	2021-09-15T18:26:27
6.72396	-49.19339	0	47	2021-09-15T18:31:28
6.72340	-49.19330	0	47	2021-09-15T18:36:28
6.72286	-49.19315	0	47	2021-09-15T18:41:26
6.72235	-49.19302	0	47	2021-09-15T18:46:22
6.72183	-49.19284	0	47	2021-09-15T18:51:23
6.72127	-49.19271	0	47	2021-09-15T18:56:24
6.72076	-49.19254	0	47	2021-09-15T19:01:25
6.72030	-49.19238	0	47	2021-09-15T19:06:23
6.71981	-49.19217	0	47	2021-09-15T19:11:23
6.71947	-49.19208	0	47	2021-09-15T19:16:24
6.71904	-49.19199	0	47	2021-09-15T19:21:21
6.71862	-49.19189	0	47	2021-09-15T19:26:24
6.71815	-49.19174	0	47	2021-09-15T19:31:23
6.71772	-49.19168	0	47	2021-09-15T19:36:23
6.71725	-49.19159	0	47	2021-09-15T19:41:21
6.71678	-49.19159	0	47	2021-09-15T19:46:21
6.71617	-49.19153	0	47	2021-09-15T19:51:26
6.71561	-49.19153	0	47	2021-09-15T19:56:26
6.71494	-49.19166	0	47	2021-09-15T20:01:28
6.71443	-49.19183	0	47	2021-09-15T20:06:28
6.71371	-49.19208	0	47	2021-09-15T20:11:56
6.71312	-49.19220	0	47	2021-09-15T20:16:27
6.71243	-49.19229	0	47	2021-09-15T20:21:30
6.71175	-49.19244	0	47	2021-09-15T20:26:28
6.71115	-49.19244	0	47	2021-09-15T20:31:29
6.71053	-49.19254	0	47	2021-09-15T20:36:26
6.70983	-49.19263	0	47	2021-09-15T20:41:27
6.70923	-49.19263	0	47	2021-09-15T20:46:28
6.70872	-49.19263	0	47	2021-09-15T20:51:28
6.70820	-49.19272	0	47	2021-09-15T20:56:26
6.70761	-49.19284	0	47	2021-09-15T21:01:56
6.70718	-49.19301	0	47	2021-09-15T21:06:55
6.70675	-49.19327	0	47	2021-09-15T21:11:55
6.70636	-49.19354	0	47	2021-09-15T21:16:21
6.70587	-49.19379	0	47	2021-09-15T21:21:22
6.70532	-49.19395	0	47	2021-09-15T21:26:25
6.70472	-49.19412	0	47	2021-09-15T21:31:24
6.70412	-49.19427	0	47	2021-09-15T21:36:23
6.70282	-49.19473	0	47	2021-09-15T21:46:19
6.70223	-49.19482	0	47	2021-09-15T21:51:20
6.70166	-49.19507	0	47	2021-09-15T21:56:20
6.69971	-49.19586	0	47	2021-09-15T22:11:15
6.69915	-49.19595	0	47	2021-09-15T22:16:16
6.69846	-49.19604	0	47	2021-09-15T22:21:16
6.69781	-49.19629	0	47	2021-09-15T22:26:18
6.69721	-49.19644	0	47	2021-09-15T22:31:17
6.69661	-49.19662	0	47	2021-09-15T22:36:16
6.69597	-49.19675	0	47	2021-09-15T22:41:17
6.69539	-49.19690	0	47	2021-09-15T22:46:20
6.69479	-49.19699	0	47	2021-09-15T22:51:18
6.69421	-49.19711	0	47	2021-09-15T22:56:19
6.69357	-49.19711	0	47	2021-09-15T23:01:17
6.69287	-49.19708	0	47	2021-09-15T23:06:16
6.69205	-49.19708	0	47	2021-09-15T23:11:53
6.69139	-49.19705	0	47	2021-09-15T23:16:19
6.69067	-49.19696	0	47	2021-09-15T23:21:18
6.68991	-49.19690	0	47	2021-09-15T23:26:19
6.68912	-49.19690	0	47	2021-09-15T23:31:21
6.68836	-49.19687	0	47	2021-09-15T23:36:19
6.68759	-49.19690	0	47	2021-09-15T23:41:16
6.68686	-49.19690	0	47	2021-09-15T23:46:19
6.68611	-49.19690	0	47	2021-09-15T23:51:20
6.68534	-49.19690	0	47	2021-09-15T23:56:25
6.68457	-49.19681	0	47	2021-09-16T00:01:25
6.68371	-49.19678	0	47	2021-09-16T00:06:23
6.68268	-49.19662	0	47	2021-09-16T00:11:21
6.68195	-49.19662	0	47	2021-09-16T00:16:21
6.68106	-49.19656	0	47	2021-09-16T00:21:23
6.68018	-49.19647	0	47	2021-09-16T00:26:22
6.67838	-49.19632	0	47	2021-09-16T00:36:20
6.67748	-49.19632	0	47	2021-09-16T00:41:20
6.67654	-49.19632	0	47	2021-09-16T00:46:19
6.67558	-49.19623	0	47	2021-09-16T00:51:22
6.67457	-49.19608	0	47	2021-09-16T00:56:24
6.67355	-49.19595	0	47	2021-09-16T01:01:21
6.67253	-49.19580	0	47	2021-09-16T01:06:21
6.67144	-49.19574	0	47	2021-09-16T01:11:56
6.67057	-49.19565	0	47	2021-09-16T01:16:21
6.66959	-49.19552	0	47	2021-09-16T01:21:23
6.66865	-49.19543	0	47	2021-09-16T01:26:22
6.66765	-49.19534	0	47	2021-09-16T01:31:25
6.66667	-49.19525	0	47	2021-09-16T01:36:24
6.66564	-49.19516	0	47	2021-09-16T01:41:25
6.66465	-49.19516	0	47	2021-09-16T01:46:25
6.66360	-49.19522	0	47	2021-09-16T01:51:23
6.66250	-49.19522	0	47	2021-09-16T01:56:26
6.66149	-49.19522	0	47	2021-09-16T02:01:28
6.66044	-49.19516	0	47	2021-09-16T02:06:31
6.65935	-49.19504	0	47	2021-09-16T02:11:56
6.65837	-49.19485	0	47	2021-09-16T02:16:27
6.65738	-49.19485	0	47	2021-09-16T02:21:27
6.65637	-49.19485	0	47	2021-09-16T02:26:29
6.65541	-49.19492	0	47	2021-09-16T02:31:32
6.65441	-49.19489	0	47	2021-09-16T02:36:34
6.65344	-49.19492	0	47	2021-09-16T02:41:29
6.65252	-49.19507	0	47	2021-09-16T02:46:30
6.65172	-49.19530	0	47	2021-09-16T02:51:29
6.65099	-49.19556	0	47	2021-09-16T02:56:29
6.65024	-49.19574	0	47	2021-09-16T03:01:31
6.64944	-49.19597	0	47	2021-09-16T03:06:55
6.64862	-49.19623	0	47	2021-09-16T03:11:55
6.64793	-49.19644	0	47	2021-09-16T03:16:33
6.64650	-49.19699	0	47	2021-09-16T03:26:37
6.64589	-49.19714	0	47	2021-09-16T03:31:35
6.64526	-49.19733	0	47	2021-09-16T03:36:36
6.64479	-49.19760	0	47	2021-09-16T03:41:34
6.64432	-49.19789	0	47	2021-09-16T03:46:34
6.64389	-49.19806	0	47	2021-09-16T03:51:35
6.64330	-49.19815	0	47	2021-09-16T03:56:36
6.64274	-49.19821	0	47	2021-09-16T04:01:37
6.64228	-49.19833	0	47	2021-09-16T04:06:37
6.64171	-49.19836	0	47	2021-09-16T04:11:38
6.64128	-49.19836	0	47	2021-09-16T04:16:38
6.64088	-49.19843	0	47	2021-09-16T04:21:33
6.64050	-49.19839	0	47	2021-09-16T04:26:37
6.64006	-49.19833	0	47	2021-09-16T04:31:38
6.63968	-49.19827	0	47	2021-09-16T04:36:38
6.63933	-49.19824	0	47	2021-09-16T04:41:40
6.63893	-49.19812	0	47	2021-09-16T04:46:41
6.63852	-49.19806	0	47	2021-09-16T04:51:41
6.63809	-49.19812	0	47	2021-09-16T04:56:38
6.63764	-49.19809	0	47	2021-09-16T05:01:40
6.63720	-49.19812	0	47	2021-09-16T05:06:39
6.63661	-49.19815	0	47	2021-09-16T05:11:41
6.63614	-49.19815	0	47	2021-09-16T05:16:42
6.63569	-49.19821	0	47	2021-09-16T05:21:39
6.63528	-49.19833	0	47	2021-09-16T05:26:38
6.63487	-49.19836	0	47	2021-09-16T05:31:40
6.63433	-49.19839	0	47	2021-09-16T05:36:37
6.63371	-49.19836	0	47	2021-09-16T05:41:37
6.63307	-49.19836	0	47	2021-09-16T05:46:36
6.63233	-49.19827	0	47	2021-09-16T05:51:37
6.63158	-49.19809	0	47	2021-09-16T05:56:36
6.63082	-49.19791	0	47	2021-09-16T06:01:34
6.63009	-49.19769	0	47	2021-09-16T06:06:35
6.62846	-49.19732	0	47	2021-09-16T06:16:36
6.62786	-49.19723	0	47	2021-09-16T06:21:36
6.62722	-49.19714	0	47	2021-09-16T06:26:35
6.62654	-49.19693	0	47	2021-09-16T06:31:38
6.62583	-49.19675	0	47	2021-09-16T06:36:37
6.62511	-49.19653	0	47	2021-09-16T06:41:40
6.62440	-49.19641	0	47	2021-09-16T06:46:38
6.62367	-49.19617	0	47	2021-09-16T06:51:42
6.62292	-49.19588	0	47	2021-09-16T06:56:39
6.62228	-49.19571	0	47	2021-09-16T07:01:39
6.62160	-49.19556	0	47	2021-09-16T07:06:40
6.62086	-49.19537	0	47	2021-09-16T07:12:08
6.62016	-49.19518	0	47	2021-09-16T07:16:40
6.61934	-49.19501	0	47	2021-09-16T07:21:40
6.61843	-49.19479	0	47	2021-09-16T07:26:38
6.61756	-49.19464	0	47	2021-09-16T07:31:38
6.61668	-49.19446	0	47	2021-09-16T07:36:39
6.61580	-49.19421	0	47	2021-09-16T07:41:36
6.61480	-49.19394	0	47	2021-09-16T07:46:36
6.61378	-49.19370	0	47	2021-09-16T07:51:34
6.61274	-49.19348	0	47	2021-09-16T07:56:33
6.61174	-49.19324	0	47	2021-09-16T08:01:32
6.61064	-49.19299	0	47	2021-09-16T08:06:29
6.60939	-49.19275	0	47	2021-09-16T08:11:57
6.60831	-49.19250	0	47	2021-09-16T08:16:30
6.60711	-49.19212	0	47	2021-09-16T08:21:27
6.60604	-49.19195	0	47	2021-09-16T08:26:27
6.60501	-49.19186	0	47	2021-09-16T08:31:26
6.60404	-49.19180	0	47	2021-09-16T08:36:26
6.60300	-49.19168	0	47	2021-09-16T08:41:27
6.60196	-49.19165	0	47	2021-09-16T08:46:24
6.60085	-49.19159	0	47	2021-09-16T08:51:25
6.59978	-49.19147	0	47	2021-09-16T08:56:26
6.59871	-49.19135	0	47	2021-09-16T09:01:26
6.59765	-49.19125	0	47	2021-09-16T09:06:55
6.59653	-49.19116	0	47	2021-09-16T09:11:55
6.59557	-49.19110	0	47	2021-09-16T09:16:28
6.59454	-49.19110	0	47	2021-09-16T09:21:30
6.59353	-49.19116	0	47	2021-09-16T09:26:33
6.59256	-49.19122	0	47	2021-09-16T09:31:32
6.59160	-49.19122	0	47	2021-09-16T09:36:29
6.58889	-49.19180	0	47	2021-09-16T09:51:30
6.58799	-49.19197	0	47	2021-09-16T09:56:29
6.58705	-49.19214	0	47	2021-09-16T10:01:29
6.58610	-49.19244	0	47	2021-09-16T10:06:56
6.58516	-49.19278	0	47	2021-09-16T10:11:56
6.58438	-49.19318	0	47	2021-09-16T10:16:31
6.58347	-49.19363	0	47	2021-09-16T10:21:29
6.58260	-49.19406	0	47	2021-09-16T10:26:28
6.58178	-49.19464	0	47	2021-09-16T10:31:33
6.58094	-49.19519	0	47	2021-09-16T10:36:27
6.58009	-49.19581	0	47	2021-09-16T10:41:31
6.57927	-49.19632	0	47	2021-09-16T10:46:30
6.57849	-49.19690	0	47	2021-09-16T10:51:30
6.57768	-49.19745	0	47	2021-09-16T10:56:27
6.57686	-49.19806	0	47	2021-09-16T11:01:28
6.57608	-49.19870	0	47	2021-09-16T11:06:27
6.57514	-49.19952	0	47	2021-09-16T11:12:27
6.57451	-49.19998	0	47	2021-09-16T11:16:29
6.57376	-49.20065	0	47	2021-09-16T11:21:31
6.57292	-49.20126	0	47	2021-09-16T11:26:29
6.57206	-49.20197	0	47	2021-09-16T11:31:32
6.57117	-49.20271	0	47	2021-09-16T11:36:32
6.57035	-49.20331	0	47	2021-09-16T11:41:31
6.56947	-49.20401	0	47	2021-09-16T11:46:28
6.56860	-49.20465	0	47	2021-09-16T11:51:29
6.56767	-49.20531	0	47	2021-09-16T11:56:22
6.56694	-49.20591	0	47	2021-09-16T12:01:22
6.56621	-49.20651	0	47	2021-09-16T12:06:22
6.56541	-49.20731	0	47	2021-09-16T12:11:55
6.56477	-49.20791	0	47	2021-09-16T12:16:29
6.56413	-49.20851	0	47	2021-09-16T12:21:29
6.56344	-49.20911	0	47	2021-09-16T12:26:29
6.56282	-49.20972	0	47	2021-09-16T12:31:28
6.56214	-49.21027	0	47	2021-09-16T12:36:27
6.56148	-49.21091	0	47	2021-09-16T12:41:29
6.56082	-49.21149	0	47	2021-09-16T12:46:27
6.56018	-49.21210	0	47	2021-09-16T12:51:31
6.55956	-49.21271	0	47	2021-09-16T12:56:31
6.55901	-49.21329	0	47	2021-09-16T13:01:33
6.55840	-49.21395	0	47	2021-09-16T13:06:37
6.55784	-49.21455	0	47	2021-09-16T13:11:38
6.55737	-49.21515	0	47	2021-09-16T13:16:38
6.55692	-49.21585	0	47	2021-09-16T13:21:36
6.55650	-49.21655	0	47	2021-09-16T13:26:34
6.55604	-49.21725	0	47	2021-09-16T13:31:37
6.55560	-49.21793	0	47	2021-09-16T13:36:35
6.55515	-49.21866	0	47	2021-09-16T13:41:34
6.55464	-49.21937	0	47	2021-09-16T13:46:36
6.55408	-49.22006	0	47	2021-09-16T13:51:36
6.55355	-49.22070	0	47	2021-09-16T13:56:30
6.55294	-49.22131	0	47	2021-09-16T14:01:34
6.55237	-49.22211	0	47	2021-09-16T14:06:33
6.55168	-49.22288	0	47	2021-09-16T14:11:33
6.55112	-49.22357	0	47	2021-09-16T14:16:34
6.55042	-49.22443	0	47	2021-09-16T14:21:31
6.54974	-49.22532	0	47	2021-09-16T14:26:32
6.54905	-49.22601	0	47	2021-09-16T14:31:32
6.54840	-49.22675	0	47	2021-09-16T14:36:33
6.54771	-49.22748	0	47	2021-09-16T14:41:31
6.54626	-49.22884	0	47	2021-09-16T14:51:32
6.54553	-49.22944	0	47	2021-09-16T14:56:32
6.54489	-49.23013	0	47	2021-09-16T15:01:31
6.54425	-49.23088	0	47	2021-09-16T15:06:54
6.54352	-49.23157	0	47	2021-09-16T15:11:54
6.54295	-49.23224	0	47	2021-09-16T15:16:33
6.54132	-49.23449	0	47	2021-09-16T15:31:32
6.54085	-49.23511	0	47	2021-09-16T15:36:28
6.54042	-49.23587	0	47	2021-09-16T15:41:33
6.53989	-49.23657	0	47	2021-09-16T15:46:31
6.53939	-49.23740	0	47	2021-09-16T15:51:32
6.53895	-49.23828	0	47	2021-09-16T15:56:35
6.53843	-49.23926	0	47	2021-09-16T16:01:56
6.53802	-49.24005	0	47	2021-09-16T16:06:37
6.53753	-49.24106	0	47	2021-09-16T16:11:57
6.53705	-49.24185	0	47	2021-09-16T16:16:32
6.53654	-49.24271	0	47	2021-09-16T16:21:32
6.53608	-49.24356	0	47	2021-09-16T16:26:33
6.53564	-49.24438	0	47	2021-09-16T16:31:33
6.53510	-49.24517	0	47	2021-09-16T16:36:35
6.53464	-49.24582	0	47	2021-09-16T16:41:32
6.53412	-49.24646	0	47	2021-09-16T16:46:34
6.53359	-49.24713	0	47	2021-09-16T16:51:37
6.53307	-49.24780	0	47	2021-09-16T16:56:35
6.53252	-49.24855	0	47	2021-09-16T17:01:35
6.53201	-49.24924	0	47	2021-09-16T17:06:36
6.53143	-49.24994	0	47	2021-09-16T17:11:56
6.53093	-49.25065	0	47	2021-09-16T17:16:38
6.53042	-49.25125	0	47	2021-09-16T17:21:38
6.52984	-49.25192	0	47	2021-09-16T17:26:39
6.52926	-49.25262	0	47	2021-09-16T17:31:49
6.52869	-49.25330	0	47	2021-09-16T17:36:50
6.52812	-49.25400	0	47	2021-09-16T17:41:53
6.52756	-49.25458	0	47	2021-09-16T17:46:51
6.52701	-49.25522	0	47	2021-09-16T17:51:48
6.52644	-49.25584	0	47	2021-09-16T17:56:33
6.52584	-49.25635	0	47	2021-09-16T18:01:34
6.52524	-49.25687	0	47	2021-09-16T18:06:31
6.52452	-49.25739	0	47	2021-09-16T18:11:55
6.52381	-49.25783	0	47	2021-09-16T18:16:37
6.52308	-49.25817	0	47	2021-09-16T18:21:37
6.52235	-49.25851	0	47	2021-09-16T18:26:38
6.52155	-49.25891	0	47	2021-09-16T18:31:36
6.52074	-49.25945	0	47	2021-09-16T18:36:39
6.51992	-49.25979	0	47	2021-09-16T18:41:38
6.51910	-49.26013	0	47	2021-09-16T18:46:38
6.51828	-49.26057	0	47	2021-09-16T18:51:38
6.51759	-49.26108	0	47	2021-09-16T18:56:38
6.51693	-49.26163	0	47	2021-09-16T19:01:36
6.51628	-49.26224	0	47	2021-09-16T19:06:37
6.51558	-49.26276	0	47	2021-09-16T19:11:57
6.51500	-49.26331	0	47	2021-09-16T19:16:38
6.51443	-49.26395	0	47	2021-09-16T19:21:36
6.51387	-49.26453	0	47	2021-09-16T19:26:33
6.51323	-49.26505	0	47	2021-09-16T19:31:34
6.51263	-49.26556	0	47	2021-09-16T19:36:35
6.51204	-49.26611	0	47	2021-09-16T19:41:34
6.51144	-49.26663	0	47	2021-09-16T19:46:36
6.51082	-49.26715	0	47	2021-09-16T19:51:36
6.51013	-49.26754	0	47	2021-09-16T19:56:35
6.50953	-49.26788	0	47	2021-09-16T20:01:35
6.50888	-49.26834	0	47	2021-09-16T20:06:33
6.50821	-49.26877	0	47	2021-09-16T20:11:33
6.50765	-49.26920	0	47	2021-09-16T20:16:34
6.50703	-49.26974	0	47	2021-09-16T20:21:45
6.50637	-49.27037	0	47	2021-09-16T20:26:36
6.50586	-49.27080	0	47	2021-09-16T20:31:36
6.50543	-49.27106	0	47	2021-09-16T20:36:37
6.50495	-49.27145	0	47	2021-09-16T20:41:35
6.50438	-49.27179	0	47	2021-09-16T20:46:40
6.50381	-49.27213	0	47	2021-09-16T20:51:40
6.50328	-49.27255	0	47	2021-09-16T20:56:37
6.50156	-49.27371	0	47	2021-09-16T21:11:55
6.50104	-49.27408	0	47	2021-09-16T21:16:39
6.50048	-49.27454	0	47	2021-09-16T21:21:37
6.49979	-49.27502	0	47	2021-09-16T21:26:34
6.49919	-49.27536	0	47	2021-09-16T21:31:35
6.49855	-49.27570	0	47	2021-09-16T21:36:35
6.49795	-49.27609	0	47	2021-09-16T21:41:33
6.49668	-49.27703	0	47	2021-09-16T21:51:34
6.49608	-49.27746	0	47	2021-09-16T21:56:34
6.49548	-49.27780	0	47	2021-09-16T22:01:33
6.49489	-49.27820	0	47	2021-09-16T22:06:32
6.49420	-49.27863	0	47	2021-09-16T22:11:54
6.49356	-49.27899	0	47	2021-09-16T22:16:28
6.49291	-49.27930	0	47	2021-09-16T22:21:29
6.49228	-49.27960	0	47	2021-09-16T22:26:32
6.49163	-49.28000	0	47	2021-09-16T22:31:30
6.49098	-49.28033	0	47	2021-09-16T22:36:27
6.49024	-49.28065	0	47	2021-09-16T22:41:29
6.48960	-49.28091	0	47	2021-09-16T22:46:29
6.48895	-49.28137	0	47	2021-09-16T22:51:27
6.48834	-49.28190	0	47	2021-09-16T22:56:30
6.48774	-49.28233	0	47	2021-09-16T23:01:30
6.48714	-49.28284	0	47	2021-09-16T23:06:29
6.48652	-49.28326	0	47	2021-09-16T23:11:57
6.48597	-49.28375	0	47	2021-09-16T23:16:30
6.48539	-49.28435	0	47	2021-09-16T23:21:30
6.48489	-49.28485	0	47	2021-09-16T23:26:29
6.48437	-49.28537	0	47	2021-09-16T23:31:29
6.48384	-49.28586	0	47	2021-09-16T23:36:29
6.48322	-49.28638	0	47	2021-09-16T23:41:29
6.48259	-49.28690	0	47	2021-09-16T23:46:27
6.48197	-49.28754	0	47	2021-09-16T23:51:28
6.48148	-49.28821	0	47	2021-09-16T23:56:26
6.48098	-49.28901	0	47	2021-09-17T00:01:30
6.48042	-49.28970	0	47	2021-09-17T00:06:30
6.47980	-49.29050	0	47	2021-09-17T00:11:58
6.47928	-49.29108	0	47	2021-09-17T00:16:26
6.47871	-49.29190	0	47	2021-09-17T00:21:25
6.47807	-49.29254	0	47	2021-09-17T00:26:26
6.47737	-49.29315	0	47	2021-09-17T00:31:24
6.47610	-49.29467	0	47	2021-09-17T00:41:26
6.47550	-49.29553	0	47	2021-09-17T00:46:26
6.47490	-49.29630	0	47	2021-09-17T00:51:27
6.47425	-49.29710	0	47	2021-09-17T00:56:27
6.47369	-49.29779	0	47	2021-09-17T01:01:26
6.47319	-49.29852	0	47	2021-09-17T01:06:29
6.47266	-49.29926	0	47	2021-09-17T01:11:57
6.47220	-49.29984	0	47	2021-09-17T01:16:27
6.47176	-49.30060	0	47	2021-09-17T01:21:25
6.47133	-49.30142	0	47	2021-09-17T01:26:30
6.47095	-49.30231	0	47	2021-09-17T01:31:30
6.47057	-49.30313	0	47	2021-09-17T01:36:31
6.47016	-49.30395	0	47	2021-09-17T01:41:34
6.46982	-49.30481	0	47	2021-09-17T01:46:33
6.46945	-49.30569	0	47	2021-09-17T01:51:32
6.46906	-49.30652	0	47	2021-09-17T01:56:30
6.46868	-49.30740	0	47	2021-09-17T02:01:31
6.46829	-49.30832	0	47	2021-09-17T02:06:29
6.46792	-49.30927	0	47	2021-09-17T02:11:57
6.46768	-49.31015	0	47	2021-09-17T02:16:29
6.46735	-49.31110	0	47	2021-09-17T02:21:30
6.46708	-49.31201	0	47	2021-09-17T02:26:28
6.46683	-49.31304	0	47	2021-09-17T02:31:29
6.46667	-49.31384	0	47	2021-09-17T02:36:26
6.46649	-49.31476	0	47	2021-09-17T02:41:29
6.46633	-49.31564	0	47	2021-09-17T02:46:27
6.46627	-49.31664	0	47	2021-09-17T02:51:28
6.46614	-49.31750	0	47	2021-09-17T02:56:28
6.46602	-49.31842	0	47	2021-09-17T03:01:30
6.46598	-49.31943	0	47	2021-09-17T03:06:28
6.46589	-49.32040	0	47	2021-09-17T03:11:55
6.46581	-49.32139	0	47	2021-09-17T03:16:30
6.46572	-49.32233	0	47	2021-09-17T03:21:30
6.46554	-49.32338	0	47	2021-09-17T03:26:29
6.46550	-49.32432	0	47	2021-09-17T03:31:28
6.46546	-49.32526	0	47	2021-09-17T03:36:28
6.46544	-49.32632	0	47	2021-09-17T03:41:29
6.46543	-49.32736	0	47	2021-09-17T03:46:27
6.46535	-49.32840	0	47	2021-09-17T03:51:30
6.46525	-49.33054	0	47	2021-09-17T04:01:29
6.46517	-49.33143	0	47	2021-09-17T04:06:57
6.46491	-49.33246	0	47	2021-09-17T04:11:57
6.46471	-49.33332	0	47	2021-09-17T04:16:27
6.46454	-49.33435	0	47	2021-09-17T04:21:27
6.46437	-49.33545	0	47	2021-09-17T04:26:22
6.46412	-49.33652	0	47	2021-09-17T04:31:25
6.46386	-49.33768	0	47	2021-09-17T04:36:27
6.46358	-49.33878	0	47	2021-09-17T04:41:25
6.46316	-49.33987	0	47	2021-09-17T04:46:25
6.46269	-49.34103	0	47	2021-09-17T04:51:26
6.46226	-49.34222	0	47	2021-09-17T04:56:30
6.46188	-49.34332	0	47	2021-09-17T05:01:28
6.46145	-49.34444	0	47	2021-09-17T05:06:56
6.46102	-49.34564	0	47	2021-09-17T05:11:56
6.46065	-49.34662	0	47	2021-09-17T05:16:29
6.46024	-49.34781	0	47	2021-09-17T05:21:28
6.45985	-49.34891	0	47	2021-09-17T05:26:27
6.45939	-49.35004	0	47	2021-09-17T05:31:21
6.45900	-49.35120	0	47	2021-09-17T05:36:26
6.45853	-49.35234	0	47	2021-09-17T05:41:20
6.45806	-49.35346	0	47	2021-09-17T05:46:20
6.45759	-49.35458	0	47	2021-09-17T05:51:21
6.45704	-49.35568	0	47	2021-09-17T05:56:18
6.45642	-49.35682	0	47	2021-09-17T06:01:19
6.45591	-49.35785	0	47	2021-09-17T06:06:20
6.45522	-49.35904	0	47	2021-09-17T06:11:58
6.45337	-49.36237	0	47	2021-09-17T06:26:19
6.45264	-49.36354	0	47	2021-09-17T06:31:17
6.45195	-49.36466	0	47	2021-09-17T06:36:17
6.45126	-49.36578	0	47	2021-09-17T06:41:18
6.45055	-49.36685	0	47	2021-09-17T06:46:19
6.44983	-49.36789	0	47	2021-09-17T06:51:20
6.44910	-49.36893	0	47	2021-09-17T06:56:17
6.44841	-49.36996	0	47	2021-09-17T07:01:16
6.44771	-49.37094	0	47	2021-09-17T07:06:17
6.44694	-49.37206	0	47	2021-09-17T07:11:16
6.44638	-49.37292	0	47	2021-09-17T07:16:16
6.44570	-49.37393	0	47	2021-09-17T07:21:14
6.44505	-49.37491	0	47	2021-09-17T07:26:17
6.44442	-49.37585	0	47	2021-09-17T07:31:15
6.44372	-49.37690	0	47	2021-09-17T07:36:16
6.44308	-49.37784	0	47	2021-09-17T07:41:16
6.44238	-49.37872	0	47	2021-09-17T07:46:14
6.44166	-49.37966	0	47	2021-09-17T07:51:14
6.44093	-49.38052	0	47	2021-09-17T07:56:14
6.44017	-49.38141	0	47	2021-09-17T08:01:16
6.43936	-49.38226	0	47	2021-09-17T08:06:13
6.43840	-49.38322	0	47	2021-09-17T08:11:14
6.43771	-49.38391	0	47	2021-09-17T08:16:15
6.43689	-49.38470	0	47	2021-09-17T08:21:14
6.43604	-49.38553	0	47	2021-09-17T08:26:17
6.43520	-49.38643	0	47	2021-09-17T08:31:20
6.43438	-49.38720	0	47	2021-09-17T08:36:19
6.43361	-49.38806	0	47	2021-09-17T08:41:19
6.43284	-49.38885	0	47	2021-09-17T08:46:23
6.43206	-49.38973	0	47	2021-09-17T08:51:24
6.43124	-49.39050	0	47	2021-09-17T08:56:24
6.43039	-49.39124	0	47	2021-09-17T09:01:26
6.42947	-49.39208	0	47	2021-09-17T09:06:27
6.42861	-49.39294	0	47	2021-09-17T09:11:27
6.42797	-49.39371	0	47	2021-09-17T09:16:26
6.42713	-49.39450	0	47	2021-09-17T09:21:25
6.42632	-49.39529	0	47	2021-09-17T09:26:26
6.42546	-49.39617	0	47	2021-09-17T09:31:26
6.42460	-49.39694	0	47	2021-09-17T09:36:25
6.42372	-49.39767	0	47	2021-09-17T09:41:28
6.42284	-49.39847	0	47	2021-09-17T09:46:26
6.42199	-49.39922	0	47	2021-09-17T09:51:26
6.42117	-49.39999	0	47	2021-09-17T09:56:25
6.42036	-49.40073	0	47	2021-09-17T10:01:26
6.41959	-49.40152	0	47	2021-09-17T10:06:26
6.41886	-49.40244	0	47	2021-09-17T10:11:57
6.41825	-49.40317	0	47	2021-09-17T10:16:26
6.41761	-49.40399	0	47	2021-09-17T10:21:27
6.41696	-49.40479	0	47	2021-09-17T10:26:26
6.41627	-49.40564	0	47	2021-09-17T10:31:25
6.41567	-49.40640	0	47	2021-09-17T10:36:27
6.41505	-49.40726	0	47	2021-09-17T10:41:29
6.41447	-49.40814	0	47	2021-09-17T10:46:29
6.41395	-49.40903	0	47	2021-09-17T10:51:27
6.41333	-49.40988	0	47	2021-09-17T10:56:30
6.41272	-49.41082	0	47	2021-09-17T11:01:31
6.41203	-49.41168	0	47	2021-09-17T11:06:31
6.41120	-49.41266	0	47	2021-09-17T11:11:56
6.41049	-49.41351	0	47	2021-09-17T11:16:33
6.40964	-49.41451	0	47	2021-09-17T11:21:32
6.40893	-49.41537	0	47	2021-09-17T11:26:34
6.40814	-49.41623	0	47	2021-09-17T11:31:33
6.40734	-49.41711	0	47	2021-09-17T11:36:36
6.40649	-49.41799	0	47	2021-09-17T11:41:38
6.40572	-49.41885	0	47	2021-09-17T11:46:38
6.40498	-49.41971	0	47	2021-09-17T11:51:36
6.40430	-49.42065	0	47	2021-09-17T11:56:38
6.40361	-49.42168	0	47	2021-09-17T12:01:38
6.40297	-49.42245	0	47	2021-09-17T12:06:39
6.40227	-49.42337	0	47	2021-09-17T12:11:55
6.40167	-49.42413	0	47	2021-09-17T12:16:37
6.40098	-49.42504	0	47	2021-09-17T12:21:37
6.40038	-49.42590	0	47	2021-09-17T12:26:38
6.39979	-49.42679	0	47	2021-09-17T12:31:39
6.39918	-49.42767	0	47	2021-09-17T12:36:37
6.39855	-49.42855	0	47	2021-09-17T12:41:37
6.39791	-49.42932	0	47	2021-09-17T12:46:37
6.39715	-49.43011	0	47	2021-09-17T12:51:35
6.39634	-49.43079	0	47	2021-09-17T12:56:36
6.39551	-49.43130	0	47	2021-09-17T13:01:34
6.39474	-49.43176	0	47	2021-09-17T13:06:36
6.39400	-49.43222	0	47	2021-09-17T13:11:54
6.39336	-49.43280	0	47	2021-09-17T13:16:34
6.39265	-49.43347	0	47	2021-09-17T13:21:32
6.39197	-49.43417	0	47	2021-09-17T13:26:32
6.39127	-49.43491	0	47	2021-09-17T13:31:33
6.39056	-49.43561	0	47	2021-09-17T13:36:31
6.38989	-49.43635	0	47	2021-09-17T13:41:34
6.38925	-49.43704	0	47	2021-09-17T13:46:33
6.38850	-49.43789	0	47	2021-09-17T13:51:36
6.38773	-49.43849	0	47	2021-09-17T13:56:35
6.38704	-49.43900	0	47	2021-09-17T14:01:35
6.38623	-49.43967	0	47	2021-09-17T14:06:36
6.38535	-49.44031	0	47	2021-09-17T14:11:56
6.38457	-49.44089	0	47	2021-09-17T14:16:38
6.38371	-49.44156	0	47	2021-09-17T14:21:36
6.38291	-49.44217	0	47	2021-09-17T14:26:38
6.38202	-49.44285	0	47	2021-09-17T14:31:34
6.38133	-49.44345	0	47	2021-09-17T14:36:34
6.38071	-49.44415	0	47	2021-09-17T14:41:38
6.38010	-49.44476	0	47	2021-09-17T14:46:38
6.37940	-49.44536	0	47	2021-09-17T14:51:35
6.37864	-49.44583	0	47	2021-09-17T14:56:37
6.37786	-49.44638	0	47	2021-09-17T15:01:34
6.37709	-49.44696	0	47	2021-09-17T15:06:35
6.37636	-49.44757	0	47	2021-09-17T15:11:55
6.37558	-49.44831	0	47	2021-09-17T15:16:34
6.37485	-49.44882	0	47	2021-09-17T15:21:34
6.37407	-49.44954	0	47	2021-09-17T15:26:35
6.37347	-49.45010	0	47	2021-09-17T15:31:35
6.37261	-49.45074	0	47	2021-09-17T15:36:36
6.37182	-49.45135	0	47	2021-09-17T15:41:37
6.37098	-49.45197	0	47	2021-09-17T15:46:35
6.37017	-49.45274	0	47	2021-09-17T15:51:36
6.36940	-49.45334	0	47	2021-09-17T15:56:36
6.36866	-49.45410	0	47	2021-09-17T16:01:37
6.36795	-49.45482	0	47	2021-09-17T16:06:57
6.36718	-49.45551	0	47	2021-09-17T16:11:57
6.36650	-49.45615	0	47	2021-09-17T16:16:36
6.36569	-49.45679	0	47	2021-09-17T16:21:36
6.36482	-49.45746	0	47	2021-09-17T16:26:37
6.36394	-49.45802	0	47	2021-09-17T16:31:38
6.36304	-49.45871	0	47	2021-09-17T16:36:38
6.36219	-49.45949	0	47	2021-09-17T16:41:38
6.36137	-49.46009	0	47	2021-09-17T16:46:37
6.36047	-49.46078	0	47	2021-09-17T16:51:37
6.35959	-49.46146	0	47	2021-09-17T16:56:35
6.35753	-49.46285	0	47	2021-09-17T17:07:06
6.35641	-49.46362	0	47	2021-09-17T17:12:05
6.35538	-49.46396	0	47	2021-09-17T17:17:05
6.35449	-49.46457	0	47	2021-09-17T17:21:35
6.35357	-49.46536	0	47	2021-09-17T17:26:52
6.35263	-49.46613	0	47	2021-09-17T17:31:52
6.35169	-49.46677	0	47	2021-09-17T17:36:41
6.35062	-49.46738	0	47	2021-09-17T17:41:43
6.34952	-49.46809	0	47	2021-09-17T17:46:39
6.34849	-49.46878	0	47	2021-09-17T17:51:40
6.34746	-49.46951	0	47	2021-09-17T17:56:40
6.34634	-49.47028	0	47	2021-09-17T18:01:57
6.34537	-49.47092	0	47	2021-09-17T18:06:39
6.34423	-49.47174	0	47	2021-09-17T18:11:58
6.34327	-49.47238	0	47	2021-09-17T18:16:36
6.34230	-49.47311	0	47	2021-09-17T18:21:37
6.34125	-49.47389	0	47	2021-09-17T18:26:39
6.34026	-49.47458	0	47	2021-09-17T18:31:39
6.33915	-49.47537	0	47	2021-09-17T18:36:39
6.33680	-49.47696	0	47	2021-09-17T18:46:45
6.33561	-49.47783	0	47	2021-09-17T18:51:43
6.33458	-49.47860	0	47	2021-09-17T18:56:43
6.33355	-49.47946	0	47	2021-09-17T19:01:44
6.33257	-49.48032	0	47	2021-09-17T19:06:45
6.33157	-49.48138	0	47	2021-09-17T19:12:08
6.33071	-49.48221	0	47	2021-09-17T19:16:46
6.32974	-49.48318	0	47	2021-09-17T19:21:43
6.32884	-49.48404	0	47	2021-09-17T19:26:42
6.32784	-49.48502	0	47	2021-09-17T19:31:45
6.32688	-49.48599	0	47	2021-09-17T19:36:47
6.32597	-49.48700	0	47	2021-09-17T19:41:46
6.32509	-49.48798	0	47	2021-09-17T19:46:44
6.32424	-49.48895	0	47	2021-09-17T19:51:46
6.32336	-49.48993	0	47	2021-09-17T19:56:46
6.32248	-49.49091	0	47	2021-09-17T20:01:51
6.32151	-49.49182	0	47	2021-09-17T20:06:50
6.32045	-49.49304	0	47	2021-09-17T20:11:51
6.31959	-49.49390	0	47	2021-09-17T20:16:50
6.31869	-49.49484	0	47	2021-09-17T20:21:50
6.31780	-49.49591	0	47	2021-09-17T20:26:52
6.31689	-49.49692	0	47	2021-09-17T20:31:52
6.31603	-49.49803	0	47	2021-09-17T20:36:49
6.31525	-49.49915	0	47	2021-09-17T20:41:54
6.31457	-49.50027	0	47	2021-09-17T20:46:48
6.31392	-49.50146	0	47	2021-09-17T20:51:50
6.31329	-49.50269	0	47	2021-09-17T20:56:51
6.31265	-49.50388	0	47	2021-09-17T21:01:49
6.31204	-49.50522	0	47	2021-09-17T21:06:50
6.31133	-49.50671	0	47	2021-09-17T21:11:48
6.31069	-49.50783	0	47	2021-09-17T21:16:48
6.31005	-49.50903	0	47	2021-09-17T21:21:49
6.30944	-49.51025	0	47	2021-09-17T21:26:46
6.30881	-49.51157	0	47	2021-09-17T21:31:48
6.30822	-49.51282	0	47	2021-09-17T21:36:48
6.30768	-49.51407	0	47	2021-09-17T21:41:49
6.30719	-49.51520	0	47	2021-09-17T21:46:49
6.30662	-49.51642	0	47	2021-09-17T21:51:50
6.30613	-49.51764	0	47	2021-09-17T21:56:50
6.30568	-49.51889	0	47	2021-09-17T22:01:52
6.30519	-49.52014	0	47	2021-09-17T22:06:50
6.30464	-49.52155	0	47	2021-09-17T22:12:28
6.30421	-49.52271	0	47	2021-09-17T22:16:54
6.30376	-49.52380	0	47	2021-09-17T22:21:51
6.30329	-49.52506	0	47	2021-09-17T22:26:51
6.30286	-49.52618	0	47	2021-09-17T22:31:50
6.30242	-49.52740	0	47	2021-09-17T22:36:49
6.30195	-49.52870	0	47	2021-09-17T22:41:48
6.30161	-49.52982	0	47	2021-09-17T22:46:48
6.30122	-49.53094	0	47	2021-09-17T22:51:49
6.30083	-49.53210	0	47	2021-09-17T22:56:50
6.30046	-49.53333	0	47	2021-09-17T23:01:47
6.30008	-49.53445	0	47	2021-09-17T23:07:25
6.29969	-49.53574	0	47	2021-09-17T23:12:24
6.29932	-49.53665	0	47	2021-09-17T23:16:48
6.29887	-49.53769	0	47	2021-09-17T23:21:45
6.29841	-49.53870	0	47	2021-09-17T23:26:46
6.29801	-49.53976	0	47	2021-09-17T23:31:43
6.29766	-49.54071	0	47	2021-09-17T23:36:42
6.29728	-49.54170	0	47	2021-09-17T23:41:42
6.29702	-49.54256	0	47	2021-09-17T23:46:42
6.29676	-49.54333	0	47	2021-09-17T23:51:41
6.29657	-49.54422	0	47	2021-09-17T23:56:44
6.29644	-49.54511	0	47	2021-09-18T00:02:25
6.29635	-49.54562	0	47	2021-09-18T00:07:25
6.29639	-49.54596	0	47	2021-09-18T00:12:26
6.29641	-49.54623	0	47	2021-09-18T00:16:45
6.29634	-49.54646	0	47	2021-09-18T00:21:46
6.29630	-49.54663	0	47	2021-09-18T00:26:46
6.29632	-49.54678	0	47	2021-09-18T00:31:46
6.29628	-49.54694	0	47	2021-09-18T00:36:44
6.29613	-49.54709	0	47	2021-09-18T00:41:47
6.29583	-49.54709	0	47	2021-09-18T00:46:46
6.29564	-49.54718	0	47	2021-09-18T00:51:47
6.29555	-49.54727	0	47	2021-09-18T00:56:46
6.29543	-49.54743	0	47	2021-09-18T01:01:45
6.29517	-49.54752	0	47	2021-09-18T01:06:45
6.29496	-49.54764	0	47	2021-09-18T01:12:25
6.29478	-49.54773	0	47	2021-09-18T01:16:48
6.29460	-49.54794	0	47	2021-09-18T01:21:47
6.29446	-49.54819	0	47	2021-09-18T01:26:45
6.29437	-49.54846	0	47	2021-09-18T01:31:46
6.29429	-49.54880	0	47	2021-09-18T01:36:46
6.29419	-49.54910	0	47	2021-09-18T01:41:47
6.29400	-49.54938	0	47	2021-09-18T01:46:44
6.29378	-49.54965	0	47	2021-09-18T01:51:45
6.29344	-49.54991	0	47	2021-09-18T01:56:46
6.29331	-49.55008	0	47	2021-09-18T02:01:46
6.29308	-49.55035	0	47	2021-09-18T02:06:47
6.29242	-49.55089	0	47	2021-09-18T02:16:44
6.29203	-49.55098	0	47	2021-09-18T02:21:43
6.29177	-49.55115	0	47	2021-09-18T02:26:43
6.29150	-49.55142	0	47	2021-09-18T02:31:44
6.29121	-49.55167	0	47	2021-09-18T02:36:42
6.29085	-49.55185	0	47	2021-09-18T02:41:43
6.29049	-49.55200	0	47	2021-09-18T02:46:42
6.29024	-49.55228	0	47	2021-09-18T02:51:43
6.29001	-49.55267	0	47	2021-09-18T02:56:42
6.28980	-49.55301	0	47	2021-09-18T03:01:42
6.28958	-49.55338	0	47	2021-09-18T03:06:41
6.28924	-49.55365	0	47	2021-09-18T03:12:10
6.28903	-49.55404	0	47	2021-09-18T03:16:43
6.28877	-49.55438	0	47	2021-09-18T03:21:42
6.28854	-49.55481	0	47	2021-09-18T03:26:43
6.28826	-49.55518	0	47	2021-09-18T03:31:42
6.28790	-49.55563	0	47	2021-09-18T03:36:40
6.28760	-49.55597	0	47	2021-09-18T03:41:41
6.28734	-49.55646	0	47	2021-09-18T03:46:42
6.28717	-49.55698	0	47	2021-09-18T03:51:43
6.28710	-49.55750	0	47	2021-09-18T03:56:44
6.28696	-49.55807	0	47	2021-09-18T04:01:44
6.28674	-49.55853	0	47	2021-09-18T04:06:40
6.28642	-49.55896	0	47	2021-09-18T04:12:05
6.28620	-49.55933	0	47	2021-09-18T04:16:42
6.28599	-49.55984	0	47	2021-09-18T04:21:43
6.28585	-49.56042	0	47	2021-09-18T04:26:42
6.28566	-49.56091	0	47	2021-09-18T04:31:44
6.28547	-49.56140	0	47	2021-09-18T04:36:43
6.28527	-49.56189	0	47	2021-09-18T04:41:44
6.28510	-49.56240	0	47	2021-09-18T04:46:47
6.28493	-49.56274	0	47	2021-09-18T04:51:46
6.28468	-49.56314	0	47	2021-09-18T04:56:47
6.28443	-49.56348	0	47	2021-09-18T05:01:47
6.28426	-49.56387	0	47	2021-09-18T05:07:07
6.28413	-49.56421	0	47	2021-09-18T05:12:07
6.28409	-49.56461	0	47	2021-09-18T05:16:44
6.28392	-49.56500	0	47	2021-09-18T05:21:46
6.28380	-49.56546	0	47	2021-09-18T05:26:46
6.28371	-49.56580	0	47	2021-09-18T05:31:45
6.28355	-49.56628	0	47	2021-09-18T05:36:45
6.28329	-49.56677	0	47	2021-09-18T05:41:47
6.28316	-49.56720	0	47	2021-09-18T05:46:47
6.28303	-49.56763	0	47	2021-09-18T05:51:48
6.28288	-49.56812	0	47	2021-09-18T05:56:47
6.28267	-49.56854	0	47	2021-09-18T06:01:49
6.28243	-49.56885	0	47	2021-09-18T06:06:47
6.28213	-49.56924	0	47	2021-09-18T06:12:25
6.28188	-49.56955	0	47	2021-09-18T06:16:47
6.28156	-49.56998	0	47	2021-09-18T06:21:45
6.28133	-49.57043	0	47	2021-09-18T06:26:46
6.28120	-49.57086	0	47	2021-09-18T06:31:46
6.28103	-49.57123	0	47	2021-09-18T06:36:48
6.28089	-49.57162	0	47	2021-09-18T06:41:49
6.28083	-49.57209	0	47	2021-09-18T06:46:50
6.28074	-49.57260	0	47	2021-09-18T06:51:50
6.28063	-49.57306	0	47	2021-09-18T06:56:50
6.28057	-49.57355	0	47	2021-09-18T07:01:52
6.28046	-49.57397	0	47	2021-09-18T07:06:53
6.28038	-49.57455	0	47	2021-09-18T07:12:24
6.28020	-49.57495	0	47	2021-09-18T07:16:50
6.28009	-49.57541	0	47	2021-09-18T07:21:51
6.28008	-49.57587	0	47	2021-09-18T07:26:49
6.28009	-49.57648	0	47	2021-09-18T07:31:52
6.28024	-49.57706	0	47	2021-09-18T07:36:50
6.28035	-49.57767	0	47	2021-09-18T07:41:51
6.28051	-49.57822	0	47	2021-09-18T07:46:51
6.28063	-49.57867	0	47	2021-09-18T07:51:53
6.28077	-49.57913	0	47	2021-09-18T07:56:52
6.28100	-49.57959	0	47	2021-09-18T08:01:54
6.28121	-49.58005	0	47	2021-09-18T08:06:52
6.28135	-49.58047	0	47	2021-09-18T08:12:27
6.28149	-49.58096	0	47	2021-09-18T08:16:53
6.28162	-49.58139	0	47	2021-09-18T08:21:53
6.28165	-49.58176	0	47	2021-09-18T08:26:51
6.28177	-49.58218	0	47	2021-09-18T08:31:52
6.28184	-49.58258	0	47	2021-09-18T08:36:49
6.28188	-49.58292	0	47	2021-09-18T08:41:49
6.28193	-49.58328	0	47	2021-09-18T08:46:51
6.28201	-49.58359	0	47	2021-09-18T08:51:50
6.28206	-49.58395	0	47	2021-09-18T08:56:52
6.28208	-49.58423	0	47	2021-09-18T09:01:53
6.28215	-49.58456	0	47	2021-09-18T09:06:53
6.28218	-49.58499	0	47	2021-09-18T09:12:25
6.28225	-49.58541	0	47	2021-09-18T09:16:52
6.28229	-49.58558	0	47	2021-09-18T09:21:52
6.28233	-49.58575	0	47	2021-09-18T09:26:52
6.28236	-49.58612	0	47	2021-09-18T09:31:53
6.28233	-49.58633	0	47	2021-09-18T09:36:51
6.28231	-49.58664	0	47	2021-09-18T09:41:51
6.28227	-49.58698	0	47	2021-09-18T09:46:50
6.28221	-49.58734	0	47	2021-09-18T09:51:53
6.28201	-49.58775	0	47	2021-09-18T09:56:52
6.28189	-49.58795	0	47	2021-09-18T10:01:55
6.28179	-49.58835	0	47	2021-09-18T10:06:53
6.28173	-49.58868	0	47	2021-09-18T10:12:24
6.28180	-49.58899	0	47	2021-09-18T10:16:54
6.28189	-49.58932	0	47	2021-09-18T10:21:55
6.28199	-49.58975	0	47	2021-09-18T10:26:53
6.28199	-49.59009	0	47	2021-09-18T10:31:53
6.28207	-49.59036	0	47	2021-09-18T10:36:54
6.28213	-49.59067	0	47	2021-09-18T10:41:51
6.28222	-49.59100	0	47	2021-09-18T10:46:53
6.28232	-49.59131	0	47	2021-09-18T10:51:54
6.28236	-49.59161	0	47	2021-09-18T10:56:56
6.28242	-49.59189	0	47	2021-09-18T11:01:53
6.28253	-49.59219	0	47	2021-09-18T11:07:23
6.28262	-49.59253	0	47	2021-09-18T11:12:23
6.28271	-49.59283	0	47	2021-09-18T11:16:49
6.28259	-49.59341	0	47	2021-09-18T11:26:48
6.28261	-49.59387	0	47	2021-09-18T11:31:48
6.28261	-49.59421	0	47	2021-09-18T11:36:49
6.28269	-49.59454	0	47	2021-09-18T11:41:47
6.28281	-49.59503	0	47	2021-09-18T11:46:53
6.28280	-49.59497	0	47	2021-09-18T11:47:01
6.28302	-49.59546	0	47	2021-09-18T11:51:52
6.28318	-49.59589	0	47	2021-09-18T11:56:52
6.28336	-49.59634	0	47	2021-09-18T12:01:53
6.28356	-49.59677	0	47	2021-09-18T12:06:57
6.28375	-49.59732	0	47	2021-09-18T12:12:26
6.28405	-49.59787	0	47	2021-09-18T12:16:59
6.28434	-49.59836	0	47	2021-09-18T12:21:57
6.28458	-49.59894	0	47	2021-09-18T12:27:00
6.28475	-49.59937	0	47	2021-09-18T12:31:59
6.28477	-49.59970	0	47	2021-09-18T12:36:59
6.28487	-49.59998	0	47	2021-09-18T12:42:01
6.28500	-49.60025	0	47	2021-09-18T12:47:01
6.28518	-49.60059	0	47	2021-09-18T12:52:02
6.28530	-49.60092	0	47	2021-09-18T12:57:02
6.28545	-49.60135	0	47	2021-09-18T13:02:04
6.28559	-49.60193	0	47	2021-09-18T13:07:04
6.28569	-49.60251	0	47	2021-09-18T13:12:27
6.28574	-49.60303	0	47	2021-09-18T13:17:06
6.28576	-49.60352	0	47	2021-09-18T13:22:07
6.28569	-49.60394	0	47	2021-09-18T13:27:07
6.28566	-49.60431	0	47	2021-09-18T13:32:07
6.28568	-49.60483	0	47	2021-09-18T13:37:08
6.28566	-49.60532	0	47	2021-09-18T13:42:10
6.28567	-49.60580	0	47	2021-09-18T13:47:08
6.28567	-49.60626	0	47	2021-09-18T13:52:07
6.28554	-49.60669	0	47	2021-09-18T13:57:12
6.28544	-49.60714	0	47	2021-09-18T14:02:10
6.28540	-49.60757	0	47	2021-09-18T14:07:10
6.28533	-49.60806	0	47	2021-09-18T14:12:39
6.28530	-49.60852	0	47	2021-09-18T14:17:12
6.28518	-49.60900	0	47	2021-09-18T14:22:14
6.28509	-49.60934	0	47	2021-09-18T14:27:14
6.28490	-49.60977	0	47	2021-09-18T14:32:11
6.28464	-49.61002	0	47	2021-09-18T14:37:15
6.28432	-49.61029	0	47	2021-09-18T14:42:17
6.28413	-49.61063	0	47	2021-09-18T14:47:21
6.28382	-49.61095	0	47	2021-09-18T14:52:22
6.28365	-49.61112	0	47	2021-09-18T14:57:23
6.28331	-49.61121	0	47	2021-09-18T15:02:23
6.28303	-49.61148	0	47	2021-09-18T15:07:21
6.28280	-49.61179	0	47	2021-09-18T15:12:53
6.28178	-49.61234	0	47	2021-09-18T15:27:20
6.28134	-49.61259	0	47	2021-09-18T15:32:24
6.28108	-49.61285	0	47	2021-09-18T15:37:23
6.28081	-49.61307	0	47	2021-09-18T15:42:26
6.28047	-49.61337	0	47	2021-09-18T15:47:29
6.28014	-49.61359	0	47	2021-09-18T15:52:25
6.27986	-49.61386	0	47	2021-09-18T15:57:25
6.27960	-49.61398	0	47	2021-09-18T16:02:26
6.27935	-49.61414	0	47	2021-09-18T16:07:28
6.27921	-49.61452	0	47	2021-09-18T16:12:28
6.27917	-49.61478	0	47	2021-09-18T16:17:28
6.27906	-49.61502	0	47	2021-09-18T16:22:26
6.27886	-49.61523	0	47	2021-09-18T16:27:28
6.27865	-49.61542	0	47	2021-09-18T16:32:27
6.27844	-49.61574	0	47	2021-09-18T16:37:29
6.27844	-49.61600	0	47	2021-09-18T16:42:30
6.27829	-49.61633	0	47	2021-09-18T16:47:30
6.27825	-49.61667	0	47	2021-09-18T16:52:30
6.27800	-49.61685	0	47	2021-09-18T16:57:25
6.27781	-49.61713	0	47	2021-09-18T17:02:28
6.27744	-49.61740	0	47	2021-09-18T17:07:30
6.27701	-49.61766	0	47	2021-09-18T17:12:30
6.27662	-49.61783	0	47	2021-09-18T17:17:29
6.27627	-49.61810	0	47	2021-09-18T17:22:29
6.27585	-49.61837	0	47	2021-09-18T17:27:34
6.27552	-49.61850	0	47	2021-09-18T17:32:31
6.27508	-49.61871	0	47	2021-09-18T17:37:34
6.27466	-49.61893	0	47	2021-09-18T17:42:33
6.27429	-49.61909	0	47	2021-09-18T17:47:37
6.27386	-49.61918	0	47	2021-09-18T17:52:38
6.27347	-49.61935	0	47	2021-09-18T17:57:38
6.27310	-49.61960	0	47	2021-09-18T18:02:39
6.27262	-49.61990	0	47	2021-09-18T18:07:39
6.27219	-49.62007	0	47	2021-09-18T18:12:38
6.27176	-49.62024	0	47	2021-09-18T18:17:38
6.27127	-49.62048	0	47	2021-09-18T18:22:38
6.27080	-49.62057	0	47	2021-09-18T18:27:37
6.26940	-49.62125	0	47	2021-09-18T18:42:36
6.26896	-49.62140	0	47	2021-09-18T18:47:38
6.26840	-49.62161	0	47	2021-09-18T18:52:36
6.26800	-49.62186	0	47	2021-09-18T18:57:37
6.26754	-49.62207	0	47	2021-09-18T19:02:39
6.26709	-49.62222	0	47	2021-09-18T19:07:38
6.26662	-49.62247	0	47	2021-09-18T19:12:56
6.26620	-49.62268	0	47	2021-09-18T19:17:37
6.26570	-49.62288	0	47	2021-09-18T19:22:34
6.26531	-49.62305	0	47	2021-09-18T19:27:35
6.26490	-49.62320	0	47	2021-09-18T19:32:35
6.26458	-49.62341	0	47	2021-09-18T19:37:36
6.26419	-49.62373	0	47	2021-09-18T19:42:33
6.26389	-49.62390	0	47	2021-09-18T19:47:33
6.26346	-49.62408	0	47	2021-09-18T19:52:32
6.26309	-49.62430	0	47	2021-09-18T19:57:31
6.26263	-49.62460	0	47	2021-09-18T20:02:30
6.26216	-49.62469	0	47	2021-09-18T20:07:30
6.26157	-49.62485	0	47	2021-09-18T20:12:55
6.26113	-49.62501	0	47	2021-09-18T20:17:31
6.26070	-49.62518	0	47	2021-09-18T20:22:30
6.26023	-49.62527	0	47	2021-09-18T20:27:30
6.25964	-49.62543	0	47	2021-09-18T20:32:30
6.25899	-49.62568	0	47	2021-09-18T20:37:31
6.25843	-49.62594	0	47	2021-09-18T20:42:31
6.25787	-49.62628	0	47	2021-09-18T20:47:30
6.25728	-49.62665	0	47	2021-09-18T20:52:31
6.25666	-49.62692	0	47	2021-09-18T20:57:27
6.25606	-49.62726	0	47	2021-09-18T21:02:28
6.25549	-49.62759	0	47	2021-09-18T21:07:28
6.25494	-49.62814	0	47	2021-09-18T21:12:56
6.25442	-49.62848	0	47	2021-09-18T21:17:23
6.25388	-49.62888	0	47	2021-09-18T21:22:24
6.25345	-49.62927	0	47	2021-09-18T21:27:21
6.25304	-49.62979	0	47	2021-09-18T21:32:22
6.25259	-49.63034	0	47	2021-09-18T21:37:22
6.25210	-49.63090	0	47	2021-09-18T21:42:19
6.25163	-49.63141	0	47	2021-09-18T21:47:19
6.25104	-49.63187	0	47	2021-09-18T21:52:20
6.25045	-49.63229	0	47	2021-09-18T21:57:21
6.24991	-49.63281	0	47	2021-09-18T22:02:19
6.24932	-49.63334	0	47	2021-09-18T22:07:19
6.24872	-49.63377	0	47	2021-09-18T22:12:19
6.24829	-49.63403	0	47	2021-09-18T22:17:18
6.24783	-49.63443	0	47	2021-09-18T22:22:15
6.24730	-49.63486	0	47	2021-09-18T22:27:19
6.24670	-49.63528	0	47	2021-09-18T22:32:19
6.24623	-49.63562	0	47	2021-09-18T22:37:18
6.24578	-49.63611	0	47	2021-09-18T22:42:17
6.24525	-49.63679	0	47	2021-09-18T22:47:18
6.24486	-49.63722	0	47	2021-09-18T22:52:17
6.24452	-49.63773	0	47	2021-09-18T22:57:17
6.24418	-49.63828	0	47	2021-09-18T23:02:15
6.24384	-49.63879	0	47	2021-09-18T23:07:17
6.24362	-49.63950	0	47	2021-09-18T23:12:54
6.24339	-49.64001	0	47	2021-09-18T23:17:17
6.24309	-49.64059	0	47	2021-09-18T23:22:17
6.24279	-49.64138	0	47	2021-09-18T23:27:17
6.24258	-49.64207	0	47	2021-09-18T23:32:16
6.24232	-49.64258	0	47	2021-09-18T23:37:16
6.24206	-49.64319	0	47	2021-09-18T23:42:19
6.24180	-49.64383	0	47	2021-09-18T23:47:20
6.24158	-49.64447	0	47	2021-09-18T23:52:21
6.24137	-49.64514	0	47	2021-09-18T23:57:19
6.24118	-49.64581	0	47	2021-09-19T00:02:24
6.24100	-49.64645	0	47	2021-09-19T00:07:18
6.24081	-49.64717	0	47	2021-09-19T00:12:18
6.24068	-49.64786	0	47	2021-09-19T00:17:19
6.24052	-49.64862	0	47	2021-09-19T00:22:17
6.24033	-49.64932	0	47	2021-09-19T00:27:19
6.24020	-49.65007	0	47	2021-09-19T00:32:18
6.24011	-49.65076	0	47	2021-09-19T00:37:18
6.23991	-49.65150	0	47	2021-09-19T00:42:18
6.23970	-49.65219	0	47	2021-09-19T00:47:17
6.23947	-49.65283	0	47	2021-09-19T00:52:18
6.23925	-49.65350	0	47	2021-09-19T00:57:21
6.23903	-49.65417	0	47	2021-09-19T01:02:19
6.23885	-49.65487	0	47	2021-09-19T01:07:57
6.23868	-49.65564	0	47	2021-09-19T01:12:56
6.23863	-49.65637	0	47	2021-09-19T01:17:20
6.23849	-49.65707	0	47	2021-09-19T01:22:18
6.23826	-49.65775	0	47	2021-09-19T01:27:19
6.23815	-49.65848	0	47	2021-09-19T01:32:17
6.23798	-49.65918	0	47	2021-09-19T01:37:18
6.23771	-49.66003	0	47	2021-09-19T01:42:15
6.23758	-49.66063	0	47	2021-09-19T01:47:15
6.23741	-49.66132	0	47	2021-09-19T01:52:16
6.23727	-49.66199	0	47	2021-09-19T01:57:17
6.23711	-49.66278	0	47	2021-09-19T02:02:17
6.23697	-49.66351	0	47	2021-09-19T02:07:15
6.23685	-49.66437	0	47	2021-09-19T02:12:39
6.23663	-49.66510	0	47	2021-09-19T02:17:27
6.23651	-49.66589	0	47	2021-09-19T02:22:10
6.23634	-49.66663	0	47	2021-09-19T02:27:11
6.23631	-49.66742	0	47	2021-09-19T02:32:11
6.23623	-49.66809	0	47	2021-09-19T02:37:12
6.23623	-49.66882	0	47	2021-09-19T02:42:13
6.23614	-49.66956	0	47	2021-09-19T02:47:14
6.23593	-49.67017	0	47	2021-09-19T02:52:10
6.23572	-49.67081	0	47	2021-09-19T02:57:11
6.23548	-49.67146	0	47	2021-09-19T03:02:09
6.23522	-49.67197	0	47	2021-09-19T03:07:10
6.23505	-49.67255	0	47	2021-09-19T03:12:26
6.23489	-49.67297	0	47	2021-09-19T03:17:08
6.23470	-49.67350	0	47	2021-09-19T03:22:08
6.23453	-49.67401	0	47	2021-09-19T03:27:09
6.23432	-49.67456	0	47	2021-09-19T03:32:09
6.23411	-49.67521	0	47	2021-09-19T03:37:13
6.23394	-49.67624	0	47	2021-09-19T03:42:12
6.23370	-49.67737	0	47	2021-09-19T03:47:12
6.23357	-49.67847	0	47	2021-09-19T03:52:17
6.23333	-49.67929	0	47	2021-09-19T03:57:18
6.23309	-49.68005	0	47	2021-09-19T04:02:18
6.23283	-49.68076	0	47	2021-09-19T04:07:16
6.23237	-49.68137	0	47	2021-09-19T04:12:37
6.23199	-49.68192	0	47	2021-09-19T04:17:13
6.23161	-49.68259	0	47	2021-09-19T04:22:14
6.23120	-49.68332	0	47	2021-09-19T04:27:12
6.23075	-49.68415	0	47	2021-09-19T04:32:15
6.23041	-49.68484	0	47	2021-09-19T04:37:14
6.23001	-49.68555	0	47	2021-09-19T04:42:17
6.22970	-49.68628	0	47	2021-09-19T04:47:15
6.22925	-49.68698	0	47	2021-09-19T04:52:16
6.22873	-49.68762	0	47	2021-09-19T04:57:13
6.22818	-49.68829	0	47	2021-09-19T05:02:15
6.22762	-49.68896	0	47	2021-09-19T05:07:14
6.22691	-49.68968	0	47	2021-09-19T05:12:14
6.22648	-49.69028	0	47	2021-09-19T05:17:13
6.22589	-49.69083	0	47	2021-09-19T05:22:14
6.22531	-49.69141	0	47	2021-09-19T05:27:17
6.22478	-49.69199	0	47	2021-09-19T05:32:11
6.22423	-49.69260	0	47	2021-09-19T05:37:12
6.22369	-49.69321	0	47	2021-09-19T05:42:13
6.22313	-49.69373	0	47	2021-09-19T05:47:13
6.22255	-49.69428	0	47	2021-09-19T05:52:13
6.22208	-49.69479	0	47	2021-09-19T05:57:12
6.22148	-49.69535	0	47	2021-09-19T06:02:16
6.22097	-49.69586	0	47	2021-09-19T06:07:16
6.22031	-49.69644	0	47	2021-09-19T06:12:38
6.21976	-49.69699	0	47	2021-09-19T06:17:14
6.21914	-49.69766	0	47	2021-09-19T06:22:12
6.21857	-49.69836	0	47	2021-09-19T06:27:13
6.21709	-49.69936	0	47	2021-09-19T06:37:15
6.21623	-49.69970	0	47	2021-09-19T06:42:15
6.21541	-49.70013	0	47	2021-09-19T06:47:15
6.21464	-49.70059	0	47	2021-09-19T06:52:13
6.21391	-49.70111	0	47	2021-09-19T06:57:17
6.21308	-49.70154	0	47	2021-09-19T07:02:11
6.21228	-49.70197	0	47	2021-09-19T07:07:16
6.21134	-49.70248	0	47	2021-09-19T07:12:36
6.21052	-49.70282	0	47	2021-09-19T07:17:14
6.20966	-49.70346	0	47	2021-09-19T07:22:11
6.20872	-49.70404	0	47	2021-09-19T07:27:12
6.20777	-49.70456	0	47	2021-09-19T07:32:15
6.20688	-49.70493	0	47	2021-09-19T07:37:13
6.20602	-49.70529	0	47	2021-09-19T07:42:14
6.20512	-49.70563	0	47	2021-09-19T07:47:12
6.20423	-49.70602	0	47	2021-09-19T07:52:13
6.20335	-49.70639	0	47	2021-09-19T07:57:13
6.20245	-49.70675	0	47	2021-09-19T08:02:11
6.20172	-49.70709	0	47	2021-09-19T08:07:11
6.20095	-49.70758	0	47	2021-09-19T08:12:36
6.20025	-49.70816	0	47	2021-09-19T08:17:11
6.19974	-49.70892	0	47	2021-09-19T08:22:10
6.19901	-49.70935	0	47	2021-09-19T08:27:10
6.19806	-49.70963	0	47	2021-09-19T08:32:11
6.19735	-49.71002	0	47	2021-09-19T08:37:11
6.19658	-49.71061	0	47	2021-09-19T08:42:10
6.19585	-49.71095	0	47	2021-09-19T08:47:10
6.19512	-49.71121	0	47	2021-09-19T08:52:11
6.19438	-49.71146	0	47	2021-09-19T08:57:09
6.19367	-49.71179	0	47	2021-09-19T09:02:12
6.19302	-49.71216	0	47	2021-09-19T09:07:10
6.19233	-49.71267	0	47	2021-09-19T09:12:09
6.19182	-49.71310	0	47	2021-09-19T09:17:08
6.19113	-49.71359	0	47	2021-09-19T09:22:09
6.19044	-49.71402	0	47	2021-09-19T09:27:09
6.18980	-49.71448	0	47	2021-09-19T09:32:10
6.18912	-49.71490	0	47	2021-09-19T09:37:11
6.18843	-49.71533	0	47	2021-09-19T09:42:11
6.18782	-49.71579	0	47	2021-09-19T09:47:09
6.18715	-49.71622	0	47	2021-09-19T09:52:10
6.18647	-49.71658	0	47	2021-09-19T09:57:09
6.18571	-49.71695	0	47	2021-09-19T10:02:10
6.18421	-49.71760	0	47	2021-09-19T10:12:09
6.18352	-49.71786	0	47	2021-09-19T10:17:10
6.18292	-49.71829	0	47	2021-09-19T10:22:10
6.18238	-49.71869	0	47	2021-09-19T10:27:08
6.18181	-49.71920	0	47	2021-09-19T10:32:12
6.18125	-49.71957	0	47	2021-09-19T10:37:14
6.18061	-49.71997	0	47	2021-09-19T10:42:11
6.18001	-49.72040	0	47	2021-09-19T10:47:11
6.17937	-49.72096	0	47	2021-09-19T10:52:12
6.17884	-49.72116	0	47	2021-09-19T10:57:12
6.17830	-49.72156	0	47	2021-09-19T11:02:13
6.17770	-49.72189	0	47	2021-09-19T11:07:11
6.17706	-49.72229	0	47	2021-09-19T11:12:47
6.17652	-49.72260	0	47	2021-09-19T11:17:13
6.17591	-49.72299	0	47	2021-09-19T11:22:10
6.17532	-49.72336	0	47	2021-09-19T11:27:13
6.17474	-49.72371	0	47	2021-09-19T11:32:10
6.17418	-49.72397	0	47	2021-09-19T11:37:09
6.17359	-49.72421	0	47	2021-09-19T11:42:12
6.17308	-49.72452	0	47	2021-09-19T11:47:13
6.17253	-49.72484	0	47	2021-09-19T11:52:13
6.17205	-49.72519	0	47	2021-09-19T11:57:12
6.17159	-49.72552	0	47	2021-09-19T12:02:13
6.17103	-49.72589	0	47	2021-09-19T12:07:12
6.17041	-49.72639	0	47	2021-09-19T12:12:15
6.16998	-49.72656	0	47	2021-09-19T12:17:14
6.16959	-49.72699	0	47	2021-09-19T12:22:16
6.16927	-49.72733	0	47	2021-09-19T12:27:14
6.16893	-49.72778	0	47	2021-09-19T12:32:17
6.16852	-49.72832	0	47	2021-09-19T12:37:15
6.16815	-49.72864	0	47	2021-09-19T12:42:14
6.16783	-49.72900	0	47	2021-09-19T12:47:16
6.16751	-49.72943	0	47	2021-09-19T12:52:17
6.16706	-49.72986	0	47	2021-09-19T12:57:15
6.16672	-49.73032	0	47	2021-09-19T13:02:16
6.16633	-49.73087	0	47	2021-09-19T13:07:57
6.16586	-49.73138	0	47	2021-09-19T13:12:56
6.16550	-49.73184	0	47	2021-09-19T13:17:17
6.16503	-49.73226	0	47	2021-09-19T13:22:18
6.16447	-49.73260	0	47	2021-09-19T13:27:18
6.16396	-49.73294	0	47	2021-09-19T13:32:17
6.16343	-49.73328	0	47	2021-09-19T13:37:17
6.16282	-49.73367	0	47	2021-09-19T13:42:18
6.16228	-49.73407	0	47	2021-09-19T13:47:16
6.16170	-49.73450	0	47	2021-09-19T13:52:17
6.16125	-49.73499	0	47	2021-09-19T13:57:16
6.16077	-49.73553	0	47	2021-09-19T14:02:15
6.16043	-49.73587	0	47	2021-09-19T14:07:15
6.15999	-49.73642	0	47	2021-09-19T14:12:55
6.15968	-49.73700	0	47	2021-09-19T14:17:16
6.15939	-49.73782	0	47	2021-09-19T14:22:17
6.15909	-49.73851	0	47	2021-09-19T14:27:18
6.15883	-49.73911	0	47	2021-09-19T14:32:18
6.15860	-49.73984	0	47	2021-09-19T14:37:19
6.15850	-49.74069	0	47	2021-09-19T14:42:17
6.15821	-49.74142	0	47	2021-09-19T14:47:15
6.15794	-49.74213	0	47	2021-09-19T14:52:18
6.15750	-49.74272	0	47	2021-09-19T14:57:16
6.15724	-49.74319	0	47	2021-09-19T15:02:16
6.15686	-49.74374	0	47	2021-09-19T15:07:16
6.15649	-49.74438	0	47	2021-09-19T15:12:53
6.15626	-49.74500	0	47	2021-09-19T15:17:19
6.15595	-49.74564	0	47	2021-09-19T15:22:16
6.15567	-49.74634	0	47	2021-09-19T15:27:14
6.15530	-49.74725	0	47	2021-09-19T15:32:15
6.15500	-49.74802	0	47	2021-09-19T15:37:15
6.15462	-49.74872	0	47	2021-09-19T15:42:16
6.15419	-49.74924	0	47	2021-09-19T15:47:19
6.15386	-49.74988	0	47	2021-09-19T15:52:17
6.15360	-49.75054	0	47	2021-09-19T15:57:26
6.15343	-49.75114	0	47	2021-09-19T16:02:26
6.15322	-49.75183	0	47	2021-09-19T16:07:26
6.15279	-49.75262	0	47	2021-09-19T16:12:55
6.15240	-49.75320	0	47	2021-09-19T16:17:24
6.15186	-49.75388	0	47	2021-09-19T16:22:22
6.15136	-49.75443	0	47	2021-09-19T16:27:23
6.15070	-49.75500	0	47	2021-09-19T16:32:24
6.15014	-49.75560	0	47	2021-09-19T16:37:24
6.14958	-49.75620	0	47	2021-09-19T16:42:23
6.14905	-49.75684	0	47	2021-09-19T16:47:24
6.14860	-49.75764	0	47	2021-09-19T16:52:26
6.14830	-49.75833	0	47	2021-09-19T16:57:25
6.14793	-49.75900	0	47	2021-09-19T17:02:25
6.14745	-49.75958	0	47	2021-09-19T17:07:27
6.14692	-49.76023	0	47	2021-09-19T17:12:27
6.14647	-49.76065	0	47	2021-09-19T17:17:29
6.14636	-49.76151	0	47	2021-09-19T17:22:28
6.14644	-49.76239	0	47	2021-09-19T17:27:29
6.14633	-49.76322	0	47	2021-09-19T17:32:27
6.14623	-49.76379	0	47	2021-09-19T17:37:28
6.14573	-49.76416	0	47	2021-09-19T17:42:27
6.14517	-49.76447	0	47	2021-09-19T17:47:29
6.14475	-49.76491	0	47	2021-09-19T17:52:26
6.14471	-49.76551	0	47	2021-09-19T17:57:27
6.14458	-49.76611	0	47	2021-09-19T18:02:27
6.14414	-49.76738	0	47	2021-09-19T18:12:28
6.14375	-49.76761	0	47	2021-09-19T18:17:27
6.14354	-49.76807	0	47	2021-09-19T18:22:28
6.14336	-49.76862	0	47	2021-09-19T18:27:31
6.14327	-49.76923	0	47	2021-09-19T18:32:33
6.14297	-49.76978	0	47	2021-09-19T18:37:31
6.14256	-49.77032	0	47	2021-09-19T18:42:32
6.14222	-49.77075	0	47	2021-09-19T18:47:32
6.14188	-49.77109	0	47	2021-09-19T18:52:33
6.14159	-49.77145	0	47	2021-09-19T18:57:34
6.14113	-49.77188	0	47	2021-09-19T19:02:33
6.14079	-49.77231	0	47	2021-09-19T19:07:32
6.14032	-49.77274	0	47	2021-09-19T19:12:58
6.13986	-49.77319	0	47	2021-09-19T19:17:32
6.13926	-49.77373	0	47	2021-09-19T19:22:31
6.13887	-49.77433	0	47	2021-09-19T19:27:31
6.13844	-49.77484	0	47	2021-09-19T19:32:32
6.13811	-49.77554	0	47	2021-09-19T19:37:29
6.13782	-49.77621	0	47	2021-09-19T19:42:28
6.13751	-49.77701	0	47	2021-09-19T19:47:29
6.13725	-49.77783	0	47	2021-09-19T19:52:30
6.13688	-49.77856	0	47	2021-09-19T19:57:28
6.13637	-49.77911	0	47	2021-09-19T20:02:26
6.13580	-49.77984	0	47	2021-09-19T20:07:57
6.13533	-49.78070	0	47	2021-09-19T20:12:57
6.13496	-49.78149	0	47	2021-09-19T20:17:28
6.13462	-49.78247	0	47	2021-09-19T20:22:25
6.13435	-49.78357	0	47	2021-09-19T20:27:30
6.13420	-49.78473	0	47	2021-09-19T20:32:27
6.13387	-49.78580	0	47	2021-09-19T20:37:28
6.13347	-49.78685	0	47	2021-09-19T20:42:29
6.13287	-49.78762	0	47	2021-09-19T20:47:29
6.13253	-49.78848	0	47	2021-09-19T20:52:30
6.13186	-49.78925	0	47	2021-09-19T20:57:31
6.13119	-49.79016	0	47	2021-09-19T21:02:29
6.13059	-49.79102	0	47	2021-09-19T21:07:29
6.12975	-49.79196	0	47	2021-09-19T21:12:55
6.12906	-49.79276	0	47	2021-09-19T21:17:33
6.12833	-49.79371	0	47	2021-09-19T21:22:31
6.12773	-49.79465	0	47	2021-09-19T21:27:32
6.12689	-49.79550	0	47	2021-09-19T21:32:29
6.12617	-49.79639	0	47	2021-09-19T21:37:30
6.12538	-49.79730	0	47	2021-09-19T21:42:30
6.12458	-49.79816	0	47	2021-09-19T21:47:28
6.12392	-49.79916	0	47	2021-09-19T21:52:29
6.12306	-49.80005	0	47	2021-09-19T21:57:30
6.12223	-49.80093	0	47	2021-09-19T22:02:30
6.12142	-49.80182	0	47	2021-09-19T22:07:31
6.12046	-49.80286	0	47	2021-09-19T22:12:56
6.11953	-49.80359	0	47	2021-09-19T22:17:29
6.11864	-49.80438	0	47	2021-09-19T22:22:30
6.11788	-49.80530	0	47	2021-09-19T22:27:35
6.11712	-49.80618	0	47	2021-09-19T22:32:34
6.11627	-49.80720	0	47	2021-09-19T22:37:36
6.11550	-49.80823	0	47	2021-09-19T22:42:36
6.11472	-49.80917	0	47	2021-09-19T22:47:34
6.11387	-49.81009	0	47	2021-09-19T22:52:35
6.11291	-49.81097	0	47	2021-09-19T22:57:36
6.11209	-49.81174	0	47	2021-09-19T23:02:36
6.11135	-49.81265	0	47	2021-09-19T23:07:37
6.11039	-49.81351	0	47	2021-09-19T23:12:57
6.10963	-49.81439	0	47	2021-09-19T23:17:36
6.10881	-49.81516	0	47	2021-09-19T23:22:37
6.10812	-49.81604	0	47	2021-09-19T23:27:38
6.10736	-49.81696	0	47	2021-09-19T23:32:38
6.10654	-49.81777	0	47	2021-09-19T23:37:39
6.10594	-49.81863	0	47	2021-09-19T23:42:39
6.10528	-49.81940	0	47	2021-09-19T23:47:37
6.10462	-49.82004	0	47	2021-09-19T23:52:38
6.10401	-49.82077	0	47	2021-09-19T23:57:41
6.10334	-49.82144	0	47	2021-09-20T00:02:42
6.10273	-49.82196	0	47	2021-09-20T00:07:41
6.10197	-49.82257	0	47	2021-09-20T00:12:57
6.10147	-49.82321	0	47	2021-09-20T00:17:38
6.10076	-49.82376	0	47	2021-09-20T00:22:39
6.10007	-49.82440	0	47	2021-09-20T00:27:40
6.09944	-49.82501	0	47	2021-09-20T00:32:41
6.09870	-49.82562	0	47	2021-09-20T00:37:40
6.09795	-49.82632	0	47	2021-09-20T00:42:42
6.09727	-49.82697	0	47	2021-09-20T00:47:40
6.09666	-49.82770	0	47	2021-09-20T00:52:43
6.09599	-49.82840	0	47	2021-09-20T00:57:41
6.09535	-49.82922	0	47	2021-09-20T01:02:42
6.09471	-49.83005	0	47	2021-09-20T01:07:39
6.09391	-49.83090	0	47	2021-09-20T01:13:07
6.09326	-49.83168	0	47	2021-09-20T01:17:41
6.09249	-49.83237	0	47	2021-09-20T01:22:41
6.09168	-49.83313	0	47	2021-09-20T01:27:42
6.09089	-49.83386	0	47	2021-09-20T01:32:40
6.09012	-49.83459	0	47	2021-09-20T01:37:41
6.08938	-49.83539	0	47	2021-09-20T01:42:40
6.08854	-49.83620	0	47	2021-09-20T01:47:41
6.08790	-49.83706	0	47	2021-09-20T01:52:40
6.08717	-49.83783	0	47	2021-09-20T01:57:40
6.08646	-49.83881	0	47	2021-09-20T02:02:42
6.08569	-49.83977	0	47	2021-09-20T02:07:41
6.08487	-49.84089	0	47	2021-09-20T02:12:41
6.08436	-49.84183	0	47	2021-09-20T02:17:40
6.08345	-49.84274	0	47	2021-09-20T02:22:39
6.08249	-49.84360	0	47	2021-09-20T02:27:41
6.08159	-49.84454	0	47	2021-09-20T02:32:42
6.08071	-49.84552	0	47	2021-09-20T02:37:39
6.07983	-49.84646	0	47	2021-09-20T02:42:40
6.07901	-49.84732	0	47	2021-09-20T02:47:40
6.07822	-49.84833	0	47	2021-09-20T02:52:42
6.07745	-49.84927	0	47	2021-09-20T02:57:39
6.07655	-49.85015	0	47	2021-09-20T03:02:36
6.07573	-49.85101	0	47	2021-09-20T03:07:36
6.07495	-49.85205	0	47	2021-09-20T03:12:59
6.07435	-49.85306	0	47	2021-09-20T03:17:35
6.07368	-49.85413	0	47	2021-09-20T03:22:36
6.07300	-49.85517	0	47	2021-09-20T03:27:36
6.07231	-49.85611	0	47	2021-09-20T03:32:36
6.07159	-49.85699	0	47	2021-09-20T03:37:37
6.07088	-49.85757	0	47	2021-09-20T03:42:39
6.06999	-49.85834	0	47	2021-09-20T03:47:36
6.06913	-49.85907	0	47	2021-09-20T03:52:36
6.06843	-49.85977	0	47	2021-09-20T03:57:36
6.06764	-49.86035	0	47	2021-09-20T04:02:37
6.06689	-49.86108	0	47	2021-09-20T04:07:51
6.06595	-49.86202	0	47	2021-09-20T04:12:36
6.06522	-49.86271	0	47	2021-09-20T04:17:36
6.06449	-49.86340	0	47	2021-09-20T04:22:35
6.06354	-49.86404	0	47	2021-09-20T04:27:35
6.06263	-49.86465	0	47	2021-09-20T04:32:36
6.06170	-49.86535	0	47	2021-09-20T04:37:41
6.06084	-49.86578	0	47	2021-09-20T04:42:41
6.05981	-49.86621	0	47	2021-09-20T04:47:42
6.05887	-49.86676	0	47	2021-09-20T04:52:42
6.05791	-49.86721	0	47	2021-09-20T04:57:44
6.05684	-49.86755	0	47	2021-09-20T05:02:45
6.05566	-49.86795	0	47	2021-09-20T05:07:45
6.05343	-49.86874	0	47	2021-09-20T05:17:44
6.05227	-49.86908	0	47	2021-09-20T05:22:44
6.05120	-49.86951	0	47	2021-09-20T05:27:45
6.04999	-49.86990	0	47	2021-09-20T05:32:46
6.04879	-49.87024	0	47	2021-09-20T05:37:44
6.04765	-49.87057	0	47	2021-09-20T05:42:45
6.04650	-49.87097	0	47	2021-09-20T05:47:44
6.04544	-49.87131	0	47	2021-09-20T05:52:45
6.04438	-49.87179	0	47	2021-09-20T05:57:45
6.04339	-49.87213	0	47	2021-09-20T06:02:44
6.04242	-49.87262	0	47	2021-09-20T06:07:44
6.04137	-49.87338	0	47	2021-09-20T06:12:44
6.04043	-49.87372	0	47	2021-09-20T06:17:43
6.03950	-49.87430	0	47	2021-09-20T06:22:44
6.03847	-49.87485	0	47	2021-09-20T06:27:44
6.03753	-49.87543	0	47	2021-09-20T06:32:45
6.03663	-49.87604	0	47	2021-09-20T06:37:42
6.03565	-49.87674	0	47	2021-09-20T06:42:43
6.03458	-49.87736	0	47	2021-09-20T06:47:43
6.03351	-49.87805	0	47	2021-09-20T06:52:44
6.03259	-49.87878	0	47	2021-09-20T06:57:42
6.03166	-49.87958	0	47	2021-09-20T07:02:43
6.03065	-49.88040	0	47	2021-09-20T07:07:42
6.02952	-49.88123	0	47	2021-09-20T07:13:07
6.02855	-49.88199	0	47	2021-09-20T07:17:45
6.02740	-49.88272	0	47	2021-09-20T07:22:45
6.02627	-49.88350	0	47	2021-09-20T07:27:46
6.02522	-49.88425	0	47	2021-09-20T07:32:46
6.02417	-49.88513	0	47	2021-09-20T07:37:45
6.02317	-49.88596	0	47	2021-09-20T07:42:45
6.02222	-49.88681	0	47	2021-09-20T07:47:46
6.02124	-49.88769	0	47	2021-09-20T07:52:47
6.02021	-49.88846	0	47	2021-09-20T07:57:47
6.01927	-49.88931	0	47	2021-09-20T08:02:49
6.01833	-49.89024	0	47	2021-09-20T08:08:24
6.01726	-49.89127	0	47	2021-09-20T08:13:25
6.01650	-49.89206	0	47	2021-09-20T08:17:47
6.01555	-49.89294	0	47	2021-09-20T08:22:48
6.01462	-49.89386	0	47	2021-09-20T08:27:45
6.01373	-49.89477	0	47	2021-09-20T08:32:43
6.01287	-49.89563	0	47	2021-09-20T08:37:43
6.01207	-49.89651	0	47	2021-09-20T08:42:44
6.01120	-49.89747	0	47	2021-09-20T08:47:40
6.01050	-49.89835	0	47	2021-09-20T08:52:41
6.00970	-49.89935	0	47	2021-09-20T08:57:39
6.00896	-49.90033	0	47	2021-09-20T09:02:40
6.00821	-49.90140	0	47	2021-09-20T09:07:39
6.00735	-49.90247	0	47	2021-09-20T09:13:07
6.00666	-49.90335	0	47	2021-09-20T09:17:42
6.00587	-49.90441	0	47	2021-09-20T09:22:40
6.00518	-49.90543	0	47	2021-09-20T09:27:41
6.00441	-49.90656	0	47	2021-09-20T09:32:41
6.00373	-49.90753	0	47	2021-09-20T09:37:40
6.00309	-49.90860	0	47	2021-09-20T09:42:42
6.00246	-49.90970	0	47	2021-09-20T09:47:40
6.00174	-49.91080	0	47	2021-09-20T09:52:41
6.00117	-49.91193	0	47	2021-09-20T09:57:41
6.00060	-49.91302	0	47	2021-09-20T10:02:42
5.99993	-49.91409	0	47	2021-09-20T10:07:43
5.99922	-49.91531	0	47	2021-09-20T10:13:08
5.99852	-49.91638	0	47	2021-09-20T10:17:42
5.99780	-49.91754	0	47	2021-09-20T10:22:38
5.99700	-49.91867	0	47	2021-09-20T10:27:39
5.99626	-49.91980	0	47	2021-09-20T10:32:40
5.99541	-49.92100	0	47	2021-09-20T10:37:41
5.99464	-49.92212	0	47	2021-09-20T10:42:41
5.99384	-49.92343	0	47	2021-09-20T10:47:41
5.99306	-49.92468	0	47	2021-09-20T10:52:43
5.99243	-49.92628	0	47	2021-09-20T10:57:45
5.99195	-49.92770	0	47	2021-09-20T11:02:44
5.99123	-49.92920	0	47	2021-09-20T11:07:45
5.99051	-49.93079	0	47	2021-09-20T11:13:08
5.98989	-49.93215	0	47	2021-09-20T11:17:43
5.98912	-49.93344	0	47	2021-09-20T11:22:44
5.98839	-49.93481	0	47	2021-09-20T11:27:45
5.98763	-49.93607	0	47	2021-09-20T11:32:41
5.98686	-49.93729	0	47	2021-09-20T11:37:43
5.98608	-49.93852	0	47	2021-09-20T11:42:44
5.98531	-49.93964	0	47	2021-09-20T11:47:44
5.98453	-49.94086	0	47	2021-09-20T11:52:45
5.98379	-49.94205	0	47	2021-09-20T11:57:49
5.98306	-49.94324	0	47	2021-09-20T12:02:51
5.98227	-49.94458	0	47	2021-09-20T12:07:48
5.98147	-49.94608	0	47	2021-09-20T12:13:24
5.98083	-49.94730	0	47	2021-09-20T12:17:49
5.98010	-49.94870	0	47	2021-09-20T12:22:51
5.97939	-49.95004	0	47	2021-09-20T12:27:48
5.97868	-49.95148	0	47	2021-09-20T12:32:52
5.97791	-49.95285	0	47	2021-09-20T12:37:53
5.97718	-49.95428	0	47	2021-09-20T12:42:50
5.97646	-49.95572	0	47	2021-09-20T12:47:48
5.97565	-49.95717	0	47	2021-09-20T12:52:48
5.97488	-49.95871	0	47	2021-09-20T12:57:48
5.97406	-49.96027	0	47	2021-09-20T13:02:47
5.97334	-49.96167	0	47	2021-09-20T13:07:46
5.97251	-49.96328	0	47	2021-09-20T13:12:47
5.97187	-49.96457	0	47	2021-09-20T13:17:47
5.97113	-49.96613	0	47	2021-09-20T13:22:45
5.97046	-49.96771	0	47	2021-09-20T13:27:43
5.96975	-49.96933	0	47	2021-09-20T13:32:43
5.96914	-49.97104	0	47	2021-09-20T13:37:41
5.96848	-49.97281	0	47	2021-09-20T13:42:41
5.96783	-49.97452	0	47	2021-09-20T13:47:38
5.96707	-49.97626	0	47	2021-09-20T13:52:43
5.96638	-49.97806	0	47	2021-09-20T13:57:43
5.96554	-49.97971	0	47	2021-09-20T14:02:41
5.96408	-49.98350	0	47	2021-09-20T14:12:39
5.96361	-49.98504	0	47	2021-09-20T14:17:40
5.96305	-49.98676	0	47	2021-09-20T14:22:40
5.96244	-49.98860	0	47	2021-09-20T14:27:42
5.96180	-49.99040	0	47	2021-09-20T14:32:42
5.96111	-49.99237	0	47	2021-09-20T14:37:43
5.96030	-49.99451	0	47	2021-09-20T14:42:44
5.95927	-49.99647	0	47	2021-09-20T14:47:47
5.95820	-49.99819	0	47	2021-09-20T14:52:46
5.95734	-49.99991	0	47	2021-09-20T14:57:46
5.95647	-50.00171	0	47	2021-09-20T15:02:47
5.95557	-50.00360	0	47	2021-09-20T15:07:45
5.95475	-50.00560	0	47	2021-09-20T15:12:44
5.95417	-50.00729	0	47	2021-09-20T15:17:42
5.95342	-50.00912	0	47	2021-09-20T15:22:43
5.95269	-50.01108	0	47	2021-09-20T15:27:43
5.95193	-50.01297	0	47	2021-09-20T15:32:44
5.95120	-50.01493	0	47	2021-09-20T15:37:44
5.95043	-50.01682	0	47	2021-09-20T15:42:43
5.94960	-50.01880	0	47	2021-09-20T15:47:44
5.94891	-50.02057	0	47	2021-09-20T15:52:41
5.94802	-50.02284	0	47	2021-09-20T15:58:01
5.94720	-50.02481	0	47	2021-09-20T16:03:01
5.94638	-50.02670	0	47	2021-09-20T16:08:01
5.94528	-50.02881	0	47	2021-09-20T16:13:08
5.94444	-50.03076	0	47	2021-09-20T16:17:48
5.94372	-50.03259	0	47	2021-09-20T16:23:01
5.94281	-50.03445	0	47	2021-09-20T16:27:47
5.94175	-50.03647	0	47	2021-09-20T16:32:46
5.94080	-50.03845	0	47	2021-09-20T16:37:48
5.93979	-50.04048	0	47	2021-09-20T16:42:48
5.93885	-50.04245	0	47	2021-09-20T16:47:47
5.93780	-50.04449	0	47	2021-09-20T16:52:47
5.93681	-50.04654	0	47	2021-09-20T16:57:48
5.93578	-50.04846	0	47	2021-09-20T17:02:47
5.93475	-50.05057	0	47	2021-09-20T17:07:49
5.93368	-50.05280	0	47	2021-09-20T17:13:26
5.93284	-50.05471	0	47	2021-09-20T17:17:50
5.93185	-50.05668	0	47	2021-09-20T17:22:49
5.93091	-50.05865	0	47	2021-09-20T17:27:49
5.92993	-50.06061	0	47	2021-09-20T17:32:49
5.92887	-50.06256	0	47	2021-09-20T17:37:49
5.92788	-50.06436	0	47	2021-09-20T17:42:48
5.92692	-50.06619	0	47	2021-09-20T17:47:51
5.92592	-50.06805	0	47	2021-09-20T17:52:50
5.92506	-50.06985	0	47	2021-09-20T17:57:50
5.92424	-50.07166	0	47	2021-09-20T18:02:50
5.92340	-50.07349	0	47	2021-09-20T18:07:51
5.92246	-50.07550	0	47	2021-09-20T18:13:26
5.92091	-50.07892	0	47	2021-09-20T18:22:50
5.92004	-50.08069	0	47	2021-09-20T18:27:52
5.91922	-50.08232	0	47	2021-09-20T18:32:52
5.91840	-50.08386	0	47	2021-09-20T18:37:53
5.91754	-50.08548	0	47	2021-09-20T18:42:51
5.91685	-50.08722	0	47	2021-09-20T18:47:55
5.91613	-50.08890	0	47	2021-09-20T18:52:55
5.91544	-50.09044	0	47	2021-09-20T18:57:55
5.91475	-50.09207	0	47	2021-09-20T19:02:54
5.91417	-50.09366	0	47	2021-09-20T19:07:58
5.91368	-50.09552	0	47	2021-09-20T19:13:26
5.91328	-50.09698	0	47	2021-09-20T19:17:57
5.91287	-50.09863	0	47	2021-09-20T19:22:58
5.91240	-50.10016	0	47	2021-09-20T19:27:58
5.91203	-50.10173	0	47	2021-09-20T19:32:58
5.91160	-50.10327	0	47	2021-09-20T19:37:57
5.91119	-50.10486	0	47	2021-09-20T19:42:57
5.91077	-50.10645	0	47	2021-09-20T19:47:58
5.91040	-50.10810	0	47	2021-09-20T19:52:58
5.91001	-50.10956	0	47	2021-09-20T19:57:58
5.90953	-50.11102	0	47	2021-09-20T20:03:00
5.90906	-50.11256	0	47	2021-09-20T20:07:58
5.90859	-50.11419	0	47	2021-09-20T20:12:58
5.90825	-50.11548	0	47	2021-09-20T20:17:59
5.90781	-50.11688	0	47	2021-09-20T20:22:57
5.90743	-50.11832	0	47	2021-09-20T20:27:57
5.90709	-50.11969	0	47	2021-09-20T20:32:58
5.90680	-50.12103	0	47	2021-09-20T20:37:55
5.90644	-50.12244	0	47	2021-09-20T20:42:58
5.90604	-50.12381	0	47	2021-09-20T20:48:00
5.90566	-50.12523	0	47	2021-09-20T20:53:00
5.90523	-50.12652	0	47	2021-09-20T20:57:59
5.90480	-50.12781	0	47	2021-09-20T21:02:59
5.90437	-50.12916	0	47	2021-09-20T21:08:26
5.90394	-50.13062	0	47	2021-09-20T21:13:26
5.90351	-50.13196	0	47	2021-09-20T21:18:02
5.90313	-50.13332	0	47	2021-09-20T21:22:59
5.90279	-50.13461	0	47	2021-09-20T21:27:59
5.90240	-50.13593	0	47	2021-09-20T21:33:01
5.90205	-50.13739	0	47	2021-09-20T21:38:00
5.90167	-50.13889	0	47	2021-09-20T21:42:59
5.90141	-50.14026	0	47	2021-09-20T21:47:59
5.90122	-50.14163	0	47	2021-09-20T21:53:02
5.90098	-50.14301	0	47	2021-09-20T21:58:03
5.90068	-50.14434	0	47	2021-09-20T22:03:00
5.90034	-50.14554	0	47	2021-09-20T22:07:59
5.89981	-50.14691	0	47	2021-09-20T22:13:25
5.89944	-50.14813	0	47	2021-09-20T22:18:03
5.89900	-50.14951	0	47	2021-09-20T22:23:01
5.89866	-50.15088	0	47	2021-09-20T22:28:02
5.89834	-50.15225	0	47	2021-09-20T22:33:03
5.89798	-50.15375	0	47	2021-09-20T22:38:00
5.89772	-50.15512	0	47	2021-09-20T22:43:00
5.89742	-50.15649	0	47	2021-09-20T22:48:00
5.89709	-50.15802	0	47	2021-09-20T22:52:59
5.89674	-50.15958	0	47	2021-09-20T22:58:02
5.89639	-50.16114	0	47	2021-09-20T23:03:04
5.89605	-50.16260	0	47	2021-09-20T23:08:04
5.89557	-50.16415	0	47	2021-09-20T23:13:26
5.89523	-50.16565	0	47	2021-09-20T23:18:05
5.89493	-50.16727	0	47	2021-09-20T23:23:08
5.89458	-50.16882	0	47	2021-09-20T23:28:07
5.89427	-50.17041	0	47	2021-09-20T23:33:05
5.89386	-50.17212	0	47	2021-09-20T23:38:06
5.89344	-50.17380	0	47	2021-09-20T23:43:06
5.89305	-50.17560	0	47	2021-09-20T23:48:05
5.89252	-50.17743	0	47	2021-09-20T23:53:05
5.89204	-50.17920	0	47	2021-09-20T23:58:06
5.89147	-50.18099	0	47	2021-09-21T00:03:09
5.89091	-50.18262	0	47	2021-09-21T00:08:08
5.89021	-50.18442	0	47	2021-09-21T00:13:24
5.88965	-50.18613	0	47	2021-09-21T00:18:09
5.88908	-50.18796	0	47	2021-09-21T00:23:06
5.88771	-50.19168	0	47	2021-09-21T00:33:04
5.88703	-50.19342	0	47	2021-09-21T00:38:05
5.88634	-50.19516	0	47	2021-09-21T00:43:03
5.88561	-50.19687	0	47	2021-09-21T00:48:05
5.88494	-50.19839	0	47	2021-09-21T00:53:06
5.88434	-50.20007	0	47	2021-09-21T00:58:04
5.88376	-50.20172	0	47	2021-09-21T01:03:05
5.88315	-50.20337	0	47	2021-09-21T01:08:03
5.88248	-50.20524	0	47	2021-09-21T01:13:04
5.88205	-50.20670	0	47	2021-09-21T01:18:04
5.88142	-50.20831	0	47	2021-09-21T01:23:05
5.88084	-50.20987	0	47	2021-09-21T01:28:03
5.88023	-50.21146	0	47	2021-09-21T01:33:06
5.87955	-50.21307	0	47	2021-09-21T01:38:06
5.87895	-50.21466	0	47	2021-09-21T01:43:08
5.87847	-50.21622	0	47	2021-09-21T01:48:06
5.87820	-50.21779	0	47	2021-09-21T01:53:09
5.87803	-50.21933	0	47	2021-09-21T01:58:08
5.87776	-50.22083	0	47	2021-09-21T02:03:11
5.87760	-50.22238	0	47	2021-09-21T02:08:09
5.87745	-50.22412	0	47	2021-09-21T02:13:14
5.87741	-50.22549	0	47	2021-09-21T02:18:14
5.87728	-50.22708	0	47	2021-09-21T02:23:15
5.87717	-50.22861	0	47	2021-09-21T02:28:13
5.87706	-50.23024	0	47	2021-09-21T02:33:13
5.87685	-50.23178	0	47	2021-09-21T02:38:14
5.87672	-50.23337	0	47	2021-09-21T02:43:14
5.87643	-50.23492	0	47	2021-09-21T02:48:12
5.87624	-50.23654	0	47	2021-09-21T02:53:12
5.87591	-50.23823	0	47	2021-09-21T02:58:08
5.87561	-50.23969	0	47	2021-09-21T03:03:07
5.87531	-50.24115	0	47	2021-09-21T03:08:08
5.87482	-50.24268	0	47	2021-09-21T03:13:24
5.87439	-50.24429	0	47	2021-09-21T03:18:09
5.87412	-50.24588	0	47	2021-09-21T03:23:09
5.87370	-50.24738	0	47	2021-09-21T03:28:11
5.87332	-50.24887	0	47	2021-09-21T03:33:12
5.87288	-50.25040	0	47	2021-09-21T03:38:09
5.87254	-50.25186	0	47	2021-09-21T03:43:09
5.87220	-50.25339	0	47	2021-09-21T03:48:10
5.87185	-50.25491	0	47	2021-09-21T03:53:08
5.87154	-50.25650	0	47	2021-09-21T03:58:08
5.87138	-50.25824	0	47	2021-09-21T04:03:09
5.87101	-50.25989	0	47	2021-09-21T04:08:10
5.87056	-50.26154	0	47	2021-09-21T04:13:27
5.87029	-50.26302	0	47	2021-09-21T04:18:08
5.86990	-50.26465	0	47	2021-09-21T04:23:08
5.86957	-50.26634	0	47	2021-09-21T04:28:10
5.86927	-50.26797	0	47	2021-09-21T04:33:10
5.86896	-50.26974	0	47	2021-09-21T04:38:08
5.86849	-50.27135	0	47	2021-09-21T04:43:12
5.86810	-50.27298	0	47	2021-09-21T04:48:12
5.86782	-50.27469	0	47	2021-09-21T04:53:10
5.86765	-50.27640	0	47	2021-09-21T04:58:08
5.86743	-50.27814	0	47	2021-09-21T05:03:11
5.86718	-50.27994	0	47	2021-09-21T05:08:09
5.86686	-50.28186	0	47	2021-09-21T05:13:25
5.86657	-50.28360	0	47	2021-09-21T05:18:13
5.86624	-50.28546	0	47	2021-09-21T05:23:12
5.86598	-50.28735	0	47	2021-09-21T05:28:12
5.86571	-50.28925	0	47	2021-09-21T05:33:13
5.86546	-50.29130	0	47	2021-09-21T05:38:14
5.86533	-50.29327	0	47	2021-09-21T05:43:14
5.86514	-50.29526	0	47	2021-09-21T05:48:12
5.86505	-50.29718	0	47	2021-09-21T05:53:15
5.86493	-50.29913	0	47	2021-09-21T05:58:13
5.86474	-50.30110	0	47	2021-09-21T06:03:13
5.86470	-50.30307	0	47	2021-09-21T06:08:12
5.86452	-50.30515	0	47	2021-09-21T06:13:12
5.86439	-50.30695	0	47	2021-09-21T06:18:13
5.86425	-50.30902	0	47	2021-09-21T06:23:14
5.86418	-50.31107	0	47	2021-09-21T06:28:15
5.86392	-50.31314	0	47	2021-09-21T06:33:14
5.86375	-50.31525	0	47	2021-09-21T06:38:12
5.86371	-50.31744	0	47	2021-09-21T06:43:13
5.86371	-50.31955	0	47	2021-09-21T06:48:14
5.86371	-50.32169	0	47	2021-09-21T06:53:14
5.86367	-50.32385	0	47	2021-09-21T06:58:12
5.86370	-50.32608	0	47	2021-09-21T07:03:13
5.86368	-50.32847	0	47	2021-09-21T07:08:11
5.86364	-50.33104	0	47	2021-09-21T07:13:11
5.86360	-50.33319	0	47	2021-09-21T07:18:12
5.86347	-50.33557	0	47	2021-09-21T07:23:12
5.86329	-50.33791	0	47	2021-09-21T07:28:12
5.86316	-50.34031	0	47	2021-09-21T07:33:11
5.86299	-50.34271	0	47	2021-09-21T07:38:11
5.86280	-50.34515	0	47	2021-09-21T07:43:05
5.86265	-50.34750	0	47	2021-09-21T07:48:05
5.86241	-50.34991	0	47	2021-09-21T07:53:07
5.86224	-50.35223	0	47	2021-09-21T07:58:07
5.86214	-50.35449	0	47	2021-09-21T08:03:04
5.86196	-50.35678	0	47	2021-09-21T08:08:05
5.86165	-50.35927	0	47	2021-09-21T08:13:01
5.86148	-50.36142	0	47	2021-09-21T08:18:01
5.86131	-50.36365	0	47	2021-09-21T08:23:00
5.86116	-50.36600	0	47	2021-09-21T08:27:59
5.86101	-50.36829	0	47	2021-09-21T08:33:08
5.86094	-50.37048	0	47	2021-09-21T08:37:58
5.86089	-50.37283	0	47	2021-09-21T08:42:58
5.86080	-50.37506	0	47	2021-09-21T08:47:57
5.86071	-50.37741	0	47	2021-09-21T08:52:58
5.86067	-50.37973	0	47	2021-09-21T08:57:58
5.86062	-50.38208	0	47	2021-09-21T09:02:59
5.86054	-50.38434	0	47	2021-09-21T09:07:56
5.86049	-50.38681	0	47	2021-09-21T09:13:27
5.86048	-50.38885	0	47	2021-09-21T09:17:54
5.86047	-50.39116	0	47	2021-09-21T09:22:55
5.86047	-50.39331	0	47	2021-09-21T09:27:55
5.86042	-50.39548	0	47	2021-09-21T09:32:52
5.86038	-50.39771	0	47	2021-09-21T09:37:53
5.86040	-50.39996	0	47	2021-09-21T09:42:50
5.86041	-50.40225	0	47	2021-09-21T09:47:47
5.86042	-50.40451	0	47	2021-09-21T09:52:48
5.86049	-50.40677	0	47	2021-09-21T09:57:46
5.86067	-50.40903	0	47	2021-09-21T10:02:46
5.86087	-50.41140	0	47	2021-09-21T10:08:25
5.86108	-50.41406	0	47	2021-09-21T10:13:26
5.86127	-50.41608	0	47	2021-09-21T10:17:45
5.86149	-50.41839	0	47	2021-09-21T10:22:49
5.86179	-50.42062	0	47	2021-09-21T10:27:49
5.86216	-50.42279	0	47	2021-09-21T10:32:47
5.86249	-50.42499	0	47	2021-09-21T10:37:48
5.86278	-50.42715	0	47	2021-09-21T10:42:45
5.86316	-50.42938	0	47	2021-09-21T10:47:46
5.86357	-50.43170	0	47	2021-09-21T10:52:43
5.86396	-50.43399	0	47	2021-09-21T10:57:40
5.86441	-50.43633	0	47	2021-09-21T11:02:38
5.86484	-50.43848	0	47	2021-09-21T11:07:38
5.86536	-50.44073	0	47	2021-09-21T11:12:54
5.86589	-50.44284	0	47	2021-09-21T11:17:36
5.86644	-50.44495	0	47	2021-09-21T11:22:35
5.86698	-50.44708	0	47	2021-09-21T11:27:36
5.86757	-50.44925	0	47	2021-09-21T11:32:37
5.86814	-50.45151	0	47	2021-09-21T11:37:34
5.86872	-50.45375	0	47	2021-09-21T11:42:33
5.86928	-50.45590	0	47	2021-09-21T11:47:33
5.86995	-50.45795	0	47	2021-09-21T11:52:34
5.87066	-50.45993	0	47	2021-09-21T11:57:32
5.87131	-50.46191	0	47	2021-09-21T12:02:35
5.87199	-50.46393	0	47	2021-09-21T12:07:33
5.87277	-50.46603	0	47	2021-09-21T12:12:56
5.87348	-50.46786	0	47	2021-09-21T12:17:34
5.87420	-50.46988	0	47	2021-09-21T12:22:32
5.87495	-50.47195	0	47	2021-09-21T12:27:35
5.87567	-50.47403	0	47	2021-09-21T12:32:37
5.87638	-50.47614	0	47	2021-09-21T12:37:38
5.87707	-50.47830	0	47	2021-09-21T12:42:39
5.87775	-50.48035	0	47	2021-09-21T12:47:39
5.87842	-50.48251	0	47	2021-09-21T12:52:41
5.87908	-50.48456	0	47	2021-09-21T12:57:38
5.87979	-50.48669	0	47	2021-09-21T13:02:39
5.88051	-50.48880	0	47	2021-09-21T13:07:42
5.88124	-50.49100	0	47	2021-09-21T13:13:07
5.88184	-50.49292	0	47	2021-09-21T13:17:38
5.88259	-50.49500	0	47	2021-09-21T13:22:38
5.88325	-50.49689	0	47	2021-09-21T13:27:39
5.88397	-50.49884	0	47	2021-09-21T13:32:42
5.88466	-50.50073	0	47	2021-09-21T13:37:41
5.88530	-50.50259	0	47	2021-09-21T13:42:44
5.88599	-50.50461	0	47	2021-09-21T13:47:43
5.88659	-50.50650	0	47	2021-09-21T13:52:43
5.88723	-50.50839	0	47	2021-09-21T13:57:44
5.88789	-50.51035	0	47	2021-09-21T14:02:45
5.88852	-50.51236	0	47	2021-09-21T14:07:46
5.88918	-50.51462	0	47	2021-09-21T14:13:24
5.88976	-50.51639	0	47	2021-09-21T14:17:48
5.89027	-50.51828	0	47	2021-09-21T14:22:48
5.89073	-50.52014	0	47	2021-09-21T14:27:46
5.89118	-50.52197	0	47	2021-09-21T14:32:43
5.89159	-50.52377	0	47	2021-09-21T14:37:44
5.89204	-50.52557	0	47	2021-09-21T14:42:43
5.89304	-50.52921	0	47	2021-09-21T14:52:41
5.89338	-50.53093	0	47	2021-09-21T14:57:41
5.89377	-50.53265	0	47	2021-09-21T15:02:40
5.89421	-50.53427	0	47	2021-09-21T15:07:41
5.89467	-50.53601	0	47	2021-09-21T15:13:07
5.89507	-50.53748	0	47	2021-09-21T15:17:42
5.89552	-50.53909	0	47	2021-09-21T15:22:39
5.89600	-50.54071	0	47	2021-09-21T15:27:43
5.89633	-50.54224	0	47	2021-09-21T15:32:44
5.89673	-50.54379	0	47	2021-09-21T15:37:42
5.89707	-50.54529	0	47	2021-09-21T15:42:43
5.89728	-50.54683	0	47	2021-09-21T15:47:43
5.89758	-50.54837	0	47	2021-09-21T15:52:44
5.89786	-50.54990	0	47	2021-09-21T15:57:45
5.89835	-50.55137	0	47	2021-09-21T16:03:25
5.89859	-50.55276	0	47	2021-09-21T16:07:47
5.89874	-50.55463	0	47	2021-09-21T16:13:25
5.89891	-50.55603	0	47	2021-09-21T16:17:47
5.89908	-50.55769	0	47	2021-09-21T16:22:48
5.89925	-50.55923	0	47	2021-09-21T16:27:47
5.89941	-50.56079	0	47	2021-09-21T16:32:47
5.89954	-50.56238	0	47	2021-09-21T16:37:47
5.89967	-50.56399	0	47	2021-09-21T16:42:42
5.89980	-50.56553	0	47	2021-09-21T16:47:42
5.89989	-50.56699	0	47	2021-09-21T16:52:43
5.90009	-50.56845	0	47	2021-09-21T16:57:43
5.90034	-50.56983	0	47	2021-09-21T17:02:44
5.90055	-50.57129	0	47	2021-09-21T17:07:44
5.90099	-50.57285	0	47	2021-09-21T17:13:06
5.90128	-50.57416	0	47	2021-09-21T17:17:46
5.90168	-50.57562	0	47	2021-09-21T17:22:44
5.90203	-50.57703	0	47	2021-09-21T17:27:48
5.90229	-50.57840	0	47	2021-09-21T17:32:47
5.90266	-50.57977	0	47	2021-09-21T17:37:49
5.90300	-50.58102	0	47	2021-09-21T17:42:48
5.90345	-50.58245	0	47	2021-09-21T17:47:51
5.90384	-50.58374	0	47	2021-09-21T17:52:50
5.90433	-50.58505	0	47	2021-09-21T17:57:49
5.90481	-50.58636	0	47	2021-09-21T18:02:47
5.90529	-50.58759	0	47	2021-09-21T18:07:48
5.90580	-50.58896	0	47	2021-09-21T18:13:27
5.90619	-50.59013	0	47	2021-09-21T18:17:49
5.90658	-50.59133	0	47	2021-09-21T18:22:49
5.90701	-50.59262	0	47	2021-09-21T18:27:48
5.90734	-50.59387	0	47	2021-09-21T18:32:47
5.90766	-50.59506	0	47	2021-09-21T18:37:49
5.90798	-50.59631	0	47	2021-09-21T18:42:46
5.90828	-50.59753	0	47	2021-09-21T18:47:43
5.90869	-50.59875	0	47	2021-09-21T18:52:44
5.90906	-50.60000	0	47	2021-09-21T18:57:45
5.90940	-50.60120	0	47	2021-09-21T19:02:46
5.90980	-50.60251	0	47	2021-09-21T19:07:43
5.91029	-50.60391	0	47	2021-09-21T19:13:08
5.91072	-50.60518	0	47	2021-09-21T19:17:45
5.91111	-50.60638	0	47	2021-09-21T19:22:45
5.91152	-50.60757	0	47	2021-09-21T19:27:43
5.91193	-50.60884	0	47	2021-09-21T19:32:43
5.91232	-50.61004	0	47	2021-09-21T19:37:43
5.91275	-50.61124	0	47	2021-09-21T19:42:42
5.91319	-50.61246	0	47	2021-09-21T19:47:43
5.91365	-50.61377	0	47	2021-09-21T19:52:46
5.91404	-50.61510	0	47	2021-09-21T19:57:44
5.91443	-50.61639	0	47	2021-09-21T20:02:45
5.91481	-50.61765	0	47	2021-09-21T20:07:42
5.91516	-50.61928	0	47	2021-09-21T20:12:43
5.91537	-50.62048	0	47	2021-09-21T20:17:43
5.91563	-50.62177	0	47	2021-09-21T20:22:44
5.91593	-50.62308	0	47	2021-09-21T20:27:41
5.91622	-50.62439	0	47	2021-09-21T20:32:38
5.91656	-50.62573	0	47	2021-09-21T20:37:36
5.91678	-50.62708	0	47	2021-09-21T20:42:37
5.91710	-50.62848	0	47	2021-09-21T20:47:37
5.91732	-50.62988	0	47	2021-09-21T20:52:34
5.91760	-50.63123	0	47	2021-09-21T20:57:36
5.91778	-50.63257	0	47	2021-09-21T21:02:39
5.91793	-50.63391	0	47	2021-09-21T21:07:39
5.91864	-50.63808	0	47	2021-09-21T21:22:42
5.91885	-50.63937	0	47	2021-09-21T21:27:41
5.91906	-50.64066	0	47	2021-09-21T21:32:41
5.91923	-50.64203	0	47	2021-09-21T21:37:40
5.91947	-50.64337	0	47	2021-09-21T21:42:39
5.91972	-50.64478	0	47	2021-09-21T21:47:40
5.91987	-50.64615	0	47	2021-09-21T21:52:40
5.92001	-50.64752	0	47	2021-09-21T21:57:41
5.92018	-50.64890	0	47	2021-09-21T22:02:42
5.92045	-50.65021	0	47	2021-09-21T22:07:55
5.92062	-50.65158	0	47	2021-09-21T22:12:55
5.92077	-50.65286	0	47	2021-09-21T22:17:38
5.92099	-50.65424	0	47	2021-09-21T22:22:40
5.92122	-50.65567	0	47	2021-09-21T22:27:39
5.92148	-50.65704	0	47	2021-09-21T22:32:40
5.92168	-50.65842	0	47	2021-09-21T22:37:39
5.92185	-50.65988	0	47	2021-09-21T22:42:41
5.92208	-50.66122	0	47	2021-09-21T22:47:41
5.92303	-50.66525	0	47	2021-09-21T23:02:44
5.92334	-50.66656	0	47	2021-09-21T23:08:08
5.92355	-50.66785	0	47	2021-09-21T23:13:08
5.92380	-50.66901	0	47	2021-09-21T23:17:47
5.92407	-50.67020	0	47	2021-09-21T23:22:45
5.92440	-50.67139	0	47	2021-09-21T23:27:48
5.92487	-50.67258	0	47	2021-09-21T23:32:46
5.92527	-50.67368	0	47	2021-09-21T23:37:46
5.92569	-50.67477	0	47	2021-09-21T23:42:48
5.92608	-50.67590	0	47	2021-09-21T23:47:47
5.92650	-50.67703	0	47	2021-09-21T23:52:49
5.92691	-50.67822	0	47	2021-09-21T23:57:50
5.92732	-50.67929	0	47	2021-09-22T00:02:54
5.92771	-50.68054	0	47	2021-09-22T00:07:52
5.92809	-50.68189	0	47	2021-09-22T00:12:49
5.92835	-50.68283	0	47	2021-09-22T00:17:49
5.92863	-50.68387	0	47	2021-09-22T00:22:50
5.92885	-50.68481	0	47	2021-09-22T00:27:48
5.92907	-50.68570	0	47	2021-09-22T00:32:49
5.92931	-50.68665	0	47	2021-09-22T00:37:49
5.92948	-50.68759	0	47	2021-09-22T00:42:50
5.92962	-50.68856	0	47	2021-09-22T00:47:50
5.92971	-50.68942	0	47	2021-09-22T00:52:49
5.92971	-50.69027	0	47	2021-09-22T00:57:46
5.92975	-50.69113	0	47	2021-09-22T01:02:46
5.92984	-50.69196	0	47	2021-09-22T01:07:47
5.92988	-50.69292	0	47	2021-09-22T01:12:48
5.92979	-50.69352	0	47	2021-09-22T01:17:49
5.92970	-50.69421	0	47	2021-09-22T01:22:49
5.92962	-50.69492	0	47	2021-09-22T01:27:50
5.92949	-50.69565	0	47	2021-09-22T01:32:52
5.92938	-50.69656	0	47	2021-09-22T01:37:53
5.92925	-50.69725	0	47	2021-09-22T01:42:53
5.92908	-50.69794	0	47	2021-09-22T01:47:54
5.92882	-50.69870	0	47	2021-09-22T01:52:51
5.92850	-50.69944	0	47	2021-09-22T01:57:49
5.92820	-50.70013	0	47	2021-09-22T02:02:49
5.92789	-50.70087	0	47	2021-09-22T02:07:49
5.92748	-50.70174	0	47	2021-09-22T02:12:50
5.92727	-50.70234	0	47	2021-09-22T02:17:51
5.92697	-50.70303	0	47	2021-09-22T02:22:51
5.92660	-50.70380	0	47	2021-09-22T02:27:45
5.92626	-50.70459	0	47	2021-09-22T02:32:47
5.92590	-50.70538	0	47	2021-09-22T02:37:50
5.92559	-50.70630	0	47	2021-09-22T02:42:51
5.92528	-50.70728	0	47	2021-09-22T02:47:49
5.92496	-50.70822	0	47	2021-09-22T02:52:50
5.92465	-50.70917	0	47	2021-09-22T02:57:49
5.92425	-50.71012	0	47	2021-09-22T03:02:48
5.92395	-50.71106	0	47	2021-09-22T03:07:48
5.92351	-50.71222	0	47	2021-09-22T03:13:27
5.92321	-50.71313	0	47	2021-09-22T03:17:49
5.92288	-50.71414	0	47	2021-09-22T03:22:49
5.92252	-50.71524	0	47	2021-09-22T03:27:47
5.92219	-50.71622	0	47	2021-09-22T03:32:44
5.92186	-50.71735	0	47	2021-09-22T03:37:44
5.92151	-50.71844	0	47	2021-09-22T03:42:41
5.92110	-50.71955	0	47	2021-09-22T03:47:39
5.92071	-50.72058	0	47	2021-09-22T03:52:39
5.92035	-50.72162	0	47	2021-09-22T03:57:40
5.91995	-50.72284	0	47	2021-09-22T04:02:54
5.91961	-50.72387	0	47	2021-09-22T04:07:55
5.91927	-50.72507	0	47	2021-09-22T04:12:55
5.91888	-50.72617	0	47	2021-09-22T04:17:37
5.91849	-50.72736	0	47	2021-09-22T04:22:37
5.91812	-50.72858	0	47	2021-09-22T04:27:38
5.91773	-50.72977	0	47	2021-09-22T04:32:35
5.91744	-50.73099	0	47	2021-09-22T04:37:35
5.91717	-50.73215	0	47	2021-09-22T04:42:33
5.91690	-50.73329	0	47	2021-09-22T04:47:31
5.91673	-50.73441	0	47	2021-09-22T04:52:31
5.91660	-50.73553	0	47	2021-09-22T04:57:31
5.91641	-50.73663	0	47	2021-09-22T05:02:29
5.91628	-50.73779	0	47	2021-09-22T05:07:34
5.91607	-50.73905	0	47	2021-09-22T05:12:30
5.91598	-50.74008	0	47	2021-09-22T05:17:29
5.91590	-50.74133	0	47	2021-09-22T05:22:28
5.91584	-50.74255	0	47	2021-09-22T05:27:29
5.91580	-50.74371	0	47	2021-09-22T05:32:27
5.91571	-50.74487	0	47	2021-09-22T05:37:28
5.91568	-50.74606	0	47	2021-09-22T05:42:31
5.91561	-50.74728	0	47	2021-09-22T05:47:29
5.91552	-50.74853	0	47	2021-09-22T05:52:29
5.91539	-50.74973	0	47	2021-09-22T05:57:28
5.91510	-50.75089	0	47	2021-09-22T06:02:29
5.91487	-50.75204	0	47	2021-09-22T06:07:32
5.91470	-50.75330	0	47	2021-09-22T06:12:57
5.91449	-50.75443	0	47	2021-09-22T06:17:27
5.91431	-50.75565	0	47	2021-09-22T06:22:28
5.91415	-50.75684	0	47	2021-09-22T06:27:27
5.91386	-50.75806	0	47	2021-09-22T06:32:28
5.91365	-50.75931	0	47	2021-09-22T06:37:30
5.91352	-50.76059	0	47	2021-09-22T06:42:27
5.91341	-50.76181	0	47	2021-09-22T06:47:25
5.91318	-50.76303	0	47	2021-09-22T06:52:26
5.91297	-50.76439	0	47	2021-09-22T06:57:26
5.91276	-50.76559	0	47	2021-09-22T07:02:26
5.91251	-50.76688	0	47	2021-09-22T07:07:24
5.91219	-50.76834	0	47	2021-09-22T07:12:55
5.91185	-50.76960	0	47	2021-09-22T07:17:26
5.91159	-50.77094	0	47	2021-09-22T07:22:27
5.91133	-50.77234	0	47	2021-09-22T07:27:27
5.91097	-50.77365	0	47	2021-09-22T07:32:28
5.91040	-50.77504	0	47	2021-09-22T07:37:28
5.90984	-50.77624	0	47	2021-09-22T07:42:28
5.90924	-50.77744	0	47	2021-09-22T07:47:27
5.90869	-50.77869	0	47	2021-09-22T07:52:26
5.90825	-50.78000	0	47	2021-09-22T07:57:28
5.90789	-50.78137	0	47	2021-09-22T08:02:32
5.90753	-50.78278	0	47	2021-09-22T08:07:27
5.90716	-50.78433	0	47	2021-09-22T08:12:57
5.90649	-50.78706	0	47	2021-09-22T08:22:29
5.90623	-50.78852	0	47	2021-09-22T08:27:29
5.90593	-50.78989	0	47	2021-09-22T08:32:29
5.90557	-50.79135	0	47	2021-09-22T08:37:27
5.90518	-50.79272	0	47	2021-09-22T08:42:27
5.90483	-50.79413	0	47	2021-09-22T08:47:24
5.90450	-50.79556	0	47	2021-09-22T08:52:26
5.90421	-50.79700	0	47	2021-09-22T08:57:23
5.90396	-50.79837	0	47	2021-09-22T09:02:25
5.90376	-50.79980	0	47	2021-09-22T09:07:24
5.90353	-50.80132	0	47	2021-09-22T09:12:23
5.90336	-50.80252	0	47	2021-09-22T09:17:23
5.90322	-50.80383	0	47	2021-09-22T09:22:21
5.90313	-50.80508	0	47	2021-09-22T09:27:24
5.90303	-50.80640	0	47	2021-09-22T09:32:22
5.90291	-50.80768	0	47	2021-09-22T09:37:22
5.90279	-50.80914	0	47	2021-09-22T09:42:20
5.90270	-50.81059	0	47	2021-09-22T09:47:21
5.90265	-50.81189	0	47	2021-09-22T09:52:20
5.90275	-50.81317	0	47	2021-09-22T09:57:22
5.90302	-50.81439	0	47	2021-09-22T10:02:19
5.90347	-50.81577	0	47	2021-09-22T10:07:20
5.90406	-50.81726	0	47	2021-09-22T10:12:55
5.90454	-50.81839	0	47	2021-09-22T10:17:21
5.90507	-50.81961	0	47	2021-09-22T10:22:19
5.90551	-50.82094	0	47	2021-09-22T10:27:23
5.90585	-50.82223	0	47	2021-09-22T10:32:24
5.90636	-50.82343	0	47	2021-09-22T10:37:24
5.90695	-50.82458	0	47	2021-09-22T10:42:26
5.90750	-50.82565	0	47	2021-09-22T10:47:26
5.90801	-50.82684	0	47	2021-09-22T10:52:28
5.90833	-50.82803	0	47	2021-09-22T10:57:25
5.90860	-50.82919	0	47	2021-09-22T11:02:24
5.90888	-50.83043	0	47	2021-09-22T11:07:54
5.90922	-50.83163	0	47	2021-09-22T11:12:54
5.90951	-50.83270	0	47	2021-09-22T11:17:23
5.90979	-50.83392	0	47	2021-09-22T11:22:20
5.90991	-50.83524	0	47	2021-09-22T11:27:21
5.90997	-50.83652	0	47	2021-09-22T11:32:19
5.91007	-50.83780	0	47	2021-09-22T11:37:20
5.91011	-50.83911	0	47	2021-09-22T11:42:19
5.91018	-50.84048	0	47	2021-09-22T11:47:17
5.91017	-50.84186	0	47	2021-09-22T11:52:18
5.91005	-50.84332	0	47	2021-09-22T11:57:19
5.90991	-50.84482	0	47	2021-09-22T12:02:20
5.90978	-50.84631	0	47	2021-09-22T12:07:17
5.90955	-50.84821	0	47	2021-09-22T12:12:57
5.90933	-50.84963	0	47	2021-09-22T12:17:14
5.90915	-50.85110	0	47	2021-09-22T12:22:16
5.90891	-50.85263	0	47	2021-09-22T12:27:13
5.90863	-50.85425	0	47	2021-09-22T12:32:13
5.90835	-50.85590	0	47	2021-09-22T12:37:14
5.90809	-50.85752	0	47	2021-09-22T12:42:12
5.90779	-50.85898	0	47	2021-09-22T12:47:13
5.90757	-50.86044	0	47	2021-09-22T12:52:10
5.90742	-50.86185	0	47	2021-09-22T12:57:10
5.90729	-50.86329	0	47	2021-09-22T13:02:08
5.90720	-50.86475	0	47	2021-09-22T13:07:08
5.90710	-50.86636	0	47	2021-09-22T13:12:36
5.90703	-50.86765	0	47	2021-09-22T13:17:11
5.90689	-50.86914	0	47	2021-09-22T13:22:11
5.90680	-50.87051	0	47	2021-09-22T13:27:11
5.90670	-50.87195	0	47	2021-09-22T13:32:09
5.90664	-50.87335	0	47	2021-09-22T13:37:10
5.90650	-50.87491	0	47	2021-09-22T13:42:10
5.90641	-50.87628	0	47	2021-09-22T13:47:11
5.90636	-50.87769	0	47	2021-09-22T13:52:08
5.90630	-50.87916	0	47	2021-09-22T13:57:09
5.90630	-50.88045	0	47	2021-09-22T14:02:10
5.90630	-50.88174	0	47	2021-09-22T14:07:10
5.90627	-50.88318	0	47	2021-09-22T14:12:24
5.90614	-50.88453	0	47	2021-09-22T14:17:07
5.90614	-50.88590	0	47	2021-09-22T14:22:06
5.90614	-50.88727	0	47	2021-09-22T14:27:07
5.90612	-50.88873	0	47	2021-09-22T14:32:07
5.90607	-50.89020	0	47	2021-09-22T14:37:07
5.90598	-50.89166	0	47	2021-09-22T14:42:06
5.90585	-50.89310	0	47	2021-09-22T14:47:06
5.90574	-50.89456	0	47	2021-09-22T14:52:04
5.90568	-50.89597	0	47	2021-09-22T14:57:05
5.90564	-50.89743	0	47	2021-09-22T15:02:05
5.90564	-50.89880	0	47	2021-09-22T15:07:06
5.90555	-50.90039	0	47	2021-09-22T15:12:26
5.90539	-50.90179	0	47	2021-09-22T15:17:07
5.90526	-50.90317	0	47	2021-09-22T15:22:04
5.90518	-50.90460	0	47	2021-09-22T15:27:06
5.90512	-50.90598	0	47	2021-09-22T15:32:05
5.90507	-50.90735	0	47	2021-09-22T15:37:04
5.90507	-50.90872	0	47	2021-09-22T15:42:04
5.90503	-50.91023	0	47	2021-09-22T15:47:01
5.90494	-50.91152	0	47	2021-09-22T15:52:01
5.90494	-50.91281	0	47	2021-09-22T15:57:01
5.90506	-50.91418	0	47	2021-09-22T16:02:04
5.90499	-50.91553	0	47	2021-09-22T16:07:01
5.90497	-50.91710	0	47	2021-09-22T16:11:57
5.90487	-50.91821	0	47	2021-09-22T16:16:59
5.90488	-50.91934	0	47	2021-09-22T16:21:56
5.90501	-50.92056	0	47	2021-09-22T16:26:57
5.90524	-50.92174	0	47	2021-09-22T16:31:56
5.90533	-50.92294	0	47	2021-09-22T16:36:55
5.90546	-50.92413	0	47	2021-09-22T16:41:55
5.90572	-50.92532	0	47	2021-09-22T16:46:53
5.90601	-50.92661	0	47	2021-09-22T16:51:54
5.90627	-50.92773	0	47	2021-09-22T16:56:54
5.90657	-50.92886	0	47	2021-09-22T17:01:55
5.90691	-50.93005	0	47	2021-09-22T17:06:56
5.90725	-50.93137	0	47	2021-09-22T17:12:28
5.90757	-50.93234	0	47	2021-09-22T17:16:58
5.90790	-50.93344	0	47	2021-09-22T17:21:58
5.90825	-50.93454	0	47	2021-09-22T17:26:59
5.90863	-50.93558	0	47	2021-09-22T17:32:02
5.90893	-50.93661	0	47	2021-09-22T17:37:01
5.90927	-50.93762	0	47	2021-09-22T17:42:01
5.90956	-50.93869	0	47	2021-09-22T17:47:03
5.90982	-50.93977	0	47	2021-09-22T17:52:04
5.91008	-50.94089	0	47	2021-09-22T17:57:04
5.91031	-50.94190	0	47	2021-09-22T18:02:07
5.91052	-50.94293	0	47	2021-09-22T18:07:06
5.91078	-50.94400	0	47	2021-09-22T18:12:26
5.91104	-50.94501	0	47	2021-09-22T18:17:08
5.91134	-50.94605	0	47	2021-09-22T18:22:09
5.91151	-50.94699	0	47	2021-09-22T18:27:09
5.91172	-50.94809	0	47	2021-09-22T18:32:05
5.91188	-50.94922	0	47	2021-09-22T18:37:10
5.91200	-50.95029	0	47	2021-09-22T18:42:04
5.91210	-50.95133	0	47	2021-09-22T18:47:08
5.91223	-50.95245	0	47	2021-09-22T18:52:08
5.91234	-50.95358	0	47	2021-09-22T18:57:09
5.91241	-50.95466	0	47	2021-09-22T19:02:10
5.91241	-50.95569	0	47	2021-09-22T19:07:09
5.91237	-50.95685	0	47	2021-09-22T19:12:25
5.91233	-50.95789	0	47	2021-09-22T19:17:13
5.91231	-50.95899	0	47	2021-09-22T19:22:10
5.91231	-50.96011	0	47	2021-09-22T19:27:09
5.91230	-50.96130	0	47	2021-09-22T19:32:08
5.91230	-50.96249	0	47	2021-09-22T19:37:10
5.91223	-50.96367	0	47	2021-09-22T19:42:10
5.91219	-50.96479	0	47	2021-09-22T19:47:11
5.91215	-50.96591	0	47	2021-09-22T19:52:11
5.91208	-50.96698	0	47	2021-09-22T19:57:09
5.91199	-50.96818	0	47	2021-09-22T20:02:13
5.91190	-50.96912	0	47	2021-09-22T20:07:13
5.91174	-50.97015	0	47	2021-09-22T20:12:26
5.91160	-50.97116	0	47	2021-09-22T20:17:07
5.91148	-50.97220	0	47	2021-09-22T20:22:08
5.91132	-50.97327	0	47	2021-09-22T20:27:07
5.91111	-50.97421	0	47	2021-09-22T20:32:07
5.91082	-50.97525	0	47	2021-09-22T20:37:05
5.91049	-50.97632	0	47	2021-09-22T20:42:09
5.91016	-50.97737	0	47	2021-09-22T20:47:11
5.90986	-50.97840	0	47	2021-09-22T20:52:11
5.90956	-50.97934	0	47	2021-09-22T20:57:12
5.90914	-50.98032	0	47	2021-09-22T21:02:13
5.90879	-50.98132	0	47	2021-09-22T21:07:10
5.90829	-50.98236	0	47	2021-09-22T21:12:26
5.90784	-50.98325	0	47	2021-09-22T21:17:06
5.90745	-50.98419	0	47	2021-09-22T21:22:05
5.90690	-50.98518	0	47	2021-09-22T21:27:01
5.90639	-50.98621	0	47	2021-09-22T21:32:01
5.90588	-50.98724	0	47	2021-09-22T21:37:00
5.90534	-50.98831	0	47	2021-09-22T21:42:01
5.90474	-50.98935	0	47	2021-09-22T21:47:04
5.90405	-50.99046	0	47	2021-09-22T21:52:01
5.90349	-50.99149	0	47	2021-09-22T21:57:01
5.90298	-50.99252	0	47	2021-09-22T22:02:00
5.90236	-50.99359	0	47	2021-09-22T22:07:03
5.90178	-50.99475	0	47	2021-09-22T22:12:25
5.90106	-50.99591	0	47	2021-09-22T22:17:03
5.90046	-50.99704	0	47	2021-09-22T22:22:03
5.89989	-50.99820	0	47	2021-09-22T22:27:04
5.89943	-50.99940	0	47	2021-09-22T22:32:02
5.89922	-51.00052	0	47	2021-09-22T22:37:02
5.89908	-51.00171	0	47	2021-09-22T22:42:07
5.89880	-51.00293	0	47	2021-09-22T22:47:03
5.89834	-51.00423	0	47	2021-09-22T22:52:05
5.89791	-51.00543	0	47	2021-09-22T22:57:05
5.89752	-51.00674	0	47	2021-09-22T23:02:03
5.89721	-51.00803	0	47	2021-09-22T23:07:06
5.89679	-51.00929	0	47	2021-09-22T23:12:07
5.89632	-51.01041	0	47	2021-09-22T23:17:07
5.89595	-51.01163	0	47	2021-09-22T23:22:05
5.89560	-51.01282	0	47	2021-09-22T23:27:07
5.89526	-51.01408	0	47	2021-09-22T23:32:08
5.89487	-51.01520	0	47	2021-09-22T23:37:08
5.89453	-51.01636	0	47	2021-09-22T23:42:10
5.89419	-51.01752	0	47	2021-09-22T23:47:09
5.89388	-51.01871	0	47	2021-09-22T23:52:06
5.89361	-51.01996	0	47	2021-09-22T23:57:08
5.89344	-51.02132	0	47	2021-09-23T00:02:25
5.89314	-51.02255	0	47	2021-09-23T00:07:10
5.89288	-51.02390	0	47	2021-09-23T00:12:26
5.89256	-51.02505	0	47	2021-09-23T00:17:08
5.89220	-51.02634	0	47	2021-09-23T00:22:08
5.89186	-51.02771	0	47	2021-09-23T00:27:09
5.89153	-51.02908	0	47	2021-09-23T00:32:07
5.89114	-51.03043	0	47	2021-09-23T00:37:11
5.89080	-51.03183	0	47	2021-09-23T00:42:09
5.89037	-51.03323	0	47	2021-09-23T00:47:09
5.88994	-51.03452	0	47	2021-09-23T00:52:10
5.88949	-51.03580	0	47	2021-09-23T00:57:10
5.88900	-51.03699	0	47	2021-09-23T01:02:08
5.88852	-51.03824	0	47	2021-09-23T01:07:08
5.88797	-51.03961	0	47	2021-09-23T01:12:27
5.88748	-51.04099	0	47	2021-09-23T01:17:06
5.88688	-51.04255	0	47	2021-09-23T01:22:03
5.88628	-51.04384	0	47	2021-09-23T01:27:04
5.88564	-51.04504	0	47	2021-09-23T01:32:04
5.88500	-51.04626	0	47	2021-09-23T01:37:05
5.88442	-51.04739	0	47	2021-09-23T01:42:07
5.88381	-51.04873	0	47	2021-09-23T01:47:02
5.88325	-51.04993	0	47	2021-09-23T01:52:01
5.88266	-51.05124	0	47	2021-09-23T01:57:04
5.88207	-51.05276	0	47	2021-09-23T02:02:25
5.88147	-51.05405	0	47	2021-09-23T02:07:25
5.88087	-51.05551	0	47	2021-09-23T02:12:24
5.88039	-51.05670	0	47	2021-09-23T02:17:01
5.87988	-51.05795	0	47	2021-09-23T02:21:59
5.87942	-51.05920	0	47	2021-09-23T02:27:02
5.87893	-51.06046	0	47	2021-09-23T02:32:00
5.87842	-51.06174	0	47	2021-09-23T02:37:00
5.87798	-51.06305	0	47	2021-09-23T02:41:57
5.87755	-51.06430	0	47	2021-09-23T02:46:59
5.87711	-51.06555	0	47	2021-09-23T02:52:00
5.87672	-51.06680	0	47	2021-09-23T02:56:59
5.87633	-51.06812	0	47	2021-09-23T03:01:57
5.87599	-51.06940	0	47	2021-09-23T03:06:54
5.87566	-51.07092	0	47	2021-09-23T03:12:26
5.87538	-51.07224	0	47	2021-09-23T03:16:55
5.87517	-51.07361	0	47	2021-09-23T03:21:54
5.87494	-51.07498	0	47	2021-09-23T03:26:58
5.87479	-51.07635	0	47	2021-09-23T03:31:55
5.87462	-51.07773	0	47	2021-09-23T03:36:56
5.87447	-51.07907	0	47	2021-09-23T03:41:55
5.87432	-51.08041	0	47	2021-09-23T03:46:56
5.87421	-51.08170	0	47	2021-09-23T03:51:58
5.87412	-51.08300	0	47	2021-09-23T03:57:11
5.87408	-51.08429	0	47	2021-09-23T04:02:11
5.87396	-51.08554	0	47	2021-09-23T04:07:08
5.87375	-51.08691	0	47	2021-09-23T04:12:31
5.87356	-51.08795	0	47	2021-09-23T04:16:55
5.87340	-51.08905	0	47	2021-09-23T04:22:00
5.87324	-51.09012	0	47	2021-09-23T04:26:53
5.87299	-51.09132	0	47	2021-09-23T04:32:08
5.87288	-51.09229	0	47	2021-09-23T04:37:06
5.87277	-51.09338	0	47	2021-09-23T04:42:07
5.87266	-51.09448	0	47	2021-09-23T04:47:11
5.87244	-51.09650	0	47	2021-09-23T04:57:02
5.87230	-51.09753	0	47	2021-09-23T05:01:59
5.87221	-51.09863	0	47	2021-09-23T05:07:03
5.87211	-51.09976	0	47	2021-09-23T05:12:24
5.87201	-51.10077	0	47	2021-09-23T05:17:05
5.87193	-51.10191	0	47	2021-09-23T05:22:18
5.87193	-51.10294	0	47	2021-09-23T05:27:18
5.87188	-51.10394	0	47	2021-09-23T05:32:18
5.87181	-51.10495	0	47	2021-09-23T05:37:17
5.87168	-51.10590	0	47	2021-09-23T05:42:01
5.87158	-51.10687	0	47	2021-09-23T05:47:02
5.87145	-51.10785	0	47	2021-09-23T05:51:59
5.87130	-51.10883	0	47	2021-09-23T05:57:00
5.87109	-51.10978	0	47	2021-09-23T06:01:57
5.87088	-51.11072	0	47	2021-09-23T06:06:58
5.87056	-51.11182	0	47	2021-09-23T06:12:25
5.87022	-51.11276	0	47	2021-09-23T06:16:56
5.86981	-51.11392	0	47	2021-09-23T06:21:54
5.86932	-51.11510	0	47	2021-09-23T06:26:56
5.86884	-51.11621	0	47	2021-09-23T06:31:57
5.86842	-51.11734	0	47	2021-09-23T06:36:55
5.86790	-51.11856	0	47	2021-09-23T06:41:53
5.86739	-51.11981	0	47	2021-09-23T06:46:56
5.86686	-51.12109	0	47	2021-09-23T06:51:54
5.86641	-51.12231	0	47	2021-09-23T06:56:55
5.86598	-51.12359	0	47	2021-09-23T07:02:27
5.86559	-51.12479	0	47	2021-09-23T07:07:27
5.86516	-51.12616	0	47	2021-09-23T07:12:27
5.86484	-51.12729	0	47	2021-09-23T07:16:55
5.86438	-51.12859	0	47	2021-09-23T07:21:59
5.86399	-51.12971	0	47	2021-09-23T07:27:00
5.86360	-51.13083	0	47	2021-09-23T07:32:00
5.86315	-51.13205	0	47	2021-09-23T07:36:59
5.86259	-51.13325	0	47	2021-09-23T07:42:02
5.86210	-51.13446	0	47	2021-09-23T07:47:02
5.86161	-51.13574	0	47	2021-09-23T07:52:01
5.86122	-51.13702	0	47	2021-09-23T07:56:58
5.86073	-51.13830	0	47	2021-09-23T08:01:57
5.86030	-51.13950	0	47	2021-09-23T08:06:56
5.85973	-51.14093	0	47	2021-09-23T08:12:24
5.85923	-51.14218	0	47	2021-09-23T08:16:56
5.85876	-51.14349	0	47	2021-09-23T08:21:55
5.85823	-51.14478	0	47	2021-09-23T08:26:52
5.85768	-51.14606	0	47	2021-09-23T08:31:55
5.85700	-51.14745	0	47	2021-09-23T08:36:52
5.85644	-51.14874	0	47	2021-09-23T08:41:52
5.85580	-51.15009	0	47	2021-09-23T08:46:50
5.85510	-51.15151	0	47	2021-09-23T08:51:47
5.85441	-51.15280	0	47	2021-09-23T08:56:47
5.85370	-51.15417	0	47	2021-09-23T09:01:48
5.85298	-51.15564	0	47	2021-09-23T09:06:47
5.85217	-51.15717	0	47	2021-09-23T09:12:25
5.85146	-51.15839	0	47	2021-09-23T09:16:44
5.85066	-51.15979	0	47	2021-09-23T09:21:42
5.84993	-51.16116	0	47	2021-09-23T09:26:42
5.84919	-51.16266	0	47	2021-09-23T09:31:43
5.84838	-51.16413	0	47	2021-09-23T09:36:43
5.84756	-51.16559	0	47	2021-09-23T09:41:42
5.84673	-51.16705	0	47	2021-09-23T09:46:41
5.84585	-51.16855	0	47	2021-09-23T09:51:43
5.84494	-51.17009	0	47	2021-09-23T09:56:43
5.84404	-51.17163	0	47	2021-09-23T10:01:43
5.84310	-51.17322	0	47	2021-09-23T10:06:41
5.84217	-51.17496	0	47	2021-09-23T10:12:09
5.84152	-51.17641	0	47	2021-09-23T10:16:43
5.84083	-51.17804	0	47	2021-09-23T10:21:43
5.84012	-51.17963	0	47	2021-09-23T10:26:45
5.83942	-51.18131	0	47	2021-09-23T10:31:46
5.83873	-51.18285	0	47	2021-09-23T10:36:47
5.83813	-51.18448	0	47	2021-09-23T10:41:47
5.83743	-51.18607	0	47	2021-09-23T10:46:48
5.83671	-51.18771	0	47	2021-09-23T10:51:46
5.83598	-51.18938	0	47	2021-09-23T10:56:46
5.83538	-51.19092	0	47	2021-09-23T11:01:47
5.83474	-51.19251	0	47	2021-09-23T11:07:22
5.83405	-51.19431	0	47	2021-09-23T11:12:23
5.83349	-51.19568	0	47	2021-09-23T11:16:46
5.83288	-51.19724	0	47	2021-09-23T11:21:47
5.83228	-51.19879	0	47	2021-09-23T11:26:46
5.83170	-51.20032	0	47	2021-09-23T11:31:48
5.83114	-51.20166	0	47	2021-09-23T11:36:46
5.83071	-51.20306	0	47	2021-09-23T11:41:47
5.83037	-51.20438	0	47	2021-09-23T11:46:51
5.83010	-51.20560	0	47	2021-09-23T11:51:50
5.82993	-51.20673	0	47	2021-09-23T11:56:49
5.82994	-51.20786	0	47	2021-09-23T12:02:01
5.82991	-51.20898	0	47	2021-09-23T12:07:26
5.82991	-51.21027	0	47	2021-09-23T12:12:26
5.82986	-51.21130	0	47	2021-09-23T12:16:48
5.82974	-51.21252	0	47	2021-09-23T12:21:46
5.82968	-51.21381	0	47	2021-09-23T12:26:52
5.82977	-51.21497	0	47	2021-09-23T12:31:50
5.82988	-51.21619	0	47	2021-09-23T12:36:48
5.82997	-51.21744	0	47	2021-09-23T12:41:49
5.82982	-51.21872	0	47	2021-09-23T12:46:50
5.82968	-51.22003	0	47	2021-09-23T12:51:49
5.82962	-51.22134	0	47	2021-09-23T12:56:47
5.82957	-51.22269	0	47	2021-09-23T13:01:48
5.82949	-51.22405	0	47	2021-09-23T13:07:27
5.82940	-51.22559	0	47	2021-09-23T13:12:27
5.82926	-51.22678	0	47	2021-09-23T13:16:46
5.82919	-51.22825	0	47	2021-09-23T13:21:44
5.82902	-51.22962	0	47	2021-09-23T13:26:45
5.82885	-51.23108	0	47	2021-09-23T13:31:45
5.82870	-51.23254	0	47	2021-09-23T13:36:42
5.82845	-51.23401	0	47	2021-09-23T13:41:44
5.82816	-51.23557	0	47	2021-09-23T13:46:45
5.82797	-51.23697	0	47	2021-09-23T13:51:49
5.82778	-51.23849	0	47	2021-09-23T13:56:46
5.82770	-51.24005	0	47	2021-09-23T14:01:47
5.82765	-51.24155	0	47	2021-09-23T14:06:47
5.82761	-51.24323	0	47	2021-09-23T14:12:24
5.82760	-51.24454	0	47	2021-09-23T14:16:48
5.82753	-51.24615	0	47	2021-09-23T14:21:50
5.82749	-51.24761	0	47	2021-09-23T14:26:50
5.82740	-51.24915	0	47	2021-09-23T14:31:49
5.82731	-51.25073	0	47	2021-09-23T14:36:50
5.82735	-51.25706	0	47	2021-09-23T14:56:45
5.82759	-51.25845	0	47	2021-09-23T15:01:46
5.82791	-51.25998	0	47	2021-09-23T15:06:45
5.82819	-51.26178	0	47	2021-09-23T15:12:07
5.82844	-51.26312	0	47	2021-09-23T15:16:44
5.82857	-51.26483	0	47	2021-09-23T15:21:45
5.82894	-51.26636	0	47	2021-09-23T15:26:45
5.82929	-51.26794	0	47	2021-09-23T15:31:47
5.82931	-51.26956	0	47	2021-09-23T15:36:48
5.82931	-51.27136	0	47	2021-09-23T15:41:49
5.82961	-51.27307	0	47	2021-09-23T15:46:52
5.83006	-51.27460	0	47	2021-09-23T15:51:50
5.83026	-51.27634	0	47	2021-09-23T15:56:50
5.83035	-51.27814	0	47	2021-09-23T16:01:49
5.83050	-51.27994	0	47	2021-09-23T16:06:50
5.83064	-51.28204	0	47	2021-09-23T16:12:24
5.83058	-51.28384	0	47	2021-09-23T16:16:47
5.83058	-51.28581	0	47	2021-09-23T16:21:47
5.83054	-51.28778	0	47	2021-09-23T16:26:47
5.83052	-51.28986	0	47	2021-09-23T16:31:49
5.83048	-51.29185	0	47	2021-09-23T16:36:49
5.83048	-51.29382	0	47	2021-09-23T16:41:48
5.83050	-51.29575	0	47	2021-09-23T16:46:51
5.83056	-51.29776	0	47	2021-09-23T16:51:46
5.83056	-51.29965	0	47	2021-09-23T16:56:46
5.83055	-51.30165	0	47	2021-09-23T17:01:47
5.83068	-51.30371	0	47	2021-09-23T17:06:47
5.83099	-51.30631	0	47	2021-09-23T17:11:48
5.83125	-51.30794	0	47	2021-09-23T17:16:48
5.83138	-51.30991	0	47	2021-09-23T17:21:47
5.83151	-51.31189	0	47	2021-09-23T17:26:47
5.83164	-51.31393	0	47	2021-09-23T17:31:48
5.83181	-51.31589	0	47	2021-09-23T17:36:49
5.83201	-51.31796	0	47	2021-09-23T17:41:47
5.83223	-51.32001	0	47	2021-09-23T17:46:47
5.83246	-51.32205	0	47	2021-09-23T17:51:48
5.83269	-51.32404	0	47	2021-09-23T17:56:47
5.83295	-51.32606	0	47	2021-09-23T18:02:24
5.83304	-51.32803	0	47	2021-09-23T18:07:25
5.83308	-51.33035	0	47	2021-09-23T18:12:25
5.83315	-51.33212	0	47	2021-09-23T18:16:48
5.83328	-51.33417	0	47	2021-09-23T18:21:53
5.83342	-51.33618	0	47	2021-09-23T18:26:47
5.83352	-51.33820	0	47	2021-09-23T18:31:48
5.83350	-51.34021	0	47	2021-09-23T18:36:48
5.83349	-51.34225	0	47	2021-09-23T18:41:49
5.83356	-51.34435	0	47	2021-09-23T18:46:48
5.83360	-51.34641	0	47	2021-09-23T18:51:47
5.83344	-51.34854	0	47	2021-09-23T18:56:47
5.83332	-51.35065	0	47	2021-09-23T19:01:48
5.83359	-51.35278	0	47	2021-09-23T19:06:45
5.83389	-51.35510	0	47	2021-09-23T19:11:46
5.83415	-51.35690	0	47	2021-09-23T19:16:46
5.83436	-51.35895	0	47	2021-09-23T19:21:47
5.83470	-51.36107	0	47	2021-09-23T19:26:45
5.83504	-51.36322	0	47	2021-09-23T19:31:46
5.83553	-51.36533	0	47	2021-09-23T19:36:46
5.83609	-51.36752	0	47	2021-09-23T19:41:50
5.83669	-51.36949	0	47	2021-09-23T19:46:49
5.83725	-51.37164	0	47	2021-09-23T19:51:49
5.83778	-51.37384	0	47	2021-09-23T19:56:49
5.83848	-51.37595	0	47	2021-09-23T20:01:51
5.83928	-51.37784	0	47	2021-09-23T20:06:55
5.84019	-51.37991	0	47	2021-09-23T20:12:27
5.84084	-51.38159	0	47	2021-09-23T20:16:53
5.84154	-51.38348	0	47	2021-09-23T20:21:50
5.84204	-51.38535	0	47	2021-09-23T20:26:51
5.84282	-51.38723	0	47	2021-09-23T20:31:45
5.84364	-51.38895	0	47	2021-09-23T20:36:45
5.84455	-51.39075	0	47	2021-09-23T20:41:45
5.84532	-51.39270	0	47	2021-09-23T20:46:46
5.84602	-51.39453	0	47	2021-09-23T20:51:44
5.84673	-51.39645	0	47	2021-09-23T20:56:45
5.84741	-51.39845	0	47	2021-09-23T21:01:46
5.84797	-51.40042	0	47	2021-09-23T21:06:46
5.84861	-51.40271	0	47	2021-09-23T21:12:07
5.84935	-51.40469	0	47	2021-09-23T21:16:48
5.85019	-51.40692	0	47	2021-09-23T21:21:42
5.85090	-51.40903	0	47	2021-09-23T21:26:46
5.85156	-51.41122	0	47	2021-09-23T21:31:43
5.85219	-51.41347	0	47	2021-09-23T21:36:40
5.85270	-51.41562	0	47	2021-09-23T21:41:41
5.85293	-51.41769	0	47	2021-09-23T21:46:42
5.85296	-51.41992	0	47	2021-09-23T21:51:41
5.85340	-51.42212	0	47	2021-09-23T21:56:40
5.85402	-51.42429	0	47	2021-09-23T22:01:41
5.85440	-51.42661	0	47	2021-09-23T22:06:41
5.85520	-51.42931	0	47	2021-09-23T22:11:42
5.85593	-51.43120	0	47	2021-09-23T22:16:42
5.85675	-51.43326	0	47	2021-09-23T22:21:41
5.85753	-51.43536	0	47	2021-09-23T22:26:44
5.85829	-51.43741	0	47	2021-09-23T22:31:41
5.85918	-51.43956	0	47	2021-09-23T22:36:35
5.85997	-51.44171	0	47	2021-09-23T22:41:38
5.86082	-51.44394	0	47	2021-09-23T22:46:36
5.86164	-51.44620	0	47	2021-09-23T22:51:36
5.86239	-51.44849	0	47	2021-09-23T22:56:39
5.86316	-51.45078	0	47	2021-09-23T23:01:39
5.86399	-51.45297	0	47	2021-09-23T23:06:41
5.86485	-51.45566	0	47	2021-09-23T23:12:07
5.86560	-51.45776	0	47	2021-09-23T23:16:42
5.86650	-51.46014	0	47	2021-09-23T23:21:42
5.86746	-51.46243	0	47	2021-09-23T23:26:43
5.86859	-51.46469	0	47	2021-09-23T23:31:41
5.86957	-51.46701	0	47	2021-09-23T23:36:42
5.87040	-51.46939	0	47	2021-09-23T23:41:42
5.87131	-51.47171	0	47	2021-09-23T23:46:44
5.87218	-51.47406	0	47	2021-09-23T23:51:43
5.87295	-51.47647	0	47	2021-09-23T23:56:41
5.87373	-51.47891	0	47	2021-09-24T00:01:42
5.87460	-51.48132	0	47	2021-09-24T00:06:43
5.87552	-51.48387	0	47	2021-09-24T00:11:42
5.87655	-51.48593	0	47	2021-09-24T00:16:41
5.87758	-51.48816	0	47	2021-09-24T00:21:41
5.87877	-51.49043	0	47	2021-09-24T00:26:42
5.87971	-51.49283	0	47	2021-09-24T00:31:43
5.88066	-51.49512	0	47	2021-09-24T00:36:44
5.88151	-51.49741	0	47	2021-09-24T00:41:44
5.88245	-51.49962	0	47	2021-09-24T00:46:41
5.88322	-51.50177	0	47	2021-09-24T00:51:41
5.88423	-51.50406	0	47	2021-09-24T00:56:44
5.88543	-51.50629	0	47	2021-09-24T01:01:44
5.88674	-51.50850	0	47	2021-09-24T01:06:42
5.88786	-51.51099	0	47	2021-09-24T01:11:42
5.88876	-51.51279	0	47	2021-09-24T01:16:43
5.88999	-51.51508	0	47	2021-09-24T01:21:44
5.89125	-51.51739	0	47	2021-09-24T01:26:45
5.89254	-51.51962	0	47	2021-09-24T01:31:45
5.89386	-51.52182	0	47	2021-09-24T01:36:46
5.89493	-51.52405	0	47	2021-09-24T01:41:46
5.89604	-51.52635	0	47	2021-09-24T01:46:47
5.89733	-51.52875	0	47	2021-09-24T01:51:46
5.89863	-51.53128	0	47	2021-09-24T01:56:49
5.89974	-51.53366	0	47	2021-09-24T02:01:51
5.90119	-51.53601	0	47	2021-09-24T02:07:27
5.90235	-51.53876	0	47	2021-09-24T02:12:27
5.90319	-51.54083	0	47	2021-09-24T02:16:52
5.90434	-51.54333	0	47	2021-09-24T02:21:53
5.90560	-51.54576	0	47	2021-09-24T02:26:54
5.90667	-51.54825	0	47	2021-09-24T02:31:53
5.90791	-51.55072	0	47	2021-09-24T02:36:53
5.90894	-51.55331	0	47	2021-09-24T02:41:57
5.91011	-51.55591	0	47	2021-09-24T02:46:57
5.91128	-51.55856	0	47	2021-09-24T02:51:59
5.91260	-51.56118	0	47	2021-09-24T02:57:03
5.91393	-51.56384	0	47	2021-09-24T03:02:02
5.91555	-51.56613	0	47	2021-09-24T03:06:58
5.91748	-51.56863	0	47	2021-09-24T03:12:25
5.91888	-51.57116	0	47	2021-09-24T03:17:04
5.92035	-51.57379	0	47	2021-09-24T03:22:03
5.92214	-51.57614	0	47	2021-09-24T03:27:05
5.92401	-51.57849	0	47	2021-09-24T03:32:03
5.92534	-51.58131	0	47	2021-09-24T03:37:08
5.92680	-51.58380	0	47	2021-09-24T03:42:08
5.92858	-51.58612	0	47	2021-09-24T03:47:08
5.93025	-51.58850	0	47	2021-09-24T03:52:09
5.93182	-51.59113	0	47	2021-09-24T03:57:07
5.93340	-51.59363	0	47	2021-09-24T04:02:10
5.93496	-51.59601	0	47	2021-09-24T04:07:08
5.93738	-51.60113	0	47	2021-09-24T04:17:07
5.93888	-51.60345	0	47	2021-09-24T04:22:07
5.93995	-51.60602	0	47	2021-09-24T04:27:08
5.94117	-51.60858	0	47	2021-09-24T04:32:05
5.94263	-51.61108	0	47	2021-09-24T04:37:10
5.94397	-51.61376	0	47	2021-09-24T04:42:06
5.94509	-51.61642	0	47	2021-09-24T04:47:06
5.94651	-51.61899	0	47	2021-09-24T04:52:05
5.94758	-51.62177	0	47	2021-09-24T04:57:09
5.94849	-51.62457	0	47	2021-09-24T05:02:07
5.94955	-51.62732	0	47	2021-09-24T05:07:10
5.95059	-51.63025	0	47	2021-09-24T05:12:27
5.95151	-51.63263	0	47	2021-09-24T05:17:09
5.95269	-51.63516	0	47	2021-09-24T05:22:06
5.95383	-51.63777	0	47	2021-09-24T05:27:05
5.95495	-51.64026	0	47	2021-09-24T05:32:04
5.95598	-51.64285	0	47	2021-09-24T05:37:04
5.95703	-51.64536	0	47	2021-09-24T05:42:02
5.95795	-51.64807	0	47	2021-09-24T05:47:02
5.95897	-51.65073	0	47	2021-09-24T05:52:00
5.95974	-51.65344	0	47	2021-09-24T05:57:01
5.96072	-51.65625	0	47	2021-09-24T06:02:01
5.96169	-51.65903	0	47	2021-09-24T06:07:01
5.96274	-51.66208	0	47	2021-09-24T06:12:26
5.96323	-51.66486	0	47	2021-09-24T06:17:00
5.96388	-51.66788	0	47	2021-09-24T06:22:00
5.96440	-51.67105	0	47	2021-09-24T06:27:04
5.96484	-51.67419	0	47	2021-09-24T06:32:02
5.96522	-51.67740	0	47	2021-09-24T06:37:06
5.96573	-51.68051	0	47	2021-09-24T06:42:05
5.96621	-51.68381	0	47	2021-09-24T06:47:09
5.96669	-51.68701	0	47	2021-09-24T06:52:09
5.96723	-51.69000	0	47	2021-09-24T06:57:10
5.96759	-51.69312	0	47	2021-09-24T07:02:11
5.96801	-51.69630	0	47	2021-09-24T07:07:12
5.96865	-51.69948	0	47	2021-09-24T07:12:13
5.96908	-51.70248	0	47	2021-09-24T07:17:13
5.96955	-51.70560	0	47	2021-09-24T07:22:11
5.96980	-51.70886	0	47	2021-09-24T07:27:12
5.97014	-51.71212	0	47	2021-09-24T07:32:12
5.97044	-51.71530	0	47	2021-09-24T07:37:12
5.97069	-51.71869	0	47	2021-09-24T07:42:10
5.97136	-51.72598	0	47	2021-09-24T07:52:13
5.97171	-51.72958	0	47	2021-09-24T07:57:10
5.97219	-51.73322	0	47	2021-09-24T08:02:14
5.97255	-51.73682	0	47	2021-09-24T08:07:23
5.97302	-51.74042	0	47	2021-09-24T08:12:23
5.97333	-51.74377	0	47	2021-09-24T08:17:07
5.97379	-51.74725	0	47	2021-09-24T08:22:08
5.97432	-51.75073	0	47	2021-09-24T08:27:05
5.97472	-51.75424	0	47	2021-09-24T08:32:07
5.97521	-51.75780	0	47	2021-09-24T08:37:07
5.97564	-51.76132	0	47	2021-09-24T08:42:06
5.97612	-51.76483	0	47	2021-09-24T08:47:06
5.97653	-51.76840	0	47	2021-09-24T08:52:08
5.97692	-51.77203	0	47	2021-09-24T08:57:07
5.97727	-51.77557	0	47	2021-09-24T09:02:09
5.97803	-51.77890	0	47	2021-09-24T09:07:06
5.97848	-51.78262	0	47	2021-09-24T09:12:26
5.97897	-51.78595	0	47	2021-09-24T09:17:07
5.97956	-51.78951	0	47	2021-09-24T09:22:08
5.98007	-51.79294	0	47	2021-09-24T09:27:09
5.98056	-51.79642	0	47	2021-09-24T09:32:09
5.98129	-51.79987	0	47	2021-09-24T09:37:07
5.98190	-51.80336	0	47	2021-09-24T09:42:08
5.98250	-51.80679	0	47	2021-09-24T09:47:09
5.98318	-51.81027	0	47	2021-09-24T09:52:10
5.98385	-51.81366	0	47	2021-09-24T09:57:10
5.98437	-51.81705	0	47	2021-09-24T10:02:11
5.98497	-51.82040	0	47	2021-09-24T10:07:11
5.98561	-51.82431	0	47	2021-09-24T10:12:55
5.98621	-51.82709	0	47	2021-09-24T10:17:13
5.98692	-51.83039	0	47	2021-09-24T10:22:14
5.98765	-51.83374	0	47	2021-09-24T10:27:14
5.98853	-51.83715	0	47	2021-09-24T10:32:16
5.98935	-51.84050	0	47	2021-09-24T10:37:17
5.99021	-51.84393	0	47	2021-09-24T10:42:17
5.99099	-51.84729	0	47	2021-09-24T10:47:15
5.99171	-51.85062	0	47	2021-09-24T10:52:16
5.99249	-51.85397	0	47	2021-09-24T10:57:14
5.99334	-51.85736	0	47	2021-09-24T11:02:15
5.99421	-51.86081	0	47	2021-09-24T11:07:18
5.99519	-51.86469	0	47	2021-09-24T11:12:55
5.99603	-51.86762	0	47	2021-09-24T11:17:17
5.99697	-51.87097	0	47	2021-09-24T11:22:17
5.99796	-51.87442	0	47	2021-09-24T11:27:17
5.99897	-51.87780	0	47	2021-09-24T11:32:19
6.00000	-51.88123	0	47	2021-09-24T11:37:19
6.00098	-51.88470	0	47	2021-09-24T11:42:23
6.00195	-51.88818	0	47	2021-09-24T11:47:21
6.00288	-51.89174	0	47	2021-09-24T11:52:21
6.00387	-51.89526	0	47	2021-09-24T11:57:20
6.00482	-51.89880	0	47	2021-09-24T12:02:19
6.00572	-51.90231	0	47	2021-09-24T12:07:21
6.00671	-51.90647	0	47	2021-09-24T12:12:21
6.00740	-51.90973	0	47	2021-09-24T12:17:22
6.00809	-51.91342	0	47	2021-09-24T12:22:20
6.00877	-51.91714	0	47	2021-09-24T12:27:23
6.00950	-51.92078	0	47	2021-09-24T12:32:25
6.01040	-51.92438	0	47	2021-09-24T12:37:25
6.01117	-51.92798	0	47	2021-09-24T12:42:23
6.01203	-51.93161	0	47	2021-09-24T12:47:24
6.01298	-51.93510	0	47	2021-09-24T12:52:24
6.01390	-51.93842	0	47	2021-09-24T12:57:26
6.01482	-51.94180	0	47	2021-09-24T13:02:23
6.01568	-51.94525	0	47	2021-09-24T13:07:24
6.01691	-51.94898	0	47	2021-09-24T13:12:21
6.01772	-51.95175	0	47	2021-09-24T13:17:22
6.01880	-51.95499	0	47	2021-09-24T13:22:22
6.02008	-51.95813	0	47	2021-09-24T13:27:19
6.02132	-51.96122	0	47	2021-09-24T13:32:20
6.02278	-51.96414	0	47	2021-09-24T13:37:20
6.02386	-51.96732	0	47	2021-09-24T13:42:17
6.02535	-51.97028	0	47	2021-09-24T13:47:16
6.02663	-51.97356	0	47	2021-09-24T13:52:19
6.02822	-51.97656	0	47	2021-09-24T13:57:19
6.02936	-51.97961	0	47	2021-09-24T14:02:21
6.03082	-51.98279	0	47	2021-09-24T14:07:19
6.03234	-51.98639	0	47	2021-09-24T14:12:54
6.03350	-51.98926	0	47	2021-09-24T14:17:21
6.03510	-51.99246	0	47	2021-09-24T14:22:22
6.03634	-51.99570	0	47	2021-09-24T14:27:21
6.03787	-51.99875	0	47	2021-09-24T14:32:19
6.03926	-52.00198	0	47	2021-09-24T14:37:20
6.04084	-52.00513	0	47	2021-09-24T14:42:17
6.04226	-52.00830	0	47	2021-09-24T14:47:20
6.04368	-52.01157	0	47	2021-09-24T14:52:18
6.04470	-52.01489	0	47	2021-09-24T14:57:19
6.04620	-52.01828	0	47	2021-09-24T15:02:20
6.04759	-52.02150	0	47	2021-09-24T15:07:55
6.04913	-52.02502	0	47	2021-09-24T15:12:55
6.05015	-52.02814	0	47	2021-09-24T15:17:24
6.05140	-52.03144	0	47	2021-09-24T15:22:24
6.05264	-52.03479	0	47	2021-09-24T15:27:24
6.05369	-52.03836	0	47	2021-09-24T15:32:24
6.05483	-52.04184	0	47	2021-09-24T15:37:25
6.05602	-52.04546	0	47	2021-09-24T15:42:24
6.05714	-52.04898	0	47	2021-09-24T15:47:24
6.05828	-52.05255	0	47	2021-09-24T15:52:22
6.05924	-52.05627	0	47	2021-09-24T15:57:25
6.06019	-52.06006	0	47	2021-09-24T16:02:26
6.06106	-52.06390	0	47	2021-09-24T16:07:24
6.06220	-52.06808	0	47	2021-09-24T16:12:56
6.06303	-52.07159	0	47	2021-09-24T16:17:25
6.06371	-52.07554	0	47	2021-09-24T16:22:22
6.06431	-52.07932	0	47	2021-09-24T16:27:23
6.06517	-52.08316	0	47	2021-09-24T16:32:24
6.06634	-52.08704	0	47	2021-09-24T16:37:25
6.06715	-52.09096	0	47	2021-09-24T16:42:26
6.06797	-52.09482	0	47	2021-09-24T16:47:26
6.06889	-52.09872	0	47	2021-09-24T16:52:24
6.06977	-52.10254	0	47	2021-09-24T16:57:24
6.07076	-52.10628	0	47	2021-09-24T17:02:26
6.07153	-52.11014	0	47	2021-09-24T17:07:26
6.07247	-52.11432	0	47	2021-09-24T17:12:55
6.07327	-52.11780	0	47	2021-09-24T17:17:28
6.07414	-52.12178	0	47	2021-09-24T17:22:29
6.07496	-52.12573	0	47	2021-09-24T17:27:30
6.07582	-52.12982	0	47	2021-09-24T17:32:29
6.07663	-52.13400	0	47	2021-09-24T17:37:30
6.07759	-52.13805	0	47	2021-09-24T17:42:31
6.07845	-52.14200	0	47	2021-09-24T17:47:30
6.07924	-52.14597	0	47	2021-09-24T17:52:29
6.07987	-52.14996	0	47	2021-09-24T17:57:30
6.08050	-52.15405	0	47	2021-09-24T18:02:28
6.08121	-52.15802	0	47	2021-09-24T18:07:32
6.08208	-52.16233	0	47	2021-09-24T18:12:34
6.08281	-52.16602	0	47	2021-09-24T18:17:34
6.08359	-52.17007	0	47	2021-09-24T18:22:32
6.08438	-52.17410	0	47	2021-09-24T18:27:36
6.08511	-52.17818	0	47	2021-09-24T18:32:37
6.08580	-52.18204	0	47	2021-09-24T18:37:37
6.08659	-52.18591	0	47	2021-09-24T18:42:36
6.08743	-52.18979	0	47	2021-09-24T18:47:39
6.08831	-52.19363	0	47	2021-09-24T18:52:41
6.08913	-52.19751	0	47	2021-09-24T18:57:40
6.09004	-52.20151	0	47	2021-09-24T19:02:38
6.09077	-52.20554	0	47	2021-09-24T19:07:42
6.09158	-52.20993	0	47	2021-09-24T19:12:44
6.09240	-52.21353	0	47	2021-09-24T19:17:45
6.09317	-52.21756	0	47	2021-09-24T19:22:45
6.09405	-52.22159	0	47	2021-09-24T19:27:43
6.09507	-52.22565	0	47	2021-09-24T19:32:43
6.09595	-52.22955	0	47	2021-09-24T19:37:44
6.09694	-52.23349	0	47	2021-09-24T19:42:46
6.09792	-52.23740	0	47	2021-09-24T19:47:43
6.09891	-52.24118	0	47	2021-09-24T19:52:43
6.10001	-52.24512	0	47	2021-09-24T19:57:45
6.10121	-52.24936	0	47	2021-09-24T20:03:04
6.10228	-52.25299	0	47	2021-09-24T20:07:49
6.10348	-52.25739	0	47	2021-09-24T20:12:45
6.10430	-52.26074	0	47	2021-09-24T20:17:44
6.10542	-52.26459	0	47	2021-09-24T20:22:45
6.10665	-52.26850	0	47	2021-09-24T20:27:41
6.10789	-52.27228	0	47	2021-09-24T20:32:42
6.10914	-52.27609	0	47	2021-09-24T20:37:47
6.11024	-52.27985	0	47	2021-09-24T20:42:44
6.11095	-52.28369	0	47	2021-09-24T20:47:42
6.11216	-52.28751	0	47	2021-09-24T20:52:41
6.11351	-52.29132	0	47	2021-09-24T20:57:42
6.11490	-52.29515	0	47	2021-09-24T21:03:07
6.11619	-52.29884	0	47	2021-09-24T21:08:08
6.11769	-52.30270	0	47	2021-09-24T21:13:08
6.11902	-52.30612	0	47	2021-09-24T21:17:42
6.12037	-52.30978	0	47	2021-09-24T21:22:42
6.12187	-52.31348	0	47	2021-09-24T21:27:44
6.12337	-52.31711	0	47	2021-09-24T21:32:44
6.12497	-52.32074	0	47	2021-09-24T21:37:45
6.12656	-52.32428	0	47	2021-09-24T21:42:45
6.12824	-52.32785	0	47	2021-09-24T21:47:47
6.12973	-52.33142	0	47	2021-09-24T21:52:47
6.13134	-52.33496	0	47	2021-09-24T21:57:49
6.13309	-52.33851	0	47	2021-09-24T22:03:25
6.13480	-52.34186	0	47	2021-09-24T22:07:50
6.13666	-52.34564	0	47	2021-09-24T22:13:26
6.13817	-52.34875	0	47	2021-09-24T22:17:52
6.14000	-52.35226	0	47	2021-09-24T22:22:53
6.14176	-52.35561	0	47	2021-09-24T22:27:53
6.14361	-52.35913	0	47	2021-09-24T22:32:52
6.14534	-52.36252	0	47	2021-09-24T22:37:53
6.14714	-52.36594	0	47	2021-09-24T22:42:57
6.14897	-52.36942	0	47	2021-09-24T22:47:51
6.15086	-52.37302	0	47	2021-09-24T22:52:57
6.15285	-52.37656	0	47	2021-09-24T22:57:55
6.15484	-52.38013	0	47	2021-09-24T23:02:55
6.15677	-52.38373	0	47	2021-09-24T23:07:54
6.15900	-52.38754	0	47	2021-09-24T23:13:26
6.16072	-52.39069	0	47	2021-09-24T23:17:55
6.16275	-52.39424	0	47	2021-09-24T23:22:55
6.16485	-52.39767	0	47	2021-09-24T23:27:55
6.16693	-52.40121	0	47	2021-09-24T23:32:54
6.16910	-52.40475	0	47	2021-09-24T23:37:54
6.17129	-52.40829	0	47	2021-09-24T23:42:55
6.17351	-52.41177	0	47	2021-09-24T23:47:53
6.17576	-52.41524	0	47	2021-09-24T23:52:53
6.17799	-52.41867	0	47	2021-09-24T23:57:53
6.18011	-52.42224	0	47	2021-09-25T00:02:55
6.18211	-52.42563	0	47	2021-09-25T00:07:53
6.18461	-52.42950	0	47	2021-09-25T00:12:55
6.18654	-52.43250	0	47	2021-09-25T00:17:54
6.18875	-52.43600	0	47	2021-09-25T00:22:54
6.19109	-52.43939	0	47	2021-09-25T00:27:55
6.19341	-52.44284	0	47	2021-09-25T00:32:55
6.19574	-52.44632	0	47	2021-09-25T00:37:56
6.19802	-52.44974	0	47	2021-09-25T00:42:54
6.20033	-52.45309	0	47	2021-09-25T00:47:55
6.20262	-52.45663	0	47	2021-09-25T00:52:52
6.20494	-52.46006	0	47	2021-09-25T00:57:52
6.20726	-52.46341	0	47	2021-09-25T01:02:51
6.20956	-52.46683	0	47	2021-09-25T01:07:53
6.21214	-52.47067	0	47	2021-09-25T01:13:27
6.21412	-52.47385	0	47	2021-09-25T01:17:56
6.21644	-52.47733	0	47	2021-09-25T01:22:54
6.21885	-52.48096	0	47	2021-09-25T01:27:55
6.22100	-52.48456	0	47	2021-09-25T01:32:55
6.22306	-52.48825	0	47	2021-09-25T01:37:56
6.22534	-52.49200	0	47	2021-09-25T01:42:55
6.23028	-52.49930	0	47	2021-09-25T01:52:55
6.23275	-52.50296	0	47	2021-09-25T01:57:56
6.23515	-52.50665	0	47	2021-09-25T02:02:56
6.23755	-52.51035	0	47	2021-09-25T02:08:00
6.24024	-52.51437	0	47	2021-09-25T02:13:26
6.24247	-52.51767	0	47	2021-09-25T02:17:56
6.24493	-52.52133	0	47	2021-09-25T02:22:55
6.24743	-52.52502	0	47	2021-09-25T02:27:55
6.24977	-52.52878	0	47	2021-09-25T02:32:53
6.25197	-52.53262	0	47	2021-09-25T02:37:50
6.25442	-52.53635	0	47	2021-09-25T02:42:51
6.25689	-52.54007	0	47	2021-09-25T02:47:52
6.25918	-52.54382	0	47	2021-09-25T02:52:50
6.26152	-52.54758	0	47	2021-09-25T02:57:49
6.26395	-52.55136	0	47	2021-09-25T03:02:51
6.26628	-52.55508	0	47	2021-09-25T03:07:49
6.26887	-52.55936	0	47	2021-09-25T03:13:27
6.27095	-52.56259	0	47	2021-09-25T03:17:47
6.27330	-52.56638	0	47	2021-09-25T03:22:46
6.27575	-52.56998	0	47	2021-09-25T03:27:45
6.27824	-52.57358	0	47	2021-09-25T03:32:45
6.28067	-52.57727	0	47	2021-09-25T03:37:46
6.28310	-52.58084	0	47	2021-09-25T03:42:43
6.28541	-52.58447	0	47	2021-09-25T03:47:43
6.28784	-52.58810	0	47	2021-09-25T03:52:43
6.29009	-52.59174	0	47	2021-09-25T03:57:41
6.29244	-52.59531	0	47	2021-09-25T04:02:43
6.29473	-52.59891	0	47	2021-09-25T04:07:43
6.29738	-52.60272	0	47	2021-09-25T04:13:08
6.29963	-52.60620	0	47	2021-09-25T04:17:56
6.30407	-52.61349	0	47	2021-09-25T04:27:42
6.30645	-52.61719	0	47	2021-09-25T04:32:40
6.30877	-52.62079	0	47	2021-09-25T04:37:40
6.31110	-52.62448	0	47	2021-09-25T04:42:41
6.31331	-52.62817	0	47	2021-09-25T04:47:41
6.31559	-52.63187	0	47	2021-09-25T04:52:38
6.31792	-52.63553	0	47	2021-09-25T04:57:36
6.32024	-52.63928	0	47	2021-09-25T05:02:37
6.32256	-52.64301	0	47	2021-09-25T05:07:35
6.32508	-52.64705	0	47	2021-09-25T05:12:35
6.32723	-52.65057	0	47	2021-09-25T05:17:35
6.32955	-52.65436	0	47	2021-09-25T05:22:36
6.33182	-52.65814	0	47	2021-09-25T05:27:33
6.33420	-52.66196	0	47	2021-09-25T05:32:33
6.33653	-52.66571	0	47	2021-09-25T05:37:31
6.33900	-52.66962	0	47	2021-09-25T05:42:31
6.34133	-52.67340	0	47	2021-09-25T05:47:28
6.34359	-52.67712	0	47	2021-09-25T05:52:26
6.34612	-52.68097	0	47	2021-09-25T05:57:26
6.34850	-52.68475	0	47	2021-09-25T06:02:25
6.35086	-52.68848	0	47	2021-09-25T06:07:22
6.35348	-52.69260	0	47	2021-09-25T06:12:19
6.35550	-52.69595	0	47	2021-09-25T06:17:19
6.35789	-52.69965	0	47	2021-09-25T06:22:20
6.36028	-52.70337	0	47	2021-09-25T06:27:21
6.36271	-52.70722	0	47	2021-09-25T06:32:21
6.36520	-52.71091	0	47	2021-09-25T06:37:21
6.36765	-52.71460	0	47	2021-09-25T06:42:20
6.37016	-52.71841	0	47	2021-09-25T06:47:19
6.37265	-52.72217	0	47	2021-09-25T06:52:24
6.37514	-52.72595	0	47	2021-09-25T06:57:23
6.37756	-52.72974	0	47	2021-09-25T07:02:22
6.37991	-52.73346	0	47	2021-09-25T07:07:20
6.38282	-52.73765	0	47	2021-09-25T07:12:21
6.38505	-52.74091	0	47	2021-09-25T07:17:21
6.38754	-52.74460	0	47	2021-09-25T07:22:21
6.39005	-52.74823	0	47	2021-09-25T07:27:19
6.39264	-52.75189	0	47	2021-09-25T07:32:20
6.39526	-52.75555	0	47	2021-09-25T07:37:28
6.39791	-52.75916	0	47	2021-09-25T07:42:21
6.40059	-52.76276	0	47	2021-09-25T07:47:19
6.40328	-52.76636	0	47	2021-09-25T07:52:20
6.40594	-52.77005	0	47	2021-09-25T07:57:20
6.40864	-52.77365	0	47	2021-09-25T08:02:20
6.41137	-52.77728	0	47	2021-09-25T08:07:18
6.41446	-52.78140	0	47	2021-09-25T08:12:55
6.41689	-52.78464	0	47	2021-09-25T08:17:16
6.41968	-52.78824	0	47	2021-09-25T08:22:17
6.42252	-52.79187	0	47	2021-09-25T08:27:18
6.42532	-52.79553	0	47	2021-09-25T08:32:19
6.42819	-52.79913	0	47	2021-09-25T08:37:17
6.43104	-52.80272	0	47	2021-09-25T08:42:16
6.43383	-52.80624	0	47	2021-09-25T08:47:15
6.43670	-52.80988	0	47	2021-09-25T08:52:15
6.43960	-52.81342	0	47	2021-09-25T08:57:12
6.44260	-52.81701	0	47	2021-09-25T09:02:25
6.44556	-52.82044	0	47	2021-09-25T09:07:25
6.44865	-52.82404	0	47	2021-09-25T09:12:26
6.45150	-52.82724	0	47	2021-09-25T09:17:10
6.45452	-52.83063	0	47	2021-09-25T09:22:13
6.45764	-52.83408	0	47	2021-09-25T09:27:12
6.46072	-52.83749	0	47	2021-09-25T09:32:10
6.46379	-52.84088	0	47	2021-09-25T09:37:11
6.46697	-52.84418	0	47	2021-09-25T09:42:11
6.47020	-52.84757	0	47	2021-09-25T09:47:13
6.47338	-52.85083	0	47	2021-09-25T09:52:13
6.47659	-52.85416	0	47	2021-09-25T09:57:11
6.47985	-52.85743	0	47	2021-09-25T10:02:12
6.48311	-52.86069	0	47	2021-09-25T10:07:12
6.48670	-52.86417	0	47	2021-09-25T10:12:36
6.48980	-52.86713	0	47	2021-09-25T10:17:14
6.49318	-52.87029	0	47	2021-09-25T10:22:19
6.49657	-52.87347	0	47	2021-09-25T10:27:19
6.49992	-52.87665	0	47	2021-09-25T10:32:19
6.50337	-52.87982	0	47	2021-09-25T10:37:21
6.50686	-52.88303	0	47	2021-09-25T10:42:21
6.51029	-52.88611	0	47	2021-09-25T10:47:19
6.51373	-52.88922	0	47	2021-09-25T10:52:20
6.51722	-52.89227	0	47	2021-09-25T10:57:21
6.52072	-52.89539	0	47	2021-09-25T11:02:18
6.52427	-52.89841	0	47	2021-09-25T11:07:18
6.52806	-52.90170	0	47	2021-09-25T11:12:38
6.53139	-52.90454	0	47	2021-09-25T11:17:17
6.53499	-52.90768	0	47	2021-09-25T11:22:14
6.53859	-52.91068	0	47	2021-09-25T11:27:14
6.54227	-52.91367	0	47	2021-09-25T11:32:15
6.54589	-52.91675	0	47	2021-09-25T11:37:16
6.54948	-52.91984	0	47	2021-09-25T11:42:16
6.55313	-52.92276	0	47	2021-09-25T11:47:15
6.55678	-52.92578	0	47	2021-09-25T11:52:18
6.56040	-52.92871	0	47	2021-09-25T11:57:18
6.56406	-52.93173	0	47	2021-09-25T12:02:20
6.56776	-52.93469	0	47	2021-09-25T12:07:21
6.57195	-52.93796	0	47	2021-09-25T12:12:57
6.57527	-52.94049	0	47	2021-09-25T12:17:19
6.57892	-52.94345	0	47	2021-09-25T12:22:20
6.58260	-52.94641	0	47	2021-09-25T12:27:21
6.58634	-52.94934	0	47	2021-09-25T12:32:20
6.59006	-52.95222	0	47	2021-09-25T12:37:19
6.59384	-52.95514	0	47	2021-09-25T12:42:19
6.59753	-52.95792	0	47	2021-09-25T12:47:19
6.60127	-52.96085	0	47	2021-09-25T12:52:22
6.60509	-52.96368	0	47	2021-09-25T12:57:22
6.60887	-52.96643	0	47	2021-09-25T13:02:23
6.61265	-52.96930	0	47	2021-09-25T13:07:21
6.61685	-52.97247	0	47	2021-09-25T13:12:55
6.62029	-52.97504	0	47	2021-09-25T13:17:26
6.62414	-52.97778	0	47	2021-09-25T13:22:26
6.62799	-52.98056	0	47	2021-09-25T13:27:27
6.63188	-52.98337	0	47	2021-09-25T13:32:28
6.63579	-52.98620	0	47	2021-09-25T13:37:33
6.63965	-52.98895	0	47	2021-09-25T13:42:33
6.64347	-52.99170	0	47	2021-09-25T13:47:33
6.64736	-52.99445	0	47	2021-09-25T13:52:31
6.65125	-52.99722	0	47	2021-09-25T13:57:33
6.65515	-53.00003	0	47	2021-09-25T14:02:34
6.65897	-53.00278	0	47	2021-09-25T14:07:34
6.66315	-53.00579	0	47	2021-09-25T14:12:32
6.66667	-53.00836	0	47	2021-09-25T14:17:32
6.67059	-53.01111	0	47	2021-09-25T14:22:33
6.67448	-53.01385	0	47	2021-09-25T14:27:36
6.67836	-53.01657	0	47	2021-09-25T14:32:34
6.67836	-53.01663	0	47	2021-09-25T14:32:35
6.68227	-53.01929	0	47	2021-09-25T14:37:35
6.68618	-53.02206	0	47	2021-09-25T14:42:36
6.69013	-53.02478	0	47	2021-09-25T14:47:33
6.69400	-53.02753	0	47	2021-09-25T14:52:31
6.69792	-53.03030	0	47	2021-09-25T14:57:31
6.70178	-53.03299	0	47	2021-09-25T15:02:29
6.70569	-53.03564	0	47	2021-09-25T15:07:32
6.70995	-53.03848	0	47	2021-09-25T15:12:56
6.71343	-53.04095	0	47	2021-09-25T15:17:27
6.71730	-53.04367	0	47	2021-09-25T15:22:30
6.72115	-53.04635	0	47	2021-09-25T15:27:28
6.72493	-53.04892	0	47	2021-09-25T15:32:29
6.72868	-53.05148	0	47	2021-09-25T15:37:27
6.73251	-53.05414	0	47	2021-09-25T15:42:31
6.73624	-53.05679	0	47	2021-09-25T15:47:28
6.73993	-53.05945	0	47	2021-09-25T15:52:28
6.74364	-53.06213	0	47	2021-09-25T15:57:28
6.74740	-53.06479	0	47	2021-09-25T16:02:26
6.75116	-53.06747	0	47	2021-09-25T16:07:27
6.75536	-53.07022	0	47	2021-09-25T16:12:55
6.75865	-53.07266	0	47	2021-09-25T16:17:28
6.76617	-53.07786	0	47	2021-09-25T16:27:27
6.76990	-53.08043	0	47	2021-09-25T16:32:28
6.77368	-53.08292	0	47	2021-09-25T16:37:28
6.77741	-53.08548	0	47	2021-09-25T16:42:30
6.78112	-53.08806	0	47	2021-09-25T16:47:27
6.78477	-53.09063	0	47	2021-09-25T16:52:28
6.78837	-53.09320	0	47	2021-09-25T16:57:28
6.79184	-53.09589	0	47	2021-09-25T17:02:29
6.79538	-53.09842	0	47	2021-09-25T17:07:27
6.79940	-53.10117	0	47	2021-09-25T17:12:59
6.80262	-53.10339	0	47	2021-09-25T17:17:28
6.80617	-53.10590	0	47	2021-09-25T17:22:25
6.80974	-53.10844	0	47	2021-09-25T17:27:28
6.81330	-53.11084	0	47	2021-09-25T17:32:27
6.81684	-53.11325	0	47	2021-09-25T17:37:26
6.82040	-53.11575	0	47	2021-09-25T17:42:27
6.82392	-53.11819	0	47	2021-09-25T17:47:25
6.82737	-53.12067	0	47	2021-09-25T17:52:22
6.83077	-53.12320	0	47	2021-09-25T17:57:24
6.83422	-53.12564	0	47	2021-09-25T18:02:24
6.83766	-53.12802	0	47	2021-09-25T18:07:25
6.84149	-53.13065	0	47	2021-09-25T18:12:56
6.84457	-53.13278	0	47	2021-09-25T18:17:24
6.84797	-53.13516	0	47	2021-09-25T18:22:20
6.85142	-53.13754	0	47	2021-09-25T18:27:23
6.85486	-53.13989	0	47	2021-09-25T18:32:24
6.85827	-53.14209	0	47	2021-09-25T18:37:22
6.86169	-53.14438	0	47	2021-09-25T18:42:26
6.86508	-53.14661	0	47	2021-09-25T18:47:25
6.86852	-53.14883	0	47	2021-09-25T18:52:25
6.87200	-53.15097	0	47	2021-09-25T18:57:26
6.87541	-53.15317	0	47	2021-09-25T19:02:24
6.87885	-53.15536	0	47	2021-09-25T19:07:26
6.88257	-53.15762	0	47	2021-09-25T19:12:58
6.88565	-53.15956	0	47	2021-09-25T19:17:25
6.88900	-53.16153	0	47	2021-09-25T19:22:25
6.89238	-53.16360	0	47	2021-09-25T19:27:26
6.89583	-53.16556	0	47	2021-09-25T19:32:24
6.89927	-53.16751	0	47	2021-09-25T19:37:25
6.90262	-53.16949	0	47	2021-09-25T19:42:23
6.90607	-53.17148	0	47	2021-09-25T19:47:26
6.90942	-53.17337	0	47	2021-09-25T19:52:26
6.91281	-53.17526	0	47	2021-09-25T19:57:24
6.91630	-53.17719	0	47	2021-09-25T20:02:26
6.91970	-53.17908	0	47	2021-09-25T20:07:25
6.92347	-53.18106	0	47	2021-09-25T20:12:57
6.92653	-53.18268	0	47	2021-09-25T20:17:25
6.92994	-53.18451	0	47	2021-09-25T20:22:24
6.93337	-53.18634	0	47	2021-09-25T20:27:22
6.93679	-53.18811	0	47	2021-09-25T20:32:19
6.94028	-53.18985	0	47	2021-09-25T20:37:24
6.94371	-53.19153	0	47	2021-09-25T20:42:23
6.94722	-53.19321	0	47	2021-09-25T20:47:21
6.95071	-53.19487	0	47	2021-09-25T20:52:19
6.95427	-53.19650	0	47	2021-09-25T20:57:19
6.95785	-53.19812	0	47	2021-09-25T21:02:21
6.96143	-53.19972	0	47	2021-09-25T21:07:53
6.96542	-53.20135	0	47	2021-09-25T21:12:53
6.96864	-53.20279	0	47	2021-09-25T21:17:23
6.97232	-53.20435	0	47	2021-09-25T21:22:20
6.97601	-53.20587	0	47	2021-09-25T21:27:23
6.97969	-53.20734	0	47	2021-09-25T21:32:22
6.98325	-53.20871	0	47	2021-09-25T21:37:22
6.98684	-53.21005	0	47	2021-09-25T21:42:19
6.99050	-53.21143	0	47	2021-09-25T21:47:20
6.99424	-53.21276	0	47	2021-09-25T21:52:20
6.99793	-53.21405	0	47	2021-09-25T21:57:19
7.00161	-53.21536	0	47	2021-09-25T22:02:18
7.00537	-53.21667	0	47	2021-09-25T22:07:55
7.00949	-53.21796	0	47	2021-09-25T22:12:55
7.01281	-53.21902	0	47	2021-09-25T22:17:21
7.01651	-53.22021	0	47	2021-09-25T22:22:22
7.02034	-53.22141	0	47	2021-09-25T22:27:26
7.02419	-53.22250	0	47	2021-09-25T22:32:24
7.02804	-53.22357	0	47	2021-09-25T22:37:26
7.03186	-53.22467	0	47	2021-09-25T22:42:26
7.03575	-53.22580	0	47	2021-09-25T22:47:27
7.03964	-53.22687	0	47	2021-09-25T22:52:31
7.04351	-53.22791	0	47	2021-09-25T22:57:29
7.04744	-53.22888	0	47	2021-09-25T23:02:29
7.05142	-53.22983	0	47	2021-09-25T23:07:30
7.05573	-53.23087	0	47	2021-09-25T23:12:55
7.05925	-53.23169	0	47	2021-09-25T23:17:27
7.06314	-53.23260	0	47	2021-09-25T23:22:29
7.06702	-53.23352	0	47	2021-09-25T23:27:26
7.07097	-53.23450	0	47	2021-09-25T23:32:27
7.07483	-53.23541	0	47	2021-09-25T23:37:27
7.07874	-53.23632	0	47	2021-09-25T23:42:25
7.08265	-53.23709	0	47	2021-09-25T23:47:25
7.08662	-53.23792	0	47	2021-09-25T23:52:26
7.09058	-53.23877	0	47	2021-09-25T23:57:24
7.09463	-53.23965	0	47	2021-09-26T00:02:25
7.09851	-53.24057	0	47	2021-09-26T00:07:26
7.10263	-53.24161	0	47	2021-09-26T00:12:56
7.10587	-53.24246	0	47	2021-09-26T00:17:24
7.10937	-53.24338	0	47	2021-09-26T00:22:27
7.11284	-53.24438	0	47	2021-09-26T00:27:23
7.11639	-53.24545	0	47	2021-09-26T00:32:28
7.11999	-53.24656	0	47	2021-09-26T00:37:27
7.12351	-53.24750	0	47	2021-09-26T00:42:27
7.12709	-53.24844	0	47	2021-09-26T00:47:25
7.13062	-53.24945	0	47	2021-09-26T00:52:28
7.13416	-53.25046	0	47	2021-09-26T00:57:28
7.13764	-53.25140	0	47	2021-09-26T01:02:27
7.14109	-53.25235	0	47	2021-09-26T01:07:26
7.14489	-53.25342	0	47	2021-09-26T01:12:56
7.14809	-53.25437	0	47	2021-09-26T01:17:28
7.15161	-53.25531	0	47	2021-09-26T01:22:27
7.15513	-53.25629	0	47	2021-09-26T01:27:27
7.15863	-53.25725	0	47	2021-09-26T01:32:29
7.16206	-53.25809	0	47	2021-09-26T01:37:28
7.16558	-53.25897	0	47	2021-09-26T01:42:30
7.16912	-53.25994	0	47	2021-09-26T01:47:30
7.17260	-53.26071	0	47	2021-09-26T01:52:30
7.17603	-53.26153	0	47	2021-09-26T01:57:29
7.17946	-53.26239	0	47	2021-09-26T02:02:29
7.18302	-53.26318	0	47	2021-09-26T02:07:31
7.18682	-53.26408	0	47	2021-09-26T02:12:31
7.18995	-53.26477	0	47	2021-09-26T02:17:31
7.19333	-53.26559	0	47	2021-09-26T02:22:29
7.19681	-53.26649	0	47	2021-09-26T02:27:29
7.20024	-53.26718	0	47	2021-09-26T02:32:29
7.20372	-53.26791	0	47	2021-09-26T02:37:27
7.20714	-53.26865	0	47	2021-09-26T02:42:28
7.21065	-53.26937	0	47	2021-09-26T02:47:29
7.21421	-53.27014	0	47	2021-09-26T02:52:29
7.21775	-53.27084	0	47	2021-09-26T02:57:27
7.22124	-53.27158	0	47	2021-09-26T03:02:29
7.22468	-53.27219	0	47	2021-09-26T03:07:32
7.22846	-53.27304	0	47	2021-09-26T03:12:55
7.23153	-53.27383	0	47	2021-09-26T03:17:33
7.23471	-53.27448	0	47	2021-09-26T03:22:31
7.23791	-53.27524	0	47	2021-09-26T03:27:29
7.24108	-53.27597	0	47	2021-09-26T03:32:32
7.24427	-53.27661	0	47	2021-09-26T03:37:30
7.24741	-53.27731	0	47	2021-09-26T03:42:31
7.25063	-53.27801	0	47	2021-09-26T03:47:31
7.25385	-53.27870	0	47	2021-09-26T03:52:30
7.25694	-53.27939	0	47	2021-09-26T03:57:30
7.26007	-53.28015	0	47	2021-09-26T04:02:31
7.26321	-53.28088	0	47	2021-09-26T04:07:28
7.26664	-53.28152	0	47	2021-09-26T04:12:55
7.26949	-53.28220	0	47	2021-09-26T04:17:29
7.27262	-53.28290	0	47	2021-09-26T04:22:26
7.27574	-53.28360	0	47	2021-09-26T04:27:24
7.28190	-53.28509	0	47	2021-09-26T04:37:24
7.28496	-53.28574	0	47	2021-09-26T04:42:22
7.28808	-53.28647	0	47	2021-09-26T04:47:23
7.29128	-53.28720	0	47	2021-09-26T04:52:21
7.29446	-53.28790	0	47	2021-09-26T04:57:24
7.29756	-53.28857	0	47	2021-09-26T05:02:22
7.30067	-53.28922	0	47	2021-09-26T05:07:25
7.30410	-53.28986	0	47	2021-09-26T05:12:57
7.30687	-53.29041	0	47	2021-09-26T05:17:25
7.30981	-53.29123	0	47	2021-09-26T05:22:25
7.31273	-53.29214	0	47	2021-09-26T05:27:26
7.31567	-53.29303	0	47	2021-09-26T05:32:23
7.31857	-53.29385	0	47	2021-09-26T05:37:24
7.32142	-53.29480	0	47	2021-09-26T05:42:21
7.32421	-53.29578	0	47	2021-09-26T05:47:18
7.32700	-53.29678	0	47	2021-09-26T05:52:18
7.32984	-53.29776	0	47	2021-09-26T05:57:18
7.33272	-53.29871	0	47	2021-09-26T06:02:16
7.33556	-53.29962	0	47	2021-09-26T06:07:14
7.33862	-53.30066	0	47	2021-09-26T06:12:38
7.34131	-53.30154	0	47	2021-09-26T06:17:15
7.34419	-53.30231	0	47	2021-09-26T06:22:15
7.34707	-53.30316	0	47	2021-09-26T06:27:16
7.34995	-53.30396	0	47	2021-09-26T06:32:14
7.35289	-53.30495	0	47	2021-09-26T06:37:18
7.35585	-53.30572	0	47	2021-09-26T06:42:18
7.35881	-53.30649	0	47	2021-09-26T06:47:17
7.36182	-53.30725	0	47	2021-09-26T06:52:17
7.36490	-53.30801	0	47	2021-09-26T06:57:18
7.36794	-53.30881	0	47	2021-09-26T07:02:20
7.37092	-53.30960	0	47	2021-09-26T07:07:19
7.37676	-53.31124	0	47	2021-09-26T07:17:11
7.37957	-53.31198	0	47	2021-09-26T07:22:15
7.38251	-53.31287	0	47	2021-09-26T07:27:12
7.38545	-53.31378	0	47	2021-09-26T07:32:12
7.38830	-53.31479	0	47	2021-09-26T07:37:14
7.39119	-53.31577	0	47	2021-09-26T07:42:13
7.39400	-53.31677	0	47	2021-09-26T07:47:15
7.39681	-53.31792	0	47	2021-09-26T07:52:16
7.39947	-53.31912	0	47	2021-09-26T07:57:16
7.40224	-53.32031	0	47	2021-09-26T08:02:18
7.40489	-53.32156	0	47	2021-09-26T08:07:18
7.40784	-53.32306	0	47	2021-09-26T08:12:54
7.41013	-53.32419	0	47	2021-09-26T08:17:13
7.41280	-53.32550	0	47	2021-09-26T08:22:14
7.41549	-53.32680	0	47	2021-09-26T08:27:17
7.41815	-53.32809	0	47	2021-09-26T08:32:16
7.42077	-53.32941	0	47	2021-09-26T08:37:15
7.42337	-53.33063	0	47	2021-09-26T08:42:13
7.42594	-53.33198	0	47	2021-09-26T08:47:17
7.42851	-53.33316	0	47	2021-09-26T08:52:14
7.43117	-53.33447	0	47	2021-09-26T08:57:16
7.43392	-53.33585	0	47	2021-09-26T09:02:15
7.43677	-53.33731	0	47	2021-09-26T09:07:18
7.43986	-53.33877	0	47	2021-09-26T09:12:18
7.44235	-53.33997	0	47	2021-09-26T09:17:19
7.44528	-53.34134	0	47	2021-09-26T09:22:17
7.44842	-53.34278	0	47	2021-09-26T09:27:19
7.45155	-53.34415	0	47	2021-09-26T09:32:18
7.45467	-53.34552	0	47	2021-09-26T09:37:21
7.45784	-53.34686	0	47	2021-09-26T09:42:19
7.46106	-53.34827	0	47	2021-09-26T09:47:24
7.46429	-53.34971	0	47	2021-09-26T09:52:21
7.46755	-53.35117	0	47	2021-09-26T09:57:22
7.47078	-53.35257	0	47	2021-09-26T10:02:19
7.47400	-53.35397	0	47	2021-09-26T10:07:20
7.47759	-53.35562	0	47	2021-09-26T10:12:54
7.48043	-53.35690	0	47	2021-09-26T10:17:15
7.48367	-53.35840	0	47	2021-09-26T10:22:14
7.48693	-53.35986	0	47	2021-09-26T10:27:15
7.49009	-53.36133	0	47	2021-09-26T10:32:13
7.49314	-53.36270	0	47	2021-09-26T10:37:14
7.49610	-53.36401	0	47	2021-09-26T10:42:14
7.49913	-53.36526	0	47	2021-09-26T10:47:14
7.50246	-53.36670	0	47	2021-09-26T10:52:15
7.50582	-53.36816	0	47	2021-09-26T10:57:13
7.50916	-53.36972	0	47	2021-09-26T11:02:14
7.51244	-53.37112	0	47	2021-09-26T11:07:15
7.51591	-53.37259	0	47	2021-09-26T11:12:38
7.51886	-53.37378	0	47	2021-09-26T11:17:12
7.52202	-53.37509	0	47	2021-09-26T11:22:13
7.52522	-53.37640	0	47	2021-09-26T11:27:14
7.52833	-53.37775	0	47	2021-09-26T11:32:12
7.53141	-53.37916	0	47	2021-09-26T11:37:13
7.53446	-53.38053	0	47	2021-09-26T11:42:13
7.53759	-53.38199	0	47	2021-09-26T11:47:14
7.54060	-53.38333	0	47	2021-09-26T11:52:13
7.54362	-53.38464	0	47	2021-09-26T11:57:14
7.54647	-53.38580	0	47	2021-09-26T12:02:12
7.54927	-53.38693	0	47	2021-09-26T12:07:14
7.55221	-53.38800	0	47	2021-09-26T12:12:36
7.55477	-53.38897	0	47	2021-09-26T12:17:14
7.55730	-53.38980	0	47	2021-09-26T12:22:12
7.55975	-53.39069	0	47	2021-09-26T12:27:13
7.56215	-53.39151	0	47	2021-09-26T12:32:15
7.56447	-53.39224	0	47	2021-09-26T12:37:18
7.56678	-53.39302	0	47	2021-09-26T12:42:15
7.56918	-53.39371	0	47	2021-09-26T12:47:15
7.57154	-53.39444	0	47	2021-09-26T12:52:17
7.57390	-53.39524	0	47	2021-09-26T12:57:13
7.57622	-53.39601	0	47	2021-09-26T13:02:12
7.57849	-53.39670	0	47	2021-09-26T13:07:12
7.58097	-53.39752	0	47	2021-09-26T13:12:36
7.58311	-53.39813	0	47	2021-09-26T13:17:14
7.58535	-53.39880	0	47	2021-09-26T13:22:15
7.58758	-53.39944	0	47	2021-09-26T13:27:12
7.58992	-53.40015	0	47	2021-09-26T13:32:13
7.59233	-53.40082	0	47	2021-09-26T13:37:12
7.59480	-53.40149	0	47	2021-09-26T13:42:10
7.59726	-53.40225	0	47	2021-09-26T13:47:11
7.59960	-53.40301	0	47	2021-09-26T13:52:12
7.60192	-53.40378	0	47	2021-09-26T13:57:13
7.60423	-53.40457	0	47	2021-09-26T14:02:10
7.60661	-53.40536	0	47	2021-09-26T14:07:08
7.60923	-53.40622	0	47	2021-09-26T14:12:38
7.61147	-53.40692	0	47	2021-09-26T14:17:09
7.61397	-53.40771	0	47	2021-09-26T14:22:08
7.61645	-53.40857	0	47	2021-09-26T14:27:11
7.61893	-53.40942	0	47	2021-09-26T14:32:11
7.62151	-53.41027	0	47	2021-09-26T14:37:11
7.62408	-53.41113	0	47	2021-09-26T14:42:10
7.62663	-53.41196	0	47	2021-09-26T14:47:11
7.62924	-53.41270	0	47	2021-09-26T14:52:11
7.63181	-53.41339	0	47	2021-09-26T14:57:12
7.63450	-53.41422	0	47	2021-09-26T15:02:11
7.63719	-53.41504	0	47	2021-09-26T15:07:10
7.64024	-53.41602	0	47	2021-09-26T15:12:10
7.64277	-53.41679	0	47	2021-09-26T15:17:11
7.64526	-53.41748	0	47	2021-09-26T15:22:11
7.64746	-53.41812	0	47	2021-09-26T15:27:12
7.64916	-53.41849	0	47	2021-09-26T15:32:10
7.65090	-53.41888	0	47	2021-09-26T15:37:11
7.65306	-53.41953	0	47	2021-09-26T15:42:12
7.65545	-53.42035	0	47	2021-09-26T15:47:13
7.65784	-53.42114	0	47	2021-09-26T15:52:17
7.66016	-53.42200	0	47	2021-09-26T15:57:17
7.66237	-53.42285	0	47	2021-09-26T16:02:15
7.66458	-53.42365	0	47	2021-09-26T16:07:19
7.66703	-53.42451	0	47	2021-09-26T16:12:17
7.66896	-53.42511	0	47	2021-09-26T16:17:17
7.67128	-53.42590	0	47	2021-09-26T16:22:18
7.67362	-53.42676	0	47	2021-09-26T16:27:19
7.67605	-53.42764	0	47	2021-09-26T16:32:19
7.67852	-53.42859	0	47	2021-09-26T16:37:21
7.68099	-53.42947	0	47	2021-09-26T16:42:19
7.68352	-53.43036	0	47	2021-09-26T16:47:20
7.68602	-53.43124	0	47	2021-09-26T16:52:16
7.68861	-53.43219	0	47	2021-09-26T16:57:19
7.69127	-53.43314	0	47	2021-09-26T17:02:24
7.69390	-53.43408	0	47	2021-09-26T17:07:23
7.69683	-53.43518	0	47	2021-09-26T17:12:54
7.69919	-53.43610	0	47	2021-09-26T17:17:24
7.70182	-53.43710	0	47	2021-09-26T17:22:24
7.70455	-53.43811	0	47	2021-09-26T17:27:26
7.70727	-53.43909	0	47	2021-09-26T17:32:26
7.70999	-53.44006	0	47	2021-09-26T17:37:28
7.71270	-53.44103	0	47	2021-09-26T17:42:28
7.71545	-53.44189	0	47	2021-09-26T17:47:28
7.71820	-53.44287	0	47	2021-09-26T17:52:30
7.72091	-53.44388	0	47	2021-09-26T17:57:31
7.72368	-53.44504	0	47	2021-09-26T18:02:56
7.72644	-53.44604	0	47	2021-09-26T18:07:32
7.72952	-53.44727	0	47	2021-09-26T18:12:57
7.73207	-53.44827	0	47	2021-09-26T18:17:29
7.73474	-53.44928	0	47	2021-09-26T18:22:30
7.73731	-53.45029	0	47	2021-09-26T18:27:28
7.73995	-53.45126	0	47	2021-09-26T18:32:29
7.74266	-53.45233	0	47	2021-09-26T18:37:29
7.74551	-53.45341	0	47	2021-09-26T18:42:31
7.74826	-53.45444	0	47	2021-09-26T18:47:32
7.75091	-53.45547	0	47	2021-09-26T18:52:29
7.75357	-53.45648	0	47	2021-09-26T18:57:32
7.75628	-53.45748	0	47	2021-09-26T19:02:31
7.75894	-53.45834	0	47	2021-09-26T19:07:31
7.76186	-53.45935	0	47	2021-09-26T19:12:56
7.76433	-53.46017	0	47	2021-09-26T19:17:30
7.76703	-53.46109	0	47	2021-09-26T19:22:30
7.76976	-53.46204	0	47	2021-09-26T19:27:31
7.77238	-53.46290	0	47	2021-09-26T19:32:31
7.77504	-53.46384	0	47	2021-09-26T19:37:30
7.77764	-53.46472	0	47	2021-09-26T19:42:26
7.78019	-53.46561	0	47	2021-09-26T19:47:30
7.78272	-53.46646	0	47	2021-09-26T19:52:24
7.78538	-53.46735	0	47	2021-09-26T19:57:28
7.78790	-53.46817	0	47	2021-09-26T20:02:28
7.79047	-53.46893	0	47	2021-09-26T20:07:29
7.79335	-53.46979	0	47	2021-09-26T20:12:54
7.79572	-53.47049	0	47	2021-09-26T20:17:28
7.79834	-53.47125	0	47	2021-09-26T20:22:25
7.80095	-53.47202	0	47	2021-09-26T20:27:25
7.80349	-53.47269	0	47	2021-09-26T20:32:26
7.80603	-53.47343	0	47	2021-09-26T20:37:26
7.80869	-53.47412	0	47	2021-09-26T20:42:25
7.81124	-53.47479	0	47	2021-09-26T20:47:25
7.81394	-53.47560	0	47	2021-09-26T20:52:25
7.81664	-53.47629	0	47	2021-09-26T20:57:24
7.81926	-53.47693	0	47	2021-09-26T21:02:25
7.82206	-53.47757	0	47	2021-09-26T21:07:25
7.82518	-53.47824	0	47	2021-09-26T21:12:53
7.82762	-53.47873	0	47	2021-09-26T21:17:26
7.83045	-53.47931	0	47	2021-09-26T21:22:28
7.83326	-53.48001	0	47	2021-09-26T21:27:29
7.83602	-53.48063	0	47	2021-09-26T21:32:29
7.83877	-53.48123	0	47	2021-09-26T21:37:30
7.84150	-53.48178	0	47	2021-09-26T21:42:30
7.84422	-53.48236	0	47	2021-09-26T21:47:32
7.84689	-53.48291	0	47	2021-09-26T21:52:30
7.84957	-53.48346	0	47	2021-09-26T21:57:30
7.85231	-53.48405	0	47	2021-09-26T22:02:31
7.85484	-53.48456	0	47	2021-09-26T22:07:31
7.85762	-53.48509	0	47	2021-09-26T22:12:33
7.85998	-53.48560	0	47	2021-09-26T22:17:33
7.86262	-53.48621	0	47	2021-09-26T22:22:34
7.86518	-53.48669	0	47	2021-09-26T22:27:32
7.86782	-53.48721	0	47	2021-09-26T22:32:28
7.87048	-53.48764	0	47	2021-09-26T22:37:32
7.87311	-53.48813	0	47	2021-09-26T22:42:30
7.87571	-53.48859	0	47	2021-09-26T22:47:33
7.87829	-53.48901	0	47	2021-09-26T22:52:35
7.88096	-53.48950	0	47	2021-09-26T22:57:33
7.88365	-53.49002	0	47	2021-09-26T23:02:36
7.88631	-53.49067	0	47	2021-09-26T23:07:57
7.88919	-53.49118	0	47	2021-09-26T23:12:58
7.89162	-53.49176	0	47	2021-09-26T23:17:35
7.89431	-53.49225	0	47	2021-09-26T23:22:33
7.89710	-53.49283	0	47	2021-09-26T23:27:34
7.89980	-53.49344	0	47	2021-09-26T23:32:35
7.90246	-53.49412	0	47	2021-09-26T23:37:31
7.90508	-53.49463	0	47	2021-09-26T23:42:31
7.90777	-53.49527	0	47	2021-09-26T23:47:32
7.91049	-53.49585	0	47	2021-09-26T23:52:33
7.91307	-53.49625	0	47	2021-09-26T23:57:30
7.91561	-53.49664	0	47	2021-09-27T00:02:31
7.91807	-53.49683	0	47	2021-09-27T00:07:30
7.92069	-53.49704	0	47	2021-09-27T00:12:59
7.92302	-53.49744	0	47	2021-09-27T00:17:29
7.92534	-53.49744	0	47	2021-09-27T00:22:31
7.92768	-53.49753	0	47	2021-09-27T00:27:28
7.93009	-53.49774	0	47	2021-09-27T00:32:28
7.93247	-53.49799	0	47	2021-09-27T00:37:29
7.93478	-53.49814	0	47	2021-09-27T00:42:27
7.93706	-53.49832	0	47	2021-09-27T00:47:28
7.93939	-53.49850	0	47	2021-09-27T00:52:26
7.94175	-53.49860	0	47	2021-09-27T00:57:28
7.94416	-53.49875	0	47	2021-09-27T01:02:23
7.94643	-53.49884	0	47	2021-09-27T01:07:24
7.94901	-53.49896	0	47	2021-09-27T01:12:58
7.95111	-53.49915	0	47	2021-09-27T01:17:25
7.95347	-53.49927	0	47	2021-09-27T01:22:23
7.95576	-53.49927	0	47	2021-09-27T01:27:26
7.95807	-53.49933	0	47	2021-09-27T01:32:25
7.96036	-53.49936	0	47	2021-09-27T01:37:25
7.96277	-53.49942	0	47	2021-09-27T01:42:30
7.96508	-53.49948	0	47	2021-09-27T01:47:29
7.96734	-53.49942	0	47	2021-09-27T01:52:28
7.96967	-53.49942	0	47	2021-09-27T01:57:28
7.97209	-53.49936	0	47	2021-09-27T02:02:29
7.97448	-53.49933	0	47	2021-09-27T02:07:30
7.97706	-53.49918	0	47	2021-09-27T02:12:55
7.97935	-53.49911	0	47	2021-09-27T02:17:35
7.98177	-53.49905	0	47	2021-09-27T02:22:33
7.98425	-53.49890	0	47	2021-09-27T02:27:33
7.98677	-53.49881	0	47	2021-09-27T02:32:35
7.98937	-53.49872	0	47	2021-09-27T02:37:32
7.99188	-53.49857	0	47	2021-09-27T02:42:33
7.99442	-53.49838	0	47	2021-09-27T02:47:36
7.99686	-53.49811	0	47	2021-09-27T02:52:40
7.99931	-53.49787	0	47	2021-09-27T02:57:34
8.00176	-53.49753	0	47	2021-09-27T03:02:34
8.00414	-53.49731	0	47	2021-09-27T03:07:32
8.00671	-53.49689	0	47	2021-09-27T03:13:03
8.00883	-53.49664	0	47	2021-09-27T03:17:35
8.01116	-53.49625	0	47	2021-09-27T03:22:35
8.01347	-53.49591	0	47	2021-09-27T03:27:35
8.01587	-53.49539	0	47	2021-09-27T03:32:33
8.01823	-53.49484	0	47	2021-09-27T03:37:38
8.02058	-53.49438	0	47	2021-09-27T03:42:35
8.02289	-53.49387	0	47	2021-09-27T03:47:35
8.02533	-53.49341	0	47	2021-09-27T03:52:36
8.02779	-53.49289	0	47	2021-09-27T03:57:37
8.03018	-53.49246	0	47	2021-09-27T04:02:38
8.03265	-53.49197	0	47	2021-09-27T04:07:36
8.03515	-53.49152	0	47	2021-09-27T04:12:55
8.03738	-53.49100	0	47	2021-09-27T04:17:40
8.03974	-53.49042	0	47	2021-09-27T04:22:42
8.04210	-53.48999	0	47	2021-09-27T04:27:43
8.04448	-53.48953	0	47	2021-09-27T04:32:43
8.04688	-53.48911	0	47	2021-09-27T04:37:43
8.04914	-53.48868	0	47	2021-09-27T04:42:42
8.05150	-53.48819	0	47	2021-09-27T04:47:46
8.05385	-53.48785	0	47	2021-09-27T04:52:51
8.05622	-53.48755	0	47	2021-09-27T04:57:48
8.05861	-53.48727	0	47	2021-09-27T05:02:52
8.06095	-53.48706	0	47	2021-09-27T05:07:53
8.06353	-53.48682	0	47	2021-09-27T05:13:25
8.06563	-53.48666	0	47	2021-09-27T05:17:55
8.06795	-53.48645	0	47	2021-09-27T05:22:55
8.07025	-53.48618	0	47	2021-09-27T05:27:57
8.07263	-53.48596	0	47	2021-09-27T05:32:57
8.07494	-53.48558	0	47	2021-09-27T05:37:57
8.07722	-53.48541	0	47	2021-09-27T05:42:56
8.07952	-53.48514	0	47	2021-09-27T05:47:57
8.08188	-53.48489	0	47	2021-09-27T05:52:57
8.08411	-53.48465	0	47	2021-09-27T05:57:58
8.08630	-53.48431	0	47	2021-09-27T06:02:56
8.08849	-53.48401	0	47	2021-09-27T06:07:57
8.09088	-53.48358	0	47	2021-09-27T06:13:27
8.09291	-53.48322	0	47	2021-09-27T06:17:58
8.09512	-53.48282	0	47	2021-09-27T06:22:58
8.09723	-53.48236	0	47	2021-09-27T06:27:58
8.09934	-53.48190	0	47	2021-09-27T06:33:00
8.10136	-53.48148	0	47	2021-09-27T06:38:02
8.10341	-53.48090	0	47	2021-09-27T06:43:05
8.10530	-53.48062	0	47	2021-09-27T06:48:03
8.10713	-53.48013	0	47	2021-09-27T06:53:04
8.10900	-53.47958	0	47	2021-09-27T06:58:05
8.11088	-53.47900	0	47	2021-09-27T07:03:02
8.11273	-53.47849	0	47	2021-09-27T07:08:02
8.11466	-53.47791	0	47	2021-09-27T07:13:25
8.11628	-53.47742	0	47	2021-09-27T07:18:01
8.11797	-53.47681	0	47	2021-09-27T07:23:04
8.11969	-53.47612	0	47	2021-09-27T07:28:02
8.12140	-53.47552	0	47	2021-09-27T07:33:02
8.12313	-53.47498	0	47	2021-09-27T07:38:00
8.12486	-53.47433	0	47	2021-09-27T07:43:01
8.12658	-53.47372	0	47	2021-09-27T07:47:58
8.12823	-53.47304	0	47	2021-09-27T07:52:59
8.12989	-53.47244	0	47	2021-09-27T07:57:59
8.13164	-53.47186	0	47	2021-09-27T08:03:04
8.13324	-53.47122	0	47	2021-09-27T08:08:01
8.13496	-53.47073	0	47	2021-09-27T08:13:26
8.13641	-53.47022	0	47	2021-09-27T08:17:59
8.13800	-53.46979	0	47	2021-09-27T08:23:00
8.13967	-53.46927	0	47	2021-09-27T08:28:04
8.14129	-53.46878	0	47	2021-09-27T08:33:01
8.14283	-53.46835	0	47	2021-09-27T08:38:01
8.14438	-53.46786	0	47	2021-09-27T08:42:59
8.14591	-53.46747	0	47	2021-09-27T08:48:00
8.14750	-53.46705	0	47	2021-09-27T08:53:01
8.14908	-53.46671	0	47	2021-09-27T08:58:02
8.15076	-53.46628	0	47	2021-09-27T09:03:02
8.15240	-53.46579	0	47	2021-09-27T09:08:00
8.15424	-53.46524	0	47	2021-09-27T09:13:26
8.15570	-53.46482	0	47	2021-09-27T09:18:02
8.15729	-53.46448	0	47	2021-09-27T09:23:02
8.15884	-53.46396	0	47	2021-09-27T09:27:59
8.16045	-53.46324	0	47	2021-09-27T09:33:00
8.16198	-53.46255	0	47	2021-09-27T09:38:00
8.16357	-53.46191	0	47	2021-09-27T09:43:01
8.16505	-53.46118	0	47	2021-09-27T09:48:02
8.16663	-53.46028	0	47	2021-09-27T09:53:00
8.16822	-53.45968	0	47	2021-09-27T09:58:01
8.16994	-53.45908	0	47	2021-09-27T10:03:01
8.17170	-53.45850	0	47	2021-09-27T10:07:59
8.17367	-53.45795	0	47	2021-09-27T10:13:26
8.17539	-53.45768	0	47	2021-09-27T10:18:04
8.17728	-53.45734	0	47	2021-09-27T10:23:04
8.17922	-53.45700	0	47	2021-09-27T10:28:02
8.18113	-53.45662	0	47	2021-09-27T10:33:06
8.18302	-53.45636	0	47	2021-09-27T10:38:07
8.18491	-53.45593	0	47	2021-09-27T10:43:07
8.18683	-53.45554	0	47	2021-09-27T10:48:05
8.18884	-53.45517	0	47	2021-09-27T10:53:10
8.19064	-53.45483	0	47	2021-09-27T10:58:10
8.19256	-53.45453	0	47	2021-09-27T11:03:08
8.19458	-53.45425	0	47	2021-09-27T11:08:38
8.19673	-53.45416	0	47	2021-09-27T11:13:37
8.19853	-53.45389	0	47	2021-09-27T11:18:13
8.20046	-53.45361	0	47	2021-09-27T11:23:11
8.20240	-53.45334	0	47	2021-09-27T11:28:12
8.20433	-53.45325	0	47	2021-09-27T11:33:13
8.20632	-53.45309	0	47	2021-09-27T11:38:14
8.20829	-53.45309	0	47	2021-09-27T11:43:11
8.21035	-53.45294	0	47	2021-09-27T11:48:16
8.21241	-53.45294	0	47	2021-09-27T11:53:19
8.21444	-53.45288	0	47	2021-09-27T11:58:17
8.21641	-53.45282	0	47	2021-09-27T12:03:19
8.21836	-53.45270	0	47	2021-09-27T12:08:19
8.22039	-53.45285	0	47	2021-09-27T12:13:54
8.22198	-53.45285	0	47	2021-09-27T12:18:17
8.22372	-53.45291	0	47	2021-09-27T12:23:14
8.22551	-53.45303	0	47	2021-09-27T12:28:19
8.22719	-53.45303	0	47	2021-09-27T12:33:19
8.22894	-53.45306	0	47	2021-09-27T12:38:13
8.23081	-53.45313	0	47	2021-09-27T12:43:18
8.23269	-53.45322	0	47	2021-09-27T12:48:18
8.23455	-53.45331	0	47	2021-09-27T12:53:18
8.23630	-53.45331	0	47	2021-09-27T12:58:16
8.23783	-53.45331	0	47	2021-09-27T13:03:17
8.23917	-53.45331	0	47	2021-09-27T13:08:13
8.24078	-53.45325	0	47	2021-09-27T13:13:56
8.24179	-53.45316	0	47	2021-09-27T13:18:15
8.24285	-53.45306	0	47	2021-09-27T13:23:16
8.24400	-53.45294	0	47	2021-09-27T13:28:13
8.24518	-53.45285	0	47	2021-09-27T13:33:14
8.24633	-53.45279	0	47	2021-09-27T13:38:11
8.24740	-53.45270	0	47	2021-09-27T13:43:13
8.24855	-53.45261	0	47	2021-09-27T13:48:12
8.25081	-53.45242	0	47	2021-09-27T13:58:11
8.25219	-53.45242	0	47	2021-09-27T14:03:12
8.25348	-53.45242	0	47	2021-09-27T14:08:12
8.25488	-53.45227	0	47	2021-09-27T14:13:37
8.25605	-53.45209	0	47	2021-09-27T14:18:11
8.25733	-53.45209	0	47	2021-09-27T14:23:11
8.25855	-53.45206	0	47	2021-09-27T14:28:13
8.25980	-53.45203	0	47	2021-09-27T14:33:13
8.26108	-53.45187	0	47	2021-09-27T14:38:17
8.26225	-53.45178	0	47	2021-09-27T14:43:17
8.26345	-53.45169	0	47	2021-09-27T14:48:16
8.26460	-53.45157	0	47	2021-09-27T14:53:15
8.26581	-53.45148	0	47	2021-09-27T14:58:16
8.26708	-53.45142	0	47	2021-09-27T15:03:14
8.26831	-53.45132	0	47	2021-09-27T15:08:15
8.26966	-53.45126	0	47	2021-09-27T15:13:36
8.27084	-53.45120	0	47	2021-09-27T15:18:13
8.27213	-53.45120	0	47	2021-09-27T15:23:13
8.27349	-53.45117	0	47	2021-09-27T15:28:11
8.27487	-53.45114	0	47	2021-09-27T15:33:11
8.27630	-53.45111	0	47	2021-09-27T15:38:15
8.27779	-53.45111	0	47	2021-09-27T15:43:14
8.27926	-53.45117	0	47	2021-09-27T15:48:14
8.28073	-53.45127	0	47	2021-09-27T15:53:16
8.28215	-53.45136	0	47	2021-09-27T15:58:16
8.28356	-53.45145	0	47	2021-09-27T16:03:17
8.28499	-53.45148	0	47	2021-09-27T16:08:16
8.28670	-53.45151	0	47	2021-09-27T16:13:53
8.28805	-53.45157	0	47	2021-09-27T16:18:16
8.28958	-53.45160	0	47	2021-09-27T16:23:19
8.29116	-53.45157	0	47	2021-09-27T16:28:17
8.29275	-53.45157	0	47	2021-09-27T16:33:18
8.29433	-53.45154	0	47	2021-09-27T16:38:18
8.29594	-53.45142	0	47	2021-09-27T16:43:16
8.29753	-53.45126	0	47	2021-09-27T16:48:16
8.29920	-53.45117	0	47	2021-09-27T16:53:22
8.30078	-53.45108	0	47	2021-09-27T16:58:22
8.30246	-53.45099	0	47	2021-09-27T17:03:22
8.30409	-53.45090	0	47	2021-09-27T17:08:20
8.30589	-53.45084	0	47	2021-09-27T17:13:56
8.30729	-53.45078	0	47	2021-09-27T17:18:15
8.30893	-53.45065	0	47	2021-09-27T17:23:19
8.31047	-53.45062	0	47	2021-09-27T17:28:17
8.31193	-53.45047	0	47	2021-09-27T17:33:18
8.31335	-53.45032	0	47	2021-09-27T17:38:17
8.31485	-53.45029	0	47	2021-09-27T17:43:17
8.31625	-53.45016	0	47	2021-09-27T17:48:12
8.31771	-53.45007	0	47	2021-09-27T17:53:12
8.31911	-53.44986	0	47	2021-09-27T17:58:13
8.32051	-53.44971	0	47	2021-09-27T18:03:14
8.32194	-53.44957	0	47	2021-09-27T18:08:38
8.32341	-53.44940	0	47	2021-09-27T18:13:39
8.32471	-53.44925	0	47	2021-09-27T18:18:13
8.32616	-53.44913	0	47	2021-09-27T18:23:11
8.32752	-53.44913	0	47	2021-09-27T18:28:08
8.32888	-53.44913	0	47	2021-09-27T18:33:08
8.33024	-53.44931	0	47	2021-09-27T18:38:09
8.33306	-53.44986	0	47	2021-09-27T18:48:13
8.33449	-53.45012	0	47	2021-09-27T18:53:12
8.33586	-53.45038	0	47	2021-09-27T18:58:12
8.33731	-53.45074	0	47	2021-09-27T19:03:12
8.33878	-53.45108	0	47	2021-09-27T19:08:37
8.34055	-53.45151	0	47	2021-09-27T19:13:38
8.34206	-53.45184	0	47	2021-09-27T19:18:16
8.34370	-53.45221	0	47	2021-09-27T19:23:16
8.34531	-53.45264	0	47	2021-09-27T19:28:17
8.34686	-53.45306	0	47	2021-09-27T19:33:17
8.34847	-53.45349	0	47	2021-09-27T19:38:15
8.35009	-53.45389	0	47	2021-09-27T19:43:19
8.35169	-53.45428	0	47	2021-09-27T19:48:18
8.35333	-53.45462	0	47	2021-09-27T19:53:18
8.35495	-53.45496	0	47	2021-09-27T19:58:18
8.35657	-53.45526	0	47	2021-09-27T20:03:16
8.35816	-53.45557	0	47	2021-09-27T20:08:16
8.36149	-53.45625	0	47	2021-09-27T20:18:18
8.36316	-53.45651	0	47	2021-09-27T20:23:19
8.36492	-53.45685	0	47	2021-09-27T20:28:19
8.36666	-53.45728	0	47	2021-09-27T20:33:20
8.36843	-53.45767	0	47	2021-09-27T20:38:18
8.37018	-53.45804	0	47	2021-09-27T20:43:17
8.37190	-53.45844	0	47	2021-09-27T20:48:18
8.37354	-53.45883	0	47	2021-09-27T20:53:16
8.37524	-53.45929	0	47	2021-09-27T20:58:14
8.37701	-53.45981	0	47	2021-09-27T21:03:17
8.37886	-53.46027	0	47	2021-09-27T21:08:18
8.38096	-53.46082	0	47	2021-09-27T21:13:13
8.38259	-53.46125	0	47	2021-09-27T21:18:13
8.38448	-53.46176	0	47	2021-09-27T21:23:14
8.38639	-53.46225	0	47	2021-09-27T21:28:15
8.38824	-53.46277	0	47	2021-09-27T21:33:12
8.39004	-53.46335	0	47	2021-09-27T21:38:11
8.39175	-53.46381	0	47	2021-09-27T21:43:13
8.39352	-53.46429	0	47	2021-09-27T21:48:10
8.39528	-53.46481	0	47	2021-09-27T21:53:08
8.39714	-53.46539	0	47	2021-09-27T21:58:08
8.39888	-53.46591	0	47	2021-09-27T22:03:05
8.40056	-53.46640	0	47	2021-09-27T22:08:06
8.40241	-53.46698	0	47	2021-09-27T22:13:27
8.40403	-53.46747	0	47	2021-09-27T22:18:04
8.40574	-53.46790	0	47	2021-09-27T22:23:04
8.40745	-53.46826	0	47	2021-09-27T22:28:05
8.40919	-53.46869	0	47	2021-09-27T22:33:06
8.41095	-53.46918	0	47	2021-09-27T22:38:04
8.41276	-53.46973	0	47	2021-09-27T22:43:03
8.41455	-53.47028	0	47	2021-09-27T22:48:08
8.41635	-53.47083	0	47	2021-09-27T22:53:05
8.41818	-53.47144	0	47	2021-09-27T22:58:02
8.41998	-53.47202	0	47	2021-09-27T23:03:03
8.42179	-53.47260	0	47	2021-09-27T23:08:01
8.42376	-53.47311	0	47	2021-09-27T23:13:26
8.42526	-53.47345	0	47	2021-09-27T23:17:58
8.42693	-53.47385	0	47	2021-09-27T23:23:00
8.42866	-53.47437	0	47	2021-09-27T23:27:59
8.43036	-53.47495	0	47	2021-09-27T23:33:01
8.43201	-53.47549	0	47	2021-09-27T23:37:59
8.43366	-53.47592	0	47	2021-09-27T23:43:03
8.43528	-53.47638	0	47	2021-09-27T23:48:03
8.43695	-53.47681	0	47	2021-09-27T23:53:02
8.43856	-53.47714	0	47	2021-09-27T23:58:02
8.44018	-53.47754	0	47	2021-09-28T00:03:03
8.44190	-53.47807	0	47	2021-09-28T00:08:00
8.44364	-53.47833	0	47	2021-09-28T00:13:27
8.44516	-53.47867	0	47	2021-09-28T00:18:01
8.44680	-53.47894	0	47	2021-09-28T00:22:59
8.44847	-53.47926	0	47	2021-09-28T00:28:02
8.45006	-53.47943	0	47	2021-09-28T00:33:01
8.45168	-53.47974	0	47	2021-09-28T00:38:00
8.45332	-53.48010	0	47	2021-09-28T00:43:01
8.45501	-53.48050	0	47	2021-09-28T00:48:02
8.45675	-53.48088	0	47	2021-09-28T00:53:02
8.45675	-53.48083	0	47	2021-09-28T00:53:08
8.45842	-53.48105	0	47	2021-09-28T00:58:01
8.46002	-53.48117	0	47	2021-09-28T01:03:01
8.46165	-53.48129	0	47	2021-09-28T01:08:02
8.46350	-53.48148	0	47	2021-09-28T01:13:26
8.46491	-53.48154	0	47	2021-09-28T01:18:04
8.46667	-53.48169	0	47	2021-09-28T01:23:05
8.46840	-53.48199	0	47	2021-09-28T01:28:03
8.46998	-53.48199	0	47	2021-09-28T01:33:03
8.47176	-53.48221	0	47	2021-09-28T01:38:16
8.47336	-53.48239	0	47	2021-09-28T01:43:08
8.47499	-53.48248	0	47	2021-09-28T01:48:12
8.47664	-53.48264	0	47	2021-09-28T01:53:11
8.47824	-53.48267	0	47	2021-09-28T01:58:10
8.47995	-53.48285	0	47	2021-09-28T02:03:11
8.48154	-53.48306	0	47	2021-09-28T02:08:24
8.48316	-53.48315	0	47	2021-09-28T02:13:25
8.48470	-53.48325	0	47	2021-09-28T02:18:06
8.48629	-53.48325	0	47	2021-09-28T02:23:06
8.48799	-53.48337	0	47	2021-09-28T02:28:04
8.48966	-53.48340	0	47	2021-09-28T02:33:06
8.49139	-53.48343	0	47	2021-09-28T02:38:09
8.49306	-53.48343	0	47	2021-09-28T02:43:08
8.49485	-53.48346	0	47	2021-09-28T02:48:11
8.49657	-53.48352	0	47	2021-09-28T02:53:09
8.49841	-53.48358	0	47	2021-09-28T02:58:10
8.50010	-53.48358	0	47	2021-09-28T03:03:10
8.50184	-53.48364	0	47	2021-09-28T03:08:08
8.50367	-53.48358	0	47	2021-09-28T03:13:28
8.50531	-53.48368	0	47	2021-09-28T03:18:06
8.50708	-53.48377	0	47	2021-09-28T03:23:06
8.50880	-53.48386	0	47	2021-09-28T03:28:07
8.51056	-53.48392	0	47	2021-09-28T03:33:08
8.51225	-53.48383	0	47	2021-09-28T03:38:09
8.51394	-53.48380	0	47	2021-09-28T03:43:08
8.51557	-53.48367	0	47	2021-09-28T03:48:06
8.51727	-53.48364	0	47	2021-09-28T03:53:08
8.51889	-53.48358	0	47	2021-09-28T03:58:05
8.52056	-53.48358	0	47	2021-09-28T04:03:06
8.52219	-53.48358	0	47	2021-09-28T04:08:06
8.52389	-53.48343	0	47	2021-09-28T04:13:25
8.52538	-53.48331	0	47	2021-09-28T04:18:07
8.52710	-53.48331	0	47	2021-09-28T04:23:07
8.52881	-53.48328	0	47	2021-09-28T04:28:05
8.53045	-53.48300	0	47	2021-09-28T04:33:06
8.53215	-53.48285	0	47	2021-09-28T04:38:04
8.53378	-53.48257	0	47	2021-09-28T04:43:07
8.53546	-53.48233	0	47	2021-09-28T04:48:04
8.53700	-53.48216	0	47	2021-09-28T04:53:03
8.53852	-53.48197	0	47	2021-09-28T04:58:03
8.53850	-53.48199	0	47	2021-09-28T04:58:03
8.54006	-53.48180	0	47	2021-09-28T05:03:03
8.54006	-53.48178	0	47	2021-09-28T05:03:04
8.54160	-53.48154	0	47	2021-09-28T05:08:02
8.54326	-53.48123	0	47	2021-09-28T05:13:28
8.54466	-53.48090	0	47	2021-09-28T05:18:01
8.54622	-53.48050	0	47	2021-09-28T05:23:02
8.54782	-53.48016	0	47	2021-09-28T05:28:00
8.54942	-53.47971	0	47	2021-09-28T05:32:57
8.55103	-53.47931	0	47	2021-09-28T05:37:59
8.55258	-53.47888	0	47	2021-09-28T05:42:59
8.55406	-53.47849	0	47	2021-09-28T05:47:57
8.55547	-53.47815	0	47	2021-09-28T05:52:57
8.55692	-53.47781	0	47	2021-09-28T05:57:55
8.55836	-53.47751	0	47	2021-09-28T06:02:54
8.55983	-53.47715	0	47	2021-09-28T06:07:57
8.56140	-53.47699	0	47	2021-09-28T06:13:26
8.56263	-53.47681	0	47	2021-09-28T06:17:58
8.56392	-53.47641	0	47	2021-09-28T06:22:55
8.56517	-53.47601	0	47	2021-09-28T06:27:54
8.56659	-53.47556	0	47	2021-09-28T06:32:55
8.56808	-53.47528	0	47	2021-09-28T06:37:56
8.56955	-53.47495	0	47	2021-09-28T06:42:54
8.57244	-53.47424	0	47	2021-09-28T06:52:53
8.57388	-53.47382	0	47	2021-09-28T06:57:55
8.57527	-53.47339	0	47	2021-09-28T07:02:53
8.57663	-53.47302	0	47	2021-09-28T07:07:51
8.57829	-53.47281	0	47	2021-09-28T07:13:25
8.57948	-53.47253	0	47	2021-09-28T07:17:49
8.58093	-53.47214	0	47	2021-09-28T07:22:50
8.58239	-53.47177	0	47	2021-09-28T07:27:50
8.58390	-53.47145	0	47	2021-09-28T07:32:51
8.58544	-53.47119	0	47	2021-09-28T07:37:52
8.58697	-53.47092	0	47	2021-09-28T07:42:50
8.58850	-53.47058	0	47	2021-09-28T07:47:49
8.59013	-53.47032	0	47	2021-09-28T07:52:47
8.59159	-53.47006	0	47	2021-09-28T07:57:48
8.59309	-53.46979	0	47	2021-09-28T08:02:48
8.59464	-53.46954	0	47	2021-09-28T08:07:45
8.59634	-53.46915	0	47	2021-09-28T08:13:06
8.59773	-53.46884	0	47	2021-09-28T08:17:43
8.59910	-53.46863	0	47	2021-09-28T08:22:44
8.60056	-53.46832	0	47	2021-09-28T08:27:42
8.60210	-53.46802	0	47	2021-09-28T08:32:43
8.60361	-53.46774	0	47	2021-09-28T08:37:46
8.60516	-53.46736	0	47	2021-09-28T08:42:41
8.60670	-53.46710	0	47	2021-09-28T08:47:41
8.60834	-53.46686	0	47	2021-09-28T08:52:44
8.60994	-53.46658	0	47	2021-09-28T08:57:42
8.61149	-53.46632	0	47	2021-09-28T09:02:39
8.61300	-53.46606	0	47	2021-09-28T09:07:39
8.61481	-53.46579	0	47	2021-09-28T09:13:24
8.61616	-53.46573	0	47	2021-09-28T09:17:37
8.61777	-53.46558	0	47	2021-09-28T09:22:36
8.61927	-53.46552	0	47	2021-09-28T09:27:33
8.62076	-53.46555	0	47	2021-09-28T09:32:36
8.62229	-53.46548	0	47	2021-09-28T09:37:34
8.62388	-53.46548	0	47	2021-09-28T09:42:34
8.62561	-53.46548	0	47	2021-09-28T09:47:34
8.62734	-53.46542	0	47	2021-09-28T09:52:35
8.62906	-53.46536	0	47	2021-09-28T09:57:34
8.63087	-53.46527	0	47	2021-09-28T10:02:34
8.63272	-53.46527	0	47	2021-09-28T10:07:34
8.63474	-53.46521	0	47	2021-09-28T10:12:55
8.63658	-53.46509	0	47	2021-09-28T10:17:33
8.63862	-53.46509	0	47	2021-09-28T10:22:34
8.64061	-53.46509	0	47	2021-09-28T10:27:32
8.64256	-53.46490	0	47	2021-09-28T10:32:35
8.64447	-53.46466	0	47	2021-09-28T10:37:33
8.64624	-53.46451	0	47	2021-09-28T10:42:30
8.64811	-53.46426	0	47	2021-09-28T10:47:31
8.64995	-53.46393	0	47	2021-09-28T10:52:32
8.65187	-53.46365	0	47	2021-09-28T10:57:31
8.65380	-53.46332	0	47	2021-09-28T11:02:29
8.65587	-53.46283	0	47	2021-09-28T11:07:30
8.65802	-53.46257	0	47	2021-09-28T11:12:31
8.65987	-53.46240	0	47	2021-09-28T11:17:31
8.66191	-53.46213	0	47	2021-09-28T11:22:33
8.66391	-53.46188	0	47	2021-09-28T11:27:30
8.66592	-53.46176	0	47	2021-09-28T11:32:34
8.66789	-53.46176	0	47	2021-09-28T11:37:34
8.66987	-53.46185	0	47	2021-09-28T11:42:32
8.67191	-53.46194	0	47	2021-09-28T11:47:34
8.67402	-53.46210	0	47	2021-09-28T11:52:34
8.67611	-53.46210	0	47	2021-09-28T11:57:35
8.67820	-53.46222	0	47	2021-09-28T12:02:36
8.68024	-53.46237	0	47	2021-09-28T12:07:33
8.68249	-53.46262	0	47	2021-09-28T12:13:08
8.68435	-53.46274	0	47	2021-09-28T12:17:27
8.68645	-53.46283	0	47	2021-09-28T12:22:28
8.69084	-53.46330	0	47	2021-09-28T12:32:21
8.69316	-53.46347	0	47	2021-09-28T12:37:21
8.69552	-53.46356	0	47	2021-09-28T12:42:20
8.69790	-53.46362	0	47	2021-09-28T12:47:23
8.70025	-53.46375	0	47	2021-09-28T12:52:22
8.70261	-53.46384	0	47	2021-09-28T12:57:22
8.70494	-53.46390	0	47	2021-09-28T13:02:22
8.70717	-53.46390	0	47	2021-09-28T13:07:23
8.70966	-53.46384	0	47	2021-09-28T13:12:56
8.71162	-53.46381	0	47	2021-09-28T13:17:21
8.71382	-53.46375	0	47	2021-09-28T13:22:22
8.71594	-53.46371	0	47	2021-09-28T13:27:19
8.71808	-53.46359	0	47	2021-09-28T13:32:20
8.72014	-53.46350	0	47	2021-09-28T13:37:21
8.72223	-53.46338	0	47	2021-09-28T13:42:19
8.72447	-53.46323	0	47	2021-09-28T13:47:22
8.72677	-53.46301	0	47	2021-09-28T13:52:20
8.72903	-53.46286	0	47	2021-09-28T13:57:23
8.73131	-53.46268	0	47	2021-09-28T14:02:25
8.73357	-53.46255	0	47	2021-09-28T14:07:56
8.73606	-53.46246	0	47	2021-09-28T14:12:55
8.73813	-53.46225	0	47	2021-09-28T14:17:24
8.74042	-53.46204	0	47	2021-09-28T14:22:21
8.74261	-53.46179	0	47	2021-09-28T14:27:18
8.74480	-53.46149	0	47	2021-09-28T14:32:16
8.74705	-53.46118	0	47	2021-09-28T14:37:17
8.74935	-53.46073	0	47	2021-09-28T14:42:17
8.75146	-53.46051	0	47	2021-09-28T14:47:15
8.75372	-53.46021	0	47	2021-09-28T14:52:17
8.75599	-53.45987	0	47	2021-09-28T14:57:15
8.75825	-53.45963	0	47	2021-09-28T15:02:16
8.76050	-53.45932	0	47	2021-09-28T15:07:14
8.76293	-53.45901	0	47	2021-09-28T15:12:37
8.76501	-53.45883	0	47	2021-09-28T15:17:14
8.76718	-53.45871	0	47	2021-09-28T15:22:12
8.76939	-53.45861	0	47	2021-09-28T15:27:14
8.77155	-53.45844	0	47	2021-09-28T15:32:14
8.77366	-53.45822	0	47	2021-09-28T15:37:13
8.77571	-53.45792	0	47	2021-09-28T15:42:14
8.77779	-53.45741	0	47	2021-09-28T15:47:09
8.77980	-53.45715	0	47	2021-09-28T15:52:10
8.78191	-53.45685	0	47	2021-09-28T15:57:15
8.78374	-53.45650	0	47	2021-09-28T16:02:14
8.78541	-53.45624	0	47	2021-09-28T16:07:13
8.78735	-53.45587	0	47	2021-09-28T16:12:40
8.78884	-53.45544	0	47	2021-09-28T16:17:14
8.79063	-53.45511	0	47	2021-09-28T16:22:17
8.79236	-53.45477	0	47	2021-09-28T16:27:15
8.79419	-53.45432	0	47	2021-09-28T16:32:24
8.79609	-53.45380	0	47	2021-09-28T16:37:29
8.79795	-53.45331	0	47	2021-09-28T16:42:25
8.79981	-53.45279	0	47	2021-09-28T16:47:16
8.80176	-53.45227	0	47	2021-09-28T16:52:15
8.80385	-53.45171	0	47	2021-09-28T16:57:13
8.80578	-53.45111	0	47	2021-09-28T17:02:13
8.80786	-53.45047	0	47	2021-09-28T17:07:14
8.81007	-53.44974	0	47	2021-09-28T17:12:38
8.81190	-53.44916	0	47	2021-09-28T17:17:05
8.81400	-53.44839	0	47	2021-09-28T17:22:09
8.81600	-53.44769	0	47	2021-09-28T17:27:07
8.81800	-53.44698	0	47	2021-09-28T17:32:07
8.82002	-53.44638	0	47	2021-09-28T17:37:07
8.82202	-53.44571	0	47	2021-09-28T17:42:08
8.82396	-53.44507	0	47	2021-09-28T17:47:06
8.82593	-53.44442	0	47	2021-09-28T17:52:06
8.82779	-53.44397	0	47	2021-09-28T17:57:05
8.82975	-53.44348	0	47	2021-09-28T18:02:05
8.83170	-53.44302	0	47	2021-09-28T18:07:06
8.83566	-53.44202	0	47	2021-09-28T18:17:00
8.83769	-53.44150	0	47	2021-09-28T18:21:57
8.83766	-53.44153	0	47	2021-09-28T18:22:01
8.83971	-53.44107	0	47	2021-09-28T18:26:57
8.83972	-53.44108	0	47	2021-09-28T18:27:01
8.84179	-53.44065	0	47	2021-09-28T18:32:01
8.84385	-53.44022	0	47	2021-09-28T18:37:00
8.84594	-53.43982	0	47	2021-09-28T18:42:00
8.84792	-53.43945	0	47	2021-09-28T18:46:58
8.84993	-53.43912	0	47	2021-09-28T18:52:01
8.85200	-53.43863	0	47	2021-09-28T18:57:02
8.85402	-53.43820	0	47	2021-09-28T19:02:02
8.85615	-53.43777	0	47	2021-09-28T19:07:00
8.85840	-53.43729	0	47	2021-09-28T19:12:28
8.86030	-53.43695	0	47	2021-09-28T19:17:06
8.86238	-53.43653	0	47	2021-09-28T19:22:02
8.86440	-53.43610	0	47	2021-09-28T19:27:01
8.86646	-53.43570	0	47	2021-09-28T19:32:00
8.86849	-53.43530	0	47	2021-09-28T19:36:58
8.87060	-53.43494	0	47	2021-09-28T19:41:59
8.87265	-53.43466	0	47	2021-09-28T19:46:57
8.87472	-53.43440	0	47	2021-09-28T19:51:59
8.87674	-53.43423	0	47	2021-09-28T19:56:58
8.87872	-53.43395	0	47	2021-09-28T20:02:25
8.88064	-53.43361	0	47	2021-09-28T20:07:26
8.88275	-53.43335	0	47	2021-09-28T20:12:26
8.88452	-53.43307	0	47	2021-09-28T20:16:57
8.88643	-53.43283	0	47	2021-09-28T20:21:58
8.88835	-53.43260	0	47	2021-09-28T20:26:59
8.89024	-53.43234	0	47	2021-09-28T20:31:59
8.89218	-53.43192	0	47	2021-09-28T20:36:57
8.89411	-53.43152	0	47	2021-09-28T20:41:57
8.89598	-53.43109	0	47	2021-09-28T20:46:55
8.89779	-53.43063	0	47	2021-09-28T20:51:56
8.89945	-53.43024	0	47	2021-09-28T20:56:55
8.90127	-53.42968	0	47	2021-09-28T21:02:24
8.90301	-53.42929	0	47	2021-09-28T21:06:54
8.90499	-53.42874	0	47	2021-09-28T21:12:25
8.90662	-53.42831	0	47	2021-09-28T21:16:55
8.90846	-53.42780	0	47	2021-09-28T21:21:57
8.91025	-53.42737	0	47	2021-09-28T21:26:57
8.91211	-53.42697	0	47	2021-09-28T21:31:58
8.91403	-53.42654	0	47	2021-09-28T21:36:58
8.91595	-53.42609	0	47	2021-09-28T21:42:00
8.91783	-53.42560	0	47	2021-09-28T21:46:57
8.91972	-53.42517	0	47	2021-09-28T21:51:58
8.92165	-53.42474	0	47	2021-09-28T21:56:59
8.92355	-53.42432	0	47	2021-09-28T22:02:00
8.92535	-53.42389	0	47	2021-09-28T22:07:00
8.92736	-53.42337	0	47	2021-09-28T22:12:28
8.92897	-53.42294	0	47	2021-09-28T22:16:58
8.93073	-53.42249	0	47	2021-09-28T22:21:56
8.93253	-53.42200	0	47	2021-09-28T22:26:56
8.93435	-53.42145	0	47	2021-09-28T22:31:57
8.93621	-53.42090	0	47	2021-09-28T22:36:54
8.93797	-53.42047	0	47	2021-09-28T22:41:55
8.93974	-53.41998	0	47	2021-09-28T22:46:52
8.94152	-53.41941	0	47	2021-09-28T22:51:49
8.94327	-53.41904	0	47	2021-09-28T22:56:54
8.94495	-53.41855	0	47	2021-09-28T23:01:50
8.94660	-53.41803	0	47	2021-09-28T23:06:51
8.94847	-53.41739	0	47	2021-09-28T23:12:26
8.94990	-53.41690	0	47	2021-09-28T23:16:50
8.95149	-53.41629	0	47	2021-09-28T23:21:51
8.95307	-53.41557	0	47	2021-09-28T23:26:50
8.95470	-53.41497	0	47	2021-09-28T23:31:49
8.95628	-53.41437	0	47	2021-09-28T23:36:49
8.95785	-53.41370	0	47	2021-09-28T23:41:47
8.95942	-53.41290	0	47	2021-09-28T23:46:51
8.96106	-53.41219	0	47	2021-09-28T23:51:47
8.96260	-53.41150	0	47	2021-09-28T23:56:47
8.96430	-53.41086	0	47	2021-09-29T00:01:49
8.96598	-53.41019	0	47	2021-09-29T00:06:46
8.96772	-53.40942	0	47	2021-09-29T00:12:07
8.96923	-53.40878	0	47	2021-09-29T00:16:44
8.97087	-53.40805	0	47	2021-09-29T00:21:46
8.97256	-53.40735	0	47	2021-09-29T00:26:43
8.97425	-53.40662	0	47	2021-09-29T00:31:46
8.97589	-53.40594	0	47	2021-09-29T00:36:44
8.97749	-53.40520	0	47	2021-09-29T00:41:41
8.97908	-53.40460	0	47	2021-09-29T00:46:42
8.98072	-53.40396	0	47	2021-09-29T00:51:41
8.98232	-53.40326	0	47	2021-09-29T00:56:42
8.98398	-53.40250	0	47	2021-09-29T01:01:41
8.98558	-53.40178	0	47	2021-09-29T01:07:08
8.98729	-53.40109	0	47	2021-09-29T01:12:09
8.98877	-53.40054	0	47	2021-09-29T01:16:39
8.99039	-53.39987	0	47	2021-09-29T01:21:41
8.99205	-53.39917	0	47	2021-09-29T01:26:42
8.99369	-53.39846	0	47	2021-09-29T01:31:42
8.99532	-53.39786	0	47	2021-09-29T01:36:43
8.99696	-53.39719	0	47	2021-09-29T01:41:46
8.99851	-53.39655	0	47	2021-09-29T01:46:44
9.00013	-53.39594	0	47	2021-09-29T01:51:44
9.00176	-53.39536	0	47	2021-09-29T01:56:46
9.00327	-53.39474	0	47	2021-09-29T02:01:44
9.00482	-53.39410	0	47	2021-09-29T02:06:48
9.00644	-53.39331	0	47	2021-09-29T02:12:07
9.00780	-53.39264	0	47	2021-09-29T02:16:50
9.00923	-53.39194	0	47	2021-09-29T02:21:50
9.01064	-53.39124	0	47	2021-09-29T02:26:48
9.01209	-53.39056	0	47	2021-09-29T02:31:48
9.01355	-53.38986	0	47	2021-09-29T02:36:49
9.01496	-53.38916	0	47	2021-09-29T02:41:47
9.01638	-53.38849	0	47	2021-09-29T02:46:48
9.01786	-53.38777	0	47	2021-09-29T02:51:48
9.01939	-53.38708	0	47	2021-09-29T02:56:49
9.02092	-53.38644	0	47	2021-09-29T03:01:46
9.02234	-53.38577	0	47	2021-09-29T03:06:47
9.02384	-53.38486	0	47	2021-09-29T03:12:30
9.02497	-53.38419	0	47	2021-09-29T03:16:49
9.02632	-53.38354	0	47	2021-09-29T03:21:52
9.02771	-53.38285	0	47	2021-09-29T03:26:54
9.02913	-53.38225	0	47	2021-09-29T03:31:55
9.03059	-53.38156	0	47	2021-09-29T03:36:55
9.03201	-53.38086	0	47	2021-09-29T03:41:55
9.03350	-53.38016	0	47	2021-09-29T03:46:54
9.03492	-53.37936	0	47	2021-09-29T03:51:58
9.03631	-53.37869	0	47	2021-09-29T03:56:56
9.03778	-53.37799	0	47	2021-09-29T04:02:00
9.03928	-53.37726	0	47	2021-09-29T04:07:00
9.04082	-53.37650	0	47	2021-09-29T04:12:27
9.04210	-53.37582	0	47	2021-09-29T04:17:01
9.04355	-53.37509	0	47	2021-09-29T04:22:02
9.04501	-53.37430	0	47	2021-09-29T04:27:00
9.04645	-53.37341	0	47	2021-09-29T04:31:58
9.04791	-53.37259	0	47	2021-09-29T04:37:01
9.04931	-53.37180	0	47	2021-09-29T04:42:01
9.05073	-53.37103	0	47	2021-09-29T04:47:00
9.05214	-53.37027	0	47	2021-09-29T04:51:59
9.05364	-53.36951	0	47	2021-09-29T04:57:01
9.05503	-53.36868	0	47	2021-09-29T05:01:58
9.05650	-53.36780	0	47	2021-09-29T05:07:02
9.05814	-53.36700	0	47	2021-09-29T05:12:27
9.05949	-53.36624	0	47	2021-09-29T05:17:01
9.06101	-53.36545	0	47	2021-09-29T05:22:01
9.06253	-53.36459	0	47	2021-09-29T05:27:03
9.06396	-53.36374	0	47	2021-09-29T05:32:02
9.06548	-53.36285	0	47	2021-09-29T05:37:03
9.06691	-53.36200	0	47	2021-09-29T05:42:02
9.06837	-53.36115	0	47	2021-09-29T05:47:03
9.06978	-53.36029	0	47	2021-09-29T05:52:06
9.07127	-53.35947	0	47	2021-09-29T05:57:04
9.07268	-53.35861	0	47	2021-09-29T06:02:04
9.07410	-53.35782	0	47	2021-09-29T06:07:06
9.07565	-53.35693	0	47	2021-09-29T06:12:29
9.07705	-53.35612	0	47	2021-09-29T06:17:06
9.07851	-53.35535	0	47	2021-09-29T06:22:05
9.07999	-53.35443	0	47	2021-09-29T06:27:06
9.08139	-53.35349	0	47	2021-09-29T06:32:10
9.08285	-53.35260	0	47	2021-09-29T06:37:08
9.08435	-53.35163	0	47	2021-09-29T06:42:09
9.08581	-53.35077	0	47	2021-09-29T06:47:09
9.08733	-53.34985	0	47	2021-09-29T06:52:10
9.08874	-53.34894	0	47	2021-09-29T06:57:11
9.09021	-53.34799	0	47	2021-09-29T07:02:10
9.09163	-53.34708	0	47	2021-09-29T07:07:12
9.09320	-53.34604	0	47	2021-09-29T07:12:37
9.09448	-53.34512	0	47	2021-09-29T07:17:13
9.09585	-53.34435	0	47	2021-09-29T07:22:13
9.09718	-53.34366	0	47	2021-09-29T07:27:12
9.09859	-53.34274	0	47	2021-09-29T07:32:15
9.10000	-53.34183	0	47	2021-09-29T07:37:14
9.10141	-53.34103	0	47	2021-09-29T07:42:13
9.10286	-53.34012	0	47	2021-09-29T07:47:15
9.10427	-53.33920	0	47	2021-09-29T07:52:13
9.10566	-53.33832	0	47	2021-09-29T07:57:16
9.10704	-53.33743	0	47	2021-09-29T08:02:17
9.10844	-53.33649	0	47	2021-09-29T08:07:17
9.10992	-53.33560	0	47	2021-09-29T08:12:55
9.11109	-53.33490	0	47	2021-09-29T08:17:20
9.11243	-53.33402	0	47	2021-09-29T08:22:22
9.11372	-53.33316	0	47	2021-09-29T08:27:22
9.11496	-53.33240	0	47	2021-09-29T08:32:22
9.11623	-53.33163	0	47	2021-09-29T08:37:21
9.11748	-53.33093	0	47	2021-09-29T08:42:20
9.11874	-53.33010	0	47	2021-09-29T08:47:17
9.11994	-53.32941	0	47	2021-09-29T08:52:17
9.12113	-53.32874	0	47	2021-09-29T08:57:18
9.12232	-53.32803	0	47	2021-09-29T09:02:16
9.12354	-53.32747	0	47	2021-09-29T09:07:56
9.12496	-53.32678	0	47	2021-09-29T09:12:57
9.12613	-53.32632	0	47	2021-09-29T09:17:18
9.12737	-53.32581	0	47	2021-09-29T09:22:17
9.12860	-53.32529	0	47	2021-09-29T09:27:21
9.12989	-53.32486	0	47	2021-09-29T09:32:24
9.13115	-53.32440	0	47	2021-09-29T09:37:21
9.13258	-53.32382	0	47	2021-09-29T09:42:22
9.13400	-53.32327	0	47	2021-09-29T09:47:24
9.13543	-53.32266	0	47	2021-09-29T09:52:25
9.13683	-53.32202	0	47	2021-09-29T09:57:26
9.13817	-53.32135	0	47	2021-09-29T10:02:23
9.13949	-53.32071	0	47	2021-09-29T10:07:23
9.14080	-53.32002	0	47	2021-09-29T10:12:28
9.14181	-53.31952	0	47	2021-09-29T10:17:25
9.14303	-53.31891	0	47	2021-09-29T10:22:27
9.14417	-53.31824	0	47	2021-09-29T10:27:26
9.14528	-53.31750	0	47	2021-09-29T10:32:24
9.14636	-53.31680	0	47	2021-09-29T10:37:25
9.14747	-53.31613	0	47	2021-09-29T10:42:22
9.14847	-53.31552	0	47	2021-09-29T10:47:24
9.14940	-53.31491	0	47	2021-09-29T10:52:26
9.15029	-53.31430	0	47	2021-09-29T10:57:23
9.15118	-53.31369	0	47	2021-09-29T11:02:22
9.15207	-53.31311	0	47	2021-09-29T11:07:19
9.15296	-53.31250	0	47	2021-09-29T11:12:55
9.15368	-53.31202	0	47	2021-09-29T11:17:16
9.15443	-53.31140	0	47	2021-09-29T11:22:14
9.15513	-53.31082	0	47	2021-09-29T11:27:15
9.15587	-53.31024	0	47	2021-09-29T11:32:14
9.15654	-53.30966	0	47	2021-09-29T11:37:15
9.15719	-53.30911	0	47	2021-09-29T11:42:16
9.15790	-53.30859	0	47	2021-09-29T11:47:14
9.15851	-53.30807	0	47	2021-09-29T11:52:11
9.15911	-53.30751	0	47	2021-09-29T11:57:12
9.15970	-53.30707	0	47	2021-09-29T12:02:15
9.16027	-53.30649	0	47	2021-09-29T12:07:13
9.16085	-53.30585	0	47	2021-09-29T12:12:38
9.16128	-53.30532	0	47	2021-09-29T12:17:15
9.16172	-53.30472	0	47	2021-09-29T12:22:15
9.16231	-53.30411	0	47	2021-09-29T12:27:13
9.16281	-53.30353	0	47	2021-09-29T12:32:14
9.16329	-53.30292	0	47	2021-09-29T12:37:11
9.16363	-53.30227	0	47	2021-09-29T12:42:11
9.16407	-53.30167	0	47	2021-09-29T12:47:11
9.16454	-53.30106	0	47	2021-09-29T12:52:09
9.16581	-53.29962	0	47	2021-09-29T13:02:11
9.16644	-53.29884	0	47	2021-09-29T13:07:38
9.16714	-53.29807	0	47	2021-09-29T13:12:37
9.16769	-53.29745	0	47	2021-09-29T13:17:10
9.16839	-53.29666	0	47	2021-09-29T13:22:11
9.17094	-53.29393	0	47	2021-09-29T13:42:10
9.17159	-53.29342	0	47	2021-09-29T13:47:11
9.17228	-53.29291	0	47	2021-09-29T13:52:11
9.17292	-53.29239	0	47	2021-09-29T13:57:13
9.17348	-53.29190	0	47	2021-09-29T14:02:11
9.17416	-53.29132	0	47	2021-09-29T14:07:11
9.17495	-53.29080	0	47	2021-09-29T14:12:36
9.17568	-53.29041	0	47	2021-09-29T14:17:12
9.17648	-53.29001	0	47	2021-09-29T14:22:14
9.17733	-53.28959	0	47	2021-09-29T14:27:14
9.17810	-53.28925	0	47	2021-09-29T14:32:14
9.17896	-53.28885	0	47	2021-09-29T14:37:15
9.17984	-53.28845	0	47	2021-09-29T14:42:12
9.18079	-53.28803	0	47	2021-09-29T14:47:10
9.18166	-53.28769	0	47	2021-09-29T14:52:13
9.18263	-53.28735	0	47	2021-09-29T14:57:11
9.18355	-53.28702	0	47	2021-09-29T15:02:09
9.18451	-53.28664	0	47	2021-09-29T15:07:10
9.18543	-53.28632	0	47	2021-09-29T15:12:26
9.18628	-53.28604	0	47	2021-09-29T15:17:11
9.18837	-53.28531	0	47	2021-09-29T15:27:10
9.18950	-53.28494	0	47	2021-09-29T15:32:11
9.19063	-53.28448	0	47	2021-09-29T15:37:10
9.19175	-53.28409	0	47	2021-09-29T15:42:08
9.19387	-53.28326	0	47	2021-09-29T15:52:10
9.19495	-53.28278	0	47	2021-09-29T15:57:10
9.19602	-53.28244	0	47	2021-09-29T16:02:10
9.19715	-53.28210	0	47	2021-09-29T16:07:08
9.19841	-53.28180	0	47	2021-09-29T16:12:25
9.19947	-53.28152	0	47	2021-09-29T16:17:10
9.20059	-53.28128	0	47	2021-09-29T16:22:10
9.20163	-53.28104	0	47	2021-09-29T16:27:11
9.20271	-53.28076	0	47	2021-09-29T16:32:13
9.20383	-53.28055	0	47	2021-09-29T16:37:12
9.20494	-53.28036	0	47	2021-09-29T16:42:13
9.20600	-53.28009	0	47	2021-09-29T16:47:16
9.20710	-53.27991	0	47	2021-09-29T16:52:28
9.20813	-53.27969	0	47	2021-09-29T16:57:13
9.20916	-53.27943	0	47	2021-09-29T17:02:13
9.21031	-53.27917	0	47	2021-09-29T17:07:13
9.21163	-53.27887	0	47	2021-09-29T17:12:35
9.21278	-53.27864	0	47	2021-09-29T17:17:08
9.21402	-53.27847	0	47	2021-09-29T17:22:08
9.21524	-53.27826	0	47	2021-09-29T17:27:09
9.21650	-53.27798	0	47	2021-09-29T17:32:07
9.21777	-53.27761	0	47	2021-09-29T17:37:07
9.21772	-53.27765	0	47	2021-09-29T17:37:08
9.21906	-53.27735	0	47	2021-09-29T17:42:06
9.22031	-53.27689	0	47	2021-09-29T17:47:05
9.22030	-53.27701	0	47	2021-09-29T17:47:06
9.22151	-53.27670	0	47	2021-09-29T17:52:03
9.22151	-53.27663	0	47	2021-09-29T17:52:04
9.22275	-53.27646	0	47	2021-09-29T17:57:04
9.22401	-53.27628	0	47	2021-09-29T18:02:01
9.22540	-53.27609	0	47	2021-09-29T18:07:02
9.22685	-53.27591	0	47	2021-09-29T18:12:26
9.22802	-53.27574	0	47	2021-09-29T18:17:03
9.22939	-53.27557	0	47	2021-09-29T18:22:03
9.23077	-53.27533	0	47	2021-09-29T18:27:05
9.23215	-53.27515	0	47	2021-09-29T18:32:06
9.23354	-53.27489	0	47	2021-09-29T18:37:08
9.23490	-53.27463	0	47	2021-09-29T18:42:08
9.23639	-53.27441	0	47	2021-09-29T18:47:12
9.23780	-53.27420	0	47	2021-09-29T18:52:10
9.23922	-53.27402	0	47	2021-09-29T18:57:14
9.24065	-53.27380	0	47	2021-09-29T19:02:12
9.24211	-53.27362	0	47	2021-09-29T19:07:16
9.24361	-53.27353	0	47	2021-09-29T19:12:36
9.24494	-53.27338	0	47	2021-09-29T19:17:18
9.24637	-53.27338	0	47	2021-09-29T19:22:18
9.24778	-53.27319	0	47	2021-09-29T19:27:16
9.24920	-53.27295	0	47	2021-09-29T19:32:16
9.25056	-53.27271	0	47	2021-09-29T19:37:17
9.25191	-53.27246	0	47	2021-09-29T19:42:15
9.25327	-53.27219	0	47	2021-09-29T19:47:16
9.25458	-53.27188	0	47	2021-09-29T19:52:15
9.25586	-53.27161	0	47	2021-09-29T19:57:16
9.25719	-53.27127	0	47	2021-09-29T20:02:15
9.25858	-53.27094	0	47	2021-09-29T20:07:17
9.26009	-53.27057	0	47	2021-09-29T20:12:38
9.26124	-53.27036	0	47	2021-09-29T20:17:11
9.26254	-53.27008	0	47	2021-09-29T20:22:09
9.26390	-53.26958	0	47	2021-09-29T20:27:09
9.26515	-53.26941	0	47	2021-09-29T20:32:08
9.26631	-53.26907	0	47	2021-09-29T20:37:08
9.26749	-53.26855	0	47	2021-09-29T20:42:06
9.26875	-53.26797	0	47	2021-09-29T20:47:07
9.26999	-53.26732	0	47	2021-09-29T20:52:07
9.27119	-53.26663	0	47	2021-09-29T20:57:07
9.27384	-53.26533	0	47	2021-09-29T21:07:10
9.27516	-53.26482	0	47	2021-09-29T21:12:10
9.27633	-53.26422	0	47	2021-09-29T21:17:10
9.27755	-53.26376	0	47	2021-09-29T21:22:08
9.27891	-53.26312	0	47	2021-09-29T21:27:10
9.28026	-53.26248	0	47	2021-09-29T21:32:09
9.28163	-53.26178	0	47	2021-09-29T21:37:07
9.28303	-53.26099	0	47	2021-09-29T21:42:08
9.28438	-53.26028	0	47	2021-09-29T21:47:09
9.28572	-53.25964	0	47	2021-09-29T21:52:09
9.28716	-53.25894	0	47	2021-09-29T21:57:10
9.28844	-53.25842	0	47	2021-09-29T22:02:08
9.28983	-53.25783	0	47	2021-09-29T22:07:24
9.29149	-53.25714	0	47	2021-09-29T22:12:24
9.29268	-53.25658	0	47	2021-09-29T22:17:06
9.29401	-53.25607	0	47	2021-09-29T22:22:06
9.29538	-53.25552	0	47	2021-09-29T22:27:07
9.29674	-53.25485	0	47	2021-09-29T22:32:05
9.29806	-53.25418	0	47	2021-09-29T22:37:06
9.29940	-53.25357	0	47	2021-09-29T22:42:03
9.30081	-53.25293	0	47	2021-09-29T22:47:04
9.30219	-53.25223	0	47	2021-09-29T22:52:03
9.30359	-53.25153	0	47	2021-09-29T22:57:04
9.30494	-53.25085	0	47	2021-09-29T23:02:02
9.30625	-53.25012	0	47	2021-09-29T23:07:03
9.30770	-53.24933	0	47	2021-09-29T23:12:27
9.30894	-53.24863	0	47	2021-09-29T23:17:01
9.31028	-53.24788	0	47	2021-09-29T23:21:58
9.31165	-53.24719	0	47	2021-09-29T23:26:58
9.31309	-53.24652	0	47	2021-09-29T23:31:57
9.31456	-53.24582	0	47	2021-09-29T23:36:57
9.31607	-53.24512	0	47	2021-09-29T23:41:57
9.31756	-53.24442	0	47	2021-09-29T23:46:59
9.31898	-53.24371	0	47	2021-09-29T23:51:58
9.32043	-53.24298	0	47	2021-09-29T23:57:01
9.32175	-53.24229	0	47	2021-09-30T00:02:01
9.32309	-53.24152	0	47	2021-09-30T00:07:02
9.32442	-53.24063	0	47	2021-09-30T00:12:26
9.32555	-53.23987	0	47	2021-09-30T00:16:57
9.32801	-53.23812	0	47	2021-09-30T00:26:57
9.32921	-53.23735	0	47	2021-09-30T00:31:57
9.33050	-53.23666	0	47	2021-09-30T00:36:56
9.33179	-53.23587	0	47	2021-09-30T00:41:55
9.33433	-53.23444	0	47	2021-09-30T00:51:51
9.33568	-53.23375	0	47	2021-09-30T00:56:50
9.33691	-53.23306	0	47	2021-09-30T01:01:49
9.33813	-53.23236	0	47	2021-09-30T01:06:50
9.33953	-53.23151	0	47	2021-09-30T01:12:24
9.34063	-53.23087	0	47	2021-09-30T01:16:47
9.34190	-53.23016	0	47	2021-09-30T01:21:44
9.34315	-53.22937	0	47	2021-09-30T01:26:42
9.34422	-53.22868	0	47	2021-09-30T01:31:42
9.34538	-53.22791	0	47	2021-09-30T01:36:43
9.34653	-53.22711	0	47	2021-09-30T01:41:40
9.34775	-53.22635	0	47	2021-09-30T01:46:40
9.34900	-53.22557	0	47	2021-09-30T01:51:41
9.35016	-53.22488	0	47	2021-09-30T01:56:42
9.35134	-53.22412	0	47	2021-09-30T02:01:43
9.35258	-53.22339	0	47	2021-09-30T02:06:43
9.35394	-53.22252	0	47	2021-09-30T02:11:45
9.35507	-53.22192	0	47	2021-09-30T02:16:45
9.35629	-53.22110	0	47	2021-09-30T02:21:43
9.35754	-53.22034	0	47	2021-09-30T02:26:46
9.35886	-53.21950	0	47	2021-09-30T02:31:44
9.36007	-53.21875	0	47	2021-09-30T02:36:45
9.36134	-53.21796	0	47	2021-09-30T02:41:43
9.36262	-53.21722	0	47	2021-09-30T02:46:48
9.36389	-53.21649	0	47	2021-09-30T02:51:50
9.36532	-53.21606	0	47	2021-09-30T02:56:49
9.36654	-53.21545	0	47	2021-09-30T03:01:52
9.36781	-53.21484	0	47	2021-09-30T03:06:50
9.36910	-53.21414	0	47	2021-09-30T03:12:26
9.37020	-53.21353	0	47	2021-09-30T03:16:52
9.37135	-53.21274	0	47	2021-09-30T03:21:50
9.37252	-53.21205	0	47	2021-09-30T03:26:54
9.37369	-53.21136	0	47	2021-09-30T03:31:54
9.37486	-53.21075	0	47	2021-09-30T03:36:51
9.37604	-53.21014	0	47	2021-09-30T03:41:49
9.37721	-53.20947	0	47	2021-09-30T03:46:49
9.37843	-53.20872	0	47	2021-09-30T03:51:49
9.37959	-53.20812	0	47	2021-09-30T03:56:48
9.38075	-53.20743	0	47	2021-09-30T04:01:48
9.38195	-53.20682	0	47	2021-09-30T04:06:46
9.38317	-53.20612	0	47	2021-09-30T04:12:08
9.38429	-53.20560	0	47	2021-09-30T04:16:43
9.38554	-53.20495	0	47	2021-09-30T04:21:41
9.38678	-53.20435	0	47	2021-09-30T04:26:41
9.38799	-53.20361	0	47	2021-09-30T04:31:41
9.38915	-53.20291	0	47	2021-09-30T04:36:42
9.39030	-53.20224	0	47	2021-09-30T04:41:39
9.39142	-53.20169	0	47	2021-09-30T04:46:40
9.39246	-53.20117	0	47	2021-09-30T04:51:37
9.39350	-53.20071	0	47	2021-09-30T04:56:38
9.39459	-53.20029	0	47	2021-09-30T05:01:38
9.39563	-53.19974	0	47	2021-09-30T05:06:40
9.39668	-53.19922	0	47	2021-09-30T05:12:07
9.39753	-53.19882	0	47	2021-09-30T05:16:42
9.39844	-53.19846	0	47	2021-09-30T05:21:42
9.39930	-53.19809	0	47	2021-09-30T05:26:43
9.40002	-53.19754	0	47	2021-09-30T05:31:43
9.40080	-53.19717	0	47	2021-09-30T05:36:44
9.40159	-53.19672	0	47	2021-09-30T05:41:43
9.40236	-53.19638	0	47	2021-09-30T05:46:43
9.40315	-53.19589	0	47	2021-09-30T05:51:41
9.40401	-53.19550	0	47	2021-09-30T05:56:42
9.40479	-53.19504	0	47	2021-09-30T06:01:53
9.40562	-53.19461	0	47	2021-09-30T06:06:43
9.40651	-53.19412	0	47	2021-09-30T06:12:09
9.40733	-53.19366	0	47	2021-09-30T06:16:43
9.40825	-53.19305	0	47	2021-09-30T06:21:44
9.40909	-53.19266	0	47	2021-09-30T06:26:46
9.40984	-53.19211	0	47	2021-09-30T06:31:43
9.41061	-53.19159	0	47	2021-09-30T06:36:43
9.41145	-53.19098	0	47	2021-09-30T06:41:45
9.41219	-53.19043	0	47	2021-09-30T06:46:45
9.41289	-53.18979	0	47	2021-09-30T06:51:47
9.41355	-53.18909	0	47	2021-09-30T06:56:46
9.41423	-53.18832	0	47	2021-09-30T07:01:48
9.41494	-53.18765	0	47	2021-09-30T07:06:48
9.41568	-53.18689	0	47	2021-09-30T07:12:25
9.41632	-53.18628	0	47	2021-09-30T07:16:53
9.41688	-53.18570	0	47	2021-09-30T07:21:51
9.41738	-53.18506	0	47	2021-09-30T07:26:56
9.41793	-53.18448	0	47	2021-09-30T07:31:57
9.41862	-53.18393	0	47	2021-09-30T07:36:59
9.41921	-53.18338	0	47	2021-09-30T07:41:58
9.41995	-53.18283	0	47	2021-09-30T07:46:56
9.42056	-53.18218	0	47	2021-09-30T07:51:56
9.42116	-53.18158	0	47	2021-09-30T07:56:56
9.42177	-53.18085	0	47	2021-09-30T08:01:57
9.42244	-53.18027	0	47	2021-09-30T08:06:58
9.42317	-53.17957	0	47	2021-09-30T08:12:27
9.42375	-53.17911	0	47	2021-09-30T08:16:57
9.42435	-53.17853	0	47	2021-09-30T08:21:58
9.42492	-53.17786	0	47	2021-09-30T08:26:59
9.42550	-53.17720	0	47	2021-09-30T08:32:02
9.42615	-53.17676	0	47	2021-09-30T08:37:00
9.42675	-53.17618	0	47	2021-09-30T08:42:01
9.42732	-53.17563	0	47	2021-09-30T08:47:06
9.42791	-53.17498	0	47	2021-09-30T08:52:07
9.42831	-53.17450	0	47	2021-09-30T08:57:08
9.42873	-53.17404	0	47	2021-09-30T09:02:08
9.42925	-53.17358	0	47	2021-09-30T09:07:10
9.42983	-53.17305	0	47	2021-09-30T09:12:11
9.43017	-53.17279	0	47	2021-09-30T09:17:11
9.43054	-53.17239	0	47	2021-09-30T09:22:08
9.43082	-53.17206	0	47	2021-09-30T09:27:09
9.43106	-53.17172	0	47	2021-09-30T09:32:06
9.43131	-53.17142	0	47	2021-09-30T09:37:07
9.43157	-53.17099	0	47	2021-09-30T09:42:04
9.43181	-53.17062	0	47	2021-09-30T09:47:05
9.43206	-53.17032	0	47	2021-09-30T09:52:06
9.43242	-53.17001	0	47	2021-09-30T09:57:07
9.43272	-53.16968	0	47	2021-09-30T10:02:08
9.43308	-53.16925	0	47	2021-09-30T10:07:08
9.43329	-53.16899	0	47	2021-09-30T10:12:09
9.43338	-53.16873	0	47	2021-09-30T10:17:09
9.43365	-53.16834	0	47	2021-09-30T10:22:11
9.43385	-53.16791	0	47	2021-09-30T10:27:12
9.43418	-53.16742	0	47	2021-09-30T10:32:09
9.43450	-53.16693	0	47	2021-09-30T10:37:10
9.43474	-53.16644	0	47	2021-09-30T10:42:09
9.43502	-53.16590	0	47	2021-09-30T10:47:08
9.43528	-53.16547	0	47	2021-09-30T10:52:08
9.43557	-53.16504	0	47	2021-09-30T10:57:09
9.43585	-53.16461	0	47	2021-09-30T11:02:11
9.43614	-53.16422	0	47	2021-09-30T11:07:10
9.43652	-53.16376	0	47	2021-09-30T11:12:27
9.43687	-53.16342	0	47	2021-09-30T11:17:09
9.43718	-53.16300	0	47	2021-09-30T11:22:10
9.43735	-53.16266	0	47	2021-09-30T11:27:10
9.43756	-53.16232	0	47	2021-09-30T11:32:10
9.43781	-53.16199	0	47	2021-09-30T11:37:07
9.43806	-53.16151	0	47	2021-09-30T11:42:05
9.43823	-53.16125	0	47	2021-09-30T11:47:05
9.43859	-53.16101	0	47	2021-09-30T11:52:02
9.43887	-53.16068	0	47	2021-09-30T11:57:04
9.43937	-53.16022	0	47	2021-09-30T12:02:27
9.43967	-53.15979	0	47	2021-09-30T12:07:26
9.43997	-53.15936	0	47	2021-09-30T12:12:26
9.44018	-53.15878	0	47	2021-09-30T12:17:08
9.44056	-53.15848	0	47	2021-09-30T12:22:11
9.44093	-53.15826	0	47	2021-09-30T12:27:09
9.44125	-53.15784	0	47	2021-09-30T12:32:06
9.44168	-53.15762	0	47	2021-09-30T12:37:07
9.44201	-53.15732	0	47	2021-09-30T12:42:09
9.44242	-53.15701	0	47	2021-09-30T12:47:12
9.44281	-53.15674	0	47	2021-09-30T12:52:10
9.44319	-53.15640	0	47	2021-09-30T12:57:07
9.44365	-53.15610	0	47	2021-09-30T13:02:10
9.44417	-53.15585	0	47	2021-09-30T13:07:09
9.44487	-53.15569	0	47	2021-09-30T13:12:06
9.44539	-53.15552	0	47	2021-09-30T13:17:06
9.44600	-53.15533	0	47	2021-09-30T13:22:07
9.44642	-53.15518	0	47	2021-09-30T13:27:08
9.44679	-53.15506	0	47	2021-09-30T13:32:07
9.44730	-53.15483	0	47	2021-09-30T13:37:28
9.44793	-53.15466	0	47	2021-09-30T13:42:28
9.44839	-53.15500	0	47	2021-09-30T13:47:26
9.44881	-53.15494	0	47	2021-09-30T13:52:04
9.44928	-53.15494	0	47	2021-09-30T13:57:05
9.44975	-53.15500	0	47	2021-09-30T14:02:06
9.45016	-53.15506	0	47	2021-09-30T14:07:07
9.45074	-53.15517	0	47	2021-09-30T14:12:08
9.45130	-53.15526	0	47	2021-09-30T14:17:08
9.45177	-53.15543	0	47	2021-09-30T14:22:08
9.45220	-53.15564	0	47	2021-09-30T14:27:06
9.45269	-53.15587	0	47	2021-09-30T14:32:04
9.45316	-53.15596	0	47	2021-09-30T14:37:04
9.45372	-53.15622	0	47	2021-09-30T14:42:04
9.45466	-53.15648	0	47	2021-09-30T14:52:06
9.45517	-53.15665	0	47	2021-09-30T14:57:05
9.45576	-53.15665	0	47	2021-09-30T15:02:05
9.45631	-53.15680	0	47	2021-09-30T15:07:03
9.45725	-53.15717	0	47	2021-09-30T15:17:06
9.45773	-53.15744	0	47	2021-09-30T15:22:04
9.45831	-53.15775	0	47	2021-09-30T15:27:02
9.45900	-53.15797	0	47	2021-09-30T15:32:07
9.45956	-53.15823	0	47	2021-09-30T15:37:07
9.46015	-53.15857	0	47	2021-09-30T15:42:07
9.46078	-53.15891	0	47	2021-09-30T15:47:09
9.46125	-53.15926	0	47	2021-09-30T15:47:09
9.46152	-53.15926	0	47	2021-09-30T15:52:10
9.46216	-53.15952	0	47	2021-09-30T15:57:10
9.46291	-53.15976	0	47	2021-09-30T16:02:08
9.46341	-53.16013	0	47	2021-09-30T16:07:11
9.46415	-53.16034	0	47	2021-09-30T16:12:36
9.46486	-53.16064	0	47	2021-09-30T16:17:25
9.46557	-53.16096	0	47	2021-09-30T16:22:26
9.46621	-53.16113	0	47	2021-09-30T16:27:26
9.46696	-53.16147	0	47	2021-09-30T16:32:24
9.46768	-53.16183	0	47	2021-09-30T16:37:25
9.46838	-53.16223	0	47	2021-09-30T16:42:23
9.46906	-53.16253	0	47	2021-09-30T16:47:08
9.46983	-53.16287	0	47	2021-09-30T16:52:08
9.47054	-53.16324	0	47	2021-09-30T16:57:09
9.47139	-53.16378	0	47	2021-09-30T17:02:25
9.47225	-53.16412	0	47	2021-09-30T17:07:25
9.47319	-53.16446	0	47	2021-09-30T17:12:24
9.47396	-53.16476	0	47	2021-09-30T17:17:09
9.47480	-53.16516	0	47	2021-09-30T17:22:09
9.47565	-53.16537	0	47	2021-09-30T17:27:10
9.47652	-53.16568	0	47	2021-09-30T17:32:08
9.47831	-53.16628	0	47	2021-09-30T17:42:13
9.47921	-53.16662	0	47	2021-09-30T17:47:14
9.48011	-53.16696	0	47	2021-09-30T17:52:14
9.48094	-53.16721	0	47	2021-09-30T17:57:12
9.48182	-53.16751	0	47	2021-09-30T18:02:13
9.48268	-53.16779	0	47	2021-09-30T18:07:12
9.48377	-53.16809	0	47	2021-09-30T18:12:37
9.48469	-53.16836	0	47	2021-09-30T18:17:12
9.48572	-53.16870	0	47	2021-09-30T18:22:12
9.48685	-53.16904	0	47	2021-09-30T18:27:17
9.48785	-53.16931	0	47	2021-09-30T18:32:14
9.48887	-53.16956	0	47	2021-09-30T18:37:17
9.49004	-53.16968	0	47	2021-09-30T18:42:16
9.49213	-53.16983	0	47	2021-09-30T18:52:18
9.49313	-53.16989	0	47	2021-09-30T18:57:18
9.49414	-53.17004	0	47	2021-09-30T19:02:20
9.49518	-53.17010	0	47	2021-09-30T19:07:21
9.49640	-53.17032	0	47	2021-09-30T19:12:58
9.49738	-53.17047	0	47	2021-09-30T19:17:28
9.49845	-53.17065	0	47	2021-09-30T19:22:27
9.49954	-53.17084	0	47	2021-09-30T19:27:26
9.50070	-53.17096	0	47	2021-09-30T19:32:27
9.50173	-53.17113	0	47	2021-09-30T19:37:26
9.50276	-53.17130	0	47	2021-09-30T19:42:26
9.50381	-53.17154	0	47	2021-09-30T19:47:26
9.50487	-53.17178	0	47	2021-09-30T19:52:27
9.50581	-53.17195	0	47	2021-09-30T19:57:27
9.50680	-53.17212	0	47	2021-09-30T20:02:26
9.50783	-53.17227	0	47	2021-09-30T20:07:27
9.50896	-53.17242	0	47	2021-09-30T20:12:55
9.50990	-53.17264	0	47	2021-09-30T20:17:28
9.51091	-53.17279	0	47	2021-09-30T20:22:25
9.51193	-53.17291	0	47	2021-09-30T20:27:25
9.51305	-53.17312	0	47	2021-09-30T20:32:26
9.51413	-53.17329	0	47	2021-09-30T20:37:26
9.51516	-53.17346	0	47	2021-09-30T20:42:25
9.51622	-53.17371	0	47	2021-09-30T20:47:24
9.51732	-53.17399	0	47	2021-09-30T20:52:23
9.51831	-53.17416	0	47	2021-09-30T20:57:23
9.51939	-53.17444	0	47	2021-09-30T21:02:24
9.52042	-53.17465	0	47	2021-09-30T21:07:21
9.52166	-53.17471	0	47	2021-09-30T21:12:56
9.52248	-53.17499	0	47	2021-09-30T21:17:20
9.52356	-53.17511	0	47	2021-09-30T21:22:20
9.52450	-53.17532	0	47	2021-09-30T21:27:17
9.52551	-53.17555	0	47	2021-09-30T21:32:18
9.52645	-53.17572	0	47	2021-09-30T21:37:18
9.52753	-53.17593	0	47	2021-09-30T21:42:18
9.52854	-53.17618	0	47	2021-09-30T21:47:16
9.52950	-53.17639	0	47	2021-09-30T21:52:17
9.53044	-53.17654	0	47	2021-09-30T21:57:15
9.53140	-53.17657	0	47	2021-09-30T22:02:18
9.53243	-53.17683	0	47	2021-09-30T22:07:57
9.53355	-53.17700	0	47	2021-09-30T22:12:56
9.53445	-53.17728	0	47	2021-09-30T22:17:17
9.53547	-53.17749	0	47	2021-09-30T22:22:18
9.53640	-53.17767	0	47	2021-09-30T22:27:20
9.53743	-53.17789	0	47	2021-09-30T22:32:20
9.53839	-53.17816	0	47	2021-09-30T22:37:21
9.53933	-53.17841	0	47	2021-09-30T22:42:21
9.54035	-53.17862	0	47	2021-09-30T22:47:23
9.54135	-53.17880	0	47	2021-09-30T22:52:23
9.54232	-53.17896	0	47	2021-09-30T22:57:24
9.54327	-53.17911	0	47	2021-09-30T23:02:24
9.54428	-53.17920	0	47	2021-09-30T23:07:26
9.54534	-53.17914	0	47	2021-09-30T23:12:57
9.54626	-53.17914	0	47	2021-09-30T23:17:25
9.54721	-53.17935	0	47	2021-09-30T23:22:24
9.54806	-53.17932	0	47	2021-09-30T23:27:26
9.54893	-53.17935	0	47	2021-09-30T23:32:23
9.54979	-53.17950	0	47	2021-09-30T23:37:28
9.55062	-53.17963	0	47	2021-09-30T23:42:24
9.55157	-53.17972	0	47	2021-09-30T23:47:29
9.55233	-53.17981	0	47	2021-09-30T23:52:29
9.55400	-53.18021	0	47	2021-10-01T00:02:55
9.55469	-53.18047	0	47	2021-10-01T00:07:56
9.55555	-53.18073	0	47	2021-10-01T00:12:56
9.55630	-53.18103	0	47	2021-10-01T00:17:31
9.55707	-53.18130	0	47	2021-10-01T00:22:30
9.55852	-53.18206	0	47	2021-10-01T00:32:32
9.55921	-53.18240	0	47	2021-10-01T00:37:31
9.55993	-53.18274	0	47	2021-10-01T00:42:31
9.56061	-53.18311	0	47	2021-10-01T00:47:34
9.56129	-53.18356	0	47	2021-10-01T00:52:32
9.56190	-53.18390	0	47	2021-10-01T00:57:32
9.56250	-53.18433	0	47	2021-10-01T01:02:31
9.56324	-53.18484	0	47	2021-10-01T01:07:35
9.56401	-53.18527	0	47	2021-10-01T01:12:36
9.56461	-53.18561	0	47	2021-10-01T01:17:36
9.56523	-53.18613	0	47	2021-10-01T01:22:34
9.56598	-53.18661	0	47	2021-10-01T01:27:32
9.56664	-53.18713	0	47	2021-10-01T01:32:36
9.56736	-53.18768	0	47	2021-10-01T01:37:36
9.56786	-53.18811	0	47	2021-10-01T01:42:36
9.56846	-53.18866	0	47	2021-10-01T01:47:35
9.56903	-53.18918	0	47	2021-10-01T01:52:34
9.56968	-53.18971	0	47	2021-10-01T01:57:35
9.57028	-53.19022	0	47	2021-10-01T02:02:34
9.57097	-53.19073	0	47	2021-10-01T02:07:37
9.57170	-53.19134	0	47	2021-10-01T02:12:39
9.57240	-53.19177	0	47	2021-10-01T02:17:40
9.57309	-53.19220	0	47	2021-10-01T02:22:40
9.57372	-53.19272	0	47	2021-10-01T02:27:37
9.57435	-53.19327	0	47	2021-10-01T02:32:38
9.57504	-53.19382	0	47	2021-10-01T02:37:38
9.57564	-53.19443	0	47	2021-10-01T02:42:39
9.57621	-53.19495	0	47	2021-10-01T02:47:37
9.57682	-53.19543	0	47	2021-10-01T02:52:35
9.57742	-53.19586	0	47	2021-10-01T02:57:36
9.57801	-53.19641	0	47	2021-10-01T03:02:38
9.57860	-53.19705	0	47	2021-10-01T03:07:39
9.57923	-53.19778	0	47	2021-10-01T03:12:55
9.57973	-53.19839	0	47	2021-10-01T03:17:38
9.58085	-53.19976	0	47	2021-10-01T03:27:36
9.58137	-53.20036	0	47	2021-10-01T03:32:36
9.58193	-53.20087	0	47	2021-10-01T03:37:35
9.58256	-53.20154	0	47	2021-10-01T03:42:34
9.58319	-53.20218	0	47	2021-10-01T03:47:35
9.58385	-53.20276	0	47	2021-10-01T03:52:33
9.58439	-53.20337	0	47	2021-10-01T03:57:34
9.58491	-53.20407	0	47	2021-10-01T04:02:34
9.58552	-53.20465	0	47	2021-10-01T04:07:32
9.58624	-53.20523	0	47	2021-10-01T04:12:55
9.58675	-53.20566	0	47	2021-10-01T04:17:33
9.58746	-53.20612	0	47	2021-10-01T04:22:34
9.58805	-53.20651	0	47	2021-10-01T04:27:35
9.58862	-53.20691	0	47	2021-10-01T04:32:34
9.58928	-53.20721	0	47	2021-10-01T04:37:35
9.58988	-53.20761	0	47	2021-10-01T04:42:36
9.59049	-53.20800	0	47	2021-10-01T04:47:31
9.59108	-53.20834	0	47	2021-10-01T04:52:31
9.59174	-53.20871	0	47	2021-10-01T04:57:32
9.59301	-53.20939	0	47	2021-10-01T05:07:31
9.59362	-53.20982	0	47	2021-10-01T05:12:31
9.59404	-53.21008	0	47	2021-10-01T05:17:32
9.59463	-53.21039	0	47	2021-10-01T05:22:29
9.59525	-53.21072	0	47	2021-10-01T05:27:30
9.59578	-53.21109	0	47	2021-10-01T05:32:30
9.59632	-53.21146	0	47	2021-10-01T05:37:30
9.59692	-53.21179	0	47	2021-10-01T05:42:31
9.59759	-53.21222	0	47	2021-10-01T05:47:22
9.59819	-53.21248	0	47	2021-10-01T05:52:22
9.59883	-53.21274	0	47	2021-10-01T05:57:23
9.59953	-53.21304	0	47	2021-10-01T06:02:25
9.60018	-53.21329	0	47	2021-10-01T06:07:24
9.60077	-53.21368	0	47	2021-10-01T06:12:55
9.60129	-53.21390	0	47	2021-10-01T06:17:23
9.60186	-53.21423	0	47	2021-10-01T06:22:20
9.60241	-53.21452	0	47	2021-10-01T06:27:20
9.60296	-53.21478	0	47	2021-10-01T06:32:20
9.60346	-53.21506	0	47	2021-10-01T06:37:22
9.60394	-53.21536	0	47	2021-10-01T06:42:19
9.60450	-53.21570	0	47	2021-10-01T06:47:21
9.60497	-53.21606	0	47	2021-10-01T06:52:21
9.60549	-53.21637	0	47	2021-10-01T06:57:22
9.60591	-53.21661	0	47	2021-10-01T07:02:22
9.60641	-53.21692	0	47	2021-10-01T07:07:24
9.60703	-53.21729	0	47	2021-10-01T07:12:56
9.60749	-53.21750	0	47	2021-10-01T07:17:22
9.60802	-53.21771	0	47	2021-10-01T07:22:18
9.60849	-53.21780	0	47	2021-10-01T07:27:19
9.60896	-53.21811	0	47	2021-10-01T07:32:19
9.60940	-53.21835	0	47	2021-10-01T07:37:17
9.60988	-53.21869	0	47	2021-10-01T07:42:17
9.61037	-53.21902	0	47	2021-10-01T07:47:15
9.61092	-53.21939	0	47	2021-10-01T07:52:17
9.61154	-53.21978	0	47	2021-10-01T07:57:14
9.61219	-53.22012	0	47	2021-10-01T08:02:14
9.61288	-53.22055	0	47	2021-10-01T08:07:15
9.61370	-53.22113	0	47	2021-10-01T08:12:36
9.61440	-53.22158	0	47	2021-10-01T08:17:13
9.61509	-53.22192	0	47	2021-10-01T08:22:13
9.61562	-53.22241	0	47	2021-10-01T08:27:14
9.61675	-53.22350	0	47	2021-10-01T08:37:12
9.61739	-53.22401	0	47	2021-10-01T08:42:12
9.61802	-53.22452	0	47	2021-10-01T08:47:11
9.61867	-53.22504	0	47	2021-10-01T08:52:11
9.61930	-53.22556	0	47	2021-10-01T08:57:14
9.61980	-53.22610	0	47	2021-10-01T09:02:12
9.62030	-53.22672	0	47	2021-10-01T09:07:14
9.62088	-53.22736	0	47	2021-10-01T09:12:37
9.62146	-53.22818	0	47	2021-10-01T09:17:15
9.62215	-53.22925	0	47	2021-10-01T09:22:16
9.62278	-53.23016	0	47	2021-10-01T09:27:14
9.62340	-53.23126	0	47	2021-10-01T09:32:15
9.62406	-53.23237	0	47	2021-10-01T09:37:15
9.62470	-53.23340	0	47	2021-10-01T09:42:16
9.62540	-53.23428	0	47	2021-10-01T09:47:15
9.62598	-53.23514	0	47	2021-10-01T09:52:12
9.62665	-53.23587	0	47	2021-10-01T09:57:14
9.62726	-53.23666	0	47	2021-10-01T10:02:15
9.62794	-53.23766	0	47	2021-10-01T10:07:16
9.62867	-53.23856	0	47	2021-10-01T10:12:55
9.62922	-53.23929	0	47	2021-10-01T10:17:17
9.62994	-53.24008	0	47	2021-10-01T10:22:18
9.63062	-53.24075	0	47	2021-10-01T10:27:18
9.63138	-53.24136	0	47	2021-10-01T10:32:20
9.63211	-53.24194	0	47	2021-10-01T10:37:17
9.63275	-53.24249	0	47	2021-10-01T10:42:21
9.63330	-53.24307	0	47	2021-10-01T10:47:19
9.63382	-53.24366	0	47	2021-10-01T10:52:20
9.63433	-53.24426	0	47	2021-10-01T10:57:21
9.63476	-53.24490	0	47	2021-10-01T11:02:21
9.63517	-53.24567	0	47	2021-10-01T11:07:23
9.63565	-53.24643	0	47	2021-10-01T11:12:57
9.63603	-53.24707	0	47	2021-10-01T11:17:29
9.63650	-53.24786	0	47	2021-10-01T11:22:29
9.63700	-53.24860	0	47	2021-10-01T11:27:26
9.63749	-53.24934	0	47	2021-10-01T11:32:24
9.63796	-53.25003	0	47	2021-10-01T11:37:24
9.63856	-53.25070	0	47	2021-10-01T11:42:24
9.63918	-53.25134	0	47	2021-10-01T11:47:22
9.63984	-53.25201	0	47	2021-10-01T11:52:22
9.64035	-53.25272	0	47	2021-10-01T11:57:19
9.64099	-53.25343	0	47	2021-10-01T12:02:21
9.64159	-53.25412	0	47	2021-10-01T12:07:21
9.64232	-53.25488	0	47	2021-10-01T12:12:56
9.64289	-53.25552	0	47	2021-10-01T12:17:19
9.64340	-53.25626	0	47	2021-10-01T12:22:17
9.64395	-53.25699	0	47	2021-10-01T12:27:19
9.64451	-53.25780	0	47	2021-10-01T12:32:18
9.64507	-53.25851	0	47	2021-10-01T12:37:19
9.64563	-53.25943	0	47	2021-10-01T12:42:19
9.64608	-53.26041	0	47	2021-10-01T12:47:21
9.64662	-53.26144	0	47	2021-10-01T12:52:20
9.64725	-53.26259	0	47	2021-10-01T12:57:23
9.64781	-53.26353	0	47	2021-10-01T13:02:23
9.64850	-53.26447	0	47	2021-10-01T13:07:24
9.64931	-53.26576	0	47	2021-10-01T13:12:28
9.64992	-53.26670	0	47	2021-10-01T13:17:28
9.65061	-53.26773	0	47	2021-10-01T13:22:27
9.65128	-53.26880	0	47	2021-10-01T13:27:27
9.65204	-53.26993	0	47	2021-10-01T13:32:25
9.65265	-53.27109	0	47	2021-10-01T13:37:28
9.65346	-53.27220	0	47	2021-10-01T13:42:23
9.65410	-53.27332	0	47	2021-10-01T13:47:23
9.65470	-53.27444	0	47	2021-10-01T13:52:24
9.65532	-53.27558	0	47	2021-10-01T13:57:24
9.65593	-53.27661	0	47	2021-10-01T14:02:24
9.65654	-53.27771	0	47	2021-10-01T14:07:27
9.65728	-53.27893	0	47	2021-10-01T14:12:57
9.65781	-53.27992	0	47	2021-10-01T14:17:24
9.65832	-53.28095	0	47	2021-10-01T14:22:25
9.65902	-53.28198	0	47	2021-10-01T14:27:25
9.65957	-53.28293	0	47	2021-10-01T14:32:23
9.66011	-53.28394	0	47	2021-10-01T14:37:24
9.66074	-53.28488	0	47	2021-10-01T14:42:27
9.66140	-53.28586	0	47	2021-10-01T14:47:29
9.66207	-53.28677	0	47	2021-10-01T14:52:29
9.66271	-53.28769	0	47	2021-10-01T14:57:28
9.66333	-53.28860	0	47	2021-10-01T15:02:29
9.66389	-53.28946	0	47	2021-10-01T15:07:29
9.66459	-53.29037	0	47	2021-10-01T15:12:57
9.66583	-53.29207	0	47	2021-10-01T15:22:32
9.66630	-53.29291	0	47	2021-10-01T15:27:31
9.66690	-53.29379	0	47	2021-10-01T15:32:33
9.66769	-53.29480	0	47	2021-10-01T15:37:30
9.66845	-53.29587	0	47	2021-10-01T15:42:32
9.66919	-53.29681	0	47	2021-10-01T15:47:31
9.66990	-53.29782	0	47	2021-10-01T15:52:33
9.67076	-53.29886	0	47	2021-10-01T15:57:34
9.67170	-53.29980	0	47	2021-10-01T16:02:35
9.67267	-53.30066	0	47	2021-10-01T16:07:34
9.67378	-53.30179	0	47	2021-10-01T16:13:26
9.67460	-53.30243	0	47	2021-10-01T16:17:34
9.67564	-53.30338	0	47	2021-10-01T16:22:52
9.67670	-53.30421	0	47	2021-10-01T16:27:53
9.67777	-53.30515	0	47	2021-10-01T16:32:52
9.67890	-53.30594	0	47	2021-10-01T16:37:52
9.68005	-53.30688	0	47	2021-10-01T16:42:53
9.68111	-53.30782	0	47	2021-10-01T16:47:54
9.68214	-53.30859	0	47	2021-10-01T16:52:54
9.68338	-53.30936	0	47	2021-10-01T16:57:51
9.68436	-53.31021	0	47	2021-10-01T17:02:51
9.68542	-53.31094	0	47	2021-10-01T17:07:57
9.68657	-53.31171	0	47	2021-10-01T17:12:58
9.68760	-53.31244	0	47	2021-10-01T17:17:31
9.68882	-53.31308	0	47	2021-10-01T17:22:30
9.69004	-53.31382	0	47	2021-10-01T17:27:36
9.69121	-53.31442	0	47	2021-10-01T17:32:35
9.69236	-53.31509	0	47	2021-10-01T17:37:28
9.69464	-53.31638	0	47	2021-10-01T17:47:29
9.69572	-53.31706	0	47	2021-10-01T17:52:29
9.69679	-53.31766	0	47	2021-10-01T17:57:28
9.69786	-53.31827	0	47	2021-10-01T18:02:29
9.69884	-53.31888	0	47	2021-10-01T18:07:28
9.69997	-53.31966	0	47	2021-10-01T18:12:28
9.70083	-53.32028	0	47	2021-10-01T18:17:30
9.70181	-53.32095	0	47	2021-10-01T18:22:28
9.70280	-53.32166	0	47	2021-10-01T18:27:27
9.70379	-53.32217	0	47	2021-10-01T18:32:26
9.70484	-53.32275	0	47	2021-10-01T18:37:29
9.70584	-53.32321	0	47	2021-10-01T18:42:27
9.70691	-53.32383	0	47	2021-10-01T18:47:25
9.70790	-53.32443	0	47	2021-10-01T18:52:25
9.70883	-53.32501	0	47	2021-10-01T18:57:25
9.70977	-53.32559	0	47	2021-10-01T19:02:26
9.71072	-53.32617	0	47	2021-10-01T19:07:24
9.71179	-53.32681	0	47	2021-10-01T19:12:55
9.71275	-53.32732	0	47	2021-10-01T19:17:25
9.71369	-53.32783	0	47	2021-10-01T19:22:25
9.71463	-53.32834	0	47	2021-10-01T19:27:24
9.71561	-53.32895	0	47	2021-10-01T19:32:28
9.71660	-53.32953	0	47	2021-10-01T19:37:25
9.71763	-53.33012	0	47	2021-10-01T19:42:23
9.71866	-53.33063	0	47	2021-10-01T19:47:23
9.71970	-53.33121	0	47	2021-10-01T19:52:24
9.72073	-53.33185	0	47	2021-10-01T19:57:21
9.72171	-53.33254	0	47	2021-10-01T20:02:24
9.72279	-53.33331	0	47	2021-10-01T20:07:23
9.72400	-53.33432	0	47	2021-10-01T20:12:58
9.72504	-53.33528	0	47	2021-10-01T20:17:16
9.72611	-53.33640	0	47	2021-10-01T20:22:16
9.72723	-53.33743	0	47	2021-10-01T20:27:15
9.72835	-53.33844	0	47	2021-10-01T20:32:16
9.72955	-53.33949	0	47	2021-10-01T20:37:19
9.73067	-53.34043	0	47	2021-10-01T20:42:19
9.73183	-53.34137	0	47	2021-10-01T20:47:18
9.73302	-53.34222	0	47	2021-10-01T20:52:15
9.73414	-53.34311	0	47	2021-10-01T20:57:18
9.73530	-53.34393	0	47	2021-10-01T21:02:16
9.73648	-53.34476	0	47	2021-10-01T21:07:17
9.73781	-53.34564	0	47	2021-10-01T21:12:56
9.73860	-53.34643	0	47	2021-10-01T21:17:19
9.73972	-53.34720	0	47	2021-10-01T21:22:19
9.74071	-53.34805	0	47	2021-10-01T21:27:17
9.74182	-53.34882	0	47	2021-10-01T21:32:15
9.74282	-53.34963	0	47	2021-10-01T21:37:15
9.74376	-53.35040	0	47	2021-10-01T21:42:16
9.74473	-53.35117	0	47	2021-10-01T21:47:19
9.74578	-53.35192	0	47	2021-10-01T21:52:17
9.74677	-53.35269	0	47	2021-10-01T21:57:18
9.74775	-53.35352	0	47	2021-10-01T22:02:23
9.74874	-53.35434	0	47	2021-10-01T22:07:24
9.74984	-53.35522	0	47	2021-10-01T22:12:56
9.75073	-53.35598	0	47	2021-10-01T22:17:26
9.75167	-53.35675	0	47	2021-10-01T22:22:26
9.75258	-53.35751	0	47	2021-10-01T22:27:24
9.75348	-53.35803	0	47	2021-10-01T22:32:24
9.75444	-53.35904	0	47	2021-10-01T22:37:25
9.75540	-53.35995	0	47	2021-10-01T22:42:23
9.75625	-53.36102	0	47	2021-10-01T22:47:24
9.75703	-53.36202	0	47	2021-10-01T22:52:26
9.75775	-53.36279	0	47	2021-10-01T22:57:25
9.75852	-53.36356	0	47	2021-10-01T23:02:24
9.75935	-53.36432	0	47	2021-10-01T23:07:26
9.76027	-53.36515	0	47	2021-10-01T23:12:27
9.76099	-53.36566	0	47	2021-10-01T23:17:28
9.76186	-53.36636	0	47	2021-10-01T23:22:26
9.76290	-53.36710	0	47	2021-10-01T23:27:29
9.76371	-53.36771	0	47	2021-10-01T23:32:27
9.76472	-53.36832	0	47	2021-10-01T23:37:28
9.76563	-53.36902	0	47	2021-10-01T23:42:31
9.76652	-53.36969	0	47	2021-10-01T23:47:29
9.76742	-53.37033	0	47	2021-10-01T23:52:33
9.76840	-53.37095	0	47	2021-10-01T23:57:32
9.76922	-53.37155	0	47	2021-10-02T00:02:32
9.77014	-53.37216	0	47	2021-10-02T00:07:33
9.77122	-53.37280	0	47	2021-10-02T00:12:56
9.77211	-53.37341	0	47	2021-10-02T00:17:30
9.77302	-53.37399	0	47	2021-10-02T00:22:31
9.77389	-53.37464	0	47	2021-10-02T00:27:31
9.77492	-53.37515	0	47	2021-10-02T00:32:30
9.77591	-53.37561	0	47	2021-10-02T00:37:31
9.77680	-53.37607	0	47	2021-10-02T00:42:31
9.77779	-53.37646	0	47	2021-10-02T00:47:28
9.77877	-53.37683	0	47	2021-10-02T00:52:29
9.77971	-53.37720	0	47	2021-10-02T00:57:32
9.78073	-53.37762	0	47	2021-10-02T01:02:35
9.78177	-53.37799	0	47	2021-10-02T01:07:58
9.78271	-53.37833	0	47	2021-10-02T01:12:59
9.78356	-53.37875	0	47	2021-10-02T01:17:37
9.78445	-53.37920	0	47	2021-10-02T01:22:40
9.78528	-53.37946	0	47	2021-10-02T01:27:39
9.78608	-53.37973	0	47	2021-10-02T01:32:38
9.78683	-53.38013	0	47	2021-10-02T01:37:40
9.78764	-53.38049	0	47	2021-10-02T01:42:41
9.78844	-53.38089	0	47	2021-10-02T01:47:42
9.78919	-53.38132	0	47	2021-10-02T01:52:35
9.79001	-53.38165	0	47	2021-10-02T01:57:37
9.79083	-53.38205	0	47	2021-10-02T02:02:37
9.79165	-53.38248	0	47	2021-10-02T02:07:38
9.79251	-53.38293	0	47	2021-10-02T02:12:58
9.79324	-53.38342	0	47	2021-10-02T02:17:40
9.79388	-53.38376	0	47	2021-10-02T02:22:41
9.79461	-53.38419	0	47	2021-10-02T02:27:41
9.79529	-53.38461	0	47	2021-10-02T02:32:42
9.79606	-53.38510	0	47	2021-10-02T02:37:42
9.79691	-53.38578	0	47	2021-10-02T02:42:40
9.79763	-53.38629	0	47	2021-10-02T02:47:41
9.79837	-53.38669	0	47	2021-10-02T02:52:42
9.79912	-53.38721	0	47	2021-10-02T02:57:43
9.79992	-53.38772	0	47	2021-10-02T03:02:46
9.80056	-53.38815	0	47	2021-10-02T03:07:45
9.80115	-53.38867	0	47	2021-10-02T03:13:03
9.80171	-53.38907	0	47	2021-10-02T03:17:37
9.80233	-53.38954	0	47	2021-10-02T03:22:51
9.80294	-53.39005	0	47	2021-10-02T03:27:51
9.80350	-53.39053	0	47	2021-10-02T03:32:37
9.80414	-53.39096	0	47	2021-10-02T03:37:49
9.80477	-53.39142	0	47	2021-10-02T03:42:50
9.80536	-53.39185	0	47	2021-10-02T03:47:50
9.80594	-53.39227	0	47	2021-10-02T03:52:48
9.80657	-53.39273	0	47	2021-10-02T03:57:49
9.80707	-53.39316	0	47	2021-10-02T04:02:50
9.80757	-53.39367	0	47	2021-10-02T04:07:35
9.80804	-53.39410	0	47	2021-10-02T04:12:36
9.80847	-53.39444	0	47	2021-10-02T04:17:36
9.80899	-53.39487	0	47	2021-10-02T04:22:34
9.80957	-53.39517	0	47	2021-10-02T04:27:31
9.81007	-53.39548	0	47	2021-10-02T04:32:34
9.81062	-53.39586	0	47	2021-10-02T04:37:33
9.81113	-53.39612	0	47	2021-10-02T04:42:33
9.81165	-53.39642	0	47	2021-10-02T04:47:30
9.81223	-53.39674	0	47	2021-10-02T04:52:28
9.81279	-53.39700	0	47	2021-10-02T04:57:28
9.81340	-53.39725	0	47	2021-10-02T05:02:28
9.81404	-53.39762	0	47	2021-10-02T05:07:23
9.81460	-53.39813	0	47	2021-10-02T05:12:23
9.81494	-53.39856	0	47	2021-10-02T05:17:24
9.81561	-53.39908	0	47	2021-10-02T05:22:25
9.81616	-53.39960	0	47	2021-10-02T05:27:22
9.81676	-53.40002	0	47	2021-10-02T05:32:24
9.81725	-53.40057	0	47	2021-10-02T05:37:21
9.81785	-53.40112	0	47	2021-10-02T05:42:23
9.81837	-53.40167	0	47	2021-10-02T05:47:21
9.81907	-53.40240	0	47	2021-10-02T05:52:21
9.81954	-53.40283	0	47	2021-10-02T05:57:20
9.81995	-53.40323	0	47	2021-10-02T06:02:17
9.82039	-53.40366	0	47	2021-10-02T06:07:18
9.82080	-53.40402	0	47	2021-10-02T06:12:56
9.82123	-53.40445	0	47	2021-10-02T06:17:19
9.82149	-53.40479	0	47	2021-10-02T06:22:20
9.82188	-53.40512	0	47	2021-10-02T06:27:20
9.82219	-53.40563	0	47	2021-10-02T06:32:22
9.82250	-53.40591	0	47	2021-10-02T06:37:22
9.82278	-53.40631	0	47	2021-10-02T06:42:23
9.82316	-53.40674	0	47	2021-10-02T06:47:23
9.82353	-53.40723	0	47	2021-10-02T06:52:25
9.82390	-53.40768	0	47	2021-10-02T06:57:23
9.82424	-53.40811	0	47	2021-10-02T07:02:26
9.82460	-53.40854	0	47	2021-10-02T07:07:28
9.82499	-53.40921	0	47	2021-10-02T07:12:54
9.82534	-53.40964	0	47	2021-10-02T07:17:25
9.82565	-53.41022	0	47	2021-10-02T07:22:27
9.82591	-53.41080	0	47	2021-10-02T07:27:27
9.82612	-53.41138	0	47	2021-10-02T07:32:31
9.82638	-53.41187	0	47	2021-10-02T07:37:29
9.82658	-53.41241	0	47	2021-10-02T07:42:40
9.82684	-53.41290	0	47	2021-10-02T07:47:35
9.82707	-53.41345	0	47	2021-10-02T07:52:35
9.82731	-53.41442	0	47	2021-10-02T08:02:56
9.82748	-53.41485	0	47	2021-10-02T08:07:57
9.82757	-53.41528	0	47	2021-10-02T08:12:57
9.82770	-53.41580	0	47	2021-10-02T08:17:36
9.82787	-53.41635	0	47	2021-10-02T08:22:33
9.82799	-53.41678	0	47	2021-10-02T08:27:34
9.82816	-53.41714	0	47	2021-10-02T08:32:35
9.82841	-53.41760	0	47	2021-10-02T08:37:34
9.82876	-53.41809	0	47	2021-10-02T08:42:36
9.82898	-53.41861	0	47	2021-10-02T08:47:37
9.82919	-53.41904	0	47	2021-10-02T08:52:37
9.82945	-53.41962	0	47	2021-10-02T08:57:36
9.83004	-53.42101	0	47	2021-10-02T09:07:37
9.83024	-53.42161	0	47	2021-10-02T09:12:37
9.83046	-53.42221	0	47	2021-10-02T09:17:37
9.83067	-53.42294	0	47	2021-10-02T09:22:34
9.83093	-53.42355	0	47	2021-10-02T09:27:31
9.83108	-53.42416	0	47	2021-10-02T09:32:32
9.83122	-53.42472	0	47	2021-10-02T09:37:30
9.83135	-53.42523	0	47	2021-10-02T09:42:31
9.83146	-53.42578	0	47	2021-10-02T09:47:29
9.83164	-53.42633	0	47	2021-10-02T09:52:30
9.83170	-53.42688	0	47	2021-10-02T09:57:32
9.83189	-53.42743	0	47	2021-10-02T10:02:30
9.83201	-53.42792	0	47	2021-10-02T10:07:31
9.83198	-53.42856	0	47	2021-10-02T10:12:58
9.83221	-53.42916	0	47	2021-10-02T10:17:33
9.83231	-53.42966	0	47	2021-10-02T10:22:31
9.83238	-53.43027	0	47	2021-10-02T10:27:34
9.83254	-53.43083	0	47	2021-10-02T10:32:35
9.83254	-53.43134	0	47	2021-10-02T10:37:35
9.83257	-53.43188	0	47	2021-10-02T10:42:32
9.83259	-53.43240	0	47	2021-10-02T10:47:31
9.83264	-53.43303	0	47	2021-10-02T10:52:31
9.83277	-53.43354	0	47	2021-10-02T10:57:31
9.83294	-53.43405	0	47	2021-10-02T11:02:30
9.83305	-53.43457	0	47	2021-10-02T11:07:26
9.83311	-53.43529	0	47	2021-10-02T11:12:28
9.83319	-53.43579	0	47	2021-10-02T11:17:28
9.83333	-53.43631	0	47	2021-10-02T11:22:29
9.83347	-53.43689	0	47	2021-10-02T11:27:28
9.83357	-53.43747	0	47	2021-10-02T11:32:30
9.83375	-53.43812	0	47	2021-10-02T11:37:31
9.83392	-53.43863	0	47	2021-10-02T11:42:31
9.83413	-53.43921	0	47	2021-10-02T11:47:29
9.83423	-53.43973	0	47	2021-10-02T11:52:31
9.83451	-53.44028	0	47	2021-10-02T11:57:30
9.83469	-53.44089	0	47	2021-10-02T12:02:31
9.83494	-53.44153	0	47	2021-10-02T12:07:29
9.83517	-53.44229	0	47	2021-10-02T12:12:55
9.83520	-53.44287	0	47	2021-10-02T12:17:30
9.83531	-53.44345	0	47	2021-10-02T12:22:28
9.83535	-53.44403	0	47	2021-10-02T12:27:28
9.83543	-53.44461	0	47	2021-10-02T12:32:26
9.83552	-53.44535	0	47	2021-10-02T12:37:26
9.83564	-53.44586	0	47	2021-10-02T12:42:26
9.83571	-53.44666	0	47	2021-10-02T12:47:27
9.83575	-53.44736	0	47	2021-10-02T12:52:25
9.83585	-53.44815	0	47	2021-10-02T12:57:26
9.83591	-53.44894	0	47	2021-10-02T13:02:24
9.83605	-53.44970	0	47	2021-10-02T13:07:58
9.83618	-53.45047	0	47	2021-10-02T13:12:58
9.83610	-53.45117	0	47	2021-10-02T13:17:26
9.83620	-53.45188	0	47	2021-10-02T13:22:26
9.83629	-53.45239	0	47	2021-10-02T13:27:26
9.83653	-53.45297	0	47	2021-10-02T13:32:39
9.83667	-53.45355	0	47	2021-10-02T13:37:41
9.83681	-53.45428	0	47	2021-10-02T13:42:40
9.83699	-53.45497	0	47	2021-10-02T13:47:39
9.83712	-53.45566	0	47	2021-10-02T13:52:39
9.83722	-53.45636	0	47	2021-10-02T13:57:40
9.83728	-53.45716	0	47	2021-10-02T14:02:41
9.83745	-53.45776	0	47	2021-10-02T14:07:41
9.83756	-53.45844	0	47	2021-10-02T14:12:58
9.83758	-53.45901	0	47	2021-10-02T14:17:25
9.83765	-53.46041	0	47	2021-10-02T14:27:26
9.83771	-53.46103	0	47	2021-10-02T14:32:27
9.83769	-53.46170	0	47	2021-10-02T14:37:27
9.83756	-53.46237	0	47	2021-10-02T14:42:25
9.83749	-53.46318	0	47	2021-10-02T14:47:29
9.83749	-53.46387	0	47	2021-10-02T14:52:30
9.83745	-53.46457	0	47	2021-10-02T14:57:28
9.83728	-53.46528	0	47	2021-10-02T15:02:32
9.83724	-53.46588	0	47	2021-10-02T15:07:32
9.83722	-53.46658	0	47	2021-10-02T15:12:57
9.83714	-53.46716	0	47	2021-10-02T15:17:29
9.83713	-53.46786	0	47	2021-10-02T15:22:27
9.83722	-53.46863	0	47	2021-10-02T15:27:28
9.83714	-53.46935	0	47	2021-10-02T15:32:29
9.83714	-53.47012	0	47	2021-10-02T15:37:30
9.83717	-53.47089	0	47	2021-10-02T15:42:30
9.83721	-53.47159	0	47	2021-10-02T15:47:32
9.83719	-53.47229	0	47	2021-10-02T15:52:33
9.83709	-53.47302	0	47	2021-10-02T15:57:36
9.83705	-53.47375	0	47	2021-10-02T16:02:38
9.83688	-53.47525	0	47	2021-10-02T16:12:37
9.83684	-53.47585	0	47	2021-10-02T16:17:37
9.83684	-53.47662	0	47	2021-10-02T16:22:38
9.83685	-53.47739	0	47	2021-10-02T16:27:35
9.83683	-53.47803	0	47	2021-10-02T16:32:35
9.83681	-53.47875	0	47	2021-10-02T16:37:37
9.83681	-53.47935	0	47	2021-10-02T16:42:37
9.83690	-53.47995	0	47	2021-10-02T16:47:38
9.83691	-53.48062	0	47	2021-10-02T16:52:36
9.83695	-53.48132	0	47	2021-10-02T16:57:37
9.83708	-53.48190	0	47	2021-10-02T17:02:41
9.83718	-53.48248	0	47	2021-10-02T17:07:40
9.83732	-53.48325	0	47	2021-10-02T17:13:05
9.83751	-53.48362	0	47	2021-10-02T17:17:38
9.83768	-53.48422	0	47	2021-10-02T17:22:37
9.83788	-53.48480	0	47	2021-10-02T17:27:36
9.83820	-53.48547	0	47	2021-10-02T17:32:41
9.83832	-53.48616	0	47	2021-10-02T17:37:40
9.83859	-53.48676	0	47	2021-10-02T17:42:40
9.83925	-53.48891	0	47	2021-10-02T17:57:38
9.83946	-53.48951	0	47	2021-10-02T18:02:38
9.83976	-53.49020	0	47	2021-10-02T18:07:37
9.84008	-53.49130	0	47	2021-10-02T18:17:38
9.84029	-53.49196	0	47	2021-10-02T18:22:39
9.84043	-53.49256	0	47	2021-10-02T18:27:39
9.84060	-53.49316	0	47	2021-10-02T18:32:38
9.84085	-53.49387	0	47	2021-10-02T18:37:41
9.84110	-53.49457	0	47	2021-10-02T18:42:39
9.84141	-53.49514	0	47	2021-10-02T18:47:42
9.84181	-53.49583	0	47	2021-10-02T18:52:41
9.84215	-53.49643	0	47	2021-10-02T18:57:41
9.84253	-53.49706	0	47	2021-10-02T19:03:28
9.84291	-53.49766	0	47	2021-10-02T19:08:28
9.84331	-53.49835	0	47	2021-10-02T19:13:27
9.84361	-53.49884	0	47	2021-10-02T19:17:38
9.84407	-53.49945	0	47	2021-10-02T19:22:34
9.84445	-53.50010	0	47	2021-10-02T19:27:35
9.84484	-53.50070	0	47	2021-10-02T19:32:35
9.84531	-53.50134	0	47	2021-10-02T19:37:36
9.84570	-53.50192	0	47	2021-10-02T19:42:37
9.84605	-53.50256	0	47	2021-10-02T19:47:35
9.84638	-53.50317	0	47	2021-10-02T19:52:34
9.84674	-53.50388	0	47	2021-10-02T19:57:36
9.84711	-53.50454	0	47	2021-10-02T20:02:57
9.84754	-53.50523	0	47	2021-10-02T20:07:57
9.84801	-53.50592	0	47	2021-10-02T20:12:58
9.84831	-53.50659	0	47	2021-10-02T20:17:35
9.84876	-53.50732	0	47	2021-10-02T20:22:35
9.84920	-53.50817	0	47	2021-10-02T20:27:37
9.84960	-53.50894	0	47	2021-10-02T20:32:37
9.85026	-53.51067	0	47	2021-10-02T20:42:40
9.85065	-53.51144	0	47	2021-10-02T20:47:40
9.85103	-53.51230	0	47	2021-10-02T20:52:40
9.85135	-53.51324	0	47	2021-10-02T20:57:42
9.85210	-53.51517	0	47	2021-10-02T21:07:44
9.85253	-53.51611	0	47	2021-10-02T21:12:44
9.85279	-53.51688	0	47	2021-10-02T21:17:43
9.85305	-53.51782	0	47	2021-10-02T21:22:43
9.85328	-53.51877	0	47	2021-10-02T21:27:47
9.85352	-53.51971	0	47	2021-10-02T21:32:45
9.85382	-53.52073	0	47	2021-10-02T21:37:45
9.85403	-53.52167	0	47	2021-10-02T21:42:45
9.85424	-53.52264	0	47	2021-10-02T21:47:47
9.85446	-53.52366	0	47	2021-10-02T21:52:44
9.85463	-53.52460	0	47	2021-10-02T21:57:45
9.85483	-53.52563	0	47	2021-10-02T22:02:45
9.85505	-53.52661	0	47	2021-10-02T22:07:43
9.85516	-53.52774	0	47	2021-10-02T22:13:07
9.85525	-53.52860	0	47	2021-10-02T22:17:41
9.85525	-53.52963	0	47	2021-10-02T22:22:41
9.85544	-53.53064	0	47	2021-10-02T22:27:43
9.85554	-53.53165	0	47	2021-10-02T22:32:40
9.85567	-53.53271	0	47	2021-10-02T22:37:41
9.85582	-53.53375	0	47	2021-10-02T22:42:41
9.85585	-53.53488	0	47	2021-10-02T22:47:42
9.85591	-53.53599	0	47	2021-10-02T22:52:42
9.85595	-53.53702	0	47	2021-10-02T22:57:41
9.85615	-53.53802	0	47	2021-10-02T23:02:41
9.85638	-53.53903	0	47	2021-10-02T23:07:42
9.85652	-53.54028	0	47	2021-10-02T23:13:21
9.85666	-53.54114	0	47	2021-10-02T23:17:44
9.85671	-53.54205	0	47	2021-10-02T23:22:43
9.85675	-53.54306	0	47	2021-10-02T23:27:41
9.85671	-53.54413	0	47	2021-10-02T23:32:46
9.85676	-53.54499	0	47	2021-10-02T23:37:47
9.85655	-53.54602	0	47	2021-10-02T23:42:47
9.85654	-53.54697	0	47	2021-10-02T23:47:49
9.85652	-53.54794	0	47	2021-10-02T23:52:49
9.85637	-53.54886	0	47	2021-10-02T23:57:50
9.85626	-53.54974	0	47	2021-10-03T00:02:48
9.85637	-53.55064	0	47	2021-10-03T00:08:27
9.85641	-53.55176	0	47	2021-10-03T00:13:28
9.85637	-53.55258	0	47	2021-10-03T00:17:43
9.85631	-53.55341	0	47	2021-10-03T00:22:44
9.85619	-53.55433	0	47	2021-10-03T00:27:41
9.85615	-53.55502	0	47	2021-10-03T00:32:41
9.85594	-53.55588	0	47	2021-10-03T00:37:42
9.85568	-53.55670	0	47	2021-10-03T00:42:43
9.85540	-53.55767	0	47	2021-10-03T00:47:43
9.85520	-53.55853	0	47	2021-10-03T00:52:44
9.85487	-53.55948	0	47	2021-10-03T00:57:42
9.85464	-53.56039	0	47	2021-10-03T01:02:46
9.85432	-53.56127	0	47	2021-10-03T01:07:43
9.85413	-53.56232	0	47	2021-10-03T01:13:30
9.85394	-53.56290	0	47	2021-10-03T01:17:42
9.85371	-53.56363	0	47	2021-10-03T01:22:42
9.85342	-53.56442	0	47	2021-10-03T01:27:41
9.85312	-53.56519	0	47	2021-10-03T01:32:40
9.85286	-53.56592	0	47	2021-10-03T01:37:41
9.85269	-53.56674	0	47	2021-10-03T01:42:42
9.85242	-53.56758	0	47	2021-10-03T01:47:39
9.85220	-53.56835	0	47	2021-10-03T01:52:39
9.85195	-53.56912	0	47	2021-10-03T01:57:40
9.85168	-53.57001	0	47	2021-10-03T02:02:41
9.85145	-53.57090	0	47	2021-10-03T02:08:28
9.85124	-53.57184	0	47	2021-10-03T02:13:28
9.85108	-53.57254	0	47	2021-10-03T02:17:38
9.85042	-53.57399	0	47	2021-10-03T02:27:37
9.85012	-53.57476	0	47	2021-10-03T02:32:37
9.84990	-53.57596	0	47	2021-10-03T02:37:36
9.84976	-53.57684	0	47	2021-10-03T02:42:31
9.84934	-53.57761	0	47	2021-10-03T02:47:32
9.84880	-53.57843	0	47	2021-10-03T02:52:33
9.84819	-53.57931	0	47	2021-10-03T02:57:35
9.84768	-53.58008	0	47	2021-10-03T03:02:35
9.84718	-53.58093	0	47	2021-10-03T03:07:48
9.84651	-53.58170	0	47	2021-10-03T03:12:56
9.84585	-53.58242	0	47	2021-10-03T03:17:35
9.84516	-53.58319	0	47	2021-10-03T03:22:35
9.84446	-53.58398	0	47	2021-10-03T03:27:33
9.84387	-53.58472	0	47	2021-10-03T03:32:33
9.84324	-53.58558	0	47	2021-10-03T03:37:38
9.84263	-53.58627	0	47	2021-10-03T03:42:39
9.84190	-53.58694	0	47	2021-10-03T03:47:36
9.84126	-53.58771	0	47	2021-10-03T03:52:36
9.84057	-53.58844	0	47	2021-10-03T03:57:37
9.83999	-53.58923	0	47	2021-10-03T04:02:37
9.83929	-53.59003	0	47	2021-10-03T04:07:39
9.83860	-53.59085	0	47	2021-10-03T04:12:55
9.83801	-53.59155	0	47	2021-10-03T04:17:37
9.83737	-53.59229	0	47	2021-10-03T04:22:38
9.83672	-53.59302	0	47	2021-10-03T04:27:35
9.83601	-53.59372	0	47	2021-10-03T04:32:38
9.83527	-53.59440	0	47	2021-10-03T04:37:37
9.83468	-53.59500	0	47	2021-10-03T04:42:37
9.83399	-53.59567	0	47	2021-10-03T04:47:35
9.83329	-53.59647	0	47	2021-10-03T04:52:35
9.83259	-53.59723	0	47	2021-10-03T04:57:44
9.83177	-53.59799	0	47	2021-10-03T05:02:33
9.83100	-53.59872	0	47	2021-10-03T05:07:35
9.82945	-53.60029	0	47	2021-10-03T05:17:36
9.82877	-53.60106	0	47	2021-10-03T05:22:37
9.82799	-53.60175	0	47	2021-10-03T05:27:37
9.82726	-53.60248	0	47	2021-10-03T05:32:37
9.82658	-53.60321	0	47	2021-10-03T05:37:39
9.82590	-53.60406	0	47	2021-10-03T05:42:37
9.82536	-53.60498	0	47	2021-10-03T05:47:41
9.82475	-53.60577	0	47	2021-10-03T05:52:42
9.82410	-53.60654	0	47	2021-10-03T05:57:42
9.82357	-53.60751	0	47	2021-10-03T06:02:44
9.82302	-53.60851	0	47	2021-10-03T06:07:44
9.82246	-53.60954	0	47	2021-10-03T06:12:44
9.82216	-53.61057	0	47	2021-10-03T06:17:43
9.82174	-53.61157	0	47	2021-10-03T06:22:46
9.82126	-53.61252	0	47	2021-10-03T06:27:44
9.82085	-53.61362	0	47	2021-10-03T06:32:47
9.82051	-53.61469	0	47	2021-10-03T06:37:45
9.82011	-53.61572	0	47	2021-10-03T06:42:43
9.81966	-53.61684	0	47	2021-10-03T06:47:44
9.81944	-53.61783	0	47	2021-10-03T06:52:47
9.81906	-53.61890	0	47	2021-10-03T06:57:45
9.81879	-53.61993	0	47	2021-10-03T07:02:46
9.81850	-53.62095	0	47	2021-10-03T07:08:25
9.81816	-53.62207	0	47	2021-10-03T07:13:26
9.81798	-53.62302	0	47	2021-10-03T07:17:45
9.81772	-53.62405	0	47	2021-10-03T07:22:49
9.81733	-53.62519	0	47	2021-10-03T07:27:49
9.81720	-53.62622	0	47	2021-10-03T07:32:48
9.81701	-53.62726	0	47	2021-10-03T07:37:51
9.81680	-53.62833	0	47	2021-10-03T07:42:45
9.81662	-53.62933	0	47	2021-10-03T07:47:46
9.81640	-53.63031	0	47	2021-10-03T07:52:47
9.81617	-53.63132	0	47	2021-10-03T07:57:47
9.81593	-53.63226	0	47	2021-10-03T08:02:47
9.81564	-53.63322	0	47	2021-10-03T08:08:25
9.81542	-53.63416	0	47	2021-10-03T08:13:25
9.81523	-53.63498	0	47	2021-10-03T08:17:46
9.81507	-53.63586	0	47	2021-10-03T08:22:45
9.81499	-53.63687	0	47	2021-10-03T08:27:48
9.81487	-53.63785	0	47	2021-10-03T08:32:46
9.81481	-53.63876	0	47	2021-10-03T08:37:49
9.81466	-53.63965	0	47	2021-10-03T08:42:48
9.81448	-53.64081	0	47	2021-10-03T08:47:45
9.81424	-53.64191	0	47	2021-10-03T08:52:45
9.81410	-53.64301	0	47	2021-10-03T08:57:46
9.81382	-53.64420	0	47	2021-10-03T09:02:43
9.81352	-53.64544	0	47	2021-10-03T09:08:26
9.81331	-53.64673	0	47	2021-10-03T09:13:26
9.81312	-53.64793	0	47	2021-10-03T09:17:42
9.81279	-53.64911	0	47	2021-10-03T09:22:40
9.81269	-53.65033	0	47	2021-10-03T09:27:43
9.81258	-53.65161	0	47	2021-10-03T09:32:41
9.81243	-53.65274	0	47	2021-10-03T09:37:42
9.81222	-53.65396	0	47	2021-10-03T09:42:41
9.81199	-53.65515	0	47	2021-10-03T09:47:42
9.81187	-53.65637	0	47	2021-10-03T09:52:44
9.81174	-53.65769	0	47	2021-10-03T09:57:45
9.81157	-53.65881	0	47	2021-10-03T10:02:46
9.81122	-53.66016	0	47	2021-10-03T10:07:44
9.81119	-53.66144	0	47	2021-10-03T10:13:26
9.81104	-53.66254	0	47	2021-10-03T10:17:47
9.81081	-53.66374	0	47	2021-10-03T10:22:48
9.81063	-53.66486	0	47	2021-10-03T10:27:47
9.81037	-53.66595	0	47	2021-10-03T10:32:51
9.81015	-53.66737	0	47	2021-10-03T10:37:52
9.80988	-53.66849	0	47	2021-10-03T10:42:52
9.80965	-53.66962	0	47	2021-10-03T10:47:50
9.80946	-53.67081	0	47	2021-10-03T10:52:54
9.80918	-53.67184	0	47	2021-10-03T10:57:52
9.80896	-53.67291	0	47	2021-10-03T11:02:56
9.80874	-53.67401	0	47	2021-10-03T11:07:54
9.80865	-53.67511	0	47	2021-10-03T11:13:26
9.80845	-53.67612	0	47	2021-10-03T11:17:59
9.80814	-53.67715	0	47	2021-10-03T11:22:59
9.80789	-53.67822	0	47	2021-10-03T11:27:57
9.80765	-53.67918	0	47	2021-10-03T11:32:57
9.80730	-53.68021	0	47	2021-10-03T11:37:57
9.80704	-53.68137	0	47	2021-10-03T11:42:56
9.80674	-53.68240	0	47	2021-10-03T11:47:56
9.80579	-53.68573	0	47	2021-10-03T12:02:59
9.80558	-53.68689	0	47	2021-10-03T12:07:56
9.80521	-53.68806	0	47	2021-10-03T12:12:49
9.80500	-53.68900	0	47	2021-10-03T12:17:50
9.80470	-53.69009	0	47	2021-10-03T12:22:50
9.80433	-53.69138	0	47	2021-10-03T12:27:51
9.80416	-53.69258	0	47	2021-10-03T12:32:51
9.80395	-53.69370	0	47	2021-10-03T12:37:50
9.80371	-53.69498	0	47	2021-10-03T12:42:49
9.80348	-53.69626	0	47	2021-10-03T12:47:50
9.80331	-53.69746	0	47	2021-10-03T12:52:49
9.80322	-53.69858	0	47	2021-10-03T12:57:49
9.80308	-53.69977	0	47	2021-10-03T13:02:49
9.80300	-53.70099	0	47	2021-10-03T13:07:51
9.80280	-53.70237	0	47	2021-10-03T13:12:52
9.80277	-53.70340	0	47	2021-10-03T13:17:52
9.80270	-53.70462	0	47	2021-10-03T13:22:54
9.80260	-53.70587	0	47	2021-10-03T13:27:54
9.80251	-53.70703	0	47	2021-10-03T13:32:54
9.80233	-53.70822	0	47	2021-10-03T13:37:56
9.80221	-53.70935	0	47	2021-10-03T13:42:57
9.80200	-53.71052	0	47	2021-10-03T13:47:56
9.80183	-53.71172	0	47	2021-10-03T13:52:55
9.80170	-53.71292	0	47	2021-10-03T13:57:55
9.80143	-53.71417	0	47	2021-10-03T14:02:53
9.80119	-53.71539	0	47	2021-10-03T14:07:56
9.80092	-53.71680	0	47	2021-10-03T14:12:54
9.80072	-53.71783	0	47	2021-10-03T14:17:55
9.80045	-53.71902	0	47	2021-10-03T14:22:53
9.79997	-53.72006	0	47	2021-10-03T14:27:55
9.79955	-53.72122	0	47	2021-10-03T14:32:57
9.79913	-53.72241	0	47	2021-10-03T14:37:55
9.79874	-53.72372	0	47	2021-10-03T14:42:52
9.79832	-53.72508	0	47	2021-10-03T14:47:55
9.79803	-53.72638	0	47	2021-10-03T14:52:53
9.79759	-53.72757	0	47	2021-10-03T14:57:54
9.79720	-53.72880	0	47	2021-10-03T15:02:54
9.79720	-53.73026	0	47	2021-10-03T15:07:53
9.79665	-53.73163	0	47	2021-10-03T15:13:26
9.79613	-53.73273	0	47	2021-10-03T15:17:54
9.79580	-53.73392	0	47	2021-10-03T15:22:53
9.79536	-53.73511	0	47	2021-10-03T15:27:55
9.79491	-53.73633	0	47	2021-10-03T15:32:52
9.79468	-53.73745	0	47	2021-10-03T15:37:53
9.79412	-53.73874	0	47	2021-10-03T15:42:53
9.79371	-53.74002	0	47	2021-10-03T15:47:54
9.79326	-53.74118	0	47	2021-10-03T15:52:52
9.79287	-53.74244	0	47	2021-10-03T15:57:53
9.79257	-53.74356	0	47	2021-10-03T16:02:54
9.79227	-53.74471	0	47	2021-10-03T16:09:00
9.79214	-53.74591	0	47	2021-10-03T16:14:00
9.79185	-53.74695	0	47	2021-10-03T16:18:08
9.79146	-53.74813	0	47	2021-10-03T16:23:58
9.79090	-53.74985	0	47	2021-10-03T16:28:57
9.79067	-53.75079	0	47	2021-10-03T16:32:51
9.79033	-53.75201	0	47	2021-10-03T16:37:52
9.79012	-53.75321	0	47	2021-10-03T16:42:53
9.78991	-53.75433	0	47	2021-10-03T16:47:53
9.78977	-53.75552	0	47	2021-10-03T16:52:51
9.78968	-53.75677	0	47	2021-10-03T16:57:51
9.78964	-53.75806	0	47	2021-10-03T17:02:51
9.78960	-53.75922	0	47	2021-10-03T17:08:27
9.78960	-53.76059	0	47	2021-10-03T17:13:26
9.78952	-53.76173	0	47	2021-10-03T17:17:51
9.78947	-53.76293	0	47	2021-10-03T17:22:52
9.78947	-53.76422	0	47	2021-10-03T17:27:52
9.78946	-53.76550	0	47	2021-10-03T17:32:53
9.78949	-53.76672	0	47	2021-10-03T17:37:51
9.78942	-53.76809	0	47	2021-10-03T17:42:51
9.78942	-53.76929	0	47	2021-10-03T17:47:51
9.78951	-53.77051	0	47	2021-10-03T17:52:49
9.78956	-53.77172	0	47	2021-10-03T17:57:54
9.78973	-53.77292	0	47	2021-10-03T18:02:55
9.78987	-53.77414	0	47	2021-10-03T18:07:53
9.79003	-53.77551	0	47	2021-10-03T18:13:26
9.79017	-53.77652	0	47	2021-10-03T18:17:56
9.79036	-53.77771	0	47	2021-10-03T18:22:58
9.79055	-53.77881	0	47	2021-10-03T18:27:56
9.79082	-53.77989	0	47	2021-10-03T18:32:57
9.79102	-53.78101	0	47	2021-10-03T18:37:57
9.79130	-53.78204	0	47	2021-10-03T18:42:57
9.79194	-53.78441	0	47	2021-10-03T18:53:04
9.79224	-53.78553	0	47	2021-10-03T18:58:04
9.79257	-53.78656	0	47	2021-10-03T19:03:05
9.79288	-53.78760	0	47	2021-10-03T19:08:03
9.79336	-53.78879	0	47	2021-10-03T19:13:02
9.79376	-53.78973	0	47	2021-10-03T19:18:01
9.79419	-53.79089	0	47	2021-10-03T19:23:04
9.79509	-53.79326	0	47	2021-10-03T19:33:05
9.79569	-53.79438	0	47	2021-10-03T19:38:04
9.79629	-53.79550	0	47	2021-10-03T19:43:04
9.79688	-53.79666	0	47	2021-10-03T19:48:02
9.79740	-53.79770	0	47	2021-10-03T19:53:03
9.79782	-53.79883	0	47	2021-10-03T19:58:04
9.79815	-53.80005	0	47	2021-10-03T20:03:05
9.79853	-53.80112	0	47	2021-10-03T20:08:05
9.79899	-53.80231	0	47	2021-10-03T20:13:03
9.79942	-53.80325	0	47	2021-10-03T20:18:03
9.79978	-53.80450	0	47	2021-10-03T20:23:03
9.80029	-53.80579	0	47	2021-10-03T20:28:01
9.80101	-53.80713	0	47	2021-10-03T20:33:02
9.80174	-53.80842	0	47	2021-10-03T20:38:03
9.80256	-53.80954	0	47	2021-10-03T20:43:03
9.80336	-53.81061	0	47	2021-10-03T20:48:03
9.80416	-53.81171	0	47	2021-10-03T20:53:05
9.80495	-53.81281	0	47	2021-10-03T20:58:05
9.80552	-53.81396	0	47	2021-10-03T21:03:06
9.80607	-53.81503	0	47	2021-10-03T21:08:07
9.80648	-53.81610	0	47	2021-10-03T21:13:27
9.80677	-53.81701	0	47	2021-10-03T21:18:01
9.80720	-53.81787	0	47	2021-10-03T21:23:01
9.80800	-53.81909	0	47	2021-10-03T21:27:58
9.80879	-53.82044	0	47	2021-10-03T21:32:57
9.80955	-53.82156	0	47	2021-10-03T21:37:57
9.81030	-53.82268	0	47	2021-10-03T21:42:55
9.81103	-53.82367	0	47	2021-10-03T21:47:58
9.81176	-53.82474	0	47	2021-10-03T21:52:56
9.81243	-53.82562	0	47	2021-10-03T21:57:57
9.81319	-53.82648	0	47	2021-10-03T22:02:58
9.81391	-53.82739	0	47	2021-10-03T22:07:57
9.81484	-53.82819	0	47	2021-10-03T22:13:30
9.81624	-53.83005	0	47	2021-10-03T22:22:58
9.81680	-53.83099	0	47	2021-10-03T22:27:58
9.81723	-53.83185	0	47	2021-10-03T22:32:59
9.81769	-53.83279	0	47	2021-10-03T22:38:02
9.81812	-53.83371	0	47	2021-10-03T22:43:01
9.81855	-53.83463	0	47	2021-10-03T22:48:01
9.81901	-53.83557	0	47	2021-10-03T22:53:03
9.81945	-53.83655	0	47	2021-10-03T22:58:07
9.81997	-53.83756	0	47	2021-10-03T23:03:08
9.82044	-53.83868	0	47	2021-10-03T23:08:08
9.82113	-53.84012	0	47	2021-10-03T23:13:52
9.82170	-53.84100	0	47	2021-10-03T23:18:26
9.82206	-53.84192	0	47	2021-10-03T23:23:15
9.82258	-53.84280	0	47	2021-10-03T23:28:15
9.82305	-53.84378	0	47	2021-10-03T23:33:13
9.82313	-53.84503	0	47	2021-10-03T23:38:47
9.82339	-53.84598	0	47	2021-10-03T23:43:27
9.82382	-53.84692	0	47	2021-10-03T23:48:15
9.82423	-53.84784	0	47	2021-10-03T23:53:16
9.82492	-53.84861	0	47	2021-10-03T23:59:35
9.82555	-53.84973	0	47	2021-10-04T00:04:35
9.82583	-53.85040	0	47	2021-10-04T00:08:14
9.82632	-53.85147	0	47	2021-10-04T00:13:11
9.82675	-53.85233	0	47	2021-10-04T00:18:10
9.82714	-53.85330	0	47	2021-10-04T00:23:09
9.82761	-53.85422	0	47	2021-10-04T00:28:08
9.82812	-53.85529	0	47	2021-10-04T00:33:04
9.82855	-53.85617	0	47	2021-10-04T00:38:04
9.82898	-53.85709	0	47	2021-10-04T00:43:03
9.82940	-53.85809	0	47	2021-10-04T00:48:05
9.82982	-53.85880	0	47	2021-10-04T00:53:18
9.83020	-53.85965	0	47	2021-10-04T00:58:16
9.83060	-53.86060	0	47	2021-10-04T01:03:18
9.83142	-53.86276	0	47	2021-10-04T01:13:06
9.83181	-53.86340	0	47	2021-10-04T01:18:07
9.83215	-53.86414	0	47	2021-10-04T01:23:05
9.83259	-53.86487	0	47	2021-10-04T01:28:06
9.83303	-53.86563	0	47	2021-10-04T01:33:06
9.83334	-53.86642	0	47	2021-10-04T01:38:06
9.83375	-53.86726	0	47	2021-10-04T01:43:04
9.83414	-53.86795	0	47	2021-10-04T01:48:05
9.83466	-53.86878	0	47	2021-10-04T01:53:03
9.83517	-53.86964	0	47	2021-10-04T01:58:03
9.83564	-53.87076	0	47	2021-10-04T02:03:04
9.83613	-53.87177	0	47	2021-10-04T02:08:05
9.83653	-53.87283	0	47	2021-10-04T02:13:08
9.83683	-53.87360	0	47	2021-10-04T02:18:07
9.83719	-53.87442	0	47	2021-10-04T02:23:08
9.83785	-53.87604	0	47	2021-10-04T02:33:06
9.83817	-53.87683	0	47	2021-10-04T02:38:06
9.83841	-53.87741	0	47	2021-10-04T02:43:07
9.83878	-53.87799	0	47	2021-10-04T02:48:04
9.83921	-53.87869	0	47	2021-10-04T02:53:05
9.83967	-53.87934	0	47	2021-10-04T02:58:01
9.84010	-53.87994	0	47	2021-10-04T03:03:01
9.84061	-53.88068	0	47	2021-10-04T03:08:03
9.84124	-53.88153	0	47	2021-10-04T03:13:28
9.84164	-53.88217	0	47	2021-10-04T03:18:04
9.84212	-53.88290	0	47	2021-10-04T03:23:02
9.84267	-53.88366	0	47	2021-10-04T03:28:03
9.84327	-53.88443	0	47	2021-10-04T03:33:04
9.84381	-53.88519	0	47	2021-10-04T03:38:05
9.84432	-53.88592	0	47	2021-10-04T03:43:06
9.84488	-53.88669	0	47	2021-10-04T03:48:06
9.84535	-53.88739	0	47	2021-10-04T03:53:08
9.84578	-53.88806	0	47	2021-10-04T03:58:08
9.84620	-53.88874	0	47	2021-10-04T04:03:28
9.84657	-53.88934	0	47	2021-10-04T04:08:06
9.84689	-53.89011	0	47	2021-10-04T04:13:27
9.84714	-53.89081	0	47	2021-10-04T04:18:04
9.84747	-53.89155	0	47	2021-10-04T04:23:01
9.84774	-53.89224	0	47	2021-10-04T04:28:02
9.84811	-53.89285	0	47	2021-10-04T04:32:59
9.84843	-53.89343	0	47	2021-10-04T04:38:00
9.84883	-53.89414	0	47	2021-10-04T04:42:57
9.84911	-53.89453	0	47	2021-10-04T04:48:00
9.84944	-53.89508	0	47	2021-10-04T04:52:58
9.84978	-53.89563	0	47	2021-10-04T04:57:59
9.85011	-53.89615	0	47	2021-10-04T05:03:01
9.85037	-53.89667	0	47	2021-10-04T05:07:58
9.85073	-53.89719	0	47	2021-10-04T05:13:25
9.85102	-53.89774	0	47	2021-10-04T05:17:59
9.85134	-53.89845	0	47	2021-10-04T05:22:59
9.85159	-53.89905	0	47	2021-10-04T05:27:59
9.85190	-53.89969	0	47	2021-10-04T05:33:02
9.85211	-53.90033	0	47	2021-10-04T05:38:02
9.85229	-53.90103	0	47	2021-10-04T05:43:03
9.85244	-53.90167	0	47	2021-10-04T05:48:04
9.85272	-53.90228	0	47	2021-10-04T05:53:04
9.85299	-53.90292	0	47	2021-10-04T05:58:06
9.85328	-53.90350	0	47	2021-10-04T06:03:06
9.85357	-53.90408	0	47	2021-10-04T06:08:08
9.85399	-53.90475	0	47	2021-10-04T06:13:07
9.85413	-53.90535	0	47	2021-10-04T06:18:06
9.85426	-53.90604	0	47	2021-10-04T06:23:06
9.85439	-53.90677	0	47	2021-10-04T06:28:07
9.85459	-53.90753	0	47	2021-10-04T06:33:05
9.85474	-53.90842	0	47	2021-10-04T06:38:07
9.85493	-53.90930	0	47	2021-10-04T06:43:05
9.85506	-53.91016	0	47	2021-10-04T06:48:06
9.85529	-53.91106	0	47	2021-10-04T06:53:02
9.85542	-53.91183	0	47	2021-10-04T06:58:01
9.85568	-53.91260	0	47	2021-10-04T07:03:02
9.85590	-53.91342	0	47	2021-10-04T07:08:02
9.85621	-53.91440	0	47	2021-10-04T07:13:56
9.85649	-53.91507	0	47	2021-10-04T07:18:00
9.85673	-53.91592	0	47	2021-10-04T07:22:57
9.85704	-53.91675	0	47	2021-10-04T07:27:58
9.85750	-53.91761	0	47	2021-10-04T07:32:59
9.85779	-53.91830	0	47	2021-10-04T07:37:59
9.85814	-53.91907	0	47	2021-10-04T07:42:59
9.85840	-53.91983	0	47	2021-10-04T07:47:58
9.85868	-53.92068	0	47	2021-10-04T07:52:55
9.85894	-53.92154	0	47	2021-10-04T07:57:55
9.85923	-53.92245	0	47	2021-10-04T08:02:56
9.85959	-53.92334	0	47	2021-10-04T08:07:56
9.85978	-53.92426	0	47	2021-10-04T08:13:26
9.86006	-53.92505	0	47	2021-10-04T08:17:55
9.86030	-53.92603	0	47	2021-10-04T08:22:53
9.86056	-53.92691	0	47	2021-10-04T08:27:56
9.86081	-53.92788	0	47	2021-10-04T08:32:57
9.86093	-53.92874	0	47	2021-10-04T08:37:57
9.86110	-53.92969	0	47	2021-10-04T08:42:55
9.86133	-53.93073	0	47	2021-10-04T08:47:57
9.86147	-53.93170	0	47	2021-10-04T08:52:57
9.86158	-53.93271	0	47	2021-10-04T08:57:57
9.86170	-53.93372	0	47	2021-10-04T09:02:55
9.86173	-53.93469	0	47	2021-10-04T09:07:55
9.86177	-53.93579	0	47	2021-10-04T09:13:27
9.86189	-53.93680	0	47	2021-10-04T09:17:49
9.86198	-53.93774	0	47	2021-10-04T09:22:49
9.86210	-53.93875	0	47	2021-10-04T09:27:48
9.86219	-53.93976	0	47	2021-10-04T09:32:48
9.86234	-53.94073	0	47	2021-10-04T09:37:49
9.86251	-53.94174	0	47	2021-10-04T09:42:50
9.86260	-53.94268	0	47	2021-10-04T09:47:51
9.86273	-53.94354	0	47	2021-10-04T09:52:51
9.86284	-53.94449	0	47	2021-10-04T09:57:53
9.86300	-53.94549	0	47	2021-10-04T10:02:54
9.86313	-53.94635	0	47	2021-10-04T10:07:54
9.86323	-53.94733	0	47	2021-10-04T10:13:26
9.86332	-53.94809	0	47	2021-10-04T10:17:55
9.86350	-53.94894	0	47	2021-10-04T10:22:53
9.86370	-53.94981	0	47	2021-10-04T10:27:54
9.86375	-53.95050	0	47	2021-10-04T10:32:55
9.86379	-53.95126	0	47	2021-10-04T10:37:56
9.86392	-53.95200	0	47	2021-10-04T10:42:56
9.86392	-53.95275	0	47	2021-10-04T10:47:57
9.86392	-53.95352	0	47	2021-10-04T10:52:57
9.86388	-53.95428	0	47	2021-10-04T10:57:59
9.86389	-53.95509	0	47	2021-10-04T11:03:00
9.86393	-53.95578	0	47	2021-10-04T11:08:00
9.86389	-53.95663	0	47	2021-10-04T11:13:25
9.86386	-53.95737	0	47	2021-10-04T11:18:02
9.86370	-53.95827	0	47	2021-10-04T11:23:06
9.86367	-53.95904	0	47	2021-10-04T11:28:05
9.86358	-53.95981	0	47	2021-10-04T11:33:05
9.86347	-53.96060	0	47	2021-10-04T11:38:02
9.86330	-53.96136	0	47	2021-10-04T11:43:03
9.86323	-53.96216	0	47	2021-10-04T11:48:00
9.86314	-53.96307	0	47	2021-10-04T11:53:01
9.86300	-53.96399	0	47	2021-10-04T11:57:58
9.86299	-53.96484	0	47	2021-10-04T12:03:03
9.86290	-53.96582	0	47	2021-10-04T12:07:57
9.86283	-53.96695	0	47	2021-10-04T12:13:24
9.86274	-53.96793	0	47	2021-10-04T12:17:58
9.86270	-53.96896	0	47	2021-10-04T12:22:58
9.86267	-53.97003	0	47	2021-10-04T12:27:59
9.86261	-53.97116	0	47	2021-10-04T12:33:00
9.86262	-53.97234	0	47	2021-10-04T12:38:02
9.86261	-53.97330	0	47	2021-10-04T12:43:01
9.86262	-53.97440	0	47	2021-10-04T12:48:03
9.86262	-53.97544	0	47	2021-10-04T12:53:04
9.86253	-53.97647	0	47	2021-10-04T12:58:04
9.86239	-53.97745	0	47	2021-10-04T13:03:04
9.86218	-53.97839	0	47	2021-10-04T13:08:06
9.86194	-53.97936	0	47	2021-10-04T13:13:10
9.86177	-53.98022	0	47	2021-10-04T13:18:09
9.86156	-53.98108	0	47	2021-10-04T13:23:09
9.86137	-53.98190	0	47	2021-10-04T13:28:09
9.86107	-53.98272	0	47	2021-10-04T13:33:13
9.86086	-53.98349	0	47	2021-10-04T13:38:12
9.86062	-53.98431	0	47	2021-10-04T13:43:13
9.86045	-53.98511	0	47	2021-10-04T13:48:13
9.86030	-53.98593	0	47	2021-10-04T13:53:14
9.86002	-53.98684	0	47	2021-10-04T13:58:10
9.85985	-53.98761	0	47	2021-10-04T14:03:09
9.85966	-53.98843	0	47	2021-10-04T14:08:11
9.85901	-53.99094	0	47	2021-10-04T14:23:11
9.85877	-53.99188	0	47	2021-10-04T14:28:09
9.85849	-53.99277	0	47	2021-10-04T14:33:13
9.85820	-53.99365	0	47	2021-10-04T14:38:11
9.85787	-53.99457	0	47	2021-10-04T14:43:14
9.85760	-53.99545	0	47	2021-10-04T14:48:16
9.85679	-53.99741	0	47	2021-10-04T14:58:17
9.85652	-53.99850	0	47	2021-10-04T15:03:17
9.85610	-53.99953	0	47	2021-10-04T15:08:57
9.85546	-54.00073	0	47	2021-10-04T15:13:57
9.85500	-54.00165	0	47	2021-10-04T15:18:17
9.85450	-54.00272	0	47	2021-10-04T15:23:18
9.85399	-54.00386	0	47	2021-10-04T15:28:15
9.85356	-54.00498	0	47	2021-10-04T15:33:16
9.85310	-54.00601	0	47	2021-10-04T15:38:16
9.85261	-54.00708	0	47	2021-10-04T15:43:16
9.85223	-54.00812	0	47	2021-10-04T15:48:18
9.85181	-54.00919	0	47	2021-10-04T15:53:16
9.85139	-54.01035	0	47	2021-10-04T15:58:16
9.85061	-54.01273	0	47	2021-10-04T16:08:22
9.85027	-54.01385	0	47	2021-10-04T16:13:23
9.84993	-54.01471	0	47	2021-10-04T16:18:23
9.84951	-54.01584	0	47	2021-10-04T16:23:24
9.84911	-54.01696	0	47	2021-10-04T16:28:24
9.84873	-54.01816	0	47	2021-10-04T16:33:23
9.84829	-54.01932	0	47	2021-10-04T16:38:26
9.84792	-54.02048	0	47	2021-10-04T16:43:24
9.84749	-54.02167	0	47	2021-10-04T16:48:28
9.84703	-54.02283	0	47	2021-10-04T16:53:25
9.84667	-54.02393	0	47	2021-10-04T16:58:26
9.84629	-54.02509	0	47	2021-10-04T17:03:27
9.84584	-54.02627	0	47	2021-10-04T17:09:25
9.84545	-54.02747	0	47	2021-10-04T17:14:24
9.84514	-54.02835	0	47	2021-10-04T17:18:26
9.84479	-54.02948	0	47	2021-10-04T17:23:23
9.84441	-54.03062	0	47	2021-10-04T17:28:27
9.84402	-54.03174	0	47	2021-10-04T17:33:27
9.84374	-54.03287	0	47	2021-10-04T17:38:25
9.84337	-54.03397	0	47	2021-10-04T17:43:26
9.84301	-54.03506	0	47	2021-10-04T17:48:24
9.84268	-54.03617	0	47	2021-10-04T17:53:24
9.84230	-54.03720	0	47	2021-10-04T17:58:25
9.84198	-54.03824	0	47	2021-10-04T18:03:23
9.84173	-54.03937	0	47	2021-10-04T18:08:23
9.84140	-54.04064	0	47	2021-10-04T18:13:16
9.84122	-54.04141	0	47	2021-10-04T18:18:17
9.84110	-54.04248	0	47	2021-10-04T18:23:17
9.84094	-54.04352	0	47	2021-10-04T18:28:14
9.84089	-54.04465	0	47	2021-10-04T18:33:09
9.84080	-54.04568	0	47	2021-10-04T18:38:09
9.84066	-54.04684	0	47	2021-10-04T18:43:13
9.84061	-54.04800	0	47	2021-10-04T18:48:10
9.84047	-54.04924	0	47	2021-10-04T18:53:06
9.84035	-54.05044	0	47	2021-10-04T18:58:05
9.84026	-54.05173	0	47	2021-10-04T19:03:05
9.84010	-54.05295	0	47	2021-10-04T19:08:09
9.83995	-54.05429	0	47	2021-10-04T19:13:26
9.83980	-54.05539	0	47	2021-10-04T19:18:09
9.83963	-54.05664	0	47	2021-10-04T19:23:12
9.83960	-54.05789	0	47	2021-10-04T19:28:12
9.83948	-54.05919	0	47	2021-10-04T19:33:14
9.83951	-54.06046	0	47	2021-10-04T19:38:12
9.83944	-54.06177	0	47	2021-10-04T19:43:15
9.83935	-54.06317	0	47	2021-10-04T19:48:13
9.83932	-54.06458	0	47	2021-10-04T19:53:16
9.83930	-54.06601	0	47	2021-10-04T19:58:15
9.83934	-54.06738	0	47	2021-10-04T20:03:16
9.83935	-54.06879	0	47	2021-10-04T20:08:19
9.83930	-54.07032	0	47	2021-10-04T20:13:12
9.83930	-54.07144	0	47	2021-10-04T20:18:11
9.83927	-54.07278	0	47	2021-10-04T20:23:15
9.83920	-54.07416	0	47	2021-10-04T20:28:11
9.83911	-54.07553	0	47	2021-10-04T20:33:12
9.83899	-54.07690	0	47	2021-10-04T20:38:10
9.83888	-54.07831	0	47	2021-10-04T20:43:08
9.83885	-54.07977	0	47	2021-10-04T20:48:08
9.83883	-54.08112	0	47	2021-10-04T20:53:11
9.83878	-54.08239	0	47	2021-10-04T20:58:09
9.83878	-54.08368	0	47	2021-10-04T21:03:09
9.83883	-54.08499	0	47	2021-10-04T21:08:07
9.83906	-54.08630	0	47	2021-10-04T21:13:26
9.83896	-54.08755	0	47	2021-10-04T21:18:06
9.83906	-54.08884	0	47	2021-10-04T21:23:07
9.83895	-54.09023	0	47	2021-10-04T21:28:07
9.83899	-54.09152	0	47	2021-10-04T21:33:08
9.83888	-54.09283	0	47	2021-10-04T21:38:05
9.83893	-54.09412	0	47	2021-10-04T21:43:06
9.83890	-54.09545	0	47	2021-10-04T21:48:06
9.83899	-54.09665	0	47	2021-10-04T21:53:07
9.83902	-54.09787	0	47	2021-10-04T21:58:04
9.83905	-54.09918	0	47	2021-10-04T22:03:05
9.83916	-54.10041	0	47	2021-10-04T22:08:32
9.83920	-54.10178	0	47	2021-10-04T22:13:31
9.83930	-54.10278	0	47	2021-10-04T22:18:07
9.83946	-54.10416	0	47	2021-10-04T22:23:04
9.83954	-54.10536	0	47	2021-10-04T22:28:03
9.83972	-54.10648	0	47	2021-10-04T22:33:03
9.83981	-54.10770	0	47	2021-10-04T22:38:04
9.84002	-54.10880	0	47	2021-10-04T22:43:03
9.84013	-54.11002	0	47	2021-10-04T22:48:01
9.84024	-54.11139	0	47	2021-10-04T22:53:02
9.84035	-54.11255	0	47	2021-10-04T22:58:00
9.84057	-54.11384	0	47	2021-10-04T23:03:28
9.84075	-54.11487	0	47	2021-10-04T23:08:28
9.84092	-54.11624	0	47	2021-10-04T23:13:29
9.84111	-54.11728	0	47	2021-10-04T23:18:03
9.84131	-54.11838	0	47	2021-10-04T23:23:00
9.84150	-54.11945	0	47	2021-10-04T23:28:01
9.84167	-54.12057	0	47	2021-10-04T23:33:01
9.84195	-54.12174	0	47	2021-10-04T23:38:01
9.84212	-54.12277	0	47	2021-10-04T23:43:00
9.84229	-54.12390	0	47	2021-10-04T23:47:59
9.84246	-54.12491	0	47	2021-10-04T23:53:00
9.84268	-54.12598	0	47	2021-10-04T23:58:02
9.84298	-54.12701	0	47	2021-10-05T00:03:05
9.84318	-54.12802	0	47	2021-10-05T00:08:04
9.84342	-54.12911	0	47	2021-10-05T00:13:05
9.84351	-54.12997	0	47	2021-10-05T00:18:05
9.84366	-54.13089	0	47	2021-10-05T00:23:05
9.84378	-54.13177	0	47	2021-10-05T00:28:06
9.84385	-54.13263	0	47	2021-10-05T00:33:04
9.84397	-54.13359	0	47	2021-10-05T00:38:04
9.84397	-54.13453	0	47	2021-10-05T00:43:03
9.84401	-54.13547	0	47	2021-10-05T00:48:03
9.84413	-54.13663	0	47	2021-10-05T00:53:04
9.84417	-54.13754	0	47	2021-10-05T00:58:04
9.84418	-54.13846	0	47	2021-10-05T01:03:05
9.84418	-54.13931	0	47	2021-10-05T01:08:05
9.84415	-54.14031	0	47	2021-10-05T01:13:04
9.84411	-54.14108	0	47	2021-10-05T01:18:04
9.84407	-54.14194	0	47	2021-10-05T01:23:05
9.84399	-54.14288	0	47	2021-10-05T01:28:06
9.84393	-54.14377	0	47	2021-10-05T01:33:09
9.84381	-54.14471	0	47	2021-10-05T01:38:07
9.84378	-54.14557	0	47	2021-10-05T01:43:07
9.84376	-54.14651	0	47	2021-10-05T01:48:09
9.84376	-54.14737	0	47	2021-10-05T01:53:07
9.84380	-54.14828	0	47	2021-10-05T01:58:08
9.84380	-54.14914	0	47	2021-10-05T02:03:08
9.84385	-54.14999	0	47	2021-10-05T02:08:11
9.84398	-54.15088	0	47	2021-10-05T02:13:37
9.84401	-54.15159	0	47	2021-10-05T02:18:14
9.84404	-54.15228	0	47	2021-10-05T02:23:14
9.84408	-54.15302	0	47	2021-10-05T02:28:12
9.84418	-54.15379	0	47	2021-10-05T02:33:13
9.84427	-54.15448	0	47	2021-10-05T02:38:14
9.84434	-54.15518	0	47	2021-10-05T02:43:17
9.84446	-54.15588	0	47	2021-10-05T02:48:15
9.84460	-54.15656	0	47	2021-10-05T02:53:16
9.84467	-54.15735	0	47	2021-10-05T02:58:14
9.84474	-54.15814	0	47	2021-10-05T03:03:17
9.84483	-54.15905	0	47	2021-10-05T03:08:58
9.84492	-54.15991	0	47	2021-10-05T03:13:58
9.84497	-54.16068	0	47	2021-10-05T03:18:17
9.84503	-54.16156	0	47	2021-10-05T03:23:17
9.84514	-54.16248	0	47	2021-10-05T03:28:19
9.84523	-54.16339	0	47	2021-10-05T03:33:22
9.84537	-54.16434	0	47	2021-10-05T03:38:20
9.84547	-54.16528	0	47	2021-10-05T03:43:22
9.84554	-54.16623	0	47	2021-10-05T03:48:22
9.84563	-54.16711	0	47	2021-10-05T03:53:23
9.84571	-54.16800	0	47	2021-10-05T03:58:22
9.84580	-54.16895	0	47	2021-10-05T04:03:21
9.84592	-54.16998	0	47	2021-10-05T04:08:28
9.84619	-54.17101	0	47	2021-10-05T04:13:27
9.84636	-54.17178	0	47	2021-10-05T04:18:27
9.84652	-54.17267	0	47	2021-10-05T04:23:25
9.84674	-54.17365	0	47	2021-10-05T04:28:25
9.84695	-54.17468	0	47	2021-10-05T04:33:28
9.84720	-54.17566	0	47	2021-10-05T04:38:27
9.84744	-54.17667	0	47	2021-10-05T04:43:27
9.84770	-54.17772	0	47	2021-10-05T04:48:25
9.84784	-54.17874	0	47	2021-10-05T04:53:28
9.84803	-54.17978	0	47	2021-10-05T04:58:26
9.84830	-54.18079	0	47	2021-10-05T05:03:27
9.84853	-54.18174	0	47	2021-10-05T05:08:56
9.84873	-54.18286	0	47	2021-10-05T05:13:56
9.84887	-54.18378	0	47	2021-10-05T05:18:22
9.84897	-54.18475	0	47	2021-10-05T05:23:26
9.84906	-54.18574	0	47	2021-10-05T05:28:31
9.84910	-54.18665	0	47	2021-10-05T05:33:29
9.84919	-54.18762	0	47	2021-10-05T05:38:32
9.84929	-54.18860	0	47	2021-10-05T05:43:31
9.84936	-54.18961	0	47	2021-10-05T05:48:35
9.84944	-54.19061	0	47	2021-10-05T05:53:32
9.84957	-54.19162	0	47	2021-10-05T05:58:33
9.84962	-54.19257	0	47	2021-10-05T06:03:32
9.84980	-54.19354	0	47	2021-10-05T06:08:31
9.85022	-54.19539	0	47	2021-10-05T06:18:31
9.85031	-54.19633	0	47	2021-10-05T06:23:30
9.85040	-54.19736	0	47	2021-10-05T06:28:30
9.85046	-54.19836	0	47	2021-10-05T06:33:32
9.85056	-54.19943	0	47	2021-10-05T06:38:28
9.85065	-54.20050	0	47	2021-10-05T06:43:29
9.85072	-54.20154	0	47	2021-10-05T06:48:30
9.85087	-54.20369	0	47	2021-10-05T06:58:31
9.85091	-54.20481	0	47	2021-10-05T07:03:32
9.85091	-54.20584	0	47	2021-10-05T07:08:32
9.85092	-54.20700	0	47	2021-10-05T07:13:54
9.85092	-54.20798	0	47	2021-10-05T07:18:30
9.85084	-54.20917	0	47	2021-10-05T07:23:38
9.85070	-54.21036	0	47	2021-10-05T07:28:35
9.85058	-54.21149	0	47	2021-10-05T07:33:33
9.85037	-54.21265	0	47	2021-10-05T07:38:34
9.85012	-54.21368	0	47	2021-10-05T07:43:34
9.84989	-54.21469	0	47	2021-10-05T07:48:31
9.84966	-54.21579	0	47	2021-10-05T07:53:28
9.84948	-54.21680	0	47	2021-10-05T07:58:30
9.84936	-54.21771	0	47	2021-10-05T08:03:31
9.84925	-54.21863	0	47	2021-10-05T08:08:28
9.84915	-54.21973	0	47	2021-10-05T08:13:56
9.84906	-54.22070	0	47	2021-10-05T08:18:25
9.84895	-54.22162	0	47	2021-10-05T08:23:27
9.84892	-54.22256	0	47	2021-10-05T08:28:28
9.84887	-54.22357	0	47	2021-10-05T08:33:25
9.84882	-54.22458	0	47	2021-10-05T08:38:26
9.84869	-54.22665	0	47	2021-10-05T08:48:22
9.84864	-54.22759	0	47	2021-10-05T08:53:21
9.84861	-54.22845	0	47	2021-10-05T08:58:21
9.84857	-54.22940	0	47	2021-10-05T09:03:23
9.84847	-54.23029	0	47	2021-10-05T09:08:24
9.84845	-54.23126	0	47	2021-10-05T09:13:27
9.84845	-54.23203	0	47	2021-10-05T09:18:27
9.84842	-54.23291	0	47	2021-10-05T09:23:26
9.84834	-54.23367	0	47	2021-10-05T09:28:27
9.84817	-54.23453	0	47	2021-10-05T09:33:30
9.84798	-54.23529	0	47	2021-10-05T09:38:29
9.84781	-54.23605	0	47	2021-10-05T09:43:30
9.84768	-54.23676	0	47	2021-10-05T09:48:28
9.84754	-54.23747	0	47	2021-10-05T09:53:26
9.84737	-54.23816	0	47	2021-10-05T09:58:26
9.84714	-54.23889	0	47	2021-10-05T10:03:23
9.84688	-54.23969	0	47	2021-10-05T10:08:25
9.84667	-54.24063	0	47	2021-10-05T10:13:56
9.84651	-54.24149	0	47	2021-10-05T10:18:23
9.84634	-54.24240	0	47	2021-10-05T10:23:23
9.84619	-54.24332	0	47	2021-10-05T10:28:24
9.84592	-54.24417	0	47	2021-10-05T10:33:25
9.84567	-54.24512	0	47	2021-10-05T10:38:23
9.84543	-54.24591	0	47	2021-10-05T10:43:24
9.84512	-54.24677	0	47	2021-10-05T10:48:23
9.84487	-54.24762	0	47	2021-10-05T10:53:22
9.84458	-54.24844	0	47	2021-10-05T10:58:23
9.84436	-54.24933	0	47	2021-10-05T11:03:23
9.84418	-54.25031	0	47	2021-10-05T11:08:21
9.84392	-54.25134	0	47	2021-10-05T11:13:56
9.84369	-54.25219	0	47	2021-10-05T11:18:26
9.84356	-54.25305	0	47	2021-10-05T11:23:26
9.84343	-54.25391	0	47	2021-10-05T11:28:28
9.84338	-54.25479	0	47	2021-10-05T11:33:29
9.84340	-54.25558	0	47	2021-10-05T11:38:33
9.84336	-54.25638	0	47	2021-10-05T11:43:34
9.84328	-54.25717	0	47	2021-10-05T11:48:35
9.84324	-54.25803	0	47	2021-10-05T11:53:32
9.84324	-54.25881	0	47	2021-10-05T11:58:29
9.84324	-54.25967	0	47	2021-10-05T12:03:29
9.84320	-54.26053	0	47	2021-10-05T12:08:29
9.84310	-54.26160	0	47	2021-10-05T12:13:55
9.84303	-54.26253	0	47	2021-10-05T12:18:33
9.84299	-54.26347	0	47	2021-10-05T12:23:33
9.84290	-54.26450	0	47	2021-10-05T12:28:34
9.84293	-54.26547	0	47	2021-10-05T12:33:32
9.84293	-54.26651	0	47	2021-10-05T12:38:35
9.84301	-54.26752	0	47	2021-10-05T12:43:33
9.84305	-54.26846	0	47	2021-10-05T12:48:32
9.84315	-54.26944	0	47	2021-10-05T12:53:33
9.84328	-54.27041	0	47	2021-10-05T12:58:30
9.84332	-54.27127	0	47	2021-10-05T13:03:29
9.84336	-54.27213	0	47	2021-10-05T13:08:29
9.84342	-54.27307	0	47	2021-10-05T13:13:58
9.84346	-54.27390	0	47	2021-10-05T13:18:32
9.84354	-54.27474	0	47	2021-10-05T13:23:32
9.84354	-54.27551	0	47	2021-10-05T13:28:32
9.84355	-54.27634	0	47	2021-10-05T13:33:30
9.84356	-54.27713	0	47	2021-10-05T13:38:31
9.84354	-54.27875	0	47	2021-10-05T13:48:29
9.84360	-54.27957	0	47	2021-10-05T13:53:30
9.84360	-54.28052	0	47	2021-10-05T13:58:30
9.84366	-54.28140	0	47	2021-10-05T14:03:31
9.84366	-54.28229	0	47	2021-10-05T14:08:34
9.84374	-54.28326	0	47	2021-10-05T14:13:56
9.84381	-54.28412	0	47	2021-10-05T14:18:32
9.84384	-54.28500	0	47	2021-10-05T14:23:34
9.84381	-54.28594	0	47	2021-10-05T14:28:32
9.84373	-54.28680	0	47	2021-10-05T14:33:32
9.84371	-54.28769	0	47	2021-10-05T14:38:33
9.84362	-54.28860	0	47	2021-10-05T14:43:29
9.84361	-54.29137	0	47	2021-10-05T14:58:29
9.84373	-54.29224	0	47	2021-10-05T15:03:30
9.84370	-54.29309	0	47	2021-10-05T15:08:29
9.84371	-54.29398	0	47	2021-10-05T15:13:57
9.84371	-54.29468	0	47	2021-10-05T15:18:31
9.84366	-54.29547	0	47	2021-10-05T15:23:29
9.84362	-54.29623	0	47	2021-10-05T15:28:30
9.84373	-54.29715	0	47	2021-10-05T15:33:31
9.84379	-54.29779	0	47	2021-10-05T15:38:31
9.84385	-54.29861	0	47	2021-10-05T15:43:30
9.84393	-54.29941	0	47	2021-10-05T15:48:30
9.84404	-54.30017	0	47	2021-10-05T15:53:34
9.84418	-54.30096	0	47	2021-10-05T15:58:31
9.84426	-54.30176	0	47	2021-10-05T16:03:48
9.84435	-54.30258	0	47	2021-10-05T16:08:52
9.84445	-54.30352	0	47	2021-10-05T16:13:53
9.84449	-54.30429	0	47	2021-10-05T16:18:53
9.84460	-54.30508	0	47	2021-10-05T16:23:52
9.84465	-54.30594	0	47	2021-10-05T16:28:52
9.84474	-54.30682	0	47	2021-10-05T16:33:53
9.84474	-54.30759	0	47	2021-10-05T16:38:53
9.84474	-54.30841	0	47	2021-10-05T16:43:50
9.84479	-54.31023	0	47	2021-10-05T16:53:29
9.84481	-54.31094	0	47	2021-10-05T16:58:33
9.84484	-54.31177	0	47	2021-10-05T17:03:30
9.84490	-54.31262	0	47	2021-10-05T17:08:32
9.84503	-54.31453	0	47	2021-10-05T17:18:34
9.84507	-54.31522	0	47	2021-10-05T17:23:35
9.84512	-54.31616	0	47	2021-10-05T17:28:35
9.84516	-54.31714	0	47	2021-10-05T17:33:37
9.84520	-54.31800	0	47	2021-10-05T17:38:38
9.84520	-54.31894	0	47	2021-10-05T17:43:38
9.84526	-54.31995	0	47	2021-10-05T17:48:39
9.84526	-54.32089	0	47	2021-10-05T17:53:39
9.84525	-54.32193	0	47	2021-10-05T17:58:40
9.84526	-54.32294	0	47	2021-10-05T18:03:38
9.84525	-54.32401	0	47	2021-10-05T18:08:42
9.84533	-54.32510	0	47	2021-10-05T18:14:10
9.84528	-54.32613	0	47	2021-10-05T18:18:39
9.84531	-54.32716	0	47	2021-10-05T18:23:38
9.84531	-54.32828	0	47	2021-10-05T18:28:38
9.84540	-54.32938	0	47	2021-10-05T18:33:43
9.84537	-54.33051	0	47	2021-10-05T18:38:42
9.84537	-54.33154	0	47	2021-10-05T18:43:41
9.84539	-54.33267	0	47	2021-10-05T18:48:41
9.84540	-54.33383	0	47	2021-10-05T18:53:38
9.84526	-54.33495	0	47	2021-10-05T18:58:43
9.84517	-54.33607	0	47	2021-10-05T19:03:43
9.84512	-54.33719	0	47	2021-10-05T19:08:43
9.84535	-54.33807	0	47	2021-10-05T19:14:27
9.84525	-54.33905	0	47	2021-10-05T19:18:39
9.84510	-54.34016	0	47	2021-10-05T19:23:39
9.84497	-54.34128	0	47	2021-10-05T19:28:40
9.84479	-54.34241	0	47	2021-10-05T19:33:41
9.84465	-54.34357	0	47	2021-10-05T19:38:41
9.84442	-54.34481	0	47	2021-10-05T19:43:42
9.84417	-54.34601	0	47	2021-10-05T19:48:41
9.84384	-54.34732	0	47	2021-10-05T19:53:44
9.84343	-54.34854	0	47	2021-10-05T19:58:44
9.84320	-54.34982	0	47	2021-10-05T20:03:46
9.84279	-54.35126	0	47	2021-10-05T20:09:26
9.84235	-54.35229	0	47	2021-10-05T20:14:27
9.84169	-54.35366	0	47	2021-10-05T20:18:49
9.84127	-54.35486	0	47	2021-10-05T20:23:49
9.84085	-54.35602	0	47	2021-10-05T20:28:47
9.84043	-54.35721	0	47	2021-10-05T20:33:50
9.84022	-54.35834	0	47	2021-10-05T20:38:52
9.83982	-54.35959	0	47	2021-10-05T20:43:50
9.83975	-54.36075	0	47	2021-10-05T20:48:50
9.83952	-54.36186	0	47	2021-10-05T20:53:48
9.83913	-54.36298	0	47	2021-10-05T20:58:48
9.83905	-54.36398	0	47	2021-10-05T21:03:49
9.83885	-54.36514	0	47	2021-10-05T21:08:50
9.83871	-54.36622	0	47	2021-10-05T21:13:47
9.83854	-54.36725	0	47	2021-10-05T21:18:47
9.83834	-54.36844	0	47	2021-10-05T21:23:49
9.83817	-54.36960	0	47	2021-10-05T21:28:50
9.83805	-54.37073	0	47	2021-10-05T21:33:46
9.83797	-54.37180	0	47	2021-10-05T21:38:51
9.83783	-54.37292	0	47	2021-10-05T21:43:51
9.83774	-54.37399	0	47	2021-10-05T21:48:49
9.83756	-54.37511	0	47	2021-10-05T21:53:50
9.83742	-54.37613	0	47	2021-10-05T21:58:50
9.83718	-54.37726	0	47	2021-10-05T22:03:51
9.83700	-54.37827	0	47	2021-10-05T22:08:52
9.83672	-54.37946	0	47	2021-10-05T22:14:27
9.83649	-54.38037	0	47	2021-10-05T22:18:55
9.83620	-54.38141	0	47	2021-10-05T22:23:51
9.83594	-54.38251	0	47	2021-10-05T22:28:48
9.83567	-54.38364	0	47	2021-10-05T22:33:49
9.83545	-54.38458	0	47	2021-10-05T22:38:49
9.83524	-54.38556	0	47	2021-10-05T22:43:50
9.83510	-54.38663	0	47	2021-10-05T22:48:48
9.83493	-54.38763	0	47	2021-10-05T22:53:49
9.83474	-54.38871	0	47	2021-10-05T22:58:50
9.83465	-54.38974	0	47	2021-10-05T23:03:50
9.83451	-54.39081	0	47	2021-10-05T23:08:47
9.83437	-54.39206	0	47	2021-10-05T23:14:27
9.83428	-54.39307	0	47	2021-10-05T23:18:48
9.83416	-54.39410	0	47	2021-10-05T23:23:47
9.83376	-54.39769	0	47	2021-10-05T23:38:48
9.83376	-54.39863	0	47	2021-10-05T23:43:48
9.83381	-54.39966	0	47	2021-10-05T23:48:47
9.83383	-54.40073	0	47	2021-10-05T23:53:47
9.83380	-54.40189	0	47	2021-10-05T23:58:48
9.83384	-54.40289	0	47	2021-10-06T00:03:49
9.83379	-54.40399	0	47	2021-10-06T00:08:47
9.83376	-54.40515	0	47	2021-10-06T00:14:28
9.83379	-54.40601	0	47	2021-10-06T00:18:48
9.83369	-54.40707	0	47	2021-10-06T00:23:45
9.83376	-54.40808	0	47	2021-10-06T00:28:44
9.83375	-54.40915	0	47	2021-10-06T00:33:46
9.83379	-54.41019	0	47	2021-10-06T00:38:48
9.83386	-54.41119	0	47	2021-10-06T00:43:48
9.83386	-54.41220	0	47	2021-10-06T00:48:52
9.83403	-54.41318	0	47	2021-10-06T00:53:54
9.83419	-54.41425	0	47	2021-10-06T00:59:06
9.83436	-54.41523	0	47	2021-10-06T01:04:07
9.83445	-54.41626	0	47	2021-10-06T01:09:08
9.83455	-54.41742	0	47	2021-10-06T01:14:29
9.83468	-54.41843	0	47	2021-10-06T01:18:51
9.83484	-54.41960	0	47	2021-10-06T01:23:51
9.83484	-54.42062	0	47	2021-10-06T01:28:53
9.83494	-54.42175	0	47	2021-10-06T01:33:52
9.83502	-54.42291	0	47	2021-10-06T01:38:53
9.83508	-54.42407	0	47	2021-10-06T01:43:55
9.83522	-54.42523	0	47	2021-10-06T01:48:52
9.83534	-54.42642	0	47	2021-10-06T01:53:51
9.83549	-54.42761	0	47	2021-10-06T01:58:50
9.83554	-54.42886	0	47	2021-10-06T02:03:50
9.83564	-54.43008	0	47	2021-10-06T02:09:26
9.83568	-54.43137	0	47	2021-10-06T02:14:27
9.83572	-54.43237	0	47	2021-10-06T02:18:53
9.83601	-54.43504	0	47	2021-10-06T02:28:55
9.83601	-54.43624	0	47	2021-10-06T02:33:55
9.83605	-54.43744	0	47	2021-10-06T02:38:55
9.83616	-54.43860	0	47	2021-10-06T02:43:53
9.83623	-54.43979	0	47	2021-10-06T02:48:55
9.83611	-54.44105	0	47	2021-10-06T02:53:56
9.83611	-54.44217	0	47	2021-10-06T02:58:56
9.83594	-54.44339	0	47	2021-10-06T03:03:59
9.83578	-54.44458	0	47	2021-10-06T03:08:58
9.83562	-54.44589	0	47	2021-10-06T03:14:26
9.83559	-54.44699	0	47	2021-10-06T03:18:56
9.83550	-54.44827	0	47	2021-10-06T03:23:57
9.83545	-54.44955	0	47	2021-10-06T03:29:00
9.83539	-54.45089	0	47	2021-10-06T03:34:01
9.83535	-54.45218	0	47	2021-10-06T03:39:00
9.83527	-54.45343	0	47	2021-10-06T03:44:03
9.83515	-54.45471	0	47	2021-10-06T03:49:00
9.83502	-54.45599	0	47	2021-10-06T03:54:01
9.83480	-54.45731	0	47	2021-10-06T03:59:03
9.83459	-54.45859	0	47	2021-10-06T04:04:03
9.83430	-54.45987	0	47	2021-10-06T04:09:07
9.83395	-54.46145	0	47	2021-10-06T04:14:09
9.83361	-54.46274	0	47	2021-10-06T04:19:09
9.83331	-54.46411	0	47	2021-10-06T04:24:09
9.83304	-54.46542	0	47	2021-10-06T04:29:07
9.83272	-54.46680	0	47	2021-10-06T04:34:09
9.83247	-54.46820	0	47	2021-10-06T04:39:08
9.83222	-54.46960	0	47	2021-10-06T04:44:10
9.83146	-54.47250	0	47	2021-10-06T04:54:10
9.83117	-54.47379	0	47	2021-10-06T04:59:09
9.83083	-54.47516	0	47	2021-10-06T05:04:10
9.83042	-54.47660	0	47	2021-10-06T05:09:29
9.83012	-54.47806	0	47	2021-10-06T05:14:29
9.82980	-54.47941	0	47	2021-10-06T05:19:08
9.82940	-54.48087	0	47	2021-10-06T05:24:08
9.82868	-54.48396	0	47	2021-10-06T05:34:07
9.82835	-54.48535	0	47	2021-10-06T05:39:04
9.82790	-54.48688	0	47	2021-10-06T05:44:06
9.82748	-54.48845	0	47	2021-10-06T05:49:10
9.82709	-54.48999	0	47	2021-10-06T05:54:10
9.82666	-54.49152	0	47	2021-10-06T05:59:07
9.82626	-54.49307	0	47	2021-10-06T06:04:08
9.82583	-54.49460	0	47	2021-10-06T06:09:08
9.82535	-54.49649	0	47	2021-10-06T06:14:56
9.82504	-54.49780	0	47	2021-10-06T06:19:03
9.82480	-54.49915	0	47	2021-10-06T06:24:05
9.82459	-54.50049	0	47	2021-10-06T06:29:06
9.82433	-54.50189	0	47	2021-10-06T06:34:05
9.82408	-54.50323	0	47	2021-10-06T06:39:06
9.82390	-54.50464	0	47	2021-10-06T06:44:07
9.82370	-54.50598	0	47	2021-10-06T06:49:05
9.82357	-54.50742	0	47	2021-10-06T06:54:06
9.82344	-54.50879	0	47	2021-10-06T06:59:06
9.82329	-54.51023	0	47	2021-10-06T07:04:25
9.82316	-54.51160	0	47	2021-10-06T07:09:24
9.82311	-54.51306	0	47	2021-10-06T07:14:24
9.82297	-54.51437	0	47	2021-10-06T07:19:08
9.82285	-54.51587	0	47	2021-10-06T07:24:06
9.82276	-54.51730	0	47	2021-10-06T07:29:07
9.82273	-54.51880	0	47	2021-10-06T07:34:09
9.82272	-54.52033	0	47	2021-10-06T07:39:05
9.82263	-54.52179	0	47	2021-10-06T07:44:06
9.82254	-54.52328	0	47	2021-10-06T07:49:04
9.82257	-54.52481	0	47	2021-10-06T07:54:04
9.82253	-54.52618	0	47	2021-10-06T07:59:04
9.82250	-54.52775	0	47	2021-10-06T08:04:06
9.82246	-54.52921	0	47	2021-10-06T08:09:06
9.82259	-54.53082	0	47	2021-10-06T08:14:24
9.82263	-54.53229	0	47	2021-10-06T08:19:04
9.82269	-54.53397	0	47	2021-10-06T08:24:02
9.82293	-54.53563	0	47	2021-10-06T08:29:05
9.82297	-54.53726	0	47	2021-10-06T08:34:04
9.82299	-54.53901	0	47	2021-10-06T08:39:03
9.82301	-54.54059	0	47	2021-10-06T08:44:01
9.82299	-54.54227	0	47	2021-10-06T08:49:02
9.82302	-54.54391	0	47	2021-10-06T08:54:00
9.82305	-54.54556	0	47	2021-10-06T08:59:03
9.82304	-54.54718	0	47	2021-10-06T09:04:00
9.82300	-54.54883	0	47	2021-10-06T09:09:02
9.82302	-54.55063	0	47	2021-10-06T09:14:03
9.82302	-54.55209	0	47	2021-10-06T09:19:03
9.82299	-54.55374	0	47	2021-10-06T09:24:03
9.82288	-54.55545	0	47	2021-10-06T09:29:05
9.82278	-54.55724	0	47	2021-10-06T09:34:06
9.82269	-54.55896	0	47	2021-10-06T09:39:06
9.82260	-54.56064	0	47	2021-10-06T09:44:07
9.82259	-54.56241	0	47	2021-10-06T09:49:07
9.82253	-54.56406	0	47	2021-10-06T09:54:05
9.82246	-54.56580	0	47	2021-10-06T09:59:06
9.82243	-54.56757	0	47	2021-10-06T10:04:07
9.82245	-54.56927	0	47	2021-10-06T10:09:05
9.82246	-54.57126	0	47	2021-10-06T10:14:28
9.82255	-54.57285	0	47	2021-10-06T10:19:05
9.82264	-54.57465	0	47	2021-10-06T10:24:04
9.82273	-54.57639	0	47	2021-10-06T10:29:02
9.82278	-54.57821	0	47	2021-10-06T10:33:56
9.82282	-54.57993	0	47	2021-10-06T10:38:56
9.82286	-54.58173	0	47	2021-10-06T10:43:55
9.82290	-54.58356	0	47	2021-10-06T10:48:56
9.82292	-54.58530	0	47	2021-10-06T10:53:55
9.82296	-54.58713	0	47	2021-10-06T10:58:56
9.82302	-54.58887	0	47	2021-10-06T11:03:57
9.82311	-54.59067	0	47	2021-10-06T11:08:55
9.82320	-54.59259	0	47	2021-10-06T11:14:27
9.82339	-54.59605	0	47	2021-10-06T11:23:58
9.82352	-54.59802	0	47	2021-10-06T11:28:58
9.82368	-54.59991	0	47	2021-10-06T11:33:58
9.82379	-54.60181	0	47	2021-10-06T11:38:56
9.82400	-54.60345	0	47	2021-10-06T11:43:58
9.82413	-54.60534	0	47	2021-10-06T11:48:59
9.82426	-54.60706	0	47	2021-10-06T11:53:59
9.82437	-54.60873	0	47	2021-10-06T11:59:02
9.82461	-54.61038	0	47	2021-10-06T12:04:04
9.82474	-54.61220	0	47	2021-10-06T12:09:02
9.82490	-54.61400	0	47	2021-10-06T12:14:02
9.82504	-54.61554	0	47	2021-10-06T12:19:03
9.82532	-54.61728	0	47	2021-10-06T12:24:03
9.82553	-54.61908	0	47	2021-10-06T12:29:02
9.82574	-54.62091	0	47	2021-10-06T12:34:04
9.82593	-54.62277	0	47	2021-10-06T12:39:03
9.82623	-54.62457	0	47	2021-10-06T12:44:04
9.82644	-54.62637	0	47	2021-10-06T12:49:04
9.82665	-54.62817	0	47	2021-10-06T12:54:04
9.82701	-54.62994	0	47	2021-10-06T12:59:02
9.82729	-54.63168	0	47	2021-10-06T13:04:04
9.82757	-54.63345	0	47	2021-10-06T13:09:04
9.82798	-54.63528	0	47	2021-10-06T13:14:27
9.82830	-54.63699	0	47	2021-10-06T13:19:21
9.82863	-54.63879	0	47	2021-10-06T13:24:22
9.82901	-54.64063	0	47	2021-10-06T13:29:22
9.82935	-54.64224	0	47	2021-10-06T13:34:08
9.82981	-54.64417	0	47	2021-10-06T13:39:21
9.83006	-54.64599	0	47	2021-10-06T13:44:10
9.83037	-54.64771	0	47	2021-10-06T13:49:10
9.83064	-54.64948	0	47	2021-10-06T13:54:11
9.83089	-54.65128	0	47	2021-10-06T13:59:06
9.83125	-54.65305	0	47	2021-10-06T14:04:08
9.83168	-54.65483	0	47	2021-10-06T14:09:38
9.83202	-54.65698	0	47	2021-10-06T14:14:38
9.83228	-54.65860	0	47	2021-10-06T14:19:12
9.83254	-54.66037	0	47	2021-10-06T14:24:18
9.83283	-54.66208	0	47	2021-10-06T14:29:18
9.83310	-54.66388	0	47	2021-10-06T14:34:19
9.83344	-54.66562	0	47	2021-10-06T14:39:19
9.83376	-54.66739	0	47	2021-10-06T14:44:16
9.83422	-54.66921	0	47	2021-10-06T14:49:17
9.83447	-54.67084	0	47	2021-10-06T14:54:17
9.83480	-54.67266	0	47	2021-10-06T14:59:11
9.83512	-54.67441	0	47	2021-10-06T15:04:11
9.83536	-54.67618	0	47	2021-10-06T15:09:10
9.83618	-54.67809	0	47	2021-10-06T15:14:11
9.83614	-54.67972	0	47	2021-10-06T15:19:11
9.83658	-54.68143	0	47	2021-10-06T15:24:11
9.83700	-54.68304	0	47	2021-10-06T15:29:13
9.83747	-54.68476	0	47	2021-10-06T15:34:16
9.83775	-54.68649	0	47	2021-10-06T15:39:14
9.83816	-54.68820	0	47	2021-10-06T15:44:15
9.83854	-54.68997	0	47	2021-10-06T15:49:16
9.83901	-54.69170	0	47	2021-10-06T15:54:17
9.83944	-54.69342	0	47	2021-10-06T15:59:17
9.83986	-54.69528	0	47	2021-10-06T16:04:19
9.84141	-54.70059	0	47	2021-10-06T16:19:18
9.84190	-54.70236	0	47	2021-10-06T16:24:17
9.84193	-54.70241	0	47	2021-10-06T16:24:18
9.84244	-54.70413	0	47	2021-10-06T16:29:18
9.84295	-54.70592	0	47	2021-10-06T16:34:16
9.84351	-54.70755	0	47	2021-10-06T16:39:17
9.84409	-54.70920	0	47	2021-10-06T16:44:18
9.84473	-54.71088	0	47	2021-10-06T16:49:15
9.84526	-54.71252	0	47	2021-10-06T16:54:18
9.84584	-54.71420	0	47	2021-10-06T16:59:16
9.84638	-54.71591	0	47	2021-10-06T17:04:17
9.84690	-54.71759	0	47	2021-10-06T17:09:15
9.84747	-54.71939	0	47	2021-10-06T17:14:38
9.84795	-54.72101	0	47	2021-10-06T17:19:16
9.84844	-54.72266	0	47	2021-10-06T17:24:14
9.84845	-54.72268	0	47	2021-10-06T17:24:17
9.84892	-54.72440	0	47	2021-10-06T17:29:17
9.84941	-54.72610	0	47	2021-10-06T17:34:15
9.84990	-54.72794	0	47	2021-10-06T17:39:18
9.85047	-54.72980	0	47	2021-10-06T17:44:20
9.85097	-54.73160	0	47	2021-10-06T17:49:21
9.85144	-54.73340	0	47	2021-10-06T17:54:21
9.85194	-54.73517	0	47	2021-10-06T17:59:19
9.85243	-54.73703	0	47	2021-10-06T18:04:20
9.85286	-54.73883	0	47	2021-10-06T18:09:20
9.85335	-54.74084	0	47	2021-10-06T18:14:41
9.85373	-54.74255	0	47	2021-10-06T18:19:18
9.85416	-54.74435	0	47	2021-10-06T18:24:16
9.85455	-54.74615	0	47	2021-10-06T18:29:13
9.85493	-54.74796	0	47	2021-10-06T18:34:12
9.85527	-54.74966	0	47	2021-10-06T18:39:10
9.85568	-54.75143	0	47	2021-10-06T18:44:11
9.85614	-54.75323	0	47	2021-10-06T18:49:09
9.85656	-54.75494	0	47	2021-10-06T18:54:12
9.85703	-54.75677	0	47	2021-10-06T18:59:16
9.85751	-54.75853	0	47	2021-10-06T19:04:54
9.85786	-54.76033	0	47	2021-10-06T19:09:54
9.85820	-54.76239	0	47	2021-10-06T19:14:55
9.85844	-54.76398	0	47	2021-10-06T19:19:14
9.85872	-54.76593	0	47	2021-10-06T19:24:14
9.85909	-54.76799	0	47	2021-10-06T19:29:15
9.85943	-54.77005	0	47	2021-10-06T19:34:15
9.86008	-54.77405	0	47	2021-10-06T19:44:17
9.86036	-54.77606	0	47	2021-10-06T19:49:11
9.86067	-54.77820	0	47	2021-10-06T19:54:16
9.86095	-54.78024	0	47	2021-10-06T19:59:11
9.86121	-54.78233	0	47	2021-10-06T20:04:13
9.86151	-54.78430	0	47	2021-10-06T20:09:14
9.86187	-54.78647	0	47	2021-10-06T20:14:38
9.86218	-54.78827	0	47	2021-10-06T20:19:13
9.86257	-54.79022	0	47	2021-10-06T20:24:12
9.86302	-54.79218	0	47	2021-10-06T20:29:13
9.86372	-54.79614	0	47	2021-10-06T20:39:12
9.86417	-54.79804	0	47	2021-10-06T20:44:15
9.86468	-54.79984	0	47	2021-10-06T20:49:14
9.86511	-54.80176	0	47	2021-10-06T20:54:15
9.86562	-54.80362	0	47	2021-10-06T20:59:14
9.86609	-54.80542	0	47	2021-10-06T21:04:13
9.86651	-54.80724	0	47	2021-10-06T21:09:55
9.86720	-54.80939	0	47	2021-10-06T21:14:56
9.86758	-54.81107	0	47	2021-10-06T21:19:15
9.86860	-54.81476	0	47	2021-10-06T21:29:13
9.87381	-54.83182	0	47	2021-10-06T22:14:59
9.87496	-54.83527	0	47	2021-10-06T22:24:15
9.87839	-54.84433	0	47	2021-10-06T22:49:15
9.87841	-54.84431	0	47	2021-10-06T22:49:19
9.87908	-54.84604	0	47	2021-10-06T22:54:16
9.87909	-54.84603	0	47	2021-10-06T22:54:19
9.87983	-54.84775	0	47	2021-10-06T22:59:19
9.88147	-54.85119	0	47	2021-10-06T23:09:14
9.88223	-54.85291	0	47	2021-10-06T23:14:15
9.88223	-54.85284	0	47	2021-10-06T23:14:37
9.88301	-54.85437	0	47	2021-10-06T23:19:15
9.88653	-54.86047	0	47	2021-10-06T23:39:14
9.88833	-54.86343	0	47	2021-10-06T23:49:13
9.88926	-54.86487	0	47	2021-10-06T23:54:14
9.89016	-54.86627	0	47	2021-10-06T23:59:12
9.89108	-54.86768	0	47	2021-10-07T00:04:15
9.89354	-54.87155	0	47	2021-10-07T00:19:17
9.89433	-54.87283	0	47	2021-10-07T00:24:14
9.89589	-54.87537	0	47	2021-10-07T00:34:13
9.89669	-54.87668	0	47	2021-10-07T00:39:14
9.89750	-54.87790	0	47	2021-10-07T00:44:11
9.89908	-54.88055	0	47	2021-10-07T00:54:13
9.89983	-54.88190	0	47	2021-10-07T00:59:14
9.90053	-54.88336	0	47	2021-10-07T01:04:14
9.90122	-54.88483	0	47	2021-10-07T01:09:19
9.90208	-54.88657	0	47	2021-10-07T01:14:55
9.90271	-54.88785	0	47	2021-10-07T01:19:14
9.90475	-54.89233	0	47	2021-10-07T01:34:19
9.90537	-54.89380	0	47	2021-10-07T01:39:17
9.90597	-54.89523	0	47	2021-10-07T01:44:20
9.90654	-54.89667	0	47	2021-10-07T01:49:19
9.90703	-54.89807	0	47	2021-10-07T01:54:22
9.90828	-54.90234	0	47	2021-10-07T02:09:22
9.90868	-54.90380	0	47	2021-10-07T02:14:18
9.90907	-54.90509	0	47	2021-10-07T02:19:17
9.90856	-54.90543	0	47	2021-10-07T02:19:20
9.90992	-54.90683	0	47	2021-10-07T02:24:20
9.91041	-54.90817	0	47	2021-10-07T02:29:21
9.91090	-54.90961	0	47	2021-10-07T02:34:23
9.91130	-54.91106	0	47	2021-10-07T02:39:26
9.91194	-54.91260	0	47	2021-10-07T02:44:25
9.91253	-54.91412	0	47	2021-10-07T02:49:25
9.91305	-54.91571	0	47	2021-10-07T02:54:29
9.91355	-54.91721	0	47	2021-10-07T02:59:29
9.91414	-54.91879	0	47	2021-10-07T03:04:31
9.91461	-54.92032	0	47	2021-10-07T03:09:36
9.91512	-54.92184	0	47	2021-10-07T03:14:59
9.91563	-54.92328	0	47	2021-10-07T03:19:31
9.91614	-54.92490	0	47	2021-10-07T03:24:34
9.91616	-54.92493	0	47	2021-10-07T03:24:35
9.91672	-54.92639	0	47	2021-10-07T03:29:36
9.91850	-54.93103	0	47	2021-10-07T03:44:31
9.91916	-54.93253	0	47	2021-10-07T03:49:31
9.91986	-54.93402	0	47	2021-10-07T03:54:32
9.92055	-54.93552	0	47	2021-10-07T03:59:32
9.92135	-54.93698	0	47	2021-10-07T04:04:33
9.92137	-54.93700	0	47	2021-10-07T04:04:44
9.92210	-54.93854	0	47	2021-10-07T04:09:43
9.92181	-54.93877	0	47	2021-10-07T04:10:06
9.92280	-54.94006	0	47	2021-10-07T04:15:07
9.92355	-54.94142	0	47	2021-10-07T04:19:33
9.92432	-54.94288	0	47	2021-10-07T04:24:34
9.92509	-54.94434	0	47	2021-10-07T04:29:34
9.92587	-54.94577	0	47	2021-10-07T04:34:32
9.92676	-54.94714	0	47	2021-10-07T04:39:36
9.92843	-54.94998	0	47	2021-10-07T04:49:35
9.92929	-54.95126	0	47	2021-10-07T04:54:35
9.93119	-54.95404	0	47	2021-10-07T05:04:39
9.93209	-54.95547	0	47	2021-10-07T05:09:38
9.93312	-54.95691	0	47	2021-10-07T05:14:54
9.93509	-54.95947	0	47	2021-10-07T05:24:41
9.93607	-54.96082	0	47	2021-10-07T05:29:41
9.93706	-54.96216	0	47	2021-10-07T05:34:41
9.93801	-54.96350	0	47	2021-10-07T05:39:39
9.93903	-54.96487	0	47	2021-10-07T05:44:40
9.94008	-54.96632	0	47	2021-10-07T05:49:40
9.94107	-54.96761	0	47	2021-10-07T05:54:41
9.94206	-54.96890	0	47	2021-10-07T05:59:41
9.94307	-54.97021	0	47	2021-10-07T06:04:39
9.94417	-54.97156	0	47	2021-10-07T06:09:39
9.94543	-54.97296	0	47	2021-10-07T06:14:53
9.94649	-54.97424	0	47	2021-10-07T06:19:37
9.94774	-54.97563	0	47	2021-10-07T06:24:35
9.94908	-54.97758	0	47	2021-10-07T06:29:32
9.94899	-54.97692	0	47	2021-10-07T06:29:35
9.95032	-54.97821	0	47	2021-10-07T06:34:35
9.95165	-54.97946	0	47	2021-10-07T06:39:33
9.95301	-54.98068	0	47	2021-10-07T06:44:30
9.95433	-54.98194	0	47	2021-10-07T06:49:30
9.95562	-54.98306	0	47	2021-10-07T06:54:29
9.95687	-54.98422	0	47	2021-10-07T06:59:32
9.95818	-54.98532	0	47	2021-10-07T07:04:33
9.95951	-54.98634	0	47	2021-10-07T07:09:55
9.96102	-54.98746	0	47	2021-10-07T07:14:55
9.96222	-54.98840	0	47	2021-10-07T07:19:31
9.96355	-54.98938	0	47	2021-10-07T07:24:33
9.96486	-54.99036	0	47	2021-10-07T07:29:31
9.96612	-54.99130	0	47	2021-10-07T07:34:34
9.96737	-54.99228	0	47	2021-10-07T07:39:32
9.96864	-54.99319	0	47	2021-10-07T07:44:32
9.97002	-54.99411	0	47	2021-10-07T07:49:34
9.97138	-54.99512	0	47	2021-10-07T07:54:35
9.97265	-54.99609	0	47	2021-10-07T07:59:32
9.97397	-54.99716	0	47	2021-10-07T08:04:35
9.97530	-54.99817	0	47	2021-10-07T08:09:33
9.97664	-54.99924	0	47	2021-10-07T08:14:33
9.97662	-54.99927	0	47	2021-10-07T08:14:56
9.97781	-55.00018	0	47	2021-10-07T08:19:32
9.97898	-55.00128	0	47	2021-10-07T08:24:32
9.98010	-55.00238	0	47	2021-10-07T08:29:37
9.98124	-55.00342	0	47	2021-10-07T08:34:33
9.98241	-55.00439	0	47	2021-10-07T08:39:35
9.98366	-55.00537	0	47	2021-10-07T08:44:36
9.98494	-55.00629	0	47	2021-10-07T08:49:36
9.98626	-55.00729	0	47	2021-10-07T08:54:34
9.98751	-55.00812	0	47	2021-10-07T08:59:37
9.98884	-55.00900	0	47	2021-10-07T09:04:35
9.99025	-55.00980	0	47	2021-10-07T09:09:37
9.99292	-55.01123	0	47	2021-10-07T09:19:39
9.99437	-55.01190	0	47	2021-10-07T09:24:39
9.99588	-55.01270	0	47	2021-10-07T09:29:40
9.99738	-55.01334	0	47	2021-10-07T09:34:37
9.99893	-55.01402	0	47	2021-10-07T09:39:38
10.00048	-55.01462	0	47	2021-10-07T09:44:38
10.00208	-55.01517	0	47	2021-10-07T09:49:38
10.00370	-55.01566	0	47	2021-10-07T09:54:36
10.00534	-55.01623	0	47	2021-10-07T09:59:38
10.00697	-55.01666	0	47	2021-10-07T10:04:38
10.00864	-55.01709	0	47	2021-10-07T10:09:39
10.01047	-55.01764	0	47	2021-10-07T10:15:26
10.01176	-55.01794	0	47	2021-10-07T10:19:37
10.01335	-55.01822	0	47	2021-10-07T10:24:37
10.01493	-55.01849	0	47	2021-10-07T10:29:38
10.01652	-55.01877	0	47	2021-10-07T10:34:43
10.01811	-55.01906	0	47	2021-10-07T10:39:43
10.01974	-55.01923	0	47	2021-10-07T10:44:43
10.02143	-55.01950	0	47	2021-10-07T10:49:38
10.02297	-55.01967	0	47	2021-10-07T10:54:38
10.02443	-55.01984	0	47	2021-10-07T10:59:38
10.02584	-55.02008	0	47	2021-10-07T11:04:43
10.02708	-55.02032	0	47	2021-10-07T11:09:40
10.02858	-55.02072	0	47	2021-10-07T11:15:28
10.02961	-55.02094	0	47	2021-10-07T11:19:38
10.03085	-55.02133	0	47	2021-10-07T11:24:37
10.03211	-55.02170	0	47	2021-10-07T11:29:36
10.03335	-55.02194	0	47	2021-10-07T11:34:35
10.03462	-55.02222	0	47	2021-10-07T11:39:34
10.03592	-55.02243	0	47	2021-10-07T11:44:36
10.03722	-55.02258	0	47	2021-10-07T11:49:36
10.03851	-55.02267	0	47	2021-10-07T11:54:36
10.03986	-55.02274	0	47	2021-10-07T11:59:34
10.04123	-55.02277	0	47	2021-10-07T12:04:35
10.04258	-55.02280	0	47	2021-10-07T12:09:33
10.04394	-55.02274	0	47	2021-10-07T12:14:56
10.04513	-55.02258	0	47	2021-10-07T12:19:34
10.04645	-55.02240	0	47	2021-10-07T12:24:35
10.04784	-55.02219	0	47	2021-10-07T12:29:33
10.04908	-55.02197	0	47	2021-10-07T12:34:35
10.05033	-55.02173	0	47	2021-10-07T12:39:37
10.05160	-55.02151	0	47	2021-10-07T12:44:35
10.05290	-55.02130	0	47	2021-10-07T12:49:35
10.05415	-55.02103	0	47	2021-10-07T12:54:36
10.05537	-55.02081	0	47	2021-10-07T12:59:36
10.05663	-55.02048	0	47	2021-10-07T13:04:38
10.05789	-55.02011	0	47	2021-10-07T13:09:37
10.05923	-55.01971	0	47	2021-10-07T13:14:59
10.06033	-55.01935	0	47	2021-10-07T13:19:40
10.06154	-55.01895	0	47	2021-10-07T13:24:38
10.06270	-55.01852	0	47	2021-10-07T13:29:38
10.06392	-55.01807	0	47	2021-10-07T13:34:39
10.06518	-55.01755	0	47	2021-10-07T13:39:37
10.06641	-55.01700	0	47	2021-10-07T13:44:38
10.06756	-55.01654	0	47	2021-10-07T13:49:37
10.06872	-55.01614	0	47	2021-10-07T13:54:39
10.06984	-55.01584	0	47	2021-10-07T13:59:36
10.07084	-55.01553	0	47	2021-10-07T14:04:37
10.07179	-55.01529	0	47	2021-10-07T14:09:37
10.07274	-55.01495	0	47	2021-10-07T14:14:56
10.07354	-55.01468	0	47	2021-10-07T14:19:35
10.07433	-55.01443	0	47	2021-10-07T14:24:36
10.07501	-55.01416	0	47	2021-10-07T14:29:36
10.07572	-55.01389	0	47	2021-10-07T14:34:39
10.07637	-55.01366	0	47	2021-10-07T14:39:35
10.07701	-55.01349	0	47	2021-10-07T14:44:36
10.07764	-55.01331	0	47	2021-10-07T14:49:37
10.07821	-55.01312	0	47	2021-10-07T14:54:36
10.07879	-55.01300	0	47	2021-10-07T14:59:38
10.07936	-55.01291	0	47	2021-10-07T15:04:36
10.07988	-55.01279	0	47	2021-10-07T15:09:55
10.08022	-55.01270	0	47	2021-10-07T15:14:56
10.08070	-55.01266	0	47	2021-10-07T15:19:41
10.08124	-55.01263	0	47	2021-10-07T15:24:39
10.08175	-55.01254	0	47	2021-10-07T15:29:40
10.08238	-55.01248	0	47	2021-10-07T15:34:48
10.08294	-55.01230	0	47	2021-10-07T15:39:41
10.08355	-55.01212	0	47	2021-10-07T15:44:38
10.08410	-55.01190	0	47	2021-10-07T15:49:40
10.08462	-55.01175	0	47	2021-10-07T15:54:39
10.08502	-55.01160	0	47	2021-10-07T15:59:40
10.08548	-55.01120	0	47	2021-10-07T16:04:49
10.08590	-55.01117	0	47	2021-10-07T16:09:39
10.08631	-55.01117	0	47	2021-10-07T16:14:40
10.08661	-55.01108	0	47	2021-10-07T16:19:40
10.08695	-55.01099	0	47	2021-10-07T16:24:40
10.08724	-55.01086	0	47	2021-10-07T16:29:38
10.08741	-55.01086	0	47	2021-10-07T16:34:39
10.08756	-55.01080	0	47	2021-10-07T16:39:39
10.08765	-55.01080	0	47	2021-10-07T16:44:38
10.08772	-55.01071	0	47	2021-10-07T16:49:34
10.08776	-55.01071	0	47	2021-10-07T16:54:35
10.08775	-55.01065	0	47	2021-10-07T16:59:35
10.08779	-55.01056	0	47	2021-10-07T17:04:36
10.08772	-55.01056	0	47	2021-10-07T17:09:36
10.08766	-55.01053	0	47	2021-10-07T17:14:57
10.08748	-55.01065	0	47	2021-10-07T17:24:31
10.08735	-55.01065	0	47	2021-10-07T17:29:29
10.08714	-55.01074	0	47	2021-10-07T17:34:30
10.08699	-55.01083	0	47	2021-10-07T17:39:30
10.08676	-55.01093	0	47	2021-10-07T17:44:35
10.08655	-55.01099	0	47	2021-10-07T17:49:33
10.08634	-55.01108	0	47	2021-10-07T17:54:34
10.08601	-55.01123	0	47	2021-10-07T17:59:35
10.08572	-55.01138	0	47	2021-10-07T18:04:35
10.08544	-55.01145	0	47	2021-10-07T18:09:39
10.08517	-55.01147	0	47	2021-10-07T18:14:57
10.08493	-55.01163	0	47	2021-10-07T18:19:38
10.08478	-55.01172	0	47	2021-10-07T18:24:38
10.08458	-55.01184	0	47	2021-10-07T18:29:40
10.08429	-55.01193	0	47	2021-10-07T18:34:41
10.08401	-55.01218	0	47	2021-10-07T18:39:37
10.08359	-55.01251	0	47	2021-10-07T18:44:38
10.08322	-55.01300	0	47	2021-10-07T18:49:36
10.08296	-55.01343	0	47	2021-10-07T18:54:36
10.08262	-55.01389	0	47	2021-10-07T18:59:37
10.08229	-55.01434	0	47	2021-10-07T19:04:35
10.08200	-55.01488	0	47	2021-10-07T19:09:41
10.08179	-55.01522	0	47	2021-10-07T19:14:40
10.08153	-55.01556	0	47	2021-10-07T19:19:40
10.08124	-55.01596	0	47	2021-10-07T19:24:41
10.08087	-55.01639	0	47	2021-10-07T19:29:43
10.08043	-55.01675	0	47	2021-10-07T19:34:43
10.08005	-55.01706	0	47	2021-10-07T19:39:45
10.07958	-55.01736	0	47	2021-10-07T19:44:47
10.07915	-55.01761	0	47	2021-10-07T19:49:45
10.07878	-55.01779	0	47	2021-10-07T19:54:46
10.07839	-55.01804	0	47	2021-10-07T19:59:47
10.07807	-55.01828	0	47	2021-10-07T20:04:45
10.07777	-55.01852	0	47	2021-10-07T20:09:44
10.07756	-55.01869	0	47	2021-10-07T20:14:43
10.07743	-55.01886	0	47	2021-10-07T20:19:43
10.07748	-55.01895	0	47	2021-10-07T20:24:44
10.07737	-55.01920	0	47	2021-10-07T20:29:43
10.07723	-55.01956	0	47	2021-10-07T20:34:45
10.07689	-55.02017	0	47	2021-10-07T20:44:44
10.07678	-55.02039	0	47	2021-10-07T20:49:43
10.07659	-55.02069	0	47	2021-10-07T20:54:44
10.07632	-55.02100	0	47	2021-10-07T20:59:41
10.07600	-55.02130	0	47	2021-10-07T21:04:43
10.07562	-55.02170	0	47	2021-10-07T21:09:44
10.07516	-55.02200	0	47	2021-10-07T21:15:07
10.07490	-55.02234	0	47	2021-10-07T21:19:44
10.07464	-55.02274	0	47	2021-10-07T21:24:46
10.07434	-55.02325	0	47	2021-10-07T21:29:46
10.07412	-55.02365	0	47	2021-10-07T21:34:44
10.07394	-55.02402	0	47	2021-10-07T21:39:45
10.07380	-55.02432	0	47	2021-10-07T21:44:42
10.07364	-55.02469	0	47	2021-10-07T21:49:46
10.07351	-55.02502	0	47	2021-10-07T21:54:44
10.07344	-55.02539	0	47	2021-10-07T21:59:45
10.07337	-55.02572	0	47	2021-10-07T22:04:44
10.07337	-55.02615	0	47	2021-10-07T22:09:43
10.07347	-55.02695	0	47	2021-10-07T22:15:09
10.07351	-55.02728	0	47	2021-10-07T22:19:40
10.07345	-55.02775	0	47	2021-10-07T22:24:38
10.07336	-55.02826	0	47	2021-10-07T22:29:38
10.07318	-55.02878	0	47	2021-10-07T22:34:39
10.07295	-55.02927	0	47	2021-10-07T22:39:37
10.07275	-55.02982	0	47	2021-10-07T22:44:38
10.07247	-55.03036	0	47	2021-10-07T22:49:37
10.07219	-55.03091	0	47	2021-10-07T22:54:39
10.07202	-55.03143	0	47	2021-10-07T22:59:40
10.07182	-55.03189	0	47	2021-10-07T23:04:40
10.07166	-55.03244	0	47	2021-10-07T23:09:41
10.07158	-55.03302	0	47	2021-10-07T23:14:54
10.07154	-55.03348	0	47	2021-10-07T23:19:43
10.07147	-55.03394	0	47	2021-10-07T23:24:40
10.07139	-55.03449	0	47	2021-10-07T23:29:40
10.07139	-55.03500	0	47	2021-10-07T23:34:39
10.07145	-55.03546	0	47	2021-10-07T23:39:41
10.07156	-55.03589	0	47	2021-10-07T23:44:39
10.07154	-55.03641	0	47	2021-10-07T23:49:40
10.07157	-55.03693	0	47	2021-10-07T23:54:41
10.07154	-55.03738	0	47	2021-10-07T23:59:41
10.07159	-55.03784	0	47	2021-10-08T00:04:43
10.07151	-55.03836	0	47	2021-10-08T00:09:41
10.07141	-55.03894	0	47	2021-10-08T00:15:08
10.07125	-55.03940	0	47	2021-10-08T00:19:42
10.07117	-55.03992	0	47	2021-10-08T00:24:45
10.07108	-55.04044	0	47	2021-10-08T00:29:43
10.07097	-55.04102	0	47	2021-10-08T00:34:43
10.07088	-55.04153	0	47	2021-10-08T00:39:42
10.07087	-55.04196	0	47	2021-10-08T00:44:45
10.07060	-55.04305	0	47	2021-10-08T00:54:43
10.07054	-55.04349	0	47	2021-10-08T00:59:41
10.07034	-55.04391	0	47	2021-10-08T01:04:42
10.07022	-55.04443	0	47	2021-10-08T01:09:42
10.07005	-55.04514	0	47	2021-10-08T01:15:22
10.06983	-55.04550	0	47	2021-10-08T01:19:41
10.06951	-55.04596	0	47	2021-10-08T01:24:44
10.06916	-55.04649	0	47	2021-10-08T01:29:43
10.06877	-55.04700	0	47	2021-10-08T01:34:43
10.06827	-55.04752	0	47	2021-10-08T01:39:43
10.06771	-55.04807	0	47	2021-10-08T01:44:45
10.06711	-55.04882	0	47	2021-10-08T01:49:44
10.06642	-55.04933	0	47	2021-10-08T01:54:43
10.06565	-55.04984	0	47	2021-10-08T01:59:44
10.06485	-55.05054	0	47	2021-10-08T02:04:44
10.06400	-55.05115	0	47	2021-10-08T02:09:44
10.06313	-55.05185	0	47	2021-10-08T02:15:08
10.06225	-55.05257	0	47	2021-10-08T02:19:42
10.06135	-55.05326	0	47	2021-10-08T02:24:41
10.06041	-55.05386	0	47	2021-10-08T02:29:41
10.05945	-55.05450	0	47	2021-10-08T02:34:42
10.05857	-55.05524	0	47	2021-10-08T02:39:42
10.05772	-55.05594	0	47	2021-10-08T02:44:44
10.05691	-55.05667	0	47	2021-10-08T02:49:45
10.05603	-55.05737	0	47	2021-10-08T02:54:45
10.05515	-55.05832	0	47	2021-10-08T02:59:43
10.05433	-55.05902	0	47	2021-10-08T03:04:46
10.05347	-55.05978	0	47	2021-10-08T03:09:44
10.05263	-55.06064	0	47	2021-10-08T03:15:08
10.05193	-55.06143	0	47	2021-10-08T03:19:49
10.05118	-55.06219	0	47	2021-10-08T03:24:45
10.05043	-55.06296	0	47	2021-10-08T03:29:46
10.04965	-55.06375	0	47	2021-10-08T03:34:44
10.04884	-55.06451	0	47	2021-10-08T03:39:45
10.04801	-55.06528	0	47	2021-10-08T03:44:46
10.04699	-55.06586	0	47	2021-10-08T03:49:58
10.04615	-55.06656	0	47	2021-10-08T03:54:45
10.04526	-55.06735	0	47	2021-10-08T03:59:45
10.04427	-55.06817	0	47	2021-10-08T04:04:46
10.04333	-55.06894	0	47	2021-10-08T04:09:46
10.04229	-55.06992	0	47	2021-10-08T04:14:47
10.04140	-55.07053	0	47	2021-10-08T04:19:48
10.04040	-55.07138	0	47	2021-10-08T04:24:46
10.03840	-55.07315	0	47	2021-10-08T04:34:47
10.03738	-55.07407	0	47	2021-10-08T04:39:44
10.03635	-55.07507	0	47	2021-10-08T04:44:47
10.03538	-55.07602	0	47	2021-10-08T04:49:49
10.03439	-55.07700	0	47	2021-10-08T04:54:49
10.03339	-55.07797	0	47	2021-10-08T04:59:51
10.03236	-55.07895	0	47	2021-10-08T05:04:49
10.03125	-55.07990	0	47	2021-10-08T05:10:24
10.03005	-55.08093	0	47	2021-10-08T05:15:25
10.02908	-55.08176	0	47	2021-10-08T05:19:50
10.02791	-55.08267	0	47	2021-10-08T05:24:48
10.02672	-55.08356	0	47	2021-10-08T05:29:49
10.02547	-55.08447	0	47	2021-10-08T05:34:50
10.02425	-55.08539	0	47	2021-10-08T05:39:50
10.02301	-55.08630	0	47	2021-10-08T05:44:51
10.02175	-55.08718	0	47	2021-10-08T05:49:51
10.02059	-55.08804	0	47	2021-10-08T05:54:50
10.01951	-55.08893	0	47	2021-10-08T05:59:51
10.01850	-55.08981	0	47	2021-10-08T06:04:51
10.01756	-55.09064	0	47	2021-10-08T06:09:48
10.01656	-55.09161	0	47	2021-10-08T06:15:26
10.01579	-55.09244	0	47	2021-10-08T06:19:49
10.01486	-55.09326	0	47	2021-10-08T06:24:49
10.01308	-55.09518	0	47	2021-10-08T06:34:44
10.01218	-55.09604	0	47	2021-10-08T06:39:45
10.01136	-55.09698	0	47	2021-10-08T06:44:45
10.01053	-55.09799	0	47	2021-10-08T06:49:42
10.00969	-55.09910	0	47	2021-10-08T06:54:40
10.00896	-55.10013	0	47	2021-10-08T06:59:41
10.00822	-55.10120	0	47	2021-10-08T07:04:38
10.00736	-55.10233	0	47	2021-10-08T07:09:39
10.00643	-55.10349	0	47	2021-10-08T07:14:55
10.00561	-55.10455	0	47	2021-10-08T07:19:39
10.00482	-55.10571	0	47	2021-10-08T07:24:40
10.00408	-55.10693	0	47	2021-10-08T07:29:38
10.00334	-55.10812	0	47	2021-10-08T07:34:39
10.00259	-55.10934	0	47	2021-10-08T07:39:40
10.00194	-55.11057	0	47	2021-10-08T07:44:37
10.00136	-55.11176	0	47	2021-10-08T07:49:38
10.00080	-55.11295	0	47	2021-10-08T07:54:37
10.00029	-55.11411	0	47	2021-10-08T07:59:38
9.99981	-55.11523	0	47	2021-10-08T08:04:40
9.99939	-55.11646	0	47	2021-10-08T08:09:38
9.99901	-55.11774	0	47	2021-10-08T08:14:54
9.99871	-55.11884	0	47	2021-10-08T08:19:38
9.99837	-55.12000	0	47	2021-10-08T08:24:36
9.99812	-55.12115	0	47	2021-10-08T08:29:37
9.99780	-55.12231	0	47	2021-10-08T08:34:34
9.99751	-55.12350	0	47	2021-10-08T08:39:35
9.99723	-55.12470	0	47	2021-10-08T08:44:36
9.99693	-55.12582	0	47	2021-10-08T08:49:36
9.99661	-55.12689	0	47	2021-10-08T08:54:34
9.99630	-55.12799	0	47	2021-10-08T08:59:31
9.99597	-55.12919	0	47	2021-10-08T09:04:31
9.99568	-55.13031	0	47	2021-10-08T09:09:31
9.99534	-55.13159	0	47	2021-10-08T09:14:56
9.99506	-55.13275	0	47	2021-10-08T09:19:34
9.99466	-55.13414	0	47	2021-10-08T09:24:35
9.99441	-55.13543	0	47	2021-10-08T09:29:35
9.99407	-55.13672	0	47	2021-10-08T09:34:35
9.99377	-55.13818	0	47	2021-10-08T09:39:38
9.99337	-55.13962	0	47	2021-10-08T09:44:41
9.99302	-55.14105	0	47	2021-10-08T09:49:39
9.99267	-55.14255	0	47	2021-10-08T09:54:43
9.99224	-55.14404	0	47	2021-10-08T09:59:43
9.99178	-55.14562	0	47	2021-10-08T10:05:12
9.99139	-55.14708	0	47	2021-10-08T10:10:12
9.99083	-55.14862	0	47	2021-10-08T10:15:11
9.99048	-55.14996	0	47	2021-10-08T10:19:44
9.99015	-55.15148	0	47	2021-10-08T10:24:48
9.98985	-55.15302	0	47	2021-10-08T10:29:47
9.98956	-55.15463	0	47	2021-10-08T10:34:46
9.98933	-55.15610	0	47	2021-10-08T10:39:47
9.98903	-55.15771	0	47	2021-10-08T10:44:45
9.98869	-55.15938	0	47	2021-10-08T10:49:46
9.98839	-55.16092	0	47	2021-10-08T10:54:46
9.98814	-55.16248	0	47	2021-10-08T10:59:46
9.98792	-55.16397	0	47	2021-10-08T11:04:48
9.98767	-55.16561	0	47	2021-10-08T11:10:27
9.98747	-55.16724	0	47	2021-10-08T11:15:27
9.98734	-55.16852	0	47	2021-10-08T11:19:47
9.98723	-55.17001	0	47	2021-10-08T11:24:44
9.98710	-55.17151	0	47	2021-10-08T11:29:47
9.98698	-55.17294	0	47	2021-10-08T11:34:45
9.98682	-55.17444	0	47	2021-10-08T11:39:43
9.98668	-55.17590	0	47	2021-10-08T11:44:44
9.98652	-55.17740	0	47	2021-10-08T11:49:47
9.98638	-55.17890	0	47	2021-10-08T11:54:45
9.98629	-55.18036	0	47	2021-10-08T11:59:45
9.98624	-55.18182	0	47	2021-10-08T12:04:43
9.98628	-55.18496	0	47	2021-10-08T12:14:51
9.98637	-55.18616	0	47	2021-10-08T12:19:50
9.98649	-55.18753	0	47	2021-10-08T12:24:50
9.98667	-55.18890	0	47	2021-10-08T12:29:48
9.98678	-55.19028	0	47	2021-10-08T12:34:48
9.98692	-55.19165	0	47	2021-10-08T12:39:48
9.98701	-55.19312	0	47	2021-10-08T12:44:46
9.98715	-55.19452	0	47	2021-10-08T12:49:47
9.98733	-55.19601	0	47	2021-10-08T12:54:48
9.98753	-55.19730	0	47	2021-10-08T12:59:48
9.98773	-55.19858	0	47	2021-10-08T13:04:46
9.98794	-55.19989	0	47	2021-10-08T13:09:46
9.98813	-55.20136	0	47	2021-10-08T13:14:47
9.98822	-55.20248	0	47	2021-10-08T13:19:47
9.98835	-55.20374	0	47	2021-10-08T13:24:45
9.98839	-55.20499	0	47	2021-10-08T13:29:46
9.98836	-55.20627	0	47	2021-10-08T13:34:43
9.98837	-55.20752	0	47	2021-10-08T13:39:40
9.98836	-55.20871	0	47	2021-10-08T13:44:41
9.98839	-55.20996	0	47	2021-10-08T13:49:38
9.98837	-55.21120	0	47	2021-10-08T13:54:42
9.98837	-55.21240	0	47	2021-10-08T13:59:42
9.98836	-55.21362	0	47	2021-10-08T14:04:43
9.98826	-55.21494	0	47	2021-10-08T14:09:41
9.98821	-55.21616	0	47	2021-10-08T14:15:06
9.98807	-55.21729	0	47	2021-10-08T14:19:42
9.98809	-55.21835	0	47	2021-10-08T14:24:44
9.98800	-55.21942	0	47	2021-10-08T14:29:45
9.98792	-55.22058	0	47	2021-10-08T14:34:42
9.98792	-55.22165	0	47	2021-10-08T14:39:41
9.98785	-55.22275	0	47	2021-10-08T14:44:43
9.98778	-55.22391	0	47	2021-10-08T14:49:40
9.98760	-55.22491	0	47	2021-10-08T14:54:41
9.98755	-55.22598	0	47	2021-10-08T14:59:41
9.98727	-55.22832	0	47	2021-10-08T15:09:40
9.98701	-55.22944	0	47	2021-10-08T15:14:40
9.98692	-55.23047	0	47	2021-10-08T15:19:39
9.98670	-55.23159	0	47	2021-10-08T15:24:39
9.98653	-55.23279	0	47	2021-10-08T15:29:40
9.98634	-55.23401	0	47	2021-10-08T15:34:39
9.98615	-55.23517	0	47	2021-10-08T15:39:38
9.98592	-55.23647	0	47	2021-10-08T15:44:42
9.98562	-55.23776	0	47	2021-10-08T15:49:43
9.98526	-55.23911	0	47	2021-10-08T15:54:41
9.98490	-55.24045	0	47	2021-10-08T15:59:44
9.98452	-55.24182	0	47	2021-10-08T16:04:42
9.98423	-55.24319	0	47	2021-10-08T16:09:42
9.98382	-55.24472	0	47	2021-10-08T16:15:10
9.98351	-55.24610	0	47	2021-10-08T16:19:40
9.98312	-55.24747	0	47	2021-10-08T16:24:41
9.98271	-55.24887	0	47	2021-10-08T16:29:38
9.98232	-55.25021	0	47	2021-10-08T16:34:35
9.98197	-55.25159	0	47	2021-10-08T16:39:36
9.98159	-55.25299	0	47	2021-10-08T16:44:36
9.98089	-55.25584	0	47	2021-10-08T16:54:37
9.98040	-55.25720	0	47	2021-10-08T16:59:38
9.97986	-55.25867	0	47	2021-10-08T17:04:37
9.97932	-55.26016	0	47	2021-10-08T17:09:38
9.97875	-55.26175	0	47	2021-10-08T17:14:57
9.97824	-55.26300	0	47	2021-10-08T17:19:35
9.97774	-55.26443	0	47	2021-10-08T17:24:33
9.97722	-55.26587	0	47	2021-10-08T17:29:34
9.97682	-55.26727	0	47	2021-10-08T17:34:31
9.97636	-55.26874	0	47	2021-10-08T17:39:32
9.97586	-55.27017	0	47	2021-10-08T17:44:31
9.97544	-55.27164	0	47	2021-10-08T17:49:33
9.97509	-55.27310	0	47	2021-10-08T17:54:34
9.97472	-55.27451	0	47	2021-10-08T17:59:29
9.97430	-55.27594	0	47	2021-10-08T18:04:32
9.97390	-55.27731	0	47	2021-10-08T18:09:31
9.97357	-55.27887	0	47	2021-10-08T18:14:57
9.97317	-55.28012	0	47	2021-10-08T18:19:33
9.97279	-55.28149	0	47	2021-10-08T18:24:31
9.97239	-55.28296	0	47	2021-10-08T18:29:33
9.97203	-55.28433	0	47	2021-10-08T18:34:31
9.97167	-55.28586	0	47	2021-10-08T18:39:34
9.97134	-55.28732	0	47	2021-10-08T18:44:34
9.97103	-55.28882	0	47	2021-10-08T18:49:35
9.97068	-55.29031	0	47	2021-10-08T18:54:35
9.97035	-55.29184	0	47	2021-10-08T18:59:36
9.97011	-55.29337	0	47	2021-10-08T19:04:34
9.96984	-55.29486	0	47	2021-10-08T19:09:35
9.96964	-55.29645	0	47	2021-10-08T19:14:55
9.96937	-55.29779	0	47	2021-10-08T19:19:33
9.96923	-55.29926	0	47	2021-10-08T19:24:30
9.96920	-55.30081	0	47	2021-10-08T19:29:31
9.96913	-55.30243	0	47	2021-10-08T19:34:28
9.96913	-55.30402	0	47	2021-10-08T19:39:28
9.96913	-55.30565	0	47	2021-10-08T19:44:24
9.96913	-55.30719	0	47	2021-10-08T19:49:23
9.96916	-55.30884	0	47	2021-10-08T19:54:26
9.96917	-55.31055	0	47	2021-10-08T19:59:28
9.96917	-55.31219	0	47	2021-10-08T20:04:29
9.96923	-55.31390	0	47	2021-10-08T20:09:30
9.96926	-55.31561	0	47	2021-10-08T20:14:58
9.96940	-55.31699	0	47	2021-10-08T20:19:30
9.96934	-55.31879	0	47	2021-10-08T20:24:28
9.96932	-55.32050	0	47	2021-10-08T20:29:26
9.96936	-55.32220	0	47	2021-10-08T20:34:29
9.96942	-55.32385	0	47	2021-10-08T20:39:30
9.96950	-55.32553	0	47	2021-10-08T20:44:28
9.96960	-55.32718	0	47	2021-10-08T20:49:26
9.96978	-55.32880	0	47	2021-10-08T20:54:29
9.96998	-55.33044	0	47	2021-10-08T20:59:30
9.97024	-55.33197	0	47	2021-10-08T21:04:28
9.97044	-55.33362	0	47	2021-10-08T21:09:32
9.97064	-55.33536	0	47	2021-10-08T21:14:56
9.97076	-55.33694	0	47	2021-10-08T21:19:33
9.97096	-55.33882	0	47	2021-10-08T21:24:31
9.97118	-55.34045	0	47	2021-10-08T21:29:32
9.97141	-55.34210	0	47	2021-10-08T21:34:31
9.97167	-55.34375	0	47	2021-10-08T21:39:32
9.97212	-55.34546	0	47	2021-10-08T21:44:30
9.97269	-55.34711	0	47	2021-10-08T21:49:31
9.97328	-55.34876	0	47	2021-10-08T21:54:31
9.97378	-55.35030	0	47	2021-10-08T21:59:30
9.97443	-55.35184	0	47	2021-10-08T22:04:30
9.97481	-55.35352	0	47	2021-10-08T22:09:32
9.97532	-55.35553	0	47	2021-10-08T22:14:59
9.97564	-55.35712	0	47	2021-10-08T22:19:48
9.97603	-55.35864	0	47	2021-10-08T22:24:48
9.97638	-55.36002	0	47	2021-10-08T22:29:50
9.97683	-55.36130	0	47	2021-10-08T22:34:47
9.97735	-55.36252	0	47	2021-10-08T22:39:48
9.97784	-55.36389	0	47	2021-10-08T22:44:48
9.97828	-55.36526	0	47	2021-10-08T22:49:49
9.97875	-55.36646	0	47	2021-10-08T22:54:35
9.97931	-55.36768	0	47	2021-10-08T22:59:36
9.97993	-55.36890	0	47	2021-10-08T23:04:36
9.98063	-55.37015	0	47	2021-10-08T23:09:32
9.98127	-55.37146	0	47	2021-10-08T23:14:57
9.98193	-55.37250	0	47	2021-10-08T23:19:38
9.98269	-55.37357	0	47	2021-10-08T23:24:33
9.98345	-55.37460	0	47	2021-10-08T23:29:36
9.98434	-55.37555	0	47	2021-10-08T23:34:34
9.98527	-55.37656	0	47	2021-10-08T23:39:37
9.98623	-55.37762	0	47	2021-10-08T23:44:36
9.98708	-55.37872	0	47	2021-10-08T23:49:37
9.98786	-55.37976	0	47	2021-10-08T23:54:37
9.98865	-55.38068	0	47	2021-10-08T23:59:38
9.98936	-55.38153	0	47	2021-10-09T00:04:38
9.98996	-55.38242	0	47	2021-10-09T00:09:39
9.99053	-55.38336	0	47	2021-10-09T00:14:56
9.99097	-55.38429	0	47	2021-10-09T00:19:38
9.99144	-55.38498	0	47	2021-10-09T00:24:38
9.99189	-55.38574	0	47	2021-10-09T00:29:39
9.99227	-55.38647	0	47	2021-10-09T00:34:37
9.99261	-55.38730	0	47	2021-10-09T00:39:38
9.99297	-55.38815	0	47	2021-10-09T00:44:38
9.99329	-55.38913	0	47	2021-10-09T00:49:40
9.99358	-55.39020	0	47	2021-10-09T00:54:40
9.99381	-55.39131	0	47	2021-10-09T00:59:41
9.99402	-55.39243	0	47	2021-10-09T01:04:41
9.99431	-55.39349	0	47	2021-10-09T01:09:39
9.99473	-55.39474	0	47	2021-10-09T01:15:09
9.99502	-55.39569	0	47	2021-10-09T01:19:44
9.99532	-55.39679	0	47	2021-10-09T01:24:41
9.99564	-55.39789	0	47	2021-10-09T01:29:42
9.99595	-55.39908	0	47	2021-10-09T01:34:40
9.99623	-55.40036	0	47	2021-10-09T01:39:43
9.99649	-55.40173	0	47	2021-10-09T01:44:41
9.99675	-55.40295	0	47	2021-10-09T01:49:39
9.99695	-55.40414	0	47	2021-10-09T01:54:41
9.99713	-55.40530	0	47	2021-10-09T01:59:43
9.99735	-55.40662	0	47	2021-10-09T02:04:40
9.99766	-55.40786	0	47	2021-10-09T02:10:08
9.99796	-55.40906	0	47	2021-10-09T02:15:08
9.99817	-55.41006	0	47	2021-10-09T02:19:42
9.99879	-55.41231	0	47	2021-10-09T02:29:43
9.99906	-55.41333	0	47	2021-10-09T02:34:44
9.99945	-55.41437	0	47	2021-10-09T02:39:43
9.99982	-55.41544	0	47	2021-10-09T02:44:43
10.00024	-55.41651	0	47	2021-10-09T02:49:39
10.00063	-55.41745	0	47	2021-10-09T02:54:38
10.00100	-55.41846	0	47	2021-10-09T02:59:39
10.00186	-55.42067	0	47	2021-10-09T03:09:40
10.00215	-55.42172	0	47	2021-10-09T03:14:56
10.00237	-55.42273	0	47	2021-10-09T03:19:39
10.00262	-55.42386	0	47	2021-10-09T03:24:39
10.00288	-55.42507	0	47	2021-10-09T03:29:39
10.00309	-55.42627	0	47	2021-10-09T03:34:39
10.00331	-55.42755	0	47	2021-10-09T03:39:41
10.00351	-55.42883	0	47	2021-10-09T03:44:43
10.00373	-55.43016	0	47	2021-10-09T03:49:43
10.00382	-55.43145	0	47	2021-10-09T03:54:44
10.00395	-55.43265	0	47	2021-10-09T03:59:44
10.00407	-55.43384	0	47	2021-10-09T04:04:46
10.00423	-55.43505	0	47	2021-10-09T04:10:06
10.00436	-55.43625	0	47	2021-10-09T04:15:06
10.00436	-55.43732	0	47	2021-10-09T04:19:47
10.00442	-55.43852	0	47	2021-10-09T04:24:49
10.00438	-55.43964	0	47	2021-10-09T04:29:49
10.00437	-55.44080	0	47	2021-10-09T04:34:47
10.00430	-55.44196	0	47	2021-10-09T04:39:48
10.00421	-55.44312	0	47	2021-10-09T04:44:48
10.00414	-55.44421	0	47	2021-10-09T04:49:49
10.00410	-55.44534	0	47	2021-10-09T04:54:49
10.00405	-55.44650	0	47	2021-10-09T04:59:52
10.00406	-55.44760	0	47	2021-10-09T05:04:53
10.00412	-55.44867	0	47	2021-10-09T05:09:54
10.00424	-55.44983	0	47	2021-10-09T05:15:25
10.00438	-55.45085	0	47	2021-10-09T05:20:06
10.00447	-55.45188	0	47	2021-10-09T05:25:06
10.00460	-55.45291	0	47	2021-10-09T05:30:05
10.00477	-55.45395	0	47	2021-10-09T05:35:05
10.00495	-55.45490	0	47	2021-10-09T05:40:08
10.00514	-55.45587	0	47	2021-10-09T05:45:07
10.00526	-55.45685	0	47	2021-10-09T05:50:11
10.00546	-55.45802	0	47	2021-10-09T05:55:12
10.00563	-55.45896	0	47	2021-10-09T06:00:13
10.00584	-55.45999	0	47	2021-10-09T06:05:13
10.00608	-55.46106	0	47	2021-10-09T06:10:15
10.00639	-55.46225	0	47	2021-10-09T06:15:38
10.00672	-55.46326	0	47	2021-10-09T06:20:13
10.00714	-55.46436	0	47	2021-10-09T06:25:16
10.00763	-55.46539	0	47	2021-10-09T06:30:18
10.00812	-55.46640	0	47	2021-10-09T06:35:15
10.00867	-55.46741	0	47	2021-10-09T06:40:16
10.00918	-55.46835	0	47	2021-10-09T06:45:17
10.00976	-55.46927	0	47	2021-10-09T06:50:14
10.01036	-55.47015	0	47	2021-10-09T06:55:11
10.01098	-55.47104	0	47	2021-10-09T07:00:12
10.01167	-55.47198	0	47	2021-10-09T07:05:13
10.01228	-55.47296	0	47	2021-10-09T07:10:13
10.01294	-55.47400	0	47	2021-10-09T07:15:26
10.01349	-55.47491	0	47	2021-10-09T07:20:11
10.01406	-55.47592	0	47	2021-10-09T07:25:08
10.01471	-55.47696	0	47	2021-10-09T07:30:09
10.01538	-55.47794	0	47	2021-10-09T07:35:07
10.01613	-55.47897	0	47	2021-10-09T07:40:10
10.01688	-55.48004	0	47	2021-10-09T07:45:07
10.01767	-55.48119	0	47	2021-10-09T07:50:06
10.01844	-55.48231	0	47	2021-10-09T07:55:06
10.01913	-55.48343	0	47	2021-10-09T08:00:07
10.01983	-55.48459	0	47	2021-10-09T08:05:07
10.02050	-55.48574	0	47	2021-10-09T08:10:28
10.02123	-55.48703	0	47	2021-10-09T08:15:28
10.02181	-55.48813	0	47	2021-10-09T08:20:09
10.02248	-55.48938	0	47	2021-10-09T08:25:07
10.02318	-55.49063	0	47	2021-10-09T08:30:04
10.02389	-55.49182	0	47	2021-10-09T08:35:05
10.02454	-55.49301	0	47	2021-10-09T08:40:02
10.02524	-55.49426	0	47	2021-10-09T08:45:02
10.02596	-55.49577	0	47	2021-10-09T08:50:00
10.02665	-55.49706	0	47	2021-10-09T08:55:00
10.02738	-55.49835	0	47	2021-10-09T09:00:00
10.02808	-55.49976	0	47	2021-10-09T09:05:01
10.02877	-55.50116	0	47	2021-10-09T09:10:03
10.02955	-55.50259	0	47	2021-10-09T09:15:26
10.03022	-55.50391	0	47	2021-10-09T09:20:04
10.03089	-55.50525	0	47	2021-10-09T09:25:02
10.03158	-55.50670	0	47	2021-10-09T09:30:06
10.03222	-55.50799	0	47	2021-10-09T09:35:06
10.03286	-55.50928	0	47	2021-10-09T09:40:05
10.03363	-55.51056	0	47	2021-10-09T09:45:04
10.03450	-55.51181	0	47	2021-10-09T09:50:06
10.03541	-55.51308	0	47	2021-10-09T09:55:07
10.03635	-55.51428	0	47	2021-10-09T10:00:08
10.03728	-55.51548	0	47	2021-10-09T10:05:27
10.03818	-55.51669	0	47	2021-10-09T10:10:10
10.03917	-55.51788	0	47	2021-10-09T10:15:26
10.04116	-55.51996	0	47	2021-10-09T10:25:09
10.04229	-55.52096	0	47	2021-10-09T10:30:10
10.04345	-55.52182	0	47	2021-10-09T10:35:10
10.04468	-55.52267	0	47	2021-10-09T10:40:15
10.04588	-55.52353	0	47	2021-10-09T10:45:15
10.04715	-55.52429	0	47	2021-10-09T10:50:13
10.04847	-55.52509	0	47	2021-10-09T10:55:13
10.04984	-55.52584	0	47	2021-10-09T11:00:13
10.05117	-55.52644	0	47	2021-10-09T11:05:12
10.05250	-55.52704	0	47	2021-10-09T11:10:12
10.05407	-55.52780	0	47	2021-10-09T11:15:58
10.05516	-55.52838	0	47	2021-10-09T11:20:18
10.05644	-55.52909	0	47	2021-10-09T11:25:17
10.05781	-55.52960	0	47	2021-10-09T11:30:16
10.05921	-55.53021	0	47	2021-10-09T11:35:19
10.06061	-55.53082	0	47	2021-10-09T11:40:17
10.06211	-55.53137	0	47	2021-10-09T11:45:14
10.06342	-55.53201	0	47	2021-10-09T11:50:12
10.06489	-55.53250	0	47	2021-10-09T11:55:16
10.06659	-55.53335	0	47	2021-10-09T12:00:17
10.06779	-55.53369	0	47	2021-10-09T12:05:17
10.06933	-55.53415	0	47	2021-10-09T12:10:19
10.07109	-55.53467	0	47	2021-10-09T12:15:55
10.07245	-55.53506	0	47	2021-10-09T12:20:24
10.07399	-55.53549	0	47	2021-10-09T12:25:24
10.07558	-55.53592	0	47	2021-10-09T12:30:26
10.07712	-55.53635	0	47	2021-10-09T12:35:25
10.07868	-55.53671	0	47	2021-10-09T12:40:28
10.08018	-55.53711	0	47	2021-10-09T12:45:27
10.08167	-55.53751	0	47	2021-10-09T12:50:29
10.08321	-55.53790	0	47	2021-10-09T12:55:29
10.08475	-55.53827	0	47	2021-10-09T13:00:31
10.08626	-55.53864	0	47	2021-10-09T13:05:32
10.08779	-55.53897	0	47	2021-10-09T13:10:31
10.08946	-55.53934	0	47	2021-10-09T13:15:56
10.09080	-55.53961	0	47	2021-10-09T13:20:31
10.09225	-55.53986	0	47	2021-10-09T13:25:28
10.09371	-55.54007	0	47	2021-10-09T13:30:29
10.09518	-55.54019	0	47	2021-10-09T13:35:28
10.09663	-55.54037	0	47	2021-10-09T13:40:27
10.09799	-55.54053	0	47	2021-10-09T13:45:27
10.09930	-55.54065	0	47	2021-10-09T13:50:25
10.10057	-55.54077	0	47	2021-10-09T13:55:26
10.10184	-55.54092	0	47	2021-10-09T14:00:22
10.10296	-55.54109	0	47	2021-10-09T14:05:22
10.10395	-55.54126	0	47	2021-10-09T14:10:21
10.10518	-55.54156	0	47	2021-10-09T14:15:55
10.10598	-55.54181	0	47	2021-10-09T14:20:19
10.10687	-55.54205	0	47	2021-10-09T14:25:18
10.10847	-55.54269	0	47	2021-10-09T14:35:16
10.10920	-55.54303	0	47	2021-10-09T14:40:17
10.10980	-55.54337	0	47	2021-10-09T14:45:17
10.11042	-55.54373	0	47	2021-10-09T14:50:19
10.11106	-55.54410	0	47	2021-10-09T14:55:17
10.11160	-55.54443	0	47	2021-10-09T15:00:20
10.11219	-55.54489	0	47	2021-10-09T15:05:19
10.11271	-55.54526	0	47	2021-10-09T15:10:22
10.11328	-55.54568	0	47	2021-10-09T15:15:57
10.11377	-55.54611	0	47	2021-10-09T15:20:23
10.11435	-55.54657	0	47	2021-10-09T15:25:21
10.11551	-55.54761	0	47	2021-10-09T15:35:23
10.11663	-55.54843	0	47	2021-10-09T15:45:24
10.11764	-55.54925	0	47	2021-10-09T15:55:23
10.11811	-55.54968	0	47	2021-10-09T16:00:23
10.11854	-55.55011	0	47	2021-10-09T16:05:24
10.11899	-55.55066	0	47	2021-10-09T16:10:25
10.11941	-55.55133	0	47	2021-10-09T16:16:01
10.11984	-55.55189	0	47	2021-10-09T16:20:30
10.12023	-55.55249	0	47	2021-10-09T16:25:30
10.12055	-55.55316	0	47	2021-10-09T16:30:28
10.12090	-55.55386	0	47	2021-10-09T16:35:29
10.12123	-55.55466	0	47	2021-10-09T16:40:30
10.12157	-55.55539	0	47	2021-10-09T16:45:34
10.12193	-55.55627	0	47	2021-10-09T16:50:32
10.12223	-55.55704	0	47	2021-10-09T16:55:33
10.12250	-55.55789	0	47	2021-10-09T17:00:34
10.12272	-55.55877	0	47	2021-10-09T17:05:35
10.12289	-55.55963	0	47	2021-10-09T17:10:35
10.12303	-55.56061	0	47	2021-10-09T17:15:58
10.12314	-55.56145	0	47	2021-10-09T17:20:37
10.12323	-55.56223	0	47	2021-10-09T17:25:39
10.12327	-55.56308	0	47	2021-10-09T17:30:38
10.12332	-55.56390	0	47	2021-10-09T17:35:36
10.12339	-55.56470	0	47	2021-10-09T17:40:36
10.12339	-55.56555	0	47	2021-10-09T17:45:38
10.12341	-55.56644	0	47	2021-10-09T17:50:37
10.12349	-55.56732	0	47	2021-10-09T17:55:35
10.12366	-55.56829	0	47	2021-10-09T18:00:36
10.12382	-55.56909	0	47	2021-10-09T18:05:37
10.12409	-55.57001	0	47	2021-10-09T18:10:35
10.12441	-55.57095	0	47	2021-10-09T18:15:57
10.12470	-55.57191	0	47	2021-10-09T18:20:38
10.12491	-55.57294	0	47	2021-10-09T18:25:37
10.12512	-55.57388	0	47	2021-10-09T18:30:38
10.12539	-55.57496	0	47	2021-10-09T18:35:38
10.12556	-55.57590	0	47	2021-10-09T18:40:38
10.12571	-55.57687	0	47	2021-10-09T18:45:36
10.12578	-55.57785	0	47	2021-10-09T18:50:37
10.12574	-55.57892	0	47	2021-10-09T18:55:35
10.12563	-55.57999	0	47	2021-10-09T19:00:34
10.12559	-55.58102	0	47	2021-10-09T19:05:33
10.12551	-55.58197	0	47	2021-10-09T19:10:35
10.12546	-55.58304	0	47	2021-10-09T19:15:56
10.12538	-55.58395	0	47	2021-10-09T19:20:30
10.12529	-55.58499	0	47	2021-10-09T19:25:30
10.12511	-55.58609	0	47	2021-10-09T19:30:32
10.12493	-55.58716	0	47	2021-10-09T19:35:29
10.12477	-55.58820	0	47	2021-10-09T19:40:27
10.12457	-55.58926	0	47	2021-10-09T19:45:28
10.12444	-55.59033	0	47	2021-10-09T19:50:28
10.12429	-55.59140	0	47	2021-10-09T19:55:29
10.12408	-55.59250	0	47	2021-10-09T20:00:26
10.12388	-55.59357	0	47	2021-10-09T20:05:29
10.12365	-55.59467	0	47	2021-10-09T20:10:28
10.12347	-55.59570	0	47	2021-10-09T20:15:58
10.12317	-55.59671	0	47	2021-10-09T20:20:32
10.12295	-55.59784	0	47	2021-10-09T20:25:31
10.12272	-55.59891	0	47	2021-10-09T20:30:30
10.12245	-55.60007	0	47	2021-10-09T20:35:36
10.12224	-55.60101	0	47	2021-10-09T20:40:36
10.12201	-55.60208	0	47	2021-10-09T20:45:37
10.12178	-55.60326	0	47	2021-10-09T20:50:42
10.12152	-55.60429	0	47	2021-10-09T20:55:42
10.12118	-55.60532	0	47	2021-10-09T21:00:41
10.12078	-55.60648	0	47	2021-10-09T21:05:41
10.12043	-55.60757	0	47	2021-10-09T21:10:42
10.12007	-55.60889	0	47	2021-10-09T21:16:09
10.11972	-55.60992	0	47	2021-10-09T21:20:44
10.11940	-55.61115	0	47	2021-10-09T21:25:45
10.11904	-55.61245	0	47	2021-10-09T21:30:49
10.11871	-55.61356	0	47	2021-10-09T21:35:46
10.11844	-55.61469	0	47	2021-10-09T21:40:48
10.11805	-55.61597	0	47	2021-10-09T21:45:50
10.11750	-55.61962	0	47	2021-10-09T22:00:49
10.11720	-55.62082	0	47	2021-10-09T22:05:48
10.11716	-55.62219	0	47	2021-10-09T22:10:48
10.11685	-55.62378	0	47	2021-10-09T22:16:08
10.11680	-55.62506	0	47	2021-10-09T22:20:46
10.11672	-55.62650	0	47	2021-10-09T22:25:50
10.11669	-55.62796	0	47	2021-10-09T22:30:52
10.11673	-55.62939	0	47	2021-10-09T22:35:52
10.11688	-55.63077	0	47	2021-10-09T22:40:50
10.11695	-55.63220	0	47	2021-10-09T22:45:51
10.11714	-55.63358	0	47	2021-10-09T22:50:56
10.11736	-55.63486	0	47	2021-10-09T22:55:51
10.11761	-55.63602	0	47	2021-10-09T23:00:49
10.11787	-55.63718	0	47	2021-10-09T23:05:52
10.11788	-55.63824	0	47	2021-10-09T23:10:54
10.11835	-55.63925	0	47	2021-10-09T23:16:30
10.11869	-55.64011	0	47	2021-10-09T23:20:53
10.11922	-55.64115	0	47	2021-10-09T23:25:52
10.11978	-55.64209	0	47	2021-10-09T23:30:51
10.12049	-55.64304	0	47	2021-10-09T23:35:51
10.12123	-55.64392	0	47	2021-10-09T23:40:52
10.12201	-55.64477	0	47	2021-10-09T23:45:50
10.12278	-55.64563	0	47	2021-10-09T23:50:50
10.12355	-55.64651	0	47	2021-10-09T23:55:48
10.12444	-55.64737	0	47	2021-10-10T00:00:52
10.12534	-55.64822	0	47	2021-10-10T00:05:56
10.12632	-55.64902	0	47	2021-10-10T00:10:52
10.12735	-55.64984	0	47	2021-10-10T00:16:22
10.12821	-55.65060	0	47	2021-10-10T00:20:47
10.12911	-55.65129	0	47	2021-10-10T00:25:48
10.12997	-55.65198	0	47	2021-10-10T00:30:48
10.13081	-55.65271	0	47	2021-10-10T00:35:49
10.13153	-55.65344	0	47	2021-10-10T00:40:47
10.13231	-55.65420	0	47	2021-10-10T00:45:47
10.13295	-55.65497	0	47	2021-10-10T00:50:47
10.13356	-55.65570	0	47	2021-10-10T00:55:49
10.13404	-55.65643	0	47	2021-10-10T01:00:49
10.13451	-55.65726	0	47	2021-10-10T01:05:51
10.13501	-55.65808	0	47	2021-10-10T01:10:51
10.13547	-55.65906	0	47	2021-10-10T01:16:26
10.13580	-55.65982	0	47	2021-10-10T01:20:50
10.13613	-55.66070	0	47	2021-10-10T01:25:50
10.13639	-55.66156	0	47	2021-10-10T01:30:50
10.13666	-55.66245	0	47	2021-10-10T01:35:48
10.13689	-55.66327	0	47	2021-10-10T01:40:49
10.13713	-55.66415	0	47	2021-10-10T01:45:47
10.13728	-55.66501	0	47	2021-10-10T01:50:48
10.13755	-55.66580	0	47	2021-10-10T01:55:47
10.13767	-55.66675	0	47	2021-10-10T02:00:48
10.13771	-55.66769	0	47	2021-10-10T02:05:46
10.13778	-55.66864	0	47	2021-10-10T02:10:43
10.13781	-55.66964	0	47	2021-10-10T02:15:46
10.13781	-55.67041	0	47	2021-10-10T02:20:45
10.13785	-55.67133	0	47	2021-10-10T02:25:45
10.13776	-55.67229	0	47	2021-10-10T02:30:47
10.13767	-55.67306	0	47	2021-10-10T02:35:47
10.13763	-55.67392	0	47	2021-10-10T02:40:48
10.13757	-55.67477	0	47	2021-10-10T02:45:46
10.13750	-55.67572	0	47	2021-10-10T02:50:49
10.13738	-55.67651	0	47	2021-10-10T02:55:51
10.13730	-55.67746	0	47	2021-10-10T03:00:50
10.13731	-55.67831	0	47	2021-10-10T03:05:48
10.13719	-55.67932	0	47	2021-10-10T03:10:49
10.13710	-55.68035	0	47	2021-10-10T03:15:50
10.13710	-55.68121	0	47	2021-10-10T03:20:50
10.13713	-55.68234	0	47	2021-10-10T03:25:48
10.13713	-55.68353	0	47	2021-10-10T03:30:45
10.13722	-55.68467	0	47	2021-10-10T03:35:49
10.13722	-55.68579	0	47	2021-10-10T03:40:48
10.13708	-55.68704	0	47	2021-10-10T03:45:51
10.13666	-55.68956	0	47	2021-10-10T03:55:46
10.13640	-55.69076	0	47	2021-10-10T04:00:46
10.13597	-55.69205	0	47	2021-10-10T04:05:47
10.13549	-55.69348	0	47	2021-10-10T04:10:48
10.13488	-55.69513	0	47	2021-10-10T04:16:05
10.13424	-55.69638	0	47	2021-10-10T04:20:46
10.13355	-55.69778	0	47	2021-10-10T04:25:47
10.13276	-55.69925	0	47	2021-10-10T04:30:46
10.13198	-55.70074	0	47	2021-10-10T04:35:45
10.13123	-55.70224	0	47	2021-10-10T04:40:46
10.13046	-55.70361	0	47	2021-10-10T04:45:46
10.12973	-55.70499	0	47	2021-10-10T04:50:47
10.12907	-55.70645	0	47	2021-10-10T04:55:49
10.12840	-55.70795	0	47	2021-10-10T05:00:49
10.12769	-55.70939	0	47	2021-10-10T05:05:50
10.12709	-55.71085	0	47	2021-10-10T05:10:51
10.12643	-55.71234	0	47	2021-10-10T05:16:26
10.12581	-55.71363	0	47	2021-10-10T05:20:53
10.12521	-55.71509	0	47	2021-10-10T05:25:53
10.12465	-55.71646	0	47	2021-10-10T05:30:54
10.12412	-55.71790	0	47	2021-10-10T05:35:56
10.12349	-55.71936	0	47	2021-10-10T05:40:58
10.12285	-55.72083	0	47	2021-10-10T05:45:54
10.12205	-55.72232	0	47	2021-10-10T05:50:54
10.12115	-55.72385	0	47	2021-10-10T05:55:53
10.12029	-55.72537	0	47	2021-10-10T06:00:54
10.11927	-55.72691	0	47	2021-10-10T06:05:53
10.11828	-55.72845	0	47	2021-10-10T06:10:53
10.11716	-55.73019	0	47	2021-10-10T06:16:25
10.11631	-55.73154	0	47	2021-10-10T06:20:54
10.11546	-55.73309	0	47	2021-10-10T06:25:53
10.11464	-55.73462	0	47	2021-10-10T06:30:54
10.11396	-55.73615	0	47	2021-10-10T06:35:54
10.11331	-55.73761	0	47	2021-10-10T06:40:53
10.11278	-55.73917	0	47	2021-10-10T06:45:55
10.11225	-55.74069	0	47	2021-10-10T06:50:56
10.11175	-55.74219	0	47	2021-10-10T06:56:00
10.11126	-55.74362	0	47	2021-10-10T07:01:02
10.11065	-55.74509	0	47	2021-10-10T07:06:03
10.11014	-55.74646	0	47	2021-10-10T07:11:03
10.10960	-55.74807	0	47	2021-10-10T07:16:04
10.10913	-55.74936	0	47	2021-10-10T07:21:04
10.10871	-55.75079	0	47	2021-10-10T07:26:05
10.10832	-55.75226	0	47	2021-10-10T07:31:02
10.10798	-55.75363	0	47	2021-10-10T07:36:01
10.10765	-55.75504	0	47	2021-10-10T07:41:01
10.10730	-55.75644	0	47	2021-10-10T07:45:58
10.10694	-55.75784	0	47	2021-10-10T07:50:59
10.10667	-55.75931	0	47	2021-10-10T07:55:58
10.10640	-55.76090	0	47	2021-10-10T08:00:57
10.10619	-55.76236	0	47	2021-10-10T08:05:57
10.10594	-55.76398	0	47	2021-10-10T08:10:58
10.10558	-55.76563	0	47	2021-10-10T08:15:56
10.10532	-55.76700	0	47	2021-10-10T08:20:56
10.10498	-55.76849	0	47	2021-10-10T08:25:54
10.10468	-55.76999	0	47	2021-10-10T08:30:54
10.10440	-55.77149	0	47	2021-10-10T08:35:51
10.10423	-55.77286	0	47	2021-10-10T08:40:52
10.10404	-55.77429	0	47	2021-10-10T08:45:49
10.10382	-55.77582	0	47	2021-10-10T08:50:50
10.10339	-55.77883	0	47	2021-10-10T09:00:50
10.10330	-55.78030	0	47	2021-10-10T09:05:49
10.10326	-55.78183	0	47	2021-10-10T09:10:49
10.10325	-55.78351	0	47	2021-10-10T09:16:26
10.10325	-55.78503	0	47	2021-10-10T09:20:50
10.10332	-55.78659	0	47	2021-10-10T09:25:48
10.10349	-55.78966	0	47	2021-10-10T09:35:47
10.10353	-55.79120	0	47	2021-10-10T09:40:47
10.10353	-55.79266	0	47	2021-10-10T09:45:48
10.10347	-55.79413	0	47	2021-10-10T09:50:49
10.10351	-55.79558	0	47	2021-10-10T09:55:46
10.10353	-55.79681	0	47	2021-10-10T10:00:49
10.10368	-55.79816	0	47	2021-10-10T10:05:47
10.10398	-55.79948	0	47	2021-10-10T10:11:26
10.10415	-55.80060	0	47	2021-10-10T10:16:26
10.10421	-55.80170	0	47	2021-10-10T10:20:49
10.10425	-55.80292	0	47	2021-10-10T10:25:47
10.10433	-55.80408	0	47	2021-10-10T10:30:48
10.10446	-55.80524	0	47	2021-10-10T10:35:47
10.10452	-55.80640	0	47	2021-10-10T10:40:49
10.10462	-55.80750	0	47	2021-10-10T10:45:47
10.10479	-55.80862	0	47	2021-10-10T10:50:47
10.10509	-55.80988	0	47	2021-10-10T10:55:52
10.10538	-55.81110	0	47	2021-10-10T11:00:53
10.10565	-55.81223	0	47	2021-10-10T11:05:50
10.10604	-55.81335	0	47	2021-10-10T11:10:50
10.10678	-55.81473	0	47	2021-10-10T11:16:23
10.10682	-55.81567	0	47	2021-10-10T11:20:52
10.10727	-55.81675	0	47	2021-10-10T11:26:00
10.10757	-55.81787	0	47	2021-10-10T11:30:59
10.10794	-55.81903	0	47	2021-10-10T11:36:03
10.10838	-55.82019	0	47	2021-10-10T11:40:51
10.10885	-55.82133	0	47	2021-10-10T11:45:46
10.10932	-55.82236	0	47	2021-10-10T11:50:47
10.10979	-55.82330	0	47	2021-10-10T11:55:47
10.11036	-55.82425	0	47	2021-10-10T12:00:50
10.11091	-55.82516	0	47	2021-10-10T12:05:47
10.11142	-55.82602	0	47	2021-10-10T12:10:46
10.11205	-55.82700	0	47	2021-10-10T12:16:25
10.11242	-55.82773	0	47	2021-10-10T12:20:47
10.11293	-55.82852	0	47	2021-10-10T12:25:45
10.11343	-55.82922	0	47	2021-10-10T12:30:48
10.11381	-55.83011	0	47	2021-10-10T12:35:46
10.11420	-55.83102	0	47	2021-10-10T12:40:47
10.11474	-55.83188	0	47	2021-10-10T12:45:47
10.11516	-55.83283	0	47	2021-10-10T12:50:49
10.11563	-55.83377	0	47	2021-10-10T12:55:49
10.11608	-55.83478	0	47	2021-10-10T13:00:50
10.11650	-55.83572	0	47	2021-10-10T13:05:48
10.11703	-55.83676	0	47	2021-10-10T13:10:51
10.11765	-55.83783	0	47	2021-10-10T13:16:28
10.11809	-55.83868	0	47	2021-10-10T13:20:50
10.11869	-55.83963	0	47	2021-10-10T13:25:50
10.11925	-55.84061	0	47	2021-10-10T13:30:51
10.11973	-55.84159	0	47	2021-10-10T13:35:49
10.12012	-55.84253	0	47	2021-10-10T13:40:49
10.12057	-55.84354	0	47	2021-10-10T13:45:50
10.12102	-55.84457	0	47	2021-10-10T13:50:51
10.12143	-55.84569	0	47	2021-10-10T13:55:52
10.12182	-55.84672	0	47	2021-10-10T14:00:53
10.12221	-55.84775	0	47	2021-10-10T14:05:53
10.12269	-55.84875	0	47	2021-10-10T14:10:55
10.12305	-55.85006	0	47	2021-10-10T14:15:55
10.12335	-55.85092	0	47	2021-10-10T14:20:56
10.12375	-55.85190	0	47	2021-10-10T14:25:54
10.12416	-55.85294	0	47	2021-10-10T14:30:55
10.12461	-55.85411	0	47	2021-10-10T14:35:55
10.12482	-55.85514	0	47	2021-10-10T14:40:55
10.12503	-55.85617	0	47	2021-10-10T14:45:54
10.12524	-55.85727	0	47	2021-10-10T14:50:56
10.12565	-55.85838	0	47	2021-10-10T14:55:51
10.12578	-55.85941	0	47	2021-10-10T15:00:51
10.12578	-55.86044	0	47	2021-10-10T15:05:51
10.12570	-55.86148	0	47	2021-10-10T15:10:52
10.12570	-55.86264	0	47	2021-10-10T15:15:47
10.12566	-55.86349	0	47	2021-10-10T15:20:50
10.12575	-55.86453	0	47	2021-10-10T15:25:48
10.12579	-55.86557	0	47	2021-10-10T15:30:49
10.12579	-55.86663	0	47	2021-10-10T15:35:50
10.12579	-55.86775	0	47	2021-10-10T15:40:50
10.12583	-55.86887	0	47	2021-10-10T15:45:50
10.12580	-55.87000	0	47	2021-10-10T15:50:51
10.12587	-55.87108	0	47	2021-10-10T15:55:48
10.12587	-55.87220	0	47	2021-10-10T16:00:47
10.12591	-55.87332	0	47	2021-10-10T16:05:47
10.12594	-55.87448	0	47	2021-10-10T16:10:48
10.12596	-55.87562	0	47	2021-10-10T16:15:48
10.12596	-55.87665	0	47	2021-10-10T16:20:47
10.12606	-55.87775	0	47	2021-10-10T16:25:46
10.12606	-55.87869	0	47	2021-10-10T16:30:46
10.12608	-55.87967	0	47	2021-10-10T16:35:48
10.12613	-55.88065	0	47	2021-10-10T16:40:48
10.12617	-55.88162	0	47	2021-10-10T16:45:50
10.12623	-55.88257	0	47	2021-10-10T16:50:50
10.12634	-55.88358	0	47	2021-10-10T16:55:52
10.12651	-55.88452	0	47	2021-10-10T17:00:53
10.12670	-55.88547	0	47	2021-10-10T17:05:49
10.12698	-55.88641	0	47	2021-10-10T17:10:50
10.12726	-55.88760	0	47	2021-10-10T17:16:26
10.12744	-55.88843	0	47	2021-10-10T17:20:49
10.12764	-55.88945	0	47	2021-10-10T17:25:49
10.12773	-55.89039	0	47	2021-10-10T17:30:50
10.12782	-55.89133	0	47	2021-10-10T17:35:50
10.12799	-55.89227	0	47	2021-10-10T17:40:48
10.12813	-55.89319	0	47	2021-10-10T17:45:49
10.12829	-55.89398	0	47	2021-10-10T17:50:47
10.12852	-55.89478	0	47	2021-10-10T17:55:50
10.12899	-55.89653	0	47	2021-10-10T18:06:26
10.12916	-55.89730	0	47	2021-10-10T18:11:25
10.12937	-55.89816	0	47	2021-10-10T18:16:25
10.12949	-55.89886	0	47	2021-10-10T18:20:51
10.12963	-55.89969	0	47	2021-10-10T18:25:49
10.12979	-55.90052	0	47	2021-10-10T18:30:50
10.12983	-55.90121	0	47	2021-10-10T18:35:50
10.12987	-55.90207	0	47	2021-10-10T18:40:51
10.12987	-55.90286	0	47	2021-10-10T18:45:48
10.12987	-55.90371	0	47	2021-10-10T18:50:49
10.12987	-55.90448	0	47	2021-10-10T18:55:49
10.12986	-55.90536	0	47	2021-10-10T19:00:47
10.12979	-55.90628	0	47	2021-10-10T19:05:48
10.12971	-55.90729	0	47	2021-10-10T19:10:47
10.12971	-55.90832	0	47	2021-10-10T19:15:46
10.12971	-55.90909	0	47	2021-10-10T19:20:46
10.12971	-55.91006	0	47	2021-10-10T19:25:47
10.12971	-55.91104	0	47	2021-10-10T19:30:46
10.12966	-55.91199	0	47	2021-10-10T19:35:45
10.12960	-55.91297	0	47	2021-10-10T19:40:45
10.12960	-55.91391	0	47	2021-10-10T19:45:45
10.12955	-55.91479	0	47	2021-10-10T19:50:47
10.12953	-55.91568	0	47	2021-10-10T19:55:47
10.12950	-55.91653	0	47	2021-10-10T20:00:48
10.12943	-55.91736	0	47	2021-10-10T20:05:50
10.12937	-55.91821	0	47	2021-10-10T20:10:51
10.12919	-55.91907	0	47	2021-10-10T20:16:26
10.12905	-55.91974	0	47	2021-10-10T20:20:48
10.12887	-55.92047	0	47	2021-10-10T20:25:49
10.12871	-55.92117	0	47	2021-10-10T20:30:46
10.12847	-55.92184	0	47	2021-10-10T20:35:47
10.12819	-55.92252	0	47	2021-10-10T20:40:45
10.12794	-55.92328	0	47	2021-10-10T20:45:48
10.12772	-55.92395	0	47	2021-10-10T20:50:45
10.12750	-55.92465	0	47	2021-10-10T20:55:46
10.12716	-55.92527	0	47	2021-10-10T21:00:46
10.12686	-55.92587	0	47	2021-10-10T21:05:45
10.12653	-55.92645	0	47	2021-10-10T21:10:46
10.12617	-55.92694	0	47	2021-10-10T21:16:09
10.12577	-55.92755	0	47	2021-10-10T21:20:44
10.12534	-55.92810	0	47	2021-10-10T21:25:47
10.12487	-55.92871	0	47	2021-10-10T21:30:49
10.12441	-55.92929	0	47	2021-10-10T21:35:47
10.12402	-55.92994	0	47	2021-10-10T21:40:47
10.12363	-55.93045	0	47	2021-10-10T21:45:47
10.12325	-55.93094	0	47	2021-10-10T21:50:47
10.12280	-55.93149	0	47	2021-10-10T21:55:45
10.12236	-55.93167	0	47	2021-10-10T22:00:45
10.12185	-55.93216	0	47	2021-10-10T22:05:46
10.12135	-55.93265	0	47	2021-10-10T22:10:43
10.12077	-55.93347	0	47	2021-10-10T22:16:08
10.12036	-55.93396	0	47	2021-10-10T22:20:42
10.11988	-55.93456	0	47	2021-10-10T22:25:46
10.11937	-55.93507	0	47	2021-10-10T22:30:46
10.11886	-55.93558	0	47	2021-10-10T22:35:45
10.11833	-55.93613	0	47	2021-10-10T22:40:41
10.11772	-55.93668	0	47	2021-10-10T22:45:39
10.11710	-55.93730	0	47	2021-10-10T22:50:40
10.11654	-55.93790	0	47	2021-10-10T22:55:40
10.11594	-55.93851	0	47	2021-10-10T23:00:42
10.11536	-55.93918	0	47	2021-10-10T23:05:42
10.11469	-55.93990	0	47	2021-10-10T23:10:43
10.11413	-55.94041	0	47	2021-10-10T23:15:43
10.11362	-55.94092	0	47	2021-10-10T23:20:42
10.11303	-55.94153	0	47	2021-10-10T23:25:46
10.11240	-55.94220	0	47	2021-10-10T23:30:45
10.11183	-55.94287	0	47	2021-10-10T23:35:47
10.11123	-55.94363	0	47	2021-10-10T23:40:45
10.11021	-55.94516	0	47	2021-10-10T23:50:49
10.10977	-55.94607	0	47	2021-10-10T23:55:54
10.10934	-55.94684	0	47	2021-10-11T00:00:54
10.10886	-55.94763	0	47	2021-10-11T00:05:55
10.10842	-55.94843	0	47	2021-10-11T00:10:57
10.10789	-55.94965	0	47	2021-10-11T00:16:44
10.10758	-55.95050	0	47	2021-10-11T00:21:14
10.10726	-55.95142	0	47	2021-10-11T00:26:03
10.10687	-55.95245	0	47	2021-10-11T00:31:13
10.10650	-55.95334	0	47	2021-10-11T00:36:02
10.10610	-55.95435	0	47	2021-10-11T00:41:01
10.10574	-55.95538	0	47	2021-10-11T00:45:59
10.10543	-55.95645	0	47	2021-10-11T00:51:00
10.10505	-55.95746	0	47	2021-10-11T00:56:00
10.10462	-55.95866	0	47	2021-10-11T01:01:04
10.10428	-55.95960	0	47	2021-10-11T01:06:03
10.10394	-55.96063	0	47	2021-10-11T01:11:03
10.10359	-55.96184	0	47	2021-10-11T01:16:04
10.10342	-55.96278	0	47	2021-10-11T01:21:05
10.10325	-55.96390	0	47	2021-10-11T01:26:05
10.10313	-55.96497	0	47	2021-10-11T01:31:02
10.10309	-55.96613	0	47	2021-10-11T01:36:00
10.10302	-55.96725	0	47	2021-10-11T01:41:00
10.10300	-55.96841	0	47	2021-10-11T01:45:59
10.10294	-55.96960	0	47	2021-10-11T01:50:58
10.10282	-55.97200	0	47	2021-10-11T02:00:56
10.10278	-55.97320	0	47	2021-10-11T02:05:56
10.10269	-55.97440	0	47	2021-10-11T02:10:55
10.10250	-55.97574	0	47	2021-10-11T02:16:26
10.10237	-55.97681	0	47	2021-10-11T02:20:55
10.10217	-55.97803	0	47	2021-10-11T02:25:56
10.10194	-55.97931	0	47	2021-10-11T02:30:54
10.10174	-55.98044	0	47	2021-10-11T02:35:55
10.10134	-55.98151	0	47	2021-10-11T02:40:53
10.10105	-55.98260	0	47	2021-10-11T02:45:56
10.10059	-55.98376	0	47	2021-10-11T02:50:54
10.10018	-55.98483	0	47	2021-10-11T02:55:55
10.09974	-55.98594	0	47	2021-10-11T03:00:58
10.09935	-55.98697	0	47	2021-10-11T03:05:57
10.09892	-55.98798	0	47	2021-10-11T03:10:56
10.09836	-55.98892	0	47	2021-10-11T03:16:26
10.09791	-55.98985	0	47	2021-10-11T03:20:58
10.09752	-55.99079	0	47	2021-10-11T03:25:58
10.09713	-55.99173	0	47	2021-10-11T03:30:57
10.09667	-55.99265	0	47	2021-10-11T03:35:58
10.09624	-55.99353	0	47	2021-10-11T03:40:58
10.09583	-55.99438	0	47	2021-10-11T03:45:59
10.09540	-55.99524	0	47	2021-10-11T03:51:01
10.09490	-55.99606	0	47	2021-10-11T03:56:01
10.09439	-55.99692	0	47	2021-10-11T04:01:16
10.09393	-55.99771	0	47	2021-10-11T04:06:14
10.09343	-55.99844	0	47	2021-10-11T04:11:16
10.09290	-55.99924	0	47	2021-10-11T04:16:35
10.09240	-55.99990	0	47	2021-10-11T04:21:02
10.09189	-56.00067	0	47	2021-10-11T04:26:02
10.09131	-56.00140	0	47	2021-10-11T04:31:06
10.09072	-56.00214	0	47	2021-10-11T04:36:04
10.09013	-56.00284	0	47	2021-10-11T04:41:06
10.08950	-56.00354	0	47	2021-10-11T04:46:05
10.08893	-56.00425	0	47	2021-10-11T04:51:06
10.08829	-56.00494	0	47	2021-10-11T04:56:06
10.08767	-56.00565	0	47	2021-10-11T05:01:00
10.08697	-56.00632	0	47	2021-10-11T05:06:00
10.08632	-56.00699	0	47	2021-10-11T05:11:01
10.08558	-56.00769	0	47	2021-10-11T05:16:26
10.08500	-56.00830	0	47	2021-10-11T05:21:00
10.08368	-56.00973	0	47	2021-10-11T05:31:01
10.08295	-56.01042	0	47	2021-10-11T05:36:00
10.08226	-56.01102	0	47	2021-10-11T05:41:00
10.08153	-56.01166	0	47	2021-10-11T05:46:01
10.08081	-56.01230	0	47	2021-10-11T05:51:02
10.08006	-56.01294	0	47	2021-10-11T05:56:02
10.07933	-56.01346	0	47	2021-10-11T06:00:59
10.07865	-56.01395	0	47	2021-10-11T06:06:00
10.07798	-56.01434	0	47	2021-10-11T06:10:58
10.07723	-56.01471	0	47	2021-10-11T06:16:24
10.07661	-56.01501	0	47	2021-10-11T06:20:58
10.07601	-56.01535	0	47	2021-10-11T06:25:59
10.07540	-56.01572	0	47	2021-10-11T06:30:57
10.07480	-56.01611	0	47	2021-10-11T06:35:58
10.07416	-56.01636	0	47	2021-10-11T06:40:59
10.07347	-56.01666	0	47	2021-10-11T06:45:58
10.07279	-56.01700	0	47	2021-10-11T06:50:56
10.07207	-56.01733	0	47	2021-10-11T06:55:57
10.07133	-56.01767	0	47	2021-10-11T07:00:57
10.07049	-56.01801	0	47	2021-10-11T07:05:59
10.06961	-56.01837	0	47	2021-10-11T07:10:58
10.06865	-56.01877	0	47	2021-10-11T07:16:24
10.06791	-56.01917	0	47	2021-10-11T07:21:00
10.06710	-56.01956	0	47	2021-10-11T07:26:01
10.06632	-56.02005	0	47	2021-10-11T07:31:03
10.06557	-56.02051	0	47	2021-10-11T07:36:01
10.06477	-56.02096	0	47	2021-10-11T07:41:04
10.06400	-56.02130	0	47	2021-10-11T07:46:04
10.06318	-56.02161	0	47	2021-10-11T07:51:06
10.06237	-56.02194	0	47	2021-10-11T07:56:03
10.06147	-56.02240	0	47	2021-10-11T08:01:01
10.06065	-56.02283	0	47	2021-10-11T08:06:01
10.05980	-56.02332	0	47	2021-10-11T08:10:59
10.05881	-56.02386	0	47	2021-10-11T08:16:26
10.05801	-56.02435	0	47	2021-10-11T08:21:00
10.05719	-56.02478	0	47	2021-10-11T08:26:00
10.05637	-56.02533	0	47	2021-10-11T08:30:55
10.05541	-56.02594	0	47	2021-10-11T08:35:58
10.05450	-56.02658	0	47	2021-10-11T08:40:58
10.05373	-56.02747	0	47	2021-10-11T08:46:01
10.05320	-56.02841	0	47	2021-10-11T08:51:02
10.05266	-56.02930	0	47	2021-10-11T08:56:02
10.05217	-56.03018	0	47	2021-10-11T09:01:02
10.05169	-56.03104	0	47	2021-10-11T09:06:04
10.05119	-56.03189	0	47	2021-10-11T09:11:01
10.05075	-56.03287	0	47	2021-10-11T09:16:25
10.05032	-56.03369	0	47	2021-10-11T09:21:03
10.04995	-56.03448	0	47	2021-10-11T09:26:06
10.04961	-56.03528	0	47	2021-10-11T09:31:04
10.04932	-56.03607	0	47	2021-10-11T09:36:05
10.04908	-56.03689	0	47	2021-10-11T09:41:06
10.04887	-56.03766	0	47	2021-10-11T09:46:06
10.04858	-56.03856	0	47	2021-10-11T09:51:04
10.04840	-56.03937	0	47	2021-10-11T09:56:05
10.04824	-56.04028	0	47	2021-10-11T10:01:04
10.04811	-56.04123	0	47	2021-10-11T10:06:06
10.04789	-56.04218	0	47	2021-10-11T10:11:06
10.04774	-56.04318	0	47	2021-10-11T10:16:24
10.04752	-56.04410	0	47	2021-10-11T10:21:06
10.04727	-56.04507	0	47	2021-10-11T10:26:09
10.04705	-56.04614	0	47	2021-10-11T10:31:11
10.04685	-56.04706	0	47	2021-10-11T10:36:11
10.04663	-56.04794	0	47	2021-10-11T10:41:12
10.04643	-56.04883	0	47	2021-10-11T10:46:10
10.04613	-56.04975	0	47	2021-10-11T10:51:27
10.04587	-56.05069	0	47	2021-10-11T10:56:27
10.04563	-56.05161	0	47	2021-10-11T11:01:15
10.04535	-56.05255	0	47	2021-10-11T11:06:10
10.04506	-56.05344	0	47	2021-10-11T11:11:13
10.04475	-56.05423	0	47	2021-10-11T11:16:38
10.04441	-56.05496	0	47	2021-10-11T11:21:16
10.04403	-56.05576	0	47	2021-10-11T11:26:15
10.04364	-56.05653	0	47	2021-10-11T11:31:17
10.04338	-56.05713	0	47	2021-10-11T11:36:17
10.04300	-56.05780	0	47	2021-10-11T11:41:18
10.04263	-56.05856	0	47	2021-10-11T11:46:15
10.04229	-56.05923	0	47	2021-10-11T11:51:17
10.04197	-56.05991	0	47	2021-10-11T11:56:14
10.04172	-56.06064	0	47	2021-10-11T12:01:15
10.04136	-56.06140	0	47	2021-10-11T12:06:14
10.04102	-56.06226	0	47	2021-10-11T12:11:16
10.04073	-56.06311	0	47	2021-10-11T12:16:37
10.04047	-56.06393	0	47	2021-10-11T12:21:11
10.04010	-56.06492	0	47	2021-10-11T12:26:15
10.03984	-56.06586	0	47	2021-10-11T12:31:15
10.03958	-56.06680	0	47	2021-10-11T12:36:13
10.03934	-56.06775	0	47	2021-10-11T12:41:11
10.03909	-56.06870	0	47	2021-10-11T12:46:17
10.03889	-56.06971	0	47	2021-10-11T12:51:16
10.03872	-56.07065	0	47	2021-10-11T12:56:16
10.03859	-56.07159	0	47	2021-10-11T13:01:17
10.03849	-56.07260	0	47	2021-10-11T13:06:15
10.03838	-56.07361	0	47	2021-10-11T13:11:15
10.03835	-56.07468	0	47	2021-10-11T13:16:38
10.03829	-56.07578	0	47	2021-10-11T13:21:14
10.03823	-56.07701	0	47	2021-10-11T13:26:18
10.03819	-56.07813	0	47	2021-10-11T13:31:18
10.03815	-56.07938	0	47	2021-10-11T13:36:30
10.03803	-56.08071	0	47	2021-10-11T13:41:15
10.03803	-56.08200	0	47	2021-10-11T13:46:14
10.03806	-56.08337	0	47	2021-10-11T13:51:13
10.03814	-56.08484	0	47	2021-10-11T13:56:11
10.03831	-56.08621	0	47	2021-10-11T14:01:12
10.03852	-56.08774	0	47	2021-10-11T14:06:13
10.03852	-56.08911	0	47	2021-10-11T14:11:13
10.03879	-56.09070	0	47	2021-10-11T14:16:37
10.03905	-56.09205	0	47	2021-10-11T14:21:09
10.03929	-56.09341	0	47	2021-10-11T14:26:13
10.03965	-56.09479	0	47	2021-10-11T14:31:09
10.04009	-56.09610	0	47	2021-10-11T14:36:10
10.04049	-56.09746	0	47	2021-10-11T14:41:06
10.04088	-56.09875	0	47	2021-10-11T14:46:05
10.04131	-56.10004	0	47	2021-10-11T14:51:05
10.04172	-56.10126	0	47	2021-10-11T14:56:06
10.04218	-56.10245	0	47	2021-10-11T15:01:07
10.04267	-56.10358	0	47	2021-10-11T15:06:05
10.04374	-56.10616	0	47	2021-10-11T15:16:04
10.04422	-56.10715	0	47	2021-10-11T15:21:03
10.04485	-56.10831	0	47	2021-10-11T15:26:03
10.04543	-56.10947	0	47	2021-10-11T15:31:03
10.04597	-56.11063	0	47	2021-10-11T15:36:04
10.04657	-56.11180	0	47	2021-10-11T15:41:03
10.04717	-56.11292	0	47	2021-10-11T15:46:03
10.04787	-56.11414	0	47	2021-10-11T15:51:01
10.04855	-56.11523	0	47	2021-10-11T15:56:04
10.04928	-56.11633	0	47	2021-10-11T16:01:05
10.04994	-56.11734	0	47	2021-10-11T16:06:03
10.05069	-56.11832	0	47	2021-10-11T16:11:03
10.05137	-56.11929	0	47	2021-10-11T16:16:28
10.05201	-56.12022	0	47	2021-10-11T16:21:04
10.05265	-56.12125	0	47	2021-10-11T16:26:03
10.05327	-56.12219	0	47	2021-10-11T16:31:02
10.05389	-56.12317	0	47	2021-10-11T16:36:03
10.05453	-56.12411	0	47	2021-10-11T16:41:02
10.05519	-56.12503	0	47	2021-10-11T16:46:04
10.05583	-56.12595	0	47	2021-10-11T16:51:10
10.05646	-56.12683	0	47	2021-10-11T16:56:03
10.05716	-56.12772	0	47	2021-10-11T17:01:03
10.05783	-56.12854	0	47	2021-10-11T17:06:04
10.05854	-56.12942	0	47	2021-10-11T17:11:26
10.05927	-56.13028	0	47	2021-10-11T17:16:26
10.05991	-56.13110	0	47	2021-10-11T17:21:00
10.06064	-56.13196	0	47	2021-10-11T17:26:01
10.06140	-56.13284	0	47	2021-10-11T17:30:58
10.06218	-56.13367	0	47	2021-10-11T17:35:59
10.06299	-56.13452	0	47	2021-10-11T17:40:56
10.06381	-56.13519	0	47	2021-10-11T17:45:56
10.06461	-56.13599	0	47	2021-10-11T17:50:53
10.06548	-56.13684	0	47	2021-10-11T17:55:54
10.06630	-56.13770	0	47	2021-10-11T18:00:54
10.06713	-56.13849	0	47	2021-10-11T18:05:51
10.06805	-56.13931	0	47	2021-10-11T18:10:48
10.06908	-56.14011	0	47	2021-10-11T18:16:25
10.06998	-56.14081	0	47	2021-10-11T18:20:51
10.07080	-56.14142	0	47	2021-10-11T18:25:49
10.07175	-56.14204	0	47	2021-10-11T18:30:49
10.07261	-56.14264	0	47	2021-10-11T18:35:50
10.07353	-56.14322	0	47	2021-10-11T18:40:51
10.07444	-56.14380	0	47	2021-10-11T18:45:48
10.07541	-56.14438	0	47	2021-10-11T18:50:47
10.07625	-56.14502	0	47	2021-10-11T18:55:48
10.07708	-56.14551	0	47	2021-10-11T19:00:49
10.07785	-56.14603	0	47	2021-10-11T19:05:47
10.07865	-56.14654	0	47	2021-10-11T19:10:47
10.07938	-56.14688	0	47	2021-10-11T19:15:46
10.08011	-56.14722	0	47	2021-10-11T19:20:46
10.08086	-56.14777	0	47	2021-10-11T19:25:40
10.08162	-56.14819	0	47	2021-10-11T19:30:40
10.08225	-56.14868	0	47	2021-10-11T19:35:41
10.08290	-56.14914	0	47	2021-10-11T19:40:38
10.08358	-56.14960	0	47	2021-10-11T19:45:39
10.08427	-56.15008	0	47	2021-10-11T19:50:40
10.08491	-56.15051	0	47	2021-10-11T19:55:40
10.08562	-56.15103	0	47	2021-10-11T20:00:40
10.08634	-56.15152	0	47	2021-10-11T20:05:42
10.08709	-56.15195	0	47	2021-10-11T20:10:43
10.08779	-56.15247	0	47	2021-10-11T20:16:10
10.08838	-56.15289	0	47	2021-10-11T20:20:41
10.08904	-56.15332	0	47	2021-10-11T20:25:42
10.08973	-56.15375	0	47	2021-10-11T20:30:42
10.09035	-56.15424	0	47	2021-10-11T20:35:40
10.09101	-56.15475	0	47	2021-10-11T20:40:39
10.09165	-56.15524	0	47	2021-10-11T20:45:45
10.09221	-56.15573	0	47	2021-10-11T20:50:38
10.09279	-56.15619	0	47	2021-10-11T20:55:35
10.09338	-56.15659	0	47	2021-10-11T21:00:40
10.09395	-56.15710	0	47	2021-10-11T21:05:56
10.09442	-56.15744	0	47	2021-10-11T21:10:56
10.09485	-56.15787	0	47	2021-10-11T21:15:55
10.09521	-56.15829	0	47	2021-10-11T21:20:36
10.09560	-56.15869	0	47	2021-10-11T21:25:39
10.09595	-56.15909	0	47	2021-10-11T21:30:38
10.09634	-56.15942	0	47	2021-10-11T21:35:39
10.09666	-56.15979	0	47	2021-10-11T21:40:39
10.09692	-56.16025	0	47	2021-10-11T21:45:40
10.09719	-56.16071	0	47	2021-10-11T21:50:40
10.09739	-56.16116	0	47	2021-10-11T21:55:42
10.09755	-56.16147	0	47	2021-10-11T22:00:39
10.09776	-56.16202	0	47	2021-10-11T22:05:40
10.09796	-56.16251	0	47	2021-10-11T22:10:39
10.09826	-56.16324	0	47	2021-10-11T22:15:38
10.09852	-56.16367	0	47	2021-10-11T22:20:38
10.09875	-56.16425	0	47	2021-10-11T22:25:39
10.09895	-56.16486	0	47	2021-10-11T22:30:39
10.09916	-56.16537	0	47	2021-10-11T22:35:38
10.09930	-56.16599	0	47	2021-10-11T22:40:37
10.09947	-56.16653	0	47	2021-10-11T22:45:35
10.09968	-56.16708	0	47	2021-10-11T22:50:40
10.09984	-56.16773	0	47	2021-10-11T22:55:36
10.10005	-56.16833	0	47	2021-10-11T23:00:36
10.10022	-56.16910	0	47	2021-10-11T23:05:38
10.10071	-56.17041	0	47	2021-10-11T23:15:58
10.10094	-56.17102	0	47	2021-10-11T23:20:41
10.10110	-56.17169	0	47	2021-10-11T23:25:37
10.10136	-56.17245	0	47	2021-10-11T23:30:39
10.10160	-56.17327	0	47	2021-10-11T23:35:43
10.10181	-56.17404	0	47	2021-10-11T23:40:43
10.10203	-56.17487	0	47	2021-10-11T23:45:41
10.10230	-56.17592	0	47	2021-10-11T23:50:45
10.10269	-56.17669	0	47	2021-10-11T23:55:44
10.10312	-56.17746	0	47	2021-10-12T00:00:44
10.10352	-56.17838	0	47	2021-10-12T00:05:44
10.10401	-56.17926	0	47	2021-10-12T00:10:46
10.10493	-56.18100	0	47	2021-10-12T00:20:43
10.10607	-56.18274	0	47	2021-10-12T00:30:45
10.10659	-56.18375	0	47	2021-10-12T00:35:45
10.10719	-56.18478	0	47	2021-10-12T00:40:44
10.10787	-56.18579	0	47	2021-10-12T00:45:46
10.10864	-56.18684	0	47	2021-10-12T00:50:45
10.10928	-56.18787	0	47	2021-10-12T00:55:46
10.10987	-56.18896	0	47	2021-10-12T01:00:47
10.11051	-56.19006	0	47	2021-10-12T01:05:46
10.11120	-56.19119	0	47	2021-10-12T01:10:44
10.11207	-56.19250	0	47	2021-10-12T01:16:26
10.11271	-56.19351	0	47	2021-10-12T01:20:49
10.11341	-56.19464	0	47	2021-10-12T01:25:48
10.11420	-56.19584	0	47	2021-10-12T01:30:50
10.11502	-56.19696	0	47	2021-10-12T01:35:49
10.11590	-56.19815	0	47	2021-10-12T01:40:48
10.11677	-56.19928	0	47	2021-10-12T01:45:50
10.11766	-56.20044	0	47	2021-10-12T01:50:51
10.11862	-56.20154	0	47	2021-10-12T01:55:51
10.11944	-56.20261	0	47	2021-10-12T02:00:53
10.12030	-56.20367	0	47	2021-10-12T02:05:53
10.12126	-56.20471	0	47	2021-10-12T02:10:51
10.12238	-56.20581	0	47	2021-10-12T02:16:26
10.12324	-56.20667	0	47	2021-10-12T02:20:53
10.12430	-56.20770	0	47	2021-10-12T02:25:53
10.12529	-56.20856	0	47	2021-10-12T02:30:54
10.12624	-56.20941	0	47	2021-10-12T02:35:55
10.12714	-56.21030	0	47	2021-10-12T02:40:58
10.12811	-56.21114	0	47	2021-10-12T02:45:54
10.12897	-56.21191	0	47	2021-10-12T02:50:54
10.12983	-56.21268	0	47	2021-10-12T02:55:55
10.13075	-56.21350	0	47	2021-10-12T03:00:52
10.13163	-56.21426	0	47	2021-10-12T03:05:53
10.13247	-56.21506	0	47	2021-10-12T03:10:52
10.13424	-56.21652	0	47	2021-10-12T03:20:55
10.13589	-56.21819	0	47	2021-10-12T03:30:50
10.13679	-56.21905	0	47	2021-10-12T03:35:50
10.13761	-56.21982	0	47	2021-10-12T03:40:51
10.13843	-56.22055	0	47	2021-10-12T03:45:52
10.13927	-56.22134	0	47	2021-10-12T03:50:51
10.14016	-56.22208	0	47	2021-10-12T03:55:50
10.14095	-56.22278	0	47	2021-10-12T04:00:49
10.14175	-56.22345	0	47	2021-10-12T04:05:48
10.14256	-56.22409	0	47	2021-10-12T04:10:49
10.14337	-56.22473	0	47	2021-10-12T04:16:08
10.14417	-56.22525	0	47	2021-10-12T04:20:47
10.14499	-56.22589	0	47	2021-10-12T04:25:46
10.14563	-56.22647	0	47	2021-10-12T04:30:44
10.14635	-56.22708	0	47	2021-10-12T04:35:44
10.14703	-56.22775	0	47	2021-10-12T04:40:42
10.14776	-56.22836	0	47	2021-10-12T04:45:42
10.14850	-56.22901	0	47	2021-10-12T04:50:40
10.14919	-56.22952	0	47	2021-10-12T04:55:40
10.14983	-56.22995	0	47	2021-10-12T05:00:41
10.15052	-56.23050	0	47	2021-10-12T05:05:42
10.15119	-56.23102	0	47	2021-10-12T05:10:43
10.15181	-56.23160	0	47	2021-10-12T05:16:08
10.15239	-56.23196	0	47	2021-10-12T05:20:41
10.15300	-56.23248	0	47	2021-10-12T05:25:42
10.15364	-56.23297	0	47	2021-10-12T05:30:39
10.15431	-56.23353	0	47	2021-10-12T05:35:40
10.15495	-56.23404	0	47	2021-10-12T05:40:40
10.15568	-56.23447	0	47	2021-10-12T05:45:41
10.15635	-56.23502	0	47	2021-10-12T05:50:38
10.15701	-56.23547	0	47	2021-10-12T05:55:38
10.15761	-56.23590	0	47	2021-10-12T06:00:37
10.15813	-56.23645	0	47	2021-10-12T06:05:38
10.15862	-56.23697	0	47	2021-10-12T06:10:38
10.15918	-56.23761	0	47	2021-10-12T06:15:57
10.15963	-56.23813	0	47	2021-10-12T06:20:33
10.16016	-56.23868	0	47	2021-10-12T06:25:33
10.16063	-56.23920	0	47	2021-10-12T06:30:30
10.16108	-56.23978	0	47	2021-10-12T06:35:34
10.16154	-56.24039	0	47	2021-10-12T06:40:34
10.16199	-56.24100	0	47	2021-10-12T06:45:36
10.16245	-56.24167	0	47	2021-10-12T06:50:37
10.16292	-56.24231	0	47	2021-10-12T06:55:38
10.16336	-56.24301	0	47	2021-10-12T07:00:42
10.16419	-56.24437	0	47	2021-10-12T07:10:36
10.16466	-56.24514	0	47	2021-10-12T07:15:37
10.16509	-56.24591	0	47	2021-10-12T07:20:37
10.16557	-56.24682	0	47	2021-10-12T07:25:35
10.16600	-56.24759	0	47	2021-10-12T07:30:36
10.16648	-56.24844	0	47	2021-10-12T07:35:37
10.16695	-56.24927	0	47	2021-10-12T07:40:34
10.16748	-56.25009	0	47	2021-10-12T07:45:41
10.16801	-56.25089	0	47	2021-10-12T07:50:32
10.16861	-56.25156	0	47	2021-10-12T07:55:32
10.16914	-56.25229	0	47	2021-10-12T08:00:32
10.16964	-56.25306	0	47	2021-10-12T08:05:29
10.17007	-56.25375	0	47	2021-10-12T08:10:28
10.17057	-56.25461	0	47	2021-10-12T08:15:55
10.17099	-56.25534	0	47	2021-10-12T08:20:28
10.17140	-56.25620	0	47	2021-10-12T08:25:29
10.17179	-56.25713	0	47	2021-10-12T08:30:24
10.17218	-56.25790	0	47	2021-10-12T08:35:24
10.17246	-56.25879	0	47	2021-10-12T08:40:28
10.17274	-56.25958	0	47	2021-10-12T08:45:25
10.17301	-56.26041	0	47	2021-10-12T08:50:22
10.17322	-56.26123	0	47	2021-10-12T08:55:21
10.17351	-56.26202	0	47	2021-10-12T09:00:19
10.17384	-56.26297	0	47	2021-10-12T09:05:56
10.17420	-56.26370	0	47	2021-10-12T09:10:19
10.17462	-56.26468	0	47	2021-10-12T09:15:55
10.17501	-56.26544	0	47	2021-10-12T09:20:19
10.17540	-56.26636	0	47	2021-10-12T09:25:17
10.17581	-56.26724	0	47	2021-10-12T09:30:19
10.17628	-56.26816	0	47	2021-10-12T09:35:22
10.17670	-56.26901	0	47	2021-10-12T09:40:20
10.17714	-56.26978	0	47	2021-10-12T09:45:23
10.17752	-56.27054	0	47	2021-10-12T09:50:21
10.17797	-56.27147	0	47	2021-10-12T09:55:25
10.17831	-56.27224	0	47	2021-10-12T10:00:24
10.17870	-56.27310	0	47	2021-10-12T10:05:24
10.17906	-56.27402	0	47	2021-10-12T10:10:24
10.17935	-56.27509	0	47	2021-10-12T10:15:57
10.17963	-56.27576	0	47	2021-10-12T10:20:23
10.17995	-56.27652	0	47	2021-10-12T10:25:24
10.18027	-56.27734	0	47	2021-10-12T10:30:21
10.18066	-56.27817	0	47	2021-10-12T10:35:19
10.18108	-56.27902	0	47	2021-10-12T10:40:21
10.18147	-56.27982	0	47	2021-10-12T10:45:22
10.18189	-56.28067	0	47	2021-10-12T10:50:20
10.18235	-56.28152	0	47	2021-10-12T10:55:20
10.18282	-56.28229	0	47	2021-10-12T11:00:19
10.18334	-56.28317	0	47	2021-10-12T11:05:19
10.18379	-56.28406	0	47	2021-10-12T11:10:17
10.18491	-56.28560	0	47	2021-10-12T11:20:21
10.18534	-56.28646	0	47	2021-10-12T11:25:22
10.18573	-56.28732	0	47	2021-10-12T11:30:22
10.18612	-56.28827	0	47	2021-10-12T11:35:20
10.18653	-56.28928	0	47	2021-10-12T11:40:20
10.18692	-56.29028	0	47	2021-10-12T11:45:22
10.18745	-56.29128	0	47	2021-10-12T11:50:23
10.18779	-56.29214	0	47	2021-10-12T11:55:23
10.18828	-56.29291	0	47	2021-10-12T12:00:25
10.18868	-56.29382	0	47	2021-10-12T12:05:28
10.18908	-56.29477	0	47	2021-10-12T12:10:29
10.18940	-56.29608	0	47	2021-10-12T12:16:13
10.18981	-56.29694	0	47	2021-10-12T12:20:24
10.19032	-56.29794	0	47	2021-10-12T12:25:26
10.19082	-56.29901	0	47	2021-10-12T12:30:26
10.19133	-56.30005	0	47	2021-10-12T12:35:27
10.19190	-56.30112	0	47	2021-10-12T12:40:27
10.19242	-56.30219	0	47	2021-10-12T12:45:28
10.19293	-56.30334	0	47	2021-10-12T12:50:28
10.19341	-56.30460	0	47	2021-10-12T12:55:30
10.19395	-56.30585	0	47	2021-10-12T13:00:30
10.19445	-56.30707	0	47	2021-10-12T13:05:36
10.19506	-56.30846	0	47	2021-10-12T13:10:56
10.19553	-56.30975	0	47	2021-10-12T13:15:57
10.19599	-56.31094	0	47	2021-10-12T13:20:35
10.19648	-56.31226	0	47	2021-10-12T13:25:35
10.19708	-56.31368	0	47	2021-10-12T13:30:36
10.19759	-56.31488	0	47	2021-10-12T13:35:36
10.19820	-56.31619	0	47	2021-10-12T13:40:38
10.19876	-56.31741	0	47	2021-10-12T13:45:39
10.19944	-56.31873	0	47	2021-10-12T13:50:38
10.20003	-56.32007	0	47	2021-10-12T13:55:39
10.20076	-56.32135	0	47	2021-10-12T14:00:41
10.20281	-56.32544	0	47	2021-10-12T14:15:56
10.20354	-56.32687	0	47	2021-10-12T14:20:41
10.20416	-56.32816	0	47	2021-10-12T14:25:38
10.20481	-56.32951	0	47	2021-10-12T14:30:39
10.20537	-56.33080	0	47	2021-10-12T14:35:40
10.20588	-56.33209	0	47	2021-10-12T14:40:40
10.20641	-56.33363	0	47	2021-10-12T14:45:38
10.20688	-56.33492	0	47	2021-10-12T14:50:38
10.20739	-56.33621	0	47	2021-10-12T14:55:38
10.20790	-56.33762	0	47	2021-10-12T15:00:35
10.20848	-56.33899	0	47	2021-10-12T15:05:37
10.20914	-56.34048	0	47	2021-10-12T15:10:38
10.21005	-56.34177	0	47	2021-10-12T15:16:12
10.21047	-56.34314	0	47	2021-10-12T15:20:38
10.21131	-56.34442	0	47	2021-10-12T15:25:53
10.21189	-56.34592	0	47	2021-10-12T15:30:52
10.21252	-56.34738	0	47	2021-10-12T15:35:50
10.21314	-56.34885	0	47	2021-10-12T15:41:10
10.21353	-56.35043	0	47	2021-10-12T15:46:04
10.21467	-56.35297	0	47	2021-10-12T15:55:34
10.21536	-56.35433	0	47	2021-10-12T16:00:35
10.21605	-56.35562	0	47	2021-10-12T16:05:35
10.21681	-56.35690	0	47	2021-10-12T16:10:36
10.21902	-56.36127	0	47	2021-10-12T16:25:39
10.21974	-56.36270	0	47	2021-10-12T16:30:41
10.22055	-56.36401	0	47	2021-10-12T16:35:41
10.22134	-56.36539	0	47	2021-10-12T16:40:42
10.22215	-56.36682	0	47	2021-10-12T16:45:43
10.22292	-56.36826	0	47	2021-10-12T16:50:43
10.22368	-56.36966	0	47	2021-10-12T16:55:43
10.22448	-56.37102	0	47	2021-10-12T17:00:46
10.22521	-56.37231	0	47	2021-10-12T17:05:46
10.22595	-56.37363	0	47	2021-10-12T17:10:44
10.22686	-56.37506	0	47	2021-10-12T17:16:07
10.22768	-56.37631	0	47	2021-10-12T17:20:45
10.22855	-56.37775	0	47	2021-10-12T17:25:46
10.22939	-56.37912	0	47	2021-10-12T17:30:45
10.23025	-56.38055	0	47	2021-10-12T17:35:43
10.23101	-56.38205	0	47	2021-10-12T17:40:44
10.23180	-56.38351	0	47	2021-10-12T17:45:42
10.23254	-56.38492	0	47	2021-10-12T17:50:43
10.23334	-56.38644	0	47	2021-10-12T17:55:46
10.23411	-56.38797	0	47	2021-10-12T18:00:41
10.23488	-56.38934	0	47	2021-10-12T18:05:41
10.23571	-56.39084	0	47	2021-10-12T18:10:44
10.23663	-56.39243	0	47	2021-10-12T18:16:09
10.23736	-56.39380	0	47	2021-10-12T18:20:47
10.23817	-56.39526	0	47	2021-10-12T18:25:44
10.23899	-56.39670	0	47	2021-10-12T18:30:45
10.23979	-56.39807	0	47	2021-10-12T18:35:45
10.24060	-56.39923	0	47	2021-10-12T18:40:47
10.24149	-56.40051	0	47	2021-10-12T18:45:48
10.24230	-56.40173	0	47	2021-10-12T18:50:51
10.24307	-56.40295	0	47	2021-10-12T18:55:49
10.24386	-56.40424	0	47	2021-10-12T19:00:49
10.24467	-56.40552	0	47	2021-10-12T19:05:51
10.24536	-56.40674	0	47	2021-10-12T19:10:49
10.24624	-56.40803	0	47	2021-10-12T19:15:50
10.24622	-56.40796	0	47	2021-10-12T19:16:28
10.24684	-56.40897	0	47	2021-10-12T19:20:50
10.24762	-56.41013	0	47	2021-10-12T19:25:51
10.24832	-56.41125	0	47	2021-10-12T19:30:52
10.24899	-56.41232	0	47	2021-10-12T19:35:49
10.24957	-56.41336	0	47	2021-10-12T19:40:49
10.25006	-56.41440	0	47	2021-10-12T19:45:47
10.25049	-56.41534	0	47	2021-10-12T19:50:47
10.25097	-56.41626	0	47	2021-10-12T19:55:48
10.25153	-56.41714	0	47	2021-10-12T20:00:49
10.25194	-56.41803	0	47	2021-10-12T20:05:49
10.25199	-56.41812	0	47	2021-10-12T20:06:27
10.25238	-56.41898	0	47	2021-10-12T20:11:26
10.25259	-56.42010	0	47	2021-10-12T20:16:26
10.25282	-56.42096	0	47	2021-10-12T20:20:45
10.25315	-56.42191	0	47	2021-10-12T20:25:46
10.25336	-56.42294	0	47	2021-10-12T20:30:46
10.25351	-56.42392	0	47	2021-10-12T20:35:47
10.25374	-56.42493	0	47	2021-10-12T20:40:48
10.25392	-56.42590	0	47	2021-10-12T20:45:46
10.25406	-56.42679	0	47	2021-10-12T20:50:46
10.25419	-56.42767	0	47	2021-10-12T20:55:46
10.25436	-56.42853	0	47	2021-10-12T21:00:46
10.25457	-56.42929	0	47	2021-10-12T21:05:48
10.25478	-56.43017	0	47	2021-10-12T21:11:24
10.25491	-56.43094	0	47	2021-10-12T21:16:25
10.25496	-56.43173	0	47	2021-10-12T21:20:51
10.25500	-56.43262	0	47	2021-10-12T21:25:49
10.25509	-56.43341	0	47	2021-10-12T21:30:48
10.25508	-56.43420	0	47	2021-10-12T21:35:49
10.25508	-56.43506	0	47	2021-10-12T21:40:50
10.25520	-56.43579	0	47	2021-10-12T21:45:48
10.25534	-56.43655	0	47	2021-10-12T21:50:49
10.25547	-56.43732	0	47	2021-10-12T21:55:48
10.25551	-56.43796	0	47	2021-10-12T22:00:47
10.25545	-56.43863	0	47	2021-10-12T22:05:47
10.25534	-56.43927	0	47	2021-10-12T22:10:49
10.25515	-56.43985	0	47	2021-10-12T22:16:28
10.25499	-56.44041	0	47	2021-10-12T22:20:50
10.25495	-56.44092	0	47	2021-10-12T22:25:51
10.25495	-56.44165	0	47	2021-10-12T22:30:50
10.25487	-56.44235	0	47	2021-10-12T22:35:51
10.25474	-56.44316	0	47	2021-10-12T22:40:49
10.25470	-56.44385	0	47	2021-10-12T22:45:49
10.25454	-56.44455	0	47	2021-10-12T22:50:47
10.25438	-56.44519	0	47	2021-10-12T22:55:49
10.25431	-56.44580	0	47	2021-10-12T23:00:44
10.25418	-56.44641	0	47	2021-10-12T23:05:43
10.25409	-56.44705	0	47	2021-10-12T23:10:43
10.25390	-56.44787	0	47	2021-10-12T23:15:44
10.25374	-56.44843	0	47	2021-10-12T23:20:45
10.25356	-56.44907	0	47	2021-10-12T23:25:44
10.25337	-56.44974	0	47	2021-10-12T23:30:42
10.25311	-56.45038	0	47	2021-10-12T23:35:43
10.25286	-56.45102	0	47	2021-10-12T23:40:44
10.25261	-56.45160	0	47	2021-10-12T23:45:41
10.25238	-56.45215	0	47	2021-10-12T23:50:41
10.25178	-56.45328	0	47	2021-10-13T00:00:43
10.25170	-56.45392	0	47	2021-10-13T00:05:41
10.25155	-56.45462	0	47	2021-10-13T00:10:42
10.25145	-56.45520	0	47	2021-10-13T00:15:58
10.25129	-56.45585	0	47	2021-10-13T00:20:54
10.25120	-56.45645	0	47	2021-10-13T00:25:53
10.25111	-56.45710	0	47	2021-10-13T00:30:53
10.25107	-56.45761	0	47	2021-10-13T00:35:53
10.25104	-56.45813	0	47	2021-10-13T00:40:51
10.25103	-56.45862	0	47	2021-10-13T00:45:52
10.25095	-56.45907	0	47	2021-10-13T00:50:40
10.25091	-56.45950	0	47	2021-10-13T00:55:39
10.25084	-56.45993	0	47	2021-10-13T01:00:38
10.25081	-56.46045	0	47	2021-10-13T01:05:39
10.25083	-56.46100	0	47	2021-10-13T01:10:36
10.25077	-56.46161	0	47	2021-10-13T01:15:59
10.25067	-56.46219	0	47	2021-10-13T01:20:34
10.25061	-56.46274	0	47	2021-10-13T01:25:32
10.25065	-56.46332	0	47	2021-10-13T01:30:29
10.25063	-56.46384	0	47	2021-10-13T01:35:30
10.25063	-56.46442	0	47	2021-10-13T01:40:27
10.25051	-56.46497	0	47	2021-10-13T01:45:28
10.25041	-56.46548	0	47	2021-10-13T01:50:25
10.25041	-56.46619	0	47	2021-10-13T01:55:25
10.25014	-56.46671	0	47	2021-10-13T02:00:23
10.24983	-56.46722	0	47	2021-10-13T02:05:23
10.24955	-56.46793	0	47	2021-10-13T02:10:20
10.24921	-56.46862	0	47	2021-10-13T02:15:20
10.24895	-56.46896	0	47	2021-10-13T02:20:19
10.24879	-56.46951	0	47	2021-10-13T02:25:22
10.24870	-56.47012	0	47	2021-10-13T02:30:24
10.24858	-56.47064	0	47	2021-10-13T02:35:24
10.24854	-56.47116	0	47	2021-10-13T02:40:22
10.24827	-56.47224	0	47	2021-10-13T02:50:23
10.24812	-56.47266	0	47	2021-10-13T02:55:27
10.24793	-56.47318	0	47	2021-10-13T03:00:24
10.24778	-56.47372	0	47	2021-10-13T03:05:25
10.24778	-56.47418	0	47	2021-10-13T03:10:22
10.24783	-56.47479	0	47	2021-10-13T03:15:58
10.24783	-56.47529	0	47	2021-10-13T03:20:25
10.24770	-56.47589	0	47	2021-10-13T03:25:25
10.24755	-56.47659	0	47	2021-10-13T03:30:22
10.24741	-56.47723	0	47	2021-10-13T03:35:23
10.24721	-56.47799	0	47	2021-10-13T03:40:16
10.24704	-56.47850	0	47	2021-10-13T03:45:17
10.24683	-56.47910	0	47	2021-10-13T03:50:17
10.24662	-56.47974	0	47	2021-10-13T03:55:18
10.24629	-56.48047	0	47	2021-10-13T04:01:01
10.24609	-56.48099	0	47	2021-10-13T04:05:17
10.24590	-56.48169	0	47	2021-10-13T04:10:16
10.24573	-56.48239	0	47	2021-10-13T04:15:56
10.24559	-56.48292	0	47	2021-10-13T04:20:16
10.24542	-56.48343	0	47	2021-10-13T04:25:16
10.24527	-56.48395	0	47	2021-10-13T04:30:19
10.24503	-56.48447	0	47	2021-10-13T04:35:17
10.24480	-56.48495	0	47	2021-10-13T04:40:18
10.24457	-56.48544	0	47	2021-10-13T04:45:16
10.24445	-56.48596	0	47	2021-10-13T04:50:15
10.24417	-56.48645	0	47	2021-10-13T04:55:17
10.24392	-56.48705	0	47	2021-10-13T05:00:17
10.24366	-56.48765	0	47	2021-10-13T05:05:16
10.24345	-56.48825	0	47	2021-10-13T05:10:16
10.24316	-56.48895	0	47	2021-10-13T05:15:39
10.24289	-56.48959	0	47	2021-10-13T05:20:17
10.24272	-56.49036	0	47	2021-10-13T05:25:17
10.24261	-56.49103	0	47	2021-10-13T05:30:15
10.24259	-56.49181	0	47	2021-10-13T05:35:12
10.24261	-56.49246	0	47	2021-10-13T05:40:14
10.24259	-56.49319	0	47	2021-10-13T05:45:11
10.24267	-56.49399	0	47	2021-10-13T05:50:11
10.24283	-56.49481	0	47	2021-10-13T05:55:12
10.24302	-56.49570	0	47	2021-10-13T06:00:10
10.24321	-56.49658	0	47	2021-10-13T06:05:06
10.24336	-56.49744	0	47	2021-10-13T06:10:07
10.24356	-56.49854	0	47	2021-10-13T06:15:24
10.24384	-56.49960	0	47	2021-10-13T06:20:09
10.24407	-56.50067	0	47	2021-10-13T06:25:08
10.24434	-56.50159	0	47	2021-10-13T06:30:10
10.24464	-56.50250	0	47	2021-10-13T06:35:11
10.24489	-56.50345	0	47	2021-10-13T06:40:11
10.24512	-56.50424	0	47	2021-10-13T06:45:13
10.24525	-56.50500	0	47	2021-10-13T06:50:13
10.24529	-56.50577	0	47	2021-10-13T06:55:12
10.24528	-56.50647	0	47	2021-10-13T07:00:11
10.24528	-56.50726	0	47	2021-10-13T07:05:12
10.24529	-56.50815	0	47	2021-10-13T07:10:13
10.24535	-56.50903	0	47	2021-10-13T07:15:38
10.24543	-56.50974	0	47	2021-10-13T07:20:14
10.24545	-56.51050	0	47	2021-10-13T07:25:12
10.24544	-56.51132	0	47	2021-10-13T07:30:12
10.24542	-56.51221	0	47	2021-10-13T07:35:17
10.24548	-56.51315	0	47	2021-10-13T07:40:12
10.24551	-56.51407	0	47	2021-10-13T07:45:15
10.24550	-56.51505	0	47	2021-10-13T07:50:13
10.24552	-56.51608	0	47	2021-10-13T07:55:18
10.24547	-56.51736	0	47	2021-10-13T08:01:00
10.24548	-56.51831	0	47	2021-10-13T08:05:16
10.24554	-56.51935	0	47	2021-10-13T08:10:16
10.24557	-56.52060	0	47	2021-10-13T08:15:54
10.24559	-56.52145	0	47	2021-10-13T08:20:17
10.24553	-56.52243	0	47	2021-10-13T08:25:19
10.24556	-56.52357	0	47	2021-10-13T08:30:16
10.24556	-56.52451	0	47	2021-10-13T08:35:16
10.24547	-56.52554	0	47	2021-10-13T08:40:17
10.24528	-56.52655	0	47	2021-10-13T08:45:18
10.24506	-56.52759	0	47	2021-10-13T08:50:16
10.24497	-56.52863	0	47	2021-10-13T08:55:17
10.24475	-56.52954	0	47	2021-10-13T09:00:16
10.24446	-56.53053	0	47	2021-10-13T09:05:14
10.24416	-56.53156	0	47	2021-10-13T09:10:15
10.24374	-56.53275	0	47	2021-10-13T09:15:15
10.24374	-56.53282	0	47	2021-10-13T09:15:16
10.24361	-56.53369	0	47	2021-10-13T09:20:16
10.24361	-56.53376	0	47	2021-10-13T09:20:16
10.24335	-56.53479	0	47	2021-10-13T09:25:17
10.24296	-56.53589	0	47	2021-10-13T09:30:18
10.24270	-56.53683	0	47	2021-10-13T09:35:18
10.24223	-56.53796	0	47	2021-10-13T09:40:16
10.24206	-56.53908	0	47	2021-10-13T09:45:17
10.24206	-56.54037	0	47	2021-10-13T09:50:17
10.24204	-56.54153	0	47	2021-10-13T09:55:19
10.24199	-56.54269	0	47	2021-10-13T10:00:18
10.24193	-56.54379	0	47	2021-10-13T10:05:24
10.24199	-56.54486	0	47	2021-10-13T10:10:18
10.24207	-56.54599	0	47	2021-10-13T10:15:57
10.24208	-56.54688	0	47	2021-10-13T10:20:20
10.24201	-56.54783	0	47	2021-10-13T10:25:21
10.24192	-56.54877	0	47	2021-10-13T10:30:21
10.24194	-56.54974	0	47	2021-10-13T10:35:22
10.24203	-56.55080	0	47	2021-10-13T10:40:21
10.24212	-56.55192	0	47	2021-10-13T10:45:20
10.24216	-56.55295	0	47	2021-10-13T10:50:20
10.24214	-56.55396	0	47	2021-10-13T10:55:21
10.24216	-56.55496	0	47	2021-10-13T11:00:23
10.24221	-56.55595	0	47	2021-10-13T11:05:22
10.24221	-56.55698	0	47	2021-10-13T11:10:21
10.24220	-56.55811	0	47	2021-10-13T11:15:55
10.24214	-56.55902	0	47	2021-10-13T11:20:21
10.24210	-56.56010	0	47	2021-10-13T11:25:26
10.24210	-56.56113	0	47	2021-10-13T11:30:27
10.24217	-56.56219	0	47	2021-10-13T11:35:24
10.24224	-56.56326	0	47	2021-10-13T11:40:28
10.24244	-56.56436	0	47	2021-10-13T11:45:29
10.24256	-56.56540	0	47	2021-10-13T11:50:31
10.24269	-56.56638	0	47	2021-10-13T11:55:31
10.24269	-56.56720	0	47	2021-10-13T12:00:33
10.24261	-56.56827	0	47	2021-10-13T12:05:33
10.24256	-56.56943	0	47	2021-10-13T12:10:37
10.24291	-56.57077	0	47	2021-10-13T12:15:55
10.24327	-56.57175	0	47	2021-10-13T12:20:36
10.24364	-56.57269	0	47	2021-10-13T12:25:36
10.24394	-56.57346	0	47	2021-10-13T12:30:37
10.24428	-56.57428	0	47	2021-10-13T12:35:34
10.24450	-56.57501	0	47	2021-10-13T12:40:35
10.24471	-56.57581	0	47	2021-10-13T12:45:36
10.24516	-56.57730	0	47	2021-10-13T12:55:35
10.24533	-56.57867	0	47	2021-10-13T13:05:35
10.24548	-56.57941	0	47	2021-10-13T13:10:36
10.24548	-56.58018	0	47	2021-10-13T13:15:37
10.24539	-56.58087	0	47	2021-10-13T13:20:37
10.24515	-56.58151	0	47	2021-10-13T13:25:38
10.24474	-56.58208	0	47	2021-10-13T13:30:43
10.24448	-56.58268	0	47	2021-10-13T13:35:42
10.24418	-56.58328	0	47	2021-10-13T13:40:42
10.24376	-56.58389	0	47	2021-10-13T13:45:30
10.24325	-56.58441	0	47	2021-10-13T13:50:31
10.24269	-56.58484	0	47	2021-10-13T13:55:29
10.24197	-56.58533	0	47	2021-10-13T14:00:29
10.24134	-56.58585	0	47	2021-10-13T14:05:31
10.24017	-56.58672	0	47	2021-10-13T14:15:28
10.23963	-56.58722	0	47	2021-10-13T14:20:33
10.23905	-56.58774	0	47	2021-10-13T14:25:29
10.23845	-56.58820	0	47	2021-10-13T14:30:30
10.23775	-56.58881	0	47	2021-10-13T14:35:21
10.23706	-56.58932	0	47	2021-10-13T14:40:21
10.23627	-56.58997	0	47	2021-10-13T14:45:25
10.23558	-56.59060	0	47	2021-10-13T14:50:22
10.23498	-56.59129	0	47	2021-10-13T14:55:21
10.23416	-56.59198	0	47	2021-10-13T15:00:21
10.23350	-56.59271	0	47	2021-10-13T15:05:24
10.23261	-56.59363	0	47	2021-10-13T15:10:22
10.23172	-56.59436	0	47	2021-10-13T15:16:12
10.23107	-56.59500	0	47	2021-10-13T15:20:21
10.23003	-56.59594	0	47	2021-10-13T15:25:24
10.22934	-56.59671	0	47	2021-10-13T15:30:23
10.22856	-56.59747	0	47	2021-10-13T15:35:22
10.22776	-56.59842	0	47	2021-10-13T15:40:53
10.22712	-56.59915	0	47	2021-10-13T15:45:21
10.22646	-56.59998	0	47	2021-10-13T15:50:19
10.22575	-56.60080	0	47	2021-10-13T15:55:18
10.22501	-56.60162	0	47	2021-10-13T16:00:19
10.22425	-56.60246	0	47	2021-10-13T16:05:17
10.22348	-56.60315	0	47	2021-10-13T16:10:17
10.22259	-56.60400	0	47	2021-10-13T16:15:54
10.22186	-56.60464	0	47	2021-10-13T16:20:18
10.22102	-56.60535	0	47	2021-10-13T16:25:20
10.22032	-56.60605	0	47	2021-10-13T16:30:16
10.21947	-56.60681	0	47	2021-10-13T16:35:19
10.21859	-56.60754	0	47	2021-10-13T16:40:15
10.21780	-56.60831	0	47	2021-10-13T16:45:16
10.21716	-56.60916	0	47	2021-10-13T16:50:13
10.21646	-56.61005	0	47	2021-10-13T16:55:16
10.21585	-56.61099	0	47	2021-10-13T17:00:15
10.21518	-56.61185	0	47	2021-10-13T17:05:14
10.21456	-56.61279	0	47	2021-10-13T17:10:16
10.21388	-56.61380	0	47	2021-10-13T17:15:36
10.21321	-56.61472	0	47	2021-10-13T17:20:14
10.21259	-56.61572	0	47	2021-10-13T17:25:11
10.21192	-56.61670	0	47	2021-10-13T17:30:14
10.21123	-56.61762	0	47	2021-10-13T17:35:13
10.21054	-56.61865	0	47	2021-10-13T17:40:13
10.20983	-56.61967	0	47	2021-10-13T17:45:10
10.20914	-56.62061	0	47	2021-10-13T17:50:10
10.20846	-56.62167	0	47	2021-10-13T17:55:12
10.20773	-56.62268	0	47	2021-10-13T18:00:09
10.20699	-56.62366	0	47	2021-10-13T18:05:10
10.20613	-56.62466	0	47	2021-10-13T18:10:10
10.20515	-56.62570	0	47	2021-10-13T18:15:26
10.20434	-56.62678	0	47	2021-10-13T18:20:11
10.20437	-56.62671	0	47	2021-10-13T18:20:13
10.20357	-56.62772	0	47	2021-10-13T18:25:10
10.20284	-56.62869	0	47	2021-10-13T18:30:11
10.20213	-56.62970	0	47	2021-10-13T18:35:11
10.20141	-56.63070	0	47	2021-10-13T18:40:09
10.20072	-56.63156	0	47	2021-10-13T18:45:09
10.19993	-56.63261	0	47	2021-10-13T18:50:10
10.19925	-56.63361	0	47	2021-10-13T18:55:10
10.19864	-56.63467	0	47	2021-10-13T19:00:11
10.19798	-56.63571	0	47	2021-10-13T19:05:09
10.19740	-56.63675	0	47	2021-10-13T19:10:10
10.19700	-56.63782	0	47	2021-10-13T19:15:34
10.19658	-56.63873	0	47	2021-10-13T19:20:11
10.19604	-56.63968	0	47	2021-10-13T19:25:09
10.19555	-56.64066	0	47	2021-10-13T19:30:12
10.19503	-56.64166	0	47	2021-10-13T19:35:14
10.19457	-56.64276	0	47	2021-10-13T19:40:15
10.19415	-56.64386	0	47	2021-10-13T19:45:14
10.19361	-56.64496	0	47	2021-10-13T19:51:23
10.19318	-56.64599	0	47	2021-10-13T19:56:23
10.19262	-56.64719	0	47	2021-10-13T20:01:24
10.19227	-56.64795	0	47	2021-10-13T20:05:11
10.19171	-56.64905	0	47	2021-10-13T20:10:12
10.19115	-56.65015	0	47	2021-10-13T20:15:37
10.19060	-56.65118	0	47	2021-10-13T20:20:14
10.19013	-56.65216	0	47	2021-10-13T20:25:12
10.18960	-56.65320	0	47	2021-10-13T20:30:12
10.18900	-56.65427	0	47	2021-10-13T20:35:12
10.18844	-56.65521	0	47	2021-10-13T20:40:12
10.18795	-56.65625	0	47	2021-10-13T20:45:11
10.18746	-56.65726	0	47	2021-10-13T20:50:14
10.18629	-56.65944	0	47	2021-10-13T21:00:09
10.18583	-56.66049	0	47	2021-10-13T21:05:11
10.18522	-56.66159	0	47	2021-10-13T21:10:10
10.18448	-56.66281	0	47	2021-10-13T21:15:39
10.18380	-56.66393	0	47	2021-10-13T21:20:15
10.18320	-56.66496	0	47	2021-10-13T21:25:14
10.18256	-56.66599	0	47	2021-10-13T21:30:14
10.18192	-56.66711	0	47	2021-10-13T21:35:12
10.18132	-56.66824	0	47	2021-10-13T21:40:12
10.18068	-56.66940	0	47	2021-10-13T21:45:13
10.18014	-56.67047	0	47	2021-10-13T21:50:17
10.17965	-56.67157	0	47	2021-10-13T21:55:15
10.17916	-56.67270	0	47	2021-10-13T22:00:15
10.17871	-56.67377	0	47	2021-10-13T22:05:15
10.17824	-56.67505	0	47	2021-10-13T22:10:16
10.17782	-56.67651	0	47	2021-10-13T22:15:38
10.17749	-56.67786	0	47	2021-10-13T22:20:15
10.17712	-56.67939	0	47	2021-10-13T22:25:15
10.17678	-56.68076	0	47	2021-10-13T22:30:14
10.17651	-56.68219	0	47	2021-10-13T22:35:13
10.17627	-56.68359	0	47	2021-10-13T22:40:15
10.17613	-56.68514	0	47	2021-10-13T22:45:12
10.17596	-56.68626	0	47	2021-10-13T22:50:13
10.17596	-56.68729	0	47	2021-10-13T22:55:13
10.17596	-56.68842	0	47	2021-10-13T23:00:13
10.17599	-56.68952	0	47	2021-10-13T23:05:11
10.17599	-56.69064	0	47	2021-10-13T23:10:11
10.17594	-56.69174	0	47	2021-10-13T23:15:27
10.17588	-56.69275	0	47	2021-10-13T23:20:09
10.17588	-56.69376	0	47	2021-10-13T23:25:08
10.17588	-56.69479	0	47	2021-10-13T23:30:08
10.17582	-56.69583	0	47	2021-10-13T23:35:11
10.17578	-56.69687	0	47	2021-10-13T23:40:10
10.17568	-56.69792	0	47	2021-10-13T23:45:11
10.17559	-56.69904	0	47	2021-10-13T23:50:11
10.17548	-56.70002	0	47	2021-10-13T23:55:09
10.17531	-56.70096	0	47	2021-10-14T00:00:09
10.17526	-56.70190	0	47	2021-10-14T00:05:10
10.17512	-56.70282	0	47	2021-10-14T00:10:10
10.17501	-56.70382	0	47	2021-10-14T00:15:04
10.17484	-56.70468	0	47	2021-10-14T00:20:04
10.17427	-56.70668	0	47	2021-10-14T00:30:03
10.17397	-56.70745	0	47	2021-10-14T00:35:03
10.17367	-56.70822	0	47	2021-10-14T00:40:03
10.17349	-56.70895	0	47	2021-10-14T00:45:05
10.17320	-56.70959	0	47	2021-10-14T00:50:05
10.17281	-56.71043	0	47	2021-10-14T00:55:06
10.17251	-56.71103	0	47	2021-10-14T01:00:05
10.17219	-56.71182	0	47	2021-10-14T01:05:06
10.17177	-56.71262	0	47	2021-10-14T01:10:05
10.17131	-56.71339	0	47	2021-10-14T01:15:03
10.17088	-56.71399	0	47	2021-10-14T01:20:04
10.17043	-56.71472	0	47	2021-10-14T01:25:05
10.17008	-56.71545	0	47	2021-10-14T01:30:04
10.16971	-56.71624	0	47	2021-10-14T01:35:05
10.16937	-56.71701	0	47	2021-10-14T01:40:04
10.16910	-56.71794	0	47	2021-10-14T01:45:08
10.16893	-56.71863	0	47	2021-10-14T01:50:08
10.16864	-56.71936	0	47	2021-10-14T01:55:17
10.16832	-56.72012	0	47	2021-10-14T02:00:11
10.16801	-56.72101	0	47	2021-10-14T02:05:11
10.16773	-56.72186	0	47	2021-10-14T02:10:13
10.16733	-56.72282	0	47	2021-10-14T02:15:14
10.16707	-56.72351	0	47	2021-10-14T02:20:14
10.16672	-56.72443	0	47	2021-10-14T02:25:17
10.16640	-56.72531	0	47	2021-10-14T02:30:15
10.16602	-56.72614	0	47	2021-10-14T02:35:15
10.16558	-56.72699	0	47	2021-10-14T02:40:20
10.16520	-56.72789	0	47	2021-10-14T02:45:18
10.16477	-56.72875	0	47	2021-10-14T02:50:18
10.16443	-56.72961	0	47	2021-10-14T02:55:17
10.16409	-56.73059	0	47	2021-10-14T03:00:17
10.16375	-56.73145	0	47	2021-10-14T03:05:18
10.16346	-56.73233	0	47	2021-10-14T03:10:15
10.16309	-56.73328	0	47	2021-10-14T03:15:38
10.16268	-56.73407	0	47	2021-10-14T03:20:15
10.16224	-56.73489	0	47	2021-10-14T03:25:17
10.16179	-56.73576	0	47	2021-10-14T03:30:15
10.16136	-56.73645	0	47	2021-10-14T03:35:15
10.16095	-56.73724	0	47	2021-10-14T03:40:15
10.16051	-56.73807	0	47	2021-10-14T03:45:16
10.16007	-56.73897	0	47	2021-10-14T03:50:34
10.15975	-56.73965	0	47	2021-10-14T03:55:15
10.15939	-56.74051	0	47	2021-10-14T04:00:35
10.15912	-56.74126	0	47	2021-10-14T04:05:15
10.15886	-56.74203	0	47	2021-10-14T04:10:14
10.15858	-56.74286	0	47	2021-10-14T04:15:37
10.15841	-56.74353	0	47	2021-10-14T04:20:15
10.15823	-56.74426	0	47	2021-10-14T04:25:13
10.15803	-56.74495	0	47	2021-10-14T04:30:16
10.15786	-56.74564	0	47	2021-10-14T04:35:15
10.15769	-56.74643	0	47	2021-10-14T04:40:18
10.15754	-56.74714	0	47	2021-10-14T04:45:18
10.15733	-56.74783	0	47	2021-10-14T04:50:17
10.15711	-56.74850	0	47	2021-10-14T04:55:21
10.15686	-56.74927	0	47	2021-10-14T05:00:19
10.15664	-56.75005	0	47	2021-10-14T05:05:57
10.15634	-56.75074	0	47	2021-10-14T05:10:57
10.15613	-56.75143	0	47	2021-10-14T05:15:56
10.15591	-56.75201	0	47	2021-10-14T05:20:22
10.15562	-56.75275	0	47	2021-10-14T05:25:22
10.15529	-56.75349	0	47	2021-10-14T05:30:18
10.15499	-56.75409	0	47	2021-10-14T05:35:17
10.15471	-56.75487	0	47	2021-10-14T05:40:14
10.15445	-56.75547	0	47	2021-10-14T05:45:14
10.15424	-56.75607	0	47	2021-10-14T05:50:15
10.15397	-56.75662	0	47	2021-10-14T05:55:16
10.15362	-56.75729	0	47	2021-10-14T06:00:13
10.15337	-56.75793	0	47	2021-10-14T06:05:11
10.15314	-56.75858	0	47	2021-10-14T06:10:12
10.15291	-56.75931	0	47	2021-10-14T06:15:38
10.15274	-56.75983	0	47	2021-10-14T06:20:13
10.15261	-56.76047	0	47	2021-10-14T06:25:10
10.15253	-56.76118	0	47	2021-10-14T06:30:10
10.15244	-56.76169	0	47	2021-10-14T06:35:10
10.15240	-56.76224	0	47	2021-10-14T06:40:12
10.15235	-56.76279	0	47	2021-10-14T06:45:09
10.15229	-56.76334	0	47	2021-10-14T06:50:11
10.15223	-56.76385	0	47	2021-10-14T06:55:10
10.15214	-56.76437	0	47	2021-10-14T07:00:11
10.15205	-56.76480	0	47	2021-10-14T07:05:11
10.15201	-56.76517	0	47	2021-10-14T07:10:09
10.15200	-56.76559	0	47	2021-10-14T07:15:23
10.15204	-56.76596	0	47	2021-10-14T07:20:07
10.15210	-56.76633	0	47	2021-10-14T07:25:04
10.15215	-56.76669	0	47	2021-10-14T07:30:05
10.15228	-56.76697	0	47	2021-10-14T07:35:03
10.15230	-56.76730	0	47	2021-10-14T07:40:06
10.15238	-56.76761	0	47	2021-10-14T07:45:04
10.15252	-56.76788	0	47	2021-10-14T07:50:06
10.15261	-56.76819	0	47	2021-10-14T07:55:06
10.15280	-56.76848	0	47	2021-10-14T08:00:10
10.15293	-56.76874	0	47	2021-10-14T08:05:10
10.15308	-56.76892	0	47	2021-10-14T08:10:07
10.15319	-56.76923	0	47	2021-10-14T08:15:25
10.15323	-56.76962	0	47	2021-10-14T08:20:05
10.15335	-56.76997	0	47	2021-10-14T08:25:03
10.15335	-56.77014	0	47	2021-10-14T08:30:03
10.15351	-56.77059	0	47	2021-10-14T08:35:01
10.15360	-56.77093	0	47	2021-10-14T08:40:02
10.15364	-56.77127	0	47	2021-10-14T08:45:02
10.15363	-56.77170	0	47	2021-10-14T08:50:04
10.15370	-56.77213	0	47	2021-10-14T08:55:07
10.15378	-56.77252	0	47	2021-10-14T09:00:13
10.15385	-56.77291	0	47	2021-10-14T09:05:06
10.15394	-56.77325	0	47	2021-10-14T09:10:07
10.15404	-56.77359	0	47	2021-10-14T09:15:26
10.15416	-56.77386	0	47	2021-10-14T09:20:06
10.15416	-56.77417	0	47	2021-10-14T09:25:05
10.15415	-56.77451	0	47	2021-10-14T09:30:06
10.15413	-56.77490	0	47	2021-10-14T09:35:04
10.15413	-56.77516	0	47	2021-10-14T09:40:05
10.15413	-56.77542	0	47	2021-10-14T09:45:05
10.15403	-56.77573	0	47	2021-10-14T09:50:06
10.15394	-56.77600	0	47	2021-10-14T09:55:07
10.15387	-56.77628	0	47	2021-10-14T10:00:05
10.15382	-56.77655	0	47	2021-10-14T10:05:05
10.15381	-56.77697	0	47	2021-10-14T10:10:25
10.15381	-56.77731	0	47	2021-10-14T10:15:26
10.15387	-56.77768	0	47	2021-10-14T10:20:10
10.15391	-56.77795	0	47	2021-10-14T10:25:08
10.15402	-56.77835	0	47	2021-10-14T10:30:09
10.15411	-56.77869	0	47	2021-10-14T10:35:10
10.15417	-56.77905	0	47	2021-10-14T10:40:10
10.15444	-56.77966	0	47	2021-10-14T10:50:09
10.15455	-56.77991	0	47	2021-10-14T10:55:08
10.15470	-56.78009	0	47	2021-10-14T11:00:09
10.15477	-56.78040	0	47	2021-10-14T11:05:07
10.15488	-56.78070	0	47	2021-10-14T11:10:11
10.15495	-56.78101	0	47	2021-10-14T11:15:25
10.15504	-56.78128	0	47	2021-10-14T11:20:07
10.15504	-56.78162	0	47	2021-10-14T11:25:07
10.15501	-56.78206	0	47	2021-10-14T11:30:05
10.15501	-56.78232	0	47	2021-10-14T11:35:05
10.15499	-56.78265	0	47	2021-10-14T11:40:06
10.15496	-56.78302	0	47	2021-10-14T11:45:05
10.15492	-56.78339	0	47	2021-10-14T11:50:06
10.15493	-56.78361	0	47	2021-10-14T11:55:07
10.15484	-56.78387	0	47	2021-10-14T12:00:06
10.15481	-56.78412	0	47	2021-10-14T12:05:07
10.15484	-56.78433	0	47	2021-10-14T12:10:04
10.15489	-56.78445	0	47	2021-10-14T12:15:27
10.15489	-56.78464	0	47	2021-10-14T12:20:00
10.15485	-56.78482	0	47	2021-10-14T12:25:02
10.15483	-56.78506	0	47	2021-10-14T12:29:59
10.15478	-56.78535	0	47	2021-10-14T12:34:53
10.15475	-56.78540	0	47	2021-10-14T12:39:57
10.15465	-56.78561	0	47	2021-10-14T12:44:54
10.15452	-56.78577	0	47	2021-10-14T12:49:54
10.15435	-56.78589	0	47	2021-10-14T12:54:52
10.15419	-56.78598	0	47	2021-10-14T12:59:52
10.15401	-56.78607	0	47	2021-10-14T13:04:50
10.15384	-56.78607	0	47	2021-10-14T13:09:50
10.15351	-56.78613	0	47	2021-10-14T13:15:25
10.15329	-56.78613	0	47	2021-10-14T13:19:47
10.15308	-56.78613	0	47	2021-10-14T13:24:46
10.15283	-56.78613	0	47	2021-10-14T13:29:49
10.15254	-56.78619	0	47	2021-10-14T13:34:53
10.15241	-56.78619	0	47	2021-10-14T13:39:52
10.15224	-56.78619	0	47	2021-10-14T13:44:52
10.15199	-56.78610	0	47	2021-10-14T13:49:52
10.15182	-56.78601	0	47	2021-10-14T13:54:50
10.15166	-56.78589	0	47	2021-10-14T13:59:52
10.15150	-56.78571	0	47	2021-10-14T14:04:53
10.15139	-56.78561	0	47	2021-10-14T14:09:53
10.15119	-56.78558	0	47	2021-10-14T14:15:28
10.15131	-56.78540	0	47	2021-10-14T14:20:02
10.15140	-56.78531	0	47	2021-10-14T14:25:02
10.15149	-56.78531	0	47	2021-10-14T14:30:01
10.15152	-56.78525	0	47	2021-10-14T14:35:05
10.15158	-56.78516	0	47	2021-10-14T14:40:04
10.15149	-56.78516	0	47	2021-10-14T14:45:03
10.15163	-56.78519	0	47	2021-10-14T14:49:51
10.15146	-56.78528	0	47	2021-10-14T14:54:50
10.15149	-56.78528	0	47	2021-10-14T14:59:47
10.15162	-56.78543	0	47	2021-10-14T15:24:45
10.15156	-56.78546	0	47	2021-10-14T15:29:43
10.15158	-56.78546	0	47	2021-10-14T15:34:40
10.15150	-56.78555	0	47	2021-10-14T15:39:41
10.15146	-56.78561	0	47	2021-10-14T15:44:39
10.15145	-56.78571	0	47	2021-10-14T15:49:40
10.15141	-56.78583	0	47	2021-10-14T15:54:41
10.15135	-56.78595	0	47	2021-10-14T15:59:41
10.15127	-56.78601	0	47	2021-10-14T16:04:42
10.15119	-56.78610	0	47	2021-10-14T16:09:55
10.15115	-56.78610	0	47	2021-10-14T16:14:55
10.15112	-56.78604	0	47	2021-10-14T16:19:43
10.15114	-56.78589	0	47	2021-10-14T16:24:38
10.15115	-56.78583	0	47	2021-10-14T16:29:35
10.15122	-56.78571	0	47	2021-10-14T16:34:38
10.15129	-56.78561	0	47	2021-10-14T16:39:39
10.15137	-56.78549	0	47	2021-10-14T16:44:41
10.15152	-56.78540	0	47	2021-10-14T16:49:39
10.15166	-56.78540	0	47	2021-10-14T16:54:39
10.15182	-56.78534	0	47	2021-10-14T16:59:40
10.15258	-56.78537	0	47	2021-10-14T17:14:43
10.15288	-56.78537	0	47	2021-10-14T17:19:43
10.15314	-56.78537	0	47	2021-10-14T17:24:44
10.15349	-56.78537	0	47	2021-10-14T17:29:43
10.15381	-56.78534	0	47	2021-10-14T17:34:42
10.15420	-56.78534	0	47	2021-10-14T17:39:43
10.15454	-56.78534	0	47	2021-10-14T17:44:44
10.15460	-56.78528	0	47	2021-10-14T17:44:47
10.15496	-56.78528	0	47	2021-10-14T17:49:44
10.15533	-56.78528	0	47	2021-10-14T17:54:46
10.15566	-56.78534	0	47	2021-10-14T17:59:50
10.15604	-56.78531	0	47	2021-10-14T18:04:50
10.15635	-56.78534	0	47	2021-10-14T18:10:26
10.15669	-56.78543	0	47	2021-10-14T18:15:26
10.15696	-56.78546	0	47	2021-10-14T18:19:54
10.15728	-56.78549	0	47	2021-10-14T18:24:53
10.15728	-56.78552	0	47	2021-10-14T18:24:54
10.15767	-56.78552	0	47	2021-10-14T18:29:54
10.15808	-56.78555	0	47	2021-10-14T18:34:49
10.15805	-56.78549	0	47	2021-10-14T18:34:52
10.15838	-56.78555	0	47	2021-10-14T18:39:49
10.15842	-56.78558	0	47	2021-10-14T18:39:52
10.15876	-56.78558	0	47	2021-10-14T18:44:51
10.15879	-56.78562	0	47	2021-10-14T18:44:53
10.15918	-56.78571	0	47	2021-10-14T18:49:53
10.15965	-56.78577	0	47	2021-10-14T18:54:52
10.16009	-56.78586	0	47	2021-10-14T18:59:52
10.16048	-56.78595	0	47	2021-10-14T19:04:53
10.16089	-56.78598	0	47	2021-10-14T19:09:51
10.16146	-56.78604	0	47	2021-10-14T19:15:26
10.16190	-56.78607	0	47	2021-10-14T19:19:53
10.16245	-56.78607	0	47	2021-10-14T19:24:54
10.16292	-56.78607	0	47	2021-10-14T19:29:54
10.16343	-56.78607	0	47	2021-10-14T19:34:54
10.16388	-56.78604	0	47	2021-10-14T19:39:52
10.16388	-56.78598	0	47	2021-10-14T19:39:54
10.16435	-56.78598	0	47	2021-10-14T19:44:53
10.16486	-56.78595	0	47	2021-10-14T19:49:53
10.16558	-56.78571	0	47	2021-10-14T19:59:51
10.16592	-56.78558	0	47	2021-10-14T20:04:55
10.16630	-56.78525	0	47	2021-10-14T20:09:49
10.16626	-56.78537	0	47	2021-10-14T20:09:52
10.16681	-56.78516	0	47	2021-10-14T20:14:49
10.16680	-56.78522	0	47	2021-10-14T20:15:25
10.16715	-56.78510	0	47	2021-10-14T20:19:47
10.16715	-56.78516	0	47	2021-10-14T20:19:49
10.16755	-56.78494	0	47	2021-10-14T20:24:45
10.16754	-56.78493	0	47	2021-10-14T20:24:48
10.16793	-56.78476	0	47	2021-10-14T20:29:48
10.16832	-56.78455	0	47	2021-10-14T20:34:46
10.16882	-56.78434	0	47	2021-10-14T20:39:46
10.16921	-56.78417	0	47	2021-10-14T20:44:46
10.16964	-56.78400	0	47	2021-10-14T20:49:45
10.17014	-56.78381	0	47	2021-10-14T20:54:44
10.17113	-56.78348	0	47	2021-10-14T21:05:25
10.17157	-56.78339	0	47	2021-10-14T21:09:48
10.17211	-56.78314	0	47	2021-10-14T21:15:24
10.17258	-56.78302	0	47	2021-10-14T21:19:49
10.17307	-56.78278	0	47	2021-10-14T21:24:47
10.17366	-56.78261	0	47	2021-10-14T21:29:51
10.17417	-56.78244	0	47	2021-10-14T21:34:51
10.17464	-56.78235	0	47	2021-10-14T21:39:50
10.17514	-56.78223	0	47	2021-10-14T21:44:50
10.17565	-56.78204	0	47	2021-10-14T21:49:53
10.17609	-56.78183	0	47	2021-10-14T21:54:54
10.17648	-56.78177	0	47	2021-10-14T21:59:52
10.17693	-56.78177	0	47	2021-10-14T22:04:53
10.17733	-56.78155	0	47	2021-10-14T22:10:26
10.17772	-56.78146	0	47	2021-10-14T22:15:26
10.17803	-56.78139	0	47	2021-10-14T22:19:55
10.17837	-56.78122	0	47	2021-10-14T22:24:54
10.17869	-56.78116	0	47	2021-10-14T22:29:57
10.17903	-56.78094	0	47	2021-10-14T22:34:58
10.17927	-56.78082	0	47	2021-10-14T22:39:56
10.17956	-56.78070	0	47	2021-10-14T22:44:55
10.17990	-56.78044	0	47	2021-10-14T22:49:57
10.18014	-56.78033	0	47	2021-10-14T22:54:58
10.18042	-56.78027	0	47	2021-10-14T22:59:58
10.18075	-56.78012	0	47	2021-10-14T23:04:56
10.18103	-56.77994	0	47	2021-10-14T23:09:54
10.18136	-56.77978	0	47	2021-10-14T23:14:54
10.18157	-56.77969	0	47	2021-10-14T23:19:54
10.18168	-56.77948	0	47	2021-10-14T23:24:54
10.18184	-56.77927	0	47	2021-10-14T23:29:55
10.18182	-56.77907	0	47	2021-10-14T23:34:54
10.18182	-56.77890	0	47	2021-10-14T23:39:54
10.18185	-56.77863	0	47	2021-10-14T23:44:54
10.18186	-56.77832	0	47	2021-10-14T23:49:56
10.18179	-56.77802	0	47	2021-10-14T23:54:59
10.18164	-56.77774	0	47	2021-10-14T23:59:58
10.18151	-56.77744	0	47	2021-10-15T00:05:02
10.18134	-56.77710	0	47	2021-10-15T00:10:02
10.18116	-56.77667	0	47	2021-10-15T00:15:24
10.18086	-56.77643	0	47	2021-10-15T00:20:01
10.18051	-56.77618	0	47	2021-10-15T00:25:01
10.18022	-56.77588	0	47	2021-10-15T00:29:59
10.17985	-56.77557	0	47	2021-10-15T00:35:00
10.17939	-56.77524	0	47	2021-10-15T00:39:59
10.17896	-56.77507	0	47	2021-10-15T00:44:58
10.17849	-56.77481	0	47	2021-10-15T00:49:58
10.17799	-56.77448	0	47	2021-10-15T00:54:59
10.17751	-56.77417	0	47	2021-10-15T00:59:56
10.17700	-56.77383	0	47	2021-10-15T01:04:57
10.17651	-56.77346	0	47	2021-10-15T01:10:26
10.17582	-56.77295	0	47	2021-10-15T01:15:26
10.17526	-56.77267	0	47	2021-10-15T01:20:00
10.17466	-56.77258	0	47	2021-10-15T01:25:01
10.17401	-56.77237	0	47	2021-10-15T01:30:00
10.17340	-56.77213	0	47	2021-10-15T01:35:02
10.17232	-56.77173	0	47	2021-10-15T01:45:03
10.17193	-56.77147	0	47	2021-10-15T01:50:02
10.17129	-56.77121	0	47	2021-10-15T01:55:02
10.17067	-56.77087	0	47	2021-10-15T02:00:02
10.17008	-56.77051	0	47	2021-10-15T02:05:04
10.16942	-56.77017	0	47	2021-10-15T02:10:05
10.16874	-56.76987	0	47	2021-10-15T02:15:27
10.16812	-56.76952	0	47	2021-10-15T02:20:01
10.16739	-56.76918	0	47	2021-10-15T02:25:00
10.16675	-56.76892	0	47	2021-10-15T02:30:00
10.16612	-56.76862	0	47	2021-10-15T02:35:01
10.16541	-56.76834	0	47	2021-10-15T02:40:05
10.16481	-56.76817	0	47	2021-10-15T02:45:05
10.16421	-56.76791	0	47	2021-10-15T02:50:04
10.16361	-56.76770	0	47	2021-10-15T02:55:03
10.16307	-56.76752	0	47	2021-10-15T03:00:01
10.16264	-56.76736	0	47	2021-10-15T03:05:02
10.16216	-56.76727	0	47	2021-10-15T03:10:11
10.16173	-56.76703	0	47	2021-10-15T03:15:26
10.16132	-56.76691	0	47	2021-10-15T03:19:57
10.16082	-56.76674	0	47	2021-10-15T03:24:58
10.16035	-56.76657	0	47	2021-10-15T03:29:58
10.15996	-56.76648	0	47	2021-10-15T03:34:58
10.15951	-56.76633	0	47	2021-10-15T03:39:59
10.15896	-56.76617	0	47	2021-10-15T03:45:06
10.15857	-56.76602	0	47	2021-10-15T03:50:02
10.15812	-56.76590	0	47	2021-10-15T03:54:56
10.15740	-56.76575	0	47	2021-10-15T03:59:59
10.15710	-56.76566	0	47	2021-10-15T04:04:58
10.15664	-56.76544	0	47	2021-10-15T04:09:59
10.15610	-56.76523	0	47	2021-10-15T04:15:26
10.15557	-56.76501	0	47	2021-10-15T04:19:53
10.15511	-56.76486	0	47	2021-10-15T04:24:52
10.15461	-56.76470	0	47	2021-10-15T04:29:50
10.15410	-56.76453	0	47	2021-10-15T04:34:51
10.15364	-56.76428	0	47	2021-10-15T04:39:52
10.15318	-56.76416	0	47	2021-10-15T04:44:51
10.15273	-56.76404	0	47	2021-10-15T04:49:49
10.15231	-56.76395	0	47	2021-10-15T04:54:50
10.15186	-56.76379	0	47	2021-10-15T04:59:48
10.15138	-56.76358	0	47	2021-10-15T05:04:51
10.15084	-56.76328	0	47	2021-10-15T05:09:52
10.15036	-56.76318	0	47	2021-10-15T05:15:25
10.14990	-56.76294	0	47	2021-10-15T05:19:51
10.14940	-56.76279	0	47	2021-10-15T05:24:50
10.14886	-56.76251	0	47	2021-10-15T05:29:49
10.14830	-56.76242	0	47	2021-10-15T05:34:49
10.14772	-56.76224	0	47	2021-10-15T05:39:50
10.14716	-56.76205	0	47	2021-10-15T05:44:51
10.14663	-56.76199	0	47	2021-10-15T05:49:45
10.14607	-56.76190	0	47	2021-10-15T05:54:45
10.14560	-56.76178	0	47	2021-10-15T05:59:46
10.14514	-56.76169	0	47	2021-10-15T06:04:43
10.14408	-56.76135	0	47	2021-10-15T06:14:43
10.14369	-56.76135	0	47	2021-10-15T06:19:42
10.14322	-56.76135	0	47	2021-10-15T06:24:43
10.14283	-56.76126	0	47	2021-10-15T06:29:40
10.14244	-56.76120	0	47	2021-10-15T06:34:41
10.14202	-56.76111	0	47	2021-10-15T06:39:41
10.14159	-56.76105	0	47	2021-10-15T06:44:42
10.14124	-56.76093	0	47	2021-10-15T06:49:44
10.14077	-56.76080	0	47	2021-10-15T06:54:44
10.14035	-56.76068	0	47	2021-10-15T06:59:45
10.14001	-56.76047	0	47	2021-10-15T07:04:46
10.13962	-56.76038	0	47	2021-10-15T07:09:46
10.13923	-56.76025	0	47	2021-10-15T07:15:25
10.13890	-56.76010	0	47	2021-10-15T07:19:48
10.13853	-56.75997	0	47	2021-10-15T07:24:49
10.13810	-56.75980	0	47	2021-10-15T07:29:50
10.13770	-56.75961	0	47	2021-10-15T07:34:49
10.13729	-56.75940	0	47	2021-10-15T07:39:52
10.13693	-56.75919	0	47	2021-10-15T07:44:51
10.13652	-56.75903	0	47	2021-10-15T07:49:56
10.13622	-56.75888	0	47	2021-10-15T07:54:54
10.13585	-56.75873	0	47	2021-10-15T07:59:51
10.13557	-56.75858	0	47	2021-10-15T08:04:56
10.13536	-56.75839	0	47	2021-10-15T08:09:56
10.13509	-56.75833	0	47	2021-10-15T08:15:28
10.13484	-56.75815	0	47	2021-10-15T08:19:53
10.13463	-56.75815	0	47	2021-10-15T08:24:52
10.13438	-56.75818	0	47	2021-10-15T08:29:52
10.13414	-56.75815	0	47	2021-10-15T08:34:50
10.13385	-56.75815	0	47	2021-10-15T08:39:50
10.13356	-56.75809	0	47	2021-10-15T08:44:48
10.13328	-56.75806	0	47	2021-10-15T08:49:48
10.13296	-56.75806	0	47	2021-10-15T08:54:49
10.13244	-56.75800	0	47	2021-10-15T09:04:53
10.13210	-56.75800	0	47	2021-10-15T09:10:26
10.13184	-56.75800	0	47	2021-10-15T09:15:27
10.13162	-56.75800	0	47	2021-10-15T09:19:53
10.13096	-56.75806	0	47	2021-10-15T09:29:55
10.13062	-56.75806	0	47	2021-10-15T09:34:56
10.13019	-56.75806	0	47	2021-10-15T09:39:56
10.12981	-56.75809	0	47	2021-10-15T09:44:58
10.12943	-56.75809	0	47	2021-10-15T09:49:57
10.12903	-56.75812	0	47	2021-10-15T09:54:59
10.12869	-56.75815	0	47	2021-10-15T09:59:57
10.12833	-56.75815	0	47	2021-10-15T10:04:57
10.12796	-56.75809	0	47	2021-10-15T10:09:58
10.12759	-56.75797	0	47	2021-10-15T10:14:59
10.12733	-56.75797	0	47	2021-10-15T10:20:00
10.12699	-56.75793	0	47	2021-10-15T10:24:59
10.12662	-56.75800	0	47	2021-10-15T10:30:01
10.12617	-56.75809	0	47	2021-10-15T10:34:59
10.12574	-56.75809	0	47	2021-10-15T10:39:59
10.12522	-56.75821	0	47	2021-10-15T10:45:01
10.12481	-56.75815	0	47	2021-10-15T10:50:02
10.12439	-56.75832	0	47	2021-10-15T10:54:58
10.12403	-56.75848	0	47	2021-10-15T10:59:59
10.12366	-56.75858	0	47	2021-10-15T11:04:59
10.12330	-56.75870	0	47	2021-10-15T11:09:59
10.12296	-56.75885	0	47	2021-10-15T11:14:54
10.12257	-56.75894	0	47	2021-10-15T11:19:54
10.12220	-56.75894	0	47	2021-10-15T11:24:55
10.12173	-56.75903	0	47	2021-10-15T11:29:55
10.12129	-56.75909	0	47	2021-10-15T11:34:53
10.12086	-56.75912	0	47	2021-10-15T11:39:51
10.12037	-56.75912	0	47	2021-10-15T11:44:52
10.11994	-56.75906	0	47	2021-10-15T11:49:53
10.11949	-56.75897	0	47	2021-10-15T11:54:53
10.11896	-56.75900	0	47	2021-10-15T11:59:54
10.11852	-56.75906	0	47	2021-10-15T12:04:55
10.11796	-56.75916	0	47	2021-10-15T12:09:55
10.11714	-56.75958	0	47	2021-10-15T12:14:57
10.11671	-56.75958	0	47	2021-10-15T12:19:57
10.11625	-56.75967	0	47	2021-10-15T12:24:58
10.11570	-56.75974	0	47	2021-10-15T12:29:59
10.11521	-56.75983	0	47	2021-10-15T12:35:02
10.11470	-56.75995	0	47	2021-10-15T12:40:00
10.11413	-56.76001	0	47	2021-10-15T12:44:58
10.11366	-56.76001	0	47	2021-10-15T12:49:58
10.11316	-56.75995	0	47	2021-10-15T12:54:59
10.11270	-56.75992	0	47	2021-10-15T12:59:59
10.11219	-56.75995	0	47	2021-10-15T13:05:28
10.11176	-56.75995	0	47	2021-10-15T13:10:29
10.11133	-56.75995	0	47	2021-10-15T13:15:29
10.11086	-56.75995	0	47	2021-10-15T13:19:56
10.11027	-56.76010	0	47	2021-10-15T13:24:53
10.10976	-56.76019	0	47	2021-10-15T13:29:53
10.10929	-56.76025	0	47	2021-10-15T13:34:54
10.10874	-56.76025	0	47	2021-10-15T13:39:52
10.10819	-56.76025	0	47	2021-10-15T13:44:53
10.10766	-56.76025	0	47	2021-10-15T13:49:56
10.10711	-56.76025	0	47	2021-10-15T13:54:54
10.10678	-56.76035	0	47	2021-10-15T13:59:58
10.10601	-56.76031	0	47	2021-10-15T14:04:56
10.10550	-56.76044	0	47	2021-10-15T14:09:57
10.10441	-56.76062	0	47	2021-10-15T14:19:54
10.10390	-56.76062	0	47	2021-10-15T14:24:55
10.10343	-56.76062	0	47	2021-10-15T14:29:55
10.10285	-56.76065	0	47	2021-10-15T14:34:53
10.10241	-56.76065	0	47	2021-10-15T14:39:58
10.10169	-56.76062	0	47	2021-10-15T14:44:55
10.10096	-56.76062	0	47	2021-10-15T14:49:56
10.10029	-56.76068	0	47	2021-10-15T14:55:00
10.09949	-56.76074	0	47	2021-10-15T14:59:56
10.09869	-56.76074	0	47	2021-10-15T15:04:57
10.09787	-56.76080	0	47	2021-10-15T15:09:55
10.09688	-56.76083	0	47	2021-10-15T15:15:30
10.09623	-56.76089	0	47	2021-10-15T15:19:57
10.09536	-56.76105	0	47	2021-10-15T15:24:58
10.09455	-56.76123	0	47	2021-10-15T15:29:56
10.09373	-56.76132	0	47	2021-10-15T15:34:56
10.09287	-56.76141	0	47	2021-10-15T15:39:57
10.09209	-56.76154	0	47	2021-10-15T15:44:54
10.09022	-56.76194	0	47	2021-10-15T15:55:03
10.08932	-56.76211	0	47	2021-10-15T16:00:04
10.08842	-56.76245	0	47	2021-10-15T16:05:04
10.08749	-56.76279	0	47	2021-10-15T16:10:09
10.08651	-56.76324	0	47	2021-10-15T16:15:26
10.08580	-56.76343	0	47	2021-10-15T16:19:53
10.08493	-56.76395	0	47	2021-10-15T16:24:56
10.08406	-56.76436	0	47	2021-10-15T16:29:53
10.08324	-56.76487	0	47	2021-10-15T16:34:53
10.08247	-56.76538	0	47	2021-10-15T16:39:52
10.08171	-56.76611	0	47	2021-10-15T16:44:53
10.08094	-56.76666	0	47	2021-10-15T16:49:52
10.08021	-56.76723	0	47	2021-10-15T16:54:51
10.07960	-56.76782	0	47	2021-10-15T16:59:51
10.07893	-56.76843	0	47	2021-10-15T17:04:52
10.07696	-56.77019	0	47	2021-10-15T17:19:47
10.07632	-56.77070	0	47	2021-10-15T17:24:47
10.07568	-56.77130	0	47	2021-10-15T17:29:47
10.07504	-56.77197	0	47	2021-10-15T17:34:46
10.07440	-56.77261	0	47	2021-10-15T17:39:47
10.07372	-56.77325	0	47	2021-10-15T17:44:46
10.07312	-56.77386	0	47	2021-10-15T17:49:43
10.07249	-56.77444	0	47	2021-10-15T17:54:44
10.07192	-56.77505	0	47	2021-10-15T17:59:45
10.07133	-56.77565	0	47	2021-10-15T18:04:44
10.07073	-56.77625	0	47	2021-10-15T18:09:44
10.07001	-56.77695	0	47	2021-10-15T18:15:07
10.06942	-56.77759	0	47	2021-10-15T18:19:45
10.06883	-56.77837	0	47	2021-10-15T18:24:42
10.06832	-56.77902	0	47	2021-10-15T18:29:40
10.06776	-56.77975	0	47	2021-10-15T18:34:41
10.06624	-56.78201	0	47	2021-10-15T18:49:43
10.06573	-56.78270	0	47	2021-10-15T18:54:44
10.06526	-56.78339	0	47	2021-10-15T18:59:44
10.06476	-56.78412	0	47	2021-10-15T19:04:42
10.06420	-56.78485	0	47	2021-10-15T19:09:41
10.06361	-56.78555	0	47	2021-10-15T19:15:09
10.06311	-56.78619	0	47	2021-10-15T19:19:40
10.06255	-56.78692	0	47	2021-10-15T19:24:42
10.06211	-56.78760	0	47	2021-10-15T19:29:43
10.06161	-56.78830	0	47	2021-10-15T19:34:43
10.06109	-56.78891	0	47	2021-10-15T19:39:44
10.06062	-56.78956	0	47	2021-10-15T19:44:43
10.06023	-56.79007	0	47	2021-10-15T19:49:42
10.05978	-56.79074	0	47	2021-10-15T19:54:49
10.05886	-56.79226	0	47	2021-10-15T20:05:10
10.05847	-56.79286	0	47	2021-10-15T20:10:09
10.05804	-56.79337	0	47	2021-10-15T20:15:09
10.05772	-56.79401	0	47	2021-10-15T20:19:44
10.05738	-56.79473	0	47	2021-10-15T20:24:45
10.05717	-56.79533	0	47	2021-10-15T20:29:45
10.05691	-56.79593	0	47	2021-10-15T20:34:46
10.05665	-56.79651	0	47	2021-10-15T20:39:45
10.05642	-56.79712	0	47	2021-10-15T20:44:47
10.05617	-56.79770	0	47	2021-10-15T20:49:49
10.05596	-56.79825	0	47	2021-10-15T20:54:49
10.05571	-56.79884	0	47	2021-10-15T20:59:50
10.05545	-56.79935	0	47	2021-10-15T21:04:51
10.05517	-56.79990	0	47	2021-10-15T21:09:52
10.05481	-56.80051	0	47	2021-10-15T21:15:27
10.05453	-56.80087	0	47	2021-10-15T21:19:49
10.05423	-56.80139	0	47	2021-10-15T21:24:50
10.05401	-56.80198	0	47	2021-10-15T21:29:50
10.05380	-56.80249	0	47	2021-10-15T21:34:49
10.05353	-56.80318	0	47	2021-10-15T21:39:46
10.05334	-56.80383	0	47	2021-10-15T21:44:47
10.05306	-56.80447	0	47	2021-10-15T21:49:47
10.05275	-56.80524	0	47	2021-10-15T21:54:47
10.05245	-56.80601	0	47	2021-10-15T21:59:47
10.05215	-56.80670	0	47	2021-10-15T22:04:46
10.05184	-56.80734	0	47	2021-10-15T22:09:45
10.05112	-56.80910	0	47	2021-10-15T22:19:47
10.05082	-56.80970	0	47	2021-10-15T22:24:46
10.05048	-56.81030	0	47	2021-10-15T22:29:46
10.05019	-56.81091	0	47	2021-10-15T22:34:46
10.04994	-56.81159	0	47	2021-10-15T22:39:45
10.04955	-56.81219	0	47	2021-10-15T22:44:45
10.04879	-56.81340	0	47	2021-10-15T22:54:47
10.04847	-56.81387	0	47	2021-10-15T22:59:46
10.04811	-56.81442	0	47	2021-10-15T23:04:48
10.04776	-56.81494	0	47	2021-10-15T23:09:45
10.04747	-56.81546	0	47	2021-10-15T23:15:27
10.04715	-56.81589	0	47	2021-10-15T23:19:43
10.04672	-56.81641	0	47	2021-10-15T23:24:48
10.04629	-56.81689	0	47	2021-10-15T23:29:47
10.04579	-56.81742	0	47	2021-10-15T23:34:48
10.04532	-56.81793	0	47	2021-10-15T23:39:47
10.04487	-56.81851	0	47	2021-10-15T23:44:47
10.04441	-56.81900	0	47	2021-10-15T23:49:48
10.04391	-56.81952	0	47	2021-10-15T23:54:48
10.04291	-56.82053	0	47	2021-10-16T00:04:53
10.04239	-56.82114	0	47	2021-10-16T00:09:51
10.04173	-56.82208	0	47	2021-10-16T00:15:24
10.04124	-56.82263	0	47	2021-10-16T00:19:50
10.04073	-56.82317	0	47	2021-10-16T00:24:49
10.04022	-56.82368	0	47	2021-10-16T00:29:48
10.03971	-56.82419	0	47	2021-10-16T00:34:48
10.03914	-56.82480	0	47	2021-10-16T00:39:48
10.03869	-56.82535	0	47	2021-10-16T00:44:49
10.03822	-56.82594	0	47	2021-10-16T00:49:47
10.03771	-56.82645	0	47	2021-10-16T00:54:48
10.03718	-56.82706	0	47	2021-10-16T00:59:49
10.03665	-56.82774	0	47	2021-10-16T01:04:49
10.03614	-56.82834	0	47	2021-10-16T01:09:50
10.03553	-56.82864	0	47	2021-10-16T01:15:09
10.03500	-56.82916	0	47	2021-10-16T01:19:45
10.03442	-56.82981	0	47	2021-10-16T01:24:48
10.03382	-56.83032	0	47	2021-10-16T01:29:47
10.03321	-56.83105	0	47	2021-10-16T01:34:43
10.03206	-56.83253	0	47	2021-10-16T01:44:41
10.03142	-56.83304	0	47	2021-10-16T01:49:42
10.03078	-56.83347	0	47	2021-10-16T01:54:42
10.03005	-56.83395	0	47	2021-10-16T01:59:42
10.02935	-56.83447	0	47	2021-10-16T02:04:40
10.02770	-56.83563	0	47	2021-10-16T02:14:38
10.02695	-56.83600	0	47	2021-10-16T02:19:38
10.02616	-56.83649	0	47	2021-10-16T02:24:39
10.02540	-56.83692	0	47	2021-10-16T02:29:40
10.02454	-56.83743	0	47	2021-10-16T02:34:39
10.02373	-56.83789	0	47	2021-10-16T02:39:39
10.02293	-56.83834	0	47	2021-10-16T02:44:46
10.02211	-56.83877	0	47	2021-10-16T02:49:45
10.02138	-56.83920	0	47	2021-10-16T02:54:45
10.02060	-56.83957	0	47	2021-10-16T02:59:46
10.01983	-56.84000	0	47	2021-10-16T03:04:43
10.01911	-56.84045	0	47	2021-10-16T03:09:44
10.01809	-56.84085	0	47	2021-10-16T03:15:08
10.01726	-56.84125	0	47	2021-10-16T03:19:45
10.01648	-56.84174	0	47	2021-10-16T03:24:45
10.01570	-56.84219	0	47	2021-10-16T03:29:44
10.01490	-56.84265	0	47	2021-10-16T03:34:41
10.01410	-56.84310	0	47	2021-10-16T03:39:41
10.01333	-56.84344	0	47	2021-10-16T03:44:42
10.01255	-56.84381	0	47	2021-10-16T03:49:43
10.01175	-56.84429	0	47	2021-10-16T03:54:44
10.01093	-56.84463	0	47	2021-10-16T03:59:44
10.01020	-56.84497	0	47	2021-10-16T04:04:44
10.00944	-56.84540	0	47	2021-10-16T04:09:43
10.00860	-56.84592	0	47	2021-10-16T04:15:09
10.00789	-56.84641	0	47	2021-10-16T04:19:44
10.00711	-56.84686	0	47	2021-10-16T04:24:45
10.00638	-56.84735	0	47	2021-10-16T04:29:45
10.00566	-56.84795	0	47	2021-10-16T04:34:47
10.00489	-56.84846	0	47	2021-10-16T04:39:47
10.00420	-56.84897	0	47	2021-10-16T04:44:47
10.00344	-56.84964	0	47	2021-10-16T04:49:45
10.00264	-56.85025	0	47	2021-10-16T04:54:43
10.00175	-56.85089	0	47	2021-10-16T04:59:44
10.00096	-56.85150	0	47	2021-10-16T05:04:41
10.00011	-56.85205	0	47	2021-10-16T05:09:42
9.99910	-56.85269	0	47	2021-10-16T05:15:08
9.99840	-56.85324	0	47	2021-10-16T05:19:43
9.99754	-56.85373	0	47	2021-10-16T05:24:40
9.99672	-56.85428	0	47	2021-10-16T05:29:41
9.99599	-56.85486	0	47	2021-10-16T05:34:44
9.99535	-56.85529	0	47	2021-10-16T05:39:43
9.99459	-56.85580	0	47	2021-10-16T05:44:40
9.99388	-56.85632	0	47	2021-10-16T05:49:41
9.99315	-56.85684	0	47	2021-10-16T05:54:45
9.99245	-56.85742	0	47	2021-10-16T05:59:43
9.99170	-56.85797	0	47	2021-10-16T06:04:43
9.99094	-56.85861	0	47	2021-10-16T06:09:44
9.99017	-56.85922	0	47	2021-10-16T06:15:07
9.98950	-56.85971	0	47	2021-10-16T06:19:42
9.98879	-56.86023	0	47	2021-10-16T06:24:43
9.98811	-56.86084	0	47	2021-10-16T06:29:42
9.98739	-56.86145	0	47	2021-10-16T06:34:41
9.98664	-56.86203	0	47	2021-10-16T06:39:38
9.98596	-56.86265	0	47	2021-10-16T06:44:38
9.98532	-56.86325	0	47	2021-10-16T06:49:38
9.98469	-56.86386	0	47	2021-10-16T06:54:40
9.98413	-56.86450	0	47	2021-10-16T06:59:37
9.98349	-56.86526	0	47	2021-10-16T07:04:39
9.98279	-56.86591	0	47	2021-10-16T07:09:38
9.98199	-56.86664	0	47	2021-10-16T07:15:26
9.98143	-56.86722	0	47	2021-10-16T07:19:35
9.98080	-56.86792	0	47	2021-10-16T07:24:36
9.98019	-56.86868	0	47	2021-10-16T07:29:37
9.97968	-56.86937	0	47	2021-10-16T07:34:36
9.97917	-56.87006	0	47	2021-10-16T07:39:36
9.97864	-56.87082	0	47	2021-10-16T07:44:38
9.97817	-56.87167	0	47	2021-10-16T07:49:34
9.97783	-56.87244	0	47	2021-10-16T07:54:35
9.97741	-56.87326	0	47	2021-10-16T07:59:36
9.97706	-56.87408	0	47	2021-10-16T08:04:37
9.97671	-56.87498	0	47	2021-10-16T08:09:57
9.97631	-56.87592	0	47	2021-10-16T08:14:58
9.97594	-56.87674	0	47	2021-10-16T08:19:35
9.97551	-56.87753	0	47	2021-10-16T08:24:32
9.97503	-56.87844	0	47	2021-10-16T08:29:33
9.97460	-56.87921	0	47	2021-10-16T08:34:34
9.97414	-56.88010	0	47	2021-10-16T08:39:35
9.97369	-56.88098	0	47	2021-10-16T08:44:32
9.97325	-56.88187	0	47	2021-10-16T08:49:33
9.97282	-56.88269	0	47	2021-10-16T08:54:33
9.97240	-56.88364	0	47	2021-10-16T08:59:34
9.97200	-56.88461	0	47	2021-10-16T09:04:35
9.97157	-56.88559	0	47	2021-10-16T09:09:33
9.97115	-56.88672	0	47	2021-10-16T09:14:36
9.97081	-56.88758	0	47	2021-10-16T09:19:35
9.97038	-56.88861	0	47	2021-10-16T09:24:35
9.97000	-56.88965	0	47	2021-10-16T09:29:32
9.96960	-56.89063	0	47	2021-10-16T09:34:33
9.96917	-56.89157	0	47	2021-10-16T09:39:40
9.96876	-56.89255	0	47	2021-10-16T09:44:34
9.96836	-56.89352	0	47	2021-10-16T09:49:36
9.96801	-56.89444	0	47	2021-10-16T09:54:36
9.96766	-56.89539	0	47	2021-10-16T09:59:37
9.96735	-56.89636	0	47	2021-10-16T10:04:38
9.96707	-56.89728	0	47	2021-10-16T10:09:37
9.96677	-56.89828	0	47	2021-10-16T10:14:59
9.96653	-56.89918	0	47	2021-10-16T10:19:37
9.96618	-56.90012	0	47	2021-10-16T10:24:37
9.96583	-56.90109	0	47	2021-10-16T10:29:35
9.96551	-56.90207	0	47	2021-10-16T10:34:36
9.96524	-56.90305	0	47	2021-10-16T10:39:35
9.96509	-56.90396	0	47	2021-10-16T10:44:37
9.96491	-56.90494	0	47	2021-10-16T10:49:34
9.96462	-56.90591	0	47	2021-10-16T10:54:34
9.96425	-56.90692	0	47	2021-10-16T10:59:38
9.96406	-56.90775	0	47	2021-10-16T11:04:35
9.96383	-56.90872	0	47	2021-10-16T11:09:38
9.96369	-56.90973	0	47	2021-10-16T11:14:57
9.96355	-56.91078	0	47	2021-10-16T11:19:46
9.96343	-56.91172	0	47	2021-10-16T11:24:45
9.96334	-56.91266	0	47	2021-10-16T11:29:45
9.96331	-56.91357	0	47	2021-10-16T11:34:45
9.96322	-56.91455	0	47	2021-10-16T11:39:46
9.96324	-56.91544	0	47	2021-10-16T11:44:46
9.96322	-56.91638	0	47	2021-10-16T11:49:48
9.96329	-56.91904	0	47	2021-10-16T12:05:25
9.96329	-56.91990	0	47	2021-10-16T12:10:26
9.96325	-56.92093	0	47	2021-10-16T12:15:26
9.96319	-56.92178	0	47	2021-10-16T12:19:52
9.96317	-56.92267	0	47	2021-10-16T12:24:50
9.96313	-56.92360	0	47	2021-10-16T12:29:52
9.96312	-56.92432	0	47	2021-10-16T12:34:52
9.96313	-56.92514	0	47	2021-10-16T12:39:53
9.96322	-56.92608	0	47	2021-10-16T12:44:51
9.96331	-56.92694	0	47	2021-10-16T12:49:58
9.96341	-56.92780	0	47	2021-10-16T12:54:52
9.96346	-56.92865	0	47	2021-10-16T12:59:48
9.96355	-56.92960	0	47	2021-10-16T13:05:31
9.96355	-56.93046	0	47	2021-10-16T13:10:31
9.96355	-56.93149	0	47	2021-10-16T13:15:30
9.96353	-56.93228	0	47	2021-10-16T13:19:48
9.96348	-56.93320	0	47	2021-10-16T13:24:49
9.96340	-56.93408	0	47	2021-10-16T13:29:46
9.96325	-56.93503	0	47	2021-10-16T13:34:47
9.96316	-56.93597	0	47	2021-10-16T13:39:45
9.96293	-56.93785	0	47	2021-10-16T13:49:45
9.96280	-56.93871	0	47	2021-10-16T13:54:45
9.96271	-56.93948	0	47	2021-10-16T13:59:44
9.96271	-56.94037	0	47	2021-10-16T14:04:45
9.96246	-56.94116	0	47	2021-10-16T14:09:48
9.96238	-56.94211	0	47	2021-10-16T14:15:09
9.96228	-56.94290	0	47	2021-10-16T14:19:43
9.96233	-56.94382	0	47	2021-10-16T14:24:41
9.96254	-56.94476	0	47	2021-10-16T14:29:41
9.96246	-56.94565	0	47	2021-10-16T14:34:42
9.96279	-56.94751	0	47	2021-10-16T14:44:40
9.96303	-56.94843	0	47	2021-10-16T14:49:39
9.96329	-56.94937	0	47	2021-10-16T14:54:38
9.96364	-56.95032	0	47	2021-10-16T14:59:37
9.96402	-56.95132	0	47	2021-10-16T15:04:38
9.96444	-56.95236	0	47	2021-10-16T15:09:35
9.96470	-56.95365	0	47	2021-10-16T15:14:34
9.96486	-56.95459	0	47	2021-10-16T15:19:34
9.96518	-56.95569	0	47	2021-10-16T15:24:37
9.96549	-56.95676	0	47	2021-10-16T15:29:35
9.96582	-56.95779	0	47	2021-10-16T15:34:37
9.96602	-56.95893	0	47	2021-10-16T15:39:38
9.96622	-56.95996	0	47	2021-10-16T15:44:38
9.96644	-56.96106	0	47	2021-10-16T15:49:39
9.96672	-56.96213	0	47	2021-10-16T15:54:37
9.96701	-56.96320	0	47	2021-10-16T15:59:37
9.96740	-56.96430	0	47	2021-10-16T16:04:52
9.96766	-56.96524	0	47	2021-10-16T16:09:51
9.96798	-56.96625	0	47	2021-10-16T16:14:59
9.96827	-56.96716	0	47	2021-10-16T16:19:37
9.96855	-56.96820	0	47	2021-10-16T16:24:36
9.96883	-56.96927	0	47	2021-10-16T16:29:38
9.96906	-56.97025	0	47	2021-10-16T16:34:39
9.96935	-56.97122	0	47	2021-10-16T16:39:37
9.96965	-56.97217	0	47	2021-10-16T16:44:38
9.96997	-56.97308	0	47	2021-10-16T16:49:38
9.97031	-56.97397	0	47	2021-10-16T16:54:39
9.97063	-56.97491	0	47	2021-10-16T16:59:38
9.97096	-56.97580	0	47	2021-10-16T17:04:37
9.97127	-56.97678	0	47	2021-10-16T17:09:38
9.97161	-56.97781	0	47	2021-10-16T17:14:57
9.97195	-56.97867	0	47	2021-10-16T17:19:34
9.97237	-56.97964	0	47	2021-10-16T17:24:35
9.97270	-56.98071	0	47	2021-10-16T17:29:36
9.97303	-56.98172	0	47	2021-10-16T17:34:34
9.97333	-56.98276	0	47	2021-10-16T17:39:35
9.97361	-56.98380	0	47	2021-10-16T17:44:38
9.97391	-56.98483	0	47	2021-10-16T17:49:39
9.97420	-56.98584	0	47	2021-10-16T17:54:34
9.97453	-56.98685	0	47	2021-10-16T17:59:34
9.97489	-56.98785	0	47	2021-10-16T18:04:36
9.97525	-56.98886	0	47	2021-10-16T18:09:36
9.97561	-56.98990	0	47	2021-10-16T18:14:55
9.97600	-56.99075	0	47	2021-10-16T18:19:35
9.97643	-56.99170	0	47	2021-10-16T18:24:31
9.97688	-56.99273	0	47	2021-10-16T18:29:36
9.97722	-56.99353	0	47	2021-10-16T18:34:35
9.97761	-56.99445	0	47	2021-10-16T18:39:37
9.97808	-56.99533	0	47	2021-10-16T18:44:37
9.97851	-56.99625	0	47	2021-10-16T18:49:38
9.97887	-56.99710	0	47	2021-10-16T18:54:37
9.97930	-56.99799	0	47	2021-10-16T18:59:37
9.97974	-56.99890	0	47	2021-10-16T19:04:39
9.98013	-56.99982	0	47	2021-10-16T19:10:08
9.98047	-57.00076	0	47	2021-10-16T19:15:07
9.98077	-57.00153	0	47	2021-10-16T19:19:44
9.98112	-57.00235	0	47	2021-10-16T19:24:44
9.98147	-57.00317	0	47	2021-10-16T19:29:46
9.98187	-57.00400	0	47	2021-10-16T19:34:49
9.98235	-57.00476	0	47	2021-10-16T19:39:47
9.98290	-57.00540	0	47	2021-10-16T19:44:45
9.98335	-57.00623	0	47	2021-10-16T19:49:46
9.98377	-57.00705	0	47	2021-10-16T19:54:46
9.98432	-57.00781	0	47	2021-10-16T19:59:46
9.98489	-57.00851	0	47	2021-10-16T20:04:47
9.98545	-57.00928	0	47	2021-10-16T20:09:46
9.98614	-57.01004	0	47	2021-10-16T20:15:09
9.98658	-57.01083	0	47	2021-10-16T20:19:46
9.98698	-57.01178	0	47	2021-10-16T20:24:44
9.98747	-57.01251	0	47	2021-10-16T20:29:45
9.98800	-57.01324	0	47	2021-10-16T20:34:45
9.98847	-57.01409	0	47	2021-10-16T20:39:45
9.98889	-57.01486	0	47	2021-10-16T20:44:44
9.98938	-57.01563	0	47	2021-10-16T20:49:45
9.98989	-57.01639	0	47	2021-10-16T20:54:45
9.99043	-57.01715	0	47	2021-10-16T20:59:47
9.99095	-57.01785	0	47	2021-10-16T21:04:44
9.99149	-57.01855	0	47	2021-10-16T21:09:45
9.99215	-57.01951	0	47	2021-10-16T21:14:45
9.99271	-57.02011	0	47	2021-10-16T21:19:45
9.99325	-57.02045	0	47	2021-10-16T21:24:45
9.99389	-57.02115	0	47	2021-10-16T21:29:42
9.99455	-57.02197	0	47	2021-10-16T21:34:40
9.99518	-57.02261	0	47	2021-10-16T21:39:40
9.99585	-57.02328	0	47	2021-10-16T21:44:42
9.99649	-57.02393	0	47	2021-10-16T21:49:39
9.99713	-57.02457	0	47	2021-10-16T21:54:36
9.99778	-57.02521	0	47	2021-10-16T21:59:38
9.99843	-57.02579	0	47	2021-10-16T22:04:37
9.99907	-57.02625	0	47	2021-10-16T22:09:38
9.99987	-57.02692	0	47	2021-10-16T22:14:58
10.00129	-57.02789	0	47	2021-10-16T22:24:33
10.00206	-57.02832	0	47	2021-10-16T22:29:35
10.00292	-57.02875	0	47	2021-10-16T22:34:32
10.00382	-57.02921	0	47	2021-10-16T22:39:32
10.00467	-57.02972	0	47	2021-10-16T22:44:30
10.00544	-57.03015	0	47	2021-10-16T22:49:30
10.00641	-57.03061	0	47	2021-10-16T22:54:31
10.00734	-57.03107	0	47	2021-10-16T22:59:33
10.00833	-57.03155	0	47	2021-10-16T23:04:40
10.00923	-57.03189	0	47	2021-10-16T23:09:40
10.01026	-57.03220	0	47	2021-10-16T23:14:56
10.01105	-57.03250	0	47	2021-10-16T23:19:40
10.01176	-57.03278	0	47	2021-10-16T23:24:41
10.01245	-57.03320	0	47	2021-10-16T23:29:37
10.01322	-57.03354	0	47	2021-10-16T23:34:38
10.01402	-57.03387	0	47	2021-10-16T23:39:39
10.01487	-57.03422	0	47	2021-10-16T23:44:40
10.01564	-57.03456	0	47	2021-10-16T23:49:40
10.01641	-57.03482	0	47	2021-10-16T23:54:40
10.01716	-57.03513	0	47	2021-10-16T23:59:41
10.01792	-57.03549	0	47	2021-10-17T00:04:43
10.01871	-57.03564	0	47	2021-10-17T00:09:39
10.01951	-57.03575	0	47	2021-10-17T00:14:40
10.02020	-57.03592	0	47	2021-10-17T00:19:39
10.02103	-57.03625	0	47	2021-10-17T00:24:43
10.02184	-57.03656	0	47	2021-10-17T00:29:44
10.02260	-57.03687	0	47	2021-10-17T00:34:43
10.02337	-57.03720	0	47	2021-10-17T00:39:45
10.02419	-57.03754	0	47	2021-10-17T00:44:45
10.02498	-57.03784	0	47	2021-10-17T00:49:47
10.02574	-57.03813	0	47	2021-10-17T00:54:45
10.02638	-57.03839	0	47	2021-10-17T00:59:45
10.02702	-57.03848	0	47	2021-10-17T01:04:46
10.02763	-57.03891	0	47	2021-10-17T01:09:43
10.02835	-57.03915	0	47	2021-10-17T01:15:07
10.02893	-57.03934	0	47	2021-10-17T01:19:41
10.02952	-57.03955	0	47	2021-10-17T01:24:38
10.03015	-57.04001	0	47	2021-10-17T01:29:39
10.03072	-57.04041	0	47	2021-10-17T01:34:39
10.03135	-57.04083	0	47	2021-10-17T01:39:41
10.03200	-57.04112	0	47	2021-10-17T01:44:43
10.03256	-57.04138	0	47	2021-10-17T01:49:42
10.03315	-57.04173	0	47	2021-10-17T01:54:46
10.03358	-57.04190	0	47	2021-10-17T01:59:46
10.03392	-57.04199	0	47	2021-10-17T02:04:45
10.03447	-57.04227	0	47	2021-10-17T02:09:45
10.03513	-57.04266	0	47	2021-10-17T02:15:27
10.03560	-57.04288	0	47	2021-10-17T02:19:44
10.03612	-57.04315	0	47	2021-10-17T02:24:58
10.03660	-57.04343	0	47	2021-10-17T02:29:56
10.03698	-57.04361	0	47	2021-10-17T02:34:53
10.03734	-57.04385	0	47	2021-10-17T02:39:46
10.03773	-57.04422	0	47	2021-10-17T02:44:54
10.03805	-57.04440	0	47	2021-10-17T02:49:47
10.03843	-57.04474	0	47	2021-10-17T02:54:45
10.03869	-57.04500	0	47	2021-10-17T02:59:46
10.03899	-57.04526	0	47	2021-10-17T03:04:46
10.03926	-57.04556	0	47	2021-10-17T03:09:48
10.03943	-57.04584	0	47	2021-10-17T03:15:26
10.03968	-57.04602	0	47	2021-10-17T03:19:49
10.03999	-57.04623	0	47	2021-10-17T03:24:49
10.04035	-57.04655	0	47	2021-10-17T03:29:50
10.04065	-57.04681	0	47	2021-10-17T03:34:49
10.04088	-57.04703	0	47	2021-10-17T03:39:52
10.04105	-57.04727	0	47	2021-10-17T03:44:50
10.04119	-57.04742	0	47	2021-10-17T03:49:53
10.04132	-57.04773	0	47	2021-10-17T03:54:52
10.04158	-57.04810	0	47	2021-10-17T04:04:53
10.04161	-57.04828	0	47	2021-10-17T04:09:51
10.04162	-57.04852	0	47	2021-10-17T04:15:25
10.04160	-57.04865	0	47	2021-10-17T04:19:52
10.04161	-57.04893	0	47	2021-10-17T04:24:50
10.04165	-57.04910	0	47	2021-10-17T04:29:50
10.04169	-57.04935	0	47	2021-10-17T04:34:47
10.04162	-57.04965	0	47	2021-10-17T04:39:45
10.04151	-57.04991	0	47	2021-10-17T04:44:48
10.04142	-57.05017	0	47	2021-10-17T04:49:49
10.04127	-57.05038	0	47	2021-10-17T04:54:47
10.04116	-57.05054	0	47	2021-10-17T04:59:47
10.04101	-57.05072	0	47	2021-10-17T05:04:49
10.04078	-57.05087	0	47	2021-10-17T05:09:48
10.04056	-57.05106	0	47	2021-10-17T05:15:27
10.04033	-57.05118	0	47	2021-10-17T05:19:49
10.03999	-57.05145	0	47	2021-10-17T05:24:48
10.03969	-57.05154	0	47	2021-10-17T05:29:48
10.03943	-57.05173	0	47	2021-10-17T05:34:49
10.03915	-57.05188	0	47	2021-10-17T05:39:50
10.03890	-57.05203	0	47	2021-10-17T05:44:47
10.03853	-57.05231	0	47	2021-10-17T05:49:48
10.03814	-57.05240	0	47	2021-10-17T05:54:48
10.03785	-57.05255	0	47	2021-10-17T05:59:50
10.03759	-57.05276	0	47	2021-10-17T06:04:49
10.03723	-57.05283	0	47	2021-10-17T06:09:48
10.03685	-57.05289	0	47	2021-10-17T06:15:26
10.03645	-57.05298	0	47	2021-10-17T06:19:53
10.03606	-57.05298	0	47	2021-10-17T06:24:54
10.03576	-57.05307	0	47	2021-10-17T06:29:48
10.03552	-57.05319	0	47	2021-10-17T06:34:51
10.03531	-57.05328	0	47	2021-10-17T06:39:52
10.03507	-57.05341	0	47	2021-10-17T06:44:50
10.03488	-57.05356	0	47	2021-10-17T06:49:51
10.03464	-57.05362	0	47	2021-10-17T06:54:52
10.03436	-57.05377	0	47	2021-10-17T06:59:51
10.03409	-57.05389	0	47	2021-10-17T07:04:52
10.03380	-57.05396	0	47	2021-10-17T07:09:50
10.03353	-57.05402	0	47	2021-10-17T07:15:23
10.03322	-57.05408	0	47	2021-10-17T07:19:52
10.03291	-57.05411	0	47	2021-10-17T07:24:50
10.03261	-57.05414	0	47	2021-10-17T07:29:53
10.03227	-57.05423	0	47	2021-10-17T07:34:53
10.03197	-57.05432	0	47	2021-10-17T07:39:52
10.03165	-57.05444	0	47	2021-10-17T07:44:52
10.03134	-57.05463	0	47	2021-10-17T07:49:53
10.03081	-57.05495	0	47	2021-10-17T07:59:55
10.03053	-57.05508	0	47	2021-10-17T08:04:58
10.03025	-57.05521	0	47	2021-10-17T08:09:56
10.02990	-57.05536	0	47	2021-10-17T08:14:53
10.02973	-57.05536	0	47	2021-10-17T08:19:53
10.02953	-57.05557	0	47	2021-10-17T08:24:55
10.02933	-57.05551	0	47	2021-10-17T08:29:56
10.02915	-57.05557	0	47	2021-10-17T08:34:54
10.02894	-57.05563	0	47	2021-10-17T08:39:57
10.02868	-57.05563	0	47	2021-10-17T08:44:55
10.02840	-57.05563	0	47	2021-10-17T08:49:55
10.02819	-57.05560	0	47	2021-10-17T08:54:57
10.02796	-57.05557	0	47	2021-10-17T08:59:57
10.02776	-57.05560	0	47	2021-10-17T09:05:01
10.02753	-57.05566	0	47	2021-10-17T09:09:55
10.02733	-57.05566	0	47	2021-10-17T09:15:27
10.02725	-57.05573	0	47	2021-10-17T09:19:56
10.02715	-57.05588	0	47	2021-10-17T09:24:55
10.02706	-57.05588	0	47	2021-10-17T09:29:55
10.02700	-57.05597	0	47	2021-10-17T09:34:56
10.02693	-57.05612	0	47	2021-10-17T09:39:57
10.02689	-57.05627	0	47	2021-10-17T09:45:00
10.02681	-57.05646	0	47	2021-10-17T09:49:55
10.02681	-57.05655	0	47	2021-10-17T09:54:55
10.02679	-57.05673	0	47	2021-10-17T09:59:55
10.02681	-57.05688	0	47	2021-10-17T10:05:00
10.02681	-57.05707	0	47	2021-10-17T10:09:58
10.02681	-57.05710	0	47	2021-10-17T10:15:27
10.02690	-57.05746	0	47	2021-10-17T10:25:01
10.02691	-57.05762	0	47	2021-10-17T10:29:58
10.02703	-57.05780	0	47	2021-10-17T10:35:01
10.02711	-57.05795	0	47	2021-10-17T10:39:59
10.02719	-57.05804	0	47	2021-10-17T10:45:01
10.02726	-57.05817	0	47	2021-10-17T10:50:04
10.02745	-57.05847	0	47	2021-10-17T10:59:59
10.02754	-57.05882	0	47	2021-10-17T11:05:26
10.02760	-57.05893	0	47	2021-10-17T11:10:00
10.02776	-57.05899	0	47	2021-10-17T11:15:25
10.02779	-57.05920	0	47	2021-10-17T11:20:03
10.02782	-57.05942	0	47	2021-10-17T11:25:03
10.02785	-57.05957	0	47	2021-10-17T11:30:08
10.02784	-57.05972	0	47	2021-10-17T11:35:06
10.02789	-57.05984	0	47	2021-10-17T11:40:06
10.02788	-57.06000	0	47	2021-10-17T11:45:05
10.02791	-57.06018	0	47	2021-10-17T11:50:06
10.02796	-57.06047	0	47	2021-10-17T11:55:05
10.02796	-57.06064	0	47	2021-10-17T12:00:05
10.02806	-57.06085	0	47	2021-10-17T12:05:06
10.02823	-57.06126	0	47	2021-10-17T12:10:07
10.02827	-57.06160	0	47	2021-10-17T12:15:07
10.02840	-57.06186	0	47	2021-10-17T12:20:06
10.02858	-57.06223	0	47	2021-10-17T12:25:06
10.02872	-57.06256	0	47	2021-10-17T12:30:07
10.02877	-57.06296	0	47	2021-10-17T12:35:11
10.02881	-57.06322	0	47	2021-10-17T12:40:12
10.02885	-57.06339	0	47	2021-10-17T12:45:12
10.02895	-57.06366	0	47	2021-10-17T12:50:13
10.02917	-57.06404	0	47	2021-10-17T12:55:10
10.02934	-57.06430	0	47	2021-10-17T13:00:10
10.02952	-57.06454	0	47	2021-10-17T13:05:08
10.02968	-57.06488	0	47	2021-10-17T13:10:06
10.02985	-57.06524	0	47	2021-10-17T13:15:09
10.02998	-57.06550	0	47	2021-10-17T13:20:08
10.03011	-57.06567	0	47	2021-10-17T13:25:08
10.03023	-57.06598	0	47	2021-10-17T13:30:06
10.03041	-57.06666	0	47	2021-10-17T13:40:06
10.03039	-57.06696	0	47	2021-10-17T13:45:08
10.03045	-57.06726	0	47	2021-10-17T13:50:05
10.03053	-57.06766	0	47	2021-10-17T13:55:06
10.03076	-57.06781	0	47	2021-10-17T14:00:05
10.03084	-57.06830	0	47	2021-10-17T14:05:19
10.03084	-57.06882	0	47	2021-10-17T14:10:05
10.03072	-57.06924	0	47	2021-10-17T14:15:39
10.03082	-57.06964	0	47	2021-10-17T14:20:01
10.03070	-57.07007	0	47	2021-10-17T14:25:00
10.03051	-57.07047	0	47	2021-10-17T14:30:01
10.03053	-57.07089	0	47	2021-10-17T14:35:13
10.03025	-57.07141	0	47	2021-10-17T14:39:59
10.03014	-57.07181	0	47	2021-10-17T14:45:02
10.02994	-57.07227	0	47	2021-10-17T14:50:00
10.02969	-57.07269	0	47	2021-10-17T14:55:04
10.02942	-57.07312	0	47	2021-10-17T15:00:04
10.02925	-57.07355	0	47	2021-10-17T15:05:03
10.02911	-57.07394	0	47	2021-10-17T15:10:02
10.02891	-57.07462	0	47	2021-10-17T15:15:34
10.02862	-57.07508	0	47	2021-10-17T15:20:19
10.02841	-57.07559	0	47	2021-10-17T15:25:18
10.02814	-57.07615	0	47	2021-10-17T15:30:19
10.02775	-57.07666	0	47	2021-10-17T15:35:19
10.02741	-57.07712	0	47	2021-10-17T15:40:03
10.02702	-57.07764	0	47	2021-10-17T15:45:05
10.02661	-57.07819	0	47	2021-10-17T15:50:06
10.02624	-57.07886	0	47	2021-10-17T15:55:03
10.02578	-57.07950	0	47	2021-10-17T16:00:05
10.02534	-57.08030	0	47	2021-10-17T16:05:05
10.02491	-57.08090	0	47	2021-10-17T16:10:05
10.02434	-57.08170	0	47	2021-10-17T16:15:25
10.02378	-57.08246	0	47	2021-10-17T16:20:04
10.02323	-57.08319	0	47	2021-10-17T16:25:08
10.02270	-57.08398	0	47	2021-10-17T16:30:05
10.02214	-57.08481	0	47	2021-10-17T16:35:03
10.02168	-57.08563	0	47	2021-10-17T16:40:03
10.02113	-57.08661	0	47	2021-10-17T16:45:00
10.02068	-57.08737	0	47	2021-10-17T16:50:01
10.02019	-57.08832	0	47	2021-10-17T16:54:59
10.01970	-57.08920	0	47	2021-10-17T17:00:00
10.01911	-57.09009	0	47	2021-10-17T17:05:03
10.01854	-57.09100	0	47	2021-10-17T17:10:01
10.01802	-57.09196	0	47	2021-10-17T17:15:02
10.01763	-57.09265	0	47	2021-10-17T17:20:02
10.01729	-57.09351	0	47	2021-10-17T17:25:03
10.01694	-57.09427	0	47	2021-10-17T17:30:03
10.01658	-57.09520	0	47	2021-10-17T17:35:05
10.01632	-57.09597	0	47	2021-10-17T17:40:06
10.01623	-57.09674	0	47	2021-10-17T17:45:06
10.01613	-57.09766	0	47	2021-10-17T17:50:07
10.01598	-57.09845	0	47	2021-10-17T17:55:04
10.01577	-57.09924	0	47	2021-10-17T18:00:05
10.01554	-57.10013	0	47	2021-10-17T18:05:06
10.01528	-57.10089	0	47	2021-10-17T18:10:06
10.01524	-57.10173	0	47	2021-10-17T18:15:12
10.01507	-57.10242	0	47	2021-10-17T18:20:12
10.01490	-57.10312	0	47	2021-10-17T18:25:10
10.01477	-57.10385	0	47	2021-10-17T18:30:09
10.01462	-57.10458	0	47	2021-10-17T18:35:07
10.01443	-57.10535	0	47	2021-10-17T18:40:08
10.01425	-57.10605	0	47	2021-10-17T18:45:09
10.01407	-57.10675	0	47	2021-10-17T18:50:09
10.01385	-57.10751	0	47	2021-10-17T18:55:07
10.01374	-57.10818	0	47	2021-10-17T19:00:08
10.01363	-57.10889	0	47	2021-10-17T19:05:06
10.01350	-57.10965	0	47	2021-10-17T19:10:09
10.01331	-57.11033	0	47	2021-10-17T19:15:06
10.01318	-57.11093	0	47	2021-10-17T19:20:06
10.01313	-57.11160	0	47	2021-10-17T19:25:08
10.01313	-57.11237	0	47	2021-10-17T19:30:10
10.01316	-57.11310	0	47	2021-10-17T19:35:07
10.01338	-57.11371	0	47	2021-10-17T19:40:11
10.01349	-57.11459	0	47	2021-10-17T19:45:14
10.01348	-57.11542	0	47	2021-10-17T19:50:13
10.01336	-57.11725	0	47	2021-10-17T20:00:19
10.01349	-57.11785	0	47	2021-10-17T20:05:19
10.01362	-57.11862	0	47	2021-10-17T20:10:20
10.01375	-57.11963	0	47	2021-10-17T20:15:55
10.01383	-57.12039	0	47	2021-10-17T20:20:24
10.01397	-57.12122	0	47	2021-10-17T20:25:26
10.01414	-57.12203	0	47	2021-10-17T20:30:27
10.01423	-57.12280	0	47	2021-10-17T20:35:28
10.01439	-57.12360	0	47	2021-10-17T20:40:28
10.01454	-57.12439	0	47	2021-10-17T20:45:30
10.01472	-57.12521	0	47	2021-10-17T20:50:31
10.01485	-57.12598	0	47	2021-10-17T20:55:32
10.01499	-57.12671	0	47	2021-10-17T21:00:32
10.01521	-57.12738	0	47	2021-10-17T21:05:29
10.01551	-57.12805	0	47	2021-10-17T21:10:31
10.01583	-57.12878	0	47	2021-10-17T21:15:57
10.01652	-57.13012	0	47	2021-10-17T21:25:35
10.01691	-57.13081	0	47	2021-10-17T21:30:34
10.01730	-57.13132	0	47	2021-10-17T21:35:34
10.01755	-57.13193	0	47	2021-10-17T21:40:32
10.01780	-57.13268	0	47	2021-10-17T21:45:31
10.01809	-57.13336	0	47	2021-10-17T21:50:29
10.01844	-57.13406	0	47	2021-10-17T21:55:30
10.01876	-57.13480	0	47	2021-10-17T22:00:30
10.01908	-57.13550	0	47	2021-10-17T22:05:31
10.01935	-57.13620	0	47	2021-10-17T22:10:33
10.01970	-57.13693	0	47	2021-10-17T22:15:54
10.02008	-57.13757	0	47	2021-10-17T22:20:30
10.02053	-57.13836	0	47	2021-10-17T22:25:28
10.02083	-57.13905	0	47	2021-10-17T22:30:28
10.02117	-57.13974	0	47	2021-10-17T22:35:28
10.02153	-57.14044	0	47	2021-10-17T22:40:30
10.02193	-57.14103	0	47	2021-10-17T22:45:31
10.02227	-57.14163	0	47	2021-10-17T22:50:31
10.02259	-57.14224	0	47	2021-10-17T22:55:29
10.02294	-57.14285	0	47	2021-10-17T23:00:27
10.02324	-57.14328	0	47	2021-10-17T23:05:27
10.02350	-57.14377	0	47	2021-10-17T23:10:31
10.02384	-57.14420	0	47	2021-10-17T23:15:55
10.02417	-57.14459	0	47	2021-10-17T23:20:26
10.02447	-57.14502	0	47	2021-10-17T23:25:26
10.02483	-57.14551	0	47	2021-10-17T23:30:30
10.02527	-57.14600	0	47	2021-10-17T23:35:31
10.02567	-57.14642	0	47	2021-10-17T23:40:29
10.02602	-57.14691	0	47	2021-10-17T23:45:33
10.02645	-57.14737	0	47	2021-10-17T23:50:34
10.02681	-57.14789	0	47	2021-10-17T23:55:34
10.02715	-57.14841	0	47	2021-10-18T00:00:36
10.02748	-57.14896	0	47	2021-10-18T00:05:37
10.02775	-57.14948	0	47	2021-10-18T00:10:37
10.02813	-57.15016	0	47	2021-10-18T00:15:34
10.02839	-57.15067	0	47	2021-10-18T00:20:33
10.02869	-57.15118	0	47	2021-10-18T00:25:33
10.02898	-57.15179	0	47	2021-10-18T00:30:34
10.02925	-57.15244	0	47	2021-10-18T00:35:35
10.02955	-57.15295	0	47	2021-10-18T00:40:35
10.02981	-57.15329	0	47	2021-10-18T00:45:36
10.03016	-57.15375	0	47	2021-10-18T00:50:37
10.03054	-57.15423	0	47	2021-10-18T00:55:38
10.03088	-57.15466	0	47	2021-10-18T01:00:39
10.03121	-57.15515	0	47	2021-10-18T01:05:35
10.03153	-57.15558	0	47	2021-10-18T01:10:37
10.03177	-57.15604	0	47	2021-10-18T01:15:38
10.03198	-57.15647	0	47	2021-10-18T01:20:38
10.03237	-57.15698	0	47	2021-10-18T01:25:38
10.03289	-57.15790	0	47	2021-10-18T01:30:43
10.03322	-57.15848	0	47	2021-10-18T01:35:45
10.03324	-57.15881	0	47	2021-10-18T01:40:41
10.03329	-57.15924	0	47	2021-10-18T01:45:39
10.03348	-57.15982	0	47	2021-10-18T01:50:40
10.03348	-57.16034	0	47	2021-10-18T01:55:43
10.03383	-57.16116	0	47	2021-10-18T02:00:53
10.03383	-57.16159	0	47	2021-10-18T02:05:54
10.03391	-57.16199	0	47	2021-10-18T02:10:53
10.03409	-57.16254	0	47	2021-10-18T02:16:13
10.03413	-57.16293	0	47	2021-10-18T02:20:56
10.03394	-57.16306	0	47	2021-10-18T02:25:42
10.03419	-57.16364	0	47	2021-10-18T02:30:53
10.03417	-57.16397	0	47	2021-10-18T02:35:54
10.03420	-57.16434	0	47	2021-10-18T02:40:52
10.03433	-57.16473	0	47	2021-10-18T02:45:53
10.03442	-57.16513	0	47	2021-10-18T02:50:38
10.03461	-57.16565	0	47	2021-10-18T02:55:38
10.03474	-57.16623	0	47	2021-10-18T03:00:40
10.03487	-57.16687	0	47	2021-10-18T03:05:44
10.03500	-57.16748	0	47	2021-10-18T03:10:50
10.03510	-57.16809	0	47	2021-10-18T03:15:58
10.03527	-57.16870	0	47	2021-10-18T03:20:38
10.03541	-57.16937	0	47	2021-10-18T03:25:35
10.03545	-57.16992	0	47	2021-10-18T03:30:32
10.03557	-57.17062	0	47	2021-10-18T03:35:29
10.03568	-57.17136	0	47	2021-10-18T03:40:30
10.03580	-57.17200	0	47	2021-10-18T03:45:29
10.03591	-57.17267	0	47	2021-10-18T03:50:26
10.03605	-57.17325	0	47	2021-10-18T03:55:27
10.03628	-57.17389	0	47	2021-10-18T04:00:28
10.03650	-57.17461	0	47	2021-10-18T04:05:55
10.03669	-57.17511	0	47	2021-10-18T04:10:29
10.03684	-57.17572	0	47	2021-10-18T04:15:56
10.03693	-57.17615	0	47	2021-10-18T04:20:23
10.03692	-57.17664	0	47	2021-10-18T04:25:32
10.03695	-57.17719	0	47	2021-10-18T04:30:25
10.03699	-57.17773	0	47	2021-10-18T04:35:28
10.03715	-57.17821	0	47	2021-10-18T04:40:27
10.03728	-57.17872	0	47	2021-10-18T04:45:27
10.03745	-57.17923	0	47	2021-10-18T04:50:28
10.03762	-57.17972	0	47	2021-10-18T04:55:31
10.03776	-57.18027	0	47	2021-10-18T05:00:27
10.03787	-57.18076	0	47	2021-10-18T05:05:26
10.03802	-57.18124	0	47	2021-10-18T05:10:26
10.03810	-57.18170	0	47	2021-10-18T05:15:55
10.03817	-57.18213	0	47	2021-10-18T05:20:24
10.03829	-57.18265	0	47	2021-10-18T05:25:25
10.03848	-57.18329	0	47	2021-10-18T05:30:22
10.03872	-57.18387	0	47	2021-10-18T05:35:20
10.03889	-57.18439	0	47	2021-10-18T05:40:21
10.03911	-57.18491	0	47	2021-10-18T05:45:22
10.03938	-57.18546	0	47	2021-10-18T05:50:19
10.03961	-57.18591	0	47	2021-10-18T05:55:20
10.03981	-57.18640	0	47	2021-10-18T06:00:19
10.04006	-57.18686	0	47	2021-10-18T06:05:21
10.04030	-57.18738	0	47	2021-10-18T06:10:19
10.04062	-57.18811	0	47	2021-10-18T06:15:57
10.04085	-57.18869	0	47	2021-10-18T06:20:20
10.04113	-57.18930	0	47	2021-10-18T06:25:17
10.04136	-57.18997	0	47	2021-10-18T06:30:18
10.04171	-57.19067	0	47	2021-10-18T06:35:20
10.04207	-57.19131	0	47	2021-10-18T06:40:17
10.04238	-57.19193	0	47	2021-10-18T06:45:19
10.04273	-57.19263	0	47	2021-10-18T06:50:17
10.04310	-57.19342	0	47	2021-10-18T06:55:19
10.04347	-57.19410	0	47	2021-10-18T07:00:18
10.04377	-57.19479	0	47	2021-10-18T07:05:17
10.04406	-57.19543	0	47	2021-10-18T07:10:20
10.04448	-57.19623	0	47	2021-10-18T07:15:54
10.04494	-57.19684	0	47	2021-10-18T07:20:25
10.04550	-57.19754	0	47	2021-10-18T07:25:17
10.04606	-57.19830	0	47	2021-10-18T07:30:20
10.04669	-57.19907	0	47	2021-10-18T07:35:21
10.04729	-57.19974	0	47	2021-10-18T07:40:25
10.04786	-57.20033	0	47	2021-10-18T07:45:20
10.04833	-57.20093	0	47	2021-10-18T07:50:20
10.04881	-57.20151	0	47	2021-10-18T07:55:22
10.04921	-57.20206	0	47	2021-10-18T08:00:23
10.04960	-57.20267	0	47	2021-10-18T08:05:23
10.04993	-57.20319	0	47	2021-10-18T08:10:20
10.05030	-57.20374	0	47	2021-10-18T08:15:55
10.05068	-57.20416	0	47	2021-10-18T08:20:21
10.05098	-57.20465	0	47	2021-10-18T08:25:22
10.05135	-57.20517	0	47	2021-10-18T08:30:23
10.05174	-57.20575	0	47	2021-10-18T08:35:20
10.05203	-57.20633	0	47	2021-10-18T08:40:18
10.05240	-57.20694	0	47	2021-10-18T08:45:17
10.05288	-57.20762	0	47	2021-10-18T08:50:14
10.05331	-57.20822	0	47	2021-10-18T08:55:13
10.05380	-57.20886	0	47	2021-10-18T09:00:13
10.05425	-57.20947	0	47	2021-10-18T09:05:14
10.05480	-57.20997	0	47	2021-10-18T09:10:38
10.05540	-57.21057	0	47	2021-10-18T09:15:39
10.05576	-57.21106	0	47	2021-10-18T09:20:13
10.05621	-57.21161	0	47	2021-10-18T09:25:12
10.05670	-57.21216	0	47	2021-10-18T09:30:10
10.05718	-57.21265	0	47	2021-10-18T09:35:11
10.05763	-57.21313	0	47	2021-10-18T09:40:09
10.05807	-57.21359	0	47	2021-10-18T09:45:12
10.05848	-57.21411	0	47	2021-10-18T09:50:11
10.05881	-57.21448	0	47	2021-10-18T09:55:11
10.05912	-57.21497	0	47	2021-10-18T10:00:12
10.05949	-57.21545	0	47	2021-10-18T10:05:11
10.05987	-57.21601	0	47	2021-10-18T10:10:25
10.06021	-57.21652	0	47	2021-10-18T10:15:26
10.06060	-57.21704	0	47	2021-10-18T10:20:11
10.06108	-57.21756	0	47	2021-10-18T10:25:11
10.06160	-57.21812	0	47	2021-10-18T10:30:13
10.06207	-57.21872	0	47	2021-10-18T10:35:13
10.06245	-57.21930	0	47	2021-10-18T10:40:15
10.06333	-57.22028	0	47	2021-10-18T10:50:13
10.06382	-57.22078	0	47	2021-10-18T10:55:18
10.06423	-57.22128	0	47	2021-10-18T11:00:15
10.06468	-57.22180	0	47	2021-10-18T11:05:19
10.06521	-57.22232	0	47	2021-10-18T11:10:23
10.06590	-57.22296	0	47	2021-10-18T11:16:23
10.06641	-57.22333	0	47	2021-10-18T11:20:26
10.06693	-57.22385	0	47	2021-10-18T11:25:27
10.06751	-57.22446	0	47	2021-10-18T11:30:23
10.06804	-57.22505	0	47	2021-10-18T11:35:21
10.06847	-57.22565	0	47	2021-10-18T11:40:21
10.06888	-57.22617	0	47	2021-10-18T11:45:26
10.06929	-57.22675	0	47	2021-10-18T11:50:25
10.06969	-57.22723	0	47	2021-10-18T11:55:23
10.07011	-57.22785	0	47	2021-10-18T12:00:25
10.07045	-57.22836	0	47	2021-10-18T12:05:25
10.07082	-57.22885	0	47	2021-10-18T12:10:26
10.07113	-57.22943	0	47	2021-10-18T12:15:57
10.07142	-57.22998	0	47	2021-10-18T12:20:28
10.07176	-57.23041	0	47	2021-10-18T12:25:28
10.07210	-57.23090	0	47	2021-10-18T12:30:30
10.07242	-57.23141	0	47	2021-10-18T12:35:27
10.07278	-57.23192	0	47	2021-10-18T12:40:28
10.07299	-57.23243	0	47	2021-10-18T12:45:28
10.07316	-57.23294	0	47	2021-10-18T12:50:29
10.07334	-57.23346	0	47	2021-10-18T12:55:26
10.07356	-57.23414	0	47	2021-10-18T13:00:27
10.07382	-57.23465	0	47	2021-10-18T13:05:27
10.07412	-57.23526	0	47	2021-10-18T13:10:29
10.07459	-57.23642	0	47	2021-10-18T13:20:30
10.07483	-57.23713	0	47	2021-10-18T13:25:32
10.07504	-57.23773	0	47	2021-10-18T13:30:32
10.07528	-57.23843	0	47	2021-10-18T13:35:29
10.07556	-57.23911	0	47	2021-10-18T13:40:33
10.07577	-57.23975	0	47	2021-10-18T13:45:31
10.07605	-57.24042	0	47	2021-10-18T13:50:33
10.07627	-57.24115	0	47	2021-10-18T13:55:36
10.07645	-57.24185	0	47	2021-10-18T14:00:34
10.07668	-57.24265	0	47	2021-10-18T14:05:34
10.07694	-57.24338	0	47	2021-10-18T14:10:35
10.07741	-57.24588	0	47	2021-10-18T14:25:37
10.07761	-57.24664	0	47	2021-10-18T14:30:35
10.07785	-57.24744	0	47	2021-10-18T14:35:32
10.07802	-57.24835	0	47	2021-10-18T14:40:33
10.07823	-57.24915	0	47	2021-10-18T14:45:36
10.07825	-57.25003	0	47	2021-10-18T14:50:34
10.07844	-57.25099	0	47	2021-10-18T14:55:32
10.07857	-57.25185	0	47	2021-10-18T15:00:32
10.07870	-57.25262	0	47	2021-10-18T15:05:32
10.07877	-57.25359	0	47	2021-10-18T15:10:56
10.07898	-57.25436	0	47	2021-10-18T15:15:55
10.07907	-57.25525	0	47	2021-10-18T15:20:43
10.07907	-57.25616	0	47	2021-10-18T15:25:48
10.07907	-57.25708	0	47	2021-10-18T15:30:52
10.07905	-57.25803	0	47	2021-10-18T15:35:53
10.07908	-57.25901	0	47	2021-10-18T15:40:53
10.07912	-57.25995	0	47	2021-10-18T15:45:52
10.07918	-57.26099	0	47	2021-10-18T15:50:51
10.07931	-57.26199	0	47	2021-10-18T15:55:49
10.07940	-57.26303	0	47	2021-10-18T16:00:49
10.07963	-57.26395	0	47	2021-10-18T16:05:35
10.07985	-57.26496	0	47	2021-10-18T16:10:56
10.08006	-57.26608	0	47	2021-10-18T16:15:57
10.08026	-57.26700	0	47	2021-10-18T16:20:31
10.08054	-57.26801	0	47	2021-10-18T16:25:28
10.08090	-57.26907	0	47	2021-10-18T16:30:29
10.08121	-57.27011	0	47	2021-10-18T16:35:26
10.08149	-57.27116	0	47	2021-10-18T16:40:25
10.08188	-57.27228	0	47	2021-10-18T16:45:24
10.08232	-57.27335	0	47	2021-10-18T16:50:25
10.08278	-57.27447	0	47	2021-10-18T16:55:25
10.08317	-57.27567	0	47	2021-10-18T17:00:26
10.08357	-57.27673	0	47	2021-10-18T17:05:23
10.08395	-57.27783	0	47	2021-10-18T17:10:26
10.08437	-57.27899	0	47	2021-10-18T17:15:56
10.08477	-57.27997	0	47	2021-10-18T17:20:25
10.08513	-57.28111	0	47	2021-10-18T17:25:25
10.08552	-57.28223	0	47	2021-10-18T17:30:24
10.08598	-57.28336	0	47	2021-10-18T17:35:25
10.08649	-57.28456	0	47	2021-10-18T17:40:25
10.08705	-57.28568	0	47	2021-10-18T17:45:26
10.08762	-57.28684	0	47	2021-10-18T17:50:23
10.08801	-57.28796	0	47	2021-10-18T17:55:23
10.08847	-57.28912	0	47	2021-10-18T18:00:25
10.08897	-57.29034	0	47	2021-10-18T18:05:25
10.08945	-57.29160	0	47	2021-10-18T18:10:23
10.09002	-57.29294	0	47	2021-10-18T18:15:58
10.09048	-57.29403	0	47	2021-10-18T18:20:25
10.09104	-57.29532	0	47	2021-10-18T18:25:25
10.09150	-57.29663	0	47	2021-10-18T18:30:23
10.09198	-57.29797	0	47	2021-10-18T18:35:22
10.09248	-57.29932	0	47	2021-10-18T18:40:23
10.09300	-57.30063	0	47	2021-10-18T18:45:21
10.09348	-57.30203	0	47	2021-10-18T18:50:22
10.09397	-57.30338	0	47	2021-10-18T18:55:21
10.09447	-57.30481	0	47	2021-10-18T19:00:23
10.09498	-57.30618	0	47	2021-10-18T19:05:23
10.09547	-57.30756	0	47	2021-10-18T19:10:25
10.09592	-57.30905	0	47	2021-10-18T19:15:57
10.09627	-57.31030	0	47	2021-10-18T19:20:26
10.09666	-57.31168	0	47	2021-10-18T19:25:28
10.09709	-57.31302	0	47	2021-10-18T19:30:25
10.09758	-57.31433	0	47	2021-10-18T19:35:28
10.09805	-57.31572	0	47	2021-10-18T19:40:25
10.09848	-57.31701	0	47	2021-10-18T19:45:24
10.09887	-57.31830	0	47	2021-10-18T19:50:24
10.09926	-57.31973	0	47	2021-10-18T19:55:26
10.09976	-57.32083	0	47	2021-10-18T20:00:25
10.10024	-57.32241	0	47	2021-10-18T20:05:54
10.10068	-57.32373	0	47	2021-10-18T20:10:26
10.10114	-57.32550	0	47	2021-10-18T20:15:55
10.10165	-57.32678	0	47	2021-10-18T20:20:24
10.10222	-57.32822	0	47	2021-10-18T20:25:26
10.10285	-57.32959	0	47	2021-10-18T20:30:28
10.10346	-57.33113	0	47	2021-10-18T20:35:28
10.10415	-57.33259	0	47	2021-10-18T20:40:29
10.10488	-57.33405	0	47	2021-10-18T20:45:29
10.10570	-57.33536	0	47	2021-10-18T20:50:33
10.10643	-57.33673	0	47	2021-10-18T20:55:32
10.10720	-57.33817	0	47	2021-10-18T21:00:35
10.10803	-57.33957	0	47	2021-10-18T21:05:33
10.10985	-57.34259	0	47	2021-10-18T21:15:57
10.11072	-57.34375	0	47	2021-10-18T21:20:36
10.11164	-57.34515	0	47	2021-10-18T21:25:37
10.11264	-57.34656	0	47	2021-10-18T21:30:38
10.11368	-57.34796	0	47	2021-10-18T21:35:39
10.11471	-57.34949	0	47	2021-10-18T21:40:36
10.11576	-57.35098	0	47	2021-10-18T21:45:37
10.11684	-57.35241	0	47	2021-10-18T21:50:33
10.11778	-57.35378	0	47	2021-10-18T21:55:33
10.11872	-57.35507	0	47	2021-10-18T22:00:32
10.11975	-57.35641	0	47	2021-10-18T22:05:33
10.12082	-57.35779	0	47	2021-10-18T22:10:32
10.12200	-57.35913	0	47	2021-10-18T22:15:54
10.12523	-57.36296	0	47	2021-10-18T22:30:32
10.12630	-57.36416	0	47	2021-10-18T22:35:32
10.12742	-57.36536	0	47	2021-10-18T22:40:31
10.12859	-57.36658	0	47	2021-10-18T22:45:35
10.12977	-57.36787	0	47	2021-10-18T22:50:32
10.13097	-57.36899	0	47	2021-10-18T22:55:33
10.13218	-57.37028	0	47	2021-10-18T23:00:41
10.13334	-57.37148	0	47	2021-10-18T23:05:41
10.13446	-57.37268	0	47	2021-10-18T23:10:40
10.13564	-57.37406	0	47	2021-10-18T23:15:36
10.13671	-57.37518	0	47	2021-10-18T23:20:37
10.13793	-57.37646	0	47	2021-10-18T23:25:38
10.13914	-57.37778	0	47	2021-10-18T23:30:39
10.14054	-57.37918	0	47	2021-10-18T23:35:36
10.14164	-57.38054	0	47	2021-10-18T23:40:40
10.14301	-57.38183	0	47	2021-10-18T23:45:41
10.14425	-57.38303	0	47	2021-10-18T23:50:41
10.14536	-57.38431	0	47	2021-10-18T23:55:36
10.14655	-57.38550	0	47	2021-10-19T00:00:37
10.14764	-57.38672	0	47	2021-10-19T00:05:37
10.14875	-57.38791	0	47	2021-10-19T00:10:38
10.14996	-57.38934	0	47	2021-10-19T00:15:59
10.15107	-57.39044	0	47	2021-10-19T00:20:35
10.15222	-57.39166	0	47	2021-10-19T00:25:36
10.15333	-57.39294	0	47	2021-10-19T00:30:38
10.15444	-57.39420	0	47	2021-10-19T00:35:35
10.15559	-57.39551	0	47	2021-10-19T00:40:38
10.15662	-57.39671	0	47	2021-10-19T00:45:37
10.15769	-57.39783	0	47	2021-10-19T00:50:37
10.15886	-57.39908	0	47	2021-10-19T00:55:35
10.16011	-57.40024	0	47	2021-10-19T01:00:38
10.16133	-57.40145	0	47	2021-10-19T01:05:38
10.16253	-57.40265	0	47	2021-10-19T01:10:37
10.16385	-57.40396	0	47	2021-10-19T01:15:57
10.16481	-57.40513	0	47	2021-10-19T01:20:38
10.16600	-57.40640	0	47	2021-10-19T01:25:35
10.16717	-57.40771	0	47	2021-10-19T01:30:37
10.16824	-57.40887	0	47	2021-10-19T01:35:37
10.16927	-57.41000	0	47	2021-10-19T01:40:37
10.17043	-57.41121	0	47	2021-10-19T01:45:38
10.17150	-57.41241	0	47	2021-10-19T01:50:38
10.17260	-57.41357	0	47	2021-10-19T01:55:40
10.17368	-57.41476	0	47	2021-10-19T02:00:38
10.17477	-57.41592	0	47	2021-10-19T02:05:41
10.17576	-57.41718	0	47	2021-10-19T02:10:39
10.17718	-57.41885	0	47	2021-10-19T02:16:26
10.17796	-57.41992	0	47	2021-10-19T02:20:41
10.17904	-57.42123	0	47	2021-10-19T02:25:42
10.18008	-57.42252	0	47	2021-10-19T02:30:43
10.18118	-57.42388	0	47	2021-10-19T02:35:38
10.18230	-57.42517	0	47	2021-10-19T02:40:37
10.18337	-57.42636	0	47	2021-10-19T02:45:38
10.18453	-57.42773	0	47	2021-10-19T02:50:57
10.18551	-57.42904	0	47	2021-10-19T02:55:51
10.18654	-57.43033	0	47	2021-10-19T03:00:51
10.18752	-57.43155	0	47	2021-10-19T03:05:53
10.18844	-57.43271	0	47	2021-10-19T03:10:56
10.18946	-57.43391	0	47	2021-10-19T03:15:42
10.19032	-57.43494	0	47	2021-10-19T03:20:43
10.19119	-57.43616	0	47	2021-10-19T03:25:43
10.19216	-57.43727	0	47	2021-10-19T03:30:41
10.19289	-57.43839	0	47	2021-10-19T03:35:41
10.19370	-57.43958	0	47	2021-10-19T03:40:40
10.19453	-57.44077	0	47	2021-10-19T03:45:36
10.19541	-57.44196	0	47	2021-10-19T03:50:37
10.19628	-57.44312	0	47	2021-10-19T03:55:33
10.19720	-57.44437	0	47	2021-10-19T04:00:31
10.19803	-57.44559	0	47	2021-10-19T04:05:29
10.19885	-57.44684	0	47	2021-10-19T04:10:56
10.19958	-57.44821	0	47	2021-10-19T04:15:57
10.20022	-57.44937	0	47	2021-10-19T04:20:27
10.20110	-57.45065	0	47	2021-10-19T04:25:24
10.20193	-57.45190	0	47	2021-10-19T04:30:25
10.20280	-57.45313	0	47	2021-10-19T04:35:22
10.20357	-57.45425	0	47	2021-10-19T04:40:22
10.20435	-57.45551	0	47	2021-10-19T04:45:23
10.20515	-57.45676	0	47	2021-10-19T04:50:21
10.20589	-57.45805	0	47	2021-10-19T04:55:22
10.20662	-57.45932	0	47	2021-10-19T05:00:21
10.20735	-57.46063	0	47	2021-10-19T05:05:23
10.20807	-57.46201	0	47	2021-10-19T05:10:23
10.20889	-57.46347	0	47	2021-10-19T05:15:55
10.20953	-57.46460	0	47	2021-10-19T05:20:17
10.21028	-57.46582	0	47	2021-10-19T05:25:17
10.21094	-57.46704	0	47	2021-10-19T05:30:14
10.21164	-57.46835	0	47	2021-10-19T05:35:13
10.21237	-57.46960	0	47	2021-10-19T05:40:13
10.21308	-57.47089	0	47	2021-10-19T05:45:15
10.21381	-57.47223	0	47	2021-10-19T05:50:15
10.21451	-57.47360	0	47	2021-10-19T05:55:17
10.21527	-57.47495	0	47	2021-10-19T06:00:17
10.21607	-57.47625	0	47	2021-10-19T06:05:21
10.21680	-57.47754	0	47	2021-10-19T06:10:22
10.21768	-57.47910	0	47	2021-10-19T06:15:55
10.21844	-57.48028	0	47	2021-10-19T06:20:19
10.21930	-57.48157	0	47	2021-10-19T06:25:18
10.22009	-57.48281	0	47	2021-10-19T06:30:18
10.22108	-57.48410	0	47	2021-10-19T06:35:18
10.22212	-57.48532	0	47	2021-10-19T06:40:16
10.22319	-57.48661	0	47	2021-10-19T06:45:20
10.22418	-57.48773	0	47	2021-10-19T06:50:19
10.22528	-57.48895	0	47	2021-10-19T06:55:19
10.22640	-57.49028	0	47	2021-10-19T07:00:19
10.22743	-57.49148	0	47	2021-10-19T07:05:19
10.22846	-57.49268	0	47	2021-10-19T07:10:18
10.22964	-57.49396	0	47	2021-10-19T07:15:57
10.23060	-57.49496	0	47	2021-10-19T07:20:23
10.23169	-57.49616	0	47	2021-10-19T07:25:19
10.23285	-57.49728	0	47	2021-10-19T07:30:19
10.23389	-57.49844	0	47	2021-10-19T07:35:19
10.23496	-57.49973	0	47	2021-10-19T07:40:18
10.23614	-57.50104	0	47	2021-10-19T07:45:15
10.23726	-57.50240	0	47	2021-10-19T07:50:17
10.23829	-57.50360	0	47	2021-10-19T07:55:17
10.23944	-57.50497	0	47	2021-10-19T08:00:17
10.24051	-57.50631	0	47	2021-10-19T08:05:54
10.24162	-57.50757	0	47	2021-10-19T08:10:16
10.24283	-57.50897	0	47	2021-10-19T08:15:54
10.24381	-57.51001	0	47	2021-10-19T08:20:19
10.24486	-57.51129	0	47	2021-10-19T08:25:18
10.24585	-57.51251	0	47	2021-10-19T08:30:18
10.24691	-57.51381	0	47	2021-10-19T08:35:13
10.24787	-57.51498	0	47	2021-10-19T08:40:16
10.24889	-57.51630	0	47	2021-10-19T08:45:13
10.24987	-57.51758	0	47	2021-10-19T08:50:12
10.25099	-57.51892	0	47	2021-10-19T08:55:15
10.25206	-57.52029	0	47	2021-10-19T09:00:14
10.25317	-57.52161	0	47	2021-10-19T09:05:17
10.25427	-57.52286	0	47	2021-10-19T09:10:15
10.25546	-57.52426	0	47	2021-10-19T09:15:39
10.25656	-57.52541	0	47	2021-10-19T09:20:17
10.25763	-57.52670	0	47	2021-10-19T09:25:17
10.25873	-57.52798	0	47	2021-10-19T09:30:21
10.25980	-57.52930	0	47	2021-10-19T09:35:23
10.26089	-57.53052	0	47	2021-10-19T09:40:23
10.26198	-57.53183	0	47	2021-10-19T09:45:19
10.26305	-57.53305	0	47	2021-10-19T09:50:21
10.26431	-57.53427	0	47	2021-10-19T09:55:25
10.26543	-57.53547	0	47	2021-10-19T10:00:24
10.26650	-57.53659	0	47	2021-10-19T10:05:24
10.26769	-57.53769	0	47	2021-10-19T10:10:26
10.26887	-57.53898	0	47	2021-10-19T10:15:26
10.26981	-57.53992	0	47	2021-10-19T10:20:26
10.27200	-57.54216	0	47	2021-10-19T10:30:29
10.27307	-57.54319	0	47	2021-10-19T10:35:29
10.27431	-57.54422	0	47	2021-10-19T10:40:30
10.27553	-57.54529	0	47	2021-10-19T10:45:28
10.27679	-57.54636	0	47	2021-10-19T10:50:31
10.27945	-57.54860	0	47	2021-10-19T11:00:34
10.28081	-57.54965	0	47	2021-10-19T11:05:31
10.28215	-57.55075	0	47	2021-10-19T11:10:34
10.28369	-57.55194	0	47	2021-10-19T11:15:56
10.28491	-57.55292	0	47	2021-10-19T11:20:34
10.28620	-57.55386	0	47	2021-10-19T11:25:37
10.28767	-57.55479	0	47	2021-10-19T11:30:35
10.28900	-57.55582	0	47	2021-10-19T11:35:36
10.29037	-57.55696	0	47	2021-10-19T11:40:36
10.29179	-57.55790	0	47	2021-10-19T11:45:36
10.29329	-57.55893	0	47	2021-10-19T11:50:35
10.29479	-57.55991	0	47	2021-10-19T11:55:32
10.29618	-57.56079	0	47	2021-10-19T12:00:33
10.29763	-57.56180	0	47	2021-10-19T12:05:57
10.29900	-57.56266	0	47	2021-10-19T12:10:57
10.30050	-57.56360	0	47	2021-10-19T12:15:58
10.30183	-57.56445	0	47	2021-10-19T12:20:32
10.30325	-57.56547	0	47	2021-10-19T12:25:29
10.30471	-57.56641	0	47	2021-10-19T12:30:29
10.30620	-57.56723	0	47	2021-10-19T12:35:31
10.30772	-57.56812	0	47	2021-10-19T12:40:32
10.30932	-57.56891	0	47	2021-10-19T12:45:32
10.31092	-57.56979	0	47	2021-10-19T12:50:33
10.31255	-57.57056	0	47	2021-10-19T12:55:34
10.31412	-57.57144	0	47	2021-10-19T13:00:32
10.31573	-57.57233	0	47	2021-10-19T13:05:36
10.31734	-57.57309	0	47	2021-10-19T13:10:35
10.31903	-57.57394	0	47	2021-10-19T13:15:57
10.32055	-57.57465	0	47	2021-10-19T13:20:34
10.32211	-57.57541	0	47	2021-10-19T13:25:32
10.32371	-57.57606	0	47	2021-10-19T13:30:36
10.32530	-57.57675	0	47	2021-10-19T13:35:37
10.32685	-57.57758	0	47	2021-10-19T13:40:34
10.32993	-57.57912	0	47	2021-10-19T13:50:38
10.33156	-57.57986	0	47	2021-10-19T13:55:36
10.33315	-57.58075	0	47	2021-10-19T14:00:38
10.33473	-57.58148	0	47	2021-10-19T14:05:35
10.33629	-57.58221	0	47	2021-10-19T14:10:50
10.33806	-57.58292	0	47	2021-10-19T14:16:13
10.33888	-57.58412	0	47	2021-10-19T14:20:36
10.34012	-57.58472	0	47	2021-10-19T14:25:35
10.34181	-57.58521	0	47	2021-10-19T14:30:38
10.34301	-57.58594	0	47	2021-10-19T14:35:40
10.34433	-57.58655	0	47	2021-10-19T14:40:39
10.34570	-57.58713	0	47	2021-10-19T14:45:38
10.34705	-57.58777	0	47	2021-10-19T14:50:39
10.34848	-57.58844	0	47	2021-10-19T14:55:53
10.34989	-57.58905	0	47	2021-10-19T15:00:46
10.35136	-57.58963	0	47	2021-10-19T15:05:53
10.35276	-57.59024	0	47	2021-10-19T15:10:53
10.35442	-57.59101	0	47	2021-10-19T15:15:58
10.35554	-57.59152	0	47	2021-10-19T15:20:58
10.35677	-57.59222	0	47	2021-10-19T15:25:58
10.35799	-57.59283	0	47	2021-10-19T15:30:57
10.35917	-57.59339	0	47	2021-10-19T15:35:58
10.36029	-57.59399	0	47	2021-10-19T15:40:58
10.36141	-57.59454	0	47	2021-10-19T15:45:44
10.36255	-57.59515	0	47	2021-10-19T15:50:44
10.36371	-57.59576	0	47	2021-10-19T15:55:50
10.36491	-57.59645	0	47	2021-10-19T16:00:47
10.36611	-57.59696	0	47	2021-10-19T16:05:47
10.36727	-57.59756	0	47	2021-10-19T16:10:48
10.36856	-57.59824	0	47	2021-10-19T16:16:26
10.36955	-57.59889	0	47	2021-10-19T16:20:50
10.37071	-57.59940	0	47	2021-10-19T16:25:51
10.37185	-57.60004	0	47	2021-10-19T16:30:50
10.37299	-57.60068	0	47	2021-10-19T16:35:49
10.37417	-57.60135	0	47	2021-10-19T16:40:50
10.37536	-57.60206	0	47	2021-10-19T16:45:51
10.37652	-57.60266	0	47	2021-10-19T16:50:51
10.37764	-57.60330	0	47	2021-10-19T16:55:51
10.37871	-57.60403	0	47	2021-10-19T17:00:53
10.37981	-57.60474	0	47	2021-10-19T17:05:54
10.38087	-57.60547	0	47	2021-10-19T17:10:53
10.38226	-57.60638	0	47	2021-10-19T17:16:27
10.38334	-57.60706	0	47	2021-10-19T17:20:53
10.38454	-57.60779	0	47	2021-10-19T17:25:54
10.38566	-57.60859	0	47	2021-10-19T17:30:54
10.38669	-57.60928	0	47	2021-10-19T17:35:55
10.38777	-57.60999	0	47	2021-10-19T17:40:53
10.38883	-57.61072	0	47	2021-10-19T17:45:56
10.38990	-57.61145	0	47	2021-10-19T17:50:54
10.39099	-57.61212	0	47	2021-10-19T17:55:55
10.39210	-57.61285	0	47	2021-10-19T18:00:54
10.39322	-57.61356	0	47	2021-10-19T18:05:55
10.39437	-57.61426	0	47	2021-10-19T18:10:56
10.39564	-57.61493	0	47	2021-10-19T18:16:28
10.39663	-57.61551	0	47	2021-10-19T18:20:52
10.39788	-57.61620	0	47	2021-10-19T18:25:51
10.39895	-57.61689	0	47	2021-10-19T18:30:50
10.40007	-57.61749	0	47	2021-10-19T18:35:50
10.40125	-57.61816	0	47	2021-10-19T18:40:53
10.40238	-57.61884	0	47	2021-10-19T18:45:52
10.40352	-57.61954	0	47	2021-10-19T18:50:49
10.40471	-57.62015	0	47	2021-10-19T18:55:52
10.40718	-57.62143	0	47	2021-10-19T19:05:47
10.40838	-57.62205	0	47	2021-10-19T19:11:23
10.40971	-57.62265	0	47	2021-10-19T19:16:24
10.41068	-57.62314	0	47	2021-10-19T19:20:53
10.41176	-57.62366	0	47	2021-10-19T19:25:51
10.41288	-57.62421	0	47	2021-10-19T19:30:58
10.41391	-57.62473	0	47	2021-10-19T19:35:52
10.41497	-57.62527	0	47	2021-10-19T19:40:53
10.41600	-57.62579	0	47	2021-10-19T19:45:55
10.41717	-57.62640	0	47	2021-10-19T19:50:55
10.41838	-57.62711	0	47	2021-10-19T19:55:58
10.41934	-57.62750	0	47	2021-10-19T20:00:56
10.42036	-57.62805	0	47	2021-10-19T20:05:58
10.42142	-57.62863	0	47	2021-10-19T20:10:55
10.42266	-57.62925	0	47	2021-10-19T20:15:59
10.42365	-57.62976	0	47	2021-10-19T20:20:59
10.42475	-57.63025	0	47	2021-10-19T20:25:57
10.42589	-57.63080	0	47	2021-10-19T20:30:55
10.42696	-57.63131	0	47	2021-10-19T20:35:55
10.42803	-57.63174	0	47	2021-10-19T20:40:56
10.42905	-57.63214	0	47	2021-10-19T20:45:59
10.43016	-57.63260	0	47	2021-10-19T20:50:58
10.43127	-57.63316	0	47	2021-10-19T20:56:05
10.43234	-57.63333	0	47	2021-10-19T21:01:04
10.43333	-57.63367	0	47	2021-10-19T21:06:04
10.43427	-57.63409	0	47	2021-10-19T21:11:32
10.43530	-57.63443	0	47	2021-10-19T21:16:32
10.43623	-57.63491	0	47	2021-10-19T21:21:05
10.43726	-57.63525	0	47	2021-10-19T21:26:04
10.43825	-57.63568	0	47	2021-10-19T21:31:04
10.43937	-57.63620	0	47	2021-10-19T21:36:05
10.44049	-57.63666	0	47	2021-10-19T21:41:02
10.44164	-57.63721	0	47	2021-10-19T21:46:04
10.44274	-57.63763	0	47	2021-10-19T21:51:03
10.44391	-57.63814	0	47	2021-10-19T21:56:05
10.44498	-57.63848	0	47	2021-10-19T22:01:05
10.44610	-57.63882	0	47	2021-10-19T22:06:05
10.44723	-57.63925	0	47	2021-10-19T22:11:06
10.44852	-57.63992	0	47	2021-10-19T22:16:28
10.44966	-57.64050	0	47	2021-10-19T22:21:02
10.45080	-57.64078	0	47	2021-10-19T22:26:03
10.45191	-57.64135	0	47	2021-10-19T22:31:03
10.45307	-57.64178	0	47	2021-10-19T22:36:03
10.45422	-57.64224	0	47	2021-10-19T22:41:02
10.45538	-57.64258	0	47	2021-10-19T22:46:02
10.45662	-57.64304	0	47	2021-10-19T22:51:02
10.46030	-57.64435	0	47	2021-10-19T23:06:01
10.46153	-57.64502	0	47	2021-10-19T23:11:03
10.46278	-57.64551	0	47	2021-10-19T23:16:26
10.46379	-57.64597	0	47	2021-10-19T23:21:05
10.46485	-57.64645	0	47	2021-10-19T23:26:09
10.46605	-57.64688	0	47	2021-10-19T23:31:09
10.46734	-57.64722	0	47	2021-10-19T23:36:09
10.46858	-57.64764	0	47	2021-10-19T23:41:07
10.46983	-57.64819	0	47	2021-10-19T23:46:09
10.47105	-57.64875	0	47	2021-10-19T23:51:09
10.47221	-57.64926	0	47	2021-10-19T23:56:10
10.47347	-57.64981	0	47	2021-10-20T00:01:11
10.47476	-57.65052	0	47	2021-10-20T00:06:27
10.47594	-57.65097	0	47	2021-10-20T00:11:11
10.47738	-57.65146	0	47	2021-10-20T00:16:26
10.47859	-57.65207	0	47	2021-10-20T00:21:07
10.47991	-57.65271	0	47	2021-10-20T00:26:10
10.48123	-57.65332	0	47	2021-10-20T00:31:11
10.48250	-57.65390	0	47	2021-10-20T00:36:09
10.48369	-57.65442	0	47	2021-10-20T00:41:13
10.48516	-57.65498	0	47	2021-10-20T00:46:14
10.48662	-57.65558	0	47	2021-10-20T00:51:14
10.48818	-57.65607	0	47	2021-10-20T00:56:12
10.48955	-57.65659	0	47	2021-10-20T01:01:09
10.49091	-57.65714	0	47	2021-10-20T01:06:11
10.49217	-57.65762	0	47	2021-10-20T01:11:12
10.49357	-57.65823	0	47	2021-10-20T01:16:26
10.49476	-57.65873	0	47	2021-10-20T01:21:12
10.49600	-57.65933	0	47	2021-10-20T01:26:11
10.49715	-57.65985	0	47	2021-10-20T01:31:10
10.49831	-57.66046	0	47	2021-10-20T01:36:08
10.49930	-57.66089	0	47	2021-10-20T01:41:09
10.50037	-57.66137	0	47	2021-10-20T01:46:09
10.50136	-57.66171	0	47	2021-10-20T01:51:09
10.50245	-57.66217	0	47	2021-10-20T01:56:10
10.50348	-57.66251	0	47	2021-10-20T02:01:09
10.50461	-57.66281	0	47	2021-10-20T02:06:08
10.50567	-57.66309	0	47	2021-10-20T02:11:09
10.50761	-57.66386	0	47	2021-10-20T02:21:08
10.50864	-57.66412	0	47	2021-10-20T02:26:09
10.50971	-57.66446	0	47	2021-10-20T02:31:09
10.51078	-57.66483	0	47	2021-10-20T02:36:07
10.51193	-57.66522	0	47	2021-10-20T02:41:11
10.51300	-57.66556	0	47	2021-10-20T02:46:12
10.51400	-57.66583	0	47	2021-10-20T02:51:12
10.51502	-57.66614	0	47	2021-10-20T02:56:10
10.51598	-57.66656	0	47	2021-10-20T03:01:13
10.51704	-57.66690	0	47	2021-10-20T03:06:15
10.51805	-57.66730	0	47	2021-10-20T03:11:13
10.51929	-57.66753	0	47	2021-10-20T03:16:26
10.52019	-57.66779	0	47	2021-10-20T03:21:26
10.52118	-57.66812	0	47	2021-10-20T03:26:10
10.52231	-57.66843	0	47	2021-10-20T03:31:17
10.52337	-57.66883	0	47	2021-10-20T03:36:12
10.52452	-57.66916	0	47	2021-10-20T03:41:32
10.52535	-57.66934	0	47	2021-10-20T03:46:11
10.52640	-57.66965	0	47	2021-10-20T03:51:09
10.52753	-57.66995	0	47	2021-10-20T03:56:08
10.52861	-57.67032	0	47	2021-10-20T04:01:18
10.52977	-57.67065	0	47	2021-10-20T04:06:10
10.53092	-57.67096	0	47	2021-10-20T04:11:08
10.53198	-57.67108	0	47	2021-10-20T04:16:36
10.53304	-57.67120	0	47	2021-10-20T04:21:08
10.53405	-57.67139	0	47	2021-10-20T04:26:06
10.53515	-57.67148	0	47	2021-10-20T04:31:07
10.53621	-57.67160	0	47	2021-10-20T04:36:05
10.53732	-57.67166	0	47	2021-10-20T04:41:06
10.53839	-57.67178	0	47	2021-10-20T04:46:05
10.53936	-57.67188	0	47	2021-10-20T04:51:06
10.54046	-57.67197	0	47	2021-10-20T04:56:07
10.54155	-57.67203	0	47	2021-10-20T05:01:04
10.54262	-57.67212	0	47	2021-10-20T05:06:05
10.54372	-57.67224	0	47	2021-10-20T05:11:03
10.54485	-57.67239	0	47	2021-10-20T05:16:26
10.54594	-57.67261	0	47	2021-10-20T05:21:00
10.54704	-57.67282	0	47	2021-10-20T05:25:57
10.54818	-57.67307	0	47	2021-10-20T05:30:58
10.54928	-57.67331	0	47	2021-10-20T05:35:59
10.55047	-57.67355	0	47	2021-10-20T05:40:56
10.55173	-57.67386	0	47	2021-10-20T05:45:56
10.55301	-57.67413	0	47	2021-10-20T05:50:57
10.55417	-57.67429	0	47	2021-10-20T05:55:55
10.55531	-57.67441	0	47	2021-10-20T06:00:56
10.55655	-57.67459	0	47	2021-10-20T06:05:55
10.55768	-57.67484	0	47	2021-10-20T06:10:57
10.55896	-57.67505	0	47	2021-10-20T06:16:24
10.55999	-57.67520	0	47	2021-10-20T06:20:55
10.56107	-57.67535	0	47	2021-10-20T06:25:53
10.56208	-57.67554	0	47	2021-10-20T06:30:53
10.56311	-57.67554	0	47	2021-10-20T06:35:53
10.56409	-57.67587	0	47	2021-10-20T06:40:54
10.56509	-57.67609	0	47	2021-10-20T06:45:52
10.56608	-57.67639	0	47	2021-10-20T06:50:53
10.56697	-57.67664	0	47	2021-10-20T06:55:53
10.56789	-57.67697	0	47	2021-10-20T07:00:54
10.56886	-57.67709	0	47	2021-10-20T07:05:55
10.56994	-57.67741	0	47	2021-10-20T07:10:53
10.57107	-57.67755	0	47	2021-10-20T07:16:24
10.57200	-57.67767	0	47	2021-10-20T07:20:54
10.57294	-57.67780	0	47	2021-10-20T07:25:51
10.57380	-57.67795	0	47	2021-10-20T07:30:54
10.57460	-57.67804	0	47	2021-10-20T07:35:52
10.57548	-57.67816	0	47	2021-10-20T07:40:53
10.57628	-57.67831	0	47	2021-10-20T07:45:54
10.57699	-57.67844	0	47	2021-10-20T07:50:52
10.57774	-57.67869	0	47	2021-10-20T07:55:55
10.57851	-57.67886	0	47	2021-10-20T08:00:54
10.57932	-57.67899	0	47	2021-10-20T08:05:58
10.58002	-57.67908	0	47	2021-10-20T08:10:57
10.58094	-57.67911	0	47	2021-10-20T08:16:26
10.58160	-57.67926	0	47	2021-10-20T08:20:56
10.58237	-57.67926	0	47	2021-10-20T08:25:57
10.58316	-57.67932	0	47	2021-10-20T08:30:58
10.58487	-57.67935	0	47	2021-10-20T08:41:07
10.58567	-57.67944	0	47	2021-10-20T08:46:01
10.58649	-57.67944	0	47	2021-10-20T08:51:01
10.58735	-57.67941	0	47	2021-10-20T08:56:01
10.58822	-57.67944	0	47	2021-10-20T09:01:00
10.58921	-57.67944	0	47	2021-10-20T09:06:00
10.59015	-57.67944	0	47	2021-10-20T09:11:01
10.59177	-57.67939	0	47	2021-10-20T09:21:02
10.59267	-57.67948	0	47	2021-10-20T09:26:02
10.59357	-57.67957	0	47	2021-10-20T09:31:01
10.59448	-57.67966	0	47	2021-10-20T09:36:01
10.59536	-57.67984	0	47	2021-10-20T09:40:59
10.59626	-57.67993	0	47	2021-10-20T09:45:59
10.59702	-57.68005	0	47	2021-10-20T09:51:01
10.59785	-57.68015	0	47	2021-10-20T09:56:00
10.59865	-57.68015	0	47	2021-10-20T10:01:02
10.59940	-57.68021	0	47	2021-10-20T10:06:00
10.60018	-57.68030	0	47	2021-10-20T10:11:03
10.60097	-57.68036	0	47	2021-10-20T10:16:27
10.60165	-57.68036	0	47	2021-10-20T10:21:08
10.60229	-57.68027	0	47	2021-10-20T10:26:07
10.60304	-57.68015	0	47	2021-10-20T10:31:07
10.60367	-57.67999	0	47	2021-10-20T10:36:04
10.60441	-57.67981	0	47	2021-10-20T10:41:05
10.60533	-57.67950	0	47	2021-10-20T10:46:18
10.60597	-57.67972	0	47	2021-10-20T10:51:34
10.60665	-57.67972	0	47	2021-10-20T10:56:19
10.60793	-57.67979	0	47	2021-10-20T11:07:11
10.60853	-57.67979	0	47	2021-10-20T11:12:11
10.60926	-57.67996	0	47	2021-10-20T11:17:11
10.60979	-57.67999	0	47	2021-10-20T11:21:03
10.61053	-57.67999	0	47	2021-10-20T11:26:16
10.61108	-57.68002	0	47	2021-10-20T11:31:02
10.61150	-57.67999	0	47	2021-10-20T11:36:02
10.61189	-57.67999	0	47	2021-10-20T11:41:02
10.61220	-57.67987	0	47	2021-10-20T11:46:00
10.61263	-57.67978	0	47	2021-10-20T11:51:09
10.61307	-57.67972	0	47	2021-10-20T11:56:02
10.61347	-57.67963	0	47	2021-10-20T12:01:03
10.61383	-57.67953	0	47	2021-10-20T12:06:01
10.61421	-57.67959	0	47	2021-10-20T12:10:58
10.61451	-57.67959	0	47	2021-10-20T12:15:58
10.61472	-57.67993	0	47	2021-10-20T12:20:59
10.61514	-57.68048	0	47	2021-10-20T12:25:58
10.61572	-57.68084	0	47	2021-10-20T12:30:57
10.61619	-57.68127	0	47	2021-10-20T12:35:57
10.61679	-57.68158	0	47	2021-10-20T12:40:59
10.61734	-57.68179	0	47	2021-10-20T12:46:03
10.61854	-57.68219	0	47	2021-10-20T12:56:00
10.61907	-57.68225	0	47	2021-10-20T13:01:01
10.61970	-57.68237	0	47	2021-10-20T13:05:59
10.62096	-57.68259	0	47	2021-10-20T13:16:27
10.62154	-57.68268	0	47	2021-10-20T13:21:01
10.62221	-57.68280	0	47	2021-10-20T13:25:58
10.62294	-57.68277	0	47	2021-10-20T13:30:58
10.62364	-57.68286	0	47	2021-10-20T13:35:59
10.62426	-57.68286	0	47	2021-10-20T13:40:58
10.62496	-57.68289	0	47	2021-10-20T13:45:58
10.62593	-57.68295	0	47	2021-10-20T13:50:58
10.62602	-57.68286	0	47	2021-10-20T13:55:58
10.62733	-57.68309	0	47	2021-10-20T14:01:24
10.62737	-57.68335	0	47	2021-10-20T14:06:25
10.62795	-57.68344	0	47	2021-10-20T14:10:57
10.62903	-57.68350	0	47	2021-10-20T14:16:42
10.62935	-57.68365	0	47	2021-10-20T14:20:59
10.63018	-57.68379	0	47	2021-10-20T14:26:09
10.63115	-57.68375	0	47	2021-10-20T14:30:55
10.63194	-57.68396	0	47	2021-10-20T14:36:09
10.63294	-57.68402	0	47	2021-10-20T14:40:53
10.63373	-57.68417	0	47	2021-10-20T14:45:52
10.63458	-57.68427	0	47	2021-10-20T14:50:54
10.63545	-57.68430	0	47	2021-10-20T14:55:57
10.63625	-57.68433	0	47	2021-10-20T15:01:11
10.63699	-57.68442	0	47	2021-10-20T15:06:43
10.63785	-57.68451	0	47	2021-10-20T15:11:00
10.63892	-57.68460	0	47	2021-10-20T15:16:44
10.63971	-57.68466	0	47	2021-10-20T15:21:11
10.64057	-57.68475	0	47	2021-10-20T15:26:10
10.64146	-57.68475	0	47	2021-10-20T15:31:11
10.64247	-57.68481	0	47	2021-10-20T15:36:09
10.64350	-57.68494	0	47	2021-10-20T15:41:10
10.64453	-57.68503	0	47	2021-10-20T15:46:10
10.64560	-57.68503	0	47	2021-10-20T15:51:09
10.64668	-57.68509	0	47	2021-10-20T15:56:09
10.64760	-57.68500	0	47	2021-10-20T16:00:50
10.64862	-57.68494	0	47	2021-10-20T16:05:51
10.64964	-57.68500	0	47	2021-10-20T16:10:49
10.65066	-57.68494	0	47	2021-10-20T16:15:45
10.65152	-57.68494	0	47	2021-10-20T16:20:46
10.65251	-57.68494	0	47	2021-10-20T16:25:46
10.65350	-57.68494	0	47	2021-10-20T16:30:44
10.65646	-57.68478	0	47	2021-10-20T16:45:42
10.65737	-57.68481	0	47	2021-10-20T16:50:44
10.65830	-57.68469	0	47	2021-10-20T16:55:43
10.65926	-57.68472	0	47	2021-10-20T17:00:45
10.66013	-57.68497	0	47	2021-10-20T17:05:47
10.66096	-57.68527	0	47	2021-10-20T17:10:47
10.66198	-57.68558	0	47	2021-10-20T17:16:25
10.66277	-57.68573	0	47	2021-10-20T17:20:51
10.66371	-57.68582	0	47	2021-10-20T17:25:48
10.66467	-57.68602	0	47	2021-10-20T17:30:50
10.66557	-57.68619	0	47	2021-10-20T17:35:50
10.66647	-57.68628	0	47	2021-10-20T17:40:49
10.66747	-57.68631	0	47	2021-10-20T17:45:45
10.66850	-57.68615	0	47	2021-10-20T17:50:50
10.66938	-57.68607	0	47	2021-10-20T17:55:51
10.67039	-57.68597	0	47	2021-10-20T18:00:50
10.67133	-57.68582	0	47	2021-10-20T18:05:51
10.67237	-57.68569	0	47	2021-10-20T18:11:28
10.67349	-57.68552	0	47	2021-10-20T18:16:28
10.67425	-57.68536	0	47	2021-10-20T18:20:47
10.67520	-57.68521	0	47	2021-10-20T18:25:48
10.67615	-57.68498	0	47	2021-10-20T18:30:41
10.67709	-57.68472	0	47	2021-10-20T18:35:42
10.67806	-57.68447	0	47	2021-10-20T18:40:44
10.67896	-57.68430	0	47	2021-10-20T18:45:44
10.67984	-57.68404	0	47	2021-10-20T18:50:45
10.68074	-57.68378	0	47	2021-10-20T18:55:45
10.68165	-57.68350	0	47	2021-10-20T19:00:42
10.68265	-57.68332	0	47	2021-10-20T19:05:44
10.68362	-57.68307	0	47	2021-10-20T19:11:07
10.68474	-57.68298	0	47	2021-10-20T19:16:07
10.68572	-57.68295	0	47	2021-10-20T19:20:47
10.68680	-57.68295	0	47	2021-10-20T19:25:47
10.68793	-57.68301	0	47	2021-10-20T19:30:44
10.68892	-57.68301	0	47	2021-10-20T19:35:45
10.69086	-57.68307	0	47	2021-10-20T19:45:45
10.69182	-57.68311	0	47	2021-10-20T19:50:48
10.69272	-57.68311	0	47	2021-10-20T19:55:48
10.69362	-57.68304	0	47	2021-10-20T20:00:49
10.69458	-57.68308	0	47	2021-10-20T20:05:46
10.69548	-57.68317	0	47	2021-10-20T20:10:46
10.69653	-57.68323	0	47	2021-10-20T20:16:06
10.69741	-57.68332	0	47	2021-10-20T20:20:48
10.69844	-57.68350	0	47	2021-10-20T20:25:46
10.69946	-57.68362	0	47	2021-10-20T20:30:45
10.70044	-57.68372	0	47	2021-10-20T20:35:46
10.70149	-57.68408	0	47	2021-10-20T20:40:44
10.70239	-57.68425	0	47	2021-10-20T20:45:45
10.70329	-57.68442	0	47	2021-10-20T20:50:45
10.70419	-57.68463	0	47	2021-10-20T20:55:43
10.70510	-57.68488	0	47	2021-10-20T21:00:44
10.70603	-57.68506	0	47	2021-10-20T21:05:44
10.70686	-57.68530	0	47	2021-10-20T21:10:42
10.70840	-57.68574	0	47	2021-10-20T21:20:36
10.70911	-57.68588	0	47	2021-10-20T21:25:48
10.70990	-57.68591	0	47	2021-10-20T21:30:37
10.71072	-57.68628	0	47	2021-10-20T21:35:38
10.71260	-57.68688	0	47	2021-10-20T21:45:36
10.71342	-57.68731	0	47	2021-10-20T21:50:36
10.71432	-57.68765	0	47	2021-10-20T21:55:35
10.71508	-57.68786	0	47	2021-10-20T22:00:32
10.71585	-57.68820	0	47	2021-10-20T22:05:32
10.71657	-57.68851	0	47	2021-10-20T22:10:31
10.71741	-57.68921	0	47	2021-10-20T22:15:57
10.71812	-57.68976	0	47	2021-10-20T22:20:33
10.71896	-57.69034	0	47	2021-10-20T22:25:34
10.71972	-57.69077	0	47	2021-10-20T22:30:32
10.72044	-57.69113	0	47	2021-10-20T22:35:33
10.72121	-57.69159	0	47	2021-10-20T22:40:31
10.72188	-57.69189	0	47	2021-10-20T22:45:31
10.72256	-57.69232	0	47	2021-10-20T22:50:32
10.72314	-57.69276	0	47	2021-10-20T22:55:31
10.72383	-57.69293	0	47	2021-10-20T23:00:30
10.72414	-57.69336	0	47	2021-10-20T23:05:30
10.72459	-57.69370	0	47	2021-10-20T23:10:31
10.72492	-57.69403	0	47	2021-10-20T23:15:29
10.72526	-57.69446	0	47	2021-10-20T23:20:29
10.72560	-57.69504	0	47	2021-10-20T23:25:29
10.72611	-57.69553	0	47	2021-10-20T23:30:32
10.72658	-57.69604	0	47	2021-10-20T23:35:32
10.72692	-57.69647	0	47	2021-10-20T23:40:33
10.72753	-57.69731	0	47	2021-10-20T23:45:33
10.72796	-57.69791	0	47	2021-10-20T23:50:33
10.72833	-57.69858	0	47	2021-10-20T23:55:31
10.72869	-57.69925	0	47	2021-10-21T00:00:28
10.72909	-57.69986	0	47	2021-10-21T00:05:25
10.72949	-57.70081	0	47	2021-10-21T00:10:25
10.72975	-57.70167	0	47	2021-10-21T00:15:24
10.73009	-57.70236	0	47	2021-10-21T00:20:24
10.73050	-57.70300	0	47	2021-10-21T00:25:21
10.73079	-57.70370	0	47	2021-10-21T00:30:23
10.73117	-57.70449	0	47	2021-10-21T00:35:23
10.73156	-57.70526	0	47	2021-10-21T00:40:24
10.73197	-57.70609	0	47	2021-10-21T00:45:25
10.73236	-57.70688	0	47	2021-10-21T00:50:24
10.73277	-57.70768	0	47	2021-10-21T00:55:22
10.73303	-57.70837	0	47	2021-10-21T01:00:23
10.73339	-57.70911	0	47	2021-10-21T01:05:21
10.73382	-57.70984	0	47	2021-10-21T01:10:22
10.73424	-57.71085	0	47	2021-10-21T01:16:08
10.73460	-57.71155	0	47	2021-10-21T01:20:19
10.73503	-57.71240	0	47	2021-10-21T01:25:24
10.73553	-57.71326	0	47	2021-10-21T01:30:23
10.73594	-57.71387	0	47	2021-10-21T01:35:24
10.73642	-57.71460	0	47	2021-10-21T01:40:22
10.73688	-57.71536	0	47	2021-10-21T01:45:23
10.73730	-57.71625	0	47	2021-10-21T01:50:20
10.73768	-57.71713	0	47	2021-10-21T01:55:21
10.73802	-57.71808	0	47	2021-10-21T02:00:21
10.73832	-57.71909	0	47	2021-10-21T02:05:23
10.73873	-57.71991	0	47	2021-10-21T02:10:21
10.73934	-57.72092	0	47	2021-10-21T02:15:56
10.73984	-57.72189	0	47	2021-10-21T02:20:22
10.74024	-57.72291	0	47	2021-10-21T02:25:23
10.74067	-57.72394	0	47	2021-10-21T02:30:23
10.74121	-57.72519	0	47	2021-10-21T02:35:25
10.74172	-57.72620	0	47	2021-10-21T02:40:24
10.74231	-57.72727	0	47	2021-10-21T02:45:23
10.74287	-57.72830	0	47	2021-10-21T02:50:23
10.74349	-57.72934	0	47	2021-10-21T02:55:24
10.74396	-57.73038	0	47	2021-10-21T03:00:24
10.74446	-57.73148	0	47	2021-10-21T03:05:26
10.74497	-57.73260	0	47	2021-10-21T03:10:26
10.74564	-57.73376	0	47	2021-10-21T03:15:55
10.74628	-57.73477	0	47	2021-10-21T03:20:24
10.74708	-57.73593	0	47	2021-10-21T03:25:29
10.74767	-57.73712	0	47	2021-10-21T03:30:26
10.74837	-57.73840	0	47	2021-10-21T03:35:31
10.74901	-57.73950	0	47	2021-10-21T03:40:28
10.74979	-57.74091	0	47	2021-10-21T03:45:28
10.75048	-57.74203	0	47	2021-10-21T03:50:28
10.75108	-57.74319	0	47	2021-10-21T03:55:26
10.75184	-57.74438	0	47	2021-10-21T04:00:32
10.75260	-57.74564	0	47	2021-10-21T04:05:32
10.75347	-57.74692	0	47	2021-10-21T04:10:29
10.75434	-57.74817	0	47	2021-10-21T04:15:57
10.75508	-57.74924	0	47	2021-10-21T04:20:29
10.75671	-57.75162	0	47	2021-10-21T04:30:31
10.75753	-57.75282	0	47	2021-10-21T04:35:30
10.75835	-57.75394	0	47	2021-10-21T04:40:30
10.75916	-57.75516	0	47	2021-10-21T04:45:28
10.75989	-57.75635	0	47	2021-10-21T04:50:29
10.76071	-57.75754	0	47	2021-10-21T04:55:31
10.76153	-57.75870	0	47	2021-10-21T05:00:30
10.76235	-57.75986	0	47	2021-10-21T05:05:29
10.76320	-57.76114	0	47	2021-10-21T05:10:30
10.76421	-57.76258	0	47	2021-10-21T05:15:28
10.76511	-57.76370	0	47	2021-10-21T05:20:29
10.76604	-57.76501	0	47	2021-10-21T05:25:27
10.76713	-57.76635	0	47	2021-10-21T05:30:24
10.76710	-57.76630	0	47	2021-10-21T05:30:26
10.76820	-57.76772	0	47	2021-10-21T05:35:24
10.76919	-57.76901	0	47	2021-10-21T05:40:25
10.77014	-57.77042	0	47	2021-10-21T05:45:26
10.77249	-57.77329	0	47	2021-10-21T05:55:24
10.77373	-57.77463	0	47	2021-10-21T06:00:25
10.77497	-57.77612	0	47	2021-10-21T06:05:24
10.77617	-57.77759	0	47	2021-10-21T06:10:26
10.77769	-57.77915	0	47	2021-10-21T06:15:27
10.77876	-57.78027	0	47	2021-10-21T06:20:27
10.78015	-57.78177	0	47	2021-10-21T06:25:26
10.78154	-57.78305	0	47	2021-10-21T06:30:26
10.78298	-57.78444	0	47	2021-10-21T06:35:33
10.78419	-57.78568	0	47	2021-10-21T06:40:32
10.78546	-57.78702	0	47	2021-10-21T06:45:32
10.78682	-57.78846	0	47	2021-10-21T06:50:30
10.78802	-57.78966	0	47	2021-10-21T06:55:30
10.78931	-57.79086	0	47	2021-10-21T07:00:31
10.79053	-57.79232	0	47	2021-10-21T07:05:56
10.79169	-57.79352	0	47	2021-10-21T07:10:56
10.79298	-57.79489	0	47	2021-10-21T07:15:57
10.79399	-57.79593	0	47	2021-10-21T07:20:29
10.79514	-57.79707	0	47	2021-10-21T07:25:28
10.79630	-57.79819	0	47	2021-10-21T07:30:28
10.79745	-57.79936	0	47	2021-10-21T07:35:28
10.79869	-57.80048	0	47	2021-10-21T07:40:27
10.79983	-57.80161	0	47	2021-10-21T07:45:23
10.80095	-57.80273	0	47	2021-10-21T07:50:24
10.80204	-57.80380	0	47	2021-10-21T07:55:25
10.80312	-57.80490	0	47	2021-10-21T08:00:25
10.80416	-57.80598	0	47	2021-10-21T08:05:23
10.80523	-57.80692	0	47	2021-10-21T08:10:23
10.80639	-57.80801	0	47	2021-10-21T08:15:56
10.80726	-57.80893	0	47	2021-10-21T08:20:21
10.80823	-57.81010	0	47	2021-10-21T08:25:19
10.80922	-57.81104	0	47	2021-10-21T08:30:19
10.81034	-57.81213	0	47	2021-10-21T08:35:21
10.81135	-57.81320	0	47	2021-10-21T08:40:20
10.81227	-57.81436	0	47	2021-10-21T08:45:22
10.81332	-57.81554	0	47	2021-10-21T08:50:15
10.81431	-57.81674	0	47	2021-10-21T08:55:15
10.81536	-57.81805	0	47	2021-10-21T09:00:20
10.81631	-57.81924	0	47	2021-10-21T09:05:21
10.81721	-57.82050	0	47	2021-10-21T09:10:19
10.81815	-57.82190	0	47	2021-10-21T09:15:59
10.81894	-57.82297	0	47	2021-10-21T09:20:16
10.81988	-57.82431	0	47	2021-10-21T09:25:14
10.82081	-57.82573	0	47	2021-10-21T09:30:18
10.82163	-57.82693	0	47	2021-10-21T09:35:18
10.82243	-57.82816	0	47	2021-10-21T09:40:16
10.82331	-57.82938	0	47	2021-10-21T09:45:17
10.82413	-57.83060	0	47	2021-10-21T09:50:15
10.82501	-57.83191	0	47	2021-10-21T09:55:17
10.82567	-57.83301	0	47	2021-10-21T10:00:15
10.82649	-57.83414	0	47	2021-10-21T10:05:16
10.82726	-57.83533	0	47	2021-10-21T10:10:17
10.82792	-57.83664	0	47	2021-10-21T10:15:57
10.82861	-57.83765	0	47	2021-10-21T10:20:16
10.82927	-57.83878	0	47	2021-10-21T10:25:16
10.82991	-57.84000	0	47	2021-10-21T10:30:13
10.83055	-57.84124	0	47	2021-10-21T10:35:13
10.83132	-57.84244	0	47	2021-10-21T10:40:12
10.83203	-57.84369	0	47	2021-10-21T10:45:14
10.83268	-57.84482	0	47	2021-10-21T10:50:13
10.83338	-57.84616	0	47	2021-10-21T10:55:13
10.83407	-57.84749	0	47	2021-10-21T11:00:14
10.83484	-57.84869	0	47	2021-10-21T11:05:14
10.83615	-57.85173	0	47	2021-10-21T11:15:13
10.83662	-57.85276	0	47	2021-10-21T11:20:13
10.83709	-57.85422	0	47	2021-10-21T11:25:12
10.83835	-57.85700	0	47	2021-10-21T11:35:12
10.83908	-57.85837	0	47	2021-10-21T11:40:12
10.83972	-57.85974	0	47	2021-10-21T11:45:11
10.84027	-57.86127	0	47	2021-10-21T11:50:10
10.84101	-57.86274	0	47	2021-10-21T11:55:12
10.84165	-57.86411	0	47	2021-10-21T12:00:13
10.84242	-57.86548	0	47	2021-10-21T12:05:11
10.84309	-57.86697	0	47	2021-10-21T12:10:12
10.84384	-57.86836	0	47	2021-10-21T12:15:14
10.84440	-57.86956	0	47	2021-10-21T12:20:13
10.84500	-57.87085	0	47	2021-10-21T12:25:13
10.84569	-57.87219	0	47	2021-10-21T12:30:11
10.84634	-57.87350	0	47	2021-10-21T12:35:11
10.84697	-57.87482	0	47	2021-10-21T12:40:11
10.84760	-57.87607	0	47	2021-10-21T12:45:12
10.84823	-57.87744	0	47	2021-10-21T12:50:14
10.84901	-57.87869	0	47	2021-10-21T12:55:26
10.84972	-57.88000	0	47	2021-10-21T13:00:27
10.85045	-57.88129	0	47	2021-10-21T13:05:28
10.85111	-57.88260	0	47	2021-10-21T13:10:12
10.85198	-57.88387	0	47	2021-10-21T13:15:15
10.85275	-57.88516	0	47	2021-10-21T13:20:15
10.85353	-57.88677	0	47	2021-10-21T13:25:16
10.85426	-57.88831	0	47	2021-10-21T13:30:16
10.85493	-57.88974	0	47	2021-10-21T13:35:14
10.85577	-57.89120	0	47	2021-10-21T13:40:17
10.85645	-57.89270	0	47	2021-10-21T13:45:15
10.85762	-57.89463	0	47	2021-10-21T13:50:15
10.85848	-57.89609	0	47	2021-10-21T13:55:14
10.85919	-57.89758	0	47	2021-10-21T14:00:13
10.85994	-57.89902	0	47	2021-10-21T14:05:11
10.86076	-57.90039	0	47	2021-10-21T14:10:12
10.86163	-57.90182	0	47	2021-10-21T14:15:40
10.86250	-57.90305	0	47	2021-10-21T14:20:14
10.86342	-57.90452	0	47	2021-10-21T14:25:10
10.86424	-57.90598	0	47	2021-10-21T14:30:10
10.86518	-57.90750	0	47	2021-10-21T14:35:09
10.86622	-57.90906	0	47	2021-10-21T14:40:08
10.86725	-57.91055	0	47	2021-10-21T14:45:10
10.86841	-57.91205	0	47	2021-10-21T14:50:07
10.86943	-57.91367	0	47	2021-10-21T14:55:08
10.87048	-57.91519	0	47	2021-10-21T15:00:05
10.87161	-57.91688	0	47	2021-10-21T15:05:44
10.87260	-57.91834	0	47	2021-10-21T15:10:44
10.87376	-57.92014	0	47	2021-10-21T15:15:43
10.87467	-57.92148	0	47	2021-10-21T15:20:09
10.87591	-57.92303	0	47	2021-10-21T15:25:08
10.87711	-57.92449	0	47	2021-10-21T15:30:07
10.87835	-57.92603	0	47	2021-10-21T15:35:07
10.87962	-57.92761	0	47	2021-10-21T15:40:05
10.88093	-57.92928	0	47	2021-10-21T15:45:08
10.88217	-57.93082	0	47	2021-10-21T15:50:07
10.88346	-57.93228	0	47	2021-10-21T15:55:07
10.88477	-57.93372	0	47	2021-10-21T16:00:08
10.88630	-57.93517	0	47	2021-10-21T16:05:08
10.88763	-57.93646	0	47	2021-10-21T16:10:08
10.88899	-57.93790	0	47	2021-10-21T16:15:06
10.89020	-57.93896	0	47	2021-10-21T16:20:04
10.89131	-57.94031	0	47	2021-10-21T16:25:05
10.89262	-57.94150	0	47	2021-10-21T16:30:05
10.89387	-57.94272	0	47	2021-10-21T16:35:06
10.89503	-57.94382	0	47	2021-10-21T16:40:06
10.89620	-57.94489	0	47	2021-10-21T16:45:08
10.89860	-57.94720	0	47	2021-10-21T16:55:10
10.89972	-57.94839	0	47	2021-10-21T17:00:09
10.90096	-57.94943	0	47	2021-10-21T17:05:10
10.90206	-57.95047	0	47	2021-10-21T17:10:12
10.90320	-57.95166	0	47	2021-10-21T17:15:27
10.90419	-57.95276	0	47	2021-10-21T17:20:11
10.90530	-57.95399	0	47	2021-10-21T17:25:08
10.90629	-57.95511	0	47	2021-10-21T17:30:08
10.90744	-57.95627	0	47	2021-10-21T17:35:09
10.90850	-57.95754	0	47	2021-10-21T17:40:10
10.90962	-57.95874	0	47	2021-10-21T17:45:10
10.91068	-57.96005	0	47	2021-10-21T17:50:04
10.91177	-57.96130	0	47	2021-10-21T17:55:05
10.91297	-57.96255	0	47	2021-10-21T18:00:02
10.91413	-57.96384	0	47	2021-10-21T18:05:02
10.91556	-57.96509	0	47	2021-10-21T18:10:04
10.91711	-57.96674	0	47	2021-10-21T18:15:57
10.91836	-57.96791	0	47	2021-10-21T18:20:04
10.91969	-57.96920	0	47	2021-10-21T18:25:04
10.92111	-57.97049	0	47	2021-10-21T18:30:03
10.92245	-57.97194	0	47	2021-10-21T18:35:03
10.92382	-57.97314	0	47	2021-10-21T18:40:03
10.92509	-57.97433	0	47	2021-10-21T18:45:00
10.92647	-57.97549	0	47	2021-10-21T18:49:59
10.92787	-57.97672	0	47	2021-10-21T18:54:59
10.92920	-57.97784	0	47	2021-10-21T19:00:00
10.93047	-57.97900	0	47	2021-10-21T19:04:58
10.93181	-57.98001	0	47	2021-10-21T19:10:25
10.93344	-57.98138	0	47	2021-10-21T19:15:26
10.93469	-57.98233	0	47	2021-10-21T19:19:53
10.93606	-57.98349	0	47	2021-10-21T19:24:54
10.93746	-57.98465	0	47	2021-10-21T19:29:56
10.93879	-57.98576	0	47	2021-10-21T19:34:53
10.94016	-57.98688	0	47	2021-10-21T19:39:52
10.94133	-57.98822	0	47	2021-10-21T19:44:56
10.94260	-57.98935	0	47	2021-10-21T19:49:53
10.94396	-57.99057	0	47	2021-10-21T19:54:54
10.94530	-57.99179	0	47	2021-10-21T19:59:52
10.94665	-57.99298	0	47	2021-10-21T20:04:56
10.94806	-57.99427	0	47	2021-10-21T20:10:27
10.94952	-57.99564	0	47	2021-10-21T20:15:27
10.95087	-57.99686	0	47	2021-10-21T20:19:55
10.95231	-57.99817	0	47	2021-10-21T20:24:55
10.95380	-57.99960	0	47	2021-10-21T20:29:55
10.95529	-58.00101	0	47	2021-10-21T20:34:53
10.95667	-58.00235	0	47	2021-10-21T20:39:53
10.95813	-58.00372	0	47	2021-10-21T20:44:55
10.95948	-58.00497	0	47	2021-10-21T20:49:53
10.96074	-58.00601	0	47	2021-10-21T20:54:53
10.96205	-58.00717	0	47	2021-10-21T20:59:50
10.96348	-58.00833	0	47	2021-10-21T21:04:51
10.96476	-58.00931	0	47	2021-10-21T21:09:48
10.96630	-58.01093	0	47	2021-10-21T21:15:31
10.96743	-58.01193	0	47	2021-10-21T21:19:48
10.96997	-58.01436	0	47	2021-10-21T21:29:59
10.97109	-58.01530	0	47	2021-10-21T21:35:00
10.97225	-58.01642	0	47	2021-10-21T21:40:00
10.97332	-58.01736	0	47	2021-10-21T21:44:53
10.97452	-58.01837	0	47	2021-10-21T21:49:54
10.97571	-58.01935	0	47	2021-10-21T21:54:52
10.97696	-58.02054	0	47	2021-10-21T21:59:53
10.97822	-58.02127	0	47	2021-10-21T22:05:01
10.97923	-58.02213	0	47	2021-10-21T22:09:53
10.98101	-58.02393	0	47	2021-10-21T22:14:52
10.98217	-58.02487	0	47	2021-10-21T22:19:52
10.98347	-58.02594	0	47	2021-10-21T22:24:53
10.98473	-58.02686	0	47	2021-10-21T22:29:58
10.98602	-58.02780	0	47	2021-10-21T22:34:58
10.98726	-58.02887	0	47	2021-10-21T22:39:54
10.98856	-58.02988	0	47	2021-10-21T22:44:56
10.98991	-58.03091	0	47	2021-10-21T22:49:54
10.99119	-58.03207	0	47	2021-10-21T22:54:58
10.99245	-58.03333	0	47	2021-10-21T22:59:55
10.99372	-58.03448	0	47	2021-10-21T23:04:58
10.99505	-58.03568	0	47	2021-10-21T23:09:56
10.99647	-58.03644	0	47	2021-10-21T23:15:31
10.99759	-58.03727	0	47	2021-10-21T23:19:58
10.99892	-58.03821	0	47	2021-10-21T23:24:58
11.00038	-58.03922	0	47	2021-10-21T23:29:55
11.00184	-58.04012	0	47	2021-10-21T23:34:53
11.00334	-58.04124	0	47	2021-10-21T23:39:54
11.00476	-58.04218	0	47	2021-10-21T23:44:54
11.00613	-58.04303	0	47	2021-10-21T23:49:53
11.00756	-58.04376	0	47	2021-10-21T23:54:54
11.00909	-58.04465	0	47	2021-10-22T00:00:05
11.01035	-58.04535	0	47	2021-10-22T00:04:54
11.01183	-58.04617	0	47	2021-10-22T00:10:04
11.01332	-58.04722	0	47	2021-10-22T00:14:49
11.01439	-58.04773	0	47	2021-10-22T00:19:49
11.01557	-58.04847	0	47	2021-10-22T00:24:53
11.01664	-58.04898	0	47	2021-10-22T00:29:52
11.01784	-58.04959	0	47	2021-10-22T00:34:52
11.01906	-58.05026	0	47	2021-10-22T00:39:50
11.02041	-58.05100	0	47	2021-10-22T00:44:46
11.02170	-58.05169	0	47	2021-10-22T00:49:47
11.02299	-58.05255	0	47	2021-10-22T00:54:47
11.02420	-58.05351	0	47	2021-10-22T00:59:49
11.02536	-58.05420	0	47	2021-10-22T01:04:49
11.02650	-58.05490	0	47	2021-10-22T01:09:47
11.02761	-58.05576	0	47	2021-10-22T01:15:26
11.02971	-58.05701	0	47	2021-10-22T01:24:50
11.03082	-58.05780	0	47	2021-10-22T01:29:50
11.03179	-58.05859	0	47	2021-10-22T01:34:50
11.03279	-58.05939	0	47	2021-10-22T01:39:50
11.03370	-58.06012	0	47	2021-10-22T01:44:48
11.03459	-58.06094	0	47	2021-10-22T01:49:49
11.03577	-58.06179	0	47	2021-10-22T01:54:43
11.03678	-58.06241	0	47	2021-10-22T01:59:46
11.03774	-58.06317	0	47	2021-10-22T02:04:44
11.03877	-58.06387	0	47	2021-10-22T02:09:45
11.03987	-58.06461	0	47	2021-10-22T02:15:08
11.04076	-58.06528	0	47	2021-10-22T02:19:47
11.04175	-58.06594	0	47	2021-10-22T02:24:43
11.04265	-58.06654	0	47	2021-10-22T02:29:43
11.04351	-58.06723	0	47	2021-10-22T02:34:42
11.04443	-58.06802	0	47	2021-10-22T02:39:45
11.04524	-58.06894	0	47	2021-10-22T02:44:43
11.04608	-58.06970	0	47	2021-10-22T02:49:44
11.04681	-58.07043	0	47	2021-10-22T02:54:41
11.04766	-58.07114	0	47	2021-10-22T02:59:42
11.04847	-58.07181	0	47	2021-10-22T03:04:42
11.04931	-58.07244	0	47	2021-10-22T03:09:44
11.05017	-58.07304	0	47	2021-10-22T03:14:44
11.05086	-58.07355	0	47	2021-10-22T03:19:44
11.05166	-58.07410	0	47	2021-10-22T03:24:43
11.05258	-58.07483	0	47	2021-10-22T03:29:44
11.05347	-58.07538	0	47	2021-10-22T03:34:47
11.05442	-58.07587	0	47	2021-10-22T03:39:45
11.05534	-58.07642	0	47	2021-10-22T03:44:45
11.05626	-58.07697	0	47	2021-10-22T03:49:47
11.05727	-58.07756	0	47	2021-10-22T03:54:56
11.05821	-58.07807	0	47	2021-10-22T03:59:56
11.05924	-58.07867	0	47	2021-10-22T04:04:57
11.06026	-58.07919	0	47	2021-10-22T04:09:54
11.06139	-58.07974	0	47	2021-10-22T04:15:26
11.06234	-58.08026	0	47	2021-10-22T04:19:59
11.06341	-58.08085	0	47	2021-10-22T04:24:56
11.06453	-58.08136	0	47	2021-10-22T04:29:56
11.06560	-58.08185	0	47	2021-10-22T04:34:57
11.06657	-58.08234	0	47	2021-10-22T04:39:59
11.06770	-58.08273	0	47	2021-10-22T04:44:57
11.06869	-58.08316	0	47	2021-10-22T04:50:01
11.06965	-58.08356	0	47	2021-10-22T04:54:58
11.07063	-58.08392	0	47	2021-10-22T04:59:56
11.07173	-58.08429	0	47	2021-10-22T05:04:58
11.07276	-58.08463	0	47	2021-10-22T05:09:54
11.07389	-58.08496	0	47	2021-10-22T05:15:25
11.07483	-58.08533	0	47	2021-10-22T05:19:53
11.07582	-58.08559	0	47	2021-10-22T05:24:52
11.07672	-58.08585	0	47	2021-10-22T05:29:52
11.07773	-58.08612	0	47	2021-10-22T05:34:50
11.07883	-58.08627	0	47	2021-10-22T05:39:51
11.07977	-58.08643	0	47	2021-10-22T05:44:54
11.08074	-58.08655	0	47	2021-10-22T05:49:52
11.08172	-58.08670	0	47	2021-10-22T05:54:49
11.08284	-58.08711	0	47	2021-10-22T05:59:53
11.08370	-58.08728	0	47	2021-10-22T06:04:53
11.08464	-58.08762	0	47	2021-10-22T06:09:52
11.08563	-58.08807	0	47	2021-10-22T06:15:26
11.08654	-58.08844	0	47	2021-10-22T06:19:54
11.08757	-58.08903	0	47	2021-10-22T06:24:58
11.08851	-58.08954	0	47	2021-10-22T06:29:58
11.08941	-58.08997	0	47	2021-10-22T06:34:58
11.09037	-58.09048	0	47	2021-10-22T06:40:08
11.09120	-58.09082	0	47	2021-10-22T06:44:57
11.09208	-58.09113	0	47	2021-10-22T06:50:14
11.09301	-58.09140	0	47	2021-10-22T06:55:00
11.09395	-58.09149	0	47	2021-10-22T07:00:00
11.09494	-58.09158	0	47	2021-10-22T07:05:01
11.09590	-58.09171	0	47	2021-10-22T07:09:58
11.09688	-58.09189	0	47	2021-10-22T07:15:27
11.09783	-58.09201	0	47	2021-10-22T07:19:59
11.09882	-58.09235	0	47	2021-10-22T07:24:57
11.09993	-58.09271	0	47	2021-10-22T07:30:00
11.10098	-58.09305	0	47	2021-10-22T07:34:58
11.10204	-58.09338	0	47	2021-10-22T07:39:59
11.10307	-58.09387	0	47	2021-10-22T07:44:59
11.10426	-58.09436	0	47	2021-10-22T07:50:02
11.10538	-58.09497	0	47	2021-10-22T07:54:59
11.10645	-58.09540	0	47	2021-10-22T07:59:59
11.10645	-58.09544	0	47	2021-10-22T08:00:00
11.10739	-58.09595	0	47	2021-10-22T08:05:00
11.10850	-58.09644	0	47	2021-10-22T08:10:28
11.10974	-58.09695	0	47	2021-10-22T08:15:28
11.11064	-58.09744	0	47	2021-10-22T08:19:58
11.11169	-58.09790	0	47	2021-10-22T08:24:56
11.11280	-58.09829	0	47	2021-10-22T08:29:59
11.11383	-58.09863	0	47	2021-10-22T08:34:58
11.11487	-58.09897	0	47	2021-10-22T08:39:58
11.11678	-58.09958	0	47	2021-10-22T08:49:58
11.11767	-58.09994	0	47	2021-10-22T08:54:57
11.11849	-58.10028	0	47	2021-10-22T08:59:58
11.11930	-58.10065	0	47	2021-10-22T09:04:55
11.12013	-58.10101	0	47	2021-10-22T09:09:58
11.12102	-58.10132	0	47	2021-10-22T09:15:27
11.12174	-58.10156	0	47	2021-10-22T09:20:02
11.12247	-58.10187	0	47	2021-10-22T09:25:02
11.12328	-58.10228	0	47	2021-10-22T09:30:03
11.12414	-58.10254	0	47	2021-10-22T09:35:03
11.12501	-58.10275	0	47	2021-10-22T09:40:01
11.12589	-58.10303	0	47	2021-10-22T09:45:02
11.12676	-58.10333	0	47	2021-10-22T09:50:01
11.12765	-58.10374	0	47	2021-10-22T09:54:59
11.12851	-58.10408	0	47	2021-10-22T09:59:59
11.12928	-58.10434	0	47	2021-10-22T10:04:58
11.13005	-58.10469	0	47	2021-10-22T10:10:25
11.13087	-58.10495	0	47	2021-10-22T10:15:26
11.13151	-58.10513	0	47	2021-10-22T10:20:04
11.13218	-58.10541	0	47	2021-10-22T10:25:01
11.13282	-58.10559	0	47	2021-10-22T10:30:00
11.13352	-58.10571	0	47	2021-10-22T10:34:58
11.13411	-58.10580	0	47	2021-10-22T10:39:59
11.13477	-58.10599	0	47	2021-10-22T10:45:15
11.13550	-58.10608	0	47	2021-10-22T10:50:15
11.13606	-58.10608	0	47	2021-10-22T10:55:13
11.13665	-58.10614	0	47	2021-10-22T11:00:14
11.13721	-58.10623	0	47	2021-10-22T11:05:12
11.13772	-58.10623	0	47	2021-10-22T11:10:12
11.13833	-58.10645	0	47	2021-10-22T11:15:41
11.13878	-58.10638	0	47	2021-10-22T11:20:17
11.13929	-58.10645	0	47	2021-10-22T11:25:11
11.13971	-58.10672	0	47	2021-10-22T11:30:00
11.14010	-58.10684	0	47	2021-10-22T11:34:57
11.14084	-58.10697	0	47	2021-10-22T11:44:58
11.14105	-58.10706	0	47	2021-10-22T11:49:58
11.14126	-58.10715	0	47	2021-10-22T11:54:57
11.14244	-58.10767	0	47	2021-10-22T12:10:07
11.14284	-58.10779	0	47	2021-10-22T12:15:27
11.14350	-58.10800	0	47	2021-10-22T12:24:59
11.14380	-58.10800	0	47	2021-10-22T12:29:59
11.14414	-58.10809	0	47	2021-10-22T12:35:00
11.14448	-58.10825	0	47	2021-10-22T12:40:01
11.14482	-58.10843	0	47	2021-10-22T12:44:58
11.14522	-58.10867	0	47	2021-10-22T12:49:58
11.14557	-58.10892	0	47	2021-10-22T12:54:59
11.14584	-58.10925	0	47	2021-10-22T12:59:59
11.14612	-58.10956	0	47	2021-10-22T13:04:57
11.14640	-58.10968	0	47	2021-10-22T13:09:58
11.14678	-58.11026	0	47	2021-10-22T13:15:26
11.14757	-58.11145	0	47	2021-10-22T13:24:56
11.14787	-58.11195	0	47	2021-10-22T13:29:56
11.14817	-58.11246	0	47	2021-10-22T13:34:55
11.14833	-58.11301	0	47	2021-10-22T13:40:03
11.14839	-58.11337	0	47	2021-10-22T13:44:59
11.14810	-58.11368	0	47	2021-10-22T13:49:57
11.14816	-58.11411	0	47	2021-10-22T13:54:58
11.14828	-58.11453	0	47	2021-10-22T13:59:58
11.14885	-58.11505	0	47	2021-10-22T14:04:58
11.14899	-58.11567	0	47	2021-10-22T14:10:35
11.14920	-58.11636	0	47	2021-10-22T14:15:35
11.19157	-58.09280	0	47	2021-10-22T14:22:08
11.15030	-58.12329	0	47	2021-10-22T15:15:23
11.15039	-58.12372	0	47	2021-10-22T15:20:23
11.15043	-58.12424	0	47	2021-10-22T15:25:21
11.15034	-58.12466	0	47	2021-10-22T15:30:25
11.15029	-58.12500	0	47	2021-10-22T15:35:15
11.15024	-58.12537	0	47	2021-10-22T15:40:13
11.15016	-58.12570	0	47	2021-10-22T15:45:17
11.15008	-58.12622	0	47	2021-10-22T15:50:14
11.15008	-58.12631	0	47	2021-10-22T15:55:15
11.14995	-58.12665	0	47	2021-10-22T16:00:14
11.14990	-58.12695	0	47	2021-10-22T16:05:16
11.14976	-58.12726	0	47	2021-10-22T16:10:14
11.14962	-58.12756	0	47	2021-10-22T16:15:57
11.14932	-58.12775	0	47	2021-10-22T16:20:16
11.14909	-58.12803	0	47	2021-10-22T16:25:16
11.14892	-58.12820	0	47	2021-10-22T16:30:17
11.14875	-58.12842	0	47	2021-10-22T16:35:17
11.14869	-58.12869	0	47	2021-10-22T16:40:19
11.14885	-58.12903	0	47	2021-10-22T16:45:18
11.14912	-58.12927	0	47	2021-10-22T16:50:20
11.14946	-58.12952	0	47	2021-10-22T16:55:18
11.14975	-58.12964	0	47	2021-10-22T17:00:22
11.14995	-58.12982	0	47	2021-10-22T17:05:22
11.15023	-58.12991	0	47	2021-10-22T17:10:23
11.15049	-58.13010	0	47	2021-10-22T17:15:55
11.15068	-58.13016	0	47	2021-10-22T17:20:25
11.15088	-58.13010	0	47	2021-10-22T17:25:25
11.15104	-58.13010	0	47	2021-10-22T17:30:24
11.15114	-58.13007	0	47	2021-10-22T17:35:23
11.15123	-58.13010	0	47	2021-10-22T17:40:22
11.15125	-58.13007	0	47	2021-10-22T17:45:21
11.15133	-58.13004	0	47	2021-10-22T17:50:20
11.15143	-58.12991	0	47	2021-10-22T17:55:20
11.15159	-58.12999	0	47	2021-10-22T18:00:21
11.15159	-58.13008	0	47	2021-10-22T18:05:21
11.15155	-58.13034	0	47	2021-10-22T18:10:22
11.15141	-58.13058	0	47	2021-10-22T18:15:57
11.15131	-58.13086	0	47	2021-10-22T18:20:24
11.15116	-58.13123	0	47	2021-10-22T18:25:25
11.15098	-58.13153	0	47	2021-10-22T18:30:23
11.15082	-58.13202	0	47	2021-10-22T18:35:25
11.15060	-58.13257	0	47	2021-10-22T18:40:26
11.15034	-58.13300	0	47	2021-10-22T18:45:25
11.15016	-58.13348	0	47	2021-10-22T18:50:24
11.15001	-58.13394	0	47	2021-10-22T18:55:25
11.14987	-58.13453	0	47	2021-10-22T19:00:23
11.14987	-58.13496	0	47	2021-10-22T19:05:23
11.14974	-58.13556	0	47	2021-10-22T19:10:22
11.14970	-58.13623	0	47	2021-10-22T19:15:57
11.14970	-58.13669	0	47	2021-10-22T19:20:22
11.14964	-58.13730	0	47	2021-10-22T19:25:20
11.14958	-58.13791	0	47	2021-10-22T19:30:21
11.14950	-58.13850	0	47	2021-10-22T19:35:21
11.14946	-58.13910	0	47	2021-10-22T19:40:21
11.14936	-58.13968	0	47	2021-10-22T19:45:19
11.14931	-58.14026	0	47	2021-10-22T19:50:20
11.14916	-58.14066	0	47	2021-10-22T19:55:17
11.14919	-58.14120	0	47	2021-10-22T20:00:18
11.14927	-58.14206	0	47	2021-10-22T20:05:19
11.14923	-58.14267	0	47	2021-10-22T20:10:19
11.14919	-58.14326	0	47	2021-10-22T20:15:32
11.14928	-58.14395	0	47	2021-10-22T20:20:33
11.14940	-58.14441	0	47	2021-10-22T20:25:26
11.14946	-58.14484	0	47	2021-10-22T20:30:22
11.14948	-58.14517	0	47	2021-10-22T20:35:24
11.14957	-58.14572	0	47	2021-10-22T20:40:21
11.14999	-58.14658	0	47	2021-10-22T20:50:27
11.15003	-58.14701	0	47	2021-10-22T20:55:28
11.15016	-58.14752	0	47	2021-10-22T21:00:28
11.15037	-58.14801	0	47	2021-10-22T21:05:26
11.15059	-58.14856	0	47	2021-10-22T21:10:29
11.15082	-58.14957	0	47	2021-10-22T21:15:59
11.15102	-58.15021	0	47	2021-10-22T21:20:25
11.15126	-58.15088	0	47	2021-10-22T21:25:28
11.15150	-58.15159	0	47	2021-10-22T21:30:23
11.15167	-58.15228	0	47	2021-10-22T21:35:23
11.15195	-58.15323	0	47	2021-10-22T21:40:32
11.15223	-58.15384	0	47	2021-10-22T21:45:23
11.15245	-58.15457	0	47	2021-10-22T21:50:25
11.15268	-58.15536	0	47	2021-10-22T21:55:22
11.15300	-58.15621	0	47	2021-10-22T22:00:26
11.15317	-58.15672	0	47	2021-10-22T22:05:25
11.15334	-58.15741	0	47	2021-10-22T22:10:25
11.15370	-58.15842	0	47	2021-10-22T22:16:01
11.15388	-58.15900	0	47	2021-10-22T22:20:27
11.15419	-58.15970	0	47	2021-10-22T22:25:28
11.15436	-58.16034	0	47	2021-10-22T22:30:27
11.15464	-58.16101	0	47	2021-10-22T22:35:25
11.15488	-58.16164	0	47	2021-10-22T22:40:26
11.15514	-58.16233	0	47	2021-10-22T22:45:27
11.15535	-58.16302	0	47	2021-10-22T22:50:27
11.15562	-58.16376	0	47	2021-10-22T22:55:29
11.15589	-58.16443	0	47	2021-10-22T23:00:30
11.15615	-58.16513	0	47	2021-10-22T23:05:30
11.15653	-58.16580	0	47	2021-10-22T23:10:32
11.15724	-58.16742	0	47	2021-10-22T23:20:29
11.15759	-58.16833	0	47	2021-10-22T23:25:30
11.15803	-58.16919	0	47	2021-10-22T23:30:31
11.15850	-58.16998	0	47	2021-10-22T23:35:25
11.15890	-58.17109	0	47	2021-10-22T23:40:29
11.15929	-58.17203	0	47	2021-10-22T23:45:30
11.15963	-58.17297	0	47	2021-10-22T23:50:30
11.15997	-58.17389	0	47	2021-10-22T23:55:28
11.16033	-58.17493	0	47	2021-10-23T00:00:29
11.16142	-58.17574	0	47	2021-10-23T00:05:57
11.16110	-58.17682	0	47	2021-10-23T00:10:29
11.16142	-58.17789	0	47	2021-10-23T00:15:58
11.16171	-58.17874	0	47	2021-10-23T00:20:27
11.16208	-58.17976	0	47	2021-10-23T00:25:28
11.16242	-58.18070	0	47	2021-10-23T00:30:27
11.16268	-58.18164	0	47	2021-10-23T00:35:27
11.16299	-58.18265	0	47	2021-10-23T00:40:26
11.16332	-58.18372	0	47	2021-10-23T00:45:28
11.16363	-58.18472	0	47	2021-10-23T00:50:25
11.16395	-58.18578	0	47	2021-10-23T00:55:26
11.16416	-58.18681	0	47	2021-10-23T01:00:27
11.16433	-58.18793	0	47	2021-10-23T01:05:27
11.16467	-58.18918	0	47	2021-10-23T01:10:26
11.16486	-58.19028	0	47	2021-10-23T01:15:59
11.16511	-58.19113	0	47	2021-10-23T01:20:27
11.16522	-58.19214	0	47	2021-10-23T01:25:21
11.16540	-58.19319	0	47	2021-10-23T01:30:25
11.16563	-58.19412	0	47	2021-10-23T01:35:24
11.16583	-58.19516	0	47	2021-10-23T01:40:25
11.16608	-58.19623	0	47	2021-10-23T01:45:23
11.16628	-58.19726	0	47	2021-10-23T01:50:24
11.16671	-58.19838	0	47	2021-10-23T01:55:24
11.16714	-58.19958	0	47	2021-10-23T02:00:23
11.16757	-58.20084	0	47	2021-10-23T02:05:22
11.16792	-58.20227	0	47	2021-10-23T02:10:24
11.16826	-58.20367	0	47	2021-10-23T02:16:03
11.16856	-58.20490	0	47	2021-10-23T02:20:21
11.16898	-58.20605	0	47	2021-10-23T02:25:19
11.16921	-58.20728	0	47	2021-10-23T02:30:19
11.16934	-58.20822	0	47	2021-10-23T02:35:19
11.16950	-58.20923	0	47	2021-10-23T02:40:22
11.16964	-58.21005	0	47	2021-10-23T02:45:27
11.16975	-58.21097	0	47	2021-10-23T02:50:34
11.16981	-58.21182	0	47	2021-10-23T02:55:34
11.16998	-58.21268	0	47	2021-10-23T03:00:36
11.17004	-58.21366	0	47	2021-10-23T03:06:27
11.17021	-58.21443	0	47	2021-10-23T03:11:27
11.17012	-58.21512	0	47	2021-10-23T03:16:26
11.17020	-58.21576	0	47	2021-10-23T03:20:23
11.17015	-58.21674	0	47	2021-10-23T03:25:21
11.17001	-58.21759	0	47	2021-10-23T03:30:25
11.16984	-58.21848	0	47	2021-10-23T03:35:26
11.16971	-58.21930	0	47	2021-10-23T03:40:27
11.16957	-58.22028	0	47	2021-10-23T03:45:25
11.16946	-58.22128	0	47	2021-10-23T03:50:24
11.16932	-58.22223	0	47	2021-10-23T03:55:26
11.16901	-58.22304	0	47	2021-10-23T04:00:27
11.16886	-58.22366	0	47	2021-10-23T04:05:29
11.16863	-58.22433	0	47	2021-10-23T04:10:28
11.16838	-58.22504	0	47	2021-10-23T04:15:57
11.16812	-58.22562	0	47	2021-10-23T04:20:27
11.16789	-58.22634	0	47	2021-10-23T04:25:26
11.16755	-58.22703	0	47	2021-10-23T04:30:25
11.16712	-58.22772	0	47	2021-10-23T04:35:25
11.16664	-58.22845	0	47	2021-10-23T04:40:26
11.16617	-58.22918	0	47	2021-10-23T04:45:27
11.16574	-58.22995	0	47	2021-10-23T04:50:27
11.16537	-58.23074	0	47	2021-10-23T04:55:25
11.16496	-58.23163	0	47	2021-10-23T05:00:26
11.16462	-58.23236	0	47	2021-10-23T05:05:23
11.16423	-58.23315	0	47	2021-10-23T05:10:24
11.16391	-58.23407	0	47	2021-10-23T05:15:54
11.16366	-58.23495	0	47	2021-10-23T05:20:25
11.16332	-58.23581	0	47	2021-10-23T05:25:26
11.16306	-58.23679	0	47	2021-10-23T05:30:27
11.16267	-58.23767	0	47	2021-10-23T05:35:28
11.16238	-58.23856	0	47	2021-10-23T05:40:29
11.16209	-58.23956	0	47	2021-10-23T05:45:30
11.16186	-58.24033	0	47	2021-10-23T05:50:30
11.16159	-58.24115	0	47	2021-10-23T05:55:32
11.16147	-58.24188	0	47	2021-10-23T06:00:31
11.16134	-58.24263	0	47	2021-10-23T06:05:55
11.16123	-58.24341	0	47	2021-10-23T06:10:35
11.16104	-58.24426	0	47	2021-10-23T06:15:54
11.16094	-58.24496	0	47	2021-10-23T06:20:32
11.16071	-58.24575	0	47	2021-10-23T06:25:33
11.16062	-58.24652	0	47	2021-10-23T06:30:33
11.16044	-58.24728	0	47	2021-10-23T06:35:31
11.16038	-58.24819	0	47	2021-10-23T06:40:35
11.16025	-58.24896	0	47	2021-10-23T06:45:35
11.16014	-58.24976	0	47	2021-10-23T06:50:33
11.15998	-58.25060	0	47	2021-10-23T06:55:33
11.15985	-58.25137	0	47	2021-10-23T07:00:32
11.15971	-58.25201	0	47	2021-10-23T07:05:31
11.15959	-58.25272	0	47	2021-10-23T07:10:33
11.15950	-58.25376	0	47	2021-10-23T07:15:30
11.15937	-58.25436	0	47	2021-10-23T07:20:30
11.15928	-58.25513	0	47	2021-10-23T07:25:30
11.15922	-58.25589	0	47	2021-10-23T07:30:28
11.15902	-58.25660	0	47	2021-10-23T07:35:26
11.15905	-58.25735	0	47	2021-10-23T07:40:26
11.15893	-58.25806	0	47	2021-10-23T07:45:27
11.15885	-58.25882	0	47	2021-10-23T07:50:27
11.15868	-58.25958	0	47	2021-10-23T07:55:25
11.15848	-58.26035	0	47	2021-10-23T08:00:26
11.15818	-58.26111	0	47	2021-10-23T08:05:25
11.15788	-58.26184	0	47	2021-10-23T08:10:26
11.15759	-58.26282	0	47	2021-10-23T08:15:58
11.15764	-58.26343	0	47	2021-10-23T08:20:26
11.15734	-58.26434	0	47	2021-10-23T08:25:25
11.15715	-58.26526	0	47	2021-10-23T08:30:26
11.15702	-58.26605	0	47	2021-10-23T08:35:24
11.15669	-58.26712	0	47	2021-10-23T08:40:25
11.15654	-58.26788	0	47	2021-10-23T08:45:23
11.15642	-58.26871	0	47	2021-10-23T08:50:25
11.15632	-58.26978	0	47	2021-10-23T08:55:24
11.15632	-58.27057	0	47	2021-10-23T09:00:21
11.15619	-58.27158	0	47	2021-10-23T09:05:24
11.15613	-58.27267	0	47	2021-10-23T09:10:23
11.15604	-58.27390	0	47	2021-10-23T09:15:57
11.15594	-58.27484	0	47	2021-10-23T09:20:29
11.15581	-58.27594	0	47	2021-10-23T09:25:29
11.15567	-58.27715	0	47	2021-10-23T09:30:34
11.15546	-58.27835	0	47	2021-10-23T09:35:34
11.15538	-58.27963	0	47	2021-10-23T09:40:32
11.15525	-58.28091	0	47	2021-10-23T09:45:33
11.15514	-58.28229	0	47	2021-10-23T09:50:33
11.15504	-58.28366	0	47	2021-10-23T09:55:34
11.15497	-58.28500	0	47	2021-10-23T10:00:32
11.15480	-58.28632	0	47	2021-10-23T10:05:32
11.15470	-58.28763	0	47	2021-10-23T10:10:33
11.15476	-58.28879	0	47	2021-10-23T10:15:57
11.15462	-58.28992	0	47	2021-10-23T10:20:34
11.15465	-58.29117	0	47	2021-10-23T10:25:38
11.15478	-58.29254	0	47	2021-10-23T10:30:51
11.15473	-58.29370	0	47	2021-10-23T10:35:37
11.15476	-58.29504	0	47	2021-10-23T10:40:52
11.15481	-58.29632	0	47	2021-10-23T10:45:50
11.15481	-58.29761	0	47	2021-10-23T10:50:51
11.15479	-58.29901	0	47	2021-10-23T10:55:52
11.15474	-58.30051	0	47	2021-10-23T11:00:50
11.15470	-58.30203	0	47	2021-10-23T11:06:05
11.15470	-58.30349	0	47	2021-10-23T11:11:06
11.15466	-58.30478	0	47	2021-10-23T11:16:06
11.15473	-58.30615	0	47	2021-10-23T11:20:41
11.15476	-58.30771	0	47	2021-10-23T11:25:39
11.15476	-58.30908	0	47	2021-10-23T11:30:39
11.15478	-58.31052	0	47	2021-10-23T11:35:39
11.15522	-58.31504	0	47	2021-10-23T11:50:46
11.15531	-58.31650	0	47	2021-10-23T11:55:46
11.15544	-58.31787	0	47	2021-10-23T12:00:46
11.15685	-58.32577	0	47	2021-10-23T12:25:43
11.15715	-58.32731	0	47	2021-10-23T12:30:42
11.15745	-58.32877	0	47	2021-10-23T12:35:42
11.15772	-58.33029	0	47	2021-10-23T12:40:43
11.15801	-58.33173	0	47	2021-10-23T12:45:41
11.15820	-58.33307	0	47	2021-10-23T12:50:44
11.15841	-58.33460	0	47	2021-10-23T12:55:39
11.15844	-58.33594	0	47	2021-10-23T13:00:42
11.15854	-58.33743	0	47	2021-10-23T13:05:40
11.15862	-58.33893	0	47	2021-10-23T13:10:41
11.15882	-58.34068	0	47	2021-10-23T13:15:40
11.15873	-58.34214	0	47	2021-10-23T13:20:39
11.15856	-58.34317	0	47	2021-10-23T13:25:39
11.15935	-58.34673	0	47	2021-10-23T13:35:40
11.15952	-58.34824	0	47	2021-10-23T13:40:42
11.15965	-58.34973	0	47	2021-10-23T13:45:39
11.15973	-58.35126	0	47	2021-10-23T13:50:42
11.15982	-58.35279	0	47	2021-10-23T13:55:40
11.15991	-58.35433	0	47	2021-10-23T14:00:40
11.15995	-58.35587	0	47	2021-10-23T14:05:39
11.15993	-58.35745	0	47	2021-10-23T14:10:42
11.15994	-58.35919	0	47	2021-10-23T14:16:07
11.15996	-58.36063	0	47	2021-10-23T14:20:41
11.15988	-58.36224	0	47	2021-10-23T14:25:42
11.16007	-58.36380	0	47	2021-10-23T14:30:41
11.16021	-58.36536	0	47	2021-10-23T14:35:52
11.16017	-58.36708	0	47	2021-10-23T14:40:52
11.16021	-58.36862	0	47	2021-10-23T14:45:53
11.16033	-58.37012	0	47	2021-10-23T14:50:54
11.16024	-58.37181	0	47	2021-10-23T14:55:59
11.16024	-58.37344	0	47	2021-10-23T15:00:59
11.16041	-58.37503	0	47	2021-10-23T15:05:53
11.16060	-58.37681	0	47	2021-10-23T15:11:12
11.16081	-58.37878	0	47	2021-10-23T15:16:12
11.16107	-58.38052	0	47	2021-10-23T15:20:55
11.16127	-58.38226	0	47	2021-10-23T15:25:52
11.16140	-58.38397	0	47	2021-10-23T15:30:53
11.16159	-58.38724	0	47	2021-10-23T15:40:35
11.16166	-58.38898	0	47	2021-10-23T15:45:36
11.16184	-58.39059	0	47	2021-10-23T15:50:37
11.16187	-58.39224	0	47	2021-10-23T15:55:34
11.16210	-58.39395	0	47	2021-10-23T16:00:35
11.16212	-58.39554	0	47	2021-10-23T16:05:29
11.16228	-58.39716	0	47	2021-10-23T16:10:32
11.16243	-58.39883	0	47	2021-10-23T16:15:53
11.16246	-58.40024	0	47	2021-10-23T16:20:31
11.16245	-58.40170	0	47	2021-10-23T16:25:28
11.16257	-58.40320	0	47	2021-10-23T16:30:31
11.16254	-58.40457	0	47	2021-10-23T16:35:29
11.16245	-58.40598	0	47	2021-10-23T16:40:30
11.16208	-58.40872	0	47	2021-10-23T16:50:35
11.16182	-58.41026	0	47	2021-10-23T16:55:33
11.16161	-58.41172	0	47	2021-10-23T17:00:34
11.16135	-58.41318	0	47	2021-10-23T17:05:34
11.16113	-58.41476	0	47	2021-10-23T17:10:34
11.16090	-58.41638	0	47	2021-10-23T17:15:56
11.16056	-58.41780	0	47	2021-10-23T17:20:41
11.16035	-58.41926	0	47	2021-10-23T17:25:41
11.16022	-58.42072	0	47	2021-10-23T17:30:41
11.16002	-58.42218	0	47	2021-10-23T17:35:40
11.15985	-58.42358	0	47	2021-10-23T17:40:40
11.15963	-58.42499	0	47	2021-10-23T17:45:38
11.15946	-58.42644	0	47	2021-10-23T17:50:41
11.15920	-58.42773	0	47	2021-10-23T17:55:40
11.15902	-58.42911	0	47	2021-10-23T18:00:39
11.15879	-58.43042	0	47	2021-10-23T18:05:37
11.15868	-58.43194	0	47	2021-10-23T18:10:35
11.15856	-58.43338	0	47	2021-10-23T18:15:55
11.15838	-58.43469	0	47	2021-10-23T18:20:36
11.15825	-58.43610	0	47	2021-10-23T18:25:40
11.15827	-58.43749	0	47	2021-10-23T18:30:40
11.15814	-58.43886	0	47	2021-10-23T18:35:39
11.15810	-58.44006	0	47	2021-10-23T18:40:39
11.15804	-58.44138	0	47	2021-10-23T18:45:37
11.15809	-58.44275	0	47	2021-10-23T18:50:38
11.15809	-58.44415	0	47	2021-10-23T18:55:38
11.15810	-58.44547	0	47	2021-10-23T19:00:39
11.15814	-58.44668	0	47	2021-10-23T19:05:36
11.15818	-58.44788	0	47	2021-10-23T19:10:36
11.15832	-58.44913	0	47	2021-10-23T19:15:57
11.15842	-58.45023	0	47	2021-10-23T19:20:38
11.15845	-58.45151	0	47	2021-10-23T19:25:39
11.15860	-58.45276	0	47	2021-10-23T19:30:41
11.15882	-58.45391	0	47	2021-10-23T19:35:41
11.15882	-58.45511	0	47	2021-10-23T19:40:41
11.15884	-58.45632	0	47	2021-10-23T19:45:39
11.15893	-58.45752	0	47	2021-10-23T19:50:40
11.15913	-58.45871	0	47	2021-10-23T19:55:40
11.15928	-58.45981	0	47	2021-10-23T20:00:42
11.15944	-58.46097	0	47	2021-10-23T20:05:41
11.15963	-58.46218	0	47	2021-10-23T20:10:47
11.15997	-58.46287	0	47	2021-10-23T20:15:47
11.16010	-58.46390	0	47	2021-10-23T20:20:47
11.16035	-58.46506	0	47	2021-10-23T20:25:39
11.16061	-58.46625	0	47	2021-10-23T20:30:38
11.16083	-58.46738	0	47	2021-10-23T20:35:39
11.16115	-58.46857	0	47	2021-10-23T20:40:37
11.16141	-58.46979	0	47	2021-10-23T20:45:38
11.16171	-58.47116	0	47	2021-10-23T20:50:38
11.16200	-58.47238	0	47	2021-10-23T20:55:39
11.16231	-58.47375	0	47	2021-10-23T21:00:40
11.16265	-58.47495	0	47	2021-10-23T21:05:41
11.16292	-58.47623	0	47	2021-10-23T21:10:39
11.16331	-58.47772	0	47	2021-10-23T21:16:12
11.16379	-58.47919	0	47	2021-10-23T21:20:42
11.16418	-58.48056	0	47	2021-10-23T21:25:41
11.16461	-58.48210	0	47	2021-10-23T21:30:41
11.16500	-58.48364	0	47	2021-10-23T21:35:41
11.16542	-58.48514	0	47	2021-10-23T21:40:39
11.16581	-58.48660	0	47	2021-10-23T21:45:40
11.16607	-58.48795	0	47	2021-10-23T21:50:38
11.16634	-58.48932	0	47	2021-10-23T21:55:39
11.16675	-58.49077	0	47	2021-10-23T22:00:41
11.16701	-58.49203	0	47	2021-10-23T22:05:40
11.16727	-58.49335	0	47	2021-10-23T22:10:40
11.16756	-58.49472	0	47	2021-10-23T22:16:01
11.16780	-58.49582	0	47	2021-10-23T22:20:42
11.16801	-58.49706	0	47	2021-10-23T22:25:35
11.16810	-58.49826	0	47	2021-10-23T22:30:36
11.16834	-58.49959	0	47	2021-10-23T22:35:34
11.16860	-58.50079	0	47	2021-10-23T22:40:34
11.16890	-58.50214	0	47	2021-10-23T22:45:35
11.16915	-58.50353	0	47	2021-10-23T22:50:33
11.16936	-58.50507	0	47	2021-10-23T22:55:33
11.16944	-58.50644	0	47	2021-10-23T23:00:32
11.16973	-58.50799	0	47	2021-10-23T23:05:57
11.17003	-58.50940	0	47	2021-10-23T23:10:31
11.17042	-58.51099	0	47	2021-10-23T23:15:56
11.17070	-58.51254	0	47	2021-10-23T23:20:33
11.17107	-58.51401	0	47	2021-10-23T23:25:31
11.17133	-58.51547	0	47	2021-10-23T23:30:30
11.17163	-58.51709	0	47	2021-10-23T23:35:31
11.17197	-58.51855	0	47	2021-10-23T23:40:32
11.17226	-58.52002	0	47	2021-10-23T23:45:30
11.17261	-58.52143	0	47	2021-10-23T23:50:30
11.17291	-58.52280	0	47	2021-10-23T23:55:30
11.17325	-58.52405	0	47	2021-10-24T00:00:31
11.17355	-58.52530	0	47	2021-10-24T00:05:33
11.17388	-58.52654	0	47	2021-10-24T00:10:57
11.17418	-58.52783	0	47	2021-10-24T00:15:57
11.17446	-58.52902	0	47	2021-10-24T00:20:35
11.17484	-58.53033	0	47	2021-10-24T00:25:33
11.17522	-58.53149	0	47	2021-10-24T00:30:30
11.17550	-58.53263	0	47	2021-10-24T00:35:30
11.17580	-58.53366	0	47	2021-10-24T00:40:30
11.17605	-58.53482	0	47	2021-10-24T00:45:32
11.17634	-58.53598	0	47	2021-10-24T00:50:34
11.17681	-58.53742	0	47	2021-10-24T00:55:30
11.17724	-58.53888	0	47	2021-10-24T01:00:31
11.17771	-58.54034	0	47	2021-10-24T01:05:31
11.17789	-58.54160	0	47	2021-10-24T01:10:33
11.17805	-58.54294	0	47	2021-10-24T01:15:57
11.17821	-58.54419	0	47	2021-10-24T01:20:34
11.17825	-58.54548	0	47	2021-10-24T01:25:34
11.17838	-58.54660	0	47	2021-10-24T01:30:33
11.17846	-58.54785	0	47	2021-10-24T01:35:36
11.17857	-58.54903	0	47	2021-10-24T01:40:34
11.17857	-58.55023	0	47	2021-10-24T01:45:35
11.17873	-58.55145	0	47	2021-10-24T01:50:33
11.17870	-58.55276	0	47	2021-10-24T01:55:39
11.17875	-58.55399	0	47	2021-10-24T02:00:34
11.17883	-58.55508	0	47	2021-10-24T02:05:35
11.17899	-58.55637	0	47	2021-10-24T02:10:35
11.17927	-58.55765	0	47	2021-10-24T02:15:55
11.17953	-58.55883	0	47	2021-10-24T02:20:33
11.17983	-58.56012	0	47	2021-10-24T02:25:34
11.18009	-58.56259	0	47	2021-10-24T02:35:33
11.18019	-58.56379	0	47	2021-10-24T02:40:33
11.18036	-58.56508	0	47	2021-10-24T02:45:34
11.18049	-58.56628	0	47	2021-10-24T02:50:34
11.18055	-58.56760	0	47	2021-10-24T02:55:35
11.18058	-58.56900	0	47	2021-10-24T03:00:39
11.18069	-58.57022	0	47	2021-10-24T03:05:37
11.18075	-58.57166	0	47	2021-10-24T03:10:38
11.18084	-58.57321	0	47	2021-10-24T03:15:57
11.18091	-58.57449	0	47	2021-10-24T03:20:40
11.18113	-58.57608	0	47	2021-10-24T03:25:40
11.18116	-58.57758	0	47	2021-10-24T03:30:38
11.18147	-58.57916	0	47	2021-10-24T03:35:41
11.18177	-58.58074	0	47	2021-10-24T03:40:42
11.18203	-58.58228	0	47	2021-10-24T03:45:41
11.18223	-58.58392	0	47	2021-10-24T03:50:44
11.18237	-58.58548	0	47	2021-10-24T03:55:46
11.18254	-58.58704	0	47	2021-10-24T04:00:46
11.18276	-58.58868	0	47	2021-10-24T04:05:44
11.18290	-58.59030	0	47	2021-10-24T04:10:44
11.18306	-58.59224	0	47	2021-10-24T04:15:45
11.18319	-58.59378	0	47	2021-10-24T04:20:45
11.18323	-58.59540	0	47	2021-10-24T04:25:47
11.18331	-58.59695	0	47	2021-10-24T04:30:47
11.18345	-58.59863	0	47	2021-10-24T04:35:49
11.18350	-58.60025	0	47	2021-10-24T04:40:52
11.18364	-58.60184	0	47	2021-10-24T04:45:50
11.18375	-58.60347	0	47	2021-10-24T04:50:51
11.18379	-58.60501	0	47	2021-10-24T04:55:51
11.18386	-58.60657	0	47	2021-10-24T05:00:49
11.18385	-58.60812	0	47	2021-10-24T05:05:50
11.18386	-58.60971	0	47	2021-10-24T05:10:47
11.18390	-58.61160	0	47	2021-10-24T05:16:26
11.18391	-58.61304	0	47	2021-10-24T05:20:45
11.18389	-58.61481	0	47	2021-10-24T05:25:46
11.18390	-58.61655	0	47	2021-10-24T05:30:43
11.18390	-58.61818	0	47	2021-10-24T05:35:43
11.18390	-58.61972	0	47	2021-10-24T05:40:44
11.18390	-58.62125	0	47	2021-10-24T05:45:45
11.18394	-58.62288	0	47	2021-10-24T05:50:46
11.18394	-58.62442	0	47	2021-10-24T05:55:46
11.18424	-58.62931	0	47	2021-10-24T06:10:46
11.18441	-58.63111	0	47	2021-10-24T06:15:46
11.18467	-58.63248	0	47	2021-10-24T06:20:47
11.18491	-58.63422	0	47	2021-10-24T06:25:48
11.18523	-58.63588	0	47	2021-10-24T06:30:49
11.18562	-58.63760	0	47	2021-10-24T06:35:50
11.18602	-58.63949	0	47	2021-10-24T06:40:53
11.18639	-58.64108	0	47	2021-10-24T06:45:51
11.18684	-58.64258	0	47	2021-10-24T06:50:53
11.18735	-58.64401	0	47	2021-10-24T06:55:54
11.18791	-58.64548	0	47	2021-10-24T07:00:53
11.18836	-58.64691	0	47	2021-10-24T07:05:51
11.18877	-58.64835	0	47	2021-10-24T07:10:52
11.18933	-58.65005	0	47	2021-10-24T07:16:23
11.18971	-58.65131	0	47	2021-10-24T07:20:58
11.19020	-58.65267	0	47	2021-10-24T07:25:51
11.19059	-58.65396	0	47	2021-10-24T07:30:51
11.19100	-58.65533	0	47	2021-10-24T07:35:49
11.19161	-58.65683	0	47	2021-10-24T07:40:50
11.19212	-58.65829	0	47	2021-10-24T07:45:50
11.19259	-58.65958	0	47	2021-10-24T07:50:51
11.19307	-58.66095	0	47	2021-10-24T07:55:49
11.19354	-58.66229	0	47	2021-10-24T08:00:50
11.19411	-58.66376	0	47	2021-10-24T08:05:50
11.19464	-58.66519	0	47	2021-10-24T08:10:51
11.19521	-58.66675	0	47	2021-10-24T08:16:27
11.19567	-58.66812	0	47	2021-10-24T08:20:55
11.19617	-58.66943	0	47	2021-10-24T08:25:53
11.19661	-58.67078	0	47	2021-10-24T08:30:54
11.19721	-58.67218	0	47	2021-10-24T08:35:52
11.19783	-58.67365	0	47	2021-10-24T08:40:52
11.19839	-58.67511	0	47	2021-10-24T08:45:53
11.19886	-58.67657	0	47	2021-10-24T08:50:54
11.19932	-58.67801	0	47	2021-10-24T08:55:53
11.19966	-58.67932	0	47	2021-10-24T09:00:55
11.20006	-58.68066	0	47	2021-10-24T09:05:53
11.20055	-58.68213	0	47	2021-10-24T09:11:27
11.20106	-58.68359	0	47	2021-10-24T09:16:26
11.20143	-58.68487	0	47	2021-10-24T09:20:59
11.20182	-58.68616	0	47	2021-10-24T09:25:59
11.20224	-58.68747	0	47	2021-10-24T09:30:57
11.20250	-58.68867	0	47	2021-10-24T09:35:58
11.20284	-58.68979	0	47	2021-10-24T09:40:58
11.20334	-58.69105	0	47	2021-10-24T09:45:56
11.20377	-58.69217	0	47	2021-10-24T09:50:56
11.20427	-58.69336	0	47	2021-10-24T09:55:57
11.20465	-58.69455	0	47	2021-10-24T10:00:57
11.20509	-58.69568	0	47	2021-10-24T10:05:56
11.20531	-58.69675	0	47	2021-10-24T10:10:55
11.20559	-58.69781	0	47	2021-10-24T10:16:55
11.20590	-58.69870	0	47	2021-10-24T10:20:53
11.20612	-58.69977	0	47	2021-10-24T10:25:51
11.20636	-58.70081	0	47	2021-10-24T10:30:51
11.20670	-58.70184	0	47	2021-10-24T10:35:49
11.20704	-58.70294	0	47	2021-10-24T10:40:46
11.20747	-58.70395	0	47	2021-10-24T10:45:50
11.20775	-58.70508	0	47	2021-10-24T10:50:47
11.20796	-58.70602	0	47	2021-10-24T10:55:48
11.20817	-58.70700	0	47	2021-10-24T11:00:49
11.20836	-58.70798	0	47	2021-10-24T11:05:50
11.20885	-58.70921	0	47	2021-10-24T11:10:48
11.20943	-58.71054	0	47	2021-10-24T11:16:33
11.20984	-58.71170	0	47	2021-10-24T11:20:49
11.21002	-58.71289	0	47	2021-10-24T11:25:49
11.21045	-58.71407	0	47	2021-10-24T11:30:46
11.21075	-58.71536	0	47	2021-10-24T11:35:46
11.21093	-58.71667	0	47	2021-10-24T11:40:47
11.21123	-58.71799	0	47	2021-10-24T11:45:45
11.21170	-58.72040	0	47	2021-10-24T11:55:51
11.21201	-58.72154	0	47	2021-10-24T12:00:52
11.21214	-58.72266	0	47	2021-10-24T12:05:52
11.21230	-58.72385	0	47	2021-10-24T12:10:52
11.21289	-58.72513	0	47	2021-10-24T12:16:26
11.21306	-58.72623	0	47	2021-10-24T12:20:52
11.21316	-58.72739	0	47	2021-10-24T12:25:53
11.21329	-58.72858	0	47	2021-10-24T12:30:53
11.21350	-58.72983	0	47	2021-10-24T12:35:54
11.21381	-58.73120	0	47	2021-10-24T12:40:53
11.21413	-58.73251	0	47	2021-10-24T12:45:54
11.21432	-58.73380	0	47	2021-10-24T12:50:53
11.21449	-58.73509	0	47	2021-10-24T12:55:57
11.21466	-58.73629	0	47	2021-10-24T13:00:57
11.21479	-58.73758	0	47	2021-10-24T13:05:56
11.21481	-58.73871	0	47	2021-10-24T13:11:02
11.21497	-58.74002	0	47	2021-10-24T13:16:40
11.21508	-58.74114	0	47	2021-10-24T13:21:13
11.21521	-58.74226	0	47	2021-10-24T13:26:13
11.21530	-58.74329	0	47	2021-10-24T13:31:13
11.21545	-58.74457	0	47	2021-10-24T13:36:12
11.21529	-58.74578	0	47	2021-10-24T13:41:15
11.21525	-58.74698	0	47	2021-10-24T13:46:14
11.21524	-58.74820	0	47	2021-10-24T13:51:13
11.21537	-58.74969	0	47	2021-10-24T13:56:15
11.21535	-58.75096	0	47	2021-10-24T14:01:16
11.21526	-58.75216	0	47	2021-10-24T14:06:16
11.21522	-58.75345	0	47	2021-10-24T14:11:15
11.21517	-58.75491	0	47	2021-10-24T14:16:42
11.21511	-58.75623	0	47	2021-10-24T14:21:20
11.21477	-58.75726	0	47	2021-10-24T14:26:20
11.21466	-58.75854	0	47	2021-10-24T14:31:17
11.21462	-58.75998	0	47	2021-10-24T14:36:18
11.21464	-58.76135	0	47	2021-10-24T14:41:16
11.21492	-58.76278	0	47	2021-10-24T14:46:16
11.21522	-58.76407	0	47	2021-10-24T14:51:17
11.21568	-58.76538	0	47	2021-10-24T14:56:18
11.21615	-58.76679	0	47	2021-10-24T15:01:15
11.21649	-58.76816	0	47	2021-10-24T15:06:16
11.21679	-58.76953	0	47	2021-10-24T15:11:17
11.21688	-58.77106	0	47	2021-10-24T15:16:36
11.21713	-58.77228	0	47	2021-10-24T15:21:07
11.21727	-58.77368	0	47	2021-10-24T15:26:10
11.21748	-58.77515	0	47	2021-10-24T15:31:08
11.21771	-58.77664	0	47	2021-10-24T15:36:10
11.21799	-58.77811	0	47	2021-10-24T15:41:10
11.21820	-58.77939	0	47	2021-10-24T15:46:11
11.21846	-58.78076	0	47	2021-10-24T15:51:12
11.21874	-58.78198	0	47	2021-10-24T15:56:15
11.21892	-58.78348	0	47	2021-10-24T16:01:13
11.21918	-58.78485	0	47	2021-10-24T16:06:11
11.21951	-58.78625	0	47	2021-10-24T16:11:14
11.21996	-58.78784	0	47	2021-10-24T16:16:39
11.22041	-58.78925	0	47	2021-10-24T16:21:13
11.22087	-58.79089	0	47	2021-10-24T16:26:11
11.22147	-58.79245	0	47	2021-10-24T16:31:13
11.22202	-58.79413	0	47	2021-10-24T16:36:14
11.22258	-58.79578	0	47	2021-10-24T16:41:13
11.22319	-58.79736	0	47	2021-10-24T16:46:14
11.22382	-58.79887	0	47	2021-10-24T16:51:17
11.22438	-58.80033	0	47	2021-10-24T16:56:16
11.22494	-58.80179	0	47	2021-10-24T17:01:16
11.22559	-58.80328	0	47	2021-10-24T17:06:19
11.22614	-58.80472	0	47	2021-10-24T17:11:18
11.22683	-58.80627	0	47	2021-10-24T17:16:57
11.22735	-58.80746	0	47	2021-10-24T17:21:20
11.22794	-58.80875	0	47	2021-10-24T17:26:20
11.22859	-58.81000	0	47	2021-10-24T17:31:22
11.22921	-58.81122	0	47	2021-10-24T17:36:25
11.22985	-58.81232	0	47	2021-10-24T17:41:23
11.23066	-58.81335	0	47	2021-10-24T17:46:26
11.23161	-58.81433	0	47	2021-10-24T17:51:25
11.23265	-58.81528	0	47	2021-10-24T17:56:28
11.23365	-58.81613	0	47	2021-10-24T18:01:34
11.23470	-58.81683	0	47	2021-10-24T18:06:27
11.23575	-58.81766	0	47	2021-10-24T18:11:28
11.23687	-58.81870	0	47	2021-10-24T18:16:55
11.23774	-58.81961	0	47	2021-10-24T18:21:26
11.23879	-58.82056	0	47	2021-10-24T18:26:23
11.23987	-58.82153	0	47	2021-10-24T18:31:24
11.24102	-58.82251	0	47	2021-10-24T18:36:24
11.24212	-58.82353	0	47	2021-10-24T18:41:18
11.24306	-58.82430	0	47	2021-10-24T18:46:18
11.24396	-58.82516	0	47	2021-10-24T18:51:18
11.24488	-58.82605	0	47	2021-10-24T18:56:17
11.24582	-58.82700	0	47	2021-10-24T19:01:26
11.24665	-58.82779	0	47	2021-10-24T19:06:22
11.24758	-58.82858	0	47	2021-10-24T19:11:25
11.24868	-58.82950	0	47	2021-10-24T19:16:58
11.24931	-58.83017	0	47	2021-10-24T19:21:27
11.25004	-58.83093	0	47	2021-10-24T19:26:26
11.25082	-58.83160	0	47	2021-10-24T19:31:29
11.25156	-58.83243	0	47	2021-10-24T19:36:27
11.25237	-58.83321	0	47	2021-10-24T19:41:32
11.25310	-58.83407	0	47	2021-10-24T19:46:32
11.25379	-58.83493	0	47	2021-10-24T19:51:32
11.25447	-58.83585	0	47	2021-10-24T19:56:34
11.25507	-58.83661	0	47	2021-10-24T20:01:31
11.25558	-58.83749	0	47	2021-10-24T20:06:32
11.25620	-58.83841	0	47	2021-10-24T20:11:32
11.25688	-58.83948	0	47	2021-10-24T20:16:31
11.25735	-58.84042	0	47	2021-10-24T20:21:31
11.25783	-58.84137	0	47	2021-10-24T20:26:35
11.25839	-58.84216	0	47	2021-10-24T20:31:32
11.25883	-58.84317	0	47	2021-10-24T20:36:33
11.25940	-58.84415	0	47	2021-10-24T20:41:31
11.26002	-58.84512	0	47	2021-10-24T20:46:35
11.26062	-58.84598	0	47	2021-10-24T20:51:35
11.26137	-58.84692	0	47	2021-10-24T20:56:33
11.26226	-58.84778	0	47	2021-10-24T21:01:41
11.26318	-58.84865	0	47	2021-10-24T21:06:57
11.26407	-58.84940	0	47	2021-10-24T21:11:32
11.26507	-58.85062	0	47	2021-10-24T21:16:56
11.26588	-58.85153	0	47	2021-10-24T21:21:30
11.26675	-58.85242	0	47	2021-10-24T21:26:31
11.26765	-58.85336	0	47	2021-10-24T21:31:31
11.26864	-58.85453	0	47	2021-10-24T21:36:32
11.26954	-58.85547	0	47	2021-10-24T21:41:33
11.27040	-58.85645	0	47	2021-10-24T21:46:31
11.27130	-58.85754	0	47	2021-10-24T21:51:34
11.27224	-58.85860	0	47	2021-10-24T21:56:32
11.27318	-58.85954	0	47	2021-10-24T22:01:32
11.27404	-58.86057	0	47	2021-10-24T22:06:32
11.27499	-58.86160	0	47	2021-10-24T22:11:29
11.27601	-58.86276	0	47	2021-10-24T22:17:01
11.27691	-58.86383	0	47	2021-10-24T22:21:25
11.27803	-58.86514	0	47	2021-10-24T22:26:25
11.27908	-58.86649	0	47	2021-10-24T22:31:22
11.28028	-58.86784	0	47	2021-10-24T22:36:22
11.28135	-58.86896	0	47	2021-10-24T22:41:21
11.28227	-58.87017	0	47	2021-10-24T22:46:21
11.28309	-58.87137	0	47	2021-10-24T22:51:22
11.28404	-58.87259	0	47	2021-10-24T22:56:23
11.28486	-58.87360	0	47	2021-10-24T23:01:20
11.28572	-58.87442	0	47	2021-10-24T23:06:24
11.28751	-58.87641	0	47	2021-10-24T23:16:26
11.28815	-58.87710	0	47	2021-10-24T23:21:27
11.28897	-58.87787	0	47	2021-10-24T23:26:27
11.28990	-58.87866	0	47	2021-10-24T23:31:25
11.29068	-58.87958	0	47	2021-10-24T23:36:26
11.29161	-58.88043	0	47	2021-10-24T23:41:23
11.29241	-58.88135	0	47	2021-10-24T23:46:23
11.29410	-58.88316	0	47	2021-10-24T23:56:18
11.29487	-58.88410	0	47	2021-10-25T00:01:18
11.29564	-58.88504	0	47	2021-10-25T00:06:18
11.29642	-58.88605	0	47	2021-10-25T00:11:16
11.29728	-58.88727	0	47	2021-10-25T00:16:57
11.29800	-58.88812	0	47	2021-10-25T00:21:18
11.29882	-58.88919	0	47	2021-10-25T00:26:20
11.29976	-58.89020	0	47	2021-10-25T00:31:20
11.30060	-58.89117	0	47	2021-10-25T00:36:21
11.30141	-58.89218	0	47	2021-10-25T00:41:22
11.30212	-58.89307	0	47	2021-10-25T00:46:25
11.30291	-58.89398	0	47	2021-10-25T00:51:23
11.30357	-58.89485	0	47	2021-10-25T00:56:23
11.30447	-58.89597	0	47	2021-10-25T01:01:22
11.30519	-58.89675	0	47	2021-10-25T01:06:22
11.30579	-58.89752	0	47	2021-10-25T01:11:23
11.30661	-58.89841	0	47	2021-10-25T01:16:57
11.30725	-58.89911	0	47	2021-10-25T01:21:21
11.30803	-58.90016	0	47	2021-10-25T01:26:24
11.30863	-58.90093	0	47	2021-10-25T01:31:23
11.30927	-58.90179	0	47	2021-10-25T01:36:23
11.30995	-58.90274	0	47	2021-10-25T01:41:23
11.31065	-58.90366	0	47	2021-10-25T01:46:24
11.31125	-58.90469	0	47	2021-10-25T01:51:23
11.31169	-58.90561	0	47	2021-10-25T01:56:26
11.31276	-58.90764	0	47	2021-10-25T02:06:58
11.31332	-58.90858	0	47	2021-10-25T02:11:57
11.31388	-58.90952	0	47	2021-10-25T02:16:57
11.31439	-58.91052	0	47	2021-10-25T02:21:28
11.31489	-58.91153	0	47	2021-10-25T02:26:25
11.31542	-58.91260	0	47	2021-10-25T02:31:26
11.31591	-58.91360	0	47	2021-10-25T02:36:26
11.31631	-58.91464	0	47	2021-10-25T02:41:23
11.31663	-58.91559	0	47	2021-10-25T02:46:26
11.31710	-58.91653	0	47	2021-10-25T02:51:25
11.31748	-58.91757	0	47	2021-10-25T02:56:22
11.31775	-58.91855	0	47	2021-10-25T03:01:26
11.31801	-58.91946	0	47	2021-10-25T03:06:23
11.31813	-58.92026	0	47	2021-10-25T03:11:23
11.31828	-58.92120	0	47	2021-10-25T03:16:56
11.31833	-58.92199	0	47	2021-10-25T03:21:23
11.31846	-58.92276	0	47	2021-10-25T03:26:23
11.31876	-58.92355	0	47	2021-10-25T03:31:24
11.31895	-58.92430	0	47	2021-10-25T03:36:19
11.31904	-58.92499	0	47	2021-10-25T03:41:18
11.31928	-58.92587	0	47	2021-10-25T03:46:19
11.31946	-58.92673	0	47	2021-10-25T03:51:18
11.31973	-58.92761	0	47	2021-10-25T03:56:19
11.31990	-58.92838	0	47	2021-10-25T04:01:18
11.32023	-58.92926	0	47	2021-10-25T04:06:17
11.32070	-58.93011	0	47	2021-10-25T04:11:19
11.32119	-58.93103	0	47	2021-10-25T04:16:55
11.32156	-58.93170	0	47	2021-10-25T04:21:16
11.32194	-58.93243	0	47	2021-10-25T04:26:18
11.32239	-58.93326	0	47	2021-10-25T04:31:19
11.32271	-58.93393	0	47	2021-10-25T04:36:22
11.32312	-58.93466	0	47	2021-10-25T04:41:20
11.32347	-58.93539	0	47	2021-10-25T04:46:20
11.32387	-58.93613	0	47	2021-10-25T04:51:18
11.32408	-58.93674	0	47	2021-10-25T04:56:20
11.32446	-58.93746	0	47	2021-10-25T05:01:16
11.32467	-58.93811	0	47	2021-10-25T05:06:20
11.32493	-58.93875	0	47	2021-10-25T05:11:17
11.32506	-58.93933	0	47	2021-10-25T05:16:58
11.32518	-58.93997	0	47	2021-10-25T05:21:15
11.32531	-58.94070	0	47	2021-10-25T05:26:15
11.32541	-58.94138	0	47	2021-10-25T05:31:12
11.32551	-58.94215	0	47	2021-10-25T05:36:13
11.32551	-58.94284	0	47	2021-10-25T05:41:12
11.32571	-58.94357	0	47	2021-10-25T05:46:15
11.32578	-58.94415	0	47	2021-10-25T05:51:17
11.32607	-58.94479	0	47	2021-10-25T05:56:15
11.32641	-58.94537	0	47	2021-10-25T06:01:18
11.32666	-58.94604	0	47	2021-10-25T06:06:16
11.32690	-58.94663	0	47	2021-10-25T06:11:38
11.32711	-58.94714	0	47	2021-10-25T06:16:37
11.32740	-58.94763	0	47	2021-10-25T06:21:14
11.32770	-58.94822	0	47	2021-10-25T06:26:11
11.32791	-58.94873	0	47	2021-10-25T06:31:12
11.32820	-58.94928	0	47	2021-10-25T06:36:09
11.32845	-58.94979	0	47	2021-10-25T06:41:07
11.32862	-58.95030	0	47	2021-10-25T06:46:07
11.32888	-58.95081	0	47	2021-10-25T06:51:08
11.32903	-58.95142	0	47	2021-10-25T06:56:09
11.32920	-58.95197	0	47	2021-10-25T07:01:10
11.32937	-58.95251	0	47	2021-10-25T07:06:11
11.32961	-58.95301	0	47	2021-10-25T07:11:30
11.32974	-58.95361	0	47	2021-10-25T07:16:30
11.32983	-58.95404	0	47	2021-10-25T07:21:09
11.32995	-58.95462	0	47	2021-10-25T07:26:10
11.32999	-58.95505	0	47	2021-10-25T07:31:10
11.33017	-58.95551	0	47	2021-10-25T07:36:11
11.33034	-58.95612	0	47	2021-10-25T07:41:09
11.33046	-58.95667	0	47	2021-10-25T07:46:09
11.33054	-58.95731	0	47	2021-10-25T07:51:13
11.33073	-58.95801	0	47	2021-10-25T07:56:11
11.33098	-58.95874	0	47	2021-10-25T08:01:13
11.33127	-58.95938	0	47	2021-10-25T08:06:16
11.33153	-58.95996	0	47	2021-10-25T08:11:14
11.33165	-58.96069	0	47	2021-10-25T08:16:37
11.33186	-58.96133	0	47	2021-10-25T08:21:15
11.33217	-58.96198	0	47	2021-10-25T08:26:13
11.33251	-58.96269	0	47	2021-10-25T08:31:09
11.33281	-58.96338	0	47	2021-10-25T08:36:09
11.33314	-58.96408	0	47	2021-10-25T08:41:10
11.33342	-58.96481	0	47	2021-10-25T08:46:11
11.33365	-58.96552	0	47	2021-10-25T08:51:12
11.33401	-58.96625	0	47	2021-10-25T08:56:10
11.33434	-58.96696	0	47	2021-10-25T09:01:08
11.33460	-58.96765	0	47	2021-10-25T09:06:08
11.33479	-58.96829	0	47	2021-10-25T09:11:08
11.33492	-58.96893	0	47	2021-10-25T09:16:25
11.33510	-58.96957	0	47	2021-10-25T09:21:07
11.33528	-58.97037	0	47	2021-10-25T09:26:07
11.33544	-58.97110	0	47	2021-10-25T09:31:05
11.33576	-58.97186	0	47	2021-10-25T09:36:05
11.33602	-58.97263	0	47	2021-10-25T09:41:06
11.33627	-58.97333	0	47	2021-10-25T09:46:06
11.33660	-58.97412	0	47	2021-10-25T09:51:08
11.33675	-58.97479	0	47	2021-10-25T09:56:06
11.33694	-58.97557	0	47	2021-10-25T10:01:08
11.33724	-58.97617	0	47	2021-10-25T10:06:07
11.33765	-58.97681	0	47	2021-10-25T10:11:10
11.33786	-58.97754	0	47	2021-10-25T10:16:27
11.33801	-58.97812	0	47	2021-10-25T10:21:10
11.33812	-58.97873	0	47	2021-10-25T10:26:13
11.33824	-58.97943	0	47	2021-10-25T10:31:13
11.33843	-58.98026	0	47	2021-10-25T10:36:16
11.33858	-58.98090	0	47	2021-10-25T10:41:13
11.33886	-58.98181	0	47	2021-10-25T10:46:17
11.33908	-58.98264	0	47	2021-10-25T10:51:15
11.33938	-58.98354	0	47	2021-10-25T10:56:15
11.33955	-58.98431	0	47	2021-10-25T11:01:16
11.33978	-58.98532	0	47	2021-10-25T11:06:17
11.33995	-58.98636	0	47	2021-10-25T11:11:14
11.34013	-58.98761	0	47	2021-10-25T11:16:10
11.34022	-58.98847	0	47	2021-10-25T11:21:09
11.34035	-58.98959	0	47	2021-10-25T11:26:09
11.34041	-58.99060	0	47	2021-10-25T11:31:10
11.34039	-58.99240	0	47	2021-10-25T11:41:11
11.34043	-58.99329	0	47	2021-10-25T11:46:12
11.34031	-58.99427	0	47	2021-10-25T11:51:14
11.34027	-58.99530	0	47	2021-10-25T11:56:14
11.34020	-58.99629	0	47	2021-10-25T12:01:13
11.34003	-58.99741	0	47	2021-10-25T12:06:12
11.33985	-58.99844	0	47	2021-10-25T12:11:12
11.33956	-58.99976	0	47	2021-10-25T12:16:41
11.33927	-59.00206	0	47	2021-10-25T12:26:16
11.33918	-59.00327	0	47	2021-10-25T12:31:13
11.33892	-59.00446	0	47	2021-10-25T12:36:17
11.33859	-59.00555	0	47	2021-10-25T12:41:17
11.33804	-59.00671	0	47	2021-10-25T12:46:18
11.33767	-59.00790	0	47	2021-10-25T12:51:20
11.33738	-59.00906	0	47	2021-10-25T12:56:23
11.33700	-59.01026	0	47	2021-10-25T13:01:21
11.33657	-59.01163	0	47	2021-10-25T13:06:22
11.33617	-59.01294	0	47	2021-10-25T13:11:23
11.33517	-59.01471	0	47	2021-10-25T13:17:01
11.33470	-59.01581	0	47	2021-10-25T13:21:23
11.33413	-59.01719	0	47	2021-10-25T13:26:25
11.33379	-59.01848	0	47	2021-10-25T13:31:25
11.33340	-59.01968	0	47	2021-10-25T13:36:24
11.33302	-59.02109	0	47	2021-10-25T13:41:23
11.33256	-59.02252	0	47	2021-10-25T13:46:20
11.33213	-59.02389	0	47	2021-10-25T13:51:19
11.33174	-59.02518	0	47	2021-10-25T13:56:19
11.33130	-59.02655	0	47	2021-10-25T14:01:21
11.33080	-59.02807	0	47	2021-10-25T14:06:58
11.33044	-59.02945	0	47	2021-10-25T14:11:21
11.32990	-59.03107	0	47	2021-10-25T14:16:57
11.32960	-59.03235	0	47	2021-10-25T14:21:23
11.32917	-59.03378	0	47	2021-10-25T14:26:19
11.32887	-59.03525	0	47	2021-10-25T14:31:32
11.32842	-59.03662	0	47	2021-10-25T14:36:21
11.32816	-59.03818	0	47	2021-10-25T14:41:19
11.32782	-59.03955	0	47	2021-10-25T14:46:20
11.32733	-59.04108	0	47	2021-10-25T14:51:21
11.32697	-59.04254	0	47	2021-10-25T14:56:36
11.32669	-59.04410	0	47	2021-10-25T15:01:37
11.32621	-59.04556	0	47	2021-10-25T15:06:28
11.32579	-59.04706	0	47	2021-10-25T15:11:24
11.32532	-59.04895	0	47	2021-10-25T15:17:27
11.32498	-59.05014	0	47	2021-10-25T15:21:26
11.32461	-59.05167	0	47	2021-10-25T15:26:29
11.32421	-59.05310	0	47	2021-10-25T15:31:28
11.32389	-59.05460	0	47	2021-10-25T15:36:27
11.32359	-59.05606	0	47	2021-10-25T15:41:29
11.32315	-59.05753	0	47	2021-10-25T15:46:22
11.32281	-59.05899	0	47	2021-10-25T15:51:23
11.32238	-59.06036	0	47	2021-10-25T15:56:23
11.32211	-59.06189	0	47	2021-10-25T16:01:22
11.32178	-59.06342	0	47	2021-10-25T16:06:22
11.32149	-59.06485	0	47	2021-10-25T16:11:19
11.32097	-59.06798	0	47	2021-10-25T16:21:20
11.32067	-59.06944	0	47	2021-10-25T16:26:20
11.32028	-59.07098	0	47	2021-10-25T16:31:19
11.31987	-59.07248	0	47	2021-10-25T16:36:19
11.31940	-59.07401	0	47	2021-10-25T16:41:21
11.31904	-59.07556	0	47	2021-10-25T16:46:24
11.31874	-59.07712	0	47	2021-10-25T16:51:22
11.31841	-59.07877	0	47	2021-10-25T16:56:20
11.31816	-59.08041	0	47	2021-10-25T17:01:24
11.31785	-59.08203	0	47	2021-10-25T17:06:21
11.31765	-59.08353	0	47	2021-10-25T17:11:22
11.31736	-59.08524	0	47	2021-10-25T17:16:25
11.31710	-59.08653	0	47	2021-10-25T17:21:24
11.31693	-59.08807	0	47	2021-10-25T17:26:24
11.31667	-59.08962	0	47	2021-10-25T17:31:25
11.31646	-59.09108	0	47	2021-10-25T17:36:26
11.31629	-59.09262	0	47	2021-10-25T17:41:26
11.31612	-59.09412	0	47	2021-10-25T17:46:23
11.31591	-59.09558	0	47	2021-10-25T17:51:23
11.31574	-59.09713	0	47	2021-10-25T17:56:22
11.31561	-59.09859	0	47	2021-10-25T18:01:22
11.31552	-59.10013	0	47	2021-10-25T18:06:23
11.31539	-59.10168	0	47	2021-10-25T18:11:21
11.31527	-59.10336	0	47	2021-10-25T18:16:56
11.31512	-59.10471	0	47	2021-10-25T18:21:21
11.31510	-59.10633	0	47	2021-10-25T18:26:23
11.31510	-59.10779	0	47	2021-10-25T18:31:23
11.31502	-59.10929	0	47	2021-10-25T18:36:21
11.31502	-59.11075	0	47	2021-10-25T18:41:21
11.31490	-59.11224	0	47	2021-10-25T18:46:22
11.31488	-59.11371	0	47	2021-10-25T18:51:23
11.31486	-59.11520	0	47	2021-10-25T18:56:21
11.31477	-59.11646	0	47	2021-10-25T19:01:21
11.31475	-59.11761	0	47	2021-10-25T19:06:19
11.31462	-59.11880	0	47	2021-10-25T19:11:22
11.31432	-59.12039	0	47	2021-10-25T19:16:55
11.31412	-59.12143	0	47	2021-10-25T19:21:14
11.31402	-59.12265	0	47	2021-10-25T19:26:14
11.31372	-59.12390	0	47	2021-10-25T19:31:11
11.31351	-59.12521	0	47	2021-10-25T19:36:12
11.31330	-59.12646	0	47	2021-10-25T19:41:11
11.31312	-59.12784	0	47	2021-10-25T19:46:13
11.31291	-59.12918	0	47	2021-10-25T19:51:10
11.31273	-59.13055	0	47	2021-10-25T19:56:11
11.31250	-59.13196	0	47	2021-10-25T20:01:12
11.31223	-59.13336	0	47	2021-10-25T20:06:09
11.31205	-59.13486	0	47	2021-10-25T20:11:14
11.31188	-59.13660	0	47	2021-10-25T20:16:56
11.31174	-59.13785	0	47	2021-10-25T20:21:14
11.31171	-59.13947	0	47	2021-10-25T20:26:16
11.31172	-59.14107	0	47	2021-10-25T20:31:17
11.31172	-59.14261	0	47	2021-10-25T20:36:17
11.31164	-59.14420	0	47	2021-10-25T20:41:15
11.31162	-59.14578	0	47	2021-10-25T20:46:16
11.31154	-59.14740	0	47	2021-10-25T20:51:14
11.31142	-59.14905	0	47	2021-10-25T20:56:15
11.31128	-59.15063	0	47	2021-10-25T21:01:15
11.31112	-59.15239	0	47	2021-10-25T21:06:16
11.31086	-59.15402	0	47	2021-10-25T21:11:16
11.31060	-59.15570	0	47	2021-10-25T21:16:39
11.31039	-59.15723	0	47	2021-10-25T21:21:19
11.31022	-59.15897	0	47	2021-10-25T21:26:19
11.30998	-59.16073	0	47	2021-10-25T21:31:17
11.30985	-59.16245	0	47	2021-10-25T21:36:17
11.30976	-59.16425	0	47	2021-10-25T21:41:18
11.30966	-59.16611	0	47	2021-10-25T21:46:19
11.30976	-59.16785	0	47	2021-10-25T21:51:20
11.30988	-59.16965	0	47	2021-10-25T21:56:19
11.31018	-59.17136	0	47	2021-10-25T22:01:17
11.31019	-59.17310	0	47	2021-10-25T22:06:18
11.31033	-59.17490	0	47	2021-10-25T22:11:19
11.31035	-59.17694	0	47	2021-10-25T22:16:58
11.31046	-59.17855	0	47	2021-10-25T22:21:21
11.31059	-59.18027	0	47	2021-10-25T22:26:22
11.31078	-59.18204	0	47	2021-10-25T22:31:26
11.31090	-59.18388	0	47	2021-10-25T22:36:27
11.31097	-59.18555	0	47	2021-10-25T22:41:28
11.31133	-59.18732	0	47	2021-10-25T22:46:28
11.31162	-59.18909	0	47	2021-10-25T22:51:26
11.31180	-59.19086	0	47	2021-10-25T22:56:27
11.31192	-59.19260	0	47	2021-10-25T23:01:26
11.31213	-59.19434	0	47	2021-10-25T23:06:28
11.31239	-59.19611	0	47	2021-10-25T23:11:26
11.31251	-59.19808	0	47	2021-10-25T23:16:27
11.31247	-59.19971	0	47	2021-10-25T23:21:27
11.31256	-59.20108	0	47	2021-10-25T23:26:28
11.31264	-59.20261	0	47	2021-10-25T23:31:25
11.31279	-59.20416	0	47	2021-10-25T23:36:25
11.31284	-59.20569	0	47	2021-10-25T23:41:23
11.31280	-59.20724	0	47	2021-10-25T23:46:23
11.31277	-59.20898	0	47	2021-10-25T23:51:32
11.31273	-59.21054	0	47	2021-10-25T23:56:33
11.31266	-59.21228	0	47	2021-10-26T00:01:31
11.31266	-59.21382	0	47	2021-10-26T00:06:31
11.31262	-59.21545	0	47	2021-10-26T00:11:32
11.31248	-59.21713	0	47	2021-10-26T00:16:55
11.31226	-59.21874	0	47	2021-10-26T00:21:22
11.31213	-59.22037	0	47	2021-10-26T00:26:22
11.31202	-59.22221	0	47	2021-10-26T00:31:21
11.31185	-59.22375	0	47	2021-10-26T00:36:21
11.31164	-59.22546	0	47	2021-10-26T00:41:20
11.31141	-59.22717	0	47	2021-10-26T00:46:21
11.31111	-59.22882	0	47	2021-10-26T00:51:20
11.31094	-59.23045	0	47	2021-10-26T00:56:20
11.31068	-59.23199	0	47	2021-10-26T01:01:20
11.31058	-59.23361	0	47	2021-10-26T01:06:21
11.31040	-59.23529	0	47	2021-10-26T01:11:57
11.31027	-59.23718	0	47	2021-10-26T01:16:57
11.31012	-59.23862	0	47	2021-10-26T01:21:20
11.31005	-59.24023	0	47	2021-10-26T01:26:18
11.30996	-59.24196	0	47	2021-10-26T01:31:19
11.30992	-59.24359	0	47	2021-10-26T01:36:19
11.30990	-59.24524	0	47	2021-10-26T01:41:20
11.30993	-59.24689	0	47	2021-10-26T01:46:20
11.30989	-59.24860	0	47	2021-10-26T01:51:22
11.31001	-59.25031	0	47	2021-10-26T01:56:23
11.31023	-59.25198	0	47	2021-10-26T02:01:24
11.31032	-59.25357	0	47	2021-10-26T02:06:23
11.31039	-59.25529	0	47	2021-10-26T02:12:09
11.31048	-59.25726	0	47	2021-10-26T02:17:09
11.31056	-59.25879	0	47	2021-10-26T02:21:27
11.31073	-59.26056	0	47	2021-10-26T02:26:40
11.31081	-59.26226	0	47	2021-10-26T02:31:43
11.31102	-59.26398	0	47	2021-10-26T02:36:42
11.31116	-59.26563	0	47	2021-10-26T02:41:42
11.31136	-59.26723	0	47	2021-10-26T02:46:47
11.31162	-59.26895	0	47	2021-10-26T02:51:47
11.31184	-59.27074	0	47	2021-10-26T02:56:36
11.31205	-59.27237	0	47	2021-10-26T03:01:35
11.31224	-59.27402	0	47	2021-10-26T03:06:38
11.31245	-59.27576	0	47	2021-10-26T03:11:42
11.31284	-59.27762	0	47	2021-10-26T03:16:57
11.31320	-59.27917	0	47	2021-10-26T03:21:32
11.31360	-59.28106	0	47	2021-10-26T03:26:30
11.31394	-59.28278	0	47	2021-10-26T03:31:31
11.31428	-59.28458	0	47	2021-10-26T03:36:28
11.31478	-59.28632	0	47	2021-10-26T03:41:30
11.31528	-59.28812	0	47	2021-10-26T03:46:29
11.31583	-59.28998	0	47	2021-10-26T03:51:31
11.31630	-59.29178	0	47	2021-10-26T03:56:31
11.31685	-59.29367	0	47	2021-10-26T04:01:29
11.31732	-59.29547	0	47	2021-10-26T04:06:30
11.31783	-59.29730	0	47	2021-10-26T04:11:29
11.31857	-59.29932	0	47	2021-10-26T04:16:55
11.31916	-59.30109	0	47	2021-10-26T04:21:31
11.31972	-59.30289	0	47	2021-10-26T04:26:30
11.32023	-59.30469	0	47	2021-10-26T04:31:30
11.32078	-59.30652	0	47	2021-10-26T04:36:32
11.32144	-59.30832	0	47	2021-10-26T04:41:31
11.32209	-59.31018	0	47	2021-10-26T04:46:29
11.32283	-59.31201	0	47	2021-10-26T04:51:32
11.32345	-59.31384	0	47	2021-10-26T04:56:30
11.32414	-59.31564	0	47	2021-10-26T05:01:30
11.32491	-59.31744	0	47	2021-10-26T05:06:29
11.32579	-59.31918	0	47	2021-10-26T05:11:30
11.32680	-59.32114	0	47	2021-10-26T05:16:56
11.32763	-59.32290	0	47	2021-10-26T05:21:30
11.32840	-59.32462	0	47	2021-10-26T05:26:29
11.32935	-59.32643	0	47	2021-10-26T05:31:32
11.33029	-59.32806	0	47	2021-10-26T05:36:32
11.33200	-59.33146	0	47	2021-10-26T05:46:31
11.33288	-59.33316	0	47	2021-10-26T05:51:32
11.33367	-59.33481	0	47	2021-10-26T05:56:32
11.33459	-59.33643	0	47	2021-10-26T06:01:41
11.33552	-59.33815	0	47	2021-10-26T06:06:35
11.33646	-59.33987	0	47	2021-10-26T06:11:36
11.33770	-59.34183	0	47	2021-10-26T06:17:27
11.33858	-59.34323	0	47	2021-10-26T06:21:37
11.33967	-59.34485	0	47	2021-10-26T06:26:37
11.34083	-59.34653	0	47	2021-10-26T06:31:39
11.34182	-59.34818	0	47	2021-10-26T06:36:39
11.34268	-59.34991	0	47	2021-10-26T06:41:40
11.34360	-59.35165	0	47	2021-10-26T06:46:42
11.34453	-59.35341	0	47	2021-10-26T06:51:43
11.34552	-59.35504	0	47	2021-10-26T06:56:43
11.34652	-59.35672	0	47	2021-10-26T07:01:44
11.34755	-59.35831	0	47	2021-10-26T07:06:45
11.34859	-59.35999	0	47	2021-10-26T07:12:28
11.34979	-59.36188	0	47	2021-10-26T07:17:28
11.35068	-59.36331	0	47	2021-10-26T07:21:44
11.35181	-59.36490	0	47	2021-10-26T07:26:41
11.35279	-59.36650	0	47	2021-10-26T07:31:40
11.35378	-59.36804	0	47	2021-10-26T07:36:39
11.35479	-59.36966	0	47	2021-10-26T07:41:40
11.35572	-59.37125	0	47	2021-10-26T07:46:37
11.35656	-59.37280	0	47	2021-10-26T07:51:37
11.35727	-59.37444	0	47	2021-10-26T07:56:41
11.35800	-59.37598	0	47	2021-10-26T08:01:40
11.35866	-59.37753	0	47	2021-10-26T08:06:36
11.35949	-59.37911	0	47	2021-10-26T08:11:56
11.36031	-59.38074	0	47	2021-10-26T08:16:57
11.36104	-59.38214	0	47	2021-10-26T08:21:36
11.36184	-59.38361	0	47	2021-10-26T08:26:36
11.36264	-59.38519	0	47	2021-10-26T08:31:37
11.36336	-59.38675	0	47	2021-10-26T08:36:41
11.36413	-59.38812	0	47	2021-10-26T08:41:42
11.36488	-59.38962	0	47	2021-10-26T08:46:40
11.36573	-59.39115	0	47	2021-10-26T08:51:44
11.36650	-59.39261	0	47	2021-10-26T08:56:44
11.36726	-59.39420	0	47	2021-10-26T09:01:46
11.36808	-59.39566	0	47	2021-10-26T09:06:49
11.36870	-59.39722	0	47	2021-10-26T09:11:46
11.36938	-59.39893	0	47	2021-10-26T09:17:26
11.37001	-59.40021	0	47	2021-10-26T09:21:45
11.37065	-59.40167	0	47	2021-10-26T09:26:46
11.37134	-59.40320	0	47	2021-10-26T09:31:44
11.37190	-59.40479	0	47	2021-10-26T09:36:46
11.37253	-59.40635	0	47	2021-10-26T09:41:42
11.37303	-59.40775	0	47	2021-10-26T09:46:45
11.37360	-59.40918	0	47	2021-10-26T09:51:43
11.37415	-59.41058	0	47	2021-10-26T09:56:44
11.37473	-59.41205	0	47	2021-10-26T10:01:43
11.37528	-59.41351	0	47	2021-10-26T10:06:44
11.37573	-59.41504	0	47	2021-10-26T10:11:42
11.37641	-59.41656	0	47	2021-10-26T10:17:09
11.37690	-59.41797	0	47	2021-10-26T10:21:44
11.37738	-59.41943	0	47	2021-10-26T10:26:47
11.37782	-59.42105	0	47	2021-10-26T10:31:45
11.37832	-59.42267	0	47	2021-10-26T10:36:47
11.37883	-59.42425	0	47	2021-10-26T10:41:47
11.37937	-59.42587	0	47	2021-10-26T10:46:59
11.37982	-59.42734	0	47	2021-10-26T10:51:48
11.38031	-59.42905	0	47	2021-10-26T10:56:46
11.38077	-59.43069	0	47	2021-10-26T11:01:47
11.38140	-59.43237	0	47	2021-10-26T11:06:46
11.38206	-59.43402	0	47	2021-10-26T11:11:44
11.38281	-59.43582	0	47	2021-10-26T11:17:25
11.38337	-59.43726	0	47	2021-10-26T11:21:42
11.38404	-59.43905	0	47	2021-10-26T11:26:40
11.38486	-59.44077	0	47	2021-10-26T11:31:40
11.38560	-59.44254	0	47	2021-10-26T11:36:37
11.38637	-59.44440	0	47	2021-10-26T11:41:41
11.38724	-59.44620	0	47	2021-10-26T11:46:40
11.38808	-59.44809	0	47	2021-10-26T11:51:44
11.38894	-59.44992	0	47	2021-10-26T11:56:44
11.38986	-59.45169	0	47	2021-10-26T12:01:46
11.39069	-59.45349	0	47	2021-10-26T12:06:47
11.39145	-59.45538	0	47	2021-10-26T12:12:02
11.39386	-59.46060	0	47	2021-10-26T12:26:46
11.39455	-59.46238	0	47	2021-10-26T12:31:40
11.39532	-59.46410	0	47	2021-10-26T12:36:40
11.39609	-59.46582	0	47	2021-10-26T12:41:41
11.39682	-59.46753	0	47	2021-10-26T12:46:38
11.40007	-59.47559	0	47	2021-10-26T13:11:39
11.40050	-59.47705	0	47	2021-10-26T13:16:39
11.40106	-59.47842	0	47	2021-10-26T13:21:40
11.40192	-59.47995	0	47	2021-10-26T13:26:41
11.40261	-59.48144	0	47	2021-10-26T13:31:38
11.40338	-59.48281	0	47	2021-10-26T13:36:39
11.40415	-59.48410	0	47	2021-10-26T13:41:39
11.40497	-59.48538	0	47	2021-10-26T13:46:40
11.40558	-59.48676	0	47	2021-10-26T13:51:38
11.40632	-59.48810	0	47	2021-10-26T13:56:39
11.40706	-59.48950	0	47	2021-10-26T14:01:38
11.40833	-59.49216	0	47	2021-10-26T14:11:37
11.40911	-59.49361	0	47	2021-10-26T14:16:52
11.40962	-59.49490	0	47	2021-10-26T14:21:51
11.41030	-59.49628	0	47	2021-10-26T14:26:52
11.41105	-59.49765	0	47	2021-10-26T14:31:52
11.41172	-59.49899	0	47	2021-10-26T14:36:53
11.41242	-59.50046	0	47	2021-10-26T14:41:54
11.41306	-59.50183	0	47	2021-10-26T14:46:54
11.41367	-59.50317	0	47	2021-10-26T14:51:51
11.41427	-59.50458	0	47	2021-10-26T14:56:55
11.41483	-59.50595	0	47	2021-10-26T15:01:54
11.41531	-59.50726	0	47	2021-10-26T15:06:53
11.41580	-59.50866	0	47	2021-10-26T15:11:51
11.41623	-59.51003	0	47	2021-10-26T15:16:51
11.41662	-59.51132	0	47	2021-10-26T15:21:50
11.41707	-59.51257	0	47	2021-10-26T15:26:37
11.41759	-59.51389	0	47	2021-10-26T15:31:35
11.41813	-59.51526	0	47	2021-10-26T15:36:39
11.41872	-59.51660	0	47	2021-10-26T15:41:37
11.41926	-59.51794	0	47	2021-10-26T15:46:40
11.41985	-59.51932	0	47	2021-10-26T15:51:39
11.42116	-59.52216	0	47	2021-10-26T16:01:43
11.42181	-59.52362	0	47	2021-10-26T16:06:42
11.42241	-59.52499	0	47	2021-10-26T16:11:42
11.42308	-59.52646	0	47	2021-10-26T16:17:09
11.42371	-59.52783	0	47	2021-10-26T16:21:41
11.42437	-59.52917	0	47	2021-10-26T16:26:41
11.42508	-59.53063	0	47	2021-10-26T16:31:42
11.42581	-59.53192	0	47	2021-10-26T16:36:42
11.42644	-59.53329	0	47	2021-10-26T16:41:43
11.42704	-59.53464	0	47	2021-10-26T16:46:43
11.42763	-59.53595	0	47	2021-10-26T16:51:40
11.42826	-59.53741	0	47	2021-10-26T16:56:45
11.42890	-59.53882	0	47	2021-10-26T17:01:43
11.42950	-59.54019	0	47	2021-10-26T17:06:44
11.43019	-59.54156	0	47	2021-10-26T17:11:44
11.43101	-59.54309	0	47	2021-10-26T17:17:07
11.43175	-59.54441	0	47	2021-10-26T17:21:45
11.43244	-59.54578	0	47	2021-10-26T17:26:44
11.43322	-59.54709	0	47	2021-10-26T17:31:47
11.43394	-59.54846	0	47	2021-10-26T17:36:45
11.43478	-59.54980	0	47	2021-10-26T17:41:46
11.43575	-59.55121	0	47	2021-10-26T17:46:48
11.43671	-59.55252	0	47	2021-10-26T17:51:46
11.43766	-59.55386	0	47	2021-10-26T17:56:48
11.43857	-59.55518	0	47	2021-10-26T18:01:49
11.43950	-59.55649	0	47	2021-10-26T18:06:47
11.44044	-59.55790	0	47	2021-10-26T18:11:44
11.44146	-59.55920	0	47	2021-10-26T18:17:26
11.44229	-59.56039	0	47	2021-10-26T18:21:45
11.44322	-59.56168	0	47	2021-10-26T18:26:42
11.44414	-59.56299	0	47	2021-10-26T18:31:47
11.44500	-59.56430	0	47	2021-10-26T18:36:46
11.44594	-59.56564	0	47	2021-10-26T18:41:45
11.44685	-59.56713	0	47	2021-10-26T18:46:46
11.44767	-59.56842	0	47	2021-10-26T18:51:46
11.44843	-59.56985	0	47	2021-10-26T18:56:48
11.44927	-59.57108	0	47	2021-10-26T19:01:51
11.45006	-59.57248	0	47	2021-10-26T19:06:50
11.45088	-59.57391	0	47	2021-10-26T19:11:52
11.45175	-59.57544	0	47	2021-10-26T19:17:25
11.45256	-59.57648	0	47	2021-10-26T19:21:51
11.45313	-59.57791	0	47	2021-10-26T19:26:53
11.45394	-59.57929	0	47	2021-10-26T19:31:56
11.45476	-59.58066	0	47	2021-10-26T19:36:55
11.45565	-59.58191	0	47	2021-10-26T19:41:55
11.45635	-59.58316	0	47	2021-10-26T19:46:56
11.45721	-59.58452	0	47	2021-10-26T19:51:57
11.45815	-59.58572	0	47	2021-10-26T19:56:57
11.45901	-59.58701	0	47	2021-10-26T20:01:57
11.45984	-59.58820	0	47	2021-10-26T20:06:55
11.46065	-59.58939	0	47	2021-10-26T20:11:56
11.46145	-59.59079	0	47	2021-10-26T20:17:24
11.46214	-59.59183	0	47	2021-10-26T20:21:53
11.46287	-59.59305	0	47	2021-10-26T20:26:54
11.46368	-59.59433	0	47	2021-10-26T20:31:55
11.46445	-59.59555	0	47	2021-10-26T20:36:53
11.46530	-59.59683	0	47	2021-10-26T20:41:54
11.46609	-59.59808	0	47	2021-10-26T20:46:54
11.46686	-59.59933	0	47	2021-10-26T20:51:55
11.46772	-59.60065	0	47	2021-10-26T20:56:55
11.46862	-59.60187	0	47	2021-10-26T21:01:57
11.46944	-59.60312	0	47	2021-10-26T21:06:55
11.47031	-59.60437	0	47	2021-10-26T21:11:55
11.47120	-59.60565	0	47	2021-10-26T21:17:23
11.47181	-59.60666	0	47	2021-10-26T21:21:56
11.47253	-59.60779	0	47	2021-10-26T21:26:57
11.47328	-59.60889	0	47	2021-10-26T21:31:57
11.47401	-59.60992	0	47	2021-10-26T21:36:56
11.47474	-59.61099	0	47	2021-10-26T21:41:55
11.47548	-59.61210	0	47	2021-10-26T21:46:54
11.47608	-59.61304	0	47	2021-10-26T21:51:54
11.47682	-59.61411	0	47	2021-10-26T21:56:55
11.47759	-59.61517	0	47	2021-10-26T22:01:52
11.47845	-59.61612	0	47	2021-10-26T22:06:56
11.47930	-59.61707	0	47	2021-10-26T22:11:50
11.48023	-59.61807	0	47	2021-10-26T22:16:50
11.48096	-59.61893	0	47	2021-10-26T22:21:50
11.48173	-59.61996	0	47	2021-10-26T22:26:49
11.48253	-59.62100	0	47	2021-10-26T22:31:49
11.48452	-59.62419	0	47	2021-10-26T22:46:44
11.48516	-59.62513	0	47	2021-10-26T22:51:44
11.48585	-59.62607	0	47	2021-10-26T22:56:43
11.48655	-59.62704	0	47	2021-10-26T23:01:40
11.48707	-59.62787	0	47	2021-10-26T23:06:44
11.48770	-59.62876	0	47	2021-10-26T23:12:31
11.48843	-59.62979	0	47	2021-10-26T23:17:31
11.48958	-59.63134	0	47	2021-10-26T23:26:40
11.49018	-59.63220	0	47	2021-10-26T23:31:40
11.49078	-59.63306	0	47	2021-10-26T23:36:41
11.49139	-59.63391	0	47	2021-10-26T23:41:38
11.49209	-59.63470	0	47	2021-10-26T23:46:43
11.49282	-59.63562	0	47	2021-10-26T23:51:37
11.49354	-59.63641	0	47	2021-10-26T23:56:38
11.49426	-59.63721	0	47	2021-10-27T00:01:40
11.49497	-59.63800	0	47	2021-10-27T00:06:38
11.49568	-59.63889	0	47	2021-10-27T00:11:55
11.49645	-59.63983	0	47	2021-10-27T00:16:56
11.49719	-59.64066	0	47	2021-10-27T00:21:36
11.49811	-59.64161	0	47	2021-10-27T00:26:34
11.49901	-59.64255	0	47	2021-10-27T00:31:35
11.49997	-59.64343	0	47	2021-10-27T00:36:36
11.50081	-59.64444	0	47	2021-10-27T00:41:36
11.50169	-59.64545	0	47	2021-10-27T00:46:38
11.50348	-59.64775	0	47	2021-10-27T00:56:39
11.50438	-59.64878	0	47	2021-10-27T01:01:39
11.50537	-59.64981	0	47	2021-10-27T01:06:38
11.50615	-59.65082	0	47	2021-10-27T01:11:38
11.50711	-59.65195	0	47	2021-10-27T01:16:36
11.50788	-59.65289	0	47	2021-10-27T01:21:36
11.50877	-59.65393	0	47	2021-10-27T01:26:37
11.50969	-59.65497	0	47	2021-10-27T01:31:37
11.51051	-59.65591	0	47	2021-10-27T01:36:36
11.51134	-59.65692	0	47	2021-10-27T01:41:35
11.51219	-59.65808	0	47	2021-10-27T01:46:36
11.51297	-59.65909	0	47	2021-10-27T01:51:34
11.51378	-59.66010	0	47	2021-10-27T01:56:34
11.51460	-59.66119	0	47	2021-10-27T02:01:35
11.51534	-59.66235	0	47	2021-10-27T02:06:35
11.51612	-59.66348	0	47	2021-10-27T02:11:33
11.51697	-59.66476	0	47	2021-10-27T02:16:58
11.51776	-59.66599	0	47	2021-10-27T02:21:45
11.51862	-59.66724	0	47	2021-10-27T02:26:48
11.51944	-59.66833	0	47	2021-10-27T02:31:39
11.52015	-59.66946	0	47	2021-10-27T02:36:49
11.52095	-59.67059	0	47	2021-10-27T02:41:47
11.52169	-59.67169	0	47	2021-10-27T02:46:48
11.52247	-59.67276	0	47	2021-10-27T02:51:32
11.52320	-59.67401	0	47	2021-10-27T02:56:49
11.52389	-59.67508	0	47	2021-10-27T03:01:35
11.52456	-59.67618	0	47	2021-10-27T03:06:36
11.52648	-59.67961	0	47	2021-10-27T03:21:34
11.52725	-59.68064	0	47	2021-10-27T03:26:34
11.52789	-59.68167	0	47	2021-10-27T03:31:35
11.52859	-59.68274	0	47	2021-10-27T03:36:33
11.52931	-59.68384	0	47	2021-10-27T03:41:36
11.53014	-59.68494	0	47	2021-10-27T03:46:35
11.53093	-59.68598	0	47	2021-10-27T03:51:34
11.53166	-59.68701	0	47	2021-10-27T03:56:34
11.53246	-59.68808	0	47	2021-10-27T04:01:34
11.53338	-59.68900	0	47	2021-10-27T04:06:32
11.53428	-59.68991	0	47	2021-10-27T04:11:30
11.53526	-59.69095	0	47	2021-10-27T04:16:55
11.53600	-59.69183	0	47	2021-10-27T04:21:32
11.53682	-59.69283	0	47	2021-10-27T04:26:29
11.53764	-59.69369	0	47	2021-10-27T04:31:30
11.53850	-59.69455	0	47	2021-10-27T04:36:30
11.53951	-59.69537	0	47	2021-10-27T04:41:28
11.54031	-59.69612	0	47	2021-10-27T04:46:28
11.54104	-59.69681	0	47	2021-10-27T04:51:27
11.54192	-59.69757	0	47	2021-10-27T04:56:30
11.54288	-59.69830	0	47	2021-10-27T05:01:31
11.54376	-59.69908	0	47	2021-10-27T05:06:56
11.54456	-59.69980	0	47	2021-10-27T05:11:28
11.54557	-59.70062	0	47	2021-10-27T05:16:57
11.54623	-59.70132	0	47	2021-10-27T05:21:27
11.54701	-59.70220	0	47	2021-10-27T05:26:28
11.54770	-59.70297	0	47	2021-10-27T05:31:29
11.54841	-59.70376	0	47	2021-10-27T05:36:25
11.54923	-59.70453	0	47	2021-10-27T05:41:25
11.54984	-59.70526	0	47	2021-10-27T05:46:28
11.55053	-59.70596	0	47	2021-10-27T05:51:25
11.55134	-59.70667	0	47	2021-10-27T05:56:32
11.55209	-59.70728	0	47	2021-10-27T06:01:26
11.55279	-59.70790	0	47	2021-10-27T06:06:20
11.55352	-59.70850	0	47	2021-10-27T06:11:20
11.55435	-59.70917	0	47	2021-10-27T06:16:57
11.55496	-59.70978	0	47	2021-10-27T06:21:22
11.55565	-59.71045	0	47	2021-10-27T06:26:20
11.55637	-59.71115	0	47	2021-10-27T06:31:26
11.55794	-59.71262	0	47	2021-10-27T06:41:18
11.55870	-59.71320	0	47	2021-10-27T06:46:21
11.55957	-59.71399	0	47	2021-10-27T06:51:19
11.56041	-59.71469	0	47	2021-10-27T06:56:20
11.56124	-59.71527	0	47	2021-10-27T07:01:25
11.56210	-59.71588	0	47	2021-10-27T07:06:22
11.56301	-59.71652	0	47	2021-10-27T07:11:20
11.56381	-59.71726	0	47	2021-10-27T07:16:23
11.56441	-59.71777	0	47	2021-10-27T07:21:23
11.56506	-59.71841	0	47	2021-10-27T07:26:25
11.56569	-59.71912	0	47	2021-10-27T07:31:25
11.56632	-59.71983	0	47	2021-10-27T07:36:24
11.56696	-59.72034	0	47	2021-10-27T07:41:24
11.56756	-59.72098	0	47	2021-10-27T07:46:22
11.56821	-59.72159	0	47	2021-10-27T07:51:27
11.56883	-59.72223	0	47	2021-10-27T07:56:26
11.56952	-59.72306	0	47	2021-10-27T08:01:26
11.57008	-59.72366	0	47	2021-10-27T08:06:25
11.57055	-59.72430	0	47	2021-10-27T08:11:26
11.57122	-59.72504	0	47	2021-10-27T08:16:56
11.57163	-59.72549	0	47	2021-10-27T08:21:27
11.57225	-59.72605	0	47	2021-10-27T08:26:24
11.57276	-59.72665	0	47	2021-10-27T08:31:24
11.57319	-59.72724	0	47	2021-10-27T08:36:27
11.57349	-59.72784	0	47	2021-10-27T08:41:27
11.57377	-59.72842	0	47	2021-10-27T08:46:28
11.57419	-59.72897	0	47	2021-10-27T08:51:29
11.57452	-59.72952	0	47	2021-10-27T08:56:29
11.57472	-59.73010	0	47	2021-10-27T09:01:27
11.57492	-59.73068	0	47	2021-10-27T09:06:35
11.57519	-59.73132	0	47	2021-10-27T09:11:32
11.57555	-59.73203	0	47	2021-10-27T09:16:56
11.57590	-59.73263	0	47	2021-10-27T09:21:42
11.57617	-59.73331	0	47	2021-10-27T09:26:45
11.57641	-59.73401	0	47	2021-10-27T09:31:43
11.57711	-59.73616	0	47	2021-10-27T09:46:45
11.57728	-59.73691	0	47	2021-10-27T09:51:43
11.57754	-59.73770	0	47	2021-10-27T09:56:44
11.57796	-59.73843	0	47	2021-10-27T10:01:30
11.57829	-59.73917	0	47	2021-10-27T10:06:30
11.57859	-59.73997	0	47	2021-10-27T10:12:25
11.57889	-59.74091	0	47	2021-10-27T10:17:25
11.57904	-59.74149	0	47	2021-10-27T10:21:28
11.57936	-59.74233	0	47	2021-10-27T10:26:28
11.57970	-59.74310	0	47	2021-10-27T10:31:27
11.58013	-59.74390	0	47	2021-10-27T10:36:28
11.58085	-59.74557	0	47	2021-10-27T10:46:24
11.58119	-59.74626	0	47	2021-10-27T10:51:23
11.58136	-59.74695	0	47	2021-10-27T10:56:23
11.58166	-59.74765	0	47	2021-10-27T11:01:24
11.58207	-59.74842	0	47	2021-10-27T11:06:21
11.58241	-59.74911	0	47	2021-10-27T11:11:22
11.58303	-59.74974	0	47	2021-10-27T11:16:23
11.58342	-59.75034	0	47	2021-10-27T11:21:23
11.58359	-59.75098	0	47	2021-10-27T11:26:21
11.58373	-59.75167	0	47	2021-10-27T11:31:21
11.58394	-59.75236	0	47	2021-10-27T11:36:21
11.58411	-59.75296	0	47	2021-10-27T11:41:20
11.58420	-59.75366	0	47	2021-10-27T11:46:21
11.58438	-59.75436	0	47	2021-10-27T11:51:21
11.58454	-59.75506	0	47	2021-10-27T11:56:36
11.58463	-59.75566	0	47	2021-10-27T12:01:35
11.58476	-59.75635	0	47	2021-10-27T12:06:35
11.58489	-59.75704	0	47	2021-10-27T12:12:06
11.58489	-59.75790	0	47	2021-10-27T12:17:06
11.58503	-59.75854	0	47	2021-10-27T12:21:22
11.58523	-59.75922	0	47	2021-10-27T12:26:19
11.58543	-59.75997	0	47	2021-10-27T12:31:20
11.58552	-59.76062	0	47	2021-10-27T12:36:17
11.58561	-59.76135	0	47	2021-10-27T12:41:21
11.58572	-59.76193	0	47	2021-10-27T12:46:19
11.58578	-59.76263	0	47	2021-10-27T12:51:16
11.58587	-59.76417	0	47	2021-10-27T13:01:20
11.58591	-59.76486	0	47	2021-10-27T13:06:18
11.58595	-59.76563	0	47	2021-10-27T13:11:19
11.58618	-59.76688	0	47	2021-10-27T13:16:55
11.58628	-59.76761	0	47	2021-10-27T13:21:17
11.58635	-59.76846	0	47	2021-10-27T13:26:18
11.58630	-59.76917	0	47	2021-10-27T13:31:17
11.58640	-59.77003	0	47	2021-10-27T13:36:16
11.58644	-59.77089	0	47	2021-10-27T13:41:16
11.58648	-59.77158	0	47	2021-10-27T13:46:17
11.58637	-59.77231	0	47	2021-10-27T13:51:14
11.58631	-59.77310	0	47	2021-10-27T13:56:15
11.58621	-59.77391	0	47	2021-10-27T14:01:19
11.58617	-59.77460	0	47	2021-10-27T14:06:19
11.58617	-59.77542	0	47	2021-10-27T14:12:12
11.58604	-59.77628	0	47	2021-10-27T14:17:12
11.58590	-59.77701	0	47	2021-10-27T14:21:31
11.58589	-59.77795	0	47	2021-10-27T14:26:28
11.58580	-59.77881	0	47	2021-10-27T14:31:30
11.58566	-59.77975	0	47	2021-10-27T14:36:30
11.58548	-59.78146	0	47	2021-10-27T14:46:31
11.58534	-59.78250	0	47	2021-10-27T14:51:27
11.58525	-59.78336	0	47	2021-10-27T14:56:26
11.58510	-59.78433	0	47	2021-10-27T15:01:34
11.58509	-59.78531	0	47	2021-10-27T15:06:34
11.58507	-59.78625	0	47	2021-10-27T15:11:23
11.58490	-59.78726	0	47	2021-10-27T15:16:57
11.58478	-59.78802	0	47	2021-10-27T15:21:21
11.58477	-59.78900	0	47	2021-10-27T15:26:19
11.58469	-59.79001	0	47	2021-10-27T15:31:20
11.58455	-59.79095	0	47	2021-10-27T15:36:16
11.58450	-59.79193	0	47	2021-10-27T15:41:18
11.58440	-59.79292	0	47	2021-10-27T15:46:22
11.58442	-59.79385	0	47	2021-10-27T15:51:23
11.58431	-59.79480	0	47	2021-10-27T15:56:21
11.58422	-59.79572	0	47	2021-10-27T16:01:25
11.58409	-59.79660	0	47	2021-10-27T16:06:25
11.58401	-59.79739	0	47	2021-10-27T16:11:23
11.58428	-59.79984	0	47	2021-10-27T16:26:26
11.58437	-59.80061	0	47	2021-10-27T16:31:26
11.58446	-59.80130	0	47	2021-10-27T16:36:26
11.58451	-59.80200	0	47	2021-10-27T16:41:24
11.58455	-59.80276	0	47	2021-10-27T16:46:24
11.58454	-59.80370	0	47	2021-10-27T16:51:22
11.58450	-59.80447	0	47	2021-10-27T16:56:22
11.58448	-59.80539	0	47	2021-10-27T17:01:23
11.58443	-59.80621	0	47	2021-10-27T17:06:20
11.58446	-59.80710	0	47	2021-10-27T17:11:56
11.58446	-59.80804	0	47	2021-10-27T17:16:57
11.58444	-59.80875	0	47	2021-10-27T17:21:22
11.58444	-59.80960	0	47	2021-10-27T17:26:20
11.58438	-59.81036	0	47	2021-10-27T17:31:21
11.58429	-59.81122	0	47	2021-10-27T17:36:21
11.58422	-59.81213	0	47	2021-10-27T17:41:20
11.58418	-59.81299	0	47	2021-10-27T17:46:20
11.58415	-59.81387	0	47	2021-10-27T17:51:20
11.58415	-59.81470	0	47	2021-10-27T17:56:22
11.58416	-59.81561	0	47	2021-10-27T18:01:21
11.58407	-59.81641	0	47	2021-10-27T18:06:23
11.58395	-59.81722	0	47	2021-10-27T18:11:23
11.58380	-59.81812	0	47	2021-10-27T18:16:56
11.58361	-59.81885	0	47	2021-10-27T18:21:22
11.58350	-59.81970	0	47	2021-10-27T18:26:20
11.58346	-59.82062	0	47	2021-10-27T18:31:21
11.58340	-59.82153	0	47	2021-10-27T18:36:21
11.58327	-59.82248	0	47	2021-10-27T18:41:22
11.58317	-59.82339	0	47	2021-10-27T18:46:21
11.58308	-59.82428	0	47	2021-10-27T18:51:20
11.58297	-59.82529	0	47	2021-10-27T18:56:24
11.58289	-59.82615	0	47	2021-10-27T19:01:20
11.58276	-59.82709	0	47	2021-10-27T19:06:19
11.58257	-59.82800	0	47	2021-10-27T19:11:20
11.58225	-59.82932	0	47	2021-10-27T19:16:55
11.58217	-59.83012	0	47	2021-10-27T19:21:21
11.58208	-59.83106	0	47	2021-10-27T19:26:21
11.58204	-59.83200	0	47	2021-10-27T19:31:21
11.58181	-59.83319	0	47	2021-10-27T19:36:22
11.58178	-59.83426	0	47	2021-10-27T19:41:27
11.58163	-59.83545	0	47	2021-10-27T19:46:21
11.58150	-59.83664	0	47	2021-10-27T19:51:23
11.58145	-59.83780	0	47	2021-10-27T19:56:22
11.58142	-59.83891	0	47	2021-10-27T20:01:17
11.58142	-59.84003	0	47	2021-10-27T20:06:17
11.58138	-59.84106	0	47	2021-10-27T20:11:18
11.58134	-59.84229	0	47	2021-10-27T20:16:57
11.58137	-59.84335	0	47	2021-10-27T20:21:20
11.58132	-59.84445	0	47	2021-10-27T20:26:17
11.58138	-59.84540	0	47	2021-10-27T20:31:17
11.58134	-59.84641	0	47	2021-10-27T20:36:18
11.58124	-59.84741	0	47	2021-10-27T20:41:15
11.58126	-59.84855	0	47	2021-10-27T20:46:12
11.58126	-59.84958	0	47	2021-10-27T20:51:13
11.58127	-59.85065	0	47	2021-10-27T20:56:10
11.58133	-59.85220	0	47	2021-10-27T21:01:11
11.58126	-59.85325	0	47	2021-10-27T21:06:12
11.58126	-59.85437	0	47	2021-10-27T21:11:13
11.58124	-59.85535	0	47	2021-10-27T21:16:36
11.58115	-59.85638	0	47	2021-10-27T21:21:14
11.58107	-59.85745	0	47	2021-10-27T21:26:16
11.58098	-59.85840	0	47	2021-10-27T21:31:16
11.58100	-59.85941	0	47	2021-10-27T21:36:17
11.58103	-59.86044	0	47	2021-10-27T21:41:17
11.58101	-59.86154	0	47	2021-10-27T21:46:19
11.58123	-59.86264	0	47	2021-10-27T21:51:24
11.58121	-59.86365	0	47	2021-10-27T21:56:20
11.58112	-59.86465	0	47	2021-10-27T22:01:21
11.58104	-59.86569	0	47	2021-10-27T22:06:21
11.58089	-59.86681	0	47	2021-10-27T22:11:34
11.58070	-59.86795	0	47	2021-10-27T22:17:07
11.58059	-59.86887	0	47	2021-10-27T22:21:33
11.58052	-59.86990	0	47	2021-10-27T22:26:18
11.58047	-59.87097	0	47	2021-10-27T22:31:34
11.58044	-59.87213	0	47	2021-10-27T22:36:31
11.58033	-59.87332	0	47	2021-10-27T22:41:34
11.58023	-59.87448	0	47	2021-10-27T22:46:20
11.58021	-59.87577	0	47	2021-10-27T22:51:18
11.58021	-59.87689	0	47	2021-10-27T22:56:19
11.58026	-59.87811	0	47	2021-10-27T23:01:16
11.58022	-59.87933	0	47	2021-10-27T23:06:17
11.58027	-59.88052	0	47	2021-10-27T23:11:20
11.58046	-59.88184	0	47	2021-10-27T23:16:22
11.58055	-59.88287	0	47	2021-10-27T23:21:23
11.58073	-59.88406	0	47	2021-10-27T23:26:20
11.58096	-59.88535	0	47	2021-10-27T23:31:18
11.58113	-59.88647	0	47	2021-10-27T23:36:18
11.58136	-59.88770	0	47	2021-10-27T23:41:19
11.58162	-59.88898	0	47	2021-10-27T23:46:16
11.58187	-59.89025	0	47	2021-10-27T23:51:14
11.58204	-59.89145	0	47	2021-10-27T23:56:14
11.58225	-59.89267	0	47	2021-10-28T00:01:11
11.58250	-59.89374	0	47	2021-10-28T00:06:20
11.58277	-59.89502	0	47	2021-10-28T00:11:11
11.58294	-59.89627	0	47	2021-10-28T00:16:39
11.58313	-59.89734	0	47	2021-10-28T00:21:10
11.58339	-59.89857	0	47	2021-10-28T00:26:08
11.58352	-59.89969	0	47	2021-10-28T00:31:08
11.58370	-59.90079	0	47	2021-10-28T00:36:09
11.58380	-59.90200	0	47	2021-10-28T00:41:10
11.58393	-59.90320	0	47	2021-10-28T00:46:10
11.58430	-59.90475	0	47	2021-10-28T00:51:12
11.58451	-59.90604	0	47	2021-10-28T00:56:09
11.58475	-59.90737	0	47	2021-10-28T01:01:09
11.58496	-59.90857	0	47	2021-10-28T01:06:10
11.58527	-59.90979	0	47	2021-10-28T01:11:08
11.58553	-59.91116	0	47	2021-10-28T01:16:55
11.58583	-59.91223	0	47	2021-10-28T01:21:09
11.58618	-59.91364	0	47	2021-10-28T01:26:09
11.58650	-59.91507	0	47	2021-10-28T01:31:11
11.58723	-59.91801	0	47	2021-10-28T01:41:13
11.58755	-59.91934	0	47	2021-10-28T01:46:10
11.58800	-59.92084	0	47	2021-10-28T01:51:13
11.58838	-59.92230	0	47	2021-10-28T01:56:11
11.58882	-59.92380	0	47	2021-10-28T02:01:11
11.58927	-59.92538	0	47	2021-10-28T02:06:13
11.58963	-59.92691	0	47	2021-10-28T02:11:14
11.59021	-59.92896	0	47	2021-10-28T02:16:53
11.59049	-59.93011	0	47	2021-10-28T02:21:27
11.59085	-59.93149	0	47	2021-10-28T02:26:16
11.59135	-59.93311	0	47	2021-10-28T02:31:17
11.59180	-59.93463	0	47	2021-10-28T02:36:17
11.59225	-59.93616	0	47	2021-10-28T02:41:19
11.59273	-59.93771	0	47	2021-10-28T02:46:20
11.59311	-59.93927	0	47	2021-10-28T02:51:20
11.59333	-59.94083	0	47	2021-10-28T02:56:21
11.59359	-59.94220	0	47	2021-10-28T03:01:21
11.59391	-59.94379	0	47	2021-10-28T03:06:23
11.59428	-59.94528	0	47	2021-10-28T03:11:23
11.59462	-59.94690	0	47	2021-10-28T03:16:56
11.59481	-59.94812	0	47	2021-10-28T03:21:25
11.59497	-59.94958	0	47	2021-10-28T03:26:23
11.59521	-59.95110	0	47	2021-10-28T03:31:20
11.59547	-59.95239	0	47	2021-10-28T03:36:21
11.59579	-59.95374	0	47	2021-10-28T03:41:21
11.59613	-59.95518	0	47	2021-10-28T03:46:19
11.59634	-59.95655	0	47	2021-10-28T03:51:20
11.59651	-59.95792	0	47	2021-10-28T03:56:20
11.59674	-59.95932	0	47	2021-10-28T04:01:17
11.59697	-59.96075	0	47	2021-10-28T04:06:15
11.59714	-59.96213	0	47	2021-10-28T04:11:16
11.59728	-59.96362	0	47	2021-10-28T04:16:39
11.59744	-59.96494	0	47	2021-10-28T04:21:17
11.59773	-59.96781	0	47	2021-10-28T04:31:15
11.59786	-59.96912	0	47	2021-10-28T04:36:18
11.59799	-59.97064	0	47	2021-10-28T04:41:16
11.59816	-59.97205	0	47	2021-10-28T04:46:13
11.59824	-59.97345	0	47	2021-10-28T04:51:15
11.59835	-59.97483	0	47	2021-10-28T04:56:15
11.59839	-59.97620	0	47	2021-10-28T05:01:16
11.59848	-59.97757	0	47	2021-10-28T05:06:13
11.59859	-59.97900	0	47	2021-10-28T05:11:15
11.59875	-59.98052	0	47	2021-10-28T05:16:15
11.59884	-59.98172	0	47	2021-10-28T05:21:15
11.59889	-59.98312	0	47	2021-10-28T05:26:13
11.59896	-59.98453	0	47	2021-10-28T05:31:14
11.59902	-59.98587	0	47	2021-10-28T05:36:15
11.59912	-59.98718	0	47	2021-10-28T05:41:15
11.59905	-59.98856	0	47	2021-10-28T05:46:16
11.59899	-59.98987	0	47	2021-10-28T05:51:14
11.59889	-59.99121	0	47	2021-10-28T05:56:15
11.59887	-59.99274	0	47	2021-10-28T06:01:15
11.59888	-59.99420	0	47	2021-10-28T06:06:16
11.59894	-59.99567	0	47	2021-10-28T06:11:13
11.59905	-59.99725	0	47	2021-10-28T06:16:57
11.59912	-59.99850	0	47	2021-10-28T06:21:18
11.59931	-60.00000	0	47	2021-10-28T06:26:15
11.59951	-60.00159	0	47	2021-10-28T06:31:38
11.59974	-60.00317	0	47	2021-10-28T06:37:00
11.60002	-60.00460	0	47	2021-10-28T06:41:13
11.60028	-60.00589	0	47	2021-10-28T06:46:13
11.60053	-60.00735	0	47	2021-10-28T06:51:15
11.60087	-60.00894	0	47	2021-10-28T06:56:40
11.60119	-60.01031	0	47	2021-10-28T07:01:49
11.60143	-60.01154	0	47	2021-10-28T07:06:13
11.60172	-60.01288	0	47	2021-10-28T07:11:14
11.60209	-60.01431	0	47	2021-10-28T07:16:36
11.60232	-60.01541	0	47	2021-10-28T07:21:13
11.60254	-60.01666	0	47	2021-10-28T07:26:13
11.60279	-60.01788	0	47	2021-10-28T07:31:14
11.60312	-60.01913	0	47	2021-10-28T07:36:12
11.60339	-60.02029	0	47	2021-10-28T07:41:13
11.60370	-60.02147	0	47	2021-10-28T07:46:13
11.60404	-60.02267	0	47	2021-10-28T07:51:13
11.60437	-60.02393	0	47	2021-10-28T07:56:15
11.60482	-60.02496	0	47	2021-10-28T08:01:12
11.60523	-60.02626	0	47	2021-10-28T08:06:36
11.60566	-60.02746	0	47	2021-10-28T08:11:37
11.60613	-60.02875	0	47	2021-10-28T08:16:37
11.60708	-60.03107	0	47	2021-10-28T08:26:13
11.60771	-60.03225	0	47	2021-10-28T08:31:13
11.60831	-60.03345	0	47	2021-10-28T08:36:13
11.60890	-60.03476	0	47	2021-10-28T08:41:11
11.60950	-60.03601	0	47	2021-10-28T08:46:12
11.61016	-60.03726	0	47	2021-10-28T08:51:12
11.61082	-60.03845	0	47	2021-10-28T08:56:13
11.61147	-60.03971	0	47	2021-10-28T09:01:10
11.61207	-60.04083	0	47	2021-10-28T09:06:09
11.61285	-60.04214	0	47	2021-10-28T09:11:12
11.61372	-60.04364	0	47	2021-10-28T09:16:59
11.61431	-60.04480	0	47	2021-10-28T09:21:11
11.61500	-60.04617	0	47	2021-10-28T09:26:10
11.61572	-60.04752	0	47	2021-10-28T09:31:12
11.61722	-60.05027	0	47	2021-10-28T09:41:13
11.61804	-60.05145	0	47	2021-10-28T09:46:11
11.61890	-60.05276	0	47	2021-10-28T09:51:12
11.61984	-60.05410	0	47	2021-10-28T09:56:12
11.62066	-60.05539	0	47	2021-10-28T10:01:12
11.62136	-60.05664	0	47	2021-10-28T10:06:10
11.62290	-60.05920	0	47	2021-10-28T10:16:28
11.62364	-60.06046	0	47	2021-10-28T10:21:10
11.62439	-60.06168	0	47	2021-10-28T10:26:11
11.62521	-60.06287	0	47	2021-10-28T10:31:10
11.62601	-60.06403	0	47	2021-10-28T10:36:11
11.62680	-60.06519	0	47	2021-10-28T10:41:09
11.62756	-60.06635	0	47	2021-10-28T10:46:10
11.62833	-60.06744	0	47	2021-10-28T10:51:11
11.62904	-60.06864	0	47	2021-10-28T10:56:07
11.62977	-60.06976	0	47	2021-10-28T11:01:08
11.63055	-60.07089	0	47	2021-10-28T11:06:05
11.63126	-60.07202	0	47	2021-10-28T11:11:06
11.63200	-60.07312	0	47	2021-10-28T11:16:27
11.63269	-60.07413	0	47	2021-10-28T11:21:04
11.63345	-60.07526	0	47	2021-10-28T11:26:01
11.63421	-60.07639	0	47	2021-10-28T11:31:02
11.63499	-60.07755	0	47	2021-10-28T11:36:00
11.63574	-60.07858	0	47	2021-10-28T11:41:03
11.63646	-60.07977	0	47	2021-10-28T11:46:04
11.63717	-60.08087	0	47	2021-10-28T11:51:05
11.63803	-60.08218	0	47	2021-10-28T11:56:07
11.63876	-60.08321	0	47	2021-10-28T12:01:07
11.63953	-60.08441	0	47	2021-10-28T12:06:08
11.64042	-60.08563	0	47	2021-10-28T12:11:06
11.64139	-60.08701	0	47	2021-10-28T12:16:05
11.64212	-60.08813	0	47	2021-10-28T12:21:05
11.64294	-60.08945	0	47	2021-10-28T12:26:08
11.64371	-60.09082	0	47	2021-10-28T12:31:08
11.64449	-60.09207	0	47	2021-10-28T12:36:08
11.64525	-60.09335	0	47	2021-10-28T12:41:06
11.64622	-60.09460	0	47	2021-10-28T12:46:04
11.64699	-60.09589	0	47	2021-10-28T12:51:04
11.64781	-60.09717	0	47	2021-10-28T12:56:06
11.64936	-60.09961	0	47	2021-10-28T13:06:06
11.65014	-60.10082	0	47	2021-10-28T13:11:26
11.65121	-60.10254	0	47	2021-10-28T13:16:26
11.65195	-60.10373	0	47	2021-10-28T13:21:06
11.65250	-60.10495	0	47	2021-10-28T13:26:02
11.65322	-60.10626	0	47	2021-10-28T13:31:03
11.65492	-60.10892	0	47	2021-10-28T13:41:02
11.65566	-60.11020	0	47	2021-10-28T13:46:04
11.65646	-60.11154	0	47	2021-10-28T13:51:05
11.65729	-60.11282	0	47	2021-10-28T13:56:03
11.65818	-60.11423	0	47	2021-10-28T14:01:01
11.65907	-60.11557	0	47	2021-10-28T14:06:05
11.65986	-60.11710	0	47	2021-10-28T14:11:29
11.66085	-60.11847	0	47	2021-10-28T14:16:29
11.66142	-60.11981	0	47	2021-10-28T14:21:07
11.66230	-60.12122	0	47	2021-10-28T14:26:05
11.66319	-60.12265	0	47	2021-10-28T14:31:08
11.66404	-60.12408	0	47	2021-10-28T14:36:07
11.66492	-60.12552	0	47	2021-10-28T14:41:10
11.66587	-60.12708	0	47	2021-10-28T14:46:12
11.66664	-60.12845	0	47	2021-10-28T14:51:12
11.66744	-60.12991	0	47	2021-10-28T14:56:10
11.66830	-60.13141	0	47	2021-10-28T15:01:14
11.66913	-60.13281	0	47	2021-10-28T15:06:12
11.67008	-60.13425	0	47	2021-10-28T15:11:16
11.67111	-60.13586	0	47	2021-10-28T15:16:56
11.67194	-60.13722	0	47	2021-10-28T15:21:19
11.67273	-60.13846	0	47	2021-10-28T15:26:19
11.67366	-60.13980	0	47	2021-10-28T15:31:20
11.67447	-60.14124	0	47	2021-10-28T15:36:21
11.67537	-60.14261	0	47	2021-10-28T15:41:22
11.67622	-60.14404	0	47	2021-10-28T15:46:25
11.67721	-60.14557	0	47	2021-10-28T15:51:26
11.67824	-60.14694	0	47	2021-10-28T15:56:25
11.67929	-60.14832	0	47	2021-10-28T16:01:25
11.68034	-60.14963	0	47	2021-10-28T16:06:23
11.68141	-60.15094	0	47	2021-10-28T16:11:27
11.68254	-60.15244	0	47	2021-10-28T16:16:57
11.68337	-60.15363	0	47	2021-10-28T16:21:28
11.68442	-60.15499	0	47	2021-10-28T16:26:28
11.68545	-60.15619	0	47	2021-10-28T16:31:27
11.68652	-60.15743	0	47	2021-10-28T16:36:27
11.68755	-60.15863	0	47	2021-10-28T16:41:28
11.68859	-60.15994	0	47	2021-10-28T16:46:29
11.68953	-60.16125	0	47	2021-10-28T16:51:27
11.69056	-60.16257	0	47	2021-10-28T16:56:30
11.69155	-60.16388	0	47	2021-10-28T17:01:28
11.69242	-60.16513	0	47	2021-10-28T17:06:27
11.69341	-60.16649	0	47	2021-10-28T17:11:56
11.69453	-60.16769	0	47	2021-10-28T17:16:57
11.69546	-60.16871	0	47	2021-10-28T17:21:30
11.69636	-60.16983	0	47	2021-10-28T17:26:29
11.69737	-60.17093	0	47	2021-10-28T17:31:29
11.69827	-60.17209	0	47	2021-10-28T17:36:32
11.69919	-60.17325	0	47	2021-10-28T17:41:31
11.70005	-60.17435	0	47	2021-10-28T17:46:34
11.70088	-60.17548	0	47	2021-10-28T17:51:36
11.70177	-60.17657	0	47	2021-10-28T17:56:36
11.70262	-60.17764	0	47	2021-10-28T18:01:38
11.70345	-60.17877	0	47	2021-10-28T18:06:36
11.70429	-60.17990	0	47	2021-10-28T18:11:35
11.70518	-60.18118	0	47	2021-10-28T18:16:56
11.70594	-60.18233	0	47	2021-10-28T18:21:34
11.70676	-60.18336	0	47	2021-10-28T18:26:34
11.70758	-60.18448	0	47	2021-10-28T18:31:34
11.70835	-60.18546	0	47	2021-10-28T18:36:32
11.70910	-60.18646	0	47	2021-10-28T18:41:34
11.70979	-60.18754	0	47	2021-10-28T18:46:31
11.71043	-60.18857	0	47	2021-10-28T18:51:31
11.71120	-60.18964	0	47	2021-10-28T18:56:34
11.71192	-60.19073	0	47	2021-10-28T19:01:32
11.71271	-60.19184	0	47	2021-10-28T19:06:34
11.71335	-60.19296	0	47	2021-10-28T19:11:34
11.71411	-60.19397	0	47	2021-10-28T19:16:55
11.71493	-60.19458	0	47	2021-10-28T19:21:36
11.71557	-60.19601	0	47	2021-10-28T19:26:37
11.71634	-60.19687	0	47	2021-10-28T19:31:38
11.71710	-60.19824	0	47	2021-10-28T19:36:36
11.71786	-60.19949	0	47	2021-10-28T19:41:39
11.71863	-60.20056	0	47	2021-10-28T19:46:36
11.71942	-60.20203	0	47	2021-10-28T19:51:37
11.72022	-60.20338	0	47	2021-10-28T19:56:38
11.72104	-60.20450	0	47	2021-10-28T20:01:38
11.72182	-60.20575	0	47	2021-10-28T20:06:40
11.72260	-60.20706	0	47	2021-10-28T20:11:37
11.72342	-60.20837	0	47	2021-10-28T20:16:58
11.72415	-60.20956	0	47	2021-10-28T20:21:35
11.72485	-60.21067	0	47	2021-10-28T20:26:31
11.72554	-60.21179	0	47	2021-10-28T20:31:30
11.72626	-60.21292	0	47	2021-10-28T20:36:30
11.72706	-60.21399	0	47	2021-10-28T20:41:31
11.72778	-60.21509	0	47	2021-10-28T20:46:30
11.72867	-60.21674	0	47	2021-10-28T20:51:28
11.72954	-60.21799	0	47	2021-10-28T20:56:29
11.73035	-60.21915	0	47	2021-10-28T21:01:26
11.73113	-60.22031	0	47	2021-10-28T21:06:27
11.73190	-60.22153	0	47	2021-10-28T21:11:25
11.73272	-60.22281	0	47	2021-10-28T21:16:56
11.73338	-60.22388	0	47	2021-10-28T21:21:27
11.73410	-60.22507	0	47	2021-10-28T21:26:30
11.73480	-60.22625	0	47	2021-10-28T21:31:30
11.73553	-60.22737	0	47	2021-10-28T21:36:29
11.73617	-60.22849	0	47	2021-10-28T21:41:29
11.73696	-60.22958	0	47	2021-10-28T21:46:31
11.73768	-60.23071	0	47	2021-10-28T21:51:32
11.73838	-60.23181	0	47	2021-10-28T21:56:32
11.73919	-60.23291	0	47	2021-10-28T22:01:29
11.74000	-60.23404	0	47	2021-10-28T22:06:46
11.74072	-60.23502	0	47	2021-10-28T22:11:45
11.74149	-60.23620	0	47	2021-10-28T22:16:46
11.74205	-60.23706	0	47	2021-10-28T22:21:46
11.74270	-60.23809	0	47	2021-10-28T22:26:45
11.74330	-60.23895	0	47	2021-10-28T22:31:45
11.74376	-60.23984	0	47	2021-10-28T22:36:47
11.74428	-60.24075	0	47	2021-10-28T22:41:44
11.74485	-60.24164	0	47	2021-10-28T22:46:47
11.74531	-60.24252	0	47	2021-10-28T22:51:30
11.74577	-60.24356	0	47	2021-10-28T22:56:33
11.74637	-60.24442	0	47	2021-10-28T23:01:32
11.74701	-60.24536	0	47	2021-10-28T23:06:32
11.74765	-60.24631	0	47	2021-10-28T23:11:33
11.74839	-60.24728	0	47	2021-10-28T23:16:33
11.74895	-60.24805	0	47	2021-10-28T23:21:32
11.74952	-60.24893	0	47	2021-10-28T23:26:35
11.75005	-60.24979	0	47	2021-10-28T23:31:33
11.75060	-60.25073	0	47	2021-10-28T23:36:34
11.75114	-60.25168	0	47	2021-10-28T23:41:33
11.75167	-60.25266	0	47	2021-10-28T23:46:32
11.75210	-60.25360	0	47	2021-10-28T23:51:32
11.75251	-60.25458	0	47	2021-10-28T23:56:32
11.75298	-60.25549	0	47	2021-10-29T00:01:33
11.75347	-60.25638	0	47	2021-10-29T00:06:34
11.75393	-60.25723	0	47	2021-10-29T00:11:32
11.75451	-60.25815	0	47	2021-10-29T00:16:57
11.75497	-60.25882	0	47	2021-10-29T00:21:33
11.75550	-60.25961	0	47	2021-10-29T00:26:34
11.75610	-60.26063	0	47	2021-10-29T00:31:35
11.75666	-60.26157	0	47	2021-10-29T00:36:35
11.75725	-60.26260	0	47	2021-10-29T00:41:37
11.75776	-60.26337	0	47	2021-10-29T00:46:37
11.75824	-60.26413	0	47	2021-10-29T00:51:39
11.75879	-60.26495	0	47	2021-10-29T00:56:35
11.75935	-60.26584	0	47	2021-10-29T01:01:34
11.76036	-60.26755	0	47	2021-10-29T01:11:33
11.76097	-60.26849	0	47	2021-10-29T01:16:58
11.76154	-60.26941	0	47	2021-10-29T01:21:55
11.76213	-60.27023	0	47	2021-10-29T01:26:29
11.76286	-60.27124	0	47	2021-10-29T01:31:53
11.76354	-60.27206	0	47	2021-10-29T01:36:28
11.76431	-60.27292	0	47	2021-10-29T01:41:28
11.76503	-60.27374	0	47	2021-10-29T01:46:26
11.76584	-60.27460	0	47	2021-10-29T01:51:49
11.76652	-60.27545	0	47	2021-10-29T01:56:29
11.76715	-60.27631	0	47	2021-10-29T02:01:27
11.76787	-60.27717	0	47	2021-10-29T02:06:27
11.76851	-60.27786	0	47	2021-10-29T02:11:26
11.76935	-60.27875	0	47	2021-10-29T02:16:56
11.76997	-60.27941	0	47	2021-10-29T02:21:28
11.77057	-60.28027	0	47	2021-10-29T02:26:28
11.77118	-60.28113	0	47	2021-10-29T02:31:26
11.77183	-60.28192	0	47	2021-10-29T02:36:27
11.77246	-60.28278	0	47	2021-10-29T02:41:27
11.77309	-60.28362	0	47	2021-10-29T02:46:51
11.77369	-60.28448	0	47	2021-10-29T02:51:51
11.77427	-60.28549	0	47	2021-10-29T02:57:19
11.77482	-60.28629	0	47	2021-10-29T03:01:53
11.77546	-60.28723	0	47	2021-10-29T03:07:17
11.77609	-60.28802	0	47	2021-10-29T03:12:03
11.77672	-60.28897	0	47	2021-10-29T03:16:56
11.77739	-60.28989	0	47	2021-10-29T03:21:49
11.77801	-60.29089	0	47	2021-10-29T03:26:58
11.77857	-60.29184	0	47	2021-10-29T03:31:28
11.77921	-60.29279	0	47	2021-10-29T03:36:27
11.77991	-60.29385	0	47	2021-10-29T03:41:55
11.78050	-60.29489	0	47	2021-10-29T03:46:46
11.78107	-60.29581	0	47	2021-10-29T03:51:27
11.78165	-60.29678	0	47	2021-10-29T03:56:28
11.78223	-60.29770	0	47	2021-10-29T04:01:25
11.78279	-60.29856	0	47	2021-10-29T04:06:26
11.78335	-60.29959	0	47	2021-10-29T04:11:26
11.78409	-60.30066	0	47	2021-10-29T04:16:57
11.78467	-60.30154	0	47	2021-10-29T04:21:25
11.78526	-60.30255	0	47	2021-10-29T04:26:24
11.78589	-60.30360	0	47	2021-10-29T04:31:25
11.78645	-60.30454	0	47	2021-10-29T04:36:24
11.78701	-60.30566	0	47	2021-10-29T04:41:24
11.78759	-60.30676	0	47	2021-10-29T04:46:24
11.78819	-60.30777	0	47	2021-10-29T04:51:25
11.78871	-60.30884	0	47	2021-10-29T04:56:23
11.78921	-60.30991	0	47	2021-10-29T05:01:24
11.78970	-60.31107	0	47	2021-10-29T05:06:27
11.79029	-60.31219	0	47	2021-10-29T05:11:56
11.79102	-60.31339	0	47	2021-10-29T05:16:57
11.79161	-60.31439	0	47	2021-10-29T05:21:24
11.79226	-60.31543	0	47	2021-10-29T05:26:27
11.79289	-60.31653	0	47	2021-10-29T05:31:25
11.79356	-60.31766	0	47	2021-10-29T05:36:22
11.79415	-60.31873	0	47	2021-10-29T05:41:23
11.79466	-60.31976	0	47	2021-10-29T05:46:23
11.79525	-60.32080	0	47	2021-10-29T05:51:25
11.79576	-60.32187	0	47	2021-10-29T05:56:22
11.79730	-60.32489	0	47	2021-10-29T06:11:27
11.79780	-60.32601	0	47	2021-10-29T06:16:22
11.79810	-60.32687	0	47	2021-10-29T06:21:22
11.79851	-60.32776	0	47	2021-10-29T06:26:23
11.79891	-60.32864	0	47	2021-10-29T06:31:23
11.79920	-60.32950	0	47	2021-10-29T06:36:24
11.79948	-60.33041	0	47	2021-10-29T06:41:26
11.79987	-60.33126	0	47	2021-10-29T06:46:23
11.80005	-60.33209	0	47	2021-10-29T06:51:22
11.80025	-60.33298	0	47	2021-10-29T06:56:24
11.80041	-60.33380	0	47	2021-10-29T07:01:21
11.80059	-60.33465	0	47	2021-10-29T07:06:26
11.80080	-60.33551	0	47	2021-10-29T07:11:26
11.80099	-60.33640	0	47	2021-10-29T07:16:57
11.80109	-60.33716	0	47	2021-10-29T07:21:21
11.80123	-60.33795	0	47	2021-10-29T07:26:22
11.80145	-60.33880	0	47	2021-10-29T07:31:21
11.80158	-60.33966	0	47	2021-10-29T07:36:20
11.80171	-60.34058	0	47	2021-10-29T07:41:23
11.80189	-60.34143	0	47	2021-10-29T07:46:25
11.80204	-60.34234	0	47	2021-10-29T07:51:26
11.80221	-60.34320	0	47	2021-10-29T07:56:26
11.80248	-60.34418	0	47	2021-10-29T08:01:28
11.80262	-60.34503	0	47	2021-10-29T08:06:31
11.80288	-60.34595	0	47	2021-10-29T08:11:29
11.80319	-60.34689	0	47	2021-10-29T08:16:58
11.80348	-60.34772	0	47	2021-10-29T08:21:31
11.80369	-60.34854	0	47	2021-10-29T08:26:31
11.80405	-60.34935	0	47	2021-10-29T08:31:33
11.80431	-60.35021	0	47	2021-10-29T08:36:33
11.80461	-60.35107	0	47	2021-10-29T08:41:33
11.80492	-60.35193	0	47	2021-10-29T08:46:30
11.80528	-60.35281	0	47	2021-10-29T08:51:33
11.80577	-60.35372	0	47	2021-10-29T08:56:45
11.80620	-60.35458	0	47	2021-10-29T09:01:45
11.80667	-60.35544	0	47	2021-10-29T09:06:45
11.80711	-60.35632	0	47	2021-10-29T09:11:47
11.80762	-60.35727	0	47	2021-10-29T09:17:12
11.80806	-60.35797	0	47	2021-10-29T09:21:48
11.80848	-60.35892	0	47	2021-10-29T09:26:46
11.80894	-60.35980	0	47	2021-10-29T09:31:50
11.80941	-60.36078	0	47	2021-10-29T09:36:48
11.80991	-60.36176	0	47	2021-10-29T09:41:51
11.81029	-60.36270	0	47	2021-10-29T09:46:50
11.81052	-60.36404	0	47	2021-10-29T09:51:41
11.81089	-60.36486	0	47	2021-10-29T09:56:40
11.81140	-60.36572	0	47	2021-10-29T10:01:40
11.81184	-60.36664	0	47	2021-10-29T10:06:54
11.81211	-60.36774	0	47	2021-10-29T10:11:57
11.81236	-60.36874	0	47	2021-10-29T10:17:10
11.81273	-60.36961	0	47	2021-10-29T10:21:46
11.81307	-60.37055	0	47	2021-10-29T10:26:45
11.81341	-60.37149	0	47	2021-10-29T10:31:46
11.81373	-60.37250	0	47	2021-10-29T10:36:45
11.81409	-60.37347	0	47	2021-10-29T10:41:47
11.81447	-60.37448	0	47	2021-10-29T10:46:45
11.81480	-60.37540	0	47	2021-10-29T10:51:46
11.81525	-60.37643	0	47	2021-10-29T10:56:47
11.81561	-60.37750	0	47	2021-10-29T11:01:50
11.81598	-60.37848	0	47	2021-10-29T11:06:48
11.81639	-60.37952	0	47	2021-10-29T11:11:49
11.81679	-60.38076	0	47	2021-10-29T11:16:56
11.81713	-60.38162	0	47	2021-10-29T11:21:55
11.81747	-60.38255	0	47	2021-10-29T11:26:51
11.81786	-60.38367	0	47	2021-10-29T11:31:52
11.81828	-60.38464	0	47	2021-10-29T11:36:50
11.81870	-60.38568	0	47	2021-10-29T11:41:57
11.81909	-60.38663	0	47	2021-10-29T11:46:55
11.81933	-60.38754	0	47	2021-10-29T11:51:55
11.81956	-60.38849	0	47	2021-10-29T11:56:56
11.81991	-60.38943	0	47	2021-10-29T12:01:58
11.82018	-60.39042	0	47	2021-10-29T12:06:57
11.82048	-60.39136	0	47	2021-10-29T12:11:56
11.82086	-60.39240	0	47	2021-10-29T12:17:26
11.82151	-60.39429	0	47	2021-10-29T12:26:58
11.82177	-60.39517	0	47	2021-10-29T12:31:57
11.82216	-60.39609	0	47	2021-10-29T12:36:59
11.82247	-60.39691	0	47	2021-10-29T12:41:57
11.82278	-60.39786	0	47	2021-10-29T12:47:00
11.82356	-60.39914	0	47	2021-10-29T12:52:02
11.82356	-60.39960	0	47	2021-10-29T12:57:01
11.82463	-60.40085	0	47	2021-10-29T13:02:07
11.82461	-60.40129	0	47	2021-10-29T13:07:28
11.82560	-60.40249	0	47	2021-10-29T13:12:28
11.82603	-60.40335	0	47	2021-10-29T13:17:28
11.82639	-60.40408	0	47	2021-10-29T13:22:04
11.82673	-60.40497	0	47	2021-10-29T13:27:03
11.82722	-60.40591	0	47	2021-10-29T13:32:02
11.82748	-60.40677	0	47	2021-10-29T13:37:02
11.82797	-60.40771	0	47	2021-10-29T13:42:02
11.82836	-60.40857	0	47	2021-10-29T13:47:02
11.82888	-60.40949	0	47	2021-10-29T13:52:03
11.82922	-60.41043	0	47	2021-10-29T13:57:02
11.82987	-60.41153	0	47	2021-10-29T14:02:20
11.83023	-60.41256	0	47	2021-10-29T14:07:13
11.83062	-60.41342	0	47	2021-10-29T14:12:12
11.83112	-60.41473	0	47	2021-10-29T14:17:42
11.83149	-60.41566	0	47	2021-10-29T14:22:21
11.83196	-60.41669	0	47	2021-10-29T14:27:22
11.83249	-60.41776	0	47	2021-10-29T14:32:23
11.83297	-60.41885	0	47	2021-10-29T14:37:20
11.83341	-60.41992	0	47	2021-10-29T14:42:19
11.83421	-60.42230	0	47	2021-10-29T14:52:25
11.83453	-60.42340	0	47	2021-10-29T14:57:24
11.83481	-60.42462	0	47	2021-10-29T15:02:24
11.83509	-60.42578	0	47	2021-10-29T15:07:12
11.83548	-60.42688	0	47	2021-10-29T15:12:14
11.83594	-60.42832	0	47	2021-10-29T15:17:19
11.83628	-60.42935	0	47	2021-10-29T15:22:19
11.83675	-60.43063	0	47	2021-10-29T15:27:13
11.83722	-60.43188	0	47	2021-10-29T15:32:14
11.83770	-60.43314	0	47	2021-10-29T15:37:11
11.83814	-60.43439	0	47	2021-10-29T15:42:12
11.83853	-60.43552	0	47	2021-10-29T15:47:13
11.83892	-60.43674	0	47	2021-10-29T15:52:10
11.83958	-60.43906	0	47	2021-10-29T16:02:08
11.83997	-60.44018	0	47	2021-10-29T16:07:08
11.84040	-60.44138	0	47	2021-10-29T16:12:09
11.84105	-60.44281	0	47	2021-10-29T16:17:10
11.84139	-60.44393	0	47	2021-10-29T16:22:10
11.84178	-60.44513	0	47	2021-10-29T16:27:09
11.84262	-60.44763	0	47	2021-10-29T16:37:10
11.84303	-60.44888	0	47	2021-10-29T16:42:09
11.84348	-60.45023	0	47	2021-10-29T16:47:11
11.84389	-60.45151	0	47	2021-10-29T16:52:08
11.84433	-60.45282	0	47	2021-10-29T16:57:09
11.84473	-60.45415	0	47	2021-10-29T17:02:17
11.84516	-60.45535	0	47	2021-10-29T17:07:17
11.84559	-60.45657	0	47	2021-10-29T17:12:11
11.84597	-60.45795	0	47	2021-10-29T17:17:36
11.84637	-60.45911	0	47	2021-10-29T17:22:12
11.84676	-60.46039	0	47	2021-10-29T17:27:14
11.84710	-60.46173	0	47	2021-10-29T17:32:14
11.84742	-60.46304	0	47	2021-10-29T17:37:15
11.84777	-60.46432	0	47	2021-10-29T17:42:12
11.84816	-60.46568	0	47	2021-10-29T17:47:11
11.84855	-60.46697	0	47	2021-10-29T17:52:11
11.84894	-60.46826	0	47	2021-10-29T17:57:12
11.84929	-60.46951	0	47	2021-10-29T18:02:09
11.84970	-60.47084	0	47	2021-10-29T18:07:25
11.85001	-60.47205	0	47	2021-10-29T18:12:09
11.85047	-60.47333	0	47	2021-10-29T18:17:26
11.85080	-60.47449	0	47	2021-10-29T18:22:09
11.85108	-60.47574	0	47	2021-10-29T18:27:13
11.85142	-60.47693	0	47	2021-10-29T18:32:10
11.85182	-60.47812	0	47	2021-10-29T18:37:10
11.85225	-60.47934	0	47	2021-10-29T18:42:12
11.85279	-60.48067	0	47	2021-10-29T18:47:09
11.85326	-60.48170	0	47	2021-10-29T18:52:10
11.85365	-60.48282	0	47	2021-10-29T18:57:10
11.85403	-60.48395	0	47	2021-10-29T19:02:11
11.85442	-60.48511	0	47	2021-10-29T19:07:08
11.85494	-60.48620	0	47	2021-10-29T19:12:27
11.85545	-60.48697	0	47	2021-10-29T19:17:26
11.85580	-60.48815	0	47	2021-10-29T19:22:08
11.85619	-60.48935	0	47	2021-10-29T19:27:08
11.85669	-60.49054	0	47	2021-10-29T19:32:11
11.85705	-60.49170	0	47	2021-10-29T19:37:09
11.85742	-60.49286	0	47	2021-10-29T19:42:10
11.85781	-60.49408	0	47	2021-10-29T19:47:11
11.85813	-60.49518	0	47	2021-10-29T19:52:08
11.85853	-60.49640	0	47	2021-10-29T19:57:05
11.85895	-60.49774	0	47	2021-10-29T20:02:10
11.85937	-60.49899	0	47	2021-10-29T20:07:10
11.85982	-60.50012	0	47	2021-10-29T20:12:08
11.86022	-60.50140	0	47	2021-10-29T20:17:31
11.86059	-60.50247	0	47	2021-10-29T20:22:10
11.86099	-60.50381	0	47	2021-10-29T20:27:07
11.86193	-60.50642	0	47	2021-10-29T20:37:11
11.86244	-60.50762	0	47	2021-10-29T20:42:10
11.86317	-60.50934	0	47	2021-10-29T20:47:10
11.86373	-60.51068	0	47	2021-10-29T20:52:08
11.86432	-60.51202	0	47	2021-10-29T20:57:11
11.86496	-60.51345	0	47	2021-10-29T21:02:20
11.86556	-60.51474	0	47	2021-10-29T21:07:20
11.86616	-60.51620	0	47	2021-10-29T21:12:19
11.86680	-60.51767	0	47	2021-10-29T21:17:27
11.86739	-60.51926	0	47	2021-10-29T21:22:23
11.86795	-60.52072	0	47	2021-10-29T21:27:23
11.86851	-60.52213	0	47	2021-10-29T21:32:22
11.86909	-60.52359	0	47	2021-10-29T21:37:14
11.86973	-60.52488	0	47	2021-10-29T21:42:14
11.87016	-60.52625	0	47	2021-10-29T21:47:13
11.87062	-60.52765	0	47	2021-10-29T21:52:13
11.87110	-60.52896	0	47	2021-10-29T21:57:14
11.87160	-60.53021	0	47	2021-10-29T22:02:22
11.87204	-60.53152	0	47	2021-10-29T22:07:26
11.87262	-60.53259	0	47	2021-10-29T22:12:28
11.87303	-60.53391	0	47	2021-10-29T22:17:53
11.87291	-60.53562	0	47	2021-10-29T22:22:11
11.87321	-60.53665	0	47	2021-10-29T22:27:12
11.87354	-60.53784	0	47	2021-10-29T22:32:13
11.87387	-60.53912	0	47	2021-10-29T22:37:12
11.87427	-60.54034	0	47	2021-10-29T22:42:13
11.87460	-60.54160	0	47	2021-10-29T22:47:11
11.87490	-60.54288	0	47	2021-10-29T22:52:12
11.87526	-60.54413	0	47	2021-10-29T22:57:14
11.87558	-60.54532	0	47	2021-10-29T23:02:11
11.87591	-60.54657	0	47	2021-10-29T23:07:13
11.87622	-60.54779	0	47	2021-10-29T23:12:09
11.87639	-60.54907	0	47	2021-10-29T23:17:28
11.87661	-60.55023	0	47	2021-10-29T23:22:10
11.87673	-60.55142	0	47	2021-10-29T23:27:09
11.87693	-60.55269	0	47	2021-10-29T23:32:08
11.87706	-60.55389	0	47	2021-10-29T23:37:08
11.87723	-60.55515	0	47	2021-10-29T23:42:08
11.87741	-60.55640	0	47	2021-10-29T23:47:09
11.87763	-60.55760	0	47	2021-10-29T23:52:06
11.87776	-60.55872	0	47	2021-10-29T23:57:05
11.87793	-60.55996	0	47	2021-10-30T00:02:09
11.87810	-60.56116	0	47	2021-10-30T00:07:09
11.87826	-60.56238	0	47	2021-10-30T00:12:14
11.87847	-60.56354	0	47	2021-10-30T00:17:26
11.87864	-60.56467	0	47	2021-10-30T00:22:04
11.87880	-60.56586	0	47	2021-10-30T00:27:05
11.87896	-60.56711	0	47	2021-10-30T00:32:06
11.87913	-60.56845	0	47	2021-10-30T00:37:07
11.87919	-60.56960	0	47	2021-10-30T00:42:03
11.87928	-60.57080	0	47	2021-10-30T00:47:02
11.87949	-60.57212	0	47	2021-10-30T00:52:01
11.87966	-60.57324	0	47	2021-10-30T00:57:01
11.87990	-60.57452	0	47	2021-10-30T01:02:00
11.88009	-60.57578	0	47	2021-10-30T01:06:59
11.88028	-60.57707	0	47	2021-10-30T01:12:00
11.88045	-60.57836	0	47	2021-10-30T01:16:59
11.88058	-60.57956	0	47	2021-10-30T01:21:59
11.88077	-60.58087	0	47	2021-10-30T01:26:59
11.88092	-60.58211	0	47	2021-10-30T01:32:01
11.88096	-60.58331	0	47	2021-10-30T01:37:02
11.88109	-60.58456	0	47	2021-10-30T01:41:58
11.88118	-60.58568	0	47	2021-10-30T01:46:57
11.88131	-60.58688	0	47	2021-10-30T01:51:57
11.88142	-60.58810	0	47	2021-10-30T01:56:54
11.88160	-60.58936	0	47	2021-10-30T02:01:55
11.88169	-60.59055	0	47	2021-10-30T02:06:56
11.88178	-60.59178	0	47	2021-10-30T02:11:52
11.88178	-60.59290	0	47	2021-10-30T02:16:52
11.88182	-60.59384	0	47	2021-10-30T02:21:51
11.88197	-60.59500	0	47	2021-10-30T02:26:50
11.88206	-60.59622	0	47	2021-10-30T02:31:49
11.88212	-60.59744	0	47	2021-10-30T02:36:49
11.88219	-60.59863	0	47	2021-10-30T02:41:47
11.88228	-60.59991	0	47	2021-10-30T02:46:50
11.88238	-60.60114	0	47	2021-10-30T02:51:51
11.88250	-60.60236	0	47	2021-10-30T02:56:52
11.88269	-60.60358	0	47	2021-10-30T03:01:49
11.88289	-60.60480	0	47	2021-10-30T03:06:50
11.88310	-60.60602	0	47	2021-10-30T03:11:51
11.88362	-60.60869	0	47	2021-10-30T03:21:54
11.88383	-60.60998	0	47	2021-10-30T03:26:54
11.88404	-60.61127	0	47	2021-10-30T03:31:55
11.88419	-60.61255	0	47	2021-10-30T03:36:55
11.88434	-60.61386	0	47	2021-10-30T03:41:55
11.88456	-60.61514	0	47	2021-10-30T03:46:57
11.88472	-60.61646	0	47	2021-10-30T03:51:54
11.88498	-60.61774	0	47	2021-10-30T03:56:59
11.88522	-60.61906	0	47	2021-10-30T04:01:55
11.88543	-60.62035	0	47	2021-10-30T04:06:54
11.88556	-60.62164	0	47	2021-10-30T04:11:54
11.88578	-60.62305	0	47	2021-10-30T04:17:25
11.88596	-60.62432	0	47	2021-10-30T04:21:56
11.88609	-60.62552	0	47	2021-10-30T04:26:56
11.88617	-60.62680	0	47	2021-10-30T04:32:00
11.88622	-60.62808	0	47	2021-10-30T04:36:58
11.88628	-60.62938	0	47	2021-10-30T04:41:59
11.88632	-60.63067	0	47	2021-10-30T04:46:59
11.88641	-60.63196	0	47	2021-10-30T04:51:59
11.88646	-60.63324	0	47	2021-10-30T04:57:00
11.88657	-60.63455	0	47	2021-10-30T05:02:02
11.88664	-60.63580	0	47	2021-10-30T05:06:59
11.88677	-60.63702	0	47	2021-10-30T05:11:59
11.88692	-60.63843	0	47	2021-10-30T05:17:28
11.88706	-60.63956	0	47	2021-10-30T05:21:58
11.88722	-60.64075	0	47	2021-10-30T05:26:59
11.88734	-60.64197	0	47	2021-10-30T05:32:02
11.88750	-60.64325	0	47	2021-10-30T05:37:00
11.88765	-60.64444	0	47	2021-10-30T05:41:57
11.88774	-60.64563	0	47	2021-10-30T05:46:59
11.88787	-60.64688	0	47	2021-10-30T05:52:00
11.88796	-60.64807	0	47	2021-10-30T05:56:59
11.88815	-60.64938	0	47	2021-10-30T06:02:01
11.88830	-60.65063	0	47	2021-10-30T06:07:02
11.88858	-60.65312	0	47	2021-10-30T06:17:00
11.88866	-60.65414	0	47	2021-10-30T06:21:59
11.88876	-60.65527	0	47	2021-10-30T06:27:00
11.88885	-60.65646	0	47	2021-10-30T06:31:58
11.88903	-60.65765	0	47	2021-10-30T06:36:56
11.88918	-60.65884	0	47	2021-10-30T06:41:57
11.88942	-60.66119	0	47	2021-10-30T06:51:58
11.88952	-60.66248	0	47	2021-10-30T06:56:59
11.88965	-60.66360	0	47	2021-10-30T07:01:59
11.88977	-60.66476	0	47	2021-10-30T07:06:57
11.88990	-60.66595	0	47	2021-10-30T07:12:01
11.89003	-60.66718	0	47	2021-10-30T07:17:28
11.89014	-60.66821	0	47	2021-10-30T07:22:03
11.89019	-60.66934	0	47	2021-10-30T07:27:01
11.89034	-60.67053	0	47	2021-10-30T07:32:04
11.89049	-60.67177	0	47	2021-10-30T07:37:03
11.89058	-60.67297	0	47	2021-10-30T07:42:03
11.89065	-60.67429	0	47	2021-10-30T07:47:06
11.89071	-60.67557	0	47	2021-10-30T07:52:04
11.89075	-60.67688	0	47	2021-10-30T07:57:05
11.89083	-60.67834	0	47	2021-10-30T08:02:06
11.89090	-60.67969	0	47	2021-10-30T08:07:06
11.89098	-60.68106	0	47	2021-10-30T08:12:08
11.89104	-60.68241	0	47	2021-10-30T08:17:05
11.89104	-60.68361	0	47	2021-10-30T08:22:06
11.89104	-60.68481	0	47	2021-10-30T08:27:06
11.89105	-60.68613	0	47	2021-10-30T08:32:08
11.89105	-60.68741	0	47	2021-10-30T08:37:11
11.89104	-60.68872	0	47	2021-10-30T08:42:10
11.89092	-60.68996	0	47	2021-10-30T08:47:14
11.89088	-60.69125	0	47	2021-10-30T08:52:14
11.89079	-60.69257	0	47	2021-10-30T08:57:16
11.89072	-60.69382	0	47	2021-10-30T09:02:16
11.89067	-60.69513	0	47	2021-10-30T09:07:20
11.89062	-60.69641	0	47	2021-10-30T09:12:33
11.89060	-60.69775	0	47	2021-10-30T09:18:01
11.89056	-60.69897	0	47	2021-10-30T09:22:31
11.89050	-60.70016	0	47	2021-10-30T09:27:16
11.89039	-60.70139	0	47	2021-10-30T09:32:17
11.89025	-60.70261	0	47	2021-10-30T09:37:18
11.89017	-60.70388	0	47	2021-10-30T09:42:18
11.89008	-60.70508	0	47	2021-10-30T09:47:17
11.89004	-60.70633	0	47	2021-10-30T09:52:17
11.88988	-60.70755	0	47	2021-10-30T09:57:18
11.88977	-60.70879	0	47	2021-10-30T10:02:18
11.88964	-60.70999	0	47	2021-10-30T10:07:17
11.88948	-60.71121	0	47	2021-10-30T10:12:17
11.88939	-60.71256	0	47	2021-10-30T10:17:15
11.88930	-60.71359	0	47	2021-10-30T10:22:15
11.88919	-60.71497	0	47	2021-10-30T10:27:14
11.88919	-60.71609	0	47	2021-10-30T10:32:13
11.88915	-60.71729	0	47	2021-10-30T10:37:14
11.88905	-60.71851	0	47	2021-10-30T10:42:14
11.88903	-60.71973	0	47	2021-10-30T10:47:12
11.88904	-60.72104	0	47	2021-10-30T10:52:20
11.88896	-60.72229	0	47	2021-10-30T10:57:13
11.88894	-60.72351	0	47	2021-10-30T11:02:10
11.88888	-60.72485	0	47	2021-10-30T11:07:10
11.88881	-60.72619	0	47	2021-10-30T11:12:24
11.88881	-60.72748	0	47	2021-10-30T11:17:24
11.88882	-60.72861	0	47	2021-10-30T11:22:06
11.88891	-60.72994	0	47	2021-10-30T11:27:07
11.88891	-60.73131	0	47	2021-10-30T11:32:07
11.88900	-60.73260	0	47	2021-10-30T11:37:07
11.88918	-60.73395	0	47	2021-10-30T11:42:09
11.88931	-60.73529	0	47	2021-10-30T11:47:07
11.88942	-60.73669	0	47	2021-10-30T11:52:14
11.88956	-60.73816	0	47	2021-10-30T11:57:34
11.88965	-60.73929	0	47	2021-10-30T12:02:11
11.88972	-60.74069	0	47	2021-10-30T12:07:08
11.88983	-60.74218	0	47	2021-10-30T12:12:03
11.88996	-60.74365	0	47	2021-10-30T12:17:27
11.88996	-60.74509	0	47	2021-10-30T12:22:03
11.89004	-60.74640	0	47	2021-10-30T12:27:01
11.89012	-60.74773	0	47	2021-10-30T12:32:01
11.89024	-60.74902	0	47	2021-10-30T12:37:11
11.89025	-60.75031	0	47	2021-10-30T12:42:00
11.89035	-60.75140	0	47	2021-10-30T12:47:01
11.89034	-60.75304	0	47	2021-10-30T12:52:02
11.89060	-60.75458	0	47	2021-10-30T12:57:02
11.89051	-60.75537	0	47	2021-10-30T13:02:04
11.89071	-60.75702	0	47	2021-10-30T13:07:04
11.89075	-60.75839	0	47	2021-10-30T13:12:05
11.89079	-60.75983	0	47	2021-10-30T13:17:29
11.89082	-60.76110	0	47	2021-10-30T13:22:07
11.89082	-60.76239	0	47	2021-10-30T13:27:07
11.89083	-60.76382	0	47	2021-10-30T13:32:08
11.89088	-60.76520	0	47	2021-10-30T13:37:06
11.89090	-60.76657	0	47	2021-10-30T13:42:09
11.89095	-60.76794	0	47	2021-10-30T13:47:06
11.89104	-60.76935	0	47	2021-10-30T13:52:08
11.89122	-60.77100	0	47	2021-10-30T13:57:09
11.89137	-60.77249	0	47	2021-10-30T14:02:07
11.89147	-60.77386	0	47	2021-10-30T14:07:07
11.89164	-60.77533	0	47	2021-10-30T14:12:08
11.89196	-60.77730	0	47	2021-10-30T14:17:24
11.89213	-60.77876	0	47	2021-10-30T14:22:25
11.89226	-60.78030	0	47	2021-10-30T14:27:25
11.89232	-60.78186	0	47	2021-10-30T14:32:26
11.89255	-60.78320	0	47	2021-10-30T14:37:11
11.89282	-60.78473	0	47	2021-10-30T14:42:12
11.89304	-60.78622	0	47	2021-10-30T14:47:13
11.89332	-60.78780	0	47	2021-10-30T14:52:13
11.89358	-60.78934	0	47	2021-10-30T14:57:12
11.89384	-60.79089	0	47	2021-10-30T15:02:11
11.89405	-60.79251	0	47	2021-10-30T15:07:14
11.89430	-60.79407	0	47	2021-10-30T15:12:13
11.89456	-60.79605	0	47	2021-10-30T15:17:38
11.89478	-60.79756	0	47	2021-10-30T15:22:16
11.89504	-60.79910	0	47	2021-10-30T15:27:17
11.89530	-60.80069	0	47	2021-10-30T15:32:18
11.89557	-60.80231	0	47	2021-10-30T15:37:18
11.89585	-60.80392	0	47	2021-10-30T15:42:19
11.89612	-60.80562	0	47	2021-10-30T15:47:16
11.89638	-60.80725	0	47	2021-10-30T15:52:17
11.89669	-60.80875	0	47	2021-10-30T15:57:18
11.89729	-60.81201	0	47	2021-10-30T16:07:17
11.89759	-60.81374	0	47	2021-10-30T16:12:40
11.89789	-60.81537	0	47	2021-10-30T16:17:40
11.89823	-60.81683	0	47	2021-10-30T16:22:10
11.89851	-60.81859	0	47	2021-10-30T16:27:14
11.89898	-60.82022	0	47	2021-10-30T16:32:13
11.89929	-60.82196	0	47	2021-10-30T16:37:12
11.89978	-60.82364	0	47	2021-10-30T16:42:11
11.90046	-60.82520	0	47	2021-10-30T16:47:11
11.90166	-60.82657	0	47	2021-10-30T16:52:11
11.90289	-60.82806	0	47	2021-10-30T16:57:10
11.90408	-60.82950	0	47	2021-10-30T17:02:10
11.90524	-60.83090	0	47	2021-10-30T17:07:07
11.90650	-60.83234	0	47	2021-10-30T17:12:04
11.90777	-60.83388	0	47	2021-10-30T17:17:02
11.90889	-60.83517	0	47	2021-10-30T17:22:02
11.91004	-60.83676	0	47	2021-10-30T17:27:01
11.91127	-60.83826	0	47	2021-10-30T17:32:00
11.91245	-60.83985	0	47	2021-10-30T17:37:00
11.91365	-60.84122	0	47	2021-10-30T17:42:00
11.91489	-60.84271	0	47	2021-10-30T17:47:01
11.91615	-60.84418	0	47	2021-10-30T17:51:58
11.91741	-60.84564	0	47	2021-10-30T17:56:56
11.91865	-60.84711	0	47	2021-10-30T18:01:57
11.91990	-60.84857	0	47	2021-10-30T18:06:54
11.92118	-60.85017	0	47	2021-10-30T18:11:52
11.92255	-60.85171	0	47	2021-10-30T18:16:52
11.92362	-60.85300	0	47	2021-10-30T18:21:53
11.92481	-60.85452	0	47	2021-10-30T18:26:53
11.92607	-60.85611	0	47	2021-10-30T18:31:55
11.92732	-60.85764	0	47	2021-10-30T18:36:52
11.92851	-60.85922	0	47	2021-10-30T18:41:55
11.92970	-60.86075	0	47	2021-10-30T18:46:56
11.93091	-60.86221	0	47	2021-10-30T18:51:54
11.93230	-60.86371	0	47	2021-10-30T18:56:51
11.93330	-60.86514	0	47	2021-10-30T19:01:49
11.93442	-60.86664	0	47	2021-10-30T19:06:53
11.93566	-60.86804	0	47	2021-10-30T19:11:52
11.93699	-60.86971	0	47	2021-10-30T19:16:51
11.93802	-60.87100	0	47	2021-10-30T19:21:51
11.93924	-60.87250	0	47	2021-10-30T19:26:52
11.94040	-60.87396	0	47	2021-10-30T19:31:52
11.94156	-60.87540	0	47	2021-10-30T19:36:54
11.94273	-60.87686	0	47	2021-10-30T19:41:48
11.94392	-60.87830	0	47	2021-10-30T19:46:51
11.94509	-60.87973	0	47	2021-10-30T19:51:52
11.94628	-60.88120	0	47	2021-10-30T19:56:52
11.94740	-60.88257	0	47	2021-10-30T20:01:51
11.94847	-60.88394	0	47	2021-10-30T20:06:51
11.94953	-60.88535	0	47	2021-10-30T20:11:52
11.95073	-60.88678	0	47	2021-10-30T20:17:25
11.95169	-60.88794	0	47	2021-10-30T20:21:51
11.95275	-60.88922	0	47	2021-10-30T20:26:51
11.95377	-60.89047	0	47	2021-10-30T20:31:52
11.95480	-60.89169	0	47	2021-10-30T20:36:53
11.95578	-60.89285	0	47	2021-10-30T20:41:52
11.95673	-60.89401	0	47	2021-10-30T20:46:54
11.95768	-60.89514	0	47	2021-10-30T20:51:51
11.95859	-60.89633	0	47	2021-10-30T20:56:53
11.95949	-60.89746	0	47	2021-10-30T21:01:50
11.96045	-60.89859	0	47	2021-10-30T21:06:50
11.96145	-60.89961	0	47	2021-10-30T21:11:52
11.96239	-60.90081	0	47	2021-10-30T21:16:52
11.96308	-60.90158	0	47	2021-10-30T21:21:53
11.96398	-60.90265	0	47	2021-10-30T21:26:50
11.96486	-60.90356	0	47	2021-10-30T21:31:51
11.96569	-60.90451	0	47	2021-10-30T21:36:50
11.96646	-60.90564	0	47	2021-10-30T21:41:52
11.96736	-60.90656	0	47	2021-10-30T21:46:50
11.96822	-60.90768	0	47	2021-10-30T21:51:50
11.96908	-60.90872	0	47	2021-10-30T21:56:48
11.97001	-60.90970	0	47	2021-10-30T22:01:49
11.97089	-60.91071	0	47	2021-10-30T22:06:49
11.97172	-60.91171	0	47	2021-10-30T22:11:50
11.97249	-60.91302	0	47	2021-10-30T22:17:25
11.97325	-60.91394	0	47	2021-10-30T22:21:50
11.97414	-60.91498	0	47	2021-10-30T22:26:49
11.97507	-60.91605	0	47	2021-10-30T22:31:50
11.97598	-60.91702	0	47	2021-10-30T22:36:51
11.97684	-60.91800	0	47	2021-10-30T22:41:48
11.97773	-60.91894	0	47	2021-10-30T22:46:48
11.97863	-60.91980	0	47	2021-10-30T22:51:49
11.97955	-60.92075	0	47	2021-10-30T22:56:50
11.98058	-60.92163	0	47	2021-10-30T23:01:51
11.98152	-60.92255	0	47	2021-10-30T23:06:50
11.98249	-60.92346	0	47	2021-10-30T23:11:52
11.98363	-60.92456	0	47	2021-10-30T23:17:31
11.98450	-60.92535	0	47	2021-10-30T23:21:50
11.98547	-60.92624	0	47	2021-10-30T23:26:52
11.98643	-60.92725	0	47	2021-10-30T23:31:52
11.98739	-60.92826	0	47	2021-10-30T23:36:52
11.98829	-60.92920	0	47	2021-10-30T23:41:52
11.98928	-60.93015	0	47	2021-10-30T23:46:50
11.99030	-60.93109	0	47	2021-10-30T23:51:55
11.99230	-60.93294	0	47	2021-10-31T00:01:49
11.99316	-60.93380	0	47	2021-10-31T00:06:50
11.99402	-60.93466	0	47	2021-10-31T00:11:50
11.99502	-60.93579	0	47	2021-10-31T00:17:27
11.99579	-60.93661	0	47	2021-10-31T00:21:49
11.99669	-60.93759	0	47	2021-10-31T00:26:50
11.99752	-60.93851	0	47	2021-10-31T00:31:51
11.99852	-60.93967	0	47	2021-10-31T00:36:47
11.99935	-60.94062	0	47	2021-10-31T00:41:51
12.00012	-60.94156	0	47	2021-10-31T00:46:50
12.00094	-60.94244	0	47	2021-10-31T00:51:51
12.00168	-60.94330	0	47	2021-10-31T00:56:51
12.00236	-60.94418	0	47	2021-10-31T01:01:52
12.00301	-60.94501	0	47	2021-10-31T01:06:56
12.00371	-60.94592	0	47	2021-10-31T01:11:52
12.00448	-60.94695	0	47	2021-10-31T01:16:51
12.00512	-60.94781	0	47	2021-10-31T01:21:51
12.00578	-60.94858	0	47	2021-10-31T01:26:53
12.00660	-60.94952	0	47	2021-10-31T01:31:50
12.00729	-60.95038	0	47	2021-10-31T01:36:54
12.00798	-60.95132	0	47	2021-10-31T01:41:51
12.00872	-60.95227	0	47	2021-10-31T01:46:52
12.00945	-60.95331	0	47	2021-10-31T01:51:53
12.01014	-60.95425	0	47	2021-10-31T01:56:53
12.01081	-60.95535	0	47	2021-10-31T02:01:51
12.01145	-60.95645	0	47	2021-10-31T02:06:51
12.01208	-60.95758	0	47	2021-10-31T02:11:53
12.01279	-60.95881	0	47	2021-10-31T02:16:53
12.01335	-60.95975	0	47	2021-10-31T02:21:54
12.01414	-60.96094	0	47	2021-10-31T02:26:52
12.01498	-60.96222	0	47	2021-10-31T02:31:56
12.01579	-60.96338	0	47	2021-10-31T02:36:53
12.01653	-60.96457	0	47	2021-10-31T02:41:53
12.01728	-60.96573	0	47	2021-10-31T02:46:55
12.01808	-60.96697	0	47	2021-10-31T02:51:56
12.01877	-60.96809	0	47	2021-10-31T02:56:56
12.01950	-60.96921	0	47	2021-10-31T03:01:57
12.02023	-60.97040	0	47	2021-10-31T03:06:55
12.02097	-60.97159	0	47	2021-10-31T03:11:56
12.02176	-60.97287	0	47	2021-10-31T03:17:26
12.02242	-60.97394	0	47	2021-10-31T03:21:54
12.02320	-60.97513	0	47	2021-10-31T03:26:56
12.02401	-60.97636	0	47	2021-10-31T03:31:55
12.02474	-60.97756	0	47	2021-10-31T03:36:55
12.02551	-60.97876	0	47	2021-10-31T03:41:56
12.02632	-60.97995	0	47	2021-10-31T03:46:58
12.02701	-60.98120	0	47	2021-10-31T03:52:01
12.02775	-60.98242	0	47	2021-10-31T03:56:59
12.02851	-60.98370	0	47	2021-10-31T04:01:56
12.02924	-60.98492	0	47	2021-10-31T04:06:57
12.02999	-60.98624	0	47	2021-10-31T04:11:58
12.03081	-60.98761	0	47	2021-10-31T04:17:28
12.03138	-60.98877	0	47	2021-10-31T04:21:55
12.03212	-60.99005	0	47	2021-10-31T04:26:56
12.03277	-60.99141	0	47	2021-10-31T04:31:57
12.03341	-60.99261	0	47	2021-10-31T04:36:58
12.03406	-60.99392	0	47	2021-10-31T04:41:59
12.03470	-60.99521	0	47	2021-10-31T04:47:00
12.03539	-60.99652	0	47	2021-10-31T04:51:59
12.03614	-60.99789	0	47	2021-10-31T04:57:04
12.03690	-60.99924	0	47	2021-10-31T05:02:02
12.03761	-61.00067	0	47	2021-10-31T05:07:02
12.03828	-61.00214	0	47	2021-10-31T05:12:27
12.03905	-61.00360	0	47	2021-10-31T05:17:27
12.03970	-61.00494	0	47	2021-10-31T05:22:05
12.04043	-61.00635	0	47	2021-10-31T05:27:03
12.04109	-61.00769	0	47	2021-10-31T05:32:03
12.04172	-61.00906	0	47	2021-10-31T05:37:08
12.04231	-61.01038	0	47	2021-10-31T05:42:05
12.04296	-61.01171	0	47	2021-10-31T05:47:06
12.04352	-61.01300	0	47	2021-10-31T05:52:07
12.04416	-61.01437	0	47	2021-10-31T05:57:07
12.04484	-61.01578	0	47	2021-10-31T06:02:05
12.04539	-61.01715	0	47	2021-10-31T06:07:06
12.04597	-61.01849	0	47	2021-10-31T06:12:05
12.04663	-61.01999	0	47	2021-10-31T06:17:24
12.04723	-61.02127	0	47	2021-10-31T06:22:08
12.04782	-61.02264	0	47	2021-10-31T06:27:04
12.04832	-61.02402	0	47	2021-10-31T06:32:07
12.04886	-61.02530	0	47	2021-10-31T06:37:06
12.04935	-61.02661	0	47	2021-10-31T06:42:07
12.04992	-61.02792	0	47	2021-10-31T06:47:05
12.05049	-61.02917	0	47	2021-10-31T06:52:03
12.05091	-61.03061	0	47	2021-10-31T06:57:03
12.05149	-61.03200	0	47	2021-10-31T07:02:04
12.05209	-61.03329	0	47	2021-10-31T07:07:04
12.05267	-61.03464	0	47	2021-10-31T07:12:01
12.05333	-61.03616	0	47	2021-10-31T07:17:29
12.05389	-61.03751	0	47	2021-10-31T07:22:00
12.05459	-61.03898	0	47	2021-10-31T07:27:01
12.05510	-61.04035	0	47	2021-10-31T07:32:01
12.05566	-61.04172	0	47	2021-10-31T07:37:02
12.05620	-61.04312	0	47	2021-10-31T07:42:03
12.05678	-61.04465	0	47	2021-10-31T07:47:03
12.05726	-61.04605	0	47	2021-10-31T07:52:04
12.05781	-61.04745	0	47	2021-10-31T07:57:01
12.05814	-61.04889	0	47	2021-10-31T08:02:15
12.05893	-61.05069	0	47	2021-10-31T08:07:03
12.05948	-61.05206	0	47	2021-10-31T08:12:00
12.06015	-61.05365	0	47	2021-10-31T08:17:28
12.06076	-61.05496	0	47	2021-10-31T08:22:03
12.06139	-61.05643	0	47	2021-10-31T08:27:05
12.06206	-61.05793	0	47	2021-10-31T08:32:08
12.06262	-61.05939	0	47	2021-10-31T08:37:08
12.06310	-61.06070	0	47	2021-10-31T08:42:02
12.06359	-61.06194	0	47	2021-10-31T08:47:05
12.06419	-61.06348	0	47	2021-10-31T08:52:04
12.06479	-61.06491	0	47	2021-10-31T08:57:00
12.06542	-61.06644	0	47	2021-10-31T09:02:02
12.06602	-61.06790	0	47	2021-10-31T09:07:02
12.06661	-61.06946	0	47	2021-10-31T09:12:05
12.06729	-61.07117	0	47	2021-10-31T09:17:27
12.06790	-61.07254	0	47	2021-10-31T09:22:03
12.06853	-61.07404	0	47	2021-10-31T09:27:01
12.06915	-61.07550	0	47	2021-10-31T09:32:01
12.06975	-61.07697	0	47	2021-10-31T09:37:03
12.07037	-61.07846	0	47	2021-10-31T09:42:04
12.07100	-61.07993	0	47	2021-10-31T09:47:01
12.07149	-61.08130	0	47	2021-10-31T09:52:05
12.07202	-61.08276	0	47	2021-10-31T09:57:02
12.07260	-61.08423	0	47	2021-10-31T10:02:03
12.07315	-61.08569	0	47	2021-10-31T10:07:01
12.07378	-61.08713	0	47	2021-10-31T10:12:05
12.07439	-61.08888	0	47	2021-10-31T10:17:03
12.07485	-61.09024	0	47	2021-10-31T10:22:03
12.07542	-61.09171	0	47	2021-10-31T10:27:04
12.07597	-61.09320	0	47	2021-10-31T10:32:05
12.07656	-61.09464	0	47	2021-10-31T10:37:06
12.07712	-61.09610	0	47	2021-10-31T10:42:07
12.07774	-61.09756	0	47	2021-10-31T10:47:07
12.07828	-61.09909	0	47	2021-10-31T10:52:08
12.07891	-61.10066	0	47	2021-10-31T10:57:02
12.07949	-61.10208	0	47	2021-10-31T11:02:02
12.08011	-61.10358	0	47	2021-10-31T11:07:03
12.08071	-61.10498	0	47	2021-10-31T11:12:00
12.08140	-61.10672	0	47	2021-10-31T11:17:55
12.08177	-61.10803	0	47	2021-10-31T11:22:02
12.08229	-61.10953	0	47	2021-10-31T11:27:05
12.08279	-61.11099	0	47	2021-10-31T11:32:07
12.08331	-61.11243	0	47	2021-10-31T11:37:07
12.08386	-61.11383	0	47	2021-10-31T11:42:09
12.08441	-61.11523	0	47	2021-10-31T11:47:07
12.08498	-61.11664	0	47	2021-10-31T11:52:07
12.08554	-61.11804	0	47	2021-10-31T11:57:08
12.08608	-61.11935	0	47	2021-10-31T12:02:08
12.08664	-61.12093	0	47	2021-10-31T12:07:10
12.08711	-61.12222	0	47	2021-10-31T12:12:10
12.08771	-61.12359	0	47	2021-10-31T12:17:11
12.08818	-61.12488	0	47	2021-10-31T12:22:11
12.08866	-61.12628	0	47	2021-10-31T12:27:09
12.08921	-61.12778	0	47	2021-10-31T12:32:10
12.09038	-61.13080	0	47	2021-10-31T12:42:14
12.09102	-61.13217	0	47	2021-10-31T12:47:13
12.09162	-61.13354	0	47	2021-10-31T12:52:14
12.09225	-61.13495	0	47	2021-10-31T12:57:15
12.09283	-61.13641	0	47	2021-10-31T13:02:14
12.09339	-61.13770	0	47	2021-10-31T13:07:13
12.09401	-61.13901	0	47	2021-10-31T13:12:12
12.09442	-61.14044	0	47	2021-10-31T13:17:40
12.09487	-61.14157	0	47	2021-10-31T13:22:14
12.09559	-61.14285	0	47	2021-10-31T13:27:11
12.09594	-61.14417	0	47	2021-10-31T13:32:13
12.09642	-61.14542	0	47	2021-10-31T13:37:10
12.09739	-61.14793	0	47	2021-10-31T13:47:11
12.09790	-61.14913	0	47	2021-10-31T13:52:12
12.09833	-61.15042	0	47	2021-10-31T13:57:12
12.09878	-61.15170	0	47	2021-10-31T14:02:10
12.09929	-61.15304	0	47	2021-10-31T14:07:11
12.09976	-61.15433	0	47	2021-10-31T14:12:11
12.10075	-61.15701	0	47	2021-10-31T14:22:14
12.10124	-61.15829	0	47	2021-10-31T14:27:10
12.10158	-61.15958	0	47	2021-10-31T14:32:11
12.10200	-61.16080	0	47	2021-10-31T14:37:12
12.10249	-61.16199	0	47	2021-10-31T14:42:10
12.10295	-61.16330	0	47	2021-10-31T14:47:13
12.10331	-61.16458	0	47	2021-10-31T14:52:14
12.10367	-61.16580	0	47	2021-10-31T14:57:12
12.10413	-61.16717	0	47	2021-10-31T15:02:13
12.10411	-61.16714	0	47	2021-10-31T15:02:29
12.10447	-61.16837	0	47	2021-10-31T15:07:14
12.10491	-61.16980	0	47	2021-10-31T15:12:14
12.10487	-61.16968	0	47	2021-10-31T15:12:15
12.10521	-61.17100	0	47	2021-10-31T15:17:14
12.10521	-61.17093	0	47	2021-10-31T15:17:38
12.10534	-61.17194	0	47	2021-10-31T15:22:13
12.10566	-61.17307	0	47	2021-10-31T15:27:16
12.10591	-61.17413	0	47	2021-10-31T15:32:15
12.10620	-61.17526	0	47	2021-10-31T15:37:18
12.10637	-61.17642	0	47	2021-10-31T15:42:16
12.10660	-61.17761	0	47	2021-10-31T15:47:16
12.10692	-61.17880	0	47	2021-10-31T15:52:20
12.10709	-61.17996	0	47	2021-10-31T15:57:17
12.10730	-61.18109	0	47	2021-10-31T16:02:18
12.10753	-61.18244	0	47	2021-10-31T16:07:16
12.10766	-61.18356	0	47	2021-10-31T16:12:16
12.10790	-61.18503	0	47	2021-10-31T16:17:55
12.10806	-61.18607	0	47	2021-10-31T16:22:21
12.10820	-61.18732	0	47	2021-10-31T16:27:20
12.10843	-61.18864	0	47	2021-10-31T16:32:23
12.10856	-61.18984	0	47	2021-10-31T16:37:22
12.10869	-61.19113	0	47	2021-10-31T16:42:22
12.10884	-61.19235	0	47	2021-10-31T16:47:24
12.10900	-61.19364	0	47	2021-10-31T16:52:31
12.10909	-61.19476	0	47	2021-10-31T16:57:31
12.10918	-61.19592	0	47	2021-10-31T17:02:25
12.10930	-61.19714	0	47	2021-10-31T17:07:27
12.10941	-61.19836	0	47	2021-10-31T17:12:27
12.10954	-61.19978	0	47	2021-10-31T17:17:28
12.10958	-61.20090	0	47	2021-10-31T17:22:29
12.10966	-61.20212	0	47	2021-10-31T17:27:32
12.10977	-61.20337	0	47	2021-10-31T17:32:31
12.10991	-61.20468	0	47	2021-10-31T17:37:34
12.11004	-61.20605	0	47	2021-10-31T17:42:35
12.11013	-61.20734	0	47	2021-10-31T17:47:34
12.11023	-61.20862	0	47	2021-10-31T17:52:33
12.11037	-61.20999	0	47	2021-10-31T17:57:34
12.11047	-61.21130	0	47	2021-10-31T18:02:31
12.11055	-61.21268	0	47	2021-10-31T18:07:29
12.11065	-61.21405	0	47	2021-10-31T18:12:30
12.11089	-61.21677	0	47	2021-10-31T18:22:31
12.11102	-61.21814	0	47	2021-10-31T18:27:31
12.11106	-61.21951	0	47	2021-10-31T18:32:30
12.11113	-61.22095	0	47	2021-10-31T18:37:33
12.11125	-61.22229	0	47	2021-10-31T18:42:31
12.11132	-61.22379	0	47	2021-10-31T18:47:35
12.11138	-61.22516	0	47	2021-10-31T18:52:33
12.11145	-61.22635	0	47	2021-10-31T18:57:34
12.11147	-61.22784	0	47	2021-10-31T19:02:35
12.11156	-61.22913	0	47	2021-10-31T19:07:35
12.11160	-61.23068	0	47	2021-10-31T19:12:33
12.11163	-61.23236	0	47	2021-10-31T19:17:56
12.11161	-61.23389	0	47	2021-10-31T19:22:34
12.11162	-61.23547	0	47	2021-10-31T19:27:36
12.11154	-61.23727	0	47	2021-10-31T19:32:36
12.11148	-61.23877	0	47	2021-10-31T19:37:39
12.11145	-61.24030	0	47	2021-10-31T19:42:37
12.11147	-61.24183	0	47	2021-10-31T19:47:39
12.11147	-61.24329	0	47	2021-10-31T19:52:39
12.11145	-61.24478	0	47	2021-10-31T19:57:41
12.11139	-61.24643	0	47	2021-10-31T20:02:44
12.11138	-61.24795	0	47	2021-10-31T20:08:08
12.11138	-61.24898	0	47	2021-10-31T20:13:08
12.11147	-61.25061	0	47	2021-10-31T20:18:07
12.11132	-61.25195	0	47	2021-10-31T20:22:45
12.11125	-61.25351	0	47	2021-10-31T20:27:45
12.11122	-61.25505	0	47	2021-10-31T20:32:45
12.11135	-61.25677	0	47	2021-10-31T20:37:44
12.11134	-61.25836	0	47	2021-10-31T20:42:44
12.11134	-61.25992	0	47	2021-10-31T20:47:45
12.11139	-61.26138	0	47	2021-10-31T20:52:44
12.11142	-61.26285	0	47	2021-10-31T20:57:45
12.11146	-61.26437	0	47	2021-10-31T21:02:43
12.11141	-61.26595	0	47	2021-10-31T21:08:08
12.11145	-61.26741	0	47	2021-10-31T21:13:08
12.11162	-61.26904	0	47	2021-10-31T21:18:08
12.11164	-61.27048	0	47	2021-10-31T21:22:46
12.11162	-61.27200	0	47	2021-10-31T21:27:47
12.11163	-61.27359	0	47	2021-10-31T21:32:45
12.11163	-61.27505	0	47	2021-10-31T21:37:45
12.11163	-61.27649	0	47	2021-10-31T21:42:45
12.11160	-61.27795	0	47	2021-10-31T21:47:46
12.11157	-61.27956	0	47	2021-10-31T21:52:41
12.11157	-61.28110	0	47	2021-10-31T21:57:41
12.11160	-61.28271	0	47	2021-10-31T22:02:46
12.11157	-61.28433	0	47	2021-10-31T22:07:43
12.11158	-61.28600	0	47	2021-10-31T22:12:55
12.11162	-61.28772	0	47	2021-10-31T22:17:56
12.11170	-61.28928	0	47	2021-10-31T22:22:38
12.11184	-61.29080	0	47	2021-10-31T22:27:35
12.11197	-61.29236	0	47	2021-10-31T22:32:35
12.11202	-61.29391	0	47	2021-10-31T22:37:37
12.11213	-61.29550	0	47	2021-10-31T22:42:34
12.11226	-61.29709	0	47	2021-10-31T22:47:34
12.11265	-61.29860	0	47	2021-10-31T22:52:36
12.11282	-61.30023	0	47	2021-10-31T22:57:36
12.11307	-61.30185	0	47	2021-10-31T23:02:33
12.11316	-61.30331	0	47	2021-10-31T23:07:34
12.11326	-61.30478	0	47	2021-10-31T23:12:35
12.11342	-61.30645	0	47	2021-10-31T23:17:38
12.11351	-61.30774	0	47	2021-10-31T23:22:37
12.11370	-61.30927	0	47	2021-10-31T23:27:33
12.11383	-61.31073	0	47	2021-10-31T23:32:33
12.11400	-61.31219	0	47	2021-10-31T23:37:32
12.11424	-61.31378	0	47	2021-10-31T23:42:44
12.11445	-61.31534	0	47	2021-10-31T23:47:37
12.11472	-61.31689	0	47	2021-10-31T23:52:35
12.11500	-61.31845	0	47	2021-10-31T23:57:42
12.11537	-61.31990	0	47	2021-11-01T00:02:40
12.11563	-61.32153	0	47	2021-11-01T00:07:40
12.11598	-61.32321	0	47	2021-11-01T00:12:38
12.11634	-61.32501	0	47	2021-11-01T00:17:56
12.11677	-61.32657	0	47	2021-11-01T00:22:44
12.11720	-61.32846	0	47	2021-11-01T00:27:44
12.11764	-61.33023	0	47	2021-11-01T00:32:41
12.11800	-61.33188	0	47	2021-11-01T00:37:40
12.11835	-61.33356	0	47	2021-11-01T00:42:45
12.11865	-61.33519	0	47	2021-11-01T00:47:44
12.11899	-61.33691	0	47	2021-11-01T00:52:44
12.11943	-61.33875	0	47	2021-11-01T00:57:42
12.11986	-61.34052	0	47	2021-11-01T01:02:45
12.12018	-61.34216	0	47	2021-11-01T01:07:39
12.12059	-61.34396	0	47	2021-11-01T01:12:39
12.12087	-61.34584	0	47	2021-11-01T01:17:40
12.12117	-61.34747	0	47	2021-11-01T01:22:40
12.12160	-61.34927	0	47	2021-11-01T01:27:39
12.12207	-61.35117	0	47	2021-11-01T01:32:39
12.12247	-61.35300	0	47	2021-11-01T01:37:40
12.12293	-61.35498	0	47	2021-11-01T01:42:41
12.12337	-61.35685	0	47	2021-11-01T01:47:39
12.12376	-61.35857	0	47	2021-11-01T01:52:39
12.12402	-61.36020	0	47	2021-11-01T01:57:40
12.12427	-61.36188	0	47	2021-11-01T02:02:37
12.12449	-61.36346	0	47	2021-11-01T02:07:40
12.12469	-61.36499	0	47	2021-11-01T02:12:41
12.12490	-61.36609	0	47	2021-11-01T02:17:58
12.12513	-61.36746	0	47	2021-11-01T02:22:41
12.12535	-61.36896	0	47	2021-11-01T02:27:38
12.12555	-61.37048	0	47	2021-11-01T02:32:39
12.12568	-61.37198	0	47	2021-11-01T02:37:38
12.12585	-61.37347	0	47	2021-11-01T02:42:39
12.12602	-61.37494	0	47	2021-11-01T02:47:37
12.12615	-61.37637	0	47	2021-11-01T02:52:38
12.12633	-61.37793	0	47	2021-11-01T02:57:38
12.12655	-61.37952	0	47	2021-11-01T03:02:39
12.12672	-61.38116	0	47	2021-11-01T03:07:41
12.12695	-61.38275	0	47	2021-11-01T03:12:41
12.12718	-61.38461	0	47	2021-11-01T03:18:09
12.12746	-61.38614	0	47	2021-11-01T03:22:42
12.12768	-61.38776	0	47	2021-11-01T03:27:44
12.12793	-61.38956	0	47	2021-11-01T03:32:41
12.12802	-61.39119	0	47	2021-11-01T03:37:42
12.12815	-61.39273	0	47	2021-11-01T03:42:42
12.12834	-61.39435	0	47	2021-11-01T03:47:43
12.12849	-61.39590	0	47	2021-11-01T03:52:41
12.12871	-61.39749	0	47	2021-11-01T03:57:42
12.12881	-61.39911	0	47	2021-11-01T04:02:42
12.12885	-61.40067	0	47	2021-11-01T04:07:43
12.12895	-61.40219	0	47	2021-11-01T04:12:44
12.12897	-61.40384	0	47	2021-11-01T04:18:09
12.12892	-61.40518	0	47	2021-11-01T04:22:42
12.12892	-61.40668	0	47	2021-11-01T04:27:43
12.12914	-61.40973	0	47	2021-11-01T04:37:39
12.12912	-61.41122	0	47	2021-11-01T04:42:38
12.12918	-61.41281	0	47	2021-11-01T04:47:38
12.12920	-61.41434	0	47	2021-11-01T04:52:36
12.12920	-61.41595	0	47	2021-11-01T04:57:37
12.12915	-61.41760	0	47	2021-11-01T05:02:37
12.12912	-61.41925	0	47	2021-11-01T05:07:37
12.12910	-61.42096	0	47	2021-11-01T05:12:35
12.12914	-61.42270	0	47	2021-11-01T05:17:55
12.12910	-61.42422	0	47	2021-11-01T05:22:41
12.12911	-61.42590	0	47	2021-11-01T05:27:38
12.12916	-61.42767	0	47	2021-11-01T05:32:41
12.12920	-61.42938	0	47	2021-11-01T05:37:39
12.12924	-61.43109	0	47	2021-11-01T05:42:44
12.12931	-61.43290	0	47	2021-11-01T05:47:38
12.12940	-61.43453	0	47	2021-11-01T05:52:38
12.12949	-61.43616	0	47	2021-11-01T05:57:39
12.12949	-61.43781	0	47	2021-11-01T06:02:40
12.12956	-61.43942	0	47	2021-11-01T06:07:39
12.12957	-61.44098	0	47	2021-11-01T06:12:40
12.12953	-61.44419	0	47	2021-11-01T06:22:39
12.12949	-61.44582	0	47	2021-11-01T06:27:39
12.12945	-61.44736	0	47	2021-11-01T06:32:38
12.12944	-61.44901	0	47	2021-11-01T06:37:37
12.12944	-61.45056	0	47	2021-11-01T06:42:35
12.12946	-61.45215	0	47	2021-11-01T06:47:35
12.12950	-61.45377	0	47	2021-11-01T06:52:37
12.12952	-61.45538	0	47	2021-11-01T06:57:38
12.12964	-61.45691	0	47	2021-11-01T07:02:38
12.12981	-61.45850	0	47	2021-11-01T07:07:46
12.12998	-61.45996	0	47	2021-11-01T07:12:45
12.13015	-61.46164	0	47	2021-11-01T07:17:57
12.13028	-61.46313	0	47	2021-11-01T07:22:42
12.13048	-61.46463	0	47	2021-11-01T07:27:41
12.13070	-61.46616	0	47	2021-11-01T07:32:39
12.13093	-61.46768	0	47	2021-11-01T07:37:41
12.13130	-61.46924	0	47	2021-11-01T07:42:41
12.13160	-61.47090	0	47	2021-11-01T07:47:38
12.13190	-61.47244	0	47	2021-11-01T07:52:39
12.13251	-61.47495	0	47	2021-11-01T07:57:43
12.13295	-61.47662	0	47	2021-11-01T08:02:45
12.13336	-61.47815	0	47	2021-11-01T08:07:42
12.13386	-61.47984	0	47	2021-11-01T08:12:41
12.13383	-61.47986	0	47	2021-11-01T08:18:10
12.13425	-61.48096	0	47	2021-11-01T08:22:41
12.13459	-61.48209	0	47	2021-11-01T08:27:40
12.13498	-61.48333	0	47	2021-11-01T08:32:43
12.13545	-61.48453	0	47	2021-11-01T08:37:43
12.13603	-61.48577	0	47	2021-11-01T08:42:43
12.13646	-61.48706	0	47	2021-11-01T08:47:42
12.13705	-61.48840	0	47	2021-11-01T08:52:45
12.13756	-61.48969	0	47	2021-11-01T08:57:46
12.13811	-61.49091	0	47	2021-11-01T09:02:43
12.13868	-61.49219	0	47	2021-11-01T09:07:43
12.13928	-61.49349	0	47	2021-11-01T09:12:44
12.13988	-61.49503	0	47	2021-11-01T09:17:43
12.14031	-61.49615	0	47	2021-11-01T09:22:43
12.14083	-61.49722	0	47	2021-11-01T09:27:41
12.14129	-61.49835	0	47	2021-11-01T09:32:40
12.14177	-61.49939	0	47	2021-11-01T09:37:41
12.14230	-61.50049	0	47	2021-11-01T09:42:39
12.14277	-61.50156	0	47	2021-11-01T09:47:40
12.14323	-61.50262	0	47	2021-11-01T09:52:37
12.14366	-61.50369	0	47	2021-11-01T09:57:37
12.14396	-61.50479	0	47	2021-11-01T10:02:38
12.14432	-61.50580	0	47	2021-11-01T10:07:40
12.14472	-61.50677	0	47	2021-11-01T10:12:40
12.14519	-61.50778	0	47	2021-11-01T10:18:05
12.14561	-61.50858	0	47	2021-11-01T10:22:42
12.14602	-61.50946	0	47	2021-11-01T10:27:39
12.14639	-61.51028	0	47	2021-11-01T10:32:43
12.14682	-61.51111	0	47	2021-11-01T10:37:41
12.14717	-61.51205	0	47	2021-11-01T10:42:41
12.14751	-61.51282	0	47	2021-11-01T10:47:42
12.14779	-61.51352	0	47	2021-11-01T10:52:42
12.14807	-61.51428	0	47	2021-11-01T10:57:41
12.14837	-61.51510	0	47	2021-11-01T11:02:48
12.14858	-61.51579	0	47	2021-11-01T11:07:48
12.14884	-61.51639	0	47	2021-11-01T11:12:47
12.14903	-61.51730	0	47	2021-11-01T11:18:28
12.14918	-61.51791	0	47	2021-11-01T11:22:52
12.14941	-61.51860	0	47	2021-11-01T11:27:50
12.14958	-61.51929	0	47	2021-11-01T11:32:50
12.14959	-61.51999	0	47	2021-11-01T11:37:51
12.14961	-61.52069	0	47	2021-11-01T11:42:52
12.14961	-61.52140	0	47	2021-11-01T11:47:49
12.14961	-61.52209	0	47	2021-11-01T11:52:49
12.14938	-61.52396	0	47	2021-11-01T12:07:59
12.14924	-61.52455	0	47	2021-11-01T12:13:26
12.14907	-61.52515	0	47	2021-11-01T12:18:25
12.14890	-61.52573	0	47	2021-11-01T12:22:47
12.14880	-61.52634	0	47	2021-11-01T12:27:49
12.14872	-61.52707	0	47	2021-11-01T12:32:49
12.14872	-61.52789	0	47	2021-11-01T12:37:45
12.14872	-61.52858	0	47	2021-11-01T12:42:46
12.14868	-61.52927	0	47	2021-11-01T12:47:46
12.14861	-61.53000	0	47	2021-11-01T12:52:44
12.14865	-61.53076	0	47	2021-11-01T12:57:44
12.14845	-61.53149	0	47	2021-11-01T13:02:42
12.14823	-61.53223	0	47	2021-11-01T13:07:44
12.14791	-61.53293	0	47	2021-11-01T13:12:48
12.14769	-61.53391	0	47	2021-11-01T13:18:24
12.14729	-61.53445	0	47	2021-11-01T13:22:53
12.14673	-61.53510	0	47	2021-11-01T13:27:53
12.14631	-61.53589	0	47	2021-11-01T13:32:52
12.14592	-61.53668	0	47	2021-11-01T13:37:51
12.14553	-61.53763	0	47	2021-11-01T13:42:49
12.14510	-61.53832	0	47	2021-11-01T13:47:49
12.14471	-61.53909	0	47	2021-11-01T13:52:49
12.14429	-61.53989	0	47	2021-11-01T13:57:49
12.14393	-61.54065	0	47	2021-11-01T14:02:47
12.14353	-61.54150	0	47	2021-11-01T14:07:48
12.14314	-61.54239	0	47	2021-11-01T14:12:46
12.14267	-61.54349	0	47	2021-11-01T14:18:26
12.14228	-61.54435	0	47	2021-11-01T14:22:45
12.14164	-61.54529	0	47	2021-11-01T14:27:45
12.14095	-61.54623	0	47	2021-11-01T14:32:46
12.14034	-61.54718	0	47	2021-11-01T14:37:50
12.13988	-61.54813	0	47	2021-11-01T14:42:48
12.13952	-61.54904	0	47	2021-11-01T14:47:47
12.13930	-61.54999	0	47	2021-11-01T14:52:45
12.13908	-61.55087	0	47	2021-11-01T14:57:49
12.13873	-61.55182	0	47	2021-11-01T15:02:44
12.13838	-61.55273	0	47	2021-11-01T15:07:47
12.13800	-61.55362	0	47	2021-11-01T15:12:46
12.13750	-61.55481	0	47	2021-11-01T15:18:25
12.13698	-61.55563	0	47	2021-11-01T15:22:49
12.13637	-61.55673	0	47	2021-11-01T15:27:51
12.13565	-61.55778	0	47	2021-11-01T15:32:52
12.13509	-61.55872	0	47	2021-11-01T15:37:53
12.13444	-61.55976	0	47	2021-11-01T15:42:54
12.13384	-61.56070	0	47	2021-11-01T15:47:54
12.13325	-61.56165	0	47	2021-11-01T15:52:52
12.13265	-61.56262	0	47	2021-11-01T15:57:53
12.13203	-61.56351	0	47	2021-11-01T16:02:56
12.13137	-61.56439	0	47	2021-11-01T16:07:55
12.13079	-61.56531	0	47	2021-11-01T16:12:56
12.13032	-61.56634	0	47	2021-11-01T16:17:56
12.12989	-61.56720	0	47	2021-11-01T16:22:57
12.12940	-61.56799	0	47	2021-11-01T16:27:59
12.12896	-61.56888	0	47	2021-11-01T16:33:03
12.12847	-61.56975	0	47	2021-11-01T16:38:04
12.12803	-61.57059	0	47	2021-11-01T16:43:07
12.12757	-61.57147	0	47	2021-11-01T16:48:04
12.12711	-61.57230	0	47	2021-11-01T16:53:05
12.12665	-61.57312	0	47	2021-11-01T16:58:03
12.12620	-61.57388	0	47	2021-11-01T17:03:00
12.12573	-61.57458	0	47	2021-11-01T17:08:01
12.12534	-61.57523	0	47	2021-11-01T17:13:02
12.12496	-61.57581	0	47	2021-11-01T17:18:26
12.12457	-61.57632	0	47	2021-11-01T17:22:57
12.12422	-61.57693	0	47	2021-11-01T17:27:57
12.12386	-61.57751	0	47	2021-11-01T17:32:56
12.12354	-61.57816	0	47	2021-11-01T17:37:57
12.12322	-61.57877	0	47	2021-11-01T17:42:58
12.12292	-61.57935	0	47	2021-11-01T17:47:56
12.12267	-61.57999	0	47	2021-11-01T17:52:53
12.12231	-61.58063	0	47	2021-11-01T17:57:54
12.12193	-61.58115	0	47	2021-11-01T18:02:55
12.12152	-61.58163	0	47	2021-11-01T18:07:56
12.12116	-61.58212	0	47	2021-11-01T18:12:56
12.12086	-61.58270	0	47	2021-11-01T18:18:01
12.12065	-61.58313	0	47	2021-11-01T18:23:01
12.12037	-61.58374	0	47	2021-11-01T18:28:00
12.12009	-61.58432	0	47	2021-11-01T18:33:01
12.11977	-61.58481	0	47	2021-11-01T18:38:01
12.11951	-61.58527	0	47	2021-11-01T18:43:03
12.11912	-61.58615	0	47	2021-11-01T18:53:07
12.11909	-61.58618	0	47	2021-11-01T18:58:04
12.11933	-61.58606	0	47	2021-11-01T19:03:06
12.11886	-61.58716	0	47	2021-11-01T19:08:06
12.11870	-61.58740	0	47	2021-11-01T19:13:07
12.11848	-61.58835	0	47	2021-11-01T19:18:26
12.11818	-61.58911	0	47	2021-11-01T19:23:09
12.11805	-61.58966	0	47	2021-11-01T19:28:09
12.11797	-61.59021	0	47	2021-11-01T19:33:07
12.11784	-61.59070	0	47	2021-11-01T19:38:12
12.11773	-61.59119	0	47	2021-11-01T19:43:12
12.11757	-61.59171	0	47	2021-11-01T19:48:12
12.11738	-61.59222	0	47	2021-11-01T19:53:10
12.11726	-61.59258	0	47	2021-11-01T19:58:12
12.11713	-61.59335	0	47	2021-11-01T20:03:12
12.11692	-61.59311	0	47	2021-11-01T20:08:13
12.11679	-61.59357	0	47	2021-11-01T20:13:12
12.11691	-61.59399	0	47	2021-11-01T20:18:33
12.11683	-61.59457	0	47	2021-11-01T20:23:08
12.11677	-61.59521	0	47	2021-11-01T20:28:07
12.11701	-61.59631	0	47	2021-11-01T20:33:05
12.11705	-61.59709	0	47	2021-11-01T20:38:07
12.11705	-61.59778	0	47	2021-11-01T20:43:07
12.11705	-61.59851	0	47	2021-11-01T20:48:05
12.11708	-61.59921	0	47	2021-11-01T20:53:04
12.11714	-61.59985	0	47	2021-11-01T20:58:05
12.11719	-61.60043	0	47	2021-11-01T21:03:03
12.11720	-61.60089	0	47	2021-11-01T21:08:04
12.11724	-61.60151	0	47	2021-11-01T21:13:01
12.11724	-61.60185	0	47	2021-11-01T21:18:02
12.11733	-61.60211	0	47	2021-11-01T21:23:02
12.11732	-61.60257	0	47	2021-11-01T21:28:03
12.11776	-61.60303	0	47	2021-11-01T21:33:04
12.11748	-61.60341	0	47	2021-11-01T21:38:04
12.11757	-61.60367	0	47	2021-11-01T21:43:03
12.11761	-61.60400	0	47	2021-11-01T21:48:02
12.11773	-61.60425	0	47	2021-11-01T21:53:00
12.11779	-61.60449	0	47	2021-11-01T21:58:01
12.11776	-61.60474	0	47	2021-11-01T22:02:58
12.11776	-61.60489	0	47	2021-11-01T22:07:59
12.11772	-61.60516	0	47	2021-11-01T22:12:58
12.11763	-61.60538	0	47	2021-11-01T22:18:35
12.11752	-61.60565	0	47	2021-11-01T22:23:01
12.11740	-61.60579	0	47	2021-11-01T22:27:59
12.11723	-61.60605	0	47	2021-11-01T22:32:59
12.11717	-61.60657	0	47	2021-11-01T22:37:59
12.11697	-61.60690	0	47	2021-11-01T22:43:01
12.11656	-61.60742	0	47	2021-11-01T22:49:23
12.11646	-61.60767	0	47	2021-11-01T22:53:02
12.11636	-61.60800	0	47	2021-11-01T22:58:02
12.11622	-61.60831	0	47	2021-11-01T23:03:00
12.11622	-61.60864	0	47	2021-11-01T23:08:02
12.11622	-61.60898	0	47	2021-11-01T23:13:02
12.11614	-61.60938	0	47	2021-11-01T23:18:30
12.11603	-61.60969	0	47	2021-11-01T23:22:59
12.11594	-61.60995	0	47	2021-11-01T23:27:59
12.11590	-61.61029	0	47	2021-11-01T23:32:58
12.11559	-61.61096	0	47	2021-11-01T23:42:58
12.11542	-61.61145	0	47	2021-11-01T23:47:57
12.11521	-61.61179	0	47	2021-11-01T23:52:57
12.11500	-61.61227	0	47	2021-11-01T23:57:54
12.11479	-61.61244	0	47	2021-11-02T00:02:55
12.11458	-61.61270	0	47	2021-11-02T00:07:55
12.11437	-61.61314	0	47	2021-11-02T00:13:27
12.11424	-61.61383	0	47	2021-11-02T00:18:27
12.11422	-61.61441	0	47	2021-11-02T00:22:55
12.11391	-61.61487	0	47	2021-11-02T00:27:52
12.11362	-61.61523	0	47	2021-11-02T00:32:52
12.11329	-61.61566	0	47	2021-11-02T00:38:01
12.11306	-61.61609	0	47	2021-11-02T00:42:54
12.11284	-61.61651	0	47	2021-11-02T00:47:50
12.11267	-61.61685	0	47	2021-11-02T00:52:49
12.11249	-61.61728	0	47	2021-11-02T00:57:50
12.11233	-61.61774	0	47	2021-11-02T01:02:51
12.11218	-61.61813	0	47	2021-11-02T01:07:58
12.11204	-61.61847	0	47	2021-11-02T01:12:51
12.11179	-61.61880	0	47	2021-11-02T01:18:27
12.11168	-61.61917	0	47	2021-11-02T01:22:45
12.11157	-61.61960	0	47	2021-11-02T01:27:46
12.11148	-61.61996	0	47	2021-11-02T01:32:43
12.11136	-61.62027	0	47	2021-11-02T01:37:44
12.11114	-61.62063	0	47	2021-11-02T01:42:41
12.11110	-61.62089	0	47	2021-11-02T01:47:41
12.11106	-61.62115	0	47	2021-11-02T01:52:40
12.11098	-61.62146	0	47	2021-11-02T01:57:41
12.11087	-61.62183	0	47	2021-11-02T02:02:41
12.11058	-61.62238	0	47	2021-11-02T02:07:42
12.11031	-61.62277	0	47	2021-11-02T02:12:41
12.11016	-61.62308	0	47	2021-11-02T02:18:06
12.11010	-61.62326	0	47	2021-11-02T02:22:44
12.11001	-61.62347	0	47	2021-11-02T02:27:40
12.10992	-61.62347	0	47	2021-11-02T02:32:39
12.10986	-61.62350	0	47	2021-11-02T02:37:42
12.10983	-61.62344	0	47	2021-11-02T02:42:40
12.10977	-61.62329	0	47	2021-11-02T02:47:41
12.10970	-61.62323	0	47	2021-11-02T02:52:40
12.10964	-61.62314	0	47	2021-11-02T02:57:42
12.10956	-61.62302	0	47	2021-11-02T03:02:40
12.10950	-61.62292	0	47	2021-11-02T03:07:39
12.10942	-61.62280	0	47	2021-11-02T03:12:42
12.10929	-61.62268	0	47	2021-11-02T03:18:05
12.10919	-61.62265	0	47	2021-11-02T03:22:40
12.10908	-61.62256	0	47	2021-11-02T03:27:41
12.10896	-61.62244	0	47	2021-11-02T03:32:41
12.10886	-61.62228	0	47	2021-11-02T03:37:42
12.10875	-61.62210	0	47	2021-11-02T03:42:39
12.10865	-61.62198	0	47	2021-11-02T03:47:42
12.10854	-61.62192	0	47	2021-11-02T03:52:40
12.10845	-61.62186	0	47	2021-11-02T03:57:41
12.10833	-61.62183	0	47	2021-11-02T04:02:41
12.10820	-61.62183	0	47	2021-11-02T04:07:40
12.10803	-61.62180	0	47	2021-11-02T04:12:58
12.10786	-61.62180	0	47	2021-11-02T04:17:57
12.10766	-61.62177	0	47	2021-11-02T04:22:38
12.10745	-61.62173	0	47	2021-11-02T04:27:39
12.10722	-61.62161	0	47	2021-11-02T04:32:38
12.10704	-61.62146	0	47	2021-11-02T04:37:41
12.10687	-61.62125	0	47	2021-11-02T04:42:41
12.10670	-61.62125	0	47	2021-11-02T04:47:42
12.10660	-61.62137	0	47	2021-11-02T04:52:42
12.10649	-61.62158	0	47	2021-11-02T04:57:44
12.10641	-61.62186	0	47	2021-11-02T05:02:44
12.10639	-61.62210	0	47	2021-11-02T05:07:45
12.10643	-61.62238	0	47	2021-11-02T05:12:43
12.10651	-61.62289	0	47	2021-11-02T05:18:07
12.10649	-61.62323	0	47	2021-11-02T05:22:43
12.10642	-61.62357	0	47	2021-11-02T05:27:44
12.10629	-61.62381	0	47	2021-11-02T05:32:42
12.10614	-61.62399	0	47	2021-11-02T05:37:43
12.10595	-61.62424	0	47	2021-11-02T05:42:44
12.10576	-61.62442	0	47	2021-11-02T05:47:41
12.10561	-61.62460	0	47	2021-11-02T05:52:41
12.10553	-61.62482	0	47	2021-11-02T05:57:39
12.10544	-61.62506	0	47	2021-11-02T06:02:40
12.10536	-61.62531	0	47	2021-11-02T06:07:40
12.10527	-61.62552	0	47	2021-11-02T06:12:42
12.10520	-61.62570	0	47	2021-11-02T06:18:06
12.10521	-61.62589	0	47	2021-11-02T06:22:44
12.10517	-61.62598	0	47	2021-11-02T06:27:44
12.10509	-61.62617	0	47	2021-11-02T06:32:48
12.10505	-61.62634	0	47	2021-11-02T06:37:48
12.10512	-61.62656	0	47	2021-11-02T06:42:47
12.10506	-61.62668	0	47	2021-11-02T06:47:52
12.10507	-61.62674	0	47	2021-11-02T06:56:40
12.10498	-61.62668	0	47	2021-11-02T07:01:40
12.10489	-61.62674	0	47	2021-11-02T07:06:41
12.10495	-61.62674	0	47	2021-11-02T07:11:43
12.10479	-61.62668	0	47	2021-11-02T07:17:59
12.10483	-61.62668	0	47	2021-11-02T07:22:58
12.10479	-61.62671	0	47	2021-11-02T07:28:06
12.10481	-61.62674	0	47	2021-11-02T07:43:08
12.10480	-61.62671	0	47	2021-11-02T07:48:05
12.10481	-61.62677	0	47	2021-11-02T07:58:03
12.10481	-61.62668	0	47	2021-11-02T08:03:04
12.10479	-61.62677	0	47	2021-11-02T08:08:05
12.10476	-61.62674	0	47	2021-11-02T08:13:28
12.10476	-61.62665	0	47	2021-11-02T08:18:28
12.10480	-61.62671	0	47	2021-11-02T08:23:03
12.10477	-61.62668	0	47	2021-11-02T08:28:01
12.10481	-61.62662	0	47	2021-11-02T08:43:00
12.10483	-61.62662	0	47	2021-11-02T08:47:59
12.10491	-61.62668	0	47	2021-11-02T08:53:00
12.10491	-61.62659	0	47	2021-11-02T08:57:59
12.10489	-61.62662	0	47	2021-11-02T09:03:03
12.10476	-61.62668	0	47	2021-11-02T09:23:05
12.10485	-61.62668	0	47	2021-11-02T09:28:04
12.10476	-61.62671	0	47	2021-11-02T09:33:04
12.10470	-61.62668	0	47	2021-11-02T09:38:05
12.10482	-61.62668	0	47	2021-11-02T09:48:06
12.10478	-61.62668	0	47	2021-11-02T10:03:10
12.10482	-61.62668	0	47	2021-11-02T10:13:11
12.10481	-61.62665	0	47	2021-11-02T10:18:27
12.10479	-61.62671	0	47	2021-11-02T10:23:12
12.10483	-61.62671	0	47	2021-11-02T10:33:13
12.10480	-61.62671	0	47	2021-11-02T10:38:11
12.10482	-61.62671	0	47	2021-11-02T10:53:14
12.10500	-61.62646	0	47	2021-11-02T10:58:15
12.10486	-61.62671	0	47	2021-11-02T11:03:16
12.10486	-61.62680	0	47	2021-11-02T11:08:16
12.10479	-61.62668	0	47	2021-11-02T11:13:13
12.10491	-61.62677	0	47	2021-11-02T11:19:00
12.10492	-61.62677	0	47	2021-11-02T11:23:27
12.10492	-61.62668	0	47	2021-11-02T11:28:27
12.10488	-61.62668	0	47	2021-11-02T11:33:27
12.10473	-61.62677	0	47	2021-11-02T11:38:17
12.10474	-61.62677	0	47	2021-11-02T11:43:29
12.10474	-61.62668	0	47	2021-11-02T11:48:15
12.10474	-61.62677	0	47	2021-11-02T11:53:28
12.10478	-61.62674	0	47	2021-11-02T12:08:19
12.10482	-61.62674	0	47	2021-11-02T12:13:19
12.10488	-61.62668	0	47	2021-11-02T12:28:15
12.10475	-61.62671	0	47	2021-11-02T12:33:16
12.10479	-61.62671	0	47	2021-11-02T12:38:16
12.10483	-61.62671	0	47	2021-11-02T12:43:16
12.10470	-61.62677	0	47	2021-11-02T12:48:14
12.10479	-61.62662	0	47	2021-11-02T12:53:15
12.10479	-61.62671	0	47	2021-11-02T13:03:16
12.10483	-61.62671	0	47	2021-11-02T13:28:17
12.10479	-61.62671	0	47	2021-11-02T13:33:19
12.10484	-61.62677	0	47	2021-11-02T13:38:16
12.10480	-61.62677	0	47	2021-11-02T13:43:16
12.10483	-61.62674	0	47	2021-11-02T13:48:21
12.10478	-61.62677	0	47	2021-11-02T13:53:32
12.10482	-61.62677	0	47	2021-11-02T13:58:31
12.10478	-61.62677	0	47	2021-11-02T14:03:31
12.10485	-61.62668	0	47	2021-11-02T14:08:17
12.10486	-61.62665	0	47	2021-11-02T14:13:16
12.10490	-61.62665	0	47	2021-11-02T14:18:15
12.10499	-61.62665	0	47	2021-11-02T14:23:15
12.10486	-61.62680	0	47	2021-11-02T14:33:20
12.10490	-61.62680	0	47	2021-11-02T14:38:20
12.10486	-61.62680	0	47	2021-11-02T14:43:19
12.10493	-61.62674	0	47	2021-11-02T15:09:29
12.10485	-61.62668	0	47	2021-11-02T15:14:21
12.10484	-61.62674	0	47	2021-11-02T15:19:30
12.10480	-61.62674	0	47	2021-11-02T15:38:21
12.10477	-61.62674	0	47	2021-11-02T15:43:21
12.10497	-61.62668	0	47	2021-11-02T15:53:27
12.10513	-61.62698	0	47	2021-11-02T16:03:48
12.10492	-61.62698	0	47	2021-11-02T16:13:48
12.10499	-61.62701	0	47	2021-11-02T16:19:13
12.10506	-61.62698	0	47	2021-11-02T16:23:20
12.10506	-61.62704	0	47	2021-11-02T16:28:20
12.10519	-61.62704	0	47	2021-11-02T16:33:19
12.10510	-61.62704	0	47	2021-11-02T16:38:19
12.10514	-61.62711	0	47	2021-11-02T16:43:20
12.10518	-61.62720	0	47	2021-11-02T16:53:21
12.10529	-61.62729	0	47	2021-11-02T17:03:20
12.10524	-61.62732	0	47	2021-11-02T18:28:23
12.10589	-61.62668	0	47	2021-11-03T17:36:37
12.10577	-61.62682	0	47	2021-11-03T17:45:05
12.10564	-61.62691	0	47	2021-11-03T17:50:04
12.10585	-61.62674	0	47	2021-11-03T17:55:05
12.10543	-61.62720	0	47	2021-11-03T18:04:51
12.10539	-61.62720	0	47	2021-11-03T18:09:52
12.10554	-61.62714	0	47	2021-11-03T18:14:49
12.10565	-61.62711	0	47	2021-11-03T18:26:31
12.10548	-61.62711	0	47	2021-11-03T18:36:32
12.10558	-61.62708	0	47	2021-11-03T18:49:58
12.10567	-61.62708	0	47	2021-11-03T18:54:58
12.10563	-61.62708	0	47	2021-11-03T18:59:57
12.10570	-61.62698	0	47	2021-11-03T19:09:54
12.10572	-61.62686	0	47	2021-11-03T19:14:55
12.10576	-61.62680	0	47	2021-11-03T19:19:58
12.10572	-61.62696	0	47	2021-11-03T19:25:32
12.10572	-61.62713	0	47	2021-11-03T19:30:32
12.10568	-61.62704	0	47	2021-11-03T19:35:33
12.10565	-61.62714	0	47	2021-11-03T19:40:02
12.10565	-61.62726	0	47	2021-11-03T19:44:59
12.10561	-61.62733	0	47	2021-11-03T19:49:57
12.10557	-61.62750	0	47	2021-11-03T19:54:58
12.10559	-61.62755	0	47	2021-11-03T20:15:28
12.10555	-61.62721	0	47	2021-11-03T20:20:28
12.10559	-61.62747	0	47	2021-11-03T20:25:27
12.10557	-61.62732	0	47	2021-11-03T20:29:56
12.10560	-61.62741	0	47	2021-11-03T20:54:52
12.10556	-61.62741	0	47	2021-11-03T20:59:51
12.10558	-61.62735	0	47	2021-11-03T21:04:51
12.10560	-61.62735	0	47	2021-11-03T21:19:52
12.10562	-61.62735	0	47	2021-11-03T21:34:48
12.10566	-61.62735	0	47	2021-11-03T21:39:49
12.10565	-61.62735	0	47	2021-11-03T21:59:48
12.10561	-61.62735	0	47	2021-11-03T22:04:48
12.10567	-61.62726	0	47	2021-11-03T22:09:46
12.10563	-61.62729	0	47	2021-11-03T22:29:46
12.10567	-61.62735	0	47	2021-11-03T22:34:46
12.10567	-61.62726	0	47	2021-11-03T22:39:45
12.10563	-61.62735	0	47	2021-11-03T22:44:45
12.10564	-61.62744	0	47	2021-11-03T22:49:46
12.10563	-61.62741	0	47	2021-11-03T22:59:47
12.10567	-61.62741	0	47	2021-11-03T23:14:45
12.10567	-61.62738	0	47	2021-11-03T23:19:51
12.10567	-61.62747	0	47	2021-11-03T23:29:47
12.10563	-61.62735	0	47	2021-11-03T23:39:50
12.10566	-61.62735	0	47	2021-11-03T23:44:50
12.10570	-61.62735	0	47	2021-11-03T23:49:49
12.10575	-61.62726	0	47	2021-11-03T23:54:48
12.10567	-61.62730	0	47	2021-11-04T00:19:42
12.10550	-61.62747	0	47	2021-11-04T00:29:43
12.10558	-61.62741	0	47	2021-11-04T00:34:56
12.10557	-61.62741	0	47	2021-11-04T00:44:42
12.10557	-61.62750	0	47	2021-11-04T00:49:43
12.10557	-61.62741	0	47	2021-11-04T00:54:43
12.10561	-61.62735	0	47	2021-11-04T01:14:46
12.10560	-61.62723	0	47	2021-11-04T01:25:08
12.10564	-61.62740	0	47	2021-11-04T01:30:09
12.10560	-61.62723	0	47	2021-11-04T01:35:09
12.10563	-61.62741	0	47	2021-11-04T01:39:45
12.10568	-61.62772	0	47	2021-11-04T01:44:56
12.10566	-61.62736	0	47	2021-11-04T01:49:48
12.10566	-61.62753	0	47	2021-11-04T01:54:47
12.10570	-61.62762	0	47	2021-11-04T01:59:47
12.10572	-61.62744	0	47	2021-11-04T02:04:41
12.10567	-61.62747	0	47	2021-11-04T02:14:42
12.10570	-61.62747	0	47	2021-11-04T02:19:39
12.10561	-61.62735	0	47	2021-11-04T02:44:38
12.10565	-61.62729	0	47	2021-11-04T02:49:36
12.10566	-61.62735	0	47	2021-11-04T03:04:31
12.10568	-61.62732	0	47	2021-11-04T03:14:25
12.10568	-61.62723	0	47	2021-11-04T03:19:26
12.10572	-61.62723	0	47	2021-11-04T03:24:26
12.10557	-61.62747	0	47	2021-11-04T03:44:22
12.10556	-61.62741	0	47	2021-11-04T03:49:24
12.10558	-61.62735	0	47	2021-11-04T03:54:25
12.10559	-61.62735	0	47	2021-11-04T04:24:19
12.10559	-61.62741	0	47	2021-11-04T04:29:18
12.10559	-61.62738	0	47	2021-11-04T04:54:19
12.10559	-61.62735	0	47	2021-11-04T05:04:18
12.10558	-61.62735	0	47	2021-11-04T05:09:17
12.10560	-61.62741	0	47	2021-11-04T05:14:18
12.10557	-61.62735	0	47	2021-11-04T05:29:20
12.10567	-61.62735	0	47	2021-11-04T05:34:57
12.10559	-61.62735	0	47	2021-11-04T05:54:18
12.10557	-61.62738	0	47	2021-11-04T05:59:19
12.10558	-61.62741	0	47	2021-11-04T06:04:23
12.10563	-61.62738	0	47	2021-11-04T06:09:24
12.10558	-61.62741	0	47	2021-11-04T06:14:22
12.10556	-61.62729	0	47	2021-11-04T06:24:59
12.10560	-61.62738	0	47	2021-11-04T06:29:59
12.10573	-61.62729	0	47	2021-11-04T06:35:00
12.10573	-61.62732	0	47	2021-11-04T06:39:25
12.10564	-61.62714	0	47	2021-11-04T07:09:19
12.10577	-61.62714	0	47	2021-11-04T07:19:18
12.10573	-61.62704	0	47	2021-11-04T07:24:22
12.10569	-61.62721	0	47	2021-11-04T07:39:21
12.10565	-61.62738	0	47	2021-11-04T07:44:21
12.10564	-61.62717	0	47	2021-11-04T07:54:19
12.10560	-61.62726	0	47	2021-11-04T07:59:19
12.10559	-61.62735	0	47	2021-11-04T08:24:20
12.10561	-61.62724	0	47	2021-11-04T08:29:59
12.10565	-61.62741	0	47	2021-11-04T08:34:58
12.10561	-61.62741	0	47	2021-11-04T08:39:22
12.10564	-61.62738	0	47	2021-11-04T09:04:20
12.10558	-61.62732	0	47	2021-11-04T09:09:21
12.10564	-61.62735	0	47	2021-11-04T09:14:18
12.10577	-61.62735	0	47	2021-11-04T09:19:19
12.10560	-61.62735	0	47	2021-11-04T09:24:19
12.10559	-61.62726	0	47	2021-11-04T09:29:17
12.10567	-61.62738	0	47	2021-11-04T09:59:26
12.10576	-61.62738	0	47	2021-11-04T10:04:26
12.10567	-61.62738	0	47	2021-11-04T10:09:27
12.10569	-61.62735	0	47	2021-11-04T10:14:25
12.10569	-61.62726	0	47	2021-11-04T10:34:58
12.10576	-61.62726	0	47	2021-11-04T10:39:28
12.10580	-61.62726	0	47	2021-11-04T10:44:29
12.10569	-61.62735	0	47	2021-11-04T10:54:28
12.10571	-61.62738	0	47	2021-11-04T11:24:28
12.10565	-61.62741	0	47	2021-11-04T11:29:29
12.10568	-61.62735	0	47	2021-11-04T11:49:25
12.10564	-61.62735	0	47	2021-11-04T11:54:25
12.10568	-61.62726	0	47	2021-11-04T12:09:21
12.10564	-61.62735	0	47	2021-11-04T12:19:22
12.10564	-61.62732	0	47	2021-11-04T12:24:22
12.10560	-61.62732	0	47	2021-11-04T12:54:21
12.10569	-61.62732	0	47	2021-11-04T12:59:21
12.10565	-61.62741	0	47	2021-11-04T13:04:21
12.10561	-61.62735	0	47	2021-11-04T13:24:22
12.10562	-61.62735	0	47	2021-11-04T13:29:24
12.10571	-61.62726	0	47	2021-11-04T13:34:24
12.10571	-61.62735	0	47	2021-11-04T13:39:25
12.10571	-61.62729	0	47	2021-11-04T13:44:24
12.10572	-61.62729	0	47	2021-11-04T13:59:20
12.10568	-61.62738	0	47	2021-11-04T14:04:21
12.10572	-61.62738	0	47	2021-11-04T14:09:21
12.10569	-61.62735	0	47	2021-11-04T14:34:22
12.10565	-61.62735	0	47	2021-11-04T14:39:22
12.10569	-61.62735	0	47	2021-11-04T14:44:21
12.10569	-61.62738	0	47	2021-11-04T14:49:24
12.10568	-61.62738	0	47	2021-11-04T15:24:27
12.10579	-61.62735	0	47	2021-11-04T15:39:32
12.10570	-61.62735	0	47	2021-11-04T15:44:31
12.10570	-61.62726	0	47	2021-11-04T15:49:31
12.10565	-61.62741	0	47	2021-11-04T15:54:32
12.10576	-61.62730	0	47	2021-11-04T16:19:39
12.10567	-61.62730	0	47	2021-11-04T16:24:38
12.10563	-61.62747	0	47	2021-11-04T16:29:38
12.10570	-61.62735	0	47	2021-11-04T16:35:02
12.10574	-61.62732	0	47	2021-11-04T16:39:36
12.10570	-61.62732	0	47	2021-11-04T16:44:36
12.10569	-61.62741	0	47	2021-11-04T16:49:37
12.10567	-61.62747	0	47	2021-11-04T16:54:38
12.10569	-61.62741	0	47	2021-11-04T16:59:36
12.10570	-61.62744	0	47	2021-11-04T17:34:58
12.10568	-61.62741	0	47	2021-11-04T17:39:31
12.10565	-61.62741	0	47	2021-11-04T17:59:34
12.10579	-61.62692	0	47	2021-11-04T19:39:48
12.10579	-61.62708	0	47	2021-11-04T19:44:51
12.10579	-61.62701	0	47	2021-11-04T19:49:49
12.10576	-61.62711	0	47	2021-11-04T19:54:54
12.10576	-61.62745	0	47	2021-11-04T19:59:54
12.10572	-61.62711	0	47	2021-11-04T20:04:53
12.10584	-61.62725	0	47	2021-11-04T20:19:51
12.10576	-61.62714	0	47	2021-11-04T20:24:51
12.10575	-61.62708	0	47	2021-11-04T20:29:52
12.10578	-61.62714	0	47	2021-11-04T20:59:50
12.10574	-61.62723	0	47	2021-11-04T21:04:51
12.10581	-61.62720	0	47	2021-11-04T21:09:48
12.10581	-61.62729	0	47	2021-11-04T21:24:46
12.10585	-61.62729	0	47	2021-11-04T21:34:44
12.10568	-61.62738	0	47	2021-11-04T21:40:05
12.10569	-61.62735	0	47	2021-11-04T21:59:43
12.10570	-61.62735	0	47	2021-11-04T22:04:45
12.10573	-61.62738	0	47	2021-11-04T22:09:43
12.10573	-61.62735	0	47	2021-11-04T22:14:44
12.10570	-61.62738	0	47	2021-11-04T22:19:43
12.10573	-61.62738	0	47	2021-11-04T22:24:41
12.10577	-61.62744	0	47	2021-11-04T22:29:49
12.10577	-61.62735	0	47	2021-11-04T22:34:49
12.10567	-61.62741	0	47	2021-11-04T22:40:08
12.10569	-61.62741	0	47	2021-11-04T22:44:49
12.10568	-61.62741	0	47	2021-11-04T22:49:50
12.10569	-61.62732	0	47	2021-11-04T23:04:51
12.10569	-61.62741	0	47	2021-11-04T23:09:50
12.10573	-61.62738	0	47	2021-11-04T23:14:53
12.10571	-61.62741	0	47	2021-11-04T23:19:53
12.10571	-61.62738	0	47	2021-11-04T23:24:52
12.10571	-61.62729	0	47	2021-11-04T23:29:52
12.10573	-61.62744	0	47	2021-11-04T23:34:50
12.10570	-61.62744	0	47	2021-11-04T23:40:31
12.10570	-61.62738	0	47	2021-11-04T23:44:51
12.10570	-61.62747	0	47	2021-11-04T23:54:52
12.10567	-61.62744	0	47	2021-11-04T23:59:54
12.10567	-61.62747	0	47	2021-11-05T00:09:48
12.10571	-61.62747	0	47	2021-11-05T00:14:48
12.10567	-61.62747	0	47	2021-11-05T00:19:49
12.10576	-61.62726	0	47	2021-11-05T00:24:46
12.10567	-61.62738	0	47	2021-11-05T00:29:51
12.10570	-61.62756	0	47	2021-11-05T00:34:48
12.10572	-61.62744	0	47	2021-11-05T00:40:27
12.10573	-61.62738	0	47	2021-11-05T00:44:49
12.10573	-61.62726	0	47	2021-11-05T00:49:46
12.10573	-61.62735	0	47	2021-11-05T00:54:45
12.10572	-61.62735	0	47	2021-11-05T00:59:47
12.10570	-61.62735	0	47	2021-11-05T01:04:46
12.10571	-61.62741	0	47	2021-11-05T01:09:47
12.10570	-61.62738	0	47	2021-11-05T01:19:47
12.10572	-61.62741	0	47	2021-11-05T01:24:45
12.10569	-61.62738	0	47	2021-11-05T01:29:46
12.10571	-61.62741	0	47	2021-11-05T01:34:46
12.10568	-61.62732	0	47	2021-11-05T01:39:47
12.10568	-61.62741	0	47	2021-11-05T01:44:47
12.10570	-61.62744	0	47	2021-11-05T01:49:49
12.10569	-61.62741	0	47	2021-11-05T02:04:51
12.10573	-61.62738	0	47	2021-11-05T02:14:50
12.10571	-61.62741	0	47	2021-11-05T02:19:51
12.10573	-61.62738	0	47	2021-11-05T02:24:50
12.10575	-61.62741	0	47	2021-11-05T02:49:49
12.10572	-61.62744	0	47	2021-11-05T02:54:48
12.10574	-61.62741	0	47	2021-11-05T02:59:50
12.10573	-61.62741	0	47	2021-11-05T03:09:48
12.10573	-61.62747	0	47	2021-11-05T03:14:49
12.10574	-61.62738	0	47	2021-11-05T03:19:46
12.10574	-61.62741	0	47	2021-11-05T03:34:45
12.10569	-61.62741	0	47	2021-11-05T03:40:09
12.10567	-61.62744	0	47	2021-11-05T03:49:42
12.10561	-61.62741	0	47	2021-11-05T03:54:41
12.10560	-61.62741	0	47	2021-11-05T03:59:44
12.10572	-61.62744	0	47	2021-11-05T04:04:45
12.10569	-61.62741	0	47	2021-11-05T04:09:46
12.10573	-61.62741	0	47	2021-11-05T04:14:46
12.10574	-61.62747	0	47	2021-11-05T04:24:49
12.10557	-61.62738	0	47	2021-11-05T04:29:50
12.10569	-61.62741	0	47	2021-11-05T04:34:49
12.10573	-61.62738	0	47	2021-11-05T04:40:25
12.10566	-61.62747	0	47	2021-11-05T04:49:50
12.10566	-61.62744	0	47	2021-11-05T04:54:53
12.10570	-61.62747	0	47	2021-11-05T04:59:51
12.10570	-61.62744	0	47	2021-11-05T05:04:52
12.10569	-61.62744	0	47	2021-11-05T05:09:49
12.10567	-61.62744	0	47	2021-11-05T05:14:49
12.10568	-61.62747	0	47	2021-11-05T05:40:26
12.10567	-61.62741	0	47	2021-11-05T05:44:52
12.10569	-61.62747	0	47	2021-11-05T05:59:54
12.10567	-61.62744	0	47	2021-11-05T06:04:54
12.10567	-61.62747	0	47	2021-11-05T06:09:56
12.10571	-61.62747	0	47	2021-11-05T06:24:59
12.10570	-61.62741	0	47	2021-11-05T06:40:27
12.10567	-61.62738	0	47	2021-11-05T06:44:56
12.10571	-61.62741	0	47	2021-11-05T06:54:55
12.10575	-61.62732	0	47	2021-11-05T06:59:55
12.10575	-61.62741	0	47	2021-11-05T07:04:54
12.10573	-61.62732	0	47	2021-11-05T07:09:58
12.10559	-61.62747	0	47	2021-11-05T07:14:56
12.10568	-61.62726	0	47	2021-11-05T07:19:58
12.10564	-61.62735	0	47	2021-11-05T07:29:58
12.10561	-61.62735	0	47	2021-11-05T07:34:58
12.10555	-61.62738	0	47	2021-11-05T07:44:59
12.10555	-61.62747	0	47	2021-11-05T07:49:58
12.10547	-61.62735	0	47	2021-11-05T08:19:57
12.10556	-61.62718	0	47	2021-11-05T08:24:56
12.10556	-61.62735	0	47	2021-11-05T08:29:56
12.10561	-61.62717	0	47	2021-11-05T08:34:57
12.10557	-61.62741	0	47	2021-11-05T08:44:56
12.10553	-61.62732	0	47	2021-11-05T08:49:56
12.10557	-61.62732	0	47	2021-11-05T08:54:57
12.10546	-61.62735	0	47	2021-11-05T08:59:58
12.10554	-61.62735	0	47	2021-11-05T09:14:59
12.10555	-61.62738	0	47	2021-11-05T09:25:04
12.10555	-61.62729	0	47	2021-11-05T09:30:03
12.10559	-61.62729	0	47	2021-11-05T09:35:04
12.10559	-61.62744	0	47	2021-11-05T10:05:05
12.10563	-61.62735	0	47	2021-11-05T10:15:05
12.10560	-61.62735	0	47	2021-11-05T10:20:04
12.10561	-61.62741	0	47	2021-11-05T10:40:34
12.10559	-61.62741	0	47	2021-11-05T10:54:58
12.10560	-61.62735	0	47	2021-11-05T11:04:53
12.10564	-61.62735	0	47	2021-11-05T11:09:53
12.10603	-61.62735	0	47	2021-11-05T11:14:54
12.10608	-61.62741	0	47	2021-11-05T11:19:58
12.10606	-61.62741	0	47	2021-11-05T11:24:55
12.10601	-61.62735	0	47	2021-11-05T11:29:55
12.10600	-61.62735	0	47	2021-11-05T11:34:57
12.10601	-61.62753	0	47	2021-11-05T11:39:55
12.10605	-61.62753	0	47	2021-11-05T11:44:55
12.10602	-61.62750	0	47	2021-11-05T11:49:55
12.10603	-61.62753	0	47	2021-11-05T11:54:53
12.10597	-61.62747	0	47	2021-11-05T11:59:54
12.10606	-61.62756	0	47	2021-11-05T12:24:54
12.10604	-61.62756	0	47	2021-11-05T12:29:59
12.10610	-61.62756	0	47	2021-11-05T12:34:55
12.10621	-61.62747	0	47	2021-11-05T12:50:02
12.10617	-61.62747	0	47	2021-11-05T13:05:04
12.10611	-61.62756	0	47	2021-11-05T13:10:02
12.10624	-61.62759	0	47	2021-11-05T13:15:03
12.10621	-61.62759	0	47	2021-11-05T13:35:28
12.10617	-61.62759	0	47	2021-11-05T13:40:27
12.10605	-61.62756	0	47	2021-11-05T13:44:55
12.10602	-61.62762	0	47	2021-11-05T13:50:11
12.10603	-61.62756	0	47	2021-11-05T13:59:54
12.10602	-61.62756	0	47	2021-11-05T14:05:08
12.10598	-61.62762	0	47	2021-11-05T14:10:12
12.10596	-61.62762	0	47	2021-11-05T14:14:58
12.10603	-61.62759	0	47	2021-11-05T14:20:02
12.10610	-61.62756	0	47	2021-11-05T14:30:00
12.10606	-61.62759	0	47	2021-11-05T14:34:58
12.10608	-61.62766	0	47	2021-11-05T14:40:41
12.10606	-61.62759	0	47	2021-11-05T14:44:59
12.10611	-61.62762	0	47	2021-11-05T14:50:00
12.10605	-61.62756	0	47	2021-11-05T14:54:59
12.10610	-61.62759	0	47	2021-11-05T15:24:58
12.10606	-61.62762	0	47	2021-11-05T15:29:55
12.10608	-61.62756	0	47	2021-11-05T15:50:03
12.10610	-61.62756	0	47	2021-11-05T15:55:03
12.10608	-61.62756	0	47	2021-11-05T16:00:04
12.10608	-61.62759	0	47	2021-11-05T16:10:02
12.10605	-61.62753	0	47	2021-11-05T16:15:00
12.10609	-61.62753	0	47	2021-11-05T16:20:00
12.10605	-61.62753	0	47	2021-11-05T16:25:01
12.10605	-61.62759	0	47	2021-11-05T16:30:01
12.10612	-61.62747	0	47	2021-11-05T16:34:58
12.10604	-61.62753	0	47	2021-11-05T16:40:26
12.10605	-61.62753	0	47	2021-11-05T16:44:57
12.10609	-61.62753	0	47	2021-11-05T16:49:57
12.10605	-61.62762	0	47	2021-11-05T16:54:58
12.10614	-61.62759	0	47	2021-11-05T17:04:56
12.10629	-61.62753	0	47	2021-11-05T17:10:00
12.10608	-61.62762	0	47	2021-11-05T17:15:00
12.10616	-61.62759	0	47	2021-11-05T17:19:59
12.10612	-61.62762	0	47	2021-11-05T17:24:59
12.10616	-61.62762	0	47	2021-11-05T17:35:00
12.10614	-61.62769	0	47	2021-11-05T17:40:02
12.10610	-61.62769	0	47	2021-11-05T17:45:03
12.10614	-61.62769	0	47	2021-11-05T17:50:03
12.10612	-61.62759	0	47	2021-11-05T17:55:04
12.10606	-61.62756	0	47	2021-11-05T18:00:01
12.10611	-61.62756	0	47	2021-11-05T18:05:01
12.10610	-61.62762	0	47	2021-11-05T18:20:01
12.10609	-61.62762	0	47	2021-11-05T18:35:00
12.10614	-61.62759	0	47	2021-11-05T18:41:36
12.10618	-61.62756	0	47	2021-11-05T18:50:06
12.10616	-61.62756	0	47	2021-11-05T18:55:03
12.10612	-61.62756	0	47	2021-11-05T19:00:03
12.10608	-61.62750	0	47	2021-11-05T19:05:05
12.10619	-61.62750	0	47	2021-11-05T19:15:06
12.10623	-61.62759	0	47	2021-11-05T19:20:06
12.10619	-61.62759	0	47	2021-11-05T19:25:05
12.10616	-61.62750	0	47	2021-11-05T19:30:00
12.10621	-61.62747	0	47	2021-11-05T19:35:41
12.10608	-61.62756	0	47	2021-11-05T19:40:41
12.10606	-61.62750	0	47	2021-11-05T19:44:56
12.10606	-61.62741	0	47	2021-11-05T19:49:56
12.10609	-61.62759	0	47	2021-11-05T19:54:55
12.10609	-61.62747	0	47	2021-11-05T19:59:51
12.10610	-61.62747	0	47	2021-11-05T20:04:56
12.10614	-61.62729	0	47	2021-11-05T20:09:53
12.10611	-61.62732	0	47	2021-11-05T20:14:56
12.10615	-61.62732	0	47	2021-11-05T20:19:55
12.10615	-61.62741	0	47	2021-11-05T20:24:55
12.10614	-61.62741	0	47	2021-11-05T20:29:53
12.10621	-61.62745	0	47	2021-11-05T20:37:26
12.10608	-61.62762	0	47	2021-11-05T20:42:25
12.10610	-61.62769	0	47	2021-11-05T20:44:55
12.10609	-61.62750	0	47	2021-11-05T20:49:53
12.10604	-61.62756	0	47	2021-11-05T21:09:52
12.10603	-61.62753	0	47	2021-11-05T21:14:53
12.10617	-61.62759	0	47	2021-11-05T21:39:54
12.10608	-61.62759	0	47	2021-11-05T21:49:54
12.10609	-61.62759	0	47	2021-11-05T21:54:56
12.10610	-61.62762	0	47	2021-11-05T22:09:58
12.10606	-61.62769	0	47	2021-11-05T22:14:55
12.10610	-61.62769	0	47	2021-11-05T22:19:56
12.10615	-61.62761	0	47	2021-11-05T22:24:59
12.10619	-61.62778	0	47	2021-11-05T22:29:58
12.10612	-61.62772	0	47	2021-11-05T22:34:58
12.10612	-61.62769	0	47	2021-11-05T22:39:55
12.10602	-61.62769	0	47	2021-11-05T22:50:02
12.10603	-61.62769	0	47	2021-11-05T22:54:55
12.10601	-61.62766	0	47	2021-11-05T22:59:55
12.10605	-61.62769	0	47	2021-11-05T23:09:53
12.10601	-61.62769	0	47	2021-11-05T23:14:54
12.10605	-61.62769	0	47	2021-11-05T23:19:54
12.10606	-61.62762	0	47	2021-11-05T23:29:55
12.10609	-61.62781	0	47	2021-11-05T23:34:48
12.10612	-61.62775	0	47	2021-11-05T23:39:57
12.10609	-61.62769	0	47	2021-11-05T23:49:48
12.10613	-61.62769	0	47	2021-11-05T23:54:49
12.10609	-61.62769	0	47	2021-11-05T23:59:50
12.10609	-61.62766	0	47	2021-11-06T00:04:51
12.10613	-61.62766	0	47	2021-11-06T00:09:51
12.10604	-61.62766	0	47	2021-11-06T00:14:51
12.10600	-61.62759	0	47	2021-11-06T00:19:53
12.10601	-61.62756	0	47	2021-11-06T00:24:55
12.10604	-61.62750	0	47	2021-11-06T00:29:58
12.10613	-61.62750	0	47	2021-11-06T00:39:57
12.10614	-61.62766	0	47	2021-11-06T00:45:32
12.10619	-61.62769	0	47	2021-11-06T00:59:59
12.10609	-61.62766	0	47	2021-11-06T01:05:01
12.10619	-61.62769	0	47	2021-11-06T01:09:58
12.10620	-61.62762	0	47	2021-11-06T01:14:58
12.10611	-61.62768	0	47	2021-11-06T01:25:03
12.10615	-61.62768	0	47	2021-11-06T01:30:02
12.10619	-61.62759	0	47	2021-11-06T01:35:02
12.10616	-61.62769	0	47	2021-11-06T01:40:26
12.10620	-61.62769	0	47	2021-11-06T01:45:26
12.10613	-61.62759	0	47	2021-11-06T01:50:05
12.10613	-61.62756	0	47	2021-11-06T02:00:14
12.10614	-61.62753	0	47	2021-11-06T02:05:07
12.10605	-61.62762	0	47	2021-11-06T02:10:07
12.10606	-61.62760	0	47	2021-11-06T02:15:13
12.10623	-61.62769	0	47	2021-11-06T02:20:14
12.10612	-61.62762	0	47	2021-11-06T02:25:10
12.10613	-61.62762	0	47	2021-11-06T02:30:12
12.10609	-61.62762	0	47	2021-11-06T02:50:15
12.10615	-61.62759	0	47	2021-11-06T02:55:12
12.10611	-61.62759	0	47	2021-11-06T03:05:13
12.10608	-61.62762	0	47	2021-11-06T03:15:18
12.10606	-61.62756	0	47	2021-11-06T03:20:16
12.10608	-61.62762	0	47	2021-11-06T03:30:18
12.10606	-61.62762	0	47	2021-11-06T03:55:19
12.10608	-61.62756	0	47	2021-11-06T04:15:15
12.10606	-61.62756	0	47	2021-11-06T04:25:17
12.10611	-61.62753	0	47	2021-11-06T04:30:17
12.10611	-61.62762	0	47	2021-11-06T04:35:17
12.10611	-61.62756	0	47	2021-11-06T04:40:19
12.10613	-61.62759	0	47	2021-11-06T04:46:01
12.10608	-61.62766	0	47	2021-11-06T05:00:18
12.10609	-61.62759	0	47	2021-11-06T05:10:19
12.10610	-61.62756	0	47	2021-11-06T05:15:20
12.10602	-61.62759	0	47	2021-11-06T05:20:18
12.10608	-61.62762	0	47	2021-11-06T05:30:16
12.10604	-61.62762	0	47	2021-11-06T05:40:17
12.10607	-61.62759	0	47	2021-11-06T05:55:16
12.10611	-61.62759	0	47	2021-11-06T06:00:17
12.10608	-61.62762	0	47	2021-11-06T06:10:19
12.10605	-61.62759	0	47	2021-11-06T06:15:18
12.10608	-61.62762	0	47	2021-11-06T06:20:19
12.10605	-61.62769	0	47	2021-11-06T06:25:32
12.10608	-61.62756	0	47	2021-11-06T06:30:15
12.10603	-61.62756	0	47	2021-11-06T06:46:25
12.10605	-61.62759	0	47	2021-11-06T07:00:19
12.10609	-61.62750	0	47	2021-11-06T07:20:19
12.10609	-61.62741	0	47	2021-11-06T07:25:20
12.10601	-61.62753	0	47	2021-11-06T07:30:19
12.10609	-61.62753	0	47	2021-11-06T07:40:22
12.10605	-61.62762	0	47	2021-11-06T07:50:21
12.10604	-61.62759	0	47	2021-11-06T08:05:26
12.10608	-61.62756	0	47	2021-11-06T08:10:21
12.10605	-61.62762	0	47	2021-11-06T08:15:25
12.10608	-61.62752	0	47	2021-11-06T08:25:21
12.10612	-61.62769	0	47	2021-11-06T08:30:20
12.10634	-61.62813	0	47	2021-11-06T08:35:59
12.10613	-61.62762	0	47	2021-11-06T08:50:23
12.10613	-61.62756	0	47	2021-11-06T08:55:23
12.10614	-61.62747	0	47	2021-11-06T09:05:24
12.10610	-61.62747	0	47	2021-11-06T09:10:23
12.10614	-61.62759	0	47	2021-11-06T09:15:19
12.10613	-61.62762	0	47	2021-11-06T09:50:21
12.10610	-61.62762	0	47	2021-11-06T10:00:19
12.10614	-61.62762	0	47	2021-11-06T10:10:20
12.10612	-61.62759	0	47	2021-11-06T10:15:22
12.10611	-61.62756	0	47	2021-11-06T10:20:20
12.10619	-61.62765	0	47	2021-11-06T10:35:55
12.10623	-61.62765	0	47	2021-11-06T10:40:54
12.10606	-61.62756	0	47	2021-11-06T10:45:54
12.10604	-61.62756	0	47	2021-11-06T10:55:17
12.10605	-61.62756	0	47	2021-11-06T11:00:14
12.10600	-61.62756	0	47	2021-11-06T11:10:16
12.10604	-61.62756	0	47	2021-11-06T11:20:17
12.10606	-61.62756	0	47	2021-11-06T11:45:59
12.10602	-61.62756	0	47	2021-11-06T12:05:24
12.10606	-61.62759	0	47	2021-11-06T12:15:23
12.10608	-61.62760	0	47	2021-11-06T12:30:21
12.10617	-61.62769	0	47	2021-11-06T12:35:20
12.10615	-61.62766	0	47	2021-11-06T12:40:23
12.10609	-61.62762	0	47	2021-11-06T12:45:56
12.10604	-61.62760	0	47	2021-11-06T13:00:23
12.10600	-61.62769	0	47	2021-11-06T13:05:24
12.10601	-61.62762	0	47	2021-11-06T13:10:22
12.10606	-61.62762	0	47	2021-11-06T13:20:22
12.10601	-61.62759	0	47	2021-11-06T13:25:21
12.10604	-61.62766	0	47	2021-11-06T13:35:25
12.10611	-61.62756	0	47	2021-11-06T13:46:02
12.10611	-61.62759	0	47	2021-11-06T13:50:35
12.10599	-61.62762	0	47	2021-11-06T14:00:26
12.10608	-61.62762	0	47	2021-11-06T14:10:26
12.10630	-61.62772	0	47	2021-11-06T14:25:18
12.10626	-61.62772	0	47	2021-11-06T14:30:18
12.10630	-61.62772	0	47	2021-11-06T14:35:17
12.10622	-61.62769	0	47	2021-11-06T14:40:16
12.10613	-61.62769	0	47	2021-11-06T14:50:15
12.10608	-61.62759	0	47	2021-11-06T14:55:12
12.10610	-61.62759	0	47	2021-11-06T15:15:08
12.10611	-61.62762	0	47	2021-11-06T15:30:10
12.10610	-61.62766	0	47	2021-11-06T15:35:07
12.10596	-61.62747	0	47	2021-11-06T16:25:00
12.10600	-61.62747	0	47	2021-11-06T16:30:00
12.10596	-61.62747	0	47	2021-11-06T16:34:59
12.10605	-61.62747	0	47	2021-11-06T16:40:00
12.10608	-61.62759	0	47	2021-11-06T16:45:34
12.10603	-61.62759	0	47	2021-11-06T16:59:56
12.10611	-61.62756	0	47	2021-11-06T17:04:59
12.10607	-61.62756	0	47	2021-11-06T17:09:59
12.10611	-61.62756	0	47	2021-11-06T17:14:58
12.10626	-61.62753	0	47	2021-11-06T17:20:01
12.10635	-61.62756	0	47	2021-11-06T17:25:03
12.10625	-61.62766	0	47	2021-11-06T17:30:01
12.10634	-61.62766	0	47	2021-11-06T17:35:01
12.10630	-61.62766	0	47	2021-11-06T17:40:02
12.10611	-61.62756	0	47	2021-11-06T17:54:59
12.10610	-61.62762	0	47	2021-11-06T17:59:58
12.10612	-61.62753	0	47	2021-11-06T18:19:52
12.10612	-61.62762	0	47	2021-11-06T18:24:51
12.10618	-61.62762	0	47	2021-11-06T18:39:53
12.10614	-61.62762	0	47	2021-11-06T18:49:53
12.10612	-61.62762	0	47	2021-11-06T18:54:50
12.10616	-61.62762	0	47	2021-11-06T19:04:49
12.10611	-61.62756	0	47	2021-11-06T19:09:53
12.10613	-61.62762	0	47	2021-11-06T19:14:54
12.10602	-61.62747	0	47	2021-11-06T19:29:51
12.10608	-61.62753	0	47	2021-11-06T19:39:55
12.10608	-61.62762	0	47	2021-11-06T19:49:56
12.10610	-61.62756	0	47	2021-11-06T19:54:55
12.10606	-61.62750	0	47	2021-11-06T20:00:03
12.10606	-61.62741	0	47	2021-11-06T20:10:01
12.10614	-61.62750	0	47	2021-11-06T20:15:02
12.10618	-61.62756	0	47	2021-11-06T20:24:59
12.10622	-61.62756	0	47	2021-11-06T20:29:59
12.10613	-61.62747	0	47	2021-11-06T20:34:58
12.10621	-61.62753	0	47	2021-11-06T20:39:55
12.10608	-61.62756	0	47	2021-11-06T21:19:46
12.10617	-61.62762	0	47	2021-11-06T21:34:45
12.10612	-61.62762	0	47	2021-11-06T21:40:08
12.10608	-61.62762	0	47	2021-11-06T21:45:09
12.10610	-61.62759	0	47	2021-11-06T21:54:44
12.10610	-61.62756	0	47	2021-11-06T21:59:44
12.10609	-61.62756	0	47	2021-11-06T22:09:46
12.10605	-61.62756	0	47	2021-11-06T22:19:45
12.10612	-61.62769	0	47	2021-11-06T22:24:50
12.10609	-61.62766	0	47	2021-11-06T22:49:45
12.10605	-61.62766	0	47	2021-11-06T22:54:45
12.10609	-61.62762	0	47	2021-11-06T22:59:46
12.10613	-61.62759	0	47	2021-11-06T23:04:48
12.10611	-61.62759	0	47	2021-11-06T23:24:50
12.10610	-61.62762	0	47	2021-11-06T23:29:45
12.10609	-61.62756	0	47	2021-11-06T23:34:48
12.10609	-61.62762	0	47	2021-11-06T23:39:46
12.10610	-61.62766	0	47	2021-11-06T23:45:29
12.10609	-61.62756	0	47	2021-11-06T23:54:52
12.10605	-61.62762	0	47	2021-11-07T00:04:53
12.10615	-61.62766	0	47	2021-11-07T00:09:52
12.10615	-61.62762	0	47	2021-11-07T00:19:53
12.10614	-61.62766	0	47	2021-11-07T00:24:50
12.10618	-61.62766	0	47	2021-11-07T00:29:50
12.10629	-61.62759	0	47	2021-11-07T00:34:51
12.10633	-61.62759	0	47	2021-11-07T00:39:50
12.10620	-61.62766	0	47	2021-11-07T00:45:28
12.10603	-61.62778	0	47	2021-11-07T00:49:53
12.10615	-61.62766	0	47	2021-11-07T00:59:53
12.10617	-61.62766	0	47	2021-11-07T01:04:57
12.10623	-61.62766	0	47	2021-11-07T01:09:55
12.10628	-61.62766	0	47	2021-11-07T01:14:59
12.10619	-61.62766	0	47	2021-11-07T01:19:59
12.10623	-61.62775	0	47	2021-11-07T01:24:59
12.10610	-61.62762	0	47	2021-11-07T01:29:58
12.10613	-61.62762	0	47	2021-11-07T01:34:55
12.10618	-61.62766	0	47	2021-11-07T01:45:24
12.10614	-61.62766	0	47	2021-11-07T01:50:00
12.10610	-61.62775	0	47	2021-11-07T01:54:59
12.10612	-61.62769	0	47	2021-11-07T02:00:02
12.10609	-61.62772	0	47	2021-11-07T02:15:05
12.10609	-61.62762	0	47	2021-11-07T02:30:07
12.10611	-61.62756	0	47	2021-11-07T02:35:09
12.10615	-61.62762	0	47	2021-11-07T02:45:07
12.10606	-61.62762	0	47	2021-11-07T02:55:08
12.10608	-61.62762	0	47	2021-11-07T03:00:09
12.10608	-61.62769	0	47	2021-11-07T03:15:05
12.10605	-61.62762	0	47	2021-11-07T03:20:11
12.10608	-61.62766	0	47	2021-11-07T03:25:09
12.10608	-61.62762	0	47	2021-11-07T03:40:12
12.10606	-61.62759	0	47	2021-11-07T04:00:08
12.10604	-61.62759	0	47	2021-11-07T04:05:11
12.10606	-61.62762	0	47	2021-11-07T04:10:09
12.10603	-61.62762	0	47	2021-11-07T04:20:07
12.10612	-61.62759	0	47	2021-11-07T04:25:08
12.10606	-61.62765	0	47	2021-11-07T04:35:11
12.10606	-61.62756	0	47	2021-11-07T04:40:11
12.10620	-61.62762	0	47	2021-11-07T04:45:28
12.10609	-61.62756	0	47	2021-11-07T04:50:11
12.10608	-61.62762	0	47	2021-11-07T04:55:09
12.10612	-61.62762	0	47	2021-11-07T05:00:09
12.10608	-61.62762	0	47	2021-11-07T05:05:08
12.10608	-61.62756	0	47	2021-11-07T05:10:09
12.10605	-61.62759	0	47	2021-11-07T05:15:09
12.10600	-61.62747	0	47	2021-11-07T05:20:10
12.10613	-61.62762	0	47	2021-11-07T05:25:08
12.10604	-61.62753	0	47	2021-11-07T05:30:10
12.10608	-61.62753	0	47	2021-11-07T05:35:36
12.10612	-61.62770	0	47	2021-11-07T05:40:36
12.10608	-61.62753	0	47	2021-11-07T05:45:37
12.10606	-61.62747	0	47	2021-11-07T05:55:12
12.10608	-61.62756	0	47	2021-11-07T06:10:15
12.10606	-61.62756	0	47	2021-11-07T06:15:15
12.10605	-61.62756	0	47	2021-11-07T06:20:16
12.10606	-61.62756	0	47	2021-11-07T06:25:14
12.10609	-61.62747	0	47	2021-11-07T06:30:17
12.10606	-61.62756	0	47	2021-11-07T06:35:19
12.10608	-61.62753	0	47	2021-11-07T06:50:17
12.10606	-61.62759	0	47	2021-11-07T07:00:15
12.10606	-61.62768	0	47	2021-11-07T07:05:15
12.10606	-61.62759	0	47	2021-11-07T07:10:14
12.10606	-61.62747	0	47	2021-11-07T07:15:15
12.10608	-61.62756	0	47	2021-11-07T07:20:14
12.10606	-61.62762	0	47	2021-11-07T07:25:16
12.10610	-61.62762	0	47	2021-11-07T07:30:16
12.10603	-61.62756	0	47	2021-11-07T07:35:14
12.10606	-61.62750	0	47	2021-11-07T07:45:15
12.10606	-61.62759	0	47	2021-11-07T07:55:14
12.10608	-61.62756	0	47	2021-11-07T08:10:17
12.10605	-61.62759	0	47	2021-11-07T08:15:16
12.10603	-61.62759	0	47	2021-11-07T08:20:15
12.10608	-61.62762	0	47	2021-11-07T08:25:12
12.10605	-61.62762	0	47	2021-11-07T08:35:11
12.10612	-61.62756	0	47	2021-11-07T08:40:12
12.10622	-61.62765	0	47	2021-11-07T09:10:10
12.10613	-61.62756	0	47	2021-11-07T09:20:09
12.10615	-61.62756	0	47	2021-11-07T09:25:08
12.10612	-61.62765	0	47	2021-11-07T09:35:08
12.10625	-61.62756	0	47	2021-11-07T09:40:08
12.10627	-61.62765	0	47	2021-11-07T09:45:06
12.10606	-61.62756	0	47	2021-11-07T09:50:06
12.10608	-61.62756	0	47	2021-11-07T10:25:12
12.10608	-61.62753	0	47	2021-11-07T10:30:10
12.10607	-61.62753	0	47	2021-11-07T10:40:35
12.10603	-61.62753	0	47	2021-11-07T10:45:35
12.10598	-61.62753	0	47	2021-11-07T10:50:11
12.10603	-61.62756	0	47	2021-11-07T10:55:12
12.10602	-61.62753	0	47	2021-11-07T11:00:11
12.10604	-61.62762	0	47	2021-11-07T11:15:13
12.10604	-61.62756	0	47	2021-11-07T11:20:15
12.10611	-61.62759	0	47	2021-11-07T11:25:15
12.10609	-61.62762	0	47	2021-11-07T11:30:15
12.10606	-61.62762	0	47	2021-11-07T11:50:11
12.10611	-61.62759	0	47	2021-11-07T11:55:12
12.10612	-61.62762	0	47	2021-11-07T12:00:09
12.10603	-61.62762	0	47	2021-11-07T12:05:06
12.10605	-61.62756	0	47	2021-11-07T12:10:07
12.10611	-61.62762	0	47	2021-11-07T12:15:04
12.10621	-61.62762	0	47	2021-11-07T12:30:00
12.10628	-61.62762	0	47	2021-11-07T12:35:00
12.10621	-61.62753	0	47	2021-11-07T12:40:01
12.10620	-61.62762	0	47	2021-11-07T12:45:00
12.10605	-61.62762	0	47	2021-11-07T12:50:01
12.10603	-61.62762	0	47	2021-11-07T12:54:59
12.10608	-61.62762	0	47	2021-11-07T13:00:00
12.10610	-61.62766	0	47	2021-11-07T13:09:59
12.10605	-61.62762	0	47	2021-11-07T13:14:58
12.10609	-61.62759	0	47	2021-11-07T13:20:00
12.10608	-61.62762	0	47	2021-11-07T13:24:59
12.10617	-61.62762	0	47	2021-11-07T13:29:58
12.10615	-61.62762	0	47	2021-11-07T13:34:57
12.10615	-61.62766	0	47	2021-11-07T13:40:26
12.10619	-61.62766	0	47	2021-11-07T13:45:27
12.10611	-61.62759	0	47	2021-11-07T13:49:56
12.10613	-61.62762	0	47	2021-11-07T13:54:57
12.10612	-61.62756	0	47	2021-11-07T13:59:55
12.10613	-61.62760	0	47	2021-11-07T14:09:57
12.10613	-61.62769	0	47	2021-11-07T14:14:58
12.10615	-61.62769	0	47	2021-11-07T14:19:59
12.10611	-61.62756	0	47	2021-11-07T14:24:59
12.10613	-61.62766	0	47	2021-11-07T15:00:00
12.10611	-61.62762	0	47	2021-11-07T15:19:58
12.10610	-61.62769	0	47	2021-11-07T15:39:57
12.10616	-61.62756	0	47	2021-11-07T15:49:57
12.10615	-61.62753	0	47	2021-11-07T15:54:59
12.10620	-61.62756	0	47	2021-11-07T15:59:56
12.10618	-61.62753	0	47	2021-11-07T16:05:01
12.10615	-61.62756	0	47	2021-11-07T16:09:55
12.10611	-61.62756	0	47	2021-11-07T16:14:55
12.10615	-61.62756	0	47	2021-11-07T16:19:56
12.10616	-61.62747	0	47	2021-11-07T16:29:54
12.10612	-61.62747	0	47	2021-11-07T16:34:54
12.10614	-61.62762	0	47	2021-11-07T16:39:52
12.10615	-61.62762	0	47	2021-11-07T16:45:26
12.10612	-61.62756	0	47	2021-11-07T17:04:52
12.10611	-61.62762	0	47	2021-11-07T17:09:52
12.10612	-61.62762	0	47	2021-11-07T17:14:54
12.10616	-61.62765	0	47	2021-11-07T17:19:54
12.10616	-61.62756	0	47	2021-11-07T17:24:54
12.10608	-61.62762	0	47	2021-11-07T17:34:50
12.10610	-61.62760	0	47	2021-11-07T17:44:52
12.10610	-61.62769	0	47	2021-11-07T17:49:52
12.10609	-61.62766	0	47	2021-11-07T17:59:54
12.10612	-61.62753	0	47	2021-11-07T18:09:54
12.10611	-61.62769	0	47	2021-11-07T18:14:52
12.10612	-61.62762	0	47	2021-11-07T18:34:55
12.10619	-61.62753	0	47	2021-11-07T18:39:57
12.10619	-61.62759	0	47	2021-11-07T18:45:00
12.10615	-61.62759	0	47	2021-11-07T18:49:59
12.10626	-61.62759	0	47	2021-11-07T18:55:02
12.10621	-61.62769	0	47	2021-11-07T18:59:59
12.10621	-61.62760	0	47	2021-11-07T19:04:58
12.10630	-61.62769	0	47	2021-11-07T19:09:58
12.10627	-61.62756	0	47	2021-11-07T19:14:59
12.10623	-61.62749	0	47	2021-11-07T19:19:59
12.10627	-61.62758	0	47	2021-11-07T19:24:59
12.10627	-61.62741	0	47	2021-11-07T19:29:58
12.10625	-61.62741	0	47	2021-11-07T19:34:57
12.10626	-61.62741	0	47	2021-11-07T19:59:59
12.10627	-61.62741	0	47	2021-11-07T20:05:00
12.10633	-61.62741	0	47	2021-11-07T20:10:01
12.10630	-61.62747	0	47	2021-11-07T20:14:57
12.10628	-61.62756	0	47	2021-11-07T20:19:54
12.10627	-61.62747	0	47	2021-11-07T20:29:53
12.10630	-61.62756	0	47	2021-11-07T20:34:56
12.10614	-61.62756	0	47	2021-11-07T20:39:54
12.10628	-61.62747	0	47	2021-11-07T20:45:29
12.10625	-61.62756	0	47	2021-11-07T20:54:53
12.10629	-61.62756	0	47	2021-11-07T20:59:54
12.10627	-61.62762	0	47	2021-11-07T21:04:55
12.10621	-61.62765	0	47	2021-11-07T21:09:59
12.10621	-61.62753	0	47	2021-11-07T21:14:57
12.10630	-61.62756	0	47	2021-11-07T21:20:00
12.10628	-61.62769	0	47	2021-11-07T21:24:58
12.10623	-61.62762	0	47	2021-11-07T21:30:02
12.10627	-61.62762	0	47	2021-11-07T21:40:04
12.10630	-61.62769	0	47	2021-11-07T21:45:25
12.10622	-61.62772	0	47	2021-11-07T21:54:59
12.10618	-61.62772	0	47	2021-11-07T22:04:58
12.10620	-61.62772	0	47	2021-11-07T22:20:02
12.10616	-61.62766	0	47	2021-11-07T22:25:03
12.10616	-61.62762	0	47	2021-11-07T22:30:02
12.10623	-61.62769	0	47	2021-11-07T22:35:05
12.10617	-61.62762	0	47	2021-11-07T22:45:07
12.10613	-61.62762	0	47	2021-11-07T22:55:06
12.10611	-61.62762	0	47	2021-11-07T23:00:06
12.10614	-61.62766	0	47	2021-11-07T23:05:07
12.10613	-61.62759	0	47	2021-11-07T23:25:10
12.10611	-61.62747	0	47	2021-11-07T23:30:08
12.10608	-61.62759	0	47	2021-11-07T23:35:11
12.10626	-61.62753	0	47	2021-11-07T23:45:15
12.10613	-61.62762	0	47	2021-11-07T23:50:15
12.10617	-61.62762	0	47	2021-11-07T23:55:16
12.10604	-61.62753	0	47	2021-11-08T00:00:12
12.10613	-61.62753	0	47	2021-11-08T00:05:11
12.10604	-61.62753	0	47	2021-11-08T00:10:11
12.10613	-61.62762	0	47	2021-11-08T00:15:12
12.10617	-61.62750	0	47	2021-11-08T00:20:16
12.10621	-61.62759	0	47	2021-11-08T00:25:16
12.10617	-61.62759	0	47	2021-11-08T00:30:15
12.10613	-61.62756	0	47	2021-11-08T00:35:15
12.10625	-61.62762	0	47	2021-11-08T00:40:16
12.10619	-61.62759	0	47	2021-11-08T00:45:17
12.10628	-61.62759	0	47	2021-11-08T00:50:18
12.10624	-61.62759	0	47	2021-11-08T00:55:18
12.10628	-61.62756	0	47	2021-11-08T01:00:16
12.10620	-61.62759	0	47	2021-11-08T01:05:19
12.10616	-61.62759	0	47	2021-11-08T01:10:18
12.10615	-61.62759	0	47	2021-11-08T01:15:18
12.10616	-61.62756	0	47	2021-11-08T01:20:19
12.10616	-61.62762	0	47	2021-11-08T01:25:17
12.10612	-61.62759	0	47	2021-11-08T01:30:19
12.10616	-61.62759	0	47	2021-11-08T01:35:18
12.10618	-61.62762	0	47	2021-11-08T01:40:21
12.10611	-61.62756	0	47	2021-11-08T01:45:54
12.10613	-61.62759	0	47	2021-11-08T01:50:19
12.10611	-61.62753	0	47	2021-11-08T01:55:21
12.10610	-61.62759	0	47	2021-11-08T02:05:22
12.10611	-61.62762	0	47	2021-11-08T02:20:21
12.10613	-61.62756	0	47	2021-11-08T02:25:22
12.10612	-61.62766	0	47	2021-11-08T02:40:25
12.10610	-61.62762	0	47	2021-11-08T02:46:07
12.10612	-61.62762	0	47	2021-11-08T02:55:28
12.10610	-61.62759	0	47	2021-11-08T03:00:24
12.10612	-61.62762	0	47	2021-11-08T03:05:29
12.10611	-61.62756	0	47	2021-11-08T03:10:27
12.10611	-61.62759	0	47	2021-11-08T03:40:57
12.10615	-61.62759	0	47	2021-11-08T03:45:56
12.10613	-61.62756	0	47	2021-11-08T03:50:29
12.10609	-61.62756	0	47	2021-11-08T03:55:27
12.10610	-61.62756	0	47	2021-11-08T04:00:30
12.10613	-61.62756	0	47	2021-11-08T04:10:31
12.10611	-61.62756	0	47	2021-11-08T04:25:30
12.10617	-61.62756	0	47	2021-11-08T04:30:32
12.10623	-61.62756	0	47	2021-11-08T04:35:32
12.10610	-61.62756	0	47	2021-11-08T04:40:31
12.10616	-61.62762	0	47	2021-11-08T04:45:57
12.10613	-61.62756	0	47	2021-11-08T04:50:32
12.10612	-61.62756	0	47	2021-11-08T04:55:31
12.10608	-61.62756	0	47	2021-11-08T05:00:30
12.10609	-61.62756	0	47	2021-11-08T05:10:28
12.10606	-61.62762	0	47	2021-11-08T05:15:29
12.10608	-61.62759	0	47	2021-11-08T05:25:30
12.10609	-61.62747	0	47	2021-11-08T05:30:31
12.10609	-61.62756	0	47	2021-11-08T05:35:32
12.10605	-61.62756	0	47	2021-11-08T05:40:32
12.10609	-61.62753	0	47	2021-11-08T05:50:33
12.10609	-61.62756	0	47	2021-11-08T06:00:32
12.10606	-61.62756	0	47	2021-11-08T06:15:34
12.10608	-61.62756	0	47	2021-11-08T06:30:32
12.10608	-61.62759	0	47	2021-11-08T06:35:35
12.10610	-61.62762	0	47	2021-11-08T06:40:32
12.10606	-61.62762	0	47	2021-11-08T06:55:33
12.10610	-61.62759	0	47	2021-11-08T07:15:33
12.10610	-61.62756	0	47	2021-11-08T07:20:34
12.10614	-61.62759	0	47	2021-11-08T07:25:34
12.10610	-61.62759	0	47	2021-11-08T07:30:33
12.10612	-61.62759	0	47	2021-11-08T07:35:34
12.10613	-61.62762	0	47	2021-11-08T07:40:34
12.10610	-61.62750	0	47	2021-11-08T07:55:36
12.10614	-61.62750	0	47	2021-11-08T08:00:36
12.10612	-61.62766	0	47	2021-11-08T08:05:34
12.10610	-61.62759	0	47	2021-11-08T08:20:34
12.10614	-61.62759	0	47	2021-11-08T08:25:34
12.10614	-61.62769	0	47	2021-11-08T08:30:35
12.10613	-61.62759	0	47	2021-11-08T08:40:36
12.10609	-61.62750	0	47	2021-11-08T08:46:01
12.10610	-61.62753	0	47	2021-11-08T08:50:35
12.10608	-61.62756	0	47	2021-11-08T09:05:33
12.10609	-61.62753	0	47	2021-11-08T09:10:34
12.10612	-61.62756	0	47	2021-11-08T09:15:28
12.10604	-61.62756	0	47	2021-11-08T09:20:32
12.10603	-61.62756	0	47	2021-11-08T09:25:29
12.10614	-61.62759	0	47	2021-11-08T09:30:30
12.10621	-61.62759	0	47	2021-11-08T09:35:29
12.10638	-61.62759	0	47	2021-11-08T09:40:28
12.10613	-61.62759	0	47	2021-11-08T09:45:55
12.10611	-61.62762	0	47	2021-11-08T09:55:27
12.10620	-61.62762	0	47	2021-11-08T10:05:28
12.10617	-61.62756	0	47	2021-11-08T10:10:29
12.10610	-61.62762	0	47	2021-11-08T10:15:26
12.10606	-61.62762	0	47	2021-11-08T10:20:27
12.10619	-61.62762	0	47	2021-11-08T10:25:27
12.10621	-61.62756	0	47	2021-11-08T10:30:28
12.10613	-61.62756	0	47	2021-11-08T11:00:34
12.10609	-61.62756	0	47	2021-11-08T11:05:34
12.10613	-61.62756	0	47	2021-11-08T11:10:34
12.10606	-61.62759	0	47	2021-11-08T11:15:32
12.10613	-61.62756	0	47	2021-11-08T11:25:35
12.10609	-61.62756	0	47	2021-11-08T11:30:35
12.10610	-61.62756	0	47	2021-11-08T11:35:35
12.10612	-61.62759	0	47	2021-11-08T11:40:36
12.10609	-61.62759	0	47	2021-11-08T11:55:32
12.10614	-61.62762	0	47	2021-11-08T12:00:32
12.10611	-61.62756	0	47	2021-11-08T12:05:30
12.10614	-61.62762	0	47	2021-11-08T12:10:31
12.10608	-61.62759	0	47	2021-11-08T12:15:28
12.10612	-61.62756	0	47	2021-11-08T12:20:29
12.10629	-61.62762	0	47	2021-11-08T12:25:26
12.10633	-61.62771	0	47	2021-11-08T12:30:26
12.10616	-61.62762	0	47	2021-11-08T12:35:27
12.10637	-61.62769	0	47	2021-11-08T12:40:28
12.10615	-61.62756	0	47	2021-11-08T12:50:30
12.10613	-61.62762	0	47	2021-11-08T12:55:31
12.10611	-61.62756	0	47	2021-11-08T13:00:31
12.10608	-61.62762	0	47	2021-11-08T13:05:31
12.10605	-61.62759	0	47	2021-11-08T13:15:32
12.10608	-61.62766	0	47	2021-11-08T13:20:34
12.10609	-61.62759	0	47	2021-11-08T13:35:33
12.10605	-61.62759	0	47	2021-11-08T13:40:33
12.10618	-61.62769	0	47	2021-11-08T13:55:33
12.10619	-61.62769	0	47	2021-11-08T14:00:33
12.10618	-61.62769	0	47	2021-11-08T14:05:34
12.10628	-61.62769	0	47	2021-11-08T14:15:33
12.10619	-61.62769	0	47	2021-11-08T14:20:33
12.10623	-61.62778	0	47	2021-11-08T14:25:34
12.10616	-61.62769	0	47	2021-11-08T14:30:34
12.10618	-61.62775	0	47	2021-11-08T14:35:58
12.10622	-61.62775	0	47	2021-11-08T14:40:58
12.10613	-61.62766	0	47	2021-11-08T14:45:57
12.10606	-61.62766	0	47	2021-11-08T15:00:39
12.10610	-61.62766	0	47	2021-11-08T15:10:38
12.10608	-61.62766	0	47	2021-11-08T15:25:33
12.10607	-61.62762	0	47	2021-11-08T15:41:06
12.10603	-61.62762	0	47	2021-11-08T15:46:06
12.10604	-61.62756	0	47	2021-11-08T15:50:37
12.10609	-61.62756	0	47	2021-11-08T15:55:38
12.10605	-61.62756	0	47	2021-11-08T16:05:38
12.10615	-61.62747	0	47	2021-11-08T16:15:40
12.10611	-61.62747	0	47	2021-11-08T16:25:39
12.10619	-61.62750	0	47	2021-11-08T16:30:37
12.10614	-61.62756	0	47	2021-11-08T16:35:57
12.10618	-61.62756	0	47	2021-11-08T16:40:57
12.10614	-61.62756	0	47	2021-11-08T16:45:58
12.10613	-61.62756	0	47	2021-11-08T17:10:32
12.10615	-61.62756	0	47	2021-11-08T17:15:29
12.10614	-61.62749	0	47	2021-11-08T17:25:30
12.10614	-61.62758	0	47	2021-11-08T17:30:31
12.10614	-61.62741	0	47	2021-11-08T17:35:31
12.10610	-61.62747	0	47	2021-11-08T17:40:29
12.10612	-61.62724	0	47	2021-11-08T17:50:34
12.10603	-61.62741	0	47	2021-11-08T17:55:34
12.10609	-61.62735	0	47	2021-11-08T18:00:28
12.10606	-61.62732	0	47	2021-11-08T18:05:29
12.10606	-61.62741	0	47	2021-11-08T18:10:29
12.10610	-61.62741	0	47	2021-11-08T18:15:28
12.10613	-61.62711	0	47	2021-11-08T18:20:31
12.10606	-61.62735	0	47	2021-11-08T18:35:31
12.10606	-61.62741	0	47	2021-11-08T18:40:34
12.10611	-61.62738	0	47	2021-11-08T18:45:32
12.10610	-61.62741	0	47	2021-11-08T18:50:32
12.10611	-61.62747	0	47	2021-11-08T18:55:33
12.10606	-61.62741	0	47	2021-11-08T19:00:30
12.10605	-61.62735	0	47	2021-11-08T19:20:31
12.10604	-61.62744	0	47	2021-11-08T19:35:30
12.10606	-61.62741	0	47	2021-11-08T19:40:33
12.10609	-61.62741	0	47	2021-11-08T19:45:58
12.10608	-61.62747	0	47	2021-11-08T19:50:32
12.10601	-61.62738	0	47	2021-11-08T19:55:33
12.10605	-61.62738	0	47	2021-11-08T20:00:33
12.10601	-61.62752	0	47	2021-11-08T20:05:31
12.10601	-61.62735	0	47	2021-11-08T20:10:32
12.10626	-61.62762	0	47	2021-11-08T20:15:32
12.10630	-61.62759	0	47	2021-11-08T20:20:30
12.10626	-61.62759	0	47	2021-11-08T20:25:30
12.10635	-61.62750	0	47	2021-11-08T20:30:31
12.10623	-61.62762	0	47	2021-11-08T20:36:46
12.10627	-61.62753	0	47	2021-11-08T20:41:46
12.10610	-61.62753	0	47	2021-11-08T20:46:47
12.10613	-61.62765	0	47	2021-11-08T20:55:32
12.10609	-61.62756	0	47	2021-11-08T21:05:32
12.10614	-61.62759	0	47	2021-11-08T21:25:36
12.10610	-61.62756	0	47	2021-11-08T21:30:34
12.10612	-61.62759	0	47	2021-11-08T21:36:21
12.10614	-61.62762	0	47	2021-11-08T21:40:36
12.10612	-61.62759	0	47	2021-11-08T21:46:22
12.10609	-61.62756	0	47	2021-11-08T22:05:40
12.10613	-61.62756	0	47	2021-11-08T22:10:40
12.10608	-61.62756	0	47	2021-11-08T22:25:39
12.10615	-61.62753	0	47	2021-11-08T22:30:40
12.10610	-61.62750	0	47	2021-11-08T22:45:42
12.10610	-61.62759	0	47	2021-11-08T22:55:41
12.10608	-61.62765	0	47	2021-11-08T23:10:42
12.10608	-61.62756	0	47	2021-11-08T23:15:41
12.10610	-61.62756	0	47	2021-11-08T23:20:38
12.10615	-61.62756	0	47	2021-11-08T23:40:43
12.10611	-61.62759	0	47	2021-11-08T23:55:43
12.10614	-61.62762	0	47	2021-11-09T00:00:47
12.10617	-61.62769	0	47	2021-11-09T00:10:46
12.10617	-61.62766	0	47	2021-11-09T00:15:43
12.10610	-61.62762	0	47	2021-11-09T00:20:43
12.10615	-61.62757	0	47	2021-11-09T00:25:40
12.10632	-61.62772	0	47	2021-11-09T00:30:41
12.10611	-61.62766	0	47	2021-11-09T00:35:41
12.10606	-61.62762	0	47	2021-11-09T00:40:42
12.10613	-61.62778	0	47	2021-11-09T00:50:41
12.10626	-61.62778	0	47	2021-11-09T00:55:42
12.10620	-61.62769	0	47	2021-11-09T01:00:46
12.10623	-61.62778	0	47	2021-11-09T01:05:46
12.10619	-61.62778	0	47	2021-11-09T01:15:45
12.10625	-61.62778	0	47	2021-11-09T01:20:43
12.10621	-61.62778	0	47	2021-11-09T01:25:43
12.10623	-61.62781	0	47	2021-11-09T01:30:44
12.10618	-61.62782	0	47	2021-11-09T01:36:08
12.10622	-61.62782	0	47	2021-11-09T01:41:09
12.10609	-61.62756	0	47	2021-11-09T01:46:09
12.10610	-61.62769	0	47	2021-11-09T01:50:44
12.10614	-61.62769	0	47	2021-11-09T02:00:45
12.10608	-61.62756	0	47	2021-11-09T02:05:45
12.10611	-61.62766	0	47	2021-11-09T02:20:52
12.10609	-61.62759	0	47	2021-11-09T02:25:48
12.10611	-61.62766	0	47	2021-11-09T02:30:51
12.10608	-61.62762	0	47	2021-11-09T02:35:44
12.10613	-61.62771	0	47	2021-11-09T02:41:08
12.10613	-61.62762	0	47	2021-11-09T02:46:08
12.10613	-61.62759	0	47	2021-11-09T02:50:46
12.10611	-61.62765	0	47	2021-11-09T03:00:44
12.10611	-61.62756	0	47	2021-11-09T03:05:45
12.10612	-61.62762	0	47	2021-11-09T03:10:46
12.10608	-61.62756	0	47	2021-11-09T03:15:45
12.10614	-61.62753	0	47	2021-11-09T03:20:46
12.10614	-61.62762	0	47	2021-11-09T03:25:45
12.10618	-61.62762	0	47	2021-11-09T03:30:45
12.10616	-61.62762	0	47	2021-11-09T03:35:43
12.10617	-61.62759	0	47	2021-11-09T03:40:46
12.10608	-61.62759	0	47	2021-11-09T03:50:45
12.10605	-61.62762	0	47	2021-11-09T04:00:43
12.10605	-61.62753	0	47	2021-11-09T04:05:43
12.10606	-61.62756	0	47	2021-11-09T04:10:44
12.10611	-61.62759	0	47	2021-11-09T04:15:42
12.10608	-61.62756	0	47	2021-11-09T04:25:44
12.10604	-61.62756	0	47	2021-11-09T04:30:44
12.10613	-61.62756	0	47	2021-11-09T04:35:45
12.10604	-61.62762	0	47	2021-11-09T04:40:46
12.10604	-61.62756	0	47	2021-11-09T04:46:10
12.10606	-61.62759	0	47	2021-11-09T04:50:43
12.10606	-61.62756	0	47	2021-11-09T04:55:44
12.10606	-61.62759	0	47	2021-11-09T05:00:41
12.10605	-61.62756	0	47	2021-11-09T05:15:39
12.10606	-61.62750	0	47	2021-11-09T05:20:40
12.10609	-61.62753	0	47	2021-11-09T05:25:38
12.10606	-61.62753	0	47	2021-11-09T05:40:36
12.10608	-61.62756	0	47	2021-11-09T05:55:35
12.10608	-61.62753	0	47	2021-11-09T06:00:35
12.10608	-61.62747	0	47	2021-11-09T06:20:36
12.10606	-61.62753	0	47	2021-11-09T06:25:40
12.10610	-61.62756	0	47	2021-11-09T06:40:39
12.10608	-61.62756	0	47	2021-11-09T06:45:58
12.10608	-61.62759	0	47	2021-11-09T07:00:41
12.10608	-61.62753	0	47	2021-11-09T07:25:42
12.10604	-61.62759	0	47	2021-11-09T07:30:43
12.10616	-61.62756	0	47	2021-11-09T07:35:44
12.10613	-61.62759	0	47	2021-11-09T07:40:42
12.10608	-61.62759	0	47	2021-11-09T07:46:09
12.10609	-61.62766	0	47	2021-11-09T08:05:47
12.10608	-61.62756	0	47	2021-11-09T08:10:46
12.10612	-61.62762	0	47	2021-11-09T08:41:14
12.10616	-61.62762	0	47	2021-11-09T08:46:13
12.10616	-61.62756	0	47	2021-11-09T08:50:49
12.10619	-61.62759	0	47	2021-11-09T08:55:47
12.10617	-61.62762	0	47	2021-11-09T09:00:48
12.10608	-61.62762	0	47	2021-11-09T09:05:48
12.10612	-61.62762	0	47	2021-11-09T09:10:48
12.10614	-61.62762	0	47	2021-11-09T09:15:50
12.10623	-61.62762	0	47	2021-11-09T09:20:50
12.10603	-61.62757	0	47	2021-11-09T09:25:55
12.10629	-61.62766	0	47	2021-11-09T09:30:54
12.10625	-61.62766	0	47	2021-11-09T09:40:55
12.10612	-61.62756	0	47	2021-11-09T09:45:55
12.10608	-61.62756	0	47	2021-11-09T09:50:55
12.10608	-61.62753	0	47	2021-11-09T10:05:48
12.10608	-61.62750	0	47	2021-11-09T10:10:48
12.10608	-61.62753	0	47	2021-11-09T10:15:49
12.10608	-61.62750	0	47	2021-11-09T10:25:53
12.10606	-61.62753	0	47	2021-11-09T10:30:48
12.10610	-61.62753	0	47	2021-11-09T10:35:51
12.10608	-61.62744	0	47	2021-11-09T10:40:49
12.10606	-61.62753	0	47	2021-11-09T10:55:53
12.10605	-61.62750	0	47	2021-11-09T11:00:54
12.10601	-61.62750	0	47	2021-11-09T11:05:54
12.10610	-61.62762	0	47	2021-11-09T11:10:59
12.10611	-61.62756	0	47	2021-11-09T11:15:56
12.10610	-61.62762	0	47	2021-11-09T11:20:59
12.10606	-61.62756	0	47	2021-11-09T11:25:57
12.10611	-61.62756	0	47	2021-11-09T11:35:59
12.10609	-61.62759	0	47	2021-11-09T11:40:58
12.10611	-61.62762	0	47	2021-11-09T11:46:46
12.10606	-61.62759	0	47	2021-11-09T11:55:55
12.10602	-61.62750	0	47	2021-11-09T12:00:55
12.10607	-61.62762	0	47	2021-11-09T12:15:57
12.10603	-61.62762	0	47	2021-11-09T12:20:56
12.10607	-61.62757	0	47	2021-11-09T12:30:53
12.10611	-61.62757	0	47	2021-11-09T12:35:54
12.10615	-61.62766	0	47	2021-11-09T12:40:54
12.10613	-61.62759	0	47	2021-11-09T13:01:04
12.10615	-61.62766	0	47	2021-11-09T13:11:00
12.10619	-61.62766	0	47	2021-11-09T13:21:00
12.10610	-61.62762	0	47	2021-11-09T13:26:05
12.10617	-61.62766	0	47	2021-11-09T13:36:04
12.10624	-61.62775	0	47	2021-11-09T13:41:28
12.10628	-61.62775	0	47	2021-11-09T13:46:29
12.10621	-61.62769	0	47	2021-11-09T13:55:59
12.10617	-61.62760	0	47	2021-11-09T14:21:00
12.10617	-61.62769	0	47	2021-11-09T14:31:01
12.10620	-61.62778	0	47	2021-11-09T14:35:59
12.10620	-61.62773	0	47	2021-11-09T14:46:03
12.10603	-61.62756	0	47	2021-11-09T14:51:02
12.10610	-61.62756	0	47	2021-11-09T15:11:05
12.10611	-61.62762	0	47	2021-11-09T15:16:04
12.10610	-61.62759	0	47	2021-11-09T15:31:01
12.10610	-61.62762	0	47	2021-11-09T15:36:01
12.10609	-61.62766	0	47	2021-11-09T15:51:04
12.10609	-61.62759	0	47	2021-11-09T15:56:06
12.10610	-61.62762	0	47	2021-11-09T16:06:03
12.10610	-61.62753	0	47	2021-11-09T16:11:03
12.10620	-61.62756	0	47	2021-11-09T16:36:09
12.10606	-61.62759	0	47	2021-11-09T16:41:13
12.10609	-61.62762	0	47	2021-11-09T16:46:30
12.10616	-61.62753	0	47	2021-11-09T16:51:13
12.10604	-61.62756	0	47	2021-11-09T16:56:07
12.10610	-61.62756	0	47	2021-11-09T17:16:07
12.10606	-61.62756	0	47	2021-11-09T17:21:07
12.10608	-61.62762	0	47	2021-11-09T17:26:09
12.10610	-61.62756	0	47	2021-11-09T17:31:06
12.10609	-61.62753	0	47	2021-11-09T17:41:07
12.10610	-61.62762	0	47	2021-11-09T18:01:07
12.10611	-61.62750	0	47	2021-11-09T18:06:08
12.10611	-61.62762	0	47	2021-11-09T18:11:09
12.10609	-61.62756	0	47	2021-11-09T18:21:09
12.10621	-61.62756	0	47	2021-11-09T18:31:05
12.10630	-61.62756	0	47	2021-11-09T18:36:05
12.10634	-61.62756	0	47	2021-11-09T18:41:06
12.10623	-61.62756	0	47	2021-11-09T18:46:29
12.10606	-61.62756	0	47	2021-11-09T19:01:02
12.10611	-61.62756	0	47	2021-11-09T19:06:07
12.10608	-61.62750	0	47	2021-11-09T19:11:04
12.10610	-61.62753	0	47	2021-11-09T19:31:02
12.10608	-61.62747	0	47	2021-11-09T19:51:00
12.10615	-61.62753	0	47	2021-11-09T20:00:57
12.10619	-61.62753	0	47	2021-11-09T20:05:58
12.10623	-61.62753	0	47	2021-11-09T20:10:58
12.10605	-61.62756	0	47	2021-11-09T20:15:59
12.10612	-61.62753	0	47	2021-11-09T20:21:00
12.10616	-61.62753	0	47	2021-11-09T20:30:59
12.10619	-61.62753	0	47	2021-11-09T20:35:59
12.10619	-61.62756	0	47	2021-11-09T20:50:57
12.10615	-61.62756	0	47	2021-11-09T20:55:57
12.10616	-61.62744	0	47	2021-11-09T21:01:11
12.10620	-61.62750	0	47	2021-11-09T21:05:57
12.10624	-61.62759	0	47	2021-11-09T21:10:57
12.10627	-61.62756	0	47	2021-11-09T21:15:55
12.10630	-61.62753	0	47	2021-11-09T21:25:56
12.10630	-61.62762	0	47	2021-11-09T21:35:57
12.10630	-61.62766	0	47	2021-11-09T21:40:54
12.10616	-61.62772	0	47	2021-11-09T21:51:00
12.10616	-61.62766	0	47	2021-11-09T21:55:53
12.10621	-61.62759	0	47	2021-11-09T22:20:58
12.10618	-61.62762	0	47	2021-11-09T22:36:00
12.10621	-61.62769	0	47	2021-11-09T22:41:01
12.10611	-61.62759	0	47	2021-11-09T22:46:01
12.10607	-61.62759	0	47	2021-11-09T22:51:00
12.10603	-61.62759	0	47	2021-11-09T22:56:00
12.10603	-61.62762	0	47	2021-11-09T23:01:03
12.10603	-61.62766	0	47	2021-11-09T23:26:02
12.10605	-61.62778	0	47	2021-11-09T23:31:06
12.10614	-61.62778	0	47	2021-11-09T23:36:06
12.10610	-61.62778	0	47	2021-11-09T23:41:06
12.10611	-61.62753	0	47	2021-11-09T23:51:08
12.10620	-61.62762	0	47	2021-11-09T23:56:07
12.10616	-61.62762	0	47	2021-11-10T00:01:07
12.10619	-61.62762	0	47	2021-11-10T00:06:00
12.10615	-61.62759	0	47	2021-11-10T00:11:01
12.10623	-61.62756	0	47	2021-11-10T00:21:03
12.10626	-61.62762	0	47	2021-11-10T00:26:04
12.10619	-61.62756	0	47	2021-11-10T00:31:04
12.10623	-61.62762	0	47	2021-11-10T00:41:10
12.10617	-61.62762	0	47	2021-11-10T00:46:27
12.10610	-61.62756	0	47	2021-11-10T00:51:04
12.10614	-61.62756	0	47	2021-11-10T01:01:05
12.10615	-61.62756	0	47	2021-11-10T01:11:04
12.10611	-61.62753	0	47	2021-11-10T01:16:04
12.10611	-61.62762	0	47	2021-11-10T01:21:05
12.10616	-61.62762	0	47	2021-11-10T01:26:06
12.10614	-61.62762	0	47	2021-11-10T01:31:03
12.10615	-61.62759	0	47	2021-11-10T01:46:02
12.10611	-61.62759	0	47	2021-11-10T01:51:02
12.10612	-61.62762	0	47	2021-11-10T01:56:03
12.10609	-61.62756	0	47	2021-11-10T02:06:01
12.10605	-61.62756	0	47	2021-11-10T02:11:02
12.10611	-61.62762	0	47	2021-11-10T02:21:01
12.10610	-61.62756	0	47	2021-11-10T02:31:16
12.10611	-61.62766	0	47	2021-11-10T02:36:03
12.10610	-61.62762	0	47	2021-11-10T02:46:03
12.10606	-61.62762	0	47	2021-11-10T02:56:02
12.10607	-61.62750	0	47	2021-11-10T03:11:05
12.10606	-61.62756	0	47	2021-11-10T03:16:05
12.10611	-61.62750	0	47	2021-11-10T03:21:05
12.10609	-61.62762	0	47	2021-11-10T03:26:07
12.10609	-61.62753	0	47	2021-11-10T03:36:06
12.10609	-61.62750	0	47	2021-11-10T03:41:05
12.10612	-61.62762	0	47	2021-11-10T03:51:08
12.10608	-61.62753	0	47	2021-11-10T04:01:08
12.10617	-61.62756	0	47	2021-11-10T04:06:05
12.10621	-61.62756	0	47	2021-11-10T04:11:04
12.10604	-61.62756	0	47	2021-11-10T04:16:04
12.10608	-61.62756	0	47	2021-11-10T04:21:02
12.10614	-61.62753	0	47	2021-11-10T04:31:03
12.10610	-61.62753	0	47	2021-11-10T04:36:03
12.10606	-61.62753	0	47	2021-11-10T04:41:02
12.10606	-61.62756	0	47	2021-11-10T04:51:05
12.10612	-61.62756	0	47	2021-11-10T04:56:10
12.10610	-61.62756	0	47	2021-11-10T05:01:05
12.10606	-61.62753	0	47	2021-11-10T05:11:06
12.10608	-61.62750	0	47	2021-11-10T05:21:05
12.10609	-61.62753	0	47	2021-11-10T05:26:06
12.10608	-61.62756	0	47	2021-11-10T05:56:10
12.10608	-61.62747	0	47	2021-11-10T06:01:11
12.10608	-61.62756	0	47	2021-11-10T06:06:11
12.10605	-61.62747	0	47	2021-11-10T06:26:11
12.10608	-61.62753	0	47	2021-11-10T06:46:26
12.10606	-61.62756	0	47	2021-11-10T06:51:09
12.10609	-61.62756	0	47	2021-11-10T06:56:11
12.10605	-61.62756	0	47	2021-11-10T07:01:09
12.10609	-61.62756	0	47	2021-11-10T07:06:10
12.10608	-61.62750	0	47	2021-11-10T07:11:06
12.10610	-61.62753	0	47	2021-11-10T07:16:11
12.10610	-61.62750	0	47	2021-11-10T07:26:14
12.10614	-61.62750	0	47	2021-11-10T07:31:14
12.10616	-61.62756	0	47	2021-11-10T07:36:12
12.10618	-61.62747	0	47	2021-11-10T07:41:15
12.10625	-61.62747	0	47	2021-11-10T07:51:18
12.10621	-61.62747	0	47	2021-11-10T07:56:15
12.10610	-61.62756	0	47	2021-11-10T08:01:17
12.10606	-61.62756	0	47	2021-11-10T08:11:18
12.10612	-61.62753	0	47	2021-11-10T08:26:31
12.10612	-61.62770	0	47	2021-11-10T08:31:30
12.10608	-61.62744	0	47	2021-11-10T08:36:30
12.10612	-61.62747	0	47	2021-11-10T08:41:27
12.10608	-61.62756	0	47	2021-11-10T08:51:27
12.10606	-61.62756	0	47	2021-11-10T08:56:18
12.10604	-61.62756	0	47	2021-11-10T09:01:19
12.10609	-61.62756	0	47	2021-11-10T09:11:19
12.10611	-61.62756	0	47	2021-11-10T09:16:21
12.10611	-61.62762	0	47	2021-11-10T09:26:19
12.10615	-61.62762	0	47	2021-11-10T09:36:20
12.10616	-61.62762	0	47	2021-11-10T09:41:18
12.10626	-61.62753	0	47	2021-11-10T09:46:19
12.10609	-61.62753	0	47	2021-11-10T09:56:20
12.10606	-61.62756	0	47	2021-11-10T10:21:24
12.10608	-61.62762	0	47	2021-11-10T10:36:58
12.10608	-61.62753	0	47	2021-11-10T10:46:59
12.10608	-61.62756	0	47	2021-11-10T10:51:22
12.10604	-61.62753	0	47	2021-11-10T11:01:21
12.10608	-61.62750	0	47	2021-11-10T11:06:24
12.10608	-61.62756	0	47	2021-11-10T11:11:26
12.10611	-61.62762	0	47	2021-11-10T11:26:25
12.10608	-61.62762	0	47	2021-11-10T11:37:00
12.10612	-61.62762	0	47	2021-11-10T11:46:59
12.10606	-61.62753	0	47	2021-11-10T11:51:21
12.10600	-61.62753	0	47	2021-11-10T12:21:17
12.10604	-61.62753	0	47	2021-11-10T12:26:16
12.10608	-61.62753	0	47	2021-11-10T12:31:16
12.10609	-61.62762	0	47	2021-11-10T12:36:19
12.10613	-61.62750	0	47	2021-11-10T12:46:42
12.10610	-61.62756	0	47	2021-11-10T12:51:19
12.10615	-61.62757	0	47	2021-11-10T13:01:14
12.10598	-61.62756	0	47	2021-11-10T13:06:17
12.10623	-61.62766	0	47	2021-11-10T13:11:15
12.10630	-61.62769	0	47	2021-11-10T13:21:13
12.10626	-61.62769	0	47	2021-11-10T13:26:15
12.10610	-61.62756	0	47	2021-11-10T13:31:14
12.10614	-61.62756	0	47	2021-11-10T13:41:13
12.10609	-61.62770	0	47	2021-11-10T13:51:11
12.10605	-61.62753	0	47	2021-11-10T13:56:11
12.10605	-61.62762	0	47	2021-11-10T14:01:12
12.10613	-61.62769	0	47	2021-11-10T14:42:31
12.10609	-61.62769	0	47	2021-11-10T14:47:30
12.10616	-61.62769	0	47	2021-11-10T14:56:22
12.10616	-61.62772	0	47	2021-11-10T15:06:24
12.10616	-61.62781	0	47	2021-11-10T15:11:24
12.10620	-61.62781	0	47	2021-11-10T15:16:25
12.10609	-61.62762	0	47	2021-11-10T15:21:21
12.10609	-61.62766	0	47	2021-11-10T15:31:21
12.10613	-61.62769	0	47	2021-11-10T15:36:27
12.10612	-61.62762	0	47	2021-11-10T15:41:22
12.10605	-61.62769	0	47	2021-11-10T15:46:58
12.10606	-61.62756	0	47	2021-11-10T15:51:27
12.10612	-61.62756	0	47	2021-11-10T15:56:25
12.10610	-61.62756	0	47	2021-11-10T16:01:26
12.10615	-61.62756	0	47	2021-11-10T16:11:26
12.10619	-61.62747	0	47	2021-11-10T16:21:23
