/* DATA DESCRIPTION:
Citation:	Horstmann, Jochen; Carrasco, Ruben; Calil, Paulo H R; Iudicone, Daniele; Pesant, Stephane; Erta, J M (2022): Track of Lagrangian drifter 56 during the Mission Microbiomes with the RV Tara along the eastern coast of Brazil [dataset]. PANGAEA, https://doi.org/10.1594/PANGAEA.948236, 
	In: Horstmann, J et al. (2022): Drifter position data from the eastern coast of Brazil during the project Mission Microbiomes with the RV Tara [dataset publication series]. PANGAEA, https://doi.org/10.1594/PANGAEA.948261
Project(s):	Atlantic ECOsystems assessment, forecasting & sustainability (AtlantECO) (URI: https://doi.org/10.3030/862923)
	Fondation Tara Expeditions (FondTara) (URI: https://fondationtaraocean.org/en/home/)
	Mission Microbiomes (MM2020) (URI: https://fondationtaraocean.org/expedition/mission-microbiomes/)
Funding:	Horizon 2020 of the European Commission (H2020) (URI: https://research-and-innovation.ec.europa.eu/funding/funding-opportunities/funding-programmes-and-open-calls/horizon-2020_en), grant/award no. 862923: Atlantic ECOsystems assessment, forecasting & sustainability (URI: https://doi.org/10.3030/862923)
Coverage:	MEDIAN LATITUDE: 6.583679 * MEDIAN LONGITUDE: -50.044504 * SOUTH-BOUND LATITUDE: 5.345960 * WEST-BOUND LONGITUDE: -51.363370 * NORTH-BOUND LATITUDE: 8.771250 * EAST-BOUND LONGITUDE: -49.263890
	DATE/TIME START: 2021-08-31T18:21:29 * DATE/TIME END: 2021-09-21T05:10:00
	MINIMUM DEPTH, water: 0 m * MAXIMUM DEPTH, water: 0 m
Event(s):	TARA_Microbiomes_DRIFT-56 * LATITUDE START: 7.674980 * LONGITUDE START: -50.040470 * LATITUDE END: 5.397750 * LONGITUDE END: -50.520420 * DATE/TIME START: 2021-08-31T18:21:29 * DATE/TIME END: 2021-09-21T05:10:00 * LOCATION: Eastern Brazilian coast * CAMPAIGN: MM20210824_LEG-05_035-040_Martin * BASIS: SV Tara (URI: https://en.wikipedia.org/wiki/Tara_expedition) * METHOD/DEVICE: Drifter (DRIFT)
Parameter(s):	LATITUDE (Latitude) * GEOCODE * PI: Horstmann, Jochen (https://orcid.org/0000-0002-7979-5736, jochen.horstmann@hereon.de, https://www.hzg.de/institutes_platforms/coastal_research/operational_systems/radar_hydrography/staff/046556/index.php.en) * METHOD/DEVICE: GPS receiver mounted on Lagrangian drifter
	LONGITUDE (Longitude) * GEOCODE * PI: Horstmann, Jochen (https://orcid.org/0000-0002-7979-5736, jochen.horstmann@hereon.de, https://www.hzg.de/institutes_platforms/coastal_research/operational_systems/radar_hydrography/staff/046556/index.php.en) * METHOD/DEVICE: GPS receiver mounted on Lagrangian drifter
	DEPTH, water [m] (Depth water) * GEOCODE * PI: Horstmann, Jochen (https://orcid.org/0000-0002-7979-5736, jochen.horstmann@hereon.de, https://www.hzg.de/institutes_platforms/coastal_research/operational_systems/radar_hydrography/staff/046556/index.php.en)
	Identification (ID) * PI: Horstmann, Jochen (https://orcid.org/0000-0002-7979-5736, jochen.horstmann@hereon.de, https://www.hzg.de/institutes_platforms/coastal_research/operational_systems/radar_hydrography/staff/046556/index.php.en) * COMMENT: DrifterID
	DATE/TIME (Date/Time) * GEOCODE * PI: Horstmann, Jochen (https://orcid.org/0000-0002-7979-5736, jochen.horstmann@hereon.de, https://www.hzg.de/institutes_platforms/coastal_research/operational_systems/radar_hydrography/staff/046556/index.php.en) * COMMENT: UTC
License:	Creative Commons Attribution 4.0 International (CC-BY-4.0) (URI: https://creativecommons.org/licenses/by/4.0/)
Status:	Curation Level: Enhanced curation (URI: https://wiki.pangaea.de/wiki/Curation_levels)
Size:	5008 data points
*/
Latitude	Longitude	Depth water [m]	ID	Date/Time
7.67498	-50.04047	0	56	2021-08-31T18:21:29
7.66708	-50.04181	0	56	2021-08-31T18:26:30
7.65918	-50.04327	0	56	2021-08-31T18:31:31
7.65108	-50.04477	0	56	2021-08-31T18:36:32
7.64322	-50.04616	0	56	2021-08-31T18:41:36
7.63601	-50.04745	0	56	2021-08-31T18:46:35
7.63365	-50.04739	0	56	2021-08-31T18:51:31
7.63130	-50.04739	0	56	2021-08-31T18:56:34
7.62889	-50.04745	0	56	2021-08-31T19:01:36
7.62657	-50.04745	0	56	2021-08-31T19:06:36
7.62420	-50.04749	0	56	2021-08-31T19:11:38
7.62149	-50.04755	0	56	2021-08-31T19:17:10
7.61930	-50.04745	0	56	2021-08-31T19:21:41
7.61690	-50.04745	0	56	2021-08-31T19:26:41
7.61450	-50.04745	0	56	2021-08-31T19:31:42
7.61203	-50.04739	0	56	2021-08-31T19:36:45
7.60959	-50.04727	0	56	2021-08-31T19:41:44
7.60714	-50.04718	0	56	2021-08-31T19:46:44
7.60468	-50.04709	0	56	2021-08-31T19:51:48
7.60228	-50.04703	0	56	2021-08-31T19:56:46
7.59984	-50.04688	0	56	2021-08-31T20:01:47
7.59744	-50.04688	0	56	2021-08-31T20:06:47
7.59508	-50.04688	0	56	2021-08-31T20:11:47
7.59250	-50.04681	0	56	2021-08-31T20:17:09
7.59029	-50.04678	0	56	2021-08-31T20:21:43
7.58783	-50.04681	0	56	2021-08-31T20:26:47
7.58547	-50.04684	0	56	2021-08-31T20:31:47
7.58316	-50.04688	0	56	2021-08-31T20:36:45
7.58085	-50.04697	0	56	2021-08-31T20:41:46
7.57850	-50.04703	0	56	2021-08-31T20:46:46
7.57616	-50.04709	0	56	2021-08-31T20:51:48
7.57384	-50.04709	0	56	2021-08-31T20:56:48
7.57152	-50.04718	0	56	2021-08-31T21:01:48
7.56914	-50.04724	0	56	2021-08-31T21:06:46
7.56673	-50.04736	0	56	2021-08-31T21:12:05
7.56416	-50.04736	0	56	2021-08-31T21:17:04
7.56190	-50.04736	0	56	2021-08-31T21:21:41
7.55944	-50.04742	0	56	2021-08-31T21:26:42
7.55695	-50.04745	0	56	2021-08-31T21:31:42
7.55459	-50.04745	0	56	2021-08-31T21:36:41
7.55223	-50.04745	0	56	2021-08-31T21:41:41
7.54981	-50.04745	0	56	2021-08-31T21:46:44
7.54730	-50.04755	0	56	2021-08-31T21:51:46
7.54490	-50.04764	0	56	2021-08-31T21:56:46
7.54243	-50.04776	0	56	2021-08-31T22:01:48
7.53995	-50.04785	0	56	2021-08-31T22:06:45
7.53744	-50.04797	0	56	2021-08-31T22:11:46
7.53475	-50.04803	0	56	2021-08-31T22:17:09
7.53245	-50.04810	0	56	2021-08-31T22:21:46
7.53002	-50.04816	0	56	2021-08-31T22:26:44
7.52757	-50.04828	0	56	2021-08-31T22:31:46
7.52512	-50.04828	0	56	2021-08-31T22:36:46
7.52264	-50.04840	0	56	2021-08-31T22:41:43
7.52016	-50.04849	0	56	2021-08-31T22:46:41
7.51763	-50.04868	0	56	2021-08-31T22:51:41
7.51514	-50.04877	0	56	2021-08-31T22:56:42
7.51262	-50.04883	0	56	2021-08-31T23:01:39
7.51011	-50.04892	0	56	2021-08-31T23:06:41
7.50769	-50.04898	0	56	2021-08-31T23:11:38
7.50506	-50.04907	0	56	2021-08-31T23:17:00
7.50279	-50.04916	0	56	2021-08-31T23:21:36
7.50034	-50.04926	0	56	2021-08-31T23:26:36
7.49786	-50.04944	0	56	2021-08-31T23:31:36
7.49542	-50.04962	0	56	2021-08-31T23:36:34
7.49302	-50.04984	0	56	2021-08-31T23:41:30
7.49054	-50.05005	0	56	2021-08-31T23:46:34
7.48801	-50.05029	0	56	2021-08-31T23:51:36
7.48551	-50.05057	0	56	2021-08-31T23:56:37
7.48301	-50.05082	0	56	2021-09-01T00:01:38
7.48052	-50.05099	0	56	2021-09-01T00:06:39
7.47804	-50.05121	0	56	2021-09-01T00:11:39
7.47546	-50.05148	0	56	2021-09-01T00:17:00
7.47316	-50.05188	0	56	2021-09-01T00:21:37
7.47080	-50.05214	0	56	2021-09-01T00:26:38
7.46840	-50.05231	0	56	2021-09-01T00:31:38
7.46603	-50.05252	0	56	2021-09-01T00:36:33
7.46361	-50.05283	0	56	2021-09-01T00:41:34
7.46124	-50.05310	0	56	2021-09-01T00:46:34
7.45884	-50.05338	0	56	2021-09-01T00:51:35
7.45643	-50.05362	0	56	2021-09-01T00:56:35
7.45399	-50.05397	0	56	2021-09-01T01:01:37
7.45167	-50.05423	0	56	2021-09-01T01:06:37
7.44940	-50.05457	0	56	2021-09-01T01:11:38
7.44694	-50.05490	0	56	2021-09-01T01:17:01
7.44477	-50.05525	0	56	2021-09-01T01:21:33
7.44245	-50.05551	0	56	2021-09-01T01:26:33
7.44011	-50.05585	0	56	2021-09-01T01:31:31
7.43780	-50.05627	0	56	2021-09-01T01:36:28
7.43550	-50.05679	0	56	2021-09-01T01:41:28
7.43320	-50.05728	0	56	2021-09-01T01:46:25
7.43085	-50.05780	0	56	2021-09-01T01:51:23
7.42848	-50.05838	0	56	2021-09-01T01:56:20
7.42619	-50.05896	0	56	2021-09-01T02:01:23
7.42386	-50.05954	0	56	2021-09-01T02:06:23
7.42109	-50.06030	0	56	2021-09-01T02:12:23
7.41905	-50.06091	0	56	2021-09-01T02:16:56
7.41707	-50.06143	0	56	2021-09-01T02:21:20
7.41493	-50.06201	0	56	2021-09-01T02:26:16
7.41278	-50.06262	0	56	2021-09-01T02:31:10
7.41061	-50.06329	0	56	2021-09-01T02:36:09
7.40840	-50.06411	0	56	2021-09-01T02:40:59
7.40621	-50.06471	0	56	2021-09-01T02:45:59
7.40402	-50.06531	0	56	2021-09-01T02:50:58
7.40190	-50.06599	0	56	2021-09-01T02:55:59
7.39975	-50.06668	0	56	2021-09-01T03:00:59
7.39765	-50.06732	0	56	2021-09-01T03:06:00
7.39558	-50.06799	0	56	2021-09-01T03:11:00
7.39331	-50.06870	0	56	2021-09-01T03:16:30
7.39140	-50.06932	0	56	2021-09-01T03:21:06
7.38934	-50.07001	0	56	2021-09-01T03:26:06
7.38723	-50.07074	0	56	2021-09-01T03:31:07
7.38519	-50.07138	0	56	2021-09-01T03:36:05
7.38316	-50.07211	0	56	2021-09-01T03:41:06
7.38114	-50.07272	0	56	2021-09-01T03:46:03
7.37907	-50.07336	0	56	2021-09-01T03:51:01
7.37701	-50.07405	0	56	2021-09-01T03:56:02
7.37495	-50.07465	0	56	2021-09-01T04:01:02
7.37285	-50.07529	0	56	2021-09-01T04:06:03
7.37075	-50.07595	0	56	2021-09-01T04:10:56
7.36854	-50.07660	0	56	2021-09-01T04:16:27
7.36672	-50.07724	0	56	2021-09-01T04:20:57
7.36468	-50.07788	0	56	2021-09-01T04:25:54
7.36262	-50.07852	0	56	2021-09-01T04:30:54
7.36056	-50.07917	0	56	2021-09-01T04:35:57
7.35854	-50.07986	0	56	2021-09-01T04:40:57
7.35648	-50.08051	0	56	2021-09-01T04:46:01
7.35448	-50.08118	0	56	2021-09-01T04:51:02
7.35245	-50.08183	0	56	2021-09-01T04:56:06
7.35039	-50.08243	0	56	2021-09-01T05:01:05
7.34831	-50.08316	0	56	2021-09-01T05:06:13
7.34621	-50.08389	0	56	2021-09-01T05:11:15
7.34400	-50.08466	0	56	2021-09-01T05:16:35
7.34203	-50.08527	0	56	2021-09-01T05:21:12
7.33993	-50.08600	0	56	2021-09-01T05:26:15
7.33784	-50.08673	0	56	2021-09-01T05:31:18
7.33573	-50.08749	0	56	2021-09-01T05:36:22
7.33366	-50.08829	0	56	2021-09-01T05:41:19
7.33155	-50.08908	0	56	2021-09-01T05:46:16
7.32946	-50.08990	0	56	2021-09-01T05:51:14
7.32737	-50.09070	0	56	2021-09-01T05:56:10
7.32526	-50.09155	0	56	2021-09-01T06:01:11
7.32316	-50.09246	0	56	2021-09-01T06:06:28
7.32093	-50.09323	0	56	2021-09-01T06:11:28
7.31853	-50.09409	0	56	2021-09-01T06:16:29
7.31654	-50.09479	0	56	2021-09-01T06:21:03
7.31444	-50.09558	0	56	2021-09-01T06:25:58
7.31237	-50.09631	0	56	2021-09-01T06:30:53
7.31028	-50.09705	0	56	2021-09-01T06:35:52
7.30815	-50.09778	0	56	2021-09-01T06:40:47
7.30598	-50.09851	0	56	2021-09-01T06:45:48
7.30383	-50.09921	0	56	2021-09-01T06:50:47
7.30167	-50.09995	0	56	2021-09-01T06:55:46
7.29951	-50.10074	0	56	2021-09-01T07:00:45
7.29729	-50.10153	0	56	2021-09-01T07:05:46
7.29507	-50.10229	0	56	2021-09-01T07:10:44
7.29275	-50.10312	0	56	2021-09-01T07:16:08
7.29072	-50.10388	0	56	2021-09-01T07:20:45
7.28848	-50.10476	0	56	2021-09-01T07:25:47
7.28625	-50.10562	0	56	2021-09-01T07:30:48
7.28402	-50.10651	0	56	2021-09-01T07:35:51
7.28183	-50.10739	0	56	2021-09-01T07:40:50
7.27968	-50.10836	0	56	2021-09-01T07:45:54
7.27753	-50.10922	0	56	2021-09-01T07:50:54
7.27537	-50.11014	0	56	2021-09-01T07:55:55
7.27323	-50.11105	0	56	2021-09-01T08:00:53
7.27115	-50.11197	0	56	2021-09-01T08:05:54
7.26914	-50.11288	0	56	2021-09-01T08:10:51
7.26692	-50.11389	0	56	2021-09-01T08:16:22
7.26513	-50.11472	0	56	2021-09-01T08:20:51
7.26303	-50.11566	0	56	2021-09-01T08:25:54
7.26093	-50.11655	0	56	2021-09-01T08:30:55
7.25882	-50.11746	0	56	2021-09-01T08:35:59
7.25676	-50.11832	0	56	2021-09-01T08:41:00
7.25469	-50.11911	0	56	2021-09-01T08:46:03
7.25257	-50.11996	0	56	2021-09-01T08:51:04
7.25044	-50.12094	0	56	2021-09-01T08:56:07
7.24831	-50.12198	0	56	2021-09-01T09:01:06
7.24616	-50.12292	0	56	2021-09-01T09:06:05
7.24399	-50.12396	0	56	2021-09-01T09:11:08
7.24172	-50.12515	0	56	2021-09-01T09:16:28
7.23968	-50.12625	0	56	2021-09-01T09:21:09
7.23755	-50.12741	0	56	2021-09-01T09:26:11
7.23540	-50.12857	0	56	2021-09-01T09:31:11
7.23328	-50.12978	0	56	2021-09-01T09:36:19
7.23118	-50.13098	0	56	2021-09-01T09:41:18
7.22903	-50.13217	0	56	2021-09-01T09:46:18
7.22694	-50.13333	0	56	2021-09-01T09:51:20
7.22488	-50.13452	0	56	2021-09-01T09:56:23
7.22286	-50.13565	0	56	2021-09-01T10:01:26
7.22087	-50.13675	0	56	2021-09-01T10:06:25
7.21879	-50.13797	0	56	2021-09-01T10:11:27
7.21664	-50.13926	0	56	2021-09-01T10:16:27
7.21484	-50.14029	0	56	2021-09-01T10:21:27
7.21285	-50.14151	0	56	2021-09-01T10:26:29
7.21089	-50.14276	0	56	2021-09-01T10:31:26
7.20897	-50.14401	0	56	2021-09-01T10:36:30
7.20704	-50.14529	0	56	2021-09-01T10:41:29
7.20513	-50.14655	0	56	2021-09-01T10:46:33
7.20321	-50.14788	0	56	2021-09-01T10:51:37
7.20132	-50.14917	0	56	2021-09-01T10:56:37
7.19939	-50.15048	0	56	2021-09-01T11:01:36
7.19746	-50.15182	0	56	2021-09-01T11:06:39
7.19552	-50.15320	0	56	2021-09-01T11:11:37
7.19348	-50.15463	0	56	2021-09-01T11:16:58
7.19167	-50.15588	0	56	2021-09-01T11:21:39
7.18974	-50.15726	0	56	2021-09-01T11:26:38
7.18779	-50.15863	0	56	2021-09-01T11:31:40
7.18588	-50.15994	0	56	2021-09-01T11:36:42
7.18390	-50.16129	0	56	2021-09-01T11:41:41
7.18195	-50.16266	0	56	2021-09-01T11:46:39
7.17999	-50.16403	0	56	2021-09-01T11:51:40
7.17801	-50.16541	0	56	2021-09-01T11:56:37
7.17601	-50.16675	0	56	2021-09-01T12:01:40
7.17406	-50.16809	0	56	2021-09-01T12:06:41
7.17210	-50.16943	0	56	2021-09-01T12:11:39
7.16998	-50.17090	0	56	2021-09-01T12:17:00
7.16825	-50.17215	0	56	2021-09-01T12:21:36
7.16634	-50.17355	0	56	2021-09-01T12:26:33
7.16445	-50.17484	0	56	2021-09-01T12:31:32
7.16259	-50.17612	0	56	2021-09-01T12:36:32
7.16079	-50.17743	0	56	2021-09-01T12:41:32
7.15892	-50.17871	0	56	2021-09-01T12:46:31
7.15713	-50.17999	0	56	2021-09-01T12:51:31
7.15537	-50.18134	0	56	2021-09-01T12:56:32
7.15361	-50.18268	0	56	2021-09-01T13:01:32
7.15181	-50.18413	0	56	2021-09-01T13:06:36
7.15009	-50.18542	0	56	2021-09-01T13:11:35
7.14812	-50.18695	0	56	2021-09-01T13:17:18
7.14663	-50.18814	0	56	2021-09-01T13:21:35
7.14494	-50.18956	0	56	2021-09-01T13:26:32
7.14335	-50.19076	0	56	2021-09-01T13:31:31
7.14176	-50.19196	0	56	2021-09-01T13:36:31
7.14019	-50.19318	0	56	2021-09-01T13:41:32
7.13863	-50.19436	0	56	2021-09-01T13:46:33
7.13717	-50.19556	0	56	2021-09-01T13:51:33
7.13567	-50.19681	0	56	2021-09-01T13:56:31
7.13423	-50.19812	0	56	2021-09-01T14:01:34
7.13277	-50.19934	0	56	2021-09-01T14:06:33
7.13127	-50.20068	0	56	2021-09-01T14:11:30
7.12968	-50.20188	0	56	2021-09-01T14:16:30
7.12856	-50.20282	0	56	2021-09-01T14:21:31
7.12719	-50.20401	0	56	2021-09-01T14:26:32
7.12577	-50.20521	0	56	2021-09-01T14:31:30
7.12440	-50.20633	0	56	2021-09-01T14:36:30
7.12296	-50.20753	0	56	2021-09-01T14:41:30
7.12154	-50.20865	0	56	2021-09-01T14:46:31
7.12019	-50.20984	0	56	2021-09-01T14:51:32
7.11881	-50.21098	0	56	2021-09-01T14:56:26
7.11748	-50.21210	0	56	2021-09-01T15:01:26
7.11612	-50.21323	0	56	2021-09-01T15:06:27
7.11477	-50.21436	0	56	2021-09-01T15:11:24
7.11327	-50.21564	0	56	2021-09-01T15:16:25
7.11207	-50.21667	0	56	2021-09-01T15:21:26
7.11077	-50.21783	0	56	2021-09-01T15:26:25
7.10947	-50.21902	0	56	2021-09-01T15:31:21
7.10814	-50.22018	0	56	2021-09-01T15:36:23
7.10685	-50.22131	0	56	2021-09-01T15:41:24
7.10553	-50.22244	0	56	2021-09-01T15:46:22
7.10422	-50.22366	0	56	2021-09-01T15:51:20
7.10293	-50.22487	0	56	2021-09-01T15:56:23
7.10164	-50.22607	0	56	2021-09-01T16:01:22
7.10038	-50.22723	0	56	2021-09-01T16:06:21
7.09906	-50.22845	0	56	2021-09-01T16:11:22
7.09755	-50.22984	0	56	2021-09-01T16:16:19
7.09639	-50.23087	0	56	2021-09-01T16:21:19
7.09504	-50.23206	0	56	2021-09-01T16:26:20
7.09368	-50.23328	0	56	2021-09-01T16:31:22
7.09233	-50.23458	0	56	2021-09-01T16:36:23
7.09097	-50.23566	0	56	2021-09-01T16:41:24
7.08959	-50.23682	0	56	2021-09-01T16:46:22
7.08822	-50.23804	0	56	2021-09-01T16:51:25
7.08684	-50.23923	0	56	2021-09-01T16:56:25
7.08549	-50.24039	0	56	2021-09-01T17:01:27
7.08418	-50.24158	0	56	2021-09-01T17:06:24
7.08293	-50.24279	0	56	2021-09-01T17:11:56
7.08160	-50.24399	0	56	2021-09-01T17:16:56
7.08052	-50.24512	0	56	2021-09-01T17:21:20
7.07934	-50.24631	0	56	2021-09-01T17:26:21
7.07816	-50.24753	0	56	2021-09-01T17:31:20
7.07697	-50.24875	0	56	2021-09-01T17:36:21
7.07576	-50.24994	0	56	2021-09-01T17:41:19
7.07460	-50.25110	0	56	2021-09-01T17:46:20
7.07341	-50.25232	0	56	2021-09-01T17:51:21
7.07220	-50.25351	0	56	2021-09-01T17:56:20
7.07100	-50.25470	0	56	2021-09-01T18:01:22
7.06984	-50.25589	0	56	2021-09-01T18:06:20
7.06868	-50.25708	0	56	2021-09-01T18:11:19
7.06730	-50.25845	0	56	2021-09-01T18:16:56
7.06623	-50.25955	0	56	2021-09-01T18:21:22
7.06503	-50.26082	0	56	2021-09-01T18:26:22
7.06387	-50.26211	0	56	2021-09-01T18:31:21
7.06275	-50.26340	0	56	2021-09-01T18:36:21
7.06158	-50.26465	0	56	2021-09-01T18:41:24
7.06041	-50.26600	0	56	2021-09-01T18:46:22
7.05929	-50.26720	0	56	2021-09-01T18:51:23
7.05817	-50.26840	0	56	2021-09-01T18:56:23
7.05699	-50.26965	0	56	2021-09-01T19:01:25
7.05583	-50.27093	0	56	2021-09-01T19:06:26
7.05471	-50.27213	0	56	2021-09-01T19:11:26
7.05351	-50.27347	0	56	2021-09-01T19:16:55
7.05257	-50.27463	0	56	2021-09-01T19:21:28
7.05151	-50.27588	0	56	2021-09-01T19:26:29
7.05043	-50.27716	0	56	2021-09-01T19:31:30
7.04935	-50.27844	0	56	2021-09-01T19:36:31
7.04827	-50.27972	0	56	2021-09-01T19:41:28
7.04714	-50.28101	0	56	2021-09-01T19:46:29
7.04602	-50.28235	0	56	2021-09-01T19:51:29
7.04492	-50.28369	0	56	2021-09-01T19:56:26
7.04380	-50.28510	0	56	2021-09-01T20:01:27
7.04271	-50.28656	0	56	2021-09-01T20:06:25
7.04163	-50.28799	0	56	2021-09-01T20:11:21
7.04038	-50.28961	0	56	2021-09-01T20:16:56
7.03944	-50.29095	0	56	2021-09-01T20:21:23
7.03834	-50.29239	0	56	2021-09-01T20:26:21
7.03720	-50.29385	0	56	2021-09-01T20:31:24
7.03604	-50.29532	0	56	2021-09-01T20:36:22
7.03485	-50.29678	0	56	2021-09-01T20:41:19
7.03369	-50.29828	0	56	2021-09-01T20:46:21
7.03254	-50.29984	0	56	2021-09-01T20:51:23
7.03138	-50.30136	0	56	2021-09-01T20:56:22
7.03024	-50.30295	0	56	2021-09-01T21:01:21
7.02908	-50.30453	0	56	2021-09-01T21:06:23
7.02794	-50.30600	0	56	2021-09-01T21:11:21
7.02663	-50.30776	0	56	2021-09-01T21:16:25
7.02560	-50.30905	0	56	2021-09-01T21:21:25
7.02445	-50.31055	0	56	2021-09-01T21:26:23
7.02322	-50.31210	0	56	2021-09-01T21:31:24
7.02201	-50.31366	0	56	2021-09-01T21:36:23
7.02081	-50.31526	0	56	2021-09-01T21:41:22
7.01965	-50.31680	0	56	2021-09-01T21:46:22
7.01850	-50.31836	0	56	2021-09-01T21:51:23
7.01730	-50.31993	0	56	2021-09-01T21:56:24
7.01606	-50.32147	0	56	2021-09-01T22:01:25
7.01488	-50.32306	0	56	2021-09-01T22:06:23
7.01371	-50.32471	0	56	2021-09-01T22:11:26
7.01238	-50.32648	0	56	2021-09-01T22:16:55
7.01130	-50.32802	0	56	2021-09-01T22:21:25
7.01014	-50.32965	0	56	2021-09-01T22:26:25
7.00902	-50.33130	0	56	2021-09-01T22:31:22
7.00784	-50.33299	0	56	2021-09-01T22:36:22
7.00672	-50.33453	0	56	2021-09-01T22:41:21
7.00561	-50.33609	0	56	2021-09-01T22:46:20
7.00451	-50.33768	0	56	2021-09-01T22:51:19
7.00341	-50.33923	0	56	2021-09-01T22:56:16
7.00230	-50.34084	0	56	2021-09-01T23:01:13
7.00114	-50.34247	0	56	2021-09-01T23:06:13
6.99993	-50.34412	0	56	2021-09-01T23:11:14
6.99867	-50.34609	0	56	2021-09-01T23:16:07
6.99755	-50.34763	0	56	2021-09-01T23:21:08
6.99626	-50.34934	0	56	2021-09-01T23:26:06
6.99506	-50.35097	0	56	2021-09-01T23:31:06
6.99390	-50.35260	0	56	2021-09-01T23:36:07
6.99277	-50.35422	0	56	2021-09-01T23:41:06
6.99166	-50.35583	0	56	2021-09-01T23:46:07
6.99063	-50.35745	0	56	2021-09-01T23:51:08
6.98963	-50.35904	0	56	2021-09-01T23:56:06
6.98862	-50.36066	0	56	2021-09-02T00:01:07
6.98761	-50.36227	0	56	2021-09-02T00:06:04
6.98660	-50.36395	0	56	2021-09-02T00:11:04
6.98546	-50.36578	0	56	2021-09-02T00:16:25
6.98443	-50.36737	0	56	2021-09-02T00:21:00
6.98330	-50.36905	0	56	2021-09-02T00:25:58
6.98214	-50.37081	0	56	2021-09-02T00:30:59
6.98107	-50.37244	0	56	2021-09-02T00:35:58
6.98004	-50.37408	0	56	2021-09-02T00:40:59
6.97909	-50.37570	0	56	2021-09-02T00:46:03
6.97819	-50.37735	0	56	2021-09-02T00:51:03
6.97732	-50.37900	0	56	2021-09-02T00:56:06
6.97647	-50.38062	0	56	2021-09-02T01:01:09
6.97560	-50.38234	0	56	2021-09-02T01:06:36
6.97474	-50.38397	0	56	2021-09-02T01:11:35
6.97380	-50.38577	0	56	2021-09-02T01:16:35
6.97297	-50.38739	0	56	2021-09-02T01:21:13
6.97210	-50.38913	0	56	2021-09-02T01:26:14
6.97125	-50.39087	0	56	2021-09-02T01:31:15
6.97040	-50.39255	0	56	2021-09-02T01:36:15
6.96953	-50.39420	0	56	2021-09-02T01:41:13
6.96856	-50.39584	0	56	2021-09-02T01:46:13
6.96759	-50.39749	0	56	2021-09-02T01:51:14
6.96660	-50.39911	0	56	2021-09-02T01:56:11
6.96558	-50.40070	0	56	2021-09-02T02:01:12
6.96461	-50.40234	0	56	2021-09-02T02:06:10
6.96363	-50.40399	0	56	2021-09-02T02:11:11
6.96252	-50.40582	0	56	2021-09-02T02:16:27
6.96153	-50.40753	0	56	2021-09-02T02:21:09
6.96050	-50.40936	0	56	2021-09-02T02:26:08
6.95949	-50.41122	0	56	2021-09-02T02:31:09
6.95849	-50.41309	0	56	2021-09-02T02:36:07
6.95747	-50.41501	0	56	2021-09-02T02:41:07
6.95648	-50.41681	0	56	2021-09-02T02:46:07
6.95548	-50.41870	0	56	2021-09-02T02:51:09
6.95448	-50.42062	0	56	2021-09-02T02:56:06
6.95350	-50.42249	0	56	2021-09-02T03:01:07
6.95260	-50.42438	0	56	2021-09-02T03:06:08
6.95167	-50.42627	0	56	2021-09-02T03:11:09
6.95064	-50.42819	0	56	2021-09-02T03:16:25
6.94983	-50.42999	0	56	2021-09-02T03:21:10
6.94895	-50.43192	0	56	2021-09-02T03:26:10
6.94812	-50.43381	0	56	2021-09-02T03:31:11
6.94733	-50.43570	0	56	2021-09-02T03:36:09
6.94654	-50.43762	0	56	2021-09-02T03:41:09
6.94574	-50.43954	0	56	2021-09-02T03:46:10
6.94498	-50.44150	0	56	2021-09-02T03:51:11
6.94424	-50.44348	0	56	2021-09-02T03:56:08
6.94352	-50.44548	0	56	2021-09-02T04:01:08
6.94288	-50.44745	0	56	2021-09-02T04:06:07
6.94227	-50.44943	0	56	2021-09-02T04:11:06
6.94164	-50.45154	0	56	2021-09-02T04:16:27
6.94121	-50.45334	0	56	2021-09-02T04:21:04
6.94070	-50.45529	0	56	2021-09-02T04:26:02
6.94021	-50.45728	0	56	2021-09-02T04:31:03
6.93971	-50.45929	0	56	2021-09-02T04:36:01
6.93924	-50.46140	0	56	2021-09-02T04:41:00
6.93885	-50.46353	0	56	2021-09-02T04:46:01
6.93854	-50.46564	0	56	2021-09-02T04:51:02
6.93824	-50.46768	0	56	2021-09-02T04:56:02
6.93795	-50.46977	0	56	2021-09-02T05:01:03
6.93774	-50.47183	0	56	2021-09-02T05:06:02
6.93753	-50.47397	0	56	2021-09-02T05:11:01
6.93725	-50.47644	0	56	2021-09-02T05:16:27
6.93704	-50.47852	0	56	2021-09-02T05:21:05
6.93681	-50.48077	0	56	2021-09-02T05:26:05
6.93663	-50.48300	0	56	2021-09-02T05:31:06
6.93649	-50.48526	0	56	2021-09-02T05:36:09
6.93637	-50.48752	0	56	2021-09-02T05:41:11
6.93624	-50.48984	0	56	2021-09-02T05:46:12
6.93604	-50.49219	0	56	2021-09-02T05:51:14
6.93581	-50.49460	0	56	2021-09-02T05:56:18
6.93557	-50.49695	0	56	2021-09-02T06:01:17
6.93531	-50.49942	0	56	2021-09-02T06:06:16
6.93501	-50.50180	0	56	2021-09-02T06:11:19
6.93470	-50.50452	0	56	2021-09-02T06:16:53
6.93450	-50.50668	0	56	2021-09-02T06:21:22
6.93429	-50.50919	0	56	2021-09-02T06:26:23
6.93413	-50.51178	0	56	2021-09-02T06:31:24
6.93398	-50.51437	0	56	2021-09-02T06:36:23
6.93388	-50.51691	0	56	2021-09-02T06:41:25
6.93379	-50.51938	0	56	2021-09-02T06:46:26
6.93368	-50.52189	0	56	2021-09-02T06:51:24
6.93359	-50.52438	0	56	2021-09-02T06:56:24
6.93345	-50.52698	0	56	2021-09-02T07:01:25
6.93330	-50.52960	0	56	2021-09-02T07:06:22
6.93314	-50.53226	0	56	2021-09-02T07:11:23
6.93296	-50.53522	0	56	2021-09-02T07:16:54
6.93286	-50.53757	0	56	2021-09-02T07:21:21
6.93280	-50.54019	0	56	2021-09-02T07:26:18
6.93281	-50.54279	0	56	2021-09-02T07:31:15
6.93283	-50.54541	0	56	2021-09-02T07:36:16
6.93288	-50.54807	0	56	2021-09-02T07:41:16
6.93293	-50.55072	0	56	2021-09-02T07:46:13
6.93298	-50.55341	0	56	2021-09-02T07:51:14
6.93306	-50.55609	0	56	2021-09-02T07:56:11
6.93315	-50.55869	0	56	2021-09-02T08:01:08
6.93328	-50.56131	0	56	2021-09-02T08:06:09
6.93349	-50.56390	0	56	2021-09-02T08:11:06
6.93374	-50.56656	0	56	2021-09-02T08:16:26
6.93393	-50.56894	0	56	2021-09-02T08:21:08
6.93415	-50.57144	0	56	2021-09-02T08:26:06
6.93440	-50.57397	0	56	2021-09-02T08:31:08
6.93469	-50.57648	0	56	2021-09-02T08:36:06
6.93503	-50.57896	0	56	2021-09-02T08:41:06
6.93533	-50.58145	0	56	2021-09-02T08:46:05
6.93563	-50.58392	0	56	2021-09-02T08:51:06
6.93594	-50.58636	0	56	2021-09-02T08:56:07
6.93618	-50.58881	0	56	2021-09-02T09:01:07
6.93647	-50.59122	0	56	2021-09-02T09:06:04
6.93681	-50.59363	0	56	2021-09-02T09:11:05
6.93721	-50.59619	0	56	2021-09-02T09:16:25
6.93758	-50.59845	0	56	2021-09-02T09:21:06
6.93795	-50.60083	0	56	2021-09-02T09:26:04
6.93834	-50.60327	0	56	2021-09-02T09:31:07
6.93875	-50.60571	0	56	2021-09-02T09:36:05
6.93914	-50.60813	0	56	2021-09-02T09:41:09
6.93940	-50.61053	0	56	2021-09-02T09:46:08
6.93974	-50.61292	0	56	2021-09-02T09:51:07
6.94013	-50.61526	0	56	2021-09-02T09:56:05
6.94058	-50.61758	0	56	2021-09-02T10:01:05
6.94101	-50.61981	0	56	2021-09-02T10:06:05
6.94147	-50.62204	0	56	2021-09-02T10:11:06
6.94201	-50.62443	0	56	2021-09-02T10:15:59
6.94244	-50.62649	0	56	2021-09-02T10:20:58
6.94283	-50.62872	0	56	2021-09-02T10:25:59
6.94318	-50.63101	0	56	2021-09-02T10:30:52
6.94353	-50.63330	0	56	2021-09-02T10:35:49
6.94393	-50.63565	0	56	2021-09-02T10:40:42
6.94432	-50.63797	0	56	2021-09-02T10:45:42
6.94477	-50.64026	0	56	2021-09-02T10:50:36
6.94524	-50.64261	0	56	2021-09-02T10:55:35
6.94570	-50.64493	0	56	2021-09-02T11:00:37
6.94618	-50.64732	0	56	2021-09-02T11:05:54
6.94661	-50.64955	0	56	2021-09-02T11:10:55
6.94708	-50.65195	0	56	2021-09-02T11:15:55
6.94753	-50.65411	0	56	2021-09-02T11:20:38
6.94796	-50.65640	0	56	2021-09-02T11:25:38
6.94837	-50.65863	0	56	2021-09-02T11:30:35
6.94878	-50.66083	0	56	2021-09-02T11:35:33
6.94920	-50.66299	0	56	2021-09-02T11:40:31
6.94954	-50.66519	0	56	2021-09-02T11:45:30
6.94987	-50.66745	0	56	2021-09-02T11:50:27
6.95025	-50.66971	0	56	2021-09-02T11:55:23
6.95061	-50.67194	0	56	2021-09-02T12:00:25
6.95104	-50.67419	0	56	2021-09-02T12:05:24
6.95145	-50.67647	0	56	2021-09-02T12:10:54
6.95192	-50.67896	0	56	2021-09-02T12:15:54
6.95224	-50.68106	0	56	2021-09-02T12:20:27
6.95256	-50.68335	0	56	2021-09-02T12:25:25
6.95297	-50.68570	0	56	2021-09-02T12:30:19
6.95340	-50.68793	0	56	2021-09-02T12:35:19
6.95383	-50.69016	0	56	2021-09-02T12:40:20
6.95424	-50.69247	0	56	2021-09-02T12:45:20
6.95470	-50.69479	0	56	2021-09-02T12:50:17
6.95518	-50.69711	0	56	2021-09-02T12:55:18
6.95565	-50.69940	0	56	2021-09-02T13:00:18
6.95603	-50.70173	0	56	2021-09-02T13:05:24
6.95633	-50.70405	0	56	2021-09-02T13:10:25
6.95659	-50.70645	0	56	2021-09-02T13:15:25
6.95681	-50.70865	0	56	2021-09-02T13:20:04
6.95695	-50.71100	0	56	2021-09-02T13:25:00
6.95705	-50.71345	0	56	2021-09-02T13:29:53
6.95705	-50.71585	0	56	2021-09-02T13:34:53
6.95714	-50.71817	0	56	2021-09-02T13:39:52
6.95731	-50.72058	0	56	2021-09-02T13:44:52
6.95754	-50.72293	0	56	2021-09-02T13:49:49
6.95775	-50.72508	0	56	2021-09-02T13:54:50
6.95796	-50.72723	0	56	2021-09-02T13:59:50
6.95821	-50.72934	0	56	2021-09-02T14:04:47
6.95856	-50.73145	0	56	2021-09-02T14:09:50
6.95897	-50.73392	0	56	2021-09-02T14:15:27
6.95927	-50.73587	0	56	2021-09-02T14:19:50
6.95956	-50.73807	0	56	2021-09-02T14:24:54
6.95987	-50.74030	0	56	2021-09-02T14:29:56
6.96018	-50.74252	0	56	2021-09-02T14:34:57
6.96047	-50.74472	0	56	2021-09-02T14:39:57
6.96082	-50.74692	0	56	2021-09-02T14:44:54
6.96118	-50.74908	0	56	2021-09-02T14:49:52
6.96148	-50.75128	0	56	2021-09-02T14:54:50
6.96183	-50.75353	0	56	2021-09-02T14:59:47
6.96217	-50.75568	0	56	2021-09-02T15:04:47
6.96261	-50.75787	0	56	2021-09-02T15:09:44
6.96308	-50.76025	0	56	2021-09-02T15:15:05
6.96359	-50.76240	0	56	2021-09-02T15:19:38
6.96415	-50.76455	0	56	2021-09-02T15:24:38
6.96471	-50.76678	0	56	2021-09-02T15:29:38
6.96529	-50.76910	0	56	2021-09-02T15:34:37
6.96597	-50.77154	0	56	2021-09-02T15:39:42
6.96664	-50.77377	0	56	2021-09-02T15:44:38
6.96735	-50.77618	0	56	2021-09-02T15:49:43
6.96812	-50.77853	0	56	2021-09-02T15:54:44
6.96900	-50.78088	0	56	2021-09-02T15:59:45
6.97003	-50.78318	0	56	2021-09-02T16:05:25
6.97102	-50.78550	0	56	2021-09-02T16:10:25
6.97209	-50.78799	0	56	2021-09-02T16:15:26
6.97299	-50.79001	0	56	2021-09-02T16:19:51
6.97408	-50.79227	0	56	2021-09-02T16:24:50
6.97513	-50.79446	0	56	2021-09-02T16:29:45
6.97626	-50.79669	0	56	2021-09-02T16:34:44
6.97747	-50.79891	0	56	2021-09-02T16:39:43
6.97871	-50.80106	0	56	2021-09-02T16:44:43
6.97994	-50.80328	0	56	2021-09-02T16:49:42
6.98116	-50.80545	0	56	2021-09-02T16:54:39
6.98241	-50.80765	0	56	2021-09-02T16:59:36
6.98369	-50.80984	0	56	2021-09-02T17:04:37
6.98507	-50.81201	0	56	2021-09-02T17:09:34
6.98665	-50.81433	0	56	2021-09-02T17:14:56
6.98795	-50.81638	0	56	2021-09-02T17:19:35
6.98939	-50.81854	0	56	2021-09-02T17:24:36
6.99088	-50.82065	0	56	2021-09-02T17:29:33
6.99242	-50.82272	0	56	2021-09-02T17:34:30
6.99399	-50.82474	0	56	2021-09-02T17:39:27
6.99553	-50.82681	0	56	2021-09-02T17:44:27
6.99708	-50.82895	0	56	2021-09-02T17:49:28
6.99867	-50.83105	0	56	2021-09-02T17:54:27
7.00027	-50.83316	0	56	2021-09-02T17:59:31
7.00189	-50.83527	0	56	2021-09-02T18:04:31
7.00342	-50.83740	0	56	2021-09-02T18:09:33
7.00524	-50.83994	0	56	2021-09-02T18:15:24
7.00655	-50.84180	0	56	2021-09-02T18:19:37
7.00812	-50.84393	0	56	2021-09-02T18:24:34
7.00975	-50.84601	0	56	2021-09-02T18:29:35
7.01150	-50.84816	0	56	2021-09-02T18:34:32
7.01309	-50.85022	0	56	2021-09-02T18:39:32
7.01472	-50.85233	0	56	2021-09-02T18:44:30
7.01791	-50.85663	0	56	2021-09-02T18:54:27
7.01942	-50.85879	0	56	2021-09-02T18:59:28
7.02092	-50.86102	0	56	2021-09-02T19:04:27
7.02250	-50.86322	0	56	2021-09-02T19:09:28
7.02421	-50.86563	0	56	2021-09-02T19:14:55
7.02556	-50.86771	0	56	2021-09-02T19:19:29
7.02712	-50.86987	0	56	2021-09-02T19:24:29
7.03017	-50.87427	0	56	2021-09-02T19:34:31
7.03182	-50.87651	0	56	2021-09-02T19:39:35
7.03354	-50.87857	0	56	2021-09-02T19:44:34
7.03512	-50.88071	0	56	2021-09-02T19:49:35
7.03670	-50.88284	0	56	2021-09-02T19:54:38
7.03831	-50.88506	0	56	2021-09-02T19:59:40
7.03994	-50.88712	0	56	2021-09-02T20:04:40
7.04159	-50.88919	0	56	2021-09-02T20:09:38
7.04355	-50.89145	0	56	2021-09-02T20:15:08
7.04512	-50.89334	0	56	2021-09-02T20:19:43
7.04690	-50.89536	0	56	2021-09-02T20:24:41
7.04866	-50.89731	0	56	2021-09-02T20:29:44
7.05042	-50.89935	0	56	2021-09-02T20:34:44
7.05214	-50.90138	0	56	2021-09-02T20:39:46
7.05390	-50.90335	0	56	2021-09-02T20:44:46
7.05577	-50.90540	0	56	2021-09-02T20:49:48
7.05776	-50.90756	0	56	2021-09-02T20:54:48
7.05980	-50.90985	0	56	2021-09-02T20:59:54
7.06173	-50.91191	0	56	2021-09-02T21:04:54
7.06362	-50.91397	0	56	2021-09-02T21:09:54
7.06566	-50.91635	0	56	2021-09-02T21:15:26
7.06735	-50.91827	0	56	2021-09-02T21:19:56
7.06923	-50.92038	0	56	2021-09-02T21:24:55
7.07121	-50.92239	0	56	2021-09-02T21:29:58
7.07315	-50.92441	0	56	2021-09-02T21:35:00
7.07507	-50.92645	0	56	2021-09-02T21:40:01
7.07709	-50.92838	0	56	2021-09-02T21:45:01
7.07914	-50.93039	0	56	2021-09-02T21:50:06
7.08125	-50.93234	0	56	2021-09-02T21:55:06
7.08334	-50.93433	0	56	2021-09-02T22:00:10
7.08544	-50.93622	0	56	2021-09-02T22:05:09
7.08745	-50.93808	0	56	2021-09-02T22:10:12
7.08969	-50.94003	0	56	2021-09-02T22:15:38
7.09156	-50.94168	0	56	2021-09-02T22:20:10
7.09354	-50.94357	0	56	2021-09-02T22:25:12
7.09556	-50.94550	0	56	2021-09-02T22:30:13
7.09754	-50.94742	0	56	2021-09-02T22:35:11
7.09949	-50.94937	0	56	2021-09-02T22:40:14
7.10145	-50.95124	0	56	2021-09-02T22:45:14
7.10342	-50.95313	0	56	2021-09-02T22:50:13
7.10538	-50.95503	0	56	2021-09-02T22:55:13
7.10727	-50.95700	0	56	2021-09-02T23:00:14
7.10922	-50.95892	0	56	2021-09-02T23:05:12
7.11123	-50.96088	0	56	2021-09-02T23:10:12
7.11339	-50.96301	0	56	2021-09-02T23:15:36
7.11524	-50.96480	0	56	2021-09-02T23:20:10
7.11721	-50.96677	0	56	2021-09-02T23:25:10
7.11918	-50.96878	0	56	2021-09-02T23:30:07
7.12113	-50.97083	0	56	2021-09-02T23:35:06
7.12305	-50.97275	0	56	2021-09-02T23:40:06
7.12494	-50.97470	0	56	2021-09-02T23:45:02
7.12880	-50.97884	0	56	2021-09-02T23:54:49
7.13086	-50.98081	0	56	2021-09-02T23:59:49
7.13292	-50.98270	0	56	2021-09-03T00:04:49
7.13492	-50.98459	0	56	2021-09-03T00:09:45
7.13719	-50.98654	0	56	2021-09-03T00:15:08
7.13910	-50.98825	0	56	2021-09-03T00:19:45
7.14116	-50.99026	0	56	2021-09-03T00:24:45
7.14314	-50.99207	0	56	2021-09-03T00:29:48
7.14531	-50.99399	0	56	2021-09-03T00:34:53
7.14741	-50.99588	0	56	2021-09-03T00:39:53
7.14967	-50.99777	0	56	2021-09-03T00:44:54
7.15191	-50.99973	0	56	2021-09-03T00:49:58
7.15406	-51.00168	0	56	2021-09-03T00:54:54
7.15629	-51.00357	0	56	2021-09-03T00:59:53
7.15850	-51.00546	0	56	2021-09-03T01:04:53
7.16067	-51.00735	0	56	2021-09-03T01:09:50
7.16329	-51.00975	0	56	2021-09-03T01:14:46
7.16514	-51.01147	0	56	2021-09-03T01:19:45
7.16735	-51.01340	0	56	2021-09-03T01:24:44
7.16958	-51.01535	0	56	2021-09-03T01:29:45
7.17178	-51.01730	0	56	2021-09-03T01:34:43
7.17400	-51.01932	0	56	2021-09-03T01:39:40
7.17623	-51.02139	0	56	2021-09-03T01:44:41
7.17856	-51.02350	0	56	2021-09-03T01:49:41
7.18079	-51.02547	0	56	2021-09-03T01:54:41
7.18302	-51.02744	0	56	2021-09-03T01:59:40
7.18529	-51.02951	0	56	2021-09-03T02:04:39
7.18762	-51.03149	0	56	2021-09-03T02:09:36
7.19016	-51.03366	0	56	2021-09-03T02:14:35
7.19239	-51.03555	0	56	2021-09-03T02:19:35
7.19467	-51.03766	0	56	2021-09-03T02:24:32
7.19702	-51.03986	0	56	2021-09-03T02:29:34
7.19939	-51.04199	0	56	2021-09-03T02:34:33
7.20175	-51.04413	0	56	2021-09-03T02:39:34
7.20418	-51.04626	0	56	2021-09-03T02:44:32
7.20659	-51.04834	0	56	2021-09-03T02:49:33
7.20898	-51.05045	0	56	2021-09-03T02:54:30
7.21139	-51.05258	0	56	2021-09-03T02:59:31
7.21379	-51.05472	0	56	2021-09-03T03:04:31
7.21639	-51.05688	0	56	2021-09-03T03:09:48
7.21880	-51.05902	0	56	2021-09-03T03:14:55
7.22111	-51.06104	0	56	2021-09-03T03:19:39
7.22351	-51.06310	0	56	2021-09-03T03:24:39
7.22600	-51.06525	0	56	2021-09-03T03:29:40
7.22848	-51.06735	0	56	2021-09-03T03:34:37
7.23102	-51.06943	0	56	2021-09-03T03:39:38
7.23358	-51.07149	0	56	2021-09-03T03:44:37
7.23615	-51.07355	0	56	2021-09-03T03:49:36
7.23881	-51.07562	0	56	2021-09-03T03:54:35
7.24414	-51.07979	0	56	2021-09-03T04:04:56
7.24675	-51.08182	0	56	2021-09-03T04:09:34
7.24959	-51.08408	0	56	2021-09-03T04:14:55
7.25204	-51.08597	0	56	2021-09-03T04:19:33
7.26026	-51.09200	0	56	2021-09-03T04:34:27
7.26301	-51.09397	0	56	2021-09-03T04:39:28
7.26571	-51.09586	0	56	2021-09-03T04:44:28
7.26843	-51.09787	0	56	2021-09-03T04:49:29
7.27106	-51.09982	0	56	2021-09-03T04:54:24
7.27366	-51.10193	0	56	2021-09-03T04:59:25
7.27625	-51.10403	0	56	2021-09-03T05:04:22
7.27891	-51.10602	0	56	2021-09-03T05:09:22
7.28193	-51.10822	0	56	2021-09-03T05:14:58
7.28436	-51.11002	0	56	2021-09-03T05:19:26
7.28705	-51.11209	0	56	2021-09-03T05:24:25
7.28972	-51.11407	0	56	2021-09-03T05:29:28
7.29252	-51.11600	0	56	2021-09-03T05:34:26
7.29532	-51.11789	0	56	2021-09-03T05:39:27
7.29821	-51.11984	0	56	2021-09-03T05:44:28
7.30104	-51.12173	0	56	2021-09-03T05:49:29
7.30386	-51.12369	0	56	2021-09-03T05:54:29
7.30665	-51.12549	0	56	2021-09-03T05:59:29
7.30952	-51.12738	0	56	2021-09-03T06:04:26
7.31238	-51.12921	0	56	2021-09-03T06:09:28
7.31559	-51.13127	0	56	2021-09-03T06:14:29
7.31825	-51.13290	0	56	2021-09-03T06:19:29
7.32118	-51.13474	0	56	2021-09-03T06:24:27
7.32410	-51.13663	0	56	2021-09-03T06:29:29
7.32705	-51.13855	0	56	2021-09-03T06:34:29
7.33001	-51.14044	0	56	2021-09-03T06:39:30
7.33305	-51.14230	0	56	2021-09-03T06:44:30
7.33918	-51.14611	0	56	2021-09-03T06:54:31
7.34214	-51.14791	0	56	2021-09-03T06:59:30
7.34519	-51.14963	0	56	2021-09-03T07:04:30
7.34829	-51.15143	0	56	2021-09-03T07:09:32
7.35164	-51.15337	0	56	2021-09-03T07:14:36
7.35456	-51.15491	0	56	2021-09-03T07:19:37
7.35774	-51.15671	0	56	2021-09-03T07:24:37
7.36086	-51.15854	0	56	2021-09-03T07:29:35
7.36399	-51.16034	0	56	2021-09-03T07:34:36
7.36715	-51.16214	0	56	2021-09-03T07:39:40
7.37036	-51.16388	0	56	2021-09-03T07:44:38
7.37363	-51.16564	0	56	2021-09-03T07:49:38
7.37685	-51.16727	0	56	2021-09-03T07:54:38
7.38005	-51.16902	0	56	2021-09-03T07:59:38
7.38323	-51.17065	0	56	2021-09-03T08:04:37
7.38643	-51.17233	0	56	2021-09-03T08:09:36
7.38986	-51.17407	0	56	2021-09-03T08:14:57
7.39287	-51.17557	0	56	2021-09-03T08:19:30
7.39611	-51.17709	0	56	2021-09-03T08:24:29
7.39936	-51.17862	0	56	2021-09-03T08:29:28
7.40260	-51.18021	0	56	2021-09-03T08:34:27
7.40582	-51.18179	0	56	2021-09-03T08:39:26
7.40899	-51.18331	0	56	2021-09-03T08:44:24
7.41221	-51.18485	0	56	2021-09-03T08:49:24
7.41543	-51.18631	0	56	2021-09-03T08:54:23
7.41867	-51.18781	0	56	2021-09-03T08:59:23
7.42188	-51.18941	0	56	2021-09-03T09:04:54
7.42510	-51.19087	0	56	2021-09-03T09:09:55
7.42875	-51.19250	0	56	2021-09-03T09:14:55
7.43169	-51.19379	0	56	2021-09-03T09:19:23
7.43492	-51.19529	0	56	2021-09-03T09:24:22
7.43814	-51.19675	0	56	2021-09-03T09:29:21
7.44135	-51.19821	0	56	2021-09-03T09:34:21
7.44460	-51.19965	0	56	2021-09-03T09:39:18
7.44792	-51.20118	0	56	2021-09-03T09:44:12
7.45114	-51.20255	0	56	2021-09-03T09:49:12
7.45436	-51.20401	0	56	2021-09-03T09:54:13
7.45766	-51.20544	0	56	2021-09-03T09:59:10
7.46094	-51.20685	0	56	2021-09-03T10:04:12
7.46419	-51.20825	0	56	2021-09-03T10:09:12
7.46771	-51.20984	0	56	2021-09-03T10:14:38
7.47402	-51.21259	0	56	2021-09-03T10:24:14
7.47728	-51.21396	0	56	2021-09-03T10:29:15
7.48054	-51.21533	0	56	2021-09-03T10:34:15
7.48381	-51.21674	0	56	2021-09-03T10:39:14
7.48705	-51.21814	0	56	2021-09-03T10:44:14
7.49024	-51.21951	0	56	2021-09-03T10:49:11
7.49349	-51.22089	0	56	2021-09-03T10:54:12
7.49671	-51.22229	0	56	2021-09-03T10:59:12
7.49994	-51.22369	0	56	2021-09-03T11:04:12
7.50318	-51.22504	0	56	2021-09-03T11:09:14
7.50662	-51.22665	0	56	2021-09-03T11:14:35
7.50956	-51.22787	0	56	2021-09-03T11:19:09
7.51282	-51.22922	0	56	2021-09-03T11:24:08
7.51623	-51.23064	0	56	2021-09-03T11:29:07
7.51951	-51.23187	0	56	2021-09-03T11:34:11
7.52279	-51.23322	0	56	2021-09-03T11:39:08
7.52607	-51.23453	0	56	2021-09-03T11:44:05
7.52937	-51.23581	0	56	2021-09-03T11:49:05
7.53263	-51.23712	0	56	2021-09-03T11:54:06
7.53586	-51.23842	0	56	2021-09-03T11:59:03
7.53912	-51.23962	0	56	2021-09-03T12:04:03
7.54235	-51.24088	0	56	2021-09-03T12:09:02
7.54580	-51.24218	0	56	2021-09-03T12:14:06
7.54880	-51.24338	0	56	2021-09-03T12:19:06
7.55204	-51.24469	0	56	2021-09-03T12:24:08
7.55529	-51.24597	0	56	2021-09-03T12:29:09
7.55853	-51.24736	0	56	2021-09-03T12:34:14
7.56171	-51.24865	0	56	2021-09-03T12:39:14
7.56493	-51.24985	0	56	2021-09-03T12:44:15
7.56813	-51.25113	0	56	2021-09-03T12:49:15
7.57135	-51.25244	0	56	2021-09-03T12:54:17
7.57458	-51.25372	0	56	2021-09-03T12:59:18
7.57785	-51.25507	0	56	2021-09-03T13:04:18
7.58476	-51.25802	0	56	2021-09-03T13:14:24
7.58759	-51.25922	0	56	2021-09-03T13:19:25
7.59081	-51.26059	0	56	2021-09-03T13:24:25
7.59401	-51.26199	0	56	2021-09-03T13:29:23
7.59731	-51.26337	0	56	2021-09-03T13:34:26
7.60062	-51.26468	0	56	2021-09-03T13:39:25
7.60396	-51.26610	0	56	2021-09-03T13:44:26
7.60723	-51.26736	0	56	2021-09-03T13:49:26
7.61057	-51.26868	0	56	2021-09-03T13:54:27
7.61395	-51.27006	0	56	2021-09-03T13:59:32
7.61724	-51.27133	0	56	2021-09-03T14:04:29
7.62060	-51.27264	0	56	2021-09-03T14:09:33
7.62424	-51.27396	0	56	2021-09-03T14:14:56
7.62740	-51.27525	0	56	2021-09-03T14:19:30
7.63075	-51.27645	0	56	2021-09-03T14:24:29
7.63414	-51.27765	0	56	2021-09-03T14:29:29
7.63750	-51.27890	0	56	2021-09-03T14:34:26
7.64095	-51.28018	0	56	2021-09-03T14:39:27
7.64445	-51.28140	0	56	2021-09-03T14:44:24
7.64796	-51.28280	0	56	2021-09-03T14:49:25
7.65139	-51.28400	0	56	2021-09-03T14:54:26
7.65483	-51.28525	0	56	2021-09-03T14:59:23
7.65833	-51.28647	0	56	2021-09-03T15:04:20
7.66188	-51.28772	0	56	2021-09-03T15:09:21
7.66587	-51.28912	0	56	2021-09-03T15:14:56
7.66895	-51.29031	0	56	2021-09-03T15:19:19
7.67248	-51.29167	0	56	2021-09-03T15:24:16
7.67596	-51.29296	0	56	2021-09-03T15:29:17
7.67948	-51.29416	0	56	2021-09-03T15:34:17
7.68296	-51.29535	0	56	2021-09-03T15:39:14
7.68649	-51.29657	0	56	2021-09-03T15:44:15
7.69000	-51.29773	0	56	2021-09-03T15:49:12
7.69353	-51.29892	0	56	2021-09-03T15:54:12
7.69709	-51.30005	0	56	2021-09-03T15:59:13
7.70070	-51.30123	0	56	2021-09-03T16:04:26
7.70426	-51.30235	0	56	2021-09-03T16:09:26
7.70808	-51.30347	0	56	2021-09-03T16:14:25
7.71149	-51.30453	0	56	2021-09-03T16:19:09
7.71517	-51.30563	0	56	2021-09-03T16:24:10
7.71885	-51.30676	0	56	2021-09-03T16:29:07
7.72247	-51.30789	0	56	2021-09-03T16:34:08
7.72610	-51.30896	0	56	2021-09-03T16:39:06
7.72972	-51.31003	0	56	2021-09-03T16:44:07
7.73339	-51.31100	0	56	2021-09-03T16:49:06
7.73703	-51.31204	0	56	2021-09-03T16:54:04
7.74073	-51.31305	0	56	2021-09-03T16:59:05
7.74435	-51.31406	0	56	2021-09-03T17:04:06
7.74793	-51.31500	0	56	2021-09-03T17:09:04
7.75179	-51.31605	0	56	2021-09-03T17:14:04
7.75522	-51.31699	0	56	2021-09-03T17:19:04
7.75890	-51.31787	0	56	2021-09-03T17:24:01
7.76261	-51.31870	0	56	2021-09-03T17:29:02
7.76625	-51.31964	0	56	2021-09-03T17:34:04
7.76993	-51.32043	0	56	2021-09-03T17:39:04
7.77350	-51.32135	0	56	2021-09-03T17:44:02
7.77719	-51.32224	0	56	2021-09-03T17:49:05
7.78078	-51.32306	0	56	2021-09-03T17:54:03
7.78445	-51.32388	0	56	2021-09-03T17:59:08
7.78807	-51.32471	0	56	2021-09-03T18:04:07
7.79177	-51.32550	0	56	2021-09-03T18:09:08
7.79574	-51.32629	0	56	2021-09-03T18:14:26
7.79921	-51.32717	0	56	2021-09-03T18:19:04
7.80281	-51.32794	0	56	2021-09-03T18:24:04
7.80644	-51.32877	0	56	2021-09-03T18:29:02
7.81012	-51.32959	0	56	2021-09-03T18:34:04
7.81383	-51.33038	0	56	2021-09-03T18:39:02
7.81750	-51.33118	0	56	2021-09-03T18:44:03
7.82115	-51.33200	0	56	2021-09-03T18:49:04
7.82475	-51.33286	0	56	2021-09-03T18:54:02
7.82837	-51.33370	0	56	2021-09-03T18:59:02
7.83202	-51.33447	0	56	2021-09-03T19:04:03
7.83566	-51.33524	0	56	2021-09-03T19:09:00
7.83956	-51.33603	0	56	2021-09-03T19:14:28
7.84294	-51.33678	0	56	2021-09-03T19:19:02
7.84650	-51.33755	0	56	2021-09-03T19:24:02
7.85009	-51.33838	0	56	2021-09-03T19:29:04
7.85362	-51.33911	0	56	2021-09-03T19:34:03
7.85718	-51.33986	0	56	2021-09-03T19:39:05
7.86061	-51.34055	0	56	2021-09-03T19:44:06
7.86410	-51.34122	0	56	2021-09-03T19:49:07
7.86759	-51.34183	0	56	2021-09-03T19:54:04
7.87108	-51.34247	0	56	2021-09-03T19:59:01
7.87459	-51.34312	0	56	2021-09-03T20:04:01
7.87802	-51.34381	0	56	2021-09-03T20:09:00
7.88168	-51.34439	0	56	2021-09-03T20:14:26
7.88493	-51.34512	0	56	2021-09-03T20:19:00
7.88845	-51.34579	0	56	2021-09-03T20:24:01
7.89190	-51.34653	0	56	2021-09-03T20:28:58
7.89528	-51.34717	0	56	2021-09-03T20:34:00
7.89868	-51.34778	0	56	2021-09-03T20:38:59
7.90208	-51.34839	0	56	2021-09-03T20:44:00
7.90548	-51.34900	0	56	2021-09-03T20:48:58
7.90887	-51.34958	0	56	2021-09-03T20:53:59
7.91225	-51.35013	0	56	2021-09-03T20:58:56
7.91565	-51.35068	0	56	2021-09-03T21:03:59
7.91904	-51.35122	0	56	2021-09-03T21:09:28
7.92282	-51.35165	0	56	2021-09-03T21:14:28
7.92582	-51.35223	0	56	2021-09-03T21:18:59
7.92912	-51.35272	0	56	2021-09-03T21:23:57
7.93255	-51.35318	0	56	2021-09-03T21:29:00
7.93595	-51.35364	0	56	2021-09-03T21:34:02
7.93931	-51.35410	0	56	2021-09-03T21:38:58
7.94271	-51.35464	0	56	2021-09-03T21:43:56
7.94614	-51.35507	0	56	2021-09-03T21:48:57
7.94953	-51.35541	0	56	2021-09-03T21:53:57
7.95295	-51.35580	0	56	2021-09-03T21:58:54
7.95632	-51.35623	0	56	2021-09-03T22:03:52
7.95972	-51.35664	0	56	2021-09-03T22:09:23
7.96354	-51.35715	0	56	2021-09-03T22:14:24
7.96651	-51.35754	0	56	2021-09-03T22:18:47
7.97003	-51.35791	0	56	2021-09-03T22:23:48
7.97351	-51.35825	0	56	2021-09-03T22:28:48
7.97702	-51.35858	0	56	2021-09-03T22:33:52
7.98053	-51.35892	0	56	2021-09-03T22:38:56
7.98404	-51.35922	0	56	2021-09-03T22:43:57
7.98761	-51.35953	0	56	2021-09-03T22:48:59
7.99109	-51.35979	0	56	2021-09-03T22:53:59
7.99457	-51.36005	0	56	2021-09-03T22:58:58
7.99807	-51.36032	0	56	2021-09-03T23:03:59
8.00158	-51.36050	0	56	2021-09-03T23:08:58
8.00540	-51.36075	0	56	2021-09-03T23:14:26
8.00850	-51.36099	0	56	2021-09-03T23:18:56
8.01197	-51.36127	0	56	2021-09-03T23:23:58
8.01545	-51.36148	0	56	2021-09-03T23:28:58
8.01903	-51.36172	0	56	2021-09-03T23:34:03
8.02256	-51.36204	0	56	2021-09-03T23:39:08
8.02612	-51.36221	0	56	2021-09-03T23:44:09
8.02965	-51.36243	0	56	2021-09-03T23:49:10
8.03316	-51.36264	0	56	2021-09-03T23:54:13
8.03668	-51.36279	0	56	2021-09-03T23:59:14
8.04020	-51.36295	0	56	2021-09-04T00:04:13
8.04374	-51.36310	0	56	2021-09-04T00:09:16
8.04765	-51.36328	0	56	2021-09-04T00:14:37
8.05080	-51.36328	0	56	2021-09-04T00:19:11
8.05433	-51.36337	0	56	2021-09-04T00:24:12
8.05784	-51.36334	0	56	2021-09-04T00:29:13
8.06140	-51.36334	0	56	2021-09-04T00:34:16
8.06495	-51.36322	0	56	2021-09-04T00:39:18
8.06851	-51.36322	0	56	2021-09-04T00:44:19
8.07205	-51.36316	0	56	2021-09-04T00:49:19
8.07559	-51.36304	0	56	2021-09-04T00:54:21
8.07911	-51.36294	0	56	2021-09-04T00:59:25
8.08263	-51.36285	0	56	2021-09-04T01:04:25
8.08616	-51.36279	0	56	2021-09-04T01:09:24
8.09007	-51.36258	0	56	2021-09-04T01:14:55
8.09329	-51.36238	0	56	2021-09-04T01:19:29
8.09678	-51.36229	0	56	2021-09-04T01:24:30
8.10030	-51.36212	0	56	2021-09-04T01:29:30
8.10380	-51.36191	0	56	2021-09-04T01:34:34
8.10731	-51.36169	0	56	2021-09-04T01:39:35
8.11086	-51.36134	0	56	2021-09-04T01:44:40
8.11442	-51.36108	0	56	2021-09-04T01:49:39
8.11792	-51.36075	0	56	2021-09-04T01:54:41
8.12152	-51.36041	0	56	2021-09-04T01:59:44
8.12509	-51.36002	0	56	2021-09-04T02:04:41
8.12857	-51.35968	0	56	2021-09-04T02:09:41
8.13228	-51.35929	0	56	2021-09-04T02:14:33
8.13542	-51.35895	0	56	2021-09-04T02:19:32
8.13887	-51.35855	0	56	2021-09-04T02:24:28
8.14231	-51.35815	0	56	2021-09-04T02:29:21
8.14573	-51.35773	0	56	2021-09-04T02:34:19
8.14924	-51.35730	0	56	2021-09-04T02:39:18
8.15267	-51.35684	0	56	2021-09-04T02:44:16
8.15612	-51.35645	0	56	2021-09-04T02:49:13
8.15953	-51.35602	0	56	2021-09-04T02:54:13
8.16295	-51.35562	0	56	2021-09-04T02:59:10
8.16643	-51.35519	0	56	2021-09-04T03:04:11
8.16977	-51.35477	0	56	2021-09-04T03:09:06
8.17343	-51.35434	0	56	2021-09-04T03:14:26
8.17652	-51.35388	0	56	2021-09-04T03:18:54
8.17994	-51.35342	0	56	2021-09-04T03:23:51
8.18336	-51.35296	0	56	2021-09-04T03:28:39
8.18671	-51.35245	0	56	2021-09-04T03:33:39
8.19008	-51.35190	0	56	2021-09-04T03:38:36
8.19349	-51.35132	0	56	2021-09-04T03:43:33
8.19689	-51.35074	0	56	2021-09-04T03:48:34
8.20032	-51.35013	0	56	2021-09-04T03:53:34
8.20373	-51.34958	0	56	2021-09-04T03:58:35
8.20722	-51.34896	0	56	2021-09-04T04:03:56
8.21061	-51.34827	0	56	2021-09-04T04:08:56
8.21416	-51.34750	0	56	2021-09-04T04:13:56
8.21737	-51.34680	0	56	2021-09-04T04:18:43
8.22081	-51.34610	0	56	2021-09-04T04:23:48
8.22420	-51.34526	0	56	2021-09-04T04:28:53
8.22763	-51.34457	0	56	2021-09-04T04:33:53
8.23108	-51.34387	0	56	2021-09-04T04:39:00
8.23454	-51.34314	0	56	2021-09-04T04:44:05
8.23794	-51.34238	0	56	2021-09-04T04:49:04
8.24144	-51.34155	0	56	2021-09-04T04:54:10
8.24487	-51.34073	0	56	2021-09-04T04:59:11
8.24839	-51.33987	0	56	2021-09-04T05:04:13
8.25191	-51.33907	0	56	2021-09-04T05:09:54
8.25586	-51.33813	0	56	2021-09-04T05:14:54
8.25890	-51.33740	0	56	2021-09-04T05:19:16
8.26239	-51.33655	0	56	2021-09-04T05:24:17
8.26590	-51.33569	0	56	2021-09-04T05:29:17
8.26936	-51.33484	0	56	2021-09-04T05:34:14
8.27280	-51.33396	0	56	2021-09-04T05:39:08
8.27623	-51.33310	0	56	2021-09-04T05:44:09
8.27969	-51.33215	0	56	2021-09-04T05:49:08
8.28313	-51.33124	0	56	2021-09-04T05:54:09
8.28660	-51.33027	0	56	2021-09-04T05:59:16
8.29003	-51.32941	0	56	2021-09-04T06:04:16
8.29350	-51.32846	0	56	2021-09-04T06:09:17
8.29731	-51.32736	0	56	2021-09-04T06:14:55
8.30038	-51.32641	0	56	2021-09-04T06:19:25
8.30377	-51.32547	0	56	2021-09-04T06:24:24
8.30716	-51.32436	0	56	2021-09-04T06:29:33
8.31054	-51.32333	0	56	2021-09-04T06:34:33
8.31390	-51.32220	0	56	2021-09-04T06:39:38
8.31723	-51.32101	0	56	2021-09-04T06:44:41
8.32052	-51.31976	0	56	2021-09-04T06:49:42
8.32386	-51.31848	0	56	2021-09-04T06:54:48
8.32718	-51.31716	0	56	2021-09-04T06:59:41
8.33043	-51.31587	0	56	2021-09-04T07:04:42
8.33366	-51.31458	0	56	2021-09-04T07:09:42
8.33718	-51.31314	0	56	2021-09-04T07:15:06
8.34015	-51.31189	0	56	2021-09-04T07:19:39
8.34341	-51.31046	0	56	2021-09-04T07:24:38
8.34667	-51.30899	0	56	2021-09-04T07:29:39
8.35000	-51.30753	0	56	2021-09-04T07:34:43
8.35328	-51.30606	0	56	2021-09-04T07:39:44
8.35657	-51.30457	0	56	2021-09-04T07:44:47
8.35983	-51.30307	0	56	2021-09-04T07:49:48
8.36306	-51.30148	0	56	2021-09-04T07:54:51
8.36628	-51.29990	0	56	2021-09-04T07:59:51
8.36951	-51.29825	0	56	2021-09-04T08:04:52
8.37265	-51.29666	0	56	2021-09-04T08:09:49
8.37623	-51.29489	0	56	2021-09-04T08:15:25
8.37904	-51.29346	0	56	2021-09-04T08:19:47
8.38221	-51.29181	0	56	2021-09-04T08:24:47
8.38536	-51.29013	0	56	2021-09-04T08:29:44
8.38851	-51.28842	0	56	2021-09-04T08:34:45
8.39165	-51.28677	0	56	2021-09-04T08:39:43
8.39476	-51.28513	0	56	2021-09-04T08:44:44
8.39791	-51.28340	0	56	2021-09-04T08:49:40
8.40105	-51.28177	0	56	2021-09-04T08:54:41
8.40414	-51.28006	0	56	2021-09-04T08:59:42
8.40720	-51.27841	0	56	2021-09-04T09:04:39
8.41029	-51.27670	0	56	2021-09-04T09:09:39
8.41356	-51.27484	0	56	2021-09-04T09:14:56
8.41646	-51.27322	0	56	2021-09-04T09:19:34
8.41952	-51.27148	0	56	2021-09-04T09:24:32
8.42259	-51.26968	0	56	2021-09-04T09:29:28
8.42567	-51.26785	0	56	2021-09-04T09:34:28
8.42877	-51.26602	0	56	2021-09-04T09:39:30
8.43187	-51.26419	0	56	2021-09-04T09:44:27
8.43497	-51.26233	0	56	2021-09-04T09:49:28
8.43807	-51.26044	0	56	2021-09-04T09:54:28
8.44115	-51.25864	0	56	2021-09-04T09:59:28
8.44417	-51.25674	0	56	2021-09-04T10:04:30
8.44719	-51.25479	0	56	2021-09-04T10:09:30
8.45055	-51.25254	0	56	2021-09-04T10:14:32
8.45330	-51.25082	0	56	2021-09-04T10:19:32
8.45636	-51.24889	0	56	2021-09-04T10:24:34
8.45941	-51.24692	0	56	2021-09-04T10:29:34
8.46244	-51.24496	0	56	2021-09-04T10:34:38
8.46543	-51.24295	0	56	2021-09-04T10:39:40
8.46840	-51.24100	0	56	2021-09-04T10:44:36
8.47133	-51.23898	0	56	2021-09-04T10:49:33
8.47428	-51.23697	0	56	2021-09-04T10:54:31
8.47719	-51.23488	0	56	2021-09-04T10:59:28
8.48007	-51.23291	0	56	2021-09-04T11:04:28
8.48296	-51.23080	0	56	2021-09-04T11:09:26
8.48607	-51.22855	0	56	2021-09-04T11:14:56
8.48867	-51.22661	0	56	2021-09-04T11:19:36
8.49155	-51.22446	0	56	2021-09-04T11:24:36
8.49440	-51.22226	0	56	2021-09-04T11:29:43
8.49719	-51.22006	0	56	2021-09-04T11:34:45
8.50001	-51.21786	0	56	2021-09-04T11:39:51
8.50281	-51.21564	0	56	2021-09-04T11:44:55
8.50554	-51.21350	0	56	2021-09-04T11:49:55
8.50827	-51.21136	0	56	2021-09-04T11:54:53
8.51099	-51.20917	0	56	2021-09-04T11:59:51
8.51374	-51.20694	0	56	2021-09-04T12:04:51
8.51650	-51.20477	0	56	2021-09-04T12:09:52
8.51953	-51.20239	0	56	2021-09-04T12:15:27
8.52192	-51.20047	0	56	2021-09-04T12:19:50
8.52460	-51.19836	0	56	2021-09-04T12:24:49
8.52726	-51.19623	0	56	2021-09-04T12:29:47
8.52993	-51.19409	0	56	2021-09-04T12:34:47
8.53261	-51.19182	0	56	2021-09-04T12:39:45
8.53523	-51.18959	0	56	2021-09-04T12:44:45
8.53776	-51.18744	0	56	2021-09-04T12:49:44
8.54029	-51.18527	0	56	2021-09-04T12:54:44
8.54285	-51.18305	0	56	2021-09-04T12:59:44
8.54534	-51.18082	0	56	2021-09-04T13:04:44
8.54786	-51.17862	0	56	2021-09-04T13:09:45
8.55053	-51.17621	0	56	2021-09-04T13:15:07
8.55287	-51.17407	0	56	2021-09-04T13:19:45
8.55536	-51.17184	0	56	2021-09-04T13:24:45
8.55780	-51.16956	0	56	2021-09-04T13:29:45
8.56021	-51.16733	0	56	2021-09-04T13:34:46
8.56265	-51.16510	0	56	2021-09-04T13:39:44
8.56509	-51.16284	0	56	2021-09-04T13:44:45
8.56752	-51.16061	0	56	2021-09-04T13:49:41
8.56997	-51.15845	0	56	2021-09-04T13:54:45
8.57241	-51.15622	0	56	2021-09-04T13:59:43
8.57483	-51.15402	0	56	2021-09-04T14:04:44
8.57719	-51.15179	0	56	2021-09-04T14:09:41
8.57973	-51.14937	0	56	2021-09-04T14:14:43
8.58192	-51.14740	0	56	2021-09-04T14:19:43
8.58423	-51.14520	0	56	2021-09-04T14:24:41
8.58653	-51.14301	0	56	2021-09-04T14:29:41
8.58885	-51.14081	0	56	2021-09-04T14:34:38
8.59116	-51.13858	0	56	2021-09-04T14:39:39
8.59343	-51.13641	0	56	2021-09-04T14:44:40
8.59578	-51.13418	0	56	2021-09-04T14:49:41
8.59802	-51.13203	0	56	2021-09-04T14:54:41
8.60025	-51.12988	0	56	2021-09-04T14:59:42
8.60249	-51.12772	0	56	2021-09-04T15:04:39
8.60471	-51.12549	0	56	2021-09-04T15:09:54
8.60698	-51.12317	0	56	2021-09-04T15:14:53
8.60896	-51.12103	0	56	2021-09-04T15:19:34
8.61106	-51.11884	0	56	2021-09-04T15:24:34
8.61325	-51.11656	0	56	2021-09-04T15:29:31
8.61534	-51.11433	0	56	2021-09-04T15:34:31
8.61736	-51.11218	0	56	2021-09-04T15:39:30
8.61914	-51.11002	0	56	2021-09-04T15:44:31
8.62092	-51.10785	0	56	2021-09-04T15:49:31
8.62271	-51.10562	0	56	2021-09-04T15:54:32
8.62445	-51.10336	0	56	2021-09-04T15:59:32
8.62634	-51.10107	0	56	2021-09-04T16:04:33
8.62818	-51.09885	0	56	2021-09-04T16:09:31
8.63017	-51.09647	0	56	2021-09-04T16:14:56
8.63184	-51.09448	0	56	2021-09-04T16:19:31
8.63369	-51.09225	0	56	2021-09-04T16:24:33
8.63552	-51.09003	0	56	2021-09-04T16:29:34
8.63737	-51.08777	0	56	2021-09-04T16:34:31
8.63917	-51.08551	0	56	2021-09-04T16:39:33
8.64094	-51.08325	0	56	2021-09-04T16:44:32
8.64270	-51.08090	0	56	2021-09-04T16:49:30
8.64445	-51.07861	0	56	2021-09-04T16:54:31
8.64626	-51.07627	0	56	2021-09-04T16:59:32
8.64802	-51.07404	0	56	2021-09-04T17:04:33
8.64973	-51.07178	0	56	2021-09-04T17:09:30
8.65169	-51.06921	0	56	2021-09-04T17:14:58
8.65321	-51.06714	0	56	2021-09-04T17:19:35
8.65492	-51.06485	0	56	2021-09-04T17:24:33
8.65659	-51.06262	0	56	2021-09-04T17:29:33
8.65831	-51.06018	0	56	2021-09-04T17:34:35
8.66001	-51.05783	0	56	2021-09-04T17:39:39
8.66173	-51.05540	0	56	2021-09-04T17:44:36
8.66344	-51.05300	0	56	2021-09-04T17:49:37
8.66508	-51.05060	0	56	2021-09-04T17:54:37
8.66672	-51.04810	0	56	2021-09-04T17:59:38
8.66836	-51.04562	0	56	2021-09-04T18:04:35
8.66996	-51.04318	0	56	2021-09-04T18:09:37
8.67172	-51.04050	0	56	2021-09-04T18:15:07
8.67313	-51.03830	0	56	2021-09-04T18:19:38
8.67460	-51.03580	0	56	2021-09-04T18:24:35
8.67604	-51.03326	0	56	2021-09-04T18:29:38
8.67750	-51.03070	0	56	2021-09-04T18:34:39
8.67895	-51.02798	0	56	2021-09-04T18:39:52
8.68036	-51.02537	0	56	2021-09-04T18:44:53
8.68178	-51.02280	0	56	2021-09-04T18:49:53
8.68317	-51.02020	0	56	2021-09-04T18:54:50
8.68455	-51.01764	0	56	2021-09-04T18:59:48
8.68589	-51.01526	0	56	2021-09-04T19:04:35
8.68726	-51.01279	0	56	2021-09-04T19:09:31
8.68877	-51.00992	0	56	2021-09-04T19:14:59
8.69002	-51.00745	0	56	2021-09-04T19:19:33
8.69140	-51.00485	0	56	2021-09-04T19:24:33
8.69276	-51.00217	0	56	2021-09-04T19:29:31
8.69417	-50.99936	0	56	2021-09-04T19:34:31
8.69557	-50.99655	0	56	2021-09-04T19:39:33
8.69696	-50.99380	0	56	2021-09-04T19:44:36
8.69834	-50.99103	0	56	2021-09-04T19:49:35
8.69971	-50.98819	0	56	2021-09-04T19:54:37
8.70102	-50.98535	0	56	2021-09-04T19:59:36
8.70238	-50.98257	0	56	2021-09-04T20:04:37
8.70370	-50.97983	0	56	2021-09-04T20:09:34
8.70515	-50.97666	0	56	2021-09-04T20:14:34
8.70640	-50.97409	0	56	2021-09-04T20:19:34
8.70773	-50.97128	0	56	2021-09-04T20:24:36
8.70900	-50.96838	0	56	2021-09-04T20:29:41
8.71022	-50.96547	0	56	2021-09-04T20:34:37
8.71139	-50.96255	0	56	2021-09-04T20:39:37
8.71261	-50.95959	0	56	2021-09-04T20:44:38
8.71382	-50.95657	0	56	2021-09-04T20:49:36
8.71502	-50.95367	0	56	2021-09-04T20:54:34
8.71625	-50.95071	0	56	2021-09-04T20:59:37
8.71744	-50.94785	0	56	2021-09-04T21:04:35
8.71868	-50.94485	0	56	2021-09-04T21:09:37
8.71998	-50.94168	0	56	2021-09-04T21:14:56
8.72113	-50.93893	0	56	2021-09-04T21:19:38
8.72231	-50.93600	0	56	2021-09-04T21:24:37
8.72344	-50.93298	0	56	2021-09-04T21:29:39
8.72452	-50.92988	0	56	2021-09-04T21:34:40
8.72564	-50.92679	0	56	2021-09-04T21:39:40
8.72678	-50.92371	0	56	2021-09-04T21:44:42
8.72791	-50.92062	0	56	2021-09-04T21:49:40
8.72903	-50.91752	0	56	2021-09-04T21:54:41
8.73020	-50.91443	0	56	2021-09-04T21:59:41
8.73136	-50.91132	0	56	2021-09-04T22:04:46
8.73244	-50.90820	0	56	2021-09-04T22:09:46
8.73357	-50.90488	0	56	2021-09-04T22:15:09
8.73443	-50.90201	0	56	2021-09-04T22:19:44
8.73534	-50.89886	0	56	2021-09-04T22:24:42
8.73624	-50.89566	0	56	2021-09-04T22:29:46
8.73715	-50.89246	0	56	2021-09-04T22:34:49
8.73812	-50.88934	0	56	2021-09-04T22:39:48
8.73911	-50.88626	0	56	2021-09-04T22:44:52
8.74009	-50.88310	0	56	2021-09-04T22:49:54
8.74108	-50.88010	0	56	2021-09-04T22:54:54
8.74211	-50.87708	0	56	2021-09-04T22:59:52
8.74311	-50.87402	0	56	2021-09-04T23:04:51
8.74408	-50.87094	0	56	2021-09-04T23:09:46
8.74503	-50.86758	0	56	2021-09-04T23:15:09
8.74597	-50.86472	0	56	2021-09-04T23:19:39
8.74691	-50.86172	0	56	2021-09-04T23:24:39
8.74785	-50.85856	0	56	2021-09-04T23:29:43
8.74872	-50.85538	0	56	2021-09-04T23:34:42
8.74958	-50.85220	0	56	2021-09-04T23:39:47
8.75047	-50.84907	0	56	2021-09-04T23:44:55
8.75123	-50.84589	0	56	2021-09-04T23:49:56
8.75198	-50.84274	0	56	2021-09-04T23:55:01
8.75270	-50.83963	0	56	2021-09-05T00:00:04
8.75342	-50.83646	0	56	2021-09-05T00:05:09
8.75393	-50.83328	0	56	2021-09-05T00:10:08
8.75456	-50.82977	0	56	2021-09-05T00:15:39
8.75511	-50.82678	0	56	2021-09-05T00:20:20
8.75564	-50.82351	0	56	2021-09-05T00:25:28
8.75615	-50.82025	0	56	2021-09-05T00:30:27
8.75669	-50.81702	0	56	2021-09-05T00:35:33
8.75722	-50.81381	0	56	2021-09-05T00:40:35
8.75770	-50.81049	0	56	2021-09-05T00:45:40
8.75827	-50.80731	0	56	2021-09-05T00:50:41
8.75888	-50.80411	0	56	2021-09-05T00:55:46
8.75948	-50.80081	0	56	2021-09-05T01:00:47
8.76009	-50.79771	0	56	2021-09-05T01:05:54
8.76065	-50.79453	0	56	2021-09-05T01:10:53
8.76120	-50.79095	0	56	2021-09-05T01:16:27
8.76160	-50.78793	0	56	2021-09-05T01:21:01
8.76202	-50.78464	0	56	2021-09-05T01:26:02
8.76247	-50.78134	0	56	2021-09-05T01:31:07
8.76286	-50.77802	0	56	2021-09-05T01:36:12
8.76328	-50.77472	0	56	2021-09-05T01:41:11
8.76371	-50.77142	0	56	2021-09-05T01:46:06
8.76416	-50.76807	0	56	2021-09-05T01:50:58
8.76455	-50.76492	0	56	2021-09-05T01:55:59
8.76502	-50.76163	0	56	2021-09-05T02:00:57
8.76540	-50.75833	0	56	2021-09-05T02:05:57
8.76582	-50.75507	0	56	2021-09-05T02:10:53
8.76633	-50.75133	0	56	2021-09-05T02:15:40
8.76667	-50.74850	0	56	2021-09-05T02:20:41
8.76701	-50.74524	0	56	2021-09-05T02:25:41
8.76741	-50.74188	0	56	2021-09-05T02:30:38
8.76779	-50.73859	0	56	2021-09-05T02:35:36
8.76811	-50.73526	0	56	2021-09-05T02:40:32
8.76844	-50.73187	0	56	2021-09-05T02:45:32
8.76878	-50.72850	0	56	2021-09-05T02:50:29
8.76905	-50.72515	0	56	2021-09-05T02:55:28
8.76918	-50.72189	0	56	2021-09-05T03:00:28
8.76936	-50.71857	0	56	2021-09-05T03:05:29
8.76951	-50.71530	0	56	2021-09-05T03:10:26
8.76953	-50.71158	0	56	2021-09-05T03:15:54
8.76955	-50.70850	0	56	2021-09-05T03:20:28
8.76964	-50.70499	0	56	2021-09-05T03:25:33
8.76976	-50.70163	0	56	2021-09-05T03:30:34
8.76984	-50.69814	0	56	2021-09-05T03:35:41
8.76993	-50.69479	0	56	2021-09-05T03:40:40
8.77011	-50.69135	0	56	2021-09-05T03:45:44
8.77033	-50.68802	0	56	2021-09-05T03:50:47
8.77061	-50.68469	0	56	2021-09-05T03:55:46
8.77079	-50.68143	0	56	2021-09-05T04:00:46
8.77091	-50.67795	0	56	2021-09-05T04:05:43
8.77100	-50.67450	0	56	2021-09-05T04:10:40
8.77111	-50.67078	0	56	2021-09-05T04:15:53
8.77117	-50.66754	0	56	2021-09-05T04:20:35
8.77121	-50.66412	0	56	2021-09-05T04:25:32
8.77122	-50.66061	0	56	2021-09-05T04:30:28
8.77125	-50.65720	0	56	2021-09-05T04:35:24
8.77121	-50.65381	0	56	2021-09-05T04:40:25
8.77111	-50.65039	0	56	2021-09-05T04:45:16
8.77101	-50.64694	0	56	2021-09-05T04:50:17
8.77084	-50.64349	0	56	2021-09-05T04:55:10
8.77074	-50.64017	0	56	2021-09-05T05:00:07
8.77061	-50.63683	0	56	2021-09-05T05:04:53
8.77051	-50.63348	0	56	2021-09-05T05:09:53
8.77033	-50.62961	0	56	2021-09-05T05:15:25
8.77014	-50.62671	0	56	2021-09-05T05:19:43
8.76989	-50.62338	0	56	2021-09-05T05:24:37
8.76962	-50.62006	0	56	2021-09-05T05:29:37
8.76942	-50.61673	0	56	2021-09-05T05:34:34
8.76928	-50.61343	0	56	2021-09-05T05:39:34
8.76911	-50.61023	0	56	2021-09-05T05:44:32
8.76890	-50.60696	0	56	2021-09-05T05:49:29
8.76866	-50.60364	0	56	2021-09-05T05:54:26
8.76840	-50.60037	0	56	2021-09-05T05:59:27
8.76823	-50.59717	0	56	2021-09-05T06:04:24
8.76803	-50.59396	0	56	2021-09-05T06:09:27
8.76777	-50.59039	0	56	2021-09-05T06:14:53
8.76756	-50.58737	0	56	2021-09-05T06:19:25
8.76730	-50.58400	0	56	2021-09-05T06:24:28
8.76713	-50.58074	0	56	2021-09-05T06:29:28
8.76699	-50.57748	0	56	2021-09-05T06:34:29
8.76685	-50.57422	0	56	2021-09-05T06:39:30
8.76669	-50.57098	0	56	2021-09-05T06:44:34
8.76662	-50.56772	0	56	2021-09-05T06:49:39
8.76662	-50.56445	0	56	2021-09-05T06:54:40
8.76661	-50.56122	0	56	2021-09-05T06:59:47
8.76661	-50.55804	0	56	2021-09-05T07:04:49
8.76662	-50.55484	0	56	2021-09-05T07:09:54
8.76662	-50.55139	0	56	2021-09-05T07:15:23
8.76670	-50.54855	0	56	2021-09-05T07:20:03
8.76680	-50.54532	0	56	2021-09-05T07:25:08
8.76681	-50.54196	0	56	2021-09-05T07:30:09
8.76680	-50.53867	0	56	2021-09-05T07:35:15
8.76675	-50.53546	0	56	2021-09-05T07:40:18
8.76667	-50.53214	0	56	2021-09-05T07:45:23
8.76660	-50.52890	0	56	2021-09-05T07:50:25
8.76652	-50.52567	0	56	2021-09-05T07:55:28
8.76634	-50.52234	0	56	2021-09-05T08:00:33
8.76615	-50.51907	0	56	2021-09-05T08:05:35
8.76593	-50.51575	0	56	2021-09-05T08:10:38
8.76568	-50.51225	0	56	2021-09-05T08:15:37
8.76551	-50.50925	0	56	2021-09-05T08:20:37
8.76528	-50.50604	0	56	2021-09-05T08:25:37
8.76502	-50.50281	0	56	2021-09-05T08:30:38
8.76478	-50.49951	0	56	2021-09-05T08:35:44
8.76460	-50.49634	0	56	2021-09-05T08:40:40
8.76435	-50.49307	0	56	2021-09-05T08:45:45
8.76406	-50.48984	0	56	2021-09-05T08:50:45
8.76374	-50.48654	0	56	2021-09-05T08:55:46
8.76347	-50.48334	0	56	2021-09-05T09:00:50
8.76318	-50.48010	0	56	2021-09-05T09:05:51
8.76285	-50.47681	0	56	2021-09-05T09:10:57
8.76238	-50.47322	0	56	2021-09-05T09:15:46
8.76206	-50.47046	0	56	2021-09-05T09:20:51
8.76169	-50.46729	0	56	2021-09-05T09:25:47
8.76141	-50.46411	0	56	2021-09-05T09:30:41
8.76116	-50.46097	0	56	2021-09-05T09:35:39
8.76093	-50.45795	0	56	2021-09-05T09:40:39
8.76066	-50.45474	0	56	2021-09-05T09:45:40
8.76033	-50.45151	0	56	2021-09-05T09:50:42
8.76000	-50.44824	0	56	2021-09-05T09:55:56
8.75975	-50.44506	0	56	2021-09-05T10:00:55
8.75944	-50.44171	0	56	2021-09-05T10:05:55
8.75913	-50.43842	0	56	2021-09-05T10:10:59
8.75871	-50.43472	0	56	2021-09-05T10:16:26
8.75830	-50.43164	0	56	2021-09-05T10:21:01
8.75787	-50.42838	0	56	2021-09-05T10:26:01
8.75733	-50.42505	0	56	2021-09-05T10:30:59
8.75679	-50.42172	0	56	2021-09-05T10:35:56
8.75625	-50.41827	0	56	2021-09-05T10:40:52
8.75578	-50.41492	0	56	2021-09-05T10:45:50
8.75525	-50.41153	0	56	2021-09-05T10:50:47
8.75469	-50.40814	0	56	2021-09-05T10:55:45
8.75409	-50.40475	0	56	2021-09-05T11:00:46
8.75348	-50.40137	0	56	2021-09-05T11:05:47
8.75299	-50.39804	0	56	2021-09-05T11:10:46
8.75254	-50.39432	0	56	2021-09-05T11:16:22
8.75209	-50.39139	0	56	2021-09-05T11:20:45
8.75148	-50.38799	0	56	2021-09-05T11:25:42
8.75092	-50.38464	0	56	2021-09-05T11:30:42
8.75045	-50.38138	0	56	2021-09-05T11:35:42
8.74998	-50.37787	0	56	2021-09-05T11:40:43
8.74949	-50.37437	0	56	2021-09-05T11:45:45
8.74898	-50.37085	0	56	2021-09-05T11:50:45
8.74845	-50.36737	0	56	2021-09-05T11:55:39
8.74793	-50.36377	0	56	2021-09-05T12:00:40
8.74731	-50.36013	0	56	2021-09-05T12:05:56
8.74671	-50.35653	0	56	2021-09-05T12:10:56
8.74607	-50.35284	0	56	2021-09-05T12:15:55
8.74546	-50.34940	0	56	2021-09-05T12:20:38
8.74475	-50.34573	0	56	2021-09-05T12:25:36
8.74405	-50.34204	0	56	2021-09-05T12:30:38
8.74333	-50.33838	0	56	2021-09-05T12:35:39
8.74253	-50.33478	0	56	2021-09-05T12:40:39
8.74164	-50.33108	0	56	2021-09-05T12:45:40
8.74086	-50.32748	0	56	2021-09-05T12:50:40
8.74010	-50.32385	0	56	2021-09-05T12:55:41
8.73929	-50.32019	0	56	2021-09-05T13:00:39
8.73856	-50.31662	0	56	2021-09-05T13:05:40
8.73781	-50.31317	0	56	2021-09-05T13:10:37
8.73705	-50.30954	0	56	2021-09-05T13:15:57
8.73640	-50.30637	0	56	2021-09-05T13:20:37
8.73574	-50.30292	0	56	2021-09-05T13:25:35
8.73504	-50.29950	0	56	2021-09-05T13:30:35
8.73428	-50.29612	0	56	2021-09-05T13:35:32
8.73359	-50.29269	0	56	2021-09-05T13:40:31
8.73290	-50.28931	0	56	2021-09-05T13:45:31
8.73222	-50.28585	0	56	2021-09-05T13:50:25
8.73165	-50.28262	0	56	2021-09-05T13:55:25
8.73105	-50.27924	0	56	2021-09-05T14:00:26
8.73038	-50.27588	0	56	2021-09-05T14:05:23
8.72960	-50.27249	0	56	2021-09-05T14:10:23
8.72869	-50.26874	0	56	2021-09-05T14:15:21
8.72795	-50.26591	0	56	2021-09-05T14:20:21
8.72710	-50.26273	0	56	2021-09-05T14:25:21
8.72617	-50.25949	0	56	2021-09-05T14:30:18
8.72521	-50.25623	0	56	2021-09-05T14:35:19
8.72425	-50.25287	0	56	2021-09-05T14:40:21
8.72331	-50.24960	0	56	2021-09-05T14:45:15
8.72240	-50.24631	0	56	2021-09-05T14:50:18
8.72151	-50.24280	0	56	2021-09-05T14:55:16
8.72071	-50.23959	0	56	2021-09-05T15:00:17
8.71987	-50.23636	0	56	2021-09-05T15:05:15
8.71904	-50.23306	0	56	2021-09-05T15:10:18
8.71810	-50.22937	0	56	2021-09-05T15:15:22
8.71738	-50.22662	0	56	2021-09-05T15:20:21
8.71655	-50.22342	0	56	2021-09-05T15:25:24
8.71578	-50.22021	0	56	2021-09-05T15:30:27
8.71502	-50.21689	0	56	2021-09-05T15:35:27
8.71425	-50.21363	0	56	2021-09-05T15:40:27
8.71352	-50.21045	0	56	2021-09-05T15:45:27
8.71283	-50.20724	0	56	2021-09-05T15:50:25
8.71210	-50.20407	0	56	2021-09-05T15:55:26
8.71134	-50.20087	0	56	2021-09-05T16:00:23
8.71064	-50.19769	0	56	2021-09-05T16:05:24
8.70989	-50.19443	0	56	2021-09-05T16:10:25
8.70905	-50.19092	0	56	2021-09-05T16:15:56
8.70834	-50.18817	0	56	2021-09-05T16:20:25
8.70761	-50.18497	0	56	2021-09-05T16:25:26
8.70693	-50.18176	0	56	2021-09-05T16:30:25
8.70617	-50.17851	0	56	2021-09-05T16:35:26
8.70539	-50.17542	0	56	2021-09-05T16:40:26
8.70467	-50.17233	0	56	2021-09-05T16:45:27
8.70396	-50.16919	0	56	2021-09-05T16:50:27
8.70323	-50.16611	0	56	2021-09-05T16:55:29
8.70251	-50.16296	0	56	2021-09-05T17:00:30
8.70171	-50.15985	0	56	2021-09-05T17:05:30
8.70088	-50.15671	0	56	2021-09-05T17:10:32
8.70006	-50.15329	0	56	2021-09-05T17:15:55
8.69929	-50.15036	0	56	2021-09-05T17:20:33
8.69849	-50.14713	0	56	2021-09-05T17:25:35
8.69764	-50.14389	0	56	2021-09-05T17:30:38
8.69682	-50.14069	0	56	2021-09-05T17:35:36
8.69595	-50.13751	0	56	2021-09-05T17:40:39
8.69510	-50.13437	0	56	2021-09-05T17:45:37
8.69422	-50.13111	0	56	2021-09-05T17:50:37
8.69336	-50.12793	0	56	2021-09-05T17:55:36
8.69252	-50.12473	0	56	2021-09-05T18:00:35
8.69166	-50.12146	0	56	2021-09-05T18:05:37
8.69074	-50.11826	0	56	2021-09-05T18:10:34
8.68976	-50.11481	0	56	2021-09-05T18:16:06
8.68886	-50.11185	0	56	2021-09-05T18:20:40
8.68779	-50.10870	0	56	2021-09-05T18:25:36
8.68671	-50.10556	0	56	2021-09-05T18:30:38
8.68562	-50.10239	0	56	2021-09-05T18:35:38
8.68448	-50.09921	0	56	2021-09-05T18:40:36
8.68345	-50.09604	0	56	2021-09-05T18:45:35
8.68244	-50.09283	0	56	2021-09-05T18:50:36
8.68154	-50.08966	0	56	2021-09-05T18:55:38
8.68060	-50.08649	0	56	2021-09-05T19:00:35
8.67977	-50.08331	0	56	2021-09-05T19:05:35
8.67891	-50.07999	0	56	2021-09-05T19:10:36
8.67801	-50.07656	0	56	2021-09-05T19:15:36
8.67719	-50.07373	0	56	2021-09-05T19:20:35
8.67620	-50.07065	0	56	2021-09-05T19:25:34
8.67524	-50.06750	0	56	2021-09-05T19:30:32
8.67423	-50.06433	0	56	2021-09-05T19:35:37
8.67319	-50.06122	0	56	2021-09-05T19:40:31
8.67218	-50.05804	0	56	2021-09-05T19:45:32
8.67115	-50.05496	0	56	2021-09-05T19:50:31
8.67010	-50.05182	0	56	2021-09-05T19:55:33
8.66902	-50.04861	0	56	2021-09-05T20:00:34
8.66797	-50.04532	0	56	2021-09-05T20:05:34
8.66682	-50.04205	0	56	2021-09-05T20:10:36
8.66558	-50.03864	0	56	2021-09-05T20:15:55
8.66446	-50.03565	0	56	2021-09-05T20:20:37
8.66330	-50.03247	0	56	2021-09-05T20:25:37
8.66208	-50.02924	0	56	2021-09-05T20:30:38
8.66080	-50.02603	0	56	2021-09-05T20:35:36
8.65952	-50.02286	0	56	2021-09-05T20:40:35
8.65818	-50.01968	0	56	2021-09-05T20:45:34
8.65689	-50.01651	0	56	2021-09-05T20:50:35
8.65554	-50.01340	0	56	2021-09-05T20:55:36
8.65417	-50.01026	0	56	2021-09-05T21:00:33
8.65279	-50.00726	0	56	2021-09-05T21:05:33
8.65141	-50.00415	0	56	2021-09-05T21:10:34
8.64992	-50.00092	0	56	2021-09-05T21:15:57
8.64863	-49.99809	0	56	2021-09-05T21:20:32
8.64730	-49.99509	0	56	2021-09-05T21:25:33
8.64597	-49.99210	0	56	2021-09-05T21:30:34
8.64467	-49.98923	0	56	2021-09-05T21:35:31
8.64333	-49.98622	0	56	2021-09-05T21:40:28
8.64199	-49.98322	0	56	2021-09-05T21:45:28
8.64063	-49.98038	0	56	2021-09-05T21:50:25
8.63929	-49.97745	0	56	2021-09-05T21:55:29
8.63801	-49.97458	0	56	2021-09-05T22:00:26
8.63669	-49.97183	0	56	2021-09-05T22:05:24
8.63542	-49.96902	0	56	2021-09-05T22:10:25
8.63277	-49.96353	0	56	2021-09-05T22:20:23
8.63139	-49.96087	0	56	2021-09-05T22:25:24
8.63003	-49.95804	0	56	2021-09-05T22:30:24
8.62859	-49.95520	0	56	2021-09-05T22:35:21
8.62711	-49.95239	0	56	2021-09-05T22:40:25
8.62566	-49.94955	0	56	2021-09-05T22:45:23
8.62418	-49.94669	0	56	2021-09-05T22:50:27
8.62271	-49.94376	0	56	2021-09-05T22:55:26
8.62116	-49.94083	0	56	2021-09-05T23:00:29
8.61959	-49.93796	0	56	2021-09-05T23:05:29
8.61792	-49.93504	0	56	2021-09-05T23:10:57
8.61612	-49.93195	0	56	2021-09-05T23:15:56
8.61445	-49.92938	0	56	2021-09-05T23:20:37
8.61269	-49.92651	0	56	2021-09-05T23:25:38
8.61088	-49.92364	0	56	2021-09-05T23:30:42
8.60917	-49.92081	0	56	2021-09-05T23:35:43
8.60741	-49.91800	0	56	2021-09-05T23:40:44
8.60567	-49.91522	0	56	2021-09-05T23:45:44
8.60385	-49.91239	0	56	2021-09-05T23:50:43
8.60206	-49.90973	0	56	2021-09-05T23:55:43
8.60019	-49.90701	0	56	2021-09-06T00:00:40
8.59840	-49.90427	0	56	2021-09-06T00:05:37
8.59659	-49.90142	0	56	2021-09-06T00:10:57
8.59456	-49.89816	0	56	2021-09-06T00:15:57
8.59282	-49.89557	0	56	2021-09-06T00:20:32
8.59092	-49.89270	0	56	2021-09-06T00:25:29
8.58899	-49.88983	0	56	2021-09-06T00:30:27
8.58700	-49.88699	0	56	2021-09-06T00:35:23
8.58497	-49.88425	0	56	2021-09-06T00:40:23
8.58300	-49.88144	0	56	2021-09-06T00:45:19
8.58100	-49.87869	0	56	2021-09-06T00:50:18
8.57896	-49.87595	0	56	2021-09-06T00:55:15
8.57690	-49.87317	0	56	2021-09-06T01:00:14
8.57512	-49.87067	0	56	2021-09-06T01:05:13
8.57306	-49.86792	0	56	2021-09-06T01:10:10
8.57081	-49.86502	0	56	2021-09-06T01:15:07
8.56884	-49.86262	0	56	2021-09-06T01:20:07
8.56668	-49.86005	0	56	2021-09-06T01:25:08
8.56452	-49.85736	0	56	2021-09-06T01:30:09
8.56237	-49.85474	0	56	2021-09-06T01:35:10
8.56021	-49.85208	0	56	2021-09-06T01:40:12
8.55809	-49.84940	0	56	2021-09-06T01:45:15
8.55599	-49.84674	0	56	2021-09-06T01:50:15
8.55381	-49.84427	0	56	2021-09-06T01:55:14
8.55170	-49.84177	0	56	2021-09-06T02:00:18
8.54963	-49.83926	0	56	2021-09-06T02:05:18
8.54745	-49.83664	0	56	2021-09-06T02:10:20
8.54487	-49.83373	0	56	2021-09-06T02:15:17
8.54282	-49.83141	0	56	2021-09-06T02:20:18
8.54050	-49.82892	0	56	2021-09-06T02:25:18
8.53815	-49.82635	0	56	2021-09-06T02:30:15
8.53576	-49.82376	0	56	2021-09-06T02:35:09
8.53342	-49.82123	0	56	2021-09-06T02:40:06
8.53112	-49.81873	0	56	2021-09-06T02:45:02
8.52882	-49.81622	0	56	2021-09-06T02:49:59
8.52654	-49.81363	0	56	2021-09-06T02:54:57
8.52422	-49.81096	0	56	2021-09-06T02:59:57
8.52186	-49.80839	0	56	2021-09-06T03:04:57
8.51946	-49.80582	0	56	2021-09-06T03:09:56
8.51684	-49.80295	0	56	2021-09-06T03:15:30
8.51472	-49.80063	0	56	2021-09-06T03:19:58
8.51230	-49.79803	0	56	2021-09-06T03:24:53
8.50986	-49.79532	0	56	2021-09-06T03:29:55
8.50742	-49.79269	0	56	2021-09-06T03:34:59
8.50494	-49.79007	0	56	2021-09-06T03:40:01
8.50245	-49.78754	0	56	2021-09-06T03:45:01
8.50003	-49.78497	0	56	2021-09-06T03:50:05
8.49766	-49.78250	0	56	2021-09-06T03:55:04
8.49531	-49.78002	0	56	2021-09-06T04:00:04
8.49299	-49.77753	0	56	2021-09-06T04:05:04
8.48804	-49.77233	0	56	2021-09-06T04:15:02
8.48583	-49.77002	0	56	2021-09-06T04:20:04
8.48354	-49.76804	0	56	2021-09-06T04:25:01
8.47781	-49.76355	0	56	2021-09-06T04:39:59
8.47612	-49.76182	0	56	2021-09-06T04:44:56
8.47419	-49.76028	0	56	2021-09-06T04:49:57
8.47240	-49.75845	0	56	2021-09-06T04:54:54
8.47059	-49.75665	0	56	2021-09-06T04:59:54
8.46876	-49.75488	0	56	2021-09-06T05:04:52
8.46706	-49.75308	0	56	2021-09-06T05:09:49
8.46496	-49.75093	0	56	2021-09-06T05:14:43
8.46341	-49.74939	0	56	2021-09-06T05:19:43
8.46163	-49.74753	0	56	2021-09-06T05:24:40
8.45989	-49.74564	0	56	2021-09-06T05:29:38
8.45822	-49.74384	0	56	2021-09-06T05:34:38
8.45649	-49.74197	0	56	2021-09-06T05:39:35
8.45447	-49.74008	0	56	2021-09-06T05:44:35
8.45259	-49.73798	0	56	2021-09-06T05:49:35
8.45083	-49.73601	0	56	2021-09-06T05:54:34
8.44890	-49.73404	0	56	2021-09-06T05:59:34
8.44707	-49.73221	0	56	2021-09-06T06:04:31
8.44530	-49.73038	0	56	2021-09-06T06:09:33
8.44309	-49.72806	0	56	2021-09-06T06:15:23
8.44148	-49.72653	0	56	2021-09-06T06:19:34
8.43988	-49.72467	0	56	2021-09-06T06:24:34
8.43779	-49.72272	0	56	2021-09-06T06:29:36
8.43601	-49.72081	0	56	2021-09-06T06:34:33
8.43412	-49.71909	0	56	2021-09-06T06:39:34
8.43239	-49.71732	0	56	2021-09-06T06:44:34
8.43063	-49.71548	0	56	2021-09-06T06:49:35
8.42901	-49.71362	0	56	2021-09-06T06:54:33
8.42728	-49.71182	0	56	2021-09-06T06:59:33
8.42554	-49.71014	0	56	2021-09-06T07:04:34
8.42375	-49.70831	0	56	2021-09-06T07:09:31
8.42160	-49.70649	0	56	2021-09-06T07:14:28
8.42005	-49.70495	0	56	2021-09-06T07:19:29
8.41804	-49.70306	0	56	2021-09-06T07:24:29
8.41616	-49.70135	0	56	2021-09-06T07:29:27
8.41454	-49.69943	0	56	2021-09-06T07:34:24
8.41245	-49.69767	0	56	2021-09-06T07:39:21
8.41048	-49.69587	0	56	2021-09-06T07:44:21
8.40839	-49.69415	0	56	2021-09-06T07:49:21
8.40645	-49.69257	0	56	2021-09-06T07:54:20
8.40220	-49.68933	0	56	2021-09-06T08:04:18
8.40010	-49.68780	0	56	2021-09-06T08:09:54
8.39817	-49.68600	0	56	2021-09-06T08:14:54
8.39643	-49.68454	0	56	2021-09-06T08:19:20
8.39439	-49.68298	0	56	2021-09-06T08:24:21
8.39232	-49.68140	0	56	2021-09-06T08:29:25
8.39052	-49.68002	0	56	2021-09-06T08:34:26
8.38618	-49.67699	0	56	2021-09-06T08:44:32
8.38430	-49.67570	0	56	2021-09-06T08:49:33
8.38194	-49.67441	0	56	2021-09-06T08:54:33
8.38006	-49.67291	0	56	2021-09-06T08:59:35
8.37811	-49.67148	0	56	2021-09-06T09:04:35
8.37598	-49.67017	0	56	2021-09-06T09:09:39
8.37357	-49.66873	0	56	2021-09-06T09:14:56
8.37133	-49.66727	0	56	2021-09-06T09:19:35
8.36900	-49.66598	0	56	2021-09-06T09:24:35
8.36694	-49.66452	0	56	2021-09-06T09:29:36
8.36503	-49.66336	0	56	2021-09-06T09:34:33
8.36256	-49.66193	0	56	2021-09-06T09:39:36
8.36069	-49.66061	0	56	2021-09-06T09:44:33
8.35856	-49.65945	0	56	2021-09-06T09:49:30
8.35598	-49.65811	0	56	2021-09-06T09:54:29
8.35370	-49.65674	0	56	2021-09-06T09:59:32
8.35166	-49.65564	0	56	2021-09-06T10:04:34
8.34929	-49.65424	0	56	2021-09-06T10:09:35
8.34702	-49.65268	0	56	2021-09-06T10:14:56
8.34520	-49.65158	0	56	2021-09-06T10:19:37
8.34239	-49.65002	0	56	2021-09-06T10:24:38
8.34023	-49.64877	0	56	2021-09-06T10:29:33
8.33783	-49.64740	0	56	2021-09-06T10:34:32
8.33536	-49.64603	0	56	2021-09-06T10:39:32
8.33282	-49.64481	0	56	2021-09-06T10:44:30
8.33023	-49.64327	0	56	2021-09-06T10:49:27
8.32795	-49.64215	0	56	2021-09-06T10:54:27
8.32545	-49.64087	0	56	2021-09-06T10:59:28
8.32325	-49.63977	0	56	2021-09-06T11:04:31
8.32061	-49.63856	0	56	2021-09-06T11:09:54
8.31812	-49.63736	0	56	2021-09-06T11:14:54
8.31573	-49.63620	0	56	2021-09-06T11:19:34
8.31093	-49.63355	0	56	2021-09-06T11:29:49
8.30843	-49.63235	0	56	2021-09-06T11:34:49
8.30617	-49.63123	0	56	2021-09-06T11:39:50
8.30369	-49.62997	0	56	2021-09-06T11:44:51
8.30128	-49.62875	0	56	2021-09-06T11:49:58
8.29879	-49.62759	0	56	2021-09-06T11:55:03
8.29644	-49.62637	0	56	2021-09-06T12:00:01
8.29418	-49.62509	0	56	2021-09-06T12:05:02
8.28931	-49.62234	0	56	2021-09-06T12:14:59
8.28724	-49.62100	0	56	2021-09-06T12:20:01
8.28492	-49.61960	0	56	2021-09-06T12:24:58
8.28242	-49.61822	0	56	2021-09-06T12:30:03
8.28009	-49.61676	0	56	2021-09-06T12:35:03
8.27769	-49.61539	0	56	2021-09-06T12:40:03
8.27552	-49.61404	0	56	2021-09-06T12:45:05
8.27337	-49.61301	0	56	2021-09-06T12:50:06
8.27079	-49.61163	0	56	2021-09-06T12:55:06
8.26839	-49.61029	0	56	2021-09-06T13:00:08
8.26585	-49.60916	0	56	2021-09-06T13:05:06
8.26357	-49.60798	0	56	2021-09-06T13:10:36
8.26094	-49.60669	0	56	2021-09-06T13:15:37
8.25905	-49.60580	0	56	2021-09-06T13:20:07
8.25674	-49.60477	0	56	2021-09-06T13:25:05
8.25442	-49.60367	0	56	2021-09-06T13:30:05
8.25224	-49.60251	0	56	2021-09-06T13:35:06
8.25019	-49.60150	0	56	2021-09-06T13:40:03
8.24808	-49.60040	0	56	2021-09-06T13:45:01
8.24568	-49.59914	0	56	2021-09-06T13:49:57
8.24362	-49.59802	0	56	2021-09-06T13:54:57
8.24142	-49.59704	0	56	2021-09-06T13:59:48
8.23915	-49.59601	0	56	2021-09-06T14:04:48
8.23690	-49.59497	0	56	2021-09-06T14:09:52
8.23448	-49.59384	0	56	2021-09-06T14:15:25
8.23225	-49.59311	0	56	2021-09-06T14:19:54
8.22979	-49.59216	0	56	2021-09-06T14:24:59
8.22757	-49.59113	0	56	2021-09-06T14:29:59
8.22528	-49.59009	0	56	2021-09-06T14:34:58
8.22275	-49.58893	0	56	2021-09-06T14:40:02
8.22047	-49.58798	0	56	2021-09-06T14:45:03
8.21813	-49.58701	0	56	2021-09-06T14:50:07
8.21545	-49.58588	0	56	2021-09-06T14:55:08
8.21022	-49.58327	0	56	2021-09-06T15:05:55
8.20768	-49.58228	0	56	2021-09-06T15:10:17
8.20473	-49.58112	0	56	2021-09-06T15:15:54
8.20243	-49.58005	0	56	2021-09-06T15:20:13
8.19993	-49.57889	0	56	2021-09-06T15:25:12
8.19745	-49.57773	0	56	2021-09-06T15:30:11
8.19501	-49.57657	0	56	2021-09-06T15:35:04
8.19246	-49.57541	0	56	2021-09-06T15:39:52
8.19002	-49.57422	0	56	2021-09-06T15:44:50
8.18767	-49.57330	0	56	2021-09-06T15:49:47
8.18487	-49.57230	0	56	2021-09-06T15:54:48
8.18186	-49.57098	0	56	2021-09-06T15:59:51
8.17939	-49.56973	0	56	2021-09-06T16:04:49
8.17692	-49.56891	0	56	2021-09-06T16:09:50
8.17397	-49.56760	0	56	2021-09-06T16:15:26
8.17182	-49.56672	0	56	2021-09-06T16:19:45
8.16925	-49.56586	0	56	2021-09-06T16:24:45
8.16339	-49.56409	0	56	2021-09-06T16:34:47
8.16067	-49.56318	0	56	2021-09-06T16:39:47
8.15806	-49.56241	0	56	2021-09-06T16:44:47
8.15544	-49.56164	0	56	2021-09-06T16:49:49
8.15274	-49.56095	0	56	2021-09-06T16:54:49
8.14986	-49.56018	0	56	2021-09-06T16:59:48
8.14696	-49.55936	0	56	2021-09-06T17:04:48
8.14417	-49.55853	0	56	2021-09-06T17:09:49
8.14076	-49.55746	0	56	2021-09-06T17:14:50
8.13848	-49.55686	0	56	2021-09-06T17:19:51
8.13557	-49.55600	0	56	2021-09-06T17:24:51
8.13259	-49.55515	0	56	2021-09-06T17:29:52
8.12949	-49.55430	0	56	2021-09-06T17:34:49
8.12649	-49.55344	0	56	2021-09-06T17:39:50
8.12344	-49.55249	0	56	2021-09-06T17:44:51
8.11721	-49.55076	0	56	2021-09-06T17:55:04
8.11429	-49.54999	0	56	2021-09-06T18:00:04
8.11116	-49.54913	0	56	2021-09-06T18:05:03
8.10820	-49.54831	0	56	2021-09-06T18:10:04
8.10469	-49.54729	0	56	2021-09-06T18:15:07
8.10213	-49.54660	0	56	2021-09-06T18:20:06
8.09922	-49.54578	0	56	2021-09-06T18:25:06
8.09629	-49.54498	0	56	2021-09-06T18:30:03
8.09323	-49.54411	0	56	2021-09-06T18:35:04
8.09018	-49.54334	0	56	2021-09-06T18:40:05
8.08722	-49.54257	0	56	2021-09-06T18:45:05
8.08419	-49.54172	0	56	2021-09-06T18:50:02
8.08117	-49.54092	0	56	2021-09-06T18:55:06
8.07812	-49.54010	0	56	2021-09-06T19:00:04
8.07504	-49.53921	0	56	2021-09-06T19:05:25
8.07208	-49.53854	0	56	2021-09-06T19:09:57
8.06873	-49.53766	0	56	2021-09-06T19:15:26
8.05273	-49.53355	0	56	2021-09-06T19:44:55
8.05033	-49.53295	0	56	2021-09-06T19:49:54
8.04796	-49.53226	0	56	2021-09-06T19:54:54
8.04072	-49.53028	0	56	2021-09-06T20:09:54
8.03776	-49.52951	0	56	2021-09-06T20:14:54
8.03583	-49.52908	0	56	2021-09-06T20:19:54
8.03328	-49.52849	0	56	2021-09-06T20:24:59
8.03062	-49.52789	0	56	2021-09-06T20:29:59
8.02802	-49.52731	0	56	2021-09-06T20:34:57
8.02270	-49.52625	0	56	2021-09-06T20:45:03
8.02004	-49.52582	0	56	2021-09-06T20:50:03
8.01721	-49.52539	0	56	2021-09-06T20:55:03
8.01150	-49.52448	0	56	2021-09-06T21:05:59
8.00876	-49.52414	0	56	2021-09-06T21:10:58
8.00545	-49.52380	0	56	2021-09-06T21:15:58
8.00311	-49.52338	0	56	2021-09-06T21:20:00
8.00023	-49.52288	0	56	2021-09-06T21:24:57
7.99731	-49.52237	0	56	2021-09-06T21:29:56
7.99448	-49.52194	0	56	2021-09-06T21:34:56
7.99170	-49.52170	0	56	2021-09-06T21:39:57
7.96328	-49.51792	0	56	2021-09-06T22:30:04
7.96036	-49.51758	0	56	2021-09-06T22:35:03
7.95744	-49.51715	0	56	2021-09-06T22:40:03
7.95455	-49.51660	0	56	2021-09-06T22:45:01
7.93609	-49.51405	0	56	2021-09-06T23:14:46
7.93356	-49.51388	0	56	2021-09-06T23:19:47
7.93068	-49.51337	0	56	2021-09-06T23:24:47
7.92787	-49.51294	0	56	2021-09-06T23:29:48
7.92506	-49.51240	0	56	2021-09-06T23:34:46
7.92218	-49.51206	0	56	2021-09-06T23:39:46
7.91935	-49.51172	0	56	2021-09-06T23:44:46
7.91646	-49.51132	0	56	2021-09-06T23:49:47
7.91356	-49.51095	0	56	2021-09-06T23:54:46
7.91060	-49.51052	0	56	2021-09-06T23:59:46
7.90751	-49.51035	0	56	2021-09-07T00:04:47
7.90448	-49.51013	0	56	2021-09-07T00:09:41
7.90094	-49.51007	0	56	2021-09-07T00:14:45
7.89832	-49.50998	0	56	2021-09-07T00:19:45
7.89514	-49.50964	0	56	2021-09-07T00:24:45
7.88210	-49.50848	0	56	2021-09-07T00:44:46
7.87875	-49.50824	0	56	2021-09-07T00:49:39
7.87536	-49.50790	0	56	2021-09-07T00:54:40
7.87187	-49.50752	0	56	2021-09-07T00:59:37
7.86849	-49.50748	0	56	2021-09-07T01:04:39
7.86522	-49.50717	0	56	2021-09-07T01:09:37
7.85852	-49.50673	0	56	2021-09-07T01:19:40
7.85530	-49.50656	0	56	2021-09-07T01:24:40
7.85208	-49.50656	0	56	2021-09-07T01:29:39
7.84895	-49.50650	0	56	2021-09-07T01:34:42
7.83960	-49.50588	0	56	2021-09-07T01:49:48
7.83638	-49.50554	0	56	2021-09-07T01:54:47
7.83329	-49.50537	0	56	2021-09-07T01:59:47
7.83014	-49.50504	0	56	2021-09-07T02:04:45
7.82679	-49.50464	0	56	2021-09-07T02:09:49
7.82311	-49.50406	0	56	2021-09-07T02:15:25
7.82032	-49.50360	0	56	2021-09-07T02:19:43
7.81693	-49.50312	0	56	2021-09-07T02:24:44
7.81367	-49.50269	0	56	2021-09-07T02:29:45
7.81037	-49.50226	0	56	2021-09-07T02:34:45
7.80710	-49.50174	0	56	2021-09-07T02:39:43
7.80372	-49.50114	0	56	2021-09-07T02:44:47
7.80037	-49.50063	0	56	2021-09-07T02:49:48
7.79715	-49.50012	0	56	2021-09-07T02:54:48
7.79053	-49.49906	0	56	2021-09-07T03:05:42
7.78714	-49.49846	0	56	2021-09-07T03:10:42
7.78345	-49.49777	0	56	2021-09-07T03:15:42
7.78067	-49.49731	0	56	2021-09-07T03:19:54
7.77039	-49.49546	0	56	2021-09-07T03:35:06
7.76688	-49.49490	0	56	2021-09-07T03:40:17
7.76369	-49.49426	0	56	2021-09-07T03:45:05
7.74701	-49.49106	0	56	2021-09-07T04:10:09
7.74305	-49.49021	0	56	2021-09-07T04:15:05
7.74035	-49.48978	0	56	2021-09-07T04:20:04
7.73701	-49.48917	0	56	2021-09-07T04:25:01
7.73357	-49.48853	0	56	2021-09-07T04:30:02
7.72095	-49.48630	0	56	2021-09-07T04:50:00
7.71770	-49.48572	0	56	2021-09-07T04:54:58
7.71459	-49.48517	0	56	2021-09-07T04:59:55
7.71127	-49.48486	0	56	2021-09-07T05:04:59
7.70800	-49.48434	0	56	2021-09-07T05:10:03
7.70390	-49.48369	0	56	2021-09-07T05:15:09
7.70151	-49.48334	0	56	2021-09-07T05:20:10
7.69832	-49.48300	0	56	2021-09-07T05:25:08
7.69505	-49.48282	0	56	2021-09-07T05:30:15
7.69179	-49.48245	0	56	2021-09-07T05:35:15
7.68849	-49.48206	0	56	2021-09-07T05:40:17
7.68501	-49.48160	0	56	2021-09-07T05:45:27
7.67850	-49.48105	0	56	2021-09-07T05:55:19
7.67537	-49.48105	0	56	2021-09-07T06:00:19
7.67219	-49.48105	0	56	2021-09-07T06:05:18
7.66904	-49.48102	0	56	2021-09-07T06:10:19
7.66283	-49.48106	0	56	2021-09-07T06:20:12
7.65961	-49.48097	0	56	2021-09-07T06:25:12
7.65635	-49.48080	0	56	2021-09-07T06:30:11
7.65310	-49.48074	0	56	2021-09-07T06:35:08
7.64991	-49.48080	0	56	2021-09-07T06:40:00
7.64668	-49.48077	0	56	2021-09-07T06:45:01
7.64335	-49.48080	0	56	2021-09-07T06:49:59
7.64013	-49.48083	0	56	2021-09-07T06:54:59
7.63355	-49.48093	0	56	2021-09-07T07:05:25
7.63016	-49.48093	0	56	2021-09-07T07:10:25
7.62630	-49.48102	0	56	2021-09-07T07:15:26
7.62004	-49.48120	0	56	2021-09-07T07:24:45
7.61665	-49.48129	0	56	2021-09-07T07:29:45
7.61322	-49.48138	0	56	2021-09-07T07:34:44
7.60970	-49.48152	0	56	2021-09-07T07:39:44
7.60622	-49.48178	0	56	2021-09-07T07:44:45
7.60283	-49.48212	0	56	2021-09-07T07:49:45
7.59938	-49.48233	0	56	2021-09-07T07:54:46
7.59592	-49.48267	0	56	2021-09-07T07:59:44
7.59236	-49.48303	0	56	2021-09-07T08:05:27
7.58880	-49.48320	0	56	2021-09-07T08:10:28
7.58472	-49.48346	0	56	2021-09-07T08:15:28
7.58165	-49.48364	0	56	2021-09-07T08:19:46
7.57799	-49.48397	0	56	2021-09-07T08:24:48
7.57430	-49.48440	0	56	2021-09-07T08:29:48
7.57070	-49.48483	0	56	2021-09-07T08:34:48
7.56697	-49.48520	0	56	2021-09-07T08:39:50
7.55279	-49.48706	0	56	2021-09-07T08:59:58
7.53174	-49.48957	0	56	2021-09-07T09:29:59
7.52822	-49.48991	0	56	2021-09-07T09:35:00
7.52466	-49.49042	0	56	2021-09-07T09:40:00
7.51398	-49.49230	0	56	2021-09-07T09:54:58
7.51033	-49.49290	0	56	2021-09-07T09:59:57
7.50668	-49.49359	0	56	2021-09-07T10:04:57
7.49236	-49.49649	0	56	2021-09-07T10:24:54
7.48872	-49.49719	0	56	2021-09-07T10:29:56
7.48511	-49.49802	0	56	2021-09-07T10:34:55
7.48159	-49.49888	0	56	2021-09-07T10:39:55
7.47799	-49.49982	0	56	2021-09-07T10:44:56
7.47061	-49.50179	0	56	2021-09-07T10:54:58
7.46726	-49.50273	0	56	2021-09-07T10:59:58
7.46387	-49.50385	0	56	2021-09-07T11:04:58
7.46050	-49.50485	0	56	2021-09-07T11:09:54
7.45674	-49.50603	0	56	2021-09-07T11:14:53
7.45378	-49.50689	0	56	2021-09-07T11:19:53
7.45043	-49.50766	0	56	2021-09-07T11:24:52
7.44002	-49.51071	0	56	2021-09-07T11:40:05
7.43654	-49.51165	0	56	2021-09-07T11:45:05
7.43324	-49.51251	0	56	2021-09-07T11:50:04
7.42326	-49.51529	0	56	2021-09-07T12:05:06
7.39313	-49.52255	0	56	2021-09-07T12:49:58
7.36999	-49.52840	0	56	2021-09-07T13:25:20
7.36669	-49.52917	0	56	2021-09-07T13:30:20
7.36343	-49.52994	0	56	2021-09-07T13:35:19
7.35376	-49.53245	0	56	2021-09-07T13:50:29
7.35054	-49.53322	0	56	2021-09-07T13:55:29
7.34724	-49.53391	0	56	2021-09-07T14:00:30
7.34392	-49.53482	0	56	2021-09-07T14:05:33
7.34057	-49.53565	0	56	2021-09-07T14:11:55
7.33636	-49.53659	0	56	2021-09-07T14:16:54
7.33099	-49.53779	0	56	2021-09-07T14:25:50
7.32816	-49.53813	0	56	2021-09-07T14:30:50
7.32533	-49.53839	0	56	2021-09-07T14:35:51
7.32253	-49.53870	0	56	2021-09-07T14:40:52
7.31974	-49.53897	0	56	2021-09-07T14:45:53
7.31712	-49.53923	0	56	2021-09-07T14:50:53
7.31450	-49.53949	0	56	2021-09-07T14:55:53
7.31187	-49.53973	0	56	2021-09-07T15:00:54
7.30662	-49.54049	0	56	2021-09-07T15:10:53
7.30344	-49.54092	0	56	2021-09-07T15:15:54
7.30147	-49.54126	0	56	2021-09-07T15:20:54
7.29323	-49.54407	0	56	2021-09-07T15:36:05
7.28176	-49.54773	0	56	2021-09-07T15:56:11
7.27896	-49.54866	0	56	2021-09-07T16:01:13
7.27596	-49.54969	0	56	2021-09-07T16:06:14
7.27278	-49.55063	0	56	2021-09-07T16:11:14
7.26654	-49.55255	0	56	2021-09-07T16:21:16
7.26368	-49.55350	0	56	2021-09-07T16:26:14
7.26078	-49.55435	0	56	2021-09-07T16:31:15
7.25791	-49.55518	0	56	2021-09-07T16:36:15
7.25509	-49.55609	0	56	2021-09-07T16:41:12
7.25239	-49.55669	0	56	2021-09-07T16:46:12
7.24964	-49.55746	0	56	2021-09-07T16:51:11
7.24698	-49.55837	0	56	2021-09-07T16:55:56
7.24393	-49.55923	0	56	2021-09-07T17:00:56
7.24118	-49.56000	0	56	2021-09-07T17:05:56
7.23831	-49.56079	0	56	2021-09-07T17:10:53
7.23255	-49.56276	0	56	2021-09-07T17:20:49
7.22959	-49.56362	0	56	2021-09-07T17:25:49
7.22671	-49.56448	0	56	2021-09-07T17:30:50
7.21054	-49.57011	0	56	2021-09-07T18:00:59
7.20779	-49.57097	0	56	2021-09-07T18:05:59
7.20539	-49.57166	0	56	2021-09-07T18:10:58
7.18877	-49.57742	0	56	2021-09-07T18:45:37
7.18411	-49.57909	0	56	2021-09-07T18:55:34
7.18187	-49.58017	0	56	2021-09-07T19:00:38
7.17914	-49.58115	0	56	2021-09-07T19:05:35
7.17634	-49.58202	0	56	2021-09-07T19:10:58
7.17419	-49.58262	0	56	2021-09-07T19:15:57
7.17192	-49.58374	0	56	2021-09-07T19:20:58
7.16961	-49.58466	0	56	2021-09-07T19:25:28
7.16720	-49.58539	0	56	2021-09-07T19:30:29
7.16487	-49.58615	0	56	2021-09-07T19:35:28
7.16214	-49.58688	0	56	2021-09-07T19:40:27
7.15955	-49.58774	0	56	2021-09-07T19:45:26
7.15700	-49.58855	0	56	2021-09-07T19:50:24
7.15455	-49.58932	0	56	2021-09-07T19:55:25
7.15192	-49.59009	0	56	2021-09-07T20:00:29
7.14698	-49.59194	0	56	2021-09-07T20:11:26
7.14453	-49.59280	0	56	2021-09-07T20:16:26
7.14157	-49.59366	0	56	2021-09-07T20:21:27
7.13948	-49.59442	0	56	2021-09-07T20:25:39
7.13699	-49.59549	0	56	2021-09-07T20:30:47
7.13446	-49.59665	0	56	2021-09-07T20:35:59
7.13219	-49.59763	0	56	2021-09-07T20:40:48
7.12965	-49.59882	0	56	2021-09-07T20:46:00
7.12725	-49.59994	0	56	2021-09-07T20:51:00
7.12489	-49.60114	0	56	2021-09-07T20:55:59
7.12238	-49.60239	0	56	2021-09-07T21:01:14
7.12007	-49.60364	0	56	2021-09-07T21:06:18
7.11795	-49.60490	0	56	2021-09-07T21:11:39
7.11602	-49.60593	0	56	2021-09-07T21:16:39
7.11370	-49.60730	0	56	2021-09-07T21:21:38
7.10780	-49.61108	0	56	2021-09-07T21:36:14
7.09945	-49.61605	0	56	2021-09-07T21:56:24
7.09760	-49.61717	0	56	2021-09-07T22:01:25
7.09567	-49.61829	0	56	2021-09-07T22:06:25
7.08974	-49.62178	0	56	2021-09-07T22:21:12
7.08802	-49.62281	0	56	2021-09-07T22:26:11
7.08613	-49.62393	0	56	2021-09-07T22:31:11
7.08429	-49.62500	0	56	2021-09-07T22:36:09
7.08236	-49.62608	0	56	2021-09-07T22:40:57
7.08064	-49.62711	0	56	2021-09-07T22:45:58
7.07892	-49.62823	0	56	2021-09-07T22:50:58
7.07716	-49.62933	0	56	2021-09-07T22:55:56
7.07359	-49.63179	0	56	2021-09-07T23:05:42
7.07179	-49.63299	0	56	2021-09-07T23:10:43
7.07003	-49.63419	0	56	2021-09-07T23:15:43
7.06789	-49.63570	0	56	2021-09-07T23:20:42
7.06613	-49.63673	0	56	2021-09-07T23:25:42
7.06433	-49.63785	0	56	2021-09-07T23:30:42
7.06246	-49.63916	0	56	2021-09-07T23:35:43
7.06056	-49.64045	0	56	2021-09-07T23:40:47
7.05867	-49.64165	0	56	2021-09-07T23:45:46
7.05682	-49.64285	0	56	2021-09-07T23:50:46
7.05503	-49.64407	0	56	2021-09-07T23:55:43
7.05330	-49.64538	0	56	2021-09-08T00:00:40
7.05171	-49.64667	0	56	2021-09-08T00:05:41
7.04643	-49.65079	0	56	2021-09-08T00:21:02
7.04490	-49.65204	0	56	2021-09-08T00:25:29
7.04318	-49.65347	0	56	2021-09-08T00:30:23
7.03961	-49.65644	0	56	2021-09-08T00:40:12
7.03785	-49.65781	0	56	2021-09-08T00:45:12
7.03605	-49.65927	0	56	2021-09-08T00:50:11
7.03427	-49.66099	0	56	2021-09-08T00:55:15
7.03255	-49.66245	0	56	2021-09-08T01:00:15
7.02773	-49.66697	0	56	2021-09-08T01:15:17
7.02606	-49.66860	0	56	2021-09-08T01:20:16
7.02486	-49.66980	0	56	2021-09-08T01:25:16
7.02338	-49.67124	0	56	2021-09-08T01:30:17
7.02192	-49.67261	0	56	2021-09-08T01:35:17
7.02046	-49.67407	0	56	2021-09-08T01:40:17
7.01619	-49.67834	0	56	2021-09-08T01:55:13
7.01473	-49.67971	0	56	2021-09-08T02:00:13
7.01331	-49.68100	0	56	2021-09-08T02:05:12
7.01187	-49.68256	0	56	2021-09-08T02:10:15
7.01050	-49.68393	0	56	2021-09-08T02:15:14
7.00879	-49.68555	0	56	2021-09-08T02:20:57
7.00587	-49.68815	0	56	2021-09-08T02:30:14
7.00437	-49.68944	0	56	2021-09-08T02:35:13
7.00283	-49.69073	0	56	2021-09-08T02:40:13
7.00122	-49.69205	0	56	2021-09-08T02:45:13
6.99962	-49.69334	0	56	2021-09-08T02:50:16
6.99799	-49.69446	0	56	2021-09-08T02:55:16
6.99632	-49.69569	0	56	2021-09-08T03:00:20
6.99469	-49.69672	0	56	2021-09-08T03:05:19
6.99310	-49.69775	0	56	2021-09-08T03:10:19
6.99142	-49.69879	0	56	2021-09-08T03:15:19
6.98955	-49.70001	0	56	2021-09-08T03:20:58
6.98802	-49.70099	0	56	2021-09-08T03:25:24
6.98297	-49.70436	0	56	2021-09-08T03:40:19
6.98130	-49.70548	0	56	2021-09-08T03:45:19
6.97963	-49.70651	0	56	2021-09-08T03:50:18
6.97795	-49.70764	0	56	2021-09-08T03:55:17
6.97592	-49.70920	0	56	2021-09-08T04:01:37
6.97476	-49.70996	0	56	2021-09-08T04:05:11
6.96992	-49.71354	0	56	2021-09-08T04:20:06
6.96872	-49.71440	0	56	2021-09-08T04:25:05
6.96726	-49.71552	0	56	2021-09-08T04:30:05
6.96588	-49.71664	0	56	2021-09-08T04:35:02
6.96298	-49.71899	0	56	2021-09-08T04:44:57
6.96163	-49.72006	0	56	2021-09-08T04:49:57
6.96041	-49.72131	0	56	2021-09-08T04:54:58
6.95924	-49.72247	0	56	2021-09-08T04:59:52
6.95804	-49.72359	0	56	2021-09-08T05:04:52
6.95641	-49.72479	0	56	2021-09-08T05:09:53
6.95086	-49.72874	0	56	2021-09-08T05:25:03
6.94893	-49.73003	0	56	2021-09-08T05:30:04
6.94696	-49.73132	0	56	2021-09-08T05:35:04
6.94499	-49.73249	0	56	2021-09-08T05:39:58
6.94297	-49.73361	0	56	2021-09-08T05:44:58
6.93886	-49.73532	0	56	2021-09-08T05:54:33
6.93667	-49.73618	0	56	2021-09-08T05:59:16
6.93469	-49.73685	0	56	2021-09-08T06:04:23
6.93268	-49.73773	0	56	2021-09-08T06:09:17
6.93057	-49.73868	0	56	2021-09-08T06:14:17
6.92445	-49.74141	0	56	2021-09-08T06:29:24
6.92239	-49.74218	0	56	2021-09-08T06:34:25
6.92037	-49.74295	0	56	2021-09-08T06:39:25
6.91840	-49.74368	0	56	2021-09-08T06:44:24
6.91650	-49.74450	0	56	2021-09-08T06:49:22
6.91461	-49.74527	0	56	2021-09-08T06:54:21
6.91271	-49.74609	0	56	2021-09-08T06:59:21
6.91074	-49.74689	0	56	2021-09-08T07:04:19
6.90685	-49.74848	0	56	2021-09-08T07:14:09
6.90477	-49.74930	0	56	2021-09-08T07:19:37
6.90295	-49.75003	0	56	2021-09-08T07:24:09
6.90096	-49.75078	0	56	2021-09-08T07:28:57
6.89903	-49.75164	0	56	2021-09-08T07:33:57
6.89718	-49.75250	0	56	2021-09-08T07:38:58
6.89528	-49.75330	0	56	2021-09-08T07:43:55
6.89338	-49.75412	0	56	2021-09-08T07:48:54
6.89150	-49.75500	0	56	2021-09-08T07:53:52
6.88965	-49.75577	0	56	2021-09-08T07:58:53
6.88387	-49.75900	0	56	2021-09-08T08:13:53
6.88185	-49.76029	0	56	2021-09-08T08:18:53
6.88026	-49.76132	0	56	2021-09-08T08:23:54
6.87847	-49.76242	0	56	2021-09-08T08:28:53
6.87669	-49.76340	0	56	2021-09-08T08:33:56
6.87497	-49.76434	0	56	2021-09-08T08:38:56
6.87323	-49.76531	0	56	2021-09-08T08:43:53
6.87160	-49.76617	0	56	2021-09-08T08:48:54
6.86993	-49.76721	0	56	2021-09-08T08:53:51
6.86830	-49.76807	0	56	2021-09-08T08:58:51
6.86659	-49.76904	0	56	2021-09-08T09:03:50
6.86486	-49.77002	0	56	2021-09-08T09:08:47
6.86123	-49.77194	0	56	2021-09-08T09:19:26
6.85968	-49.77274	0	56	2021-09-08T09:23:49
6.85796	-49.77368	0	56	2021-09-08T09:28:49
6.85293	-49.77655	0	56	2021-09-08T09:43:56
6.85115	-49.77756	0	56	2021-09-08T09:49:01
6.84952	-49.77850	0	56	2021-09-08T09:54:01
6.84779	-49.77953	0	56	2021-09-08T09:58:47
6.84620	-49.78030	0	56	2021-09-08T10:03:48
6.84457	-49.78107	0	56	2021-09-08T10:08:48
6.84295	-49.78199	0	56	2021-09-08T10:14:09
6.84102	-49.78293	0	56	2021-09-08T10:19:10
6.83946	-49.78386	0	56	2021-09-08T10:23:39
6.83783	-49.78480	0	56	2021-09-08T10:28:40
6.83616	-49.78574	0	56	2021-09-08T10:33:40
6.83450	-49.78674	0	56	2021-09-08T10:38:42
6.83281	-49.78763	0	56	2021-09-08T10:43:43
6.83116	-49.78870	0	56	2021-09-08T10:48:43
6.82958	-49.78989	0	56	2021-09-08T10:53:45
6.82801	-49.79100	0	56	2021-09-08T10:58:50
6.82647	-49.79203	0	56	2021-09-08T11:03:50
6.82493	-49.79306	0	56	2021-09-08T11:08:50
6.82335	-49.79403	0	56	2021-09-08T11:14:54
6.82146	-49.79532	0	56	2021-09-08T11:19:54
6.82007	-49.79631	0	56	2021-09-08T11:24:01
6.81822	-49.79743	0	56	2021-09-08T11:29:01
6.81668	-49.79846	0	56	2021-09-08T11:34:00
6.81502	-49.79959	0	56	2021-09-08T11:38:55
6.81335	-49.80071	0	56	2021-09-08T11:43:54
6.81146	-49.80200	0	56	2021-09-08T11:48:54
6.80960	-49.80316	0	56	2021-09-08T11:53:55
6.80779	-49.80432	0	56	2021-09-08T11:58:52
6.80592	-49.80560	0	56	2021-09-08T12:04:04
6.80403	-49.80680	0	56	2021-09-08T12:09:04
6.80206	-49.80792	0	56	2021-09-08T12:14:03
6.79832	-49.81044	0	56	2021-09-08T12:24:11
6.79656	-49.81156	0	56	2021-09-08T12:29:11
6.79476	-49.81268	0	56	2021-09-08T12:34:10
6.79296	-49.81378	0	56	2021-09-08T12:39:11
6.79126	-49.81493	0	56	2021-09-08T12:44:08
6.78950	-49.81613	0	56	2021-09-08T12:49:08
6.78778	-49.81736	0	56	2021-09-08T12:54:09
6.78606	-49.81839	0	56	2021-09-08T12:59:09
6.78444	-49.81943	0	56	2021-09-08T13:04:10
6.78278	-49.82059	0	56	2021-09-08T13:09:12
6.78115	-49.82153	0	56	2021-09-08T13:14:13
6.77920	-49.82278	0	56	2021-09-08T13:19:21
6.77778	-49.82355	0	56	2021-09-08T13:24:22
6.77607	-49.82463	0	56	2021-09-08T13:29:30
6.77444	-49.82557	0	56	2021-09-08T13:34:30
6.77281	-49.82651	0	56	2021-09-08T13:39:29
6.77119	-49.82755	0	56	2021-09-08T13:44:30
6.76782	-49.82958	0	56	2021-09-08T13:54:38
6.76619	-49.83061	0	56	2021-09-08T13:59:38
6.76452	-49.83173	0	56	2021-09-08T14:04:37
6.76290	-49.83286	0	56	2021-09-08T14:09:34
6.76128	-49.83404	0	56	2021-09-08T14:14:58
6.75956	-49.83524	0	56	2021-09-08T14:19:58
6.75821	-49.83618	0	56	2021-09-08T14:24:25
6.75657	-49.83732	0	56	2021-09-08T14:29:24
6.75498	-49.83835	0	56	2021-09-08T14:34:23
6.75348	-49.83955	0	56	2021-09-08T14:39:23
6.75202	-49.84067	0	56	2021-09-08T14:44:23
6.75054	-49.84192	0	56	2021-09-08T14:49:24
6.74771	-49.84424	0	56	2021-09-08T14:59:23
6.74500	-49.84646	0	56	2021-09-08T15:09:59
6.74363	-49.84749	0	56	2021-09-08T15:15:00
6.74196	-49.84869	0	56	2021-09-08T15:20:00
6.73928	-49.85052	0	56	2021-09-08T15:29:32
6.73794	-49.85150	0	56	2021-09-08T15:34:16
6.73657	-49.85236	0	56	2021-09-08T15:39:15
6.73508	-49.85332	0	56	2021-09-08T15:44:19
6.73358	-49.85418	0	56	2021-09-08T15:49:19
6.73199	-49.85504	0	56	2021-09-08T15:54:18
6.72871	-49.85688	0	56	2021-09-08T16:04:31
6.72712	-49.85757	0	56	2021-09-08T16:09:31
6.72553	-49.85834	0	56	2021-09-08T16:14:32
6.72361	-49.85922	0	56	2021-09-08T16:20:27
6.72228	-49.85992	0	56	2021-09-08T16:24:45
6.72071	-49.86053	0	56	2021-09-08T16:29:39
6.71906	-49.86130	0	56	2021-09-08T16:34:44
6.71747	-49.86203	0	56	2021-09-08T16:39:48
6.71585	-49.86279	0	56	2021-09-08T16:44:51
6.71435	-49.86360	0	56	2021-09-08T16:49:57
6.71272	-49.86429	0	56	2021-09-08T16:54:57
6.71133	-49.86511	0	56	2021-09-08T16:59:55
6.70998	-49.86595	0	56	2021-09-08T17:04:58
6.70852	-49.86664	0	56	2021-09-08T17:09:57
6.70717	-49.86743	0	56	2021-09-08T17:14:57
6.70450	-49.86913	0	56	2021-09-08T17:24:59
6.70313	-49.86990	0	56	2021-09-08T17:30:00
6.70176	-49.87076	0	56	2021-09-08T17:35:00
6.70023	-49.87161	0	56	2021-09-08T17:39:57
6.69873	-49.87242	0	56	2021-09-08T17:44:55
6.69710	-49.87319	0	56	2021-09-08T17:49:55
6.69556	-49.87396	0	56	2021-09-08T17:54:54
6.69401	-49.87482	0	56	2021-09-08T17:59:53
6.69240	-49.87564	0	56	2021-09-08T18:04:51
6.69084	-49.87664	0	56	2021-09-08T18:09:52
6.68930	-49.87750	0	56	2021-09-08T18:14:52
6.68770	-49.87860	0	56	2021-09-08T18:20:36
6.68494	-49.88058	0	56	2021-09-08T18:29:52
6.68353	-49.88159	0	56	2021-09-08T18:34:52
6.68211	-49.88245	0	56	2021-09-08T18:39:52
6.68066	-49.88336	0	56	2021-09-08T18:44:54
6.67919	-49.88425	0	56	2021-09-08T18:49:58
6.67767	-49.88519	0	56	2021-09-08T18:55:00
6.67617	-49.88605	0	56	2021-09-08T19:00:00
6.67457	-49.88716	0	56	2021-09-08T19:05:04
6.67311	-49.88828	0	56	2021-09-08T19:10:04
6.67165	-49.88946	0	56	2021-09-08T19:15:34
6.67011	-49.89075	0	56	2021-09-08T19:20:34
6.66877	-49.89188	0	56	2021-09-08T19:25:12
6.66734	-49.89313	0	56	2021-09-08T19:30:17
6.66596	-49.89421	0	56	2021-09-08T19:35:21
6.66459	-49.89524	0	56	2021-09-08T19:40:22
6.66326	-49.89618	0	56	2021-09-08T19:45:22
6.66193	-49.89719	0	56	2021-09-08T19:50:20
6.66058	-49.89823	0	56	2021-09-08T19:55:25
6.65925	-49.89917	0	56	2021-09-08T20:00:25
6.65783	-49.90018	0	56	2021-09-08T20:05:23
6.65638	-49.90115	0	56	2021-09-08T20:10:26
6.65492	-49.90229	0	56	2021-09-08T20:15:25
6.65333	-49.90341	0	56	2021-09-08T20:20:25
6.65209	-49.90427	0	56	2021-09-08T20:25:26
6.65067	-49.90527	0	56	2021-09-08T20:30:28
6.64922	-49.90627	0	56	2021-09-08T20:35:28
6.64785	-49.90730	0	56	2021-09-08T20:40:29
6.64643	-49.90833	0	56	2021-09-08T20:45:29
6.64493	-49.90933	0	56	2021-09-08T20:50:27
6.64344	-49.91041	0	56	2021-09-08T20:55:30
6.64202	-49.91144	0	56	2021-09-08T21:00:29
6.64056	-49.91238	0	56	2021-09-08T21:05:29
6.63471	-49.91641	0	56	2021-09-08T21:25:47
6.63329	-49.91727	0	56	2021-09-08T21:30:46
6.63192	-49.91821	0	56	2021-09-08T21:35:46
6.63054	-49.91910	0	56	2021-09-08T21:40:47
6.62385	-49.92345	0	56	2021-09-08T22:05:32
6.62252	-49.92448	0	56	2021-09-08T22:10:33
6.62115	-49.92560	0	56	2021-09-08T22:15:33
6.61432	-49.93107	0	56	2021-09-08T22:40:22
6.61308	-49.93201	0	56	2021-09-08T22:45:22
6.61184	-49.93295	0	56	2021-09-08T22:50:21
6.61055	-49.93396	0	56	2021-09-08T22:55:20
6.60937	-49.93500	0	56	2021-09-08T23:00:18
6.60701	-49.93729	0	56	2021-09-08T23:10:24
6.60598	-49.93841	0	56	2021-09-08T23:15:25
6.60491	-49.93961	0	56	2021-09-08T23:20:25
6.60385	-49.94078	0	56	2021-09-08T23:25:07
6.60273	-49.94181	0	56	2021-09-08T23:30:08
6.60166	-49.94293	0	56	2021-09-08T23:35:08
6.59949	-49.94512	0	56	2021-09-08T23:45:14
6.59850	-49.94624	0	56	2021-09-08T23:50:14
6.59756	-49.94736	0	56	2021-09-08T23:55:13
6.59355	-49.95436	0	56	2021-09-09T00:20:39
6.59302	-49.95544	0	56	2021-09-09T00:25:41
6.59235	-49.95685	0	56	2021-09-09T00:30:38
6.58899	-49.96356	0	56	2021-09-09T00:55:29
6.58830	-49.96476	0	56	2021-09-09T01:00:28
6.58766	-49.96588	0	56	2021-09-09T01:05:28
6.58704	-49.96701	0	56	2021-09-09T01:10:25
6.58566	-49.96979	0	56	2021-09-09T01:20:19
6.58523	-49.97065	0	56	2021-09-09T01:25:20
6.58467	-49.97168	0	56	2021-09-09T01:30:20
6.58410	-49.97285	0	56	2021-09-09T01:35:11
6.58354	-49.97397	0	56	2021-09-09T01:40:11
6.58291	-49.97510	0	56	2021-09-09T01:45:11
6.58233	-49.97626	0	56	2021-09-09T01:50:09
6.58112	-49.97856	0	56	2021-09-09T02:00:06
6.58056	-49.97968	0	56	2021-09-09T02:05:06
6.57992	-49.98080	0	56	2021-09-09T02:10:05
6.57917	-49.98207	0	56	2021-09-09T02:15:05
6.57835	-49.98336	0	56	2021-09-09T02:20:05
6.57784	-49.98422	0	56	2021-09-09T02:25:04
6.57640	-49.98656	0	56	2021-09-09T02:35:15
6.57567	-49.98768	0	56	2021-09-09T02:40:14
6.57503	-49.98871	0	56	2021-09-09T02:45:14
6.57286	-49.99202	0	56	2021-09-09T03:00:41
6.57213	-49.99305	0	56	2021-09-09T03:05:41
6.57136	-49.99399	0	56	2021-09-09T03:10:42
6.57060	-49.99500	0	56	2021-09-09T03:16:12
6.56983	-49.99603	0	56	2021-09-09T03:21:11
6.56918	-49.99701	0	56	2021-09-09T03:25:52
6.56598	-50.00148	0	56	2021-09-09T03:50:53
6.56543	-50.00226	0	56	2021-09-09T03:55:49
6.56486	-50.00302	0	56	2021-09-09T04:00:54
6.56372	-50.00458	0	56	2021-09-09T04:11:27
6.56325	-50.00527	0	56	2021-09-09T04:16:28
6.56269	-50.00604	0	56	2021-09-09T04:21:28
6.56221	-50.00664	0	56	2021-09-09T04:25:43
6.56182	-50.00724	0	56	2021-09-09T04:30:44
6.56139	-50.00784	0	56	2021-09-09T04:35:44
6.56099	-50.00848	0	56	2021-09-09T04:40:42
6.56027	-50.00973	0	56	2021-09-09T04:50:40
6.55988	-50.01016	0	56	2021-09-09T04:55:40
6.55949	-50.01059	0	56	2021-09-09T05:00:40
6.55914	-50.01102	0	56	2021-09-09T05:05:38
6.55662	-50.01389	0	56	2021-09-09T05:40:29
6.55424	-50.01647	0	56	2021-09-09T06:10:39
6.55390	-50.01681	0	56	2021-09-09T06:15:39
6.55347	-50.01724	0	56	2021-09-09T06:20:40
6.55312	-50.01761	0	56	2021-09-09T06:25:04
6.55273	-50.01804	0	56	2021-09-09T06:30:03
6.55233	-50.01861	0	56	2021-09-09T06:34:52
6.55194	-50.01895	0	56	2021-09-09T06:39:52
6.55155	-50.01938	0	56	2021-09-09T06:44:51
6.54975	-50.02158	0	56	2021-09-09T07:04:42
6.54928	-50.02201	0	56	2021-09-09T07:09:42
6.54877	-50.02252	0	56	2021-09-09T07:14:42
6.54817	-50.02316	0	56	2021-09-09T07:20:25
6.54779	-50.02368	0	56	2021-09-09T07:24:38
6.54724	-50.02426	0	56	2021-09-09T07:29:38
6.54667	-50.02489	0	56	2021-09-09T07:34:35
6.54611	-50.02540	0	56	2021-09-09T07:39:36
6.54560	-50.02591	0	56	2021-09-09T07:44:36
6.54497	-50.02652	0	56	2021-09-09T07:49:37
6.54433	-50.02707	0	56	2021-09-09T07:54:39
6.54367	-50.02772	0	56	2021-09-09T07:59:51
6.54307	-50.02823	0	56	2021-09-09T08:04:51
6.54182	-50.02944	0	56	2021-09-09T08:15:01
6.54122	-50.03004	0	56	2021-09-09T08:20:01
6.54062	-50.03055	0	56	2021-09-09T08:25:00
6.54003	-50.03107	0	56	2021-09-09T08:29:56
6.53820	-50.03283	0	56	2021-09-09T08:44:47
6.53756	-50.03343	0	56	2021-09-09T08:49:48
6.53709	-50.03403	0	56	2021-09-09T08:54:48
6.53424	-50.03695	0	56	2021-09-09T09:19:57
6.53377	-50.03746	0	56	2021-09-09T09:24:58
6.53330	-50.03806	0	56	2021-09-09T09:29:58
6.53279	-50.03857	0	56	2021-09-09T09:34:58
6.53155	-50.04045	0	56	2021-09-09T09:50:02
6.53118	-50.04102	0	56	2021-09-09T09:55:03
6.53077	-50.04156	0	56	2021-09-09T10:00:03
6.53039	-50.04222	0	56	2021-09-09T10:05:01
6.53000	-50.04282	0	56	2021-09-09T10:10:02
6.52957	-50.04343	0	56	2021-09-09T10:14:58
6.52796	-50.04598	0	56	2021-09-09T10:34:47
6.52757	-50.04649	0	56	2021-09-09T10:39:47
6.52723	-50.04700	0	56	2021-09-09T10:44:47
6.52692	-50.04765	0	56	2021-09-09T10:49:44
6.52666	-50.04825	0	56	2021-09-09T10:54:43
6.52644	-50.04945	0	56	2021-09-09T11:11:22
6.52670	-50.04954	0	56	2021-09-09T11:16:22
6.52704	-50.04971	0	56	2021-09-09T11:21:22
6.52727	-50.04971	0	56	2021-09-09T11:24:33
6.52753	-50.04999	0	56	2021-09-09T11:29:26
6.52771	-50.05002	0	56	2021-09-09T11:34:26
6.52795	-50.05008	0	56	2021-09-09T11:39:27
6.52811	-50.05020	0	56	2021-09-09T11:44:21
6.52843	-50.05014	0	56	2021-09-09T11:54:18
6.52856	-50.05014	0	56	2021-09-09T11:59:18
6.52873	-50.05005	0	56	2021-09-09T12:04:17
6.52887	-50.04993	0	56	2021-09-09T12:09:20
6.52926	-50.04965	0	56	2021-09-09T12:19:21
6.52951	-50.04947	0	56	2021-09-09T12:25:04
6.52970	-50.04932	0	56	2021-09-09T12:29:24
6.53014	-50.04895	0	56	2021-09-09T12:39:25
6.53033	-50.04883	0	56	2021-09-09T12:44:24
6.53051	-50.04868	0	56	2021-09-09T12:49:22
6.53072	-50.04840	0	56	2021-09-09T12:54:23
6.53097	-50.04817	0	56	2021-09-09T12:59:18
6.53118	-50.04800	0	56	2021-09-09T13:04:19
6.53137	-50.04776	0	56	2021-09-09T13:09:16
6.53161	-50.04749	0	56	2021-09-09T13:14:19
6.53187	-50.04715	0	56	2021-09-09T13:19:18
6.53214	-50.04703	0	56	2021-09-09T13:24:56
6.53234	-50.04681	0	56	2021-09-09T13:29:19
6.53261	-50.04660	0	56	2021-09-09T13:34:17
6.53287	-50.04631	0	56	2021-09-09T13:39:21
6.53304	-50.04605	0	56	2021-09-09T13:44:21
6.53329	-50.04572	0	56	2021-09-09T13:49:23
6.53353	-50.04533	0	56	2021-09-09T13:54:27
6.53374	-50.04499	0	56	2021-09-09T13:59:28
6.53391	-50.04465	0	56	2021-09-09T14:04:28
6.53408	-50.04425	0	56	2021-09-09T14:09:30
6.53418	-50.04385	0	56	2021-09-09T14:14:31
6.53429	-50.04334	0	56	2021-09-09T14:20:02
6.53442	-50.04291	0	56	2021-09-09T14:25:03
6.53499	-50.04150	0	56	2021-09-09T14:39:50
6.53516	-50.04107	0	56	2021-09-09T14:44:50
6.53537	-50.04056	0	56	2021-09-09T14:49:49
6.53548	-50.04004	0	56	2021-09-09T14:54:49
6.53555	-50.03943	0	56	2021-09-09T14:59:53
6.53557	-50.03878	0	56	2021-09-09T15:04:54
6.53557	-50.03818	0	56	2021-09-09T15:09:55
6.53585	-50.03599	0	56	2021-09-09T15:24:45
6.53589	-50.03548	0	56	2021-09-09T15:29:44
6.53593	-50.03479	0	56	2021-09-09T15:34:44
6.53605	-50.03411	0	56	2021-09-09T15:39:37
6.53609	-50.03342	0	56	2021-09-09T15:44:37
6.53616	-50.03261	0	56	2021-09-09T15:49:31
6.53620	-50.03192	0	56	2021-09-09T15:54:32
6.53625	-50.03119	0	56	2021-09-09T15:59:32
6.53651	-50.02958	0	56	2021-09-09T16:09:27
6.53660	-50.02889	0	56	2021-09-09T16:14:28
6.53673	-50.02820	0	56	2021-09-09T16:19:28
6.53683	-50.02744	0	56	2021-09-09T16:24:57
6.53693	-50.02671	0	56	2021-09-09T16:29:26
6.53697	-50.02594	0	56	2021-09-09T16:34:26
6.53705	-50.02518	0	56	2021-09-09T16:39:23
6.53710	-50.02435	0	56	2021-09-09T16:44:21
6.53718	-50.02348	0	56	2021-09-09T16:49:18
6.53727	-50.02271	0	56	2021-09-09T16:54:18
6.53736	-50.02194	0	56	2021-09-09T16:59:17
6.53748	-50.02118	0	56	2021-09-09T17:04:14
6.53756	-50.01939	0	56	2021-09-09T17:14:33
6.53756	-50.01862	0	56	2021-09-09T17:19:32
6.53756	-50.01776	0	56	2021-09-09T17:24:32
6.53763	-50.01695	0	56	2021-09-09T17:29:13
6.53767	-50.01618	0	56	2021-09-09T17:34:12
6.53771	-50.01541	0	56	2021-09-09T17:39:12
6.53785	-50.01451	0	56	2021-09-09T17:44:17
6.53789	-50.01374	0	56	2021-09-09T17:49:17
6.53793	-50.01288	0	56	2021-09-09T17:54:17
6.53791	-50.01114	0	56	2021-09-09T18:04:20
6.53773	-50.00858	0	56	2021-09-09T18:18:56
6.53773	-50.00764	0	56	2021-09-09T18:23:56
6.53773	-50.00687	0	56	2021-09-09T18:28:57
6.53752	-50.00503	0	56	2021-09-09T18:38:51
6.53735	-50.00417	0	56	2021-09-09T18:43:51
6.53709	-50.00323	0	56	2021-09-09T18:48:50
6.53679	-50.00229	0	56	2021-09-09T18:53:54
6.53618	-50.00049	0	56	2021-09-09T19:03:55
6.53582	-49.99946	0	56	2021-09-09T19:08:52
6.53548	-49.99860	0	56	2021-09-09T19:13:53
6.53507	-49.99754	0	56	2021-09-09T19:18:47
6.53460	-49.99658	0	56	2021-09-09T19:24:26
6.53426	-49.99582	0	56	2021-09-09T19:28:48
6.53382	-49.99490	0	56	2021-09-09T19:33:44
6.53286	-49.99316	0	56	2021-09-09T19:43:36
6.53239	-49.99230	0	56	2021-09-09T19:48:36
6.53188	-49.99136	0	56	2021-09-09T19:53:37
6.53129	-49.99062	0	56	2021-09-09T19:58:38
6.53082	-49.98993	0	56	2021-09-09T20:03:38
6.53029	-49.98909	0	56	2021-09-09T20:08:32
6.52982	-49.98840	0	56	2021-09-09T20:13:32
6.52923	-49.98767	0	56	2021-09-09T20:18:36
6.52858	-49.98681	0	56	2021-09-09T20:23:43
6.52815	-49.98621	0	56	2021-09-09T20:28:43
6.52757	-49.98544	0	56	2021-09-09T20:33:48
6.52699	-49.98460	0	56	2021-09-09T20:38:52
6.52643	-49.98400	0	56	2021-09-09T20:43:53
6.52596	-49.98349	0	56	2021-09-09T20:48:53
6.52519	-49.98234	0	56	2021-09-09T20:58:48
6.52480	-49.98183	0	56	2021-09-09T21:03:48
6.52454	-49.98132	0	56	2021-09-09T21:08:47
6.52433	-49.98074	0	56	2021-09-09T21:13:46
6.52266	-49.97858	0	56	2021-09-09T21:33:36
6.52227	-49.97815	0	56	2021-09-09T21:38:36
6.52188	-49.97772	0	56	2021-09-09T21:43:37
6.52088	-49.97684	0	56	2021-09-09T21:53:16
6.52041	-49.97641	0	56	2021-09-09T21:58:16
6.51994	-49.97598	0	56	2021-09-09T22:03:17
6.51940	-49.97538	0	56	2021-09-09T22:07:55
6.51880	-49.97504	0	56	2021-09-09T22:12:55
6.51824	-49.97470	0	56	2021-09-09T22:17:55
6.51755	-49.97424	0	56	2021-09-09T22:23:27
6.51700	-49.97391	0	56	2021-09-09T22:27:46
6.51625	-49.97349	0	56	2021-09-09T22:32:28
6.51569	-49.97315	0	56	2021-09-09T22:37:29
6.51505	-49.97281	0	56	2021-09-09T22:42:29
6.51431	-49.97247	0	56	2021-09-09T22:47:26
6.51285	-49.97180	0	56	2021-09-09T22:57:12
6.51210	-49.97144	0	56	2021-09-09T23:02:06
6.51060	-49.97068	0	56	2021-09-09T23:11:57
6.50976	-49.97040	0	56	2021-09-09T23:16:37
6.50875	-49.97000	0	56	2021-09-09T23:21:58
6.50789	-49.96960	0	56	2021-09-09T23:26:28
6.50693	-49.96918	0	56	2021-09-09T23:31:30
6.50599	-49.96884	0	56	2021-09-09T23:36:30
6.50493	-49.96845	0	56	2021-09-09T23:41:33
6.50394	-49.96811	0	56	2021-09-09T23:46:32
6.50294	-49.96771	0	56	2021-09-09T23:51:32
6.50194	-49.96735	0	56	2021-09-09T23:56:34
6.50100	-49.96701	0	56	2021-09-10T00:01:34
6.50011	-49.96665	0	56	2021-09-10T00:06:30
6.49925	-49.96631	0	56	2021-09-10T00:11:29
6.49825	-49.96598	0	56	2021-09-10T00:16:21
6.49731	-49.96572	0	56	2021-09-10T00:21:21
6.49649	-49.96555	0	56	2021-09-10T00:26:20
6.49561	-49.96530	0	56	2021-09-10T00:31:16
6.49477	-49.96506	0	56	2021-09-10T00:36:16
6.49307	-49.96448	0	56	2021-09-10T00:45:56
6.49225	-49.96431	0	56	2021-09-10T00:50:56
6.49148	-49.96414	0	56	2021-09-10T00:55:57
6.49067	-49.96379	0	56	2021-09-10T01:00:51
6.48994	-49.96362	0	56	2021-09-10T01:05:51
6.48919	-49.96332	0	56	2021-09-10T01:10:48
6.48849	-49.96310	0	56	2021-09-10T01:15:46
6.48774	-49.96274	0	56	2021-09-10T01:20:42
6.48705	-49.96248	0	56	2021-09-10T01:25:43
6.48636	-49.96222	0	56	2021-09-10T01:30:43
6.48569	-49.96188	0	56	2021-09-10T01:35:41
6.48499	-49.96135	0	56	2021-09-10T01:40:49
6.48435	-49.96109	0	56	2021-09-10T01:45:49
6.48371	-49.96075	0	56	2021-09-10T01:50:48
6.48306	-49.96036	0	56	2021-09-10T01:55:48
6.48247	-49.95987	0	56	2021-09-10T02:00:52
6.48187	-49.95953	0	56	2021-09-10T02:05:52
6.48132	-49.95920	0	56	2021-09-10T02:10:55
6.48067	-49.95889	0	56	2021-09-10T02:15:55
6.48002	-49.95837	0	56	2021-09-10T02:21:28
6.47944	-49.95794	0	56	2021-09-10T02:25:58
6.47884	-49.95743	0	56	2021-09-10T02:30:58
6.47818	-49.95691	0	56	2021-09-10T02:35:52
6.47767	-49.95648	0	56	2021-09-10T02:40:52
6.47711	-49.95605	0	56	2021-09-10T02:45:53
6.47655	-49.95560	0	56	2021-09-10T02:50:46
6.47604	-49.95517	0	56	2021-09-10T02:55:47
6.47548	-49.95458	0	56	2021-09-10T03:00:36
6.47498	-49.95413	0	56	2021-09-10T03:05:49
6.47450	-49.95364	0	56	2021-09-10T03:10:37
6.47408	-49.95306	0	56	2021-09-10T03:15:42
6.47362	-49.95248	0	56	2021-09-10T03:21:02
6.47321	-49.95197	0	56	2021-09-10T03:25:40
6.47273	-49.95131	0	56	2021-09-10T03:30:38
6.47222	-49.95071	0	56	2021-09-10T03:35:38
6.47176	-49.95000	0	56	2021-09-10T03:40:44
6.47125	-49.94940	0	56	2021-09-10T03:45:44
6.47079	-49.94873	0	56	2021-09-10T03:50:42
6.47036	-49.94804	0	56	2021-09-10T03:55:42
6.46997	-49.94727	0	56	2021-09-10T04:00:42
6.46960	-49.94647	0	56	2021-09-10T04:05:40
6.46918	-49.94565	0	56	2021-09-10T04:11:15
6.46879	-49.94488	0	56	2021-09-10T04:16:15
6.46849	-49.94394	0	56	2021-09-10T04:21:14
6.46820	-49.94321	0	56	2021-09-10T04:25:35
6.46785	-49.94238	0	56	2021-09-10T04:30:32
6.46742	-49.94156	0	56	2021-09-10T04:35:29
6.46712	-49.94070	0	56	2021-09-10T04:40:30
6.46670	-49.93988	0	56	2021-09-10T04:45:30
6.46629	-49.93895	0	56	2021-09-10T04:50:38
6.46586	-49.93809	0	56	2021-09-10T04:55:37
6.46543	-49.93723	0	56	2021-09-10T05:00:38
6.46497	-49.93640	0	56	2021-09-10T05:05:41
6.46335	-49.93378	0	56	2021-09-10T05:21:08
6.46236	-49.93185	0	56	2021-09-10T05:30:34
6.46193	-49.93099	0	56	2021-09-10T05:35:33
6.46142	-49.93005	0	56	2021-09-10T05:40:33
6.46088	-49.92908	0	56	2021-09-10T05:45:30
6.46035	-49.92813	0	56	2021-09-10T05:50:30
6.45861	-49.92520	0	56	2021-09-10T06:05:29
6.45738	-49.92300	0	56	2021-09-10T06:15:34
6.45678	-49.92197	0	56	2021-09-10T06:20:33
6.45618	-49.92111	0	56	2021-09-10T06:25:33
6.45558	-49.92013	0	56	2021-09-10T06:30:34
6.45489	-49.91910	0	56	2021-09-10T06:35:34
6.45422	-49.91803	0	56	2021-09-10T06:40:32
6.45352	-49.91689	0	56	2021-09-10T06:45:36
6.45288	-49.91595	0	56	2021-09-10T06:50:36
6.45224	-49.91492	0	56	2021-09-10T06:55:35
6.45085	-49.91270	0	56	2021-09-10T07:05:09
6.45012	-49.91158	0	56	2021-09-10T07:10:09
6.44935	-49.91055	0	56	2021-09-10T07:15:09
6.44858	-49.90933	0	56	2021-09-10T07:20:27
6.44787	-49.90822	0	56	2021-09-10T07:24:45
6.44714	-49.90719	0	56	2021-09-10T07:29:46
6.44641	-49.90616	0	56	2021-09-10T07:34:46
6.44483	-49.90395	0	56	2021-09-10T07:44:22
6.44406	-49.90301	0	56	2021-09-10T07:49:23
6.44333	-49.90207	0	56	2021-09-10T07:54:23
6.44256	-49.90109	0	56	2021-09-10T07:59:23
6.44177	-49.90001	0	56	2021-09-10T08:04:22
6.44107	-49.89908	0	56	2021-09-10T08:09:23
6.44031	-49.89813	0	56	2021-09-10T08:14:23
6.43945	-49.89719	0	56	2021-09-10T08:19:54
6.43872	-49.89625	0	56	2021-09-10T08:24:27
6.43799	-49.89539	0	56	2021-09-10T08:29:26
6.43721	-49.89450	0	56	2021-09-10T08:34:23
6.43268	-49.88920	0	56	2021-09-10T09:03:57
6.43195	-49.88843	0	56	2021-09-10T09:08:57
6.43122	-49.88757	0	56	2021-09-10T09:13:57
6.43036	-49.88659	0	56	2021-09-10T09:18:43
6.42967	-49.88590	0	56	2021-09-10T09:23:43
6.42890	-49.88504	0	56	2021-09-10T09:28:42
6.42442	-49.87979	0	56	2021-09-10T09:58:11
6.42369	-49.87893	0	56	2021-09-10T10:03:10
6.42296	-49.87799	0	56	2021-09-10T10:08:10
6.42220	-49.87704	0	56	2021-09-10T10:13:45
6.42134	-49.87601	0	56	2021-09-10T10:18:45
6.42061	-49.87521	0	56	2021-09-10T10:23:13
6.41972	-49.87427	0	56	2021-09-10T10:28:14
6.41876	-49.87342	0	56	2021-09-10T10:33:14
6.41786	-49.87256	0	56	2021-09-10T10:38:15
6.41690	-49.87161	0	56	2021-09-10T10:43:13
6.41593	-49.87067	0	56	2021-09-10T10:48:10
6.41496	-49.86981	0	56	2021-09-10T10:53:10
6.41404	-49.86887	0	56	2021-09-10T10:58:11
6.41214	-49.86708	0	56	2021-09-10T11:08:32
6.41115	-49.86622	0	56	2021-09-10T11:13:33
6.41003	-49.86545	0	56	2021-09-10T11:18:33
6.40911	-49.86472	0	56	2021-09-10T11:23:03
6.40814	-49.86386	0	56	2021-09-10T11:28:00
6.40710	-49.86306	0	56	2021-09-10T11:32:57
6.40624	-49.86237	0	56	2021-09-10T11:37:57
6.40522	-49.86157	0	56	2021-09-10T11:42:59
6.40334	-49.85995	0	56	2021-09-10T11:53:05
6.40244	-49.85918	0	56	2021-09-10T11:58:05
6.40154	-49.85849	0	56	2021-09-10T12:03:05
6.40068	-49.85767	0	56	2021-09-10T12:08:04
6.39980	-49.85701	0	56	2021-09-10T12:13:38
6.39886	-49.85632	0	56	2021-09-10T12:18:37
6.39811	-49.85562	0	56	2021-09-10T12:23:11
6.39726	-49.85489	0	56	2021-09-10T12:28:11
6.39641	-49.85422	0	56	2021-09-10T12:33:14
6.39560	-49.85358	0	56	2021-09-10T12:38:15
6.39407	-49.85218	0	56	2021-09-10T12:48:07
6.39332	-49.85165	0	56	2021-09-10T12:53:11
6.39257	-49.85098	0	56	2021-09-10T12:58:08
6.39176	-49.85030	0	56	2021-09-10T13:02:57
6.39103	-49.84970	0	56	2021-09-10T13:07:57
6.39023	-49.84903	0	56	2021-09-10T13:12:55
6.38929	-49.84830	0	56	2021-09-10T13:18:32
6.38852	-49.84764	0	56	2021-09-10T13:22:57
6.38766	-49.84704	0	56	2021-09-10T13:27:57
6.38680	-49.84644	0	56	2021-09-10T13:32:56
6.38589	-49.84576	0	56	2021-09-10T13:38:03
6.38498	-49.84501	0	56	2021-09-10T13:43:05
6.38408	-49.84441	0	56	2021-09-10T13:48:05
6.38326	-49.84372	0	56	2021-09-10T13:53:06
6.38239	-49.84299	0	56	2021-09-10T13:58:07
6.38146	-49.84220	0	56	2021-09-10T14:03:15
6.38064	-49.84151	0	56	2021-09-10T14:08:15
6.37982	-49.84082	0	56	2021-09-10T14:13:14
6.37890	-49.84003	0	56	2021-09-10T14:18:45
6.37814	-49.83931	0	56	2021-09-10T14:23:15
6.37732	-49.83862	0	56	2021-09-10T14:28:15
6.37646	-49.83783	0	56	2021-09-10T14:33:16
6.37488	-49.83633	0	56	2021-09-10T14:43:15
6.37406	-49.83564	0	56	2021-09-10T14:48:15
6.37329	-49.83487	0	56	2021-09-10T14:53:15
6.37247	-49.83417	0	56	2021-09-10T14:58:10
6.37163	-49.83335	0	56	2021-09-10T15:03:05
6.37090	-49.83266	0	56	2021-09-10T15:08:04
6.37013	-49.83206	0	56	2021-09-10T15:13:04
6.36922	-49.83133	0	56	2021-09-10T15:18:28
6.36845	-49.83072	0	56	2021-09-10T15:22:59
6.36765	-49.82999	0	56	2021-09-10T15:27:59
6.36684	-49.82924	0	56	2021-09-10T15:33:00
6.36607	-49.82855	0	56	2021-09-10T15:38:00
6.36527	-49.82779	0	56	2021-09-10T15:43:02
6.36442	-49.82706	0	56	2021-09-10T15:48:01
6.36356	-49.82626	0	56	2021-09-10T15:53:03
6.36272	-49.82548	0	56	2021-09-10T15:58:05
6.36199	-49.82471	0	56	2021-09-10T16:03:05
6.36120	-49.82391	0	56	2021-09-10T16:08:06
6.35964	-49.82220	0	56	2021-09-10T16:18:11
6.35887	-49.82151	0	56	2021-09-10T16:23:11
6.35810	-49.82074	0	56	2021-09-10T16:28:10
6.35730	-49.81984	0	56	2021-09-10T16:33:19
6.35657	-49.81898	0	56	2021-09-10T16:38:19
6.35584	-49.81812	0	56	2021-09-10T16:43:20
6.35511	-49.81717	0	56	2021-09-10T16:48:21
6.35357	-49.81514	0	56	2021-09-10T16:58:29
6.35275	-49.81420	0	56	2021-09-10T17:03:28
6.35206	-49.81326	0	56	2021-09-10T17:08:28
6.35135	-49.81216	0	56	2021-09-10T17:13:16
6.35058	-49.81104	0	56	2021-09-10T17:18:15
6.35002	-49.81018	0	56	2021-09-10T17:23:15
6.34872	-49.80803	0	56	2021-09-10T17:33:05
6.34808	-49.80709	0	56	2021-09-10T17:38:06
6.34739	-49.80606	0	56	2021-09-10T17:43:06
6.34674	-49.80492	0	56	2021-09-10T17:48:04
6.34611	-49.80392	0	56	2021-09-10T17:53:04
6.34554	-49.80286	0	56	2021-09-10T17:58:05
6.34490	-49.80171	0	56	2021-09-10T18:03:02
6.34430	-49.80059	0	56	2021-09-10T18:08:02
6.34374	-49.79947	0	56	2021-09-10T18:13:01
6.34311	-49.79825	0	56	2021-09-10T18:18:35
6.34261	-49.79724	0	56	2021-09-10T18:23:05
6.34203	-49.79606	0	56	2021-09-10T18:28:07
6.34147	-49.79503	0	56	2021-09-10T18:33:08
6.34096	-49.79391	0	56	2021-09-10T18:38:08
6.34040	-49.79271	0	56	2021-09-10T18:43:10
6.33993	-49.79159	0	56	2021-09-10T18:48:10
6.33942	-49.79047	0	56	2021-09-10T18:53:11
6.33892	-49.78928	0	56	2021-09-10T18:58:11
6.33785	-49.78683	0	56	2021-09-10T19:09:04
6.33729	-49.78563	0	56	2021-09-10T19:14:05
6.33682	-49.78409	0	56	2021-09-10T19:19:05
6.33648	-49.78296	0	56	2021-09-10T19:23:16
6.33602	-49.78165	0	56	2021-09-10T19:28:17
6.33564	-49.78033	0	56	2021-09-10T19:33:17
6.33522	-49.77905	0	56	2021-09-10T19:38:15
6.33436	-49.77641	0	56	2021-09-10T19:48:12
6.33389	-49.77512	0	56	2021-09-10T19:53:11
6.33338	-49.77383	0	56	2021-09-10T19:58:11
6.33280	-49.77246	0	56	2021-09-10T20:03:12
6.33030	-49.76586	0	56	2021-09-10T20:28:26
6.32979	-49.76466	0	56	2021-09-10T20:33:25
6.32923	-49.76337	0	56	2021-09-10T20:38:25
6.32535	-49.75577	0	56	2021-09-10T21:08:34
6.32378	-49.75302	0	56	2021-09-10T21:18:29
6.32314	-49.75190	0	56	2021-09-10T21:23:29
6.32245	-49.75061	0	56	2021-09-10T21:28:29
6.32088	-49.74806	0	56	2021-09-10T21:38:31
6.32019	-49.74680	0	56	2021-09-10T21:43:32
6.31942	-49.74557	0	56	2021-09-10T21:48:30
6.31777	-49.74302	0	56	2021-09-10T21:58:24
6.31700	-49.74190	0	56	2021-09-10T22:03:25
6.31618	-49.74078	0	56	2021-09-10T22:08:25
6.31536	-49.73969	0	56	2021-09-10T22:13:23
6.31445	-49.73843	0	56	2021-09-10T22:18:58
6.31377	-49.73752	0	56	2021-09-10T22:23:15
6.31305	-49.73642	0	56	2021-09-10T22:28:10
6.31142	-49.73412	0	56	2021-09-10T22:38:18
6.31043	-49.73300	0	56	2021-09-10T22:43:17
6.30944	-49.73206	0	56	2021-09-10T22:48:17
6.30835	-49.73109	0	56	2021-09-10T22:53:26
6.30745	-49.73023	0	56	2021-09-10T22:58:26
6.30642	-49.72937	0	56	2021-09-10T23:03:27
6.30446	-49.72746	0	56	2021-09-10T23:13:37
6.30330	-49.72643	0	56	2021-09-10T23:18:37
6.30257	-49.72574	0	56	2021-09-10T23:23:37
6.30156	-49.72473	0	56	2021-09-10T23:28:40
6.29122	-49.71729	0	56	2021-09-11T00:18:27
6.29019	-49.71661	0	56	2021-09-11T00:22:39
6.28907	-49.71592	0	56	2021-09-11T00:27:40
6.28787	-49.71558	0	56	2021-09-11T00:32:40
6.28655	-49.71487	0	56	2021-09-11T00:37:38
6.28524	-49.71432	0	56	2021-09-11T00:42:36
6.28381	-49.71377	0	56	2021-09-11T00:47:36
6.28239	-49.71326	0	56	2021-09-11T00:52:37
6.28115	-49.71249	0	56	2021-09-11T00:57:37
6.27997	-49.71158	0	56	2021-09-11T01:02:35
6.27870	-49.71079	0	56	2021-09-11T01:07:28
6.27746	-49.70993	0	56	2021-09-11T01:12:28
6.27600	-49.70888	0	56	2021-09-11T01:17:15
6.27501	-49.70776	0	56	2021-09-11T01:22:15
6.27366	-49.70697	0	56	2021-09-11T01:26:59
6.27237	-49.70620	0	56	2021-09-11T01:31:58
6.27121	-49.70526	0	56	2021-09-11T01:36:58
6.27003	-49.70435	0	56	2021-09-11T01:41:55
6.26459	-49.69983	0	56	2021-09-11T02:08:28
6.26356	-49.69906	0	56	2021-09-11T02:13:28
6.26171	-49.69803	0	56	2021-09-11T02:18:28
6.25752	-49.69437	0	56	2021-09-11T02:36:22
6.25636	-49.69326	0	56	2021-09-11T02:41:25
6.25490	-49.69263	0	56	2021-09-11T02:46:20
6.25361	-49.69171	0	56	2021-09-11T02:51:25
6.25225	-49.69095	0	56	2021-09-11T02:56:28
6.24856	-49.68784	0	56	2021-09-11T03:12:29
6.24719	-49.68707	0	56	2021-09-11T03:17:29
6.24547	-49.68613	0	56	2021-09-11T03:22:28
6.24425	-49.68539	0	56	2021-09-11T03:26:33
6.24305	-49.68442	0	56	2021-09-11T03:31:30
6.23661	-49.68016	0	56	2021-09-11T03:56:24
6.23528	-49.67939	0	56	2021-09-11T04:01:25
6.23395	-49.67853	0	56	2021-09-11T04:06:25
6.23268	-49.67767	0	56	2021-09-11T04:11:27
6.22952	-49.67586	0	56	2021-09-11T04:21:31
6.22853	-49.67509	0	56	2021-09-11T04:26:30
6.22733	-49.67432	0	56	2021-09-11T04:31:30
6.22571	-49.67352	0	56	2021-09-11T04:36:31
6.22410	-49.67261	0	56	2021-09-11T04:41:24
6.22251	-49.67175	0	56	2021-09-11T04:46:25
6.21511	-49.66800	0	56	2021-09-11T05:11:17
6.21087	-49.66612	0	56	2021-09-11T05:25:49
6.20928	-49.66552	0	56	2021-09-11T05:30:50
6.20765	-49.66483	0	56	2021-09-11T05:35:50
6.20611	-49.66426	0	56	2021-09-11T05:40:56
6.20461	-49.66366	0	56	2021-09-11T05:45:56
6.20307	-49.66315	0	56	2021-09-11T05:50:56
6.20152	-49.66250	0	56	2021-09-11T05:55:59
6.20015	-49.66199	0	56	2021-09-11T06:00:59
6.19857	-49.66150	0	56	2021-09-11T06:06:04
6.19708	-49.66107	0	56	2021-09-11T06:11:02
6.19567	-49.66052	0	56	2021-09-11T06:16:06
6.19395	-49.65994	0	56	2021-09-11T06:21:57
6.18596	-49.65766	0	56	2021-09-11T06:45:56
6.18420	-49.65723	0	56	2021-09-11T06:50:56
6.18248	-49.65680	0	56	2021-09-11T06:55:57
6.17715	-49.65551	0	56	2021-09-11T07:11:29
6.17526	-49.65534	0	56	2021-09-11T07:16:28
6.17307	-49.65500	0	56	2021-09-11T07:21:28
6.17130	-49.65448	0	56	2021-09-11T07:25:59
6.16952	-49.65385	0	56	2021-09-11T07:31:07
6.16755	-49.65359	0	56	2021-09-11T07:36:08
6.16157	-49.65321	0	56	2021-09-11T07:51:13
6.15964	-49.65270	0	56	2021-09-11T07:56:12
6.15779	-49.65201	0	56	2021-09-11T08:01:12
6.14643	-49.64852	0	56	2021-09-11T08:30:46
6.14478	-49.64783	0	56	2021-09-11T08:35:48
6.14313	-49.64706	0	56	2021-09-11T08:40:45
6.14144	-49.64639	0	56	2021-09-11T08:45:48
6.13954	-49.64581	0	56	2021-09-11T08:50:53
6.13775	-49.64491	0	56	2021-09-11T08:56:05
6.13603	-49.64405	0	56	2021-09-11T09:01:04
6.13436	-49.64328	0	56	2021-09-11T09:06:04
6.13273	-49.64270	0	56	2021-09-11T09:11:06
6.12904	-49.64173	0	56	2021-09-11T09:21:05
6.12724	-49.64147	0	56	2021-09-11T09:26:04
6.12522	-49.64130	0	56	2021-09-11T09:31:04
6.12323	-49.64105	0	56	2021-09-11T09:36:01
6.12119	-49.64042	0	56	2021-09-11T09:41:01
6.11930	-49.63965	0	56	2021-09-11T09:46:00
6.11753	-49.63870	0	56	2021-09-11T09:51:03
6.11401	-49.63702	0	56	2021-09-11T10:01:06
6.11229	-49.63625	0	56	2021-09-11T10:06:06
6.11049	-49.63556	0	56	2021-09-11T10:11:06
6.10873	-49.63467	0	56	2021-09-11T10:16:08
6.10702	-49.63373	0	56	2021-09-11T10:21:06
6.10539	-49.63330	0	56	2021-09-11T10:26:06
6.10028	-49.63067	0	56	2021-09-11T10:41:05
6.09869	-49.62990	0	56	2021-09-11T10:46:06
6.09727	-49.62921	0	56	2021-09-11T10:51:06
6.09555	-49.62823	0	56	2021-09-11T10:55:59
6.09399	-49.62723	0	56	2021-09-11T11:00:49
6.09253	-49.62637	0	56	2021-09-11T11:05:49
6.08724	-49.62448	0	56	2021-09-11T11:20:22
6.08582	-49.62388	0	56	2021-09-11T11:25:22
6.08423	-49.62311	0	56	2021-09-11T11:30:23
6.07782	-49.61997	0	56	2021-09-11T11:49:56
6.07627	-49.61929	0	56	2021-09-11T11:54:57
6.07460	-49.61859	0	56	2021-09-11T11:59:56
6.06807	-49.61615	0	56	2021-09-11T12:20:25
6.06662	-49.61575	0	56	2021-09-11T12:24:47
6.06496	-49.61521	0	56	2021-09-11T12:29:50
6.06346	-49.61487	0	56	2021-09-11T12:34:49
6.06191	-49.61456	0	56	2021-09-11T12:39:48
6.05875	-49.61379	0	56	2021-09-11T12:49:43
6.05716	-49.61353	0	56	2021-09-11T12:54:44
6.05566	-49.61319	0	56	2021-09-11T12:59:44
6.05411	-49.61276	0	56	2021-09-11T13:04:44
6.05249	-49.61243	0	56	2021-09-11T13:09:57
6.05086	-49.61192	0	56	2021-09-11T13:14:56
6.04923	-49.61166	0	56	2021-09-11T13:19:56
6.04606	-49.61103	0	56	2021-09-11T13:29:38
6.04460	-49.61052	0	56	2021-09-11T13:34:39
6.04301	-49.61026	0	56	2021-09-11T13:39:39
6.04138	-49.60974	0	56	2021-09-11T13:44:37
6.03977	-49.60931	0	56	2021-09-11T13:49:39
6.03818	-49.60922	0	56	2021-09-11T13:54:39
6.03659	-49.60922	0	56	2021-09-11T13:59:40
6.03145	-49.60816	0	56	2021-09-11T14:14:37
6.02952	-49.60773	0	56	2021-09-11T14:19:36
6.02802	-49.60764	0	56	2021-09-11T14:24:36
6.02251	-49.60706	0	56	2021-09-11T14:39:59
6.02075	-49.60706	0	56	2021-09-11T14:44:59
6.01895	-49.60706	0	56	2021-09-11T14:50:00
6.01731	-49.60724	0	56	2021-09-11T14:54:45
6.01551	-49.60721	0	56	2021-09-11T14:59:47
6.01377	-49.60728	0	56	2021-09-11T15:04:42
6.01210	-49.60737	0	56	2021-09-11T15:09:41
6.01043	-49.60754	0	56	2021-09-11T15:14:41
6.00865	-49.60765	0	56	2021-09-11T15:19:35
6.00711	-49.60782	0	56	2021-09-11T15:24:35
6.00540	-49.60800	0	56	2021-09-11T15:29:35
6.00366	-49.60815	0	56	2021-09-11T15:34:29
6.00192	-49.60844	0	56	2021-09-11T15:39:37
6.00020	-49.60861	0	56	2021-09-11T15:44:37
5.99848	-49.60870	0	56	2021-09-11T15:49:36
5.99666	-49.60901	0	56	2021-09-11T15:54:36
5.99491	-49.60928	0	56	2021-09-11T15:59:43
5.99324	-49.60954	0	56	2021-09-11T16:04:42
5.99157	-49.60980	0	56	2021-09-11T16:09:43
5.98983	-49.61014	0	56	2021-09-11T16:14:44
5.98786	-49.61062	0	56	2021-09-11T16:19:51
5.98640	-49.61096	0	56	2021-09-11T16:24:50
5.98473	-49.61130	0	56	2021-09-11T16:29:50
5.98303	-49.61169	0	56	2021-09-11T16:34:54
5.98133	-49.61220	0	56	2021-09-11T16:40:02
5.97966	-49.61254	0	56	2021-09-11T16:45:01
5.97799	-49.61288	0	56	2021-09-11T16:50:01
5.97629	-49.61334	0	56	2021-09-11T16:55:02
5.97303	-49.61436	0	56	2021-09-11T17:05:07
5.97131	-49.61479	0	56	2021-09-11T17:10:08
5.96964	-49.61530	0	56	2021-09-11T17:15:08
5.96774	-49.61588	0	56	2021-09-11T17:20:13
5.96637	-49.61639	0	56	2021-09-11T17:25:12
5.96465	-49.61699	0	56	2021-09-11T17:30:20
5.96298	-49.61750	0	56	2021-09-11T17:35:20
5.96131	-49.61801	0	56	2021-09-11T17:40:21
5.95610	-49.61960	0	56	2021-09-11T17:55:39
5.95436	-49.62006	0	56	2021-09-11T18:00:36
5.95262	-49.62045	0	56	2021-09-11T18:05:38
5.95092	-49.62085	0	56	2021-09-11T18:10:46
5.94925	-49.62119	0	56	2021-09-11T18:15:46
5.94709	-49.62172	0	56	2021-09-11T18:20:55
5.94606	-49.62189	0	56	2021-09-11T18:25:56
5.94458	-49.62225	0	56	2021-09-11T18:30:50
5.94316	-49.62251	0	56	2021-09-11T18:35:50
5.94187	-49.62268	0	56	2021-09-11T18:40:51
5.94058	-49.62283	0	56	2021-09-11T18:45:48
5.93938	-49.62296	0	56	2021-09-11T18:50:45
5.93822	-49.62296	0	56	2021-09-11T18:55:46
5.93711	-49.62292	0	56	2021-09-11T19:00:50
5.93399	-49.62235	0	56	2021-09-11T19:16:00
5.93309	-49.62209	0	56	2021-09-11T19:21:00
5.93227	-49.62192	0	56	2021-09-11T19:25:59
5.92794	-49.62082	0	56	2021-09-11T19:50:35
5.92708	-49.62065	0	56	2021-09-11T19:55:35
5.92618	-49.62048	0	56	2021-09-11T20:00:34
5.92517	-49.62033	0	56	2021-09-11T20:05:34
5.92412	-49.62003	0	56	2021-09-11T20:11:02
5.92311	-49.61993	0	56	2021-09-11T20:15:41
5.92193	-49.61969	0	56	2021-09-11T20:21:03
5.92097	-49.61937	0	56	2021-09-11T20:25:45
5.91994	-49.61911	0	56	2021-09-11T20:30:45
5.91887	-49.61884	0	56	2021-09-11T20:35:47
5.91663	-49.61815	0	56	2021-09-11T20:45:45
5.91551	-49.61789	0	56	2021-09-11T20:50:45
5.91457	-49.61746	0	56	2021-09-11T20:55:44
5.91356	-49.61695	0	56	2021-09-11T21:00:52
5.91257	-49.61652	0	56	2021-09-11T21:05:52
5.91163	-49.61609	0	56	2021-09-11T21:10:52
5.91057	-49.61563	0	56	2021-09-11T21:15:54
5.90930	-49.61506	0	56	2021-09-11T21:20:55
5.90840	-49.61463	0	56	2021-09-11T21:25:56
5.90733	-49.61429	0	56	2021-09-11T21:30:56
5.90627	-49.61380	0	56	2021-09-11T21:35:54
5.90529	-49.61320	0	56	2021-09-11T21:40:32
5.90452	-49.61269	0	56	2021-09-11T21:45:32
5.90362	-49.61218	0	56	2021-09-11T21:50:33
5.90272	-49.61154	0	56	2021-09-11T21:55:26
5.90187	-49.61096	0	56	2021-09-11T22:00:23
5.90099	-49.61024	0	56	2021-09-11T22:05:17
5.90017	-49.60973	0	56	2021-09-11T22:10:17
5.89935	-49.60922	0	56	2021-09-11T22:15:18
5.89477	-49.60684	0	56	2021-09-11T22:40:26
5.89387	-49.60641	0	56	2021-09-11T22:45:26
5.89301	-49.60590	0	56	2021-09-11T22:50:25
5.89211	-49.60541	0	56	2021-09-11T22:55:25
5.89031	-49.60443	0	56	2021-09-11T23:05:23
5.88945	-49.60388	0	56	2021-09-11T23:10:24
5.88748	-49.60270	0	56	2021-09-11T23:20:26
5.88658	-49.60236	0	56	2021-09-11T23:25:26
5.88555	-49.60202	0	56	2021-09-11T23:30:27
5.88452	-49.60156	0	56	2021-09-11T23:35:29
5.88341	-49.60114	0	56	2021-09-11T23:40:31
5.88238	-49.60080	0	56	2021-09-11T23:45:30
5.87698	-49.59835	0	56	2021-09-12T00:11:05
5.87595	-49.59784	0	56	2021-09-12T00:16:06
5.87483	-49.59775	0	56	2021-09-12T00:21:06
5.87391	-49.59732	0	56	2021-09-12T00:25:21
5.87281	-49.59695	0	56	2021-09-12T00:30:17
5.87172	-49.59650	0	56	2021-09-12T00:35:11
5.87073	-49.59607	0	56	2021-09-12T00:40:12
5.86970	-49.59564	0	56	2021-09-12T00:45:10
5.86860	-49.59528	0	56	2021-09-12T00:50:22
5.86761	-49.59485	0	56	2021-09-12T00:55:22
5.86658	-49.59442	0	56	2021-09-12T01:00:23
5.86549	-49.59399	0	56	2021-09-12T01:05:28
5.86436	-49.59351	0	56	2021-09-12T01:11:03
5.86333	-49.59308	0	56	2021-09-12T01:16:04
5.86217	-49.59265	0	56	2021-09-12T01:21:04
5.85894	-49.59122	0	56	2021-09-12T01:35:57
5.85774	-49.59079	0	56	2021-09-12T01:40:57
5.85658	-49.59036	0	56	2021-09-12T01:45:58
5.85187	-49.58838	0	56	2021-09-12T02:05:46
5.85075	-49.58795	0	56	2021-09-12T02:10:46
5.84959	-49.58752	0	56	2021-09-12T02:15:46
5.84843	-49.58698	0	56	2021-09-12T02:21:08
5.84734	-49.58658	0	56	2021-09-12T02:25:46
5.84621	-49.58603	0	56	2021-09-12T02:30:53
5.84509	-49.58560	0	56	2021-09-12T02:35:52
5.84386	-49.58521	0	56	2021-09-12T02:40:58
5.84269	-49.58478	0	56	2021-09-12T02:46:03
5.84148	-49.58429	0	56	2021-09-12T02:51:05
5.84028	-49.58386	0	56	2021-09-12T02:56:13
5.83906	-49.58347	0	56	2021-09-12T03:01:11
5.83787	-49.58313	0	56	2021-09-12T03:06:16
5.83664	-49.58277	0	56	2021-09-12T03:11:24
5.83544	-49.58243	0	56	2021-09-12T03:16:24
5.83408	-49.58206	0	56	2021-09-12T03:21:57
5.83292	-49.58180	0	56	2021-09-12T03:26:33
5.83168	-49.58154	0	56	2021-09-12T03:31:32
5.83050	-49.58127	0	56	2021-09-12T03:36:37
5.82790	-49.58078	0	56	2021-09-12T03:46:49
5.82657	-49.58069	0	56	2021-09-12T03:51:50
5.82520	-49.58069	0	56	2021-09-12T03:56:50
5.82380	-49.58051	0	56	2021-09-12T04:01:57
5.82251	-49.58034	0	56	2021-09-12T04:06:57
5.82127	-49.58017	0	56	2021-09-12T04:11:57
5.81991	-49.57996	0	56	2021-09-12T04:17:02
5.81849	-49.57977	0	56	2021-09-12T04:22:04
5.81725	-49.57968	0	56	2021-09-12T04:27:04
5.81588	-49.57959	0	56	2021-09-12T04:32:05
5.81455	-49.57944	0	56	2021-09-12T04:37:02
5.81330	-49.57915	0	56	2021-09-12T04:41:54
5.81201	-49.57889	0	56	2021-09-12T04:46:53
5.81082	-49.57852	0	56	2021-09-12T04:51:50
5.80961	-49.57800	0	56	2021-09-12T04:56:37
5.80848	-49.57761	0	56	2021-09-12T05:01:39
5.80742	-49.57706	0	56	2021-09-12T05:06:36
5.80629	-49.57656	0	56	2021-09-12T05:11:44
5.80522	-49.57596	0	56	2021-09-12T05:16:44
5.80086	-49.57296	0	56	2021-09-12T05:36:49
5.79987	-49.57224	0	56	2021-09-12T05:41:54
5.79884	-49.57150	0	56	2021-09-12T05:46:48
5.79668	-49.56998	0	56	2021-09-12T05:56:41
5.79560	-49.56914	0	56	2021-09-12T06:01:35
5.79448	-49.56845	0	56	2021-09-12T06:06:35
5.79322	-49.56764	0	56	2021-09-12T06:11:55
5.79189	-49.56687	0	56	2021-09-12T06:16:56
5.79043	-49.56601	0	56	2021-09-12T06:21:56
5.78781	-49.56439	0	56	2021-09-12T06:31:36
5.78650	-49.56348	0	56	2021-09-12T06:36:39
5.78521	-49.56262	0	56	2021-09-12T06:41:38
5.78392	-49.56171	0	56	2021-09-12T06:46:38
5.78128	-49.55983	0	56	2021-09-12T06:56:51
5.78008	-49.55906	0	56	2021-09-12T07:01:51
5.77888	-49.55820	0	56	2021-09-12T07:06:50
5.77661	-49.55623	0	56	2021-09-12T07:16:59
5.77532	-49.55537	0	56	2021-09-12T07:21:59
5.77433	-49.55460	0	56	2021-09-12T07:27:00
5.77329	-49.55374	0	56	2021-09-12T07:32:01
5.77232	-49.55292	0	56	2021-09-12T07:37:02
5.77144	-49.55203	0	56	2021-09-12T07:42:07
5.77056	-49.55121	0	56	2021-09-12T07:47:08
5.76796	-49.54883	0	56	2021-09-12T08:01:59
5.76627	-49.54727	0	56	2021-09-12T08:11:49
5.76546	-49.54635	0	56	2021-09-12T08:16:56
5.76469	-49.54541	0	56	2021-09-12T08:21:55
5.76394	-49.54451	0	56	2021-09-12T08:26:43
5.76312	-49.54357	0	56	2021-09-12T08:31:43
5.76226	-49.54263	0	56	2021-09-12T08:36:42
5.75823	-49.53903	0	56	2021-09-12T08:56:49
5.75728	-49.53810	0	56	2021-09-12T09:01:34
5.75646	-49.53716	0	56	2021-09-12T09:06:34
5.75573	-49.53622	0	56	2021-09-12T09:11:34
5.75499	-49.53531	0	56	2021-09-12T09:16:28
5.75424	-49.53436	0	56	2021-09-12T09:21:56
5.75359	-49.53350	0	56	2021-09-12T09:26:23
5.75286	-49.53256	0	56	2021-09-12T09:31:24
5.75204	-49.53162	0	56	2021-09-12T09:36:24
5.75135	-49.53076	0	56	2021-09-12T09:41:29
5.75055	-49.52986	0	56	2021-09-12T09:46:38
5.74986	-49.52909	0	56	2021-09-12T09:51:38
5.74913	-49.52832	0	56	2021-09-12T09:56:38
5.74780	-49.52678	0	56	2021-09-12T10:06:37
5.74722	-49.52603	0	56	2021-09-12T10:11:39
5.74664	-49.52515	0	56	2021-09-12T10:16:36
5.74612	-49.52426	0	56	2021-09-12T10:21:55
5.74565	-49.52353	0	56	2021-09-12T10:26:33
5.74516	-49.52283	0	56	2021-09-12T10:31:34
5.74462	-49.52203	0	56	2021-09-12T10:36:35
5.74376	-49.52043	0	56	2021-09-12T10:46:33
5.74336	-49.51968	0	56	2021-09-12T10:51:32
5.74303	-49.51880	0	56	2021-09-12T10:56:33
5.74266	-49.51779	0	56	2021-09-12T11:01:31
5.74230	-49.51697	0	56	2021-09-12T11:06:28
5.74195	-49.51608	0	56	2021-09-12T11:11:29
5.74161	-49.51532	0	56	2021-09-12T11:16:29
5.74124	-49.51459	0	56	2021-09-12T11:21:57
5.74088	-49.51387	0	56	2021-09-12T11:26:28
5.74058	-49.51301	0	56	2021-09-12T11:31:28
5.74032	-49.51215	0	56	2021-09-12T11:36:27
5.74006	-49.51126	0	56	2021-09-12T11:41:34
5.73981	-49.51032	0	56	2021-09-12T11:46:43
5.73951	-49.50946	0	56	2021-09-12T11:51:43
5.73917	-49.50852	0	56	2021-09-12T11:56:52
5.73896	-49.50766	0	56	2021-09-12T12:01:52
5.73874	-49.50674	0	56	2021-09-12T12:06:54
5.73852	-49.50574	0	56	2021-09-12T12:12:01
5.73827	-49.50468	0	56	2021-09-12T12:17:04
5.73810	-49.50339	0	56	2021-09-12T12:22:04
5.73806	-49.50262	0	56	2021-09-12T12:27:05
5.73784	-49.50148	0	56	2021-09-12T12:32:11
5.73771	-49.50054	0	56	2021-09-12T12:37:11
5.73758	-49.49951	0	56	2021-09-12T12:42:12
5.73736	-49.49857	0	56	2021-09-12T12:47:15
5.73720	-49.49754	0	56	2021-09-12T12:52:18
5.73703	-49.49668	0	56	2021-09-12T12:57:18
5.73686	-49.49591	0	56	2021-09-12T13:02:19
5.73674	-49.49506	0	56	2021-09-12T13:07:19
5.73670	-49.49426	0	56	2021-09-12T13:12:21
5.73697	-49.49265	0	56	2021-09-12T13:22:57
5.73765	-49.49092	0	56	2021-09-12T13:36:50
5.73778	-49.49041	0	56	2021-09-12T13:41:51
5.73804	-49.48990	0	56	2021-09-12T13:46:51
5.73841	-49.48941	0	56	2021-09-12T13:51:56
5.73875	-49.48896	0	56	2021-09-12T13:57:01
5.73896	-49.48853	0	56	2021-09-12T14:02:02
5.73973	-49.48689	0	56	2021-09-12T14:17:13
5.73999	-49.48629	0	56	2021-09-12T14:22:13
5.74016	-49.48578	0	56	2021-09-12T14:27:13
5.74045	-49.48508	0	56	2021-09-12T14:31:59
5.74071	-49.48465	0	56	2021-09-12T14:36:59
5.74083	-49.48404	0	56	2021-09-12T14:41:54
5.74096	-49.48333	0	56	2021-09-12T14:46:42
5.74100	-49.48273	0	56	2021-09-12T14:51:41
5.74115	-49.48196	0	56	2021-09-12T14:56:33
5.74128	-49.48117	0	56	2021-09-12T15:01:34
5.74131	-49.48044	0	56	2021-09-12T15:06:34
5.74141	-49.47971	0	56	2021-09-12T15:11:35
5.74154	-49.47891	0	56	2021-09-12T15:16:33
5.74152	-49.47818	0	56	2021-09-12T15:21:36
5.74152	-49.47758	0	56	2021-09-12T15:26:35
5.74143	-49.47681	0	56	2021-09-12T15:31:35
5.74135	-49.47601	0	56	2021-09-12T15:36:36
5.74125	-49.47531	0	56	2021-09-12T15:41:38
5.74107	-49.47456	0	56	2021-09-12T15:46:41
5.74098	-49.47387	0	56	2021-09-12T15:51:41
5.74094	-49.47318	0	56	2021-09-12T15:56:40
5.74083	-49.47248	0	56	2021-09-12T16:01:41
5.74062	-49.47188	0	56	2021-09-12T16:06:41
5.74049	-49.47128	0	56	2021-09-12T16:11:42
5.74020	-49.47067	0	56	2021-09-12T16:16:43
5.73993	-49.46995	0	56	2021-09-12T16:21:48
5.73989	-49.46935	0	56	2021-09-12T16:26:48
5.73989	-49.46866	0	56	2021-09-12T16:31:48
5.73979	-49.46802	0	56	2021-09-12T16:36:47
5.73961	-49.46747	0	56	2021-09-12T16:41:48
5.73936	-49.46691	0	56	2021-09-12T16:46:51
5.73919	-49.46640	0	56	2021-09-12T16:51:50
5.73888	-49.46582	0	56	2021-09-12T16:56:50
5.73856	-49.46519	0	56	2021-09-12T17:01:58
5.73835	-49.46450	0	56	2021-09-12T17:06:58
5.73805	-49.46381	0	56	2021-09-12T17:11:57
5.73773	-49.46317	0	56	2021-09-12T17:17:00
5.73741	-49.46229	0	56	2021-09-12T17:22:10
5.73715	-49.46160	0	56	2021-09-12T17:27:10
5.73689	-49.46100	0	56	2021-09-12T17:32:10
5.73655	-49.46018	0	56	2021-09-12T17:37:08
5.73629	-49.45958	0	56	2021-09-12T17:42:08
5.73616	-49.45889	0	56	2021-09-12T17:47:07
5.73598	-49.45807	0	56	2021-09-12T17:52:07
5.73568	-49.45728	0	56	2021-09-12T17:57:05
5.73524	-49.45656	0	56	2021-09-12T18:02:02
5.73485	-49.45587	0	56	2021-09-12T18:07:02
5.73395	-49.45469	0	56	2021-09-12T18:17:04
5.73378	-49.45400	0	56	2021-09-12T18:22:04
5.73357	-49.45340	0	56	2021-09-12T18:27:05
5.73335	-49.45267	0	56	2021-09-12T18:32:06
5.73318	-49.45206	0	56	2021-09-12T18:37:11
5.73314	-49.45137	0	56	2021-09-12T18:42:11
5.73310	-49.45068	0	56	2021-09-12T18:47:11
5.73314	-49.45001	0	56	2021-09-12T18:52:16
5.73326	-49.44926	0	56	2021-09-12T18:57:26
5.73335	-49.44849	0	56	2021-09-12T19:02:26
5.73352	-49.44775	0	56	2021-09-12T19:07:28
5.73380	-49.44705	0	56	2021-09-12T19:12:33
5.73403	-49.44622	0	56	2021-09-12T19:18:27
5.73420	-49.44553	0	56	2021-09-12T19:23:27
5.73431	-49.44477	0	56	2021-09-12T19:27:49
5.73435	-49.44400	0	56	2021-09-12T19:32:48
5.73447	-49.44230	0	56	2021-09-12T19:42:55
5.73460	-49.44144	0	56	2021-09-12T19:47:54
5.73473	-49.44058	0	56	2021-09-12T19:52:55
5.73500	-49.43965	0	56	2021-09-12T19:57:41
5.73510	-49.43881	0	56	2021-09-12T20:02:48
5.73522	-49.43793	0	56	2021-09-12T20:07:42
5.73529	-49.43701	0	56	2021-09-12T20:12:59
5.73529	-49.43615	0	56	2021-09-12T20:17:59
5.73529	-49.43521	0	56	2021-09-12T20:23:00
5.73532	-49.43439	0	56	2021-09-12T20:27:37
5.73536	-49.43353	0	56	2021-09-12T20:32:38
5.73549	-49.43259	0	56	2021-09-12T20:37:36
5.73551	-49.43167	0	56	2021-09-12T20:42:39
5.73549	-49.43072	0	56	2021-09-12T20:47:42
5.73549	-49.42978	0	56	2021-09-12T20:52:42
5.73553	-49.42886	0	56	2021-09-12T20:57:45
5.73555	-49.42801	0	56	2021-09-12T21:02:48
5.73566	-49.42707	0	56	2021-09-12T21:07:56
5.73570	-49.42621	0	56	2021-09-12T21:12:57
5.73583	-49.42535	0	56	2021-09-12T21:17:57
5.73599	-49.42438	0	56	2021-09-12T21:23:25
5.73612	-49.42368	0	56	2021-09-12T21:28:06
5.73616	-49.42282	0	56	2021-09-12T21:33:05
5.73629	-49.42197	0	56	2021-09-12T21:38:05
5.73637	-49.42108	0	56	2021-09-12T21:43:06
5.73647	-49.42020	0	56	2021-09-12T21:48:10
5.73660	-49.41943	0	56	2021-09-12T21:53:10
5.73670	-49.41858	0	56	2021-09-12T21:58:12
5.73689	-49.41776	0	56	2021-09-12T22:03:10
5.73708	-49.41688	0	56	2021-09-12T22:08:14
5.73721	-49.41611	0	56	2021-09-12T22:13:14
5.73738	-49.41525	0	56	2021-09-12T22:18:14
5.73759	-49.41422	0	56	2021-09-12T22:23:58
5.73772	-49.41349	0	56	2021-09-12T22:28:12
5.73789	-49.41272	0	56	2021-09-12T22:33:11
5.73811	-49.41190	0	56	2021-09-12T22:38:04
5.73829	-49.41104	0	56	2021-09-12T22:43:01
5.73850	-49.41030	0	56	2021-09-12T22:47:43
5.73863	-49.40953	0	56	2021-09-12T22:52:43
5.73880	-49.40884	0	56	2021-09-12T22:57:44
5.73898	-49.40805	0	56	2021-09-12T23:02:33
5.73907	-49.40728	0	56	2021-09-12T23:07:33
5.73920	-49.40659	0	56	2021-09-12T23:12:32
5.73927	-49.40581	0	56	2021-09-12T23:17:21
5.73927	-49.40487	0	56	2021-09-12T23:22:21
5.73927	-49.40427	0	56	2021-09-12T23:27:22
5.73926	-49.40353	0	56	2021-09-12T23:32:19
5.73922	-49.40283	0	56	2021-09-12T23:37:15
5.73915	-49.40213	0	56	2021-09-12T23:42:13
5.73900	-49.40076	0	56	2021-09-12T23:52:03
5.73891	-49.40000	0	56	2021-09-12T23:57:00
5.73877	-49.39935	0	56	2021-09-13T00:01:58
5.73853	-49.39862	0	56	2021-09-13T00:06:59
5.73824	-49.39792	0	56	2021-09-13T00:12:03
5.73788	-49.39720	0	56	2021-09-13T00:17:07
5.73754	-49.39660	0	56	2021-09-13T00:22:07
5.73715	-49.39609	0	56	2021-09-13T00:27:06
5.73671	-49.39545	0	56	2021-09-13T00:32:10
5.73632	-49.39481	0	56	2021-09-13T00:37:11
5.73588	-49.39420	0	56	2021-09-13T00:42:14
5.73550	-49.39362	0	56	2021-09-13T00:47:13
5.73505	-49.39304	0	56	2021-09-13T00:52:17
5.73450	-49.39241	0	56	2021-09-13T00:57:23
5.73399	-49.39190	0	56	2021-09-13T01:02:23
5.73348	-49.39139	0	56	2021-09-13T01:07:24
5.73288	-49.39081	0	56	2021-09-13T01:12:23
5.73161	-49.38974	0	56	2021-09-13T01:22:57
5.73110	-49.38921	0	56	2021-09-13T01:27:30
5.73059	-49.38870	0	56	2021-09-13T01:32:29
5.72999	-49.38824	0	56	2021-09-13T01:37:32
5.72948	-49.38773	0	56	2021-09-13T01:42:32
5.72892	-49.38727	0	56	2021-09-13T01:47:34
5.72664	-49.38529	0	56	2021-09-13T02:07:33
5.72608	-49.38486	0	56	2021-09-13T02:12:32
5.72552	-49.38452	0	56	2021-09-13T02:17:32
5.72491	-49.38412	0	56	2021-09-13T02:22:56
5.72432	-49.38388	0	56	2021-09-13T02:27:30
5.72158	-49.38249	0	56	2021-09-13T02:47:29
5.72089	-49.38215	0	56	2021-09-13T02:52:30
5.72016	-49.38181	0	56	2021-09-13T02:57:30
5.71940	-49.38141	0	56	2021-09-13T03:02:29
5.71861	-49.38090	0	56	2021-09-13T03:07:35
5.71788	-49.38047	0	56	2021-09-13T03:12:34
5.71711	-49.38013	0	56	2021-09-13T03:17:35
5.71626	-49.37958	0	56	2021-09-13T03:22:58
5.71555	-49.37915	0	56	2021-09-13T03:27:40
5.71491	-49.37872	0	56	2021-09-13T03:32:40
5.71431	-49.37830	0	56	2021-09-13T03:37:40
5.71365	-49.37787	0	56	2021-09-13T03:42:39
5.71292	-49.37742	0	56	2021-09-13T03:47:43
5.71223	-49.37708	0	56	2021-09-13T03:52:43
5.71159	-49.37674	0	56	2021-09-13T03:57:42
5.71097	-49.37634	0	56	2021-09-13T04:02:49
5.71031	-49.37598	0	56	2021-09-13T04:07:50
5.70965	-49.37564	0	56	2021-09-13T04:12:48
5.70901	-49.37531	0	56	2021-09-13T04:17:52
5.70762	-49.37449	0	56	2021-09-13T04:27:54
5.70698	-49.37415	0	56	2021-09-13T04:32:54
5.70634	-49.37381	0	56	2021-09-13T04:37:53
5.70561	-49.37341	0	56	2021-09-13T04:42:53
5.70418	-49.37254	0	56	2021-09-13T04:52:59
5.70354	-49.37220	0	56	2021-09-13T04:57:59
5.70294	-49.37186	0	56	2021-09-13T05:03:00
5.70234	-49.37143	0	56	2021-09-13T05:08:01
5.70175	-49.37100	0	56	2021-09-13T05:12:57
5.70114	-49.37058	0	56	2021-09-13T05:18:26
5.70054	-49.37015	0	56	2021-09-13T05:23:27
5.69991	-49.36982	0	56	2021-09-13T05:28:07
5.69931	-49.36948	0	56	2021-09-13T05:33:06
5.69877	-49.36917	0	56	2021-09-13T05:38:09
5.69834	-49.36890	0	56	2021-09-13T05:43:08
5.69785	-49.36853	0	56	2021-09-13T05:48:08
5.69738	-49.36819	0	56	2021-09-13T05:53:12
5.69687	-49.36780	0	56	2021-09-13T05:58:14
5.69628	-49.36740	0	56	2021-09-13T06:03:15
5.69581	-49.36714	0	56	2021-09-13T06:08:15
5.69530	-49.36688	0	56	2021-09-13T06:13:16
5.69475	-49.36658	0	56	2021-09-13T06:18:58
5.69428	-49.36615	0	56	2021-09-13T06:23:57
5.69391	-49.36588	0	56	2021-09-13T06:28:19
5.69366	-49.36557	0	56	2021-09-13T06:33:18
5.69330	-49.36518	0	56	2021-09-13T06:38:12
5.69296	-49.36484	0	56	2021-09-13T06:43:12
5.69266	-49.36450	0	56	2021-09-13T06:48:11
5.69241	-49.36423	0	56	2021-09-13T06:53:11
5.69209	-49.36390	0	56	2021-09-13T06:58:11
5.69179	-49.36356	0	56	2021-09-13T07:03:10
5.69153	-49.36319	0	56	2021-09-13T07:08:09
5.69092	-49.36190	0	56	2021-09-13T07:23:20
5.69082	-49.36148	0	56	2021-09-13T07:28:21
5.69070	-49.36096	0	56	2021-09-13T07:33:21
5.69063	-49.36053	0	56	2021-09-13T07:38:24
5.69050	-49.35998	0	56	2021-09-13T07:43:28
5.69051	-49.35959	0	56	2021-09-13T07:48:28
5.69050	-49.35904	0	56	2021-09-13T07:53:28
5.69055	-49.35857	0	56	2021-09-13T07:58:30
5.69055	-49.35806	0	56	2021-09-13T08:03:31
5.69066	-49.35747	0	56	2021-09-13T08:08:36
5.69066	-49.35696	0	56	2021-09-13T08:13:36
5.69062	-49.35641	0	56	2021-09-13T08:18:41
5.69054	-49.35574	0	56	2021-09-13T08:24:09
5.69062	-49.35526	0	56	2021-09-13T08:28:46
5.69063	-49.35454	0	56	2021-09-13T08:33:50
5.69072	-49.35394	0	56	2021-09-13T08:38:49
5.69080	-49.35321	0	56	2021-09-13T08:43:53
5.69069	-49.35255	0	56	2021-09-13T08:49:02
5.69048	-49.35178	0	56	2021-09-13T08:54:02
5.69021	-49.35101	0	56	2021-09-13T08:59:07
5.68980	-49.35020	0	56	2021-09-13T09:04:16
5.68957	-49.34933	0	56	2021-09-13T09:09:16
5.68941	-49.34857	0	56	2021-09-13T09:14:16
5.68922	-49.34772	0	56	2021-09-13T09:19:19
5.68892	-49.34611	0	56	2021-09-13T09:29:24
5.68883	-49.34534	0	56	2021-09-13T09:34:25
5.68870	-49.34457	0	56	2021-09-13T09:39:25
5.68864	-49.34375	0	56	2021-09-13T09:44:24
5.68852	-49.34291	0	56	2021-09-13T09:49:30
5.68836	-49.34219	0	56	2021-09-13T09:54:27
5.68822	-49.34137	0	56	2021-09-13T09:59:29
5.68808	-49.34052	0	56	2021-09-13T10:04:30
5.68801	-49.33972	0	56	2021-09-13T10:09:31
5.68801	-49.33895	0	56	2021-09-13T10:14:31
5.68797	-49.33826	0	56	2021-09-13T10:19:31
5.68791	-49.33734	0	56	2021-09-13T10:24:59
5.68784	-49.33659	0	56	2021-09-13T10:29:19
5.68775	-49.33582	0	56	2021-09-13T10:34:19
5.68771	-49.33505	0	56	2021-09-13T10:39:18
5.68745	-49.33261	0	56	2021-09-13T10:54:11
5.68724	-49.33184	0	56	2021-09-13T10:59:11
5.68711	-49.33115	0	56	2021-09-13T11:04:10
5.68687	-49.33035	0	56	2021-09-13T11:09:10
5.68629	-49.32886	0	56	2021-09-13T11:19:11
5.68603	-49.32828	0	56	2021-09-13T11:24:33
5.68573	-49.32758	0	56	2021-09-13T11:29:10
5.68542	-49.32681	0	56	2021-09-13T11:34:15
5.68502	-49.32614	0	56	2021-09-13T11:39:16
5.68457	-49.32543	0	56	2021-09-13T11:44:17
5.68414	-49.32483	0	56	2021-09-13T11:49:17
5.68371	-49.32419	0	56	2021-09-13T11:54:18
5.68326	-49.32360	0	56	2021-09-13T11:59:27
5.68279	-49.32300	0	56	2021-09-13T12:04:27
5.68226	-49.32257	0	56	2021-09-13T12:09:28
5.68169	-49.32208	0	56	2021-09-13T12:14:30
5.68108	-49.32154	0	56	2021-09-13T12:19:38
5.68039	-49.32111	0	56	2021-09-13T12:24:39
5.67975	-49.32077	0	56	2021-09-13T12:29:39
5.67904	-49.32034	0	56	2021-09-13T12:34:36
5.67834	-49.31995	0	56	2021-09-13T12:39:36
5.67770	-49.31961	0	56	2021-09-13T12:44:35
5.67703	-49.31924	0	56	2021-09-13T12:49:32
5.67554	-49.31849	0	56	2021-09-13T12:59:40
5.67481	-49.31815	0	56	2021-09-13T13:04:39
5.67408	-49.31781	0	56	2021-09-13T13:09:39
5.67262	-49.31708	0	56	2021-09-13T13:19:51
5.67176	-49.31682	0	56	2021-09-13T13:24:50
5.67116	-49.31656	0	56	2021-09-13T13:29:50
5.66968	-49.31603	0	56	2021-09-13T13:39:41
5.66907	-49.31592	0	56	2021-09-13T13:44:45
5.66840	-49.31577	0	56	2021-09-13T13:49:42
5.66767	-49.31564	0	56	2021-09-13T13:54:42
5.66690	-49.31546	0	56	2021-09-13T13:59:44
5.66621	-49.31537	0	56	2021-09-13T14:04:44
5.66552	-49.31537	0	56	2021-09-13T14:09:45
5.66484	-49.31531	0	56	2021-09-13T14:14:47
5.66421	-49.31519	0	56	2021-09-13T14:19:51
5.66354	-49.31509	0	56	2021-09-13T14:25:23
5.66293	-49.31512	0	56	2021-09-13T14:30:03
5.66224	-49.31519	0	56	2021-09-13T14:35:09
5.66155	-49.31528	0	56	2021-09-13T14:40:10
5.66088	-49.31534	0	56	2021-09-13T14:45:11
5.66009	-49.31543	0	56	2021-09-13T14:50:23
5.65943	-49.31552	0	56	2021-09-13T14:55:19
5.65880	-49.31561	0	56	2021-09-13T15:00:24
5.65813	-49.31567	0	56	2021-09-13T15:05:25
5.65672	-49.31570	0	56	2021-09-13T15:15:26
5.65601	-49.31570	0	56	2021-09-13T15:20:12
5.65522	-49.31570	0	56	2021-09-13T15:25:25
5.65451	-49.31564	0	56	2021-09-13T15:29:40
5.65374	-49.31564	0	56	2021-09-13T15:34:40
5.65287	-49.31555	0	56	2021-09-13T15:39:32
5.65116	-49.31549	0	56	2021-09-13T15:49:27
5.65030	-49.31549	0	56	2021-09-13T15:54:28
5.64940	-49.31540	0	56	2021-09-13T15:59:28
5.64842	-49.31528	0	56	2021-09-13T16:05:16
5.64752	-49.31528	0	56	2021-09-13T16:10:17
5.64640	-49.31528	0	56	2021-09-13T16:15:17
5.64545	-49.31512	0	56	2021-09-13T16:20:23
5.64249	-49.31466	0	56	2021-09-13T16:35:41
5.64150	-49.31457	0	56	2021-09-13T16:40:42
5.64043	-49.31448	0	56	2021-09-13T16:45:42
5.63931	-49.31438	0	56	2021-09-13T16:50:43
5.63824	-49.31421	0	56	2021-09-13T16:55:43
5.63721	-49.31392	0	56	2021-09-13T17:00:44
5.63609	-49.31375	0	56	2021-09-13T17:05:43
5.63501	-49.31357	0	56	2021-09-13T17:10:47
5.63390	-49.31326	0	56	2021-09-13T17:15:46
5.63281	-49.31299	0	56	2021-09-13T17:20:37
5.63158	-49.31271	0	56	2021-09-13T17:25:57
5.63069	-49.31253	0	56	2021-09-13T17:30:19
5.62968	-49.31221	0	56	2021-09-13T17:34:58
5.62865	-49.31204	0	56	2021-09-13T17:39:58
5.62767	-49.31178	0	56	2021-09-13T17:44:54
5.62673	-49.31152	0	56	2021-09-13T17:49:53
5.62561	-49.31128	0	56	2021-09-13T17:54:57
5.62457	-49.31100	0	56	2021-09-13T18:00:01
5.62350	-49.31065	0	56	2021-09-13T18:05:14
5.62251	-49.31039	0	56	2021-09-13T18:10:15
5.62138	-49.31006	0	56	2021-09-13T18:15:18
5.62030	-49.30973	0	56	2021-09-13T18:20:58
5.61918	-49.30939	0	56	2021-09-13T18:25:58
5.61833	-49.30905	0	56	2021-09-13T18:30:22
5.61744	-49.30862	0	56	2021-09-13T18:35:19
5.61650	-49.30814	0	56	2021-09-13T18:40:19
5.61564	-49.30780	0	56	2021-09-13T18:45:19
5.61465	-49.30746	0	56	2021-09-13T18:50:18
5.61365	-49.30704	0	56	2021-09-13T18:55:07
5.61260	-49.30659	0	56	2021-09-13T18:59:43
5.61161	-49.30625	0	56	2021-09-13T19:04:42
5.61062	-49.30591	0	56	2021-09-13T19:09:43
5.60960	-49.30545	0	56	2021-09-13T19:14:25
5.60861	-49.30511	0	56	2021-09-13T19:19:25
5.60740	-49.30451	0	56	2021-09-13T19:24:18
5.60646	-49.30417	0	56	2021-09-13T19:29:18
5.60539	-49.30374	0	56	2021-09-13T19:34:17
5.60201	-49.30220	0	56	2021-09-13T19:49:19
5.60089	-49.30160	0	56	2021-09-13T19:54:19
5.59977	-49.30109	0	56	2021-09-13T19:59:19
5.59867	-49.30045	0	56	2021-09-13T20:04:22
5.59754	-49.29983	0	56	2021-09-13T20:09:19
5.59642	-49.29932	0	56	2021-09-13T20:14:19
5.59315	-49.29753	0	56	2021-09-13T20:29:09
5.59208	-49.29693	0	56	2021-09-13T20:34:08
5.59105	-49.29642	0	56	2021-09-13T20:39:08
5.59006	-49.29578	0	56	2021-09-13T20:44:05
5.58910	-49.29514	0	56	2021-09-13T20:48:58
5.58817	-49.29435	0	56	2021-09-13T20:53:54
5.58727	-49.29375	0	56	2021-09-13T20:58:53
5.58645	-49.29315	0	56	2021-09-13T21:03:53
5.58556	-49.29252	0	56	2021-09-13T21:09:05
5.58492	-49.29209	0	56	2021-09-13T21:14:05
5.58432	-49.29166	0	56	2021-09-13T21:19:04
5.58378	-49.29132	0	56	2021-09-13T21:24:27
5.58325	-49.29089	0	56	2021-09-13T21:29:19
5.58282	-49.29063	0	56	2021-09-13T21:34:18
5.58235	-49.29037	0	56	2021-09-13T21:39:18
5.58190	-49.29007	0	56	2021-09-13T21:44:22
5.58153	-49.28983	0	56	2021-09-13T21:49:27
5.58108	-49.28951	0	56	2021-09-13T21:54:36
5.58069	-49.28934	0	56	2021-09-13T21:59:36
5.58019	-49.28903	0	56	2021-09-13T22:04:38
5.57913	-49.28832	0	56	2021-09-13T22:14:58
5.57866	-49.28806	0	56	2021-09-13T22:19:58
5.57819	-49.28772	0	56	2021-09-13T22:24:57
5.57787	-49.28745	0	56	2021-09-13T22:29:38
5.57744	-49.28714	0	56	2021-09-13T22:34:43
5.57693	-49.28680	0	56	2021-09-13T22:39:43
5.57638	-49.28638	0	56	2021-09-13T22:44:34
5.57599	-49.28612	0	56	2021-09-13T22:49:34
5.57560	-49.28586	0	56	2021-09-13T22:54:35
5.57518	-49.28558	0	56	2021-09-13T22:59:35
5.57475	-49.28525	0	56	2021-09-13T23:04:31
5.57380	-49.28464	0	56	2021-09-13T23:15:04
5.57341	-49.28438	0	56	2021-09-13T23:20:03
5.57294	-49.28421	0	56	2021-09-13T23:25:03
5.57253	-49.28394	0	56	2021-09-13T23:29:44
5.57171	-49.28324	0	56	2021-09-13T23:39:55
5.57124	-49.28290	0	56	2021-09-13T23:44:55
5.57081	-49.28256	0	56	2021-09-13T23:49:56
5.57035	-49.28211	0	56	2021-09-13T23:54:56
5.56988	-49.28168	0	56	2021-09-13T23:59:56
5.56953	-49.28125	0	56	2021-09-14T00:04:58
5.56916	-49.28079	0	56	2021-09-14T00:09:56
5.56875	-49.28030	0	56	2021-09-14T00:14:56
5.56831	-49.27985	0	56	2021-09-14T00:19:52
5.56786	-49.27958	0	56	2021-09-14T00:24:35
5.56743	-49.27915	0	56	2021-09-14T00:29:36
5.56700	-49.27872	0	56	2021-09-14T00:34:36
5.56645	-49.27835	0	56	2021-09-14T00:39:27
5.56528	-49.27737	0	56	2021-09-14T00:49:22
5.56330	-49.27606	0	56	2021-09-14T01:04:12
5.56261	-49.27580	0	56	2021-09-14T01:09:12
5.56197	-49.27554	0	56	2021-09-14T01:14:13
5.56129	-49.27536	0	56	2021-09-14T01:19:13
5.56053	-49.27524	0	56	2021-09-14T01:24:38
5.55914	-49.27462	0	56	2021-09-14T01:34:24
5.55843	-49.27429	0	56	2021-09-14T01:39:24
5.55764	-49.27402	0	56	2021-09-14T01:44:25
5.55683	-49.27359	0	56	2021-09-14T01:49:31
5.55606	-49.27325	0	56	2021-09-14T01:54:31
5.55524	-49.27289	0	56	2021-09-14T01:59:39
5.55448	-49.27249	0	56	2021-09-14T02:04:40
5.55364	-49.27208	0	56	2021-09-14T02:09:57
5.55279	-49.27176	0	56	2021-09-14T02:14:50
5.55188	-49.27148	0	56	2021-09-14T02:19:57
5.55088	-49.27100	0	56	2021-09-14T02:24:48
5.55007	-49.27081	0	56	2021-09-14T02:29:56
5.54916	-49.27048	0	56	2021-09-14T02:34:49
5.54826	-49.27017	0	56	2021-09-14T02:39:45
5.54640	-49.26962	0	56	2021-09-14T02:49:33
5.54546	-49.26934	0	56	2021-09-14T02:54:22
5.54456	-49.26917	0	56	2021-09-14T02:59:22
5.54364	-49.26901	0	56	2021-09-14T03:04:22
5.54277	-49.26880	0	56	2021-09-14T03:09:25
5.54096	-49.26827	0	56	2021-09-14T03:19:33
5.53997	-49.26810	0	56	2021-09-14T03:24:32
5.53915	-49.26801	0	56	2021-09-14T03:29:32
5.53416	-49.26712	0	56	2021-09-14T03:54:59
5.53313	-49.26695	0	56	2021-09-14T04:00:00
5.53206	-49.26678	0	56	2021-09-14T04:05:00
5.53095	-49.26657	0	56	2021-09-14T04:10:02
5.52981	-49.26633	0	56	2021-09-14T04:15:38
5.52869	-49.26616	0	56	2021-09-14T04:20:38
5.52749	-49.26599	0	56	2021-09-14T04:25:38
5.52652	-49.26593	0	56	2021-09-14T04:30:13
5.52549	-49.26581	0	56	2021-09-14T04:35:18
5.52440	-49.26552	0	56	2021-09-14T04:40:26
5.52337	-49.26535	0	56	2021-09-14T04:45:27
5.52230	-49.26526	0	56	2021-09-14T04:50:27
5.52124	-49.26507	0	56	2021-09-14T04:55:36
5.52021	-49.26498	0	56	2021-09-14T05:00:37
5.51924	-49.26483	0	56	2021-09-14T05:05:45
5.51825	-49.26474	0	56	2021-09-14T05:10:44
5.51726	-49.26453	0	56	2021-09-14T05:15:46
5.51522	-49.26428	0	56	2021-09-14T05:26:25
5.51332	-49.26404	0	56	2021-09-14T05:35:52
5.51230	-49.26389	0	56	2021-09-14T05:40:56
5.51140	-49.26389	0	56	2021-09-14T05:45:57
5.51051	-49.26392	0	56	2021-09-14T05:50:57
5.50977	-49.26404	0	56	2021-09-14T05:55:55
5.50908	-49.26413	0	56	2021-09-14T06:00:54
5.50763	-49.26444	0	56	2021-09-14T06:10:48
5.50692	-49.26447	0	56	2021-09-14T06:15:49
5.50626	-49.26462	0	56	2021-09-14T06:20:47
5.50434	-49.26505	0	56	2021-09-14T06:35:52
5.50359	-49.26515	0	56	2021-09-14T06:40:51
5.50295	-49.26524	0	56	2021-09-14T06:45:52
5.50235	-49.26541	0	56	2021-09-14T06:50:52
5.50174	-49.26563	0	56	2021-09-14T06:55:50
5.50123	-49.26596	0	56	2021-09-14T07:00:46
5.50071	-49.26628	0	56	2021-09-14T07:05:40
5.50020	-49.26654	0	56	2021-09-14T07:10:40
5.49974	-49.26685	0	56	2021-09-14T07:15:38
5.49870	-49.26733	0	56	2021-09-14T07:25:21
5.49827	-49.26759	0	56	2021-09-14T07:30:21
5.49780	-49.26776	0	56	2021-09-14T07:35:21
5.49732	-49.26797	0	56	2021-09-14T07:40:17
5.49601	-49.26869	0	56	2021-09-14T07:55:06
5.49555	-49.26880	0	56	2021-09-14T08:00:07
5.49503	-49.26895	0	56	2021-09-14T08:05:07
5.49454	-49.26901	0	56	2021-09-14T08:10:05
5.49405	-49.26913	0	56	2021-09-14T08:15:05
5.49358	-49.26932	0	56	2021-09-14T08:20:02
5.49310	-49.26941	0	56	2021-09-14T08:25:27
5.49271	-49.26959	0	56	2021-09-14T08:29:57
5.49238	-49.26989	0	56	2021-09-14T08:34:52
5.49225	-49.27032	0	56	2021-09-14T08:39:51
5.49222	-49.27094	0	56	2021-09-14T08:44:51
5.49226	-49.27161	0	56	2021-09-14T08:49:51
5.49225	-49.27381	0	56	2021-09-14T09:09:55
5.49216	-49.27398	0	56	2021-09-14T09:14:55
5.49216	-49.27432	0	56	2021-09-14T09:19:54
5.49239	-49.27493	0	56	2021-09-14T09:25:55
5.49275	-49.27602	0	56	2021-09-14T09:35:11
5.49291	-49.27646	0	56	2021-09-14T09:40:07
5.49313	-49.27704	0	56	2021-09-14T09:45:10
5.49334	-49.27756	0	56	2021-09-14T09:50:13
5.49353	-49.27807	0	56	2021-09-14T09:55:22
5.49357	-49.27850	0	56	2021-09-14T10:00:23
5.49357	-49.27893	0	56	2021-09-14T10:05:23
5.49400	-49.28079	0	56	2021-09-14T10:25:59
5.49412	-49.28124	0	56	2021-09-14T10:30:33
5.49416	-49.28167	0	56	2021-09-14T10:35:33
5.49420	-49.28210	0	56	2021-09-14T10:40:34
5.49439	-49.28329	0	56	2021-09-14T10:55:45
5.49439	-49.28363	0	56	2021-09-14T11:00:45
5.49443	-49.28406	0	56	2021-09-14T11:05:46
5.49450	-49.28455	0	56	2021-09-14T11:10:44
5.49459	-49.28513	0	56	2021-09-14T11:15:50
5.49463	-49.28564	0	56	2021-09-14T11:20:49
5.49467	-49.28636	0	56	2021-09-14T11:25:48
5.49467	-49.28687	0	56	2021-09-14T11:30:47
5.49468	-49.28745	0	56	2021-09-14T11:35:50
5.49468	-49.28815	0	56	2021-09-14T11:40:53
5.49476	-49.28884	0	56	2021-09-14T11:46:08
5.49477	-49.28955	0	56	2021-09-14T11:51:05
5.49489	-49.29022	0	56	2021-09-14T11:56:09
5.49506	-49.29089	0	56	2021-09-14T12:01:18
5.49513	-49.29161	0	56	2021-09-14T12:06:26
5.49510	-49.29208	0	56	2021-09-14T12:11:23
5.49517	-49.29263	0	56	2021-09-14T12:16:25
5.49527	-49.29324	0	56	2021-09-14T12:21:26
5.49559	-49.29466	0	56	2021-09-14T12:31:32
5.49576	-49.29541	0	56	2021-09-14T12:36:32
5.49602	-49.29620	0	56	2021-09-14T12:41:33
5.49631	-49.29689	0	56	2021-09-14T12:46:22
5.49665	-49.29766	0	56	2021-09-14T12:51:22
5.49691	-49.29852	0	56	2021-09-14T12:56:21
5.49741	-49.30005	0	56	2021-09-14T13:06:14
5.49758	-49.30087	0	56	2021-09-14T13:11:11
5.49767	-49.30173	0	56	2021-09-14T13:16:11
5.49797	-49.30367	0	56	2021-09-14T13:26:10
5.49802	-49.30435	0	56	2021-09-14T13:31:11
5.49810	-49.30530	0	56	2021-09-14T13:36:11
5.49812	-49.30631	0	56	2021-09-14T13:41:20
5.49816	-49.30717	0	56	2021-09-14T13:46:20
5.49816	-49.30811	0	56	2021-09-14T13:51:19
5.49823	-49.30908	0	56	2021-09-14T13:56:27
5.49840	-49.31015	0	56	2021-09-14T14:01:31
5.49864	-49.31137	0	56	2021-09-14T14:06:40
5.49890	-49.31253	0	56	2021-09-14T14:11:44
5.49922	-49.31376	0	56	2021-09-14T14:16:46
5.49961	-49.31488	0	56	2021-09-14T14:21:47
5.49990	-49.31619	0	56	2021-09-14T14:27:11
5.49969	-49.32152	0	56	2021-09-14T14:51:48
5.49939	-49.32246	0	56	2021-09-14T14:56:48
5.49939	-49.32349	0	56	2021-09-14T15:01:48
5.49941	-49.32452	0	56	2021-09-14T15:06:50
5.49931	-49.32547	0	56	2021-09-14T15:11:52
5.49940	-49.32655	0	56	2021-09-14T15:17:27
5.49953	-49.32758	0	56	2021-09-14T15:22:28
5.49957	-49.32852	0	56	2021-09-14T15:27:28
5.49943	-49.32928	0	56	2021-09-14T15:31:51
5.49945	-49.33008	0	56	2021-09-14T15:36:48
5.49974	-49.33102	0	56	2021-09-14T15:41:42
5.50017	-49.33197	0	56	2021-09-14T15:46:40
5.50107	-49.33373	0	56	2021-09-14T15:56:47
5.50158	-49.33467	0	56	2021-09-14T16:01:47
5.50179	-49.33536	0	56	2021-09-14T16:06:46
5.50198	-49.33615	0	56	2021-09-14T16:11:50
5.50228	-49.33703	0	56	2021-09-14T16:16:58
5.50262	-49.33780	0	56	2021-09-14T16:21:59
5.50332	-49.33952	0	56	2021-09-14T16:32:13
5.50366	-49.34024	0	56	2021-09-14T16:37:10
5.50396	-49.34106	0	56	2021-09-14T16:42:13
5.50421	-49.34180	0	56	2021-09-14T16:47:18
5.50445	-49.34256	0	56	2021-09-14T16:52:20
5.50487	-49.34343	0	56	2021-09-14T16:57:27
5.50534	-49.34412	0	56	2021-09-14T17:02:26
5.50580	-49.34502	0	56	2021-09-14T17:07:14
5.50614	-49.34571	0	56	2021-09-14T17:12:14
5.50640	-49.34631	0	56	2021-09-14T17:17:13
5.50663	-49.34689	0	56	2021-09-14T17:22:10
5.50684	-49.34768	0	56	2021-09-14T17:26:55
5.50724	-49.34839	0	56	2021-09-14T17:32:00
5.50778	-49.34906	0	56	2021-09-14T17:36:54
5.50838	-49.34973	0	56	2021-09-14T17:41:52
5.50898	-49.35032	0	56	2021-09-14T17:46:39
5.50958	-49.35092	0	56	2021-09-14T17:51:39
5.51020	-49.35150	0	56	2021-09-14T17:56:36
5.51065	-49.35205	0	56	2021-09-14T18:01:30
5.51094	-49.35256	0	56	2021-09-14T18:06:20
5.51115	-49.35299	0	56	2021-09-14T18:11:20
5.51136	-49.35342	0	56	2021-09-14T18:16:20
5.51165	-49.35394	0	56	2021-09-14T18:21:18
5.51201	-49.35455	0	56	2021-09-14T18:26:06
5.51235	-49.35498	0	56	2021-09-14T18:31:05
5.51265	-49.35541	0	56	2021-09-14T18:36:05
5.51285	-49.35574	0	56	2021-09-14T18:41:05
5.51296	-49.35620	0	56	2021-09-14T18:46:03
5.51302	-49.35670	0	56	2021-09-14T18:50:53
5.51298	-49.35721	0	56	2021-09-14T18:55:53
5.51315	-49.35835	0	56	2021-09-14T19:05:51
5.51321	-49.35892	0	56	2021-09-14T19:10:51
5.51328	-49.35938	0	56	2021-09-14T19:15:50
5.51316	-49.36059	0	56	2021-09-14T19:25:57
5.51299	-49.36093	0	56	2021-09-14T19:30:56
5.51278	-49.36127	0	56	2021-09-14T19:35:56
5.51259	-49.36185	0	56	2021-09-14T19:40:54
5.51243	-49.36234	0	56	2021-09-14T19:45:57
5.51234	-49.36285	0	56	2021-09-14T19:50:56
5.51215	-49.36344	0	56	2021-09-14T19:55:56
5.51189	-49.36378	0	56	2021-09-14T20:00:57
5.51176	-49.36429	0	56	2021-09-14T20:05:57
5.51167	-49.36481	0	56	2021-09-14T20:10:58
5.51175	-49.36530	0	56	2021-09-14T20:15:59
5.51158	-49.36625	0	56	2021-09-14T20:26:11
5.51151	-49.36652	0	56	2021-09-14T20:31:06
5.51132	-49.36710	0	56	2021-09-14T20:36:10
5.51111	-49.36756	0	56	2021-09-14T20:41:10
5.51090	-49.36807	0	56	2021-09-14T20:46:09
5.51065	-49.36868	0	56	2021-09-14T20:51:12
5.51035	-49.36937	0	56	2021-09-14T20:56:10
5.51001	-49.36988	0	56	2021-09-14T21:01:10
5.50962	-49.37039	0	56	2021-09-14T21:06:09
5.50927	-49.37097	0	56	2021-09-14T21:11:11
5.50898	-49.37149	0	56	2021-09-14T21:16:08
5.50861	-49.37199	0	56	2021-09-14T21:21:26
5.50827	-49.37259	0	56	2021-09-14T21:26:27
5.50799	-49.37320	0	56	2021-09-14T21:31:07
5.50755	-49.37391	0	56	2021-09-14T21:36:01
5.50704	-49.37434	0	56	2021-09-14T21:41:01
5.50665	-49.37485	0	56	2021-09-14T21:46:00
5.50620	-49.37537	0	56	2021-09-14T21:51:05
5.50466	-49.37846	0	56	2021-09-14T22:16:39
5.50428	-49.37888	0	56	2021-09-14T22:21:21
5.50380	-49.37958	0	56	2021-09-14T22:26:38
5.50335	-49.38007	0	56	2021-09-14T22:31:14
5.50189	-49.38177	0	56	2021-09-14T22:46:05
5.50146	-49.38237	0	56	2021-09-14T22:51:05
5.50103	-49.38297	0	56	2021-09-14T22:56:04
5.49808	-49.38613	0	56	2021-09-14T23:26:20
5.49769	-49.38664	0	56	2021-09-14T23:31:21
5.49735	-49.38724	0	56	2021-09-14T23:36:21
5.49693	-49.38783	0	56	2021-09-14T23:41:31
5.49654	-49.38834	0	56	2021-09-14T23:46:31
5.49611	-49.38885	0	56	2021-09-14T23:51:32
5.49525	-49.39006	0	56	2021-09-15T00:01:45
5.49486	-49.39066	0	56	2021-09-15T00:06:45
5.49439	-49.39117	0	56	2021-09-15T00:11:44
5.49392	-49.39178	0	56	2021-09-15T00:16:48
5.49284	-49.39361	0	56	2021-09-15T00:27:01
5.49237	-49.39421	0	56	2021-09-15T00:32:02
5.49177	-49.39481	0	56	2021-09-15T00:37:02
5.49124	-49.39548	0	56	2021-09-15T00:42:08
5.49074	-49.39609	0	56	2021-09-15T00:47:13
5.49024	-49.39667	0	56	2021-09-15T00:52:18
5.48977	-49.39737	0	56	2021-09-15T00:57:22
5.48918	-49.39798	0	56	2021-09-15T01:02:29
5.48856	-49.39876	0	56	2021-09-15T01:07:15
5.48805	-49.39945	0	56	2021-09-15T01:12:14
5.48749	-49.40005	0	56	2021-09-15T01:17:14
5.48633	-49.40163	0	56	2021-09-15T01:27:08
5.48582	-49.40223	0	56	2021-09-15T01:32:08
5.48522	-49.40292	0	56	2021-09-15T01:37:08
5.48400	-49.40440	0	56	2021-09-15T01:47:31
5.48345	-49.40515	0	56	2021-09-15T01:52:24
5.48284	-49.40594	0	56	2021-09-15T01:57:32
5.48163	-49.40759	0	56	2021-09-15T02:07:42
5.48052	-49.40922	0	56	2021-09-15T02:18:29
5.48001	-49.41016	0	56	2021-09-15T02:23:29
5.47950	-49.41110	0	56	2021-09-15T02:28:28
5.47911	-49.41183	0	56	2021-09-15T02:32:58
5.47839	-49.41351	0	56	2021-09-15T02:43:07
5.47799	-49.41439	0	56	2021-09-15T02:48:15
5.47769	-49.41516	0	56	2021-09-15T02:53:15
5.47728	-49.41607	0	56	2021-09-15T02:58:21
5.47694	-49.41693	0	56	2021-09-15T03:03:21
5.47655	-49.41791	0	56	2021-09-15T03:08:23
5.47612	-49.41879	0	56	2021-09-15T03:13:28
5.47530	-49.42065	0	56	2021-09-15T03:23:45
5.47487	-49.42159	0	56	2021-09-15T03:28:46
5.47453	-49.42236	0	56	2021-09-15T03:33:46
5.47415	-49.42319	0	56	2021-09-15T03:38:48
5.47376	-49.42403	0	56	2021-09-15T03:43:57
5.47346	-49.42489	0	56	2021-09-15T03:48:57
5.47316	-49.42566	0	56	2021-09-15T03:53:58
5.47277	-49.42656	0	56	2021-09-15T03:59:09
5.47260	-49.42733	0	56	2021-09-15T04:04:08
5.47243	-49.42810	0	56	2021-09-15T04:09:08
5.47223	-49.42896	0	56	2021-09-15T04:14:13
5.47183	-49.43072	0	56	2021-09-15T04:24:34
5.47166	-49.43166	0	56	2021-09-15T04:29:34
5.47162	-49.43243	0	56	2021-09-15T04:34:35
5.47157	-49.43326	0	56	2021-09-15T04:39:39
5.47155	-49.43402	0	56	2021-09-15T04:44:45
5.47176	-49.43654	0	56	2021-09-15T05:00:07
5.47178	-49.43729	0	56	2021-09-15T05:05:04
5.47189	-49.43808	0	56	2021-09-15T05:10:07
5.47201	-49.43884	0	56	2021-09-15T05:15:13
5.47209	-49.43964	0	56	2021-09-15T05:20:14
5.47236	-49.44135	0	56	2021-09-15T05:30:30
5.47249	-49.44204	0	56	2021-09-15T05:35:29
5.47266	-49.44281	0	56	2021-09-15T05:40:29
5.47285	-49.44351	0	56	2021-09-15T05:45:34
5.47303	-49.44424	0	56	2021-09-15T05:50:38
5.47316	-49.44501	0	56	2021-09-15T05:55:38
5.47336	-49.44577	0	56	2021-09-15T06:00:43
5.47371	-49.44659	0	56	2021-09-15T06:05:48
5.47404	-49.44744	0	56	2021-09-15T06:10:57
5.47438	-49.44804	0	56	2021-09-15T06:15:57
5.47468	-49.44864	0	56	2021-09-15T06:20:56
5.47508	-49.44937	0	56	2021-09-15T06:25:59
5.47536	-49.45031	0	56	2021-09-15T06:31:07
5.47562	-49.45108	0	56	2021-09-15T06:36:06
5.47591	-49.45197	0	56	2021-09-15T06:41:06
5.47646	-49.45355	0	56	2021-09-15T06:51:12
5.47663	-49.45424	0	56	2021-09-15T06:56:13
5.47693	-49.45493	0	56	2021-09-15T07:01:13
5.47732	-49.45566	0	56	2021-09-15T07:06:15
5.47763	-49.45642	0	56	2021-09-15T07:11:18
5.47794	-49.45718	0	56	2021-09-15T07:16:23
5.47835	-49.45796	0	56	2021-09-15T07:21:29
5.47861	-49.45865	0	56	2021-09-15T07:26:29
5.47899	-49.45956	0	56	2021-09-15T07:31:56
5.47934	-49.46041	0	56	2021-09-15T07:36:39
5.47973	-49.46118	0	56	2021-09-15T07:41:40
5.48011	-49.46194	0	56	2021-09-15T07:46:43
5.48042	-49.46277	0	56	2021-09-15T07:51:42
5.48068	-49.46353	0	56	2021-09-15T07:56:46
5.48097	-49.46440	0	56	2021-09-15T08:01:47
5.48114	-49.46517	0	56	2021-09-15T08:06:47
5.48135	-49.46594	0	56	2021-09-15T08:11:47
5.48150	-49.46680	0	56	2021-09-15T08:16:45
5.48167	-49.46779	0	56	2021-09-15T08:22:09
5.48171	-49.46856	0	56	2021-09-15T08:27:09
5.48184	-49.46942	0	56	2021-09-15T08:32:08
5.48205	-49.47025	0	56	2021-09-15T08:36:45
5.48224	-49.47114	0	56	2021-09-15T08:41:43
5.48241	-49.47217	0	56	2021-09-15T08:46:43
5.48238	-49.47308	0	56	2021-09-15T08:51:48
5.48236	-49.47621	0	56	2021-09-15T09:07:01
5.48262	-49.47715	0	56	2021-09-15T09:12:01
5.48262	-49.47818	0	56	2021-09-15T09:17:00
5.48264	-49.47938	0	56	2021-09-15T09:22:04
5.48285	-49.48032	0	56	2021-09-15T09:27:05
5.48308	-49.48347	0	56	2021-09-15T09:42:14
5.48321	-49.48450	0	56	2021-09-15T09:47:13
5.48351	-49.48544	0	56	2021-09-15T09:52:14
5.48395	-49.48642	0	56	2021-09-15T09:57:18
5.48469	-49.48845	0	56	2021-09-15T10:07:27
5.48499	-49.48939	0	56	2021-09-15T10:12:27
5.48542	-49.49033	0	56	2021-09-15T10:17:26
5.48563	-49.49133	0	56	2021-09-15T10:22:27
5.48577	-49.49242	0	56	2021-09-15T10:27:55
5.48598	-49.49362	0	56	2021-09-15T10:32:55
5.48612	-49.49466	0	56	2021-09-15T10:37:37
5.48637	-49.49570	0	56	2021-09-15T10:42:41
5.48667	-49.49664	0	56	2021-09-15T10:47:41
5.48690	-49.49756	0	56	2021-09-15T10:52:42
5.48708	-49.49859	0	56	2021-09-15T10:57:51
5.48717	-49.49945	0	56	2021-09-15T11:02:52
5.48731	-49.50139	0	56	2021-09-15T11:13:02
5.48735	-49.50233	0	56	2021-09-15T11:18:02
5.48735	-49.50327	0	56	2021-09-15T11:23:02
5.48748	-49.50421	0	56	2021-09-15T11:28:08
5.48744	-49.50526	0	56	2021-09-15T11:33:04
5.48744	-49.50620	0	56	2021-09-15T11:38:03
5.48757	-49.50723	0	56	2021-09-15T11:43:03
5.48772	-49.50830	0	56	2021-09-15T11:48:04
5.48781	-49.50950	0	56	2021-09-15T11:53:04
5.48790	-49.51062	0	56	2021-09-15T11:58:03
5.48801	-49.51178	0	56	2021-09-15T12:03:09
5.48805	-49.51294	0	56	2021-09-15T12:08:11
5.48813	-49.51409	0	56	2021-09-15T12:13:17
5.48822	-49.51529	0	56	2021-09-15T12:18:17
5.48822	-49.51651	0	56	2021-09-15T12:23:22
5.48832	-49.51783	0	56	2021-09-15T12:28:57
5.48836	-49.51920	0	56	2021-09-15T12:33:57
5.48850	-49.52039	0	56	2021-09-15T12:38:32
5.48862	-49.52176	0	56	2021-09-15T12:43:36
5.48885	-49.52302	0	56	2021-09-15T12:48:53
5.48911	-49.52431	0	56	2021-09-15T12:53:53
5.48941	-49.52560	0	56	2021-09-15T12:58:53
5.48959	-49.52682	0	56	2021-09-15T13:03:56
5.48984	-49.52809	0	56	2021-09-15T13:08:52
5.49005	-49.52921	0	56	2021-09-15T13:13:53
5.49022	-49.53033	0	56	2021-09-15T13:18:53
5.49040	-49.53159	0	56	2021-09-15T13:23:46
5.49116	-49.53657	0	56	2021-09-15T13:43:51
5.49137	-49.53777	0	56	2021-09-15T13:48:52
5.49146	-49.53897	0	56	2021-09-15T13:53:52
5.49169	-49.54028	0	56	2021-09-15T13:58:57
5.49189	-49.54160	0	56	2021-09-15T14:04:06
5.49194	-49.54293	0	56	2021-09-15T14:09:04
5.49203	-49.54422	0	56	2021-09-15T14:14:04
5.49214	-49.54556	0	56	2021-09-15T14:18:59
5.49225	-49.54692	0	56	2021-09-15T14:23:57
5.49238	-49.54812	0	56	2021-09-15T14:28:57
5.49251	-49.54941	0	56	2021-09-15T14:33:56
5.49253	-49.55072	0	56	2021-09-15T14:38:26
5.49251	-49.55211	0	56	2021-09-15T14:43:14
5.49247	-49.55340	0	56	2021-09-15T14:48:14
5.49238	-49.55469	0	56	2021-09-15T14:53:13
5.49243	-49.55603	0	56	2021-09-15T14:58:18
5.49253	-49.55730	0	56	2021-09-15T15:03:18
5.49253	-49.55850	0	56	2021-09-15T15:08:18
5.49266	-49.55978	0	56	2021-09-15T15:13:16
5.49274	-49.56116	0	56	2021-09-15T15:18:02
5.49278	-49.56228	0	56	2021-09-15T15:23:02
5.49282	-49.56348	0	56	2021-09-15T15:28:02
5.49290	-49.56500	0	56	2021-09-15T15:33:27
5.49318	-49.56744	0	56	2021-09-15T15:42:45
5.49335	-49.56856	0	56	2021-09-15T15:47:44
5.49335	-49.56976	0	56	2021-09-15T15:52:44
5.49367	-49.57374	0	56	2021-09-15T16:08:13
5.49384	-49.57494	0	56	2021-09-15T16:13:12
5.49414	-49.57614	0	56	2021-09-15T16:18:12
5.49442	-49.57754	0	56	2021-09-15T16:23:05
5.49472	-49.57883	0	56	2021-09-15T16:28:06
5.49498	-49.58032	0	56	2021-09-15T16:33:33
5.49535	-49.58159	0	56	2021-09-15T16:37:53
5.49578	-49.58279	0	56	2021-09-15T16:42:53
5.49629	-49.58408	0	56	2021-09-15T16:47:54
5.49673	-49.58537	0	56	2021-09-15T16:52:47
5.49721	-49.58655	0	56	2021-09-15T16:57:49
5.49767	-49.58777	0	56	2021-09-15T17:02:48
5.49829	-49.58893	0	56	2021-09-15T17:07:49
5.49884	-49.59013	0	56	2021-09-15T17:12:46
5.49931	-49.59116	0	56	2021-09-15T17:17:47
5.49982	-49.59219	0	56	2021-09-15T17:22:47
5.50046	-49.59331	0	56	2021-09-15T17:27:49
5.50097	-49.59443	0	56	2021-09-15T17:32:49
5.50136	-49.59512	0	56	2021-09-15T17:37:49
5.50190	-49.59604	0	56	2021-09-15T17:42:51
5.50246	-49.59686	0	56	2021-09-15T17:47:49
5.50306	-49.59777	0	56	2021-09-15T17:52:53
5.50349	-49.59863	0	56	2021-09-15T17:57:53
5.50409	-49.59958	0	56	2021-09-15T18:02:55
5.50514	-49.60134	0	56	2021-09-15T18:13:00
5.50553	-49.60220	0	56	2021-09-15T18:18:00
5.50596	-49.60297	0	56	2021-09-15T18:22:59
5.50644	-49.60379	0	56	2021-09-15T18:28:03
5.50702	-49.60473	0	56	2021-09-15T18:33:05
5.50736	-49.60550	0	56	2021-09-15T18:38:05
5.50782	-49.60635	0	56	2021-09-15T18:43:09
5.50881	-49.60796	0	56	2021-09-15T18:53:15
5.50927	-49.60880	0	56	2021-09-15T18:58:12
5.50975	-49.60959	0	56	2021-09-15T19:03:14
5.51018	-49.61038	0	56	2021-09-15T19:08:14
5.51092	-49.61205	0	56	2021-09-15T19:18:19
5.51122	-49.61282	0	56	2021-09-15T19:23:20
5.51148	-49.61359	0	56	2021-09-15T19:28:20
5.51168	-49.61444	0	56	2021-09-15T19:33:56
5.51193	-49.61511	0	56	2021-09-15T19:38:23
5.51223	-49.61575	0	56	2021-09-15T19:43:24
5.51248	-49.61649	0	56	2021-09-15T19:48:25
5.51316	-49.61800	0	56	2021-09-15T19:58:42
5.51346	-49.61860	0	56	2021-09-15T20:03:43
5.51376	-49.61929	0	56	2021-09-15T20:08:43
5.51404	-49.61993	0	56	2021-09-15T20:13:43
5.51441	-49.62069	0	56	2021-09-15T20:18:52
5.51480	-49.62129	0	56	2021-09-15T20:23:51
5.51510	-49.62189	0	56	2021-09-15T20:28:51
5.51547	-49.62262	0	56	2021-09-15T20:34:29
5.51569	-49.62314	0	56	2021-09-15T20:38:56
5.51607	-49.62386	0	56	2021-09-15T20:44:05
5.51634	-49.62442	0	56	2021-09-15T20:49:02
5.51663	-49.62506	0	56	2021-09-15T20:54:04
5.51680	-49.62558	0	56	2021-09-15T20:59:10
5.51700	-49.62636	0	56	2021-09-15T21:04:17
5.51730	-49.62696	0	56	2021-09-15T21:09:17
5.51764	-49.62747	0	56	2021-09-15T21:14:18
5.51787	-49.62808	0	56	2021-09-15T21:19:21
5.51806	-49.62862	0	56	2021-09-15T21:24:30
5.51819	-49.62939	0	56	2021-09-15T21:29:29
5.51859	-49.63134	0	56	2021-09-15T21:44:57
5.51863	-49.63203	0	56	2021-09-15T21:49:57
5.51863	-49.63263	0	56	2021-09-15T21:54:56
5.51884	-49.63485	0	56	2021-09-15T22:10:26
5.51901	-49.63554	0	56	2021-09-15T22:15:26
5.51897	-49.63614	0	56	2021-09-15T22:20:27
5.51895	-49.63690	0	56	2021-09-15T22:25:32
5.51877	-49.63771	0	56	2021-09-15T22:30:40
5.51860	-49.63831	0	56	2021-09-15T22:35:41
5.51802	-49.64111	0	56	2021-09-15T22:55:52
5.51793	-49.64178	0	56	2021-09-15T23:00:50
5.51785	-49.64240	0	56	2021-09-15T23:05:52
5.51739	-49.64458	0	56	2021-09-15T23:20:56
5.51718	-49.64518	0	56	2021-09-15T23:25:57
5.51692	-49.64587	0	56	2021-09-15T23:30:57
5.51666	-49.64683	0	56	2021-09-15T23:36:37
5.51636	-49.64777	0	56	2021-09-15T23:41:38
5.51600	-49.64856	0	56	2021-09-15T23:46:19
5.51469	-49.65167	0	56	2021-09-16T00:06:42
5.51433	-49.65243	0	56	2021-09-16T00:11:52
5.51416	-49.65312	0	56	2021-09-16T00:16:52
5.51399	-49.65363	0	56	2021-09-16T00:21:53
5.51346	-49.65518	0	56	2021-09-16T00:32:25
5.51333	-49.65587	0	56	2021-09-16T00:37:26
5.51312	-49.65656	0	56	2021-09-16T00:42:26
5.51291	-49.65710	0	56	2021-09-16T00:47:02
5.51268	-49.65771	0	56	2021-09-16T00:52:02
5.51250	-49.65841	0	56	2021-09-16T00:57:03
5.51237	-49.65910	0	56	2021-09-16T01:02:03
5.51228	-49.65979	0	56	2021-09-16T01:07:03
5.51221	-49.66118	0	56	2021-09-16T01:17:06
5.51212	-49.66178	0	56	2021-09-16T01:22:07
5.51212	-49.66229	0	56	2021-09-16T01:27:07
5.51194	-49.66451	0	56	2021-09-16T01:42:21
5.51194	-49.66498	0	56	2021-09-16T01:47:15
5.51190	-49.66562	0	56	2021-09-16T01:52:20
5.51171	-49.66623	0	56	2021-09-16T01:57:24
5.51170	-49.66695	0	56	2021-09-16T02:02:33
5.51174	-49.66746	0	56	2021-09-16T02:07:34
5.51170	-49.66797	0	56	2021-09-16T02:12:34
5.51171	-49.66855	0	56	2021-09-16T02:17:32
5.51176	-49.66910	0	56	2021-09-16T02:22:28
5.51189	-49.66953	0	56	2021-09-16T02:27:22
5.51189	-49.67004	0	56	2021-09-16T02:32:22
5.51193	-49.67050	0	56	2021-09-16T02:37:20
5.51197	-49.67104	0	56	2021-09-16T02:42:23
5.51201	-49.67138	0	56	2021-09-16T02:47:22
5.51210	-49.67181	0	56	2021-09-16T02:52:22
5.51227	-49.67215	0	56	2021-09-16T02:57:22
5.51246	-49.67256	0	56	2021-09-16T03:02:21
5.51252	-49.67279	0	56	2021-09-16T03:07:21
5.51268	-49.67316	0	56	2021-09-16T03:12:22
5.51297	-49.67334	0	56	2021-09-16T03:17:23
5.51330	-49.67360	0	56	2021-09-16T03:22:23
5.51351	-49.67377	0	56	2021-09-16T03:27:23
5.51381	-49.67386	0	56	2021-09-16T03:32:22
5.51497	-49.67445	0	56	2021-09-16T03:47:17
5.51523	-49.67462	0	56	2021-09-16T03:52:17
5.51557	-49.67471	0	56	2021-09-16T03:57:18
5.51823	-49.67578	0	56	2021-09-16T04:37:10
5.51857	-49.67578	0	56	2021-09-16T04:42:10
5.51887	-49.67578	0	56	2021-09-16T04:47:11
5.51929	-49.67578	0	56	2021-09-16T04:52:07
5.51963	-49.67587	0	56	2021-09-16T04:57:06
5.52005	-49.67594	0	56	2021-09-16T05:02:02
5.52039	-49.67603	0	56	2021-09-16T05:07:02
5.52075	-49.67596	0	56	2021-09-16T05:11:56
5.52105	-49.67587	0	56	2021-09-16T05:16:56
5.52139	-49.67587	0	56	2021-09-16T05:21:55
5.52190	-49.67569	0	56	2021-09-16T05:26:55
5.52236	-49.67563	0	56	2021-09-16T05:32:29
5.52279	-49.67563	0	56	2021-09-16T05:37:28
5.52313	-49.67572	0	56	2021-09-16T05:42:28
5.52344	-49.67566	0	56	2021-09-16T05:46:54
5.52447	-49.67572	0	56	2021-09-16T05:56:45
5.52494	-49.67566	0	56	2021-09-16T06:01:49
5.52520	-49.67581	0	56	2021-09-16T06:06:45
5.52572	-49.67621	0	56	2021-09-16T06:16:33
5.52593	-49.67630	0	56	2021-09-16T06:21:33
5.52606	-49.67630	0	56	2021-09-16T06:26:33
5.52634	-49.67621	0	56	2021-09-16T06:32:11
5.52664	-49.67621	0	56	2021-09-16T06:37:11
5.52690	-49.67612	0	56	2021-09-16T06:42:12
5.52701	-49.67618	0	56	2021-09-16T06:46:53
5.52786	-49.67596	0	56	2021-09-16T07:16:50
5.52803	-49.67587	0	56	2021-09-16T07:21:50
5.52826	-49.67561	0	56	2021-09-16T07:26:49
5.52839	-49.67552	0	56	2021-09-16T07:31:49
5.52856	-49.67535	0	56	2021-09-16T07:36:50
5.52867	-49.67508	0	56	2021-09-16T07:51:50
5.52871	-49.67493	0	56	2021-09-16T07:56:50
5.52883	-49.67459	0	56	2021-09-16T08:01:53
5.52892	-49.67450	0	56	2021-09-16T08:06:52
5.52901	-49.67450	0	56	2021-09-16T08:11:53
5.52911	-49.67447	0	56	2021-09-16T08:16:52
5.53026	-49.67413	0	56	2021-09-16T08:42:32
5.53050	-49.67404	0	56	2021-09-16T08:46:55
5.53089	-49.67404	0	56	2021-09-16T08:51:55
5.53199	-49.67404	0	56	2021-09-16T09:06:54
5.53233	-49.67404	0	56	2021-09-16T09:11:55
5.53254	-49.67404	0	56	2021-09-16T09:16:55
5.53345	-49.67453	0	56	2021-09-16T09:46:53
5.53342	-49.67465	0	56	2021-09-16T09:51:54
5.53350	-49.67496	0	56	2021-09-16T09:56:52
5.53437	-49.67551	0	56	2021-09-16T10:11:54
5.53498	-49.67673	0	56	2021-09-16T10:51:34
5.53481	-49.67699	0	56	2021-09-16T10:56:34
5.53464	-49.67725	0	56	2021-09-16T11:01:35
5.53450	-49.67764	0	56	2021-09-16T11:06:28
5.53435	-49.67873	0	56	2021-09-16T11:16:25
5.53426	-49.67907	0	56	2021-09-16T11:21:24
5.53422	-49.67941	0	56	2021-09-16T11:26:24
5.53432	-49.68017	0	56	2021-09-16T11:36:19
5.53453	-49.68034	0	56	2021-09-16T11:41:19
5.53457	-49.68051	0	56	2021-09-16T11:46:20
5.53431	-49.68201	0	56	2021-09-16T12:06:16
5.53430	-49.68244	0	56	2021-09-16T12:11:15
5.53430	-49.68270	0	56	2021-09-16T12:16:14
5.53417	-49.68304	0	56	2021-09-16T12:21:14
5.53389	-49.68344	0	56	2021-09-16T12:26:11
5.53371	-49.68406	0	56	2021-09-16T12:31:27
5.53358	-49.68449	0	56	2021-09-16T12:36:27
5.53358	-49.68500	0	56	2021-09-16T12:41:26
5.53341	-49.68555	0	56	2021-09-16T12:46:10
5.53314	-49.68613	0	56	2021-09-16T12:51:04
5.53260	-49.68881	0	56	2021-09-16T13:10:44
5.53260	-49.68950	0	56	2021-09-16T13:15:45
5.53260	-49.69019	0	56	2021-09-16T13:20:45
5.53219	-49.69173	0	56	2021-09-16T13:31:40
5.53193	-49.69259	0	56	2021-09-16T13:36:39
5.53159	-49.69336	0	56	2021-09-16T13:41:40
5.53138	-49.69394	0	56	2021-09-16T13:45:41
5.53112	-49.69466	0	56	2021-09-16T13:50:36
5.53082	-49.69543	0	56	2021-09-16T13:55:36
5.53052	-49.69620	0	56	2021-09-16T14:00:37
5.53025	-49.69716	0	56	2021-09-16T14:05:31
5.53008	-49.69793	0	56	2021-09-16T14:10:32
5.52995	-49.69879	0	56	2021-09-16T14:15:32
5.52973	-49.69958	0	56	2021-09-16T14:20:30
5.52950	-49.70044	0	56	2021-09-16T14:25:30
5.52919	-49.70124	0	56	2021-09-16T14:30:37
5.52902	-49.70193	0	56	2021-09-16T14:35:36
5.52876	-49.70276	0	56	2021-09-16T14:41:08
5.52844	-49.70356	0	56	2021-09-16T14:45:34
5.52818	-49.70433	0	56	2021-09-16T14:50:34
5.52792	-49.70502	0	56	2021-09-16T14:55:35
5.52774	-49.70566	0	56	2021-09-16T15:00:29
5.52734	-49.70647	0	56	2021-09-16T15:05:22
5.52704	-49.70707	0	56	2021-09-16T15:10:22
5.52678	-49.70758	0	56	2021-09-16T15:15:23
5.52418	-49.71044	0	56	2021-09-16T15:45:43
5.52379	-49.71087	0	56	2021-09-16T15:50:42
5.52332	-49.71130	0	56	2021-09-16T15:55:42
5.52280	-49.71189	0	56	2021-09-16T16:00:43
5.52211	-49.71249	0	56	2021-09-16T16:05:43
5.52126	-49.71332	0	56	2021-09-16T16:10:44
5.52043	-49.71395	0	56	2021-09-16T16:15:46
5.51987	-49.71429	0	56	2021-09-16T16:20:46
5.51921	-49.71472	0	56	2021-09-16T16:25:48
5.51839	-49.71515	0	56	2021-09-16T16:30:48
5.51676	-49.71627	0	56	2021-09-16T16:40:57
5.51582	-49.71670	0	56	2021-09-16T16:45:57
5.51475	-49.71713	0	56	2021-09-16T16:50:56
5.51396	-49.71765	0	56	2021-09-16T16:56:03
5.51331	-49.71808	0	56	2021-09-16T17:01:08
5.51262	-49.71851	0	56	2021-09-16T17:06:08
5.51183	-49.71921	0	56	2021-09-16T17:11:14
5.51086	-49.71993	0	56	2021-09-16T17:16:26
5.51004	-49.72027	0	56	2021-09-16T17:21:26
5.50965	-49.72061	0	56	2021-09-16T17:26:25
5.50815	-49.72169	0	56	2021-09-16T17:36:22
5.50716	-49.72220	0	56	2021-09-16T17:41:22
5.50660	-49.72263	0	56	2021-09-16T17:46:21
5.50618	-49.72305	0	56	2021-09-16T17:51:21
5.50468	-49.72411	0	56	2021-09-16T18:01:15
5.50404	-49.72454	0	56	2021-09-16T18:06:16
5.50357	-49.72488	0	56	2021-09-16T18:11:16
5.50304	-49.72528	0	56	2021-09-16T18:16:06
5.50257	-49.72571	0	56	2021-09-16T18:21:07
5.50214	-49.72614	0	56	2021-09-16T18:26:07
5.50161	-49.72672	0	56	2021-09-16T18:31:07
5.50075	-49.72776	0	56	2021-09-16T18:41:09
5.50042	-49.72821	0	56	2021-09-16T18:46:08
5.49985	-49.72888	0	56	2021-09-16T18:51:08
5.49904	-49.73011	0	56	2021-09-16T19:01:13
5.49870	-49.73045	0	56	2021-09-16T19:06:14
5.49831	-49.73096	0	56	2021-09-16T19:11:14
5.49720	-49.73250	0	56	2021-09-16T19:26:06
5.49716	-49.73301	0	56	2021-09-16T19:31:07
5.49720	-49.73370	0	56	2021-09-16T19:36:07
5.49678	-49.73434	0	56	2021-09-16T19:41:28
5.49639	-49.73492	0	56	2021-09-16T19:46:04
5.49627	-49.73562	0	56	2021-09-16T19:50:46
5.49597	-49.73631	0	56	2021-09-16T19:55:45
5.49584	-49.73700	0	56	2021-09-16T20:00:45
5.49585	-49.73773	0	56	2021-09-16T20:05:42
5.49558	-49.73856	0	56	2021-09-16T20:10:28
5.49549	-49.73942	0	56	2021-09-16T20:15:28
5.49532	-49.74002	0	56	2021-09-16T20:20:28
5.49504	-49.74078	0	56	2021-09-16T20:25:25
5.49480	-49.74141	0	56	2021-09-16T20:30:20
5.49441	-49.74210	0	56	2021-09-16T20:35:20
5.49428	-49.74401	0	56	2021-09-16T20:50:15
5.49424	-49.74470	0	56	2021-09-16T20:55:16
5.49403	-49.74539	0	56	2021-09-16T21:00:16
5.49332	-49.74673	0	56	2021-09-16T21:10:14
5.49315	-49.74733	0	56	2021-09-16T21:15:14
5.49281	-49.74802	0	56	2021-09-16T21:20:13
5.49195	-49.75034	0	56	2021-09-16T21:35:14
5.49065	-49.75276	0	56	2021-09-16T21:50:17
5.49035	-49.75353	0	56	2021-09-16T21:55:17
5.48988	-49.75430	0	56	2021-09-16T22:00:16
5.48808	-49.75765	0	56	2021-09-16T22:20:22
5.48735	-49.75851	0	56	2021-09-16T22:25:21
5.48671	-49.75937	0	56	2021-09-16T22:30:21
5.48524	-49.76147	0	56	2021-09-16T22:41:44
5.48323	-49.76434	0	56	2021-09-16T22:55:25
5.48250	-49.76528	0	56	2021-09-16T23:00:25
5.48181	-49.76614	0	56	2021-09-16T23:05:25
5.48103	-49.76709	0	56	2021-09-16T23:10:24
5.48019	-49.76817	0	56	2021-09-16T23:15:20
5.47925	-49.76920	0	56	2021-09-16T23:20:19
5.47874	-49.77032	0	56	2021-09-16T23:25:19
5.47791	-49.77142	0	56	2021-09-16T23:30:20
5.47714	-49.77267	0	56	2021-09-16T23:35:21
5.47626	-49.77402	0	56	2021-09-16T23:40:28
5.47553	-49.77505	0	56	2021-09-16T23:45:27
5.47335	-49.77839	0	56	2021-09-17T00:00:32
5.47245	-49.77959	0	56	2021-09-17T00:05:33
5.47172	-49.78079	0	56	2021-09-17T00:10:33
5.46900	-49.78479	0	56	2021-09-17T00:25:29
5.46733	-49.78769	0	56	2021-09-17T00:35:31
5.46298	-49.79611	0	56	2021-09-17T01:05:43
5.46225	-49.79748	0	56	2021-09-17T01:10:43
5.46156	-49.79877	0	56	2021-09-17T01:15:42
5.46083	-49.79999	0	56	2021-09-17T01:20:42
5.45856	-49.80444	0	56	2021-09-17T01:35:41
5.45708	-49.80728	0	56	2021-09-17T01:45:39
5.45644	-49.80877	0	56	2021-09-17T01:50:33
5.45584	-49.81006	0	56	2021-09-17T01:55:33
5.45524	-49.81143	0	56	2021-09-17T02:00:34
5.45460	-49.81278	0	56	2021-09-17T02:05:38
5.45400	-49.81424	0	56	2021-09-17T02:10:39
5.45336	-49.81570	0	56	2021-09-17T02:15:39
5.45276	-49.81708	0	56	2021-09-17T02:20:37
5.45072	-49.82092	0	56	2021-09-17T02:35:42
5.44917	-49.82485	0	56	2021-09-17T02:50:30
5.44883	-49.82597	0	56	2021-09-17T02:55:30
5.44853	-49.82709	0	56	2021-09-17T03:00:29
5.44819	-49.82816	0	56	2021-09-17T03:05:29
5.44789	-49.82935	0	56	2021-09-17T03:10:30
5.44760	-49.83048	0	56	2021-09-17T03:15:35
5.44739	-49.83160	0	56	2021-09-17T03:20:35
5.44577	-49.84105	0	56	2021-09-17T04:00:47
5.44556	-49.84208	0	56	2021-09-17T04:05:47
5.44539	-49.84320	0	56	2021-09-17T04:10:48
5.44528	-49.84433	0	56	2021-09-17T04:15:50
5.44566	-49.84892	0	56	2021-09-17T04:36:00
5.44596	-49.85012	0	56	2021-09-17T04:41:01
5.44626	-49.85098	0	56	2021-09-17T04:46:01
5.44645	-49.85208	0	56	2021-09-17T04:50:59
5.44720	-49.85556	0	56	2021-09-17T05:06:02
5.44741	-49.85668	0	56	2021-09-17T05:11:02
5.44732	-49.85788	0	56	2021-09-17T05:16:03
5.44705	-49.85924	0	56	2021-09-17T05:20:57
5.44688	-49.86053	0	56	2021-09-17T05:25:57
5.44649	-49.86182	0	56	2021-09-17T05:30:58
5.44613	-49.86307	0	56	2021-09-17T05:35:58
5.44562	-49.86449	0	56	2021-09-17T05:40:51
5.44532	-49.86535	0	56	2021-09-17T05:45:50
5.44485	-49.86655	0	56	2021-09-17T05:50:50
5.44441	-49.86765	0	56	2021-09-17T05:55:47
5.44388	-49.86882	0	56	2021-09-17T06:00:46
5.44345	-49.86985	0	56	2021-09-17T06:05:45
5.44306	-49.87079	0	56	2021-09-17T06:10:46
5.44265	-49.87183	0	56	2021-09-17T06:15:46
5.44225	-49.87291	0	56	2021-09-17T06:20:43
5.44195	-49.87403	0	56	2021-09-17T06:25:43
5.44169	-49.87515	0	56	2021-09-17T06:30:42
5.44144	-49.87631	0	56	2021-09-17T06:35:43
5.44008	-49.88324	0	56	2021-09-17T07:05:44
5.43987	-49.88436	0	56	2021-09-17T07:10:44
5.43953	-49.88556	0	56	2021-09-17T07:15:45
5.43928	-49.88679	0	56	2021-09-17T07:20:46
5.43898	-49.88791	0	56	2021-09-17T07:25:46
5.43852	-49.88920	0	56	2021-09-17T07:30:44
5.43813	-49.89032	0	56	2021-09-17T07:35:44
5.43773	-49.89163	0	56	2021-09-17T07:41:01
5.43741	-49.89270	0	56	2021-09-17T07:45:39
5.43704	-49.89396	0	56	2021-09-17T07:50:36
5.43674	-49.89508	0	56	2021-09-17T07:55:36
5.43612	-49.89742	0	56	2021-09-17T08:05:38
5.43578	-49.89854	0	56	2021-09-17T08:10:38
5.43535	-49.89966	0	56	2021-09-17T08:15:37
5.43499	-49.90082	0	56	2021-09-17T08:20:36
5.43403	-49.90413	0	56	2021-09-17T08:35:32
5.43364	-49.90542	0	56	2021-09-17T08:40:33
5.43325	-49.90628	0	56	2021-09-17T08:45:33
5.43275	-49.90719	0	56	2021-09-17T08:50:31
5.43254	-49.90839	0	56	2021-09-17T08:55:31
5.43205	-49.90933	0	56	2021-09-17T09:00:27
5.43094	-49.91136	0	56	2021-09-17T09:10:22
5.43047	-49.91248	0	56	2021-09-17T09:15:23
5.43000	-49.91351	0	56	2021-09-17T09:20:23
5.42892	-49.91573	0	56	2021-09-17T09:31:01
5.42849	-49.91676	0	56	2021-09-17T09:36:01
5.42802	-49.91788	0	56	2021-09-17T09:41:02
5.42764	-49.91873	0	56	2021-09-17T09:45:20
5.42479	-49.92569	0	56	2021-09-17T10:20:38
5.42440	-49.92655	0	56	2021-09-17T10:25:38
5.42419	-49.92749	0	56	2021-09-17T10:30:37
5.42246	-49.93167	0	56	2021-09-17T10:55:39
5.42212	-49.93276	0	56	2021-09-17T11:00:38
5.42165	-49.93362	0	56	2021-09-17T11:05:38
5.42124	-49.93450	0	56	2021-09-17T11:10:36
5.42081	-49.93536	0	56	2021-09-17T11:15:36
5.42033	-49.93606	0	56	2021-09-17T11:20:42
5.41999	-49.93675	0	56	2021-09-17T11:25:42
5.41948	-49.93735	0	56	2021-09-17T11:30:42
5.41900	-49.93811	0	56	2021-09-17T11:35:46
5.41817	-49.93947	0	56	2021-09-17T11:45:45
5.41783	-49.93998	0	56	2021-09-17T11:50:46
5.41744	-49.94058	0	56	2021-09-17T11:55:46
5.41656	-49.94189	0	56	2021-09-17T12:05:45
5.41622	-49.94249	0	56	2021-09-17T12:10:45
5.41571	-49.94318	0	56	2021-09-17T12:15:45
5.41523	-49.94393	0	56	2021-09-17T12:20:43
5.41484	-49.94453	0	56	2021-09-17T12:25:43
5.41437	-49.94522	0	56	2021-09-17T12:30:42
5.41391	-49.94604	0	56	2021-09-17T12:35:39
5.41278	-49.94830	0	56	2021-09-17T12:50:34
5.41238	-49.94897	0	56	2021-09-17T12:55:33
5.41133	-49.95095	0	56	2021-09-17T13:10:31
5.41099	-49.95164	0	56	2021-09-17T13:15:30
5.41078	-49.95233	0	56	2021-09-17T13:20:31
5.41175	-49.95492	0	56	2021-09-17T13:35:26
5.41201	-49.95586	0	56	2021-09-17T13:40:26
5.41235	-49.95663	0	56	2021-09-17T13:45:27
5.41253	-49.95742	0	56	2021-09-17T13:50:24
5.41244	-49.95802	0	56	2021-09-17T13:55:25
5.41274	-49.95871	0	56	2021-09-17T14:00:25
5.41341	-49.95941	0	56	2021-09-17T14:05:25
5.41438	-49.96081	0	56	2021-09-17T14:15:19
5.41511	-49.96141	0	56	2021-09-17T14:20:18
5.41550	-49.96201	0	56	2021-09-17T14:25:19
5.41574	-49.96268	0	56	2021-09-17T14:30:20
5.41654	-49.96341	0	56	2021-09-17T14:35:21
5.41782	-49.96405	0	56	2021-09-17T14:41:11
5.41849	-49.96463	0	56	2021-09-17T14:45:22
5.41918	-49.96534	0	56	2021-09-17T14:50:22
5.41914	-49.96585	0	56	2021-09-17T14:55:21
5.41974	-49.96619	0	56	2021-09-17T15:00:21
5.42144	-49.97025	0	56	2021-09-17T15:35:07
5.42153	-49.97102	0	56	2021-09-17T15:40:07
5.42162	-49.97153	0	56	2021-09-17T15:45:06
5.42243	-49.97311	0	56	2021-09-17T15:55:03
5.42320	-49.97405	0	56	2021-09-17T16:00:03
5.42371	-49.97491	0	56	2021-09-17T16:05:02
5.42394	-49.97577	0	56	2021-09-17T16:10:01
5.42398	-49.97659	0	56	2021-09-17T16:15:03
5.42560	-49.98212	0	56	2021-09-17T16:45:04
5.42556	-49.98272	0	56	2021-09-17T16:50:04
5.42552	-49.98349	0	56	2021-09-17T16:55:04
5.42560	-49.98507	0	56	2021-09-17T17:05:04
5.42573	-49.98576	0	56	2021-09-17T17:10:05
5.42612	-49.98645	0	56	2021-09-17T17:15:05
5.42680	-49.98792	0	56	2021-09-17T17:25:03
5.42727	-49.98869	0	56	2021-09-17T17:30:04
5.42813	-49.98920	0	56	2021-09-17T17:35:04
5.42965	-49.99065	0	56	2021-09-17T17:45:22
5.43008	-49.99116	0	56	2021-09-17T17:50:23
5.43038	-49.99167	0	56	2021-09-17T17:55:23
5.43072	-49.99216	0	56	2021-09-17T18:00:24
5.43231	-49.99414	0	56	2021-09-17T18:15:15
5.43273	-49.99478	0	56	2021-09-17T18:20:05
5.43299	-49.99521	0	56	2021-09-17T18:25:05
5.43338	-49.99564	0	56	2021-09-17T18:30:05
5.43671	-50.00082	0	56	2021-09-17T19:14:55
5.43735	-50.00287	0	56	2021-09-17T19:30:16
5.43774	-50.00338	0	56	2021-09-17T19:35:15
5.43787	-50.00381	0	56	2021-09-17T19:40:15
5.43813	-50.00412	0	56	2021-09-17T19:44:41
5.43839	-50.00446	0	56	2021-09-17T19:49:41
5.43859	-50.00500	0	56	2021-09-17T19:54:28
5.43893	-50.00534	0	56	2021-09-17T19:59:28
5.43923	-50.00577	0	56	2021-09-17T20:04:29
5.43969	-50.00604	0	56	2021-09-17T20:09:26
5.44032	-50.00625	0	56	2021-09-17T20:14:15
5.44075	-50.00642	0	56	2021-09-17T20:19:16
5.44105	-50.00668	0	56	2021-09-17T20:24:16
5.44175	-50.00705	0	56	2021-09-17T20:29:17
5.44272	-50.00758	0	56	2021-09-17T20:39:14
5.44326	-50.00766	0	56	2021-09-17T20:44:17
5.44392	-50.00818	0	56	2021-09-17T20:49:13
5.44556	-50.00885	0	56	2021-09-17T21:04:11
5.44652	-50.00942	0	56	2021-09-17T21:13:59
5.44669	-50.00976	0	56	2021-09-17T21:18:59
5.44712	-50.01019	0	56	2021-09-17T21:24:00
5.44764	-50.01053	0	56	2021-09-17T21:28:53
5.44955	-50.01140	0	56	2021-09-17T21:48:15
5.44994	-50.01157	0	56	2021-09-17T21:53:15
5.45020	-50.01157	0	56	2021-09-17T21:58:16
5.45066	-50.01126	0	56	2021-09-17T22:08:05
5.45066	-50.01117	0	56	2021-09-17T22:13:04
5.45053	-50.01117	0	56	2021-09-17T22:18:04
5.45069	-50.01110	0	56	2021-09-17T23:03:01
5.45060	-50.01110	0	56	2021-09-17T23:08:01
5.45051	-50.01093	0	56	2021-09-17T23:13:02
5.45011	-50.01079	0	56	2021-09-17T23:23:04
5.44981	-50.01079	0	56	2021-09-17T23:28:04
5.44964	-50.01053	0	56	2021-09-17T23:33:05
5.44926	-50.01050	0	56	2021-09-17T23:38:57
5.44875	-50.01031	0	56	2021-09-17T23:47:37
5.44858	-50.01031	0	56	2021-09-17T23:52:38
5.44849	-50.01031	0	56	2021-09-17T23:57:38
5.44823	-50.00977	0	56	2021-09-18T00:07:41
5.44797	-50.00960	0	56	2021-09-18T00:12:41
5.44797	-50.00934	0	56	2021-09-18T00:17:41
5.44733	-50.00912	0	56	2021-09-18T00:32:55
5.44712	-50.00903	0	56	2021-09-18T00:37:54
5.44703	-50.00894	0	56	2021-09-18T00:42:54
5.44665	-50.00880	0	56	2021-09-18T00:47:59
5.44639	-50.00871	0	56	2021-09-18T00:53:00
5.44605	-50.00854	0	56	2021-09-18T00:58:00
5.44528	-50.00824	0	56	2021-09-18T01:08:10
5.44485	-50.00815	0	56	2021-09-18T01:13:10
5.44459	-50.00815	0	56	2021-09-18T01:18:09
5.44411	-50.00806	0	56	2021-09-18T01:23:09
5.44379	-50.00797	0	56	2021-09-18T01:28:10
5.44327	-50.00781	0	56	2021-09-18T01:34:03
5.44288	-50.00790	0	56	2021-09-18T01:39:02
5.44238	-50.00793	0	56	2021-09-18T01:43:15
5.44141	-50.00771	0	56	2021-09-18T01:53:28
5.44102	-50.00780	0	56	2021-09-18T01:58:27
5.44059	-50.00806	0	56	2021-09-18T02:03:27
5.44011	-50.00827	0	56	2021-09-18T02:08:34
5.43937	-50.00847	0	56	2021-09-18T02:13:40
5.43877	-50.00847	0	56	2021-09-18T02:18:41
5.43830	-50.00864	0	56	2021-09-18T02:23:41
5.43722	-50.00915	0	56	2021-09-18T02:33:54
5.43645	-50.00932	0	56	2021-09-18T02:38:53
5.43594	-50.00949	0	56	2021-09-18T02:43:53
5.43517	-50.00974	0	56	2021-09-18T02:48:55
5.43086	-50.01114	0	56	2021-09-18T03:13:50
5.43013	-50.01131	0	56	2021-09-18T03:18:50
5.42931	-50.01157	0	56	2021-09-18T03:23:49
5.42846	-50.01199	0	56	2021-09-18T03:28:52
5.42764	-50.01233	0	56	2021-09-18T03:33:51
5.42657	-50.01278	0	56	2021-09-18T03:38:55
5.42567	-50.01321	0	56	2021-09-18T03:43:55
5.42481	-50.01355	0	56	2021-09-18T03:48:55
5.41869	-50.01605	0	56	2021-09-18T04:18:45
5.41753	-50.01648	0	56	2021-09-18T04:23:44
5.41654	-50.01691	0	56	2021-09-18T04:28:44
5.41549	-50.01740	0	56	2021-09-18T04:33:45
5.41449	-50.01791	0	56	2021-09-18T04:39:35
5.41368	-50.01830	0	56	2021-09-18T04:43:51
5.41287	-50.01877	0	56	2021-09-18T04:48:51
5.41204	-50.01941	0	56	2021-09-18T04:53:52
5.41129	-50.01993	0	56	2021-09-18T04:58:58
5.40941	-50.02122	0	56	2021-09-18T05:09:04
5.40842	-50.02165	0	56	2021-09-18T05:14:04
5.40756	-50.02225	0	56	2021-09-18T05:19:04
5.40663	-50.02271	0	56	2021-09-18T05:24:08
5.40554	-50.02343	0	56	2021-09-18T05:30:24
5.40466	-50.02396	0	56	2021-09-18T05:34:11
5.40352	-50.02454	0	56	2021-09-18T05:40:25
5.40087	-50.02651	0	56	2021-09-18T05:54:26
5.39993	-50.02720	0	56	2021-09-18T05:59:27
5.39903	-50.02780	0	56	2021-09-18T06:04:27
5.39799	-50.02848	0	56	2021-09-18T06:09:33
5.39722	-50.02908	0	56	2021-09-18T06:14:33
5.39535	-50.03030	0	56	2021-09-18T06:24:46
5.39462	-50.03099	0	56	2021-09-18T06:29:47
5.39380	-50.03168	0	56	2021-09-18T06:34:47
5.39223	-50.03278	0	56	2021-09-18T06:44:50
5.39046	-50.03407	0	56	2021-09-18T06:54:59
5.38969	-50.03450	0	56	2021-09-18T06:59:59
5.38879	-50.03510	0	56	2021-09-18T07:04:58
5.38734	-50.03630	0	56	2021-09-18T07:15:05
5.38657	-50.03681	0	56	2021-09-18T07:20:04
5.38580	-50.03741	0	56	2021-09-18T07:25:05
5.38440	-50.03872	0	56	2021-09-18T07:35:11
5.38359	-50.03943	0	56	2021-09-18T07:41:00
5.38302	-50.03992	0	56	2021-09-18T07:45:12
5.38236	-50.04059	0	56	2021-09-18T07:50:13
5.38075	-50.04186	0	56	2021-09-18T08:00:26
5.38009	-50.04245	0	56	2021-09-18T08:05:25
5.37933	-50.04297	0	56	2021-09-18T08:10:26
5.37786	-50.04400	0	56	2021-09-18T08:20:41
5.37700	-50.04443	0	56	2021-09-18T08:25:42
5.37627	-50.04477	0	56	2021-09-18T08:30:42
5.37425	-50.04641	0	56	2021-09-18T08:45:53
5.37353	-50.04672	0	56	2021-09-18T08:50:53
5.37305	-50.04718	0	56	2021-09-18T08:55:54
5.37242	-50.04758	0	56	2021-09-18T09:00:52
5.37194	-50.04800	0	56	2021-09-18T09:05:53
5.37087	-50.04879	0	56	2021-09-18T09:15:45
5.37031	-50.04913	0	56	2021-09-18T09:20:44
5.36980	-50.04947	0	56	2021-09-18T09:25:44
5.36933	-50.04987	0	56	2021-09-18T09:30:41
5.36362	-50.05651	0	56	2021-09-18T10:25:39
5.36311	-50.05702	0	56	2021-09-18T10:30:40
5.36272	-50.05771	0	56	2021-09-18T10:35:40
5.36225	-50.05829	0	56	2021-09-18T10:41:11
5.36188	-50.05887	0	56	2021-09-18T10:45:45
5.36142	-50.05968	0	56	2021-09-18T10:50:51
5.36103	-50.06045	0	56	2021-09-18T10:55:52
5.36052	-50.06122	0	56	2021-09-18T11:00:52
5.35806	-50.06659	0	56	2021-09-18T11:31:09
5.35767	-50.06736	0	56	2021-09-18T11:36:10
5.35758	-50.06839	0	56	2021-09-18T11:41:10
5.35730	-50.06937	0	56	2021-09-18T11:45:41
5.35687	-50.07037	0	56	2021-09-18T11:50:34
5.35653	-50.07123	0	56	2021-09-18T11:55:35
5.35622	-50.07214	0	56	2021-09-18T12:00:33
5.35592	-50.07312	0	56	2021-09-18T12:05:25
5.35562	-50.07406	0	56	2021-09-18T12:10:25
5.35515	-50.07492	0	56	2021-09-18T12:15:24
5.35324	-50.07953	0	56	2021-09-18T12:40:40
5.35221	-50.08212	0	56	2021-09-18T12:54:54
5.35185	-50.08310	0	56	2021-09-18T12:59:51
5.35150	-50.08394	0	56	2021-09-18T13:04:54
5.35124	-50.08463	0	56	2021-09-18T13:09:54
5.35099	-50.08548	0	56	2021-09-18T13:14:55
5.35069	-50.08631	0	56	2021-09-18T13:20:02
5.35053	-50.08694	0	56	2021-09-18T13:25:01
5.35013	-50.08777	0	56	2021-09-18T13:30:01
5.34959	-50.08985	0	56	2021-09-18T13:39:52
5.34937	-50.09033	0	56	2021-09-18T13:44:56
5.34912	-50.09113	0	56	2021-09-18T13:49:53
5.34801	-50.09439	0	56	2021-09-18T14:09:52
5.34754	-50.09615	0	56	2021-09-18T14:20:14
5.34737	-50.09684	0	56	2021-09-18T14:25:14
5.34720	-50.09753	0	56	2021-09-18T14:30:14
5.34699	-50.09833	0	56	2021-09-18T14:35:16
5.34686	-50.09937	0	56	2021-09-18T14:40:56
5.34675	-50.10016	0	56	2021-09-18T14:45:26
5.34659	-50.10104	0	56	2021-09-18T14:50:33
5.34647	-50.10249	0	56	2021-09-18T15:00:50
5.34651	-50.10326	0	56	2021-09-18T15:05:49
5.34655	-50.10403	0	56	2021-09-18T15:10:49
5.34673	-50.10532	0	56	2021-09-18T15:20:40
5.34676	-50.10603	0	56	2021-09-18T15:25:29
5.34676	-50.10654	0	56	2021-09-18T15:30:29
5.34704	-50.10700	0	56	2021-09-18T15:35:54
5.34717	-50.10794	0	56	2021-09-18T15:40:55
5.34732	-50.10840	0	56	2021-09-18T15:45:09
5.34753	-50.10886	0	56	2021-09-18T15:50:02
5.34775	-50.10925	0	56	2021-09-18T15:54:59
5.34785	-50.10968	0	56	2021-09-18T15:59:49
5.34824	-50.11011	0	56	2021-09-18T16:04:49
5.34847	-50.11072	0	56	2021-09-18T16:09:27
5.34843	-50.11115	0	56	2021-09-18T16:14:28
5.34826	-50.11166	0	56	2021-09-18T16:19:28
5.34827	-50.11229	0	56	2021-09-18T16:24:00
5.34831	-50.11280	0	56	2021-09-18T16:29:00
5.34822	-50.11331	0	56	2021-09-18T16:34:00
5.34797	-50.11399	0	56	2021-09-18T16:38:46
5.34780	-50.11459	0	56	2021-09-18T16:43:46
5.34782	-50.11535	0	56	2021-09-18T16:48:24
5.34791	-50.11612	0	56	2021-09-18T16:53:24
5.34789	-50.11688	0	56	2021-09-18T16:58:11
5.34789	-50.11755	0	56	2021-09-18T17:02:57
5.34809	-50.11846	0	56	2021-09-18T17:07:38
5.34839	-50.11915	0	56	2021-09-18T17:12:39
5.34843	-50.12009	0	56	2021-09-18T17:17:39
5.34834	-50.12100	0	56	2021-09-18T17:22:45
5.34830	-50.12194	0	56	2021-09-18T17:27:57
5.34826	-50.12280	0	56	2021-09-18T17:32:57
5.34813	-50.12361	0	56	2021-09-18T17:38:10
5.34796	-50.12430	0	56	2021-09-18T17:43:11
5.34790	-50.12522	0	56	2021-09-18T17:48:18
5.34773	-50.12616	0	56	2021-09-18T17:53:17
5.34750	-50.12704	0	56	2021-09-18T17:58:25
5.34698	-50.12964	0	56	2021-09-18T18:13:47
5.34697	-50.13058	0	56	2021-09-18T18:18:44
5.34677	-50.13144	0	56	2021-09-18T18:23:48
5.34650	-50.13219	0	56	2021-09-18T18:29:28
5.34633	-50.13296	0	56	2021-09-18T18:34:29
5.34624	-50.13382	0	56	2021-09-18T18:39:29
5.34609	-50.13446	0	56	2021-09-18T18:44:00
5.34600	-50.13535	0	56	2021-09-18T18:49:08
5.34596	-50.13629	0	56	2021-09-18T18:54:08
5.34602	-50.13717	0	56	2021-09-18T18:59:10
5.34602	-50.13803	0	56	2021-09-18T19:04:11
5.34608	-50.13910	0	56	2021-09-18T19:09:14
5.34644	-50.14008	0	56	2021-09-18T19:14:15
5.34689	-50.14102	0	56	2021-09-18T19:19:17
5.34680	-50.14195	0	56	2021-09-18T19:24:23
5.34676	-50.14289	0	56	2021-09-18T19:29:23
5.34697	-50.14392	0	56	2021-09-18T19:34:24
5.34697	-50.14519	0	56	2021-09-18T19:39:35
5.34697	-50.14605	0	56	2021-09-18T19:44:34
5.34693	-50.14691	0	56	2021-09-18T19:49:34
5.34693	-50.14777	0	56	2021-09-18T19:54:35
5.34706	-50.14874	0	56	2021-09-18T19:59:48
5.34727	-50.14968	0	56	2021-09-18T20:04:48
5.34736	-50.15045	0	56	2021-09-18T20:09:49
5.34739	-50.15115	0	56	2021-09-18T20:14:54
5.34737	-50.15211	0	56	2021-09-18T20:20:01
5.34746	-50.15280	0	56	2021-09-18T20:25:00
5.34748	-50.15353	0	56	2021-09-18T20:30:07
5.34779	-50.15531	0	56	2021-09-18T20:40:06
5.34800	-50.15600	0	56	2021-09-18T20:45:07
5.34813	-50.15677	0	56	2021-09-18T20:50:07
5.34846	-50.15759	0	56	2021-09-18T20:55:08
5.34893	-50.15857	0	56	2021-09-18T21:00:09
5.34927	-50.15934	0	56	2021-09-18T21:05:09
5.34940	-50.16003	0	56	2021-09-18T21:10:08
5.34955	-50.16052	0	56	2021-09-18T21:15:08
5.34996	-50.16151	0	56	2021-09-18T21:20:12
5.35005	-50.16220	0	56	2021-09-18T21:25:12
5.35028	-50.16296	0	56	2021-09-18T21:30:14
5.35049	-50.16357	0	56	2021-09-18T21:35:15
5.35080	-50.16518	0	56	2021-09-18T21:44:58
5.35089	-50.16578	0	56	2021-09-18T21:49:58
5.35080	-50.16638	0	56	2021-09-18T21:54:58
5.35081	-50.16724	0	56	2021-09-18T21:59:51
5.35062	-50.16797	0	56	2021-09-18T22:04:48
5.35038	-50.16876	0	56	2021-09-18T22:09:45
5.35059	-50.17139	0	56	2021-09-18T22:24:44
5.35080	-50.17208	0	56	2021-09-18T22:29:43
5.35084	-50.17294	0	56	2021-09-18T22:34:43
5.35090	-50.17398	0	56	2021-09-18T22:40:07
5.35082	-50.17468	0	56	2021-09-18T22:44:29
5.35084	-50.17565	0	56	2021-09-18T22:49:07
5.35084	-50.17625	0	56	2021-09-18T22:54:08
5.35101	-50.17685	0	56	2021-09-18T22:59:08
5.35120	-50.17743	0	56	2021-09-18T23:04:01
5.35124	-50.17798	0	56	2021-09-18T23:08:50
5.35173	-50.17862	0	56	2021-09-18T23:13:43
5.35209	-50.17923	0	56	2021-09-18T23:18:30
5.35190	-50.17978	0	56	2021-09-18T23:23:19
5.35208	-50.18046	0	56	2021-09-18T23:28:12
5.35208	-50.18089	0	56	2021-09-18T23:33:12
5.35195	-50.18140	0	56	2021-09-18T23:38:11
5.35229	-50.18188	0	56	2021-09-18T23:42:32
5.35223	-50.18241	0	56	2021-09-18T23:47:48
5.35232	-50.18292	0	56	2021-09-18T23:52:48
5.35250	-50.18353	0	56	2021-09-18T23:57:39
5.35251	-50.18399	0	56	2021-09-19T00:02:42
5.35280	-50.18453	0	56	2021-09-19T00:07:52
5.35310	-50.18496	0	56	2021-09-19T00:12:53
5.35323	-50.18530	0	56	2021-09-19T00:17:53
5.35347	-50.18558	0	56	2021-09-19T00:22:51
5.35490	-50.18663	0	56	2021-09-19T00:37:57
5.35520	-50.18680	0	56	2021-09-19T00:42:57
5.35563	-50.18680	0	56	2021-09-19T00:47:56
5.35589	-50.18680	0	56	2021-09-19T00:53:02
5.35681	-50.18698	0	56	2021-09-19T01:03:14
5.35724	-50.18689	0	56	2021-09-19T01:08:14
5.35763	-50.18689	0	56	2021-09-19T01:13:15
5.35829	-50.18697	0	56	2021-09-19T01:23:31
5.35844	-50.18704	0	56	2021-09-19T01:28:29
5.35880	-50.18732	0	56	2021-09-19T01:33:30
5.35944	-50.18790	0	56	2021-09-19T01:38:58
5.36009	-50.18837	0	56	2021-09-19T01:43:46
5.36060	-50.18863	0	56	2021-09-19T01:48:45
5.36110	-50.18887	0	56	2021-09-19T01:53:48
5.36168	-50.18925	0	56	2021-09-19T01:58:46
5.36215	-50.18951	0	56	2021-09-19T02:03:46
5.36242	-50.18982	0	56	2021-09-19T02:08:40
5.36383	-50.19168	0	56	2021-09-19T02:23:41
5.36414	-50.19217	0	56	2021-09-19T02:28:38
5.36447	-50.19296	0	56	2021-09-19T02:33:40
5.36476	-50.19348	0	56	2021-09-19T02:39:16
5.36495	-50.19401	0	56	2021-09-19T02:43:52
5.36512	-50.19452	0	56	2021-09-19T02:48:51
5.36504	-50.19501	0	56	2021-09-19T02:53:55
5.36539	-50.19616	0	56	2021-09-19T03:04:04
5.36552	-50.19659	0	56	2021-09-19T03:09:05
5.36552	-50.19702	0	56	2021-09-19T03:14:05
5.36532	-50.19892	0	56	2021-09-19T03:30:44
5.36528	-50.19935	0	56	2021-09-19T03:35:43
5.36502	-50.19995	0	56	2021-09-19T03:40:43
5.36501	-50.20041	0	56	2021-09-19T03:44:23
5.36480	-50.20090	0	56	2021-09-19T03:49:28
5.36473	-50.20142	0	56	2021-09-19T03:54:31
5.36449	-50.20178	0	56	2021-09-19T03:59:32
5.36384	-50.20283	0	56	2021-09-19T04:09:50
5.36348	-50.20328	0	56	2021-09-19T04:14:44
5.36311	-50.20386	0	56	2021-09-19T04:19:51
5.36289	-50.20465	0	56	2021-09-19T04:24:53
5.36259	-50.20523	0	56	2021-09-19T04:29:57
5.36234	-50.20585	0	56	2021-09-19T04:35:33
5.36200	-50.20654	0	56	2021-09-19T04:40:34
5.36174	-50.20703	0	56	2021-09-19T04:44:52
5.36134	-50.20756	0	56	2021-09-19T04:49:38
5.36104	-50.20799	0	56	2021-09-19T04:54:39
5.36074	-50.20850	0	56	2021-09-19T04:59:39
5.36046	-50.20892	0	56	2021-09-19T05:04:35
5.36014	-50.20950	0	56	2021-09-19T05:09:41
5.35984	-50.20993	0	56	2021-09-19T05:14:41
5.35954	-50.21036	0	56	2021-09-19T05:19:40
5.35927	-50.21082	0	56	2021-09-19T05:24:41
5.35897	-50.21151	0	56	2021-09-19T05:30:27
5.35867	-50.21202	0	56	2021-09-19T05:35:27
5.35846	-50.21271	0	56	2021-09-19T05:40:26
5.35821	-50.21326	0	56	2021-09-19T05:44:47
5.35800	-50.21389	0	56	2021-09-19T05:49:40
5.35787	-50.21449	0	56	2021-09-19T05:54:41
5.35778	-50.21518	0	56	2021-09-19T05:59:41
5.35769	-50.21594	0	56	2021-09-19T06:04:39
5.35760	-50.21661	0	56	2021-09-19T06:09:32
5.35757	-50.21737	0	56	2021-09-19T06:14:33
5.35748	-50.21814	0	56	2021-09-19T06:19:34
5.35737	-50.21905	0	56	2021-09-19T06:24:43
5.35733	-50.21991	0	56	2021-09-19T06:29:43
5.35741	-50.22099	0	56	2021-09-19T06:34:49
5.35808	-50.22189	0	56	2021-09-19T06:40:24
5.35883	-50.22253	0	56	2021-09-19T06:44:50
5.35933	-50.22327	0	56	2021-09-19T06:49:53
5.35982	-50.22406	0	56	2021-09-19T06:54:55
5.36075	-50.22482	0	56	2021-09-19T06:59:55
5.36193	-50.22571	0	56	2021-09-19T07:04:57
5.36298	-50.22648	0	56	2021-09-19T07:09:59
5.36311	-50.22699	0	56	2021-09-19T07:14:59
5.36321	-50.22766	0	56	2021-09-19T07:19:52
5.36391	-50.22824	0	56	2021-09-19T07:24:42
5.36438	-50.22888	0	56	2021-09-19T07:29:31
5.36476	-50.22952	0	56	2021-09-19T07:34:24
5.36575	-50.23126	0	56	2021-09-19T07:44:01
5.36631	-50.23220	0	56	2021-09-19T07:49:00
5.36691	-50.23306	0	56	2021-09-19T07:54:00
5.36720	-50.23390	0	56	2021-09-19T07:59:13
5.36754	-50.23467	0	56	2021-09-19T08:04:13
5.36797	-50.23544	0	56	2021-09-19T08:09:13
5.36816	-50.23624	0	56	2021-09-19T08:14:15
5.36853	-50.23706	0	56	2021-09-19T08:19:16
5.36892	-50.23794	0	56	2021-09-19T08:24:29
5.36918	-50.23871	0	56	2021-09-19T08:29:29
5.36979	-50.23947	0	56	2021-09-19T08:34:38
5.37059	-50.24044	0	56	2021-09-19T08:40:01
5.37119	-50.24104	0	56	2021-09-19T08:45:00
5.37175	-50.24173	0	56	2021-09-19T08:50:00
5.37225	-50.24243	0	56	2021-09-19T08:55:04
5.37266	-50.24286	0	56	2021-09-19T09:00:13
5.37326	-50.24329	0	56	2021-09-19T09:05:14
5.37388	-50.24359	0	56	2021-09-19T09:10:19
5.37457	-50.24396	0	56	2021-09-19T09:15:32
5.37496	-50.24422	0	56	2021-09-19T09:20:32
5.37560	-50.24448	0	56	2021-09-19T09:25:33
5.37623	-50.24481	0	56	2021-09-19T09:30:34
5.37685	-50.24506	0	56	2021-09-19T09:35:34
5.37859	-50.24621	0	56	2021-09-19T09:50:38
5.37910	-50.24647	0	56	2021-09-19T09:55:38
5.37979	-50.24673	0	56	2021-09-19T10:00:39
5.38052	-50.24707	0	56	2021-09-19T10:05:43
5.38190	-50.24774	0	56	2021-09-19T10:15:49
5.38259	-50.24806	0	56	2021-09-19T10:20:54
5.38289	-50.24832	0	56	2021-09-19T10:25:55
5.38342	-50.24858	0	56	2021-09-19T10:30:55
5.38389	-50.24875	0	56	2021-09-19T10:35:56
5.38433	-50.24905	0	56	2021-09-19T10:41:27
5.38468	-50.24918	0	56	2021-09-19T10:45:47
5.38548	-50.24978	0	56	2021-09-19T10:55:44
5.38574	-50.24991	0	56	2021-09-19T11:00:41
5.38604	-50.25012	0	56	2021-09-19T11:05:43
5.38654	-50.25043	0	56	2021-09-19T11:10:43
5.38698	-50.25061	0	56	2021-09-19T11:15:46
5.38723	-50.25073	0	56	2021-09-19T11:20:45
5.38798	-50.25143	0	56	2021-09-19T11:31:25
5.38841	-50.25160	0	56	2021-09-19T11:36:26
5.38880	-50.25177	0	56	2021-09-19T11:41:26
5.38907	-50.25192	0	56	2021-09-19T11:45:49
5.38944	-50.25218	0	56	2021-09-19T11:50:50
5.38978	-50.25235	0	56	2021-09-19T11:55:51
5.39002	-50.25256	0	56	2021-09-19T12:00:52
5.39091	-50.25381	0	56	2021-09-19T12:15:58
5.39121	-50.25424	0	56	2021-09-19T12:20:58
5.39155	-50.25467	0	56	2021-09-19T12:25:58
5.39185	-50.25506	0	56	2021-09-19T12:31:00
5.39202	-50.25540	0	56	2021-09-19T12:36:00
5.39213	-50.25580	0	56	2021-09-19T12:41:24
5.39245	-50.25607	0	56	2021-09-19T12:46:10
5.39254	-50.25641	0	56	2021-09-19T12:51:09
5.39267	-50.25684	0	56	2021-09-19T12:56:16
5.39295	-50.25738	0	56	2021-09-19T13:01:33
5.39304	-50.25764	0	56	2021-09-19T13:06:33
5.39313	-50.25790	0	56	2021-09-19T13:11:33
5.39341	-50.25833	0	56	2021-09-19T13:16:36
5.39366	-50.25869	0	56	2021-09-19T13:21:36
5.39375	-50.25903	0	56	2021-09-19T13:26:37
5.39387	-50.25934	0	56	2021-09-19T13:31:40
5.39392	-50.25961	0	56	2021-09-19T13:36:39
5.39406	-50.25995	0	56	2021-09-19T13:42:10
5.39426	-50.26027	0	56	2021-09-19T13:46:39
5.39435	-50.26053	0	56	2021-09-19T13:51:38
5.39450	-50.26083	0	56	2021-09-19T13:56:34
5.39482	-50.26124	0	56	2021-09-19T14:01:17
5.39499	-50.26158	0	56	2021-09-19T14:06:17
5.39512	-50.26184	0	56	2021-09-19T14:11:18
5.39536	-50.26221	0	56	2021-09-19T14:16:10
5.39569	-50.26260	0	56	2021-09-19T14:21:07
5.39582	-50.26294	0	56	2021-09-19T14:26:06
5.39595	-50.26337	0	56	2021-09-19T14:31:06
5.39612	-50.26376	0	56	2021-09-19T14:36:10
5.39613	-50.26413	0	56	2021-09-19T14:41:37
5.39640	-50.26445	0	56	2021-09-19T14:46:17
5.39657	-50.26471	0	56	2021-09-19T14:51:17
5.39699	-50.26532	0	56	2021-09-19T15:01:34
5.39712	-50.26549	0	56	2021-09-19T15:06:34
5.39729	-50.26566	0	56	2021-09-19T15:11:34
5.39759	-50.26590	0	56	2021-09-19T15:16:39
5.39773	-50.26611	0	56	2021-09-19T15:21:45
5.39786	-50.26628	0	56	2021-09-19T15:26:45
5.39799	-50.26645	0	56	2021-09-19T15:31:44
5.39816	-50.26694	0	56	2021-09-19T15:42:08
5.39834	-50.26746	0	56	2021-09-19T15:56:35
5.39843	-50.26755	0	56	2021-09-19T16:01:34
5.39847	-50.26764	0	56	2021-09-19T16:06:34
5.39882	-50.26764	0	56	2021-09-19T16:11:30
5.39903	-50.26764	0	56	2021-09-19T16:16:30
5.39920	-50.26773	0	56	2021-09-19T16:21:29
5.39960	-50.26776	0	56	2021-09-19T16:26:29
5.40012	-50.26791	0	56	2021-09-19T16:31:31
5.40036	-50.26817	0	56	2021-09-19T16:37:10
5.40036	-50.26834	0	56	2021-09-19T16:42:10
5.40042	-50.26855	0	56	2021-09-19T16:46:43
5.40066	-50.26871	0	56	2021-09-19T16:51:48
5.40097	-50.26906	0	56	2021-09-19T16:56:57
5.40131	-50.26932	0	56	2021-09-19T17:01:57
5.40184	-50.26956	0	56	2021-09-19T17:07:00
5.40223	-50.27000	0	56	2021-09-19T17:12:19
5.40240	-50.27034	0	56	2021-09-19T17:17:19
5.40249	-50.27060	0	56	2021-09-19T17:22:18
5.40249	-50.27103	0	56	2021-09-19T17:27:22
5.40259	-50.27154	0	56	2021-09-19T17:32:54
5.40263	-50.27188	0	56	2021-09-19T17:37:55
5.40267	-50.27222	0	56	2021-09-19T17:42:55
5.40265	-50.27255	0	56	2021-09-19T17:47:34
5.40272	-50.27450	0	56	2021-09-19T18:07:55
5.40272	-50.27493	0	56	2021-09-19T18:12:55
5.40259	-50.27536	0	56	2021-09-19T18:17:54
5.40251	-50.27588	0	56	2021-09-19T18:23:01
5.40238	-50.27631	0	56	2021-09-19T18:28:00
5.40223	-50.27679	0	56	2021-09-19T18:33:09
5.40212	-50.27716	0	56	2021-09-19T18:38:12
5.40198	-50.27753	0	56	2021-09-19T18:43:40
5.40189	-50.27789	0	56	2021-09-19T18:48:13
5.40170	-50.27826	0	56	2021-09-19T18:53:14
5.40160	-50.27863	0	56	2021-09-19T18:58:12
5.40049	-50.28040	0	56	2021-09-19T19:18:16
5.40028	-50.28076	0	56	2021-09-19T19:23:21
5.39998	-50.28113	0	56	2021-09-19T19:28:24
5.39975	-50.28152	0	56	2021-09-19T19:33:33
5.39966	-50.28186	0	56	2021-09-19T19:38:33
5.39927	-50.28230	0	56	2021-09-19T19:43:34
5.39910	-50.28256	0	56	2021-09-19T19:48:33
5.39884	-50.28265	0	56	2021-09-19T19:53:33
5.39862	-50.28293	0	56	2021-09-19T19:58:29
5.39786	-50.28461	0	56	2021-09-19T20:23:20
5.39773	-50.28497	0	56	2021-09-19T20:28:22
5.39760	-50.28540	0	56	2021-09-19T20:33:21
5.39738	-50.28658	0	56	2021-09-19T20:43:26
5.39734	-50.28692	0	56	2021-09-19T20:48:26
5.39717	-50.28726	0	56	2021-09-19T20:53:25
5.39706	-50.28775	0	56	2021-09-19T20:58:25
5.39585	-50.29004	0	56	2021-09-19T21:23:34
5.39512	-50.29272	0	56	2021-09-19T21:53:46
5.39495	-50.29306	0	56	2021-09-19T21:58:47
5.39486	-50.29349	0	56	2021-09-19T22:03:47
5.39467	-50.29385	0	56	2021-09-19T22:08:49
5.39425	-50.29476	0	56	2021-09-19T22:18:50
5.39408	-50.29519	0	56	2021-09-19T22:23:51
5.39387	-50.29553	0	56	2021-09-19T22:28:51
5.39364	-50.29608	0	56	2021-09-19T22:33:53
5.39331	-50.29661	0	56	2021-09-19T22:40:29
5.39301	-50.29730	0	56	2021-09-19T22:45:28
5.39287	-50.29755	0	56	2021-09-19T22:49:03
5.39257	-50.29809	0	56	2021-09-19T22:54:12
5.39236	-50.29852	0	56	2021-09-19T22:59:13
5.39197	-50.29886	0	56	2021-09-19T23:04:13
5.39152	-50.29935	0	56	2021-09-19T23:09:21
5.38997	-50.30120	0	56	2021-09-19T23:36:10
5.38976	-50.30163	0	56	2021-09-19T23:41:10
5.38946	-50.30197	0	56	2021-09-19T23:46:09
5.38907	-50.30264	0	56	2021-09-19T23:55:08
5.38893	-50.30341	0	56	2021-09-20T00:00:33
5.38844	-50.30431	0	56	2021-09-20T00:10:21
5.38819	-50.30466	0	56	2021-09-20T00:15:23
5.38801	-50.30508	0	56	2021-09-20T00:20:20
5.38773	-50.30554	0	56	2021-09-20T00:25:20
5.38744	-50.30612	0	56	2021-09-20T00:30:22
5.38696	-50.30661	0	56	2021-09-20T00:35:19
5.38657	-50.30695	0	56	2021-09-20T00:40:20
5.38614	-50.30733	0	56	2021-09-20T00:45:27
5.38588	-50.30759	0	56	2021-09-20T00:50:26
5.38563	-50.30777	0	56	2021-09-20T00:55:26
5.38527	-50.30814	0	56	2021-09-20T01:00:31
5.38490	-50.30861	0	56	2021-09-20T01:05:35
5.38473	-50.30887	0	56	2021-09-20T01:10:35
5.38462	-50.30916	0	56	2021-09-20T01:15:38
5.38436	-50.30942	0	56	2021-09-20T01:20:38
5.38406	-50.30963	0	56	2021-09-20T01:25:38
5.38378	-50.30991	0	56	2021-09-20T01:30:40
5.38353	-50.31018	0	56	2021-09-20T01:35:44
5.38324	-50.31049	0	56	2021-09-20T01:40:45
5.38256	-50.31112	0	56	2021-09-20T01:50:29
5.38235	-50.31138	0	56	2021-09-20T01:55:29
5.38226	-50.31155	0	56	2021-09-20T02:00:30
5.38226	-50.31178	0	56	2021-09-20T02:05:22
5.38226	-50.31195	0	56	2021-09-20T02:10:21
5.38226	-50.31204	0	56	2021-09-20T02:15:21
5.38226	-50.31232	0	56	2021-09-20T02:20:24
5.38221	-50.31274	0	56	2021-09-20T02:25:27
5.38221	-50.31291	0	56	2021-09-20T02:30:27
5.38225	-50.31317	0	56	2021-09-20T02:35:28
5.38218	-50.31359	0	56	2021-09-20T02:40:25
5.38218	-50.31376	0	56	2021-09-20T02:45:25
5.38214	-50.31393	0	56	2021-09-20T02:50:25
5.38183	-50.31491	0	56	2021-09-20T03:10:03
5.38179	-50.31508	0	56	2021-09-20T03:15:03
5.38162	-50.31534	0	56	2021-09-20T03:20:02
5.38136	-50.31567	0	56	2021-09-20T03:25:02
5.38098	-50.31654	0	56	2021-09-20T03:35:30
5.38072	-50.31697	0	56	2021-09-20T03:40:30
5.38059	-50.31757	0	56	2021-09-20T03:45:29
5.38058	-50.31815	0	56	2021-09-20T03:50:07
5.38047	-50.31878	0	56	2021-09-20T03:57:03
5.38026	-50.31964	0	56	2021-09-20T04:02:03
5.38000	-50.32065	0	56	2021-09-20T04:10:26
5.37979	-50.32136	0	56	2021-09-20T04:15:34
5.37966	-50.32187	0	56	2021-09-20T04:20:34
5.37946	-50.32248	0	56	2021-09-20T04:25:38
5.37926	-50.32309	0	56	2021-09-20T04:30:40
5.37867	-50.32546	0	56	2021-09-20T04:45:35
5.37850	-50.32597	0	56	2021-09-20T04:50:36
5.37829	-50.32666	0	56	2021-09-20T04:55:36
5.37803	-50.32756	0	56	2021-09-20T05:00:32
5.37782	-50.32842	0	56	2021-09-20T05:05:31
5.37769	-50.32919	0	56	2021-09-20T05:10:32
5.37725	-50.33092	0	56	2021-09-20T05:20:18
5.37708	-50.33169	0	56	2021-09-20T05:25:18
5.37691	-50.33255	0	56	2021-09-20T05:30:18
5.37664	-50.33344	0	56	2021-09-20T05:35:09
5.37644	-50.33423	0	56	2021-09-20T05:40:04
5.37625	-50.33514	0	56	2021-09-20T05:45:25
5.37586	-50.33672	0	56	2021-09-20T05:54:26
5.37569	-50.33749	0	56	2021-09-20T05:59:27
5.37552	-50.33826	0	56	2021-09-20T06:04:27
5.37534	-50.33902	0	56	2021-09-20T06:09:20
5.37518	-50.33981	0	56	2021-09-20T06:14:09
5.37482	-50.34136	0	56	2021-09-20T06:23:45
5.37473	-50.34205	0	56	2021-09-20T06:28:45
5.37473	-50.34274	0	56	2021-09-20T06:33:45
5.37483	-50.34429	0	56	2021-09-20T06:43:53
5.37474	-50.34480	0	56	2021-09-20T06:48:53
5.37465	-50.34540	0	56	2021-09-20T06:53:54
5.37458	-50.34595	0	56	2021-09-20T06:58:54
5.37463	-50.34652	0	56	2021-09-20T07:03:56
5.37429	-50.34703	0	56	2021-09-20T07:08:56
5.37399	-50.34772	0	56	2021-09-20T07:13:57
5.37150	-50.35268	0	56	2021-09-20T07:49:19
5.37120	-50.35337	0	56	2021-09-20T07:54:19
5.37086	-50.35406	0	56	2021-09-20T07:59:19
5.37042	-50.35491	0	56	2021-09-20T08:04:24
5.37003	-50.35551	0	56	2021-09-20T08:09:23
5.36960	-50.35611	0	56	2021-09-20T08:14:23
5.36921	-50.35684	0	56	2021-09-20T08:19:27
5.36878	-50.35751	0	56	2021-09-20T08:24:32
5.36836	-50.35818	0	56	2021-09-20T08:29:37
5.36793	-50.35878	0	56	2021-09-20T08:34:38
5.36754	-50.35938	0	56	2021-09-20T08:39:38
5.36673	-50.36077	0	56	2021-09-20T08:49:44
5.36644	-50.36136	0	56	2021-09-20T08:54:45
5.36617	-50.36197	0	56	2021-09-20T08:59:45
5.36591	-50.36255	0	56	2021-09-20T09:04:47
5.36518	-50.36469	0	56	2021-09-20T09:24:49
5.36499	-50.36529	0	56	2021-09-20T09:29:46
5.36482	-50.36572	0	56	2021-09-20T09:34:45
5.36478	-50.36615	0	56	2021-09-20T09:39:45
5.36459	-50.36673	0	56	2021-09-20T09:44:50
5.36455	-50.36716	0	56	2021-09-20T09:49:51
5.36448	-50.36758	0	56	2021-09-20T09:54:54
5.36445	-50.36807	0	56	2021-09-20T09:59:59
5.36440	-50.36850	0	56	2021-09-20T10:05:00
5.36446	-50.36893	0	56	2021-09-20T10:10:05
5.36467	-50.37118	0	56	2021-09-20T10:35:57
5.36458	-50.37144	0	56	2021-09-20T10:40:57
5.36449	-50.37170	0	56	2021-09-20T10:45:58
5.36450	-50.37207	0	56	2021-09-20T10:50:25
5.36446	-50.37260	0	56	2021-09-20T10:55:44
5.36437	-50.37286	0	56	2021-09-20T11:00:44
5.36433	-50.37329	0	56	2021-09-20T11:05:43
5.36434	-50.37381	0	56	2021-09-20T11:10:48
5.36436	-50.37427	0	56	2021-09-20T11:16:08
5.36436	-50.37470	0	56	2021-09-20T11:21:08
5.36436	-50.37521	0	56	2021-09-20T11:26:09
5.36438	-50.37567	0	56	2021-09-20T11:31:09
5.36450	-50.37621	0	56	2021-09-20T11:36:38
5.36450	-50.37672	0	56	2021-09-20T11:41:38
5.36467	-50.37732	0	56	2021-09-20T11:46:39
5.36475	-50.37781	0	56	2021-09-20T11:51:10
5.36493	-50.37841	0	56	2021-09-20T11:56:07
5.36506	-50.37901	0	56	2021-09-20T12:01:07
5.36510	-50.37961	0	56	2021-09-20T12:06:08
5.36528	-50.38019	0	56	2021-09-20T12:11:06
5.36549	-50.38080	0	56	2021-09-20T12:16:02
5.36558	-50.38138	0	56	2021-09-20T12:20:58
5.36584	-50.38193	0	56	2021-09-20T12:25:56
5.36606	-50.38259	0	56	2021-09-20T12:31:00
5.36624	-50.38309	0	56	2021-09-20T12:35:56
5.36636	-50.38370	0	56	2021-09-20T12:40:59
5.36646	-50.38428	0	56	2021-09-20T12:46:25
5.36644	-50.38486	0	56	2021-09-20T12:51:01
5.36642	-50.38544	0	56	2021-09-20T12:56:05
5.36645	-50.38605	0	56	2021-09-20T13:01:06
5.36642	-50.38738	0	56	2021-09-20T13:11:06
5.36638	-50.38789	0	56	2021-09-20T13:16:05
5.36638	-50.38840	0	56	2021-09-20T13:21:05
5.36623	-50.39099	0	56	2021-09-20T13:41:04
5.36632	-50.39352	0	56	2021-09-20T14:00:59
5.36634	-50.39417	0	56	2021-09-20T14:05:58
5.36612	-50.39481	0	56	2021-09-20T14:10:59
5.36590	-50.39532	0	56	2021-09-20T14:15:56
5.36522	-50.39642	0	56	2021-09-20T14:25:56
5.36488	-50.39685	0	56	2021-09-20T14:30:55
5.36462	-50.39719	0	56	2021-09-20T14:35:55
5.36432	-50.39764	0	56	2021-09-20T14:40:52
5.36395	-50.39828	0	56	2021-09-20T14:45:57
5.36369	-50.39862	0	56	2021-09-20T14:50:57
5.36339	-50.39896	0	56	2021-09-20T14:55:57
5.36192	-50.40054	0	56	2021-09-20T15:15:57
5.36183	-50.40097	0	56	2021-09-20T15:20:56
5.36162	-50.40140	0	56	2021-09-20T15:25:56
5.36146	-50.40182	0	56	2021-09-20T15:30:53
5.36037	-50.40438	0	56	2021-09-20T16:01:04
5.36011	-50.40472	0	56	2021-09-20T16:06:03
5.35990	-50.40506	0	56	2021-09-20T16:11:03
5.35939	-50.40594	0	56	2021-09-20T16:20:38
5.35905	-50.40637	0	56	2021-09-20T16:25:39
5.35879	-50.40671	0	56	2021-09-20T16:30:39
5.35855	-50.40717	0	56	2021-09-20T16:35:34
5.35819	-50.40763	0	56	2021-09-20T16:40:22
5.35810	-50.40797	0	56	2021-09-20T16:45:23
5.35797	-50.40823	0	56	2021-09-20T16:50:23
5.35782	-50.40863	0	56	2021-09-20T16:55:21
5.35682	-50.41118	0	56	2021-09-20T17:20:25
5.35669	-50.41178	0	56	2021-09-20T17:25:26
5.35660	-50.41238	0	56	2021-09-20T17:30:26
5.35646	-50.41300	0	56	2021-09-20T17:36:03
5.35637	-50.41369	0	56	2021-09-20T17:41:03
5.35624	-50.41446	0	56	2021-09-20T17:46:03
5.35660	-50.41809	0	56	2021-09-20T18:10:54
5.35688	-50.41893	0	56	2021-09-20T18:16:02
5.35692	-50.41970	0	56	2021-09-20T18:21:02
5.35692	-50.42056	0	56	2021-09-20T18:26:02
5.35714	-50.42132	0	56	2021-09-20T18:30:49
5.35727	-50.42209	0	56	2021-09-20T18:35:49
5.35739	-50.42294	0	56	2021-09-20T18:40:40
5.35731	-50.42587	0	56	2021-09-20T18:55:23
5.35735	-50.42681	0	56	2021-09-20T19:00:23
5.35765	-50.42767	0	56	2021-09-20T19:05:24
5.35804	-50.42867	0	56	2021-09-20T19:10:31
5.35839	-50.42966	0	56	2021-09-20T19:15:30
5.35877	-50.43082	0	56	2021-09-20T19:20:31
5.35909	-50.43198	0	56	2021-09-20T19:25:35
5.35947	-50.43315	0	56	2021-09-20T19:30:27
5.35977	-50.43427	0	56	2021-09-20T19:35:26
5.36016	-50.43539	0	56	2021-09-20T19:40:26
5.36055	-50.43674	0	56	2021-09-20T19:46:09
5.36117	-50.43878	0	56	2021-09-20T19:55:09
5.36155	-50.43979	0	56	2021-09-20T20:00:02
5.36247	-50.44191	0	56	2021-09-20T20:10:08
5.36298	-50.44285	0	56	2021-09-20T20:15:09
5.36341	-50.44388	0	56	2021-09-20T20:20:09
5.36377	-50.44495	0	56	2021-09-20T20:25:11
5.36421	-50.44606	0	56	2021-09-20T20:30:15
5.36460	-50.44709	0	56	2021-09-20T20:35:16
5.36503	-50.44821	0	56	2021-09-20T20:40:16
5.36652	-50.45134	0	56	2021-09-20T20:55:24
5.36695	-50.45237	0	56	2021-09-20T21:00:25
5.36729	-50.45331	0	56	2021-09-20T21:05:25
5.36812	-50.45532	0	56	2021-09-20T21:15:27
5.36847	-50.45631	0	56	2021-09-20T21:20:28
5.36911	-50.45734	0	56	2021-09-20T21:25:29
5.36963	-50.45837	0	56	2021-09-20T21:30:27
5.37031	-50.45935	0	56	2021-09-20T21:35:30
5.37101	-50.46002	0	56	2021-09-20T21:40:31
5.37191	-50.46118	0	56	2021-09-20T21:45:55
5.37235	-50.46198	0	56	2021-09-20T21:50:18
5.37298	-50.46283	0	56	2021-09-20T21:55:08
5.37722	-50.46782	0	56	2021-09-20T22:24:52
5.37816	-50.46859	0	56	2021-09-20T22:29:51
5.37889	-50.46936	0	56	2021-09-20T22:34:51
5.37952	-50.47021	0	56	2021-09-20T22:39:55
5.38036	-50.47114	0	56	2021-09-20T22:44:59
5.38070	-50.47183	0	56	2021-09-20T22:49:58
5.38135	-50.47263	0	56	2021-09-20T22:55:02
5.38174	-50.47344	0	56	2021-09-20T23:00:07
5.38213	-50.47421	0	56	2021-09-20T23:05:07
5.38247	-50.47498	0	56	2021-09-20T23:10:07
5.38281	-50.47574	0	56	2021-09-20T23:15:09
5.38323	-50.47649	0	56	2021-09-20T23:20:13
5.38357	-50.47726	0	56	2021-09-20T23:25:12
5.38388	-50.47802	0	56	2021-09-20T23:30:14
5.38414	-50.47888	0	56	2021-09-20T23:35:13
5.38481	-50.48070	0	56	2021-09-20T23:45:19
5.38501	-50.48123	0	56	2021-09-20T23:50:16
5.38532	-50.48199	0	56	2021-09-20T23:55:20
5.38596	-50.48422	0	56	2021-09-21T00:10:44
5.38600	-50.48491	0	56	2021-09-21T00:15:43
5.38613	-50.48560	0	56	2021-09-21T00:20:43
5.38647	-50.48666	0	56	2021-09-21T00:30:44
5.38670	-50.48731	0	56	2021-09-21T00:36:25
5.38687	-50.48791	0	56	2021-09-21T00:41:26
5.38721	-50.48877	0	56	2021-09-21T00:46:26
5.38769	-50.48939	0	56	2021-09-21T00:50:53
5.38812	-50.49008	0	56	2021-09-21T00:55:53
5.38854	-50.49072	0	56	2021-09-21T01:00:46
5.38896	-50.49136	0	56	2021-09-21T01:05:43
5.39005	-50.49251	0	56	2021-09-21T01:15:23
5.39044	-50.49311	0	56	2021-09-21T01:20:23
5.39074	-50.49371	0	56	2021-09-21T01:25:24
5.39124	-50.49437	0	56	2021-09-21T01:30:25
5.39171	-50.49497	0	56	2021-09-21T01:35:25
5.39210	-50.49557	0	56	2021-09-21T01:40:25
5.39250	-50.49625	0	56	2021-09-21T01:45:59
5.39285	-50.49684	0	56	2021-09-21T01:50:32
5.39315	-50.49735	0	56	2021-09-21T01:55:32
5.39341	-50.49786	0	56	2021-09-21T02:00:32
5.39361	-50.49844	0	56	2021-09-21T02:05:31
5.39389	-50.49905	0	56	2021-09-21T02:10:35
5.39444	-50.50027	0	56	2021-09-21T02:20:36
5.39495	-50.50149	0	56	2021-09-21T02:30:46
5.39512	-50.50209	0	56	2021-09-21T02:35:46
5.39521	-50.50269	0	56	2021-09-21T02:40:45
5.39548	-50.50405	0	56	2021-09-21T02:50:49
5.39561	-50.50456	0	56	2021-09-21T02:55:48
5.39570	-50.50507	0	56	2021-09-21T03:00:48
5.39654	-50.50793	0	56	2021-09-21T03:25:36
5.39677	-50.50924	0	56	2021-09-21T03:35:58
5.39675	-50.50967	0	56	2021-09-21T03:40:35
5.39681	-50.51035	0	56	2021-09-21T03:45:58
5.39680	-50.51089	0	56	2021-09-21T03:50:38
5.39686	-50.51147	0	56	2021-09-21T03:55:42
5.39710	-50.51269	0	56	2021-09-21T04:05:44
5.39714	-50.51338	0	56	2021-09-21T04:10:44
5.39718	-50.51389	0	56	2021-09-21T04:15:45
5.39721	-50.51453	0	56	2021-09-21T04:20:42
5.39726	-50.51517	0	56	2021-09-21T04:25:44
5.39731	-50.51633	0	56	2021-09-21T04:35:44
5.39738	-50.51763	0	56	2021-09-21T04:45:18
5.39742	-50.51814	0	56	2021-09-21T04:50:17
5.39742	-50.51865	0	56	2021-09-21T04:55:17
5.39749	-50.51922	0	56	2021-09-21T04:59:59
5.39762	-50.51982	0	56	2021-09-21T05:05:00
5.39775	-50.52042	0	56	2021-09-21T05:10:00
