/* DATA DESCRIPTION:
Citation:	Horstmann, Jochen; Carrasco, Ruben; Calil, Paulo H R; Iudicone, Daniele; Pesant, Stephane; Erta, J M (2022): Track of Lagrangian drifter 32 during the Mission Microbiomes with the RV Tara along the eastern coast of Brazil [dataset]. PANGAEA, https://doi.org/10.1594/PANGAEA.948211, 
	In: Horstmann, J et al. (2022): Drifter position data from the eastern coast of Brazil during the project Mission Microbiomes with the RV Tara [dataset publication series]. PANGAEA, https://doi.org/10.1594/PANGAEA.948261
Project(s):	Atlantic ECOsystems assessment, forecasting & sustainability (AtlantECO) (URI: https://doi.org/10.3030/862923)
	Fondation Tara Expeditions (FondTara) (URI: https://fondationtaraocean.org/en/home/)
	Mission Microbiomes (MM2020) (URI: https://fondationtaraocean.org/expedition/mission-microbiomes/)
Funding:	Horizon 2020 of the European Commission (H2020) (URI: https://research-and-innovation.ec.europa.eu/funding/funding-opportunities/funding-programmes-and-open-calls/horizon-2020_en), grant/award no. 862923: Atlantic ECOsystems assessment, forecasting & sustainability (URI: https://doi.org/10.3030/862923)
Coverage:	MEDIAN LATITUDE: 12.816242 * MEDIAN LONGITUDE: -58.447712 * SOUTH-BOUND LATITUDE: 5.365170 * WEST-BOUND LONGITUDE: -60.916050 * NORTH-BOUND LATITUDE: 14.711460 * EAST-BOUND LONGITUDE: -51.329530
	DATE/TIME START: 2021-09-03T14:12:00 * DATE/TIME END: 2022-01-02T17:58:57
	MINIMUM DEPTH, water: 0 m * MAXIMUM DEPTH, water: 0 m
Event(s):	TARA_Microbiomes_DRIFT-32 * LATITUDE START: 5.365170 * LONGITUDE START: -51.329530 * LATITUDE END: 14.710270 * LONGITUDE END: -60.914610 * DATE/TIME START: 2021-09-03T14:12:00 * DATE/TIME END: 2021-10-26T00:00:00 * LOCATION: Eastern Brazilian coast * CAMPAIGN: MM20210824_LEG-05_035-040_Martin * BASIS: SV Tara (URI: https://en.wikipedia.org/wiki/Tara_expedition) * METHOD/DEVICE: Drifter (DRIFT)
Parameter(s):	LATITUDE (Latitude) * GEOCODE * PI: Horstmann, Jochen (https://orcid.org/0000-0002-7979-5736, jochen.horstmann@hereon.de, https://www.hzg.de/institutes_platforms/coastal_research/operational_systems/radar_hydrography/staff/046556/index.php.en) * METHOD/DEVICE: GPS receiver mounted on Lagrangian drifter
	LONGITUDE (Longitude) * GEOCODE * PI: Horstmann, Jochen (https://orcid.org/0000-0002-7979-5736, jochen.horstmann@hereon.de, https://www.hzg.de/institutes_platforms/coastal_research/operational_systems/radar_hydrography/staff/046556/index.php.en) * METHOD/DEVICE: GPS receiver mounted on Lagrangian drifter
	DEPTH, water [m] (Depth water) * GEOCODE * PI: Horstmann, Jochen (https://orcid.org/0000-0002-7979-5736, jochen.horstmann@hereon.de, https://www.hzg.de/institutes_platforms/coastal_research/operational_systems/radar_hydrography/staff/046556/index.php.en)
	Identification (ID) * PI: Horstmann, Jochen (https://orcid.org/0000-0002-7979-5736, jochen.horstmann@hereon.de, https://www.hzg.de/institutes_platforms/coastal_research/operational_systems/radar_hydrography/staff/046556/index.php.en) * COMMENT: DrifterID
	DATE/TIME (Date/Time) * GEOCODE * PI: Horstmann, Jochen (https://orcid.org/0000-0002-7979-5736, jochen.horstmann@hereon.de, https://www.hzg.de/institutes_platforms/coastal_research/operational_systems/radar_hydrography/staff/046556/index.php.en) * COMMENT: UTC
License:	Creative Commons Attribution 4.0 International (CC-BY-4.0) (URI: https://creativecommons.org/licenses/by/4.0/)
Status:	Curation Level: Enhanced curation (URI: https://wiki.pangaea.de/wiki/Curation_levels)
Size:	20785 data points
*/
Latitude	Longitude	Depth water [m]	ID	Date/Time
5.36517	-51.32953	0	32	2021-09-03T14:12:00
5.39061	-51.35983	0	32	2021-09-03T14:46:26
5.39447	-51.36457	0	32	2021-09-03T14:51:25
5.39722	-51.36792	0	32	2021-09-03T14:56:26
5.39996	-51.37122	0	32	2021-09-03T15:01:26
5.40270	-51.37461	0	32	2021-09-03T15:06:59
5.40579	-51.37839	0	32	2021-09-03T15:11:59
5.40837	-51.38113	0	32	2021-09-03T15:16:25
5.41126	-51.38422	0	32	2021-09-03T15:21:22
5.41417	-51.38750	0	32	2021-09-03T15:26:23
5.41705	-51.39068	0	32	2021-09-03T15:31:23
5.41988	-51.39377	0	32	2021-09-03T15:36:23
5.42274	-51.39688	0	32	2021-09-03T15:41:25
5.42556	-51.39986	0	32	2021-09-03T15:46:21
5.42844	-51.40295	0	32	2021-09-03T15:51:20
5.43127	-51.40601	0	32	2021-09-03T15:56:19
5.43414	-51.40912	0	32	2021-09-03T16:01:21
5.43714	-51.41232	0	32	2021-09-03T16:06:22
5.44064	-51.41562	0	32	2021-09-03T16:11:57
5.44345	-51.41833	0	32	2021-09-03T16:16:21
5.44665	-51.42139	0	32	2021-09-03T16:21:21
5.44989	-51.42458	0	32	2021-09-03T16:26:18
5.45311	-51.42767	0	32	2021-09-03T16:31:19
5.45636	-51.43082	0	32	2021-09-03T16:36:19
5.45961	-51.43398	0	32	2021-09-03T16:41:16
5.46279	-51.43707	0	32	2021-09-03T16:46:17
5.46609	-51.44012	0	32	2021-09-03T16:51:14
5.46945	-51.44324	0	32	2021-09-03T16:56:14
5.47283	-51.44620	0	32	2021-09-03T17:01:11
5.47630	-51.44921	0	32	2021-09-03T17:06:28
5.47995	-51.45239	0	32	2021-09-03T17:11:28
5.48314	-51.45528	0	32	2021-09-03T17:15:59
5.48656	-51.45834	0	32	2021-09-03T17:21:03
5.49000	-51.46146	0	32	2021-09-03T17:26:00
5.49354	-51.46454	0	32	2021-09-03T17:30:59
5.49707	-51.46759	0	32	2021-09-03T17:35:56
5.50068	-51.47067	0	32	2021-09-03T17:40:58
5.50432	-51.47372	0	32	2021-09-03T17:45:54
5.50801	-51.47672	0	32	2021-09-03T17:50:54
5.51170	-51.47980	0	32	2021-09-03T17:55:57
5.51539	-51.48285	0	32	2021-09-03T18:00:56
5.51912	-51.48584	0	32	2021-09-03T18:05:55
5.52338	-51.48904	0	32	2021-09-03T18:11:32
5.52673	-51.49169	0	32	2021-09-03T18:15:53
5.53046	-51.49457	0	32	2021-09-03T18:20:55
5.53424	-51.49744	0	32	2021-09-03T18:25:52
5.53807	-51.50024	0	32	2021-09-03T18:30:53
5.54192	-51.50317	0	32	2021-09-03T18:35:54
5.54583	-51.50583	0	32	2021-09-03T18:40:54
5.54990	-51.50845	0	32	2021-09-03T18:45:52
5.55390	-51.51111	0	32	2021-09-03T18:50:53
5.55788	-51.51373	0	32	2021-09-03T18:55:52
5.56185	-51.51651	0	32	2021-09-03T19:00:51
5.56588	-51.51917	0	32	2021-09-03T19:05:51
5.57047	-51.52216	0	32	2021-09-03T19:11:30
5.57413	-51.52450	0	32	2021-09-03T19:15:53
5.57825	-51.52707	0	32	2021-09-03T19:20:54
5.58242	-51.52966	0	32	2021-09-03T19:25:55
5.58660	-51.53229	0	32	2021-09-03T19:30:58
5.59491	-51.53772	0	32	2021-09-03T19:41:01
5.59903	-51.54047	0	32	2021-09-03T19:46:01
5.60315	-51.54330	0	32	2021-09-03T19:51:00
5.60730	-51.54624	0	32	2021-09-03T19:56:03
5.61142	-51.54907	0	32	2021-09-03T20:01:03
5.61555	-51.55200	0	32	2021-09-03T20:06:05
5.61995	-51.55505	0	32	2021-09-03T20:11:26
5.62374	-51.55771	0	32	2021-09-03T20:16:03
5.62789	-51.56064	0	32	2021-09-03T20:21:00
5.63204	-51.56360	0	32	2021-09-03T20:26:01
5.63618	-51.56653	0	32	2021-09-03T20:30:59
5.64032	-51.56949	0	32	2021-09-03T20:35:56
5.64459	-51.57233	0	32	2021-09-03T20:40:56
5.64886	-51.57520	0	32	2021-09-03T20:45:56
5.65315	-51.57803	0	32	2021-09-03T20:50:56
5.65714	-51.58102	0	32	2021-09-03T20:55:57
5.66131	-51.58380	0	32	2021-09-03T21:00:55
5.66538	-51.58680	0	32	2021-09-03T21:05:57
5.66963	-51.59023	0	32	2021-09-03T21:10:57
5.67328	-51.59280	0	32	2021-09-03T21:15:58
5.67737	-51.59579	0	32	2021-09-03T21:20:56
5.68137	-51.59919	0	32	2021-09-03T21:26:03
5.68544	-51.60205	0	32	2021-09-03T21:31:03
5.68931	-51.60529	0	32	2021-09-03T21:36:02
5.69329	-51.60840	0	32	2021-09-03T21:41:06
5.69727	-51.61133	0	32	2021-09-03T21:46:06
5.70110	-51.61466	0	32	2021-09-03T21:51:04
5.70513	-51.61758	0	32	2021-09-03T21:56:05
5.70904	-51.62082	0	32	2021-09-03T22:01:06
5.71294	-51.62402	0	32	2021-09-03T22:06:07
5.71728	-51.62753	0	32	2021-09-03T22:11:38
5.72080	-51.63037	0	32	2021-09-03T22:16:03
5.72461	-51.63367	0	32	2021-09-03T22:21:05
5.72849	-51.63698	0	32	2021-09-03T22:26:02
5.73231	-51.64007	0	32	2021-09-03T22:31:02
5.73609	-51.64316	0	32	2021-09-03T22:36:01
5.73993	-51.64655	0	32	2021-09-03T22:41:02
5.74761	-51.65311	0	32	2021-09-03T22:51:02
5.75141	-51.65638	0	32	2021-09-03T22:56:00
5.75519	-51.65973	0	32	2021-09-03T23:01:00
5.75901	-51.66309	0	32	2021-09-03T23:05:57
5.76318	-51.66672	0	32	2021-09-03T23:11:25
5.76658	-51.66968	0	32	2021-09-03T23:15:55
5.77032	-51.67310	0	32	2021-09-03T23:20:59
5.77398	-51.67645	0	32	2021-09-03T23:25:56
5.77774	-51.67984	0	32	2021-09-03T23:30:53
5.78150	-51.68324	0	32	2021-09-03T23:35:50
5.78523	-51.68659	0	32	2021-09-03T23:40:49
5.78901	-51.68985	0	32	2021-09-03T23:45:49
5.79276	-51.69308	0	32	2021-09-03T23:50:50
5.79653	-51.69650	0	32	2021-09-03T23:55:48
5.80033	-51.69983	0	32	2021-09-04T00:00:51
5.80415	-51.70316	0	32	2021-09-04T00:05:49
5.80837	-51.70697	0	32	2021-09-04T00:11:28
5.81169	-51.70996	0	32	2021-09-04T00:15:51
5.81550	-51.71335	0	32	2021-09-04T00:20:52
5.81929	-51.71677	0	32	2021-09-04T00:25:52
5.82305	-51.72015	0	32	2021-09-04T00:30:53
5.82685	-51.72366	0	32	2021-09-04T00:35:53
5.83064	-51.72725	0	32	2021-09-04T00:40:54
5.83437	-51.73068	0	32	2021-09-04T00:45:54
5.83814	-51.73416	0	32	2021-09-04T00:50:56
5.84192	-51.73758	0	32	2021-09-04T00:55:56
5.84565	-51.74097	0	32	2021-09-04T01:00:55
5.84938	-51.74423	0	32	2021-09-04T01:05:55
5.85357	-51.74789	0	32	2021-09-04T01:11:25
5.85707	-51.75102	0	32	2021-09-04T01:15:57
5.86080	-51.75428	0	32	2021-09-04T01:20:58
5.86453	-51.75763	0	32	2021-09-04T01:25:58
5.86836	-51.76102	0	32	2021-09-04T01:31:00
5.87586	-51.76771	0	32	2021-09-04T01:40:56
5.87968	-51.77106	0	32	2021-09-04T01:45:55
5.88341	-51.77441	0	32	2021-09-04T01:50:55
5.88717	-51.77780	0	32	2021-09-04T01:55:53
5.89094	-51.78119	0	32	2021-09-04T02:00:53
5.89472	-51.78467	0	32	2021-09-04T02:05:53
5.89896	-51.78851	0	32	2021-09-04T02:11:28
5.90232	-51.79150	0	32	2021-09-04T02:15:55
5.90611	-51.79486	0	32	2021-09-04T02:20:56
5.90987	-51.79831	0	32	2021-09-04T02:25:56
5.91367	-51.80176	0	32	2021-09-04T02:30:55
5.91736	-51.80511	0	32	2021-09-04T02:35:55
5.92116	-51.80850	0	32	2021-09-04T02:40:58
5.92490	-51.81186	0	32	2021-09-04T02:45:57
5.92868	-51.81525	0	32	2021-09-04T02:50:58
5.93237	-51.81860	0	32	2021-09-04T02:55:58
5.93614	-51.82196	0	32	2021-09-04T03:00:59
5.94000	-51.82533	0	32	2021-09-04T03:06:00
5.94405	-51.82870	0	32	2021-09-04T03:11:27
5.94661	-51.83194	0	32	2021-09-04T03:15:59
5.94968	-51.83527	0	32	2021-09-04T03:20:56
5.95244	-51.83875	0	32	2021-09-04T03:25:56
5.95546	-51.84255	0	32	2021-09-04T03:30:54
5.95855	-51.84607	0	32	2021-09-04T03:35:54
5.96138	-51.84949	0	32	2021-09-04T03:40:53
5.96432	-51.85294	0	32	2021-09-04T03:45:51
5.96697	-51.85690	0	32	2021-09-04T03:50:53
5.96987	-51.86050	0	32	2021-09-04T03:55:53
5.97294	-51.86401	0	32	2021-09-04T04:00:55
5.97599	-51.86740	0	32	2021-09-04T04:05:54
5.97925	-51.87133	0	32	2021-09-04T04:10:51
5.98178	-51.87433	0	32	2021-09-04T04:15:50
5.98468	-51.87778	0	32	2021-09-04T04:20:50
5.98746	-51.88123	0	32	2021-09-04T04:25:50
5.99050	-51.88474	0	32	2021-09-04T04:30:51
5.99352	-51.88834	0	32	2021-09-04T04:35:49
5.99654	-51.89185	0	32	2021-09-04T04:40:46
5.99923	-51.89554	0	32	2021-09-04T04:45:47
6.00241	-51.89932	0	32	2021-09-04T04:50:48
6.00552	-51.90277	0	32	2021-09-04T04:55:47
6.00870	-51.90634	0	32	2021-09-04T05:00:48
6.01183	-51.90979	0	32	2021-09-04T05:05:46
6.01547	-51.91382	0	32	2021-09-04T05:11:26
6.01825	-51.91681	0	32	2021-09-04T05:15:44
6.02161	-51.92020	0	32	2021-09-04T05:20:45
6.02497	-51.92380	0	32	2021-09-04T05:25:46
6.02838	-51.92728	0	32	2021-09-04T05:30:42
6.03179	-51.93066	0	32	2021-09-04T05:35:43
6.03512	-51.93411	0	32	2021-09-04T05:40:40
6.03849	-51.93761	0	32	2021-09-04T05:45:38
6.04197	-51.94104	0	32	2021-09-04T05:50:38
6.04550	-51.94446	0	32	2021-09-04T05:55:39
6.04902	-51.94761	0	32	2021-09-04T06:00:37
6.05258	-51.95087	0	32	2021-09-04T06:05:37
6.05632	-51.95419	0	32	2021-09-04T06:10:53
6.05973	-51.95712	0	32	2021-09-04T06:15:37
6.06334	-51.96024	0	32	2021-09-04T06:20:36
6.06711	-51.96332	0	32	2021-09-04T06:25:33
6.07103	-51.96646	0	32	2021-09-04T06:30:37
6.07512	-51.96936	0	32	2021-09-04T06:35:38
6.07919	-51.97223	0	32	2021-09-04T06:40:39
6.08304	-51.97522	0	32	2021-09-04T06:45:37
6.08682	-51.97821	0	32	2021-09-04T06:50:40
6.09059	-51.98132	0	32	2021-09-04T06:55:38
6.09424	-51.98432	0	32	2021-09-04T07:00:39
6.09784	-51.98724	0	32	2021-09-04T07:05:39
6.10175	-51.99048	0	32	2021-09-04T07:10:55
6.10528	-51.99329	0	32	2021-09-04T07:15:38
6.10901	-51.99634	0	32	2021-09-04T07:20:39
6.11279	-51.99924	0	32	2021-09-04T07:25:38
6.11652	-52.00214	0	32	2021-09-04T07:30:40
6.12029	-52.00491	0	32	2021-09-04T07:35:41
6.12411	-52.00772	0	32	2021-09-04T07:40:42
6.12792	-52.01044	0	32	2021-09-04T07:45:38
6.13172	-52.01321	0	32	2021-09-04T07:50:39
6.13553	-52.01599	0	32	2021-09-04T07:55:37
6.13945	-52.01871	0	32	2021-09-04T08:00:38
6.14350	-52.02139	0	32	2021-09-04T08:05:42
6.14774	-52.02426	0	32	2021-09-04T08:11:06
6.15136	-52.02679	0	32	2021-09-04T08:15:44
6.15536	-52.02954	0	32	2021-09-04T08:20:45
6.15932	-52.03229	0	32	2021-09-04T08:25:46
6.16324	-52.03503	0	32	2021-09-04T08:30:47
6.16726	-52.03772	0	32	2021-09-04T08:35:46
6.17131	-52.04044	0	32	2021-09-04T08:40:45
6.17538	-52.04306	0	32	2021-09-04T08:45:42
6.17956	-52.04561	0	32	2021-09-04T08:50:42
6.18381	-52.04810	0	32	2021-09-04T08:55:42
6.18814	-52.05045	0	32	2021-09-04T09:00:41
6.19252	-52.05283	0	32	2021-09-04T09:05:42
6.19733	-52.05549	0	32	2021-09-04T09:10:41
6.20132	-52.05755	0	32	2021-09-04T09:15:41
6.20574	-52.05978	0	32	2021-09-04T09:20:40
6.21015	-52.06195	0	32	2021-09-04T09:25:41
6.21454	-52.06409	0	32	2021-09-04T09:30:41
6.21896	-52.06598	0	32	2021-09-04T09:35:42
6.22341	-52.06793	0	32	2021-09-04T09:40:39
6.22781	-52.06970	0	32	2021-09-04T09:45:36
6.23237	-52.07143	0	32	2021-09-04T09:50:37
6.23679	-52.07315	0	32	2021-09-04T09:55:38
6.24129	-52.07471	0	32	2021-09-04T10:00:35
6.24581	-52.07623	0	32	2021-09-04T10:05:32
6.25082	-52.07783	0	32	2021-09-04T10:10:33
6.25494	-52.07929	0	32	2021-09-04T10:15:33
6.25940	-52.08075	0	32	2021-09-04T10:20:33
6.26398	-52.08221	0	32	2021-09-04T10:25:31
6.26854	-52.08371	0	32	2021-09-04T10:30:32
6.27317	-52.08521	0	32	2021-09-04T10:35:33
6.27771	-52.08670	0	32	2021-09-04T10:40:33
6.28230	-52.08817	0	32	2021-09-04T10:45:34
6.28687	-52.08963	0	32	2021-09-04T10:50:32
6.29143	-52.09113	0	32	2021-09-04T10:55:32
6.29610	-52.09253	0	32	2021-09-04T11:00:30
6.30075	-52.09402	0	32	2021-09-04T11:05:30
6.30572	-52.09564	0	32	2021-09-04T11:10:57
6.30982	-52.09705	0	32	2021-09-04T11:15:28
6.31439	-52.09866	0	32	2021-09-04T11:20:30
6.31894	-52.10016	0	32	2021-09-04T11:25:29
6.32340	-52.10162	0	32	2021-09-04T11:30:28
6.32789	-52.10315	0	32	2021-09-04T11:35:33
6.33231	-52.10472	0	32	2021-09-04T11:40:33
6.33682	-52.10626	0	32	2021-09-04T11:45:33
6.34131	-52.10776	0	32	2021-09-04T11:50:31
6.34585	-52.10928	0	32	2021-09-04T11:55:36
6.35035	-52.11078	0	32	2021-09-04T12:00:32
6.35481	-52.11224	0	32	2021-09-04T12:05:33
6.35960	-52.11380	0	32	2021-09-04T12:10:56
6.36385	-52.11520	0	32	2021-09-04T12:15:32
6.36835	-52.11664	0	32	2021-09-04T12:20:31
6.37289	-52.11804	0	32	2021-09-04T12:25:33
6.37750	-52.11948	0	32	2021-09-04T12:30:32
6.38207	-52.12091	0	32	2021-09-04T12:35:34
6.38669	-52.12235	0	32	2021-09-04T12:40:35
6.39120	-52.12381	0	32	2021-09-04T12:45:36
6.39565	-52.12531	0	32	2021-09-04T12:50:33
6.40008	-52.12692	0	32	2021-09-04T12:55:35
6.40448	-52.12853	0	32	2021-09-04T13:00:34
6.40873	-52.13016	0	32	2021-09-04T13:05:33
6.41335	-52.13205	0	32	2021-09-04T13:10:56
6.42565	-52.13684	0	32	2021-09-04T13:25:28
6.42986	-52.13849	0	32	2021-09-04T13:30:25
6.43415	-52.14017	0	32	2021-09-04T13:35:26
6.43833	-52.14180	0	32	2021-09-04T13:40:26
6.44254	-52.14352	0	32	2021-09-04T13:45:26
6.44669	-52.14514	0	32	2021-09-04T13:50:27
6.45092	-52.14685	0	32	2021-09-04T13:55:25
6.45506	-52.14853	0	32	2021-09-04T14:00:22
6.45939	-52.15018	0	32	2021-09-04T14:05:23
6.46417	-52.15195	0	32	2021-09-04T14:10:54
6.46798	-52.15341	0	32	2021-09-04T14:15:21
6.47218	-52.15503	0	32	2021-09-04T14:20:18
6.47647	-52.15665	0	32	2021-09-04T14:25:19
6.48078	-52.15834	0	32	2021-09-04T14:30:18
6.48507	-52.15988	0	32	2021-09-04T14:35:17
6.48921	-52.16159	0	32	2021-09-04T14:40:17
6.49331	-52.16327	0	32	2021-09-04T14:45:14
6.50142	-52.16669	0	32	2021-09-04T14:55:17
6.50543	-52.16842	0	32	2021-09-04T15:00:17
6.50934	-52.17014	0	32	2021-09-04T15:05:17
6.51375	-52.17214	0	32	2021-09-04T15:10:17
6.51718	-52.17368	0	32	2021-09-04T15:15:16
6.52107	-52.17548	0	32	2021-09-04T15:20:19
6.52495	-52.17728	0	32	2021-09-04T15:25:17
6.52882	-52.17912	0	32	2021-09-04T15:30:18
6.53264	-52.18084	0	32	2021-09-04T15:35:18
6.53646	-52.18256	0	32	2021-09-04T15:40:17
6.54025	-52.18436	0	32	2021-09-04T15:45:20
6.54396	-52.18616	0	32	2021-09-04T15:50:18
6.54758	-52.18805	0	32	2021-09-04T15:55:17
6.55122	-52.19000	0	32	2021-09-04T16:00:18
6.55479	-52.19196	0	32	2021-09-04T16:05:16
6.55863	-52.19408	0	32	2021-09-04T16:10:16
6.56185	-52.19580	0	32	2021-09-04T16:15:15
6.56537	-52.19772	0	32	2021-09-04T16:20:14
6.56896	-52.19965	0	32	2021-09-04T16:25:17
6.57240	-52.20154	0	32	2021-09-04T16:30:16
6.57586	-52.20346	0	32	2021-09-04T16:35:14
6.57930	-52.20538	0	32	2021-09-04T16:40:15
6.58268	-52.20743	0	32	2021-09-04T16:45:15
6.58611	-52.20932	0	32	2021-09-04T16:50:16
6.58957	-52.21126	0	32	2021-09-04T16:55:17
6.59300	-52.21323	0	32	2021-09-04T17:00:17
6.59644	-52.21521	0	32	2021-09-04T17:05:15
6.60031	-52.21749	0	32	2021-09-04T17:10:16
6.60331	-52.21921	0	32	2021-09-04T17:15:16
6.60675	-52.22119	0	32	2021-09-04T17:20:14
6.61023	-52.22314	0	32	2021-09-04T17:25:15
6.61369	-52.22513	0	32	2021-09-04T17:30:12
6.61716	-52.22708	0	32	2021-09-04T17:35:13
6.62061	-52.22910	0	32	2021-09-04T17:40:13
6.62413	-52.23117	0	32	2021-09-04T17:45:14
6.62749	-52.23309	0	32	2021-09-04T17:50:12
6.63091	-52.23511	0	32	2021-09-04T17:55:13
6.63434	-52.23712	0	32	2021-09-04T18:00:17
6.63775	-52.23914	0	32	2021-09-04T18:05:15
6.64159	-52.24139	0	32	2021-09-04T18:10:57
6.64455	-52.24310	0	32	2021-09-04T18:15:16
6.64802	-52.24509	0	32	2021-09-04T18:20:16
6.65137	-52.24689	0	32	2021-09-04T18:25:17
6.65476	-52.24869	0	32	2021-09-04T18:30:17
6.65827	-52.25052	0	32	2021-09-04T18:35:15
6.66171	-52.25229	0	32	2021-09-04T18:40:12
6.66520	-52.25409	0	32	2021-09-04T18:45:14
6.66863	-52.25589	0	32	2021-09-04T18:50:14
6.67209	-52.25769	0	32	2021-09-04T18:55:14
6.67563	-52.25946	0	32	2021-09-04T19:00:15
6.67918	-52.26114	0	32	2021-09-04T19:05:13
6.68311	-52.26294	0	32	2021-09-04T19:10:39
6.68650	-52.26447	0	32	2021-09-04T19:15:15
6.69011	-52.26620	0	32	2021-09-04T19:20:15
6.69371	-52.26794	0	32	2021-09-04T19:25:12
6.69724	-52.26968	0	32	2021-09-04T19:30:12
6.70083	-52.27145	0	32	2021-09-04T19:35:13
6.70438	-52.27321	0	32	2021-09-04T19:40:10
6.70794	-52.27493	0	32	2021-09-04T19:45:10
6.71154	-52.27661	0	32	2021-09-04T19:50:08
6.71514	-52.27826	0	32	2021-09-04T19:55:08
6.71864	-52.27994	0	32	2021-09-04T20:00:05
6.72220	-52.28159	0	32	2021-09-04T20:05:06
6.72599	-52.28333	0	32	2021-09-04T20:10:27
6.72941	-52.28496	0	32	2021-09-04T20:15:04
6.73284	-52.28650	0	32	2021-09-04T20:20:03
6.73644	-52.28809	0	32	2021-09-04T20:25:02
6.74007	-52.28974	0	32	2021-09-04T20:30:01
6.74372	-52.29128	0	32	2021-09-04T20:35:01
6.74728	-52.29282	0	32	2021-09-04T20:40:02
6.75088	-52.29440	0	32	2021-09-04T20:44:59
6.75451	-52.29584	0	32	2021-09-04T20:50:00
6.75814	-52.29739	0	32	2021-09-04T20:55:00
6.76172	-52.29889	0	32	2021-09-04T21:00:00
6.76534	-52.30042	0	32	2021-09-04T21:04:58
6.76921	-52.30194	0	32	2021-09-04T21:10:26
6.77252	-52.30324	0	32	2021-09-04T21:14:59
6.77612	-52.30453	0	32	2021-09-04T21:19:58
6.77970	-52.30588	0	32	2021-09-04T21:24:55
6.78331	-52.30722	0	32	2021-09-04T21:29:58
6.78689	-52.30863	0	32	2021-09-04T21:34:56
6.79049	-52.31000	0	32	2021-09-04T21:39:57
6.79410	-52.31137	0	32	2021-09-04T21:44:56
6.79772	-52.31274	0	32	2021-09-04T21:49:57
6.80139	-52.31411	0	32	2021-09-04T21:54:55
6.80499	-52.31540	0	32	2021-09-04T21:59:56
6.80866	-52.31668	0	32	2021-09-04T22:04:53
6.81267	-52.31815	0	32	2021-09-04T22:10:25
6.81581	-52.31940	0	32	2021-09-04T22:14:52
6.81929	-52.32068	0	32	2021-09-04T22:19:51
6.82280	-52.32193	0	32	2021-09-04T22:24:52
6.82622	-52.32318	0	32	2021-09-04T22:29:50
6.82964	-52.32443	0	32	2021-09-04T22:34:51
6.83310	-52.32568	0	32	2021-09-04T22:39:50
6.83651	-52.32693	0	32	2021-09-04T22:44:51
6.83996	-52.32808	0	32	2021-09-04T22:49:49
6.84335	-52.32928	0	32	2021-09-04T22:54:50
6.84670	-52.33047	0	32	2021-09-04T22:59:51
6.85008	-52.33160	0	32	2021-09-04T23:04:49
6.85380	-52.33295	0	32	2021-09-04T23:10:27
6.85671	-52.33398	0	32	2021-09-04T23:14:49
6.85994	-52.33514	0	32	2021-09-04T23:19:51
6.86312	-52.33632	0	32	2021-09-04T23:24:48
6.86625	-52.33744	0	32	2021-09-04T23:29:48
6.86938	-52.33847	0	32	2021-09-04T23:34:49
6.87250	-52.33948	0	32	2021-09-04T23:39:50
6.87555	-52.34045	0	32	2021-09-04T23:44:50
6.87861	-52.34143	0	32	2021-09-04T23:49:52
6.88156	-52.34238	0	32	2021-09-04T23:54:50
6.88454	-52.34332	0	32	2021-09-04T23:59:50
6.88748	-52.34427	0	32	2021-09-05T00:04:51
6.89069	-52.34531	0	32	2021-09-05T00:10:26
6.89317	-52.34616	0	32	2021-09-05T00:14:52
6.89595	-52.34708	0	32	2021-09-05T00:19:54
6.89872	-52.34796	0	32	2021-09-05T00:24:55
6.90138	-52.34882	0	32	2021-09-05T00:29:55
6.90405	-52.34961	0	32	2021-09-05T00:34:58
6.90673	-52.35054	0	32	2021-09-05T00:40:00
6.90935	-52.35140	0	32	2021-09-05T00:45:00
6.91197	-52.35226	0	32	2021-09-05T00:49:59
6.91466	-52.35306	0	32	2021-09-05T00:54:59
6.91734	-52.35382	0	32	2021-09-05T01:00:03
6.91996	-52.35457	0	32	2021-09-05T01:05:24
6.92275	-52.35526	0	32	2021-09-05T01:10:25
6.92511	-52.35596	0	32	2021-09-05T01:15:03
6.92771	-52.35674	0	32	2021-09-05T01:20:06
6.93024	-52.35743	0	32	2021-09-05T01:25:05
6.93277	-52.35812	0	32	2021-09-05T01:30:05
6.93533	-52.35886	0	32	2021-09-05T01:35:05
6.93793	-52.35950	0	32	2021-09-05T01:40:04
6.94051	-52.36015	0	32	2021-09-05T01:45:04
6.94304	-52.36066	0	32	2021-09-05T01:50:05
6.94557	-52.36137	0	32	2021-09-05T01:54:59
6.94802	-52.36188	0	32	2021-09-05T01:59:59
6.95055	-52.36240	0	32	2021-09-05T02:05:00
6.95334	-52.36298	0	32	2021-09-05T02:10:28
6.95572	-52.36349	0	32	2021-09-05T02:15:01
6.95830	-52.36401	0	32	2021-09-05T02:20:03
6.96089	-52.36459	0	32	2021-09-05T02:25:03
6.96352	-52.36520	0	32	2021-09-05T02:30:05
6.96619	-52.36572	0	32	2021-09-05T02:35:05
6.96883	-52.36630	0	32	2021-09-05T02:40:06
6.97154	-52.36691	0	32	2021-09-05T02:45:09
6.97427	-52.36755	0	32	2021-09-05T02:50:10
6.97700	-52.36825	0	32	2021-09-05T02:55:11
6.97978	-52.36893	0	32	2021-09-05T03:00:09
6.98267	-52.36963	0	32	2021-09-05T03:05:10
6.98568	-52.37036	0	32	2021-09-05T03:10:26
6.98851	-52.37100	0	32	2021-09-05T03:15:12
6.99146	-52.37180	0	32	2021-09-05T03:20:11
6.99444	-52.37259	0	32	2021-09-05T03:25:09
6.99744	-52.37338	0	32	2021-09-05T03:30:09
7.00051	-52.37425	0	32	2021-09-05T03:35:04
7.00351	-52.37494	0	32	2021-09-05T03:40:04
7.00643	-52.37570	0	32	2021-09-05T03:45:04
7.00940	-52.37640	0	32	2021-09-05T03:50:06
7.01240	-52.37715	0	32	2021-09-05T03:55:06
7.01532	-52.37784	0	32	2021-09-05T04:00:05
7.01823	-52.37851	0	32	2021-09-05T04:05:11
7.02130	-52.37924	0	32	2021-09-05T04:10:25
7.02405	-52.37991	0	32	2021-09-05T04:15:10
7.02692	-52.38052	0	32	2021-09-05T04:20:08
7.02989	-52.38104	0	32	2021-09-05T04:25:08
7.03277	-52.38153	0	32	2021-09-05T04:30:09
7.03558	-52.38196	0	32	2021-09-05T04:35:06
7.03830	-52.38239	0	32	2021-09-05T04:40:06
7.04103	-52.38287	0	32	2021-09-05T04:45:03
7.04356	-52.38321	0	32	2021-09-05T04:50:02
7.04605	-52.38348	0	32	2021-09-05T04:55:04
7.04848	-52.38379	0	32	2021-09-05T05:00:00
7.05089	-52.38409	0	32	2021-09-05T05:04:59
7.05341	-52.38451	0	32	2021-09-05T05:09:57
7.05556	-52.38477	0	32	2021-09-05T05:14:57
7.05795	-52.38504	0	32	2021-09-05T05:19:58
7.06033	-52.38538	0	32	2021-09-05T05:24:55
7.06274	-52.38580	0	32	2021-09-05T05:29:55
7.06513	-52.38632	0	32	2021-09-05T05:34:56
7.06757	-52.38687	0	32	2021-09-05T05:39:53
7.06997	-52.38748	0	32	2021-09-05T05:44:52
7.07243	-52.38810	0	32	2021-09-05T05:49:52
7.07483	-52.38861	0	32	2021-09-05T05:54:52
7.07722	-52.38919	0	32	2021-09-05T05:59:50
7.07963	-52.38968	0	32	2021-09-05T06:04:49
7.08216	-52.39014	0	32	2021-09-05T06:10:26
7.08414	-52.39050	0	32	2021-09-05T06:14:53
7.08641	-52.39090	0	32	2021-09-05T06:19:53
7.08867	-52.39147	0	32	2021-09-05T06:24:53
7.09084	-52.39172	0	32	2021-09-05T06:29:51
7.09305	-52.39215	0	32	2021-09-05T06:34:52
7.09531	-52.39267	0	32	2021-09-05T06:39:49
7.09765	-52.39324	0	32	2021-09-05T06:44:45
7.09992	-52.39375	0	32	2021-09-05T06:49:44
7.10215	-52.39435	0	32	2021-09-05T06:54:44
7.10432	-52.39496	0	32	2021-09-05T06:59:45
7.10649	-52.39560	0	32	2021-09-05T07:04:42
7.10897	-52.39615	0	32	2021-09-05T07:10:08
7.11113	-52.39673	0	32	2021-09-05T07:14:40
7.11351	-52.39737	0	32	2021-09-05T07:19:41
7.11591	-52.39811	0	32	2021-09-05T07:24:37
7.11818	-52.39880	0	32	2021-09-05T07:29:37
7.12050	-52.39954	0	32	2021-09-05T07:34:40
7.12276	-52.40027	0	32	2021-09-05T07:39:39
7.12490	-52.40091	0	32	2021-09-05T07:44:40
7.12706	-52.40165	0	32	2021-09-05T07:49:38
7.12925	-52.40234	0	32	2021-09-05T07:54:39
7.13139	-52.40308	0	32	2021-09-05T07:59:38
7.13356	-52.40389	0	32	2021-09-05T08:04:56
7.13583	-52.40466	0	32	2021-09-05T08:09:57
7.13796	-52.40546	0	32	2021-09-05T08:14:37
7.14019	-52.40625	0	32	2021-09-05T08:19:35
7.14252	-52.40714	0	32	2021-09-05T08:24:32
7.14488	-52.40805	0	32	2021-09-05T08:29:33
7.14724	-52.40896	0	32	2021-09-05T08:34:34
7.14960	-52.40982	0	32	2021-09-05T08:39:34
7.15208	-52.41089	0	32	2021-09-05T08:44:35
7.15454	-52.41199	0	32	2021-09-05T08:49:33
7.15695	-52.41297	0	32	2021-09-05T08:54:33
7.15944	-52.41391	0	32	2021-09-05T08:59:33
7.16191	-52.41489	0	32	2021-09-05T09:04:31
7.16465	-52.41602	0	32	2021-09-05T09:09:55
7.16705	-52.41718	0	32	2021-09-05T09:14:30
7.16954	-52.41812	0	32	2021-09-05T09:19:30
7.17203	-52.41898	0	32	2021-09-05T09:24:31
7.17453	-52.42001	0	32	2021-09-05T09:29:28
7.17713	-52.42099	0	32	2021-09-05T09:34:28
7.17982	-52.42206	0	32	2021-09-05T09:39:26
7.18248	-52.42300	0	32	2021-09-05T09:44:26
7.18511	-52.42389	0	32	2021-09-05T09:49:23
7.19055	-52.42596	0	32	2021-09-05T09:59:20
7.19325	-52.42696	0	32	2021-09-05T10:04:56
7.19643	-52.42825	0	32	2021-09-05T10:09:55
7.19882	-52.42926	0	32	2021-09-05T10:14:19
7.20158	-52.43039	0	32	2021-09-05T10:19:17
7.20437	-52.43149	0	32	2021-09-05T10:24:17
7.20717	-52.43262	0	32	2021-09-05T10:29:19
7.20989	-52.43375	0	32	2021-09-05T10:34:20
7.21267	-52.43488	0	32	2021-09-05T10:39:20
7.21555	-52.43604	0	32	2021-09-05T10:44:21
7.21849	-52.43713	0	32	2021-09-05T10:49:23
7.22133	-52.43820	0	32	2021-09-05T10:54:20
7.22421	-52.43928	0	32	2021-09-05T10:59:20
7.22704	-52.44031	0	32	2021-09-05T11:04:20
7.23024	-52.44150	0	32	2021-09-05T11:09:53
7.23278	-52.44241	0	32	2021-09-05T11:14:19
7.23566	-52.44348	0	32	2021-09-05T11:19:20
7.23851	-52.44449	0	32	2021-09-05T11:24:21
7.24130	-52.44543	0	32	2021-09-05T11:29:21
7.24405	-52.44629	0	32	2021-09-05T11:34:21
7.24672	-52.44708	0	32	2021-09-05T11:39:19
7.24945	-52.44797	0	32	2021-09-05T11:44:21
7.25221	-52.44888	0	32	2021-09-05T11:49:22
7.25491	-52.44974	0	32	2021-09-05T11:54:22
7.25761	-52.45059	0	32	2021-09-05T11:59:24
7.26034	-52.45150	0	32	2021-09-05T12:04:26
7.26322	-52.45236	0	32	2021-09-05T12:09:25
7.26571	-52.45322	0	32	2021-09-05T12:14:25
7.26848	-52.45413	0	32	2021-09-05T12:19:27
7.27115	-52.45493	0	32	2021-09-05T12:24:30
7.27370	-52.45563	0	32	2021-09-05T12:29:29
7.27626	-52.45639	0	32	2021-09-05T12:34:25
7.27874	-52.45715	0	32	2021-09-05T12:39:26
7.28115	-52.45793	0	32	2021-09-05T12:44:27
7.28351	-52.45870	0	32	2021-09-05T12:49:27
7.28578	-52.45947	0	32	2021-09-05T12:54:27
7.28812	-52.46027	0	32	2021-09-05T12:59:24
7.29053	-52.46111	0	32	2021-09-05T13:04:23
7.29332	-52.46205	0	32	2021-09-05T13:09:23
7.29534	-52.46265	0	32	2021-09-05T13:14:23
7.29769	-52.46350	0	32	2021-09-05T13:19:17
7.30015	-52.46426	0	32	2021-09-05T13:24:17
7.30246	-52.46506	0	32	2021-09-05T13:29:18
7.30481	-52.46597	0	32	2021-09-05T13:34:19
7.30721	-52.46692	0	32	2021-09-05T13:39:17
7.31214	-52.46885	0	32	2021-09-05T13:49:15
7.31454	-52.46979	0	32	2021-09-05T13:54:15
7.31694	-52.47073	0	32	2021-09-05T13:59:15
7.31945	-52.47174	0	32	2021-09-05T14:04:13
7.32203	-52.47290	0	32	2021-09-05T14:09:38
7.32670	-52.47472	0	32	2021-09-05T14:19:12
7.32906	-52.47552	0	32	2021-09-05T14:24:12
7.33150	-52.47644	0	32	2021-09-05T14:29:11
7.33388	-52.47745	0	32	2021-09-05T14:34:15
7.33630	-52.47855	0	32	2021-09-05T14:39:14
7.33882	-52.47949	0	32	2021-09-05T14:44:12
7.34152	-52.48053	0	32	2021-09-05T14:49:13
7.34398	-52.48167	0	32	2021-09-05T14:54:14
7.34655	-52.48270	0	32	2021-09-05T14:59:14
7.34912	-52.48373	0	32	2021-09-05T15:04:13
7.35190	-52.48483	0	32	2021-09-05T15:09:58
7.35396	-52.48569	0	32	2021-09-05T15:14:16
7.35638	-52.48672	0	32	2021-09-05T15:19:18
7.35889	-52.48788	0	32	2021-09-05T15:24:16
7.36153	-52.48914	0	32	2021-09-05T15:29:20
7.36413	-52.49026	0	32	2021-09-05T15:34:18
7.36671	-52.49153	0	32	2021-09-05T15:39:18
7.36911	-52.49265	0	32	2021-09-05T15:44:18
7.37167	-52.49371	0	32	2021-09-05T15:49:19
7.37429	-52.49493	0	32	2021-09-05T15:54:17
7.37684	-52.49622	0	32	2021-09-05T15:59:14
7.37958	-52.49756	0	32	2021-09-05T16:04:22
7.38246	-52.49908	0	32	2021-09-05T16:09:57
7.38482	-52.50024	0	32	2021-09-05T16:14:16
7.38753	-52.50153	0	32	2021-09-05T16:19:17
7.39014	-52.50275	0	32	2021-09-05T16:24:15
7.39290	-52.50418	0	32	2021-09-05T16:29:16
7.39571	-52.50549	0	32	2021-09-05T16:34:15
7.39851	-52.50687	0	32	2021-09-05T16:39:17
7.40128	-52.50824	0	32	2021-09-05T16:44:14
7.40411	-52.50958	0	32	2021-09-05T16:49:12
7.40693	-52.51096	0	32	2021-09-05T16:54:14
7.40969	-52.51215	0	32	2021-09-05T16:59:15
7.41236	-52.51334	0	32	2021-09-05T17:04:13
7.41525	-52.51483	0	32	2021-09-05T17:09:38
7.41784	-52.51608	0	32	2021-09-05T17:14:15
7.42070	-52.51743	0	32	2021-09-05T17:19:16
7.42353	-52.51874	0	32	2021-09-05T17:24:13
7.42639	-52.52013	0	32	2021-09-05T17:29:14
7.42918	-52.52142	0	32	2021-09-05T17:34:14
7.43205	-52.52292	0	32	2021-09-05T17:39:11
7.43817	-52.52582	0	32	2021-09-05T17:49:10
7.44121	-52.52713	0	32	2021-09-05T17:54:10
7.44417	-52.52859	0	32	2021-09-05T17:59:11
7.44724	-52.53018	0	32	2021-09-05T18:04:09
7.45065	-52.53177	0	32	2021-09-05T18:09:36
7.45361	-52.53311	0	32	2021-09-05T18:14:11
7.45680	-52.53455	0	32	2021-09-05T18:19:10
7.45987	-52.53598	0	32	2021-09-05T18:24:12
7.46297	-52.53757	0	32	2021-09-05T18:29:11
7.46589	-52.53894	0	32	2021-09-05T18:34:10
7.46884	-52.54019	0	32	2021-09-05T18:39:10
7.47177	-52.54150	0	32	2021-09-05T18:44:11
7.47478	-52.54279	0	32	2021-09-05T18:49:12
7.47772	-52.54413	0	32	2021-09-05T18:54:13
7.48067	-52.54547	0	32	2021-09-05T18:59:11
7.48351	-52.54684	0	32	2021-09-05T19:04:12
7.48680	-52.54834	0	32	2021-09-05T19:09:35
7.48956	-52.54950	0	32	2021-09-05T19:14:13
7.49239	-52.55075	0	32	2021-09-05T19:19:13
7.49544	-52.55212	0	32	2021-09-05T19:24:14
7.49851	-52.55346	0	32	2021-09-05T19:29:11
7.50147	-52.55466	0	32	2021-09-05T19:34:12
7.50453	-52.55603	0	32	2021-09-05T19:39:13
7.50762	-52.55734	0	32	2021-09-05T19:44:16
7.51068	-52.55856	0	32	2021-09-05T19:49:15
7.51373	-52.55972	0	32	2021-09-05T19:54:14
7.51671	-52.56070	0	32	2021-09-05T19:59:15
7.51961	-52.56168	0	32	2021-09-05T20:04:16
7.52287	-52.56271	0	32	2021-09-05T20:09:38
7.52572	-52.56351	0	32	2021-09-05T20:14:15
7.52881	-52.56464	0	32	2021-09-05T20:19:13
7.53173	-52.56567	0	32	2021-09-05T20:24:13
7.53464	-52.56662	0	32	2021-09-05T20:29:11
7.53754	-52.56766	0	32	2021-09-05T20:34:11
7.54054	-52.56879	0	32	2021-09-05T20:39:10
7.54350	-52.56982	0	32	2021-09-05T20:44:09
7.54650	-52.57083	0	32	2021-09-05T20:49:06
7.54936	-52.57172	0	32	2021-09-05T20:54:07
7.55238	-52.57272	0	32	2021-09-05T20:59:04
7.55521	-52.57367	0	32	2021-09-05T21:04:03
7.55841	-52.57477	0	32	2021-09-05T21:09:25
7.56119	-52.57579	0	32	2021-09-05T21:14:05
7.56411	-52.57673	0	32	2021-09-05T21:19:04
7.56699	-52.57767	0	32	2021-09-05T21:24:04
7.56993	-52.57849	0	32	2021-09-05T21:29:05
7.57294	-52.57944	0	32	2021-09-05T21:34:04
7.57605	-52.58029	0	32	2021-09-05T21:39:03
7.57905	-52.58115	0	32	2021-09-05T21:44:03
7.58225	-52.58212	0	32	2021-09-05T21:49:01
7.58546	-52.58307	0	32	2021-09-05T21:54:00
7.58870	-52.58405	0	32	2021-09-05T21:59:02
7.59186	-52.58504	0	32	2021-09-05T22:04:57
7.59555	-52.58624	0	32	2021-09-05T22:09:57
7.59809	-52.58704	0	32	2021-09-05T22:14:05
7.60449	-52.58917	0	32	2021-09-05T22:24:06
7.60753	-52.59009	0	32	2021-09-05T22:29:04
7.61032	-52.59094	0	32	2021-09-05T22:34:04
7.61319	-52.59210	0	32	2021-09-05T22:39:05
7.61585	-52.59305	0	32	2021-09-05T22:44:03
7.61856	-52.59406	0	32	2021-09-05T22:49:07
7.62124	-52.59504	0	32	2021-09-05T22:54:07
7.62381	-52.59616	0	32	2021-09-05T22:59:06
7.62644	-52.59711	0	32	2021-09-05T23:04:10
7.62921	-52.59824	0	32	2021-09-05T23:09:04
7.63166	-52.59927	0	32	2021-09-05T23:14:04
7.63435	-52.60022	0	32	2021-09-05T23:19:05
7.63709	-52.60120	0	32	2021-09-05T23:24:04
7.63988	-52.60240	0	32	2021-09-05T23:29:03
7.64257	-52.60345	0	32	2021-09-05T23:34:03
7.64533	-52.60446	0	32	2021-09-05T23:39:04
7.64808	-52.60562	0	32	2021-09-05T23:44:05
7.65077	-52.60677	0	32	2021-09-05T23:49:05
7.65343	-52.60797	0	32	2021-09-05T23:54:04
7.65606	-52.60916	0	32	2021-09-05T23:59:03
7.65874	-52.61038	0	32	2021-09-06T00:04:00
7.66155	-52.61158	0	32	2021-09-06T00:09:04
7.66395	-52.61270	0	32	2021-09-06T00:14:03
7.66652	-52.61389	0	32	2021-09-06T00:19:03
7.66899	-52.61508	0	32	2021-09-06T00:24:01
7.67155	-52.61634	0	32	2021-09-06T00:29:05
7.67404	-52.61746	0	32	2021-09-06T00:34:06
7.67653	-52.61868	0	32	2021-09-06T00:39:04
7.67902	-52.61990	0	32	2021-09-06T00:44:07
7.68161	-52.62115	0	32	2021-09-06T00:49:04
7.68422	-52.62244	0	32	2021-09-06T00:54:06
7.68679	-52.62347	0	32	2021-09-06T00:59:06
7.68950	-52.62451	0	32	2021-09-06T01:04:07
7.69237	-52.62567	0	32	2021-09-06T01:09:08
7.69486	-52.62653	0	32	2021-09-06T01:14:09
7.69753	-52.62757	0	32	2021-09-06T01:19:10
7.70010	-52.62860	0	32	2021-09-06T01:24:10
7.70270	-52.62964	0	32	2021-09-06T01:29:12
7.70775	-52.63162	0	32	2021-09-06T01:39:20
7.71015	-52.63265	0	32	2021-09-06T01:44:20
7.71238	-52.63351	0	32	2021-09-06T01:49:19
7.71458	-52.63443	0	32	2021-09-06T01:54:20
7.71676	-52.63535	0	32	2021-09-06T01:59:19
7.71895	-52.63629	0	32	2021-09-06T02:04:20
7.72133	-52.63736	0	32	2021-09-06T02:09:53
7.72326	-52.63828	0	32	2021-09-06T02:14:19
7.72543	-52.63918	0	32	2021-09-06T02:19:19
7.72770	-52.63995	0	32	2021-09-06T02:24:18
7.72983	-52.64087	0	32	2021-09-06T02:29:16
7.73205	-52.64175	0	32	2021-09-06T02:34:18
7.73442	-52.64253	0	32	2021-09-06T02:39:16
7.73661	-52.64322	0	32	2021-09-06T02:44:17
7.73899	-52.64413	0	32	2021-09-06T02:49:13
7.74119	-52.64487	0	32	2021-09-06T02:54:15
7.74323	-52.64598	0	32	2021-09-06T02:59:54
7.74528	-52.64667	0	32	2021-09-06T03:04:15
7.74778	-52.64761	0	32	2021-09-06T03:09:55
7.74956	-52.64825	0	32	2021-09-06T03:14:14
7.75158	-52.64899	0	32	2021-09-06T03:19:17
7.75346	-52.64969	0	32	2021-09-06T03:24:15
7.75536	-52.65054	0	32	2021-09-06T03:29:16
7.75719	-52.65139	0	32	2021-09-06T03:34:16
7.75904	-52.65216	0	32	2021-09-06T03:39:15
7.76106	-52.65295	0	32	2021-09-06T03:44:11
7.76304	-52.65369	0	32	2021-09-06T03:49:15
7.76505	-52.65454	0	32	2021-09-06T03:54:13
7.76694	-52.65530	0	32	2021-09-06T03:59:14
7.76891	-52.65622	0	32	2021-09-06T04:04:15
7.77102	-52.65732	0	32	2021-09-06T04:09:35
7.77272	-52.65802	0	32	2021-09-06T04:14:13
7.77455	-52.65887	0	32	2021-09-06T04:19:12
7.77643	-52.65985	0	32	2021-09-06T04:24:13
7.77821	-52.66061	0	32	2021-09-06T04:29:11
7.77982	-52.66125	0	32	2021-09-06T04:34:11
7.78155	-52.66217	0	32	2021-09-06T04:39:13
7.78308	-52.66299	0	32	2021-09-06T04:44:17
7.78458	-52.66382	0	32	2021-09-06T04:49:17
7.78583	-52.66467	0	32	2021-09-06T04:54:19
7.78725	-52.66553	0	32	2021-09-06T04:59:19
7.78871	-52.66647	0	32	2021-09-06T05:04:21
7.79015	-52.66727	0	32	2021-09-06T05:09:56
7.79142	-52.66815	0	32	2021-09-06T05:14:19
7.79282	-52.66888	0	32	2021-09-06T05:19:17
7.79423	-52.66980	0	32	2021-09-06T05:24:17
7.79561	-52.67069	0	32	2021-09-06T05:29:16
7.79703	-52.67163	0	32	2021-09-06T05:34:15
7.79845	-52.67276	0	32	2021-09-06T05:39:14
7.79979	-52.67365	0	32	2021-09-06T05:44:15
7.80111	-52.67459	0	32	2021-09-06T05:49:13
7.80235	-52.67545	0	32	2021-09-06T05:54:14
7.80369	-52.67642	0	32	2021-09-06T05:59:15
7.80499	-52.67737	0	32	2021-09-06T06:04:12
7.80643	-52.67854	0	32	2021-09-06T06:09:12
7.80750	-52.67957	0	32	2021-09-06T06:14:11
7.80862	-52.68048	0	32	2021-09-06T06:19:12
7.81113	-52.68307	0	32	2021-09-06T06:29:08
7.81229	-52.68427	0	32	2021-09-06T06:34:08
7.81336	-52.68539	0	32	2021-09-06T06:39:07
7.81462	-52.68668	0	32	2021-09-06T06:44:06
7.81589	-52.68805	0	32	2021-09-06T06:49:07
7.81714	-52.68930	0	32	2021-09-06T06:54:05
7.81833	-52.69040	0	32	2021-09-06T06:59:06
7.81958	-52.69165	0	32	2021-09-06T07:04:04
7.82107	-52.69284	0	32	2021-09-06T07:09:23
7.82238	-52.69391	0	32	2021-09-06T07:14:05
7.82374	-52.69516	0	32	2021-09-06T07:19:06
7.82509	-52.69647	0	32	2021-09-06T07:24:06
7.82629	-52.69748	0	32	2021-09-06T07:29:03
7.82757	-52.69885	0	32	2021-09-06T07:34:04
7.82883	-52.70006	0	32	2021-09-06T07:38:58
7.83020	-52.70126	0	32	2021-09-06T07:43:58
7.83149	-52.70233	0	32	2021-09-06T07:48:59
7.83272	-52.70355	0	32	2021-09-06T07:54:00
7.83400	-52.70459	0	32	2021-09-06T07:59:01
7.83524	-52.70572	0	32	2021-09-06T08:04:02
7.83656	-52.70712	0	32	2021-09-06T08:09:26
7.83774	-52.70825	0	32	2021-09-06T08:14:02
7.83897	-52.70953	0	32	2021-09-06T08:19:04
7.84014	-52.71057	0	32	2021-09-06T08:24:01
7.84142	-52.71176	0	32	2021-09-06T08:28:59
7.84285	-52.71295	0	32	2021-09-06T08:34:02
7.84562	-52.71526	0	32	2021-09-06T08:44:01
7.84708	-52.71638	0	32	2021-09-06T08:49:01
7.84858	-52.71750	0	32	2021-09-06T08:54:00
7.84995	-52.71863	0	32	2021-09-06T08:59:00
7.85144	-52.71982	0	32	2021-09-06T09:03:57
7.85304	-52.72098	0	32	2021-09-06T09:09:25
7.85441	-52.72220	0	32	2021-09-06T09:13:55
7.85600	-52.72339	0	32	2021-09-06T09:18:56
7.85750	-52.72459	0	32	2021-09-06T09:23:56
7.85892	-52.72571	0	32	2021-09-06T09:28:56
7.86046	-52.72696	0	32	2021-09-06T09:33:58
7.86208	-52.72827	0	32	2021-09-06T09:38:55
7.86360	-52.72952	0	32	2021-09-06T09:43:56
7.86516	-52.73083	0	32	2021-09-06T09:48:55
7.86676	-52.73229	0	32	2021-09-06T09:53:54
7.86826	-52.73349	0	32	2021-09-06T09:58:55
7.86974	-52.73477	0	32	2021-09-06T10:03:56
7.87160	-52.73630	0	32	2021-09-06T10:09:26
7.87302	-52.73743	0	32	2021-09-06T10:13:57
7.87461	-52.73874	0	32	2021-09-06T10:18:59
7.87625	-52.74026	0	32	2021-09-06T10:24:02
7.87780	-52.74173	0	32	2021-09-06T10:28:59
7.87948	-52.74298	0	32	2021-09-06T10:33:59
7.88117	-52.74438	0	32	2021-09-06T10:38:57
7.88279	-52.74573	0	32	2021-09-06T10:43:57
7.88449	-52.74704	0	32	2021-09-06T10:48:55
7.88601	-52.74835	0	32	2021-09-06T10:53:52
7.88752	-52.74973	0	32	2021-09-06T10:58:50
7.88908	-52.75089	0	32	2021-09-06T11:03:50
7.89095	-52.75247	0	32	2021-09-06T11:08:43
7.89237	-52.75350	0	32	2021-09-06T11:13:44
7.89387	-52.75470	0	32	2021-09-06T11:18:44
7.89530	-52.75577	0	32	2021-09-06T11:23:45
7.89669	-52.75705	0	32	2021-09-06T11:28:42
7.89808	-52.75839	0	32	2021-09-06T11:33:47
7.89949	-52.75961	0	32	2021-09-06T11:38:45
7.90085	-52.76065	0	32	2021-09-06T11:43:44
7.90224	-52.76215	0	32	2021-09-06T11:48:46
7.90346	-52.76343	0	32	2021-09-06T11:53:44
7.90496	-52.76471	0	32	2021-09-06T11:58:47
7.90654	-52.76614	0	32	2021-09-06T12:03:49
7.90796	-52.76767	0	32	2021-09-06T12:08:49
7.90920	-52.76887	0	32	2021-09-06T12:13:49
7.91062	-52.76999	0	32	2021-09-06T12:18:48
7.91195	-52.77112	0	32	2021-09-06T12:23:48
7.91330	-52.77240	0	32	2021-09-06T12:28:50
7.91458	-52.77364	0	32	2021-09-06T12:33:50
7.91587	-52.77484	0	32	2021-09-06T12:38:51
7.91698	-52.77612	0	32	2021-09-06T12:43:47
7.91825	-52.77740	0	32	2021-09-06T12:48:52
7.91951	-52.77866	0	32	2021-09-06T12:53:53
7.92067	-52.78003	0	32	2021-09-06T12:58:53
7.92190	-52.78140	0	32	2021-09-06T13:03:52
7.92347	-52.78284	0	32	2021-09-06T13:09:27
7.92459	-52.78403	0	32	2021-09-06T13:13:53
7.92577	-52.78534	0	32	2021-09-06T13:18:54
7.92698	-52.78641	0	32	2021-09-06T13:23:52
7.92800	-52.78759	0	32	2021-09-06T13:28:55
7.92903	-52.78836	0	32	2021-09-06T13:33:55
7.92997	-52.78922	0	32	2021-09-06T13:38:56
7.93092	-52.79013	0	32	2021-09-06T13:43:55
7.93199	-52.79123	0	32	2021-09-06T13:48:56
7.93273	-52.79214	0	32	2021-09-06T13:53:59
7.93344	-52.79303	0	32	2021-09-06T13:58:57
7.93450	-52.79413	0	32	2021-09-06T14:03:57
7.93549	-52.79498	0	32	2021-09-06T14:09:26
7.93614	-52.79581	0	32	2021-09-06T14:13:56
7.93698	-52.79657	0	32	2021-09-06T14:19:00
7.93789	-52.79745	0	32	2021-09-06T14:24:00
7.93871	-52.79822	0	32	2021-09-06T14:28:59
7.93971	-52.79907	0	32	2021-09-06T14:33:56
7.94046	-52.79987	0	32	2021-09-06T14:38:57
7.94123	-52.80078	0	32	2021-09-06T14:43:56
7.94202	-52.80148	0	32	2021-09-06T14:48:57
7.94285	-52.80252	0	32	2021-09-06T14:53:54
7.94372	-52.80339	0	32	2021-09-06T14:59:37
7.94449	-52.80390	0	32	2021-09-06T15:04:36
7.94522	-52.80484	0	32	2021-09-06T15:09:36
7.94595	-52.80545	0	32	2021-09-06T15:13:50
7.94678	-52.80634	0	32	2021-09-06T15:18:48
7.94770	-52.80713	0	32	2021-09-06T15:23:49
7.94862	-52.80789	0	32	2021-09-06T15:28:50
7.94955	-52.80872	0	32	2021-09-06T15:33:49
7.95057	-52.80978	0	32	2021-09-06T15:38:47
7.95177	-52.81062	0	32	2021-09-06T15:43:48
7.95284	-52.81165	0	32	2021-09-06T15:48:49
7.95396	-52.81265	0	32	2021-09-06T15:53:46
7.95505	-52.81360	0	32	2021-09-06T15:58:43
7.95609	-52.81476	0	32	2021-09-06T16:03:47
7.95736	-52.81598	0	32	2021-09-06T16:09:08
7.95856	-52.81711	0	32	2021-09-06T16:13:42
7.95979	-52.81827	0	32	2021-09-06T16:18:39
7.96120	-52.81934	0	32	2021-09-06T16:23:40
7.96281	-52.82043	0	32	2021-09-06T16:28:43
7.96441	-52.82150	0	32	2021-09-06T16:33:41
7.96595	-52.82242	0	32	2021-09-06T16:38:43
7.96745	-52.82339	0	32	2021-09-06T16:43:43
7.96904	-52.82425	0	32	2021-09-06T16:48:44
7.97076	-52.82526	0	32	2021-09-06T16:53:41
7.97248	-52.82602	0	32	2021-09-06T16:58:42
7.97416	-52.82693	0	32	2021-09-06T17:03:39
7.97601	-52.82779	0	32	2021-09-06T17:08:54
7.97771	-52.82867	0	32	2021-09-06T17:13:40
7.97952	-52.82960	0	32	2021-09-06T17:18:36
7.98128	-52.83054	0	32	2021-09-06T17:23:35
7.98311	-52.83142	0	32	2021-09-06T17:28:39
7.98504	-52.83230	0	32	2021-09-06T17:33:41
7.98684	-52.83307	0	32	2021-09-06T17:38:41
7.98870	-52.83377	0	32	2021-09-06T17:43:45
7.99049	-52.83459	0	32	2021-09-06T17:48:45
7.99232	-52.83533	0	32	2021-09-06T17:53:47
7.99423	-52.83624	0	32	2021-09-06T17:58:48
7.99603	-52.83701	0	32	2021-09-06T18:03:48
7.99820	-52.83801	0	32	2021-09-06T18:09:25
7.99973	-52.83871	0	32	2021-09-06T18:13:51
8.00151	-52.83936	0	32	2021-09-06T18:18:48
8.00328	-52.84018	0	32	2021-09-06T18:23:47
8.00526	-52.84088	0	32	2021-09-06T18:28:46
8.00719	-52.84149	0	32	2021-09-06T18:33:45
8.00906	-52.84216	0	32	2021-09-06T18:38:42
8.01104	-52.84274	0	32	2021-09-06T18:43:41
8.01294	-52.84341	0	32	2021-09-06T18:48:38
8.01478	-52.84410	0	32	2021-09-06T18:53:39
8.01675	-52.84470	0	32	2021-09-06T18:58:39
8.01868	-52.84543	0	32	2021-09-06T19:03:36
8.02073	-52.84622	0	32	2021-09-06T19:08:56
8.02258	-52.84702	0	32	2021-09-06T19:13:38
8.02455	-52.84766	0	32	2021-09-06T19:18:35
8.02655	-52.84848	0	32	2021-09-06T19:23:32
8.02854	-52.84918	0	32	2021-09-06T19:28:33
8.03057	-52.85003	0	32	2021-09-06T19:33:32
8.03262	-52.85089	0	32	2021-09-06T19:38:31
8.03472	-52.85156	0	32	2021-09-06T19:43:28
8.03682	-52.85236	0	32	2021-09-06T19:48:29
8.03888	-52.85318	0	32	2021-09-06T19:53:26
8.04104	-52.85397	0	32	2021-09-06T19:58:26
8.04329	-52.85478	0	32	2021-09-06T20:03:23
8.04578	-52.85572	0	32	2021-09-06T20:08:24
8.04771	-52.85641	0	32	2021-09-06T20:13:24
8.04993	-52.85724	0	32	2021-09-06T20:18:22
8.05214	-52.85794	0	32	2021-09-06T20:23:23
8.05434	-52.85886	0	32	2021-09-06T20:28:24
8.05649	-52.85953	0	32	2021-09-06T20:33:21
8.05866	-52.86038	0	32	2021-09-06T20:38:25
8.06089	-52.86118	0	32	2021-09-06T20:43:26
8.06300	-52.86206	0	32	2021-09-06T20:48:26
8.06503	-52.86298	0	32	2021-09-06T20:53:24
8.06715	-52.86371	0	32	2021-09-06T20:58:28
8.06915	-52.86438	0	32	2021-09-06T21:03:26
8.07133	-52.86505	0	32	2021-09-06T21:08:57
8.07319	-52.86575	0	32	2021-09-06T21:13:28
8.07524	-52.86646	0	32	2021-09-06T21:18:29
8.07738	-52.86739	0	32	2021-09-06T21:23:25
8.07948	-52.86808	0	32	2021-09-06T21:28:26
8.08154	-52.86877	0	32	2021-09-06T21:33:26
8.08353	-52.86960	0	32	2021-09-06T21:38:24
8.08559	-52.87042	0	32	2021-09-06T21:43:25
8.08759	-52.87103	0	32	2021-09-06T21:48:23
8.08977	-52.87170	0	32	2021-09-06T21:53:26
8.09174	-52.87253	0	32	2021-09-06T21:58:28
8.09374	-52.87329	0	32	2021-09-06T22:03:27
8.09599	-52.87418	0	32	2021-09-06T22:08:56
8.09792	-52.87485	0	32	2021-09-06T22:13:29
8.09986	-52.87558	0	32	2021-09-06T22:18:27
8.10186	-52.87631	0	32	2021-09-06T22:23:29
8.10393	-52.87704	0	32	2021-09-06T22:28:32
8.10605	-52.87775	0	32	2021-09-06T22:33:32
8.10815	-52.87848	0	32	2021-09-06T22:38:34
8.11013	-52.87939	0	32	2021-09-06T22:43:32
8.11201	-52.88040	0	32	2021-09-06T22:48:35
8.11403	-52.88140	0	32	2021-09-06T22:53:29
8.11580	-52.88226	0	32	2021-09-06T22:58:30
8.11755	-52.88303	0	32	2021-09-06T23:03:30
8.11952	-52.88397	0	32	2021-09-06T23:08:58
8.12101	-52.88467	0	32	2021-09-06T23:13:29
8.12275	-52.88556	0	32	2021-09-06T23:18:26
8.12443	-52.88641	0	32	2021-09-06T23:23:27
8.12611	-52.88721	0	32	2021-09-06T23:28:26
8.12778	-52.88809	0	32	2021-09-06T23:33:28
8.12937	-52.88901	0	32	2021-09-06T23:38:29
8.13087	-52.88989	0	32	2021-09-06T23:43:30
8.13250	-52.89075	0	32	2021-09-06T23:48:27
8.13410	-52.89171	0	32	2021-09-06T23:53:28
8.13569	-52.89257	0	32	2021-09-06T23:58:29
8.13715	-52.89334	0	32	2021-09-07T00:03:29
8.13897	-52.89423	0	32	2021-09-07T00:08:57
8.14038	-52.89508	0	32	2021-09-07T00:13:28
8.14194	-52.89596	0	32	2021-09-07T00:18:27
8.14357	-52.89682	0	32	2021-09-07T00:23:26
8.14512	-52.89767	0	32	2021-09-07T00:28:29
8.14676	-52.89881	0	32	2021-09-07T00:33:31
8.14830	-52.89975	0	32	2021-09-07T00:38:31
8.14987	-52.90070	0	32	2021-09-07T00:43:29
8.15154	-52.90171	0	32	2021-09-07T00:48:32
8.15326	-52.90274	0	32	2021-09-07T00:53:31
8.15496	-52.90372	0	32	2021-09-07T00:58:32
8.15668	-52.90475	0	32	2021-09-07T01:03:32
8.15845	-52.90579	0	32	2021-09-07T01:08:57
8.15999	-52.90669	0	32	2021-09-07T01:13:38
8.16158	-52.90762	0	32	2021-09-07T01:18:35
8.16320	-52.90857	0	32	2021-09-07T01:23:39
8.16489	-52.90945	0	32	2021-09-07T01:28:39
8.16661	-52.91037	0	32	2021-09-07T01:33:41
8.16832	-52.91122	0	32	2021-09-07T01:38:39
8.17012	-52.91199	0	32	2021-09-07T01:43:42
8.17174	-52.91290	0	32	2021-09-07T01:48:40
8.17345	-52.91376	0	32	2021-09-07T01:53:43
8.17505	-52.91464	0	32	2021-09-07T01:58:45
8.17664	-52.91541	0	32	2021-09-07T02:03:41
8.17831	-52.91608	0	32	2021-09-07T02:08:55
8.17976	-52.91681	0	32	2021-09-07T02:13:37
8.18127	-52.91751	0	32	2021-09-07T02:18:33
8.18411	-52.91858	0	32	2021-09-07T02:28:32
8.18548	-52.91922	0	32	2021-09-07T02:33:29
8.18698	-52.91980	0	32	2021-09-07T02:38:26
8.18840	-52.92039	0	32	2021-09-07T02:43:27
8.18970	-52.92090	0	32	2021-09-07T02:48:27
8.19106	-52.92139	0	32	2021-09-07T02:53:24
8.19247	-52.92191	0	32	2021-09-07T02:58:25
8.19375	-52.92245	0	32	2021-09-07T03:03:19
8.19504	-52.92276	0	32	2021-09-07T03:08:54
8.19607	-52.92322	0	32	2021-09-07T03:13:20
8.19717	-52.92352	0	32	2021-09-07T03:18:20
8.19835	-52.92396	0	32	2021-09-07T03:23:18
8.19947	-52.92422	0	32	2021-09-07T03:28:18
8.20053	-52.92450	0	32	2021-09-07T03:33:18
8.20163	-52.92487	0	32	2021-09-07T03:38:13
8.20271	-52.92529	0	32	2021-09-07T03:43:10
8.20372	-52.92566	0	32	2021-09-07T03:48:09
8.20472	-52.92603	0	32	2021-09-07T03:53:04
8.20571	-52.92630	0	32	2021-09-07T03:58:01
8.20667	-52.92648	0	32	2021-09-07T04:03:01
8.20761	-52.92673	0	32	2021-09-07T04:08:26
8.20844	-52.92709	0	32	2021-09-07T04:12:56
8.20919	-52.92734	0	32	2021-09-07T04:17:56
8.20988	-52.92761	0	32	2021-09-07T04:22:53
8.21072	-52.92795	0	32	2021-09-07T04:27:51
8.21143	-52.92821	0	32	2021-09-07T04:32:44
8.21216	-52.92847	0	32	2021-09-07T04:37:44
8.21280	-52.92865	0	32	2021-09-07T04:42:45
8.21344	-52.92865	0	32	2021-09-07T04:47:46
8.21410	-52.92889	0	32	2021-09-07T04:52:43
8.21475	-52.92920	0	32	2021-09-07T04:57:45
8.21533	-52.92935	0	32	2021-09-07T05:02:44
8.21599	-52.92953	0	32	2021-09-07T05:08:05
8.21655	-52.92972	0	32	2021-09-07T05:12:46
8.21723	-52.92999	0	32	2021-09-07T05:17:43
8.21782	-52.93008	0	32	2021-09-07T05:22:43
8.21851	-52.93018	0	32	2021-09-07T05:27:44
8.21908	-52.93015	0	32	2021-09-07T05:32:42
8.21984	-52.93039	0	32	2021-09-07T05:37:43
8.22049	-52.93051	0	32	2021-09-07T05:42:40
8.22110	-52.93060	0	32	2021-09-07T05:47:41
8.22165	-52.93073	0	32	2021-09-07T05:52:41
8.22216	-52.93083	0	32	2021-09-07T05:57:43
8.22275	-52.93100	0	32	2021-09-07T06:02:43
8.22345	-52.93124	0	32	2021-09-07T06:08:08
8.22406	-52.93143	0	32	2021-09-07T06:12:44
8.22475	-52.93164	0	32	2021-09-07T06:17:45
8.22539	-52.93173	0	32	2021-09-07T06:22:44
8.22597	-52.93202	0	32	2021-09-07T06:27:48
8.22666	-52.93219	0	32	2021-09-07T06:32:48
8.22734	-52.93254	0	32	2021-09-07T06:37:46
8.22808	-52.93271	0	32	2021-09-07T06:42:46
8.22879	-52.93295	0	32	2021-09-07T06:47:46
8.22949	-52.93332	0	32	2021-09-07T06:52:44
8.23011	-52.93361	0	32	2021-09-07T06:57:45
8.23080	-52.93387	0	32	2021-09-07T07:02:45
8.23165	-52.93423	0	32	2021-09-07T07:08:05
8.23236	-52.93466	0	32	2021-09-07T07:12:41
8.23305	-52.93506	0	32	2021-09-07T07:17:38
8.23382	-52.93541	0	32	2021-09-07T07:22:41
8.23451	-52.93567	0	32	2021-09-07T07:27:41
8.23527	-52.93610	0	32	2021-09-07T07:32:39
8.23597	-52.93649	0	32	2021-09-07T07:37:37
8.23664	-52.93695	0	32	2021-09-07T07:42:38
8.23738	-52.93753	0	32	2021-09-07T07:47:38
8.23814	-52.93808	0	32	2021-09-07T07:52:39
8.23889	-52.93866	0	32	2021-09-07T07:57:36
8.23969	-52.93936	0	32	2021-09-07T08:02:40
8.24044	-52.94011	0	32	2021-09-07T08:07:34
8.24114	-52.94080	0	32	2021-09-07T08:12:35
8.24193	-52.94156	0	32	2021-09-07T08:17:32
8.24271	-52.94235	0	32	2021-09-07T08:22:32
8.24351	-52.94318	0	32	2021-09-07T08:27:30
8.24436	-52.94391	0	32	2021-09-07T08:32:31
8.24521	-52.94473	0	32	2021-09-07T08:37:28
8.24616	-52.94562	0	32	2021-09-07T08:42:31
8.24696	-52.94655	0	32	2021-09-07T08:47:26
8.24774	-52.94741	0	32	2021-09-07T08:52:26
8.24843	-52.94827	0	32	2021-09-07T08:57:27
8.24912	-52.94904	0	32	2021-09-07T09:02:24
8.24986	-52.95018	0	32	2021-09-07T09:07:25
8.25046	-52.95112	0	32	2021-09-07T09:12:26
8.25109	-52.95206	0	32	2021-09-07T09:17:26
8.25177	-52.95309	0	32	2021-09-07T09:22:24
8.25245	-52.95427	0	32	2021-09-07T09:27:21
8.25301	-52.95530	0	32	2021-09-07T09:32:21
8.25357	-52.95633	0	32	2021-09-07T09:37:21
8.25418	-52.95749	0	32	2021-09-07T09:42:20
8.25475	-52.95866	0	32	2021-09-07T09:47:19
8.25522	-52.95978	0	32	2021-09-07T09:52:18
8.25562	-52.96085	0	32	2021-09-07T09:57:19
8.25599	-52.96204	0	32	2021-09-07T10:02:18
8.25630	-52.96338	0	32	2021-09-07T10:07:57
8.25665	-52.96442	0	32	2021-09-07T10:12:16
8.25700	-52.96555	0	32	2021-09-07T10:17:15
8.25723	-52.96667	0	32	2021-09-07T10:22:15
8.25746	-52.96780	0	32	2021-09-07T10:27:14
8.25775	-52.96888	0	32	2021-09-07T10:32:13
8.25815	-52.97000	0	32	2021-09-07T10:37:13
8.25855	-52.97122	0	32	2021-09-07T10:42:10
8.25888	-52.97241	0	32	2021-09-07T10:47:11
8.25929	-52.97366	0	32	2021-09-07T10:52:11
8.25966	-52.97493	0	32	2021-09-07T10:57:39
8.26000	-52.97613	0	32	2021-09-07T11:02:38
8.26030	-52.97733	0	32	2021-09-07T11:07:38
8.26056	-52.97827	0	32	2021-09-07T11:12:09
8.26085	-52.97937	0	32	2021-09-07T11:17:08
8.26121	-52.98056	0	32	2021-09-07T11:22:10
8.26168	-52.98175	0	32	2021-09-07T11:27:10
8.26202	-52.98303	0	32	2021-09-07T11:32:08
8.26234	-52.98439	0	32	2021-09-07T11:37:08
8.26260	-52.98559	0	32	2021-09-07T11:42:09
8.26294	-52.98688	0	32	2021-09-07T11:47:09
8.26333	-52.98825	0	32	2021-09-07T11:52:06
8.26373	-52.98965	0	32	2021-09-07T11:57:07
8.26411	-52.99100	0	32	2021-09-07T12:02:07
8.26479	-52.99386	0	32	2021-09-07T12:11:59
8.26501	-52.99532	0	32	2021-09-07T12:16:59
8.26540	-52.99686	0	32	2021-09-07T12:21:59
8.26589	-52.99847	0	32	2021-09-07T12:26:56
8.26652	-53.00015	0	32	2021-09-07T12:31:55
8.26701	-53.00183	0	32	2021-09-07T12:36:56
8.26751	-53.00357	0	32	2021-09-07T12:41:53
8.26800	-53.00521	0	32	2021-09-07T12:46:52
8.26843	-53.00693	0	32	2021-09-07T12:51:51
8.26887	-53.00858	0	32	2021-09-07T12:56:52
8.26934	-53.01028	0	32	2021-09-07T13:01:51
8.26992	-53.01230	0	32	2021-09-07T13:07:26
8.27032	-53.01392	0	32	2021-09-07T13:11:50
8.27092	-53.01583	0	32	2021-09-07T13:16:51
8.27139	-53.01755	0	32	2021-09-07T13:21:51
8.27191	-53.01953	0	32	2021-09-07T13:26:55
8.27230	-53.02133	0	32	2021-09-07T13:31:54
8.27274	-53.02322	0	32	2021-09-07T13:36:50
8.27318	-53.02505	0	32	2021-09-07T13:41:52
8.27377	-53.02884	0	32	2021-09-07T13:51:56
8.27407	-53.03073	0	32	2021-09-07T13:56:56
8.27433	-53.03262	0	32	2021-09-07T14:01:55
8.27463	-53.03475	0	32	2021-09-07T14:06:51
8.27480	-53.03647	0	32	2021-09-07T14:11:52
8.27502	-53.03842	0	32	2021-09-07T14:16:53
8.27543	-53.04230	0	32	2021-09-07T14:26:55
8.27547	-53.04419	0	32	2021-09-07T14:31:55
8.27563	-53.04599	0	32	2021-09-07T14:36:54
8.27586	-53.04788	0	32	2021-09-07T14:41:57
8.27608	-53.04977	0	32	2021-09-07T14:46:55
8.27624	-53.05157	0	32	2021-09-07T14:51:55
8.27649	-53.05344	0	32	2021-09-07T14:56:56
8.27677	-53.05536	0	32	2021-09-07T15:01:56
8.27699	-53.05747	0	32	2021-09-07T15:06:58
8.27713	-53.05919	0	32	2021-09-07T15:11:59
8.27734	-53.06125	0	32	2021-09-07T15:16:59
8.27754	-53.06329	0	32	2021-09-07T15:21:57
8.27790	-53.06540	0	32	2021-09-07T15:27:00
8.27825	-53.06750	0	32	2021-09-07T15:31:58
8.27853	-53.06958	0	32	2021-09-07T15:37:00
8.27881	-53.07166	0	32	2021-09-07T15:42:00
8.27913	-53.07379	0	32	2021-09-07T15:46:58
8.27955	-53.07593	0	32	2021-09-07T15:51:59
8.27993	-53.07800	0	32	2021-09-07T15:57:05
8.28034	-53.08011	0	32	2021-09-07T16:02:04
8.28074	-53.08240	0	32	2021-09-07T16:07:26
8.28114	-53.08444	0	32	2021-09-07T16:12:00
8.28157	-53.08661	0	32	2021-09-07T16:16:58
8.28195	-53.08871	0	32	2021-09-07T16:21:59
8.28236	-53.09085	0	32	2021-09-07T16:26:57
8.28279	-53.09299	0	32	2021-09-07T16:31:58
8.28317	-53.09509	0	32	2021-09-07T16:37:01
8.28363	-53.09714	0	32	2021-09-07T16:41:59
8.28403	-53.09918	0	32	2021-09-07T16:47:00
8.28453	-53.10126	0	32	2021-09-07T16:51:59
8.28506	-53.10345	0	32	2021-09-07T16:57:00
8.28562	-53.10565	0	32	2021-09-07T17:02:02
8.28623	-53.10806	0	32	2021-09-07T17:07:26
8.28678	-53.11020	0	32	2021-09-07T17:11:57
8.28747	-53.11261	0	32	2021-09-07T17:16:58
8.28802	-53.11493	0	32	2021-09-07T17:21:58
8.28867	-53.11725	0	32	2021-09-07T17:26:59
8.28931	-53.11960	0	32	2021-09-07T17:31:57
8.28998	-53.12196	0	32	2021-09-07T17:36:54
8.29058	-53.12436	0	32	2021-09-07T17:41:54
8.29116	-53.12674	0	32	2021-09-07T17:46:55
8.29167	-53.12906	0	32	2021-09-07T17:51:51
8.29214	-53.13138	0	32	2021-09-07T17:56:49
8.29266	-53.13391	0	32	2021-09-07T18:02:28
8.29318	-53.13666	0	32	2021-09-07T18:07:28
8.29353	-53.13895	0	32	2021-09-07T18:11:50
8.29392	-53.14151	0	32	2021-09-07T18:16:45
8.29440	-53.14416	0	32	2021-09-07T18:21:49
8.29482	-53.14682	0	32	2021-09-07T18:26:49
8.29524	-53.14951	0	32	2021-09-07T18:31:47
8.29618	-53.15502	0	32	2021-09-07T18:41:48
8.29637	-53.15765	0	32	2021-09-07T18:46:48
8.29656	-53.16034	0	32	2021-09-07T18:51:47
8.29688	-53.16309	0	32	2021-09-07T18:56:44
8.29715	-53.16592	0	32	2021-09-07T19:01:44
8.29749	-53.16914	0	32	2021-09-07T19:06:41
8.29787	-53.17163	0	32	2021-09-07T19:11:46
8.29819	-53.17438	0	32	2021-09-07T19:16:40
8.29845	-53.17719	0	32	2021-09-07T19:21:40
8.29871	-53.17993	0	32	2021-09-07T19:26:41
8.29913	-53.18283	0	32	2021-09-07T19:31:38
8.29946	-53.18567	0	32	2021-09-07T19:36:35
8.29988	-53.18860	0	32	2021-09-07T19:41:39
8.30029	-53.19158	0	32	2021-09-07T19:46:37
8.30076	-53.19450	0	32	2021-09-07T19:51:37
8.30127	-53.19742	0	32	2021-09-07T19:56:38
8.30176	-53.20032	0	32	2021-09-07T20:01:39
8.30228	-53.20337	0	32	2021-09-07T20:06:40
8.30275	-53.20603	0	32	2021-09-07T20:11:40
8.30322	-53.20895	0	32	2021-09-07T20:16:40
8.30372	-53.21188	0	32	2021-09-07T20:21:36
8.30424	-53.21497	0	32	2021-09-07T20:26:39
8.30480	-53.21790	0	32	2021-09-07T20:31:36
8.30542	-53.22089	0	32	2021-09-07T20:36:37
8.30601	-53.22382	0	32	2021-09-07T20:41:38
8.30672	-53.22668	0	32	2021-09-07T20:46:36
8.30739	-53.22965	0	32	2021-09-07T20:51:36
8.30808	-53.23257	0	32	2021-09-07T20:56:37
8.30870	-53.23557	0	32	2021-09-07T21:01:35
8.30948	-53.23876	0	32	2021-09-07T21:06:38
8.31007	-53.24151	0	32	2021-09-07T21:11:38
8.31081	-53.24451	0	32	2021-09-07T21:16:37
8.31155	-53.24762	0	32	2021-09-07T21:21:37
8.31223	-53.25070	0	32	2021-09-07T21:26:39
8.31304	-53.25371	0	32	2021-09-07T21:31:40
8.31373	-53.25680	0	32	2021-09-07T21:36:40
8.31437	-53.25989	0	32	2021-09-07T21:41:41
8.31500	-53.26306	0	32	2021-09-07T21:46:40
8.31567	-53.26620	0	32	2021-09-07T21:51:43
8.31650	-53.26928	0	32	2021-09-07T21:57:07
8.31720	-53.27228	0	32	2021-09-07T22:02:08
8.31809	-53.27563	0	32	2021-09-07T22:07:08
8.31889	-53.27844	0	32	2021-09-07T22:11:42
8.31982	-53.28152	0	32	2021-09-07T22:16:43
8.32077	-53.28461	0	32	2021-09-07T22:21:41
8.32168	-53.28775	0	32	2021-09-07T22:26:42
8.32259	-53.29074	0	32	2021-09-07T22:31:41
8.32341	-53.29373	0	32	2021-09-07T22:36:42
8.32419	-53.29671	0	32	2021-09-07T22:41:40
8.32510	-53.29971	0	32	2021-09-07T22:46:40
8.32601	-53.30267	0	32	2021-09-07T22:51:38
8.32699	-53.30569	0	32	2021-09-07T22:56:37
8.32799	-53.30865	0	32	2021-09-07T23:01:55
8.32888	-53.31183	0	32	2021-09-07T23:06:55
8.32973	-53.31470	0	32	2021-09-07T23:11:38
8.33067	-53.31769	0	32	2021-09-07T23:16:41
8.33151	-53.32074	0	32	2021-09-07T23:21:43
8.33231	-53.32379	0	32	2021-09-07T23:26:42
8.33308	-53.32690	0	32	2021-09-07T23:31:40
8.33380	-53.33006	0	32	2021-09-07T23:36:41
8.33444	-53.33306	0	32	2021-09-07T23:41:42
8.33503	-53.33615	0	32	2021-09-07T23:46:42
8.33567	-53.33911	0	32	2021-09-07T23:51:40
8.33628	-53.34213	0	32	2021-09-07T23:56:41
8.33705	-53.34512	0	32	2021-09-08T00:01:42
8.33808	-53.34879	0	32	2021-09-08T00:07:08
8.33887	-53.35156	0	32	2021-09-08T00:11:38
8.33982	-53.35458	0	32	2021-09-08T00:16:39
8.34057	-53.35764	0	32	2021-09-08T00:21:36
8.34125	-53.36078	0	32	2021-09-08T00:26:35
8.34210	-53.36374	0	32	2021-09-08T00:31:36
8.34285	-53.36676	0	32	2021-09-08T00:36:33
8.34366	-53.36980	0	32	2021-09-08T00:41:34
8.34399	-53.37280	0	32	2021-09-08T00:46:34
8.34456	-53.37561	0	32	2021-09-08T00:51:34
8.34495	-53.37854	0	32	2021-09-08T00:56:36
8.34547	-53.38138	0	32	2021-09-08T01:01:34
8.34615	-53.38464	0	32	2021-09-08T01:06:57
8.34643	-53.38745	0	32	2021-09-08T01:11:35
8.34693	-53.39044	0	32	2021-09-08T01:16:38
8.34777	-53.39344	0	32	2021-09-08T01:21:37
8.34845	-53.39636	0	32	2021-09-08T01:26:37
8.34909	-53.39927	0	32	2021-09-08T01:31:38
8.34972	-53.40219	0	32	2021-09-08T01:36:39
8.35032	-53.40509	0	32	2021-09-08T01:41:38
8.35105	-53.40808	0	32	2021-09-08T01:46:39
8.35171	-53.41101	0	32	2021-09-08T01:51:37
8.35235	-53.41400	0	32	2021-09-08T01:56:38
8.35313	-53.41708	0	32	2021-09-08T02:01:38
8.35413	-53.42062	0	32	2021-09-08T02:07:07
8.35488	-53.42358	0	32	2021-09-08T02:11:40
8.35563	-53.42682	0	32	2021-09-08T02:16:41
8.35638	-53.42999	0	32	2021-09-08T02:21:39
8.35713	-53.43330	0	32	2021-09-08T02:26:38
8.35777	-53.43656	0	32	2021-09-08T02:31:37
8.35840	-53.43991	0	32	2021-09-08T02:36:37
8.35915	-53.44312	0	32	2021-09-08T02:41:38
8.35983	-53.44656	0	32	2021-09-08T02:46:51
8.36037	-53.44965	0	32	2021-09-08T02:51:41
8.36114	-53.45294	0	32	2021-09-08T02:56:40
8.36204	-53.45633	0	32	2021-09-08T03:01:38
8.36311	-53.45999	0	32	2021-09-08T03:06:35
8.36410	-53.46317	0	32	2021-09-08T03:11:35
8.36515	-53.46664	0	32	2021-09-08T03:16:36
8.36617	-53.47009	0	32	2021-09-08T03:21:34
8.36727	-53.47357	0	32	2021-09-08T03:26:30
8.36843	-53.47707	0	32	2021-09-08T03:31:31
8.36959	-53.48059	0	32	2021-09-08T03:36:32
8.37076	-53.48413	0	32	2021-09-08T03:41:29
8.37190	-53.48770	0	32	2021-09-08T03:46:26
8.37299	-53.49130	0	32	2021-09-08T03:51:27
8.37404	-53.49481	0	32	2021-09-08T03:56:24
8.37514	-53.49838	0	32	2021-09-08T04:01:25
8.37641	-53.50235	0	32	2021-09-08T04:06:54
8.37730	-53.50549	0	32	2021-09-08T04:11:23
8.37834	-53.50894	0	32	2021-09-08T04:16:23
8.37947	-53.51245	0	32	2021-09-08T04:21:25
8.38064	-53.51590	0	32	2021-09-08T04:26:22
8.38186	-53.51935	0	32	2021-09-08T04:31:23
8.38315	-53.52283	0	32	2021-09-08T04:36:23
8.38447	-53.52625	0	32	2021-09-08T04:41:24
8.38551	-53.52955	0	32	2021-09-08T04:46:20
8.38654	-53.53281	0	32	2021-09-08T04:51:19
8.38763	-53.53604	0	32	2021-09-08T04:56:22
8.38874	-53.53937	0	32	2021-09-08T05:01:23
8.38996	-53.54303	0	32	2021-09-08T05:06:54
8.39089	-53.54590	0	32	2021-09-08T05:11:20
8.39195	-53.54919	0	32	2021-09-08T05:16:21
8.39302	-53.55252	0	32	2021-09-08T05:21:20
8.39410	-53.55593	0	32	2021-09-08T05:26:17
8.39509	-53.55911	0	32	2021-09-08T05:31:17
8.39616	-53.56235	0	32	2021-09-08T05:36:18
8.39737	-53.56561	0	32	2021-09-08T05:41:18
8.39864	-53.56891	0	32	2021-09-08T05:46:20
8.39997	-53.57205	0	32	2021-09-08T05:51:19
8.40123	-53.57529	0	32	2021-09-08T05:56:20
8.40265	-53.57864	0	32	2021-09-08T06:01:54
8.40419	-53.58224	0	32	2021-09-08T06:06:54
8.40540	-53.58514	0	32	2021-09-08T06:11:20
8.40672	-53.58838	0	32	2021-09-08T06:16:17
8.40811	-53.59162	0	32	2021-09-08T06:21:17
8.40953	-53.59488	0	32	2021-09-08T06:26:16
8.41095	-53.59814	0	32	2021-09-08T06:31:16
8.41234	-53.60151	0	32	2021-09-08T06:36:13
8.41376	-53.60486	0	32	2021-09-08T06:41:13
8.41525	-53.60822	0	32	2021-09-08T06:46:08
8.41675	-53.61151	0	32	2021-09-08T06:51:05
8.41835	-53.61475	0	32	2021-09-08T06:56:05
8.41987	-53.61797	0	32	2021-09-08T07:01:26
8.42154	-53.62149	0	32	2021-09-08T07:06:26
8.42305	-53.62458	0	32	2021-09-08T07:11:02
8.42459	-53.62793	0	32	2021-09-08T07:16:01
8.42619	-53.63132	0	32	2021-09-08T07:21:01
8.42772	-53.63458	0	32	2021-09-08T07:25:58
8.42934	-53.63779	0	32	2021-09-08T07:30:59
8.43094	-53.64087	0	32	2021-09-08T07:35:57
8.43251	-53.64407	0	32	2021-09-08T07:40:58
8.43401	-53.64716	0	32	2021-09-08T07:45:58
8.43549	-53.65041	0	32	2021-09-08T07:51:03
8.43695	-53.65359	0	32	2021-09-08T07:56:03
8.43849	-53.65692	0	32	2021-09-08T08:01:03
8.44004	-53.66034	0	32	2021-09-08T08:06:25
8.44148	-53.66342	0	32	2021-09-08T08:11:05
8.44294	-53.66660	0	32	2021-09-08T08:16:04
8.44436	-53.66986	0	32	2021-09-08T08:21:04
8.44580	-53.67307	0	32	2021-09-08T08:26:06
8.44724	-53.67627	0	32	2021-09-08T08:31:06
8.44872	-53.67957	0	32	2021-09-08T08:36:07
8.45016	-53.68277	0	32	2021-09-08T08:41:07
8.45165	-53.68604	0	32	2021-09-08T08:46:08
8.45322	-53.68940	0	32	2021-09-08T08:51:05
8.45473	-53.69260	0	32	2021-09-08T08:56:03
8.45639	-53.69592	0	32	2021-09-08T09:01:04
8.45811	-53.69946	0	32	2021-09-08T09:06:27
8.46264	-53.70939	0	32	2021-09-08T09:20:59
8.46414	-53.71265	0	32	2021-09-08T09:26:00
8.46573	-53.71600	0	32	2021-09-08T09:31:00
8.46743	-53.71940	0	32	2021-09-08T09:36:01
8.46918	-53.72275	0	32	2021-09-08T09:41:01
8.47096	-53.72614	0	32	2021-09-08T09:45:58
8.47281	-53.72952	0	32	2021-09-08T09:50:57
8.47458	-53.73294	0	32	2021-09-08T09:55:54
8.47636	-53.73639	0	32	2021-09-08T10:00:51
8.47824	-53.73996	0	32	2021-09-08T10:06:26
8.47979	-53.74298	0	32	2021-09-08T10:10:52
8.48155	-53.74637	0	32	2021-09-08T10:15:53
8.48337	-53.74985	0	32	2021-09-08T10:20:50
8.48525	-53.75328	0	32	2021-09-08T10:25:50
8.48714	-53.75671	0	32	2021-09-08T10:30:50
8.48911	-53.76019	0	32	2021-09-08T10:35:48
8.49105	-53.76359	0	32	2021-09-08T10:40:48
8.49299	-53.76685	0	32	2021-09-08T10:45:47
8.49503	-53.77017	0	32	2021-09-08T10:50:47
8.49713	-53.77362	0	32	2021-09-08T10:55:45
8.49930	-53.77697	0	32	2021-09-08T11:01:08
8.50163	-53.78049	0	32	2021-09-08T11:06:09
8.50371	-53.78366	0	32	2021-09-08T11:10:47
8.50597	-53.78720	0	32	2021-09-08T11:15:48
8.50830	-53.79083	0	32	2021-09-08T11:20:45
8.51065	-53.79431	0	32	2021-09-08T11:25:42
8.51291	-53.79785	0	32	2021-09-08T11:30:42
8.51516	-53.80139	0	32	2021-09-08T11:35:39
8.51746	-53.80491	0	32	2021-09-08T11:40:36
8.51979	-53.80843	0	32	2021-09-08T11:45:36
8.52206	-53.81186	0	32	2021-09-08T11:50:35
8.52450	-53.81534	0	32	2021-09-08T11:55:36
8.52704	-53.81873	0	32	2021-09-08T12:00:36
8.52971	-53.82233	0	32	2021-09-08T12:05:53
8.53199	-53.82535	0	32	2021-09-08T12:10:30
8.53445	-53.82867	0	32	2021-09-08T12:15:27
8.53697	-53.83211	0	32	2021-09-08T12:20:28
8.53938	-53.83542	0	32	2021-09-08T12:25:25
8.54191	-53.83881	0	32	2021-09-08T12:30:27
8.54448	-53.84222	0	32	2021-09-08T12:35:25
8.54704	-53.84567	0	32	2021-09-08T12:40:26
8.54964	-53.84911	0	32	2021-09-08T12:45:21
8.55217	-53.85263	0	32	2021-09-08T12:50:21
8.55476	-53.85611	0	32	2021-09-08T12:55:22
8.55730	-53.85956	0	32	2021-09-08T13:00:24
8.56019	-53.86325	0	32	2021-09-08T13:05:55
8.56267	-53.86640	0	32	2021-09-08T13:10:25
8.56542	-53.86975	0	32	2021-09-08T13:15:25
8.56817	-53.87314	0	32	2021-09-08T13:20:27
8.57080	-53.87646	0	32	2021-09-08T13:25:26
8.57332	-53.87982	0	32	2021-09-08T13:30:28
8.57585	-53.88323	0	32	2021-09-08T13:35:26
8.57846	-53.88632	0	32	2021-09-08T13:40:26
8.58118	-53.88965	0	32	2021-09-08T13:45:26
8.58358	-53.89287	0	32	2021-09-08T13:50:24
8.58597	-53.89605	0	32	2021-09-08T13:55:24
8.58825	-53.89905	0	32	2021-09-08T14:00:23
8.59084	-53.90256	0	32	2021-09-08T14:05:56
8.59291	-53.90530	0	32	2021-09-08T14:10:28
8.59521	-53.90823	0	32	2021-09-08T14:15:27
8.59761	-53.91116	0	32	2021-09-08T14:20:29
8.60003	-53.91409	0	32	2021-09-08T14:25:30
8.60258	-53.91697	0	32	2021-09-08T14:30:28
8.60516	-53.91980	0	32	2021-09-08T14:35:28
8.60769	-53.92258	0	32	2021-09-08T14:40:28
8.61034	-53.92532	0	32	2021-09-08T14:45:32
8.61297	-53.92798	0	32	2021-09-08T14:50:31
8.61564	-53.93063	0	32	2021-09-08T14:55:34
8.61829	-53.93314	0	32	2021-09-08T15:00:36
8.62113	-53.93576	0	32	2021-09-08T15:05:56
8.62357	-53.93793	0	32	2021-09-08T15:10:37
8.62617	-53.94016	0	32	2021-09-08T15:15:35
8.62888	-53.94244	0	32	2021-09-08T15:20:36
8.63169	-53.94470	0	32	2021-09-08T15:25:33
8.63458	-53.94696	0	32	2021-09-08T15:30:36
8.63758	-53.94925	0	32	2021-09-08T15:35:37
8.64067	-53.95148	0	32	2021-09-08T15:40:38
8.64376	-53.95381	0	32	2021-09-08T15:45:32
8.64676	-53.95596	0	32	2021-09-08T15:50:33
8.64985	-53.95816	0	32	2021-09-08T15:55:34
8.65309	-53.96036	0	32	2021-09-08T16:00:50
8.65618	-53.96259	0	32	2021-09-08T16:05:56
8.65903	-53.96448	0	32	2021-09-08T16:10:37
8.66179	-53.96655	0	32	2021-09-08T16:15:38
8.66468	-53.96857	0	32	2021-09-08T16:20:41
8.66759	-53.97063	0	32	2021-09-08T16:25:43
8.67033	-53.97260	0	32	2021-09-08T16:30:44
8.67301	-53.97458	0	32	2021-09-08T16:35:44
8.67566	-53.97656	0	32	2021-09-08T16:40:46
8.67840	-53.97859	0	32	2021-09-08T16:45:42
8.68106	-53.98056	0	32	2021-09-08T16:50:43
8.68363	-53.98245	0	32	2021-09-08T16:55:43
8.68629	-53.98447	0	32	2021-09-08T17:00:41
8.68910	-53.98660	0	32	2021-09-08T17:06:06
8.69152	-53.98837	0	32	2021-09-08T17:10:40
8.69421	-53.99020	0	32	2021-09-08T17:15:37
8.69703	-53.99210	0	32	2021-09-08T17:20:40
8.69994	-53.99402	0	32	2021-09-08T17:25:34
8.70261	-53.99582	0	32	2021-09-08T17:30:35
8.70529	-53.99768	0	32	2021-09-08T17:35:36
8.70813	-53.99963	0	32	2021-09-08T17:40:36
8.71088	-54.00156	0	32	2021-09-08T17:45:34
8.71371	-54.00336	0	32	2021-09-08T17:50:34
8.71648	-54.00531	0	32	2021-09-08T17:55:35
8.71927	-54.00725	0	32	2021-09-08T18:00:36
8.72237	-54.00940	0	32	2021-09-08T18:05:36
8.72494	-54.01120	0	32	2021-09-08T18:10:35
8.72771	-54.01324	0	32	2021-09-08T18:15:35
8.73044	-54.01526	0	32	2021-09-08T18:20:36
8.73325	-54.01726	0	32	2021-09-08T18:25:32
8.73612	-54.01923	0	32	2021-09-08T18:30:32
8.73902	-54.02130	0	32	2021-09-08T18:35:29
8.74194	-54.02345	0	32	2021-09-08T18:40:27
8.74477	-54.02551	0	32	2021-09-08T18:45:27
8.74766	-54.02757	0	32	2021-09-08T18:50:26
8.75050	-54.02963	0	32	2021-09-08T18:55:26
8.75341	-54.03168	0	32	2021-09-08T19:00:27
8.75661	-54.03373	0	32	2021-09-08T19:05:31
8.75923	-54.03519	0	32	2021-09-08T19:10:31
8.76215	-54.03696	0	32	2021-09-08T19:15:32
8.76515	-54.03873	0	32	2021-09-08T19:20:31
8.76810	-54.04050	0	32	2021-09-08T19:25:30
8.77106	-54.04236	0	32	2021-09-08T19:30:32
8.77394	-54.04428	0	32	2021-09-08T19:35:33
8.77683	-54.04617	0	32	2021-09-08T19:40:33
8.77983	-54.04800	0	32	2021-09-08T19:45:31
8.78284	-54.04990	0	32	2021-09-08T19:50:33
8.78595	-54.05185	0	32	2021-09-08T19:55:35
8.78895	-54.05374	0	32	2021-09-08T20:00:34
8.79208	-54.05566	0	32	2021-09-08T20:05:54
8.79479	-54.05740	0	32	2021-09-08T20:10:35
8.79776	-54.05930	0	32	2021-09-08T20:15:36
8.80072	-54.06094	0	32	2021-09-08T20:20:37
8.80364	-54.06274	0	32	2021-09-08T20:25:35
8.80660	-54.06451	0	32	2021-09-08T20:30:39
8.80945	-54.06621	0	32	2021-09-08T20:35:40
8.81232	-54.06793	0	32	2021-09-08T20:40:40
8.81518	-54.06955	0	32	2021-09-08T20:45:37
8.81809	-54.07128	0	32	2021-09-08T20:50:38
8.82098	-54.07282	0	32	2021-09-08T20:55:39
8.82381	-54.07428	0	32	2021-09-08T21:00:39
8.82704	-54.07599	0	32	2021-09-08T21:06:07
8.82976	-54.07742	0	32	2021-09-08T21:10:42
8.83280	-54.07892	0	32	2021-09-08T21:15:42
8.83572	-54.08038	0	32	2021-09-08T21:20:42
8.83868	-54.08182	0	32	2021-09-08T21:25:40
8.84164	-54.08328	0	32	2021-09-08T21:30:41
8.84465	-54.08472	0	32	2021-09-08T21:35:39
8.84770	-54.08609	0	32	2021-09-08T21:40:40
8.85075	-54.08746	0	32	2021-09-08T21:45:39
8.85374	-54.08890	0	32	2021-09-08T21:50:40
8.85670	-54.09027	0	32	2021-09-08T21:55:39
8.85966	-54.09161	0	32	2021-09-08T22:00:35
8.86281	-54.09298	0	32	2021-09-08T22:05:38
8.86548	-54.09418	0	32	2021-09-08T22:10:37
8.86830	-54.09543	0	32	2021-09-08T22:15:34
8.87097	-54.09683	0	32	2021-09-08T22:20:33
8.87382	-54.09811	0	32	2021-09-08T22:25:32
8.87660	-54.09940	0	32	2021-09-08T22:30:32
8.87944	-54.10077	0	32	2021-09-08T22:35:32
8.88223	-54.10211	0	32	2021-09-08T22:40:33
8.88493	-54.10354	0	32	2021-09-08T22:45:31
8.88772	-54.10483	0	32	2021-09-08T22:50:32
8.89035	-54.10617	0	32	2021-09-08T22:55:29
8.89284	-54.10733	0	32	2021-09-08T23:00:30
8.89560	-54.10875	0	32	2021-09-08T23:05:27
8.89783	-54.10974	0	32	2021-09-08T23:10:28
8.90027	-54.11081	0	32	2021-09-08T23:15:27
8.90282	-54.11191	0	32	2021-09-08T23:20:24
8.90535	-54.11295	0	32	2021-09-08T23:25:25
8.90788	-54.11389	0	32	2021-09-08T23:30:24
8.91042	-54.11478	0	32	2021-09-08T23:35:23
8.91297	-54.11583	0	32	2021-09-08T23:40:21
8.91541	-54.11679	0	32	2021-09-08T23:45:22
8.91782	-54.11798	0	32	2021-09-08T23:50:20
8.92021	-54.11920	0	32	2021-09-08T23:55:23
8.92249	-54.12036	0	32	2021-09-09T00:00:24
8.92488	-54.12164	0	32	2021-09-09T00:05:56
8.92672	-54.12289	0	32	2021-09-09T00:10:23
8.92890	-54.12418	0	32	2021-09-09T00:15:20
8.93105	-54.12552	0	32	2021-09-09T00:20:20
8.93298	-54.12665	0	32	2021-09-09T00:25:18
8.93502	-54.12787	0	32	2021-09-09T00:30:18
8.93703	-54.12912	0	32	2021-09-09T00:35:15
8.93915	-54.13046	0	32	2021-09-09T00:40:16
8.94131	-54.13174	0	32	2021-09-09T00:45:13
8.94356	-54.13307	0	32	2021-09-09T00:50:10
8.94566	-54.13419	0	32	2021-09-09T00:55:11
8.94785	-54.13531	0	32	2021-09-09T01:00:11
8.94998	-54.13647	0	32	2021-09-09T01:05:25
8.95182	-54.13754	0	32	2021-09-09T01:10:09
8.95406	-54.13856	0	32	2021-09-09T01:15:10
8.95621	-54.13968	0	32	2021-09-09T01:20:10
8.95839	-54.14072	0	32	2021-09-09T01:25:08
8.96062	-54.14169	0	32	2021-09-09T01:30:10
8.96293	-54.14270	0	32	2021-09-09T01:35:10
8.96529	-54.14371	0	32	2021-09-09T01:40:11
8.96766	-54.14462	0	32	2021-09-09T01:45:11
8.96993	-54.14563	0	32	2021-09-09T01:50:13
8.97234	-54.14665	0	32	2021-09-09T01:55:37
8.97470	-54.14759	0	32	2021-09-09T02:00:38
8.97727	-54.14853	0	32	2021-09-09T02:05:38
8.97962	-54.14935	0	32	2021-09-09T02:10:16
8.98206	-54.15021	0	32	2021-09-09T02:15:16
8.98442	-54.15088	0	32	2021-09-09T02:20:17
8.98668	-54.15146	0	32	2021-09-09T02:25:14
8.98903	-54.15213	0	32	2021-09-09T02:30:15
8.99142	-54.15283	0	32	2021-09-09T02:35:13
8.99377	-54.15352	0	32	2021-09-09T02:40:13
8.99610	-54.15421	0	32	2021-09-09T02:45:13
8.99845	-54.15491	0	32	2021-09-09T02:50:12
9.00071	-54.15572	0	32	2021-09-09T02:55:11
9.00299	-54.15649	0	32	2021-09-09T03:00:10
9.00536	-54.15732	0	32	2021-09-09T03:05:25
9.00981	-54.15900	0	32	2021-09-09T03:15:19
9.01207	-54.15977	0	32	2021-09-09T03:20:20
9.01435	-54.16046	0	32	2021-09-09T03:25:20
9.01660	-54.16116	0	32	2021-09-09T03:30:18
9.01884	-54.16180	0	32	2021-09-09T03:35:23
9.02101	-54.16241	0	32	2021-09-09T03:40:08
9.02321	-54.16317	0	32	2021-09-09T03:45:05
9.02544	-54.16379	0	32	2021-09-09T03:50:06
9.02759	-54.16455	0	32	2021-09-09T03:55:04
9.02968	-54.16531	0	32	2021-09-09T04:00:04
9.03215	-54.16617	0	32	2021-09-09T04:05:27
9.03426	-54.16687	0	32	2021-09-09T04:10:04
9.03675	-54.16767	0	32	2021-09-09T04:15:03
9.03911	-54.16827	0	32	2021-09-09T04:20:04
9.04138	-54.16901	0	32	2021-09-09T04:25:01
9.04369	-54.16973	0	32	2021-09-09T04:29:58
9.04597	-54.17050	0	32	2021-09-09T04:34:58
9.04820	-54.17139	0	32	2021-09-09T04:39:59
9.05035	-54.17224	0	32	2021-09-09T04:45:00
9.05249	-54.17310	0	32	2021-09-09T04:49:57
9.05458	-54.17374	0	32	2021-09-09T04:54:54
9.05660	-54.17441	0	32	2021-09-09T04:59:55
9.05874	-54.17508	0	32	2021-09-09T05:05:27
9.06052	-54.17572	0	32	2021-09-09T05:09:57
9.06256	-54.17651	0	32	2021-09-09T05:14:56
9.06450	-54.17712	0	32	2021-09-09T05:19:54
9.06662	-54.17797	0	32	2021-09-09T05:24:56
9.06868	-54.17866	0	32	2021-09-09T05:29:56
9.07077	-54.17935	0	32	2021-09-09T05:34:57
9.07292	-54.18011	0	32	2021-09-09T05:39:54
9.07518	-54.18097	0	32	2021-09-09T05:44:55
9.07746	-54.18174	0	32	2021-09-09T05:49:55
9.07973	-54.18243	0	32	2021-09-09T05:54:54
9.08444	-54.18415	0	32	2021-09-09T06:04:54
9.08646	-54.18484	0	32	2021-09-09T06:09:55
9.08869	-54.18561	0	32	2021-09-09T06:14:55
9.09103	-54.18640	0	32	2021-09-09T06:19:56
9.09341	-54.18719	0	32	2021-09-09T06:24:57
9.09568	-54.18796	0	32	2021-09-09T06:29:56
9.09796	-54.18872	0	32	2021-09-09T06:34:56
9.10013	-54.18939	0	32	2021-09-09T06:39:57
9.10232	-54.19003	0	32	2021-09-09T06:44:58
9.10466	-54.19070	0	32	2021-09-09T06:49:59
9.10683	-54.19147	0	32	2021-09-09T06:54:59
9.10900	-54.19220	0	32	2021-09-09T07:00:01
9.11149	-54.19296	0	32	2021-09-09T07:05:55
9.11318	-54.19349	0	32	2021-09-09T07:09:57
9.11520	-54.19418	0	32	2021-09-09T07:14:56
9.11722	-54.19489	0	32	2021-09-09T07:19:56
9.11935	-54.19565	0	32	2021-09-09T07:24:54
9.12142	-54.19638	0	32	2021-09-09T07:29:56
9.12353	-54.19705	0	32	2021-09-09T07:34:55
9.12562	-54.19769	0	32	2021-09-09T07:39:55
9.12775	-54.19836	0	32	2021-09-09T07:44:56
9.12994	-54.19910	0	32	2021-09-09T07:49:53
9.13213	-54.19989	0	32	2021-09-09T07:54:51
9.13432	-54.20078	0	32	2021-09-09T08:00:26
9.13664	-54.20172	0	32	2021-09-09T08:05:27
9.13852	-54.20255	0	32	2021-09-09T08:09:52
9.14270	-54.20424	0	32	2021-09-09T08:19:47
9.14478	-54.20505	0	32	2021-09-09T08:24:48
9.14686	-54.20587	0	32	2021-09-09T08:29:48
9.14899	-54.20673	0	32	2021-09-09T08:34:48
9.15113	-54.20746	0	32	2021-09-09T08:39:49
9.15321	-54.20819	0	32	2021-09-09T08:44:47
9.15511	-54.20889	0	32	2021-09-09T08:49:48
9.15870	-54.21011	0	32	2021-09-09T08:59:49
9.16088	-54.21078	0	32	2021-09-09T09:04:49
9.16234	-54.21121	0	32	2021-09-09T09:09:48
9.16411	-54.21164	0	32	2021-09-09T09:14:51
9.16583	-54.21207	0	32	2021-09-09T09:19:49
9.16757	-54.21259	0	32	2021-09-09T09:24:47
9.16926	-54.21304	0	32	2021-09-09T09:29:50
9.17111	-54.21359	0	32	2021-09-09T09:34:48
9.17286	-54.21414	0	32	2021-09-09T09:39:50
9.17470	-54.21472	0	32	2021-09-09T09:44:50
9.17656	-54.21538	0	32	2021-09-09T09:49:50
9.17841	-54.21598	0	32	2021-09-09T09:54:50
9.18030	-54.21649	0	32	2021-09-09T09:59:49
9.18248	-54.21729	0	32	2021-09-09T10:04:49
9.18407	-54.21780	0	32	2021-09-09T10:09:49
9.18591	-54.21844	0	32	2021-09-09T10:14:50
9.18779	-54.21915	0	32	2021-09-09T10:19:48
9.19131	-54.22064	0	32	2021-09-09T10:29:51
9.19312	-54.22133	0	32	2021-09-09T10:34:51
9.19487	-54.22202	0	32	2021-09-09T10:39:52
9.19666	-54.22281	0	32	2021-09-09T10:44:51
9.19835	-54.22351	0	32	2021-09-09T10:49:52
9.20004	-54.22427	0	32	2021-09-09T10:54:50
9.20176	-54.22507	0	32	2021-09-09T10:59:48
9.20370	-54.22597	0	32	2021-09-09T11:04:49
9.20515	-54.22675	0	32	2021-09-09T11:09:52
9.20683	-54.22751	0	32	2021-09-09T11:14:50
9.20856	-54.22833	0	32	2021-09-09T11:19:51
9.21024	-54.22910	0	32	2021-09-09T11:24:50
9.21200	-54.22992	0	32	2021-09-09T11:29:57
9.21387	-54.23074	0	32	2021-09-09T11:34:54
9.21587	-54.23151	0	32	2021-09-09T11:39:54
9.21779	-54.23238	0	32	2021-09-09T11:44:55
9.21968	-54.23307	0	32	2021-09-09T11:49:55
9.22148	-54.23376	0	32	2021-09-09T11:54:54
9.22340	-54.23450	0	32	2021-09-09T11:59:56
9.22544	-54.23541	0	32	2021-09-09T12:05:25
9.22711	-54.23615	0	32	2021-09-09T12:09:55
9.23070	-54.23774	0	32	2021-09-09T12:19:52
9.23245	-54.23843	0	32	2021-09-09T12:24:51
9.23422	-54.23920	0	32	2021-09-09T12:29:51
9.23598	-54.23984	0	32	2021-09-09T12:34:48
9.23776	-54.24039	0	32	2021-09-09T12:39:49
9.23952	-54.24091	0	32	2021-09-09T12:44:50
9.24135	-54.24142	0	32	2021-09-09T12:49:43
9.24320	-54.24185	0	32	2021-09-09T12:54:44
9.24503	-54.24237	0	32	2021-09-09T12:59:45
9.24701	-54.24310	0	32	2021-09-09T13:05:08
9.24869	-54.24359	0	32	2021-09-09T13:09:45
9.25052	-54.24428	0	32	2021-09-09T13:14:43
9.25229	-54.24479	0	32	2021-09-09T13:19:43
9.25400	-54.24539	0	32	2021-09-09T13:24:42
9.25577	-54.24603	0	32	2021-09-09T13:29:45
9.25747	-54.24680	0	32	2021-09-09T13:34:42
9.25906	-54.24760	0	32	2021-09-09T13:39:40
9.26069	-54.24829	0	32	2021-09-09T13:44:40
9.26235	-54.24893	0	32	2021-09-09T13:49:38
9.26403	-54.24971	0	32	2021-09-09T13:54:54
9.26562	-54.25022	0	32	2021-09-09T13:59:55
9.26734	-54.25073	0	32	2021-09-09T14:04:55
9.26887	-54.25110	0	32	2021-09-09T14:09:38
9.27051	-54.25156	0	32	2021-09-09T14:14:38
9.27210	-54.25198	0	32	2021-09-09T14:19:35
9.27373	-54.25241	0	32	2021-09-09T14:24:36
9.27537	-54.25275	0	32	2021-09-09T14:29:37
9.27706	-54.25314	0	32	2021-09-09T14:34:34
9.27865	-54.25340	0	32	2021-09-09T14:39:34
9.28015	-54.25357	0	32	2021-09-09T14:44:33
9.28167	-54.25375	0	32	2021-09-09T14:49:35
9.28318	-54.25397	0	32	2021-09-09T14:54:33
9.28473	-54.25409	0	32	2021-09-09T14:59:39
9.28637	-54.25421	0	32	2021-09-09T15:04:55
9.28782	-54.25421	0	32	2021-09-09T15:09:32
9.28932	-54.25421	0	32	2021-09-09T15:14:33
9.29080	-54.25412	0	32	2021-09-09T15:19:29
9.29218	-54.25406	0	32	2021-09-09T15:24:30
9.29360	-54.25400	0	32	2021-09-09T15:29:27
9.29500	-54.25406	0	32	2021-09-09T15:34:24
9.29644	-54.25406	0	32	2021-09-09T15:39:23
9.29780	-54.25409	0	32	2021-09-09T15:44:22
9.29914	-54.25409	0	32	2021-09-09T15:49:22
9.30059	-54.25403	0	32	2021-09-09T15:54:20
9.30197	-54.25403	0	32	2021-09-09T15:59:20
9.30466	-54.25385	0	32	2021-09-09T16:09:18
9.30583	-54.25356	0	32	2021-09-09T16:14:16
9.30702	-54.25345	0	32	2021-09-09T16:19:17
9.30810	-54.25330	0	32	2021-09-09T16:24:15
9.30918	-54.25314	0	32	2021-09-09T16:29:16
9.31028	-54.25299	0	32	2021-09-09T16:34:16
9.31138	-54.25287	0	32	2021-09-09T16:39:17
9.31249	-54.25278	0	32	2021-09-09T16:44:16
9.31368	-54.25274	0	32	2021-09-09T16:49:14
9.31467	-54.25265	0	32	2021-09-09T16:54:14
9.31579	-54.25256	0	32	2021-09-09T16:59:13
9.31703	-54.25247	0	32	2021-09-09T17:04:37
9.31809	-54.25241	0	32	2021-09-09T17:09:11
9.31912	-54.25241	0	32	2021-09-09T17:14:11
9.32020	-54.25232	0	32	2021-09-09T17:19:12
9.32132	-54.25220	0	32	2021-09-09T17:24:12
9.32361	-54.25179	0	32	2021-09-09T17:34:21
9.32457	-54.25171	0	32	2021-09-09T17:39:18
9.32559	-54.25153	0	32	2021-09-09T17:44:20
9.32653	-54.25150	0	32	2021-09-09T17:49:33
9.32752	-54.25150	0	32	2021-09-09T17:54:33
9.32834	-54.25157	0	32	2021-09-09T18:00:13
9.32916	-54.25174	0	32	2021-09-09T18:05:13
9.32982	-54.25183	0	32	2021-09-09T18:09:18
9.33061	-54.25200	0	32	2021-09-09T18:14:22
9.33125	-54.25217	0	32	2021-09-09T18:19:23
9.33202	-54.25235	0	32	2021-09-09T18:24:19
9.33280	-54.25249	0	32	2021-09-09T18:29:17
9.33348	-54.25266	0	32	2021-09-09T18:34:17
9.33425	-54.25290	0	32	2021-09-09T18:39:18
9.33494	-54.25326	0	32	2021-09-09T18:44:15
9.33558	-54.25360	0	32	2021-09-09T18:49:15
9.33625	-54.25406	0	32	2021-09-09T18:54:12
9.33695	-54.25457	0	32	2021-09-09T18:59:37
9.33778	-54.25500	0	32	2021-09-09T19:04:37
9.33841	-54.25540	0	32	2021-09-09T19:09:11
9.33910	-54.25583	0	32	2021-09-09T19:14:08
9.33977	-54.25630	0	32	2021-09-09T19:19:06
9.34037	-54.25656	0	32	2021-09-09T19:24:06
9.34103	-54.25690	0	32	2021-09-09T19:29:06
9.34172	-54.25723	0	32	2021-09-09T19:34:04
9.34235	-54.25751	0	32	2021-09-09T19:39:04
9.34298	-54.25784	0	32	2021-09-09T19:44:02
9.34359	-54.25827	0	32	2021-09-09T19:49:03
9.34423	-54.25870	0	32	2021-09-09T19:54:00
9.34486	-54.25920	0	32	2021-09-09T19:59:24
9.34545	-54.25980	0	32	2021-09-09T20:04:25
9.34610	-54.26028	0	32	2021-09-09T20:09:03
9.34692	-54.26077	0	32	2021-09-09T20:14:02
9.34765	-54.26129	0	32	2021-09-09T20:19:04
9.34839	-54.26174	0	32	2021-09-09T20:24:05
9.34908	-54.26208	0	32	2021-09-09T20:29:05
9.34976	-54.26254	0	32	2021-09-09T20:34:04
9.35051	-54.26295	0	32	2021-09-09T20:39:11
9.35112	-54.26338	0	32	2021-09-09T20:44:11
9.35172	-54.26389	0	32	2021-09-09T20:49:10
9.35232	-54.26434	0	32	2021-09-09T20:54:10
9.35295	-54.26483	0	32	2021-09-09T20:59:14
9.35364	-54.26559	0	32	2021-09-09T21:04:38
9.35422	-54.26608	0	32	2021-09-09T21:09:13
9.35483	-54.26663	0	32	2021-09-09T21:14:10
9.35546	-54.26717	0	32	2021-09-09T21:19:11
9.35605	-54.26758	0	32	2021-09-09T21:24:10
9.35661	-54.26794	0	32	2021-09-09T21:29:11
9.35715	-54.26837	0	32	2021-09-09T21:34:09
9.35765	-54.26874	0	32	2021-09-09T21:39:10
9.35818	-54.26913	0	32	2021-09-09T21:44:11
9.35879	-54.26959	0	32	2021-09-09T21:49:13
9.35948	-54.27005	0	32	2021-09-09T21:54:13
9.36018	-54.27048	0	32	2021-09-09T21:59:17
9.36107	-54.27100	0	32	2021-09-09T22:04:56
9.36176	-54.27149	0	32	2021-09-09T22:09:12
9.36255	-54.27197	0	32	2021-09-09T22:14:15
9.36340	-54.27243	0	32	2021-09-09T22:19:12
9.36422	-54.27292	0	32	2021-09-09T22:24:11
9.36509	-54.27341	0	32	2021-09-09T22:29:08
9.36598	-54.27396	0	32	2021-09-09T22:34:08
9.36694	-54.27444	0	32	2021-09-09T22:39:05
9.36797	-54.27509	0	32	2021-09-09T22:44:06
9.36895	-54.27574	0	32	2021-09-09T22:49:07
9.36989	-54.27634	0	32	2021-09-09T22:54:07
9.37088	-54.27692	0	32	2021-09-09T22:59:09
9.37191	-54.27747	0	32	2021-09-09T23:04:55
9.37262	-54.27791	0	32	2021-09-09T23:09:09
9.37345	-54.27825	0	32	2021-09-09T23:14:08
9.37421	-54.27859	0	32	2021-09-09T23:19:08
9.37505	-54.27887	0	32	2021-09-09T23:24:08
9.37594	-54.27923	0	32	2021-09-09T23:29:10
9.37679	-54.27957	0	32	2021-09-09T23:34:10
9.37768	-54.28000	0	32	2021-09-09T23:39:11
9.37856	-54.28040	0	32	2021-09-09T23:44:09
9.37941	-54.28079	0	32	2021-09-09T23:49:10
9.38028	-54.28128	0	32	2021-09-09T23:54:10
9.38118	-54.28171	0	32	2021-09-09T23:59:11
9.38212	-54.28220	0	32	2021-09-10T00:04:27
9.38289	-54.28265	0	32	2021-09-10T00:09:10
9.38373	-54.28311	0	32	2021-09-10T00:14:09
9.38456	-54.28354	0	32	2021-09-10T00:19:10
9.38541	-54.28397	0	32	2021-09-10T00:24:08
9.38635	-54.28442	0	32	2021-09-10T00:29:09
9.38729	-54.28491	0	32	2021-09-10T00:34:09
9.38819	-54.28540	0	32	2021-09-10T00:39:10
9.38904	-54.28586	0	32	2021-09-10T00:44:07
9.38992	-54.28638	0	32	2021-09-10T00:49:08
9.39071	-54.28687	0	32	2021-09-10T00:54:10
9.39157	-54.28738	0	32	2021-09-10T00:59:09
9.39258	-54.28790	0	32	2021-09-10T01:04:25
9.39339	-54.28836	0	32	2021-09-10T01:09:08
9.39429	-54.28873	0	32	2021-09-10T01:14:08
9.39516	-54.28925	0	32	2021-09-10T01:19:06
9.39594	-54.28970	0	32	2021-09-10T01:24:06
9.39675	-54.29019	0	32	2021-09-10T01:29:07
9.39764	-54.29071	0	32	2021-09-10T01:34:04
9.39858	-54.29129	0	32	2021-09-10T01:39:05
9.39948	-54.29191	0	32	2021-09-10T01:44:02
9.40042	-54.29242	0	32	2021-09-10T01:49:02
9.40137	-54.29294	0	32	2021-09-10T01:54:00
9.40229	-54.29355	0	32	2021-09-10T01:59:00
9.40330	-54.29401	0	32	2021-09-10T02:04:25
9.40418	-54.29440	0	32	2021-09-10T02:08:59
9.40511	-54.29483	0	32	2021-09-10T02:13:59
9.40606	-54.29526	0	32	2021-09-10T02:19:00
9.40696	-54.29578	0	32	2021-09-10T02:24:01
9.40790	-54.29626	0	32	2021-09-10T02:28:58
9.40883	-54.29678	0	32	2021-09-10T02:33:58
9.40968	-54.29721	0	32	2021-09-10T02:38:57
9.41061	-54.29767	0	32	2021-09-10T02:44:00
9.41150	-54.29816	0	32	2021-09-10T02:48:59
9.41240	-54.29861	0	32	2021-09-10T02:53:55
9.41325	-54.29901	0	32	2021-09-10T02:58:59
9.41413	-54.29953	0	32	2021-09-10T03:04:27
9.41484	-54.29987	0	32	2021-09-10T03:08:54
9.41569	-54.30026	0	32	2021-09-10T03:13:54
9.41652	-54.30063	0	32	2021-09-10T03:18:55
9.41732	-54.30106	0	32	2021-09-10T03:23:56
9.41817	-54.30142	0	32	2021-09-10T03:28:54
9.41897	-54.30182	0	32	2021-09-10T03:33:55
9.41982	-54.30215	0	32	2021-09-10T03:38:54
9.42069	-54.30258	0	32	2021-09-10T03:43:53
9.42141	-54.30292	0	32	2021-09-10T03:48:53
9.42220	-54.30334	0	32	2021-09-10T03:53:51
9.42295	-54.30371	0	32	2021-09-10T03:58:54
9.42373	-54.30402	0	32	2021-09-10T04:04:25
9.42437	-54.30432	0	32	2021-09-10T04:08:51
9.42506	-54.30466	0	32	2021-09-10T04:13:50
9.42567	-54.30498	0	32	2021-09-10T04:18:50
9.42627	-54.30524	0	32	2021-09-10T04:23:50
9.42684	-54.30551	0	32	2021-09-10T04:28:52
9.42747	-54.30585	0	32	2021-09-10T04:33:53
9.42808	-54.30627	0	32	2021-09-10T04:38:53
9.42873	-54.30664	0	32	2021-09-10T04:43:51
9.42936	-54.30711	0	32	2021-09-10T04:48:56
9.43000	-54.30737	0	32	2021-09-10T04:53:56
9.43064	-54.30771	0	32	2021-09-10T04:58:56
9.43134	-54.30820	0	32	2021-09-10T05:04:25
9.43194	-54.30862	0	32	2021-09-10T05:08:56
9.43261	-54.30902	0	32	2021-09-10T05:14:00
9.43321	-54.30936	0	32	2021-09-10T05:19:00
9.43379	-54.30972	0	32	2021-09-10T05:24:05
9.43481	-54.31060	0	32	2021-09-10T05:33:56
9.43524	-54.31103	0	32	2021-09-10T05:38:56
9.43571	-54.31146	0	32	2021-09-10T05:43:57
9.43615	-54.31189	0	32	2021-09-10T05:48:58
9.43657	-54.31232	0	32	2021-09-10T05:53:58
9.43707	-54.31274	0	32	2021-09-10T05:58:55
9.43765	-54.31320	0	32	2021-09-10T06:03:49
9.43809	-54.31354	0	32	2021-09-10T06:08:49
9.43859	-54.31400	0	32	2021-09-10T06:13:49
9.43904	-54.31442	0	32	2021-09-10T06:18:50
9.43950	-54.31491	0	32	2021-09-10T06:23:47
9.44000	-54.31543	0	32	2021-09-10T06:28:45
9.44051	-54.31592	0	32	2021-09-10T06:33:45
9.44102	-54.31644	0	32	2021-09-10T06:38:44
9.44164	-54.31704	0	32	2021-09-10T06:43:45
9.44220	-54.31747	0	32	2021-09-10T06:48:45
9.44276	-54.31790	0	32	2021-09-10T06:53:46
9.44335	-54.31855	0	32	2021-09-10T06:59:06
9.44382	-54.31906	0	32	2021-09-10T07:04:07
9.44426	-54.31967	0	32	2021-09-10T07:08:45
9.44469	-54.32031	0	32	2021-09-10T07:13:42
9.44516	-54.32101	0	32	2021-09-10T07:18:45
9.44572	-54.32166	0	32	2021-09-10T07:23:43
9.44628	-54.32236	0	32	2021-09-10T07:28:45
9.44685	-54.32312	0	32	2021-09-10T07:33:45
9.44736	-54.32382	0	32	2021-09-10T07:38:46
9.44796	-54.32463	0	32	2021-09-10T07:43:46
9.44839	-54.32535	0	32	2021-09-10T07:48:45
9.44877	-54.32617	0	32	2021-09-10T07:53:45
9.44921	-54.32703	0	32	2021-09-10T07:58:42
9.44954	-54.32806	0	32	2021-09-10T08:04:10
9.44990	-54.32895	0	32	2021-09-10T08:08:39
9.45026	-54.32990	0	32	2021-09-10T08:13:37
9.45067	-54.33090	0	32	2021-09-10T08:18:37
9.45102	-54.33201	0	32	2021-09-10T08:23:35
9.45133	-54.33295	0	32	2021-09-10T08:28:35
9.45166	-54.33401	0	32	2021-09-10T08:33:35
9.45200	-54.33502	0	32	2021-09-10T08:38:36
9.45229	-54.33617	0	32	2021-09-10T08:43:33
9.45255	-54.33720	0	32	2021-09-10T08:48:32
9.45280	-54.33823	0	32	2021-09-10T08:53:32
9.45309	-54.33929	0	32	2021-09-10T08:58:35
9.45345	-54.34045	0	32	2021-09-10T09:03:57
9.45381	-54.34149	0	32	2021-09-10T09:08:34
9.45407	-54.34268	0	32	2021-09-10T09:13:32
9.45428	-54.34396	0	32	2021-09-10T09:18:33
9.45440	-54.34528	0	32	2021-09-10T09:23:32
9.45465	-54.34669	0	32	2021-09-10T09:28:30
9.45482	-54.34806	0	32	2021-09-10T09:33:31
9.45508	-54.34943	0	32	2021-09-10T09:38:31
9.45543	-54.35080	0	32	2021-09-10T09:43:28
9.45571	-54.35214	0	32	2021-09-10T09:48:28
9.45600	-54.35354	0	32	2021-09-10T09:53:27
9.45621	-54.35483	0	32	2021-09-10T09:58:27
9.45646	-54.35626	0	32	2021-09-10T10:03:56
9.45665	-54.35748	0	32	2021-09-10T10:08:24
9.45686	-54.35886	0	32	2021-09-10T10:13:26
9.45712	-54.36023	0	32	2021-09-10T10:18:27
9.45742	-54.36160	0	32	2021-09-10T10:23:24
9.45772	-54.36288	0	32	2021-09-10T10:28:26
9.45799	-54.36417	0	32	2021-09-10T10:33:26
9.45820	-54.36548	0	32	2021-09-10T10:38:27
9.45842	-54.36670	0	32	2021-09-10T10:43:27
9.45869	-54.36798	0	32	2021-09-10T10:48:29
9.45895	-54.36926	0	32	2021-09-10T10:53:29
9.45928	-54.37061	0	32	2021-09-10T10:58:31
9.45973	-54.37210	0	32	2021-09-10T11:03:57
9.46008	-54.37341	0	32	2021-09-10T11:08:32
9.46045	-54.37488	0	32	2021-09-10T11:13:33
9.46083	-54.37625	0	32	2021-09-10T11:18:33
9.46130	-54.37766	0	32	2021-09-10T11:23:31
9.46176	-54.37915	0	32	2021-09-10T11:28:34
9.46224	-54.38068	0	32	2021-09-10T11:33:32
9.46275	-54.38214	0	32	2021-09-10T11:38:33
9.46331	-54.38358	0	32	2021-09-10T11:43:30
9.46383	-54.38500	0	32	2021-09-10T11:48:31
9.46434	-54.38629	0	32	2021-09-10T11:53:31
9.46482	-54.38757	0	32	2021-09-10T11:58:30
9.46524	-54.38879	0	32	2021-09-10T12:04:11
9.46568	-54.39005	0	32	2021-09-10T12:08:42
9.46629	-54.39154	0	32	2021-09-10T12:13:39
9.46688	-54.39307	0	32	2021-09-10T12:18:39
9.46754	-54.39450	0	32	2021-09-10T12:23:37
9.46828	-54.39618	0	32	2021-09-10T12:28:22
9.46916	-54.39811	0	32	2021-09-10T12:33:19
9.46950	-54.39880	0	32	2021-09-10T12:38:20
9.47006	-54.40015	0	32	2021-09-10T12:43:24
9.47070	-54.40155	0	32	2021-09-10T12:48:18
9.47133	-54.40292	0	32	2021-09-10T12:53:16
9.47198	-54.40427	0	32	2021-09-10T12:58:19
9.47275	-54.40583	0	32	2021-09-10T13:03:17
9.47322	-54.40695	0	32	2021-09-10T13:08:18
9.47380	-54.40823	0	32	2021-09-10T13:13:18
9.47444	-54.40955	0	32	2021-09-10T13:18:20
9.47508	-54.41093	0	32	2021-09-10T13:23:24
9.47568	-54.41222	0	32	2021-09-10T13:28:24
9.47624	-54.41342	0	32	2021-09-10T13:33:23
9.47677	-54.41455	0	32	2021-09-10T13:38:26
9.47743	-54.41583	0	32	2021-09-10T13:43:22
9.47803	-54.41703	0	32	2021-09-10T13:48:21
9.47863	-54.41815	0	32	2021-09-10T13:53:22
9.47996	-54.42086	0	32	2021-09-10T14:03:18
9.48052	-54.42206	0	32	2021-09-10T14:08:17
9.48108	-54.42343	0	32	2021-09-10T14:13:17
9.48170	-54.42480	0	32	2021-09-10T14:18:15
9.48227	-54.42615	0	32	2021-09-10T14:23:16
9.48290	-54.42746	0	32	2021-09-10T14:28:17
9.48349	-54.42886	0	32	2021-09-10T14:33:16
9.48405	-54.43033	0	32	2021-09-10T14:38:18
9.48462	-54.43179	0	32	2021-09-10T14:43:15
9.48516	-54.43335	0	32	2021-09-10T14:48:12
9.48567	-54.43481	0	32	2021-09-10T14:53:12
9.48615	-54.43628	0	32	2021-09-10T14:58:10
9.48673	-54.43795	0	32	2021-09-10T15:03:06
9.48712	-54.43933	0	32	2021-09-10T15:08:11
9.48759	-54.44086	0	32	2021-09-10T15:13:07
9.48806	-54.44241	0	32	2021-09-10T15:18:06
9.48851	-54.44403	0	32	2021-09-10T15:23:05
9.48893	-54.44568	0	32	2021-09-10T15:28:02
9.48931	-54.44733	0	32	2021-09-10T15:33:05
9.48971	-54.44901	0	32	2021-09-10T15:38:02
9.49008	-54.45073	0	32	2021-09-10T15:43:01
9.49042	-54.45245	0	32	2021-09-10T15:48:01
9.49079	-54.45419	0	32	2021-09-10T15:52:59
9.49119	-54.45593	0	32	2021-09-10T15:58:26
9.49163	-54.45782	0	32	2021-09-10T16:03:25
9.49196	-54.45941	0	32	2021-09-10T16:07:57
9.49234	-54.46121	0	32	2021-09-10T16:12:59
9.49274	-54.46303	0	32	2021-09-10T16:18:01
9.49313	-54.46475	0	32	2021-09-10T16:23:01
9.49357	-54.46649	0	32	2021-09-10T16:28:02
9.49409	-54.46817	0	32	2021-09-10T16:32:56
9.49461	-54.46993	0	32	2021-09-10T16:37:57
9.49531	-54.47165	0	32	2021-09-10T16:42:57
9.49585	-54.47342	0	32	2021-09-10T16:47:54
9.49719	-54.47716	0	32	2021-09-10T16:57:54
9.49793	-54.47905	0	32	2021-09-10T17:02:53
9.49853	-54.48059	0	32	2021-09-10T17:07:53
9.49918	-54.48230	0	32	2021-09-10T17:12:53
9.49986	-54.48413	0	32	2021-09-10T17:17:54
9.50057	-54.48593	0	32	2021-09-10T17:22:56
9.50203	-54.48973	0	32	2021-09-10T17:32:54
9.50272	-54.49162	0	32	2021-09-10T17:37:55
9.50341	-54.49359	0	32	2021-09-10T17:42:55
9.50404	-54.49554	0	32	2021-09-10T17:47:52
9.50475	-54.49747	0	32	2021-09-10T17:52:54
9.50548	-54.49933	0	32	2021-09-10T17:57:54
9.50630	-54.50137	0	32	2021-09-10T18:03:25
9.50695	-54.50305	0	32	2021-09-10T18:07:56
9.50763	-54.50494	0	32	2021-09-10T18:12:57
9.50827	-54.50684	0	32	2021-09-10T18:17:56
9.50961	-54.51056	0	32	2021-09-10T18:27:56
9.51021	-54.51245	0	32	2021-09-10T18:32:56
9.51079	-54.51458	0	32	2021-09-10T18:37:57
9.51138	-54.51651	0	32	2021-09-10T18:42:58
9.51207	-54.51852	0	32	2021-09-10T18:47:58
9.51281	-54.52045	0	32	2021-09-10T18:52:56
9.51345	-54.52237	0	32	2021-09-10T18:57:59
9.51423	-54.52453	0	32	2021-09-10T19:02:58
9.51492	-54.52625	0	32	2021-09-10T19:08:02
9.51565	-54.52814	0	32	2021-09-10T19:12:58
9.51643	-54.53012	0	32	2021-09-10T19:17:59
9.51725	-54.53220	0	32	2021-09-10T19:23:00
9.51805	-54.53421	0	32	2021-09-10T19:27:58
9.51886	-54.53616	0	32	2021-09-10T19:32:59
9.51962	-54.53815	0	32	2021-09-10T19:37:56
9.52028	-54.54004	0	32	2021-09-10T19:42:57
9.52094	-54.54186	0	32	2021-09-10T19:47:58
9.52163	-54.54358	0	32	2021-09-10T19:52:58
9.52236	-54.54526	0	32	2021-09-10T19:57:55
9.52302	-54.54712	0	32	2021-09-10T20:03:26
9.52370	-54.54861	0	32	2021-09-10T20:07:54
9.52445	-54.55020	0	32	2021-09-10T20:12:54
9.52530	-54.55190	0	32	2021-09-10T20:17:52
9.52617	-54.55353	0	32	2021-09-10T20:22:52
9.52703	-54.55513	0	32	2021-09-10T20:27:50
9.52788	-54.55667	0	32	2021-09-10T20:32:50
9.52880	-54.55823	0	32	2021-09-10T20:37:51
9.52973	-54.55981	0	32	2021-09-10T20:42:49
9.53065	-54.56134	0	32	2021-09-10T20:47:48
9.53153	-54.56293	0	32	2021-09-10T20:52:49
9.53243	-54.56451	0	32	2021-09-10T20:57:47
9.53351	-54.56631	0	32	2021-09-10T21:03:25
9.53435	-54.56769	0	32	2021-09-10T21:07:48
9.53525	-54.56912	0	32	2021-09-10T21:12:49
9.53621	-54.57050	0	32	2021-09-10T21:17:46
9.53717	-54.57193	0	32	2021-09-10T21:22:47
9.53818	-54.57333	0	32	2021-09-10T21:27:47
9.53921	-54.57471	0	32	2021-09-10T21:32:45
9.54030	-54.57613	0	32	2021-09-10T21:37:42
9.54133	-54.57742	0	32	2021-09-10T21:42:43
9.54245	-54.57883	0	32	2021-09-10T21:47:46
9.54358	-54.58011	0	32	2021-09-10T21:52:44
9.54475	-54.58144	0	32	2021-09-10T21:57:48
9.54599	-54.58281	0	32	2021-09-10T22:02:47
9.54698	-54.58401	0	32	2021-09-10T22:07:47
9.54817	-54.58545	0	32	2021-09-10T22:12:49
9.54934	-54.58688	0	32	2021-09-10T22:17:48
9.55057	-54.58826	0	32	2021-09-10T22:22:49
9.55176	-54.58960	0	32	2021-09-10T22:27:47
9.55305	-54.59094	0	32	2021-09-10T22:32:46
9.55439	-54.59228	0	32	2021-09-10T22:37:47
9.55573	-54.59357	0	32	2021-09-10T22:42:46
9.55709	-54.59479	0	32	2021-09-10T22:47:46
9.55849	-54.59601	0	32	2021-09-10T22:52:47
9.55983	-54.59717	0	32	2021-09-10T22:57:49
9.56143	-54.59854	0	32	2021-09-10T23:03:27
9.56270	-54.59967	0	32	2021-09-10T23:07:53
9.56415	-54.60092	0	32	2021-09-10T23:12:55
9.56560	-54.60221	0	32	2021-09-10T23:17:56
9.56701	-54.60336	0	32	2021-09-10T23:22:57
9.56851	-54.60461	0	32	2021-09-10T23:27:57
9.57000	-54.60586	0	32	2021-09-10T23:32:58
9.57146	-54.60706	0	32	2021-09-10T23:37:58
9.57295	-54.60825	0	32	2021-09-10T23:42:59
9.57446	-54.60947	0	32	2021-09-10T23:47:57
9.57597	-54.61069	0	32	2021-09-10T23:53:01
9.57743	-54.61200	0	32	2021-09-10T23:57:58
9.57904	-54.61331	0	32	2021-09-11T00:03:25
9.58038	-54.61447	0	32	2021-09-11T00:07:59
9.58182	-54.61566	0	32	2021-09-11T00:12:57
9.58329	-54.61691	0	32	2021-09-11T00:17:58
9.58473	-54.61819	0	32	2021-09-11T00:22:58
9.58615	-54.61939	0	32	2021-09-11T00:27:58
9.58756	-54.62051	0	32	2021-09-11T00:32:57
9.58893	-54.62180	0	32	2021-09-11T00:37:56
9.59040	-54.62308	0	32	2021-09-11T00:42:58
9.59179	-54.62436	0	32	2021-09-11T00:47:59
9.59328	-54.62567	0	32	2021-09-11T00:53:26
9.59472	-54.62695	0	32	2021-09-11T00:57:57
9.59628	-54.62833	0	32	2021-09-11T01:03:25
9.59763	-54.62949	0	32	2021-09-11T01:07:58
9.59910	-54.63071	0	32	2021-09-11T01:12:55
9.60058	-54.63193	0	32	2021-09-11T01:17:56
9.60202	-54.63309	0	32	2021-09-11T01:22:56
9.60349	-54.63429	0	32	2021-09-11T01:27:55
9.60495	-54.63541	0	32	2021-09-11T01:32:55
9.60640	-54.63657	0	32	2021-09-11T01:37:57
9.60784	-54.63763	0	32	2021-09-11T01:42:57
9.60938	-54.63873	0	32	2021-09-11T01:47:58
9.61090	-54.63983	0	32	2021-09-11T01:52:58
9.61242	-54.64096	0	32	2021-09-11T01:57:59
9.61402	-54.64209	0	32	2021-09-11T02:03:26
9.61547	-54.64317	0	32	2021-09-11T02:07:56
9.61697	-54.64420	0	32	2021-09-11T02:12:55
9.61843	-54.64523	0	32	2021-09-11T02:17:55
9.61994	-54.64630	0	32	2021-09-11T02:22:52
9.62140	-54.64728	0	32	2021-09-11T02:27:53
9.62285	-54.64822	0	32	2021-09-11T02:32:50
9.62426	-54.64914	0	32	2021-09-11T02:37:51
9.62564	-54.65002	0	32	2021-09-11T02:42:48
9.62705	-54.65094	0	32	2021-09-11T02:47:48
9.62848	-54.65189	0	32	2021-09-11T02:52:45
9.62991	-54.65280	0	32	2021-09-11T02:57:45
9.63151	-54.65384	0	32	2021-09-11T03:03:26
9.63269	-54.65457	0	32	2021-09-11T03:07:43
9.63402	-54.65543	0	32	2021-09-11T03:12:38
9.63538	-54.65630	0	32	2021-09-11T03:17:35
9.63672	-54.65707	0	32	2021-09-11T03:22:35
9.63810	-54.65796	0	32	2021-09-11T03:27:35
9.63951	-54.65887	0	32	2021-09-11T03:32:30
9.64099	-54.65988	0	32	2021-09-11T03:37:23
9.64241	-54.66082	0	32	2021-09-11T03:42:23
9.64382	-54.66168	0	32	2021-09-11T03:47:24
9.64528	-54.66260	0	32	2021-09-11T03:52:26
9.64669	-54.66351	0	32	2021-09-11T03:57:22
9.64833	-54.66461	0	32	2021-09-11T04:02:57
9.64964	-54.66541	0	32	2021-09-11T04:07:21
9.65123	-54.66643	0	32	2021-09-11T04:12:23
9.65269	-54.66721	0	32	2021-09-11T04:17:21
9.65423	-54.66815	0	32	2021-09-11T04:22:22
9.65574	-54.66901	0	32	2021-09-11T04:27:22
9.65718	-54.66986	0	32	2021-09-11T04:32:20
9.65862	-54.67062	0	32	2021-09-11T04:37:28
9.66018	-54.67142	0	32	2021-09-11T04:42:25
9.66170	-54.67221	0	32	2021-09-11T04:47:23
9.66318	-54.67300	0	32	2021-09-11T04:52:23
9.66470	-54.67389	0	32	2021-09-11T04:57:19
9.66643	-54.67483	0	32	2021-09-11T05:02:18
9.66771	-54.67560	0	32	2021-09-11T05:07:18
9.66919	-54.67654	0	32	2021-09-11T05:12:19
9.67071	-54.67744	0	32	2021-09-11T05:17:19
9.67216	-54.67838	0	32	2021-09-11T05:22:18
9.67362	-54.67932	0	32	2021-09-11T05:27:18
9.67507	-54.68024	0	32	2021-09-11T05:32:16
9.67653	-54.68118	0	32	2021-09-11T05:37:15
9.67806	-54.68210	0	32	2021-09-11T05:42:16
9.67955	-54.68301	0	32	2021-09-11T05:47:14
9.68107	-54.68393	0	32	2021-09-11T05:52:15
9.68253	-54.68485	0	32	2021-09-11T05:57:36
9.68413	-54.68588	0	32	2021-09-11T06:02:36
9.68547	-54.68680	0	32	2021-09-11T06:07:14
9.68695	-54.68774	0	32	2021-09-11T06:12:14
9.68848	-54.68869	0	32	2021-09-11T06:17:12
9.69002	-54.68970	0	32	2021-09-11T06:22:15
9.69154	-54.69070	0	32	2021-09-11T06:27:13
9.69304	-54.69171	0	32	2021-09-11T06:32:14
9.69455	-54.69279	0	32	2021-09-11T06:37:13
9.69600	-54.69373	0	32	2021-09-11T06:42:12
9.69748	-54.69474	0	32	2021-09-11T06:47:12
9.69894	-54.69577	0	32	2021-09-11T06:52:12
9.70041	-54.69681	0	32	2021-09-11T06:57:10
9.70495	-54.70001	0	32	2021-09-11T07:12:10
9.70653	-54.70112	0	32	2021-09-11T07:17:10
9.70803	-54.70215	0	32	2021-09-11T07:22:10
9.70955	-54.70335	0	32	2021-09-11T07:27:11
9.71105	-54.70447	0	32	2021-09-11T07:32:11
9.71269	-54.70560	0	32	2021-09-11T07:37:10
9.71420	-54.70676	0	32	2021-09-11T07:42:09
9.71587	-54.70784	0	32	2021-09-11T07:47:11
9.71749	-54.70887	0	32	2021-09-11T07:52:12
9.71913	-54.70990	0	32	2021-09-11T07:57:12
9.72100	-54.71100	0	32	2021-09-11T08:02:37
9.72251	-54.71194	0	32	2021-09-11T08:07:11
9.72420	-54.71289	0	32	2021-09-11T08:12:09
9.72591	-54.71387	0	32	2021-09-11T08:17:11
9.72938	-54.71593	0	32	2021-09-11T08:27:10
9.73105	-54.71674	0	32	2021-09-11T08:32:12
9.73277	-54.71765	0	32	2021-09-11T08:37:09
9.73446	-54.71863	0	32	2021-09-11T08:42:09
9.73612	-54.71957	0	32	2021-09-11T08:47:07
9.73786	-54.72058	0	32	2021-09-11T08:52:07
9.73961	-54.72160	0	32	2021-09-11T08:57:27
9.74150	-54.72272	0	32	2021-09-11T09:02:27
9.74314	-54.72372	0	32	2021-09-11T09:07:02
9.74483	-54.72470	0	32	2021-09-11T09:12:01
9.74652	-54.72568	0	32	2021-09-11T09:17:00
9.74825	-54.72672	0	32	2021-09-11T09:22:01
9.75001	-54.72772	0	32	2021-09-11T09:26:58
9.75176	-54.72867	0	32	2021-09-11T09:31:58
9.75348	-54.72961	0	32	2021-09-11T09:36:58
9.75529	-54.73056	0	32	2021-09-11T09:41:55
9.75728	-54.73148	0	32	2021-09-11T09:46:54
9.75892	-54.73239	0	32	2021-09-11T09:51:55
9.76069	-54.73334	0	32	2021-09-11T09:56:59
9.76266	-54.73437	0	32	2021-09-11T10:01:51
9.76416	-54.73514	0	32	2021-09-11T10:06:50
9.76591	-54.73608	0	32	2021-09-11T10:11:50
9.76768	-54.73706	0	32	2021-09-11T10:16:53
9.76942	-54.73807	0	32	2021-09-11T10:21:55
9.77121	-54.73907	0	32	2021-09-11T10:26:53
9.77304	-54.74014	0	32	2021-09-11T10:31:57
9.77499	-54.74120	0	32	2021-09-11T10:36:57
9.77688	-54.74223	0	32	2021-09-11T10:41:56
9.77881	-54.74326	0	32	2021-09-11T10:46:56
9.78083	-54.74426	0	32	2021-09-11T10:52:00
9.78285	-54.74512	0	32	2021-09-11T10:56:58
9.78501	-54.74609	0	32	2021-09-11T11:02:33
9.78679	-54.74689	0	32	2021-09-11T11:07:00
9.79068	-54.74880	0	32	2021-09-11T11:17:01
9.79270	-54.74949	0	32	2021-09-11T11:22:01
9.79467	-54.75018	0	32	2021-09-11T11:27:01
9.79668	-54.75092	0	32	2021-09-11T11:32:02
9.79871	-54.75165	0	32	2021-09-11T11:37:04
9.80071	-54.75244	0	32	2021-09-11T11:42:02
9.80268	-54.75330	0	32	2021-09-11T11:47:01
9.80470	-54.75424	0	32	2021-09-11T11:52:02
9.80671	-54.75510	0	32	2021-09-11T11:57:04
9.80887	-54.75595	0	32	2021-09-11T12:02:25
9.81073	-54.75677	0	32	2021-09-11T12:07:02
9.81270	-54.75754	0	32	2021-09-11T12:12:02
9.81474	-54.75824	0	32	2021-09-11T12:17:00
9.81678	-54.75894	0	32	2021-09-11T12:22:01
9.81884	-54.75964	0	32	2021-09-11T12:27:00
9.82083	-54.76038	0	32	2021-09-11T12:32:01
9.82293	-54.76102	0	32	2021-09-11T12:36:59
9.82506	-54.76169	0	32	2021-09-11T12:42:00
9.82935	-54.76297	0	32	2021-09-11T12:52:01
9.83150	-54.76355	0	32	2021-09-11T12:56:58
9.83386	-54.76422	0	32	2021-09-11T13:02:24
9.83580	-54.76477	0	32	2021-09-11T13:06:54
9.83803	-54.76538	0	32	2021-09-11T13:11:56
9.84024	-54.76593	0	32	2021-09-11T13:16:53
9.84248	-54.76645	0	32	2021-09-11T13:21:51
9.84484	-54.76697	0	32	2021-09-11T13:26:55
9.84704	-54.76740	0	32	2021-09-11T13:31:54
9.84923	-54.76791	0	32	2021-09-11T13:36:54
9.85150	-54.76834	0	32	2021-09-11T13:41:56
9.85373	-54.76885	0	32	2021-09-11T13:46:56
9.85596	-54.76928	0	32	2021-09-11T13:51:56
9.85819	-54.76962	0	32	2021-09-11T13:56:56
9.86063	-54.77005	0	32	2021-09-11T14:02:26
9.86257	-54.77050	0	32	2021-09-11T14:06:52
9.86473	-54.77081	0	32	2021-09-11T14:11:55
9.86687	-54.77127	0	32	2021-09-11T14:16:53
9.86903	-54.77179	0	32	2021-09-11T14:21:53
9.87109	-54.77231	0	32	2021-09-11T14:26:51
9.87308	-54.77289	0	32	2021-09-11T14:31:52
9.87513	-54.77347	0	32	2021-09-11T14:36:52
9.87719	-54.77411	0	32	2021-09-11T14:41:54
9.87930	-54.77475	0	32	2021-09-11T14:46:53
9.88138	-54.77539	0	32	2021-09-11T14:51:55
9.88347	-54.77603	0	32	2021-09-11T14:56:55
9.88587	-54.77679	0	32	2021-09-11T15:02:25
9.88784	-54.77741	0	32	2021-09-11T15:06:55
9.89002	-54.77792	0	32	2021-09-11T15:11:55
9.89230	-54.77848	0	32	2021-09-11T15:16:52
9.89448	-54.77908	0	32	2021-09-11T15:21:53
9.89676	-54.77969	0	32	2021-09-11T15:26:54
9.89898	-54.78033	0	32	2021-09-11T15:31:51
9.90116	-54.78101	0	32	2021-09-11T15:36:51
9.90335	-54.78177	0	32	2021-09-11T15:41:51
9.90549	-54.78259	0	32	2021-09-11T15:46:44
9.90755	-54.78345	0	32	2021-09-11T15:51:43
9.90963	-54.78433	0	32	2021-09-11T15:56:43
9.91193	-54.78522	0	32	2021-09-11T16:02:07
9.91388	-54.78589	0	32	2021-09-11T16:06:41
9.91597	-54.78662	0	32	2021-09-11T16:11:45
9.91790	-54.78741	0	32	2021-09-11T16:16:44
9.91987	-54.78827	0	32	2021-09-11T16:21:44
9.92183	-54.78910	0	32	2021-09-11T16:26:45
9.92371	-54.78979	0	32	2021-09-11T16:31:46
9.92554	-54.79065	0	32	2021-09-11T16:36:47
9.92728	-54.79147	0	32	2021-09-11T16:41:47
9.92914	-54.79233	0	32	2021-09-11T16:46:48
9.93094	-54.79318	0	32	2021-09-11T16:51:45
9.93478	-54.79527	0	32	2021-09-11T17:01:44
9.93628	-54.79604	0	32	2021-09-11T17:06:44
9.93807	-54.79681	0	32	2021-09-11T17:11:45
9.93993	-54.79761	0	32	2021-09-11T17:16:44
9.94181	-54.79831	0	32	2021-09-11T17:21:45
9.94365	-54.79910	0	32	2021-09-11T17:26:46
9.94548	-54.79979	0	32	2021-09-11T17:31:41
9.94727	-54.80048	0	32	2021-09-11T17:36:41
9.94915	-54.80131	0	32	2021-09-11T17:41:41
9.95105	-54.80200	0	32	2021-09-11T17:46:40
9.95298	-54.80283	0	32	2021-09-11T17:51:41
9.95487	-54.80368	0	32	2021-09-11T17:56:42
9.95866	-54.80536	0	32	2021-09-11T18:06:42
9.96050	-54.80621	0	32	2021-09-11T18:11:40
9.96249	-54.80692	0	32	2021-09-11T18:16:40
9.96439	-54.80765	0	32	2021-09-11T18:21:37
9.96634	-54.80833	0	32	2021-09-11T18:26:34
9.96827	-54.80893	0	32	2021-09-11T18:31:35
9.97020	-54.80951	0	32	2021-09-11T18:36:35
9.97209	-54.81003	0	32	2021-09-11T18:41:32
9.97400	-54.81055	0	32	2021-09-11T18:46:31
9.97589	-54.81103	0	32	2021-09-11T18:51:27
9.97761	-54.81146	0	32	2021-09-11T18:56:27
9.97952	-54.81195	0	32	2021-09-11T19:01:56
9.98292	-54.81274	0	32	2021-09-11T19:11:29
9.98475	-54.81314	0	32	2021-09-11T19:16:26
9.98656	-54.81351	0	32	2021-09-11T19:21:23
9.98841	-54.81393	0	32	2021-09-11T19:26:22
9.99025	-54.81436	0	32	2021-09-11T19:31:19
9.99205	-54.81479	0	32	2021-09-11T19:36:20
9.99385	-54.81522	0	32	2021-09-11T19:41:17
9.99569	-54.81564	0	32	2021-09-11T19:46:21
9.99752	-54.81607	0	32	2021-09-11T19:51:15
9.99940	-54.81649	0	32	2021-09-11T19:56:54
10.00150	-54.81683	0	32	2021-09-11T20:01:55
10.00315	-54.81705	0	32	2021-09-11T20:06:17
10.00507	-54.81729	0	32	2021-09-11T20:11:18
10.00688	-54.81741	0	32	2021-09-11T20:16:17
10.00872	-54.81763	0	32	2021-09-11T20:21:18
10.01060	-54.81781	0	32	2021-09-11T20:26:17
10.01245	-54.81799	0	32	2021-09-11T20:31:16
10.01429	-54.81825	0	32	2021-09-11T20:36:14
10.01614	-54.81842	0	32	2021-09-11T20:41:14
10.01797	-54.81857	0	32	2021-09-11T20:46:11
10.01984	-54.81882	0	32	2021-09-11T20:51:27
10.02159	-54.81885	0	32	2021-09-11T20:56:11
10.02336	-54.81900	0	32	2021-09-11T21:01:26
10.02498	-54.81927	0	32	2021-09-11T21:06:08
10.02668	-54.81946	0	32	2021-09-11T21:11:05
10.02846	-54.81967	0	32	2021-09-11T21:16:02
10.03022	-54.81985	0	32	2021-09-11T21:21:03
10.03196	-54.82007	0	32	2021-09-11T21:26:03
10.03361	-54.82025	0	32	2021-09-11T21:31:01
10.03533	-54.82043	0	32	2021-09-11T21:36:05
10.03705	-54.82062	0	32	2021-09-11T21:41:06
10.03881	-54.82071	0	32	2021-09-11T21:46:06
10.04045	-54.82083	0	32	2021-09-11T21:51:04
10.04217	-54.82098	0	32	2021-09-11T21:56:08
10.04399	-54.82111	0	32	2021-09-11T22:01:29
10.04565	-54.82129	0	32	2021-09-11T22:06:07
10.04741	-54.82138	0	32	2021-09-11T22:11:07
10.04918	-54.82153	0	32	2021-09-11T22:16:05
10.05091	-54.82162	0	32	2021-09-11T22:21:09
10.05268	-54.82166	0	32	2021-09-11T22:26:06
10.05447	-54.82169	0	32	2021-09-11T22:31:08
10.05623	-54.82178	0	32	2021-09-11T22:36:08
10.05801	-54.82184	0	32	2021-09-11T22:41:04
10.05973	-54.82193	0	32	2021-09-11T22:46:04
10.06147	-54.82202	0	32	2021-09-11T22:51:00
10.06326	-54.82217	0	32	2021-09-11T22:55:56
10.06521	-54.82224	0	32	2021-09-11T23:00:56
10.06680	-54.82233	0	32	2021-09-11T23:05:56
10.06862	-54.82239	0	32	2021-09-11T23:10:58
10.07047	-54.82242	0	32	2021-09-11T23:15:55
10.07235	-54.82254	0	32	2021-09-11T23:20:59
10.07427	-54.82276	0	32	2021-09-11T23:26:01
10.07607	-54.82285	0	32	2021-09-11T23:31:02
10.07788	-54.82294	0	32	2021-09-11T23:36:00
10.07967	-54.82306	0	32	2021-09-11T23:41:00
10.08134	-54.82306	0	32	2021-09-11T23:46:00
10.08310	-54.82312	0	32	2021-09-11T23:50:57
10.08490	-54.82321	0	32	2021-09-11T23:55:57
10.08694	-54.82339	0	32	2021-09-12T00:01:26
10.08857	-54.82349	0	32	2021-09-12T00:05:55
10.09031	-54.82355	0	32	2021-09-12T00:10:53
10.09211	-54.82364	0	32	2021-09-12T00:15:51
10.09387	-54.82364	0	32	2021-09-12T00:20:51
10.09571	-54.82367	0	32	2021-09-12T00:25:52
10.09757	-54.82364	0	32	2021-09-12T00:30:50
10.09948	-54.82361	0	32	2021-09-12T00:35:49
10.10148	-54.82361	0	32	2021-09-12T00:40:50
10.10346	-54.82358	0	32	2021-09-12T00:45:50
10.10547	-54.82355	0	32	2021-09-12T00:50:52
10.10742	-54.82355	0	32	2021-09-12T00:55:53
10.10951	-54.82355	0	32	2021-09-12T01:01:26
10.11122	-54.82352	0	32	2021-09-12T01:05:51
10.11320	-54.82342	0	32	2021-09-12T01:10:56
10.11517	-54.82333	0	32	2021-09-12T01:15:57
10.11722	-54.82318	0	32	2021-09-12T01:20:56
10.11923	-54.82303	0	32	2021-09-12T01:25:55
10.12138	-54.82290	0	32	2021-09-12T01:30:58
10.12335	-54.82281	0	32	2021-09-12T01:35:57
10.12532	-54.82272	0	32	2021-09-12T01:40:57
10.12742	-54.82254	0	32	2021-09-12T01:45:59
10.12950	-54.82236	0	32	2021-09-12T01:50:58
10.13165	-54.82217	0	32	2021-09-12T01:55:56
10.13405	-54.82202	0	32	2021-09-12T02:01:24
10.13610	-54.82187	0	32	2021-09-12T02:05:58
10.13840	-54.82169	0	32	2021-09-12T02:10:57
10.14068	-54.82153	0	32	2021-09-12T02:15:59
10.14297	-54.82134	0	32	2021-09-12T02:20:57
10.14524	-54.82117	0	32	2021-09-12T02:25:57
10.14748	-54.82095	0	32	2021-09-12T02:30:58
10.14978	-54.82080	0	32	2021-09-12T02:35:56
10.15216	-54.82060	0	32	2021-09-12T02:40:56
10.15448	-54.82043	0	32	2021-09-12T02:45:56
10.15682	-54.82022	0	32	2021-09-12T02:50:57
10.15906	-54.81992	0	32	2021-09-12T02:55:53
10.16159	-54.81958	0	32	2021-09-12T03:01:26
10.16348	-54.81927	0	32	2021-09-12T03:05:44
10.16579	-54.81885	0	32	2021-09-12T03:10:42
10.16808	-54.81848	0	32	2021-09-12T03:15:41
10.17033	-54.81812	0	32	2021-09-12T03:20:36
10.17263	-54.81775	0	32	2021-09-12T03:25:36
10.17494	-54.81732	0	32	2021-09-12T03:30:36
10.17723	-54.81686	0	32	2021-09-12T03:35:37
10.17950	-54.81641	0	32	2021-09-12T03:40:35
10.18184	-54.81586	0	32	2021-09-12T03:45:33
10.18418	-54.81518	0	32	2021-09-12T03:50:37
10.18650	-54.81458	0	32	2021-09-12T03:55:37
10.18900	-54.81371	0	32	2021-09-12T04:00:34
10.19110	-54.81320	0	32	2021-09-12T04:05:33
10.19341	-54.81253	0	32	2021-09-12T04:10:33
10.19581	-54.81171	0	32	2021-09-12T04:15:30
10.19820	-54.81089	0	32	2021-09-12T04:20:27
10.20056	-54.81020	0	32	2021-09-12T04:25:27
10.20292	-54.80951	0	32	2021-09-12T04:30:27
10.20535	-54.80865	0	32	2021-09-12T04:35:29
10.20777	-54.80772	0	32	2021-09-12T04:40:31
10.21009	-54.80695	0	32	2021-09-12T04:45:30
10.21241	-54.80609	0	32	2021-09-12T04:50:32
10.21469	-54.80527	0	32	2021-09-12T04:55:31
10.21709	-54.80429	0	32	2021-09-12T05:00:57
10.21907	-54.80350	0	32	2021-09-12T05:05:30
10.22129	-54.80258	0	32	2021-09-12T05:10:28
10.22348	-54.80170	0	32	2021-09-12T05:15:28
10.22566	-54.80075	0	32	2021-09-12T05:20:25
10.22781	-54.79987	0	32	2021-09-12T05:25:22
10.22985	-54.79896	0	32	2021-09-12T05:30:16
10.23187	-54.79810	0	32	2021-09-12T05:35:16
10.23389	-54.79715	0	32	2021-09-12T05:40:18
10.23595	-54.79620	0	32	2021-09-12T05:45:17
10.23798	-54.79523	0	32	2021-09-12T05:50:18
10.24004	-54.79419	0	32	2021-09-12T05:55:16
10.24222	-54.79303	0	32	2021-09-12T06:00:36
10.24618	-54.79091	0	32	2021-09-12T06:10:12
10.24811	-54.78988	0	32	2021-09-12T06:15:12
10.25004	-54.78885	0	32	2021-09-12T06:20:13
10.25195	-54.78769	0	32	2021-09-12T06:25:10
10.25381	-54.78662	0	32	2021-09-12T06:30:11
10.25560	-54.78549	0	32	2021-09-12T06:35:07
10.25740	-54.78448	0	32	2021-09-12T06:40:08
10.25916	-54.78345	0	32	2021-09-12T06:45:08
10.26094	-54.78241	0	32	2021-09-12T06:50:10
10.26270	-54.78140	0	32	2021-09-12T06:55:11
10.26448	-54.78024	0	32	2021-09-12T07:00:38
10.26597	-54.77927	0	32	2021-09-12T07:05:13
10.26751	-54.77820	0	32	2021-09-12T07:10:17
10.26897	-54.77710	0	32	2021-09-12T07:15:14
10.27044	-54.77600	0	32	2021-09-12T07:20:11
10.27191	-54.77490	0	32	2021-09-12T07:25:11
10.27330	-54.77386	0	32	2021-09-12T07:30:12
10.27465	-54.77282	0	32	2021-09-12T07:35:10
10.27598	-54.77179	0	32	2021-09-12T07:40:10
10.27730	-54.77078	0	32	2021-09-12T07:45:07
10.27860	-54.76971	0	32	2021-09-12T07:50:05
10.27995	-54.76854	0	32	2021-09-12T07:55:05
10.28137	-54.76742	0	32	2021-09-12T08:00:05
10.28257	-54.76639	0	32	2021-09-12T08:05:04
10.28379	-54.76523	0	32	2021-09-12T08:10:05
10.28503	-54.76405	0	32	2021-09-12T08:15:05
10.28619	-54.76285	0	32	2021-09-12T08:20:05
10.28740	-54.76165	0	32	2021-09-12T08:24:59
10.28856	-54.76053	0	32	2021-09-12T08:29:59
10.28984	-54.75924	0	32	2021-09-12T08:34:56
10.29097	-54.75812	0	32	2021-09-12T08:39:58
10.29212	-54.75684	0	32	2021-09-12T08:44:55
10.29311	-54.75552	0	32	2021-09-12T08:49:56
10.29406	-54.75424	0	32	2021-09-12T08:54:57
10.29512	-54.75287	0	32	2021-09-12T09:00:25
10.29599	-54.75183	0	32	2021-09-12T09:04:54
10.29693	-54.75064	0	32	2021-09-12T09:09:55
10.29785	-54.74939	0	32	2021-09-12T09:14:53
10.29876	-54.74815	0	32	2021-09-12T09:19:53
10.29976	-54.74713	0	32	2021-09-12T09:24:54
10.30087	-54.74609	0	32	2021-09-12T09:29:54
10.30192	-54.74518	0	32	2021-09-12T09:34:52
10.30313	-54.74413	0	32	2021-09-12T09:39:53
10.30431	-54.74310	0	32	2021-09-12T09:44:50
10.30549	-54.74207	0	32	2021-09-12T09:49:53
10.30666	-54.74100	0	32	2021-09-12T09:54:54
10.30888	-54.73879	0	32	2021-09-12T10:04:56
10.30993	-54.73788	0	32	2021-09-12T10:09:54
10.31098	-54.73682	0	32	2021-09-12T10:14:55
10.31199	-54.73575	0	32	2021-09-12T10:19:55
10.31292	-54.73471	0	32	2021-09-12T10:24:57
10.31384	-54.73367	0	32	2021-09-12T10:29:54
10.31480	-54.73264	0	32	2021-09-12T10:34:53
10.31673	-54.73055	0	32	2021-09-12T10:44:53
10.31772	-54.72952	0	32	2021-09-12T10:49:53
10.31866	-54.72849	0	32	2021-09-12T10:54:54
10.31971	-54.72736	0	32	2021-09-12T11:00:25
10.32050	-54.72647	0	32	2021-09-12T11:04:53
10.32146	-54.72540	0	32	2021-09-12T11:09:52
10.32240	-54.72433	0	32	2021-09-12T11:14:54
10.32331	-54.72336	0	32	2021-09-12T11:19:51
10.32425	-54.72225	0	32	2021-09-12T11:24:50
10.32511	-54.72122	0	32	2021-09-12T11:29:49
10.32593	-54.72028	0	32	2021-09-12T11:34:49
10.32675	-54.71930	0	32	2021-09-12T11:39:51
10.32772	-54.71841	0	32	2021-09-12T11:44:51
10.32855	-54.71753	0	32	2021-09-12T11:49:51
10.32943	-54.71671	0	32	2021-09-12T11:54:52
10.33041	-54.71579	0	32	2021-09-12T12:00:27
10.33112	-54.71521	0	32	2021-09-12T12:04:51
10.33195	-54.71442	0	32	2021-09-12T12:09:51
10.33279	-54.71362	0	32	2021-09-12T12:14:52
10.33356	-54.71283	0	32	2021-09-12T12:19:49
10.33433	-54.71201	0	32	2021-09-12T12:24:50
10.33513	-54.71118	0	32	2021-09-12T12:29:48
10.33594	-54.71042	0	32	2021-09-12T12:34:49
10.33679	-54.70953	0	32	2021-09-12T12:39:49
10.33758	-54.70865	0	32	2021-09-12T12:44:50
10.33834	-54.70779	0	32	2021-09-12T12:49:50
10.33914	-54.70687	0	32	2021-09-12T12:55:26
10.34004	-54.70584	0	32	2021-09-12T13:00:27
10.34074	-54.70505	0	32	2021-09-12T13:04:53
10.34141	-54.70419	0	32	2021-09-12T13:09:51
10.34216	-54.70332	0	32	2021-09-12T13:14:51
10.34276	-54.70255	0	32	2021-09-12T13:19:51
10.34346	-54.70185	0	32	2021-09-12T13:24:52
10.34408	-54.70117	0	32	2021-09-12T13:29:50
10.34483	-54.70056	0	32	2021-09-12T13:34:51
10.34558	-54.69995	0	32	2021-09-12T13:39:48
10.34645	-54.69943	0	32	2021-09-12T13:44:49
10.34725	-54.69891	0	32	2021-09-12T13:49:46
10.34808	-54.69836	0	32	2021-09-12T13:54:47
10.34903	-54.69785	0	32	2021-09-12T13:59:46
10.34972	-54.69751	0	32	2021-09-12T14:04:45
10.35046	-54.69708	0	32	2021-09-12T14:09:42
10.35123	-54.69682	0	32	2021-09-12T14:14:42
10.35196	-54.69656	0	32	2021-09-12T14:19:43
10.35274	-54.69626	0	32	2021-09-12T14:24:44
10.35355	-54.69598	0	32	2021-09-12T14:29:41
10.35440	-54.69577	0	32	2021-09-12T14:34:41
10.35525	-54.69547	0	32	2021-09-12T14:39:42
10.35608	-54.69516	0	32	2021-09-12T14:44:43
10.35695	-54.69476	0	32	2021-09-12T14:49:44
10.35784	-54.69440	0	32	2021-09-12T14:54:42
10.35880	-54.69412	0	32	2021-09-12T15:00:08
10.35960	-54.69382	0	32	2021-09-12T15:04:42
10.36047	-54.69345	0	32	2021-09-12T15:09:44
10.36143	-54.69304	0	32	2021-09-12T15:14:41
10.36233	-54.69270	0	32	2021-09-12T15:19:41
10.36323	-54.69244	0	32	2021-09-12T15:24:41
10.36414	-54.69202	0	32	2021-09-12T15:29:42
10.36506	-54.69150	0	32	2021-09-12T15:34:40
10.36602	-54.69092	0	32	2021-09-12T15:39:41
10.36699	-54.69031	0	32	2021-09-12T15:44:39
10.36797	-54.68963	0	32	2021-09-12T15:49:39
10.36896	-54.68912	0	32	2021-09-12T15:54:39
10.36994	-54.68845	0	32	2021-09-12T15:59:55
10.37083	-54.68785	0	32	2021-09-12T16:04:39
10.37182	-54.68716	0	32	2021-09-12T16:09:39
10.37283	-54.68634	0	32	2021-09-12T16:14:40
10.37383	-54.68558	0	32	2021-09-12T16:19:36
10.37488	-54.68474	0	32	2021-09-12T16:24:37
10.37587	-54.68397	0	32	2021-09-12T16:29:37
10.37681	-54.68320	0	32	2021-09-12T16:34:36
10.37767	-54.68237	0	32	2021-09-12T16:39:35
10.37855	-54.68150	0	32	2021-09-12T16:44:33
10.37949	-54.68073	0	32	2021-09-12T16:49:33
10.38047	-54.67987	0	32	2021-09-12T16:54:35
10.38147	-54.67889	0	32	2021-09-12T16:59:58
10.38236	-54.67805	0	32	2021-09-12T17:04:37
10.38340	-54.67728	0	32	2021-09-12T17:09:34
10.38437	-54.67642	0	32	2021-09-12T17:14:37
10.38543	-54.67569	0	32	2021-09-12T17:19:35
10.38643	-54.67493	0	32	2021-09-12T17:24:37
10.38740	-54.67422	0	32	2021-09-12T17:29:37
10.38840	-54.67358	0	32	2021-09-12T17:34:38
10.38939	-54.67291	0	32	2021-09-12T17:39:37
10.39038	-54.67218	0	32	2021-09-12T17:44:38
10.39144	-54.67139	0	32	2021-09-12T17:49:36
10.39254	-54.67061	0	32	2021-09-12T17:54:53
10.39366	-54.66992	0	32	2021-09-12T17:59:54
10.39465	-54.66925	0	32	2021-09-12T18:04:35
10.39575	-54.66867	0	32	2021-09-12T18:09:33
10.39687	-54.66796	0	32	2021-09-12T18:14:37
10.39799	-54.66745	0	32	2021-09-12T18:19:38
10.39905	-54.66690	0	32	2021-09-12T18:24:39
10.40007	-54.66629	0	32	2021-09-12T18:29:42
10.40213	-54.66496	0	32	2021-09-12T18:39:40
10.40307	-54.66436	0	32	2021-09-12T18:44:39
10.40397	-54.66376	0	32	2021-09-12T18:49:39
10.40492	-54.66308	0	32	2021-09-12T18:55:06
10.40595	-54.66248	0	32	2021-09-12T19:00:05
10.40677	-54.66183	0	32	2021-09-12T19:04:41
10.40765	-54.66110	0	32	2021-09-12T19:09:41
10.40864	-54.66041	0	32	2021-09-12T19:14:39
10.40958	-54.65981	0	32	2021-09-12T19:19:39
10.41052	-54.65912	0	32	2021-09-12T19:24:38
10.41148	-54.65833	0	32	2021-09-12T19:29:37
10.41237	-54.65754	0	32	2021-09-12T19:34:35
10.41331	-54.65677	0	32	2021-09-12T19:39:36
10.41417	-54.65591	0	32	2021-09-12T19:44:36
10.41500	-54.65506	0	32	2021-09-12T19:49:34
10.41582	-54.65421	0	32	2021-09-12T19:54:35
10.41669	-54.65328	0	32	2021-09-12T19:59:35
10.41742	-54.65259	0	32	2021-09-12T20:04:35
10.41819	-54.65179	0	32	2021-09-12T20:09:33
10.41893	-54.65094	0	32	2021-09-12T20:14:35
10.41967	-54.65009	0	32	2021-09-12T20:19:35
10.42044	-54.64917	0	32	2021-09-12T20:24:36
10.42113	-54.64828	0	32	2021-09-12T20:29:36
10.42184	-54.64728	0	32	2021-09-12T20:34:38
10.42252	-54.64630	0	32	2021-09-12T20:39:41
10.42320	-54.64536	0	32	2021-09-12T20:44:39
10.42384	-54.64438	0	32	2021-09-12T20:49:37
10.42442	-54.64346	0	32	2021-09-12T20:54:38
10.42507	-54.64246	0	32	2021-09-12T20:59:54
10.42561	-54.64149	0	32	2021-09-12T21:04:38
10.42617	-54.64063	0	32	2021-09-12T21:09:37
10.42681	-54.63977	0	32	2021-09-12T21:14:37
10.42742	-54.63885	0	32	2021-09-12T21:19:37
10.42801	-54.63791	0	32	2021-09-12T21:24:39
10.42861	-54.63693	0	32	2021-09-12T21:29:36
10.42930	-54.63592	0	32	2021-09-12T21:34:35
10.42986	-54.63498	0	32	2021-09-12T21:39:34
10.43049	-54.63409	0	32	2021-09-12T21:44:34
10.43109	-54.63324	0	32	2021-09-12T21:49:35
10.43170	-54.63232	0	32	2021-09-12T21:54:36
10.43232	-54.63138	0	32	2021-09-12T21:59:55
10.43291	-54.63057	0	32	2021-09-12T22:04:34
10.43347	-54.62963	0	32	2021-09-12T22:09:34
10.43398	-54.62869	0	32	2021-09-12T22:14:33
10.43450	-54.62784	0	32	2021-09-12T22:19:32
10.43503	-54.62697	0	32	2021-09-12T22:24:33
10.43554	-54.62611	0	32	2021-09-12T22:29:33
10.43605	-54.62534	0	32	2021-09-12T22:34:32
10.43646	-54.62457	0	32	2021-09-12T22:39:31
10.43685	-54.62384	0	32	2021-09-12T22:44:33
10.43723	-54.62305	0	32	2021-09-12T22:49:31
10.43757	-54.62228	0	32	2021-09-12T22:54:31
10.43803	-54.62149	0	32	2021-09-12T23:00:06
10.43887	-54.61988	0	32	2021-09-12T23:09:30
10.43926	-54.61902	0	32	2021-09-12T23:14:30
10.43969	-54.61816	0	32	2021-09-12T23:19:30
10.44012	-54.61725	0	32	2021-09-12T23:24:31
10.44056	-54.61633	0	32	2021-09-12T23:29:29
10.44100	-54.61539	0	32	2021-09-12T23:34:30
10.44146	-54.61453	0	32	2021-09-12T23:39:27
10.44197	-54.61365	0	32	2021-09-12T23:44:28
10.44293	-54.61203	0	32	2021-09-12T23:54:27
10.44357	-54.61123	0	32	2021-09-12T23:59:23
10.44408	-54.61063	0	32	2021-09-13T00:04:23
10.44467	-54.60995	0	32	2021-09-13T00:09:23
10.44572	-54.60852	0	32	2021-09-13T00:19:19
10.44613	-54.60785	0	32	2021-09-13T00:24:18
10.44658	-54.60706	0	32	2021-09-13T00:29:19
10.44703	-54.60621	0	32	2021-09-13T00:34:16
10.44750	-54.60544	0	32	2021-09-13T00:39:15
10.44802	-54.60464	0	32	2021-09-13T00:44:16
10.44848	-54.60388	0	32	2021-09-13T00:49:13
10.44899	-54.60305	0	32	2021-09-13T00:54:12
10.44946	-54.60219	0	32	2021-09-13T00:59:11
10.44985	-54.60150	0	32	2021-09-13T01:04:11
10.45032	-54.60071	0	32	2021-09-13T01:09:10
10.45079	-54.60004	0	32	2021-09-13T01:14:09
10.45136	-54.59936	0	32	2021-09-13T01:19:05
10.45187	-54.59885	0	32	2021-09-13T01:24:04
10.45242	-54.59824	0	32	2021-09-13T01:29:04
10.45293	-54.59769	0	32	2021-09-13T01:34:07
10.45352	-54.59709	0	32	2021-09-13T01:39:06
10.45408	-54.59649	0	32	2021-09-13T01:44:06
10.45455	-54.59598	0	32	2021-09-13T01:49:07
10.45511	-54.59543	0	32	2021-09-13T01:54:05
10.45566	-54.59488	0	32	2021-09-13T01:59:24
10.45609	-54.59445	0	32	2021-09-13T02:04:05
10.45667	-54.59396	0	32	2021-09-13T02:09:03
10.45719	-54.59351	0	32	2021-09-13T02:14:04
10.45778	-54.59299	0	32	2021-09-13T02:19:01
10.45828	-54.59241	0	32	2021-09-13T02:24:02
10.45879	-54.59180	0	32	2021-09-13T02:29:03
10.45921	-54.59125	0	32	2021-09-13T02:34:02
10.45968	-54.59070	0	32	2021-09-13T02:39:04
10.46012	-54.59024	0	32	2021-09-13T02:44:01
10.46058	-54.58976	0	32	2021-09-13T02:49:01
10.46097	-54.58942	0	32	2021-09-13T02:54:00
10.46146	-54.58899	0	32	2021-09-13T02:59:27
10.46185	-54.58875	0	32	2021-09-13T03:03:59
10.46233	-54.58835	0	32	2021-09-13T03:08:58
10.46276	-54.58801	0	32	2021-09-13T03:13:59
10.46323	-54.58771	0	32	2021-09-13T03:18:59
10.46375	-54.58740	0	32	2021-09-13T03:23:57
10.46430	-54.58718	0	32	2021-09-13T03:29:01
10.46494	-54.58701	0	32	2021-09-13T03:34:02
10.46558	-54.58691	0	32	2021-09-13T03:39:00
10.46619	-54.58682	0	32	2021-09-13T03:44:03
10.46679	-54.58670	0	32	2021-09-13T03:49:04
10.46740	-54.58655	0	32	2021-09-13T03:54:01
10.46810	-54.58633	0	32	2021-09-13T03:59:26
10.46851	-54.58603	0	32	2021-09-13T04:04:04
10.46909	-54.58591	0	32	2021-09-13T04:09:03
10.46971	-54.58569	0	32	2021-09-13T04:14:01
10.47039	-54.58548	0	32	2021-09-13T04:19:02
10.47173	-54.58492	0	32	2021-09-13T04:29:00
10.47228	-54.58484	0	32	2021-09-13T04:34:03
10.47289	-54.58466	0	32	2021-09-13T04:39:01
10.47351	-54.58444	0	32	2021-09-13T04:43:59
10.47411	-54.58412	0	32	2021-09-13T04:48:59
10.47458	-54.58395	0	32	2021-09-13T04:54:00
10.47510	-54.58374	0	32	2021-09-13T04:59:24
10.47543	-54.58353	0	32	2021-09-13T05:03:59
10.47583	-54.58334	0	32	2021-09-13T05:09:03
10.47620	-54.58307	0	32	2021-09-13T05:13:59
10.47649	-54.58279	0	32	2021-09-13T05:19:00
10.47672	-54.58258	0	32	2021-09-13T05:23:58
10.47699	-54.58228	0	32	2021-09-13T05:28:58
10.47716	-54.58194	0	32	2021-09-13T05:33:58
10.47731	-54.58163	0	32	2021-09-13T05:38:59
10.47743	-54.58133	0	32	2021-09-13T05:43:57
10.47754	-54.58112	0	32	2021-09-13T05:48:58
10.47770	-54.58080	0	32	2021-09-13T05:54:26
10.47787	-54.58063	0	32	2021-09-13T05:59:26
10.47796	-54.58044	0	32	2021-09-13T06:03:57
10.47814	-54.58026	0	32	2021-09-13T06:08:58
10.47826	-54.58014	0	32	2021-09-13T06:13:57
10.47840	-54.58005	0	32	2021-09-13T06:18:59
10.47859	-54.57990	0	32	2021-09-13T06:23:57
10.47878	-54.57983	0	32	2021-09-13T06:29:00
10.47899	-54.57974	0	32	2021-09-13T06:33:58
10.47925	-54.57959	0	32	2021-09-13T06:38:59
10.47942	-54.57962	0	32	2021-09-13T06:44:00
10.47967	-54.57959	0	32	2021-09-13T06:49:00
10.47986	-54.57950	0	32	2021-09-13T06:54:01
10.48013	-54.57941	0	32	2021-09-13T06:59:01
10.48039	-54.57941	0	32	2021-09-13T07:04:00
10.48071	-54.57928	0	32	2021-09-13T07:09:01
10.48105	-54.57916	0	32	2021-09-13T07:14:01
10.48139	-54.57887	0	32	2021-09-13T07:19:02
10.48165	-54.57878	0	32	2021-09-13T07:24:02
10.48191	-54.57861	0	32	2021-09-13T07:29:02
10.48212	-54.57843	0	32	2021-09-13T07:34:00
10.48225	-54.57825	0	32	2021-09-13T07:39:02
10.48235	-54.57797	0	32	2021-09-13T07:44:02
10.48248	-54.57773	0	32	2021-09-13T07:49:03
10.48261	-54.57745	0	32	2021-09-13T07:54:03
10.48276	-54.57707	0	32	2021-09-13T07:59:04
10.48289	-54.57681	0	32	2021-09-13T08:04:04
10.48306	-54.57648	0	32	2021-09-13T08:09:03
10.48321	-54.57623	0	32	2021-09-13T08:14:04
10.48340	-54.57599	0	32	2021-09-13T08:19:07
10.48360	-54.57584	0	32	2021-09-13T08:24:05
10.48379	-54.57562	0	32	2021-09-13T08:29:03
10.48396	-54.57553	0	32	2021-09-13T08:34:03
10.48422	-54.57547	0	32	2021-09-13T08:39:04
10.48452	-54.57538	0	32	2021-09-13T08:44:05
10.48488	-54.57526	0	32	2021-09-13T08:49:04
10.48527	-54.57516	0	32	2021-09-13T08:54:03
10.48566	-54.57504	0	32	2021-09-13T08:59:24
10.48590	-54.57492	0	32	2021-09-13T09:04:04
10.48616	-54.57477	0	32	2021-09-13T09:09:05
10.48637	-54.57455	0	32	2021-09-13T09:14:05
10.48660	-54.57440	0	32	2021-09-13T09:19:07
10.48683	-54.57425	0	32	2021-09-13T09:24:05
10.48710	-54.57403	0	32	2021-09-13T09:29:05
10.48736	-54.57394	0	32	2021-09-13T09:34:06
10.48762	-54.57382	0	32	2021-09-13T09:39:07
10.48791	-54.57370	0	32	2021-09-13T09:44:06
10.48820	-54.57348	0	32	2021-09-13T09:49:05
10.48846	-54.57339	0	32	2021-09-13T09:54:05
10.48879	-54.57321	0	32	2021-09-13T09:59:28
10.48897	-54.57303	0	32	2021-09-13T10:04:04
10.48911	-54.57282	0	32	2021-09-13T10:09:04
10.48927	-54.57257	0	32	2021-09-13T10:14:12
10.48949	-54.57239	0	32	2021-09-13T10:19:05
10.48969	-54.57217	0	32	2021-09-13T10:24:03
10.48986	-54.57196	0	32	2021-09-13T10:29:12
10.48997	-54.57181	0	32	2021-09-13T10:34:04
10.49009	-54.57172	0	32	2021-09-13T10:39:05
10.49015	-54.57150	0	32	2021-09-13T10:44:09
10.49024	-54.57138	0	32	2021-09-13T10:54:10
10.49031	-54.57153	0	32	2021-09-13T10:59:36
10.49033	-54.57147	0	32	2021-09-13T11:04:13
10.49031	-54.57162	0	32	2021-09-13T11:09:14
10.49030	-54.57169	0	32	2021-09-13T11:14:11
10.49019	-54.57185	0	32	2021-09-13T11:19:08
10.49010	-54.57194	0	32	2021-09-13T11:24:08
10.49001	-54.57211	0	32	2021-09-13T11:29:07
10.48986	-54.57236	0	32	2021-09-13T11:34:04
10.48969	-54.57263	0	32	2021-09-13T11:39:03
10.48952	-54.57297	0	32	2021-09-13T11:44:02
10.48939	-54.57339	0	32	2021-09-13T11:49:01
10.48922	-54.57373	0	32	2021-09-13T11:54:00
10.48898	-54.57404	0	32	2021-09-13T11:59:00
10.48898	-54.57455	0	32	2021-09-13T12:04:00
10.48893	-54.57507	0	32	2021-09-13T12:08:58
10.48896	-54.57562	0	32	2021-09-13T12:13:57
10.48905	-54.57626	0	32	2021-09-13T12:18:56
10.48918	-54.57689	0	32	2021-09-13T12:23:56
10.48925	-54.57745	0	32	2021-09-13T12:28:57
10.48936	-54.57800	0	32	2021-09-13T12:33:55
10.48946	-54.57855	0	32	2021-09-13T12:38:58
10.48957	-54.57916	0	32	2021-09-13T12:43:56
10.48974	-54.57977	0	32	2021-09-13T12:48:57
10.48990	-54.58041	0	32	2021-09-13T12:53:56
10.49011	-54.58097	0	32	2021-09-13T12:58:58
10.49024	-54.58157	0	32	2021-09-13T13:03:58
10.49041	-54.58215	0	32	2021-09-13T13:08:56
10.49057	-54.58279	0	32	2021-09-13T13:13:54
10.49079	-54.58351	0	32	2021-09-13T13:18:51
10.49105	-54.58411	0	32	2021-09-13T13:23:51
10.49135	-54.58478	0	32	2021-09-13T13:28:52
10.49197	-54.58611	0	32	2021-09-13T13:38:50
10.49223	-54.58671	0	32	2021-09-13T13:43:50
10.49253	-54.58731	0	32	2021-09-13T13:48:50
10.49284	-54.58801	0	32	2021-09-13T13:53:45
10.49319	-54.58884	0	32	2021-09-13T13:59:09
10.49336	-54.58954	0	32	2021-09-13T14:03:43
10.49365	-54.59030	0	32	2021-09-13T14:08:42
10.49395	-54.59105	0	32	2021-09-13T14:13:41
10.49421	-54.59174	0	32	2021-09-13T14:18:41
10.49451	-54.59247	0	32	2021-09-13T14:23:39
10.49479	-54.59323	0	32	2021-09-13T14:28:38
10.49511	-54.59393	0	32	2021-09-13T14:33:39
10.49555	-54.59468	0	32	2021-09-13T14:38:37
10.49583	-54.59543	0	32	2021-09-13T14:43:39
10.49619	-54.59631	0	32	2021-09-13T14:48:38
10.49665	-54.59717	0	32	2021-09-13T14:53:38
10.49721	-54.59811	0	32	2021-09-13T14:58:53
10.49762	-54.59912	0	32	2021-09-13T15:03:37
10.49818	-54.60020	0	32	2021-09-13T15:08:37
10.49878	-54.60123	0	32	2021-09-13T15:13:36
10.49937	-54.60223	0	32	2021-09-13T15:18:35
10.49997	-54.60321	0	32	2021-09-13T15:23:36
10.50056	-54.60416	0	32	2021-09-13T15:28:34
10.50113	-54.60510	0	32	2021-09-13T15:33:35
10.50177	-54.60608	0	32	2021-09-13T15:38:32
10.50235	-54.60712	0	32	2021-09-13T15:43:33
10.50304	-54.60821	0	32	2021-09-13T15:48:56
10.50364	-54.60933	0	32	2021-09-13T15:53:56
10.50428	-54.61053	0	32	2021-09-13T15:58:55
10.50488	-54.61172	0	32	2021-09-13T16:03:35
10.50543	-54.61285	0	32	2021-09-13T16:08:33
10.50595	-54.61395	0	32	2021-09-13T16:13:31
10.50655	-54.61490	0	32	2021-09-13T16:18:32
10.50716	-54.61584	0	32	2021-09-13T16:23:31
10.50775	-54.61697	0	32	2021-09-13T16:28:32
10.50838	-54.61800	0	32	2021-09-13T16:33:41
10.50892	-54.61914	0	32	2021-09-13T16:38:42
10.50945	-54.62024	0	32	2021-09-13T16:43:42
10.51000	-54.62134	0	32	2021-09-13T16:48:40
10.51057	-54.62244	0	32	2021-09-13T16:53:37
10.51106	-54.62360	0	32	2021-09-13T16:58:58
10.51150	-54.62461	0	32	2021-09-13T17:03:19
10.51189	-54.62573	0	32	2021-09-13T17:08:20
10.51231	-54.62689	0	32	2021-09-13T17:13:18
10.51274	-54.62796	0	32	2021-09-13T17:18:15
10.51321	-54.62900	0	32	2021-09-13T17:23:15
10.51368	-54.63007	0	32	2021-09-13T17:28:12
10.51407	-54.63114	0	32	2021-09-13T17:33:13
10.51441	-54.63217	0	32	2021-09-13T17:38:14
10.51476	-54.63325	0	32	2021-09-13T17:43:15
10.51506	-54.63428	0	32	2021-09-13T17:48:15
10.51543	-54.63541	0	32	2021-09-13T17:53:13
10.51582	-54.63667	0	32	2021-09-13T17:58:14
10.51616	-54.63770	0	32	2021-09-13T18:03:14
10.51656	-54.63879	0	32	2021-09-13T18:08:12
10.51704	-54.63989	0	32	2021-09-13T18:13:13
10.51755	-54.64090	0	32	2021-09-13T18:18:12
10.51812	-54.64200	0	32	2021-09-13T18:23:10
10.51868	-54.64294	0	32	2021-09-13T18:28:11
10.51921	-54.64395	0	32	2021-09-13T18:33:12
10.52031	-54.64611	0	32	2021-09-13T18:43:10
10.52081	-54.64719	0	32	2021-09-13T18:48:13
10.52142	-54.64835	0	32	2021-09-13T18:53:11
10.52203	-54.64966	0	32	2021-09-13T18:58:35
10.52263	-54.65070	0	32	2021-09-13T19:03:10
10.52323	-54.65182	0	32	2021-09-13T19:08:10
10.52388	-54.65289	0	32	2021-09-13T19:13:10
10.52525	-54.65521	0	32	2021-09-13T19:23:11
10.52591	-54.65641	0	32	2021-09-13T19:28:12
10.52660	-54.65744	0	32	2021-09-13T19:33:11
10.52731	-54.65854	0	32	2021-09-13T19:38:14
10.52799	-54.65968	0	32	2021-09-13T19:43:15
10.52860	-54.66064	0	32	2021-09-13T19:48:13
10.52927	-54.66174	0	32	2021-09-13T19:53:14
10.52997	-54.66287	0	32	2021-09-13T19:58:37
10.53057	-54.66391	0	32	2021-09-13T20:03:14
10.53130	-54.66498	0	32	2021-09-13T20:08:12
10.53201	-54.66599	0	32	2021-09-13T20:13:10
10.53278	-54.66693	0	32	2021-09-13T20:18:10
10.53359	-54.66794	0	32	2021-09-13T20:23:10
10.53445	-54.66888	0	32	2021-09-13T20:28:09
10.53532	-54.66980	0	32	2021-09-13T20:33:05
10.53624	-54.67075	0	32	2021-09-13T20:38:06
10.53709	-54.67163	0	32	2021-09-13T20:43:03
10.53792	-54.67252	0	32	2021-09-13T20:48:04
10.53862	-54.67331	0	32	2021-09-13T20:53:02
10.53946	-54.67426	0	32	2021-09-13T20:58:29
10.54015	-54.67511	0	32	2021-09-13T21:03:02
10.54082	-54.67590	0	32	2021-09-13T21:08:06
10.54167	-54.67690	0	32	2021-09-13T21:13:03
10.54240	-54.67767	0	32	2021-09-13T21:18:02
10.54316	-54.67859	0	32	2021-09-13T21:23:03
10.54382	-54.67960	0	32	2021-09-13T21:28:03
10.54455	-54.68066	0	32	2021-09-13T21:33:04
10.54529	-54.68165	0	32	2021-09-13T21:38:04
10.54602	-54.68268	0	32	2021-09-13T21:43:03
10.54681	-54.68369	0	32	2021-09-13T21:48:02
10.54756	-54.68463	0	32	2021-09-13T21:53:02
10.54834	-54.68570	0	32	2021-09-13T21:58:27
10.54904	-54.68658	0	32	2021-09-13T22:03:01
10.55045	-54.68837	0	32	2021-09-13T22:12:56
10.55118	-54.68923	0	32	2021-09-13T22:17:56
10.55191	-54.69000	0	32	2021-09-13T22:22:57
10.55268	-54.69080	0	32	2021-09-13T22:27:55
10.55347	-54.69159	0	32	2021-09-13T22:32:59
10.55426	-54.69247	0	32	2021-09-13T22:37:56
10.55504	-54.69332	0	32	2021-09-13T22:42:55
10.55577	-54.69409	0	32	2021-09-13T22:47:54
10.55656	-54.69482	0	32	2021-09-13T22:52:54
10.55738	-54.69568	0	32	2021-09-13T22:58:27
10.55804	-54.69647	0	32	2021-09-13T23:02:56
10.55884	-54.69736	0	32	2021-09-13T23:07:53
10.55967	-54.69821	0	32	2021-09-13T23:12:51
10.56058	-54.69901	0	32	2021-09-13T23:17:55
10.56148	-54.69983	0	32	2021-09-13T23:22:53
10.56241	-54.70065	0	32	2021-09-13T23:27:53
10.56339	-54.70132	0	32	2021-09-13T23:32:54
10.56438	-54.70209	0	32	2021-09-13T23:37:55
10.56540	-54.70285	0	32	2021-09-13T23:42:56
10.56643	-54.70358	0	32	2021-09-13T23:47:56
10.56860	-54.70525	0	32	2021-09-13T23:57:58
10.56951	-54.70590	0	32	2021-09-14T00:02:59
10.57048	-54.70654	0	32	2021-09-14T00:07:59
10.57141	-54.70709	0	32	2021-09-14T00:13:01
10.57226	-54.70773	0	32	2021-09-14T00:18:00
10.57306	-54.70837	0	32	2021-09-14T00:23:02
10.57391	-54.70905	0	32	2021-09-14T00:28:03
10.57476	-54.70972	0	32	2021-09-14T00:33:04
10.57554	-54.71042	0	32	2021-09-14T00:38:05
10.57626	-54.71118	0	32	2021-09-14T00:43:05
10.57698	-54.71194	0	32	2021-09-14T00:48:06
10.57768	-54.71268	0	32	2021-09-14T00:53:04
10.57850	-54.71332	0	32	2021-09-14T00:58:26
10.57924	-54.71417	0	32	2021-09-14T01:03:05
10.58004	-54.71512	0	32	2021-09-14T01:08:06
10.58085	-54.71597	0	32	2021-09-14T01:13:08
10.58175	-54.71674	0	32	2021-09-14T01:18:07
10.58243	-54.71768	0	32	2021-09-14T01:23:05
10.58333	-54.71857	0	32	2021-09-14T01:28:06
10.58511	-54.72049	0	32	2021-09-14T01:38:08
10.58601	-54.72135	0	32	2021-09-14T01:43:08
10.58700	-54.72229	0	32	2021-09-14T01:48:08
10.58798	-54.72327	0	32	2021-09-14T01:53:06
10.58894	-54.72427	0	32	2021-09-14T01:58:26
10.58986	-54.72523	0	32	2021-09-14T02:03:09
10.59080	-54.72617	0	32	2021-09-14T02:08:09
10.59179	-54.72720	0	32	2021-09-14T02:13:10
10.59277	-54.72827	0	32	2021-09-14T02:18:11
10.59381	-54.72937	0	32	2021-09-14T02:23:11
10.59492	-54.73041	0	32	2021-09-14T02:28:13
10.59602	-54.73141	0	32	2021-09-14T02:33:16
10.59715	-54.73242	0	32	2021-09-14T02:38:14
10.59828	-54.73344	0	32	2021-09-14T02:43:12
10.59940	-54.73438	0	32	2021-09-14T02:48:12
10.60068	-54.73536	0	32	2021-09-14T02:53:55
10.60192	-54.73639	0	32	2021-09-14T02:58:56
10.60294	-54.73718	0	32	2021-09-14T03:03:15
10.60417	-54.73807	0	32	2021-09-14T03:08:18
10.60542	-54.73898	0	32	2021-09-14T03:13:16
10.60670	-54.73987	0	32	2021-09-14T03:18:17
10.60802	-54.74078	0	32	2021-09-14T03:23:17
10.60937	-54.74170	0	32	2021-09-14T03:28:18
10.61064	-54.74258	0	32	2021-09-14T03:33:18
10.61197	-54.74341	0	32	2021-09-14T03:38:13
10.61334	-54.74423	0	32	2021-09-14T03:43:14
10.61470	-54.74506	0	32	2021-09-14T03:48:14
10.61607	-54.74593	0	32	2021-09-14T03:53:19
10.61744	-54.74679	0	32	2021-09-14T03:58:19
10.61860	-54.74756	0	32	2021-09-14T04:03:18
10.61994	-54.74841	0	32	2021-09-14T04:08:17
10.62137	-54.74933	0	32	2021-09-14T04:13:17
10.62286	-54.75024	0	32	2021-09-14T04:18:16
10.62433	-54.75125	0	32	2021-09-14T04:23:17
10.62579	-54.75226	0	32	2021-09-14T04:28:16
10.62730	-54.75343	0	32	2021-09-14T04:33:17
10.62867	-54.75433	0	32	2021-09-14T04:38:15
10.63013	-54.75531	0	32	2021-09-14T04:43:16
10.63162	-54.75626	0	32	2021-09-14T04:48:14
10.63307	-54.75717	0	32	2021-09-14T04:53:14
10.63466	-54.75820	0	32	2021-09-14T04:58:17
10.63603	-54.75906	0	32	2021-09-14T05:03:16
10.63748	-54.75986	0	32	2021-09-14T05:08:15
10.63895	-54.76071	0	32	2021-09-14T05:13:13
10.64039	-54.76154	0	32	2021-09-14T05:18:11
10.64181	-54.76255	0	32	2021-09-14T05:23:14
10.64327	-54.76349	0	32	2021-09-14T05:28:13
10.64636	-54.76555	0	32	2021-09-14T05:38:13
10.64786	-54.76658	0	32	2021-09-14T05:43:12
10.64939	-54.76771	0	32	2021-09-14T05:48:12
10.64936	-54.76770	0	32	2021-09-14T05:48:12
10.65085	-54.76883	0	32	2021-09-14T05:53:12
10.65252	-54.76999	0	32	2021-09-14T05:58:37
10.65391	-54.77095	0	32	2021-09-14T06:03:10
10.65538	-54.77188	0	32	2021-09-14T06:08:11
10.65679	-54.77283	0	32	2021-09-14T06:13:09
10.65829	-54.77380	0	32	2021-09-14T06:18:10
10.65980	-54.77478	0	32	2021-09-14T06:23:10
10.66122	-54.77573	0	32	2021-09-14T06:28:07
10.66275	-54.77670	0	32	2021-09-14T06:33:04
10.66557	-54.77873	0	32	2021-09-14T06:42:55
10.66703	-54.77967	0	32	2021-09-14T06:47:55
10.66845	-54.78061	0	32	2021-09-14T06:52:56
10.67006	-54.78180	0	32	2021-09-14T06:58:24
10.67144	-54.78278	0	32	2021-09-14T07:02:54
10.67290	-54.78387	0	32	2021-09-14T07:07:55
10.67429	-54.78494	0	32	2021-09-14T07:12:54
10.67731	-54.78712	0	32	2021-09-14T07:22:53
10.67877	-54.78806	0	32	2021-09-14T07:27:53
10.68023	-54.78900	0	32	2021-09-14T07:32:52
10.68182	-54.78995	0	32	2021-09-14T07:37:53
10.68334	-54.79094	0	32	2021-09-14T07:42:52
10.68480	-54.79175	0	32	2021-09-14T07:47:57
10.68626	-54.79266	0	32	2021-09-14T07:52:51
10.68792	-54.79385	0	32	2021-09-14T07:57:55
10.68929	-54.79471	0	32	2021-09-14T08:02:55
10.69081	-54.79575	0	32	2021-09-14T08:07:53
10.69238	-54.79681	0	32	2021-09-14T08:12:51
10.69396	-54.79791	0	32	2021-09-14T08:17:52
10.69549	-54.79895	0	32	2021-09-14T08:22:52
10.69706	-54.80009	0	32	2021-09-14T08:27:53
10.69869	-54.80103	0	32	2021-09-14T08:32:54
10.70028	-54.80197	0	32	2021-09-14T08:37:54
10.70191	-54.80307	0	32	2021-09-14T08:42:52
10.70354	-54.80406	0	32	2021-09-14T08:48:23
10.70513	-54.80500	0	32	2021-09-14T08:53:24
10.70680	-54.80612	0	32	2021-09-14T08:58:24
10.70818	-54.80701	0	32	2021-09-14T09:02:59
10.70978	-54.80792	0	32	2021-09-14T09:07:57
10.71132	-54.80884	0	32	2021-09-14T09:12:59
10.71284	-54.80975	0	32	2021-09-14T09:18:00
10.71441	-54.81064	0	32	2021-09-14T09:22:58
10.71592	-54.81146	0	32	2021-09-14T09:27:58
10.71751	-54.81237	0	32	2021-09-14T09:32:56
10.71910	-54.81314	0	32	2021-09-14T09:37:57
10.72063	-54.81402	0	32	2021-09-14T09:42:58
10.72222	-54.81488	0	32	2021-09-14T09:47:59
10.72384	-54.81577	0	32	2021-09-14T09:53:00
10.72560	-54.81668	0	32	2021-09-14T09:58:28
10.72710	-54.81741	0	32	2021-09-14T10:02:58
10.72875	-54.81824	0	32	2021-09-14T10:08:02
10.73038	-54.81907	0	32	2021-09-14T10:13:04
10.73197	-54.81976	0	32	2021-09-14T10:18:04
10.73360	-54.82053	0	32	2021-09-14T10:23:05
10.73523	-54.82132	0	32	2021-09-14T10:28:03
10.73691	-54.82214	0	32	2021-09-14T10:33:06
10.73874	-54.82308	0	32	2021-09-14T10:38:04
10.74050	-54.82385	0	32	2021-09-14T10:43:04
10.74239	-54.82467	0	32	2021-09-14T10:48:06
10.74424	-54.82544	0	32	2021-09-14T10:53:06
10.74617	-54.82614	0	32	2021-09-14T10:58:26
10.74786	-54.82681	0	32	2021-09-14T11:03:07
10.74974	-54.82751	0	32	2021-09-14T11:08:05
10.75166	-54.82822	0	32	2021-09-14T11:13:06
10.75358	-54.82895	0	32	2021-09-14T11:18:05
10.75553	-54.82968	0	32	2021-09-14T11:23:06
10.75747	-54.83054	0	32	2021-09-14T11:28:04
10.75945	-54.83142	0	32	2021-09-14T11:33:02
10.76144	-54.83240	0	32	2021-09-14T11:38:02
10.76347	-54.83341	0	32	2021-09-14T11:43:04
10.76544	-54.83435	0	32	2021-09-14T11:48:04
10.76741	-54.83527	0	32	2021-09-14T11:53:01
10.76953	-54.83618	0	32	2021-09-14T11:58:25
10.77129	-54.83694	0	32	2021-09-14T12:03:01
10.77322	-54.83780	0	32	2021-09-14T12:08:00
10.77517	-54.83868	0	32	2021-09-14T12:13:01
10.77709	-54.83954	0	32	2021-09-14T12:17:58
10.78100	-54.84150	0	32	2021-09-14T12:27:59
10.78293	-54.84241	0	32	2021-09-14T12:32:59
10.78494	-54.84338	0	32	2021-09-14T12:38:00
10.78700	-54.84430	0	32	2021-09-14T12:42:58
10.78905	-54.84521	0	32	2021-09-14T12:47:55
10.79115	-54.84610	0	32	2021-09-14T12:52:56
10.79533	-54.84805	0	32	2021-09-14T13:02:53
10.79737	-54.84897	0	32	2021-09-14T13:07:51
10.79947	-54.84985	0	32	2021-09-14T13:12:51
10.80155	-54.85068	0	32	2021-09-14T13:17:53
10.80361	-54.85153	0	32	2021-09-14T13:22:52
10.80573	-54.85239	0	32	2021-09-14T13:27:53
10.80782	-54.85336	0	32	2021-09-14T13:32:51
10.80993	-54.85434	0	32	2021-09-14T13:37:48
10.81209	-54.85534	0	32	2021-09-14T13:42:49
10.81419	-54.85620	0	32	2021-09-14T13:47:49
10.81629	-54.85706	0	32	2021-09-14T13:52:49
10.81864	-54.85809	0	32	2021-09-14T13:58:26
10.82052	-54.85883	0	32	2021-09-14T14:02:49
10.82260	-54.85962	0	32	2021-09-14T14:07:49
10.82468	-54.86047	0	32	2021-09-14T14:12:47
10.82679	-54.86127	0	32	2021-09-14T14:17:50
10.82882	-54.86206	0	32	2021-09-14T14:22:48
10.83089	-54.86288	0	32	2021-09-14T14:27:49
10.83303	-54.86368	0	32	2021-09-14T14:32:47
10.83518	-54.86459	0	32	2021-09-14T14:37:49
10.83734	-54.86545	0	32	2021-09-14T14:42:48
10.83943	-54.86627	0	32	2021-09-14T14:47:49
10.84153	-54.86713	0	32	2021-09-14T14:53:24
10.84380	-54.86807	0	32	2021-09-14T14:58:24
10.84562	-54.86874	0	32	2021-09-14T15:02:47
10.84768	-54.86945	0	32	2021-09-14T15:07:48
10.84975	-54.87015	0	32	2021-09-14T15:12:49
10.85182	-54.87085	0	32	2021-09-14T15:17:47
10.85386	-54.87153	0	32	2021-09-14T15:22:47
10.85583	-54.87204	0	32	2021-09-14T15:27:48
10.85783	-54.87262	0	32	2021-09-14T15:32:45
10.85985	-54.87317	0	32	2021-09-14T15:37:46
10.86187	-54.87372	0	32	2021-09-14T15:42:45
10.86395	-54.87421	0	32	2021-09-14T15:47:46
10.86807	-54.87518	0	32	2021-09-14T15:58:05
10.86989	-54.87558	0	32	2021-09-14T16:02:42
10.87178	-54.87592	0	32	2021-09-14T16:07:43
10.87371	-54.87619	0	32	2021-09-14T16:12:40
10.87565	-54.87646	0	32	2021-09-14T16:17:41
10.87760	-54.87668	0	32	2021-09-14T16:22:38
10.87959	-54.87689	0	32	2021-09-14T16:27:39
10.88144	-54.87726	0	32	2021-09-14T16:32:36
10.88335	-54.87775	0	32	2021-09-14T16:37:37
10.88519	-54.87814	0	32	2021-09-14T16:42:36
10.88710	-54.87839	0	32	2021-09-14T16:47:38
10.88906	-54.87866	0	32	2021-09-14T16:52:35
10.89113	-54.87911	0	32	2021-09-14T16:57:37
10.89297	-54.87946	0	32	2021-09-14T17:02:36
10.89487	-54.87988	0	32	2021-09-14T17:07:38
10.89679	-54.88022	0	32	2021-09-14T17:12:35
10.89876	-54.88055	0	32	2021-09-14T17:17:39
10.90074	-54.88093	0	32	2021-09-14T17:22:40
10.90263	-54.88110	0	32	2021-09-14T17:27:40
10.90455	-54.88138	0	32	2021-09-14T17:32:38
10.90837	-54.88181	0	32	2021-09-14T17:42:40
10.91030	-54.88199	0	32	2021-09-14T17:47:41
10.91219	-54.88208	0	32	2021-09-14T17:52:42
10.91437	-54.88232	0	32	2021-09-14T17:58:29
10.91598	-54.88254	0	32	2021-09-14T18:02:43
10.91778	-54.88263	0	32	2021-09-14T18:07:44
10.91958	-54.88272	0	32	2021-09-14T18:12:44
10.92142	-54.88290	0	32	2021-09-14T18:17:46
10.92327	-54.88309	0	32	2021-09-14T18:22:44
10.92513	-54.88337	0	32	2021-09-14T18:27:45
10.92693	-54.88354	0	32	2021-09-14T18:32:45
10.92880	-54.88370	0	32	2021-09-14T18:37:48
10.93063	-54.88388	0	32	2021-09-14T18:42:46
10.93250	-54.88402	0	32	2021-09-14T18:47:47
10.93426	-54.88419	0	32	2021-09-14T18:52:47
10.93627	-54.88446	0	32	2021-09-14T18:58:27
10.93781	-54.88464	0	32	2021-09-14T19:02:46
10.93961	-54.88493	0	32	2021-09-14T19:07:44
10.94133	-54.88510	0	32	2021-09-14T19:12:44
10.94304	-54.88535	0	32	2021-09-14T19:17:45
10.94475	-54.88556	0	32	2021-09-14T19:22:44
10.94652	-54.88586	0	32	2021-09-14T19:27:42
10.94804	-54.88605	0	32	2021-09-14T19:32:42
10.94960	-54.88629	0	32	2021-09-14T19:37:41
10.95114	-54.88651	0	32	2021-09-14T19:42:40
10.95424	-54.88708	0	32	2021-09-14T19:52:43
10.95578	-54.88721	0	32	2021-09-14T19:57:55
10.95711	-54.88742	0	32	2021-09-14T20:02:42
10.95854	-54.88757	0	32	2021-09-14T20:07:42
10.95990	-54.88773	0	32	2021-09-14T20:12:41
10.96126	-54.88791	0	32	2021-09-14T20:17:43
10.96250	-54.88800	0	32	2021-09-14T20:22:43
10.96374	-54.88806	0	32	2021-09-14T20:27:40
10.96499	-54.88809	0	32	2021-09-14T20:32:38
10.96615	-54.88809	0	32	2021-09-14T20:37:38
10.96735	-54.88809	0	32	2021-09-14T20:42:37
10.96853	-54.88806	0	32	2021-09-14T20:47:34
10.97106	-54.88806	0	32	2021-09-14T20:57:38
10.97208	-54.88806	0	32	2021-09-14T21:02:35
10.97325	-54.88806	0	32	2021-09-14T21:07:37
10.97445	-54.88803	0	32	2021-09-14T21:12:37
10.97561	-54.88785	0	32	2021-09-14T21:17:41
10.97673	-54.88776	0	32	2021-09-14T21:22:40
10.97782	-54.88776	0	32	2021-09-14T21:27:41
10.97887	-54.88776	0	32	2021-09-14T21:32:40
10.97997	-54.88773	0	32	2021-09-14T21:37:41
10.98100	-54.88773	0	32	2021-09-14T21:42:39
10.98205	-54.88773	0	32	2021-09-14T21:47:40
10.98313	-54.88773	0	32	2021-09-14T21:52:41
10.98445	-54.88766	0	32	2021-09-14T21:57:40
10.98544	-54.88766	0	32	2021-09-14T22:02:39
10.98646	-54.88760	0	32	2021-09-14T22:07:39
10.98744	-54.88751	0	32	2021-09-14T22:12:40
10.98843	-54.88739	0	32	2021-09-14T22:17:37
10.98942	-54.88739	0	32	2021-09-14T22:22:37
10.99041	-54.88739	0	32	2021-09-14T22:27:36
10.99139	-54.88730	0	32	2021-09-14T22:32:39
10.99237	-54.88724	0	32	2021-09-14T22:37:41
10.99335	-54.88718	0	32	2021-09-14T22:42:40
10.99435	-54.88708	0	32	2021-09-14T22:47:42
10.99530	-54.88696	0	32	2021-09-14T22:52:40
10.99649	-54.88678	0	32	2021-09-14T22:57:58
10.99743	-54.88666	0	32	2021-09-14T23:02:41
10.99839	-54.88651	0	32	2021-09-14T23:07:41
10.99929	-54.88641	0	32	2021-09-14T23:12:38
11.00024	-54.88641	0	32	2021-09-14T23:17:39
11.00121	-54.88638	0	32	2021-09-14T23:22:36
11.00223	-54.88635	0	32	2021-09-14T23:27:34
11.00317	-54.88635	0	32	2021-09-14T23:32:34
11.00418	-54.88635	0	32	2021-09-14T23:37:31
11.00521	-54.88647	0	32	2021-09-14T23:42:32
11.00618	-54.88657	0	32	2021-09-14T23:47:29
11.00720	-54.88663	0	32	2021-09-14T23:52:29
11.00840	-54.88663	0	32	2021-09-14T23:57:59
11.00940	-54.88669	0	32	2021-09-15T00:02:31
11.01043	-54.88678	0	32	2021-09-15T00:07:29
11.01147	-54.88684	0	32	2021-09-15T00:12:26
11.01252	-54.88702	0	32	2021-09-15T00:17:27
11.01353	-54.88718	0	32	2021-09-15T00:22:28
11.01454	-54.88750	0	32	2021-09-15T00:27:24
11.01553	-54.88776	0	32	2021-09-15T00:32:25
11.01656	-54.88809	0	32	2021-09-15T00:37:26
11.01750	-54.88855	0	32	2021-09-15T00:42:27
11.01847	-54.88876	0	32	2021-09-15T00:47:27
11.01950	-54.88885	0	32	2021-09-15T00:52:26
11.02071	-54.88956	0	32	2021-09-15T00:58:00
11.02173	-54.88989	0	32	2021-09-15T01:02:23
11.02288	-54.89036	0	32	2021-09-15T01:07:20
11.02400	-54.89070	0	32	2021-09-15T01:12:21
11.02507	-54.89096	0	32	2021-09-15T01:17:21
11.02617	-54.89127	0	32	2021-09-15T01:22:22
11.02715	-54.89157	0	32	2021-09-15T01:27:27
11.02810	-54.89182	0	32	2021-09-15T01:32:21
11.02910	-54.89209	0	32	2021-09-15T01:37:24
11.03018	-54.89247	0	32	2021-09-15T01:42:23
11.03121	-54.89273	0	32	2021-09-15T01:47:23
11.03224	-54.89294	0	32	2021-09-15T01:52:21
11.03344	-54.89313	0	32	2021-09-15T01:57:55
11.03446	-54.89331	0	32	2021-09-15T02:02:20
11.03565	-54.89352	0	32	2021-09-15T02:07:18
11.03686	-54.89375	0	32	2021-09-15T02:12:19
11.03810	-54.89384	0	32	2021-09-15T02:17:19
11.03934	-54.89401	0	32	2021-09-15T02:22:18
11.04064	-54.89413	0	32	2021-09-15T02:27:17
11.04201	-54.89435	0	32	2021-09-15T02:32:19
11.04341	-54.89450	0	32	2021-09-15T02:37:17
11.04483	-54.89459	0	32	2021-09-15T02:42:17
11.04625	-54.89468	0	32	2021-09-15T02:47:20
11.04777	-54.89459	0	32	2021-09-15T02:52:18
11.04942	-54.89462	0	32	2021-09-15T02:57:58
11.05077	-54.89459	0	32	2021-09-15T03:02:17
11.05232	-54.89447	0	32	2021-09-15T03:07:18
11.05394	-54.89430	0	32	2021-09-15T03:12:17
11.05553	-54.89413	0	32	2021-09-15T03:17:16
11.05709	-54.89399	0	32	2021-09-15T03:22:17
11.05862	-54.89380	0	32	2021-09-15T03:27:20
11.06017	-54.89365	0	32	2021-09-15T03:32:18
11.06166	-54.89346	0	32	2021-09-15T03:37:18
11.06321	-54.89333	0	32	2021-09-15T03:42:19
11.06471	-54.89316	0	32	2021-09-15T03:47:19
11.06626	-54.89281	0	32	2021-09-15T03:52:25
11.06785	-54.89247	0	32	2021-09-15T03:57:25
11.06918	-54.89221	0	32	2021-09-15T04:02:24
11.07071	-54.89188	0	32	2021-09-15T04:07:24
11.07227	-54.89157	0	32	2021-09-15T04:12:27
11.07382	-54.89117	0	32	2021-09-15T04:17:28
11.07701	-54.89036	0	32	2021-09-15T04:27:26
11.07853	-54.89008	0	32	2021-09-15T04:32:27
11.08018	-54.88968	0	32	2021-09-15T04:37:25
11.08185	-54.88919	0	32	2021-09-15T04:42:26
11.08355	-54.88882	0	32	2021-09-15T04:47:24
11.08529	-54.88846	0	32	2021-09-15T04:52:23
11.08716	-54.88809	0	32	2021-09-15T04:57:54
11.08874	-54.88770	0	32	2021-09-15T05:02:18
11.09046	-54.88742	0	32	2021-09-15T05:07:21
11.09217	-54.88702	0	32	2021-09-15T05:12:19
11.09387	-54.88666	0	32	2021-09-15T05:17:19
11.09555	-54.88625	0	32	2021-09-15T05:22:17
11.09722	-54.88608	0	32	2021-09-15T05:27:18
11.09892	-54.88579	0	32	2021-09-15T05:32:16
11.10055	-54.88562	0	32	2021-09-15T05:37:16
11.10215	-54.88540	0	32	2021-09-15T05:42:16
11.10369	-54.88531	0	32	2021-09-15T05:47:15
11.10524	-54.88519	0	32	2021-09-15T05:52:14
11.10692	-54.88507	0	32	2021-09-15T05:57:35
11.10837	-54.88495	0	32	2021-09-15T06:02:15
11.11001	-54.88483	0	32	2021-09-15T06:07:17
11.11164	-54.88470	0	32	2021-09-15T06:12:18
11.11332	-54.88451	0	32	2021-09-15T06:17:20
11.11495	-54.88434	0	32	2021-09-15T06:22:20
11.11660	-54.88419	0	32	2021-09-15T06:27:24
11.11822	-54.88412	0	32	2021-09-15T06:32:26
11.11981	-54.88409	0	32	2021-09-15T06:37:25
11.12140	-54.88403	0	32	2021-09-15T06:42:26
11.12463	-54.88385	0	32	2021-09-15T06:52:25
11.12647	-54.88373	0	32	2021-09-15T06:57:25
11.12793	-54.88364	0	32	2021-09-15T07:02:24
11.12949	-54.88345	0	32	2021-09-15T07:07:21
11.13104	-54.88333	0	32	2021-09-15T07:12:19
11.13258	-54.88324	0	32	2021-09-15T07:17:18
11.13406	-54.88312	0	32	2021-09-15T07:22:18
11.13551	-54.88303	0	32	2021-09-15T07:27:19
11.13699	-54.88293	0	32	2021-09-15T07:32:16
11.13841	-54.88293	0	32	2021-09-15T07:37:16
11.13983	-54.88293	0	32	2021-09-15T07:42:15
11.14123	-54.88297	0	32	2021-09-15T07:47:15
11.14262	-54.88290	0	32	2021-09-15T07:52:16
11.14405	-54.88278	0	32	2021-09-15T07:57:17
11.14521	-54.88269	0	32	2021-09-15T08:02:18
11.14649	-54.88266	0	32	2021-09-15T08:07:17
11.14778	-54.88260	0	32	2021-09-15T08:12:19
11.14898	-54.88251	0	32	2021-09-15T08:17:19
11.15020	-54.88239	0	32	2021-09-15T08:22:21
11.15141	-54.88226	0	32	2021-09-15T08:27:19
11.15264	-54.88217	0	32	2021-09-15T08:32:23
11.15383	-54.88208	0	32	2021-09-15T08:37:21
11.15497	-54.88196	0	32	2021-09-15T08:42:24
11.15612	-54.88187	0	32	2021-09-15T08:47:22
11.15721	-54.88181	0	32	2021-09-15T08:52:25
11.15940	-54.88153	0	32	2021-09-15T09:02:27
11.16043	-54.88153	0	32	2021-09-15T09:07:26
11.16150	-54.88144	0	32	2021-09-15T09:12:26
11.16255	-54.88129	0	32	2021-09-15T09:17:26
11.16361	-54.88123	0	32	2021-09-15T09:22:23
11.16469	-54.88123	0	32	2021-09-15T09:27:21
11.16575	-54.88123	0	32	2021-09-15T09:32:18
11.16686	-54.88126	0	32	2021-09-15T09:37:11
11.16789	-54.88126	0	32	2021-09-15T09:42:12
11.16892	-54.88126	0	32	2021-09-15T09:47:12
11.17000	-54.88129	0	32	2021-09-15T09:52:13
11.17127	-54.88141	0	32	2021-09-15T09:57:37
11.17232	-54.88144	0	32	2021-09-15T10:02:12
11.17341	-54.88147	0	32	2021-09-15T10:07:12
11.17451	-54.88147	0	32	2021-09-15T10:12:13
11.17562	-54.88138	0	32	2021-09-15T10:17:10
11.17672	-54.88135	0	32	2021-09-15T10:22:11
11.17777	-54.88123	0	32	2021-09-15T10:27:08
11.17887	-54.88107	0	32	2021-09-15T10:32:09
11.17992	-54.88095	0	32	2021-09-15T10:37:06
11.18096	-54.88086	0	32	2021-09-15T10:42:07
11.18205	-54.88071	0	32	2021-09-15T10:47:04
11.18311	-54.88065	0	32	2021-09-15T10:52:01
11.18427	-54.88058	0	32	2021-09-15T10:57:27
11.18526	-54.88055	0	32	2021-09-15T11:02:05
11.18633	-54.88049	0	32	2021-09-15T11:07:04
11.18727	-54.88049	0	32	2021-09-15T11:12:04
11.18831	-54.88046	0	32	2021-09-15T11:17:05
11.18936	-54.88040	0	32	2021-09-15T11:22:05
11.19049	-54.88034	0	32	2021-09-15T11:26:59
11.19159	-54.88031	0	32	2021-09-15T11:32:02
11.19273	-54.88025	0	32	2021-09-15T11:36:59
11.19387	-54.88013	0	32	2021-09-15T11:41:58
11.19631	-54.87967	0	32	2021-09-15T11:51:59
11.19760	-54.87967	0	32	2021-09-15T11:56:59
11.19867	-54.87967	0	32	2021-09-15T12:01:58
11.19983	-54.87958	0	32	2021-09-15T12:06:55
11.20118	-54.87952	0	32	2021-09-15T12:11:55
11.20234	-54.87943	0	32	2021-09-15T12:16:56
11.20348	-54.87933	0	32	2021-09-15T12:21:57
11.20460	-54.87924	0	32	2021-09-15T12:26:57
11.20567	-54.87924	0	32	2021-09-15T12:31:58
11.20679	-54.87915	0	32	2021-09-15T12:36:58
11.20793	-54.87912	0	32	2021-09-15T12:41:56
11.20917	-54.87909	0	32	2021-09-15T12:47:01
11.21040	-54.87912	0	32	2021-09-15T12:51:59
11.21173	-54.87921	0	32	2021-09-15T12:57:34
11.21282	-54.87924	0	32	2021-09-15T13:02:00
11.21547	-54.87940	0	32	2021-09-15T13:11:54
11.21676	-54.87940	0	32	2021-09-15T13:16:55
11.21809	-54.87949	0	32	2021-09-15T13:21:55
11.21937	-54.87958	0	32	2021-09-15T13:26:56
11.22059	-54.87970	0	32	2021-09-15T13:31:54
11.22175	-54.87988	0	32	2021-09-15T13:36:57
11.22300	-54.88007	0	32	2021-09-15T13:41:59
11.22414	-54.88022	0	32	2021-09-15T13:46:56
11.22527	-54.88040	0	32	2021-09-15T13:51:57
11.22643	-54.88052	0	32	2021-09-15T13:57:24
11.22730	-54.88065	0	32	2021-09-15T14:01:59
11.22810	-54.88080	0	32	2021-09-15T14:07:00
11.22893	-54.88086	0	32	2021-09-15T14:11:59
11.22978	-54.88098	0	32	2021-09-15T14:16:58
11.23077	-54.88107	0	32	2021-09-15T14:21:58
11.23176	-54.88107	0	32	2021-09-15T14:26:59
11.23278	-54.88107	0	32	2021-09-15T14:31:56
11.23377	-54.88113	0	32	2021-09-15T14:36:59
11.23472	-54.88123	0	32	2021-09-15T14:41:57
11.23568	-54.88129	0	32	2021-09-15T14:46:58
11.23654	-54.88129	0	32	2021-09-15T14:51:59
11.23746	-54.88129	0	32	2021-09-15T14:57:27
11.23825	-54.88129	0	32	2021-09-15T15:01:54
11.23910	-54.88129	0	32	2021-09-15T15:06:58
11.23996	-54.88126	0	32	2021-09-15T15:11:59
11.24076	-54.88123	0	32	2021-09-15T15:16:53
11.24162	-54.88132	0	32	2021-09-15T15:21:53
11.24252	-54.88132	0	32	2021-09-15T15:26:53
11.24346	-54.88132	0	32	2021-09-15T15:31:53
11.24453	-54.88126	0	32	2021-09-15T15:37:04
11.24545	-54.88138	0	32	2021-09-15T15:42:04
11.24637	-54.88147	0	32	2021-09-15T15:47:05
11.24731	-54.88156	0	32	2021-09-15T15:52:06
11.24819	-54.88181	0	32	2021-09-15T15:57:26
11.24925	-54.88194	0	32	2021-09-15T16:01:56
11.25024	-54.88211	0	32	2021-09-15T16:06:57
11.25118	-54.88220	0	32	2021-09-15T16:11:57
11.25221	-54.88239	0	32	2021-09-15T16:16:55
11.25324	-54.88245	0	32	2021-09-15T16:21:54
11.25427	-54.88254	0	32	2021-09-15T16:26:55
11.25544	-54.88275	0	32	2021-09-15T16:31:54
11.25668	-54.88284	0	32	2021-09-15T16:36:54
11.25789	-54.88303	0	32	2021-09-15T16:41:55
11.25913	-54.88324	0	32	2021-09-15T16:46:53
11.26041	-54.88345	0	32	2021-09-15T16:51:52
11.26178	-54.88388	0	32	2021-09-15T16:57:25
11.26294	-54.88407	0	32	2021-09-15T17:01:53
11.26431	-54.88416	0	32	2021-09-15T17:06:52
11.26562	-54.88443	0	32	2021-09-15T17:11:52
11.26691	-54.88452	0	32	2021-09-15T17:16:52
11.26824	-54.88464	0	32	2021-09-15T17:21:49
11.26959	-54.88477	0	32	2021-09-15T17:26:54
11.27093	-54.88492	0	32	2021-09-15T17:31:48
11.27222	-54.88507	0	32	2021-09-15T17:36:49
11.27354	-54.88519	0	32	2021-09-15T17:41:47
11.27489	-54.88541	0	32	2021-09-15T17:47:03
11.27629	-54.88550	0	32	2021-09-15T17:51:50
11.27799	-54.88571	0	32	2021-09-15T17:57:24
11.27934	-54.88577	0	32	2021-09-15T18:01:46
11.28089	-54.88586	0	32	2021-09-15T18:06:43
11.28251	-54.88599	0	32	2021-09-15T18:11:43
11.28410	-54.88599	0	32	2021-09-15T18:16:43
11.28560	-54.88599	0	32	2021-09-15T18:21:42
11.28718	-54.88602	0	32	2021-09-15T18:26:41
11.28878	-54.88611	0	32	2021-09-15T18:31:39
11.29037	-54.88611	0	32	2021-09-15T18:36:40
11.29196	-54.88608	0	32	2021-09-15T18:41:37
11.29518	-54.88611	0	32	2021-09-15T18:51:38
11.29690	-54.88620	0	32	2021-09-15T18:56:38
11.29844	-54.88629	0	32	2021-09-15T19:01:37
11.30017	-54.88641	0	32	2021-09-15T19:06:34
11.30185	-54.88651	0	32	2021-09-15T19:11:33
11.30358	-54.88666	0	32	2021-09-15T19:16:32
11.30534	-54.88678	0	32	2021-09-15T19:21:29
11.30716	-54.88703	0	32	2021-09-15T19:26:32
11.30896	-54.88712	0	32	2021-09-15T19:31:31
11.31071	-54.88730	0	32	2021-09-15T19:36:31
11.31248	-54.88749	0	32	2021-09-15T19:41:32
11.31411	-54.88766	0	32	2021-09-15T19:46:33
11.31777	-54.88815	0	32	2021-09-15T19:56:34
11.31927	-54.88841	0	32	2021-09-15T20:01:35
11.32081	-54.88867	0	32	2021-09-15T20:06:35
11.32234	-54.88895	0	32	2021-09-15T20:11:33
11.32385	-54.88919	0	32	2021-09-15T20:16:35
11.32528	-54.88940	0	32	2021-09-15T20:21:38
11.32665	-54.88977	0	32	2021-09-15T20:26:38
11.32798	-54.88989	0	32	2021-09-15T20:31:39
11.32935	-54.89020	0	32	2021-09-15T20:36:37
11.33073	-54.89055	0	32	2021-09-15T20:41:38
11.33202	-54.89072	0	32	2021-09-15T20:46:39
11.33332	-54.89096	0	32	2021-09-15T20:51:40
11.33476	-54.89120	0	32	2021-09-15T20:56:57
11.33730	-54.89186	0	32	2021-09-15T21:06:42
11.33862	-54.89212	0	32	2021-09-15T21:11:40
11.33992	-54.89246	0	32	2021-09-15T21:16:41
11.34126	-54.89274	0	32	2021-09-15T21:21:42
11.34259	-54.89291	0	32	2021-09-15T21:26:42
11.34408	-54.89307	0	32	2021-09-15T21:31:44
11.34539	-54.89322	0	32	2021-09-15T21:36:43
11.34684	-54.89346	0	32	2021-09-15T21:41:41
11.34829	-54.89359	0	32	2021-09-15T21:46:42
11.34984	-54.89380	0	32	2021-09-15T21:51:41
11.35143	-54.89413	0	32	2021-09-15T21:57:10
11.35276	-54.89432	0	32	2021-09-15T22:01:40
11.35431	-54.89453	0	32	2021-09-15T22:06:38
11.35580	-54.89484	0	32	2021-09-15T22:11:42
11.35722	-54.89493	0	32	2021-09-15T22:16:42
11.35859	-54.89502	0	32	2021-09-15T22:21:43
11.36002	-54.89514	0	32	2021-09-15T22:26:38
11.36135	-54.89523	0	32	2021-09-15T22:31:38
11.36270	-54.89532	0	32	2021-09-15T22:36:39
11.36396	-54.89545	0	32	2021-09-15T22:41:40
11.36515	-54.89557	0	32	2021-09-15T22:46:40
11.36634	-54.89569	0	32	2021-09-15T22:51:37
11.36749	-54.89575	0	32	2021-09-15T22:56:56
11.36852	-54.89581	0	32	2021-09-15T23:01:32
11.36961	-54.89590	0	32	2021-09-15T23:06:33
11.37058	-54.89600	0	32	2021-09-15T23:11:33
11.37148	-54.89609	0	32	2021-09-15T23:16:33
11.37239	-54.89627	0	32	2021-09-15T23:21:31
11.37339	-54.89633	0	32	2021-09-15T23:26:32
11.37445	-54.89651	0	32	2021-09-15T23:31:32
11.37533	-54.89667	0	32	2021-09-15T23:36:30
11.37625	-54.89685	0	32	2021-09-15T23:41:31
11.37709	-54.89700	0	32	2021-09-15T23:46:30
11.37799	-54.89722	0	32	2021-09-15T23:51:28
11.37885	-54.89743	0	32	2021-09-15T23:56:59
11.37966	-54.89771	0	32	2021-09-16T00:01:26
11.38042	-54.89786	0	32	2021-09-16T00:06:23
11.38118	-54.89798	0	32	2021-09-16T00:11:24
11.38187	-54.89807	0	32	2021-09-16T00:16:21
11.38260	-54.89816	0	32	2021-09-16T00:21:23
11.38334	-54.89832	0	32	2021-09-16T00:26:22
11.38408	-54.89844	0	32	2021-09-16T00:31:24
11.38480	-54.89863	0	32	2021-09-16T00:36:24
11.38549	-54.89880	0	32	2021-09-16T00:41:24
11.38617	-54.89902	0	32	2021-09-16T00:46:21
11.38680	-54.89914	0	32	2021-09-16T00:51:23
11.38752	-54.89935	0	32	2021-09-16T00:56:59
11.38821	-54.89938	0	32	2021-09-16T01:01:25
11.38880	-54.89960	0	32	2021-09-16T01:06:26
11.38947	-54.89978	0	32	2021-09-16T01:11:26
11.39007	-54.90002	0	32	2021-09-16T01:16:24
11.39063	-54.90027	0	32	2021-09-16T01:21:25
11.39107	-54.90048	0	32	2021-09-16T01:26:22
11.39148	-54.90076	0	32	2021-09-16T01:31:25
11.39197	-54.90106	0	32	2021-09-16T01:36:24
11.39230	-54.90128	0	32	2021-09-16T01:41:24
11.39265	-54.90158	0	32	2021-09-16T01:46:25
11.39303	-54.90182	0	32	2021-09-16T01:51:22
11.39337	-54.90216	0	32	2021-09-16T01:56:54
11.39361	-54.90247	0	32	2021-09-16T02:01:19
11.39387	-54.90277	0	32	2021-09-16T02:06:16
11.39412	-54.90314	0	32	2021-09-16T02:11:17
11.39437	-54.90356	0	32	2021-09-16T02:16:14
11.39465	-54.90399	0	32	2021-09-16T02:21:14
11.39491	-54.90442	0	32	2021-09-16T02:26:09
11.39520	-54.90485	0	32	2021-09-16T02:31:14
11.39543	-54.90533	0	32	2021-09-16T02:36:14
11.39571	-54.90582	0	32	2021-09-16T02:41:15
11.39596	-54.90646	0	32	2021-09-16T02:46:39
11.39604	-54.90686	0	32	2021-09-16T02:51:20
11.39622	-54.90732	0	32	2021-09-16T02:56:40
11.39632	-54.90784	0	32	2021-09-16T03:01:18
11.39649	-54.90826	0	32	2021-09-16T03:06:19
11.39671	-54.90872	0	32	2021-09-16T03:11:21
11.39701	-54.90918	0	32	2021-09-16T03:16:20
11.39734	-54.90970	0	32	2021-09-16T03:21:18
11.39768	-54.91021	0	32	2021-09-16T03:26:19
11.39798	-54.91064	0	32	2021-09-16T03:31:19
11.39826	-54.91116	0	32	2021-09-16T03:36:19
11.39857	-54.91165	0	32	2021-09-16T03:41:18
11.39887	-54.91217	0	32	2021-09-16T03:46:21
11.39914	-54.91272	0	32	2021-09-16T03:51:16
11.39946	-54.91327	0	32	2021-09-16T03:56:39
11.39982	-54.91379	0	32	2021-09-16T04:01:20
11.40013	-54.91433	0	32	2021-09-16T04:06:21
11.40030	-54.91483	0	32	2021-09-16T04:11:19
11.40060	-54.91544	0	32	2021-09-16T04:16:20
11.40085	-54.91608	0	32	2021-09-16T04:21:23
11.40115	-54.91673	0	32	2021-09-16T04:26:25
11.40136	-54.91724	0	32	2021-09-16T04:31:25
11.40165	-54.91786	0	32	2021-09-16T04:36:20
11.40191	-54.91846	0	32	2021-09-16T04:41:20
11.40213	-54.91913	0	32	2021-09-16T04:46:21
11.40236	-54.91980	0	32	2021-09-16T04:51:22
11.40259	-54.92047	0	32	2021-09-16T04:56:57
11.40277	-54.92111	0	32	2021-09-16T05:01:20
11.40306	-54.92184	0	32	2021-09-16T05:06:21
11.40332	-54.92253	0	32	2021-09-16T05:11:21
11.40353	-54.92322	0	32	2021-09-16T05:16:21
11.40380	-54.92395	0	32	2021-09-16T05:21:19
11.40409	-54.92474	0	32	2021-09-16T05:26:20
11.40441	-54.92551	0	32	2021-09-16T05:31:17
11.40461	-54.92621	0	32	2021-09-16T05:36:17
11.40492	-54.92697	0	32	2021-09-16T05:41:18
11.40522	-54.92776	0	32	2021-09-16T05:46:16
11.40551	-54.92847	0	32	2021-09-16T05:51:17
11.40577	-54.92920	0	32	2021-09-16T05:56:38
11.40606	-54.92993	0	32	2021-09-16T06:01:19
11.40639	-54.93076	0	32	2021-09-16T06:06:18
11.40704	-54.93261	0	32	2021-09-16T06:16:16
11.40738	-54.93347	0	32	2021-09-16T06:21:15
11.40777	-54.93433	0	32	2021-09-16T06:26:15
11.40815	-54.93521	0	32	2021-09-16T06:31:13
11.40851	-54.93613	0	32	2021-09-16T06:36:14
11.40892	-54.93701	0	32	2021-09-16T06:41:17
11.40981	-54.93890	0	32	2021-09-16T06:51:14
11.41028	-54.93984	0	32	2021-09-16T06:56:13
11.41062	-54.94061	0	32	2021-09-16T07:01:13
11.41098	-54.94159	0	32	2021-09-16T07:06:14
11.41134	-54.94241	0	32	2021-09-16T07:11:12
11.41199	-54.94400	0	32	2021-09-16T07:21:17
11.41236	-54.94487	0	32	2021-09-16T07:26:18
11.41266	-54.94556	0	32	2021-09-16T07:31:19
11.41297	-54.94638	0	32	2021-09-16T07:36:22
11.41341	-54.94720	0	32	2021-09-16T07:41:21
11.41376	-54.94809	0	32	2021-09-16T07:46:22
11.41404	-54.94897	0	32	2021-09-16T07:51:22
11.41433	-54.94995	0	32	2021-09-16T07:56:56
11.41454	-54.95084	0	32	2021-09-16T08:01:24
11.41479	-54.95178	0	32	2021-09-16T08:06:24
11.41500	-54.95270	0	32	2021-09-16T08:11:25
11.41520	-54.95367	0	32	2021-09-16T08:16:19
11.41532	-54.95475	0	32	2021-09-16T08:21:23
11.41545	-54.95569	0	32	2021-09-16T08:26:23
11.41553	-54.95670	0	32	2021-09-16T08:31:21
11.41558	-54.95761	0	32	2021-09-16T08:36:22
11.41552	-54.95862	0	32	2021-09-16T08:41:20
11.41539	-54.95963	0	32	2021-09-16T08:46:20
11.41530	-54.96066	0	32	2021-09-16T08:51:21
11.41521	-54.96179	0	32	2021-09-16T08:56:53
11.41511	-54.96274	0	32	2021-09-16T09:01:19
11.41500	-54.96391	0	32	2021-09-16T09:06:20
11.41483	-54.96494	0	32	2021-09-16T09:11:20
11.41470	-54.96606	0	32	2021-09-16T09:16:20
11.41461	-54.96722	0	32	2021-09-16T09:21:18
11.41457	-54.96838	0	32	2021-09-16T09:26:19
11.41446	-54.96942	0	32	2021-09-16T09:31:23
11.41446	-54.97052	0	32	2021-09-16T09:36:21
11.41453	-54.97164	0	32	2021-09-16T09:41:25
11.41457	-54.97276	0	32	2021-09-16T09:46:25
11.41461	-54.97388	0	32	2021-09-16T09:51:24
11.41476	-54.97519	0	32	2021-09-16T09:56:55
11.41482	-54.97626	0	32	2021-09-16T10:01:22
11.41495	-54.97739	0	32	2021-09-16T10:06:26
11.41510	-54.97858	0	32	2021-09-16T10:11:20
11.41516	-54.97980	0	32	2021-09-16T10:16:17
11.41529	-54.98108	0	32	2021-09-16T10:21:19
11.41588	-54.98495	0	32	2021-09-16T10:36:16
11.41619	-54.98625	0	32	2021-09-16T10:41:15
11.41636	-54.98737	0	32	2021-09-16T10:46:14
11.41655	-54.98856	0	32	2021-09-16T10:51:15
11.41678	-54.98969	0	32	2021-09-16T10:56:14
11.41699	-54.99081	0	32	2021-09-16T11:01:13
11.41722	-54.99203	0	32	2021-09-16T11:06:12
11.41736	-54.99319	0	32	2021-09-16T11:11:11
11.41758	-54.99438	0	32	2021-09-16T11:16:08
11.41779	-54.99567	0	32	2021-09-16T11:21:08
11.41805	-54.99696	0	32	2021-09-16T11:26:04
11.41822	-54.99808	0	32	2021-09-16T11:31:04
11.41836	-54.99924	0	32	2021-09-16T11:36:06
11.41853	-55.00037	0	32	2021-09-16T11:41:03
11.41869	-55.00156	0	32	2021-09-16T11:46:05
11.41885	-55.00266	0	32	2021-09-16T11:51:05
11.41918	-55.00400	0	32	2021-09-16T11:56:11
11.41939	-55.00482	0	32	2021-09-16T12:01:10
11.41969	-55.00589	0	32	2021-09-16T12:06:12
11.41999	-55.00693	0	32	2021-09-16T12:11:11
11.42039	-55.00800	0	32	2021-09-16T12:16:12
11.42073	-55.00903	0	32	2021-09-16T12:21:11
11.42105	-55.01013	0	32	2021-09-16T12:26:11
11.42172	-55.01234	0	32	2021-09-16T12:36:13
11.42202	-55.01337	0	32	2021-09-16T12:41:14
11.42223	-55.01440	0	32	2021-09-16T12:46:14
11.42242	-55.01541	0	32	2021-09-16T12:51:12
11.42256	-55.01651	0	32	2021-09-16T12:56:25
11.42268	-55.01740	0	32	2021-09-16T13:01:12
11.42272	-55.01828	0	32	2021-09-16T13:06:10
11.42318	-55.02034	0	32	2021-09-16T13:16:08
11.42339	-55.02137	0	32	2021-09-16T13:21:09
11.42356	-55.02240	0	32	2021-09-16T13:26:09
11.42372	-55.02344	0	32	2021-09-16T13:31:07
11.42384	-55.02457	0	32	2021-09-16T13:36:08
11.42389	-55.02567	0	32	2021-09-16T13:41:06
11.42395	-55.02676	0	32	2021-09-16T13:46:08
11.42414	-55.02789	0	32	2021-09-16T13:51:09
11.42435	-55.02911	0	32	2021-09-16T13:56:25
11.42447	-55.03012	0	32	2021-09-16T14:01:08
11.42458	-55.03119	0	32	2021-09-16T14:06:06
11.42457	-55.03223	0	32	2021-09-16T14:11:07
11.42461	-55.03326	0	32	2021-09-16T14:16:10
11.42463	-55.03439	0	32	2021-09-16T14:21:11
11.42466	-55.03544	0	32	2021-09-16T14:26:09
11.42462	-55.03656	0	32	2021-09-16T14:31:09
11.42456	-55.03766	0	32	2021-09-16T14:36:10
11.42435	-55.03879	0	32	2021-09-16T14:41:12
11.42424	-55.04001	0	32	2021-09-16T14:46:26
11.42423	-55.04111	0	32	2021-09-16T14:51:13
11.42441	-55.04233	0	32	2021-09-16T14:56:26
11.42440	-55.04337	0	32	2021-09-16T15:01:11
11.42443	-55.04437	0	32	2021-09-16T15:06:09
11.42438	-55.04544	0	32	2021-09-16T15:11:08
11.42437	-55.04651	0	32	2021-09-16T15:16:09
11.42439	-55.04761	0	32	2021-09-16T15:21:10
11.42426	-55.04878	0	32	2021-09-16T15:26:06
11.42417	-55.04981	0	32	2021-09-16T15:31:05
11.42400	-55.05084	0	32	2021-09-16T15:36:05
11.42388	-55.05194	0	32	2021-09-16T15:41:06
11.42363	-55.05312	0	32	2021-09-16T15:46:07
11.42350	-55.05432	0	32	2021-09-16T15:51:07
11.42328	-55.05579	0	32	2021-09-16T15:56:28
11.42318	-55.05846	0	32	2021-09-16T16:06:13
11.42318	-55.05975	0	32	2021-09-16T16:11:12
11.42309	-55.06104	0	32	2021-09-16T16:16:12
11.42313	-55.06235	0	32	2021-09-16T16:21:09
11.42314	-55.06368	0	32	2021-09-16T16:26:07
11.42310	-55.06497	0	32	2021-09-16T16:31:07
11.42311	-55.06625	0	32	2021-09-16T16:36:08
11.42308	-55.06763	0	32	2021-09-16T16:41:05
11.42303	-55.06897	0	32	2021-09-16T16:46:05
11.42299	-55.07034	0	32	2021-09-16T16:51:06
11.42305	-55.07172	0	32	2021-09-16T16:56:27
11.42293	-55.07306	0	32	2021-09-16T17:01:05
11.42306	-55.07431	0	32	2021-09-16T17:06:04
11.42300	-55.07568	0	32	2021-09-16T17:11:03
11.42296	-55.07697	0	32	2021-09-16T17:16:03
11.42295	-55.07843	0	32	2021-09-16T17:21:01
11.42300	-55.07986	0	32	2021-09-16T17:26:02
11.42310	-55.08130	0	32	2021-09-16T17:31:04
11.42328	-55.08445	0	32	2021-09-16T17:41:14
11.42349	-55.08591	0	32	2021-09-16T17:46:13
11.42375	-55.08737	0	32	2021-09-16T17:51:13
11.42414	-55.08877	0	32	2021-09-16T17:56:02
11.42440	-55.09006	0	32	2021-09-16T18:01:03
11.42470	-55.09143	0	32	2021-09-16T18:06:03
11.42500	-55.09286	0	32	2021-09-16T18:11:01
11.42530	-55.09437	0	32	2021-09-16T18:16:05
11.42556	-55.09574	0	32	2021-09-16T18:21:05
11.42577	-55.09711	0	32	2021-09-16T18:26:04
11.42601	-55.09857	0	32	2021-09-16T18:31:04
11.42629	-55.10001	0	32	2021-09-16T18:36:05
11.42664	-55.10147	0	32	2021-09-16T18:41:06
11.42694	-55.10288	0	32	2021-09-16T18:46:10
11.42728	-55.10425	0	32	2021-09-16T18:51:09
11.42770	-55.10559	0	32	2021-09-16T18:56:28
11.42812	-55.10683	0	32	2021-09-16T19:01:09
11.42851	-55.10812	0	32	2021-09-16T19:06:10
11.42901	-55.10941	0	32	2021-09-16T19:11:07
11.42950	-55.11069	0	32	2021-09-16T19:16:09
11.43002	-55.11197	0	32	2021-09-16T19:21:10
11.43048	-55.11331	0	32	2021-09-16T19:26:09
11.43094	-55.11458	0	32	2021-09-16T19:31:07
11.43133	-55.11578	0	32	2021-09-16T19:36:08
11.43174	-55.11707	0	32	2021-09-16T19:41:09
11.43207	-55.11835	0	32	2021-09-16T19:46:06
11.43235	-55.11975	0	32	2021-09-16T19:51:07
11.43261	-55.12104	0	32	2021-09-16T19:56:07
11.43287	-55.12216	0	32	2021-09-16T20:01:08
11.43307	-55.12353	0	32	2021-09-16T20:06:05
11.43324	-55.12473	0	32	2021-09-16T20:11:06
11.43337	-55.12604	0	32	2021-09-16T20:16:07
11.43352	-55.12732	0	32	2021-09-16T20:21:09
11.43382	-55.12985	0	32	2021-09-16T20:31:12
11.43395	-55.13107	0	32	2021-09-16T20:36:10
11.43407	-55.13226	0	32	2021-09-16T20:41:10
11.43425	-55.13361	0	32	2021-09-16T20:46:27
11.43438	-55.13473	0	32	2021-09-16T20:51:27
11.43447	-55.13602	0	32	2021-09-16T20:56:26
11.43457	-55.13721	0	32	2021-09-16T21:01:03
11.43476	-55.13856	0	32	2021-09-16T21:06:03
11.43489	-55.13976	0	32	2021-09-16T21:11:02
11.43506	-55.14096	0	32	2021-09-16T21:16:02
11.43537	-55.14218	0	32	2021-09-16T21:21:02
11.43557	-55.14340	0	32	2021-09-16T21:26:03
11.43577	-55.14463	0	32	2021-09-16T21:31:03
11.43598	-55.14575	0	32	2021-09-16T21:36:02
11.43611	-55.14700	0	32	2021-09-16T21:41:01
11.43631	-55.14819	0	32	2021-09-16T21:45:59
11.43645	-55.14943	0	32	2021-09-16T21:51:00
11.43654	-55.15072	0	32	2021-09-16T21:56:00
11.43654	-55.15192	0	32	2021-09-16T22:00:59
11.43679	-55.15448	0	32	2021-09-16T22:11:00
11.43696	-55.15560	0	32	2021-09-16T22:16:01
11.43713	-55.15689	0	32	2021-09-16T22:21:01
11.43737	-55.15814	0	32	2021-09-16T22:25:59
11.43758	-55.15933	0	32	2021-09-16T22:30:59
11.43784	-55.16052	0	32	2021-09-16T22:36:00
11.43798	-55.16174	0	32	2021-09-16T22:41:02
11.43817	-55.16290	0	32	2021-09-16T22:46:05
11.43861	-55.16511	0	32	2021-09-16T22:56:00
11.43874	-55.16605	0	32	2021-09-16T23:01:00
11.43900	-55.16708	0	32	2021-09-16T23:06:00
11.43924	-55.16809	0	32	2021-09-16T23:10:58
11.43948	-55.16919	0	32	2021-09-16T23:15:59
11.43971	-55.17026	0	32	2021-09-16T23:21:01
11.43994	-55.17137	0	32	2021-09-16T23:26:01
11.44015	-55.17249	0	32	2021-09-16T23:31:01
11.44048	-55.17364	0	32	2021-09-16T23:36:00
11.44087	-55.17484	0	32	2021-09-16T23:41:00
11.44120	-55.17599	0	32	2021-09-16T23:46:01
11.44161	-55.17722	0	32	2021-09-16T23:51:05
11.44255	-55.17990	0	32	2021-09-17T00:01:11
11.44302	-55.18119	0	32	2021-09-17T00:06:12
11.44323	-55.18213	0	32	2021-09-17T00:11:12
11.44352	-55.18326	0	32	2021-09-17T00:16:14
11.44373	-55.18433	0	32	2021-09-17T00:21:13
11.44399	-55.18539	0	32	2021-09-17T00:26:14
11.44423	-55.18646	0	32	2021-09-17T00:31:15
11.44457	-55.18758	0	32	2021-09-17T00:36:25
11.44487	-55.18861	0	32	2021-09-17T00:41:25
11.44508	-55.18964	0	32	2021-09-17T00:46:25
11.44516	-55.19073	0	32	2021-09-17T00:51:11
11.44561	-55.19174	0	32	2021-09-17T00:56:42
11.44587	-55.19272	0	32	2021-09-17T01:01:25
11.44618	-55.19370	0	32	2021-09-17T01:06:22
11.44643	-55.19461	0	32	2021-09-17T01:11:25
11.44655	-55.19571	0	32	2021-09-17T01:16:11
11.44694	-55.19656	0	32	2021-09-17T01:21:24
11.44719	-55.19754	0	32	2021-09-17T01:26:22
11.44750	-55.19843	0	32	2021-09-17T01:31:11
11.44854	-55.20117	0	32	2021-09-17T01:46:40
11.44905	-55.20211	0	32	2021-09-17T01:51:41
11.44982	-55.20288	0	32	2021-09-17T01:56:41
11.45039	-55.20374	0	32	2021-09-17T02:01:21
11.45072	-55.20489	0	32	2021-09-17T02:06:12
11.45119	-55.20575	0	32	2021-09-17T02:11:11
11.45167	-55.20654	0	32	2021-09-17T02:16:10
11.45211	-55.20737	0	32	2021-09-17T02:21:08
11.45250	-55.20813	0	32	2021-09-17T02:26:11
11.45295	-55.20892	0	32	2021-09-17T02:31:10
11.45334	-55.20972	0	32	2021-09-17T02:36:11
11.45371	-55.21054	0	32	2021-09-17T02:41:11
11.45403	-55.21133	0	32	2021-09-17T02:46:13
11.45435	-55.21213	0	32	2021-09-17T02:51:13
11.45466	-55.21304	0	32	2021-09-17T02:56:38
11.45494	-55.21384	0	32	2021-09-17T03:01:14
11.45522	-55.21469	0	32	2021-09-17T03:06:15
11.45549	-55.21552	0	32	2021-09-17T03:11:13
11.45580	-55.21631	0	32	2021-09-17T03:16:12
11.45606	-55.21713	0	32	2021-09-17T03:21:14
11.45641	-55.21808	0	32	2021-09-17T03:26:15
11.45667	-55.21894	0	32	2021-09-17T03:31:15
11.45697	-55.21988	0	32	2021-09-17T03:36:14
11.45721	-55.22095	0	32	2021-09-17T03:41:14
11.45745	-55.22202	0	32	2021-09-17T03:46:15
11.45804	-55.22424	0	32	2021-09-17T03:56:38
11.45824	-55.22522	0	32	2021-09-17T04:01:18
11.45849	-55.22629	0	32	2021-09-17T04:06:21
11.45872	-55.22729	0	32	2021-09-17T04:11:19
11.45903	-55.22831	0	32	2021-09-17T04:16:19
11.45920	-55.22925	0	32	2021-09-17T04:21:19
11.45935	-55.23032	0	32	2021-09-17T04:26:20
11.45961	-55.23137	0	32	2021-09-17T04:31:29
11.45976	-55.23245	0	32	2021-09-17T04:36:32
11.45995	-55.23352	0	32	2021-09-17T04:41:28
11.46017	-55.23468	0	32	2021-09-17T04:46:33
11.46023	-55.23569	0	32	2021-09-17T04:51:21
11.46048	-55.23704	0	32	2021-09-17T04:56:22
11.46074	-55.23807	0	32	2021-09-17T05:01:21
11.46110	-55.23923	0	32	2021-09-17T05:06:21
11.46144	-55.24048	0	32	2021-09-17T05:11:22
11.46172	-55.24170	0	32	2021-09-17T05:16:19
11.46196	-55.24292	0	32	2021-09-17T05:21:20
11.46229	-55.24414	0	32	2021-09-17T05:26:16
11.46262	-55.24551	0	32	2021-09-17T05:31:17
11.46285	-55.24701	0	32	2021-09-17T05:36:14
11.46305	-55.24839	0	32	2021-09-17T05:41:14
11.46331	-55.24985	0	32	2021-09-17T05:46:13
11.46360	-55.25134	0	32	2021-09-17T05:51:17
11.46388	-55.25293	0	32	2021-09-17T05:56:38
11.46418	-55.25430	0	32	2021-09-17T06:01:21
11.46451	-55.25574	0	32	2021-09-17T06:06:16
11.46490	-55.25726	0	32	2021-09-17T06:11:19
11.46525	-55.25873	0	32	2021-09-17T06:16:17
11.46565	-55.26023	0	32	2021-09-17T06:21:18
11.46595	-55.26169	0	32	2021-09-17T06:26:19
11.46623	-55.26315	0	32	2021-09-17T06:31:21
11.46650	-55.26459	0	32	2021-09-17T06:36:24
11.46681	-55.26602	0	32	2021-09-17T06:41:26
11.46715	-55.26751	0	32	2021-09-17T06:46:22
11.46745	-55.26880	0	32	2021-09-17T06:51:23
11.46782	-55.27039	0	32	2021-09-17T06:56:56
11.46831	-55.27313	0	32	2021-09-17T07:06:18
11.46854	-55.27451	0	32	2021-09-17T07:11:16
11.46871	-55.27597	0	32	2021-09-17T07:16:16
11.46896	-55.27738	0	32	2021-09-17T07:21:17
11.46922	-55.27884	0	32	2021-09-17T07:26:17
11.46954	-55.28024	0	32	2021-09-17T07:31:15
11.46989	-55.28165	0	32	2021-09-17T07:36:19
11.47010	-55.28305	0	32	2021-09-17T07:41:20
11.47029	-55.28446	0	32	2021-09-17T07:46:18
11.47046	-55.28583	0	32	2021-09-17T07:51:18
11.47078	-55.28738	0	32	2021-09-17T07:56:57
11.47101	-55.28857	0	32	2021-09-17T08:01:20
11.47130	-55.29005	0	32	2021-09-17T08:06:14
11.47156	-55.29134	0	32	2021-09-17T08:11:14
11.47190	-55.29263	0	32	2021-09-17T08:16:15
11.47228	-55.29395	0	32	2021-09-17T08:21:16
11.47273	-55.29530	0	32	2021-09-17T08:26:16
11.47312	-55.29659	0	32	2021-09-17T08:31:16
11.47346	-55.29779	0	32	2021-09-17T08:36:15
11.47393	-55.29901	0	32	2021-09-17T08:41:14
11.47444	-55.30014	0	32	2021-09-17T08:46:15
11.47491	-55.30127	0	32	2021-09-17T08:51:13
11.47560	-55.30252	0	32	2021-09-17T08:56:56
11.47612	-55.30341	0	32	2021-09-17T09:01:14
11.47681	-55.30452	0	32	2021-09-17T09:06:16
11.47732	-55.30555	0	32	2021-09-17T09:11:16
11.47783	-55.30658	0	32	2021-09-17T09:16:17
11.47838	-55.30768	0	32	2021-09-17T09:21:15
11.47895	-55.30878	0	32	2021-09-17T09:26:18
11.47952	-55.30991	0	32	2021-09-17T09:31:20
11.48020	-55.31101	0	32	2021-09-17T09:36:17
11.48076	-55.31204	0	32	2021-09-17T09:41:18
11.48137	-55.31308	0	32	2021-09-17T09:46:19
11.48315	-55.31598	0	32	2021-09-17T10:01:22
11.48376	-55.31693	0	32	2021-09-17T10:06:23
11.48437	-55.31784	0	32	2021-09-17T10:11:22
11.48497	-55.31873	0	32	2021-09-17T10:16:20
11.48553	-55.31967	0	32	2021-09-17T10:21:21
11.48604	-55.32053	0	32	2021-09-17T10:26:22
11.48646	-55.32141	0	32	2021-09-17T10:31:21
11.48688	-55.32233	0	32	2021-09-17T10:36:19
11.48735	-55.32321	0	32	2021-09-17T10:41:20
11.48789	-55.32407	0	32	2021-09-17T10:46:17
11.48848	-55.32489	0	32	2021-09-17T10:51:18
11.48908	-55.32565	0	32	2021-09-17T10:56:58
11.48957	-55.32639	0	32	2021-09-17T11:01:19
11.49006	-55.32712	0	32	2021-09-17T11:06:20
11.49059	-55.32785	0	32	2021-09-17T11:11:21
11.49106	-55.32870	0	32	2021-09-17T11:16:21
11.49153	-55.32939	0	32	2021-09-17T11:21:20
11.49204	-55.33008	0	32	2021-09-17T11:26:20
11.49260	-55.33072	0	32	2021-09-17T11:31:18
11.49312	-55.33139	0	32	2021-09-17T11:36:26
11.49365	-55.33204	0	32	2021-09-17T11:41:19
11.49416	-55.33264	0	32	2021-09-17T11:46:19
11.49474	-55.33331	0	32	2021-09-17T11:51:16
11.49584	-55.33469	0	32	2021-09-17T12:01:15
11.49645	-55.33528	0	32	2021-09-17T12:06:12
11.49696	-55.33588	0	32	2021-09-17T12:11:12
11.49746	-55.33640	0	32	2021-09-17T12:16:13
11.49791	-55.33689	0	32	2021-09-17T12:21:10
11.49834	-55.33740	0	32	2021-09-17T12:26:10
11.49930	-55.33847	0	32	2021-09-17T12:36:05
11.49979	-55.33915	0	32	2021-09-17T12:41:07
11.50022	-55.33958	0	32	2021-09-17T12:46:07
11.50073	-55.34009	0	32	2021-09-17T12:51:08
11.50140	-55.34073	0	32	2021-09-17T12:56:36
11.50192	-55.34128	0	32	2021-09-17T13:01:05
11.50264	-55.34190	0	32	2021-09-17T13:06:07
11.50328	-55.34259	0	32	2021-09-17T13:11:07
11.50395	-55.34315	0	32	2021-09-17T13:16:07
11.50464	-55.34375	0	32	2021-09-17T13:21:06
11.50534	-55.34442	0	32	2021-09-17T13:26:05
11.50616	-55.34509	0	32	2021-09-17T13:31:07
11.50861	-55.34723	0	32	2021-09-17T13:46:06
11.50956	-55.34811	0	32	2021-09-17T13:51:26
11.51059	-55.34888	0	32	2021-09-17T13:56:27
11.51155	-55.34958	0	32	2021-09-17T14:01:07
11.51254	-55.35037	0	32	2021-09-17T14:06:02
11.51357	-55.35114	0	32	2021-09-17T14:11:02
11.51457	-55.35190	0	32	2021-09-17T14:16:03
11.51554	-55.35272	0	32	2021-09-17T14:21:08
11.51657	-55.35349	0	32	2021-09-17T14:26:08
11.51756	-55.35428	0	32	2021-09-17T14:31:06
11.51860	-55.35507	0	32	2021-09-17T14:36:10
11.51958	-55.35587	0	32	2021-09-17T14:41:08
11.52062	-55.35663	0	32	2021-09-17T14:46:08
11.52260	-55.35845	0	32	2021-09-17T14:56:09
11.52335	-55.35892	0	32	2021-09-17T15:01:04
11.52436	-55.35965	0	32	2021-09-17T15:06:08
11.52531	-55.36044	0	32	2021-09-17T15:11:08
11.52631	-55.36124	0	32	2021-09-17T15:16:09
11.52731	-55.36206	0	32	2021-09-17T15:21:14
11.52826	-55.36288	0	32	2021-09-17T15:26:08
11.53019	-55.36479	0	32	2021-09-17T15:36:14
11.53113	-55.36573	0	32	2021-09-17T15:41:14
11.53203	-55.36667	0	32	2021-09-17T15:46:15
11.53292	-55.36768	0	32	2021-09-17T15:51:15
11.53393	-55.36880	0	32	2021-09-17T15:56:58
11.53499	-55.36972	0	32	2021-09-17T16:01:20
11.53598	-55.37073	0	32	2021-09-17T16:06:33
11.53664	-55.37164	0	32	2021-09-17T16:11:31
11.53726	-55.37259	0	32	2021-09-17T16:16:20
11.53796	-55.37350	0	32	2021-09-17T16:21:20
11.53872	-55.37439	0	32	2021-09-17T16:26:21
11.53961	-55.37518	0	32	2021-09-17T16:31:26
11.54010	-55.37607	0	32	2021-09-17T16:36:19
11.54078	-55.37689	0	32	2021-09-17T16:41:20
11.54135	-55.37775	0	32	2021-09-17T16:46:20
11.54185	-55.37860	0	32	2021-09-17T16:51:22
11.54245	-55.37952	0	32	2021-09-17T16:56:57
11.54289	-55.38025	0	32	2021-09-17T17:01:23
11.54344	-55.38106	0	32	2021-09-17T17:06:24
11.54404	-55.38183	0	32	2021-09-17T17:11:24
11.54468	-55.38269	0	32	2021-09-17T17:16:23
11.54535	-55.38355	0	32	2021-09-17T17:21:26
11.54612	-55.38449	0	32	2021-09-17T17:26:25
11.54687	-55.38541	0	32	2021-09-17T17:31:28
11.54766	-55.38632	0	32	2021-09-17T17:36:27
11.54923	-55.38805	0	32	2021-09-17T17:46:55
11.54996	-55.38891	0	32	2021-09-17T17:51:55
11.55073	-55.38977	0	32	2021-09-17T17:56:55
11.55139	-55.39053	0	32	2021-09-17T18:01:22
11.55212	-55.39130	0	32	2021-09-17T18:06:23
11.55288	-55.39209	0	32	2021-09-17T18:11:20
11.55364	-55.39288	0	32	2021-09-17T18:16:21
11.55442	-55.39374	0	32	2021-09-17T18:21:17
11.55528	-55.39443	0	32	2021-09-17T18:26:16
11.55610	-55.39520	0	32	2021-09-17T18:31:16
11.55690	-55.39600	0	32	2021-09-17T18:36:17
11.55767	-55.39685	0	32	2021-09-17T18:41:18
11.55918	-55.39850	0	32	2021-09-17T18:51:19
11.56000	-55.39962	0	32	2021-09-17T18:56:19
11.56060	-55.40039	0	32	2021-09-17T19:01:18
11.56139	-55.40128	0	32	2021-09-17T19:06:17
11.56217	-55.40213	0	32	2021-09-17T19:11:15
11.56293	-55.40295	0	32	2021-09-17T19:16:16
11.56370	-55.40384	0	32	2021-09-17T19:21:14
11.56450	-55.40466	0	32	2021-09-17T19:26:15
11.56541	-55.40567	0	32	2021-09-17T19:31:14
11.56627	-55.40655	0	32	2021-09-17T19:36:16
11.56709	-55.40741	0	32	2021-09-17T19:41:16
11.56784	-55.40820	0	32	2021-09-17T19:46:13
11.56861	-55.40904	0	32	2021-09-17T19:51:07
11.56943	-55.40994	0	32	2021-09-17T19:56:38
11.57003	-55.41058	0	32	2021-09-17T20:01:08
11.57071	-55.41125	0	32	2021-09-17T20:06:08
11.57140	-55.41190	0	32	2021-09-17T20:11:06
11.57216	-55.41255	0	32	2021-09-17T20:16:03
11.57293	-55.41315	0	32	2021-09-17T20:21:04
11.57379	-55.41376	0	32	2021-09-17T20:26:05
11.57541	-55.41509	0	32	2021-09-17T20:36:03
11.57623	-55.41569	0	32	2021-09-17T20:41:03
11.57700	-55.41620	0	32	2021-09-17T20:46:03
11.57789	-55.41685	0	32	2021-09-17T20:51:01
11.57879	-55.41745	0	32	2021-09-17T20:56:01
11.57961	-55.41788	0	32	2021-09-17T21:01:00
11.58048	-55.41840	0	32	2021-09-17T21:06:01
11.58141	-55.41896	0	32	2021-09-17T21:10:58
11.58231	-55.41947	0	32	2021-09-17T21:15:58
11.58321	-55.41998	0	32	2021-09-17T21:20:59
11.58414	-55.42059	0	32	2021-09-17T21:25:56
11.58509	-55.42130	0	32	2021-09-17T21:30:57
11.58601	-55.42197	0	32	2021-09-17T21:35:58
11.58687	-55.42252	0	32	2021-09-17T21:40:57
11.58781	-55.42323	0	32	2021-09-17T21:45:56
11.58867	-55.42374	0	32	2021-09-17T21:50:56
11.58970	-55.42438	0	32	2021-09-17T21:56:25
11.59057	-55.42487	0	32	2021-09-17T22:00:58
11.59154	-55.42542	0	32	2021-09-17T22:06:00
11.59256	-55.42584	0	32	2021-09-17T22:11:00
11.59367	-55.42627	0	32	2021-09-17T22:16:01
11.59470	-55.42670	0	32	2021-09-17T22:21:01
11.59576	-55.42709	0	32	2021-09-17T22:26:03
11.59681	-55.42749	0	32	2021-09-17T22:31:06
11.59780	-55.42789	0	32	2021-09-17T22:36:08
11.59881	-55.42831	0	32	2021-09-17T22:41:06
11.59980	-55.42874	0	32	2021-09-17T22:46:06
11.60090	-55.42919	0	32	2021-09-17T22:51:25
11.60193	-55.42953	0	32	2021-09-17T22:56:25
11.60290	-55.42993	0	32	2021-09-17T23:01:04
11.60394	-55.43025	0	32	2021-09-17T23:06:00
11.60488	-55.43051	0	32	2021-09-17T23:10:59
11.60593	-55.43079	0	32	2021-09-17T23:15:56
11.60700	-55.43106	0	32	2021-09-17T23:20:56
11.60808	-55.43138	0	32	2021-09-17T23:25:56
11.60920	-55.43164	0	32	2021-09-17T23:30:55
11.61031	-55.43185	0	32	2021-09-17T23:35:55
11.61143	-55.43216	0	32	2021-09-17T23:40:58
11.61258	-55.43240	0	32	2021-09-17T23:45:59
11.61373	-55.43280	0	32	2021-09-17T23:51:01
11.61493	-55.43301	0	32	2021-09-17T23:56:29
11.61707	-55.43354	0	32	2021-09-18T00:06:03
11.61814	-55.43363	0	32	2021-09-18T00:11:02
11.61921	-55.43372	0	32	2021-09-18T00:16:02
11.62027	-55.43387	0	32	2021-09-18T00:21:03
11.62126	-55.43390	0	32	2021-09-18T00:26:02
11.62224	-55.43402	0	32	2021-09-18T00:31:04
11.62324	-55.43421	0	32	2021-09-18T00:36:01
11.62423	-55.43430	0	32	2021-09-18T00:41:01
11.62533	-55.43445	0	32	2021-09-18T00:46:02
11.62637	-55.43471	0	32	2021-09-18T00:51:30
11.62753	-55.43497	0	32	2021-09-18T00:56:29
11.62858	-55.43527	0	32	2021-09-18T01:00:57
11.62975	-55.43558	0	32	2021-09-18T01:05:59
11.63096	-55.43596	0	32	2021-09-18T01:10:56
11.63208	-55.43622	0	32	2021-09-18T01:15:56
11.63320	-55.43655	0	32	2021-09-18T01:20:57
11.63425	-55.43689	0	32	2021-09-18T01:25:55
11.63533	-55.43713	0	32	2021-09-18T01:30:56
11.63644	-55.43735	0	32	2021-09-18T01:35:56
11.63747	-55.43756	0	32	2021-09-18T01:40:57
11.63853	-55.43771	0	32	2021-09-18T01:45:59
11.63955	-55.43793	0	32	2021-09-18T01:50:59
11.64061	-55.43805	0	32	2021-09-18T01:56:00
11.64151	-55.43805	0	32	2021-09-18T02:01:00
11.64245	-55.43814	0	32	2021-09-18T02:06:01
11.64454	-55.43826	0	32	2021-09-18T02:16:06
11.64564	-55.43835	0	32	2021-09-18T02:21:08
11.64672	-55.43842	0	32	2021-09-18T02:26:09
11.64772	-55.43845	0	32	2021-09-18T02:31:09
11.64875	-55.43848	0	32	2021-09-18T02:36:18
11.64965	-55.43848	0	32	2021-09-18T02:41:19
11.65048	-55.43845	0	32	2021-09-18T02:46:20
11.65133	-55.43839	0	32	2021-09-18T02:51:17
11.65228	-55.43820	0	32	2021-09-18T02:56:18
11.65310	-55.43820	0	32	2021-09-18T03:01:18
11.65404	-55.43820	0	32	2021-09-18T03:06:19
11.65501	-55.43820	0	32	2021-09-18T03:11:16
11.65600	-55.43811	0	32	2021-09-18T03:16:18
11.65690	-55.43811	0	32	2021-09-18T03:21:18
11.65772	-55.43796	0	32	2021-09-18T03:26:18
11.65852	-55.43790	0	32	2021-09-18T03:31:16
11.65928	-55.43784	0	32	2021-09-18T03:36:17
11.65995	-55.43768	0	32	2021-09-18T03:41:18
11.66065	-55.43756	0	32	2021-09-18T03:46:02
11.66138	-55.43741	0	32	2021-09-18T03:51:03
11.66206	-55.43710	0	32	2021-09-18T03:56:32
11.66253	-55.43681	0	32	2021-09-18T04:01:02
11.66309	-55.43655	0	32	2021-09-18T04:06:02
11.66363	-55.43628	0	32	2021-09-18T04:11:03
11.66422	-55.43600	0	32	2021-09-18T04:16:01
11.66486	-55.43570	0	32	2021-09-18T04:21:00
11.66531	-55.43527	0	32	2021-09-18T04:26:01
11.66584	-55.43481	0	32	2021-09-18T04:31:03
11.66627	-55.43430	0	32	2021-09-18T04:36:04
11.66674	-55.43384	0	32	2021-09-18T04:41:02
11.66730	-55.43335	0	32	2021-09-18T04:46:01
11.66781	-55.43301	0	32	2021-09-18T04:51:00
11.66845	-55.43268	0	32	2021-09-18T04:56:26
11.66903	-55.43246	0	32	2021-09-18T05:01:00
11.66954	-55.43219	0	32	2021-09-18T05:05:57
11.67011	-55.43202	0	32	2021-09-18T05:10:55
11.67071	-55.43185	0	32	2021-09-18T05:15:55
11.67127	-55.43167	0	32	2021-09-18T05:20:53
11.67186	-55.43140	0	32	2021-09-18T05:25:56
11.67238	-55.43121	0	32	2021-09-18T05:30:57
11.67288	-55.43103	0	32	2021-09-18T05:35:55
11.67344	-55.43085	0	32	2021-09-18T05:40:56
11.67390	-55.43059	0	32	2021-09-18T05:46:27
11.67429	-55.43033	0	32	2021-09-18T05:51:27
11.67485	-55.42999	0	32	2021-09-18T05:56:26
11.67527	-55.42981	0	32	2021-09-18T06:00:52
11.67575	-55.42960	0	32	2021-09-18T06:05:53
11.67614	-55.42932	0	32	2021-09-18T06:10:54
11.67650	-55.42905	0	32	2021-09-18T06:15:53
11.67688	-55.42880	0	32	2021-09-18T06:20:51
11.67723	-55.42856	0	32	2021-09-18T06:25:58
11.67746	-55.42838	0	32	2021-09-18T06:30:53
11.67779	-55.42813	0	32	2021-09-18T06:35:58
11.67807	-55.42795	0	32	2021-09-18T06:40:58
11.67838	-55.42766	0	32	2021-09-18T06:46:00
11.67859	-55.42749	0	32	2021-09-18T06:51:00
11.67882	-55.42722	0	32	2021-09-18T06:56:25
11.67895	-55.42697	0	32	2021-09-18T07:01:06
11.67905	-55.42670	0	32	2021-09-18T07:06:03
11.67911	-55.42648	0	32	2021-09-18T07:11:04
11.67920	-55.42627	0	32	2021-09-18T07:16:03
11.67940	-55.42627	0	32	2021-09-18T07:21:04
11.67965	-55.42627	0	32	2021-09-18T07:26:02
11.67987	-55.42633	0	32	2021-09-18T07:31:02
11.68004	-55.42633	0	32	2021-09-18T07:36:01
11.68027	-55.42636	0	32	2021-09-18T07:41:00
11.68053	-55.42645	0	32	2021-09-18T07:46:02
11.68091	-55.42664	0	32	2021-09-18T07:50:59
11.68133	-55.42683	0	32	2021-09-18T07:56:02
11.68176	-55.42700	0	32	2021-09-18T08:01:01
11.68222	-55.42715	0	32	2021-09-18T08:06:00
11.68266	-55.42743	0	32	2021-09-18T08:10:58
11.68303	-55.42761	0	32	2021-09-18T08:15:59
11.68350	-55.42801	0	32	2021-09-18T08:20:56
11.68386	-55.42828	0	32	2021-09-18T08:25:57
11.68416	-55.42850	0	32	2021-09-18T08:30:55
11.68436	-55.42875	0	32	2021-09-18T08:35:54
11.68440	-55.42892	0	32	2021-09-18T08:40:53
11.68445	-55.42905	0	32	2021-09-18T08:45:53
11.68452	-55.42923	0	32	2021-09-18T08:50:52
11.68456	-55.42938	0	32	2021-09-18T08:56:26
11.68469	-55.42960	0	32	2021-09-18T09:00:50
11.68481	-55.42981	0	32	2021-09-18T09:05:51
11.68487	-55.42999	0	32	2021-09-18T09:10:49
11.68507	-55.43030	0	32	2021-09-18T09:20:55
11.68524	-55.43039	0	32	2021-09-18T09:25:55
11.68541	-55.43048	0	32	2021-09-18T09:30:54
11.68570	-55.43069	0	32	2021-09-18T09:35:54
11.68567	-55.43066	0	32	2021-09-18T09:36:01
11.68591	-55.43069	0	32	2021-09-18T09:40:54
11.68620	-55.43076	0	32	2021-09-18T09:45:50
11.68648	-55.43076	0	32	2021-09-18T09:51:24
11.68669	-55.43076	0	32	2021-09-18T09:56:24
11.68691	-55.43085	0	32	2021-09-18T10:00:42
11.68717	-55.43085	0	32	2021-09-18T10:05:42
11.68734	-55.43085	0	32	2021-09-18T10:10:41
11.68763	-55.43085	0	32	2021-09-18T10:15:41
11.68797	-55.43076	0	32	2021-09-18T10:20:42
11.68828	-55.43069	0	32	2021-09-18T10:25:40
11.68856	-55.43060	0	32	2021-09-18T10:30:41
11.68887	-55.43048	0	32	2021-09-18T10:35:41
11.68909	-55.43033	0	32	2021-09-18T10:40:42
11.68925	-55.43015	0	32	2021-09-18T10:45:41
11.68939	-55.42998	0	32	2021-09-18T10:51:07
11.68952	-55.42981	0	32	2021-09-18T10:56:07
11.68972	-55.42966	0	32	2021-09-18T11:00:45
11.68991	-55.42937	0	32	2021-09-18T11:05:45
11.68988	-55.42944	0	32	2021-09-18T11:05:50
11.69012	-55.42920	0	32	2021-09-18T11:10:44
11.69033	-55.42902	0	32	2021-09-18T11:15:40
11.69048	-55.42883	0	32	2021-09-18T11:20:45
11.69063	-55.42859	0	32	2021-09-18T11:25:38
11.69080	-55.42842	0	32	2021-09-18T11:30:39
11.69101	-55.42816	0	32	2021-09-18T11:35:39
11.69129	-55.42792	0	32	2021-09-18T11:40:40
11.69149	-55.42760	0	32	2021-09-18T11:45:41
11.69162	-55.42743	0	32	2021-09-18T11:50:42
11.69180	-55.42734	0	32	2021-09-18T11:55:59
11.69204	-55.42712	0	32	2021-09-18T12:00:39
11.69225	-55.42694	0	32	2021-09-18T12:05:37
11.69255	-55.42674	0	32	2021-09-18T12:10:38
11.69276	-55.42657	0	32	2021-09-18T12:15:38
11.69297	-55.42639	0	32	2021-09-18T12:20:35
11.69332	-55.42621	0	32	2021-09-18T12:25:44
11.69357	-55.42606	0	32	2021-09-18T12:30:41
11.69380	-55.42578	0	32	2021-09-18T12:35:45
11.69400	-55.42560	0	32	2021-09-18T12:40:34
11.69439	-55.42533	0	32	2021-09-18T12:45:56
11.69456	-55.42520	0	32	2021-09-18T12:50:33
11.69477	-55.42499	0	32	2021-09-18T12:55:57
11.69496	-55.42487	0	32	2021-09-18T13:00:27
11.69511	-55.42471	0	32	2021-09-18T13:05:24
11.69539	-55.42465	0	32	2021-09-18T13:10:24
11.69580	-55.42456	0	32	2021-09-18T13:15:22
11.69629	-55.42453	0	32	2021-09-18T13:20:19
11.69672	-55.42447	0	32	2021-09-18T13:25:20
11.69707	-55.42441	0	32	2021-09-18T13:30:21
11.69751	-55.42444	0	32	2021-09-18T13:35:21
11.69794	-55.42450	0	32	2021-09-18T13:40:25
11.69826	-55.42447	0	32	2021-09-18T13:45:23
11.69862	-55.42450	0	32	2021-09-18T13:50:24
11.69895	-55.42450	0	32	2021-09-18T13:55:53
11.69923	-55.42453	0	32	2021-09-18T14:00:26
11.69950	-55.42447	0	32	2021-09-18T14:05:23
11.69981	-55.42441	0	32	2021-09-18T14:10:24
11.70008	-55.42429	0	32	2021-09-18T14:15:23
11.70041	-55.42422	0	32	2021-09-18T14:20:25
11.70062	-55.42413	0	32	2021-09-18T14:25:26
11.70079	-55.42407	0	32	2021-09-18T14:30:26
11.70102	-55.42404	0	32	2021-09-18T14:35:24
11.70130	-55.42401	0	32	2021-09-18T14:40:21
11.70160	-55.42392	0	32	2021-09-18T14:45:21
11.70185	-55.42373	0	32	2021-09-18T14:55:20
11.70194	-55.42364	0	32	2021-09-18T15:00:20
11.70207	-55.42355	0	32	2021-09-18T15:05:19
11.70216	-55.42343	0	32	2021-09-18T15:10:19
11.70220	-55.42331	0	32	2021-09-18T15:15:18
11.70224	-55.42319	0	32	2021-09-18T15:20:16
11.70237	-55.42310	0	32	2021-09-18T15:25:16
11.70250	-55.42303	0	32	2021-09-18T15:30:17
11.70264	-55.42291	0	32	2021-09-18T15:40:12
11.70267	-55.42288	0	32	2021-09-18T15:45:12
11.70276	-55.42282	0	32	2021-09-18T15:50:13
11.70252	-55.42276	0	32	2021-09-18T16:00:10
11.70245	-55.42276	0	32	2021-09-18T16:05:09
11.70234	-55.42276	0	32	2021-09-18T16:10:10
11.70224	-55.42276	0	32	2021-09-18T16:15:07
11.70211	-55.42270	0	32	2021-09-18T16:20:10
11.70206	-55.42261	0	32	2021-09-18T16:25:08
11.70206	-55.42252	0	32	2021-09-18T16:30:09
11.70188	-55.42230	0	32	2021-09-18T16:40:10
11.70173	-55.42215	0	32	2021-09-18T16:45:07
11.70173	-55.42206	0	32	2021-09-18T16:50:06
11.70162	-55.42197	0	32	2021-09-18T16:55:25
11.70148	-55.42184	0	32	2021-09-18T17:00:06
11.70122	-55.42154	0	32	2021-09-18T17:10:03
11.70113	-55.42145	0	32	2021-09-18T17:15:02
11.70100	-55.42136	0	32	2021-09-18T17:20:02
11.70083	-55.42120	0	32	2021-09-18T17:25:00
11.70052	-55.42101	0	32	2021-09-18T17:30:00
11.70039	-55.42084	0	32	2021-09-18T17:35:00
11.70040	-55.42072	0	32	2021-09-18T17:40:01
11.70048	-55.42062	0	32	2021-09-18T17:44:59
11.70056	-55.42035	0	32	2021-09-18T17:50:00
11.70057	-55.42032	0	32	2021-09-18T17:55:27
11.70069	-55.42026	0	32	2021-09-18T18:00:01
11.70077	-55.42020	0	32	2021-09-18T18:04:59
11.70087	-55.42020	0	32	2021-09-18T18:09:59
11.70100	-55.42020	0	32	2021-09-18T18:14:59
11.70115	-55.42020	0	32	2021-09-18T18:20:01
11.70133	-55.42020	0	32	2021-09-18T18:24:58
11.70156	-55.42004	0	32	2021-09-18T18:29:55
11.70165	-55.42004	0	32	2021-09-18T18:34:56
11.70169	-55.42004	0	32	2021-09-18T18:39:56
11.70176	-55.42014	0	32	2021-09-18T18:44:57
11.70181	-55.42030	0	32	2021-09-18T18:50:24
11.70194	-55.42047	0	32	2021-09-18T18:55:23
11.70210	-55.42072	0	32	2021-09-18T18:59:59
11.70226	-55.42093	0	32	2021-09-18T19:04:57
11.70243	-55.42130	0	32	2021-09-18T19:09:59
11.70261	-55.42169	0	32	2021-09-18T19:14:59
11.70275	-55.42206	0	32	2021-09-18T19:19:58
11.70297	-55.42249	0	32	2021-09-18T19:25:00
11.70352	-55.42333	0	32	2021-09-18T19:35:01
11.70386	-55.42367	0	32	2021-09-18T19:40:00
11.70420	-55.42410	0	32	2021-09-18T19:45:00
11.70452	-55.42456	0	32	2021-09-18T19:49:58
11.70482	-55.42507	0	32	2021-09-18T19:54:55
11.70508	-55.42541	0	32	2021-09-18T19:59:55
11.70534	-55.42575	0	32	2021-09-18T20:04:56
11.70570	-55.42593	0	32	2021-09-18T20:09:57
11.70610	-55.42612	0	32	2021-09-18T20:14:56
11.70650	-55.42621	0	32	2021-09-18T20:19:54
11.70700	-55.42627	0	32	2021-09-18T20:24:55
11.70752	-55.42639	0	32	2021-09-18T20:29:56
11.70809	-55.42648	0	32	2021-09-18T20:34:53
11.70866	-55.42661	0	32	2021-09-18T20:39:51
11.70917	-55.42661	0	32	2021-09-18T20:44:51
11.70968	-55.42670	0	32	2021-09-18T20:49:52
11.71020	-55.42673	0	32	2021-09-18T20:55:24
11.71061	-55.42673	0	32	2021-09-18T20:59:47
11.71104	-55.42673	0	32	2021-09-18T21:04:47
11.71151	-55.42679	0	32	2021-09-18T21:09:48
11.71193	-55.42679	0	32	2021-09-18T21:14:48
11.71240	-55.42676	0	32	2021-09-18T21:19:44
11.71283	-55.42676	0	32	2021-09-18T21:24:43
11.71326	-55.42676	0	32	2021-09-18T21:29:44
11.71372	-55.42670	0	32	2021-09-18T21:34:43
11.71464	-55.42646	0	32	2021-09-18T21:45:05
11.71503	-55.42629	0	32	2021-09-18T21:50:06
11.71537	-55.42603	0	32	2021-09-18T21:55:06
11.71565	-55.42575	0	32	2021-09-18T21:59:47
11.71591	-55.42545	0	32	2021-09-18T22:04:46
11.71609	-55.42514	0	32	2021-09-18T22:09:47
11.71630	-55.42480	0	32	2021-09-18T22:14:47
11.71657	-55.42441	0	32	2021-09-18T22:19:49
11.71678	-55.42393	0	32	2021-09-18T22:24:53
11.71687	-55.42359	0	32	2021-09-18T22:29:54
11.71708	-55.42325	0	32	2021-09-18T22:34:54
11.71726	-55.42294	0	32	2021-09-18T22:39:52
11.71764	-55.42233	0	32	2021-09-18T22:50:04
11.71782	-55.42192	0	32	2021-09-18T22:54:53
11.71791	-55.42166	0	32	2021-09-18T22:59:52
11.71806	-55.42136	0	32	2021-09-18T23:04:52
11.71809	-55.42108	0	32	2021-09-18T23:09:53
11.71820	-55.42087	0	32	2021-09-18T23:14:50
11.71837	-55.42062	0	32	2021-09-18T23:19:53
11.71872	-55.41983	0	32	2021-09-18T23:29:52
11.71889	-55.41957	0	32	2021-09-18T23:34:52
11.71902	-55.41931	0	32	2021-09-18T23:39:51
11.71916	-55.41904	0	32	2021-09-18T23:44:52
11.71927	-55.41861	0	32	2021-09-18T23:50:04
11.71937	-55.41812	0	32	2021-09-18T23:55:28
11.71948	-55.41763	0	32	2021-09-18T23:59:47
11.71955	-55.41705	0	32	2021-09-19T00:04:49
11.71968	-55.41638	0	32	2021-09-19T00:09:47
11.71968	-55.41569	0	32	2021-09-19T00:14:47
11.71972	-55.41492	0	32	2021-09-19T00:19:46
11.71980	-55.41412	0	32	2021-09-19T00:24:43
11.71983	-55.41327	0	32	2021-09-19T00:29:44
11.71979	-55.41238	0	32	2021-09-19T00:34:44
11.71974	-55.41153	0	32	2021-09-19T00:39:41
11.71985	-55.41068	0	32	2021-09-19T00:44:42
11.71989	-55.40982	0	32	2021-09-19T00:49:43
11.72004	-55.40884	0	32	2021-09-19T00:55:11
11.72025	-55.40796	0	32	2021-09-19T00:59:44
11.72038	-55.40704	0	32	2021-09-19T01:04:46
11.72058	-55.40623	0	32	2021-09-19T01:09:46
11.72075	-55.40546	0	32	2021-09-19T01:14:46
11.72085	-55.40463	0	32	2021-09-19T01:19:43
11.72092	-55.40384	0	32	2021-09-19T01:24:44
11.72096	-55.40302	0	32	2021-09-19T01:29:41
11.72106	-55.40207	0	32	2021-09-19T01:34:39
11.72119	-55.40118	0	32	2021-09-19T01:39:36
11.72135	-55.40039	0	32	2021-09-19T01:44:40
11.72151	-55.39945	0	32	2021-09-19T01:49:58
11.72168	-55.39859	0	32	2021-09-19T01:54:58
11.72180	-55.39789	0	32	2021-09-19T01:59:36
11.72186	-55.39700	0	32	2021-09-19T02:04:36
11.72193	-55.39618	0	32	2021-09-19T02:09:34
11.72194	-55.39532	0	32	2021-09-19T02:14:34
11.72194	-55.39450	0	32	2021-09-19T02:19:32
11.72197	-55.39374	0	32	2021-09-19T02:24:32
11.72198	-55.39286	0	32	2021-09-19T02:29:33
11.72198	-55.39209	0	32	2021-09-19T02:34:33
11.72197	-55.39130	0	32	2021-09-19T02:39:35
11.72186	-55.39047	0	32	2021-09-19T02:44:36
11.72173	-55.38968	0	32	2021-09-19T02:49:36
11.72156	-55.38879	0	32	2021-09-19T02:55:01
11.72138	-55.38808	0	32	2021-09-19T02:59:38
11.72121	-55.38739	0	32	2021-09-19T03:04:39
11.72093	-55.38660	0	32	2021-09-19T03:09:39
11.72063	-55.38586	0	32	2021-09-19T03:14:37
11.72033	-55.38519	0	32	2021-09-19T03:19:39
11.72024	-55.38476	0	32	2021-09-19T03:24:39
11.72007	-55.38416	0	32	2021-09-19T03:29:40
11.71984	-55.38351	0	32	2021-09-19T03:34:40
11.71961	-55.38290	0	32	2021-09-19T03:39:38
11.71935	-55.38229	0	32	2021-09-19T03:44:41
11.71909	-55.38171	0	32	2021-09-19T03:49:39
11.71881	-55.38101	0	32	2021-09-19T03:55:02
11.71823	-55.37978	0	32	2021-09-19T04:04:34
11.71789	-55.37918	0	32	2021-09-19T04:09:34
11.71755	-55.37875	0	32	2021-09-19T04:14:33
11.71718	-55.37817	0	32	2021-09-19T04:19:33
11.71683	-55.37762	0	32	2021-09-19T04:24:34
11.71652	-55.37704	0	32	2021-09-19T04:29:33
11.71618	-55.37641	0	32	2021-09-19T04:34:24
11.71579	-55.37581	0	32	2021-09-19T04:39:25
11.71536	-55.37521	0	32	2021-09-19T04:44:25
11.71500	-55.37466	0	32	2021-09-19T04:49:22
11.71460	-55.37415	0	32	2021-09-19T04:54:57
11.71430	-55.37369	0	32	2021-09-19T04:59:17
11.71393	-55.37323	0	32	2021-09-19T05:04:18
11.71353	-55.37272	0	32	2021-09-19T05:09:17
11.71310	-55.37229	0	32	2021-09-19T05:14:16
11.71271	-55.37186	0	32	2021-09-19T05:19:16
11.71232	-55.37146	0	32	2021-09-19T05:24:17
11.71190	-55.37103	0	32	2021-09-19T05:29:16
11.71148	-55.37064	0	32	2021-09-19T05:34:17
11.71103	-55.37021	0	32	2021-09-19T05:39:15
11.71052	-55.36984	0	32	2021-09-19T05:44:15
11.71003	-55.36948	0	32	2021-09-19T05:49:16
11.70951	-55.36906	0	32	2021-09-19T05:54:10
11.70908	-55.36880	0	32	2021-09-19T05:59:11
11.70859	-55.36847	0	32	2021-09-19T06:04:11
11.70807	-55.36801	0	32	2021-09-19T06:09:10
11.70750	-55.36745	0	32	2021-09-19T06:14:14
11.70703	-55.36694	0	32	2021-09-19T06:19:14
11.70651	-55.36636	0	32	2021-09-19T06:24:14
11.70601	-55.36578	0	32	2021-09-19T06:29:17
11.70551	-55.36519	0	32	2021-09-19T06:34:21
11.70500	-55.36468	0	32	2021-09-19T06:39:21
11.70453	-55.36417	0	32	2021-09-19T06:44:20
11.70403	-55.36368	0	32	2021-09-19T06:49:19
11.70348	-55.36310	0	32	2021-09-19T06:54:55
11.70306	-55.36270	0	32	2021-09-19T06:59:18
11.70257	-55.36224	0	32	2021-09-19T07:04:17
11.70209	-55.36179	0	32	2021-09-19T07:09:18
11.70164	-55.36130	0	32	2021-09-19T07:14:17
11.70117	-55.36078	0	32	2021-09-19T07:19:21
11.70074	-55.36035	0	32	2021-09-19T07:24:21
11.70031	-55.35995	0	32	2021-09-19T07:29:19
11.69989	-55.35965	0	32	2021-09-19T07:34:19
11.69946	-55.35929	0	32	2021-09-19T07:39:21
11.69914	-55.35913	0	32	2021-09-19T07:44:22
11.69873	-55.35895	0	32	2021-09-19T07:49:21
11.69834	-55.35876	0	32	2021-09-19T07:54:55
11.69804	-55.35858	0	32	2021-09-19T07:59:24
11.69774	-55.35832	0	32	2021-09-19T08:04:24
11.69744	-55.35806	0	32	2021-09-19T08:09:23
11.69711	-55.35782	0	32	2021-09-19T08:14:26
11.69673	-55.35754	0	32	2021-09-19T08:19:23
11.69633	-55.35724	0	32	2021-09-19T08:24:21
11.69589	-55.35693	0	32	2021-09-19T08:29:22
11.69547	-55.35669	0	32	2021-09-19T08:34:21
11.69500	-55.35631	0	32	2021-09-19T08:39:16
11.69466	-55.35605	0	32	2021-09-19T08:44:17
11.69432	-55.35571	0	32	2021-09-19T08:49:17
11.69393	-55.35532	0	32	2021-09-19T08:54:53
11.69362	-55.35501	0	32	2021-09-19T08:59:15
11.69332	-55.35471	0	32	2021-09-19T09:04:17
11.69300	-55.35440	0	32	2021-09-19T09:09:14
11.69270	-55.35399	0	32	2021-09-19T09:14:14
11.69240	-55.35373	0	32	2021-09-19T09:19:15
11.69205	-55.35338	0	32	2021-09-19T09:24:20
11.69179	-55.35312	0	32	2021-09-19T09:29:20
11.69161	-55.35281	0	32	2021-09-19T09:34:21
11.69145	-55.35254	0	32	2021-09-19T09:39:23
11.69128	-55.35217	0	32	2021-09-19T09:44:56
11.69112	-55.35199	0	32	2021-09-19T09:49:27
11.69098	-55.35165	0	32	2021-09-19T09:54:55
11.69086	-55.35147	0	32	2021-09-19T09:59:26
11.69043	-55.35102	0	32	2021-09-19T10:09:27
11.69026	-55.35085	0	32	2021-09-19T10:14:27
11.69005	-55.35068	0	32	2021-09-19T10:19:26
11.68988	-55.35046	0	32	2021-09-19T10:24:25
11.68963	-55.35025	0	32	2021-09-19T10:29:23
11.68942	-55.35016	0	32	2021-09-19T10:34:24
11.68917	-55.34998	0	32	2021-09-19T10:39:25
11.68893	-55.34979	0	32	2021-09-19T10:44:22
11.68867	-55.34964	0	32	2021-09-19T10:49:23
11.68838	-55.34952	0	32	2021-09-19T10:54:54
11.68808	-55.34940	0	32	2021-09-19T10:59:24
11.68776	-55.34933	0	32	2021-09-19T11:04:22
11.68741	-55.34924	0	32	2021-09-19T11:09:25
11.68710	-55.34918	0	32	2021-09-19T11:14:23
11.68684	-55.34915	0	32	2021-09-19T11:19:26
11.68659	-55.34912	0	32	2021-09-19T11:24:25
11.68631	-55.34900	0	32	2021-09-19T11:29:28
11.68601	-55.34900	0	32	2021-09-19T11:34:27
11.68571	-55.34900	0	32	2021-09-19T11:39:27
11.68543	-55.34915	0	32	2021-09-19T11:44:29
11.68516	-55.34933	0	32	2021-09-19T11:49:32
11.68482	-55.34961	0	32	2021-09-19T11:54:59
11.68455	-55.34988	0	32	2021-09-19T11:59:31
11.68427	-55.35017	0	32	2021-09-19T12:04:31
11.68401	-55.35043	0	32	2021-09-19T12:09:32
11.68378	-55.35083	0	32	2021-09-19T12:14:33
11.68355	-55.35141	0	32	2021-09-19T12:19:30
11.68338	-55.35199	0	32	2021-09-19T12:24:31
11.68322	-55.35260	0	32	2021-09-19T12:29:28
11.68307	-55.35312	0	32	2021-09-19T12:34:29
11.68281	-55.35370	0	32	2021-09-19T12:39:27
11.68250	-55.35428	0	32	2021-09-19T12:44:26
11.68225	-55.35486	0	32	2021-09-19T12:49:27
11.68208	-55.35559	0	32	2021-09-19T12:54:58
11.68184	-55.35623	0	32	2021-09-19T12:59:26
11.68149	-55.35693	0	32	2021-09-19T13:04:27
11.68097	-55.35824	0	32	2021-09-19T13:14:31
11.68088	-55.35884	0	32	2021-09-19T13:19:31
11.68079	-55.35944	0	32	2021-09-19T13:24:30
11.68064	-55.36002	0	32	2021-09-19T13:29:27
11.68039	-55.36057	0	32	2021-09-19T13:34:31
11.68013	-55.36115	0	32	2021-09-19T13:39:28
11.67988	-55.36172	0	32	2021-09-19T13:44:33
11.67967	-55.36244	0	32	2021-09-19T13:49:56
11.67946	-55.36304	0	32	2021-09-19T13:54:55
11.67914	-55.36356	0	32	2021-09-19T13:59:31
11.67882	-55.36419	0	32	2021-09-19T14:04:29
11.67856	-55.36462	0	32	2021-09-19T14:09:30
11.67839	-55.36499	0	32	2021-09-19T14:14:31
11.67818	-55.36532	0	32	2021-09-19T14:19:31
11.67809	-55.36566	0	32	2021-09-19T14:24:31
11.67796	-55.36609	0	32	2021-09-19T14:29:30
11.67778	-55.36655	0	32	2021-09-19T14:34:31
11.67758	-55.36685	0	32	2021-09-19T14:39:30
11.67733	-55.36719	0	32	2021-09-19T14:44:31
11.67708	-55.36761	0	32	2021-09-19T14:49:28
11.67680	-55.36807	0	32	2021-09-19T14:54:56
11.67667	-55.36862	0	32	2021-09-19T14:59:26
11.67654	-55.36925	0	32	2021-09-19T15:04:26
11.67641	-55.36985	0	32	2021-09-19T15:09:25
11.67624	-55.37036	0	32	2021-09-19T15:14:25
11.67607	-55.37085	0	32	2021-09-19T15:19:22
11.67591	-55.37134	0	32	2021-09-19T15:24:23
11.67574	-55.37177	0	32	2021-09-19T15:29:23
11.67556	-55.37242	0	32	2021-09-19T15:34:28
11.67543	-55.37311	0	32	2021-09-19T15:39:27
11.67530	-55.37372	0	32	2021-09-19T15:44:30
11.67521	-55.37436	0	32	2021-09-19T15:49:31
11.67511	-55.37509	0	32	2021-09-19T15:54:55
11.67500	-55.37561	0	32	2021-09-19T15:59:28
11.67492	-55.37625	0	32	2021-09-19T16:04:30
11.67488	-55.37700	0	32	2021-09-19T16:09:31
11.67486	-55.37781	0	32	2021-09-19T16:14:29
11.67488	-55.37872	0	32	2021-09-19T16:19:32
11.67489	-55.37958	0	32	2021-09-19T16:24:30
11.67497	-55.38058	0	32	2021-09-19T16:29:33
11.67507	-55.38165	0	32	2021-09-19T16:34:31
11.67497	-55.38272	0	32	2021-09-19T16:39:36
11.67480	-55.38358	0	32	2021-09-19T16:44:36
11.67470	-55.38455	0	32	2021-09-19T16:49:34
11.67464	-55.38566	0	32	2021-09-19T16:54:35
11.67438	-55.38660	0	32	2021-09-19T16:59:36
11.67416	-55.38770	0	32	2021-09-19T17:04:37
11.67365	-55.38981	0	32	2021-09-19T17:14:39
11.67350	-55.39075	0	32	2021-09-19T17:19:40
11.67322	-55.39178	0	32	2021-09-19T17:24:40
11.67295	-55.39279	0	32	2021-09-19T17:29:37
11.67275	-55.39380	0	32	2021-09-19T17:34:39
11.67252	-55.39474	0	32	2021-09-19T17:39:38
11.67232	-55.39578	0	32	2021-09-19T17:44:40
11.67197	-55.39792	0	32	2021-09-19T17:54:38
11.67188	-55.39878	0	32	2021-09-19T17:59:38
11.67179	-55.39972	0	32	2021-09-19T18:04:39
11.67164	-55.40070	0	32	2021-09-19T18:09:37
11.67143	-55.40180	0	32	2021-09-19T18:14:34
11.67122	-55.40274	0	32	2021-09-19T18:19:34
11.67102	-55.40372	0	32	2021-09-19T18:24:35
11.67081	-55.40463	0	32	2021-09-19T18:29:38
11.67055	-55.40555	0	32	2021-09-19T18:34:40
11.67024	-55.40637	0	32	2021-09-19T18:39:40
11.66989	-55.40744	0	32	2021-09-19T18:44:42
11.66961	-55.40842	0	32	2021-09-19T18:49:42
11.66920	-55.40945	0	32	2021-09-19T18:54:41
11.66890	-55.41031	0	32	2021-09-19T18:59:41
11.66856	-55.41125	0	32	2021-09-19T19:04:42
11.66823	-55.41235	0	32	2021-09-19T19:09:39
11.66793	-55.41348	0	32	2021-09-19T19:14:39
11.66760	-55.41458	0	32	2021-09-19T19:19:37
11.66726	-55.41571	0	32	2021-09-19T19:24:36
11.66693	-55.41684	0	32	2021-09-19T19:29:35
11.66659	-55.41803	0	32	2021-09-19T19:34:31
11.66620	-55.41925	0	32	2021-09-19T19:39:32
11.66580	-55.42044	0	32	2021-09-19T19:44:33
11.66538	-55.42172	0	32	2021-09-19T19:49:31
11.66498	-55.42310	0	32	2021-09-19T19:54:57
11.66471	-55.42426	0	32	2021-09-19T19:59:31
11.66434	-55.42551	0	32	2021-09-19T20:04:32
11.66401	-55.42676	0	32	2021-09-19T20:09:30
11.66367	-55.42798	0	32	2021-09-19T20:14:31
11.66340	-55.42932	0	32	2021-09-19T20:19:31
11.66319	-55.43073	0	32	2021-09-19T20:24:28
11.66298	-55.43210	0	32	2021-09-19T20:29:28
11.66284	-55.43353	0	32	2021-09-19T20:34:26
11.66259	-55.43647	0	32	2021-09-19T20:44:54
11.66250	-55.43784	0	32	2021-09-19T20:49:53
11.66237	-55.43930	0	32	2021-09-19T20:54:53
11.66221	-55.44052	0	32	2021-09-19T20:59:24
11.66207	-55.44193	0	32	2021-09-19T21:04:27
11.66193	-55.44327	0	32	2021-09-19T21:09:24
11.66181	-55.44449	0	32	2021-09-19T21:14:24
11.66169	-55.44586	0	32	2021-09-19T21:19:21
11.66163	-55.44724	0	32	2021-09-19T21:24:20
11.66160	-55.44861	0	32	2021-09-19T21:29:17
11.66159	-55.44992	0	32	2021-09-19T21:34:17
11.66155	-55.45126	0	32	2021-09-19T21:39:14
11.66161	-55.45260	0	32	2021-09-19T21:44:12
11.66165	-55.45389	0	32	2021-09-19T21:49:12
11.66176	-55.45535	0	32	2021-09-19T21:54:37
11.66183	-55.45657	0	32	2021-09-19T21:59:10
11.66186	-55.45789	0	32	2021-09-19T22:04:11
11.66192	-55.45920	0	32	2021-09-19T22:09:08
11.66199	-55.46054	0	32	2021-09-19T22:14:09
11.66202	-55.46191	0	32	2021-09-19T22:19:09
11.66206	-55.46320	0	32	2021-09-19T22:24:09
11.66211	-55.46457	0	32	2021-09-19T22:29:07
11.66220	-55.46596	0	32	2021-09-19T22:34:05
11.66233	-55.46725	0	32	2021-09-19T22:39:05
11.66250	-55.46872	0	32	2021-09-19T22:44:05
11.66276	-55.47018	0	32	2021-09-19T22:49:07
11.66307	-55.47171	0	32	2021-09-19T22:54:26
11.66334	-55.47305	0	32	2021-09-19T22:59:08
11.66364	-55.47449	0	32	2021-09-19T23:04:10
11.66397	-55.47586	0	32	2021-09-19T23:09:07
11.66439	-55.47742	0	32	2021-09-19T23:14:11
11.66482	-55.47879	0	32	2021-09-19T23:19:11
11.66522	-55.48032	0	32	2021-09-19T23:24:09
11.66562	-55.48187	0	32	2021-09-19T23:29:10
11.66613	-55.48351	0	32	2021-09-19T23:34:07
11.66655	-55.48499	0	32	2021-09-19T23:39:08
11.66699	-55.48651	0	32	2021-09-19T23:44:06
11.66733	-55.48798	0	32	2021-09-19T23:49:08
11.66765	-55.48956	0	32	2021-09-19T23:54:26
11.66798	-55.49091	0	32	2021-09-19T23:59:07
11.66832	-55.49228	0	32	2021-09-20T00:04:08
11.66856	-55.49356	0	32	2021-09-20T00:09:05
11.66880	-55.49478	0	32	2021-09-20T00:14:03
11.66903	-55.49600	0	32	2021-09-20T00:19:04
11.66929	-55.49728	0	32	2021-09-20T00:24:08
11.66959	-55.49857	0	32	2021-09-20T00:29:06
11.66997	-55.49990	0	32	2021-09-20T00:34:09
11.67031	-55.50110	0	32	2021-09-20T00:39:09
11.67069	-55.50238	0	32	2021-09-20T00:44:10
11.67107	-55.50360	0	32	2021-09-20T00:49:09
11.67146	-55.50504	0	32	2021-09-20T00:54:35
11.67184	-55.50623	0	32	2021-09-20T00:59:10
11.67228	-55.50742	0	32	2021-09-20T01:04:07
11.67268	-55.50867	0	32	2021-09-20T01:09:07
11.67318	-55.51002	0	32	2021-09-20T01:14:08
11.67365	-55.51122	0	32	2021-09-20T01:19:08
11.67421	-55.51251	0	32	2021-09-20T01:24:07
11.67480	-55.51379	0	32	2021-09-20T01:29:10
11.67542	-55.51508	0	32	2021-09-20T01:34:08
11.67592	-55.51639	0	32	2021-09-20T01:39:09
11.67647	-55.51769	0	32	2021-09-20T01:44:10
11.67707	-55.51898	0	32	2021-09-20T01:49:11
11.67782	-55.52051	0	32	2021-09-20T01:54:37
11.67842	-55.52176	0	32	2021-09-20T01:59:11
11.67914	-55.52318	0	32	2021-09-20T02:04:08
11.67985	-55.52435	0	32	2021-09-20T02:09:07
11.68073	-55.52567	0	32	2021-09-20T02:14:07
11.68156	-55.52702	0	32	2021-09-20T02:19:03
11.68238	-55.52831	0	32	2021-09-20T02:24:02
11.68324	-55.52960	0	32	2021-09-20T02:29:02
11.68419	-55.53098	0	32	2021-09-20T02:34:00
11.68512	-55.53235	0	32	2021-09-20T02:39:01
11.68614	-55.53369	0	32	2021-09-20T02:44:00
11.68721	-55.53504	0	32	2021-09-20T02:49:25
11.68828	-55.53650	0	32	2021-09-20T02:54:26
11.68922	-55.53769	0	32	2021-09-20T02:59:00
11.69023	-55.53915	0	32	2021-09-20T03:04:00
11.69120	-55.54056	0	32	2021-09-20T03:08:58
11.69230	-55.54184	0	32	2021-09-20T03:13:55
11.69333	-55.54315	0	32	2021-09-20T03:18:56
11.69432	-55.54434	0	32	2021-09-20T03:23:52
11.69532	-55.54557	0	32	2021-09-20T03:28:50
11.69635	-55.54651	0	32	2021-09-20T03:33:50
11.69734	-55.54749	0	32	2021-09-20T03:38:52
11.69842	-55.54846	0	32	2021-09-20T03:43:52
11.69961	-55.54962	0	32	2021-09-20T03:48:55
11.70095	-55.55075	0	32	2021-09-20T03:54:29
11.70222	-55.55176	0	32	2021-09-20T03:58:55
11.70478	-55.55426	0	32	2021-09-20T04:08:52
11.70585	-55.55546	0	32	2021-09-20T04:13:53
11.70684	-55.55649	0	32	2021-09-20T04:18:53
11.70812	-55.55759	0	32	2021-09-20T04:23:52
11.70947	-55.55865	0	32	2021-09-20T04:28:49
11.71098	-55.55991	0	32	2021-09-20T04:33:53
11.71214	-55.56113	0	32	2021-09-20T04:38:46
11.71307	-55.56235	0	32	2021-09-20T04:43:49
11.71398	-55.56339	0	32	2021-09-20T04:48:52
11.71534	-55.56458	0	32	2021-09-20T04:54:23
11.71636	-55.56555	0	32	2021-09-20T04:58:53
11.71774	-55.56677	0	32	2021-09-20T05:03:53
11.71869	-55.56787	0	32	2021-09-20T05:08:55
11.72135	-55.57002	0	32	2021-09-20T05:18:53
11.72271	-55.57120	0	32	2021-09-20T05:23:51
11.72392	-55.57242	0	32	2021-09-20T05:28:53
11.72494	-55.57364	0	32	2021-09-20T05:33:54
11.72581	-55.57471	0	32	2021-09-20T05:38:55
11.72668	-55.57581	0	32	2021-09-20T05:43:53
11.72795	-55.57684	0	32	2021-09-20T05:48:50
11.72928	-55.57813	0	32	2021-09-20T05:54:26
11.73031	-55.57919	0	32	2021-09-20T05:58:51
11.73159	-55.58026	0	32	2021-09-20T06:03:49
11.73297	-55.58139	0	32	2021-09-20T06:08:49
11.73429	-55.58255	0	32	2021-09-20T06:13:51
11.73564	-55.58372	0	32	2021-09-20T06:18:52
11.73693	-55.58475	0	32	2021-09-20T06:23:52
11.73819	-55.58582	0	32	2021-09-20T06:28:54
11.73965	-55.58682	0	32	2021-09-20T06:33:54
11.74104	-55.58783	0	32	2021-09-20T06:38:58
11.74243	-55.58881	0	32	2021-09-20T06:43:57
11.74386	-55.58987	0	32	2021-09-20T06:49:00
11.74532	-55.59097	0	32	2021-09-20T06:54:25
11.74646	-55.59192	0	32	2021-09-20T06:59:02
11.74779	-55.59286	0	32	2021-09-20T07:04:03
11.74918	-55.59381	0	32	2021-09-20T07:09:04
11.75056	-55.59473	0	32	2021-09-20T07:14:04
11.75206	-55.59576	0	32	2021-09-20T07:19:02
11.75363	-55.59701	0	32	2021-09-20T07:24:03
11.75509	-55.59821	0	32	2021-09-20T07:29:04
11.75659	-55.59946	0	32	2021-09-20T07:34:03
11.75810	-55.60068	0	32	2021-09-20T07:39:05
11.75954	-55.60190	0	32	2021-09-20T07:44:06
11.76095	-55.60306	0	32	2021-09-20T07:49:07
11.76229	-55.60416	0	32	2021-09-20T07:54:26
11.76355	-55.60507	0	32	2021-09-20T07:59:05
11.76481	-55.60582	0	32	2021-09-20T08:04:01
11.76614	-55.60668	0	32	2021-09-20T08:09:00
11.76751	-55.60754	0	32	2021-09-20T08:14:00
11.76903	-55.60846	0	32	2021-09-20T08:18:59
11.77054	-55.60938	0	32	2021-09-20T08:24:01
11.77220	-55.61038	0	32	2021-09-20T08:29:02
11.77379	-55.61139	0	32	2021-09-20T08:34:02
11.77525	-55.61243	0	32	2021-09-20T08:39:04
11.77664	-55.61340	0	32	2021-09-20T08:44:02
11.77805	-55.61434	0	32	2021-09-20T08:49:28
11.77934	-55.61520	0	32	2021-09-20T08:54:27
11.78038	-55.61603	0	32	2021-09-20T08:59:03
11.78160	-55.61679	0	32	2021-09-20T09:04:04
11.78288	-55.61755	0	32	2021-09-20T09:09:05
11.78417	-55.61832	0	32	2021-09-20T09:14:06
11.78541	-55.61920	0	32	2021-09-20T09:19:03
11.78659	-55.62003	0	32	2021-09-20T09:24:07
11.78786	-55.62082	0	32	2021-09-20T09:29:05
11.78920	-55.62162	0	32	2021-09-20T09:34:06
11.79053	-55.62231	0	32	2021-09-20T09:39:06
11.79187	-55.62299	0	32	2021-09-20T09:44:08
11.79306	-55.62347	0	32	2021-09-20T09:49:11
11.79433	-55.62390	0	32	2021-09-20T09:54:25
11.79537	-55.62445	0	32	2021-09-20T09:59:09
11.79642	-55.62503	0	32	2021-09-20T10:04:06
11.79745	-55.62561	0	32	2021-09-20T10:09:07
11.79843	-55.62628	0	32	2021-09-20T10:14:04
11.79936	-55.62692	0	32	2021-09-20T10:19:02
11.80034	-55.62756	0	32	2021-09-20T10:24:02
11.80132	-55.62823	0	32	2021-09-20T10:29:04
11.80228	-55.62888	0	32	2021-09-20T10:34:01
11.80325	-55.62952	0	32	2021-09-20T10:39:02
11.80426	-55.63019	0	32	2021-09-20T10:44:02
11.80529	-55.63080	0	32	2021-09-20T10:48:59
11.80752	-55.63210	0	32	2021-09-20T10:58:58
11.80861	-55.63257	0	32	2021-09-20T11:03:58
11.80976	-55.63321	0	32	2021-09-20T11:08:59
11.81082	-55.63385	0	32	2021-09-20T11:14:00
11.81184	-55.63452	0	32	2021-09-20T11:19:03
11.81290	-55.63519	0	32	2021-09-20T11:24:00
11.81396	-55.63593	0	32	2021-09-20T11:28:58
11.81506	-55.63671	0	32	2021-09-20T11:33:55
11.81609	-55.63730	0	32	2021-09-20T11:38:55
11.81712	-55.63800	0	32	2021-09-20T11:43:54
11.81809	-55.63873	0	32	2021-09-20T11:48:51
11.81929	-55.63962	0	32	2021-09-20T11:54:25
11.82019	-55.64036	0	32	2021-09-20T11:58:49
11.82118	-55.64105	0	32	2021-09-20T12:03:49
11.82221	-55.64186	0	32	2021-09-20T12:08:47
11.82320	-55.64246	0	32	2021-09-20T12:13:47
11.82415	-55.64313	0	32	2021-09-20T12:18:48
11.82507	-55.64377	0	32	2021-09-20T12:23:45
11.82604	-55.64441	0	32	2021-09-20T12:28:46
11.82700	-55.64499	0	32	2021-09-20T12:33:45
11.82799	-55.64563	0	32	2021-09-20T12:38:46
11.82901	-55.64630	0	32	2021-09-20T12:43:47
11.83002	-55.64697	0	32	2021-09-20T12:48:41
11.83122	-55.64783	0	32	2021-09-20T12:54:28
11.83210	-55.64835	0	32	2021-09-20T12:58:40
11.83314	-55.64896	0	32	2021-09-20T13:03:41
11.83422	-55.64954	0	32	2021-09-20T13:08:41
11.83533	-55.65005	0	32	2021-09-20T13:13:42
11.83655	-55.65057	0	32	2021-09-20T13:18:39
11.83780	-55.65100	0	32	2021-09-20T13:23:42
11.83900	-55.65143	0	32	2021-09-20T13:28:40
11.84021	-55.65179	0	32	2021-09-20T13:33:41
11.84147	-55.65219	0	32	2021-09-20T13:38:42
11.84268	-55.65250	0	32	2021-09-20T13:43:44
11.84393	-55.65286	0	32	2021-09-20T13:48:44
11.84540	-55.65344	0	32	2021-09-20T13:53:47
11.84660	-55.65387	0	32	2021-09-20T13:58:46
11.84790	-55.65448	0	32	2021-09-20T14:03:50
11.84928	-55.65516	0	32	2021-09-20T14:08:52
11.85052	-55.65567	0	32	2021-09-20T14:13:52
11.85180	-55.65625	0	32	2021-09-20T14:18:52
11.85455	-55.65755	0	32	2021-09-20T14:29:10
11.85575	-55.65806	0	32	2021-09-20T14:34:10
11.85712	-55.65857	0	32	2021-09-20T14:39:10
11.85850	-55.65915	0	32	2021-09-20T14:44:11
11.85983	-55.65971	0	32	2021-09-20T14:49:25
11.86116	-55.66031	0	32	2021-09-20T14:54:26
11.86235	-55.66083	0	32	2021-09-20T14:58:53
11.86368	-55.66129	0	32	2021-09-20T15:03:55
11.86506	-55.66168	0	32	2021-09-20T15:08:56
11.86651	-55.66211	0	32	2021-09-20T15:13:51
11.86792	-55.66254	0	32	2021-09-20T15:18:52
11.86934	-55.66296	0	32	2021-09-20T15:23:52
11.87217	-55.66406	0	32	2021-09-20T15:33:51
11.87360	-55.66465	0	32	2021-09-20T15:38:51
11.87502	-55.66516	0	32	2021-09-20T15:43:51
11.87657	-55.66574	0	32	2021-09-20T15:48:49
11.87843	-55.66642	0	32	2021-09-20T15:53:50
11.87980	-55.66685	0	32	2021-09-20T15:58:50
11.88130	-55.66736	0	32	2021-09-20T16:03:50
11.88435	-55.66858	0	32	2021-09-20T16:13:50
11.88573	-55.66920	0	32	2021-09-20T16:18:47
11.88723	-55.66971	0	32	2021-09-20T16:23:47
11.88868	-55.67020	0	32	2021-09-20T16:28:45
11.88990	-55.67075	0	32	2021-09-20T16:33:45
11.89222	-55.67175	0	32	2021-09-20T16:43:43
11.89359	-55.67230	0	32	2021-09-20T16:48:44
11.89539	-55.67300	0	32	2021-09-20T16:54:24
11.89674	-55.67358	0	32	2021-09-20T16:58:39
11.89828	-55.67401	0	32	2021-09-20T17:03:39
11.89982	-55.67435	0	32	2021-09-20T17:08:39
11.90138	-55.67477	0	32	2021-09-20T17:13:40
11.90293	-55.67533	0	32	2021-09-20T17:18:41
11.90430	-55.67584	0	32	2021-09-20T17:23:41
11.90586	-55.67636	0	32	2021-09-20T17:28:39
11.90736	-55.67682	0	32	2021-09-20T17:33:40
11.90878	-55.67734	0	32	2021-09-20T17:38:41
11.91021	-55.67789	0	32	2021-09-20T17:43:39
11.91158	-55.67838	0	32	2021-09-20T17:48:41
11.91292	-55.67896	0	32	2021-09-20T17:53:56
11.91408	-55.67944	0	32	2021-09-20T17:58:40
11.91520	-55.68002	0	32	2021-09-20T18:03:38
11.91622	-55.68060	0	32	2021-09-20T18:08:37
11.91738	-55.68118	0	32	2021-09-20T18:13:36
11.91855	-55.68180	0	32	2021-09-20T18:18:36
11.91967	-55.68240	0	32	2021-09-20T18:23:37
11.92087	-55.68316	0	32	2021-09-20T18:28:34
11.92190	-55.68375	0	32	2021-09-20T18:33:35
11.92297	-55.68436	0	32	2021-09-20T18:38:34
11.92416	-55.68509	0	32	2021-09-20T18:43:36
11.92530	-55.68580	0	32	2021-09-20T18:48:57
11.92642	-55.68649	0	32	2021-09-20T18:53:57
11.92741	-55.68707	0	32	2021-09-20T18:58:36
11.92831	-55.68762	0	32	2021-09-20T19:03:33
11.92922	-55.68823	0	32	2021-09-20T19:08:33
11.93000	-55.68878	0	32	2021-09-20T19:13:34
11.93074	-55.68933	0	32	2021-09-20T19:18:31
11.93145	-55.68976	0	32	2021-09-20T19:23:32
11.93272	-55.69073	0	32	2021-09-20T19:33:32
11.93328	-55.69116	0	32	2021-09-20T19:38:31
11.93327	-55.69116	0	32	2021-09-20T19:38:34
11.93388	-55.69159	0	32	2021-09-20T19:43:31
11.93457	-55.69199	0	32	2021-09-20T19:48:32
11.93454	-55.69195	0	32	2021-09-20T19:48:59
11.93526	-55.69233	0	32	2021-09-20T19:53:33
11.93523	-55.69229	0	32	2021-09-20T19:53:59
11.93586	-55.69250	0	32	2021-09-20T19:58:33
11.93646	-55.69275	0	32	2021-09-20T20:03:34
11.93790	-55.69319	0	32	2021-09-20T20:13:25
11.93863	-55.69345	0	32	2021-09-20T20:18:25
11.93932	-55.69379	0	32	2021-09-20T20:23:24
11.94002	-55.69418	0	32	2021-09-20T20:28:20
11.94058	-55.69452	0	32	2021-09-20T20:33:21
11.94114	-55.69495	0	32	2021-09-20T20:38:21
11.94308	-55.69615	0	32	2021-09-20T20:53:16
11.94355	-55.69638	0	32	2021-09-20T20:58:20
11.94423	-55.69675	0	32	2021-09-20T21:03:17
11.94589	-55.69754	0	32	2021-09-20T21:13:19
11.94661	-55.69793	0	32	2021-09-20T21:18:16
11.94721	-55.69827	0	32	2021-09-20T21:23:16
11.94779	-55.69855	0	32	2021-09-20T21:28:15
11.94833	-55.69879	0	32	2021-09-20T21:33:15
11.94894	-55.69897	0	32	2021-09-20T21:38:12
11.94947	-55.69916	0	32	2021-09-20T21:43:13
11.94998	-55.69931	0	32	2021-09-20T21:48:14
11.95060	-55.69943	0	32	2021-09-20T21:53:39
11.95102	-55.69960	0	32	2021-09-20T21:58:12
11.95149	-55.69969	0	32	2021-09-20T22:03:12
11.95205	-55.69986	0	32	2021-09-20T22:08:11
11.95241	-55.70007	0	32	2021-09-20T22:13:08
11.95274	-55.70030	0	32	2021-09-20T22:18:07
11.95295	-55.70056	0	32	2021-09-20T22:23:07
11.95307	-55.70074	0	32	2021-09-20T22:28:08
11.95322	-55.70102	0	32	2021-09-20T22:33:05
11.95330	-55.70111	0	32	2021-09-20T22:38:06
11.95338	-55.70123	0	32	2021-09-20T22:43:04
11.95346	-55.70132	0	32	2021-09-20T22:48:05
11.95315	-55.70154	0	32	2021-09-20T22:58:04
11.95302	-55.70154	0	32	2021-09-20T23:03:04
11.95289	-55.70163	0	32	2021-09-20T23:08:05
11.95270	-55.70181	0	32	2021-09-20T23:13:06
11.95249	-55.70197	0	32	2021-09-20T23:18:06
11.95228	-55.70212	0	32	2021-09-20T23:23:06
11.95207	-55.70230	0	32	2021-09-20T23:28:04
11.95194	-55.70260	0	32	2021-09-20T23:33:09
11.95194	-55.70294	0	32	2021-09-20T23:38:10
11.95185	-55.70320	0	32	2021-09-20T23:43:07
11.95185	-55.70346	0	32	2021-09-20T23:48:07
11.95173	-55.70380	0	32	2021-09-20T23:53:29
11.95160	-55.70410	0	32	2021-09-20T23:58:10
11.95117	-55.70480	0	32	2021-09-21T00:08:14
11.95100	-55.70497	0	32	2021-09-21T00:13:13
11.95091	-55.70514	0	32	2021-09-21T00:18:13
11.95095	-55.70551	0	32	2021-09-21T00:23:14
11.95087	-55.70590	0	32	2021-09-21T00:28:17
11.95073	-55.70621	0	32	2021-09-21T00:33:16
11.94971	-55.70715	0	32	2021-09-21T00:48:19
11.94937	-55.70737	0	32	2021-09-21T00:53:57
11.94903	-55.70758	0	32	2021-09-21T00:58:20
11.94879	-55.70786	0	32	2021-09-21T01:03:20
11.94845	-55.70814	0	32	2021-09-21T01:08:21
11.94802	-55.70840	0	32	2021-09-21T01:13:21
11.94754	-55.70868	0	32	2021-09-21T01:18:23
11.94696	-55.70883	0	32	2021-09-21T01:23:20
11.94625	-55.70908	0	32	2021-09-21T01:28:21
11.94574	-55.70917	0	32	2021-09-21T01:33:22
11.94512	-55.70926	0	32	2021-09-21T01:38:20
11.94451	-55.70935	0	32	2021-09-21T01:43:19
11.94384	-55.70944	0	32	2021-09-21T01:48:20
11.94237	-55.70973	0	32	2021-09-21T01:58:19
11.94147	-55.70982	0	32	2021-09-21T02:03:19
11.94057	-55.70999	0	32	2021-09-21T02:08:19
11.93965	-55.71017	0	32	2021-09-21T02:13:17
11.93868	-55.71039	0	32	2021-09-21T02:18:18
11.93768	-55.71054	0	32	2021-09-21T02:23:19
11.93664	-55.71075	0	32	2021-09-21T02:28:20
11.93565	-55.71092	0	32	2021-09-21T02:33:21
11.93466	-55.71109	0	32	2021-09-21T02:38:21
11.93366	-55.71133	0	32	2021-09-21T02:43:19
11.93259	-55.71155	0	32	2021-09-21T02:48:23
11.93136	-55.71179	0	32	2021-09-21T02:53:58
11.93039	-55.71198	0	32	2021-09-21T02:58:24
11.92934	-55.71225	0	32	2021-09-21T03:03:25
11.92827	-55.71252	0	32	2021-09-21T03:08:23
11.92724	-55.71280	0	32	2021-09-21T03:13:20
11.92615	-55.71301	0	32	2021-09-21T03:18:23
11.92511	-55.71332	0	32	2021-09-21T03:23:21
11.92411	-55.71365	0	32	2021-09-21T03:28:22
11.92314	-55.71403	0	32	2021-09-21T03:33:26
11.92267	-55.71429	0	32	2021-09-21T03:38:25
11.92218	-55.71484	0	32	2021-09-21T03:43:25
11.92186	-55.71524	0	32	2021-09-21T03:48:23
11.92158	-55.71561	0	32	2021-09-21T03:53:56
11.92119	-55.71597	0	32	2021-09-21T03:58:30
11.92085	-55.71640	0	32	2021-09-21T04:03:29
11.92039	-55.71707	0	32	2021-09-21T04:13:26
11.92008	-55.71759	0	32	2021-09-21T04:18:27
11.91966	-55.71806	0	32	2021-09-21T04:23:23
11.91932	-55.71857	0	32	2021-09-21T04:28:22
11.91871	-55.71906	0	32	2021-09-21T04:33:23
11.91802	-55.71951	0	32	2021-09-21T04:38:22
11.91764	-55.72003	0	32	2021-09-21T04:43:22
11.91746	-55.72055	0	32	2021-09-21T04:48:20
11.91706	-55.72110	0	32	2021-09-21T04:53:56
11.91677	-55.72156	0	32	2021-09-21T04:58:18
11.91658	-55.72211	0	32	2021-09-21T05:03:16
11.91631	-55.72266	0	32	2021-09-21T05:08:16
11.91622	-55.72311	0	32	2021-09-21T05:13:17
11.91608	-55.72348	0	32	2021-09-21T05:18:15
11.91586	-55.72412	0	32	2021-09-21T05:23:14
11.91541	-55.72473	0	32	2021-09-21T05:28:12
11.91514	-55.72531	0	32	2021-09-21T05:33:13
11.91496	-55.72589	0	32	2021-09-21T05:38:14
11.91454	-55.72660	0	32	2021-09-21T05:43:11
11.91394	-55.72720	0	32	2021-09-21T05:48:11
11.91350	-55.72788	0	32	2021-09-21T05:53:09
11.91341	-55.72839	0	32	2021-09-21T05:58:09
11.91322	-55.72900	0	32	2021-09-21T06:03:09
11.91291	-55.72966	0	32	2021-09-21T06:08:04
11.91240	-55.73035	0	32	2021-09-21T06:13:04
11.91199	-55.73099	0	32	2021-09-21T06:18:05
11.91178	-55.73163	0	32	2021-09-21T06:23:11
11.91133	-55.73236	0	32	2021-09-21T06:28:06
11.91079	-55.73306	0	32	2021-09-21T06:33:04
11.91028	-55.73383	0	32	2021-09-21T06:38:02
11.90981	-55.73462	0	32	2021-09-21T06:43:03
11.90922	-55.73547	0	32	2021-09-21T06:48:02
11.90863	-55.73633	0	32	2021-09-21T06:53:23
11.90814	-55.73706	0	32	2021-09-21T06:58:03
11.90758	-55.73796	0	32	2021-09-21T07:03:02
11.90710	-55.73871	0	32	2021-09-21T07:08:01
11.90664	-55.73950	0	32	2021-09-21T07:13:02
11.90617	-55.74036	0	32	2021-09-21T07:18:00
11.90570	-55.74118	0	32	2021-09-21T07:23:02
11.90520	-55.74210	0	32	2021-09-21T07:28:02
11.90473	-55.74302	0	32	2021-09-21T07:33:02
11.90434	-55.74396	0	32	2021-09-21T07:38:03
11.90396	-55.74490	0	32	2021-09-21T07:43:01
11.90354	-55.74588	0	32	2021-09-21T07:48:04
11.90350	-55.74594	0	32	2021-09-21T07:48:05
11.90321	-55.74686	0	32	2021-09-21T07:53:32
11.90299	-55.74765	0	32	2021-09-21T07:58:04
11.90277	-55.74857	0	32	2021-09-21T08:03:07
11.90225	-55.75050	0	32	2021-09-21T08:13:09
11.90204	-55.75144	0	32	2021-09-21T08:18:09
11.90191	-55.75247	0	32	2021-09-21T08:23:08
11.90165	-55.75351	0	32	2021-09-21T08:28:08
11.90139	-55.75449	0	32	2021-09-21T08:33:09
11.90118	-55.75552	0	32	2021-09-21T08:38:09
11.90089	-55.75654	0	32	2021-09-21T08:43:26
11.90060	-55.75745	0	32	2021-09-21T08:48:09
11.90012	-55.75851	0	32	2021-09-21T08:53:25
11.89979	-55.75949	0	32	2021-09-21T08:58:10
11.89947	-55.76050	0	32	2021-09-21T09:03:06
11.89912	-55.76144	0	32	2021-09-21T09:08:08
11.89870	-55.76245	0	32	2021-09-21T09:13:07
11.89825	-55.76359	0	32	2021-09-21T09:18:05
11.89774	-55.76453	0	32	2021-09-21T09:23:06
11.89727	-55.76553	0	32	2021-09-21T09:28:07
11.89681	-55.76648	0	32	2021-09-21T09:33:04
11.89624	-55.76747	0	32	2021-09-21T09:38:05
11.89568	-55.76828	0	32	2021-09-21T09:43:03
11.89508	-55.76910	0	32	2021-09-21T09:48:05
11.89399	-55.77080	0	32	2021-09-21T09:58:01
11.89335	-55.77157	0	32	2021-09-21T10:03:02
11.89275	-55.77243	0	32	2021-09-21T10:08:02
11.89205	-55.77328	0	32	2021-09-21T10:12:59
11.89139	-55.77414	0	32	2021-09-21T10:18:00
11.89064	-55.77507	0	32	2021-09-21T10:22:54
11.89003	-55.77582	0	32	2021-09-21T10:27:58
11.88936	-55.77661	0	32	2021-09-21T10:32:55
11.88876	-55.77747	0	32	2021-09-21T10:37:55
11.88815	-55.77832	0	32	2021-09-21T10:42:53
11.88748	-55.77914	0	32	2021-09-21T10:47:54
11.88670	-55.78012	0	32	2021-09-21T10:53:24
11.88609	-55.78088	0	32	2021-09-21T10:57:51
11.88535	-55.78179	0	32	2021-09-21T11:02:49
11.88462	-55.78265	0	32	2021-09-21T11:07:49
11.88389	-55.78342	0	32	2021-09-21T11:12:49
11.88311	-55.78424	0	32	2021-09-21T11:17:47
11.88238	-55.78506	0	32	2021-09-21T11:22:48
11.88164	-55.78592	0	32	2021-09-21T11:27:49
11.88096	-55.78674	0	32	2021-09-21T11:32:50
11.88029	-55.78760	0	32	2021-09-21T11:37:49
11.87955	-55.78848	0	32	2021-09-21T11:43:23
11.87891	-55.78934	0	32	2021-09-21T11:48:23
11.87818	-55.79028	0	32	2021-09-21T11:53:23
11.87756	-55.79105	0	32	2021-09-21T11:57:45
11.87689	-55.79190	0	32	2021-09-21T12:02:58
11.87621	-55.79276	0	32	2021-09-21T12:07:48
11.87553	-55.79361	0	32	2021-09-21T12:12:45
11.87480	-55.79446	0	32	2021-09-21T12:17:46
11.87406	-55.79535	0	32	2021-09-21T12:22:44
11.87335	-55.79620	0	32	2021-09-21T12:27:45
11.87269	-55.79706	0	32	2021-09-21T12:32:45
11.87205	-55.79794	0	32	2021-09-21T12:37:42
11.87144	-55.79889	0	32	2021-09-21T12:42:45
11.87092	-55.79980	0	32	2021-09-21T12:47:44
11.87038	-55.80090	0	32	2021-09-21T12:53:26
11.87000	-55.80170	0	32	2021-09-21T12:57:49
11.86960	-55.80261	0	32	2021-09-21T13:02:49
11.86920	-55.80353	0	32	2021-09-21T13:07:47
11.86876	-55.80438	0	32	2021-09-21T13:12:48
11.86830	-55.80527	0	32	2021-09-21T13:17:49
11.86787	-55.80618	0	32	2021-09-21T13:22:45
11.86741	-55.80707	0	32	2021-09-21T13:27:43
11.86692	-55.80798	0	32	2021-09-21T13:32:43
11.86631	-55.80893	0	32	2021-09-21T13:37:44
11.86559	-55.81000	0	32	2021-09-21T13:42:41
11.86482	-55.81113	0	32	2021-09-21T13:47:42
11.86410	-55.81232	0	32	2021-09-21T13:53:10
11.86346	-55.81330	0	32	2021-09-21T13:57:40
11.86282	-55.81442	0	32	2021-09-21T14:02:41
11.86211	-55.81570	0	32	2021-09-21T14:07:38
11.86141	-55.81693	0	32	2021-09-21T14:12:35
11.86079	-55.81818	0	32	2021-09-21T14:17:36
11.86013	-55.81934	0	32	2021-09-21T14:22:37
11.85955	-55.82050	0	32	2021-09-21T14:27:37
11.85900	-55.82172	0	32	2021-09-21T14:32:35
11.85840	-55.82292	0	32	2021-09-21T14:37:38
11.85789	-55.82404	0	32	2021-09-21T14:42:37
11.85735	-55.82516	0	32	2021-09-21T14:47:33
11.85679	-55.82639	0	32	2021-09-21T14:52:57
11.85632	-55.82746	0	32	2021-09-21T14:57:35
11.85581	-55.82858	0	32	2021-09-21T15:02:35
11.85524	-55.82968	0	32	2021-09-21T15:07:32
11.85466	-55.83087	0	32	2021-09-21T15:12:34
11.85413	-55.83206	0	32	2021-09-21T15:17:34
11.85363	-55.83322	0	32	2021-09-21T15:22:31
11.85326	-55.83438	0	32	2021-09-21T15:27:32
11.85289	-55.83562	0	32	2021-09-21T15:32:28
11.85251	-55.83661	0	32	2021-09-21T15:37:30
11.85216	-55.83768	0	32	2021-09-21T15:42:27
11.85181	-55.83878	0	32	2021-09-21T15:47:24
11.85143	-55.84012	0	32	2021-09-21T15:52:56
11.85100	-55.84116	0	32	2021-09-21T15:57:30
11.85054	-55.84225	0	32	2021-09-21T16:02:30
11.85012	-55.84338	0	32	2021-09-21T16:07:31
11.84967	-55.84448	0	32	2021-09-21T16:12:33
11.84930	-55.84558	0	32	2021-09-21T16:17:33
11.84891	-55.84672	0	32	2021-09-21T16:22:33
11.84857	-55.84775	0	32	2021-09-21T16:27:32
11.84813	-55.84882	0	32	2021-09-21T16:32:31
11.84775	-55.84985	0	32	2021-09-21T16:37:33
11.84710	-55.85202	0	32	2021-09-21T16:47:35
11.84689	-55.85322	0	32	2021-09-21T16:52:35
11.84668	-55.85425	0	32	2021-09-21T16:57:35
11.84638	-55.85541	0	32	2021-09-21T17:02:40
11.84607	-55.85663	0	32	2021-09-21T17:07:38
11.84573	-55.85788	0	32	2021-09-21T17:12:41
11.84543	-55.85913	0	32	2021-09-21T17:17:40
11.84505	-55.86038	0	32	2021-09-21T17:22:44
11.84465	-55.86169	0	32	2021-09-21T17:27:41
11.84422	-55.86298	0	32	2021-09-21T17:32:42
11.84379	-55.86444	0	32	2021-09-21T17:37:39
11.84337	-55.86591	0	32	2021-09-21T17:42:40
11.84296	-55.86746	0	32	2021-09-21T17:47:37
11.84262	-55.86892	0	32	2021-09-21T17:52:37
11.84245	-55.87021	0	32	2021-09-21T17:57:36
11.84221	-55.87149	0	32	2021-09-21T18:02:32
11.84198	-55.87289	0	32	2021-09-21T18:07:41
11.84184	-55.87402	0	32	2021-09-21T18:12:37
11.84164	-55.87521	0	32	2021-09-21T18:17:42
11.84147	-55.87631	0	32	2021-09-21T18:22:38
11.84136	-55.87752	0	32	2021-09-21T18:27:39
11.84136	-55.87866	0	32	2021-09-21T18:32:37
11.84132	-55.87976	0	32	2021-09-21T18:37:38
11.84126	-55.88092	0	32	2021-09-21T18:42:41
11.84120	-55.88199	0	32	2021-09-21T18:47:39
11.84127	-55.88426	0	32	2021-09-21T18:57:37
11.84130	-55.88516	0	32	2021-09-21T19:02:39
11.84123	-55.88614	0	32	2021-09-21T19:07:38
11.84126	-55.88718	0	32	2021-09-21T19:12:35
11.84126	-55.88812	0	32	2021-09-21T19:17:34
11.84135	-55.88898	0	32	2021-09-21T19:22:34
11.84151	-55.88986	0	32	2021-09-21T19:27:39
11.84176	-55.89084	0	32	2021-09-21T19:32:39
11.84202	-55.89170	0	32	2021-09-21T19:37:39
11.84232	-55.89264	0	32	2021-09-21T19:42:38
11.84260	-55.89355	0	32	2021-09-21T19:47:38
11.84298	-55.89447	0	32	2021-09-21T19:52:58
11.84330	-55.89536	0	32	2021-09-21T19:57:40
11.84369	-55.89630	0	32	2021-09-21T20:02:41
11.84455	-55.89823	0	32	2021-09-21T20:12:43
11.84498	-55.89900	0	32	2021-09-21T20:17:43
11.84541	-55.89969	0	32	2021-09-21T20:22:43
11.84591	-55.90042	0	32	2021-09-21T20:27:41
11.84636	-55.90115	0	32	2021-09-21T20:32:43
11.84680	-55.90199	0	32	2021-09-21T20:37:50
11.84719	-55.90276	0	32	2021-09-21T20:42:49
11.84753	-55.90353	0	32	2021-09-21T20:47:49
11.84798	-55.90448	0	32	2021-09-21T20:53:27
11.84827	-55.90527	0	32	2021-09-21T20:57:50
11.84863	-55.90615	0	32	2021-09-21T21:02:54
11.84880	-55.90692	0	32	2021-09-21T21:07:53
11.84935	-55.90867	0	32	2021-09-21T21:17:54
11.84961	-55.90953	0	32	2021-09-21T21:22:54
11.84987	-55.91022	0	32	2021-09-21T21:27:54
11.85019	-55.91098	0	32	2021-09-21T21:32:55
11.85048	-55.91168	0	32	2021-09-21T21:37:56
11.85071	-55.91241	0	32	2021-09-21T21:42:58
11.85092	-55.91312	0	32	2021-09-21T21:47:54
11.85131	-55.91398	0	32	2021-09-21T21:52:57
11.85152	-55.91458	0	32	2021-09-21T21:57:57
11.85184	-55.91540	0	32	2021-09-21T22:02:57
11.85210	-55.91609	0	32	2021-09-21T22:07:57
11.85236	-55.91678	0	32	2021-09-21T22:12:56
11.85261	-55.91754	0	32	2021-09-21T22:17:55
11.85286	-55.91828	0	32	2021-09-21T22:22:54
11.85311	-55.91895	0	32	2021-09-21T22:27:57
11.85338	-55.91974	0	32	2021-09-21T22:32:55
11.85365	-55.92053	0	32	2021-09-21T22:37:56
11.85400	-55.92139	0	32	2021-09-21T22:43:27
11.85434	-55.92208	0	32	2021-09-21T22:48:27
11.85477	-55.92294	0	32	2021-09-21T22:53:26
11.85509	-55.92358	0	32	2021-09-21T22:57:51
11.85539	-55.92443	0	32	2021-09-21T23:02:51
11.85565	-55.92512	0	32	2021-09-21T23:07:50
11.85586	-55.92581	0	32	2021-09-21T23:12:50
11.85608	-55.92657	0	32	2021-09-21T23:17:48
11.85630	-55.92737	0	32	2021-09-21T23:22:49
11.85657	-55.92810	0	32	2021-09-21T23:27:49
11.85685	-55.92908	0	32	2021-09-21T23:32:49
11.85711	-55.92977	0	32	2021-09-21T23:37:49
11.85737	-55.93063	0	32	2021-09-21T23:42:48
11.85771	-55.93152	0	32	2021-09-21T23:47:49
11.85800	-55.93246	0	32	2021-09-21T23:53:27
11.85825	-55.93314	0	32	2021-09-21T23:57:50
11.85847	-55.93387	0	32	2021-09-22T00:02:52
11.85863	-55.93457	0	32	2021-09-22T00:07:52
11.85880	-55.93528	0	32	2021-09-22T00:12:53
11.85884	-55.93597	0	32	2021-09-22T00:17:54
11.85894	-55.93671	0	32	2021-09-22T00:22:58
11.85916	-55.93729	0	32	2021-09-22T00:27:55
11.85928	-55.93802	0	32	2021-09-22T00:32:55
11.85954	-55.93875	0	32	2021-09-22T00:38:08
11.85973	-55.93945	0	32	2021-09-22T00:43:10
11.86010	-55.94115	0	32	2021-09-22T00:52:52
11.86031	-55.94175	0	32	2021-09-22T00:57:53
11.86048	-55.94244	0	32	2021-09-22T01:02:53
11.86070	-55.94315	0	32	2021-09-22T01:07:51
11.86128	-55.94454	0	32	2021-09-22T01:17:52
11.86146	-55.94510	0	32	2021-09-22T01:22:52
11.86170	-55.94574	0	32	2021-09-22T01:27:51
11.86197	-55.94626	0	32	2021-09-22T01:32:55
11.86216	-55.94694	0	32	2021-09-22T01:38:00
11.86233	-55.94754	0	32	2021-09-22T01:43:01
11.86248	-55.94818	0	32	2021-09-22T01:48:01
11.86297	-55.94945	0	32	2021-09-22T01:58:03
11.86327	-55.95014	0	32	2021-09-22T02:03:04
11.86353	-55.95065	0	32	2021-09-22T02:08:04
11.86374	-55.95126	0	32	2021-09-22T02:13:02
11.86399	-55.95181	0	32	2021-09-22T02:18:10
11.86418	-55.95233	0	32	2021-09-22T02:23:07
11.86445	-55.95282	0	32	2021-09-22T02:28:04
11.86469	-55.95331	0	32	2021-09-22T02:33:06
11.86494	-55.95380	0	32	2021-09-22T02:38:06
11.86525	-55.95422	0	32	2021-09-22T02:43:07
11.86555	-55.95465	0	32	2021-09-22T02:48:08
11.86593	-55.95514	0	32	2021-09-22T02:53:24
11.86622	-55.95557	0	32	2021-09-22T02:58:10
11.86659	-55.95600	0	32	2021-09-22T03:03:13
11.86698	-55.95634	0	32	2021-09-22T03:08:12
11.86741	-55.95660	0	32	2021-09-22T03:13:12
11.86783	-55.95691	0	32	2021-09-22T03:18:14
11.86822	-55.95718	0	32	2021-09-22T03:23:14
11.86864	-55.95761	0	32	2021-09-22T03:28:12
11.86908	-55.95798	0	32	2021-09-22T03:33:16
11.86949	-55.95844	0	32	2021-09-22T03:38:17
11.86988	-55.95889	0	32	2021-09-22T03:43:17
11.87027	-55.95938	0	32	2021-09-22T03:48:18
11.87067	-55.96002	0	32	2021-09-22T03:53:54
11.87104	-55.96048	0	32	2021-09-22T03:58:17
11.87144	-55.96100	0	32	2021-09-22T04:03:28
11.87192	-55.96149	0	32	2021-09-22T04:08:22
11.87239	-55.96201	0	32	2021-09-22T04:13:21
11.87283	-55.96255	0	32	2021-09-22T04:18:23
11.87330	-55.96301	0	32	2021-09-22T04:23:23
11.87367	-55.96345	0	32	2021-09-22T04:28:22
11.87410	-55.96371	0	32	2021-09-22T04:33:22
11.87465	-55.96411	0	32	2021-09-22T04:38:20
11.87530	-55.96457	0	32	2021-09-22T04:43:19
11.87594	-55.96500	0	32	2021-09-22T04:48:18
11.87671	-55.96557	0	32	2021-09-22T04:53:17
11.87727	-55.96591	0	32	2021-09-22T04:58:17
11.87796	-55.96634	0	32	2021-09-22T05:03:18
11.87866	-55.96683	0	32	2021-09-22T05:08:15
11.87934	-55.96719	0	32	2021-09-22T05:13:17
11.88066	-55.96793	0	32	2021-09-22T05:23:16
11.88136	-55.96832	0	32	2021-09-22T05:28:16
11.88196	-55.96866	0	32	2021-09-22T05:33:16
11.88260	-55.96902	0	32	2021-09-22T05:38:14
11.88329	-55.96936	0	32	2021-09-22T05:43:17
11.88397	-55.96983	0	32	2021-09-22T05:48:16
11.88470	-55.97017	0	32	2021-09-22T05:53:16
11.88530	-55.97034	0	32	2021-09-22T05:58:17
11.88599	-55.97058	0	32	2021-09-22T06:03:18
11.88675	-55.97089	0	32	2021-09-22T06:08:19
11.88744	-55.97125	0	32	2021-09-22T06:13:20
11.88824	-55.97164	0	32	2021-09-22T06:18:17
11.88897	-55.97198	0	32	2021-09-22T06:23:18
11.88970	-55.97235	0	32	2021-09-22T06:28:15
11.89036	-55.97272	0	32	2021-09-22T06:33:16
11.89099	-55.97304	0	32	2021-09-22T06:38:13
11.89159	-55.97330	0	32	2021-09-22T06:43:13
11.89217	-55.97360	0	32	2021-09-22T06:48:15
11.89270	-55.97400	0	32	2021-09-22T06:53:38
11.89304	-55.97437	0	32	2021-09-22T06:58:12
11.89340	-55.97476	0	32	2021-09-22T07:03:14
11.89376	-55.97522	0	32	2021-09-22T07:08:16
11.89418	-55.97559	0	32	2021-09-22T07:13:14
11.89457	-55.97595	0	32	2021-09-22T07:18:15
11.89487	-55.97638	0	32	2021-09-22T07:23:12
11.89521	-55.97681	0	32	2021-09-22T07:28:13
11.89563	-55.97720	0	32	2021-09-22T07:33:10
11.89603	-55.97754	0	32	2021-09-22T07:38:15
11.89643	-55.97787	0	32	2021-09-22T07:43:08
11.89682	-55.97815	0	32	2021-09-22T07:48:09
11.89731	-55.97845	0	32	2021-09-22T07:53:25
11.89773	-55.97873	0	32	2021-09-22T07:58:08
11.89815	-55.97903	0	32	2021-09-22T08:03:11
11.89929	-55.98004	0	32	2021-09-22T08:18:10
11.89968	-55.98030	0	32	2021-09-22T08:23:10
11.90002	-55.98056	0	32	2021-09-22T08:28:09
11.90034	-55.98090	0	32	2021-09-22T08:33:10
11.90060	-55.98119	0	32	2021-09-22T08:38:13
11.90086	-55.98145	0	32	2021-09-22T08:43:12
11.90115	-55.98181	0	32	2021-09-22T08:48:12
11.90143	-55.98218	0	32	2021-09-22T08:53:55
11.90165	-55.98242	0	32	2021-09-22T08:58:13
11.90192	-55.98270	0	32	2021-09-22T09:03:15
11.90216	-55.98306	0	32	2021-09-22T09:08:15
11.90237	-55.98337	0	32	2021-09-22T09:13:16
11.90264	-55.98370	0	32	2021-09-22T09:18:16
11.90287	-55.98404	0	32	2021-09-22T09:23:18
11.90312	-55.98428	0	32	2021-09-22T09:28:19
11.90332	-55.98453	0	32	2021-09-22T09:33:18
11.90360	-55.98477	0	32	2021-09-22T09:38:16
11.90392	-55.98506	0	32	2021-09-22T09:43:14
11.90413	-55.98523	0	32	2021-09-22T09:48:14
11.90445	-55.98544	0	32	2021-09-22T09:53:37
11.90467	-55.98560	0	32	2021-09-22T09:58:15
11.90497	-55.98575	0	32	2021-09-22T10:03:14
11.90531	-55.98593	0	32	2021-09-22T10:08:13
11.90557	-55.98608	0	32	2021-09-22T10:13:14
11.90588	-55.98633	0	32	2021-09-22T10:18:12
11.90631	-55.98698	0	32	2021-09-22T10:28:10
11.90652	-55.98732	0	32	2021-09-22T10:33:10
11.90673	-55.98758	0	32	2021-09-22T10:38:10
11.90697	-55.98795	0	32	2021-09-22T10:43:11
11.90723	-55.98831	0	32	2021-09-22T10:48:09
11.90745	-55.98870	0	32	2021-09-22T10:53:06
11.90762	-55.98904	0	32	2021-09-22T10:58:06
11.90786	-55.98951	0	32	2021-09-22T11:03:04
11.90795	-55.99002	0	32	2021-09-22T11:08:04
11.90803	-55.99054	0	32	2021-09-22T11:13:03
11.90804	-55.99100	0	32	2021-09-22T11:18:02
11.90810	-55.99149	0	32	2021-09-22T11:23:02
11.90814	-55.99191	0	32	2021-09-22T11:28:00
11.90815	-55.99222	0	32	2021-09-22T11:33:01
11.90816	-55.99261	0	32	2021-09-22T11:37:58
11.90816	-55.99301	0	32	2021-09-22T11:42:59
11.90819	-55.99337	0	32	2021-09-22T11:48:55
11.90823	-55.99380	0	32	2021-09-22T11:53:55
11.90820	-55.99411	0	32	2021-09-22T11:57:57
11.90824	-55.99457	0	32	2021-09-22T12:02:56
11.90831	-55.99502	0	32	2021-09-22T12:07:52
11.90827	-55.99536	0	32	2021-09-22T12:12:52
11.90818	-55.99570	0	32	2021-09-22T12:17:51
11.90812	-55.99612	0	32	2021-09-22T12:22:51
11.90800	-55.99658	0	32	2021-09-22T12:27:48
11.90787	-55.99698	0	32	2021-09-22T12:32:47
11.90769	-55.99744	0	32	2021-09-22T12:37:46
11.90757	-55.99771	0	32	2021-09-22T12:42:43
11.90741	-55.99808	0	32	2021-09-22T12:47:42
11.90717	-55.99854	0	32	2021-09-22T12:53:27
11.90692	-55.99884	0	32	2021-09-22T12:57:40
11.90664	-55.99915	0	32	2021-09-22T13:02:39
11.90629	-55.99945	0	32	2021-09-22T13:07:40
11.90600	-55.99973	0	32	2021-09-22T13:12:39
11.90573	-56.00003	0	32	2021-09-22T13:17:37
11.90536	-56.00046	0	32	2021-09-22T13:22:38
11.90510	-56.00058	0	32	2021-09-22T13:27:41
11.90480	-56.00089	0	32	2021-09-22T13:32:39
11.90456	-56.00114	0	32	2021-09-22T13:37:39
11.90435	-56.00140	0	32	2021-09-22T13:42:38
11.90413	-56.00168	0	32	2021-09-22T13:47:37
11.90350	-56.00241	0	32	2021-09-22T13:57:36
11.90320	-56.00267	0	32	2021-09-22T14:02:37
11.90294	-56.00284	0	32	2021-09-22T14:07:37
11.90272	-56.00311	0	32	2021-09-22T14:12:38
11.90254	-56.00336	0	32	2021-09-22T14:17:36
11.90233	-56.00357	0	32	2021-09-22T14:22:36
11.90211	-56.00385	0	32	2021-09-22T14:27:33
11.90187	-56.00412	0	32	2021-09-22T14:32:30
11.90170	-56.00446	0	32	2021-09-22T14:37:30
11.90152	-56.00473	0	32	2021-09-22T14:42:31
11.90133	-56.00506	0	32	2021-09-22T14:47:56
11.90120	-56.00540	0	32	2021-09-22T14:52:56
11.90109	-56.00580	0	32	2021-09-22T14:57:30
11.90099	-56.00620	0	32	2021-09-22T15:02:28
11.90086	-56.00662	0	32	2021-09-22T15:07:25
11.90073	-56.00705	0	32	2021-09-22T15:12:28
11.90064	-56.00754	0	32	2021-09-22T15:17:27
11.90054	-56.00793	0	32	2021-09-22T15:22:26
11.90047	-56.00848	0	32	2021-09-22T15:27:24
11.90038	-56.00903	0	32	2021-09-22T15:32:24
11.90032	-56.00958	0	32	2021-09-22T15:37:22
11.90030	-56.01027	0	32	2021-09-22T15:42:55
11.90030	-56.01078	0	32	2021-09-22T15:47:55
11.90030	-56.01129	0	32	2021-09-22T15:52:56
11.90032	-56.01169	0	32	2021-09-22T15:57:18
11.90036	-56.01218	0	32	2021-09-22T16:02:18
11.90035	-56.01269	0	32	2021-09-22T16:07:16
11.90035	-56.01312	0	32	2021-09-22T16:12:16
11.90035	-56.01355	0	32	2021-09-22T16:17:15
11.90036	-56.01404	0	32	2021-09-22T16:22:14
11.90031	-56.01456	0	32	2021-09-22T16:27:12
11.90029	-56.01508	0	32	2021-09-22T16:32:12
11.90030	-56.01563	0	32	2021-09-22T16:37:13
11.90033	-56.01617	0	32	2021-09-22T16:42:07
11.90042	-56.01669	0	32	2021-09-22T16:47:10
11.90059	-56.01730	0	32	2021-09-22T16:52:20
11.90076	-56.01773	0	32	2021-09-22T16:57:21
11.90102	-56.01816	0	32	2021-09-22T17:02:21
11.90125	-56.01859	0	32	2021-09-22T17:07:13
11.90142	-56.01895	0	32	2021-09-22T17:12:16
11.90164	-56.01932	0	32	2021-09-22T17:17:01
11.90179	-56.01971	0	32	2021-09-22T17:22:02
11.90205	-56.02008	0	32	2021-09-22T17:26:59
11.90235	-56.02050	0	32	2021-09-22T17:31:56
11.90252	-56.02084	0	32	2021-09-22T17:36:57
11.90276	-56.02124	0	32	2021-09-22T17:41:56
11.90306	-56.02164	0	32	2021-09-22T17:46:53
11.90339	-56.02212	0	32	2021-09-22T17:51:48
11.90360	-56.02246	0	32	2021-09-22T17:56:49
11.90382	-56.02289	0	32	2021-09-22T18:01:49
11.90416	-56.02332	0	32	2021-09-22T18:06:49
11.90445	-56.02374	0	32	2021-09-22T18:11:51
11.90468	-56.02423	0	32	2021-09-22T18:16:55
11.90501	-56.02477	0	32	2021-09-22T18:21:57
11.90522	-56.02528	0	32	2021-09-22T18:26:57
11.90548	-56.02588	0	32	2021-09-22T18:31:58
11.90579	-56.02646	0	32	2021-09-22T18:37:00
11.90615	-56.02707	0	32	2021-09-22T18:42:00
11.90650	-56.02762	0	32	2021-09-22T18:46:58
11.90687	-56.02832	0	32	2021-09-22T18:52:25
11.90723	-56.02902	0	32	2021-09-22T18:57:03
11.90757	-56.02981	0	32	2021-09-22T19:02:02
11.90791	-56.03049	0	32	2021-09-22T19:07:05
11.90830	-56.03110	0	32	2021-09-22T19:12:01
11.90875	-56.03178	0	32	2021-09-22T19:17:05
11.90922	-56.03229	0	32	2021-09-22T19:22:04
11.90971	-56.03287	0	32	2021-09-22T19:26:57
11.91011	-56.03345	0	32	2021-09-22T19:31:54
11.91060	-56.03397	0	32	2021-09-22T19:36:54
11.91108	-56.03452	0	32	2021-09-22T19:41:59
11.91157	-56.03506	0	32	2021-09-22T19:46:52
11.91209	-56.03558	0	32	2021-09-22T19:52:26
11.91245	-56.03601	0	32	2021-09-22T19:56:50
11.91291	-56.03653	0	32	2021-09-22T20:01:50
11.91330	-56.03696	0	32	2021-09-22T20:06:50
11.91375	-56.03735	0	32	2021-09-22T20:11:51
11.91486	-56.03826	0	32	2021-09-22T20:21:47
11.91537	-56.03860	0	32	2021-09-22T20:26:47
11.91588	-56.03894	0	32	2021-09-22T20:31:47
11.91643	-56.03943	0	32	2021-09-22T20:36:45
11.91698	-56.03986	0	32	2021-09-22T20:41:52
11.91746	-56.04025	0	32	2021-09-22T20:46:43
11.91792	-56.04068	0	32	2021-09-22T20:52:06
11.91832	-56.04102	0	32	2021-09-22T20:56:42
11.91873	-56.04138	0	32	2021-09-22T21:01:44
11.91918	-56.04172	0	32	2021-09-22T21:06:43
11.91960	-56.04208	0	32	2021-09-22T21:11:43
11.91999	-56.04248	0	32	2021-09-22T21:16:44
11.92079	-56.04320	0	32	2021-09-22T21:26:39
11.92109	-56.04354	0	32	2021-09-22T21:31:39
11.92135	-56.04388	0	32	2021-09-22T21:36:40
11.92166	-56.04425	0	32	2021-09-22T21:41:41
11.92192	-56.04474	0	32	2021-09-22T21:46:38
11.92218	-56.04522	0	32	2021-09-22T21:51:35
11.92239	-56.04565	0	32	2021-09-22T21:56:35
11.92260	-56.04599	0	32	2021-09-22T22:01:34
11.92281	-56.04642	0	32	2021-09-22T22:06:34
11.92293	-56.04672	0	32	2021-09-22T22:11:34
11.92313	-56.04700	0	32	2021-09-22T22:16:35
11.92330	-56.04721	0	32	2021-09-22T22:21:35
11.92349	-56.04759	0	32	2021-09-22T22:26:34
11.92362	-56.04793	0	32	2021-09-22T22:31:34
11.92375	-56.04810	0	32	2021-09-22T22:36:35
11.92393	-56.04843	0	32	2021-09-22T22:41:36
11.92408	-56.04877	0	32	2021-09-22T22:46:36
11.92433	-56.04917	0	32	2021-09-22T22:51:41
11.92450	-56.04926	0	32	2021-09-22T22:56:41
11.92456	-56.04962	0	32	2021-09-22T23:01:39
11.92475	-56.04982	0	32	2021-09-22T23:11:42
11.92485	-56.04990	0	32	2021-09-22T23:16:44
11.92488	-56.05008	0	32	2021-09-22T23:21:43
11.92503	-56.05026	0	32	2021-09-22T23:26:44
11.92511	-56.05045	0	32	2021-09-22T23:31:44
11.92528	-56.05106	0	32	2021-09-22T23:36:45
11.92537	-56.05121	0	32	2021-09-22T23:41:42
11.92540	-56.05133	0	32	2021-09-22T23:46:40
11.92555	-56.05154	0	32	2021-09-22T23:52:26
11.92559	-56.05167	0	32	2021-09-22T23:56:42
11.92572	-56.05188	0	32	2021-09-23T00:01:46
11.92588	-56.05220	0	32	2021-09-23T00:06:50
11.92601	-56.05237	0	32	2021-09-23T00:11:50
11.92610	-56.05261	0	32	2021-09-23T00:16:49
11.92626	-56.05286	0	32	2021-09-23T00:21:49
11.92651	-56.05304	0	32	2021-09-23T00:26:52
11.92671	-56.05322	0	32	2021-09-23T00:31:51
11.92705	-56.05331	0	32	2021-09-23T00:36:54
11.92728	-56.05347	0	32	2021-09-23T00:41:53
11.92759	-56.05353	0	32	2021-09-23T00:46:54
11.92798	-56.05371	0	32	2021-09-23T00:52:29
11.92823	-56.05380	0	32	2021-09-23T00:56:55
11.92846	-56.05383	0	32	2021-09-23T01:01:55
11.92875	-56.05396	0	32	2021-09-23T01:06:56
11.92900	-56.05405	0	32	2021-09-23T01:11:57
11.92930	-56.05414	0	32	2021-09-23T01:16:58
11.92960	-56.05423	0	32	2021-09-23T01:21:56
11.92980	-56.05443	0	32	2021-09-23T01:26:56
11.92997	-56.05460	0	32	2021-09-23T01:31:56
11.93013	-56.05487	0	32	2021-09-23T01:36:54
11.93028	-56.05515	0	32	2021-09-23T01:41:55
11.93051	-56.05536	0	32	2021-09-23T01:46:56
11.93062	-56.05557	0	32	2021-09-23T01:52:27
11.93085	-56.05600	0	32	2021-09-23T02:01:55
11.93102	-56.05626	0	32	2021-09-23T02:06:55
11.93128	-56.05652	0	32	2021-09-23T02:11:55
11.93155	-56.05692	0	32	2021-09-23T02:16:52
11.93190	-56.05740	0	32	2021-09-23T02:21:54
11.93224	-56.05774	0	32	2021-09-23T02:26:55
11.93263	-56.05823	0	32	2021-09-23T02:31:45
11.93293	-56.05866	0	32	2021-09-23T02:36:45
11.93319	-56.05917	0	32	2021-09-23T02:41:46
11.93349	-56.05970	0	32	2021-09-23T02:47:07
11.93366	-56.06021	0	32	2021-09-23T02:52:07
11.93389	-56.06073	0	32	2021-09-23T02:56:41
11.93411	-56.06131	0	32	2021-09-23T03:01:42
11.93442	-56.06186	0	32	2021-09-23T03:06:39
11.93476	-56.06238	0	32	2021-09-23T03:11:39
11.93506	-56.06284	0	32	2021-09-23T03:16:36
11.93524	-56.06335	0	32	2021-09-23T03:21:37
11.93546	-56.06384	0	32	2021-09-23T03:26:34
11.93576	-56.06435	0	32	2021-09-23T03:31:32
11.93597	-56.06469	0	32	2021-09-23T03:36:32
11.93618	-56.06512	0	32	2021-09-23T03:41:33
11.93655	-56.06558	0	32	2021-09-23T03:46:30
11.93692	-56.06601	0	32	2021-09-23T03:51:57
11.93728	-56.06644	0	32	2021-09-23T03:56:34
11.93773	-56.06689	0	32	2021-09-23T04:01:33
11.93814	-56.06723	0	32	2021-09-23T04:06:33
11.93853	-56.06763	0	32	2021-09-23T04:11:30
11.93896	-56.06789	0	32	2021-09-23T04:16:31
11.93935	-56.06815	0	32	2021-09-23T04:21:31
11.93987	-56.06851	0	32	2021-09-23T04:26:33
11.94036	-56.06884	0	32	2021-09-23T04:31:30
11.94079	-56.06918	0	32	2021-09-23T04:36:31
11.94131	-56.06955	0	32	2021-09-23T04:41:32
11.94247	-56.07028	0	32	2021-09-23T04:51:30
11.94290	-56.07054	0	32	2021-09-23T04:56:30
11.94341	-56.07080	0	32	2021-09-23T05:01:30
11.94403	-56.07114	0	32	2021-09-23T05:06:41
11.94515	-56.07159	0	32	2021-09-23T05:16:40
11.94567	-56.07187	0	32	2021-09-23T05:21:23
11.94618	-56.07208	0	32	2021-09-23T05:26:25
11.94667	-56.07236	0	32	2021-09-23T05:31:29
11.94719	-56.07254	0	32	2021-09-23T05:36:34
11.94772	-56.07272	0	32	2021-09-23T05:41:33
11.94834	-56.07291	0	32	2021-09-23T05:46:32
11.94891	-56.07318	0	32	2021-09-23T05:51:56
11.94948	-56.07336	0	32	2021-09-23T05:56:33
11.95017	-56.07352	0	32	2021-09-23T06:01:30
11.95107	-56.07370	0	32	2021-09-23T06:06:27
11.95196	-56.07397	0	32	2021-09-23T06:11:28
11.95293	-56.07428	0	32	2021-09-23T06:16:26
11.95395	-56.07457	0	32	2021-09-23T06:21:23
11.95494	-56.07483	0	32	2021-09-23T06:26:23
11.95598	-56.07507	0	32	2021-09-23T06:31:24
11.95705	-56.07516	0	32	2021-09-23T06:36:24
11.95811	-56.07533	0	32	2021-09-23T06:41:26
11.95918	-56.07550	0	32	2021-09-23T06:46:26
11.96023	-56.07574	0	32	2021-09-23T06:51:54
11.96103	-56.07599	0	32	2021-09-23T06:56:24
11.96191	-56.07640	0	32	2021-09-23T07:01:22
11.96268	-56.07666	0	32	2021-09-23T07:06:22
11.96333	-56.07690	0	32	2021-09-23T07:11:23
11.96397	-56.07712	0	32	2021-09-23T07:16:21
11.96458	-56.07730	0	32	2021-09-23T07:21:23
11.96518	-56.07742	0	32	2021-09-23T07:26:22
11.96585	-56.07755	0	32	2021-09-23T07:31:19
11.96647	-56.07764	0	32	2021-09-23T07:36:22
11.96716	-56.07782	0	32	2021-09-23T07:41:55
11.96785	-56.07782	0	32	2021-09-23T07:46:55
11.96867	-56.07782	0	32	2021-09-23T07:51:54
11.96935	-56.07779	0	32	2021-09-23T07:56:27
11.97018	-56.07767	0	32	2021-09-23T08:01:32
11.97100	-56.07758	0	32	2021-09-23T08:06:32
11.97190	-56.07745	0	32	2021-09-23T08:11:26
11.97267	-56.07736	0	32	2021-09-23T08:16:26
11.97347	-56.07727	0	32	2021-09-23T08:21:28
11.97443	-56.07715	0	32	2021-09-23T08:26:31
11.97529	-56.07706	0	32	2021-09-23T08:31:30
11.97617	-56.07693	0	32	2021-09-23T08:36:29
11.97695	-56.07678	0	32	2021-09-23T08:41:30
11.97772	-56.07666	0	32	2021-09-23T08:46:30
11.97854	-56.07651	0	32	2021-09-23T08:51:55
11.97913	-56.07639	0	32	2021-09-23T08:56:32
11.97971	-56.07626	0	32	2021-09-23T09:01:30
11.98033	-56.07626	0	32	2021-09-23T09:06:28
11.98089	-56.07617	0	32	2021-09-23T09:11:28
11.98145	-56.07617	0	32	2021-09-23T09:16:29
11.98199	-56.07617	0	32	2021-09-23T09:21:30
11.98240	-56.07611	0	32	2021-09-23T09:26:29
11.98288	-56.07605	0	32	2021-09-23T09:31:28
11.98335	-56.07605	0	32	2021-09-23T09:36:28
11.98382	-56.07593	0	32	2021-09-23T09:41:29
11.98429	-56.07584	0	32	2021-09-23T09:46:27
11.98522	-56.07574	0	32	2021-09-23T09:56:28
11.98570	-56.07568	0	32	2021-09-23T10:01:29
11.98621	-56.07562	0	32	2021-09-23T10:06:26
11.98670	-56.07547	0	32	2021-09-23T10:11:27
11.98722	-56.07538	0	32	2021-09-23T10:16:27
11.98780	-56.07526	0	32	2021-09-23T10:21:28
11.98833	-56.07516	0	32	2021-09-23T10:26:28
11.98885	-56.07498	0	32	2021-09-23T10:31:30
11.98938	-56.07498	0	32	2021-09-23T10:36:31
11.99005	-56.07498	0	32	2021-09-23T10:41:31
11.99069	-56.07498	0	32	2021-09-23T10:46:33
11.99137	-56.07480	0	32	2021-09-23T10:51:34
11.99183	-56.07477	0	32	2021-09-23T10:56:33
11.99231	-56.07471	0	32	2021-09-23T11:01:35
11.99280	-56.07477	0	32	2021-09-23T11:06:31
11.99331	-56.07486	0	32	2021-09-23T11:11:30
11.99388	-56.07503	0	32	2021-09-23T11:16:33
11.99431	-56.07520	0	32	2021-09-23T11:21:32
11.99479	-56.07526	0	32	2021-09-23T11:26:29
11.99518	-56.07532	0	32	2021-09-23T11:31:30
11.99559	-56.07541	0	32	2021-09-23T11:36:27
11.99594	-56.07547	0	32	2021-09-23T11:41:27
11.99634	-56.07562	0	32	2021-09-23T11:46:24
11.99683	-56.07590	0	32	2021-09-23T11:51:55
11.99712	-56.07605	0	32	2021-09-23T11:56:22
11.99747	-56.07612	0	32	2021-09-23T12:01:21
11.99764	-56.07629	0	32	2021-09-23T12:06:20
11.99785	-56.07651	0	32	2021-09-23T12:11:19
11.99812	-56.07671	0	32	2021-09-23T12:16:17
11.99833	-56.07697	0	32	2021-09-23T12:21:17
11.99865	-56.07721	0	32	2021-09-23T12:26:18
11.99894	-56.07742	0	32	2021-09-23T12:31:16
11.99920	-56.07764	0	32	2021-09-23T12:36:14
11.99992	-56.07813	0	32	2021-09-23T12:46:15
12.00041	-56.07840	0	32	2021-09-23T12:51:38
12.00081	-56.07855	0	32	2021-09-23T12:56:12
12.00121	-56.07867	0	32	2021-09-23T13:01:09
12.00160	-56.07883	0	32	2021-09-23T13:06:09
12.00190	-56.07892	0	32	2021-09-23T13:11:08
12.00222	-56.07901	0	32	2021-09-23T13:16:11
12.00289	-56.07920	0	32	2021-09-23T13:26:06
12.00315	-56.07929	0	32	2021-09-23T13:31:07
12.00336	-56.07938	0	32	2021-09-23T13:36:07
12.00361	-56.07950	0	32	2021-09-23T13:41:04
12.00378	-56.07965	0	32	2021-09-23T13:46:04
12.00398	-56.07974	0	32	2021-09-23T13:51:26
12.00407	-56.07993	0	32	2021-09-23T13:56:03
12.00420	-56.08002	0	32	2021-09-23T14:01:03
12.00440	-56.08020	0	32	2021-09-23T14:06:00
12.00455	-56.08026	0	32	2021-09-23T14:10:59
12.00478	-56.08029	0	32	2021-09-23T14:15:59
12.00501	-56.08035	0	32	2021-09-23T14:21:01
12.00528	-56.08047	0	32	2021-09-23T14:26:01
12.00558	-56.08047	0	32	2021-09-23T14:31:01
12.00586	-56.08060	0	32	2021-09-23T14:36:00
12.00620	-56.08060	0	32	2021-09-23T14:41:00
12.00655	-56.08063	0	32	2021-09-23T14:45:59
12.00694	-56.08069	0	32	2021-09-23T14:51:28
12.00728	-56.08075	0	32	2021-09-23T14:55:59
12.00764	-56.08078	0	32	2021-09-23T15:00:56
12.00794	-56.08078	0	32	2021-09-23T15:05:56
12.00830	-56.08081	0	32	2021-09-23T15:10:53
12.00860	-56.08084	0	32	2021-09-23T15:15:53
12.00893	-56.08084	0	32	2021-09-23T15:20:52
12.00932	-56.08084	0	32	2021-09-23T15:25:49
12.00971	-56.08084	0	32	2021-09-23T15:30:45
12.01007	-56.08084	0	32	2021-09-23T15:35:46
12.01041	-56.08072	0	32	2021-09-23T15:40:43
12.01078	-56.08069	0	32	2021-09-23T15:45:44
12.01119	-56.08063	0	32	2021-09-23T15:51:08
12.01158	-56.08047	0	32	2021-09-23T15:55:42
12.01196	-56.08038	0	32	2021-09-23T16:00:42
12.01236	-56.08029	0	32	2021-09-23T16:05:42
12.01274	-56.08011	0	32	2021-09-23T16:10:40
12.01345	-56.07983	0	32	2021-09-23T16:20:39
12.01387	-56.07968	0	32	2021-09-23T16:25:39
12.01417	-56.07968	0	32	2021-09-23T16:30:40
12.01464	-56.07947	0	32	2021-09-23T16:35:37
12.01498	-56.07947	0	32	2021-09-23T16:40:38
12.01528	-56.07941	0	32	2021-09-23T16:45:38
12.01605	-56.07925	0	32	2021-09-23T16:55:36
12.01633	-56.07919	0	32	2021-09-23T17:00:33
12.01659	-56.07910	0	32	2021-09-23T17:05:33
12.01678	-56.07907	0	32	2021-09-23T17:10:36
12.01703	-56.07907	0	32	2021-09-23T17:15:32
12.01719	-56.07889	0	32	2021-09-23T17:20:33
12.01741	-56.07880	0	32	2021-09-23T17:25:34
12.01768	-56.07867	0	32	2021-09-23T17:30:34
12.01793	-56.07858	0	32	2021-09-23T17:35:32
12.01822	-56.07849	0	32	2021-09-23T17:40:31
12.01850	-56.07840	0	32	2021-09-23T17:45:56
12.01871	-56.07831	0	32	2021-09-23T17:50:56
12.01897	-56.07831	0	32	2021-09-23T17:55:28
12.01923	-56.07831	0	32	2021-09-23T18:00:28
12.01940	-56.07831	0	32	2021-09-23T18:05:28
12.01954	-56.07831	0	32	2021-09-23T18:10:27
12.01968	-56.07834	0	32	2021-09-23T18:15:26
12.01975	-56.07837	0	32	2021-09-23T18:20:25
12.01979	-56.07840	0	32	2021-09-23T18:30:22
12.01982	-56.07840	0	32	2021-09-23T18:35:20
12.01975	-56.07840	0	32	2021-09-23T18:40:21
12.01967	-56.07837	0	32	2021-09-23T18:45:55
12.01963	-56.07846	0	32	2021-09-23T18:50:56
12.01960	-56.07846	0	32	2021-09-23T18:55:22
12.01953	-56.07846	0	32	2021-09-23T19:00:23
12.01926	-56.07855	0	32	2021-09-23T19:10:25
12.01911	-56.07864	0	32	2021-09-23T19:15:25
12.01894	-56.07864	0	32	2021-09-23T19:20:25
12.01880	-56.07874	0	32	2021-09-23T19:25:26
12.01862	-56.07883	0	32	2021-09-23T19:30:23
12.01840	-56.07889	0	32	2021-09-23T19:35:22
12.01814	-56.07889	0	32	2021-09-23T19:40:19
12.01777	-56.07895	0	32	2021-09-23T19:45:23
12.01743	-56.07895	0	32	2021-09-23T19:50:23
12.01713	-56.07895	0	32	2021-09-23T19:55:22
12.01672	-56.07895	0	32	2021-09-23T20:00:22
12.01599	-56.07895	0	32	2021-09-23T20:10:24
12.01562	-56.07895	0	32	2021-09-23T20:15:23
12.01527	-56.07895	0	32	2021-09-23T20:20:25
12.01489	-56.07898	0	32	2021-09-23T20:25:23
12.01456	-56.07889	0	32	2021-09-23T20:30:26
12.01420	-56.07886	0	32	2021-09-23T20:35:24
12.01387	-56.07874	0	32	2021-09-23T20:40:26
12.01354	-56.07864	0	32	2021-09-23T20:45:26
12.01298	-56.07829	0	32	2021-09-23T20:55:26
12.01268	-56.07822	0	32	2021-09-23T21:00:28
12.01238	-56.07794	0	32	2021-09-23T21:05:25
12.01202	-56.07773	0	32	2021-09-23T21:10:27
12.01162	-56.07745	0	32	2021-09-23T21:15:27
12.01122	-56.07721	0	32	2021-09-23T21:20:27
12.01079	-56.07697	0	32	2021-09-23T21:25:25
12.01036	-56.07672	0	32	2021-09-23T21:30:26
12.00990	-56.07649	0	32	2021-09-23T21:35:23
12.00947	-56.07632	0	32	2021-09-23T21:40:23
12.00898	-56.07605	0	32	2021-09-23T21:45:24
12.00841	-56.07578	0	32	2021-09-23T21:50:55
12.00801	-56.07556	0	32	2021-09-23T21:55:22
12.00759	-56.07535	0	32	2021-09-23T22:00:22
12.00720	-56.07526	0	32	2021-09-23T22:05:21
12.00679	-56.07513	0	32	2021-09-23T22:10:22
12.00642	-56.07510	0	32	2021-09-23T22:15:21
12.00598	-56.07513	0	32	2021-09-23T22:20:22
12.00550	-56.07526	0	32	2021-09-23T22:25:20
12.00506	-56.07541	0	32	2021-09-23T22:30:21
12.00460	-56.07565	0	32	2021-09-23T22:35:19
12.00417	-56.07582	0	32	2021-09-23T22:40:19
12.00378	-56.07599	0	32	2021-09-23T22:45:19
12.00335	-56.07629	0	32	2021-09-23T22:50:55
12.00303	-56.07654	0	32	2021-09-23T22:55:20
12.00266	-56.07696	0	32	2021-09-23T23:00:21
12.00236	-56.07730	0	32	2021-09-23T23:05:20
12.00212	-56.07773	0	32	2021-09-23T23:10:17
12.00196	-56.07816	0	32	2021-09-23T23:15:16
12.00184	-56.07852	0	32	2021-09-23T23:20:17
12.00176	-56.07904	0	32	2021-09-23T23:25:17
12.00171	-56.07944	0	32	2021-09-23T23:30:14
12.00162	-56.07990	0	32	2021-09-23T23:35:15
12.00148	-56.08041	0	32	2021-09-23T23:40:13
12.00137	-56.08091	0	32	2021-09-23T23:45:40
12.00133	-56.08151	0	32	2021-09-23T23:50:39
12.00128	-56.08206	0	32	2021-09-23T23:55:11
12.00107	-56.08295	0	32	2021-09-24T00:01:57
12.00098	-56.08401	0	32	2021-09-24T00:10:12
12.00097	-56.08472	0	32	2021-09-24T00:15:11
12.00094	-56.08549	0	32	2021-09-24T00:20:11
12.00094	-56.08618	0	32	2021-09-24T00:25:10
12.00090	-56.08688	0	32	2021-09-24T00:30:13
12.00085	-56.08755	0	32	2021-09-24T00:35:11
12.00086	-56.08829	0	32	2021-09-24T00:40:12
12.00088	-56.08902	0	32	2021-09-24T00:45:09
12.00086	-56.08984	0	32	2021-09-24T00:50:36
12.00091	-56.09055	0	32	2021-09-24T00:55:12
12.00100	-56.09134	0	32	2021-09-24T01:00:12
12.00107	-56.09218	0	32	2021-09-24T01:05:09
12.00111	-56.09295	0	32	2021-09-24T01:10:10
12.00111	-56.09381	0	32	2021-09-24T01:15:10
12.00103	-56.09464	0	32	2021-09-24T01:20:11
12.00095	-56.09551	0	32	2021-09-24T01:25:07
12.00094	-56.09625	0	32	2021-09-24T01:30:10
12.00087	-56.09705	0	32	2021-09-24T01:35:06
12.00086	-56.09778	0	32	2021-09-24T01:40:11
12.00080	-56.09857	0	32	2021-09-24T01:45:12
12.00073	-56.09943	0	32	2021-09-24T01:50:25
12.00071	-56.10027	0	32	2021-09-24T01:55:13
12.00073	-56.10107	0	32	2021-09-24T02:00:11
12.00075	-56.10190	0	32	2021-09-24T02:05:12
12.00070	-56.10275	0	32	2021-09-24T02:10:11
12.00073	-56.10361	0	32	2021-09-24T02:15:09
12.00075	-56.10449	0	32	2021-09-24T02:20:09
12.00080	-56.10541	0	32	2021-09-24T02:25:07
12.00085	-56.10638	0	32	2021-09-24T02:30:07
12.00090	-56.10756	0	32	2021-09-24T02:35:01
12.00094	-56.10859	0	32	2021-09-24T02:40:01
12.00103	-56.10962	0	32	2021-09-24T02:45:00
12.00118	-56.11066	0	32	2021-09-24T02:50:27
12.00136	-56.11157	0	32	2021-09-24T02:55:01
12.00153	-56.11243	0	32	2021-09-24T03:00:01
12.00173	-56.11328	0	32	2021-09-24T03:04:58
12.00188	-56.11423	0	32	2021-09-24T03:09:56
12.00208	-56.11514	0	32	2021-09-24T03:14:53
12.00246	-56.11597	0	32	2021-09-24T03:19:53
12.00278	-56.11682	0	32	2021-09-24T03:24:50
12.00324	-56.11755	0	32	2021-09-24T03:29:52
12.00378	-56.11823	0	32	2021-09-24T03:34:55
12.00419	-56.11905	0	32	2021-09-24T03:39:53
12.00458	-56.11996	0	32	2021-09-24T03:44:56
12.00482	-56.12100	0	32	2021-09-24T03:50:25
12.00510	-56.12180	0	32	2021-09-24T03:54:56
12.00531	-56.12265	0	32	2021-09-24T03:59:55
12.00559	-56.12363	0	32	2021-09-24T04:04:56
12.00581	-56.12451	0	32	2021-09-24T04:09:54
12.00611	-56.12548	0	32	2021-09-24T04:14:55
12.00632	-56.12634	0	32	2021-09-24T04:19:56
12.00656	-56.12720	0	32	2021-09-24T04:24:50
12.00677	-56.12814	0	32	2021-09-24T04:29:50
12.00705	-56.12906	0	32	2021-09-24T04:34:51
12.00738	-56.12997	0	32	2021-09-24T04:39:48
12.00772	-56.13083	0	32	2021-09-24T04:44:48
12.00805	-56.13160	0	32	2021-09-24T04:49:46
12.00835	-56.13220	0	32	2021-09-24T04:54:46
12.00864	-56.13292	0	32	2021-09-24T04:59:44
12.00890	-56.13361	0	32	2021-09-24T05:04:44
12.00917	-56.13431	0	32	2021-09-24T05:09:42
12.00942	-56.13501	0	32	2021-09-24T05:14:42
12.00965	-56.13574	0	32	2021-09-24T05:19:43
12.00982	-56.13651	0	32	2021-09-24T05:24:44
12.01005	-56.13724	0	32	2021-09-24T05:29:45
12.01031	-56.13800	0	32	2021-09-24T05:34:42
12.01052	-56.13879	0	32	2021-09-24T05:39:43
12.01072	-56.13962	0	32	2021-09-24T05:44:40
12.01094	-56.14056	0	32	2021-09-24T05:49:56
12.01111	-56.14133	0	32	2021-09-24T05:54:36
12.01134	-56.14221	0	32	2021-09-24T05:59:37
12.01157	-56.14315	0	32	2021-09-24T06:04:35
12.01170	-56.14401	0	32	2021-09-24T06:09:36
12.01193	-56.14496	0	32	2021-09-24T06:14:37
12.01226	-56.14584	0	32	2021-09-24T06:19:38
12.01266	-56.14673	0	32	2021-09-24T06:24:38
12.01305	-56.14761	0	32	2021-09-24T06:29:36
12.01348	-56.14850	0	32	2021-09-24T06:34:37
12.01388	-56.14929	0	32	2021-09-24T06:39:34
12.01438	-56.15009	0	32	2021-09-24T06:44:35
12.01488	-56.15091	0	32	2021-09-24T06:49:54
12.01525	-56.15167	0	32	2021-09-24T06:54:36
12.01560	-56.15237	0	32	2021-09-24T06:59:33
12.01595	-56.15308	0	32	2021-09-24T07:04:34
12.01618	-56.15381	0	32	2021-09-24T07:09:32
12.01638	-56.15458	0	32	2021-09-24T07:14:32
12.01659	-56.15527	0	32	2021-09-24T07:19:32
12.01675	-56.15598	0	32	2021-09-24T07:24:30
12.01697	-56.15665	0	32	2021-09-24T07:29:34
12.01721	-56.15738	0	32	2021-09-24T07:34:31
12.01739	-56.15820	0	32	2021-09-24T07:39:32
12.01751	-56.15903	0	32	2021-09-24T07:44:29
12.01776	-56.15989	0	32	2021-09-24T07:49:26
12.01785	-56.16049	0	32	2021-09-24T07:54:27
12.01802	-56.16092	0	32	2021-09-24T07:59:27
12.01818	-56.16144	0	32	2021-09-24T08:04:28
12.01839	-56.16198	0	32	2021-09-24T08:09:23
12.01852	-56.16241	0	32	2021-09-24T08:14:23
12.01871	-56.16281	0	32	2021-09-24T08:19:23
12.01888	-56.16315	0	32	2021-09-24T08:24:23
12.01902	-56.16351	0	32	2021-09-24T08:29:24
12.01918	-56.16385	0	32	2021-09-24T08:34:23
12.01933	-56.16428	0	32	2021-09-24T08:39:23
12.01952	-56.16476	0	32	2021-09-24T08:44:21
12.01986	-56.16541	0	32	2021-09-24T08:49:56
12.02005	-56.16589	0	32	2021-09-24T08:54:22
12.02045	-56.16641	0	32	2021-09-24T08:59:23
12.02089	-56.16699	0	32	2021-09-24T09:04:22
12.02141	-56.16769	0	32	2021-09-24T09:09:23
12.02276	-56.16963	0	32	2021-09-24T09:19:22
12.02336	-56.17057	0	32	2021-09-24T09:24:22
12.02387	-56.17160	0	32	2021-09-24T09:29:21
12.02450	-56.17271	0	32	2021-09-24T09:34:18
12.02509	-56.17358	0	32	2021-09-24T09:39:22
12.02574	-56.17459	0	32	2021-09-24T09:44:19
12.02653	-56.17560	0	32	2021-09-24T09:49:57
12.02820	-56.17754	0	32	2021-09-24T09:59:20
12.02897	-56.17840	0	32	2021-09-24T10:04:19
12.02961	-56.17917	0	32	2021-09-24T10:09:19
12.03037	-56.17999	0	32	2021-09-24T10:14:17
12.03109	-56.18091	0	32	2021-09-24T10:19:20
12.03177	-56.18176	0	32	2021-09-24T10:24:19
12.03250	-56.18259	0	32	2021-09-24T10:29:23
12.03327	-56.18335	0	32	2021-09-24T10:34:23
12.03419	-56.18419	0	32	2021-09-24T10:39:25
12.03501	-56.18488	0	32	2021-09-24T10:44:25
12.03592	-56.18591	0	32	2021-09-24T10:49:56
12.03681	-56.18665	0	32	2021-09-24T10:54:31
12.03784	-56.18750	0	32	2021-09-24T10:59:32
12.03886	-56.18823	0	32	2021-09-24T11:04:29
12.03993	-56.18896	0	32	2021-09-24T11:09:32
12.04103	-56.18964	0	32	2021-09-24T11:14:31
12.04216	-56.19046	0	32	2021-09-24T11:19:34
12.04322	-56.19111	0	32	2021-09-24T11:24:33
12.04434	-56.19180	0	32	2021-09-24T11:29:33
12.04540	-56.19223	0	32	2021-09-24T11:34:31
12.04647	-56.19269	0	32	2021-09-24T11:39:35
12.04753	-56.19321	0	32	2021-09-24T11:44:35
12.04865	-56.19376	0	32	2021-09-24T11:49:33
12.04959	-56.19427	0	32	2021-09-24T11:54:34
12.05079	-56.19452	0	32	2021-09-24T11:59:31
12.05195	-56.19515	0	32	2021-09-24T12:04:28
12.05311	-56.19558	0	32	2021-09-24T12:09:28
12.05431	-56.19601	0	32	2021-09-24T12:14:29
12.05554	-56.19641	0	32	2021-09-24T12:19:26
12.05677	-56.19681	0	32	2021-09-24T12:24:23
12.05799	-56.19729	0	32	2021-09-24T12:29:24
12.05919	-56.19772	0	32	2021-09-24T12:34:24
12.06047	-56.19809	0	32	2021-09-24T12:39:21
12.06172	-56.19849	0	32	2021-09-24T12:44:22
12.06308	-56.19913	0	32	2021-09-24T12:49:54
12.06416	-56.19947	0	32	2021-09-24T12:54:16
12.06542	-56.19974	0	32	2021-09-24T12:59:17
12.06674	-56.20007	0	32	2021-09-24T13:04:15
12.06798	-56.20044	0	32	2021-09-24T13:09:18
12.06921	-56.20087	0	32	2021-09-24T13:14:17
12.07043	-56.20117	0	32	2021-09-24T13:19:18
12.07165	-56.20150	0	32	2021-09-24T13:24:21
12.07277	-56.20184	0	32	2021-09-24T13:29:20
12.07394	-56.20213	0	32	2021-09-24T13:34:20
12.07514	-56.20239	0	32	2021-09-24T13:39:20
12.07617	-56.20270	0	32	2021-09-24T13:44:18
12.07745	-56.20291	0	32	2021-09-24T13:49:56
12.07846	-56.20306	0	32	2021-09-24T13:54:18
12.07959	-56.20323	0	32	2021-09-24T13:59:19
12.08066	-56.20332	0	32	2021-09-24T14:04:18
12.08169	-56.20349	0	32	2021-09-24T14:09:18
12.08271	-56.20364	0	32	2021-09-24T14:14:18
12.08374	-56.20377	0	32	2021-09-24T14:19:19
12.08472	-56.20386	0	32	2021-09-24T14:24:21
12.08566	-56.20401	0	32	2021-09-24T14:29:21
12.08656	-56.20410	0	32	2021-09-24T14:34:21
12.08742	-56.20435	0	32	2021-09-24T14:39:16
12.08835	-56.20465	0	32	2021-09-24T14:44:17
12.08942	-56.20502	0	32	2021-09-24T14:49:58
12.09021	-56.20532	0	32	2021-09-24T14:54:21
12.09110	-56.20569	0	32	2021-09-24T14:59:19
12.09200	-56.20596	0	32	2021-09-24T15:04:16
12.09376	-56.20664	0	32	2021-09-24T15:14:16
12.09453	-56.20690	0	32	2021-09-24T15:19:15
12.09526	-56.20724	0	32	2021-09-24T15:24:16
12.09599	-56.20761	0	32	2021-09-24T15:29:17
12.09674	-56.20804	0	32	2021-09-24T15:34:14
12.09758	-56.20846	0	32	2021-09-24T15:39:37
12.09835	-56.20880	0	32	2021-09-24T15:44:14
12.09917	-56.20923	0	32	2021-09-24T15:49:36
12.09990	-56.20959	0	32	2021-09-24T15:54:17
12.10067	-56.20999	0	32	2021-09-24T15:59:17
12.10144	-56.21042	0	32	2021-09-24T16:04:17
12.10225	-56.21082	0	32	2021-09-24T16:09:16
12.10308	-56.21124	0	32	2021-09-24T16:14:13
12.10401	-56.21172	0	32	2021-09-24T16:19:12
12.10487	-56.21215	0	32	2021-09-24T16:24:11
12.10573	-56.21249	0	32	2021-09-24T16:29:11
12.10659	-56.21295	0	32	2021-09-24T16:34:13
12.10754	-56.21353	0	32	2021-09-24T16:39:13
12.10831	-56.21387	0	32	2021-09-24T16:44:14
12.10921	-56.21432	0	32	2021-09-24T16:49:38
12.11000	-56.21469	0	32	2021-09-24T16:54:12
12.11088	-56.21521	0	32	2021-09-24T16:59:13
12.11182	-56.21571	0	32	2021-09-24T17:04:13
12.11268	-56.21622	0	32	2021-09-24T17:09:13
12.11355	-56.21677	0	32	2021-09-24T17:14:11
12.11443	-56.21731	0	32	2021-09-24T17:19:09
12.11529	-56.21774	0	32	2021-09-24T17:24:09
12.11620	-56.21823	0	32	2021-09-24T17:29:11
12.11710	-56.21878	0	32	2021-09-24T17:34:11
12.11796	-56.21921	0	32	2021-09-24T17:39:11
12.11875	-56.21960	0	32	2021-09-24T17:44:09
12.11954	-56.21997	0	32	2021-09-24T17:49:28
12.12026	-56.22025	0	32	2021-09-24T17:54:07
12.12097	-56.22067	0	32	2021-09-24T17:59:06
12.12170	-56.22112	0	32	2021-09-24T18:04:08
12.12239	-56.22146	0	32	2021-09-24T18:09:09
12.12308	-56.22180	0	32	2021-09-24T18:14:09
12.12377	-56.22208	0	32	2021-09-24T18:19:07
12.12442	-56.22229	0	32	2021-09-24T18:24:08
12.12515	-56.22250	0	32	2021-09-24T18:29:06
12.12585	-56.22278	0	32	2021-09-24T18:34:08
12.12652	-56.22310	0	32	2021-09-24T18:39:07
12.12716	-56.22336	0	32	2021-09-24T18:44:07
12.12770	-56.22366	0	32	2021-09-24T18:49:27
12.12829	-56.22382	0	32	2021-09-24T18:54:08
12.12881	-56.22394	0	32	2021-09-24T18:59:03
12.12938	-56.22400	0	32	2021-09-24T19:04:00
12.12985	-56.22409	0	32	2021-09-24T19:09:00
12.13033	-56.22415	0	32	2021-09-24T19:14:01
12.13077	-56.22418	0	32	2021-09-24T19:18:58
12.13123	-56.22427	0	32	2021-09-24T19:23:55
12.13164	-56.22437	0	32	2021-09-24T19:28:56
12.13203	-56.22446	0	32	2021-09-24T19:33:59
12.13241	-56.22461	0	32	2021-09-24T19:38:58
12.13366	-56.22480	0	32	2021-09-24T19:54:04
12.13393	-56.22482	0	32	2021-09-24T19:59:01
12.13426	-56.22498	0	32	2021-09-24T20:04:05
12.13460	-56.22513	0	32	2021-09-24T20:09:04
12.13486	-56.22522	0	32	2021-09-24T20:14:04
12.13502	-56.22525	0	32	2021-09-24T20:19:07
12.13517	-56.22534	0	32	2021-09-24T20:24:02
12.13530	-56.22534	0	32	2021-09-24T20:29:02
12.13539	-56.22546	0	32	2021-09-24T20:34:03
12.13552	-56.22549	0	32	2021-09-24T20:39:03
12.13558	-56.22562	0	32	2021-09-24T20:44:04
12.13567	-56.22615	0	32	2021-09-24T20:58:56
12.13567	-56.22624	0	32	2021-09-24T21:03:57
12.13567	-56.22641	0	32	2021-09-24T21:08:57
12.13573	-56.22653	0	32	2021-09-24T21:13:58
12.13570	-56.22672	0	32	2021-09-24T21:18:56
12.13577	-56.22684	0	32	2021-09-24T21:23:56
12.13568	-56.22702	0	32	2021-09-24T21:28:54
12.13569	-56.22717	0	32	2021-09-24T21:33:53
12.13579	-56.22736	0	32	2021-09-24T21:38:56
12.13579	-56.22757	0	32	2021-09-24T21:43:53
12.13572	-56.22781	0	32	2021-09-24T21:49:24
12.13574	-56.22806	0	32	2021-09-24T21:53:50
12.13581	-56.22827	0	32	2021-09-24T21:58:47
12.13590	-56.22864	0	32	2021-09-24T22:03:45
12.13603	-56.22885	0	32	2021-09-24T22:08:45
12.13612	-56.22916	0	32	2021-09-24T22:13:46
12.13623	-56.22940	0	32	2021-09-24T22:18:43
12.13628	-56.22972	0	32	2021-09-24T22:23:44
12.13628	-56.22989	0	32	2021-09-24T22:28:44
12.13633	-56.23016	0	32	2021-09-24T22:33:41
12.13646	-56.23059	0	32	2021-09-24T22:38:41
12.13655	-56.23093	0	32	2021-09-24T22:43:40
12.13674	-56.23120	0	32	2021-09-24T22:48:56
12.13688	-56.23154	0	32	2021-09-24T22:53:40
12.13704	-56.23187	0	32	2021-09-24T22:58:38
12.13729	-56.23254	0	32	2021-09-24T23:08:38
12.13736	-56.23288	0	32	2021-09-24T23:13:36
12.13766	-56.23331	0	32	2021-09-24T23:18:36
12.13773	-56.23355	0	32	2021-09-24T23:23:38
12.13775	-56.23395	0	32	2021-09-24T23:28:35
12.13785	-56.23425	0	32	2021-09-24T23:33:36
12.13796	-56.23450	0	32	2021-09-24T23:38:34
12.13814	-56.23474	0	32	2021-09-24T23:43:35
12.13830	-56.23492	0	32	2021-09-24T23:48:58
12.13833	-56.23517	0	32	2021-09-24T23:53:36
12.13836	-56.23535	0	32	2021-09-24T23:58:37
12.13852	-56.23550	0	32	2021-09-25T00:03:40
12.13861	-56.23581	0	32	2021-09-25T00:08:39
12.13863	-56.23605	0	32	2021-09-25T00:13:40
12.13881	-56.23624	0	32	2021-09-25T00:18:40
12.13895	-56.23642	0	32	2021-09-25T00:23:38
12.13904	-56.23666	0	32	2021-09-25T00:28:42
12.13914	-56.23688	0	32	2021-09-25T00:33:39
12.13925	-56.23709	0	32	2021-09-25T00:38:43
12.13938	-56.23734	0	32	2021-09-25T00:43:41
12.13957	-56.23765	0	32	2021-09-25T00:48:44
12.13970	-56.23782	0	32	2021-09-25T00:53:43
12.13985	-56.23807	0	32	2021-09-25T00:58:39
12.14000	-56.23834	0	32	2021-09-25T01:03:36
12.14016	-56.23862	0	32	2021-09-25T01:08:37
12.14041	-56.23886	0	32	2021-09-25T01:13:34
12.14068	-56.23907	0	32	2021-09-25T01:18:35
12.14102	-56.23939	0	32	2021-09-25T01:23:35
12.14136	-56.23956	0	32	2021-09-25T01:28:35
12.14180	-56.23993	0	32	2021-09-25T01:33:28
12.14223	-56.24019	0	32	2021-09-25T01:38:27
12.14266	-56.24045	0	32	2021-09-25T01:43:28
12.14312	-56.24072	0	32	2021-09-25T01:48:56
12.14352	-56.24104	0	32	2021-09-25T01:53:33
12.14395	-56.24130	0	32	2021-09-25T01:58:33
12.14436	-56.24164	0	32	2021-09-25T02:03:30
12.14479	-56.24190	0	32	2021-09-25T02:08:29
12.14509	-56.24216	0	32	2021-09-25T02:13:29
12.14549	-56.24249	0	32	2021-09-25T02:18:29
12.14588	-56.24271	0	32	2021-09-25T02:23:30
12.14620	-56.24298	0	32	2021-09-25T02:28:31
12.14655	-56.24338	0	32	2021-09-25T02:33:28
12.14681	-56.24364	0	32	2021-09-25T02:38:28
12.14702	-56.24390	0	32	2021-09-25T02:43:27
12.14721	-56.24420	0	32	2021-09-25T02:48:55
12.14727	-56.24454	0	32	2021-09-25T02:53:29
12.14731	-56.24490	0	32	2021-09-25T02:58:26
12.14744	-56.24576	0	32	2021-09-25T03:08:23
12.14737	-56.24606	0	32	2021-09-25T03:13:22
12.14737	-56.24649	0	32	2021-09-25T03:18:21
12.14727	-56.24686	0	32	2021-09-25T03:23:18
12.14725	-56.24713	0	32	2021-09-25T03:28:19
12.14720	-56.24756	0	32	2021-09-25T03:33:22
12.14697	-56.24771	0	32	2021-09-25T03:38:20
12.14672	-56.24792	0	32	2021-09-25T03:43:57
12.14633	-56.24792	0	32	2021-09-25T03:48:57
12.14609	-56.24808	0	32	2021-09-25T03:53:20
12.14580	-56.24829	0	32	2021-09-25T03:58:17
12.14558	-56.24854	0	32	2021-09-25T04:03:16
12.14525	-56.24866	0	32	2021-09-25T04:08:14
12.14491	-56.24875	0	32	2021-09-25T04:13:12
12.14459	-56.24890	0	32	2021-09-25T04:18:12
12.14416	-56.24912	0	32	2021-09-25T04:23:08
12.14377	-56.24915	0	32	2021-09-25T04:28:10
12.14339	-56.24921	0	32	2021-09-25T04:33:07
12.14298	-56.24927	0	32	2021-09-25T04:38:08
12.14260	-56.24927	0	32	2021-09-25T04:43:08
12.14211	-56.24924	0	32	2021-09-25T04:48:27
12.14168	-56.24921	0	32	2021-09-25T04:53:06
12.14119	-56.24927	0	32	2021-09-25T04:58:03
12.14071	-56.24927	0	32	2021-09-25T05:03:01
12.14024	-56.24933	0	32	2021-09-25T05:08:05
12.13973	-56.24933	0	32	2021-09-25T05:13:05
12.13926	-56.24939	0	32	2021-09-25T05:18:03
12.13872	-56.24942	0	32	2021-09-25T05:23:02
12.13809	-56.24945	0	32	2021-09-25T05:28:03
12.13738	-56.24957	0	32	2021-09-25T05:33:02
12.13674	-56.24957	0	32	2021-09-25T05:38:02
12.13599	-56.24966	0	32	2021-09-25T05:43:00
12.13530	-56.24979	0	32	2021-09-25T05:48:26
12.13468	-56.24997	0	32	2021-09-25T05:53:01
12.13397	-56.25018	0	32	2021-09-25T05:58:02
12.13325	-56.25046	0	32	2021-09-25T06:03:03
12.13260	-56.25082	0	32	2021-09-25T06:08:00
12.13194	-56.25119	0	32	2021-09-25T06:12:57
12.13132	-56.25159	0	32	2021-09-25T06:17:57
12.13071	-56.25198	0	32	2021-09-25T06:22:54
12.13013	-56.25235	0	32	2021-09-25T06:27:51
12.12943	-56.25286	0	32	2021-09-25T06:32:49
12.12883	-56.25329	0	32	2021-09-25T06:37:49
12.12823	-56.25372	0	32	2021-09-25T06:42:49
12.12748	-56.25424	0	32	2021-09-25T06:48:25
12.12694	-56.25458	0	32	2021-09-25T06:52:45
12.12627	-56.25504	0	32	2021-09-25T06:57:45
12.12556	-56.25546	0	32	2021-09-25T07:02:46
12.12493	-56.25589	0	32	2021-09-25T07:07:40
12.12427	-56.25653	0	32	2021-09-25T07:12:41
12.12357	-56.25690	0	32	2021-09-25T07:17:47
12.12289	-56.25739	0	32	2021-09-25T07:22:42
12.12217	-56.25778	0	32	2021-09-25T07:27:39
12.12137	-56.25818	0	32	2021-09-25T07:32:36
12.12055	-56.25864	0	32	2021-09-25T07:37:37
12.11982	-56.25925	0	32	2021-09-25T07:42:34
12.11906	-56.25986	0	32	2021-09-25T07:48:00
12.11840	-56.26045	0	32	2021-09-25T07:52:35
12.11767	-56.26096	0	32	2021-09-25T07:57:36
12.11698	-56.26147	0	32	2021-09-25T08:02:36
12.11632	-56.26202	0	32	2021-09-25T08:07:34
12.11570	-56.26254	0	32	2021-09-25T08:12:31
12.11504	-56.26306	0	32	2021-09-25T08:17:34
12.11438	-56.26356	0	32	2021-09-25T08:22:33
12.11378	-56.26407	0	32	2021-09-25T08:27:34
12.11322	-56.26456	0	32	2021-09-25T08:32:31
12.11231	-56.26566	0	32	2021-09-25T08:42:35
12.11191	-56.26624	0	32	2021-09-25T08:47:55
12.11152	-56.26678	0	32	2021-09-25T08:52:35
12.11114	-56.26740	0	32	2021-09-25T08:57:35
12.11082	-56.26802	0	32	2021-09-25T09:02:36
12.11043	-56.26862	0	32	2021-09-25T09:07:37
12.11016	-56.26935	0	32	2021-09-25T09:12:36
12.10987	-56.27014	0	32	2021-09-25T09:17:38
12.10958	-56.27105	0	32	2021-09-25T09:22:38
12.10930	-56.27185	0	32	2021-09-25T09:27:39
12.10894	-56.27277	0	32	2021-09-25T09:32:37
12.10863	-56.27371	0	32	2021-09-25T09:37:40
12.10832	-56.27466	0	32	2021-09-25T09:42:45
12.10804	-56.27545	0	32	2021-09-25T09:47:55
12.10778	-56.27634	0	32	2021-09-25T09:52:41
12.10752	-56.27731	0	32	2021-09-25T09:57:40
12.10732	-56.27843	0	32	2021-09-25T10:02:37
12.10728	-56.27937	0	32	2021-09-25T10:07:36
12.10719	-56.28040	0	32	2021-09-25T10:12:36
12.10716	-56.28137	0	32	2021-09-25T10:17:37
12.10704	-56.28229	0	32	2021-09-25T10:22:35
12.10698	-56.28317	0	32	2021-09-25T10:27:36
12.10691	-56.28406	0	32	2021-09-25T10:32:36
12.10688	-56.28485	0	32	2021-09-25T10:37:33
12.10678	-56.28575	0	32	2021-09-25T10:42:33
12.10674	-56.28678	0	32	2021-09-25T10:47:33
12.10670	-56.28772	0	32	2021-09-25T10:52:32
12.10668	-56.28873	0	32	2021-09-25T10:57:31
12.10667	-56.28970	0	32	2021-09-25T11:02:33
12.10664	-56.29065	0	32	2021-09-25T11:07:30
12.10655	-56.29163	0	32	2021-09-25T11:12:31
12.10651	-56.29257	0	32	2021-09-25T11:17:31
12.10643	-56.29355	0	32	2021-09-25T11:22:32
12.10640	-56.29456	0	32	2021-09-25T11:27:33
12.10637	-56.29551	0	32	2021-09-25T11:32:31
12.10637	-56.29645	0	32	2021-09-25T11:37:31
12.10637	-56.29739	0	32	2021-09-25T11:42:29
12.10645	-56.29831	0	32	2021-09-25T11:47:56
12.10657	-56.29926	0	32	2021-09-25T11:52:30
12.10671	-56.30020	0	32	2021-09-25T11:57:31
12.10691	-56.30112	0	32	2021-09-25T12:02:32
12.10706	-56.30206	0	32	2021-09-25T12:07:26
12.10749	-56.30383	0	32	2021-09-25T12:17:29
12.10761	-56.30469	0	32	2021-09-25T12:22:27
12.10767	-56.30548	0	32	2021-09-25T12:27:24
12.10779	-56.30627	0	32	2021-09-25T12:32:26
12.10800	-56.30706	0	32	2021-09-25T12:37:29
12.10821	-56.30783	0	32	2021-09-25T12:42:28
12.10857	-56.30872	0	32	2021-09-25T12:47:58
12.10926	-56.31017	0	32	2021-09-25T12:57:26
12.10965	-56.31094	0	32	2021-09-25T13:02:27
12.11004	-56.31180	0	32	2021-09-25T13:07:27
12.11051	-56.31259	0	32	2021-09-25T13:12:25
12.11104	-56.31342	0	32	2021-09-25T13:17:24
12.11163	-56.31424	0	32	2021-09-25T13:22:25
12.11217	-56.31509	0	32	2021-09-25T13:27:23
12.11276	-56.31603	0	32	2021-09-25T13:32:21
12.11332	-56.31689	0	32	2021-09-25T13:37:21
12.11388	-56.31775	0	32	2021-09-25T13:42:22
12.11447	-56.31885	0	32	2021-09-25T13:47:56
12.11502	-56.31971	0	32	2021-09-25T13:52:16
12.11558	-56.32065	0	32	2021-09-25T13:57:17
12.11616	-56.32159	0	32	2021-09-25T14:02:18
12.11674	-56.32256	0	32	2021-09-25T14:07:14
12.11743	-56.32333	0	32	2021-09-25T14:12:14
12.11809	-56.32422	0	32	2021-09-25T14:17:11
12.11874	-56.32516	0	32	2021-09-25T14:22:09
12.11938	-56.32614	0	32	2021-09-25T14:27:09
12.12061	-56.32791	0	32	2021-09-25T14:37:07
12.12127	-56.32883	0	32	2021-09-25T14:42:36
12.12187	-56.32977	0	32	2021-09-25T14:47:36
12.12240	-56.33060	0	32	2021-09-25T14:52:07
12.12295	-56.33157	0	32	2021-09-25T14:57:04
12.12357	-56.33252	0	32	2021-09-25T15:02:05
12.12421	-56.33344	0	32	2021-09-25T15:07:03
12.12486	-56.33439	0	32	2021-09-25T15:12:06
12.12546	-56.33533	0	32	2021-09-25T15:17:06
12.12604	-56.33624	0	32	2021-09-25T15:22:04
12.12672	-56.33718	0	32	2021-09-25T15:27:02
12.12719	-56.33804	0	32	2021-09-25T15:32:02
12.12772	-56.33896	0	32	2021-09-25T15:37:04
12.12900	-56.34095	0	32	2021-09-25T15:47:05
12.12953	-56.34161	0	32	2021-09-25T15:52:06
12.13016	-56.34250	0	32	2021-09-25T15:57:05
12.13079	-56.34341	0	32	2021-09-25T16:02:07
12.13145	-56.34442	0	32	2021-09-25T16:07:07
12.13215	-56.34537	0	32	2021-09-25T16:12:09
12.13280	-56.34654	0	32	2021-09-25T16:17:10
12.13340	-56.34748	0	32	2021-09-25T16:22:10
12.13400	-56.34842	0	32	2021-09-25T16:27:09
12.13463	-56.34943	0	32	2021-09-25T16:32:12
12.13519	-56.35037	0	32	2021-09-25T16:37:12
12.13572	-56.35141	0	32	2021-09-25T16:42:14
12.13630	-56.35253	0	32	2021-09-25T16:47:12
12.13681	-56.35339	0	32	2021-09-25T16:52:12
12.13736	-56.35437	0	32	2021-09-25T16:57:14
12.13785	-56.35535	0	32	2021-09-25T17:02:13
12.13839	-56.35626	0	32	2021-09-25T17:07:11
12.13900	-56.35715	0	32	2021-09-25T17:12:12
12.13955	-56.35803	0	32	2021-09-25T17:17:09
12.14014	-56.35892	0	32	2021-09-25T17:22:10
12.14069	-56.35989	0	32	2021-09-25T17:27:07
12.14112	-56.36075	0	32	2021-09-25T17:32:08
12.14164	-56.36157	0	32	2021-09-25T17:37:05
12.14215	-56.36240	0	32	2021-09-25T17:42:05
12.14270	-56.36325	0	32	2021-09-25T17:47:26
12.14313	-56.36395	0	32	2021-09-25T17:52:03
12.14360	-56.36469	0	32	2021-09-25T17:57:04
12.14415	-56.36543	0	32	2021-09-25T18:02:05
12.14466	-56.36612	0	32	2021-09-25T18:07:06
12.14522	-56.36682	0	32	2021-09-25T18:12:05
12.14578	-56.36759	0	32	2021-09-25T18:17:08
12.14625	-56.36819	0	32	2021-09-25T18:22:08
12.14672	-56.36880	0	32	2021-09-25T18:27:06
12.14716	-56.36929	0	32	2021-09-25T18:32:06
12.14763	-56.36995	0	32	2021-09-25T18:37:27
12.14797	-56.37046	0	32	2021-09-25T18:42:27
12.14831	-56.37106	0	32	2021-09-25T18:47:28
12.14873	-56.37161	0	32	2021-09-25T18:52:08
12.14912	-56.37223	0	32	2021-09-25T18:57:07
12.14955	-56.37283	0	32	2021-09-25T19:02:07
12.14992	-56.37344	0	32	2021-09-25T19:07:08
12.15028	-56.37399	0	32	2021-09-25T19:12:09
12.15069	-56.37458	0	32	2021-09-25T19:17:06
12.15090	-56.37509	0	32	2021-09-25T19:22:06
12.15115	-56.37561	0	32	2021-09-25T19:27:07
12.15123	-56.37619	0	32	2021-09-25T19:32:04
12.15125	-56.37671	0	32	2021-09-25T19:37:05
12.15124	-56.37729	0	32	2021-09-25T19:42:01
12.15129	-56.37784	0	32	2021-09-25T19:47:00
12.15129	-56.37827	0	32	2021-09-25T19:52:01
12.15130	-56.37875	0	32	2021-09-25T19:56:58
12.15132	-56.37921	0	32	2021-09-25T20:01:58
12.15137	-56.37958	0	32	2021-09-25T20:06:56
12.15149	-56.38000	0	32	2021-09-25T20:11:56
12.15163	-56.38049	0	32	2021-09-25T20:16:57
12.15179	-56.38101	0	32	2021-09-25T20:21:51
12.15196	-56.38159	0	32	2021-09-25T20:26:52
12.15210	-56.38217	0	32	2021-09-25T20:31:49
12.15223	-56.38278	0	32	2021-09-25T20:36:49
12.15385	-56.38582	0	32	2021-09-25T21:01:42
12.15419	-56.38633	0	32	2021-09-25T21:06:42
12.15453	-56.38684	0	32	2021-09-25T21:11:42
12.15490	-56.38739	0	32	2021-09-25T21:16:41
12.15524	-56.38800	0	32	2021-09-25T21:21:40
12.15585	-56.38930	0	32	2021-09-25T21:31:31
12.15619	-56.38990	0	32	2021-09-25T21:36:32
12.15649	-56.39041	0	32	2021-09-25T21:41:32
12.15685	-56.39131	0	32	2021-09-25T21:46:30
12.15706	-56.39191	0	32	2021-09-25T21:51:30
12.15732	-56.39258	0	32	2021-09-25T21:56:29
12.15750	-56.39322	0	32	2021-09-25T22:01:28
12.15809	-56.39480	0	32	2021-09-25T22:11:29
12.15835	-56.39549	0	32	2021-09-25T22:16:28
12.15865	-56.39618	0	32	2021-09-25T22:21:28
12.15894	-56.39679	0	32	2021-09-25T22:26:28
12.15920	-56.39734	0	32	2021-09-25T22:31:26
12.15943	-56.39786	0	32	2021-09-25T22:36:27
12.15970	-56.39841	0	32	2021-09-25T22:41:25
12.16006	-56.39865	0	32	2021-09-25T22:46:56
12.16013	-56.39899	0	32	2021-09-25T22:51:26
12.16028	-56.39929	0	32	2021-09-25T22:56:26
12.16030	-56.39975	0	32	2021-09-25T23:01:24
12.16039	-56.40009	0	32	2021-09-25T23:06:25
12.16039	-56.40057	0	32	2021-09-25T23:11:22
12.16043	-56.40125	0	32	2021-09-25T23:16:22
12.16047	-56.40179	0	32	2021-09-25T23:21:26
12.16047	-56.40231	0	32	2021-09-25T23:26:28
12.16039	-56.40283	0	32	2021-09-25T23:31:30
12.16043	-56.40329	0	32	2021-09-25T23:36:32
12.16042	-56.40378	0	32	2021-09-25T23:41:30
12.16048	-56.40463	0	32	2021-09-25T23:46:59
12.16055	-56.40506	0	32	2021-09-25T23:51:32
12.16056	-56.40552	0	32	2021-09-25T23:56:33
12.16059	-56.40604	0	32	2021-09-26T00:01:34
12.16062	-56.40665	0	32	2021-09-26T00:06:31
12.16065	-56.40727	0	32	2021-09-26T00:11:32
12.16074	-56.40796	0	32	2021-09-26T00:16:32
12.16074	-56.40861	0	32	2021-09-26T00:21:32
12.16070	-56.40930	0	32	2021-09-26T00:26:31
12.16063	-56.41003	0	32	2021-09-26T00:31:30
12.16048	-56.41082	0	32	2021-09-26T00:36:29
12.16031	-56.41159	0	32	2021-09-26T00:41:29
12.16020	-56.41248	0	32	2021-09-26T00:46:54
12.16013	-56.41330	0	32	2021-09-26T00:51:31
12.16005	-56.41420	0	32	2021-09-26T00:56:32
12.15996	-56.41497	0	32	2021-09-26T01:01:33
12.15987	-56.41583	0	32	2021-09-26T01:06:33
12.15978	-56.41650	0	32	2021-09-26T01:11:31
12.15975	-56.41724	0	32	2021-09-26T01:16:34
12.15973	-56.41791	0	32	2021-09-26T01:21:32
12.15982	-56.41858	0	32	2021-09-26T01:26:33
12.15985	-56.41925	0	32	2021-09-26T01:31:31
12.15996	-56.41998	0	32	2021-09-26T01:36:32
12.16013	-56.42078	0	32	2021-09-26T01:41:31
12.16037	-56.42169	0	32	2021-09-26T01:46:56
12.16055	-56.42245	0	32	2021-09-26T01:51:30
12.16077	-56.42328	0	32	2021-09-26T01:56:31
12.16104	-56.42401	0	32	2021-09-26T02:01:31
12.16134	-56.42469	0	32	2021-09-26T02:06:28
12.16160	-56.42538	0	32	2021-09-26T02:11:29
12.16189	-56.42603	0	32	2021-09-26T02:16:30
12.16213	-56.42676	0	32	2021-09-26T02:21:31
12.16245	-56.42752	0	32	2021-09-26T02:26:29
12.16272	-56.42831	0	32	2021-09-26T02:31:33
12.16292	-56.42908	0	32	2021-09-26T02:36:32
12.16314	-56.42981	0	32	2021-09-26T02:41:31
12.16333	-56.43066	0	32	2021-09-26T02:46:58
12.16339	-56.43149	0	32	2021-09-26T02:51:32
12.16353	-56.43231	0	32	2021-09-26T02:56:34
12.16377	-56.43326	0	32	2021-09-26T03:01:33
12.16408	-56.43414	0	32	2021-09-26T03:06:35
12.16431	-56.43500	0	32	2021-09-26T03:11:34
12.16448	-56.43591	0	32	2021-09-26T03:16:33
12.16465	-56.43668	0	32	2021-09-26T03:21:33
12.16489	-56.43747	0	32	2021-09-26T03:26:34
12.16506	-56.43829	0	32	2021-09-26T03:31:31
12.16521	-56.43909	0	32	2021-09-26T03:36:32
12.16551	-56.44103	0	32	2021-09-26T03:46:30
12.16555	-56.44189	0	32	2021-09-26T03:51:31
12.16564	-56.44275	0	32	2021-09-26T03:56:31
12.16568	-56.44373	0	32	2021-09-26T04:01:32
12.16571	-56.44461	0	32	2021-09-26T04:06:30
12.16572	-56.44540	0	32	2021-09-26T04:11:29
12.16564	-56.44617	0	32	2021-09-26T04:16:30
12.16527	-56.44842	0	32	2021-09-26T04:31:26
12.16518	-56.44902	0	32	2021-09-26T04:36:27
12.16509	-56.44962	0	32	2021-09-26T04:41:27
12.16503	-56.45038	0	32	2021-09-26T04:46:55
12.16493	-56.45094	0	32	2021-09-26T04:51:27
12.16493	-56.45154	0	32	2021-09-26T04:56:27
12.16490	-56.45215	0	32	2021-09-26T05:01:28
12.16491	-56.45282	0	32	2021-09-26T05:06:23
12.16486	-56.45349	0	32	2021-09-26T05:11:22
12.16478	-56.45401	0	32	2021-09-26T05:16:22
12.16470	-56.45465	0	32	2021-09-26T05:21:20
12.16464	-56.45529	0	32	2021-09-26T05:26:20
12.16452	-56.45591	0	32	2021-09-26T05:31:17
12.16435	-56.45642	0	32	2021-09-26T05:36:17
12.16418	-56.45697	0	32	2021-09-26T05:41:16
12.16388	-56.45755	0	32	2021-09-26T05:46:54
12.16365	-56.45804	0	32	2021-09-26T05:51:17
12.16342	-56.45866	0	32	2021-09-26T05:56:18
12.16321	-56.45926	0	32	2021-09-26T06:01:19
12.16306	-56.45990	0	32	2021-09-26T06:06:20
12.16288	-56.46054	0	32	2021-09-26T06:11:20
12.16279	-56.46124	0	32	2021-09-26T06:16:24
12.16264	-56.46192	0	32	2021-09-26T06:21:22
12.16247	-56.46252	0	32	2021-09-26T06:26:23
12.16232	-56.46317	0	32	2021-09-26T06:31:26
12.16206	-56.46392	0	32	2021-09-26T06:36:54
12.16193	-56.46452	0	32	2021-09-26T06:41:53
12.16180	-56.46521	0	32	2021-09-26T06:46:53
12.16165	-56.46570	0	32	2021-09-26T06:51:31
12.16139	-56.46622	0	32	2021-09-26T06:56:32
12.16113	-56.46674	0	32	2021-09-26T07:01:29
12.16088	-56.46732	0	32	2021-09-26T07:06:27
12.16065	-56.46795	0	32	2021-09-26T07:11:25
12.16048	-56.46838	0	32	2021-09-26T07:16:24
12.16031	-56.46897	0	32	2021-09-26T07:21:20
12.16010	-56.46940	0	32	2021-09-26T07:26:20
12.15984	-56.46991	0	32	2021-09-26T07:31:19
12.15956	-56.47055	0	32	2021-09-26T07:36:16
12.15932	-56.47116	0	32	2021-09-26T07:41:16
12.15909	-56.47177	0	32	2021-09-26T07:46:36
12.15893	-56.47229	0	32	2021-09-26T07:51:09
12.15874	-56.47293	0	32	2021-09-26T07:56:08
12.15853	-56.47352	0	32	2021-09-26T08:01:04
12.15836	-56.47403	0	32	2021-09-26T08:06:05
12.15814	-56.47452	0	32	2021-09-26T08:11:03
12.15788	-56.47491	0	32	2021-09-26T08:16:00
12.15761	-56.47534	0	32	2021-09-26T08:21:00
12.15727	-56.47568	0	32	2021-09-26T08:25:57
12.15689	-56.47598	0	32	2021-09-26T08:30:58
12.15643	-56.47617	0	32	2021-09-26T08:35:55
12.15593	-56.47635	0	32	2021-09-26T08:40:55
12.15534	-56.47650	0	32	2021-09-26T08:45:52
12.15499	-56.47659	0	32	2021-09-26T08:50:50
12.15448	-56.47668	0	32	2021-09-26T08:55:51
12.15397	-56.47678	0	32	2021-09-26T09:00:52
12.15347	-56.47681	0	32	2021-09-26T09:05:52
12.15293	-56.47696	0	32	2021-09-26T09:10:53
12.15242	-56.47705	0	32	2021-09-26T09:15:54
12.15194	-56.47720	0	32	2021-09-26T09:20:52
12.15142	-56.47747	0	32	2021-09-26T09:25:49
12.15091	-56.47764	0	32	2021-09-26T09:30:49
12.15035	-56.47781	0	32	2021-09-26T09:35:50
12.14983	-56.47815	0	32	2021-09-26T09:40:51
12.14932	-56.47858	0	32	2021-09-26T09:46:26
12.14895	-56.47897	0	32	2021-09-26T09:50:51
12.14850	-56.47946	0	32	2021-09-26T09:55:49
12.14803	-56.47989	0	32	2021-09-26T10:00:47
12.14759	-56.48034	0	32	2021-09-26T10:05:51
12.14725	-56.48077	0	32	2021-09-26T10:10:51
12.14684	-56.48132	0	32	2021-09-26T10:15:49
12.14641	-56.48184	0	32	2021-09-26T10:20:50
12.14606	-56.48227	0	32	2021-09-26T10:25:51
12.14571	-56.48273	0	32	2021-09-26T10:30:48
12.14532	-56.48325	0	32	2021-09-26T10:35:49
12.14495	-56.48380	0	32	2021-09-26T10:40:46
12.14468	-56.48459	0	32	2021-09-26T10:46:25
12.14444	-56.48523	0	32	2021-09-26T10:50:44
12.14409	-56.48602	0	32	2021-09-26T10:55:45
12.14371	-56.48672	0	32	2021-09-26T11:00:48
12.14328	-56.48755	0	32	2021-09-26T11:05:43
12.14285	-56.48846	0	32	2021-09-26T11:10:48
12.14246	-56.48923	0	32	2021-09-26T11:15:48
12.14198	-56.48999	0	32	2021-09-26T11:20:48
12.14151	-56.49063	0	32	2021-09-26T11:25:49
12.14104	-56.49115	0	32	2021-09-26T11:30:49
12.14055	-56.49161	0	32	2021-09-26T11:35:47
12.14004	-56.49210	0	32	2021-09-26T11:40:52
12.13957	-56.49268	0	32	2021-09-26T11:46:26
12.13931	-56.49310	0	32	2021-09-26T11:50:47
12.13895	-56.49365	0	32	2021-09-26T11:55:48
12.13862	-56.49418	0	32	2021-09-26T12:00:48
12.13828	-56.49469	0	32	2021-09-26T12:05:48
12.13789	-56.49524	0	32	2021-09-26T12:10:46
12.13750	-56.49585	0	32	2021-09-26T12:15:47
12.13718	-56.49646	0	32	2021-09-26T12:20:50
12.13691	-56.49708	0	32	2021-09-26T12:25:49
12.13665	-56.49759	0	32	2021-09-26T12:30:49
12.13642	-56.49817	0	32	2021-09-26T12:35:47
12.13618	-56.49875	0	32	2021-09-26T12:40:47
12.13584	-56.49939	0	32	2021-09-26T12:46:25
12.13558	-56.49991	0	32	2021-09-26T12:50:51
12.13521	-56.50049	0	32	2021-09-26T12:55:50
12.13483	-56.50124	0	32	2021-09-26T13:00:53
12.13453	-56.50175	0	32	2021-09-26T13:05:52
12.13414	-56.50235	0	32	2021-09-26T13:10:52
12.13376	-56.50305	0	32	2021-09-26T13:15:50
12.13338	-56.50372	0	32	2021-09-26T13:20:53
12.13301	-56.50433	0	32	2021-09-26T13:25:51
12.13266	-56.50494	0	32	2021-09-26T13:30:52
12.13229	-56.50558	0	32	2021-09-26T13:35:51
12.13192	-56.50610	0	32	2021-09-26T13:40:49
12.13148	-56.50684	0	32	2021-09-26T13:46:26
12.13111	-56.50751	0	32	2021-09-26T13:50:51
12.13064	-56.50815	0	32	2021-09-26T13:55:51
12.13017	-56.50879	0	32	2021-09-26T14:00:52
12.12959	-56.50945	0	32	2021-09-26T14:05:53
12.12912	-56.51005	0	32	2021-09-26T14:10:53
12.12869	-56.51074	0	32	2021-09-26T14:15:52
12.12829	-56.51141	0	32	2021-09-26T14:20:52
12.12782	-56.51215	0	32	2021-09-26T14:25:49
12.12732	-56.51297	0	32	2021-09-26T14:30:50
12.12685	-56.51366	0	32	2021-09-26T14:35:51
12.12642	-56.51443	0	32	2021-09-26T14:40:51
12.12597	-56.51538	0	32	2021-09-26T14:46:24
12.12562	-56.51629	0	32	2021-09-26T14:50:52
12.12523	-56.51715	0	32	2021-09-26T14:55:51
12.12483	-56.51810	0	32	2021-09-26T15:00:52
12.12443	-56.51904	0	32	2021-09-26T15:05:49
12.12413	-56.52011	0	32	2021-09-26T15:10:49
12.12382	-56.52109	0	32	2021-09-26T15:15:51
12.12349	-56.52209	0	32	2021-09-26T15:20:51
12.12324	-56.52307	0	32	2021-09-26T15:25:52
12.12299	-56.52407	0	32	2021-09-26T15:30:50
12.12273	-56.52493	0	32	2021-09-26T15:35:50
12.12244	-56.52585	0	32	2021-09-26T15:40:50
12.12202	-56.52692	0	32	2021-09-26T15:45:52
12.12185	-56.52765	0	32	2021-09-26T15:50:49
12.12160	-56.52863	0	32	2021-09-26T15:55:53
12.12139	-56.52960	0	32	2021-09-26T16:00:50
12.12117	-56.53067	0	32	2021-09-26T16:05:47
12.12091	-56.53175	0	32	2021-09-26T16:10:45
12.12077	-56.53271	0	32	2021-09-26T16:15:49
12.12057	-56.53381	0	32	2021-09-26T16:20:46
12.12042	-56.53491	0	32	2021-09-26T16:25:47
12.12027	-56.53608	0	32	2021-09-26T16:30:41
12.12010	-56.53720	0	32	2021-09-26T16:35:41
12.11992	-56.53836	0	32	2021-09-26T16:40:42
12.11974	-56.53961	0	32	2021-09-26T16:45:57
12.11960	-56.54078	0	32	2021-09-26T16:50:39
12.11943	-56.54181	0	32	2021-09-26T16:55:39
12.11918	-56.54295	0	32	2021-09-26T17:00:40
12.11897	-56.54407	0	32	2021-09-26T17:05:39
12.11867	-56.54523	0	32	2021-09-26T17:10:42
12.11839	-56.54630	0	32	2021-09-26T17:15:40
12.11803	-56.54742	0	32	2021-09-26T17:20:42
12.11766	-56.54843	0	32	2021-09-26T17:25:42
12.11685	-56.55066	0	32	2021-09-26T17:35:39
12.11643	-56.55172	0	32	2021-09-26T17:41:07
12.11617	-56.55292	0	32	2021-09-26T17:46:08
12.11606	-56.55389	0	32	2021-09-26T17:50:42
12.11586	-56.55496	0	32	2021-09-26T17:55:40
12.11552	-56.55610	0	32	2021-09-26T18:00:40
12.11518	-56.55713	0	32	2021-09-26T18:05:41
12.11481	-56.55817	0	32	2021-09-26T18:10:42
12.11435	-56.55923	0	32	2021-09-26T18:15:39
12.11398	-56.56034	0	32	2021-09-26T18:20:42
12.11359	-56.56128	0	32	2021-09-26T18:25:41
12.11322	-56.56229	0	32	2021-09-26T18:30:37
12.11293	-56.56329	0	32	2021-09-26T18:35:42
12.11279	-56.56425	0	32	2021-09-26T18:40:55
12.11253	-56.56519	0	32	2021-09-26T18:45:55
12.11231	-56.56601	0	32	2021-09-26T18:50:38
12.11207	-56.56686	0	32	2021-09-26T18:55:39
12.11190	-56.56769	0	32	2021-09-26T19:00:39
12.11170	-56.56855	0	32	2021-09-26T19:05:39
12.11157	-56.56924	0	32	2021-09-26T19:10:39
12.11144	-56.57001	0	32	2021-09-26T19:15:40
12.11135	-56.57083	0	32	2021-09-26T19:20:38
12.11131	-56.57169	0	32	2021-09-26T19:25:39
12.11129	-56.57243	0	32	2021-09-26T19:30:39
12.11129	-56.57312	0	32	2021-09-26T19:35:38
12.11131	-56.57385	0	32	2021-09-26T19:40:41
12.11131	-56.57454	0	32	2021-09-26T19:45:38
12.11131	-56.57505	0	32	2021-09-26T19:50:38
12.11131	-56.57565	0	32	2021-09-26T19:55:37
12.11130	-56.57623	0	32	2021-09-26T20:00:40
12.11115	-56.57733	0	32	2021-09-26T20:10:39
12.11118	-56.57798	0	32	2021-09-26T20:15:40
12.11118	-56.57849	0	32	2021-09-26T20:20:40
12.11118	-56.57913	0	32	2021-09-26T20:25:38
12.11123	-56.57992	0	32	2021-09-26T20:30:39
12.11132	-56.58052	0	32	2021-09-26T20:35:40
12.11132	-56.58112	0	32	2021-09-26T20:40:40
12.11140	-56.58191	0	32	2021-09-26T20:45:57
12.11148	-56.58331	0	32	2021-09-26T20:55:38
12.11145	-56.58400	0	32	2021-09-26T21:00:43
12.11141	-56.58469	0	32	2021-09-26T21:05:42
12.11141	-56.58542	0	32	2021-09-26T21:10:42
12.11133	-56.58606	0	32	2021-09-26T21:15:42
12.11123	-56.58667	0	32	2021-09-26T21:20:42
12.11106	-56.58731	0	32	2021-09-26T21:25:40
12.11090	-56.58803	0	32	2021-09-26T21:30:44
12.11081	-56.58863	0	32	2021-09-26T21:35:43
12.11072	-56.58923	0	32	2021-09-26T21:40:43
12.11059	-56.59003	0	32	2021-09-26T21:46:08
12.11051	-56.59061	0	32	2021-09-26T21:50:47
12.11043	-56.59122	0	32	2021-09-26T21:55:45
12.11038	-56.59183	0	32	2021-09-26T22:00:43
12.11017	-56.59325	0	32	2021-09-26T22:10:41
12.11013	-56.59394	0	32	2021-09-26T22:15:41
12.11013	-56.59445	0	32	2021-09-26T22:20:42
12.11014	-56.59512	0	32	2021-09-26T22:25:43
12.11022	-56.59577	0	32	2021-09-26T22:30:43
12.11026	-56.59628	0	32	2021-09-26T22:35:42
12.11032	-56.59684	0	32	2021-09-26T22:40:57
12.11041	-56.59744	0	32	2021-09-26T22:45:57
12.11044	-56.59799	0	32	2021-09-26T22:50:40
12.11046	-56.59860	0	32	2021-09-26T22:55:40
12.11046	-56.59924	0	32	2021-09-26T23:00:38
12.11019	-56.60204	0	32	2021-09-26T23:20:37
12.11015	-56.60264	0	32	2021-09-26T23:25:37
12.11006	-56.60324	0	32	2021-09-26T23:30:37
12.11004	-56.60394	0	32	2021-09-26T23:35:38
12.11004	-56.60471	0	32	2021-09-26T23:40:40
12.11000	-56.60550	0	32	2021-09-26T23:45:59
12.10995	-56.60617	0	32	2021-09-26T23:50:38
12.10991	-56.60687	0	32	2021-09-26T23:55:34
12.10964	-56.60767	0	32	2021-09-27T00:00:31
12.10941	-56.60846	0	32	2021-09-27T00:05:29
12.10927	-56.60919	0	32	2021-09-27T00:10:26
12.10917	-56.60992	0	32	2021-09-27T00:15:27
12.10908	-56.61076	0	32	2021-09-27T00:20:21
12.10904	-56.61153	0	32	2021-09-27T00:25:21
12.10904	-56.61230	0	32	2021-09-27T00:30:22
12.10905	-56.61310	0	32	2021-09-27T00:35:23
12.10908	-56.61380	0	32	2021-09-27T00:40:20
12.10912	-56.61459	0	32	2021-09-27T00:45:55
12.10914	-56.61523	0	32	2021-09-27T00:50:19
12.10921	-56.61597	0	32	2021-09-27T00:55:22
12.10929	-56.61676	0	32	2021-09-27T01:00:19
12.10953	-56.61762	0	32	2021-09-27T01:05:20
12.10970	-56.61839	0	32	2021-09-27T01:10:21
12.10987	-56.61908	0	32	2021-09-27T01:15:21
12.11007	-56.61984	0	32	2021-09-27T01:20:19
12.11040	-56.62069	0	32	2021-09-27T01:25:17
12.11053	-56.62129	0	32	2021-09-27T01:30:17
12.11074	-56.62189	0	32	2021-09-27T01:35:18
12.11089	-56.62256	0	32	2021-09-27T01:40:19
12.11114	-56.62326	0	32	2021-09-27T01:45:37
12.11139	-56.62396	0	32	2021-09-27T01:50:13
12.11171	-56.62473	0	32	2021-09-27T01:55:13
12.11207	-56.62549	0	32	2021-09-27T02:00:13
12.11250	-56.62616	0	32	2021-09-27T02:05:15
12.11298	-56.62692	0	32	2021-09-27T02:10:13
12.11350	-56.62767	0	32	2021-09-27T02:15:14
12.11401	-56.62827	0	32	2021-09-27T02:20:14
12.11451	-56.62900	0	32	2021-09-27T02:25:17
12.11501	-56.62967	0	32	2021-09-27T02:30:15
12.11551	-56.63025	0	32	2021-09-27T02:35:16
12.11602	-56.63086	0	32	2021-09-27T02:40:16
12.11655	-56.63159	0	32	2021-09-27T02:45:38
12.11697	-56.63223	0	32	2021-09-27T02:50:15
12.11748	-56.63290	0	32	2021-09-27T02:55:16
12.11802	-56.63361	0	32	2021-09-27T03:00:14
12.11854	-56.63440	0	32	2021-09-27T03:05:15
12.11966	-56.63579	0	32	2021-09-27T03:15:14
12.12014	-56.63647	0	32	2021-09-27T03:20:16
12.12056	-56.63708	0	32	2021-09-27T03:25:13
12.12099	-56.63779	0	32	2021-09-27T03:30:11
12.12139	-56.63840	0	32	2021-09-27T03:35:10
12.12175	-56.63904	0	32	2021-09-27T03:40:12
12.12210	-56.63968	0	32	2021-09-27T03:45:39
12.12234	-56.64030	0	32	2021-09-27T03:51:00
12.12259	-56.64084	0	32	2021-09-27T03:55:15
12.12273	-56.64133	0	32	2021-09-27T04:01:01
12.12295	-56.64182	0	32	2021-09-27T04:05:17
12.12321	-56.64227	0	32	2021-09-27T04:10:16
12.12343	-56.64273	0	32	2021-09-27T04:15:22
12.12371	-56.64323	0	32	2021-09-27T04:20:14
12.12384	-56.64343	0	32	2021-09-27T04:25:12
12.12409	-56.64383	0	32	2021-09-27T04:30:13
12.12437	-56.64426	0	32	2021-09-27T04:35:55
12.12454	-56.64469	0	32	2021-09-27T04:40:54
12.12471	-56.64520	0	32	2021-09-27T04:45:54
12.12482	-56.64551	0	32	2021-09-27T04:50:16
12.12498	-56.64581	0	32	2021-09-27T04:55:18
12.12506	-56.64612	0	32	2021-09-27T05:00:17
12.12519	-56.64651	0	32	2021-09-27T05:05:19
12.12519	-56.64682	0	32	2021-09-27T05:10:17
12.12526	-56.64713	0	32	2021-09-27T05:15:19
12.12525	-56.64743	0	32	2021-09-27T05:20:15
12.12519	-56.64764	0	32	2021-09-27T05:25:12
12.12513	-56.64786	0	32	2021-09-27T05:30:12
12.12514	-56.64808	0	32	2021-09-27T05:35:11
12.12514	-56.64825	0	32	2021-09-27T05:40:10
12.12519	-56.64853	0	32	2021-09-27T05:45:13
12.12523	-56.64862	0	32	2021-09-27T05:50:12
12.12524	-56.64877	0	32	2021-09-27T05:55:12
12.12521	-56.64896	0	32	2021-09-27T06:00:13
12.12519	-56.64899	0	32	2021-09-27T06:05:09
12.12517	-56.64905	0	32	2021-09-27T06:10:12
12.12512	-56.64911	0	32	2021-09-27T06:15:11
12.12514	-56.64920	0	32	2021-09-27T06:20:09
12.12517	-56.64935	0	32	2021-09-27T06:25:10
12.12522	-56.64951	0	32	2021-09-27T06:30:09
12.12525	-56.64966	0	32	2021-09-27T06:35:10
12.12528	-56.64978	0	32	2021-09-27T06:40:08
12.12533	-56.64987	0	32	2021-09-27T06:45:19
12.12537	-56.64996	0	32	2021-09-27T06:50:18
12.12539	-56.65009	0	32	2021-09-27T06:55:11
12.12532	-56.65018	0	32	2021-09-27T07:00:11
12.12516	-56.65039	0	32	2021-09-27T07:05:13
12.12501	-56.65072	0	32	2021-09-27T07:10:17
12.12488	-56.65089	0	32	2021-09-27T07:15:17
12.12475	-56.65106	0	32	2021-09-27T07:20:16
12.12466	-56.65131	0	32	2021-09-27T07:25:16
12.12456	-56.65161	0	32	2021-09-27T07:30:17
12.12443	-56.65182	0	32	2021-09-27T07:35:14
12.12430	-56.65204	0	32	2021-09-27T07:40:15
12.12416	-56.65231	0	32	2021-09-27T07:45:39
12.12405	-56.65250	0	32	2021-09-27T07:50:13
12.12395	-56.65265	0	32	2021-09-27T07:55:13
12.12384	-56.65283	0	32	2021-09-27T08:00:11
12.12374	-56.65308	0	32	2021-09-27T08:05:12
12.12350	-56.65330	0	32	2021-09-27T08:10:17
12.12337	-56.65347	0	32	2021-09-27T08:15:17
12.12319	-56.65369	0	32	2021-09-27T08:20:13
12.12304	-56.65391	0	32	2021-09-27T08:25:11
12.12295	-56.65408	0	32	2021-09-27T08:30:11
12.12279	-56.65437	0	32	2021-09-27T08:35:12
12.12266	-56.65454	0	32	2021-09-27T08:40:12
12.12247	-56.65475	0	32	2021-09-27T08:45:38
12.12231	-56.65498	0	32	2021-09-27T08:50:20
12.12218	-56.65515	0	32	2021-09-27T08:55:20
12.12200	-56.65542	0	32	2021-09-27T09:00:09
12.12187	-56.65568	0	32	2021-09-27T09:05:09
12.12170	-56.65594	0	32	2021-09-27T09:10:08
12.12157	-56.65622	0	32	2021-09-27T09:15:12
12.12145	-56.65652	0	32	2021-09-27T09:20:01
12.12135	-56.65689	0	32	2021-09-27T09:25:01
12.12116	-56.65759	0	32	2021-09-27T09:35:26
12.12112	-56.65785	0	32	2021-09-27T09:40:26
12.12099	-56.65811	0	32	2021-09-27T09:45:25
12.12086	-56.65833	0	32	2021-09-27T09:49:57
12.12059	-56.65865	0	32	2021-09-27T09:54:55
12.12042	-56.65891	0	32	2021-09-27T09:59:55
12.12023	-56.65915	0	32	2021-09-27T10:04:53
12.12001	-56.65948	0	32	2021-09-27T10:09:54
12.11981	-56.65976	0	32	2021-09-27T10:14:51
12.11960	-56.66015	0	32	2021-09-27T10:19:51
12.11943	-56.66058	0	32	2021-09-27T10:24:50
12.11923	-56.66095	0	32	2021-09-27T10:29:51
12.11903	-56.66132	0	32	2021-09-27T10:34:50
12.11883	-56.66168	0	32	2021-09-27T10:39:52
12.11856	-56.66220	0	32	2021-09-27T10:44:52
12.11835	-56.66254	0	32	2021-09-27T10:49:52
12.11813	-56.66290	0	32	2021-09-27T10:54:50
12.11792	-56.66324	0	32	2021-09-27T10:59:51
12.11775	-56.66367	0	32	2021-09-27T11:04:47
12.11757	-56.66406	0	32	2021-09-27T11:09:50
12.11735	-56.66446	0	32	2021-09-27T11:14:49
12.11713	-56.66486	0	32	2021-09-27T11:19:50
12.11691	-56.66525	0	32	2021-09-27T11:24:48
12.11674	-56.66559	0	32	2021-09-27T11:29:48
12.11655	-56.66599	0	32	2021-09-27T11:34:46
12.11641	-56.66641	0	32	2021-09-27T11:39:47
12.11619	-56.66696	0	32	2021-09-27T11:45:25
12.11603	-56.66739	0	32	2021-09-27T11:49:48
12.11580	-56.66782	0	32	2021-09-27T11:54:41
12.11552	-56.66818	0	32	2021-09-27T11:59:46
12.11525	-56.66858	0	32	2021-09-27T12:04:43
12.11496	-56.66895	0	32	2021-09-27T12:09:44
12.11466	-56.66931	0	32	2021-09-27T12:14:44
12.11402	-56.67019	0	32	2021-09-27T12:24:43
12.11375	-56.67062	0	32	2021-09-27T12:29:42
12.11342	-56.67105	0	32	2021-09-27T12:34:43
12.11308	-56.67148	0	32	2021-09-27T12:39:41
12.11266	-56.67194	0	32	2021-09-27T12:45:06
12.11233	-56.67236	0	32	2021-09-27T12:49:39
12.11203	-56.67279	0	32	2021-09-27T12:54:39
12.11172	-56.67325	0	32	2021-09-27T12:59:41
12.11146	-56.67368	0	32	2021-09-27T13:04:41
12.11118	-56.67419	0	32	2021-09-27T13:09:39
12.11092	-56.67462	0	32	2021-09-27T13:14:40
12.11070	-56.67511	0	32	2021-09-27T13:19:40
12.11042	-56.67563	0	32	2021-09-27T13:24:37
12.11005	-56.67621	0	32	2021-09-27T13:29:34
12.10975	-56.67664	0	32	2021-09-27T13:34:34
12.10938	-56.67700	0	32	2021-09-27T13:39:31
12.10901	-56.67752	0	32	2021-09-27T13:44:56
12.10868	-56.67795	0	32	2021-09-27T13:49:33
12.10843	-56.67841	0	32	2021-09-27T13:54:31
12.10822	-56.67883	0	32	2021-09-27T13:59:32
12.10800	-56.67930	0	32	2021-09-27T14:04:26
12.10786	-56.67978	0	32	2021-09-27T14:09:29
12.10770	-56.68024	0	32	2021-09-27T14:14:27
12.10749	-56.68067	0	32	2021-09-27T14:19:30
12.10732	-56.68118	0	32	2021-09-27T14:24:29
12.10716	-56.68176	0	32	2021-09-27T14:29:30
12.10704	-56.68225	0	32	2021-09-27T14:34:30
12.10685	-56.68284	0	32	2021-09-27T14:39:54
12.10676	-56.68335	0	32	2021-09-27T14:44:54
12.10662	-56.68387	0	32	2021-09-27T14:49:33
12.10645	-56.68436	0	32	2021-09-27T14:54:30
12.10628	-56.68488	0	32	2021-09-27T14:59:30
12.10610	-56.68533	0	32	2021-09-27T15:04:27
12.10588	-56.68573	0	32	2021-09-27T15:09:27
12.10548	-56.68658	0	32	2021-09-27T15:19:23
12.10528	-56.68698	0	32	2021-09-27T15:24:22
12.10511	-56.68732	0	32	2021-09-27T15:29:21
12.10490	-56.68765	0	32	2021-09-27T15:34:20
12.10464	-56.68799	0	32	2021-09-27T15:39:19
12.10437	-56.68832	0	32	2021-09-27T15:44:57
12.10418	-56.68866	0	32	2021-09-27T15:49:15
12.10392	-56.68892	0	32	2021-09-27T15:54:14
12.10371	-56.68918	0	32	2021-09-27T15:59:14
12.10343	-56.68945	0	32	2021-09-27T16:04:15
12.10319	-56.68976	0	32	2021-09-27T16:09:16
12.10290	-56.69012	0	32	2021-09-27T16:14:15
12.10264	-56.69049	0	32	2021-09-27T16:19:13
12.10238	-56.69092	0	32	2021-09-27T16:24:14
12.10206	-56.69138	0	32	2021-09-27T16:29:14
12.10180	-56.69189	0	32	2021-09-27T16:34:13
12.10155	-56.69244	0	32	2021-09-27T16:39:14
12.10122	-56.69302	0	32	2021-09-27T16:44:14
12.10101	-56.69345	0	32	2021-09-27T16:49:15
12.10079	-56.69391	0	32	2021-09-27T16:54:14
12.10056	-56.69439	0	32	2021-09-27T16:59:15
12.10043	-56.69479	0	32	2021-09-27T17:04:10
12.10026	-56.69525	0	32	2021-09-27T17:09:14
12.10006	-56.69562	0	32	2021-09-27T17:14:10
12.09987	-56.69601	0	32	2021-09-27T17:19:15
12.09963	-56.69638	0	32	2021-09-27T17:24:13
12.09946	-56.69672	0	32	2021-09-27T17:29:14
12.09929	-56.69708	0	32	2021-09-27T17:34:15
12.09908	-56.69745	0	32	2021-09-27T17:39:12
12.09884	-56.69785	0	32	2021-09-27T17:44:27
12.09865	-56.69824	0	32	2021-09-27T17:49:06
12.09844	-56.69873	0	32	2021-09-27T17:54:06
12.09823	-56.69928	0	32	2021-09-27T17:59:07
12.09803	-56.69980	0	32	2021-09-27T18:04:04
12.09773	-56.70033	0	32	2021-09-27T18:09:05
12.09754	-56.70084	0	32	2021-09-27T18:14:02
12.09726	-56.70135	0	32	2021-09-27T18:19:06
12.09700	-56.70181	0	32	2021-09-27T18:24:08
12.09673	-56.70230	0	32	2021-09-27T18:29:13
12.09641	-56.70285	0	32	2021-09-27T18:34:08
12.09608	-56.70341	0	32	2021-09-27T18:39:26
12.09569	-56.70401	0	32	2021-09-27T18:44:27
12.09535	-56.70476	0	32	2021-09-27T18:48:55
12.09502	-56.70529	0	32	2021-09-27T18:53:56
12.09467	-56.70596	0	32	2021-09-27T18:58:55
12.09431	-56.70667	0	32	2021-09-27T19:03:54
12.09393	-56.70740	0	32	2021-09-27T19:08:52
12.09351	-56.70807	0	32	2021-09-27T19:13:50
12.09304	-56.70874	0	32	2021-09-27T19:18:50
12.09257	-56.70929	0	32	2021-09-27T19:23:50
12.09208	-56.70987	0	32	2021-09-27T19:28:47
12.09162	-56.71045	0	32	2021-09-27T19:33:52
12.09114	-56.71097	0	32	2021-09-27T19:38:50
12.09064	-56.71161	0	32	2021-09-27T19:44:24
12.09025	-56.71218	0	32	2021-09-27T19:48:45
12.08992	-56.71271	0	32	2021-09-27T19:53:48
12.08965	-56.71338	0	32	2021-09-27T19:58:46
12.08935	-56.71405	0	32	2021-09-27T20:03:46
12.08909	-56.71472	0	32	2021-09-27T20:08:46
12.08877	-56.71548	0	32	2021-09-27T20:13:45
12.08844	-56.71631	0	32	2021-09-27T20:18:44
12.08816	-56.71710	0	32	2021-09-27T20:23:45
12.08784	-56.71786	0	32	2021-09-27T20:28:43
12.08756	-56.71875	0	32	2021-09-27T20:33:44
12.08724	-56.71954	0	32	2021-09-27T20:38:41
12.08687	-56.72037	0	32	2021-09-27T20:44:06
12.08657	-56.72101	0	32	2021-09-27T20:48:43
12.08626	-56.72165	0	32	2021-09-27T20:53:47
12.08586	-56.72241	0	32	2021-09-27T20:58:52
12.08567	-56.72305	0	32	2021-09-27T21:03:49
12.08544	-56.72379	0	32	2021-09-27T21:08:53
12.08526	-56.72449	0	32	2021-09-27T21:13:53
12.08501	-56.72522	0	32	2021-09-27T21:18:56
12.08478	-56.72602	0	32	2021-09-27T21:23:52
12.08448	-56.72662	0	32	2021-09-27T21:28:53
12.08420	-56.72723	0	32	2021-09-27T21:33:54
12.08392	-56.72786	0	32	2021-09-27T21:39:26
12.08358	-56.72855	0	32	2021-09-27T21:44:27
12.08330	-56.72910	0	32	2021-09-27T21:48:55
12.08299	-56.72971	0	32	2021-09-27T21:53:54
12.08270	-56.73032	0	32	2021-09-27T21:58:55
12.08241	-56.73087	0	32	2021-09-27T22:03:56
12.08187	-56.73198	0	32	2021-09-27T22:13:54
12.08161	-56.73249	0	32	2021-09-27T22:18:54
12.08135	-56.73300	0	32	2021-09-27T22:23:55
12.08103	-56.73352	0	32	2021-09-27T22:28:53
12.08071	-56.73407	0	32	2021-09-27T22:33:55
12.08025	-56.73456	0	32	2021-09-27T22:38:56
12.07979	-56.73502	0	32	2021-09-27T22:44:26
12.07934	-56.73547	0	32	2021-09-27T22:48:52
12.07881	-56.73587	0	32	2021-09-27T22:53:47
12.07835	-56.73636	0	32	2021-09-27T22:58:53
12.07797	-56.73685	0	32	2021-09-27T23:03:47
12.07757	-56.73740	0	32	2021-09-27T23:08:47
12.07716	-56.73792	0	32	2021-09-27T23:13:45
12.07672	-56.73849	0	32	2021-09-27T23:18:45
12.07623	-56.73907	0	32	2021-09-27T23:23:46
12.07571	-56.73956	0	32	2021-09-27T23:28:43
12.07524	-56.73999	0	32	2021-09-27T23:33:44
12.07473	-56.74033	0	32	2021-09-27T23:38:47
12.07410	-56.74081	0	32	2021-09-27T23:44:27
12.07363	-56.74124	0	32	2021-09-27T23:48:54
12.07312	-56.74158	0	32	2021-09-27T23:53:54
12.07257	-56.74194	0	32	2021-09-27T23:58:53
12.07213	-56.74234	0	32	2021-09-28T00:03:57
12.07159	-56.74279	0	32	2021-09-28T00:08:57
12.07116	-56.74313	0	32	2021-09-28T00:13:57
12.07078	-56.74362	0	32	2021-09-28T00:18:55
12.07042	-56.74405	0	32	2021-09-28T00:23:52
12.07009	-56.74451	0	32	2021-09-28T00:28:53
12.06982	-56.74500	0	32	2021-09-28T00:33:53
12.06956	-56.74551	0	32	2021-09-28T00:38:52
12.06924	-56.74615	0	32	2021-09-28T00:44:26
12.06900	-56.74658	0	32	2021-09-28T00:48:50
12.06878	-56.74716	0	32	2021-09-28T00:53:49
12.06855	-56.74774	0	32	2021-09-28T00:58:49
12.06826	-56.74832	0	32	2021-09-28T01:03:48
12.06802	-56.74896	0	32	2021-09-28T01:08:47
12.06778	-56.74963	0	32	2021-09-28T01:13:45
12.06750	-56.75024	0	32	2021-09-28T01:18:43
12.06716	-56.75079	0	32	2021-09-28T01:23:44
12.06684	-56.75135	0	32	2021-09-28T01:28:48
12.06658	-56.75186	0	32	2021-09-28T01:33:48
12.06629	-56.75247	0	32	2021-09-28T01:38:46
12.06596	-56.75312	0	32	2021-09-28T01:43:46
12.06570	-56.75363	0	32	2021-09-28T01:48:45
12.06543	-56.75424	0	32	2021-09-28T01:53:47
12.06518	-56.75485	0	32	2021-09-28T01:58:45
12.06490	-56.75555	0	32	2021-09-28T02:03:46
12.06427	-56.75797	0	32	2021-09-28T02:18:45
12.06395	-56.75878	0	32	2021-09-28T02:23:39
12.06374	-56.75955	0	32	2021-09-28T02:28:39
12.06352	-56.76025	0	32	2021-09-28T02:33:40
12.06296	-56.76165	0	32	2021-09-28T02:43:37
12.06270	-56.76225	0	32	2021-09-28T02:48:36
12.06249	-56.76285	0	32	2021-09-28T02:53:36
12.06223	-56.76343	0	32	2021-09-28T02:58:39
12.06185	-56.76398	0	32	2021-09-28T03:03:37
12.06155	-56.76456	0	32	2021-09-28T03:08:39
12.06128	-56.76511	0	32	2021-09-28T03:13:39
12.06103	-56.76573	0	32	2021-09-28T03:18:40
12.06082	-56.76620	0	32	2021-09-28T03:23:38
12.06069	-56.76675	0	32	2021-09-28T03:28:39
12.06063	-56.76730	0	32	2021-09-28T03:33:36
12.06064	-56.76779	0	32	2021-09-28T03:38:36
12.06060	-56.76819	0	32	2021-09-28T03:43:55
12.06054	-56.76865	0	32	2021-09-28T03:48:34
12.06055	-56.76910	0	32	2021-09-28T03:53:33
12.06057	-56.76953	0	32	2021-09-28T03:58:34
12.06065	-56.76999	0	32	2021-09-28T04:03:32
12.06083	-56.77045	0	32	2021-09-28T04:08:33
12.06100	-56.77103	0	32	2021-09-28T04:13:30
12.06122	-56.77158	0	32	2021-09-28T04:18:31
12.06143	-56.77217	0	32	2021-09-28T04:23:31
12.06164	-56.77277	0	32	2021-09-28T04:28:30
12.06179	-56.77341	0	32	2021-09-28T04:33:32
12.06189	-56.77399	0	32	2021-09-28T04:38:29
12.06204	-56.77472	0	32	2021-09-28T04:43:55
12.06215	-56.77527	0	32	2021-09-28T04:48:32
12.06234	-56.77603	0	32	2021-09-28T04:53:26
12.06254	-56.77673	0	32	2021-09-28T04:58:27
12.06276	-56.77744	0	32	2021-09-28T05:03:28
12.06297	-56.77820	0	32	2021-09-28T05:08:28
12.06318	-56.77899	0	32	2021-09-28T05:13:29
12.06340	-56.77975	0	32	2021-09-28T05:18:26
12.06359	-56.78052	0	32	2021-09-28T05:23:29
12.06375	-56.78126	0	32	2021-09-28T05:28:28
12.06388	-56.78195	0	32	2021-09-28T05:33:28
12.06403	-56.78262	0	32	2021-09-28T05:38:25
12.06420	-56.78336	0	32	2021-09-28T05:43:57
12.06437	-56.78418	0	32	2021-09-28T05:48:24
12.06452	-56.78513	0	32	2021-09-28T05:53:23
12.06464	-56.78604	0	32	2021-09-28T05:58:21
12.06477	-56.78699	0	32	2021-09-28T06:03:22
12.06490	-56.78816	0	32	2021-09-28T06:08:14
12.06499	-56.78910	0	32	2021-09-28T06:13:13
12.06508	-56.79004	0	32	2021-09-28T06:18:13
12.06514	-56.79105	0	32	2021-09-28T06:23:13
12.06527	-56.79202	0	32	2021-09-28T06:28:11
12.06536	-56.79297	0	32	2021-09-28T06:33:08
12.06548	-56.79385	0	32	2021-09-28T06:38:09
12.06575	-56.79570	0	32	2021-09-28T06:48:03
12.06579	-56.79656	0	32	2021-09-28T06:53:04
12.06583	-56.79742	0	32	2021-09-28T06:58:04
12.06593	-56.79828	0	32	2021-09-28T07:03:05
12.06596	-56.79907	0	32	2021-09-28T07:08:05
12.06607	-56.79989	0	32	2021-09-28T07:13:04
12.06614	-56.80054	0	32	2021-09-28T07:18:05
12.06629	-56.80127	0	32	2021-09-28T07:23:05
12.06646	-56.80197	0	32	2021-09-28T07:28:06
12.06665	-56.80276	0	32	2021-09-28T07:33:06
12.06676	-56.80353	0	32	2021-09-28T07:38:04
12.06689	-56.80426	0	32	2021-09-28T07:43:24
12.06704	-56.80499	0	32	2021-09-28T07:48:01
12.06724	-56.80573	0	32	2021-09-28T07:53:01
12.06751	-56.80649	0	32	2021-09-28T07:57:55
12.06776	-56.80728	0	32	2021-09-28T08:02:57
12.06803	-56.80795	0	32	2021-09-28T08:07:56
12.06822	-56.80859	0	32	2021-09-28T08:12:57
12.06839	-56.80920	0	32	2021-09-28T08:17:55
12.06856	-56.80976	0	32	2021-09-28T08:22:55
12.06873	-56.81027	0	32	2021-09-28T08:27:55
12.06900	-56.81082	0	32	2021-09-28T08:32:57
12.06926	-56.81137	0	32	2021-09-28T08:37:55
12.06969	-56.81192	0	32	2021-09-28T08:43:26
12.06990	-56.81244	0	32	2021-09-28T08:47:53
12.07009	-56.81293	0	32	2021-09-28T08:52:54
12.07038	-56.81403	0	32	2021-09-28T09:02:54
12.07049	-56.81461	0	32	2021-09-28T09:07:52
12.07053	-56.81512	0	32	2021-09-28T09:12:53
12.07057	-56.81561	0	32	2021-09-28T09:17:50
12.07061	-56.81613	0	32	2021-09-28T09:22:53
12.07065	-56.81668	0	32	2021-09-28T09:27:54
12.07069	-56.81714	0	32	2021-09-28T09:32:52
12.07076	-56.81754	0	32	2021-09-28T09:37:49
12.07078	-56.81805	0	32	2021-09-28T09:43:26
12.07086	-56.81851	0	32	2021-09-28T09:47:52
12.07099	-56.81900	0	32	2021-09-28T09:52:56
12.07106	-56.81946	0	32	2021-09-28T09:57:56
12.07116	-56.81989	0	32	2021-09-28T10:02:56
12.07126	-56.82037	0	32	2021-09-28T10:07:58
12.07136	-56.82083	0	32	2021-09-28T10:13:02
12.07145	-56.82129	0	32	2021-09-28T10:17:59
12.07161	-56.82181	0	32	2021-09-28T10:22:56
12.07180	-56.82230	0	32	2021-09-28T10:27:57
12.07196	-56.82278	0	32	2021-09-28T10:32:54
12.07209	-56.82324	0	32	2021-09-28T10:37:53
12.07216	-56.82382	0	32	2021-09-28T10:43:35
12.07232	-56.82444	0	32	2021-09-28T10:47:58
12.07245	-56.82486	0	32	2021-09-28T10:52:55
12.07262	-56.82538	0	32	2021-09-28T10:57:59
12.07275	-56.82587	0	32	2021-09-28T11:02:55
12.07294	-56.82642	0	32	2021-09-28T11:07:57
12.07317	-56.82690	0	32	2021-09-28T11:12:58
12.07338	-56.82739	0	32	2021-09-28T11:17:58
12.07357	-56.82794	0	32	2021-09-28T11:23:00
12.07376	-56.82852	0	32	2021-09-28T11:27:59
12.07402	-56.82919	0	32	2021-09-28T11:33:02
12.07437	-56.82980	0	32	2021-09-28T11:37:59
12.07470	-56.83051	0	32	2021-09-28T11:43:23
12.07496	-56.83109	0	32	2021-09-28T11:48:00
12.07527	-56.83167	0	32	2021-09-28T11:53:01
12.07569	-56.83222	0	32	2021-09-28T11:58:03
12.07616	-56.83282	0	32	2021-09-28T12:03:03
12.07659	-56.83340	0	32	2021-09-28T12:07:59
12.07705	-56.83399	0	32	2021-09-28T12:12:57
12.07748	-56.83450	0	32	2021-09-28T12:17:58
12.07788	-56.83499	0	32	2021-09-28T12:22:58
12.07834	-56.83548	0	32	2021-09-28T12:27:56
12.07882	-56.83599	0	32	2021-09-28T12:33:24
12.07933	-56.83633	0	32	2021-09-28T12:38:24
12.07984	-56.83676	0	32	2021-09-28T12:43:25
12.08034	-56.83716	0	32	2021-09-28T12:47:52
12.08096	-56.83769	0	32	2021-09-28T12:52:51
12.08152	-56.83820	0	32	2021-09-28T12:57:50
12.08214	-56.83875	0	32	2021-09-28T13:02:50
12.08273	-56.83923	0	32	2021-09-28T13:07:51
12.08328	-56.83975	0	32	2021-09-28T13:12:51
12.08383	-56.84027	0	32	2021-09-28T13:17:51
12.08436	-56.84085	0	32	2021-09-28T13:22:49
12.08494	-56.84131	0	32	2021-09-28T13:27:50
12.08553	-56.84180	0	32	2021-09-28T13:32:50
12.08613	-56.84229	0	32	2021-09-28T13:37:48
12.08681	-56.84277	0	32	2021-09-28T13:43:24
12.08736	-56.84314	0	32	2021-09-28T13:47:46
12.08802	-56.84351	0	32	2021-09-28T13:52:47
12.08936	-56.84445	0	32	2021-09-28T14:02:41
12.09000	-56.84471	0	32	2021-09-28T14:07:41
12.09060	-56.84497	0	32	2021-09-28T14:12:41
12.09125	-56.84521	0	32	2021-09-28T14:17:42
12.09195	-56.84546	0	32	2021-09-28T14:22:43
12.09260	-56.84561	0	32	2021-09-28T14:27:41
12.09328	-56.84561	0	32	2021-09-28T14:32:42
12.09399	-56.84567	0	32	2021-09-28T14:37:43
12.09476	-56.84567	0	32	2021-09-28T14:43:07
12.09539	-56.84555	0	32	2021-09-28T14:47:40
12.09612	-56.84552	0	32	2021-09-28T14:52:41
12.09686	-56.84537	0	32	2021-09-28T14:57:41
12.09765	-56.84525	0	32	2021-09-28T15:02:43
12.09853	-56.84509	0	32	2021-09-28T15:07:41
12.09935	-56.84497	0	32	2021-09-28T15:12:38
12.10116	-56.84482	0	32	2021-09-28T15:22:42
12.10203	-56.84473	0	32	2021-09-28T15:27:40
12.10296	-56.84464	0	32	2021-09-28T15:32:41
12.10398	-56.84460	0	32	2021-09-28T15:37:40
12.10494	-56.84451	0	32	2021-09-28T15:42:57
12.10584	-56.84439	0	32	2021-09-28T15:47:40
12.10678	-56.84436	0	32	2021-09-28T15:52:37
12.10773	-56.84439	0	32	2021-09-28T15:57:40
12.10875	-56.84445	0	32	2021-09-28T16:02:35
12.10961	-56.84445	0	32	2021-09-28T16:07:35
12.11051	-56.84445	0	32	2021-09-28T16:12:36
12.11139	-56.84442	0	32	2021-09-28T16:17:36
12.11226	-56.84439	0	32	2021-09-28T16:22:30
12.11316	-56.84439	0	32	2021-09-28T16:27:30
12.11398	-56.84430	0	32	2021-09-28T16:32:29
12.11489	-56.84424	0	32	2021-09-28T16:37:30
12.11584	-56.84409	0	32	2021-09-28T16:43:04
12.11660	-56.84402	0	32	2021-09-28T16:47:29
12.11750	-56.84390	0	32	2021-09-28T16:52:26
12.11837	-56.84375	0	32	2021-09-28T16:57:25
12.12011	-56.84341	0	32	2021-09-28T17:07:23
12.12097	-56.84323	0	32	2021-09-28T17:12:19
12.12174	-56.84314	0	32	2021-09-28T17:17:19
12.12254	-56.84308	0	32	2021-09-28T17:22:18
12.12329	-56.84296	0	32	2021-09-28T17:27:19
12.12411	-56.84290	0	32	2021-09-28T17:32:19
12.12488	-56.84283	0	32	2021-09-28T17:37:16
12.12567	-56.84277	0	32	2021-09-28T17:42:39
12.12636	-56.84271	0	32	2021-09-28T17:47:15
12.12715	-56.84271	0	32	2021-09-28T17:52:14
12.12791	-56.84271	0	32	2021-09-28T17:57:12
12.12875	-56.84271	0	32	2021-09-28T18:02:13
12.12959	-56.84265	0	32	2021-09-28T18:07:10
12.13041	-56.84259	0	32	2021-09-28T18:12:11
12.13118	-56.84259	0	32	2021-09-28T18:17:11
12.13117	-56.84259	0	32	2021-09-28T18:17:12
12.13195	-56.84259	0	32	2021-09-28T18:22:12
12.13199	-56.84259	0	32	2021-09-28T18:22:12
12.13272	-56.84259	0	32	2021-09-28T18:27:13
12.13351	-56.84274	0	32	2021-09-28T18:32:37
12.13415	-56.84274	0	32	2021-09-28T18:37:38
12.13479	-56.84283	0	32	2021-09-28T18:42:38
12.13532	-56.84290	0	32	2021-09-28T18:47:12
12.13597	-56.84293	0	32	2021-09-28T18:52:10
12.13644	-56.84293	0	32	2021-09-28T18:57:10
12.13691	-56.84293	0	32	2021-09-28T19:02:10
12.13741	-56.84293	0	32	2021-09-28T19:07:11
12.13796	-56.84296	0	32	2021-09-28T19:12:13
12.13853	-56.84305	0	32	2021-09-28T19:17:10
12.13913	-56.84305	0	32	2021-09-28T19:22:10
12.13969	-56.84305	0	32	2021-09-28T19:27:09
12.14031	-56.84308	0	32	2021-09-28T19:32:12
12.14087	-56.84302	0	32	2021-09-28T19:37:10
12.14147	-56.84299	0	32	2021-09-28T19:42:26
12.14207	-56.84302	0	32	2021-09-28T19:47:10
12.14269	-56.84302	0	32	2021-09-28T19:52:09
12.14329	-56.84302	0	32	2021-09-28T19:57:09
12.14391	-56.84308	0	32	2021-09-28T20:02:11
12.14450	-56.84308	0	32	2021-09-28T20:07:13
12.14497	-56.84308	0	32	2021-09-28T20:12:12
12.14549	-56.84305	0	32	2021-09-28T20:17:12
12.14599	-56.84296	0	32	2021-09-28T20:22:14
12.14648	-56.84293	0	32	2021-09-28T20:27:13
12.14695	-56.84286	0	32	2021-09-28T20:32:11
12.14729	-56.84277	0	32	2021-09-28T20:37:12
12.14770	-56.84265	0	32	2021-09-28T20:42:37
12.14806	-56.84265	0	32	2021-09-28T20:47:11
12.14842	-56.84262	0	32	2021-09-28T20:52:13
12.14871	-56.84265	0	32	2021-09-28T20:57:12
12.14892	-56.84271	0	32	2021-09-28T21:02:13
12.14909	-56.84271	0	32	2021-09-28T21:07:13
12.14924	-56.84280	0	32	2021-09-28T21:12:11
12.14939	-56.84286	0	32	2021-09-28T21:17:11
12.14957	-56.84286	0	32	2021-09-28T21:22:11
12.14970	-56.84286	0	32	2021-09-28T21:27:10
12.14983	-56.84280	0	32	2021-09-28T21:32:11
12.14995	-56.84265	0	32	2021-09-28T21:37:10
12.15003	-56.84253	0	32	2021-09-28T21:42:26
12.15010	-56.84250	0	32	2021-09-28T21:47:09
12.15020	-56.84244	0	32	2021-09-28T21:52:06
12.15027	-56.84244	0	32	2021-09-28T21:57:07
12.15034	-56.84244	0	32	2021-09-28T22:02:07
12.15047	-56.84247	0	32	2021-09-28T22:07:12
12.15055	-56.84247	0	32	2021-09-28T22:12:12
12.15069	-56.84256	0	32	2021-09-28T22:17:11
12.15080	-56.84265	0	32	2021-09-28T22:22:15
12.15086	-56.84274	0	32	2021-09-28T22:27:18
12.15091	-56.84265	0	32	2021-09-28T22:32:17
12.15094	-56.84277	0	32	2021-09-28T22:37:18
12.15094	-56.84299	0	32	2021-09-28T22:42:14
12.15094	-56.84308	0	32	2021-09-28T22:47:15
12.15097	-56.84292	0	32	2021-09-28T22:52:13
12.15110	-56.84283	0	32	2021-09-28T22:57:13
12.15143	-56.84259	0	32	2021-09-28T23:02:14
12.15174	-56.84232	0	32	2021-09-28T23:07:13
12.15197	-56.84219	0	32	2021-09-28T23:12:11
12.15223	-56.84210	0	32	2021-09-28T23:17:11
12.15239	-56.84210	0	32	2021-09-28T23:22:10
12.15263	-56.84230	0	32	2021-09-28T23:27:10
12.15289	-56.84239	0	32	2021-09-28T23:32:10
12.15306	-56.84256	0	32	2021-09-28T23:37:09
12.15327	-56.84299	0	32	2021-09-28T23:42:24
12.15343	-56.84341	0	32	2021-09-28T23:47:11
12.15366	-56.84415	0	32	2021-09-28T23:57:09
12.15386	-56.84439	0	32	2021-09-29T00:02:12
12.15400	-56.84467	0	32	2021-09-29T00:07:10
12.15410	-56.84494	0	32	2021-09-29T00:12:07
12.15421	-56.84518	0	32	2021-09-29T00:17:08
12.15437	-56.84591	0	32	2021-09-29T00:27:04
12.15437	-56.84625	0	32	2021-09-29T00:32:03
12.15437	-56.84668	0	32	2021-09-29T00:37:03
12.15433	-56.84705	0	32	2021-09-29T00:42:27
12.15422	-56.84738	0	32	2021-09-29T00:47:01
12.15414	-56.84772	0	32	2021-09-29T00:51:58
12.15400	-56.84812	0	32	2021-09-29T00:56:55
12.15391	-56.84846	0	32	2021-09-29T01:01:55
12.15378	-56.84872	0	32	2021-09-29T01:06:54
12.15357	-56.84906	0	32	2021-09-29T01:11:53
12.15344	-56.84940	0	32	2021-09-29T01:16:53
12.15322	-56.84982	0	32	2021-09-29T01:21:51
12.15296	-56.85016	0	32	2021-09-29T01:26:52
12.15273	-56.85055	0	32	2021-09-29T01:32:24
12.15247	-56.85089	0	32	2021-09-29T01:37:25
12.15217	-56.85132	0	32	2021-09-29T01:42:25
12.15191	-56.85162	0	32	2021-09-29T01:46:52
12.15156	-56.85193	0	32	2021-09-29T01:51:53
12.15122	-56.85223	0	32	2021-09-29T01:56:53
12.15088	-56.85257	0	32	2021-09-29T02:01:55
12.15057	-56.85287	0	32	2021-09-29T02:06:55
12.15017	-56.85321	0	32	2021-09-29T02:11:56
12.14974	-56.85342	0	32	2021-09-29T02:16:56
12.14919	-56.85361	0	32	2021-09-29T02:21:54
12.14870	-56.85376	0	32	2021-09-29T02:26:55
12.14819	-56.85382	0	32	2021-09-29T02:31:52
12.14767	-56.85400	0	32	2021-09-29T02:36:53
12.14711	-56.85422	0	32	2021-09-29T02:41:53
12.14668	-56.85431	0	32	2021-09-29T02:46:53
12.14614	-56.85458	0	32	2021-09-29T02:51:51
12.14556	-56.85483	0	32	2021-09-29T02:56:52
12.14501	-56.85516	0	32	2021-09-29T03:01:53
12.14443	-56.85550	0	32	2021-09-29T03:06:51
12.14395	-56.85587	0	32	2021-09-29T03:11:52
12.14349	-56.85623	0	32	2021-09-29T03:16:53
12.14303	-56.85663	0	32	2021-09-29T03:21:53
12.14256	-56.85712	0	32	2021-09-29T03:26:52
12.14214	-56.85761	0	32	2021-09-29T03:31:55
12.14167	-56.85812	0	32	2021-09-29T03:36:55
12.14118	-56.85867	0	32	2021-09-29T03:42:26
12.14078	-56.85904	0	32	2021-09-29T03:46:54
12.14036	-56.85952	0	32	2021-09-29T03:51:57
12.13993	-56.85995	0	32	2021-09-29T03:56:56
12.13950	-56.86041	0	32	2021-09-29T04:01:55
12.13899	-56.86081	0	32	2021-09-29T04:06:53
12.13856	-56.86115	0	32	2021-09-29T04:11:53
12.13811	-56.86145	0	32	2021-09-29T04:16:50
12.13771	-56.86179	0	32	2021-09-29T04:21:51
12.13735	-56.86215	0	32	2021-09-29T04:26:49
12.13698	-56.86246	0	32	2021-09-29T04:31:49
12.13663	-56.86270	0	32	2021-09-29T04:36:47
12.13624	-56.86304	0	32	2021-09-29T04:42:25
12.13590	-56.86331	0	32	2021-09-29T04:46:49
12.13544	-56.86362	0	32	2021-09-29T04:51:45
12.13501	-56.86383	0	32	2021-09-29T04:56:46
12.13461	-56.86420	0	32	2021-09-29T05:01:44
12.13425	-56.86447	0	32	2021-09-29T05:06:46
12.13385	-56.86484	0	32	2021-09-29T05:11:47
12.13347	-56.86514	0	32	2021-09-29T05:16:45
12.13311	-56.86548	0	32	2021-09-29T05:21:46
12.13281	-56.86588	0	32	2021-09-29T05:26:43
12.13244	-56.86636	0	32	2021-09-29T05:32:08
12.13214	-56.86679	0	32	2021-09-29T05:37:08
12.13175	-56.86722	0	32	2021-09-29T05:42:09
12.13146	-56.86761	0	32	2021-09-29T05:46:39
12.13119	-56.86810	0	32	2021-09-29T05:51:36
12.13092	-56.86853	0	32	2021-09-29T05:56:37
12.13062	-56.86893	0	32	2021-09-29T06:01:38
12.13033	-56.86932	0	32	2021-09-29T06:06:35
12.12999	-56.86984	0	32	2021-09-29T06:11:36
12.12969	-56.87027	0	32	2021-09-29T06:16:36
12.12939	-56.87061	0	32	2021-09-29T06:21:36
12.12906	-56.87103	0	32	2021-09-29T06:26:37
12.12871	-56.87155	0	32	2021-09-29T06:31:35
12.12836	-56.87214	0	32	2021-09-29T06:36:55
12.12797	-56.87283	0	32	2021-09-29T06:41:55
12.12762	-56.87344	0	32	2021-09-29T06:46:34
12.12729	-56.87415	0	32	2021-09-29T06:51:32
12.12695	-56.87479	0	32	2021-09-29T06:56:34
12.12664	-56.87546	0	32	2021-09-29T07:01:33
12.12634	-56.87613	0	32	2021-09-29T07:06:34
12.12608	-56.87686	0	32	2021-09-29T07:11:33
12.12583	-56.87753	0	32	2021-09-29T07:16:35
12.12552	-56.87814	0	32	2021-09-29T07:21:35
12.12519	-56.87878	0	32	2021-09-29T07:26:36
12.12490	-56.87939	0	32	2021-09-29T07:31:34
12.12461	-56.87994	0	32	2021-09-29T07:36:35
12.12421	-56.88053	0	32	2021-09-29T07:41:34
12.12391	-56.88095	0	32	2021-09-29T07:46:33
12.12352	-56.88147	0	32	2021-09-29T07:51:34
12.12313	-56.88199	0	32	2021-09-29T07:56:30
12.12275	-56.88254	0	32	2021-09-29T08:01:30
12.12236	-56.88297	0	32	2021-09-29T08:06:29
12.12194	-56.88345	0	32	2021-09-29T08:11:30
12.12151	-56.88388	0	32	2021-09-29T08:16:29
12.12110	-56.88440	0	32	2021-09-29T08:21:27
12.12071	-56.88488	0	32	2021-09-29T08:26:27
12.12041	-56.88531	0	32	2021-09-29T08:31:26
12.12001	-56.88580	0	32	2021-09-29T08:36:27
12.11954	-56.88641	0	32	2021-09-29T08:41:56
12.11911	-56.88687	0	32	2021-09-29T08:46:27
12.11861	-56.88733	0	32	2021-09-29T08:51:25
12.11804	-56.88785	0	32	2021-09-29T08:56:26
12.11748	-56.88834	0	32	2021-09-29T09:01:23
12.11691	-56.88885	0	32	2021-09-29T09:06:24
12.11634	-56.88931	0	32	2021-09-29T09:11:23
12.11573	-56.88983	0	32	2021-09-29T09:16:21
12.11517	-56.89038	0	32	2021-09-29T09:21:22
12.11460	-56.89087	0	32	2021-09-29T09:26:19
12.11404	-56.89139	0	32	2021-09-29T09:31:20
12.11345	-56.89194	0	32	2021-09-29T09:36:21
12.11223	-56.89304	0	32	2021-09-29T09:46:21
12.11167	-56.89347	0	32	2021-09-29T09:51:20
12.11107	-56.89398	0	32	2021-09-29T09:56:20
12.11053	-56.89447	0	32	2021-09-29T10:01:21
12.10995	-56.89496	0	32	2021-09-29T10:06:19
12.10939	-56.89554	0	32	2021-09-29T10:11:22
12.10886	-56.89612	0	32	2021-09-29T10:16:20
12.10832	-56.89679	0	32	2021-09-29T10:21:17
12.10778	-56.89746	0	32	2021-09-29T10:26:18
12.10723	-56.89819	0	32	2021-09-29T10:31:18
12.10666	-56.89893	0	32	2021-09-29T10:36:19
12.10592	-56.89980	0	32	2021-09-29T10:41:17
12.10543	-56.90027	0	32	2021-09-29T10:46:18
12.10485	-56.90091	0	32	2021-09-29T10:51:18
12.10429	-56.90161	0	32	2021-09-29T10:56:19
12.10376	-56.90231	0	32	2021-09-29T11:01:16
12.10323	-56.90302	0	32	2021-09-29T11:06:19
12.10219	-56.90467	0	32	2021-09-29T11:16:15
12.10168	-56.90536	0	32	2021-09-29T11:21:16
12.10112	-56.90613	0	32	2021-09-29T11:26:16
12.10060	-56.90689	0	32	2021-09-29T11:31:13
12.10010	-56.90768	0	32	2021-09-29T11:36:18
12.09957	-56.90851	0	32	2021-09-29T11:41:38
12.09914	-56.90921	0	32	2021-09-29T11:46:12
12.09869	-56.90991	0	32	2021-09-29T11:51:09
12.09822	-56.91071	0	32	2021-09-29T11:56:10
12.09786	-56.91138	0	32	2021-09-29T12:01:11
12.09740	-56.91217	0	32	2021-09-29T12:06:11
12.09698	-56.91299	0	32	2021-09-29T12:11:09
12.09652	-56.91384	0	32	2021-09-29T12:16:09
12.09613	-56.91470	0	32	2021-09-29T12:21:09
12.09570	-56.91559	0	32	2021-09-29T12:26:10
12.09531	-56.91644	0	32	2021-09-29T12:31:08
12.09488	-56.91721	0	32	2021-09-29T12:36:09
12.09445	-56.91809	0	32	2021-09-29T12:41:25
12.09413	-56.91885	0	32	2021-09-29T12:46:07
12.09383	-56.91962	0	32	2021-09-29T12:51:08
12.09354	-56.92039	0	32	2021-09-29T12:56:06
12.09328	-56.92108	0	32	2021-09-29T13:01:06
12.09297	-56.92192	0	32	2021-09-29T13:06:10
12.09271	-56.92269	0	32	2021-09-29T13:11:10
12.09245	-56.92346	0	32	2021-09-29T13:16:09
12.09220	-56.92426	0	32	2021-09-29T13:21:12
12.09206	-56.92517	0	32	2021-09-29T13:26:13
12.09188	-56.92699	0	32	2021-09-29T13:36:08
12.09190	-56.92780	0	32	2021-09-29T13:41:24
12.09188	-56.92862	0	32	2021-09-29T13:46:08
12.09198	-56.92953	0	32	2021-09-29T13:51:09
12.09214	-56.93042	0	32	2021-09-29T13:56:07
12.09227	-56.93134	0	32	2021-09-29T14:01:08
12.09240	-56.93234	0	32	2021-09-29T14:06:09
12.09245	-56.93332	0	32	2021-09-29T14:11:10
12.09254	-56.93436	0	32	2021-09-29T14:16:08
12.09257	-56.93536	0	32	2021-09-29T14:21:11
12.09261	-56.93631	0	32	2021-09-29T14:26:09
12.09265	-56.93726	0	32	2021-09-29T14:31:10
12.09270	-56.93823	0	32	2021-09-29T14:36:10
12.09278	-56.93942	0	32	2021-09-29T14:41:35
12.09299	-56.94035	0	32	2021-09-29T14:46:15
12.09315	-56.94138	0	32	2021-09-29T14:51:13
12.09337	-56.94232	0	32	2021-09-29T14:56:14
12.09360	-56.94324	0	32	2021-09-29T15:01:15
12.09384	-56.94412	0	32	2021-09-29T15:06:18
12.09411	-56.94507	0	32	2021-09-29T15:11:17
12.09435	-56.94586	0	32	2021-09-29T15:16:21
12.09467	-56.94675	0	32	2021-09-29T15:21:22
12.09501	-56.94769	0	32	2021-09-29T15:26:23
12.09543	-56.94870	0	32	2021-09-29T15:31:55
12.09585	-56.94949	0	32	2021-09-29T15:36:25
12.09637	-56.95050	0	32	2021-09-29T15:41:56
12.09674	-56.95123	0	32	2021-09-29T15:46:22
12.09717	-56.95200	0	32	2021-09-29T15:51:23
12.09764	-56.95288	0	32	2021-09-29T15:56:24
12.09806	-56.95376	0	32	2021-09-29T16:01:24
12.09853	-56.95453	0	32	2021-09-29T16:06:23
12.09904	-56.95535	0	32	2021-09-29T16:11:23
12.09955	-56.95614	0	32	2021-09-29T16:16:23
12.09998	-56.95691	0	32	2021-09-29T16:21:23
12.10098	-56.95834	0	32	2021-09-29T16:31:25
12.10155	-56.95907	0	32	2021-09-29T16:36:58
12.10219	-56.95984	0	32	2021-09-29T16:41:59
12.10267	-56.96045	0	32	2021-09-29T16:46:21
12.10325	-56.96118	0	32	2021-09-29T16:51:18
12.10389	-56.96189	0	32	2021-09-29T16:56:15
12.10453	-56.96249	0	32	2021-09-29T17:01:16
12.10515	-56.96311	0	32	2021-09-29T17:06:13
12.10566	-56.96371	0	32	2021-09-29T17:11:14
12.10618	-56.96429	0	32	2021-09-29T17:16:15
12.10668	-56.96487	0	32	2021-09-29T17:21:12
12.10723	-56.96545	0	32	2021-09-29T17:26:13
12.10782	-56.96609	0	32	2021-09-29T17:31:16
12.10840	-56.96679	0	32	2021-09-29T17:36:13
12.10838	-56.96667	0	32	2021-09-29T17:36:14
12.10896	-56.96739	0	32	2021-09-29T17:41:12
12.10952	-56.96799	0	32	2021-09-29T17:46:12
12.11016	-56.96880	0	32	2021-09-29T17:51:13
12.11013	-56.96866	0	32	2021-09-29T17:51:13
12.11067	-56.96940	0	32	2021-09-29T17:56:13
12.11123	-56.97000	0	32	2021-09-29T18:01:13
12.11173	-56.97064	0	32	2021-09-29T18:06:11
12.11226	-56.97134	0	32	2021-09-29T18:11:12
12.11333	-56.97274	0	32	2021-09-29T18:21:10
12.11379	-56.97327	0	32	2021-09-29T18:26:08
12.11427	-56.97385	0	32	2021-09-29T18:31:11
12.11473	-56.97443	0	32	2021-09-29T18:36:09
12.11521	-56.97500	0	32	2021-09-29T18:41:07
12.11560	-56.97543	0	32	2021-09-29T18:46:07
12.11607	-56.97604	0	32	2021-09-29T18:51:08
12.11649	-56.97659	0	32	2021-09-29T18:56:05
12.11697	-56.97714	0	32	2021-09-29T19:01:06
12.11737	-56.97766	0	32	2021-09-29T19:06:03
12.11777	-56.97809	0	32	2021-09-29T19:11:03
12.11814	-56.97858	0	32	2021-09-29T19:16:01
12.11857	-56.97915	0	32	2021-09-29T19:20:58
12.11896	-56.97966	0	32	2021-09-29T19:25:59
12.11926	-56.98026	0	32	2021-09-29T19:30:59
12.11960	-56.98087	0	32	2021-09-29T19:35:56
12.11996	-56.98157	0	32	2021-09-29T19:41:27
12.12021	-56.98219	0	32	2021-09-29T19:45:54
12.12042	-56.98279	0	32	2021-09-29T19:50:54
12.12068	-56.98351	0	32	2021-09-29T19:55:56
12.12089	-56.98402	0	32	2021-09-29T20:00:56
12.12106	-56.98453	0	32	2021-09-29T20:05:56
12.12121	-56.98510	0	32	2021-09-29T20:10:59
12.12134	-56.98553	0	32	2021-09-29T20:15:59
12.12147	-56.98611	0	32	2021-09-29T20:20:59
12.12159	-56.98670	0	32	2021-09-29T20:25:56
12.12168	-56.98721	0	32	2021-09-29T20:30:55
12.12172	-56.98764	0	32	2021-09-29T20:35:55
12.12175	-56.98822	0	32	2021-09-29T20:41:23
12.12177	-56.98868	0	32	2021-09-29T20:45:54
12.12181	-56.98917	0	32	2021-09-29T20:50:53
12.12189	-56.98965	0	32	2021-09-29T20:55:55
12.12196	-56.99011	0	32	2021-09-29T21:00:55
12.12200	-56.99057	0	32	2021-09-29T21:05:55
12.12195	-56.99097	0	32	2021-09-29T21:11:00
12.12188	-56.99145	0	32	2021-09-29T21:15:51
12.12179	-56.99188	0	32	2021-09-29T21:20:51
12.12178	-56.99234	0	32	2021-09-29T21:25:52
12.12183	-56.99277	0	32	2021-09-29T21:31:00
12.12195	-56.99322	0	32	2021-09-29T21:36:25
12.12199	-56.99365	0	32	2021-09-29T21:41:26
12.12204	-56.99411	0	32	2021-09-29T21:45:48
12.12208	-56.99454	0	32	2021-09-29T21:50:49
12.12221	-56.99509	0	32	2021-09-29T21:55:50
12.12234	-56.99557	0	32	2021-09-29T22:00:50
12.12274	-56.99657	0	32	2021-09-29T22:10:52
12.12291	-56.99704	0	32	2021-09-29T22:15:53
12.12300	-56.99759	0	32	2021-09-29T22:20:53
12.12311	-56.99805	0	32	2021-09-29T22:25:55
12.12316	-56.99857	0	32	2021-09-29T22:30:54
12.12313	-56.99979	0	32	2021-09-29T22:40:53
12.12313	-57.00022	0	32	2021-09-29T22:45:53
12.12309	-57.00073	0	32	2021-09-29T22:50:52
12.12305	-57.00122	0	32	2021-09-29T22:55:53
12.12303	-57.00189	0	32	2021-09-29T23:00:53
12.12300	-57.00256	0	32	2021-09-29T23:05:50
12.12298	-57.00323	0	32	2021-09-29T23:10:55
12.12298	-57.00402	0	32	2021-09-29T23:15:51
12.12294	-57.00462	0	32	2021-09-29T23:20:51
12.12290	-57.00522	0	32	2021-09-29T23:25:50
12.12279	-57.00589	0	32	2021-09-29T23:30:51
12.12264	-57.00650	0	32	2021-09-29T23:35:52
12.12245	-57.00724	0	32	2021-09-29T23:40:52
12.12236	-57.00784	0	32	2021-09-29T23:45:53
12.12228	-57.00858	0	32	2021-09-29T23:50:52
12.12224	-57.00931	0	32	2021-09-29T23:55:54
12.12220	-57.01009	0	32	2021-09-30T00:00:48
12.12221	-57.01071	0	32	2021-09-30T00:05:52
12.12220	-57.01147	0	32	2021-09-30T00:10:49
12.12219	-57.01218	0	32	2021-09-30T00:15:49
12.12224	-57.01299	0	32	2021-09-30T00:20:47
12.12220	-57.01376	0	32	2021-09-30T00:25:47
12.12214	-57.01453	0	32	2021-09-30T00:30:44
12.12207	-57.01526	0	32	2021-09-30T00:35:45
12.12203	-57.01608	0	32	2021-09-30T00:41:06
12.12193	-57.01675	0	32	2021-09-30T00:45:44
12.12178	-57.01746	0	32	2021-09-30T00:50:42
12.12165	-57.01822	0	32	2021-09-30T00:55:45
12.12155	-57.01898	0	32	2021-09-30T01:00:42
12.12144	-57.01987	0	32	2021-09-30T01:05:44
12.12120	-57.02081	0	32	2021-09-30T01:10:44
12.12103	-57.02167	0	32	2021-09-30T01:15:44
12.12085	-57.02255	0	32	2021-09-30T01:20:46
12.12069	-57.02356	0	32	2021-09-30T01:25:43
12.12052	-57.02451	0	32	2021-09-30T01:30:46
12.11972	-57.02739	0	32	2021-09-30T01:45:35
12.11946	-57.02833	0	32	2021-09-30T01:50:36
12.11920	-57.02927	0	32	2021-09-30T01:55:36
12.11892	-57.03024	0	32	2021-09-30T02:00:36
12.11821	-57.03211	0	32	2021-09-30T02:10:28
12.11782	-57.03297	0	32	2021-09-30T02:15:28
12.11748	-57.03391	0	32	2021-09-30T02:20:28
12.11719	-57.03491	0	32	2021-09-30T02:25:26
12.11686	-57.03598	0	32	2021-09-30T02:30:27
12.11650	-57.03702	0	32	2021-09-30T02:35:28
12.11614	-57.03824	0	32	2021-09-30T02:40:56
12.11589	-57.03927	0	32	2021-09-30T02:45:25
12.11568	-57.04047	0	32	2021-09-30T02:50:25
12.11539	-57.04166	0	32	2021-09-30T02:55:23
12.11513	-57.04269	0	32	2021-09-30T03:00:23
12.11484	-57.04379	0	32	2021-09-30T03:05:22
12.11454	-57.04492	0	32	2021-09-30T03:10:21
12.11429	-57.04596	0	32	2021-09-30T03:15:20
12.11395	-57.04706	0	32	2021-09-30T03:20:23
12.11333	-57.04918	0	32	2021-09-30T03:30:56
12.11303	-57.05012	0	32	2021-09-30T03:35:56
12.11247	-57.05106	0	32	2021-09-30T03:40:55
12.11208	-57.05197	0	32	2021-09-30T03:45:21
12.11166	-57.05312	0	32	2021-09-30T03:50:24
12.11132	-57.05415	0	32	2021-09-30T03:55:23
12.11098	-57.05527	0	32	2021-09-30T04:00:23
12.11061	-57.05630	0	32	2021-09-30T04:05:23
12.11018	-57.05740	0	32	2021-09-30T04:10:21
12.10978	-57.05857	0	32	2021-09-30T04:15:26
12.10944	-57.05960	0	32	2021-09-30T04:20:26
12.10911	-57.06064	0	32	2021-09-30T04:25:24
12.10874	-57.06180	0	32	2021-09-30T04:30:25
12.10841	-57.06302	0	32	2021-09-30T04:35:26
12.10802	-57.06436	0	32	2021-09-30T04:40:56
12.10766	-57.06540	0	32	2021-09-30T04:45:23
12.10731	-57.06659	0	32	2021-09-30T04:50:25
12.10686	-57.06779	0	32	2021-09-30T04:55:25
12.10647	-57.06882	0	32	2021-09-30T05:00:26
12.10608	-57.06985	0	32	2021-09-30T05:05:26
12.10569	-57.07093	0	32	2021-09-30T05:10:27
12.10539	-57.07205	0	32	2021-09-30T05:15:27
12.10506	-57.07322	0	32	2021-09-30T05:20:28
12.10485	-57.07434	0	32	2021-09-30T05:25:27
12.10467	-57.07559	0	32	2021-09-30T05:30:30
12.10453	-57.07690	0	32	2021-09-30T05:35:31
12.10440	-57.07828	0	32	2021-09-30T05:40:56
12.10439	-57.07944	0	32	2021-09-30T05:45:26
12.10439	-57.08078	0	32	2021-09-30T05:50:27
12.10439	-57.08215	0	32	2021-09-30T05:55:26
12.10438	-57.08356	0	32	2021-09-30T06:00:27
12.10439	-57.08484	0	32	2021-09-30T06:05:25
12.10438	-57.08612	0	32	2021-09-30T06:10:25
12.10434	-57.08746	0	32	2021-09-30T06:15:28
12.10449	-57.08881	0	32	2021-09-30T06:20:24
12.10453	-57.09001	0	32	2021-09-30T06:25:24
12.10453	-57.09113	0	32	2021-09-30T06:30:23
12.10461	-57.09229	0	32	2021-09-30T06:35:26
12.10473	-57.09364	0	32	2021-09-30T06:40:28
12.10482	-57.09467	0	32	2021-09-30T06:45:28
12.10501	-57.09592	0	32	2021-09-30T06:50:28
12.10555	-57.09842	0	32	2021-09-30T07:00:28
12.10581	-57.09967	0	32	2021-09-30T07:05:29
12.10613	-57.10092	0	32	2021-09-30T07:10:32
12.10640	-57.10214	0	32	2021-09-30T07:15:30
12.10670	-57.10336	0	32	2021-09-30T07:20:31
12.10694	-57.10452	0	32	2021-09-30T07:25:32
12.10730	-57.10572	0	32	2021-09-30T07:30:29
12.10764	-57.10675	0	32	2021-09-30T07:35:29
12.10805	-57.10791	0	32	2021-09-30T07:40:56
12.10841	-57.10889	0	32	2021-09-30T07:45:34
12.10884	-57.10992	0	32	2021-09-30T07:50:33
12.10924	-57.11102	0	32	2021-09-30T07:55:41
12.10959	-57.11209	0	32	2021-09-30T08:00:36
12.11006	-57.11319	0	32	2021-09-30T08:05:34
12.11048	-57.11439	0	32	2021-09-30T08:10:39
12.11087	-57.11542	0	32	2021-09-30T08:15:39
12.11127	-57.11658	0	32	2021-09-30T08:20:37
12.11159	-57.11774	0	32	2021-09-30T08:25:37
12.11199	-57.11884	0	32	2021-09-30T08:30:41
12.11229	-57.11987	0	32	2021-09-30T08:35:40
12.11268	-57.12100	0	32	2021-09-30T08:40:56
12.11303	-57.12207	0	32	2021-09-30T08:45:38
12.11340	-57.12330	0	32	2021-09-30T08:50:38
12.11374	-57.12442	0	32	2021-09-30T08:55:38
12.11397	-57.12570	0	32	2021-09-30T09:00:39
12.11421	-57.12694	0	32	2021-09-30T09:05:36
12.11434	-57.12823	0	32	2021-09-30T09:10:35
12.11452	-57.12961	0	32	2021-09-30T09:15:38
12.11466	-57.13089	0	32	2021-09-30T09:20:40
12.11479	-57.13220	0	32	2021-09-30T09:25:40
12.11484	-57.13358	0	32	2021-09-30T09:30:41
12.11488	-57.13489	0	32	2021-09-30T09:35:42
12.11497	-57.13628	0	32	2021-09-30T09:40:43
12.11506	-57.13748	0	32	2021-09-30T09:45:44
12.11511	-57.13885	0	32	2021-09-30T09:50:44
12.11521	-57.14023	0	32	2021-09-30T09:55:46
12.11530	-57.14154	0	32	2021-09-30T10:00:49
12.11522	-57.14291	0	32	2021-09-30T10:05:52
12.11513	-57.14420	0	32	2021-09-30T10:10:52
12.11497	-57.14557	0	32	2021-09-30T10:15:53
12.11484	-57.14701	0	32	2021-09-30T10:20:52
12.11471	-57.14838	0	32	2021-09-30T10:25:51
12.11456	-57.14975	0	32	2021-09-30T10:30:52
12.11442	-57.15126	0	32	2021-09-30T10:36:24
12.11429	-57.15280	0	32	2021-09-30T10:41:24
12.11415	-57.15402	0	32	2021-09-30T10:45:50
12.11396	-57.15536	0	32	2021-09-30T10:50:51
12.11380	-57.15671	0	32	2021-09-30T10:55:48
12.11354	-57.15805	0	32	2021-09-30T11:00:50
12.11321	-57.15936	0	32	2021-09-30T11:05:52
12.11295	-57.16074	0	32	2021-09-30T11:10:50
12.11269	-57.16211	0	32	2021-09-30T11:15:48
12.11248	-57.16348	0	32	2021-09-30T11:20:49
12.11230	-57.16507	0	32	2021-09-30T11:25:49
12.11217	-57.16644	0	32	2021-09-30T11:30:49
12.11201	-57.16785	0	32	2021-09-30T11:35:47
12.11188	-57.16956	0	32	2021-09-30T11:41:26
12.11182	-57.17081	0	32	2021-09-30T11:45:46
12.11172	-57.17227	0	32	2021-09-30T11:50:46
12.11156	-57.17380	0	32	2021-09-30T11:55:46
12.11128	-57.17542	0	32	2021-09-30T12:00:48
12.11111	-57.17688	0	32	2021-09-30T12:05:49
12.11102	-57.17834	0	32	2021-09-30T12:10:49
12.11084	-57.17981	0	32	2021-09-30T12:15:47
12.11062	-57.18135	0	32	2021-09-30T12:20:51
12.11045	-57.18281	0	32	2021-09-30T12:25:51
12.11028	-57.18427	0	32	2021-09-30T12:30:50
12.11009	-57.18575	0	32	2021-09-30T12:36:25
12.11000	-57.18729	0	32	2021-09-30T12:41:26
12.10992	-57.18866	0	32	2021-09-30T12:45:50
12.10983	-57.19012	0	32	2021-09-30T12:50:49
12.10973	-57.19159	0	32	2021-09-30T12:55:49
12.10962	-57.19302	0	32	2021-09-30T13:00:50
12.10952	-57.19452	0	32	2021-09-30T13:05:48
12.10939	-57.19598	0	32	2021-09-30T13:10:48
12.10918	-57.19745	0	32	2021-09-30T13:15:46
12.10893	-57.19894	0	32	2021-09-30T13:20:47
12.10877	-57.20047	0	32	2021-09-30T13:25:46
12.10853	-57.20200	0	32	2021-09-30T13:31:06
12.10836	-57.20354	0	32	2021-09-30T13:36:05
12.10806	-57.20526	0	32	2021-09-30T13:41:05
12.10780	-57.20673	0	32	2021-09-30T13:45:43
12.10759	-57.20833	0	32	2021-09-30T13:50:40
12.10750	-57.20987	0	32	2021-09-30T13:55:40
12.10738	-57.21146	0	32	2021-09-30T14:00:41
12.10721	-57.21301	0	32	2021-09-30T14:05:38
12.10682	-57.21638	0	32	2021-09-30T14:15:29
12.10678	-57.21796	0	32	2021-09-30T14:20:33
12.10661	-57.21973	0	32	2021-09-30T14:25:30
12.10647	-57.22150	0	32	2021-09-30T14:30:30
12.10638	-57.22318	0	32	2021-09-30T14:35:56
12.10634	-57.22507	0	32	2021-09-30T14:40:56
12.10618	-57.22672	0	32	2021-09-30T14:45:33
12.10606	-57.22864	0	32	2021-09-30T14:50:34
12.10602	-57.23053	0	32	2021-09-30T14:55:35
12.10602	-57.23233	0	32	2021-09-30T15:00:35
12.10609	-57.23413	0	32	2021-09-30T15:05:34
12.10636	-57.23598	0	32	2021-09-30T15:10:38
12.10653	-57.23761	0	32	2021-09-30T15:15:38
12.10715	-57.24253	0	32	2021-09-30T15:30:57
12.10745	-57.24425	0	32	2021-09-30T15:35:58
12.10779	-57.24597	0	32	2021-09-30T15:40:58
12.10811	-57.24741	0	32	2021-09-30T15:45:32
12.10851	-57.24899	0	32	2021-09-30T15:50:36
12.10886	-57.25060	0	32	2021-09-30T15:55:38
12.10920	-57.25214	0	32	2021-09-30T16:00:38
12.10961	-57.25377	0	32	2021-09-30T16:05:39
12.11004	-57.25531	0	32	2021-09-30T16:10:39
12.11037	-57.25681	0	32	2021-09-30T16:15:38
12.11083	-57.25836	0	32	2021-09-30T16:20:41
12.11130	-57.25992	0	32	2021-09-30T16:25:39
12.11177	-57.26138	0	32	2021-09-30T16:30:41
12.11231	-57.26288	0	32	2021-09-30T16:35:41
12.11277	-57.26459	0	32	2021-09-30T16:41:08
12.11332	-57.26599	0	32	2021-09-30T16:45:43
12.11397	-57.26749	0	32	2021-09-30T16:50:44
12.11467	-57.26898	0	32	2021-09-30T16:55:44
12.11604	-57.27197	0	32	2021-09-30T17:05:42
12.11671	-57.27344	0	32	2021-09-30T17:10:42
12.11737	-57.27490	0	32	2021-09-30T17:15:43
12.11800	-57.27631	0	32	2021-09-30T17:20:45
12.11863	-57.27777	0	32	2021-09-30T17:25:42
12.11927	-57.27927	0	32	2021-09-30T17:30:45
12.11985	-57.28079	0	32	2021-09-30T17:35:43
12.12046	-57.28240	0	32	2021-09-30T17:40:43
12.12102	-57.28369	0	32	2021-09-30T17:45:42
12.12163	-57.28513	0	32	2021-09-30T17:50:43
12.12223	-57.28665	0	32	2021-09-30T17:55:42
12.12283	-57.28818	0	32	2021-09-30T18:00:43
12.12339	-57.28968	0	32	2021-09-30T18:05:40
12.12395	-57.29105	0	32	2021-09-30T18:10:39
12.12453	-57.29245	0	32	2021-09-30T18:15:41
12.12504	-57.29379	0	32	2021-09-30T18:20:42
12.12563	-57.29520	0	32	2021-09-30T18:25:40
12.12619	-57.29657	0	32	2021-09-30T18:30:41
12.12675	-57.29794	0	32	2021-09-30T18:35:39
12.12732	-57.29944	0	32	2021-09-30T18:40:55
12.12789	-57.30097	0	32	2021-09-30T18:45:41
12.12853	-57.30234	0	32	2021-09-30T18:50:41
12.12913	-57.30371	0	32	2021-09-30T18:55:42
12.12985	-57.30524	0	32	2021-09-30T19:00:41
12.13046	-57.30670	0	32	2021-09-30T19:05:40
12.13104	-57.30826	0	32	2021-09-30T19:10:41
12.13170	-57.30984	0	32	2021-09-30T19:15:41
12.13244	-57.31153	0	32	2021-09-30T19:20:43
12.13317	-57.31305	0	32	2021-09-30T19:25:39
12.13386	-57.31461	0	32	2021-09-30T19:30:44
12.13451	-57.31607	0	32	2021-09-30T19:35:45
12.13515	-57.31766	0	32	2021-09-30T19:41:09
12.13576	-57.31909	0	32	2021-09-30T19:45:42
12.13720	-57.32227	0	32	2021-09-30T19:55:40
12.13777	-57.32379	0	32	2021-09-30T20:00:41
12.13844	-57.32535	0	32	2021-09-30T20:05:39
12.13910	-57.32690	0	32	2021-09-30T20:10:42
12.13980	-57.32849	0	32	2021-09-30T20:15:40
12.14045	-57.33002	0	32	2021-09-30T20:20:40
12.14116	-57.33148	0	32	2021-09-30T20:25:42
12.14259	-57.33442	0	32	2021-09-30T20:35:42
12.14358	-57.33596	0	32	2021-09-30T20:40:41
12.14418	-57.33725	0	32	2021-09-30T20:45:41
12.14486	-57.33862	0	32	2021-09-30T20:50:39
12.14554	-57.33993	0	32	2021-09-30T20:55:39
12.14618	-57.34122	0	32	2021-09-30T21:00:40
12.14751	-57.34386	0	32	2021-09-30T21:10:39
12.14811	-57.34515	0	32	2021-09-30T21:15:39
12.14867	-57.34644	0	32	2021-09-30T21:20:40
12.14929	-57.34766	0	32	2021-09-30T21:25:36
12.14976	-57.34888	0	32	2021-09-30T21:30:34
12.15025	-57.35021	0	32	2021-09-30T21:35:34
12.15072	-57.35133	0	32	2021-09-30T21:40:35
12.15115	-57.35236	0	32	2021-09-30T21:45:35
12.15161	-57.35345	0	32	2021-09-30T21:50:33
12.15211	-57.35455	0	32	2021-09-30T21:55:34
12.15264	-57.35562	0	32	2021-09-30T22:00:35
12.15318	-57.35675	0	32	2021-09-30T22:05:33
12.15360	-57.35779	0	32	2021-09-30T22:10:36
12.15408	-57.35895	0	32	2021-09-30T22:15:34
12.15455	-57.35988	0	32	2021-09-30T22:20:37
12.15490	-57.36102	0	32	2021-09-30T22:25:38
12.15528	-57.36203	0	32	2021-09-30T22:30:36
12.15570	-57.36304	0	32	2021-09-30T22:35:40
12.15614	-57.36417	0	32	2021-09-30T22:40:57
12.15658	-57.36508	0	32	2021-09-30T22:45:41
12.15722	-57.36608	0	32	2021-09-30T22:50:42
12.15795	-57.36685	0	32	2021-09-30T22:55:41
12.15867	-57.36777	0	32	2021-09-30T23:00:38
12.15943	-57.36862	0	32	2021-09-30T23:05:38
12.16001	-57.36942	0	32	2021-09-30T23:10:42
12.16052	-57.37027	0	32	2021-09-30T23:15:44
12.16100	-57.37112	0	32	2021-09-30T23:20:41
12.16144	-57.37195	0	32	2021-09-30T23:25:42
12.16180	-57.37277	0	32	2021-09-30T23:30:41
12.16213	-57.37360	0	32	2021-09-30T23:35:39
12.16243	-57.37454	0	32	2021-09-30T23:40:58
12.16264	-57.37534	0	32	2021-09-30T23:45:38
12.16286	-57.37616	0	32	2021-09-30T23:50:39
12.16301	-57.37708	0	32	2021-09-30T23:55:38
12.16323	-57.37799	0	32	2021-10-01T00:00:39
12.16349	-57.37895	0	32	2021-10-01T00:05:40
12.16362	-57.37989	0	32	2021-10-01T00:10:39
12.16379	-57.38083	0	32	2021-10-01T00:15:39
12.16389	-57.38177	0	32	2021-10-01T00:20:38
12.16398	-57.38272	0	32	2021-10-01T00:25:35
12.16412	-57.38371	0	32	2021-10-01T00:30:56
12.16416	-57.38465	0	32	2021-10-01T00:35:56
12.16429	-57.38559	0	32	2021-10-01T00:40:55
12.16439	-57.38632	0	32	2021-10-01T00:45:28
12.16445	-57.38712	0	32	2021-10-01T00:50:29
12.16442	-57.38791	0	32	2021-10-01T00:55:29
12.16434	-57.38858	0	32	2021-10-01T01:00:24
12.16435	-57.38928	0	32	2021-10-01T01:05:24
12.16443	-57.39001	0	32	2021-10-01T01:10:21
12.16446	-57.39073	0	32	2021-10-01T01:15:18
12.16455	-57.39142	0	32	2021-10-01T01:20:18
12.16460	-57.39215	0	32	2021-10-01T01:25:19
12.16463	-57.39285	0	32	2021-10-01T01:30:19
12.16472	-57.39362	0	32	2021-10-01T01:35:19
12.16487	-57.39470	0	32	2021-10-01T01:40:22
12.16496	-57.39539	0	32	2021-10-01T01:45:22
12.16511	-57.39630	0	32	2021-10-01T01:50:20
12.16521	-57.39715	0	32	2021-10-01T01:55:21
12.16521	-57.39801	0	32	2021-10-01T02:00:22
12.16520	-57.39883	0	32	2021-10-01T02:05:23
12.16523	-57.39977	0	32	2021-10-01T02:10:27
12.16531	-57.40057	0	32	2021-10-01T02:15:27
12.16541	-57.40140	0	32	2021-10-01T02:20:26
12.16547	-57.40216	0	32	2021-10-01T02:25:26
12.16559	-57.40298	0	32	2021-10-01T02:30:23
12.16562	-57.40378	0	32	2021-10-01T02:35:24
12.16547	-57.40460	0	32	2021-10-01T02:40:56
12.16537	-57.40524	0	32	2021-10-01T02:45:25
12.16532	-57.40591	0	32	2021-10-01T02:50:25
12.16535	-57.40662	0	32	2021-10-01T02:55:24
12.16544	-57.40731	0	32	2021-10-01T03:00:25
12.16548	-57.40808	0	32	2021-10-01T03:05:25
12.16558	-57.40884	0	32	2021-10-01T03:10:19
12.16575	-57.40961	0	32	2021-10-01T03:15:19
12.16597	-57.41034	0	32	2021-10-01T03:20:19
12.16616	-57.41113	0	32	2021-10-01T03:25:16
12.16641	-57.41270	0	32	2021-10-01T03:35:15
12.16658	-57.41356	0	32	2021-10-01T03:40:15
12.16662	-57.41425	0	32	2021-10-01T03:45:14
12.16676	-57.41507	0	32	2021-10-01T03:50:13
12.16694	-57.41580	0	32	2021-10-01T03:55:10
12.16707	-57.41669	0	32	2021-10-01T04:00:08
12.16723	-57.41760	0	32	2021-10-01T04:05:11
12.16740	-57.41843	0	32	2021-10-01T04:10:09
12.16747	-57.41913	0	32	2021-10-01T04:15:07
12.16754	-57.41980	0	32	2021-10-01T04:20:07
12.16763	-57.42053	0	32	2021-10-01T04:25:07
12.16771	-57.42133	0	32	2021-10-01T04:30:08
12.16784	-57.42218	0	32	2021-10-01T04:35:05
12.16805	-57.42310	0	32	2021-10-01T04:40:25
12.16817	-57.42380	0	32	2021-10-01T04:45:05
12.16821	-57.42456	0	32	2021-10-01T04:50:08
12.16821	-57.42532	0	32	2021-10-01T04:55:10
12.16835	-57.42612	0	32	2021-10-01T05:00:09
12.16842	-57.42694	0	32	2021-10-01T05:05:11
12.16852	-57.42780	0	32	2021-10-01T05:10:09
12.16860	-57.42862	0	32	2021-10-01T05:15:09
12.16877	-57.42947	0	32	2021-10-01T05:20:10
12.16887	-57.43033	0	32	2021-10-01T05:25:14
12.16900	-57.43130	0	32	2021-10-01T05:30:12
12.16903	-57.43237	0	32	2021-10-01T05:35:11
12.16894	-57.43347	0	32	2021-10-01T05:40:36
12.16887	-57.43433	0	32	2021-10-01T05:45:07
12.16890	-57.43515	0	32	2021-10-01T05:50:08
12.16891	-57.43613	0	32	2021-10-01T05:55:08
12.16900	-57.43707	0	32	2021-10-01T06:00:04
12.16908	-57.43814	0	32	2021-10-01T06:05:06
12.16920	-57.43909	0	32	2021-10-01T06:10:04
12.16936	-57.44003	0	32	2021-10-01T06:14:59
12.16945	-57.44095	0	32	2021-10-01T06:19:57
12.16960	-57.44177	0	32	2021-10-01T06:24:59
12.16978	-57.44270	0	32	2021-10-01T06:30:00
12.16982	-57.44373	0	32	2021-10-01T06:35:00
12.16987	-57.44476	0	32	2021-10-01T06:40:24
12.17008	-57.44565	0	32	2021-10-01T06:45:01
12.17042	-57.44664	0	32	2021-10-01T06:50:02
12.17063	-57.44741	0	32	2021-10-01T06:55:02
12.17072	-57.44827	0	32	2021-10-01T07:00:01
12.17094	-57.44919	0	32	2021-10-01T07:05:00
12.17117	-57.45020	0	32	2021-10-01T07:10:02
12.17132	-57.45114	0	32	2021-10-01T07:14:59
12.17149	-57.45218	0	32	2021-10-01T07:20:00
12.17159	-57.45313	0	32	2021-10-01T07:25:00
12.17168	-57.45425	0	32	2021-10-01T07:30:00
12.17183	-57.45538	0	32	2021-10-01T07:35:25
12.17192	-57.45667	0	32	2021-10-01T07:40:26
12.17205	-57.45779	0	32	2021-10-01T07:44:56
12.17214	-57.45905	0	32	2021-10-01T07:49:57
12.17240	-57.46038	0	32	2021-10-01T07:54:55
12.17253	-57.46167	0	32	2021-10-01T07:59:55
12.17265	-57.46295	0	32	2021-10-01T08:04:56
12.17259	-57.46429	0	32	2021-10-01T08:09:53
12.17264	-57.46561	0	32	2021-10-01T08:14:53
12.17267	-57.46692	0	32	2021-10-01T08:19:50
12.17272	-57.46823	0	32	2021-10-01T08:24:47
12.17287	-57.46951	0	32	2021-10-01T08:29:48
12.17296	-57.47090	0	32	2021-10-01T08:34:46
12.17300	-57.47236	0	32	2021-10-01T08:39:46
12.17309	-57.47348	0	32	2021-10-01T08:44:47
12.17317	-57.47470	0	32	2021-10-01T08:49:48
12.17317	-57.47589	0	32	2021-10-01T08:54:45
12.17328	-57.47705	0	32	2021-10-01T08:59:43
12.17339	-57.47830	0	32	2021-10-01T09:04:43
12.17351	-57.47943	0	32	2021-10-01T09:09:44
12.17367	-57.48050	0	32	2021-10-01T09:14:45
12.17379	-57.48167	0	32	2021-10-01T09:19:42
12.17392	-57.48279	0	32	2021-10-01T09:24:42
12.17397	-57.48392	0	32	2021-10-01T09:29:40
12.17401	-57.48499	0	32	2021-10-01T09:34:41
12.17406	-57.48611	0	32	2021-10-01T09:40:07
12.17412	-57.48707	0	32	2021-10-01T09:44:39
12.17416	-57.48810	0	32	2021-10-01T09:49:39
12.17427	-57.48923	0	32	2021-10-01T09:54:41
12.17427	-57.49048	0	32	2021-10-01T09:59:40
12.17438	-57.49170	0	32	2021-10-01T10:04:42
12.17443	-57.49289	0	32	2021-10-01T10:09:42
12.17443	-57.49414	0	32	2021-10-01T10:14:43
12.17445	-57.49541	0	32	2021-10-01T10:19:44
12.17449	-57.49661	0	32	2021-10-01T10:24:45
12.17450	-57.49782	0	32	2021-10-01T10:29:45
12.17459	-57.49902	0	32	2021-10-01T10:34:44
12.17467	-57.50040	0	32	2021-10-01T10:40:06
12.17477	-57.50162	0	32	2021-10-01T10:44:43
12.17482	-57.50284	0	32	2021-10-01T10:49:42
12.17480	-57.50415	0	32	2021-10-01T10:54:43
12.17483	-57.50552	0	32	2021-10-01T10:59:40
12.17490	-57.50696	0	32	2021-10-01T11:04:44
12.17500	-57.50845	0	32	2021-10-01T11:09:44
12.17513	-57.50992	0	32	2021-10-01T11:14:43
12.17532	-57.51276	0	32	2021-10-01T11:24:45
12.17544	-57.51427	0	32	2021-10-01T11:30:23
12.17546	-57.51566	0	32	2021-10-01T11:34:49
12.17552	-57.51736	0	32	2021-10-01T11:40:24
12.17547	-57.51868	0	32	2021-10-01T11:44:52
12.17551	-57.52005	0	32	2021-10-01T11:49:52
12.17553	-57.52148	0	32	2021-10-01T11:54:52
12.17556	-57.52307	0	32	2021-10-01T11:59:54
12.17576	-57.52631	0	32	2021-10-01T12:09:54
12.17583	-57.52789	0	32	2021-10-01T12:14:52
12.17594	-57.52957	0	32	2021-10-01T12:19:53
12.17598	-57.53128	0	32	2021-10-01T12:24:51
12.17612	-57.53456	0	32	2021-10-01T12:34:52
12.17625	-57.53645	0	32	2021-10-01T12:39:52
12.17638	-57.53799	0	32	2021-10-01T12:44:51
12.17652	-57.53970	0	32	2021-10-01T12:49:50
12.17665	-57.54303	0	32	2021-10-01T12:59:48
12.17668	-57.54456	0	32	2021-10-01T13:04:45
12.17669	-57.54614	0	32	2021-10-01T13:09:46
12.17671	-57.54761	0	32	2021-10-01T13:14:44
12.17664	-57.54917	0	32	2021-10-01T13:19:44
12.17668	-57.55063	0	32	2021-10-01T13:24:44
12.17672	-57.55212	0	32	2021-10-01T13:29:42
12.17698	-57.55538	0	32	2021-10-01T13:39:44
12.17698	-57.55652	0	32	2021-10-01T13:44:43
12.17707	-57.55795	0	32	2021-10-01T13:49:44
12.17710	-57.55948	0	32	2021-10-01T13:54:42
12.17716	-57.56100	0	32	2021-10-01T13:59:43
12.17727	-57.56253	0	32	2021-10-01T14:04:40
12.17753	-57.56421	0	32	2021-10-01T14:09:41
12.17831	-57.56733	0	32	2021-10-01T14:19:40
12.17857	-57.56870	0	32	2021-10-01T14:24:40
12.17883	-57.57007	0	32	2021-10-01T14:29:41
12.17904	-57.57135	0	32	2021-10-01T14:34:38
12.17927	-57.57272	0	32	2021-10-01T14:39:59
12.17945	-57.57394	0	32	2021-10-01T14:44:42
12.17973	-57.57526	0	32	2021-10-01T14:49:41
12.17997	-57.57659	0	32	2021-10-01T14:54:41
12.18014	-57.57788	0	32	2021-10-01T14:59:42
12.18031	-57.57938	0	32	2021-10-01T15:04:43
12.18044	-57.58084	0	32	2021-10-01T15:09:43
12.18047	-57.58228	0	32	2021-10-01T15:14:41
12.18045	-57.58373	0	32	2021-10-01T15:19:42
12.18054	-57.58527	0	32	2021-10-01T15:24:42
12.18061	-57.58691	0	32	2021-10-01T15:29:43
12.18073	-57.58860	0	32	2021-10-01T15:34:44
12.18087	-57.59042	0	32	2021-10-01T15:40:24
12.18107	-57.59186	0	32	2021-10-01T15:44:43
12.18123	-57.59354	0	32	2021-10-01T15:49:43
12.18138	-57.59515	0	32	2021-10-01T15:54:41
12.18155	-57.59694	0	32	2021-10-01T15:59:45
12.18185	-57.59866	0	32	2021-10-01T16:04:45
12.18211	-57.60046	0	32	2021-10-01T16:09:45
12.18225	-57.60223	0	32	2021-10-01T16:14:44
12.18237	-57.60391	0	32	2021-10-01T16:19:45
12.18258	-57.60567	0	32	2021-10-01T16:24:46
12.18275	-57.60730	0	32	2021-10-01T16:29:46
12.18297	-57.60904	0	32	2021-10-01T16:34:50
12.18327	-57.61093	0	32	2021-10-01T16:40:27
12.18344	-57.61243	0	32	2021-10-01T16:44:53
12.18356	-57.61401	0	32	2021-10-01T16:49:49
12.18373	-57.61560	0	32	2021-10-01T16:54:49
12.18388	-57.61713	0	32	2021-10-01T16:59:50
12.18404	-57.61874	0	32	2021-10-01T17:04:48
12.18436	-57.62031	0	32	2021-10-01T17:09:49
12.18453	-57.62203	0	32	2021-10-01T17:14:50
12.18470	-57.62375	0	32	2021-10-01T17:19:50
12.18500	-57.62552	0	32	2021-10-01T17:24:51
12.18530	-57.62723	0	32	2021-10-01T17:29:48
12.18563	-57.62881	0	32	2021-10-01T17:34:49
12.18599	-57.63046	0	32	2021-10-01T17:40:10
12.18666	-57.63334	0	32	2021-10-01T17:49:40
12.18687	-57.63480	0	32	2021-10-01T17:54:41
12.18730	-57.63626	0	32	2021-10-01T17:59:41
12.18770	-57.63785	0	32	2021-10-01T18:04:39
12.18808	-57.63932	0	32	2021-10-01T18:09:37
12.18829	-57.64069	0	32	2021-10-01T18:14:37
12.18858	-57.64218	0	32	2021-10-01T18:19:39
12.18882	-57.64371	0	32	2021-10-01T18:24:41
12.18909	-57.64532	0	32	2021-10-01T18:29:38
12.18935	-57.64694	0	32	2021-10-01T18:34:39
12.18960	-57.64871	0	32	2021-10-01T18:39:57
12.18984	-57.65024	0	32	2021-10-01T18:44:33
12.19018	-57.65198	0	32	2021-10-01T18:49:31
12.19044	-57.65359	0	32	2021-10-01T18:54:32
12.19083	-57.65533	0	32	2021-10-01T18:59:32
12.19123	-57.65704	0	32	2021-10-01T19:04:33
12.19161	-57.65866	0	32	2021-10-01T19:09:31
12.19188	-57.66041	0	32	2021-10-01T19:14:32
12.19227	-57.66204	0	32	2021-10-01T19:19:33
12.19261	-57.66367	0	32	2021-10-01T19:24:33
12.19317	-57.66678	0	32	2021-10-01T19:34:30
12.19349	-57.66846	0	32	2021-10-01T19:39:31
12.19370	-57.66983	0	32	2021-10-01T19:44:30
12.19401	-57.67142	0	32	2021-10-01T19:49:33
12.19472	-57.67469	0	32	2021-10-01T19:59:33
12.19522	-57.67630	0	32	2021-10-01T20:04:36
12.19592	-57.67804	0	32	2021-10-01T20:09:34
12.19656	-57.67972	0	32	2021-10-01T20:14:33
12.19728	-57.68149	0	32	2021-10-01T20:19:34
12.19798	-57.68307	0	32	2021-10-01T20:24:32
12.19863	-57.68451	0	32	2021-10-01T20:29:33
12.19934	-57.68599	0	32	2021-10-01T20:34:31
12.20011	-57.68753	0	32	2021-10-01T20:39:31
12.20080	-57.68890	0	32	2021-10-01T20:44:32
12.20158	-57.69034	0	32	2021-10-01T20:49:31
12.20229	-57.69174	0	32	2021-10-01T20:54:32
12.20295	-57.69308	0	32	2021-10-01T20:59:33
12.20371	-57.69431	0	32	2021-10-01T21:04:31
12.20438	-57.69574	0	32	2021-10-01T21:09:32
12.20505	-57.69705	0	32	2021-10-01T21:14:36
12.20577	-57.69821	0	32	2021-10-01T21:19:34
12.20648	-57.69946	0	32	2021-10-01T21:24:37
12.20716	-57.70071	0	32	2021-10-01T21:29:36
12.20797	-57.70187	0	32	2021-10-01T21:34:39
12.20907	-57.70316	0	32	2021-10-01T21:39:42
12.20971	-57.70419	0	32	2021-10-01T21:44:42
12.21054	-57.70542	0	32	2021-10-01T21:49:42
12.21136	-57.70645	0	32	2021-10-01T21:54:41
12.21213	-57.70755	0	32	2021-10-01T21:59:40
12.21297	-57.70853	0	32	2021-10-01T22:04:41
12.21376	-57.70941	0	32	2021-10-01T22:09:39
12.21440	-57.71039	0	32	2021-10-01T22:14:38
12.21530	-57.71128	0	32	2021-10-01T22:19:35
12.21599	-57.71222	0	32	2021-10-01T22:24:34
12.21667	-57.71329	0	32	2021-10-01T22:29:35
12.21729	-57.71432	0	32	2021-10-01T22:34:32
12.21788	-57.71561	0	32	2021-10-01T22:39:58
12.21828	-57.71686	0	32	2021-10-01T22:44:30
12.21875	-57.71811	0	32	2021-10-01T22:49:27
12.21926	-57.71923	0	32	2021-10-01T22:54:27
12.21982	-57.72043	0	32	2021-10-01T22:59:28
12.22033	-57.72150	0	32	2021-10-01T23:04:25
12.22080	-57.72254	0	32	2021-10-01T23:09:34
12.22123	-57.72357	0	32	2021-10-01T23:14:34
12.22173	-57.72464	0	32	2021-10-01T23:19:26
12.22279	-57.72685	0	32	2021-10-01T23:29:57
12.22326	-57.72788	0	32	2021-10-01T23:34:57
12.22382	-57.72900	0	32	2021-10-01T23:39:58
12.22435	-57.72983	0	32	2021-10-01T23:44:25
12.22477	-57.73083	0	32	2021-10-01T23:49:21
12.22528	-57.73181	0	32	2021-10-01T23:54:21
12.22570	-57.73282	0	32	2021-10-01T23:59:18
12.22607	-57.73376	0	32	2021-10-02T00:04:17
12.22641	-57.73477	0	32	2021-10-02T00:09:17
12.22673	-57.73581	0	32	2021-10-02T00:14:14
12.22700	-57.73688	0	32	2021-10-02T00:19:11
12.22732	-57.73798	0	32	2021-10-02T00:24:12
12.22764	-57.73911	0	32	2021-10-02T00:29:12
12.22789	-57.74020	0	32	2021-10-02T00:34:13
12.22821	-57.74149	0	32	2021-10-02T00:39:15
12.22847	-57.74243	0	32	2021-10-02T00:44:15
12.22885	-57.74356	0	32	2021-10-02T00:49:15
12.22918	-57.74479	0	32	2021-10-02T00:54:14
12.22935	-57.74582	0	32	2021-10-02T00:59:14
12.22966	-57.74701	0	32	2021-10-02T01:04:15
12.22978	-57.74814	0	32	2021-10-02T01:09:12
12.22991	-57.74924	0	32	2021-10-02T01:14:13
12.23005	-57.75045	0	32	2021-10-02T01:19:13
12.23009	-57.75165	0	32	2021-10-02T01:24:14
12.23026	-57.75284	0	32	2021-10-02T01:29:07
12.23046	-57.75412	0	32	2021-10-02T01:34:08
12.23050	-57.75532	0	32	2021-10-02T01:39:09
12.23054	-57.75644	0	32	2021-10-02T01:44:09
12.23058	-57.75768	0	32	2021-10-02T01:49:03
12.23062	-57.75888	0	32	2021-10-02T01:54:04
12.23059	-57.76001	0	32	2021-10-02T01:59:02
12.23068	-57.76129	0	32	2021-10-02T02:04:09
12.23071	-57.76257	0	32	2021-10-02T02:09:06
12.23085	-57.76539	0	32	2021-10-02T02:19:05
12.23085	-57.76676	0	32	2021-10-02T02:24:05
12.23098	-57.76822	0	32	2021-10-02T02:29:06
12.23117	-57.76974	0	32	2021-10-02T02:34:07
12.23132	-57.77127	0	32	2021-10-02T02:39:26
12.23152	-57.77274	0	32	2021-10-02T02:44:06
12.23173	-57.77411	0	32	2021-10-02T02:49:05
12.23185	-57.77561	0	32	2021-10-02T02:54:04
12.23185	-57.77698	0	32	2021-10-02T02:59:04
12.23203	-57.77848	0	32	2021-10-02T03:04:03
12.23216	-57.77994	0	32	2021-10-02T03:09:02
12.23230	-57.78131	0	32	2021-10-02T03:14:02
12.23249	-57.78278	0	32	2021-10-02T03:19:00
12.23274	-57.78431	0	32	2021-10-02T03:23:57
12.23304	-57.78568	0	32	2021-10-02T03:28:57
12.23329	-57.78702	0	32	2021-10-02T03:33:58
12.23358	-57.78842	0	32	2021-10-02T03:39:26
12.23374	-57.78961	0	32	2021-10-02T03:43:57
12.23400	-57.79099	0	32	2021-10-02T03:49:00
12.23409	-57.79230	0	32	2021-10-02T03:53:58
12.23420	-57.79370	0	32	2021-10-02T03:58:55
12.23431	-57.79514	0	32	2021-10-02T04:04:00
12.23444	-57.79654	0	32	2021-10-02T04:08:55
12.23457	-57.79800	0	32	2021-10-02T04:13:54
12.23466	-57.79947	0	32	2021-10-02T04:18:51
12.23479	-57.80093	0	32	2021-10-02T04:23:51
12.23485	-57.80242	0	32	2021-10-02T04:29:26
12.23489	-57.80388	0	32	2021-10-02T04:34:26
12.23493	-57.80551	0	32	2021-10-02T04:39:25
12.23494	-57.80682	0	32	2021-10-02T04:43:49
12.23494	-57.80843	0	32	2021-10-02T04:48:50
12.23507	-57.80997	0	32	2021-10-02T04:53:49
12.23505	-57.81152	0	32	2021-10-02T04:58:49
12.23504	-57.81299	0	32	2021-10-02T05:03:50
12.23513	-57.81447	0	32	2021-10-02T05:08:51
12.23513	-57.81610	0	32	2021-10-02T05:13:52
12.23506	-57.81763	0	32	2021-10-02T05:18:49
12.23500	-57.81921	0	32	2021-10-02T05:23:50
12.23485	-57.82083	0	32	2021-10-02T05:28:49
12.23481	-57.82239	0	32	2021-10-02T05:33:56
12.23468	-57.82425	0	32	2021-10-02T05:39:27
12.23460	-57.82562	0	32	2021-10-02T05:43:49
12.23437	-57.82715	0	32	2021-10-02T05:48:50
12.23428	-57.82862	0	32	2021-10-02T05:53:55
12.23415	-57.83008	0	32	2021-10-02T05:58:55
12.23398	-57.83154	0	32	2021-10-02T06:03:55
12.23378	-57.83295	0	32	2021-10-02T06:08:54
12.23362	-57.83450	0	32	2021-10-02T06:13:58
12.23357	-57.83597	0	32	2021-10-02T06:18:56
12.23333	-57.83728	0	32	2021-10-02T06:24:00
12.23308	-57.83871	0	32	2021-10-02T06:28:58
12.23281	-57.84015	0	32	2021-10-02T06:34:02
12.23249	-57.84171	0	32	2021-10-02T06:39:25
12.23225	-57.84314	0	32	2021-10-02T06:44:03
12.23198	-57.84467	0	32	2021-10-02T06:49:03
12.23170	-57.84616	0	32	2021-10-02T06:54:04
12.23137	-57.84775	0	32	2021-10-02T06:59:02
12.23098	-57.84912	0	32	2021-10-02T07:04:02
12.23063	-57.85065	0	32	2021-10-02T07:09:00
12.23034	-57.85223	0	32	2021-10-02T07:14:01
12.23020	-57.85364	0	32	2021-10-02T07:18:59
12.22991	-57.85498	0	32	2021-10-02T07:24:00
12.22963	-57.85623	0	32	2021-10-02T07:29:07
12.22941	-57.85751	0	32	2021-10-02T07:33:59
12.22910	-57.85895	0	32	2021-10-02T07:38:57
12.22895	-57.86011	0	32	2021-10-02T07:43:58
12.22876	-57.86127	0	32	2021-10-02T07:48:56
12.22834	-57.86380	0	32	2021-10-02T07:59:04
12.22817	-57.86492	0	32	2021-10-02T08:04:04
12.22787	-57.86612	0	32	2021-10-02T08:09:03
12.22764	-57.86740	0	32	2021-10-02T08:14:03
12.22738	-57.86865	0	32	2021-10-02T08:19:05
12.22710	-57.86996	0	32	2021-10-02T08:24:09
12.22697	-57.87125	0	32	2021-10-02T08:29:09
12.22686	-57.87250	0	32	2021-10-02T08:34:07
12.22662	-57.87396	0	32	2021-10-02T08:39:05
12.22650	-57.87506	0	32	2021-10-02T08:44:08
12.22645	-57.87628	0	32	2021-10-02T08:49:06
12.22637	-57.87747	0	32	2021-10-02T08:54:06
12.22628	-57.87872	0	32	2021-10-02T08:59:06
12.22622	-57.87997	0	32	2021-10-02T09:04:08
12.22610	-57.88113	0	32	2021-10-02T09:09:06
12.22596	-57.88239	0	32	2021-10-02T09:14:09
12.22597	-57.88353	0	32	2021-10-02T09:19:12
12.22597	-57.88465	0	32	2021-10-02T09:24:12
12.22588	-57.88577	0	32	2021-10-02T09:29:13
12.22583	-57.88693	0	32	2021-10-02T09:34:12
12.22580	-57.88818	0	32	2021-10-02T09:39:38
12.22573	-57.88943	0	32	2021-10-02T09:44:12
12.22573	-57.89063	0	32	2021-10-02T09:49:12
12.22569	-57.89185	0	32	2021-10-02T09:54:14
12.22556	-57.89313	0	32	2021-10-02T09:59:13
12.22552	-57.89453	0	32	2021-10-02T10:04:15
12.22550	-57.89572	0	32	2021-10-02T10:09:24
12.22537	-57.89687	0	32	2021-10-02T10:14:20
12.22533	-57.89807	0	32	2021-10-02T10:19:20
12.22532	-57.89929	0	32	2021-10-02T10:24:18
12.22539	-57.90054	0	32	2021-10-02T10:29:18
12.22542	-57.90173	0	32	2021-10-02T10:34:20
12.22538	-57.90295	0	32	2021-10-02T10:39:55
12.22539	-57.90399	0	32	2021-10-02T10:44:21
12.22534	-57.90654	0	32	2021-10-02T10:54:23
12.22530	-57.90783	0	32	2021-10-02T10:59:24
12.22530	-57.90912	0	32	2021-10-02T11:04:24
12.22529	-57.91049	0	32	2021-10-02T11:09:26
12.22536	-57.91204	0	32	2021-10-02T11:14:23
12.22540	-57.91367	0	32	2021-10-02T11:19:24
12.22538	-57.91531	0	32	2021-10-02T11:24:25
12.22537	-57.91684	0	32	2021-10-02T11:29:25
12.22534	-57.91855	0	32	2021-10-02T11:34:30
12.22534	-57.92035	0	32	2021-10-02T11:39:30
12.22534	-57.92172	0	32	2021-10-02T11:44:29
12.22532	-57.92322	0	32	2021-10-02T11:49:26
12.22538	-57.92465	0	32	2021-10-02T11:54:25
12.22539	-57.92596	0	32	2021-10-02T11:59:24
12.22543	-57.92741	0	32	2021-10-02T12:04:20
12.22540	-57.92868	0	32	2021-10-02T12:09:23
12.22535	-57.92999	0	32	2021-10-02T12:14:21
12.22524	-57.93137	0	32	2021-10-02T12:19:22
12.22515	-57.93268	0	32	2021-10-02T12:24:19
12.22505	-57.93390	0	32	2021-10-02T12:29:21
12.22493	-57.93515	0	32	2021-10-02T12:34:20
12.22475	-57.93670	0	32	2021-10-02T12:39:19
12.22466	-57.93790	0	32	2021-10-02T12:44:19
12.22449	-57.93927	0	32	2021-10-02T12:49:16
12.22434	-57.94064	0	32	2021-10-02T12:54:17
12.22416	-57.94204	0	32	2021-10-02T12:59:14
12.22403	-57.94333	0	32	2021-10-02T13:04:14
12.22388	-57.94480	0	32	2021-10-02T13:09:12
12.22379	-57.94626	0	32	2021-10-02T13:14:12
12.22362	-57.94772	0	32	2021-10-02T13:19:13
12.22354	-57.94919	0	32	2021-10-02T13:24:10
12.22333	-57.95065	0	32	2021-10-02T13:29:11
12.22316	-57.95212	0	32	2021-10-02T13:34:12
12.22278	-57.95472	0	32	2021-10-02T13:44:06
12.22269	-57.95618	0	32	2021-10-02T13:49:07
12.22256	-57.95755	0	32	2021-10-02T13:54:07
12.22242	-57.95901	0	32	2021-10-02T13:59:06
12.22240	-57.96045	0	32	2021-10-02T14:04:04
12.22240	-57.96191	0	32	2021-10-02T14:09:03
12.22227	-57.96332	0	32	2021-10-02T14:14:02
12.22206	-57.96478	0	32	2021-10-02T14:19:01
12.22195	-57.96628	0	32	2021-10-02T14:23:58
12.22182	-57.96774	0	32	2021-10-02T14:28:58
12.22168	-57.96896	0	32	2021-10-02T14:33:56
12.22164	-57.97119	0	32	2021-10-02T14:39:27
12.22143	-57.97236	0	32	2021-10-02T14:43:54
12.22143	-57.97382	0	32	2021-10-02T14:48:54
12.22138	-57.97540	0	32	2021-10-02T14:53:55
12.22152	-57.97867	0	32	2021-10-02T15:03:52
12.22139	-57.98023	0	32	2021-10-02T15:08:50
12.22130	-57.98169	0	32	2021-10-02T15:13:50
12.22112	-57.98315	0	32	2021-10-02T15:18:47
12.22095	-57.98469	0	32	2021-10-02T15:23:48
12.22078	-57.98615	0	32	2021-10-02T15:28:48
12.22062	-57.98761	0	32	2021-10-02T15:34:26
12.22049	-57.98941	0	32	2021-10-02T15:39:26
12.22040	-57.99072	0	32	2021-10-02T15:43:48
12.22028	-57.99216	0	32	2021-10-02T15:48:45
12.22007	-57.99362	0	32	2021-10-02T15:53:46
12.21996	-57.99512	0	32	2021-10-02T15:58:44
12.21994	-57.99680	0	32	2021-10-02T16:03:56
12.21977	-57.99832	0	32	2021-10-02T16:08:45
12.21958	-58.00003	0	32	2021-10-02T16:14:02
12.21940	-58.00162	0	32	2021-10-02T16:19:02
12.21931	-58.00314	0	32	2021-10-02T16:24:03
12.21930	-58.00473	0	32	2021-10-02T16:29:03
12.21917	-58.00626	0	32	2021-10-02T16:34:03
12.21890	-58.00781	0	32	2021-10-02T16:39:28
12.21876	-58.00920	0	32	2021-10-02T16:43:46
12.21867	-58.01074	0	32	2021-10-02T16:48:45
12.21856	-58.01247	0	32	2021-10-02T16:53:45
12.21856	-58.01410	0	32	2021-10-02T16:58:45
12.21844	-58.01584	0	32	2021-10-02T17:03:43
12.21837	-58.01767	0	32	2021-10-02T17:08:46
12.21828	-58.01939	0	32	2021-10-02T17:13:48
12.21824	-58.02102	0	32	2021-10-02T17:18:49
12.21820	-58.02274	0	32	2021-10-02T17:23:49
12.21813	-58.02429	0	32	2021-10-02T17:28:47
12.21811	-58.02591	0	32	2021-10-02T17:33:48
12.21809	-58.02781	0	32	2021-10-02T17:38:47
12.21800	-58.02927	0	32	2021-10-02T17:43:46
12.21796	-58.04119	0	32	2021-10-02T18:23:36
12.21783	-58.04265	0	32	2021-10-02T18:28:35
12.21774	-58.04419	0	32	2021-10-02T18:33:35
12.21758	-58.04587	0	32	2021-10-02T18:38:58
12.21746	-58.04745	0	32	2021-10-02T18:43:33
12.21729	-58.04913	0	32	2021-10-02T18:48:33
12.21716	-58.05084	0	32	2021-10-02T18:53:31
12.21696	-58.05252	0	32	2021-10-02T18:58:31
12.21692	-58.05415	0	32	2021-10-02T19:03:31
12.21679	-58.05569	0	32	2021-10-02T19:08:30
12.21656	-58.05728	0	32	2021-10-02T19:13:29
12.21635	-58.05884	0	32	2021-10-02T19:18:31
12.21618	-58.06034	0	32	2021-10-02T19:23:31
12.21601	-58.06171	0	32	2021-10-02T19:28:30
12.21571	-58.06328	0	32	2021-10-02T19:33:57
12.21558	-58.06482	0	32	2021-10-02T19:38:57
12.21548	-58.06616	0	32	2021-10-02T19:43:28
12.21526	-58.06769	0	32	2021-10-02T19:48:25
12.21508	-58.06921	0	32	2021-10-02T19:53:25
12.21486	-58.07083	0	32	2021-10-02T19:58:23
12.21467	-58.07245	0	32	2021-10-02T20:03:22
12.21446	-58.07399	0	32	2021-10-02T20:08:21
12.21429	-58.07553	0	32	2021-10-02T20:13:21
12.21408	-58.07709	0	32	2021-10-02T20:18:18
12.21379	-58.07868	0	32	2021-10-02T20:23:15
12.21358	-58.08014	0	32	2021-10-02T20:28:16
12.21341	-58.08163	0	32	2021-10-02T20:33:16
12.21312	-58.08471	0	32	2021-10-02T20:43:11
12.21312	-58.08617	0	32	2021-10-02T20:48:12
12.21299	-58.08771	0	32	2021-10-02T20:53:12
12.21288	-58.08920	0	32	2021-10-02T20:58:10
12.21285	-58.09064	0	32	2021-10-02T21:03:10
12.21273	-58.09223	0	32	2021-10-02T21:08:08
12.21252	-58.09377	0	32	2021-10-02T21:13:08
12.21226	-58.09531	0	32	2021-10-02T21:18:08
12.21212	-58.09686	0	32	2021-10-02T21:23:07
12.21197	-58.09851	0	32	2021-10-02T21:28:06
12.21194	-58.10007	0	32	2021-10-02T21:33:07
12.21177	-58.10187	0	32	2021-10-02T21:38:28
12.21165	-58.10333	0	32	2021-10-02T21:43:05
12.21127	-58.10664	0	32	2021-10-02T21:53:02
12.21114	-58.10836	0	32	2021-10-02T21:58:01
12.21093	-58.10999	0	32	2021-10-02T22:03:02
12.21077	-58.11176	0	32	2021-10-02T22:07:59
12.21062	-58.11350	0	32	2021-10-02T22:12:59
12.21041	-58.11539	0	32	2021-10-02T22:17:59
12.21026	-58.11728	0	32	2021-10-02T22:23:00
12.21014	-58.11917	0	32	2021-10-02T22:28:01
12.21002	-58.12106	0	32	2021-10-02T22:32:59
12.20995	-58.12335	0	32	2021-10-02T22:38:27
12.20984	-58.12515	0	32	2021-10-02T22:42:57
12.20977	-58.12683	0	32	2021-10-02T22:47:56
12.20954	-58.12861	0	32	2021-10-02T22:52:55
12.20950	-58.13024	0	32	2021-10-02T22:57:55
12.20946	-58.13187	0	32	2021-10-02T23:02:55
12.20948	-58.13348	0	32	2021-10-02T23:07:56
12.20949	-58.13495	0	32	2021-10-02T23:12:53
12.20926	-58.13660	0	32	2021-10-02T23:17:51
12.20915	-58.13834	0	32	2021-10-02T23:22:51
12.20936	-58.14402	0	32	2021-10-02T23:37:47
12.20940	-58.14554	0	32	2021-10-02T23:42:48
12.20936	-58.14728	0	32	2021-10-02T23:47:47
12.20933	-58.14899	0	32	2021-10-02T23:52:48
12.20910	-58.15268	0	32	2021-10-03T00:02:46
12.20906	-58.15448	0	32	2021-10-03T00:07:45
12.20897	-58.15628	0	32	2021-10-03T00:12:45
12.20897	-58.15820	0	32	2021-10-03T00:17:47
12.20899	-58.16022	0	32	2021-10-03T00:22:44
12.20898	-58.16217	0	32	2021-10-03T00:27:47
12.20891	-58.16412	0	32	2021-10-03T00:32:45
12.20891	-58.16620	0	32	2021-10-03T00:38:07
12.20879	-58.16820	0	32	2021-10-03T00:42:43
12.20877	-58.17001	0	32	2021-10-03T00:47:43
12.20871	-58.17206	0	32	2021-10-03T00:52:43
12.20866	-58.17407	0	32	2021-10-03T00:57:41
12.20856	-58.17819	0	32	2021-10-03T01:07:43
12.20844	-58.18030	0	32	2021-10-03T01:12:41
12.20842	-58.18246	0	32	2021-10-03T01:17:42
12.20842	-58.18472	0	32	2021-10-03T01:22:41
12.20829	-58.18695	0	32	2021-10-03T01:27:42
12.20828	-58.18921	0	32	2021-10-03T01:32:40
12.20815	-58.19159	0	32	2021-10-03T01:37:56
12.20813	-58.19580	0	32	2021-10-03T01:47:41
12.20809	-58.19792	0	32	2021-10-03T01:52:39
12.20813	-58.20007	0	32	2021-10-03T01:57:40
12.20814	-58.20227	0	32	2021-10-03T02:02:41
12.20819	-58.20445	0	32	2021-10-03T02:07:38
12.20828	-58.20660	0	32	2021-10-03T02:12:39
12.20839	-58.20877	0	32	2021-10-03T02:17:40
12.20855	-58.21097	0	32	2021-10-03T02:22:41
12.20877	-58.21319	0	32	2021-10-03T02:27:41
12.20890	-58.21542	0	32	2021-10-03T02:32:41
12.20904	-58.21790	0	32	2021-10-03T02:38:10
12.20931	-58.22000	0	32	2021-10-03T02:42:41
12.20956	-58.22235	0	32	2021-10-03T02:47:37
12.20982	-58.22458	0	32	2021-10-03T02:52:38
12.21009	-58.22684	0	32	2021-10-03T02:57:34
12.21043	-58.22916	0	32	2021-10-03T03:02:29
12.21128	-58.23374	0	32	2021-10-03T03:12:28
12.21175	-58.23589	0	32	2021-10-03T03:17:27
12.21222	-58.23795	0	32	2021-10-03T03:22:28
12.21263	-58.23996	0	32	2021-10-03T03:27:25
12.21306	-58.24208	0	32	2021-10-03T03:32:25
12.21345	-58.24423	0	32	2021-10-03T03:37:26
12.21375	-58.24603	0	32	2021-10-03T03:42:26
12.21415	-58.24811	0	32	2021-10-03T03:47:24
12.21468	-58.25015	0	32	2021-10-03T03:52:25
12.21515	-58.25204	0	32	2021-10-03T03:57:26
12.21565	-58.25394	0	32	2021-10-03T04:02:27
12.21620	-58.25574	0	32	2021-10-03T04:07:27
12.21671	-58.25754	0	32	2021-10-03T04:12:28
12.21728	-58.25946	0	32	2021-10-03T04:17:28
12.21800	-58.26126	0	32	2021-10-03T04:22:27
12.21865	-58.26318	0	32	2021-10-03T04:27:24
12.21928	-58.26501	0	32	2021-10-03T04:32:21
12.21992	-58.26705	0	32	2021-10-03T04:37:22
12.22039	-58.26859	0	32	2021-10-03T04:42:22
12.22099	-58.27042	0	32	2021-10-03T04:47:23
12.22175	-58.27206	0	32	2021-10-03T04:52:20
12.22248	-58.27365	0	32	2021-10-03T04:57:17
12.22304	-58.27527	0	32	2021-10-03T05:02:18
12.22373	-58.27670	0	32	2021-10-03T05:07:18
12.22430	-58.27802	0	32	2021-10-03T05:12:16
12.22485	-58.27962	0	32	2021-10-03T05:17:16
12.22536	-58.28125	0	32	2021-10-03T05:22:17
12.22594	-58.28281	0	32	2021-10-03T05:27:14
12.22656	-58.28442	0	32	2021-10-03T05:32:11
12.22727	-58.28632	0	32	2021-10-03T05:37:39
12.22778	-58.28778	0	32	2021-10-03T05:42:13
12.22845	-58.28946	0	32	2021-10-03T05:47:13
12.22906	-58.29111	0	32	2021-10-03T05:52:14
12.22978	-58.29279	0	32	2021-10-03T05:57:12
12.23031	-58.29448	0	32	2021-10-03T06:02:12
12.23091	-58.29602	0	32	2021-10-03T06:07:12
12.23164	-58.29770	0	32	2021-10-03T06:12:13
12.23229	-58.29926	0	32	2021-10-03T06:17:11
12.23300	-58.30081	0	32	2021-10-03T06:22:09
12.23370	-58.30237	0	32	2021-10-03T06:27:10
12.23447	-58.30389	0	32	2021-10-03T06:32:11
12.23529	-58.30542	0	32	2021-10-03T06:37:27
12.23614	-58.30685	0	32	2021-10-03T06:42:08
12.23696	-58.30840	0	32	2021-10-03T06:47:07
12.23773	-58.30994	0	32	2021-10-03T06:52:06
12.23846	-58.31135	0	32	2021-10-03T06:57:07
12.23928	-58.31281	0	32	2021-10-03T07:02:07
12.24011	-58.31436	0	32	2021-10-03T07:07:08
12.24098	-58.31598	0	32	2021-10-03T07:12:05
12.24191	-58.31760	0	32	2021-10-03T07:17:07
12.24391	-58.32099	0	32	2021-10-03T07:27:27
12.24490	-58.32254	0	32	2021-10-03T07:32:05
12.24584	-58.32425	0	32	2021-10-03T07:37:28
12.24669	-58.32559	0	32	2021-10-03T07:42:05
12.24765	-58.32715	0	32	2021-10-03T07:47:08
12.24859	-58.32861	0	32	2021-10-03T07:52:08
12.24948	-58.32999	0	32	2021-10-03T07:57:05
12.25045	-58.33154	0	32	2021-10-03T08:02:03
12.25139	-58.33291	0	32	2021-10-03T08:07:03
12.25238	-58.33420	0	32	2021-10-03T08:12:04
12.25334	-58.33560	0	32	2021-10-03T08:17:05
12.25417	-58.33694	0	32	2021-10-03T08:22:02
12.25497	-58.33823	0	32	2021-10-03T08:27:05
12.25581	-58.33948	0	32	2021-10-03T08:32:06
12.25676	-58.34082	0	32	2021-10-03T08:37:24
12.25762	-58.34192	0	32	2021-10-03T08:42:00
12.25855	-58.34323	0	32	2021-10-03T08:46:59
12.25955	-58.34466	0	32	2021-10-03T08:51:58
12.26058	-58.34595	0	32	2021-10-03T08:56:57
12.26153	-58.34735	0	32	2021-10-03T09:01:54
12.26237	-58.34875	0	32	2021-10-03T09:06:54
12.26330	-58.35016	0	32	2021-10-03T09:11:55
12.26411	-58.35147	0	32	2021-10-03T09:16:52
12.26497	-58.35263	0	32	2021-10-03T09:21:49
12.26576	-58.35370	0	32	2021-10-03T09:26:50
12.26650	-58.35492	0	32	2021-10-03T09:31:48
12.26730	-58.35617	0	32	2021-10-03T09:37:07
12.26813	-58.35721	0	32	2021-10-03T09:41:48
12.26895	-58.35853	0	32	2021-10-03T09:46:46
12.26968	-58.35965	0	32	2021-10-03T09:51:47
12.27043	-58.36095	0	32	2021-10-03T09:56:47
12.27112	-58.36224	0	32	2021-10-03T10:01:47
12.27190	-58.36346	0	32	2021-10-03T10:06:41
12.27266	-58.36469	0	32	2021-10-03T10:11:42
12.27340	-58.36600	0	32	2021-10-03T10:16:47
12.27412	-58.36729	0	32	2021-10-03T10:21:48
12.27479	-58.36847	0	32	2021-10-03T10:26:44
12.27558	-58.36969	0	32	2021-10-03T10:31:48
12.27630	-58.37104	0	32	2021-10-03T10:36:45
12.27699	-58.37216	0	32	2021-10-03T10:41:44
12.27773	-58.37344	0	32	2021-10-03T10:46:47
12.27921	-58.37602	0	32	2021-10-03T10:56:42
12.27977	-58.37731	0	32	2021-10-03T11:01:43
12.28041	-58.37860	0	32	2021-10-03T11:06:43
12.28104	-58.37991	0	32	2021-10-03T11:11:47
12.28170	-58.38147	0	32	2021-10-03T11:16:45
12.28236	-58.38297	0	32	2021-10-03T11:21:42
12.28293	-58.38440	0	32	2021-10-03T11:26:42
12.28350	-58.38583	0	32	2021-10-03T11:31:39
12.28407	-58.38736	0	32	2021-10-03T11:36:57
12.28469	-58.38872	0	32	2021-10-03T11:41:37
12.28525	-58.38992	0	32	2021-10-03T11:46:36
12.28579	-58.39120	0	32	2021-10-03T11:51:35
12.28638	-58.39246	0	32	2021-10-03T11:56:33
12.28716	-58.39383	0	32	2021-10-03T12:01:38
12.28780	-58.39511	0	32	2021-10-03T12:06:35
12.28853	-58.39648	0	32	2021-10-03T12:11:34
12.28923	-58.39786	0	32	2021-10-03T12:16:34
12.28999	-58.39920	0	32	2021-10-03T12:21:32
12.29076	-58.40045	0	32	2021-10-03T12:26:29
12.29157	-58.40181	0	32	2021-10-03T12:31:26
12.29254	-58.40326	0	32	2021-10-03T12:36:55
12.29325	-58.40439	0	32	2021-10-03T12:41:26
12.29410	-58.40549	0	32	2021-10-03T12:46:22
12.29501	-58.40665	0	32	2021-10-03T12:51:26
12.29585	-58.40778	0	32	2021-10-03T12:56:24
12.29676	-58.40891	0	32	2021-10-03T13:01:26
12.29769	-58.41003	0	32	2021-10-03T13:06:25
12.29858	-58.41105	0	32	2021-10-03T13:11:26
12.29948	-58.41217	0	32	2021-10-03T13:16:26
12.30034	-58.41318	0	32	2021-10-03T13:21:28
12.30122	-58.41418	0	32	2021-10-03T13:26:29
12.30205	-58.41534	0	32	2021-10-03T13:31:27
12.30297	-58.41656	0	32	2021-10-03T13:36:54
12.30380	-58.41754	0	32	2021-10-03T13:41:25
12.30477	-58.41867	0	32	2021-10-03T13:46:25
12.30576	-58.41977	0	32	2021-10-03T13:51:22
12.30660	-58.42087	0	32	2021-10-03T13:56:23
12.30761	-58.42209	0	32	2021-10-03T14:01:23
12.30849	-58.42319	0	32	2021-10-03T14:06:20
12.30925	-58.42432	0	32	2021-10-03T14:11:20
12.31003	-58.42551	0	32	2021-10-03T14:16:17
12.31082	-58.42664	0	32	2021-10-03T14:21:16
12.31154	-58.42783	0	32	2021-10-03T14:26:16
12.31238	-58.42896	0	32	2021-10-03T14:31:14
12.31312	-58.43015	0	32	2021-10-03T14:36:14
12.31385	-58.43118	0	32	2021-10-03T14:41:15
12.31464	-58.43228	0	32	2021-10-03T14:46:16
12.31550	-58.43335	0	32	2021-10-03T14:51:13
12.31620	-58.43445	0	32	2021-10-03T14:56:14
12.31693	-58.43559	0	32	2021-10-03T15:01:11
12.31757	-58.43671	0	32	2021-10-03T15:06:11
12.31831	-58.43768	0	32	2021-10-03T15:11:12
12.31895	-58.43866	0	32	2021-10-03T15:16:09
12.31953	-58.43967	0	32	2021-10-03T15:21:10
12.32097	-58.44182	0	32	2021-10-03T15:31:09
12.32161	-58.44276	0	32	2021-10-03T15:36:09
12.32208	-58.44379	0	32	2021-10-03T15:41:10
12.32278	-58.44485	0	32	2021-10-03T15:46:07
12.32342	-58.44595	0	32	2021-10-03T15:51:11
12.32411	-58.44706	0	32	2021-10-03T15:56:08
12.32484	-58.44818	0	32	2021-10-03T16:01:08
12.32565	-58.44935	0	32	2021-10-03T16:06:07
12.32638	-58.45047	0	32	2021-10-03T16:11:07
12.32706	-58.45163	0	32	2021-10-03T16:16:04
12.32780	-58.45282	0	32	2021-10-03T16:21:05
12.32845	-58.45392	0	32	2021-10-03T16:26:03
12.32904	-58.45505	0	32	2021-10-03T16:31:04
12.32998	-58.45645	0	32	2021-10-03T16:36:27
12.33077	-58.45764	0	32	2021-10-03T16:41:06
12.33141	-58.45876	0	32	2021-10-03T16:46:06
12.33205	-58.45996	0	32	2021-10-03T16:51:07
12.33275	-58.46118	0	32	2021-10-03T16:56:06
12.33406	-58.46356	0	32	2021-10-03T17:06:01
12.33481	-58.46478	0	32	2021-10-03T17:11:03
12.33554	-58.46613	0	32	2021-10-03T17:16:02
12.33632	-58.46741	0	32	2021-10-03T17:21:03
12.33702	-58.46848	0	32	2021-10-03T17:26:01
12.33774	-58.46982	0	32	2021-10-03T17:31:02
12.33843	-58.47131	0	32	2021-10-03T17:36:25
12.33902	-58.47266	0	32	2021-10-03T17:41:04
12.33970	-58.47397	0	32	2021-10-03T17:46:01
12.34041	-58.47528	0	32	2021-10-03T17:51:02
12.34113	-58.47656	0	32	2021-10-03T17:56:01
12.34173	-58.47787	0	32	2021-10-03T18:01:02
12.34246	-58.47935	0	32	2021-10-03T18:06:00
12.34315	-58.48081	0	32	2021-10-03T18:11:00
12.34379	-58.48227	0	32	2021-10-03T18:15:59
12.34444	-58.48373	0	32	2021-10-03T18:21:02
12.34509	-58.48520	0	32	2021-10-03T18:26:02
12.34577	-58.48671	0	32	2021-10-03T18:31:27
12.34650	-58.48834	0	32	2021-10-03T18:36:27
12.34719	-58.48975	0	32	2021-10-03T18:41:06
12.34785	-58.49128	0	32	2021-10-03T18:46:06
12.34841	-58.49274	0	32	2021-10-03T18:51:05
12.34903	-58.49417	0	32	2021-10-03T18:56:06
12.34971	-58.49558	0	32	2021-10-03T19:01:02
12.35035	-58.49704	0	32	2021-10-03T19:06:03
12.35102	-58.49844	0	32	2021-10-03T19:11:03
12.35168	-58.49979	0	32	2021-10-03T19:16:01
12.35218	-58.50110	0	32	2021-10-03T19:21:02
12.35285	-58.50244	0	32	2021-10-03T19:26:03
12.35349	-58.50375	0	32	2021-10-03T19:31:02
12.35422	-58.50512	0	32	2021-10-03T19:36:01
12.35473	-58.50632	0	32	2021-10-03T19:41:01
12.35539	-58.50748	0	32	2021-10-03T19:45:59
12.35605	-58.50874	0	32	2021-10-03T19:51:00
12.35662	-58.50983	0	32	2021-10-03T19:55:59
12.35729	-58.51089	0	32	2021-10-03T20:01:01
12.35799	-58.51190	0	32	2021-10-03T20:05:58
12.35860	-58.51301	0	32	2021-10-03T20:10:59
12.35911	-58.51404	0	32	2021-10-03T20:15:59
12.35967	-58.51498	0	32	2021-10-03T20:21:00
12.36032	-58.51602	0	32	2021-10-03T20:25:57
12.36091	-58.51703	0	32	2021-10-03T20:31:02
12.36172	-58.51829	0	32	2021-10-03T20:35:56
12.36223	-58.51923	0	32	2021-10-03T20:40:56
12.36300	-58.52017	0	32	2021-10-03T20:45:57
12.36373	-58.52122	0	32	2021-10-03T20:50:56
12.36437	-58.52216	0	32	2021-10-03T20:55:55
12.36509	-58.52310	0	32	2021-10-03T21:00:56
12.36583	-58.52399	0	32	2021-10-03T21:05:55
12.36652	-58.52481	0	32	2021-10-03T21:10:58
12.36719	-58.52567	0	32	2021-10-03T21:15:54
12.36803	-58.52655	0	32	2021-10-03T21:20:56
12.36846	-58.52734	0	32	2021-10-03T21:25:55
12.36910	-58.52808	0	32	2021-10-03T21:30:57
12.36987	-58.52887	0	32	2021-10-03T21:36:25
12.37040	-58.52966	0	32	2021-10-03T21:40:58
12.37096	-58.53043	0	32	2021-10-03T21:45:56
12.37166	-58.53122	0	32	2021-10-03T21:50:59
12.37235	-58.53201	0	32	2021-10-03T21:55:57
12.37312	-58.53281	0	32	2021-10-03T22:00:59
12.37391	-58.53360	0	32	2021-10-03T22:05:58
12.37470	-58.53442	0	32	2021-10-03T22:11:00
12.37544	-58.53531	0	32	2021-10-03T22:15:57
12.37625	-58.53624	0	32	2021-10-03T22:20:56
12.37702	-58.53701	0	32	2021-10-03T22:25:55
12.37775	-58.53778	0	32	2021-10-03T22:30:55
12.37857	-58.53867	0	32	2021-10-03T22:36:27
12.37922	-58.53952	0	32	2021-10-03T22:40:58
12.37984	-58.54043	0	32	2021-10-03T22:45:58
12.38048	-58.54129	0	32	2021-10-03T22:50:59
12.38108	-58.54214	0	32	2021-10-03T22:55:56
12.38186	-58.54317	0	32	2021-10-03T23:00:59
12.38246	-58.54403	0	32	2021-10-03T23:05:58
12.38302	-58.54480	0	32	2021-10-03T23:10:59
12.38381	-58.54562	0	32	2021-10-03T23:16:03
12.38460	-58.54648	0	32	2021-10-03T23:21:00
12.38530	-58.54736	0	32	2021-10-03T23:26:00
12.38759	-58.54974	0	32	2021-10-03T23:41:02
12.38846	-58.55040	0	32	2021-10-03T23:46:03
12.38919	-58.55109	0	32	2021-10-03T23:51:02
12.38995	-58.55173	0	32	2021-10-03T23:56:05
12.39089	-58.55231	0	32	2021-10-04T00:01:07
12.39169	-58.55306	0	32	2021-10-04T00:06:05
12.39246	-58.55366	0	32	2021-10-04T00:11:05
12.39319	-58.55426	0	32	2021-10-04T00:16:06
12.39378	-58.55490	0	32	2021-10-04T00:21:03
12.39450	-58.55557	0	32	2021-10-04T00:26:04
12.39523	-58.55627	0	32	2021-10-04T00:31:05
12.39619	-58.55670	0	32	2021-10-04T00:36:35
12.39692	-58.55744	0	32	2021-10-04T00:41:06
12.39769	-58.55804	0	32	2021-10-04T00:46:06
12.39850	-58.55863	0	32	2021-10-04T00:51:05
12.39914	-58.55914	0	32	2021-10-04T00:56:05
12.39982	-58.55969	0	32	2021-10-04T01:01:09
12.40043	-58.56030	0	32	2021-10-04T01:06:07
12.40107	-58.56092	0	32	2021-10-04T01:11:07
12.40167	-58.56152	0	32	2021-10-04T01:16:08
12.40222	-58.56207	0	32	2021-10-04T01:21:09
12.40276	-58.56265	0	32	2021-10-04T01:26:06
12.40339	-58.56323	0	32	2021-10-04T01:31:07
12.40410	-58.56384	0	32	2021-10-04T01:36:23
12.40463	-58.56448	0	32	2021-10-04T01:41:04
12.40513	-58.56509	0	32	2021-10-04T01:46:05
12.40610	-58.56631	0	32	2021-10-04T01:55:56
12.40661	-58.56674	0	32	2021-10-04T02:00:56
12.40708	-58.56717	0	32	2021-10-04T02:05:56
12.40748	-58.56760	0	32	2021-10-04T02:10:55
12.40791	-58.56787	0	32	2021-10-04T02:15:52
12.40899	-58.56870	0	32	2021-10-04T02:26:27
12.40942	-58.56913	0	32	2021-10-04T02:31:26
12.40981	-58.56973	0	32	2021-10-04T02:36:26
12.41018	-58.57010	0	32	2021-10-04T02:40:56
12.41066	-58.57053	0	32	2021-10-04T02:45:57
12.41155	-58.57166	0	32	2021-10-04T02:55:55
12.41208	-58.57218	0	32	2021-10-04T03:00:55
12.41264	-58.57269	0	32	2021-10-04T03:05:56
12.41311	-58.57329	0	32	2021-10-04T03:10:54
12.41358	-58.57380	0	32	2021-10-04T03:15:54
12.41409	-58.57440	0	32	2021-10-04T03:20:55
12.41471	-58.57510	0	32	2021-10-04T03:25:56
12.41524	-58.57568	0	32	2021-10-04T03:30:59
12.41582	-58.57632	0	32	2021-10-04T03:36:28
12.41633	-58.57701	0	32	2021-10-04T03:40:59
12.41702	-58.57761	0	32	2021-10-04T03:45:59
12.41766	-58.57828	0	32	2021-10-04T03:50:57
12.41832	-58.57892	0	32	2021-10-04T03:55:58
12.41890	-58.57972	0	32	2021-10-04T04:01:02
12.41924	-58.58041	0	32	2021-10-04T04:06:02
12.41959	-58.58112	0	32	2021-10-04T04:10:56
12.41988	-58.58182	0	32	2021-10-04T04:16:00
12.42005	-58.58246	0	32	2021-10-04T04:20:58
12.42013	-58.58304	0	32	2021-10-04T04:25:59
12.42013	-58.58362	0	32	2021-10-04T04:30:58
12.42001	-58.58420	0	32	2021-10-04T04:36:26
12.41995	-58.58479	0	32	2021-10-04T04:40:54
12.41982	-58.58530	0	32	2021-10-04T04:45:54
12.41971	-58.58585	0	32	2021-10-04T04:50:52
12.41967	-58.58636	0	32	2021-10-04T04:55:56
12.41964	-58.58691	0	32	2021-10-04T05:00:53
12.41961	-58.58737	0	32	2021-10-04T05:05:52
12.41953	-58.58780	0	32	2021-10-04T05:10:53
12.41945	-58.58832	0	32	2021-10-04T05:15:52
12.41945	-58.58878	0	32	2021-10-04T05:20:49
12.41936	-58.58920	0	32	2021-10-04T05:25:48
12.41919	-58.58969	0	32	2021-10-04T05:30:49
12.41905	-58.59030	0	32	2021-10-04T05:36:25
12.41900	-58.59070	0	32	2021-10-04T05:40:48
12.41893	-58.59113	0	32	2021-10-04T05:45:45
12.41892	-58.59161	0	32	2021-10-04T05:50:46
12.41887	-58.59201	0	32	2021-10-04T05:55:47
12.41878	-58.59244	0	32	2021-10-04T06:01:13
12.41854	-58.59265	0	32	2021-10-04T06:06:00
12.41861	-58.59302	0	32	2021-10-04T06:10:49
12.41838	-58.59341	0	32	2021-10-04T06:15:47
12.41815	-58.59372	0	32	2021-10-04T06:20:48
12.41800	-58.59412	0	32	2021-10-04T06:25:47
12.41778	-58.59442	0	32	2021-10-04T06:30:45
12.41760	-58.59467	0	32	2021-10-04T06:36:06
12.41735	-58.59500	0	32	2021-10-04T06:40:47
12.41719	-58.59525	0	32	2021-10-04T06:45:46
12.41690	-58.59546	0	32	2021-10-04T06:50:44
12.41662	-58.59582	0	32	2021-10-04T06:55:42
12.41649	-58.59616	0	32	2021-10-04T07:00:42
12.41616	-58.59656	0	32	2021-10-04T07:05:44
12.41590	-58.59695	0	32	2021-10-04T07:10:44
12.41555	-58.59741	0	32	2021-10-04T07:15:45
12.41517	-58.59793	0	32	2021-10-04T07:20:43
12.41484	-58.59836	0	32	2021-10-04T07:25:47
12.41451	-58.59879	0	32	2021-10-04T07:30:46
12.41424	-58.59930	0	32	2021-10-04T07:36:23
12.41400	-58.59973	0	32	2021-10-04T07:40:46
12.41371	-58.60025	0	32	2021-10-04T07:45:43
12.41355	-58.60074	0	32	2021-10-04T07:50:44
12.41335	-58.60126	0	32	2021-10-04T07:55:45
12.41303	-58.60178	0	32	2021-10-04T08:00:46
12.41284	-58.60239	0	32	2021-10-04T08:05:42
12.41264	-58.60303	0	32	2021-10-04T08:10:43
12.41242	-58.60358	0	32	2021-10-04T08:15:44
12.41217	-58.60416	0	32	2021-10-04T08:20:42
12.41192	-58.60477	0	32	2021-10-04T08:25:41
12.41164	-58.60538	0	32	2021-10-04T08:30:42
12.41133	-58.60620	0	32	2021-10-04T08:36:29
12.41102	-58.60679	0	32	2021-10-04T08:40:40
12.41072	-58.60748	0	32	2021-10-04T08:45:40
12.41054	-58.60812	0	32	2021-10-04T08:50:41
12.41024	-58.60883	0	32	2021-10-04T08:55:39
12.40985	-58.60959	0	32	2021-10-04T09:00:40
12.40953	-58.61035	0	32	2021-10-04T09:05:37
12.40910	-58.61102	0	32	2021-10-04T09:10:38
12.40855	-58.61172	0	32	2021-10-04T09:15:42
12.40795	-58.61238	0	32	2021-10-04T09:20:38
12.40731	-58.61298	0	32	2021-10-04T09:25:37
12.40689	-58.61362	0	32	2021-10-04T09:30:41
12.40653	-58.61429	0	32	2021-10-04T09:35:54
12.40611	-58.61481	0	32	2021-10-04T09:40:42
12.40554	-58.61539	0	32	2021-10-04T09:45:41
12.40506	-58.61597	0	32	2021-10-04T09:50:41
12.40469	-58.61658	0	32	2021-10-04T09:55:42
12.40421	-58.61722	0	32	2021-10-04T10:00:39
12.40380	-58.61789	0	32	2021-10-04T10:05:39
12.40327	-58.61853	0	32	2021-10-04T10:10:36
12.40275	-58.61911	0	32	2021-10-04T10:15:33
12.40241	-58.61975	0	32	2021-10-04T10:20:33
12.40191	-58.62036	0	32	2021-10-04T10:25:39
12.40130	-58.62098	0	32	2021-10-04T10:30:54
12.40079	-58.62158	0	32	2021-10-04T10:35:53
12.40036	-58.62213	0	32	2021-10-04T10:40:34
12.39993	-58.62268	0	32	2021-10-04T10:45:34
12.39947	-58.62323	0	32	2021-10-04T10:50:39
12.39894	-58.62372	0	32	2021-10-04T10:55:33
12.39851	-58.62430	0	32	2021-10-04T11:00:40
12.39808	-58.62504	0	32	2021-10-04T11:05:31
12.39775	-58.62549	0	32	2021-10-04T11:10:36
12.39731	-58.62598	0	32	2021-10-04T11:15:32
12.39680	-58.62650	0	32	2021-10-04T11:20:36
12.39634	-58.62692	0	32	2021-10-04T11:25:34
12.39588	-58.62738	0	32	2021-10-04T11:30:31
12.39541	-58.62793	0	32	2021-10-04T11:35:56
12.39481	-58.62830	0	32	2021-10-04T11:40:33
12.39420	-58.62872	0	32	2021-10-04T11:45:29
12.39361	-58.62918	0	32	2021-10-04T11:50:30
12.39302	-58.62958	0	32	2021-10-04T11:55:28
12.39245	-58.62997	0	32	2021-10-04T12:00:32
12.39193	-58.63037	0	32	2021-10-04T12:05:30
12.39138	-58.63079	0	32	2021-10-04T12:10:30
12.39074	-58.63113	0	32	2021-10-04T12:15:30
12.39014	-58.63147	0	32	2021-10-04T12:20:27
12.38950	-58.63190	0	32	2021-10-04T12:25:25
12.38883	-58.63235	0	32	2021-10-04T12:30:26
12.38820	-58.63281	0	32	2021-10-04T12:35:25
12.38774	-58.63312	0	32	2021-10-04T12:40:26
12.38722	-58.63358	0	32	2021-10-04T12:45:25
12.38661	-58.63391	0	32	2021-10-04T12:50:25
12.38595	-58.63434	0	32	2021-10-04T12:55:23
12.38531	-58.63477	0	32	2021-10-04T13:00:23
12.38474	-58.63519	0	32	2021-10-04T13:05:25
12.38422	-58.63570	0	32	2021-10-04T13:10:24
12.38375	-58.63621	0	32	2021-10-04T13:15:23
12.38332	-58.63681	0	32	2021-10-04T13:20:23
12.38280	-58.63733	0	32	2021-10-04T13:25:21
12.38229	-58.63785	0	32	2021-10-04T13:30:23
12.38172	-58.63852	0	32	2021-10-04T13:35:56
12.38137	-58.63901	0	32	2021-10-04T13:40:22
12.38098	-58.63956	0	32	2021-10-04T13:45:20
12.38046	-58.64014	0	32	2021-10-04T13:50:21
12.37999	-58.64089	0	32	2021-10-04T13:55:21
12.37952	-58.64149	0	32	2021-10-04T14:00:22
12.37905	-58.64209	0	32	2021-10-04T14:05:22
12.37846	-58.64282	0	32	2021-10-04T14:10:20
12.37783	-58.64340	0	32	2021-10-04T14:15:17
12.37719	-58.64405	0	32	2021-10-04T14:20:19
12.37659	-58.64474	0	32	2021-10-04T14:25:19
12.37607	-58.64550	0	32	2021-10-04T14:30:55
12.37538	-58.64627	0	32	2021-10-04T14:35:55
12.37493	-58.64685	0	32	2021-10-04T14:40:17
12.37446	-58.64758	0	32	2021-10-04T14:45:14
12.37397	-58.64838	0	32	2021-10-04T14:50:15
12.37361	-58.64911	0	32	2021-10-04T14:55:20
12.37315	-58.64978	0	32	2021-10-04T15:00:13
12.37282	-58.65059	0	32	2021-10-04T15:05:10
12.37243	-58.65128	0	32	2021-10-04T15:10:11
12.37199	-58.65207	0	32	2021-10-04T15:15:08
12.37168	-58.65289	0	32	2021-10-04T15:20:11
12.37121	-58.65366	0	32	2021-10-04T15:25:09
12.37076	-58.65439	0	32	2021-10-04T15:30:11
12.37026	-58.65515	0	32	2021-10-04T15:35:27
12.36978	-58.65588	0	32	2021-10-04T15:40:09
12.36920	-58.65661	0	32	2021-10-04T15:45:08
12.36873	-58.65738	0	32	2021-10-04T15:50:07
12.36812	-58.65814	0	32	2021-10-04T15:55:06
12.36700	-58.65961	0	32	2021-10-04T16:05:05
12.36644	-58.66041	0	32	2021-10-04T16:10:01
12.36588	-58.66110	0	32	2021-10-04T16:15:00
12.36526	-58.66187	0	32	2021-10-04T16:20:02
12.36474	-58.66260	0	32	2021-10-04T16:25:00
12.36421	-58.66339	0	32	2021-10-04T16:30:01
12.36366	-58.66440	0	32	2021-10-04T16:35:36
12.36320	-58.66521	0	32	2021-10-04T16:39:59
12.36273	-58.66598	0	32	2021-10-04T16:45:00
12.36234	-58.66675	0	32	2021-10-04T16:50:00
12.36186	-58.66760	0	32	2021-10-04T16:54:58
12.36135	-58.66846	0	32	2021-10-04T16:59:59
12.36090	-58.66943	0	32	2021-10-04T17:05:00
12.36051	-58.67029	0	32	2021-10-04T17:10:00
12.36004	-58.67123	0	32	2021-10-04T17:14:58
12.35957	-58.67215	0	32	2021-10-04T17:19:58
12.35904	-58.67313	0	32	2021-10-04T17:24:56
12.35857	-58.67416	0	32	2021-10-04T17:29:56
12.35802	-58.67520	0	32	2021-10-04T17:35:54
12.35767	-58.67606	0	32	2021-10-04T17:39:51
12.35677	-58.67810	0	32	2021-10-04T17:49:52
12.35643	-58.67904	0	32	2021-10-04T17:54:53
12.35613	-58.67990	0	32	2021-10-04T17:59:53
12.35585	-58.68079	0	32	2021-10-04T18:04:51
12.35554	-58.68176	0	32	2021-10-04T18:09:52
12.35517	-58.68271	0	32	2021-10-04T18:14:56
12.35487	-58.68372	0	32	2021-10-04T18:19:52
12.35451	-58.68466	0	32	2021-10-04T18:24:54
12.35428	-58.68570	0	32	2021-10-04T18:29:51
12.35392	-58.68688	0	32	2021-10-04T18:34:52
12.35366	-58.68774	0	32	2021-10-04T18:39:52
12.35331	-58.68881	0	32	2021-10-04T18:44:53
12.35317	-58.68982	0	32	2021-10-04T18:49:51
12.35286	-58.69089	0	32	2021-10-04T18:54:52
12.35260	-58.69183	0	32	2021-10-04T18:59:52
12.35242	-58.69278	0	32	2021-10-04T19:04:49
12.35225	-58.69370	0	32	2021-10-04T19:09:50
12.35213	-58.69470	0	32	2021-10-04T19:14:51
12.35202	-58.69562	0	32	2021-10-04T19:19:51
12.35189	-58.69662	0	32	2021-10-04T19:24:53
12.35165	-58.69969	0	32	2021-10-04T19:39:50
12.35139	-58.70063	0	32	2021-10-04T19:44:49
12.35122	-58.70157	0	32	2021-10-04T19:49:49
12.35111	-58.70251	0	32	2021-10-04T19:54:55
12.35095	-58.70340	0	32	2021-10-04T19:59:51
12.35087	-58.70441	0	32	2021-10-04T20:04:51
12.35074	-58.70532	0	32	2021-10-04T20:09:46
12.35051	-58.70621	0	32	2021-10-04T20:14:45
12.35030	-58.70703	0	32	2021-10-04T20:19:44
12.35018	-58.70786	0	32	2021-10-04T20:24:44
12.35011	-58.70868	0	32	2021-10-04T20:29:41
12.34993	-58.70953	0	32	2021-10-04T20:35:09
12.34980	-58.71017	0	32	2021-10-04T20:39:39
12.34967	-58.71096	0	32	2021-10-04T20:44:36
12.34967	-58.71173	0	32	2021-10-04T20:49:37
12.34965	-58.71249	0	32	2021-10-04T20:54:34
12.34952	-58.71324	0	32	2021-10-04T20:59:31
12.34939	-58.71393	0	32	2021-10-04T21:04:31
12.34928	-58.71472	0	32	2021-10-04T21:09:32
12.34913	-58.71555	0	32	2021-10-04T21:14:33
12.34913	-58.71624	0	32	2021-10-04T21:19:34
12.34913	-58.71701	0	32	2021-10-04T21:24:34
12.34902	-58.71780	0	32	2021-10-04T21:29:55
12.34889	-58.71857	0	32	2021-10-04T21:34:56
12.34880	-58.71930	0	32	2021-10-04T21:39:30
12.34865	-58.71995	0	32	2021-10-04T21:44:27
12.34856	-58.72064	0	32	2021-10-04T21:49:27
12.34838	-58.72137	0	32	2021-10-04T21:54:28
12.34816	-58.72202	0	32	2021-10-04T21:59:25
12.34806	-58.72273	0	32	2021-10-04T22:04:23
12.34789	-58.72333	0	32	2021-10-04T22:09:23
12.34772	-58.72400	0	32	2021-10-04T22:14:24
12.34747	-58.72455	0	32	2021-10-04T22:19:25
12.34719	-58.72518	0	32	2021-10-04T22:24:57
12.34706	-58.72569	0	32	2021-10-04T22:29:57
12.34676	-58.72638	0	32	2021-10-04T22:34:57
12.34656	-58.72696	0	32	2021-10-04T22:39:29
12.34644	-58.72760	0	32	2021-10-04T22:44:28
12.34638	-58.72824	0	32	2021-10-04T22:49:29
12.34619	-58.72882	0	32	2021-10-04T22:54:27
12.34601	-58.72949	0	32	2021-10-04T22:59:28
12.34557	-58.73017	0	32	2021-10-04T23:04:28
12.34540	-58.73068	0	32	2021-10-04T23:09:27
12.34523	-58.73111	0	32	2021-10-04T23:14:27
12.34499	-58.73172	0	32	2021-10-04T23:19:27
12.34472	-58.73224	0	32	2021-10-04T23:24:28
12.34448	-58.73283	0	32	2021-10-04T23:29:33
12.34431	-58.73343	0	32	2021-10-04T23:34:33
12.34410	-58.73386	0	32	2021-10-04T23:39:32
12.34384	-58.73431	0	32	2021-10-04T23:44:33
12.34352	-58.73480	0	32	2021-10-04T23:49:35
12.34309	-58.73532	0	32	2021-10-04T23:54:38
12.34264	-58.73578	0	32	2021-10-04T23:59:37
12.34212	-58.73630	0	32	2021-10-05T00:04:38
12.34173	-58.73682	0	32	2021-10-05T00:09:40
12.34119	-58.73742	0	32	2021-10-05T00:14:41
12.34085	-58.73785	0	32	2021-10-05T00:19:42
12.34038	-58.73837	0	32	2021-10-05T00:24:39
12.33953	-58.73953	0	32	2021-10-05T00:34:56
12.33902	-58.74009	0	32	2021-10-05T00:39:40
12.33857	-58.74054	0	32	2021-10-05T00:44:47
12.33812	-58.74103	0	32	2021-10-05T00:49:39
12.33760	-58.74161	0	32	2021-10-05T00:54:39
12.33705	-58.74228	0	32	2021-10-05T00:59:52
12.33651	-58.74295	0	32	2021-10-05T01:04:52
12.33532	-58.74435	0	32	2021-10-05T01:14:40
12.33481	-58.74504	0	32	2021-10-05T01:19:40
12.33425	-58.74573	0	32	2021-10-05T01:24:41
12.33367	-58.74646	0	32	2021-10-05T01:29:41
12.33307	-58.74722	0	32	2021-10-05T01:34:55
12.33249	-58.74801	0	32	2021-10-05T01:39:36
12.33189	-58.74878	0	32	2021-10-05T01:44:36
12.33130	-58.74957	0	32	2021-10-05T01:49:34
12.33015	-58.75113	0	32	2021-10-05T01:59:33
12.32952	-58.75177	0	32	2021-10-05T02:04:36
12.32878	-58.75259	0	32	2021-10-05T02:09:34
12.32813	-58.75339	0	32	2021-10-05T02:14:34
12.32661	-58.75507	0	32	2021-10-05T02:24:55
12.32589	-58.75574	0	32	2021-10-05T02:29:33
12.32515	-58.75662	0	32	2021-10-05T02:34:56
12.32436	-58.75745	0	32	2021-10-05T02:39:31
12.32373	-58.75835	0	32	2021-10-05T02:44:35
12.32304	-58.75912	0	32	2021-10-05T02:49:35
12.32241	-58.75998	0	32	2021-10-05T02:54:33
12.32172	-58.76091	0	32	2021-10-05T02:59:33
12.32107	-58.76163	0	32	2021-10-05T03:04:31
12.32039	-58.76245	0	32	2021-10-05T03:09:32
12.31980	-58.76334	0	32	2021-10-05T03:14:33
12.31917	-58.76410	0	32	2021-10-05T03:19:33
12.31845	-58.76501	0	32	2021-10-05T03:24:32
12.31769	-58.76590	0	32	2021-10-05T03:29:31
12.31683	-58.76678	0	32	2021-10-05T03:35:14
12.31631	-58.76763	0	32	2021-10-05T03:39:49
12.31558	-58.76849	0	32	2021-10-05T03:44:50
12.31493	-58.76932	0	32	2021-10-05T03:49:27
12.31416	-58.77020	0	32	2021-10-05T03:54:28
12.31346	-58.77118	0	32	2021-10-05T03:59:45
12.31287	-58.77213	0	32	2021-10-05T04:04:58
12.31215	-58.77299	0	32	2021-10-05T04:09:32
12.31155	-58.77393	0	32	2021-10-05T04:14:32
12.31080	-58.77505	0	32	2021-10-05T04:20:07
12.31019	-58.77591	0	32	2021-10-05T04:24:30
12.30953	-58.77689	0	32	2021-10-05T04:29:33
12.30882	-58.77798	0	32	2021-10-05T04:34:55
12.30682	-58.78090	0	32	2021-10-05T04:49:29
12.30618	-58.78184	0	32	2021-10-05T04:54:28
12.30549	-58.78278	0	32	2021-10-05T04:59:28
12.30478	-58.78375	0	32	2021-10-05T05:04:29
12.30414	-58.78476	0	32	2021-10-05T05:09:27
12.30348	-58.78577	0	32	2021-10-05T05:14:27
12.30270	-58.78678	0	32	2021-10-05T05:19:27
12.30197	-58.78781	0	32	2021-10-05T05:24:27
12.30126	-58.78881	0	32	2021-10-05T05:30:27
12.30014	-58.79010	0	32	2021-10-05T05:35:28
12.29961	-58.79089	0	32	2021-10-05T05:39:22
12.29881	-58.79184	0	32	2021-10-05T05:44:24
12.29814	-58.79272	0	32	2021-10-05T05:49:22
12.29739	-58.79367	0	32	2021-10-05T05:54:23
12.29653	-58.79453	0	32	2021-10-05T05:59:23
12.29570	-58.79550	0	32	2021-10-05T06:04:26
12.29483	-58.79642	0	32	2021-10-05T06:09:25
12.29401	-58.79746	0	32	2021-10-05T06:14:25
12.29315	-58.79840	0	32	2021-10-05T06:19:25
12.29229	-58.79941	0	32	2021-10-05T06:24:23
12.29143	-58.80035	0	32	2021-10-05T06:29:24
12.29037	-58.80148	0	32	2021-10-05T06:34:26
12.28947	-58.80225	0	32	2021-10-05T06:39:26
12.28855	-58.80319	0	32	2021-10-05T06:44:23
12.28761	-58.80414	0	32	2021-10-05T06:49:24
12.28576	-58.80594	0	32	2021-10-05T06:59:25
12.28495	-58.80691	0	32	2021-10-05T07:04:21
12.28405	-58.80777	0	32	2021-10-05T07:09:20
12.28315	-58.80869	0	32	2021-10-05T07:14:21
12.28229	-58.80960	0	32	2021-10-05T07:19:21
12.28143	-58.81046	0	32	2021-10-05T07:24:21
12.28064	-58.81128	0	32	2021-10-05T07:29:19
12.27983	-58.81221	0	32	2021-10-05T07:34:20
12.27914	-58.81290	0	32	2021-10-05T07:39:20
12.27838	-58.81372	0	32	2021-10-05T07:44:21
12.27764	-58.81448	0	32	2021-10-05T07:49:23
12.27691	-58.81528	0	32	2021-10-05T07:54:22
12.27615	-58.81613	0	32	2021-10-05T07:59:39
12.27579	-58.81583	0	32	2021-10-05T08:04:26
12.27378	-58.81427	0	32	2021-10-05T08:09:29
12.27401	-58.81860	0	32	2021-10-05T08:14:49
12.27336	-58.81934	0	32	2021-10-05T08:19:28
12.27262	-58.82025	0	32	2021-10-05T08:24:25
12.27189	-58.82111	0	32	2021-10-05T08:29:25
12.27121	-58.82193	0	32	2021-10-05T08:34:56
12.27061	-58.82278	0	32	2021-10-05T08:39:24
12.27001	-58.82364	0	32	2021-10-05T08:44:24
12.26924	-58.82446	0	32	2021-10-05T08:49:18
12.26856	-58.82532	0	32	2021-10-05T08:54:18
12.26787	-58.82614	0	32	2021-10-05T08:59:20
12.26727	-58.82697	0	32	2021-10-05T09:04:19
12.26663	-58.82779	0	32	2021-10-05T09:09:17
12.26592	-58.82861	0	32	2021-10-05T09:14:18
12.26449	-58.83026	0	32	2021-10-05T09:24:18
12.26378	-58.83105	0	32	2021-10-05T09:29:55
12.26309	-58.83191	0	32	2021-10-05T09:34:56
12.26250	-58.83258	0	32	2021-10-05T09:39:22
12.26101	-58.83408	0	32	2021-10-05T09:49:24
12.26032	-58.83484	0	32	2021-10-05T09:54:25
12.25959	-58.83554	0	32	2021-10-05T09:59:29
12.25884	-58.83627	0	32	2021-10-05T10:04:23
12.25808	-58.83693	0	32	2021-10-05T10:09:23
12.25735	-58.83762	0	32	2021-10-05T10:14:24
12.25662	-58.83829	0	32	2021-10-05T10:19:25
12.25591	-58.83905	0	32	2021-10-05T10:24:22
12.25523	-58.83992	0	32	2021-10-05T10:29:23
12.25450	-58.84078	0	32	2021-10-05T10:34:23
12.25394	-58.84164	0	32	2021-10-05T10:39:23
12.25333	-58.84241	0	32	2021-10-05T10:44:24
12.24986	-58.84671	0	32	2021-10-05T11:09:22
12.24918	-58.84768	0	32	2021-10-05T11:14:24
12.24858	-58.84845	0	32	2021-10-05T11:19:24
12.24802	-58.84937	0	32	2021-10-05T11:24:27
12.24742	-58.85031	0	32	2021-10-05T11:29:28
12.24686	-58.85134	0	32	2021-10-05T11:34:27
12.24639	-58.85211	0	32	2021-10-05T11:39:27
12.24588	-58.85300	0	32	2021-10-05T11:44:25
12.24542	-58.85388	0	32	2021-10-05T11:49:28
12.24489	-58.85491	0	32	2021-10-05T11:54:29
12.24442	-58.85577	0	32	2021-10-05T11:59:29
12.24391	-58.85654	0	32	2021-10-05T12:04:28
12.24339	-58.85742	0	32	2021-10-05T12:09:27
12.24287	-58.85831	0	32	2021-10-05T12:14:29
12.24224	-58.85923	0	32	2021-10-05T12:19:27
12.24173	-58.86017	0	32	2021-10-05T12:24:27
12.24126	-58.86118	0	32	2021-10-05T12:29:27
12.24020	-58.86309	0	32	2021-10-05T12:39:26
12.23986	-58.86395	0	32	2021-10-05T12:44:26
12.23930	-58.86481	0	32	2021-10-05T12:49:26
12.23883	-58.86572	0	32	2021-10-05T12:54:24
12.23829	-58.86664	0	32	2021-10-05T12:59:25
12.23773	-58.86758	0	32	2021-10-05T13:04:26
12.23724	-58.86850	0	32	2021-10-05T13:09:27
12.23613	-58.87047	0	32	2021-10-05T13:19:37
12.23566	-58.87133	0	32	2021-10-05T13:24:38
12.23515	-58.87219	0	32	2021-10-05T13:29:38
12.23452	-58.87317	0	32	2021-10-05T13:34:59
12.23392	-58.87393	0	32	2021-10-05T13:39:23
12.23330	-58.87485	0	32	2021-10-05T13:44:21
12.23279	-58.87573	0	32	2021-10-05T13:49:19
12.23229	-58.87665	0	32	2021-10-05T13:54:19
12.23180	-58.87759	0	32	2021-10-05T13:59:20
12.23132	-58.87845	0	32	2021-10-05T14:04:21
12.23083	-58.87933	0	32	2021-10-05T14:09:21
12.23020	-58.88019	0	32	2021-10-05T14:14:22
12.22904	-58.88190	0	32	2021-10-05T14:24:20
12.22838	-58.88278	0	32	2021-10-05T14:29:21
12.22773	-58.88381	0	32	2021-10-05T14:34:23
12.22734	-58.88458	0	32	2021-10-05T14:39:23
12.22685	-58.88547	0	32	2021-10-05T14:44:25
12.22642	-58.88638	0	32	2021-10-05T14:49:25
12.22587	-58.88724	0	32	2021-10-05T14:54:22
12.22482	-58.88901	0	32	2021-10-05T15:04:20
12.22430	-58.88986	0	32	2021-10-05T15:09:21
12.22363	-58.89072	0	32	2021-10-05T15:14:21
12.22309	-58.89160	0	32	2021-10-05T15:19:19
12.22268	-58.89249	0	32	2021-10-05T15:24:16
12.22218	-58.89343	0	32	2021-10-05T15:29:17
12.22150	-58.89465	0	32	2021-10-05T15:34:12
12.22116	-58.89542	0	32	2021-10-05T15:39:11
12.22073	-58.89636	0	32	2021-10-05T15:44:11
12.22008	-58.89734	0	32	2021-10-05T15:49:12
12.21956	-58.89828	0	32	2021-10-05T15:54:09
12.21896	-58.89926	0	32	2021-10-05T15:59:10
12.21837	-58.90015	0	32	2021-10-05T16:04:12
12.21777	-58.90120	0	32	2021-10-05T16:09:11
12.21724	-58.90219	0	32	2021-10-05T16:14:09
12.21674	-58.90326	0	32	2021-10-05T16:19:10
12.21623	-58.90424	0	32	2021-10-05T16:24:10
12.21570	-58.90544	0	32	2021-10-05T16:29:07
12.21522	-58.90640	0	32	2021-10-05T16:34:27
12.21476	-58.90741	0	32	2021-10-05T16:39:06
12.21384	-58.90944	0	32	2021-10-05T16:48:59
12.21341	-58.91047	0	32	2021-10-05T16:53:59
12.21294	-58.91141	0	32	2021-10-05T16:58:58
12.21251	-58.91245	0	32	2021-10-05T17:03:58
12.21206	-58.91360	0	32	2021-10-05T17:08:59
12.21159	-58.91467	0	32	2021-10-05T17:13:59
12.21106	-58.91577	0	32	2021-10-05T17:19:00
12.21053	-58.91685	0	32	2021-10-05T17:24:01
12.21002	-58.91788	0	32	2021-10-05T17:29:02
12.20943	-58.91891	0	32	2021-10-05T17:34:25
12.20897	-58.91983	0	32	2021-10-05T17:39:01
12.20844	-58.92087	0	32	2021-10-05T17:44:02
12.20726	-58.92282	0	32	2021-10-05T17:53:59
12.20675	-58.92377	0	32	2021-10-05T17:59:00
12.20621	-58.92477	0	32	2021-10-05T18:03:59
12.20568	-58.92581	0	32	2021-10-05T18:09:00
12.20511	-58.92686	0	32	2021-10-05T18:13:55
12.20450	-58.92776	0	32	2021-10-05T18:18:58
12.20382	-58.92874	0	32	2021-10-05T18:23:55
12.20311	-58.92975	0	32	2021-10-05T18:28:54
12.20245	-58.93076	0	32	2021-10-05T18:34:25
12.20184	-58.93158	0	32	2021-10-05T18:38:54
12.20122	-58.93250	0	32	2021-10-05T18:43:52
12.20055	-58.93344	0	32	2021-10-05T18:48:52
12.19992	-58.93439	0	32	2021-10-05T18:53:50
12.19846	-58.93628	0	32	2021-10-05T19:03:52
12.19777	-58.93722	0	32	2021-10-05T19:08:52
12.19708	-58.93808	0	32	2021-10-05T19:13:52
12.19632	-58.93900	0	32	2021-10-05T19:18:53
12.19563	-58.93994	0	32	2021-10-05T19:23:51
12.19402	-58.94177	0	32	2021-10-05T19:34:27
12.19331	-58.94261	0	32	2021-10-05T19:38:46
12.19247	-58.94336	0	32	2021-10-05T19:43:50
12.19168	-58.94424	0	32	2021-10-05T19:48:47
12.19076	-58.94510	0	32	2021-10-05T19:53:48
12.18993	-58.94604	0	32	2021-10-05T19:58:48
12.18906	-58.94696	0	32	2021-10-05T20:03:45
12.18828	-58.94781	0	32	2021-10-05T20:08:46
12.18747	-58.94885	0	32	2021-10-05T20:13:44
12.18653	-58.94971	0	32	2021-10-05T20:18:44
12.18567	-58.95050	0	32	2021-10-05T20:23:42
12.18478	-58.95139	0	32	2021-10-05T20:28:39
12.18387	-58.95224	0	32	2021-10-05T20:33:56
12.18289	-58.95306	0	32	2021-10-05T20:38:37
12.18193	-58.95394	0	32	2021-10-05T20:43:38
12.18107	-58.95471	0	32	2021-10-05T20:48:38
12.18007	-58.95551	0	32	2021-10-05T20:53:35
12.17914	-58.95630	0	32	2021-10-05T20:58:32
12.17821	-58.95703	0	32	2021-10-05T21:03:32
12.17725	-58.95779	0	32	2021-10-05T21:08:33
12.17631	-58.95859	0	32	2021-10-05T21:13:28
12.17530	-58.95952	0	32	2021-10-05T21:18:25
12.17440	-58.96029	0	32	2021-10-05T21:23:25
12.17350	-58.96106	0	32	2021-10-05T21:28:26
12.17264	-58.96200	0	32	2021-10-05T21:33:24
12.17178	-58.96277	0	32	2021-10-05T21:38:24
12.17049	-58.96344	0	32	2021-10-05T21:43:25
12.16963	-58.96452	0	32	2021-10-05T21:48:22
12.16860	-58.96529	0	32	2021-10-05T21:53:23
12.16774	-58.96606	0	32	2021-10-05T21:58:23
12.16677	-58.96692	0	32	2021-10-05T22:03:23
12.16594	-58.96774	0	32	2021-10-05T22:08:24
12.16498	-58.96865	0	32	2021-10-05T22:13:22
12.16404	-58.96942	0	32	2021-10-05T22:18:22
12.16312	-58.97031	0	32	2021-10-05T22:23:19
12.16112	-58.97243	0	32	2021-10-05T22:33:18
12.16043	-58.97320	0	32	2021-10-05T22:38:19
12.15970	-58.97406	0	32	2021-10-05T22:43:19
12.15888	-58.97495	0	32	2021-10-05T22:48:17
12.15804	-58.97589	0	32	2021-10-05T22:53:18
12.15733	-58.97681	0	32	2021-10-05T22:58:17
12.15654	-58.97775	0	32	2021-10-05T23:03:18
12.15589	-58.97870	0	32	2021-10-05T23:08:16
12.15516	-58.97977	0	32	2021-10-05T23:13:17
12.15431	-58.98071	0	32	2021-10-05T23:18:14
12.15344	-58.98163	0	32	2021-10-05T23:23:15
12.15270	-58.98260	0	32	2021-10-05T23:28:16
12.15099	-58.98466	0	32	2021-10-05T23:38:14
12.15030	-58.98569	0	32	2021-10-05T23:43:15
12.14948	-58.98663	0	32	2021-10-05T23:48:15
12.14867	-58.98767	0	32	2021-10-05T23:53:13
12.14792	-58.98859	0	32	2021-10-05T23:58:14
12.14703	-58.98953	0	32	2021-10-06T00:03:14
12.14616	-58.99057	0	32	2021-10-06T00:08:18
12.14534	-58.99155	0	32	2021-10-06T00:13:13
12.14460	-58.99258	0	32	2021-10-06T00:18:17
12.14372	-58.99356	0	32	2021-10-06T00:23:20
12.14296	-58.99460	0	32	2021-10-06T00:28:23
12.14206	-58.99570	0	32	2021-10-06T00:33:58
12.14137	-58.99674	0	32	2021-10-06T00:38:25
12.14060	-58.99777	0	32	2021-10-06T00:43:25
12.13974	-58.99878	0	32	2021-10-06T00:48:29
12.13893	-58.99994	0	32	2021-10-06T00:53:39
12.13819	-59.00104	0	32	2021-10-06T00:58:42
12.13756	-59.00217	0	32	2021-10-06T01:03:40
12.13705	-59.00333	0	32	2021-10-06T01:08:43
12.13644	-59.00449	0	32	2021-10-06T01:13:42
12.13511	-59.00680	0	32	2021-10-06T01:23:59
12.13451	-59.00792	0	32	2021-10-06T01:28:59
12.13391	-59.00912	0	32	2021-10-06T01:33:59
12.13328	-59.01019	0	32	2021-10-06T01:38:27
12.13277	-59.01138	0	32	2021-10-06T01:43:28
12.13232	-59.01260	0	32	2021-10-06T01:48:31
12.13172	-59.01382	0	32	2021-10-06T01:53:25
12.13113	-59.01495	0	32	2021-10-06T01:58:27
12.13058	-59.01627	0	32	2021-10-06T02:03:26
12.13009	-59.01755	0	32	2021-10-06T02:08:27
12.12958	-59.01880	0	32	2021-10-06T02:13:25
12.12930	-59.02002	0	32	2021-10-06T02:18:26
12.12878	-59.02125	0	32	2021-10-06T02:23:23
12.12835	-59.02228	0	32	2021-10-06T02:28:23
12.12766	-59.02362	0	32	2021-10-06T02:33:56
12.12724	-59.02466	0	32	2021-10-06T02:38:18
12.12676	-59.02585	0	32	2021-10-06T02:43:18
12.12624	-59.02701	0	32	2021-10-06T02:48:18
12.12578	-59.02823	0	32	2021-10-06T02:53:15
12.12531	-59.02948	0	32	2021-10-06T02:58:16
12.12483	-59.03070	0	32	2021-10-06T03:03:14
12.12436	-59.03186	0	32	2021-10-06T03:08:12
12.12384	-59.03312	0	32	2021-10-06T03:13:09
12.12320	-59.03424	0	32	2021-10-06T03:18:09
12.12255	-59.03543	0	32	2021-10-06T03:23:11
12.12184	-59.03669	0	32	2021-10-06T03:28:26
12.12115	-59.03781	0	32	2021-10-06T03:33:27
12.12055	-59.03891	0	32	2021-10-06T03:38:21
12.11986	-59.04010	0	32	2021-10-06T03:43:24
12.11913	-59.04123	0	32	2021-10-06T03:48:22
12.11860	-59.04245	0	32	2021-10-06T03:53:22
12.11789	-59.04370	0	32	2021-10-06T03:58:23
12.11723	-59.04489	0	32	2021-10-06T04:03:21
12.11672	-59.04602	0	32	2021-10-06T04:08:02
12.11607	-59.04722	0	32	2021-10-06T04:13:00
12.11547	-59.04834	0	32	2021-10-06T04:18:00
12.11479	-59.04950	0	32	2021-10-06T04:23:01
12.11428	-59.05063	0	32	2021-10-06T04:27:59
12.11353	-59.05185	0	32	2021-10-06T04:33:25
12.11296	-59.05286	0	32	2021-10-06T04:38:02
12.11227	-59.05386	0	32	2021-10-06T04:43:01
12.11093	-59.05598	0	32	2021-10-06T04:53:02
12.11033	-59.05701	0	32	2021-10-06T04:58:02
12.10969	-59.05804	0	32	2021-10-06T05:03:01
12.10909	-59.05914	0	32	2021-10-06T05:08:05
12.10713	-59.06224	0	32	2021-10-06T05:23:26
12.10649	-59.06318	0	32	2021-10-06T05:28:26
12.10576	-59.06421	0	32	2021-10-06T05:33:25
12.10517	-59.06507	0	32	2021-10-06T05:38:05
12.10448	-59.06601	0	32	2021-10-06T05:43:04
12.10378	-59.06696	0	32	2021-10-06T05:48:04
12.10318	-59.06784	0	32	2021-10-06T05:53:05
12.10251	-59.06879	0	32	2021-10-06T05:58:02
12.10197	-59.06970	0	32	2021-10-06T06:03:01
12.10141	-59.07056	0	32	2021-10-06T06:08:00
12.10075	-59.07141	0	32	2021-10-06T06:13:01
12.10008	-59.07220	0	32	2021-10-06T06:17:58
12.09932	-59.07294	0	32	2021-10-06T06:23:02
12.09866	-59.07373	0	32	2021-10-06T06:27:59
12.09788	-59.07458	0	32	2021-10-06T06:33:23
12.09718	-59.07526	0	32	2021-10-06T06:37:57
12.09639	-59.07608	0	32	2021-10-06T06:42:54
12.09554	-59.07690	0	32	2021-10-06T06:47:55
12.09472	-59.07770	0	32	2021-10-06T06:52:51
12.09328	-59.07928	0	32	2021-10-06T07:02:51
12.09258	-59.08006	0	32	2021-10-06T07:07:47
12.09185	-59.08075	0	32	2021-10-06T07:12:47
12.09105	-59.08157	0	32	2021-10-06T07:17:47
12.09018	-59.08228	0	32	2021-10-06T07:22:45
12.08935	-59.08304	0	32	2021-10-06T07:27:46
12.08859	-59.08392	0	32	2021-10-06T07:33:06
12.08803	-59.08459	0	32	2021-10-06T07:37:43
12.08728	-59.08542	0	32	2021-10-06T07:42:42
12.08663	-59.08612	0	32	2021-10-06T07:47:41
12.08599	-59.08694	0	32	2021-10-06T07:52:38
12.08526	-59.08768	0	32	2021-10-06T07:57:39
12.08452	-59.08847	0	32	2021-10-06T08:02:36
12.08387	-59.08923	0	32	2021-10-06T08:07:37
12.08332	-59.09000	0	32	2021-10-06T08:12:39
12.08272	-59.09064	0	32	2021-10-06T08:17:34
12.08206	-59.09137	0	32	2021-10-06T08:22:36
12.08132	-59.09213	0	32	2021-10-06T08:28:26
12.08055	-59.09299	0	32	2021-10-06T08:33:25
12.08000	-59.09363	0	32	2021-10-06T08:37:39
12.07938	-59.09443	0	32	2021-10-06T08:42:39
12.07882	-59.09512	0	32	2021-10-06T08:47:38
12.07820	-59.09590	0	32	2021-10-06T08:52:38
12.07760	-59.09659	0	32	2021-10-06T08:57:38
12.07705	-59.09729	0	32	2021-10-06T09:02:36
12.07644	-59.09799	0	32	2021-10-06T09:07:37
12.07588	-59.09877	0	32	2021-10-06T09:12:34
12.07541	-59.09946	0	32	2021-10-06T09:17:35
12.07493	-59.10022	0	32	2021-10-06T09:22:32
12.07445	-59.10095	0	32	2021-10-06T09:27:32
12.07386	-59.10165	0	32	2021-10-06T09:32:32
12.07339	-59.10242	0	32	2021-10-06T09:37:31
12.07283	-59.10324	0	32	2021-10-06T09:42:28
12.07239	-59.10413	0	32	2021-10-06T09:47:29
12.07179	-59.10489	0	32	2021-10-06T09:52:32
12.07123	-59.10566	0	32	2021-10-06T09:57:26
12.07076	-59.10635	0	32	2021-10-06T10:02:27
12.07020	-59.10712	0	32	2021-10-06T10:07:28
12.06975	-59.10788	0	32	2021-10-06T10:12:28
12.06927	-59.10870	0	32	2021-10-06T10:17:28
12.06885	-59.10950	0	32	2021-10-06T10:22:26
12.06841	-59.11023	0	32	2021-10-06T10:27:30
12.06778	-59.11210	0	32	2021-10-06T10:37:33
12.06739	-59.11287	0	32	2021-10-06T10:42:34
12.06705	-59.11356	0	32	2021-10-06T10:47:34
12.06665	-59.11429	0	32	2021-10-06T10:52:31
12.06618	-59.11504	0	32	2021-10-06T10:57:28
12.06584	-59.11573	0	32	2021-10-06T11:02:29
12.06554	-59.11642	0	32	2021-10-06T11:07:29
12.06517	-59.11725	0	32	2021-10-06T11:12:30
12.06488	-59.11810	0	32	2021-10-06T11:17:28
12.06449	-59.11893	0	32	2021-10-06T11:22:28
12.06424	-59.11984	0	32	2021-10-06T11:27:25
12.06354	-59.12167	0	32	2021-10-06T11:37:23
12.06318	-59.12262	0	32	2021-10-06T11:42:17
12.06291	-59.12347	0	32	2021-10-06T11:47:20
12.06262	-59.12442	0	32	2021-10-06T11:52:17
12.06238	-59.12540	0	32	2021-10-06T11:57:16
12.06145	-59.12903	0	32	2021-10-06T12:17:14
12.06127	-59.12995	0	32	2021-10-06T12:22:08
12.06110	-59.13089	0	32	2021-10-06T12:27:09
12.06093	-59.13187	0	32	2021-10-06T12:32:38
12.06080	-59.13272	0	32	2021-10-06T12:37:10
12.06063	-59.13373	0	32	2021-10-06T12:42:04
12.06042	-59.13459	0	32	2021-10-06T12:47:05
12.06025	-59.13562	0	32	2021-10-06T12:52:05
12.06010	-59.13669	0	32	2021-10-06T12:57:05
12.05998	-59.13788	0	32	2021-10-06T13:02:08
12.05989	-59.13907	0	32	2021-10-06T13:07:07
12.05971	-59.14023	0	32	2021-10-06T13:12:09
12.05954	-59.14148	0	32	2021-10-06T13:17:07
12.05926	-59.14402	0	32	2021-10-06T13:27:12
12.05921	-59.14523	0	32	2021-10-06T13:32:24
12.05922	-59.14651	0	32	2021-10-06T13:37:13
12.05925	-59.14780	0	32	2021-10-06T13:42:15
12.05934	-59.14926	0	32	2021-10-06T13:47:19
12.05939	-59.15079	0	32	2021-10-06T13:52:15
12.05948	-59.15247	0	32	2021-10-06T13:57:17
12.05957	-59.15396	0	32	2021-10-06T14:02:21
12.05949	-59.15558	0	32	2021-10-06T14:07:18
12.05950	-59.15698	0	32	2021-10-06T14:12:19
12.05948	-59.15829	0	32	2021-10-06T14:17:16
12.05944	-59.15952	0	32	2021-10-06T14:22:13
12.05935	-59.16055	0	32	2021-10-06T14:27:13
12.05929	-59.16188	0	32	2021-10-06T14:32:11
12.05929	-59.16282	0	32	2021-10-06T14:37:12
12.05925	-59.16385	0	32	2021-10-06T14:42:12
12.05927	-59.16489	0	32	2021-10-06T14:47:10
12.05931	-59.16583	0	32	2021-10-06T14:52:11
12.05930	-59.16675	0	32	2021-10-06T14:57:09
12.05930	-59.16852	0	32	2021-10-06T15:07:09
12.05929	-59.16940	0	32	2021-10-06T15:12:06
12.05927	-59.17037	0	32	2021-10-06T15:17:04
12.05927	-59.17123	0	32	2021-10-06T15:22:04
12.05918	-59.17218	0	32	2021-10-06T15:27:05
12.05900	-59.17427	0	32	2021-10-06T15:37:04
12.05887	-59.17513	0	32	2021-10-06T15:42:04
12.05874	-59.17590	0	32	2021-10-06T15:47:05
12.05860	-59.17682	0	32	2021-10-06T15:51:59
12.05853	-59.17773	0	32	2021-10-06T15:57:14
12.05851	-59.17877	0	32	2021-10-06T16:02:16
12.05853	-59.17987	0	32	2021-10-06T16:07:15
12.05861	-59.18286	0	32	2021-10-06T16:22:15
12.05870	-59.18359	0	32	2021-10-06T16:27:16
12.05883	-59.18444	0	32	2021-10-06T16:32:16
12.05883	-59.18439	0	32	2021-10-06T16:32:43
12.05874	-59.18581	0	32	2021-10-06T16:42:14
12.05887	-59.18564	0	32	2021-10-06T16:42:15
12.05882	-59.18632	0	32	2021-10-06T16:47:14
12.05885	-59.18634	0	32	2021-10-06T16:47:15
12.05878	-59.18701	0	32	2021-10-06T16:52:13
12.05850	-59.18878	0	32	2021-10-06T17:07:08
12.05843	-59.18939	0	32	2021-10-06T17:11:57
12.05835	-59.19049	0	32	2021-10-06T17:21:58
12.05837	-59.19177	0	32	2021-10-06T17:32:27
12.05837	-59.19232	0	32	2021-10-06T17:36:57
12.05831	-59.19291	0	32	2021-10-06T17:41:56
12.05827	-59.19351	0	32	2021-10-06T17:46:55
12.05821	-59.19412	0	32	2021-10-06T17:51:54
12.05822	-59.19545	0	32	2021-10-06T18:01:54
12.05822	-59.19596	0	32	2021-10-06T18:06:54
12.05820	-59.19589	0	32	2021-10-06T18:06:58
12.05822	-59.19647	0	32	2021-10-06T18:11:55
12.05826	-59.19709	0	32	2021-10-06T18:16:52
12.05825	-59.19711	0	32	2021-10-06T18:16:52
12.05830	-59.19769	0	32	2021-10-06T18:21:52
12.05851	-59.19901	0	32	2021-10-06T18:32:28
12.05860	-59.19949	0	32	2021-10-06T18:36:52
12.05871	-59.20001	0	32	2021-10-06T18:41:55
12.05920	-59.20031	0	32	2021-10-06T18:41:56
12.05886	-59.20050	0	32	2021-10-06T18:46:53
12.05902	-59.20099	0	32	2021-10-06T18:51:55
12.05913	-59.20139	0	32	2021-10-06T18:56:55
12.05921	-59.20181	0	32	2021-10-06T19:01:57
12.05934	-59.20261	0	32	2021-10-06T19:12:01
12.05922	-59.20297	0	32	2021-10-06T19:17:01
12.05910	-59.20337	0	32	2021-10-06T19:22:03
12.05902	-59.20377	0	32	2021-10-06T19:27:07
12.05884	-59.20447	0	32	2021-10-06T19:37:02
12.05878	-59.20483	0	32	2021-10-06T19:41:59
12.05871	-59.20508	0	32	2021-10-06T19:47:04
12.05870	-59.20544	0	32	2021-10-06T19:52:00
12.05869	-59.20578	0	32	2021-10-06T19:57:00
12.05866	-59.20618	0	32	2021-10-06T20:02:01
12.05859	-59.20645	0	32	2021-10-06T20:06:59
12.05850	-59.20688	0	32	2021-10-06T20:11:59
12.05846	-59.20721	0	32	2021-10-06T20:16:56
12.05839	-59.20749	0	32	2021-10-06T20:21:57
12.05836	-59.20773	0	32	2021-10-06T20:26:55
12.05817	-59.20804	0	32	2021-10-06T20:32:27
12.05805	-59.20840	0	32	2021-10-06T20:36:54
12.05789	-59.20883	0	32	2021-10-06T20:41:53
12.05773	-59.20923	0	32	2021-10-06T20:46:51
12.05757	-59.20959	0	32	2021-10-06T20:51:54
12.05731	-59.20993	0	32	2021-10-06T20:56:53
12.05710	-59.21027	0	32	2021-10-06T21:01:53
12.05692	-59.21060	0	32	2021-10-06T21:06:55
12.05659	-59.21091	0	32	2021-10-06T21:11:55
12.05590	-59.21167	0	32	2021-10-06T21:21:57
12.05538	-59.21191	0	32	2021-10-06T21:26:56
12.05186	-59.21570	0	32	2021-10-06T22:11:57
12.05137	-59.21616	0	32	2021-10-06T22:16:55
12.05096	-59.21671	0	32	2021-10-06T22:21:58
12.04835	-59.22015	0	32	2021-10-06T22:46:56
12.04787	-59.22083	0	32	2021-10-06T22:51:57
12.04626	-59.22415	0	32	2021-10-06T23:11:52
12.04584	-59.22501	0	32	2021-10-06T23:16:53
12.04500	-59.22705	0	32	2021-10-06T23:26:47
12.04460	-59.22812	0	32	2021-10-06T23:32:08
12.04414	-59.22906	0	32	2021-10-06T23:36:45
12.04366	-59.23020	0	32	2021-10-06T23:41:41
12.04369	-59.23016	0	32	2021-10-06T23:41:43
12.04315	-59.23123	0	32	2021-10-06T23:46:40
12.04265	-59.23233	0	32	2021-10-06T23:51:40
12.04217	-59.23349	0	32	2021-10-06T23:56:41
12.04187	-59.23462	0	32	2021-10-07T00:01:42
12.04158	-59.23581	0	32	2021-10-07T00:06:39
12.04128	-59.23712	0	32	2021-10-07T00:11:38
12.04099	-59.23846	0	32	2021-10-07T00:16:39
12.04065	-59.23987	0	32	2021-10-07T00:21:41
12.04019	-59.24121	0	32	2021-10-07T00:26:39
12.03979	-59.24280	0	32	2021-10-07T00:32:25
12.03955	-59.24399	0	32	2021-10-07T00:36:39
12.03876	-59.24673	0	32	2021-10-07T00:46:42
12.03785	-59.24942	0	32	2021-10-07T00:56:39
12.03785	-59.24944	0	32	2021-10-07T00:56:40
12.03738	-59.25073	0	32	2021-10-07T01:01:40
12.03654	-59.25342	0	32	2021-10-07T01:11:41
12.03613	-59.25473	0	32	2021-10-07T01:16:44
12.03442	-59.25949	0	32	2021-10-07T01:36:41
12.03399	-59.26073	0	32	2021-10-07T01:41:36
12.03360	-59.26193	0	32	2021-10-07T01:46:36
12.03136	-59.26804	0	32	2021-10-07T02:11:40
12.03081	-59.26926	0	32	2021-10-07T02:16:38
12.03019	-59.27048	0	32	2021-10-07T02:21:41
12.02959	-59.27170	0	32	2021-10-07T02:26:38
12.02860	-59.27396	0	32	2021-10-07T02:36:36
12.02802	-59.27509	0	32	2021-10-07T02:41:34
12.02751	-59.27631	0	32	2021-10-07T02:46:35
12.02572	-59.27979	0	32	2021-10-07T03:01:38
12.02529	-59.28108	0	32	2021-10-07T03:06:38
12.02531	-59.28104	0	32	2021-10-07T03:06:39
12.02486	-59.28220	0	32	2021-10-07T03:11:38
12.02375	-59.28452	0	32	2021-10-07T03:21:42
12.02311	-59.28564	0	32	2021-10-07T03:26:41
12.02233	-59.28696	0	32	2021-10-07T03:32:29
12.02166	-59.28785	0	32	2021-10-07T03:36:37
12.02097	-59.28897	0	32	2021-10-07T03:41:37
12.02031	-59.29016	0	32	2021-10-07T03:46:35
12.01955	-59.29126	0	32	2021-10-07T03:51:36
12.01895	-59.29242	0	32	2021-10-07T03:56:35
12.01838	-59.29355	0	32	2021-10-07T04:01:36
12.01772	-59.29456	0	32	2021-10-07T04:06:34
12.01720	-59.29562	0	32	2021-10-07T04:11:34
12.01624	-59.29778	0	32	2021-10-07T04:22:04
12.01577	-59.29872	0	32	2021-10-07T04:27:04
12.01513	-59.29984	0	32	2021-10-07T04:32:05
12.01423	-59.30164	0	32	2021-10-07T04:41:31
12.01384	-59.30258	0	32	2021-10-07T04:46:28
12.01334	-59.30347	0	32	2021-10-07T04:51:29
12.01267	-59.30438	0	32	2021-10-07T04:56:26
12.01211	-59.30535	0	32	2021-10-07T05:01:26
12.01164	-59.30621	0	32	2021-10-07T05:06:25
12.01116	-59.30713	0	32	2021-10-07T05:11:28
12.01060	-59.30804	0	32	2021-10-07T05:16:26
12.01004	-59.30893	0	32	2021-10-07T05:21:28
12.00954	-59.30988	0	32	2021-10-07T05:26:55
12.00907	-59.31091	0	32	2021-10-07T05:31:55
12.00867	-59.31177	0	32	2021-10-07T05:36:29
12.00825	-59.31274	0	32	2021-10-07T05:41:29
12.00757	-59.31458	0	32	2021-10-07T05:51:27
12.00721	-59.31555	0	32	2021-10-07T05:56:25
12.00682	-59.31641	0	32	2021-10-07T06:01:25
12.00645	-59.31738	0	32	2021-10-07T06:06:23
12.00615	-59.31815	0	32	2021-10-07T06:11:23
12.00581	-59.31894	0	32	2021-10-07T06:16:20
12.00542	-59.31973	0	32	2021-10-07T06:21:21
12.00499	-59.32056	0	32	2021-10-07T06:26:15
12.00460	-59.32142	0	32	2021-10-07T06:31:16
12.00430	-59.32202	0	32	2021-10-07T06:36:16
12.00393	-59.32281	0	32	2021-10-07T06:41:15
12.00358	-59.32361	0	32	2021-10-07T06:46:17
12.00327	-59.32437	0	32	2021-10-07T06:51:14
12.00285	-59.32513	0	32	2021-10-07T06:56:11
12.00248	-59.32596	0	32	2021-10-07T07:01:12
12.00203	-59.32681	0	32	2021-10-07T07:06:14
12.00164	-59.32758	0	32	2021-10-07T07:11:14
12.00124	-59.32837	0	32	2021-10-07T07:16:12
12.00086	-59.32913	0	32	2021-10-07T07:21:13
12.00041	-59.32996	0	32	2021-10-07T07:26:11
11.99987	-59.33102	0	32	2021-10-07T07:31:37
11.99948	-59.33185	0	32	2021-10-07T07:36:12
11.99896	-59.33264	0	32	2021-10-07T07:41:13
11.99840	-59.33346	0	32	2021-10-07T07:46:10
11.99789	-59.33415	0	32	2021-10-07T07:51:10
11.99738	-59.33475	0	32	2021-10-07T07:56:11
11.99686	-59.33539	0	32	2021-10-07T08:01:16
11.99644	-59.33606	0	32	2021-10-07T08:06:13
11.99607	-59.33676	0	32	2021-10-07T08:11:11
11.99570	-59.33745	0	32	2021-10-07T08:16:14
11.99531	-59.33805	0	32	2021-10-07T08:21:14
11.99497	-59.33865	0	32	2021-10-07T08:26:13
11.99459	-59.33942	0	32	2021-10-07T08:31:39
11.99396	-59.34085	0	32	2021-10-07T08:41:11
11.99366	-59.34161	0	32	2021-10-07T08:46:09
11.99335	-59.34241	0	32	2021-10-07T08:51:12
11.99309	-59.34326	0	32	2021-10-07T08:56:10
11.99281	-59.34431	0	32	2021-10-07T09:01:11
11.99255	-59.34525	0	32	2021-10-07T09:06:12
11.99240	-59.34622	0	32	2021-10-07T09:11:13
11.99225	-59.34723	0	32	2021-10-07T09:16:22
11.99207	-59.34824	0	32	2021-10-07T09:21:14
11.99189	-59.34924	0	32	2021-10-07T09:26:11
11.99154	-59.35040	0	32	2021-10-07T09:31:36
11.99136	-59.35138	0	32	2021-10-07T09:36:12
11.99119	-59.35251	0	32	2021-10-07T09:41:13
11.99106	-59.35361	0	32	2021-10-07T09:46:14
11.99094	-59.35475	0	32	2021-10-07T09:51:16
11.99085	-59.35587	0	32	2021-10-07T09:56:16
11.99068	-59.35703	0	32	2021-10-07T10:01:14
11.99059	-59.35815	0	32	2021-10-07T10:06:14
11.99054	-59.35931	0	32	2021-10-07T10:11:15
11.99053	-59.36047	0	32	2021-10-07T10:16:19
11.99056	-59.36167	0	32	2021-10-07T10:21:20
11.99060	-59.36270	0	32	2021-10-07T10:26:20
11.99061	-59.36405	0	32	2021-10-07T10:31:21
11.99061	-59.36499	0	32	2021-10-07T10:36:20
11.99068	-59.36630	0	32	2021-10-07T10:41:20
11.99072	-59.36742	0	32	2021-10-07T10:46:21
11.99076	-59.36862	0	32	2021-10-07T10:51:21
11.99085	-59.36981	0	32	2021-10-07T10:56:19
11.99099	-59.37106	0	32	2021-10-07T11:01:20
11.99108	-59.37226	0	32	2021-10-07T11:06:20
11.99117	-59.37338	0	32	2021-10-07T11:11:20
11.99125	-59.37457	0	32	2021-10-07T11:16:21
11.99134	-59.37576	0	32	2021-10-07T11:21:19
11.99161	-59.37933	0	32	2021-10-07T11:36:19
11.99182	-59.38177	0	32	2021-10-07T11:46:19
11.99195	-59.38289	0	32	2021-10-07T11:51:19
11.99216	-59.38409	0	32	2021-10-07T11:56:18
11.99236	-59.38525	0	32	2021-10-07T12:01:22
11.99250	-59.38647	0	32	2021-10-07T12:06:20
11.99270	-59.38766	0	32	2021-10-07T12:11:23
11.99290	-59.38889	0	32	2021-10-07T12:16:21
11.99313	-59.38995	0	32	2021-10-07T12:21:23
11.99326	-59.39124	0	32	2021-10-07T12:26:22
11.99340	-59.39255	0	32	2021-10-07T12:32:05
11.99356	-59.39359	0	32	2021-10-07T12:36:23
11.99378	-59.39468	0	32	2021-10-07T12:41:24
11.99403	-59.39581	0	32	2021-10-07T12:46:22
11.99435	-59.39708	0	32	2021-10-07T12:51:23
11.99461	-59.39811	0	32	2021-10-07T12:56:24
11.99482	-59.39914	0	32	2021-10-07T13:01:24
11.99508	-59.40024	0	32	2021-10-07T13:06:22
11.99542	-59.40125	0	32	2021-10-07T13:11:38
11.99568	-59.40228	0	32	2021-10-07T13:16:39
11.99592	-59.40337	0	32	2021-10-07T13:21:59
11.99613	-59.40440	0	32	2021-10-07T13:26:59
11.99630	-59.40552	0	32	2021-10-07T13:31:58
11.99649	-59.40649	0	32	2021-10-07T13:36:27
11.99673	-59.40747	0	32	2021-10-07T13:41:25
11.99694	-59.40839	0	32	2021-10-07T13:46:26
11.99743	-59.41040	0	32	2021-10-07T13:56:25
11.99756	-59.41134	0	32	2021-10-07T14:01:24
11.99769	-59.41220	0	32	2021-10-07T14:06:25
11.99783	-59.41312	0	32	2021-10-07T14:11:22
11.99793	-59.41403	0	32	2021-10-07T14:16:25
11.99805	-59.41504	0	32	2021-10-07T14:21:23
11.99811	-59.41595	0	32	2021-10-07T14:26:24
11.99813	-59.41723	0	32	2021-10-07T14:31:22
11.99813	-59.41809	0	32	2021-10-07T14:36:22
11.99813	-59.41920	0	32	2021-10-07T14:41:20
11.99800	-59.42014	0	32	2021-10-07T14:46:20
11.99793	-59.42111	0	32	2021-10-07T14:51:19
11.99789	-59.42212	0	32	2021-10-07T14:56:20
11.99774	-59.42300	0	32	2021-10-07T15:01:17
11.99749	-59.42398	0	32	2021-10-07T15:06:18
11.99728	-59.42484	0	32	2021-10-07T15:11:17
11.99702	-59.42572	0	32	2021-10-07T15:16:16
11.99682	-59.42664	0	32	2021-10-07T15:21:14
11.99658	-59.42743	0	32	2021-10-07T15:26:15
11.99636	-59.42834	0	32	2021-10-07T15:31:39
11.99628	-59.42911	0	32	2021-10-07T15:36:13
11.99595	-59.43016	0	32	2021-10-07T15:41:10
11.99574	-59.43094	0	32	2021-10-07T15:46:13
11.99553	-59.43179	0	32	2021-10-07T15:51:09
11.99533	-59.43268	0	32	2021-10-07T15:56:13
11.99504	-59.43359	0	32	2021-10-07T16:01:18
11.99481	-59.43445	0	32	2021-10-07T16:06:09
11.99462	-59.43539	0	32	2021-10-07T16:11:08
11.99411	-59.43745	0	32	2021-10-07T16:21:27
11.99394	-59.43839	0	32	2021-10-07T16:26:26
11.99381	-59.43951	0	32	2021-10-07T16:31:26
11.99367	-59.44049	0	32	2021-10-07T16:36:08
11.99334	-59.44247	0	32	2021-10-07T16:46:09
11.99324	-59.44361	0	32	2021-10-07T16:51:10
11.99320	-59.44455	0	32	2021-10-07T16:56:10
11.99307	-59.44553	0	32	2021-10-07T17:01:11
11.99292	-59.44647	0	32	2021-10-07T17:06:09
11.99282	-59.44742	0	32	2021-10-07T17:11:10
11.99271	-59.44836	0	32	2021-10-07T17:16:08
11.99256	-59.44930	0	32	2021-10-07T17:21:08
11.99247	-59.45016	0	32	2021-10-07T17:26:08
11.99234	-59.45111	0	32	2021-10-07T17:31:26
11.99222	-59.45190	0	32	2021-10-07T17:36:09
11.99208	-59.45276	0	32	2021-10-07T17:41:06
11.99186	-59.45374	0	32	2021-10-07T17:46:04
11.99175	-59.45459	0	32	2021-10-07T17:51:04
11.99156	-59.45554	0	32	2021-10-07T17:56:03
11.99140	-59.45661	0	32	2021-10-07T18:01:02
11.99131	-59.45755	0	32	2021-10-07T18:06:01
11.99121	-59.45859	0	32	2021-10-07T18:10:58
11.99106	-59.45959	0	32	2021-10-07T18:15:59
11.99103	-59.46066	0	32	2021-10-07T18:20:56
11.99100	-59.46184	0	32	2021-10-07T18:25:56
11.99101	-59.46295	0	32	2021-10-07T18:31:26
11.99087	-59.46390	0	32	2021-10-07T18:35:57
11.99077	-59.46503	0	32	2021-10-07T18:40:59
11.99065	-59.46622	0	32	2021-10-07T18:45:59
11.99061	-59.46745	0	32	2021-10-07T18:50:57
11.99057	-59.46844	0	32	2021-10-07T18:56:00
11.99053	-59.46951	0	32	2021-10-07T19:00:58
11.99060	-59.47060	0	32	2021-10-07T19:05:58
11.99060	-59.47163	0	32	2021-10-07T19:10:58
11.99060	-59.47266	0	32	2021-10-07T19:15:57
11.99064	-59.47372	0	32	2021-10-07T19:20:56
11.99074	-59.47482	0	32	2021-10-07T19:25:57
11.99083	-59.47604	0	32	2021-10-07T19:31:26
11.99102	-59.47711	0	32	2021-10-07T19:35:56
11.99118	-59.47827	0	32	2021-10-07T19:40:54
11.99142	-59.47954	0	32	2021-10-07T19:45:54
11.99159	-59.48074	0	32	2021-10-07T19:50:55
11.99171	-59.48203	0	32	2021-10-07T19:55:58
11.99171	-59.48340	0	32	2021-10-07T20:00:57
11.99184	-59.48484	0	32	2021-10-07T20:05:53
11.99197	-59.48604	0	32	2021-10-07T20:10:53
11.99214	-59.48724	0	32	2021-10-07T20:15:52
11.99242	-59.48846	0	32	2021-10-07T20:20:51
11.99265	-59.48962	0	32	2021-10-07T20:25:50
11.99282	-59.49084	0	32	2021-10-07T20:31:24
11.99298	-59.49187	0	32	2021-10-07T20:35:50
11.99311	-59.49316	0	32	2021-10-07T20:40:49
11.99343	-59.49426	0	32	2021-10-07T20:45:52
11.99373	-59.49545	0	32	2021-10-07T20:50:50
11.99406	-59.49664	0	32	2021-10-07T20:55:53
11.99428	-59.49786	0	32	2021-10-07T21:00:52
11.99458	-59.49898	0	32	2021-10-07T21:05:53
11.99484	-59.50018	0	32	2021-10-07T21:10:53
11.99551	-59.50277	0	32	2021-10-07T21:21:25
11.99582	-59.50403	0	32	2021-10-07T21:25:56
11.99619	-59.50543	0	32	2021-10-07T21:31:24
11.99650	-59.50665	0	32	2021-10-07T21:35:57
11.99685	-59.50798	0	32	2021-10-07T21:40:55
11.99698	-59.50952	0	32	2021-10-07T21:45:55
11.99734	-59.51080	0	32	2021-10-07T21:50:53
11.99809	-59.51396	0	32	2021-10-07T22:00:53
11.99852	-59.51542	0	32	2021-10-07T22:05:52
11.99891	-59.51688	0	32	2021-10-07T22:10:52
11.99934	-59.51837	0	32	2021-10-07T22:15:54
11.99973	-59.51993	0	32	2021-10-07T22:20:54
12.00011	-59.52155	0	32	2021-10-07T22:26:25
12.00062	-59.52301	0	32	2021-10-07T22:31:25
12.00106	-59.52438	0	32	2021-10-07T22:36:00
12.00152	-59.52591	0	32	2021-10-07T22:41:01
12.00191	-59.52740	0	32	2021-10-07T22:45:59
12.00235	-59.52890	0	32	2021-10-07T22:50:56
12.00275	-59.53040	0	32	2021-10-07T22:55:58
12.00315	-59.53192	0	32	2021-10-07T23:00:57
12.00365	-59.53363	0	32	2021-10-07T23:05:50
12.00415	-59.53513	0	32	2021-10-07T23:10:55
12.00467	-59.53671	0	32	2021-10-07T23:15:51
12.00527	-59.53836	0	32	2021-10-07T23:20:52
12.00579	-59.54001	0	32	2021-10-07T23:25:53
12.00633	-59.54196	0	32	2021-10-07T23:31:25
12.00683	-59.54343	0	32	2021-10-07T23:35:54
12.00732	-59.54518	0	32	2021-10-07T23:41:07
12.00771	-59.54672	0	32	2021-10-07T23:46:08
12.00812	-59.54849	0	32	2021-10-07T23:51:05
12.00856	-59.55020	0	32	2021-10-07T23:55:50
12.00910	-59.55200	0	32	2021-10-08T00:01:02
12.00957	-59.55374	0	32	2021-10-08T00:06:00
12.00993	-59.55527	0	32	2021-10-08T00:10:45
12.01032	-59.55682	0	32	2021-10-08T00:15:45
12.01078	-59.55835	0	32	2021-10-08T00:20:47
12.01109	-59.56003	0	32	2021-10-08T00:25:48
12.01139	-59.56192	0	32	2021-10-08T00:31:27
12.01162	-59.56326	0	32	2021-10-08T00:35:43
12.01190	-59.56473	0	32	2021-10-08T00:40:46
12.01232	-59.56782	0	32	2021-10-08T00:50:42
12.01249	-59.56928	0	32	2021-10-08T00:55:42
12.01270	-59.57074	0	32	2021-10-08T01:00:42
12.01278	-59.57236	0	32	2021-10-08T01:05:40
12.01301	-59.57391	0	32	2021-10-08T01:10:40
12.01323	-59.57529	0	32	2021-10-08T01:15:41
12.01346	-59.57680	0	32	2021-10-08T01:21:09
12.01363	-59.57826	0	32	2021-10-08T01:26:09
12.01376	-59.57980	0	32	2021-10-08T01:31:08
12.01384	-59.58105	0	32	2021-10-08T01:35:33
12.01385	-59.58243	0	32	2021-10-08T01:40:34
12.01390	-59.58374	0	32	2021-10-08T01:45:34
12.01398	-59.58511	0	32	2021-10-08T01:50:31
12.01404	-59.58644	0	32	2021-10-08T01:55:33
12.01413	-59.58773	0	32	2021-10-08T02:00:34
12.01413	-59.58902	0	32	2021-10-08T02:05:34
12.01410	-59.59039	0	32	2021-10-08T02:10:32
12.01402	-59.59167	0	32	2021-10-08T02:15:35
12.01403	-59.59301	0	32	2021-10-08T02:20:36
12.01403	-59.59421	0	32	2021-10-08T02:25:35
12.01411	-59.59549	0	32	2021-10-08T02:30:55
12.01410	-59.59662	0	32	2021-10-08T02:35:39
12.01424	-59.59786	0	32	2021-10-08T02:40:33
12.01428	-59.59906	0	32	2021-10-08T02:45:33
12.01431	-59.60022	0	32	2021-10-08T02:50:34
12.01413	-59.60136	0	32	2021-10-08T02:55:35
12.01413	-59.60239	0	32	2021-10-08T03:00:36
12.01403	-59.60345	0	32	2021-10-08T03:05:32
12.01397	-59.60455	0	32	2021-10-08T03:10:33
12.01386	-59.60571	0	32	2021-10-08T03:15:34
12.01375	-59.60681	0	32	2021-10-08T03:20:32
12.01369	-59.60794	0	32	2021-10-08T03:25:33
12.01366	-59.60931	0	32	2021-10-08T03:31:12
12.01361	-59.61035	0	32	2021-10-08T03:35:45
12.01375	-59.61150	0	32	2021-10-08T03:40:43
12.01401	-59.61279	0	32	2021-10-08T03:45:44
12.01409	-59.61411	0	32	2021-10-08T03:50:41
12.01422	-59.61548	0	32	2021-10-08T03:55:42
12.01431	-59.61691	0	32	2021-10-08T04:00:43
12.01443	-59.61835	0	32	2021-10-08T04:05:43
12.01447	-59.62128	0	32	2021-10-08T04:15:26
12.01443	-59.62434	0	32	2021-10-08T04:25:19
12.01442	-59.62585	0	32	2021-10-08T04:30:58
12.01443	-59.62708	0	32	2021-10-08T04:35:18
12.01447	-59.62848	0	32	2021-10-08T04:40:18
12.01464	-59.63006	0	32	2021-10-08T04:45:14
12.01481	-59.63160	0	32	2021-10-08T04:50:13
12.01494	-59.63306	0	32	2021-10-08T04:55:13
12.01506	-59.63455	0	32	2021-10-08T05:00:11
12.01507	-59.63614	0	32	2021-10-08T05:05:08
12.01507	-59.63760	0	32	2021-10-08T05:10:08
12.01516	-59.63922	0	32	2021-10-08T05:15:09
12.01527	-59.64078	0	32	2021-10-08T05:20:07
12.01558	-59.64414	0	32	2021-10-08T05:30:05
12.01571	-59.64566	0	32	2021-10-08T05:35:08
12.01601	-59.64740	0	32	2021-10-08T05:40:06
12.01630	-59.64914	0	32	2021-10-08T05:45:07
12.01648	-59.65091	0	32	2021-10-08T05:50:07
12.01659	-59.65271	0	32	2021-10-08T05:55:05
12.01676	-59.65442	0	32	2021-10-08T06:00:02
12.01686	-59.65610	0	32	2021-10-08T06:05:02
12.01696	-59.65784	0	32	2021-10-08T06:09:59
12.01699	-59.65944	0	32	2021-10-08T06:14:59
12.01708	-59.66107	0	32	2021-10-08T06:19:58
12.01728	-59.66275	0	32	2021-10-08T06:24:59
12.01761	-59.66454	0	32	2021-10-08T06:29:59
12.01787	-59.66600	0	32	2021-10-08T06:35:00
12.01817	-59.66772	0	32	2021-10-08T06:40:00
12.01851	-59.66943	0	32	2021-10-08T06:44:58
12.01874	-59.67099	0	32	2021-10-08T06:49:57
12.01905	-59.67264	0	32	2021-10-08T06:55:00
12.01941	-59.67432	0	32	2021-10-08T06:59:59
12.01965	-59.67584	0	32	2021-10-08T07:04:57
12.02041	-59.67899	0	32	2021-10-08T07:14:56
12.02083	-59.68060	0	32	2021-10-08T07:19:59
12.02129	-59.68222	0	32	2021-10-08T07:24:59
12.02204	-59.68390	0	32	2021-10-08T07:30:25
12.02256	-59.68544	0	32	2021-10-08T07:35:03
12.02320	-59.68698	0	32	2021-10-08T07:40:03
12.02387	-59.68868	0	32	2021-10-08T07:45:07
12.02447	-59.69031	0	32	2021-10-08T07:50:06
12.02530	-59.69199	0	32	2021-10-08T07:55:05
12.02617	-59.69366	0	32	2021-10-08T08:00:06
12.02691	-59.69519	0	32	2021-10-08T08:05:07
12.02773	-59.69690	0	32	2021-10-08T08:10:05
12.02864	-59.69858	0	32	2021-10-08T08:15:02
12.02957	-59.70034	0	32	2021-10-08T08:20:06
12.03051	-59.70206	0	32	2021-10-08T08:25:06
12.03153	-59.70398	0	32	2021-10-08T08:30:27
12.03243	-59.70554	0	32	2021-10-08T08:35:01
12.03348	-59.70728	0	32	2021-10-08T08:40:04
12.03463	-59.70926	0	32	2021-10-08T08:45:06
12.03582	-59.71115	0	32	2021-10-08T08:50:03
12.03695	-59.71292	0	32	2021-10-08T08:55:00
12.03801	-59.71484	0	32	2021-10-08T09:00:00
12.03925	-59.71689	0	32	2021-10-08T09:04:59
12.04032	-59.71869	0	32	2021-10-08T09:09:59
12.04143	-59.72046	0	32	2021-10-08T09:14:57
12.04341	-59.72421	0	32	2021-10-08T09:24:58
12.04447	-59.72656	0	32	2021-10-08T09:30:25
12.04538	-59.72833	0	32	2021-10-08T09:34:58
12.04639	-59.73035	0	32	2021-10-08T09:39:57
12.04735	-59.73233	0	32	2021-10-08T09:45:01
12.04833	-59.73422	0	32	2021-10-08T09:50:01
12.04924	-59.73615	0	32	2021-10-08T09:55:00
12.05021	-59.73804	0	32	2021-10-08T10:00:00
12.05135	-59.73993	0	32	2021-10-08T10:05:01
12.05246	-59.74187	0	32	2021-10-08T10:10:02
12.05349	-59.74359	0	32	2021-10-08T10:15:03
12.05456	-59.74542	0	32	2021-10-08T10:20:04
12.05579	-59.74722	0	32	2021-10-08T10:25:04
12.05713	-59.74926	0	32	2021-10-08T10:30:20
12.05827	-59.75095	0	32	2021-10-08T10:35:19
12.05949	-59.75278	0	32	2021-10-08T10:40:19
12.06076	-59.75464	0	32	2021-10-08T10:45:22
12.06192	-59.75641	0	32	2021-10-08T10:50:21
12.06310	-59.75821	0	32	2021-10-08T10:55:24
12.06429	-59.76001	0	32	2021-10-08T11:00:22
12.06550	-59.76184	0	32	2021-10-08T11:05:26
12.06670	-59.76370	0	32	2021-10-08T11:10:24
12.06790	-59.76559	0	32	2021-10-08T11:15:25
12.06922	-59.76746	0	32	2021-10-08T11:20:14
12.07064	-59.76929	0	32	2021-10-08T11:25:23
12.07193	-59.77149	0	32	2021-10-08T11:30:07
12.07300	-59.77312	0	32	2021-10-08T11:35:06
12.07433	-59.77484	0	32	2021-10-08T11:40:06
12.07572	-59.77667	0	32	2021-10-08T11:45:07
12.07713	-59.77841	0	32	2021-10-08T11:50:07
12.07843	-59.78017	0	32	2021-10-08T11:55:07
12.07985	-59.78180	0	32	2021-10-08T12:00:06
12.08123	-59.78336	0	32	2021-10-08T12:05:07
12.08257	-59.78491	0	32	2021-10-08T12:10:12
12.08389	-59.78648	0	32	2021-10-08T12:15:11
12.08509	-59.78785	0	32	2021-10-08T12:20:11
12.08625	-59.78931	0	32	2021-10-08T12:25:10
12.08747	-59.79074	0	32	2021-10-08T12:30:26
12.08846	-59.79210	0	32	2021-10-08T12:35:08
12.08962	-59.79330	0	32	2021-10-08T12:40:08
12.09072	-59.79459	0	32	2021-10-08T12:45:06
12.09304	-59.79702	0	32	2021-10-08T12:55:07
12.09411	-59.79814	0	32	2021-10-08T13:00:07
12.09527	-59.79926	0	32	2021-10-08T13:05:06
12.09644	-59.80035	0	32	2021-10-08T13:10:08
12.09775	-59.80164	0	32	2021-10-08T13:15:03
12.09912	-59.80276	0	32	2021-10-08T13:20:04
12.10049	-59.80396	0	32	2021-10-08T13:25:04
12.10209	-59.80539	0	32	2021-10-08T13:30:35
12.10331	-59.80646	0	32	2021-10-08T13:35:02
12.10460	-59.80769	0	32	2021-10-08T13:40:00
12.10589	-59.80881	0	32	2021-10-08T13:45:00
12.10717	-59.80991	0	32	2021-10-08T13:50:01
12.10835	-59.81094	0	32	2021-10-08T13:54:59
12.10958	-59.81204	0	32	2021-10-08T13:59:58
12.11075	-59.81326	0	32	2021-10-08T14:04:59
12.11202	-59.81445	0	32	2021-10-08T14:10:00
12.11338	-59.81561	0	32	2021-10-08T14:14:58
12.11467	-59.81674	0	32	2021-10-08T14:19:58
12.11599	-59.81793	0	32	2021-10-08T14:24:55
12.11749	-59.81927	0	32	2021-10-08T14:29:53
12.11878	-59.82039	0	32	2021-10-08T14:34:53
12.12024	-59.82159	0	32	2021-10-08T14:39:54
12.12178	-59.82285	0	32	2021-10-08T14:44:51
12.12341	-59.82407	0	32	2021-10-08T14:49:51
12.12525	-59.82544	0	32	2021-10-08T14:54:50
12.12701	-59.82666	0	32	2021-10-08T14:59:50
12.13049	-59.82928	0	32	2021-10-08T15:09:52
12.13234	-59.83065	0	32	2021-10-08T15:14:52
12.13406	-59.83194	0	32	2021-10-08T15:19:53
12.13584	-59.83326	0	32	2021-10-08T15:25:26
12.13781	-59.83472	0	32	2021-10-08T15:30:26
12.13925	-59.83591	0	32	2021-10-08T15:34:59
12.14394	-59.83978	0	32	2021-10-08T15:49:59
12.14559	-59.84099	0	32	2021-10-08T15:55:02
12.14718	-59.84219	0	32	2021-10-08T16:00:01
12.14857	-59.84341	0	32	2021-10-08T16:05:00
12.14999	-59.84460	0	32	2021-10-08T16:09:58
12.15414	-59.84805	0	32	2021-10-08T16:24:54
12.15588	-59.84940	0	32	2021-10-08T16:29:51
12.15721	-59.85043	0	32	2021-10-08T16:34:51
12.15876	-59.85181	0	32	2021-10-08T16:39:55
12.16029	-59.85312	0	32	2021-10-08T16:44:55
12.16180	-59.85445	0	32	2021-10-08T16:49:54
12.16326	-59.85565	0	32	2021-10-08T16:54:54
12.16467	-59.85681	0	32	2021-10-08T16:59:52
12.16607	-59.85797	0	32	2021-10-08T17:04:52
12.16745	-59.85915	0	32	2021-10-08T17:09:53
12.16874	-59.86035	0	32	2021-10-08T17:14:53
12.17135	-59.86273	0	32	2021-10-08T17:24:54
12.17290	-59.86404	0	32	2021-10-08T17:30:26
12.17418	-59.86514	0	32	2021-10-08T17:34:58
12.17556	-59.86639	0	32	2021-10-08T17:39:57
12.17692	-59.86761	0	32	2021-10-08T17:44:55
12.17832	-59.86887	0	32	2021-10-08T17:49:59
12.17968	-59.87014	0	32	2021-10-08T17:55:00
12.18101	-59.87134	0	32	2021-10-08T18:00:00
12.18233	-59.87256	0	32	2021-10-08T18:05:01
12.18366	-59.87372	0	32	2021-10-08T18:09:59
12.18506	-59.87490	0	32	2021-10-08T18:15:01
12.18643	-59.87610	0	32	2021-10-08T18:20:01
12.18794	-59.87747	0	32	2021-10-08T18:24:59
12.19208	-59.88154	0	32	2021-10-08T18:39:59
12.19350	-59.88300	0	32	2021-10-08T18:44:58
12.19496	-59.88446	0	32	2021-10-08T18:49:58
12.19648	-59.88589	0	32	2021-10-08T18:54:58
12.19784	-59.88730	0	32	2021-10-08T19:00:00
12.19927	-59.88867	0	32	2021-10-08T19:04:58
12.20078	-59.89005	0	32	2021-10-08T19:10:02
12.20237	-59.89142	0	32	2021-10-08T19:15:02
12.20392	-59.89277	0	32	2021-10-08T19:20:27
12.20546	-59.89414	0	32	2021-10-08T19:25:27
12.20709	-59.89551	0	32	2021-10-08T19:30:27
12.20833	-59.89664	0	32	2021-10-08T19:34:54
12.20974	-59.89787	0	32	2021-10-08T19:39:52
12.21103	-59.89907	0	32	2021-10-08T19:44:52
12.21232	-59.90027	0	32	2021-10-08T19:49:53
12.21362	-59.90143	0	32	2021-10-08T19:54:54
12.21489	-59.90259	0	32	2021-10-08T19:59:51
12.21914	-59.90635	0	32	2021-10-08T20:14:46
12.22076	-59.90753	0	32	2021-10-08T20:19:53
12.22231	-59.90884	0	32	2021-10-08T20:24:47
12.22404	-59.91037	0	32	2021-10-08T20:30:23
12.22549	-59.91153	0	32	2021-10-08T20:34:46
12.22716	-59.91287	0	32	2021-10-08T20:39:47
12.22874	-59.91430	0	32	2021-10-08T20:44:47
12.23020	-59.91559	0	32	2021-10-08T20:49:48
12.23161	-59.91690	0	32	2021-10-08T20:54:49
12.23305	-59.91821	0	32	2021-10-08T20:59:47
12.23450	-59.91959	0	32	2021-10-08T21:04:47
12.23587	-59.92096	0	32	2021-10-08T21:09:48
12.23738	-59.92233	0	32	2021-10-08T21:14:45
12.24034	-59.92503	0	32	2021-10-08T21:24:49
12.24193	-59.92606	0	32	2021-10-08T21:29:48
12.24309	-59.92700	0	32	2021-10-08T21:34:48
12.24440	-59.92813	0	32	2021-10-08T21:39:50
12.24569	-59.92920	0	32	2021-10-08T21:44:46
12.24692	-59.93030	0	32	2021-10-08T21:49:47
12.24809	-59.93143	0	32	2021-10-08T21:54:50
12.24929	-59.93250	0	32	2021-10-08T21:59:49
12.25051	-59.93365	0	32	2021-10-08T22:04:53
12.25184	-59.93477	0	32	2021-10-08T22:09:58
12.25330	-59.93597	0	32	2021-10-08T22:14:59
12.25484	-59.93726	0	32	2021-10-08T22:19:59
12.25645	-59.93854	0	32	2021-10-08T22:25:01
12.25818	-59.94016	0	32	2021-10-08T22:30:31
12.25962	-59.94132	0	32	2021-10-08T22:34:58
12.26099	-59.94235	0	32	2021-10-08T22:39:59
12.26254	-59.94357	0	32	2021-10-08T22:45:04
12.26394	-59.94461	0	32	2021-10-08T22:50:00
12.26546	-59.94574	0	32	2021-10-08T22:54:59
12.26703	-59.94699	0	32	2021-10-08T22:59:55
12.26862	-59.94803	0	32	2021-10-08T23:04:56
12.26997	-59.94925	0	32	2021-10-08T23:09:54
12.27146	-59.95041	0	32	2021-10-08T23:15:01
12.27293	-59.95151	0	32	2021-10-08T23:19:47
12.27472	-59.95273	0	32	2021-10-08T23:25:02
12.28018	-59.95597	0	32	2021-10-08T23:39:43
12.28207	-59.95683	0	32	2021-10-08T23:44:44
12.28396	-59.95786	0	32	2021-10-08T23:49:44
12.28593	-59.95883	0	32	2021-10-08T23:54:45
12.28795	-59.95984	0	32	2021-10-08T23:59:42
12.28998	-59.96075	0	32	2021-10-09T00:04:43
12.29186	-59.96161	0	32	2021-10-09T00:09:41
12.29380	-59.96243	0	32	2021-10-09T00:14:38
12.29560	-59.96329	0	32	2021-10-09T00:19:38
12.29736	-59.96421	0	32	2021-10-09T00:24:58
12.29908	-59.96515	0	32	2021-10-09T00:29:58
12.30061	-59.96594	0	32	2021-10-09T00:34:39
12.30210	-59.96680	0	32	2021-10-09T00:39:41
12.30345	-59.96762	0	32	2021-10-09T00:44:38
12.30473	-59.96851	0	32	2021-10-09T00:49:39
12.30601	-59.96942	0	32	2021-10-09T00:54:36
12.30739	-59.97041	0	32	2021-10-09T00:59:33
12.30872	-59.97135	0	32	2021-10-09T01:04:34
12.30992	-59.97229	0	32	2021-10-09T01:09:34
12.31119	-59.97330	0	32	2021-10-09T01:14:36
12.31251	-59.97424	0	32	2021-10-09T01:19:37
12.31391	-59.97531	0	32	2021-10-09T01:24:36
12.31542	-59.97635	0	32	2021-10-09T01:29:58
12.31662	-59.97723	0	32	2021-10-09T01:34:39
12.31798	-59.97824	0	32	2021-10-09T01:39:39
12.31939	-59.97925	0	32	2021-10-09T01:44:38
12.32076	-59.98032	0	32	2021-10-09T01:49:42
12.32216	-59.98135	0	32	2021-10-09T01:54:42
12.32353	-59.98236	0	32	2021-10-09T01:59:51
12.32500	-59.98337	0	32	2021-10-09T02:04:44
12.32644	-59.98435	0	32	2021-10-09T02:09:44
12.32781	-59.98538	0	32	2021-10-09T02:14:43
12.32916	-59.98639	0	32	2021-10-09T02:19:43
12.33055	-59.98755	0	32	2021-10-09T02:24:40
12.33201	-59.98877	0	32	2021-10-09T02:29:57
12.33335	-59.98987	0	32	2021-10-09T02:34:35
12.33484	-59.99100	0	32	2021-10-09T02:39:32
12.33641	-59.99228	0	32	2021-10-09T02:44:35
12.33808	-59.99361	0	32	2021-10-09T02:49:36
12.33975	-59.99490	0	32	2021-10-09T02:54:36
12.34154	-59.99628	0	32	2021-10-09T02:59:37
12.34344	-59.99775	0	32	2021-10-09T03:04:36
12.34517	-59.99893	0	32	2021-10-09T03:09:39
12.34709	-60.00015	0	32	2021-10-09T03:14:37
12.34892	-60.00137	0	32	2021-10-09T03:19:38
12.35068	-60.00259	0	32	2021-10-09T03:24:37
12.35258	-60.00406	0	32	2021-10-09T03:30:11
12.35417	-60.00504	0	32	2021-10-09T03:34:55
12.35594	-60.00607	0	32	2021-10-09T03:39:53
12.35776	-60.00712	0	32	2021-10-09T03:44:50
12.35952	-60.00815	0	32	2021-10-09T03:49:51
12.36119	-60.00909	0	32	2021-10-09T03:54:51
12.36289	-60.01004	0	32	2021-10-09T03:59:48
12.36462	-60.01096	0	32	2021-10-09T04:04:49
12.36627	-60.01196	0	32	2021-10-09T04:09:46
12.36790	-60.01285	0	32	2021-10-09T04:14:47
12.36952	-60.01373	0	32	2021-10-09T04:19:33
12.37129	-60.01474	0	32	2021-10-09T04:24:32
12.37314	-60.01581	0	32	2021-10-09T04:29:58
12.37472	-60.01685	0	32	2021-10-09T04:34:31
12.37652	-60.01788	0	32	2021-10-09T04:39:31
12.37829	-60.01901	0	32	2021-10-09T04:44:32
12.38001	-60.02011	0	32	2021-10-09T04:49:29
12.38184	-60.02126	0	32	2021-10-09T04:54:27
12.38350	-60.02225	0	32	2021-10-09T04:59:25
12.38523	-60.02332	0	32	2021-10-09T05:04:26
12.38696	-60.02441	0	32	2021-10-09T05:09:22
12.38869	-60.02551	0	32	2021-10-09T05:14:23
12.39041	-60.02657	0	32	2021-10-09T05:19:20
12.39200	-60.02734	0	32	2021-10-09T05:24:21
12.39556	-60.02925	0	32	2021-10-09T05:34:18
12.39732	-60.03019	0	32	2021-10-09T05:39:18
12.39899	-60.03122	0	32	2021-10-09T05:44:17
12.40054	-60.03217	0	32	2021-10-09T05:49:17
12.40212	-60.03327	0	32	2021-10-09T05:54:22
12.40362	-60.03430	0	32	2021-10-09T05:59:22
12.40504	-60.03516	0	32	2021-10-09T06:04:22
12.40647	-60.03598	0	32	2021-10-09T06:09:25
12.40785	-60.03677	0	32	2021-10-09T06:14:25
12.40930	-60.03763	0	32	2021-10-09T06:19:26
12.41074	-60.03851	0	32	2021-10-09T06:24:26
12.41219	-60.03931	0	32	2021-10-09T06:29:55
12.41337	-60.03989	0	32	2021-10-09T06:34:24
12.41476	-60.04064	0	32	2021-10-09T06:39:18
12.41622	-60.04133	0	32	2021-10-09T06:44:18
12.41768	-60.04202	0	32	2021-10-09T06:49:17
12.41914	-60.04279	0	32	2021-10-09T06:54:17
12.42067	-60.04354	0	32	2021-10-09T06:59:18
12.42217	-60.04440	0	32	2021-10-09T07:04:19
12.42381	-60.04529	0	32	2021-10-09T07:09:20
12.42524	-60.04611	0	32	2021-10-09T07:14:20
12.42665	-60.04694	0	32	2021-10-09T07:19:20
12.42805	-60.04784	0	32	2021-10-09T07:24:54
12.42951	-60.04861	0	32	2021-10-09T07:29:54
12.43065	-60.04929	0	32	2021-10-09T07:34:20
12.43193	-60.05006	0	32	2021-10-09T07:39:20
12.43305	-60.05066	0	32	2021-10-09T07:44:20
12.43412	-60.05136	0	32	2021-10-09T07:49:21
12.43520	-60.05209	0	32	2021-10-09T07:54:19
12.43628	-60.05289	0	32	2021-10-09T07:59:20
12.43718	-60.05353	0	32	2021-10-09T08:04:17
12.43815	-60.05425	0	32	2021-10-09T08:09:18
12.43907	-60.05484	0	32	2021-10-09T08:14:18
12.43995	-60.05545	0	32	2021-10-09T08:19:19
12.44081	-60.05603	0	32	2021-10-09T08:24:17
12.44189	-60.05682	0	32	2021-10-09T08:30:00
12.44258	-60.05713	0	32	2021-10-09T08:34:15
12.44327	-60.05753	0	32	2021-10-09T08:39:16
12.44399	-60.05801	0	32	2021-10-09T08:44:15
12.44473	-60.05856	0	32	2021-10-09T08:49:13
12.44542	-60.05899	0	32	2021-10-09T08:54:14
12.44623	-60.05966	0	32	2021-10-09T08:59:15
12.44705	-60.06030	0	32	2021-10-09T09:04:16
12.44781	-60.06085	0	32	2021-10-09T09:09:14
12.44852	-60.06137	0	32	2021-10-09T09:14:17
12.44937	-60.06210	0	32	2021-10-09T09:19:15
12.45018	-60.06281	0	32	2021-10-09T09:24:12
12.45184	-60.06424	0	32	2021-10-09T09:34:13
12.45272	-60.06500	0	32	2021-10-09T09:39:15
12.45369	-60.06577	0	32	2021-10-09T09:44:14
12.45446	-60.06650	0	32	2021-10-09T09:49:13
12.45533	-60.06738	0	32	2021-10-09T09:54:16
12.45629	-60.06827	0	32	2021-10-09T09:59:18
12.45858	-60.07013	0	32	2021-10-09T10:09:19
12.45967	-60.07101	0	32	2021-10-09T10:14:19
12.46083	-60.07187	0	32	2021-10-09T10:19:18
12.46213	-60.07278	0	32	2021-10-09T10:24:17
12.46357	-60.07392	0	32	2021-10-09T10:29:31
12.46464	-60.07486	0	32	2021-10-09T10:34:31
12.46594	-60.07615	0	32	2021-10-09T10:39:20
12.46723	-60.07727	0	32	2021-10-09T10:44:20
12.46845	-60.07828	0	32	2021-10-09T10:49:17
12.46982	-60.07935	0	32	2021-10-09T10:54:14
12.47109	-60.08035	0	32	2021-10-09T10:59:15
12.47229	-60.08121	0	32	2021-10-09T11:04:14
12.47499	-60.08326	0	32	2021-10-09T11:14:11
12.47632	-60.08420	0	32	2021-10-09T11:19:11
12.47765	-60.08514	0	32	2021-10-09T11:24:10
12.47926	-60.08630	0	32	2021-10-09T11:29:26
12.48077	-60.08734	0	32	2021-10-09T11:34:06
12.48237	-60.08850	0	32	2021-10-09T11:39:07
12.48410	-60.08967	0	32	2021-10-09T11:44:05
12.48573	-60.09070	0	32	2021-10-09T11:49:06
12.48752	-60.09180	0	32	2021-10-09T11:54:06
12.48943	-60.09290	0	32	2021-10-09T11:59:04
12.49144	-60.09390	0	32	2021-10-09T12:04:07
12.49326	-60.09525	0	32	2021-10-09T12:09:20
12.49533	-60.09647	0	32	2021-10-09T12:14:18
12.49712	-60.09821	0	32	2021-10-09T12:19:29
12.49914	-60.09958	0	32	2021-10-09T12:24:28
12.50141	-60.10095	0	32	2021-10-09T12:29:28
12.50355	-60.10223	0	32	2021-10-09T12:34:13
12.50567	-60.10360	0	32	2021-10-09T12:39:11
12.50773	-60.10489	0	32	2021-10-09T12:44:11
12.50977	-60.10618	0	32	2021-10-09T12:49:11
12.51170	-60.10747	0	32	2021-10-09T12:54:10
12.51363	-60.10876	0	32	2021-10-09T12:59:10
12.51562	-60.11013	0	32	2021-10-09T13:04:08
12.51759	-60.11142	0	32	2021-10-09T13:09:08
12.51954	-60.11267	0	32	2021-10-09T13:14:06
12.52161	-60.11394	0	32	2021-10-09T13:19:06
12.52358	-60.11523	0	32	2021-10-09T13:24:06
12.52609	-60.11680	0	32	2021-10-09T13:28:49
12.52776	-60.11783	0	32	2021-10-09T13:33:49
12.52992	-60.11926	0	32	2021-10-09T13:38:51
12.53198	-60.12057	0	32	2021-10-09T13:43:50
12.53388	-60.12186	0	32	2021-10-09T13:48:58
12.53567	-60.12308	0	32	2021-10-09T13:53:48
12.53949	-60.12556	0	32	2021-10-09T14:03:47
12.54138	-60.12659	0	32	2021-10-09T14:08:47
12.54318	-60.12762	0	32	2021-10-09T14:13:48
12.54506	-60.12872	0	32	2021-10-09T14:18:49
12.54700	-60.12991	0	32	2021-10-09T14:23:50
12.54910	-60.13120	0	32	2021-10-09T14:29:30
12.55384	-60.13455	0	32	2021-10-09T14:43:46
12.55549	-60.13569	0	32	2021-10-09T14:48:45
12.55703	-60.13672	0	32	2021-10-09T14:53:44
12.55871	-60.13770	0	32	2021-10-09T14:58:45
12.56026	-60.13864	0	32	2021-10-09T15:03:45
12.56174	-60.13962	0	32	2021-10-09T15:08:49
12.56325	-60.14056	0	32	2021-10-09T15:13:43
12.56469	-60.14151	0	32	2021-10-09T15:18:44
12.56618	-60.14255	0	32	2021-10-09T15:23:43
12.56787	-60.14383	0	32	2021-10-09T15:29:08
12.56924	-60.14484	0	32	2021-10-09T15:33:41
12.57077	-60.14603	0	32	2021-10-09T15:38:42
12.57239	-60.14709	0	32	2021-10-09T15:43:43
12.57386	-60.14813	0	32	2021-10-09T15:48:40
12.57541	-60.14916	0	32	2021-10-09T15:53:38
12.57687	-60.15002	0	32	2021-10-09T15:58:38
12.57824	-60.15079	0	32	2021-10-09T16:03:37
12.57969	-60.15161	0	32	2021-10-09T16:08:38
12.58118	-60.15240	0	32	2021-10-09T16:13:34
12.58264	-60.15325	0	32	2021-10-09T16:18:30
12.58401	-60.15402	0	32	2021-10-09T16:23:29
12.58554	-60.15482	0	32	2021-10-09T16:28:59
12.58679	-60.15552	0	32	2021-10-09T16:33:26
12.58819	-60.15628	0	32	2021-10-09T16:38:24
12.58958	-60.15704	0	32	2021-10-09T16:43:28
12.59090	-60.15781	0	32	2021-10-09T16:48:28
12.59226	-60.15859	0	32	2021-10-09T16:53:30
12.59359	-60.15936	0	32	2021-10-09T16:58:30
12.59501	-60.16010	0	32	2021-10-09T17:03:34
12.59635	-60.16083	0	32	2021-10-09T17:08:36
12.59767	-60.16147	0	32	2021-10-09T17:13:37
12.59894	-60.16211	0	32	2021-10-09T17:18:36
12.60197	-60.16335	0	32	2021-10-09T17:28:34
12.60334	-60.16395	0	32	2021-10-09T17:33:33
12.60488	-60.16464	0	32	2021-10-09T17:38:33
12.60645	-60.16534	0	32	2021-10-09T17:43:33
12.60810	-60.16614	0	32	2021-10-09T17:48:35
12.60965	-60.16690	0	32	2021-10-09T17:53:35
12.61314	-60.16833	0	32	2021-10-09T18:03:38
12.61469	-60.16908	0	32	2021-10-09T18:08:37
12.61645	-60.16968	0	32	2021-10-09T18:13:36
12.61806	-60.17032	0	32	2021-10-09T18:18:40
12.61980	-60.17097	0	32	2021-10-09T18:23:56
12.62173	-60.17166	0	32	2021-10-09T18:28:56
12.62318	-60.17224	0	32	2021-10-09T18:33:32
12.62482	-60.17273	0	32	2021-10-09T18:38:34
12.62654	-60.17316	0	32	2021-10-09T18:43:33
12.62827	-60.17358	0	32	2021-10-09T18:48:32
12.63002	-60.17404	0	32	2021-10-09T18:53:33
12.63177	-60.17438	0	32	2021-10-09T18:58:31
12.63352	-60.17471	0	32	2021-10-09T19:03:32
12.63531	-60.17499	0	32	2021-10-09T19:08:30
12.63720	-60.17528	0	32	2021-10-09T19:13:30
12.63900	-60.17554	0	32	2021-10-09T19:18:30
12.64091	-60.17587	0	32	2021-10-09T19:23:31
12.64342	-60.17603	0	32	2021-10-09T19:28:56
12.64516	-60.17636	0	32	2021-10-09T19:33:30
12.64711	-60.17670	0	32	2021-10-09T19:38:30
12.64914	-60.17703	0	32	2021-10-09T19:43:30
12.65099	-60.17729	0	32	2021-10-09T19:48:29
12.65288	-60.17755	0	32	2021-10-09T19:53:29
12.65471	-60.17786	0	32	2021-10-09T19:58:27
12.65659	-60.17822	0	32	2021-10-09T20:03:27
12.65860	-60.17852	0	32	2021-10-09T20:08:23
12.66049	-60.17886	0	32	2021-10-09T20:13:22
12.66273	-60.17917	0	32	2021-10-09T20:18:23
12.66491	-60.17957	0	32	2021-10-09T20:23:22
12.66728	-60.17996	0	32	2021-10-09T20:28:57
12.66922	-60.18039	0	32	2021-10-09T20:33:21
12.67140	-60.18076	0	32	2021-10-09T20:38:22
12.67363	-60.18106	0	32	2021-10-09T20:43:22
12.67586	-60.18134	0	32	2021-10-09T20:48:23
12.67813	-60.18159	0	32	2021-10-09T20:53:23
12.68036	-60.18185	0	32	2021-10-09T20:58:22
12.68269	-60.18216	0	32	2021-10-09T21:03:23
12.68501	-60.18250	0	32	2021-10-09T21:08:22
12.68736	-60.18288	0	32	2021-10-09T21:13:20
12.68972	-60.18314	0	32	2021-10-09T21:18:21
12.69216	-60.18347	0	32	2021-10-09T21:23:22
12.69703	-60.18448	0	32	2021-10-09T21:33:20
12.69946	-60.18483	0	32	2021-10-09T21:38:21
12.70195	-60.18509	0	32	2021-10-09T21:43:21
12.70449	-60.18546	0	32	2021-10-09T21:48:25
12.70702	-60.18576	0	32	2021-10-09T21:53:23
12.70956	-60.18610	0	32	2021-10-09T21:58:24
12.71213	-60.18634	0	32	2021-10-09T22:03:23
12.71466	-60.18660	0	32	2021-10-09T22:08:22
12.71715	-60.18677	0	32	2021-10-09T22:13:23
12.71960	-60.18689	0	32	2021-10-09T22:18:23
12.72202	-60.18692	0	32	2021-10-09T22:23:21
12.72474	-60.18695	0	32	2021-10-09T22:28:56
12.72692	-60.18689	0	32	2021-10-09T22:33:23
12.72933	-60.18680	0	32	2021-10-09T22:38:22
12.73174	-60.18668	0	32	2021-10-09T22:43:20
12.73401	-60.18668	0	32	2021-10-09T22:48:21
12.73631	-60.18655	0	32	2021-10-09T22:53:22
12.73855	-60.18652	0	32	2021-10-09T22:58:21
12.74084	-60.18646	0	32	2021-10-09T23:03:22
12.74319	-60.18643	0	32	2021-10-09T23:08:20
12.74548	-60.18643	0	32	2021-10-09T23:13:20
12.74778	-60.18649	0	32	2021-10-09T23:18:19
12.75002	-60.18652	0	32	2021-10-09T23:23:38
12.75242	-60.18661	0	32	2021-10-09T23:28:39
12.75444	-60.18668	0	32	2021-10-09T23:33:18
12.75876	-60.18692	0	32	2021-10-09T23:43:14
12.76098	-60.18710	0	32	2021-10-09T23:48:12
12.76317	-60.18719	0	32	2021-10-09T23:53:12
12.76563	-60.18741	0	32	2021-10-09T23:58:10
12.76824	-60.18771	0	32	2021-10-10T00:03:10
12.77078	-60.18799	0	32	2021-10-10T00:08:11
12.77323	-60.18829	0	32	2021-10-10T00:13:09
12.77575	-60.18851	0	32	2021-10-10T00:18:10
12.77824	-60.18863	0	32	2021-10-10T00:23:07
12.78073	-60.18872	0	32	2021-10-10T00:28:07
12.78288	-60.18872	0	32	2021-10-10T00:33:08
12.78517	-60.18872	0	32	2021-10-10T00:38:07
12.78740	-60.18875	0	32	2021-10-10T00:43:08
12.78959	-60.18878	0	32	2021-10-10T00:48:06
12.79176	-60.18872	0	32	2021-10-10T00:53:07
12.79386	-60.18866	0	32	2021-10-10T00:58:03
12.79588	-60.18866	0	32	2021-10-10T01:03:02
12.79804	-60.18852	0	32	2021-10-10T01:08:06
12.80001	-60.18835	0	32	2021-10-10T01:13:07
12.80194	-60.18814	0	32	2021-10-10T01:18:04
12.80388	-60.18781	0	32	2021-10-10T01:23:24
12.80590	-60.18747	0	32	2021-10-10T01:28:25
12.80781	-60.18723	0	32	2021-10-10T01:33:06
12.80974	-60.18695	0	32	2021-10-10T01:38:11
12.81164	-60.18661	0	32	2021-10-10T01:43:09
12.81351	-60.18646	0	32	2021-10-10T01:48:12
12.81540	-60.18646	0	32	2021-10-10T01:53:11
12.81744	-60.18646	0	32	2021-10-10T01:58:11
12.81954	-60.18634	0	32	2021-10-10T02:03:09
12.82161	-60.18623	0	32	2021-10-10T02:08:12
12.82350	-60.18606	0	32	2021-10-10T02:13:13
12.82539	-60.18597	0	32	2021-10-10T02:18:13
12.82726	-60.18576	0	32	2021-10-10T02:23:14
12.82922	-60.18570	0	32	2021-10-10T02:28:35
12.83098	-60.18564	0	32	2021-10-10T02:33:13
12.83278	-60.18552	0	32	2021-10-10T02:38:11
12.83469	-60.18546	0	32	2021-10-10T02:43:11
12.83669	-60.18539	0	32	2021-10-10T02:48:11
12.83863	-60.18533	0	32	2021-10-10T02:53:08
12.84052	-60.18524	0	32	2021-10-10T02:58:08
12.84236	-60.18518	0	32	2021-10-10T03:03:05
12.84427	-60.18503	0	32	2021-10-10T03:08:04
12.84607	-60.18494	0	32	2021-10-10T03:13:04
12.84792	-60.18494	0	32	2021-10-10T03:18:04
12.84980	-60.18488	0	32	2021-10-10T03:23:05
12.85215	-60.18494	0	32	2021-10-10T03:28:42
12.85423	-60.18491	0	32	2021-10-10T03:33:16
12.85644	-60.18478	0	32	2021-10-10T03:38:16
12.85859	-60.18472	0	32	2021-10-10T03:43:14
12.86061	-60.18466	0	32	2021-10-10T03:48:03
12.86254	-60.18466	0	32	2021-10-10T03:53:03
12.86449	-60.18460	0	32	2021-10-10T03:58:00
12.86642	-60.18451	0	32	2021-10-10T04:03:00
12.86837	-60.18445	0	32	2021-10-10T04:08:03
12.87018	-60.18463	0	32	2021-10-10T04:13:03
12.87402	-60.18475	0	32	2021-10-10T04:23:01
12.87614	-60.18481	0	32	2021-10-10T04:28:28
12.87793	-60.18472	0	32	2021-10-10T04:33:03
12.87977	-60.18457	0	32	2021-10-10T04:38:02
12.88140	-60.18457	0	32	2021-10-10T04:43:01
12.88326	-60.18439	0	32	2021-10-10T04:48:02
12.88499	-60.18427	0	32	2021-10-10T04:53:02
12.88654	-60.18423	0	32	2021-10-10T04:58:03
12.88816	-60.18408	0	32	2021-10-10T05:03:00
12.88983	-60.18396	0	32	2021-10-10T05:07:58
12.89132	-60.18402	0	32	2021-10-10T05:12:59
12.89459	-60.18475	0	32	2021-10-10T05:23:00
12.89626	-60.18475	0	32	2021-10-10T05:28:00
12.89785	-60.18475	0	32	2021-10-10T05:33:00
12.89959	-60.18478	0	32	2021-10-10T05:37:58
12.90133	-60.18481	0	32	2021-10-10T05:42:58
12.90305	-60.18481	0	32	2021-10-10T05:47:57
12.90474	-60.18494	0	32	2021-10-10T05:52:56
12.90646	-60.18494	0	32	2021-10-10T05:57:54
12.90818	-60.18509	0	32	2021-10-10T06:02:58
12.90990	-60.18509	0	32	2021-10-10T06:07:57
12.91162	-60.18509	0	32	2021-10-10T06:12:57
12.91331	-60.18512	0	32	2021-10-10T06:17:58
12.91515	-60.18521	0	32	2021-10-10T06:22:57
12.91719	-60.18539	0	32	2021-10-10T06:28:26
12.91869	-60.18561	0	32	2021-10-10T06:32:53
12.92031	-60.18581	0	32	2021-10-10T06:37:53
12.92185	-60.18607	0	32	2021-10-10T06:42:53
12.92346	-60.18640	0	32	2021-10-10T06:47:54
12.92511	-60.18701	0	32	2021-10-10T06:52:52
12.92657	-60.18735	0	32	2021-10-10T06:57:52
12.92793	-60.18774	0	32	2021-10-10T07:02:53
12.92932	-60.18818	0	32	2021-10-10T07:07:47
12.93074	-60.18869	0	32	2021-10-10T07:12:47
12.93216	-60.18921	0	32	2021-10-10T07:17:47
12.93357	-60.18991	0	32	2021-10-10T07:22:46
12.93519	-60.19070	0	32	2021-10-10T07:28:25
12.93649	-60.19122	0	32	2021-10-10T07:32:47
12.93789	-60.19180	0	32	2021-10-10T07:37:47
12.93928	-60.19241	0	32	2021-10-10T07:42:45
12.94073	-60.19302	0	32	2021-10-10T07:47:50
12.94215	-60.19345	0	32	2021-10-10T07:52:50
12.94358	-60.19397	0	32	2021-10-10T07:57:49
12.94490	-60.19443	0	32	2021-10-10T08:02:51
12.94630	-60.19492	0	32	2021-10-10T08:07:52
12.94888	-60.19612	0	32	2021-10-10T08:18:29
12.95011	-60.19678	0	32	2021-10-10T08:22:48
12.95166	-60.19775	0	32	2021-10-10T08:28:28
12.95281	-60.19843	0	32	2021-10-10T08:32:49
12.95409	-60.19922	0	32	2021-10-10T08:37:50
12.95535	-60.20007	0	32	2021-10-10T08:42:45
12.95672	-60.20099	0	32	2021-10-10T08:47:48
12.95813	-60.20192	0	32	2021-10-10T08:52:49
12.95949	-60.20264	0	32	2021-10-10T08:57:46
12.96100	-60.20346	0	32	2021-10-10T09:02:48
12.96237	-60.20428	0	32	2021-10-10T09:07:48
12.96392	-60.20547	0	32	2021-10-10T09:12:46
12.96509	-60.20590	0	32	2021-10-10T09:17:43
12.96667	-60.20715	0	32	2021-10-10T09:22:44
12.96832	-60.20822	0	32	2021-10-10T09:28:11
12.97122	-60.21001	0	32	2021-10-10T09:37:40
12.97276	-60.21078	0	32	2021-10-10T09:42:39
12.97422	-60.21155	0	32	2021-10-10T09:47:40
12.97573	-60.21237	0	32	2021-10-10T09:52:37
12.97735	-60.21332	0	32	2021-10-10T09:57:37
12.97895	-60.21405	0	32	2021-10-10T10:02:37
12.98036	-60.21439	0	32	2021-10-10T10:07:32
12.98174	-60.21466	0	32	2021-10-10T10:12:33
12.98283	-60.21405	0	32	2021-10-10T10:18:04
12.98391	-60.21439	0	32	2021-10-10T10:22:33
12.98541	-60.21481	0	32	2021-10-10T10:28:13
12.98653	-60.21514	0	32	2021-10-10T10:32:32
12.98769	-60.21548	0	32	2021-10-10T10:37:32
12.98898	-60.21591	0	32	2021-10-10T10:42:32
12.99028	-60.21631	0	32	2021-10-10T10:47:31
12.99160	-60.21667	0	32	2021-10-10T10:52:28
12.99291	-60.21701	0	32	2021-10-10T10:57:27
12.99419	-60.21747	0	32	2021-10-10T11:02:28
12.99570	-60.21792	0	32	2021-10-10T11:07:22
12.99729	-60.21826	0	32	2021-10-10T11:12:23
12.99879	-60.21860	0	32	2021-10-10T11:17:23
13.00029	-60.21902	0	32	2021-10-10T11:23:02
13.00201	-60.21945	0	32	2021-10-10T11:28:01
13.00331	-60.21979	0	32	2021-10-10T11:32:16
13.00489	-60.22012	0	32	2021-10-10T11:37:17
13.00655	-60.22049	0	32	2021-10-10T11:42:16
13.00805	-60.22066	0	32	2021-10-10T11:47:15
13.00964	-60.22092	0	32	2021-10-10T11:52:15
13.01126	-60.22119	0	32	2021-10-10T11:57:12
13.01290	-60.22147	0	32	2021-10-10T12:02:13
13.01457	-60.22183	0	32	2021-10-10T12:07:12
13.01603	-60.22217	0	32	2021-10-10T12:12:11
13.01756	-60.22263	0	32	2021-10-10T12:17:10
13.01908	-60.22299	0	32	2021-10-10T12:22:12
13.02082	-60.22333	0	32	2021-10-10T12:27:24
13.02243	-60.22360	0	32	2021-10-10T12:32:10
13.02402	-60.22394	0	32	2021-10-10T12:37:10
13.02571	-60.22430	0	32	2021-10-10T12:42:08
13.02750	-60.22467	0	32	2021-10-10T12:47:09
13.02917	-60.22501	0	32	2021-10-10T12:52:09
13.03099	-60.22543	0	32	2021-10-10T12:57:10
13.03279	-60.22586	0	32	2021-10-10T13:02:10
13.03482	-60.22626	0	32	2021-10-10T13:07:12
13.03676	-60.22675	0	32	2021-10-10T13:12:12
13.03876	-60.22714	0	32	2021-10-10T13:17:13
13.04076	-60.22751	0	32	2021-10-10T13:22:14
13.04293	-60.22784	0	32	2021-10-10T13:27:42
13.04485	-60.22828	0	32	2021-10-10T13:32:09
13.04687	-60.22862	0	32	2021-10-10T13:37:10
13.04893	-60.22888	0	32	2021-10-10T13:42:10
13.05097	-60.22925	0	32	2021-10-10T13:47:11
13.05310	-60.22961	0	32	2021-10-10T13:52:12
13.05762	-60.23038	0	32	2021-10-10T14:02:07
13.05972	-60.23047	0	32	2021-10-10T14:07:07
13.06169	-60.23056	0	32	2021-10-10T14:12:08
13.06358	-60.23056	0	32	2021-10-10T14:17:08
13.06558	-60.23071	0	32	2021-10-10T14:22:06
13.06823	-60.23117	0	32	2021-10-10T14:27:30
13.06979	-60.23132	0	32	2021-10-10T14:32:03
13.07131	-60.23135	0	32	2021-10-10T14:37:03
13.07311	-60.23135	0	32	2021-10-10T14:42:01
13.07465	-60.23135	0	32	2021-10-10T14:47:02
13.07654	-60.23145	0	32	2021-10-10T14:52:00
13.07820	-60.23160	0	32	2021-10-10T14:57:04
13.08009	-60.23169	0	32	2021-10-10T15:02:05
13.08191	-60.23175	0	32	2021-10-10T15:07:03
13.08571	-60.23209	0	32	2021-10-10T15:17:26
13.08768	-60.23203	0	32	2021-10-10T15:22:08
13.08974	-60.23209	0	32	2021-10-10T15:27:25
13.09156	-60.23221	0	32	2021-10-10T15:32:06
13.09346	-60.23260	0	32	2021-10-10T15:37:18
13.09539	-60.23294	0	32	2021-10-10T15:42:18
13.09735	-60.23309	0	32	2021-10-10T15:47:04
13.09922	-60.23349	0	32	2021-10-10T15:52:08
13.10121	-60.23376	0	32	2021-10-10T15:57:06
13.10329	-60.23408	0	32	2021-10-10T16:02:06
13.10522	-60.23425	0	32	2021-10-10T16:07:05
13.10717	-60.23459	0	32	2021-10-10T16:12:02
13.10919	-60.23503	0	32	2021-10-10T16:17:26
13.11096	-60.23520	0	32	2021-10-10T16:22:03
13.11288	-60.23563	0	32	2021-10-10T16:27:27
13.11458	-60.23596	0	32	2021-10-10T16:32:01
13.11647	-60.23642	0	32	2021-10-10T16:36:58
13.11824	-60.23694	0	32	2021-10-10T16:41:56
13.12000	-60.23737	0	32	2021-10-10T16:46:56
13.12543	-60.23849	0	32	2021-10-10T17:01:57
13.12719	-60.23902	0	32	2021-10-10T17:06:52
13.12899	-60.23953	0	32	2021-10-10T17:11:53
13.13083	-60.24023	0	32	2021-10-10T17:16:53
13.13609	-60.24237	0	32	2021-10-10T17:31:56
13.13779	-60.24313	0	32	2021-10-10T17:36:57
13.13938	-60.24403	0	32	2021-10-10T17:42:00
13.14069	-60.24472	0	32	2021-10-10T17:46:59
13.14213	-60.24557	0	32	2021-10-10T17:51:59
13.14373	-60.24646	0	32	2021-10-10T17:57:03
13.14515	-60.24739	0	32	2021-10-10T18:02:02
13.14660	-60.24820	0	32	2021-10-10T18:07:03
13.14794	-60.24911	0	32	2021-10-10T18:12:03
13.14929	-60.24988	0	32	2021-10-10T18:17:03
13.15073	-60.25064	0	32	2021-10-10T18:22:01
13.15227	-60.25143	0	32	2021-10-10T18:27:27
13.15360	-60.25217	0	32	2021-10-10T18:32:03
13.15504	-60.25281	0	32	2021-10-10T18:37:02
13.15652	-60.25354	0	32	2021-10-10T18:42:03
13.15821	-60.25424	0	32	2021-10-10T18:47:01
13.15981	-60.25488	0	32	2021-10-10T18:52:02
13.16133	-60.25555	0	32	2021-10-10T18:57:01
13.16288	-60.25620	0	32	2021-10-10T19:01:59
13.16438	-60.25687	0	32	2021-10-10T19:07:00
13.16582	-60.25745	0	32	2021-10-10T19:12:00
13.16710	-60.25803	0	32	2021-10-10T19:16:59
13.16842	-60.25861	0	32	2021-10-10T19:21:58
13.17008	-60.25925	0	32	2021-10-10T19:27:27
13.17130	-60.25980	0	32	2021-10-10T19:32:01
13.17269	-60.26044	0	32	2021-10-10T19:36:59
13.17417	-60.26108	0	32	2021-10-10T19:41:59
13.17557	-60.26178	0	32	2021-10-10T19:47:02
13.17706	-60.26241	0	32	2021-10-10T19:52:03
13.17859	-60.26300	0	32	2021-10-10T19:57:01
13.18010	-60.26352	0	32	2021-10-10T20:02:02
13.18153	-60.26398	0	32	2021-10-10T20:07:02
13.18313	-60.26437	0	32	2021-10-10T20:12:04
13.18615	-60.26506	0	32	2021-10-10T20:22:03
13.18782	-60.26532	0	32	2021-10-10T20:27:03
13.18919	-60.26566	0	32	2021-10-10T20:32:04
13.19076	-60.26596	0	32	2021-10-10T20:37:04
13.19232	-60.26620	0	32	2021-10-10T20:42:02
13.19398	-60.26648	0	32	2021-10-10T20:47:06
13.19567	-60.26684	0	32	2021-10-10T20:52:10
13.19726	-60.26718	0	32	2021-10-10T20:57:09
13.19882	-60.26758	0	32	2021-10-10T21:02:09
13.20031	-60.26791	0	32	2021-10-10T21:07:14
13.20185	-60.26831	0	32	2021-10-10T21:12:14
13.20342	-60.26874	0	32	2021-10-10T21:17:16
13.20490	-60.26920	0	32	2021-10-10T21:22:13
13.20662	-60.26959	0	32	2021-10-10T21:27:41
13.20794	-60.27002	0	32	2021-10-10T21:32:14
13.20930	-60.27054	0	32	2021-10-10T21:37:13
13.21075	-60.27112	0	32	2021-10-10T21:42:11
13.21229	-60.27161	0	32	2021-10-10T21:47:11
13.21356	-60.27206	0	32	2021-10-10T21:52:09
13.21492	-60.27246	0	32	2021-10-10T21:57:10
13.21642	-60.27306	0	32	2021-10-10T22:02:11
13.21779	-60.27340	0	32	2021-10-10T22:07:11
13.21921	-60.27374	0	32	2021-10-10T22:12:10
13.22072	-60.27411	0	32	2021-10-10T22:17:11
13.22230	-60.27451	0	32	2021-10-10T22:22:07
13.22406	-60.27509	0	32	2021-10-10T22:27:27
13.22559	-60.27554	0	32	2021-10-10T22:32:09
13.22892	-60.27650	0	32	2021-10-10T22:42:10
13.23064	-60.27693	0	32	2021-10-10T22:47:11
13.23231	-60.27744	0	32	2021-10-10T22:52:11
13.23408	-60.27795	0	32	2021-10-10T22:57:13
13.23573	-60.27835	0	32	2021-10-10T23:02:10
13.23731	-60.27889	0	32	2021-10-10T23:07:08
13.23890	-60.27923	0	32	2021-10-10T23:12:08
13.24049	-60.27957	0	32	2021-10-10T23:17:09
13.24208	-60.28000	0	32	2021-10-10T23:22:10
13.24366	-60.28043	0	32	2021-10-10T23:27:26
13.24510	-60.28085	0	32	2021-10-10T23:32:11
13.24661	-60.28125	0	32	2021-10-10T23:37:09
13.24811	-60.28174	0	32	2021-10-10T23:42:09
13.24961	-60.28231	0	32	2021-10-10T23:47:10
13.25103	-60.28265	0	32	2021-10-10T23:52:11
13.25245	-60.28308	0	32	2021-10-10T23:57:11
13.25384	-60.28351	0	32	2021-10-11T00:02:09
13.25507	-60.28394	0	32	2021-10-11T00:07:09
13.25637	-60.28439	0	32	2021-10-11T00:12:10
13.25772	-60.28485	0	32	2021-10-11T00:17:12
13.25901	-60.28522	0	32	2021-10-11T00:22:12
13.26047	-60.28573	0	32	2021-10-11T00:27:13
13.26150	-60.28599	0	32	2021-10-11T00:32:13
13.26257	-60.28625	0	32	2021-10-11T00:37:13
13.26359	-60.28650	0	32	2021-10-11T00:42:15
13.26458	-60.28677	0	32	2021-10-11T00:47:13
13.26563	-60.28709	0	32	2021-10-11T00:52:14
13.26666	-60.28735	0	32	2021-10-11T00:57:14
13.26761	-60.28763	0	32	2021-10-11T01:02:14
13.26860	-60.28790	0	32	2021-10-11T01:07:13
13.26952	-60.28821	0	32	2021-10-11T01:12:09
13.27045	-60.28848	0	32	2021-10-11T01:17:11
13.27133	-60.28876	0	32	2021-10-11T01:22:10
13.27218	-60.28906	0	32	2021-10-11T01:27:28
13.27300	-60.28937	0	32	2021-10-11T01:32:08
13.27364	-60.28937	0	32	2021-10-11T01:37:10
13.27429	-60.28931	0	32	2021-10-11T01:42:07
13.27485	-60.28922	0	32	2021-10-11T01:47:08
13.27541	-60.28903	0	32	2021-10-11T01:52:07
13.27603	-60.28885	0	32	2021-10-11T01:57:05
13.27659	-60.28876	0	32	2021-10-11T02:02:06
13.27712	-60.28848	0	32	2021-10-11T02:07:06
13.27772	-60.28839	0	32	2021-10-11T02:12:05
13.27830	-60.28815	0	32	2021-10-11T02:17:07
13.27894	-60.28799	0	32	2021-10-11T02:22:06
13.27969	-60.28790	0	32	2021-10-11T02:27:28
13.28045	-60.28791	0	32	2021-10-11T02:32:08
13.28114	-60.28800	0	32	2021-10-11T02:37:08
13.28196	-60.28809	0	32	2021-10-11T02:42:08
13.28269	-60.28812	0	32	2021-10-11T02:47:06
13.28346	-60.28824	0	32	2021-10-11T02:52:04
13.28420	-60.28824	0	32	2021-10-11T02:57:05
13.28497	-60.28824	0	32	2021-10-11T03:02:04
13.28576	-60.28824	0	32	2021-10-11T03:07:05
13.28659	-60.28824	0	32	2021-10-11T03:12:03
13.28736	-60.28824	0	32	2021-10-11T03:17:04
13.28819	-60.28806	0	32	2021-10-11T03:22:28
13.28909	-60.28806	0	32	2021-10-11T03:27:28
13.28987	-60.28799	0	32	2021-10-11T03:32:05
13.29062	-60.28802	0	32	2021-10-11T03:37:03
13.29139	-60.28809	0	32	2021-10-11T03:42:01
13.29218	-60.28824	0	32	2021-10-11T03:47:01
13.29304	-60.28843	0	32	2021-10-11T03:51:59
13.29381	-60.28860	0	32	2021-10-11T03:56:59
13.29467	-60.28883	0	32	2021-10-11T04:01:57
13.29544	-60.28900	0	32	2021-10-11T04:06:57
13.29621	-60.28918	0	32	2021-10-11T04:11:56
13.29694	-60.28940	0	32	2021-10-11T04:16:55
13.29753	-60.28952	0	32	2021-10-11T04:21:54
13.29826	-60.28984	0	32	2021-10-11T04:26:56
13.29873	-60.29010	0	32	2021-10-11T04:31:57
13.29930	-60.29034	0	32	2021-10-11T04:36:54
13.29989	-60.29068	0	32	2021-10-11T04:41:52
13.30059	-60.29105	0	32	2021-10-11T04:46:56
13.30131	-60.29141	0	32	2021-10-11T04:51:57
13.30195	-60.29175	0	32	2021-10-11T04:56:57
13.30256	-60.29214	0	32	2021-10-11T05:01:57
13.30310	-60.29254	0	32	2021-10-11T05:07:00
13.30374	-60.29294	0	32	2021-10-11T05:12:03
13.30438	-60.29333	0	32	2021-10-11T05:17:02
13.30508	-60.29379	0	32	2021-10-11T05:22:06
13.30586	-60.29419	0	32	2021-10-11T05:27:03
13.30650	-60.29462	0	32	2021-10-11T05:32:04
13.30724	-60.29498	0	32	2021-10-11T05:37:01
13.30797	-60.29532	0	32	2021-10-11T05:42:01
13.30866	-60.29568	0	32	2021-10-11T05:46:58
13.30941	-60.29608	0	32	2021-10-11T05:52:00
13.31023	-60.29654	0	32	2021-10-11T05:56:55
13.31099	-60.29706	0	32	2021-10-11T06:01:54
13.31167	-60.29755	0	32	2021-10-11T06:06:50
13.31242	-60.29805	0	32	2021-10-11T06:11:47
13.31332	-60.29865	0	32	2021-10-11T06:16:47
13.31416	-60.29929	0	32	2021-10-11T06:21:45
13.31517	-60.30002	0	32	2021-10-11T06:27:06
13.31604	-60.30066	0	32	2021-10-11T06:31:43
13.31699	-60.30139	0	32	2021-10-11T06:36:39
13.31782	-60.30225	0	32	2021-10-11T06:41:38
13.31869	-60.30310	0	32	2021-10-11T06:46:34
13.31950	-60.30403	0	32	2021-10-11T06:51:31
13.32034	-60.30484	0	32	2021-10-11T06:56:34
13.32126	-60.30566	0	32	2021-10-11T07:01:30
13.32218	-60.30646	0	32	2021-10-11T07:06:30
13.32307	-60.30725	0	32	2021-10-11T07:11:31
13.32387	-60.30813	0	32	2021-10-11T07:16:26
13.32477	-60.30899	0	32	2021-10-11T07:21:25
13.32583	-60.31000	0	32	2021-10-11T07:26:56
13.32658	-60.31079	0	32	2021-10-11T07:31:25
13.32732	-60.31174	0	32	2021-10-11T07:36:24
13.32803	-60.31262	0	32	2021-10-11T07:41:24
13.32877	-60.31354	0	32	2021-10-11T07:46:18
13.32942	-60.31448	0	32	2021-10-11T07:51:18
13.33021	-60.31543	0	32	2021-10-11T07:56:15
13.33108	-60.31650	0	32	2021-10-11T08:01:19
13.33187	-60.31738	0	32	2021-10-11T08:06:17
13.33276	-60.31812	0	32	2021-10-11T08:11:17
13.33363	-60.31891	0	32	2021-10-11T08:16:19
13.33456	-60.31978	0	32	2021-10-11T08:21:20
13.33546	-60.32038	0	32	2021-10-11T08:26:20
13.33628	-60.32098	0	32	2021-10-11T08:31:20
13.33726	-60.32172	0	32	2021-10-11T08:36:18
13.33834	-60.32245	0	32	2021-10-11T08:41:19
13.33941	-60.32321	0	32	2021-10-11T08:46:16
13.34047	-60.32394	0	32	2021-10-11T08:51:16
13.34265	-60.32535	0	32	2021-10-11T09:01:14
13.34373	-60.32605	0	32	2021-10-11T09:06:12
13.34478	-60.32690	0	32	2021-10-11T09:11:13
13.34591	-60.32785	0	32	2021-10-11T09:16:12
13.34703	-60.32858	0	32	2021-10-11T09:21:59
13.34840	-60.32935	0	32	2021-10-11T09:26:58
13.34934	-60.32996	0	32	2021-10-11T09:31:16
13.35053	-60.33066	0	32	2021-10-11T09:36:19
13.35179	-60.33136	0	32	2021-10-11T09:41:17
13.35299	-60.33213	0	32	2021-10-11T09:46:17
13.35419	-60.33282	0	32	2021-10-11T09:51:16
13.35550	-60.33347	0	32	2021-10-11T09:56:19
13.35666	-60.33411	0	32	2021-10-11T10:01:20
13.35798	-60.33483	0	32	2021-10-11T10:06:14
13.35917	-60.33551	0	32	2021-10-11T10:11:16
13.36030	-60.33612	0	32	2021-10-11T10:16:15
13.36149	-60.33676	0	32	2021-10-11T10:21:16
13.36291	-60.33744	0	32	2021-10-11T10:26:14
13.36398	-60.33795	0	32	2021-10-11T10:31:15
13.36514	-60.33862	0	32	2021-10-11T10:36:16
13.36630	-60.33934	0	32	2021-10-11T10:41:20
13.36737	-60.33994	0	32	2021-10-11T10:46:20
13.36854	-60.34061	0	32	2021-10-11T10:51:22
13.36962	-60.34134	0	32	2021-10-11T10:56:15
13.37078	-60.34201	0	32	2021-10-11T11:01:20
13.37200	-60.34265	0	32	2021-10-11T11:06:20
13.37295	-60.34314	0	32	2021-10-11T11:11:22
13.37426	-60.34388	0	32	2021-10-11T11:16:19
13.37546	-60.34439	0	32	2021-10-11T11:21:19
13.37693	-60.34528	0	32	2021-10-11T11:26:55
13.37789	-60.34576	0	32	2021-10-11T11:31:17
13.37917	-60.34619	0	32	2021-10-11T11:36:15
13.38032	-60.34677	0	32	2021-10-11T11:41:16
13.38168	-60.34723	0	32	2021-10-11T11:46:16
13.38286	-60.34790	0	32	2021-10-11T11:51:28
13.38406	-60.34841	0	32	2021-10-11T11:56:28
13.38535	-60.34875	0	32	2021-10-11T12:01:27
13.38647	-60.34915	0	32	2021-10-11T12:06:28
13.38757	-60.34968	0	32	2021-10-11T12:11:08
13.38834	-60.35019	0	32	2021-10-11T12:16:08
13.38961	-60.35066	0	32	2021-10-11T12:21:06
13.39090	-60.35083	0	32	2021-10-11T12:26:06
13.39184	-60.35117	0	32	2021-10-11T12:31:05
13.39298	-60.35156	0	32	2021-10-11T12:36:05
13.39401	-60.35184	0	32	2021-10-11T12:41:02
13.39510	-60.35220	0	32	2021-10-11T12:46:03
13.39622	-60.35248	0	32	2021-10-11T12:51:00
13.39726	-60.35284	0	32	2021-10-11T12:56:01
13.39827	-60.35318	0	32	2021-10-11T13:00:58
13.39920	-60.35349	0	32	2021-10-11T13:05:55
13.40023	-60.35382	0	32	2021-10-11T13:11:10
13.40105	-60.35416	0	32	2021-10-11T13:15:53
13.40195	-60.35449	0	32	2021-10-11T13:20:53
13.40368	-60.35559	0	32	2021-10-11T13:30:52
13.40461	-60.35591	0	32	2021-10-11T13:35:56
13.40551	-60.35617	0	32	2021-10-11T13:40:57
13.40640	-60.35638	0	32	2021-10-11T13:45:50
13.40728	-60.35669	0	32	2021-10-11T13:50:51
13.40822	-60.35699	0	32	2021-10-11T13:55:51
13.40912	-60.35733	0	32	2021-10-11T14:00:52
13.41017	-60.35763	0	32	2021-10-11T14:05:50
13.41099	-60.35797	0	32	2021-10-11T14:10:51
13.41181	-60.35831	0	32	2021-10-11T14:15:51
13.41286	-60.35855	0	32	2021-10-11T14:20:49
13.41373	-60.35913	0	32	2021-10-11T14:26:25
13.41441	-60.35944	0	32	2021-10-11T14:30:50
13.41519	-60.35986	0	32	2021-10-11T14:35:51
13.41607	-60.36032	0	32	2021-10-11T14:40:45
13.41693	-60.36075	0	32	2021-10-11T14:45:45
13.41780	-60.36133	0	32	2021-10-11T14:50:43
13.41862	-60.36176	0	32	2021-10-11T14:55:43
13.41963	-60.36230	0	32	2021-10-11T15:00:44
13.42040	-60.36273	0	32	2021-10-11T15:05:44
13.42125	-60.36322	0	32	2021-10-11T15:10:46
13.42212	-60.36375	0	32	2021-10-11T15:15:46
13.42298	-60.36426	0	32	2021-10-11T15:20:47
13.42393	-60.36493	0	32	2021-10-11T15:26:25
13.42474	-60.36542	0	32	2021-10-11T15:30:48
13.42566	-60.36603	0	32	2021-10-11T15:35:46
13.42654	-60.36688	0	32	2021-10-11T15:40:47
13.42752	-60.36755	0	32	2021-10-11T15:46:02
13.42851	-60.36826	0	32	2021-10-11T15:50:48
13.42942	-60.36890	0	32	2021-10-11T15:55:46
13.43043	-60.36966	0	32	2021-10-11T16:00:50
13.43160	-60.37029	0	32	2021-10-11T16:05:55
13.43280	-60.37089	0	32	2021-10-11T16:10:55
13.43392	-60.37149	0	32	2021-10-11T16:15:54
13.43506	-60.37224	0	32	2021-10-11T16:20:58
13.43622	-60.37284	0	32	2021-10-11T16:25:59
13.43716	-60.37344	0	32	2021-10-11T16:30:59
13.43819	-60.37408	0	32	2021-10-11T16:35:59
13.43919	-60.37476	0	32	2021-10-11T16:40:56
13.44204	-60.37695	0	32	2021-10-11T16:55:53
13.44297	-60.37772	0	32	2021-10-11T17:00:50
13.44390	-60.37848	0	32	2021-10-11T17:05:50
13.44478	-60.37922	0	32	2021-10-11T17:10:48
13.44560	-60.37982	0	32	2021-10-11T17:15:48
13.44650	-60.38049	0	32	2021-10-11T17:20:49
13.44757	-60.38129	0	32	2021-10-11T17:26:25
13.44923	-60.38266	0	32	2021-10-11T17:35:44
13.45018	-60.38351	0	32	2021-10-11T17:40:43
13.45104	-60.38428	0	32	2021-10-11T17:45:42
13.45195	-60.38523	0	32	2021-10-11T17:50:41
13.45277	-60.38600	0	32	2021-10-11T17:55:40
13.45363	-60.38669	0	32	2021-10-11T18:00:40
13.45534	-60.38840	0	32	2021-10-11T18:10:39
13.45617	-60.38925	0	32	2021-10-11T18:15:38
13.45702	-60.39017	0	32	2021-10-11T18:20:40
13.45792	-60.39111	0	32	2021-10-11T18:25:56
13.45873	-60.39197	0	32	2021-10-11T18:30:38
13.45959	-60.39288	0	32	2021-10-11T18:35:41
13.46039	-60.39383	0	32	2021-10-11T18:40:39
13.46116	-60.39484	0	32	2021-10-11T18:45:40
13.46189	-60.39587	0	32	2021-10-11T18:50:40
13.46261	-60.39694	0	32	2021-10-11T18:55:38
13.46333	-60.39798	0	32	2021-10-11T19:00:42
13.46404	-60.39896	0	32	2021-10-11T19:05:40
13.46472	-60.39990	0	32	2021-10-11T19:10:43
13.46545	-60.40097	0	32	2021-10-11T19:16:28
13.46609	-60.40183	0	32	2021-10-11T19:21:28
13.46682	-60.40295	0	32	2021-10-11T19:26:28
13.46726	-60.40381	0	32	2021-10-11T19:30:44
13.46781	-60.40475	0	32	2021-10-11T19:35:45
13.46841	-60.40570	0	32	2021-10-11T19:40:50
13.46906	-60.40656	0	32	2021-10-11T19:45:47
13.46985	-60.40740	0	32	2021-10-11T19:50:46
13.47058	-60.40817	0	32	2021-10-11T19:55:45
13.47131	-60.40894	0	32	2021-10-11T20:00:45
13.47197	-60.40967	0	32	2021-10-11T20:05:43
13.47278	-60.41040	0	32	2021-10-11T20:10:44
13.47358	-60.41110	0	32	2021-10-11T20:15:43
13.47536	-60.41244	0	32	2021-10-11T20:25:45
13.47613	-60.41295	0	32	2021-10-11T20:30:45
13.47686	-60.41364	0	32	2021-10-11T20:35:44
13.47760	-60.41428	0	32	2021-10-11T20:40:43
13.47828	-60.41498	0	32	2021-10-11T20:45:41
13.47907	-60.41559	0	32	2021-10-11T20:50:42
13.47981	-60.41623	0	32	2021-10-11T20:55:43
13.48074	-60.41686	0	32	2021-10-11T21:00:37
13.48163	-60.41730	0	32	2021-10-11T21:05:40
13.48263	-60.41788	0	32	2021-10-11T21:10:38
13.48365	-60.41840	0	32	2021-10-11T21:15:38
13.48479	-60.41895	0	32	2021-10-11T21:20:39
13.48608	-60.41931	0	32	2021-10-11T21:25:56
13.48712	-60.41977	0	32	2021-10-11T21:30:38
13.48833	-60.42041	0	32	2021-10-11T21:35:35
13.48963	-60.42087	0	32	2021-10-11T21:40:38
13.49093	-60.42139	0	32	2021-10-11T21:45:37
13.49225	-60.42181	0	32	2021-10-11T21:50:37
13.49354	-60.42224	0	32	2021-10-11T21:55:38
13.49486	-60.42249	0	32	2021-10-11T22:00:38
13.49605	-60.42282	0	32	2021-10-11T22:05:36
13.49735	-60.42317	0	32	2021-10-11T22:10:33
13.49855	-60.42351	0	32	2021-10-11T22:15:33
13.49967	-60.42377	0	32	2021-10-11T22:20:33
13.50099	-60.42416	0	32	2021-10-11T22:25:54
13.50200	-60.42447	0	32	2021-10-11T22:30:32
13.50316	-60.42480	0	32	2021-10-11T22:35:34
13.50431	-60.42505	0	32	2021-10-11T22:40:34
13.50544	-60.42523	0	32	2021-10-11T22:45:34
13.50659	-60.42551	0	32	2021-10-11T22:50:36
13.50771	-60.42578	0	32	2021-10-11T22:55:39
13.50871	-60.42615	0	32	2021-10-11T23:00:41
13.50975	-60.42648	0	32	2021-10-11T23:05:38
13.51077	-60.42679	0	32	2021-10-11T23:10:39
13.51177	-60.42709	0	32	2021-10-11T23:15:37
13.51263	-60.42731	0	32	2021-10-11T23:20:36
13.51351	-60.42740	0	32	2021-10-11T23:25:58
13.51436	-60.42758	0	32	2021-10-11T23:30:35
13.51530	-60.42780	0	32	2021-10-11T23:35:36
13.51626	-60.42804	0	32	2021-10-11T23:40:37
13.51719	-60.42834	0	32	2021-10-11T23:45:33
13.51818	-60.42865	0	32	2021-10-11T23:50:35
13.51912	-60.42891	0	32	2021-10-11T23:55:35
13.52024	-60.42917	0	32	2021-10-12T00:00:36
13.52132	-60.42938	0	32	2021-10-12T00:05:33
13.52234	-60.42947	0	32	2021-10-12T00:10:31
13.52326	-60.42963	0	32	2021-10-12T00:15:38
13.52414	-60.42975	0	32	2021-10-12T00:20:32
13.52517	-60.42993	0	32	2021-10-12T00:25:28
13.52594	-60.42993	0	32	2021-10-12T00:30:27
13.52684	-60.43000	0	32	2021-10-12T00:35:25
13.52766	-60.43009	0	32	2021-10-12T00:40:24
13.52843	-60.43018	0	32	2021-10-12T00:45:25
13.52924	-60.43033	0	32	2021-10-12T00:50:26
13.53006	-60.43039	0	32	2021-10-12T00:55:25
13.53094	-60.43048	0	32	2021-10-12T01:00:26
13.53183	-60.43048	0	32	2021-10-12T01:05:24
13.53263	-60.43042	0	32	2021-10-12T01:10:25
13.53345	-60.43048	0	32	2021-10-12T01:15:27
13.53422	-60.43054	0	32	2021-10-12T01:20:26
13.53509	-60.43048	0	32	2021-10-12T01:25:58
13.53576	-60.43051	0	32	2021-10-12T01:30:25
13.53655	-60.43063	0	32	2021-10-12T01:35:26
13.53743	-60.43082	0	32	2021-10-12T01:40:25
13.53813	-60.43088	0	32	2021-10-12T01:45:24
13.53880	-60.43091	0	32	2021-10-12T01:50:24
13.53942	-60.43097	0	32	2021-10-12T01:55:21
13.54067	-60.43121	0	32	2021-10-12T02:05:18
13.54128	-60.43112	0	32	2021-10-12T02:10:16
13.54200	-60.43121	0	32	2021-10-12T02:15:17
13.54264	-60.43118	0	32	2021-10-12T02:20:15
13.54332	-60.43121	0	32	2021-10-12T02:25:57
13.54375	-60.43103	0	32	2021-10-12T02:30:15
13.54431	-60.43097	0	32	2021-10-12T02:35:15
13.54502	-60.43089	0	32	2021-10-12T02:40:13
13.54558	-60.43082	0	32	2021-10-12T02:45:22
13.54622	-60.43063	0	32	2021-10-12T02:50:14
13.54682	-60.43027	0	32	2021-10-12T02:55:13
13.54748	-60.43033	0	32	2021-10-12T03:00:12
13.54814	-60.43015	0	32	2021-10-12T03:05:09
13.54880	-60.42996	0	32	2021-10-12T03:10:10
13.54942	-60.42980	0	32	2021-10-12T03:15:08
13.54993	-60.42963	0	32	2021-10-12T03:20:09
13.55048	-60.42937	0	32	2021-10-12T03:25:06
13.55095	-60.42928	0	32	2021-10-12T03:30:07
13.55146	-60.42911	0	32	2021-10-12T03:35:07
13.55199	-60.42896	0	32	2021-10-12T03:40:08
13.55255	-60.42877	0	32	2021-10-12T03:45:06
13.55316	-60.42868	0	32	2021-10-12T03:50:07
13.55378	-60.42856	0	32	2021-10-12T03:55:07
13.55434	-60.42856	0	32	2021-10-12T04:00:08
13.55486	-60.42853	0	32	2021-10-12T04:05:09
13.55540	-60.42840	0	32	2021-10-12T04:10:16
13.55591	-60.42831	0	32	2021-10-12T04:15:15
13.55632	-60.42831	0	32	2021-10-12T04:20:07
13.55675	-60.42825	0	32	2021-10-12T04:25:27
13.55709	-60.42831	0	32	2021-10-12T04:30:06
13.55750	-60.42838	0	32	2021-10-12T04:35:05
13.55794	-60.42838	0	32	2021-10-12T04:40:07
13.55829	-60.42844	0	32	2021-10-12T04:45:04
13.55874	-60.42853	0	32	2021-10-12T04:50:06
13.55922	-60.42859	0	32	2021-10-12T04:55:05
13.55974	-60.42868	0	32	2021-10-12T05:00:07
13.56023	-60.42874	0	32	2021-10-12T05:05:04
13.56066	-60.42880	0	32	2021-10-12T05:10:05
13.56111	-60.42893	0	32	2021-10-12T05:15:05
13.56158	-60.42902	0	32	2021-10-12T05:20:06
13.56221	-60.42932	0	32	2021-10-12T05:25:23
13.56269	-60.42963	0	32	2021-10-12T05:30:04
13.56310	-60.43000	0	32	2021-10-12T05:35:00
13.56349	-60.43026	0	32	2021-10-12T05:39:59
13.56392	-60.43060	0	32	2021-10-12T05:44:59
13.56448	-60.43100	0	32	2021-10-12T05:50:00
13.56500	-60.43149	0	32	2021-10-12T05:55:04
13.56552	-60.43198	0	32	2021-10-12T05:59:58
13.56608	-60.43243	0	32	2021-10-12T06:04:57
13.56662	-60.43304	0	32	2021-10-12T06:09:59
13.56718	-60.43373	0	32	2021-10-12T06:14:59
13.56778	-60.43442	0	32	2021-10-12T06:19:58
13.56860	-60.43509	0	32	2021-10-12T06:25:26
13.56921	-60.43567	0	32	2021-10-12T06:30:00
13.57006	-60.43628	0	32	2021-10-12T06:34:56
13.57083	-60.43671	0	32	2021-10-12T06:39:56
13.57169	-60.43725	0	32	2021-10-12T06:44:57
13.57246	-60.43768	0	32	2021-10-12T06:49:57
13.57327	-60.43814	0	32	2021-10-12T06:54:51
13.57409	-60.43866	0	32	2021-10-12T06:59:55
13.57492	-60.43918	0	32	2021-10-12T07:04:52
13.57584	-60.43958	0	32	2021-10-12T07:09:49
13.57681	-60.43994	0	32	2021-10-12T07:14:47
13.57781	-60.44039	0	32	2021-10-12T07:20:27
13.57884	-60.44073	0	32	2021-10-12T07:25:27
13.57958	-60.44110	0	32	2021-10-12T07:29:46
13.58045	-60.44150	0	32	2021-10-12T07:34:43
13.58126	-60.44201	0	32	2021-10-12T07:39:41
13.58208	-60.44235	0	32	2021-10-12T07:44:41
13.58294	-60.44269	0	32	2021-10-12T07:49:42
13.58384	-60.44305	0	32	2021-10-12T07:54:42
13.58469	-60.44348	0	32	2021-10-12T07:59:40
13.58557	-60.44388	0	32	2021-10-12T08:04:37
13.58648	-60.44427	0	32	2021-10-12T08:09:38
13.58738	-60.44470	0	32	2021-10-12T08:14:34
13.58822	-60.44525	0	32	2021-10-12T08:19:35
13.58915	-60.44580	0	32	2021-10-12T08:24:54
13.58991	-60.44638	0	32	2021-10-12T08:29:33
13.59074	-60.44700	0	32	2021-10-12T08:34:31
13.59147	-60.44760	0	32	2021-10-12T08:39:31
13.59220	-60.44824	0	32	2021-10-12T08:44:28
13.59294	-60.44879	0	32	2021-10-12T08:49:29
13.59362	-60.44943	0	32	2021-10-12T08:54:26
13.59427	-60.45013	0	32	2021-10-12T08:59:27
13.59499	-60.45090	0	32	2021-10-12T09:04:27
13.59577	-60.45168	0	32	2021-10-12T09:09:25
13.59656	-60.45224	0	32	2021-10-12T09:14:24
13.59728	-60.45288	0	32	2021-10-12T09:19:26
13.59806	-60.45352	0	32	2021-10-12T09:24:55
13.59877	-60.45414	0	32	2021-10-12T09:29:23
13.59954	-60.45465	0	32	2021-10-12T09:34:22
13.60037	-60.45520	0	32	2021-10-12T09:39:23
13.60115	-60.45578	0	32	2021-10-12T09:44:22
13.60198	-60.45636	0	32	2021-10-12T09:49:23
13.60283	-60.45691	0	32	2021-10-12T09:54:21
13.60365	-60.45743	0	32	2021-10-12T09:59:20
13.60469	-60.45791	0	32	2021-10-12T10:04:19
13.60563	-60.45834	0	32	2021-10-12T10:09:19
13.60657	-60.45877	0	32	2021-10-12T10:14:19
13.60749	-60.45929	0	32	2021-10-12T10:19:18
13.60836	-60.45975	0	32	2021-10-12T10:24:38
13.60930	-60.46002	0	32	2021-10-12T10:29:16
13.61023	-60.46043	0	32	2021-10-12T10:34:13
13.61121	-60.46057	0	32	2021-10-12T10:39:23
13.61221	-60.46094	0	32	2021-10-12T10:44:14
13.61443	-60.46173	0	32	2021-10-12T10:54:14
13.61555	-60.46199	0	32	2021-10-12T10:59:13
13.61662	-60.46225	0	32	2021-10-12T11:04:13
13.61777	-60.46255	0	32	2021-10-12T11:09:18
13.61901	-60.46265	0	32	2021-10-12T11:14:14
13.62012	-60.46289	0	32	2021-10-12T11:19:20
13.62137	-60.46334	0	32	2021-10-12T11:24:16
13.62223	-60.46368	0	32	2021-10-12T11:29:16
13.62349	-60.46387	0	32	2021-10-12T11:34:14
13.62477	-60.46405	0	32	2021-10-12T11:39:12
13.62613	-60.46423	0	32	2021-10-12T11:44:13
13.62762	-60.46429	0	32	2021-10-12T11:49:10
13.62902	-60.46445	0	32	2021-10-12T11:54:10
13.63051	-60.46460	0	32	2021-10-12T11:59:10
13.63198	-60.46469	0	32	2021-10-12T12:04:09
13.63327	-60.46497	0	32	2021-10-12T12:09:02
13.63462	-60.46518	0	32	2021-10-12T12:14:02
13.63757	-60.46573	0	32	2021-10-12T12:24:03
13.63869	-60.46567	0	32	2021-10-12T12:29:01
13.63998	-60.46582	0	32	2021-10-12T12:34:02
13.64132	-60.46600	0	32	2021-10-12T12:39:00
13.64255	-60.46613	0	32	2021-10-12T12:44:03
13.64389	-60.46634	0	32	2021-10-12T12:49:00
13.64513	-60.46655	0	32	2021-10-12T12:54:01
13.64793	-60.46689	0	32	2021-10-12T13:04:00
13.64930	-60.46689	0	32	2021-10-12T13:09:00
13.65076	-60.46689	0	32	2021-10-12T13:14:01
13.65242	-60.46677	0	32	2021-10-12T13:19:13
13.65704	-60.46619	0	32	2021-10-12T13:33:56
13.66016	-60.46588	0	32	2021-10-12T13:43:58
13.66179	-60.46576	0	32	2021-10-12T13:48:58
13.66342	-60.46567	0	32	2021-10-12T13:53:57
13.66496	-60.46548	0	32	2021-10-12T13:58:57
13.66819	-60.46515	0	32	2021-10-12T14:08:59
13.67004	-60.46506	0	32	2021-10-12T14:13:59
13.67171	-60.46497	0	32	2021-10-12T14:18:59
13.67364	-60.46481	0	32	2021-10-12T14:24:28
13.67525	-60.46463	0	32	2021-10-12T14:29:01
13.67698	-60.46445	0	32	2021-10-12T14:33:58
13.67879	-60.46423	0	32	2021-10-12T14:38:53
13.68046	-60.46414	0	32	2021-10-12T14:43:53
13.68223	-60.46388	0	32	2021-10-12T14:48:46
13.68397	-60.46381	0	32	2021-10-12T14:53:50
13.68571	-60.46362	0	32	2021-10-12T14:58:47
13.68743	-60.46347	0	32	2021-10-12T15:03:46
13.68919	-60.46335	0	32	2021-10-12T15:08:45
13.69077	-60.46317	0	32	2021-10-12T15:13:46
13.69228	-60.46304	0	32	2021-10-12T15:18:44
13.69404	-60.46295	0	32	2021-10-12T15:24:10
13.69538	-60.46314	0	32	2021-10-12T15:28:42
13.69671	-60.46323	0	32	2021-10-12T15:33:43
13.69808	-60.46323	0	32	2021-10-12T15:38:43
13.70079	-60.46350	0	32	2021-10-12T15:48:41
13.70213	-60.46363	0	32	2021-10-12T15:53:37
13.70355	-60.46371	0	32	2021-10-12T15:58:39
13.70492	-60.46381	0	32	2021-10-12T16:03:36
13.70634	-60.46381	0	32	2021-10-12T16:08:38
13.70783	-60.46390	0	32	2021-10-12T16:13:38
13.70929	-60.46390	0	32	2021-10-12T16:18:39
13.71081	-60.46393	0	32	2021-10-12T16:23:55
13.71215	-60.46399	0	32	2021-10-12T16:28:35
13.71363	-60.46393	0	32	2021-10-12T16:33:37
13.71511	-60.46402	0	32	2021-10-12T16:38:37
13.71657	-60.46402	0	32	2021-10-12T16:43:36
13.71809	-60.46399	0	32	2021-10-12T16:48:39
13.71957	-60.46414	0	32	2021-10-12T16:53:37
13.72099	-60.46423	0	32	2021-10-12T16:58:37
13.72245	-60.46423	0	32	2021-10-12T17:03:36
13.72380	-60.46436	0	32	2021-10-12T17:08:38
13.72519	-60.46439	0	32	2021-10-12T17:13:37
13.72653	-60.46448	0	32	2021-10-12T17:18:36
13.72795	-60.46460	0	32	2021-10-12T17:23:57
13.73066	-60.46500	0	32	2021-10-12T17:33:32
13.73211	-60.46524	0	32	2021-10-12T17:38:28
13.73344	-60.46541	0	32	2021-10-12T17:43:27
13.73477	-60.46567	0	32	2021-10-12T17:48:27
13.73610	-60.46588	0	32	2021-10-12T17:53:28
13.73746	-60.46603	0	32	2021-10-12T17:58:25
13.73881	-60.46631	0	32	2021-10-12T18:03:21
13.74014	-60.46660	0	32	2021-10-12T18:08:22
13.74143	-60.46686	0	32	2021-10-12T18:13:22
13.74280	-60.46707	0	32	2021-10-12T18:18:20
13.74440	-60.46732	0	32	2021-10-12T18:23:56
13.74555	-60.46750	0	32	2021-10-12T18:28:19
13.74686	-60.46777	0	32	2021-10-12T18:33:18
13.74811	-60.46790	0	32	2021-10-12T18:38:19
13.74938	-60.46808	0	32	2021-10-12T18:43:20
13.75074	-60.46818	0	32	2021-10-12T18:48:18
13.75198	-60.46835	0	32	2021-10-12T18:53:19
13.75320	-60.46851	0	32	2021-10-12T18:58:20
13.75442	-60.46873	0	32	2021-10-12T19:03:25
13.75562	-60.46878	0	32	2021-10-12T19:08:22
13.75678	-60.46899	0	32	2021-10-12T19:13:26
13.75937	-60.46942	0	32	2021-10-12T19:23:56
13.76045	-60.46972	0	32	2021-10-12T19:28:26
13.76157	-60.46989	0	32	2021-10-12T19:33:26
13.76273	-60.47015	0	32	2021-10-12T19:38:27
13.76385	-60.47037	0	32	2021-10-12T19:43:26
13.76607	-60.47104	0	32	2021-10-12T19:53:25
13.76719	-60.47130	0	32	2021-10-12T19:58:26
13.76826	-60.47147	0	32	2021-10-12T20:03:26
13.76950	-60.47162	0	32	2021-10-12T20:08:24
13.77065	-60.47174	0	32	2021-10-12T20:13:21
13.77181	-60.47183	0	32	2021-10-12T20:18:22
13.77308	-60.47198	0	32	2021-10-12T20:23:58
13.77510	-60.47229	0	32	2021-10-12T20:33:10
13.77613	-60.47238	0	32	2021-10-12T20:38:10
13.77720	-60.47247	0	32	2021-10-12T20:43:11
13.77825	-60.47269	0	32	2021-10-12T20:48:11
13.77937	-60.47290	0	32	2021-10-12T20:53:07
13.78055	-60.47312	0	32	2021-10-12T20:58:05
13.78175	-60.47321	0	32	2021-10-12T21:03:05
13.78297	-60.47333	0	32	2021-10-12T21:08:06
13.78410	-60.47348	0	32	2021-10-12T21:13:04
13.78522	-60.47348	0	32	2021-10-12T21:18:04
13.78639	-60.47342	0	32	2021-10-12T21:23:25
13.78752	-60.47375	0	32	2021-10-12T21:28:03
13.79008	-60.47409	0	32	2021-10-12T21:38:05
13.79138	-60.47412	0	32	2021-10-12T21:43:06
13.79270	-60.47427	0	32	2021-10-12T21:48:05
13.79401	-60.47437	0	32	2021-10-12T21:53:04
13.79533	-60.47443	0	32	2021-10-12T21:58:05
13.79661	-60.47443	0	32	2021-10-12T22:03:06
13.79783	-60.47449	0	32	2021-10-12T22:08:03
13.79917	-60.47446	0	32	2021-10-12T22:13:00
13.80067	-60.47437	0	32	2021-10-12T22:18:01
13.80240	-60.47409	0	32	2021-10-12T22:23:24
13.80390	-60.47382	0	32	2021-10-12T22:27:58
13.80671	-60.47323	0	32	2021-10-12T22:37:57
13.80808	-60.47314	0	32	2021-10-12T22:42:57
13.80941	-60.47305	0	32	2021-10-12T22:47:58
13.81065	-60.47290	0	32	2021-10-12T22:52:57
13.81191	-60.47278	0	32	2021-10-12T22:57:58
13.81329	-60.47263	0	32	2021-10-12T23:02:56
13.81457	-60.47241	0	32	2021-10-12T23:07:57
13.81595	-60.47214	0	32	2021-10-12T23:12:58
13.81870	-60.47138	0	32	2021-10-12T23:22:56
13.81977	-60.47112	0	32	2021-10-12T23:27:57
13.82093	-60.47086	0	32	2021-10-12T23:32:57
13.82213	-60.47043	0	32	2021-10-12T23:37:55
13.82329	-60.46994	0	32	2021-10-12T23:42:52
13.82447	-60.46951	0	32	2021-10-12T23:47:52
13.82698	-60.46842	0	32	2021-10-12T23:57:53
13.82822	-60.46799	0	32	2021-10-13T00:02:52
13.82951	-60.46756	0	32	2021-10-13T00:07:52
13.83066	-60.46713	0	32	2021-10-13T00:12:48
13.83193	-60.46655	0	32	2021-10-13T00:17:51
13.83326	-60.46594	0	32	2021-10-13T00:23:25
13.83423	-60.46551	0	32	2021-10-13T00:27:48
13.83539	-60.46500	0	32	2021-10-13T00:32:49
13.83646	-60.46466	0	32	2021-10-13T00:37:48
13.83752	-60.46429	0	32	2021-10-13T00:42:49
13.83853	-60.46393	0	32	2021-10-13T00:47:47
13.83943	-60.46359	0	32	2021-10-13T00:52:48
13.84047	-60.46329	0	32	2021-10-13T00:57:45
13.84151	-60.46286	0	32	2021-10-13T01:02:45
13.84265	-60.46244	0	32	2021-10-13T01:07:46
13.84377	-60.46210	0	32	2021-10-13T01:12:45
13.84484	-60.46176	0	32	2021-10-13T01:17:45
13.84594	-60.46133	0	32	2021-10-13T01:23:07
13.84682	-60.46100	0	32	2021-10-13T01:27:39
13.84978	-60.45969	0	32	2021-10-13T01:42:37
13.85068	-60.45935	0	32	2021-10-13T01:47:37
13.85167	-60.45901	0	32	2021-10-13T01:52:36
13.85257	-60.45871	0	32	2021-10-13T01:57:35
13.85348	-60.45837	0	32	2021-10-13T02:02:37
13.85522	-60.45792	0	32	2021-10-13T02:12:57
13.85612	-60.45775	0	32	2021-10-13T02:17:56
13.85711	-60.45749	0	32	2021-10-13T02:22:56
13.85783	-60.45737	0	32	2021-10-13T02:27:34
13.85874	-60.45715	0	32	2021-10-13T02:32:31
13.85971	-60.45691	0	32	2021-10-13T02:37:34
13.86067	-60.45666	0	32	2021-10-13T02:42:33
13.86161	-60.45657	0	32	2021-10-13T02:47:33
13.86253	-60.45622	0	32	2021-10-13T02:52:30
13.86350	-60.45615	0	32	2021-10-13T02:57:31
13.86442	-60.45596	0	32	2021-10-13T03:02:29
13.86534	-60.45581	0	32	2021-10-13T03:07:30
13.86623	-60.45566	0	32	2021-10-13T03:12:28
13.86718	-60.45551	0	32	2021-10-13T03:17:29
13.86813	-60.45537	0	32	2021-10-13T03:22:31
13.86895	-60.45520	0	32	2021-10-13T03:27:31
13.86978	-60.45502	0	32	2021-10-13T03:32:25
13.87064	-60.45485	0	32	2021-10-13T03:37:25
13.87146	-60.45468	0	32	2021-10-13T03:42:24
13.87235	-60.45447	0	32	2021-10-13T03:47:27
13.87334	-60.45435	0	32	2021-10-13T03:52:28
13.87432	-60.45406	0	32	2021-10-13T03:57:26
13.87526	-60.45389	0	32	2021-10-13T04:02:26
13.87619	-60.45361	0	32	2021-10-13T04:07:23
13.87713	-60.45352	0	32	2021-10-13T04:12:21
13.87806	-60.45331	0	32	2021-10-13T04:18:27
13.87909	-60.45331	0	32	2021-10-13T04:23:27
13.88052	-60.45325	0	32	2021-10-13T04:32:20
13.88141	-60.45313	0	32	2021-10-13T04:37:21
13.88223	-60.45313	0	32	2021-10-13T04:42:22
13.88310	-60.45309	0	32	2021-10-13T04:47:23
13.88387	-60.45303	0	32	2021-10-13T04:52:24
13.88473	-60.45291	0	32	2021-10-13T04:57:24
13.88550	-60.45282	0	32	2021-10-13T05:02:25
13.88628	-60.45270	0	32	2021-10-13T05:07:25
13.88709	-60.45251	0	32	2021-10-13T05:12:23
13.88789	-60.45233	0	32	2021-10-13T05:17:24
13.88879	-60.45203	0	32	2021-10-13T05:22:56
13.88949	-60.45184	0	32	2021-10-13T05:27:23
13.89031	-60.45154	0	32	2021-10-13T05:32:23
13.89107	-60.45117	0	32	2021-10-13T05:37:24
13.89180	-60.45093	0	32	2021-10-13T05:42:23
13.89262	-60.45065	0	32	2021-10-13T05:47:24
13.89345	-60.45041	0	32	2021-10-13T05:52:22
13.89418	-60.45020	0	32	2021-10-13T05:57:23
13.89492	-60.45001	0	32	2021-10-13T06:02:21
13.89556	-60.44980	0	32	2021-10-13T06:07:25
13.89622	-60.44955	0	32	2021-10-13T06:12:23
13.89683	-60.44931	0	32	2021-10-13T06:17:26
13.89748	-60.44891	0	32	2021-10-13T06:22:58
13.89809	-60.44872	0	32	2021-10-13T06:27:25
13.89869	-60.44855	0	32	2021-10-13T06:32:25
13.89931	-60.44833	0	32	2021-10-13T06:37:26
13.89988	-60.44812	0	32	2021-10-13T06:42:23
13.90048	-60.44803	0	32	2021-10-13T06:47:24
13.90113	-60.44794	0	32	2021-10-13T06:52:33
13.90177	-60.44791	0	32	2021-10-13T06:57:22
13.90250	-60.44778	0	32	2021-10-13T07:02:19
13.90319	-60.44763	0	32	2021-10-13T07:07:20
13.90384	-60.44748	0	32	2021-10-13T07:12:17
13.90450	-60.44736	0	32	2021-10-13T07:17:18
13.90527	-60.44717	0	32	2021-10-13T07:22:15
13.90578	-60.44708	0	32	2021-10-13T07:27:16
13.90645	-60.44702	0	32	2021-10-13T07:32:13
13.90702	-60.44702	0	32	2021-10-13T07:37:17
13.90755	-60.44702	0	32	2021-10-13T07:42:10
13.90804	-60.44702	0	32	2021-10-13T07:47:11
13.90856	-60.44702	0	32	2021-10-13T07:52:08
13.90907	-60.44693	0	32	2021-10-13T07:57:08
13.90960	-60.44687	0	32	2021-10-13T08:02:10
13.91013	-60.44678	0	32	2021-10-13T08:07:04
13.91066	-60.44675	0	32	2021-10-13T08:12:08
13.91108	-60.44678	0	32	2021-10-13T08:17:05
13.91159	-60.44681	0	32	2021-10-13T08:22:26
13.91212	-60.44699	0	32	2021-10-13T08:27:03
13.91255	-60.44699	0	32	2021-10-13T08:32:03
13.91302	-60.44708	0	32	2021-10-13T08:37:03
13.91349	-60.44711	0	32	2021-10-13T08:42:01
13.91398	-60.44714	0	32	2021-10-13T08:47:01
13.91440	-60.44714	0	32	2021-10-13T08:52:04
13.91476	-60.44720	0	32	2021-10-13T08:56:59
13.91515	-60.44736	0	32	2021-10-13T09:01:56
13.91545	-60.44745	0	32	2021-10-13T09:06:55
13.91582	-60.44771	0	32	2021-10-13T09:12:25
13.91621	-60.44780	0	32	2021-10-13T09:17:24
13.91672	-60.44797	0	32	2021-10-13T09:22:24
13.91705	-60.44812	0	32	2021-10-13T09:26:54
13.91754	-60.44831	0	32	2021-10-13T09:31:51
13.91797	-60.44840	0	32	2021-10-13T09:36:51
13.91827	-60.44849	0	32	2021-10-13T09:41:51
13.91866	-60.44852	0	32	2021-10-13T09:46:53
13.91909	-60.44861	0	32	2021-10-13T09:51:54
13.91945	-60.44870	0	32	2021-10-13T09:56:52
13.91990	-60.44876	0	32	2021-10-13T10:01:51
13.92028	-60.44891	0	32	2021-10-13T10:06:53
13.92076	-60.44904	0	32	2021-10-13T10:11:54
13.92121	-60.44916	0	32	2021-10-13T10:16:55
13.92179	-60.44928	0	32	2021-10-13T10:22:30
13.92223	-60.44946	0	32	2021-10-13T10:26:53
13.92271	-60.44955	0	32	2021-10-13T10:31:56
13.92321	-60.44977	0	32	2021-10-13T10:36:58
13.92379	-60.44990	0	32	2021-10-13T10:41:55
13.92435	-60.45007	0	32	2021-10-13T10:46:56
13.92488	-60.45029	0	32	2021-10-13T10:52:00
13.92559	-60.45035	0	32	2021-10-13T10:56:57
13.92624	-60.45044	0	32	2021-10-13T11:01:55
13.92691	-60.45053	0	32	2021-10-13T11:06:51
13.92747	-60.45065	0	32	2021-10-13T11:11:49
13.92798	-60.45074	0	32	2021-10-13T11:16:49
13.92847	-60.45109	0	32	2021-10-13T11:21:46
13.92886	-60.45118	0	32	2021-10-13T11:26:46
13.92929	-60.45135	0	32	2021-10-13T11:31:45
13.92978	-60.45160	0	32	2021-10-13T11:36:45
13.93037	-60.45181	0	32	2021-10-13T11:41:43
13.93103	-60.45206	0	32	2021-10-13T11:46:44
13.93169	-60.45239	0	32	2021-10-13T11:51:44
13.93242	-60.45265	0	32	2021-10-13T11:56:45
13.93298	-60.45291	0	32	2021-10-13T12:01:45
13.93357	-60.45325	0	32	2021-10-13T12:06:42
13.93425	-60.45355	0	32	2021-10-13T12:11:43
13.93496	-60.45389	0	32	2021-10-13T12:16:40
13.93575	-60.45456	0	32	2021-10-13T12:22:28
13.93642	-60.45487	0	32	2021-10-13T12:26:42
13.93719	-60.45521	0	32	2021-10-13T12:31:43
13.93805	-60.45547	0	32	2021-10-13T12:36:43
13.93881	-60.45584	0	32	2021-10-13T12:41:41
13.93968	-60.45621	0	32	2021-10-13T12:46:44
13.94055	-60.45654	0	32	2021-10-13T12:51:43
13.94152	-60.45685	0	32	2021-10-13T12:56:44
13.94261	-60.45709	0	32	2021-10-13T13:01:43
13.94434	-60.45758	0	32	2021-10-13T13:11:46
13.94529	-60.45780	0	32	2021-10-13T13:17:06
13.94615	-60.45789	0	32	2021-10-13T13:22:07
13.94778	-60.45828	0	32	2021-10-13T13:31:46
13.94866	-60.45851	0	32	2021-10-13T13:36:49
13.94948	-60.45868	0	32	2021-10-13T13:41:48
13.95034	-60.45886	0	32	2021-10-13T13:46:48
13.95130	-60.45906	0	32	2021-10-13T13:51:49
13.95216	-60.45923	0	32	2021-10-13T13:56:49
13.95302	-60.45947	0	32	2021-10-13T14:01:48
13.95493	-60.46033	0	32	2021-10-13T14:12:08
13.95583	-60.46059	0	32	2021-10-13T14:17:09
13.95669	-60.46085	0	32	2021-10-13T14:22:09
13.95745	-60.46109	0	32	2021-10-13T14:26:44
13.95826	-60.46133	0	32	2021-10-13T14:31:47
13.95912	-60.46161	0	32	2021-10-13T14:36:44
13.96005	-60.46196	0	32	2021-10-13T14:41:43
13.96069	-60.46213	0	32	2021-10-13T14:46:43
13.96151	-60.46240	0	32	2021-10-13T14:51:46
13.96228	-60.46260	0	32	2021-10-13T14:56:42
13.96310	-60.46277	0	32	2021-10-13T15:01:42
13.96378	-60.46307	0	32	2021-10-13T15:06:43
13.96461	-60.46329	0	32	2021-10-13T15:11:46
13.96633	-60.46388	0	32	2021-10-13T15:21:45
13.96697	-60.46397	0	32	2021-10-13T15:26:45
13.96774	-60.46414	0	32	2021-10-13T15:31:44
13.96864	-60.46436	0	32	2021-10-13T15:36:46
13.96941	-60.46445	0	32	2021-10-13T15:41:45
13.97024	-60.46463	0	32	2021-10-13T15:46:48
13.97215	-60.46500	0	32	2021-10-13T15:56:48
13.97310	-60.46528	0	32	2021-10-13T16:01:49
13.97400	-60.46545	0	32	2021-10-13T16:06:49
13.97501	-60.46558	0	32	2021-10-13T16:11:49
13.97602	-60.46567	0	32	2021-10-13T16:16:51
13.97697	-60.46582	0	32	2021-10-13T16:21:55
13.97791	-60.46582	0	32	2021-10-13T16:26:55
13.97997	-60.46565	0	32	2021-10-13T16:36:51
13.98088	-60.46558	0	32	2021-10-13T16:41:51
13.98185	-60.46539	0	32	2021-10-13T16:46:52
13.98280	-60.46530	0	32	2021-10-13T16:51:53
13.98380	-60.46530	0	32	2021-10-13T16:56:50
13.98478	-60.46509	0	32	2021-10-13T17:01:47
13.98579	-60.46503	0	32	2021-10-13T17:06:47
13.98694	-60.46497	0	32	2021-10-13T17:11:45
13.98797	-60.46497	0	32	2021-10-13T17:16:46
13.98916	-60.46487	0	32	2021-10-13T17:21:43
13.99016	-60.46487	0	32	2021-10-13T17:26:50
13.99135	-60.46487	0	32	2021-10-13T17:31:44
13.99377	-60.46494	0	32	2021-10-13T17:41:43
13.99502	-60.46497	0	32	2021-10-13T17:46:43
13.99614	-60.46497	0	32	2021-10-13T17:51:43
13.99732	-60.46494	0	32	2021-10-13T17:56:42
13.99838	-60.46487	0	32	2021-10-13T18:01:42
13.99957	-60.46484	0	32	2021-10-13T18:06:41
14.00064	-60.46481	0	32	2021-10-13T18:11:40
14.00169	-60.46469	0	32	2021-10-13T18:16:36
14.00285	-60.46460	0	32	2021-10-13T18:21:36
14.00285	-60.46466	0	32	2021-10-13T18:21:56
14.00390	-60.46457	0	32	2021-10-13T18:26:34
14.00388	-60.46460	0	32	2021-10-13T18:26:35
14.00506	-60.46448	0	32	2021-10-13T18:31:34
14.00504	-60.46445	0	32	2021-10-13T18:31:36
14.00609	-60.46439	0	32	2021-10-13T18:36:33
14.00711	-60.46429	0	32	2021-10-13T18:41:34
14.00816	-60.46417	0	32	2021-10-13T18:46:31
14.00922	-60.46417	0	32	2021-10-13T18:51:30
14.01021	-60.46417	0	32	2021-10-13T18:56:29
14.01126	-60.46423	0	32	2021-10-13T19:01:29
14.01232	-60.46423	0	32	2021-10-13T19:06:27
14.01334	-60.46433	0	32	2021-10-13T19:11:26
14.01437	-60.46442	0	32	2021-10-13T19:16:26
14.01549	-60.46445	0	32	2021-10-13T19:21:56
14.01651	-60.46460	0	32	2021-10-13T19:26:29
14.01758	-60.46460	0	32	2021-10-13T19:31:30
14.01862	-60.46469	0	32	2021-10-13T19:36:28
14.01984	-60.46475	0	32	2021-10-13T19:41:32
14.02102	-60.46475	0	32	2021-10-13T19:46:32
14.02215	-60.46485	0	32	2021-10-13T19:51:36
14.02331	-60.46494	0	32	2021-10-13T19:56:35
14.02451	-60.46503	0	32	2021-10-13T20:01:35
14.02560	-60.46524	0	32	2021-10-13T20:06:32
14.02672	-60.46539	0	32	2021-10-13T20:11:30
14.02776	-60.46561	0	32	2021-10-13T20:16:56
14.02905	-60.46552	0	32	2021-10-13T20:21:55
14.03005	-60.46580	0	32	2021-10-13T20:26:28
14.03108	-60.46597	0	32	2021-10-13T20:31:28
14.03211	-60.46624	0	32	2021-10-13T20:36:27
14.03318	-60.46641	0	32	2021-10-13T20:41:27
14.03425	-60.46667	0	32	2021-10-13T20:46:28
14.03538	-60.46692	0	32	2021-10-13T20:51:27
14.03648	-60.46704	0	32	2021-10-13T20:56:28
14.03753	-60.46722	0	32	2021-10-13T21:01:29
14.03857	-60.46744	0	32	2021-10-13T21:06:27
14.03966	-60.46762	0	32	2021-10-13T21:11:28
14.04059	-60.46790	0	32	2021-10-13T21:16:56
14.04179	-60.46841	0	32	2021-10-13T21:21:57
14.04272	-60.46860	0	32	2021-10-13T21:26:25
14.04376	-60.46878	0	32	2021-10-13T21:31:27
14.04478	-60.46881	0	32	2021-10-13T21:36:23
14.04576	-60.46896	0	32	2021-10-13T21:41:18
14.04675	-60.46896	0	32	2021-10-13T21:46:19
14.04779	-60.46899	0	32	2021-10-13T21:51:18
14.04883	-60.46909	0	32	2021-10-13T21:56:09
14.04982	-60.46909	0	32	2021-10-13T22:01:09
14.05081	-60.46918	0	32	2021-10-13T22:06:10
14.05186	-60.46924	0	32	2021-10-13T22:11:11
14.05294	-60.46933	0	32	2021-10-13T22:16:08
14.05414	-60.46967	0	32	2021-10-13T22:21:28
14.05515	-60.46985	0	32	2021-10-13T22:26:11
14.05628	-60.46988	0	32	2021-10-13T22:31:22
14.05724	-60.46994	0	32	2021-10-13T22:36:08
14.05922	-60.46985	0	32	2021-10-13T22:46:06
14.06023	-60.46985	0	32	2021-10-13T22:51:07
14.06092	-60.46985	0	32	2021-10-13T22:56:07
14.06182	-60.46988	0	32	2021-10-13T23:01:08
14.06276	-60.46991	0	32	2021-10-13T23:06:05
14.06369	-60.46988	0	32	2021-10-13T23:11:03
14.06463	-60.46963	0	32	2021-10-13T23:16:02
14.06551	-60.46960	0	32	2021-10-13T23:21:31
14.06613	-60.46945	0	32	2021-10-13T23:26:01
14.06696	-60.46926	0	32	2021-10-13T23:31:01
14.06769	-60.46909	0	32	2021-10-13T23:36:00
14.06840	-60.46890	0	32	2021-10-13T23:41:02
14.06907	-60.46869	0	32	2021-10-13T23:46:03
14.06953	-60.46863	0	32	2021-10-13T23:51:02
14.07020	-60.46838	0	32	2021-10-13T23:55:59
14.07091	-60.46805	0	32	2021-10-14T00:01:03
14.07167	-60.46780	0	32	2021-10-14T00:05:56
14.07242	-60.46735	0	32	2021-10-14T00:10:56
14.07311	-60.46701	0	32	2021-10-14T00:15:55
14.07378	-60.46701	0	32	2021-10-14T00:21:30
14.07444	-60.46677	0	32	2021-10-14T00:25:51
14.07521	-60.46651	0	32	2021-10-14T00:30:50
14.07594	-60.46634	0	32	2021-10-14T00:35:50
14.07662	-60.46603	0	32	2021-10-14T00:40:53
14.07719	-60.46582	0	32	2021-10-14T00:45:52
14.07772	-60.46561	0	32	2021-10-14T00:50:49
14.07824	-60.46527	0	32	2021-10-14T00:55:46
14.07875	-60.46497	0	32	2021-10-14T01:00:45
14.07923	-60.46460	0	32	2021-10-14T01:05:43
14.07970	-60.46436	0	32	2021-10-14T01:10:40
14.08026	-60.46402	0	32	2021-10-14T01:15:40
14.08082	-60.46356	0	32	2021-10-14T01:20:58
14.08135	-60.46326	0	32	2021-10-14T01:25:43
14.08192	-60.46287	0	32	2021-10-14T01:30:47
14.08240	-60.46255	0	32	2021-10-14T01:35:49
14.08307	-60.46210	0	32	2021-10-14T01:40:46
14.08366	-60.46173	0	32	2021-10-14T01:45:46
14.08418	-60.46133	0	32	2021-10-14T01:50:47
14.08475	-60.46103	0	32	2021-10-14T01:55:44
14.08531	-60.46069	0	32	2021-10-14T02:00:45
14.08582	-60.46039	0	32	2021-10-14T02:05:46
14.08640	-60.45996	0	32	2021-10-14T02:10:43
14.08699	-60.45959	0	32	2021-10-14T02:15:43
14.08752	-60.45953	0	32	2021-10-14T02:21:09
14.08800	-60.45923	0	32	2021-10-14T02:25:42
14.08858	-60.45898	0	32	2021-10-14T02:30:43
14.08915	-60.45880	0	32	2021-10-14T02:35:43
14.08976	-60.45865	0	32	2021-10-14T02:40:44
14.09034	-60.45853	0	32	2021-10-14T02:45:44
14.09097	-60.45834	0	32	2021-10-14T02:50:46
14.09167	-60.45792	0	32	2021-10-14T02:55:46
14.09236	-60.45775	0	32	2021-10-14T03:00:46
14.09305	-60.45758	0	32	2021-10-14T03:05:45
14.09369	-60.45737	0	32	2021-10-14T03:10:44
14.09441	-60.45709	0	32	2021-10-14T03:15:42
14.09519	-60.45663	0	32	2021-10-14T03:21:07
14.09592	-60.45639	0	32	2021-10-14T03:25:40
14.09673	-60.45605	0	32	2021-10-14T03:30:41
14.09750	-60.45584	0	32	2021-10-14T03:35:42
14.09906	-60.45526	0	32	2021-10-14T03:45:36
14.09992	-60.45511	0	32	2021-10-14T03:50:34
14.10078	-60.45483	0	32	2021-10-14T03:55:38
14.10165	-60.45459	0	32	2021-10-14T04:00:32
14.10242	-60.45433	0	32	2021-10-14T04:05:32
14.10315	-60.45416	0	32	2021-10-14T04:10:33
14.10398	-60.45395	0	32	2021-10-14T04:15:30
14.10502	-60.45367	0	32	2021-10-14T04:20:58
14.10573	-60.45352	0	32	2021-10-14T04:25:32
14.10653	-60.45325	0	32	2021-10-14T04:30:28
14.10741	-60.45306	0	32	2021-10-14T04:35:25
14.10831	-60.45288	0	32	2021-10-14T04:40:26
14.10931	-60.45267	0	32	2021-10-14T04:45:23
14.11033	-60.45242	0	32	2021-10-14T04:50:23
14.11128	-60.45221	0	32	2021-10-14T04:55:21
14.11230	-60.45203	0	32	2021-10-14T05:00:21
14.11339	-60.45178	0	32	2021-10-14T05:05:19
14.11444	-60.45160	0	32	2021-10-14T05:10:20
14.11549	-60.45135	0	32	2021-10-14T05:15:19
14.11665	-60.45090	0	32	2021-10-14T05:20:56
14.11764	-60.45071	0	32	2021-10-14T05:25:26
14.11878	-60.45050	0	32	2021-10-14T05:30:23
14.11992	-60.45020	0	32	2021-10-14T05:35:21
14.12099	-60.45007	0	32	2021-10-14T05:40:24
14.12202	-60.44986	0	32	2021-10-14T05:45:22
14.12309	-60.44986	0	32	2021-10-14T05:50:22
14.12407	-60.44986	0	32	2021-10-14T05:55:24
14.12510	-60.44980	0	32	2021-10-14T06:00:25
14.12607	-60.44977	0	32	2021-10-14T06:05:26
14.12706	-60.44977	0	32	2021-10-14T06:10:30
14.12809	-60.44971	0	32	2021-10-14T06:15:30
14.12926	-60.44958	0	32	2021-10-14T06:20:58
14.13017	-60.44955	0	32	2021-10-14T06:25:36
14.13111	-60.44949	0	32	2021-10-14T06:30:37
14.13206	-60.44955	0	32	2021-10-14T06:35:39
14.13303	-60.44955	0	32	2021-10-14T06:40:40
14.13401	-60.44962	0	32	2021-10-14T06:45:40
14.13499	-60.44965	0	32	2021-10-14T06:50:42
14.13592	-60.44971	0	32	2021-10-14T06:55:44
14.13687	-60.44977	0	32	2021-10-14T07:00:46
14.13787	-60.44983	0	32	2021-10-14T07:05:46
14.13882	-60.44989	0	32	2021-10-14T07:10:48
14.13977	-60.44992	0	32	2021-10-14T07:15:46
14.14087	-60.44992	0	32	2021-10-14T07:21:28
14.14167	-60.44992	0	32	2021-10-14T07:25:51
14.14249	-60.44992	0	32	2021-10-14T07:30:51
14.14339	-60.44998	0	32	2021-10-14T07:35:52
14.14416	-60.45007	0	32	2021-10-14T07:40:52
14.14491	-60.45007	0	32	2021-10-14T07:45:53
14.14575	-60.45007	0	32	2021-10-14T07:50:51
14.14664	-60.45011	0	32	2021-10-14T07:55:52
14.14750	-60.45020	0	32	2021-10-14T08:00:52
14.14840	-60.45029	0	32	2021-10-14T08:05:52
14.14940	-60.45050	0	32	2021-10-14T08:10:48
14.15041	-60.45056	0	32	2021-10-14T08:15:51
14.15156	-60.45062	0	32	2021-10-14T08:21:27
14.15240	-60.45065	0	32	2021-10-14T08:25:48
14.15337	-60.45065	0	32	2021-10-14T08:30:49
14.15422	-60.45074	0	32	2021-10-14T08:35:51
14.15512	-60.45065	0	32	2021-10-14T08:40:51
14.15606	-60.45065	0	32	2021-10-14T08:45:50
14.15684	-60.45068	0	32	2021-10-14T08:50:49
14.15760	-60.45071	0	32	2021-10-14T08:55:51
14.15838	-60.45102	0	32	2021-10-14T09:00:50
14.15907	-60.45102	0	32	2021-10-14T09:05:49
14.15975	-60.45105	0	32	2021-10-14T09:10:52
14.16044	-60.45093	0	32	2021-10-14T09:15:54
14.16123	-60.45078	0	32	2021-10-14T09:20:52
14.16170	-60.45078	0	32	2021-10-14T09:25:52
14.16225	-60.45065	0	32	2021-10-14T09:30:50
14.16278	-60.45056	0	32	2021-10-14T09:35:52
14.16329	-60.45038	0	32	2021-10-14T09:40:50
14.16372	-60.45029	0	32	2021-10-14T09:45:50
14.16419	-60.45020	0	32	2021-10-14T09:50:49
14.16467	-60.45013	0	32	2021-10-14T09:55:50
14.16512	-60.44995	0	32	2021-10-14T10:00:53
14.16567	-60.44983	0	32	2021-10-14T10:05:51
14.16618	-60.44957	0	32	2021-10-14T10:10:51
14.16661	-60.44940	0	32	2021-10-14T10:15:50
14.16722	-60.44925	0	32	2021-10-14T10:21:28
14.16759	-60.44913	0	32	2021-10-14T10:25:51
14.16810	-60.44891	0	32	2021-10-14T10:30:52
14.16862	-60.44873	0	32	2021-10-14T10:35:49
14.16912	-60.44855	0	32	2021-10-14T10:40:50
14.16967	-60.44834	0	32	2021-10-14T10:45:47
14.17027	-60.44817	0	32	2021-10-14T10:50:47
14.17074	-60.44791	0	32	2021-10-14T10:55:48
14.17128	-60.44769	0	32	2021-10-14T11:00:49
14.17198	-60.44734	0	32	2021-10-14T11:05:49
14.17258	-60.44708	0	32	2021-10-14T11:10:48
14.17331	-60.44672	0	32	2021-10-14T11:16:02
14.17383	-60.44656	0	32	2021-10-14T11:21:09
14.17463	-60.44617	0	32	2021-10-14T11:26:01
14.17504	-60.44578	0	32	2021-10-14T11:30:43
14.17560	-60.44535	0	32	2021-10-14T11:35:43
14.17616	-60.44492	0	32	2021-10-14T11:40:44
14.17692	-60.44431	0	32	2021-10-14T11:46:00
14.17757	-60.44364	0	32	2021-10-14T11:51:00
14.17804	-60.44321	0	32	2021-10-14T11:55:59
14.17844	-60.44278	0	32	2021-10-14T12:00:43
14.17935	-60.44151	0	32	2021-10-14T12:10:56
14.17969	-60.44100	0	32	2021-10-14T12:15:55
14.18016	-60.44031	0	32	2021-10-14T12:20:55
14.18053	-60.43979	0	32	2021-10-14T12:25:39
14.18139	-60.43858	0	32	2021-10-14T12:35:34
14.18178	-60.43798	0	32	2021-10-14T12:40:34
14.18221	-60.43738	0	32	2021-10-14T12:45:33
14.18264	-60.43677	0	32	2021-10-14T12:50:30
14.18311	-60.43616	0	32	2021-10-14T12:55:30
14.18355	-60.43555	0	32	2021-10-14T13:00:31
14.18403	-60.43500	0	32	2021-10-14T13:05:29
14.18455	-60.43439	0	32	2021-10-14T13:10:28
14.18500	-60.43381	0	32	2021-10-14T13:15:29
14.18546	-60.43320	0	32	2021-10-14T13:21:01
14.18587	-60.43265	0	32	2021-10-14T13:25:28
14.18629	-60.43219	0	32	2021-10-14T13:30:27
14.18713	-60.43112	0	32	2021-10-14T13:40:30
14.18756	-60.43053	0	32	2021-10-14T13:45:26
14.18795	-60.43002	0	32	2021-10-14T13:50:25
14.18845	-60.42944	0	32	2021-10-14T13:55:26
14.18891	-60.42889	0	32	2021-10-14T14:00:29
14.18933	-60.42834	0	32	2021-10-14T14:05:27
14.19069	-60.42674	0	32	2021-10-14T14:20:30
14.19090	-60.42621	0	32	2021-10-14T14:25:30
14.19137	-60.42572	0	32	2021-10-14T14:30:31
14.19183	-60.42514	0	32	2021-10-14T14:35:32
14.19228	-60.42462	0	32	2021-10-14T14:40:33
14.19254	-60.42401	0	32	2021-10-14T14:45:34
14.19295	-60.42346	0	32	2021-10-14T14:50:31
14.19340	-60.42285	0	32	2021-10-14T14:55:32
14.19387	-60.42230	0	32	2021-10-14T15:00:31
14.19438	-60.42178	0	32	2021-10-14T15:05:32
14.19489	-60.42126	0	32	2021-10-14T15:10:30
14.19541	-60.42075	0	32	2021-10-14T15:15:30
14.19627	-60.42020	0	32	2021-10-14T15:20:35
14.19657	-60.41977	0	32	2021-10-14T15:25:35
14.19691	-60.41934	0	32	2021-10-14T15:30:34
14.19734	-60.41882	0	32	2021-10-14T15:35:31
14.19781	-60.41837	0	32	2021-10-14T15:40:35
14.19825	-60.41794	0	32	2021-10-14T15:45:40
14.19871	-60.41748	0	32	2021-10-14T15:50:29
14.19920	-60.41702	0	32	2021-10-14T15:55:30
14.19974	-60.41654	0	32	2021-10-14T16:00:27
14.20025	-60.41611	0	32	2021-10-14T16:05:27
14.20076	-60.41559	0	32	2021-10-14T16:10:25
14.20127	-60.41507	0	32	2021-10-14T16:15:23
14.20172	-60.41452	0	32	2021-10-14T16:20:57
14.20219	-60.41403	0	32	2021-10-14T16:25:28
14.20270	-60.41360	0	32	2021-10-14T16:30:28
14.20326	-60.41308	0	32	2021-10-14T16:35:26
14.20382	-60.41257	0	32	2021-10-14T16:40:26
14.20443	-60.41208	0	32	2021-10-14T16:45:30
14.20505	-60.41153	0	32	2021-10-14T16:50:31
14.20563	-60.41110	0	32	2021-10-14T16:55:26
14.20742	-60.40958	0	32	2021-10-14T17:10:58
14.20802	-60.40918	0	32	2021-10-14T17:15:28
14.20871	-60.40872	0	32	2021-10-14T17:20:57
14.20929	-60.40836	0	32	2021-10-14T17:25:29
14.20992	-60.40787	0	32	2021-10-14T17:30:27
14.21052	-60.40753	0	32	2021-10-14T17:35:28
14.21119	-60.40714	0	32	2021-10-14T17:40:29
14.21180	-60.40674	0	32	2021-10-14T17:45:26
14.21243	-60.40637	0	32	2021-10-14T17:50:27
14.21303	-60.40596	0	32	2021-10-14T17:55:24
14.21363	-60.40570	0	32	2021-10-14T18:00:25
14.21418	-60.40536	0	32	2021-10-14T18:05:25
14.21541	-60.40470	0	32	2021-10-14T18:15:24
14.21610	-60.40444	0	32	2021-10-14T18:20:24
14.21606	-60.40445	0	32	2021-10-14T18:20:59
14.21661	-60.40427	0	32	2021-10-14T18:25:25
14.21720	-60.40414	0	32	2021-10-14T18:30:26
14.21792	-60.40393	0	32	2021-10-14T18:35:23
14.21789	-60.40395	0	32	2021-10-14T18:35:25
14.21861	-60.40376	0	32	2021-10-14T18:40:23
14.21858	-60.40378	0	32	2021-10-14T18:40:24
14.21930	-60.40359	0	32	2021-10-14T18:45:23
14.21933	-60.40356	0	32	2021-10-14T18:45:25
14.22001	-60.40350	0	32	2021-10-14T18:50:24
14.22071	-60.40347	0	32	2021-10-14T18:55:25
14.22146	-60.40344	0	32	2021-10-14T19:00:23
14.22145	-60.40341	0	32	2021-10-14T19:00:23
14.22215	-60.40344	0	32	2021-10-14T19:05:23
14.22287	-60.40344	0	32	2021-10-14T19:10:25
14.22370	-60.40344	0	32	2021-10-14T19:15:23
14.22454	-60.40347	0	32	2021-10-14T19:20:57
14.22516	-60.40359	0	32	2021-10-14T19:25:24
14.22517	-60.40357	0	32	2021-10-14T19:25:27
14.22599	-60.40366	0	32	2021-10-14T19:30:27
14.22676	-60.40369	0	32	2021-10-14T19:35:26
14.22756	-60.40387	0	32	2021-10-14T19:40:27
14.22756	-60.40381	0	32	2021-10-14T19:40:30
14.22838	-60.40396	0	32	2021-10-14T19:45:27
14.22915	-60.40408	0	32	2021-10-14T19:50:29
14.23001	-60.40437	0	32	2021-10-14T19:55:29
14.23091	-60.40437	0	32	2021-10-14T20:00:29
14.23177	-60.40454	0	32	2021-10-14T20:05:29
14.23268	-60.40466	0	32	2021-10-14T20:10:30
14.23274	-60.40474	0	32	2021-10-14T20:10:55
14.23353	-60.40479	0	32	2021-10-14T20:15:28
14.23356	-60.40483	0	32	2021-10-14T20:15:55
14.23438	-60.40509	0	32	2021-10-14T20:20:56
14.23508	-60.40524	0	32	2021-10-14T20:25:26
14.23587	-60.40543	0	32	2021-10-14T20:30:26
14.23669	-60.40555	0	32	2021-10-14T20:35:27
14.23748	-60.40573	0	32	2021-10-14T20:40:26
14.23830	-60.40582	0	32	2021-10-14T20:45:26
14.23903	-60.40582	0	32	2021-10-14T20:50:27
14.23986	-60.40591	0	32	2021-10-14T20:55:28
14.24064	-60.40604	0	32	2021-10-14T21:00:31
14.24141	-60.40604	0	32	2021-10-14T21:05:30
14.24223	-60.40604	0	32	2021-10-14T21:10:30
14.24297	-60.40607	0	32	2021-10-14T21:15:30
14.24378	-60.40610	0	32	2021-10-14T21:20:59
14.24448	-60.40604	0	32	2021-10-14T21:25:29
14.24530	-60.40604	0	32	2021-10-14T21:30:30
14.24608	-60.40604	0	32	2021-10-14T21:35:30
14.24690	-60.40604	0	32	2021-10-14T21:40:28
14.24770	-60.40604	0	32	2021-10-14T21:45:28
14.24850	-60.40604	0	32	2021-10-14T21:50:25
14.24922	-60.40601	0	32	2021-10-14T21:55:26
14.25000	-60.40604	0	32	2021-10-14T22:00:23
14.25074	-60.40613	0	32	2021-10-14T22:05:21
14.25224	-60.40622	0	32	2021-10-14T22:15:23
14.25307	-60.40656	0	32	2021-10-14T22:20:54
14.25362	-60.40656	0	32	2021-10-14T22:25:24
14.25442	-60.40656	0	32	2021-10-14T22:30:25
14.25531	-60.40659	0	32	2021-10-14T22:35:26
14.25599	-60.40649	0	32	2021-10-14T22:40:25
14.25672	-60.40643	0	32	2021-10-14T22:45:23
14.25736	-60.40634	0	32	2021-10-14T22:50:23
14.25805	-60.40625	0	32	2021-10-14T22:55:22
14.25873	-60.40613	0	32	2021-10-14T23:00:21
14.25940	-60.40613	0	32	2021-10-14T23:05:18
14.26013	-60.40619	0	32	2021-10-14T23:10:19
14.26075	-60.40604	0	32	2021-10-14T23:15:16
14.26150	-60.40601	0	32	2021-10-14T23:20:44
14.26214	-60.40591	0	32	2021-10-14T23:25:15
14.26355	-60.40556	0	32	2021-10-14T23:35:13
14.26419	-60.40547	0	32	2021-10-14T23:40:13
14.26492	-60.40530	0	32	2021-10-14T23:45:13
14.26559	-60.40515	0	32	2021-10-14T23:50:11
14.26625	-60.40503	0	32	2021-10-14T23:55:11
14.26691	-60.40521	0	32	2021-10-15T00:01:03
14.26748	-60.40512	0	32	2021-10-15T00:05:10
14.26819	-60.40503	0	32	2021-10-15T00:10:15
14.26890	-60.40487	0	32	2021-10-15T00:15:15
14.26959	-60.40478	0	32	2021-10-15T00:20:15
14.27023	-60.40469	0	32	2021-10-15T00:25:14
14.27093	-60.40460	0	32	2021-10-15T00:30:17
14.27162	-60.40454	0	32	2021-10-15T00:35:15
14.27240	-60.40447	0	32	2021-10-15T00:40:16
14.27309	-60.40430	0	32	2021-10-15T00:45:17
14.27371	-60.40408	0	32	2021-10-15T00:50:18
14.27531	-60.40338	0	32	2021-10-15T01:05:16
14.27580	-60.40317	0	32	2021-10-15T01:10:17
14.27623	-60.40286	0	32	2021-10-15T01:15:18
14.27677	-60.40251	0	32	2021-10-15T01:20:15
14.27716	-60.40225	0	32	2021-10-15T01:25:15
14.27761	-60.40201	0	32	2021-10-15T01:30:13
14.27803	-60.40176	0	32	2021-10-15T01:35:14
14.27840	-60.40151	0	32	2021-10-15T01:40:15
14.27883	-60.40125	0	32	2021-10-15T01:45:15
14.27929	-60.40106	0	32	2021-10-15T01:50:13
14.27960	-60.40079	0	32	2021-10-15T01:55:14
14.28002	-60.40042	0	32	2021-10-15T02:00:14
14.28045	-60.40033	0	32	2021-10-15T02:05:11
14.28087	-60.39990	0	32	2021-10-15T02:10:08
14.28130	-60.39963	0	32	2021-10-15T02:15:05
14.28174	-60.39914	0	32	2021-10-15T02:19:59
14.28200	-60.39888	0	32	2021-10-15T02:24:59
14.28234	-60.39871	0	32	2021-10-15T02:30:00
14.28269	-60.39838	0	32	2021-10-15T02:35:01
14.28310	-60.39810	0	32	2021-10-15T02:40:05
14.28347	-60.39780	0	32	2021-10-15T02:44:59
14.28391	-60.39742	0	32	2021-10-15T02:49:58
14.28421	-60.39740	0	32	2021-10-15T02:55:00
14.28459	-60.39716	0	32	2021-10-15T02:59:58
14.28500	-60.39693	0	32	2021-10-15T03:05:01
14.28530	-60.39667	0	32	2021-10-15T03:10:00
14.28565	-60.39642	0	32	2021-10-15T03:14:59
14.28596	-60.39606	0	32	2021-10-15T03:20:28
14.28622	-60.39575	0	32	2021-10-15T03:24:58
14.28652	-60.39549	0	32	2021-10-15T03:29:59
14.28678	-60.39523	0	32	2021-10-15T03:34:59
14.28702	-60.39499	0	32	2021-10-15T03:39:57
14.28735	-60.39469	0	32	2021-10-15T03:44:58
14.28761	-60.39452	0	32	2021-10-15T03:49:58
14.28778	-60.39435	0	32	2021-10-15T03:54:59
14.28799	-60.39404	0	32	2021-10-15T03:59:56
14.28814	-60.39392	0	32	2021-10-15T04:04:58
14.28830	-60.39368	0	32	2021-10-15T04:09:57
14.28843	-60.39343	0	32	2021-10-15T04:14:58
14.28857	-60.39319	0	32	2021-10-15T04:20:23
14.28862	-60.39284	0	32	2021-10-15T04:24:57
14.28879	-60.39250	0	32	2021-10-15T04:29:58
14.28892	-60.39224	0	32	2021-10-15T04:34:58
14.28900	-60.39200	0	32	2021-10-15T04:39:55
14.28914	-60.39172	0	32	2021-10-15T04:44:56
14.28921	-60.39145	0	32	2021-10-15T04:49:53
14.28929	-60.39120	0	32	2021-10-15T04:54:53
14.28951	-60.39090	0	32	2021-10-15T04:59:50
14.28964	-60.39066	0	32	2021-10-15T05:04:51
14.28980	-60.39040	0	32	2021-10-15T05:09:49
14.28989	-60.39023	0	32	2021-10-15T05:14:49
14.28994	-60.39008	0	32	2021-10-15T05:20:25
14.29011	-60.38998	0	32	2021-10-15T05:24:48
14.29028	-60.38985	0	32	2021-10-15T05:29:48
14.29032	-60.38968	0	32	2021-10-15T05:34:48
14.29043	-60.38953	0	32	2021-10-15T05:39:49
14.29071	-60.38937	0	32	2021-10-15T05:49:58
14.29097	-60.38937	0	32	2021-10-15T05:54:57
14.29106	-60.38937	0	32	2021-10-15T05:59:58
14.29120	-60.38940	0	32	2021-10-15T06:04:58
14.29132	-60.38943	0	32	2021-10-15T06:10:03
14.29146	-60.38934	0	32	2021-10-15T06:15:27
14.29172	-60.38934	0	32	2021-10-15T06:20:27
14.29187	-60.38943	0	32	2021-10-15T06:25:01
14.29202	-60.38947	0	32	2021-10-15T06:30:02
14.29218	-60.38953	0	32	2021-10-15T06:35:00
14.29234	-60.38962	0	32	2021-10-15T06:40:01
14.29250	-60.38965	0	32	2021-10-15T06:45:00
14.29267	-60.38974	0	32	2021-10-15T06:49:59
14.29289	-60.38980	0	32	2021-10-15T06:54:56
14.29305	-60.38997	0	32	2021-10-15T06:59:55
14.29314	-60.39014	0	32	2021-10-15T07:04:54
14.29330	-60.39029	0	32	2021-10-15T07:09:54
14.29350	-60.39044	0	32	2021-10-15T07:14:51
14.29380	-60.39059	0	32	2021-10-15T07:20:27
14.29409	-60.39084	0	32	2021-10-15T07:24:50
14.29439	-60.39110	0	32	2021-10-15T07:29:50
14.29469	-60.39127	0	32	2021-10-15T07:34:51
14.29509	-60.39151	0	32	2021-10-15T07:39:48
14.29541	-60.39188	0	32	2021-10-15T07:44:45
14.29573	-60.39218	0	32	2021-10-15T07:49:46
14.29644	-60.39288	0	32	2021-10-15T07:59:46
14.29676	-60.39331	0	32	2021-10-15T08:04:48
14.29709	-60.39372	0	32	2021-10-15T08:09:49
14.29743	-60.39398	0	32	2021-10-15T08:14:49
14.29786	-60.39449	0	32	2021-10-15T08:19:47
14.29812	-60.39483	0	32	2021-10-15T08:24:48
14.29842	-60.39517	0	32	2021-10-15T08:29:48
14.29871	-60.39566	0	32	2021-10-15T08:34:46
14.29892	-60.39609	0	32	2021-10-15T08:39:46
14.29923	-60.39661	0	32	2021-10-15T08:44:47
14.29951	-60.39716	0	32	2021-10-15T08:49:48
14.29972	-60.39767	0	32	2021-10-15T08:54:48
14.30001	-60.39819	0	32	2021-10-15T08:59:46
14.30038	-60.39865	0	32	2021-10-15T09:04:49
14.30072	-60.39914	0	32	2021-10-15T09:09:44
14.30106	-60.39948	0	32	2021-10-15T09:14:44
14.30141	-60.39987	0	32	2021-10-15T09:19:58
14.30173	-60.40027	0	32	2021-10-15T09:24:42
14.30208	-60.40081	0	32	2021-10-15T09:29:38
14.30246	-60.40118	0	32	2021-10-15T09:34:44
14.30290	-60.40158	0	32	2021-10-15T09:39:38
14.30338	-60.40201	0	32	2021-10-15T09:44:35
14.30389	-60.40244	0	32	2021-10-15T09:49:35
14.30444	-60.40285	0	32	2021-10-15T09:54:35
14.30495	-60.40311	0	32	2021-10-15T09:59:34
14.30542	-60.40353	0	32	2021-10-15T10:04:34
14.30636	-60.40439	0	32	2021-10-15T10:14:47
14.30683	-60.40507	0	32	2021-10-15T10:19:49
14.30726	-60.40558	0	32	2021-10-15T10:24:49
14.30774	-60.40616	0	32	2021-10-15T10:29:47
14.30827	-60.40677	0	32	2021-10-15T10:34:46
14.30874	-60.40747	0	32	2021-10-15T10:39:47
14.30926	-60.40808	0	32	2021-10-15T10:44:45
14.31038	-60.40948	0	32	2021-10-15T10:54:32
14.31085	-60.41017	0	32	2021-10-15T10:59:32
14.31141	-60.41077	0	32	2021-10-15T11:04:33
14.31192	-60.41135	0	32	2021-10-15T11:09:30
14.31243	-60.41199	0	32	2021-10-15T11:14:31
14.31308	-60.41271	0	32	2021-10-15T11:19:42
14.31355	-60.41314	0	32	2021-10-15T11:24:41
14.31411	-60.41357	0	32	2021-10-15T11:29:41
14.31480	-60.41410	0	32	2021-10-15T11:34:39
14.31531	-60.41470	0	32	2021-10-15T11:39:39
14.31581	-60.41528	0	32	2021-10-15T11:44:23
14.31667	-60.41559	0	32	2021-10-15T11:49:26
14.31718	-60.41617	0	32	2021-10-15T11:54:23
14.31798	-60.41653	0	32	2021-10-15T11:59:22
14.31881	-60.41687	0	32	2021-10-15T12:04:22
14.31965	-60.41714	0	32	2021-10-15T12:09:20
14.32053	-60.41754	0	32	2021-10-15T12:14:17
14.32153	-60.41776	0	32	2021-10-15T12:19:56
14.32226	-60.41797	0	32	2021-10-15T12:24:18
14.32305	-60.41827	0	32	2021-10-15T12:29:15
14.32472	-60.41894	0	32	2021-10-15T12:39:11
14.32558	-60.41928	0	32	2021-10-15T12:44:11
14.32640	-60.41971	0	32	2021-10-15T12:49:12
14.32730	-60.42007	0	32	2021-10-15T12:54:10
14.32819	-60.42047	0	32	2021-10-15T12:59:13
14.32909	-60.42081	0	32	2021-10-15T13:04:11
14.33001	-60.42114	0	32	2021-10-15T13:09:27
14.33076	-60.42154	0	32	2021-10-15T13:14:11
14.33173	-60.42188	0	32	2021-10-15T13:19:40
14.33253	-60.42203	0	32	2021-10-15T13:24:10
14.33338	-60.42224	0	32	2021-10-15T13:29:11
14.33426	-60.42239	0	32	2021-10-15T13:34:11
14.33606	-60.42268	0	32	2021-10-15T13:44:11
14.33692	-60.42285	0	32	2021-10-15T13:49:11
14.33782	-60.42294	0	32	2021-10-15T13:54:12
14.33889	-60.42316	0	32	2021-10-15T13:59:13
14.33963	-60.42328	0	32	2021-10-15T14:04:16
14.34035	-60.42340	0	32	2021-10-15T14:09:14
14.34111	-60.42349	0	32	2021-10-15T14:14:18
14.34188	-60.42368	0	32	2021-10-15T14:19:39
14.34258	-60.42383	0	32	2021-10-15T14:24:13
14.34338	-60.42398	0	32	2021-10-15T14:29:14
14.34418	-60.42410	0	32	2021-10-15T14:34:15
14.34493	-60.42416	0	32	2021-10-15T14:39:14
14.34571	-60.42426	0	32	2021-10-15T14:44:16
14.34626	-60.42435	0	32	2021-10-15T14:49:13
14.34672	-60.42432	0	32	2021-10-15T14:54:11
14.34750	-60.42435	0	32	2021-10-15T14:59:14
14.34832	-60.42441	0	32	2021-10-15T15:04:12
14.34913	-60.42441	0	32	2021-10-15T15:09:12
14.34990	-60.42441	0	32	2021-10-15T15:14:11
14.35077	-60.42441	0	32	2021-10-15T15:19:38
14.35245	-60.42431	0	32	2021-10-15T15:29:16
14.35331	-60.42422	0	32	2021-10-15T15:34:16
14.35408	-60.42413	0	32	2021-10-15T15:39:15
14.35490	-60.42413	0	32	2021-10-15T15:44:18
14.35567	-60.42404	0	32	2021-10-15T15:49:20
14.35642	-60.42395	0	32	2021-10-15T15:54:35
14.35724	-60.42386	0	32	2021-10-15T15:59:34
14.35806	-60.42386	0	32	2021-10-15T16:04:34
14.35880	-60.42380	0	32	2021-10-15T16:09:32
14.35952	-60.42361	0	32	2021-10-15T16:14:16
14.36043	-60.42346	0	32	2021-10-15T16:19:56
14.36114	-60.42325	0	32	2021-10-15T16:24:15
14.36201	-60.42303	0	32	2021-10-15T16:29:16
14.36283	-60.42294	0	32	2021-10-15T16:34:16
14.36365	-60.42285	0	32	2021-10-15T16:39:17
14.36442	-60.42276	0	32	2021-10-15T16:44:14
14.36524	-60.42267	0	32	2021-10-15T16:49:12
14.36599	-60.42254	0	32	2021-10-15T16:54:16
14.36676	-60.42245	0	32	2021-10-15T16:59:16
14.36751	-60.42249	0	32	2021-10-15T17:04:13
14.36903	-60.42258	0	32	2021-10-15T17:14:14
14.36993	-60.42267	0	32	2021-10-15T17:19:13
14.37066	-60.42267	0	32	2021-10-15T17:24:13
14.37151	-60.42270	0	32	2021-10-15T17:29:14
14.37233	-60.42267	0	32	2021-10-15T17:34:15
14.37317	-60.42264	0	32	2021-10-15T17:39:15
14.37399	-60.42255	0	32	2021-10-15T17:44:15
14.37468	-60.42255	0	32	2021-10-15T17:49:14
14.37536	-60.42242	0	32	2021-10-15T17:54:15
14.37607	-60.42239	0	32	2021-10-15T17:59:15
14.37685	-60.42249	0	32	2021-10-15T18:04:12
14.37761	-60.42267	0	32	2021-10-15T18:09:14
14.37832	-60.42282	0	32	2021-10-15T18:14:14
14.37916	-60.42306	0	32	2021-10-15T18:19:17
14.37981	-60.42319	0	32	2021-10-15T18:24:18
14.38049	-60.42340	0	32	2021-10-15T18:29:17
14.38124	-60.42365	0	32	2021-10-15T18:34:18
14.38195	-60.42392	0	32	2021-10-15T18:39:18
14.38264	-60.42433	0	32	2021-10-15T18:44:19
14.38324	-60.42459	0	32	2021-10-15T18:49:20
14.38384	-60.42484	0	32	2021-10-15T18:54:21
14.38447	-60.42514	0	32	2021-10-15T18:59:24
14.38511	-60.42543	0	32	2021-10-15T19:04:22
14.38571	-60.42569	0	32	2021-10-15T19:09:22
14.38627	-60.42590	0	32	2021-10-15T19:14:20
14.38733	-60.42642	0	32	2021-10-15T19:24:22
14.38780	-60.42668	0	32	2021-10-15T19:29:23
14.38831	-60.42694	0	32	2021-10-15T19:34:23
14.38884	-60.42728	0	32	2021-10-15T19:39:25
14.39006	-60.42801	0	32	2021-10-15T19:49:23
14.39071	-60.42846	0	32	2021-10-15T19:54:23
14.39131	-60.42889	0	32	2021-10-15T19:59:23
14.39205	-60.42926	0	32	2021-10-15T20:04:22
14.39269	-60.42969	0	32	2021-10-15T20:09:22
14.39347	-60.43003	0	32	2021-10-15T20:14:54
14.39411	-60.43063	0	32	2021-10-15T20:19:54
14.39458	-60.43121	0	32	2021-10-15T20:24:16
14.39523	-60.43164	0	32	2021-10-15T20:29:21
14.39586	-60.43222	0	32	2021-10-15T20:34:15
14.39649	-60.43292	0	32	2021-10-15T20:39:12
14.39710	-60.43356	0	32	2021-10-15T20:44:09
14.39773	-60.43423	0	32	2021-10-15T20:49:13
14.39827	-60.43497	0	32	2021-10-15T20:54:13
14.39892	-60.43561	0	32	2021-10-15T20:59:11
14.39954	-60.43634	0	32	2021-10-15T21:04:12
14.40012	-60.43704	0	32	2021-10-15T21:09:13
14.40067	-60.43776	0	32	2021-10-15T21:14:40
14.40140	-60.43845	0	32	2021-10-15T21:19:39
14.40193	-60.43915	0	32	2021-10-15T21:24:14
14.40253	-60.43997	0	32	2021-10-15T21:29:12
14.40323	-60.44084	0	32	2021-10-15T21:34:13
14.40387	-60.44153	0	32	2021-10-15T21:39:14
14.40449	-60.44223	0	32	2021-10-15T21:44:12
14.40515	-60.44284	0	32	2021-10-15T21:49:11
14.40583	-60.44355	0	32	2021-10-15T21:54:14
14.40634	-60.44406	0	32	2021-10-15T21:59:14
14.40718	-60.44467	0	32	2021-10-15T22:04:11
14.40765	-60.44501	0	32	2021-10-15T22:09:11
14.40860	-60.44568	0	32	2021-10-15T22:14:13
14.40949	-60.44626	0	32	2021-10-15T22:19:43
14.41017	-60.44668	0	32	2021-10-15T22:24:10
14.41099	-60.44711	0	32	2021-10-15T22:29:11
14.41168	-60.44748	0	32	2021-10-15T22:34:12
14.41244	-60.44806	0	32	2021-10-15T22:39:13
14.41313	-60.44849	0	32	2021-10-15T22:44:13
14.41380	-60.44912	0	32	2021-10-15T22:49:14
14.41444	-60.44963	0	32	2021-10-15T22:54:14
14.41508	-60.45023	0	32	2021-10-15T22:59:13
14.41575	-60.45081	0	32	2021-10-15T23:04:13
14.41639	-60.45132	0	32	2021-10-15T23:09:13
14.41707	-60.45187	0	32	2021-10-15T23:14:11
14.41781	-60.45236	0	32	2021-10-15T23:19:27
14.41853	-60.45270	0	32	2021-10-15T23:24:09
14.41926	-60.45313	0	32	2021-10-15T23:29:09
14.42000	-60.45358	0	32	2021-10-15T23:34:07
14.42076	-60.45401	0	32	2021-10-15T23:39:08
14.42145	-60.45450	0	32	2021-10-15T23:44:05
14.42213	-60.45505	0	32	2021-10-15T23:49:06
14.42275	-60.45572	0	32	2021-10-15T23:54:04
14.42406	-60.45707	0	32	2021-10-16T00:04:11
14.42479	-60.45758	0	32	2021-10-16T00:09:10
14.42548	-60.45810	0	32	2021-10-16T00:14:06
14.42637	-60.45868	0	32	2021-10-16T00:19:34
14.42712	-60.45906	0	32	2021-10-16T00:24:03
14.42789	-60.45932	0	32	2021-10-16T00:29:02
14.42874	-60.45969	0	32	2021-10-16T00:33:58
14.42962	-60.45996	0	32	2021-10-16T00:38:58
14.43052	-60.46029	0	32	2021-10-16T00:43:55
14.43134	-60.46063	0	32	2021-10-16T00:48:55
14.43211	-60.46106	0	32	2021-10-16T00:53:50
14.43288	-60.46155	0	32	2021-10-16T00:58:51
14.43368	-60.46200	0	32	2021-10-16T01:03:50
14.43450	-60.46243	0	32	2021-10-16T01:08:49
14.43526	-60.46283	0	32	2021-10-16T01:13:52
14.43608	-60.46323	0	32	2021-10-16T01:19:28
14.43679	-60.46359	0	32	2021-10-16T01:23:51
14.43769	-60.46399	0	32	2021-10-16T01:28:53
14.43857	-60.46439	0	32	2021-10-16T01:33:56
14.44119	-60.46557	0	32	2021-10-16T01:48:56
14.44205	-60.46591	0	32	2021-10-16T01:53:56
14.44291	-60.46625	0	32	2021-10-16T01:58:57
14.44376	-60.46661	0	32	2021-10-16T02:03:53
14.44463	-60.46695	0	32	2021-10-16T02:08:54
14.44549	-60.46729	0	32	2021-10-16T02:13:56
14.44827	-60.46826	0	32	2021-10-16T02:28:58
14.44913	-60.46843	0	32	2021-10-16T02:33:58
14.44999	-60.46860	0	32	2021-10-16T02:38:57
14.45088	-60.46883	0	32	2021-10-16T02:43:50
14.45174	-60.46900	0	32	2021-10-16T02:48:50
14.45260	-60.46909	0	32	2021-10-16T02:53:50
14.45349	-60.46930	0	32	2021-10-16T02:58:49
14.45445	-60.46951	0	32	2021-10-16T03:03:49
14.45538	-60.46976	0	32	2021-10-16T03:08:42
14.45630	-60.46997	0	32	2021-10-16T03:14:09
14.45716	-60.46997	0	32	2021-10-16T03:19:08
14.45799	-60.47012	0	32	2021-10-16T03:23:48
14.45888	-60.47025	0	32	2021-10-16T03:28:46
14.45977	-60.47043	0	32	2021-10-16T03:33:46
14.46058	-60.47061	0	32	2021-10-16T03:38:48
14.46141	-60.47083	0	32	2021-10-16T03:43:48
14.46229	-60.47092	0	32	2021-10-16T03:48:49
14.46319	-60.47107	0	32	2021-10-16T03:53:50
14.46405	-60.47116	0	32	2021-10-16T03:58:51
14.46494	-60.47128	0	32	2021-10-16T04:03:52
14.46583	-60.47137	0	32	2021-10-16T04:08:52
14.46674	-60.47144	0	32	2021-10-16T04:13:57
14.46775	-60.47150	0	32	2021-10-16T04:19:25
14.46855	-60.47144	0	32	2021-10-16T04:23:54
14.46949	-60.47137	0	32	2021-10-16T04:28:52
14.47136	-60.47137	0	32	2021-10-16T04:38:53
14.47222	-60.47137	0	32	2021-10-16T04:43:53
14.47312	-60.47137	0	32	2021-10-16T04:48:52
14.47402	-60.47125	0	32	2021-10-16T04:53:55
14.47492	-60.47119	0	32	2021-10-16T04:58:53
14.47582	-60.47110	0	32	2021-10-16T05:03:57
14.47674	-60.47095	0	32	2021-10-16T05:08:55
14.47767	-60.47084	0	32	2021-10-16T05:14:24
14.47861	-60.47067	0	32	2021-10-16T05:19:24
14.47945	-60.47048	0	32	2021-10-16T05:23:57
14.48031	-60.47031	0	32	2021-10-16T05:28:57
14.48117	-60.47015	0	32	2021-10-16T05:33:58
14.48205	-60.47003	0	32	2021-10-16T05:38:57
14.48295	-60.46994	0	32	2021-10-16T05:43:57
14.48388	-60.46985	0	32	2021-10-16T05:48:55
14.48477	-60.46976	0	32	2021-10-16T05:53:56
14.48568	-60.46973	0	32	2021-10-16T05:58:56
14.48658	-60.46967	0	32	2021-10-16T06:03:57
14.48745	-60.46957	0	32	2021-10-16T06:08:57
14.48835	-60.46948	0	32	2021-10-16T06:13:58
14.48933	-60.46939	0	32	2021-10-16T06:19:26
14.49002	-60.46930	0	32	2021-10-16T06:24:07
14.49090	-60.46918	0	32	2021-10-16T06:28:57
14.49173	-60.46915	0	32	2021-10-16T06:33:58
14.49258	-60.46906	0	32	2021-10-16T06:38:55
14.49340	-60.46899	0	32	2021-10-16T06:43:59
14.49422	-60.46890	0	32	2021-10-16T06:48:59
14.49503	-60.46887	0	32	2021-10-16T06:53:53
14.49585	-60.46881	0	32	2021-10-16T06:58:50
14.49671	-60.46872	0	32	2021-10-16T07:03:51
14.49749	-60.46863	0	32	2021-10-16T07:08:49
14.49828	-60.46857	0	32	2021-10-16T07:13:50
14.49925	-60.46848	0	32	2021-10-16T07:19:28
14.50001	-60.46841	0	32	2021-10-16T07:23:51
14.50081	-60.46829	0	32	2021-10-16T07:28:52
14.50154	-60.46829	0	32	2021-10-16T07:33:52
14.50236	-60.46829	0	32	2021-10-16T07:38:51
14.50313	-60.46829	0	32	2021-10-16T07:43:51
14.50391	-60.46829	0	32	2021-10-16T07:48:59
14.50471	-60.46814	0	32	2021-10-16T07:53:52
14.50552	-60.46802	0	32	2021-10-16T07:58:52
14.50613	-60.46792	0	32	2021-10-16T08:03:53
14.50686	-60.46783	0	32	2021-10-16T08:08:52
14.50760	-60.46774	0	32	2021-10-16T08:14:26
14.50837	-60.46774	0	32	2021-10-16T08:19:26
14.50889	-60.46774	0	32	2021-10-16T08:23:46
14.50955	-60.46780	0	32	2021-10-16T08:28:44
14.51023	-60.46796	0	32	2021-10-16T08:33:44
14.51083	-60.46805	0	32	2021-10-16T08:38:44
14.51140	-60.46829	0	32	2021-10-16T08:43:42
14.51202	-60.46851	0	32	2021-10-16T08:48:43
14.51262	-60.46893	0	32	2021-10-16T08:53:42
14.51312	-60.46915	0	32	2021-10-16T08:58:43
14.51379	-60.46936	0	32	2021-10-16T09:03:45
14.51443	-60.46948	0	32	2021-10-16T09:08:41
14.51502	-60.46967	0	32	2021-10-16T09:13:42
14.51556	-60.46986	0	32	2021-10-16T09:18:39
14.51612	-60.47003	0	32	2021-10-16T09:23:38
14.51673	-60.47031	0	32	2021-10-16T09:28:38
14.51716	-60.47049	0	32	2021-10-16T09:33:36
14.51780	-60.47090	0	32	2021-10-16T09:38:36
14.51827	-60.47116	0	32	2021-10-16T09:43:37
14.51969	-60.47174	0	32	2021-10-16T09:54:29
14.52022	-60.47189	0	32	2021-10-16T09:58:53
14.52083	-60.47226	0	32	2021-10-16T10:03:52
14.52140	-60.47256	0	32	2021-10-16T10:08:45
14.52205	-60.47293	0	32	2021-10-16T10:13:52
14.52274	-60.47319	0	32	2021-10-16T10:18:51
14.52330	-60.47336	0	32	2021-10-16T10:23:51
14.52390	-60.47369	0	32	2021-10-16T10:28:53
14.52447	-60.47394	0	32	2021-10-16T10:33:42
14.52507	-60.47432	0	32	2021-10-16T10:38:37
14.52558	-60.47449	0	32	2021-10-16T10:43:36
14.52625	-60.47467	0	32	2021-10-16T10:48:37
14.52690	-60.47488	0	32	2021-10-16T10:53:37
14.52763	-60.47515	0	32	2021-10-16T10:58:38
14.52827	-60.47532	0	32	2021-10-16T11:03:38
14.52887	-60.47549	0	32	2021-10-16T11:08:38
14.52953	-60.47571	0	32	2021-10-16T11:13:39
14.53015	-60.47583	0	32	2021-10-16T11:18:56
14.53076	-60.47601	0	32	2021-10-16T11:23:46
14.53131	-60.47635	0	32	2021-10-16T11:28:35
14.53182	-60.47644	0	32	2021-10-16T11:33:36
14.53238	-60.47659	0	32	2021-10-16T11:38:41
14.53296	-60.47676	0	32	2021-10-16T11:43:35
14.53352	-60.47693	0	32	2021-10-16T11:48:35
14.53407	-60.47714	0	32	2021-10-16T11:53:36
14.53462	-60.47729	0	32	2021-10-16T11:58:33
14.53574	-60.47785	0	32	2021-10-16T12:08:58
14.53615	-60.47787	0	32	2021-10-16T12:13:31
14.53681	-60.47803	0	32	2021-10-16T12:18:59
14.53727	-60.47812	0	32	2021-10-16T12:23:34
14.53780	-60.47827	0	32	2021-10-16T12:28:34
14.53829	-60.47842	0	32	2021-10-16T12:33:32
14.53933	-60.47876	0	32	2021-10-16T12:43:37
14.53983	-60.47897	0	32	2021-10-16T12:48:45
14.54033	-60.47913	0	32	2021-10-16T12:53:38
14.54083	-60.47928	0	32	2021-10-16T12:58:39
14.54135	-60.47940	0	32	2021-10-16T13:03:37
14.54191	-60.47963	0	32	2021-10-16T13:09:04
14.54251	-60.47972	0	32	2021-10-16T13:14:05
14.54298	-60.47989	0	32	2021-10-16T13:19:05
14.54359	-60.47995	0	32	2021-10-16T13:23:39
14.54415	-60.48004	0	32	2021-10-16T13:28:37
14.54479	-60.48004	0	32	2021-10-16T13:33:37
14.54549	-60.47998	0	32	2021-10-16T13:38:39
14.54630	-60.47992	0	32	2021-10-16T13:43:36
14.54707	-60.47980	0	32	2021-10-16T13:48:40
14.54776	-60.47980	0	32	2021-10-16T13:53:41
14.54858	-60.47980	0	32	2021-10-16T13:58:41
14.54945	-60.47977	0	32	2021-10-16T14:03:35
14.55018	-60.47961	0	32	2021-10-16T14:08:38
14.55101	-60.47932	0	32	2021-10-16T14:13:35
14.55170	-60.47932	0	32	2021-10-16T14:18:34
14.55226	-60.47906	0	32	2021-10-16T14:23:34
14.55311	-60.47879	0	32	2021-10-16T14:28:35
14.55376	-60.47852	0	32	2021-10-16T14:33:37
14.55470	-60.47826	0	32	2021-10-16T14:38:37
14.55521	-60.47800	0	32	2021-10-16T14:43:38
14.55612	-60.47766	0	32	2021-10-16T14:48:35
14.55687	-60.47712	0	32	2021-10-16T14:53:35
14.55756	-60.47669	0	32	2021-10-16T14:58:35
14.55829	-60.47626	0	32	2021-10-16T15:03:34
14.55908	-60.47583	0	32	2021-10-16T15:08:31
14.56002	-60.47521	0	32	2021-10-16T15:13:57
14.56096	-60.47470	0	32	2021-10-16T15:18:56
14.56170	-60.47430	0	32	2021-10-16T15:23:41
14.56333	-60.47349	0	32	2021-10-16T15:33:38
14.56415	-60.47306	0	32	2021-10-16T15:38:38
14.56497	-60.47263	0	32	2021-10-16T15:43:37
14.56578	-60.47214	0	32	2021-10-16T15:48:38
14.56658	-60.47168	0	32	2021-10-16T15:53:35
14.56743	-60.47129	0	32	2021-10-16T15:58:36
14.56816	-60.47095	0	32	2021-10-16T16:03:36
14.56889	-60.47061	0	32	2021-10-16T16:08:37
14.56968	-60.47031	0	32	2021-10-16T16:13:34
14.57041	-60.46979	0	32	2021-10-16T16:18:54
14.57111	-60.46951	0	32	2021-10-16T16:23:23
14.57191	-60.46915	0	32	2021-10-16T16:28:21
14.57430	-60.46793	0	32	2021-10-16T16:43:16
14.57512	-60.46759	0	32	2021-10-16T16:48:16
14.57594	-60.46725	0	32	2021-10-16T16:53:16
14.57676	-60.46671	0	32	2021-10-16T16:58:12
14.57758	-60.46637	0	32	2021-10-16T17:03:12
14.57835	-60.46603	0	32	2021-10-16T17:08:12
14.57913	-60.46558	0	32	2021-10-16T17:13:13
14.57989	-60.46509	0	32	2021-10-16T17:18:38
14.58057	-60.46463	0	32	2021-10-16T17:23:11
14.58121	-60.46420	0	32	2021-10-16T17:28:11
14.58185	-60.46371	0	32	2021-10-16T17:33:10
14.58245	-60.46317	0	32	2021-10-16T17:38:09
14.58313	-60.46258	0	32	2021-10-16T17:43:03
14.58372	-60.46204	0	32	2021-10-16T17:48:05
14.58429	-60.46155	0	32	2021-10-16T17:53:04
14.58486	-60.46100	0	32	2021-10-16T17:58:06
14.58551	-60.46048	0	32	2021-10-16T18:03:03
14.58615	-60.45996	0	32	2021-10-16T18:08:00
14.58675	-60.45953	0	32	2021-10-16T18:13:01
14.58746	-60.45901	0	32	2021-10-16T18:18:25
14.58805	-60.45865	0	32	2021-10-16T18:22:58
14.58868	-60.45819	0	32	2021-10-16T18:27:55
14.58928	-60.45776	0	32	2021-10-16T18:32:56
14.58985	-60.45743	0	32	2021-10-16T18:37:53
14.59041	-60.45703	0	32	2021-10-16T18:42:53
14.59096	-60.45661	0	32	2021-10-16T18:47:51
14.59143	-60.45627	0	32	2021-10-16T18:52:51
14.59192	-60.45587	0	32	2021-10-16T18:57:48
14.59245	-60.45554	0	32	2021-10-16T19:02:49
14.59297	-60.45517	0	32	2021-10-16T19:07:47
14.59348	-60.45483	0	32	2021-10-16T19:12:48
14.59398	-60.45444	0	32	2021-10-16T19:18:27
14.59433	-60.45419	0	32	2021-10-16T19:22:45
14.59477	-60.45386	0	32	2021-10-16T19:27:50
14.59527	-60.45351	0	32	2021-10-16T19:32:44
14.59570	-60.45325	0	32	2021-10-16T19:37:44
14.59618	-60.45291	0	32	2021-10-16T19:42:42
14.59666	-60.45258	0	32	2021-10-16T19:47:45
14.59717	-60.45224	0	32	2021-10-16T19:52:46
14.59766	-60.45193	0	32	2021-10-16T19:57:44
14.59806	-60.45166	0	32	2021-10-16T20:02:45
14.59845	-60.45139	0	32	2021-10-16T20:07:45
14.59880	-60.45114	0	32	2021-10-16T20:12:46
14.59918	-60.45087	0	32	2021-10-16T20:18:09
14.59950	-60.45059	0	32	2021-10-16T20:22:45
14.59979	-60.45038	0	32	2021-10-16T20:27:45
14.60016	-60.45005	0	32	2021-10-16T20:32:42
14.60044	-60.44989	0	32	2021-10-16T20:37:43
14.60072	-60.44962	0	32	2021-10-16T20:42:41
14.60094	-60.44934	0	32	2021-10-16T20:47:44
14.60111	-60.44922	0	32	2021-10-16T20:52:45
14.60130	-60.44891	0	32	2021-10-16T20:57:46
14.60139	-60.44891	0	32	2021-10-16T21:02:46
14.60157	-60.44847	0	32	2021-10-16T21:12:46
14.60166	-60.44830	0	32	2021-10-16T21:17:46
14.60170	-60.44830	0	32	2021-10-16T21:22:47
14.60169	-60.44815	0	32	2021-10-16T21:27:48
14.60182	-60.44846	0	32	2021-10-16T21:32:49
14.60186	-60.44846	0	32	2021-10-16T21:37:50
14.60190	-60.44846	0	32	2021-10-16T21:42:50
14.60195	-60.44836	0	32	2021-10-16T21:47:51
14.60200	-60.44840	0	32	2021-10-16T21:52:48
14.60200	-60.44849	0	32	2021-10-16T22:02:49
14.60191	-60.44852	0	32	2021-10-16T22:07:50
14.60194	-60.44870	0	32	2021-10-16T22:12:48
14.60203	-60.44889	0	32	2021-10-16T22:17:52
14.60207	-60.44898	0	32	2021-10-16T22:22:53
14.60224	-60.44907	0	32	2021-10-16T22:27:53
14.60224	-60.44919	0	32	2021-10-16T22:32:52
14.60219	-60.44928	0	32	2021-10-16T22:37:56
14.60224	-60.44943	0	32	2021-10-16T22:42:57
14.60224	-60.44962	0	32	2021-10-16T22:48:00
14.60225	-60.44986	0	32	2021-10-16T22:52:59
14.60230	-60.45004	0	32	2021-10-16T22:58:00
14.60236	-60.45022	0	32	2021-10-16T23:02:59
14.60236	-60.45039	0	32	2021-10-16T23:07:58
14.60232	-60.45056	0	32	2021-10-16T23:12:58
14.60245	-60.45078	0	32	2021-10-16T23:18:26
14.60240	-60.45090	0	32	2021-10-16T23:22:57
14.60247	-60.45116	0	32	2021-10-16T23:27:53
14.60244	-60.45123	0	32	2021-10-16T23:32:54
14.60247	-60.45142	0	32	2021-10-16T23:37:54
14.60255	-60.45182	0	32	2021-10-16T23:47:45
14.60255	-60.45191	0	32	2021-10-16T23:52:45
14.60264	-60.45200	0	32	2021-10-16T23:57:46
14.60279	-60.45221	0	32	2021-10-17T00:02:58
14.60293	-60.45242	0	32	2021-10-17T00:07:40
14.60313	-60.45261	0	32	2021-10-17T00:13:12
14.60322	-60.45270	0	32	2021-10-17T00:18:12
14.60346	-60.45285	0	32	2021-10-17T00:22:35
14.60356	-60.45300	0	32	2021-10-17T00:27:35
14.60363	-60.45319	0	32	2021-10-17T00:32:34
14.60376	-60.45340	0	32	2021-10-17T00:37:34
14.60386	-60.45367	0	32	2021-10-17T00:42:31
14.60391	-60.45386	0	32	2021-10-17T00:47:28
14.60391	-60.45416	0	32	2021-10-17T00:52:28
14.60386	-60.45450	0	32	2021-10-17T00:57:23
14.60381	-60.45486	0	32	2021-10-17T01:02:23
14.60365	-60.45534	0	32	2021-10-17T01:07:57
14.60356	-60.45585	0	32	2021-10-17T01:12:56
14.60343	-60.45645	0	32	2021-10-17T01:17:56
14.60330	-60.45697	0	32	2021-10-17T01:22:22
14.60312	-60.45773	0	32	2021-10-17T01:27:26
14.60291	-60.45837	0	32	2021-10-17T01:32:24
14.60261	-60.45889	0	32	2021-10-17T01:37:25
14.60240	-60.45966	0	32	2021-10-17T01:42:23
14.60178	-60.46084	0	32	2021-10-17T01:52:13
14.60144	-60.46144	0	32	2021-10-17T01:57:13
14.60110	-60.46213	0	32	2021-10-17T02:02:14
14.60068	-60.46274	0	32	2021-10-17T02:07:14
14.60021	-60.46335	0	32	2021-10-17T02:12:12
14.59974	-60.46402	0	32	2021-10-17T02:17:38
14.59937	-60.46478	0	32	2021-10-17T02:22:13
14.59894	-60.46545	0	32	2021-10-17T02:27:14
14.59858	-60.46634	0	32	2021-10-17T02:32:15
14.59827	-60.46686	0	32	2021-10-17T02:37:11
14.59799	-60.46756	0	32	2021-10-17T02:42:12
14.59764	-60.46829	0	32	2021-10-17T02:47:22
14.59702	-60.46975	0	32	2021-10-17T02:57:23
14.59683	-60.47028	0	32	2021-10-17T03:02:25
14.59660	-60.47086	0	32	2021-10-17T03:07:24
14.59636	-60.47141	0	32	2021-10-17T03:12:26
14.59601	-60.47186	0	32	2021-10-17T03:17:54
14.59575	-60.47229	0	32	2021-10-17T03:22:11
14.59546	-60.47284	0	32	2021-10-17T03:27:13
14.59512	-60.47339	0	32	2021-10-17T03:32:10
14.59479	-60.47391	0	32	2021-10-17T03:37:11
14.59439	-60.47443	0	32	2021-10-17T03:42:11
14.59405	-60.47501	0	32	2021-10-17T03:47:09
14.59373	-60.47552	0	32	2021-10-17T03:52:13
14.59336	-60.47602	0	32	2021-10-17T03:57:14
14.59306	-60.47653	0	32	2021-10-17T04:02:15
14.59280	-60.47705	0	32	2021-10-17T04:07:13
14.59245	-60.47760	0	32	2021-10-17T04:12:16
14.59203	-60.47824	0	32	2021-10-17T04:17:37
14.59169	-60.47883	0	32	2021-10-17T04:22:14
14.59130	-60.47943	0	32	2021-10-17T04:27:14
14.59092	-60.48007	0	32	2021-10-17T04:32:15
14.59050	-60.48065	0	32	2021-10-17T04:37:12
14.59016	-60.48134	0	32	2021-10-17T04:42:11
14.58977	-60.48203	0	32	2021-10-17T04:47:11
14.58952	-60.48260	0	32	2021-10-17T04:52:12
14.58930	-60.48315	0	32	2021-10-17T04:57:10
14.58916	-60.48373	0	32	2021-10-17T05:02:11
14.58900	-60.48422	0	32	2021-10-17T05:07:10
14.58878	-60.48474	0	32	2021-10-17T05:12:39
14.58861	-60.48517	0	32	2021-10-17T05:17:40
14.58849	-60.48563	0	32	2021-10-17T05:22:12
14.58826	-60.48606	0	32	2021-10-17T05:27:14
14.58809	-60.48657	0	32	2021-10-17T05:32:14
14.58792	-60.48706	0	32	2021-10-17T05:37:09
14.58775	-60.48762	0	32	2021-10-17T05:42:17
14.58761	-60.48807	0	32	2021-10-17T05:47:14
14.58749	-60.48865	0	32	2021-10-17T05:52:17
14.58743	-60.48932	0	32	2021-10-17T05:57:15
14.58731	-60.48987	0	32	2021-10-17T06:02:16
14.58724	-60.49042	0	32	2021-10-17T06:07:17
14.58719	-60.49091	0	32	2021-10-17T06:12:15
14.58722	-60.49149	0	32	2021-10-17T06:17:38
14.58719	-60.49200	0	32	2021-10-17T06:22:15
14.58724	-60.49261	0	32	2021-10-17T06:27:13
14.58725	-60.49313	0	32	2021-10-17T06:32:14
14.58725	-60.49359	0	32	2021-10-17T06:37:13
14.58723	-60.49411	0	32	2021-10-17T06:42:14
14.58718	-60.49460	0	32	2021-10-17T06:47:12
14.58718	-60.49509	0	32	2021-10-17T06:52:13
14.58724	-60.49561	0	32	2021-10-17T06:57:10
14.58722	-60.49612	0	32	2021-10-17T07:02:12
14.58719	-60.49667	0	32	2021-10-17T07:07:12
14.58718	-60.49716	0	32	2021-10-17T07:12:10
14.58714	-60.49768	0	32	2021-10-17T07:17:37
14.58719	-60.49814	0	32	2021-10-17T07:22:15
14.58739	-60.49929	0	32	2021-10-17T07:32:13
14.58748	-60.49980	0	32	2021-10-17T07:37:14
14.58757	-60.50031	0	32	2021-10-17T07:42:14
14.58762	-60.50082	0	32	2021-10-17T07:47:15
14.58770	-60.50137	0	32	2021-10-17T07:52:16
14.58785	-60.50192	0	32	2021-10-17T07:57:17
14.58798	-60.50235	0	32	2021-10-17T08:02:17
14.58815	-60.50296	0	32	2021-10-17T08:07:15
14.58828	-60.50357	0	32	2021-10-17T08:12:12
14.58838	-60.50427	0	32	2021-10-17T08:17:39
14.58848	-60.50479	0	32	2021-10-17T08:22:16
14.58856	-60.50534	0	32	2021-10-17T08:27:11
14.58859	-60.50586	0	32	2021-10-17T08:32:15
14.58864	-60.50653	0	32	2021-10-17T08:37:11
14.58868	-60.50696	0	32	2021-10-17T08:42:10
14.58872	-60.50739	0	32	2021-10-17T08:47:10
14.58880	-60.50784	0	32	2021-10-17T08:52:15
14.58886	-60.50827	0	32	2021-10-17T08:57:12
14.58888	-60.50876	0	32	2021-10-17T09:02:08
14.58891	-60.50928	0	32	2021-10-17T09:07:12
14.58890	-60.50980	0	32	2021-10-17T09:12:10
14.58885	-60.51035	0	32	2021-10-17T09:17:27
14.58883	-60.51083	0	32	2021-10-17T09:22:08
14.58874	-60.51123	0	32	2021-10-17T09:27:05
14.58863	-60.51169	0	32	2021-10-17T09:32:06
14.58854	-60.51215	0	32	2021-10-17T09:37:03
14.58836	-60.51282	0	32	2021-10-17T09:42:08
14.58822	-60.51362	0	32	2021-10-17T09:47:01
14.58822	-60.51358	0	32	2021-10-17T09:47:07
14.58801	-60.51431	0	32	2021-10-17T09:52:02
14.58782	-60.51508	0	32	2021-10-17T09:57:03
14.58768	-60.51590	0	32	2021-10-17T10:02:04
14.58743	-60.51675	0	32	2021-10-17T10:07:03
14.58723	-60.51758	0	32	2021-10-17T10:12:05
14.58669	-60.51913	0	32	2021-10-17T10:22:07
14.58636	-60.51997	0	32	2021-10-17T10:27:04
14.58610	-60.52074	0	32	2021-10-17T10:32:04
14.58584	-60.52151	0	32	2021-10-17T10:37:03
14.58557	-60.52236	0	32	2021-10-17T10:42:03
14.58531	-60.52322	0	32	2021-10-17T10:47:04
14.58503	-60.52407	0	32	2021-10-17T10:52:01
14.58482	-60.52493	0	32	2021-10-17T10:57:01
14.58461	-60.52585	0	32	2021-10-17T11:02:03
14.58442	-60.52682	0	32	2021-10-17T11:07:07
14.58426	-60.52771	0	32	2021-10-17T11:12:05
14.58410	-60.52884	0	32	2021-10-17T11:17:25
14.58399	-60.52969	0	32	2021-10-17T11:22:06
14.58391	-60.53052	0	32	2021-10-17T11:27:03
14.58384	-60.53140	0	32	2021-10-17T11:32:03
14.58380	-60.53217	0	32	2021-10-17T11:37:03
14.58375	-60.53299	0	32	2021-10-17T11:42:04
14.58373	-60.53385	0	32	2021-10-17T11:47:02
14.58364	-60.53479	0	32	2021-10-17T11:52:03
14.58357	-60.53577	0	32	2021-10-17T11:57:04
14.58351	-60.53674	0	32	2021-10-17T12:02:02
14.58348	-60.53775	0	32	2021-10-17T12:07:01
14.58348	-60.53879	0	32	2021-10-17T12:12:02
14.58355	-60.53998	0	32	2021-10-17T12:17:00
14.58355	-60.54092	0	32	2021-10-17T12:22:01
14.58362	-60.54199	0	32	2021-10-17T12:27:00
14.58365	-60.54309	0	32	2021-10-17T12:32:02
14.58371	-60.54416	0	32	2021-10-17T12:37:02
14.58377	-60.54533	0	32	2021-10-17T12:42:01
14.58381	-60.54645	0	32	2021-10-17T12:47:01
14.58392	-60.54764	0	32	2021-10-17T12:52:05
14.58402	-60.54886	0	32	2021-10-17T12:57:07
14.58410	-60.55011	0	32	2021-10-17T13:02:03
14.58448	-60.55267	0	32	2021-10-17T13:12:08
14.58465	-60.55404	0	32	2021-10-17T13:17:07
14.58482	-60.55524	0	32	2021-10-17T13:22:07
14.58502	-60.55655	0	32	2021-10-17T13:27:07
14.58523	-60.55789	0	32	2021-10-17T13:32:11
14.58547	-60.55929	0	32	2021-10-17T13:37:08
14.58564	-60.56058	0	32	2021-10-17T13:42:07
14.58587	-60.56189	0	32	2021-10-17T13:47:07
14.58611	-60.56323	0	32	2021-10-17T13:52:08
14.58632	-60.56463	0	32	2021-10-17T13:57:08
14.58658	-60.56592	0	32	2021-10-17T14:02:07
14.58685	-60.56729	0	32	2021-10-17T14:07:07
14.58727	-60.56876	0	32	2021-10-17T14:12:08
14.58768	-60.57019	0	32	2021-10-17T14:17:28
14.58791	-60.57163	0	32	2021-10-17T14:22:08
14.58821	-60.57294	0	32	2021-10-17T14:27:10
14.58859	-60.57437	0	32	2021-10-17T14:32:08
14.58899	-60.57574	0	32	2021-10-17T14:37:05
14.58940	-60.57715	0	32	2021-10-17T14:42:05
14.58980	-60.57858	0	32	2021-10-17T14:47:03
14.59021	-60.57999	0	32	2021-10-17T14:52:02
14.59060	-60.58136	0	32	2021-10-17T14:57:01
14.59098	-60.58276	0	32	2021-10-17T15:02:02
14.59139	-60.58417	0	32	2021-10-17T15:06:59
14.59183	-60.58557	0	32	2021-10-17T15:11:58
14.59243	-60.58715	0	32	2021-10-17T15:16:56
14.59269	-60.58835	0	32	2021-10-17T15:21:57
14.59316	-60.58972	0	32	2021-10-17T15:26:57
14.59367	-60.59106	0	32	2021-10-17T15:31:55
14.59425	-60.59241	0	32	2021-10-17T15:36:55
14.59482	-60.59375	0	32	2021-10-17T15:41:56
14.59541	-60.59506	0	32	2021-10-17T15:46:54
14.59602	-60.59634	0	32	2021-10-17T15:51:57
14.59665	-60.59766	0	32	2021-10-17T15:56:55
14.59733	-60.59899	0	32	2021-10-17T16:01:55
14.59797	-60.60019	0	32	2021-10-17T16:06:54
14.59866	-60.60135	0	32	2021-10-17T16:11:57
14.59947	-60.60266	0	32	2021-10-17T16:17:25
14.60012	-60.60364	0	32	2021-10-17T16:21:50
14.60089	-60.60477	0	32	2021-10-17T16:26:53
14.60168	-60.60587	0	32	2021-10-17T16:31:49
14.60251	-60.60687	0	32	2021-10-17T16:36:46
14.60335	-60.60782	0	32	2021-10-17T16:41:43
14.60416	-60.60869	0	32	2021-10-17T16:46:43
14.60489	-60.60946	0	32	2021-10-17T16:51:42
14.60562	-60.61023	0	32	2021-10-17T16:56:42
14.60636	-60.61099	0	32	2021-10-17T17:01:40
14.60713	-60.61176	0	32	2021-10-17T17:06:41
14.60793	-60.61265	0	32	2021-10-17T17:11:44
14.60877	-60.61337	0	32	2021-10-17T17:17:05
14.60952	-60.61411	0	32	2021-10-17T17:21:43
14.61034	-60.61490	0	32	2021-10-17T17:26:43
14.61112	-60.61572	0	32	2021-10-17T17:31:43
14.61183	-60.61655	0	32	2021-10-17T17:36:44
14.61259	-60.61731	0	32	2021-10-17T17:41:42
14.61335	-60.61815	0	32	2021-10-17T17:46:47
14.61408	-60.61884	0	32	2021-10-17T17:51:47
14.61482	-60.61960	0	32	2021-10-17T17:56:44
14.61553	-60.62033	0	32	2021-10-17T18:01:41
14.61627	-60.62106	0	32	2021-10-17T18:06:45
14.61698	-60.62169	0	32	2021-10-17T18:12:07
14.61780	-60.62238	0	32	2021-10-17T18:17:07
14.61846	-60.62292	0	32	2021-10-17T18:21:41
14.61912	-60.62350	0	32	2021-10-17T18:26:38
14.61979	-60.62411	0	32	2021-10-17T18:31:39
14.62042	-60.62476	0	32	2021-10-17T18:36:39
14.62108	-60.62534	0	32	2021-10-17T18:41:41
14.62173	-60.62592	0	32	2021-10-17T18:46:42
14.62303	-60.62720	0	32	2021-10-17T18:56:43
14.62363	-60.62771	0	32	2021-10-17T19:01:44
14.62427	-60.62814	0	32	2021-10-17T19:06:44
14.62494	-60.62866	0	32	2021-10-17T19:11:42
14.62570	-60.62918	0	32	2021-10-17T19:17:11
14.62635	-60.62961	0	32	2021-10-17T19:21:44
14.62703	-60.63004	0	32	2021-10-17T19:26:41
14.62771	-60.63046	0	32	2021-10-17T19:31:42
14.62847	-60.63095	0	32	2021-10-17T19:36:39
14.62911	-60.63138	0	32	2021-10-17T19:41:40
14.62971	-60.63181	0	32	2021-10-17T19:46:40
14.63033	-60.63235	0	32	2021-10-17T19:51:37
14.63089	-60.63290	0	32	2021-10-17T19:56:34
14.63150	-60.63346	0	32	2021-10-17T20:01:36
14.63201	-60.63397	0	32	2021-10-17T20:06:36
14.63260	-60.63464	0	32	2021-10-17T20:11:36
14.63325	-60.63531	0	32	2021-10-17T20:16:54
14.63378	-60.63603	0	32	2021-10-17T20:21:34
14.63434	-60.63672	0	32	2021-10-17T20:26:34
14.63495	-60.63748	0	32	2021-10-17T20:31:33
14.63551	-60.63828	0	32	2021-10-17T20:36:34
14.63599	-60.63907	0	32	2021-10-17T20:41:31
14.63648	-60.63989	0	32	2021-10-17T20:46:30
14.63691	-60.64075	0	32	2021-10-17T20:51:29
14.63734	-60.64160	0	32	2021-10-17T20:56:29
14.63778	-60.64246	0	32	2021-10-17T21:01:27
14.63821	-60.64334	0	32	2021-10-17T21:06:27
14.63866	-60.64423	0	32	2021-10-17T21:11:28
14.63918	-60.64514	0	32	2021-10-17T21:16:56
14.63954	-60.64603	0	32	2021-10-17T21:21:26
14.63993	-60.64691	0	32	2021-10-17T21:26:30
14.64030	-60.64767	0	32	2021-10-17T21:31:24
14.64057	-60.64865	0	32	2021-10-17T21:36:24
14.64086	-60.64953	0	32	2021-10-17T21:41:22
14.64112	-60.65030	0	32	2021-10-17T21:46:22
14.64134	-60.65103	0	32	2021-10-17T21:51:23
14.64160	-60.65186	0	32	2021-10-17T21:56:25
14.64182	-60.65256	0	32	2021-10-17T22:01:24
14.64205	-60.65323	0	32	2021-10-17T22:06:21
14.64232	-60.65390	0	32	2021-10-17T22:11:22
14.64260	-60.65469	0	32	2021-10-17T22:16:54
14.64284	-60.65527	0	32	2021-10-17T22:21:19
14.64319	-60.65602	0	32	2021-10-17T22:26:13
14.64349	-60.65662	0	32	2021-10-17T22:31:13
14.64383	-60.65729	0	32	2021-10-17T22:36:12
14.64411	-60.65793	0	32	2021-10-17T22:41:13
14.64438	-60.65860	0	32	2021-10-17T22:46:12
14.64461	-60.65927	0	32	2021-10-17T22:51:15
14.64488	-60.65999	0	32	2021-10-17T22:56:08
14.64509	-60.66068	0	32	2021-10-17T23:01:08
14.64532	-60.66138	0	32	2021-10-17T23:06:09
14.64563	-60.66215	0	32	2021-10-17T23:11:26
14.64597	-60.66275	0	32	2021-10-17T23:16:26
14.64616	-60.66336	0	32	2021-10-17T23:21:08
14.64647	-60.66394	0	32	2021-10-17T23:26:05
14.64675	-60.66452	0	32	2021-10-17T23:31:02
14.64707	-60.66517	0	32	2021-10-17T23:36:05
14.64737	-60.66577	0	32	2021-10-17T23:41:04
14.64771	-60.66644	0	32	2021-10-17T23:46:04
14.64810	-60.66713	0	32	2021-10-17T23:51:08
14.64849	-60.66782	0	32	2021-10-17T23:56:07
14.64892	-60.66852	0	32	2021-10-18T00:01:11
14.64940	-60.66922	0	32	2021-10-18T00:06:14
14.64990	-60.66989	0	32	2021-10-18T00:11:13
14.65047	-60.67066	0	32	2021-10-18T00:16:14
14.65090	-60.67126	0	32	2021-10-18T00:21:14
14.65139	-60.67194	0	32	2021-10-18T00:26:15
14.65194	-60.67263	0	32	2021-10-18T00:31:16
14.65237	-60.67323	0	32	2021-10-18T00:36:16
14.65284	-60.67383	0	32	2021-10-18T00:41:15
14.65336	-60.67442	0	32	2021-10-18T00:46:15
14.65387	-60.67493	0	32	2021-10-18T00:51:15
14.65437	-60.67532	0	32	2021-10-18T00:56:13
14.65487	-60.67572	0	32	2021-10-18T01:01:10
14.65542	-60.67609	0	32	2021-10-18T01:06:13
14.65667	-60.67693	0	32	2021-10-18T01:16:09
14.65718	-60.67727	0	32	2021-10-18T01:21:09
14.65774	-60.67761	0	32	2021-10-18T01:26:10
14.65829	-60.67795	0	32	2021-10-18T01:31:10
14.65876	-60.67831	0	32	2021-10-18T01:36:07
14.65923	-60.67862	0	32	2021-10-18T01:41:08
14.65967	-60.67886	0	32	2021-10-18T01:46:05
14.66014	-60.67911	0	32	2021-10-18T01:51:06
14.66059	-60.67929	0	32	2021-10-18T01:56:08
14.66109	-60.67961	0	32	2021-10-18T02:01:12
14.66156	-60.67978	0	32	2021-10-18T02:06:13
14.66203	-60.67999	0	32	2021-10-18T02:11:11
14.66262	-60.68021	0	32	2021-10-18T02:16:37
14.66313	-60.68036	0	32	2021-10-18T02:21:16
14.66376	-60.68064	0	32	2021-10-18T02:26:13
14.66424	-60.68066	0	32	2021-10-18T02:31:13
14.66470	-60.68082	0	32	2021-10-18T02:36:14
14.66515	-60.68094	0	32	2021-10-18T02:41:12
14.66558	-60.68103	0	32	2021-10-18T02:46:12
14.66600	-60.68106	0	32	2021-10-18T02:51:13
14.66644	-60.68112	0	32	2021-10-18T02:56:10
14.66680	-60.68115	0	32	2021-10-18T03:01:11
14.66716	-60.68115	0	32	2021-10-18T03:06:08
14.66756	-60.68115	0	32	2021-10-18T03:11:09
14.66797	-60.68112	0	32	2021-10-18T03:16:26
14.66836	-60.68117	0	32	2021-10-18T03:21:07
14.66875	-60.68126	0	32	2021-10-18T03:26:07
14.66905	-60.68143	0	32	2021-10-18T03:31:08
14.66937	-60.68164	0	32	2021-10-18T03:36:04
14.66977	-60.68185	0	32	2021-10-18T03:41:05
14.67022	-60.68201	0	32	2021-10-18T03:46:06
14.67069	-60.68222	0	32	2021-10-18T03:51:04
14.67118	-60.68237	0	32	2021-10-18T03:56:05
14.67171	-60.68262	0	32	2021-10-18T04:01:06
14.67225	-60.68274	0	32	2021-10-18T04:06:09
14.67280	-60.68289	0	32	2021-10-18T04:11:35
14.67331	-60.68298	0	32	2021-10-18T04:16:35
14.67371	-60.68317	0	32	2021-10-18T04:21:12
14.67421	-60.68343	0	32	2021-10-18T04:26:14
14.67468	-60.68369	0	32	2021-10-18T04:31:15
14.67516	-60.68396	0	32	2021-10-18T04:36:12
14.67564	-60.68427	0	32	2021-10-18T04:41:13
14.67610	-60.68451	0	32	2021-10-18T04:46:12
14.67654	-60.68478	0	32	2021-10-18T04:51:14
14.67700	-60.68518	0	32	2021-10-18T04:56:11
14.67748	-60.68570	0	32	2021-10-18T05:01:16
14.67795	-60.68616	0	32	2021-10-18T05:06:13
14.67850	-60.68655	0	32	2021-10-18T05:11:15
14.67904	-60.68695	0	32	2021-10-18T05:16:38
14.67950	-60.68726	0	32	2021-10-18T05:21:12
14.68001	-60.68756	0	32	2021-10-18T05:26:13
14.68052	-60.68781	0	32	2021-10-18T05:31:10
14.68110	-60.68805	0	32	2021-10-18T05:36:11
14.68165	-60.68823	0	32	2021-10-18T05:41:10
14.68221	-60.68839	0	32	2021-10-18T05:46:11
14.68282	-60.68857	0	32	2021-10-18T05:51:09
14.68338	-60.68866	0	32	2021-10-18T05:56:10
14.68390	-60.68878	0	32	2021-10-18T06:01:07
14.68443	-60.68884	0	32	2021-10-18T06:06:08
14.68499	-60.68872	0	32	2021-10-18T06:11:08
14.68569	-60.68849	0	32	2021-10-18T06:16:09
14.68625	-60.68823	0	32	2021-10-18T06:21:09
14.68686	-60.68799	0	32	2021-10-18T06:26:07
14.68744	-60.68774	0	32	2021-10-18T06:31:09
14.68796	-60.68756	0	32	2021-10-18T06:36:12
14.68847	-60.68744	0	32	2021-10-18T06:41:10
14.68903	-60.68741	0	32	2021-10-18T06:46:11
14.68958	-60.68735	0	32	2021-10-18T06:51:09
14.69004	-60.68735	0	32	2021-10-18T06:56:11
14.69047	-60.68729	0	32	2021-10-18T07:01:10
14.69081	-60.68729	0	32	2021-10-18T07:06:10
14.69116	-60.68716	0	32	2021-10-18T07:11:08
14.69145	-60.68701	0	32	2021-10-18T07:16:24
14.69168	-60.68692	0	32	2021-10-18T07:21:08
14.69196	-60.68683	0	32	2021-10-18T07:26:10
14.69211	-60.68654	0	32	2021-10-18T07:31:08
14.69215	-60.68628	0	32	2021-10-18T07:36:08
14.69214	-60.68580	0	32	2021-10-18T07:41:05
14.69205	-60.68546	0	32	2021-10-18T07:46:06
14.69192	-60.68512	0	32	2021-10-18T07:51:06
14.69186	-60.68475	0	32	2021-10-18T07:56:07
14.69183	-60.68433	0	32	2021-10-18T08:01:05
14.69189	-60.68390	0	32	2021-10-18T08:06:08
14.69194	-60.68344	0	32	2021-10-18T08:11:06
14.69198	-60.68298	0	32	2021-10-18T08:16:25
14.69204	-60.68259	0	32	2021-10-18T08:21:04
14.69208	-60.68207	0	32	2021-10-18T08:26:05
14.69217	-60.68173	0	32	2021-10-18T08:31:05
14.69227	-60.68137	0	32	2021-10-18T08:36:03
14.69244	-60.68100	0	32	2021-10-18T08:41:04
14.69257	-60.68066	0	32	2021-10-18T08:46:03
14.69269	-60.68039	0	32	2021-10-18T08:51:01
14.69280	-60.68015	0	32	2021-10-18T08:56:06
14.69289	-60.67999	0	32	2021-10-18T09:01:06
14.69301	-60.67987	0	32	2021-10-18T09:06:08
14.69312	-60.67981	0	32	2021-10-18T09:16:26
14.69304	-60.67987	0	32	2021-10-18T09:21:07
14.69300	-60.67987	0	32	2021-10-18T09:26:07
14.69291	-60.67987	0	32	2021-10-18T09:31:11
14.69277	-60.67993	0	32	2021-10-18T09:36:10
14.69260	-60.68009	0	32	2021-10-18T09:41:14
14.69243	-60.68018	0	32	2021-10-18T09:46:14
14.69227	-60.68037	0	32	2021-10-18T09:51:15
14.69210	-60.68054	0	32	2021-10-18T09:56:15
14.69184	-60.68079	0	32	2021-10-18T10:01:16
14.69153	-60.68109	0	32	2021-10-18T10:06:14
14.69122	-60.68137	0	32	2021-10-18T10:11:15
14.69086	-60.68164	0	32	2021-10-18T10:16:36
14.69052	-60.68195	0	32	2021-10-18T10:21:14
14.69019	-60.68231	0	32	2021-10-18T10:26:15
14.68978	-60.68265	0	32	2021-10-18T10:31:14
14.68931	-60.68307	0	32	2021-10-18T10:36:14
14.68882	-60.68350	0	32	2021-10-18T10:41:11
14.68833	-60.68396	0	32	2021-10-18T10:46:09
14.68791	-60.68448	0	32	2021-10-18T10:51:10
14.68750	-60.68515	0	32	2021-10-18T10:56:15
14.68711	-60.68585	0	32	2021-10-18T11:01:08
14.68677	-60.68655	0	32	2021-10-18T11:06:09
14.68642	-60.68731	0	32	2021-10-18T11:11:07
14.68612	-60.68791	0	32	2021-10-18T11:16:07
14.68586	-60.68842	0	32	2021-10-18T11:21:08
14.68556	-60.68900	0	32	2021-10-18T11:26:05
14.68527	-60.68958	0	32	2021-10-18T11:31:08
14.68501	-60.69029	0	32	2021-10-18T11:36:10
14.68480	-60.69073	0	32	2021-10-18T11:41:08
14.68459	-60.69131	0	32	2021-10-18T11:46:11
14.68433	-60.69196	0	32	2021-10-18T11:51:09
14.68406	-60.69266	0	32	2021-10-18T11:56:11
14.68381	-60.69339	0	32	2021-10-18T12:01:11
14.68357	-60.69409	0	32	2021-10-18T12:06:12
14.68332	-60.69482	0	32	2021-10-18T12:11:09
14.68307	-60.69565	0	32	2021-10-18T12:16:25
14.68281	-60.69644	0	32	2021-10-18T12:21:17
14.68253	-60.69733	0	32	2021-10-18T12:26:11
14.68196	-60.69921	0	32	2021-10-18T12:36:09
14.68170	-60.70007	0	32	2021-10-18T12:41:09
14.68144	-60.70084	0	32	2021-10-18T12:46:08
14.68110	-60.70166	0	32	2021-10-18T12:51:07
14.68072	-60.70239	0	32	2021-10-18T12:56:08
14.68029	-60.70309	0	32	2021-10-18T13:01:06
14.67991	-60.70377	0	32	2021-10-18T13:06:05
14.67957	-60.70441	0	32	2021-10-18T13:11:03
14.67915	-60.70505	0	32	2021-10-18T13:16:24
14.67874	-60.70557	0	32	2021-10-18T13:21:00
14.67835	-60.70608	0	32	2021-10-18T13:25:55
14.67796	-60.70651	0	32	2021-10-18T13:30:55
14.67756	-60.70694	0	32	2021-10-18T13:35:53
14.67712	-60.70737	0	32	2021-10-18T13:40:53
14.67668	-60.70779	0	32	2021-10-18T13:45:51
14.67625	-60.70813	0	32	2021-10-18T13:50:51
14.67593	-60.70847	0	32	2021-10-18T13:55:51
14.67565	-60.70877	0	32	2021-10-18T14:00:49
14.67531	-60.70910	0	32	2021-10-18T14:05:54
14.67505	-60.70944	0	32	2021-10-18T14:10:55
14.67469	-60.70990	0	32	2021-10-18T14:16:26
14.67438	-60.71033	0	32	2021-10-18T14:20:53
14.67404	-60.71076	0	32	2021-10-18T14:25:53
14.67370	-60.71127	0	32	2021-10-18T14:30:54
14.67343	-60.71179	0	32	2021-10-18T14:35:51
14.67324	-60.71228	0	32	2021-10-18T14:40:52
14.67306	-60.71277	0	32	2021-10-18T14:45:50
14.67290	-60.71329	0	32	2021-10-18T14:50:47
14.67275	-60.71381	0	32	2021-10-18T14:55:47
14.67258	-60.71439	0	32	2021-10-18T15:00:48
14.67242	-60.71501	0	32	2021-10-18T15:05:47
14.67229	-60.71561	0	32	2021-10-18T15:10:46
14.67214	-60.71637	0	32	2021-10-18T15:16:25
14.67199	-60.71692	0	32	2021-10-18T15:20:46
14.67181	-60.71750	0	32	2021-10-18T15:25:45
14.67163	-60.71805	0	32	2021-10-18T15:30:48
14.67146	-60.71860	0	32	2021-10-18T15:35:47
14.67126	-60.71911	0	32	2021-10-18T15:40:50
14.67109	-60.71954	0	32	2021-10-18T15:45:50
14.67094	-60.71997	0	32	2021-10-18T15:50:52
14.67079	-60.72046	0	32	2021-10-18T15:55:49
14.67067	-60.72094	0	32	2021-10-18T16:00:46
14.67058	-60.72128	0	32	2021-10-18T16:05:47
14.67054	-60.72162	0	32	2021-10-18T16:10:47
14.67045	-60.72211	0	32	2021-10-18T16:16:24
14.67040	-60.72247	0	32	2021-10-18T16:20:50
14.67032	-60.72296	0	32	2021-10-18T16:25:47
14.67024	-60.72358	0	32	2021-10-18T16:30:47
14.67020	-60.72409	0	32	2021-10-18T16:35:47
14.67012	-60.72464	0	32	2021-10-18T16:40:45
14.67003	-60.72516	0	32	2021-10-18T16:45:46
14.66994	-60.72574	0	32	2021-10-18T16:50:43
14.66989	-60.72626	0	32	2021-10-18T16:55:45
14.66985	-60.72687	0	32	2021-10-18T17:00:48
14.66977	-60.72748	0	32	2021-10-18T17:05:49
14.66961	-60.72820	0	32	2021-10-18T17:10:50
14.66955	-60.72888	0	32	2021-10-18T17:16:23
14.66948	-60.72949	0	32	2021-10-18T17:20:49
14.66941	-60.73013	0	32	2021-10-18T17:25:49
14.66933	-60.73077	0	32	2021-10-18T17:30:50
14.66922	-60.73139	0	32	2021-10-18T17:35:51
14.66909	-60.73199	0	32	2021-10-18T17:40:51
14.66894	-60.73260	0	32	2021-10-18T17:45:49
14.66882	-60.73327	0	32	2021-10-18T17:50:52
14.66869	-60.73387	0	32	2021-10-18T17:55:51
14.66856	-60.73456	0	32	2021-10-18T18:00:52
14.66837	-60.73529	0	32	2021-10-18T18:05:49
14.66819	-60.73602	0	32	2021-10-18T18:10:49
14.66797	-60.73688	0	32	2021-10-18T18:16:25
14.66785	-60.73767	0	32	2021-10-18T18:20:51
14.66774	-60.73859	0	32	2021-10-18T18:25:49
14.66768	-60.73953	0	32	2021-10-18T18:30:49
14.66764	-60.74048	0	32	2021-10-18T18:35:46
14.66763	-60.74149	0	32	2021-10-18T18:40:46
14.66763	-60.74243	0	32	2021-10-18T18:45:46
14.66768	-60.74344	0	32	2021-10-18T18:50:47
14.66775	-60.74448	0	32	2021-10-18T18:55:45
14.66791	-60.74556	0	32	2021-10-18T19:00:46
14.66800	-60.74659	0	32	2021-10-18T19:05:47
14.66813	-60.74771	0	32	2021-10-18T19:10:47
14.66835	-60.74899	0	32	2021-10-18T19:16:24
14.66849	-60.74997	0	32	2021-10-18T19:20:47
14.66867	-60.75110	0	32	2021-10-18T19:25:47
14.66884	-60.75226	0	32	2021-10-18T19:30:46
14.66929	-60.75459	0	32	2021-10-18T19:40:49
14.66959	-60.75562	0	32	2021-10-18T19:45:49
14.66998	-60.75665	0	32	2021-10-18T19:50:48
14.67039	-60.75769	0	32	2021-10-18T19:55:51
14.67075	-60.75876	0	32	2021-10-18T20:00:53
14.67107	-60.75977	0	32	2021-10-18T20:05:52
14.67143	-60.76071	0	32	2021-10-18T20:10:54
14.67174	-60.76181	0	32	2021-10-18T20:16:25
14.67199	-60.76266	0	32	2021-10-18T20:20:53
14.67231	-60.76358	0	32	2021-10-18T20:25:52
14.67260	-60.76456	0	32	2021-10-18T20:30:53
14.67288	-60.76547	0	32	2021-10-18T20:35:51
14.67327	-60.76644	0	32	2021-10-18T20:40:49
14.67361	-60.76730	0	32	2021-10-18T20:45:49
14.67398	-60.76825	0	32	2021-10-18T20:50:50
14.67437	-60.76917	0	32	2021-10-18T20:55:51
14.67473	-60.77005	0	32	2021-10-18T21:00:48
14.67515	-60.77088	0	32	2021-10-18T21:06:05
14.67549	-60.77157	0	32	2021-10-18T21:11:05
14.67592	-60.77234	0	32	2021-10-18T21:16:06
14.67623	-60.77299	0	32	2021-10-18T21:20:44
14.67662	-60.77368	0	32	2021-10-18T21:25:44
14.67703	-60.77438	0	32	2021-10-18T21:30:44
14.67741	-60.77502	0	32	2021-10-18T21:35:45
14.67782	-60.77576	0	32	2021-10-18T21:40:43
14.67823	-60.77640	0	32	2021-10-18T21:45:44
14.67865	-60.77711	0	32	2021-10-18T21:50:44
14.67904	-60.77771	0	32	2021-10-18T21:55:44
14.67942	-60.77835	0	32	2021-10-18T22:00:42
14.67979	-60.77899	0	32	2021-10-18T22:05:40
14.68016	-60.77966	0	32	2021-10-18T22:10:40
14.68071	-60.78030	0	32	2021-10-18T22:16:05
14.68107	-60.78088	0	32	2021-10-18T22:20:41
14.68160	-60.78150	0	32	2021-10-18T22:25:38
14.68203	-60.78210	0	32	2021-10-18T22:30:37
14.68249	-60.78262	0	32	2021-10-18T22:35:37
14.68297	-60.78317	0	32	2021-10-18T22:40:34
14.68349	-60.78369	0	32	2021-10-18T22:45:35
14.68399	-60.78427	0	32	2021-10-18T22:50:32
14.68449	-60.78479	0	32	2021-10-18T22:55:33
14.68493	-60.78531	0	32	2021-10-18T23:00:30
14.68541	-60.78586	0	32	2021-10-18T23:05:31
14.68582	-60.78638	0	32	2021-10-18T23:10:28
14.68633	-60.78689	0	32	2021-10-18T23:15:32
14.68663	-60.78723	0	32	2021-10-18T23:20:32
14.68698	-60.78760	0	32	2021-10-18T23:25:30
14.68729	-60.78793	0	32	2021-10-18T23:30:27
14.68757	-60.78827	0	32	2021-10-18T23:35:29
14.68779	-60.78856	0	32	2021-10-18T23:40:29
14.68800	-60.78873	0	32	2021-10-18T23:45:29
14.68823	-60.78891	0	32	2021-10-18T23:50:27
14.68839	-60.78912	0	32	2021-10-18T23:55:28
14.68855	-60.78929	0	32	2021-10-19T00:00:28
14.68868	-60.78955	0	32	2021-10-19T00:05:28
14.68881	-60.78979	0	32	2021-10-19T00:10:57
14.68898	-60.79013	0	32	2021-10-19T00:15:58
14.68909	-60.79041	0	32	2021-10-19T00:20:24
14.68915	-60.79068	0	32	2021-10-19T00:25:22
14.68921	-60.79095	0	32	2021-10-19T00:30:22
14.68937	-60.79164	0	32	2021-10-19T00:40:20
14.68941	-60.79190	0	32	2021-10-19T00:45:20
14.68950	-60.79224	0	32	2021-10-19T00:50:19
14.68961	-60.79257	0	32	2021-10-19T00:55:18
14.68972	-60.79291	0	32	2021-10-19T01:00:19
14.68980	-60.79324	0	32	2021-10-19T01:05:20
14.68990	-60.79352	0	32	2021-10-19T01:10:18
14.69006	-60.79391	0	32	2021-10-19T01:15:57
14.68997	-60.79420	0	32	2021-10-19T01:20:19
14.68997	-60.79446	0	32	2021-10-19T01:25:19
14.68994	-60.79477	0	32	2021-10-19T01:30:19
14.68989	-60.79507	0	32	2021-10-19T01:35:19
14.68984	-60.79532	0	32	2021-10-19T01:40:19
14.68974	-60.79550	0	32	2021-10-19T01:45:23
14.68960	-60.79572	0	32	2021-10-19T01:50:20
14.68928	-60.79634	0	32	2021-10-19T01:55:21
14.68907	-60.79651	0	32	2021-10-19T02:00:22
14.68888	-60.79684	0	32	2021-10-19T02:05:25
14.68872	-60.79721	0	32	2021-10-19T02:10:23
14.68859	-60.79773	0	32	2021-10-19T02:15:56
14.68842	-60.79800	0	32	2021-10-19T02:20:21
14.68833	-60.79837	0	32	2021-10-19T02:25:22
14.68822	-60.79875	0	32	2021-10-19T02:30:19
14.68809	-60.79901	0	32	2021-10-19T02:35:19
14.68793	-60.79932	0	32	2021-10-19T02:40:20
14.68777	-60.79965	0	32	2021-10-19T02:45:22
14.68750	-60.79998	0	32	2021-10-19T02:50:26
14.68731	-60.80032	0	32	2021-10-19T02:55:27
14.68703	-60.80066	0	32	2021-10-19T03:00:25
14.68671	-60.80093	0	32	2021-10-19T03:05:25
14.68632	-60.80124	0	32	2021-10-19T03:10:34
14.68582	-60.80133	0	32	2021-10-19T03:15:58
14.68547	-60.80161	0	32	2021-10-19T03:20:24
14.68505	-60.80191	0	32	2021-10-19T03:25:25
14.68464	-60.80225	0	32	2021-10-19T03:30:25
14.68427	-60.80255	0	32	2021-10-19T03:35:23
14.68383	-60.80288	0	32	2021-10-19T03:40:24
14.68340	-60.80331	0	32	2021-10-19T03:45:25
14.68285	-60.80389	0	32	2021-10-19T03:50:26
14.68239	-60.80444	0	32	2021-10-19T03:55:26
14.68198	-60.80496	0	32	2021-10-19T04:00:26
14.68129	-60.80591	0	32	2021-10-19T04:10:28
14.68096	-60.80654	0	32	2021-10-19T04:15:30
14.68066	-60.80688	0	32	2021-10-19T04:20:30
14.68036	-60.80731	0	32	2021-10-19T04:25:31
14.68008	-60.80777	0	32	2021-10-19T04:30:31
14.67986	-60.80835	0	32	2021-10-19T04:35:33
14.67969	-60.80890	0	32	2021-10-19T04:40:31
14.67940	-60.80949	0	32	2021-10-19T04:45:34
14.67923	-60.81000	0	32	2021-10-19T04:50:33
14.67902	-60.81066	0	32	2021-10-19T04:55:33
14.67885	-60.81122	0	32	2021-10-19T05:00:34
14.67872	-60.81186	0	32	2021-10-19T05:05:34
14.67857	-60.81250	0	32	2021-10-19T05:10:35
14.67843	-60.81326	0	32	2021-10-19T05:15:55
14.67826	-60.81381	0	32	2021-10-19T05:20:37
14.67806	-60.81439	0	32	2021-10-19T05:25:38
14.67782	-60.81500	0	32	2021-10-19T05:30:35
14.67761	-60.81558	0	32	2021-10-19T05:35:33
14.67737	-60.81622	0	32	2021-10-19T05:40:35
14.67710	-60.81686	0	32	2021-10-19T05:45:36
14.67681	-60.81760	0	32	2021-10-19T05:50:34
14.67657	-60.81833	0	32	2021-10-19T05:55:35
14.67635	-60.81903	0	32	2021-10-19T06:00:39
14.67615	-60.81964	0	32	2021-10-19T06:05:38
14.67596	-60.82022	0	32	2021-10-19T06:10:38
14.67577	-60.82086	0	32	2021-10-19T06:16:06
14.67559	-60.82144	0	32	2021-10-19T06:20:43
14.67542	-60.82202	0	32	2021-10-19T06:25:45
14.67529	-60.82260	0	32	2021-10-19T06:30:46
14.67517	-60.82318	0	32	2021-10-19T06:35:43
14.67509	-60.82373	0	32	2021-10-19T06:40:44
14.67500	-60.82431	0	32	2021-10-19T06:45:41
14.67496	-60.82486	0	32	2021-10-19T06:50:40
14.67491	-60.82549	0	32	2021-10-19T06:55:38
14.67491	-60.82592	0	32	2021-10-19T07:00:39
14.67482	-60.82626	0	32	2021-10-19T07:05:39
14.67476	-60.82663	0	32	2021-10-19T07:10:37
14.67474	-60.82712	0	32	2021-10-19T07:15:56
14.67478	-60.82755	0	32	2021-10-19T07:20:39
14.67482	-60.82800	0	32	2021-10-19T07:25:36
14.67482	-60.82843	0	32	2021-10-19T07:30:36
14.67488	-60.82889	0	32	2021-10-19T07:35:37
14.67494	-60.82938	0	32	2021-10-19T07:40:35
14.67501	-60.82993	0	32	2021-10-19T07:45:37
14.67513	-60.83044	0	32	2021-10-19T07:50:35
14.67522	-60.83102	0	32	2021-10-19T07:55:36
14.67537	-60.83170	0	32	2021-10-19T08:00:37
14.67552	-60.83240	0	32	2021-10-19T08:05:37
14.67565	-60.83313	0	32	2021-10-19T08:10:39
14.67583	-60.83389	0	32	2021-10-19T08:15:55
14.67593	-60.83444	0	32	2021-10-19T08:20:36
14.67619	-60.83505	0	32	2021-10-19T08:25:38
14.67645	-60.83560	0	32	2021-10-19T08:30:38
14.67669	-60.83624	0	32	2021-10-19T08:35:39
14.67702	-60.83685	0	32	2021-10-19T08:40:37
14.67737	-60.83740	0	32	2021-10-19T08:45:40
14.67781	-60.83789	0	32	2021-10-19T08:50:38
14.67826	-60.83841	0	32	2021-10-19T08:55:40
14.67873	-60.83887	0	32	2021-10-19T09:00:40
14.67925	-60.83929	0	32	2021-10-19T09:05:41
14.67976	-60.83972	0	32	2021-10-19T09:11:06
14.68032	-60.84015	0	32	2021-10-19T09:16:06
14.68076	-60.84056	0	32	2021-10-19T09:20:40
14.68123	-60.84082	0	32	2021-10-19T09:25:40
14.68174	-60.84113	0	32	2021-10-19T09:30:42
14.68224	-60.84137	0	32	2021-10-19T09:35:45
14.68256	-60.84149	0	32	2021-10-19T09:40:43
14.68265	-60.84161	0	32	2021-10-19T09:45:44
14.68267	-60.84171	0	32	2021-10-19T09:50:41
14.68268	-60.84183	0	32	2021-10-19T09:55:39
14.68268	-60.84192	0	32	2021-10-19T10:00:39
14.68265	-60.84207	0	32	2021-10-19T10:05:40
14.68265	-60.84222	0	32	2021-10-19T10:10:37
14.68258	-60.84241	0	32	2021-10-19T10:16:24
14.68254	-60.84253	0	32	2021-10-19T10:20:41
14.68247	-60.84265	0	32	2021-10-19T10:25:40
14.68247	-60.84274	0	32	2021-10-19T10:30:40
14.68240	-60.84287	0	32	2021-10-19T10:35:40
14.68244	-60.84296	0	32	2021-10-19T10:40:39
14.68251	-60.84305	0	32	2021-10-19T10:45:42
14.68242	-60.84314	0	32	2021-10-19T10:50:40
14.68235	-60.84323	0	32	2021-10-19T10:55:40
14.68222	-60.84332	0	32	2021-10-19T11:00:40
14.68207	-60.84344	0	32	2021-10-19T11:05:38
14.68190	-60.84354	0	32	2021-10-19T11:10:39
14.68183	-60.84354	0	32	2021-10-19T11:15:55
14.68164	-60.84367	0	32	2021-10-19T11:20:41
14.68138	-60.84384	0	32	2021-10-19T11:25:41
14.68117	-60.84399	0	32	2021-10-19T11:30:39
14.68087	-60.84421	0	32	2021-10-19T11:35:36
14.68065	-60.84454	0	32	2021-10-19T11:40:37
14.68065	-60.84523	0	32	2021-10-19T11:45:38
14.68069	-60.84549	0	32	2021-10-19T11:50:38
14.68078	-60.84595	0	32	2021-10-19T11:55:39
14.68079	-60.84637	0	32	2021-10-19T12:00:37
14.68064	-60.84674	0	32	2021-10-19T12:05:34
14.68038	-60.84717	0	32	2021-10-19T12:10:54
14.68012	-60.84760	0	32	2021-10-19T12:15:54
14.68006	-60.84796	0	32	2021-10-19T12:20:35
14.68012	-60.84819	0	32	2021-10-19T12:25:36
14.68016	-60.84836	0	32	2021-10-19T12:30:36
14.68012	-60.84851	0	32	2021-10-19T12:35:35
14.67997	-60.84857	0	32	2021-10-19T12:45:39
14.67988	-60.84860	0	32	2021-10-19T12:50:40
14.67971	-60.84857	0	32	2021-10-19T12:55:38
14.67956	-60.84854	0	32	2021-10-19T13:00:39
14.67938	-60.84860	0	32	2021-10-19T13:05:55
14.67920	-60.84854	0	32	2021-10-19T13:10:39
14.67895	-60.84860	0	32	2021-10-19T13:15:54
14.67865	-60.84863	0	32	2021-10-19T13:20:38
14.67833	-60.84872	0	32	2021-10-19T13:25:36
14.67807	-60.84872	0	32	2021-10-19T13:30:36
14.67781	-60.84872	0	32	2021-10-19T13:35:37
14.67751	-60.84882	0	32	2021-10-19T13:40:38
14.67717	-60.84885	0	32	2021-10-19T13:45:38
14.67681	-60.84888	0	32	2021-10-19T13:50:40
14.67644	-60.84882	0	32	2021-10-19T13:55:39
14.67612	-60.84875	0	32	2021-10-19T14:00:41
14.67570	-60.84860	0	32	2021-10-19T14:05:39
14.67540	-60.84851	0	32	2021-10-19T14:10:42
14.67487	-60.84824	0	32	2021-10-19T14:16:07
14.67450	-60.84795	0	32	2021-10-19T14:20:41
14.67403	-60.84769	0	32	2021-10-19T14:25:42
14.67356	-60.84750	0	32	2021-10-19T14:30:43
14.67311	-60.84729	0	32	2021-10-19T14:35:40
14.67276	-60.84708	0	32	2021-10-19T14:40:41
14.67240	-60.84695	0	32	2021-10-19T14:45:38
14.67172	-60.84686	0	32	2021-10-19T14:50:37
14.67125	-60.84686	0	32	2021-10-19T14:55:36
14.67071	-60.84680	0	32	2021-10-19T15:00:37
14.67006	-60.84680	0	32	2021-10-19T15:05:37
14.66955	-60.84680	0	32	2021-10-19T15:10:37
14.66902	-60.84692	0	32	2021-10-19T15:15:57
14.66852	-60.84702	0	32	2021-10-19T15:20:38
14.66812	-60.84711	0	32	2021-10-19T15:25:40
14.66774	-60.84729	0	32	2021-10-19T15:30:38
14.66740	-60.84744	0	32	2021-10-19T15:35:41
14.66713	-60.84771	0	32	2021-10-19T15:40:42
14.66696	-60.84788	0	32	2021-10-19T15:45:41
14.66679	-60.84805	0	32	2021-10-19T15:50:41
14.66665	-60.84831	0	32	2021-10-19T15:55:42
14.66652	-60.84848	0	32	2021-10-19T16:00:42
14.66574	-60.84917	0	32	2021-10-19T16:15:34
14.66541	-60.84924	0	32	2021-10-19T16:20:38
14.66501	-60.84943	0	32	2021-10-19T16:25:34
14.66460	-60.84958	0	32	2021-10-19T16:30:33
14.66432	-60.84973	0	32	2021-10-19T16:35:33
14.66413	-60.84988	0	32	2021-10-19T16:40:37
14.66379	-60.85001	0	32	2021-10-19T16:45:34
14.66349	-60.85010	0	32	2021-10-19T16:50:33
14.66318	-60.85025	0	32	2021-10-19T16:55:32
14.66297	-60.85040	0	32	2021-10-19T17:00:34
14.66284	-60.85049	0	32	2021-10-19T17:05:34
14.66276	-60.85065	0	32	2021-10-19T17:10:35
14.66268	-60.85092	0	32	2021-10-19T17:15:56
14.66254	-60.85119	0	32	2021-10-19T17:20:30
14.66245	-60.85145	0	32	2021-10-19T17:25:30
14.66236	-60.85162	0	32	2021-10-19T17:30:31
14.66228	-60.85181	0	32	2021-10-19T17:35:28
14.66225	-60.85205	0	32	2021-10-19T17:40:29
14.66221	-60.85226	0	32	2021-10-19T17:45:26
14.66219	-60.85248	0	32	2021-10-19T17:50:27
14.66210	-60.85280	0	32	2021-10-19T17:55:21
14.66210	-60.85297	0	32	2021-10-19T18:00:21
14.66210	-60.85306	0	32	2021-10-19T18:05:21
14.66221	-60.85324	0	32	2021-10-19T18:10:22
14.66248	-60.85327	0	32	2021-10-19T18:15:57
14.66283	-60.85370	0	32	2021-10-19T18:25:25
14.66304	-60.85394	0	32	2021-10-19T18:30:22
14.66321	-60.85411	0	32	2021-10-19T18:35:22
14.66334	-60.85428	0	32	2021-10-19T18:40:21
14.66345	-60.85446	0	32	2021-10-19T18:45:20
14.66367	-60.85468	0	32	2021-10-19T18:50:18
14.66393	-60.85495	0	32	2021-10-19T18:55:22
14.66416	-60.85522	0	32	2021-10-19T19:00:22
14.66445	-60.85566	0	32	2021-10-19T19:05:55
14.66471	-60.85592	0	32	2021-10-19T19:10:55
14.66492	-60.85626	0	32	2021-10-19T19:15:54
14.66512	-60.85672	0	32	2021-10-19T19:20:23
14.66549	-60.85706	0	32	2021-10-19T19:25:23
14.66603	-60.85745	0	32	2021-10-19T19:30:23
14.66659	-60.85779	0	32	2021-10-19T19:35:22
14.66737	-60.85818	0	32	2021-10-19T19:40:23
14.66785	-60.85852	0	32	2021-10-19T19:45:22
14.66851	-60.85883	0	32	2021-10-19T19:50:24
14.66918	-60.85910	0	32	2021-10-19T19:55:22
14.66989	-60.85947	0	32	2021-10-19T20:00:25
14.67058	-60.85965	0	32	2021-10-19T20:05:23
14.67134	-60.86033	0	32	2021-10-19T20:10:28
14.67213	-60.86057	0	32	2021-10-19T20:15:56
14.67285	-60.86093	0	32	2021-10-19T20:20:29
14.67366	-60.86139	0	32	2021-10-19T20:25:27
14.67444	-60.86200	0	32	2021-10-19T20:30:28
14.67526	-60.86243	0	32	2021-10-19T20:35:28
14.67606	-60.86301	0	32	2021-10-19T20:40:31
14.67680	-60.86349	0	32	2021-10-19T20:45:32
14.67753	-60.86392	0	32	2021-10-19T20:50:31
14.67824	-60.86429	0	32	2021-10-19T20:55:31
14.67887	-60.86459	0	32	2021-10-19T21:00:32
14.67952	-60.86484	0	32	2021-10-19T21:05:30
14.68012	-60.86502	0	32	2021-10-19T21:10:31
14.68073	-60.86530	0	32	2021-10-19T21:15:57
14.68132	-60.86576	0	32	2021-10-19T21:20:31
14.68175	-60.86602	0	32	2021-10-19T21:25:31
14.68226	-60.86636	0	32	2021-10-19T21:30:30
14.68262	-60.86670	0	32	2021-10-19T21:35:30
14.68294	-60.86725	0	32	2021-10-19T21:40:31
14.68330	-60.86771	0	32	2021-10-19T21:45:28
14.68356	-60.86823	0	32	2021-10-19T21:50:29
14.68391	-60.86856	0	32	2021-10-19T21:55:27
14.68432	-60.86896	0	32	2021-10-19T22:00:27
14.68466	-60.86922	0	32	2021-10-19T22:05:28
14.68509	-60.86948	0	32	2021-10-19T22:10:28
14.68552	-60.86993	0	32	2021-10-19T22:15:54
14.68580	-60.87030	0	32	2021-10-19T22:20:27
14.68621	-60.87081	0	32	2021-10-19T22:25:26
14.68647	-60.87115	0	32	2021-10-19T22:30:25
14.68678	-60.87149	0	32	2021-10-19T22:35:24
14.68704	-60.87183	0	32	2021-10-19T22:40:26
14.68734	-60.87216	0	32	2021-10-19T22:45:24
14.68769	-60.87247	0	32	2021-10-19T22:50:27
14.68857	-60.87340	0	32	2021-10-19T23:00:29
14.68883	-60.87374	0	32	2021-10-19T23:05:29
14.68913	-60.87408	0	32	2021-10-19T23:10:28
14.68955	-60.87457	0	32	2021-10-19T23:15:55
14.68986	-60.87492	0	32	2021-10-19T23:20:30
14.69009	-60.87521	0	32	2021-10-19T23:25:29
14.69042	-60.87552	0	32	2021-10-19T23:30:31
14.69083	-60.87589	0	32	2021-10-19T23:35:32
14.69132	-60.87622	0	32	2021-10-19T23:40:31
14.69175	-60.87653	0	32	2021-10-19T23:45:33
14.69223	-60.87692	0	32	2021-10-19T23:50:31
14.69279	-60.87726	0	32	2021-10-19T23:55:32
14.69337	-60.87762	0	32	2021-10-20T00:00:33
14.69393	-60.87804	0	32	2021-10-20T00:05:56
14.69453	-60.87830	0	32	2021-10-20T00:10:56
14.69504	-60.87881	0	32	2021-10-20T00:15:55
14.69550	-60.87933	0	32	2021-10-20T00:20:29
14.69597	-60.87991	0	32	2021-10-20T00:25:29
14.69643	-60.88058	0	32	2021-10-20T00:30:29
14.69683	-60.88123	0	32	2021-10-20T00:35:30
14.69711	-60.88189	0	32	2021-10-20T00:40:26
14.69728	-60.88232	0	32	2021-10-20T00:45:25
14.69745	-60.88266	0	32	2021-10-20T00:50:25
14.69765	-60.88309	0	32	2021-10-20T00:55:26
14.69781	-60.88348	0	32	2021-10-20T01:00:26
14.69785	-60.88388	0	32	2021-10-20T01:05:20
14.69794	-60.88425	0	32	2021-10-20T01:10:20
14.69803	-60.88473	0	32	2021-10-20T01:15:14
14.69813	-60.88498	0	32	2021-10-20T01:20:20
14.69816	-60.88541	0	32	2021-10-20T01:25:15
14.69821	-60.88588	0	32	2021-10-20T01:30:13
14.69830	-60.88614	0	32	2021-10-20T01:35:13
14.69845	-60.88647	0	32	2021-10-20T01:40:14
14.69864	-60.88681	0	32	2021-10-20T01:45:12
14.69880	-60.88726	0	32	2021-10-20T01:50:15
14.69890	-60.88757	0	32	2021-10-20T01:55:13
14.69919	-60.88803	0	32	2021-10-20T02:00:14
14.69949	-60.88861	0	32	2021-10-20T02:05:12
14.69976	-60.88916	0	32	2021-10-20T02:10:36
14.69993	-60.88959	0	32	2021-10-20T02:15:36
14.70003	-60.88992	0	32	2021-10-20T02:20:10
14.70009	-60.89017	0	32	2021-10-20T02:25:08
14.70014	-60.89038	0	32	2021-10-20T02:30:08
14.70026	-60.89063	0	32	2021-10-20T02:35:05
14.70040	-60.89084	0	32	2021-10-20T02:40:06
14.70054	-60.89105	0	32	2021-10-20T02:45:03
14.70072	-60.89130	0	32	2021-10-20T02:50:02
14.70099	-60.89184	0	32	2021-10-20T03:00:05
14.70103	-60.89227	0	32	2021-10-20T03:05:05
14.70090	-60.89270	0	32	2021-10-20T03:10:04
14.70077	-60.89297	0	32	2021-10-20T03:15:28
14.70072	-60.89328	0	32	2021-10-20T03:20:06
14.70077	-60.89362	0	32	2021-10-20T03:25:06
14.70081	-60.89389	0	32	2021-10-20T03:30:07
14.70090	-60.89423	0	32	2021-10-20T03:35:07
14.70101	-60.89458	0	32	2021-10-20T03:40:04
14.70110	-60.89484	0	32	2021-10-20T03:45:04
14.70128	-60.89514	0	32	2021-10-20T03:50:05
14.70137	-60.89539	0	32	2021-10-20T03:55:07
14.70144	-60.89566	0	32	2021-10-20T04:00:01
14.70151	-60.89597	0	32	2021-10-20T04:05:05
14.70153	-60.89621	0	32	2021-10-20T04:10:05
14.70161	-60.89651	0	32	2021-10-20T04:15:26
14.70166	-60.89667	0	32	2021-10-20T04:20:04
14.70172	-60.89694	0	32	2021-10-20T04:25:03
14.70178	-60.89725	0	32	2021-10-20T04:30:04
14.70187	-60.89758	0	32	2021-10-20T04:35:05
14.70201	-60.89792	0	32	2021-10-20T04:40:03
14.70212	-60.89828	0	32	2021-10-20T04:45:00
14.70215	-60.89862	0	32	2021-10-20T04:50:01
14.70222	-60.89893	0	32	2021-10-20T04:54:58
14.70237	-60.89922	0	32	2021-10-20T04:59:55
14.70246	-60.89948	0	32	2021-10-20T05:04:55
14.70273	-60.89966	0	32	2021-10-20T05:09:54
14.70302	-60.89996	0	32	2021-10-20T05:15:27
14.70329	-60.90021	0	32	2021-10-20T05:19:51
14.70361	-60.90058	0	32	2021-10-20T05:24:44
14.70387	-60.90109	0	32	2021-10-20T05:29:44
14.70414	-60.90155	0	32	2021-10-20T05:34:42
14.70437	-60.90210	0	32	2021-10-20T05:39:43
14.70467	-60.90259	0	32	2021-10-20T05:44:44
14.70495	-60.90289	0	32	2021-10-20T05:49:48
14.70518	-60.90317	0	32	2021-10-20T05:54:49
14.70538	-60.90356	0	32	2021-10-20T05:59:51
14.70555	-60.90402	0	32	2021-10-20T06:04:51
14.70577	-60.90448	0	32	2021-10-20T06:09:52
14.70595	-60.90500	0	32	2021-10-20T06:15:24
14.70611	-60.90540	0	32	2021-10-20T06:19:49
14.70631	-60.90591	0	32	2021-10-20T06:24:47
14.70642	-60.90646	0	32	2021-10-20T06:29:44
14.70659	-60.90689	0	32	2021-10-20T06:34:44
14.70683	-60.90738	0	32	2021-10-20T06:39:45
14.70715	-60.90793	0	32	2021-10-20T06:44:43
14.70744	-60.90854	0	32	2021-10-20T06:49:44
14.70768	-60.90912	0	32	2021-10-20T06:54:47
14.70785	-60.90964	0	32	2021-10-20T06:59:45
14.70798	-60.91013	0	32	2021-10-20T07:04:42
14.70809	-60.91055	0	32	2021-10-20T07:09:45
14.70826	-60.91095	0	32	2021-10-20T07:15:10
14.70852	-60.91119	0	32	2021-10-20T07:19:44
14.70874	-60.91150	0	32	2021-10-20T07:24:41
14.70883	-60.91171	0	32	2021-10-20T07:29:42
14.70890	-60.91205	0	32	2021-10-20T07:34:40
14.70906	-60.91241	0	32	2021-10-20T07:39:39
14.70931	-60.91281	0	32	2021-10-20T07:44:40
14.70952	-60.91309	0	32	2021-10-20T07:49:41
14.70970	-60.91327	0	32	2021-10-20T07:54:39
14.70984	-60.91348	0	32	2021-10-20T07:59:38
14.70996	-60.91373	0	32	2021-10-20T08:04:40
14.71009	-60.91394	0	32	2021-10-20T08:09:37
14.71022	-60.91418	0	32	2021-10-20T08:15:06
14.71032	-60.91431	0	32	2021-10-20T08:19:39
14.71043	-60.91446	0	32	2021-10-20T08:24:36
14.71050	-60.91455	0	32	2021-10-20T08:29:37
14.71049	-60.91464	0	32	2021-10-20T08:34:34
14.71035	-60.91474	0	32	2021-10-20T08:44:33
14.71035	-60.91483	0	32	2021-10-20T08:54:34
14.71035	-60.91479	0	32	2021-10-20T09:09:43
14.71038	-60.91473	0	32	2021-10-20T09:19:42
14.71038	-60.91482	0	32	2021-10-20T09:24:42
14.71038	-60.91473	0	32	2021-10-20T09:29:42
14.71037	-60.91473	0	32	2021-10-20T09:34:39
14.71037	-60.91483	0	32	2021-10-20T09:39:37
14.71026	-60.91476	0	32	2021-10-20T10:05:00
14.71035	-60.91476	0	32	2021-10-20T10:09:59
14.71031	-60.91467	0	32	2021-10-20T10:14:59
14.71031	-60.91470	0	32	2021-10-20T10:19:40
14.71035	-60.91479	0	32	2021-10-20T10:24:40
14.71034	-60.91470	0	32	2021-10-20T10:34:40
14.71030	-60.91461	0	32	2021-10-20T10:39:40
14.71037	-60.91464	0	32	2021-10-20T11:09:38
14.71041	-60.91455	0	32	2021-10-20T11:14:29
14.71041	-60.91446	0	32	2021-10-20T11:24:28
14.71043	-60.91434	0	32	2021-10-20T11:39:35
14.71039	-60.91434	0	32	2021-10-20T11:44:35
14.71039	-60.91452	0	32	2021-10-20T11:49:32
14.71039	-60.91461	0	32	2021-10-20T11:59:31
14.71037	-60.91476	0	32	2021-10-20T12:19:23
14.71039	-60.91483	0	32	2021-10-20T12:24:19
14.71029	-60.91461	0	32	2021-10-20T13:04:19
14.71049	-60.91440	0	32	2021-10-20T13:59:08
14.71045	-60.91431	0	32	2021-10-20T14:04:08
14.71049	-60.91431	0	32	2021-10-20T14:09:07
14.71055	-60.91467	0	32	2021-10-20T14:14:27
14.71043	-60.91480	0	32	2021-10-20T14:44:08
14.71043	-60.91489	0	32	2021-10-20T14:49:08
14.71040	-60.91495	0	32	2021-10-20T15:11:06
14.71040	-60.91486	0	32	2021-10-20T15:16:06
14.71040	-60.91483	0	32	2021-10-20T15:24:14
14.71043	-60.91489	0	32	2021-10-20T15:29:13
14.71044	-60.91489	0	32	2021-10-20T15:44:11
14.71045	-60.91489	0	32	2021-10-20T15:54:13
14.71044	-60.91483	0	32	2021-10-20T16:09:39
14.71048	-60.91492	0	32	2021-10-20T16:14:39
14.71044	-60.91483	0	32	2021-10-20T16:19:39
14.71046	-60.91489	0	32	2021-10-20T16:24:11
14.71051	-60.91470	0	32	2021-10-20T16:49:07
14.71047	-60.91470	0	32	2021-10-20T16:59:08
14.71051	-60.91476	0	32	2021-10-20T17:04:06
14.71064	-60.91467	0	32	2021-10-20T17:09:06
14.71048	-60.91498	0	32	2021-10-20T17:49:06
14.71044	-60.91489	0	32	2021-10-20T17:59:07
14.71043	-60.91489	0	32	2021-10-20T18:04:08
14.71043	-60.91483	0	32	2021-10-20T18:09:12
14.71041	-60.91474	0	32	2021-10-20T18:19:17
14.71041	-60.91483	0	32	2021-10-20T18:29:17
14.71040	-60.91483	0	32	2021-10-20T18:34:16
14.71039	-60.91483	0	32	2021-10-20T18:44:19
14.71040	-60.91486	0	32	2021-10-20T19:09:16
14.71038	-60.91479	0	32	2021-10-20T19:29:07
14.71040	-60.91483	0	32	2021-10-20T19:39:09
14.71036	-60.91474	0	32	2021-10-20T19:44:09
14.71040	-60.91483	0	32	2021-10-20T19:49:08
14.71044	-60.91504	0	32	2021-10-20T19:54:10
14.71043	-60.91469	0	32	2021-10-20T20:14:24
14.71043	-60.91495	0	32	2021-10-20T20:19:24
14.71040	-60.91495	0	32	2021-10-20T20:34:00
14.71040	-60.91477	0	32	2021-10-20T20:48:57
14.71040	-60.91486	0	32	2021-10-20T20:53:56
14.71040	-60.91495	0	32	2021-10-20T20:58:56
14.71044	-60.91495	0	32	2021-10-20T21:03:57
14.71043	-60.91489	0	32	2021-10-20T21:19:30
14.71041	-60.91489	0	32	2021-10-20T21:39:00
14.71043	-60.91492	0	32	2021-10-20T21:44:00
14.71041	-60.91486	0	32	2021-10-20T21:54:04
14.71045	-60.91495	0	32	2021-10-20T21:59:03
14.71039	-60.91489	0	32	2021-10-20T22:04:07
14.71040	-60.91486	0	32	2021-10-20T22:14:04
14.71040	-60.91477	0	32	2021-10-20T22:19:04
14.71044	-60.91486	0	32	2021-10-20T22:24:03
14.70996	-60.91403	0	32	2021-10-20T22:29:07
14.71039	-60.91473	0	32	2021-10-20T22:39:01
14.71040	-60.91473	0	32	2021-10-20T22:44:02
14.71046	-60.91473	0	32	2021-10-20T23:09:10
14.71043	-60.91461	0	32	2021-10-20T23:14:31
14.71047	-60.91461	0	32	2021-10-20T23:19:31
14.71045	-60.91467	0	32	2021-10-20T23:24:08
14.71041	-60.91473	0	32	2021-10-20T23:29:06
14.71038	-60.91461	0	32	2021-10-20T23:49:10
14.71037	-60.91467	0	32	2021-10-20T23:54:11
14.71046	-60.91490	0	32	2021-10-20T23:59:07
14.71037	-60.91464	0	32	2021-10-21T00:04:08
14.71035	-60.91477	0	32	2021-10-21T00:24:04
14.71039	-60.91486	0	32	2021-10-21T00:29:05
14.71036	-60.91480	0	32	2021-10-21T00:38:59
14.71045	-60.91489	0	32	2021-10-21T00:43:59
14.71041	-60.91489	0	32	2021-10-21T00:48:59
14.71042	-60.91479	0	32	2021-10-21T00:59:03
14.71051	-60.91488	0	32	2021-10-21T01:04:03
14.71068	-60.91479	0	32	2021-10-21T01:09:04
14.71043	-60.91483	0	32	2021-10-21T01:33:57
14.71044	-60.91486	0	32	2021-10-21T01:38:58
14.71041	-60.91480	0	32	2021-10-21T02:03:55
14.71041	-60.91489	0	32	2021-10-21T02:13:56
14.71040	-60.91479	0	32	2021-10-21T02:18:53
14.71039	-60.91486	0	32	2021-10-21T02:38:52
14.71041	-60.91489	0	32	2021-10-21T02:43:50
14.71039	-60.91483	0	32	2021-10-21T02:48:47
14.71041	-60.91489	0	32	2021-10-21T02:53:50
14.71045	-60.91495	0	32	2021-10-21T03:18:45
14.71038	-60.91486	0	32	2021-10-21T03:53:43
14.71036	-60.91489	0	32	2021-10-21T03:58:44
14.71039	-60.91489	0	32	2021-10-21T04:23:55
14.71040	-60.91483	0	32	2021-10-21T04:43:39
14.71036	-60.91483	0	32	2021-10-21T04:48:39
14.71035	-60.91483	0	32	2021-10-21T04:53:40
14.71036	-60.91483	0	32	2021-10-21T05:03:36
14.71038	-60.91492	0	32	2021-10-21T05:28:39
14.71037	-60.91489	0	32	2021-10-21T05:33:36
14.71038	-60.91489	0	32	2021-10-21T05:43:34
14.71036	-60.91489	0	32	2021-10-21T06:08:30
14.71034	-60.91489	0	32	2021-10-21T06:13:28
14.71037	-60.91489	0	32	2021-10-21T06:24:04
14.71040	-60.91476	0	32	2021-10-21T06:43:28
14.71041	-60.91483	0	32	2021-10-21T06:48:26
14.71040	-60.91476	0	32	2021-10-21T06:53:27
14.71038	-60.91483	0	32	2021-10-21T07:38:27
14.71036	-60.91476	0	32	2021-10-21T07:53:24
14.71036	-60.91479	0	32	2021-10-21T07:58:21
14.71037	-60.91479	0	32	2021-10-21T08:08:28
14.71037	-60.91470	0	32	2021-10-21T08:13:28
14.71037	-60.91479	0	32	2021-10-21T08:18:28
14.71038	-60.91492	0	32	2021-10-21T08:23:19
14.71042	-60.91492	0	32	2021-10-21T08:28:20
14.71038	-60.91492	0	32	2021-10-21T08:33:20
14.71038	-60.91489	0	32	2021-10-21T08:38:18
14.71043	-60.91489	0	32	2021-10-21T08:43:19
14.71041	-60.91485	0	32	2021-10-21T08:48:24
14.71037	-60.91485	0	32	2021-10-21T08:53:24
14.71041	-60.91476	0	32	2021-10-21T08:58:25
14.71041	-60.91489	0	32	2021-10-21T09:03:19
14.71039	-60.91495	0	32	2021-10-21T09:38:16
14.71027	-60.91476	0	32	2021-10-21T10:03:17
14.71039	-60.91483	0	32	2021-10-21T10:13:17
14.71035	-60.91479	0	32	2021-10-21T10:23:15
14.71031	-60.91479	0	32	2021-10-21T10:28:14
14.71032	-60.91473	0	32	2021-10-21T10:43:12
14.71040	-60.91479	0	32	2021-10-21T10:48:12
14.71037	-60.91478	0	32	2021-10-21T11:03:14
14.71037	-60.91452	0	32	2021-10-21T11:08:13
14.71040	-60.91464	0	32	2021-10-21T11:13:13
14.71040	-60.91469	0	32	2021-10-21T11:18:41
14.71040	-60.91452	0	32	2021-10-21T11:23:42
14.71039	-60.91443	0	32	2021-10-21T11:28:08
14.71038	-60.91458	0	32	2021-10-21T11:38:05
14.71034	-60.91458	0	32	2021-10-21T11:43:04
14.71034	-60.91467	0	32	2021-10-21T11:48:04
14.71039	-60.91473	0	32	2021-10-21T11:53:05
14.71046	-60.91479	0	32	2021-10-21T12:13:08
14.71047	-60.91483	0	32	2021-10-21T12:23:10
14.71043	-60.91483	0	32	2021-10-21T12:33:09
14.71043	-60.91486	0	32	2021-10-21T12:43:10
14.71047	-60.91486	0	32	2021-10-21T12:53:11
14.71044	-60.91476	0	32	2021-10-21T13:28:13
14.71048	-60.91467	0	32	2021-10-21T13:33:14
14.71039	-60.91467	0	32	2021-10-21T13:38:14
14.71045	-60.91458	0	32	2021-10-21T13:43:08
14.71043	-60.91467	0	32	2021-10-21T13:48:05
14.71047	-60.91458	0	32	2021-10-21T13:53:05
14.71043	-60.91458	0	32	2021-10-21T13:58:04
14.71044	-60.91461	0	32	2021-10-21T14:03:04
14.71045	-60.91464	0	32	2021-10-21T14:13:02
14.71046	-60.91449	0	32	2021-10-21T14:17:59
14.71040	-60.91467	0	32	2021-10-21T14:37:58
14.71043	-60.91473	0	32	2021-10-21T14:42:58
14.71058	-60.91466	0	32	2021-10-21T14:47:59
14.71060	-60.91449	0	32	2021-10-21T14:52:57
14.71058	-60.91458	0	32	2021-10-21T14:57:58
14.71043	-60.91492	0	32	2021-10-21T15:12:57
14.71043	-60.91483	0	32	2021-10-21T15:17:58
14.71044	-60.91495	0	32	2021-10-21T15:23:33
14.71048	-60.91495	0	32	2021-10-21T15:42:53
14.71048	-60.91504	0	32	2021-10-21T15:47:52
14.71052	-60.91492	0	32	2021-10-21T16:17:48
14.71052	-60.91501	0	32	2021-10-21T16:22:48
14.71056	-60.91501	0	32	2021-10-21T16:27:47
14.71063	-60.91489	0	32	2021-10-21T16:32:47
14.71056	-60.91486	0	32	2021-10-21T16:47:43
14.71055	-60.91479	0	32	2021-10-21T16:52:46
14.71055	-60.91473	0	32	2021-10-21T17:02:45
14.71054	-60.91464	0	32	2021-10-21T17:07:46
14.71046	-60.91483	0	32	2021-10-21T17:32:45
14.71046	-60.91486	0	32	2021-10-21T17:37:46
14.71045	-60.91486	0	32	2021-10-21T17:47:45
14.71050	-60.91486	0	32	2021-10-21T18:07:41
14.71050	-60.91495	0	32	2021-10-21T18:12:41
14.71041	-60.91483	0	32	2021-10-21T19:07:36
14.71043	-60.91489	0	32	2021-10-21T19:17:33
14.71048	-60.91470	0	32	2021-10-21T19:57:39
14.71048	-60.91479	0	32	2021-10-21T20:02:38
14.71051	-60.91486	0	32	2021-10-21T20:12:41
14.71047	-60.91469	0	32	2021-10-21T20:17:40
14.71047	-60.91495	0	32	2021-10-21T20:22:41
14.71047	-60.91467	0	32	2021-10-21T20:37:43
14.71041	-60.91476	0	32	2021-10-21T20:42:44
14.71046	-60.91489	0	32	2021-10-21T21:02:50
14.71045	-60.91483	0	32	2021-10-21T21:07:48
14.71041	-60.91492	0	32	2021-10-21T22:02:54
14.71041	-60.91483	0	32	2021-10-21T22:07:54
14.71036	-60.91476	0	32	2021-10-21T22:22:52
14.71036	-60.91467	0	32	2021-10-21T22:27:51
14.71032	-60.91467	0	32	2021-10-21T22:32:51
14.71041	-60.91470	0	32	2021-10-21T22:43:47
14.71037	-60.91470	0	32	2021-10-21T22:53:48
14.71040	-60.91491	0	32	2021-10-21T23:02:52
14.71057	-60.91474	0	32	2021-10-21T23:07:53
14.71048	-60.91483	0	32	2021-10-21T23:12:53
14.71052	-60.91476	0	32	2021-10-21T23:27:56
14.71046	-60.91470	0	32	2021-10-21T23:32:57
14.71044	-60.91482	0	32	2021-10-21T23:44:05
14.71044	-60.91473	0	32	2021-10-21T23:49:06
14.71035	-60.91473	0	32	2021-10-21T23:54:06
14.71034	-60.91473	0	32	2021-10-22T00:07:56
14.71032	-60.91461	0	32	2021-10-22T00:27:56
14.71036	-60.91461	0	32	2021-10-22T00:32:56
14.71031	-60.91458	0	32	2021-10-22T00:47:55
14.71027	-60.91449	0	32	2021-10-22T00:52:55
14.71031	-60.91458	0	32	2021-10-22T00:57:55
14.71041	-60.91476	0	32	2021-10-22T01:33:01
14.71037	-60.91467	0	32	2021-10-22T01:38:00
14.71037	-60.91457	0	32	2021-10-22T01:58:11
14.71046	-60.91431	0	32	2021-10-22T02:03:11
14.71036	-60.91446	0	32	2021-10-22T02:08:13
14.71040	-60.91446	0	32	2021-10-22T02:13:13
14.71044	-60.91446	0	32	2021-10-22T02:18:14
14.71053	-60.91486	0	32	2021-10-22T02:23:10
14.71043	-60.91479	0	32	2021-10-22T02:28:13
14.71043	-60.91488	0	32	2021-10-22T02:33:13
14.71039	-60.91479	0	32	2021-10-22T02:38:14
14.71048	-60.91495	0	32	2021-10-22T02:43:23
14.71045	-60.91489	0	32	2021-10-22T03:13:04
14.71054	-60.91498	0	32	2021-10-22T03:18:05
14.71050	-60.91489	0	32	2021-10-22T03:23:05
14.71051	-60.91480	0	32	2021-10-22T03:48:30
14.71047	-60.91489	0	32	2021-10-22T03:53:31
14.71034	-60.91483	0	32	2021-10-22T04:18:00
14.71034	-60.91474	0	32	2021-10-22T04:23:01
14.71034	-60.91483	0	32	2021-10-22T04:28:01
14.71035	-60.91476	0	32	2021-10-22T04:33:02
14.71036	-60.91480	0	32	2021-10-22T04:48:36
14.71036	-60.91489	0	32	2021-10-22T04:53:36
14.71035	-60.91483	0	32	2021-10-22T05:12:58
14.71032	-60.91489	0	32	2021-10-22T05:27:55
14.71041	-60.91480	0	32	2021-10-22T05:32:54
14.71037	-60.91489	0	32	2021-10-22T05:37:55
14.71036	-60.91479	0	32	2021-10-22T05:48:03
14.71037	-60.91483	0	32	2021-10-22T06:12:53
14.71035	-60.91489	0	32	2021-10-22T06:32:45
14.71048	-60.91489	0	32	2021-10-22T06:37:45
14.71049	-60.91495	0	32	2021-10-22T06:42:46
14.71046	-60.91477	0	32	2021-10-22T07:12:55
14.71042	-60.91477	0	32	2021-10-22T07:17:56
14.71059	-60.91486	0	32	2021-10-22T07:22:56
14.71047	-60.91479	0	32	2021-10-22T07:37:47
14.71038	-60.91470	0	32	2021-10-22T07:47:46
14.71049	-60.91483	0	32	2021-10-22T07:52:51
14.71053	-60.91483	0	32	2021-10-22T07:57:51
14.71036	-60.91476	0	32	2021-10-22T08:02:52
14.71037	-60.91478	0	32	2021-10-22T08:13:02
14.71037	-60.91469	0	32	2021-10-22T08:18:02
14.71037	-60.91495	0	32	2021-10-22T08:23:02
14.71037	-60.91473	0	32	2021-10-22T08:27:52
14.71044	-60.91483	0	32	2021-10-22T08:32:50
14.71044	-60.91474	0	32	2021-10-22T08:37:50
14.71044	-60.91483	0	32	2021-10-22T08:42:49
14.71041	-60.91471	0	32	2021-10-22T08:47:51
14.71045	-60.91480	0	32	2021-10-22T08:52:50
14.71041	-60.91489	0	32	2021-10-22T08:57:50
14.71040	-60.91510	0	32	2021-10-22T09:03:05
14.71043	-60.91473	0	32	2021-10-22T09:17:50
14.71039	-60.91473	0	32	2021-10-22T09:27:49
14.71048	-60.91489	0	32	2021-10-22T09:57:59
14.71043	-60.91486	0	32	2021-10-22T10:02:54
14.71048	-60.91486	0	32	2021-10-22T10:07:54
14.71047	-60.91495	0	32	2021-10-22T10:12:55
14.71046	-60.91489	0	32	2021-10-22T10:37:49
14.71031	-60.91466	0	32	2021-10-22T10:42:53
14.71044	-60.91489	0	32	2021-10-22T10:47:49
14.71036	-60.91483	0	32	2021-10-22T10:52:54
14.71045	-60.91457	0	32	2021-10-22T11:07:49
14.71049	-60.91457	0	32	2021-10-22T11:12:49
14.71032	-60.91431	0	32	2021-10-22T11:17:48
14.71042	-60.91467	0	32	2021-10-22T11:22:52
14.71044	-60.91452	0	32	2021-10-22T11:27:49
14.71046	-60.91467	0	32	2021-10-22T11:32:53
14.71041	-60.91489	0	32	2021-10-22T11:52:53
14.71046	-60.91479	0	32	2021-10-22T11:57:53
14.71049	-60.91492	0	32	2021-10-22T12:12:52
14.71039	-60.91485	0	32	2021-10-22T12:52:45
14.71039	-60.91476	0	32	2021-10-22T12:57:45
14.71030	-60.91467	0	32	2021-10-22T13:02:46
14.71018	-60.91476	0	32	2021-10-22T13:32:47
14.71022	-60.91476	0	32	2021-10-22T13:37:48
14.71039	-60.91467	0	32	2021-10-22T13:42:48
14.71038	-60.91479	0	32	2021-10-22T13:47:46
14.71043	-60.91429	0	32	2021-10-22T13:52:47
14.71030	-60.91480	0	32	2021-10-22T13:57:47
14.71043	-60.91437	0	32	2021-10-22T14:02:47
14.71050	-60.91452	0	32	2021-10-22T14:07:46
14.71039	-60.91412	0	32	2021-10-22T14:13:21
14.71052	-60.91438	0	32	2021-10-22T14:18:22
14.71056	-60.91455	0	32	2021-10-22T14:23:22
14.71062	-60.91461	0	32	2021-10-22T14:32:37
14.71062	-60.91470	0	32	2021-10-22T14:37:36
14.71071	-60.91461	0	32	2021-10-22T14:42:36
14.71069	-60.91449	0	32	2021-10-22T14:47:37
14.71065	-60.91467	0	32	2021-10-22T14:57:38
14.71065	-60.91483	0	32	2021-10-22T15:03:11
14.71065	-60.91492	0	32	2021-10-22T15:08:11
14.71039	-60.91483	0	32	2021-10-22T15:13:12
14.71047	-60.91469	0	32	2021-10-22T15:17:46
14.71043	-60.91495	0	32	2021-10-22T15:22:46
14.71047	-60.91495	0	32	2021-10-22T15:27:45
14.71054	-60.91495	0	32	2021-10-22T15:42:49
14.71050	-60.91495	0	32	2021-10-22T15:52:48
14.71052	-60.91501	0	32	2021-10-22T16:02:41
14.71059	-60.91498	0	32	2021-10-22T16:27:35
14.71055	-60.91498	0	32	2021-10-22T16:32:36
14.71051	-60.91498	0	32	2021-10-22T16:37:36
14.71049	-60.91501	0	32	2021-10-22T16:42:33
14.71049	-60.91492	0	32	2021-10-22T16:52:32
14.71039	-60.91470	0	32	2021-10-22T17:07:26
14.71048	-60.91479	0	32	2021-10-22T17:12:26
14.71039	-60.91470	0	32	2021-10-22T17:17:25
14.71053	-60.91483	0	32	2021-10-22T18:12:29
14.71043	-60.91486	0	32	2021-10-22T18:42:18
14.71030	-60.91486	0	32	2021-10-22T18:47:17
14.71043	-60.91486	0	32	2021-10-22T18:52:17
14.71043	-60.91483	0	32	2021-10-22T19:17:52
14.71047	-60.91483	0	32	2021-10-22T19:22:53
14.71041	-60.91483	0	32	2021-10-22T19:27:12
14.71046	-60.91500	0	32	2021-10-22T19:37:10
14.71046	-60.91474	0	32	2021-10-22T19:42:10
14.71046	-60.91483	0	32	2021-10-22T19:47:10
14.71039	-60.91461	0	32	2021-10-22T19:52:09
14.71045	-60.91492	0	32	2021-10-22T19:57:13
14.71041	-60.91466	0	32	2021-10-22T20:02:13
14.71041	-60.91492	0	32	2021-10-22T20:07:13
14.71023	-60.91470	0	32	2021-10-22T21:47:19
14.71036	-60.91479	0	32	2021-10-22T21:52:18
14.71032	-60.91479	0	32	2021-10-22T21:57:18
14.71032	-60.91473	0	32	2021-10-22T22:02:23
14.71043	-60.91486	0	32	2021-10-22T22:12:19
14.71047	-60.91486	0	32	2021-10-22T22:17:18
14.71039	-60.91488	0	32	2021-10-22T22:32:19
14.71039	-60.91479	0	32	2021-10-22T22:37:18
14.71038	-60.91492	0	32	2021-10-22T22:47:23
14.71038	-60.91483	0	32	2021-10-22T22:57:23
14.71047	-60.91467	0	32	2021-10-22T23:17:28
14.71039	-60.91464	0	32	2021-10-22T23:47:38
14.71035	-60.91464	0	32	2021-10-22T23:57:39
14.71036	-60.91456	0	32	2021-10-23T00:12:25
14.71036	-60.91447	0	32	2021-10-23T00:17:24
14.71036	-60.91473	0	32	2021-10-23T00:22:24
14.71033	-60.91463	0	32	2021-10-23T00:27:25
14.71033	-60.91472	0	32	2021-10-23T00:32:25
14.71029	-60.91455	0	32	2021-10-23T00:37:26
14.71055	-60.91483	0	32	2021-10-23T01:02:30
14.71045	-60.91483	0	32	2021-10-23T01:07:27
14.71038	-60.91481	0	32	2021-10-23T01:42:10
14.71038	-60.91464	0	32	2021-10-23T01:47:10
14.71032	-60.91467	0	32	2021-10-23T02:02:06
14.71036	-60.91467	0	32	2021-10-23T02:12:05
14.71053	-60.91489	0	32	2021-10-23T03:17:14
14.71044	-60.91489	0	32	2021-10-23T03:22:13
14.71044	-60.91498	0	32	2021-10-23T03:27:13
14.71039	-60.91489	0	32	2021-10-23T03:47:15
14.71035	-60.91480	0	32	2021-10-23T03:52:14
14.71039	-60.91489	0	32	2021-10-23T03:57:14
14.71035	-60.91476	0	32	2021-10-23T04:02:16
14.71039	-60.91476	0	32	2021-10-23T04:22:13
14.71036	-60.91483	0	32	2021-10-23T04:37:12
14.71041	-60.91486	0	32	2021-10-23T04:42:10
14.71038	-60.91489	0	32	2021-10-23T05:12:01
14.71034	-60.91479	0	32	2021-10-23T05:52:03
14.71038	-60.91483	0	32	2021-10-23T06:17:04
14.71032	-60.91483	0	32	2021-10-23T06:32:01
14.71047	-60.91473	0	32	2021-10-23T07:01:57
14.71048	-60.91483	0	32	2021-10-23T07:06:57
14.71043	-60.91473	0	32	2021-10-23T07:11:57
14.71035	-60.91472	0	32	2021-10-23T07:16:57
14.71046	-60.91483	0	32	2021-10-23T07:21:55
14.71040	-60.91464	0	32	2021-10-23T07:26:56
14.71046	-60.91483	0	32	2021-10-23T07:32:00
14.71055	-60.91481	0	32	2021-10-23T07:41:55
14.71051	-60.91490	0	32	2021-10-23T07:46:55
14.71051	-60.91473	0	32	2021-10-23T07:51:54
14.71036	-60.91472	0	32	2021-10-23T07:56:54
14.71040	-60.91489	0	32	2021-10-23T08:01:55
14.71040	-60.91473	0	32	2021-10-23T08:26:51
14.71043	-60.91483	0	32	2021-10-23T09:31:44
14.71039	-60.91483	0	32	2021-10-23T09:36:44
14.71041	-60.91479	0	32	2021-10-23T09:41:40
14.71054	-60.91486	0	32	2021-10-23T09:46:45
14.71043	-60.91479	0	32	2021-10-23T09:51:42
14.71047	-60.91479	0	32	2021-10-23T10:01:41
14.71043	-60.91486	0	32	2021-10-23T10:11:38
14.71039	-60.91492	0	32	2021-10-23T10:16:39
14.71052	-60.91486	0	32	2021-10-23T10:21:37
14.71033	-60.91461	0	32	2021-10-23T12:41:32
14.71029	-60.91461	0	32	2021-10-23T12:51:31
14.71031	-60.91473	0	32	2021-10-23T13:01:32
14.71035	-60.91473	0	32	2021-10-23T13:11:31
14.71047	-60.91449	0	32	2021-10-23T13:36:24
14.71047	-60.91440	0	32	2021-10-23T13:41:24
14.71051	-60.91440	0	32	2021-10-23T13:46:25
14.71044	-60.91437	0	32	2021-10-23T13:51:25
14.71093	-60.91402	0	32	2021-10-23T14:56:56
14.71054	-60.91385	0	32	2021-10-23T15:01:57
14.71041	-60.91479	0	32	2021-10-23T15:06:57
14.71038	-60.91477	0	32	2021-10-23T15:51:41
14.71047	-60.91489	0	32	2021-10-23T15:57:03
14.71047	-60.91486	0	32	2021-10-23T16:01:40
14.71048	-60.91489	0	32	2021-10-23T16:36:38
14.71050	-60.91486	0	32	2021-10-23T16:41:35
14.71052	-60.91492	0	32	2021-10-23T16:51:30
14.71043	-60.91483	0	32	2021-10-23T17:01:31
14.71050	-60.91495	0	32	2021-10-23T17:41:22
14.71045	-60.91489	0	32	2021-10-23T18:21:19
14.71053	-60.91495	0	32	2021-10-23T18:36:21
14.71041	-60.91495	0	32	2021-10-23T19:01:25
14.71045	-60.91495	0	32	2021-10-23T19:11:25
14.71056	-60.91510	0	32	2021-10-23T19:31:26
14.71047	-60.91490	0	32	2021-10-23T19:41:40
14.71038	-60.91464	0	32	2021-10-23T19:46:40
14.71047	-60.91498	0	32	2021-10-23T19:51:40
14.71040	-60.91479	0	32	2021-10-23T19:57:02
14.71048	-60.91458	0	32	2021-10-23T20:01:30
14.71039	-60.91467	0	32	2021-10-23T20:06:29
14.71038	-60.91483	0	32	2021-10-23T21:26:22
14.71045	-60.91490	0	32	2021-10-23T22:11:27
14.71028	-60.91464	0	32	2021-10-23T22:16:28
14.71032	-60.91473	0	32	2021-10-23T22:21:28
14.71048	-60.91483	0	32	2021-10-23T22:31:26
14.71044	-60.91483	0	32	2021-10-23T22:41:27
14.71045	-60.91473	0	32	2021-10-23T22:46:28
14.71036	-60.91483	0	32	2021-10-23T22:51:23
14.71040	-60.91483	0	32	2021-10-23T22:56:23
14.71036	-60.91483	0	32	2021-10-23T23:01:24
14.71044	-60.91486	0	32	2021-10-23T23:16:30
14.71040	-60.91495	0	32	2021-10-23T23:21:30
14.71044	-60.91486	0	32	2021-10-23T23:26:29
14.71033	-60.91484	0	32	2021-10-23T23:31:33
14.71037	-60.91467	0	32	2021-10-23T23:36:34
14.71036	-60.91473	0	32	2021-10-24T00:21:30
14.71040	-60.91482	0	32	2021-10-24T00:26:30
14.71036	-60.91473	0	32	2021-10-24T00:31:30
14.71029	-60.91464	0	32	2021-10-24T00:36:25
14.71038	-60.91479	0	32	2021-10-24T00:56:54
14.71030	-60.91473	0	32	2021-10-24T01:13:48
14.71040	-60.91489	0	32	2021-10-24T01:16:24
14.71029	-60.91470	0	32	2021-10-24T01:26:29
14.71041	-60.91467	0	32	2021-10-24T01:31:26
14.71034	-60.91470	0	32	2021-10-24T01:36:30
14.71046	-60.91452	0	32	2021-10-24T01:46:33
14.71035	-60.91449	0	32	2021-10-24T02:01:32
14.71039	-60.91458	0	32	2021-10-24T02:06:32
14.71039	-60.91449	0	32	2021-10-24T02:11:33
14.71030	-60.91452	0	32	2021-10-24T02:18:15
14.71037	-60.91446	0	32	2021-10-24T02:26:34
14.71041	-60.91483	0	32	2021-10-24T04:01:44
14.71041	-60.91461	0	32	2021-10-24T04:06:45
14.71038	-60.91489	0	32	2021-10-24T04:41:39
14.71031	-60.91475	0	32	2021-10-24T06:46:30
14.71027	-60.91475	0	32	2021-10-24T06:51:30
14.71048	-60.91492	0	32	2021-10-24T06:56:29
14.71038	-60.91474	0	32	2021-10-24T07:06:22
14.71048	-60.91476	0	32	2021-10-24T07:11:25
14.71047	-60.91492	0	32	2021-10-24T07:16:21
14.71036	-60.91486	0	32	2021-10-24T07:46:21
14.71036	-60.91477	0	32	2021-10-24T07:51:21
14.71040	-60.91486	0	32	2021-10-24T07:56:20
14.71036	-60.91470	0	32	2021-10-24T08:11:24
14.71040	-60.91492	0	32	2021-10-24T08:51:27
14.71040	-60.91483	0	32	2021-10-24T08:56:26
14.71036	-60.91483	0	32	2021-10-24T09:01:26
14.71045	-60.91483	0	32	2021-10-24T09:06:27
14.71046	-60.91479	0	32	2021-10-24T09:26:26
14.71052	-60.91486	0	32	2021-10-24T09:31:21
14.71043	-60.91477	0	32	2021-10-24T09:36:21
14.71056	-60.91486	0	32	2021-10-24T09:41:22
14.71046	-60.91483	0	32	2021-10-24T09:46:22
14.71048	-60.91483	0	32	2021-10-24T09:56:17
14.71061	-60.91492	0	32	2021-10-24T10:01:17
14.71065	-60.91492	0	32	2021-10-24T10:06:18
14.71044	-60.91481	0	32	2021-10-24T10:17:56
14.71048	-60.91481	0	32	2021-10-24T10:22:56
14.71044	-60.91464	0	32	2021-10-24T10:27:55
14.71046	-60.91444	0	32	2021-10-24T10:36:16
14.71037	-60.91470	0	32	2021-10-24T10:41:16
14.71033	-60.91479	0	32	2021-10-24T10:46:17
14.71035	-60.91489	0	32	2021-10-24T12:01:18
14.71044	-60.91489	0	32	2021-10-24T12:06:18
14.71039	-60.91482	0	32	2021-10-24T12:26:18
14.71040	-60.91483	0	32	2021-10-24T12:31:20
14.71035	-60.91473	0	32	2021-10-24T12:46:42
14.71031	-60.91473	0	32	2021-10-24T12:51:43
14.71035	-60.91473	0	32	2021-10-24T12:56:43
14.71031	-60.91476	0	32	2021-10-24T13:06:11
14.71040	-60.91476	0	32	2021-10-24T13:16:12
14.71048	-60.91468	0	32	2021-10-24T13:46:44
14.71048	-60.91477	0	32	2021-10-24T13:51:44
14.71048	-60.91486	0	32	2021-10-24T13:56:43
14.71048	-60.91489	0	32	2021-10-24T14:16:00
14.71053	-60.91492	0	32	2021-10-24T14:31:01
14.71053	-60.91501	0	32	2021-10-24T14:36:00
14.71062	-60.91467	0	32	2021-10-24T14:41:00
14.71045	-60.91492	0	32	2021-10-24T15:26:00
14.71040	-60.91489	0	32	2021-10-24T15:50:52
14.71046	-60.91498	0	32	2021-10-24T15:55:52
14.71043	-60.91495	0	32	2021-10-24T16:00:54
14.71046	-60.91498	0	32	2021-10-24T16:05:51
14.71048	-60.91510	0	32	2021-10-24T16:10:55
14.71055	-60.91489	0	32	2021-10-24T16:20:54
14.71051	-60.91489	0	32	2021-10-24T16:30:54
14.71039	-60.91473	0	32	2021-10-24T17:00:52
14.71035	-60.91473	0	32	2021-10-24T17:05:52
14.71040	-60.91476	0	32	2021-10-24T17:20:52
14.71045	-60.91476	0	32	2021-10-24T17:30:54
14.71040	-60.91486	0	32	2021-10-24T18:10:49
14.71043	-60.91476	0	32	2021-10-24T18:25:51
14.71030	-60.91467	0	32	2021-10-24T18:30:50
14.71043	-60.91476	0	32	2021-10-24T18:35:50
14.71047	-60.91479	0	32	2021-10-24T18:40:53
14.71041	-60.91479	0	32	2021-10-24T18:46:33
14.71045	-60.91470	0	32	2021-10-24T18:51:32
14.71045	-60.91479	0	32	2021-10-24T18:56:32
14.71032	-60.91479	0	32	2021-10-24T19:00:55
14.71035	-60.91479	0	32	2021-10-24T19:05:51
14.71035	-60.91470	0	32	2021-10-24T19:15:50
14.71039	-60.91470	0	32	2021-10-24T19:30:48
14.71036	-60.91460	0	32	2021-10-24T19:55:45
14.71036	-60.91434	0	32	2021-10-24T20:00:45
14.71059	-60.91458	0	32	2021-10-24T20:25:46
14.71055	-60.91458	0	32	2021-10-24T20:35:47
14.71036	-60.91436	0	32	2021-10-24T20:55:51
14.71045	-60.91453	0	32	2021-10-24T21:00:51
14.71049	-60.91470	0	32	2021-10-24T21:05:51
14.71045	-60.91467	0	32	2021-10-24T21:10:53
14.71049	-60.91483	0	32	2021-10-24T21:20:52
14.71046	-60.91486	0	32	2021-10-24T21:30:49
14.71032	-60.91470	0	32	2021-10-24T21:35:50
14.71045	-60.91479	0	32	2021-10-24T21:40:50
14.71041	-60.91479	0	32	2021-10-24T21:45:50
14.71031	-60.91483	0	32	2021-10-24T21:50:49
14.71049	-60.91486	0	32	2021-10-24T22:05:44
14.71037	-60.91489	0	32	2021-10-24T22:10:52
14.71052	-60.91492	0	32	2021-10-24T22:20:46
14.71041	-60.91489	0	32	2021-10-24T22:25:46
14.71045	-60.91489	0	32	2021-10-24T22:30:46
14.71032	-60.91484	0	32	2021-10-25T00:11:00
14.71032	-60.91493	0	32	2021-10-25T00:15:59
14.71023	-60.91467	0	32	2021-10-25T00:20:59
14.71020	-60.91459	0	32	2021-10-25T00:26:00
14.71029	-60.91476	0	32	2021-10-25T00:36:00
14.71030	-60.91479	0	32	2021-10-25T00:40:59
14.71052	-60.91486	0	32	2021-10-25T01:30:52
14.71065	-60.91495	0	32	2021-10-25T01:35:52
14.71052	-60.91486	0	32	2021-10-25T01:40:52
14.71044	-60.91478	0	32	2021-10-25T01:45:54
14.71048	-60.91461	0	32	2021-10-25T01:50:54
14.71044	-60.91498	0	32	2021-10-25T03:45:40
14.71048	-60.91498	0	32	2021-10-25T03:50:40
14.71044	-60.91492	0	32	2021-10-25T04:05:38
14.71040	-60.91495	0	32	2021-10-25T04:45:37
14.71038	-60.91492	0	32	2021-10-25T05:10:32
14.71032	-60.91479	0	32	2021-10-25T05:35:46
14.71029	-60.91474	0	32	2021-10-25T05:50:34
14.71038	-60.91483	0	32	2021-10-25T06:00:33
14.71036	-60.91479	0	32	2021-10-25T06:15:31
14.71019	-60.91470	0	32	2021-10-25T06:20:32
14.71037	-60.91483	0	32	2021-10-25T06:25:29
14.71042	-60.91482	0	32	2021-10-25T06:31:50
14.71038	-60.91473	0	32	2021-10-25T06:41:49
14.71040	-60.91473	0	32	2021-10-25T07:00:34
14.71031	-60.91470	0	32	2021-10-25T07:10:39
14.71048	-60.91479	0	32	2021-10-25T07:15:38
14.71035	-60.91470	0	32	2021-10-25T07:20:38
14.71037	-60.91483	0	32	2021-10-25T08:41:42
14.71043	-60.91483	0	32	2021-10-25T09:05:25
14.71043	-60.91492	0	32	2021-10-25T09:10:26
14.71043	-60.91483	0	32	2021-10-25T09:15:26
14.71040	-60.91483	0	32	2021-10-25T09:50:18
14.71036	-60.91486	0	32	2021-10-25T10:05:20
14.71040	-60.91486	0	32	2021-10-25T10:10:21
14.71033	-60.91477	0	32	2021-10-25T10:25:24
14.71033	-60.91486	0	32	2021-10-25T10:30:24
14.71036	-60.91474	0	32	2021-10-25T10:45:15
14.71036	-60.91483	0	32	2021-10-25T10:55:16
14.71041	-60.91489	0	32	2021-10-25T12:25:16
14.71034	-60.91473	0	32	2021-10-25T12:40:12
14.71030	-60.91470	0	32	2021-10-25T12:45:41
14.71034	-60.91473	0	32	2021-10-25T12:50:18
14.71030	-60.91464	0	32	2021-10-25T12:55:19
14.71034	-60.91473	0	32	2021-10-25T13:00:19
14.71036	-60.91470	0	32	2021-10-25T13:05:20
14.71040	-60.91488	0	32	2021-10-25T13:10:16
14.71040	-60.91479	0	32	2021-10-25T13:15:15
14.71043	-60.91452	0	32	2021-10-25T13:20:19
14.71047	-60.91452	0	32	2021-10-25T13:35:13
14.71051	-60.91452	0	32	2021-10-25T13:40:12
14.71039	-60.91473	0	32	2021-10-25T13:45:49
14.71054	-60.91472	0	32	2021-10-25T14:10:01
14.71058	-60.91455	0	32	2021-10-25T14:15:01
14.71054	-60.91489	0	32	2021-10-25T14:20:02
14.71062	-60.91458	0	32	2021-10-25T14:40:01
14.71053	-60.91432	0	32	2021-10-25T14:45:00
14.71053	-60.91415	0	32	2021-10-25T14:50:00
14.71049	-60.91446	0	32	2021-10-25T14:55:43
14.71042	-60.91460	0	32	2021-10-25T15:05:01
14.71038	-60.91486	0	32	2021-10-25T15:15:00
14.71047	-60.91495	0	32	2021-10-25T15:30:13
14.71045	-60.91498	0	32	2021-10-25T15:34:59
14.71047	-60.91483	0	32	2021-10-25T15:54:58
14.71027	-60.91473	0	32	2021-10-25T16:05:01
14.71045	-60.91479	0	32	2021-10-25T16:29:54
14.71045	-60.91470	0	32	2021-10-25T16:34:54
14.71043	-60.91464	0	32	2021-10-25T17:29:56
14.71043	-60.91473	0	32	2021-10-25T17:39:55
14.71041	-60.91483	0	32	2021-10-25T17:45:29
14.71040	-60.91486	0	32	2021-10-25T17:49:55
14.71038	-60.91486	0	32	2021-10-25T18:04:54
14.71034	-60.91486	0	32	2021-10-25T18:09:55
14.71039	-60.91486	0	32	2021-10-25T18:14:56
14.71045	-60.91489	0	32	2021-10-25T18:20:00
14.71039	-60.91489	0	32	2021-10-25T18:25:01
14.71045	-60.91486	0	32	2021-10-25T18:54:55
14.71039	-60.91483	0	32	2021-10-25T18:59:56
14.71038	-60.91483	0	32	2021-10-25T19:04:53
14.71041	-60.91479	0	32	2021-10-25T19:19:52
14.71045	-60.91479	0	32	2021-10-25T19:24:53
14.71046	-60.91489	0	32	2021-10-25T21:09:52
14.71047	-60.91489	0	32	2021-10-25T21:14:51
14.71045	-60.91473	0	32	2021-10-25T22:14:51
14.71044	-60.91489	0	32	2021-10-25T23:09:52
14.71045	-60.91479	0	32	2021-10-25T23:20:02
14.71050	-60.91483	0	32	2021-10-25T23:24:59
14.71045	-60.91479	0	32	2021-10-25T23:30:01
14.71035	-60.91470	0	32	2021-10-25T23:50:00
14.71031	-60.91487	0	32	2021-10-25T23:55:00
14.71034	-60.91473	0	32	2021-10-26T00:25:01
14.71036	-60.91483	0	32	2021-10-26T00:40:07
14.71045	-60.91483	0	32	2021-10-26T00:45:06
14.71048	-60.91473	0	32	2021-10-26T00:55:03
14.71052	-60.91482	0	32	2021-10-26T01:00:03
14.71043	-60.91473	0	32	2021-10-26T01:05:02
14.71055	-60.91488	0	32	2021-10-26T01:13:11
14.71046	-60.91479	0	32	2021-10-26T01:23:12
14.71046	-60.91473	0	32	2021-10-26T01:39:59
14.71052	-60.91484	0	32	2021-10-26T02:15:35
14.71048	-60.91467	0	32	2021-10-26T02:20:34
14.71044	-60.91467	0	32	2021-10-26T02:25:34
14.71048	-60.91480	0	32	2021-10-26T02:49:51
14.71048	-60.91489	0	32	2021-10-26T02:59:50
14.71030	-60.91474	0	32	2021-10-26T03:23:18
14.71043	-60.91483	0	32	2021-10-26T03:33:19
14.71041	-60.91495	0	32	2021-10-26T03:34:55
14.71044	-60.91498	0	32	2021-10-26T03:54:55
14.71040	-60.91489	0	32	2021-10-26T03:59:56
14.71045	-60.91501	0	32	2021-10-26T04:25:27
14.71041	-60.91492	0	32	2021-10-26T04:39:48
14.71037	-60.91486	0	32	2021-10-26T05:44:42
14.71046	-60.91486	0	32	2021-10-26T05:54:41
14.71042	-60.91486	0	32	2021-10-26T05:59:41
14.71046	-60.91486	0	32	2021-10-26T06:04:40
14.71040	-60.91492	0	32	2021-10-26T06:14:45
14.71044	-60.91492	0	32	2021-10-26T06:19:46
14.71048	-60.91492	0	32	2021-10-26T06:24:46
14.71034	-60.91476	0	32	2021-10-26T06:34:44
14.71043	-60.91476	0	32	2021-10-26T06:39:45
14.71026	-60.91467	0	32	2021-10-26T06:44:45
14.71048	-60.91489	0	32	2021-10-26T06:49:43
14.71047	-60.91473	0	32	2021-10-26T06:54:40
14.71034	-60.91473	0	32	2021-10-26T07:04:39
14.71035	-60.91467	0	32	2021-10-26T07:19:37
14.71033	-60.91467	0	32	2021-10-26T07:24:38
14.71044	-60.91467	0	32	2021-10-26T07:29:38
14.71039	-60.91500	0	32	2021-10-26T08:35:04
14.71039	-60.91483	0	32	2021-10-26T08:45:03
14.71052	-60.91486	0	32	2021-10-26T08:49:29
14.71041	-60.91489	0	32	2021-10-26T08:54:27
14.71039	-60.91486	0	32	2021-10-26T08:59:29
14.71040	-60.91486	0	32	2021-10-26T09:19:30
14.71039	-60.91483	0	32	2021-10-26T09:29:25
14.71037	-60.91483	0	32	2021-10-26T09:34:32
14.71039	-60.91483	0	32	2021-10-26T09:39:26
14.71036	-60.91480	0	32	2021-10-26T09:49:20
14.71045	-60.91489	0	32	2021-10-26T09:54:21
14.71040	-60.91479	0	32	2021-10-26T10:09:54
14.71036	-60.91479	0	32	2021-10-26T10:19:53
14.71032	-60.91476	0	32	2021-10-26T10:24:23
14.71036	-60.91476	0	32	2021-10-26T10:29:23
14.71037	-60.91461	0	32	2021-10-26T10:59:24
14.71027	-60.91423	0	32	2021-10-26T11:19:23
14.71036	-60.91449	0	32	2021-10-26T11:24:23
14.71034	-60.91475	0	32	2021-10-26T11:39:18
14.71030	-60.91458	0	32	2021-10-26T11:44:17
14.71034	-60.91458	0	32	2021-10-26T11:49:17
14.71038	-60.91481	0	32	2021-10-26T11:54:17
14.71047	-60.91498	0	32	2021-10-26T11:59:16
14.71043	-60.91489	0	32	2021-10-26T12:04:15
14.71044	-60.91483	0	32	2021-10-26T12:09:16
14.71047	-60.91490	0	32	2021-10-26T12:19:11
14.71030	-60.91464	0	32	2021-10-26T12:24:12
14.71034	-60.91473	0	32	2021-10-26T12:29:12
14.71036	-60.91473	0	32	2021-10-26T12:44:37
14.71035	-60.91473	0	32	2021-10-26T12:49:12
14.71038	-60.91482	0	32	2021-10-26T12:54:14
14.71038	-60.91473	0	32	2021-10-26T13:04:15
14.71036	-60.91473	0	32	2021-10-26T13:09:11
14.71041	-60.91466	0	32	2021-10-26T13:14:15
14.71037	-60.91466	0	32	2021-10-26T13:19:14
14.71041	-60.91449	0	32	2021-10-26T13:24:14
14.71041	-60.91443	0	32	2021-10-26T13:29:15
14.71043	-60.91449	0	32	2021-10-26T13:39:18
14.71047	-60.91466	0	32	2021-10-26T13:44:18
14.71047	-60.91440	0	32	2021-10-26T13:49:19
14.71074	-60.91452	0	32	2021-10-26T14:29:16
14.71074	-60.91467	0	32	2021-10-26T14:39:16
14.71051	-60.91473	0	32	2021-10-26T14:50:31
14.71083	-60.91479	0	32	2021-10-26T14:54:13
14.71077	-60.91473	0	32	2021-10-26T14:59:11
14.71044	-60.91501	0	32	2021-10-26T15:04:20
14.71054	-60.91492	0	32	2021-10-26T17:34:12
14.71045	-60.91483	0	32	2021-10-26T17:44:13
14.71037	-60.91476	0	32	2021-10-26T18:09:05
14.71040	-60.91476	0	32	2021-10-26T18:19:06
14.71040	-60.91467	0	32	2021-10-26T18:24:05
14.71036	-60.91467	0	32	2021-10-26T18:29:05
14.71036	-60.91470	0	32	2021-10-26T18:44:29
14.71040	-60.91479	0	32	2021-10-26T18:49:28
14.71046	-60.91474	0	32	2021-10-26T19:24:09
14.71050	-60.91483	0	32	2021-10-26T19:34:08
14.71048	-60.91479	0	32	2021-10-26T19:59:01
14.71039	-60.91488	0	32	2021-10-26T20:04:01
14.71035	-60.91479	0	32	2021-10-26T20:09:00
14.71048	-60.91483	0	32	2021-10-26T20:38:56
14.71038	-60.91489	0	32	2021-10-26T20:58:56
14.71041	-60.91479	0	32	2021-10-26T21:03:56
14.71032	-60.91479	0	32	2021-10-26T21:13:55
14.71035	-60.91479	0	32	2021-10-26T21:18:58
14.71037	-60.91481	0	32	2021-10-26T21:29:00
14.71041	-60.91481	0	32	2021-10-26T21:33:59
14.71045	-60.91498	0	32	2021-10-26T21:38:59
14.71040	-60.91486	0	32	2021-10-26T21:44:00
14.71044	-60.91483	0	32	2021-10-26T22:24:10
14.71048	-60.91483	0	32	2021-10-26T22:34:11
14.71049	-60.91476	0	32	2021-10-26T22:54:12
14.71053	-60.91467	0	32	2021-10-26T22:59:12
14.71039	-60.91470	0	32	2021-10-27T00:04:09
14.71043	-60.91479	0	32	2021-10-27T00:09:09
14.71048	-60.91483	0	32	2021-10-27T00:39:23
14.71039	-60.91483	0	32	2021-10-27T00:49:24
14.71035	-60.91467	0	32	2021-10-27T00:59:14
14.71048	-60.91476	0	32	2021-10-27T01:09:14
14.71051	-60.91498	0	32	2021-10-27T02:34:10
14.71047	-60.91498	0	32	2021-10-27T02:39:10
14.71060	-60.91498	0	32	2021-10-27T02:44:09
14.71054	-60.91492	0	32	2021-10-27T02:49:10
14.71045	-60.91483	0	32	2021-10-27T02:54:10
14.71049	-60.91492	0	32	2021-10-27T02:59:10
14.71044	-60.91495	0	32	2021-10-27T03:09:05
14.71040	-60.91495	0	32	2021-10-27T03:14:06
14.71049	-60.91495	0	32	2021-10-27T03:19:06
14.71044	-60.91479	0	32	2021-10-27T03:34:02
14.71041	-60.91467	0	32	2021-10-27T03:39:03
14.71044	-60.91479	0	32	2021-10-27T03:44:02
14.71048	-60.91478	0	32	2021-10-27T03:54:04
14.71048	-60.91495	0	32	2021-10-27T04:04:03
14.71039	-60.91495	0	32	2021-10-27T04:09:04
14.71039	-60.91486	0	32	2021-10-27T04:19:04
14.71035	-60.91489	0	32	2021-10-27T04:39:05
14.71040	-60.91489	0	32	2021-10-27T05:09:30
14.71036	-60.91489	0	32	2021-10-27T05:14:30
14.71044	-60.91483	0	32	2021-10-27T05:19:04
14.71033	-60.91474	0	32	2021-10-27T05:24:14
14.71037	-60.91483	0	32	2021-10-27T05:29:14
14.71041	-60.91483	0	32	2021-10-27T05:34:15
14.71034	-60.91479	0	32	2021-10-27T05:44:06
14.71037	-60.91483	0	32	2021-10-27T05:49:04
14.71040	-60.91483	0	32	2021-10-27T05:54:14
14.71040	-60.91476	0	32	2021-10-27T06:19:46
14.71044	-60.91476	0	32	2021-10-27T06:29:47
14.71045	-60.91483	0	32	2021-10-27T06:34:13
14.71054	-60.91495	0	32	2021-10-27T06:39:10
14.71058	-60.91495	0	32	2021-10-27T06:44:11
14.71062	-60.91495	0	32	2021-10-27T06:49:11
14.71029	-60.91463	0	32	2021-10-27T06:54:13
14.71038	-60.91480	0	32	2021-10-27T06:59:13
14.71038	-60.91489	0	32	2021-10-27T07:04:12
14.71040	-60.91467	0	32	2021-10-27T07:09:07
14.71036	-60.91477	0	32	2021-10-27T07:24:06
14.71044	-60.91489	0	32	2021-10-27T07:31:07
14.71040	-60.91486	0	32	2021-10-27T07:34:05
14.71037	-60.91481	0	32	2021-10-27T07:59:00
14.71041	-60.91481	0	32	2021-10-27T08:03:59
14.71037	-60.91464	0	32	2021-10-27T08:08:59
14.71045	-60.91483	0	32	2021-10-27T08:40:55
14.71043	-60.91489	0	32	2021-10-27T08:48:51
14.71045	-60.91483	0	32	2021-10-27T08:53:50
14.71045	-60.91492	0	32	2021-10-27T09:03:49
14.71044	-60.91489	0	32	2021-10-27T09:08:46
14.71044	-60.91480	0	32	2021-10-27T09:13:46
14.71040	-60.91489	0	32	2021-10-27T09:18:45
14.71033	-60.91483	0	32	2021-10-27T09:23:47
14.71037	-60.91483	0	32	2021-10-27T09:38:46
14.71040	-60.91483	0	32	2021-10-27T09:48:46
14.71036	-60.91483	0	32	2021-10-27T09:53:46
14.71035	-60.91477	0	32	2021-10-27T10:48:48
14.71039	-60.91426	0	32	2021-10-27T10:53:49
14.71035	-60.91486	0	32	2021-10-27T10:58:49
14.71046	-60.91449	0	32	2021-10-27T11:03:54
14.71035	-60.91497	0	32	2021-10-27T11:18:46
14.71035	-60.91463	0	32	2021-10-27T11:23:46
14.71026	-60.91446	0	32	2021-10-27T11:28:47
14.71039	-60.91483	0	32	2021-10-27T11:43:38
14.71043	-60.91492	0	32	2021-10-27T11:48:39
14.71047	-60.91492	0	32	2021-10-27T11:53:39
14.71047	-60.91495	0	32	2021-10-27T12:13:36
14.71040	-60.91489	0	32	2021-10-27T12:43:56
14.71037	-60.91495	0	32	2021-10-27T13:13:42
14.71043	-60.91492	0	32	2021-10-27T13:58:38
14.71060	-60.91466	0	32	2021-10-27T14:03:38
14.71047	-60.91492	0	32	2021-10-27T14:08:38
14.71062	-60.91459	0	32	2021-10-27T14:35:21
14.71062	-60.91450	0	32	2021-10-27T14:40:21
14.71045	-60.91467	0	32	2021-10-27T14:45:22
14.71038	-60.91495	0	32	2021-10-27T15:04:07
14.71038	-60.91486	0	32	2021-10-27T16:03:40
14.71040	-60.91464	0	32	2021-10-27T17:03:31
14.71044	-60.91473	0	32	2021-10-27T17:08:32
14.71044	-60.91464	0	32	2021-10-27T17:13:32
14.71039	-60.91476	0	32	2021-10-27T17:23:35
14.71048	-60.91476	0	32	2021-10-27T17:28:35
14.71044	-60.91476	0	32	2021-10-27T17:33:36
14.71044	-60.91489	0	32	2021-10-27T17:53:35
14.71041	-60.91489	0	32	2021-10-27T18:13:32
14.71045	-60.91485	0	32	2021-10-27T18:28:35
14.71045	-60.91476	0	32	2021-10-27T18:33:35
14.71039	-60.91489	0	32	2021-10-27T18:43:30
14.71043	-60.91489	0	32	2021-10-27T18:48:30
14.71039	-60.91489	0	32	2021-10-27T18:53:31
14.71047	-60.91493	0	32	2021-10-27T19:23:36
14.71038	-60.91450	0	32	2021-10-27T19:28:36
14.71055	-60.91510	0	32	2021-10-27T19:33:36
14.71065	-60.91446	0	32	2021-10-27T20:13:37
14.71062	-60.91440	0	32	2021-10-27T20:23:35
14.71043	-60.91427	0	32	2021-10-27T20:33:59
14.71056	-60.91453	0	32	2021-10-27T20:39:00
14.71052	-60.91470	0	32	2021-10-27T20:44:00
14.71048	-60.91492	0	32	2021-10-27T21:18:32
14.71047	-60.91484	0	32	2021-10-27T21:34:13
14.71047	-60.91493	0	32	2021-10-27T21:39:14
14.71034	-60.91467	0	32	2021-10-27T21:44:14
14.71029	-60.91464	0	32	2021-10-27T21:48:37
14.71048	-60.91483	0	32	2021-10-27T21:53:42
14.71039	-60.91483	0	32	2021-10-27T22:03:43
14.71045	-60.91479	0	32	2021-10-27T22:23:39
14.71054	-60.91467	0	32	2021-10-27T22:53:51
14.71050	-60.91467	0	32	2021-10-27T23:03:50
14.71054	-60.91473	0	32	2021-10-27T23:33:45
14.71052	-60.91466	0	32	2021-10-27T23:48:43
14.71038	-60.91458	0	32	2021-10-27T23:53:44
14.71030	-60.91440	0	32	2021-10-27T23:58:43
14.71034	-60.91455	0	32	2021-10-28T00:03:41
14.71030	-60.91446	0	32	2021-10-28T00:13:40
14.71030	-60.91457	0	32	2021-10-28T00:23:43
14.71021	-60.91440	0	32	2021-10-28T00:28:42
14.71025	-60.91440	0	32	2021-10-28T00:33:43
14.71064	-60.91476	0	32	2021-10-28T00:38:47
14.71061	-60.91479	0	32	2021-10-28T00:44:30
14.71065	-60.91479	0	32	2021-10-28T00:49:30
14.71063	-60.91476	0	32	2021-10-28T01:08:37
14.71054	-60.91467	0	32	2021-10-28T01:13:38
14.71058	-60.91467	0	32	2021-10-28T01:18:38
14.71053	-60.91464	0	32	2021-10-28T01:43:38
14.71040	-60.91473	0	32	2021-10-28T01:48:37
14.71036	-60.91473	0	32	2021-10-28T01:53:37
14.71040	-60.91473	0	32	2021-10-28T02:13:37
14.71044	-60.91482	0	32	2021-10-28T02:18:37
14.71044	-60.91473	0	32	2021-10-28T02:23:38
14.71045	-60.91473	0	32	2021-10-28T02:28:36
14.71040	-60.91483	0	32	2021-10-28T02:43:39
14.71049	-60.91485	0	32	2021-10-28T02:53:39
14.71045	-60.91476	0	32	2021-10-28T03:03:40
14.71045	-60.91492	0	32	2021-10-28T03:08:34
14.71046	-60.91496	0	32	2021-10-28T03:18:40
14.71050	-60.91505	0	32	2021-10-28T03:23:40
14.71046	-60.91479	0	32	2021-10-28T03:28:39
14.71046	-60.91485	0	32	2021-10-28T03:33:41
14.71059	-60.91485	0	32	2021-10-28T03:38:40
14.71038	-60.91434	0	32	2021-10-28T03:43:40
14.71043	-60.91489	0	32	2021-10-28T04:08:33
14.71038	-60.91492	0	32	2021-10-28T04:13:33
14.71038	-60.91483	0	32	2021-10-28T04:18:32
14.71041	-60.91495	0	32	2021-10-28T04:33:33
14.71032	-60.91504	0	32	2021-10-28T04:38:34
14.71036	-60.91504	0	32	2021-10-28T04:43:34
14.71033	-60.91495	0	32	2021-10-28T04:48:31
14.71033	-60.91492	0	32	2021-10-28T05:03:31
14.71029	-60.91483	0	32	2021-10-28T05:08:31
14.71033	-60.91483	0	32	2021-10-28T05:13:30
14.71040	-60.91482	0	32	2021-10-28T05:28:31
14.71040	-60.91473	0	32	2021-10-28T05:38:30
14.71044	-60.91476	0	32	2021-10-28T05:48:35
14.71033	-60.91474	0	32	2021-10-28T05:53:36
14.71037	-60.91483	0	32	2021-10-28T05:58:37
14.71036	-60.91479	0	32	2021-10-28T06:03:33
14.71017	-60.91472	0	32	2021-10-28T06:08:38
14.71038	-60.91489	0	32	2021-10-28T06:13:39
14.71031	-60.91476	0	32	2021-10-28T06:18:29
14.71030	-60.91477	0	32	2021-10-28T06:23:29
14.71056	-60.91511	0	32	2021-10-28T06:28:30
14.71022	-60.91434	0	32	2021-10-28T06:33:30
14.71039	-60.91483	0	32	2021-10-28T06:38:28
14.71046	-60.91486	0	32	2021-10-28T07:54:01
14.71050	-60.91495	0	32	2021-10-28T07:59:01
14.71041	-60.91486	0	32	2021-10-28T08:04:02
14.71041	-60.91480	0	32	2021-10-28T08:18:26
14.71041	-60.91489	0	32	2021-10-28T08:28:27
14.71040	-60.91489	0	32	2021-10-28T08:48:22
14.71040	-60.91483	0	32	2021-10-28T09:08:22
14.71041	-60.91486	0	32	2021-10-28T09:13:28
14.71040	-60.91479	0	32	2021-10-28T09:18:23
14.71050	-60.91486	0	32	2021-10-28T09:23:29
14.71036	-60.91483	0	32	2021-10-28T09:38:13
14.71040	-60.91492	0	32	2021-10-28T09:43:13
14.71036	-60.91483	0	32	2021-10-28T09:48:14
14.71036	-60.91461	0	32	2021-10-28T11:18:14
14.71037	-60.91476	0	32	2021-10-28T11:28:15
14.71036	-60.91473	0	32	2021-10-28T11:33:10
14.71041	-60.91476	0	32	2021-10-28T11:38:14
14.71044	-60.91483	0	32	2021-10-28T11:48:12
14.71040	-60.91483	0	32	2021-10-28T11:53:12
14.71044	-60.91492	0	32	2021-10-28T11:58:12
14.71044	-60.91486	0	32	2021-10-28T12:13:13
14.71044	-60.91495	0	32	2021-10-28T12:18:13
14.71043	-60.91498	0	32	2021-10-28T13:08:13
14.71043	-60.91481	0	32	2021-10-28T13:13:12
14.71043	-60.91455	0	32	2021-10-28T13:18:12
14.71059	-60.91466	0	32	2021-10-28T14:18:17
14.71063	-60.91457	0	32	2021-10-28T14:23:16
14.71063	-60.91431	0	32	2021-10-28T14:28:16
14.71037	-60.91479	0	32	2021-10-28T14:53:24
14.71040	-60.91495	0	32	2021-10-28T14:58:17
14.71038	-60.91483	0	32	2021-10-28T15:04:57
14.71040	-60.91495	0	32	2021-10-28T15:08:16
14.71039	-60.91483	0	32	2021-10-28T15:33:11
14.71043	-60.91486	0	32	2021-10-28T15:38:12
14.71047	-60.91495	0	32	2021-10-28T15:43:13
14.71041	-60.91495	0	32	2021-10-28T16:13:06
14.71040	-60.91479	0	32	2021-10-28T16:38:08
14.71037	-60.91483	0	32	2021-10-28T16:48:09
14.71041	-60.91486	0	32	2021-10-28T17:28:05
14.71042	-60.91486	0	32	2021-10-28T17:33:02
14.71046	-60.91486	0	32	2021-10-28T17:38:02
14.71044	-60.91486	0	32	2021-10-28T17:43:04
14.71043	-60.91489	0	32	2021-10-28T17:48:00
14.71045	-60.91489	0	32	2021-10-28T17:53:00
14.71039	-60.91489	0	32	2021-10-28T17:57:59
14.71047	-60.91479	0	32	2021-10-28T18:08:00
14.71034	-60.91479	0	32	2021-10-28T18:13:00
14.71030	-60.91479	0	32	2021-10-28T18:18:00
14.71046	-60.91489	0	32	2021-10-28T18:22:57
14.71043	-60.91489	0	32	2021-10-28T18:27:52
14.71039	-60.91489	0	32	2021-10-28T18:32:52
14.71035	-60.91483	0	32	2021-10-28T18:37:53
14.71039	-60.91498	0	32	2021-10-28T19:00:03
14.71043	-60.91507	0	32	2021-10-28T19:05:02
14.71054	-60.91411	0	32	2021-10-28T20:03:35
14.71037	-60.91437	0	32	2021-10-28T20:08:35
14.71046	-60.91476	0	32	2021-10-28T20:12:50
14.71044	-60.91467	0	32	2021-10-28T20:27:49
14.70987	-60.91412	0	32	2021-10-28T20:52:56
14.71044	-60.91485	0	32	2021-10-28T20:58:52
14.71053	-60.91502	0	32	2021-10-28T21:03:52
14.71036	-60.91476	0	32	2021-10-28T21:08:51
14.71043	-60.91486	0	32	2021-10-28T21:12:38
14.71049	-60.91492	0	32	2021-10-28T21:17:46
14.71036	-60.91483	0	32	2021-10-28T21:22:47
14.71048	-60.91489	0	32	2021-10-28T21:47:35
14.71048	-60.91498	0	32	2021-10-28T21:52:35
14.71049	-60.91492	0	32	2021-10-28T22:02:33
14.71040	-60.91482	0	32	2021-10-28T22:22:40
14.71040	-60.91473	0	32	2021-10-28T22:27:39
14.71046	-60.91473	0	32	2021-10-28T22:57:40
14.71045	-60.91481	0	32	2021-10-28T23:02:32
14.71054	-60.91464	0	32	2021-10-28T23:07:31
14.71036	-60.91467	0	32	2021-10-28T23:22:29
14.71036	-60.91475	0	32	2021-10-28T23:27:26
14.71032	-60.91446	0	32	2021-10-28T23:32:34
14.71041	-60.91449	0	32	2021-10-28T23:37:26
14.71032	-60.91473	0	32	2021-10-28T23:42:27
14.71030	-60.91455	0	32	2021-10-28T23:47:26
14.71030	-60.91464	0	32	2021-10-28T23:52:26
14.71029	-60.91452	0	32	2021-10-28T23:57:24
14.71030	-60.91464	0	32	2021-10-29T00:02:28
14.71031	-60.91464	0	32	2021-10-29T00:12:28
14.71032	-60.91461	0	32	2021-10-29T00:17:29
14.71035	-60.91473	0	32	2021-10-29T00:22:28
14.71043	-60.91489	0	32	2021-10-29T00:42:35
14.71041	-60.91483	0	32	2021-10-29T00:52:32
14.71049	-60.91483	0	32	2021-10-29T01:17:22
14.71050	-60.91486	0	32	2021-10-29T01:57:24
14.71058	-60.91504	0	32	2021-10-29T02:02:36
14.71049	-60.91504	0	32	2021-10-29T02:07:35
14.71053	-60.91504	0	32	2021-10-29T02:12:35
14.71049	-60.91507	0	32	2021-10-29T02:27:34
14.71058	-60.91504	0	32	2021-10-29T02:32:23
14.71037	-60.91489	0	32	2021-10-29T02:42:21
14.71041	-60.91489	0	32	2021-10-29T02:52:21
14.71046	-60.91486	0	32	2021-10-29T02:57:23
14.71042	-60.91486	0	32	2021-10-29T03:02:24
14.71046	-60.91495	0	32	2021-10-29T03:07:24
14.71043	-60.91495	0	32	2021-10-29T03:22:31
14.71043	-60.91486	0	32	2021-10-29T03:27:32
14.71047	-60.91495	0	32	2021-10-29T03:32:32
14.71045	-60.91492	0	32	2021-10-29T03:42:31
14.71043	-60.91489	0	32	2021-10-29T04:17:14
14.71039	-60.91489	0	32	2021-10-29T04:52:12
14.71041	-60.91495	0	32	2021-10-29T05:02:10
14.71044	-60.91492	0	32	2021-10-29T05:12:12
14.71031	-60.91483	0	32	2021-10-29T05:17:12
14.71040	-60.91483	0	32	2021-10-29T05:22:12
14.71039	-60.91483	0	32	2021-10-29T05:27:17
14.71040	-60.91489	0	32	2021-10-29T05:42:21
14.71039	-60.91483	0	32	2021-10-29T05:47:17
14.71031	-60.91477	0	32	2021-10-29T05:57:22
14.71040	-60.91486	0	32	2021-10-29T06:02:21
14.71035	-60.91479	0	32	2021-10-29T06:17:15
14.71052	-60.91479	0	32	2021-10-29T06:22:16
14.71025	-60.91455	0	32	2021-10-29T07:02:08
14.71041	-60.91477	0	32	2021-10-29T08:01:54
14.71041	-60.91486	0	32	2021-10-29T08:06:54
14.71038	-60.91486	0	32	2021-10-29T08:11:53
14.71043	-60.91483	0	32	2021-10-29T08:16:54
14.71047	-60.91486	0	32	2021-10-29T08:41:57
14.71038	-60.91486	0	32	2021-10-29T09:11:54
14.71022	-60.91477	0	32	2021-10-29T09:21:50
14.71035	-60.91486	0	32	2021-10-29T09:31:51
14.71036	-60.91479	0	32	2021-10-29T09:46:50
14.71036	-60.91470	0	32	2021-10-29T09:51:50
14.71040	-60.91479	0	32	2021-10-29T09:56:51
14.71035	-60.91437	0	32	2021-10-29T11:11:56
14.71030	-60.91465	0	32	2021-10-29T11:16:57
14.71026	-60.91431	0	32	2021-10-29T11:21:57
14.71045	-60.91486	0	32	2021-10-29T11:32:29
14.71041	-60.91486	0	32	2021-10-29T11:42:28
14.71051	-60.91504	0	32	2021-10-29T11:46:58
14.71050	-60.91501	0	32	2021-10-29T12:01:57
14.71045	-60.91498	0	32	2021-10-29T12:06:58
14.71043	-60.91489	0	32	2021-10-29T12:21:50
14.71040	-60.91489	0	32	2021-10-29T12:37:10
14.71044	-60.91489	0	32	2021-10-29T12:42:09
14.71041	-60.91489	0	32	2021-10-29T12:46:49
14.71046	-60.91458	0	32	2021-10-29T13:26:45
14.71050	-60.91458	0	32	2021-10-29T13:36:45
14.71039	-60.91489	0	32	2021-10-29T13:42:10
14.71042	-60.91464	0	32	2021-10-29T13:46:44
14.71046	-60.91481	0	32	2021-10-29T13:51:44
14.71055	-60.91455	0	32	2021-10-29T13:56:43
14.71059	-60.91470	0	32	2021-10-29T14:06:40
14.71046	-60.91479	0	32	2021-10-29T14:11:40
14.71059	-60.91470	0	32	2021-10-29T14:16:40
14.71059	-60.91453	0	32	2021-10-29T14:21:41
14.71059	-60.91470	0	32	2021-10-29T14:26:40
14.71059	-60.91489	0	32	2021-10-29T14:31:41
14.71038	-60.91483	0	32	2021-10-29T15:36:28
14.71045	-60.91490	0	32	2021-10-29T15:42:18
14.71058	-60.91507	0	32	2021-10-29T15:47:17
14.71045	-60.91504	0	32	2021-10-29T16:16:31
14.71014	-60.91498	0	32	2021-10-29T16:31:30
14.71044	-60.91498	0	32	2021-10-29T16:36:30
14.71040	-60.91498	0	32	2021-10-29T16:41:29
14.71031	-60.91473	0	32	2021-10-29T16:47:19
14.71046	-60.91489	0	32	2021-10-29T16:51:27
14.71043	-60.91492	0	32	2021-10-29T17:01:24
14.71047	-60.91492	0	32	2021-10-29T17:06:24
14.71043	-60.91483	0	32	2021-10-29T17:16:15
14.71047	-60.91483	0	32	2021-10-29T17:21:16
14.71043	-60.91483	0	32	2021-10-29T17:26:16
14.71041	-60.91480	0	32	2021-10-29T17:41:38
14.71045	-60.91489	0	32	2021-10-29T17:46:39
14.71046	-60.91489	0	32	2021-10-29T17:51:16
14.71038	-60.91489	0	32	2021-10-29T17:56:13
14.71046	-60.91489	0	32	2021-10-29T18:01:15
14.71036	-60.91486	0	32	2021-10-29T18:06:18
14.71046	-60.91437	0	32	2021-10-29T19:41:42
14.71061	-60.91455	0	32	2021-10-29T19:46:09
14.71052	-60.91446	0	32	2021-10-29T19:51:13
14.71061	-60.91446	0	32	2021-10-29T19:56:12
14.71061	-60.91443	0	32	2021-10-29T20:11:20
14.71062	-60.91452	0	32	2021-10-29T20:16:23
14.71044	-60.91434	0	32	2021-10-29T20:36:22
14.71042	-60.91441	0	32	2021-10-29T20:44:16
14.71042	-60.91450	0	32	2021-10-29T20:49:16
14.71029	-60.91467	0	32	2021-10-29T20:54:15
14.71050	-60.91495	0	32	2021-10-29T21:17:07
14.71045	-60.91489	0	32	2021-10-29T21:22:44
14.71058	-60.91498	0	32	2021-10-29T21:27:44
14.71046	-60.91483	0	32	2021-10-29T21:57:26
14.71034	-60.91462	0	32	2021-10-29T23:21:18
14.71043	-60.91479	0	32	2021-10-29T23:26:17
14.71038	-60.91486	0	32	2021-10-29T23:41:12
14.71017	-60.91409	0	32	2021-10-29T23:46:12
14.71034	-60.91487	0	32	2021-10-29T23:57:16
14.71030	-60.91478	0	32	2021-10-30T00:02:16
14.71039	-60.91495	0	32	2021-10-30T00:07:16
14.71025	-60.91473	0	32	2021-10-30T00:46:19
14.71043	-60.91476	0	32	2021-10-30T01:26:18
14.71039	-60.91461	0	32	2021-10-30T01:36:39
14.71044	-60.91470	0	32	2021-10-30T01:41:16
14.71053	-60.91470	0	32	2021-10-30T01:46:16
14.71049	-60.91461	0	32	2021-10-30T01:51:15
14.71041	-60.91472	0	32	2021-10-30T01:56:19
14.71050	-60.91489	0	32	2021-10-30T02:01:19
14.71039	-60.91489	0	32	2021-10-30T02:21:16
14.71037	-60.91492	0	32	2021-10-30T02:26:13
14.71041	-60.91492	0	32	2021-10-30T02:36:14
14.71046	-60.91492	0	32	2021-10-30T02:56:11
14.71050	-60.91501	0	32	2021-10-30T03:01:11
14.71045	-60.91489	0	32	2021-10-30T03:07:36
14.71040	-60.91489	0	32	2021-10-30T03:11:13
14.71057	-60.91507	0	32	2021-10-30T03:31:04
14.71040	-60.91490	0	32	2021-10-30T03:36:04
14.71044	-60.91507	0	32	2021-10-30T03:41:03
14.71039	-60.91492	0	32	2021-10-30T04:06:06
14.71039	-60.91483	0	32	2021-10-30T04:11:06
14.71039	-60.91492	0	32	2021-10-30T04:16:05
14.71041	-60.91489	0	32	2021-10-30T04:21:05
14.71031	-60.91483	0	32	2021-10-30T05:06:08
14.71035	-60.91483	0	32	2021-10-30T05:11:07
14.71043	-60.91486	0	32	2021-10-30T05:21:07
14.71047	-60.91486	0	32	2021-10-30T05:26:06
14.71037	-60.91483	0	32	2021-10-30T05:31:05
14.71036	-60.91492	0	32	2021-10-30T05:36:07
14.71036	-60.91483	0	32	2021-10-30T05:46:07
14.71040	-60.91486	0	32	2021-10-30T05:51:04
14.71047	-60.91484	0	32	2021-10-30T06:21:05
14.71031	-60.91446	0	32	2021-10-30T06:26:11
14.71038	-60.91476	0	32	2021-10-30T06:31:04
14.71028	-60.91444	0	32	2021-10-30T06:56:02
14.71028	-60.91461	0	32	2021-10-30T07:01:02
14.71032	-60.91461	0	32	2021-10-30T07:06:03
14.71045	-60.91493	0	32	2021-10-30T07:26:02
14.71041	-60.91476	0	32	2021-10-30T07:36:01
14.71039	-60.91455	0	32	2021-10-30T07:41:05
14.71038	-60.91473	0	32	2021-10-30T08:01:05
14.71041	-60.91484	0	32	2021-10-30T08:26:05
14.71041	-60.91501	0	32	2021-10-30T08:31:05
14.71041	-60.91492	0	32	2021-10-30T08:36:05
14.71045	-60.91486	0	32	2021-10-30T08:41:07
14.71044	-60.91495	0	32	2021-10-30T08:51:08
14.71044	-60.91486	0	32	2021-10-30T08:56:07
14.71046	-60.91489	0	32	2021-10-30T09:01:10
14.71043	-60.91489	0	32	2021-10-30T09:16:09
14.71039	-60.91489	0	32	2021-10-30T09:34:45
14.71032	-60.91492	0	32	2021-10-30T10:16:01
14.71036	-60.91492	0	32	2021-10-30T10:21:01
14.71036	-60.91483	0	32	2021-10-30T10:26:01
14.71037	-60.91479	0	32	2021-10-30T10:36:27
14.71036	-60.91464	0	32	2021-10-30T10:45:58
14.71049	-60.91464	0	32	2021-10-30T10:50:58
14.71042	-60.91453	0	32	2021-10-30T10:55:56
14.71038	-60.91470	0	32	2021-10-30T11:00:57
14.71035	-60.91446	0	32	2021-10-30T11:05:58
14.71035	-60.91467	0	32	2021-10-30T11:10:57
14.71037	-60.91486	0	32	2021-10-30T11:20:56
14.71041	-60.91486	0	32	2021-10-30T11:25:56
14.71037	-60.91486	0	32	2021-10-30T11:30:55
14.71044	-60.91495	0	32	2021-10-30T11:40:56
14.71044	-60.91498	0	32	2021-10-30T11:50:52
14.71048	-60.91498	0	32	2021-10-30T12:05:53
14.71044	-60.91489	0	32	2021-10-30T12:10:53
14.71029	-60.91474	0	32	2021-10-30T12:40:55
14.71040	-60.91489	0	32	2021-10-30T12:45:56
14.71034	-60.91483	0	32	2021-10-30T12:50:56
14.71047	-60.91457	0	32	2021-10-30T13:05:54
14.71043	-60.91440	0	32	2021-10-30T13:10:53
14.71047	-60.91440	0	32	2021-10-30T13:15:53
14.71045	-60.91461	0	32	2021-10-30T13:30:55
14.71041	-60.91487	0	32	2021-10-30T13:35:55
14.71041	-60.91470	0	32	2021-10-30T13:40:54
14.71059	-60.91479	0	32	2021-10-30T13:50:55
14.71050	-60.91488	0	32	2021-10-30T13:55:55
14.71059	-60.91479	0	32	2021-10-30T14:00:54
14.71063	-60.91445	0	32	2021-10-30T14:21:51
14.71067	-60.91445	0	32	2021-10-30T14:26:51
14.71058	-60.91394	0	32	2021-10-30T14:31:52
14.71039	-60.91458	0	32	2021-10-30T14:36:46
14.71036	-60.91456	0	32	2021-10-30T14:50:46
14.71040	-60.91490	0	32	2021-10-30T14:55:47
14.71036	-60.91473	0	32	2021-10-30T15:00:47
14.71040	-60.91476	0	32	2021-10-30T15:40:59
14.71044	-60.91483	0	32	2021-10-30T16:15:50
14.71046	-60.91483	0	32	2021-10-30T16:20:49
14.71044	-60.91483	0	32	2021-10-30T16:25:55
14.71035	-60.91483	0	32	2021-10-30T16:30:55
14.71040	-60.91483	0	32	2021-10-30T16:45:49
14.71036	-60.91483	0	32	2021-10-30T17:00:49
14.71040	-60.91483	0	32	2021-10-30T17:25:48
14.71044	-60.91483	0	32	2021-10-30T17:30:47
14.71044	-60.91489	0	32	2021-10-30T17:40:47
14.71048	-60.91489	0	32	2021-10-30T17:50:46
14.71042	-60.91483	0	32	2021-10-30T18:20:47
14.71038	-60.91483	0	32	2021-10-30T18:25:48
14.71047	-60.91492	0	32	2021-10-30T18:30:48
14.71040	-60.91495	0	32	2021-10-30T18:36:09
14.71041	-60.91452	0	32	2021-10-30T19:15:30
14.71041	-60.91478	0	32	2021-10-30T19:20:31
14.71041	-60.91461	0	32	2021-10-30T19:25:31
14.71040	-60.91461	0	32	2021-10-30T19:39:18
14.71046	-60.91479	0	32	2021-10-30T19:40:30
14.71056	-60.91464	0	32	2021-10-30T19:50:32
14.71056	-60.91455	0	32	2021-10-30T19:55:33
14.71056	-60.91446	0	32	2021-10-30T20:00:33
14.71054	-60.91458	0	32	2021-10-30T20:05:31
14.71057	-60.91452	0	32	2021-10-30T20:10:31
14.71053	-60.91452	0	32	2021-10-30T20:15:31
14.71049	-60.91446	0	32	2021-10-30T20:20:36
14.71043	-60.91441	0	32	2021-10-30T20:30:58
14.71039	-60.91441	0	32	2021-10-30T20:35:58
14.71039	-60.91467	0	32	2021-10-30T20:40:58
14.71041	-60.91486	0	32	2021-10-30T20:45:32
14.71037	-60.91480	0	32	2021-10-30T20:55:32
14.71046	-60.91489	0	32	2021-10-30T21:00:32
14.71037	-60.91482	0	32	2021-10-30T21:30:30
14.71041	-60.91473	0	32	2021-10-30T21:35:31
14.71046	-60.91473	0	32	2021-10-30T22:25:28
14.71048	-60.91470	0	32	2021-10-30T22:30:25
14.71049	-60.91467	0	32	2021-10-30T22:40:22
14.71031	-60.91463	0	32	2021-10-30T23:25:18
14.71040	-60.91472	0	32	2021-10-30T23:30:18
14.71040	-60.91489	0	32	2021-10-30T23:35:17
14.71035	-60.91459	0	32	2021-10-30T23:40:12
14.71035	-60.91493	0	32	2021-10-30T23:45:11
14.71035	-60.91467	0	32	2021-10-30T23:50:11
14.71040	-60.91470	0	32	2021-10-31T01:15:09
14.71041	-60.91470	0	32	2021-10-31T01:20:04
14.71037	-60.91453	0	32	2021-10-31T01:25:05
14.71041	-60.91470	0	32	2021-10-31T01:30:05
14.71046	-60.91464	0	32	2021-10-31T01:35:02
14.71042	-60.91455	0	32	2021-10-31T01:40:03
14.71046	-60.91455	0	32	2021-10-31T01:45:03
14.71044	-60.91483	0	32	2021-10-31T01:55:02
14.71050	-60.91486	0	32	2021-10-31T02:02:18
14.71048	-60.91483	0	32	2021-10-31T02:04:58
14.71051	-60.91504	0	32	2021-10-31T02:39:51
14.71039	-60.91501	0	32	2021-10-31T03:05:10
14.71039	-60.91492	0	32	2021-10-31T03:15:10
14.71047	-60.91501	0	32	2021-10-31T04:05:08
14.71047	-60.91492	0	32	2021-10-31T04:10:08
14.71038	-60.91501	0	32	2021-10-31T04:15:07
14.71038	-60.91495	0	32	2021-10-31T04:19:44
14.71036	-60.91495	0	32	2021-10-31T04:29:46
14.71032	-60.91495	0	32	2021-10-31T04:34:47
14.71036	-60.91479	0	32	2021-10-31T04:54:37
14.71035	-60.91483	0	32	2021-10-31T05:19:35
14.71039	-60.91483	0	32	2021-10-31T05:29:34
14.71041	-60.91489	0	32	2021-10-31T05:34:38
14.71026	-60.91470	0	32	2021-10-31T05:59:26
14.71040	-60.91492	0	32	2021-10-31T06:04:24
14.71030	-60.91470	0	32	2021-10-31T06:09:25
14.71044	-60.91489	0	32	2021-10-31T06:29:24
14.71032	-60.91464	0	32	2021-10-31T06:59:28
14.71044	-60.91486	0	32	2021-10-31T07:25:13
14.71044	-60.91489	0	32	2021-10-31T07:34:24
14.71040	-60.91486	0	32	2021-10-31T07:39:59
14.71044	-60.91489	0	32	2021-10-31T07:44:25
14.71043	-60.91489	0	32	2021-10-31T07:49:26
14.71044	-60.91479	0	32	2021-10-31T08:04:22
14.71041	-60.91473	0	32	2021-10-31T08:14:31
14.71043	-60.91486	0	32	2021-10-31T08:24:48
14.71042	-60.91495	0	32	2021-10-31T08:34:11
14.71038	-60.91486	0	32	2021-10-31T08:39:11
14.71038	-60.91495	0	32	2021-10-31T08:44:11
14.71047	-60.91489	0	32	2021-10-31T09:59:05
14.71043	-60.91489	0	32	2021-10-31T10:04:04
14.71042	-60.91483	0	32	2021-10-31T10:19:06
14.71038	-60.91474	0	32	2021-10-31T10:24:06
14.71038	-60.91483	0	32	2021-10-31T10:29:06
14.71050	-60.91470	0	32	2021-10-31T10:34:04
14.71034	-60.91488	0	32	2021-10-31T10:44:09
14.71038	-60.91471	0	32	2021-10-31T10:49:08
14.71029	-60.91437	0	32	2021-10-31T10:54:08
14.71033	-60.91478	0	32	2021-10-31T11:09:06
14.71029	-60.91461	0	32	2021-10-31T11:14:07
14.71039	-60.91489	0	32	2021-10-31T11:24:05
14.71043	-60.91489	0	32	2021-10-31T11:29:05
14.71047	-60.91498	0	32	2021-10-31T11:34:04
14.71049	-60.91504	0	32	2021-10-31T11:39:07
14.71047	-60.91501	0	32	2021-10-31T11:44:02
14.71047	-60.91492	0	32	2021-10-31T11:49:02
14.71048	-60.91498	0	32	2021-10-31T12:03:55
14.71044	-60.91489	0	32	2021-10-31T12:13:55
14.71039	-60.91486	0	32	2021-10-31T12:28:52
14.71040	-60.91500	0	32	2021-10-31T12:58:47
14.71040	-60.91483	0	32	2021-10-31T13:03:48
14.71049	-60.91449	0	32	2021-10-31T13:08:48
14.71044	-60.91461	0	32	2021-10-31T13:24:15
14.71050	-60.91455	0	32	2021-10-31T13:28:47
14.71050	-60.91489	0	32	2021-10-31T13:33:46
14.71054	-60.91461	0	32	2021-10-31T13:43:44
14.71065	-60.91454	0	32	2021-10-31T13:53:49
14.71056	-60.91463	0	32	2021-10-31T13:58:50
14.71052	-60.91489	0	32	2021-10-31T14:03:50
14.71047	-60.91469	0	32	2021-10-31T14:33:48
14.71038	-60.91495	0	32	2021-10-31T14:43:48
14.71056	-60.91486	0	32	2021-10-31T16:03:36
14.71060	-60.91495	0	32	2021-10-31T16:13:35
14.71070	-60.91486	0	32	2021-10-31T16:18:34
14.71061	-60.91486	0	32	2021-10-31T16:23:34
14.71041	-60.91486	0	32	2021-10-31T16:28:29
14.71038	-60.91489	0	32	2021-10-31T16:33:33
14.71045	-60.91495	0	32	2021-10-31T16:38:30
14.71038	-60.91483	0	32	2021-10-31T16:43:27
14.71039	-60.91492	0	32	2021-10-31T16:48:29
14.71048	-60.91492	0	32	2021-10-31T16:53:29
14.71041	-60.91486	0	32	2021-10-31T16:58:30
14.71038	-60.91492	0	32	2021-10-31T17:23:34
14.71038	-60.91483	0	32	2021-10-31T17:33:33
14.71036	-60.91483	0	32	2021-10-31T17:38:36
14.71046	-60.91492	0	32	2021-10-31T17:53:38
14.71047	-60.91486	0	32	2021-10-31T17:58:36
14.71043	-60.91489	0	32	2021-10-31T18:03:36
14.71039	-60.91489	0	32	2021-10-31T18:08:35
14.71039	-60.91476	0	32	2021-10-31T18:38:32
14.71051	-60.91484	0	32	2021-10-31T19:08:29
14.71038	-60.91450	0	32	2021-10-31T19:13:30
14.71047	-60.91476	0	32	2021-10-31T19:18:30
14.71042	-60.91434	0	32	2021-10-31T19:33:30
14.71046	-60.91443	0	32	2021-10-31T19:38:30
14.71046	-60.91434	0	32	2021-10-31T19:43:30
14.71065	-60.91437	0	32	2021-10-31T19:48:29
14.71066	-60.91446	0	32	2021-10-31T20:08:28
14.71058	-60.91437	0	32	2021-10-31T20:18:23
14.71058	-60.91446	0	32	2021-10-31T20:23:24
14.71036	-60.91437	0	32	2021-10-31T20:33:29
14.71045	-60.91463	0	32	2021-10-31T20:38:29
14.71045	-60.91489	0	32	2021-10-31T20:43:30
14.71050	-60.91495	0	32	2021-10-31T20:48:15
14.71046	-60.91486	0	32	2021-10-31T20:53:15
14.71050	-60.91495	0	32	2021-10-31T20:58:14
14.71044	-60.91492	0	32	2021-10-31T21:53:15
14.71044	-60.91483	0	32	2021-10-31T22:03:16
14.71040	-60.91470	0	32	2021-10-31T22:08:17
14.71048	-60.91473	0	32	2021-10-31T22:33:18
14.71037	-60.91489	0	32	2021-10-31T22:38:22
14.71050	-60.91461	0	32	2021-10-31T22:53:14
14.71041	-60.91461	0	32	2021-10-31T22:58:15
14.71047	-60.91458	0	32	2021-10-31T23:03:16
14.71030	-60.91467	0	32	2021-10-31T23:08:16
14.71039	-60.91467	0	32	2021-10-31T23:13:17
14.71044	-60.91464	0	32	2021-10-31T23:18:18
14.71046	-60.91489	0	32	2021-10-31T23:28:17
14.71046	-60.91472	0	32	2021-10-31T23:33:17
14.71037	-60.91455	0	32	2021-10-31T23:38:18
14.71046	-60.91476	0	32	2021-10-31T23:49:01
14.71030	-60.91479	0	32	2021-11-01T00:48:09
14.71039	-60.91470	0	32	2021-11-01T00:53:08
14.71039	-60.91461	0	32	2021-11-01T00:58:08
14.71041	-60.91460	0	32	2021-11-01T01:13:04
14.71037	-60.91469	0	32	2021-11-01T01:18:04
14.71041	-60.91452	0	32	2021-11-01T01:23:05
14.71035	-60.91434	0	32	2021-11-01T01:28:06
14.71045	-60.91467	0	32	2021-11-01T01:33:03
14.71035	-60.91467	0	32	2021-11-01T01:53:11
14.71048	-60.91493	0	32	2021-11-01T01:58:11
14.71048	-60.91510	0	32	2021-11-01T02:03:12
14.71048	-60.91486	0	32	2021-11-01T02:08:01
14.71050	-60.91501	0	32	2021-11-01T02:27:50
14.71046	-60.91501	0	32	2021-11-01T02:32:50
14.71050	-60.91495	0	32	2021-11-01T02:37:44
14.71046	-60.91495	0	32	2021-11-01T02:47:45
14.71045	-60.91489	0	32	2021-11-01T03:12:45
14.71041	-60.91495	0	32	2021-11-01T03:47:43
14.71040	-60.91495	0	32	2021-11-01T04:27:38
14.71036	-60.91495	0	32	2021-11-01T04:37:37
14.71044	-60.91489	0	32	2021-11-01T04:57:33
14.71063	-60.91486	0	32	2021-11-01T05:02:34
14.71049	-60.91489	0	32	2021-11-01T05:07:30
14.71058	-60.91489	0	32	2021-11-01T05:17:29
14.71047	-60.91489	0	32	2021-11-01T05:22:29
14.71046	-60.91489	0	32	2021-11-01T05:32:30
14.71048	-60.91492	0	32	2021-11-01T05:37:27
14.71062	-60.91525	0	32	2021-11-01T06:37:11
14.71042	-60.91495	0	32	2021-11-01T07:16:57
14.71046	-60.91495	0	32	2021-11-01T07:26:56
14.71045	-60.91498	0	32	2021-11-01T07:46:52
14.71045	-60.91489	0	32	2021-11-01T07:51:52
14.71046	-60.91489	0	32	2021-11-01T08:16:49
14.71042	-60.91489	0	32	2021-11-01T08:21:50
14.71046	-60.91489	0	32	2021-11-01T08:26:50
14.71039	-60.91489	0	32	2021-11-01T08:31:51
14.71047	-60.91492	0	32	2021-11-01T08:41:46
14.71043	-60.91492	0	32	2021-11-01T08:51:47
14.71039	-60.91489	0	32	2021-11-01T09:01:48
14.71031	-60.91475	0	32	2021-11-01T09:47:01
14.71031	-60.91449	0	32	2021-11-01T09:52:01
14.71031	-60.91458	0	32	2021-11-01T09:57:01
14.71035	-60.91479	0	32	2021-11-01T10:06:48
14.71035	-60.91462	0	32	2021-11-01T10:11:49
14.71039	-60.91462	0	32	2021-11-01T10:16:48
14.71035	-60.91479	0	32	2021-11-01T10:21:48
14.71042	-60.91479	0	32	2021-11-01T10:26:49
14.71072	-60.91470	0	32	2021-11-01T10:31:49
14.71038	-60.91470	0	32	2021-11-01T10:36:50
14.71039	-60.91483	0	32	2021-11-01T10:41:47
14.71037	-60.91473	0	32	2021-11-01T11:01:51
14.71028	-60.91456	0	32	2021-11-01T11:06:51
14.71041	-60.91473	0	32	2021-11-01T11:11:51
14.71043	-60.91486	0	32	2021-11-01T11:16:53
14.71043	-60.91495	0	32	2021-11-01T11:21:53
14.71046	-60.91495	0	32	2021-11-01T11:36:46
14.71047	-60.91495	0	32	2021-11-01T11:41:46
14.71041	-60.91480	0	32	2021-11-01T12:37:06
14.71045	-60.91489	0	32	2021-11-01T12:42:05
14.71041	-60.91489	0	32	2021-11-01T12:47:05
14.71036	-60.91504	0	32	2021-11-01T12:51:38
14.71046	-60.91481	0	32	2021-11-01T13:16:34
14.71042	-60.91430	0	32	2021-11-01T13:21:33
14.71051	-60.91473	0	32	2021-11-01T13:26:33
14.71056	-60.91461	0	32	2021-11-01T13:31:38
14.71058	-60.91487	0	32	2021-11-01T14:16:29
14.71058	-60.91444	0	32	2021-11-01T14:21:28
14.71062	-60.91461	0	32	2021-11-01T14:26:28
14.71058	-60.91492	0	32	2021-11-01T14:31:40
14.71045	-60.91492	0	32	2021-11-01T15:41:15
14.71045	-60.91498	0	32	2021-11-01T15:51:12
14.71043	-60.91489	0	32	2021-11-01T16:16:01
14.71031	-60.91452	0	32	2021-11-01T16:31:02
14.71031	-60.91426	0	32	2021-11-01T16:36:01
14.71031	-60.91409	0	32	2021-11-01T16:41:01
14.71059	-60.91456	0	32	2021-11-01T16:51:02
14.71050	-60.91473	0	32	2021-11-01T16:56:02
14.71046	-60.91473	0	32	2021-11-01T17:01:01
14.71043	-60.91483	0	32	2021-11-01T17:10:51
14.71052	-60.91483	0	32	2021-11-01T17:15:52
14.71048	-60.91483	0	32	2021-11-01T17:20:52
14.71061	-60.91501	0	32	2021-11-01T18:00:55
14.71037	-60.91478	0	32	2021-11-01T18:45:56
14.71050	-60.91495	0	32	2021-11-01T18:50:56
14.71054	-60.91495	0	32	2021-11-01T18:55:57
14.71050	-60.91498	0	32	2021-11-01T19:00:59
14.71046	-60.91481	0	32	2021-11-01T19:05:59
14.71033	-60.91455	0	32	2021-11-01T19:11:00
14.71038	-60.91472	0	32	2021-11-01T19:20:54
14.71047	-60.91506	0	32	2021-11-01T19:25:55
14.71047	-60.91489	0	32	2021-11-01T19:30:55
14.71038	-60.91494	0	32	2021-11-01T19:41:46
14.71051	-60.91443	0	32	2021-11-01T19:51:45
14.71047	-60.91483	0	32	2021-11-01T20:00:50
14.71043	-60.91449	0	32	2021-11-01T20:05:50
14.71047	-60.91458	0	32	2021-11-01T20:10:51
14.71045	-60.91464	0	32	2021-11-01T20:15:51
14.71045	-60.91474	0	32	2021-11-01T20:21:05
14.71036	-60.91474	0	32	2021-11-01T20:26:05
14.71040	-60.91483	0	32	2021-11-01T20:31:06
14.71040	-60.91474	0	32	2021-11-01T22:11:00
14.71044	-60.91483	0	32	2021-11-01T22:16:00
14.71053	-60.91483	0	32	2021-11-01T22:21:00
14.71055	-60.91483	0	32	2021-11-01T22:30:59
14.71053	-60.91476	0	32	2021-11-01T22:36:04
14.71055	-60.91483	0	32	2021-11-01T22:40:58
14.71057	-60.91455	0	32	2021-11-01T23:10:51
14.71033	-60.91455	0	32	2021-11-01T23:15:58
14.71049	-60.91464	0	32	2021-11-01T23:20:51
14.71047	-60.91464	0	32	2021-11-01T23:40:43
14.71043	-60.91464	0	32	2021-11-01T23:45:42
14.71035	-60.91473	0	32	2021-11-02T00:10:44
14.71039	-60.91473	0	32	2021-11-02T00:15:43
14.71039	-60.91464	0	32	2021-11-02T00:20:43
14.71060	-60.91469	0	32	2021-11-02T00:50:33
14.71058	-60.91467	0	32	2021-11-02T00:55:34
14.71069	-60.91495	0	32	2021-11-02T01:00:32
14.71055	-60.91482	0	32	2021-11-02T01:05:43
14.71042	-60.91473	0	32	2021-11-02T01:10:44
14.71038	-60.91473	0	32	2021-11-02T01:15:44
14.71045	-60.91467	0	32	2021-11-02T01:20:35
14.71041	-60.91467	0	32	2021-11-02T01:25:35
14.71045	-60.91476	0	32	2021-11-02T01:30:36
14.71041	-60.91461	0	32	2021-11-02T01:35:41
14.71035	-60.91479	0	32	2021-11-02T02:11:06
14.71044	-60.91477	0	32	2021-11-02T02:25:35
14.71044	-60.91486	0	32	2021-11-02T02:35:36
14.71058	-60.91496	0	32	2021-11-02T02:40:32
14.71045	-60.91479	0	32	2021-11-02T02:45:32
14.71048	-60.91495	0	32	2021-11-02T03:50:29
14.71047	-60.91504	0	32	2021-11-02T03:55:35
14.71043	-60.91495	0	32	2021-11-02T04:00:35
14.71040	-60.91507	0	32	2021-11-02T04:05:32
14.71045	-60.91501	0	32	2021-11-02T04:10:33
14.71038	-60.91501	0	32	2021-11-02T04:15:32
14.71041	-60.91492	0	32	2021-11-02T04:20:33
14.71036	-60.91504	0	32	2021-11-02T04:25:34
14.71036	-60.91495	0	32	2021-11-02T04:45:37
14.71043	-60.91486	0	32	2021-11-02T04:55:37
14.71034	-60.91486	0	32	2021-11-02T05:00:38
14.71043	-60.91486	0	32	2021-11-02T05:05:38
14.71045	-60.91489	0	32	2021-11-02T05:50:34
14.71041	-60.91480	0	32	2021-11-02T05:55:35
14.71050	-60.91489	0	32	2021-11-02T06:00:35
14.71022	-60.91443	0	32	2021-11-02T06:41:18
14.71022	-60.91449	0	32	2021-11-02T06:45:36
14.71031	-60.91458	0	32	2021-11-02T06:55:37
14.71040	-60.91483	0	32	2021-11-02T07:05:28
14.71044	-60.91474	0	32	2021-11-02T07:10:28
14.71044	-60.91483	0	32	2021-11-02T07:15:27
14.71044	-60.91479	0	32	2021-11-02T07:20:29
14.71045	-60.91483	0	32	2021-11-02T07:32:38
14.71043	-60.91479	0	32	2021-11-02T07:35:33
14.71045	-60.91492	0	32	2021-11-02T07:40:30
14.71041	-60.91483	0	32	2021-11-02T07:50:31
14.71043	-60.91489	0	32	2021-11-02T07:55:36
14.71052	-60.91489	0	32	2021-11-02T08:05:37
14.71048	-60.91489	0	32	2021-11-02T08:15:36
14.71029	-60.91467	0	32	2021-11-02T09:50:32
14.71038	-60.91484	0	32	2021-11-02T09:55:31
14.71034	-60.91467	0	32	2021-11-02T10:00:31
14.71041	-60.91473	0	32	2021-11-02T10:20:27
14.71041	-60.91464	0	32	2021-11-02T10:25:27
14.71038	-60.91483	0	32	2021-11-02T10:35:22
14.71038	-60.91474	0	32	2021-11-02T10:40:22
14.71025	-60.91431	0	32	2021-11-02T10:45:23
14.71031	-60.91480	0	32	2021-11-02T10:55:24
14.71048	-60.91480	0	32	2021-11-02T11:00:23
14.71022	-60.91446	0	32	2021-11-02T11:05:23
14.71032	-60.91479	0	32	2021-11-02T11:10:21
14.71046	-60.91483	0	32	2021-11-02T11:15:20
14.71036	-60.91479	0	32	2021-11-02T11:20:21
14.71030	-60.91492	0	32	2021-11-02T12:51:05
14.71034	-60.91483	0	32	2021-11-02T12:56:05
14.71042	-60.91486	0	32	2021-11-02T13:20:11
14.71038	-60.91495	0	32	2021-11-02T13:25:12
14.71038	-60.91486	0	32	2021-11-02T13:30:12
14.71043	-60.91489	0	32	2021-11-02T13:35:06
14.71049	-60.91478	0	32	2021-11-02T13:50:32
14.71045	-60.91495	0	32	2021-11-02T13:55:32
14.71073	-60.91391	0	32	2021-11-02T14:10:12
14.71037	-60.91489	0	32	2021-11-02T14:35:20
14.71041	-60.91489	0	32	2021-11-02T15:20:06
14.71057	-60.91504	0	32	2021-11-02T15:35:02
14.71044	-60.91495	0	32	2021-11-02T15:45:01
14.71039	-60.91489	0	32	2021-11-02T16:10:02
14.71046	-60.91498	0	32	2021-11-02T16:15:05
14.71037	-60.91489	0	32	2021-11-02T16:25:05
14.71036	-60.91498	0	32	2021-11-02T16:40:04
14.71040	-60.91498	0	32	2021-11-02T16:45:04
14.71040	-60.91489	0	32	2021-11-02T16:50:05
14.71040	-60.91500	0	32	2021-11-02T16:54:59
14.71046	-60.91476	0	32	2021-11-02T16:59:59
14.71044	-60.91492	0	32	2021-11-02T17:05:00
14.71048	-60.91473	0	32	2021-11-02T18:49:47
14.71038	-60.91467	0	32	2021-11-02T18:55:31
14.71039	-60.91464	0	32	2021-11-02T18:59:48
14.71032	-60.91457	0	32	2021-11-02T19:04:49
14.71036	-60.91483	0	32	2021-11-02T19:14:48
14.71041	-60.91483	0	32	2021-11-02T19:19:51
14.71037	-60.91467	0	32	2021-11-02T19:39:48
14.71038	-60.91461	0	32	2021-11-02T19:44:49
14.71047	-60.91461	0	32	2021-11-02T19:49:49
14.71036	-60.91486	0	32	2021-11-02T20:19:53
14.71039	-60.91486	0	32	2021-11-02T20:29:49
14.71046	-60.91486	0	32	2021-11-02T20:49:47
14.71037	-60.91477	0	32	2021-11-02T20:54:46
14.71041	-60.91486	0	32	2021-11-02T20:59:46
14.71043	-60.91492	0	32	2021-11-02T21:39:52
14.71040	-60.91461	0	32	2021-11-02T21:59:52
14.71044	-60.91483	0	32	2021-11-02T22:19:40
14.71048	-60.91466	0	32	2021-11-02T22:24:41
14.71044	-60.91483	0	32	2021-11-02T22:29:41
14.71044	-60.91473	0	32	2021-11-02T22:34:35
14.71053	-60.91473	0	32	2021-11-02T22:39:36
14.71049	-60.91473	0	32	2021-11-02T22:44:36
14.71047	-60.91461	0	32	2021-11-02T22:49:38
14.71040	-60.91469	0	32	2021-11-02T23:07:29
14.71031	-60.91452	0	32	2021-11-02T23:12:28
14.71045	-60.91487	0	32	2021-11-02T23:19:39
14.71045	-60.91470	0	32	2021-11-02T23:24:39
14.71044	-60.91476	0	32	2021-11-02T23:39:38
14.71035	-60.91467	0	32	2021-11-02T23:44:38
14.71036	-60.91472	0	32	2021-11-03T00:54:33
14.71036	-60.91481	0	32	2021-11-03T00:59:33
14.71040	-60.91464	0	32	2021-11-03T01:04:34
14.71036	-60.91446	0	32	2021-11-03T01:21:17
14.71052	-60.91446	0	32	2021-11-03T01:29:31
14.71048	-60.91446	0	32	2021-11-03T01:34:31
14.71041	-60.91464	0	32	2021-11-03T01:39:32
14.71045	-60.91479	0	32	2021-11-03T01:49:30
14.71054	-60.91505	0	32	2021-11-03T01:54:31
14.71050	-60.91479	0	32	2021-11-03T01:59:31
14.71056	-60.91495	0	32	2021-11-03T02:04:25
14.71052	-60.91495	0	32	2021-11-03T02:09:25
14.71065	-60.91495	0	32	2021-11-03T02:14:24
14.71046	-60.91470	0	32	2021-11-03T03:19:21
14.71044	-60.91476	0	32	2021-11-03T03:44:15
14.71050	-60.91489	0	32	2021-11-03T04:19:18
14.71041	-60.91489	0	32	2021-11-03T04:29:19
14.71040	-60.91489	0	32	2021-11-03T05:04:31
14.71049	-60.91489	0	32	2021-11-03T05:09:30
14.71046	-60.91486	0	32	2021-11-03T05:19:27
14.71037	-60.91486	0	32	2021-11-03T05:24:27
14.71041	-60.91486	0	32	2021-11-03T05:29:26
14.71039	-60.91489	0	32	2021-11-03T05:34:34
14.71051	-60.91498	0	32	2021-11-03T06:04:32
14.71051	-60.91489	0	32	2021-11-03T06:09:32
14.71031	-60.91473	0	32	2021-11-03T06:29:51
14.71035	-60.91473	0	32	2021-11-03T06:34:51
14.71038	-60.91476	0	32	2021-11-03T06:39:38
14.71039	-60.91479	0	32	2021-11-03T07:39:31
14.71044	-60.91476	0	32	2021-11-03T08:24:31
14.71040	-60.91483	0	32	2021-11-03T09:34:20
14.71044	-60.91483	0	32	2021-11-03T09:39:19
14.71032	-60.91438	0	32	2021-11-03T10:39:12
14.71036	-60.91464	0	32	2021-11-03T10:49:11
14.71026	-60.91448	0	32	2021-11-03T10:59:06
14.71026	-60.91474	0	32	2021-11-03T11:04:06
14.71047	-60.91483	0	32	2021-11-03T11:09:06
14.71030	-60.91470	0	32	2021-11-03T11:14:04
14.71033	-60.91476	0	32	2021-11-03T11:24:05
14.71048	-60.91510	0	32	2021-11-03T11:49:17
14.71040	-60.91489	0	32	2021-11-03T12:19:06
14.71043	-60.91486	0	32	2021-11-03T12:29:01
14.71047	-60.91470	0	32	2021-11-03T12:48:55
14.71047	-60.91461	0	32	2021-11-03T12:53:54
14.71056	-60.91461	0	32	2021-11-03T12:58:55
14.71047	-60.91461	0	32	2021-11-03T13:49:03
14.71056	-60.91461	0	32	2021-11-03T13:54:04
14.71056	-60.91452	0	32	2021-11-03T13:59:04
14.71062	-60.91431	0	32	2021-11-03T14:04:05
14.71043	-60.91469	0	32	2021-11-03T14:34:38
14.71041	-60.91495	0	32	2021-11-03T14:40:51
14.71047	-60.91495	0	32	2021-11-03T14:44:38
14.71048	-60.91501	0	32	2021-11-03T15:09:05
14.71048	-60.91495	0	32	2021-11-03T15:19:07
14.71041	-60.91492	0	32	2021-11-03T15:24:05
14.71041	-60.91483	0	32	2021-11-03T15:29:05
14.71037	-60.91483	0	32	2021-11-03T15:34:06
14.71056	-60.91503	0	32	2021-11-03T15:39:03
14.71055	-60.91483	0	32	2021-11-03T15:44:06
14.71048	-60.91486	0	32	2021-11-03T15:49:04
14.71048	-60.91483	0	32	2021-11-03T15:54:05
14.71049	-60.91476	0	32	2021-11-03T16:19:02
14.71044	-60.91461	0	32	2021-11-03T16:24:04
14.71058	-60.91467	0	32	2021-11-03T16:29:02
14.71052	-60.91458	0	32	2021-11-03T16:34:03
14.71055	-60.91467	0	32	2021-11-03T16:48:58
14.71061	-60.91477	0	32	2021-11-03T16:53:57
14.71058	-60.91476	0	32	2021-11-03T16:53:59
14.71065	-60.91486	0	32	2021-11-03T16:58:57
14.71056	-60.91489	0	32	2021-11-03T17:08:51
14.71055	-60.91504	0	32	2021-11-03T18:30:17
14.71051	-60.91504	0	32	2021-11-03T18:40:16
14.71053	-60.91510	0	32	2021-11-03T18:43:48
14.71048	-60.91489	0	32	2021-11-03T18:53:51
14.71048	-60.91498	0	32	2021-11-03T19:03:52
14.71048	-60.91488	0	32	2021-11-03T19:08:53
14.71044	-60.91479	0	32	2021-11-03T19:13:53
14.71032	-60.91461	0	32	2021-11-03T19:18:51
14.71049	-60.91461	0	32	2021-11-03T19:23:51
14.71053	-60.91480	0	32	2021-11-03T19:30:04
14.71053	-60.91446	0	32	2021-11-03T19:35:03
14.71023	-60.91437	0	32	2021-11-03T19:40:03
14.71034	-60.91455	0	32	2021-11-03T19:43:54
14.71033	-60.91461	0	32	2021-11-03T19:53:55
14.71032	-60.91452	0	32	2021-11-03T19:58:57
14.71036	-60.91470	0	32	2021-11-03T21:44:07
14.71045	-60.91479	0	32	2021-11-03T21:54:08
14.71033	-60.91473	0	32	2021-11-03T21:59:10
14.71046	-60.91473	0	32	2021-11-03T22:04:10
14.71037	-60.91473	0	32	2021-11-03T22:09:10
14.71051	-60.91461	0	32	2021-11-03T22:14:13
14.71047	-60.91470	0	32	2021-11-03T22:34:15
14.71045	-60.91467	0	32	2021-11-03T22:54:18
14.71046	-60.91481	0	32	2021-11-03T23:04:22
14.71046	-60.91472	0	32	2021-11-03T23:09:22
14.71046	-60.91489	0	32	2021-11-03T23:14:23
14.71049	-60.91483	0	32	2021-11-03T23:29:37
14.71045	-60.91480	0	32	2021-11-03T23:41:50
14.71041	-60.91480	0	32	2021-11-03T23:46:51
14.71045	-60.91489	0	32	2021-11-03T23:51:51
14.71035	-60.91470	0	32	2021-11-04T00:44:23
14.71037	-60.91467	0	32	2021-11-04T00:54:20
14.71037	-60.91470	0	32	2021-11-04T00:56:55
14.71037	-60.91467	0	32	2021-11-04T01:04:19
14.71041	-60.91464	0	32	2021-11-04T01:14:19
14.71067	-60.91455	0	32	2021-11-04T01:19:18
14.71041	-60.91455	0	32	2021-11-04T01:24:18
14.71042	-60.91489	0	32	2021-11-04T02:34:14
14.71038	-60.91480	0	32	2021-11-04T02:39:14
14.71047	-60.91489	0	32	2021-11-04T02:44:13
14.71039	-60.91483	0	32	2021-11-04T03:04:08
14.71048	-60.91500	0	32	2021-11-04T03:09:09
14.71039	-60.91483	0	32	2021-11-04T03:14:09
14.71034	-60.91483	0	32	2021-11-04T03:24:07
14.71038	-60.91483	0	32	2021-11-04T03:34:06
14.71039	-60.91484	0	32	2021-11-04T03:44:08
14.71043	-60.91484	0	32	2021-11-04T03:49:08
14.71043	-60.91467	0	32	2021-11-04T03:54:09
14.71036	-60.91489	0	32	2021-11-04T03:59:43
14.71037	-60.91480	0	32	2021-11-04T04:04:02
14.71033	-60.91489	0	32	2021-11-04T04:14:01
14.71028	-60.91489	0	32	2021-11-04T04:23:58
14.71031	-60.91483	0	32	2021-11-04T04:29:04
14.71032	-60.91489	0	32	2021-11-04T04:33:57
14.71028	-60.91492	0	32	2021-11-04T04:43:57
14.71032	-60.91492	0	32	2021-11-04T04:48:56
14.71036	-60.91483	0	32	2021-11-04T04:53:56
14.71035	-60.91479	0	32	2021-11-04T04:59:29
14.71035	-60.91483	0	32	2021-11-04T05:08:52
14.71037	-60.91474	0	32	2021-11-04T05:23:56
14.71041	-60.91483	0	32	2021-11-04T05:28:55
14.71037	-60.91483	0	32	2021-11-04T05:33:56
14.71048	-60.91482	0	32	2021-11-04T06:39:09
14.71031	-60.91473	0	32	2021-11-04T06:44:08
14.71035	-60.91473	0	32	2021-11-04T06:49:08
14.71041	-60.91484	0	32	2021-11-04T07:14:16
14.71041	-60.91493	0	32	2021-11-04T07:19:16
14.71041	-60.91467	0	32	2021-11-04T07:24:15
14.71040	-60.91483	0	32	2021-11-04T07:44:29
14.71039	-60.91482	0	32	2021-11-04T07:49:10
14.71035	-60.91473	0	32	2021-11-04T07:54:10
14.71039	-60.91473	0	32	2021-11-04T07:59:09
14.71040	-60.91483	0	32	2021-11-04T09:09:04
14.71039	-60.91486	0	32	2021-11-04T09:29:01
14.71040	-60.91476	0	32	2021-11-04T09:54:04
14.71036	-60.91477	0	32	2021-11-04T10:09:00
14.71032	-60.91486	0	32	2021-11-04T10:14:00
14.71036	-60.91463	0	32	2021-11-04T10:33:59
14.71032	-60.91437	0	32	2021-11-04T10:38:58
14.71046	-60.91464	0	32	2021-11-04T10:44:29
14.71033	-60.91464	0	32	2021-11-04T10:49:30
14.71022	-60.91437	0	32	2021-11-04T10:53:55
14.71031	-60.91489	0	32	2021-11-04T11:08:51
14.71040	-60.91489	0	32	2021-11-04T11:13:51
14.71036	-60.91489	0	32	2021-11-04T11:18:50
14.71037	-60.91489	0	32	2021-11-04T11:28:49
14.71043	-60.91492	0	32	2021-11-04T12:08:46
14.71040	-60.91483	0	32	2021-11-04T12:13:47
14.71036	-60.91483	0	32	2021-11-04T12:23:47
14.71039	-60.91483	0	32	2021-11-04T13:03:51
14.71046	-60.91498	0	32	2021-11-04T13:23:44
14.71049	-60.91479	0	32	2021-11-04T13:38:41
14.71053	-60.91476	0	32	2021-11-04T13:43:40
14.71045	-60.91480	0	32	2021-11-04T14:03:39
14.71036	-60.91489	0	32	2021-11-04T14:08:39
14.71036	-60.91473	0	32	2021-11-04T14:38:32
14.71036	-60.91456	0	32	2021-11-04T14:43:31
14.71045	-60.91473	0	32	2021-11-04T14:48:31
14.71036	-60.91476	0	32	2021-11-04T15:03:29
14.71040	-60.91476	0	32	2021-11-04T15:08:29
14.71036	-60.91476	0	32	2021-11-04T15:13:28
14.71042	-60.91480	0	32	2021-11-04T15:18:24
14.71051	-60.91489	0	32	2021-11-04T15:23:24
14.71054	-60.91489	0	32	2021-11-04T15:28:21
14.71045	-60.91489	0	32	2021-11-04T15:38:20
14.71049	-60.91488	0	32	2021-11-04T15:43:16
14.71045	-60.91479	0	32	2021-11-04T15:53:15
14.71036	-60.91483	0	32	2021-11-04T15:58:38
14.71041	-60.91467	0	32	2021-11-04T16:23:16
14.71041	-60.91458	0	32	2021-11-04T16:28:17
14.71041	-60.91467	0	32	2021-11-04T16:33:17
14.71038	-60.91473	0	32	2021-11-04T18:18:28
14.71051	-60.91518	0	32	2021-11-04T18:38:25
14.71042	-60.91467	0	32	2021-11-04T18:43:25
14.71038	-60.91467	0	32	2021-11-04T18:48:26
14.71040	-60.91452	0	32	2021-11-04T18:58:23
14.71040	-60.91443	0	32	2021-11-04T19:03:23
14.71040	-60.91452	0	32	2021-11-04T19:08:22
14.71043	-60.91489	0	32	2021-11-04T21:08:15
14.71056	-60.91515	0	32	2021-11-04T21:13:15
14.71043	-60.91489	0	32	2021-11-04T21:18:14
14.71046	-60.91470	0	32	2021-11-04T21:28:14
14.71046	-60.91479	0	32	2021-11-04T21:38:13
14.71048	-60.91486	0	32	2021-11-04T21:48:14
14.71044	-60.91469	0	32	2021-11-04T21:53:15
14.71044	-60.91486	0	32	2021-11-04T21:58:15
14.71049	-60.91483	0	32	2021-11-04T22:08:20
14.71045	-60.91483	0	32	2021-11-04T22:18:19
14.71045	-60.91470	0	32	2021-11-04T22:28:17
14.71041	-60.91461	0	32	2021-11-04T22:33:17
14.71041	-60.91470	0	32	2021-11-04T22:38:16
14.71046	-60.91473	0	32	2021-11-04T23:08:47
14.71050	-60.91464	0	32	2021-11-04T23:13:47
14.71041	-60.91473	0	32	2021-11-04T23:18:46
14.71039	-60.91477	0	32	2021-11-04T23:53:12
14.71043	-60.91486	0	32	2021-11-04T23:58:12
14.71048	-60.91461	0	32	2021-11-05T00:08:11
14.71040	-60.91486	0	32	2021-11-05T00:23:02
14.71044	-60.91486	0	32	2021-11-05T00:28:02
14.71039	-60.91479	0	32	2021-11-05T00:52:55
14.71051	-60.91464	0	32	2021-11-05T01:07:53
14.71040	-60.91483	0	32	2021-11-05T01:32:46
14.71039	-60.91482	0	32	2021-11-05T01:37:44
14.71043	-60.91473	0	32	2021-11-05T01:42:44
14.71054	-60.91495	0	32	2021-11-05T02:47:33
14.71048	-60.91495	0	32	2021-11-05T03:17:43
14.71040	-60.91484	0	32	2021-11-05T03:47:29
14.71040	-60.91510	0	32	2021-11-05T03:57:30
14.71038	-60.91489	0	32	2021-11-05T04:02:27
14.71041	-60.91503	0	32	2021-11-05T04:47:29
14.71045	-60.91486	0	32	2021-11-05T04:57:28
14.71046	-60.91483	0	32	2021-11-05T05:02:41
14.71042	-60.91483	0	32	2021-11-05T05:07:42
14.71046	-60.91483	0	32	2021-11-05T05:12:42
14.71045	-60.91489	0	32	2021-11-05T05:28:51
14.71044	-60.91495	0	32	2021-11-05T05:37:28
14.71036	-60.91483	0	32	2021-11-05T05:52:25
14.71062	-60.91503	0	32	2021-11-05T05:57:20
14.71045	-60.91486	0	32	2021-11-05T06:02:20
14.71049	-60.91486	0	32	2021-11-05T06:07:21
14.71061	-60.91507	0	32	2021-11-05T06:12:18
14.71038	-60.91464	0	32	2021-11-05T06:18:45
14.71038	-60.91473	0	32	2021-11-05T06:23:45
14.71029	-60.91464	0	32	2021-11-05T06:28:46
14.71033	-60.91461	0	32	2021-11-05T06:32:18
14.71035	-60.91467	0	32	2021-11-05T06:47:23
14.71039	-60.91476	0	32	2021-11-05T06:52:22
14.71036	-60.91479	0	32	2021-11-05T06:57:14
14.71040	-60.91479	0	32	2021-11-05T07:07:15
14.71044	-60.91499	0	32	2021-11-05T07:17:42
14.71044	-60.91473	0	32	2021-11-05T07:27:43
14.71039	-60.91467	0	32	2021-11-05T07:32:17
14.71036	-60.91489	0	32	2021-11-05T08:32:16
14.71032	-60.91483	0	32	2021-11-05T08:47:21
14.71036	-60.91483	0	32	2021-11-05T08:57:20
14.71039	-60.91489	0	32	2021-11-05T09:07:18
14.71038	-60.91479	0	32	2021-11-05T09:12:22
14.71034	-60.91479	0	32	2021-11-05T09:22:21
14.71040	-60.91489	0	32	2021-11-05T09:27:21
14.71040	-60.91492	0	32	2021-11-05T09:32:21
14.71040	-60.91489	0	32	2021-11-05T09:37:22
14.71039	-60.91486	0	32	2021-11-05T09:42:20
14.71034	-60.91479	0	32	2021-11-05T10:12:14
14.71038	-60.91470	0	32	2021-11-05T10:17:14
14.71034	-60.91492	0	32	2021-11-05T10:22:13
14.71034	-60.91435	0	32	2021-11-05T10:32:17
14.71043	-60.91452	0	32	2021-11-05T10:37:17
14.71039	-60.91495	0	32	2021-11-05T10:42:18
14.71032	-60.91467	0	32	2021-11-05T12:12:03
14.71040	-60.91467	0	32	2021-11-05T12:24:34
14.71044	-60.91467	0	32	2021-11-05T12:29:33
14.71046	-60.91461	0	32	2021-11-05T12:31:59
14.71045	-60.91455	0	32	2021-11-05T12:56:58
14.71051	-60.91453	0	32	2021-11-05T13:22:29
14.71055	-60.91453	0	32	2021-11-05T13:27:28
14.71051	-60.91470	0	32	2021-11-05T13:32:28
14.71058	-60.91467	0	32	2021-11-05T13:41:55
14.71071	-60.91467	0	32	2021-11-05T13:46:56
14.71060	-60.91491	0	32	2021-11-05T14:27:05
14.71039	-60.91491	0	32	2021-11-05T14:32:04
14.71048	-60.91525	0	32	2021-11-05T14:37:04
14.71047	-60.91495	0	32	2021-11-05T14:42:05
14.71051	-60.91489	0	32	2021-11-05T14:51:51
14.71047	-60.91489	0	32	2021-11-05T15:01:52
14.71053	-60.91492	0	32	2021-11-05T15:16:57
14.71049	-60.91492	0	32	2021-11-05T15:21:57
14.71045	-60.91479	0	32	2021-11-05T15:31:59
14.71041	-60.91479	0	32	2021-11-05T15:42:00
14.71045	-60.91488	0	32	2021-11-05T15:51:59
14.71045	-60.91479	0	32	2021-11-05T15:56:59
14.71036	-60.91470	0	32	2021-11-05T16:02:00
14.71035	-60.91452	0	32	2021-11-05T16:11:57
14.71039	-60.91461	0	32	2021-11-05T16:16:57
14.71035	-60.91452	0	32	2021-11-05T16:21:56
14.71041	-60.91415	0	32	2021-11-05T16:26:57
14.71044	-60.91483	0	32	2021-11-05T18:02:04
14.71048	-60.91483	0	32	2021-11-05T18:12:03
14.71044	-60.91484	0	32	2021-11-05T19:02:00
14.71040	-60.91493	0	32	2021-11-05T19:07:00
14.71044	-60.91467	0	32	2021-11-05T19:12:00
14.71052	-60.91513	0	32	2021-11-05T19:16:57
14.71038	-60.91458	0	32	2021-11-05T19:21:58
14.71042	-60.91458	0	32	2021-11-05T19:26:57
14.71029	-60.91449	0	32	2021-11-05T19:31:57
14.71034	-60.91470	0	32	2021-11-05T20:06:58
14.71030	-60.91477	0	32	2021-11-05T20:26:59
14.71039	-60.91486	0	32	2021-11-05T20:31:59
14.71053	-60.91489	0	32	2021-11-05T21:16:59
14.71040	-60.91489	0	32	2021-11-05T21:21:59
14.71044	-60.91498	0	32	2021-11-05T21:26:58
14.71046	-60.91473	0	32	2021-11-05T22:41:52
14.71040	-60.91473	0	32	2021-11-05T22:56:50
14.71036	-60.91473	0	32	2021-11-05T23:46:43
14.71032	-60.91473	0	32	2021-11-05T23:51:44
14.71043	-60.91479	0	32	2021-11-06T01:36:46
14.71054	-60.91498	0	32	2021-11-06T02:06:37
14.71041	-60.91498	0	32	2021-11-06T02:11:37
14.71045	-60.91498	0	32	2021-11-06T02:16:38
14.71035	-60.91467	0	32	2021-11-06T02:57:26
14.71039	-60.91479	0	32	2021-11-06T03:06:47
14.71044	-60.91489	0	32	2021-11-06T03:16:41
14.71046	-60.91495	0	32	2021-11-06T03:21:44
14.71044	-60.91489	0	32	2021-11-06T03:26:42
14.71046	-60.91483	0	32	2021-11-06T04:01:34
14.71040	-60.91489	0	32	2021-11-06T04:06:34
14.71029	-60.91475	0	32	2021-11-06T05:31:36
14.71042	-60.91475	0	32	2021-11-06T05:36:36
14.71051	-60.91492	0	32	2021-11-06T05:41:35
14.71047	-60.91498	0	32	2021-11-06T06:06:36
14.71055	-60.91498	0	32	2021-11-06T06:11:42
14.71043	-60.91489	0	32	2021-11-06T06:16:36
14.71006	-60.91443	0	32	2021-11-06T06:21:54
14.71031	-60.91464	0	32	2021-11-06T06:36:25
14.71036	-60.91486	0	32	2021-11-06T07:17:47
14.71039	-60.91486	0	32	2021-11-06T09:06:11
14.71045	-60.91489	0	32	2021-11-06T09:26:08
14.71039	-60.91477	0	32	2021-11-06T09:36:10
14.71043	-60.91486	0	32	2021-11-06T09:41:10
14.71039	-60.91486	0	32	2021-11-06T09:46:11
14.71038	-60.91489	0	32	2021-11-06T10:01:12
14.71034	-60.91489	0	32	2021-11-06T10:06:11
14.71034	-60.91458	0	32	2021-11-06T10:46:09
14.71035	-60.91483	0	32	2021-11-06T10:51:03
14.71049	-60.91495	0	32	2021-11-06T11:31:02
14.71043	-60.91489	0	32	2021-11-06T12:01:02
14.71044	-60.91489	0	32	2021-11-06T12:16:04
14.71038	-60.91492	0	32	2021-11-06T12:31:05
14.71039	-60.91492	0	32	2021-11-06T12:36:04
14.71058	-60.91466	0	32	2021-11-06T12:45:59
14.71062	-60.91466	0	32	2021-11-06T12:50:59
14.71045	-60.91483	0	32	2021-11-06T12:55:58
14.71056	-60.91427	0	32	2021-11-06T13:00:53
14.71047	-60.91478	0	32	2021-11-06T13:05:52
14.71051	-60.91461	0	32	2021-11-06T13:10:52
14.71047	-60.91498	0	32	2021-11-06T13:15:54
14.71044	-60.91478	0	32	2021-11-06T13:30:55
14.71048	-60.91478	0	32	2021-11-06T13:35:55
14.71039	-60.91495	0	32	2021-11-06T13:40:54
14.71058	-60.91425	0	32	2021-11-06T13:45:50
14.71049	-60.91479	0	32	2021-11-06T15:05:56
14.71040	-60.91479	0	32	2021-11-06T15:10:57
14.71050	-60.91492	0	32	2021-11-06T15:20:52
14.71039	-60.91492	0	32	2021-11-06T15:30:54
14.71041	-60.91495	0	32	2021-11-06T15:40:47
14.71041	-60.91486	0	32	2021-11-06T15:50:48
14.71045	-60.91485	0	32	2021-11-06T15:55:49
14.71028	-60.91476	0	32	2021-11-06T16:00:49
14.71041	-60.91476	0	32	2021-11-06T16:05:48
14.71050	-60.91458	0	32	2021-11-06T16:15:48
14.71046	-60.91449	0	32	2021-11-06T16:20:47
14.71050	-60.91458	0	32	2021-11-06T16:25:47
14.71056	-60.91461	0	32	2021-11-06T16:30:46
14.71057	-60.91483	0	32	2021-11-06T16:55:52
14.71053	-60.91483	0	32	2021-11-06T17:05:52
14.71051	-60.91483	0	32	2021-11-06T17:50:54
14.71047	-60.91482	0	32	2021-11-06T17:55:54
14.71047	-60.91473	0	32	2021-11-06T18:00:54
14.71035	-60.91483	0	32	2021-11-06T18:05:56
14.71048	-60.91483	0	32	2021-11-06T18:15:57
14.71051	-60.91495	0	32	2021-11-06T18:20:55
14.71039	-60.91469	0	32	2021-11-06T18:40:55
14.71039	-60.91478	0	32	2021-11-06T18:45:55
14.71039	-60.91452	0	32	2021-11-06T18:50:56
14.71039	-60.91467	0	32	2021-11-06T18:56:00
14.71034	-60.91458	0	32	2021-11-06T19:10:53
14.71043	-60.91509	0	32	2021-11-06T19:15:53
14.71034	-60.91458	0	32	2021-11-06T19:20:54
14.71041	-60.91452	0	32	2021-11-06T19:25:53
14.71037	-60.91452	0	32	2021-11-06T19:30:52
14.71037	-60.91483	0	32	2021-11-06T20:39:18
14.71044	-60.91486	0	32	2021-11-06T20:40:41
14.71044	-60.91489	0	32	2021-11-06T21:05:41
14.71043	-60.91486	0	32	2021-11-06T21:30:34
14.71045	-60.91482	0	32	2021-11-06T21:35:39
14.71040	-60.91486	0	32	2021-11-06T21:41:17
14.71045	-60.91473	0	32	2021-11-06T21:45:40
14.71037	-60.91483	0	32	2021-11-06T21:50:33
14.71045	-60.91483	0	32	2021-11-06T22:10:36
14.71045	-60.91482	0	32	2021-11-06T22:15:38
14.71045	-60.91473	0	32	2021-11-06T22:20:38
14.71038	-60.91464	0	32	2021-11-06T22:45:41
14.71040	-60.91461	0	32	2021-11-06T23:15:31
14.71040	-60.91452	0	32	2021-11-06T23:25:30
14.71040	-60.91473	0	32	2021-11-06T23:30:58
14.71040	-60.91464	0	32	2021-11-06T23:35:58
14.71040	-60.91473	0	32	2021-11-06T23:40:58
14.71043	-60.91483	0	32	2021-11-06T23:55:39
14.71046	-60.91489	0	32	2021-11-07T00:35:30
14.71040	-60.91469	0	32	2021-11-07T02:35:52
14.71031	-60.91486	0	32	2021-11-07T02:40:52
14.71040	-60.91486	0	32	2021-11-07T02:45:53
14.71049	-60.91501	0	32	2021-11-07T02:50:15
14.71048	-60.91500	0	32	2021-11-07T03:00:09
14.71039	-60.91483	0	32	2021-11-07T03:10:08
14.71035	-60.91473	0	32	2021-11-07T03:20:05
14.71035	-60.91476	0	32	2021-11-07T03:25:08
14.71035	-60.91473	0	32	2021-11-07T03:30:05
14.71037	-60.91476	0	32	2021-11-07T03:35:06
14.71041	-60.91467	0	32	2021-11-07T03:40:07
14.71037	-60.91467	0	32	2021-11-07T03:50:06
14.71035	-60.91476	0	32	2021-11-07T04:10:16
14.71040	-60.91486	0	32	2021-11-07T04:30:10
14.71040	-60.91483	0	32	2021-11-07T04:35:02
14.71043	-60.91489	0	32	2021-11-07T05:00:02
14.71039	-60.91489	0	32	2021-11-07T05:10:01
14.71041	-60.91492	0	32	2021-11-07T05:35:05
14.71041	-60.91483	0	32	2021-11-07T05:40:05
14.71033	-60.91476	0	32	2021-11-07T06:09:59
14.71029	-60.91467	0	32	2021-11-07T06:19:58
14.71031	-60.91467	0	32	2021-11-07T06:24:54
14.71034	-60.91483	0	32	2021-11-07T06:30:00
14.71034	-60.91474	0	32	2021-11-07T06:35:00
14.71043	-60.91483	0	32	2021-11-07T06:40:01
14.71053	-60.91500	0	32	2021-11-07T06:49:57
14.71036	-60.91483	0	32	2021-11-07T06:54:56
14.71040	-60.91483	0	32	2021-11-07T06:59:56
14.71037	-60.91483	0	32	2021-11-07T07:34:51
14.71040	-60.91486	0	32	2021-11-07T07:50:00
14.71044	-60.91486	0	32	2021-11-07T07:54:59
14.71035	-60.91495	0	32	2021-11-07T07:59:59
14.71041	-60.91495	0	32	2021-11-07T08:04:55
14.71039	-60.91486	0	32	2021-11-07T08:24:51
14.71039	-60.91483	0	32	2021-11-07T08:29:55
14.71039	-60.91486	0	32	2021-11-07T08:34:50
14.71039	-60.91483	0	32	2021-11-07T08:39:54
14.71032	-60.91483	0	32	2021-11-07T08:54:57
14.71036	-60.91486	0	32	2021-11-07T08:59:45
14.71040	-60.91486	0	32	2021-11-07T09:09:44
14.71034	-60.91474	0	32	2021-11-07T09:29:39
14.71034	-60.91483	0	32	2021-11-07T09:34:39
14.71045	-60.91483	0	32	2021-11-07T09:39:33
14.71032	-60.91483	0	32	2021-11-07T09:44:33
14.71036	-60.91483	0	32	2021-11-07T09:49:32
14.71039	-60.91465	0	32	2021-11-07T10:04:37
14.71043	-60.91482	0	32	2021-11-07T10:09:37
14.71039	-60.91473	0	32	2021-11-07T10:14:36
14.71046	-60.91483	0	32	2021-11-07T11:10:01
14.71042	-60.91483	0	32	2021-11-07T11:15:01
14.71046	-60.91492	0	32	2021-11-07T11:20:01
14.71050	-60.91504	0	32	2021-11-07T11:29:41
14.71043	-60.91489	0	32	2021-11-07T11:59:35
14.71044	-60.91492	0	32	2021-11-07T12:14:41
14.71061	-60.91501	0	32	2021-11-07T12:19:41
14.71044	-60.91492	0	32	2021-11-07T12:24:41
14.71045	-60.91492	0	32	2021-11-07T12:29:51
14.71049	-60.91483	0	32	2021-11-07T12:39:50
14.71043	-60.91476	0	32	2021-11-07T12:54:44
14.71047	-60.91476	0	32	2021-11-07T12:59:44
14.71050	-60.91489	0	32	2021-11-07T13:04:29
14.71100	-60.91373	0	32	2021-11-07T13:44:21
14.71044	-60.91480	0	32	2021-11-07T14:04:25
14.71039	-60.91489	0	32	2021-11-07T14:09:27
14.71040	-60.91489	0	32	2021-11-07T14:14:24
14.71039	-60.91473	0	32	2021-11-07T14:20:36
14.71041	-60.91483	0	32	2021-11-07T14:34:21
14.71043	-60.91492	0	32	2021-11-07T14:44:19
14.71039	-60.91483	0	32	2021-11-07T14:49:18
14.71053	-60.91495	0	32	2021-11-07T15:29:15
14.71057	-60.91495	0	32	2021-11-07T15:44:19
14.71053	-60.91486	0	32	2021-11-07T15:49:20
14.71023	-60.91452	0	32	2021-11-07T15:54:20
14.71046	-60.91452	0	32	2021-11-07T16:39:14
14.71046	-60.91483	0	32	2021-11-07T17:14:12
14.71045	-60.91488	0	32	2021-11-07T17:24:16
14.71045	-60.91479	0	32	2021-11-07T17:29:16
14.71048	-60.91483	0	32	2021-11-07T17:39:12
14.71051	-60.91466	0	32	2021-11-07T17:54:09
14.71038	-60.91483	0	32	2021-11-07T17:59:08
14.71034	-60.91483	0	32	2021-11-07T18:04:08
14.71039	-60.91489	0	32	2021-11-07T18:19:26
14.71039	-60.91483	0	32	2021-11-07T18:24:05
14.71039	-60.91473	0	32	2021-11-07T18:34:06
14.71039	-60.91464	0	32	2021-11-07T18:44:07
14.71040	-60.91485	0	32	2021-11-07T18:49:05
14.71040	-60.91476	0	32	2021-11-07T18:54:05
14.71040	-60.91510	0	32	2021-11-07T18:59:06
14.71043	-60.91461	0	32	2021-11-07T19:04:07
14.71033	-60.91446	0	32	2021-11-07T19:24:10
14.71036	-60.91463	0	32	2021-11-07T19:59:16
14.71006	-60.91437	0	32	2021-11-07T20:04:16
14.71030	-60.91473	0	32	2021-11-07T20:24:09
14.71034	-60.91473	0	32	2021-11-07T20:34:10
14.71045	-60.91472	0	32	2021-11-07T21:04:17
14.71039	-60.91473	0	32	2021-11-07T21:09:16
14.71050	-60.91489	0	32	2021-11-07T21:14:18
14.71040	-60.91479	0	32	2021-11-07T21:49:19
14.71040	-60.91483	0	32	2021-11-07T22:27:46
14.71049	-60.91474	0	32	2021-11-07T22:44:14
14.71049	-60.91483	0	32	2021-11-07T22:49:15
14.71053	-60.91483	0	32	2021-11-07T22:54:15
14.71045	-60.91489	0	32	2021-11-07T23:49:04
14.71050	-60.91486	0	32	2021-11-07T23:53:58
14.71054	-60.91486	0	32	2021-11-07T23:58:57
14.71064	-60.91489	0	32	2021-11-08T00:04:07
14.71049	-60.91479	0	32	2021-11-08T01:03:47
14.71058	-60.91479	0	32	2021-11-08T01:08:47
14.71054	-60.91489	0	32	2021-11-08T01:18:46
14.71047	-60.91490	0	32	2021-11-08T02:13:48
14.71043	-60.91481	0	32	2021-11-08T02:18:48
14.71047	-60.91498	0	32	2021-11-08T02:23:47
14.71047	-60.91495	0	32	2021-11-08T02:48:54
14.71051	-60.91495	0	32	2021-11-08T02:53:54
14.71047	-60.91489	0	32	2021-11-08T02:58:48
14.71043	-60.91495	0	32	2021-11-08T03:28:53
14.71047	-60.91495	0	32	2021-11-08T03:33:53
14.71044	-60.91483	0	32	2021-11-08T03:48:48
14.71040	-60.91483	0	32	2021-11-08T03:58:47
14.71038	-60.91489	0	32	2021-11-08T04:33:42
14.71035	-60.91483	0	32	2021-11-08T04:58:42
14.71037	-60.91483	0	32	2021-11-08T05:03:43
14.71035	-60.91483	0	32	2021-11-08T05:08:42
14.71029	-60.91486	0	32	2021-11-08T05:18:46
14.71029	-60.91477	0	32	2021-11-08T05:23:46
14.71038	-60.91486	0	32	2021-11-08T05:28:47
14.71035	-60.91466	0	32	2021-11-08T06:34:29
14.71044	-60.91483	0	32	2021-11-08T06:39:30
14.71035	-60.91483	0	32	2021-11-08T06:44:30
14.71040	-60.91486	0	32	2021-11-08T06:48:49
14.71040	-60.91483	0	32	2021-11-08T06:58:50
14.71047	-60.91495	0	32	2021-11-08T07:13:49
14.71043	-60.91486	0	32	2021-11-08T07:18:49
14.71047	-60.91495	0	32	2021-11-08T07:23:48
14.71042	-60.91488	0	32	2021-11-08T07:59:39
14.71042	-60.91479	0	32	2021-11-08T08:04:39
14.71038	-60.91479	0	32	2021-11-08T08:09:38
14.71039	-60.91489	0	32	2021-11-08T08:28:44
14.71040	-60.91489	0	32	2021-11-08T08:33:54
14.71035	-60.91489	0	32	2021-11-08T08:38:45
14.71044	-60.91489	0	32	2021-11-08T09:03:49
14.71031	-60.91480	0	32	2021-11-08T09:08:49
14.71040	-60.91489	0	32	2021-11-08T09:13:49
14.71041	-60.91498	0	32	2021-11-08T09:18:48
14.71038	-60.91488	0	32	2021-11-08T09:33:50
14.71038	-60.91479	0	32	2021-11-08T09:38:51
14.71036	-60.91483	0	32	2021-11-08T09:48:49
14.71041	-60.91476	0	32	2021-11-08T11:08:55
14.71045	-60.91467	0	32	2021-11-08T11:13:56
14.71036	-60.91479	0	32	2021-11-08T11:23:38
14.71032	-60.91473	0	32	2021-11-08T11:48:32
14.71028	-60.91464	0	32	2021-11-08T11:58:30
14.71032	-60.91464	0	32	2021-11-08T12:03:30
14.71036	-60.91473	0	32	2021-11-08T12:08:31
14.71045	-60.91434	0	32	2021-11-08T12:38:35
14.71038	-60.91422	0	32	2021-11-08T12:43:37
14.71040	-60.91412	0	32	2021-11-08T12:58:36
14.71044	-60.91395	0	32	2021-11-08T13:03:36
14.71044	-60.91464	0	32	2021-11-08T13:08:37
14.71062	-60.91435	0	32	2021-11-08T13:48:52
14.71053	-60.91452	0	32	2021-11-08T13:53:52
14.71040	-60.91479	0	32	2021-11-08T14:13:35
14.71037	-60.91495	0	32	2021-11-08T14:33:17
14.71037	-60.91486	0	32	2021-11-08T14:38:18
14.71039	-60.91486	0	32	2021-11-08T14:43:15
14.71047	-60.91501	0	32	2021-11-08T14:48:16
14.71046	-60.91485	0	32	2021-11-08T15:13:35
14.71050	-60.91485	0	32	2021-11-08T15:18:36
14.71033	-60.91476	0	32	2021-11-08T15:23:36
14.71036	-60.91483	0	32	2021-11-08T15:33:04
14.71039	-60.91474	0	32	2021-11-08T15:52:59
14.71037	-60.91470	0	32	2021-11-08T15:57:59
14.71039	-60.91483	0	32	2021-11-08T16:02:58
14.71045	-60.91486	0	32	2021-11-08T17:07:49
14.71041	-60.91486	0	32	2021-11-08T17:12:50
14.71054	-60.91486	0	32	2021-11-08T17:17:50
14.71049	-60.91492	0	32	2021-11-08T17:27:49
14.71045	-60.91486	0	32	2021-11-08T17:32:47
14.71043	-60.91492	0	32	2021-11-08T17:37:44
14.71043	-60.91483	0	32	2021-11-08T17:42:44
14.71043	-60.91492	0	32	2021-11-08T17:47:45
14.71037	-60.91486	0	32	2021-11-08T18:22:49
14.71041	-60.91486	0	32	2021-11-08T18:27:48
14.71040	-60.91466	0	32	2021-11-08T18:42:51
14.71049	-60.91483	0	32	2021-11-08T18:52:52
14.71049	-60.91479	0	32	2021-11-08T19:27:50
14.71048	-60.91492	0	32	2021-11-08T20:37:46
14.71039	-60.91483	0	32	2021-11-08T20:42:47
14.71046	-60.91495	0	32	2021-11-08T20:57:46
14.71045	-60.91489	0	32	2021-11-08T21:02:44
14.71048	-60.91492	0	32	2021-11-08T21:07:44
14.71052	-60.91489	0	32	2021-11-08T21:12:48
14.71043	-60.91483	0	32	2021-11-08T21:17:43
14.71047	-60.91477	0	32	2021-11-08T21:32:49
14.71043	-60.91460	0	32	2021-11-08T21:37:49
14.71043	-60.91486	0	32	2021-11-08T21:42:49
14.71039	-60.91490	0	32	2021-11-08T21:47:43
14.71046	-60.91473	0	32	2021-11-08T21:52:45
14.71048	-60.91473	0	32	2021-11-08T21:57:44
14.71040	-60.91479	0	32	2021-11-08T22:32:47
14.71040	-60.91475	0	32	2021-11-08T22:52:43
14.71040	-60.91501	0	32	2021-11-08T22:57:43
14.71027	-60.91477	0	32	2021-11-08T23:44:32
14.71036	-60.91486	0	32	2021-11-08T23:54:32
14.71031	-60.91458	0	32	2021-11-09T00:02:47
14.71031	-60.91467	0	32	2021-11-09T00:07:47
14.71031	-60.91458	0	32	2021-11-09T00:32:49
14.71034	-60.91470	0	32	2021-11-09T01:07:46
14.71035	-60.91514	0	32	2021-11-09T01:37:39
14.71035	-60.91488	0	32	2021-11-09T01:42:38
14.71044	-60.91479	0	32	2021-11-09T01:47:38
14.71045	-60.91486	0	32	2021-11-09T02:17:32
14.71036	-60.91472	0	32	2021-11-09T02:32:33
14.71040	-60.91489	0	32	2021-11-09T02:42:32
14.71044	-60.91489	0	32	2021-11-09T02:53:05
14.71040	-60.91489	0	32	2021-11-09T02:58:05
14.71041	-60.91489	0	32	2021-11-09T03:02:31
14.71045	-60.91498	0	32	2021-11-09T03:07:32
14.71044	-60.91501	0	32	2021-11-09T03:17:30
14.71044	-60.91492	0	32	2021-11-09T03:22:30
14.71041	-60.91489	0	32	2021-11-09T03:27:32
14.71037	-60.91489	0	32	2021-11-09T03:32:33
14.71039	-60.91495	0	32	2021-11-09T03:37:30
14.71036	-60.91498	0	32	2021-11-09T03:52:30
14.71036	-60.91489	0	32	2021-11-09T04:02:31
14.71038	-60.91492	0	32	2021-11-09T04:42:30
14.71034	-60.91489	0	32	2021-11-09T04:47:42
14.71038	-60.91498	0	32	2021-11-09T04:52:42
14.71040	-60.91489	0	32	2021-11-09T05:07:38
14.71039	-60.91489	0	32	2021-11-09T05:22:36
14.71048	-60.91489	0	32	2021-11-09T05:27:36
14.71061	-60.91489	0	32	2021-11-09T05:32:35
14.71040	-60.91489	0	32	2021-11-09T05:37:36
14.71049	-60.91489	0	32	2021-11-09T05:42:36
14.71037	-60.91483	0	32	2021-11-09T05:47:37
14.71050	-60.91492	0	32	2021-11-09T05:52:38
14.71032	-60.91483	0	32	2021-11-09T06:02:38
14.71036	-60.91492	0	32	2021-11-09T06:12:37
14.71036	-60.91491	0	32	2021-11-09T06:17:42
14.71036	-60.91482	0	32	2021-11-09T06:22:43
14.71032	-60.91473	0	32	2021-11-09T06:27:43
14.71030	-60.91461	0	32	2021-11-09T06:32:36
14.71036	-60.91483	0	32	2021-11-09T06:52:26
14.71035	-60.91483	0	32	2021-11-09T08:03:47
14.71037	-60.91486	0	32	2021-11-09T08:12:22
14.71038	-60.91489	0	32	2021-11-09T08:22:24
14.71039	-60.91489	0	32	2021-11-09T08:32:23
14.71027	-60.91479	0	32	2021-11-09T08:37:28
14.71039	-60.91489	0	32	2021-11-09T08:42:24
14.71038	-60.91489	0	32	2021-11-09T09:03:18
14.71039	-60.91495	0	32	2021-11-09T09:32:17
14.71026	-60.91495	0	32	2021-11-09T09:37:17
14.71039	-60.91495	0	32	2021-11-09T09:42:16
14.71043	-60.91486	0	32	2021-11-09T10:47:08
14.71035	-60.91479	0	32	2021-11-09T10:52:09
14.71044	-60.91495	0	32	2021-11-09T10:57:05
14.71039	-60.91483	0	32	2021-11-09T11:02:29
14.71043	-60.91492	0	32	2021-11-09T11:07:07
14.71043	-60.91483	0	32	2021-11-09T11:12:08
14.71041	-60.91489	0	32	2021-11-09T11:17:09
14.71036	-60.91467	0	32	2021-11-09T11:22:06
14.71036	-60.91458	0	32	2021-11-09T11:27:07
14.71036	-60.91467	0	32	2021-11-09T11:32:07
14.71042	-60.91473	0	32	2021-11-09T11:52:13
14.71038	-60.91473	0	32	2021-11-09T11:57:12
14.71040	-60.91467	0	32	2021-11-09T12:02:19
14.71036	-60.91467	0	32	2021-11-09T12:07:18
14.71053	-60.91467	0	32	2021-11-09T12:12:18
14.71044	-60.91452	0	32	2021-11-09T12:32:10
14.71046	-60.91446	0	32	2021-11-09T12:37:11
14.71054	-60.91440	0	32	2021-11-09T13:54:37
14.71041	-60.91483	0	32	2021-11-09T13:59:36
14.71045	-60.91492	0	32	2021-11-09T14:04:37
14.71041	-60.91492	0	32	2021-11-09T14:17:16
14.71041	-60.91501	0	32	2021-11-09T14:22:16
14.71044	-60.91489	0	32	2021-11-09T14:47:02
14.71045	-60.91489	0	32	2021-11-09T14:57:00
14.71054	-60.91498	0	32	2021-11-09T15:02:01
14.71046	-60.91489	0	32	2021-11-09T16:11:56
14.71047	-60.91486	0	32	2021-11-09T16:36:50
14.71043	-60.91486	0	32	2021-11-09T16:41:51
14.71047	-60.91489	0	32	2021-11-09T16:46:56
14.71044	-60.91489	0	32	2021-11-09T17:06:58
14.71048	-60.91489	0	32	2021-11-09T17:16:57
14.71052	-60.91504	0	32	2021-11-09T17:21:58
14.71073	-60.91521	0	32	2021-11-09T17:26:58
14.71052	-60.91495	0	32	2021-11-09T17:31:57
14.71051	-60.91492	0	32	2021-11-09T17:36:56
14.71046	-60.91495	0	32	2021-11-09T17:51:58
14.71040	-60.91495	0	32	2021-11-09T17:56:59
14.71047	-60.91486	0	32	2021-11-09T18:01:57
14.71056	-60.91495	0	32	2021-11-09T18:06:58
14.71052	-60.91495	0	32	2021-11-09T18:11:58
14.71059	-60.91501	0	32	2021-11-09T18:17:11
14.71048	-60.91495	0	32	2021-11-09T18:26:56
14.71046	-60.91483	0	32	2021-11-09T18:31:58
14.71060	-60.91443	0	32	2021-11-09T19:21:58
14.71064	-60.91434	0	32	2021-11-09T19:26:57
14.71043	-60.91434	0	32	2021-11-09T19:31:57
14.71041	-60.91422	0	32	2021-11-09T19:51:56
14.71037	-60.91422	0	32	2021-11-09T19:56:56
14.71046	-60.91473	0	32	2021-11-09T20:01:55
14.71036	-60.91428	0	32	2021-11-09T20:06:55
14.71040	-60.91479	0	32	2021-11-09T20:21:45
14.71031	-60.91470	0	32	2021-11-09T20:26:44
14.71051	-60.91497	0	32	2021-11-09T20:31:48
14.71042	-60.91480	0	32	2021-11-09T20:36:48
14.71046	-60.91489	0	32	2021-11-09T20:41:47
14.71032	-60.91467	0	32	2021-11-09T20:46:50
14.71032	-60.91476	0	32	2021-11-09T21:06:54
14.71047	-60.91482	0	32	2021-11-09T21:11:55
14.71038	-60.91473	0	32	2021-11-09T21:21:56
14.71046	-60.91473	0	32	2021-11-09T21:46:54
14.71046	-60.91476	0	32	2021-11-09T21:56:59
14.71056	-60.91467	0	32	2021-11-09T22:06:57
14.71043	-60.91467	0	32	2021-11-09T22:11:57
14.71047	-60.91467	0	32	2021-11-09T22:16:58
14.71045	-60.91474	0	32	2021-11-09T22:21:54
14.71041	-60.91483	0	32	2021-11-09T22:26:53
14.71056	-60.91467	0	32	2021-11-09T22:36:57
14.71048	-60.91495	0	32	2021-11-09T22:52:01
14.71040	-60.91486	0	32	2021-11-09T22:56:53
14.71046	-60.91489	0	32	2021-11-09T23:07:31
14.71050	-60.91489	0	32	2021-11-09T23:17:32
14.71046	-60.91492	0	32	2021-11-09T23:31:52
14.71046	-60.91483	0	32	2021-11-09T23:46:51
14.71050	-60.91483	0	32	2021-11-09T23:51:51
14.71041	-60.91483	0	32	2021-11-09T23:56:52
14.71046	-60.91473	0	32	2021-11-10T00:41:48
14.71050	-60.91473	0	32	2021-11-10T00:46:48
14.71047	-60.91489	0	32	2021-11-10T01:11:46
14.71051	-60.91489	0	32	2021-11-10T01:16:47
14.71047	-60.91486	0	32	2021-11-10T01:31:48
14.71043	-60.91486	0	32	2021-11-10T01:36:47
14.71047	-60.91486	0	32	2021-11-10T01:41:47
14.71044	-60.91489	0	32	2021-11-10T01:46:45
14.71046	-60.91489	0	32	2021-11-10T02:06:44
14.71049	-60.91492	0	32	2021-11-10T02:19:11
14.71040	-60.91483	0	32	2021-11-10T02:24:10
14.71044	-60.91483	0	32	2021-11-10T02:26:43
14.71045	-60.91455	0	32	2021-11-10T02:31:44
14.71042	-60.91479	0	32	2021-11-10T02:41:38
14.71038	-60.91479	0	32	2021-11-10T03:17:00
14.71042	-60.91479	0	32	2021-11-10T03:22:00
14.71038	-60.91479	0	32	2021-11-10T03:27:00
14.71037	-60.91473	0	32	2021-11-10T03:31:35
14.71048	-60.91473	0	32	2021-11-10T04:06:33
14.71031	-60.91467	0	32	2021-11-10T04:36:38
14.71037	-60.91476	0	32	2021-11-10T04:56:34
14.71036	-60.91482	0	32	2021-11-10T05:11:34
14.71023	-60.91473	0	32	2021-11-10T05:16:34
14.71032	-60.91473	0	32	2021-11-10T05:21:28
14.71044	-60.91489	0	32	2021-11-10T05:41:29
14.71048	-60.91489	0	32	2021-11-10T05:46:28
14.71044	-60.91489	0	32	2021-11-10T05:51:28
14.71034	-60.91479	0	32	2021-11-10T05:56:24
14.71053	-60.91503	0	32	2021-11-10T06:06:27
14.71040	-60.91486	0	32	2021-11-10T06:11:28
14.71049	-60.91495	0	32	2021-11-10T06:16:28
14.71032	-60.91464	0	32	2021-11-10T06:21:26
14.71037	-60.91489	0	32	2021-11-10T06:56:32
14.71039	-60.91483	0	32	2021-11-10T07:31:33
14.71039	-60.91492	0	32	2021-11-10T07:36:32
14.71048	-60.91492	0	32	2021-11-10T07:41:32
14.71047	-60.91489	0	32	2021-11-10T08:01:34
14.71036	-60.91489	0	32	2021-11-10T08:16:34
14.71040	-60.91489	0	32	2021-11-10T08:26:35
14.71044	-60.91489	0	32	2021-11-10T08:46:36
14.71039	-60.91486	0	32	2021-11-10T08:51:36
14.71045	-60.91489	0	32	2021-11-10T09:06:35
14.71048	-60.91492	0	32	2021-11-10T09:11:34
14.71041	-60.91483	0	32	2021-11-10T09:16:44
14.71036	-60.91495	0	32	2021-11-10T09:46:34
14.71042	-60.91495	0	32	2021-11-10T10:56:30
14.71046	-60.91495	0	32	2021-11-10T11:01:30
14.71044	-60.91498	0	32	2021-11-10T11:11:30
14.71040	-60.91489	0	32	2021-11-10T11:16:30
14.71031	-60.91455	0	32	2021-11-10T11:21:32
14.71033	-60.91467	0	32	2021-11-10T11:26:58
14.71024	-60.91458	0	32	2021-11-10T11:31:57
14.71033	-60.91467	0	32	2021-11-10T11:36:57
14.71027	-60.91458	0	32	2021-11-10T11:51:33
14.71031	-60.91467	0	32	2021-11-10T11:56:33
14.71037	-60.91464	0	32	2021-11-10T12:01:31
14.71046	-60.91464	0	32	2021-11-10T12:11:32
14.71043	-60.91467	0	32	2021-11-10T12:16:33
14.71047	-60.91492	0	32	2021-11-10T13:11:39
14.71056	-60.91483	0	32	2021-11-10T13:16:39
14.71052	-60.91492	0	32	2021-11-10T13:21:40
14.71042	-60.91473	0	32	2021-11-10T13:41:38
14.71055	-60.91396	0	32	2021-11-10T13:46:37
14.71046	-60.91473	0	32	2021-11-10T13:51:37
14.71039	-60.91490	0	32	2021-11-10T14:01:32
14.71039	-60.91481	0	32	2021-11-10T14:06:32
14.71043	-60.91498	0	32	2021-11-10T14:11:33
14.71047	-60.91501	0	32	2021-11-10T14:16:42
14.71044	-60.91498	0	32	2021-11-10T14:21:23
14.71044	-60.91489	0	32	2021-11-10T14:26:24
14.71041	-60.91483	0	32	2021-11-10T14:31:24
14.71038	-60.91486	0	32	2021-11-10T14:41:27
14.71047	-60.91495	0	32	2021-11-10T14:51:28
14.71049	-60.91489	0	32	2021-11-10T14:56:29
14.71053	-60.91498	0	32	2021-11-10T15:01:30
14.71042	-60.91480	0	32	2021-11-10T16:51:19
14.71042	-60.91489	0	32	2021-11-10T16:56:19
14.71046	-60.91489	0	32	2021-11-10T17:01:20
14.71036	-60.91486	0	32	2021-11-10T17:11:21
14.71043	-60.91483	0	32	2021-11-10T17:16:22
14.71040	-60.91486	0	32	2021-11-10T17:21:20
14.71039	-60.91498	0	32	2021-11-10T17:31:20
14.71039	-60.91489	0	32	2021-11-10T17:41:19
14.71041	-60.91495	0	32	2021-11-10T17:46:16
14.71041	-60.91486	0	32	2021-11-10T17:56:15
14.71048	-60.91489	0	32	2021-11-10T19:26:11
14.71048	-60.91498	0	32	2021-11-10T19:31:11
14.71044	-60.91489	0	32	2021-11-10T19:36:12
14.71043	-60.91489	0	32	2021-11-10T19:46:09
14.71047	-60.91489	0	32	2021-11-10T19:51:10
14.71041	-60.91483	0	32	2021-11-10T20:06:06
14.71040	-60.91486	0	32	2021-11-10T20:11:10
14.71037	-60.91478	0	32	2021-11-10T20:26:11
14.71046	-60.91495	0	32	2021-11-10T20:31:10
14.71038	-60.91483	0	32	2021-11-10T20:51:52
14.71041	-60.91483	0	32	2021-11-10T21:11:06
14.71046	-60.91473	0	32	2021-11-10T21:26:06
14.71035	-60.91466	0	32	2021-11-10T22:30:56
14.71035	-60.91475	0	32	2021-11-10T22:35:56
14.71035	-60.91458	0	32	2021-11-10T22:40:57
14.71040	-60.91486	0	32	2021-11-10T22:45:58
14.71043	-60.91486	0	32	2021-11-10T22:55:53
14.71040	-60.91483	0	32	2021-11-10T23:01:34
14.71040	-60.91482	0	32	2021-11-10T23:10:54
14.71036	-60.91482	0	32	2021-11-10T23:15:54
14.71032	-60.91473	0	32	2021-11-10T23:20:53
14.71041	-60.91489	0	32	2021-11-10T23:25:52
14.71031	-60.91460	0	32	2021-11-10T23:30:54
14.71048	-60.91486	0	32	2021-11-10T23:35:54
14.71035	-60.91486	0	32	2021-11-10T23:40:55
14.71031	-60.91467	0	32	2021-11-11T00:20:48
14.71034	-60.91467	0	32	2021-11-11T00:35:50
14.71032	-60.91452	0	32	2021-11-11T00:40:47
14.71038	-60.91458	0	32	2021-11-11T00:45:51
14.71047	-60.91476	0	32	2021-11-11T01:11:06
14.71047	-60.91493	0	32	2021-11-11T01:16:05
14.71051	-60.91510	0	32	2021-11-11T01:21:05
14.71049	-60.91507	0	32	2021-11-11T01:40:57
14.71045	-60.91498	0	32	2021-11-11T01:50:56
14.71041	-60.91495	0	32	2021-11-11T02:20:56
14.71054	-60.91521	0	32	2021-11-11T02:25:56
14.71037	-60.91495	0	32	2021-11-11T02:30:55
14.71037	-60.91492	0	32	2021-11-11T02:35:55
14.71038	-60.91504	0	32	2021-11-11T02:50:56
14.71037	-60.91492	0	32	2021-11-11T02:55:58
14.71041	-60.91489	0	32	2021-11-11T03:06:26
14.71036	-60.91489	0	32	2021-11-11T03:30:56
14.71040	-60.91489	0	32	2021-11-11T03:35:56
14.71041	-60.91483	0	32	2021-11-11T04:05:50
14.71032	-60.91483	0	32	2021-11-11T04:10:49
14.71032	-60.91489	0	32	2021-11-11T04:35:45
14.71041	-60.91489	0	32	2021-11-11T04:45:46
14.71036	-60.91486	0	32	2021-11-11T05:15:48
14.71040	-60.91486	0	32	2021-11-11T05:20:48
14.71044	-60.91492	0	32	2021-11-11T05:25:42
14.71039	-60.91489	0	32	2021-11-11T05:30:43
14.71048	-60.91489	0	32	2021-11-11T05:35:43
14.71052	-60.91489	0	32	2021-11-11T05:40:44
14.71037	-60.91478	0	32	2021-11-11T05:50:43
14.71028	-60.91461	0	32	2021-11-11T05:55:43
14.71037	-60.91461	0	32	2021-11-11T06:00:44
14.71044	-60.91461	0	32	2021-11-11T06:50:45
14.71044	-60.91487	0	32	2021-11-11T06:55:45
14.71044	-60.91470	0	32	2021-11-11T07:00:45
14.71043	-60.91479	0	32	2021-11-11T07:05:40
14.71043	-60.91472	0	32	2021-11-11T07:20:45
14.71047	-60.91515	0	32	2021-11-11T07:25:44
14.71047	-60.91489	0	32	2021-11-11T07:30:44
14.71046	-60.91483	0	32	2021-11-11T07:35:49
14.71038	-60.91498	0	32	2021-11-11T07:40:39
14.71047	-60.91489	0	32	2021-11-11T07:45:39
14.71043	-60.91489	0	32	2021-11-11T07:50:44
14.71045	-60.91498	0	32	2021-11-11T08:01:07
14.71049	-60.91498	0	32	2021-11-11T08:06:06
14.71049	-60.91489	0	32	2021-11-11T08:11:06
14.71040	-60.91495	0	32	2021-11-11T08:15:36
14.71027	-60.91486	0	32	2021-11-11T08:25:38
14.71040	-60.91495	0	32	2021-11-11T08:35:38
14.71052	-60.91489	0	32	2021-11-11T08:50:35
14.71044	-60.91464	0	32	2021-11-11T09:50:36
14.71044	-60.91456	0	32	2021-11-11T10:20:34
14.71035	-60.91456	0	32	2021-11-11T10:25:34
14.71035	-60.91473	0	32	2021-11-11T10:30:33
14.71040	-60.91483	0	32	2021-11-11T10:35:36
14.71042	-60.91483	0	32	2021-11-11T10:40:37
14.71046	-60.91483	0	32	2021-11-11T10:45:37
14.71040	-60.91492	0	32	2021-11-11T10:50:42
14.71034	-60.91476	0	32	2021-11-11T10:55:39
14.71040	-60.91492	0	32	2021-11-11T11:00:41
14.71046	-60.91495	0	32	2021-11-11T11:05:41
14.71045	-60.91498	0	32	2021-11-11T11:11:07
14.71041	-60.91489	0	32	2021-11-11T11:40:40
14.71031	-60.91500	0	32	2021-11-11T11:55:43
14.71040	-60.91474	0	32	2021-11-11T12:00:43
14.71040	-60.91483	0	32	2021-11-11T12:05:42
14.71051	-60.91491	0	32	2021-11-11T13:00:45
14.71055	-60.91474	0	32	2021-11-11T13:05:44
14.71051	-60.91483	0	32	2021-11-11T13:10:44
14.71061	-60.91473	0	32	2021-11-11T13:15:45
14.71039	-60.91483	0	32	2021-11-11T13:21:44
14.71050	-60.91449	0	32	2021-11-11T13:25:47
14.71050	-60.91440	0	32	2021-11-11T13:35:48
14.71046	-60.91408	0	32	2021-11-11T13:45:53
14.71037	-60.91477	0	32	2021-11-11T13:50:52
14.71033	-60.91486	0	32	2021-11-11T13:55:52
14.71033	-60.91488	0	32	2021-11-11T14:05:53
14.71046	-60.91488	0	32	2021-11-11T14:10:53
14.71033	-60.91479	0	32	2021-11-11T14:15:52
14.71045	-60.91489	0	32	2021-11-11T14:35:42
14.71048	-60.91491	0	32	2021-11-11T14:45:57
14.71044	-60.91482	0	32	2021-11-11T14:50:58
14.71074	-60.91516	0	32	2021-11-11T14:55:58
14.71044	-60.91495	0	32	2021-11-11T15:10:44
14.71055	-60.91474	0	32	2021-11-11T16:20:42
14.71072	-60.91483	0	32	2021-11-11T16:25:42
14.71068	-60.91483	0	32	2021-11-11T16:30:41
14.71059	-60.91492	0	32	2021-11-11T17:00:40
14.71068	-60.91492	0	32	2021-11-11T17:05:39
14.71052	-60.91483	0	32	2021-11-11T17:10:39
14.71053	-60.91483	0	32	2021-11-11T17:15:39
14.71051	-60.91479	0	32	2021-11-11T17:21:16
14.71050	-60.91486	0	32	2021-11-11T17:25:38
14.71050	-60.91483	0	32	2021-11-11T17:40:37
14.71046	-60.91492	0	32	2021-11-11T17:45:38
14.71043	-60.91498	0	32	2021-11-11T19:15:34
14.71031	-60.91464	0	32	2021-11-11T19:35:29
14.71031	-60.91467	0	32	2021-11-11T19:55:24
14.71038	-60.91479	0	32	2021-11-11T20:15:21
14.71037	-60.91477	0	32	2021-11-11T20:25:23
14.71037	-60.91468	0	32	2021-11-11T20:30:23
14.71007	-60.91425	0	32	2021-11-11T20:35:24
14.71038	-60.91461	0	32	2021-11-11T21:05:21
14.71038	-60.91478	0	32	2021-11-11T21:10:22
14.71038	-60.91461	0	32	2021-11-11T21:15:22
14.71054	-60.91464	0	32	2021-11-11T21:50:18
14.71050	-60.91464	0	32	2021-11-11T21:55:18
14.71043	-60.91452	0	32	2021-11-11T22:45:22
14.71031	-60.91443	0	32	2021-11-11T22:50:20
14.71040	-60.91467	0	32	2021-11-11T22:55:25
14.71040	-60.91458	0	32	2021-11-11T23:00:26
14.71035	-60.91452	0	32	2021-11-11T23:05:25
14.71040	-60.91461	0	32	2021-11-11T23:15:21
14.71036	-60.91461	0	32	2021-11-11T23:25:22
14.71043	-60.91476	0	32	2021-11-11T23:35:28
14.71034	-60.91476	0	32	2021-11-11T23:40:28
14.71025	-60.91476	0	32	2021-11-11T23:45:27
14.71045	-60.91489	0	32	2021-11-12T00:05:21
14.71039	-60.91476	0	32	2021-11-12T00:10:19
14.71035	-60.91464	0	32	2021-11-12T00:40:12
14.71035	-60.91473	0	32	2021-11-12T00:45:13
14.71040	-60.91473	0	32	2021-11-12T00:50:11
14.71050	-60.91503	0	32	2021-11-12T01:25:21
14.71041	-60.91486	0	32	2021-11-12T01:30:21
14.71054	-60.91495	0	32	2021-11-12T01:35:21
14.71045	-60.91495	0	32	2021-11-12T01:50:20
14.71045	-60.91486	0	32	2021-11-12T01:55:21
14.71045	-60.91483	0	32	2021-11-12T02:00:22
14.71048	-60.91491	0	32	2021-11-12T02:21:07
14.71044	-60.91457	0	32	2021-11-12T02:26:06
14.71044	-60.91483	0	32	2021-11-12T02:31:06
14.71040	-60.91479	0	32	2021-11-12T02:35:25
14.71040	-60.91480	0	32	2021-11-12T02:45:22
14.71044	-60.91489	0	32	2021-11-12T03:00:21
14.71041	-60.91489	0	32	2021-11-12T03:05:25
14.71045	-60.91489	0	32	2021-11-12T03:10:25
14.71034	-60.91486	0	32	2021-11-12T04:00:23
14.71038	-60.91486	0	32	2021-11-12T04:05:24
14.71038	-60.91495	0	32	2021-11-12T04:10:24
14.71037	-60.91483	0	32	2021-11-12T04:15:22
14.71039	-60.91489	0	32	2021-11-12T04:25:32
14.71037	-60.91473	0	32	2021-11-12T04:40:21
14.71044	-60.91479	0	32	2021-11-12T05:05:26
14.71029	-60.91476	0	32	2021-11-12T05:10:27
14.71041	-60.91473	0	32	2021-11-12T05:45:29
14.71039	-60.91492	0	32	2021-11-12T07:36:15
14.71040	-60.91492	0	32	2021-11-12T07:40:46
14.71036	-60.91486	0	32	2021-11-12T07:50:51
14.71040	-60.91486	0	32	2021-11-12T07:55:52
14.71036	-60.91486	0	32	2021-11-12T08:00:52
14.71039	-60.91489	0	32	2021-11-12T08:15:55
14.71035	-60.91489	0	32	2021-11-12T08:20:55
14.71035	-60.91486	0	32	2021-11-12T08:31:36
14.71039	-60.91486	0	32	2021-11-12T08:36:36
14.71035	-60.91473	0	32	2021-11-12T08:40:45
14.71030	-60.91473	0	32	2021-11-12T08:45:42
14.71026	-60.91473	0	32	2021-11-12T08:50:42
14.71035	-60.91468	0	32	2021-11-12T09:10:37
14.71035	-60.91485	0	32	2021-11-12T09:15:37
14.71035	-60.91476	0	32	2021-11-12T09:20:36
14.71027	-60.91438	0	32	2021-11-12T10:05:40
14.71048	-60.91464	0	32	2021-11-12T10:10:40
14.71031	-60.91473	0	32	2021-11-12T10:15:40
14.71039	-60.91470	0	32	2021-11-12T10:20:53
14.71026	-60.91470	0	32	2021-11-12T10:25:53
14.71035	-60.91504	0	32	2021-11-12T10:30:52
14.71043	-60.91489	0	32	2021-11-12T10:50:38
14.71048	-60.91504	0	32	2021-11-12T11:05:38
14.71044	-60.91495	0	32	2021-11-12T11:10:39
14.71040	-60.91495	0	32	2021-11-12T11:20:33
14.71044	-60.91495	0	32	2021-11-12T11:30:34
14.71044	-60.91489	0	32	2021-11-12T11:40:29
14.71040	-60.91489	0	32	2021-11-12T11:45:29
14.71039	-60.91483	0	32	2021-11-12T13:50:32
14.71037	-60.91488	0	32	2021-11-12T13:55:53
14.71037	-60.91479	0	32	2021-11-12T14:00:53
14.71037	-60.91476	0	32	2021-11-12T14:25:22
14.71040	-60.91483	0	32	2021-11-12T14:35:55
14.71043	-60.91483	0	32	2021-11-12T16:30:05
14.71041	-60.91489	0	32	2021-11-12T16:50:02
14.71045	-60.91489	0	32	2021-11-12T17:14:57
14.71041	-60.91489	0	32	2021-11-12T17:19:57
14.71045	-60.91489	0	32	2021-11-12T17:24:56
14.71038	-60.91501	0	32	2021-11-12T17:54:52
14.71047	-60.91452	0	32	2021-11-12T18:55:03
14.71056	-60.91486	0	32	2021-11-12T19:09:58
14.71060	-60.91452	0	32	2021-11-12T19:14:59
14.71056	-60.91461	0	32	2021-11-12T19:19:59
14.71052	-60.91446	0	32	2021-11-12T19:29:54
14.71043	-60.91480	0	32	2021-11-12T19:34:54
14.71043	-60.91489	0	32	2021-11-12T19:39:54
14.71044	-60.91492	0	32	2021-11-12T19:59:50
14.71039	-60.91480	0	32	2021-11-12T20:09:49
14.71043	-60.91489	0	32	2021-11-12T20:19:50
14.71059	-60.91498	0	32	2021-11-12T20:29:49
14.71046	-60.91489	0	32	2021-11-12T20:39:50
14.71052	-60.91489	0	32	2021-11-12T20:44:50
14.71047	-60.91486	0	32	2021-11-12T20:54:49
14.71048	-60.91486	0	32	2021-11-12T21:49:55
14.71044	-60.91486	0	32	2021-11-12T21:59:56
14.71044	-60.91488	0	32	2021-11-12T22:04:57
14.71031	-60.91479	0	32	2021-11-12T22:09:58
14.71044	-60.91474	0	32	2021-11-12T22:20:03
14.71044	-60.91483	0	32	2021-11-12T22:30:02
14.71043	-60.91483	0	32	2021-11-12T22:34:58
14.71038	-60.91473	0	32	2021-11-12T22:42:37
14.71034	-60.91464	0	32	2021-11-12T22:47:37
14.71038	-60.91473	0	32	2021-11-12T22:54:57
14.71041	-60.91490	0	32	2021-11-12T22:59:55
14.71032	-60.91464	0	32	2021-11-12T23:04:56
14.71036	-60.91483	0	32	2021-11-12T23:09:57
14.71039	-60.91483	0	32	2021-11-12T23:35:05
14.71042	-60.91489	0	32	2021-11-12T23:39:57
14.71033	-60.91489	0	32	2021-11-12T23:44:56
14.71030	-60.91486	0	32	2021-11-12T23:49:52
14.71038	-60.91473	0	32	2021-11-13T00:14:51
14.71039	-60.91464	0	32	2021-11-13T00:34:53
14.71035	-60.91464	0	32	2021-11-13T00:39:53
14.71035	-60.91473	0	32	2021-11-13T00:44:54
14.71024	-60.91486	0	32	2021-11-13T01:14:54
14.71037	-60.91486	0	32	2021-11-13T01:24:53
14.71049	-60.91492	0	32	2021-11-13T01:34:54
14.71049	-60.91501	0	32	2021-11-13T01:39:54
14.71045	-60.91492	0	32	2021-11-13T01:44:53
14.71044	-60.91492	0	32	2021-11-13T01:50:28
14.71045	-60.91498	0	32	2021-11-13T01:54:54
14.71040	-60.91492	0	32	2021-11-13T02:00:27
14.71039	-60.91495	0	32	2021-11-13T02:04:52
14.71043	-60.91492	0	32	2021-11-13T02:34:44
14.71039	-60.91483	0	32	2021-11-13T02:39:43
14.71040	-60.91483	0	32	2021-11-13T03:29:38
14.71044	-60.91483	0	32	2021-11-13T03:34:37
14.71040	-60.91483	0	32	2021-11-13T03:39:38
14.71038	-60.91479	0	32	2021-11-13T03:44:38
14.71037	-60.91474	0	32	2021-11-13T03:59:38
14.71037	-60.91483	0	32	2021-11-13T04:09:39
14.71034	-60.91476	0	32	2021-11-13T04:14:36
14.71047	-60.91473	0	32	2021-11-13T04:44:33
14.71044	-60.91473	0	32	2021-11-13T04:49:34
14.71047	-60.91473	0	32	2021-11-13T04:54:34
14.71036	-60.91479	0	32	2021-11-13T05:04:26
14.71032	-60.91479	0	32	2021-11-13T05:09:26
14.71036	-60.91483	0	32	2021-11-13T05:14:23
14.71049	-60.91486	0	32	2021-11-13T05:34:26
14.71039	-60.91479	0	32	2021-11-13T07:05:01
14.71042	-60.91484	0	32	2021-11-13T07:29:34
14.71038	-60.91501	0	32	2021-11-13T07:34:34
14.71038	-60.91492	0	32	2021-11-13T07:39:33
14.71041	-60.91489	0	32	2021-11-13T07:44:33
14.71042	-60.91483	0	32	2021-11-13T08:00:11
14.71038	-60.91483	0	32	2021-11-13T08:05:11
14.71041	-60.91492	0	32	2021-11-13T08:14:29
14.71045	-60.91492	0	32	2021-11-13T08:19:28
14.71041	-60.91483	0	32	2021-11-13T08:24:28
14.71039	-60.91488	0	32	2021-11-13T08:34:29
14.71035	-60.91479	0	32	2021-11-13T08:44:28
14.71040	-60.91501	0	32	2021-11-13T08:59:27
14.71037	-60.91437	0	32	2021-11-13T09:49:28
14.71035	-60.91434	0	32	2021-11-13T09:59:25
14.71031	-60.91425	0	32	2021-11-13T10:04:26
14.71035	-60.91476	0	32	2021-11-13T10:14:25
14.71045	-60.91495	0	32	2021-11-13T10:59:29
14.71056	-60.91507	0	32	2021-11-13T11:24:33
14.71052	-60.91507	0	32	2021-11-13T11:34:34
14.71038	-60.91486	0	32	2021-11-13T11:54:21
14.71038	-60.91464	0	32	2021-11-13T12:19:14
14.71038	-60.91503	0	32	2021-11-13T12:59:55
14.71055	-60.91469	0	32	2021-11-13T13:04:54
14.71046	-60.91486	0	32	2021-11-13T13:09:54
14.71039	-60.91489	0	32	2021-11-13T14:04:21
14.71043	-60.91501	0	32	2021-11-13T14:19:22
14.71039	-60.91492	0	32	2021-11-13T14:24:21
14.71048	-60.91501	0	32	2021-11-13T14:29:21
14.71053	-60.91486	0	32	2021-11-13T14:59:58
14.71049	-60.91486	0	32	2021-11-13T15:04:58
14.71040	-60.91486	0	32	2021-11-13T15:09:58
14.71044	-60.91495	0	32	2021-11-13T15:14:17
14.71048	-60.91495	0	32	2021-11-13T15:19:17
14.71036	-60.91476	0	32	2021-11-13T15:29:13
14.71036	-60.91464	0	32	2021-11-13T15:34:09
14.71036	-60.91473	0	32	2021-11-13T15:44:08
14.71042	-60.91438	0	32	2021-11-13T15:54:08
14.71046	-60.91464	0	32	2021-11-13T16:04:07
14.71045	-60.91476	0	32	2021-11-13T16:09:05
14.71041	-60.91476	0	32	2021-11-13T16:14:05
14.71046	-60.91476	0	32	2021-11-13T16:19:02
14.71046	-60.91492	0	32	2021-11-13T16:43:58
14.71050	-60.91492	0	32	2021-11-13T16:48:59
14.71046	-60.91492	0	32	2021-11-13T16:53:59
14.71043	-60.91489	0	32	2021-11-13T16:59:00
14.71032	-60.91489	0	32	2021-11-13T17:08:59
14.71041	-60.91489	0	32	2021-11-13T17:13:59
14.71037	-60.91489	0	32	2021-11-13T17:18:59
14.71031	-60.91483	0	32	2021-11-13T17:23:58
14.71027	-60.91483	0	32	2021-11-13T17:28:58
14.71035	-60.91474	0	32	2021-11-13T17:53:58
14.71035	-60.91483	0	32	2021-11-13T17:58:57
14.71039	-60.91455	0	32	2021-11-13T18:23:56
14.71039	-60.91446	0	32	2021-11-13T18:28:57
14.71035	-60.91489	0	32	2021-11-13T18:33:57
14.71056	-60.91429	0	32	2021-11-13T18:53:58
14.71043	-60.91420	0	32	2021-11-13T18:58:58
14.71043	-60.91437	0	32	2021-11-13T19:03:59
14.71035	-60.91446	0	32	2021-11-13T19:14:01
14.71039	-60.91446	0	32	2021-11-13T19:19:02
14.71043	-60.91446	0	32	2021-11-13T19:24:02
14.71037	-60.91464	0	32	2021-11-13T19:29:00
14.71056	-60.91479	0	32	2021-11-13T19:34:00
14.71026	-60.91453	0	32	2021-11-13T19:39:00
14.71039	-60.91470	0	32	2021-11-13T19:43:59
14.71023	-60.91461	0	32	2021-11-13T19:49:00
14.71031	-60.91476	0	32	2021-11-13T19:55:02
14.71061	-60.91510	0	32	2021-11-13T20:00:02
14.71031	-60.91467	0	32	2021-11-13T20:05:02
14.71034	-60.91467	0	32	2021-11-13T20:09:34
14.71039	-60.91474	0	32	2021-11-13T20:13:59
14.71043	-60.91483	0	32	2021-11-13T20:18:59
14.71023	-60.91473	0	32	2021-11-13T20:44:08
14.71051	-60.91490	0	32	2021-11-13T20:49:04
14.71034	-60.91464	0	32	2021-11-13T20:54:03
14.71051	-60.91473	0	32	2021-11-13T20:59:04
14.71038	-60.91464	0	32	2021-11-13T21:09:01
14.71045	-60.91470	0	32	2021-11-13T21:13:59
14.71051	-60.91473	0	32	2021-11-13T21:19:00
14.71046	-60.91473	0	32	2021-11-13T21:23:59
14.71049	-60.91467	0	32	2021-11-13T21:28:57
14.71060	-60.91461	0	32	2021-11-13T21:33:55
14.71051	-60.91461	0	32	2021-11-13T21:38:55
14.71053	-60.91455	0	32	2021-11-13T21:43:57
14.71049	-60.91455	0	32	2021-11-13T21:53:58
14.71051	-60.91455	0	32	2021-11-13T21:58:55
14.71033	-60.91452	0	32	2021-11-13T22:08:52
14.71029	-60.91452	0	32	2021-11-13T22:13:53
14.71038	-60.91452	0	32	2021-11-13T22:18:53
14.71040	-60.91458	0	32	2021-11-13T22:28:55
14.71040	-60.91467	0	32	2021-11-13T22:33:55
14.71040	-60.91473	0	32	2021-11-13T22:38:53
14.71044	-60.91464	0	32	2021-11-13T22:43:51
14.71044	-60.91473	0	32	2021-11-13T22:53:52
14.71045	-60.91467	0	32	2021-11-13T22:58:53
14.71042	-60.91466	0	32	2021-11-13T23:04:29
14.71038	-60.91449	0	32	2021-11-13T23:09:30
14.71038	-60.91483	0	32	2021-11-13T23:14:30
14.71041	-60.91474	0	32	2021-11-14T00:33:54
14.71050	-60.91483	0	32	2021-11-14T00:38:54
14.71054	-60.91483	0	32	2021-11-14T00:43:53
14.71045	-60.91476	0	32	2021-11-14T00:58:57
14.71044	-60.91477	0	32	2021-11-14T01:18:58
14.71044	-60.91486	0	32	2021-11-14T01:23:58
14.71049	-60.91486	0	32	2021-11-14T01:28:59
14.71051	-60.91485	0	32	2021-11-14T01:58:52
14.71045	-60.91483	0	32	2021-11-14T02:03:54
14.71047	-60.91476	0	32	2021-11-14T02:08:51
14.71046	-60.91483	0	32	2021-11-14T02:28:46
14.71041	-60.91489	0	32	2021-11-14T03:28:49
14.71040	-60.91492	0	32	2021-11-14T03:33:49
14.71041	-60.91489	0	32	2021-11-14T03:38:48
14.71044	-60.91495	0	32	2021-11-14T03:43:44
14.71040	-60.91495	0	32	2021-11-14T03:48:44
14.71035	-60.91482	0	32	2021-11-14T04:13:42
14.71035	-60.91473	0	32	2021-11-14T04:18:43
14.71036	-60.91473	0	32	2021-11-14T04:23:38
14.71040	-60.91473	0	32	2021-11-14T04:33:41
14.71036	-60.91473	0	32	2021-11-14T04:38:41
14.71038	-60.91476	0	32	2021-11-14T04:58:48
14.71051	-60.91495	0	32	2021-11-14T05:48:45
14.71042	-60.91478	0	32	2021-11-14T05:53:44
14.71038	-60.91461	0	32	2021-11-14T05:58:44
14.71034	-60.91473	0	32	2021-11-14T06:24:11
14.71040	-60.91473	0	32	2021-11-14T06:28:41
14.71036	-60.91473	0	32	2021-11-14T06:38:40
14.71041	-60.91476	0	32	2021-11-14T07:08:37
14.71044	-60.91486	0	32	2021-11-14T07:18:35
14.71053	-60.91486	0	32	2021-11-14T07:23:35
14.71044	-60.91486	0	32	2021-11-14T07:28:35
14.71034	-60.91486	0	32	2021-11-14T07:43:32
14.71045	-60.91489	0	32	2021-11-14T08:08:39
14.71040	-60.91489	0	32	2021-11-14T08:13:39
14.71039	-60.91483	0	32	2021-11-14T08:24:02
14.71043	-60.91464	0	32	2021-11-14T09:43:33
14.71043	-60.91473	0	32	2021-11-14T09:48:33
14.71038	-60.91470	0	32	2021-11-14T09:53:34
14.71029	-60.91496	0	32	2021-11-14T09:58:34
14.71046	-60.91470	0	32	2021-11-14T10:03:33
14.71036	-60.91504	0	32	2021-11-14T10:08:38
14.71036	-60.91513	0	32	2021-11-14T10:18:39
14.71038	-60.91489	0	32	2021-11-14T10:28:28
14.71047	-60.91489	0	32	2021-11-14T10:33:28
14.71043	-60.91489	0	32	2021-11-14T10:38:27
14.71044	-60.91492	0	32	2021-11-14T10:58:27
14.71050	-60.91504	0	32	2021-11-14T11:03:41
14.71043	-60.91495	0	32	2021-11-14T11:13:29
14.71040	-60.91479	0	32	2021-11-14T11:38:37
14.71046	-60.91464	0	32	2021-11-14T12:13:28
14.71046	-60.91455	0	32	2021-11-14T12:18:29
14.71036	-60.91472	0	32	2021-11-14T12:23:25
14.71040	-60.91446	0	32	2021-11-14T12:33:26
14.71037	-60.91475	0	32	2021-11-14T12:43:20
14.71050	-60.91449	0	32	2021-11-14T12:48:19
14.71046	-60.91449	0	32	2021-11-14T12:53:19
14.71059	-60.91470	0	32	2021-11-14T13:03:21
14.71076	-60.91470	0	32	2021-11-14T13:08:22
14.71067	-60.91470	0	32	2021-11-14T13:13:22
14.71063	-60.91475	0	32	2021-11-14T13:18:24
14.71050	-60.91432	0	32	2021-11-14T13:23:24
14.71041	-60.91483	0	32	2021-11-14T13:28:25
14.71043	-60.91473	0	32	2021-11-14T13:33:18
14.71036	-60.91492	0	32	2021-11-14T14:23:20
14.71046	-60.91492	0	32	2021-11-14T14:28:22
14.71041	-60.91492	0	32	2021-11-14T14:33:21
14.71038	-60.91476	0	32	2021-11-14T15:38:12
14.71030	-60.91428	0	32	2021-11-14T15:43:13
14.71054	-60.91443	0	32	2021-11-14T15:53:12
14.71067	-60.91452	0	32	2021-11-14T16:03:13
14.71056	-60.91463	0	32	2021-11-14T16:08:10
14.71065	-60.91472	0	32	2021-11-14T16:13:11
14.71061	-60.91489	0	32	2021-11-14T16:18:11
14.71060	-60.91489	0	32	2021-11-14T16:23:29
14.71053	-60.91501	0	32	2021-11-14T16:43:12
14.71052	-60.91498	0	32	2021-11-14T16:53:13
14.71044	-60.91483	0	32	2021-11-14T16:58:14
14.71048	-60.91483	0	32	2021-11-14T17:23:57
14.71057	-60.91522	0	32	2021-11-14T18:18:33
14.71044	-60.91479	0	32	2021-11-14T18:28:34
14.71048	-60.91467	0	32	2021-11-14T18:52:56
14.71049	-60.91460	0	32	2021-11-14T18:57:55
14.71049	-60.91469	0	32	2021-11-14T19:02:54
14.71049	-60.91452	0	32	2021-11-14T19:07:55
14.71046	-60.91452	0	32	2021-11-14T19:12:52
14.71042	-60.91440	0	32	2021-11-14T19:18:28
14.71051	-60.91440	0	32	2021-11-14T19:23:28
14.71038	-60.91483	0	32	2021-11-14T19:28:29
14.71038	-60.91486	0	32	2021-11-14T19:32:47
14.71043	-60.91483	0	32	2021-11-14T19:47:45
14.71039	-60.91483	0	32	2021-11-14T19:52:47
14.71048	-60.91492	0	32	2021-11-14T20:12:46
14.71051	-60.91488	0	32	2021-11-14T21:12:37
14.71042	-60.91488	0	32	2021-11-14T21:17:37
14.71046	-60.91479	0	32	2021-11-14T21:22:36
14.71052	-60.91473	0	32	2021-11-14T21:57:37
14.71052	-60.91461	0	32	2021-11-14T22:02:39
14.71055	-60.91461	0	32	2021-11-14T22:22:46
14.71049	-60.91461	0	32	2021-11-14T22:27:45
14.71033	-60.91446	0	32	2021-11-14T22:37:44
14.71039	-60.91452	0	32	2021-11-14T22:52:44
14.71039	-60.91461	0	32	2021-11-14T23:02:45
14.71032	-60.91461	0	32	2021-11-14T23:17:48
14.71039	-60.91464	0	32	2021-11-15T00:22:28
14.71049	-60.91495	0	32	2021-11-15T01:07:43
14.71040	-60.91495	0	32	2021-11-15T01:12:43
14.71044	-60.91495	0	32	2021-11-15T01:17:42
14.71048	-60.91501	0	32	2021-11-15T01:32:43
14.71049	-60.91492	0	32	2021-11-15T01:52:40
14.71039	-60.91473	0	32	2021-11-15T03:07:29
14.71031	-60.91483	0	32	2021-11-15T03:37:31
14.71035	-60.91483	0	32	2021-11-15T03:47:32
14.71034	-60.91476	0	32	2021-11-15T04:12:28
14.71034	-60.91467	0	32	2021-11-15T04:17:28
14.71030	-60.91467	0	32	2021-11-15T04:22:27
14.71036	-60.91473	0	32	2021-11-15T04:27:30
14.71034	-60.91479	0	32	2021-11-15T04:32:32
14.71034	-60.91470	0	32	2021-11-15T04:42:32
14.71037	-60.91479	0	32	2021-11-15T04:47:38
14.71031	-60.91478	0	32	2021-11-15T04:57:29
14.71052	-60.91495	0	32	2021-11-15T05:02:29
14.71037	-60.91483	0	32	2021-11-15T05:57:39
14.71037	-60.91466	0	32	2021-11-15T06:02:40
14.71041	-60.91483	0	32	2021-11-15T06:07:40
14.71040	-60.91478	0	32	2021-11-15T06:28:10
14.71036	-60.91478	0	32	2021-11-15T06:33:09
14.71045	-60.91495	0	32	2021-11-15T06:38:09
14.71039	-60.91467	0	32	2021-11-15T06:52:40
14.71048	-60.91480	0	32	2021-11-15T07:07:39
14.71048	-60.91489	0	32	2021-11-15T07:12:40
14.71038	-60.91516	0	32	2021-11-15T07:17:52
14.71041	-60.91492	0	32	2021-11-15T07:37:41
14.71035	-60.91509	0	32	2021-11-15T07:42:38
14.71039	-60.91492	0	32	2021-11-15T07:52:39
14.71037	-60.91489	0	32	2021-11-15T07:57:36
14.71034	-60.91480	0	32	2021-11-15T08:07:31
14.71047	-60.91495	0	32	2021-11-15T08:12:35
14.71039	-60.91489	0	32	2021-11-15T08:17:32
14.71039	-60.91483	0	32	2021-11-15T08:57:26
14.71035	-60.91490	0	32	2021-11-15T09:12:59
14.71044	-60.91481	0	32	2021-11-15T09:17:58
14.71035	-60.91455	0	32	2021-11-15T09:22:58
14.71035	-60.91479	0	32	2021-11-15T09:27:28
14.71040	-60.91479	0	32	2021-11-15T09:37:29
14.71044	-60.91461	0	32	2021-11-15T09:47:32
14.71033	-60.91440	0	32	2021-11-15T09:52:33
14.71037	-60.91457	0	32	2021-11-15T09:57:34
14.71033	-60.91483	0	32	2021-11-15T10:02:34
14.71038	-60.91498	0	32	2021-11-15T10:07:28
14.71035	-60.91479	0	32	2021-11-15T10:27:38
14.71039	-60.91479	0	32	2021-11-15T10:37:37
14.71048	-60.91483	0	32	2021-11-15T10:47:42
14.71049	-60.91437	0	32	2021-11-15T12:07:41
14.71041	-60.91449	0	32	2021-11-15T12:12:37
14.71044	-60.91473	0	32	2021-11-15T12:47:39
14.71078	-60.91406	0	32	2021-11-15T13:07:36
14.71069	-60.91415	0	32	2021-11-15T13:17:37
14.71050	-60.91467	0	32	2021-11-15T13:27:46
14.71047	-60.91500	0	32	2021-11-15T13:50:09
14.71038	-60.91483	0	32	2021-11-15T14:00:09
14.71037	-60.91486	0	32	2021-11-15T14:02:32
14.71041	-60.91492	0	32	2021-11-15T14:27:32
14.71041	-60.91483	0	32	2021-11-15T14:32:31
14.71037	-60.91483	0	32	2021-11-15T14:37:31
14.71026	-60.91461	0	32	2021-11-15T15:17:38
14.71030	-60.91470	0	32	2021-11-15T15:27:37
14.71041	-60.91483	0	32	2021-11-15T15:32:41
14.71047	-60.91478	0	32	2021-11-15T15:37:42
14.71043	-60.91461	0	32	2021-11-15T15:42:42
14.71047	-60.91470	0	32	2021-11-15T15:47:42
14.71041	-60.91486	0	32	2021-11-15T16:17:44
14.71040	-60.91486	0	32	2021-11-15T16:23:05
14.71045	-60.91489	0	32	2021-11-15T16:27:43
14.71043	-60.91492	0	32	2021-11-15T16:37:45
14.71047	-60.91492	0	32	2021-11-15T16:47:46
14.71046	-60.91483	0	32	2021-11-15T17:57:34
14.71049	-60.91492	0	32	2021-11-15T18:02:35
14.71049	-60.91501	0	32	2021-11-15T18:07:35
14.71039	-60.91475	0	32	2021-11-15T18:22:35
14.71043	-60.91501	0	32	2021-11-15T18:27:36
14.71039	-60.91492	0	32	2021-11-15T18:32:36
14.71049	-60.91457	0	32	2021-11-15T18:47:38
14.71045	-60.91466	0	32	2021-11-15T18:52:37
14.71045	-60.91483	0	32	2021-11-15T18:57:37
14.71044	-60.91443	0	32	2021-11-15T19:07:43
14.71037	-60.91440	0	32	2021-11-15T19:12:40
14.71040	-60.91425	0	32	2021-11-15T19:17:42
14.71040	-60.91486	0	32	2021-11-15T19:27:42
14.71036	-60.91483	0	32	2021-11-15T19:32:46
14.71044	-60.91495	0	32	2021-11-15T19:37:41
14.71040	-60.91486	0	32	2021-11-15T19:57:40
14.71044	-60.91495	0	32	2021-11-15T20:47:32
14.71048	-60.91495	0	32	2021-11-15T20:52:31
14.71043	-60.91481	0	32	2021-11-15T20:57:27
14.71043	-60.91464	0	32	2021-11-15T21:02:27
14.71043	-60.91473	0	32	2021-11-15T21:07:26
14.71041	-60.91495	0	32	2021-11-15T21:12:28
14.71047	-60.91489	0	32	2021-11-15T21:17:24
14.71060	-60.91489	0	32	2021-11-15T21:22:24
14.71064	-60.91489	0	32	2021-11-15T21:27:32
14.71043	-60.91474	0	32	2021-11-15T22:17:38
14.71060	-60.91474	0	32	2021-11-15T22:22:38
14.71060	-60.91483	0	32	2021-11-15T22:27:39
14.71036	-60.91464	0	32	2021-11-15T22:32:25
14.71051	-60.91476	0	32	2021-11-15T22:42:57
14.71054	-60.91501	0	32	2021-11-15T22:47:23
14.71050	-60.91500	0	32	2021-11-15T23:07:22
14.71046	-60.91483	0	32	2021-11-15T23:12:22
14.71047	-60.91470	0	32	2021-11-15T23:22:43
14.71036	-60.91467	0	32	2021-11-15T23:37:19
14.71046	-60.91470	0	32	2021-11-15T23:42:21
14.71052	-60.91464	0	32	2021-11-15T23:47:20
14.71007	-60.91452	0	32	2021-11-15T23:52:21
14.71036	-60.91458	0	32	2021-11-16T00:47:19
14.71045	-60.91467	0	32	2021-11-16T00:52:18
14.71041	-60.91467	0	32	2021-11-16T00:57:18
14.71044	-60.91467	0	32	2021-11-16T01:02:19
14.71048	-60.91480	0	32	2021-11-16T01:27:14
14.71039	-60.91480	0	32	2021-11-16T01:32:13
14.71052	-60.91489	0	32	2021-11-16T01:37:14
14.71045	-60.91506	0	32	2021-11-16T01:52:20
14.71041	-60.91463	0	32	2021-11-16T01:57:20
14.71041	-60.91489	0	32	2021-11-16T02:02:20
14.71034	-60.91466	0	32	2021-11-16T02:27:23
14.71034	-60.91483	0	32	2021-11-16T02:37:24
14.71039	-60.91489	0	32	2021-11-16T03:07:22
14.71037	-60.91483	0	32	2021-11-16T03:12:19
14.71033	-60.91483	0	32	2021-11-16T03:17:19
14.71040	-60.91480	0	32	2021-11-16T03:22:23
14.71040	-60.91489	0	32	2021-11-16T03:27:23
14.71037	-60.91483	0	32	2021-11-16T03:47:55
14.71036	-60.91483	0	32	2021-11-16T04:07:20
14.71035	-60.91483	0	32	2021-11-16T04:12:24
14.71035	-60.91474	0	32	2021-11-16T04:17:22
14.71035	-60.91483	0	32	2021-11-16T04:22:22
14.71039	-60.91483	0	32	2021-11-16T04:27:23
14.71035	-60.91483	0	32	2021-11-16T05:03:39
14.71039	-60.91483	0	32	2021-11-16T06:32:15
14.71041	-60.91476	0	32	2021-11-16T06:42:08
14.71048	-60.91472	0	32	2021-11-16T07:12:05
14.71048	-60.91489	0	32	2021-11-16T07:22:06
14.71043	-60.91495	0	32	2021-11-16T07:42:02
14.71046	-60.91489	0	32	2021-11-16T07:47:03
14.71043	-60.91495	0	32	2021-11-16T07:52:01
14.71039	-60.91483	0	32	2021-11-16T07:57:00
14.71037	-60.91486	0	32	2021-11-16T08:11:59
14.71041	-60.91486	0	32	2021-11-16T08:16:58
14.71037	-60.91486	0	32	2021-11-16T08:21:58
14.71049	-60.91501	0	32	2021-11-16T08:56:55
14.71036	-60.91486	0	32	2021-11-16T09:11:52
14.71041	-60.91484	0	32	2021-11-16T09:21:56
14.71037	-60.91484	0	32	2021-11-16T09:26:56
14.71041	-60.91467	0	32	2021-11-16T09:31:55
14.71048	-60.91470	0	32	2021-11-16T09:42:00
14.71048	-60.91444	0	32	2021-11-16T09:47:01
14.71052	-60.91461	0	32	2021-11-16T09:52:01
14.71026	-60.91458	0	32	2021-11-16T10:11:58
14.71048	-60.91492	0	32	2021-11-16T10:31:53
14.71041	-60.91489	0	32	2021-11-16T10:51:49
14.71029	-60.91501	0	32	2021-11-16T11:52:15
14.71029	-60.91492	0	32	2021-11-16T12:02:16
14.71035	-60.91467	0	32	2021-11-16T12:06:41
14.71031	-60.91501	0	32	2021-11-16T12:11:40
14.71031	-60.91492	0	32	2021-11-16T12:16:40
14.71034	-60.91513	0	32	2021-11-16T12:21:38
14.71051	-60.91464	0	32	2021-11-16T12:51:36
14.71058	-60.91470	0	32	2021-11-16T12:57:14
14.71049	-60.91461	0	32	2021-11-16T13:02:14
14.71044	-60.91447	0	32	2021-11-16T13:16:36
14.71048	-60.91404	0	32	2021-11-16T13:21:36
14.71044	-60.91473	0	32	2021-11-16T13:26:37
14.71041	-60.91492	0	32	2021-11-16T13:57:09
14.71037	-60.91483	0	32	2021-11-16T14:02:10
14.71039	-60.91483	0	32	2021-11-16T14:06:27
14.71042	-60.91492	0	32	2021-11-16T14:56:26
14.71046	-60.91492	0	32	2021-11-16T15:01:26
14.71037	-60.91483	0	32	2021-11-16T15:06:26
14.71039	-60.91486	0	32	2021-11-16T15:11:24
14.71031	-60.91479	0	32	2021-11-16T15:16:16
14.71031	-60.91470	0	32	2021-11-16T15:21:15
14.71043	-60.91492	0	32	2021-11-16T16:06:05
14.71039	-60.91483	0	32	2021-11-16T16:11:04
14.71043	-60.91483	0	32	2021-11-16T16:16:04
14.71041	-60.91489	0	32	2021-11-16T16:26:03
14.71049	-60.91495	0	32	2021-11-16T17:26:04
14.71040	-60.91495	0	32	2021-11-16T17:31:04
14.71044	-60.91504	0	32	2021-11-16T17:36:03
14.71048	-60.91495	0	32	2021-11-16T18:10:58
14.71042	-60.91492	0	32	2021-11-16T18:15:58
14.71038	-60.91483	0	32	2021-11-16T18:20:58
14.71038	-60.91489	0	32	2021-11-16T18:25:58
14.71044	-60.91490	0	32	2021-11-16T18:30:56
14.71040	-60.91481	0	32	2021-11-16T18:35:56
14.71049	-60.91498	0	32	2021-11-16T18:40:55
14.71046	-60.91495	0	32	2021-11-16T19:00:57
14.71041	-60.91492	0	32	2021-11-16T19:10:58
14.71043	-60.91495	0	32	2021-11-16T19:15:57
14.71041	-60.91492	0	32	2021-11-16T19:20:58
14.71043	-60.91489	0	32	2021-11-16T19:55:49
14.71045	-60.91495	0	32	2021-11-16T20:25:48
14.71049	-60.91495	0	32	2021-11-16T20:30:47
14.71036	-60.91486	0	32	2021-11-16T20:35:47
14.71041	-60.91489	0	32	2021-11-16T20:40:56
14.71041	-60.91498	0	32	2021-11-16T20:45:57
14.71041	-60.91489	0	32	2021-11-16T20:50:57
14.71052	-60.91472	0	32	2021-11-16T21:26:02
14.71043	-60.91489	0	32	2021-11-16T21:31:01
14.71047	-60.91467	0	32	2021-11-16T21:36:02
14.71043	-60.91470	0	32	2021-11-16T21:41:01
14.71043	-60.91479	0	32	2021-11-16T21:46:00
14.71052	-60.91470	0	32	2021-11-16T21:51:00
14.71043	-60.91455	0	32	2021-11-16T21:56:01
14.71040	-60.91458	0	32	2021-11-16T22:06:41
14.71040	-60.91470	0	32	2021-11-16T22:10:53
14.71043	-60.91467	0	32	2021-11-16T22:35:48
14.71048	-60.91488	0	32	2021-11-16T23:10:51
14.71044	-60.91488	0	32	2021-11-16T23:15:51
14.71027	-60.91479	0	32	2021-11-16T23:20:51
14.71039	-60.91489	0	32	2021-11-16T23:25:52
14.71048	-60.91473	0	32	2021-11-16T23:55:43
14.71037	-60.91464	0	32	2021-11-17T00:01:06
14.71041	-60.91464	0	32	2021-11-17T00:06:05
14.71046	-60.91472	0	32	2021-11-17T00:10:33
14.71046	-60.91455	0	32	2021-11-17T00:15:32
14.71047	-60.91449	0	32	2021-11-17T00:25:29
14.71046	-60.91469	0	32	2021-11-17T00:50:38
14.71046	-60.91478	0	32	2021-11-17T00:55:38
14.71046	-60.91495	0	32	2021-11-17T01:00:39
14.71042	-60.91492	0	32	2021-11-17T01:15:25
14.71046	-60.91492	0	32	2021-11-17T01:25:24
14.71045	-60.91492	0	32	2021-11-17T01:40:22
14.71046	-60.91495	0	32	2021-11-17T01:45:23
14.71048	-60.91506	0	32	2021-11-17T01:56:14
14.71057	-60.91489	0	32	2021-11-17T02:01:13
14.71040	-60.91489	0	32	2021-11-17T02:06:13
14.71038	-60.91489	0	32	2021-11-17T02:55:16
14.71039	-60.91498	0	32	2021-11-17T03:05:10
14.71039	-60.91489	0	32	2021-11-17T03:15:10
14.71036	-60.91483	0	32	2021-11-17T03:35:07
14.71044	-60.91480	0	32	2021-11-17T03:45:02
14.71040	-60.91489	0	32	2021-11-17T03:50:02
14.71044	-60.91489	0	32	2021-11-17T03:55:03
14.71035	-60.91483	0	32	2021-11-17T04:25:11
14.71036	-60.91486	0	32	2021-11-17T06:09:59
14.71040	-60.91486	0	32	2021-11-17T06:15:00
14.71038	-60.91483	0	32	2021-11-17T06:24:58
14.71043	-60.91486	0	32	2021-11-17T06:40:01
14.71040	-60.91483	0	32	2021-11-17T06:45:01
14.71044	-60.91486	0	32	2021-11-17T06:55:07
14.71044	-60.91477	0	32	2021-11-17T07:00:08
14.71044	-60.91486	0	32	2021-11-17T07:05:08
14.71042	-60.91480	0	32	2021-11-17T07:10:04
14.71042	-60.91489	0	32	2021-11-17T07:15:03
14.71046	-60.91489	0	32	2021-11-17T07:20:04
14.71045	-60.91483	0	32	2021-11-17T07:25:05
14.71051	-60.91495	0	32	2021-11-17T07:35:02
14.71047	-60.91495	0	32	2021-11-17T07:45:01
14.71037	-60.91489	0	32	2021-11-17T08:25:00
14.71040	-60.91486	0	32	2021-11-17T08:54:48
14.71044	-60.91486	0	32	2021-11-17T08:59:47
14.71037	-60.91489	0	32	2021-11-17T09:04:43
14.71039	-60.91473	0	32	2021-11-17T09:14:41
14.71040	-60.91476	0	32	2021-11-17T09:29:44
14.71040	-60.91467	0	32	2021-11-17T09:34:44
14.71050	-60.91467	0	32	2021-11-17T09:39:41
14.71037	-60.91444	0	32	2021-11-17T09:44:39
14.71037	-60.91453	0	32	2021-11-17T09:49:39
14.71041	-60.91504	0	32	2021-11-17T09:54:40
14.71044	-60.91501	0	32	2021-11-17T09:59:33
14.71034	-60.91473	0	32	2021-11-17T10:04:37
14.71038	-60.91483	0	32	2021-11-17T10:10:05
14.71039	-60.91486	0	32	2021-11-17T10:24:27
14.71043	-60.91486	0	32	2021-11-17T10:34:27
14.71046	-60.91498	0	32	2021-11-17T10:39:28
14.71035	-60.91504	0	32	2021-11-17T11:49:43
14.71046	-60.91492	0	32	2021-11-17T12:14:36
14.71046	-60.91475	0	32	2021-11-17T12:19:35
14.71046	-60.91492	0	32	2021-11-17T12:24:35
14.71046	-60.91498	0	32	2021-11-17T12:29:36
14.71049	-60.91452	0	32	2021-11-17T12:34:28
14.71058	-60.91461	0	32	2021-11-17T12:39:27
14.71054	-60.91461	0	32	2021-11-17T12:44:27
14.71056	-60.91473	0	32	2021-11-17T12:49:26
14.71060	-60.91467	0	32	2021-11-17T12:59:25
14.71046	-60.91458	0	32	2021-11-17T13:19:29
14.71042	-60.91467	0	32	2021-11-17T13:24:29
14.71038	-60.91467	0	32	2021-11-17T13:29:29
14.71037	-60.91495	0	32	2021-11-17T13:34:39
14.71036	-60.91476	0	32	2021-11-17T14:04:28
14.71040	-60.91489	0	32	2021-11-17T14:14:23
14.71038	-60.91489	0	32	2021-11-17T14:19:27
14.71042	-60.91489	0	32	2021-11-17T14:24:27
14.71038	-60.91489	0	32	2021-11-17T14:29:26
14.71040	-60.91489	0	32	2021-11-17T14:59:14
14.71036	-60.91492	0	32	2021-11-17T15:04:12
14.71043	-60.91476	0	32	2021-11-17T15:09:56
14.71030	-60.91476	0	32	2021-11-17T15:14:56
14.71038	-60.91455	0	32	2021-11-17T15:34:13
14.71044	-60.91469	0	32	2021-11-17T15:44:15
14.71052	-60.91470	0	32	2021-11-17T15:49:20
14.71044	-60.91452	0	32	2021-11-17T15:54:14
14.71047	-60.91483	0	32	2021-11-17T15:59:29
14.71050	-60.91495	0	32	2021-11-17T16:59:15
14.71036	-60.91492	0	32	2021-11-17T17:24:10
14.71036	-60.91483	0	32	2021-11-17T17:29:10
14.71032	-60.91492	0	32	2021-11-17T17:34:11
14.71038	-60.91492	0	32	2021-11-17T17:39:08
14.71045	-60.91498	0	32	2021-11-17T17:49:12
14.71043	-60.91495	0	32	2021-11-17T17:54:18
14.71047	-60.91495	0	32	2021-11-17T18:04:17
14.71041	-60.91486	0	32	2021-11-17T18:09:47
14.71055	-60.91476	0	32	2021-11-17T18:29:15
14.71043	-60.91458	0	32	2021-11-17T18:34:14
14.71047	-60.91467	0	32	2021-11-17T18:39:14
14.71043	-60.91467	0	32	2021-11-17T18:44:15
14.71051	-60.91473	0	32	2021-11-17T18:49:16
14.71046	-60.91464	0	32	2021-11-17T18:59:34
14.71046	-60.91473	0	32	2021-11-17T19:04:34
14.71037	-60.91473	0	32	2021-11-17T19:09:35
14.71045	-60.91489	0	32	2021-11-17T20:14:06
14.71041	-60.91489	0	32	2021-11-17T20:19:05
14.71053	-60.91495	0	32	2021-11-17T20:29:16
14.71049	-60.91495	0	32	2021-11-17T20:34:15
14.71053	-60.91504	0	32	2021-11-17T20:39:16
14.71045	-60.91498	0	32	2021-11-17T20:44:02
14.71049	-60.91501	0	32	2021-11-17T20:49:02
14.71049	-60.91492	0	32	2021-11-17T20:54:02
14.71049	-60.91489	0	32	2021-11-17T20:59:03
14.71053	-60.91489	0	32	2021-11-17T21:08:58
14.71057	-60.91472	0	32	2021-11-17T21:13:58
14.71061	-60.91489	0	32	2021-11-17T21:18:59
14.71038	-60.91485	0	32	2021-11-17T21:28:58
14.71059	-60.91476	0	32	2021-11-17T21:33:58
14.71046	-60.91476	0	32	2021-11-17T21:38:59
14.71045	-60.91483	0	32	2021-11-17T21:49:07
14.71045	-60.91474	0	32	2021-11-17T21:54:06
14.71045	-60.91483	0	32	2021-11-17T21:59:06
14.71045	-60.91473	0	32	2021-11-17T23:38:34
14.71041	-60.91473	0	32	2021-11-17T23:48:35
14.71037	-60.91458	0	32	2021-11-18T00:18:36
14.71037	-60.91467	0	32	2021-11-18T00:23:36
14.71033	-60.91467	0	32	2021-11-18T00:28:35
14.71037	-60.91470	0	32	2021-11-18T01:03:32
14.71037	-60.91479	0	32	2021-11-18T01:08:32
14.71058	-60.91492	0	32	2021-11-18T01:43:28
14.71046	-60.91469	0	32	2021-11-18T01:58:26
14.71046	-60.91486	0	32	2021-11-18T02:03:27
14.71046	-60.91495	0	32	2021-11-18T02:08:27
14.71053	-60.91486	0	32	2021-11-18T02:33:24
14.71047	-60.91489	0	32	2021-11-18T02:38:25
14.71043	-60.91489	0	32	2021-11-18T02:43:26
14.71047	-60.91489	0	32	2021-11-18T02:48:26
14.71050	-60.91483	0	32	2021-11-18T02:53:25
14.71050	-60.91492	0	32	2021-11-18T02:58:25
14.71037	-60.91486	0	32	2021-11-18T03:08:27
14.71046	-60.91486	0	32	2021-11-18T03:18:27
14.71039	-60.91483	0	32	2021-11-18T04:24:04
14.71038	-60.91486	0	32	2021-11-18T04:33:30
14.71044	-60.91489	0	32	2021-11-18T04:58:15
14.71046	-60.91495	0	32	2021-11-18T06:03:21
14.71044	-60.91483	0	32	2021-11-18T06:08:19
14.71048	-60.91483	0	32	2021-11-18T06:13:19
14.71048	-60.91476	0	32	2021-11-18T06:19:26
14.71035	-60.91467	0	32	2021-11-18T06:29:27
14.71039	-60.91459	0	32	2021-11-18T06:38:28
14.71037	-60.91479	0	32	2021-11-18T06:43:17
14.71039	-60.91467	0	32	2021-11-18T06:48:28
14.71043	-60.91491	0	32	2021-11-18T06:58:20
14.71043	-60.91474	0	32	2021-11-18T07:03:21
14.71043	-60.91483	0	32	2021-11-18T07:08:21
14.71036	-60.91492	0	32	2021-11-18T07:13:19
14.71044	-60.91495	0	32	2021-11-18T07:23:17
14.71035	-60.91489	0	32	2021-11-18T07:48:12
14.71040	-60.91493	0	32	2021-11-18T08:19:31
14.71037	-60.91495	0	32	2021-11-18T08:23:15
14.71032	-60.91476	0	32	2021-11-18T08:29:32
14.71037	-60.91484	0	32	2021-11-18T08:38:09
14.71024	-60.91458	0	32	2021-11-18T08:43:08
14.71032	-60.91489	0	32	2021-11-18T08:48:08
14.71037	-60.91483	0	32	2021-11-18T08:53:07
14.71035	-60.91495	0	32	2021-11-18T09:03:09
14.71041	-60.91495	0	32	2021-11-18T10:03:09
14.71043	-60.91489	0	32	2021-11-18T10:23:13
14.71040	-60.91492	0	32	2021-11-18T11:23:08
14.71036	-60.91492	0	32	2021-11-18T11:28:08
14.71040	-60.91483	0	32	2021-11-18T11:33:08
14.71036	-60.91498	0	32	2021-11-18T11:38:06
14.71036	-60.91507	0	32	2021-11-18T11:48:05
14.71046	-60.91452	0	32	2021-11-18T11:53:05
14.71049	-60.91435	0	32	2021-11-18T12:43:10
14.71053	-60.91426	0	32	2021-11-18T12:48:10
14.71044	-60.91495	0	32	2021-11-18T12:53:11
14.71059	-60.91443	0	32	2021-11-18T12:58:05
14.71059	-60.91452	0	32	2021-11-18T13:03:05
14.71051	-60.91489	0	32	2021-11-18T13:23:00
14.71034	-60.91489	0	32	2021-11-18T13:27:59
14.71043	-60.91489	0	32	2021-11-18T13:32:59
14.71038	-60.91479	0	32	2021-11-18T14:12:50
14.71047	-60.91496	0	32	2021-11-18T14:17:51
14.71026	-60.91470	0	32	2021-11-18T14:22:51
14.71044	-60.91495	0	32	2021-11-18T14:27:49
14.71053	-60.91504	0	32	2021-11-18T14:37:50
14.71050	-60.91501	0	32	2021-11-18T14:42:48
14.71052	-60.91510	0	32	2021-11-18T14:52:49
14.71056	-60.91510	0	32	2021-11-18T14:57:49
14.71043	-60.91487	0	32	2021-11-18T15:07:52
14.71022	-60.91461	0	32	2021-11-18T15:12:52
14.71018	-60.91452	0	32	2021-11-18T15:17:51
14.71056	-60.91455	0	32	2021-11-18T15:37:52
14.71065	-60.91455	0	32	2021-11-18T15:42:51
14.71065	-60.91464	0	32	2021-11-18T15:47:51
14.71069	-60.91477	0	32	2021-11-18T15:52:55
14.71069	-60.91486	0	32	2021-11-18T15:57:55
14.71060	-60.91486	0	32	2021-11-18T16:02:54
14.71044	-60.91486	0	32	2021-11-18T16:57:39
14.71040	-60.91486	0	32	2021-11-18T17:02:38
14.71037	-60.91486	0	32	2021-11-18T17:42:28
14.71050	-60.91495	0	32	2021-11-18T17:52:27
14.71041	-60.91487	0	32	2021-11-18T18:02:31
14.71041	-60.91461	0	32	2021-11-18T18:07:30
14.71062	-60.91487	0	32	2021-11-18T18:22:28
14.71045	-60.91461	0	32	2021-11-18T18:27:28
14.71054	-60.91461	0	32	2021-11-18T18:32:29
14.71056	-60.91461	0	32	2021-11-18T18:52:26
14.71048	-60.91458	0	32	2021-11-18T19:17:22
14.71046	-60.91495	0	32	2021-11-18T19:52:21
14.71050	-60.91504	0	32	2021-11-18T20:17:28
14.71039	-60.91492	0	32	2021-11-18T20:22:14
14.71041	-60.91484	0	32	2021-11-18T20:52:17
14.71041	-60.91475	0	32	2021-11-18T20:57:16
14.71041	-60.91492	0	32	2021-11-18T21:02:16
14.71051	-60.91492	0	32	2021-11-18T21:12:15
14.71051	-60.91475	0	32	2021-11-18T21:17:15
14.71047	-60.91492	0	32	2021-11-18T21:22:16
14.71050	-60.91486	0	32	2021-11-18T21:27:17
14.71037	-60.91476	0	32	2021-11-18T21:35:19
14.71037	-60.91467	0	32	2021-11-18T21:45:20
14.71040	-60.91463	0	32	2021-11-18T22:07:20
14.71040	-60.91472	0	32	2021-11-18T22:12:20
14.71040	-60.91498	0	32	2021-11-18T22:17:20
14.71044	-60.91489	0	32	2021-11-18T23:17:20
14.71033	-60.91483	0	32	2021-11-18T23:27:22
14.71042	-60.91449	0	32	2021-11-19T00:07:14
14.71040	-60.91443	0	32	2021-11-19T00:12:11
14.71051	-60.91449	0	32	2021-11-19T00:17:14
14.71045	-60.91455	0	32	2021-11-19T00:27:13
14.71041	-60.91455	0	32	2021-11-19T00:32:13
14.71053	-60.91479	0	32	2021-11-19T00:37:15
14.71047	-60.91473	0	32	2021-11-19T00:42:19
14.71038	-60.91464	0	32	2021-11-19T00:47:20
14.71038	-60.91473	0	32	2021-11-19T00:52:20
14.71035	-60.91467	0	32	2021-11-19T00:57:57
14.71038	-60.91479	0	32	2021-11-19T02:02:25
14.71042	-60.91478	0	32	2021-11-19T02:07:26
14.71046	-60.91495	0	32	2021-11-19T02:12:26
14.71046	-60.91498	0	32	2021-11-19T02:32:18
14.71046	-60.91489	0	32	2021-11-19T02:42:17
14.71046	-60.91486	0	32	2021-11-19T02:47:18
14.71040	-60.91489	0	32	2021-11-19T03:17:03
14.71041	-60.91483	0	32	2021-11-19T03:22:04
14.71037	-60.91479	0	32	2021-11-19T03:42:03
14.71046	-60.91479	0	32	2021-11-19T03:47:02
14.71040	-60.91483	0	32	2021-11-19T03:57:03
14.71041	-60.91473	0	32	2021-11-19T04:02:29
14.71049	-60.91470	0	32	2021-11-19T04:47:03
14.71045	-60.91470	0	32	2021-11-19T04:52:03
14.71049	-60.91479	0	32	2021-11-19T04:57:02
14.71048	-60.91492	0	32	2021-11-19T05:06:59
14.71034	-60.91488	0	32	2021-11-19T05:27:01
14.71047	-60.91489	0	32	2021-11-19T05:31:57
14.71039	-60.91479	0	32	2021-11-19T05:37:01
14.71030	-60.91461	0	32	2021-11-19T05:46:59
14.71039	-60.91478	0	32	2021-11-19T05:51:59
14.71035	-60.91452	0	32	2021-11-19T05:57:00
14.71036	-60.91483	0	32	2021-11-19T06:11:55
14.71044	-60.91498	0	32	2021-11-19T06:16:52
14.71040	-60.91473	0	32	2021-11-19T06:36:51
14.71044	-60.91489	0	32	2021-11-19T06:46:49
14.71046	-60.91478	0	32	2021-11-19T06:51:53
14.71046	-60.91495	0	32	2021-11-19T06:56:52
14.71040	-60.91486	0	32	2021-11-19T07:06:53
14.71044	-60.91486	0	32	2021-11-19T07:11:54
14.71040	-60.91486	0	32	2021-11-19T07:16:54
14.71041	-60.91506	0	32	2021-11-19T08:16:58
14.71040	-60.91489	0	32	2021-11-19T08:21:57
14.71041	-60.91489	0	32	2021-11-19T08:26:59
14.71038	-60.91476	0	32	2021-11-19T08:37:01
14.71049	-60.91495	0	32	2021-11-19T08:47:05
14.71044	-60.91489	0	32	2021-11-19T09:02:02
14.71040	-60.91437	0	32	2021-11-19T09:22:07
14.71040	-60.91488	0	32	2021-11-19T09:27:06
14.71049	-60.91479	0	32	2021-11-19T09:32:06
14.71048	-60.91464	0	32	2021-11-19T09:42:04
14.71042	-60.91487	0	32	2021-11-19T09:57:15
14.71042	-60.91513	0	32	2021-11-19T10:02:15
14.71046	-60.91504	0	32	2021-11-19T10:07:16
14.71042	-60.91486	0	32	2021-11-19T11:12:04
14.71038	-60.91486	0	32	2021-11-19T11:17:05
14.71037	-60.91489	0	32	2021-11-19T11:36:57
14.71033	-60.91489	0	32	2021-11-19T11:41:57
14.71039	-60.91489	0	32	2021-11-19T11:46:59
14.71043	-60.91489	0	32	2021-11-19T11:51:59
14.71034	-60.91486	0	32	2021-11-19T12:06:58
14.71038	-60.91486	0	32	2021-11-19T12:16:57
14.71041	-60.91489	0	32	2021-11-19T12:31:50
14.71045	-60.91489	0	32	2021-11-19T12:36:50
14.71072	-60.91455	0	32	2021-11-19T12:51:50
14.71055	-60.91472	0	32	2021-11-19T12:56:51
14.71051	-60.91446	0	32	2021-11-19T13:01:51
14.71040	-60.91473	0	32	2021-11-19T13:12:09
14.71043	-60.91483	0	32	2021-11-19T14:06:32
14.71039	-60.91483	0	32	2021-11-19T14:16:31
14.71050	-60.91498	0	32	2021-11-19T14:21:31
14.71046	-60.91489	0	32	2021-11-19T14:31:30
14.71051	-60.91486	0	32	2021-11-19T14:41:27
14.71049	-60.91492	0	32	2021-11-19T14:41:31
14.71042	-60.91486	0	32	2021-11-19T14:46:27
14.71040	-60.91489	0	32	2021-11-19T14:46:28
14.71046	-60.91486	0	32	2021-11-19T14:51:27
14.71047	-60.91478	0	32	2021-11-19T15:02:19
14.71043	-60.91487	0	32	2021-11-19T15:07:18
14.71030	-60.91461	0	32	2021-11-19T15:12:18
14.71034	-60.91474	0	32	2021-11-19T15:16:21
14.71038	-60.91483	0	32	2021-11-19T15:21:22
14.71045	-60.91476	0	32	2021-11-19T15:41:18
14.71036	-60.91476	0	32	2021-11-19T15:46:19
14.71040	-60.91476	0	32	2021-11-19T15:51:19
14.71040	-60.91486	0	32	2021-11-19T16:01:17
14.71039	-60.91479	0	32	2021-11-19T17:21:15
14.71040	-60.91474	0	32	2021-11-19T17:36:14
14.71040	-60.91483	0	32	2021-11-19T17:41:15
14.71039	-60.91473	0	32	2021-11-19T17:46:15
14.71039	-60.91464	0	32	2021-11-19T17:51:14
14.71043	-60.91464	0	32	2021-11-19T17:56:14
14.71043	-60.91473	0	32	2021-11-19T18:01:15
14.71044	-60.91452	0	32	2021-11-19T18:06:58
14.71044	-60.91503	0	32	2021-11-19T18:11:59
14.71040	-60.91486	0	32	2021-11-19T18:16:59
14.71052	-60.91446	0	32	2021-11-19T18:21:14
14.71032	-60.91458	0	32	2021-11-19T18:26:15
14.71041	-60.91458	0	32	2021-11-19T18:31:15
14.71032	-60.91449	0	32	2021-11-19T18:36:14
14.71049	-60.91486	0	32	2021-11-19T18:41:13
14.71037	-60.91440	0	32	2021-11-19T18:51:12
14.71035	-60.91467	0	32	2021-11-19T19:21:10
14.71024	-60.91466	0	32	2021-11-19T19:26:13
14.71033	-60.91483	0	32	2021-11-19T19:31:13
14.71033	-60.91467	0	32	2021-11-19T19:41:05
14.71035	-60.91479	0	32	2021-11-19T19:46:05
14.71029	-60.91467	0	32	2021-11-19T19:51:05
14.71040	-60.91489	0	32	2021-11-19T19:56:06
14.71033	-60.91473	0	32	2021-11-19T20:01:03
14.71045	-60.91495	0	32	2021-11-19T20:06:01
14.71041	-60.91495	0	32	2021-11-19T20:11:02
14.71036	-60.91495	0	32	2021-11-19T20:16:03
14.71049	-60.91495	0	32	2021-11-19T20:21:03
14.71041	-60.91486	0	32	2021-11-19T20:25:56
14.71043	-60.91486	0	32	2021-11-19T20:30:55
14.71046	-60.91495	0	32	2021-11-19T20:45:48
14.71046	-60.91486	0	32	2021-11-19T20:50:47
14.71047	-60.91485	0	32	2021-11-19T21:00:51
14.71050	-60.91476	0	32	2021-11-19T21:05:48
14.71051	-60.91476	0	32	2021-11-19T21:10:50
14.71044	-60.91470	0	32	2021-11-19T21:30:53
14.71057	-60.91470	0	32	2021-11-19T21:35:54
14.71044	-60.91470	0	32	2021-11-19T21:40:54
14.71039	-60.91461	0	32	2021-11-19T21:45:56
14.71040	-60.91495	0	32	2021-11-19T22:40:56
14.71036	-60.91489	0	32	2021-11-19T23:00:49
14.71039	-60.91464	0	32	2021-11-19T23:05:52
14.71048	-60.91473	0	32	2021-11-19T23:15:52
14.71038	-60.91472	0	32	2021-11-19T23:35:55
14.71038	-60.91489	0	32	2021-11-19T23:40:56
14.71045	-60.91452	0	32	2021-11-19T23:55:42
14.71043	-60.91449	0	32	2021-11-20T00:00:44
14.71045	-60.91458	0	32	2021-11-20T00:05:37
14.71040	-60.91444	0	32	2021-11-20T00:10:38
14.71044	-60.91470	0	32	2021-11-20T00:15:38
14.71065	-60.91479	0	32	2021-11-20T00:20:38
14.71041	-60.91474	0	32	2021-11-20T00:50:22
14.71041	-60.91483	0	32	2021-11-20T01:00:23
14.71045	-60.91488	0	32	2021-11-20T02:00:11
14.71041	-60.91479	0	32	2021-11-20T02:05:11
14.71039	-60.91461	0	32	2021-11-20T02:20:10
14.71032	-60.91473	0	32	2021-11-20T02:25:14
14.71036	-60.91473	0	32	2021-11-20T02:30:14
14.71039	-60.91470	0	32	2021-11-20T02:35:16
14.71039	-60.91461	0	32	2021-11-20T02:40:17
14.71039	-60.91470	0	32	2021-11-20T02:45:17
14.71037	-60.91464	0	32	2021-11-20T02:50:15
14.71046	-60.91461	0	32	2021-11-20T02:55:13
14.71042	-60.91464	0	32	2021-11-20T03:00:12
14.71046	-60.91464	0	32	2021-11-20T03:10:11
14.71039	-60.91483	0	32	2021-11-20T03:55:17
14.71038	-60.91489	0	32	2021-11-20T04:30:36
14.71016	-60.91480	0	32	2021-11-20T05:25:37
14.71037	-60.91489	0	32	2021-11-20T05:35:36
14.71040	-60.91483	0	32	2021-11-20T05:45:07
14.71043	-60.91483	0	32	2021-11-20T05:50:00
14.71039	-60.91483	0	32	2021-11-20T05:55:01
14.71035	-60.91483	0	32	2021-11-20T06:00:01
14.71038	-60.91483	0	32	2021-11-20T06:20:00
14.71040	-60.91489	0	32	2021-11-20T06:35:07
14.71038	-60.91489	0	32	2021-11-20T06:40:01
14.71040	-60.91489	0	32	2021-11-20T06:45:08
14.71041	-60.91486	0	32	2021-11-20T06:54:58
14.71042	-60.91495	0	32	2021-11-20T07:10:01
14.71046	-60.91495	0	32	2021-11-20T07:15:00
14.71037	-60.91489	0	32	2021-11-20T07:45:01
14.71033	-60.91489	0	32	2021-11-20T07:50:04
14.71037	-60.91492	0	32	2021-11-20T07:55:04
14.71050	-60.91492	0	32	2021-11-20T08:00:03
14.71046	-60.91495	0	32	2021-11-20T08:05:02
14.71040	-60.91489	0	32	2021-11-20T08:10:05
14.71035	-60.91483	0	32	2021-11-20T08:15:08
14.71041	-60.91489	0	32	2021-11-20T08:25:08
14.71034	-60.91483	0	32	2021-11-20T08:45:14
14.71030	-60.91492	0	32	2021-11-20T08:50:15
14.71033	-60.91513	0	32	2021-11-20T08:55:13
14.71038	-60.91480	0	32	2021-11-20T09:00:16
14.71034	-60.91489	0	32	2021-11-20T09:05:15
14.71030	-60.91494	0	32	2021-11-20T09:25:13
14.71039	-60.91443	0	32	2021-11-20T09:30:14
14.71039	-60.91492	0	32	2021-11-20T09:35:47
14.71039	-60.91475	0	32	2021-11-20T09:40:47
14.71035	-60.91492	0	32	2021-11-20T09:45:48
14.71036	-60.91467	0	32	2021-11-20T10:10:13
14.71048	-60.91495	0	32	2021-11-20T10:20:12
14.71038	-60.91483	0	32	2021-11-20T10:50:13
14.71033	-60.91473	0	32	2021-11-20T11:10:08
14.71037	-60.91473	0	32	2021-11-20T11:20:09
14.71047	-60.91443	0	32	2021-11-20T11:55:08
14.71052	-60.91473	0	32	2021-11-20T12:00:09
14.71047	-60.91444	0	32	2021-11-20T12:10:08
14.71047	-60.91435	0	32	2021-11-20T12:15:08
14.71047	-60.91461	0	32	2021-11-20T12:20:09
14.71052	-60.91434	0	32	2021-11-20T12:25:06
14.71043	-60.91474	0	32	2021-11-20T12:30:09
14.71047	-60.91431	0	32	2021-11-20T12:35:08
14.71040	-60.91425	0	32	2021-11-20T12:40:11
14.71040	-60.91479	0	32	2021-11-20T13:00:18
14.71040	-60.91470	0	32	2021-11-20T13:05:17
14.71040	-60.91483	0	32	2021-11-20T13:55:10
14.71044	-60.91492	0	32	2021-11-20T14:00:11
14.71035	-60.91483	0	32	2021-11-20T14:05:11
14.71039	-60.91483	0	32	2021-11-20T14:10:12
14.71046	-60.91486	0	32	2021-11-20T14:25:14
14.71050	-60.91486	0	32	2021-11-20T14:35:13
14.71048	-60.91489	0	32	2021-11-20T14:45:41
14.71044	-60.91489	0	32	2021-11-20T14:50:41
14.71025	-60.91464	0	32	2021-11-20T15:05:13
14.71016	-60.91447	0	32	2021-11-20T15:10:12
14.71046	-60.91473	0	32	2021-11-20T15:15:12
14.71035	-60.91479	0	32	2021-11-20T16:55:02
14.71029	-60.91476	0	32	2021-11-20T17:00:06
14.71035	-60.91479	0	32	2021-11-20T17:05:03
14.71033	-60.91479	0	32	2021-11-20T17:39:45
14.71038	-60.91476	0	32	2021-11-20T17:44:46
14.71045	-60.91489	0	32	2021-11-20T17:54:52
14.71041	-60.91480	0	32	2021-11-20T17:59:51
14.71041	-60.91489	0	32	2021-11-20T18:04:51
14.71043	-60.91467	0	32	2021-11-20T18:19:58
14.71038	-60.91475	0	32	2021-11-20T18:39:59
14.71034	-60.91458	0	32	2021-11-20T18:44:58
14.71039	-60.91489	0	32	2021-11-20T18:59:53
14.71033	-60.91476	0	32	2021-11-20T19:34:53
14.71043	-60.91467	0	32	2021-11-20T20:29:49
14.71034	-60.91467	0	32	2021-11-20T20:34:49
14.71042	-60.91479	0	32	2021-11-20T20:45:53
14.71038	-60.91488	0	32	2021-11-20T20:50:53
14.71038	-60.91479	0	32	2021-11-20T20:55:53
14.71043	-60.91467	0	32	2021-11-20T20:59:47
14.71045	-60.91473	0	32	2021-11-20T21:14:36
14.71044	-60.91467	0	32	2021-11-20T21:29:44
14.71048	-60.91467	0	32	2021-11-20T21:34:44
14.71050	-60.91486	0	32	2021-11-20T22:59:43
14.71033	-60.91486	0	32	2021-11-20T23:04:43
14.71019	-60.91473	0	32	2021-11-20T23:14:34
14.71058	-60.91473	0	32	2021-11-20T23:19:34
14.71045	-60.91473	0	32	2021-11-20T23:24:33
14.71045	-60.91452	0	32	2021-11-21T00:04:42
14.71052	-60.91474	0	32	2021-11-21T00:14:30
14.71069	-60.91474	0	32	2021-11-21T00:19:30
14.71056	-60.91483	0	32	2021-11-21T00:24:31
14.71047	-60.91490	0	32	2021-11-21T01:34:19
14.71043	-60.91473	0	32	2021-11-21T01:39:18
14.71047	-60.91464	0	32	2021-11-21T01:44:18
14.71049	-60.91490	0	32	2021-11-21T02:04:04
14.71040	-60.91473	0	32	2021-11-21T02:14:04
14.71045	-60.91479	0	32	2021-11-21T02:34:07
14.71046	-60.91453	0	32	2021-11-21T02:44:12
14.71046	-60.91479	0	32	2021-11-21T02:49:12
14.71085	-60.91470	0	32	2021-11-21T02:54:11
14.71040	-60.91489	0	32	2021-11-21T03:04:11
14.71036	-60.91489	0	32	2021-11-21T03:14:10
14.71048	-60.91495	0	32	2021-11-21T03:19:10
14.71048	-60.91492	0	32	2021-11-21T03:24:10
14.71044	-60.91483	0	32	2021-11-21T03:29:09
14.71046	-60.91486	0	32	2021-11-21T03:34:08
14.71044	-60.91489	0	32	2021-11-21T04:34:05
14.71048	-60.91492	0	32	2021-11-21T04:54:07
14.71049	-60.91489	0	32	2021-11-21T05:02:15
14.71052	-60.91492	0	32	2021-11-21T05:04:06
14.71043	-60.91489	0	32	2021-11-21T05:09:02
14.71044	-60.91489	0	32	2021-11-21T05:29:11
14.71041	-60.91487	0	32	2021-11-21T05:34:02
14.71032	-60.91470	0	32	2021-11-21T05:39:01
14.71039	-60.91489	0	32	2021-11-21T05:44:00
14.71039	-60.91479	0	32	2021-11-21T05:49:04
14.71038	-60.91479	0	32	2021-11-21T05:59:02
14.71034	-60.91479	0	32	2021-11-21T06:09:01
14.71036	-60.91486	0	32	2021-11-21T06:14:07
14.71040	-60.91483	0	32	2021-11-21T06:19:06
14.71036	-60.91486	0	32	2021-11-21T06:24:08
14.71040	-60.91486	0	32	2021-11-21T06:49:03
14.71037	-60.91492	0	32	2021-11-21T07:24:03
14.71035	-60.91495	0	32	2021-11-21T08:04:41
14.71035	-60.91489	0	32	2021-11-21T08:13:55
14.71031	-60.91489	0	32	2021-11-21T08:18:55
14.71044	-60.91475	0	32	2021-11-21T09:28:38
14.71065	-60.91441	0	32	2021-11-21T09:33:39
14.71035	-60.91501	0	32	2021-11-21T09:38:39
14.71041	-60.91492	0	32	2021-11-21T10:48:27
14.71042	-60.91486	0	32	2021-11-21T11:03:28
14.71038	-60.91486	0	32	2021-11-21T11:08:28
14.71043	-60.91495	0	32	2021-11-21T11:43:29
14.71047	-60.91443	0	32	2021-11-21T11:48:27
14.71038	-60.91470	0	32	2021-11-21T11:53:28
14.71041	-60.91491	0	32	2021-11-21T11:58:28
14.71045	-60.91482	0	32	2021-11-21T12:03:28
14.71049	-60.91473	0	32	2021-11-21T12:08:27
14.71046	-60.91483	0	32	2021-11-21T12:18:29
14.71050	-60.91483	0	32	2021-11-21T12:23:29
14.71059	-60.91483	0	32	2021-11-21T12:28:29
14.71060	-60.91476	0	32	2021-11-21T12:33:27
14.71040	-60.91489	0	32	2021-11-21T13:33:30
14.71035	-60.91489	0	32	2021-11-21T13:53:29
14.71039	-60.91489	0	32	2021-11-21T13:58:30
14.71032	-60.91473	0	32	2021-11-21T14:03:58
14.71040	-60.91498	0	32	2021-11-21T14:28:23
14.71040	-60.91489	0	32	2021-11-21T14:38:22
14.71035	-60.91483	0	32	2021-11-21T14:58:17
14.71043	-60.91492	0	32	2021-11-21T15:13:19
14.71039	-60.91483	0	32	2021-11-21T15:23:18
14.71041	-60.91486	0	32	2021-11-21T15:28:17
14.71045	-60.91486	0	32	2021-11-21T15:33:16
14.71037	-60.91489	0	32	2021-11-21T16:28:16
14.71041	-60.91489	0	32	2021-11-21T16:38:15
14.71045	-60.91478	0	32	2021-11-21T17:38:01
14.71066	-60.91478	0	32	2021-11-21T17:43:00
14.71070	-60.91461	0	32	2021-11-21T17:48:00
14.71068	-60.91499	0	32	2021-11-21T17:55:09
14.71064	-60.91490	0	32	2021-11-21T18:00:09
14.71060	-60.91464	0	32	2021-11-21T18:05:10
14.71049	-60.91492	0	32	2021-11-21T18:08:03
14.71070	-60.91461	0	32	2021-11-21T18:13:01
14.71056	-60.91463	0	32	2021-11-21T18:18:05
14.71060	-60.91463	0	32	2021-11-21T18:23:06
14.71047	-60.91446	0	32	2021-11-21T18:28:06
14.71041	-60.91422	0	32	2021-11-21T18:53:04
14.71037	-60.91422	0	32	2021-11-21T19:03:04
14.71040	-60.91498	0	32	2021-11-21T19:23:02
14.71040	-60.91489	0	32	2021-11-21T19:28:02
14.71044	-60.91489	0	32	2021-11-21T19:33:03
14.71039	-60.91486	0	32	2021-11-21T19:43:03
14.71038	-60.91492	0	32	2021-11-21T20:13:02
14.71034	-60.91492	0	32	2021-11-21T20:18:03
14.71025	-60.91483	0	32	2021-11-21T20:23:03
14.71048	-60.91495	0	32	2021-11-21T20:28:04
14.71036	-60.91495	0	32	2021-11-21T20:33:02
14.71043	-60.91495	0	32	2021-11-21T20:38:03
14.71044	-60.91489	0	32	2021-11-21T20:43:06
14.71065	-60.91489	0	32	2021-11-21T21:03:10
14.71046	-60.91476	0	32	2021-11-21T21:08:06
14.71050	-60.91467	0	32	2021-11-21T21:13:05
14.71063	-60.91464	0	32	2021-11-21T21:18:08
14.71042	-60.91453	0	32	2021-11-21T21:43:03
14.71038	-60.91470	0	32	2021-11-21T21:48:03
14.71047	-60.91470	0	32	2021-11-21T21:53:04
14.71040	-60.91489	0	32	2021-11-21T22:22:50
14.71027	-60.91452	0	32	2021-11-21T22:27:50
14.71044	-60.91495	0	32	2021-11-21T22:32:51
14.71038	-60.91473	0	32	2021-11-21T22:42:56
14.71029	-60.91464	0	32	2021-11-21T22:52:55
14.71038	-60.91470	0	32	2021-11-21T23:17:51
14.71038	-60.91461	0	32	2021-11-21T23:22:51
14.71034	-60.91470	0	32	2021-11-21T23:27:50
14.71037	-60.91483	0	32	2021-11-21T23:32:54
14.71039	-60.91472	0	32	2021-11-21T23:37:51
14.71030	-60.91455	0	32	2021-11-21T23:47:51
14.71041	-60.91461	0	32	2021-11-21T23:52:48
14.71039	-60.91470	0	32	2021-11-22T00:07:45
14.71040	-60.91473	0	32	2021-11-22T00:32:41
14.71039	-60.91489	0	32	2021-11-22T01:37:44
14.71036	-60.91504	0	32	2021-11-22T01:42:41
14.71037	-60.91495	0	32	2021-11-22T01:47:46
14.71037	-60.91486	0	32	2021-11-22T01:52:46
14.71040	-60.91495	0	32	2021-11-22T02:02:41
14.71040	-60.91498	0	32	2021-11-22T02:18:10
14.71040	-60.91489	0	32	2021-11-22T02:23:10
14.71040	-60.91495	0	32	2021-11-22T02:42:47
14.71038	-60.91489	0	32	2021-11-22T02:52:45
14.71040	-60.91489	0	32	2021-11-22T03:02:43
14.71038	-60.91486	0	32	2021-11-22T03:22:58
14.71036	-60.91489	0	32	2021-11-22T03:47:40
14.71045	-60.91489	0	32	2021-11-22T03:52:40
14.71038	-60.91486	0	32	2021-11-22T04:27:42
14.71047	-60.91485	0	32	2021-11-22T04:57:36
14.71043	-60.91485	0	32	2021-11-22T05:02:37
14.71030	-60.91476	0	32	2021-11-22T05:07:37
14.71038	-60.91483	0	32	2021-11-22T05:12:38
14.71036	-60.91473	0	32	2021-11-22T05:32:37
14.71038	-60.91467	0	32	2021-11-22T05:42:25
14.71038	-60.91476	0	32	2021-11-22T05:52:26
14.71039	-60.91476	0	32	2021-11-22T06:12:26
14.71040	-60.91473	0	32	2021-11-22T06:28:02
14.71051	-60.91479	0	32	2021-11-22T06:52:29
14.71045	-60.91495	0	32	2021-11-22T07:22:35
14.71037	-60.91486	0	32	2021-11-22T07:32:34
14.71036	-60.91495	0	32	2021-11-22T07:42:36
14.71039	-60.91489	0	32	2021-11-22T07:47:34
14.71042	-60.91480	0	32	2021-11-22T08:12:39
14.71046	-60.91489	0	32	2021-11-22T08:17:39
14.71029	-60.91489	0	32	2021-11-22T08:22:39
14.71034	-60.91486	0	32	2021-11-22T08:37:34
14.71033	-60.91467	0	32	2021-11-22T08:42:39
14.71038	-60.91489	0	32	2021-11-22T09:02:34
14.71045	-60.91470	0	32	2021-11-22T09:07:32
14.71044	-60.91495	0	32	2021-11-22T10:12:23
14.71044	-60.91486	0	32	2021-11-22T10:17:22
14.71044	-60.91495	0	32	2021-11-22T10:22:22
14.71044	-60.91492	0	32	2021-11-22T10:37:35
14.71043	-60.91473	0	32	2021-11-22T11:22:05
14.71039	-60.91473	0	32	2021-11-22T11:27:05
14.71043	-60.91473	0	32	2021-11-22T11:32:04
14.71044	-60.91455	0	32	2021-11-22T11:37:01
14.71043	-60.91447	0	32	2021-11-22T11:51:56
14.71043	-60.91464	0	32	2021-11-22T11:56:56
14.71037	-60.91457	0	32	2021-11-22T12:01:53
14.71037	-60.91431	0	32	2021-11-22T12:06:54
14.71043	-60.91476	0	32	2021-11-22T12:11:54
14.71045	-60.91459	0	32	2021-11-22T12:26:56
14.71041	-60.91485	0	32	2021-11-22T12:31:55
14.71041	-60.91476	0	32	2021-11-22T12:36:55
14.71039	-60.91470	0	32	2021-11-22T13:11:45
14.71039	-60.91478	0	32	2021-11-22T13:22:29
14.71043	-60.91504	0	32	2021-11-22T13:27:28
14.71038	-60.91492	0	32	2021-11-22T13:31:48
14.71038	-60.91483	0	32	2021-11-22T13:41:47
14.71037	-60.91483	0	32	2021-11-22T13:46:47
14.71050	-60.91495	0	32	2021-11-22T14:11:52
14.71046	-60.91495	0	32	2021-11-22T14:16:52
14.71059	-60.91495	0	32	2021-11-22T14:21:51
14.71045	-60.91495	0	32	2021-11-22T14:46:54
14.71033	-60.91489	0	32	2021-11-22T14:51:55
14.71033	-60.91473	0	32	2021-11-22T14:56:53
14.71011	-60.91458	0	32	2021-11-22T15:01:56
14.71045	-60.91447	0	32	2021-11-22T15:17:11
14.71050	-60.91446	0	32	2021-11-22T15:21:48
14.71040	-60.91464	0	32	2021-11-22T15:27:12
14.71044	-60.91467	0	32	2021-11-22T15:36:48
14.71040	-60.91489	0	32	2021-11-22T15:56:43
14.71039	-60.91483	0	32	2021-11-22T16:01:45
14.71036	-60.91489	0	32	2021-11-22T16:06:44
14.71047	-60.91492	0	32	2021-11-22T16:11:42
14.71038	-60.91483	0	32	2021-11-22T16:16:43
14.71049	-60.91489	0	32	2021-11-22T16:24:18
14.71045	-60.91489	0	32	2021-11-22T16:29:18
14.71040	-60.91489	0	32	2021-11-22T16:31:44
14.71040	-60.91480	0	32	2021-11-22T17:01:35
14.71039	-60.91486	0	32	2021-11-22T17:06:35
14.71040	-60.91489	0	32	2021-11-22T17:11:34
14.71041	-60.91483	0	32	2021-11-22T17:16:35
14.71044	-60.91489	0	32	2021-11-22T17:26:29
14.71040	-60.91480	0	32	2021-11-22T17:31:29
14.71040	-60.91489	0	32	2021-11-22T17:36:30
14.71052	-60.91461	0	32	2021-11-22T17:51:25
14.71035	-60.91461	0	32	2021-11-22T17:56:26
14.71037	-60.91476	0	32	2021-11-22T19:06:15
14.71032	-60.91465	0	32	2021-11-22T19:36:12
14.71036	-60.91482	0	32	2021-11-22T19:41:13
14.71036	-60.91473	0	32	2021-11-22T19:46:13
14.71024	-60.91464	0	32	2021-11-22T19:51:15
14.71033	-60.91473	0	32	2021-11-22T19:56:15
14.71033	-60.91464	0	32	2021-11-22T20:01:16
14.71034	-60.91473	0	32	2021-11-22T20:06:14
14.71045	-60.91483	0	32	2021-11-22T20:21:16
14.71041	-60.91483	0	32	2021-11-22T20:26:16
14.71040	-60.91483	0	32	2021-11-22T20:36:15
14.71041	-60.91483	0	32	2021-11-22T20:41:14
14.71040	-60.91483	0	32	2021-11-22T20:46:16
14.71040	-60.91473	0	32	2021-11-22T21:26:15
14.71039	-60.91461	0	32	2021-11-22T21:46:07
14.71043	-60.91461	0	32	2021-11-22T21:56:08
14.71039	-60.91484	0	32	2021-11-22T22:06:03
14.71039	-60.91493	0	32	2021-11-22T22:11:03
14.71039	-60.91467	0	32	2021-11-22T22:16:04
14.71037	-60.91464	0	32	2021-11-22T22:31:29
14.71041	-60.91473	0	32	2021-11-22T22:36:28
14.71027	-60.91476	0	32	2021-11-22T22:56:03
14.71027	-60.91482	0	32	2021-11-22T23:06:02
14.71040	-60.91482	0	32	2021-11-22T23:11:02
14.71040	-60.91473	0	32	2021-11-22T23:16:03
14.71047	-60.91486	0	32	2021-11-22T23:20:59
14.71000	-60.91447	0	32	2021-11-22T23:26:01
14.71039	-60.91473	0	32	2021-11-22T23:31:01
14.71047	-60.91463	0	32	2021-11-22T23:50:58
14.71038	-60.91446	0	32	2021-11-22T23:55:59
14.71059	-60.91446	0	32	2021-11-23T00:00:59
14.71049	-60.91461	0	32	2021-11-23T00:06:00
14.71049	-60.91452	0	32	2021-11-23T00:11:00
14.71044	-60.91474	0	32	2021-11-23T01:01:01
14.71048	-60.91483	0	32	2021-11-23T01:15:54
14.71048	-60.91487	0	32	2021-11-23T01:29:41
14.71048	-60.91496	0	32	2021-11-23T01:34:40
14.71048	-60.91479	0	32	2021-11-23T01:39:40
14.71048	-60.91483	0	32	2021-11-23T01:45:57
14.71040	-60.91467	0	32	2021-11-23T02:10:55
14.71040	-60.91473	0	32	2021-11-23T02:15:55
14.71041	-60.91479	0	32	2021-11-23T02:20:55
14.71040	-60.91473	0	32	2021-11-23T02:25:56
14.71040	-60.91476	0	32	2021-11-23T02:30:54
14.71043	-60.91474	0	32	2021-11-23T02:35:56
14.71039	-60.91483	0	32	2021-11-23T02:45:57
14.71038	-60.91483	0	32	2021-11-23T02:50:57
14.71031	-60.91483	0	32	2021-11-23T03:41:01
14.71035	-60.91483	0	32	2021-11-23T03:51:00
14.71039	-60.91486	0	32	2021-11-23T03:56:09
14.71035	-60.91486	0	32	2021-11-23T04:01:09
14.71039	-60.91486	0	32	2021-11-23T04:06:10
14.71030	-60.91483	0	32	2021-11-23T04:26:02
14.71039	-60.91483	0	32	2021-11-23T04:36:03
14.71039	-60.91486	0	32	2021-11-23T05:05:58
14.71043	-60.91486	0	32	2021-11-23T05:10:59
14.71046	-60.91495	0	32	2021-11-23T05:15:56
14.71040	-60.91479	0	32	2021-11-23T05:21:03
14.71042	-60.91489	0	32	2021-11-23T05:40:49
14.71046	-60.91489	0	32	2021-11-23T05:45:49
14.71046	-60.91498	0	32	2021-11-23T05:50:50
14.71039	-60.91489	0	32	2021-11-23T05:55:48
14.71040	-60.91495	0	32	2021-11-23T06:05:56
14.71040	-60.91486	0	32	2021-11-23T06:15:55
14.71052	-60.91495	0	32	2021-11-23T06:56:00
14.71037	-60.91495	0	32	2021-11-23T07:30:56
14.71032	-60.91484	0	32	2021-11-23T07:40:57
14.71028	-60.91501	0	32	2021-11-23T07:45:58
14.71037	-60.91492	0	32	2021-11-23T07:50:58
14.71034	-60.91501	0	32	2021-11-23T08:07:30
14.71039	-60.91489	0	32	2021-11-23T08:45:44
14.71039	-60.91495	0	32	2021-11-23T09:10:42
14.71048	-60.91492	0	32	2021-11-23T10:05:43
14.71039	-60.91483	0	32	2021-11-23T10:15:42
14.71035	-60.91476	0	32	2021-11-23T10:30:47
14.71036	-60.91470	0	32	2021-11-23T10:55:47
14.71045	-60.91473	0	32	2021-11-23T11:20:42
14.71036	-60.91473	0	32	2021-11-23T11:25:42
14.71040	-60.91473	0	32	2021-11-23T11:30:42
14.71050	-60.91465	0	32	2021-11-23T11:35:43
14.71041	-60.91431	0	32	2021-11-23T11:40:44
14.71036	-60.91483	0	32	2021-11-23T13:30:37
14.71033	-60.91479	0	32	2021-11-23T13:35:37
14.71038	-60.91489	0	32	2021-11-23T13:45:38
14.71041	-60.91489	0	32	2021-11-23T13:50:39
14.71040	-60.91498	0	32	2021-11-23T13:56:04
14.71049	-60.91498	0	32	2021-11-23T14:06:05
14.71054	-60.91498	0	32	2021-11-23T14:10:42
14.71049	-60.91495	0	32	2021-11-23T14:30:37
14.71047	-60.91492	0	32	2021-11-23T14:40:33
14.71098	-60.91492	0	32	2021-11-23T14:45:34
14.71055	-60.91483	0	32	2021-11-23T14:50:34
14.71048	-60.91489	0	32	2021-11-23T16:15:22
14.71044	-60.91489	0	32	2021-11-23T16:20:23
14.71046	-60.91486	0	32	2021-11-23T17:10:19
14.71042	-60.91486	0	32	2021-11-23T17:15:19
14.71046	-60.91495	0	32	2021-11-23T17:20:18
14.71048	-60.91495	0	32	2021-11-23T17:35:17
14.71040	-60.91473	0	32	2021-11-23T17:40:16
14.71041	-60.91452	0	32	2021-11-23T18:20:13
14.71039	-60.91418	0	32	2021-11-23T18:55:17
14.71030	-60.91418	0	32	2021-11-23T19:00:16
14.71031	-60.91435	0	32	2021-11-23T19:05:28
14.71027	-60.91452	0	32	2021-11-23T19:10:29
14.71051	-60.91504	0	32	2021-11-23T19:15:07
14.71041	-60.91489	0	32	2021-11-23T19:20:07
14.71041	-60.91480	0	32	2021-11-23T19:25:08
14.71041	-60.91489	0	32	2021-11-23T19:30:08
14.71035	-60.91483	0	32	2021-11-23T19:35:09
14.71017	-60.91456	0	32	2021-11-23T19:40:11
14.71043	-60.91473	0	32	2021-11-23T19:45:11
14.71030	-60.91473	0	32	2021-11-23T19:50:11
14.71040	-60.91473	0	32	2021-11-23T19:55:05
14.71031	-60.91467	0	32	2021-11-23T20:00:03
14.71035	-60.91467	0	32	2021-11-23T20:05:03
14.71020	-60.91443	0	32	2021-11-23T20:13:01
14.71035	-60.91467	0	32	2021-11-23T20:25:00
14.71035	-60.91458	0	32	2021-11-23T20:30:00
14.71039	-60.91467	0	32	2021-11-23T20:35:01
14.71046	-60.91464	0	32	2021-11-23T20:59:57
14.71050	-60.91464	0	32	2021-11-23T21:04:57
14.71046	-60.91464	0	32	2021-11-23T21:09:56
14.71044	-60.91486	0	32	2021-11-23T22:40:00
14.71043	-60.91503	0	32	2021-11-23T22:45:12
14.71039	-60.91486	0	32	2021-11-23T22:55:13
14.71050	-60.91495	0	32	2021-11-23T22:59:59
14.71036	-60.91486	0	32	2021-11-23T23:09:57
14.71053	-60.91486	0	32	2021-11-23T23:14:58
14.71044	-60.91486	0	32	2021-11-23T23:19:58
14.71039	-60.91490	0	32	2021-11-23T23:24:55
14.71030	-60.91464	0	32	2021-11-23T23:34:56
14.71035	-60.91456	0	32	2021-11-23T23:54:56
14.71048	-60.91473	0	32	2021-11-23T23:59:56
14.71039	-60.91455	0	32	2021-11-24T00:04:57
14.71035	-60.91479	0	32	2021-11-24T00:29:52
14.71039	-60.91479	0	32	2021-11-24T00:34:52
14.71039	-60.91470	0	32	2021-11-24T00:39:53
14.71043	-60.91477	0	32	2021-11-24T00:59:56
14.71043	-60.91486	0	32	2021-11-24T01:04:56
14.71056	-60.91495	0	32	2021-11-24T01:09:55
14.71043	-60.91483	0	32	2021-11-24T01:14:52
14.71040	-60.91483	0	32	2021-11-24T01:19:53
14.71038	-60.91483	0	32	2021-11-24T01:35:53
14.71039	-60.91470	0	32	2021-11-24T01:44:53
14.71039	-60.91479	0	32	2021-11-24T01:49:53
14.71037	-60.91483	0	32	2021-11-24T01:54:51
14.71039	-60.91489	0	32	2021-11-24T02:14:54
14.71037	-60.91489	0	32	2021-11-24T02:19:54
14.71046	-60.91489	0	32	2021-11-24T02:24:55
14.71037	-60.91489	0	32	2021-11-24T02:44:58
14.71041	-60.91489	0	32	2021-11-24T02:54:57
14.71040	-60.91489	0	32	2021-11-24T03:55:03
14.71037	-60.91483	0	32	2021-11-24T04:39:55
14.71039	-60.91486	0	32	2021-11-24T04:44:57
14.71041	-60.91486	0	32	2021-11-24T05:04:55
14.71044	-60.91490	0	32	2021-11-24T05:09:53
14.71035	-60.91473	0	32	2021-11-24T05:19:54
14.71040	-60.91479	0	32	2021-11-24T05:29:49
14.71036	-60.91479	0	32	2021-11-24T05:34:49
14.71040	-60.91479	0	32	2021-11-24T05:39:50
14.71039	-60.91479	0	32	2021-11-24T05:59:45
14.71039	-60.91470	0	32	2021-11-24T06:09:44
14.71039	-60.91504	0	32	2021-11-24T06:49:44
14.71039	-60.91495	0	32	2021-11-24T06:54:44
14.71035	-60.91495	0	32	2021-11-24T06:59:45
14.71043	-60.91483	0	32	2021-11-24T07:04:39
14.71043	-60.91492	0	32	2021-11-24T07:09:39
14.71039	-60.91483	0	32	2021-11-24T07:14:40
14.71039	-60.91489	0	32	2021-11-24T07:19:37
14.71035	-60.91489	0	32	2021-11-24T07:24:38
14.71047	-60.91489	0	32	2021-11-24T07:29:35
14.71038	-60.91489	0	32	2021-11-24T07:34:35
14.71035	-60.91483	0	32	2021-11-24T07:44:32
14.71031	-60.91474	0	32	2021-11-24T07:49:31
14.71044	-60.91483	0	32	2021-11-24T07:54:31
14.71039	-60.91496	0	32	2021-11-24T08:04:25
14.71043	-60.91513	0	32	2021-11-24T08:09:26
14.71064	-60.91522	0	32	2021-11-24T08:14:26
14.71039	-60.91501	0	32	2021-11-24T08:29:28
14.71035	-60.91501	0	32	2021-11-24T08:34:27
14.71038	-60.91497	0	32	2021-11-24T09:09:25
14.71064	-60.91446	0	32	2021-11-24T09:14:25
14.71068	-60.91446	0	32	2021-11-24T09:19:26
14.71045	-60.91495	0	32	2021-11-24T09:39:27
14.71041	-60.91492	0	32	2021-11-24T10:04:19
14.71044	-60.91492	0	32	2021-11-24T10:24:30
14.71037	-60.91480	0	32	2021-11-24T10:44:25
14.71041	-60.91489	0	32	2021-11-24T10:49:25
14.71037	-60.91489	0	32	2021-11-24T10:54:24
14.71040	-60.91489	0	32	2021-11-24T10:59:20
14.71036	-60.91504	0	32	2021-11-24T11:24:25
14.71045	-60.91513	0	32	2021-11-24T11:29:25
14.71037	-60.91492	0	32	2021-11-24T13:44:32
14.71041	-60.91492	0	32	2021-11-24T13:54:31
14.71060	-60.91502	0	32	2021-11-24T14:04:40
14.71051	-60.91493	0	32	2021-11-24T14:09:41
14.71068	-60.91510	0	32	2021-11-24T14:14:41
14.71052	-60.91501	0	32	2021-11-24T14:19:31
14.71039	-60.91483	0	32	2021-11-24T14:59:33
14.71046	-60.91479	0	32	2021-11-24T15:34:35
14.71045	-60.91489	0	32	2021-11-24T16:19:39
14.71041	-60.91489	0	32	2021-11-24T16:24:38
14.71042	-60.91488	0	32	2021-11-24T17:14:37
14.71043	-60.91489	0	32	2021-11-24T17:19:35
14.71038	-60.91479	0	32	2021-11-24T17:24:36
14.71040	-60.91461	0	32	2021-11-24T17:49:32
14.71046	-60.91440	0	32	2021-11-24T18:39:29
14.71049	-60.91455	0	32	2021-11-24T18:44:23
14.71041	-60.91486	0	32	2021-11-24T18:49:59
14.71045	-60.91489	0	32	2021-11-24T18:54:24
14.71040	-60.91483	0	32	2021-11-24T19:04:46
14.71039	-60.91483	0	32	2021-11-24T19:19:21
14.71040	-60.91489	0	32	2021-11-24T19:34:24
14.71048	-60.91492	0	32	2021-11-24T19:39:21
14.71035	-60.91489	0	32	2021-11-24T19:44:30
14.71026	-60.91489	0	32	2021-11-24T19:49:30
14.71039	-60.91489	0	32	2021-11-24T19:54:31
14.71047	-60.91492	0	32	2021-11-24T19:59:32
14.71040	-60.91489	0	32	2021-11-24T20:04:31
14.71049	-60.91498	0	32	2021-11-24T20:14:31
14.71041	-60.91486	0	32	2021-11-24T20:39:38
14.71050	-60.91477	0	32	2021-11-24T20:44:38
14.71046	-60.91486	0	32	2021-11-24T20:49:37
14.71044	-60.91452	0	32	2021-11-24T21:19:35
14.71049	-60.91464	0	32	2021-11-24T21:24:32
14.71034	-60.91476	0	32	2021-11-24T21:34:29
14.71047	-60.91493	0	32	2021-11-24T21:39:30
14.71047	-60.91467	0	32	2021-11-24T21:44:30
14.71048	-60.91492	0	32	2021-11-24T21:49:39
14.71041	-60.91473	0	32	2021-11-24T21:59:28
14.71041	-60.91482	0	32	2021-11-24T22:04:27
14.71041	-60.91473	0	32	2021-11-24T22:09:27
14.71037	-60.91464	0	32	2021-11-24T22:14:28
14.71033	-60.91455	0	32	2021-11-24T22:19:28
14.71033	-60.91464	0	32	2021-11-24T22:24:27
14.71038	-60.91470	0	32	2021-11-24T22:29:27
14.71035	-60.91469	0	32	2021-11-24T22:39:28
14.71044	-60.91495	0	32	2021-11-24T22:44:28
14.71035	-60.91486	0	32	2021-11-24T22:49:27
14.71032	-60.91473	0	32	2021-11-24T23:29:25
14.71040	-60.91478	0	32	2021-11-24T23:39:24
14.71040	-60.91452	0	32	2021-11-24T23:44:24
14.71036	-60.91461	0	32	2021-11-24T23:49:25
14.71047	-60.91492	0	32	2021-11-25T00:54:27
14.71051	-60.91492	0	32	2021-11-25T00:59:26
14.71043	-60.91483	0	32	2021-11-25T01:09:27
14.71039	-60.91483	0	32	2021-11-25T01:14:27
14.71048	-60.91498	0	32	2021-11-25T01:34:24
14.71048	-60.91489	0	32	2021-11-25T01:39:24
14.71042	-60.91487	0	32	2021-11-25T01:44:21
14.71046	-60.91504	0	32	2021-11-25T01:54:20
14.71046	-60.91486	0	32	2021-11-25T02:19:22
14.71044	-60.91483	0	32	2021-11-25T02:24:25
14.71040	-60.91483	0	32	2021-11-25T02:29:25
14.71045	-60.91483	0	32	2021-11-25T02:34:23
14.71040	-60.91486	0	32	2021-11-25T04:10:12
14.71035	-60.91479	0	32	2021-11-25T04:29:20
14.71036	-60.91474	0	32	2021-11-25T04:34:20
14.71040	-60.91483	0	32	2021-11-25T04:44:20
14.71044	-60.91464	0	32	2021-11-25T04:49:23
14.71035	-60.91473	0	32	2021-11-25T05:11:06
14.71050	-60.91495	0	32	2021-11-25T07:04:30
14.71043	-60.91489	0	32	2021-11-25T07:09:31
14.71039	-60.91489	0	32	2021-11-25T07:19:31
14.71041	-60.91492	0	32	2021-11-25T07:39:28
14.71046	-60.91501	0	32	2021-11-25T07:54:31
14.71037	-60.91501	0	32	2021-11-25T07:59:31
14.71046	-60.91492	0	32	2021-11-25T08:04:31
14.71038	-60.91483	0	32	2021-11-25T08:39:31
14.71030	-60.91378	0	32	2021-11-25T09:10:42
14.71034	-60.91490	0	32	2021-11-25T09:15:42
14.71030	-60.91473	0	32	2021-11-25T09:20:43
14.71037	-60.91483	0	32	2021-11-25T09:24:30
14.71022	-60.91447	0	32	2021-11-25T09:34:29
14.71035	-60.91473	0	32	2021-11-25T09:44:30
14.71044	-60.91492	0	32	2021-11-25T09:49:28
14.71045	-60.91489	0	32	2021-11-25T10:09:27
14.71034	-60.91476	0	32	2021-11-25T10:39:24
14.71030	-60.91476	0	32	2021-11-25T10:44:24
14.71026	-60.91467	0	32	2021-11-25T10:49:23
14.71032	-60.91470	0	32	2021-11-25T10:59:23
14.71049	-60.91479	0	32	2021-11-25T11:04:22
14.71040	-60.91470	0	32	2021-11-25T11:09:22
14.71051	-60.91401	0	32	2021-11-25T12:39:18
14.71051	-60.91392	0	32	2021-11-25T12:44:18
14.71047	-60.91461	0	32	2021-11-25T12:49:17
14.71043	-60.91486	0	32	2021-11-25T13:04:11
14.71038	-60.91492	0	32	2021-11-25T13:14:13
14.71034	-60.91483	0	32	2021-11-25T13:24:14
14.71036	-60.91475	0	32	2021-11-25T13:29:11
14.71040	-60.91484	0	32	2021-11-25T13:34:11
14.71027	-60.91467	0	32	2021-11-25T13:39:10
14.71044	-60.91493	0	32	2021-11-25T13:49:15
14.71035	-60.91484	0	32	2021-11-25T13:54:16
14.71065	-60.91510	0	32	2021-11-25T13:59:16
14.71058	-60.91500	0	32	2021-11-25T14:14:00
14.71037	-60.91483	0	32	2021-11-25T14:24:00
14.71037	-60.91482	0	32	2021-11-25T14:28:57
14.71033	-60.91473	0	32	2021-11-25T14:33:56
14.71034	-60.91483	0	32	2021-11-25T14:38:59
14.71035	-60.91446	0	32	2021-11-25T15:03:52
14.71043	-60.91486	0	32	2021-11-25T15:58:57
14.71047	-60.91486	0	32	2021-11-25T16:03:56
14.71047	-60.91495	0	32	2021-11-25T16:08:56
14.71046	-60.91489	0	32	2021-11-25T16:13:57
14.71036	-60.91486	0	32	2021-11-25T16:18:58
14.71040	-60.91486	0	32	2021-11-25T16:23:58
14.71036	-60.91486	0	32	2021-11-25T16:28:57
14.71043	-60.91483	0	32	2021-11-25T16:33:53
14.71043	-60.91486	0	32	2021-11-25T16:48:54
14.71039	-60.91483	0	32	2021-11-25T16:53:52
14.71040	-60.91486	0	32	2021-11-25T17:03:53
14.71046	-60.91489	0	32	2021-11-25T17:08:51
14.71043	-60.91470	0	32	2021-11-25T17:13:48
14.71042	-60.91486	0	32	2021-11-25T17:18:45
14.71046	-60.91495	0	32	2021-11-25T17:23:46
14.71041	-60.91489	0	32	2021-11-25T17:53:36
14.71041	-60.91480	0	32	2021-11-25T17:58:37
14.71032	-60.91437	0	32	2021-11-25T18:03:37
14.71033	-60.91464	0	32	2021-11-25T18:38:39
14.71029	-60.91464	0	32	2021-11-25T18:43:40
14.71040	-60.91486	0	32	2021-11-25T19:23:39
14.71039	-60.91492	0	32	2021-11-25T19:33:33
14.71039	-60.91483	0	32	2021-11-25T19:38:33
14.71046	-60.91495	0	32	2021-11-25T19:43:34
14.71049	-60.91501	0	32	2021-11-25T20:03:30
14.71040	-60.91492	0	32	2021-11-25T20:13:29
14.71049	-60.91461	0	32	2021-11-25T20:58:25
14.71048	-60.91473	0	32	2021-11-25T21:03:23
14.71052	-60.91456	0	32	2021-11-25T21:08:23
14.71052	-60.91473	0	32	2021-11-25T21:13:24
14.71044	-60.91464	0	32	2021-11-25T21:25:43
14.71053	-60.91455	0	32	2021-11-25T21:30:42
14.71040	-60.91489	0	32	2021-11-25T21:35:42
14.71041	-60.91475	0	32	2021-11-25T21:43:25
14.71041	-60.91492	0	32	2021-11-25T21:48:26
14.71038	-60.91483	0	32	2021-11-25T21:53:19
14.71044	-60.91484	0	32	2021-11-25T21:58:19
14.71040	-60.91467	0	32	2021-11-25T22:03:18
14.71040	-60.91476	0	32	2021-11-25T22:08:18
14.71045	-60.91483	0	32	2021-11-25T22:13:22
14.71034	-60.91473	0	32	2021-11-25T22:28:18
14.71032	-60.91473	0	32	2021-11-25T22:33:21
14.71037	-60.91486	0	32	2021-11-25T22:48:31
14.71030	-60.91483	0	32	2021-11-25T22:53:24
14.71033	-60.91473	0	32	2021-11-25T23:03:22
14.71034	-60.91476	0	32	2021-11-25T23:08:24
14.71047	-60.91483	0	32	2021-11-26T00:53:14
14.71047	-60.91489	0	32	2021-11-26T01:13:19
14.71043	-60.91489	0	32	2021-11-26T01:18:19
14.71039	-60.91489	0	32	2021-11-26T01:23:20
14.71041	-60.91486	0	32	2021-11-26T02:03:16
14.71043	-60.91482	0	32	2021-11-26T02:18:14
14.71039	-60.91473	0	32	2021-11-26T02:23:15
14.71041	-60.91489	0	32	2021-11-26T02:28:12
14.71049	-60.91486	0	32	2021-11-26T02:38:14
14.71045	-60.91489	0	32	2021-11-26T03:43:32
14.71041	-60.91489	0	32	2021-11-26T03:53:31
14.71035	-60.91482	0	32	2021-11-26T04:08:20
14.71031	-60.91473	0	32	2021-11-26T04:13:19
14.71012	-60.91458	0	32	2021-11-26T04:43:42
14.71033	-60.91467	0	32	2021-11-26T04:53:41
14.71035	-60.91470	0	32	2021-11-26T05:08:16
14.71031	-60.91470	0	32	2021-11-26T05:13:17
14.71035	-60.91470	0	32	2021-11-26T05:18:17
14.71032	-60.91464	0	32	2021-11-26T05:23:12
14.71041	-60.91483	0	32	2021-11-26T05:28:15
14.71040	-60.91458	0	32	2021-11-26T05:33:13
14.71040	-60.91467	0	32	2021-11-26T05:38:13
14.71040	-60.91495	0	32	2021-11-26T06:23:22
14.71044	-60.91486	0	32	2021-11-26T06:28:22
14.71040	-60.91495	0	32	2021-11-26T06:33:22
14.71044	-60.91504	0	32	2021-11-26T06:38:23
14.71044	-60.91495	0	32	2021-11-26T06:43:22
14.71039	-60.91501	0	32	2021-11-26T06:48:25
14.71033	-60.91492	0	32	2021-11-26T06:58:24
14.71034	-60.91498	0	32	2021-11-26T07:03:23
14.71034	-60.91495	0	32	2021-11-26T07:08:21
14.71032	-60.91499	0	32	2021-11-26T07:18:23
14.71015	-60.91525	0	32	2021-11-26T07:23:24
14.71034	-60.91498	0	32	2021-11-26T07:33:21
14.71034	-60.91489	0	32	2021-11-26T07:38:20
14.71040	-60.91492	0	32	2021-11-26T07:53:18
14.71044	-60.91501	0	32	2021-11-26T08:03:18
14.71055	-60.91498	0	32	2021-11-26T08:08:16
14.71041	-60.91452	0	32	2021-11-26T08:38:18
14.71041	-60.91495	0	32	2021-11-26T08:43:19
14.71041	-60.91486	0	32	2021-11-26T08:48:19
14.71041	-60.91461	0	32	2021-11-26T09:13:19
14.71041	-60.91495	0	32	2021-11-26T09:23:18
14.71030	-60.91449	0	32	2021-11-26T09:28:19
14.71043	-60.91483	0	32	2021-11-26T09:33:19
14.71040	-60.91483	0	32	2021-11-26T09:38:20
14.71036	-60.91492	0	32	2021-11-26T09:48:22
14.71049	-60.91489	0	32	2021-11-26T09:54:00
14.71041	-60.91492	0	32	2021-11-26T09:58:23
14.71042	-60.91498	0	32	2021-11-26T10:03:29
14.71046	-60.91498	0	32	2021-11-26T10:13:29
14.71046	-60.91495	0	32	2021-11-26T10:18:31
14.71042	-60.91495	0	32	2021-11-26T10:23:25
14.71046	-60.91495	0	32	2021-11-26T10:33:26
14.71043	-60.91489	0	32	2021-11-26T10:43:58
14.71043	-60.91498	0	32	2021-11-26T10:48:59
14.71039	-60.91489	0	32	2021-11-26T10:53:59
14.71040	-60.91501	0	32	2021-11-26T10:58:30
14.71058	-60.91510	0	32	2021-11-26T11:03:43
14.71030	-60.91504	0	32	2021-11-26T11:08:34
14.71032	-60.91519	0	32	2021-11-26T11:13:44
14.71080	-60.91492	0	32	2021-11-26T12:18:25
14.71077	-60.91483	0	32	2021-11-26T12:28:26
14.71076	-60.91478	0	32	2021-11-26T12:38:32
14.71069	-60.91458	0	32	2021-11-26T12:43:21
14.71076	-60.91495	0	32	2021-11-26T12:48:32
14.71045	-60.91492	0	32	2021-11-26T13:13:22
14.71036	-60.91483	0	32	2021-11-26T13:23:21
14.71040	-60.91489	0	32	2021-11-26T13:28:22
14.71033	-60.91475	0	32	2021-11-26T13:33:19
14.71042	-60.91492	0	32	2021-11-26T13:38:19
14.71038	-60.91483	0	32	2021-11-26T13:43:20
14.71039	-60.91479	0	32	2021-11-26T13:48:21
14.71053	-60.91504	0	32	2021-11-26T13:53:20
14.71041	-60.91486	0	32	2021-11-26T13:59:00
14.71047	-60.91486	0	32	2021-11-26T14:23:20
14.71037	-60.91482	0	32	2021-11-26T14:28:22
14.71046	-60.91482	0	32	2021-11-26T14:33:21
14.71037	-60.91473	0	32	2021-11-26T14:38:22
14.71039	-60.91486	0	32	2021-11-26T15:03:30
14.71041	-60.91492	0	32	2021-11-26T15:08:33
14.71040	-60.91483	0	32	2021-11-26T15:13:31
14.71036	-60.91483	0	32	2021-11-26T15:18:31
14.71048	-60.91492	0	32	2021-11-26T15:23:32
14.71039	-60.91492	0	32	2021-11-26T15:28:31
14.71039	-60.91483	0	32	2021-11-26T15:33:31
14.71044	-60.91489	0	32	2021-11-26T15:38:29
14.71044	-60.91495	0	32	2021-11-26T16:03:28
14.71048	-60.91489	0	32	2021-11-26T16:08:29
14.71052	-60.91495	0	32	2021-11-26T16:13:27
14.71046	-60.91492	0	32	2021-11-26T16:18:26
14.71044	-60.91489	0	32	2021-11-26T16:23:24
14.71040	-60.91489	0	32	2021-11-26T16:28:25
14.71044	-60.91489	0	32	2021-11-26T16:33:25
14.71040	-60.91489	0	32	2021-11-26T16:38:22
14.71031	-60.91483	0	32	2021-11-26T16:43:20
14.71035	-60.91492	0	32	2021-11-26T16:48:21
14.71035	-60.91483	0	32	2021-11-26T16:53:21
14.71017	-60.91452	0	32	2021-11-26T17:58:57
14.71034	-60.91452	0	32	2021-11-26T18:08:58
14.71042	-60.91516	0	32	2021-11-26T18:13:28
14.71042	-60.91490	0	32	2021-11-26T18:18:29
14.71033	-60.91464	0	32	2021-11-26T18:23:29
14.71038	-60.91476	0	32	2021-11-26T18:43:24
14.71034	-60.91476	0	32	2021-11-26T18:48:23
14.71034	-60.91475	0	32	2021-11-26T18:53:22
14.71025	-60.91466	0	32	2021-11-26T18:58:22
14.71038	-60.91483	0	32	2021-11-26T19:03:21
14.71034	-60.91479	0	32	2021-11-26T19:09:11
14.71039	-60.91480	0	32	2021-11-26T19:23:27
14.71043	-60.91489	0	32	2021-11-26T19:28:26
14.71043	-60.91501	0	32	2021-11-26T19:38:19
14.71047	-60.91501	0	32	2021-11-26T19:48:20
14.71063	-60.91495	0	32	2021-11-26T20:48:20
14.71065	-60.91489	0	32	2021-11-26T20:53:20
14.71064	-60.91501	0	32	2021-11-26T20:58:17
14.71056	-60.91470	0	32	2021-11-26T21:09:37
14.71035	-60.91470	0	32	2021-11-26T21:19:38
14.71036	-60.91467	0	32	2021-11-26T21:38:20
14.71033	-60.91464	0	32	2021-11-26T21:48:22
14.71042	-60.91490	0	32	2021-11-26T21:53:23
14.71038	-60.91473	0	32	2021-11-26T21:58:23
14.71046	-60.91483	0	32	2021-11-26T22:13:57
14.71046	-60.91492	0	32	2021-11-26T22:18:58
14.71059	-60.91500	0	32	2021-11-26T22:28:14
14.71041	-60.91479	0	32	2021-11-26T22:33:17
14.71034	-60.91483	0	32	2021-11-26T22:38:15
14.71046	-60.91483	0	32	2021-11-26T23:13:06
14.71034	-60.91440	0	32	2021-11-26T23:58:03
14.71038	-60.91449	0	32	2021-11-27T00:08:04
14.71045	-60.91476	0	32	2021-11-27T00:38:02
14.71041	-60.91476	0	32	2021-11-27T00:48:03
14.71041	-60.91480	0	32	2021-11-27T01:22:57
14.71045	-60.91489	0	32	2021-11-27T01:27:57
14.71047	-60.91492	0	32	2021-11-27T01:37:59
14.71043	-60.91492	0	32	2021-11-27T01:47:58
14.71044	-60.91492	0	32	2021-11-27T01:52:57
14.71045	-60.91489	0	32	2021-11-27T02:03:00
14.71036	-60.91489	0	32	2021-11-27T03:07:55
14.71043	-60.91474	0	32	2021-11-27T03:27:51
14.71039	-60.91474	0	32	2021-11-27T03:32:52
14.71043	-60.91483	0	32	2021-11-27T03:37:52
14.71048	-60.91489	0	32	2021-11-27T03:52:48
14.71044	-60.91489	0	32	2021-11-27T03:57:48
14.71023	-60.91471	0	32	2021-11-27T04:07:43
14.71043	-60.91492	0	32	2021-11-27T04:12:44
14.71027	-60.91479	0	32	2021-11-27T04:17:44
14.71029	-60.91476	0	32	2021-11-27T04:32:43
14.71055	-60.91476	0	32	2021-11-27T04:37:44
14.71061	-60.91498	0	32	2021-11-27T04:42:38
14.71042	-60.91485	0	32	2021-11-27T04:47:33
14.71046	-60.91476	0	32	2021-11-27T04:52:32
14.71045	-60.91492	0	32	2021-11-27T05:23:12
14.71040	-60.91492	0	32	2021-11-27T05:47:21
14.71038	-60.91473	0	32	2021-11-27T05:57:18
14.71045	-60.91486	0	32	2021-11-27T06:27:13
14.71045	-60.91495	0	32	2021-11-27T06:32:13
14.71041	-60.91489	0	32	2021-11-27T06:52:10
14.71045	-60.91489	0	32	2021-11-27T07:02:18
14.71041	-60.91489	0	32	2021-11-27T07:07:17
14.71036	-60.91486	0	32	2021-11-27T07:12:10
14.71042	-60.91483	0	32	2021-11-27T07:22:42
14.71038	-60.91483	0	32	2021-11-27T07:32:43
14.71046	-60.91513	0	32	2021-11-27T08:02:18
14.71046	-60.91504	0	32	2021-11-27T08:12:18
14.71031	-60.91422	0	32	2021-11-27T09:02:11
14.71056	-60.91453	0	32	2021-11-27T09:07:12
14.71035	-60.91504	0	32	2021-11-27T09:12:11
14.71035	-60.91470	0	32	2021-11-27T09:17:11
14.71040	-60.91483	0	32	2021-11-27T09:22:09
14.71044	-60.91472	0	32	2021-11-27T09:32:07
14.71044	-60.91498	0	32	2021-11-27T09:37:07
14.71040	-60.91498	0	32	2021-11-27T09:42:08
14.71048	-60.91504	0	32	2021-11-27T09:52:02
14.71047	-60.91504	0	32	2021-11-27T10:02:00
14.71058	-60.91513	0	32	2021-11-27T10:22:30
14.71049	-60.91504	0	32	2021-11-27T10:32:29
14.71034	-60.91495	0	32	2021-11-27T10:41:56
14.71039	-60.91483	0	32	2021-11-27T11:41:49
14.71049	-60.91483	0	32	2021-11-27T11:56:47
14.71049	-60.91492	0	32	2021-11-27T12:01:46
14.71062	-60.91483	0	32	2021-11-27T12:06:47
14.71064	-60.91482	0	32	2021-11-27T12:11:47
14.71060	-60.91473	0	32	2021-11-27T12:16:48
14.71064	-60.91464	0	32	2021-11-27T12:21:48
14.71065	-60.91478	0	32	2021-11-27T12:27:24
14.71056	-60.91409	0	32	2021-11-27T12:32:24
14.71045	-60.91447	0	32	2021-11-27T12:37:13
14.71041	-60.91447	0	32	2021-11-27T12:42:12
14.71037	-60.91473	0	32	2021-11-27T12:47:13
14.71050	-60.91489	0	32	2021-11-27T12:51:57
14.71039	-60.91489	0	32	2021-11-27T13:11:43
14.71060	-60.91498	0	32	2021-11-27T13:51:46
14.71050	-60.91489	0	32	2021-11-27T13:56:47
14.71063	-60.91498	0	32	2021-11-27T14:01:47
14.71050	-60.91489	0	32	2021-11-27T14:06:48
14.71052	-60.91447	0	32	2021-11-27T15:11:48
14.71052	-60.91473	0	32	2021-11-27T15:21:49
14.71040	-60.91483	0	32	2021-11-27T15:36:47
14.71043	-60.91486	0	32	2021-11-27T15:41:45
14.71047	-60.91489	0	32	2021-11-27T15:51:46
14.71043	-60.91489	0	32	2021-11-27T15:56:46
14.71047	-60.91489	0	32	2021-11-27T16:01:45
14.71045	-60.91486	0	32	2021-11-27T16:06:45
14.71043	-60.91495	0	32	2021-11-27T16:21:48
14.71034	-60.91483	0	32	2021-11-27T16:26:49
14.71030	-60.91483	0	32	2021-11-27T16:31:49
14.71039	-60.91483	0	32	2021-11-27T16:36:49
14.71035	-60.91473	0	32	2021-11-27T16:41:50
14.71048	-60.91478	0	32	2021-11-27T16:51:49
14.71039	-60.91478	0	32	2021-11-27T16:56:49
14.71043	-60.91495	0	32	2021-11-27T17:01:48
14.71058	-60.91495	0	32	2021-11-27T17:46:48
14.71045	-60.91486	0	32	2021-11-27T17:51:48
14.71066	-60.91495	0	32	2021-11-27T17:56:49
14.71052	-60.91489	0	32	2021-11-27T18:01:54
14.71058	-60.91488	0	32	2021-11-27T18:06:51
14.71058	-60.91479	0	32	2021-11-27T18:11:51
14.71062	-60.91489	0	32	2021-11-27T18:27:12
14.71049	-60.91498	0	32	2021-11-27T18:32:11
14.71056	-60.91501	0	32	2021-11-27T18:41:49
14.71047	-60.91492	0	32	2021-11-27T18:46:49
14.71051	-60.91492	0	32	2021-11-27T18:51:49
14.71046	-60.91489	0	32	2021-11-27T18:56:51
14.71051	-60.91506	0	32	2021-11-27T19:01:51
14.71047	-60.91489	0	32	2021-11-27T19:06:50
14.71051	-60.91489	0	32	2021-11-27T19:11:50
14.71052	-60.91498	0	32	2021-11-27T20:01:54
14.71039	-60.91481	0	32	2021-11-27T20:06:54
14.71048	-60.91498	0	32	2021-11-27T20:11:53
14.71046	-60.91467	0	32	2021-11-27T20:56:52
14.71037	-60.91433	0	32	2021-11-27T21:01:52
14.71054	-60.91467	0	32	2021-11-27T21:06:51
14.71042	-60.91455	0	32	2021-11-27T21:11:58
14.71033	-60.91464	0	32	2021-11-27T21:16:57
14.71037	-60.91464	0	32	2021-11-27T21:21:57
14.71041	-60.91487	0	32	2021-11-27T21:51:54
14.71041	-60.91470	0	32	2021-11-27T21:56:55
14.71032	-60.91461	0	32	2021-11-27T22:01:55
14.71033	-60.91452	0	32	2021-11-27T22:06:56
14.71031	-60.91467	0	32	2021-11-27T22:11:53
14.71035	-60.91467	0	32	2021-11-27T22:16:53
14.71031	-60.91467	0	32	2021-11-27T22:21:52
14.71031	-60.91464	0	32	2021-11-27T22:26:56
14.71030	-60.91464	0	32	2021-11-27T22:31:57
14.71051	-60.91464	0	32	2021-11-27T22:36:57
14.71040	-60.91467	0	32	2021-11-27T22:41:55
14.71048	-60.91455	0	32	2021-11-27T23:31:44
14.71039	-60.91455	0	32	2021-11-27T23:36:45
14.71048	-60.91464	0	32	2021-11-27T23:41:45
14.71043	-60.91467	0	32	2021-11-28T00:16:41
14.71065	-60.91512	0	32	2021-11-28T00:46:44
14.71052	-60.91495	0	32	2021-11-28T00:56:43
14.71040	-60.91487	0	32	2021-11-28T01:01:48
14.71044	-60.91504	0	32	2021-11-28T01:06:49
14.71040	-60.91495	0	32	2021-11-28T01:11:49
14.71029	-60.91473	0	32	2021-11-28T01:16:50
14.71043	-60.91501	0	32	2021-11-28T01:21:44
14.71047	-60.91492	0	32	2021-11-28T01:26:45
14.71039	-60.91509	0	32	2021-11-28T01:41:36
14.71035	-60.91492	0	32	2021-11-28T01:46:36
14.71044	-60.91492	0	32	2021-11-28T01:51:36
14.71038	-60.91495	0	32	2021-11-28T01:56:37
14.71040	-60.91489	0	32	2021-11-28T02:02:01
14.71044	-60.91489	0	32	2021-11-28T02:07:00
14.71048	-60.91489	0	32	2021-11-28T02:46:39
14.71052	-60.91489	0	32	2021-11-28T02:51:40
14.71043	-60.91489	0	32	2021-11-28T02:56:40
14.71041	-60.91488	0	32	2021-11-28T03:36:40
14.71041	-60.91479	0	32	2021-11-28T03:41:40
14.71041	-60.91476	0	32	2021-11-28T03:46:42
14.71040	-60.91476	0	32	2021-11-28T04:06:46
14.71031	-60.91476	0	32	2021-11-28T04:11:46
14.71027	-60.91467	0	32	2021-11-28T04:16:47
14.71023	-60.91461	0	32	2021-11-28T04:21:46
14.71035	-60.91473	0	32	2021-11-28T04:26:41
14.71037	-60.91464	0	32	2021-11-28T04:36:36
14.71046	-60.91473	0	32	2021-11-28T04:41:36
14.71037	-60.91473	0	32	2021-11-28T04:46:36
14.71048	-60.91479	0	32	2021-11-28T04:51:40
14.71035	-60.91467	0	32	2021-11-28T04:56:42
14.71038	-60.91459	0	32	2021-11-28T05:41:35
14.71042	-60.91476	0	32	2021-11-28T05:46:35
14.71046	-60.91476	0	32	2021-11-28T05:51:36
14.71041	-60.91473	0	32	2021-11-28T05:56:34
14.71044	-60.91495	0	32	2021-11-28T06:01:42
14.71041	-60.91477	0	32	2021-11-28T06:06:35
14.71041	-60.91479	0	32	2021-11-28T06:12:25
14.71041	-60.91495	0	32	2021-11-28T06:16:34
14.71041	-60.91492	0	32	2021-11-28T06:21:33
14.71046	-60.91483	0	32	2021-11-28T06:26:57
14.71046	-60.91495	0	32	2021-11-28T06:31:34
14.71045	-60.91495	0	32	2021-11-28T06:36:28
14.71039	-60.91501	0	32	2021-11-28T06:46:30
14.71052	-60.91501	0	32	2021-11-28T06:51:31
14.71048	-60.91492	0	32	2021-11-28T06:56:31
14.71046	-60.91498	0	32	2021-11-28T07:07:28
14.71050	-60.91498	0	32	2021-11-28T07:12:28
14.71040	-60.91479	0	32	2021-11-28T07:16:31
14.71038	-60.91489	0	32	2021-11-28T08:01:58
14.71038	-60.91480	0	32	2021-11-28T08:06:58
14.71038	-60.91489	0	32	2021-11-28T08:11:57
14.71039	-60.91486	0	32	2021-11-28T08:21:30
14.71038	-60.91456	0	32	2021-11-28T09:16:18
14.71038	-60.91473	0	32	2021-11-28T09:21:18
14.71039	-60.91474	0	32	2021-11-28T09:41:22
14.71022	-60.91458	0	32	2021-11-28T09:46:19
14.71039	-60.91483	0	32	2021-11-28T09:51:22
14.71045	-60.91491	0	32	2021-11-28T10:01:36
14.71054	-60.91525	0	32	2021-11-28T10:06:37
14.71031	-60.91461	0	32	2021-11-28T10:16:23
14.71035	-60.91470	0	32	2021-11-28T10:21:23
14.71031	-60.91470	0	32	2021-11-28T10:26:22
14.71037	-60.91473	0	32	2021-11-28T10:31:23
14.71043	-60.91467	0	32	2021-11-28T11:06:25
14.71050	-60.91449	0	32	2021-11-28T11:56:28
14.71035	-60.91473	0	32	2021-11-28T12:46:40
14.71038	-60.91500	0	32	2021-11-28T12:51:39
14.71034	-60.91483	0	32	2021-11-28T12:56:39
14.71037	-60.91476	0	32	2021-11-28T13:21:24
14.71045	-60.91495	0	32	2021-11-28T13:56:19
14.71052	-60.91510	0	32	2021-11-28T14:01:19
14.71040	-60.91509	0	32	2021-11-28T14:26:15
14.71031	-60.91492	0	32	2021-11-28T14:31:14
14.71031	-60.91483	0	32	2021-11-28T14:36:14
14.71042	-60.91486	0	32	2021-11-28T15:41:20
14.71046	-60.91486	0	32	2021-11-28T15:46:19
14.71045	-60.91486	0	32	2021-11-28T16:06:22
14.71046	-60.91476	0	32	2021-11-28T16:12:09
14.71040	-60.91485	0	32	2021-11-28T16:16:21
14.71036	-60.91476	0	32	2021-11-28T16:21:21
14.71038	-60.91483	0	32	2021-11-28T16:26:20
14.71040	-60.91446	0	32	2021-11-28T17:26:19
14.71049	-60.91487	0	32	2021-11-28T17:36:21
14.71058	-60.91504	0	32	2021-11-28T17:41:20
14.71056	-60.91446	0	32	2021-11-28T17:56:20
14.71052	-60.91446	0	32	2021-11-28T18:01:22
14.71056	-60.91446	0	32	2021-11-28T18:06:23
14.71033	-60.91461	0	32	2021-11-28T18:16:22
14.71027	-60.91464	0	32	2021-11-28T18:26:19
14.71027	-60.91455	0	32	2021-11-28T18:31:19
14.71027	-60.91464	0	32	2021-11-28T18:36:19
14.71038	-60.91473	0	32	2021-11-28T18:41:20
14.71026	-60.91470	0	32	2021-11-28T18:46:15
14.71022	-60.91461	0	32	2021-11-28T18:51:15
14.71031	-60.91470	0	32	2021-11-28T18:56:15
14.71021	-60.91461	0	32	2021-11-28T19:01:13
14.71026	-60.91464	0	32	2021-11-28T19:06:46
14.71022	-60.91455	0	32	2021-11-28T19:11:46
14.71032	-60.91473	0	32	2021-11-28T19:16:17
14.71027	-60.91461	0	32	2021-11-28T19:26:15
14.71031	-60.91461	0	32	2021-11-28T19:36:16
14.71041	-60.91470	0	32	2021-11-28T19:51:19
14.71046	-60.91473	0	32	2021-11-28T20:14:46
14.71052	-60.91464	0	32	2021-11-28T20:51:24
14.71044	-60.91449	0	32	2021-11-28T21:11:20
14.71042	-60.91461	0	32	2021-11-28T21:17:19
14.71038	-60.91461	0	32	2021-11-28T21:27:19
14.71037	-60.91461	0	32	2021-11-28T21:31:13
14.71041	-60.91478	0	32	2021-11-28T21:41:20
14.71045	-60.91461	0	32	2021-11-28T21:46:19
14.71043	-60.91479	0	32	2021-11-28T21:51:20
14.71043	-60.91482	0	32	2021-11-28T21:56:23
14.71043	-60.91473	0	32	2021-11-28T22:01:22
14.71055	-60.91483	0	32	2021-11-28T23:11:09
14.71036	-60.91461	0	32	2021-11-28T23:46:15
14.71036	-60.91452	0	32	2021-11-28T23:51:14
14.71043	-60.91461	0	32	2021-11-29T00:11:15
14.71044	-60.91455	0	32	2021-11-29T00:16:13
14.71047	-60.91476	0	32	2021-11-29T00:26:56
14.71047	-60.91467	0	32	2021-11-29T00:31:55
14.71047	-60.91476	0	32	2021-11-29T00:36:55
14.71052	-60.91476	0	32	2021-11-29T00:41:06
14.71046	-60.91483	0	32	2021-11-29T01:11:00
14.71042	-60.91492	0	32	2021-11-29T01:16:00
14.71051	-60.91492	0	32	2021-11-29T01:21:00
14.71048	-60.91483	0	32	2021-11-29T01:32:16
14.71039	-60.91483	0	32	2021-11-29T01:37:16
14.71040	-60.91483	0	32	2021-11-29T02:25:53
14.71042	-60.91489	0	32	2021-11-29T02:31:26
14.71038	-60.91489	0	32	2021-11-29T02:36:26
14.71037	-60.91483	0	32	2021-11-29T02:50:58
14.71033	-60.91476	0	32	2021-11-29T03:00:59
14.71037	-60.91476	0	32	2021-11-29T03:06:00
14.71033	-60.91476	0	32	2021-11-29T03:11:00
14.71036	-60.91486	0	32	2021-11-29T03:26:00
14.71040	-60.91486	0	32	2021-11-29T03:31:01
14.71038	-60.91483	0	32	2021-11-29T03:42:46
14.71036	-60.91483	0	32	2021-11-29T03:46:11
14.71037	-60.91483	0	32	2021-11-29T03:51:03
14.71036	-60.91479	0	32	2021-11-29T04:01:02
14.71036	-60.91476	0	32	2021-11-29T04:06:00
14.71032	-60.91479	0	32	2021-11-29T04:11:02
14.71035	-60.91476	0	32	2021-11-29T04:20:58
14.71036	-60.91476	0	32	2021-11-29T04:51:34
14.71034	-60.91490	0	32	2021-11-29T05:06:05
14.71034	-60.91473	0	32	2021-11-29T05:11:05
14.71030	-60.91473	0	32	2021-11-29T05:16:04
14.71037	-60.91483	0	32	2021-11-29T05:30:58
14.71041	-60.91495	0	32	2021-11-29T06:10:52
14.71041	-60.91486	0	32	2021-11-29T06:15:51
14.71037	-60.91495	0	32	2021-11-29T06:20:51
14.71041	-60.91486	0	32	2021-11-29T06:31:08
14.71041	-60.91495	0	32	2021-11-29T06:36:08
14.71041	-60.91504	0	32	2021-11-29T06:41:07
14.71041	-60.91489	0	32	2021-11-29T07:00:58
14.71033	-60.91492	0	32	2021-11-29T07:31:14
14.71042	-60.91501	0	32	2021-11-29T07:36:14
14.71051	-60.91501	0	32	2021-11-29T07:41:13
14.71044	-60.91483	0	32	2021-11-29T08:21:04
14.71050	-60.91495	0	32	2021-11-29T08:36:03
14.71050	-60.91504	0	32	2021-11-29T08:46:03
14.71032	-60.91483	0	32	2021-11-29T09:15:50
14.71037	-60.91483	0	32	2021-11-29T09:20:50
14.71041	-60.91492	0	32	2021-11-29T09:25:49
14.71039	-60.91492	0	32	2021-11-29T09:41:26
14.71039	-60.91483	0	32	2021-11-29T09:51:27
14.71041	-60.91483	0	32	2021-11-29T09:55:49
14.71040	-60.91473	0	32	2021-11-29T10:20:49
14.71036	-60.91473	0	32	2021-11-29T10:30:48
14.71044	-60.91438	0	32	2021-11-29T11:55:31
14.71044	-60.91455	0	32	2021-11-29T12:00:31
14.71053	-60.91455	0	32	2021-11-29T12:05:30
14.71059	-60.91438	0	32	2021-11-29T12:10:37
14.71055	-60.91429	0	32	2021-11-29T12:15:37
14.71055	-60.91455	0	32	2021-11-29T12:20:36
14.71052	-60.91425	0	32	2021-11-29T12:25:43
14.71050	-60.91393	0	32	2021-11-29T12:30:54
14.71041	-60.91470	0	32	2021-11-29T12:35:54
14.71032	-60.91479	0	32	2021-11-29T12:46:07
14.71039	-60.91466	0	32	2021-11-29T12:55:46
14.71039	-60.91483	0	32	2021-11-29T13:00:46
14.71033	-60.91476	0	32	2021-11-29T13:10:48
14.71037	-60.91476	0	32	2021-11-29T13:20:49
14.71039	-60.91492	0	32	2021-11-29T13:55:40
14.71043	-60.91483	0	32	2021-11-29T14:05:39
14.71051	-60.91473	0	32	2021-11-29T14:10:40
14.71043	-60.91477	0	32	2021-11-29T14:15:59
14.71056	-60.91477	0	32	2021-11-29T14:20:59
14.71052	-60.91486	0	32	2021-11-29T14:25:58
14.71034	-60.91479	0	32	2021-11-29T15:10:37
14.71045	-60.91489	0	32	2021-11-29T15:15:35
14.71043	-60.91489	0	32	2021-11-29T15:35:34
14.71041	-60.91489	0	32	2021-11-29T15:40:35
14.71045	-60.91489	0	32	2021-11-29T15:45:35
14.71048	-60.91492	0	32	2021-11-29T15:51:05
14.71044	-60.91480	0	32	2021-11-29T15:55:37
14.71048	-60.91489	0	32	2021-11-29T16:00:37
14.71044	-60.91489	0	32	2021-11-29T16:10:37
14.71036	-60.91483	0	32	2021-11-29T16:15:36
14.71038	-60.91483	0	32	2021-11-29T16:20:34
14.71034	-60.91483	0	32	2021-11-29T16:25:34
14.71037	-60.91483	0	32	2021-11-29T16:50:59
14.71048	-60.91501	0	32	2021-11-29T17:40:26
14.71044	-60.91501	0	32	2021-11-29T17:45:26
14.71040	-60.91504	0	32	2021-11-29T17:55:23
14.71046	-60.91525	0	32	2021-11-29T18:00:36
14.71044	-60.91504	0	32	2021-11-29T18:05:21
14.71046	-60.91504	0	32	2021-11-29T18:15:19
14.71050	-60.91504	0	32	2021-11-29T18:20:20
14.71046	-60.91504	0	32	2021-11-29T18:25:20
14.71047	-60.91498	0	32	2021-11-29T18:30:22
14.71048	-60.91501	0	32	2021-11-29T18:40:20
14.71050	-60.91504	0	32	2021-11-29T18:45:19
14.71044	-60.91498	0	32	2021-11-29T19:00:20
14.71053	-60.91507	0	32	2021-11-29T19:05:20
14.71044	-60.91495	0	32	2021-11-29T19:15:18
14.71041	-60.91483	0	32	2021-11-29T20:05:25
14.71045	-60.91483	0	32	2021-11-29T20:15:25
14.71063	-60.91483	0	32	2021-11-29T20:40:25
14.71054	-60.91474	0	32	2021-11-29T20:45:25
14.71058	-60.91483	0	32	2021-11-29T20:50:25
14.71048	-60.91473	0	32	2021-11-29T20:55:28
14.71038	-60.91476	0	32	2021-11-29T21:05:33
14.71047	-60.91467	0	32	2021-11-29T21:10:33
14.71038	-60.91467	0	32	2021-11-29T21:15:32
14.71043	-60.91489	0	32	2021-11-29T21:30:21
14.71041	-60.91475	0	32	2021-11-29T21:45:17
14.71045	-60.91484	0	32	2021-11-29T21:50:18
14.71041	-60.91467	0	32	2021-11-29T21:55:18
14.71045	-60.91479	0	32	2021-11-29T22:05:25
14.71041	-60.91458	0	32	2021-11-29T23:39:54
14.71041	-60.91455	0	32	2021-11-29T23:44:56
14.71034	-60.91472	0	32	2021-11-30T00:14:49
14.71051	-60.91498	0	32	2021-11-30T00:19:49
14.71045	-60.91495	0	32	2021-11-30T00:24:50
14.71049	-60.91498	0	32	2021-11-30T00:29:50
14.71054	-60.91495	0	32	2021-11-30T00:34:48
14.71050	-60.91495	0	32	2021-11-30T00:44:47
14.71048	-60.91492	0	32	2021-11-30T00:49:46
14.71044	-60.91483	0	32	2021-11-30T01:59:43
14.71048	-60.91483	0	32	2021-11-30T02:04:43
14.71038	-60.91495	0	32	2021-11-30T02:24:39
14.71037	-60.91492	0	32	2021-11-30T02:29:37
14.71038	-60.91495	0	32	2021-11-30T02:34:38
14.71038	-60.91486	0	32	2021-11-30T03:34:35
14.71037	-60.91486	0	32	2021-11-30T03:49:39
14.71009	-60.91467	0	32	2021-11-30T03:54:37
14.71042	-60.91481	0	32	2021-11-30T04:04:39
14.71021	-60.91464	0	32	2021-11-30T04:09:39
14.71034	-60.91473	0	32	2021-11-30T04:14:40
14.71039	-60.91483	0	32	2021-11-30T04:19:37
14.71051	-60.91495	0	32	2021-11-30T04:44:33
14.71044	-60.91483	0	32	2021-11-30T04:49:42
14.71044	-60.91498	0	32	2021-11-30T05:14:57
14.71044	-60.91489	0	32	2021-11-30T05:24:56
14.71039	-60.91486	0	32	2021-11-30T05:29:21
14.71047	-60.91498	0	32	2021-11-30T05:34:21
14.71032	-60.91479	0	32	2021-11-30T05:39:31
14.71041	-60.91479	0	32	2021-11-30T05:49:31
14.71045	-60.91483	0	32	2021-11-30T05:59:34
14.71045	-60.91492	0	32	2021-11-30T06:04:35
14.71044	-60.91495	0	32	2021-11-30T06:09:25
14.71039	-60.91512	0	32	2021-11-30T06:15:04
14.71048	-60.91495	0	32	2021-11-30T06:20:05
14.71044	-60.91495	0	32	2021-11-30T06:25:05
14.71044	-60.91501	0	32	2021-11-30T06:29:20
14.71043	-60.91495	0	32	2021-11-30T06:34:17
14.71039	-60.91495	0	32	2021-11-30T06:39:18
14.71048	-60.91510	0	32	2021-11-30T06:54:13
14.71039	-60.91501	0	32	2021-11-30T06:59:14
14.71043	-60.91501	0	32	2021-11-30T07:04:14
14.71046	-60.91498	0	32	2021-11-30T07:09:27
14.71037	-60.91492	0	32	2021-11-30T08:15:48
14.71041	-60.91492	0	32	2021-11-30T08:20:48
14.71041	-60.91483	0	32	2021-11-30T08:25:48
14.71045	-60.91486	0	32	2021-11-30T08:34:11
14.71037	-60.91495	0	32	2021-11-30T08:39:27
14.71040	-60.91483	0	32	2021-11-30T08:44:13
14.71034	-60.91437	0	32	2021-11-30T08:49:16
14.71040	-60.91483	0	32	2021-11-30T08:54:14
14.71035	-60.91455	0	32	2021-11-30T08:59:15
14.71036	-60.91466	0	32	2021-11-30T09:04:12
14.71049	-60.91466	0	32	2021-11-30T09:09:12
14.71045	-60.91483	0	32	2021-11-30T09:14:11
14.71041	-60.91495	0	32	2021-11-30T09:24:15
14.71032	-60.91478	0	32	2021-11-30T09:29:15
14.71045	-60.91495	0	32	2021-11-30T09:34:14
14.71044	-60.91498	0	32	2021-11-30T09:44:11
14.71048	-60.91498	0	32	2021-11-30T09:49:11
14.71039	-60.91489	0	32	2021-11-30T09:54:10
14.71045	-60.91501	0	32	2021-11-30T09:59:11
14.71039	-60.91483	0	32	2021-11-30T11:29:10
14.71057	-60.91476	0	32	2021-11-30T11:34:06
14.71044	-60.91493	0	32	2021-11-30T11:39:05
14.71048	-60.91467	0	32	2021-11-30T11:44:05
14.71046	-60.91457	0	32	2021-11-30T12:14:32
14.71050	-60.91431	0	32	2021-11-30T12:24:31
14.71051	-60.91446	0	32	2021-11-30T12:29:02
14.71047	-60.91479	0	32	2021-11-30T12:38:59
14.71038	-60.91479	0	32	2021-11-30T12:48:59
14.71044	-60.91504	0	32	2021-11-30T12:54:08
14.71039	-60.91492	0	32	2021-11-30T12:58:51
14.71039	-60.91483	0	32	2021-11-30T13:03:52
14.71042	-60.91483	0	32	2021-11-30T14:08:44
14.71051	-60.91483	0	32	2021-11-30T14:13:44
14.71047	-60.91483	0	32	2021-11-30T14:18:45
14.71036	-60.91470	0	32	2021-11-30T14:28:47
14.71036	-60.91461	0	32	2021-11-30T14:33:48
14.71044	-60.91486	0	32	2021-11-30T14:53:43
14.71048	-60.91486	0	32	2021-11-30T14:58:44
14.71045	-60.91486	0	32	2021-11-30T15:03:41
14.71044	-60.91486	0	32	2021-11-30T15:08:43
14.71049	-60.91486	0	32	2021-11-30T15:13:40
14.71052	-60.91486	0	32	2021-11-30T15:18:37
14.71057	-60.91498	0	32	2021-11-30T15:28:34
14.71061	-60.91498	0	32	2021-11-30T15:33:35
14.71048	-60.91489	0	32	2021-11-30T15:38:35
14.71061	-60.91498	0	32	2021-11-30T15:48:36
14.71037	-60.91476	0	32	2021-11-30T16:18:39
14.71043	-60.91486	0	32	2021-11-30T16:48:35
14.71039	-60.91486	0	32	2021-11-30T16:53:34
14.71048	-60.91495	0	32	2021-11-30T16:58:34
14.71047	-60.91476	0	32	2021-11-30T17:03:41
14.71051	-60.91510	0	32	2021-11-30T17:08:40
14.71050	-60.91486	0	32	2021-11-30T17:17:20
14.71050	-60.91495	0	32	2021-11-30T17:22:21
14.71050	-60.91504	0	32	2021-11-30T17:27:21
14.71043	-60.91527	0	32	2021-11-30T17:38:37
14.71052	-60.91510	0	32	2021-11-30T17:43:37
14.71052	-60.91501	0	32	2021-11-30T17:48:36
14.71054	-60.91507	0	32	2021-11-30T18:08:38
14.71052	-60.91501	0	32	2021-11-30T18:13:39
14.71054	-60.91479	0	32	2021-11-30T18:18:59
14.71050	-60.91479	0	32	2021-11-30T18:29:00
14.71059	-60.91483	0	32	2021-11-30T18:33:41
14.71047	-60.91479	0	32	2021-11-30T19:48:36
14.71048	-60.91452	0	32	2021-11-30T20:48:31
14.71048	-60.91461	0	32	2021-11-30T20:58:32
14.71052	-60.91467	0	32	2021-11-30T21:08:24
14.71043	-60.91467	0	32	2021-11-30T21:13:24
14.71047	-60.91467	0	32	2021-11-30T21:18:25
14.71045	-60.91488	0	32	2021-11-30T21:28:21
14.71036	-60.91479	0	32	2021-11-30T21:33:20
14.71045	-60.91479	0	32	2021-11-30T21:38:20
14.71041	-60.91473	0	32	2021-11-30T21:58:19
14.71066	-60.91436	0	32	2021-11-30T23:03:12
14.71049	-60.91427	0	32	2021-11-30T23:08:12
14.71053	-60.91418	0	32	2021-11-30T23:13:13
14.71053	-60.91461	0	32	2021-11-30T23:33:12
14.71052	-60.91470	0	32	2021-11-30T23:38:10
14.71056	-60.91461	0	32	2021-11-30T23:43:11
14.71069	-60.91470	0	32	2021-11-30T23:48:11
14.71045	-60.91458	0	32	2021-11-30T23:58:06
14.71041	-60.91467	0	32	2021-12-01T00:03:06
14.71032	-60.91467	0	32	2021-12-01T00:08:07
14.71056	-60.91492	0	32	2021-12-01T00:38:09
14.71047	-60.91492	0	32	2021-12-01T00:48:09
14.71049	-60.91495	0	32	2021-12-01T00:53:10
14.71044	-60.91489	0	32	2021-12-01T01:58:03
14.71040	-60.91480	0	32	2021-12-01T02:03:27
14.71043	-60.91495	0	32	2021-12-01T02:08:08
14.71040	-60.91489	0	32	2021-12-01T02:13:28
14.71038	-60.91489	0	32	2021-12-01T02:38:02
14.71037	-60.91489	0	32	2021-12-01T02:42:59
14.71040	-60.91483	0	32	2021-12-01T02:52:54
14.71041	-60.91489	0	32	2021-12-01T02:57:54
14.71036	-60.91483	0	32	2021-12-01T03:17:50
14.71039	-60.91489	0	32	2021-12-01T03:22:51
14.71036	-60.91489	0	32	2021-12-01T03:27:52
14.71049	-60.91489	0	32	2021-12-01T03:32:52
14.71040	-60.91489	0	32	2021-12-01T03:37:53
14.71041	-60.91486	0	32	2021-12-01T03:42:50
14.71040	-60.91486	0	32	2021-12-01T03:47:51
14.71036	-60.91486	0	32	2021-12-01T03:52:52
14.71041	-60.91489	0	32	2021-12-01T04:13:27
14.71045	-60.91489	0	32	2021-12-01T04:23:28
14.71048	-60.91486	0	32	2021-12-01T04:42:46
14.71039	-60.91477	0	32	2021-12-01T04:47:46
14.71048	-60.91486	0	32	2021-12-01T04:52:47
14.71048	-60.91479	0	32	2021-12-01T05:17:46
14.71039	-60.91479	0	32	2021-12-01T05:27:45
14.71045	-60.91489	0	32	2021-12-01T05:52:44
14.71045	-60.91495	0	32	2021-12-01T06:02:47
14.71047	-60.91489	0	32	2021-12-01T06:07:47
14.71045	-60.91495	0	32	2021-12-01T06:12:48
14.71044	-60.91489	0	32	2021-12-01T06:28:46
14.71049	-60.91495	0	32	2021-12-01T06:42:51
14.71048	-60.91492	0	32	2021-12-01T06:47:47
14.71049	-60.91495	0	32	2021-12-01T06:52:52
14.71036	-60.91492	0	32	2021-12-01T07:52:43
14.71045	-60.91492	0	32	2021-12-01T08:02:44
14.71047	-60.91492	0	32	2021-12-01T08:07:48
14.71045	-60.91478	0	32	2021-12-01T08:12:46
14.71041	-60.91452	0	32	2021-12-01T08:17:46
14.71052	-60.91470	0	32	2021-12-01T08:52:57
14.71035	-60.91521	0	32	2021-12-01T08:57:57
14.71035	-60.91504	0	32	2021-12-01T09:02:56
14.71036	-60.91473	0	32	2021-12-01T09:22:43
14.71043	-60.91492	0	32	2021-12-01T10:02:41
14.71041	-60.91479	0	32	2021-12-01T11:12:42
14.71039	-60.91483	0	32	2021-12-01T11:34:41
14.71039	-60.91493	0	32	2021-12-01T11:42:49
14.71039	-60.91467	0	32	2021-12-01T11:52:49
14.71055	-60.91442	0	32	2021-12-01T12:02:43
14.71055	-60.91433	0	32	2021-12-01T12:07:44
14.71076	-60.91382	0	32	2021-12-01T12:12:44
14.71042	-60.91467	0	32	2021-12-01T12:22:47
14.71038	-60.91476	0	32	2021-12-01T12:27:47
14.71055	-60.91467	0	32	2021-12-01T12:32:47
14.71041	-60.91486	0	32	2021-12-01T12:57:37
14.71042	-60.91461	0	32	2021-12-01T14:33:01
14.71046	-60.91444	0	32	2021-12-01T14:38:01
14.71050	-60.91470	0	32	2021-12-01T14:43:00
14.71045	-60.91483	0	32	2021-12-01T15:02:36
14.71040	-60.91483	0	32	2021-12-01T15:12:34
14.71044	-60.91483	0	32	2021-12-01T15:17:34
14.71040	-60.91483	0	32	2021-12-01T15:22:34
14.71044	-60.91486	0	32	2021-12-01T15:37:34
14.71050	-60.91489	0	32	2021-12-01T15:43:10
14.71039	-60.91473	0	32	2021-12-01T16:17:34
14.71030	-60.91473	0	32	2021-12-01T16:22:34
14.71049	-60.91493	0	32	2021-12-01T17:27:36
14.71058	-60.91467	0	32	2021-12-01T17:32:35
14.71042	-60.91461	0	32	2021-12-01T17:42:33
14.71033	-60.91452	0	32	2021-12-01T17:47:33
14.71046	-60.91495	0	32	2021-12-01T17:52:34
14.71046	-60.91504	0	32	2021-12-01T17:57:32
14.71023	-60.91447	0	32	2021-12-01T18:02:44
14.71038	-60.91461	0	32	2021-12-01T18:07:33
14.71036	-60.91473	0	32	2021-12-01T18:12:45
14.71032	-60.91461	0	32	2021-12-01T18:22:35
14.71036	-60.91470	0	32	2021-12-01T18:27:36
14.71032	-60.91461	0	32	2021-12-01T18:32:36
14.71020	-60.91452	0	32	2021-12-01T18:38:02
14.71041	-60.91473	0	32	2021-12-01T19:57:37
14.71043	-60.91483	0	32	2021-12-01T20:02:34
14.71041	-60.91473	0	32	2021-12-01T20:07:38
14.71057	-60.91468	0	32	2021-12-01T20:17:27
14.71057	-60.91459	0	32	2021-12-01T20:22:26
14.71053	-60.91476	0	32	2021-12-01T20:27:26
14.71043	-60.91449	0	32	2021-12-01T20:52:42
14.71052	-60.91446	0	32	2021-12-01T20:57:23
14.71052	-60.91449	0	32	2021-12-01T21:02:42
14.71043	-60.91487	0	32	2021-12-01T21:12:38
14.71047	-60.91487	0	32	2021-12-01T21:17:38
14.71047	-60.91504	0	32	2021-12-01T21:22:39
14.71046	-60.91498	0	32	2021-12-01T22:02:27
14.71040	-60.91461	0	32	2021-12-01T22:47:29
14.71044	-60.91470	0	32	2021-12-01T22:57:28
14.71048	-60.91461	0	32	2021-12-01T23:12:27
14.71046	-60.91446	0	32	2021-12-01T23:17:25
14.71038	-60.91470	0	32	2021-12-01T23:27:26
14.71038	-60.91461	0	32	2021-12-01T23:32:26
14.71034	-60.91461	0	32	2021-12-01T23:37:26
14.71042	-60.91461	0	32	2021-12-01T23:47:22
14.71038	-60.91461	0	32	2021-12-01T23:57:23
14.71041	-60.91473	0	32	2021-12-02T00:02:24
14.71038	-60.91479	0	32	2021-12-02T00:07:21
14.71047	-60.91479	0	32	2021-12-02T00:17:22
14.71043	-60.91483	0	32	2021-12-02T01:57:24
14.71039	-60.91483	0	32	2021-12-02T02:02:25
14.71040	-60.91486	0	32	2021-12-02T02:07:23
14.71037	-60.91495	0	32	2021-12-02T02:32:31
14.71037	-60.91486	0	32	2021-12-02T02:37:31
14.71041	-60.91495	0	32	2021-12-02T02:42:32
14.71039	-60.91489	0	32	2021-12-02T02:53:05
14.71043	-60.91489	0	32	2021-12-02T03:03:05
14.71038	-60.91495	0	32	2021-12-02T03:07:25
14.71043	-60.91486	0	32	2021-12-02T03:22:31
14.71042	-60.91472	0	32	2021-12-02T03:37:29
14.71042	-60.91498	0	32	2021-12-02T03:42:28
14.71038	-60.91489	0	32	2021-12-02T03:47:28
14.71048	-60.91490	0	32	2021-12-02T04:22:23
14.71044	-60.91473	0	32	2021-12-02T04:27:23
14.71035	-60.91472	0	32	2021-12-02T04:47:31
14.71044	-60.91489	0	32	2021-12-02T04:52:31
14.71053	-60.91495	0	32	2021-12-02T04:57:31
14.71053	-60.91486	0	32	2021-12-02T05:02:30
14.71044	-60.91464	0	32	2021-12-02T05:07:26
14.71035	-60.91473	0	32	2021-12-02T05:17:27
14.71031	-60.91467	0	32	2021-12-02T05:22:25
14.71040	-60.91489	0	32	2021-12-02T05:32:27
14.71044	-60.91486	0	32	2021-12-02T05:37:27
14.71048	-60.91486	0	32	2021-12-02T06:17:27
14.71047	-60.91495	0	32	2021-12-02T06:37:26
14.71043	-60.91495	0	32	2021-12-02T07:18:08
14.71034	-60.91495	0	32	2021-12-02T08:22:17
14.71023	-60.91425	0	32	2021-12-02T08:42:40
14.71036	-60.91476	0	32	2021-12-02T08:47:40
14.71027	-60.91467	0	32	2021-12-02T08:52:40
14.71036	-60.91484	0	32	2021-12-02T08:57:18
14.71023	-60.91450	0	32	2021-12-02T09:02:17
14.71032	-60.91476	0	32	2021-12-02T09:07:17
14.71027	-60.91470	0	32	2021-12-02T09:17:10
14.71023	-60.91461	0	32	2021-12-02T09:22:09
14.71027	-60.91470	0	32	2021-12-02T09:27:09
14.71029	-60.91473	0	32	2021-12-02T09:32:10
14.71041	-60.91495	0	32	2021-12-02T09:42:09
14.71056	-60.91519	0	32	2021-12-02T10:07:21
14.71058	-60.91519	0	32	2021-12-02T10:12:23
14.71034	-60.91486	0	32	2021-12-02T10:47:10
14.71046	-60.91455	0	32	2021-12-02T11:27:07
14.71042	-60.91489	0	32	2021-12-02T11:32:08
14.71051	-60.91489	0	32	2021-12-02T11:37:08
14.71058	-60.91473	0	32	2021-12-02T11:47:11
14.71067	-60.91473	0	32	2021-12-02T11:52:11
14.71058	-60.91473	0	32	2021-12-02T11:57:12
14.71068	-60.91480	0	32	2021-12-02T12:12:21
14.71034	-60.91480	0	32	2021-12-02T12:17:20
14.71038	-60.91489	0	32	2021-12-02T12:22:20
14.71041	-60.91483	0	32	2021-12-02T13:22:15
14.71038	-60.91473	0	32	2021-12-02T13:37:12
14.71045	-60.91482	0	32	2021-12-02T13:47:08
14.71041	-60.91473	0	32	2021-12-02T13:52:08
14.71027	-60.91449	0	32	2021-12-02T14:16:57
14.71031	-60.91458	0	32	2021-12-02T14:21:58
14.71035	-60.91467	0	32	2021-12-02T14:26:58
14.71046	-60.91443	0	32	2021-12-02T14:36:56
14.71046	-60.91452	0	32	2021-12-02T14:46:55
14.71046	-60.91464	0	32	2021-12-02T14:51:54
14.71056	-60.91470	0	32	2021-12-02T15:01:52
14.71046	-60.91467	0	32	2021-12-02T15:06:54
14.71047	-60.91470	0	32	2021-12-02T15:11:51
14.71041	-60.91483	0	32	2021-12-02T15:21:50
14.71047	-60.91486	0	32	2021-12-02T15:26:53
14.71044	-60.91489	0	32	2021-12-02T15:36:51
14.71029	-60.91470	0	32	2021-12-02T16:46:47
14.71038	-60.91461	0	32	2021-12-02T16:56:46
14.71038	-60.91464	0	32	2021-12-02T17:18:25
14.71052	-60.91460	0	32	2021-12-02T17:26:44
14.71052	-60.91469	0	32	2021-12-02T17:31:44
14.71061	-60.91452	0	32	2021-12-02T17:36:45
14.71053	-60.91452	0	32	2021-12-02T17:41:46
14.71056	-60.91455	0	32	2021-12-02T18:01:42
14.71049	-60.91498	0	32	2021-12-02T19:41:36
14.71046	-60.91492	0	32	2021-12-02T19:46:33
14.71049	-60.91498	0	32	2021-12-02T19:51:36
14.71057	-60.91489	0	32	2021-12-02T20:16:45
14.71048	-60.91489	0	32	2021-12-02T20:21:45
14.71044	-60.91489	0	32	2021-12-02T20:26:44
14.71058	-60.91483	0	32	2021-12-02T20:31:47
14.71036	-60.91493	0	32	2021-12-02T20:41:50
14.71049	-60.91467	0	32	2021-12-02T20:46:50
14.71045	-60.91467	0	32	2021-12-02T20:51:50
14.71041	-60.91463	0	32	2021-12-02T20:57:00
14.71041	-60.91480	0	32	2021-12-02T21:02:00
14.71041	-60.91489	0	32	2021-12-02T21:06:59
14.71041	-60.91483	0	32	2021-12-02T21:11:50
14.71035	-60.91470	0	32	2021-12-02T21:27:40
14.71039	-60.91473	0	32	2021-12-02T22:36:55
14.71035	-60.91473	0	32	2021-12-02T22:41:55
14.71047	-60.91455	0	32	2021-12-02T23:06:55
14.71051	-60.91449	0	32	2021-12-02T23:11:49
14.71047	-60.91446	0	32	2021-12-02T23:16:54
14.71038	-60.91449	0	32	2021-12-02T23:21:53
14.71046	-60.91486	0	32	2021-12-03T00:21:44
14.71039	-60.91473	0	32	2021-12-03T01:41:42
14.71036	-60.91470	0	32	2021-12-03T01:51:44
14.71028	-60.91465	0	32	2021-12-03T02:21:51
14.71037	-60.91474	0	32	2021-12-03T02:26:51
14.71037	-60.91483	0	32	2021-12-03T02:31:52
14.71037	-60.91486	0	32	2021-12-03T03:01:50
14.71033	-60.91486	0	32	2021-12-03T03:06:50
14.71037	-60.91486	0	32	2021-12-03T03:11:51
14.71039	-60.91483	0	32	2021-12-03T03:26:46
14.71046	-60.91492	0	32	2021-12-03T05:02:14
14.71048	-60.91500	0	32	2021-12-03T05:11:49
14.71031	-60.91483	0	32	2021-12-03T05:16:49
14.71040	-60.91483	0	32	2021-12-03T05:21:50
14.71040	-60.91480	0	32	2021-12-03T05:36:48
14.71044	-60.91489	0	32	2021-12-03T05:41:47
14.71040	-60.91486	0	32	2021-12-03T05:51:51
14.71040	-60.91495	0	32	2021-12-03T06:01:50
14.71040	-60.91492	0	32	2021-12-03T06:36:48
14.71036	-60.91492	0	32	2021-12-03T06:41:48
14.71045	-60.91492	0	32	2021-12-03T07:06:45
14.71045	-60.91489	0	32	2021-12-03T07:21:40
14.71037	-60.91489	0	32	2021-12-03T07:51:44
14.71036	-60.91495	0	32	2021-12-03T08:06:40
14.71032	-60.91495	0	32	2021-12-03T08:16:41
14.71050	-60.91479	0	32	2021-12-03T08:21:39
14.71037	-60.91513	0	32	2021-12-03T08:26:40
14.71040	-60.91475	0	32	2021-12-03T08:41:39
14.71040	-60.91458	0	32	2021-12-03T08:46:39
14.71040	-60.91467	0	32	2021-12-03T08:51:40
14.71047	-60.91461	0	32	2021-12-03T08:56:41
14.71040	-60.91466	0	32	2021-12-03T09:01:38
14.71019	-60.91449	0	32	2021-12-03T09:06:38
14.71038	-60.91467	0	32	2021-12-03T09:51:39
14.71029	-60.91467	0	32	2021-12-03T09:56:40
14.71036	-60.91483	0	32	2021-12-03T10:26:42
14.71046	-60.91483	0	32	2021-12-03T10:31:41
14.71037	-60.91483	0	32	2021-12-03T10:36:41
14.71040	-60.91449	0	32	2021-12-03T11:11:34
14.71040	-60.91440	0	32	2021-12-03T11:16:34
14.71040	-60.91431	0	32	2021-12-03T11:21:35
14.71044	-60.91435	0	32	2021-12-03T11:31:29
14.71044	-60.91478	0	32	2021-12-03T11:36:29
14.71053	-60.91461	0	32	2021-12-03T11:41:29
14.71065	-60.91473	0	32	2021-12-03T11:46:28
14.71064	-60.91495	0	32	2021-12-03T11:51:36
14.71073	-60.91486	0	32	2021-12-03T11:56:36
14.71073	-60.91495	0	32	2021-12-03T12:01:35
14.71056	-60.91360	0	32	2021-12-03T12:16:32
14.71047	-60.91360	0	32	2021-12-03T12:21:32
14.71038	-60.91360	0	32	2021-12-03T12:26:31
14.71040	-60.91484	0	32	2021-12-03T12:56:24
14.71044	-60.91493	0	32	2021-12-03T13:01:25
14.71035	-60.91476	0	32	2021-12-03T13:06:25
14.71035	-60.91473	0	32	2021-12-03T13:26:24
14.71032	-60.91467	0	32	2021-12-03T13:31:22
14.71035	-60.91473	0	32	2021-12-03T13:36:23
14.71044	-60.91473	0	32	2021-12-03T13:46:21
14.71053	-60.91473	0	32	2021-12-03T13:51:21
14.71044	-60.91473	0	32	2021-12-03T13:56:20
14.71048	-60.91464	0	32	2021-12-03T14:07:04
14.71048	-60.91458	0	32	2021-12-03T14:11:17
14.71031	-60.91455	0	32	2021-12-03T14:17:05
14.71048	-60.91471	0	32	2021-12-03T14:26:16
14.71044	-60.91437	0	32	2021-12-03T14:31:16
14.71074	-60.91403	0	32	2021-12-03T14:36:15
14.71039	-60.91483	0	32	2021-12-03T15:06:27
14.71048	-60.91483	0	32	2021-12-03T15:11:28
14.71044	-60.91483	0	32	2021-12-03T15:16:28
14.71025	-60.91467	0	32	2021-12-03T16:21:09
14.71026	-60.91470	0	32	2021-12-03T16:41:05
14.71035	-60.91470	0	32	2021-12-03T16:46:06
14.71040	-60.91473	0	32	2021-12-03T16:51:03
14.71040	-60.91456	0	32	2021-12-03T16:56:03
14.71044	-60.91473	0	32	2021-12-03T17:01:04
14.71039	-60.91452	0	32	2021-12-03T17:06:01
14.71047	-60.91457	0	32	2021-12-03T17:13:55
14.71047	-60.91440	0	32	2021-12-03T17:18:55
14.71047	-60.91431	0	32	2021-12-03T17:23:54
14.71052	-60.91412	0	32	2021-12-03T17:26:05
14.71061	-60.91452	0	32	2021-12-03T17:55:58
14.71048	-60.91452	0	32	2021-12-03T18:05:57
14.71048	-60.91446	0	32	2021-12-03T18:11:02
14.71052	-60.91446	0	32	2021-12-03T18:16:02
14.71055	-60.91506	0	32	2021-12-03T19:06:03
14.71046	-60.91489	0	32	2021-12-03T19:16:04
14.71040	-60.91480	0	32	2021-12-03T19:25:59
14.71049	-60.91489	0	32	2021-12-03T19:30:59
14.71045	-60.91489	0	32	2021-12-03T19:36:00
14.71043	-60.91495	0	32	2021-12-03T20:05:49
14.71039	-60.91495	0	32	2021-12-03T20:10:48
14.71043	-60.91486	0	32	2021-12-03T20:15:48
14.71035	-60.91476	0	32	2021-12-03T20:45:48
14.71035	-60.91485	0	32	2021-12-03T20:50:47
14.71035	-60.91476	0	32	2021-12-03T20:55:47
14.71037	-60.91498	0	32	2021-12-03T22:05:42
14.71035	-60.91458	0	32	2021-12-03T22:55:41
14.71039	-60.91458	0	32	2021-12-03T23:05:42
14.71042	-60.91461	0	32	2021-12-03T23:35:50
14.71038	-60.91452	0	32	2021-12-03T23:45:49
14.71041	-60.91467	0	32	2021-12-03T23:50:46
14.71046	-60.91482	0	32	2021-12-04T00:20:40
14.71033	-60.91473	0	32	2021-12-04T00:25:40
14.71042	-60.91489	0	32	2021-12-04T00:55:27
14.71046	-60.91472	0	32	2021-12-04T01:00:27
14.71046	-60.91489	0	32	2021-12-04T01:05:28
14.71049	-60.91489	0	32	2021-12-04T01:10:29
14.71051	-60.91483	0	32	2021-12-04T01:35:21
14.71038	-60.91483	0	32	2021-12-04T02:10:24
14.71034	-60.91483	0	32	2021-12-04T02:15:24
14.71036	-60.91491	0	32	2021-12-04T02:40:26
14.71036	-60.91474	0	32	2021-12-04T02:45:26
14.71036	-60.91483	0	32	2021-12-04T02:50:27
14.71031	-60.91483	0	32	2021-12-04T03:05:17
14.71040	-60.91483	0	32	2021-12-04T03:15:16
14.71041	-60.91483	0	32	2021-12-04T03:20:17
14.71037	-60.91473	0	32	2021-12-04T03:25:16
14.71039	-60.91476	0	32	2021-12-04T03:45:13
14.71035	-60.91476	0	32	2021-12-04T03:50:14
14.71039	-60.91476	0	32	2021-12-04T03:55:14
14.71060	-60.91499	0	32	2021-12-04T04:20:23
14.71043	-60.91490	0	32	2021-12-04T04:25:23
14.71082	-60.91516	0	32	2021-12-04T04:30:23
14.71035	-60.91478	0	32	2021-12-04T04:36:45
14.71031	-60.91478	0	32	2021-12-04T04:41:44
14.71010	-60.91452	0	32	2021-12-04T04:46:44
14.71036	-60.91471	0	32	2021-12-04T04:55:06
14.71040	-60.91480	0	32	2021-12-04T05:00:06
14.71044	-60.91489	0	32	2021-12-04T05:05:06
14.71046	-60.91504	0	32	2021-12-04T05:10:03
14.71046	-60.91492	0	32	2021-12-04T05:50:04
14.71047	-60.91498	0	32	2021-12-04T05:55:43
14.71047	-60.91489	0	32	2021-12-04T06:05:44
14.71046	-60.91489	0	32	2021-12-04T06:09:56
14.71044	-60.91491	0	32	2021-12-04T07:29:54
14.71035	-60.91482	0	32	2021-12-04T07:34:54
14.71031	-60.91473	0	32	2021-12-04T07:39:54
14.71045	-60.91485	0	32	2021-12-04T07:49:54
14.71041	-60.91485	0	32	2021-12-04T07:54:54
14.71037	-60.91476	0	32	2021-12-04T07:59:55
14.71040	-60.91486	0	32	2021-12-04T08:19:58
14.71040	-60.91467	0	32	2021-12-04T08:24:59
14.71040	-60.91476	0	32	2021-12-04T08:29:59
14.71042	-60.91476	0	32	2021-12-04T08:49:55
14.71042	-60.91467	0	32	2021-12-04T08:54:54
14.71029	-60.91476	0	32	2021-12-04T08:59:54
14.71041	-60.91489	0	32	2021-12-04T09:09:44
14.71040	-60.91486	0	32	2021-12-04T10:24:26
14.71040	-60.91495	0	32	2021-12-04T10:29:27
14.71038	-60.91498	0	32	2021-12-04T10:39:31
14.71047	-60.91507	0	32	2021-12-04T10:44:30
14.71040	-60.91473	0	32	2021-12-04T11:09:18
14.71041	-60.91476	0	32	2021-12-04T11:24:13
14.71054	-60.91476	0	32	2021-12-04T11:29:14
14.71078	-60.91467	0	32	2021-12-04T11:44:13
14.71069	-60.91467	0	32	2021-12-04T11:49:13
14.71078	-60.91467	0	32	2021-12-04T11:54:13
14.71036	-60.91479	0	32	2021-12-04T12:44:11
14.71040	-60.91492	0	32	2021-12-04T13:04:11
14.71040	-60.91483	0	32	2021-12-04T13:09:11
14.71062	-60.91492	0	32	2021-12-04T13:54:05
14.71066	-60.91492	0	32	2021-12-04T13:59:05
14.71036	-60.91467	0	32	2021-12-04T14:14:11
14.71027	-60.91452	0	32	2021-12-04T14:19:07
14.71054	-60.91397	0	32	2021-12-04T14:29:06
14.71054	-60.91440	0	32	2021-12-04T14:39:07
14.71049	-60.91483	0	32	2021-12-04T14:54:10
14.71065	-60.91486	0	32	2021-12-04T14:59:06
14.71033	-60.91473	0	32	2021-12-04T16:09:39
14.71029	-60.91473	0	32	2021-12-04T16:14:40
14.71039	-60.91486	0	32	2021-12-04T16:18:58
14.71043	-60.91495	0	32	2021-12-04T16:28:57
14.71047	-60.91476	0	32	2021-12-04T17:18:50
14.71043	-60.91476	0	32	2021-12-04T17:23:50
14.71047	-60.91476	0	32	2021-12-04T17:28:51
14.71046	-60.91476	0	32	2021-12-04T17:33:50
14.71012	-60.91504	0	32	2021-12-04T17:58:56
14.71006	-60.91507	0	32	2021-12-04T18:03:55
14.71008	-60.91504	0	32	2021-12-04T18:03:56
14.71008	-60.91513	0	32	2021-12-04T18:08:56
14.71006	-60.91525	0	32	2021-12-04T18:13:55
14.70994	-60.91519	0	32	2021-12-04T18:29:01
14.70999	-60.91547	0	32	2021-12-04T20:23:50
14.71003	-60.91553	0	32	2021-12-04T20:31:06
14.71024	-60.91510	0	32	2021-12-04T20:36:07
14.70966	-60.91507	0	32	2021-12-04T22:15:18
14.71019	-60.91519	0	32	2021-12-04T22:18:58
14.71005	-60.91525	0	32	2021-12-04T23:53:48
14.71001	-60.91541	0	32	2021-12-05T00:31:28
14.70989	-60.91531	0	32	2021-12-05T02:08:39
14.70995	-60.91553	0	32	2021-12-05T02:13:40
14.70993	-60.91531	0	32	2021-12-05T02:18:38
14.70988	-60.91519	0	32	2021-12-05T03:23:38
14.71005	-60.91553	0	32	2021-12-05T04:33:48
14.71009	-60.91556	0	32	2021-12-05T05:03:42
14.70978	-60.91553	0	32	2021-12-05T07:18:43
14.71003	-60.91559	0	32	2021-12-05T07:48:48
14.71008	-60.91501	0	32	2021-12-05T10:55:40
14.71003	-60.91523	0	32	2021-12-05T11:03:22
14.71024	-60.91506	0	32	2021-12-05T11:08:21
14.71011	-60.91489	0	32	2021-12-05T11:13:21
14.70995	-60.91525	0	32	2021-12-05T12:09:05
14.71002	-60.91550	0	32	2021-12-05T13:13:29
14.71019	-60.91553	0	32	2021-12-05T13:28:30
14.70982	-60.91541	0	32	2021-12-05T14:18:33
14.70987	-60.91504	0	32	2021-12-05T14:33:25
14.70991	-60.91478	0	32	2021-12-05T14:38:25
14.70995	-60.91495	0	32	2021-12-05T14:43:25
14.71013	-60.91525	0	32	2021-12-05T15:48:14
14.71013	-60.91542	0	32	2021-12-05T15:53:15
14.71000	-60.91525	0	32	2021-12-05T15:58:15
14.70990	-60.91538	0	32	2021-12-05T16:28:08
14.70986	-60.91538	0	32	2021-12-05T16:33:07
14.70995	-60.91504	0	32	2021-12-05T16:38:08
14.71016	-60.91498	0	32	2021-12-05T17:08:08
14.71006	-60.91495	0	32	2021-12-05T17:28:12
14.71002	-60.91495	0	32	2021-12-05T17:33:12
14.71010	-60.91495	0	32	2021-12-05T20:43:07
14.71001	-60.91519	0	32	2021-12-05T22:37:56
14.71008	-60.91525	0	32	2021-12-05T23:27:49
14.70986	-60.91516	0	32	2021-12-06T00:37:50
14.70989	-60.91525	0	32	2021-12-06T01:47:50
14.71009	-60.91534	0	32	2021-12-06T05:37:09
14.71010	-60.91535	0	32	2021-12-06T06:12:06
14.71010	-60.91544	0	32	2021-12-06T06:17:06
14.71006	-60.91544	0	32	2021-12-06T06:22:05
14.70987	-60.91534	0	32	2021-12-06T06:56:56
14.70996	-60.91534	0	32	2021-12-06T07:01:56
14.70992	-60.91534	0	32	2021-12-06T07:06:57
14.71004	-60.91541	0	32	2021-12-06T07:11:56
14.70980	-60.91531	0	32	2021-12-06T07:21:59
14.71001	-60.91540	0	32	2021-12-06T07:27:00
14.70988	-60.91531	0	32	2021-12-06T07:32:00
14.70998	-60.91543	0	32	2021-12-06T07:42:52
14.70989	-60.91534	0	32	2021-12-06T07:47:51
14.70993	-60.91525	0	32	2021-12-06T07:52:51
14.70990	-60.91469	0	32	2021-12-06T07:56:57
14.71003	-60.91495	0	32	2021-12-06T08:01:58
14.71012	-60.91514	0	32	2021-12-06T10:11:47
14.71003	-60.91531	0	32	2021-12-06T10:16:47
14.71012	-60.91531	0	32	2021-12-06T10:21:48
14.71031	-60.91519	0	32	2021-12-06T10:51:41
14.71031	-60.91510	0	32	2021-12-06T11:01:42
14.71012	-60.91564	0	32	2021-12-06T13:41:48
14.71003	-60.91568	0	32	2021-12-06T13:46:52
14.71003	-60.91547	0	32	2021-12-06T13:51:49
14.70996	-60.91544	0	32	2021-12-06T14:11:52
14.70987	-60.91545	0	32	2021-12-06T14:17:05
14.71004	-60.91562	0	32	2021-12-06T14:22:05
14.70985	-60.91541	0	32	2021-12-06T14:51:50
14.71001	-60.91537	0	32	2021-12-06T15:46:49
14.71000	-60.91525	0	32	2021-12-06T15:56:48
14.70998	-60.91524	0	32	2021-12-06T16:11:46
14.70981	-60.91541	0	32	2021-12-06T16:21:46
14.70995	-60.91561	0	32	2021-12-06T16:26:41
14.71004	-60.91544	0	32	2021-12-06T16:31:41
14.71000	-60.91544	0	32	2021-12-06T16:36:41
14.71000	-60.91553	0	32	2021-12-06T17:41:34
14.71017	-60.91565	0	32	2021-12-06T18:21:41
14.70979	-60.91511	0	32	2021-12-06T18:41:33
14.70992	-60.91528	0	32	2021-12-06T18:46:34
14.71001	-60.91528	0	32	2021-12-06T18:51:34
14.70989	-60.91528	0	32	2021-12-06T19:14:05
14.71010	-60.91537	0	32	2021-12-06T19:31:29
14.70999	-60.91534	0	32	2021-12-06T19:41:29
14.70999	-60.91525	0	32	2021-12-06T19:51:30
14.70991	-60.91537	0	32	2021-12-06T21:11:15
14.70994	-60.91547	0	32	2021-12-06T21:46:23
14.70977	-60.91547	0	32	2021-12-06T21:51:23
14.70935	-60.91502	0	32	2021-12-06T22:06:02
14.70995	-60.91528	0	32	2021-12-06T22:11:02
14.70995	-60.91519	0	32	2021-12-06T22:16:01
14.70988	-60.91495	0	32	2021-12-06T22:31:03
14.70997	-60.91495	0	32	2021-12-06T22:36:04
14.70988	-60.91486	0	32	2021-12-06T22:41:04
14.70992	-60.91480	0	32	2021-12-06T22:46:01
14.71001	-60.91489	0	32	2021-12-06T22:51:00
14.71005	-60.91489	0	32	2021-12-06T22:56:00
14.70994	-60.91547	0	32	2021-12-07T00:55:56
14.70994	-60.91532	0	32	2021-12-07T01:00:57
14.70994	-60.91541	0	32	2021-12-07T01:05:56
14.71007	-60.91550	0	32	2021-12-07T01:10:56
14.70982	-60.91541	0	32	2021-12-07T01:30:59
14.70990	-60.91537	0	32	2021-12-07T01:41:01
14.71003	-60.91528	0	32	2021-12-07T01:46:02
14.70982	-60.91519	0	32	2021-12-07T01:51:02
14.70990	-60.91531	0	32	2021-12-07T02:15:52
14.71000	-60.91531	0	32	2021-12-07T03:11:00
14.71005	-60.91547	0	32	2021-12-07T04:03:44
14.71002	-60.91544	0	32	2021-12-07T04:06:07
14.71025	-60.91562	0	32	2021-12-07T04:25:34
14.71025	-60.91553	0	32	2021-12-07T04:30:33
14.71029	-60.91553	0	32	2021-12-07T04:35:33
14.71016	-60.91562	0	32	2021-12-07T04:40:30
14.71012	-60.91562	0	32	2021-12-07T04:45:30
14.71001	-60.91568	0	32	2021-12-07T05:00:19
14.71005	-60.91559	0	32	2021-12-07T05:05:19
14.70996	-60.91550	0	32	2021-12-07T05:10:20
14.70999	-60.91513	0	32	2021-12-07T05:35:19
14.71008	-60.91547	0	32	2021-12-07T05:40:18
14.71004	-60.91547	0	32	2021-12-07T05:45:18
14.70999	-60.91537	0	32	2021-12-07T06:30:15
14.70990	-60.91528	0	32	2021-12-07T06:35:15
14.70992	-60.91519	0	32	2021-12-07T06:40:12
14.70998	-60.91547	0	32	2021-12-07T06:45:13
14.71002	-60.91547	0	32	2021-12-07T06:55:12
14.71005	-60.91546	0	32	2021-12-07T07:08:10
14.70988	-60.91546	0	32	2021-12-07T07:13:11
14.70975	-60.91537	0	32	2021-12-07T07:18:11
14.71024	-60.91519	0	32	2021-12-07T08:40:10
14.71002	-60.91544	0	32	2021-12-07T09:25:13
14.71000	-60.91557	0	32	2021-12-07T10:00:00
14.71004	-60.91574	0	32	2021-12-07T10:05:00
14.70995	-60.91531	0	32	2021-12-07T10:09:59
14.71006	-60.91550	0	32	2021-12-07T10:34:53
14.71010	-60.91541	0	32	2021-12-07T10:39:52
14.71023	-60.91541	0	32	2021-12-07T10:44:52
14.71005	-60.91547	0	32	2021-12-07T12:45:00
14.71001	-60.91550	0	32	2021-12-07T13:24:48
14.71022	-60.91559	0	32	2021-12-07T13:29:47
14.71009	-60.91550	0	32	2021-12-07T13:34:47
14.71001	-60.91550	0	32	2021-12-07T13:44:48
14.71001	-60.91499	0	32	2021-12-07T13:49:49
14.71005	-60.91516	0	32	2021-12-07T13:54:49
14.70994	-60.91522	0	32	2021-12-07T13:59:52
14.70994	-60.91531	0	32	2021-12-07T14:04:52
14.71011	-60.91531	0	32	2021-12-07T14:09:53
14.70994	-60.91527	0	32	2021-12-07T14:44:44
14.70994	-60.91544	0	32	2021-12-07T14:49:44
14.71007	-60.91544	0	32	2021-12-07T14:54:44
14.71005	-60.91545	0	32	2021-12-07T15:24:43
14.71006	-60.91525	0	32	2021-12-07T15:29:44
14.71001	-60.91519	0	32	2021-12-07T15:34:44
14.70999	-60.91541	0	32	2021-12-07T15:59:45
14.70979	-60.91525	0	32	2021-12-07T16:06:52
14.70992	-60.91535	0	32	2021-12-07T16:35:29
14.70992	-60.91544	0	32	2021-12-07T16:45:30
14.70984	-60.91524	0	32	2021-12-07T18:29:28
14.70993	-60.91541	0	32	2021-12-07T18:34:28
14.71002	-60.91541	0	32	2021-12-07T18:39:27
14.70995	-60.91528	0	32	2021-12-07T19:04:17
14.70986	-60.91528	0	32	2021-12-07T19:09:16
14.70995	-60.91519	0	32	2021-12-07T19:14:17
14.70999	-60.91536	0	32	2021-12-07T19:24:17
14.70999	-60.91519	0	32	2021-12-07T19:34:16
14.71014	-60.91510	0	32	2021-12-07T19:44:22
14.70997	-60.91536	0	32	2021-12-07T19:49:23
14.71001	-60.91519	0	32	2021-12-07T19:54:23
14.70990	-60.91531	0	32	2021-12-07T20:12:23
14.70991	-60.91532	0	32	2021-12-07T20:34:15
14.70995	-60.91541	0	32	2021-12-07T20:39:15
14.71000	-60.91544	0	32	2021-12-07T21:39:37
14.70991	-60.91544	0	32	2021-12-07T21:44:37
14.70978	-60.91553	0	32	2021-12-07T21:49:36
14.70982	-60.91557	0	32	2021-12-07T21:59:21
14.70948	-60.91531	0	32	2021-12-07T22:04:22
14.70982	-60.91565	0	32	2021-12-07T22:09:22
14.70989	-60.91513	0	32	2021-12-07T22:24:03
14.70993	-60.91504	0	32	2021-12-07T22:29:03
14.71002	-60.91501	0	32	2021-12-07T22:34:05
14.70993	-60.91496	0	32	2021-12-07T22:49:10
14.70993	-60.91487	0	32	2021-12-07T22:54:10
14.70984	-60.91504	0	32	2021-12-07T22:59:09
14.71002	-60.91531	0	32	2021-12-08T01:04:04
14.70993	-60.91531	0	32	2021-12-08T01:14:05
14.70994	-60.91522	0	32	2021-12-08T02:49:06
14.70990	-60.91531	0	32	2021-12-08T02:54:06
14.70999	-60.91531	0	32	2021-12-08T02:59:06
14.71021	-60.91562	0	32	2021-12-08T04:24:02
14.71025	-60.91562	0	32	2021-12-08T04:29:02
14.70999	-60.91559	0	32	2021-12-08T04:49:57
14.71001	-60.91551	0	32	2021-12-08T05:43:42
14.71001	-60.91542	0	32	2021-12-08T05:48:43
14.71014	-60.91525	0	32	2021-12-08T05:53:43
14.71013	-60.91547	0	32	2021-12-08T06:18:43
14.71000	-60.91538	0	32	2021-12-08T06:23:43
14.70996	-60.91547	0	32	2021-12-08T06:28:42
14.70988	-60.91541	0	32	2021-12-08T06:34:08
14.70997	-60.91541	0	32	2021-12-08T06:39:07
14.71004	-60.91542	0	32	2021-12-08T06:43:33
14.70991	-60.91542	0	32	2021-12-08T06:48:33
14.70995	-60.91525	0	32	2021-12-08T06:53:34
14.70994	-60.91534	0	32	2021-12-08T07:03:31
14.70992	-60.91541	0	32	2021-12-08T07:13:26
14.70996	-60.91541	0	32	2021-12-08T07:18:27
14.70987	-60.91541	0	32	2021-12-08T07:23:24
14.70988	-60.91534	0	32	2021-12-08T07:33:18
14.70994	-60.91475	0	32	2021-12-08T08:28:24
14.70994	-60.91544	0	32	2021-12-08T08:33:25
14.71015	-60.91510	0	32	2021-12-08T08:38:25
14.70999	-60.91556	0	32	2021-12-08T09:03:25
14.71021	-60.91583	0	32	2021-12-08T09:48:21
14.70999	-60.91542	0	32	2021-12-08T10:18:11
14.71003	-60.91542	0	32	2021-12-08T10:23:11
14.70990	-60.91559	0	32	2021-12-08T10:28:10
14.71010	-60.91541	0	32	2021-12-08T10:33:18
14.71003	-60.91545	0	32	2021-12-08T11:23:07
14.71042	-60.91519	0	32	2021-12-08T11:28:07
14.71033	-60.91519	0	32	2021-12-08T11:33:06
14.70991	-60.91528	0	32	2021-12-08T12:52:56
14.71000	-60.91528	0	32	2021-12-08T13:02:56
14.71003	-60.91544	0	32	2021-12-08T13:17:52
14.70999	-60.91544	0	32	2021-12-08T13:22:53
14.71007	-60.91550	0	32	2021-12-08T13:42:50
14.71003	-60.91521	0	32	2021-12-08T13:48:36
14.70990	-60.91504	0	32	2021-12-08T13:53:37
14.71030	-60.91467	0	32	2021-12-08T15:22:57
14.71072	-60.91446	0	32	2021-12-08T15:57:52
14.70995	-60.91532	0	32	2021-12-08T16:02:51
14.70999	-60.91541	0	32	2021-12-08T16:07:51
14.70987	-60.91544	0	32	2021-12-08T16:12:51
14.71001	-60.91525	0	32	2021-12-08T16:32:50
14.71019	-60.91493	0	32	2021-12-08T16:37:51
14.71023	-60.91519	0	32	2021-12-08T16:42:50
14.71008	-60.91522	0	32	2021-12-08T17:42:48
14.71004	-60.91522	0	32	2021-12-08T17:47:49
14.71000	-60.91522	0	32	2021-12-08T17:52:49
14.71021	-60.91547	0	32	2021-12-08T17:57:55
14.71004	-60.91547	0	32	2021-12-08T18:02:55
14.70997	-60.91537	0	32	2021-12-08T18:37:46
14.70997	-60.91528	0	32	2021-12-08T18:42:46
14.70991	-60.91531	0	32	2021-12-08T18:57:44
14.71004	-60.91532	0	32	2021-12-08T19:27:49
14.71000	-60.91541	0	32	2021-12-08T19:32:48
14.71001	-60.91525	0	32	2021-12-08T19:37:48
14.71004	-60.91525	0	32	2021-12-08T20:03:00
14.71004	-60.91532	0	32	2021-12-08T20:32:57
14.71004	-60.91541	0	32	2021-12-08T20:37:57
14.71000	-60.91550	0	32	2021-12-08T20:42:56
14.70974	-60.91545	0	32	2021-12-08T21:42:54
14.70978	-60.91536	0	32	2021-12-08T21:47:54
14.70974	-60.91553	0	32	2021-12-08T21:52:53
14.70983	-60.91558	0	32	2021-12-08T22:02:42
14.70996	-60.91524	0	32	2021-12-08T22:07:42
14.71005	-60.91507	0	32	2021-12-08T22:12:41
14.70945	-60.91524	0	32	2021-12-08T22:19:28
14.71001	-60.91541	0	32	2021-12-08T22:24:27
14.70994	-60.91541	0	32	2021-12-08T22:27:49
14.70980	-60.91547	0	32	2021-12-08T22:32:51
14.71004	-60.91548	0	32	2021-12-08T22:42:53
14.71004	-60.91557	0	32	2021-12-08T22:47:54
14.70995	-60.91531	0	32	2021-12-08T22:52:54
14.70988	-60.91522	0	32	2021-12-08T23:27:56
14.70997	-60.91522	0	32	2021-12-08T23:32:56
14.71005	-60.91528	0	32	2021-12-08T23:47:52
14.70988	-60.91579	0	32	2021-12-08T23:52:52
14.71005	-60.91519	0	32	2021-12-08T23:57:51
14.71003	-60.91535	0	32	2021-12-09T00:02:55
14.71003	-60.91544	0	32	2021-12-09T00:07:55
14.71016	-60.91553	0	32	2021-12-09T00:12:55
14.71000	-60.91525	0	32	2021-12-09T01:02:53
14.70993	-60.91534	0	32	2021-12-09T01:22:49
14.70979	-60.91528	0	32	2021-12-09T01:32:43
14.70996	-60.91528	0	32	2021-12-09T01:37:44
14.70996	-60.91519	0	32	2021-12-09T01:42:44
14.70990	-60.91524	0	32	2021-12-09T02:28:27
14.70990	-60.91515	0	32	2021-12-09T02:33:27
14.70994	-60.91541	0	32	2021-12-09T02:38:26
14.70996	-60.91531	0	32	2021-12-09T02:53:42
14.70992	-60.91531	0	32	2021-12-09T03:03:41
14.70995	-60.91528	0	32	2021-12-09T03:07:43
14.71004	-60.91528	0	32	2021-12-09T03:12:42
14.70991	-60.91541	0	32	2021-12-09T03:27:48
14.70995	-60.91541	0	32	2021-12-09T03:32:48
14.70991	-60.91541	0	32	2021-12-09T03:37:48
14.70988	-60.91531	0	32	2021-12-09T03:42:47
14.70980	-60.91531	0	32	2021-12-09T03:47:43
14.70984	-60.91531	0	32	2021-12-09T03:52:44
14.71021	-60.91553	0	32	2021-12-09T04:04:06
14.71025	-60.91553	0	32	2021-12-09T04:14:05
14.71009	-60.91531	0	32	2021-12-09T05:08:09
14.71000	-60.91531	0	32	2021-12-09T05:18:09
14.71004	-60.91553	0	32	2021-12-09T05:42:51
14.71004	-60.91544	0	32	2021-12-09T05:47:52
14.70990	-60.91547	0	32	2021-12-09T05:52:49
14.71009	-60.91547	0	32	2021-12-09T05:57:42
14.70998	-60.91553	0	32	2021-12-09T06:02:40
14.70981	-60.91553	0	32	2021-12-09T06:07:40
14.70995	-60.91544	0	32	2021-12-09T06:12:45
14.71002	-60.91541	0	32	2021-12-09T06:19:04
14.70995	-60.91553	0	32	2021-12-09T06:22:44
14.71003	-60.91545	0	32	2021-12-09T06:47:35
14.71003	-60.91536	0	32	2021-12-09T06:52:35
14.71003	-60.91553	0	32	2021-12-09T06:57:34
14.71011	-60.91553	0	32	2021-12-09T07:03:05
14.71009	-60.91574	0	32	2021-12-09T07:07:30
14.70997	-60.91553	0	32	2021-12-09T07:22:27
14.70986	-60.91559	0	32	2021-12-09T08:07:19
14.71004	-60.91544	0	32	2021-12-09T08:42:21
14.71004	-60.91553	0	32	2021-12-09T08:47:22
14.71007	-60.91547	0	32	2021-12-09T09:12:26
14.70998	-60.91574	0	32	2021-12-09T09:27:36
14.71007	-60.91565	0	32	2021-12-09T09:32:37
14.71003	-60.91565	0	32	2021-12-09T09:37:37
14.71008	-60.91574	0	32	2021-12-09T09:47:27
14.71008	-60.91565	0	32	2021-12-09T09:52:26
14.70991	-60.91556	0	32	2021-12-09T09:57:26
14.71005	-60.91513	0	32	2021-12-09T10:29:42
14.70991	-60.91541	0	32	2021-12-09T10:32:29
14.70991	-60.91559	0	32	2021-12-09T10:37:29
14.71003	-60.91511	0	32	2021-12-09T10:47:31
14.71016	-60.91502	0	32	2021-12-09T10:52:31
14.70990	-60.91562	0	32	2021-12-09T10:57:31
14.70988	-60.91513	0	32	2021-12-09T11:57:51
14.70975	-60.91536	0	32	2021-12-09T12:37:25
14.70975	-60.91519	0	32	2021-12-09T12:42:24
14.70971	-60.91522	0	32	2021-12-09T12:47:24
14.70978	-60.91538	0	32	2021-12-09T13:07:28
14.70982	-60.91538	0	32	2021-12-09T13:12:28
14.71003	-60.91547	0	32	2021-12-09T13:17:29
14.70988	-60.91541	0	32	2021-12-09T13:22:25
14.70988	-60.91547	0	32	2021-12-09T13:27:23
14.70998	-60.91529	0	32	2021-12-09T13:37:25
14.71038	-60.91483	0	32	2021-12-09T13:42:23
14.70994	-60.91495	0	32	2021-12-09T13:47:24
14.71030	-60.91546	0	32	2021-12-09T14:17:20
14.71013	-60.91452	0	32	2021-12-09T14:22:21
14.70996	-60.91418	0	32	2021-12-09T14:27:21
14.70998	-60.91546	0	32	2021-12-09T14:52:14
14.71011	-60.91555	0	32	2021-12-09T14:57:14
14.71011	-60.91589	0	32	2021-12-09T15:02:13
14.71003	-60.91584	0	32	2021-12-09T15:07:12
14.71007	-60.91498	0	32	2021-12-09T15:12:11
14.71007	-60.91489	0	32	2021-12-09T15:17:11
14.71000	-60.91531	0	32	2021-12-09T15:32:53
14.70994	-60.91547	0	32	2021-12-09T16:37:20
14.71004	-60.91510	0	32	2021-12-09T17:07:15
14.70995	-60.91519	0	32	2021-12-09T17:12:15
14.70991	-60.91553	0	32	2021-12-09T17:17:15
14.70987	-60.91517	0	32	2021-12-09T18:12:05
14.70983	-60.91508	0	32	2021-12-09T18:17:04
14.71009	-60.91525	0	32	2021-12-09T18:22:04
14.70981	-60.91510	0	32	2021-12-09T18:27:02
14.70995	-60.91529	0	32	2021-12-09T18:36:59
14.71012	-60.91546	0	32	2021-12-09T18:41:59
14.71021	-60.91537	0	32	2021-12-09T18:46:58
14.71016	-60.91541	0	32	2021-12-09T18:51:58
14.71003	-60.91550	0	32	2021-12-09T19:01:59
14.71010	-60.91541	0	32	2021-12-09T19:06:57
14.71000	-60.91534	0	32	2021-12-09T20:56:56
14.70997	-60.91545	0	32	2021-12-09T21:06:55
14.70997	-60.91536	0	32	2021-12-09T21:11:55
14.70997	-60.91553	0	32	2021-12-09T21:16:56
14.71002	-60.91534	0	32	2021-12-09T21:21:57
14.71001	-60.91544	0	32	2021-12-09T21:26:54
14.71001	-60.91553	0	32	2021-12-09T21:31:54
14.71005	-60.91562	0	32	2021-12-09T21:36:54
14.71001	-60.91541	0	32	2021-12-09T21:41:59
14.71005	-60.91528	0	32	2021-12-09T22:06:49
14.71001	-60.91519	0	32	2021-12-09T22:11:50
14.71005	-60.91528	0	32	2021-12-09T22:16:50
14.71000	-60.91516	0	32	2021-12-09T23:26:50
14.70988	-60.91553	0	32	2021-12-10T00:31:38
14.70997	-60.91527	0	32	2021-12-10T00:36:37
14.70993	-60.91544	0	32	2021-12-10T00:41:37
14.70996	-60.91534	0	32	2021-12-10T00:46:38
14.70996	-60.91537	0	32	2021-12-10T00:51:41
14.70995	-60.91536	0	32	2021-12-10T00:56:47
14.70999	-60.91553	0	32	2021-12-10T01:01:47
14.70982	-60.91519	0	32	2021-12-10T01:06:46
14.71008	-60.91528	0	32	2021-12-10T02:51:39
14.71004	-60.91531	0	32	2021-12-10T03:06:39
14.71000	-60.91531	0	32	2021-12-10T03:11:39
14.71004	-60.91541	0	32	2021-12-10T03:31:53
14.71015	-60.91556	0	32	2021-12-10T03:50:07
14.71006	-60.91547	0	32	2021-12-10T04:00:08
14.71013	-60.91562	0	32	2021-12-10T04:31:53
14.71004	-60.91562	0	32	2021-12-10T04:36:53
14.71004	-60.91528	0	32	2021-12-10T04:41:52
14.71000	-60.91528	0	32	2021-12-10T05:26:54
14.70997	-60.91547	0	32	2021-12-10T05:51:44
14.71001	-60.91573	0	32	2021-12-10T05:56:45
14.70992	-60.91547	0	32	2021-12-10T06:01:45
14.70999	-60.91544	0	32	2021-12-10T06:16:41
14.71003	-60.91544	0	32	2021-12-10T06:21:41
14.70996	-60.91541	0	32	2021-12-10T06:26:42
14.71001	-60.91537	0	32	2021-12-10T06:31:39
14.70992	-60.91544	0	32	2021-12-10T07:21:40
14.70988	-60.91544	0	32	2021-12-10T07:26:41
14.70988	-60.91553	0	32	2021-12-10T07:31:41
14.70999	-60.91534	0	32	2021-12-10T07:36:39
14.71003	-60.91536	0	32	2021-12-10T08:02:11
14.71029	-60.91536	0	32	2021-12-10T08:07:11
14.70995	-60.91519	0	32	2021-12-10T08:12:12
14.70971	-60.91505	0	32	2021-12-10T09:06:41
14.70996	-60.91562	0	32	2021-12-10T09:12:23
14.71001	-60.91574	0	32	2021-12-10T09:16:40
14.71001	-60.91583	0	32	2021-12-10T09:51:39
14.70994	-60.91572	0	32	2021-12-10T09:56:39
14.70973	-60.91589	0	32	2021-12-10T10:01:39
14.71015	-60.91495	0	32	2021-12-10T11:01:23
14.71030	-60.91522	0	32	2021-12-10T11:31:28
14.71030	-60.91531	0	32	2021-12-10T11:41:27
14.71001	-60.91525	0	32	2021-12-10T12:19:42
14.71001	-60.91534	0	32	2021-12-10T12:29:43
14.71006	-60.91549	0	32	2021-12-10T12:41:20
14.71004	-60.91541	0	32	2021-12-10T12:46:22
14.71006	-60.91531	0	32	2021-12-10T12:51:20
14.71003	-60.91544	0	32	2021-12-10T13:01:18
14.70999	-60.91544	0	32	2021-12-10T13:06:18
14.71016	-60.91544	0	32	2021-12-10T13:11:19
14.71025	-60.91513	0	32	2021-12-10T14:16:15
14.71046	-60.91504	0	32	2021-12-10T14:26:16
14.71017	-60.91519	0	32	2021-12-10T14:31:49
14.71029	-60.91522	0	32	2021-12-10T14:36:11
14.71008	-60.91522	0	32	2021-12-10T14:46:12
14.71009	-60.91513	0	32	2021-12-10T14:51:12
14.71006	-60.91522	0	32	2021-12-10T14:56:10
14.71009	-60.91531	0	32	2021-12-10T15:01:11
14.71023	-60.91473	0	32	2021-12-10T15:11:09
14.71014	-60.91507	0	32	2021-12-10T15:16:09
14.71023	-60.91507	0	32	2021-12-10T15:21:10
14.70989	-60.91501	0	32	2021-12-10T15:34:43
14.70976	-60.91510	0	32	2021-12-10T15:44:42
14.70986	-60.91514	0	32	2021-12-10T15:50:55
14.70990	-60.91531	0	32	2021-12-10T15:55:54
14.70994	-60.91531	0	32	2021-12-10T16:00:54
14.70992	-60.91525	0	32	2021-12-10T16:05:55
14.70992	-60.91542	0	32	2021-12-10T16:10:48
14.70979	-60.91516	0	32	2021-12-10T16:15:49
14.70990	-60.91507	0	32	2021-12-10T16:46:21
14.70985	-60.91510	0	32	2021-12-10T18:06:35
14.70989	-60.91519	0	32	2021-12-10T18:11:36
14.70991	-60.91516	0	32	2021-12-10T18:15:31
14.70989	-60.91514	0	32	2021-12-10T18:20:43
14.70946	-60.91488	0	32	2021-12-10T18:25:43
14.71019	-60.91531	0	32	2021-12-10T18:30:42
14.70997	-60.91531	0	32	2021-12-10T18:35:27
14.70998	-60.91531	0	32	2021-12-10T19:00:24
14.70994	-60.91531	0	32	2021-12-10T19:05:24
14.71002	-60.91525	0	32	2021-12-10T19:30:19
14.70993	-60.91534	0	32	2021-12-10T20:15:20
14.70999	-60.91532	0	32	2021-12-10T21:05:22
14.70995	-60.91532	0	32	2021-12-10T21:10:22
14.70995	-60.91541	0	32	2021-12-10T21:15:23
14.71000	-60.91553	0	32	2021-12-10T21:20:24
14.71004	-60.91544	0	32	2021-12-10T21:25:24
14.71002	-60.91525	0	32	2021-12-10T21:45:25
14.70995	-60.91531	0	32	2021-12-10T21:50:25
14.70999	-60.91531	0	32	2021-12-10T21:55:25
14.71004	-60.91501	0	32	2021-12-10T22:20:22
14.70995	-60.91501	0	32	2021-12-10T22:25:21
14.71000	-60.91504	0	32	2021-12-10T23:05:23
14.71021	-60.91547	0	32	2021-12-10T23:40:20
14.71002	-60.91531	0	32	2021-12-11T00:00:27
14.71000	-60.91553	0	32	2021-12-11T00:05:21
14.71002	-60.91522	0	32	2021-12-11T00:10:26
14.71000	-60.91567	0	32	2021-12-11T00:22:17
14.71000	-60.91541	0	32	2021-12-11T00:32:18
14.71002	-60.91544	0	32	2021-12-11T00:40:24
14.71004	-60.91544	0	32	2021-12-11T00:45:25
14.71006	-60.91553	0	32	2021-12-11T00:50:25
14.70997	-60.91538	0	32	2021-12-11T01:50:32
14.70997	-60.91547	0	32	2021-12-11T01:55:32
14.71000	-60.91525	0	32	2021-12-11T02:55:38
14.71009	-60.91525	0	32	2021-12-11T03:00:37
14.71002	-60.91531	0	32	2021-12-11T03:05:38
14.71003	-60.91562	0	32	2021-12-11T04:35:14
14.71012	-60.91511	0	32	2021-12-11T04:40:15
14.70999	-60.91562	0	32	2021-12-11T04:45:15
14.71002	-60.91544	0	32	2021-12-11T05:15:09
14.71002	-60.91553	0	32	2021-12-11T05:20:10
14.71002	-60.91544	0	32	2021-12-11T05:25:10
14.71003	-60.91544	0	32	2021-12-11T05:45:05
14.70999	-60.91556	0	32	2021-12-11T05:50:07
14.70995	-60.91544	0	32	2021-12-11T05:54:57
14.70991	-60.91550	0	32	2021-12-11T06:04:46
14.70991	-60.91541	0	32	2021-12-11T06:09:45
14.70995	-60.91550	0	32	2021-12-11T06:14:45
14.70996	-60.91547	0	32	2021-12-11T06:20:00
14.70998	-60.91546	0	32	2021-12-11T06:24:46
14.70985	-60.91537	0	32	2021-12-11T06:29:47
14.70984	-60.91544	0	32	2021-12-11T06:34:48
14.70988	-60.91547	0	32	2021-12-11T06:49:54
14.70992	-60.91547	0	32	2021-12-11T06:54:54
14.70993	-60.91544	0	32	2021-12-11T07:34:50
14.71005	-60.91528	0	32	2021-12-11T07:39:52
14.70993	-60.91494	0	32	2021-12-11T08:09:52
14.70997	-60.91554	0	32	2021-12-11T08:14:51
14.71001	-60.91528	0	32	2021-12-11T08:19:51
14.71001	-60.91532	0	32	2021-12-11T08:55:21
14.71001	-60.91541	0	32	2021-12-11T09:00:21
14.70992	-60.91541	0	32	2021-12-11T09:05:21
14.70999	-60.91537	0	32	2021-12-11T09:09:48
14.70998	-60.91550	0	32	2021-12-11T09:15:08
14.71002	-60.91559	0	32	2021-12-11T09:19:53
14.71002	-60.91550	0	32	2021-12-11T09:25:09
14.70997	-60.91544	0	32	2021-12-11T09:29:43
14.71004	-60.91547	0	32	2021-12-11T09:34:37
14.71008	-60.91547	0	32	2021-12-11T09:39:38
14.70999	-60.91547	0	32	2021-12-11T09:44:38
14.70997	-60.91564	0	32	2021-12-11T09:49:38
14.71001	-60.91547	0	32	2021-12-11T09:54:37
14.71014	-60.91547	0	32	2021-12-11T09:59:37
14.71003	-60.91510	0	32	2021-12-11T10:59:33
14.70999	-60.91510	0	32	2021-12-11T11:04:33
14.71003	-60.91510	0	32	2021-12-11T11:09:34
14.71008	-60.91507	0	32	2021-12-11T11:49:35
14.70997	-60.91541	0	32	2021-12-11T11:59:38
14.70990	-60.91528	0	32	2021-12-11T12:09:59
14.70982	-60.91528	0	32	2021-12-11T12:15:00
14.71002	-60.91592	0	32	2021-12-11T12:19:46
14.70985	-60.91547	0	32	2021-12-11T12:39:33
14.70980	-60.91519	0	32	2021-12-11T12:44:33
14.70984	-60.91519	0	32	2021-12-11T12:49:32
14.70988	-60.91531	0	32	2021-12-11T12:54:31
14.71007	-60.91545	0	32	2021-12-11T13:09:34
14.71011	-60.91554	0	32	2021-12-11T13:14:33
14.70994	-60.91528	0	32	2021-12-11T13:19:33
14.70990	-60.91525	0	32	2021-12-11T15:34:28
14.70981	-60.91525	0	32	2021-12-11T15:39:27
14.70990	-60.91525	0	32	2021-12-11T15:44:27
14.70984	-60.91522	0	32	2021-12-11T15:59:28
14.70980	-60.91531	0	32	2021-12-11T16:04:27
14.70981	-60.91516	0	32	2021-12-11T16:09:30
14.70999	-60.91518	0	32	2021-12-11T16:39:31
14.70999	-60.91527	0	32	2021-12-11T16:44:30
14.71008	-60.91510	0	32	2021-12-11T16:49:30
14.71001	-60.91534	0	32	2021-12-11T17:14:57
14.70999	-60.91528	0	32	2021-12-11T17:29:33
14.70999	-60.91519	0	32	2021-12-11T17:34:34
14.70995	-60.91519	0	32	2021-12-11T17:39:34
14.70994	-60.91539	0	32	2021-12-11T17:49:32
14.70994	-60.91522	0	32	2021-12-11T17:54:32
14.70994	-60.91531	0	32	2021-12-11T17:59:31
14.70976	-60.91527	0	32	2021-12-11T18:23:05
14.70993	-60.91544	0	32	2021-12-11T18:33:04
14.71000	-60.91541	0	32	2021-12-11T18:34:25
14.70988	-60.91531	0	32	2021-12-11T18:39:23
14.70993	-60.91532	0	32	2021-12-11T18:49:26
14.70993	-60.91541	0	32	2021-12-11T18:59:25
14.71014	-60.91534	0	32	2021-12-11T19:29:16
14.71010	-60.91534	0	32	2021-12-11T19:34:16
14.71014	-60.91534	0	32	2021-12-11T19:39:17
14.70997	-60.91505	0	32	2021-12-11T20:09:25
14.71001	-60.91505	0	32	2021-12-11T20:14:24
14.71005	-60.91531	0	32	2021-12-11T20:19:24
14.71019	-60.91537	0	32	2021-12-11T20:34:23
14.71006	-60.91553	0	32	2021-12-11T20:59:11
14.71006	-60.91544	0	32	2021-12-11T21:04:12
14.71002	-60.91544	0	32	2021-12-11T21:09:12
14.71011	-60.91556	0	32	2021-12-11T21:19:22
14.71007	-60.91556	0	32	2021-12-11T21:24:22
14.70986	-60.91556	0	32	2021-12-11T21:29:21
14.70997	-60.91519	0	32	2021-12-11T21:34:18
14.71019	-60.91501	0	32	2021-12-11T21:39:15
14.70989	-60.91544	0	32	2021-12-11T21:49:16
14.71000	-60.91504	0	32	2021-12-11T22:19:16
14.71000	-60.91513	0	32	2021-12-11T22:24:15
14.70996	-60.91504	0	32	2021-12-11T22:29:15
14.71016	-60.91531	0	32	2021-12-11T22:59:27
14.71012	-60.91531	0	32	2021-12-11T23:04:26
14.71016	-60.91531	0	32	2021-12-11T23:09:26
14.71006	-60.91531	0	32	2021-12-11T23:39:10
14.70996	-60.91525	0	32	2021-12-11T23:59:12
14.71000	-60.91534	0	32	2021-12-12T00:09:09
14.70995	-60.91537	0	32	2021-12-12T00:14:14
14.70996	-60.91534	0	32	2021-12-12T00:19:10
14.71001	-60.91541	0	32	2021-12-12T00:29:11
14.70992	-60.91532	0	32	2021-12-12T00:34:10
14.71001	-60.91541	0	32	2021-12-12T00:39:10
14.70988	-60.91525	0	32	2021-12-12T01:19:09
14.70993	-60.91531	0	32	2021-12-12T01:49:15
14.70993	-60.91540	0	32	2021-12-12T01:54:16
14.70993	-60.91531	0	32	2021-12-12T01:59:16
14.70993	-60.91507	0	32	2021-12-12T02:14:12
14.70989	-60.91498	0	32	2021-12-12T02:19:12
14.70993	-60.91498	0	32	2021-12-12T02:24:13
14.70993	-60.91504	0	32	2021-12-12T02:29:14
14.70989	-60.91513	0	32	2021-12-12T02:34:14
14.71002	-60.91513	0	32	2021-12-12T02:39:14
14.71001	-60.91510	0	32	2021-12-12T02:54:09
14.71005	-60.91519	0	32	2021-12-12T02:59:04
14.71009	-60.91519	0	32	2021-12-12T03:04:04
14.70996	-60.91528	0	32	2021-12-12T03:09:10
14.71004	-60.91525	0	32	2021-12-12T03:14:14
14.71012	-60.91525	0	32	2021-12-12T03:19:04
14.71003	-60.91542	0	32	2021-12-12T03:24:04
14.70994	-60.91525	0	32	2021-12-12T03:29:05
14.71000	-60.91544	0	32	2021-12-12T05:24:17
14.70995	-60.91556	0	32	2021-12-12T05:29:36
14.70996	-60.91553	0	32	2021-12-12T05:34:17
14.70999	-60.91549	0	32	2021-12-12T05:44:05
14.70999	-60.91558	0	32	2021-12-12T05:49:06
14.70995	-60.91541	0	32	2021-12-12T05:54:06
14.70998	-60.91524	0	32	2021-12-12T06:09:05
14.71002	-60.91541	0	32	2021-12-12T06:19:04
14.70996	-60.91541	0	32	2021-12-12T06:23:56
14.70984	-60.91534	0	32	2021-12-12T07:03:59
14.70988	-60.91534	0	32	2021-12-12T07:18:58
14.70996	-60.91531	0	32	2021-12-12T07:38:53
14.71009	-60.91520	0	32	2021-12-12T07:53:53
14.71005	-60.91537	0	32	2021-12-12T07:58:53
14.70988	-60.91537	0	32	2021-12-12T08:03:54
14.70996	-60.91542	0	32	2021-12-12T08:13:52
14.71005	-60.91525	0	32	2021-12-12T08:18:53
14.70996	-60.91534	0	32	2021-12-12T08:23:53
14.71000	-60.91553	0	32	2021-12-12T09:18:47
14.71000	-60.91562	0	32	2021-12-12T09:23:47
14.70997	-60.91556	0	32	2021-12-12T09:33:46
14.71004	-60.91531	0	32	2021-12-12T10:33:48
14.71003	-60.91519	0	32	2021-12-12T11:33:48
14.70996	-60.91534	0	32	2021-12-12T11:59:49
14.70994	-60.91537	0	32	2021-12-12T12:13:43
14.71002	-60.91551	0	32	2021-12-12T12:18:40
14.71002	-60.91525	0	32	2021-12-12T12:23:41
14.71000	-60.91537	0	32	2021-12-12T12:48:36
14.70996	-60.91537	0	32	2021-12-12T12:53:35
14.70996	-60.91541	0	32	2021-12-12T12:59:05
14.70998	-60.91540	0	32	2021-12-12T13:08:33
14.70994	-60.91540	0	32	2021-12-12T13:13:34
14.70985	-60.91531	0	32	2021-12-12T13:18:34
14.71002	-60.91537	0	32	2021-12-12T13:23:35
14.71013	-60.91504	0	32	2021-12-12T13:49:14
14.71022	-60.91521	0	32	2021-12-12T13:54:14
14.70996	-60.91495	0	32	2021-12-12T13:59:13
14.71018	-60.91525	0	32	2021-12-12T14:03:32
14.71000	-60.91525	0	32	2021-12-12T14:28:35
14.71012	-60.91498	0	32	2021-12-12T14:33:35
14.71010	-60.91531	0	32	2021-12-12T14:53:32
14.71007	-60.91547	0	32	2021-12-12T15:01:06
14.71003	-60.91547	0	32	2021-12-12T15:11:05
14.71024	-60.91574	0	32	2021-12-12T15:18:35
14.70994	-60.91536	0	32	2021-12-12T15:23:33
14.71003	-60.91527	0	32	2021-12-12T15:28:33
14.71007	-60.91544	0	32	2021-12-12T15:33:32
14.71006	-60.91543	0	32	2021-12-12T15:38:32
14.70993	-60.91534	0	32	2021-12-12T15:43:32
14.70996	-60.91545	0	32	2021-12-12T16:04:46
14.71000	-60.91554	0	32	2021-12-12T16:09:46
14.71000	-60.91537	0	32	2021-12-12T16:14:46
14.70997	-60.91531	0	32	2021-12-12T16:18:34
14.71002	-60.91532	0	32	2021-12-12T16:43:27
14.71006	-60.91532	0	32	2021-12-12T16:48:27
14.71006	-60.91541	0	32	2021-12-12T16:53:26
14.70999	-60.91525	0	32	2021-12-12T16:58:26
14.71003	-60.91525	0	32	2021-12-12T17:03:26
14.71005	-60.91526	0	32	2021-12-12T17:13:25
14.71014	-60.91483	0	32	2021-12-12T17:18:26
14.71005	-60.91492	0	32	2021-12-12T17:23:26
14.71008	-60.91502	0	32	2021-12-12T17:33:45
14.70999	-60.91468	0	32	2021-12-12T17:38:45
14.71003	-60.91519	0	32	2021-12-12T17:43:46
14.71009	-60.91456	0	32	2021-12-12T17:53:38
14.71009	-60.91516	0	32	2021-12-12T17:58:37
14.71000	-60.91516	0	32	2021-12-12T18:03:37
14.70978	-60.91520	0	32	2021-12-12T18:13:34
14.70999	-60.91537	0	32	2021-12-12T18:23:33
14.70998	-60.91537	0	32	2021-12-12T18:28:26
14.70994	-60.91528	0	32	2021-12-12T18:38:27
14.71000	-60.91534	0	32	2021-12-12T18:53:27
14.70991	-60.91534	0	32	2021-12-12T18:58:28
14.71004	-60.91534	0	32	2021-12-12T19:03:28
14.71018	-60.91528	0	32	2021-12-12T19:33:36
14.71018	-60.91537	0	32	2021-12-12T19:38:35
14.71014	-60.91528	0	32	2021-12-12T19:43:35
14.71003	-60.91537	0	32	2021-12-12T20:43:30
14.71004	-60.91531	0	32	2021-12-12T20:48:30
14.71003	-60.91528	0	32	2021-12-12T20:53:31
14.71000	-60.91546	0	32	2021-12-12T21:03:29
14.71004	-60.91537	0	32	2021-12-12T21:13:28
14.70997	-60.91536	0	32	2021-12-12T21:23:25
14.71001	-60.91510	0	32	2021-12-12T21:28:25
14.71018	-60.91501	0	32	2021-12-12T21:33:24
14.71005	-60.91497	0	32	2021-12-12T22:24:18
14.71005	-60.91506	0	32	2021-12-12T22:29:19
14.71001	-60.91489	0	32	2021-12-12T22:34:19
14.70996	-60.91517	0	32	2021-12-12T23:13:13
14.70999	-60.91504	0	32	2021-12-12T23:18:25
14.70996	-60.91525	0	32	2021-12-12T23:23:12
14.70990	-60.91516	0	32	2021-12-12T23:43:04
14.71009	-60.91549	0	32	2021-12-12T23:53:12
14.71009	-60.91540	0	32	2021-12-12T23:58:12
14.70988	-60.91531	0	32	2021-12-13T00:03:11
14.70997	-60.91531	0	32	2021-12-13T00:13:16
14.70996	-60.91531	0	32	2021-12-13T00:18:08
14.70975	-60.91522	0	32	2021-12-13T00:23:07
14.70993	-60.91519	0	32	2021-12-13T00:38:04
14.70989	-60.91510	0	32	2021-12-13T00:43:03
14.70995	-60.91495	0	32	2021-12-13T01:48:01
14.71004	-60.91495	0	32	2021-12-13T01:53:01
14.70995	-60.91504	0	32	2021-12-13T01:58:00
14.70996	-60.91504	0	32	2021-12-13T02:08:04
14.71008	-60.91522	0	32	2021-12-13T02:43:04
14.71008	-60.91531	0	32	2021-12-13T02:48:04
14.71012	-60.91522	0	32	2021-12-13T02:53:05
14.71009	-60.91525	0	32	2021-12-13T02:57:53
14.71002	-60.91544	0	32	2021-12-13T03:07:52
14.70999	-60.91531	0	32	2021-12-13T03:17:54
14.70999	-60.91541	0	32	2021-12-13T03:43:48
14.71015	-60.91555	0	32	2021-12-13T04:07:43
14.71019	-60.91564	0	32	2021-12-13T04:12:44
14.71006	-60.91547	0	32	2021-12-13T04:17:44
14.70995	-60.91537	0	32	2021-12-13T04:47:42
14.70995	-60.91534	0	32	2021-12-13T04:52:40
14.70999	-60.91544	0	32	2021-12-13T04:57:43
14.71000	-60.91529	0	32	2021-12-13T05:07:38
14.70996	-60.91538	0	32	2021-12-13T05:12:38
14.71000	-60.91547	0	32	2021-12-13T05:17:38
14.71000	-60.91536	0	32	2021-12-13T05:33:21
14.71000	-60.91553	0	32	2021-12-13T05:38:22
14.71000	-60.91544	0	32	2021-12-13T05:43:22
14.71001	-60.91534	0	32	2021-12-13T05:47:44
14.70996	-60.91528	0	32	2021-12-13T05:52:37
14.70992	-60.91528	0	32	2021-12-13T05:57:36
14.70992	-60.91519	0	32	2021-12-13T06:27:44
14.71014	-60.91531	0	32	2021-12-13T07:52:39
14.70989	-60.91537	0	32	2021-12-13T08:07:53
14.71005	-60.91544	0	32	2021-12-13T08:47:52
14.71005	-60.91559	0	32	2021-12-13T08:52:50
14.71001	-60.91553	0	32	2021-12-13T08:57:53
14.71001	-60.91565	0	32	2021-12-13T09:17:39
14.71002	-60.91571	0	32	2021-12-13T09:27:44
14.70998	-60.91562	0	32	2021-12-13T09:32:44
14.71007	-60.91562	0	32	2021-12-13T09:37:44
14.71004	-60.91525	0	32	2021-12-13T11:37:49
14.71000	-60.91519	0	32	2021-12-13T11:43:30
14.70996	-60.91527	0	32	2021-12-13T11:57:39
14.71000	-60.91527	0	32	2021-12-13T12:02:39
14.71004	-60.91544	0	32	2021-12-13T12:07:39
14.70996	-60.91525	0	32	2021-12-13T12:17:31
14.70996	-60.91534	0	32	2021-12-13T12:22:31
14.70996	-60.91525	0	32	2021-12-13T12:27:31
14.70999	-60.91519	0	32	2021-12-13T12:43:08
14.71010	-60.91519	0	32	2021-12-13T13:17:21
14.71014	-60.91519	0	32	2021-12-13T13:22:21
14.71005	-60.91510	0	32	2021-12-13T13:27:20
14.71004	-60.91507	0	32	2021-12-13T14:07:23
14.71008	-60.91507	0	32	2021-12-13T14:17:24
14.71006	-60.91495	0	32	2021-12-13T14:22:24
14.71010	-60.91486	0	32	2021-12-13T14:32:23
14.71005	-60.91516	0	32	2021-12-13T15:02:19
14.71001	-60.91516	0	32	2021-12-13T15:07:18
14.70992	-60.91525	0	32	2021-12-13T15:12:18
14.71059	-60.91556	0	32	2021-12-13T15:17:24
14.71001	-60.91541	0	32	2021-12-13T16:52:16
14.70997	-60.91540	0	32	2021-12-13T17:02:15
14.70997	-60.91531	0	32	2021-12-13T17:07:15
14.70995	-60.91553	0	32	2021-12-13T17:12:19
14.71007	-60.91525	0	32	2021-12-13T18:02:15
14.71011	-60.91534	0	32	2021-12-13T18:07:14
14.70997	-60.91541	0	32	2021-12-13T18:17:18
14.71001	-60.91532	0	32	2021-12-13T18:22:17
14.71001	-60.91541	0	32	2021-12-13T18:27:17
14.71008	-60.91522	0	32	2021-12-13T20:32:42
14.71008	-60.91531	0	32	2021-12-13T20:37:42
14.71005	-60.91537	0	32	2021-12-13T20:42:32
14.70993	-60.91522	0	32	2021-12-13T20:47:28
14.70993	-60.91531	0	32	2021-12-13T20:52:27
14.70997	-60.91531	0	32	2021-12-13T20:57:27
14.71006	-60.91534	0	32	2021-12-13T21:02:28
14.70998	-60.91507	0	32	2021-12-13T22:42:21
14.71011	-60.91507	0	32	2021-12-13T22:47:20
14.71011	-60.91541	0	32	2021-12-13T22:52:20
14.71000	-60.91522	0	32	2021-12-13T23:47:17
14.70999	-60.91534	0	32	2021-12-14T00:12:18
14.70994	-60.91516	0	32	2021-12-14T00:42:12
14.70990	-60.91507	0	32	2021-12-14T00:47:12
14.70986	-60.91507	0	32	2021-12-14T00:52:12
14.70999	-60.91506	0	32	2021-12-14T01:22:03
14.70982	-60.91480	0	32	2021-12-14T01:27:04
14.70995	-60.91489	0	32	2021-12-14T01:32:04
14.71009	-60.91541	0	32	2021-12-14T01:42:06
14.71000	-60.91498	0	32	2021-12-14T01:47:06
14.71004	-60.91541	0	32	2021-12-14T01:52:05
14.71002	-60.91516	0	32	2021-12-14T01:57:06
14.71001	-60.91534	0	32	2021-12-14T02:02:02
14.71012	-60.91519	0	32	2021-12-14T02:27:05
14.71006	-60.91519	0	32	2021-12-14T02:33:05
14.70997	-60.91528	0	32	2021-12-14T02:43:04
14.71009	-60.91553	0	32	2021-12-14T04:11:54
14.71013	-60.91553	0	32	2021-12-14T04:16:54
14.71009	-60.91553	0	32	2021-12-14T04:21:54
14.70993	-60.91550	0	32	2021-12-14T04:52:01
14.71005	-60.91531	0	32	2021-12-14T05:21:54
14.71003	-60.91537	0	32	2021-12-14T05:26:55
14.71005	-60.91531	0	32	2021-12-14T05:31:55
14.70996	-60.91522	0	32	2021-12-14T05:46:59
14.71000	-60.91531	0	32	2021-12-14T05:51:59
14.70999	-60.91535	0	32	2021-12-14T06:27:00
14.71003	-60.91544	0	32	2021-12-14T06:31:59
14.71012	-60.91544	0	32	2021-12-14T06:36:59
14.71009	-60.91553	0	32	2021-12-14T06:47:09
14.71002	-60.91547	0	32	2021-12-14T07:11:50
14.71018	-60.91541	0	32	2021-12-14T07:36:43
14.70987	-60.91548	0	32	2021-12-14T07:51:42
14.71015	-60.91525	0	32	2021-12-14T07:56:47
14.70996	-60.91531	0	32	2021-12-14T08:01:43
14.70999	-60.91544	0	32	2021-12-14T08:31:48
14.70995	-60.91544	0	32	2021-12-14T08:36:49
14.70999	-60.91544	0	32	2021-12-14T08:41:49
14.70996	-60.91539	0	32	2021-12-14T09:16:56
14.71000	-60.91565	0	32	2021-12-14T09:21:56
14.71006	-60.91534	0	32	2021-12-14T09:57:40
14.71015	-60.91508	0	32	2021-12-14T10:36:47
14.71006	-60.91525	0	32	2021-12-14T10:41:47
14.71010	-60.91516	0	32	2021-12-14T10:46:48
14.71010	-60.91510	0	32	2021-12-14T10:51:48
14.71009	-60.91516	0	32	2021-12-14T11:01:47
14.71018	-60.91507	0	32	2021-12-14T11:06:47
14.71005	-60.91504	0	32	2021-12-14T11:21:50
14.71001	-60.91504	0	32	2021-12-14T11:36:45
14.71014	-60.91513	0	32	2021-12-14T11:46:44
14.70993	-60.91522	0	32	2021-12-14T11:51:47
14.71001	-60.91531	0	32	2021-12-14T12:01:49
14.70992	-60.91522	0	32	2021-12-14T12:06:50
14.70992	-60.91531	0	32	2021-12-14T12:11:50
14.71001	-60.91537	0	32	2021-12-14T12:51:36
14.70992	-60.91498	0	32	2021-12-14T13:52:08
14.71001	-60.91524	0	32	2021-12-14T13:57:09
14.71031	-60.91550	0	32	2021-12-14T14:02:09
14.71011	-60.91554	0	32	2021-12-14T14:11:28
14.71011	-60.91528	0	32	2021-12-14T14:21:27
14.71012	-60.91519	0	32	2021-12-14T14:46:24
14.71010	-60.91505	0	32	2021-12-14T14:59:29
14.71001	-60.91522	0	32	2021-12-14T15:04:28
14.70976	-60.91510	0	32	2021-12-14T15:36:17
14.70985	-60.91519	0	32	2021-12-14T15:41:17
14.70981	-60.91519	0	32	2021-12-14T15:46:17
14.71020	-60.91556	0	32	2021-12-14T16:21:13
14.71016	-60.91547	0	32	2021-12-14T16:26:13
14.71020	-60.91556	0	32	2021-12-14T16:31:13
14.70999	-60.91541	0	32	2021-12-14T16:51:03
14.71002	-60.91550	0	32	2021-12-14T17:15:59
14.70995	-60.91540	0	32	2021-12-14T17:24:45
14.70995	-60.91541	0	32	2021-12-14T17:26:02
14.70995	-60.91531	0	32	2021-12-14T17:34:46
14.70995	-60.91534	0	32	2021-12-14T17:36:11
14.70997	-60.91534	0	32	2021-12-14T17:50:58
14.71006	-60.91534	0	32	2021-12-14T17:55:59
14.71000	-60.91532	0	32	2021-12-14T18:01:03
14.71004	-60.91541	0	32	2021-12-14T18:06:04
14.71003	-60.91537	0	32	2021-12-14T18:36:02
14.71007	-60.91533	0	32	2021-12-14T19:06:02
14.71007	-60.91516	0	32	2021-12-14T19:16:01
14.71003	-60.91532	0	32	2021-12-14T20:16:07
14.71000	-60.91528	0	32	2021-12-14T20:20:56
14.71007	-60.91541	0	32	2021-12-14T20:26:08
14.70995	-60.91525	0	32	2021-12-14T21:06:00
14.70989	-60.91494	0	32	2021-12-14T22:35:59
14.70991	-60.91489	0	32	2021-12-14T22:38:04
14.71006	-60.91528	0	32	2021-12-14T22:45:58
14.71008	-60.91553	0	32	2021-12-14T23:06:12
14.71008	-60.91562	0	32	2021-12-14T23:16:11
14.70990	-60.91519	0	32	2021-12-15T00:15:51
14.70998	-60.91536	0	32	2021-12-15T00:45:52
14.70985	-60.91519	0	32	2021-12-15T00:50:53
14.70985	-60.91510	0	32	2021-12-15T00:55:53
14.70987	-60.91482	0	32	2021-12-15T01:25:47
14.71000	-60.91516	0	32	2021-12-15T01:30:48
14.71000	-60.91525	0	32	2021-12-15T01:35:48
14.70992	-60.91563	0	32	2021-12-15T01:56:16
14.70992	-60.91537	0	32	2021-12-15T02:06:17
14.70989	-60.91541	0	32	2021-12-15T02:30:51
14.70992	-60.91522	0	32	2021-12-15T02:35:36
14.70992	-60.91531	0	32	2021-12-15T02:40:36
14.70994	-60.91531	0	32	2021-12-15T02:45:41
14.70996	-60.91541	0	32	2021-12-15T04:45:39
14.71005	-60.91541	0	32	2021-12-15T04:50:39
14.71001	-60.91541	0	32	2021-12-15T04:55:39
14.71004	-60.91539	0	32	2021-12-15T05:15:43
14.71017	-60.91513	0	32	2021-12-15T05:20:42
14.71007	-60.91550	0	32	2021-12-15T05:25:42
14.71007	-60.91541	0	32	2021-12-15T05:30:42
14.71009	-60.91541	0	32	2021-12-15T05:35:43
14.71003	-60.91528	0	32	2021-12-15T05:45:41
14.71003	-60.91537	0	32	2021-12-15T05:50:42
14.70999	-60.91528	0	32	2021-12-15T05:55:42
14.71006	-60.91547	0	32	2021-12-15T08:15:21
14.71003	-60.91544	0	32	2021-12-15T08:20:21
14.71006	-60.91547	0	32	2021-12-15T08:25:22
14.71001	-60.91547	0	32	2021-12-15T08:50:20
14.71001	-60.91568	0	32	2021-12-15T09:00:29
14.71010	-60.91568	0	32	2021-12-15T09:05:29
14.71007	-60.91539	0	32	2021-12-15T10:00:11
14.71020	-60.91522	0	32	2021-12-15T10:10:10
14.71007	-60.91516	0	32	2021-12-15T10:15:57
14.71022	-60.91525	0	32	2021-12-15T11:15:59
14.71014	-60.91507	0	32	2021-12-15T11:30:19
14.71014	-60.91541	0	32	2021-12-15T11:35:19
14.71010	-60.91541	0	32	2021-12-15T11:40:18
14.71013	-60.91525	0	32	2021-12-15T11:45:17
14.71009	-60.91534	0	32	2021-12-15T11:50:16
14.71009	-60.91537	0	32	2021-12-15T11:55:05
14.70984	-60.91531	0	32	2021-12-15T12:16:18
14.70983	-60.91525	0	32	2021-12-15T12:50:14
14.70970	-60.91516	0	32	2021-12-15T12:55:14
14.70991	-60.91525	0	32	2021-12-15T13:00:14
14.71026	-60.91553	0	32	2021-12-15T13:20:08
14.71017	-60.91553	0	32	2021-12-15T13:25:08
14.71021	-60.91553	0	32	2021-12-15T13:30:09
14.71026	-60.91565	0	32	2021-12-15T13:40:07
14.71026	-60.91574	0	32	2021-12-15T13:50:08
14.71009	-60.91534	0	32	2021-12-15T13:55:09
14.71004	-60.91514	0	32	2021-12-15T14:00:11
14.71017	-60.91531	0	32	2021-12-15T14:05:11
14.70999	-60.91527	0	32	2021-12-15T14:20:09
14.70995	-60.91510	0	32	2021-12-15T14:25:08
14.70995	-60.91519	0	32	2021-12-15T14:30:08
14.70993	-60.91551	0	32	2021-12-15T14:39:58
14.70993	-60.91525	0	32	2021-12-15T14:44:58
14.70989	-60.91525	0	32	2021-12-15T14:49:58
14.70991	-60.91531	0	32	2021-12-15T15:09:48
14.70979	-60.91534	0	32	2021-12-15T15:39:45
14.70988	-60.91534	0	32	2021-12-15T15:44:45
14.70988	-60.91525	0	32	2021-12-15T15:49:44
14.70995	-60.91542	0	32	2021-12-15T16:09:39
14.70995	-60.91525	0	32	2021-12-15T16:14:39
14.70995	-60.91516	0	32	2021-12-15T16:19:39
14.70995	-60.91531	0	32	2021-12-15T16:44:43
14.70995	-60.91525	0	32	2021-12-15T16:54:47
14.70996	-60.91531	0	32	2021-12-15T16:59:43
14.70997	-60.91528	0	32	2021-12-15T17:19:43
14.71000	-60.91531	0	32	2021-12-15T17:29:45
14.70996	-60.91522	0	32	2021-12-15T17:34:46
14.70996	-60.91531	0	32	2021-12-15T17:39:46
14.70997	-60.91541	0	32	2021-12-15T17:49:44
14.71001	-60.91541	0	32	2021-12-15T17:59:45
14.71000	-60.91534	0	32	2021-12-15T18:29:47
14.70996	-60.91534	0	32	2021-12-15T18:34:47
14.71000	-60.91534	0	32	2021-12-15T18:39:46
14.71011	-60.91534	0	32	2021-12-15T18:59:43
14.71002	-60.91534	0	32	2021-12-15T19:04:42
14.71006	-60.91525	0	32	2021-12-15T19:09:43
14.71008	-60.91550	0	32	2021-12-15T19:14:44
14.71004	-60.91516	0	32	2021-12-15T19:19:44
14.71001	-60.91522	0	32	2021-12-15T19:49:42
14.71000	-60.91528	0	32	2021-12-15T20:09:45
14.71001	-60.91525	0	32	2021-12-15T20:14:49
14.70988	-60.91525	0	32	2021-12-15T20:24:48
14.70995	-60.91534	0	32	2021-12-15T20:29:48
14.70999	-60.91541	0	32	2021-12-15T20:54:48
14.71005	-60.91514	0	32	2021-12-15T21:24:43
14.71001	-60.91531	0	32	2021-12-15T21:29:43
14.71006	-60.91519	0	32	2021-12-15T21:34:43
14.71008	-60.91498	0	32	2021-12-15T21:59:41
14.71025	-60.91498	0	32	2021-12-15T22:04:42
14.71015	-60.91495	0	32	2021-12-15T22:09:42
14.71003	-60.91535	0	32	2021-12-15T23:04:37
14.71029	-60.91544	0	32	2021-12-15T23:09:37
14.71020	-60.91544	0	32	2021-12-15T23:14:37
14.71012	-60.91541	0	32	2021-12-16T00:49:20
14.71016	-60.91541	0	32	2021-12-16T00:54:20
14.71003	-60.91540	0	32	2021-12-16T01:24:10
14.71016	-60.91540	0	32	2021-12-16T01:29:11
14.71003	-60.91531	0	32	2021-12-16T01:34:11
14.70995	-60.91537	0	32	2021-12-16T02:01:20
14.70999	-60.91541	0	32	2021-12-16T02:04:18
14.70991	-60.91528	0	32	2021-12-16T02:11:21
14.70995	-60.91541	0	32	2021-12-16T02:14:15
14.70997	-60.91537	0	32	2021-12-16T02:34:19
14.70997	-60.91541	0	32	2021-12-16T04:35:53
14.71005	-60.91527	0	32	2021-12-16T04:53:49
14.71001	-60.91527	0	32	2021-12-16T04:58:49
14.71005	-60.91553	0	32	2021-12-16T05:03:49
14.70994	-60.91556	0	32	2021-12-16T05:28:51
14.71000	-60.91547	0	32	2021-12-16T05:43:46
14.70999	-60.91538	0	32	2021-12-16T06:34:52
14.70995	-60.91547	0	32	2021-12-16T06:44:51
14.70995	-60.91541	0	32	2021-12-16T06:58:57
14.70999	-60.91541	0	32	2021-12-16T07:03:56
14.71003	-60.91541	0	32	2021-12-16T07:08:56
14.71006	-60.91519	0	32	2021-12-16T07:49:03
14.71001	-60.91550	0	32	2021-12-16T08:24:01
14.70998	-60.91543	0	32	2021-12-16T08:28:58
14.71002	-60.91534	0	32	2021-12-16T08:33:59
14.71001	-60.91553	0	32	2021-12-16T08:49:13
14.71005	-60.91553	0	32	2021-12-16T08:54:13
14.71001	-60.91553	0	32	2021-12-16T08:59:12
14.71017	-60.91489	0	32	2021-12-16T10:33:56
14.71010	-60.91522	0	32	2021-12-16T11:18:57
14.71014	-60.91522	0	32	2021-12-16T11:23:58
14.71024	-60.91524	0	32	2021-12-16T11:34:06
14.71003	-60.91541	0	32	2021-12-16T11:39:05
14.71007	-60.91550	0	32	2021-12-16T11:44:05
14.70993	-60.91522	0	32	2021-12-16T11:55:05
14.71003	-60.91547	0	32	2021-12-16T13:03:48
14.71012	-60.91510	0	32	2021-12-16T13:55:51
14.70985	-60.91531	0	32	2021-12-16T15:18:45
14.71001	-60.91537	0	32	2021-12-16T16:03:39
14.70991	-60.91534	0	32	2021-12-16T16:38:19
14.70995	-60.91534	0	32	2021-12-16T16:43:20
14.70995	-60.91525	0	32	2021-12-16T16:48:20
14.70998	-60.91551	0	32	2021-12-16T16:54:00
14.70994	-60.91525	0	32	2021-12-16T16:59:01
14.70994	-60.91515	0	32	2021-12-16T17:18:17
14.70990	-60.91498	0	32	2021-12-16T17:23:16
14.70999	-60.91537	0	32	2021-12-16T18:37:58
14.70995	-60.91531	0	32	2021-12-16T19:49:15
14.70992	-60.91534	0	32	2021-12-16T19:55:13
14.70990	-60.91531	0	32	2021-12-16T19:58:03
14.70994	-60.91547	0	32	2021-12-16T20:18:05
14.70994	-60.91550	0	32	2021-12-16T20:22:59
14.70994	-60.91541	0	32	2021-12-16T20:27:59
14.70991	-60.91541	0	32	2021-12-16T20:47:59
14.70991	-60.91532	0	32	2021-12-16T20:52:58
14.70991	-60.91541	0	32	2021-12-16T20:57:58
14.70980	-60.91529	0	32	2021-12-16T21:27:54
14.70993	-60.91512	0	32	2021-12-16T21:32:53
14.70976	-60.91495	0	32	2021-12-16T21:37:53
14.70997	-60.91467	0	32	2021-12-16T22:07:55
14.70999	-60.91457	0	32	2021-12-16T22:13:06
14.70999	-60.91440	0	32	2021-12-16T22:18:05
14.71002	-60.91440	0	32	2021-12-16T22:28:02
14.71011	-60.91541	0	32	2021-12-16T22:48:01
14.71011	-60.91536	0	32	2021-12-16T23:07:58
14.71002	-60.91536	0	32	2021-12-16T23:12:58
14.71011	-60.91553	0	32	2021-12-16T23:17:59
14.71004	-60.91553	0	32	2021-12-17T00:57:37
14.70996	-60.91531	0	32	2021-12-17T01:22:41
14.70996	-60.91540	0	32	2021-12-17T01:27:41
14.70996	-60.91531	0	32	2021-12-17T01:32:40
14.70994	-60.91489	0	32	2021-12-17T01:37:35
14.70989	-60.91537	0	32	2021-12-17T02:12:32
14.70982	-60.91531	0	32	2021-12-17T03:07:33
14.71003	-60.91531	0	32	2021-12-17T03:12:34
14.70994	-60.91531	0	32	2021-12-17T03:17:34
14.71022	-60.91547	0	32	2021-12-17T03:48:18
14.71013	-60.91547	0	32	2021-12-17T03:53:18
14.71009	-60.91547	0	32	2021-12-17T03:58:17
14.71003	-60.91561	0	32	2021-12-17T04:17:26
14.71003	-60.91544	0	32	2021-12-17T04:27:27
14.70999	-60.91537	0	32	2021-12-17T04:47:24
14.71003	-60.91537	0	32	2021-12-17T04:52:24
14.71001	-60.91536	0	32	2021-12-17T04:57:25
14.71001	-60.91553	0	32	2021-12-17T05:02:25
14.71001	-60.91541	0	32	2021-12-17T05:07:25
14.71000	-60.91539	0	32	2021-12-17T05:17:24
14.71000	-60.91556	0	32	2021-12-17T05:22:24
14.71004	-60.91547	0	32	2021-12-17T05:27:23
14.70991	-60.91547	0	32	2021-12-17T06:47:21
14.70986	-60.91553	0	32	2021-12-17T06:52:21
14.71004	-60.91550	0	32	2021-12-17T07:07:27
14.71004	-60.91534	0	32	2021-12-17T07:12:27
14.70995	-60.91541	0	32	2021-12-17T07:17:26
14.71022	-60.91531	0	32	2021-12-17T07:37:32
14.71021	-60.91510	0	32	2021-12-17T07:42:30
14.71034	-60.91510	0	32	2021-12-17T07:47:30
14.71025	-60.91501	0	32	2021-12-17T07:52:31
14.71046	-60.91504	0	32	2021-12-17T07:57:32
14.71013	-60.91508	0	32	2021-12-17T08:07:34
14.70992	-60.91508	0	32	2021-12-17T08:12:35
14.71005	-60.91525	0	32	2021-12-17T08:17:35
14.71007	-60.91522	0	32	2021-12-17T08:22:43
14.71007	-60.91531	0	32	2021-12-17T08:32:42
14.71001	-60.91541	0	32	2021-12-17T08:52:45
14.71001	-60.91550	0	32	2021-12-17T08:57:46
14.71008	-60.91531	0	32	2021-12-17T09:42:27
14.71006	-60.91519	0	32	2021-12-17T10:17:26
14.71006	-60.91510	0	32	2021-12-17T10:27:27
14.71006	-60.91504	0	32	2021-12-17T10:32:25
14.71010	-60.91495	0	32	2021-12-17T10:42:26
14.71008	-60.91495	0	32	2021-12-17T10:58:14
14.71008	-60.91486	0	32	2021-12-17T11:08:13
14.71008	-60.91487	0	32	2021-12-17T11:12:22
14.71008	-60.91504	0	32	2021-12-17T11:17:21
14.70995	-60.91504	0	32	2021-12-17T11:22:21
14.71002	-60.91522	0	32	2021-12-17T11:27:29
14.70989	-60.91550	0	32	2021-12-17T11:47:20
14.71001	-60.91579	0	32	2021-12-17T12:42:03
14.70962	-60.91545	0	32	2021-12-17T12:47:02
14.71009	-60.91562	0	32	2021-12-17T12:52:02
14.71016	-60.91507	0	32	2021-12-17T14:01:57
14.71020	-60.91516	0	32	2021-12-17T14:06:56
14.71020	-60.91525	0	32	2021-12-17T14:11:56
14.71014	-60.91534	0	32	2021-12-17T14:16:57
14.71030	-60.91544	0	32	2021-12-17T14:32:08
14.71013	-60.91535	0	32	2021-12-17T14:37:08
14.71026	-60.91544	0	32	2021-12-17T14:42:08
14.71006	-60.91507	0	32	2021-12-17T16:26:57
14.70999	-60.91483	0	32	2021-12-17T16:46:51
14.70988	-60.91510	0	32	2021-12-17T17:01:51
14.70996	-60.91541	0	32	2021-12-17T17:07:45
14.70989	-60.91504	0	32	2021-12-17T17:11:51
14.70997	-60.91528	0	32	2021-12-17T17:26:48
14.71001	-60.91537	0	32	2021-12-17T17:31:48
14.70980	-60.91513	0	32	2021-12-17T17:46:47
14.70996	-60.91531	0	32	2021-12-17T18:12:22
14.70979	-60.91544	0	32	2021-12-17T19:16:50
14.70974	-60.91541	0	32	2021-12-17T19:31:56
14.70970	-60.91541	0	32	2021-12-17T19:41:55
14.70961	-60.91544	0	32	2021-12-17T19:56:45
14.70965	-60.91544	0	32	2021-12-17T20:01:44
14.70965	-60.91531	0	32	2021-12-18T02:46:35
14.70960	-60.91574	0	32	2021-12-18T04:16:31
14.70956	-60.91574	0	32	2021-12-18T04:21:32
14.70960	-60.91574	0	32	2021-12-18T04:26:32
14.70955	-60.91553	0	32	2021-12-18T05:36:26
14.70993	-60.91522	0	32	2021-12-18T16:54:54
14.70978	-60.91556	0	32	2021-12-18T17:38:41
14.70971	-60.91550	0	32	2021-12-18T18:05:02
14.70980	-60.91550	0	32	2021-12-18T18:10:03
14.70971	-60.91541	0	32	2021-12-18T18:15:03
14.70937	-60.91525	0	32	2021-12-18T18:32:17
14.70967	-60.91534	0	32	2021-12-18T18:37:17
14.70963	-60.91534	0	32	2021-12-18T18:42:16
14.70963	-60.91531	0	32	2021-12-18T18:44:46
14.70961	-60.91535	0	32	2021-12-18T19:09:51
14.70970	-60.91544	0	32	2021-12-18T19:14:51
14.70953	-60.91553	0	32	2021-12-18T19:19:52
14.70963	-60.91534	0	32	2021-12-18T20:27:03
14.70952	-60.91501	0	32	2021-12-18T20:59:49
14.70965	-60.91527	0	32	2021-12-18T21:04:49
14.70956	-60.91510	0	32	2021-12-18T21:09:48
14.71005	-60.91468	0	32	2021-12-18T21:20:36
14.70992	-60.91451	0	32	2021-12-18T21:25:36
14.70962	-60.91537	0	32	2021-12-18T21:30:37
14.70979	-60.91519	0	32	2021-12-18T22:49:38
14.70977	-60.91541	0	32	2021-12-18T23:09:34
14.70981	-60.91558	0	32	2021-12-18T23:14:34
14.70981	-60.91541	0	32	2021-12-18T23:19:35
14.70975	-60.91541	0	32	2021-12-18T23:49:35
14.70979	-60.91541	0	32	2021-12-18T23:54:34
14.70970	-60.91541	0	32	2021-12-18T23:59:34
14.70988	-60.91536	0	32	2021-12-19T00:09:40
14.70988	-60.91553	0	32	2021-12-19T00:14:40
14.70979	-60.91553	0	32	2021-12-19T00:19:39
14.70978	-60.91559	0	32	2021-12-19T00:24:35
14.70971	-60.91542	0	32	2021-12-19T00:54:36
14.70971	-60.91559	0	32	2021-12-19T01:04:37
14.70965	-60.91541	0	32	2021-12-19T01:44:37
14.70956	-60.91541	0	32	2021-12-19T01:49:37
14.70965	-60.91544	0	32	2021-12-19T02:04:29
14.70959	-60.91541	0	32	2021-12-19T02:09:30
14.70961	-60.91544	0	32	2021-12-19T02:14:29
14.70961	-60.91537	0	32	2021-12-19T02:19:31
14.70962	-60.91544	0	32	2021-12-19T02:29:30
14.70960	-60.91541	0	32	2021-12-19T02:49:26
14.70956	-60.91541	0	32	2021-12-19T03:04:27
14.70943	-60.91550	0	32	2021-12-19T03:09:27
14.70964	-60.91541	0	32	2021-12-19T03:14:26
14.70966	-60.91534	0	32	2021-12-19T03:25:16
14.70973	-60.91541	0	32	2021-12-19T03:29:24
14.70970	-60.91534	0	32	2021-12-19T03:35:15
14.70971	-60.91537	0	32	2021-12-19T03:39:29
14.70967	-60.91546	0	32	2021-12-19T03:44:29
14.70967	-60.91537	0	32	2021-12-19T03:49:28
14.70979	-60.91547	0	32	2021-12-19T04:24:26
14.70979	-60.91556	0	32	2021-12-19T04:29:58
14.70962	-60.91565	0	32	2021-12-19T04:34:58
14.70949	-60.91559	0	32	2021-12-19T05:19:23
14.70934	-60.91541	0	32	2021-12-19T05:54:26
14.70938	-60.91541	0	32	2021-12-19T05:59:27
14.70938	-60.91550	0	32	2021-12-19T06:04:27
14.70926	-60.91531	0	32	2021-12-19T06:09:21
14.70940	-60.91545	0	32	2021-12-19T06:25:10
14.70949	-60.91562	0	32	2021-12-19T06:30:10
14.70953	-60.91562	0	32	2021-12-19T06:35:10
14.70964	-60.91568	0	32	2021-12-19T06:39:30
14.70960	-60.91568	0	32	2021-12-19T06:44:30
14.70971	-60.91574	0	32	2021-12-19T07:14:29
14.70971	-60.91565	0	32	2021-12-19T07:19:29
14.70992	-60.91565	0	32	2021-12-19T07:24:30
14.70971	-60.91568	0	32	2021-12-19T07:29:31
14.70975	-60.91562	0	32	2021-12-19T07:39:48
14.70975	-60.91553	0	32	2021-12-19T07:44:48
14.70975	-60.91562	0	32	2021-12-19T07:49:48
14.70971	-60.91568	0	32	2021-12-19T07:54:46
14.70972	-60.91574	0	32	2021-12-19T07:59:44
14.70974	-60.91550	0	32	2021-12-19T08:19:34
14.70970	-60.91550	0	32	2021-12-19T08:24:33
14.70966	-60.91541	0	32	2021-12-19T08:29:33
14.70973	-60.91553	0	32	2021-12-19T08:34:45
14.70968	-60.91547	0	32	2021-12-19T08:54:33
14.70971	-60.91544	0	32	2021-12-19T08:59:33
14.70968	-60.91536	0	32	2021-12-19T09:04:36
14.70985	-60.91519	0	32	2021-12-19T09:09:36
14.70961	-60.91519	0	32	2021-12-19T09:14:34
14.70980	-60.91522	0	32	2021-12-19T09:24:35
14.70967	-60.91522	0	32	2021-12-19T09:29:35
14.70971	-60.91522	0	32	2021-12-19T09:34:35
14.70959	-60.91531	0	32	2021-12-19T10:09:30
14.70963	-60.91531	0	32	2021-12-19T10:14:29
14.71005	-60.91550	0	32	2021-12-19T10:29:58
14.70971	-60.91541	0	32	2021-12-19T10:34:58
14.70980	-60.91541	0	32	2021-12-19T10:39:58
14.70962	-60.91524	0	32	2021-12-19T11:14:34
14.70962	-60.91507	0	32	2021-12-19T11:19:34
14.70960	-60.91531	0	32	2021-12-19T11:24:32
14.70959	-60.91532	0	32	2021-12-19T11:34:42
14.70959	-60.91541	0	32	2021-12-19T11:44:43
14.70961	-60.91544	0	32	2021-12-19T11:59:42
14.70957	-60.91544	0	32	2021-12-19T12:04:43
14.70963	-60.91531	0	32	2021-12-19T12:19:30
14.70972	-60.91531	0	32	2021-12-19T12:24:27
14.70963	-60.91531	0	32	2021-12-19T12:29:31
14.70962	-60.91547	0	32	2021-12-19T12:34:33
14.70972	-60.91553	0	32	2021-12-19T12:40:35
14.70996	-60.91516	0	32	2021-12-19T13:04:30
14.71034	-60.91537	0	32	2021-12-19T13:09:45
14.70970	-60.91478	0	32	2021-12-19T13:34:30
14.70966	-60.91504	0	32	2021-12-19T13:39:29
14.70970	-60.91495	0	32	2021-12-19T13:44:29
14.70968	-60.91533	0	32	2021-12-19T14:04:35
14.70964	-60.91516	0	32	2021-12-19T14:09:34
14.70973	-60.91525	0	32	2021-12-19T14:14:34
14.70964	-60.91520	0	32	2021-12-19T14:24:37
14.70968	-60.91537	0	32	2021-12-19T14:29:37
14.70964	-60.91537	0	32	2021-12-19T14:34:38
14.70959	-60.91535	0	32	2021-12-19T14:44:47
14.70947	-60.91525	0	32	2021-12-19T14:49:40
14.70984	-60.91577	0	32	2021-12-19T14:54:48
14.70959	-60.91550	0	32	2021-12-19T15:04:36
14.70955	-60.91541	0	32	2021-12-19T15:14:37
14.70959	-60.91547	0	32	2021-12-19T15:19:34
14.70959	-60.91546	0	32	2021-12-19T15:54:28
14.70963	-60.91537	0	32	2021-12-19T15:59:29
14.70964	-60.91541	0	32	2021-12-19T16:24:26
14.70961	-60.91535	0	32	2021-12-19T16:29:24
14.70961	-60.91544	0	32	2021-12-19T16:39:25
14.70961	-60.91541	0	32	2021-12-19T17:04:26
14.70956	-60.91531	0	32	2021-12-19T17:19:22
14.70965	-60.91540	0	32	2021-12-19T17:24:21
14.70961	-60.91531	0	32	2021-12-19T17:29:21
14.70962	-60.91537	0	32	2021-12-19T17:34:23
14.70959	-60.91528	0	32	2021-12-19T17:59:20
14.70950	-60.91519	0	32	2021-12-19T18:04:20
14.70967	-60.91519	0	32	2021-12-19T18:09:21
14.70960	-60.91544	0	32	2021-12-19T19:19:01
14.70964	-60.91544	0	32	2021-12-19T19:24:00
14.70968	-60.91544	0	32	2021-12-19T19:29:00
14.70968	-60.91541	0	32	2021-12-19T19:44:03
14.70955	-60.91541	0	32	2021-12-19T19:49:03
14.70964	-60.91541	0	32	2021-12-19T19:54:04
14.70968	-60.91544	0	32	2021-12-19T20:24:06
14.70972	-60.91544	0	32	2021-12-19T20:29:06
14.70976	-60.91544	0	32	2021-12-19T20:34:07
14.70949	-60.91547	0	32	2021-12-19T21:11:54
14.70943	-60.91541	0	32	2021-12-19T21:27:40
14.70960	-60.91541	0	32	2021-12-19T21:37:40
14.70962	-60.91531	0	32	2021-12-19T21:39:25
14.70967	-60.91556	0	32	2021-12-19T22:34:07
14.70963	-60.91556	0	32	2021-12-19T22:39:06
14.70963	-60.91599	0	32	2021-12-19T22:44:06
14.70960	-60.91510	0	32	2021-12-19T23:54:06
14.70956	-60.91510	0	32	2021-12-19T23:59:06
14.70960	-60.91510	0	32	2021-12-20T00:04:05
14.70957	-60.91519	0	32	2021-12-20T00:09:06
14.70976	-60.91495	0	32	2021-12-20T00:19:18
14.70966	-60.91525	0	32	2021-12-20T00:24:03
14.70962	-60.91516	0	32	2021-12-20T00:29:02
14.70970	-60.91553	0	32	2021-12-20T00:56:17
14.70972	-60.91530	0	32	2021-12-20T01:04:02
14.70976	-60.91547	0	32	2021-12-20T01:09:01
14.70980	-60.91553	0	32	2021-12-20T01:34:04
14.70960	-60.91541	0	32	2021-12-20T02:08:56
14.70956	-60.91541	0	32	2021-12-20T02:13:56
14.70964	-60.91544	0	32	2021-12-20T02:33:58
14.70968	-60.91553	0	32	2021-12-20T02:38:57
14.70972	-60.91550	0	32	2021-12-20T02:54:03
14.70968	-60.91562	0	32	2021-12-20T03:09:01
14.70981	-60.91562	0	32	2021-12-20T03:14:01
14.70972	-60.91553	0	32	2021-12-20T03:19:00
14.70968	-60.91562	0	32	2021-12-20T03:33:55
14.70981	-60.91562	0	32	2021-12-20T03:38:55
14.70972	-60.91562	0	32	2021-12-20T03:43:56
14.70968	-60.91565	0	32	2021-12-20T03:48:57
14.70959	-60.91565	0	32	2021-12-20T03:53:58
14.70972	-60.91565	0	32	2021-12-20T03:58:58
14.70951	-60.91550	0	32	2021-12-20T04:29:00
14.70964	-60.91544	0	32	2021-12-20T04:59:36
14.70968	-60.91534	0	32	2021-12-20T05:03:59
14.70959	-60.91544	0	32	2021-12-20T05:09:36
14.70958	-60.91555	0	32	2021-12-20T05:23:58
14.70961	-60.91568	0	32	2021-12-20T05:28:58
14.70949	-60.91547	0	32	2021-12-20T05:33:59
14.70937	-60.91571	0	32	2021-12-20T05:49:16
14.70962	-60.91556	0	32	2021-12-20T05:53:59
14.70945	-60.91547	0	32	2021-12-20T05:59:00
14.70937	-60.91546	0	32	2021-12-20T06:04:47
14.70941	-60.91537	0	32	2021-12-20T06:09:47
14.70958	-60.91541	0	32	2021-12-20T07:08:57
14.70962	-60.91541	0	32	2021-12-20T07:18:58
14.70960	-60.91547	0	32	2021-12-20T07:49:00
14.70964	-60.91538	0	32	2021-12-20T07:54:00
14.70968	-60.91547	0	32	2021-12-20T07:59:01
14.70971	-60.91544	0	32	2021-12-20T08:09:11
14.70962	-60.91544	0	32	2021-12-20T08:19:12
14.70971	-60.91547	0	32	2021-12-20T08:34:10
14.70965	-60.91544	0	32	2021-12-20T08:39:03
14.70963	-60.91537	0	32	2021-12-20T08:59:02
14.70963	-60.91547	0	32	2021-12-20T09:04:00
14.70955	-60.91547	0	32	2021-12-20T09:19:02
14.70957	-60.91540	0	32	2021-12-20T09:28:58
14.70961	-60.91540	0	32	2021-12-20T09:33:58
14.70965	-60.91531	0	32	2021-12-20T09:38:59
14.70948	-60.91541	0	32	2021-12-20T09:59:37
14.70961	-60.91541	0	32	2021-12-20T10:09:38
14.70965	-60.91544	0	32	2021-12-20T10:18:57
14.70990	-60.91553	0	32	2021-12-20T10:43:49
14.70999	-60.91553	0	32	2021-12-20T10:48:48
14.70971	-60.91544	0	32	2021-12-20T11:03:55
14.70975	-60.91553	0	32	2021-12-20T11:08:55
14.70979	-60.91553	0	32	2021-12-20T11:13:56
14.70964	-60.91557	0	32	2021-12-20T11:18:45
14.70964	-60.91540	0	32	2021-12-20T11:23:46
14.70964	-60.91531	0	32	2021-12-20T11:28:46
14.70960	-60.91543	0	32	2021-12-20T11:33:43
14.70956	-60.91534	0	32	2021-12-20T11:38:43
14.70958	-60.91548	0	32	2021-12-20T11:43:46
14.70958	-60.91531	0	32	2021-12-20T11:48:46
14.70965	-60.91541	0	32	2021-12-20T11:53:43
14.70968	-60.91541	0	32	2021-12-20T12:33:34
14.70962	-60.91525	0	32	2021-12-20T12:59:11
14.70966	-60.91542	0	32	2021-12-20T13:04:11
14.70966	-60.91559	0	32	2021-12-20T13:09:12
14.70975	-60.91529	0	32	2021-12-20T13:33:18
14.70975	-60.91546	0	32	2021-12-20T13:38:18
14.70975	-60.91537	0	32	2021-12-20T13:43:17
14.70975	-60.91519	0	32	2021-12-20T13:48:17
14.70961	-60.91525	0	32	2021-12-20T14:18:18
14.70965	-60.91516	0	32	2021-12-20T14:23:19
14.70967	-60.91520	0	32	2021-12-20T15:03:10
14.70958	-60.91537	0	32	2021-12-20T15:08:11
14.70962	-60.91537	0	32	2021-12-20T15:13:11
14.70979	-60.91531	0	32	2021-12-20T15:18:08
14.70964	-60.91541	0	32	2021-12-20T15:28:08
14.70974	-60.91565	0	32	2021-12-20T15:53:10
14.70970	-60.91556	0	32	2021-12-20T16:03:09
14.70966	-60.91547	0	32	2021-12-20T16:59:11
14.70966	-60.91564	0	32	2021-12-20T17:04:10
14.70966	-60.91547	0	32	2021-12-20T17:09:10
14.70960	-60.91553	0	32	2021-12-20T17:23:00
14.70956	-60.91553	0	32	2021-12-20T17:28:00
14.70960	-60.91553	0	32	2021-12-20T17:33:00
14.70965	-60.91538	0	32	2021-12-20T17:42:59
14.70964	-60.91537	0	32	2021-12-20T17:48:00
14.70961	-60.91547	0	32	2021-12-20T17:52:58
14.70968	-60.91525	0	32	2021-12-20T18:07:57
14.70972	-60.91525	0	32	2021-12-20T18:12:57
14.70961	-60.91541	0	32	2021-12-20T18:18:00
14.70961	-60.91525	0	32	2021-12-20T18:43:10
14.70965	-60.91531	0	32	2021-12-20T18:52:57
14.70952	-60.91550	0	32	2021-12-20T19:48:21
14.70952	-60.91541	0	32	2021-12-20T19:58:22
14.70958	-60.91547	0	32	2021-12-20T20:27:56
14.70962	-60.91547	0	32	2021-12-20T20:32:56
14.70958	-60.91547	0	32	2021-12-20T20:37:55
14.70963	-60.91547	0	32	2021-12-20T20:42:55
14.70956	-60.91547	0	32	2021-12-20T21:02:55
14.70961	-60.91537	0	32	2021-12-20T21:33:00
14.70974	-60.91528	0	32	2021-12-20T21:38:00
14.70970	-60.91537	0	32	2021-12-20T21:42:59
14.70976	-60.91524	0	32	2021-12-20T21:58:04
14.70993	-60.91541	0	32	2021-12-20T22:03:05
14.70972	-60.91541	0	32	2021-12-20T22:08:05
14.70980	-60.91562	0	32	2021-12-20T22:23:13
14.70973	-60.91556	0	32	2021-12-20T22:53:06
14.70973	-60.91508	0	32	2021-12-20T23:23:03
14.70952	-60.91525	0	32	2021-12-20T23:33:02
14.70951	-60.91519	0	32	2021-12-20T23:43:07
14.70960	-60.91519	0	32	2021-12-20T23:48:07
14.70964	-60.91510	0	32	2021-12-20T23:53:07
14.70964	-60.91504	0	32	2021-12-21T00:58:01
14.70968	-60.91504	0	32	2021-12-21T01:03:01
14.70967	-60.91504	0	32	2021-12-21T01:13:03
14.70972	-60.91501	0	32	2021-12-21T01:28:12
14.70974	-60.91513	0	32	2021-12-21T01:44:53
14.70963	-60.91507	0	32	2021-12-21T01:48:09
14.70968	-60.91543	0	32	2021-12-21T02:53:02
14.70964	-60.91543	0	32	2021-12-21T02:58:02
14.70947	-60.91577	0	32	2021-12-21T03:03:03
14.71006	-60.91579	0	32	2021-12-21T03:13:12
14.70980	-60.91553	0	32	2021-12-21T03:18:12
14.71001	-60.91562	0	32	2021-12-21T03:23:11
14.70972	-60.91545	0	32	2021-12-21T04:23:16
14.70972	-60.91562	0	32	2021-12-21T04:33:17
14.70971	-60.91541	0	32	2021-12-21T05:03:14
14.70967	-60.91541	0	32	2021-12-21T05:08:13
14.70971	-60.91541	0	32	2021-12-21T05:13:13
14.70966	-60.91537	0	32	2021-12-21T05:23:11
14.70962	-60.91537	0	32	2021-12-21T05:33:12
14.70955	-60.91541	0	32	2021-12-21T05:38:10
14.70951	-60.91541	0	32	2021-12-21T06:03:14
14.70960	-60.91541	0	32	2021-12-21T06:08:15
14.70956	-60.91541	0	32	2021-12-21T06:13:15
14.70943	-60.91541	0	32	2021-12-21T06:18:21
14.70964	-60.91541	0	32	2021-12-21T06:23:21
14.70955	-60.91562	0	32	2021-12-21T06:38:21
14.70964	-60.91562	0	32	2021-12-21T06:43:21
14.70973	-60.91562	0	32	2021-12-21T06:48:22
14.70948	-60.91553	0	32	2021-12-21T07:22:57
14.70959	-60.91553	0	32	2021-12-21T07:32:59
14.70959	-60.91558	0	32	2021-12-21T07:58:03
14.70963	-60.91541	0	32	2021-12-21T08:03:04
14.70975	-60.91541	0	32	2021-12-21T08:13:16
14.70971	-60.91541	0	32	2021-12-21T08:18:15
14.70975	-60.91550	0	32	2021-12-21T08:23:15
14.70976	-60.91534	0	32	2021-12-21T08:28:15
14.70971	-60.91545	0	32	2021-12-21T08:33:16
14.70975	-60.91528	0	32	2021-12-21T08:38:16
14.70979	-60.91537	0	32	2021-12-21T08:43:15
14.70977	-60.91547	0	32	2021-12-21T08:48:14
14.70945	-60.91541	0	32	2021-12-21T09:23:09
14.70942	-60.91537	0	32	2021-12-21T09:28:10
14.70933	-60.91537	0	32	2021-12-21T09:33:09
14.70910	-60.91544	0	32	2021-12-21T09:33:11
14.70928	-60.91544	0	32	2021-12-21T09:43:10
14.70990	-60.91550	0	32	2021-12-21T10:42:55
14.70994	-60.91550	0	32	2021-12-21T10:47:54
14.70990	-60.91550	0	32	2021-12-21T10:52:55
14.70959	-60.91528	0	32	2021-12-21T11:23:00
14.70959	-60.91537	0	32	2021-12-21T11:37:47
14.70955	-60.91531	0	32	2021-12-21T11:52:49
14.70968	-60.91528	0	32	2021-12-21T11:59:04
14.70968	-60.91519	0	32	2021-12-21T12:04:04
14.70965	-60.91541	0	32	2021-12-21T12:37:48
14.70972	-60.91544	0	32	2021-12-21T12:59:37
14.70968	-60.91553	0	32	2021-12-21T13:04:37
14.70972	-60.91553	0	32	2021-12-21T13:07:49
14.70971	-60.91546	0	32	2021-12-21T13:32:48
14.70984	-60.91546	0	32	2021-12-21T13:37:48
14.70975	-60.91537	0	32	2021-12-21T13:42:49
14.70966	-60.91541	0	32	2021-12-21T14:12:45
14.70970	-60.91541	0	32	2021-12-21T14:17:44
14.70979	-60.91541	0	32	2021-12-21T14:22:44
14.70977	-60.91517	0	32	2021-12-21T14:32:43
14.70964	-60.91534	0	32	2021-12-21T14:37:43
14.70960	-60.91534	0	32	2021-12-21T14:42:44
14.70965	-60.91525	0	32	2021-12-21T14:48:09
14.70961	-60.91544	0	32	2021-12-21T15:12:45
14.70948	-60.91544	0	32	2021-12-21T15:17:45
14.70956	-60.91553	0	32	2021-12-21T15:27:44
14.70965	-60.91553	0	32	2021-12-21T15:52:48
14.70972	-60.91553	0	32	2021-12-21T16:09:27
14.70970	-60.91552	0	32	2021-12-21T17:02:42
14.70966	-60.91535	0	32	2021-12-21T17:07:42
14.70966	-60.91544	0	32	2021-12-21T17:12:43
14.70979	-60.91550	0	32	2021-12-21T17:17:44
14.70979	-60.91546	0	32	2021-12-21T17:27:40
14.70979	-60.91537	0	32	2021-12-21T17:32:39
14.70958	-60.91528	0	32	2021-12-21T17:37:39
14.70953	-60.91547	0	32	2021-12-21T18:07:40
14.70962	-60.91547	0	32	2021-12-21T18:12:40
14.70966	-60.91556	0	32	2021-12-21T18:17:39
14.70962	-60.91550	0	32	2021-12-21T18:22:44
14.70963	-60.91562	0	32	2021-12-21T19:27:35
14.70988	-60.91547	0	32	2021-12-21T21:07:40
14.70976	-60.91547	0	32	2021-12-21T21:47:55
14.70952	-60.91525	0	32	2021-12-21T23:17:51
14.70971	-60.91559	0	32	2021-12-22T02:47:51
14.70976	-60.91586	0	32	2021-12-22T03:02:56
14.70967	-60.91571	0	32	2021-12-22T03:27:45
14.70988	-60.91571	0	32	2021-12-22T03:32:45
14.70967	-60.91526	0	32	2021-12-22T04:47:45
14.70954	-60.91560	0	32	2021-12-22T04:52:44
14.70963	-60.91534	0	32	2021-12-22T04:57:44
14.70951	-60.91531	0	32	2021-12-22T05:42:40
14.70979	-60.91528	0	32	2021-12-22T08:31:33
14.70956	-60.91535	0	32	2021-12-22T09:37:56
14.70956	-60.91544	0	32	2021-12-22T09:42:55
14.70960	-60.91544	0	32	2021-12-22T09:47:55
14.70959	-60.91528	0	32	2021-12-22T10:17:57
14.70970	-60.91544	0	32	2021-12-22T11:18:11
14.70968	-60.91547	0	32	2021-12-22T11:23:04
14.70982	-60.91536	0	32	2021-12-22T11:53:05
14.70978	-60.91536	0	32	2021-12-22T11:58:05
14.70982	-60.91519	0	32	2021-12-22T12:03:05
14.70975	-60.91541	0	32	2021-12-22T13:42:59
14.70971	-60.91524	0	32	2021-12-22T13:47:58
14.70992	-60.91541	0	32	2021-12-22T13:52:58
14.70964	-60.91527	0	32	2021-12-22T15:22:59
14.70964	-60.91544	0	32	2021-12-22T15:27:59
14.70981	-60.91501	0	32	2021-12-22T15:33:00
14.70971	-60.91550	0	32	2021-12-22T17:21:04
14.70972	-60.91525	0	32	2021-12-22T20:07:27
14.70977	-60.91550	0	32	2021-12-22T20:22:32
14.70986	-60.91550	0	32	2021-12-22T20:27:32
14.70973	-60.91550	0	32	2021-12-22T20:32:31
14.70987	-60.91541	0	32	2021-12-22T21:02:40
14.70978	-60.91541	0	32	2021-12-22T21:07:41
14.70982	-60.91541	0	32	2021-12-22T21:12:41
14.70974	-60.91541	0	32	2021-12-22T21:17:49
14.70990	-60.91544	0	32	2021-12-22T23:17:24
14.70957	-60.91547	0	32	2021-12-22T23:22:21
14.70965	-60.91553	0	32	2021-12-22T23:27:23
14.70963	-60.91544	0	32	2021-12-23T01:18:00
14.70960	-60.91541	0	32	2021-12-23T01:52:15
14.70959	-60.91542	0	32	2021-12-23T02:02:18
14.70968	-60.91542	0	32	2021-12-23T02:07:18
14.70968	-60.91559	0	32	2021-12-23T02:12:18
14.70957	-60.91531	0	32	2021-12-23T02:18:22
14.70964	-60.91541	0	32	2021-12-23T02:27:14
14.70982	-60.91544	0	32	2021-12-23T04:02:38
14.70973	-60.91556	0	32	2021-12-23T06:41:56
14.70982	-60.91556	0	32	2021-12-23T06:46:56
14.70973	-60.91547	0	32	2021-12-23T06:51:55
14.70965	-60.91537	0	32	2021-12-23T08:26:58
14.70969	-60.91528	0	32	2021-12-23T08:31:57
14.70978	-60.91528	0	32	2021-12-23T08:36:57
14.70962	-60.91531	0	32	2021-12-23T09:41:36
14.70992	-60.91544	0	32	2021-12-23T10:21:43
14.70978	-60.91556	0	32	2021-12-23T10:56:52
14.70972	-60.91547	0	32	2021-12-23T11:01:55
14.70974	-60.91547	0	32	2021-12-23T11:06:51
14.70986	-60.91520	0	32	2021-12-23T11:56:49
14.70952	-60.91537	0	32	2021-12-23T12:01:49
14.70961	-60.91528	0	32	2021-12-23T12:06:49
14.70966	-60.91547	0	32	2021-12-23T12:26:54
14.70966	-60.91513	0	32	2021-12-23T12:31:55
14.70992	-60.91513	0	32	2021-12-23T12:36:55
14.70989	-60.91534	0	32	2021-12-23T13:11:43
14.70985	-60.91522	0	32	2021-12-23T13:16:43
14.70988	-60.91540	0	32	2021-12-23T13:41:38
14.70997	-60.91531	0	32	2021-12-23T13:46:37
14.70984	-60.91531	0	32	2021-12-23T13:51:37
14.71021	-60.91571	0	32	2021-12-23T14:16:27
14.70966	-60.91541	0	32	2021-12-23T18:56:16
14.70971	-60.91541	0	32	2021-12-23T21:19:53
14.70979	-60.91562	0	32	2021-12-23T22:16:00
14.70962	-60.91545	0	32	2021-12-23T22:21:00
14.70958	-60.91528	0	32	2021-12-23T22:25:59
14.70962	-60.91546	0	32	2021-12-23T22:41:02
14.70966	-60.91546	0	32	2021-12-23T22:46:02
14.70975	-60.91537	0	32	2021-12-23T22:51:03
14.70965	-60.91547	0	32	2021-12-23T23:10:59
14.70964	-60.91531	0	32	2021-12-24T00:13:43
14.70968	-60.91543	0	32	2021-12-24T01:11:22
14.70972	-60.91534	0	32	2021-12-24T01:16:21
14.70977	-60.91547	0	32	2021-12-24T02:50:33
14.70964	-60.91547	0	32	2021-12-24T03:00:32
14.70952	-60.91547	0	32	2021-12-24T03:05:30
14.70991	-60.91531	0	32	2021-12-24T04:00:42
14.70970	-60.91531	0	32	2021-12-24T04:05:42
14.70984	-60.91522	0	32	2021-12-24T04:10:40
14.70968	-60.91541	0	32	2021-12-24T04:40:34
14.70964	-60.91541	0	32	2021-12-24T04:50:35
14.70957	-60.91544	0	32	2021-12-24T05:40:33
14.70953	-60.91544	0	32	2021-12-24T05:50:33
14.70964	-60.91547	0	32	2021-12-24T07:00:23
14.70968	-60.91541	0	32	2021-12-24T07:50:36
14.70994	-60.91541	0	32	2021-12-24T07:55:36
14.70990	-60.91541	0	32	2021-12-24T08:00:37
14.70987	-60.91543	0	32	2021-12-24T08:30:26
14.70970	-60.91534	0	32	2021-12-24T08:40:25
14.70964	-60.91525	0	32	2021-12-24T09:00:24
14.70964	-60.91534	0	32	2021-12-24T09:10:23
14.70964	-60.91544	0	32	2021-12-24T09:40:13
14.70955	-60.91544	0	32	2021-12-24T09:45:13
14.70959	-60.91544	0	32	2021-12-24T09:50:14
14.70967	-60.91541	0	32	2021-12-24T10:10:10
14.70963	-60.91541	0	32	2021-12-24T10:15:11
14.70967	-60.91541	0	32	2021-12-24T10:40:07
14.70963	-60.91541	0	32	2021-12-24T10:45:07
14.70972	-60.91541	0	32	2021-12-24T10:50:06
14.70970	-60.91562	0	32	2021-12-24T11:10:19
14.70967	-60.91547	0	32	2021-12-24T11:20:19
14.70971	-60.91530	0	32	2021-12-24T11:25:19
14.70967	-60.91547	0	32	2021-12-24T11:30:19
14.70989	-60.91525	0	32	2021-12-24T11:35:19
14.70970	-60.91550	0	32	2021-12-24T13:15:05
14.70966	-60.91541	0	32	2021-12-24T13:20:04
14.70970	-60.91550	0	32	2021-12-24T13:25:05
14.70969	-60.91542	0	32	2021-12-24T13:30:04
14.70969	-60.91551	0	32	2021-12-24T13:35:03
14.70965	-60.91534	0	32	2021-12-24T13:40:03
14.70965	-60.91561	0	32	2021-12-24T14:14:58
14.70978	-60.91510	0	32	2021-12-24T14:19:59
14.70965	-60.91544	0	32	2021-12-24T14:24:59
14.70962	-60.91547	0	32	2021-12-24T15:04:55
14.70960	-60.91555	0	32	2021-12-24T15:20:28
14.70934	-60.91546	0	32	2021-12-24T15:25:28
14.70960	-60.91537	0	32	2021-12-24T15:30:27
14.70966	-60.91540	0	32	2021-12-24T16:05:01
14.70966	-60.91531	0	32	2021-12-24T16:10:02
14.70958	-60.91559	0	32	2021-12-24T17:05:07
14.70958	-60.91550	0	32	2021-12-24T17:10:07
14.70967	-60.91550	0	32	2021-12-24T17:15:06
14.70962	-60.91528	0	32	2021-12-24T18:10:11
14.70975	-60.91537	0	32	2021-12-24T18:15:11
14.70971	-60.91537	0	32	2021-12-24T18:20:11
14.70956	-60.91541	0	32	2021-12-24T18:50:02
14.70960	-60.91541	0	32	2021-12-24T18:55:02
14.70956	-60.91541	0	32	2021-12-24T19:00:01
14.70970	-60.91531	0	32	2021-12-24T19:39:58
14.70972	-60.91541	0	32	2021-12-24T19:57:21
14.70963	-60.91541	0	32	2021-12-24T20:07:22
14.70979	-60.91528	0	32	2021-12-24T20:25:17
14.70970	-60.91537	0	32	2021-12-24T20:30:16
14.71146	-60.91391	0	32	2021-12-24T20:35:16
14.70962	-60.91544	0	32	2021-12-24T21:21:49
14.70972	-60.91547	0	32	2021-12-24T22:10:43
14.70968	-60.91547	0	32	2021-12-24T22:20:42
14.70974	-60.91557	0	32	2021-12-24T22:24:50
14.70961	-60.91531	0	32	2021-12-24T22:29:50
14.70980	-60.91577	0	32	2021-12-24T22:35:01
14.70979	-60.91558	0	32	2021-12-24T22:44:45
14.70970	-60.91532	0	32	2021-12-24T22:49:46
14.70966	-60.91541	0	32	2021-12-24T22:54:46
14.70957	-60.91559	0	32	2021-12-25T00:04:46
14.70961	-60.91559	0	32	2021-12-25T00:14:45
14.70972	-60.91553	0	32	2021-12-25T00:40:47
14.70974	-60.91553	0	32	2021-12-25T00:44:47
14.70966	-60.91550	0	32	2021-12-25T01:04:48
14.70967	-60.91553	0	32	2021-12-25T01:19:48
14.70961	-60.91547	0	32	2021-12-25T01:59:50
14.70958	-60.91547	0	32	2021-12-25T02:24:52
14.70961	-60.91547	0	32	2021-12-25T02:54:49
14.70957	-60.91547	0	32	2021-12-25T02:59:49
14.70966	-60.91547	0	32	2021-12-25T03:04:49
14.70965	-60.91553	0	32	2021-12-25T03:24:41
14.70974	-60.91553	0	32	2021-12-25T03:29:40
14.70980	-60.91553	0	32	2021-12-25T03:34:41
14.70968	-60.91553	0	32	2021-12-25T03:45:21
14.70972	-60.91553	0	32	2021-12-25T03:50:21
14.70968	-60.91553	0	32	2021-12-25T03:55:22
14.70961	-60.91542	0	32	2021-12-25T03:59:38
14.70965	-60.91542	0	32	2021-12-25T04:04:38
14.70965	-60.91559	0	32	2021-12-25T04:09:39
14.70963	-60.91543	0	32	2021-12-25T04:24:38
14.70963	-60.91534	0	32	2021-12-25T04:34:39
14.70961	-60.91537	0	32	2021-12-25T04:39:40
14.70962	-60.91547	0	32	2021-12-25T04:45:10
14.70958	-60.91547	0	32	2021-12-25T04:50:09
14.70959	-60.91541	0	32	2021-12-25T04:54:34
14.70957	-60.91556	0	32	2021-12-25T05:04:29
14.70957	-60.91547	0	32	2021-12-25T05:14:29
14.70959	-60.91547	0	32	2021-12-25T05:19:27
14.70954	-60.91544	0	32	2021-12-25T05:34:25
14.70941	-60.91544	0	32	2021-12-25T05:39:24
14.70950	-60.91544	0	32	2021-12-25T05:44:24
14.70960	-60.91547	0	32	2021-12-25T05:50:02
14.70975	-60.91556	0	32	2021-12-25T06:14:30
14.70971	-60.91556	0	32	2021-12-25T06:19:30
14.70988	-60.91547	0	32	2021-12-25T06:24:31
14.70977	-60.91550	0	32	2021-12-25T06:29:44
14.70977	-60.91559	0	32	2021-12-25T06:34:44
14.70971	-60.91541	0	32	2021-12-25T06:59:33
14.70975	-60.91541	0	32	2021-12-25T07:04:34
14.70976	-60.91547	0	32	2021-12-25T07:14:36
14.70967	-60.91547	0	32	2021-12-25T07:24:37
14.70970	-60.91541	0	32	2021-12-25T07:44:40
14.70961	-60.91541	0	32	2021-12-25T07:49:39
14.70952	-60.91541	0	32	2021-12-25T07:54:39
14.70961	-60.91547	0	32	2021-12-25T07:59:32
14.70961	-60.91531	0	32	2021-12-25T08:04:37
14.70957	-60.91547	0	32	2021-12-25T08:09:32
14.70955	-60.91553	0	32	2021-12-25T08:34:38
14.70951	-60.91553	0	32	2021-12-25T08:39:38
14.70947	-60.91553	0	32	2021-12-25T08:44:38
14.70960	-60.91541	0	32	2021-12-25T09:19:39
14.70960	-60.91547	0	32	2021-12-25T09:24:38
14.70961	-60.91550	0	32	2021-12-25T09:34:37
14.70961	-60.91541	0	32	2021-12-25T09:44:35
14.70962	-60.91541	0	32	2021-12-25T09:50:34
14.70961	-60.91541	0	32	2021-12-25T09:54:36
14.70956	-60.91541	0	32	2021-12-25T10:04:35
14.70960	-60.91541	0	32	2021-12-25T10:14:36
14.70960	-60.91550	0	32	2021-12-25T10:59:42
14.70964	-60.91550	0	32	2021-12-25T11:04:41
14.70963	-60.91547	0	32	2021-12-25T11:29:33
14.70966	-60.91547	0	32	2021-12-25T11:34:22
14.70959	-60.91547	0	32	2021-12-25T11:39:23
14.70964	-60.91535	0	32	2021-12-25T11:59:19
14.70964	-60.91544	0	32	2021-12-25T12:09:18
14.70971	-60.91530	0	32	2021-12-25T12:14:20
14.70962	-60.91547	0	32	2021-12-25T12:19:19
14.70966	-60.91547	0	32	2021-12-25T12:24:19
14.70967	-60.91537	0	32	2021-12-25T12:34:18
14.70967	-60.91528	0	32	2021-12-25T12:39:18
14.70967	-60.91519	0	32	2021-12-25T12:44:19
14.70972	-60.91519	0	32	2021-12-25T12:59:18
14.70976	-60.91519	0	32	2021-12-25T13:09:18
14.70974	-60.91525	0	32	2021-12-25T13:24:11
14.70995	-60.91525	0	32	2021-12-25T13:29:11
14.70980	-60.91540	0	32	2021-12-25T13:39:09
14.70989	-60.91531	0	32	2021-12-25T13:44:10
14.70985	-60.91531	0	32	2021-12-25T13:49:10
14.70987	-60.91556	0	32	2021-12-25T14:49:01
14.70966	-60.91547	0	32	2021-12-25T14:54:36
14.70962	-60.91547	0	32	2021-12-25T14:59:00
14.70965	-60.91562	0	32	2021-12-25T15:29:09
14.70963	-60.91547	0	32	2021-12-25T15:34:04
14.70948	-60.91553	0	32	2021-12-25T15:39:10
14.70967	-60.91544	0	32	2021-12-25T15:49:04
14.70950	-60.91544	0	32	2021-12-25T15:54:05
14.70989	-60.91544	0	32	2021-12-25T15:59:05
14.70972	-60.91547	0	32	2021-12-25T16:04:03
14.70976	-60.91559	0	32	2021-12-25T16:14:00
14.70982	-60.91538	0	32	2021-12-25T16:29:18
14.70986	-60.91547	0	32	2021-12-25T16:34:17
14.70990	-60.91547	0	32	2021-12-25T16:39:17
14.70970	-60.91547	0	32	2021-12-25T17:04:05
14.70967	-60.91525	0	32	2021-12-25T17:09:06
14.70972	-60.91537	0	32	2021-12-25T17:19:01
14.70968	-60.91537	0	32	2021-12-25T17:24:01
14.70962	-60.91541	0	32	2021-12-25T17:38:59
14.70971	-60.91541	0	32	2021-12-25T17:43:58
14.70967	-60.91541	0	32	2021-12-25T17:48:58
14.70974	-60.91547	0	32	2021-12-25T17:53:55
14.70957	-60.91547	0	32	2021-12-25T17:58:56
14.70967	-60.91528	0	32	2021-12-25T18:28:50
14.70959	-60.91528	0	32	2021-12-25T18:38:50
14.70960	-60.91531	0	32	2021-12-25T18:48:53
14.70952	-60.91537	0	32	2021-12-25T19:08:53
14.70946	-60.91531	0	32	2021-12-25T19:19:33
14.70950	-60.91531	0	32	2021-12-25T19:24:34
14.70946	-60.91531	0	32	2021-12-25T19:29:34
14.70948	-60.91519	0	32	2021-12-25T19:34:01
14.70944	-60.91519	0	32	2021-12-25T19:39:01
14.70957	-60.91519	0	32	2021-12-25T19:44:02
14.70960	-60.91544	0	32	2021-12-25T19:49:04
14.70963	-60.91540	0	32	2021-12-25T19:53:53
14.70976	-60.91531	0	32	2021-12-25T19:58:53
14.70961	-60.91543	0	32	2021-12-25T20:03:53
14.70974	-60.91534	0	32	2021-12-25T20:08:52
14.70961	-60.91541	0	32	2021-12-25T20:43:56
14.70957	-60.91541	0	32	2021-12-25T20:48:55
14.70957	-60.91544	0	32	2021-12-25T21:04:17
14.70961	-60.91544	0	32	2021-12-25T21:14:18
14.70968	-60.91537	0	32	2021-12-25T21:18:56
14.70979	-60.91547	0	32	2021-12-25T21:29:02
14.70966	-60.91547	0	32	2021-12-25T21:39:03
14.70969	-60.91538	0	32	2021-12-25T21:44:29
14.70973	-60.91547	0	32	2021-12-25T21:54:28
14.70971	-60.91528	0	32	2021-12-25T21:59:02
14.70961	-60.91516	0	32	2021-12-25T22:19:01
14.70960	-60.91553	0	32	2021-12-25T22:23:56
14.70969	-60.91562	0	32	2021-12-25T22:28:56
14.70965	-60.91553	0	32	2021-12-25T22:33:57
14.70970	-60.91534	0	32	2021-12-25T22:38:57
14.70969	-60.91531	0	32	2021-12-25T22:48:56
14.70973	-60.91531	0	32	2021-12-25T22:53:56
14.70977	-60.91531	0	32	2021-12-25T22:58:57
14.70965	-60.91519	0	32	2021-12-25T23:23:47
14.70961	-60.91528	0	32	2021-12-25T23:28:47
14.70961	-60.91519	0	32	2021-12-25T23:33:48
14.70976	-60.91528	0	32	2021-12-25T23:58:48
14.70979	-60.91528	0	32	2021-12-26T00:03:46
14.70972	-60.91537	0	32	2021-12-26T00:08:47
14.70968	-60.91556	0	32	2021-12-26T00:43:51
14.70968	-60.91565	0	32	2021-12-26T00:48:50
14.70967	-60.91553	0	32	2021-12-26T01:08:44
14.70965	-60.91547	0	32	2021-12-26T01:23:36
14.70966	-60.91541	0	32	2021-12-26T01:48:32
14.70970	-60.91541	0	32	2021-12-26T01:53:33
14.70962	-60.91550	0	32	2021-12-26T02:23:29
14.70958	-60.91550	0	32	2021-12-26T02:28:28
14.70960	-60.91550	0	32	2021-12-26T02:33:24
14.70955	-60.91535	0	32	2021-12-26T02:53:21
14.70964	-60.91544	0	32	2021-12-26T03:03:22
14.70963	-60.91553	0	32	2021-12-26T03:08:20
14.70964	-60.91547	0	32	2021-12-26T03:38:24
14.70964	-60.91550	0	32	2021-12-26T03:43:24
14.70963	-60.91553	0	32	2021-12-26T03:59:17
14.70956	-60.91536	0	32	2021-12-26T04:03:32
14.70956	-60.91562	0	32	2021-12-26T04:08:32
14.70953	-60.91559	0	32	2021-12-26T04:13:34
14.70949	-60.91568	0	32	2021-12-26T04:18:35
14.70958	-60.91541	0	32	2021-12-26T04:23:34
14.70962	-60.91541	0	32	2021-12-26T04:33:29
14.70957	-60.91544	0	32	2021-12-26T04:38:31
14.70958	-60.91541	0	32	2021-12-26T04:43:28
14.70955	-60.91553	0	32	2021-12-26T05:08:24
14.70951	-60.91544	0	32	2021-12-26T05:13:24
14.70951	-60.91553	0	32	2021-12-26T05:18:23
14.70947	-60.91541	0	32	2021-12-26T05:49:06
14.70943	-60.91541	0	32	2021-12-26T05:59:06
14.70951	-60.91553	0	32	2021-12-26T06:33:43
14.70953	-60.91556	0	32	2021-12-26T06:38:43
14.70957	-60.91556	0	32	2021-12-26T06:43:44
14.70953	-60.91556	0	32	2021-12-26T06:48:44
14.70962	-60.91541	0	32	2021-12-26T06:58:35
14.70958	-60.91541	0	32	2021-12-26T07:03:36
14.70962	-60.91541	0	32	2021-12-26T07:08:36
14.70963	-60.91547	0	32	2021-12-26T07:13:35
14.70970	-60.91541	0	32	2021-12-26T07:18:35
14.70961	-60.91541	0	32	2021-12-26T07:28:36
14.70967	-60.91531	0	32	2021-12-26T07:33:33
14.70960	-60.91528	0	32	2021-12-26T07:53:33
14.70962	-60.91531	0	32	2021-12-26T08:03:31
14.70966	-60.91548	0	32	2021-12-26T08:08:32
14.70957	-60.91531	0	32	2021-12-26T08:13:32
14.70961	-60.91531	0	32	2021-12-26T08:48:31
14.70965	-60.91525	0	32	2021-12-26T09:18:27
14.70961	-60.91525	0	32	2021-12-26T09:23:25
14.70956	-60.91528	0	32	2021-12-26T09:28:26
14.70964	-60.91519	0	32	2021-12-26T09:33:23
14.70962	-60.91531	0	32	2021-12-26T09:38:24
14.70964	-60.91528	0	32	2021-12-26T09:43:22
14.70958	-60.91531	0	32	2021-12-26T09:48:25
14.70968	-60.91524	0	32	2021-12-26T09:53:24
14.70964	-60.91541	0	32	2021-12-26T09:58:24
14.70960	-60.91541	0	32	2021-12-26T10:03:25
14.70960	-60.91544	0	32	2021-12-26T10:18:27
14.70962	-60.91541	0	32	2021-12-26T10:23:27
14.70961	-60.91541	0	32	2021-12-26T10:43:23
14.70959	-60.91539	0	32	2021-12-26T10:58:15
14.70959	-60.91513	0	32	2021-12-26T11:03:16
14.70971	-60.91517	0	32	2021-12-26T12:08:12
14.70967	-60.91534	0	32	2021-12-26T12:13:12
14.70969	-60.91519	0	32	2021-12-26T12:28:15
14.70976	-60.91522	0	32	2021-12-26T12:33:16
14.70973	-60.91519	0	32	2021-12-26T12:38:16
14.70974	-60.91513	0	32	2021-12-26T12:43:10
14.70970	-60.91510	0	32	2021-12-26T12:48:10
14.70974	-60.91513	0	32	2021-12-26T12:53:11
14.70963	-60.91531	0	32	2021-12-26T13:03:06
14.70967	-60.91531	0	32	2021-12-26T13:08:06
14.70963	-60.91531	0	32	2021-12-26T13:18:05
14.70971	-60.91525	0	32	2021-12-26T13:23:07
14.70971	-60.91542	0	32	2021-12-26T13:28:02
14.70980	-60.91525	0	32	2021-12-26T13:33:03
14.70975	-60.91528	0	32	2021-12-26T13:43:05
14.70976	-60.91538	0	32	2021-12-26T13:48:06
14.70963	-60.91547	0	32	2021-12-26T13:53:06
14.70979	-60.91547	0	32	2021-12-26T13:58:07
14.70966	-60.91537	0	32	2021-12-26T14:23:07
14.70970	-60.91522	0	32	2021-12-26T14:28:07
14.70960	-60.91547	0	32	2021-12-26T14:33:04
14.70958	-60.91544	0	32	2021-12-26T14:53:47
14.70962	-60.91544	0	32	2021-12-26T15:03:46
14.70959	-60.91554	0	32	2021-12-26T15:13:19
14.70950	-60.91537	0	32	2021-12-26T15:18:18
14.70911	-60.91537	0	32	2021-12-26T15:23:18
14.70954	-60.91550	0	32	2021-12-26T15:32:55
14.70945	-60.91541	0	32	2021-12-26T15:37:54
14.70959	-60.91513	0	32	2021-12-26T15:42:54
14.70966	-60.91521	0	32	2021-12-26T15:54:09
14.70962	-60.91530	0	32	2021-12-26T15:59:09
14.70962	-60.91547	0	32	2021-12-26T16:04:08
14.70963	-60.91561	0	32	2021-12-26T16:12:44
14.70980	-60.91544	0	32	2021-12-26T16:17:44
14.70974	-60.91531	0	32	2021-12-26T16:22:45
14.70964	-60.91538	0	32	2021-12-26T16:32:58
14.70964	-60.91547	0	32	2021-12-26T16:37:57
14.70960	-60.91556	0	32	2021-12-26T16:42:57
14.70959	-60.91507	0	32	2021-12-26T16:47:47
14.70964	-60.91547	0	32	2021-12-26T17:22:51
14.70967	-60.91541	0	32	2021-12-26T17:52:49
14.70971	-60.91541	0	32	2021-12-26T18:07:48
14.70980	-60.91541	0	32	2021-12-26T18:12:49
14.70977	-60.91537	0	32	2021-12-26T18:27:47
14.70973	-60.91537	0	32	2021-12-26T18:32:47
14.70974	-60.91541	0	32	2021-12-26T18:42:45
14.70970	-60.91541	0	32	2021-12-26T19:30:54
14.70959	-60.91513	0	32	2021-12-26T19:33:02
14.70963	-60.91531	0	32	2021-12-26T19:37:59
14.70972	-60.91541	0	32	2021-12-26T19:42:53
14.70963	-60.91537	0	32	2021-12-26T19:52:35
14.70972	-60.91537	0	32	2021-12-26T19:57:36
14.70980	-60.91541	0	32	2021-12-26T20:07:40
14.70963	-60.91541	0	32	2021-12-26T20:12:39
14.70959	-60.91541	0	32	2021-12-26T20:17:40
14.70957	-60.91544	0	32	2021-12-26T20:48:04
14.70953	-60.91553	0	32	2021-12-26T20:53:05
14.70965	-60.91537	0	32	2021-12-26T21:02:51
14.70962	-60.91537	0	32	2021-12-26T21:17:45
14.70966	-60.91537	0	32	2021-12-26T21:22:44
14.70962	-60.91541	0	32	2021-12-26T21:42:51
14.70967	-60.91556	0	32	2021-12-26T21:52:43
14.70954	-60.91530	0	32	2021-12-26T21:57:42
14.70971	-60.91556	0	32	2021-12-26T22:02:42
14.70966	-60.91547	0	32	2021-12-26T22:07:42
14.70957	-60.91531	0	32	2021-12-26T22:17:38
14.70953	-60.91531	0	32	2021-12-26T22:22:38
14.70965	-60.91553	0	32	2021-12-26T22:27:39
14.70966	-60.91531	0	32	2021-12-26T22:32:42
14.70975	-60.91574	0	32	2021-12-26T22:37:41
14.70967	-60.91547	0	32	2021-12-26T22:42:44
14.70963	-60.91547	0	32	2021-12-26T22:47:43
14.70966	-60.91531	0	32	2021-12-26T22:54:19
14.70977	-60.91556	0	32	2021-12-26T22:57:45
14.70976	-60.91559	0	32	2021-12-26T23:02:41
14.70985	-60.91559	0	32	2021-12-26T23:07:41
14.70970	-60.91541	0	32	2021-12-26T23:22:37
14.70970	-60.91567	0	32	2021-12-26T23:27:37
14.70970	-60.91541	0	32	2021-12-26T23:32:38
14.70973	-60.91544	0	32	2021-12-27T00:12:34
14.70970	-60.91537	0	32	2021-12-27T00:17:35
14.70968	-60.91547	0	32	2021-12-27T00:22:35
14.70971	-60.91515	0	32	2021-12-27T00:27:33
14.70967	-60.91541	0	32	2021-12-27T00:32:33
14.70968	-60.91525	0	32	2021-12-27T00:47:28
14.70965	-60.91531	0	32	2021-12-27T00:52:29
14.70964	-60.91525	0	32	2021-12-27T00:57:28
14.70962	-60.91528	0	32	2021-12-27T01:02:29
14.70966	-60.91537	0	32	2021-12-27T01:12:28
14.70965	-60.91541	0	32	2021-12-27T01:17:26
14.70966	-60.91544	0	32	2021-12-27T01:27:23
14.70966	-60.91537	0	32	2021-12-27T01:32:23
14.70966	-60.91544	0	32	2021-12-27T01:37:22
14.70971	-60.91537	0	32	2021-12-27T01:57:20
14.70971	-60.91562	0	32	2021-12-27T02:32:19
14.70985	-60.91559	0	32	2021-12-27T02:52:57
14.70989	-60.91559	0	32	2021-12-27T02:57:58
14.70963	-60.91568	0	32	2021-12-27T03:02:58
14.70964	-60.91562	0	32	2021-12-27T03:07:17
14.70960	-60.91562	0	32	2021-12-27T03:12:17
14.70964	-60.91562	0	32	2021-12-27T03:22:16
14.70964	-60.91565	0	32	2021-12-27T03:27:13
14.70970	-60.91568	0	32	2021-12-27T03:42:11
14.70970	-60.91565	0	32	2021-12-27T03:47:12
14.70957	-60.91568	0	32	2021-12-27T03:57:10
14.70957	-60.91556	0	32	2021-12-27T04:02:42
14.70953	-60.91568	0	32	2021-12-27T04:07:11
14.70957	-60.91554	0	32	2021-12-27T04:47:04
14.70966	-60.91537	0	32	2021-12-27T04:52:04
14.70957	-60.91528	0	32	2021-12-27T05:17:01
14.70953	-60.91531	0	32	2021-12-27T05:27:02
14.70955	-60.91525	0	32	2021-12-27T05:42:01
14.70959	-60.91525	0	32	2021-12-27T05:52:00
14.70952	-60.91525	0	32	2021-12-27T05:56:59
14.70947	-60.91541	0	32	2021-12-27T06:02:31
14.70953	-60.91550	0	32	2021-12-27T06:26:57
14.70957	-60.91541	0	32	2021-12-27T06:31:58
14.70960	-60.91553	0	32	2021-12-27T06:37:13
14.70958	-60.91562	0	32	2021-12-27T06:42:16
14.70958	-60.91553	0	32	2021-12-27T06:47:16
14.70958	-60.91562	0	32	2021-12-27T06:52:17
14.70957	-60.91562	0	32	2021-12-27T06:57:15
14.70959	-60.91550	0	32	2021-12-27T07:02:35
14.70962	-60.91544	0	32	2021-12-27T07:17:06
14.70962	-60.91541	0	32	2021-12-27T07:27:08
14.70964	-60.91537	0	32	2021-12-27T07:37:06
14.70969	-60.91558	0	32	2021-12-27T08:07:08
14.70956	-60.91541	0	32	2021-12-27T08:12:08
14.70965	-60.91550	0	32	2021-12-27T08:17:09
14.70954	-60.91550	0	32	2021-12-27T08:37:09
14.70950	-60.91559	0	32	2021-12-27T08:42:09
14.70946	-60.91559	0	32	2021-12-27T08:47:10
14.70954	-60.91559	0	32	2021-12-27T09:17:00
14.70952	-60.91562	0	32	2021-12-27T09:22:03
14.70958	-60.91550	0	32	2021-12-27T09:27:01
14.70962	-60.91553	0	32	2021-12-27T09:37:02
14.70971	-60.91553	0	32	2021-12-27T09:42:01
14.70975	-60.91553	0	32	2021-12-27T09:47:01
14.70986	-60.91550	0	32	2021-12-27T09:52:01
14.70964	-60.91544	0	32	2021-12-27T10:01:57
14.70960	-60.91544	0	32	2021-12-27T10:06:57
14.70963	-60.91547	0	32	2021-12-27T10:17:01
14.70959	-60.91547	0	32	2021-12-27T10:27:00
14.70962	-60.91541	0	32	2021-12-27T10:31:58
14.70959	-60.91544	0	32	2021-12-27T11:36:57
14.70962	-60.91547	0	32	2021-12-27T11:41:54
14.70962	-60.91541	0	32	2021-12-27T11:46:53
14.70961	-60.91550	0	32	2021-12-27T12:16:51
14.70955	-60.91547	0	32	2021-12-27T12:26:50
14.70959	-60.91547	0	32	2021-12-27T12:41:52
14.70968	-60.91534	0	32	2021-12-27T13:06:52
14.70964	-60.91534	0	32	2021-12-27T13:11:52
14.70964	-60.91525	0	32	2021-12-27T13:16:51
14.70979	-60.91489	0	32	2021-12-27T14:02:18
14.70962	-60.91536	0	32	2021-12-27T14:16:37
14.70958	-60.91536	0	32	2021-12-27T14:21:36
14.70967	-60.91519	0	32	2021-12-27T14:26:36
14.70999	-60.91454	0	32	2021-12-27T14:31:36
14.70965	-60.91531	0	32	2021-12-27T14:36:37
14.70967	-60.91525	0	32	2021-12-27T14:41:38
14.70976	-60.91517	0	32	2021-12-27T14:56:41
14.70967	-60.91551	0	32	2021-12-27T15:01:42
14.70963	-60.91568	0	32	2021-12-27T15:06:42
14.70967	-60.91556	0	32	2021-12-27T15:16:44
14.70958	-60.91556	0	32	2021-12-27T15:21:45
14.70971	-60.91547	0	32	2021-12-27T15:26:45
14.70950	-60.91556	0	32	2021-12-27T15:31:47
14.70955	-60.91553	0	32	2021-12-27T15:36:50
14.70992	-60.91544	0	32	2021-12-27T15:41:51
14.70975	-60.91544	0	32	2021-12-27T15:46:50
14.70971	-60.91537	0	32	2021-12-27T15:51:50
14.70966	-60.91559	0	32	2021-12-27T15:57:26
14.70975	-60.91559	0	32	2021-12-27T16:07:27
14.70967	-60.91550	0	32	2021-12-27T16:11:47
14.70969	-60.91548	0	32	2021-12-27T16:36:55
14.70960	-60.91531	0	32	2021-12-27T16:41:55
14.70965	-60.91562	0	32	2021-12-27T16:46:52
14.70966	-60.91544	0	32	2021-12-27T17:26:43
14.70970	-60.91547	0	32	2021-12-27T17:51:48
14.70957	-60.91547	0	32	2021-12-27T17:56:48
14.70974	-60.91541	0	32	2021-12-27T18:06:47
14.70970	-60.91541	0	32	2021-12-27T18:11:47
14.70974	-60.91541	0	32	2021-12-27T18:16:47
14.70972	-60.91541	0	32	2021-12-27T18:26:53
14.70963	-60.91541	0	32	2021-12-27T18:31:53
14.70967	-60.91541	0	32	2021-12-27T18:36:52
14.70966	-60.91547	0	32	2021-12-27T18:46:49
14.70970	-60.91547	0	32	2021-12-27T18:56:50
14.70966	-60.91547	0	32	2021-12-27T19:01:48
14.70962	-60.91535	0	32	2021-12-27T19:16:58
14.70959	-60.91534	0	32	2021-12-27T19:22:30
14.70966	-60.91544	0	32	2021-12-27T19:26:59
14.70965	-60.91547	0	32	2021-12-27T19:36:49
14.70971	-60.91559	0	32	2021-12-27T19:41:50
14.70976	-60.91531	0	32	2021-12-27T20:01:43
14.70967	-60.91531	0	32	2021-12-27T20:11:42
14.70981	-60.91531	0	32	2021-12-27T20:23:29
14.70974	-60.91544	0	32	2021-12-27T20:46:50
14.70962	-60.91550	0	32	2021-12-27T20:56:56
14.70973	-60.91537	0	32	2021-12-27T21:06:50
14.70971	-60.91541	0	32	2021-12-27T21:11:46
14.70974	-60.91547	0	32	2021-12-27T21:17:11
14.70965	-60.91547	0	32	2021-12-27T21:22:12
14.70978	-60.91547	0	32	2021-12-27T21:27:12
14.70973	-60.91559	0	32	2021-12-27T21:46:52
14.70973	-60.91547	0	32	2021-12-27T21:51:51
14.70973	-60.91550	0	32	2021-12-27T21:56:51
14.70975	-60.91562	0	32	2021-12-27T22:11:49
14.70976	-60.91559	0	32	2021-12-27T22:21:44
14.70980	-60.91559	0	32	2021-12-27T22:26:45
14.70971	-60.91550	0	32	2021-12-27T22:31:45
14.70974	-60.91556	0	32	2021-12-27T22:56:37
14.70974	-60.91547	0	32	2021-12-27T23:01:36
14.70970	-60.91547	0	32	2021-12-27T23:06:36
14.70973	-60.91556	0	32	2021-12-27T23:11:49
14.70962	-60.91560	0	32	2021-12-27T23:26:50
14.70962	-60.91551	0	32	2021-12-27T23:31:49
14.70945	-60.91577	0	32	2021-12-27T23:36:49
14.70956	-60.91570	0	32	2021-12-27T23:51:32
14.70960	-60.91570	0	32	2021-12-27T23:56:32
14.70973	-60.91553	0	32	2021-12-28T00:01:31
14.70968	-60.91562	0	32	2021-12-28T00:06:30
14.70963	-60.91553	0	32	2021-12-28T00:16:33
14.70962	-60.91556	0	32	2021-12-28T00:21:27
14.70970	-60.91547	0	32	2021-12-28T00:36:23
14.70966	-60.91556	0	32	2021-12-28T00:41:22
14.70968	-60.91559	0	32	2021-12-28T01:01:21
14.70971	-60.91553	0	32	2021-12-28T01:06:22
14.70971	-60.91562	0	32	2021-12-28T01:11:23
14.70975	-60.91547	0	32	2021-12-28T01:16:15
14.70966	-60.91547	0	32	2021-12-28T01:21:14
14.70963	-60.91542	0	32	2021-12-28T01:46:06
14.70963	-60.91525	0	32	2021-12-28T01:51:07
14.70963	-60.91544	0	32	2021-12-28T01:56:03
14.70967	-60.91544	0	32	2021-12-28T02:01:04
14.70969	-60.91538	0	32	2021-12-28T02:21:00
14.70977	-60.91547	0	32	2021-12-28T02:26:32
14.70978	-60.91556	0	32	2021-12-28T02:31:01
14.70961	-60.91565	0	32	2021-12-28T03:06:04
14.70970	-60.91565	0	32	2021-12-28T03:11:04
14.70964	-60.91562	0	32	2021-12-28T03:16:04
14.70962	-60.91562	0	32	2021-12-28T03:21:03
14.70971	-60.91562	0	32	2021-12-28T03:26:03
14.70967	-60.91562	0	32	2021-12-28T03:31:04
14.70969	-60.91560	0	32	2021-12-28T03:36:05
14.70986	-60.91577	0	32	2021-12-28T03:41:05
14.70973	-60.91568	0	32	2021-12-28T03:46:04
14.70967	-60.91562	0	32	2021-12-28T03:51:08
14.70964	-60.91568	0	32	2021-12-28T04:01:05
14.70960	-60.91568	0	32	2021-12-28T04:06:05
14.70947	-60.91568	0	32	2021-12-28T04:11:04
14.70959	-60.91550	0	32	2021-12-28T04:16:01
14.70957	-60.91550	0	32	2021-12-28T05:10:53
14.70961	-60.91550	0	32	2021-12-28T05:15:52
14.70970	-60.91550	0	32	2021-12-28T05:20:53
14.70962	-60.91547	0	32	2021-12-28T05:25:53
14.70966	-60.91547	0	32	2021-12-28T05:30:53
14.70954	-60.91544	0	32	2021-12-28T05:50:52
14.70950	-60.91544	0	32	2021-12-28T05:55:51
14.70959	-60.91544	0	32	2021-12-28T06:00:52
14.70942	-60.91553	0	32	2021-12-28T06:06:03
14.70961	-60.91547	0	32	2021-12-28T06:10:42
14.70957	-60.91547	0	32	2021-12-28T06:20:43
14.70958	-60.91553	0	32	2021-12-28T06:35:50
14.70957	-60.91553	0	32	2021-12-28T06:40:36
14.70961	-60.91553	0	32	2021-12-28T06:45:36
14.70967	-60.91559	0	32	2021-12-28T06:50:45
14.70958	-60.91559	0	32	2021-12-28T07:00:45
14.70964	-60.91562	0	32	2021-12-28T07:05:36
14.70966	-60.91562	0	32	2021-12-28T07:10:29
14.70965	-60.91547	0	32	2021-12-28T07:20:57
14.70974	-60.91547	0	32	2021-12-28T07:25:57
14.70974	-60.91541	0	32	2021-12-28T07:30:32
14.70995	-60.91550	0	32	2021-12-28T07:35:32
14.70975	-60.91534	0	32	2021-12-28T07:55:13
14.70962	-60.91534	0	32	2021-12-28T08:05:12
14.70955	-60.91547	0	32	2021-12-28T08:50:16
14.70952	-60.91553	0	32	2021-12-28T08:55:12
14.70955	-60.91540	0	32	2021-12-28T09:00:13
14.70955	-60.91531	0	32	2021-12-28T09:10:12
14.70955	-60.91559	0	32	2021-12-28T09:15:14
14.70951	-60.91550	0	32	2021-12-28T09:20:16
14.70952	-60.91525	0	32	2021-12-28T09:25:29
14.70955	-60.91541	0	32	2021-12-28T09:35:07
14.70964	-60.91534	0	32	2021-12-28T09:50:06
14.70965	-60.91541	0	32	2021-12-28T09:55:04
14.70969	-60.91534	0	32	2021-12-28T10:00:04
14.70973	-60.91534	0	32	2021-12-28T10:10:04
14.70972	-60.91531	0	32	2021-12-28T10:15:07
14.70967	-60.91531	0	32	2021-12-28T10:20:53
14.70963	-60.91522	0	32	2021-12-28T10:25:53
14.70960	-60.91525	0	32	2021-12-28T10:35:14
14.70961	-60.91541	0	32	2021-12-28T10:50:20
14.70965	-60.91541	0	32	2021-12-28T10:55:20
14.70961	-60.91541	0	32	2021-12-28T11:00:19
14.70956	-60.91546	0	32	2021-12-28T11:30:12
14.70965	-60.91537	0	32	2021-12-28T11:40:13
14.70964	-60.91537	0	32	2021-12-28T11:45:14
14.70963	-60.91534	0	32	2021-12-28T11:50:11
14.70959	-60.91541	0	32	2021-12-28T12:03:55
14.70962	-60.91544	0	32	2021-12-28T12:10:06
14.70961	-60.91544	0	32	2021-12-28T12:15:31
14.70963	-60.91547	0	32	2021-12-28T12:20:01
14.70961	-60.91544	0	32	2021-12-28T12:25:32
14.70970	-60.91538	0	32	2021-12-28T12:35:04
14.70963	-60.91541	0	32	2021-12-28T12:40:05
14.70966	-60.91547	0	32	2021-12-28T12:45:05
14.70971	-60.91534	0	32	2021-12-28T12:50:03
14.70974	-60.91547	0	32	2021-12-28T12:55:07
14.70967	-60.91550	0	32	2021-12-28T13:00:07
14.70967	-60.91541	0	32	2021-12-28T13:05:06
14.70963	-60.91554	0	32	2021-12-28T13:10:04
14.70963	-60.91537	0	32	2021-12-28T13:15:03
14.70969	-60.91516	0	32	2021-12-28T13:20:29
14.70960	-60.91525	0	32	2021-12-28T13:25:28
14.70970	-60.91550	0	32	2021-12-28T13:29:58
14.70960	-60.91531	0	32	2021-12-28T14:05:11
14.70961	-60.91539	0	32	2021-12-28T14:20:06
14.70961	-60.91530	0	32	2021-12-28T14:25:06
14.70957	-60.91556	0	32	2021-12-28T14:30:05
14.70959	-60.91541	0	32	2021-12-28T14:35:06
14.70958	-60.91544	0	32	2021-12-28T14:40:05
14.70957	-60.91550	0	32	2021-12-28T14:45:02
14.70966	-60.91524	0	32	2021-12-28T14:50:02
14.70962	-60.91541	0	32	2021-12-28T14:55:01
14.70964	-60.91541	0	32	2021-12-28T15:00:02
14.70961	-60.91548	0	32	2021-12-28T15:04:59
14.70965	-60.91531	0	32	2021-12-28T15:09:59
14.70967	-60.91553	0	32	2021-12-28T15:15:12
14.70962	-60.91544	0	32	2021-12-28T15:30:07
14.70966	-60.91544	0	32	2021-12-28T15:35:07
14.70961	-60.91541	0	32	2021-12-28T15:45:04
14.70965	-60.91541	0	32	2021-12-28T15:55:03
14.70949	-60.91541	0	32	2021-12-28T16:09:58
14.70956	-60.91541	0	32	2021-12-28T16:14:56
14.70953	-60.91541	0	32	2021-12-28T16:19:59
14.70944	-60.91547	0	32	2021-12-28T16:39:56
14.70940	-60.91547	0	32	2021-12-28T16:44:56
14.70936	-60.91536	0	32	2021-12-28T17:15:27
14.70953	-60.91527	0	32	2021-12-28T17:20:26
14.70957	-60.91544	0	32	2021-12-28T17:25:26
14.70983	-60.91541	0	32	2021-12-28T17:54:44
14.70962	-60.91541	0	32	2021-12-28T18:04:43
14.70963	-60.91532	0	32	2021-12-28T18:15:10
14.70959	-60.91532	0	32	2021-12-28T18:20:09
14.70959	-60.91541	0	32	2021-12-28T18:25:10
14.70960	-60.91541	0	32	2021-12-28T18:39:41
14.70961	-60.91541	0	32	2021-12-28T18:44:42
14.70962	-60.91546	0	32	2021-12-28T18:59:48
14.70962	-60.91537	0	32	2021-12-28T19:04:49
14.70959	-60.91541	0	32	2021-12-28T19:09:49
14.70964	-60.91541	0	32	2021-12-28T20:09:52
14.70968	-60.91541	0	32	2021-12-28T20:14:54
14.70972	-60.91534	0	32	2021-12-28T20:35:01
14.70962	-60.91537	0	32	2021-12-28T20:45:03
14.70969	-60.91538	0	32	2021-12-28T20:50:06
14.70960	-60.91547	0	32	2021-12-28T20:55:05
14.70966	-60.91543	0	32	2021-12-28T21:05:06
14.70970	-60.91534	0	32	2021-12-28T21:15:07
14.70971	-60.91550	0	32	2021-12-28T21:20:36
14.70967	-60.91550	0	32	2021-12-28T21:25:36
14.70958	-60.91516	0	32	2021-12-28T21:30:36
14.70962	-60.91531	0	32	2021-12-28T21:35:04
14.70964	-60.91531	0	32	2021-12-28T21:40:08
14.70973	-60.91548	0	32	2021-12-28T21:45:08
14.70960	-60.91531	0	32	2021-12-28T21:50:07
14.70968	-60.91550	0	32	2021-12-28T21:55:11
14.70971	-60.91547	0	32	2021-12-28T22:00:10
14.70962	-60.91536	0	32	2021-12-28T22:05:09
14.70966	-60.91553	0	32	2021-12-28T22:10:09
14.70949	-60.91519	0	32	2021-12-28T22:15:09
14.70974	-60.91551	0	32	2021-12-28T22:20:11
14.70974	-60.91525	0	32	2021-12-28T22:25:11
14.70972	-60.91550	0	32	2021-12-28T22:35:06
14.70962	-60.91552	0	32	2021-12-28T22:55:04
14.70971	-60.91535	0	32	2021-12-28T23:00:03
14.70958	-60.91544	0	32	2021-12-28T23:05:04
14.70972	-60.91537	0	32	2021-12-28T23:10:01
14.70968	-60.91537	0	32	2021-12-28T23:15:01
14.70951	-60.91553	0	32	2021-12-28T23:19:58
14.70955	-60.91553	0	32	2021-12-28T23:24:58
14.70955	-60.91562	0	32	2021-12-28T23:30:04
14.70974	-60.91553	0	32	2021-12-28T23:44:51
14.70973	-60.91556	0	32	2021-12-28T23:49:51
14.70975	-60.91547	0	32	2021-12-28T23:54:48
14.70969	-60.91551	0	32	2021-12-28T23:59:49
14.70965	-60.91534	0	32	2021-12-29T00:04:49
14.70971	-60.91537	0	32	2021-12-29T00:14:41
14.70962	-60.91520	0	32	2021-12-29T00:19:42
14.70966	-60.91537	0	32	2021-12-29T00:24:42
14.70971	-60.91531	0	32	2021-12-29T00:29:42
14.70964	-60.91507	0	32	2021-12-29T00:44:31
14.70963	-60.91507	0	32	2021-12-29T00:49:28
14.70961	-60.91501	0	32	2021-12-29T00:54:29
14.70965	-60.91501	0	32	2021-12-29T00:59:29
14.70959	-60.91513	0	32	2021-12-29T01:09:27
14.70972	-60.91519	0	32	2021-12-29T01:14:28
14.70976	-60.91519	0	32	2021-12-29T01:19:28
14.70972	-60.91519	0	32	2021-12-29T01:24:27
14.70965	-60.91538	0	32	2021-12-29T02:24:47
14.70965	-60.91547	0	32	2021-12-29T02:29:47
14.70974	-60.91547	0	32	2021-12-29T02:34:46
14.70965	-60.91562	0	32	2021-12-29T02:39:08
14.70962	-60.91559	0	32	2021-12-29T02:44:09
14.70963	-60.91556	0	32	2021-12-29T02:49:12
14.70963	-60.91565	0	32	2021-12-29T02:54:11
14.70966	-60.91562	0	32	2021-12-29T02:59:04
14.70967	-60.91565	0	32	2021-12-29T03:04:04
14.70966	-60.91562	0	32	2021-12-29T03:18:59
14.70967	-60.91556	0	32	2021-12-29T03:24:27
14.70967	-60.91565	0	32	2021-12-29T03:29:27
14.70971	-60.91565	0	32	2021-12-29T03:34:26
14.70962	-60.91559	0	32	2021-12-29T03:38:59
14.70964	-60.91568	0	32	2021-12-29T03:43:59
14.70968	-60.91559	0	32	2021-12-29T03:48:59
14.70964	-60.91559	0	32	2021-12-29T03:53:58
14.70965	-60.91547	0	32	2021-12-29T03:58:58
14.70957	-60.91550	0	32	2021-12-29T04:04:00
14.70957	-60.91559	0	32	2021-12-29T04:09:00
14.70962	-60.91544	0	32	2021-12-29T04:14:01
14.70962	-60.91553	0	32	2021-12-29T04:19:01
14.70968	-60.91532	0	32	2021-12-29T04:44:02
14.70964	-60.91532	0	32	2021-12-29T04:49:02
14.70964	-60.91541	0	32	2021-12-29T04:54:01
14.70963	-60.91537	0	32	2021-12-29T05:13:53
14.70950	-60.91546	0	32	2021-12-29T05:18:53
14.70967	-60.91537	0	32	2021-12-29T05:23:54
14.70962	-60.91544	0	32	2021-12-29T05:28:54
14.70961	-60.91547	0	32	2021-12-29T05:34:29
14.70956	-60.91541	0	32	2021-12-29T05:38:52
14.70952	-60.91541	0	32	2021-12-29T05:43:53
14.70963	-60.91550	0	32	2021-12-29T05:54:04
14.70972	-60.91550	0	32	2021-12-29T05:59:04
14.70968	-60.91550	0	32	2021-12-29T06:04:04
14.70950	-60.91550	0	32	2021-12-29T06:09:33
14.70957	-60.91541	0	32	2021-12-29T06:23:53
14.70962	-60.91544	0	32	2021-12-29T06:28:54
14.70960	-60.91541	0	32	2021-12-29T06:38:51
14.70962	-60.91547	0	32	2021-12-29T06:43:53
14.70960	-60.91541	0	32	2021-12-29T06:48:50
14.70961	-60.91544	0	32	2021-12-29T06:53:53
14.70960	-60.91541	0	32	2021-12-29T06:58:51
14.70962	-60.91541	0	32	2021-12-29T07:08:49
14.70964	-60.91541	0	32	2021-12-29T07:28:45
14.70968	-60.91541	0	32	2021-12-29T07:33:45
14.70964	-60.91541	0	32	2021-12-29T07:38:46
14.70965	-60.91541	0	32	2021-12-29T07:48:44
14.70958	-60.91541	0	32	2021-12-29T08:08:44
14.70967	-60.91541	0	32	2021-12-29T08:13:44
14.70963	-60.91541	0	32	2021-12-29T08:18:45
14.70964	-60.91534	0	32	2021-12-29T08:43:46
14.70960	-60.91534	0	32	2021-12-29T08:58:44
14.70955	-60.91534	0	32	2021-12-29T09:08:43
14.70955	-60.91531	0	32	2021-12-29T09:13:44
14.70955	-60.91534	0	32	2021-12-29T09:18:44
14.70960	-60.91541	0	32	2021-12-29T09:23:43
14.70957	-60.91537	0	32	2021-12-29T09:38:47
14.70965	-60.91541	0	32	2021-12-29T09:48:48
14.70961	-60.91541	0	32	2021-12-29T09:58:47
14.70989	-60.91534	0	32	2021-12-29T10:03:48
14.70991	-60.91547	0	32	2021-12-29T10:33:44
14.70987	-60.91547	0	32	2021-12-29T10:38:43
14.70989	-60.91547	0	32	2021-12-29T10:43:42
14.70989	-60.91541	0	32	2021-12-29T11:03:38
14.70985	-60.91541	0	32	2021-12-29T11:08:38
14.70970	-60.91545	0	32	2021-12-29T11:28:39
14.70970	-60.91528	0	32	2021-12-29T11:33:40
14.70961	-60.91537	0	32	2021-12-29T11:38:40
14.70968	-60.91544	0	32	2021-12-29T11:48:36
14.70961	-60.91547	0	32	2021-12-29T12:08:39
14.70967	-60.91510	0	32	2021-12-29T12:38:46
14.70971	-60.91510	0	32	2021-12-29T12:48:45
14.70969	-60.91528	0	32	2021-12-29T13:29:08
14.70965	-60.91528	0	32	2021-12-29T13:34:08
14.70964	-60.91551	0	32	2021-12-29T13:48:43
14.70964	-60.91534	0	32	2021-12-29T13:58:42
14.70965	-60.91534	0	32	2021-12-29T14:24:01
14.70961	-60.91534	0	32	2021-12-29T14:29:02
14.70965	-60.91525	0	32	2021-12-29T14:34:02
14.70962	-60.91541	0	32	2021-12-29T14:38:37
14.70968	-60.91544	0	32	2021-12-29T15:03:37
14.70940	-60.91541	0	32	2021-12-29T15:30:57
14.70961	-60.91541	0	32	2021-12-29T15:40:58
14.70971	-60.91541	0	32	2021-12-29T15:48:30
14.70984	-60.91541	0	32	2021-12-29T15:53:31
14.70964	-60.91555	0	32	2021-12-29T16:13:34
14.70960	-60.91537	0	32	2021-12-29T16:18:31
14.70960	-60.91495	0	32	2021-12-29T16:23:35
14.70958	-60.91541	0	32	2021-12-29T18:33:12
14.70958	-60.91547	0	32	2021-12-29T18:53:12
14.70967	-60.91541	0	32	2021-12-29T19:13:11
14.70963	-60.91567	0	32	2021-12-29T19:43:11
14.70963	-60.91550	0	32	2021-12-29T19:48:10
14.70963	-60.91541	0	32	2021-12-29T19:53:10
14.70955	-60.91559	0	32	2021-12-29T20:18:13
14.70968	-60.91550	0	32	2021-12-29T20:28:08
14.70947	-60.91550	0	32	2021-12-29T20:38:09
14.70948	-60.91547	0	32	2021-12-29T20:43:14
14.70968	-60.91547	0	32	2021-12-29T21:13:12
14.70984	-60.91544	0	32	2021-12-29T21:18:13
14.70972	-60.91547	0	32	2021-12-29T21:23:13
14.70975	-60.91553	0	32	2021-12-29T21:53:11
14.70977	-60.91562	0	32	2021-12-29T22:05:17
14.70981	-60.91541	0	32	2021-12-29T22:28:10
14.70968	-60.91532	0	32	2021-12-29T22:33:10
14.70968	-60.91541	0	32	2021-12-29T22:38:11
14.70973	-60.91531	0	32	2021-12-29T23:28:08
14.70968	-60.91541	0	32	2021-12-29T23:33:02
14.70999	-60.91498	0	32	2021-12-29T23:38:06
14.70978	-60.91507	0	32	2021-12-29T23:43:06
14.70995	-60.91507	0	32	2021-12-29T23:48:05
14.70982	-60.91501	0	32	2021-12-29T23:53:05
14.70967	-60.91489	0	32	2021-12-30T00:03:01
14.70980	-60.91489	0	32	2021-12-30T00:13:01
14.70963	-60.91505	0	32	2021-12-30T00:33:04
14.70959	-60.91522	0	32	2021-12-30T00:38:04
14.70951	-60.91510	0	32	2021-12-30T00:43:06
14.70969	-60.91495	0	32	2021-12-30T00:48:06
14.70956	-60.91504	0	32	2021-12-30T00:53:07
14.70973	-60.91504	0	32	2021-12-30T01:13:07
14.70964	-60.91537	0	32	2021-12-30T01:18:04
14.70960	-60.91537	0	32	2021-12-30T01:23:05
14.70964	-60.91547	0	32	2021-12-30T01:28:05
14.70960	-60.91547	0	32	2021-12-30T01:33:05
14.70962	-60.91537	0	32	2021-12-30T01:53:10
14.70958	-60.91537	0	32	2021-12-30T01:58:10
14.70962	-60.91550	0	32	2021-12-30T02:28:13
14.70941	-60.91559	0	32	2021-12-30T02:33:13
14.70950	-60.91559	0	32	2021-12-30T02:38:14
14.70965	-60.91553	0	32	2021-12-30T02:48:05
14.70969	-60.91562	0	32	2021-12-30T02:53:05
14.70952	-60.91562	0	32	2021-12-30T02:58:06
14.70960	-60.91562	0	32	2021-12-30T03:03:03
14.70975	-60.91565	0	32	2021-12-30T03:23:02
14.70968	-60.91567	0	32	2021-12-30T03:27:59
14.70968	-60.91550	0	32	2021-12-30T03:37:58
14.70964	-60.91541	0	32	2021-12-30T03:42:59
14.70966	-60.91531	0	32	2021-12-30T04:07:57
14.70976	-60.91531	0	32	2021-12-30T04:12:51
14.70970	-60.91519	0	32	2021-12-30T04:17:53
14.70967	-60.91531	0	32	2021-12-30T04:22:52
14.70970	-60.91553	0	32	2021-12-30T04:42:53
14.70949	-60.91544	0	32	2021-12-30T04:47:54
14.70958	-60.91544	0	32	2021-12-30T04:52:54
14.70958	-60.91541	0	32	2021-12-30T04:57:54
14.70960	-60.91547	0	32	2021-12-30T05:23:30
14.70964	-60.91547	0	32	2021-12-30T05:28:30
14.70951	-60.91547	0	32	2021-12-30T05:33:29
14.70963	-60.91544	0	32	2021-12-30T05:42:56
14.70954	-60.91544	0	32	2021-12-30T05:47:56
14.70963	-60.91544	0	32	2021-12-30T05:52:57
14.70950	-60.91547	0	32	2021-12-30T06:03:01
14.70954	-60.91547	0	32	2021-12-30T06:08:00
14.70963	-60.91547	0	32	2021-12-30T06:13:01
14.70963	-60.91550	0	32	2021-12-30T06:28:27
14.70967	-60.91550	0	32	2021-12-30T06:33:27
14.70970	-60.91544	0	32	2021-12-30T07:13:03
14.70962	-60.91541	0	32	2021-12-30T07:43:11
14.70968	-60.91547	0	32	2021-12-30T07:53:09
14.70966	-60.91547	0	32	2021-12-30T08:13:12
14.70962	-60.91547	0	32	2021-12-30T08:18:11
14.70966	-60.91547	0	32	2021-12-30T08:23:11
14.70946	-60.91559	0	32	2021-12-30T08:33:08
14.70950	-60.91542	0	32	2021-12-30T08:38:07
14.70946	-60.91559	0	32	2021-12-30T08:43:07
14.70949	-60.91565	0	32	2021-12-30T08:48:08
14.70952	-60.91525	0	32	2021-12-30T08:53:11
14.70956	-60.91525	0	32	2021-12-30T09:03:10
14.70958	-60.91568	0	32	2021-12-30T09:13:16
14.70949	-60.91528	0	32	2021-12-30T09:18:14
14.70949	-60.91519	0	32	2021-12-30T09:23:14
14.70968	-60.91531	0	32	2021-12-30T09:43:12
14.70974	-60.91531	0	32	2021-12-30T09:53:07
14.71000	-60.91531	0	32	2021-12-30T09:58:07
14.70987	-60.91531	0	32	2021-12-30T10:03:06
14.70990	-60.91534	0	32	2021-12-30T10:28:33
14.70986	-60.91534	0	32	2021-12-30T10:33:33
14.70990	-60.91541	0	32	2021-12-30T10:43:05
14.70986	-60.91534	0	32	2021-12-30T11:08:13
14.70986	-60.91525	0	32	2021-12-30T11:13:13
14.70981	-60.91537	0	32	2021-12-30T11:17:55
14.70956	-60.91540	0	32	2021-12-30T11:47:52
14.70960	-60.91531	0	32	2021-12-30T11:52:53
14.70964	-60.91531	0	32	2021-12-30T11:57:53
14.70965	-60.91539	0	32	2021-12-30T12:08:34
14.70965	-60.91522	0	32	2021-12-30T12:13:34
14.70959	-60.91553	0	32	2021-12-30T12:17:46
14.70971	-60.91501	0	32	2021-12-30T12:37:50
14.70968	-60.91519	0	32	2021-12-30T12:52:52
14.70968	-60.91528	0	32	2021-12-30T12:57:53
14.70977	-60.91525	0	32	2021-12-30T13:02:47
14.70991	-60.91544	0	32	2021-12-30T13:52:47
14.70978	-60.91544	0	32	2021-12-30T13:57:47
14.70995	-60.91501	0	32	2021-12-30T14:02:47
14.71015	-60.91479	0	32	2021-12-30T14:27:41
14.70981	-60.91488	0	32	2021-12-30T14:32:42
14.70964	-60.91531	0	32	2021-12-30T14:37:42
14.70986	-60.91473	0	32	2021-12-30T14:42:45
14.70977	-60.91495	0	32	2021-12-30T14:47:45
14.70972	-60.91498	0	32	2021-12-30T14:52:46
14.70968	-60.91524	0	32	2021-12-30T14:57:46
14.70968	-60.91455	0	32	2021-12-30T15:02:47
14.70981	-60.91519	0	32	2021-12-30T15:07:44
14.70989	-60.91525	0	32	2021-12-30T15:12:45
14.70960	-60.91547	0	32	2021-12-30T15:37:46
14.70951	-60.91547	0	32	2021-12-30T15:42:46
14.70964	-60.91547	0	32	2021-12-30T15:47:47
14.70965	-60.91547	0	32	2021-12-30T15:52:48
14.70962	-60.91541	0	32	2021-12-30T16:02:50
14.70947	-60.91562	0	32	2021-12-30T16:22:57
14.70951	-60.91562	0	32	2021-12-30T16:27:58
14.70956	-60.91559	0	32	2021-12-30T16:42:48
14.70960	-60.91550	0	32	2021-12-30T16:47:47
14.70960	-60.91541	0	32	2021-12-30T16:52:47
14.70951	-60.91565	0	32	2021-12-30T17:02:48
14.70966	-60.91550	0	32	2021-12-30T17:07:46
14.70979	-60.91541	0	32	2021-12-30T17:12:46
14.70952	-60.91525	0	32	2021-12-30T17:42:48
14.70956	-60.91534	0	32	2021-12-30T17:52:48
14.70959	-60.91534	0	32	2021-12-30T17:57:50
14.70981	-60.91544	0	32	2021-12-30T18:02:52
14.70959	-60.91534	0	32	2021-12-30T18:28:42
14.70950	-60.91534	0	32	2021-12-30T18:33:42
14.70961	-60.91541	0	32	2021-12-30T18:37:49
14.70958	-60.91537	0	32	2021-12-30T18:47:48
14.70954	-60.91537	0	32	2021-12-30T18:52:48
14.70958	-60.91537	0	32	2021-12-30T18:57:49
14.70965	-60.91531	0	32	2021-12-30T19:57:51
14.70961	-60.91531	0	32	2021-12-30T20:02:52
14.70974	-60.91522	0	32	2021-12-30T20:07:52
14.70975	-60.91519	0	32	2021-12-30T20:12:50
14.70988	-60.91510	0	32	2021-12-30T20:17:51
14.70975	-60.91519	0	32	2021-12-30T20:22:51
14.70974	-60.91519	0	32	2021-12-30T20:27:48
14.70963	-60.91541	0	32	2021-12-30T20:37:47
14.70967	-60.91541	0	32	2021-12-30T20:42:47
14.70965	-60.91541	0	32	2021-12-30T20:47:44
14.70963	-60.91544	0	32	2021-12-30T20:52:45
14.70967	-60.91544	0	32	2021-12-30T21:02:42
14.70973	-60.91547	0	32	2021-12-30T21:07:41
14.70968	-60.91546	0	32	2021-12-30T21:12:44
14.70964	-60.91537	0	32	2021-12-30T21:17:43
14.70960	-60.91537	0	32	2021-12-30T21:22:43
14.70966	-60.91547	0	32	2021-12-30T21:27:47
14.70968	-60.91556	0	32	2021-12-30T21:37:50
14.70964	-60.91547	0	32	2021-12-30T21:47:51
14.70962	-60.91542	0	32	2021-12-30T21:52:53
14.70958	-60.91525	0	32	2021-12-30T21:57:53
14.70964	-60.91550	0	32	2021-12-30T22:02:49
14.70964	-60.91541	0	32	2021-12-30T22:07:49
14.70969	-60.91540	0	32	2021-12-30T22:28:25
14.70973	-60.91531	0	32	2021-12-30T22:33:26
14.70977	-60.91541	0	32	2021-12-30T22:37:45
14.70976	-60.91531	0	32	2021-12-30T22:42:45
14.70973	-60.91531	0	32	2021-12-30T22:52:49
14.70976	-60.91522	0	32	2021-12-30T23:02:48
14.70972	-60.91539	0	32	2021-12-30T23:07:48
14.70981	-60.91522	0	32	2021-12-30T23:12:47
14.70972	-60.91537	0	32	2021-12-30T23:17:50
14.70989	-60.91519	0	32	2021-12-30T23:22:56
14.70977	-60.91524	0	32	2021-12-30T23:28:40
14.70968	-60.91550	0	32	2021-12-30T23:33:40
14.70972	-60.91547	0	32	2021-12-30T23:37:47
14.70977	-60.91541	0	32	2021-12-30T23:57:43
14.70975	-60.91534	0	32	2021-12-31T00:17:41
14.70969	-60.91553	0	32	2021-12-31T00:47:47
14.70965	-60.91553	0	32	2021-12-31T00:57:48
14.70963	-60.91544	0	32	2021-12-31T01:27:50
14.70966	-60.91541	0	32	2021-12-31T01:38:30
14.70967	-60.91544	0	32	2021-12-31T02:07:49
14.70968	-60.91547	0	32	2021-12-31T02:17:50
14.70968	-60.91538	0	32	2021-12-31T02:22:49
14.70972	-60.91547	0	32	2021-12-31T02:27:49
14.70959	-60.91544	0	32	2021-12-31T02:37:47
14.70962	-60.91531	0	32	2021-12-31T02:42:49
14.70959	-60.91544	0	32	2021-12-31T02:47:47
14.70963	-60.91550	0	32	2021-12-31T02:52:48
14.70970	-60.91547	0	32	2021-12-31T02:57:43
14.70974	-60.91547	0	32	2021-12-31T03:07:43
14.70972	-60.91544	0	32	2021-12-31T03:22:47
14.70989	-60.91544	0	32	2021-12-31T03:27:48
14.70989	-60.91547	0	32	2021-12-31T03:32:45
14.70964	-60.91565	0	32	2021-12-31T03:38:28
14.70959	-60.91562	0	32	2021-12-31T03:47:43
14.70971	-60.91534	0	32	2021-12-31T04:17:34
14.70954	-60.91550	0	32	2021-12-31T04:47:38
14.70958	-60.91550	0	32	2021-12-31T04:57:37
14.70954	-60.91547	0	32	2021-12-31T05:07:30
14.70958	-60.91547	0	32	2021-12-31T05:17:31
14.70957	-60.91547	0	32	2021-12-31T05:37:30
14.70951	-60.91541	0	32	2021-12-31T05:47:33
14.70947	-60.91541	0	32	2021-12-31T05:52:33
14.70960	-60.91541	0	32	2021-12-31T05:57:32
14.70950	-60.91547	0	32	2021-12-31T06:03:06
14.70953	-60.91553	0	32	2021-12-31T06:17:47
14.70959	-60.91550	0	32	2021-12-31T06:37:38
14.70958	-60.91553	0	32	2021-12-31T06:42:57
14.70968	-60.91544	0	32	2021-12-31T07:17:28
14.70968	-60.91543	0	32	2021-12-31T07:42:26
14.70981	-60.91534	0	32	2021-12-31T07:47:27
14.70972	-60.91525	0	32	2021-12-31T07:52:28
14.70970	-60.91559	0	32	2021-12-31T07:57:27
14.70957	-60.91559	0	32	2021-12-31T08:02:26
14.70953	-60.91559	0	32	2021-12-31T08:07:26
14.70947	-60.91553	0	32	2021-12-31T08:17:23
14.70956	-60.91553	0	32	2021-12-31T08:22:22
14.70947	-60.91556	0	32	2021-12-31T08:27:21
14.70957	-60.91544	0	32	2021-12-31T08:37:20
14.70961	-60.91544	0	32	2021-12-31T08:47:20
14.70955	-60.91531	0	32	2021-12-31T08:57:19
14.70963	-60.91544	0	32	2021-12-31T09:07:18
14.70960	-60.91541	0	32	2021-12-31T09:12:19
14.70963	-60.91544	0	32	2021-12-31T09:17:19
14.70959	-60.91534	0	32	2021-12-31T09:22:21
14.70959	-60.91525	0	32	2021-12-31T09:27:21
14.70958	-60.91537	0	32	2021-12-31T09:32:21
14.70965	-60.91531	0	32	2021-12-31T09:37:19
14.70958	-60.91544	0	32	2021-12-31T10:37:17
14.70960	-60.91544	0	32	2021-12-31T10:42:56
14.70961	-60.91541	0	32	2021-12-31T10:52:16
14.70960	-60.91544	0	32	2021-12-31T10:57:17
14.70965	-60.91541	0	32	2021-12-31T11:02:15
14.70962	-60.91531	0	32	2021-12-31T11:12:12
14.70959	-60.91537	0	32	2021-12-31T11:17:15
14.70962	-60.91531	0	32	2021-12-31T11:22:13
14.70953	-60.91547	0	32	2021-12-31T11:27:11
14.70962	-60.91547	0	32	2021-12-31T11:32:11
14.70953	-60.91547	0	32	2021-12-31T11:37:12
14.70955	-60.91544	0	32	2021-12-31T11:42:40
14.70956	-60.91547	0	32	2021-12-31T11:52:11
14.70960	-60.91547	0	32	2021-12-31T12:02:12
14.70957	-60.91550	0	32	2021-12-31T12:12:10
14.70948	-60.91524	0	32	2021-12-31T12:17:11
14.70952	-60.91507	0	32	2021-12-31T12:22:11
14.70967	-60.91537	0	32	2021-12-31T12:42:09
14.70971	-60.91537	0	32	2021-12-31T12:47:09
14.70967	-60.91537	0	32	2021-12-31T12:52:10
14.70972	-60.91522	0	32	2021-12-31T12:57:07
14.70970	-60.91537	0	32	2021-12-31T13:02:08
14.70976	-60.91522	0	32	2021-12-31T13:07:08
14.70970	-60.91553	0	32	2021-12-31T13:27:07
14.70975	-60.91514	0	32	2021-12-31T13:57:06
14.70966	-60.91540	0	32	2021-12-31T14:02:06
14.70966	-60.91531	0	32	2021-12-31T14:07:07
14.70961	-60.91541	0	32	2021-12-31T14:12:08
14.70961	-60.91544	0	32	2021-12-31T14:27:07
14.70958	-60.91553	0	32	2021-12-31T14:32:10
14.70962	-60.91541	0	32	2021-12-31T14:37:35
14.70964	-60.91544	0	32	2021-12-31T14:47:10
14.70964	-60.91553	0	32	2021-12-31T14:52:11
14.70956	-60.91538	0	32	2021-12-31T15:02:05
14.70956	-60.91547	0	32	2021-12-31T15:07:06
14.70965	-60.91547	0	32	2021-12-31T15:12:06
14.70974	-60.91562	0	32	2021-12-31T15:42:00
14.70965	-60.91553	0	32	2021-12-31T15:47:00
14.70978	-60.91553	0	32	2021-12-31T15:51:59
14.70978	-60.91547	0	32	2022-01-01T19:12:13
14.70968	-60.91534	0	32	2022-01-01T19:35:10
14.70979	-60.91522	0	32	2022-01-01T19:40:07
14.70966	-60.91531	0	32	2022-01-01T19:45:08
14.70998	-60.91470	0	32	2022-01-01T20:05:58
14.71011	-60.91461	0	32	2022-01-01T20:15:59
14.70997	-60.91476	0	32	2022-01-01T20:20:02
14.71005	-60.91461	0	32	2022-01-01T20:25:03
14.70999	-60.91472	0	32	2022-01-01T20:30:03
14.70999	-60.91455	0	32	2022-01-01T20:40:02
14.71000	-60.91446	0	32	2022-01-01T20:44:59
14.70975	-60.91483	0	32	2022-01-01T20:55:01
14.70988	-60.91446	0	32	2022-01-01T21:00:00
14.70980	-60.91449	0	32	2022-01-01T21:05:01
14.70975	-60.91458	0	32	2022-01-01T21:09:59
14.70974	-60.91440	0	32	2022-01-01T21:14:56
14.70974	-60.91431	0	32	2022-01-01T21:19:56
14.70968	-60.91446	0	32	2022-01-01T21:24:55
14.70959	-60.91446	0	32	2022-01-01T21:29:55
14.70976	-60.91519	0	32	2022-01-01T22:04:54
14.70970	-60.91534	0	32	2022-01-01T22:14:51
14.70970	-60.91525	0	32	2022-01-01T22:19:51
14.70949	-60.91525	0	32	2022-01-01T22:24:50
14.70973	-60.91537	0	32	2022-01-01T22:29:53
14.70977	-60.91562	0	32	2022-01-01T22:39:52
14.70966	-60.91568	0	32	2022-01-01T22:44:52
14.70972	-60.91562	0	32	2022-01-01T22:49:53
14.70971	-60.91537	0	32	2022-01-01T22:54:57
14.70949	-60.91579	0	32	2022-01-01T23:00:03
14.70928	-60.91605	0	32	2022-01-01T23:05:04
14.70962	-60.91553	0	32	2022-01-01T23:24:51
14.70958	-60.91562	0	32	2022-01-01T23:29:51
14.70967	-60.91562	0	32	2022-01-01T23:34:50
14.70964	-60.91563	0	32	2022-01-01T23:39:46
14.70968	-60.91546	0	32	2022-01-01T23:44:46
14.70985	-60.91495	0	32	2022-01-01T23:49:45
14.70969	-60.91527	0	32	2022-01-01T23:59:42
14.70965	-60.91536	0	32	2022-01-02T00:04:43
14.70974	-60.91476	0	32	2022-01-02T00:09:43
14.70967	-60.91556	0	32	2022-01-02T00:29:47
14.70962	-60.91547	0	32	2022-01-02T01:24:59
14.70962	-60.91556	0	32	2022-01-02T01:29:58
14.70962	-60.91547	0	32	2022-01-02T01:34:58
14.70961	-60.91556	0	32	2022-01-02T01:54:58
14.70957	-60.91547	0	32	2022-01-02T01:59:58
14.70958	-60.91533	0	32	2022-01-02T02:14:57
14.70960	-60.91559	0	32	2022-01-02T02:20:41
14.70958	-60.91568	0	32	2022-01-02T02:24:56
14.70963	-60.91529	0	32	2022-01-02T02:29:57
14.70959	-60.91589	0	32	2022-01-02T02:34:57
14.70980	-60.91589	0	32	2022-01-02T02:39:58
14.70965	-60.91583	0	32	2022-01-02T02:44:59
14.70948	-60.91589	0	32	2022-01-02T03:09:59
14.70949	-60.91596	0	32	2022-01-02T03:15:42
14.70979	-60.91562	0	32	2022-01-02T03:20:43
14.70953	-60.91553	0	32	2022-01-02T04:24:41
14.70958	-60.91544	0	32	2022-01-02T04:35:19
14.70954	-60.91553	0	32	2022-01-02T04:40:19
14.70967	-60.91544	0	32	2022-01-02T04:45:19
14.70959	-60.91556	0	32	2022-01-02T04:49:45
14.70968	-60.91547	0	32	2022-01-02T04:54:45
14.70947	-60.91559	0	32	2022-01-02T04:59:43
14.70943	-60.91550	0	32	2022-01-02T05:09:42
14.70946	-60.91550	0	32	2022-01-02T05:20:22
14.70952	-60.91544	0	32	2022-01-02T05:24:39
14.70943	-60.91544	0	32	2022-01-02T05:29:38
14.70966	-60.91547	0	32	2022-01-02T05:39:31
14.70953	-60.91547	0	32	2022-01-02T05:44:32
14.70953	-60.91556	0	32	2022-01-02T05:49:32
14.70951	-60.91544	0	32	2022-01-02T05:54:33
14.70963	-60.91562	0	32	2022-01-02T05:59:31
14.70962	-60.91577	0	32	2022-01-02T06:14:32
14.70957	-60.91571	0	32	2022-01-02T06:29:27
14.70957	-60.91580	0	32	2022-01-02T06:39:26
14.70958	-60.91566	0	32	2022-01-02T06:44:37
14.70949	-60.91592	0	32	2022-01-02T06:49:36
14.70951	-60.91571	0	32	2022-01-02T07:10:06
14.70968	-60.91571	0	32	2022-01-02T07:15:07
14.70968	-60.91562	0	32	2022-01-02T07:20:07
14.70966	-60.91562	0	32	2022-01-02T07:49:34
14.70966	-60.91553	0	32	2022-01-02T07:54:35
14.70975	-60.91544	0	32	2022-01-02T07:59:35
14.70963	-60.91553	0	32	2022-01-02T08:09:32
14.70955	-60.91559	0	32	2022-01-02T08:15:24
14.70946	-60.91568	0	32	2022-01-02T08:20:24
14.70955	-60.91553	0	32	2022-01-02T08:24:27
14.70951	-60.91553	0	32	2022-01-02T08:34:26
14.70953	-60.91541	0	32	2022-01-02T08:39:31
14.70947	-60.91541	0	32	2022-01-02T08:44:24
14.70951	-60.91541	0	32	2022-01-02T08:49:25
14.70959	-60.91537	0	32	2022-01-02T08:59:34
14.71006	-60.91556	0	32	2022-01-02T09:44:31
14.71015	-60.91568	0	32	2022-01-02T10:09:31
14.71011	-60.91577	0	32	2022-01-02T10:14:40
14.70960	-60.91528	0	32	2022-01-02T10:19:21
14.70964	-60.91528	0	32	2022-01-02T10:29:20
14.70962	-60.91543	0	32	2022-01-02T10:39:17
14.70966	-60.91534	0	32	2022-01-02T10:49:18
14.70960	-60.91522	0	32	2022-01-02T10:54:16
14.70960	-60.91531	0	32	2022-01-02T10:59:16
14.70965	-60.91531	0	32	2022-01-02T11:09:14
14.70966	-60.91521	0	32	2022-01-02T11:24:12
14.70979	-60.91504	0	32	2022-01-02T11:29:11
14.70970	-60.91513	0	32	2022-01-02T11:34:11
14.70964	-60.91525	0	32	2022-01-02T11:39:08
14.70977	-60.91516	0	32	2022-01-02T11:44:09
14.70968	-60.91525	0	32	2022-01-02T11:49:09
14.70968	-60.91519	0	32	2022-01-02T11:54:09
14.70968	-60.91510	0	32	2022-01-02T11:59:08
14.70946	-60.91484	0	32	2022-01-02T12:09:28
14.70946	-60.91467	0	32	2022-01-02T12:19:29
14.70949	-60.91470	0	32	2022-01-02T12:24:07
14.70949	-60.91453	0	32	2022-01-02T12:29:06
14.70953	-60.91470	0	32	2022-01-02T12:34:06
14.70951	-60.91455	0	32	2022-01-02T12:39:10
14.70963	-60.91513	0	32	2022-01-02T12:59:06
14.70973	-60.91531	0	32	2022-01-02T13:09:07
14.70962	-60.91537	0	32	2022-01-02T13:19:33
14.71001	-60.91535	0	32	2022-01-02T13:29:07
14.71014	-60.91561	0	32	2022-01-02T13:34:08
14.71031	-60.91492	0	32	2022-01-02T13:39:08
14.70995	-60.91505	0	32	2022-01-02T14:19:07
14.70970	-60.91553	0	32	2022-01-02T14:24:02
14.71008	-60.91522	0	32	2022-01-02T14:29:06
14.71009	-60.91559	0	32	2022-01-02T14:34:03
14.70972	-60.91544	0	32	2022-01-02T14:39:05
14.70976	-60.91542	0	32	2022-01-02T14:44:02
14.70972	-60.91525	0	32	2022-01-02T14:49:02
14.70962	-60.91547	0	32	2022-01-02T15:04:07
14.70960	-60.91537	0	32	2022-01-02T15:14:13
14.70961	-60.91559	0	32	2022-01-02T16:29:07
14.70956	-60.91543	0	32	2022-01-02T17:28:58
14.70965	-60.91534	0	32	2022-01-02T17:33:59
14.70964	-60.91541	0	32	2022-01-02T17:48:58
14.70968	-60.91541	0	32	2022-01-02T17:53:58
14.70964	-60.91541	0	32	2022-01-02T17:58:57
14.71027	-60.91461	0	32	2021-10-26T00:00:00
