/* DATA DESCRIPTION:
Citation:	Horstmann, Jochen; Carrasco, Ruben; Calil, Paulo H R; Iudicone, Daniele; Pesant, Stephane; Erta, J M (2022): Track of Lagrangian drifter 52 during the Mission Microbiomes with the RV Tara along the eastern coast of Brazil [dataset]. PANGAEA, https://doi.org/10.1594/PANGAEA.948231, 
	In: Horstmann, J et al. (2022): Drifter position data from the eastern coast of Brazil during the project Mission Microbiomes with the RV Tara [dataset publication series]. PANGAEA, https://doi.org/10.1594/PANGAEA.948261
Project(s):	Atlantic ECOsystems assessment, forecasting & sustainability (AtlantECO) (URI: https://doi.org/10.3030/862923)
	Fondation Tara Expeditions (FondTara) (URI: https://fondationtaraocean.org/en/home/)
	Mission Microbiomes (MM2020) (URI: https://fondationtaraocean.org/expedition/mission-microbiomes/)
Funding:	Horizon 2020 of the European Commission (H2020) (URI: https://research-and-innovation.ec.europa.eu/funding/funding-opportunities/funding-programmes-and-open-calls/horizon-2020_en), grant/award no. 862923: Atlantic ECOsystems assessment, forecasting & sustainability (URI: https://doi.org/10.3030/862923)
Coverage:	MEDIAN LATITUDE: 2.314590 * MEDIAN LONGITUDE: -50.525002 * SOUTH-BOUND LATITUDE: 0.308220 * WEST-BOUND LONGITUDE: -50.908690 * NORTH-BOUND LATITUDE: 2.805930 * EAST-BOUND LONGITUDE: -49.062810
	DATE/TIME START: 2021-09-07T14:04:44 * DATE/TIME END: 2022-01-07T07:30:21
	MINIMUM DEPTH, water: 0 m * MAXIMUM DEPTH, water: 0 m
Event(s):	TARA_Microbiomes_DRIFT-52 * LATITUDE START: 0.400450 * LONGITUDE START: -50.488310 * LATITUDE END: 2.780670 * LONGITUDE END: -50.908170 * DATE/TIME START: 2021-09-07T14:04:44 * DATE/TIME END: 2022-01-07T07:30:21 * LOCATION: Eastern Brazilian coast * CAMPAIGN: MM20210824_LEG-05_035-040_Martin * BASIS: SV Tara (URI: https://en.wikipedia.org/wiki/Tara_expedition) * METHOD/DEVICE: Drifter (DRIFT)
Parameter(s):	LATITUDE (Latitude) * GEOCODE * PI: Horstmann, Jochen (https://orcid.org/0000-0002-7979-5736, jochen.horstmann@hereon.de, https://www.hzg.de/institutes_platforms/coastal_research/operational_systems/radar_hydrography/staff/046556/index.php.en) * METHOD/DEVICE: GPS receiver mounted on Lagrangian drifter
	LONGITUDE (Longitude) * GEOCODE * PI: Horstmann, Jochen (https://orcid.org/0000-0002-7979-5736, jochen.horstmann@hereon.de, https://www.hzg.de/institutes_platforms/coastal_research/operational_systems/radar_hydrography/staff/046556/index.php.en) * METHOD/DEVICE: GPS receiver mounted on Lagrangian drifter
	DEPTH, water [m] (Depth water) * GEOCODE * PI: Horstmann, Jochen (https://orcid.org/0000-0002-7979-5736, jochen.horstmann@hereon.de, https://www.hzg.de/institutes_platforms/coastal_research/operational_systems/radar_hydrography/staff/046556/index.php.en)
	Identification (ID) * PI: Horstmann, Jochen (https://orcid.org/0000-0002-7979-5736, jochen.horstmann@hereon.de, https://www.hzg.de/institutes_platforms/coastal_research/operational_systems/radar_hydrography/staff/046556/index.php.en) * COMMENT: DrifterID
	DATE/TIME (Date/Time) * GEOCODE * PI: Horstmann, Jochen (https://orcid.org/0000-0002-7979-5736, jochen.horstmann@hereon.de, https://www.hzg.de/institutes_platforms/coastal_research/operational_systems/radar_hydrography/staff/046556/index.php.en) * COMMENT: UTC
License:	Creative Commons Attribution 4.0 International (CC-BY-4.0) (URI: https://creativecommons.org/licenses/by/4.0/)
Status:	Curation Level: Enhanced curation (URI: https://wiki.pangaea.de/wiki/Curation_levels)
Size:	13297 data points
*/
Latitude	Longitude	Depth water [m]	ID	Date/Time
0.40045	-50.48831	0	52	2021-09-07T14:04:44
0.40003	-50.48804	0	52	2021-09-07T14:09:45
0.39986	-50.48813	0	52	2021-09-07T14:14:45
0.40013	-50.48792	0	52	2021-09-07T14:19:43
0.40027	-50.48776	0	52	2021-09-07T14:24:44
0.40015	-50.48764	0	52	2021-09-07T14:30:07
0.39992	-50.48764	0	52	2021-09-07T14:34:45
0.39946	-50.48770	0	52	2021-09-07T14:39:43
0.39878	-50.48785	0	52	2021-09-07T14:44:46
0.39787	-50.48807	0	52	2021-09-07T14:49:44
0.39680	-50.48837	0	52	2021-09-07T14:54:46
0.39550	-50.48877	0	52	2021-09-07T14:59:43
0.39402	-50.48923	0	52	2021-09-07T15:04:46
0.39233	-50.48979	0	52	2021-09-07T15:09:44
0.39048	-50.49039	0	52	2021-09-07T15:14:45
0.38847	-50.49109	0	52	2021-09-07T15:19:42
0.38633	-50.49195	0	52	2021-09-07T15:25:06
0.38388	-50.49298	0	52	2021-09-07T15:30:06
0.38174	-50.49403	0	52	2021-09-07T15:34:44
0.37947	-50.49515	0	52	2021-09-07T15:39:44
0.37713	-50.49640	0	52	2021-09-07T15:44:46
0.37481	-50.49771	0	52	2021-09-07T15:49:47
0.37244	-50.49908	0	52	2021-09-07T15:54:50
0.37007	-50.50049	0	52	2021-09-07T15:59:49
0.36773	-50.50195	0	52	2021-09-07T16:04:52
0.36538	-50.50348	0	52	2021-09-07T16:09:53
0.36298	-50.50516	0	52	2021-09-07T16:14:51
0.36051	-50.50696	0	52	2021-09-07T16:19:51
0.35792	-50.50882	0	52	2021-09-07T16:24:56
0.35509	-50.51099	0	52	2021-09-07T16:30:27
0.35289	-50.51273	0	52	2021-09-07T16:34:53
0.35044	-50.51480	0	52	2021-09-07T16:39:51
0.34799	-50.51691	0	52	2021-09-07T16:44:51
0.34563	-50.51901	0	52	2021-09-07T16:49:49
0.34334	-50.52115	0	52	2021-09-07T16:54:50
0.34110	-50.52339	0	52	2021-09-07T16:59:47
0.33891	-50.52554	0	52	2021-09-07T17:04:48
0.33679	-50.52771	0	52	2021-09-07T17:09:45
0.33466	-50.52991	0	52	2021-09-07T17:14:47
0.33255	-50.53218	0	52	2021-09-07T17:19:49
0.33058	-50.53433	0	52	2021-09-07T17:24:48
0.32837	-50.53680	0	52	2021-09-07T17:30:23
0.32669	-50.53873	0	52	2021-09-07T17:34:46
0.32482	-50.54083	0	52	2021-09-07T17:39:49
0.32303	-50.54291	0	52	2021-09-07T17:44:47
0.32133	-50.54492	0	52	2021-09-07T17:49:49
0.31979	-50.54684	0	52	2021-09-07T17:54:52
0.31837	-50.54871	0	52	2021-09-07T17:59:50
0.31694	-50.55056	0	52	2021-09-07T18:04:51
0.31565	-50.55228	0	52	2021-09-07T18:09:51
0.31446	-50.55399	0	52	2021-09-07T18:14:49
0.31353	-50.55551	0	52	2021-09-07T18:19:52
0.31263	-50.55685	0	52	2021-09-07T18:24:51
0.31184	-50.55826	0	52	2021-09-07T18:30:23
0.31128	-50.55927	0	52	2021-09-07T18:34:56
0.31069	-50.56033	0	52	2021-09-07T18:39:59
0.31018	-50.56127	0	52	2021-09-07T18:44:57
0.30967	-50.56213	0	52	2021-09-07T18:49:57
0.30925	-50.56296	0	52	2021-09-07T18:54:59
0.30893	-50.56363	0	52	2021-09-07T19:00:00
0.30864	-50.56412	0	52	2021-09-07T19:05:00
0.30842	-50.56454	0	52	2021-09-07T19:10:01
0.30830	-50.56482	0	52	2021-09-07T19:14:59
0.30824	-50.56491	0	52	2021-09-07T19:20:00
0.30822	-50.56491	0	52	2021-09-07T19:24:59
0.30834	-50.56475	0	52	2021-09-07T19:29:58
0.30843	-50.56458	0	52	2021-09-07T19:34:58
0.30863	-50.56427	0	52	2021-09-07T19:39:59
0.30889	-50.56396	0	52	2021-09-07T19:44:59
0.30925	-50.56345	0	52	2021-09-07T19:49:58
0.30968	-50.56285	0	52	2021-09-07T19:54:58
0.31015	-50.56216	0	52	2021-09-07T19:59:59
0.31072	-50.56128	0	52	2021-09-07T20:04:58
0.31136	-50.56033	0	52	2021-09-07T20:09:56
0.31212	-50.55930	0	52	2021-09-07T20:14:58
0.31294	-50.55814	0	52	2021-09-07T20:19:58
0.31383	-50.55688	0	52	2021-09-07T20:25:00
0.31484	-50.55529	0	52	2021-09-07T20:29:59
0.31574	-50.55392	0	52	2021-09-07T20:34:58
0.31684	-50.55231	0	52	2021-09-07T20:40:01
0.31807	-50.55045	0	52	2021-09-07T20:44:59
0.31946	-50.54834	0	52	2021-09-07T20:50:03
0.32087	-50.54642	0	52	2021-09-07T20:55:01
0.32242	-50.54422	0	52	2021-09-07T21:00:02
0.32405	-50.54199	0	52	2021-09-07T21:05:02
0.32585	-50.53961	0	52	2021-09-07T21:10:04
0.32772	-50.53714	0	52	2021-09-07T21:15:03
0.32969	-50.53461	0	52	2021-09-07T21:20:05
0.33180	-50.53186	0	52	2021-09-07T21:25:06
0.33426	-50.52890	0	52	2021-09-07T21:30:30
0.33902	-50.52348	0	52	2021-09-07T21:40:01
0.34168	-50.52065	0	52	2021-09-07T21:45:01
0.34438	-50.51773	0	52	2021-09-07T21:50:01
0.34729	-50.51474	0	52	2021-09-07T21:55:02
0.35036	-50.51166	0	52	2021-09-07T22:00:03
0.35356	-50.50858	0	52	2021-09-07T22:05:05
0.35692	-50.50549	0	52	2021-09-07T22:10:02
0.36048	-50.50244	0	52	2021-09-07T22:15:03
0.36414	-50.49942	0	52	2021-09-07T22:20:02
0.36805	-50.49633	0	52	2021-09-07T22:25:31
0.37251	-50.49307	0	52	2021-09-07T22:30:31
0.37635	-50.49039	0	52	2021-09-07T22:35:02
0.38076	-50.48755	0	52	2021-09-07T22:40:00
0.38535	-50.48476	0	52	2021-09-07T22:45:00
0.39007	-50.48227	0	52	2021-09-07T22:50:00
0.39492	-50.47992	0	52	2021-09-07T22:55:01
0.39979	-50.47772	0	52	2021-09-07T22:59:59
0.40471	-50.47556	0	52	2021-09-07T23:05:00
0.40961	-50.47333	0	52	2021-09-07T23:10:00
0.41455	-50.47131	0	52	2021-09-07T23:15:01
0.41931	-50.46947	0	52	2021-09-07T23:20:29
0.42412	-50.46777	0	52	2021-09-07T23:24:59
0.42906	-50.46603	0	52	2021-09-07T23:30:28
0.43326	-50.46451	0	52	2021-09-07T23:35:01
0.43798	-50.46283	0	52	2021-09-07T23:40:01
0.44256	-50.46112	0	52	2021-09-07T23:44:58
0.44733	-50.45938	0	52	2021-09-07T23:49:58
0.45211	-50.45749	0	52	2021-09-07T23:54:59
0.45709	-50.45558	0	52	2021-09-07T23:59:54
0.46220	-50.45378	0	52	2021-09-08T00:04:54
0.46744	-50.45215	0	52	2021-09-08T00:09:54
0.47279	-50.45062	0	52	2021-09-08T00:14:56
0.47813	-50.44925	0	52	2021-09-08T00:19:53
0.48344	-50.44797	0	52	2021-09-08T00:24:55
0.48931	-50.44662	0	52	2021-09-08T00:30:26
0.49393	-50.44565	0	52	2021-09-08T00:34:55
0.49902	-50.44464	0	52	2021-09-08T00:39:54
0.50398	-50.44370	0	52	2021-09-08T00:44:53
0.50876	-50.44293	0	52	2021-09-08T00:49:53
0.51346	-50.44214	0	52	2021-09-08T00:54:54
0.51790	-50.44135	0	52	2021-09-08T00:59:52
0.52212	-50.44061	0	52	2021-09-08T01:04:53
0.52608	-50.43991	0	52	2021-09-08T01:09:54
0.52980	-50.43921	0	52	2021-09-08T01:14:52
0.53331	-50.43863	0	52	2021-09-08T01:19:55
0.53651	-50.43808	0	52	2021-09-08T01:24:53
0.53975	-50.43747	0	52	2021-09-08T01:29:54
0.54211	-50.43713	0	52	2021-09-08T01:34:54
0.54460	-50.43674	0	52	2021-09-08T01:39:52
0.54687	-50.43646	0	52	2021-09-08T01:44:52
0.54898	-50.43613	0	52	2021-09-08T01:49:54
0.55095	-50.43588	0	52	2021-09-08T01:54:55
0.55262	-50.43573	0	52	2021-09-08T01:59:54
0.55409	-50.43564	0	52	2021-09-08T02:04:56
0.55538	-50.43567	0	52	2021-09-08T02:09:53
0.55641	-50.43567	0	52	2021-09-08T02:14:54
0.55722	-50.43582	0	52	2021-09-08T02:19:54
0.55785	-50.43607	0	52	2021-09-08T02:24:58
0.55823	-50.43640	0	52	2021-09-08T02:30:27
0.55827	-50.43678	0	52	2021-09-08T02:34:57
0.55806	-50.43729	0	52	2021-09-08T02:39:58
0.55763	-50.43787	0	52	2021-09-08T02:44:56
0.55696	-50.43851	0	52	2021-09-08T02:49:58
0.55610	-50.43921	0	52	2021-09-08T02:54:57
0.55495	-50.44000	0	52	2021-09-08T02:59:54
0.55363	-50.44086	0	52	2021-09-08T03:04:54
0.55206	-50.44174	0	52	2021-09-08T03:09:52
0.55027	-50.44260	0	52	2021-09-08T03:14:52
0.54830	-50.44354	0	52	2021-09-08T03:19:53
0.54603	-50.44449	0	52	2021-09-08T03:24:54
0.54321	-50.44556	0	52	2021-09-08T03:30:26
0.54087	-50.44644	0	52	2021-09-08T03:34:51
0.53804	-50.44751	0	52	2021-09-08T03:39:52
0.53509	-50.44861	0	52	2021-09-08T03:44:54
0.53205	-50.44968	0	52	2021-09-08T03:49:53
0.52894	-50.45071	0	52	2021-09-08T03:54:52
0.52578	-50.45172	0	52	2021-09-08T03:59:53
0.52254	-50.45276	0	52	2021-09-08T04:04:56
0.51926	-50.45380	0	52	2021-09-08T04:09:54
0.51600	-50.45483	0	52	2021-09-08T04:14:54
0.51269	-50.45584	0	52	2021-09-08T04:19:56
0.50932	-50.45679	0	52	2021-09-08T04:24:53
0.50571	-50.45782	0	52	2021-09-08T04:30:25
0.50276	-50.45859	0	52	2021-09-08T04:34:58
0.49953	-50.45944	0	52	2021-09-08T04:39:55
0.49625	-50.46030	0	52	2021-09-08T04:44:56
0.49294	-50.46118	0	52	2021-09-08T04:49:54
0.48949	-50.46219	0	52	2021-09-08T04:54:55
0.48595	-50.46343	0	52	2021-09-08T04:59:51
0.48269	-50.46455	0	52	2021-09-08T05:04:51
0.47969	-50.46558	0	52	2021-09-08T05:09:50
0.47674	-50.46667	0	52	2021-09-08T05:14:51
0.47400	-50.46783	0	52	2021-09-08T05:19:49
0.47149	-50.46894	0	52	2021-09-08T05:25:25
0.46883	-50.47006	0	52	2021-09-08T05:30:24
0.46695	-50.47086	0	52	2021-09-08T05:34:48
0.46511	-50.47159	0	52	2021-09-08T05:39:50
0.46331	-50.47220	0	52	2021-09-08T05:44:50
0.46163	-50.47275	0	52	2021-09-08T05:49:51
0.46010	-50.47327	0	52	2021-09-08T05:54:53
0.45867	-50.47369	0	52	2021-09-08T05:59:51
0.45729	-50.47417	0	52	2021-09-08T06:04:51
0.45600	-50.47451	0	52	2021-09-08T06:09:52
0.45476	-50.47485	0	52	2021-09-08T06:14:52
0.45357	-50.47522	0	52	2021-09-08T06:19:53
0.45249	-50.47556	0	52	2021-09-08T06:24:47
0.45136	-50.47595	0	52	2021-09-08T06:30:26
0.45056	-50.47626	0	52	2021-09-08T06:34:48
0.44969	-50.47653	0	52	2021-09-08T06:39:49
0.44891	-50.47672	0	52	2021-09-08T06:44:50
0.44819	-50.47690	0	52	2021-09-08T06:49:47
0.44754	-50.47702	0	52	2021-09-08T06:54:45
0.44698	-50.47711	0	52	2021-09-08T06:59:47
0.44653	-50.47717	0	52	2021-09-08T07:04:45
0.44620	-50.47717	0	52	2021-09-08T07:09:46
0.44599	-50.47708	0	52	2021-09-08T07:14:47
0.44590	-50.47699	0	52	2021-09-08T07:19:47
0.44594	-50.47690	0	52	2021-09-08T07:24:45
0.44613	-50.47672	0	52	2021-09-08T07:30:25
0.44641	-50.47650	0	52	2021-09-08T07:34:47
0.44685	-50.47626	0	52	2021-09-08T07:39:48
0.44738	-50.47592	0	52	2021-09-08T07:44:49
0.44808	-50.47556	0	52	2021-09-08T07:49:57
0.44881	-50.47522	0	52	2021-09-08T07:54:57
0.44971	-50.47479	0	52	2021-09-08T07:59:56
0.45072	-50.47433	0	52	2021-09-08T08:04:56
0.45183	-50.47382	0	52	2021-09-08T08:09:53
0.45311	-50.47329	0	52	2021-09-08T08:14:50
0.45444	-50.47278	0	52	2021-09-08T08:19:51
0.45589	-50.47223	0	52	2021-09-08T08:24:51
0.45766	-50.47165	0	52	2021-09-08T08:30:23
0.45928	-50.47112	0	52	2021-09-08T08:34:46
0.46121	-50.47052	0	52	2021-09-08T08:39:46
0.46334	-50.46970	0	52	2021-09-08T08:44:48
0.46572	-50.46838	0	52	2021-09-08T08:49:48
0.46813	-50.46689	0	52	2021-09-08T08:54:48
0.47070	-50.46530	0	52	2021-09-08T08:59:49
0.47348	-50.46344	0	52	2021-09-08T09:04:51
0.47628	-50.46122	0	52	2021-09-08T09:09:52
0.47873	-50.45959	0	52	2021-09-08T09:14:52
0.48146	-50.45813	0	52	2021-09-08T09:19:52
0.48441	-50.45686	0	52	2021-09-08T09:25:25
0.48771	-50.45557	0	52	2021-09-08T09:30:26
0.49044	-50.45462	0	52	2021-09-08T09:34:56
0.49353	-50.45358	0	52	2021-09-08T09:39:57
0.49670	-50.45261	0	52	2021-09-08T09:44:57
0.49992	-50.45163	0	52	2021-09-08T09:49:55
0.50319	-50.45065	0	52	2021-09-08T09:54:55
0.50659	-50.44968	0	52	2021-09-08T09:59:56
0.51002	-50.44870	0	52	2021-09-08T10:04:58
0.51349	-50.44772	0	52	2021-09-08T10:09:58
0.51704	-50.44669	0	52	2021-09-08T10:14:59
0.52056	-50.44565	0	52	2021-09-08T10:20:00
0.52413	-50.44458	0	52	2021-09-08T10:25:01
0.52803	-50.44333	0	52	2021-09-08T10:30:24
0.53138	-50.44226	0	52	2021-09-08T10:35:02
0.53511	-50.44110	0	52	2021-09-08T10:40:02
0.53889	-50.43985	0	52	2021-09-08T10:45:03
0.54279	-50.43860	0	52	2021-09-08T10:50:05
0.54676	-50.43726	0	52	2021-09-08T10:55:02
0.55076	-50.43594	0	52	2021-09-08T11:00:00
0.55496	-50.43460	0	52	2021-09-08T11:05:03
0.55923	-50.43314	0	52	2021-09-08T11:10:01
0.56360	-50.43155	0	52	2021-09-08T11:15:02
0.56794	-50.42981	0	52	2021-09-08T11:20:01
0.57229	-50.42801	0	52	2021-09-08T11:25:02
0.57705	-50.42584	0	52	2021-09-08T11:30:26
0.58103	-50.42395	0	52	2021-09-08T11:34:58
0.58548	-50.42161	0	52	2021-09-08T11:39:55
0.58999	-50.41921	0	52	2021-09-08T11:44:55
0.59471	-50.41672	0	52	2021-09-08T11:49:56
0.59956	-50.41409	0	52	2021-09-08T11:54:54
0.60451	-50.41135	0	52	2021-09-08T11:59:53
0.60967	-50.40836	0	52	2021-09-08T12:04:55
0.61448	-50.40561	0	52	2021-09-08T12:09:55
0.61921	-50.40265	0	52	2021-09-08T12:14:53
0.62859	-50.39633	0	52	2021-09-08T12:24:55
0.63389	-50.39264	0	52	2021-09-08T12:30:57
0.63721	-50.38998	0	52	2021-09-08T12:34:56
0.64159	-50.38685	0	52	2021-09-08T12:39:57
0.64575	-50.38385	0	52	2021-09-08T12:44:57
0.64941	-50.38116	0	52	2021-09-08T12:49:55
0.65277	-50.37841	0	52	2021-09-08T12:54:56
0.65560	-50.37592	0	52	2021-09-08T12:59:56
0.65820	-50.37357	0	52	2021-09-08T13:04:56
0.66061	-50.37140	0	52	2021-09-08T13:09:59
0.66275	-50.36926	0	52	2021-09-08T13:14:56
0.66447	-50.36737	0	52	2021-09-08T13:19:56
0.66598	-50.36557	0	52	2021-09-08T13:24:59
0.66742	-50.36392	0	52	2021-09-08T13:30:27
0.66859	-50.36278	0	52	2021-09-08T13:34:57
0.66975	-50.36166	0	52	2021-09-08T13:39:56
0.67072	-50.36072	0	52	2021-09-08T13:44:55
0.67164	-50.35986	0	52	2021-09-08T13:49:56
0.67243	-50.35921	0	52	2021-09-08T13:54:57
0.67316	-50.35870	0	52	2021-09-08T13:59:56
0.67384	-50.35840	0	52	2021-09-08T14:04:58
0.67440	-50.35825	0	52	2021-09-08T14:09:56
0.67484	-50.35832	0	52	2021-09-08T14:14:56
0.67511	-50.35858	0	52	2021-09-08T14:19:55
0.67535	-50.35904	0	52	2021-09-08T14:24:58
0.67548	-50.35977	0	52	2021-09-08T14:30:23
0.67549	-50.36053	0	52	2021-09-08T14:34:54
0.67536	-50.36157	0	52	2021-09-08T14:39:55
0.67512	-50.36273	0	52	2021-09-08T14:44:55
0.67477	-50.36414	0	52	2021-09-08T14:49:56
0.67428	-50.36577	0	52	2021-09-08T14:54:54
0.67372	-50.36740	0	52	2021-09-08T14:59:54
0.67299	-50.36923	0	52	2021-09-08T15:04:55
0.67210	-50.37119	0	52	2021-09-08T15:09:54
0.67111	-50.37332	0	52	2021-09-08T15:14:55
0.67003	-50.37552	0	52	2021-09-08T15:19:53
0.66875	-50.37790	0	52	2021-09-08T15:24:53
0.66698	-50.38062	0	52	2021-09-08T15:30:23
0.66551	-50.38287	0	52	2021-09-08T15:34:48
0.66381	-50.38559	0	52	2021-09-08T15:39:49
0.66211	-50.38834	0	52	2021-09-08T15:44:50
0.66030	-50.39108	0	52	2021-09-08T15:49:51
0.65838	-50.39389	0	52	2021-09-08T15:54:52
0.65633	-50.39679	0	52	2021-09-08T15:59:49
0.65407	-50.39981	0	52	2021-09-08T16:04:49
0.65181	-50.40292	0	52	2021-09-08T16:09:50
0.64951	-50.40594	0	52	2021-09-08T16:14:48
0.64723	-50.40894	0	52	2021-09-08T16:19:53
0.64485	-50.41190	0	52	2021-09-08T16:24:53
0.64212	-50.41522	0	52	2021-09-08T16:30:27
0.63985	-50.41772	0	52	2021-09-08T16:34:53
0.63723	-50.42056	0	52	2021-09-08T16:39:51
0.63464	-50.42337	0	52	2021-09-08T16:44:52
0.63210	-50.42612	0	52	2021-09-08T16:49:53
0.62963	-50.42874	0	52	2021-09-08T16:54:54
0.62714	-50.43130	0	52	2021-09-08T16:59:56
0.62472	-50.43377	0	52	2021-09-08T17:04:55
0.62244	-50.43600	0	52	2021-09-08T17:09:54
0.62014	-50.43817	0	52	2021-09-08T17:14:57
0.61790	-50.44025	0	52	2021-09-08T17:19:54
0.61567	-50.44224	0	52	2021-09-08T17:25:25
0.61335	-50.44421	0	52	2021-09-08T17:30:24
0.61150	-50.44568	0	52	2021-09-08T17:34:53
0.60948	-50.44724	0	52	2021-09-08T17:39:54
0.60758	-50.44882	0	52	2021-09-08T17:44:52
0.60575	-50.45034	0	52	2021-09-08T17:49:49
0.60403	-50.45163	0	52	2021-09-08T17:54:49
0.60243	-50.45294	0	52	2021-09-08T17:59:50
0.60090	-50.45424	0	52	2021-09-08T18:04:47
0.59948	-50.45536	0	52	2021-09-08T18:09:48
0.59819	-50.45639	0	52	2021-09-08T18:14:48
0.59698	-50.45740	0	52	2021-09-08T18:19:46
0.59582	-50.45828	0	52	2021-09-08T18:24:46
0.59462	-50.45923	0	52	2021-09-08T18:30:07
0.59372	-50.45996	0	52	2021-09-08T18:34:44
0.59286	-50.46075	0	52	2021-09-08T18:39:41
0.59211	-50.46146	0	52	2021-09-08T18:44:42
0.59145	-50.46213	0	52	2021-09-08T18:49:39
0.59090	-50.46269	0	52	2021-09-08T18:54:41
0.59047	-50.46320	0	52	2021-09-08T18:59:41
0.59013	-50.46362	0	52	2021-09-08T19:04:42
0.58994	-50.46405	0	52	2021-09-08T19:09:46
0.58994	-50.46420	0	52	2021-09-08T19:14:43
0.59003	-50.46439	0	52	2021-09-08T19:19:45
0.59027	-50.46451	0	52	2021-09-08T19:24:44
0.59068	-50.46457	0	52	2021-09-08T19:30:25
0.59122	-50.46446	0	52	2021-09-08T19:34:47
0.59191	-50.46429	0	52	2021-09-08T19:39:48
0.59274	-50.46411	0	52	2021-09-08T19:44:47
0.59367	-50.46381	0	52	2021-09-08T19:49:49
0.59472	-50.46338	0	52	2021-09-08T19:54:49
0.59584	-50.46295	0	52	2021-09-08T19:59:48
0.59702	-50.46228	0	52	2021-09-08T20:04:53
0.59839	-50.46167	0	52	2021-09-08T20:09:49
0.59993	-50.46079	0	52	2021-09-08T20:14:49
0.60160	-50.45993	0	52	2021-09-08T20:19:49
0.60339	-50.45898	0	52	2021-09-08T20:24:50
0.60555	-50.45782	0	52	2021-09-08T20:30:26
0.60745	-50.45676	0	52	2021-09-08T20:34:49
0.60964	-50.45564	0	52	2021-09-08T20:39:50
0.61191	-50.45444	0	52	2021-09-08T20:44:50
0.61431	-50.45313	0	52	2021-09-08T20:49:51
0.61684	-50.45170	0	52	2021-09-08T20:54:53
0.61928	-50.45035	0	52	2021-09-08T20:59:51
0.62186	-50.44879	0	52	2021-09-08T21:04:54
0.62453	-50.44724	0	52	2021-09-08T21:09:52
0.62724	-50.44568	0	52	2021-09-08T21:14:49
0.62988	-50.44391	0	52	2021-09-08T21:19:50
0.63252	-50.44211	0	52	2021-09-08T21:24:49
0.63548	-50.44003	0	52	2021-09-08T21:30:26
0.63781	-50.43842	0	52	2021-09-08T21:34:48
0.64030	-50.43652	0	52	2021-09-08T21:39:49
0.64274	-50.43469	0	52	2021-09-08T21:44:46
0.64525	-50.43272	0	52	2021-09-08T21:49:43
0.64771	-50.43066	0	52	2021-09-08T21:54:44
0.65023	-50.42844	0	52	2021-09-08T21:59:44
0.65272	-50.42618	0	52	2021-09-08T22:04:42
0.65523	-50.42416	0	52	2021-09-08T22:09:43
0.65778	-50.42215	0	52	2021-09-08T22:14:43
0.66026	-50.42010	0	52	2021-09-08T22:19:44
0.66260	-50.41803	0	52	2021-09-08T22:24:45
0.66534	-50.41565	0	52	2021-09-08T22:30:52
0.66701	-50.41412	0	52	2021-09-08T22:34:47
0.66921	-50.41208	0	52	2021-09-08T22:39:48
0.67130	-50.41005	0	52	2021-09-08T22:44:45
0.67327	-50.40820	0	52	2021-09-08T22:49:48
0.67520	-50.40619	0	52	2021-09-08T22:54:45
0.67710	-50.40414	0	52	2021-09-08T22:59:46
0.67894	-50.40198	0	52	2021-09-08T23:04:44
0.68077	-50.39978	0	52	2021-09-08T23:09:45
0.68257	-50.39743	0	52	2021-09-08T23:14:45
0.68430	-50.39496	0	52	2021-09-08T23:19:46
0.68610	-50.39231	0	52	2021-09-08T23:25:23
0.68790	-50.38922	0	52	2021-09-08T23:30:23
0.68920	-50.38654	0	52	2021-09-08T23:34:49
0.69062	-50.38339	0	52	2021-09-08T23:39:49
0.69214	-50.38009	0	52	2021-09-08T23:44:46
0.69399	-50.37683	0	52	2021-09-08T23:49:45
0.69598	-50.37357	0	52	2021-09-08T23:54:46
0.69769	-50.37061	0	52	2021-09-08T23:59:43
0.69973	-50.36772	0	52	2021-09-09T00:04:40
0.70179	-50.36489	0	52	2021-09-09T00:09:40
0.70398	-50.36197	0	52	2021-09-09T00:14:41
0.70621	-50.35883	0	52	2021-09-09T00:19:39
0.70841	-50.35564	0	52	2021-09-09T00:25:08
0.71056	-50.35229	0	52	2021-09-09T00:30:07
0.71228	-50.34922	0	52	2021-09-09T00:34:43
0.71400	-50.34579	0	52	2021-09-09T00:39:42
0.71563	-50.34229	0	52	2021-09-09T00:44:41
0.71708	-50.33887	0	52	2021-09-09T00:49:42
0.71834	-50.33555	0	52	2021-09-09T00:54:41
0.71967	-50.33255	0	52	2021-09-09T00:59:41
0.72090	-50.32956	0	52	2021-09-09T01:04:42
0.72213	-50.32675	0	52	2021-09-09T01:09:41
0.72342	-50.32422	0	52	2021-09-09T01:14:39
0.72471	-50.32192	0	52	2021-09-09T01:19:39
0.72595	-50.31995	0	52	2021-09-09T01:24:38
0.72706	-50.31815	0	52	2021-09-09T01:29:54
0.72790	-50.31671	0	52	2021-09-09T01:34:40
0.72872	-50.31540	0	52	2021-09-09T01:39:40
0.72946	-50.31424	0	52	2021-09-09T01:44:37
0.73018	-50.31329	0	52	2021-09-09T01:49:39
0.73083	-50.31253	0	52	2021-09-09T01:54:41
0.73145	-50.31186	0	52	2021-09-09T01:59:38
0.73196	-50.31143	0	52	2021-09-09T02:04:37
0.73250	-50.31107	0	52	2021-09-09T02:09:38
0.73299	-50.31098	0	52	2021-09-09T02:14:34
0.73338	-50.31098	0	52	2021-09-09T02:19:35
0.73368	-50.31107	0	52	2021-09-09T02:24:35
0.73401	-50.31143	0	52	2021-09-09T02:29:56
0.73433	-50.31196	0	52	2021-09-09T02:34:35
0.73454	-50.31265	0	52	2021-09-09T02:39:35
0.73475	-50.31342	0	52	2021-09-09T02:44:36
0.73495	-50.31439	0	52	2021-09-09T02:49:33
0.73523	-50.31564	0	52	2021-09-09T02:54:32
0.73540	-50.31684	0	52	2021-09-09T02:59:31
0.73553	-50.31821	0	52	2021-09-09T03:04:31
0.73565	-50.31973	0	52	2021-09-09T03:09:29
0.73569	-50.32141	0	52	2021-09-09T03:14:29
0.73556	-50.32315	0	52	2021-09-09T03:19:26
0.73539	-50.32489	0	52	2021-09-09T03:24:27
0.73508	-50.32681	0	52	2021-09-09T03:29:58
0.73466	-50.32834	0	52	2021-09-09T03:34:26
0.73408	-50.33002	0	52	2021-09-09T03:39:26
0.73340	-50.33163	0	52	2021-09-09T03:44:24
0.73251	-50.33330	0	52	2021-09-09T03:49:24
0.73148	-50.33502	0	52	2021-09-09T03:54:25
0.73019	-50.33679	0	52	2021-09-09T03:59:22
0.72864	-50.33859	0	52	2021-09-09T04:04:23
0.72699	-50.34062	0	52	2021-09-09T04:09:20
0.72540	-50.34268	0	52	2021-09-09T04:14:20
0.72385	-50.34500	0	52	2021-09-09T04:19:17
0.72231	-50.34755	0	52	2021-09-09T04:24:18
0.72074	-50.35052	0	52	2021-09-09T04:29:54
0.71948	-50.35321	0	52	2021-09-09T04:34:17
0.71802	-50.35626	0	52	2021-09-09T04:39:16
0.71666	-50.35913	0	52	2021-09-09T04:44:14
0.71524	-50.36174	0	52	2021-09-09T04:49:14
0.71378	-50.36414	0	52	2021-09-09T04:54:14
0.71223	-50.36667	0	52	2021-09-09T04:59:15
0.71056	-50.36923	0	52	2021-09-09T05:04:13
0.70874	-50.37186	0	52	2021-09-09T05:09:14
0.70676	-50.37460	0	52	2021-09-09T05:14:12
0.70476	-50.37756	0	52	2021-09-09T05:19:12
0.70270	-50.38077	0	52	2021-09-09T05:24:13
0.70083	-50.38455	0	52	2021-09-09T05:29:36
0.69987	-50.38821	0	52	2021-09-09T05:34:12
0.69990	-50.39230	0	52	2021-09-09T05:39:11
0.70126	-50.39544	0	52	2021-09-09T05:44:13
0.70370	-50.39656	0	52	2021-09-09T05:49:13
0.70633	-50.39682	0	52	2021-09-09T05:54:13
0.70877	-50.39658	0	52	2021-09-09T05:59:11
0.71109	-50.39590	0	52	2021-09-09T06:04:12
0.71327	-50.39511	0	52	2021-09-09T06:09:09
0.71523	-50.39426	0	52	2021-09-09T06:14:09
0.71691	-50.39343	0	52	2021-09-09T06:19:10
0.71819	-50.39273	0	52	2021-09-09T06:24:08
0.71913	-50.39206	0	52	2021-09-09T06:29:24
0.71962	-50.39145	0	52	2021-09-09T06:34:10
0.71985	-50.39093	0	52	2021-09-09T06:39:09
0.71987	-50.39041	0	52	2021-09-09T06:44:11
0.71963	-50.39029	0	52	2021-09-09T06:49:08
0.71892	-50.39032	0	52	2021-09-09T06:54:09
0.71777	-50.39056	0	52	2021-09-09T06:59:09
0.71617	-50.39108	0	52	2021-09-09T07:04:10
0.71434	-50.39194	0	52	2021-09-09T07:09:08
0.71197	-50.39332	0	52	2021-09-09T07:14:08
0.70905	-50.39478	0	52	2021-09-09T07:19:08
0.70540	-50.39566	0	52	2021-09-09T07:24:09
0.70164	-50.39545	0	52	2021-09-09T07:29:24
0.69851	-50.39462	0	52	2021-09-09T07:34:08
0.69541	-50.39307	0	52	2021-09-09T07:39:06
0.69306	-50.39105	0	52	2021-09-09T07:44:09
0.69132	-50.38889	0	52	2021-09-09T07:49:07
0.68996	-50.38696	0	52	2021-09-09T07:54:08
0.68909	-50.38528	0	52	2021-09-09T07:59:11
0.68855	-50.38354	0	52	2021-09-09T08:04:10
0.68819	-50.38181	0	52	2021-09-09T08:09:09
0.68807	-50.38016	0	52	2021-09-09T08:14:11
0.68831	-50.37833	0	52	2021-09-09T08:19:09
0.68877	-50.37653	0	52	2021-09-09T08:24:09
0.68956	-50.37427	0	52	2021-09-09T08:29:25
0.69052	-50.37225	0	52	2021-09-09T08:34:08
0.69160	-50.37012	0	52	2021-09-09T08:39:10
0.69311	-50.36816	0	52	2021-09-09T08:44:08
0.69460	-50.36584	0	52	2021-09-09T08:49:09
0.69607	-50.36362	0	52	2021-09-09T08:54:09
0.69757	-50.36108	0	52	2021-09-09T08:59:10
0.69945	-50.35842	0	52	2021-09-09T09:04:08
0.70099	-50.35593	0	52	2021-09-09T09:09:08
0.70258	-50.35339	0	52	2021-09-09T09:14:10
0.70425	-50.35065	0	52	2021-09-09T09:19:11
0.70584	-50.34766	0	52	2021-09-09T09:24:11
0.70758	-50.34439	0	52	2021-09-09T09:29:39
0.70913	-50.34146	0	52	2021-09-09T09:34:10
0.71091	-50.33817	0	52	2021-09-09T09:39:10
0.71253	-50.33484	0	52	2021-09-09T09:44:08
0.71419	-50.33145	0	52	2021-09-09T09:49:09
0.71580	-50.32791	0	52	2021-09-09T09:54:10
0.71737	-50.32422	0	52	2021-09-09T09:59:10
0.71891	-50.32043	0	52	2021-09-09T10:04:11
0.72038	-50.31650	0	52	2021-09-09T10:09:11
0.72180	-50.31241	0	52	2021-09-09T10:14:13
0.72317	-50.30823	0	52	2021-09-09T10:19:14
0.72452	-50.30399	0	52	2021-09-09T10:24:14
0.72587	-50.29932	0	52	2021-09-09T10:29:38
0.72696	-50.29514	0	52	2021-09-09T10:34:16
0.72806	-50.29053	0	52	2021-09-09T10:39:17
0.72908	-50.28586	0	52	2021-09-09T10:44:18
0.73003	-50.28096	0	52	2021-09-09T10:49:17
0.73073	-50.27603	0	52	2021-09-09T10:54:23
0.73110	-50.27109	0	52	2021-09-09T10:59:17
0.73175	-50.26599	0	52	2021-09-09T11:04:17
0.73246	-50.26094	0	52	2021-09-09T11:09:14
0.73328	-50.25613	0	52	2021-09-09T11:14:14
0.73411	-50.25116	0	52	2021-09-09T11:19:12
0.73489	-50.24622	0	52	2021-09-09T11:24:12
0.73587	-50.24047	0	52	2021-09-09T11:29:10
0.73660	-50.23541	0	52	2021-09-09T11:34:11
0.73734	-50.22986	0	52	2021-09-09T11:39:08
0.73820	-50.22427	0	52	2021-09-09T11:44:11
0.73882	-50.21860	0	52	2021-09-09T11:49:10
0.73933	-50.21268	0	52	2021-09-09T11:54:10
0.73977	-50.20685	0	52	2021-09-09T11:59:10
0.74015	-50.20090	0	52	2021-09-09T12:04:11
0.74071	-50.19528	0	52	2021-09-09T12:09:09
0.74131	-50.18984	0	52	2021-09-09T12:14:13
0.74178	-50.18478	0	52	2021-09-09T12:19:12
0.74232	-50.17986	0	52	2021-09-09T12:24:37
0.74300	-50.17480	0	52	2021-09-09T12:29:36
0.74378	-50.17062	0	52	2021-09-09T12:34:12
0.74455	-50.16618	0	52	2021-09-09T12:39:13
0.74524	-50.16217	0	52	2021-09-09T12:44:11
0.74583	-50.15829	0	52	2021-09-09T12:49:12
0.74646	-50.15466	0	52	2021-09-09T12:54:12
0.74705	-50.15140	0	52	2021-09-09T12:59:10
0.74766	-50.14844	0	52	2021-09-09T13:04:11
0.74822	-50.14584	0	52	2021-09-09T13:09:10
0.74871	-50.14362	0	52	2021-09-09T13:14:12
0.74914	-50.14165	0	52	2021-09-09T13:19:10
0.74957	-50.14011	0	52	2021-09-09T13:24:10
0.74996	-50.13876	0	52	2021-09-09T13:29:35
0.75020	-50.13785	0	52	2021-09-09T13:34:11
0.75039	-50.13701	0	52	2021-09-09T13:39:10
0.75052	-50.13641	0	52	2021-09-09T13:44:10
0.75060	-50.13596	0	52	2021-09-09T13:49:11
0.75059	-50.13565	0	52	2021-09-09T13:54:11
0.75061	-50.13547	0	52	2021-09-09T14:04:10
0.75062	-50.13565	0	52	2021-09-09T14:09:13
0.75061	-50.13599	0	52	2021-09-09T14:14:11
0.75054	-50.13659	0	52	2021-09-09T14:19:08
0.75045	-50.13736	0	52	2021-09-09T14:24:09
0.75039	-50.13843	0	52	2021-09-09T14:29:28
0.75029	-50.13967	0	52	2021-09-09T14:34:06
0.75012	-50.14113	0	52	2021-09-09T14:39:05
0.74995	-50.14285	0	52	2021-09-09T14:44:05
0.74963	-50.14490	0	52	2021-09-09T14:49:04
0.74929	-50.14719	0	52	2021-09-09T14:54:03
0.74907	-50.14972	0	52	2021-09-09T14:59:02
0.74903	-50.15271	0	52	2021-09-09T15:04:04
0.74927	-50.15588	0	52	2021-09-09T15:09:02
0.74997	-50.15908	0	52	2021-09-09T15:13:58
0.75074	-50.16217	0	52	2021-09-09T15:18:59
0.75146	-50.16513	0	52	2021-09-09T15:24:00
0.75187	-50.16885	0	52	2021-09-09T15:29:24
0.75231	-50.17200	0	52	2021-09-09T15:33:59
0.75295	-50.17532	0	52	2021-09-09T15:38:58
0.75263	-50.17807	0	52	2021-09-09T15:44:03
0.75240	-50.18007	0	52	2021-09-09T15:49:00
0.75180	-50.18213	0	52	2021-09-09T15:54:00
0.75132	-50.18332	0	52	2021-09-09T15:58:58
0.75130	-50.18558	0	52	2021-09-09T16:03:59
0.75117	-50.18726	0	52	2021-09-09T16:08:56
0.75088	-50.18860	0	52	2021-09-09T16:13:57
0.75051	-50.18991	0	52	2021-09-09T16:18:58
0.75012	-50.19171	0	52	2021-09-09T16:23:59
0.75035	-50.19234	0	52	2021-09-09T16:28:56
0.75020	-50.19238	0	52	2021-09-09T16:33:55
0.74962	-50.19312	0	52	2021-09-09T16:38:56
0.74892	-50.19485	0	52	2021-09-09T16:43:53
0.74824	-50.19738	0	52	2021-09-09T16:48:52
0.74780	-50.20010	0	52	2021-09-09T16:53:55
0.74751	-50.20270	0	52	2021-09-09T16:58:52
0.74727	-50.20502	0	52	2021-09-09T17:03:50
0.74705	-50.20720	0	52	2021-09-09T17:08:47
0.74679	-50.20926	0	52	2021-09-09T17:13:48
0.74658	-50.21127	0	52	2021-09-09T17:18:49
0.74637	-50.21341	0	52	2021-09-09T17:23:46
0.74589	-50.21594	0	52	2021-09-09T17:29:25
0.74564	-50.21818	0	52	2021-09-09T17:33:48
0.74543	-50.22058	0	52	2021-09-09T17:38:48
0.74524	-50.22293	0	52	2021-09-09T17:43:46
0.74498	-50.22525	0	52	2021-09-09T17:48:46
0.74477	-50.22714	0	52	2021-09-09T17:53:46
0.74446	-50.22910	0	52	2021-09-09T17:58:48
0.74352	-50.23685	0	52	2021-09-09T18:18:47
0.74331	-50.23858	0	52	2021-09-09T18:24:24
0.74310	-50.24030	0	52	2021-09-09T18:29:24
0.74293	-50.24152	0	52	2021-09-09T18:33:50
0.74269	-50.24277	0	52	2021-09-09T18:38:51
0.74241	-50.24396	0	52	2021-09-09T18:43:48
0.74215	-50.24490	0	52	2021-09-09T18:48:49
0.74178	-50.24567	0	52	2021-09-09T18:53:50
0.74152	-50.24640	0	52	2021-09-09T18:58:51
0.74132	-50.24704	0	52	2021-09-09T19:03:50
0.74111	-50.24759	0	52	2021-09-09T19:08:51
0.74092	-50.24805	0	52	2021-09-09T19:13:50
0.74074	-50.24832	0	52	2021-09-09T19:18:51
0.74058	-50.24847	0	52	2021-09-09T19:24:23
0.74049	-50.24847	0	52	2021-09-09T19:29:23
0.74042	-50.24838	0	52	2021-09-09T19:33:49
0.74033	-50.24811	0	52	2021-09-09T19:38:51
0.74026	-50.24771	0	52	2021-09-09T19:43:51
0.74021	-50.24716	0	52	2021-09-09T19:48:50
0.74010	-50.24637	0	52	2021-09-09T19:53:52
0.73998	-50.24534	0	52	2021-09-09T19:58:54
0.73989	-50.24414	0	52	2021-09-09T20:03:54
0.73985	-50.24277	0	52	2021-09-09T20:08:55
0.73983	-50.24133	0	52	2021-09-09T20:13:53
0.73989	-50.23961	0	52	2021-09-09T20:19:24
0.73986	-50.23785	0	52	2021-09-09T20:23:54
0.73989	-50.23566	0	52	2021-09-09T20:29:25
0.73997	-50.23373	0	52	2021-09-09T20:33:54
0.74002	-50.23141	0	52	2021-09-09T20:38:55
0.74008	-50.22882	0	52	2021-09-09T20:43:50
0.74008	-50.22616	0	52	2021-09-09T20:48:50
0.74008	-50.22333	0	52	2021-09-09T20:53:50
0.74011	-50.22028	0	52	2021-09-09T20:58:51
0.74028	-50.21713	0	52	2021-09-09T21:03:48
0.74039	-50.21375	0	52	2021-09-09T21:08:47
0.74054	-50.21030	0	52	2021-09-09T21:13:46
0.74077	-50.20678	0	52	2021-09-09T21:18:43
0.74094	-50.20300	0	52	2021-09-09T21:23:43
0.74111	-50.19864	0	52	2021-09-09T21:28:41
0.74137	-50.19504	0	52	2021-09-09T21:33:41
0.74170	-50.19110	0	52	2021-09-09T21:38:38
0.74200	-50.18692	0	52	2021-09-09T21:43:37
0.74237	-50.18259	0	52	2021-09-09T21:48:37
0.74277	-50.17828	0	52	2021-09-09T21:53:38
0.74319	-50.17401	0	52	2021-09-09T21:58:38
0.74379	-50.16953	0	52	2021-09-09T22:03:40
0.74436	-50.16513	0	52	2021-09-09T22:08:38
0.74490	-50.16051	0	52	2021-09-09T22:13:39
0.74524	-50.15579	0	52	2021-09-09T22:18:39
0.74569	-50.15076	0	52	2021-09-09T22:23:40
0.74650	-50.14493	0	52	2021-09-09T22:29:07
0.74746	-50.13998	0	52	2021-09-09T22:33:41
0.74866	-50.13452	0	52	2021-09-09T22:38:42
0.74969	-50.12936	0	52	2021-09-09T22:43:40
0.75079	-50.12416	0	52	2021-09-09T22:48:36
0.75173	-50.11927	0	52	2021-09-09T22:53:37
0.75271	-50.11438	0	52	2021-09-09T22:58:37
0.75379	-50.10928	0	52	2021-09-09T23:03:36
0.75490	-50.10400	0	52	2021-09-09T23:08:32
0.75602	-50.09876	0	52	2021-09-09T23:13:32
0.75735	-50.09387	0	52	2021-09-09T23:18:32
0.75897	-50.08920	0	52	2021-09-09T23:23:31
0.76241	-50.08078	0	52	2021-09-09T23:33:31
0.76385	-50.07709	0	52	2021-09-09T23:38:29
0.76567	-50.07349	0	52	2021-09-09T23:43:30
0.76768	-50.06989	0	52	2021-09-09T23:48:31
0.76979	-50.06647	0	52	2021-09-09T23:53:29
0.77207	-50.06320	0	52	2021-09-09T23:58:28
0.77456	-50.06012	0	52	2021-09-10T00:03:29
0.77711	-50.05695	0	52	2021-09-10T00:08:31
0.77964	-50.05396	0	52	2021-09-10T00:13:30
0.78212	-50.05109	0	52	2021-09-10T00:18:31
0.78452	-50.04825	0	52	2021-09-10T00:23:29
0.78700	-50.04523	0	52	2021-09-10T00:28:57
0.78898	-50.04297	0	52	2021-09-10T00:33:30
0.79110	-50.04059	0	52	2021-09-10T00:38:32
0.79311	-50.03836	0	52	2021-09-10T00:43:30
0.79499	-50.03632	0	52	2021-09-10T00:48:33
0.79670	-50.03448	0	52	2021-09-10T00:53:31
0.79827	-50.03287	0	52	2021-09-10T00:58:34
0.79948	-50.03174	0	52	2021-09-10T01:03:36
0.80044	-50.03082	0	52	2021-09-10T01:08:36
0.80117	-50.03018	0	52	2021-09-10T01:13:38
0.80174	-50.02979	0	52	2021-09-10T01:18:39
0.80212	-50.02960	0	52	2021-09-10T01:23:39
0.80233	-50.02957	0	52	2021-09-10T01:29:10
0.80246	-50.02972	0	52	2021-09-10T01:33:45
0.80246	-50.03006	0	52	2021-09-10T01:38:46
0.80237	-50.03050	0	52	2021-09-10T01:43:43
0.80220	-50.03101	0	52	2021-09-10T01:48:43
0.80195	-50.03168	0	52	2021-09-10T01:53:41
0.80163	-50.03250	0	52	2021-09-10T01:58:42
0.80122	-50.03336	0	52	2021-09-10T02:03:43
0.80075	-50.03436	0	52	2021-09-10T02:08:40
0.80017	-50.03549	0	52	2021-09-10T02:13:41
0.79949	-50.03674	0	52	2021-09-10T02:18:40
0.79872	-50.03809	0	52	2021-09-10T02:23:38
0.79765	-50.03979	0	52	2021-09-10T02:29:26
0.79681	-50.04111	0	52	2021-09-10T02:33:40
0.79577	-50.04284	0	52	2021-09-10T02:38:37
0.79457	-50.04456	0	52	2021-09-10T02:43:37
0.79323	-50.04645	0	52	2021-09-10T02:48:36
0.79172	-50.04843	0	52	2021-09-10T02:53:36
0.79013	-50.05051	0	52	2021-09-10T02:58:37
0.78839	-50.05261	0	52	2021-09-10T03:03:32
0.78646	-50.05493	0	52	2021-09-10T03:08:29
0.78449	-50.05725	0	52	2021-09-10T03:13:28
0.78238	-50.05991	0	52	2021-09-10T03:18:29
0.78009	-50.06271	0	52	2021-09-10T03:23:29
0.77745	-50.06583	0	52	2021-09-10T03:28:57
0.77520	-50.06866	0	52	2021-09-10T03:33:27
0.77267	-50.07200	0	52	2021-09-10T03:38:25
0.77014	-50.07535	0	52	2021-09-10T03:43:25
0.76756	-50.07889	0	52	2021-09-10T03:48:26
0.76505	-50.08255	0	52	2021-09-10T03:53:23
0.76257	-50.08621	0	52	2021-09-10T03:58:20
0.76042	-50.08972	0	52	2021-09-10T04:03:24
0.75814	-50.09329	0	52	2021-09-10T04:08:22
0.75590	-50.09695	0	52	2021-09-10T04:13:23
0.75404	-50.10089	0	52	2021-09-10T04:18:19
0.75235	-50.10483	0	52	2021-09-10T04:23:20
0.75075	-50.10941	0	52	2021-09-10T04:28:36
0.74961	-50.11366	0	52	2021-09-10T04:33:13
0.74854	-50.11804	0	52	2021-09-10T04:38:12
0.74744	-50.12241	0	52	2021-09-10T04:43:12
0.74646	-50.12646	0	52	2021-09-10T04:48:10
0.74530	-50.13032	0	52	2021-09-10T04:53:10
0.74444	-50.13392	0	52	2021-09-10T04:58:10
0.74350	-50.13727	0	52	2021-09-10T05:03:09
0.74245	-50.14072	0	52	2021-09-10T05:08:11
0.74144	-50.14447	0	52	2021-09-10T05:13:16
0.74057	-50.14830	0	52	2021-09-10T05:18:15
0.73984	-50.15182	0	52	2021-09-10T05:23:15
0.73897	-50.15622	0	52	2021-09-10T05:28:54
0.73844	-50.15967	0	52	2021-09-10T05:33:18
0.73781	-50.16357	0	52	2021-09-10T05:38:21
0.73736	-50.16727	0	52	2021-09-10T05:43:21
0.73684	-50.17096	0	52	2021-09-10T05:48:23
0.73646	-50.17459	0	52	2021-09-10T05:53:23
0.73605	-50.17807	0	52	2021-09-10T05:58:25
0.73558	-50.18140	0	52	2021-09-10T06:03:23
0.73521	-50.18460	0	52	2021-09-10T06:08:26
0.73475	-50.18756	0	52	2021-09-10T06:13:24
0.73428	-50.19048	0	52	2021-09-10T06:18:56
0.73386	-50.19284	0	52	2021-09-10T06:23:25
0.73334	-50.19528	0	52	2021-09-10T06:28:57
0.73289	-50.19714	0	52	2021-09-10T06:33:24
0.73241	-50.19907	0	52	2021-09-10T06:38:25
0.73190	-50.20084	0	52	2021-09-10T06:43:25
0.73138	-50.20258	0	52	2021-09-10T06:48:25
0.73088	-50.20410	0	52	2021-09-10T06:53:23
0.73043	-50.20560	0	52	2021-09-10T06:58:26
0.73000	-50.20699	0	52	2021-09-10T07:03:27
0.72961	-50.20819	0	52	2021-09-10T07:08:26
0.72925	-50.20935	0	52	2021-09-10T07:13:26
0.72894	-50.21039	0	52	2021-09-10T07:18:24
0.72864	-50.21127	0	52	2021-09-10T07:23:54
0.72838	-50.21204	0	52	2021-09-10T07:28:53
0.72817	-50.21255	0	52	2021-09-10T07:33:25
0.72798	-50.21292	0	52	2021-09-10T07:38:24
0.72777	-50.21313	0	52	2021-09-10T07:43:23
0.72764	-50.21313	0	52	2021-09-10T07:48:23
0.72755	-50.21304	0	52	2021-09-10T07:53:22
0.72745	-50.21271	0	52	2021-09-10T07:58:19
0.72736	-50.21227	0	52	2021-09-10T08:03:19
0.72732	-50.21167	0	52	2021-09-10T08:08:19
0.72729	-50.21094	0	52	2021-09-10T08:13:16
0.72729	-50.21005	0	52	2021-09-10T08:18:15
0.72737	-50.20896	0	52	2021-09-10T08:23:38
0.72746	-50.20776	0	52	2021-09-10T08:28:38
0.72761	-50.20651	0	52	2021-09-10T08:33:12
0.72783	-50.20496	0	52	2021-09-10T08:38:14
0.72809	-50.20328	0	52	2021-09-10T08:43:14
0.72835	-50.20148	0	52	2021-09-10T08:48:14
0.72868	-50.19946	0	52	2021-09-10T08:53:12
0.72906	-50.19730	0	52	2021-09-10T08:58:10
0.72950	-50.19495	0	52	2021-09-10T09:03:11
0.72999	-50.19238	0	52	2021-09-10T09:08:15
0.73049	-50.18970	0	52	2021-09-10T09:13:15
0.73099	-50.18683	0	52	2021-09-10T09:18:13
0.73148	-50.18375	0	52	2021-09-10T09:23:18
0.73200	-50.18008	0	52	2021-09-10T09:28:57
0.73243	-50.17706	0	52	2021-09-10T09:33:20
0.73291	-50.17352	0	52	2021-09-10T09:38:21
0.73336	-50.16989	0	52	2021-09-10T09:43:21
0.73372	-50.16614	0	52	2021-09-10T09:48:18
0.73412	-50.16217	0	52	2021-09-10T09:53:19
0.73456	-50.15796	0	52	2021-09-10T09:58:22
0.73506	-50.15350	0	52	2021-09-10T10:03:20
0.73556	-50.14896	0	52	2021-09-10T10:08:18
0.73621	-50.14410	0	52	2021-09-10T10:13:19
0.73690	-50.13904	0	52	2021-09-10T10:18:19
0.73770	-50.13379	0	52	2021-09-10T10:23:16
0.73859	-50.12808	0	52	2021-09-10T10:28:36
0.73928	-50.12307	0	52	2021-09-10T10:33:13
0.74035	-50.11801	0	52	2021-09-10T10:38:12
0.74119	-50.11353	0	52	2021-09-10T10:43:13
0.74211	-50.10880	0	52	2021-09-10T10:48:16
0.74308	-50.10394	0	52	2021-09-10T10:53:14
0.74403	-50.09915	0	52	2021-09-10T10:58:12
0.74505	-50.09451	0	52	2021-09-10T11:03:15
0.74630	-50.09009	0	52	2021-09-10T11:08:16
0.74759	-50.08584	0	52	2021-09-10T11:13:14
0.74901	-50.08163	0	52	2021-09-10T11:18:14
0.75065	-50.07764	0	52	2021-09-10T11:23:11
0.75274	-50.07318	0	52	2021-09-10T11:28:35
0.75483	-50.06947	0	52	2021-09-10T11:33:10
0.75702	-50.06552	0	52	2021-09-10T11:38:10
0.75912	-50.06152	0	52	2021-09-10T11:43:11
0.76130	-50.05753	0	52	2021-09-10T11:48:08
0.76369	-50.05330	0	52	2021-09-10T11:53:08
0.76622	-50.04909	0	52	2021-09-10T11:58:08
0.76892	-50.04480	0	52	2021-09-10T12:03:07
0.77164	-50.04062	0	52	2021-09-10T12:08:06
0.77449	-50.03638	0	52	2021-09-10T12:13:07
0.77736	-50.03223	0	52	2021-09-10T12:18:04
0.78036	-50.02808	0	52	2021-09-10T12:23:01
0.78370	-50.02383	0	52	2021-09-10T12:27:59
0.78653	-50.02048	0	52	2021-09-10T12:32:59
0.78952	-50.01688	0	52	2021-09-10T12:37:58
0.79245	-50.01338	0	52	2021-09-10T12:42:54
0.79515	-50.01025	0	52	2021-09-10T12:47:56
0.79772	-50.00720	0	52	2021-09-10T12:52:55
0.80017	-50.00443	0	52	2021-09-10T12:57:53
0.80256	-50.00161	0	52	2021-09-10T13:02:54
0.80479	-49.99921	0	52	2021-09-10T13:07:54
0.80694	-49.99698	0	52	2021-09-10T13:12:54
0.80886	-49.99506	0	52	2021-09-10T13:17:52
0.81051	-49.99353	0	52	2021-09-10T13:22:53
0.81203	-49.99210	0	52	2021-09-10T13:28:26
0.81310	-49.99115	0	52	2021-09-10T13:32:55
0.81413	-49.99030	0	52	2021-09-10T13:37:57
0.81509	-49.98958	0	52	2021-09-10T13:42:57
0.81586	-49.98915	0	52	2021-09-10T13:47:58
0.81655	-49.98889	0	52	2021-09-10T13:52:58
0.81719	-49.98868	0	52	2021-09-10T13:57:56
0.81778	-49.98871	0	52	2021-09-10T14:02:59
0.81814	-49.98868	0	52	2021-09-10T14:08:01
0.81851	-49.98880	0	52	2021-09-10T14:12:58
0.81886	-49.98898	0	52	2021-09-10T14:18:01
0.81918	-49.98925	0	52	2021-09-10T14:23:00
0.81943	-49.98965	0	52	2021-09-10T14:28:23
0.81953	-49.99011	0	52	2021-09-10T14:33:01
0.81951	-49.99072	0	52	2021-09-10T14:38:02
0.81941	-49.99147	0	52	2021-09-10T14:43:03
0.81928	-49.99224	0	52	2021-09-10T14:48:04
0.81915	-49.99310	0	52	2021-09-10T14:53:04
0.81894	-49.99408	0	52	2021-09-10T14:58:03
0.81870	-49.99512	0	52	2021-09-10T15:03:02
0.81831	-49.99622	0	52	2021-09-10T15:08:03
0.81782	-49.99738	0	52	2021-09-10T15:13:00
0.81726	-49.99857	0	52	2021-09-10T15:18:01
0.81654	-49.99986	0	52	2021-09-10T15:23:25
0.81568	-50.00140	0	52	2021-09-10T15:28:26
0.81485	-50.00287	0	52	2021-09-10T15:32:57
0.81392	-50.00436	0	52	2021-09-10T15:37:56
0.81284	-50.00604	0	52	2021-09-10T15:42:58
0.81169	-50.00772	0	52	2021-09-10T15:47:55
0.81041	-50.00952	0	52	2021-09-10T15:52:59
0.80921	-50.01132	0	52	2021-09-10T15:57:59
0.80797	-50.01321	0	52	2021-09-10T16:02:58
0.80666	-50.01511	0	52	2021-09-10T16:07:59
0.80533	-50.01703	0	52	2021-09-10T16:12:59
0.80399	-50.01898	0	52	2021-09-10T16:18:03
0.80267	-50.02089	0	52	2021-09-10T16:23:27
0.80121	-50.02295	0	52	2021-09-10T16:28:26
0.79993	-50.02481	0	52	2021-09-10T16:33:03
0.79860	-50.02670	0	52	2021-09-10T16:38:04
0.79729	-50.02866	0	52	2021-09-10T16:43:07
0.79599	-50.03064	0	52	2021-09-10T16:48:02
0.79470	-50.03274	0	52	2021-09-10T16:52:59
0.79346	-50.03471	0	52	2021-09-10T16:57:59
0.79222	-50.03668	0	52	2021-09-10T17:03:00
0.79100	-50.03870	0	52	2021-09-10T17:08:00
0.78982	-50.04068	0	52	2021-09-10T17:12:58
0.78866	-50.04269	0	52	2021-09-10T17:17:59
0.78749	-50.04462	0	52	2021-09-10T17:23:00
0.78625	-50.04672	0	52	2021-09-10T17:28:28
0.78528	-50.04846	0	52	2021-09-10T17:32:54
0.78424	-50.05035	0	52	2021-09-10T17:37:54
0.78325	-50.05215	0	52	2021-09-10T17:42:54
0.78224	-50.05396	0	52	2021-09-10T17:47:53
0.78133	-50.05569	0	52	2021-09-10T17:52:52
0.78039	-50.05746	0	52	2021-09-10T17:57:50
0.77956	-50.05919	0	52	2021-09-10T18:02:47
0.77887	-50.06091	0	52	2021-09-10T18:07:48
0.77817	-50.06259	0	52	2021-09-10T18:12:49
0.77752	-50.06430	0	52	2021-09-10T18:17:47
0.77688	-50.06592	0	52	2021-09-10T18:22:51
0.77619	-50.06760	0	52	2021-09-10T18:28:26
0.77569	-50.06894	0	52	2021-09-10T18:32:52
0.77517	-50.07034	0	52	2021-09-10T18:37:53
0.77470	-50.07172	0	52	2021-09-10T18:42:54
0.77431	-50.07303	0	52	2021-09-10T18:47:56
0.77398	-50.07422	0	52	2021-09-10T18:52:55
0.77369	-50.07529	0	52	2021-09-10T18:57:53
0.77339	-50.07622	0	52	2021-09-10T19:02:54
0.77318	-50.07690	0	52	2021-09-10T19:07:53
0.77301	-50.07751	0	52	2021-09-10T19:12:54
0.77286	-50.07797	0	52	2021-09-10T19:17:52
0.77281	-50.07825	0	52	2021-09-10T19:22:54
0.77283	-50.07840	0	52	2021-09-10T19:27:58
0.77292	-50.07840	0	52	2021-09-10T19:32:58
0.77309	-50.07831	0	52	2021-09-10T19:38:00
0.77333	-50.07806	0	52	2021-09-10T19:43:01
0.77372	-50.07760	0	52	2021-09-10T19:48:02
0.77411	-50.07709	0	52	2021-09-10T19:53:02
0.77466	-50.07639	0	52	2021-09-10T19:58:04
0.77536	-50.07556	0	52	2021-09-10T20:03:04
0.77620	-50.07458	0	52	2021-09-10T20:08:01
0.77703	-50.07339	0	52	2021-09-10T20:13:02
0.77780	-50.07205	0	52	2021-09-10T20:18:02
0.77867	-50.07043	0	52	2021-09-10T20:23:04
0.77978	-50.06851	0	52	2021-09-10T20:28:24
0.78104	-50.06683	0	52	2021-09-10T20:33:05
0.78255	-50.06488	0	52	2021-09-10T20:38:02
0.78432	-50.06287	0	52	2021-09-10T20:42:58
0.78605	-50.06091	0	52	2021-09-10T20:48:00
0.78796	-50.05884	0	52	2021-09-10T20:52:57
0.79001	-50.05670	0	52	2021-09-10T20:57:58
0.79214	-50.05450	0	52	2021-09-10T21:02:55
0.79437	-50.05231	0	52	2021-09-10T21:07:53
0.79668	-50.04993	0	52	2021-09-10T21:12:55
0.79904	-50.04743	0	52	2021-09-10T21:17:51
0.80149	-50.04486	0	52	2021-09-10T21:22:51
0.80421	-50.04184	0	52	2021-09-10T21:28:26
0.80660	-50.03962	0	52	2021-09-10T21:32:53
0.80922	-50.03696	0	52	2021-09-10T21:37:53
0.81192	-50.03421	0	52	2021-09-10T21:42:54
0.81466	-50.03149	0	52	2021-09-10T21:47:52
0.81755	-50.02872	0	52	2021-09-10T21:52:51
0.82043	-50.02597	0	52	2021-09-10T21:57:50
0.82335	-50.02322	0	52	2021-09-10T22:02:50
0.82629	-50.02045	0	52	2021-09-10T22:07:51
0.82917	-50.01773	0	52	2021-09-10T22:12:48
0.83204	-50.01492	0	52	2021-09-10T22:18:09
0.83479	-50.01239	0	52	2021-09-10T22:22:45
0.83754	-50.00952	0	52	2021-09-10T22:28:10
0.83986	-50.00711	0	52	2021-09-10T22:32:43
0.84230	-50.00460	0	52	2021-09-10T22:37:44
0.84470	-50.00220	0	52	2021-09-10T22:42:44
0.84699	-49.99969	0	52	2021-09-10T22:47:42
0.84929	-49.99719	0	52	2021-09-10T22:52:47
0.85152	-49.99471	0	52	2021-09-10T22:57:44
0.85371	-49.99231	0	52	2021-09-10T23:02:44
0.85581	-49.98993	0	52	2021-09-10T23:07:45
0.85789	-49.98755	0	52	2021-09-10T23:12:49
0.85986	-49.98517	0	52	2021-09-10T23:17:50
0.86162	-49.98285	0	52	2021-09-10T23:22:49
0.86346	-49.98032	0	52	2021-09-10T23:28:26
0.86474	-49.97817	0	52	2021-09-10T23:32:57
0.86598	-49.97577	0	52	2021-09-10T23:37:57
0.86715	-49.97311	0	52	2021-09-10T23:42:59
0.86819	-49.97040	0	52	2021-09-10T23:47:57
0.86922	-49.96750	0	52	2021-09-10T23:53:02
0.87030	-49.96448	0	52	2021-09-10T23:58:05
0.87156	-49.96149	0	52	2021-09-11T00:03:03
0.87285	-49.95842	0	52	2021-09-11T00:08:04
0.87418	-49.95542	0	52	2021-09-11T00:13:04
0.87542	-49.95233	0	52	2021-09-11T00:18:04
0.87670	-49.94910	0	52	2021-09-11T00:23:02
0.87805	-49.94537	0	52	2021-09-11T00:28:27
0.87947	-49.94226	0	52	2021-09-11T00:33:01
0.88099	-49.93881	0	52	2021-09-11T00:38:02
0.88265	-49.93546	0	52	2021-09-11T00:43:02
0.88432	-49.93227	0	52	2021-09-11T00:48:01
0.88586	-49.92935	0	52	2021-09-11T00:53:00
0.88762	-49.92670	0	52	2021-09-11T00:58:01
0.89089	-49.92502	0	52	2021-09-11T01:03:01
0.89389	-49.92401	0	52	2021-09-11T01:08:01
0.89591	-49.92322	0	52	2021-09-11T01:12:59
0.89707	-49.92307	0	52	2021-09-11T01:17:57
0.89663	-49.92380	0	52	2021-09-11T01:22:58
0.89497	-49.92529	0	52	2021-09-11T01:28:26
0.89270	-49.92657	0	52	2021-09-11T01:32:55
0.88965	-49.92764	0	52	2021-09-11T01:37:56
0.88681	-49.92856	0	52	2021-09-11T01:42:57
0.88509	-49.92954	0	52	2021-09-11T01:47:58
0.88402	-49.93057	0	52	2021-09-11T01:52:58
0.88325	-49.93195	0	52	2021-09-11T01:57:56
0.88254	-49.93338	0	52	2021-09-11T02:02:56
0.88198	-49.93479	0	52	2021-09-11T02:07:57
0.88154	-49.93625	0	52	2021-09-11T02:12:58
0.88100	-49.93802	0	52	2021-09-11T02:17:59
0.88044	-49.93994	0	52	2021-09-11T02:23:02
0.88010	-49.94191	0	52	2021-09-11T02:28:01
0.87997	-49.94345	0	52	2021-09-11T02:33:02
0.87969	-49.94501	0	52	2021-09-11T02:38:02
0.87934	-49.94652	0	52	2021-09-11T02:43:06
0.87930	-49.94815	0	52	2021-09-11T02:48:05
0.87939	-49.94974	0	52	2021-09-11T02:53:05
0.87931	-49.95123	0	52	2021-09-11T02:58:03
0.87914	-49.95285	0	52	2021-09-11T03:03:06
0.87894	-49.95459	0	52	2021-09-11T03:08:04
0.87876	-49.95648	0	52	2021-09-11T03:13:04
0.87873	-49.95862	0	52	2021-09-11T03:18:08
0.87882	-49.96094	0	52	2021-09-11T03:23:07
0.87944	-49.96368	0	52	2021-09-11T03:28:26
0.88041	-49.96628	0	52	2021-09-11T03:33:05
0.88181	-49.96927	0	52	2021-09-11T03:38:07
0.88347	-49.97253	0	52	2021-09-11T03:43:01
0.88528	-49.97598	0	52	2021-09-11T03:48:01
0.88722	-49.97937	0	52	2021-09-11T03:52:59
0.88947	-49.98266	0	52	2021-09-11T03:58:01
0.89200	-49.98566	0	52	2021-09-11T04:03:02
0.89495	-49.98859	0	52	2021-09-11T04:07:59
0.89845	-49.99167	0	52	2021-09-11T04:13:00
0.90243	-49.99494	0	52	2021-09-11T04:18:00
0.90646	-49.99854	0	52	2021-09-11T04:23:01
0.91092	-50.00314	0	52	2021-09-11T04:28:26
0.91443	-50.00769	0	52	2021-09-11T04:33:02
0.91761	-50.01358	0	52	2021-09-11T04:38:02
0.91984	-50.01987	0	52	2021-09-11T04:43:03
0.92080	-50.02612	0	52	2021-09-11T04:48:02
0.92028	-50.03198	0	52	2021-09-11T04:53:02
0.91906	-50.03784	0	52	2021-09-11T04:58:04
0.91739	-50.04419	0	52	2021-09-11T05:03:04
0.91623	-50.05020	0	52	2021-09-11T05:08:05
0.91610	-50.05652	0	52	2021-09-11T05:12:58
0.91726	-50.06317	0	52	2021-09-11T05:17:59
0.91954	-50.07001	0	52	2021-09-11T05:22:56
0.92287	-50.07751	0	52	2021-09-11T05:28:24
0.92586	-50.08417	0	52	2021-09-11T05:33:00
0.92839	-50.09177	0	52	2021-09-11T05:37:58
0.93016	-50.09924	0	52	2021-09-11T05:43:00
0.93139	-50.10654	0	52	2021-09-11T05:48:00
0.93285	-50.11346	0	52	2021-09-11T05:53:02
0.93472	-50.12030	0	52	2021-09-11T05:58:06
0.93738	-50.12704	0	52	2021-09-11T06:03:05
0.94043	-50.13290	0	52	2021-09-11T06:08:03
0.94315	-50.13782	0	52	2021-09-11T06:13:04
0.94517	-50.14166	0	52	2021-09-11T06:18:02
0.94657	-50.14493	0	52	2021-09-11T06:23:02
0.94765	-50.14798	0	52	2021-09-11T06:28:25
0.94815	-50.15012	0	52	2021-09-11T06:33:01
0.94821	-50.15213	0	52	2021-09-11T06:38:01
0.94803	-50.15405	0	52	2021-09-11T06:43:02
0.94761	-50.15602	0	52	2021-09-11T06:48:02
0.94692	-50.15799	0	52	2021-09-11T06:53:02
0.94596	-50.15988	0	52	2021-09-11T06:58:03
0.94479	-50.16174	0	52	2021-09-11T07:03:02
0.94340	-50.16351	0	52	2021-09-11T07:08:02
0.94203	-50.16531	0	52	2021-09-11T07:13:02
0.94060	-50.16711	0	52	2021-09-11T07:18:04
0.93918	-50.16885	0	52	2021-09-11T07:23:02
0.93754	-50.17077	0	52	2021-09-11T07:28:03
0.93608	-50.17206	0	52	2021-09-11T07:33:03
0.93458	-50.17331	0	52	2021-09-11T07:38:03
0.93311	-50.17444	0	52	2021-09-11T07:43:04
0.93169	-50.17547	0	52	2021-09-11T07:48:04
0.93045	-50.17633	0	52	2021-09-11T07:53:03
0.92932	-50.17706	0	52	2021-09-11T07:58:04
0.92828	-50.17770	0	52	2021-09-11T08:03:04
0.92737	-50.17834	0	52	2021-09-11T08:08:01
0.92667	-50.17886	0	52	2021-09-11T08:13:02
0.92610	-50.17923	0	52	2021-09-11T08:18:02
0.92563	-50.17957	0	52	2021-09-11T08:23:04
0.92536	-50.17978	0	52	2021-09-11T08:28:04
0.92523	-50.17978	0	52	2021-09-11T08:33:05
0.92523	-50.17972	0	52	2021-09-11T08:38:03
0.92541	-50.17953	0	52	2021-09-11T08:43:06
0.92573	-50.17923	0	52	2021-09-11T08:48:08
0.92624	-50.17883	0	52	2021-09-11T08:53:07
0.92684	-50.17828	0	52	2021-09-11T08:58:09
0.92755	-50.17770	0	52	2021-09-11T09:03:07
0.92844	-50.17703	0	52	2021-09-11T09:08:08
0.92948	-50.17618	0	52	2021-09-11T09:13:08
0.93067	-50.17529	0	52	2021-09-11T09:18:09
0.93205	-50.17422	0	52	2021-09-11T09:23:07
0.93368	-50.17291	0	52	2021-09-11T09:28:26
0.93525	-50.17157	0	52	2021-09-11T09:33:07
0.93705	-50.16992	0	52	2021-09-11T09:38:08
0.93899	-50.16803	0	52	2021-09-11T09:43:06
0.94106	-50.16599	0	52	2021-09-11T09:48:03
0.94327	-50.16367	0	52	2021-09-11T09:53:08
0.94559	-50.16097	0	52	2021-09-11T09:58:04
0.94795	-50.15814	0	52	2021-09-11T10:03:05
0.95031	-50.15488	0	52	2021-09-11T10:08:05
0.95239	-50.15140	0	52	2021-09-11T10:13:03
0.95390	-50.14804	0	52	2021-09-11T10:18:24
0.95340	-50.14465	0	52	2021-09-11T10:23:02
0.95300	-50.14032	0	52	2021-09-11T10:28:25
0.95255	-50.13629	0	52	2021-09-11T10:33:03
0.95187	-50.13183	0	52	2021-09-11T10:38:03
0.95075	-50.12762	0	52	2021-09-11T10:43:03
0.94907	-50.12329	0	52	2021-09-11T10:48:04
0.94677	-50.11893	0	52	2021-09-11T10:53:02
0.94377	-50.11455	0	52	2021-09-11T10:58:06
0.93986	-50.11026	0	52	2021-09-11T11:03:05
0.93591	-50.10587	0	52	2021-09-11T11:08:01
0.93302	-50.09955	0	52	2021-09-11T11:13:06
0.93153	-50.09270	0	52	2021-09-11T11:18:03
0.93016	-50.08575	0	52	2021-09-11T11:23:03
0.92786	-50.07806	0	52	2021-09-11T11:28:24
0.92536	-50.07144	0	52	2021-09-11T11:33:05
0.92236	-50.06430	0	52	2021-09-11T11:38:02
0.91951	-50.05716	0	52	2021-09-11T11:43:06
0.91761	-50.04999	0	52	2021-09-11T11:48:04
0.91659	-50.04289	0	52	2021-09-11T11:53:04
0.91646	-50.03525	0	52	2021-09-11T11:58:03
0.91776	-50.02853	0	52	2021-09-11T12:03:03
0.91970	-50.02203	0	52	2021-09-11T12:08:00
0.92118	-50.01546	0	52	2021-09-11T12:13:03
0.92208	-50.00894	0	52	2021-09-11T12:18:02
0.92243	-50.00250	0	52	2021-09-11T12:23:01
0.92239	-49.99537	0	52	2021-09-11T12:28:03
0.92192	-49.98962	0	52	2021-09-11T12:33:04
0.92121	-49.98349	0	52	2021-09-11T12:38:01
0.92034	-49.97736	0	52	2021-09-11T12:42:59
0.91942	-49.97117	0	52	2021-09-11T12:47:59
0.91852	-49.96533	0	52	2021-09-11T12:52:59
0.91766	-49.95950	0	52	2021-09-11T12:58:00
0.91685	-49.95386	0	52	2021-09-11T13:02:58
0.91614	-49.94839	0	52	2021-09-11T13:07:59
0.91566	-49.94308	0	52	2021-09-11T13:12:58
0.91547	-49.93805	0	52	2021-09-11T13:17:59
0.91555	-49.93332	0	52	2021-09-11T13:23:01
0.91586	-49.92874	0	52	2021-09-11T13:27:58
0.91612	-49.92556	0	52	2021-09-11T13:32:58
0.91612	-49.92264	0	52	2021-09-11T13:37:57
0.91517	-49.92072	0	52	2021-09-11T13:42:57
0.91388	-49.91955	0	52	2021-09-11T13:47:56
0.91238	-49.91904	0	52	2021-09-11T13:52:55
0.91007	-49.91873	0	52	2021-09-11T13:57:56
0.90760	-49.91858	0	52	2021-09-11T14:02:56
0.90281	-49.91917	0	52	2021-09-11T14:12:53
0.90049	-49.91960	0	52	2021-09-11T14:17:52
0.89813	-49.92020	0	52	2021-09-11T14:22:52
0.89519	-49.92106	0	52	2021-09-11T14:27:50
0.89270	-49.92166	0	52	2021-09-11T14:32:50
0.88970	-49.92227	0	52	2021-09-11T14:37:51
0.88709	-49.92313	0	52	2021-09-11T14:42:49
0.88554	-49.92422	0	52	2021-09-11T14:47:49
0.88426	-49.92560	0	52	2021-09-11T14:52:49
0.88308	-49.92712	0	52	2021-09-11T14:57:51
0.88198	-49.92913	0	52	2021-09-11T15:02:51
0.88101	-49.93149	0	52	2021-09-11T15:07:52
0.87996	-49.93393	0	52	2021-09-11T15:12:50
0.87894	-49.93646	0	52	2021-09-11T15:17:50
0.87786	-49.93884	0	52	2021-09-11T15:23:25
0.87662	-49.94150	0	52	2021-09-11T15:28:25
0.87557	-49.94366	0	52	2021-09-11T15:32:53
0.87449	-49.94620	0	52	2021-09-11T15:37:53
0.87343	-49.94888	0	52	2021-09-11T15:42:58
0.87266	-49.95154	0	52	2021-09-11T15:47:58
0.87205	-49.95410	0	52	2021-09-11T15:52:56
0.87172	-49.95676	0	52	2021-09-11T15:57:59
0.87176	-49.95917	0	52	2021-09-11T16:02:58
0.87165	-49.96158	0	52	2021-09-11T16:07:59
0.87122	-49.96432	0	52	2021-09-11T16:12:59
0.87081	-49.96729	0	52	2021-09-11T16:17:57
0.87079	-49.96987	0	52	2021-09-11T16:23:24
0.87066	-49.97253	0	52	2021-09-11T16:28:25
0.87034	-49.97488	0	52	2021-09-11T16:32:59
0.86988	-49.97757	0	52	2021-09-11T16:37:59
0.86948	-49.98013	0	52	2021-09-11T16:43:00
0.86913	-49.98270	0	52	2021-09-11T16:48:02
0.86882	-49.98532	0	52	2021-09-11T16:52:59
0.86852	-49.98804	0	52	2021-09-11T16:58:00
0.86837	-49.99094	0	52	2021-09-11T17:02:56
0.86836	-49.99353	0	52	2021-09-11T17:07:56
0.86850	-49.99609	0	52	2021-09-11T17:12:55
0.86882	-49.99857	0	52	2021-09-11T17:18:26
0.86921	-50.00063	0	52	2021-09-11T17:23:27
0.86968	-50.00278	0	52	2021-09-11T17:28:27
0.87017	-50.00439	0	52	2021-09-11T17:32:54
0.87091	-50.00604	0	52	2021-09-11T17:37:54
0.87181	-50.00760	0	52	2021-09-11T17:42:55
0.87304	-50.00914	0	52	2021-09-11T17:47:52
0.87454	-50.01043	0	52	2021-09-11T17:52:53
0.87651	-50.01120	0	52	2021-09-11T17:57:53
0.87865	-50.01132	0	52	2021-09-11T18:02:51
0.88139	-50.01029	0	52	2021-09-11T18:07:44
0.88461	-50.00892	0	52	2021-09-11T18:12:45
0.88791	-50.00763	0	52	2021-09-11T18:17:45
0.89133	-50.00671	0	52	2021-09-11T18:22:43
0.89500	-50.00620	0	52	2021-09-11T18:28:07
0.89823	-50.00615	0	52	2021-09-11T18:33:04
0.90149	-50.00632	0	52	2021-09-11T18:38:04
0.90357	-50.00699	0	52	2021-09-11T18:42:43
0.90498	-50.00735	0	52	2021-09-11T18:47:46
0.90625	-50.00830	0	52	2021-09-11T18:52:48
0.90742	-50.00916	0	52	2021-09-11T18:57:44
0.90841	-50.01001	0	52	2021-09-11T19:02:46
0.90930	-50.01080	0	52	2021-09-11T19:07:46
0.91016	-50.01157	0	52	2021-09-11T19:12:51
0.91089	-50.01208	0	52	2021-09-11T19:17:51
0.91156	-50.01239	0	52	2021-09-11T19:22:53
0.91218	-50.01248	0	52	2021-09-11T19:28:25
0.91264	-50.01233	0	52	2021-09-11T19:32:47
0.91303	-50.01199	0	52	2021-09-11T19:37:47
0.91334	-50.01147	0	52	2021-09-11T19:42:45
0.91354	-50.01064	0	52	2021-09-11T19:47:39
0.91367	-50.00995	0	52	2021-09-11T19:52:39
0.91367	-50.00909	0	52	2021-09-11T19:57:40
0.91353	-50.00800	0	52	2021-09-11T20:02:38
0.91327	-50.00684	0	52	2021-09-11T20:07:41
0.91286	-50.00546	0	52	2021-09-11T20:12:39
0.91232	-50.00388	0	52	2021-09-11T20:17:42
0.91167	-50.00214	0	52	2021-09-11T20:22:41
0.91085	-50.00000	0	52	2021-09-11T20:28:24
0.91025	-49.99829	0	52	2021-09-11T20:32:42
0.90874	-49.99380	0	52	2021-09-11T20:42:40
0.90793	-49.99135	0	52	2021-09-11T20:47:38
0.90720	-49.98895	0	52	2021-09-11T20:52:38
0.90647	-49.98639	0	52	2021-09-11T20:57:39
0.90579	-49.98364	0	52	2021-09-11T21:02:36
0.90511	-49.98077	0	52	2021-09-11T21:07:37
0.90440	-49.97772	0	52	2021-09-11T21:12:37
0.90369	-49.97440	0	52	2021-09-11T21:17:38
0.90296	-49.97089	0	52	2021-09-11T21:22:39
0.90225	-49.96698	0	52	2021-09-11T21:27:55
0.90168	-49.96341	0	52	2021-09-11T21:32:40
0.90120	-49.95956	0	52	2021-09-11T21:37:42
0.90081	-49.95555	0	52	2021-09-11T21:42:36
0.90051	-49.95169	0	52	2021-09-11T21:47:36
0.90036	-49.94748	0	52	2021-09-11T21:52:37
0.90041	-49.94312	0	52	2021-09-11T21:57:37
0.90060	-49.93860	0	52	2021-09-11T22:02:35
0.90099	-49.93405	0	52	2021-09-11T22:07:36
0.90151	-49.92944	0	52	2021-09-11T22:12:33
0.90211	-49.92474	0	52	2021-09-11T22:17:34
0.90283	-49.91994	0	52	2021-09-11T22:22:56
0.90369	-49.91479	0	52	2021-09-11T22:27:55
0.90447	-49.91064	0	52	2021-09-11T22:32:32
0.90547	-49.90598	0	52	2021-09-11T22:37:35
0.90656	-49.90127	0	52	2021-09-11T22:42:33
0.90763	-49.89655	0	52	2021-09-11T22:47:33
0.90884	-49.89185	0	52	2021-09-11T22:52:35
0.91012	-49.88708	0	52	2021-09-11T22:57:39
0.91142	-49.88219	0	52	2021-09-11T23:02:38
0.91266	-49.87738	0	52	2021-09-11T23:07:38
0.91684	-49.86204	0	52	2021-09-11T23:22:41
0.91837	-49.85678	0	52	2021-09-11T23:28:08
0.91940	-49.85217	0	52	2021-09-11T23:32:42
0.92027	-49.84720	0	52	2021-09-11T23:37:43
0.92110	-49.84219	0	52	2021-09-11T23:42:40
0.92284	-49.83745	0	52	2021-09-11T23:47:41
0.92499	-49.83316	0	52	2021-09-11T23:52:41
0.92760	-49.82913	0	52	2021-09-11T23:57:42
0.93066	-49.82523	0	52	2021-09-12T00:02:43
0.93384	-49.82178	0	52	2021-09-12T00:07:41
0.93720	-49.81857	0	52	2021-09-12T00:12:40
0.94063	-49.81582	0	52	2021-09-12T00:17:41
0.94398	-49.81342	0	52	2021-09-12T00:22:40
0.94767	-49.81110	0	52	2021-09-12T00:28:26
0.95024	-49.80964	0	52	2021-09-12T00:32:40
0.95307	-49.80810	0	52	2021-09-12T00:37:40
0.95564	-49.80698	0	52	2021-09-12T00:42:39
0.95804	-49.80618	0	52	2021-09-12T00:47:42
0.95994	-49.80597	0	52	2021-09-12T00:52:40
0.96114	-49.80623	0	52	2021-09-12T00:57:40
0.96187	-49.80692	0	52	2021-09-12T01:02:39
0.96205	-49.80801	0	52	2021-09-12T01:07:39
0.96082	-49.81104	0	52	2021-09-12T01:17:41
0.95943	-49.81291	0	52	2021-09-12T01:23:05
0.95758	-49.81488	0	52	2021-09-12T01:28:06
0.95576	-49.81659	0	52	2021-09-12T01:32:43
0.95355	-49.81833	0	52	2021-09-12T01:37:41
0.95121	-49.81989	0	52	2021-09-12T01:42:40
0.94874	-49.82141	0	52	2021-09-12T01:47:42
0.94604	-49.82276	0	52	2021-09-12T01:52:42
0.94309	-49.82370	0	52	2021-09-12T01:57:41
0.93981	-49.82437	0	52	2021-09-12T02:02:40
0.93623	-49.82507	0	52	2021-09-12T02:07:40
0.93267	-49.82581	0	52	2021-09-12T02:12:42
0.92928	-49.82678	0	52	2021-09-12T02:17:40
0.92594	-49.82794	0	52	2021-09-12T02:22:41
0.92241	-49.82941	0	52	2021-09-12T02:27:57
0.91942	-49.83075	0	52	2021-09-12T02:32:38
0.91690	-49.83202	0	52	2021-09-12T02:37:39
0.91440	-49.83356	0	52	2021-09-12T02:42:40
0.91257	-49.83466	0	52	2021-09-12T02:47:38
0.91006	-49.83633	0	52	2021-09-12T02:52:35
0.90861	-49.83743	0	52	2021-09-12T02:57:38
0.90430	-49.84194	0	52	2021-09-12T03:07:37
0.90268	-49.84378	0	52	2021-09-12T03:12:38
0.90135	-49.84589	0	52	2021-09-12T03:17:37
0.90011	-49.84842	0	52	2021-09-12T03:22:34
0.89895	-49.85125	0	52	2021-09-12T03:27:33
0.89745	-49.85400	0	52	2021-09-12T03:32:33
0.89574	-49.85693	0	52	2021-09-12T03:37:35
0.89397	-49.85974	0	52	2021-09-12T03:42:34
0.89176	-49.86297	0	52	2021-09-12T03:47:34
0.88923	-49.86606	0	52	2021-09-12T03:52:33
0.88641	-49.86920	0	52	2021-09-12T03:57:36
0.88049	-49.87576	0	52	2021-09-12T04:07:35
0.87744	-49.87839	0	52	2021-09-12T04:12:37
0.87484	-49.88080	0	52	2021-09-12T04:17:37
0.87240	-49.88318	0	52	2021-09-12T04:22:40
0.87000	-49.88568	0	52	2021-09-12T04:27:57
0.86815	-49.88782	0	52	2021-09-12T04:32:40
0.86637	-49.89008	0	52	2021-09-12T04:37:40
0.86471	-49.89240	0	52	2021-09-12T04:42:41
0.86294	-49.89487	0	52	2021-09-12T04:47:38
0.86070	-49.89761	0	52	2021-09-12T04:52:39
0.85825	-49.90030	0	52	2021-09-12T04:57:37
0.85579	-49.90311	0	52	2021-09-12T05:02:38
0.85347	-49.90568	0	52	2021-09-12T05:07:38
0.85124	-49.90817	0	52	2021-09-12T05:12:39
0.84897	-49.91052	0	52	2021-09-12T05:17:36
0.84649	-49.91260	0	52	2021-09-12T05:22:36
0.84367	-49.91495	0	52	2021-09-12T05:28:07
0.84145	-49.91678	0	52	2021-09-12T05:32:38
0.83925	-49.91873	0	52	2021-09-12T05:37:34
0.83728	-49.92053	0	52	2021-09-12T05:42:33
0.83547	-49.92221	0	52	2021-09-12T05:47:37
0.83375	-49.92380	0	52	2021-09-12T05:52:33
0.83229	-49.92517	0	52	2021-09-12T05:57:32
0.83094	-49.92645	0	52	2021-09-12T06:02:32
0.82969	-49.92755	0	52	2021-09-12T06:07:33
0.82858	-49.92850	0	52	2021-09-12T06:12:30
0.82755	-49.92947	0	52	2021-09-12T06:17:27
0.82665	-49.93024	0	52	2021-09-12T06:22:28
0.82571	-49.93094	0	52	2021-09-12T06:27:55
0.82508	-49.93157	0	52	2021-09-12T06:32:22
0.82448	-49.93200	0	52	2021-09-12T06:37:22
0.82404	-49.93234	0	52	2021-09-12T06:42:23
0.82372	-49.93262	0	52	2021-09-12T06:47:21
0.82345	-49.93280	0	52	2021-09-12T06:52:24
0.82336	-49.93289	0	52	2021-09-12T06:57:23
0.82358	-49.93289	0	52	2021-09-12T07:02:26
0.82387	-49.93274	0	52	2021-09-12T07:07:26
0.82426	-49.93248	0	52	2021-09-12T07:12:28
0.82487	-49.93222	0	52	2021-09-12T07:17:29
0.82551	-49.93188	0	52	2021-09-12T07:22:29
0.82625	-49.93130	0	52	2021-09-12T07:27:57
0.82687	-49.93079	0	52	2021-09-12T07:32:28
0.82751	-49.93007	0	52	2021-09-12T07:37:29
0.82815	-49.92938	0	52	2021-09-12T07:42:29
0.82859	-49.92856	0	52	2021-09-12T07:47:27
0.82921	-49.92751	0	52	2021-09-12T07:52:26
0.82977	-49.92648	0	52	2021-09-12T07:57:25
0.83025	-49.92538	0	52	2021-09-12T08:02:26
0.83072	-49.92413	0	52	2021-09-12T08:07:25
0.83120	-49.92280	0	52	2021-09-12T08:12:27
0.83163	-49.92126	0	52	2021-09-12T08:17:28
0.83224	-49.91962	0	52	2021-09-12T08:22:25
0.83304	-49.91769	0	52	2021-09-12T08:27:55
0.83400	-49.91592	0	52	2021-09-12T08:32:27
0.83513	-49.91382	0	52	2021-09-12T08:37:30
0.83735	-49.90880	0	52	2021-09-12T08:47:29
0.83865	-49.90607	0	52	2021-09-12T08:52:30
0.84005	-49.90305	0	52	2021-09-12T08:57:28
0.84148	-49.89990	0	52	2021-09-12T09:02:31
0.84302	-49.89647	0	52	2021-09-12T09:07:32
0.84465	-49.89304	0	52	2021-09-12T09:12:32
0.84638	-49.88931	0	52	2021-09-12T09:17:34
0.84820	-49.88547	0	52	2021-09-12T09:22:30
0.85029	-49.88113	0	52	2021-09-12T09:27:33
0.85202	-49.87744	0	52	2021-09-12T09:32:33
0.85400	-49.87329	0	52	2021-09-12T09:37:30
0.85622	-49.86907	0	52	2021-09-12T09:42:27
0.85841	-49.86478	0	52	2021-09-12T09:47:27
0.86068	-49.86032	0	52	2021-09-12T09:52:26
0.86307	-49.85596	0	52	2021-09-12T09:57:28
0.86539	-49.85165	0	52	2021-09-12T10:02:26
0.86778	-49.84721	0	52	2021-09-12T10:07:26
0.87018	-49.84283	0	52	2021-09-12T10:12:25
0.87262	-49.83844	0	52	2021-09-12T10:17:26
0.87518	-49.83401	0	52	2021-09-12T10:22:25
0.87826	-49.82905	0	52	2021-09-12T10:27:27
0.88096	-49.82510	0	52	2021-09-12T10:32:28
0.88414	-49.82062	0	52	2021-09-12T10:37:25
0.88752	-49.81603	0	52	2021-09-12T10:42:23
0.89104	-49.81148	0	52	2021-09-12T10:47:23
0.89473	-49.80676	0	52	2021-09-12T10:52:24
0.89859	-49.80197	0	52	2021-09-12T10:57:24
0.90263	-49.79724	0	52	2021-09-12T11:02:22
0.90676	-49.79269	0	52	2021-09-12T11:07:25
0.91107	-49.78830	0	52	2021-09-12T11:12:24
0.91518	-49.78406	0	52	2021-09-12T11:17:24
0.91934	-49.78006	0	52	2021-09-12T11:22:21
0.92750	-49.77221	0	52	2021-09-12T11:32:19
0.93165	-49.76849	0	52	2021-09-12T11:37:21
0.93588	-49.76474	0	52	2021-09-12T11:42:19
0.94005	-49.76117	0	52	2021-09-12T11:47:18
0.94427	-49.75757	0	52	2021-09-12T11:52:17
0.94851	-49.75406	0	52	2021-09-12T11:57:16
0.95274	-49.75052	0	52	2021-09-12T12:02:16
0.95657	-49.74701	0	52	2021-09-12T12:07:17
0.96042	-49.74356	0	52	2021-09-12T12:12:17
0.96421	-49.74002	0	52	2021-09-12T12:17:14
0.96780	-49.73642	0	52	2021-09-12T12:22:13
0.97154	-49.73267	0	52	2021-09-12T12:27:36
0.97435	-49.72958	0	52	2021-09-12T12:32:13
0.97741	-49.72650	0	52	2021-09-12T12:37:15
0.98028	-49.72366	0	52	2021-09-12T12:42:12
0.98309	-49.72092	0	52	2021-09-12T12:47:11
0.98565	-49.71832	0	52	2021-09-12T12:52:12
0.98788	-49.71600	0	52	2021-09-12T12:57:13
0.98994	-49.71396	0	52	2021-09-12T13:02:10
0.99177	-49.71219	0	52	2021-09-12T13:07:09
0.99339	-49.71063	0	52	2021-09-12T13:12:09
0.99483	-49.70929	0	52	2021-09-12T13:17:10
0.99604	-49.70813	0	52	2021-09-12T13:22:08
0.99704	-49.70718	0	52	2021-09-12T13:27:27
0.99775	-49.70635	0	52	2021-09-12T13:32:09
0.99835	-49.70575	0	52	2021-09-12T13:37:10
0.99874	-49.70529	0	52	2021-09-12T13:42:07
0.99896	-49.70499	0	52	2021-09-12T13:47:10
0.99900	-49.70486	0	52	2021-09-12T13:52:08
0.99884	-49.70484	0	52	2021-09-12T13:57:10
0.99850	-49.70493	0	52	2021-09-12T14:02:10
0.99795	-49.70511	0	52	2021-09-12T14:07:10
0.99719	-49.70544	0	52	2021-09-12T14:12:11
0.99625	-49.70587	0	52	2021-09-12T14:17:11
0.99505	-49.70645	0	52	2021-09-12T14:22:12
0.99355	-49.70718	0	52	2021-09-12T14:27:37
0.99205	-49.70798	0	52	2021-09-12T14:32:12
0.99025	-49.70892	0	52	2021-09-12T14:37:12
0.98827	-49.70993	0	52	2021-09-12T14:42:13
0.98608	-49.71094	0	52	2021-09-12T14:47:13
0.98366	-49.71201	0	52	2021-09-12T14:52:11
0.98109	-49.71313	0	52	2021-09-12T14:57:12
0.97835	-49.71436	0	52	2021-09-12T15:02:11
0.97544	-49.71583	0	52	2021-09-12T15:07:13
0.97239	-49.71729	0	52	2021-09-12T15:12:13
0.96921	-49.71887	0	52	2021-09-12T15:17:11
0.96585	-49.72064	0	52	2021-09-12T15:22:11
0.96203	-49.72272	0	52	2021-09-12T15:27:36
0.95866	-49.72461	0	52	2021-09-12T15:32:11
0.95481	-49.72684	0	52	2021-09-12T15:37:11
0.95090	-49.72928	0	52	2021-09-12T15:42:11
0.94697	-49.73172	0	52	2021-09-12T15:47:13
0.94293	-49.73428	0	52	2021-09-12T15:52:08
0.93894	-49.73694	0	52	2021-09-12T15:57:07
0.93485	-49.73978	0	52	2021-09-12T16:02:08
0.93082	-49.74265	0	52	2021-09-12T16:07:08
0.92691	-49.74557	0	52	2021-09-12T16:12:08
0.92312	-49.74832	0	52	2021-09-12T16:17:05
0.91940	-49.75113	0	52	2021-09-12T16:22:06
0.91548	-49.75417	0	52	2021-09-12T16:27:07
0.91195	-49.75687	0	52	2021-09-12T16:32:08
0.90827	-49.75967	0	52	2021-09-12T16:37:06
0.90452	-49.76245	0	52	2021-09-12T16:42:09
0.90081	-49.76526	0	52	2021-09-12T16:47:11
0.89712	-49.76801	0	52	2021-09-12T16:52:11
0.89341	-49.77078	0	52	2021-09-12T16:57:13
0.88605	-49.77645	0	52	2021-09-12T17:07:14
0.88236	-49.77911	0	52	2021-09-12T17:12:14
0.87893	-49.78177	0	52	2021-09-12T17:17:13
0.87556	-49.78445	0	52	2021-09-12T17:22:18
0.87198	-49.78741	0	52	2021-09-12T17:27:55
0.86927	-49.79007	0	52	2021-09-12T17:32:19
0.86649	-49.79300	0	52	2021-09-12T17:37:17
0.86391	-49.79599	0	52	2021-09-12T17:42:19
0.86172	-49.79874	0	52	2021-09-12T17:47:18
0.85969	-49.80148	0	52	2021-09-12T17:52:21
0.85779	-49.80423	0	52	2021-09-12T17:57:23
0.85599	-49.80688	0	52	2021-09-12T18:02:21
0.85435	-49.80951	0	52	2021-09-12T18:07:24
0.85281	-49.81207	0	52	2021-09-12T18:12:22
0.85144	-49.81456	0	52	2021-09-12T18:17:22
0.85011	-49.81696	0	52	2021-09-12T18:22:21
0.84861	-49.81949	0	52	2021-09-12T18:27:54
0.84749	-49.82144	0	52	2021-09-12T18:32:22
0.84634	-49.82355	0	52	2021-09-12T18:37:22
0.84527	-49.82535	0	52	2021-09-12T18:42:22
0.84430	-49.82718	0	52	2021-09-12T18:47:20
0.84343	-49.82895	0	52	2021-09-12T18:52:21
0.84263	-49.83056	0	52	2021-09-12T18:57:21
0.84202	-49.83185	0	52	2021-09-12T19:02:20
0.84154	-49.83307	0	52	2021-09-12T19:07:21
0.84122	-49.83411	0	52	2021-09-12T19:12:21
0.84096	-49.83499	0	52	2021-09-12T19:17:22
0.84073	-49.83571	0	52	2021-09-12T19:22:57
0.84060	-49.83640	0	52	2021-09-12T19:27:58
0.84057	-49.83685	0	52	2021-09-12T19:32:23
0.84068	-49.83719	0	52	2021-09-12T19:37:21
0.84091	-49.83746	0	52	2021-09-12T19:42:22
0.84117	-49.83755	0	52	2021-09-12T19:47:22
0.84157	-49.83765	0	52	2021-09-12T19:52:23
0.84202	-49.83764	0	52	2021-09-12T19:57:24
0.84259	-49.83755	0	52	2021-09-12T20:02:24
0.84319	-49.83728	0	52	2021-09-12T20:07:22
0.84388	-49.83691	0	52	2021-09-12T20:12:22
0.84465	-49.83640	0	52	2021-09-12T20:17:24
0.84552	-49.83576	0	52	2021-09-12T20:22:24
0.84642	-49.83507	0	52	2021-09-12T20:27:23
0.84732	-49.83438	0	52	2021-09-12T20:32:23
0.84838	-49.83347	0	52	2021-09-12T20:37:27
0.84952	-49.83243	0	52	2021-09-12T20:42:25
0.85073	-49.83124	0	52	2021-09-12T20:47:28
0.85204	-49.82990	0	52	2021-09-12T20:52:26
0.85341	-49.82843	0	52	2021-09-12T20:57:28
0.85482	-49.82681	0	52	2021-09-12T21:02:28
0.85636	-49.82504	0	52	2021-09-12T21:07:32
0.85795	-49.82324	0	52	2021-09-12T21:12:32
0.85961	-49.82138	0	52	2021-09-12T21:17:31
0.86139	-49.81934	0	52	2021-09-12T21:22:31
0.86346	-49.81706	0	52	2021-09-12T21:27:32
0.86526	-49.81509	0	52	2021-09-12T21:32:32
0.86752	-49.81271	0	52	2021-09-12T21:37:34
0.86983	-49.81030	0	52	2021-09-12T21:42:32
0.87232	-49.80765	0	52	2021-09-12T21:47:32
0.87498	-49.80490	0	52	2021-09-12T21:52:33
0.87762	-49.80215	0	52	2021-09-12T21:57:34
0.88040	-49.79922	0	52	2021-09-12T22:02:31
0.88305	-49.79621	0	52	2021-09-12T22:07:31
0.88562	-49.79312	0	52	2021-09-12T22:12:32
0.88805	-49.79016	0	52	2021-09-12T22:17:29
0.89071	-49.78720	0	52	2021-09-12T22:22:30
0.89324	-49.78404	0	52	2021-09-12T22:27:26
0.89521	-49.78147	0	52	2021-09-12T22:32:25
0.89748	-49.77881	0	52	2021-09-12T22:37:25
0.89963	-49.77618	0	52	2021-09-12T22:42:26
0.90162	-49.77353	0	52	2021-09-12T22:47:23
0.90359	-49.77100	0	52	2021-09-12T22:52:24
0.90536	-49.76862	0	52	2021-09-12T22:57:21
0.90703	-49.76633	0	52	2021-09-12T23:02:22
0.91235	-49.75925	0	52	2021-09-12T23:17:55
0.91412	-49.75705	0	52	2021-09-12T23:22:21
0.91630	-49.75436	0	52	2021-09-12T23:27:55
0.91807	-49.75226	0	52	2021-09-12T23:32:20
0.92017	-49.74982	0	52	2021-09-12T23:37:24
0.92240	-49.74728	0	52	2021-09-12T23:42:23
0.92466	-49.74469	0	52	2021-09-12T23:47:25
0.92701	-49.74207	0	52	2021-09-12T23:52:22
0.92948	-49.73930	0	52	2021-09-12T23:57:20
0.93194	-49.73669	0	52	2021-09-13T00:02:23
0.93450	-49.73398	0	52	2021-09-13T00:07:21
0.93715	-49.73123	0	52	2021-09-13T00:12:22
0.93984	-49.72849	0	52	2021-09-13T00:17:23
0.94257	-49.72568	0	52	2021-09-13T00:22:26
0.94560	-49.72250	0	52	2021-09-13T00:27:58
0.94809	-49.71991	0	52	2021-09-13T00:32:24
0.95087	-49.71702	0	52	2021-09-13T00:37:25
0.95366	-49.71402	0	52	2021-09-13T00:42:24
0.95648	-49.71106	0	52	2021-09-13T00:47:27
0.95921	-49.70810	0	52	2021-09-13T00:52:26
0.96197	-49.70524	0	52	2021-09-13T00:57:28
0.96450	-49.70267	0	52	2021-09-13T01:02:27
0.96712	-49.70023	0	52	2021-09-13T01:07:30
0.96955	-49.69785	0	52	2021-09-13T01:12:29
0.97181	-49.69568	0	52	2021-09-13T01:17:30
0.97383	-49.69379	0	52	2021-09-13T01:22:30
0.97603	-49.69177	0	52	2021-09-13T01:28:25
0.97747	-49.69049	0	52	2021-09-13T01:32:29
0.97905	-49.68901	0	52	2021-09-13T01:37:33
0.98049	-49.68793	0	52	2021-09-13T01:42:34
0.98180	-49.68695	0	52	2021-09-13T01:47:33
0.98292	-49.68613	0	52	2021-09-13T01:52:31
0.98395	-49.68546	0	52	2021-09-13T01:57:32
0.98480	-49.68500	0	52	2021-09-13T02:02:29
0.98554	-49.68466	0	52	2021-09-13T02:07:31
0.98611	-49.68445	0	52	2021-09-13T02:12:30
0.98649	-49.68445	0	52	2021-09-13T02:17:28
0.98670	-49.68445	0	52	2021-09-13T02:22:29
0.98676	-49.68460	0	52	2021-09-13T02:27:57
0.98662	-49.68490	0	52	2021-09-13T02:32:31
0.98636	-49.68524	0	52	2021-09-13T02:37:31
0.98583	-49.68570	0	52	2021-09-13T02:42:28
0.98512	-49.68633	0	52	2021-09-13T02:47:28
0.98430	-49.68693	0	52	2021-09-13T02:52:27
0.98331	-49.68762	0	52	2021-09-13T02:57:27
0.98214	-49.68829	0	52	2021-09-13T03:02:28
0.98086	-49.68903	0	52	2021-09-13T03:07:30
0.97946	-49.68982	0	52	2021-09-13T03:12:29
0.97794	-49.69061	0	52	2021-09-13T03:17:27
0.97627	-49.69141	0	52	2021-09-13T03:22:30
0.97423	-49.69238	0	52	2021-09-13T03:27:28
0.97246	-49.69324	0	52	2021-09-13T03:32:29
0.97039	-49.69415	0	52	2021-09-13T03:37:30
0.96815	-49.69513	0	52	2021-09-13T03:42:30
0.96576	-49.69623	0	52	2021-09-13T03:47:27
0.96323	-49.69747	0	52	2021-09-13T03:52:24
0.96061	-49.69867	0	52	2021-09-13T03:57:23
0.95792	-49.70007	0	52	2021-09-13T04:02:24
0.95518	-49.70148	0	52	2021-09-13T04:07:23
0.95237	-49.70291	0	52	2021-09-13T04:12:20
0.94951	-49.70444	0	52	2021-09-13T04:17:20
0.94664	-49.70599	0	52	2021-09-13T04:22:18
0.94331	-49.70799	0	52	2021-09-13T04:27:16
0.94074	-49.70953	0	52	2021-09-13T04:32:16
0.93774	-49.71133	0	52	2021-09-13T04:37:17
0.93466	-49.71332	0	52	2021-09-13T04:42:18
0.92832	-49.71762	0	52	2021-09-13T04:52:20
0.92509	-49.71988	0	52	2021-09-13T04:57:19
0.92181	-49.72220	0	52	2021-09-13T05:02:22
0.91852	-49.72452	0	52	2021-09-13T05:07:21
0.91516	-49.72693	0	52	2021-09-13T05:12:22
0.91176	-49.72937	0	52	2021-09-13T05:17:20
0.90839	-49.73187	0	52	2021-09-13T05:22:21
0.90469	-49.73462	0	52	2021-09-13T05:27:55
0.90181	-49.73682	0	52	2021-09-13T05:32:20
0.89874	-49.73930	0	52	2021-09-13T05:37:20
0.89574	-49.74179	0	52	2021-09-13T05:42:21
0.89268	-49.74426	0	52	2021-09-13T05:47:22
0.88983	-49.74670	0	52	2021-09-13T05:52:19
0.88720	-49.74908	0	52	2021-09-13T05:57:19
0.88458	-49.75143	0	52	2021-09-13T06:02:20
0.88209	-49.75375	0	52	2021-09-13T06:07:21
0.87967	-49.75613	0	52	2021-09-13T06:12:19
0.87726	-49.75851	0	52	2021-09-13T06:17:22
0.87488	-49.76095	0	52	2021-09-13T06:22:58
0.87222	-49.76361	0	52	2021-09-13T06:27:58
0.87013	-49.76572	0	52	2021-09-13T06:32:20
0.86769	-49.76807	0	52	2021-09-13T06:37:18
0.86546	-49.77022	0	52	2021-09-13T06:42:19
0.86339	-49.77219	0	52	2021-09-13T06:47:19
0.86149	-49.77411	0	52	2021-09-13T06:52:21
0.85979	-49.77596	0	52	2021-09-13T06:57:22
0.85833	-49.77750	0	52	2021-09-13T07:02:23
0.85701	-49.77884	0	52	2021-09-13T07:07:21
0.85588	-49.78009	0	52	2021-09-13T07:12:24
0.85484	-49.78133	0	52	2021-09-13T07:17:56
0.85408	-49.78220	0	52	2021-09-13T07:22:25
0.85334	-49.78305	0	52	2021-09-13T07:27:55
0.85287	-49.78372	0	52	2021-09-13T07:32:24
0.85255	-49.78436	0	52	2021-09-13T07:37:21
0.85234	-49.78488	0	52	2021-09-13T07:42:25
0.85245	-49.78537	0	52	2021-09-13T07:47:19
0.85275	-49.78563	0	52	2021-09-13T07:52:19
0.85318	-49.78589	0	52	2021-09-13T07:57:19
0.85378	-49.78601	0	52	2021-09-13T08:02:18
0.85447	-49.78601	0	52	2021-09-13T08:07:18
0.85521	-49.78583	0	52	2021-09-13T08:12:19
0.85604	-49.78552	0	52	2021-09-13T08:17:20
0.85696	-49.78516	0	52	2021-09-13T08:22:22
0.85816	-49.78445	0	52	2021-09-13T08:27:18
0.85911	-49.78394	0	52	2021-09-13T08:32:18
0.86039	-49.78308	0	52	2021-09-13T08:37:19
0.86178	-49.78214	0	52	2021-09-13T08:42:16
0.86332	-49.78107	0	52	2021-09-13T08:47:17
0.86494	-49.77988	0	52	2021-09-13T08:52:15
0.86670	-49.77850	0	52	2021-09-13T08:57:12
0.86853	-49.77704	0	52	2021-09-13T09:02:15
0.87051	-49.77542	0	52	2021-09-13T09:07:16
0.87264	-49.77368	0	52	2021-09-13T09:12:14
0.87480	-49.77179	0	52	2021-09-13T09:17:12
0.87710	-49.76978	0	52	2021-09-13T09:22:13
0.88002	-49.76736	0	52	2021-09-13T09:27:14
0.88225	-49.76547	0	52	2021-09-13T09:32:14
0.88495	-49.76324	0	52	2021-09-13T09:37:15
0.88778	-49.76086	0	52	2021-09-13T09:42:12
0.89074	-49.75848	0	52	2021-09-13T09:47:15
0.89374	-49.75595	0	52	2021-09-13T09:52:12
0.89689	-49.75330	0	52	2021-09-13T09:57:17
0.90006	-49.75061	0	52	2021-09-13T10:02:15
0.90330	-49.74780	0	52	2021-09-13T10:07:16
0.90660	-49.74490	0	52	2021-09-13T10:12:13
0.90999	-49.74188	0	52	2021-09-13T10:17:10
0.91341	-49.73877	0	52	2021-09-13T10:22:11
0.91717	-49.73522	0	52	2021-09-13T10:27:08
0.92052	-49.73204	0	52	2021-09-13T10:32:08
0.92412	-49.72861	0	52	2021-09-13T10:37:08
0.92772	-49.72498	0	52	2021-09-13T10:42:10
0.93130	-49.72131	0	52	2021-09-13T10:47:08
0.93479	-49.71771	0	52	2021-09-13T10:52:08
0.93809	-49.71417	0	52	2021-09-13T10:57:06
0.94121	-49.71072	0	52	2021-09-13T11:02:07
0.94411	-49.70731	0	52	2021-09-13T11:07:07
0.94698	-49.70404	0	52	2021-09-13T11:12:08
0.94986	-49.70081	0	52	2021-09-13T11:17:09
0.95282	-49.69763	0	52	2021-09-13T11:22:09
0.95594	-49.69433	0	52	2021-09-13T11:27:07
0.95873	-49.69141	0	52	2021-09-13T11:32:08
0.96171	-49.68823	0	52	2021-09-13T11:37:07
0.96469	-49.68506	0	52	2021-09-13T11:42:08
0.96760	-49.68201	0	52	2021-09-13T11:47:06
0.97038	-49.67914	0	52	2021-09-13T11:52:07
0.97318	-49.67607	0	52	2021-09-13T11:57:03
0.97588	-49.67315	0	52	2021-09-13T12:02:02
0.97841	-49.67032	0	52	2021-09-13T12:07:02
0.98092	-49.66751	0	52	2021-09-13T12:12:03
0.98328	-49.66486	0	52	2021-09-13T12:17:03
0.98575	-49.66227	0	52	2021-09-13T12:22:24
0.98824	-49.65970	0	52	2021-09-13T12:27:24
0.99037	-49.65759	0	52	2021-09-13T12:32:06
0.99264	-49.65533	0	52	2021-09-13T12:37:06
0.99481	-49.65317	0	52	2021-09-13T12:42:08
0.99699	-49.65106	0	52	2021-09-13T12:47:07
0.99911	-49.64899	0	52	2021-09-13T12:52:08
1.00117	-49.64691	0	52	2021-09-13T12:57:06
1.00328	-49.64494	0	52	2021-09-13T13:02:08
1.00530	-49.64297	0	52	2021-09-13T13:07:08
1.00734	-49.64111	0	52	2021-09-13T13:12:06
1.00936	-49.63928	0	52	2021-09-13T13:17:06
1.01131	-49.63745	0	52	2021-09-13T13:22:07
1.01346	-49.63547	0	52	2021-09-13T13:27:26
1.01525	-49.63388	0	52	2021-09-13T13:32:07
1.01896	-49.63065	0	52	2021-09-13T13:42:05
1.02072	-49.62928	0	52	2021-09-13T13:47:04
1.02239	-49.62799	0	52	2021-09-13T13:52:04
1.02397	-49.62686	0	52	2021-09-13T13:57:02
1.02543	-49.62582	0	52	2021-09-13T14:02:03
1.02682	-49.62491	0	52	2021-09-13T14:07:02
1.02813	-49.62418	0	52	2021-09-13T14:12:01
1.02938	-49.62350	0	52	2021-09-13T14:17:01
1.03058	-49.62299	0	52	2021-09-13T14:22:02
1.03173	-49.62256	0	52	2021-09-13T14:27:23
1.03259	-49.62231	0	52	2021-09-13T14:32:02
1.03336	-49.62213	0	52	2021-09-13T14:37:03
1.03400	-49.62201	0	52	2021-09-13T14:42:01
1.03454	-49.62195	0	52	2021-09-13T14:47:02
1.03492	-49.62201	0	52	2021-09-13T14:52:00
1.03533	-49.62210	0	52	2021-09-13T14:57:01
1.03564	-49.62219	0	52	2021-09-13T15:02:02
1.03579	-49.62231	0	52	2021-09-13T15:07:02
1.03589	-49.62263	0	52	2021-09-13T15:12:02
1.03576	-49.62289	0	52	2021-09-13T15:17:02
1.03550	-49.62329	0	52	2021-09-13T15:22:03
1.03511	-49.62378	0	52	2021-09-13T15:27:28
1.03461	-49.62437	0	52	2021-09-13T15:31:58
1.03401	-49.62488	0	52	2021-09-13T15:36:59
1.03320	-49.62552	0	52	2021-09-13T15:41:56
1.03223	-49.62622	0	52	2021-09-13T15:46:57
1.03114	-49.62704	0	52	2021-09-13T15:51:55
1.02990	-49.62781	0	52	2021-09-13T15:56:55
1.02855	-49.62866	0	52	2021-09-13T16:01:56
1.02696	-49.62949	0	52	2021-09-13T16:06:56
1.02528	-49.63040	0	52	2021-09-13T16:11:57
1.02349	-49.63135	0	52	2021-09-13T16:16:55
1.02156	-49.63242	0	52	2021-09-13T16:21:56
1.01924	-49.63364	0	52	2021-09-13T16:27:24
1.01723	-49.63467	0	52	2021-09-13T16:31:57
1.01486	-49.63598	0	52	2021-09-13T16:36:57
1.01246	-49.63727	0	52	2021-09-13T16:41:56
1.00990	-49.63877	0	52	2021-09-13T16:46:55
1.00736	-49.64032	0	52	2021-09-13T16:51:53
1.00467	-49.64194	0	52	2021-09-13T16:56:54
1.00176	-49.64365	0	52	2021-09-13T17:01:54
0.99858	-49.64554	0	52	2021-09-13T17:06:54
0.99528	-49.64734	0	52	2021-09-13T17:11:53
0.99172	-49.64933	0	52	2021-09-13T17:17:24
0.98823	-49.65131	0	52	2021-09-13T17:21:57
0.98425	-49.65353	0	52	2021-09-13T17:27:25
0.98099	-49.65546	0	52	2021-09-13T17:31:56
0.97733	-49.65759	0	52	2021-09-13T17:36:56
0.97356	-49.65961	0	52	2021-09-13T17:41:54
0.96970	-49.66164	0	52	2021-09-13T17:46:57
0.96588	-49.66370	0	52	2021-09-13T17:51:56
0.96222	-49.66571	0	52	2021-09-13T17:56:56
0.95859	-49.66772	0	52	2021-09-13T18:01:57
0.95500	-49.66980	0	52	2021-09-13T18:06:58
0.95148	-49.67191	0	52	2021-09-13T18:11:52
0.94798	-49.67413	0	52	2021-09-13T18:16:52
0.94451	-49.67645	0	52	2021-09-13T18:22:28
0.94073	-49.67911	0	52	2021-09-13T18:27:28
0.93783	-49.68121	0	52	2021-09-13T18:31:50
0.93465	-49.68359	0	52	2021-09-13T18:36:51
0.93158	-49.68600	0	52	2021-09-13T18:41:53
0.92875	-49.68823	0	52	2021-09-13T18:46:53
0.92605	-49.69055	0	52	2021-09-13T18:51:53
0.92348	-49.69278	0	52	2021-09-13T18:56:55
0.92101	-49.69492	0	52	2021-09-13T19:01:52
0.91879	-49.69698	0	52	2021-09-13T19:06:53
0.91677	-49.69904	0	52	2021-09-13T19:11:53
0.91475	-49.70105	0	52	2021-09-13T19:16:53
0.91292	-49.70300	0	52	2021-09-13T19:21:50
0.91102	-49.70508	0	52	2021-09-13T19:27:24
0.90968	-49.70654	0	52	2021-09-13T19:31:46
0.90831	-49.70813	0	52	2021-09-13T19:36:46
0.90708	-49.70967	0	52	2021-09-13T19:41:47
0.90601	-49.71096	0	52	2021-09-13T19:46:47
0.90507	-49.71216	0	52	2021-09-13T19:51:46
0.90428	-49.71323	0	52	2021-09-13T19:56:46
0.90364	-49.71426	0	52	2021-09-13T20:01:46
0.90313	-49.71521	0	52	2021-09-13T20:06:44
0.90278	-49.71597	0	52	2021-09-13T20:11:45
0.90257	-49.71662	0	52	2021-09-13T20:16:44
0.90257	-49.71713	0	52	2021-09-13T20:21:43
0.90269	-49.71760	0	52	2021-09-13T20:26:47
0.90296	-49.71786	0	52	2021-09-13T20:31:47
0.90343	-49.71814	0	52	2021-09-13T20:36:49
0.90410	-49.71829	0	52	2021-09-13T20:41:46
0.90485	-49.71838	0	52	2021-09-13T20:46:47
0.90574	-49.71828	0	52	2021-09-13T20:51:46
0.90674	-49.71823	0	52	2021-09-13T20:56:48
0.90785	-49.71802	0	52	2021-09-13T21:01:46
0.90908	-49.71771	0	52	2021-09-13T21:06:47
0.91033	-49.71724	0	52	2021-09-13T21:11:46
0.91157	-49.71673	0	52	2021-09-13T21:16:45
0.91286	-49.71613	0	52	2021-09-13T21:21:45
0.91424	-49.71527	0	52	2021-09-13T21:27:24
0.91530	-49.71454	0	52	2021-09-13T21:31:47
0.91659	-49.71356	0	52	2021-09-13T21:36:50
0.91773	-49.71252	0	52	2021-09-13T21:41:48
0.91891	-49.71143	0	52	2021-09-13T21:46:46
0.92009	-49.71025	0	52	2021-09-13T21:51:47
0.92109	-49.70908	0	52	2021-09-13T21:56:47
0.92211	-49.70776	0	52	2021-09-13T22:01:48
0.92298	-49.70639	0	52	2021-09-13T22:06:49
0.92373	-49.70497	0	52	2021-09-13T22:11:46
0.92442	-49.70377	0	52	2021-09-13T22:16:46
0.92510	-49.70255	0	52	2021-09-13T22:21:47
0.92589	-49.70126	0	52	2021-09-13T22:27:23
0.92656	-49.70024	0	52	2021-09-13T22:31:46
0.92725	-49.69904	0	52	2021-09-13T22:36:46
0.92800	-49.69781	0	52	2021-09-13T22:41:47
0.92873	-49.69653	0	52	2021-09-13T22:46:45
0.92950	-49.69525	0	52	2021-09-13T22:51:46
0.93036	-49.69394	0	52	2021-09-13T22:56:46
0.93127	-49.69257	0	52	2021-09-13T23:01:44
0.93221	-49.69111	0	52	2021-09-13T23:06:43
0.93325	-49.68967	0	52	2021-09-13T23:11:41
0.93436	-49.68811	0	52	2021-09-13T23:16:42
0.93554	-49.68649	0	52	2021-09-13T23:21:39
0.93691	-49.68469	0	52	2021-09-13T23:26:55
0.93819	-49.68311	0	52	2021-09-13T23:31:37
0.93964	-49.68137	0	52	2021-09-13T23:36:36
0.94124	-49.67948	0	52	2021-09-13T23:41:34
0.94278	-49.67751	0	52	2021-09-13T23:46:35
0.94441	-49.67554	0	52	2021-09-13T23:51:35
0.94617	-49.67346	0	52	2021-09-13T23:56:34
0.94804	-49.67133	0	52	2021-09-14T00:01:33
0.95009	-49.66910	0	52	2021-09-14T00:06:31
0.95229	-49.66687	0	52	2021-09-14T00:11:32
0.95453	-49.66455	0	52	2021-09-14T00:16:33
0.95687	-49.66229	0	52	2021-09-14T00:21:33
0.95944	-49.65970	0	52	2021-09-14T00:26:54
0.96166	-49.65756	0	52	2021-09-14T00:31:31
0.96409	-49.65527	0	52	2021-09-14T00:36:32
0.96665	-49.65289	0	52	2021-09-14T00:41:30
0.96916	-49.65057	0	52	2021-09-14T00:46:31
0.97171	-49.64825	0	52	2021-09-14T00:51:31
0.97436	-49.64594	0	52	2021-09-14T00:56:28
0.97699	-49.64347	0	52	2021-09-14T01:01:29
0.97956	-49.64124	0	52	2021-09-14T01:06:30
0.98222	-49.63901	0	52	2021-09-14T01:11:30
0.98491	-49.63678	0	52	2021-09-14T01:16:30
0.98763	-49.63446	0	52	2021-09-14T01:21:35
0.99029	-49.63214	0	52	2021-09-14T01:26:56
0.99251	-49.63028	0	52	2021-09-14T01:31:34
0.99466	-49.62830	0	52	2021-09-14T01:36:36
0.99656	-49.62635	0	52	2021-09-14T01:41:29
0.99841	-49.62472	0	52	2021-09-14T01:46:29
1.00017	-49.62326	0	52	2021-09-14T01:51:30
1.00173	-49.62189	0	52	2021-09-14T01:56:26
1.00314	-49.62067	0	52	2021-09-14T02:01:26
1.00447	-49.61957	0	52	2021-09-14T02:06:25
1.00569	-49.61862	0	52	2021-09-14T02:11:25
1.00686	-49.61777	0	52	2021-09-14T02:16:26
1.00786	-49.61707	0	52	2021-09-14T02:21:26
1.00878	-49.61646	0	52	2021-09-14T02:26:58
1.00944	-49.61609	0	52	2021-09-14T02:31:29
1.01008	-49.61574	0	52	2021-09-14T02:36:32
1.01059	-49.61557	0	52	2021-09-14T02:41:31
1.01096	-49.61551	0	52	2021-09-14T02:46:30
1.01115	-49.61554	0	52	2021-09-14T02:51:28
1.01122	-49.61575	0	52	2021-09-14T02:56:29
1.01117	-49.61603	0	52	2021-09-14T03:01:30
1.01096	-49.61642	0	52	2021-09-14T03:06:28
1.01060	-49.61688	0	52	2021-09-14T03:11:29
1.01008	-49.61752	0	52	2021-09-14T03:16:26
1.00939	-49.61829	0	52	2021-09-14T03:21:26
1.00846	-49.61923	0	52	2021-09-14T03:26:54
1.00753	-49.62003	0	52	2021-09-14T03:31:28
1.00633	-49.62101	0	52	2021-09-14T03:36:25
1.00496	-49.62204	0	52	2021-09-14T03:41:26
1.00339	-49.62320	0	52	2021-09-14T03:46:26
1.00170	-49.62439	0	52	2021-09-14T03:51:28
0.99988	-49.62547	0	52	2021-09-14T03:56:32
0.99795	-49.62650	0	52	2021-09-14T04:01:33
0.99600	-49.62750	0	52	2021-09-14T04:06:33
0.99410	-49.62845	0	52	2021-09-14T04:11:31
0.99210	-49.62950	0	52	2021-09-14T04:16:58
0.99005	-49.63046	0	52	2021-09-14T04:21:32
0.98785	-49.63156	0	52	2021-09-14T04:26:57
0.98590	-49.63251	0	52	2021-09-14T04:31:31
0.98377	-49.63351	0	52	2021-09-14T04:36:30
0.98155	-49.63449	0	52	2021-09-14T04:41:28
0.97918	-49.63553	0	52	2021-09-14T04:46:29
0.97674	-49.63666	0	52	2021-09-14T04:51:30
0.97423	-49.63782	0	52	2021-09-14T04:56:29
0.97160	-49.63911	0	52	2021-09-14T05:01:27
0.96899	-49.64032	0	52	2021-09-14T05:06:32
0.96632	-49.64160	0	52	2021-09-14T05:11:26
0.96352	-49.64291	0	52	2021-09-14T05:16:27
0.96066	-49.64429	0	52	2021-09-14T05:21:26
0.95736	-49.64584	0	52	2021-09-14T05:26:55
0.95448	-49.64719	0	52	2021-09-14T05:31:28
0.95124	-49.64871	0	52	2021-09-14T05:36:26
0.94786	-49.65037	0	52	2021-09-14T05:41:27
0.94443	-49.65200	0	52	2021-09-14T05:46:28
0.94095	-49.65363	0	52	2021-09-14T05:51:28
0.93742	-49.65536	0	52	2021-09-14T05:56:26
0.93384	-49.65710	0	52	2021-09-14T06:01:26
0.93026	-49.65889	0	52	2021-09-14T06:06:31
0.92683	-49.66061	0	52	2021-09-14T06:11:31
0.92361	-49.66226	0	52	2021-09-14T06:16:30
0.92048	-49.66388	0	52	2021-09-14T06:21:30
0.91713	-49.66559	0	52	2021-09-14T06:26:34
0.91438	-49.66705	0	52	2021-09-14T06:31:35
0.91156	-49.66870	0	52	2021-09-14T06:36:32
0.90889	-49.67032	0	52	2021-09-14T06:41:34
0.90635	-49.67191	0	52	2021-09-14T06:46:31
0.90390	-49.67328	0	52	2021-09-14T06:51:31
0.90155	-49.67474	0	52	2021-09-14T06:56:32
0.89932	-49.67618	0	52	2021-09-14T07:01:34
0.89706	-49.67765	0	52	2021-09-14T07:06:36
0.89496	-49.67911	0	52	2021-09-14T07:11:35
0.89294	-49.68057	0	52	2021-09-14T07:16:35
0.89092	-49.68201	0	52	2021-09-14T07:21:39
0.88880	-49.68350	0	52	2021-09-14T07:27:08
0.88720	-49.68469	0	52	2021-09-14T07:31:41
0.88549	-49.68600	0	52	2021-09-14T07:36:41
0.88379	-49.68729	0	52	2021-09-14T07:41:36
0.88229	-49.68832	0	52	2021-09-14T07:46:36
0.88096	-49.68918	0	52	2021-09-14T07:51:37
0.87975	-49.69003	0	52	2021-09-14T07:56:41
0.87857	-49.69070	0	52	2021-09-14T08:01:39
0.87762	-49.69135	0	52	2021-09-14T08:06:40
0.87684	-49.69189	0	52	2021-09-14T08:11:37
0.87613	-49.69235	0	52	2021-09-14T08:16:34
0.87570	-49.69269	0	52	2021-09-14T08:21:35
0.87531	-49.69305	0	52	2021-09-14T08:26:55
0.87513	-49.69318	0	52	2021-09-14T08:31:39
0.87512	-49.69324	0	52	2021-09-14T08:36:37
0.87516	-49.69324	0	52	2021-09-14T08:41:38
0.87539	-49.69315	0	52	2021-09-14T08:46:35
0.87576	-49.69302	0	52	2021-09-14T08:51:36
0.87627	-49.69278	0	52	2021-09-14T08:56:37
0.87691	-49.69250	0	52	2021-09-14T09:01:34
0.87763	-49.69211	0	52	2021-09-14T09:06:31
0.87843	-49.69162	0	52	2021-09-14T09:11:34
0.87939	-49.69103	0	52	2021-09-14T09:16:34
0.88046	-49.69043	0	52	2021-09-14T09:21:34
0.88177	-49.68961	0	52	2021-09-14T09:26:54
0.88293	-49.68884	0	52	2021-09-14T09:31:36
0.88437	-49.68786	0	52	2021-09-14T09:36:37
0.88587	-49.68692	0	52	2021-09-14T09:41:37
0.88746	-49.68585	0	52	2021-09-14T09:46:35
0.88917	-49.68469	0	52	2021-09-14T09:51:36
0.89101	-49.68339	0	52	2021-09-14T09:56:36
0.89286	-49.68210	0	52	2021-09-14T10:01:36
0.89489	-49.68069	0	52	2021-09-14T10:06:34
0.89695	-49.67917	0	52	2021-09-14T10:11:35
0.89915	-49.67761	0	52	2021-09-14T10:16:55
0.90136	-49.67587	0	52	2021-09-14T10:21:36
0.90400	-49.67392	0	52	2021-09-14T10:26:55
0.90622	-49.67215	0	52	2021-09-14T10:31:35
0.90869	-49.67029	0	52	2021-09-14T10:36:36
0.91122	-49.66837	0	52	2021-09-14T10:41:35
0.91382	-49.66635	0	52	2021-09-14T10:46:36
0.91645	-49.66434	0	52	2021-09-14T10:51:34
0.92189	-49.66013	0	52	2021-09-14T11:01:35
0.92469	-49.65799	0	52	2021-09-14T11:06:32
0.92750	-49.65579	0	52	2021-09-14T11:11:30
0.93039	-49.65353	0	52	2021-09-14T11:16:30
0.93330	-49.65125	0	52	2021-09-14T11:21:28
0.93647	-49.64871	0	52	2021-09-14T11:26:55
0.93910	-49.64651	0	52	2021-09-14T11:31:29
0.94209	-49.64413	0	52	2021-09-14T11:36:26
0.94504	-49.64191	0	52	2021-09-14T11:41:27
0.94794	-49.63955	0	52	2021-09-14T11:46:21
0.95086	-49.63715	0	52	2021-09-14T11:51:21
0.95372	-49.63461	0	52	2021-09-14T11:56:24
0.95660	-49.63205	0	52	2021-09-14T12:01:25
0.95944	-49.62955	0	52	2021-09-14T12:06:22
0.96232	-49.62723	0	52	2021-09-14T12:11:21
0.96524	-49.62479	0	52	2021-09-14T12:16:22
0.96819	-49.62234	0	52	2021-09-14T12:21:21
0.97127	-49.61958	0	52	2021-09-14T12:26:23
0.97372	-49.61743	0	52	2021-09-14T12:31:23
0.97654	-49.61496	0	52	2021-09-14T12:36:25
0.97946	-49.61249	0	52	2021-09-14T12:41:24
0.98245	-49.60999	0	52	2021-09-14T12:46:26
0.98550	-49.60742	0	52	2021-09-14T12:51:26
0.98866	-49.60483	0	52	2021-09-14T12:56:24
0.99187	-49.60214	0	52	2021-09-14T13:01:29
0.99505	-49.59949	0	52	2021-09-14T13:06:25
0.99819	-49.59680	0	52	2021-09-14T13:11:27
1.00121	-49.59427	0	52	2021-09-14T13:16:28
1.00394	-49.59186	0	52	2021-09-14T13:21:27
1.00688	-49.58935	0	52	2021-09-14T13:26:26
1.00920	-49.58746	0	52	2021-09-14T13:31:26
1.01174	-49.58533	0	52	2021-09-14T13:36:27
1.01424	-49.58328	0	52	2021-09-14T13:41:24
1.01680	-49.58119	0	52	2021-09-14T13:46:24
1.01933	-49.57922	0	52	2021-09-14T13:51:23
1.02181	-49.57721	0	52	2021-09-14T13:56:20
1.02437	-49.57526	0	52	2021-09-14T14:01:21
1.02682	-49.57339	0	52	2021-09-14T14:06:23
1.02925	-49.57156	0	52	2021-09-14T14:11:21
1.03174	-49.56980	0	52	2021-09-14T14:16:22
1.03406	-49.56808	0	52	2021-09-14T14:21:22
1.03665	-49.56616	0	52	2021-09-14T14:26:55
1.03852	-49.56479	0	52	2021-09-14T14:31:17
1.04066	-49.56329	0	52	2021-09-14T14:36:14
1.04272	-49.56192	0	52	2021-09-14T14:41:15
1.04469	-49.56070	0	52	2021-09-14T14:46:16
1.04654	-49.55957	0	52	2021-09-14T14:51:13
1.04827	-49.55850	0	52	2021-09-14T14:56:11
1.04986	-49.55756	0	52	2021-09-14T15:01:11
1.05136	-49.55679	0	52	2021-09-14T15:06:12
1.05275	-49.55615	0	52	2021-09-14T15:11:09
1.05399	-49.55566	0	52	2021-09-14T15:16:09
1.05514	-49.55530	0	52	2021-09-14T15:21:26
1.05626	-49.55496	0	52	2021-09-14T15:26:26
1.05707	-49.55487	0	52	2021-09-14T15:31:05
1.05782	-49.55493	0	52	2021-09-14T15:36:05
1.05846	-49.55493	0	52	2021-09-14T15:41:05
1.05896	-49.55515	0	52	2021-09-14T15:46:06
1.05935	-49.55557	0	52	2021-09-14T15:51:05
1.05965	-49.55614	0	52	2021-09-14T15:56:08
1.05991	-49.55665	0	52	2021-09-14T16:01:08
1.05991	-49.55734	0	52	2021-09-14T16:06:07
1.05977	-49.55807	0	52	2021-09-14T16:11:06
1.05952	-49.55887	0	52	2021-09-14T16:16:07
1.05908	-49.55975	0	52	2021-09-14T16:21:05
1.05835	-49.56076	0	52	2021-09-14T16:26:26
1.05762	-49.56171	0	52	2021-09-14T16:31:03
1.05675	-49.56277	0	52	2021-09-14T16:36:04
1.05573	-49.56387	0	52	2021-09-14T16:41:01
1.05459	-49.56503	0	52	2021-09-14T16:46:01
1.05335	-49.56622	0	52	2021-09-14T16:51:03
1.05194	-49.56750	0	52	2021-09-14T16:56:06
1.05045	-49.56879	0	52	2021-09-14T17:01:04
1.04887	-49.57013	0	52	2021-09-14T17:06:02
1.04715	-49.57150	0	52	2021-09-14T17:11:05
1.04528	-49.57291	0	52	2021-09-14T17:16:03
1.04327	-49.57431	0	52	2021-09-14T17:21:04
1.04098	-49.57586	0	52	2021-09-14T17:26:05
1.03892	-49.57715	0	52	2021-09-14T17:31:05
1.03656	-49.57861	0	52	2021-09-14T17:36:06
1.03411	-49.58017	0	52	2021-09-14T17:41:04
1.03152	-49.58180	0	52	2021-09-14T17:46:04
1.02882	-49.58334	0	52	2021-09-14T17:51:04
1.02602	-49.58499	0	52	2021-09-14T17:56:03
1.02304	-49.58667	0	52	2021-09-14T18:01:02
1.01990	-49.58847	0	52	2021-09-14T18:06:01
1.01658	-49.59021	0	52	2021-09-14T18:11:00
1.01302	-49.59201	0	52	2021-09-14T18:15:59
1.00938	-49.59384	0	52	2021-09-14T18:20:59
1.00533	-49.59609	0	52	2021-09-14T18:26:00
1.00190	-49.59781	0	52	2021-09-14T18:31:00
0.99810	-49.59979	0	52	2021-09-14T18:35:58
0.99421	-49.60184	0	52	2021-09-14T18:40:59
0.99024	-49.60388	0	52	2021-09-14T18:45:58
0.98617	-49.60590	0	52	2021-09-14T18:51:00
0.98205	-49.60800	0	52	2021-09-14T18:55:57
0.97788	-49.61008	0	52	2021-09-14T19:00:58
0.97410	-49.61194	0	52	2021-09-14T19:05:54
0.97076	-49.61340	0	52	2021-09-14T19:10:56
0.96762	-49.61502	0	52	2021-09-14T19:15:53
0.96469	-49.61664	0	52	2021-09-14T19:20:54
0.96133	-49.61855	0	52	2021-09-14T19:25:57
0.95875	-49.61992	0	52	2021-09-14T19:30:56
0.95592	-49.62155	0	52	2021-09-14T19:35:56
0.95316	-49.62320	0	52	2021-09-14T19:40:58
0.95050	-49.62491	0	52	2021-09-14T19:45:57
0.94804	-49.62656	0	52	2021-09-14T19:50:59
0.94571	-49.62817	0	52	2021-09-14T19:55:56
0.94346	-49.62970	0	52	2021-09-14T20:00:54
0.94132	-49.63120	0	52	2021-09-14T20:05:57
0.93920	-49.63269	0	52	2021-09-14T20:10:55
0.93714	-49.63419	0	52	2021-09-14T20:15:52
0.93511	-49.63568	0	52	2021-09-14T20:20:53
0.93289	-49.63727	0	52	2021-09-14T20:26:25
0.93126	-49.63852	0	52	2021-09-14T20:30:51
0.92945	-49.63989	0	52	2021-09-14T20:35:54
0.92767	-49.64118	0	52	2021-09-14T20:40:55
0.92605	-49.64230	0	52	2021-09-14T20:45:54
0.92450	-49.64340	0	52	2021-09-14T20:50:57
0.92299	-49.64454	0	52	2021-09-14T20:55:57
0.92166	-49.64548	0	52	2021-09-14T21:00:56
0.92054	-49.64642	0	52	2021-09-14T21:05:56
0.91947	-49.64722	0	52	2021-09-14T21:10:57
0.91850	-49.64800	0	52	2021-09-14T21:16:25
0.91768	-49.64860	0	52	2021-09-14T21:21:25
0.91691	-49.64920	0	52	2021-09-14T21:26:25
0.91638	-49.64963	0	52	2021-09-14T21:30:57
0.91593	-49.65002	0	52	2021-09-14T21:36:00
0.91563	-49.65028	0	52	2021-09-14T21:40:59
0.91542	-49.65045	0	52	2021-09-14T21:45:59
0.91533	-49.65054	0	52	2021-09-14T21:50:59
0.91536	-49.65051	0	52	2021-09-14T21:56:01
0.91545	-49.65051	0	52	2021-09-14T22:01:01
0.91568	-49.65036	0	52	2021-09-14T22:06:03
0.91601	-49.65015	0	52	2021-09-14T22:11:03
0.91647	-49.64987	0	52	2021-09-14T22:16:01
0.91706	-49.64948	0	52	2021-09-14T22:21:23
0.91779	-49.64905	0	52	2021-09-14T22:26:22
0.91853	-49.64853	0	52	2021-09-14T22:30:56
0.91947	-49.64792	0	52	2021-09-14T22:35:56
0.92049	-49.64722	0	52	2021-09-14T22:40:57
0.92161	-49.64645	0	52	2021-09-14T22:45:57
0.92284	-49.64557	0	52	2021-09-14T22:50:55
0.92417	-49.64459	0	52	2021-09-14T22:55:53
0.92564	-49.64355	0	52	2021-09-14T23:00:54
0.92719	-49.64237	0	52	2021-09-14T23:05:58
0.92878	-49.64117	0	52	2021-09-14T23:10:59
0.93052	-49.63992	0	52	2021-09-14T23:15:56
0.93241	-49.63861	0	52	2021-09-14T23:20:57
0.93457	-49.63708	0	52	2021-09-14T23:26:25
0.93637	-49.63570	0	52	2021-09-14T23:30:55
0.93847	-49.63416	0	52	2021-09-14T23:35:55
0.94066	-49.63248	0	52	2021-09-14T23:40:53
0.94296	-49.63074	0	52	2021-09-14T23:45:59
0.94527	-49.62900	0	52	2021-09-14T23:50:57
0.94752	-49.62723	0	52	2021-09-14T23:55:55
0.94972	-49.62543	0	52	2021-09-15T00:00:54
0.95208	-49.62354	0	52	2021-09-15T00:05:59
0.95451	-49.62164	0	52	2021-09-15T00:10:57
0.95697	-49.61963	0	52	2021-09-15T00:15:54
0.95955	-49.61758	0	52	2021-09-15T00:20:52
0.96246	-49.61526	0	52	2021-09-15T00:26:27
0.96491	-49.61330	0	52	2021-09-15T00:30:53
0.96761	-49.61115	0	52	2021-09-15T00:35:54
0.97049	-49.60889	0	52	2021-09-15T00:40:55
0.97337	-49.60654	0	52	2021-09-15T00:45:54
0.97638	-49.60412	0	52	2021-09-15T00:50:52
0.97938	-49.60172	0	52	2021-09-15T00:55:52
0.98242	-49.59921	0	52	2021-09-15T01:00:51
0.98558	-49.59682	0	52	2021-09-15T01:05:47
0.98858	-49.59433	0	52	2021-09-15T01:10:48
0.99154	-49.59201	0	52	2021-09-15T01:15:48
0.99461	-49.58954	0	52	2021-09-15T01:20:49
0.99808	-49.58696	0	52	2021-09-15T01:25:43
1.00065	-49.58499	0	52	2021-09-15T01:30:44
1.00358	-49.58270	0	52	2021-09-15T01:35:45
1.00654	-49.58047	0	52	2021-09-15T01:40:45
1.00949	-49.57818	0	52	2021-09-15T01:45:42
1.01253	-49.57608	0	52	2021-09-15T01:50:43
1.01554	-49.57397	0	52	2021-09-15T01:55:41
1.01857	-49.57187	0	52	2021-09-15T02:00:42
1.02158	-49.56982	0	52	2021-09-15T02:05:41
1.02457	-49.56781	0	52	2021-09-15T02:10:42
1.02754	-49.56586	0	52	2021-09-15T02:15:44
1.03050	-49.56399	0	52	2021-09-15T02:20:55
1.03350	-49.56210	0	52	2021-09-15T02:25:54
1.03617	-49.56046	0	52	2021-09-15T02:30:42
1.03892	-49.55887	0	52	2021-09-15T02:35:40
1.04164	-49.55734	0	52	2021-09-15T02:40:40
1.04421	-49.55597	0	52	2021-09-15T02:45:40
1.04666	-49.55466	0	52	2021-09-15T02:50:41
1.04901	-49.55344	0	52	2021-09-15T02:55:39
1.05124	-49.55239	0	52	2021-09-15T03:00:36
1.05334	-49.55145	0	52	2021-09-15T03:05:36
1.05531	-49.55060	0	52	2021-09-15T03:10:35
1.05710	-49.54984	0	52	2021-09-15T03:15:31
1.05887	-49.54922	0	52	2021-09-15T03:20:29
1.06059	-49.54862	0	52	2021-09-15T03:25:29
1.06196	-49.54819	0	52	2021-09-15T03:30:30
1.06340	-49.54779	0	52	2021-09-15T03:35:27
1.06476	-49.54752	0	52	2021-09-15T03:40:28
1.06602	-49.54736	0	52	2021-09-15T03:45:27
1.06714	-49.54733	0	52	2021-09-15T03:50:28
1.06816	-49.54739	0	52	2021-09-15T03:55:29
1.06911	-49.54759	0	52	2021-09-15T04:00:26
1.06984	-49.54785	0	52	2021-09-15T04:05:25
1.07046	-49.54819	0	52	2021-09-15T04:10:26
1.07100	-49.54865	0	52	2021-09-15T04:15:25
1.07140	-49.54916	0	52	2021-09-15T04:20:26
1.07165	-49.54995	0	52	2021-09-15T04:25:27
1.07176	-49.55042	0	52	2021-09-15T04:30:28
1.07174	-49.55115	0	52	2021-09-15T04:35:26
1.07155	-49.55194	0	52	2021-09-15T04:40:29
1.07119	-49.55283	0	52	2021-09-15T04:45:27
1.07068	-49.55374	0	52	2021-09-15T04:50:25
1.07005	-49.55472	0	52	2021-09-15T04:55:28
1.06928	-49.55576	0	52	2021-09-15T05:00:26
1.06839	-49.55679	0	52	2021-09-15T05:05:27
1.06738	-49.55792	0	52	2021-09-15T05:10:24
1.06626	-49.55905	0	52	2021-09-15T05:15:27
1.06506	-49.56024	0	52	2021-09-15T05:20:25
1.06355	-49.56158	0	52	2021-09-15T05:25:57
1.06221	-49.56273	0	52	2021-09-15T05:30:26
1.06067	-49.56393	0	52	2021-09-15T05:35:25
1.05897	-49.56525	0	52	2021-09-15T05:40:29
1.05713	-49.56659	0	52	2021-09-15T05:45:27
1.05515	-49.56800	0	52	2021-09-15T05:50:26
1.05305	-49.56937	0	52	2021-09-15T05:55:26
1.05081	-49.57083	0	52	2021-09-15T06:00:28
1.04848	-49.57230	0	52	2021-09-15T06:05:26
1.04603	-49.57381	0	52	2021-09-15T06:10:30
1.04350	-49.57535	0	52	2021-09-15T06:15:30
1.04088	-49.57693	0	52	2021-09-15T06:20:28
1.03762	-49.57880	0	52	2021-09-15T06:26:23
1.03519	-49.58020	0	52	2021-09-15T06:30:26
1.03223	-49.58174	0	52	2021-09-15T06:35:27
1.02914	-49.58337	0	52	2021-09-15T06:40:27
1.02594	-49.58508	0	52	2021-09-15T06:45:25
1.02263	-49.58686	0	52	2021-09-15T06:50:25
1.01935	-49.58856	0	52	2021-09-15T06:55:27
1.01607	-49.59021	0	52	2021-09-15T07:00:24
1.01271	-49.59195	0	52	2021-09-15T07:05:24
1.00929	-49.59368	0	52	2021-09-15T07:10:25
1.00590	-49.59540	0	52	2021-09-15T07:15:26
1.00249	-49.59711	0	52	2021-09-15T07:20:23
0.99877	-49.59906	0	52	2021-09-15T07:25:53
0.99568	-49.60069	0	52	2021-09-15T07:30:25
0.99229	-49.60241	0	52	2021-09-15T07:35:25
0.98890	-49.60413	0	52	2021-09-15T07:40:25
0.98560	-49.60582	0	52	2021-09-15T07:45:23
0.98242	-49.60754	0	52	2021-09-15T07:50:23
0.97929	-49.60923	0	52	2021-09-15T07:55:24
0.97659	-49.61060	0	52	2021-09-15T08:00:23
0.97419	-49.61197	0	52	2021-09-15T08:05:20
0.97187	-49.61334	0	52	2021-09-15T08:10:17
0.96961	-49.61472	0	52	2021-09-15T08:15:19
0.96746	-49.61606	0	52	2021-09-15T08:20:18
0.96509	-49.61758	0	52	2021-09-15T08:25:53
0.96336	-49.61871	0	52	2021-09-15T08:30:16
0.96144	-49.62003	0	52	2021-09-15T08:35:19
0.95960	-49.62130	0	52	2021-09-15T08:40:20
0.95780	-49.62250	0	52	2021-09-15T08:45:19
0.95614	-49.62363	0	52	2021-09-15T08:50:19
0.95454	-49.62473	0	52	2021-09-15T08:55:20
0.95305	-49.62577	0	52	2021-09-15T09:00:20
0.95168	-49.62671	0	52	2021-09-15T09:05:19
0.95037	-49.62766	0	52	2021-09-15T09:10:18
0.94924	-49.62848	0	52	2021-09-15T09:15:19
0.94817	-49.62933	0	52	2021-09-15T09:20:55
0.94718	-49.63019	0	52	2021-09-15T09:25:55
0.94642	-49.63086	0	52	2021-09-15T09:30:17
0.94567	-49.63150	0	52	2021-09-15T09:35:15
0.94509	-49.63208	0	52	2021-09-15T09:40:15
0.94462	-49.63251	0	52	2021-09-15T09:45:14
0.94427	-49.63287	0	52	2021-09-15T09:50:14
0.94402	-49.63324	0	52	2021-09-15T09:55:17
0.94390	-49.63350	0	52	2021-09-15T10:00:15
0.94390	-49.63367	0	52	2021-09-15T10:05:16
0.94404	-49.63382	0	52	2021-09-15T10:10:13
0.94465	-49.63369	0	52	2021-09-15T10:20:10
0.94512	-49.63367	0	52	2021-09-15T10:25:35
0.94568	-49.63351	0	52	2021-09-15T10:30:09
0.94643	-49.63324	0	52	2021-09-15T10:35:10
0.94730	-49.63290	0	52	2021-09-15T10:40:10
0.94828	-49.63245	0	52	2021-09-15T10:45:04
0.94940	-49.63192	0	52	2021-09-15T10:50:01
0.95056	-49.63132	0	52	2021-09-15T10:55:02
0.95187	-49.63062	0	52	2021-09-15T11:00:06
0.95331	-49.62979	0	52	2021-09-15T11:05:04
0.95487	-49.62888	0	52	2021-09-15T11:10:01
0.95651	-49.62787	0	52	2021-09-15T11:15:02
0.95822	-49.62680	0	52	2021-09-15T11:20:05
0.96016	-49.62555	0	52	2021-09-15T11:25:23
0.96195	-49.62433	0	52	2021-09-15T11:30:04
0.96394	-49.62296	0	52	2021-09-15T11:35:05
0.96600	-49.62149	0	52	2021-09-15T11:40:04
0.96815	-49.61993	0	52	2021-09-15T11:45:03
0.97039	-49.61826	0	52	2021-09-15T11:50:00
0.97278	-49.61646	0	52	2021-09-15T11:55:03
0.97532	-49.61450	0	52	2021-09-15T12:00:05
0.97795	-49.61249	0	52	2021-09-15T12:05:06
0.98069	-49.61037	0	52	2021-09-15T12:10:06
0.98357	-49.60822	0	52	2021-09-15T12:15:05
0.98654	-49.60593	0	52	2021-09-15T12:20:04
0.98990	-49.60333	0	52	2021-09-15T12:25:25
0.99279	-49.60093	0	52	2021-09-15T12:30:03
0.99571	-49.59853	0	52	2021-09-15T12:35:03
0.99876	-49.59613	0	52	2021-09-15T12:40:03
1.00179	-49.59384	0	52	2021-09-15T12:45:05
1.00464	-49.59152	0	52	2021-09-15T12:50:02
1.00758	-49.58929	0	52	2021-09-15T12:55:00
1.01041	-49.58713	0	52	2021-09-15T12:59:59
1.01325	-49.58481	0	52	2021-09-15T13:05:01
1.01621	-49.58259	0	52	2021-09-15T13:10:01
1.01915	-49.58035	0	52	2021-09-15T13:14:59
1.02213	-49.57813	0	52	2021-09-15T13:20:00
1.02534	-49.57587	0	52	2021-09-15T13:25:24
1.02807	-49.57394	0	52	2021-09-15T13:29:58
1.03114	-49.57187	0	52	2021-09-15T13:34:57
1.03425	-49.56982	0	52	2021-09-15T13:39:58
1.03736	-49.56775	0	52	2021-09-15T13:44:59
1.04054	-49.56567	0	52	2021-09-15T13:49:56
1.04369	-49.56351	0	52	2021-09-15T13:54:54
1.04692	-49.56140	0	52	2021-09-15T13:59:54
1.05030	-49.55919	0	52	2021-09-15T14:04:56
1.05373	-49.55704	0	52	2021-09-15T14:09:56
1.05716	-49.55490	0	52	2021-09-15T14:14:51
1.06063	-49.55270	0	52	2021-09-15T14:19:53
1.06443	-49.55042	0	52	2021-09-15T14:25:27
1.06748	-49.54858	0	52	2021-09-15T14:29:52
1.07091	-49.54651	0	52	2021-09-15T14:34:50
1.07447	-49.54439	0	52	2021-09-15T14:39:51
1.07795	-49.54233	0	52	2021-09-15T14:44:51
1.08143	-49.54044	0	52	2021-09-15T14:49:52
1.08489	-49.53857	0	52	2021-09-15T14:54:50
1.08832	-49.53674	0	52	2021-09-15T14:59:51
1.09178	-49.53505	0	52	2021-09-15T15:04:51
1.09517	-49.53342	0	52	2021-09-15T15:09:52
1.09855	-49.53174	0	52	2021-09-15T15:14:49
1.10197	-49.53018	0	52	2021-09-15T15:19:52
1.10568	-49.52853	0	52	2021-09-15T15:25:25
1.10848	-49.52728	0	52	2021-09-15T15:29:48
1.11163	-49.52597	0	52	2021-09-15T15:34:51
1.11460	-49.52474	0	52	2021-09-15T15:39:50
1.11743	-49.52362	0	52	2021-09-15T15:44:50
1.12014	-49.52264	0	52	2021-09-15T15:49:53
1.12270	-49.52185	0	52	2021-09-15T15:54:51
1.12519	-49.52121	0	52	2021-09-15T15:59:52
1.12754	-49.52063	0	52	2021-09-15T16:04:49
1.12981	-49.52029	0	52	2021-09-15T16:09:50
1.13198	-49.52005	0	52	2021-09-15T16:14:47
1.13402	-49.51996	0	52	2021-09-15T16:19:48
1.13617	-49.51996	0	52	2021-09-15T16:25:24
1.13774	-49.52011	0	52	2021-09-15T16:29:47
1.13943	-49.52032	0	52	2021-09-15T16:34:50
1.14099	-49.52063	0	52	2021-09-15T16:39:52
1.14242	-49.52112	0	52	2021-09-15T16:44:52
1.14375	-49.52170	0	52	2021-09-15T16:49:53
1.14491	-49.52240	0	52	2021-09-15T16:54:53
1.14600	-49.52322	0	52	2021-09-15T16:59:55
1.14686	-49.52408	0	52	2021-09-15T17:04:55
1.14762	-49.52505	0	52	2021-09-15T17:09:53
1.14822	-49.52612	0	52	2021-09-15T17:14:50
1.14870	-49.52731	0	52	2021-09-15T17:19:51
1.14909	-49.52866	0	52	2021-09-15T17:25:25
1.14924	-49.52979	0	52	2021-09-15T17:29:48
1.14931	-49.53107	0	52	2021-09-15T17:34:50
1.14921	-49.53241	0	52	2021-09-15T17:39:50
1.14899	-49.53381	0	52	2021-09-15T17:44:51
1.14863	-49.53522	0	52	2021-09-15T17:49:52
1.14810	-49.53678	0	52	2021-09-15T17:54:53
1.14746	-49.53815	0	52	2021-09-15T17:59:54
1.14664	-49.53967	0	52	2021-09-15T18:04:54
1.14567	-49.54126	0	52	2021-09-15T18:09:54
1.14460	-49.54280	0	52	2021-09-15T18:14:53
1.14336	-49.54434	0	52	2021-09-15T18:19:53
1.14179	-49.54614	0	52	2021-09-15T18:25:25
1.14035	-49.54767	0	52	2021-09-15T18:29:58
1.13863	-49.54916	0	52	2021-09-15T18:34:56
1.13670	-49.55075	0	52	2021-09-15T18:39:57
1.13467	-49.55237	0	52	2021-09-15T18:45:01
1.13253	-49.55399	0	52	2021-09-15T18:49:59
1.13026	-49.55565	0	52	2021-09-15T18:55:02
1.12786	-49.55719	0	52	2021-09-15T19:00:01
1.12537	-49.55865	0	52	2021-09-15T19:05:01
1.12264	-49.56025	0	52	2021-09-15T19:09:58
1.11981	-49.56171	0	52	2021-09-15T19:14:59
1.11676	-49.56317	0	52	2021-09-15T19:19:59
1.11328	-49.56479	0	52	2021-09-15T19:25:26
1.11028	-49.56616	0	52	2021-09-15T19:29:57
1.10686	-49.56775	0	52	2021-09-15T19:34:58
1.10335	-49.56945	0	52	2021-09-15T19:39:59
1.09966	-49.57108	0	52	2021-09-15T19:44:59
1.09586	-49.57275	0	52	2021-09-15T19:49:57
1.09196	-49.57455	0	52	2021-09-15T19:54:59
1.08808	-49.57642	0	52	2021-09-15T19:59:59
1.08415	-49.57831	0	52	2021-09-15T20:05:02
1.08020	-49.58017	0	52	2021-09-15T20:09:59
1.07635	-49.58206	0	52	2021-09-15T20:14:58
1.07266	-49.58392	0	52	2021-09-15T20:19:57
1.06855	-49.58599	0	52	2021-09-15T20:24:58
1.06858	-49.58597	0	52	2021-09-15T20:25:27
1.06532	-49.58760	0	52	2021-09-15T20:29:53
1.06533	-49.58762	0	52	2021-09-15T20:29:57
1.06197	-49.58932	0	52	2021-09-15T20:34:53
1.05870	-49.59094	0	52	2021-09-15T20:39:51
1.05573	-49.59253	0	52	2021-09-15T20:44:50
1.05277	-49.59399	0	52	2021-09-15T20:49:49
1.04998	-49.59549	0	52	2021-09-15T20:54:50
1.04728	-49.59695	0	52	2021-09-15T20:59:50
1.04470	-49.59839	0	52	2021-09-15T21:04:46
1.04234	-49.59976	0	52	2021-09-15T21:09:45
1.04006	-49.60114	0	52	2021-09-15T21:14:45
1.03786	-49.60251	0	52	2021-09-15T21:19:46
1.03554	-49.60389	0	52	2021-09-15T21:24:46
1.03387	-49.60492	0	52	2021-09-15T21:29:46
1.03224	-49.60611	0	52	2021-09-15T21:34:43
1.03077	-49.60727	0	52	2021-09-15T21:39:41
1.02944	-49.60836	0	52	2021-09-15T21:44:42
1.02828	-49.60922	0	52	2021-09-15T21:49:42
1.02729	-49.61011	0	52	2021-09-15T21:54:40
1.02642	-49.61096	0	52	2021-09-15T21:59:38
1.02577	-49.61176	0	52	2021-09-15T22:04:42
1.02518	-49.61243	0	52	2021-09-15T22:09:41
1.02468	-49.61310	0	52	2021-09-15T22:14:42
1.02428	-49.61371	0	52	2021-09-15T22:19:39
1.02398	-49.61423	0	52	2021-09-15T22:24:57
1.02376	-49.61471	0	52	2021-09-15T22:29:34
1.02372	-49.61505	0	52	2021-09-15T22:34:34
1.02382	-49.61547	0	52	2021-09-15T22:39:32
1.02396	-49.61560	0	52	2021-09-15T22:44:36
1.02425	-49.61581	0	52	2021-09-15T22:49:33
1.02468	-49.61594	0	52	2021-09-15T22:54:31
1.02529	-49.61597	0	52	2021-09-15T22:59:35
1.02606	-49.61597	0	52	2021-09-15T23:04:35
1.02704	-49.61581	0	52	2021-09-15T23:09:34
1.02817	-49.61547	0	52	2021-09-15T23:14:56
1.02937	-49.61521	0	52	2021-09-15T23:19:55
1.03083	-49.61487	0	52	2021-09-15T23:24:55
1.03218	-49.61465	0	52	2021-09-15T23:29:30
1.03381	-49.61408	0	52	2021-09-15T23:34:31
1.03557	-49.61348	0	52	2021-09-15T23:39:31
1.03742	-49.61288	0	52	2021-09-15T23:44:32
1.03940	-49.61212	0	52	2021-09-15T23:49:33
1.04160	-49.61126	0	52	2021-09-15T23:54:34
1.04623	-49.60928	0	52	2021-09-16T00:04:36
1.04872	-49.60818	0	52	2021-09-16T00:09:36
1.05145	-49.60695	0	52	2021-09-16T00:14:57
1.05428	-49.60575	0	52	2021-09-16T00:19:57
1.05733	-49.60446	0	52	2021-09-16T00:24:58
1.06019	-49.60324	0	52	2021-09-16T00:29:38
1.06339	-49.60180	0	52	2021-09-16T00:34:37
1.06665	-49.60034	0	52	2021-09-16T00:39:38
1.06993	-49.59882	0	52	2021-09-16T00:44:39
1.07328	-49.59720	0	52	2021-09-16T00:49:38
1.07663	-49.59555	0	52	2021-09-16T00:54:36
1.07986	-49.59378	0	52	2021-09-16T00:59:38
1.08295	-49.59219	0	52	2021-09-16T01:04:35
1.08621	-49.59052	0	52	2021-09-16T01:09:38
1.08952	-49.58862	0	52	2021-09-16T01:14:36
1.09272	-49.58679	0	52	2021-09-16T01:19:37
1.09585	-49.58481	0	52	2021-09-16T01:24:56
1.09863	-49.58322	0	52	2021-09-16T01:29:37
1.10138	-49.58163	0	52	2021-09-16T01:34:36
1.10385	-49.58015	0	52	2021-09-16T01:39:35
1.10630	-49.57861	0	52	2021-09-16T01:44:34
1.10868	-49.57715	0	52	2021-09-16T01:49:31
1.11096	-49.57568	0	52	2021-09-16T01:54:31
1.11327	-49.57428	0	52	2021-09-16T01:59:28
1.11547	-49.57291	0	52	2021-09-16T02:04:29
1.11764	-49.57150	0	52	2021-09-16T02:09:27
1.11991	-49.57013	0	52	2021-09-16T02:14:29
1.12221	-49.56879	0	52	2021-09-16T02:19:27
1.12482	-49.56732	0	52	2021-09-16T02:24:55
1.12688	-49.56622	0	52	2021-09-16T02:29:25
1.12917	-49.56485	0	52	2021-09-16T02:34:26
1.13128	-49.56342	0	52	2021-09-16T02:39:24
1.13345	-49.56202	0	52	2021-09-16T02:44:24
1.13560	-49.56073	0	52	2021-09-16T02:49:24
1.13769	-49.55945	0	52	2021-09-16T02:54:23
1.13970	-49.55817	0	52	2021-09-16T02:59:20
1.14175	-49.55677	0	52	2021-09-16T03:04:20
1.14372	-49.55548	0	52	2021-09-16T03:09:20
1.14569	-49.55417	0	52	2021-09-16T03:14:21
1.14760	-49.55292	0	52	2021-09-16T03:19:21
1.14964	-49.55151	0	52	2021-09-16T03:24:26
1.15127	-49.55048	0	52	2021-09-16T03:29:25
1.15304	-49.54935	0	52	2021-09-16T03:34:25
1.15479	-49.54825	0	52	2021-09-16T03:39:23
1.15648	-49.54717	0	52	2021-09-16T03:44:23
1.15807	-49.54623	0	52	2021-09-16T03:49:24
1.15958	-49.54535	0	52	2021-09-16T03:54:24
1.16104	-49.54456	0	52	2021-09-16T03:59:22
1.16250	-49.54395	0	52	2021-09-16T04:04:23
1.16383	-49.54340	0	52	2021-09-16T04:09:22
1.16507	-49.54291	0	52	2021-09-16T04:14:20
1.16624	-49.54254	0	52	2021-09-16T04:19:21
1.16742	-49.54224	0	52	2021-09-16T04:24:57
1.16825	-49.54211	0	52	2021-09-16T04:29:18
1.16910	-49.54208	0	52	2021-09-16T04:34:16
1.16988	-49.54214	0	52	2021-09-16T04:39:16
1.17053	-49.54233	0	52	2021-09-16T04:44:16
1.17105	-49.54260	0	52	2021-09-16T04:49:15
1.17147	-49.54303	0	52	2021-09-16T04:54:19
1.17179	-49.54346	0	52	2021-09-16T04:59:20
1.17201	-49.54404	0	52	2021-09-16T05:04:22
1.17210	-49.54474	0	52	2021-09-16T05:09:22
1.17206	-49.54550	0	52	2021-09-16T05:14:26
1.17184	-49.54639	0	52	2021-09-16T05:19:54
1.17145	-49.54742	0	52	2021-09-16T05:24:54
1.17098	-49.54837	0	52	2021-09-16T05:29:24
1.17031	-49.54946	0	52	2021-09-16T05:34:19
1.16958	-49.55066	0	52	2021-09-16T05:39:19
1.16867	-49.55191	0	52	2021-09-16T05:44:20
1.16764	-49.55322	0	52	2021-09-16T05:49:17
1.16645	-49.55460	0	52	2021-09-16T05:54:18
1.16513	-49.55606	0	52	2021-09-16T05:59:18
1.16369	-49.55762	0	52	2021-09-16T06:04:17
1.16215	-49.55920	0	52	2021-09-16T06:09:20
1.16047	-49.56093	0	52	2021-09-16T06:14:16
1.15871	-49.56265	0	52	2021-09-16T06:19:15
1.15656	-49.56476	0	52	2021-09-16T06:24:54
1.15478	-49.56638	0	52	2021-09-16T06:29:16
1.15260	-49.56830	0	52	2021-09-16T06:34:17
1.15028	-49.57019	0	52	2021-09-16T06:39:13
1.14788	-49.57208	0	52	2021-09-16T06:44:12
1.14534	-49.57401	0	52	2021-09-16T06:49:15
1.14263	-49.57593	0	52	2021-09-16T06:54:13
1.13984	-49.57782	0	52	2021-09-16T06:59:14
1.13691	-49.57968	0	52	2021-09-16T07:04:15
1.13392	-49.58148	0	52	2021-09-16T07:09:14
1.13085	-49.58331	0	52	2021-09-16T07:14:15
1.12777	-49.58514	0	52	2021-09-16T07:19:13
1.12422	-49.58719	0	52	2021-09-16T07:24:54
1.12141	-49.58875	0	52	2021-09-16T07:29:19
1.11821	-49.59036	0	52	2021-09-16T07:34:17
1.11497	-49.59195	0	52	2021-09-16T07:39:18
1.11169	-49.59351	0	52	2021-09-16T07:44:21
1.10847	-49.59500	0	52	2021-09-16T07:49:22
1.10511	-49.59650	0	52	2021-09-16T07:54:24
1.10169	-49.59796	0	52	2021-09-16T07:59:24
1.09816	-49.59951	0	52	2021-09-16T08:04:25
1.09470	-49.60098	0	52	2021-09-16T08:09:23
1.09108	-49.60251	0	52	2021-09-16T08:14:24
1.08750	-49.60397	0	52	2021-09-16T08:19:23
1.08359	-49.60555	0	52	2021-09-16T08:24:23
1.08076	-49.60675	0	52	2021-09-16T08:29:22
1.07771	-49.60800	0	52	2021-09-16T08:34:23
1.07479	-49.60916	0	52	2021-09-16T08:39:20
1.07198	-49.61058	0	52	2021-09-16T08:44:16
1.06935	-49.61163	0	52	2021-09-16T08:49:18
1.06691	-49.61273	0	52	2021-09-16T08:54:15
1.06450	-49.61380	0	52	2021-09-16T08:59:16
1.06227	-49.61493	0	52	2021-09-16T09:04:16
1.06017	-49.61607	0	52	2021-09-16T09:09:18
1.05811	-49.61719	0	52	2021-09-16T09:14:18
1.05609	-49.61835	0	52	2021-09-16T09:19:18
1.05394	-49.61972	0	52	2021-09-16T09:24:54
1.05226	-49.62077	0	52	2021-09-16T09:29:20
1.05050	-49.62189	0	52	2021-09-16T09:34:20
1.04877	-49.62305	0	52	2021-09-16T09:39:21
1.04551	-49.62548	0	52	2021-09-16T09:49:20
1.04408	-49.62659	0	52	2021-09-16T09:54:21
1.04272	-49.62772	0	52	2021-09-16T09:59:20
1.04147	-49.62879	0	52	2021-09-16T10:04:19
1.04027	-49.62982	0	52	2021-09-16T10:09:19
1.03918	-49.63080	0	52	2021-09-16T10:14:20
1.03814	-49.63171	0	52	2021-09-16T10:19:18
1.03707	-49.63269	0	52	2021-09-16T10:24:57
1.03479	-49.63492	0	52	2021-09-16T10:39:18
1.03414	-49.63556	0	52	2021-09-16T10:44:20
1.03363	-49.63617	0	52	2021-09-16T10:49:18
1.03321	-49.63669	0	52	2021-09-16T10:54:19
1.03292	-49.63715	0	52	2021-09-16T10:59:20
1.03271	-49.63754	0	52	2021-09-16T11:04:16
1.03261	-49.63782	0	52	2021-09-16T11:09:17
1.03266	-49.63803	0	52	2021-09-16T11:14:19
1.03286	-49.63815	0	52	2021-09-16T11:19:54
1.03320	-49.63824	0	52	2021-09-16T11:24:54
1.03362	-49.63821	0	52	2021-09-16T11:29:20
1.03424	-49.63805	0	52	2021-09-16T11:34:21
1.03497	-49.63800	0	52	2021-09-16T11:39:22
1.03587	-49.63779	0	52	2021-09-16T11:44:20
1.03691	-49.63754	0	52	2021-09-16T11:49:21
1.03809	-49.63718	0	52	2021-09-16T11:54:22
1.03938	-49.63672	0	52	2021-09-16T11:59:22
1.04083	-49.63626	0	52	2021-09-16T12:04:23
1.04245	-49.63571	0	52	2021-09-16T12:09:21
1.04419	-49.63503	0	52	2021-09-16T12:14:21
1.04608	-49.63434	0	52	2021-09-16T12:19:21
1.04836	-49.63342	0	52	2021-09-16T12:24:54
1.05028	-49.63266	0	52	2021-09-16T12:29:21
1.05266	-49.63164	0	52	2021-09-16T12:34:17
1.05506	-49.63061	0	52	2021-09-16T12:39:18
1.05763	-49.62949	0	52	2021-09-16T12:44:18
1.06031	-49.62823	0	52	2021-09-16T12:49:19
1.06309	-49.62682	0	52	2021-09-16T12:54:18
1.06601	-49.62545	0	52	2021-09-16T12:59:18
1.06906	-49.62399	0	52	2021-09-16T13:04:19
1.07228	-49.62241	0	52	2021-09-16T13:09:16
1.07567	-49.62068	0	52	2021-09-16T13:14:20
1.07919	-49.61896	0	52	2021-09-16T13:19:20
1.08329	-49.61694	0	52	2021-09-16T13:24:54
1.08662	-49.61530	0	52	2021-09-16T13:29:16
1.09064	-49.61333	0	52	2021-09-16T13:34:20
1.09476	-49.61127	0	52	2021-09-16T13:39:20
1.09900	-49.60910	0	52	2021-09-16T13:44:21
1.10315	-49.60684	0	52	2021-09-16T13:49:17
1.10731	-49.60458	0	52	2021-09-16T13:54:19
1.11120	-49.60236	0	52	2021-09-16T13:59:21
1.11470	-49.60019	0	52	2021-09-16T14:04:21
1.11832	-49.59790	0	52	2021-09-16T14:09:23
1.12180	-49.59558	0	52	2021-09-16T14:14:23
1.12541	-49.59317	0	52	2021-09-16T14:19:26
1.12951	-49.59046	0	52	2021-09-16T14:24:25
1.13294	-49.58823	0	52	2021-09-16T14:29:25
1.13689	-49.58566	0	52	2021-09-16T14:34:26
1.14090	-49.58301	0	52	2021-09-16T14:39:23
1.14496	-49.58026	0	52	2021-09-16T14:44:20
1.14914	-49.57741	0	52	2021-09-16T14:49:20
1.15335	-49.57449	0	52	2021-09-16T14:54:19
1.15764	-49.57147	0	52	2021-09-16T14:59:20
1.16200	-49.56839	0	52	2021-09-16T15:04:19
1.16650	-49.56522	0	52	2021-09-16T15:09:21
1.17102	-49.56201	0	52	2021-09-16T15:14:18
1.17560	-49.55878	0	52	2021-09-16T15:19:18
1.18075	-49.55499	0	52	2021-09-16T15:24:54
1.18481	-49.55189	0	52	2021-09-16T15:29:20
1.18944	-49.54846	0	52	2021-09-16T15:34:21
1.19409	-49.54492	0	52	2021-09-16T15:39:23
1.19864	-49.54147	0	52	2021-09-16T15:44:23
1.20336	-49.53796	0	52	2021-09-16T15:49:27
1.20787	-49.53458	0	52	2021-09-16T15:54:25
1.21263	-49.53110	0	52	2021-09-16T15:59:28
1.21724	-49.52768	0	52	2021-09-16T16:04:29
1.22196	-49.52442	0	52	2021-09-16T16:09:28
1.22664	-49.52133	0	52	2021-09-16T16:14:28
1.23129	-49.51840	0	52	2021-09-16T16:19:28
1.23648	-49.51538	0	52	2021-09-16T16:24:56
1.24061	-49.51300	0	52	2021-09-16T16:29:27
1.24521	-49.51056	0	52	2021-09-16T16:34:26
1.24973	-49.50839	0	52	2021-09-16T16:39:25
1.25425	-49.50647	0	52	2021-09-16T16:44:25
1.25870	-49.50470	0	52	2021-09-16T16:49:23
1.26310	-49.50317	0	52	2021-09-16T16:54:24
1.26738	-49.50192	0	52	2021-09-16T16:59:24
1.27154	-49.50098	0	52	2021-09-16T17:04:25
1.27559	-49.50027	0	52	2021-09-16T17:09:26
1.27954	-49.49979	0	52	2021-09-16T17:14:23
1.28341	-49.49945	0	52	2021-09-16T17:19:58
1.28757	-49.49936	0	52	2021-09-16T17:24:58
1.29079	-49.49951	0	52	2021-09-16T17:29:22
1.29427	-49.49985	0	52	2021-09-16T17:34:23
1.29760	-49.50048	0	52	2021-09-16T17:39:19
1.30076	-49.50116	0	52	2021-09-16T17:44:20
1.30378	-49.50211	0	52	2021-09-16T17:49:18
1.30666	-49.50323	0	52	2021-09-16T17:54:21
1.30945	-49.50456	0	52	2021-09-16T17:59:19
1.31198	-49.50593	0	52	2021-09-16T18:04:19
1.31434	-49.50739	0	52	2021-09-16T18:09:18
1.31655	-49.50900	0	52	2021-09-16T18:14:20
1.31860	-49.51071	0	52	2021-09-16T18:19:53
1.32070	-49.51260	0	52	2021-09-16T18:24:54
1.32221	-49.51416	0	52	2021-09-16T18:29:16
1.32379	-49.51593	0	52	2021-09-16T18:34:17
1.32525	-49.51782	0	52	2021-09-16T18:39:14
1.32651	-49.51968	0	52	2021-09-16T18:44:15
1.32762	-49.52148	0	52	2021-09-16T18:49:13
1.32856	-49.52332	0	52	2021-09-16T18:54:16
1.32930	-49.52515	0	52	2021-09-16T18:59:14
1.32988	-49.52698	0	52	2021-09-16T19:04:17
1.33029	-49.52884	0	52	2021-09-16T19:09:19
1.33055	-49.53067	0	52	2021-09-16T19:14:16
1.33057	-49.53255	0	52	2021-09-16T19:19:56
1.33036	-49.53461	0	52	2021-09-16T19:24:56
1.33004	-49.53619	0	52	2021-09-16T19:29:16
1.32946	-49.53792	0	52	2021-09-16T19:34:16
1.32873	-49.53964	0	52	2021-09-16T19:39:17
1.32777	-49.54134	0	52	2021-09-16T19:44:13
1.32671	-49.54282	0	52	2021-09-16T19:49:11
1.32541	-49.54434	0	52	2021-09-16T19:54:12
1.32391	-49.54575	0	52	2021-09-16T19:59:09
1.32222	-49.54700	0	52	2021-09-16T20:04:10
1.32028	-49.54819	0	52	2021-09-16T20:09:09
1.31813	-49.54913	0	52	2021-09-16T20:14:08
1.31570	-49.54999	0	52	2021-09-16T20:19:07
1.31292	-49.55069	0	52	2021-09-16T20:24:25
1.31034	-49.55133	0	52	2021-09-16T20:29:07
1.30746	-49.55176	0	52	2021-09-16T20:34:07
1.30442	-49.55215	0	52	2021-09-16T20:39:05
1.30125	-49.55249	0	52	2021-09-16T20:44:08
1.29796	-49.55283	0	52	2021-09-16T20:49:08
1.29457	-49.55292	0	52	2021-09-16T20:54:07
1.29112	-49.55304	0	52	2021-09-16T20:59:08
1.28759	-49.55301	0	52	2021-09-16T21:04:08
1.28389	-49.55287	0	52	2021-09-16T21:09:08
1.28016	-49.55261	0	52	2021-09-16T21:14:07
1.27658	-49.55228	0	52	2021-09-16T21:19:06
1.27268	-49.55209	0	52	2021-09-16T21:24:26
1.26906	-49.55172	0	52	2021-09-16T21:29:06
1.26520	-49.55112	0	52	2021-09-16T21:34:06
1.26131	-49.55045	0	52	2021-09-16T21:39:07
1.25752	-49.54974	0	52	2021-09-16T21:44:07
1.25398	-49.54916	0	52	2021-09-16T21:49:04
1.25068	-49.54853	0	52	2021-09-16T21:54:05
1.24738	-49.54810	0	52	2021-09-16T21:59:06
1.24402	-49.54763	0	52	2021-09-16T22:04:07
1.24067	-49.54712	0	52	2021-09-16T22:09:07
1.23725	-49.54642	0	52	2021-09-16T22:14:09
1.23019	-49.54507	0	52	2021-09-16T22:24:38
1.22726	-49.54474	0	52	2021-09-16T22:29:11
1.22437	-49.54468	0	52	2021-09-16T22:34:12
1.22151	-49.54474	0	52	2021-09-16T22:39:10
1.21872	-49.54475	0	52	2021-09-16T22:44:11
1.21627	-49.54492	0	52	2021-09-16T22:49:11
1.21164	-49.54492	0	52	2021-09-16T22:59:19
1.20954	-49.54492	0	52	2021-09-16T23:04:18
1.20765	-49.54483	0	52	2021-09-16T23:09:18
1.20597	-49.54462	0	52	2021-09-16T23:14:18
1.20443	-49.54437	0	52	2021-09-16T23:19:17
1.20291	-49.54388	0	52	2021-09-16T23:24:52
1.20182	-49.54327	0	52	2021-09-16T23:29:20
1.20090	-49.54266	0	52	2021-09-16T23:34:19
1.19994	-49.54181	0	52	2021-09-16T23:39:15
1.19917	-49.54095	0	52	2021-09-16T23:44:15
1.19852	-49.53995	0	52	2021-09-16T23:49:12
1.19804	-49.53888	0	52	2021-09-16T23:54:13
1.19769	-49.53767	0	52	2021-09-16T23:59:11
1.19752	-49.53647	0	52	2021-09-17T00:04:11
1.19751	-49.53522	0	52	2021-09-17T00:09:09
1.19762	-49.53384	0	52	2021-09-17T00:14:10
1.19787	-49.53239	0	52	2021-09-17T00:19:27
1.19826	-49.53085	0	52	2021-09-17T00:24:27
1.19879	-49.52936	0	52	2021-09-17T00:29:11
1.19948	-49.52771	0	52	2021-09-17T00:34:10
1.20039	-49.52595	0	52	2021-09-17T00:39:10
1.20142	-49.52423	0	52	2021-09-17T00:44:10
1.20258	-49.52240	0	52	2021-09-17T00:49:08
1.20388	-49.52048	0	52	2021-09-17T00:54:09
1.20537	-49.51839	0	52	2021-09-17T00:59:10
1.20691	-49.51633	0	52	2021-09-17T01:04:10
1.20862	-49.51413	0	52	2021-09-17T01:09:12
1.21047	-49.51184	0	52	2021-09-17T01:14:11
1.21246	-49.50949	0	52	2021-09-17T01:19:13
1.21473	-49.50681	0	52	2021-09-17T01:24:37
1.21683	-49.50443	0	52	2021-09-17T01:29:15
1.21925	-49.50183	0	52	2021-09-17T01:34:15
1.22178	-49.49908	0	52	2021-09-17T01:39:16
1.22723	-49.49344	0	52	2021-09-17T01:49:15
1.23013	-49.49052	0	52	2021-09-17T01:54:16
1.23313	-49.48752	0	52	2021-09-17T01:59:16
1.23626	-49.48450	0	52	2021-09-17T02:04:14
1.23947	-49.48138	0	52	2021-09-17T02:09:15
1.24277	-49.47818	0	52	2021-09-17T02:14:19
1.24615	-49.47498	0	52	2021-09-17T02:19:17
1.25006	-49.47131	0	52	2021-09-17T02:24:55
1.25321	-49.46836	0	52	2021-09-17T02:29:17
1.25677	-49.46501	0	52	2021-09-17T02:34:17
1.26042	-49.46158	0	52	2021-09-17T02:39:16
1.26413	-49.45810	0	52	2021-09-17T02:44:19
1.26789	-49.45456	0	52	2021-09-17T02:49:17
1.27171	-49.45112	0	52	2021-09-17T02:54:18
1.27553	-49.44769	0	52	2021-09-17T02:59:19
1.27937	-49.44431	0	52	2021-09-17T03:04:16
1.28325	-49.44086	0	52	2021-09-17T03:09:14
1.28726	-49.43735	0	52	2021-09-17T03:14:18
1.29124	-49.43390	0	52	2021-09-17T03:19:15
1.29582	-49.42993	0	52	2021-09-17T03:24:55
1.29942	-49.42684	0	52	2021-09-17T03:29:17
1.30339	-49.42343	0	52	2021-09-17T03:34:17
1.30744	-49.41998	0	52	2021-09-17T03:39:18
1.31142	-49.41660	0	52	2021-09-17T03:44:19
1.31532	-49.41327	0	52	2021-09-17T03:49:15
1.31920	-49.41003	0	52	2021-09-17T03:54:14
1.32304	-49.40683	0	52	2021-09-17T03:59:14
1.32677	-49.40375	0	52	2021-09-17T04:04:15
1.33041	-49.40079	0	52	2021-09-17T04:09:14
1.33396	-49.39792	0	52	2021-09-17T04:14:13
1.33748	-49.39514	0	52	2021-09-17T04:19:14
1.34121	-49.39233	0	52	2021-09-17T04:24:37
1.34436	-49.39005	0	52	2021-09-17T04:29:15
1.34765	-49.38773	0	52	2021-09-17T04:34:13
1.35084	-49.38559	0	52	2021-09-17T04:39:14
1.35395	-49.38353	0	52	2021-09-17T04:44:14
1.35691	-49.38181	0	52	2021-09-17T04:49:14
1.35972	-49.38019	0	52	2021-09-17T04:54:11
1.36242	-49.37869	0	52	2021-09-17T04:59:11
1.36500	-49.37740	0	52	2021-09-17T05:04:06
1.36745	-49.37628	0	52	2021-09-17T05:09:06
1.36981	-49.37527	0	52	2021-09-17T05:14:07
1.37201	-49.37439	0	52	2021-09-17T05:19:04
1.37431	-49.37360	0	52	2021-09-17T05:24:27
1.37616	-49.37296	0	52	2021-09-17T05:29:01
1.37807	-49.37238	0	52	2021-09-17T05:34:02
1.37986	-49.37179	0	52	2021-09-17T05:38:59
1.38153	-49.37145	0	52	2021-09-17T05:43:58
1.38312	-49.37119	0	52	2021-09-17T05:48:58
1.38458	-49.37097	0	52	2021-09-17T05:53:59
1.38594	-49.37088	0	52	2021-09-17T05:58:56
1.38718	-49.37088	0	52	2021-09-17T06:03:57
1.38838	-49.37091	0	52	2021-09-17T06:08:58
1.38945	-49.37100	0	52	2021-09-17T06:13:59
1.39044	-49.37127	0	52	2021-09-17T06:18:59
1.39134	-49.37161	0	52	2021-09-17T06:23:59
1.39203	-49.37195	0	52	2021-09-17T06:28:58
1.39269	-49.37238	0	52	2021-09-17T06:33:58
1.39333	-49.37292	0	52	2021-09-17T06:38:55
1.39390	-49.37350	0	52	2021-09-17T06:43:56
1.39443	-49.37415	0	52	2021-09-17T06:48:55
1.39489	-49.37489	0	52	2021-09-17T06:53:51
1.39523	-49.37549	0	52	2021-09-17T06:58:51
1.39551	-49.37624	0	52	2021-09-17T07:03:55
1.39568	-49.37693	0	52	2021-09-17T07:08:55
1.39577	-49.37762	0	52	2021-09-17T07:13:54
1.39583	-49.37830	0	52	2021-09-17T07:18:53
1.39585	-49.37900	0	52	2021-09-17T07:24:53
1.39580	-49.37946	0	52	2021-09-17T07:28:49
1.39562	-49.37999	0	52	2021-09-17T07:33:49
1.39541	-49.38025	0	52	2021-09-17T07:38:49
1.39505	-49.38052	0	52	2021-09-17T07:43:51
1.39458	-49.38074	0	52	2021-09-17T07:48:50
1.39402	-49.38092	0	52	2021-09-17T07:53:51
1.39338	-49.38104	0	52	2021-09-17T07:58:50
1.39262	-49.38113	0	52	2021-09-17T08:03:50
1.39178	-49.38120	0	52	2021-09-17T08:08:52
1.39085	-49.38123	0	52	2021-09-17T08:13:51
1.38981	-49.38120	0	52	2021-09-17T08:18:52
1.38856	-49.38107	0	52	2021-09-17T08:24:27
1.38753	-49.38092	0	52	2021-09-17T08:28:50
1.38629	-49.38068	0	52	2021-09-17T08:33:51
1.38499	-49.38034	0	52	2021-09-17T08:38:49
1.38360	-49.37988	0	52	2021-09-17T08:43:50
1.38210	-49.37936	0	52	2021-09-17T08:48:46
1.38046	-49.37873	0	52	2021-09-17T08:53:47
1.37879	-49.37796	0	52	2021-09-17T08:58:48
1.37699	-49.37711	0	52	2021-09-17T09:03:45
1.37511	-49.37616	0	52	2021-09-17T09:08:45
1.37315	-49.37521	0	52	2021-09-17T09:13:43
1.37118	-49.37418	0	52	2021-09-17T09:18:43
1.36899	-49.37302	0	52	2021-09-17T09:24:08
1.36709	-49.37198	0	52	2021-09-17T09:28:42
1.36502	-49.37079	0	52	2021-09-17T09:33:42
1.36296	-49.36952	0	52	2021-09-17T09:38:40
1.36094	-49.36832	0	52	2021-09-17T09:43:40
1.35888	-49.36698	0	52	2021-09-17T09:48:40
1.35691	-49.36569	0	52	2021-09-17T09:53:39
1.35496	-49.36438	0	52	2021-09-17T09:58:38
1.35300	-49.36304	0	52	2021-09-17T10:03:40
1.35109	-49.36169	0	52	2021-09-17T10:08:37
1.34924	-49.36038	0	52	2021-09-17T10:13:38
1.34748	-49.35907	0	52	2021-09-17T10:18:35
1.34573	-49.35757	0	52	2021-09-17T10:23:55
1.34421	-49.35629	0	52	2021-09-17T10:28:33
1.34271	-49.35495	0	52	2021-09-17T10:33:34
1.34136	-49.35367	0	52	2021-09-17T10:38:31
1.34014	-49.35236	0	52	2021-09-17T10:43:32
1.33903	-49.35104	0	52	2021-09-17T10:48:29
1.33806	-49.34979	0	52	2021-09-17T10:53:30
1.33721	-49.34854	0	52	2021-09-17T10:58:29
1.33648	-49.34718	0	52	2021-09-17T11:03:27
1.33592	-49.34598	0	52	2021-09-17T11:08:27
1.33549	-49.34467	0	52	2021-09-17T11:13:26
1.33518	-49.34338	0	52	2021-09-17T11:18:25
1.33503	-49.34199	0	52	2021-09-17T11:23:24
1.33503	-49.34079	0	52	2021-09-17T11:28:24
1.33526	-49.33942	0	52	2021-09-17T11:33:24
1.33564	-49.33798	0	52	2021-09-17T11:38:25
1.33619	-49.33652	0	52	2021-09-17T11:43:26
1.33690	-49.33505	0	52	2021-09-17T11:48:26
1.33774	-49.33350	0	52	2021-09-17T11:53:27
1.33873	-49.33194	0	52	2021-09-17T11:58:25
1.33988	-49.33027	0	52	2021-09-17T12:03:26
1.34112	-49.32864	0	52	2021-09-17T12:08:26
1.34253	-49.32690	0	52	2021-09-17T12:13:27
1.34408	-49.32510	0	52	2021-09-17T12:18:25
1.34594	-49.32303	0	52	2021-09-17T12:23:57
1.34762	-49.32132	0	52	2021-09-17T12:28:27
1.34953	-49.31937	0	52	2021-09-17T12:33:23
1.35158	-49.31735	0	52	2021-09-17T12:38:24
1.35378	-49.31519	0	52	2021-09-17T12:43:21
1.35607	-49.31299	0	52	2021-09-17T12:48:18
1.35850	-49.31064	0	52	2021-09-17T12:53:16
1.36101	-49.30820	0	52	2021-09-17T12:58:16
1.36360	-49.30560	0	52	2021-09-17T13:03:14
1.36632	-49.30292	0	52	2021-09-17T13:08:16
1.36914	-49.30008	0	52	2021-09-17T13:13:12
1.37210	-49.29710	0	52	2021-09-17T13:18:38
1.37540	-49.29367	0	52	2021-09-17T13:23:38
1.37834	-49.29062	0	52	2021-09-17T13:28:12
1.38172	-49.28717	0	52	2021-09-17T13:33:11
1.38525	-49.28354	0	52	2021-09-17T13:38:12
1.38894	-49.27985	0	52	2021-09-17T13:43:12
1.39285	-49.27597	0	52	2021-09-17T13:48:12
1.39692	-49.27197	0	52	2021-09-17T13:53:17
1.40113	-49.26785	0	52	2021-09-17T13:58:17
1.40547	-49.26361	0	52	2021-09-17T14:03:16
1.40995	-49.25919	0	52	2021-09-17T14:08:19
1.41451	-49.25470	0	52	2021-09-17T14:13:21
1.41919	-49.25015	0	52	2021-09-17T14:18:21
1.42454	-49.24487	0	52	2021-09-17T14:23:54
1.42889	-49.24057	0	52	2021-09-17T14:28:20
1.43397	-49.23563	0	52	2021-09-17T14:33:25
1.43916	-49.23071	0	52	2021-09-17T14:38:22
1.44448	-49.22559	0	52	2021-09-17T14:43:25
1.44988	-49.22040	0	52	2021-09-17T14:48:23
1.45543	-49.21504	0	52	2021-09-17T14:53:28
1.46105	-49.20963	0	52	2021-09-17T14:58:29
1.46674	-49.20435	0	52	2021-09-17T15:03:28
1.47254	-49.19901	0	52	2021-09-17T15:08:30
1.47821	-49.19363	0	52	2021-09-17T15:13:28
1.48401	-49.18817	0	52	2021-09-17T15:18:29
1.49027	-49.18228	0	52	2021-09-17T15:23:55
1.49549	-49.17731	0	52	2021-09-17T15:28:30
1.50108	-49.17197	0	52	2021-09-17T15:33:27
1.50664	-49.16681	0	52	2021-09-17T15:38:27
1.51210	-49.16150	0	52	2021-09-17T15:43:30
1.51751	-49.15629	0	52	2021-09-17T15:48:26
1.52279	-49.15140	0	52	2021-09-17T15:53:26
1.52798	-49.14655	0	52	2021-09-17T15:58:27
1.53309	-49.14188	0	52	2021-09-17T16:03:28
1.53810	-49.13733	0	52	2021-09-17T16:08:25
1.54286	-49.13300	0	52	2021-09-17T16:13:23
1.54764	-49.12874	0	52	2021-09-17T16:18:57
1.55253	-49.12445	0	52	2021-09-17T16:23:56
1.55642	-49.12119	0	52	2021-09-17T16:28:25
1.56064	-49.11771	0	52	2021-09-17T16:33:23
1.56473	-49.11435	0	52	2021-09-17T16:38:24
1.56871	-49.11105	0	52	2021-09-17T16:43:24
1.57253	-49.10805	0	52	2021-09-17T16:48:25
1.57622	-49.10522	0	52	2021-09-17T16:53:25
1.57987	-49.10254	0	52	2021-09-17T16:58:23
1.58339	-49.10010	0	52	2021-09-17T17:03:27
1.58679	-49.09775	0	52	2021-09-17T17:08:25
1.59008	-49.09555	0	52	2021-09-17T17:13:28
1.59315	-49.09348	0	52	2021-09-17T17:18:26
1.59633	-49.09132	0	52	2021-09-17T17:23:31
1.59878	-49.08969	0	52	2021-09-17T17:28:31
1.60132	-49.08801	0	52	2021-09-17T17:33:29
1.60370	-49.08652	0	52	2021-09-17T17:38:28
1.60601	-49.08521	0	52	2021-09-17T17:43:30
1.60820	-49.08401	0	52	2021-09-17T17:48:27
1.61023	-49.08298	0	52	2021-09-17T17:53:32
1.61211	-49.08209	0	52	2021-09-17T17:58:29
1.61393	-49.08135	0	52	2021-09-17T18:03:32
1.61556	-49.08084	0	52	2021-09-17T18:08:31
1.61710	-49.08035	0	52	2021-09-17T18:13:34
1.61854	-49.07993	0	52	2021-09-17T18:18:29
1.62001	-49.07956	0	52	2021-09-17T18:23:30
1.62117	-49.07956	0	52	2021-09-17T18:28:30
1.62232	-49.07965	0	52	2021-09-17T18:33:27
1.62336	-49.07993	0	52	2021-09-17T18:38:28
1.62428	-49.08029	0	52	2021-09-17T18:43:25
1.62515	-49.08087	0	52	2021-09-17T18:48:23
1.62592	-49.08157	0	52	2021-09-17T18:53:23
1.62660	-49.08237	0	52	2021-09-17T18:58:26
1.62718	-49.08325	0	52	2021-09-17T19:03:25
1.62775	-49.08414	0	52	2021-09-17T19:08:25
1.62819	-49.08508	0	52	2021-09-17T19:13:27
1.62849	-49.08638	0	52	2021-09-17T19:18:31
1.62870	-49.08759	0	52	2021-09-17T19:23:58
1.62879	-49.08887	0	52	2021-09-17T19:28:30
1.62876	-49.09026	0	52	2021-09-17T19:33:29
1.62876	-49.09155	0	52	2021-09-17T19:38:29
1.62866	-49.09299	0	52	2021-09-17T19:43:27
1.62851	-49.09460	0	52	2021-09-17T19:48:27
1.62831	-49.09642	0	52	2021-09-17T19:53:22
1.62805	-49.09814	0	52	2021-09-17T19:58:22
1.62770	-49.10001	0	52	2021-09-17T20:03:23
1.62734	-49.10184	0	52	2021-09-17T20:08:21
1.62681	-49.10384	0	52	2021-09-17T20:13:56
1.62638	-49.10590	0	52	2021-09-17T20:18:57
1.62574	-49.10822	0	52	2021-09-17T20:23:57
1.62514	-49.11023	0	52	2021-09-17T20:28:24
1.62449	-49.11264	0	52	2021-09-17T20:33:24
1.62375	-49.11512	0	52	2021-09-17T20:38:24
1.62298	-49.11752	0	52	2021-09-17T20:43:23
1.62218	-49.11996	0	52	2021-09-17T20:48:22
1.62132	-49.12240	0	52	2021-09-17T20:53:23
1.62046	-49.12480	0	52	2021-09-17T20:58:22
1.61956	-49.12720	0	52	2021-09-17T21:03:22
1.61867	-49.12952	0	52	2021-09-17T21:08:23
1.61765	-49.13178	0	52	2021-09-17T21:13:58
1.61671	-49.13384	0	52	2021-09-17T21:18:58
1.61555	-49.13599	0	52	2021-09-17T21:23:57
1.61458	-49.13754	0	52	2021-09-17T21:28:19
1.61341	-49.13922	0	52	2021-09-17T21:33:20
1.61217	-49.14087	0	52	2021-09-17T21:38:20
1.61084	-49.14224	0	52	2021-09-17T21:43:20
1.60952	-49.14358	0	52	2021-09-17T21:48:19
1.60819	-49.14478	0	52	2021-09-17T21:53:19
1.60684	-49.14584	0	52	2021-09-17T21:58:17
1.60548	-49.14667	0	52	2021-09-17T22:03:20
1.60412	-49.14709	0	52	2021-09-17T22:08:17
1.60275	-49.14725	0	52	2021-09-17T22:13:17
1.60148	-49.14737	0	52	2021-09-17T22:18:16
1.60022	-49.14734	0	52	2021-09-17T22:23:38
1.59910	-49.14731	0	52	2021-09-17T22:28:14
1.59801	-49.14722	0	52	2021-09-17T22:33:11
1.59696	-49.14703	0	52	2021-09-17T22:38:12
1.59595	-49.14667	0	52	2021-09-17T22:43:12
1.59501	-49.14633	0	52	2021-09-17T22:48:12
1.59417	-49.14587	0	52	2021-09-17T22:53:10
1.59335	-49.14532	0	52	2021-09-17T22:58:14
1.59262	-49.14456	0	52	2021-09-17T23:03:11
1.59193	-49.14387	0	52	2021-09-17T23:08:11
1.59133	-49.14310	0	52	2021-09-17T23:13:10
1.59080	-49.14230	0	52	2021-09-17T23:18:11
1.59032	-49.14127	0	52	2021-09-17T23:23:11
1.59002	-49.14050	0	52	2021-09-17T23:28:11
1.58976	-49.13956	0	52	2021-09-17T23:33:10
1.58965	-49.13849	0	52	2021-09-17T23:38:07
1.58970	-49.13730	0	52	2021-09-17T23:43:03
1.58980	-49.13614	0	52	2021-09-17T23:48:04
1.59000	-49.13498	0	52	2021-09-17T23:53:04
1.59029	-49.13379	0	52	2021-09-17T23:58:02
1.59082	-49.13221	0	52	2021-09-18T00:03:03
1.59129	-49.13101	0	52	2021-09-18T00:08:03
1.59189	-49.12970	0	52	2021-09-18T00:13:03
1.59276	-49.12833	0	52	2021-09-18T00:18:02
1.59381	-49.12683	0	52	2021-09-18T00:23:25
1.59488	-49.12561	0	52	2021-09-18T00:28:03
1.59619	-49.12415	0	52	2021-09-18T00:33:03
1.59765	-49.12280	0	52	2021-09-18T00:38:05
1.59930	-49.12149	0	52	2021-09-18T00:43:03
1.60114	-49.12006	0	52	2021-09-18T00:48:06
1.60313	-49.11862	0	52	2021-09-18T00:53:06
1.60522	-49.11719	0	52	2021-09-18T00:58:05
1.60749	-49.11560	0	52	2021-09-18T01:03:08
1.60994	-49.11411	0	52	2021-09-18T01:08:10
1.61258	-49.11267	0	52	2021-09-18T01:13:12
1.61536	-49.11118	0	52	2021-09-18T01:18:12
1.61854	-49.10934	0	52	2021-09-18T01:23:36
1.62142	-49.10770	0	52	2021-09-18T01:28:18
1.62457	-49.10596	0	52	2021-09-18T01:33:18
1.62778	-49.10425	0	52	2021-09-18T01:38:22
1.63114	-49.10248	0	52	2021-09-18T01:43:23
1.63468	-49.10077	0	52	2021-09-18T01:48:25
1.63827	-49.09879	0	52	2021-09-18T01:53:24
1.64191	-49.09683	0	52	2021-09-18T01:58:25
1.64562	-49.09482	0	52	2021-09-18T02:03:23
1.64940	-49.09293	0	52	2021-09-18T02:08:21
1.65328	-49.09091	0	52	2021-09-18T02:13:24
1.65724	-49.08907	0	52	2021-09-18T02:18:57
1.66162	-49.08701	0	52	2021-09-18T02:23:57
1.66531	-49.08536	0	52	2021-09-18T02:28:22
1.66945	-49.08340	0	52	2021-09-18T02:33:24
1.67357	-49.08160	0	52	2021-09-18T02:38:24
1.67769	-49.07980	0	52	2021-09-18T02:43:23
1.68181	-49.07822	0	52	2021-09-18T02:48:23
1.68590	-49.07660	0	52	2021-09-18T02:53:24
1.69001	-49.07501	0	52	2021-09-18T02:58:25
1.69417	-49.07364	0	52	2021-09-18T03:03:26
1.69834	-49.07227	0	52	2021-09-18T03:08:24
1.70255	-49.07086	0	52	2021-09-18T03:13:55
1.70654	-49.06949	0	52	2021-09-18T03:18:56
1.71079	-49.06812	0	52	2021-09-18T03:23:56
1.71426	-49.06714	0	52	2021-09-18T03:28:27
1.71801	-49.06619	0	52	2021-09-18T03:33:30
1.72169	-49.06537	0	52	2021-09-18T03:38:28
1.72528	-49.06456	0	52	2021-09-18T03:43:29
1.72867	-49.06396	0	52	2021-09-18T03:48:30
1.73197	-49.06345	0	52	2021-09-18T03:53:33
1.73517	-49.06308	0	52	2021-09-18T03:58:35
1.73827	-49.06281	0	52	2021-09-18T04:03:36
1.74109	-49.06284	0	52	2021-09-18T04:08:33
1.74385	-49.06281	0	52	2021-09-18T04:13:35
1.74649	-49.06290	0	52	2021-09-18T04:18:35
1.74930	-49.06316	0	52	2021-09-18T04:23:39
1.75157	-49.06350	0	52	2021-09-18T04:28:40
1.75393	-49.06384	0	52	2021-09-18T04:33:40
1.75617	-49.06439	0	52	2021-09-18T04:38:38
1.75838	-49.06504	0	52	2021-09-18T04:43:39
1.76044	-49.06573	0	52	2021-09-18T04:48:39
1.76246	-49.06656	0	52	2021-09-18T04:53:41
1.76443	-49.06750	0	52	2021-09-18T04:58:42
1.76637	-49.06846	0	52	2021-09-18T05:03:42
1.76822	-49.06940	0	52	2021-09-18T05:08:42
1.77002	-49.07043	0	52	2021-09-18T05:13:41
1.77180	-49.07153	0	52	2021-09-18T05:18:40
1.77363	-49.07269	0	52	2021-09-18T05:24:09
1.77505	-49.07373	0	52	2021-09-18T05:28:39
1.77648	-49.07495	0	52	2021-09-18T05:33:39
1.77781	-49.07632	0	52	2021-09-18T05:38:43
1.77909	-49.07778	0	52	2021-09-18T05:43:38
1.78016	-49.07924	0	52	2021-09-18T05:48:39
1.78115	-49.08078	0	52	2021-09-18T05:53:39
1.78206	-49.08240	0	52	2021-09-18T05:58:40
1.78283	-49.08398	0	52	2021-09-18T06:03:41
1.78351	-49.08566	0	52	2021-09-18T06:08:41
1.78411	-49.08746	0	52	2021-09-18T06:13:43
1.78466	-49.08932	0	52	2021-09-18T06:18:41
1.78518	-49.09151	0	52	2021-09-18T06:23:45
1.78561	-49.09340	0	52	2021-09-18T06:28:45
1.78604	-49.09555	0	52	2021-09-18T06:33:45
1.78642	-49.09787	0	52	2021-09-18T06:38:47
1.78674	-49.10017	0	52	2021-09-18T06:43:47
1.78695	-49.10257	0	52	2021-09-18T06:48:46
1.78707	-49.10501	0	52	2021-09-18T06:53:45
1.78716	-49.10763	0	52	2021-09-18T06:58:44
1.78720	-49.11020	0	52	2021-09-18T07:03:44
1.78716	-49.11295	0	52	2021-09-18T07:08:45
1.78708	-49.11578	0	52	2021-09-18T07:13:45
1.78699	-49.11868	0	52	2021-09-18T07:19:06
1.78682	-49.12186	0	52	2021-09-18T07:24:06
1.78663	-49.12469	0	52	2021-09-18T07:28:45
1.78635	-49.12786	0	52	2021-09-18T07:33:46
1.78605	-49.13095	0	52	2021-09-18T07:38:46
1.78569	-49.13412	0	52	2021-09-18T07:43:44
1.78522	-49.13739	0	52	2021-09-18T07:48:45
1.78468	-49.14085	0	52	2021-09-18T07:53:45
1.78417	-49.14411	0	52	2021-09-18T07:58:45
1.78370	-49.14746	0	52	2021-09-18T08:03:45
1.78318	-49.15085	0	52	2021-09-18T08:08:46
1.78257	-49.15433	0	52	2021-09-18T08:13:48
1.78195	-49.15781	0	52	2021-09-18T08:18:45
1.78124	-49.16162	0	52	2021-09-18T08:24:08
1.78063	-49.16501	0	52	2021-09-18T08:28:44
1.77998	-49.16870	0	52	2021-09-18T08:33:43
1.77924	-49.17239	0	52	2021-09-18T08:38:41
1.77847	-49.17615	0	52	2021-09-18T08:43:46
1.77771	-49.17987	0	52	2021-09-18T08:48:43
1.77693	-49.18359	0	52	2021-09-18T08:53:40
1.77610	-49.18742	0	52	2021-09-18T08:58:40
1.77533	-49.19094	0	52	2021-09-18T09:03:40
1.77460	-49.19437	0	52	2021-09-18T09:08:39
1.77384	-49.19769	0	52	2021-09-18T09:13:36
1.77307	-49.20089	0	52	2021-09-18T09:18:56
1.77230	-49.20398	0	52	2021-09-18T09:23:56
1.77153	-49.20651	0	52	2021-09-18T09:28:34
1.76985	-49.21130	0	52	2021-09-18T09:38:31
1.76895	-49.21336	0	52	2021-09-18T09:43:30
1.76805	-49.21533	0	52	2021-09-18T09:48:30
1.76611	-49.21887	0	52	2021-09-18T09:58:27
1.76517	-49.22033	0	52	2021-09-18T10:03:27
1.76427	-49.22162	0	52	2021-09-18T10:08:26
1.76340	-49.22256	0	52	2021-09-18T10:13:22
1.76267	-49.22290	0	52	2021-09-18T10:18:22
1.76183	-49.22311	0	52	2021-09-18T10:23:55
1.76117	-49.22327	0	52	2021-09-18T10:28:24
1.76049	-49.22311	0	52	2021-09-18T10:33:22
1.75986	-49.22281	0	52	2021-09-18T10:38:23
1.75928	-49.22241	0	52	2021-09-18T10:43:22
1.75871	-49.22182	0	52	2021-09-18T10:48:21
1.75824	-49.22113	0	52	2021-09-18T10:53:22
1.75781	-49.22021	0	52	2021-09-18T10:58:19
1.75746	-49.21915	0	52	2021-09-18T11:03:20
1.75723	-49.21790	0	52	2021-09-18T11:08:20
1.75714	-49.21661	0	52	2021-09-18T11:13:20
1.75715	-49.21533	0	52	2021-09-18T11:18:18
1.75722	-49.21384	0	52	2021-09-18T11:23:56
1.75748	-49.21251	0	52	2021-09-18T11:28:20
1.75782	-49.21097	0	52	2021-09-18T11:33:20
1.75833	-49.20929	0	52	2021-09-18T11:38:22
1.75897	-49.20752	0	52	2021-09-18T11:43:22
1.75971	-49.20569	0	52	2021-09-18T11:48:23
1.76055	-49.20386	0	52	2021-09-18T11:53:23
1.76152	-49.20203	0	52	2021-09-18T11:58:25
1.76269	-49.20010	0	52	2021-09-18T12:03:21
1.76393	-49.19821	0	52	2021-09-18T12:08:20
1.76526	-49.19632	0	52	2021-09-18T12:13:20
1.76676	-49.19427	0	52	2021-09-18T12:18:21
1.76859	-49.19189	0	52	2021-09-18T12:23:53
1.77016	-49.19006	0	52	2021-09-18T12:28:19
1.77208	-49.18796	0	52	2021-09-18T12:33:16
1.77422	-49.18579	0	52	2021-09-18T12:38:15
1.77650	-49.18362	0	52	2021-09-18T12:43:16
1.77896	-49.18125	0	52	2021-09-18T12:48:18
1.78158	-49.17902	0	52	2021-09-18T12:53:19
1.78440	-49.17650	0	52	2021-09-18T12:58:16
1.78736	-49.17418	0	52	2021-09-18T13:03:17
1.79058	-49.17169	0	52	2021-09-18T13:08:17
1.79402	-49.16919	0	52	2021-09-18T13:13:19
1.79770	-49.16672	0	52	2021-09-18T13:18:54
1.80203	-49.16397	0	52	2021-09-18T13:23:55
1.80549	-49.16183	0	52	2021-09-18T13:28:14
1.80971	-49.15927	0	52	2021-09-18T13:33:19
1.81400	-49.15674	0	52	2021-09-18T13:38:18
1.81849	-49.15409	0	52	2021-09-18T13:43:16
1.82312	-49.15143	0	52	2021-09-18T13:48:16
1.82791	-49.14871	0	52	2021-09-18T13:53:17
1.83290	-49.14589	0	52	2021-09-18T13:58:12
1.83798	-49.14307	0	52	2021-09-18T14:03:12
1.84333	-49.14014	0	52	2021-09-18T14:08:12
1.84876	-49.13721	0	52	2021-09-18T14:13:13
1.85437	-49.13425	0	52	2021-09-18T14:18:15
1.86052	-49.13110	0	52	2021-09-18T14:23:38
1.86593	-49.12836	0	52	2021-09-18T14:28:16
1.87192	-49.12534	0	52	2021-09-18T14:33:17
1.87798	-49.12224	0	52	2021-09-18T14:38:14
1.88399	-49.11932	0	52	2021-09-18T14:43:14
1.89009	-49.11639	0	52	2021-09-18T14:48:16
1.89625	-49.11346	0	52	2021-09-18T14:53:13
1.90242	-49.11055	0	52	2021-09-18T14:58:13
1.90856	-49.10789	0	52	2021-09-18T15:03:13
1.91465	-49.10532	0	52	2021-09-18T15:08:12
1.92058	-49.10272	0	52	2021-09-18T15:13:13
1.92633	-49.10019	0	52	2021-09-18T15:18:14
1.93234	-49.09787	0	52	2021-09-18T15:23:14
1.93745	-49.09598	0	52	2021-09-18T15:28:15
1.94284	-49.09406	0	52	2021-09-18T15:33:16
1.94811	-49.09222	0	52	2021-09-18T15:38:15
1.95328	-49.09061	0	52	2021-09-18T15:43:13
1.95840	-49.08926	0	52	2021-09-18T15:48:15
1.96342	-49.08810	0	52	2021-09-18T15:53:14
1.96823	-49.08713	0	52	2021-09-18T15:58:16
1.97304	-49.08615	0	52	2021-09-18T16:03:14
1.97762	-49.08536	0	52	2021-09-18T16:08:17
1.98210	-49.08454	0	52	2021-09-18T16:13:35
1.98635	-49.08385	0	52	2021-09-18T16:18:35
1.99081	-49.08325	0	52	2021-09-18T16:23:36
1.99455	-49.08267	0	52	2021-09-18T16:28:17
1.99849	-49.08220	0	52	2021-09-18T16:33:17
2.00231	-49.08194	0	52	2021-09-18T16:38:16
2.00606	-49.08167	0	52	2021-09-18T16:43:15
2.00972	-49.08154	0	52	2021-09-18T16:48:13
2.01324	-49.08154	0	52	2021-09-18T16:53:13
2.01672	-49.08160	0	52	2021-09-18T16:58:14
2.02010	-49.08176	0	52	2021-09-18T17:03:15
2.02339	-49.08200	0	52	2021-09-18T17:08:12
2.02665	-49.08236	0	52	2021-09-18T17:13:10
2.02978	-49.08270	0	52	2021-09-18T17:18:10
2.03302	-49.08316	0	52	2021-09-18T17:23:26
2.03586	-49.08379	0	52	2021-09-18T17:28:04
2.03878	-49.08430	0	52	2021-09-18T17:33:05
2.04157	-49.08490	0	52	2021-09-18T17:38:05
2.04435	-49.08563	0	52	2021-09-18T17:43:06
2.04705	-49.08646	0	52	2021-09-18T17:48:07
2.04968	-49.08731	0	52	2021-09-18T17:53:04
2.05224	-49.08826	0	52	2021-09-18T17:58:03
2.05475	-49.08932	0	52	2021-09-18T18:03:02
2.05717	-49.09046	0	52	2021-09-18T18:08:00
2.05949	-49.09158	0	52	2021-09-18T18:13:00
2.06176	-49.09277	0	52	2021-09-18T18:17:58
2.06419	-49.09412	0	52	2021-09-18T18:23:26
2.06604	-49.09528	0	52	2021-09-18T18:27:56
2.06798	-49.09659	0	52	2021-09-18T18:32:52
2.06985	-49.09799	0	52	2021-09-18T18:37:49
2.07164	-49.09946	0	52	2021-09-18T18:42:50
2.07330	-49.10107	0	52	2021-09-18T18:47:46
2.07488	-49.10278	0	52	2021-09-18T18:52:44
2.07638	-49.10458	0	52	2021-09-18T18:57:44
2.07781	-49.10654	0	52	2021-09-18T19:02:46
2.07917	-49.10864	0	52	2021-09-18T19:07:47
2.08039	-49.11090	0	52	2021-09-18T19:12:44
2.08154	-49.11337	0	52	2021-09-18T19:17:45
2.08268	-49.11619	0	52	2021-09-18T19:22:45
2.08354	-49.11868	0	52	2021-09-18T19:27:45
2.08432	-49.12158	0	52	2021-09-18T19:32:42
2.08497	-49.12454	0	52	2021-09-18T19:37:43
2.08554	-49.12762	0	52	2021-09-18T19:42:41
2.08601	-49.13071	0	52	2021-09-18T19:47:41
2.08640	-49.13382	0	52	2021-09-18T19:52:40
2.08663	-49.13705	0	52	2021-09-18T19:57:41
2.08667	-49.14044	0	52	2021-09-18T20:02:41
2.08668	-49.14389	0	52	2021-09-18T20:07:40
2.08663	-49.14734	0	52	2021-09-18T20:12:42
2.08647	-49.15096	0	52	2021-09-18T20:17:40
2.08629	-49.15479	0	52	2021-09-18T20:23:08
2.08605	-49.15808	0	52	2021-09-18T20:27:40
2.08579	-49.16177	0	52	2021-09-18T20:32:45
2.08548	-49.16552	0	52	2021-09-18T20:37:43
2.08518	-49.16912	0	52	2021-09-18T20:42:43
2.08488	-49.17264	0	52	2021-09-18T20:47:42
2.08451	-49.17621	0	52	2021-09-18T20:52:42
2.08409	-49.17977	0	52	2021-09-18T20:57:43
2.08370	-49.18320	0	52	2021-09-18T21:02:43
2.08327	-49.18655	0	52	2021-09-18T21:07:44
2.08282	-49.19003	0	52	2021-09-18T21:12:42
2.08234	-49.19345	0	52	2021-09-18T21:17:43
2.08174	-49.19702	0	52	2021-09-18T21:23:06
2.08116	-49.20004	0	52	2021-09-18T21:27:44
2.08054	-49.20325	0	52	2021-09-18T21:32:41
2.07988	-49.20639	0	52	2021-09-18T21:37:40
2.07922	-49.20953	0	52	2021-09-18T21:42:42
2.07858	-49.21262	0	52	2021-09-18T21:47:43
2.07788	-49.21548	0	52	2021-09-18T21:52:44
2.07719	-49.21823	0	52	2021-09-18T21:57:45
2.07665	-49.22092	0	52	2021-09-18T22:02:47
2.07618	-49.22339	0	52	2021-09-18T22:07:47
2.07579	-49.22572	0	52	2021-09-18T22:12:44
2.07558	-49.22769	0	52	2021-09-18T22:17:44
2.07549	-49.22977	0	52	2021-09-18T22:23:05
2.07551	-49.23126	0	52	2021-09-18T22:27:39
2.07564	-49.23269	0	52	2021-09-18T22:32:40
2.07590	-49.23389	0	52	2021-09-18T22:37:40
2.07628	-49.23499	0	52	2021-09-18T22:42:37
2.07679	-49.23587	0	52	2021-09-18T22:47:38
2.07741	-49.23645	0	52	2021-09-18T22:52:38
2.07829	-49.23621	0	52	2021-09-18T22:57:39
2.07936	-49.23578	0	52	2021-09-18T23:02:37
2.08042	-49.23499	0	52	2021-09-18T23:07:38
2.08156	-49.23410	0	52	2021-09-18T23:12:36
2.08275	-49.23315	0	52	2021-09-18T23:17:38
2.08419	-49.23212	0	52	2021-09-18T23:22:57
2.08552	-49.23109	0	52	2021-09-18T23:27:38
2.08719	-49.22997	0	52	2021-09-18T23:32:38
2.08904	-49.22894	0	52	2021-09-18T23:37:39
2.09106	-49.22787	0	52	2021-09-18T23:42:36
2.09315	-49.22675	0	52	2021-09-18T23:47:37
2.09537	-49.22525	0	52	2021-09-18T23:52:38
2.09773	-49.22388	0	52	2021-09-18T23:57:38
2.10028	-49.22244	0	52	2021-09-19T00:02:36
2.10297	-49.22086	0	52	2021-09-19T00:07:37
2.10572	-49.21932	0	52	2021-09-19T00:12:37
2.10842	-49.21735	0	52	2021-09-19T00:17:37
2.11152	-49.21506	0	52	2021-09-19T00:22:58
2.11427	-49.21303	0	52	2021-09-19T00:27:31
2.11723	-49.21106	0	52	2021-09-19T00:32:30
2.12037	-49.20905	0	52	2021-09-19T00:37:26
2.12366	-49.20700	0	52	2021-09-19T00:42:27
2.12708	-49.20502	0	52	2021-09-19T00:47:27
2.13062	-49.20303	0	52	2021-09-19T00:52:25
2.13424	-49.20093	0	52	2021-09-19T00:57:26
2.13803	-49.19885	0	52	2021-09-19T01:02:24
2.14189	-49.19659	0	52	2021-09-19T01:07:27
2.14586	-49.19437	0	52	2021-09-19T01:12:24
2.14979	-49.19220	0	52	2021-09-19T01:17:26
2.15418	-49.18991	0	52	2021-09-19T01:22:54
2.15775	-49.18808	0	52	2021-09-19T01:27:26
2.16171	-49.18619	0	52	2021-09-19T01:32:24
2.16567	-49.18433	0	52	2021-09-19T01:37:24
2.16967	-49.18265	0	52	2021-09-19T01:42:22
2.17362	-49.18109	0	52	2021-09-19T01:47:23
2.17758	-49.17966	0	52	2021-09-19T01:52:20
2.18152	-49.17834	0	52	2021-09-19T01:57:21
2.18541	-49.17702	0	52	2021-09-19T02:02:18
2.18923	-49.17599	0	52	2021-09-19T02:07:18
2.19296	-49.17505	0	52	2021-09-19T02:12:19
2.19666	-49.17413	0	52	2021-09-19T02:17:20
2.20065	-49.17324	0	52	2021-09-19T02:22:21
2.20370	-49.17264	0	52	2021-09-19T02:27:22
2.20707	-49.17206	0	52	2021-09-19T02:32:19
2.21031	-49.17166	0	52	2021-09-19T02:37:16
2.21347	-49.17139	0	52	2021-09-19T02:42:16
2.21659	-49.17133	0	52	2021-09-19T02:47:14
2.21959	-49.17133	0	52	2021-09-19T02:52:14
2.22257	-49.17154	0	52	2021-09-19T02:57:14
2.22557	-49.17196	0	52	2021-09-19T03:02:12
2.22849	-49.17239	0	52	2021-09-19T03:07:12
2.23142	-49.17300	0	52	2021-09-19T03:12:14
2.23429	-49.17375	0	52	2021-09-19T03:17:11
2.23726	-49.17462	0	52	2021-09-19T03:22:36
2.23982	-49.17563	0	52	2021-09-19T03:27:10
2.24270	-49.17698	0	52	2021-09-19T03:32:09
2.24489	-49.17813	0	52	2021-09-19T03:37:11
2.24704	-49.17947	0	52	2021-09-19T03:42:08
2.24929	-49.18112	0	52	2021-09-19T03:47:11
2.25147	-49.18286	0	52	2021-09-19T03:52:12
2.25348	-49.18469	0	52	2021-09-19T03:57:10
2.25559	-49.18677	0	52	2021-09-19T04:02:11
2.25770	-49.18890	0	52	2021-09-19T04:07:11
2.25980	-49.19116	0	52	2021-09-19T04:12:09
2.26190	-49.19354	0	52	2021-09-19T04:17:11
2.26417	-49.19623	0	52	2021-09-19T04:22:38
2.26608	-49.19861	0	52	2021-09-19T04:27:12
2.26811	-49.20142	0	52	2021-09-19T04:32:15
2.27000	-49.20425	0	52	2021-09-19T04:37:14
2.27154	-49.20718	0	52	2021-09-19T04:42:13
2.27269	-49.20999	0	52	2021-09-19T04:47:12
2.27405	-49.21308	0	52	2021-09-19T04:52:11
2.27525	-49.21634	0	52	2021-09-19T04:57:10
2.27634	-49.21973	0	52	2021-09-19T05:02:09
2.27733	-49.22321	0	52	2021-09-19T05:07:10
2.27825	-49.22675	0	52	2021-09-19T05:12:08
2.27907	-49.23035	0	52	2021-09-19T05:17:09
2.27991	-49.23431	0	52	2021-09-19T05:22:25
2.28064	-49.23788	0	52	2021-09-19T05:27:09
2.28131	-49.24182	0	52	2021-09-19T05:32:08
2.28200	-49.24585	0	52	2021-09-19T05:37:08
2.28266	-49.25000	0	52	2021-09-19T05:42:05
2.28320	-49.25439	0	52	2021-09-19T05:47:09
2.28369	-49.25882	0	52	2021-09-19T05:52:10
2.28403	-49.26328	0	52	2021-09-19T05:57:09
2.28433	-49.26785	0	52	2021-09-19T06:02:13
2.28477	-49.27255	0	52	2021-09-19T06:07:16
2.28538	-49.27750	0	52	2021-09-19T06:12:15
2.28607	-49.28260	0	52	2021-09-19T06:17:35
2.28667	-49.28809	0	52	2021-09-19T06:22:35
2.28700	-49.29292	0	52	2021-09-19T06:27:17
2.28726	-49.29807	0	52	2021-09-19T06:32:18
2.28752	-49.30343	0	52	2021-09-19T06:37:14
2.28761	-49.30875	0	52	2021-09-19T06:42:14
2.28782	-49.31427	0	52	2021-09-19T06:47:16
2.28772	-49.31970	0	52	2021-09-19T06:52:13
2.28747	-49.32510	0	52	2021-09-19T06:57:14
2.28732	-49.33075	0	52	2021-09-19T07:02:11
2.28723	-49.33633	0	52	2021-09-19T07:07:12
2.28696	-49.34210	0	52	2021-09-19T07:12:09
2.28663	-49.34784	0	52	2021-09-19T07:17:10
2.28626	-49.35406	0	52	2021-09-19T07:22:26
2.28598	-49.35962	0	52	2021-09-19T07:27:05
2.28581	-49.36572	0	52	2021-09-19T07:32:07
2.28568	-49.37189	0	52	2021-09-19T07:37:09
2.28548	-49.37810	0	52	2021-09-19T07:42:05
2.28531	-49.38428	0	52	2021-09-19T07:47:04
2.28506	-49.39059	0	52	2021-09-19T07:52:05
2.28480	-49.39688	0	52	2021-09-19T07:57:06
2.28443	-49.40317	0	52	2021-09-19T08:02:03
2.28409	-49.40944	0	52	2021-09-19T08:07:03
2.28379	-49.41571	0	52	2021-09-19T08:12:04
2.28340	-49.42206	0	52	2021-09-19T08:17:05
2.28304	-49.42874	0	52	2021-09-19T08:22:05
2.28261	-49.43466	0	52	2021-09-19T08:27:05
2.28213	-49.44092	0	52	2021-09-19T08:32:07
2.28157	-49.44711	0	52	2021-09-19T08:37:05
2.28106	-49.45329	0	52	2021-09-19T08:42:05
2.28055	-49.45947	0	52	2021-09-19T08:47:06
2.27997	-49.46561	0	52	2021-09-19T08:52:07
2.27951	-49.47162	0	52	2021-09-19T08:57:05
2.27894	-49.47743	0	52	2021-09-19T09:02:07
2.27838	-49.48318	0	52	2021-09-19T09:07:06
2.27783	-49.48877	0	52	2021-09-19T09:12:03
2.27727	-49.49423	0	52	2021-09-19T09:17:02
2.27668	-49.49999	0	52	2021-09-19T09:22:01
2.27617	-49.50471	0	52	2021-09-19T09:27:01
2.27548	-49.50977	0	52	2021-09-19T09:32:02
2.27481	-49.51474	0	52	2021-09-19T09:36:59
2.27417	-49.51953	0	52	2021-09-19T09:42:01
2.27355	-49.52400	0	52	2021-09-19T09:47:00
2.27312	-49.52829	0	52	2021-09-19T09:51:59
2.27273	-49.53232	0	52	2021-09-19T09:56:59
2.27241	-49.53610	0	52	2021-09-19T10:02:02
2.27225	-49.53955	0	52	2021-09-19T10:07:01
2.27219	-49.54276	0	52	2021-09-19T10:12:02
2.27222	-49.54562	0	52	2021-09-19T10:17:25
2.27239	-49.54828	0	52	2021-09-19T10:22:25
2.27275	-49.55042	0	52	2021-09-19T10:27:03
2.27328	-49.55242	0	52	2021-09-19T10:32:05
2.27397	-49.55414	0	52	2021-09-19T10:37:05
2.27477	-49.55560	0	52	2021-09-19T10:42:03
2.27562	-49.55692	0	52	2021-09-19T10:47:06
2.27661	-49.55818	0	52	2021-09-19T10:52:07
2.27768	-49.55921	0	52	2021-09-19T10:57:06
2.27888	-49.56015	0	52	2021-09-19T11:02:06
2.28034	-49.56104	0	52	2021-09-19T11:07:08
2.28193	-49.56189	0	52	2021-09-19T11:12:11
2.28365	-49.56259	0	52	2021-09-19T11:17:09
2.28570	-49.56317	0	52	2021-09-19T11:22:25
2.28759	-49.56354	0	52	2021-09-19T11:27:09
2.28983	-49.56380	0	52	2021-09-19T11:32:11
2.29215	-49.56397	0	52	2021-09-19T11:37:11
2.29460	-49.56406	0	52	2021-09-19T11:42:10
2.29728	-49.56415	0	52	2021-09-19T11:47:09
2.29997	-49.56406	0	52	2021-09-19T11:52:11
2.30299	-49.56378	0	52	2021-09-19T11:57:12
2.30617	-49.56342	0	52	2021-09-19T12:02:09
2.30942	-49.56296	0	52	2021-09-19T12:07:08
2.31653	-49.56159	0	52	2021-09-19T12:17:08
2.32037	-49.56070	0	52	2021-09-19T12:22:27
2.32391	-49.55988	0	52	2021-09-19T12:27:08
2.32782	-49.55865	0	52	2021-09-19T12:32:09
2.33197	-49.55740	0	52	2021-09-19T12:37:07
2.33619	-49.55576	0	52	2021-09-19T12:42:08
2.34061	-49.55400	0	52	2021-09-19T12:47:08
2.34499	-49.55228	0	52	2021-09-19T12:52:08
2.34968	-49.55029	0	52	2021-09-19T12:57:09
2.35449	-49.54822	0	52	2021-09-19T13:02:08
2.35935	-49.54611	0	52	2021-09-19T13:07:04
2.36420	-49.54388	0	52	2021-09-19T13:12:04
2.36922	-49.54144	0	52	2021-09-19T13:17:05
2.37483	-49.53884	0	52	2021-09-19T13:22:03
2.37968	-49.53644	0	52	2021-09-19T13:27:04
2.38504	-49.53384	0	52	2021-09-19T13:32:01
2.39056	-49.53122	0	52	2021-09-19T13:37:02
2.39606	-49.52850	0	52	2021-09-19T13:42:03
2.40160	-49.52576	0	52	2021-09-19T13:47:04
2.40709	-49.52301	0	52	2021-09-19T13:52:04
2.41251	-49.52020	0	52	2021-09-19T13:57:02
2.41781	-49.51752	0	52	2021-09-19T14:02:06
2.42302	-49.51483	0	52	2021-09-19T14:07:04
2.42828	-49.51221	0	52	2021-09-19T14:12:07
2.43356	-49.50964	0	52	2021-09-19T14:17:09
2.43912	-49.50699	0	52	2021-09-19T14:22:08
2.44388	-49.50484	0	52	2021-09-19T14:27:07
2.44877	-49.50278	0	52	2021-09-19T14:32:08
2.45360	-49.50085	0	52	2021-09-19T14:37:05
2.45823	-49.49902	0	52	2021-09-19T14:42:06
2.46277	-49.49738	0	52	2021-09-19T14:47:09
2.47138	-49.49481	0	52	2021-09-19T14:57:04
2.47549	-49.49380	0	52	2021-09-19T15:02:01
2.47935	-49.49303	0	52	2021-09-19T15:07:02
2.48300	-49.49234	0	52	2021-09-19T15:12:02
2.48658	-49.49187	0	52	2021-09-19T15:16:57
2.49023	-49.49161	0	52	2021-09-19T15:21:57
2.49306	-49.49161	0	52	2021-09-19T15:26:57
2.49610	-49.49177	0	52	2021-09-19T15:31:58
2.49898	-49.49203	0	52	2021-09-19T15:36:58
2.50172	-49.49249	0	52	2021-09-19T15:41:59
2.50424	-49.49316	0	52	2021-09-19T15:47:01
2.50656	-49.49396	0	52	2021-09-19T15:51:58
2.50879	-49.49500	0	52	2021-09-19T15:56:56
2.51096	-49.49625	0	52	2021-09-19T16:01:59
2.51299	-49.49771	0	52	2021-09-19T16:07:00
2.51485	-49.49927	0	52	2021-09-19T16:12:28
2.51652	-49.50099	0	52	2021-09-19T16:17:29
2.51828	-49.50314	0	52	2021-09-19T16:22:29
2.51951	-49.50513	0	52	2021-09-19T16:26:57
2.52053	-49.50757	0	52	2021-09-19T16:32:00
2.52144	-49.51028	0	52	2021-09-19T16:37:02
2.52226	-49.51294	0	52	2021-09-19T16:42:02
2.52280	-49.51590	0	52	2021-09-19T16:47:00
2.52330	-49.51889	0	52	2021-09-19T16:52:04
2.52359	-49.52209	0	52	2021-09-19T16:57:05
2.52363	-49.52527	0	52	2021-09-19T17:02:05
2.52360	-49.52859	0	52	2021-09-19T17:07:07
2.52343	-49.53205	0	52	2021-09-19T17:12:26
2.52317	-49.53548	0	52	2021-09-19T17:17:25
2.52283	-49.53934	0	52	2021-09-19T17:22:25
2.52240	-49.54282	0	52	2021-09-19T17:27:03
2.52185	-49.54663	0	52	2021-09-19T17:32:04
2.52119	-49.55049	0	52	2021-09-19T17:37:01
2.52055	-49.55444	0	52	2021-09-19T17:42:01
2.51976	-49.55856	0	52	2021-09-19T17:47:02
2.51884	-49.56279	0	52	2021-09-19T17:52:04
2.51789	-49.56696	0	52	2021-09-19T17:57:03
2.51682	-49.57129	0	52	2021-09-19T18:02:05
2.51448	-49.58019	0	52	2021-09-19T18:12:55
2.51330	-49.58472	0	52	2021-09-19T18:17:04
2.51178	-49.59015	0	52	2021-09-19T18:22:55
2.51065	-49.59409	0	52	2021-09-19T18:27:05
2.50919	-49.59893	0	52	2021-09-19T18:32:07
2.50769	-49.60382	0	52	2021-09-19T18:37:07
2.50610	-49.60886	0	52	2021-09-19T18:42:08
2.50444	-49.61395	0	52	2021-09-19T18:47:09
2.50270	-49.61908	0	52	2021-09-19T18:52:06
2.50089	-49.62421	0	52	2021-09-19T18:57:07
2.49900	-49.62939	0	52	2021-09-19T19:02:04
2.49701	-49.63467	0	52	2021-09-19T19:07:04
2.49510	-49.64001	0	52	2021-09-19T19:12:00
2.49304	-49.64545	0	52	2021-09-19T19:17:01
2.49071	-49.65198	0	52	2021-09-19T19:22:56
2.48904	-49.65665	0	52	2021-09-19T19:27:00
2.48707	-49.66223	0	52	2021-09-19T19:32:00
2.48492	-49.66791	0	52	2021-09-19T19:37:01
2.48273	-49.67365	0	52	2021-09-19T19:42:02
2.48043	-49.67934	0	52	2021-09-19T19:47:02
2.47807	-49.68509	0	52	2021-09-19T19:52:01
2.47568	-49.69092	0	52	2021-09-19T19:57:00
2.47321	-49.69684	0	52	2021-09-19T20:02:02
2.47064	-49.70268	0	52	2021-09-19T20:07:00
2.46802	-49.70834	0	52	2021-09-19T20:12:00
2.46537	-49.71408	0	52	2021-09-19T20:17:01
2.46243	-49.72034	0	52	2021-09-19T20:22:26
2.45986	-49.72566	0	52	2021-09-19T20:26:58
2.45698	-49.73132	0	52	2021-09-19T20:31:57
2.45401	-49.73706	0	52	2021-09-19T20:36:57
2.45109	-49.74269	0	52	2021-09-19T20:41:54
2.44813	-49.74810	0	52	2021-09-19T20:46:55
2.44517	-49.75342	0	52	2021-09-19T20:51:55
2.44225	-49.75870	0	52	2021-09-19T20:56:56
2.43937	-49.76386	0	52	2021-09-19T21:01:54
2.43658	-49.76884	0	52	2021-09-19T21:06:54
2.43370	-49.77356	0	52	2021-09-19T21:11:55
2.43085	-49.77817	0	52	2021-09-19T21:16:53
2.42780	-49.78308	0	52	2021-09-19T21:22:26
2.42530	-49.78696	0	52	2021-09-19T21:26:54
2.42001	-49.79565	0	52	2021-09-19T21:36:58
2.41744	-49.79971	0	52	2021-09-19T21:41:56
2.41500	-49.80365	0	52	2021-09-19T21:46:54
2.41256	-49.80750	0	52	2021-09-19T21:51:54
2.41020	-49.81119	0	52	2021-09-19T21:56:54
2.40811	-49.81464	0	52	2021-09-19T22:01:55
2.40627	-49.81796	0	52	2021-09-19T22:06:52
2.40471	-49.82092	0	52	2021-09-19T22:11:53
2.40338	-49.82361	0	52	2021-09-19T22:16:53
2.40200	-49.82642	0	52	2021-09-19T22:22:23
2.40102	-49.82846	0	52	2021-09-19T22:26:49
2.40005	-49.83044	0	52	2021-09-19T22:31:49
2.39925	-49.83233	0	52	2021-09-19T22:36:45
2.39865	-49.83387	0	52	2021-09-19T22:41:44
2.39826	-49.83533	0	52	2021-09-19T22:46:44
2.39803	-49.83661	0	52	2021-09-19T22:51:42
2.39800	-49.83781	0	52	2021-09-19T22:56:43
2.39813	-49.83884	0	52	2021-09-19T23:01:43
2.39848	-49.83978	0	52	2021-09-19T23:06:43
2.39903	-49.84061	0	52	2021-09-19T23:11:41
2.39971	-49.84135	0	52	2021-09-19T23:17:25
2.40070	-49.84204	0	52	2021-09-19T23:22:25
2.40153	-49.84256	0	52	2021-09-19T23:26:42
2.40269	-49.84308	0	52	2021-09-19T23:31:43
2.40410	-49.84369	0	52	2021-09-19T23:36:40
2.40560	-49.84412	0	52	2021-09-19T23:41:39
2.40733	-49.84451	0	52	2021-09-19T23:46:40
2.40919	-49.84482	0	52	2021-09-19T23:51:40
2.41121	-49.84515	0	52	2021-09-19T23:56:42
2.41334	-49.84537	0	52	2021-09-20T00:01:41
2.41563	-49.84552	0	52	2021-09-20T00:06:39
2.41812	-49.84558	0	52	2021-09-20T00:11:40
2.42074	-49.84558	0	52	2021-09-20T00:16:40
2.42369	-49.84549	0	52	2021-09-20T00:21:56
2.42639	-49.84531	0	52	2021-09-20T00:26:35
2.42941	-49.84506	0	52	2021-09-20T00:31:32
2.43251	-49.84473	0	52	2021-09-20T00:36:35
2.43580	-49.84430	0	52	2021-09-20T00:41:37
2.43912	-49.84381	0	52	2021-09-20T00:46:35
2.44263	-49.84320	0	52	2021-09-20T00:51:39
2.44621	-49.84250	0	52	2021-09-20T00:56:38
2.44993	-49.84183	0	52	2021-09-20T01:01:36
2.45394	-49.84097	0	52	2021-09-20T01:06:41
2.45804	-49.84000	0	52	2021-09-20T01:12:06
2.46222	-49.83905	0	52	2021-09-20T01:16:42
2.46688	-49.83786	0	52	2021-09-20T01:22:07
2.47092	-49.83673	0	52	2021-09-20T01:26:41
2.47541	-49.83545	0	52	2021-09-20T01:31:42
2.47983	-49.83408	0	52	2021-09-20T01:36:42
2.48432	-49.83261	0	52	2021-09-20T01:41:40
2.48886	-49.83108	0	52	2021-09-20T01:46:41
2.49341	-49.82947	0	52	2021-09-20T01:51:41
2.49808	-49.82773	0	52	2021-09-20T01:56:42
2.50281	-49.82599	0	52	2021-09-20T02:01:39
2.50759	-49.82425	0	52	2021-09-20T02:06:40
2.51244	-49.82245	0	52	2021-09-20T02:11:41
2.51733	-49.82065	0	52	2021-09-20T02:16:41
2.52241	-49.81879	0	52	2021-09-20T02:21:58
2.52705	-49.81709	0	52	2021-09-20T02:26:42
2.53177	-49.81537	0	52	2021-09-20T02:31:41
2.53649	-49.81375	0	52	2021-09-20T02:36:42
2.54116	-49.81223	0	52	2021-09-20T02:41:39
2.54596	-49.81070	0	52	2021-09-20T02:46:39
2.55065	-49.80923	0	52	2021-09-20T02:51:36
2.55532	-49.80771	0	52	2021-09-20T02:56:33
2.55994	-49.80624	0	52	2021-09-20T03:01:33
2.56444	-49.80481	0	52	2021-09-20T03:06:30
2.56901	-49.80340	0	52	2021-09-20T03:11:28
2.57339	-49.80237	0	52	2021-09-20T03:16:29
2.57816	-49.80115	0	52	2021-09-20T03:21:57
2.58206	-49.80023	0	52	2021-09-20T03:26:30
2.58619	-49.79938	0	52	2021-09-20T03:31:28
2.59013	-49.79871	0	52	2021-09-20T03:36:31
2.59386	-49.79837	0	52	2021-09-20T03:41:30
2.59746	-49.79819	0	52	2021-09-20T03:46:30
2.60088	-49.79834	0	52	2021-09-20T03:51:30
2.60409	-49.79883	0	52	2021-09-20T03:56:32
2.60678	-49.79974	0	52	2021-09-20T04:01:33
2.60935	-49.80060	0	52	2021-09-20T04:06:34
2.61176	-49.80176	0	52	2021-09-20T04:11:37
2.61392	-49.80315	0	52	2021-09-20T04:17:28
2.61598	-49.80487	0	52	2021-09-20T04:22:27
2.61733	-49.80627	0	52	2021-09-20T04:26:37
2.61875	-49.80798	0	52	2021-09-20T04:31:33
2.62004	-49.80981	0	52	2021-09-20T04:36:32
2.62098	-49.81161	0	52	2021-09-20T04:41:32
2.62177	-49.81360	0	52	2021-09-20T04:46:33
2.62232	-49.81570	0	52	2021-09-20T04:51:32
2.62278	-49.81796	0	52	2021-09-20T04:56:33
2.62283	-49.82078	0	52	2021-09-20T05:01:31
2.62274	-49.82396	0	52	2021-09-20T05:06:31
2.62257	-49.82739	0	52	2021-09-20T05:11:30
2.62214	-49.83131	0	52	2021-09-20T05:16:57
2.62124	-49.83560	0	52	2021-09-20T05:21:57
2.62024	-49.83926	0	52	2021-09-20T05:26:31
2.61888	-49.84329	0	52	2021-09-20T05:31:28
2.61739	-49.84723	0	52	2021-09-20T05:36:29
2.61573	-49.85129	0	52	2021-09-20T05:41:27
2.61394	-49.85538	0	52	2021-09-20T05:46:27
2.61207	-49.85941	0	52	2021-09-20T05:51:24
2.60996	-49.86348	0	52	2021-09-20T05:56:25
2.60790	-49.86751	0	52	2021-09-20T06:01:25
2.60584	-49.87189	0	52	2021-09-20T06:06:24
2.60393	-49.87717	0	52	2021-09-20T06:11:23
2.60177	-49.88236	0	52	2021-09-20T06:16:55
2.59928	-49.88794	0	52	2021-09-20T06:21:54
2.59731	-49.89264	0	52	2021-09-20T06:26:23
2.59485	-49.89783	0	52	2021-09-20T06:31:20
2.59237	-49.90289	0	52	2021-09-20T06:36:21
2.58989	-49.90833	0	52	2021-09-20T06:41:21
2.58723	-49.91360	0	52	2021-09-20T06:46:15
2.58449	-49.91867	0	52	2021-09-20T06:51:12
2.58204	-49.92416	0	52	2021-09-20T06:56:13
2.57937	-49.93008	0	52	2021-09-20T07:01:13
2.57667	-49.93600	0	52	2021-09-20T07:06:13
2.57376	-49.94202	0	52	2021-09-20T07:11:14
2.57073	-49.94806	0	52	2021-09-20T07:16:16
2.56731	-49.95502	0	52	2021-09-20T07:21:55
2.56471	-49.96065	0	52	2021-09-20T07:26:13
2.56158	-49.96674	0	52	2021-09-20T07:31:13
2.55813	-49.97293	0	52	2021-09-20T07:36:12
2.55473	-49.97925	0	52	2021-09-20T07:41:13
2.55142	-49.98588	0	52	2021-09-20T07:46:10
2.54807	-49.99240	0	52	2021-09-20T07:51:10
2.54463	-49.99878	0	52	2021-09-20T07:56:08
2.54116	-50.00534	0	52	2021-09-20T08:01:09
2.53746	-50.01184	0	52	2021-09-20T08:06:08
2.53377	-50.01828	0	52	2021-09-20T08:11:07
2.53008	-50.02463	0	52	2021-09-20T08:16:07
2.52616	-50.03131	0	52	2021-09-20T08:21:27
2.52268	-50.03696	0	52	2021-09-20T08:26:06
2.51892	-50.04303	0	52	2021-09-20T08:31:05
2.51516	-50.04901	0	52	2021-09-20T08:36:06
2.51141	-50.05487	0	52	2021-09-20T08:41:03
2.50414	-50.06607	0	52	2021-09-20T08:51:04
2.50057	-50.07145	0	52	2021-09-20T08:56:02
2.49714	-50.07669	0	52	2021-09-20T09:01:03
2.49368	-50.08192	0	52	2021-09-20T09:06:03
2.49033	-50.08698	0	52	2021-09-20T09:11:02
2.48697	-50.09198	0	52	2021-09-20T09:16:04
2.48337	-50.09702	0	52	2021-09-20T09:21:05
2.48032	-50.10123	0	52	2021-09-20T09:26:04
2.47687	-50.10562	0	52	2021-09-20T09:31:05
2.47352	-50.10983	0	52	2021-09-20T09:36:05
2.47018	-50.11392	0	52	2021-09-20T09:41:06
2.46682	-50.11749	0	52	2021-09-20T09:46:08
2.46360	-50.12097	0	52	2021-09-20T09:51:08
2.46052	-50.12421	0	52	2021-09-20T09:56:12
2.45756	-50.12704	0	52	2021-09-20T10:01:12
2.45471	-50.12961	0	52	2021-09-20T10:06:14
2.45224	-50.13181	0	52	2021-09-20T10:11:16
2.45020	-50.13376	0	52	2021-09-20T10:16:17
2.44814	-50.13570	0	52	2021-09-20T10:21:14
2.44685	-50.13690	0	52	2021-09-20T10:26:14
2.44558	-50.13806	0	52	2021-09-20T10:31:17
2.44461	-50.13892	0	52	2021-09-20T10:36:12
2.44392	-50.13943	0	52	2021-09-20T10:41:13
2.44345	-50.13968	0	52	2021-09-20T10:46:14
2.44311	-50.14032	0	52	2021-09-20T10:51:15
2.44307	-50.14035	0	52	2021-09-20T10:56:12
2.44311	-50.14035	0	52	2021-09-20T11:01:12
2.44345	-50.14035	0	52	2021-09-20T11:06:13
2.44400	-50.14001	0	52	2021-09-20T11:11:14
2.44479	-50.13944	0	52	2021-09-20T11:16:38
2.44586	-50.13867	0	52	2021-09-20T11:21:39
2.44688	-50.13797	0	52	2021-09-20T11:26:13
2.44815	-50.13718	0	52	2021-09-20T11:31:17
2.44961	-50.13627	0	52	2021-09-20T11:36:14
2.45137	-50.13507	0	52	2021-09-20T11:41:15
2.45317	-50.13373	0	52	2021-09-20T11:46:20
2.45512	-50.13223	0	52	2021-09-20T11:51:23
2.45731	-50.13055	0	52	2021-09-20T11:56:18
2.45970	-50.12866	0	52	2021-09-20T12:01:21
2.46227	-50.12656	0	52	2021-09-20T12:06:23
2.46497	-50.12436	0	52	2021-09-20T12:11:23
2.46792	-50.12201	0	52	2021-09-20T12:16:21
2.47134	-50.11951	0	52	2021-09-20T12:21:57
2.47416	-50.11743	0	52	2021-09-20T12:26:22
2.47767	-50.11490	0	52	2021-09-20T12:31:24
2.48143	-50.11230	0	52	2021-09-20T12:36:21
2.48542	-50.10947	0	52	2021-09-20T12:41:21
2.48947	-50.10669	0	52	2021-09-20T12:46:22
2.49367	-50.10388	0	52	2021-09-20T12:51:20
2.49799	-50.10107	0	52	2021-09-20T12:56:21
2.50229	-50.09833	0	52	2021-09-20T13:01:20
2.50676	-50.09561	0	52	2021-09-20T13:06:22
2.51131	-50.09284	0	52	2021-09-20T13:11:20
2.51607	-50.09009	0	52	2021-09-20T13:16:20
2.52139	-50.08694	0	52	2021-09-20T13:21:54
2.52574	-50.08438	0	52	2021-09-20T13:26:22
2.53058	-50.08143	0	52	2021-09-20T13:31:18
2.53552	-50.07843	0	52	2021-09-20T13:36:18
2.54050	-50.07535	0	52	2021-09-20T13:41:15
2.54549	-50.07233	0	52	2021-09-20T13:46:16
2.55052	-50.06916	0	52	2021-09-20T13:51:14
2.55558	-50.06616	0	52	2021-09-20T13:56:15
2.56065	-50.06314	0	52	2021-09-20T14:01:13
2.56578	-50.06012	0	52	2021-09-20T14:06:14
2.57098	-50.05714	0	52	2021-09-20T14:11:14
2.57617	-50.05405	0	52	2021-09-20T14:16:15
2.58177	-50.05087	0	52	2021-09-20T14:21:38
2.58662	-50.04805	0	52	2021-09-20T14:26:16
2.59181	-50.04522	0	52	2021-09-20T14:31:16
2.59696	-50.04239	0	52	2021-09-20T14:36:15
2.60214	-50.03949	0	52	2021-09-20T14:41:18
2.60730	-50.03666	0	52	2021-09-20T14:46:17
2.61236	-50.03391	0	52	2021-09-20T14:51:17
2.61737	-50.03119	0	52	2021-09-20T14:56:13
2.62240	-50.02847	0	52	2021-09-20T15:01:17
2.62733	-50.02582	0	52	2021-09-20T15:06:16
2.63222	-50.02312	0	52	2021-09-20T15:11:15
2.63707	-50.02063	0	52	2021-09-20T15:16:14
2.64220	-50.01816	0	52	2021-09-20T15:21:37
2.64665	-50.01587	0	52	2021-09-20T15:26:15
2.65137	-50.01349	0	52	2021-09-20T15:31:15
2.65599	-50.01117	0	52	2021-09-20T15:36:13
2.66050	-50.00886	0	52	2021-09-20T15:41:20
2.66488	-50.00671	0	52	2021-09-20T15:46:19
2.66910	-50.00467	0	52	2021-09-20T15:51:19
2.67311	-50.00284	0	52	2021-09-20T15:56:19
2.67702	-50.00102	0	52	2021-09-20T16:01:22
2.68054	-49.99948	0	52	2021-09-20T16:06:22
2.68393	-49.99802	0	52	2021-09-20T16:11:23
2.68705	-49.99670	0	52	2021-09-20T16:16:21
2.69027	-49.99537	0	52	2021-09-20T16:21:21
2.69263	-49.99451	0	52	2021-09-20T16:26:21
2.69509	-49.99368	0	52	2021-09-20T16:31:22
2.69735	-49.99307	0	52	2021-09-20T16:36:22
2.69939	-49.99257	0	52	2021-09-20T16:41:21
2.70119	-49.99240	0	52	2021-09-20T16:46:21
2.70277	-49.99228	0	52	2021-09-20T16:51:22
2.70407	-49.99234	0	52	2021-09-20T16:56:22
2.70524	-49.99268	0	52	2021-09-20T17:01:20
2.70608	-49.99295	0	52	2021-09-20T17:06:24
2.70679	-49.99362	0	52	2021-09-20T17:11:21
2.70727	-49.99442	0	52	2021-09-20T17:16:19
2.70759	-49.99561	0	52	2021-09-20T17:21:18
2.70768	-49.99664	0	52	2021-09-20T17:26:17
2.70761	-49.99802	0	52	2021-09-20T17:31:17
2.70741	-49.99954	0	52	2021-09-20T17:36:15
2.70698	-50.00133	0	52	2021-09-20T17:41:18
2.70647	-50.00322	0	52	2021-09-20T17:46:17
2.70578	-50.00528	0	52	2021-09-20T17:51:17
2.70496	-50.00757	0	52	2021-09-20T17:56:15
2.70396	-50.01021	0	52	2021-09-20T18:01:18
2.70285	-50.01273	0	52	2021-09-20T18:06:18
2.70160	-50.01553	0	52	2021-09-20T18:11:17
2.70021	-50.01852	0	52	2021-09-20T18:16:16
2.69842	-50.02209	0	52	2021-09-20T18:21:57
2.69690	-50.02507	0	52	2021-09-20T18:26:18
2.69505	-50.02850	0	52	2021-09-20T18:31:17
2.69308	-50.03220	0	52	2021-09-20T18:36:17
2.69094	-50.03610	0	52	2021-09-20T18:41:18
2.68870	-50.04010	0	52	2021-09-20T18:46:17
2.68636	-50.04425	0	52	2021-09-20T18:51:15
2.68383	-50.04858	0	52	2021-09-20T18:56:16
2.68115	-50.05316	0	52	2021-09-20T19:01:17
2.67834	-50.05780	0	52	2021-09-20T19:06:15
2.67531	-50.06278	0	52	2021-09-20T19:11:57
2.67218	-50.06767	0	52	2021-09-20T19:16:58
2.66853	-50.07333	0	52	2021-09-20T19:21:58
2.66561	-50.07788	0	52	2021-09-20T19:26:18
2.66208	-50.08329	0	52	2021-09-20T19:31:19
2.65848	-50.08887	0	52	2021-09-20T19:36:19
2.65465	-50.09448	0	52	2021-09-20T19:41:21
2.65066	-50.10010	0	52	2021-09-20T19:46:20
2.64645	-50.10577	0	52	2021-09-20T19:51:19
2.64229	-50.11118	0	52	2021-09-20T19:56:19
2.63785	-50.11655	0	52	2021-09-20T20:01:20
2.63330	-50.12182	0	52	2021-09-20T20:06:17
2.62879	-50.12663	0	52	2021-09-20T20:11:18
2.62437	-50.13144	0	52	2021-09-20T20:16:18
2.61933	-50.13660	0	52	2021-09-20T20:21:54
2.61549	-50.14023	0	52	2021-09-20T20:26:16
2.61117	-50.14417	0	52	2021-09-20T20:31:18
2.60684	-50.14797	0	52	2021-09-20T20:36:18
2.60289	-50.15140	0	52	2021-09-20T20:41:18
2.59536	-50.15741	0	52	2021-09-20T20:51:14
2.59167	-50.16022	0	52	2021-09-20T20:56:14
2.58785	-50.16290	0	52	2021-09-20T21:01:15
2.58403	-50.16553	0	52	2021-09-20T21:06:12
2.57662	-50.17084	0	52	2021-09-20T21:16:09
2.57256	-50.17386	0	52	2021-09-20T21:21:13
2.56926	-50.17609	0	52	2021-09-20T21:26:12
2.56574	-50.17841	0	52	2021-09-20T21:31:12
2.56227	-50.18074	0	52	2021-09-20T21:36:12
2.55892	-50.18280	0	52	2021-09-20T21:41:11
2.55566	-50.18472	0	52	2021-09-20T21:46:10
2.55234	-50.18646	0	52	2021-09-20T21:51:11
2.54602	-50.18954	0	52	2021-09-20T22:01:09
2.54304	-50.19077	0	52	2021-09-20T22:06:07
2.54025	-50.19180	0	52	2021-09-20T22:11:07
2.53752	-50.19266	0	52	2021-09-20T22:16:05
2.53459	-50.19361	0	52	2021-09-20T22:21:01
2.53223	-50.19412	0	52	2021-09-20T22:26:02
2.52987	-50.19455	0	52	2021-09-20T22:31:02
2.52768	-50.19489	0	52	2021-09-20T22:36:03
2.52567	-50.19504	0	52	2021-09-20T22:41:05
2.52408	-50.19504	0	52	2021-09-20T22:46:06
2.52286	-50.19492	0	52	2021-09-20T22:51:03
2.52205	-50.19470	0	52	2021-09-20T22:56:02
2.52140	-50.19437	0	52	2021-09-20T23:00:57
2.52106	-50.19403	0	52	2021-09-20T23:05:58
2.52093	-50.19360	0	52	2021-09-20T23:10:58
2.52087	-50.19312	0	52	2021-09-20T23:15:58
2.52096	-50.19234	0	52	2021-09-20T23:20:55
2.52113	-50.19183	0	52	2021-09-20T23:25:54
2.52147	-50.19116	0	52	2021-09-20T23:30:54
2.52197	-50.19037	0	52	2021-09-20T23:35:54
2.52266	-50.18933	0	52	2021-09-20T23:40:58
2.52352	-50.18830	0	52	2021-09-20T23:45:57
2.52455	-50.18710	0	52	2021-09-20T23:50:58
2.52583	-50.18576	0	52	2021-09-20T23:55:57
2.52735	-50.18422	0	52	2021-09-21T00:01:00
2.52915	-50.18259	0	52	2021-09-21T00:06:00
2.53116	-50.18079	0	52	2021-09-21T00:11:01
2.53332	-50.17883	0	52	2021-09-21T00:15:59
2.53579	-50.17657	0	52	2021-09-21T00:21:27
2.54050	-50.17227	0	52	2021-09-21T00:30:57
2.54318	-50.16985	0	52	2021-09-21T00:35:57
2.54588	-50.16745	0	52	2021-09-21T00:40:57
2.54876	-50.16486	0	52	2021-09-21T00:45:58
2.55176	-50.16223	0	52	2021-09-21T00:50:56
2.55487	-50.15958	0	52	2021-09-21T00:55:53
2.55811	-50.15695	0	52	2021-09-21T01:00:54
2.56150	-50.15436	0	52	2021-09-21T01:05:52
2.56504	-50.15149	0	52	2021-09-21T01:10:53
2.56869	-50.14861	0	52	2021-09-21T01:16:28
2.57285	-50.14526	0	52	2021-09-21T01:21:28
2.57626	-50.14264	0	52	2021-09-21T01:25:51
2.58015	-50.13966	0	52	2021-09-21T01:30:48
2.58406	-50.13666	0	52	2021-09-21T01:35:48
2.58808	-50.13354	0	52	2021-09-21T01:40:48
2.59226	-50.13028	0	52	2021-09-21T01:45:49
2.59652	-50.12714	0	52	2021-09-21T01:50:47
2.60081	-50.12396	0	52	2021-09-21T01:55:48
2.60532	-50.12070	0	52	2021-09-21T02:00:48
2.60988	-50.11737	0	52	2021-09-21T02:05:46
2.61449	-50.11401	0	52	2021-09-21T02:10:47
2.61917	-50.11063	0	52	2021-09-21T02:15:46
2.62418	-50.10690	0	52	2021-09-21T02:21:08
2.62855	-50.10367	0	52	2021-09-21T02:25:49
2.63337	-50.10007	0	52	2021-09-21T02:30:50
2.63821	-50.09677	0	52	2021-09-21T02:35:48
2.64311	-50.09329	0	52	2021-09-21T02:40:49
2.64792	-50.08984	0	52	2021-09-21T02:45:46
2.65766	-50.08279	0	52	2021-09-21T02:55:44
2.66256	-50.07917	0	52	2021-09-21T03:00:39
2.66732	-50.07565	0	52	2021-09-21T03:05:38
2.67217	-50.07196	0	52	2021-09-21T03:10:38
2.67697	-50.06830	0	52	2021-09-21T03:15:39
2.68198	-50.06454	0	52	2021-09-21T03:20:59
2.68630	-50.06119	0	52	2021-09-21T03:25:41
2.69078	-50.05768	0	52	2021-09-21T03:30:41
2.69514	-50.05411	0	52	2021-09-21T03:35:38
2.69966	-50.05066	0	52	2021-09-21T03:40:40
2.70395	-50.04733	0	52	2021-09-21T03:45:40
2.70831	-50.04407	0	52	2021-09-21T03:50:40
2.71246	-50.04089	0	52	2021-09-21T03:55:38
2.71663	-50.03766	0	52	2021-09-21T04:00:43
2.72046	-50.03460	0	52	2021-09-21T04:05:40
2.72411	-50.03177	0	52	2021-09-21T04:10:40
2.72760	-50.02902	0	52	2021-09-21T04:15:41
2.73098	-50.02637	0	52	2021-09-21T04:20:58
2.73386	-50.02423	0	52	2021-09-21T04:25:38
2.73668	-50.02209	0	52	2021-09-21T04:30:39
2.73930	-50.02020	0	52	2021-09-21T04:35:37
2.74170	-50.01849	0	52	2021-09-21T04:40:38
2.74391	-50.01699	0	52	2021-09-21T04:45:35
2.74584	-50.01587	0	52	2021-09-21T04:50:35
2.74760	-50.01486	0	52	2021-09-21T04:55:36
2.74920	-50.01415	0	52	2021-09-21T05:00:40
2.75057	-50.01372	0	52	2021-09-21T05:05:39
2.75177	-50.01346	0	52	2021-09-21T05:10:39
2.75271	-50.01340	0	52	2021-09-21T05:15:39
2.75354	-50.01339	0	52	2021-09-21T05:20:41
2.75388	-50.01356	0	52	2021-09-21T05:25:42
2.75405	-50.01382	0	52	2021-09-21T05:30:42
2.75398	-50.01437	0	52	2021-09-21T05:35:40
2.75365	-50.01516	0	52	2021-09-21T05:40:40
2.75314	-50.01602	0	52	2021-09-21T05:45:40
2.75244	-50.01706	0	52	2021-09-21T05:50:42
2.75157	-50.01831	0	52	2021-09-21T05:55:43
2.75067	-50.01960	0	52	2021-09-21T06:00:43
2.74951	-50.02106	0	52	2021-09-21T06:05:42
2.74819	-50.02276	0	52	2021-09-21T06:10:39
2.74665	-50.02448	0	52	2021-09-21T06:15:39
2.74466	-50.02658	0	52	2021-09-21T06:21:07
2.74298	-50.02853	0	52	2021-09-21T06:25:40
2.74100	-50.03087	0	52	2021-09-21T06:30:40
2.73885	-50.03336	0	52	2021-09-21T06:35:39
2.73655	-50.03610	0	52	2021-09-21T06:40:42
2.73412	-50.03900	0	52	2021-09-21T06:45:40
2.73149	-50.04211	0	52	2021-09-21T06:50:41
2.72875	-50.04538	0	52	2021-09-21T06:55:42
2.72591	-50.04880	0	52	2021-09-21T07:00:41
2.72298	-50.05237	0	52	2021-09-21T07:05:42
2.71993	-50.05615	0	52	2021-09-21T07:10:56
2.71684	-50.05997	0	52	2021-09-21T07:15:41
2.71358	-50.06430	0	52	2021-09-21T07:20:57
2.71045	-50.06836	0	52	2021-09-21T07:25:39
2.70696	-50.07275	0	52	2021-09-21T07:30:41
2.70326	-50.07734	0	52	2021-09-21T07:35:40
2.69961	-50.08206	0	52	2021-09-21T07:40:39
2.69581	-50.08676	0	52	2021-09-21T07:45:39
2.69177	-50.09169	0	52	2021-09-21T07:50:42
2.68769	-50.09675	0	52	2021-09-21T07:55:41
2.68340	-50.10190	0	52	2021-09-21T08:00:41
2.67898	-50.10709	0	52	2021-09-21T08:05:42
2.67439	-50.11217	0	52	2021-09-21T08:10:55
2.66980	-50.11680	0	52	2021-09-21T08:15:55
2.66499	-50.12109	0	52	2021-09-21T08:20:56
2.66079	-50.12457	0	52	2021-09-21T08:25:38
2.65637	-50.12817	0	52	2021-09-21T08:30:37
2.65203	-50.13162	0	52	2021-09-21T08:35:35
2.64765	-50.13497	0	52	2021-09-21T08:40:35
2.64319	-50.13840	0	52	2021-09-21T08:45:34
2.63866	-50.14185	0	52	2021-09-21T08:50:31
2.63439	-50.14536	0	52	2021-09-21T08:55:30
2.63024	-50.14896	0	52	2021-09-21T09:00:31
2.62609	-50.15247	0	52	2021-09-21T09:05:30
2.62228	-50.15554	0	52	2021-09-21T09:10:58
2.61909	-50.15823	0	52	2021-09-21T09:15:31
2.61554	-50.16095	0	52	2021-09-21T09:20:59
2.61227	-50.16330	0	52	2021-09-21T09:25:28
2.60879	-50.16562	0	52	2021-09-21T09:30:27
2.60530	-50.16782	0	52	2021-09-21T09:35:31
2.60187	-50.17002	0	52	2021-09-21T09:40:27
2.59861	-50.17191	0	52	2021-09-21T09:45:27
2.59552	-50.17380	0	52	2021-09-21T09:50:26
2.59223	-50.17566	0	52	2021-09-21T09:55:27
2.58894	-50.17749	0	52	2021-09-21T10:00:27
2.58582	-50.17911	0	52	2021-09-21T10:05:25
2.58290	-50.18048	0	52	2021-09-21T10:10:25
2.58001	-50.18176	0	52	2021-09-21T10:15:27
2.57689	-50.18304	0	52	2021-09-21T10:20:31
2.57444	-50.18398	0	52	2021-09-21T10:25:32
2.57191	-50.18475	0	52	2021-09-21T10:30:32
2.56941	-50.18533	0	52	2021-09-21T10:35:30
2.56710	-50.18573	0	52	2021-09-21T10:40:33
2.56500	-50.18597	0	52	2021-09-21T10:45:35
2.56311	-50.18622	0	52	2021-09-21T10:50:32
2.56134	-50.18625	0	52	2021-09-21T10:55:31
2.55970	-50.18602	0	52	2021-09-21T11:00:33
2.55828	-50.18576	0	52	2021-09-21T11:05:33
2.55734	-50.18533	0	52	2021-09-21T11:10:32
2.55675	-50.18484	0	52	2021-09-21T11:15:32
2.55628	-50.18420	0	52	2021-09-21T11:20:56
2.55613	-50.18356	0	52	2021-09-21T11:25:31
2.55613	-50.18283	0	52	2021-09-21T11:30:34
2.55627	-50.18204	0	52	2021-09-21T11:35:32
2.55652	-50.18115	0	52	2021-09-21T11:40:33
2.55691	-50.18010	0	52	2021-09-21T11:45:34
2.55735	-50.17892	0	52	2021-09-21T11:50:34
2.55807	-50.17770	0	52	2021-09-21T11:55:34
2.55900	-50.17642	0	52	2021-09-21T12:00:40
2.56002	-50.17517	0	52	2021-09-21T12:05:36
2.56121	-50.17383	0	52	2021-09-21T12:10:38
2.56257	-50.17249	0	52	2021-09-21T12:15:38
2.56414	-50.17108	0	52	2021-09-21T12:20:55
2.56574	-50.16974	0	52	2021-09-21T12:25:39
2.56755	-50.16824	0	52	2021-09-21T12:30:40
2.56948	-50.16672	0	52	2021-09-21T12:35:38
2.57157	-50.16510	0	52	2021-09-21T12:40:40
2.57382	-50.16339	0	52	2021-09-21T12:45:39
2.57630	-50.16153	0	52	2021-09-21T12:50:41
2.57898	-50.15955	0	52	2021-09-21T12:55:39
2.58182	-50.15747	0	52	2021-09-21T13:00:41
2.58480	-50.15536	0	52	2021-09-21T13:05:43
2.58785	-50.15326	0	52	2021-09-21T13:10:40
2.59107	-50.15111	0	52	2021-09-21T13:15:56
2.59472	-50.14862	0	52	2021-09-21T13:20:56
2.59797	-50.14633	0	52	2021-09-21T13:25:42
2.60159	-50.14389	0	52	2021-09-21T13:30:40
2.60543	-50.14130	0	52	2021-09-21T13:35:37
2.60916	-50.13907	0	52	2021-09-21T13:40:38
2.61308	-50.13666	0	52	2021-09-21T13:45:39
2.61695	-50.13415	0	52	2021-09-21T13:50:40
2.62090	-50.13166	0	52	2021-09-21T13:55:40
2.62511	-50.12909	0	52	2021-09-21T14:00:41
2.62947	-50.12625	0	52	2021-09-21T14:05:38
2.63396	-50.12326	0	52	2021-09-21T14:10:40
2.63855	-50.12018	0	52	2021-09-21T14:15:40
2.64369	-50.11672	0	52	2021-09-21T14:20:40
2.64798	-50.11389	0	52	2021-09-21T14:25:39
2.65276	-50.11072	0	52	2021-09-21T14:30:42
2.65759	-50.10747	0	52	2021-09-21T14:35:43
2.66257	-50.10421	0	52	2021-09-21T14:40:43
2.66759	-50.10086	0	52	2021-09-21T14:45:42
2.67764	-50.09403	0	52	2021-09-21T14:55:46
2.68271	-50.09061	0	52	2021-09-21T15:00:47
2.68777	-50.08725	0	52	2021-09-21T15:05:45
2.69276	-50.08377	0	52	2021-09-21T15:10:46
2.69784	-50.08029	0	52	2021-09-21T15:15:47
2.70328	-50.07653	0	52	2021-09-21T15:20:47
2.70800	-50.07327	0	52	2021-09-21T15:25:47
2.71311	-50.06992	0	52	2021-09-21T15:30:46
2.71830	-50.06651	0	52	2021-09-21T15:35:46
2.72341	-50.06308	0	52	2021-09-21T15:40:47
2.72843	-50.05967	0	52	2021-09-21T15:45:47
2.73337	-50.05624	0	52	2021-09-21T15:50:47
2.73828	-50.05283	0	52	2021-09-21T15:55:45
2.74318	-50.04953	0	52	2021-09-21T16:00:46
2.74790	-50.04615	0	52	2021-09-21T16:05:47
2.75228	-50.04297	0	52	2021-09-21T16:10:47
2.75627	-50.03967	0	52	2021-09-21T16:15:45
2.76069	-50.03589	0	52	2021-09-21T16:21:29
2.76396	-50.03318	0	52	2021-09-21T16:25:47
2.76748	-50.03018	0	52	2021-09-21T16:30:48
2.77088	-50.02734	0	52	2021-09-21T16:35:49
2.77390	-50.02466	0	52	2021-09-21T16:40:48
2.77670	-50.02228	0	52	2021-09-21T16:45:46
2.77905	-50.02008	0	52	2021-09-21T16:50:46
2.78112	-50.01810	0	52	2021-09-21T16:55:43
2.78297	-50.01639	0	52	2021-09-21T17:00:44
2.78476	-50.01496	0	52	2021-09-21T17:05:42
2.78635	-50.01376	0	52	2021-09-21T17:10:42
2.78767	-50.01279	0	52	2021-09-21T17:15:40
2.78879	-50.01196	0	52	2021-09-21T17:20:56
2.78956	-50.01135	0	52	2021-09-21T17:25:39
2.79022	-50.01083	0	52	2021-09-21T17:30:42
2.79067	-50.01056	0	52	2021-09-21T17:35:40
2.79094	-50.01047	0	52	2021-09-21T17:40:39
2.79103	-50.01059	0	52	2021-09-21T17:45:38
2.79097	-50.01083	0	52	2021-09-21T17:50:37
2.79063	-50.01126	0	52	2021-09-21T17:55:38
2.79006	-50.01179	0	52	2021-09-21T18:00:39
2.78933	-50.01248	0	52	2021-09-21T18:05:38
2.78844	-50.01334	0	52	2021-09-21T18:10:37
2.78327	-50.01816	0	52	2021-09-21T18:30:38
2.78158	-50.01968	0	52	2021-09-21T18:35:39
2.77972	-50.02133	0	52	2021-09-21T18:40:39
2.77777	-50.02319	0	52	2021-09-21T18:45:40
2.77574	-50.02518	0	52	2021-09-21T18:50:40
2.77352	-50.02737	0	52	2021-09-21T18:55:42
2.77120	-50.02969	0	52	2021-09-21T19:00:42
2.76878	-50.03226	0	52	2021-09-21T19:05:40
2.76616	-50.03497	0	52	2021-09-21T19:10:40
2.76336	-50.03788	0	52	2021-09-21T19:16:09
2.76014	-50.04114	0	52	2021-09-21T19:21:09
2.75733	-50.04398	0	52	2021-09-21T19:25:40
2.75412	-50.04724	0	52	2021-09-21T19:30:37
2.75074	-50.05072	0	52	2021-09-21T19:35:40
2.74723	-50.05435	0	52	2021-09-21T19:40:38
2.74363	-50.05804	0	52	2021-09-21T19:45:38
2.73981	-50.06192	0	52	2021-09-21T19:50:38
2.73581	-50.06598	0	52	2021-09-21T19:55:40
2.73169	-50.07010	0	52	2021-09-21T20:00:40
2.72757	-50.07431	0	52	2021-09-21T20:05:39
2.72318	-50.07868	0	52	2021-09-21T20:10:58
2.71872	-50.08314	0	52	2021-09-21T20:15:58
2.71378	-50.08786	0	52	2021-09-21T20:20:57
2.70929	-50.09229	0	52	2021-09-21T20:25:39
2.70451	-50.09705	0	52	2021-09-21T20:30:39
2.69979	-50.10162	0	52	2021-09-21T20:35:40
2.69516	-50.10611	0	52	2021-09-21T20:40:43
2.69061	-50.11014	0	52	2021-09-21T20:45:42
2.68591	-50.11407	0	52	2021-09-21T20:50:46
2.68104	-50.11804	0	52	2021-09-21T20:55:48
2.67613	-50.12201	0	52	2021-09-21T21:00:48
2.67130	-50.12589	0	52	2021-09-21T21:05:51
2.66666	-50.12964	0	52	2021-09-21T21:10:49
2.66201	-50.13327	0	52	2021-09-21T21:15:51
2.65692	-50.13715	0	52	2021-09-21T21:21:27
2.65305	-50.14005	0	52	2021-09-21T21:25:52
2.64893	-50.14297	0	52	2021-09-21T21:30:52
2.64477	-50.14587	0	52	2021-09-21T21:35:53
2.64072	-50.14868	0	52	2021-09-21T21:40:51
2.63666	-50.15144	0	52	2021-09-21T21:45:52
2.63286	-50.15390	0	52	2021-09-21T21:50:51
2.62924	-50.15616	0	52	2021-09-21T21:55:52
2.62584	-50.15826	0	52	2021-09-21T22:00:50
2.62266	-50.16022	0	52	2021-09-21T22:05:52
2.61970	-50.16202	0	52	2021-09-21T22:10:52
2.61682	-50.16391	0	52	2021-09-21T22:15:53
2.61366	-50.16592	0	52	2021-09-21T22:21:25
2.61110	-50.16750	0	52	2021-09-21T22:25:54
2.60831	-50.16904	0	52	2021-09-21T22:30:54
2.60557	-50.17056	0	52	2021-09-21T22:35:59
2.60291	-50.17184	0	52	2021-09-21T22:40:57
2.60043	-50.17307	0	52	2021-09-21T22:45:58
2.59798	-50.17419	0	52	2021-09-21T22:50:58
2.59577	-50.17517	0	52	2021-09-21T22:55:56
2.59381	-50.17609	0	52	2021-09-21T23:00:53
2.59204	-50.17698	0	52	2021-09-21T23:05:56
2.59062	-50.17749	0	52	2021-09-21T23:10:55
2.58933	-50.17792	0	52	2021-09-21T23:15:55
2.58830	-50.17795	0	52	2021-09-21T23:21:27
2.58751	-50.17789	0	52	2021-09-21T23:25:56
2.58690	-50.17755	0	52	2021-09-21T23:30:54
2.58663	-50.17712	0	52	2021-09-21T23:35:55
2.58667	-50.17654	0	52	2021-09-21T23:40:56
2.58689	-50.17593	0	52	2021-09-21T23:45:53
2.58734	-50.17532	0	52	2021-09-21T23:50:54
2.58799	-50.17471	0	52	2021-09-21T23:55:53
2.58877	-50.17404	0	52	2021-09-22T00:00:54
2.58966	-50.17334	0	52	2021-09-22T00:05:51
2.59079	-50.17258	0	52	2021-09-22T00:10:50
2.59210	-50.17172	0	52	2021-09-22T00:15:51
2.59372	-50.17081	0	52	2021-09-22T00:21:26
2.59513	-50.16989	0	52	2021-09-22T00:25:47
2.59686	-50.16885	0	52	2021-09-22T00:30:48
2.59870	-50.16769	0	52	2021-09-22T00:35:45
2.60067	-50.16656	0	52	2021-09-22T00:40:46
2.60277	-50.16537	0	52	2021-09-22T00:45:44
2.60497	-50.16422	0	52	2021-09-22T00:50:45
2.60732	-50.16293	0	52	2021-09-22T00:55:45
2.60979	-50.16159	0	52	2021-09-22T01:00:46
2.61236	-50.16016	0	52	2021-09-22T01:05:44
2.61507	-50.15863	0	52	2021-09-22T01:10:45
2.61793	-50.15697	0	52	2021-09-22T01:15:45
2.62120	-50.15518	0	52	2021-09-22T01:21:25
2.62385	-50.15363	0	52	2021-09-22T01:25:44
2.62701	-50.15182	0	52	2021-09-22T01:30:46
2.63029	-50.14969	0	52	2021-09-22T01:35:41
2.63359	-50.14763	0	52	2021-09-22T01:40:42
2.63698	-50.14548	0	52	2021-09-22T01:45:42
2.64055	-50.14316	0	52	2021-09-22T01:50:47
2.64410	-50.14080	0	52	2021-09-22T01:55:47
2.64783	-50.13840	0	52	2021-09-22T02:00:46
2.65174	-50.13593	0	52	2021-09-22T02:05:45
2.65566	-50.13348	0	52	2021-09-22T02:10:47
2.65962	-50.13093	0	52	2021-09-22T02:16:26
2.66421	-50.12784	0	52	2021-09-22T02:21:27
2.66794	-50.12543	0	52	2021-09-22T02:25:49
2.67228	-50.12262	0	52	2021-09-22T02:30:49
2.67673	-50.11966	0	52	2021-09-22T02:35:47
2.68122	-50.11670	0	52	2021-09-22T02:40:49
2.68580	-50.11368	0	52	2021-09-22T02:45:53
2.69039	-50.11064	0	52	2021-09-22T02:50:53
2.69502	-50.10764	0	52	2021-09-22T02:55:53
2.69965	-50.10464	0	52	2021-09-22T03:00:52
2.70442	-50.10157	0	52	2021-09-22T03:05:55
2.70918	-50.09857	0	52	2021-09-22T03:10:54
2.71366	-50.09570	0	52	2021-09-22T03:15:57
2.71811	-50.09262	0	52	2021-09-22T03:21:26
2.72167	-50.08997	0	52	2021-09-22T03:25:56
2.72555	-50.08704	0	52	2021-09-22T03:30:52
2.72941	-50.08395	0	52	2021-09-22T03:35:52
2.73349	-50.08093	0	52	2021-09-22T03:40:51
2.73740	-50.07797	0	52	2021-09-22T03:45:52
2.74139	-50.07526	0	52	2021-09-22T03:50:51
2.74512	-50.07251	0	52	2021-09-22T03:55:50
2.74896	-50.06973	0	52	2021-09-22T04:00:55
2.75269	-50.06704	0	52	2021-09-22T04:05:54
2.75628	-50.06451	0	52	2021-09-22T04:10:52
2.75994	-50.06198	0	52	2021-09-22T04:15:53
2.76386	-50.05939	0	52	2021-09-22T04:21:25
2.76706	-50.05743	0	52	2021-09-22T04:25:51
2.77055	-50.05530	0	52	2021-09-22T04:30:52
2.77387	-50.05328	0	52	2021-09-22T04:35:49
2.77700	-50.05142	0	52	2021-09-22T04:40:50
2.77988	-50.04951	0	52	2021-09-22T04:45:46
2.78250	-50.04771	0	52	2021-09-22T04:50:46
2.78477	-50.04599	0	52	2021-09-22T04:55:45
2.78683	-50.04431	0	52	2021-09-22T05:00:46
2.78865	-50.04285	0	52	2021-09-22T05:05:43
2.79027	-50.04144	0	52	2021-09-22T05:10:40
2.79170	-50.04010	0	52	2021-09-22T05:15:40
2.79299	-50.03879	0	52	2021-09-22T05:20:56
2.79396	-50.03787	0	52	2021-09-22T05:25:38
2.79476	-50.03688	0	52	2021-09-22T05:30:38
2.79532	-50.03619	0	52	2021-09-22T05:35:38
2.79567	-50.03558	0	52	2021-09-22T05:40:36
2.79574	-50.03502	0	52	2021-09-22T05:45:41
2.79561	-50.03476	0	52	2021-09-22T05:50:41
2.79525	-50.03445	0	52	2021-09-22T05:55:39
2.79462	-50.03427	0	52	2021-09-22T06:00:40
2.79380	-50.03427	0	52	2021-09-22T06:05:41
2.79280	-50.03445	0	52	2021-09-22T06:10:41
2.79163	-50.03496	0	52	2021-09-22T06:15:41
2.79004	-50.03556	0	52	2021-09-22T06:20:40
2.78880	-50.03616	0	52	2021-09-22T06:25:40
2.78718	-50.03708	0	52	2021-09-22T06:30:40
2.78539	-50.03824	0	52	2021-09-22T06:35:41
2.78348	-50.03963	0	52	2021-09-22T06:40:40
2.78142	-50.04117	0	52	2021-09-22T06:45:40
2.77926	-50.04297	0	52	2021-09-22T06:50:40
2.77699	-50.04492	0	52	2021-09-22T06:55:42
2.77455	-50.04718	0	52	2021-09-22T07:00:41
2.77206	-50.04941	0	52	2021-09-22T07:05:40
2.76941	-50.05194	0	52	2021-09-22T07:10:40
2.76662	-50.05465	0	52	2021-09-22T07:16:07
2.76344	-50.05765	0	52	2021-09-22T07:21:06
2.76064	-50.06042	0	52	2021-09-22T07:25:42
2.75742	-50.06366	0	52	2021-09-22T07:30:40
2.75405	-50.06711	0	52	2021-09-22T07:35:41
2.75052	-50.07068	0	52	2021-09-22T07:40:41
2.74696	-50.07437	0	52	2021-09-22T07:45:41
2.74315	-50.07825	0	52	2021-09-22T07:50:43
2.73924	-50.08231	0	52	2021-09-22T07:55:44
2.73523	-50.08652	0	52	2021-09-22T08:00:40
2.73107	-50.09073	0	52	2021-09-22T08:05:39
2.72677	-50.09512	0	52	2021-09-22T08:10:40
2.70399	-50.11882	0	52	2021-09-22T08:35:38
2.69931	-50.12337	0	52	2021-09-22T08:40:37
2.69455	-50.12775	0	52	2021-09-22T08:45:38
2.68960	-50.13211	0	52	2021-09-22T08:50:38
2.68472	-50.13644	0	52	2021-09-22T08:55:35
2.66924	-50.15000	0	52	2021-09-22T09:10:57
2.66399	-50.15433	0	52	2021-09-22T09:15:35
2.65838	-50.15884	0	52	2021-09-22T09:20:58
2.65355	-50.16272	0	52	2021-09-22T09:25:32
2.64834	-50.16693	0	52	2021-09-22T09:30:33
2.64327	-50.17099	0	52	2021-09-22T09:35:34
2.63854	-50.17465	0	52	2021-09-22T09:40:32
2.63404	-50.17789	0	52	2021-09-22T09:45:33
2.62943	-50.18116	0	52	2021-09-22T09:50:29
2.62484	-50.18442	0	52	2021-09-22T09:55:29
2.62035	-50.18756	0	52	2021-09-22T10:00:30
2.61608	-50.19025	0	52	2021-09-22T10:05:31
2.61237	-50.19261	0	52	2021-09-22T10:10:25
2.60864	-50.19501	0	52	2021-09-22T10:15:26
2.60454	-50.19763	0	52	2021-09-22T10:20:56
2.60113	-50.19980	0	52	2021-09-22T10:25:28
2.59729	-50.20209	0	52	2021-09-22T10:30:28
2.59351	-50.20432	0	52	2021-09-22T10:35:28
2.58988	-50.20654	0	52	2021-09-22T10:40:26
2.58638	-50.20859	0	52	2021-09-22T10:45:24
2.58297	-50.21059	0	52	2021-09-22T10:50:27
2.57976	-50.21234	0	52	2021-09-22T10:55:28
2.57670	-50.21402	0	52	2021-09-22T11:00:26
2.57382	-50.21557	0	52	2021-09-22T11:05:26
2.57107	-50.21686	0	52	2021-09-22T11:10:26
2.56858	-50.21805	0	52	2021-09-22T11:15:24
2.56587	-50.21919	0	52	2021-09-22T11:20:24
2.56381	-50.21979	0	52	2021-09-22T11:25:23
2.56154	-50.22034	0	52	2021-09-22T11:30:27
2.55941	-50.22067	0	52	2021-09-22T11:35:28
2.55751	-50.22086	0	52	2021-09-22T11:40:29
2.55589	-50.22089	0	52	2021-09-22T11:45:27
2.55464	-50.22085	0	52	2021-09-22T11:50:34
2.55361	-50.22076	0	52	2021-09-22T11:55:34
2.55279	-50.22058	0	52	2021-09-22T12:00:32
2.55210	-50.22023	0	52	2021-09-22T12:05:34
2.55163	-50.21997	0	52	2021-09-22T12:10:34
2.55122	-50.21942	0	52	2021-09-22T12:15:32
2.55096	-50.21868	0	52	2021-09-22T12:20:29
2.55096	-50.21817	0	52	2021-09-22T12:25:29
2.55112	-50.21747	0	52	2021-09-22T12:30:30
2.55146	-50.21667	0	52	2021-09-22T12:35:33
2.55201	-50.21592	0	52	2021-09-22T12:40:34
2.55265	-50.21506	0	52	2021-09-22T12:45:33
2.55351	-50.21420	0	52	2021-09-22T12:50:32
2.55450	-50.21332	0	52	2021-09-22T12:55:30
2.55572	-50.21227	0	52	2021-09-22T13:00:34
2.55705	-50.21133	0	52	2021-09-22T13:05:33
2.55858	-50.21027	0	52	2021-09-22T13:10:31
2.56027	-50.20914	0	52	2021-09-22T13:15:29
2.56226	-50.20779	0	52	2021-09-22T13:20:27
2.56406	-50.20667	0	52	2021-09-22T13:25:28
2.56625	-50.20526	0	52	2021-09-22T13:30:28
2.56855	-50.20392	0	52	2021-09-22T13:35:25
2.57107	-50.20244	0	52	2021-09-22T13:40:26
2.57369	-50.20090	0	52	2021-09-22T13:45:26
2.57649	-50.19928	0	52	2021-09-22T13:50:27
2.57934	-50.19769	0	52	2021-09-22T13:55:25
2.58540	-50.19427	0	52	2021-09-22T14:05:26
2.58858	-50.19255	0	52	2021-09-22T14:10:26
2.59188	-50.19083	0	52	2021-09-22T14:15:25
2.59558	-50.18892	0	52	2021-09-22T14:20:26
2.59863	-50.18729	0	52	2021-09-22T14:25:26
2.60206	-50.18549	0	52	2021-09-22T14:30:27
2.60550	-50.18359	0	52	2021-09-22T14:35:25
2.60903	-50.18161	0	52	2021-09-22T14:40:26
2.61259	-50.17972	0	52	2021-09-22T14:45:26
2.61629	-50.17780	0	52	2021-09-22T14:50:27
2.61996	-50.17566	0	52	2021-09-22T14:55:24
2.62368	-50.17358	0	52	2021-09-22T15:00:27
2.62748	-50.17151	0	52	2021-09-22T15:05:25
2.63135	-50.16942	0	52	2021-09-22T15:10:29
2.63526	-50.16745	0	52	2021-09-22T15:15:28
2.63937	-50.16534	0	52	2021-09-22T15:20:56
2.64283	-50.16339	0	52	2021-09-22T15:25:25
2.64667	-50.16123	0	52	2021-09-22T15:30:27
2.65058	-50.15926	0	52	2021-09-22T15:35:27
2.65453	-50.15729	0	52	2021-09-22T15:40:28
2.65851	-50.15530	0	52	2021-09-22T15:45:29
2.66253	-50.15327	0	52	2021-09-22T15:50:26
2.66656	-50.15121	0	52	2021-09-22T15:55:26
2.67054	-50.14911	0	52	2021-09-22T16:00:27
2.67458	-50.14697	0	52	2021-09-22T16:05:27
2.67862	-50.14491	0	52	2021-09-22T16:10:25
2.68253	-50.14294	0	52	2021-09-22T16:15:26
2.68697	-50.14078	0	52	2021-09-22T16:20:58
2.69053	-50.13904	0	52	2021-09-22T16:25:27
2.69430	-50.13728	0	52	2021-09-22T16:30:27
2.69803	-50.13565	0	52	2021-09-22T16:35:26
2.70165	-50.13391	0	52	2021-09-22T16:40:29
2.70515	-50.13226	0	52	2021-09-22T16:45:27
2.70856	-50.13052	0	52	2021-09-22T16:50:28
2.71174	-50.12906	0	52	2021-09-22T16:55:28
2.71474	-50.12769	0	52	2021-09-22T17:00:27
2.71762	-50.12634	0	52	2021-09-22T17:05:26
2.72038	-50.12505	0	52	2021-09-22T17:10:30
2.72291	-50.12393	0	52	2021-09-22T17:15:29
2.72562	-50.12277	0	52	2021-09-22T17:20:55
2.72965	-50.12088	0	52	2021-09-22T17:30:28
2.73121	-50.12012	0	52	2021-09-22T17:35:25
2.73261	-50.11951	0	52	2021-09-22T17:40:29
2.73377	-50.11908	0	52	2021-09-22T17:45:27
2.73476	-50.11873	0	52	2021-09-22T17:50:30
2.73558	-50.11856	0	52	2021-09-22T17:55:30
2.73617	-50.11862	0	52	2021-09-22T18:00:33
2.73651	-50.11871	0	52	2021-09-22T18:05:33
2.73664	-50.11880	0	52	2021-09-22T18:10:34
2.73664	-50.11917	0	52	2021-09-22T18:15:34
2.73629	-50.11992	0	52	2021-09-22T18:20:38
2.73603	-50.12061	0	52	2021-09-22T18:25:37
2.73556	-50.12155	0	52	2021-09-22T18:30:38
2.73480	-50.12271	0	52	2021-09-22T18:35:35
2.73386	-50.12400	0	52	2021-09-22T18:40:35
2.73274	-50.12537	0	52	2021-09-22T18:45:36
2.73135	-50.12695	0	52	2021-09-22T18:50:37
2.72982	-50.12866	0	52	2021-09-22T18:55:35
2.72816	-50.13057	0	52	2021-09-22T19:00:39
2.72642	-50.13263	0	52	2021-09-22T19:05:36
2.72451	-50.13486	0	52	2021-09-22T19:10:39
2.72249	-50.13727	0	52	2021-09-22T19:15:38
2.72024	-50.14001	0	52	2021-09-22T19:20:39
2.71809	-50.14258	0	52	2021-09-22T19:25:39
2.71573	-50.14557	0	52	2021-09-22T19:30:41
2.71324	-50.14868	0	52	2021-09-22T19:35:40
2.71059	-50.15205	0	52	2021-09-22T19:40:38
2.70793	-50.15548	0	52	2021-09-22T19:45:39
2.70518	-50.15900	0	52	2021-09-22T19:50:39
2.70221	-50.16272	0	52	2021-09-22T19:55:36
2.69928	-50.16665	0	52	2021-09-22T20:00:34
2.69615	-50.17068	0	52	2021-09-22T20:05:34
2.69291	-50.17493	0	52	2021-09-22T20:10:36
2.68952	-50.17926	0	52	2021-09-22T20:15:39
2.68573	-50.18399	0	52	2021-09-22T20:20:55
2.68210	-50.18839	0	52	2021-09-22T20:25:34
2.67819	-50.19302	0	52	2021-09-22T20:30:35
2.67409	-50.19778	0	52	2021-09-22T20:35:36
2.66999	-50.20248	0	52	2021-09-22T20:40:39
2.66566	-50.20739	0	52	2021-09-22T20:45:38
2.66115	-50.21220	0	52	2021-09-22T20:50:38
2.65656	-50.21701	0	52	2021-09-22T20:55:39
2.65201	-50.22165	0	52	2021-09-22T21:00:39
2.64745	-50.22623	0	52	2021-09-22T21:05:41
2.64287	-50.23068	0	52	2021-09-22T21:10:39
2.63810	-50.23521	0	52	2021-09-22T21:16:08
2.63278	-50.24002	0	52	2021-09-22T21:21:07
2.62815	-50.24423	0	52	2021-09-22T21:25:43
2.62276	-50.24875	0	52	2021-09-22T21:30:46
2.61744	-50.25313	0	52	2021-09-22T21:35:46
2.61216	-50.25742	0	52	2021-09-22T21:40:47
2.60698	-50.26163	0	52	2021-09-22T21:45:47
2.60178	-50.26579	0	52	2021-09-22T21:50:41
2.59667	-50.26982	0	52	2021-09-22T21:55:42
2.59156	-50.27377	0	52	2021-09-22T22:00:42
2.58668	-50.27756	0	52	2021-09-22T22:05:40
2.58180	-50.28125	0	52	2021-09-22T22:10:40
2.57708	-50.28476	0	52	2021-09-22T22:15:40
2.57229	-50.28827	0	52	2021-09-22T22:20:57
2.56826	-50.29117	0	52	2021-09-22T22:25:34
2.56402	-50.29419	0	52	2021-09-22T22:30:27
2.55995	-50.29697	0	52	2021-09-22T22:35:29
2.55603	-50.29959	0	52	2021-09-22T22:40:26
2.55223	-50.30206	0	52	2021-09-22T22:45:26
2.54857	-50.30443	0	52	2021-09-22T22:50:25
2.54514	-50.30658	0	52	2021-09-22T22:55:25
2.54184	-50.30859	0	52	2021-09-22T23:00:23
2.53874	-50.31046	0	52	2021-09-22T23:05:25
2.53581	-50.31217	0	52	2021-09-22T23:10:55
2.53306	-50.31360	0	52	2021-09-22T23:15:25
2.53031	-50.31500	0	52	2021-09-22T23:20:56
2.52814	-50.31604	0	52	2021-09-22T23:25:23
2.52586	-50.31686	0	52	2021-09-22T23:30:23
2.52384	-50.31763	0	52	2021-09-22T23:35:24
2.52200	-50.31815	0	52	2021-09-22T23:40:25
2.52030	-50.31851	0	52	2021-09-22T23:45:26
2.51894	-50.31888	0	52	2021-09-22T23:50:20
2.51784	-50.31903	0	52	2021-09-22T23:55:26
2.51706	-50.31897	0	52	2021-09-23T00:00:27
2.51646	-50.31888	0	52	2021-09-23T00:05:26
2.51612	-50.31879	0	52	2021-09-23T00:10:26
2.51613	-50.31888	0	52	2021-09-23T00:15:27
2.51634	-50.31903	0	52	2021-09-23T00:20:24
2.51664	-50.31894	0	52	2021-09-23T00:25:24
2.51716	-50.31876	0	52	2021-09-23T00:30:22
2.51779	-50.31851	0	52	2021-09-23T00:35:23
2.51866	-50.31821	0	52	2021-09-23T00:40:21
2.51966	-50.31775	0	52	2021-09-23T00:45:21
2.52086	-50.31741	0	52	2021-09-23T00:50:21
2.52215	-50.31693	0	52	2021-09-23T00:55:22
2.52360	-50.31632	0	52	2021-09-23T01:00:19
2.52519	-50.31589	0	52	2021-09-23T01:05:20
2.52690	-50.31540	0	52	2021-09-23T01:10:17
2.52872	-50.31476	0	52	2021-09-23T01:15:17
2.53104	-50.31384	0	52	2021-09-23T01:20:15
2.53289	-50.31315	0	52	2021-09-23T01:25:15
2.53516	-50.31238	0	52	2021-09-23T01:30:14
2.53775	-50.31155	0	52	2021-09-23T01:35:15
2.54042	-50.31073	0	52	2021-09-23T01:40:15
2.54321	-50.30988	0	52	2021-09-23T01:45:15
2.54609	-50.30902	0	52	2021-09-23T01:50:15
2.54929	-50.30795	0	52	2021-09-23T01:55:17
2.55253	-50.30685	0	52	2021-09-23T02:00:15
2.55592	-50.30593	0	52	2021-09-23T02:05:18
2.55948	-50.30490	0	52	2021-09-23T02:10:17
2.56311	-50.30365	0	52	2021-09-23T02:15:20
2.57064	-50.30145	0	52	2021-09-23T02:25:21
2.57453	-50.30029	0	52	2021-09-23T02:30:23
2.57856	-50.29922	0	52	2021-09-23T02:35:21
2.58263	-50.29809	0	52	2021-09-23T02:40:21
2.58675	-50.29697	0	52	2021-09-23T02:45:22
2.59090	-50.29581	0	52	2021-09-23T02:50:23
2.59514	-50.29465	0	52	2021-09-23T02:55:21
2.59947	-50.29335	0	52	2021-09-23T03:00:24
2.60371	-50.29221	0	52	2021-09-23T03:05:21
2.60801	-50.29095	0	52	2021-09-23T03:10:23
2.61244	-50.28973	0	52	2021-09-23T03:15:22
2.61740	-50.28821	0	52	2021-09-23T03:20:56
2.62138	-50.28693	0	52	2021-09-23T03:25:22
2.62585	-50.28543	0	52	2021-09-23T03:30:25
2.63036	-50.28399	0	52	2021-09-23T03:35:20
2.63495	-50.28262	0	52	2021-09-23T03:40:20
2.63957	-50.28128	0	52	2021-09-23T03:45:21
2.64421	-50.27979	0	52	2021-09-23T03:50:19
2.64880	-50.27827	0	52	2021-09-23T03:55:22
2.65343	-50.27673	0	52	2021-09-23T04:00:23
2.65797	-50.27524	0	52	2021-09-23T04:05:20
2.66249	-50.27371	0	52	2021-09-23T04:10:21
2.66706	-50.27207	0	52	2021-09-23T04:15:17
2.67184	-50.27042	0	52	2021-09-23T04:20:56
2.67565	-50.26898	0	52	2021-09-23T04:25:16
2.67991	-50.26743	0	52	2021-09-23T04:30:16
2.68430	-50.26590	0	52	2021-09-23T04:35:15
2.68851	-50.26440	0	52	2021-09-23T04:40:14
2.69259	-50.26291	0	52	2021-09-23T04:45:12
2.69663	-50.26141	0	52	2021-09-23T04:50:15
2.70068	-50.25988	0	52	2021-09-23T04:55:13
2.70450	-50.25876	0	52	2021-09-23T05:00:14
2.70834	-50.25757	0	52	2021-09-23T05:05:15
2.71207	-50.25634	0	52	2021-09-23T05:10:16
2.71572	-50.25531	0	52	2021-09-23T05:15:16
2.71954	-50.25403	0	52	2021-09-23T05:20:17
2.72267	-50.25317	0	52	2021-09-23T05:25:17
2.72593	-50.25223	0	52	2021-09-23T05:30:16
2.72904	-50.25123	0	52	2021-09-23T05:35:13
2.73183	-50.25054	0	52	2021-09-23T05:40:13
2.73440	-50.25003	0	52	2021-09-23T05:45:14
2.73683	-50.24960	0	52	2021-09-23T05:50:11
2.73893	-50.24933	0	52	2021-09-23T05:55:12
2.74084	-50.24927	0	52	2021-09-23T06:00:09
2.74253	-50.24937	0	52	2021-09-23T06:05:07
2.74395	-50.24963	0	52	2021-09-23T06:10:07
2.74513	-50.25003	0	52	2021-09-23T06:15:08
2.74612	-50.25064	0	52	2021-09-23T06:20:27
2.74684	-50.25135	0	52	2021-09-23T06:25:06
2.74727	-50.25238	0	52	2021-09-23T06:30:07
2.74748	-50.25360	0	52	2021-09-23T06:35:04
2.74747	-50.25500	0	52	2021-09-23T06:40:01
2.74725	-50.25664	0	52	2021-09-23T06:45:02
2.74678	-50.25836	0	52	2021-09-23T06:50:02
2.74603	-50.26038	0	52	2021-09-23T06:55:02
2.74510	-50.26248	0	52	2021-09-23T07:00:00
2.74394	-50.26478	0	52	2021-09-23T07:05:02
2.74270	-50.26727	0	52	2021-09-23T07:10:02
2.74126	-50.26990	0	52	2021-09-23T07:15:02
2.73947	-50.27289	0	52	2021-09-23T07:20:23
2.73778	-50.27557	0	52	2021-09-23T07:25:01
2.73578	-50.27872	0	52	2021-09-23T07:30:04
2.73368	-50.28201	0	52	2021-09-23T07:35:02
2.73141	-50.28556	0	52	2021-09-23T07:40:00
2.72909	-50.28916	0	52	2021-09-23T07:45:00
2.72660	-50.29285	0	52	2021-09-23T07:50:01
2.72394	-50.29675	0	52	2021-09-23T07:55:02
2.72120	-50.30072	0	52	2021-09-23T08:00:02
2.71829	-50.30478	0	52	2021-09-23T08:05:04
2.71537	-50.30881	0	52	2021-09-23T08:10:04
2.71221	-50.31293	0	52	2021-09-23T08:15:09
2.70877	-50.31741	0	52	2021-09-23T08:20:26
2.70563	-50.32153	0	52	2021-09-23T08:25:08
2.70216	-50.32597	0	52	2021-09-23T08:30:08
2.69856	-50.33035	0	52	2021-09-23T08:35:08
2.69484	-50.33475	0	52	2021-09-23T08:40:06
2.69085	-50.33908	0	52	2021-09-23T08:45:07
2.68672	-50.34323	0	52	2021-09-23T08:50:06
2.68245	-50.34743	0	52	2021-09-23T08:55:05
2.67803	-50.35129	0	52	2021-09-23T09:00:05
2.67352	-50.35507	0	52	2021-09-23T09:05:06
2.66891	-50.35876	0	52	2021-09-23T09:10:07
2.66424	-50.36240	0	52	2021-09-23T09:15:27
2.65922	-50.36618	0	52	2021-09-23T09:20:28
2.65470	-50.36948	0	52	2021-09-23T09:25:05
2.64984	-50.37299	0	52	2021-09-23T09:30:07
2.64499	-50.37625	0	52	2021-09-23T09:35:06
2.63999	-50.37952	0	52	2021-09-23T09:40:07
2.63495	-50.38275	0	52	2021-09-23T09:45:05
2.62994	-50.38596	0	52	2021-09-23T09:50:03
2.62500	-50.38915	0	52	2021-09-23T09:55:04
2.62019	-50.39215	0	52	2021-09-23T10:00:04
2.61543	-50.39511	0	52	2021-09-23T10:05:05
2.61078	-50.39795	0	52	2021-09-23T10:10:06
2.60625	-50.40069	0	52	2021-09-23T10:15:25
2.60153	-50.40335	0	52	2021-09-23T10:20:25
2.59749	-50.40579	0	52	2021-09-23T10:25:05
2.59332	-50.40817	0	52	2021-09-23T10:30:00
2.58926	-50.41049	0	52	2021-09-23T10:34:58
2.58531	-50.41272	0	52	2021-09-23T10:39:58
2.58145	-50.41489	0	52	2021-09-23T10:44:57
2.57777	-50.41687	0	52	2021-09-23T10:49:56
2.57423	-50.41861	0	52	2021-09-23T10:54:55
2.57081	-50.42038	0	52	2021-09-23T10:59:56
2.56752	-50.42206	0	52	2021-09-23T11:04:53
2.56141	-50.42512	0	52	2021-09-23T11:14:50
2.55841	-50.42649	0	52	2021-09-23T11:19:51
2.55631	-50.42743	0	52	2021-09-23T11:24:51
2.55399	-50.42825	0	52	2021-09-23T11:29:48
2.55170	-50.42895	0	52	2021-09-23T11:34:46
2.54947	-50.42929	0	52	2021-09-23T11:39:46
2.54738	-50.42960	0	52	2021-09-23T11:44:47
2.54548	-50.42990	0	52	2021-09-23T11:49:48
2.54375	-50.43024	0	52	2021-09-23T11:54:45
2.54239	-50.43051	0	52	2021-09-23T11:59:46
2.54109	-50.43054	0	52	2021-09-23T12:04:44
2.53987	-50.43042	0	52	2021-09-23T12:09:44
2.53869	-50.43011	0	52	2021-09-23T12:14:44
2.53773	-50.42975	0	52	2021-09-23T12:20:09
2.53712	-50.42938	0	52	2021-09-23T12:24:43
2.53676	-50.42896	0	52	2021-09-23T12:29:42
2.53657	-50.42850	0	52	2021-09-23T12:34:43
2.53663	-50.42810	0	52	2021-09-23T12:39:41
2.53695	-50.42778	0	52	2021-09-23T12:44:39
2.53746	-50.42769	0	52	2021-09-23T12:49:39
2.53810	-50.42743	0	52	2021-09-23T12:54:40
2.53893	-50.42706	0	52	2021-09-23T12:59:37
2.53979	-50.42674	0	52	2021-09-23T13:04:34
2.54078	-50.42648	0	52	2021-09-23T13:09:35
2.54196	-50.42612	0	52	2021-09-23T13:14:36
2.54340	-50.42572	0	52	2021-09-23T13:19:56
2.54474	-50.42533	0	52	2021-09-23T13:24:37
2.54627	-50.42490	0	52	2021-09-23T13:29:34
2.54795	-50.42447	0	52	2021-09-23T13:34:36
2.54978	-50.42395	0	52	2021-09-23T13:39:35
2.55169	-50.42343	0	52	2021-09-23T13:44:37
2.55375	-50.42285	0	52	2021-09-23T13:49:35
2.55590	-50.42215	0	52	2021-09-23T13:54:37
2.55814	-50.42136	0	52	2021-09-23T13:59:36
2.56064	-50.42039	0	52	2021-09-23T14:04:37
2.56313	-50.41936	0	52	2021-09-23T14:09:37
2.56575	-50.41833	0	52	2021-09-23T14:14:37
2.56877	-50.41721	0	52	2021-09-23T14:19:57
2.57160	-50.41615	0	52	2021-09-23T14:24:33
2.57473	-50.41507	0	52	2021-09-23T14:29:36
2.57795	-50.41391	0	52	2021-09-23T14:34:34
2.58125	-50.41266	0	52	2021-09-23T14:39:35
2.58463	-50.41144	0	52	2021-09-23T14:44:36
2.58813	-50.41022	0	52	2021-09-23T14:49:35
2.59172	-50.40880	0	52	2021-09-23T14:54:37
2.59532	-50.40760	0	52	2021-09-23T14:59:37
2.59905	-50.40640	0	52	2021-09-23T15:04:36
2.60286	-50.40509	0	52	2021-09-23T15:09:36
2.60668	-50.40390	0	52	2021-09-23T15:14:34
2.61085	-50.40259	0	52	2021-09-23T15:19:57
2.61452	-50.40149	0	52	2021-09-23T15:24:39
2.61839	-50.40018	0	52	2021-09-23T15:29:38
2.62241	-50.39890	0	52	2021-09-23T15:34:37
2.62653	-50.39756	0	52	2021-09-23T15:39:41
2.63056	-50.39627	0	52	2021-09-23T15:44:42
2.63467	-50.39499	0	52	2021-09-23T15:49:44
2.63878	-50.39367	0	52	2021-09-23T15:54:47
2.64290	-50.39230	0	52	2021-09-23T15:59:47
2.64705	-50.39090	0	52	2021-09-23T16:04:45
2.65117	-50.38943	0	52	2021-09-23T16:09:46
2.65541	-50.38791	0	52	2021-09-23T16:14:46
2.65997	-50.38623	0	52	2021-09-23T16:19:48
2.66379	-50.38486	0	52	2021-09-23T16:24:49
2.66792	-50.38327	0	52	2021-09-23T16:29:46
2.67215	-50.38159	0	52	2021-09-23T16:34:47
2.67627	-50.37979	0	52	2021-09-23T16:39:47
2.68048	-50.37811	0	52	2021-09-23T16:44:48
2.68881	-50.37482	0	52	2021-09-23T16:55:01
2.69269	-50.37335	0	52	2021-09-23T16:59:47
2.69665	-50.37170	0	52	2021-09-23T17:04:44
2.70071	-50.37000	0	52	2021-09-23T17:09:48
2.70907	-50.36619	0	52	2021-09-23T17:19:49
2.70903	-50.36633	0	52	2021-09-23T17:20:25
2.71235	-50.36490	0	52	2021-09-23T17:24:50
2.71240	-50.36477	0	52	2021-09-23T17:24:52
2.71606	-50.36328	0	52	2021-09-23T17:29:48
2.71609	-50.36323	0	52	2021-09-23T17:29:52
2.71978	-50.36169	0	52	2021-09-23T17:34:52
2.72338	-50.36014	0	52	2021-09-23T17:39:54
2.72691	-50.35853	0	52	2021-09-23T17:44:51
2.73026	-50.35721	0	52	2021-09-23T17:49:52
2.73356	-50.35587	0	52	2021-09-23T17:54:52
2.73672	-50.35477	0	52	2021-09-23T17:59:53
2.73976	-50.35372	0	52	2021-09-23T18:04:53
2.74251	-50.35303	0	52	2021-09-23T18:09:52
2.74505	-50.35248	0	52	2021-09-23T18:14:52
2.74764	-50.35199	0	52	2021-09-23T18:20:25
2.74954	-50.35181	0	52	2021-09-23T18:24:58
2.75139	-50.35181	0	52	2021-09-23T18:29:58
2.75293	-50.35190	0	52	2021-09-23T18:34:58
2.75412	-50.35208	0	52	2021-09-23T18:40:01
2.75477	-50.35225	0	52	2021-09-23T18:45:01
2.75511	-50.35251	0	52	2021-09-23T18:50:02
2.75515	-50.35297	0	52	2021-09-23T18:54:59
2.75507	-50.35355	0	52	2021-09-23T19:00:01
2.75474	-50.35431	0	52	2021-09-23T19:05:01
2.75412	-50.35533	0	52	2021-09-23T19:10:02
2.75335	-50.35645	0	52	2021-09-23T19:15:02
2.75227	-50.35794	0	52	2021-09-23T19:20:35
2.75112	-50.35938	0	52	2021-09-23T19:25:05
2.74984	-50.36093	0	52	2021-09-23T19:30:02
2.74829	-50.36273	0	52	2021-09-23T19:35:05
2.74640	-50.36469	0	52	2021-09-23T19:40:03
2.74433	-50.36679	0	52	2021-09-23T19:45:05
2.74214	-50.36911	0	52	2021-09-23T19:50:05
2.73987	-50.37143	0	52	2021-09-23T19:55:06
2.73744	-50.37384	0	52	2021-09-23T20:00:00
2.73492	-50.37645	0	52	2021-09-23T20:04:59
2.73222	-50.37894	0	52	2021-09-23T20:09:59
2.72930	-50.38153	0	52	2021-09-23T20:15:00
2.72591	-50.38446	0	52	2021-09-23T20:20:25
2.72294	-50.38699	0	52	2021-09-23T20:24:58
2.71955	-50.38989	0	52	2021-09-23T20:30:00
2.71599	-50.39279	0	52	2021-09-23T20:34:57
2.71231	-50.39575	0	52	2021-09-23T20:39:58
2.70853	-50.39850	0	52	2021-09-23T20:44:58
2.70454	-50.40134	0	52	2021-09-23T20:50:00
2.70032	-50.40405	0	52	2021-09-23T20:54:59
2.69597	-50.40662	0	52	2021-09-23T21:00:01
2.69149	-50.40906	0	52	2021-09-23T21:05:01
2.68697	-50.41144	0	52	2021-09-23T21:10:03
2.67721	-50.41634	0	52	2021-09-23T21:20:02
2.67279	-50.41840	0	52	2021-09-23T21:25:02
2.66790	-50.42072	0	52	2021-09-23T21:30:03
2.66298	-50.42297	0	52	2021-09-23T21:35:00
2.65802	-50.42528	0	52	2021-09-23T21:39:57
2.65317	-50.42743	0	52	2021-09-23T21:44:58
2.64826	-50.42957	0	52	2021-09-23T21:49:58
2.64334	-50.43161	0	52	2021-09-23T21:54:55
2.63829	-50.43363	0	52	2021-09-23T21:59:59
2.63331	-50.43552	0	52	2021-09-23T22:04:58
2.62829	-50.43744	0	52	2021-09-23T22:09:57
2.62338	-50.43939	0	52	2021-09-23T22:15:26
2.61810	-50.44128	0	52	2021-09-23T22:20:26
2.61384	-50.44278	0	52	2021-09-23T22:24:54
2.60915	-50.44440	0	52	2021-09-23T22:29:56
2.60455	-50.44593	0	52	2021-09-23T22:34:58
2.60009	-50.44730	0	52	2021-09-23T22:39:58
2.59571	-50.44867	0	52	2021-09-23T22:44:57
2.59144	-50.44992	0	52	2021-09-23T22:49:57
2.58731	-50.45112	0	52	2021-09-23T22:54:57
2.58332	-50.45215	0	52	2021-09-23T22:59:56
2.57935	-50.45303	0	52	2021-09-23T23:04:58
2.57551	-50.45374	0	52	2021-09-23T23:09:56
2.57184	-50.45432	0	52	2021-09-23T23:14:58
2.56801	-50.45480	0	52	2021-09-23T23:20:25
2.56494	-50.45511	0	52	2021-09-23T23:24:56
2.56173	-50.45517	0	52	2021-09-23T23:29:57
2.55864	-50.45517	0	52	2021-09-23T23:34:58
2.55572	-50.45508	0	52	2021-09-23T23:39:58
2.55288	-50.45483	0	52	2021-09-23T23:44:56
2.55022	-50.45466	0	52	2021-09-23T23:49:56
2.54773	-50.45432	0	52	2021-09-23T23:54:57
2.54538	-50.45392	0	52	2021-09-23T23:59:58
2.54317	-50.45333	0	52	2021-09-24T00:05:02
2.54115	-50.45264	0	52	2021-09-24T00:10:02
2.53929	-50.45190	0	52	2021-09-24T00:15:00
2.53739	-50.45084	0	52	2021-09-24T00:20:24
2.53593	-50.44998	0	52	2021-09-24T00:24:57
2.53444	-50.44897	0	52	2021-09-24T00:29:55
2.53328	-50.44803	0	52	2021-09-24T00:34:56
2.53227	-50.44711	0	52	2021-09-24T00:39:57
2.53143	-50.44623	0	52	2021-09-24T00:44:56
2.53075	-50.44535	0	52	2021-09-24T00:49:55
2.53028	-50.44449	0	52	2021-09-24T00:54:55
2.52996	-50.44360	0	52	2021-09-24T00:59:56
2.52983	-50.44266	0	52	2021-09-24T01:04:54
2.52983	-50.44168	0	52	2021-09-24T01:10:26
2.52986	-50.44083	0	52	2021-09-24T01:14:54
2.53004	-50.43979	0	52	2021-09-24T01:20:27
2.53036	-50.43900	0	52	2021-09-24T01:24:52
2.53088	-50.43808	0	52	2021-09-24T01:29:53
2.53149	-50.43710	0	52	2021-09-24T01:34:50
2.53223	-50.43616	0	52	2021-09-24T01:39:51
2.53417	-50.43394	0	52	2021-09-24T01:49:49
2.53546	-50.43282	0	52	2021-09-24T01:54:50
2.53696	-50.43170	0	52	2021-09-24T01:59:50
2.53858	-50.43054	0	52	2021-09-24T02:04:48
2.54036	-50.42925	0	52	2021-09-24T02:10:27
2.54212	-50.42813	0	52	2021-09-24T02:15:27
2.54439	-50.42676	0	52	2021-09-24T02:20:26
2.54626	-50.42567	0	52	2021-09-24T02:24:45
2.54853	-50.42447	0	52	2021-09-24T02:29:45
2.55086	-50.42313	0	52	2021-09-24T02:34:44
2.55331	-50.42174	0	52	2021-09-24T02:39:43
2.55584	-50.42045	0	52	2021-09-24T02:44:44
2.55837	-50.41916	0	52	2021-09-24T02:49:44
2.56107	-50.41782	0	52	2021-09-24T02:54:45
2.56385	-50.41647	0	52	2021-09-24T02:59:42
2.56677	-50.41510	0	52	2021-09-24T03:04:43
2.56987	-50.41370	0	52	2021-09-24T03:09:44
2.57300	-50.41226	0	52	2021-09-24T03:14:43
2.57642	-50.41074	0	52	2021-09-24T03:19:42
2.57930	-50.40945	0	52	2021-09-24T03:24:42
2.58247	-50.40811	0	52	2021-09-24T03:29:39
2.58905	-50.40539	0	52	2021-09-24T03:39:38
2.59244	-50.40402	0	52	2021-09-24T03:44:38
2.59583	-50.40265	0	52	2021-09-24T03:49:39
2.59923	-50.40125	0	52	2021-09-24T03:54:39
2.60266	-50.39981	0	52	2021-09-24T03:59:37
2.60614	-50.39835	0	52	2021-09-24T04:04:38
2.60962	-50.39688	0	52	2021-09-24T04:09:35
2.61308	-50.39536	0	52	2021-09-24T04:14:32
2.61686	-50.39367	0	52	2021-09-24T04:19:36
2.62021	-50.39221	0	52	2021-09-24T04:24:36
2.62381	-50.39069	0	52	2021-09-24T04:29:38
2.62746	-50.38910	0	52	2021-09-24T04:34:38
2.63112	-50.38751	0	52	2021-09-24T04:39:36
2.63475	-50.38585	0	52	2021-09-24T04:44:41
2.63835	-50.38422	0	52	2021-09-24T04:49:42
2.64565	-50.38079	0	52	2021-09-24T04:59:42
2.64921	-50.37925	0	52	2021-09-24T05:04:41
2.65277	-50.37762	0	52	2021-09-24T05:09:41
2.65633	-50.37601	0	52	2021-09-24T05:14:39
2.66325	-50.37271	0	52	2021-09-24T05:24:40
2.66674	-50.37099	0	52	2021-09-24T05:29:37
2.67004	-50.36945	0	52	2021-09-24T05:34:38
2.67335	-50.36789	0	52	2021-09-24T05:39:43
2.67655	-50.36639	0	52	2021-09-24T05:44:46
2.67960	-50.36490	0	52	2021-09-24T05:49:44
2.68265	-50.36346	0	52	2021-09-24T05:54:44
2.68551	-50.36203	0	52	2021-09-24T05:59:42
2.68830	-50.36066	0	52	2021-09-24T06:04:43
2.69106	-50.35934	0	52	2021-09-24T06:09:45
2.69371	-50.35809	0	52	2021-09-24T06:14:44
2.69645	-50.35687	0	52	2021-09-24T06:20:05
2.69863	-50.35596	0	52	2021-09-24T06:24:43
2.70090	-50.35499	0	52	2021-09-24T06:29:42
2.70287	-50.35422	0	52	2021-09-24T06:34:41
2.70469	-50.35358	0	52	2021-09-24T06:39:38
2.70626	-50.35318	0	52	2021-09-24T06:44:39
2.70756	-50.35297	0	52	2021-09-24T06:49:35
2.70855	-50.35297	0	52	2021-09-24T06:54:35
2.70928	-50.35306	0	52	2021-09-24T06:59:34
2.70976	-50.35333	0	52	2021-09-24T07:04:35
2.71005	-50.35380	0	52	2021-09-24T07:09:35
2.71005	-50.35449	0	52	2021-09-24T07:14:35
2.70985	-50.35547	0	52	2021-09-24T07:20:07
2.70941	-50.35641	0	52	2021-09-24T07:24:34
2.70870	-50.35773	0	52	2021-09-24T07:29:34
2.70782	-50.35919	0	52	2021-09-24T07:34:35
2.70682	-50.36084	0	52	2021-09-24T07:39:33
2.70415	-50.36473	0	52	2021-09-24T07:49:35
2.70243	-50.36679	0	52	2021-09-24T07:54:35
2.70058	-50.36902	0	52	2021-09-24T07:59:36
2.69862	-50.37149	0	52	2021-09-24T08:04:33
2.69638	-50.37408	0	52	2021-09-24T08:09:34
2.69406	-50.37674	0	52	2021-09-24T08:14:34
2.69126	-50.37976	0	52	2021-09-24T08:19:57
2.68869	-50.38252	0	52	2021-09-24T08:24:32
2.68577	-50.38544	0	52	2021-09-24T08:29:32
2.68268	-50.38849	0	52	2021-09-24T08:34:34
2.67948	-50.39171	0	52	2021-09-24T08:39:34
2.67619	-50.39496	0	52	2021-09-24T08:44:32
2.67270	-50.39832	0	52	2021-09-24T08:49:33
2.66916	-50.40173	0	52	2021-09-24T08:54:30
2.66554	-50.40511	0	52	2021-09-24T08:59:30
2.66176	-50.40854	0	52	2021-09-24T09:04:30
2.65779	-50.41187	0	52	2021-09-24T09:09:27
2.65372	-50.41510	0	52	2021-09-24T09:14:28
2.64897	-50.41862	0	52	2021-09-24T09:19:26
2.64494	-50.42145	0	52	2021-09-24T09:24:27
2.64040	-50.42447	0	52	2021-09-24T09:29:24
2.63568	-50.42749	0	52	2021-09-24T09:34:26
2.63078	-50.43062	0	52	2021-09-24T09:39:26
2.62593	-50.43362	0	52	2021-09-24T09:44:26
2.62099	-50.43652	0	52	2021-09-24T09:49:26
2.61611	-50.43927	0	52	2021-09-24T09:54:28
2.61112	-50.44200	0	52	2021-09-24T09:59:29
2.60631	-50.44440	0	52	2021-09-24T10:04:29
2.60162	-50.44681	0	52	2021-09-24T10:09:27
2.59702	-50.44934	0	52	2021-09-24T10:14:31
2.59210	-50.45204	0	52	2021-09-24T10:19:32
2.58798	-50.45419	0	52	2021-09-24T10:24:32
2.58358	-50.45657	0	52	2021-09-24T10:29:30
2.57912	-50.45892	0	52	2021-09-24T10:34:31
2.57471	-50.46127	0	52	2021-09-24T10:39:33
2.57029	-50.46342	0	52	2021-09-24T10:44:33
2.56587	-50.46548	0	52	2021-09-24T10:49:34
2.56151	-50.46756	0	52	2021-09-24T10:54:31
2.55716	-50.46964	0	52	2021-09-24T10:59:33
2.55304	-50.47144	0	52	2021-09-24T11:04:33
2.54896	-50.47324	0	52	2021-09-24T11:09:37
2.54493	-50.47485	0	52	2021-09-24T11:14:37
2.54076	-50.47651	0	52	2021-09-24T11:19:38
2.53729	-50.47766	0	52	2021-09-24T11:24:39
2.53376	-50.47891	0	52	2021-09-24T11:29:37
2.53026	-50.48026	0	52	2021-09-24T11:34:39
2.52696	-50.48138	0	52	2021-09-24T11:39:39
2.52379	-50.48242	0	52	2021-09-24T11:44:39
2.52083	-50.48334	0	52	2021-09-24T11:49:44
2.51810	-50.48416	0	52	2021-09-24T11:54:44
2.51561	-50.48480	0	52	2021-09-24T11:59:43
2.51335	-50.48538	0	52	2021-09-24T12:04:44
2.51132	-50.48589	0	52	2021-09-24T12:09:44
2.50952	-50.48615	0	52	2021-09-24T12:14:45
2.50775	-50.48639	0	52	2021-09-24T12:20:08
2.50637	-50.48654	0	52	2021-09-24T12:24:45
2.50499	-50.48663	0	52	2021-09-24T12:29:44
2.50379	-50.48663	0	52	2021-09-24T12:34:44
2.50272	-50.48663	0	52	2021-09-24T12:39:45
2.50173	-50.48654	0	52	2021-09-24T12:44:46
2.50099	-50.48657	0	52	2021-09-24T12:49:46
2.50042	-50.48669	0	52	2021-09-24T12:54:47
2.50003	-50.48669	0	52	2021-09-24T12:59:47
2.49980	-50.48682	0	52	2021-09-24T13:04:48
2.49982	-50.48695	0	52	2021-09-24T13:09:46
2.49995	-50.48712	0	52	2021-09-24T13:14:47
2.50022	-50.48727	0	52	2021-09-24T13:20:08
2.50063	-50.48737	0	52	2021-09-24T13:24:45
2.50114	-50.48755	0	52	2021-09-24T13:29:45
2.50178	-50.48764	0	52	2021-09-24T13:34:44
2.50257	-50.48770	0	52	2021-09-24T13:39:44
2.50351	-50.48785	0	52	2021-09-24T13:44:45
2.50473	-50.48798	0	52	2021-09-24T13:49:45
2.50621	-50.48798	0	52	2021-09-24T13:54:46
2.50775	-50.48807	0	52	2021-09-24T13:59:46
2.50945	-50.48819	0	52	2021-09-24T14:04:48
2.51137	-50.48822	0	52	2021-09-24T14:09:46
2.51343	-50.48819	0	52	2021-09-24T14:14:49
2.51582	-50.48828	0	52	2021-09-24T14:20:26
2.51776	-50.48828	0	52	2021-09-24T14:24:50
2.52005	-50.48825	0	52	2021-09-24T14:29:48
2.52253	-50.48825	0	52	2021-09-24T14:34:50
2.52509	-50.48825	0	52	2021-09-24T14:39:50
2.52776	-50.48822	0	52	2021-09-24T14:44:50
2.53046	-50.48822	0	52	2021-09-24T14:49:49
2.53334	-50.48813	0	52	2021-09-24T14:54:50
2.53633	-50.48807	0	52	2021-09-24T14:59:53
2.53943	-50.48793	0	52	2021-09-24T15:04:49
2.54261	-50.48776	0	52	2021-09-24T15:09:48
2.54592	-50.48752	0	52	2021-09-24T15:14:49
2.54972	-50.48734	0	52	2021-09-24T15:19:46
2.55272	-50.48717	0	52	2021-09-24T15:24:46
2.55624	-50.48700	0	52	2021-09-24T15:29:47
2.55978	-50.48676	0	52	2021-09-24T15:34:43
2.56333	-50.48642	0	52	2021-09-24T15:39:38
2.56672	-50.48616	0	52	2021-09-24T15:44:38
2.57015	-50.48590	0	52	2021-09-24T15:49:39
2.57368	-50.48553	0	52	2021-09-24T15:54:40
2.57724	-50.48514	0	52	2021-09-24T15:59:40
2.58080	-50.48471	0	52	2021-09-24T16:04:39
2.58430	-50.48431	0	52	2021-09-24T16:09:41
2.58780	-50.48389	0	52	2021-09-24T16:14:40
2.59151	-50.48346	0	52	2021-09-24T16:19:56
2.59482	-50.48301	0	52	2021-09-24T16:24:37
2.59825	-50.48258	0	52	2021-09-24T16:29:37
2.60168	-50.48224	0	52	2021-09-24T16:34:36
2.60513	-50.48177	0	52	2021-09-24T16:39:33
2.60861	-50.48126	0	52	2021-09-24T16:44:33
2.61211	-50.48068	0	52	2021-09-24T16:49:30
2.61554	-50.48007	0	52	2021-09-24T16:54:31
2.61898	-50.47946	0	52	2021-09-24T16:59:28
2.62251	-50.47874	0	52	2021-09-24T17:04:29
2.62597	-50.47821	0	52	2021-09-24T17:09:29
2.62947	-50.47754	0	52	2021-09-24T17:14:29
2.63331	-50.47677	0	52	2021-09-24T17:19:27
2.63644	-50.47617	0	52	2021-09-24T17:24:28
2.63986	-50.47540	0	52	2021-09-24T17:29:26
2.64327	-50.47459	0	52	2021-09-24T17:34:30
2.64657	-50.47382	0	52	2021-09-24T17:39:31
2.64983	-50.47296	0	52	2021-09-24T17:44:29
2.65303	-50.47220	0	52	2021-09-24T17:49:32
2.65621	-50.47138	0	52	2021-09-24T17:54:33
2.65927	-50.47067	0	52	2021-09-24T17:59:33
2.66226	-50.47000	0	52	2021-09-24T18:04:32
2.66528	-50.46909	0	52	2021-09-24T18:09:55
2.66811	-50.46857	0	52	2021-09-24T18:14:29
2.67116	-50.46780	0	52	2021-09-24T18:19:56
2.67358	-50.46732	0	52	2021-09-24T18:24:27
2.67617	-50.46680	0	52	2021-09-24T18:29:24
2.67865	-50.46631	0	52	2021-09-24T18:34:25
2.68101	-50.46588	0	52	2021-09-24T18:39:23
2.68324	-50.46558	0	52	2021-09-24T18:44:24
2.68531	-50.46530	0	52	2021-09-24T18:49:24
2.68723	-50.46518	0	52	2021-09-24T18:54:25
2.68897	-50.46521	0	52	2021-09-24T18:59:21
2.69053	-50.46539	0	52	2021-09-24T19:04:23
2.69193	-50.46577	0	52	2021-09-24T19:09:58
2.69294	-50.46616	0	52	2021-09-24T19:14:20
2.69386	-50.46689	0	52	2021-09-24T19:19:59
2.69432	-50.46762	0	52	2021-09-24T19:24:17
2.69465	-50.46870	0	52	2021-09-24T19:29:18
2.69469	-50.46982	0	52	2021-09-24T19:34:17
2.69449	-50.47116	0	52	2021-09-24T19:39:16
2.69405	-50.47269	0	52	2021-09-24T19:44:14
2.69345	-50.47446	0	52	2021-09-24T19:49:14
2.69255	-50.47635	0	52	2021-09-24T19:54:14
2.69142	-50.47848	0	52	2021-09-24T19:59:13
2.69013	-50.48071	0	52	2021-09-24T20:04:13
2.68855	-50.48324	0	52	2021-09-24T20:09:37
2.68688	-50.48566	0	52	2021-09-24T20:14:12
2.68486	-50.48856	0	52	2021-09-24T20:19:36
2.68293	-50.49097	0	52	2021-09-24T20:24:10
2.68059	-50.49384	0	52	2021-09-24T20:29:09
2.67805	-50.49677	0	52	2021-09-24T20:34:10
2.67530	-50.49979	0	52	2021-09-24T20:39:08
2.67231	-50.50287	0	52	2021-09-24T20:44:09
2.66909	-50.50603	0	52	2021-09-24T20:49:10
2.66570	-50.50903	0	52	2021-09-24T20:54:10
2.65845	-50.51500	0	52	2021-09-24T21:04:09
2.65459	-50.51792	0	52	2021-09-24T21:09:09
2.65068	-50.52075	0	52	2021-09-24T21:14:10
2.64663	-50.52374	0	52	2021-09-24T21:19:26
2.64269	-50.52651	0	52	2021-09-24T21:24:08
2.63857	-50.52917	0	52	2021-09-24T21:29:08
2.63423	-50.53207	0	52	2021-09-24T21:34:09
2.62987	-50.53488	0	52	2021-09-24T21:39:06
2.62558	-50.53769	0	52	2021-09-24T21:44:07
2.62123	-50.54050	0	52	2021-09-24T21:49:05
2.61683	-50.54337	0	52	2021-09-24T21:54:08
2.61246	-50.54617	0	52	2021-09-24T21:59:06
2.60811	-50.54898	0	52	2021-09-24T22:04:06
2.60373	-50.55173	0	52	2021-09-24T22:09:05
2.59923	-50.55453	0	52	2021-09-24T22:14:05
2.59445	-50.55753	0	52	2021-09-24T22:19:02
2.59037	-50.55993	0	52	2021-09-24T22:24:02
2.58599	-50.56259	0	52	2021-09-24T22:29:02
2.58170	-50.56519	0	52	2021-09-24T22:34:01
2.57748	-50.56778	0	52	2021-09-24T22:38:58
2.57340	-50.57034	0	52	2021-09-24T22:43:59
2.56946	-50.57288	0	52	2021-09-24T22:48:58
2.56566	-50.57544	0	52	2021-09-24T22:54:00
2.56196	-50.57794	0	52	2021-09-24T22:58:57
2.55853	-50.58026	0	52	2021-09-24T23:03:58
2.55523	-50.58249	0	52	2021-09-24T23:08:58
2.55201	-50.58484	0	52	2021-09-24T23:14:00
2.54875	-50.58743	0	52	2021-09-24T23:19:00
2.54618	-50.58966	0	52	2021-09-24T23:24:00
2.54333	-50.59189	0	52	2021-09-24T23:29:01
2.54068	-50.59399	0	52	2021-09-24T23:33:59
2.53812	-50.59604	0	52	2021-09-24T23:39:00
2.53573	-50.59796	0	52	2021-09-24T23:43:58
2.53139	-50.60150	0	52	2021-09-24T23:53:59
2.52951	-50.60344	0	52	2021-09-24T23:59:03
2.52779	-50.60516	0	52	2021-09-25T00:04:03
2.52625	-50.60681	0	52	2021-09-25T00:09:01
2.52489	-50.60843	0	52	2021-09-25T00:14:29
2.52386	-50.60980	0	52	2021-09-25T00:19:29
2.52307	-50.61124	0	52	2021-09-25T00:24:04
2.52251	-50.61279	0	52	2021-09-25T00:29:05
2.52205	-50.61432	0	52	2021-09-25T00:34:06
2.52176	-50.61578	0	52	2021-09-25T00:39:04
2.52159	-50.61728	0	52	2021-09-25T00:44:06
2.52156	-50.61877	0	52	2021-09-25T00:49:04
2.52159	-50.62027	0	52	2021-09-25T00:54:05
2.52172	-50.62173	0	52	2021-09-25T00:59:05
2.52197	-50.62314	0	52	2021-09-25T01:04:03
2.52231	-50.62463	0	52	2021-09-25T01:09:05
2.52278	-50.62615	0	52	2021-09-25T01:14:25
2.52347	-50.62778	0	52	2021-09-25T01:19:25
2.52416	-50.62924	0	52	2021-09-25T01:24:07
2.52502	-50.63071	0	52	2021-09-25T01:29:11
2.52600	-50.63216	0	52	2021-09-25T01:34:11
2.52707	-50.63345	0	52	2021-09-25T01:39:10
2.52834	-50.63480	0	52	2021-09-25T01:44:10
2.52978	-50.63613	0	52	2021-09-25T01:49:15
2.53128	-50.63742	0	52	2021-09-25T01:54:15
2.53296	-50.63873	0	52	2021-09-25T01:59:13
2.53473	-50.64001	0	52	2021-09-25T02:04:12
2.53660	-50.64120	0	52	2021-09-25T02:09:13
2.53860	-50.64224	0	52	2021-09-25T02:14:11
2.54091	-50.64343	0	52	2021-09-25T02:19:35
2.54307	-50.64449	0	52	2021-09-25T02:24:13
2.54543	-50.64535	0	52	2021-09-25T02:29:13
2.54788	-50.64621	0	52	2021-09-25T02:34:12
2.55041	-50.64713	0	52	2021-09-25T02:39:14
2.55301	-50.64803	0	52	2021-09-25T02:44:13
2.55571	-50.64880	0	52	2021-09-25T02:49:13
2.55852	-50.64960	0	52	2021-09-25T02:54:13
2.56134	-50.65033	0	52	2021-09-25T02:59:15
2.56418	-50.65106	0	52	2021-09-25T03:04:13
2.56719	-50.65182	0	52	2021-09-25T03:09:16
2.57019	-50.65253	0	52	2021-09-25T03:14:14
2.57353	-50.65326	0	52	2021-09-25T03:19:38
2.57647	-50.65397	0	52	2021-09-25T03:24:16
2.57965	-50.65457	0	52	2021-09-25T03:29:16
2.58296	-50.65540	0	52	2021-09-25T03:34:16
2.58624	-50.65598	0	52	2021-09-25T03:39:18
2.58959	-50.65673	0	52	2021-09-25T03:44:22
2.59298	-50.65733	0	52	2021-09-25T03:49:22
2.59641	-50.65793	0	52	2021-09-25T03:54:21
2.59989	-50.65857	0	52	2021-09-25T03:59:24
2.60340	-50.65934	0	52	2021-09-25T04:04:25
2.60679	-50.65994	0	52	2021-09-25T04:09:24
2.61018	-50.66058	0	52	2021-09-25T04:14:24
2.61386	-50.66125	0	52	2021-09-25T04:19:56
2.61689	-50.66185	0	52	2021-09-25T04:24:22
2.62024	-50.66245	0	52	2021-09-25T04:29:23
2.62360	-50.66302	0	52	2021-09-25T04:34:20
2.62690	-50.66364	0	52	2021-09-25T04:39:21
2.63020	-50.66422	0	52	2021-09-25T04:44:24
2.63340	-50.66473	0	52	2021-09-25T04:49:22
2.63656	-50.66534	0	52	2021-09-25T04:54:20
2.63963	-50.66586	0	52	2021-09-25T04:59:25
2.64271	-50.66650	0	52	2021-09-25T05:04:24
2.64563	-50.66693	0	52	2021-09-25T05:09:23
2.64851	-50.66736	0	52	2021-09-25T05:14:23
2.65166	-50.66782	0	52	2021-09-25T05:19:55
2.65416	-50.66812	0	52	2021-09-25T05:24:24
2.65689	-50.66840	0	52	2021-09-25T05:29:25
2.65954	-50.66868	0	52	2021-09-25T05:34:25
2.66207	-50.66885	0	52	2021-09-25T05:39:24
2.66464	-50.66907	0	52	2021-09-25T05:44:21
2.66712	-50.66913	0	52	2021-09-25T05:49:21
2.66957	-50.66922	0	52	2021-09-25T05:54:22
2.67200	-50.66928	0	52	2021-09-25T05:59:23
2.67436	-50.66937	0	52	2021-09-25T06:04:23
2.67669	-50.66949	0	52	2021-09-25T06:09:21
2.67904	-50.66968	0	52	2021-09-25T06:14:53
2.68157	-50.66977	0	52	2021-09-25T06:19:53
2.68356	-50.66992	0	52	2021-09-25T06:24:23
2.68574	-50.67001	0	52	2021-09-25T06:29:21
2.68788	-50.67014	0	52	2021-09-25T06:34:26
2.68994	-50.67014	0	52	2021-09-25T06:39:26
2.69198	-50.67023	0	52	2021-09-25T06:44:26
2.69392	-50.67041	0	52	2021-09-25T06:49:24
2.69586	-50.67064	0	52	2021-09-25T06:54:29
2.69771	-50.67081	0	52	2021-09-25T06:59:29
2.69947	-50.67114	0	52	2021-09-25T07:04:29
2.70118	-50.67151	0	52	2021-09-25T07:09:31
2.70278	-50.67196	0	52	2021-09-25T07:14:56
2.70411	-50.67239	0	52	2021-09-25T07:19:56
2.70502	-50.67285	0	52	2021-09-25T07:24:32
2.70586	-50.67340	0	52	2021-09-25T07:29:31
2.70665	-50.67398	0	52	2021-09-25T07:34:30
2.70737	-50.67468	0	52	2021-09-25T07:39:31
2.70792	-50.67551	0	52	2021-09-25T07:44:29
2.70832	-50.67645	0	52	2021-09-25T07:49:30
2.70826	-50.67880	0	52	2021-09-25T07:59:31
2.70771	-50.68015	0	52	2021-09-25T08:04:32
2.70693	-50.68164	0	52	2021-09-25T08:09:33
2.70577	-50.68323	0	52	2021-09-25T08:14:31
2.70411	-50.68503	0	52	2021-09-25T08:19:57
2.70240	-50.68677	0	52	2021-09-25T08:24:33
2.70040	-50.68870	0	52	2021-09-25T08:29:29
2.69821	-50.69067	0	52	2021-09-25T08:34:30
2.69573	-50.69263	0	52	2021-09-25T08:39:28
2.69301	-50.69449	0	52	2021-09-25T08:44:28
2.69013	-50.69621	0	52	2021-09-25T08:49:29
2.68713	-50.69775	0	52	2021-09-25T08:54:29
2.68397	-50.69897	0	52	2021-09-25T08:59:31
2.68079	-50.70011	0	52	2021-09-25T09:04:28
2.67749	-50.70105	0	52	2021-09-25T09:09:28
2.67408	-50.70187	0	52	2021-09-25T09:14:30
2.67025	-50.70261	0	52	2021-09-25T09:19:56
2.66707	-50.70330	0	52	2021-09-25T09:24:35
2.66355	-50.70367	0	52	2021-09-25T09:29:32
2.65995	-50.70407	0	52	2021-09-25T09:34:36
2.65621	-50.70447	0	52	2021-09-25T09:39:34
2.65236	-50.70480	0	52	2021-09-25T09:44:37
2.64850	-50.70514	0	52	2021-09-25T09:49:36
2.64455	-50.70547	0	52	2021-09-25T09:54:39
2.64058	-50.70578	0	52	2021-09-25T09:59:38
2.63663	-50.70604	0	52	2021-09-25T10:04:38
2.63272	-50.70621	0	52	2021-09-25T10:09:39
2.62878	-50.70630	0	52	2021-09-25T10:14:39
2.62455	-50.70639	0	52	2021-09-25T10:19:58
2.62082	-50.70639	0	52	2021-09-25T10:24:38
2.61683	-50.70639	0	52	2021-09-25T10:29:38
2.61302	-50.70627	0	52	2021-09-25T10:34:35
2.60927	-50.70615	0	52	2021-09-25T10:39:33
2.60204	-50.70590	0	52	2021-09-25T10:49:34
2.59527	-50.70557	0	52	2021-09-25T10:59:36
2.59201	-50.70540	0	52	2021-09-25T11:04:37
2.58883	-50.70523	0	52	2021-09-25T11:09:37
2.58571	-50.70502	0	52	2021-09-25T11:14:38
2.58259	-50.70482	0	52	2021-09-25T11:19:40
2.57993	-50.70456	0	52	2021-09-25T11:24:40
2.57730	-50.70428	0	52	2021-09-25T11:29:40
2.57477	-50.70384	0	52	2021-09-25T11:34:39
2.57241	-50.70350	0	52	2021-09-25T11:39:39
2.57022	-50.70316	0	52	2021-09-25T11:44:40
2.56820	-50.70282	0	52	2021-09-25T11:49:37
2.56624	-50.70228	0	52	2021-09-25T11:54:42
2.56462	-50.70197	0	52	2021-09-25T11:59:42
2.56307	-50.70151	0	52	2021-09-25T12:04:43
2.56168	-50.70102	0	52	2021-09-25T12:09:41
2.56046	-50.70046	0	52	2021-09-25T12:14:43
2.55947	-50.69977	0	52	2021-09-25T12:19:42
2.55870	-50.69934	0	52	2021-09-25T12:24:43
2.55811	-50.69888	0	52	2021-09-25T12:29:40
2.55775	-50.69826	0	52	2021-09-25T12:34:40
2.55754	-50.69792	0	52	2021-09-25T12:39:40
2.55754	-50.69766	0	52	2021-09-25T12:44:39
2.55770	-50.69739	0	52	2021-09-25T12:49:39
2.55808	-50.69699	0	52	2021-09-25T12:54:44
2.55847	-50.69682	0	52	2021-09-25T12:59:44
2.55898	-50.69656	0	52	2021-09-25T13:04:44
2.55955	-50.69635	0	52	2021-09-25T13:09:43
2.56029	-50.69608	0	52	2021-09-25T13:14:47
2.56112	-50.69595	0	52	2021-09-25T13:20:25
2.56191	-50.69571	0	52	2021-09-25T13:24:45
2.56286	-50.69543	0	52	2021-09-25T13:29:50
2.56390	-50.69510	0	52	2021-09-25T13:34:47
2.56500	-50.69479	0	52	2021-09-25T13:39:47
2.56620	-50.69452	0	52	2021-09-25T13:44:47
2.56749	-50.69443	0	52	2021-09-25T13:49:46
2.57040	-50.69421	0	52	2021-09-25T13:59:47
2.57209	-50.69418	0	52	2021-09-25T14:04:48
2.57380	-50.69421	0	52	2021-09-25T14:09:48
2.57573	-50.69427	0	52	2021-09-25T14:14:50
2.57798	-50.69434	0	52	2021-09-25T14:20:25
2.57989	-50.69443	0	52	2021-09-25T14:24:52
2.58225	-50.69455	0	52	2021-09-25T14:29:48
2.58465	-50.69464	0	52	2021-09-25T14:34:49
2.58713	-50.69479	0	52	2021-09-25T14:39:50
2.58978	-50.69492	0	52	2021-09-25T14:44:52
2.59252	-50.69511	0	52	2021-09-25T14:49:52
2.59540	-50.69528	0	52	2021-09-25T14:54:53
2.59833	-50.69550	0	52	2021-09-25T14:59:51
2.60132	-50.69577	0	52	2021-09-25T15:04:54
2.60445	-50.69601	0	52	2021-09-25T15:09:52
2.60764	-50.69629	0	52	2021-09-25T15:14:56
2.61121	-50.69666	0	52	2021-09-25T15:20:27
2.61419	-50.69701	0	52	2021-09-25T15:24:55
2.61754	-50.69727	0	52	2021-09-25T15:29:55
2.62101	-50.69754	0	52	2021-09-25T15:34:56
2.62449	-50.69791	0	52	2021-09-25T15:39:56
2.62790	-50.69830	0	52	2021-09-25T15:44:54
2.63146	-50.69867	0	52	2021-09-25T15:49:59
2.63500	-50.69904	0	52	2021-09-25T15:54:59
2.63853	-50.69943	0	52	2021-09-25T15:59:56
2.64217	-50.70003	0	52	2021-09-25T16:04:56
2.64582	-50.70029	0	52	2021-09-25T16:09:55
2.64929	-50.70081	0	52	2021-09-25T16:14:55
2.65314	-50.70129	0	52	2021-09-25T16:20:26
2.65632	-50.70172	0	52	2021-09-25T16:24:53
2.65989	-50.70226	0	52	2021-09-25T16:29:49
2.66341	-50.70276	0	52	2021-09-25T16:34:51
2.66693	-50.70337	0	52	2021-09-25T16:39:48
2.67040	-50.70404	0	52	2021-09-25T16:44:48
2.67393	-50.70471	0	52	2021-09-25T16:49:46
2.67752	-50.70539	0	52	2021-09-25T16:54:43
2.68104	-50.70599	0	52	2021-09-25T16:59:43
2.68462	-50.70670	0	52	2021-09-25T17:04:43
2.68817	-50.70737	0	52	2021-09-25T17:09:38
2.69173	-50.70801	0	52	2021-09-25T17:14:39
2.69544	-50.70865	0	52	2021-09-25T17:19:54
2.69856	-50.70911	0	52	2021-09-25T17:24:36
2.70182	-50.70959	0	52	2021-09-25T17:29:37
2.70491	-50.70993	0	52	2021-09-25T17:34:34
2.70800	-50.71034	0	52	2021-09-25T17:39:34
2.71113	-50.71060	0	52	2021-09-25T17:44:33
2.71419	-50.71091	0	52	2021-09-25T17:49:33
2.71717	-50.71121	0	52	2021-09-25T17:54:36
2.71996	-50.71136	0	52	2021-09-25T17:59:34
2.72283	-50.71155	0	52	2021-09-25T18:04:35
2.72569	-50.71173	0	52	2021-09-25T18:09:33
2.72849	-50.71188	0	52	2021-09-25T18:14:36
2.73145	-50.71207	0	52	2021-09-25T18:19:37
2.73398	-50.71216	0	52	2021-09-25T18:24:37
2.73664	-50.71231	0	52	2021-09-25T18:29:36
2.73926	-50.71249	0	52	2021-09-25T18:34:39
2.74184	-50.71263	0	52	2021-09-25T18:39:37
2.74429	-50.71280	0	52	2021-09-25T18:44:37
2.74664	-50.71295	0	52	2021-09-25T18:49:36
2.75108	-50.71329	0	52	2021-09-25T18:59:36
2.75317	-50.71358	0	52	2021-09-25T19:04:38
2.75506	-50.71384	0	52	2021-09-25T19:09:38
2.75685	-50.71420	0	52	2021-09-25T19:14:36
2.75875	-50.71469	0	52	2021-09-25T19:19:33
2.76021	-50.71503	0	52	2021-09-25T19:24:34
2.76171	-50.71552	0	52	2021-09-25T19:29:31
2.76307	-50.71607	0	52	2021-09-25T19:34:31
2.76423	-50.71667	0	52	2021-09-25T19:39:31
2.76521	-50.71741	0	52	2021-09-25T19:44:32
2.76589	-50.71820	0	52	2021-09-25T19:49:33
2.76633	-50.71902	0	52	2021-09-25T19:54:32
2.76656	-50.72000	0	52	2021-09-25T19:59:32
2.76651	-50.72107	0	52	2021-09-25T20:04:37
2.76382	-50.72642	0	52	2021-09-25T20:24:39
2.76258	-50.72779	0	52	2021-09-25T20:29:38
2.76108	-50.72925	0	52	2021-09-25T20:34:38
2.75937	-50.73071	0	52	2021-09-25T20:39:39
2.75747	-50.73215	0	52	2021-09-25T20:44:38
2.75533	-50.73358	0	52	2021-09-25T20:49:37
2.75299	-50.73489	0	52	2021-09-25T20:54:34
2.75048	-50.73611	0	52	2021-09-25T20:59:37
2.74474	-50.73838	0	52	2021-09-25T21:09:55
2.74156	-50.73932	0	52	2021-09-25T21:14:55
2.73808	-50.74026	0	52	2021-09-25T21:19:54
2.73479	-50.74122	0	52	2021-09-25T21:24:42
2.73119	-50.74199	0	52	2021-09-25T21:29:42
2.72741	-50.74268	0	52	2021-09-25T21:34:41
2.72369	-50.74313	0	52	2021-09-25T21:39:40
2.72011	-50.74356	0	52	2021-09-25T21:44:38
2.71655	-50.74398	0	52	2021-09-25T21:49:38
2.71303	-50.74432	0	52	2021-09-25T21:54:37
2.70955	-50.74466	0	52	2021-09-25T21:59:37
2.70589	-50.74505	0	52	2021-09-25T22:04:35
2.70207	-50.74531	0	52	2021-09-25T22:09:35
2.69808	-50.74557	0	52	2021-09-25T22:14:36
2.69375	-50.74573	0	52	2021-09-25T22:19:58
2.68990	-50.74591	0	52	2021-09-25T22:24:36
2.68574	-50.74591	0	52	2021-09-25T22:29:35
2.68154	-50.74591	0	52	2021-09-25T22:34:38
2.67726	-50.74582	0	52	2021-09-25T22:39:36
2.67290	-50.74561	0	52	2021-09-25T22:44:34
2.66865	-50.74533	0	52	2021-09-25T22:49:35
2.66488	-50.74493	0	52	2021-09-25T22:54:34
2.66126	-50.74469	0	52	2021-09-25T22:59:36
2.65763	-50.74425	0	52	2021-09-25T23:04:37
2.65415	-50.74399	0	52	2021-09-25T23:09:37
2.65057	-50.74350	0	52	2021-09-25T23:14:54
2.64662	-50.74307	0	52	2021-09-25T23:19:54
2.64315	-50.74265	0	52	2021-09-25T23:24:40
2.63969	-50.74219	0	52	2021-09-25T23:29:43
2.63641	-50.74161	0	52	2021-09-25T23:34:42
2.63027	-50.74063	0	52	2021-09-25T23:44:46
2.62749	-50.74018	0	52	2021-09-25T23:49:44
2.62492	-50.73975	0	52	2021-09-25T23:54:45
2.62274	-50.73950	0	52	2021-09-25T23:59:42
2.62061	-50.73920	0	52	2021-09-26T00:04:43
2.61865	-50.73895	0	52	2021-09-26T00:09:44
2.61686	-50.73865	0	52	2021-09-26T00:14:47
2.61516	-50.73837	0	52	2021-09-26T00:20:08
2.61383	-50.73819	0	52	2021-09-26T00:24:50
2.61249	-50.73798	0	52	2021-09-26T00:29:47
2.61121	-50.73779	0	52	2021-09-26T00:34:48
2.60885	-50.73734	0	52	2021-09-26T00:44:50
2.60783	-50.73715	0	52	2021-09-26T00:49:51
2.60688	-50.73700	0	52	2021-09-26T00:54:51
2.60613	-50.73682	0	52	2021-09-26T00:59:45
2.60549	-50.73682	0	52	2021-09-26T01:04:46
2.60483	-50.73663	0	52	2021-09-26T01:09:46
2.60445	-50.73642	0	52	2021-09-26T01:14:44
2.60417	-50.73621	0	52	2021-09-26T01:20:07
2.60417	-50.73611	0	52	2021-09-26T01:24:46
2.60435	-50.73599	0	52	2021-09-26T01:29:45
2.60466	-50.73575	0	52	2021-09-26T01:34:47
2.60515	-50.73560	0	52	2021-09-26T01:39:44
2.60580	-50.73547	0	52	2021-09-26T01:44:45
2.60647	-50.73544	0	52	2021-09-26T01:49:45
2.60710	-50.73551	0	52	2021-09-26T01:54:47
2.60762	-50.73547	0	52	2021-09-26T01:59:46
2.60830	-50.73560	0	52	2021-09-26T02:04:48
2.60921	-50.73572	0	52	2021-09-26T02:09:49
2.61024	-50.73587	0	52	2021-09-26T02:14:49
2.61156	-50.73599	0	52	2021-09-26T02:20:07
2.61276	-50.73621	0	52	2021-09-26T02:24:44
2.61411	-50.73660	0	52	2021-09-26T02:29:40
2.61557	-50.73686	0	52	2021-09-26T02:34:39
2.61707	-50.73712	0	52	2021-09-26T02:39:39
2.61871	-50.73743	0	52	2021-09-26T02:44:40
2.62040	-50.73764	0	52	2021-09-26T02:49:40
2.62227	-50.73785	0	52	2021-09-26T02:54:40
2.62427	-50.73807	0	52	2021-09-26T02:59:42
2.62650	-50.73822	0	52	2021-09-26T03:04:40
2.62877	-50.73841	0	52	2021-09-26T03:10:07
2.63111	-50.73865	0	52	2021-09-26T03:14:45
2.63366	-50.73901	0	52	2021-09-26T03:20:08
2.63603	-50.73929	0	52	2021-09-26T03:24:43
2.63875	-50.73959	0	52	2021-09-26T03:29:44
2.64147	-50.73993	0	52	2021-09-26T03:34:43
2.64418	-50.74017	0	52	2021-09-26T03:39:44
2.64693	-50.74048	0	52	2021-09-26T03:44:42
2.64976	-50.74078	0	52	2021-09-26T03:49:46
2.65246	-50.74112	0	52	2021-09-26T03:54:45
2.65525	-50.74149	0	52	2021-09-26T03:59:43
2.65811	-50.74194	0	52	2021-09-26T04:04:42
2.66100	-50.74234	0	52	2021-09-26T04:09:43
2.66384	-50.74277	0	52	2021-09-26T04:14:40
2.66705	-50.74310	0	52	2021-09-26T04:20:07
2.66974	-50.74356	0	52	2021-09-26T04:24:34
2.67289	-50.74417	0	52	2021-09-26T04:29:34
2.67598	-50.74460	0	52	2021-09-26T04:34:34
2.67916	-50.74503	0	52	2021-09-26T04:39:33
2.68234	-50.74572	0	52	2021-09-26T04:44:32
2.68555	-50.74619	0	52	2021-09-26T04:49:31
2.68874	-50.74683	0	52	2021-09-26T04:54:31
2.69193	-50.74747	0	52	2021-09-26T04:59:29
2.69511	-50.74817	0	52	2021-09-26T05:04:29
2.69830	-50.74884	0	52	2021-09-26T05:09:30
2.70153	-50.74960	0	52	2021-09-26T05:14:31
2.70496	-50.75031	0	52	2021-09-26T05:19:53
2.70787	-50.75099	0	52	2021-09-26T05:24:28
2.71083	-50.75168	0	52	2021-09-26T05:29:28
2.71378	-50.75250	0	52	2021-09-26T05:34:26
2.71676	-50.75327	0	52	2021-09-26T05:39:27
2.71966	-50.75406	0	52	2021-09-26T05:44:25
2.72255	-50.75479	0	52	2021-09-26T05:49:26
2.72547	-50.75558	0	52	2021-09-26T05:54:25
2.72834	-50.75638	0	52	2021-09-26T05:59:26
2.73109	-50.75712	0	52	2021-09-26T06:04:24
2.73384	-50.75781	0	52	2021-09-26T06:09:25
2.73655	-50.75851	0	52	2021-09-26T06:14:22
2.73960	-50.75926	0	52	2021-09-26T06:19:19
2.74205	-50.75986	0	52	2021-09-26T06:24:19
2.74487	-50.76056	0	52	2021-09-26T06:29:24
2.74760	-50.76120	0	52	2021-09-26T06:34:21
2.75035	-50.76192	0	52	2021-09-26T06:39:21
2.75301	-50.76252	0	52	2021-09-26T06:44:20
2.75567	-50.76321	0	52	2021-09-26T06:49:20
2.75835	-50.76389	0	52	2021-09-26T06:54:25
2.76101	-50.76456	0	52	2021-09-26T06:59:24
2.76376	-50.76518	0	52	2021-09-26T07:04:23
2.76646	-50.76569	0	52	2021-09-26T07:09:23
2.76908	-50.76627	0	52	2021-09-26T07:14:21
2.77421	-50.76749	0	52	2021-09-26T07:24:21
2.78159	-50.76928	0	52	2021-09-26T07:39:17
2.78382	-50.76988	0	52	2021-09-26T07:44:18
2.78588	-50.77048	0	52	2021-09-26T07:49:18
2.78763	-50.77103	0	52	2021-09-26T07:54:19
2.78910	-50.77161	0	52	2021-09-26T07:59:20
2.79039	-50.77228	0	52	2021-09-26T08:04:18
2.79136	-50.77298	0	52	2021-09-26T08:09:19
2.79210	-50.77377	0	52	2021-09-26T08:14:18
2.79260	-50.77487	0	52	2021-09-26T08:19:54
2.79278	-50.77585	0	52	2021-09-26T08:24:17
2.79274	-50.77701	0	52	2021-09-26T08:29:18
2.79247	-50.77826	0	52	2021-09-26T08:34:17
2.79209	-50.77948	0	52	2021-09-26T08:39:18
2.79162	-50.78079	0	52	2021-09-26T08:44:20
2.79096	-50.78207	0	52	2021-09-26T08:49:17
2.79013	-50.78333	0	52	2021-09-26T08:54:19
2.78910	-50.78455	0	52	2021-09-26T08:59:18
2.78786	-50.78568	0	52	2021-09-26T09:04:19
2.78645	-50.78679	0	52	2021-09-26T09:09:54
2.78491	-50.78769	0	52	2021-09-26T09:14:20
2.78285	-50.78867	0	52	2021-09-26T09:19:53
2.78109	-50.78940	0	52	2021-09-26T09:24:19
2.77893	-50.79014	0	52	2021-09-26T09:29:20
2.77661	-50.79074	0	52	2021-09-26T09:34:20
2.77426	-50.79126	0	52	2021-09-26T09:39:18
2.77183	-50.79172	0	52	2021-09-26T09:44:19
2.76924	-50.79217	0	52	2021-09-26T09:49:19
2.76658	-50.79251	0	52	2021-09-26T09:54:18
2.76373	-50.79285	0	52	2021-09-26T09:59:18
2.76084	-50.79306	0	52	2021-09-26T10:04:19
2.75784	-50.79333	0	52	2021-09-26T10:09:18
2.75468	-50.79364	0	52	2021-09-26T10:14:19
2.75087	-50.79388	0	52	2021-09-26T10:19:58
2.74782	-50.79410	0	52	2021-09-26T10:24:19
2.74416	-50.79436	0	52	2021-09-26T10:29:19
2.74034	-50.79453	0	52	2021-09-26T10:34:20
2.73636	-50.79487	0	52	2021-09-26T10:39:20
2.73241	-50.79504	0	52	2021-09-26T10:44:20
2.72850	-50.79520	0	52	2021-09-26T10:49:22
2.72468	-50.79526	0	52	2021-09-26T10:54:18
2.72112	-50.79526	0	52	2021-09-26T10:59:17
2.71771	-50.79535	0	52	2021-09-26T11:04:21
2.71436	-50.79535	0	52	2021-09-26T11:09:21
2.71102	-50.79541	0	52	2021-09-26T11:14:19
2.70714	-50.79547	0	52	2021-09-26T11:19:57
2.70419	-50.79550	0	52	2021-09-26T11:24:18
2.70077	-50.79547	0	52	2021-09-26T11:29:17
2.69735	-50.79541	0	52	2021-09-26T11:34:17
2.69400	-50.79532	0	52	2021-09-26T11:39:15
2.69068	-50.79514	0	52	2021-09-26T11:44:15
2.68728	-50.79489	0	52	2021-09-26T11:49:12
2.68394	-50.79465	0	52	2021-09-26T11:54:11
2.68060	-50.79416	0	52	2021-09-26T11:59:11
2.67734	-50.79373	0	52	2021-09-26T12:04:12
2.67425	-50.79330	0	52	2021-09-26T12:09:12
2.67118	-50.79281	0	52	2021-09-26T12:14:26
2.66839	-50.79221	0	52	2021-09-26T12:19:26
2.66606	-50.79187	0	52	2021-09-26T12:24:11
2.66398	-50.79160	0	52	2021-09-26T12:29:09
2.66206	-50.79141	0	52	2021-09-26T12:34:09
2.66024	-50.79118	0	52	2021-09-26T12:39:04
2.65861	-50.79114	0	52	2021-09-26T12:44:04
2.65703	-50.79092	0	52	2021-09-26T12:49:04
2.65556	-50.79077	0	52	2021-09-26T12:54:05
2.65424	-50.79056	0	52	2021-09-26T12:59:06
2.65304	-50.79047	0	52	2021-09-26T13:04:06
2.65192	-50.79047	0	52	2021-09-26T13:09:05
2.65097	-50.79041	0	52	2021-09-26T13:14:05
2.64949	-50.79059	0	52	2021-09-26T13:24:06
2.64900	-50.79077	0	52	2021-09-26T13:29:04
2.64874	-50.79099	0	52	2021-09-26T13:34:07
2.64871	-50.79126	0	52	2021-09-26T13:39:08
2.64880	-50.79160	0	52	2021-09-26T13:44:07
2.64898	-50.79199	0	52	2021-09-26T13:49:07
2.64930	-50.79239	0	52	2021-09-26T13:54:11
2.64977	-50.79282	0	52	2021-09-26T13:59:13
2.65036	-50.79327	0	52	2021-09-26T14:04:13
2.65100	-50.79373	0	52	2021-09-26T14:09:14
2.65167	-50.79425	0	52	2021-09-26T14:14:15
2.65251	-50.79483	0	52	2021-09-26T14:19:36
2.65333	-50.79532	0	52	2021-09-26T14:24:14
2.65427	-50.79584	0	52	2021-09-26T14:29:18
2.65528	-50.79647	0	52	2021-09-26T14:34:15
2.65635	-50.79698	0	52	2021-09-26T14:39:16
2.65747	-50.79758	0	52	2021-09-26T14:44:16
2.65876	-50.79830	0	52	2021-09-26T14:49:16
2.66022	-50.79890	0	52	2021-09-26T14:54:15
2.66176	-50.79959	0	52	2021-09-26T14:59:15
2.66347	-50.80035	0	52	2021-09-26T15:04:16
2.66530	-50.80115	0	52	2021-09-26T15:09:13
2.66732	-50.80194	0	52	2021-09-26T15:14:37
2.66955	-50.80280	0	52	2021-09-26T15:19:37
2.67154	-50.80356	0	52	2021-09-26T15:24:12
2.67373	-50.80444	0	52	2021-09-26T15:29:15
2.67604	-50.80530	0	52	2021-09-26T15:34:12
2.67848	-50.80612	0	52	2021-09-26T15:39:10
2.68098	-50.80695	0	52	2021-09-26T15:44:11
2.68357	-50.80792	0	52	2021-09-26T15:49:13
2.68625	-50.80886	0	52	2021-09-26T15:54:14
2.68891	-50.80972	0	52	2021-09-26T15:59:14
2.69180	-50.81073	0	52	2021-09-26T16:04:14
2.69485	-50.81174	0	52	2021-09-26T16:09:15
2.69785	-50.81268	0	52	2021-09-26T16:14:15
2.70126	-50.81384	0	52	2021-09-26T16:19:37
2.70427	-50.81485	0	52	2021-09-26T16:24:14
2.70750	-50.81595	0	52	2021-09-26T16:29:15
2.71079	-50.81705	0	52	2021-09-26T16:34:13
2.71385	-50.81793	0	52	2021-09-26T16:39:12
2.71647	-50.81879	0	52	2021-09-26T16:44:16
2.71872	-50.81947	0	52	2021-09-26T16:49:12
2.72082	-50.81998	0	52	2021-09-26T16:54:12
2.72290	-50.82056	0	52	2021-09-26T16:59:15
2.72499	-50.82123	0	52	2021-09-26T17:04:13
2.72726	-50.82192	0	52	2021-09-26T17:09:13
2.72966	-50.82269	0	52	2021-09-26T17:14:12
2.73219	-50.82352	0	52	2021-09-26T17:19:38
2.73434	-50.82430	0	52	2021-09-26T17:24:17
2.73649	-50.82492	0	52	2021-09-26T17:29:14
2.73859	-50.82568	0	52	2021-09-26T17:34:17
2.74060	-50.82645	0	52	2021-09-26T17:39:16
2.74265	-50.82729	0	52	2021-09-26T17:44:16
2.74462	-50.82806	0	52	2021-09-26T17:49:16
2.74673	-50.82886	0	52	2021-09-26T17:54:18
2.74896	-50.82976	0	52	2021-09-26T17:59:14
2.75123	-50.83062	0	52	2021-09-26T18:04:13
2.75350	-50.83148	0	52	2021-09-26T18:09:13
2.75594	-50.83228	0	52	2021-09-26T18:14:14
2.75851	-50.83304	0	52	2021-09-26T18:19:38
2.76061	-50.83370	0	52	2021-09-26T18:24:08
2.76293	-50.83439	0	52	2021-09-26T18:29:09
2.76529	-50.83508	0	52	2021-09-26T18:34:09
2.76780	-50.83578	0	52	2021-09-26T18:39:13
2.76997	-50.83634	0	52	2021-09-26T18:44:12
2.77182	-50.83685	0	52	2021-09-26T18:49:12
2.77384	-50.83740	0	52	2021-09-26T18:54:10
2.77600	-50.83801	0	52	2021-09-26T18:59:13
2.77811	-50.83864	0	52	2021-09-26T19:04:14
2.78030	-50.83920	0	52	2021-09-26T19:09:12
2.78253	-50.83984	0	52	2021-09-26T19:14:13
2.78478	-50.84064	0	52	2021-09-26T19:19:39
2.78656	-50.84128	0	52	2021-09-26T19:24:13
2.78854	-50.84201	0	52	2021-09-26T19:29:11
2.79050	-50.84274	0	52	2021-09-26T19:34:08
2.79244	-50.84357	0	52	2021-09-26T19:39:09
2.79428	-50.84442	0	52	2021-09-26T19:44:10
2.79606	-50.84528	0	52	2021-09-26T19:49:07
2.79770	-50.84610	0	52	2021-09-26T19:54:04
2.79931	-50.84691	0	52	2021-09-26T19:59:05
2.80068	-50.84760	0	52	2021-09-26T20:04:05
2.80191	-50.84833	0	52	2021-09-26T20:09:04
2.80309	-50.84907	0	52	2021-09-26T20:14:27
2.80403	-50.84976	0	52	2021-09-26T20:19:27
2.80461	-50.85040	0	52	2021-09-26T20:24:09
2.80505	-50.85117	0	52	2021-09-26T20:29:07
2.80548	-50.85204	0	52	2021-09-26T20:34:07
2.80578	-50.85281	0	52	2021-09-26T20:39:08
2.80593	-50.85367	0	52	2021-09-26T20:44:08
2.80590	-50.85446	0	52	2021-09-26T20:49:09
2.80555	-50.85520	0	52	2021-09-26T20:54:03
2.80504	-50.85580	0	52	2021-09-26T20:59:04
2.80422	-50.85623	0	52	2021-09-26T21:04:04
2.80317	-50.85660	0	52	2021-09-26T21:09:01
2.80186	-50.85693	0	52	2021-09-26T21:14:03
2.80028	-50.85724	0	52	2021-09-26T21:19:27
2.79875	-50.85748	0	52	2021-09-26T21:24:05
2.79698	-50.85770	0	52	2021-09-26T21:29:05
2.79519	-50.85791	0	52	2021-09-26T21:34:06
2.79334	-50.85800	0	52	2021-09-26T21:39:06
2.79140	-50.85803	0	52	2021-09-26T21:44:07
2.78934	-50.85812	0	52	2021-09-26T21:49:07
2.78729	-50.85812	0	52	2021-09-26T21:54:08
2.78504	-50.85800	0	52	2021-09-26T21:59:09
2.78263	-50.85776	0	52	2021-09-26T22:04:07
2.78010	-50.85742	0	52	2021-09-26T22:09:07
2.77748	-50.85709	0	52	2021-09-26T22:14:28
2.77452	-50.85666	0	52	2021-09-26T22:19:28
2.77185	-50.85617	0	52	2021-09-26T22:24:10
2.76884	-50.85550	0	52	2021-09-26T22:29:08
2.76575	-50.85480	0	52	2021-09-26T22:34:11
2.76264	-50.85416	0	52	2021-09-26T22:39:10
2.75956	-50.85354	0	52	2021-09-26T22:44:11
2.75656	-50.85294	0	52	2021-09-26T22:49:11
2.75352	-50.85236	0	52	2021-09-26T22:54:14
2.75049	-50.85172	0	52	2021-09-26T22:59:13
2.74746	-50.85120	0	52	2021-09-26T23:04:14
2.74458	-50.85070	0	52	2021-09-26T23:09:15
2.74166	-50.85019	0	52	2021-09-26T23:14:15
2.73837	-50.84964	0	52	2021-09-26T23:19:42
2.73556	-50.84924	0	52	2021-09-26T23:24:16
2.73242	-50.84879	0	52	2021-09-26T23:29:16
2.72944	-50.84875	0	52	2021-09-26T23:34:17
2.72639	-50.84839	0	52	2021-09-26T23:39:14
2.72338	-50.84808	0	52	2021-09-26T23:44:12
2.72064	-50.84772	0	52	2021-09-26T23:49:12
2.71811	-50.84760	0	52	2021-09-26T23:54:13
2.71560	-50.84738	0	52	2021-09-26T23:59:07
2.71334	-50.84714	0	52	2021-09-27T00:04:08
2.71111	-50.84705	0	52	2021-09-27T00:09:08
2.70884	-50.84686	0	52	2021-09-27T00:14:10
2.70474	-50.84649	0	52	2021-09-27T00:24:11
2.70285	-50.84640	0	52	2021-09-27T00:29:11
2.70113	-50.84631	0	52	2021-09-27T00:34:10
2.69961	-50.84616	0	52	2021-09-27T00:39:10
2.69840	-50.84616	0	52	2021-09-27T00:44:12
2.69743	-50.84634	0	52	2021-09-27T00:49:15
2.69665	-50.84668	0	52	2021-09-27T00:54:13
2.69606	-50.84713	0	52	2021-09-27T00:59:14
2.69546	-50.84747	0	52	2021-09-27T01:04:14
2.69503	-50.84781	0	52	2021-09-27T01:09:14
2.69468	-50.84821	0	52	2021-09-27T01:14:19
2.69420	-50.84863	0	52	2021-09-27T01:19:56
2.69388	-50.84894	0	52	2021-09-27T01:24:18
2.69347	-50.84930	0	52	2021-09-27T01:29:16
2.69336	-50.84973	0	52	2021-09-27T01:34:17
2.69359	-50.85025	0	52	2021-09-27T01:39:14
2.69409	-50.85083	0	52	2021-09-27T01:44:14
2.69474	-50.85150	0	52	2021-09-27T01:49:12
2.69554	-50.85226	0	52	2021-09-27T01:54:12
2.69648	-50.85310	0	52	2021-09-27T01:59:12
2.69755	-50.85379	0	52	2021-09-27T02:04:12
2.69873	-50.85463	0	52	2021-09-27T02:09:25
2.69983	-50.85516	0	52	2021-09-27T02:14:10
2.70131	-50.85574	0	52	2021-09-27T02:19:24
2.70260	-50.85645	0	52	2021-09-27T02:24:08
2.70411	-50.85721	0	52	2021-09-27T02:29:07
2.70569	-50.85797	0	52	2021-09-27T02:34:06
2.70731	-50.85873	0	52	2021-09-27T02:39:04
2.70904	-50.85950	0	52	2021-09-27T02:44:05
2.71086	-50.86023	0	52	2021-09-27T02:49:02
2.71277	-50.86107	0	52	2021-09-27T02:54:03
2.71474	-50.86176	0	52	2021-09-27T02:59:03
2.71683	-50.86255	0	52	2021-09-27T03:04:04
2.71891	-50.86331	0	52	2021-09-27T03:09:01
2.72110	-50.86415	0	52	2021-09-27T03:14:02
2.72363	-50.86509	0	52	2021-09-27T03:19:03
2.72586	-50.86569	0	52	2021-09-27T03:24:03
2.72861	-50.86658	0	52	2021-09-27T03:29:04
2.73133	-50.86746	0	52	2021-09-27T03:34:01
2.73403	-50.86832	0	52	2021-09-27T03:39:00
2.73675	-50.86926	0	52	2021-09-27T03:44:03
2.74234	-50.87155	0	52	2021-09-27T03:54:05
2.74513	-50.87284	0	52	2021-09-27T03:59:05
2.74783	-50.87421	0	52	2021-09-27T04:04:04
2.75044	-50.87561	0	52	2021-09-27T04:09:04
2.75288	-50.87704	0	52	2021-09-27T04:14:05
2.75506	-50.87823	0	52	2021-09-27T04:19:29
2.75679	-50.87943	0	52	2021-09-27T04:24:06
2.75851	-50.88065	0	52	2021-09-27T04:29:04
2.75997	-50.88168	0	52	2021-09-27T04:34:04
2.76124	-50.88269	0	52	2021-09-27T04:39:02
2.76248	-50.88363	0	52	2021-09-27T04:44:02
2.76364	-50.88449	0	52	2021-09-27T04:49:03
2.76475	-50.88525	0	52	2021-09-27T04:54:04
2.76581	-50.88593	0	52	2021-09-27T04:59:02
2.76686	-50.88653	0	52	2021-09-27T05:04:04
2.76798	-50.88713	0	52	2021-09-27T05:09:03
2.76914	-50.88773	0	52	2021-09-27T05:14:04
2.77038	-50.88849	0	52	2021-09-27T05:19:24
2.77160	-50.88910	0	52	2021-09-27T05:24:05
2.77323	-50.88987	0	52	2021-09-27T05:29:06
2.77499	-50.89047	0	52	2021-09-27T05:34:06
2.77667	-50.89120	0	52	2021-09-27T05:39:04
2.77826	-50.89202	0	52	2021-09-27T05:44:06
2.77963	-50.89279	0	52	2021-09-27T05:49:06
2.78095	-50.89362	0	52	2021-09-27T05:54:07
2.78214	-50.89438	0	52	2021-09-27T05:59:07
2.78304	-50.89510	0	52	2021-09-27T06:04:07
2.78368	-50.89570	0	52	2021-09-27T06:09:06
2.78432	-50.89630	0	52	2021-09-27T06:14:06
2.78510	-50.89697	0	52	2021-09-27T06:19:26
2.78596	-50.89804	0	52	2021-09-27T06:24:04
2.78630	-50.89847	0	52	2021-09-27T06:29:05
2.78627	-50.89850	0	52	2021-09-27T06:34:06
2.78628	-50.89850	0	52	2021-09-27T06:39:04
2.78626	-50.89847	0	52	2021-09-27T06:59:02
2.78628	-50.89847	0	52	2021-09-27T07:09:07
2.78627	-50.89847	0	52	2021-09-27T07:14:11
2.78631	-50.89853	0	52	2021-09-27T07:19:35
2.78632	-50.89853	0	52	2021-09-27T07:24:10
2.78631	-50.89853	0	52	2021-09-27T07:44:09
2.78632	-50.89853	0	52	2021-09-27T07:54:10
2.78631	-50.89853	0	52	2021-09-27T08:09:10
2.78632	-50.89853	0	52	2021-09-27T08:19:36
2.78631	-50.89853	0	52	2021-09-27T08:34:15
2.78632	-50.89853	0	52	2021-09-27T08:39:18
2.78631	-50.89853	0	52	2021-09-27T08:44:16
2.78632	-50.89853	0	52	2021-09-27T08:59:19
2.78634	-50.89853	0	52	2021-09-27T09:04:22
2.78631	-50.89853	0	52	2021-09-27T09:09:23
2.78632	-50.89853	0	52	2021-09-27T09:39:18
2.78630	-50.89859	0	52	2021-09-27T09:44:19
2.78625	-50.89868	0	52	2021-09-27T09:49:19
2.78621	-50.89880	0	52	2021-09-27T09:54:21
2.78617	-50.89893	0	52	2021-09-27T09:59:20
2.78616	-50.89902	0	52	2021-09-27T10:04:22
2.78614	-50.89911	0	52	2021-09-27T10:09:19
2.78613	-50.89920	0	52	2021-09-27T10:14:19
2.78609	-50.89932	0	52	2021-09-27T10:24:19
2.78606	-50.89941	0	52	2021-09-27T10:29:16
2.78604	-50.89948	0	52	2021-09-27T10:34:13
2.78599	-50.89954	0	52	2021-09-27T10:39:13
2.78599	-50.89963	0	52	2021-09-27T10:44:14
2.78598	-50.89975	0	52	2021-09-27T10:49:18
2.78595	-50.89981	0	52	2021-09-27T10:54:20
2.78595	-50.89990	0	52	2021-09-27T10:59:20
2.78585	-50.90019	0	52	2021-09-27T11:04:21
2.78581	-50.90036	0	52	2021-09-27T11:09:22
2.78577	-50.90085	0	52	2021-09-27T11:14:22
2.78556	-50.90158	0	52	2021-09-27T11:19:54
2.78506	-50.90219	0	52	2021-09-27T11:24:21
2.78457	-50.90263	0	52	2021-09-27T11:29:21
2.78436	-50.90280	0	52	2021-09-27T11:34:21
2.78414	-50.90289	0	52	2021-09-27T11:39:16
2.78397	-50.90308	0	52	2021-09-27T11:44:17
2.78375	-50.90340	0	52	2021-09-27T11:49:18
2.78358	-50.90366	0	52	2021-09-27T11:54:18
2.78339	-50.90390	0	52	2021-09-27T11:59:16
2.78320	-50.90414	0	52	2021-09-27T12:04:22
2.78296	-50.90449	0	52	2021-09-27T12:09:17
2.78270	-50.90475	0	52	2021-09-27T12:14:18
2.78228	-50.90512	0	52	2021-09-27T12:19:56
2.78183	-50.90546	0	52	2021-09-27T12:24:16
2.78149	-50.90572	0	52	2021-09-27T12:29:16
2.78128	-50.90598	0	52	2021-09-27T12:34:16
2.78111	-50.90625	0	52	2021-09-27T12:39:21
2.78088	-50.90659	0	52	2021-09-27T12:44:18
2.78062	-50.90710	0	52	2021-09-27T12:49:17
2.78063	-50.90735	0	52	2021-09-27T12:54:17
2.78067	-50.90735	0	52	2021-09-27T12:59:17
2.78061	-50.90729	0	52	2021-09-27T13:04:19
2.78055	-50.90735	0	52	2021-09-27T13:09:18
2.78059	-50.90735	0	52	2021-09-27T13:14:19
2.78055	-50.90738	0	52	2021-09-27T13:19:18
2.78059	-50.90738	0	52	2021-09-27T13:24:18
2.78056	-50.90735	0	52	2021-09-27T13:29:18
2.78060	-50.90735	0	52	2021-09-27T13:34:17
2.78062	-50.90738	0	52	2021-09-27T13:39:20
2.78058	-50.90738	0	52	2021-09-27T13:49:19
2.78064	-50.90738	0	52	2021-09-27T13:54:18
2.78057	-50.90741	0	52	2021-09-27T14:04:17
2.78058	-50.90741	0	52	2021-09-27T14:14:18
2.78054	-50.90744	0	52	2021-09-27T14:24:17
2.78055	-50.90744	0	52	2021-09-27T14:29:18
2.78051	-50.90744	0	52	2021-09-27T14:34:18
2.78055	-50.90744	0	52	2021-09-27T14:44:17
2.78056	-50.90744	0	52	2021-09-27T14:49:17
2.78055	-50.90744	0	52	2021-09-27T14:54:18
2.78053	-50.90747	0	52	2021-09-27T14:59:23
2.78062	-50.90756	0	52	2021-09-27T15:04:23
2.78057	-50.90744	0	52	2021-09-27T15:09:21
2.78056	-50.90744	0	52	2021-09-27T15:14:25
2.78054	-50.90735	0	52	2021-09-27T15:24:27
2.78060	-50.90744	0	52	2021-09-27T15:29:25
2.78053	-50.90741	0	52	2021-09-27T15:34:26
2.78058	-50.90732	0	52	2021-09-27T15:39:27
2.78058	-50.90741	0	52	2021-09-27T15:44:27
2.78059	-50.90735	0	52	2021-09-27T15:49:26
2.78053	-50.90747	0	52	2021-09-27T15:54:25
2.78066	-50.90747	0	52	2021-09-27T16:04:25
2.78052	-50.90729	0	52	2021-09-27T16:09:24
2.78059	-50.90735	0	52	2021-09-27T16:14:25
2.78050	-50.90753	0	52	2021-09-27T16:19:28
2.78050	-50.90744	0	52	2021-09-27T16:24:27
2.78049	-50.90753	0	52	2021-09-27T16:34:31
2.78054	-50.90750	0	52	2021-09-27T16:39:27
2.78051	-50.90735	0	52	2021-09-27T16:44:25
2.78054	-50.90739	0	52	2021-09-27T17:09:29
2.78054	-50.90756	0	52	2021-09-27T17:14:29
2.78052	-50.90750	0	52	2021-09-27T17:19:57
2.78056	-50.90747	0	52	2021-09-27T17:29:26
2.78052	-50.90747	0	52	2021-09-27T17:34:26
2.78051	-50.90744	0	52	2021-09-27T17:44:27
2.78054	-50.90747	0	52	2021-09-27T17:54:26
2.78049	-50.90744	0	52	2021-09-27T17:59:24
2.78050	-50.90747	0	52	2021-09-27T18:04:27
2.78049	-50.90747	0	52	2021-09-27T18:14:22
2.78052	-50.90741	0	52	2021-09-27T18:19:57
2.78052	-50.90747	0	52	2021-09-27T18:24:26
2.78050	-50.90756	0	52	2021-09-27T18:39:23
2.78055	-50.90750	0	52	2021-09-27T18:44:24
2.78062	-50.90759	0	52	2021-09-27T18:49:27
2.78066	-50.90768	0	52	2021-09-27T18:54:27
2.78065	-50.90753	0	52	2021-09-27T18:59:29
2.78061	-50.90759	0	52	2021-09-27T19:04:29
2.78053	-50.90753	0	52	2021-09-27T19:09:31
2.78062	-50.90762	0	52	2021-09-27T19:14:31
2.78053	-50.90741	0	52	2021-09-27T19:20:07
2.78053	-50.90750	0	52	2021-09-27T19:24:30
2.78052	-50.90741	0	52	2021-09-27T19:29:29
2.78051	-50.90756	0	52	2021-09-27T19:34:27
2.78052	-50.90747	0	52	2021-09-27T19:44:29
2.78055	-50.90738	0	52	2021-09-27T19:54:24
2.78053	-50.90750	0	52	2021-09-27T19:59:28
2.78057	-50.90747	0	52	2021-09-27T20:04:25
2.78053	-50.90738	0	52	2021-09-27T20:09:23
2.78052	-50.90729	0	52	2021-09-27T20:14:20
2.78049	-50.90744	0	52	2021-09-27T20:24:20
2.78052	-50.90744	0	52	2021-09-27T20:34:19
2.78051	-50.90744	0	52	2021-09-27T20:44:23
2.78052	-50.90741	0	52	2021-09-27T20:59:19
2.78056	-50.90750	0	52	2021-09-27T21:04:19
2.78050	-50.90744	0	52	2021-09-27T21:09:17
2.78046	-50.90744	0	52	2021-09-27T21:14:18
2.78046	-50.90735	0	52	2021-09-27T21:19:19
2.78055	-50.90735	0	52	2021-09-27T21:24:19
2.78051	-50.90735	0	52	2021-09-27T21:29:20
2.78053	-50.90735	0	52	2021-09-27T21:34:21
2.78057	-50.90759	0	52	2021-09-27T21:39:19
2.78053	-50.90750	0	52	2021-09-27T21:49:20
2.78054	-50.90735	0	52	2021-09-27T21:54:18
2.78057	-50.90758	0	52	2021-09-27T21:59:21
2.78053	-50.90741	0	52	2021-09-27T22:04:21
2.78056	-50.90747	0	52	2021-09-27T22:09:22
2.78056	-50.90753	0	52	2021-09-27T22:14:55
2.78052	-50.90744	0	52	2021-09-27T22:19:55
2.78051	-50.90744	0	52	2021-09-27T22:24:19
2.78050	-50.90735	0	52	2021-09-27T22:29:19
2.78055	-50.90750	0	52	2021-09-27T22:34:17
2.78051	-50.90750	0	52	2021-09-27T22:44:18
2.78054	-50.90741	0	52	2021-09-27T22:59:17
2.78054	-50.90738	0	52	2021-09-27T23:04:17
2.78050	-50.90729	0	52	2021-09-27T23:09:18
2.78054	-50.90738	0	52	2021-09-27T23:14:18
2.78052	-50.90744	0	52	2021-09-27T23:24:13
2.78053	-50.90744	0	52	2021-09-27T23:29:13
2.78052	-50.90750	0	52	2021-09-27T23:34:12
2.78050	-50.90744	0	52	2021-09-27T23:39:12
2.78054	-50.90744	0	52	2021-09-27T23:44:11
2.78051	-50.90741	0	52	2021-09-27T23:49:13
2.78055	-50.90741	0	52	2021-09-27T23:54:13
2.78050	-50.90747	0	52	2021-09-27T23:59:10
2.78053	-50.90750	0	52	2021-09-28T00:04:08
2.78053	-50.90744	0	52	2021-09-28T00:19:38
2.78052	-50.90744	0	52	2021-09-28T00:24:15
2.78051	-50.90744	0	52	2021-09-28T00:29:12
2.78051	-50.90747	0	52	2021-09-28T00:34:16
2.78051	-50.90744	0	52	2021-09-28T00:39:11
2.78051	-50.90738	0	52	2021-09-28T00:44:15
2.78055	-50.90732	0	52	2021-09-28T00:59:14
2.78053	-50.90738	0	52	2021-09-28T01:04:17
2.78047	-50.90738	0	52	2021-09-28T01:09:16
2.78052	-50.90738	0	52	2021-09-28T01:14:15
2.78056	-50.90744	0	52	2021-09-28T01:19:37
2.78053	-50.90747	0	52	2021-09-28T01:29:18
2.78047	-50.90744	0	52	2021-09-28T01:34:20
2.78049	-50.90750	0	52	2021-09-28T01:49:18
2.78052	-50.90750	0	52	2021-09-28T01:54:18
2.78056	-50.90759	0	52	2021-09-28T01:59:16
2.78060	-50.90759	0	52	2021-09-28T02:09:15
2.78057	-50.90753	0	52	2021-09-28T02:14:15
2.78051	-50.90756	0	52	2021-09-28T02:29:10
2.78058	-50.90756	0	52	2021-09-28T02:34:08
2.78049	-50.90753	0	52	2021-09-28T02:49:10
2.78045	-50.90753	0	52	2021-09-28T02:54:10
2.78044	-50.90753	0	52	2021-09-28T02:59:10
2.78049	-50.90753	0	52	2021-09-28T03:09:12
2.78055	-50.90750	0	52	2021-09-28T03:24:14
2.78064	-50.90750	0	52	2021-09-28T03:34:13
2.78069	-50.90744	0	52	2021-09-28T03:39:14
2.78066	-50.90744	0	52	2021-09-28T03:54:13
2.78070	-50.90744	0	52	2021-09-28T03:59:13
2.78056	-50.90750	0	52	2021-09-28T04:04:15
2.78060	-50.90750	0	52	2021-09-28T04:09:15
2.78056	-50.90750	0	52	2021-09-28T04:14:15
2.78055	-50.90756	0	52	2021-09-28T04:19:40
2.78053	-50.90756	0	52	2021-09-28T04:24:13
2.78052	-50.90756	0	52	2021-09-28T04:29:11
2.78053	-50.90759	0	52	2021-09-28T04:39:18
2.78055	-50.90753	0	52	2021-09-28T04:44:14
2.78057	-50.90750	0	52	2021-09-28T04:49:18
2.78053	-50.90756	0	52	2021-09-28T04:59:17
2.78051	-50.90756	0	52	2021-09-28T05:04:18
2.78052	-50.90759	0	52	2021-09-28T05:19:55
2.78054	-50.90765	0	52	2021-09-28T05:24:18
2.78054	-50.90762	0	52	2021-09-28T05:29:16
2.78056	-50.90765	0	52	2021-09-28T05:39:15
2.78051	-50.90762	0	52	2021-09-28T05:44:15
2.78052	-50.90756	0	52	2021-09-28T05:54:13
2.78055	-50.90759	0	52	2021-09-28T05:59:11
2.78054	-50.90759	0	52	2021-09-28T06:04:12
2.78053	-50.90765	0	52	2021-09-28T06:09:10
2.78054	-50.90768	0	52	2021-09-28T06:14:09
2.78054	-50.90759	0	52	2021-09-28T06:24:08
2.78052	-50.90759	0	52	2021-09-28T06:29:11
2.78053	-50.90765	0	52	2021-09-28T06:39:10
2.78051	-50.90765	0	52	2021-09-28T06:54:08
2.78052	-50.90765	0	52	2021-09-28T06:59:10
2.78051	-50.90765	0	52	2021-09-28T07:04:07
2.78049	-50.90762	0	52	2021-09-28T07:14:06
2.78050	-50.90759	0	52	2021-09-28T07:29:07
2.78052	-50.90759	0	52	2021-09-28T07:34:08
2.78053	-50.90756	0	52	2021-09-28T07:49:03
2.78055	-50.90756	0	52	2021-09-28T07:54:04
2.78054	-50.90762	0	52	2021-09-28T08:09:00
2.78051	-50.90750	0	52	2021-09-28T08:14:00
2.78046	-50.90756	0	52	2021-09-28T08:19:27
2.78054	-50.90756	0	52	2021-09-28T08:29:01
2.78053	-50.90762	0	52	2021-09-28T08:34:02
2.78053	-50.90756	0	52	2021-09-28T08:58:56
2.78054	-50.90750	0	52	2021-09-28T09:13:55
2.78053	-50.90756	0	52	2021-09-28T09:19:30
2.78054	-50.90753	0	52	2021-09-28T09:23:56
2.78054	-50.90744	0	52	2021-09-28T09:28:57
2.78058	-50.90747	0	52	2021-09-28T09:48:56
2.78061	-50.90744	0	52	2021-09-28T09:54:00
2.78059	-50.90756	0	52	2021-09-28T10:04:02
2.78060	-50.90747	0	52	2021-09-28T10:14:02
2.78051	-50.90756	0	52	2021-09-28T10:24:03
2.78047	-50.90756	0	52	2021-09-28T10:29:00
2.78051	-50.90762	0	52	2021-09-28T10:34:01
2.78051	-50.90753	0	52	2021-09-28T10:44:02
2.78046	-50.90750	0	52	2021-09-28T10:48:59
2.78045	-50.90747	0	52	2021-09-28T10:58:57
2.78044	-50.90747	0	52	2021-09-28T11:03:57
2.78043	-50.90747	0	52	2021-09-28T11:08:55
2.78047	-50.90753	0	52	2021-09-28T11:13:53
2.78051	-50.90753	0	52	2021-09-28T11:23:54
2.78049	-50.90753	0	52	2021-09-28T11:28:55
2.78054	-50.90756	0	52	2021-09-28T11:33:55
2.78042	-50.90744	0	52	2021-09-28T11:38:52
2.78049	-50.90756	0	52	2021-09-28T11:43:54
2.78049	-50.90753	0	52	2021-09-28T11:48:54
2.78054	-50.90750	0	52	2021-09-28T11:53:58
2.78050	-50.90750	0	52	2021-09-28T12:03:57
2.78050	-50.90756	0	52	2021-09-28T12:08:58
2.78051	-50.90747	0	52	2021-09-28T12:44:07
2.78051	-50.90756	0	52	2021-09-28T12:54:06
2.78052	-50.90747	0	52	2021-09-28T13:04:08
2.78061	-50.90747	0	52	2021-09-28T13:14:09
2.78052	-50.90756	0	52	2021-09-28T13:19:39
2.78054	-50.90762	0	52	2021-09-28T13:34:08
2.78054	-50.90756	0	52	2021-09-28T13:44:05
2.78055	-50.90765	0	52	2021-09-28T13:49:07
2.78054	-50.90756	0	52	2021-09-28T13:54:04
2.78053	-50.90753	0	52	2021-09-28T13:59:05
2.78055	-50.90756	0	52	2021-09-28T14:14:02
2.78053	-50.90756	0	52	2021-09-28T14:19:30
2.78055	-50.90756	0	52	2021-09-28T14:34:02
2.78050	-50.90750	0	52	2021-09-28T14:53:54
2.78053	-50.90753	0	52	2021-09-28T14:58:53
2.78057	-50.90744	0	52	2021-09-28T15:38:55
2.78061	-50.90744	0	52	2021-09-28T15:43:55
2.78053	-50.90732	0	52	2021-09-28T15:54:00
2.78062	-50.90732	0	52	2021-09-28T16:03:59
2.78053	-50.90744	0	52	2021-09-28T16:13:58
2.78053	-50.90753	0	52	2021-09-28T16:18:58
2.78053	-50.90762	0	52	2021-09-28T16:23:59
2.78053	-50.90759	0	52	2021-09-28T16:28:56
2.78050	-50.90765	0	52	2021-09-28T16:33:53
2.78050	-50.90756	0	52	2021-09-28T16:38:54
2.78046	-50.90765	0	52	2021-09-28T16:43:53
2.78053	-50.90762	0	52	2021-09-28T16:48:52
2.78056	-50.90756	0	52	2021-09-28T16:53:55
2.78049	-50.90759	0	52	2021-09-28T17:03:49
2.78050	-50.90765	0	52	2021-09-28T17:08:50
2.78051	-50.90756	0	52	2021-09-28T17:14:27
2.78055	-50.90756	0	52	2021-09-28T17:19:27
2.78053	-50.90756	0	52	2021-09-28T17:23:50
2.78056	-50.90759	0	52	2021-09-28T17:28:49
2.78054	-50.90759	0	52	2021-09-28T17:33:50
2.78054	-50.90768	0	52	2021-09-28T17:38:49
2.78054	-50.90759	0	52	2021-09-28T17:43:50
2.78053	-50.90756	0	52	2021-09-28T18:38:51
2.78052	-50.90756	0	52	2021-09-28T18:48:45
2.78056	-50.90762	0	52	2021-09-28T19:03:43
2.78056	-50.90753	0	52	2021-09-28T19:13:42
2.78052	-50.90771	0	52	2021-09-28T19:23:39
2.78052	-50.90762	0	52	2021-09-28T19:33:38
2.78055	-50.90756	0	52	2021-09-28T19:38:39
2.78053	-50.90759	0	52	2021-09-28T19:53:37
2.78053	-50.90756	0	52	2021-09-28T19:58:34
2.78052	-50.90756	0	52	2021-09-28T20:03:35
2.78057	-50.90744	0	52	2021-09-28T20:08:36
2.78052	-50.90756	0	52	2021-09-28T20:13:36
2.78052	-50.90753	0	52	2021-09-28T20:18:59
2.78053	-50.90756	0	52	2021-09-28T20:38:33
2.78055	-50.90756	0	52	2021-09-28T20:43:34
2.78051	-50.90756	0	52	2021-09-28T20:48:35
2.78044	-50.90744	0	52	2021-09-28T20:53:36
2.78051	-50.90741	0	52	2021-09-28T21:03:37
2.78051	-50.90750	0	52	2021-09-28T21:08:38
2.78055	-50.90750	0	52	2021-09-28T21:13:38
2.78058	-50.90753	0	52	2021-09-28T21:18:58
2.78056	-50.90750	0	52	2021-09-28T21:58:39
2.78054	-50.90759	0	52	2021-09-28T22:08:36
2.78054	-50.90756	0	52	2021-09-28T22:13:38
2.78049	-50.90750	0	52	2021-09-28T22:18:39
2.78045	-50.90750	0	52	2021-09-28T22:23:39
2.78055	-50.90750	0	52	2021-09-28T22:28:41
2.78053	-50.90756	0	52	2021-09-28T22:33:41
2.78054	-50.90750	0	52	2021-09-28T22:48:44
2.78052	-50.90753	0	52	2021-09-28T23:03:42
2.78053	-50.90750	0	52	2021-09-28T23:08:39
2.78058	-50.90759	0	52	2021-09-28T23:18:40
2.78049	-50.90750	0	52	2021-09-28T23:28:39
2.78048	-50.90753	0	52	2021-09-28T23:38:43
2.78044	-50.90744	0	52	2021-09-28T23:48:43
2.78043	-50.90744	0	52	2021-09-29T00:08:42
2.78046	-50.90750	0	52	2021-09-29T00:19:19
2.78050	-50.90756	0	52	2021-09-29T00:23:45
2.78049	-50.90750	0	52	2021-09-29T00:48:41
2.78044	-50.90756	0	52	2021-09-29T00:58:39
2.78041	-50.90747	0	52	2021-09-29T01:03:41
2.78045	-50.90764	0	52	2021-09-29T01:08:41
2.78045	-50.90747	0	52	2021-09-29T01:13:42
2.78053	-50.90747	0	52	2021-09-29T01:19:02
2.78055	-50.90747	0	52	2021-09-29T01:38:26
2.78052	-50.90753	0	52	2021-09-29T01:48:25
2.78053	-50.90747	0	52	2021-09-29T01:53:24
2.78049	-50.90741	0	52	2021-09-29T01:58:29
2.78044	-50.90744	0	52	2021-09-29T02:03:28
2.78052	-50.90756	0	52	2021-09-29T02:13:29
2.78043	-50.90750	0	52	2021-09-29T02:23:57
2.78049	-50.90753	0	52	2021-09-29T02:33:32
2.78052	-50.90756	0	52	2021-09-29T02:38:29
2.78048	-50.90747	0	52	2021-09-29T02:48:28
2.78049	-50.90753	0	52	2021-09-29T02:53:24
2.78056	-50.90747	0	52	2021-09-29T02:58:29
2.78071	-50.90750	0	52	2021-09-29T03:03:23
2.78067	-50.90750	0	52	2021-09-29T03:08:23
2.78066	-50.90750	0	52	2021-09-29T03:13:20
2.78062	-50.90750	0	52	2021-09-29T03:18:21
2.78055	-50.90756	0	52	2021-09-29T03:28:21
2.78051	-50.90756	0	52	2021-09-29T03:38:20
2.78051	-50.90753	0	52	2021-09-29T03:43:16
2.78055	-50.90744	0	52	2021-09-29T03:48:15
2.78056	-50.90744	0	52	2021-09-29T04:03:13
2.78054	-50.90750	0	52	2021-09-29T04:28:44
2.78061	-50.90756	0	52	2021-09-29T04:33:14
2.78065	-50.90756	0	52	2021-09-29T04:38:14
2.78061	-50.90747	0	52	2021-09-29T04:43:13
2.78056	-50.90750	0	52	2021-09-29T04:48:12
2.78055	-50.90747	0	52	2021-09-29T04:53:13
2.78056	-50.90741	0	52	2021-09-29T04:58:14
2.78056	-50.90732	0	52	2021-09-29T05:03:14
2.78060	-50.90732	0	52	2021-09-29T05:08:13
2.78056	-50.90762	0	52	2021-09-29T05:13:12
2.78052	-50.90756	0	52	2021-09-29T05:23:14
2.78056	-50.90750	0	52	2021-09-29T05:28:51
2.78062	-50.90750	0	52	2021-09-29T05:38:14
2.78075	-50.90733	0	52	2021-09-29T05:43:14
2.78062	-50.90750	0	52	2021-09-29T05:48:14
2.78061	-50.90759	0	52	2021-09-29T06:13:13
2.78065	-50.90750	0	52	2021-09-29T06:23:14
2.78052	-50.90762	0	52	2021-09-29T06:28:35
2.78053	-50.90762	0	52	2021-09-29T06:38:09
2.78055	-50.90750	0	52	2021-09-29T06:43:08
2.78051	-50.90765	0	52	2021-09-29T07:13:10
2.78051	-50.90756	0	52	2021-09-29T07:18:09
2.78055	-50.90759	0	52	2021-09-29T07:28:06
2.78051	-50.90759	0	52	2021-09-29T07:38:06
2.78054	-50.90756	0	52	2021-09-29T07:43:07
2.78051	-50.90762	0	52	2021-09-29T07:48:02
2.78051	-50.90771	0	52	2021-09-29T07:58:02
2.78047	-50.90750	0	52	2021-09-29T08:03:01
2.78050	-50.90747	0	52	2021-09-29T08:07:58
2.78059	-50.90756	0	52	2021-09-29T08:12:58
2.78059	-50.90753	0	52	2021-09-29T08:17:56
2.78053	-50.90756	0	52	2021-09-29T08:22:55
2.78052	-50.90756	0	52	2021-09-29T08:27:57
2.78056	-50.90756	0	52	2021-09-29T08:37:57
2.78054	-50.90756	0	52	2021-09-29T08:42:55
2.78056	-50.90753	0	52	2021-09-29T09:07:57
2.78052	-50.90753	0	52	2021-09-29T09:12:57
2.78052	-50.90762	0	52	2021-09-29T09:17:58
2.78053	-50.90747	0	52	2021-09-29T09:24:04
2.78053	-50.90756	0	52	2021-09-29T09:29:04
2.78055	-50.90756	0	52	2021-09-29T09:32:52
2.78060	-50.90756	0	52	2021-09-29T09:57:53
2.78058	-50.90762	0	52	2021-09-29T10:07:54
2.78055	-50.90759	0	52	2021-09-29T10:28:26
2.78055	-50.90762	0	52	2021-09-29T10:32:55
2.78057	-50.90750	0	52	2021-09-29T10:42:50
2.78054	-50.90756	0	52	2021-09-29T10:47:56
2.78057	-50.90750	0	52	2021-09-29T10:52:51
2.78054	-50.90756	0	52	2021-09-29T11:02:56
2.78050	-50.90756	0	52	2021-09-29T11:07:56
2.78055	-50.90756	0	52	2021-09-29T11:12:54
2.78051	-50.90759	0	52	2021-09-29T11:22:55
2.78058	-50.90753	0	52	2021-09-29T11:28:28
2.78055	-50.90759	0	52	2021-09-29T11:32:54
2.78053	-50.90753	0	52	2021-09-29T11:37:59
2.78049	-50.90753	0	52	2021-09-29T11:48:00
2.78047	-50.90765	0	52	2021-09-29T11:52:58
2.78049	-50.90741	0	52	2021-09-29T12:08:04
2.78053	-50.90741	0	52	2021-09-29T12:13:04
2.78049	-50.90741	0	52	2021-09-29T12:18:04
2.78051	-50.90750	0	52	2021-09-29T13:18:03
2.78055	-50.90753	0	52	2021-09-29T13:23:00
2.78055	-50.90756	0	52	2021-09-29T13:37:59
2.78059	-50.90756	0	52	2021-09-29T13:42:59
2.78051	-50.90753	0	52	2021-09-29T13:47:58
2.78055	-50.90753	0	52	2021-09-29T13:52:58
2.78055	-50.90762	0	52	2021-09-29T13:57:59
2.78056	-50.90759	0	52	2021-09-29T14:02:56
2.78051	-50.90756	0	52	2021-09-29T14:07:58
2.78055	-50.90759	0	52	2021-09-29T14:22:55
2.78054	-50.90759	0	52	2021-09-29T14:27:57
2.78055	-50.90759	0	52	2021-09-29T14:32:54
2.78054	-50.90759	0	52	2021-09-29T14:37:57
2.78056	-50.90756	0	52	2021-09-29T14:42:58
2.78051	-50.90759	0	52	2021-09-29T14:52:52
2.78053	-50.90756	0	52	2021-09-29T14:57:54
2.78047	-50.90759	0	52	2021-09-29T15:02:51
2.78070	-50.90738	0	52	2021-09-29T15:52:51
2.78067	-50.90732	0	52	2021-09-29T16:07:49
2.78065	-50.90735	0	52	2021-09-29T16:12:51
2.78059	-50.90747	0	52	2021-09-29T16:22:46
2.78055	-50.90756	0	52	2021-09-29T16:32:47
2.78056	-50.90759	0	52	2021-09-29T16:47:43
2.78052	-50.90759	0	52	2021-09-29T16:52:40
2.78053	-50.90759	0	52	2021-09-29T16:57:43
2.78051	-50.90759	0	52	2021-09-29T17:12:39
2.78058	-50.90756	0	52	2021-09-29T17:17:40
2.78049	-50.90756	0	52	2021-09-29T17:22:40
2.78051	-50.90756	0	52	2021-09-29T17:27:59
2.78053	-50.90765	0	52	2021-09-29T17:42:40
2.78053	-50.90756	0	52	2021-09-29T17:52:41
2.78051	-50.90753	0	52	2021-09-29T18:42:36
2.78051	-50.90759	0	52	2021-09-29T18:52:33
2.78055	-50.90750	0	52	2021-09-29T18:57:34
2.78053	-50.90756	0	52	2021-09-29T19:02:35
2.78054	-50.90756	0	52	2021-09-29T19:07:32
2.78052	-50.90759	0	52	2021-09-29T19:12:32
2.78056	-50.90750	0	52	2021-09-29T19:22:33
2.78056	-50.90762	0	52	2021-09-29T19:27:32
2.78055	-50.90756	0	52	2021-09-29T19:32:35
2.78056	-50.90762	0	52	2021-09-29T19:37:33
2.78053	-50.90753	0	52	2021-09-29T19:42:30
2.78054	-50.90756	0	52	2021-09-29T19:47:31
2.78051	-50.90756	0	52	2021-09-29T20:02:28
2.78054	-50.90756	0	52	2021-09-29T20:07:29
2.78051	-50.90750	0	52	2021-09-29T20:32:19
2.78051	-50.90759	0	52	2021-09-29T20:37:19
2.78051	-50.90750	0	52	2021-09-29T20:42:19
2.78057	-50.90752	0	52	2021-09-29T20:52:15
2.78057	-50.90761	0	52	2021-09-29T20:57:15
2.78053	-50.90744	0	52	2021-09-29T21:02:15
2.78054	-50.90744	0	52	2021-09-29T21:22:12
2.78054	-50.90747	0	52	2021-09-29T21:27:16
2.78058	-50.90756	0	52	2021-09-29T21:32:15
2.78056	-50.90750	0	52	2021-09-29T21:52:12
2.78054	-50.90750	0	52	2021-09-29T21:57:14
2.78054	-50.90754	0	52	2021-09-29T22:02:11
2.78054	-50.90745	0	52	2021-09-29T22:07:11
2.78054	-50.90762	0	52	2021-09-29T22:12:10
2.78055	-50.90756	0	52	2021-09-29T22:27:31
2.78053	-50.90756	0	52	2021-09-29T22:37:08
2.78051	-50.90759	0	52	2021-09-29T22:47:07
2.78049	-50.90759	0	52	2021-09-29T22:52:05
2.78049	-50.90765	0	52	2021-09-29T22:57:09
2.78049	-50.90756	0	52	2021-09-29T23:07:13
2.78051	-50.90750	0	52	2021-09-29T23:12:12
2.78048	-50.90747	0	52	2021-09-29T23:22:17
2.78048	-50.90756	0	52	2021-09-29T23:27:18
2.78052	-50.90756	0	52	2021-09-29T23:32:18
2.78042	-50.90744	0	52	2021-09-29T23:37:20
2.78054	-50.90744	0	52	2021-09-30T00:12:18
2.78052	-50.90747	0	52	2021-09-30T00:22:20
2.78053	-50.90750	0	52	2021-09-30T00:37:15
2.78051	-50.90750	0	52	2021-09-30T00:42:12
2.78050	-50.90759	0	52	2021-09-30T00:47:13
2.78052	-50.90744	0	52	2021-09-30T00:52:12
2.78052	-50.90756	0	52	2021-09-30T01:07:12
2.78059	-50.90747	0	52	2021-09-30T01:12:09
2.78050	-50.90747	0	52	2021-09-30T01:22:10
2.78054	-50.90744	0	52	2021-09-30T01:28:22
2.78052	-50.90744	0	52	2021-09-30T01:37:03
2.78052	-50.90750	0	52	2021-09-30T01:42:05
2.78052	-50.90744	0	52	2021-09-30T02:01:57
2.78051	-50.90756	0	52	2021-09-30T02:07:02
2.78053	-50.90756	0	52	2021-09-30T02:12:00
2.78053	-50.90747	0	52	2021-09-30T02:22:01
2.78052	-50.90744	0	52	2021-09-30T02:27:53
2.78060	-50.90741	0	52	2021-09-30T02:51:52
2.78064	-50.90732	0	52	2021-09-30T02:56:53
2.78060	-50.90741	0	52	2021-09-30T03:01:53
2.78068	-50.90729	0	52	2021-09-30T03:51:54
2.78061	-50.90738	0	52	2021-09-30T03:56:52
2.78058	-50.90747	0	52	2021-09-30T04:01:53
2.78056	-50.90750	0	52	2021-09-30T04:06:53
2.78052	-50.90750	0	52	2021-09-30T04:11:54
2.78055	-50.90747	0	52	2021-09-30T04:16:53
2.78053	-50.90744	0	52	2021-09-30T04:21:51
2.78058	-50.90730	0	52	2021-09-30T04:26:53
2.78049	-50.90756	0	52	2021-09-30T04:31:53
2.78045	-50.90756	0	52	2021-09-30T04:36:53
2.78052	-50.90752	0	52	2021-09-30T04:41:51
2.78052	-50.90761	0	52	2021-09-30T04:46:52
2.78056	-50.90744	0	52	2021-09-30T04:51:52
2.78052	-50.90750	0	52	2021-09-30T04:56:54
2.78050	-50.90756	0	52	2021-09-30T05:01:51
2.78054	-50.90756	0	52	2021-09-30T05:06:51
2.78054	-50.90747	0	52	2021-09-30T05:11:52
2.78054	-50.90759	0	52	2021-09-30T05:16:53
2.78056	-50.90756	0	52	2021-09-30T05:51:51
2.78053	-50.90759	0	52	2021-09-30T06:41:53
2.78054	-50.90756	0	52	2021-09-30T06:46:46
2.78052	-50.90750	0	52	2021-09-30T06:51:47
2.78052	-50.90759	0	52	2021-09-30T07:01:48
2.78051	-50.90756	0	52	2021-09-30T07:21:48
2.78054	-50.90756	0	52	2021-09-30T07:27:26
2.78055	-50.90753	0	52	2021-09-30T07:46:52
2.78052	-50.90759	0	52	2021-09-30T08:01:55
2.78054	-50.90744	0	52	2021-09-30T08:06:52
2.78053	-50.90750	0	52	2021-09-30T08:16:53
2.78055	-50.90750	0	52	2021-09-30T08:46:55
2.78054	-50.90744	0	52	2021-09-30T09:17:00
2.78053	-50.90747	0	52	2021-09-30T09:22:03
2.78058	-50.90750	0	52	2021-09-30T09:37:04
2.78060	-50.90753	0	52	2021-09-30T09:47:02
2.78056	-50.90753	0	52	2021-09-30T09:52:02
2.78053	-50.90747	0	52	2021-09-30T09:57:01
2.78055	-50.90759	0	52	2021-09-30T10:07:01
2.78059	-50.90750	0	52	2021-09-30T10:17:01
2.78055	-50.90750	0	52	2021-09-30T10:27:01
2.78059	-50.90750	0	52	2021-09-30T10:32:01
2.78056	-50.90744	0	52	2021-09-30T10:37:03
2.78058	-50.90750	0	52	2021-09-30T10:42:02
2.78057	-50.90750	0	52	2021-09-30T10:47:00
2.78061	-50.90750	0	52	2021-09-30T10:52:00
2.78057	-50.90750	0	52	2021-09-30T10:57:00
2.78056	-50.90753	0	52	2021-09-30T11:01:59
2.78060	-50.90753	0	52	2021-09-30T11:06:59
2.78055	-50.90750	0	52	2021-09-30T11:11:57
2.78055	-50.90756	0	52	2021-09-30T11:52:00
2.78054	-50.90759	0	52	2021-09-30T12:17:27
2.78054	-50.90750	0	52	2021-09-30T12:27:27
2.78055	-50.90741	0	52	2021-09-30T12:37:03
2.78064	-50.90741	0	52	2021-09-30T12:42:03
2.78056	-50.90735	0	52	2021-09-30T12:47:01
2.78054	-50.90735	0	52	2021-09-30T12:52:03
2.78058	-50.90744	0	52	2021-09-30T13:07:05
2.78060	-50.90741	0	52	2021-09-30T13:22:04
2.78053	-50.90744	0	52	2021-09-30T13:27:27
2.78053	-50.90756	0	52	2021-09-30T13:32:04
2.78055	-50.90762	0	52	2021-09-30T13:47:00
2.78056	-50.90762	0	52	2021-09-30T14:01:55
2.78053	-50.90759	0	52	2021-09-30T14:06:56
2.78057	-50.90750	0	52	2021-09-30T14:21:54
2.78055	-50.90750	0	52	2021-09-30T14:27:25
2.78055	-50.90756	0	52	2021-09-30T14:46:53
2.78051	-50.90756	0	52	2021-09-30T15:11:52
2.78047	-50.90756	0	52	2021-09-30T15:16:52
2.78057	-50.90756	0	52	2021-09-30T15:26:50
2.78053	-50.90756	0	52	2021-09-30T15:36:51
2.78057	-50.90756	0	52	2021-09-30T15:46:50
2.78051	-50.90765	0	52	2021-09-30T15:56:51
2.78049	-50.90759	0	52	2021-09-30T16:01:52
2.78053	-50.90759	0	52	2021-09-30T16:11:52
2.78055	-50.90753	0	52	2021-09-30T16:16:48
2.78055	-50.90759	0	52	2021-09-30T16:21:51
2.78054	-50.90753	0	52	2021-09-30T16:36:47
2.78054	-50.90750	0	52	2021-09-30T16:41:44
2.78052	-50.90756	0	52	2021-09-30T16:51:44
2.78055	-50.90762	0	52	2021-09-30T17:12:00
2.78049	-50.90756	0	52	2021-09-30T17:16:42
2.78049	-50.90762	0	52	2021-09-30T18:06:36
2.78058	-50.90756	0	52	2021-09-30T18:36:36
2.78058	-50.90747	0	52	2021-09-30T18:41:37
2.78054	-50.90756	0	52	2021-09-30T18:46:37
2.78058	-50.90750	0	52	2021-09-30T18:56:34
2.78060	-50.90744	0	52	2021-09-30T19:01:36
2.78058	-50.90750	0	52	2021-09-30T19:06:34
2.78061	-50.90741	0	52	2021-09-30T19:11:31
2.78057	-50.90750	0	52	2021-09-30T19:22:07
2.78053	-50.90759	0	52	2021-09-30T19:27:08
2.78053	-50.90756	0	52	2021-09-30T19:46:39
2.78052	-50.90753	0	52	2021-09-30T19:51:40
2.78055	-50.90753	0	52	2021-09-30T19:56:38
2.78042	-50.90744	0	52	2021-09-30T20:01:39
2.78051	-50.90753	0	52	2021-09-30T20:06:39
2.78049	-50.90750	0	52	2021-09-30T20:11:40
2.78053	-50.90744	0	52	2021-09-30T20:16:38
2.78053	-50.90756	0	52	2021-09-30T20:46:39
2.78054	-50.90756	0	52	2021-09-30T20:56:44
2.78054	-50.90747	0	52	2021-09-30T21:01:42
2.78055	-50.90744	0	52	2021-09-30T21:16:43
2.78057	-50.90744	0	52	2021-09-30T21:36:48
2.78057	-50.90738	0	52	2021-09-30T21:41:48
2.78057	-50.90744	0	52	2021-09-30T21:46:49
2.78057	-50.90735	0	52	2021-09-30T21:51:49
2.78055	-50.90750	0	52	2021-09-30T21:56:51
2.78059	-50.90744	0	52	2021-09-30T22:01:49
2.78056	-50.90750	0	52	2021-09-30T22:11:50
2.78054	-50.90756	0	52	2021-09-30T22:16:53
2.78057	-50.90750	0	52	2021-09-30T22:31:52
2.78053	-50.90762	0	52	2021-09-30T22:36:50
2.78054	-50.90756	0	52	2021-09-30T22:41:51
2.78054	-50.90753	0	52	2021-09-30T22:56:50
2.78050	-50.90750	0	52	2021-09-30T23:01:48
2.78050	-50.90747	0	52	2021-09-30T23:16:49
2.78058	-50.90750	0	52	2021-10-01T00:27:09
2.78061	-50.90747	0	52	2021-10-01T00:36:48
2.78061	-50.90756	0	52	2021-10-01T00:41:49
2.78065	-50.90756	0	52	2021-10-01T00:46:49
2.78060	-50.90744	0	52	2021-10-01T00:51:47
2.78058	-50.90750	0	52	2021-10-01T00:56:46
2.78062	-50.90750	0	52	2021-10-01T01:01:45
2.78058	-50.90750	0	52	2021-10-01T01:06:45
2.78061	-50.90741	0	52	2021-10-01T01:11:49
2.78063	-50.90750	0	52	2021-10-01T01:22:27
2.78054	-50.90750	0	52	2021-10-01T01:27:27
2.78055	-50.90750	0	52	2021-10-01T01:41:48
2.78052	-50.90750	0	52	2021-10-01T01:46:51
2.78055	-50.90750	0	52	2021-10-01T01:51:49
2.78056	-50.90750	0	52	2021-10-01T01:56:50
2.78049	-50.90750	0	52	2021-10-01T02:01:48
2.78052	-50.90750	0	52	2021-10-01T02:11:51
2.78051	-50.90753	0	52	2021-10-01T02:22:10
2.78060	-50.90744	0	52	2021-10-01T02:27:10
2.78058	-50.90753	0	52	2021-10-01T02:31:40
2.78059	-50.90750	0	52	2021-10-01T02:41:42
2.78064	-50.90741	0	52	2021-10-01T03:16:41
2.78065	-50.90744	0	52	2021-10-01T03:21:41
2.78060	-50.90750	0	52	2021-10-01T03:26:45
2.78056	-50.90750	0	52	2021-10-01T03:31:44
2.78065	-50.90750	0	52	2021-10-01T03:36:44
2.78058	-50.90750	0	52	2021-10-01T03:41:40
2.78060	-50.90744	0	52	2021-10-01T03:46:42
2.78058	-50.90744	0	52	2021-10-01T03:51:43
2.78064	-50.90735	0	52	2021-10-01T03:56:42
2.78060	-50.90744	0	52	2021-10-01T04:01:40
2.78064	-50.90738	0	52	2021-10-01T04:11:42
2.78064	-50.90729	0	52	2021-10-01T04:16:42
2.78064	-50.90732	0	52	2021-10-01T04:21:40
2.78061	-50.90741	0	52	2021-10-01T04:41:40
2.78059	-50.90744	0	52	2021-10-01T04:46:43
2.78059	-50.90750	0	52	2021-10-01T04:51:41
2.78055	-50.90744	0	52	2021-10-01T04:56:42
2.78056	-50.90744	0	52	2021-10-01T05:16:41
2.78061	-50.90756	0	52	2021-10-01T05:21:42
2.78061	-50.90750	0	52	2021-10-01T05:26:42
2.78057	-50.90750	0	52	2021-10-01T05:31:41
2.78053	-50.90759	0	52	2021-10-01T05:36:41
2.78056	-50.90753	0	52	2021-10-01T06:06:47
2.78058	-50.90750	0	52	2021-10-01T06:11:47
2.78059	-50.90747	0	52	2021-10-01T06:17:11
2.78055	-50.90756	0	52	2021-10-01T06:27:10
2.78054	-50.90756	0	52	2021-10-01T06:51:47
2.78053	-50.90756	0	52	2021-10-01T07:06:48
2.78047	-50.90765	0	52	2021-10-01T07:11:49
2.78052	-50.90762	0	52	2021-10-01T07:16:47
2.78060	-50.90756	0	52	2021-10-01T07:21:44
2.78056	-50.90756	0	52	2021-10-01T07:31:45
2.78056	-50.90753	0	52	2021-10-01T07:46:48
2.78055	-50.90756	0	52	2021-10-01T07:51:49
2.78052	-50.90753	0	52	2021-10-01T08:01:51
2.78052	-50.90744	0	52	2021-10-01T08:06:51
2.78051	-50.90750	0	52	2021-10-01T08:11:49
2.78056	-50.90744	0	52	2021-10-01T08:22:10
2.78052	-50.90744	0	52	2021-10-01T08:27:10
2.78058	-50.90750	0	52	2021-10-01T08:31:48
2.78055	-50.90747	0	52	2021-10-01T08:41:46
2.78059	-50.90747	0	52	2021-10-01T08:46:47
2.78059	-50.90750	0	52	2021-10-01T08:51:50
2.78060	-50.90753	0	52	2021-10-01T08:56:51
2.78056	-50.90753	0	52	2021-10-01T09:01:50
2.78060	-50.90738	0	52	2021-10-01T09:16:48
2.78061	-50.90744	0	52	2021-10-01T09:36:51
2.78061	-50.90753	0	52	2021-10-01T09:41:51
2.78061	-50.90744	0	52	2021-10-01T09:46:50
2.78061	-50.90753	0	52	2021-10-01T09:51:50
2.78065	-50.90744	0	52	2021-10-01T09:56:51
2.78065	-50.90747	0	52	2021-10-01T10:16:54
2.78062	-50.90747	0	52	2021-10-01T10:21:55
2.78053	-50.90746	0	52	2021-10-01T10:26:53
2.78066	-50.90729	0	52	2021-10-01T10:36:54
2.78068	-50.90735	0	52	2021-10-01T10:41:59
2.78067	-50.90735	0	52	2021-10-01T10:46:56
2.78067	-50.90744	0	52	2021-10-01T10:56:57
2.78061	-50.90747	0	52	2021-10-01T11:01:55
2.78052	-50.90753	0	52	2021-10-01T11:36:57
2.78057	-50.90756	0	52	2021-10-01T11:41:56
2.78052	-50.90744	0	52	2021-10-01T11:46:58
2.78051	-50.90750	0	52	2021-10-01T11:56:59
2.78052	-50.90744	0	52	2021-10-01T12:32:02
2.78055	-50.90735	0	52	2021-10-01T12:42:05
2.78059	-50.90735	0	52	2021-10-01T12:47:05
2.78058	-50.90738	0	52	2021-10-01T12:57:03
2.78064	-50.90738	0	52	2021-10-01T13:02:00
2.78055	-50.90747	0	52	2021-10-01T13:07:00
2.78051	-50.90756	0	52	2021-10-01T13:12:01
2.78054	-50.90750	0	52	2021-10-01T13:22:26
2.78058	-50.90750	0	52	2021-10-01T13:27:26
2.78055	-50.90756	0	52	2021-10-01T13:31:57
2.78053	-50.90756	0	52	2021-10-01T13:36:55
2.78055	-50.90756	0	52	2021-10-01T13:46:56
2.78059	-50.90756	0	52	2021-10-01T13:51:56
2.78053	-50.90756	0	52	2021-10-01T13:56:53
2.78053	-50.90747	0	52	2021-10-01T14:01:53
2.78053	-50.90756	0	52	2021-10-01T14:06:52
2.78052	-50.90756	0	52	2021-10-01T14:16:52
2.78055	-50.90753	0	52	2021-10-01T14:22:26
2.78059	-50.90753	0	52	2021-10-01T14:27:26
2.78053	-50.90753	0	52	2021-10-01T14:31:52
2.78057	-50.90753	0	52	2021-10-01T14:36:53
2.78053	-50.90753	0	52	2021-10-01T14:41:53
2.78056	-50.90756	0	52	2021-10-01T14:46:50
2.78054	-50.90753	0	52	2021-10-01T14:46:51
2.78056	-50.90756	0	52	2021-10-01T14:51:50
2.78049	-50.90756	0	52	2021-10-01T15:06:51
2.78049	-50.90753	0	52	2021-10-01T15:11:51
2.78053	-50.90753	0	52	2021-10-01T15:21:52
2.78062	-50.90736	0	52	2021-10-01T15:26:50
2.78053	-50.90753	0	52	2021-10-01T15:31:50
2.78053	-50.90762	0	52	2021-10-01T15:36:50
2.78055	-50.90759	0	52	2021-10-01T15:41:52
2.78055	-50.90756	0	52	2021-10-01T15:46:50
2.78053	-50.90750	0	52	2021-10-01T16:01:53
2.78053	-50.90765	0	52	2021-10-01T16:16:55
2.78053	-50.90756	0	52	2021-10-01T16:21:55
2.78055	-50.90756	0	52	2021-10-01T16:27:27
2.78051	-50.90756	0	52	2021-10-01T16:36:53
2.78055	-50.90756	0	52	2021-10-01T16:41:52
2.78050	-50.90762	0	52	2021-10-01T17:26:51
2.78054	-50.90762	0	52	2021-10-01T17:31:51
2.78050	-50.90753	0	52	2021-10-01T17:36:50
2.78048	-50.90756	0	52	2021-10-01T18:01:49
2.78052	-50.90756	0	52	2021-10-01T18:11:48
2.78056	-50.90756	0	52	2021-10-01T18:31:44
2.78054	-50.90756	0	52	2021-10-01T18:36:41
2.78055	-50.90756	0	52	2021-10-01T18:51:42
2.78058	-50.90750	0	52	2021-10-01T19:11:38
2.78058	-50.90744	0	52	2021-10-01T19:16:39
2.78060	-50.90744	0	52	2021-10-01T19:21:56
2.78056	-50.90753	0	52	2021-10-01T19:26:56
2.78055	-50.90753	0	52	2021-10-01T19:31:37
2.78056	-50.90759	0	52	2021-10-01T19:46:37
2.78052	-50.90759	0	52	2021-10-01T19:56:38
2.78057	-50.90750	0	52	2021-10-01T20:06:39
2.78057	-50.90756	0	52	2021-10-01T20:11:37
2.78061	-50.90756	0	52	2021-10-01T20:16:38
2.78056	-50.90750	0	52	2021-10-01T20:21:39
2.78049	-50.90756	0	52	2021-10-01T20:26:55
2.78057	-50.90756	0	52	2021-10-01T20:56:32
2.78053	-50.90756	0	52	2021-10-01T21:01:31
2.78056	-50.90750	0	52	2021-10-01T21:06:31
2.78054	-50.90749	0	52	2021-10-01T21:11:27
2.78054	-50.90758	0	52	2021-10-01T21:16:26
2.78054	-50.90732	0	52	2021-10-01T21:21:26
2.78054	-50.90756	0	52	2021-10-01T21:26:57
2.78057	-50.90756	0	52	2021-10-01T21:31:24
2.78057	-50.90747	0	52	2021-10-01T21:41:25
2.78055	-50.90750	0	52	2021-10-01T21:51:23
2.78056	-50.90741	0	52	2021-10-01T21:56:23
2.78055	-50.90741	0	52	2021-10-01T22:01:24
2.78058	-50.90750	0	52	2021-10-01T22:06:22
2.78056	-50.90739	0	52	2021-10-01T22:17:13
2.78067	-50.90741	0	52	2021-10-01T22:21:25
2.78056	-50.90756	0	52	2021-10-01T22:31:19
2.78053	-50.90756	0	52	2021-10-01T22:41:23
2.78054	-50.90759	0	52	2021-10-01T22:46:21
2.78053	-50.90750	0	52	2021-10-01T23:01:24
2.78054	-50.90750	0	52	2021-10-01T23:06:24
2.78047	-50.90744	0	52	2021-10-01T23:41:30
2.78051	-50.90744	0	52	2021-10-01T23:46:31
2.78047	-50.90744	0	52	2021-10-01T23:51:31
2.78047	-50.90750	0	52	2021-10-01T23:56:32
2.78050	-50.90744	0	52	2021-10-02T00:06:28
2.78054	-50.90744	0	52	2021-10-02T00:11:28
2.78056	-50.90747	0	52	2021-10-02T00:16:29
2.78051	-50.90756	0	52	2021-10-02T00:21:32
2.78055	-50.90756	0	52	2021-10-02T00:31:31
2.78055	-50.90771	0	52	2021-10-02T00:36:35
2.78055	-50.90753	0	52	2021-10-02T00:51:38
2.78054	-50.90744	0	52	2021-10-02T00:56:39
2.78054	-50.90742	0	52	2021-10-02T01:01:36
2.78054	-50.90759	0	52	2021-10-02T01:11:35
2.78056	-50.90756	0	52	2021-10-02T01:16:34
2.78054	-50.90756	0	52	2021-10-02T01:21:58
2.78054	-50.90747	0	52	2021-10-02T01:26:57
2.78054	-50.90759	0	52	2021-10-02T01:31:34
2.78055	-50.90753	0	52	2021-10-02T01:36:32
2.78055	-50.90756	0	52	2021-10-02T01:56:34
2.78053	-50.90750	0	52	2021-10-02T02:01:35
2.78059	-50.90747	0	52	2021-10-02T02:51:41
2.78063	-50.90747	0	52	2021-10-02T02:56:41
2.78054	-50.90747	0	52	2021-10-02T03:01:42
2.78064	-50.90741	0	52	2021-10-02T03:17:34
2.78068	-50.90741	0	52	2021-10-02T03:22:34
2.78055	-50.90750	0	52	2021-10-02T03:27:33
2.78053	-50.90750	0	52	2021-10-02T03:31:46
2.78058	-50.90753	0	52	2021-10-02T03:36:47
2.78058	-50.90744	0	52	2021-10-02T03:41:47
2.78056	-50.90750	0	52	2021-10-02T03:46:46
2.78060	-50.90744	0	52	2021-10-02T03:51:47
2.78059	-50.90738	0	52	2021-10-02T04:06:45
2.78057	-50.90735	0	52	2021-10-02T04:11:46
2.78058	-50.90744	0	52	2021-10-02T04:16:48
2.78057	-50.90744	0	52	2021-10-02T04:21:47
2.78055	-50.90738	0	52	2021-10-02T04:27:12
2.78055	-50.90747	0	52	2021-10-02T04:41:43
2.78055	-50.90756	0	52	2021-10-02T04:46:44
2.78056	-50.90759	0	52	2021-10-02T05:06:43
2.78058	-50.90756	0	52	2021-10-02T05:22:10
2.78054	-50.90756	0	52	2021-10-02T05:27:10
2.78047	-50.90762	0	52	2021-10-02T05:31:44
2.78059	-50.90750	0	52	2021-10-02T06:01:42
2.78050	-50.90756	0	52	2021-10-02T06:06:43
2.78054	-50.90756	0	52	2021-10-02T06:11:43
2.78057	-50.90756	0	52	2021-10-02T06:36:43
2.78047	-50.90759	0	52	2021-10-02T06:41:41
2.78047	-50.90765	0	52	2021-10-02T06:51:39
2.78058	-50.90765	0	52	2021-10-02T06:56:42
2.78036	-50.90778	0	52	2021-10-02T07:01:40
2.78049	-50.90771	0	52	2021-10-02T07:16:42
2.78053	-50.90765	0	52	2021-10-02T07:46:45
2.78047	-50.90762	0	52	2021-10-02T07:51:45
2.78052	-50.90765	0	52	2021-10-02T07:56:45
2.78053	-50.90756	0	52	2021-10-02T08:11:48
2.78061	-50.90762	0	52	2021-10-02T08:21:54
2.78054	-50.90756	0	52	2021-10-02T08:27:28
2.78057	-50.90762	0	52	2021-10-02T08:31:53
2.78058	-50.90756	0	52	2021-10-02T08:36:53
2.78057	-50.90762	0	52	2021-10-02T08:41:57
2.78055	-50.90756	0	52	2021-10-02T08:46:57
2.78057	-50.90762	0	52	2021-10-02T08:51:58
2.78057	-50.90756	0	52	2021-10-02T09:01:56
2.78057	-50.90765	0	52	2021-10-02T09:06:55
2.78053	-50.90759	0	52	2021-10-02T09:11:58
2.78052	-50.90762	0	52	2021-10-02T09:27:28
2.78052	-50.90756	0	52	2021-10-02T09:31:55
2.78057	-50.90756	0	52	2021-10-02T09:41:55
2.78056	-50.90765	0	52	2021-10-02T09:46:53
2.78051	-50.90756	0	52	2021-10-02T09:51:54
2.78045	-50.90756	0	52	2021-10-02T10:11:54
2.78049	-50.90756	0	52	2021-10-02T10:16:54
2.78045	-50.90756	0	52	2021-10-02T10:21:54
2.78056	-50.90762	0	52	2021-10-02T10:41:54
2.78060	-50.90762	0	52	2021-10-02T10:46:55
2.78056	-50.90762	0	52	2021-10-02T10:51:54
2.78053	-50.90765	0	52	2021-10-02T10:56:50
2.78057	-50.90765	0	52	2021-10-02T11:01:51
2.78047	-50.90751	0	52	2021-10-02T11:17:28
2.78051	-50.90768	0	52	2021-10-02T11:22:29
2.78047	-50.90768	0	52	2021-10-02T11:27:29
2.78054	-50.90762	0	52	2021-10-02T11:41:54
2.78054	-50.90765	0	52	2021-10-02T11:51:59
2.78054	-50.90759	0	52	2021-10-02T11:56:56
2.78054	-50.90767	0	52	2021-10-02T12:11:55
2.78050	-50.90750	0	52	2021-10-02T12:16:56
2.78053	-50.90762	0	52	2021-10-02T12:31:53
2.78053	-50.90768	0	52	2021-10-02T12:41:53
2.78054	-50.90765	0	52	2021-10-02T12:56:51
2.78053	-50.90768	0	52	2021-10-02T13:01:53
2.78056	-50.90765	0	52	2021-10-02T13:11:53
2.78056	-50.90756	0	52	2021-10-02T13:16:50
2.78056	-50.90765	0	52	2021-10-02T13:36:50
2.78055	-50.90765	0	52	2021-10-02T13:46:49
2.78051	-50.90765	0	52	2021-10-02T13:51:49
2.78058	-50.90756	0	52	2021-10-02T14:06:51
2.78054	-50.90756	0	52	2021-10-02T14:16:50
2.78055	-50.90756	0	52	2021-10-02T14:21:53
2.78055	-50.90762	0	52	2021-10-02T14:26:55
2.78059	-50.90762	0	52	2021-10-02T14:31:56
2.78061	-50.90756	0	52	2021-10-02T15:11:51
2.78062	-50.90756	0	52	2021-10-02T15:21:54
2.78054	-50.90762	0	52	2021-10-02T15:31:53
2.78053	-50.90765	0	52	2021-10-02T16:06:57
2.78054	-50.90765	0	52	2021-10-02T16:11:56
2.78055	-50.90765	0	52	2021-10-02T16:17:29
2.78057	-50.90765	0	52	2021-10-02T16:21:55
2.78046	-50.90765	0	52	2021-10-02T16:27:28
2.78049	-50.90771	0	52	2021-10-02T16:31:53
2.78056	-50.90781	0	52	2021-10-02T16:46:53
2.78055	-50.90775	0	52	2021-10-02T16:51:52
2.78056	-50.90771	0	52	2021-10-02T17:06:48
2.78054	-50.90768	0	52	2021-10-02T17:11:49
2.78056	-50.90768	0	52	2021-10-02T17:46:48
2.78052	-50.90759	0	52	2021-10-02T17:51:48
2.78056	-50.90759	0	52	2021-10-02T17:56:49
2.78057	-50.90756	0	52	2021-10-02T18:01:49
2.78055	-50.90762	0	52	2021-10-02T18:06:50
2.78049	-50.90762	0	52	2021-10-02T18:11:50
2.78053	-50.90762	0	52	2021-10-02T18:16:49
2.78049	-50.90771	0	52	2021-10-02T18:21:49
2.78054	-50.90762	0	52	2021-10-02T18:41:48
2.78055	-50.90768	0	52	2021-10-02T18:51:46
2.78051	-50.90765	0	52	2021-10-02T18:56:43
2.78058	-50.90765	0	52	2021-10-02T19:01:44
2.78058	-50.90771	0	52	2021-10-02T19:11:45
2.78049	-50.90771	0	52	2021-10-02T19:16:44
2.78056	-50.90765	0	52	2021-10-02T19:21:44
2.78057	-50.90765	0	52	2021-10-02T19:26:47
2.78061	-50.90765	0	52	2021-10-02T19:31:46
2.78059	-50.90768	0	52	2021-10-02T19:36:45
2.78059	-50.90771	0	52	2021-10-02T19:41:43
2.78058	-50.90768	0	52	2021-10-02T19:46:40
2.78065	-50.90778	0	52	2021-10-02T19:51:41
2.78057	-50.90774	0	52	2021-10-02T19:56:43
2.78053	-50.90765	0	52	2021-10-02T20:01:43
2.78059	-50.90765	0	52	2021-10-02T20:21:39
2.78055	-50.90765	0	52	2021-10-02T20:31:39
2.78053	-50.90765	0	52	2021-10-02T20:36:41
2.78053	-50.90774	0	52	2021-10-02T20:41:41
2.78053	-50.90765	0	52	2021-10-02T20:46:40
2.78054	-50.90765	0	52	2021-10-02T20:51:40
2.78055	-50.90756	0	52	2021-10-02T21:21:44
2.78057	-50.90759	0	52	2021-10-02T21:27:05
2.78055	-50.90756	0	52	2021-10-02T21:31:43
2.78056	-50.90756	0	52	2021-10-02T21:56:44
2.78060	-50.90765	0	52	2021-10-02T22:01:44
2.78056	-50.90765	0	52	2021-10-02T22:06:45
2.78052	-50.90759	0	52	2021-10-02T22:11:42
2.78057	-50.90759	0	52	2021-10-02T22:17:07
2.78053	-50.90759	0	52	2021-10-02T22:22:07
2.78049	-50.90759	0	52	2021-10-02T22:27:08
2.78050	-50.90771	0	52	2021-10-02T22:31:42
2.78050	-50.90762	0	52	2021-10-02T22:41:43
2.78046	-50.90762	0	52	2021-10-02T22:46:44
2.78051	-50.90765	0	52	2021-10-02T22:51:44
2.78052	-50.90753	0	52	2021-10-02T22:56:47
2.78056	-50.90753	0	52	2021-10-02T23:06:48
2.78052	-50.90750	0	52	2021-10-02T23:21:49
2.78051	-50.90762	0	52	2021-10-02T23:56:41
2.78055	-50.90762	0	52	2021-10-03T00:01:41
2.78052	-50.90759	0	52	2021-10-03T00:11:38
2.78056	-50.90759	0	52	2021-10-03T00:21:37
2.78059	-50.90765	0	52	2021-10-03T00:26:41
2.78050	-50.90765	0	52	2021-10-03T00:31:40
2.78054	-50.90765	0	52	2021-10-03T00:36:40
2.78053	-50.90765	0	52	2021-10-03T00:56:47
2.78045	-50.90771	0	52	2021-10-03T01:01:47
2.78055	-50.90759	0	52	2021-10-03T01:11:45
2.78059	-50.90759	0	52	2021-10-03T01:21:44
2.78057	-50.90756	0	52	2021-10-03T01:26:47
2.78066	-50.90756	0	52	2021-10-03T01:31:46
2.78056	-50.90756	0	52	2021-10-03T01:36:45
2.78054	-50.90753	0	52	2021-10-03T01:41:43
2.78053	-50.90759	0	52	2021-10-03T02:06:44
2.78047	-50.90765	0	52	2021-10-03T02:11:44
2.78053	-50.90759	0	52	2021-10-03T02:16:44
2.78051	-50.90758	0	52	2021-10-03T02:22:25
2.78047	-50.90775	0	52	2021-10-03T02:27:26
2.78055	-50.90769	0	52	2021-10-03T02:36:48
2.78059	-50.90769	0	52	2021-10-03T02:41:47
2.78072	-50.90778	0	52	2021-10-03T02:46:47
2.78065	-50.90765	0	52	2021-10-03T02:51:48
2.78074	-50.90796	0	52	2021-10-03T03:01:48
2.78061	-50.90762	0	52	2021-10-03T03:11:47
2.78059	-50.90756	0	52	2021-10-03T03:17:10
2.78055	-50.90756	0	52	2021-10-03T03:27:09
2.78058	-50.90762	0	52	2021-10-03T03:51:47
2.78051	-50.90765	0	52	2021-10-03T04:11:46
2.78047	-50.90765	0	52	2021-10-03T04:16:46
2.78056	-50.90765	0	52	2021-10-03T04:21:46
2.78054	-50.90759	0	52	2021-10-03T04:31:45
2.78055	-50.90756	0	52	2021-10-03T04:46:44
2.78060	-50.90759	0	52	2021-10-03T05:06:48
2.78056	-50.90759	0	52	2021-10-03T05:11:48
2.78051	-50.90765	0	52	2021-10-03T05:31:47
2.78055	-50.90765	0	52	2021-10-03T05:36:46
2.78053	-50.90765	0	52	2021-10-03T05:41:45
2.78054	-50.90765	0	52	2021-10-03T05:51:50
2.78053	-50.90762	0	52	2021-10-03T05:56:48
2.78054	-50.90765	0	52	2021-10-03T06:01:49
2.78050	-50.90765	0	52	2021-10-03T06:11:50
2.78046	-50.90765	0	52	2021-10-03T06:16:49
2.78055	-50.90768	0	52	2021-10-03T06:21:52
2.78056	-50.90771	0	52	2021-10-03T06:26:50
2.78056	-50.90762	0	52	2021-10-03T06:36:50
2.78055	-50.90765	0	52	2021-10-03T06:41:55
2.78052	-50.90765	0	52	2021-10-03T06:46:54
2.78055	-50.90765	0	52	2021-10-03T06:51:57
2.78051	-50.90765	0	52	2021-10-03T06:56:56
2.78055	-50.90765	0	52	2021-10-03T07:01:55
2.78055	-50.90762	0	52	2021-10-03T07:16:54
2.78060	-50.90768	0	52	2021-10-03T07:21:51
2.78058	-50.90765	0	52	2021-10-03T07:31:49
2.78059	-50.90765	0	52	2021-10-03T07:36:51
2.78062	-50.90765	0	52	2021-10-03T07:41:50
2.78059	-50.90765	0	52	2021-10-03T07:46:48
2.78063	-50.90774	0	52	2021-10-03T07:51:48
2.78059	-50.90765	0	52	2021-10-03T07:56:47
2.78058	-50.90765	0	52	2021-10-03T08:01:51
2.78065	-50.90765	0	52	2021-10-03T08:16:53
2.78052	-50.90762	0	52	2021-10-03T08:26:58
2.78056	-50.90762	0	52	2021-10-03T08:31:57
2.78059	-50.90765	0	52	2021-10-03T08:36:54
2.78059	-50.90771	0	52	2021-10-03T09:46:53
2.78060	-50.90759	0	52	2021-10-03T10:01:44
2.78064	-50.90768	0	52	2021-10-03T10:06:44
2.78055	-50.90759	0	52	2021-10-03T10:11:43
2.78048	-50.90750	0	52	2021-10-03T10:18:35
2.78057	-50.90759	0	52	2021-10-03T10:23:36
2.78053	-50.90759	0	52	2021-10-03T10:28:36
2.78049	-50.90756	0	52	2021-10-03T10:51:44
2.78053	-50.90753	0	52	2021-10-03T11:41:42
2.78060	-50.90753	0	52	2021-10-03T12:01:40
2.78058	-50.90756	0	52	2021-10-03T12:16:36
2.78054	-50.90756	0	52	2021-10-03T12:21:37
2.78059	-50.90744	0	52	2021-10-03T12:26:38
2.78046	-50.90744	0	52	2021-10-03T12:36:37
2.78060	-50.90756	0	52	2021-10-03T12:41:36
2.78062	-50.90750	0	52	2021-10-03T12:51:32
2.78058	-50.90750	0	52	2021-10-03T12:56:32
2.78054	-50.90750	0	52	2021-10-03T13:01:33
2.78062	-50.90750	0	52	2021-10-03T13:06:37
2.78061	-50.90756	0	52	2021-10-03T13:21:35
2.78058	-50.90759	0	52	2021-10-03T13:36:36
2.78058	-50.90750	0	52	2021-10-03T13:46:36
2.78056	-50.90750	0	52	2021-10-03T13:56:33
2.78067	-50.90750	0	52	2021-10-03T14:11:34
2.78067	-50.90759	0	52	2021-10-03T14:16:34
2.78067	-50.90750	0	52	2021-10-03T14:21:35
2.78059	-50.90750	0	52	2021-10-03T14:32:47
2.78055	-50.90720	0	52	2021-10-03T15:01:42
2.78055	-50.90746	0	52	2021-10-03T15:06:43
2.78072	-50.90729	0	52	2021-10-03T15:11:43
2.78083	-50.90738	0	52	2021-10-03T15:16:47
2.78075	-50.90735	0	52	2021-10-03T15:26:46
2.78039	-50.90761	0	52	2021-10-03T15:41:45
2.78065	-50.90735	0	52	2021-10-03T15:51:46
2.78064	-50.90747	0	52	2021-10-03T15:56:51
2.78066	-50.90738	0	52	2021-10-03T16:01:45
2.78075	-50.90738	0	52	2021-10-03T16:06:45
2.78058	-50.90738	0	52	2021-10-03T16:11:46
2.78059	-50.90765	0	52	2021-10-03T16:31:44
2.78052	-50.90765	0	52	2021-10-03T16:38:11
2.78081	-50.90766	0	52	2021-10-03T18:33:00
2.78068	-50.90775	0	52	2021-10-03T18:38:00
2.78069	-50.90768	0	52	2021-10-03T18:51:38
2.78060	-50.90768	0	52	2021-10-03T19:01:37
2.78072	-50.90765	0	52	2021-10-03T19:11:34
2.78068	-50.90765	0	52	2021-10-03T19:16:34
2.78059	-50.90765	0	52	2021-10-03T19:21:33
2.78067	-50.90765	0	52	2021-10-03T19:26:34
2.78059	-50.90765	0	52	2021-10-03T19:31:31
2.78055	-50.90765	0	52	2021-10-03T19:36:31
2.78055	-50.90756	0	52	2021-10-03T19:41:32
2.78058	-50.90759	0	52	2021-10-03T19:51:27
2.78062	-50.90759	0	52	2021-10-03T19:56:27
2.78058	-50.90759	0	52	2021-10-03T20:01:28
2.78070	-50.90765	0	52	2021-10-03T20:26:59
2.78066	-50.90765	0	52	2021-10-03T20:36:59
2.78059	-50.90753	0	52	2021-10-03T21:11:27
2.78055	-50.90756	0	52	2021-10-03T21:40:15
2.78066	-50.90759	0	52	2021-10-03T21:46:27
2.78066	-50.90750	0	52	2021-10-03T21:51:27
2.78055	-50.90762	0	52	2021-10-03T22:11:23
2.78055	-50.90753	0	52	2021-10-03T22:16:24
2.78056	-50.90756	0	52	2021-10-03T22:26:24
2.78061	-50.90744	0	52	2021-10-03T22:31:25
2.78047	-50.90753	0	52	2021-10-03T22:41:27
2.78051	-50.90753	0	52	2021-10-03T22:46:26
2.78047	-50.90744	0	52	2021-10-03T22:51:26
2.78056	-50.90747	0	52	2021-10-03T23:36:34
2.78056	-50.90756	0	52	2021-10-03T23:46:35
2.78054	-50.90747	0	52	2021-10-04T00:01:37
2.78057	-50.90747	0	52	2021-10-04T00:06:31
2.78068	-50.90744	0	52	2021-10-04T00:21:33
2.78057	-50.90744	0	52	2021-10-04T00:26:34
2.78065	-50.90741	0	52	2021-10-04T00:38:07
2.78056	-50.90741	0	52	2021-10-04T00:43:06
2.78066	-50.90744	0	52	2021-10-04T00:56:38
2.78057	-50.90744	0	52	2021-10-04T01:01:37
2.78057	-50.90735	0	52	2021-10-04T01:06:37
2.78056	-50.90744	0	52	2021-10-04T01:36:38
2.78056	-50.90753	0	52	2021-10-04T01:46:37
2.78065	-50.90753	0	52	2021-10-04T03:26:33
2.78065	-50.90747	0	52	2021-10-04T03:31:35
2.78065	-50.90753	0	52	2021-10-04T03:36:32
2.78062	-50.90765	0	52	2021-10-04T03:46:29
2.78066	-50.90756	0	52	2021-10-04T03:56:28
2.78060	-50.90765	0	52	2021-10-04T04:11:29
2.78056	-50.90765	0	52	2021-10-04T05:46:19
2.78056	-50.90771	0	52	2021-10-04T06:06:19
2.78058	-50.90768	0	52	2021-10-04T06:11:16
2.78062	-50.90768	0	52	2021-10-04T06:16:17
2.78058	-50.90768	0	52	2021-10-04T06:21:17
2.78056	-50.90765	0	52	2021-10-04T07:01:16
2.78052	-50.90765	0	52	2021-10-04T07:06:15
2.78062	-50.90771	0	52	2021-10-04T07:46:12
2.78065	-50.90775	0	52	2021-10-04T08:01:17
2.78065	-50.90784	0	52	2021-10-04T08:11:18
2.78065	-50.90775	0	52	2021-10-04T08:21:18
2.78066	-50.90771	0	52	2021-10-04T08:31:16
2.78066	-50.90762	0	52	2021-10-04T08:36:15
2.78067	-50.90762	0	52	2021-10-04T08:46:15
2.78063	-50.90762	0	52	2021-10-04T08:51:14
2.78067	-50.90762	0	52	2021-10-04T08:56:14
2.78064	-50.90756	0	52	2021-10-04T09:11:13
2.78064	-50.90765	0	52	2021-10-04T09:16:13
2.78059	-50.90768	0	52	2021-10-04T09:21:11
2.78064	-50.90768	0	52	2021-10-04T09:31:11
2.78056	-50.90756	0	52	2021-10-04T09:41:10
2.78060	-50.90756	0	52	2021-10-04T09:51:11
2.78069	-50.90759	0	52	2021-10-04T09:56:09
2.78068	-50.90771	0	52	2021-10-04T10:36:08
2.78055	-50.90768	0	52	2021-10-04T10:46:08
2.78064	-50.90768	0	52	2021-10-04T10:56:07
2.78059	-50.90771	0	52	2021-10-04T11:16:17
2.78055	-50.90762	0	52	2021-10-04T11:21:16
2.78059	-50.90762	0	52	2021-10-04T11:26:16
2.78062	-50.90756	0	52	2021-10-04T11:36:22
2.78058	-50.90756	0	52	2021-10-04T11:46:21
2.78047	-50.90756	0	52	2021-10-04T11:51:25
2.78054	-50.90756	0	52	2021-10-04T11:56:22
2.78058	-50.90756	0	52	2021-10-04T12:01:22
2.78049	-50.90756	0	52	2021-10-04T12:06:22
2.78063	-50.90750	0	52	2021-10-04T12:21:19
2.78046	-50.90756	0	52	2021-10-04T12:26:19
2.78050	-50.90750	0	52	2021-10-04T12:31:20
2.78064	-50.90771	0	52	2021-10-04T13:31:19
2.78077	-50.90762	0	52	2021-10-04T13:36:22
2.78073	-50.90762	0	52	2021-10-04T13:41:21
2.78069	-50.90753	0	52	2021-10-04T13:46:21
2.78056	-50.90775	0	52	2021-10-04T14:36:19
2.78065	-50.90745	0	52	2021-10-04T14:46:16
2.78056	-50.90771	0	52	2021-10-04T14:51:17
2.78065	-50.90771	0	52	2021-10-04T14:56:17
2.78054	-50.90765	0	52	2021-10-04T15:01:18
2.78071	-50.90752	0	52	2021-10-04T15:06:16
2.78067	-50.90761	0	52	2021-10-04T15:11:16
2.78054	-50.90744	0	52	2021-10-04T15:16:17
2.78071	-50.90775	0	52	2021-10-04T16:11:08
2.78062	-50.90775	0	52	2021-10-04T16:16:08
2.78066	-50.90775	0	52	2021-10-04T16:21:09
2.78061	-50.90771	0	52	2021-10-04T17:11:02
2.78071	-50.90762	0	52	2021-10-04T17:36:29
2.78067	-50.90762	0	52	2021-10-04T17:41:29
2.78058	-50.90762	0	52	2021-10-04T17:46:28
2.78067	-50.90775	0	52	2021-10-04T17:56:02
2.78071	-50.90775	0	52	2021-10-04T18:06:03
2.78065	-50.90773	0	52	2021-10-04T18:16:04
2.78065	-50.90756	0	52	2021-10-04T18:21:03
2.78061	-50.90765	0	52	2021-10-04T18:26:03
2.78071	-50.90762	0	52	2021-10-04T18:31:01
2.78070	-50.90781	0	52	2021-10-04T18:41:05
2.78067	-50.90778	0	52	2021-10-04T18:46:33
2.78062	-50.90781	0	52	2021-10-04T18:51:04
2.78057	-50.90771	0	52	2021-10-04T18:56:05
2.78066	-50.90762	0	52	2021-10-04T19:01:05
2.78065	-50.90765	0	52	2021-10-04T19:06:06
2.78054	-50.90771	0	52	2021-10-04T19:11:03
2.78051	-50.90771	0	52	2021-10-04T19:21:01
2.78061	-50.90771	0	52	2021-10-04T19:26:02
2.78060	-50.90771	0	52	2021-10-04T19:31:00
2.78068	-50.90765	0	52	2021-10-04T19:41:05
2.78059	-50.90765	0	52	2021-10-04T19:51:05
2.78055	-50.90762	0	52	2021-10-04T20:20:59
2.78065	-50.90756	0	52	2021-10-04T21:00:55
2.78063	-50.90744	0	52	2021-10-04T21:05:56
2.78059	-50.90744	0	52	2021-10-04T21:10:56
2.78068	-50.90744	0	52	2021-10-04T21:15:55
2.78067	-50.90756	0	52	2021-10-04T21:20:54
2.78060	-50.90759	0	52	2021-10-04T21:30:49
2.78069	-50.90768	0	52	2021-10-04T21:40:50
2.78066	-50.90768	0	52	2021-10-04T21:56:39
2.78066	-50.90759	0	52	2021-10-04T22:00:46
2.78065	-50.90756	0	52	2021-10-04T22:20:50
2.78061	-50.90759	0	52	2021-10-04T22:30:52
2.78058	-50.90759	0	52	2021-10-04T22:35:49
2.78057	-50.90750	0	52	2021-10-04T22:40:52
2.78054	-50.90750	0	52	2021-10-04T23:40:44
2.78053	-50.90756	0	52	2021-10-04T23:45:42
2.78046	-50.90750	0	52	2021-10-04T23:50:43
2.78054	-50.90756	0	52	2021-10-05T00:00:43
2.78050	-50.90756	0	52	2021-10-05T00:05:45
2.78054	-50.90756	0	52	2021-10-05T00:10:42
2.78049	-50.90762	0	52	2021-10-05T00:20:39
2.78053	-50.90762	0	52	2021-10-05T00:30:38
2.78060	-50.90759	0	52	2021-10-05T00:40:39
2.78060	-50.90750	0	52	2021-10-05T00:45:39
2.78059	-50.90756	0	52	2021-10-05T00:50:37
2.78061	-50.90750	0	52	2021-10-05T00:55:34
2.78061	-50.90759	0	52	2021-10-05T01:00:35
2.78065	-50.90750	0	52	2021-10-05T01:05:35
2.78068	-50.90756	0	52	2021-10-05T01:15:34
2.78061	-50.90741	0	52	2021-10-05T01:20:34
2.78061	-50.90756	0	52	2021-10-05T01:25:36
2.78061	-50.90750	0	52	2021-10-05T01:30:33
2.78051	-50.90750	0	52	2021-10-05T02:10:36
2.78065	-50.90756	0	52	2021-10-05T02:20:41
2.78066	-50.90765	0	52	2021-10-05T02:35:43
2.78070	-50.90756	0	52	2021-10-05T02:40:43
2.78071	-50.90756	0	52	2021-10-05T03:05:36
2.78075	-50.90756	0	52	2021-10-05T03:10:35
2.78079	-50.90756	0	52	2021-10-05T03:15:35
2.78066	-50.90757	0	52	2021-10-05T03:30:38
2.78066	-50.90748	0	52	2021-10-05T03:35:38
2.78062	-50.90765	0	52	2021-10-05T03:40:38
2.78071	-50.90762	0	52	2021-10-05T03:45:36
2.78056	-50.90762	0	52	2021-10-05T03:50:33
2.78069	-50.90759	0	52	2021-10-05T03:55:35
2.78056	-50.90753	0	52	2021-10-05T04:00:34
2.78064	-50.90765	0	52	2021-10-05T04:20:31
2.78060	-50.90771	0	52	2021-10-05T04:35:32
2.78064	-50.90771	0	52	2021-10-05T04:40:31
2.78061	-50.90765	0	52	2021-10-05T05:05:31
2.78057	-50.90765	0	52	2021-10-05T05:10:32
2.78062	-50.90771	0	52	2021-10-05T05:35:32
2.78062	-50.90762	0	52	2021-10-05T05:45:32
2.78068	-50.90765	0	52	2021-10-05T06:40:31
2.78067	-50.90771	0	52	2021-10-05T06:45:29
2.78068	-50.90765	0	52	2021-10-05T06:50:30
2.78066	-50.90778	0	52	2021-10-05T06:55:30
2.78062	-50.90768	0	52	2021-10-05T07:06:10
2.78062	-50.90762	0	52	2021-10-05T07:25:35
2.78066	-50.90762	0	52	2021-10-05T07:30:35
2.78062	-50.90762	0	52	2021-10-05T07:45:35
2.78066	-50.90771	0	52	2021-10-05T07:50:38
2.78062	-50.90771	0	52	2021-10-05T08:00:38
2.78072	-50.90768	0	52	2021-10-05T08:35:32
2.78068	-50.90768	0	52	2021-10-05T08:40:33
2.78057	-50.90765	0	52	2021-10-05T08:45:37
2.78064	-50.90765	0	52	2021-10-05T09:00:32
2.78063	-50.90768	0	52	2021-10-05T09:15:30
2.78057	-50.90771	0	52	2021-10-05T09:20:32
2.78059	-50.90768	0	52	2021-10-05T09:25:29
2.78061	-50.90774	0	52	2021-10-05T09:35:31
2.78057	-50.90765	0	52	2021-10-05T09:40:31
2.78057	-50.90768	0	52	2021-10-05T09:45:29
2.78058	-50.90765	0	52	2021-10-05T10:00:30
2.78055	-50.90765	0	52	2021-10-05T10:10:35
2.78059	-50.90762	0	52	2021-10-05T10:15:33
2.78055	-50.90765	0	52	2021-10-05T10:20:34
2.78052	-50.90762	0	52	2021-10-05T10:25:32
2.78059	-50.90753	0	52	2021-10-05T10:50:32
2.78057	-50.90759	0	52	2021-10-05T11:00:34
2.78056	-50.90756	0	52	2021-10-05T11:20:41
2.78060	-50.90756	0	52	2021-10-05T11:30:41
2.78054	-50.90768	0	52	2021-10-05T11:50:38
2.78052	-50.90759	0	52	2021-10-05T11:55:36
2.78058	-50.90756	0	52	2021-10-05T12:10:29
2.78061	-50.90756	0	52	2021-10-05T12:25:24
2.78061	-50.90747	0	52	2021-10-05T12:30:23
2.78061	-50.90756	0	52	2021-10-05T12:35:23
2.78060	-50.90750	0	52	2021-10-05T12:50:19
2.78057	-50.90759	0	52	2021-10-05T13:00:20
2.78053	-50.90768	0	52	2021-10-05T13:05:20
2.78057	-50.90768	0	52	2021-10-05T13:10:21
2.78056	-50.90768	0	52	2021-10-05T13:20:16
2.78058	-50.90759	0	52	2021-10-05T13:45:14
2.78054	-50.90768	0	52	2021-10-05T13:50:13
2.78058	-50.90747	0	52	2021-10-05T14:10:16
2.78058	-50.90756	0	52	2021-10-05T14:20:15
2.78057	-50.90750	0	52	2021-10-05T14:45:14
2.78070	-50.90753	0	52	2021-10-05T14:50:12
2.78061	-50.90753	0	52	2021-10-05T14:55:12
2.78061	-50.90744	0	52	2021-10-05T15:00:13
2.78069	-50.90747	0	52	2021-10-05T15:05:47
2.78063	-50.90756	0	52	2021-10-05T15:15:12
2.78067	-50.90756	0	52	2021-10-05T15:20:13
2.78070	-50.90744	0	52	2021-10-05T15:25:14
2.78076	-50.90750	0	52	2021-10-05T15:30:14
2.78072	-50.90750	0	52	2021-10-05T15:40:15
2.78068	-50.90750	0	52	2021-10-05T15:52:13
2.78064	-50.90759	0	52	2021-10-05T15:57:13
2.78060	-50.90768	0	52	2021-10-05T16:02:12
2.78053	-50.90771	0	52	2021-10-05T16:10:13
2.78066	-50.90778	0	52	2021-10-05T17:35:16
2.78061	-50.90771	0	52	2021-10-05T17:40:17
2.78065	-50.90771	0	52	2021-10-05T17:45:17
2.78061	-50.90771	0	52	2021-10-05T17:55:13
2.78062	-50.90765	0	52	2021-10-05T18:10:19
2.78066	-50.90765	0	52	2021-10-05T18:15:14
2.78065	-50.90765	0	52	2021-10-05T18:30:14
2.78054	-50.90774	0	52	2021-10-05T18:45:13
2.78058	-50.90774	0	52	2021-10-05T18:50:13
2.78058	-50.90765	0	52	2021-10-05T19:00:10
2.78062	-50.90748	0	52	2021-10-05T19:05:09
2.78062	-50.90765	0	52	2021-10-05T19:10:10
2.78055	-50.90768	0	52	2021-10-05T19:25:08
2.78060	-50.90753	0	52	2021-10-05T19:50:05
2.78054	-50.90768	0	52	2021-10-05T20:20:06
2.78058	-50.90768	0	52	2021-10-05T20:25:07
2.78054	-50.90768	0	52	2021-10-05T20:30:07
2.78059	-50.90765	0	52	2021-10-05T20:40:13
2.78064	-50.90762	0	52	2021-10-05T20:55:46
2.78064	-50.90771	0	52	2021-10-05T21:00:46
2.78060	-50.90762	0	52	2021-10-05T21:05:45
2.78066	-50.90744	0	52	2021-10-05T21:10:11
2.78064	-50.90759	0	52	2021-10-05T21:20:16
2.78062	-50.90765	0	52	2021-10-05T21:25:18
2.78058	-50.90756	0	52	2021-10-05T21:30:14
2.78066	-50.90753	0	52	2021-10-05T21:35:16
2.78066	-50.90762	0	52	2021-10-05T21:40:16
2.78083	-50.90762	0	52	2021-10-05T21:45:17
2.78071	-50.90787	0	52	2021-10-05T23:30:04
2.78067	-50.90778	0	52	2021-10-05T23:35:05
2.78050	-50.90778	0	52	2021-10-05T23:40:05
2.78059	-50.90775	0	52	2021-10-06T00:30:02
2.78065	-50.90768	0	52	2021-10-06T00:35:00
2.78058	-50.90765	0	52	2021-10-06T01:05:00
2.78067	-50.90748	0	52	2021-10-06T01:09:59
2.78067	-50.90765	0	52	2021-10-06T01:14:59
2.78060	-50.90778	0	52	2021-10-06T03:05:07
2.78059	-50.90774	0	52	2021-10-06T03:20:09
2.78068	-50.90765	0	52	2021-10-06T03:25:10
2.78062	-50.90765	0	52	2021-10-06T03:30:07
2.78066	-50.90765	0	52	2021-10-06T03:40:08
2.78058	-50.90765	0	52	2021-10-06T03:45:09
2.78053	-50.90777	0	52	2021-10-06T04:15:10
2.78027	-50.90777	0	52	2021-10-06T04:20:10
2.78057	-50.90768	0	52	2021-10-06T04:25:09
2.78067	-50.90771	0	52	2021-10-06T05:44:58
2.78071	-50.90771	0	52	2021-10-06T05:54:57
2.78059	-50.90771	0	52	2021-10-06T06:19:57
2.78056	-50.90778	0	52	2021-10-06T06:35:00
2.78057	-50.90768	0	52	2021-10-06T07:25:03
2.78053	-50.90768	0	52	2021-10-06T07:30:02
2.78070	-50.90768	0	52	2021-10-06T07:35:02
2.78071	-50.90765	0	52	2021-10-06T08:39:57
2.78071	-50.90756	0	52	2021-10-06T08:44:56
2.78056	-50.90765	0	52	2021-10-06T09:04:51
2.78069	-50.90765	0	52	2021-10-06T09:09:51
2.78062	-50.90768	0	52	2021-10-06T09:19:53
2.78066	-50.90768	0	52	2021-10-06T09:24:54
2.78063	-50.90775	0	52	2021-10-06T10:14:40
2.78067	-50.90766	0	52	2021-10-06T10:19:40
2.78067	-50.90775	0	52	2021-10-06T10:24:41
2.78057	-50.90767	0	52	2021-10-06T11:29:40
2.78057	-50.90750	0	52	2021-10-06T11:34:39
2.78062	-50.90771	0	52	2021-10-06T11:39:41
2.78068	-50.90765	0	52	2021-10-06T12:04:43
2.78068	-50.90756	0	52	2021-10-06T12:09:44
2.78055	-50.90765	0	52	2021-10-06T12:14:44
2.78070	-50.90752	0	52	2021-10-06T12:29:47
2.78066	-50.90735	0	52	2021-10-06T12:34:47
2.78066	-50.90744	0	52	2021-10-06T12:39:46
2.78069	-50.90756	0	52	2021-10-06T14:04:52
2.78069	-50.90747	0	52	2021-10-06T14:09:53
2.78066	-50.90750	0	52	2021-10-06T14:14:50
2.78062	-50.90759	0	52	2021-10-06T14:19:51
2.78066	-50.90750	0	52	2021-10-06T14:24:51
2.78060	-50.90759	0	52	2021-10-06T14:29:52
2.78065	-50.90780	0	52	2021-10-06T14:39:49
2.78074	-50.90754	0	52	2021-10-06T14:44:48
2.78074	-50.90771	0	52	2021-10-06T14:54:49
2.78073	-50.90733	0	52	2021-10-06T14:59:51
2.78060	-50.90776	0	52	2021-10-06T15:04:51
2.78090	-50.90750	0	52	2021-10-06T15:09:52
2.78092	-50.90738	0	52	2021-10-06T15:19:49
2.78091	-50.90744	0	52	2021-10-06T15:24:50
2.78075	-50.90729	0	52	2021-10-06T15:29:48
2.78064	-50.90771	0	52	2021-10-06T16:59:47
2.78071	-50.90771	0	52	2021-10-06T17:39:54
2.78071	-50.90768	0	52	2021-10-06T17:49:48
2.78067	-50.90768	0	52	2021-10-06T17:54:49
2.78068	-50.90765	0	52	2021-10-06T17:59:49
2.78069	-50.90765	0	52	2021-10-06T18:14:45
2.78067	-50.90768	0	52	2021-10-06T18:34:51
2.78057	-50.90765	0	52	2021-10-06T18:39:41
2.78058	-50.90771	0	52	2021-10-06T18:39:42
2.78066	-50.90765	0	52	2021-10-06T18:44:42
2.78062	-50.90765	0	52	2021-10-06T18:49:42
2.78059	-50.90768	0	52	2021-10-06T18:54:40
2.78056	-50.90771	0	52	2021-10-06T18:59:45
2.78056	-50.90775	0	52	2021-10-06T19:14:43
2.78068	-50.90771	0	52	2021-10-06T20:09:38
2.78065	-50.90775	0	52	2021-10-06T21:04:35
2.78065	-50.90784	0	52	2021-10-06T21:09:35
2.78069	-50.90775	0	52	2021-10-06T21:14:34
2.78066	-50.90771	0	52	2021-10-06T21:25:16
2.78065	-50.90768	0	52	2021-10-06T21:29:32
2.78052	-50.90756	0	52	2021-10-06T23:39:45
2.78050	-50.90771	0	52	2021-10-06T23:54:44
2.78029	-50.90771	0	52	2021-10-06T23:59:43
2.78065	-50.90768	0	52	2021-10-06T23:59:45
2.78055	-50.90771	0	52	2021-10-07T00:04:43
2.78066	-50.90759	0	52	2021-10-07T00:34:48
2.78043	-50.90765	0	52	2021-10-07T00:39:48
2.78063	-50.90765	0	52	2021-10-07T01:44:56
2.78054	-50.90756	0	52	2021-10-07T01:54:57
2.78077	-50.90778	0	52	2021-10-07T02:34:49
2.78064	-50.90762	0	52	2021-10-07T03:24:41
2.78060	-50.90762	0	52	2021-10-07T03:29:40
2.78064	-50.90762	0	52	2021-10-07T03:34:40
2.78061	-50.90771	0	52	2021-10-07T04:29:42
2.78065	-50.90771	0	52	2021-10-07T04:34:43
2.78061	-50.90771	0	52	2021-10-07T04:39:43
2.78068	-50.90771	0	52	2021-10-07T05:24:44
2.78066	-50.90771	0	52	2021-10-07T05:39:46
2.78080	-50.90775	0	52	2021-10-07T05:44:47
2.78065	-50.90778	0	52	2021-10-07T06:14:51
2.78065	-50.90787	0	52	2021-10-07T06:19:50
2.78065	-50.90778	0	52	2021-10-07T06:24:50
2.78061	-50.90778	0	52	2021-10-07T06:39:49
2.78065	-50.90778	0	52	2021-10-07T06:44:46
2.78057	-50.90774	0	52	2021-10-07T07:25:28
2.78061	-50.90765	0	52	2021-10-07T07:30:28
2.78071	-50.90771	0	52	2021-10-07T07:34:50
2.78065	-50.90765	0	52	2021-10-07T08:04:49
2.78066	-50.90765	0	52	2021-10-07T08:09:48
2.78061	-50.90765	0	52	2021-10-07T08:14:50
2.78066	-50.90768	0	52	2021-10-07T08:24:50
2.78053	-50.90768	0	52	2021-10-07T08:29:49
2.78062	-50.90768	0	52	2021-10-07T08:34:49
2.78061	-50.90771	0	52	2021-10-07T08:49:47
2.78048	-50.90778	0	52	2021-10-07T09:04:47
2.78060	-50.90775	0	52	2021-10-07T09:09:45
2.78053	-50.90778	0	52	2021-10-07T09:14:47
2.78069	-50.90762	0	52	2021-10-07T09:49:44
2.78065	-50.90762	0	52	2021-10-07T09:54:44
2.78061	-50.90756	0	52	2021-10-07T10:39:48
2.78065	-50.90765	0	52	2021-10-07T10:44:48
2.78062	-50.90756	0	52	2021-10-07T15:09:44
2.78077	-50.90756	0	52	2021-10-07T15:14:44
2.78067	-50.90771	0	52	2021-10-07T18:44:47
2.78060	-50.90750	0	52	2021-10-07T22:54:23
2.78056	-50.90750	0	52	2021-10-07T22:59:24
2.78052	-50.90750	0	52	2021-10-07T23:04:24
2.78056	-50.90756	0	52	2021-10-07T23:24:27
2.78058	-50.90753	0	52	2021-10-07T23:59:22
2.78054	-50.90753	0	52	2021-10-08T00:04:22
2.78057	-50.90756	0	52	2021-10-08T01:29:29
2.78061	-50.90756	0	52	2021-10-08T01:34:28
2.78061	-50.90765	0	52	2021-10-08T01:39:28
2.78060	-50.90762	0	52	2021-10-08T01:49:30
2.78064	-50.90762	0	52	2021-10-08T01:54:30
2.78062	-50.90765	0	52	2021-10-08T02:04:25
2.78075	-50.90765	0	52	2021-10-08T02:09:26
2.78066	-50.90765	0	52	2021-10-08T02:14:26
2.78066	-50.90762	0	52	2021-10-08T02:21:41
2.78072	-50.90773	0	52	2021-10-08T02:44:25
2.78081	-50.90773	0	52	2021-10-08T02:49:25
2.78072	-50.90756	0	52	2021-10-08T02:54:26
2.78076	-50.90778	0	52	2021-10-08T02:59:23
2.78068	-50.90771	0	52	2021-10-08T04:29:18
2.78067	-50.90775	0	52	2021-10-08T04:39:16
2.78080	-50.90775	0	52	2021-10-08T04:44:16
2.78074	-50.90775	0	52	2021-10-08T04:49:14
2.78068	-50.90781	0	52	2021-10-08T05:09:13
2.78074	-50.90778	0	52	2021-10-08T05:19:13
2.78069	-50.90765	0	52	2021-10-08T05:25:10
2.78074	-50.90778	0	52	2021-10-08T05:29:14
2.78070	-50.90768	0	52	2021-10-08T05:34:14
2.78070	-50.90759	0	52	2021-10-08T05:39:14
2.78066	-50.90759	0	52	2021-10-08T05:44:13
2.78066	-50.90762	0	52	2021-10-08T05:49:13
2.78063	-50.90771	0	52	2021-10-08T05:54:15
2.78072	-50.90771	0	52	2021-10-08T05:59:15
2.78068	-50.90771	0	52	2021-10-08T06:04:16
2.78061	-50.90762	0	52	2021-10-08T06:09:17
2.78062	-50.90771	0	52	2021-10-08T06:19:17
2.78071	-50.90771	0	52	2021-10-08T06:24:16
2.78062	-50.90771	0	52	2021-10-08T06:29:17
2.78070	-50.90765	0	52	2021-10-08T06:44:15
2.78060	-50.90771	0	52	2021-10-08T07:15:03
2.78065	-50.90775	0	52	2021-10-08T07:19:12
2.78060	-50.90771	0	52	2021-10-08T07:25:04
2.78067	-50.90771	0	52	2021-10-08T07:39:09
2.78078	-50.90768	0	52	2021-10-08T07:49:06
2.78069	-50.90768	0	52	2021-10-08T07:54:05
2.78069	-50.90759	0	52	2021-10-08T07:59:05
2.78068	-50.90777	0	52	2021-10-08T08:09:04
2.78072	-50.90777	0	52	2021-10-08T08:14:04
2.78076	-50.90768	0	52	2021-10-08T08:19:04
2.78072	-50.90762	0	52	2021-10-08T08:38:56
2.78073	-50.90759	0	52	2021-10-08T08:43:57
2.78074	-50.90765	0	52	2021-10-08T08:48:53
2.78070	-50.90765	0	52	2021-10-08T08:58:52
2.78086	-50.90765	0	52	2021-10-08T09:33:43
2.78080	-50.90767	0	52	2021-10-08T09:48:36
2.78066	-50.90756	0	52	2021-10-08T09:53:35
2.78076	-50.90775	0	52	2021-10-08T09:58:35
2.78075	-50.90777	0	52	2021-10-08T10:18:58
2.78066	-50.90768	0	52	2021-10-08T10:28:59
2.78065	-50.90775	0	52	2021-10-08T10:33:28
2.78065	-50.90771	0	52	2021-10-08T10:43:28
2.78069	-50.90771	0	52	2021-10-08T10:48:29
2.78066	-50.90775	0	52	2021-10-08T10:53:28
2.78061	-50.90771	0	52	2021-10-08T11:23:27
2.78065	-50.90771	0	52	2021-10-08T11:33:27
2.78064	-50.90775	0	52	2021-10-08T11:38:26
2.78060	-50.90775	0	52	2021-10-08T11:48:27
2.78058	-50.90778	0	52	2021-10-08T12:03:22
2.78062	-50.90778	0	52	2021-10-08T12:08:23
2.78067	-50.90771	0	52	2021-10-08T12:13:24
2.78065	-50.90756	0	52	2021-10-08T12:48:19
2.78061	-50.90759	0	52	2021-10-08T13:38:16
2.78061	-50.90771	0	52	2021-10-08T13:43:16
2.78065	-50.90762	0	52	2021-10-08T13:48:13
2.78065	-50.90771	0	52	2021-10-08T13:58:12
2.78067	-50.90759	0	52	2021-10-08T14:53:11
2.78093	-50.90750	0	52	2021-10-08T15:03:10
2.78085	-50.90741	0	52	2021-10-08T15:43:13
2.78072	-50.90750	0	52	2021-10-08T15:53:14
2.78061	-50.90783	0	52	2021-10-08T16:38:11
2.78061	-50.90774	0	52	2021-10-08T16:43:11
2.78061	-50.90765	0	52	2021-10-08T16:48:10
2.78056	-50.90765	0	52	2021-10-08T17:28:35
2.78067	-50.90765	0	52	2021-10-08T17:53:09
2.78062	-50.90771	0	52	2021-10-08T18:38:08
2.78058	-50.90771	0	52	2021-10-08T18:43:08
2.78062	-50.90762	0	52	2021-10-08T18:48:07
2.78056	-50.90765	0	52	2021-10-08T19:08:09
2.78062	-50.90774	0	52	2021-10-08T19:13:12
2.78062	-50.90765	0	52	2021-10-08T19:23:12
2.78066	-50.90762	0	52	2021-10-08T19:28:12
2.78062	-50.90762	0	52	2021-10-08T19:38:11
2.78062	-50.90759	0	52	2021-10-08T19:43:09
2.78066	-50.90759	0	52	2021-10-08T19:48:09
2.78068	-50.90771	0	52	2021-10-08T20:23:08
2.78061	-50.90771	0	52	2021-10-08T20:33:08
2.78065	-50.90771	0	52	2021-10-08T20:38:07
2.78061	-50.90771	0	52	2021-10-08T20:43:07
2.78061	-50.90765	0	52	2021-10-08T21:23:06
2.78066	-50.90768	0	52	2021-10-08T22:23:42
2.78068	-50.90775	0	52	2021-10-08T22:28:13
2.78062	-50.90768	0	52	2021-10-08T22:33:41
2.78068	-50.90765	0	52	2021-10-08T22:43:15
2.78055	-50.90765	0	52	2021-10-08T22:48:14
2.78064	-50.90765	0	52	2021-10-08T22:53:14
2.78061	-50.90765	0	52	2021-10-08T23:08:16
2.78064	-50.90765	0	52	2021-10-08T23:13:14
2.78060	-50.90759	0	52	2021-10-08T23:25:19
2.78061	-50.90765	0	52	2021-10-08T23:28:17
2.78056	-50.90759	0	52	2021-10-08T23:35:20
2.78062	-50.90768	0	52	2021-10-08T23:43:25
2.78059	-50.90771	0	52	2021-10-08T23:48:23
2.78066	-50.90768	0	52	2021-10-08T23:53:24
2.78067	-50.90765	0	52	2021-10-09T00:13:24
2.78059	-50.90756	0	52	2021-10-09T01:23:20
2.78059	-50.90765	0	52	2021-10-09T01:33:21
2.78058	-50.90750	0	52	2021-10-09T01:38:58
2.78059	-50.90756	0	52	2021-10-09T01:43:20
2.78064	-50.90771	0	52	2021-10-09T01:48:21
2.78064	-50.90762	0	52	2021-10-09T01:58:22
2.78064	-50.90765	0	52	2021-10-09T02:03:23
2.78071	-50.90774	0	52	2021-10-09T02:13:21
2.78067	-50.90765	0	52	2021-10-09T02:18:22
2.78071	-50.90765	0	52	2021-10-09T02:23:22
2.78074	-50.90759	0	52	2021-10-09T02:33:24
2.78070	-50.90759	0	52	2021-10-09T02:38:24
2.78061	-50.90759	0	52	2021-10-09T02:43:23
2.78069	-50.90753	0	52	2021-10-09T02:53:23
2.78069	-50.90762	0	52	2021-10-09T02:58:22
2.78075	-50.90762	0	52	2021-10-09T03:03:26
2.78062	-50.90765	0	52	2021-10-09T04:03:20
2.78058	-50.90765	0	52	2021-10-09T04:13:19
2.78061	-50.90762	0	52	2021-10-09T04:48:29
2.78061	-50.90771	0	52	2021-10-09T04:53:29
2.78065	-50.90771	0	52	2021-10-09T05:03:27
2.78061	-50.90771	0	52	2021-10-09T05:08:28
2.78065	-50.90762	0	52	2021-10-09T05:13:28
2.78069	-50.90762	0	52	2021-10-09T05:23:24
2.78069	-50.90771	0	52	2021-10-09T05:28:24
2.78065	-50.90765	0	52	2021-10-09T05:53:23
2.78063	-50.90771	0	52	2021-10-09T06:23:25
2.78067	-50.90771	0	52	2021-10-09T06:33:24
2.78067	-50.90774	0	52	2021-10-09T06:58:12
2.78067	-50.90765	0	52	2021-10-09T07:03:13
2.78059	-50.90768	0	52	2021-10-09T07:08:13
2.78067	-50.90771	0	52	2021-10-09T07:18:05
2.78063	-50.90756	0	52	2021-10-09T07:33:07
2.78067	-50.90765	0	52	2021-10-09T07:43:08
2.78079	-50.90774	0	52	2021-10-09T07:53:10
2.78088	-50.90774	0	52	2021-10-09T07:58:10
2.78071	-50.90765	0	52	2021-10-09T08:03:09
2.78072	-50.90759	0	52	2021-10-09T08:43:11
2.78060	-50.90775	0	52	2021-10-09T08:48:34
2.78064	-50.90774	0	52	2021-10-09T09:13:09
2.78068	-50.90774	0	52	2021-10-09T09:18:09
2.78059	-50.90765	0	52	2021-10-09T09:23:10
2.78071	-50.90774	0	52	2021-10-09T09:43:06
2.78071	-50.90765	0	52	2021-10-09T09:53:07
2.78073	-50.90775	0	52	2021-10-09T10:03:09
2.78064	-50.90749	0	52	2021-10-09T10:08:09
2.78073	-50.90775	0	52	2021-10-09T10:13:08
2.78064	-50.90756	0	52	2021-10-09T10:53:14
2.78059	-50.90756	0	52	2021-10-09T10:58:11
2.78065	-50.90759	0	52	2021-10-09T11:13:12
2.78062	-50.90762	0	52	2021-10-09T11:23:12
2.78066	-50.90762	0	52	2021-10-09T11:33:13
2.78060	-50.90762	0	52	2021-10-09T11:38:16
2.78057	-50.90771	0	52	2021-10-09T12:18:21
2.78061	-50.90770	0	52	2021-10-09T12:23:21
2.78065	-50.90761	0	52	2021-10-09T12:28:21
2.78065	-50.90778	0	52	2021-10-09T13:08:18
2.78062	-50.90756	0	52	2021-10-09T13:13:21
2.78065	-50.90762	0	52	2021-10-09T13:23:20
2.78069	-50.90759	0	52	2021-10-09T13:28:25
2.78061	-50.90765	0	52	2021-10-09T13:53:22
2.78065	-50.90756	0	52	2021-10-09T13:58:22
2.78061	-50.90765	0	52	2021-10-09T14:03:22
2.78067	-50.90756	0	52	2021-10-09T14:13:18
2.78063	-50.90756	0	52	2021-10-09T14:18:18
2.78059	-50.90756	0	52	2021-10-09T14:23:19
2.78068	-50.90759	0	52	2021-10-09T14:28:17
2.78070	-50.90771	0	52	2021-10-09T14:53:20
2.78066	-50.90771	0	52	2021-10-09T14:58:21
2.78070	-50.90771	0	52	2021-10-09T15:03:21
2.78055	-50.90775	0	52	2021-10-09T15:08:19
2.78061	-50.90765	0	52	2021-10-09T15:23:22
2.78070	-50.90765	0	52	2021-10-09T15:33:23
2.78078	-50.90758	0	52	2021-10-09T15:48:25
2.78061	-50.90775	0	52	2021-10-09T15:58:24
2.78055	-50.90775	0	52	2021-10-09T16:03:27
2.78074	-50.90765	0	52	2021-10-09T16:08:29
2.78062	-50.90768	0	52	2021-10-09T16:13:27
2.78065	-50.90765	0	52	2021-10-09T16:18:28
2.78060	-50.90765	0	52	2021-10-09T16:38:26
2.78064	-50.90768	0	52	2021-10-09T16:54:04
2.78065	-50.90771	0	52	2021-10-09T16:58:23
2.78059	-50.90765	0	52	2021-10-09T17:13:18
2.78059	-50.90756	0	52	2021-10-09T17:18:18
2.78060	-50.90765	0	52	2021-10-09T17:28:15
2.78059	-50.90762	0	52	2021-10-09T17:33:17
2.78064	-50.90765	0	52	2021-10-09T17:38:14
2.78065	-50.90771	0	52	2021-10-09T17:53:20
2.78069	-50.90771	0	52	2021-10-09T17:58:20
2.78069	-50.90756	0	52	2021-10-09T18:38:15
2.78065	-50.90765	0	52	2021-10-09T18:48:14
2.78064	-50.90765	0	52	2021-10-09T18:53:15
2.78060	-50.90765	0	52	2021-10-09T19:03:16
2.78058	-50.90756	0	52	2021-10-09T19:18:16
2.78058	-50.90765	0	52	2021-10-09T19:28:17
2.78061	-50.90771	0	52	2021-10-09T19:33:15
2.78057	-50.90771	0	52	2021-10-09T19:38:15
2.78053	-50.90771	0	52	2021-10-09T19:43:16
2.78060	-50.90765	0	52	2021-10-09T19:48:13
2.78061	-50.90771	0	52	2021-10-09T19:53:13
2.78057	-50.90771	0	52	2021-10-09T19:58:12
2.78066	-50.90771	0	52	2021-10-09T20:03:12
2.78061	-50.90771	0	52	2021-10-09T20:08:11
2.78066	-50.90765	0	52	2021-10-09T20:28:16
2.78067	-50.90765	0	52	2021-10-09T20:33:13
2.78071	-50.90765	0	52	2021-10-09T20:43:14
2.78070	-50.90765	0	52	2021-10-09T20:48:16
2.78079	-50.90756	0	52	2021-10-09T21:18:13
2.78071	-50.90759	0	52	2021-10-09T21:43:10
2.78074	-50.90765	0	52	2021-10-09T21:54:29
2.78072	-50.90762	0	52	2021-10-09T21:58:09
2.78068	-50.90765	0	52	2021-10-09T22:18:08
2.78070	-50.90774	0	52	2021-10-09T22:23:09
2.78066	-50.90765	0	52	2021-10-09T22:33:10
2.78061	-50.90768	0	52	2021-10-09T22:38:08
2.78059	-50.90765	0	52	2021-10-09T22:43:05
2.78059	-50.90767	0	52	2021-10-09T22:53:06
2.78050	-50.90750	0	52	2021-10-09T22:58:07
2.78056	-50.90762	0	52	2021-10-09T23:03:08
2.78056	-50.90753	0	52	2021-10-09T23:13:08
2.78064	-50.90759	0	52	2021-10-09T23:28:04
2.78060	-50.90759	0	52	2021-10-09T23:33:05
2.78064	-50.90759	0	52	2021-10-09T23:38:05
2.78060	-50.90768	0	52	2021-10-09T23:43:06
2.78064	-50.90762	0	52	2021-10-09T23:58:03
2.78062	-50.90756	0	52	2021-10-10T00:47:58
2.78065	-50.90768	0	52	2021-10-10T00:54:28
2.78068	-50.90762	0	52	2021-10-10T01:22:50
2.78061	-50.90762	0	52	2021-10-10T01:27:55
2.78064	-50.90762	0	52	2021-10-10T01:32:51
2.78065	-50.90756	0	52	2021-10-10T01:42:52
2.78065	-50.90747	0	52	2021-10-10T01:47:51
2.78062	-50.90771	0	52	2021-10-10T01:57:51
2.78066	-50.90771	0	52	2021-10-10T02:02:52
2.78087	-50.90771	0	52	2021-10-10T02:07:52
2.78077	-50.90765	0	52	2021-10-10T02:22:48
2.78080	-50.90756	0	52	2021-10-10T02:27:49
2.78075	-50.90750	0	52	2021-10-10T02:47:51
2.78072	-50.90756	0	52	2021-10-10T03:02:54
2.78070	-50.90756	0	52	2021-10-10T03:27:55
2.78072	-50.90778	0	52	2021-10-10T04:17:52
2.78073	-50.90771	0	52	2021-10-10T04:22:50
2.78067	-50.90772	0	52	2021-10-10T04:52:51
2.78071	-50.90781	0	52	2021-10-10T04:57:51
2.78068	-50.90769	0	52	2021-10-10T05:07:50
2.78068	-50.90778	0	52	2021-10-10T05:17:51
2.78068	-50.90771	0	52	2021-10-10T05:22:48
2.78064	-50.90778	0	52	2021-10-10T05:32:49
2.78064	-50.90793	0	52	2021-10-10T05:37:47
2.78061	-50.90787	0	52	2021-10-10T05:53:09
2.78068	-50.90771	0	52	2021-10-10T05:57:43
2.78061	-50.90778	0	52	2021-10-10T06:03:10
2.78060	-50.90778	0	52	2021-10-10T06:32:44
2.78059	-50.90778	0	52	2021-10-10T06:37:42
2.78065	-50.90778	0	52	2021-10-10T06:52:41
2.78060	-50.90774	0	52	2021-10-10T06:57:45
2.78056	-50.90765	0	52	2021-10-10T07:02:45
2.78060	-50.90765	0	52	2021-10-10T07:07:44
2.78072	-50.90775	0	52	2021-10-10T07:12:44
2.78064	-50.90769	0	52	2021-10-10T07:17:49
2.78068	-50.90769	0	52	2021-10-10T07:22:49
2.78068	-50.90778	0	52	2021-10-10T07:27:49
2.78066	-50.90756	0	52	2021-10-10T07:32:47
2.78064	-50.90762	0	52	2021-10-10T07:47:50
2.78061	-50.90759	0	52	2021-10-10T07:52:50
2.78065	-50.90762	0	52	2021-10-10T07:58:03
2.78061	-50.90765	0	52	2021-10-10T08:03:28
2.78065	-50.90771	0	52	2021-10-10T08:08:02
2.78065	-50.90762	0	52	2021-10-10T08:12:50
2.78081	-50.90756	0	52	2021-10-10T08:17:50
2.78072	-50.90756	0	52	2021-10-10T08:27:49
2.78072	-50.90762	0	52	2021-10-10T09:47:48
2.78068	-50.90771	0	52	2021-10-10T09:52:48
2.78072	-50.90762	0	52	2021-10-10T09:57:49
2.78084	-50.90762	0	52	2021-10-10T10:07:51
2.78067	-50.90762	0	52	2021-10-10T10:12:51
2.78067	-50.90771	0	52	2021-10-10T10:17:52
2.78068	-50.90762	0	52	2021-10-10T10:27:54
2.78064	-50.90762	0	52	2021-10-10T10:32:55
2.78068	-50.90762	0	52	2021-10-10T10:37:55
2.78066	-50.90759	0	52	2021-10-10T10:42:53
2.78065	-50.90765	0	52	2021-10-10T10:57:54
2.78056	-50.90765	0	52	2021-10-10T11:03:30
2.78056	-50.90759	0	52	2021-10-10T11:12:47
2.78057	-50.90756	0	52	2021-10-10T11:17:51
2.78056	-50.90759	0	52	2021-10-10T11:22:48
2.78051	-50.90765	0	52	2021-10-10T11:57:43
2.78055	-50.90765	0	52	2021-10-10T12:02:43
2.78064	-50.90765	0	52	2021-10-10T12:07:44
2.78061	-50.90774	0	52	2021-10-10T12:37:38
2.78065	-50.90765	0	52	2021-10-10T12:47:38
2.78067	-50.90762	0	52	2021-10-10T13:02:41
2.78067	-50.90753	0	52	2021-10-10T13:07:40
2.78065	-50.90756	0	52	2021-10-10T13:12:39
2.78069	-50.90756	0	52	2021-10-10T13:22:38
2.78073	-50.90756	0	52	2021-10-10T13:27:38
2.78073	-50.90753	0	52	2021-10-10T13:32:36
2.78071	-50.90747	0	52	2021-10-10T13:47:43
2.78075	-50.90747	0	52	2021-10-10T13:52:43
2.78069	-50.90756	0	52	2021-10-10T13:57:43
2.78079	-50.90756	0	52	2021-10-10T14:07:42
2.78075	-50.90756	0	52	2021-10-10T14:12:42
2.78074	-50.90750	0	52	2021-10-10T14:27:49
2.78083	-50.90750	0	52	2021-10-10T14:32:50
2.78079	-50.90744	0	52	2021-10-10T15:22:44
2.78070	-50.90756	0	52	2021-10-10T15:53:34
2.78066	-50.90765	0	52	2021-10-10T15:58:34
2.78062	-50.90765	0	52	2021-10-10T16:03:33
2.78065	-50.90762	0	52	2021-10-10T16:12:43
2.78061	-50.90771	0	52	2021-10-10T16:17:42
2.78053	-50.90771	0	52	2021-10-10T16:22:41
2.78062	-50.90774	0	52	2021-10-10T16:32:36
2.78062	-50.90765	0	52	2021-10-10T16:37:37
2.78058	-50.90765	0	52	2021-10-10T16:42:37
2.78062	-50.90775	0	52	2021-10-10T16:47:37
2.78066	-50.90775	0	52	2021-10-10T16:57:36
2.78074	-50.90771	0	52	2021-10-10T17:02:59
2.78069	-50.90771	0	52	2021-10-10T17:17:35
2.78073	-50.90771	0	52	2021-10-10T17:22:35
2.78074	-50.90771	0	52	2021-10-10T17:47:32
2.78070	-50.90771	0	52	2021-10-10T17:52:31
2.78074	-50.90771	0	52	2021-10-10T17:57:31
2.78074	-50.90768	0	52	2021-10-10T18:22:34
2.78064	-50.90768	0	52	2021-10-10T19:02:23
2.78068	-50.90768	0	52	2021-10-10T19:12:24
2.78061	-50.90771	0	52	2021-10-10T19:17:22
2.78073	-50.90765	0	52	2021-10-10T19:32:20
2.78068	-50.90762	0	52	2021-10-10T19:37:17
2.78068	-50.90771	0	52	2021-10-10T19:42:18
2.78072	-50.90771	0	52	2021-10-10T19:47:18
2.78064	-50.90771	0	52	2021-10-10T20:17:13
2.78065	-50.90771	0	52	2021-10-10T20:22:12
2.78061	-50.90771	0	52	2021-10-10T20:27:11
2.78069	-50.90765	0	52	2021-10-10T20:42:12
2.78073	-50.90765	0	52	2021-10-10T20:52:14
2.78064	-50.90762	0	52	2021-10-10T21:52:29
2.78068	-50.90762	0	52	2021-10-10T22:02:29
2.78064	-50.90776	0	52	2021-10-10T22:32:13
2.78047	-50.90750	0	52	2021-10-10T22:37:13
2.78051	-50.90750	0	52	2021-10-10T22:42:13
2.78052	-50.90750	0	52	2021-10-10T23:07:17
2.78054	-50.90759	0	52	2021-10-10T23:12:12
2.78054	-50.90750	0	52	2021-10-10T23:17:12
2.78056	-50.90756	0	52	2021-10-10T23:22:10
2.78050	-50.90750	0	52	2021-10-10T23:27:10
2.78051	-50.90750	0	52	2021-10-10T23:37:12
2.78057	-50.90750	0	52	2021-10-10T23:42:10
2.78068	-50.90750	0	52	2021-10-11T00:32:18
2.78064	-50.90750	0	52	2021-10-11T00:42:18
2.78063	-50.90747	0	52	2021-10-11T00:47:13
2.78067	-50.90747	0	52	2021-10-11T00:52:14
2.78060	-50.90750	0	52	2021-10-11T00:57:18
2.78059	-50.90765	0	52	2021-10-11T01:02:15
2.78063	-50.90765	0	52	2021-10-11T01:07:16
2.78059	-50.90765	0	52	2021-10-11T01:12:16
2.78061	-50.90753	0	52	2021-10-11T01:42:14
2.78065	-50.90753	0	52	2021-10-11T01:47:14
2.78061	-50.90753	0	52	2021-10-11T01:52:13
2.78068	-50.90756	0	52	2021-10-11T01:57:13
2.78073	-50.90753	0	52	2021-10-11T02:07:18
2.78069	-50.90753	0	52	2021-10-11T02:12:18
2.78076	-50.90756	0	52	2021-10-11T02:27:30
2.78080	-50.90756	0	52	2021-10-11T02:32:31
2.78076	-50.90756	0	52	2021-10-11T02:37:31
2.78080	-50.90759	0	52	2021-10-11T02:58:01
2.78076	-50.90759	0	52	2021-10-11T03:08:00
2.78075	-50.90765	0	52	2021-10-11T03:12:40
2.78072	-50.90753	0	52	2021-10-11T03:32:41
2.78072	-50.90762	0	52	2021-10-11T03:37:41
2.78068	-50.90762	0	52	2021-10-11T03:42:41
2.78067	-50.90762	0	52	2021-10-11T03:47:42
2.78064	-50.90768	0	52	2021-10-11T04:12:35
2.78060	-50.90768	0	52	2021-10-11T04:17:34
2.78064	-50.90765	0	52	2021-10-11T04:22:34
2.78062	-50.90765	0	52	2021-10-11T04:47:37
2.78070	-50.90765	0	52	2021-10-11T05:02:38
2.78071	-50.90778	0	52	2021-10-11T05:17:38
2.78071	-50.90771	0	52	2021-10-11T05:22:40
2.78072	-50.90771	0	52	2021-10-11T05:27:41
2.78072	-50.90768	0	52	2021-10-11T05:42:39
2.78065	-50.90775	0	52	2021-10-11T05:47:37
2.78069	-50.90775	0	52	2021-10-11T05:52:37
2.78064	-50.90771	0	52	2021-10-11T06:27:40
2.78068	-50.90771	0	52	2021-10-11T06:32:41
2.78064	-50.90771	0	52	2021-10-11T06:37:41
2.78060	-50.90765	0	52	2021-10-11T07:07:44
2.78069	-50.90765	0	52	2021-10-11T07:12:44
2.78065	-50.90762	0	52	2021-10-11T07:17:45
2.78067	-50.90765	0	52	2021-10-11T07:32:42
2.78071	-50.90765	0	52	2021-10-11T07:37:41
2.78074	-50.90756	0	52	2021-10-11T07:42:40
2.78071	-50.90765	0	52	2021-10-11T07:57:35
2.78070	-50.90756	0	52	2021-10-11T08:07:34
2.78066	-50.90756	0	52	2021-10-11T08:12:34
2.78070	-50.90756	0	52	2021-10-11T08:17:34
2.78066	-50.90768	0	52	2021-10-11T09:12:26
2.78071	-50.90771	0	52	2021-10-11T09:17:27
2.78067	-50.90771	0	52	2021-10-11T09:22:27
2.78064	-50.90765	0	52	2021-10-11T09:27:25
2.78069	-50.90775	0	52	2021-10-11T09:47:28
2.78061	-50.90768	0	52	2021-10-11T09:52:22
2.78065	-50.90768	0	52	2021-10-11T09:57:22
2.78069	-50.90768	0	52	2021-10-11T10:02:23
2.78066	-50.90762	0	52	2021-10-11T10:08:02
2.78070	-50.90765	0	52	2021-10-11T10:17:25
2.78061	-50.90765	0	52	2021-10-11T10:22:26
2.78061	-50.90756	0	52	2021-10-11T10:27:26
2.78062	-50.90765	0	52	2021-10-11T10:42:26
2.78065	-50.90762	0	52	2021-10-11T10:57:56
2.78061	-50.90762	0	52	2021-10-11T11:02:56
2.78057	-50.90762	0	52	2021-10-11T11:07:57
2.78065	-50.90778	0	52	2021-10-11T11:12:23
2.78058	-50.90775	0	52	2021-10-11T11:52:19
2.78062	-50.90775	0	52	2021-10-11T12:02:20
2.78066	-50.90765	0	52	2021-10-11T12:32:17
2.78062	-50.90765	0	52	2021-10-11T12:37:17
2.78058	-50.90765	0	52	2021-10-11T12:42:15
2.78062	-50.90777	0	52	2021-10-11T12:47:11
2.78066	-50.90768	0	52	2021-10-11T12:57:10
2.78072	-50.90762	0	52	2021-10-11T13:07:09
2.78070	-50.90765	0	52	2021-10-11T13:12:13
2.78072	-50.90762	0	52	2021-10-11T13:17:10
2.78074	-50.90759	0	52	2021-10-11T13:27:08
2.78070	-50.90750	0	52	2021-10-11T13:32:09
2.78072	-50.90762	0	52	2021-10-11T13:37:06
2.78074	-50.90756	0	52	2021-10-11T13:47:04
2.78065	-50.90747	0	52	2021-10-11T13:52:04
2.78074	-50.90756	0	52	2021-10-11T13:57:04
2.78083	-50.90765	0	52	2021-10-11T14:27:03
2.78074	-50.90765	0	52	2021-10-11T14:37:03
2.78084	-50.90759	0	52	2021-10-11T14:52:04
2.78069	-50.90765	0	52	2021-10-11T15:31:58
2.78062	-50.90765	0	52	2021-10-11T15:41:59
2.78066	-50.90765	0	52	2021-10-11T15:46:58
2.78071	-50.90771	0	52	2021-10-11T16:16:54
2.78058	-50.90771	0	52	2021-10-11T16:21:54
2.78062	-50.90771	0	52	2021-10-11T16:36:50
2.78061	-50.90768	0	52	2021-10-11T16:41:50
2.78066	-50.90771	0	52	2021-10-11T16:46:51
2.78064	-50.90762	0	52	2021-10-11T16:57:41
2.78068	-50.90771	0	52	2021-10-11T17:07:42
2.78060	-50.90765	0	52	2021-10-11T18:31:53
2.78064	-50.90765	0	52	2021-10-11T18:36:52
2.78062	-50.90765	0	52	2021-10-11T18:51:53
2.78062	-50.90771	0	52	2021-10-11T19:01:56
2.78056	-50.90765	0	52	2021-10-11T19:16:51
2.78065	-50.90762	0	52	2021-10-11T19:36:58
2.78064	-50.90762	0	52	2021-10-11T19:41:58
2.78069	-50.90756	0	52	2021-10-11T19:47:02
2.78069	-50.90765	0	52	2021-10-11T19:57:01
2.78062	-50.90765	0	52	2021-10-11T20:02:03
2.78065	-50.90771	0	52	2021-10-11T20:37:08
2.78062	-50.90765	0	52	2021-10-11T21:27:09
2.78070	-50.90762	0	52	2021-10-11T21:42:11
2.78066	-50.90762	0	52	2021-10-11T21:47:11
2.78068	-50.90756	0	52	2021-10-11T21:57:40
2.78064	-50.90765	0	52	2021-10-11T22:02:39
2.78060	-50.90765	0	52	2021-10-11T22:07:39
2.78062	-50.90756	0	52	2021-10-11T22:12:12
2.78062	-50.90774	0	52	2021-10-11T22:17:14
2.78058	-50.90765	0	52	2021-10-11T22:27:15
2.78062	-50.90765	0	52	2021-10-11T22:47:15
2.78053	-50.90771	0	52	2021-10-11T22:58:50
2.78062	-50.90771	0	52	2021-10-11T23:08:50
2.78068	-50.90768	0	52	2021-10-11T23:27:14
2.78068	-50.90765	0	52	2021-10-12T00:07:37
2.78061	-50.90756	0	52	2021-10-12T00:42:23
2.78065	-50.90756	0	52	2021-10-12T00:47:17
2.78061	-50.90756	0	52	2021-10-12T00:52:17
2.78061	-50.90765	0	52	2021-10-12T01:52:19
2.78065	-50.90765	0	52	2021-10-12T01:57:19
2.78065	-50.90756	0	52	2021-10-12T02:02:18
2.78056	-50.90765	0	52	2021-10-12T03:37:18
2.78052	-50.90765	0	52	2021-10-12T03:42:18
2.78056	-50.90765	0	52	2021-10-12T03:47:17
2.78057	-50.90768	0	52	2021-10-12T03:52:18
2.78060	-50.90771	0	52	2021-10-12T04:07:21
2.78061	-50.90771	0	52	2021-10-12T04:22:22
2.78061	-50.90762	0	52	2021-10-12T04:27:22
2.78065	-50.90771	0	52	2021-10-12T04:32:21
2.78059	-50.90771	0	52	2021-10-12T04:37:17
2.78063	-50.90771	0	52	2021-10-12T04:42:18
2.78059	-50.90771	0	52	2021-10-12T04:47:18
2.78064	-50.90771	0	52	2021-10-12T04:52:19
2.78067	-50.90768	0	52	2021-10-12T05:32:15
2.78066	-50.90771	0	52	2021-10-12T05:57:12
2.78055	-50.90771	0	52	2021-10-12T06:12:11
2.78064	-50.90762	0	52	2021-10-12T06:22:12
2.78068	-50.90765	0	52	2021-10-12T06:32:11
2.78059	-50.90765	0	52	2021-10-12T06:42:12
2.78066	-50.90765	0	52	2021-10-12T06:52:14
2.78070	-50.90756	0	52	2021-10-12T07:02:14
2.78065	-50.90773	0	52	2021-10-12T07:07:11
2.78061	-50.90756	0	52	2021-10-12T07:12:10
2.78065	-50.90756	0	52	2021-10-12T07:17:10
2.78065	-50.90762	0	52	2021-10-12T07:27:07
2.78069	-50.90762	0	52	2021-10-12T07:32:07
2.78073	-50.90771	0	52	2021-10-12T07:37:06
2.78060	-50.90765	0	52	2021-10-12T07:42:07
2.78079	-50.90750	0	52	2021-10-12T08:12:11
2.78075	-50.90759	0	52	2021-10-12T08:17:11
2.78071	-50.90759	0	52	2021-10-12T08:22:10
2.78073	-50.90765	0	52	2021-10-12T08:32:08
2.78077	-50.90765	0	52	2021-10-12T08:37:08
2.78075	-50.90768	0	52	2021-10-12T09:27:09
2.78074	-50.90775	0	52	2021-10-12T09:32:10
2.78072	-50.90771	0	52	2021-10-12T09:47:12
2.78063	-50.90771	0	52	2021-10-12T09:52:08
2.78076	-50.90771	0	52	2021-10-12T09:57:07
2.78066	-50.90762	0	52	2021-10-12T10:02:11
2.78062	-50.90762	0	52	2021-10-12T10:07:11
2.78075	-50.90771	0	52	2021-10-12T10:12:40
2.78075	-50.90773	0	52	2021-10-12T10:17:07
2.78075	-50.90782	0	52	2021-10-12T10:22:07
2.78066	-50.90765	0	52	2021-10-12T10:27:08
2.78068	-50.90771	0	52	2021-10-12T10:32:09
2.78076	-50.90771	0	52	2021-10-12T10:37:08
2.78075	-50.90771	0	52	2021-10-12T10:52:08
2.78069	-50.90768	0	52	2021-10-12T11:02:38
2.78073	-50.90768	0	52	2021-10-12T11:07:38
2.78064	-50.90768	0	52	2021-10-12T11:12:39
2.78059	-50.90759	0	52	2021-10-12T11:27:10
2.78070	-50.90756	0	52	2021-10-12T12:22:12
2.78071	-50.90748	0	52	2021-10-12T12:32:13
2.78075	-50.90748	0	52	2021-10-12T12:37:13
2.78066	-50.90765	0	52	2021-10-12T12:42:12
2.78066	-50.90745	0	52	2021-10-12T12:47:11
2.78066	-50.90762	0	52	2021-10-12T12:57:10
2.78072	-50.90759	0	52	2021-10-12T13:02:12
2.78069	-50.90775	0	52	2021-10-12T13:17:11
2.78064	-50.90771	0	52	2021-10-12T13:22:13
2.78064	-50.90762	0	52	2021-10-12T13:27:12
2.78064	-50.90768	0	52	2021-10-12T14:02:15
2.78065	-50.90765	0	52	2021-10-12T14:22:14
2.78067	-50.90759	0	52	2021-10-12T14:37:13
2.78079	-50.90756	0	52	2021-10-12T15:07:17
2.78065	-50.90765	0	52	2021-10-12T16:12:32
2.78066	-50.90765	0	52	2021-10-12T16:17:11
2.78065	-50.90765	0	52	2021-10-12T16:27:08
2.78068	-50.90762	0	52	2021-10-12T16:32:09
2.78066	-50.90759	0	52	2021-10-12T16:42:10
2.78062	-50.90759	0	52	2021-10-12T16:52:11
2.78061	-50.90762	0	52	2021-10-12T16:57:09
2.78062	-50.90771	0	52	2021-10-12T17:07:08
2.78057	-50.90765	0	52	2021-10-12T17:12:39
2.78072	-50.90765	0	52	2021-10-12T17:27:07
2.78068	-50.90765	0	52	2021-10-12T18:17:08
2.78055	-50.90765	0	52	2021-10-12T18:22:08
2.78055	-50.90756	0	52	2021-10-12T18:27:09
2.78061	-50.90762	0	52	2021-10-12T18:42:09
2.78059	-50.90771	0	52	2021-10-12T18:47:08
2.78056	-50.90771	0	52	2021-10-12T18:52:09
2.78056	-50.90762	0	52	2021-10-12T18:57:09
2.78060	-50.90771	0	52	2021-10-12T19:02:08
2.78055	-50.90762	0	52	2021-10-12T19:37:01
2.78059	-50.90771	0	52	2021-10-12T19:51:53
2.78063	-50.90762	0	52	2021-10-12T19:56:53
2.78059	-50.90771	0	52	2021-10-12T20:01:53
2.78062	-50.90765	0	52	2021-10-12T20:11:52
2.78066	-50.90765	0	52	2021-10-12T20:21:51
2.78063	-50.90762	0	52	2021-10-12T21:11:48
2.78059	-50.90762	0	52	2021-10-12T21:16:48
2.78051	-50.90759	0	52	2021-10-12T21:21:49
2.78060	-50.90759	0	52	2021-10-12T21:31:48
2.78071	-50.90756	0	52	2021-10-12T21:36:47
2.78056	-50.90759	0	52	2021-10-12T21:56:40
2.78059	-50.90762	0	52	2021-10-12T22:06:37
2.78059	-50.90753	0	52	2021-10-12T22:11:38
2.78059	-50.90762	0	52	2021-10-12T22:16:38
2.78054	-50.90753	0	52	2021-10-12T22:26:41
2.78050	-50.90762	0	52	2021-10-12T22:31:41
2.78059	-50.90762	0	52	2021-10-12T22:36:41
2.78057	-50.90768	0	52	2021-10-12T23:12:27
2.78060	-50.90771	0	52	2021-10-12T23:16:50
2.78065	-50.90771	0	52	2021-10-12T23:26:54
2.78052	-50.90771	0	52	2021-10-12T23:31:53
2.78064	-50.90771	0	52	2021-10-12T23:46:54
2.78068	-50.90765	0	52	2021-10-12T23:56:53
2.78055	-50.90765	0	52	2021-10-13T00:01:53
2.78068	-50.90765	0	52	2021-10-13T00:06:53
2.78073	-50.90765	0	52	2021-10-13T00:11:59
2.78064	-50.90765	0	52	2021-10-13T00:21:59
2.78080	-50.90756	0	52	2021-10-13T00:26:56
2.78060	-50.90756	0	52	2021-10-13T00:37:00
2.78069	-50.90756	0	52	2021-10-13T00:42:00
2.78065	-50.90765	0	52	2021-10-13T00:47:01
2.78062	-50.90759	0	52	2021-10-13T00:56:59
2.78062	-50.90768	0	52	2021-10-13T01:02:00
2.78062	-50.90753	0	52	2021-10-13T01:12:00
2.78062	-50.90762	0	52	2021-10-13T01:16:59
2.78066	-50.90762	0	52	2021-10-13T01:21:59
2.78052	-50.90759	0	52	2021-10-13T01:27:01
2.78060	-50.90765	0	52	2021-10-13T01:32:00
2.78051	-50.90765	0	52	2021-10-13T01:41:59
2.78060	-50.90768	0	52	2021-10-13T01:47:02
2.78074	-50.90759	0	52	2021-10-13T01:56:58
2.78067	-50.90762	0	52	2021-10-13T02:01:59
2.78060	-50.90768	0	52	2021-10-13T03:17:29
2.78062	-50.90762	0	52	2021-10-13T03:26:47
2.78058	-50.90762	0	52	2021-10-13T03:36:48
2.78064	-50.90765	0	52	2021-10-13T03:41:51
2.78068	-50.90765	0	52	2021-10-13T03:46:50
2.78069	-50.90756	0	52	2021-10-13T03:51:49
2.78060	-50.90771	0	52	2021-10-13T04:11:49
2.78061	-50.90756	0	52	2021-10-13T04:36:50
2.78054	-50.90768	0	52	2021-10-13T04:41:51
2.78063	-50.90759	0	52	2021-10-13T04:46:51
2.78059	-50.90768	0	52	2021-10-13T04:51:50
2.78062	-50.90775	0	52	2021-10-13T04:56:53
2.78065	-50.90768	0	52	2021-10-13T05:06:52
2.78069	-50.90768	0	52	2021-10-13T05:11:53
2.78068	-50.90765	0	52	2021-10-13T05:36:52
2.78072	-50.90777	0	52	2021-10-13T05:51:44
2.78068	-50.90768	0	52	2021-10-13T05:56:45
2.78072	-50.90768	0	52	2021-10-13T06:01:45
2.78065	-50.90768	0	52	2021-10-13T06:06:42
2.78062	-50.90762	0	52	2021-10-13T06:16:39
2.78066	-50.90762	0	52	2021-10-13T06:21:38
2.78049	-50.90762	0	52	2021-10-13T06:26:38
2.78054	-50.90756	0	52	2021-10-13T06:41:40
2.78060	-50.90762	0	52	2021-10-13T06:46:38
2.78070	-50.90771	0	52	2021-10-13T06:56:38
2.78057	-50.90762	0	52	2021-10-13T07:01:37
2.78070	-50.90771	0	52	2021-10-13T07:06:37
2.78077	-50.90765	0	52	2021-10-13T07:11:35
2.78060	-50.90775	0	52	2021-10-13T07:21:37
2.78065	-50.90775	0	52	2021-10-13T07:31:33
2.78082	-50.90766	0	52	2021-10-13T07:36:32
2.78065	-50.90775	0	52	2021-10-13T07:41:32
2.78077	-50.90759	0	52	2021-10-13T07:46:29
2.78073	-50.90759	0	52	2021-10-13T07:51:32
2.78077	-50.90768	0	52	2021-10-13T07:56:31
2.78073	-50.90759	0	52	2021-10-13T08:01:31
2.78072	-50.90762	0	52	2021-10-13T08:26:32
2.78075	-50.90756	0	52	2021-10-13T08:41:25
2.78075	-50.90765	0	52	2021-10-13T08:51:25
2.78077	-50.90759	0	52	2021-10-13T08:56:26
2.78083	-50.90771	0	52	2021-10-13T09:06:58
2.78074	-50.90771	0	52	2021-10-13T09:11:58
2.78065	-50.90771	0	52	2021-10-13T09:16:57
2.78069	-50.90768	0	52	2021-10-13T09:56:16
2.78069	-50.90762	0	52	2021-10-13T10:06:57
2.78069	-50.90778	0	52	2021-10-13T10:11:14
2.78069	-50.90771	0	52	2021-10-13T10:16:57
2.78066	-50.90775	0	52	2021-10-13T10:26:14
2.78062	-50.90758	0	52	2021-10-13T10:31:15
2.78066	-50.90775	0	52	2021-10-13T10:36:15
2.78064	-50.90768	0	52	2021-10-13T10:41:15
2.78073	-50.90762	0	52	2021-10-13T10:46:17
2.78060	-50.90762	0	52	2021-10-13T10:51:18
2.78064	-50.90771	0	52	2021-10-13T10:56:18
2.78058	-50.90756	0	52	2021-10-13T11:11:18
2.78061	-50.90765	0	52	2021-10-13T11:31:16
2.78057	-50.90762	0	52	2021-10-13T11:46:13
2.78063	-50.90754	0	52	2021-10-13T12:01:11
2.78076	-50.90754	0	52	2021-10-13T12:06:12
2.78059	-50.90771	0	52	2021-10-13T12:11:12
2.78083	-50.90741	0	52	2021-10-13T12:16:13
2.78070	-50.90758	0	52	2021-10-13T12:21:13
2.78079	-50.90741	0	52	2021-10-13T12:26:12
2.78067	-50.90756	0	52	2021-10-13T12:41:11
2.78068	-50.90756	0	52	2021-10-13T12:46:13
2.78067	-50.90747	0	52	2021-10-13T12:51:12
2.78071	-50.90750	0	52	2021-10-13T13:01:12
2.78062	-50.90771	0	52	2021-10-13T13:21:13
2.78058	-50.90771	0	52	2021-10-13T13:26:14
2.78061	-50.90771	0	52	2021-10-13T14:06:10
2.78057	-50.90771	0	52	2021-10-13T14:11:10
2.78079	-50.90756	0	52	2021-10-13T15:06:32
2.78075	-50.90756	0	52	2021-10-13T15:11:32
2.78079	-50.90756	0	52	2021-10-13T15:16:33
2.78071	-50.90765	0	52	2021-10-13T15:36:05
2.78065	-50.90756	0	52	2021-10-13T15:46:06
2.78069	-50.90756	0	52	2021-10-13T15:56:05
2.78064	-50.90762	0	52	2021-10-13T16:16:39
2.78062	-50.90768	0	52	2021-10-13T16:21:09
2.78065	-50.90771	0	52	2021-10-13T17:01:16
2.78073	-50.90778	0	52	2021-10-13T17:21:15
2.78069	-50.90769	0	52	2021-10-13T17:26:15
2.78069	-50.90778	0	52	2021-10-13T17:31:14
2.78068	-50.90771	0	52	2021-10-13T17:41:19
2.78064	-50.90771	0	52	2021-10-13T17:46:20
2.78077	-50.90771	0	52	2021-10-13T17:51:20
2.78082	-50.90771	0	52	2021-10-13T18:06:27
2.78072	-50.90771	0	52	2021-10-13T18:11:25
2.78064	-50.90771	0	52	2021-10-13T18:31:24
2.78066	-50.90771	0	52	2021-10-13T18:41:24
2.78062	-50.90771	0	52	2021-10-13T18:46:23
2.78065	-50.90766	0	52	2021-10-13T19:06:18
2.78065	-50.90775	0	52	2021-10-13T19:11:18
2.78060	-50.90779	0	52	2021-10-13T19:16:16
2.78071	-50.90778	0	52	2021-10-13T19:21:16
2.78069	-50.90762	0	52	2021-10-13T19:26:17
2.78062	-50.90775	0	52	2021-10-13T19:31:14
2.78068	-50.90787	0	52	2021-10-13T19:51:10
2.78061	-50.90765	0	52	2021-10-13T19:56:07
2.78065	-50.90765	0	52	2021-10-13T20:06:06
2.78067	-50.90759	0	52	2021-10-13T20:11:05
2.78058	-50.90771	0	52	2021-10-13T20:21:07
2.78067	-50.90765	0	52	2021-10-13T20:46:12
2.78064	-50.90771	0	52	2021-10-13T20:56:13
2.78060	-50.90771	0	52	2021-10-13T21:01:15
2.78062	-50.90765	0	52	2021-10-13T21:11:13
2.78060	-50.90768	0	52	2021-10-13T21:17:33
2.78062	-50.90765	0	52	2021-10-13T21:21:13
2.78067	-50.90759	0	52	2021-10-13T21:36:08
2.78057	-50.90756	0	52	2021-10-13T21:51:08
2.78066	-50.90756	0	52	2021-10-13T21:56:08
2.78062	-50.90756	0	52	2021-10-13T22:01:08
2.78061	-50.90747	0	52	2021-10-13T22:06:44
2.78061	-50.90756	0	52	2021-10-13T22:16:43
2.78052	-50.90750	0	52	2021-10-13T22:36:04
2.78056	-50.90759	0	52	2021-10-13T22:41:04
2.78069	-50.90756	0	52	2021-10-13T23:40:56
2.78066	-50.90753	0	52	2021-10-13T23:45:54
2.78083	-50.90753	0	52	2021-10-13T23:50:54
2.78064	-50.90756	0	52	2021-10-13T23:55:51
2.78061	-50.90762	0	52	2021-10-14T00:00:55
2.78070	-50.90753	0	52	2021-10-14T00:10:56
2.78066	-50.90756	0	52	2021-10-14T00:25:53
2.78062	-50.90756	0	52	2021-10-14T00:30:53
2.78062	-50.90765	0	52	2021-10-14T00:35:53
2.78062	-50.90756	0	52	2021-10-14T00:40:53
2.78058	-50.90765	0	52	2021-10-14T00:45:52
2.78059	-50.90756	0	52	2021-10-14T00:50:55
2.78061	-50.90759	0	52	2021-10-14T00:55:53
2.78061	-50.90733	0	52	2021-10-14T01:00:53
2.78065	-50.90750	0	52	2021-10-14T01:05:52
2.78056	-50.90750	0	52	2021-10-14T01:30:52
2.78065	-50.90765	0	52	2021-10-14T02:05:46
2.78074	-50.90756	0	52	2021-10-14T02:10:46
2.78075	-50.90750	0	52	2021-10-14T02:25:46
2.78072	-50.90756	0	52	2021-10-14T02:30:46
2.78075	-50.90756	0	52	2021-10-14T02:50:45
2.78071	-50.90756	0	52	2021-10-14T03:00:44
2.78062	-50.90765	0	52	2021-10-14T03:06:50
2.78058	-50.90774	0	52	2021-10-14T03:11:51
2.78062	-50.90765	0	52	2021-10-14T03:16:51
2.78068	-50.90756	0	52	2021-10-14T03:20:48
2.78065	-50.90768	0	52	2021-10-14T03:30:57
2.78061	-50.90768	0	52	2021-10-14T03:35:57
2.78070	-50.90768	0	52	2021-10-14T03:40:57
2.78061	-50.90762	0	52	2021-10-14T03:50:56
2.78061	-50.90771	0	52	2021-10-14T03:55:57
2.78057	-50.90771	0	52	2021-10-14T04:00:57
2.78066	-50.90778	0	52	2021-10-14T04:05:51
2.78064	-50.90765	0	52	2021-10-14T04:11:57
2.78055	-50.90765	0	52	2021-10-14T04:16:57
2.78058	-50.90765	0	52	2021-10-14T04:20:54
2.78049	-50.90759	0	52	2021-10-14T04:25:53
2.78056	-50.90771	0	52	2021-10-14T04:40:52
2.78060	-50.90753	0	52	2021-10-14T04:50:51
2.78060	-50.90762	0	52	2021-10-14T05:00:52
2.78065	-50.90768	0	52	2021-10-14T05:16:27
2.78069	-50.90778	0	52	2021-10-14T05:30:54
2.78069	-50.90775	0	52	2021-10-14T05:35:52
2.78064	-50.90778	0	52	2021-10-14T05:45:50
2.78068	-50.90778	0	52	2021-10-14T05:50:50
2.78059	-50.90787	0	52	2021-10-14T05:55:51
2.78065	-50.90775	0	52	2021-10-14T06:05:56
2.78056	-50.90775	0	52	2021-10-14T06:10:56
2.78067	-50.90777	0	52	2021-10-14T06:20:59
2.78065	-50.90781	0	52	2021-10-14T06:26:00
2.78067	-50.90768	0	52	2021-10-14T06:30:59
2.78055	-50.90774	0	52	2021-10-14T06:40:59
2.78055	-50.90765	0	52	2021-10-14T06:45:59
2.78059	-50.90765	0	52	2021-10-14T06:50:59
2.78060	-50.90771	0	52	2021-10-14T07:07:08
2.78066	-50.90771	0	52	2021-10-14T07:10:59
2.78055	-50.90771	0	52	2021-10-14T07:17:09
2.78066	-50.90768	0	52	2021-10-14T07:30:59
2.78071	-50.90774	0	52	2021-10-14T07:41:00
2.78062	-50.90765	0	52	2021-10-14T07:45:59
2.78066	-50.90765	0	52	2021-10-14T07:50:59
2.78064	-50.90766	0	52	2021-10-14T08:20:57
2.78064	-50.90775	0	52	2021-10-14T08:25:57
2.78065	-50.90762	0	52	2021-10-14T08:30:58
2.78068	-50.90765	0	52	2021-10-14T08:50:53
2.78064	-50.90765	0	52	2021-10-14T08:55:53
2.78068	-50.90765	0	52	2021-10-14T09:00:52
2.78073	-50.90762	0	52	2021-10-14T09:05:49
2.78066	-50.90762	0	52	2021-10-14T09:10:48
2.78066	-50.90771	0	52	2021-10-14T09:15:47
2.78062	-50.90771	0	52	2021-10-14T09:20:47
2.78067	-50.90762	0	52	2021-10-14T09:25:45
2.78070	-50.90765	0	52	2021-10-14T09:55:42
2.78066	-50.90774	0	52	2021-10-14T10:00:42
2.78062	-50.90765	0	52	2021-10-14T10:05:42
2.78071	-50.90788	0	52	2021-10-14T10:10:39
2.78070	-50.90771	0	52	2021-10-14T10:16:16
2.78071	-50.90771	0	52	2021-10-14T10:20:38
2.78065	-50.90771	0	52	2021-10-14T10:35:37
2.78066	-50.90778	0	52	2021-10-14T10:40:38
2.78064	-50.90762	0	52	2021-10-14T10:45:39
2.78064	-50.90765	0	52	2021-10-14T10:50:38
2.78064	-50.90756	0	52	2021-10-14T10:55:37
2.78064	-50.90765	0	52	2021-10-14T11:00:38
2.78059	-50.90759	0	52	2021-10-14T11:16:08
2.78066	-50.90756	0	52	2021-10-14T11:25:37
2.78066	-50.90747	0	52	2021-10-14T11:35:36
2.78070	-50.90762	0	52	2021-10-14T11:40:36
2.78061	-50.90762	0	52	2021-10-14T11:45:36
2.78065	-50.90762	0	52	2021-10-14T11:50:35
2.78062	-50.90759	0	52	2021-10-14T12:00:33
2.78075	-50.90759	0	52	2021-10-14T12:05:33
2.78062	-50.90759	0	52	2021-10-14T12:10:34
2.78070	-50.90735	0	52	2021-10-14T12:15:58
2.78070	-50.90750	0	52	2021-10-14T12:30:30
2.78073	-50.90744	0	52	2021-10-14T12:35:27
2.78066	-50.90747	0	52	2021-10-14T12:45:27
2.78066	-50.90750	0	52	2021-10-14T12:50:26
2.78070	-50.90747	0	52	2021-10-14T12:55:26
2.78069	-50.90750	0	52	2021-10-14T13:00:23
2.78072	-50.90759	0	52	2021-10-14T13:50:13
2.78069	-50.90756	0	52	2021-10-14T14:00:11
2.78066	-50.90765	0	52	2021-10-14T14:15:08
2.78087	-50.90756	0	52	2021-10-14T14:20:07
2.78074	-50.90756	0	52	2021-10-14T14:25:07
2.78075	-50.90765	0	52	2021-10-14T15:00:05
2.78088	-50.90748	0	52	2021-10-14T15:10:03
2.78075	-50.90765	0	52	2021-10-14T15:15:04
2.78066	-50.90765	0	52	2021-10-14T15:20:04
2.78068	-50.90768	0	52	2021-10-14T15:25:02
2.78061	-50.90768	0	52	2021-10-14T15:35:00
2.78064	-50.90765	0	52	2021-10-14T15:40:01
2.78061	-50.90768	0	52	2021-10-14T15:45:01
2.78065	-50.90768	0	52	2021-10-14T15:55:02
2.78061	-50.90768	0	52	2021-10-14T16:00:01
2.78065	-50.90766	0	52	2021-10-14T16:20:02
2.78065	-50.90775	0	52	2021-10-14T16:25:01
2.78075	-50.90778	0	52	2021-10-14T16:54:58
2.78084	-50.90778	0	52	2021-10-14T16:59:59
2.78075	-50.90785	0	52	2021-10-14T17:05:53
2.78071	-50.90776	0	52	2021-10-14T17:10:53
2.78071	-50.90793	0	52	2021-10-14T17:15:52
2.78064	-50.90778	0	52	2021-10-14T17:35:00
2.78075	-50.90765	0	52	2021-10-14T17:49:59
2.78066	-50.90765	0	52	2021-10-14T17:54:59
2.78069	-50.90768	0	52	2021-10-14T18:10:41
2.78060	-50.90768	0	52	2021-10-14T18:15:41
2.78065	-50.90778	0	52	2021-10-14T18:19:57
2.78067	-50.90778	0	52	2021-10-14T18:29:59
2.78071	-50.90787	0	52	2021-10-14T18:35:00
2.78065	-50.90769	0	52	2021-10-14T18:44:58
2.78065	-50.90778	0	52	2021-10-14T18:49:58
2.78068	-50.90772	0	52	2021-10-14T19:05:28
2.78064	-50.90772	0	52	2021-10-14T19:10:28
2.78064	-50.90781	0	52	2021-10-14T19:15:27
2.78065	-50.90775	0	52	2021-10-14T19:34:59
2.78074	-50.90756	0	52	2021-10-14T20:19:59
2.78070	-50.90756	0	52	2021-10-14T20:24:59
2.78074	-50.90756	0	52	2021-10-14T20:30:00
2.78071	-50.90765	0	52	2021-10-14T20:55:08
2.78058	-50.90765	0	52	2021-10-14T21:00:08
2.78072	-50.90753	0	52	2021-10-14T21:05:06
2.78068	-50.90759	0	52	2021-10-14T21:15:08
2.78077	-50.90759	0	52	2021-10-14T21:25:09
2.78077	-50.90756	0	52	2021-10-14T21:35:12
2.78077	-50.90747	0	52	2021-10-14T21:40:12
2.78075	-50.90756	0	52	2021-10-14T21:45:12
2.78079	-50.90756	0	52	2021-10-14T21:50:14
2.78075	-50.90756	0	52	2021-10-14T22:00:15
2.78074	-50.90771	0	52	2021-10-14T22:05:15
2.78069	-50.90756	0	52	2021-10-14T22:10:13
2.78053	-50.90776	0	52	2021-10-14T22:35:03
2.78049	-50.90759	0	52	2021-10-14T22:40:03
2.78062	-50.90759	0	52	2021-10-14T22:45:04
2.78056	-50.90765	0	52	2021-10-14T22:50:01
2.78060	-50.90765	0	52	2021-10-14T23:00:00
2.78052	-50.90769	0	52	2021-10-14T23:05:30
2.78056	-50.90769	0	52	2021-10-14T23:10:30
2.78056	-50.90778	0	52	2021-10-14T23:15:29
2.78061	-50.90765	0	52	2021-10-14T23:44:55
2.78052	-50.90765	0	52	2021-10-14T23:49:56
2.78065	-50.90765	0	52	2021-10-14T23:54:56
2.78063	-50.90759	0	52	2021-10-15T00:24:59
2.78067	-50.90750	0	52	2021-10-15T00:29:59
2.78070	-50.90759	0	52	2021-10-15T00:34:59
2.78070	-50.90765	0	52	2021-10-15T00:55:02
2.78059	-50.90762	0	52	2021-10-15T00:59:56
2.78059	-50.90756	0	52	2021-10-15T01:14:59
2.78057	-50.90765	0	52	2021-10-15T01:19:56
2.78070	-50.90765	0	52	2021-10-15T01:29:57
2.78075	-50.90750	0	52	2021-10-15T02:14:56
2.78063	-50.90759	0	52	2021-10-15T02:34:50
2.78072	-50.90759	0	52	2021-10-15T02:39:50
2.78068	-50.90759	0	52	2021-10-15T02:44:51
2.78074	-50.90759	0	52	2021-10-15T02:49:52
2.78061	-50.90756	0	52	2021-10-15T03:10:39
2.78061	-50.90747	0	52	2021-10-15T03:15:39
2.78065	-50.90756	0	52	2021-10-15T03:20:40
2.78064	-50.90762	0	52	2021-10-15T03:24:50
2.78069	-50.90762	0	52	2021-10-15T03:39:57
2.78065	-50.90762	0	52	2021-10-15T03:44:57
2.78065	-50.90771	0	52	2021-10-15T03:49:57
2.78069	-50.90753	0	52	2021-10-15T03:54:59
2.78069	-50.90762	0	52	2021-10-15T03:59:59
2.78056	-50.90762	0	52	2021-10-15T04:04:58
2.78056	-50.90756	0	52	2021-10-15T04:14:55
2.78053	-50.90759	0	52	2021-10-15T04:20:34
2.78060	-50.90756	0	52	2021-10-15T04:24:54
2.78069	-50.90762	0	52	2021-10-15T04:54:50
2.78069	-50.90771	0	52	2021-10-15T05:04:49
2.78069	-50.90779	0	52	2021-10-15T05:24:44
2.78065	-50.90762	0	52	2021-10-15T05:29:45
2.78069	-50.90762	0	52	2021-10-15T05:34:45
2.78065	-50.90768	0	52	2021-10-15T05:39:43
2.78065	-50.90778	0	52	2021-10-15T05:49:41
2.78068	-50.90775	0	52	2021-10-15T05:54:46
2.78065	-50.90778	0	52	2021-10-15T05:59:42
2.78060	-50.90778	0	52	2021-10-15T06:14:41
2.78060	-50.90784	0	52	2021-10-15T06:29:39
2.78056	-50.90775	0	52	2021-10-15T06:34:39
2.78060	-50.90775	0	52	2021-10-15T06:39:38
2.78054	-50.90778	0	52	2021-10-15T06:44:41
2.78057	-50.90760	0	52	2021-10-15T07:10:10
2.78053	-50.90777	0	52	2021-10-15T07:15:11
2.78062	-50.90768	0	52	2021-10-15T07:20:11
2.78061	-50.90766	0	52	2021-10-15T08:19:38
2.78061	-50.90775	0	52	2021-10-15T08:24:37
2.78066	-50.90759	0	52	2021-10-15T08:29:40
2.78062	-50.90776	0	52	2021-10-15T08:54:41
2.78066	-50.90759	0	52	2021-10-15T08:59:41
2.78066	-50.90768	0	52	2021-10-15T09:04:40
2.78060	-50.90775	0	52	2021-10-15T09:09:43
2.78068	-50.90766	0	52	2021-10-15T09:19:44
2.78072	-50.90766	0	52	2021-10-15T09:24:43
2.78068	-50.90775	0	52	2021-10-15T09:29:44
2.78072	-50.90771	0	52	2021-10-15T09:39:41
2.78068	-50.90771	0	52	2021-10-15T09:44:42
2.78066	-50.90777	0	52	2021-10-15T09:59:49
2.78065	-50.90765	0	52	2021-10-15T10:04:48
2.78070	-50.90768	0	52	2021-10-15T10:09:50
2.78069	-50.90768	0	52	2021-10-15T10:14:50
2.78066	-50.90771	0	52	2021-10-15T10:29:46
2.78061	-50.90771	0	52	2021-10-15T10:49:39
2.78061	-50.90768	0	52	2021-10-15T11:10:04
2.78061	-50.90771	0	52	2021-10-15T11:14:35
2.78061	-50.90768	0	52	2021-10-15T11:20:03
2.78064	-50.90768	0	52	2021-10-15T11:39:38
2.78059	-50.90771	0	52	2021-10-15T11:44:40
2.78062	-50.90765	0	52	2021-10-15T11:49:39
2.78058	-50.90765	0	52	2021-10-15T11:54:38
2.78057	-50.90762	0	52	2021-10-15T11:54:40
2.78062	-50.90765	0	52	2021-10-15T11:59:38
2.78069	-50.90762	0	52	2021-10-15T12:15:08
2.78065	-50.90753	0	52	2021-10-15T12:20:09
2.78067	-50.90759	0	52	2021-10-15T12:29:46
2.78071	-50.90750	0	52	2021-10-15T12:34:45
2.78072	-50.90753	0	52	2021-10-15T12:39:48
2.78068	-50.90759	0	52	2021-10-15T12:54:45
2.78068	-50.90768	0	52	2021-10-15T12:59:45
2.78061	-50.90771	0	52	2021-10-15T13:14:51
2.78067	-50.90756	0	52	2021-10-15T14:04:56
2.78072	-50.90756	0	52	2021-10-15T14:15:00
2.78071	-50.90762	0	52	2021-10-15T14:29:56
2.78090	-50.90754	0	52	2021-10-15T14:34:57
2.78064	-50.90771	0	52	2021-10-15T14:39:57
2.78060	-50.90771	0	52	2021-10-15T14:44:56
2.78068	-50.90768	0	52	2021-10-15T14:49:55
2.78070	-50.90765	0	52	2021-10-15T15:09:52
2.78074	-50.90765	0	52	2021-10-15T15:14:52
2.78070	-50.90765	0	52	2021-10-15T15:19:53
2.78079	-50.90765	0	52	2021-10-15T15:24:53
2.78077	-50.90768	0	52	2021-10-15T15:30:06
2.78069	-50.90765	0	52	2021-10-15T15:34:51
2.78065	-50.90765	0	52	2021-10-15T15:39:50
2.78069	-50.90765	0	52	2021-10-15T15:44:50
2.78071	-50.90768	0	52	2021-10-15T15:49:49
2.78056	-50.90774	0	52	2021-10-15T16:11:26
2.78065	-50.90765	0	52	2021-10-15T16:16:26
2.78056	-50.90765	0	52	2021-10-15T16:21:25
2.78062	-50.90765	0	52	2021-10-15T16:29:49
2.78068	-50.90762	0	52	2021-10-15T17:59:54
2.78072	-50.90762	0	52	2021-10-15T18:04:54
2.78065	-50.90762	0	52	2021-10-15T18:14:52
2.78069	-50.90775	0	52	2021-10-15T18:20:25
2.78086	-50.90781	0	52	2021-10-15T18:29:50
2.78077	-50.90781	0	52	2021-10-15T18:34:49
2.78073	-50.90771	0	52	2021-10-15T19:10:25
2.78073	-50.90788	0	52	2021-10-15T19:15:26
2.78064	-50.90771	0	52	2021-10-15T19:20:26
2.78060	-50.90765	0	52	2021-10-15T20:29:48
2.78069	-50.90765	0	52	2021-10-15T20:49:48
2.78070	-50.90765	0	52	2021-10-15T20:54:50
2.78064	-50.90759	0	52	2021-10-15T20:59:50
2.78060	-50.90759	0	52	2021-10-15T21:04:50
2.78056	-50.90759	0	52	2021-10-15T21:09:50
2.78067	-50.90765	0	52	2021-10-15T21:34:52
2.78058	-50.90756	0	52	2021-10-15T21:39:57
2.78058	-50.90765	0	52	2021-10-15T21:44:57
2.78060	-50.90756	0	52	2021-10-15T22:04:53
2.78060	-50.90765	0	52	2021-10-15T22:09:54
2.78061	-50.90759	0	52	2021-10-15T22:25:28
2.78068	-50.90765	0	52	2021-10-15T23:09:52
2.78055	-50.90765	0	52	2021-10-15T23:14:51
2.78068	-50.90756	0	52	2021-10-15T23:19:51
2.78066	-50.90762	0	52	2021-10-15T23:54:45
2.78062	-50.90750	0	52	2021-10-16T00:04:51
2.78073	-50.90756	0	52	2021-10-16T00:15:20
2.78069	-50.90756	0	52	2021-10-16T00:19:45
2.78060	-50.90756	0	52	2021-10-16T00:25:21
2.78065	-50.90764	0	52	2021-10-16T00:34:51
2.78065	-50.90738	0	52	2021-10-16T00:39:50
2.78071	-50.90762	0	52	2021-10-16T00:49:55
2.78058	-50.90762	0	52	2021-10-16T00:54:55
2.78062	-50.90753	0	52	2021-10-16T00:59:56
2.78065	-50.90762	0	52	2021-10-16T02:39:43
2.78069	-50.90762	0	52	2021-10-16T02:49:43
2.78068	-50.90765	0	52	2021-10-16T03:09:41
2.78068	-50.90782	0	52	2021-10-16T03:39:41
2.78068	-50.90765	0	52	2021-10-16T03:49:40
2.78060	-50.90768	0	52	2021-10-16T03:54:37
2.78070	-50.90768	0	52	2021-10-16T04:14:36
2.78066	-50.90775	0	52	2021-10-16T04:24:37
2.78062	-50.90775	0	52	2021-10-16T04:29:37
2.78066	-50.90775	0	52	2021-10-16T04:34:36
2.78060	-50.90778	0	52	2021-10-16T04:49:37
2.78065	-50.90771	0	52	2021-10-16T04:59:33
2.78070	-50.90771	0	52	2021-10-16T05:09:33
2.78065	-50.90771	0	52	2021-10-16T05:39:37
2.78061	-50.90766	0	52	2021-10-16T05:54:42
2.78067	-50.90771	0	52	2021-10-16T05:59:41
2.78065	-50.90775	0	52	2021-10-16T06:04:43
2.78067	-50.90768	0	52	2021-10-16T06:19:45
2.78062	-50.90775	0	52	2021-10-16T06:39:44
2.78062	-50.90771	0	52	2021-10-16T06:44:42
2.78068	-50.90762	0	52	2021-10-16T07:39:44
2.78064	-50.90762	0	52	2021-10-16T07:44:44
2.78068	-50.90762	0	52	2021-10-16T07:49:44
2.78069	-50.90762	0	52	2021-10-16T08:14:42
2.78069	-50.90770	0	52	2021-10-16T08:19:40
2.78073	-50.90761	0	52	2021-10-16T08:24:40
2.78064	-50.90778	0	52	2021-10-16T08:29:41
2.78068	-50.90762	0	52	2021-10-16T08:34:38
2.78068	-50.90765	0	52	2021-10-16T09:14:36
2.78068	-50.90762	0	52	2021-10-16T09:24:39
2.78064	-50.90762	0	52	2021-10-16T09:29:39
2.78073	-50.90762	0	52	2021-10-16T09:34:39
2.78065	-50.90771	0	52	2021-10-16T09:54:36
2.78070	-50.90771	0	52	2021-10-16T10:14:36
2.78068	-50.90775	0	52	2021-10-16T10:29:39
2.78060	-50.90771	0	52	2021-10-16T11:19:39
2.78066	-50.90771	0	52	2021-10-16T11:44:40
2.78071	-50.90753	0	52	2021-10-16T11:49:44
2.78071	-50.90762	0	52	2021-10-16T11:54:45
2.78067	-50.90753	0	52	2021-10-16T11:59:45
2.78066	-50.90771	0	52	2021-10-16T12:04:44
2.78076	-50.90748	0	52	2021-10-16T12:09:48
2.78080	-50.90739	0	52	2021-10-16T12:14:48
2.78071	-50.90756	0	52	2021-10-16T12:19:49
2.78056	-50.90750	0	52	2021-10-16T12:25:28
2.78072	-50.90756	0	52	2021-10-16T12:29:51
2.78058	-50.90759	0	52	2021-10-16T12:59:52
2.78067	-50.90759	0	52	2021-10-16T13:04:52
2.78064	-50.90775	0	52	2021-10-16T14:25:03
2.78075	-50.90768	0	52	2021-10-16T14:30:04
2.78060	-50.90775	0	52	2021-10-16T14:35:04
2.78065	-50.90784	0	52	2021-10-16T14:45:05
2.78065	-50.90775	0	52	2021-10-16T14:55:05
2.78082	-50.90769	0	52	2021-10-16T15:05:21
2.78073	-50.90778	0	52	2021-10-16T15:15:20
2.78074	-50.90778	0	52	2021-10-16T15:20:08
2.78065	-50.90769	0	52	2021-10-16T15:25:08
2.78061	-50.90778	0	52	2021-10-16T15:30:07
2.78067	-50.90784	0	52	2021-10-16T15:45:05
2.78058	-50.90784	0	52	2021-10-16T15:50:06
2.78071	-50.90784	0	52	2021-10-16T15:55:06
2.78072	-50.90768	0	52	2021-10-16T17:15:28
2.78063	-50.90768	0	52	2021-10-16T17:20:29
2.78067	-50.90768	0	52	2021-10-16T17:25:29
2.78081	-50.90768	0	52	2021-10-16T17:35:01
2.78068	-50.90768	0	52	2021-10-16T17:45:02
2.78072	-50.90765	0	52	2021-10-16T18:09:59
2.78078	-50.90762	0	52	2021-10-16T18:15:00
2.78074	-50.90771	0	52	2021-10-16T18:20:01
2.78070	-50.90775	0	52	2021-10-16T18:25:29
2.78068	-50.90771	0	52	2021-10-16T19:04:52
2.78060	-50.90768	0	52	2021-10-16T19:19:53
2.78062	-50.90784	0	52	2021-10-16T19:44:56
2.78062	-50.90765	0	52	2021-10-16T19:49:58
2.78058	-50.90765	0	52	2021-10-16T19:54:58
2.78060	-50.90765	0	52	2021-10-16T20:25:07
2.78064	-50.90765	0	52	2021-10-16T20:30:08
2.78060	-50.90765	0	52	2021-10-16T20:35:08
2.78070	-50.90756	0	52	2021-10-16T21:15:04
2.78071	-50.90753	0	52	2021-10-16T21:25:02
2.78067	-50.90753	0	52	2021-10-16T21:30:03
2.78067	-50.90744	0	52	2021-10-16T21:35:03
2.78066	-50.90744	0	52	2021-10-16T21:44:58
2.78062	-50.90744	0	52	2021-10-16T21:54:59
2.78069	-50.90752	0	52	2021-10-16T22:04:56
2.78067	-50.90765	0	52	2021-10-16T22:09:55
2.78069	-50.90744	0	52	2021-10-16T22:14:55
2.78061	-50.90753	0	52	2021-10-16T22:44:55
2.78061	-50.90762	0	52	2021-10-16T22:49:54
2.78069	-50.90765	0	52	2021-10-16T23:20:30
2.78073	-50.90765	0	52	2021-10-16T23:25:30
2.78074	-50.90762	0	52	2021-10-16T23:59:50
2.78073	-50.90762	0	52	2021-10-17T00:15:11
2.78069	-50.90762	0	52	2021-10-17T00:20:11
2.78073	-50.90762	0	52	2021-10-17T00:25:10
2.78074	-50.90750	0	52	2021-10-17T00:29:44
2.78064	-50.90759	0	52	2021-10-17T00:44:35
2.78060	-50.90768	0	52	2021-10-17T00:49:35
2.78088	-50.90759	0	52	2021-10-17T02:04:35
2.78079	-50.90759	0	52	2021-10-17T02:09:34
2.78070	-50.90759	0	52	2021-10-17T02:14:34
2.78077	-50.90756	0	52	2021-10-17T02:19:32
2.78063	-50.90759	0	52	2021-10-17T02:24:31
2.78076	-50.90759	0	52	2021-10-17T02:34:30
2.78072	-50.90765	0	52	2021-10-17T02:39:32
2.78076	-50.90765	0	52	2021-10-17T02:44:32
2.78080	-50.90756	0	52	2021-10-17T02:49:33
2.78072	-50.90747	0	52	2021-10-17T02:54:34
2.78065	-50.90762	0	52	2021-10-17T03:09:32
2.78069	-50.90762	0	52	2021-10-17T03:19:33
2.78072	-50.90762	0	52	2021-10-17T03:29:58
2.78065	-50.90768	0	52	2021-10-17T03:39:40
2.78069	-50.90768	0	52	2021-10-17T03:44:39
2.78073	-50.90768	0	52	2021-10-17T03:49:39
2.78061	-50.90771	0	52	2021-10-17T03:54:36
2.78072	-50.90765	0	52	2021-10-17T03:59:38
2.78075	-50.90765	0	52	2021-10-17T04:09:41
2.78068	-50.90787	0	52	2021-10-17T04:24:44
2.78061	-50.90781	0	52	2021-10-17T05:04:49
2.78068	-50.90775	0	52	2021-10-17T05:09:49
2.78059	-50.90768	0	52	2021-10-17T05:34:39
2.78068	-50.90768	0	52	2021-10-17T05:44:40
2.78066	-50.90771	0	52	2021-10-17T05:49:37
2.78066	-50.90765	0	52	2021-10-17T06:04:35
2.78057	-50.90765	0	52	2021-10-17T06:09:35
2.78061	-50.90765	0	52	2021-10-17T06:14:34
2.78063	-50.90762	0	52	2021-10-17T06:39:34
2.78067	-50.90762	0	52	2021-10-17T06:44:34
2.78058	-50.90762	0	52	2021-10-17T06:49:35
2.78065	-50.90765	0	52	2021-10-17T07:24:42
2.78060	-50.90759	0	52	2021-10-17T07:34:40
2.78069	-50.90759	0	52	2021-10-17T07:39:40
2.78065	-50.90759	0	52	2021-10-17T07:44:41
2.78070	-50.90759	0	52	2021-10-17T07:49:44
2.78074	-50.90759	0	52	2021-10-17T07:54:43
2.78072	-50.90765	0	52	2021-10-17T08:19:44
2.78071	-50.90768	0	52	2021-10-17T08:24:44
2.78061	-50.90765	0	52	2021-10-17T08:34:46
2.78069	-50.90765	0	52	2021-10-17T08:39:45
2.78065	-50.90765	0	52	2021-10-17T08:59:43
2.78079	-50.90775	0	52	2021-10-17T09:24:57
2.78070	-50.90762	0	52	2021-10-17T09:31:30
2.78061	-50.90775	0	52	2021-10-17T09:34:56
2.78062	-50.90753	0	52	2021-10-17T09:44:56
2.78072	-50.90768	0	52	2021-10-17T10:32:35
2.78064	-50.90768	0	52	2021-10-17T11:10:07
2.78074	-50.90765	0	52	2021-10-17T11:15:09
2.78068	-50.90765	0	52	2021-10-17T11:25:07
2.78075	-50.90771	0	52	2021-10-17T11:30:10
2.78066	-50.90768	0	52	2021-10-17T11:40:09
2.78068	-50.90765	0	52	2021-10-17T11:45:11
2.78066	-50.90768	0	52	2021-10-17T11:50:08
2.78066	-50.90762	0	52	2021-10-17T11:55:01
2.78075	-50.90762	0	52	2021-10-17T12:05:01
2.78068	-50.90765	0	52	2021-10-17T12:10:00
2.78079	-50.90753	0	52	2021-10-17T13:50:00
2.78079	-50.90762	0	52	2021-10-17T13:59:59
2.78081	-50.90762	0	52	2021-10-17T14:10:03
2.78072	-50.90762	0	52	2021-10-17T14:15:02
2.78092	-50.90756	0	52	2021-10-17T14:30:04
2.78075	-50.90765	0	52	2021-10-17T14:35:05
2.78079	-50.90756	0	52	2021-10-17T14:40:05
2.78071	-50.90777	0	52	2021-10-17T14:45:00
2.78075	-50.90768	0	52	2021-10-17T14:50:00
2.78071	-50.90768	0	52	2021-10-17T15:00:04
2.78069	-50.90775	0	52	2021-10-17T15:10:22
2.78065	-50.90768	0	52	2021-10-17T15:15:04
2.78074	-50.90775	0	52	2021-10-17T15:20:23
2.78073	-50.90775	0	52	2021-10-17T15:26:10
2.78064	-50.90766	0	52	2021-10-17T15:31:09
2.78060	-50.90775	0	52	2021-10-17T15:36:09
2.78066	-50.90778	0	52	2021-10-17T15:40:12
2.78066	-50.90766	0	52	2021-10-17T16:45:08
2.78065	-50.90778	0	52	2021-10-17T16:50:09
2.78066	-50.90775	0	52	2021-10-17T16:55:08
2.78068	-50.90772	0	52	2021-10-17T17:00:11
2.78068	-50.90781	0	52	2021-10-17T17:05:11
2.78075	-50.90759	0	52	2021-10-17T17:10:11
2.78082	-50.90762	0	52	2021-10-17T17:25:38
2.78081	-50.90768	0	52	2021-10-17T17:30:12
2.78082	-50.90762	0	52	2021-10-17T17:35:39
2.78083	-50.90762	0	52	2021-10-17T17:45:15
2.78087	-50.90759	0	52	2021-10-17T17:50:15
2.78077	-50.90768	0	52	2021-10-17T18:15:23
2.78067	-50.90775	0	52	2021-10-17T18:50:21
2.78061	-50.90771	0	52	2021-10-17T20:00:22
2.78068	-50.90768	0	52	2021-10-17T20:10:23
2.78066	-50.90768	0	52	2021-10-17T20:15:21
2.78068	-50.90768	0	52	2021-10-17T20:20:22
2.78065	-50.90775	0	52	2021-10-17T20:25:22
2.78065	-50.90766	0	52	2021-10-17T20:31:10
2.78061	-50.90775	0	52	2021-10-17T20:36:10
2.78072	-50.90765	0	52	2021-10-17T20:40:25
2.78065	-50.90765	0	52	2021-10-17T20:50:23
2.78069	-50.90765	0	52	2021-10-17T20:55:24
2.78069	-50.90756	0	52	2021-10-17T21:00:24
2.78072	-50.90756	0	52	2021-10-17T21:05:25
2.78072	-50.90775	0	52	2021-10-17T21:20:27
2.78073	-50.90756	0	52	2021-10-17T21:25:58
2.78086	-50.90756	0	52	2021-10-17T21:30:57
2.78073	-50.90756	0	52	2021-10-17T21:35:58
2.78064	-50.90744	0	52	2021-10-17T21:40:32
2.78067	-50.90765	0	52	2021-10-17T22:05:33
2.78065	-50.90768	0	52	2021-10-17T22:50:27
2.78072	-50.90765	0	52	2021-10-17T23:30:27
2.78065	-50.90759	0	52	2021-10-17T23:40:21
2.78069	-50.90759	0	52	2021-10-17T23:50:22
2.78068	-50.90756	0	52	2021-10-17T23:55:24
2.78072	-50.90750	0	52	2021-10-18T00:00:21
2.78068	-50.90759	0	52	2021-10-18T00:05:21
2.78068	-50.90750	0	52	2021-10-18T00:10:21
2.78065	-50.90759	0	52	2021-10-18T00:30:14
2.78069	-50.90765	0	52	2021-10-18T00:35:19
2.78073	-50.90756	0	52	2021-10-18T00:40:20
2.78064	-50.90765	0	52	2021-10-18T00:45:20
2.78064	-50.90756	0	52	2021-10-18T00:50:18
2.78089	-50.90756	0	52	2021-10-18T02:10:17
2.78080	-50.90756	0	52	2021-10-18T02:15:17
2.78084	-50.90747	0	52	2021-10-18T02:20:18
2.78074	-50.90759	0	52	2021-10-18T02:25:17
2.78080	-50.90762	0	52	2021-10-18T02:30:15
2.78076	-50.90762	0	52	2021-10-18T02:35:15
2.78072	-50.90762	0	52	2021-10-18T02:40:14
2.78074	-50.90756	0	52	2021-10-18T03:00:20
2.78074	-50.90765	0	52	2021-10-18T03:05:19
2.78066	-50.90756	0	52	2021-10-18T03:20:20
2.78074	-50.90762	0	52	2021-10-18T03:25:21
2.78065	-50.90778	0	52	2021-10-18T03:40:20
2.78061	-50.90778	0	52	2021-10-18T03:45:20
2.78061	-50.90787	0	52	2021-10-18T03:50:19
2.78059	-50.90778	0	52	2021-10-18T04:20:19
2.78068	-50.90769	0	52	2021-10-18T04:25:19
2.78068	-50.90778	0	52	2021-10-18T04:30:19
2.78064	-50.90772	0	52	2021-10-18T04:50:16
2.78064	-50.90781	0	52	2021-10-18T05:00:17
2.78066	-50.90765	0	52	2021-10-18T05:05:14
2.78062	-50.90765	0	52	2021-10-18T05:10:13
2.78065	-50.90768	0	52	2021-10-18T05:15:12
2.78063	-50.90775	0	52	2021-10-18T05:25:57
2.78058	-50.90778	0	52	2021-10-18T05:30:11
2.78068	-50.90775	0	52	2021-10-18T05:35:58
2.78066	-50.90768	0	52	2021-10-18T05:50:15
2.78057	-50.90765	0	52	2021-10-18T06:10:11
2.78067	-50.90768	0	52	2021-10-18T06:15:08
2.78066	-50.90759	0	52	2021-10-18T07:10:14
2.78070	-50.90759	0	52	2021-10-18T07:15:14
2.78066	-50.90759	0	52	2021-10-18T07:20:15
2.78063	-50.90765	0	52	2021-10-18T07:35:11
2.78067	-50.90756	0	52	2021-10-18T07:45:12
2.78071	-50.90756	0	52	2021-10-18T07:50:11
2.78067	-50.90756	0	52	2021-10-18T08:00:11
2.78065	-50.90759	0	52	2021-10-18T08:05:11
2.78063	-50.90764	0	52	2021-10-18T08:15:05
2.78063	-50.90773	0	52	2021-10-18T08:20:05
2.78076	-50.90747	0	52	2021-10-18T08:25:04
2.78067	-50.90759	0	52	2021-10-18T08:30:05
2.78066	-50.90765	0	52	2021-10-18T08:40:04
2.78067	-50.90768	0	52	2021-10-18T08:45:00
2.78066	-50.90765	0	52	2021-10-18T09:00:01
2.78062	-50.90765	0	52	2021-10-18T09:05:01
2.78067	-50.90756	0	52	2021-10-18T09:09:59
2.78070	-50.90759	0	52	2021-10-18T09:19:57
2.78064	-50.90756	0	52	2021-10-18T09:34:58
2.78060	-50.90756	0	52	2021-10-18T09:44:58
2.78057	-50.90759	0	52	2021-10-18T10:00:00
2.78060	-50.90778	0	52	2021-10-18T10:40:06
2.78056	-50.90778	0	52	2021-10-18T10:50:05
2.78057	-50.90775	0	52	2021-10-18T10:55:08
2.78061	-50.90765	0	52	2021-10-18T11:15:06
2.78062	-50.90771	0	52	2021-10-18T11:25:07
2.78058	-50.90771	0	52	2021-10-18T11:30:07
2.78071	-50.90765	0	52	2021-10-18T11:35:28
2.78066	-50.90762	0	52	2021-10-18T11:50:02
2.78062	-50.90771	0	52	2021-10-18T11:55:01
2.78069	-50.90765	0	52	2021-10-18T12:00:01
2.78066	-50.90765	0	52	2021-10-18T12:35:38
2.78063	-50.90751	0	52	2021-10-18T13:34:58
2.78080	-50.90751	0	52	2021-10-18T13:39:59
2.78059	-50.90768	0	52	2021-10-18T13:44:59
2.78063	-50.90762	0	52	2021-10-18T13:54:53
2.78068	-50.90765	0	52	2021-10-18T13:59:52
2.78076	-50.90762	0	52	2021-10-18T14:04:52
2.78076	-50.90771	0	52	2021-10-18T14:14:50
2.78067	-50.90771	0	52	2021-10-18T14:24:51
2.78068	-50.90759	0	52	2021-10-18T14:39:50
2.78072	-50.90759	0	52	2021-10-18T14:44:51
2.78066	-50.90769	0	52	2021-10-18T14:49:51
2.78092	-50.90752	0	52	2021-10-18T14:54:50
2.78071	-50.90778	0	52	2021-10-18T14:59:50
2.78069	-50.90768	0	52	2021-10-18T15:04:51
2.78075	-50.90771	0	52	2021-10-18T15:34:52
2.78070	-50.90771	0	52	2021-10-18T15:39:54
2.78075	-50.90771	0	52	2021-10-18T15:44:53
2.78072	-50.90765	0	52	2021-10-18T15:59:55
2.78072	-50.90777	0	52	2021-10-18T17:04:56
2.78072	-50.90768	0	52	2021-10-18T17:09:56
2.78076	-50.90768	0	52	2021-10-18T17:14:56
2.78070	-50.90774	0	52	2021-10-18T17:30:28
2.78070	-50.90765	0	52	2021-10-18T17:35:28
2.78075	-50.90765	0	52	2021-10-18T17:39:50
2.78077	-50.90765	0	52	2021-10-18T17:54:52
2.78071	-50.90759	0	52	2021-10-18T18:25:26
2.78062	-50.90768	0	52	2021-10-18T18:30:26
2.78071	-50.90768	0	52	2021-10-18T18:35:27
2.78065	-50.90774	0	52	2021-10-18T18:49:47
2.78061	-50.90765	0	52	2021-10-18T18:54:48
2.78059	-50.90765	0	52	2021-10-18T19:49:48
2.78060	-50.90778	0	52	2021-10-18T20:04:43
2.78071	-50.90741	0	52	2021-10-18T20:19:34
2.78080	-50.90732	0	52	2021-10-18T20:24:33
2.78076	-50.90732	0	52	2021-10-18T20:29:33
2.78088	-50.90744	0	52	2021-10-18T20:49:44
2.78071	-50.90753	0	52	2021-10-18T20:54:44
2.78075	-50.90753	0	52	2021-10-18T20:59:43
2.78070	-50.90765	0	52	2021-10-18T21:04:47
2.78067	-50.90765	0	52	2021-10-18T21:44:49
2.78066	-50.90765	0	52	2021-10-18T21:49:50
2.78053	-50.90738	0	52	2021-10-18T22:19:49
2.78048	-50.90739	0	52	2021-10-18T22:29:50
2.78066	-50.90765	0	52	2021-10-18T22:35:26
2.78065	-50.90765	0	52	2021-10-18T22:39:50
2.78069	-50.90768	0	52	2021-10-18T22:44:48
2.78069	-50.90759	0	52	2021-10-18T22:54:47
2.78073	-50.90756	0	52	2021-10-18T22:59:48
2.78069	-50.90756	0	52	2021-10-18T23:19:51
2.78074	-50.90753	0	52	2021-10-18T23:25:10
2.78074	-50.90736	0	52	2021-10-18T23:30:10
2.78065	-50.90753	0	52	2021-10-18T23:35:09
2.78079	-50.90744	0	52	2021-10-18T23:44:43
2.78075	-50.90744	0	52	2021-10-18T23:54:42
2.78093	-50.90750	0	52	2021-10-18T23:59:46
2.78074	-50.90735	0	52	2021-10-19T00:19:45
2.78093	-50.90756	0	52	2021-10-19T01:34:51
2.78106	-50.90756	0	52	2021-10-19T01:44:51
2.78115	-50.90744	0	52	2021-10-19T01:49:53
2.78099	-50.90756	0	52	2021-10-19T01:54:49
2.78082	-50.90765	0	52	2021-10-19T01:59:48
2.78061	-50.90765	0	52	2021-10-19T02:04:48
2.78060	-50.90771	0	52	2021-10-19T02:09:49
2.78065	-50.90762	0	52	2021-10-19T02:14:45
2.78056	-50.90762	0	52	2021-10-19T02:19:44
2.78060	-50.90768	0	52	2021-10-19T02:24:44
2.78062	-50.90759	0	52	2021-10-19T02:29:49
2.78068	-50.90771	0	52	2021-10-19T02:39:49
2.78068	-50.90762	0	52	2021-10-19T02:49:48
2.78051	-50.90771	0	52	2021-10-19T02:59:53
2.78068	-50.90756	0	52	2021-10-19T03:04:51
2.78065	-50.90759	0	52	2021-10-19T03:09:50
2.78062	-50.90765	0	52	2021-10-19T03:14:48
2.78071	-50.90759	0	52	2021-10-19T03:19:50
2.78075	-50.90768	0	52	2021-10-19T03:24:50
2.78062	-50.90768	0	52	2021-10-19T03:29:51
2.78062	-50.90765	0	52	2021-10-19T03:44:53
2.78058	-50.90765	0	52	2021-10-19T03:49:53
2.78067	-50.90765	0	52	2021-10-19T03:54:52
2.78060	-50.90768	0	52	2021-10-19T03:59:55
2.78067	-50.90765	0	52	2021-10-19T04:14:51
2.78071	-50.90765	0	52	2021-10-19T04:24:52
2.78064	-50.90771	0	52	2021-10-19T04:30:27
2.78068	-50.90771	0	52	2021-10-19T04:35:26
2.78068	-50.90784	0	52	2021-10-19T04:39:51
2.78071	-50.90766	0	52	2021-10-19T04:49:48
2.78075	-50.90766	0	52	2021-10-19T04:54:47
2.78066	-50.90775	0	52	2021-10-19T04:59:47
2.78067	-50.90778	0	52	2021-10-19T05:14:45
2.78058	-50.90778	0	52	2021-10-19T05:19:43
2.78067	-50.90777	0	52	2021-10-19T05:29:45
2.78063	-50.90768	0	52	2021-10-19T05:34:45
2.78067	-50.90768	0	52	2021-10-19T05:39:45
2.78067	-50.90765	0	52	2021-10-19T06:19:42
2.78065	-50.90759	0	52	2021-10-19T06:30:07
2.78061	-50.90768	0	52	2021-10-19T06:35:07
2.78066	-50.90756	0	52	2021-10-19T06:54:37
2.78070	-50.90756	0	52	2021-10-19T06:59:37
2.78070	-50.90759	0	52	2021-10-19T07:04:42
2.78066	-50.90759	0	52	2021-10-19T07:09:42
2.78069	-50.90765	0	52	2021-10-19T07:14:40
2.78065	-50.90765	0	52	2021-10-19T07:24:41
2.78077	-50.90765	0	52	2021-10-19T07:29:45
2.78065	-50.90774	0	52	2021-10-19T07:39:44
2.78065	-50.90765	0	52	2021-10-19T07:44:44
2.78061	-50.90765	0	52	2021-10-19T07:49:44
2.78065	-50.90765	0	52	2021-10-19T07:54:50
2.78065	-50.90756	0	52	2021-10-19T08:04:49
2.78064	-50.90765	0	52	2021-10-19T08:09:50
2.78064	-50.90762	0	52	2021-10-19T08:19:49
2.78068	-50.90762	0	52	2021-10-19T08:24:48
2.78070	-50.90762	0	52	2021-10-19T08:29:48
2.78067	-50.90769	0	52	2021-10-19T08:39:53
2.78041	-50.90735	0	52	2021-10-19T08:44:52
2.78065	-50.90762	0	52	2021-10-19T08:59:39
2.78061	-50.90753	0	52	2021-10-19T09:04:39
2.78070	-50.90753	0	52	2021-10-19T09:09:40
2.78062	-50.90753	0	52	2021-10-19T09:14:44
2.78058	-50.90756	0	52	2021-10-19T09:44:26
2.78058	-50.90750	0	52	2021-10-19T09:54:23
2.78062	-50.90759	0	52	2021-10-19T10:04:23
2.78060	-50.90765	0	52	2021-10-19T10:09:27
2.78061	-50.90759	0	52	2021-10-19T10:19:22
2.78056	-50.90762	0	52	2021-10-19T10:44:17
2.78054	-50.90771	0	52	2021-10-19T10:59:17
2.78061	-50.90775	0	52	2021-10-19T11:24:17
2.78072	-50.90765	0	52	2021-10-19T11:34:38
2.78066	-50.90762	0	52	2021-10-19T11:39:12
2.78067	-50.90762	0	52	2021-10-19T11:49:16
2.78063	-50.90771	0	52	2021-10-19T11:54:15
2.78072	-50.90762	0	52	2021-10-19T11:59:15
2.78065	-50.90762	0	52	2021-10-19T12:14:20
2.78069	-50.90762	0	52	2021-10-19T12:19:19
2.78064	-50.90771	0	52	2021-10-19T12:34:21
2.78068	-50.90771	0	52	2021-10-19T12:39:21
2.78061	-50.90778	0	52	2021-10-19T12:59:17
2.78068	-50.90765	0	52	2021-10-19T13:39:13
2.78072	-50.90765	0	52	2021-10-19T13:44:14
2.78059	-50.90765	0	52	2021-10-19T13:49:14
2.78083	-50.90761	0	52	2021-10-19T14:04:13
2.78074	-50.90761	0	52	2021-10-19T14:09:14
2.78100	-50.90744	0	52	2021-10-19T14:14:14
2.78083	-50.90754	0	52	2021-10-19T14:19:08
2.78070	-50.90771	0	52	2021-10-19T14:24:09
2.78049	-50.90767	0	52	2021-10-19T14:34:04
2.78105	-50.90733	0	52	2021-10-19T14:39:04
2.78088	-50.90750	0	52	2021-10-19T14:44:05
2.78083	-50.90756	0	52	2021-10-19T14:49:05
2.78101	-50.90732	0	52	2021-10-19T14:54:06
2.78093	-50.90745	0	52	2021-10-19T14:59:03
2.78093	-50.90736	0	52	2021-10-19T15:04:03
2.78080	-50.90762	0	52	2021-10-19T15:09:02
2.78064	-50.90771	0	52	2021-10-19T15:49:04
2.78060	-50.90756	0	52	2021-10-19T16:04:02
2.78063	-50.90762	0	52	2021-10-19T16:14:00
2.78067	-50.90771	0	52	2021-10-19T16:23:59
2.78066	-50.90765	0	52	2021-10-19T16:29:02
2.78062	-50.90765	0	52	2021-10-19T16:34:01
2.78066	-50.90756	0	52	2021-10-19T16:39:01
2.78057	-50.90768	0	52	2021-10-19T16:44:03
2.78069	-50.90788	0	52	2021-10-19T16:54:00
2.78073	-50.90771	0	52	2021-10-19T16:59:01
2.78064	-50.90771	0	52	2021-10-19T17:04:01
2.78060	-50.90779	0	52	2021-10-19T17:08:59
2.78073	-50.90762	0	52	2021-10-19T17:14:00
2.78064	-50.90771	0	52	2021-10-19T17:19:00
2.78068	-50.90775	0	52	2021-10-19T17:38:59
2.78055	-50.90784	0	52	2021-10-19T17:43:58
2.78064	-50.90771	0	52	2021-10-19T17:53:58
2.78061	-50.90775	0	52	2021-10-19T18:39:06
2.78067	-50.90768	0	52	2021-10-19T18:54:02
2.78065	-50.90768	0	52	2021-10-19T19:14:02
2.78065	-50.90771	0	52	2021-10-19T19:34:30
2.78069	-50.90759	0	52	2021-10-19T19:44:01
2.78069	-50.90768	0	52	2021-10-19T19:54:00
2.78064	-50.90765	0	52	2021-10-19T20:04:02
2.78065	-50.90771	0	52	2021-10-19T20:09:02
2.78073	-50.90765	0	52	2021-10-19T20:14:02
2.78056	-50.90774	0	52	2021-10-19T20:19:00
2.78069	-50.90765	0	52	2021-10-19T20:28:59
2.78068	-50.90768	0	52	2021-10-19T20:34:29
2.78065	-50.90765	0	52	2021-10-19T21:04:04
2.78075	-50.90762	0	52	2021-10-19T21:14:02
2.78065	-50.90771	0	52	2021-10-19T21:39:03
2.78069	-50.90771	0	52	2021-10-19T21:44:04
2.78065	-50.90771	0	52	2021-10-19T22:09:04
2.78062	-50.90762	0	52	2021-10-19T22:14:05
2.78066	-50.90762	0	52	2021-10-19T22:19:05
2.78053	-50.90762	0	52	2021-10-19T22:24:06
2.78065	-50.90781	0	52	2021-10-19T22:34:05
2.78061	-50.90781	0	52	2021-10-19T22:44:06
2.78066	-50.90771	0	52	2021-10-19T23:14:00
2.78062	-50.90771	0	52	2021-10-19T23:19:00
2.78062	-50.90765	0	52	2021-10-19T23:24:01
2.78065	-50.90771	0	52	2021-10-19T23:43:53
2.78066	-50.90759	0	52	2021-10-19T23:53:55
2.78066	-50.90768	0	52	2021-10-19T23:58:55
2.78066	-50.90759	0	52	2021-10-20T00:03:55
2.78064	-50.90759	0	52	2021-10-20T00:23:56
2.78060	-50.90765	0	52	2021-10-20T00:34:29
2.78061	-50.90765	0	52	2021-10-20T00:43:56
2.78063	-50.90765	0	52	2021-10-20T01:03:56
2.78059	-50.90765	0	52	2021-10-20T01:08:56
2.78060	-50.90765	0	52	2021-10-20T01:13:54
2.78062	-50.90768	0	52	2021-10-20T01:34:27
2.78074	-50.90765	0	52	2021-10-20T01:44:01
2.78070	-50.90765	0	52	2021-10-20T01:49:00
2.78070	-50.90756	0	52	2021-10-20T01:54:00
2.78076	-50.90770	0	52	2021-10-20T01:59:04
2.78067	-50.90761	0	52	2021-10-20T02:04:04
2.78080	-50.90778	0	52	2021-10-20T02:09:03
2.78072	-50.90765	0	52	2021-10-20T02:14:02
2.78074	-50.90765	0	52	2021-10-20T02:48:58
2.78070	-50.90765	0	52	2021-10-20T02:53:59
2.78055	-50.90771	0	52	2021-10-20T03:23:56
2.78059	-50.90771	0	52	2021-10-20T03:33:55
2.78061	-50.90777	0	52	2021-10-20T03:40:34
2.80091	-50.89970	0	52	2021-10-20T03:45:33
2.78057	-50.90768	0	52	2021-10-20T03:50:33
2.78061	-50.90765	0	52	2021-10-20T04:04:00
2.78061	-50.90768	0	52	2021-10-20T04:09:00
2.78066	-50.90771	0	52	2021-10-20T04:14:01
2.78062	-50.90771	0	52	2021-10-20T04:24:00
2.78061	-50.90765	0	52	2021-10-20T04:29:00
2.78069	-50.90768	0	52	2021-10-20T04:34:28
2.78065	-50.90768	0	52	2021-10-20T04:39:28
2.78069	-50.90775	0	52	2021-10-20T04:43:59
2.78065	-50.90775	0	52	2021-10-20T05:03:57
2.78062	-50.90769	0	52	2021-10-20T05:08:52
2.78062	-50.90778	0	52	2021-10-20T05:13:52
2.78058	-50.90778	0	52	2021-10-20T05:18:53
2.78061	-50.90778	0	52	2021-10-20T05:38:52
2.78057	-50.90778	0	52	2021-10-20T05:48:51
2.78059	-50.90775	0	52	2021-10-20T06:03:53
2.78070	-50.90768	0	52	2021-10-20T06:08:50
2.78061	-50.90771	0	52	2021-10-20T07:23:50
2.78070	-50.90771	0	52	2021-10-20T07:33:49
2.78073	-50.90768	0	52	2021-10-20T08:33:45
2.78071	-50.90771	0	52	2021-10-20T08:39:28
2.78069	-50.90778	0	52	2021-10-20T08:53:44
2.78065	-50.90771	0	52	2021-10-20T08:58:44
2.78074	-50.90754	0	52	2021-10-20T09:03:45
2.78070	-50.90771	0	52	2021-10-20T09:08:45
2.78075	-50.90781	0	52	2021-10-20T09:13:43
2.78070	-50.90771	0	52	2021-10-20T10:08:36
2.78065	-50.90768	0	52	2021-10-20T10:23:34
2.78064	-50.90771	0	52	2021-10-20T10:48:28
2.78060	-50.90775	0	52	2021-10-20T10:58:26
2.78064	-50.90775	0	52	2021-10-20T11:03:26
2.78067	-50.90768	0	52	2021-10-20T11:28:20
2.78062	-50.90768	0	52	2021-10-20T11:33:20
2.78061	-50.90768	0	52	2021-10-20T12:18:18
2.78060	-50.90771	0	52	2021-10-20T12:23:18
2.78061	-50.90759	0	52	2021-10-20T12:53:14
2.78065	-50.90759	0	52	2021-10-20T12:58:13
2.78059	-50.90771	0	52	2021-10-20T13:13:15
2.78057	-50.90765	0	52	2021-10-20T13:23:12
2.78061	-50.90765	0	52	2021-10-20T13:33:13
2.78060	-50.90768	0	52	2021-10-20T13:43:12
2.78056	-50.90768	0	52	2021-10-20T13:48:12
2.78065	-50.90768	0	52	2021-10-20T13:53:11
2.78062	-50.90771	0	52	2021-10-20T13:58:10
2.78078	-50.90762	0	52	2021-10-20T14:08:07
2.78052	-50.90771	0	52	2021-10-20T14:13:06
2.78061	-50.90771	0	52	2021-10-20T14:18:06
2.78064	-50.90771	0	52	2021-10-20T14:33:12
2.78057	-50.90778	0	52	2021-10-20T15:13:13
2.78062	-50.90778	0	52	2021-10-20T15:38:12
2.78066	-50.90761	0	52	2021-10-20T15:43:12
2.78066	-50.90778	0	52	2021-10-20T15:48:11
2.78058	-50.90771	0	52	2021-10-20T15:53:14
2.78060	-50.90762	0	52	2021-10-20T16:03:17
2.78060	-50.90769	0	52	2021-10-20T16:23:09
2.78081	-50.90778	0	52	2021-10-20T16:28:09
2.78067	-50.90771	0	52	2021-10-20T16:33:10
2.78063	-50.90771	0	52	2021-10-20T16:38:11
2.78067	-50.90771	0	52	2021-10-20T16:43:11
2.78068	-50.90765	0	52	2021-10-20T16:48:10
2.78072	-50.90765	0	52	2021-10-20T16:53:10
2.78068	-50.90762	0	52	2021-10-20T16:58:10
2.78085	-50.90771	0	52	2021-10-20T17:03:09
2.78070	-50.90753	0	52	2021-10-20T17:08:08
2.78074	-50.90753	0	52	2021-10-20T17:23:06
2.78077	-50.90762	0	52	2021-10-20T17:28:04
2.78075	-50.90775	0	52	2021-10-20T17:47:57
2.78067	-50.90771	0	52	2021-10-20T18:57:46
2.78070	-50.90769	0	52	2021-10-20T19:07:42
2.78066	-50.90778	0	52	2021-10-20T19:17:41
2.78069	-50.90778	0	52	2021-10-20T19:28:10
2.78082	-50.90778	0	52	2021-10-20T19:33:10
2.78069	-50.90778	0	52	2021-10-20T19:38:11
2.78064	-50.90775	0	52	2021-10-20T19:47:42
2.78060	-50.90784	0	52	2021-10-20T19:52:42
2.78069	-50.90775	0	52	2021-10-20T19:57:41
2.78065	-50.90778	0	52	2021-10-20T20:07:42
2.78065	-50.90787	0	52	2021-10-20T20:12:42
2.78067	-50.90775	0	52	2021-10-20T20:38:38
2.78069	-50.90771	0	52	2021-10-20T21:07:20
2.78066	-50.90768	0	52	2021-10-20T21:12:23
2.78069	-50.90771	0	52	2021-10-20T21:17:19
2.78066	-50.90780	0	52	2021-10-20T21:22:20
2.78066	-50.90771	0	52	2021-10-20T21:27:21
2.78062	-50.90771	0	52	2021-10-20T21:32:21
2.78061	-50.90768	0	52	2021-10-20T22:27:18
2.78067	-50.90765	0	52	2021-10-20T22:47:20
2.78065	-50.90765	0	52	2021-10-20T22:52:16
2.78061	-50.90765	0	52	2021-10-20T23:02:17
2.78062	-50.90765	0	52	2021-10-20T23:07:19
2.78058	-50.90762	0	52	2021-10-20T23:17:24
2.78075	-50.90762	0	52	2021-10-20T23:22:24
2.78066	-50.90762	0	52	2021-10-20T23:27:23
2.78069	-50.90750	0	52	2021-10-20T23:32:26
2.78069	-50.90753	0	52	2021-10-20T23:42:25
2.78065	-50.90753	0	52	2021-10-20T23:47:25
2.78069	-50.90762	0	52	2021-10-20T23:52:26
2.78061	-50.90753	0	52	2021-10-21T00:27:24
2.78062	-50.90747	0	52	2021-10-21T01:07:20
2.78062	-50.90756	0	52	2021-10-21T01:17:21
2.78076	-50.90753	0	52	2021-10-21T01:22:22
2.78068	-50.90759	0	52	2021-10-21T01:32:59
2.78081	-50.90759	0	52	2021-10-21T01:37:59
2.78075	-50.90759	0	52	2021-10-21T01:52:16
2.78077	-50.90765	0	52	2021-10-21T02:07:11
2.78077	-50.90756	0	52	2021-10-21T02:12:12
2.78077	-50.90765	0	52	2021-10-21T02:17:12
2.78072	-50.90756	0	52	2021-10-21T02:32:08
2.78075	-50.90759	0	52	2021-10-21T02:47:13
2.78079	-50.90759	0	52	2021-10-21T02:52:13
2.78075	-50.90759	0	52	2021-10-21T03:02:16
2.78070	-50.90759	0	52	2021-10-21T03:57:14
2.78066	-50.90759	0	52	2021-10-21T04:07:15
2.78063	-50.90765	0	52	2021-10-21T04:22:17
2.78067	-50.90765	0	52	2021-10-21T04:27:16
2.78071	-50.90765	0	52	2021-10-21T04:32:16
2.78069	-50.90765	0	52	2021-10-21T04:37:21
2.78065	-50.90765	0	52	2021-10-21T04:42:21
2.78069	-50.90765	0	52	2021-10-21T04:47:20
2.78066	-50.90765	0	52	2021-10-21T05:17:20
2.78067	-50.90768	0	52	2021-10-21T06:07:21
2.78067	-50.90759	0	52	2021-10-21T06:12:22
2.78054	-50.90759	0	52	2021-10-21T06:17:22
2.78062	-50.90774	0	52	2021-10-21T06:22:23
2.78058	-50.90765	0	52	2021-10-21T06:27:23
2.78069	-50.90771	0	52	2021-10-21T06:47:29
2.78065	-50.90771	0	52	2021-10-21T06:57:30
2.78067	-50.90765	0	52	2021-10-21T07:07:32
2.78071	-50.90765	0	52	2021-10-21T07:12:32
2.78062	-50.90765	0	52	2021-10-21T07:17:33
2.78073	-50.90765	0	52	2021-10-21T07:22:34
2.78067	-50.90771	0	52	2021-10-21T07:37:35
2.78064	-50.90771	0	52	2021-10-21T07:47:38
2.78065	-50.90765	0	52	2021-10-21T07:52:36
2.78064	-50.90771	0	52	2021-10-21T07:57:37
2.78065	-50.90771	0	52	2021-10-21T08:02:37
2.78067	-50.90759	0	52	2021-10-21T08:43:23
2.78064	-50.90765	0	52	2021-10-21T09:37:35
2.78060	-50.90765	0	52	2021-10-21T09:47:36
2.78059	-50.90762	0	52	2021-10-21T10:17:30
2.78054	-50.90768	0	52	2021-10-21T10:22:31
2.78058	-50.90768	0	52	2021-10-21T10:27:31
2.78059	-50.90756	0	52	2021-10-21T10:47:33
2.78066	-50.90765	0	52	2021-10-21T10:52:31
2.78062	-50.90756	0	52	2021-10-21T10:57:33
2.78066	-50.90765	0	52	2021-10-21T11:07:34
2.78068	-50.90765	0	52	2021-10-21T11:12:31
2.78074	-50.90756	0	52	2021-10-21T11:22:33
2.78076	-50.90765	0	52	2021-10-21T11:27:33
2.78073	-50.90765	0	52	2021-10-21T11:32:35
2.78063	-50.90765	0	52	2021-10-21T12:57:49
2.78067	-50.90765	0	52	2021-10-21T13:02:49
2.78062	-50.90756	0	52	2021-10-21T13:12:47
2.78066	-50.90756	0	52	2021-10-21T13:17:47
2.78045	-50.90756	0	52	2021-10-21T13:22:45
2.78058	-50.90762	0	52	2021-10-21T13:33:28
2.78062	-50.90741	0	52	2021-10-21T13:37:48
2.78058	-50.90771	0	52	2021-10-21T13:43:28
2.78067	-50.90764	0	52	2021-10-21T13:47:49
2.78058	-50.90773	0	52	2021-10-21T13:52:49
2.78079	-50.90747	0	52	2021-10-21T13:57:48
2.78088	-50.90773	0	52	2021-10-21T14:02:45
2.78075	-50.90756	0	52	2021-10-21T14:07:45
2.78066	-50.90765	0	52	2021-10-21T14:12:45
2.78085	-50.90756	0	52	2021-10-21T14:17:44
2.78085	-50.90750	0	52	2021-10-21T14:22:43
2.78069	-50.90768	0	52	2021-10-21T14:43:07
2.78075	-50.90765	0	52	2021-10-21T15:07:43
2.78071	-50.90756	0	52	2021-10-21T15:12:42
2.78062	-50.90765	0	52	2021-10-21T15:17:42
2.78076	-50.90765	0	52	2021-10-21T15:22:44
2.78067	-50.90765	0	52	2021-10-21T15:27:44
2.78067	-50.90756	0	52	2021-10-21T15:32:45
2.78066	-50.90762	0	52	2021-10-21T15:42:41
2.78062	-50.90762	0	52	2021-10-21T15:52:41
2.78060	-50.90765	0	52	2021-10-21T16:12:44
2.78065	-50.90762	0	52	2021-10-21T16:37:45
2.78065	-50.90771	0	52	2021-10-21T16:47:46
2.78068	-50.90768	0	52	2021-10-21T16:52:46
2.78074	-50.90765	0	52	2021-10-21T17:02:49
2.78064	-50.90768	0	52	2021-10-21T17:07:49
2.78086	-50.90756	0	52	2021-10-21T17:12:50
2.78080	-50.90768	0	52	2021-10-21T17:17:52
2.78084	-50.90768	0	52	2021-10-21T17:22:52
2.78080	-50.90768	0	52	2021-10-21T17:27:53
2.78072	-50.90768	0	52	2021-10-21T17:37:53
2.78079	-50.90768	0	52	2021-10-21T17:52:52
2.78066	-50.90771	0	52	2021-10-21T18:33:27
2.78062	-50.90771	0	52	2021-10-21T18:43:26
2.78061	-50.90771	0	52	2021-10-21T18:57:42
2.78067	-50.90765	0	52	2021-10-21T19:02:43
2.78067	-50.90771	0	52	2021-10-21T19:07:40
2.78062	-50.90775	0	52	2021-10-21T19:12:40
2.78071	-50.90775	0	52	2021-10-21T19:22:40
2.78066	-50.90765	0	52	2021-10-21T19:37:39
2.78067	-50.90771	0	52	2021-10-21T19:42:57
2.78069	-50.90765	0	52	2021-10-21T20:02:38
2.78072	-50.90778	0	52	2021-10-21T21:02:43
2.78059	-50.90771	0	52	2021-10-21T21:54:51
2.78067	-50.90762	0	52	2021-10-21T22:22:34
2.78065	-50.90762	0	52	2021-10-21T22:27:36
2.78067	-50.90762	0	52	2021-10-21T22:32:35
2.78069	-50.90765	0	52	2021-10-21T22:42:37
2.78069	-50.90756	0	52	2021-10-21T22:52:38
2.78061	-50.90759	0	52	2021-10-21T23:02:33
2.78065	-50.90759	0	52	2021-10-21T23:12:34
2.78067	-50.90760	0	52	2021-10-21T23:22:30
2.78072	-50.90750	0	52	2021-10-21T23:27:34
2.78062	-50.90768	0	52	2021-10-21T23:32:31
2.78070	-50.90765	0	52	2021-10-21T23:47:33
2.78060	-50.90756	0	52	2021-10-22T00:07:36
2.78061	-50.90762	0	52	2021-10-22T00:32:40
2.78061	-50.90771	0	52	2021-10-22T00:37:40
2.78057	-50.90771	0	52	2021-10-22T00:42:39
2.78061	-50.90768	0	52	2021-10-22T01:17:33
2.78065	-50.90768	0	52	2021-10-22T01:22:34
2.78070	-50.90765	0	52	2021-10-22T01:32:32
2.78087	-50.90756	0	52	2021-10-22T01:37:32
2.78074	-50.90756	0	52	2021-10-22T01:42:32
2.78083	-50.90753	0	52	2021-10-22T01:47:35
2.78059	-50.90773	0	52	2021-10-22T01:52:31
2.78080	-50.90756	0	52	2021-10-22T01:57:31
2.78076	-50.90762	0	52	2021-10-22T02:22:36
2.78070	-50.90756	0	52	2021-10-22T02:27:34
2.78075	-50.90759	0	52	2021-10-22T02:32:34
2.78071	-50.90768	0	52	2021-10-22T02:37:34
2.78068	-50.90765	0	52	2021-10-22T02:52:46
2.78068	-50.90756	0	52	2021-10-22T02:57:46
2.78058	-50.90775	0	52	2021-10-22T03:22:30
2.78062	-50.90775	0	52	2021-10-22T03:27:29
2.78058	-50.90775	0	52	2021-10-22T03:32:29
2.78061	-50.90771	0	52	2021-10-22T03:42:31
2.78072	-50.90775	0	52	2021-10-22T03:57:32
2.78066	-50.90768	0	52	2021-10-22T04:02:58
2.78070	-50.90777	0	52	2021-10-22T04:07:58
2.78061	-50.90768	0	52	2021-10-22T04:12:58
2.78067	-50.90769	0	52	2021-10-22T04:27:31
2.78067	-50.90778	0	52	2021-10-22T04:32:31
2.78071	-50.90771	0	52	2021-10-22T04:37:33
2.78072	-50.90771	0	52	2021-10-22T04:52:34
2.78066	-50.90778	0	52	2021-10-22T05:03:00
2.78070	-50.90778	0	52	2021-10-22T05:08:00
2.78061	-50.90778	0	52	2021-10-22T05:12:59
2.78067	-50.90771	0	52	2021-10-22T05:17:35
2.78066	-50.90775	0	52	2021-10-22T05:27:36
2.78062	-50.90775	0	52	2021-10-22T05:32:35
2.78067	-50.90775	0	52	2021-10-22T05:42:36
2.78065	-50.90768	0	52	2021-10-22T05:57:35
2.78066	-50.90771	0	52	2021-10-22T06:22:36
2.78060	-50.90771	0	52	2021-10-22T06:52:36
2.78058	-50.90771	0	52	2021-10-22T06:57:34
2.78071	-50.90771	0	52	2021-10-22T07:02:35
2.78064	-50.90765	0	52	2021-10-22T07:07:36
2.78067	-50.90771	0	52	2021-10-22T07:17:38
2.78062	-50.90771	0	52	2021-10-22T07:27:39
2.78069	-50.90765	0	52	2021-10-22T07:32:40
2.78066	-50.90765	0	52	2021-10-22T07:37:41
2.78062	-50.90765	0	52	2021-10-22T07:42:45
2.78066	-50.90771	0	52	2021-10-22T07:47:46
2.78070	-50.90762	0	52	2021-10-22T08:02:47
2.78077	-50.90759	0	52	2021-10-22T08:07:45
2.78069	-50.90771	0	52	2021-10-22T08:42:48
2.78073	-50.90778	0	52	2021-10-22T09:13:39
2.78070	-50.90780	0	52	2021-10-22T09:42:53
2.78070	-50.90771	0	52	2021-10-22T09:52:52
2.78061	-50.90778	0	52	2021-10-22T09:57:50
2.78064	-50.90771	0	52	2021-10-22T10:07:55
2.78060	-50.90771	0	52	2021-10-22T10:12:55
2.78077	-50.90771	0	52	2021-10-22T10:17:55
2.78069	-50.90771	0	52	2021-10-22T10:22:57
2.78073	-50.90771	0	52	2021-10-22T10:27:57
2.78082	-50.90771	0	52	2021-10-22T10:32:56
2.78069	-50.90762	0	52	2021-10-22T10:47:54
2.78074	-50.90765	0	52	2021-10-22T10:52:57
2.78064	-50.90771	0	52	2021-10-22T10:57:54
2.78080	-50.90756	0	52	2021-10-22T11:02:55
2.78066	-50.90765	0	52	2021-10-22T11:57:57
2.78064	-50.90753	0	52	2021-10-22T12:02:55
2.78065	-50.90762	0	52	2021-10-22T12:14:25
2.78065	-50.90765	0	52	2021-10-22T12:27:56
2.78057	-50.90756	0	52	2021-10-22T12:37:54
2.78070	-50.90756	0	52	2021-10-22T12:42:54
2.78069	-50.90750	0	52	2021-10-22T12:47:56
2.78065	-50.90759	0	52	2021-10-22T13:12:55
2.78069	-50.90759	0	52	2021-10-22T13:17:56
2.78073	-50.90759	0	52	2021-10-22T13:22:56
2.78065	-50.90765	0	52	2021-10-22T13:27:54
2.78058	-50.90768	0	52	2021-10-22T13:37:52
2.78075	-50.90768	0	52	2021-10-22T13:42:52
2.78066	-50.90759	0	52	2021-10-22T13:47:51
2.78068	-50.90765	0	52	2021-10-22T14:07:49
2.78068	-50.90762	0	52	2021-10-22T14:27:46
2.78070	-50.90762	0	52	2021-10-22T15:02:55
2.78068	-50.90765	0	52	2021-10-22T15:52:56
2.78068	-50.90756	0	52	2021-10-22T15:57:57
2.78064	-50.90769	0	52	2021-10-22T16:12:58
2.78060	-50.90778	0	52	2021-10-22T16:17:57
2.78062	-50.90771	0	52	2021-10-22T16:27:59
2.78058	-50.90771	0	52	2021-10-22T16:32:59
2.78062	-50.90771	0	52	2021-10-22T16:38:00
2.78079	-50.90765	0	52	2021-10-22T16:53:01
2.78069	-50.90771	0	52	2021-10-22T16:58:02
2.78088	-50.90753	0	52	2021-10-22T17:08:01
2.78075	-50.90762	0	52	2021-10-22T17:18:02
2.78064	-50.90768	0	52	2021-10-22T18:53:04
2.78068	-50.90768	0	52	2021-10-22T18:58:04
2.78064	-50.90759	0	52	2021-10-22T19:03:04
2.78060	-50.90768	0	52	2021-10-22T19:08:03
2.78067	-50.90774	0	52	2021-10-22T19:23:08
2.78067	-50.90765	0	52	2021-10-22T19:28:08
2.78070	-50.90765	0	52	2021-10-22T19:33:07
2.78066	-50.90765	0	52	2021-10-22T19:43:08
2.78079	-50.90750	0	52	2021-10-22T20:02:57
2.78070	-50.90759	0	52	2021-10-22T20:07:57
2.78085	-50.90731	0	52	2021-10-22T20:17:58
2.78081	-50.90765	0	52	2021-10-22T20:27:57
2.78088	-50.90749	0	52	2021-10-22T20:42:58
2.78075	-50.90775	0	52	2021-10-22T20:47:57
2.78090	-50.90753	0	52	2021-10-22T20:52:58
2.78090	-50.90744	0	52	2021-10-22T21:02:59
2.78070	-50.90768	0	52	2021-10-22T21:22:59
2.78068	-50.90759	0	52	2021-10-22T21:33:00
2.78068	-50.90750	0	52	2021-10-22T21:38:00
2.78068	-50.90771	0	52	2021-10-22T21:58:04
2.78059	-50.90766	0	52	2021-10-22T22:08:07
2.78059	-50.90775	0	52	2021-10-22T22:13:07
2.78055	-50.90775	0	52	2021-10-22T22:18:08
2.78069	-50.90759	0	52	2021-10-22T23:03:05
2.78067	-50.90765	0	52	2021-10-22T23:38:09
2.78053	-50.90765	0	52	2021-10-23T00:53:12
2.78053	-50.90771	0	52	2021-10-23T00:58:12
2.78053	-50.90762	0	52	2021-10-23T01:08:13
2.78072	-50.90762	0	52	2021-10-23T01:13:06
2.78081	-50.90762	0	52	2021-10-23T01:18:05
2.78060	-50.90762	0	52	2021-10-23T01:23:05
2.78051	-50.90768	0	52	2021-10-23T01:28:06
2.78057	-50.90765	0	52	2021-10-23T01:43:08
2.78061	-50.90765	0	52	2021-10-23T01:48:09
2.78055	-50.90768	0	52	2021-10-23T01:53:10
2.78069	-50.90759	0	52	2021-10-23T02:28:17
2.78073	-50.90765	0	52	2021-10-23T02:48:20
2.78068	-50.90756	0	52	2021-10-23T02:53:20
2.78054	-50.90756	0	52	2021-10-23T02:58:21
2.78068	-50.90756	0	52	2021-10-23T03:03:21
2.78058	-50.90769	0	52	2021-10-23T03:14:17
2.78064	-50.90771	0	52	2021-10-23T03:18:21
2.78062	-50.90778	0	52	2021-10-23T03:24:16
2.78060	-50.90771	0	52	2021-10-23T03:28:19
2.78069	-50.90771	0	52	2021-10-23T03:33:19
2.78060	-50.90771	0	52	2021-10-23T03:38:20
2.78064	-50.90771	0	52	2021-10-23T04:28:17
2.78055	-50.90771	0	52	2021-10-23T04:33:17
2.78064	-50.90771	0	52	2021-10-23T04:38:16
2.78058	-50.90768	0	52	2021-10-23T05:18:09
2.78064	-50.90775	0	52	2021-10-23T05:48:05
2.78064	-50.90766	0	52	2021-10-23T05:53:05
2.78064	-50.90775	0	52	2021-10-23T05:58:06
2.78058	-50.90759	0	52	2021-10-23T06:18:01
2.78054	-50.90765	0	52	2021-10-23T06:22:59
2.78054	-50.90756	0	52	2021-10-23T06:27:59
2.78068	-50.90756	0	52	2021-10-23T06:33:01
2.78073	-50.90765	0	52	2021-10-23T06:43:03
2.78077	-50.90771	0	52	2021-10-23T06:48:05
2.78064	-50.90765	0	52	2021-10-23T06:53:04
2.78066	-50.90761	0	52	2021-10-23T06:58:03
2.78062	-50.90778	0	52	2021-10-23T07:03:02
2.78058	-50.90744	0	52	2021-10-23T07:08:02
2.78005	-50.90747	0	52	2021-10-23T07:17:59
2.78073	-50.90762	0	52	2021-10-23T07:23:52
2.78083	-50.90756	0	52	2021-10-23T07:27:58
2.78065	-50.90765	0	52	2021-10-23T07:32:58
2.78068	-50.90771	0	52	2021-10-23T08:02:59
2.78079	-50.90759	0	52	2021-10-23T08:07:54
2.78070	-50.90759	0	52	2021-10-23T08:12:54
2.78070	-50.90787	0	52	2021-10-23T08:42:59
2.78064	-50.90771	0	52	2021-10-23T08:48:00
2.78060	-50.90771	0	52	2021-10-23T08:53:00
2.78074	-50.90784	0	52	2021-10-23T09:02:59
2.78065	-50.90784	0	52	2021-10-23T09:08:00
2.78066	-50.90771	0	52	2021-10-23T09:43:03
2.78058	-50.90765	0	52	2021-10-23T09:48:06
2.78065	-50.90768	0	52	2021-10-23T09:58:09
2.78068	-50.90771	0	52	2021-10-23T10:03:12
2.78070	-50.90765	0	52	2021-10-23T10:13:57
2.78066	-50.90765	0	52	2021-10-23T10:23:56
2.78061	-50.90771	0	52	2021-10-23T10:33:18
2.78065	-50.90778	0	52	2021-10-23T10:38:20
2.78065	-50.90771	0	52	2021-10-23T10:43:17
2.78061	-50.90771	0	52	2021-10-23T10:48:16
2.78070	-50.90771	0	52	2021-10-23T10:53:16
2.78061	-50.90771	0	52	2021-10-23T10:58:15
2.78068	-50.90765	0	52	2021-10-23T11:03:14
2.78067	-50.90762	0	52	2021-10-23T11:18:11
2.78066	-50.90762	0	52	2021-10-23T11:38:10
2.78065	-50.90768	0	52	2021-10-23T12:13:12
2.78064	-50.90768	0	52	2021-10-23T12:28:11
2.78068	-50.90768	0	52	2021-10-23T12:33:12
2.78064	-50.90765	0	52	2021-10-23T12:43:13
2.78062	-50.90771	0	52	2021-10-23T12:48:10
2.78068	-50.90765	0	52	2021-10-23T12:53:14
2.78064	-50.90777	0	52	2021-10-23T12:58:12
2.78064	-50.90768	0	52	2021-10-23T13:08:11
2.78058	-50.90756	0	52	2021-10-23T13:13:12
2.78063	-50.90765	0	52	2021-10-23T13:18:15
2.78067	-50.90765	0	52	2021-10-23T13:23:15
2.78058	-50.90765	0	52	2021-10-23T13:28:14
2.78065	-50.90768	0	52	2021-10-23T13:33:10
2.78057	-50.90768	0	52	2021-10-23T13:43:13
2.78066	-50.90768	0	52	2021-10-23T13:48:13
2.78065	-50.90765	0	52	2021-10-23T13:53:10
2.78075	-50.90762	0	52	2021-10-23T14:43:04
2.78071	-50.90753	0	52	2021-10-23T14:48:04
2.78066	-50.90762	0	52	2021-10-23T15:13:35
2.78062	-50.90762	0	52	2021-10-23T15:18:36
2.78062	-50.90771	0	52	2021-10-23T15:23:36
2.78065	-50.90765	0	52	2021-10-23T15:28:03
2.78066	-50.90771	0	52	2021-10-23T15:32:59
2.78070	-50.90771	0	52	2021-10-23T15:37:58
2.78061	-50.90771	0	52	2021-10-23T15:42:58
2.78068	-50.90773	0	52	2021-10-23T15:53:00
2.78059	-50.90756	0	52	2021-10-23T16:03:01
2.78057	-50.90756	0	52	2021-10-23T16:07:59
2.78068	-50.90765	0	52	2021-10-23T16:18:03
2.78065	-50.90771	0	52	2021-10-23T16:24:10
2.78066	-50.90768	0	52	2021-10-23T16:38:00
2.78065	-50.90768	0	52	2021-10-23T16:43:03
2.78066	-50.90765	0	52	2021-10-23T17:08:01
2.78070	-50.90765	0	52	2021-10-23T17:18:01
2.78058	-50.90771	0	52	2021-10-23T17:38:02
2.78061	-50.90765	0	52	2021-10-23T18:27:56
2.78062	-50.90766	0	52	2021-10-23T18:37:56
2.78062	-50.90768	0	52	2021-10-23T18:37:57
2.78062	-50.90766	0	52	2021-10-23T18:42:55
2.78062	-50.90775	0	52	2021-10-23T18:47:55
2.78066	-50.90768	0	52	2021-10-23T18:52:56
2.78062	-50.90768	0	52	2021-10-23T19:07:51
2.78060	-50.90771	0	52	2021-10-23T19:12:48
2.78064	-50.90778	0	52	2021-10-23T19:32:51
2.78057	-50.90774	0	52	2021-10-23T19:42:49
2.78066	-50.90765	0	52	2021-10-23T19:57:45
2.78065	-50.90768	0	52	2021-10-23T20:02:48
2.78075	-50.90756	0	52	2021-10-23T20:07:45
2.78091	-50.90744	0	52	2021-10-23T20:12:46
2.78062	-50.90768	0	52	2021-10-23T21:13:26
2.78066	-50.90768	0	52	2021-10-23T21:18:25
2.78062	-50.90768	0	52	2021-10-23T21:23:25
2.78062	-50.90765	0	52	2021-10-23T21:42:46
2.78067	-50.90771	0	52	2021-10-23T21:57:41
2.78064	-50.90778	0	52	2021-10-23T22:17:41
2.78061	-50.90775	0	52	2021-10-23T22:23:09
2.78068	-50.90778	0	52	2021-10-23T22:27:41
2.78068	-50.90771	0	52	2021-10-23T22:32:40
2.78064	-50.90771	0	52	2021-10-23T22:42:40
2.78060	-50.90765	0	52	2021-10-23T23:07:34
2.78065	-50.90768	0	52	2021-10-23T23:17:31
2.78057	-50.90750	0	52	2021-10-24T00:32:32
2.78077	-50.90756	0	52	2021-10-24T01:42:26
2.78081	-50.90756	0	52	2021-10-24T01:52:27
2.78070	-50.90762	0	52	2021-10-24T01:57:24
2.78079	-50.90759	0	52	2021-10-24T02:12:26
2.78081	-50.90759	0	52	2021-10-24T02:23:35
2.78068	-50.90759	0	52	2021-10-24T02:28:35
2.78059	-50.90756	0	52	2021-10-24T02:57:23
2.78070	-50.90744	0	52	2021-10-24T03:02:24
2.78059	-50.90756	0	52	2021-10-24T03:07:22
2.78067	-50.90762	0	52	2021-10-24T03:17:56
2.78063	-50.90762	0	52	2021-10-24T03:22:55
2.78059	-50.90762	0	52	2021-10-24T03:27:55
2.78066	-50.90753	0	52	2021-10-24T03:37:26
2.78062	-50.90753	0	52	2021-10-24T03:42:26
2.78070	-50.90764	0	52	2021-10-24T03:52:26
2.78061	-50.90773	0	52	2021-10-24T03:57:26
2.78065	-50.90756	0	52	2021-10-24T04:02:27
2.78065	-50.90762	0	52	2021-10-24T04:07:24
2.78069	-50.90765	0	52	2021-10-24T04:22:25
2.78062	-50.90774	0	52	2021-10-24T04:42:22
2.78062	-50.90765	0	52	2021-10-24T04:47:22
2.78066	-50.90762	0	52	2021-10-24T05:57:19
2.78057	-50.90762	0	52	2021-10-24T06:02:19
2.78070	-50.90765	0	52	2021-10-24T06:22:26
2.78066	-50.90765	0	52	2021-10-24T06:27:25
2.78062	-50.90765	0	52	2021-10-24T06:32:25
2.78077	-50.90768	0	52	2021-10-24T06:37:26
2.78077	-50.90765	0	52	2021-10-24T06:57:30
2.78072	-50.90759	0	52	2021-10-24T07:02:33
2.78081	-50.90768	0	52	2021-10-24T07:12:32
2.78072	-50.90765	0	52	2021-10-24T07:17:30
2.78073	-50.90756	0	52	2021-10-24T07:27:30
2.78071	-50.90765	0	52	2021-10-24T07:32:32
2.78082	-50.90756	0	52	2021-10-24T07:37:29
2.78073	-50.90762	0	52	2021-10-24T07:42:28
2.78077	-50.90768	0	52	2021-10-24T07:47:29
2.78077	-50.90759	0	52	2021-10-24T07:57:28
2.78078	-50.90765	0	52	2021-10-24T08:07:30
2.78069	-50.90765	0	52	2021-10-24T08:17:31
2.78068	-50.90771	0	52	2021-10-24T08:57:41
2.78077	-50.90771	0	52	2021-10-24T09:02:40
2.78073	-50.90771	0	52	2021-10-24T09:07:41
2.78071	-50.90771	0	52	2021-10-24T09:17:41
2.78075	-50.90771	0	52	2021-10-24T09:22:40
2.78070	-50.90769	0	52	2021-10-24T09:32:44
2.78066	-50.90769	0	52	2021-10-24T09:37:44
2.78075	-50.90778	0	52	2021-10-24T09:42:43
2.78067	-50.90771	0	52	2021-10-24T09:47:46
2.78070	-50.90771	0	52	2021-10-24T09:52:48
2.78066	-50.90771	0	52	2021-10-24T10:02:49
2.78067	-50.90771	0	52	2021-10-24T10:07:51
2.78071	-50.90771	0	52	2021-10-24T10:12:58
2.78067	-50.90771	0	52	2021-10-24T10:22:57
2.78062	-50.90765	0	52	2021-10-24T10:28:52
2.78062	-50.90771	0	52	2021-10-24T10:32:58
2.78057	-50.90778	0	52	2021-10-24T10:57:55
2.78059	-50.90771	0	52	2021-10-24T11:02:53
2.78057	-50.90778	0	52	2021-10-24T11:07:54
2.78071	-50.90766	0	52	2021-10-24T12:27:48
2.78067	-50.90775	0	52	2021-10-24T12:37:49
2.78064	-50.90771	0	52	2021-10-24T12:42:50
2.78068	-50.90771	0	52	2021-10-24T12:47:50
2.78064	-50.90771	0	52	2021-10-24T12:52:49
2.78066	-50.90765	0	52	2021-10-24T12:57:48
2.78063	-50.90756	0	52	2021-10-24T13:07:47
2.78067	-50.90756	0	52	2021-10-24T13:12:48
2.78065	-50.90765	0	52	2021-10-24T13:17:45
2.78064	-50.90765	0	52	2021-10-24T13:22:45
2.78060	-50.90765	0	52	2021-10-24T13:32:44
2.78059	-50.90771	0	52	2021-10-24T13:37:40
2.78072	-50.90765	0	52	2021-10-24T13:57:39
2.78063	-50.90774	0	52	2021-10-24T14:07:37
2.78072	-50.90765	0	52	2021-10-24T14:17:36
2.78077	-50.90759	0	52	2021-10-24T15:02:44
2.78073	-50.90759	0	52	2021-10-24T15:07:44
2.78066	-50.90765	0	52	2021-10-24T15:18:29
2.78070	-50.90756	0	52	2021-10-24T15:22:46
2.78057	-50.90756	0	52	2021-10-24T15:28:30
2.78068	-50.90759	0	52	2021-10-24T15:47:46
2.78064	-50.90762	0	52	2021-10-24T16:02:46
2.78060	-50.90762	0	52	2021-10-24T16:12:47
2.78069	-50.90765	0	52	2021-10-24T16:28:26
2.78070	-50.90774	0	52	2021-10-24T16:57:51
2.78070	-50.90765	0	52	2021-10-24T17:02:52
2.78066	-50.90765	0	52	2021-10-24T17:07:52
2.78070	-50.90762	0	52	2021-10-24T17:12:50
2.78074	-50.90762	0	52	2021-10-24T17:17:51
2.78070	-50.90771	0	52	2021-10-24T17:22:51
2.78060	-50.90765	0	52	2021-10-24T18:32:52
2.78057	-50.90756	0	52	2021-10-24T18:47:55
2.78066	-50.90765	0	52	2021-10-24T18:52:55
2.78057	-50.90765	0	52	2021-10-24T18:57:55
2.78062	-50.90765	0	52	2021-10-24T19:17:55
2.78057	-50.90765	0	52	2021-10-24T19:37:55
2.78068	-50.90771	0	52	2021-10-24T19:42:53
2.78064	-50.90771	0	52	2021-10-24T19:52:53
2.78058	-50.90765	0	52	2021-10-24T19:57:51
2.78062	-50.90756	0	52	2021-10-24T20:17:55
2.78075	-50.90762	0	52	2021-10-24T20:42:49
2.78079	-50.90762	0	52	2021-10-24T20:47:49
2.78070	-50.90762	0	52	2021-10-24T20:52:49
2.78068	-50.90756	0	52	2021-10-24T21:07:47
2.78069	-50.90754	0	52	2021-10-24T21:18:29
2.78065	-50.90754	0	52	2021-10-24T21:23:29
2.78069	-50.90771	0	52	2021-10-24T21:28:30
2.78065	-50.90762	0	52	2021-10-24T21:37:53
2.78065	-50.90765	0	52	2021-10-24T21:42:50
2.78065	-50.90771	0	52	2021-10-24T21:47:52
2.78073	-50.90775	0	52	2021-10-24T21:52:52
2.78059	-50.90765	0	52	2021-10-24T21:57:53
2.78055	-50.90765	0	52	2021-10-24T22:02:54
2.78064	-50.90765	0	52	2021-10-24T22:07:54
2.78064	-50.90762	0	52	2021-10-24T22:18:35
2.78060	-50.90771	0	52	2021-10-24T22:23:35
2.78064	-50.90762	0	52	2021-10-24T22:28:35
2.78068	-50.90765	0	52	2021-10-24T22:32:51
2.78066	-50.90771	0	52	2021-10-24T22:42:49
2.78062	-50.90771	0	52	2021-10-24T22:47:50
2.78074	-50.90765	0	52	2021-10-24T22:52:51
2.78066	-50.90768	0	52	2021-10-24T23:07:49
2.78065	-50.90747	0	52	2021-10-25T00:07:49
2.78065	-50.90756	0	52	2021-10-25T00:17:50
2.78060	-50.90765	0	52	2021-10-25T00:22:47
2.78064	-50.90762	0	52	2021-10-25T00:37:46
2.78061	-50.90765	0	52	2021-10-25T00:42:49
2.78061	-50.90762	0	52	2021-10-25T00:52:44
2.78071	-50.90767	0	52	2021-10-25T01:07:46
2.78075	-50.90767	0	52	2021-10-25T01:12:45
2.78071	-50.90750	0	52	2021-10-25T01:17:45
2.78070	-50.90756	0	52	2021-10-25T01:22:44
2.78059	-50.90756	0	52	2021-10-25T01:52:43
2.78072	-50.90756	0	52	2021-10-25T01:57:44
2.78076	-50.90747	0	52	2021-10-25T02:02:44
2.78071	-50.90750	0	52	2021-10-25T02:18:03
2.78067	-50.90750	0	52	2021-10-25T02:23:03
2.78071	-50.90750	0	52	2021-10-25T02:28:03
2.78064	-50.90747	0	52	2021-10-25T02:47:37
2.78068	-50.90747	0	52	2021-10-25T02:52:38
2.78064	-50.90747	0	52	2021-10-25T02:57:38
2.78063	-50.90750	0	52	2021-10-25T03:02:36
2.78054	-50.90750	0	52	2021-10-25T03:07:37
2.78058	-50.90765	0	52	2021-10-25T03:12:37
2.78061	-50.90770	0	52	2021-10-25T03:17:58
2.78061	-50.90753	0	52	2021-10-25T03:27:59
2.78062	-50.90756	0	52	2021-10-25T03:32:34
2.78065	-50.90765	0	52	2021-10-25T03:37:30
2.78061	-50.90765	0	52	2021-10-25T03:42:30
2.78065	-50.90765	0	52	2021-10-25T03:47:29
2.78066	-50.90765	0	52	2021-10-25T03:52:29
2.78065	-50.90768	0	52	2021-10-25T04:02:30
2.78065	-50.90759	0	52	2021-10-25T04:07:30
2.78064	-50.90769	0	52	2021-10-25T04:12:28
2.78073	-50.90778	0	52	2021-10-25T04:17:28
2.78058	-50.90765	0	52	2021-10-25T04:42:28
2.78054	-50.90765	0	52	2021-10-25T05:17:21
2.78064	-50.90775	0	52	2021-10-25T05:37:19
2.78060	-50.90771	0	52	2021-10-25T05:42:17
2.78060	-50.90775	0	52	2021-10-25T05:47:18
2.78062	-50.90773	0	52	2021-10-25T05:52:18
2.78062	-50.90756	0	52	2021-10-25T05:57:18
2.78066	-50.90770	0	52	2021-10-25T06:12:22
2.78070	-50.90753	0	52	2021-10-25T06:22:21
2.78068	-50.90765	0	52	2021-10-25T06:28:00
2.78064	-50.90768	0	52	2021-10-25T06:32:26
2.78060	-50.90768	0	52	2021-10-25T06:37:26
2.78067	-50.90771	0	52	2021-10-25T06:42:26
2.78074	-50.90768	0	52	2021-10-25T06:47:29
2.78065	-50.90768	0	52	2021-10-25T06:52:29
2.78061	-50.90768	0	52	2021-10-25T06:57:30
2.78081	-50.90762	0	52	2021-10-25T07:02:29
2.78060	-50.90778	0	52	2021-10-25T07:32:27
2.78073	-50.90769	0	52	2021-10-25T07:37:26
2.78060	-50.90778	0	52	2021-10-25T07:42:26
2.78079	-50.90759	0	52	2021-10-25T07:47:30
2.78071	-50.90762	0	52	2021-10-25T07:57:31
2.78059	-50.90771	0	52	2021-10-25T08:52:34
2.78068	-50.90792	0	52	2021-10-25T09:02:32
2.78077	-50.90792	0	52	2021-10-25T09:07:33
2.78073	-50.90775	0	52	2021-10-25T09:12:33
2.78071	-50.90774	0	52	2021-10-25T09:22:35
2.78064	-50.90778	0	52	2021-10-25T09:28:10
2.78062	-50.90765	0	52	2021-10-25T09:32:34
2.78062	-50.90778	0	52	2021-10-25T09:47:31
2.78066	-50.90775	0	52	2021-10-25T09:52:29
2.78063	-50.90771	0	52	2021-10-25T10:02:34
2.78059	-50.90771	0	52	2021-10-25T10:07:34
2.78057	-50.90762	0	52	2021-10-25T10:12:32
2.78064	-50.90756	0	52	2021-10-25T10:22:27
2.78064	-50.90765	0	52	2021-10-25T10:32:28
2.78053	-50.90765	0	52	2021-10-25T10:52:26
2.78059	-50.90772	0	52	2021-10-25T11:02:25
2.78059	-50.90765	0	52	2021-10-25T11:07:26
2.78055	-50.90781	0	52	2021-10-25T11:12:26
2.78065	-50.90771	0	52	2021-10-25T11:42:27
2.78068	-50.90773	0	52	2021-10-25T12:12:28
2.78068	-50.90782	0	52	2021-10-25T12:17:27
2.78064	-50.90765	0	52	2021-10-25T12:22:28
2.78062	-50.90768	0	52	2021-10-25T12:42:30
2.78057	-50.90765	0	52	2021-10-25T12:47:32
2.78057	-50.90768	0	52	2021-10-25T12:52:28
2.78057	-50.90759	0	52	2021-10-25T12:57:28
2.78066	-50.90762	0	52	2021-10-25T13:02:27
2.78065	-50.90775	0	52	2021-10-25T13:12:33
2.78062	-50.90771	0	52	2021-10-25T13:17:30
2.78065	-50.90775	0	52	2021-10-25T13:22:34
2.78068	-50.90758	0	52	2021-10-25T13:32:36
2.78077	-50.90741	0	52	2021-10-25T13:37:37
2.78073	-50.90750	0	52	2021-10-25T13:42:37
2.78058	-50.90771	0	52	2021-10-25T15:07:36
2.78062	-50.90779	0	52	2021-10-25T15:18:02
2.78062	-50.90762	0	52	2021-10-25T15:23:02
2.78062	-50.90771	0	52	2021-10-25T15:28:02
2.78064	-50.90762	0	52	2021-10-25T15:32:33
2.78059	-50.90756	0	52	2021-10-25T15:37:34
2.78061	-50.90762	0	52	2021-10-25T15:52:36
2.78057	-50.90761	0	52	2021-10-25T16:22:30
2.78066	-50.90778	0	52	2021-10-25T16:27:31
2.78066	-50.90787	0	52	2021-10-25T16:32:31
2.78068	-50.90771	0	52	2021-10-25T16:37:32
2.78071	-50.90756	0	52	2021-10-25T17:57:27
2.78088	-50.90759	0	52	2021-10-25T18:02:27
2.78075	-50.90756	0	52	2021-10-25T18:07:28
2.78078	-50.90765	0	52	2021-10-25T18:12:30
2.78074	-50.90756	0	52	2021-10-25T18:17:31
2.78073	-50.90768	0	52	2021-10-25T18:32:34
2.78064	-50.90768	0	52	2021-10-25T18:42:35
2.78074	-50.90768	0	52	2021-10-25T18:57:41
2.78070	-50.90768	0	52	2021-10-25T19:02:41
2.78066	-50.90768	0	52	2021-10-25T19:12:40
2.78065	-50.90756	0	52	2021-10-25T19:17:40
2.78062	-50.90768	0	52	2021-10-25T19:22:40
2.78062	-50.90765	0	52	2021-10-25T20:42:29
2.78066	-50.90765	0	52	2021-10-25T20:47:29
2.78062	-50.90765	0	52	2021-10-25T20:57:31
2.78055	-50.90756	0	52	2021-10-25T21:07:30
2.78059	-50.90765	0	52	2021-10-25T21:12:30
2.78069	-50.90771	0	52	2021-10-25T21:17:27
2.78068	-50.90759	0	52	2021-10-25T21:32:32
2.78066	-50.90765	0	52	2021-10-25T21:52:36
2.78069	-50.90771	0	52	2021-10-25T21:57:37
2.78064	-50.90765	0	52	2021-10-26T00:12:38
2.78060	-50.90765	0	52	2021-10-26T00:22:39
2.78053	-50.90765	0	52	2021-10-26T00:37:38
2.78053	-50.90756	0	52	2021-10-26T00:42:39
2.78055	-50.90771	0	52	2021-10-26T00:47:38
2.78062	-50.90756	0	52	2021-10-26T00:52:36
2.78066	-50.90756	0	52	2021-10-26T00:57:36
2.78075	-50.90756	0	52	2021-10-26T01:02:35
2.78079	-50.90750	0	52	2021-10-26T01:27:41
2.78081	-50.90759	0	52	2021-10-26T01:32:40
2.78072	-50.90759	0	52	2021-10-26T01:37:41
2.78081	-50.90750	0	52	2021-10-26T01:42:41
2.78062	-50.90768	0	52	2021-10-26T02:57:32
2.78064	-50.90775	0	52	2021-10-26T03:12:34
2.78047	-50.90765	0	52	2021-10-26T03:17:37
2.78058	-50.90778	0	52	2021-10-26T03:33:20
2.78067	-50.90787	0	52	2021-10-26T03:38:20
2.78058	-50.90778	0	52	2021-10-26T04:02:31
2.78062	-50.90778	0	52	2021-10-26T04:12:32
2.78062	-50.90771	0	52	2021-10-26T04:17:30
2.78065	-50.90778	0	52	2021-10-26T04:32:35
2.78062	-50.90771	0	52	2021-10-26T04:47:38
2.78061	-50.90775	0	52	2021-10-26T05:22:37
2.78060	-50.90775	0	52	2021-10-26T05:27:36
2.78064	-50.90771	0	52	2021-10-26T05:32:35
2.78062	-50.90780	0	52	2021-10-26T05:37:35
2.78066	-50.90771	0	52	2021-10-26T05:47:36
2.78064	-50.90771	0	52	2021-10-26T06:02:39
2.78062	-50.90771	0	52	2021-10-26T06:07:41
2.78067	-50.90771	0	52	2021-10-26T06:17:46
2.78063	-50.90771	0	52	2021-10-26T06:22:47
2.78059	-50.90771	0	52	2021-10-26T06:27:47
2.78064	-50.90771	0	52	2021-10-26T06:32:45
2.78056	-50.90771	0	52	2021-10-26T06:37:45
2.78060	-50.90771	0	52	2021-10-26T06:42:45
2.78066	-50.90765	0	52	2021-10-26T07:07:49
2.78068	-50.90771	0	52	2021-10-26T07:12:51
2.78065	-50.90768	0	52	2021-10-26T07:27:51
2.78068	-50.90765	0	52	2021-10-26T07:33:26
2.78064	-50.90765	0	52	2021-10-26T07:38:26
2.78070	-50.90756	0	52	2021-10-26T07:47:54
2.78066	-50.90756	0	52	2021-10-26T07:57:56
2.78066	-50.90765	0	52	2021-10-26T08:02:56
2.78062	-50.90765	0	52	2021-10-26T08:07:57
2.78073	-50.90774	0	52	2021-10-26T08:48:00
2.78073	-50.90765	0	52	2021-10-26T08:58:01
2.78067	-50.90765	0	52	2021-10-26T09:13:00
2.78054	-50.90765	0	52	2021-10-26T09:18:00
2.78064	-50.90771	0	52	2021-10-26T09:32:56
2.78047	-50.90765	0	52	2021-10-26T09:37:57
2.78062	-50.90773	0	52	2021-10-26T09:48:01
2.78066	-50.90782	0	52	2021-10-26T09:53:00
2.78062	-50.90765	0	52	2021-10-26T09:58:01
2.78066	-50.90771	0	52	2021-10-26T10:03:02
2.78059	-50.90756	0	52	2021-10-26T10:18:04
2.78066	-50.90765	0	52	2021-10-26T10:28:02
2.78062	-50.90768	0	52	2021-10-26T10:33:01
2.78066	-50.90765	0	52	2021-10-26T10:38:03
2.78069	-50.90750	0	52	2021-10-26T11:32:54
2.78058	-50.90765	0	52	2021-10-26T11:37:54
2.78054	-50.90756	0	52	2021-10-26T11:42:54
2.78058	-50.90765	0	52	2021-10-26T11:47:53
2.78072	-50.90778	0	52	2021-10-26T11:57:50
2.78072	-50.90761	0	52	2021-10-26T12:02:51
2.78072	-50.90778	0	52	2021-10-26T12:07:51
2.78072	-50.90780	0	52	2021-10-26T12:17:54
2.78072	-50.90771	0	52	2021-10-26T12:27:54
2.78073	-50.90771	0	52	2021-10-26T12:33:28
2.78060	-50.90754	0	52	2021-10-26T12:38:28
2.78069	-50.90771	0	52	2021-10-26T12:43:29
2.78066	-50.90768	0	52	2021-10-26T12:47:55
2.78066	-50.90762	0	52	2021-10-26T12:57:53
2.78066	-50.90771	0	52	2021-10-26T13:02:54
2.78075	-50.90753	0	52	2021-10-26T13:12:55
2.78066	-50.90762	0	52	2021-10-26T13:17:55
2.78057	-50.90762	0	52	2021-10-26T13:22:54
2.78055	-50.90775	0	52	2021-10-26T13:28:01
2.78096	-50.90735	0	52	2021-10-26T13:58:06
2.78068	-50.90759	0	52	2021-10-26T14:28:12
2.78064	-50.90759	0	52	2021-10-26T14:33:12
2.78077	-50.90750	0	52	2021-10-26T14:38:11
2.78066	-50.90765	0	52	2021-10-26T14:58:16
2.78066	-50.90778	0	52	2021-10-26T15:03:11
2.78062	-50.90778	0	52	2021-10-26T15:08:11
2.78075	-50.90787	0	52	2021-10-26T15:13:12
2.78066	-50.90771	0	52	2021-10-26T15:18:13
2.78073	-50.90762	0	52	2021-10-26T15:23:11
2.78061	-50.90765	0	52	2021-10-26T15:33:34
2.78061	-50.90774	0	52	2021-10-26T15:38:34
2.78061	-50.90765	0	52	2021-10-26T15:43:33
2.78062	-50.90771	0	52	2021-10-26T15:53:08
2.78058	-50.90765	0	52	2021-10-26T15:58:05
2.78060	-50.90765	0	52	2021-10-26T16:13:07
2.78079	-50.90768	0	52	2021-10-26T17:53:05
2.78071	-50.90757	0	52	2021-10-26T17:58:03
2.78092	-50.90774	0	52	2021-10-26T18:03:03
2.78079	-50.90765	0	52	2021-10-26T18:08:04
2.78066	-50.90771	0	52	2021-10-26T18:18:08
2.78080	-50.90771	0	52	2021-10-26T18:23:06
2.78083	-50.90771	0	52	2021-10-26T18:28:07
2.78053	-50.90778	0	52	2021-10-26T18:33:05
2.78065	-50.90762	0	52	2021-10-26T18:43:30
2.78083	-50.90768	0	52	2021-10-26T18:48:09
2.78074	-50.90750	0	52	2021-10-26T19:13:11
2.78079	-50.90759	0	52	2021-10-26T19:48:09
2.78093	-50.90753	0	52	2021-10-26T20:13:10
2.78076	-50.90753	0	52	2021-10-26T20:18:10
2.78072	-50.90753	0	52	2021-10-26T20:23:10
2.78090	-50.90762	0	52	2021-10-26T20:28:08
2.78081	-50.90762	0	52	2021-10-26T20:38:09
2.78062	-50.90765	0	52	2021-10-26T20:58:09
2.78065	-50.90762	0	52	2021-10-26T21:13:09
2.78065	-50.90771	0	52	2021-10-26T21:18:09
2.78061	-50.90756	0	52	2021-10-26T21:28:07
2.78074	-50.90773	0	52	2021-10-26T21:33:08
2.78061	-50.90756	0	52	2021-10-26T21:38:08
2.78065	-50.90762	0	52	2021-10-26T21:53:04
2.78066	-50.90759	0	52	2021-10-26T21:58:05
2.78066	-50.90750	0	52	2021-10-26T22:03:05
2.78072	-50.90759	0	52	2021-10-26T22:08:03
2.78068	-50.90750	0	52	2021-10-26T22:13:03
2.78072	-50.90759	0	52	2021-10-26T22:18:04
2.78070	-50.90750	0	52	2021-10-26T22:23:05
2.78067	-50.90756	0	52	2021-10-26T23:38:10
2.78071	-50.90756	0	52	2021-10-26T23:43:11
2.78071	-50.90747	0	52	2021-10-26T23:48:11
2.78061	-50.90748	0	52	2021-10-27T00:08:12
2.78061	-50.90765	0	52	2021-10-27T00:13:12
2.78059	-50.90756	0	52	2021-10-27T00:23:14
2.78060	-50.90750	0	52	2021-10-27T00:28:15
2.78066	-50.90741	0	52	2021-10-27T00:38:12
2.78066	-50.90750	0	52	2021-10-27T00:48:11
2.78064	-50.90765	0	52	2021-10-27T00:54:18
2.78077	-50.90756	0	52	2021-10-27T01:08:10
2.78076	-50.90747	0	52	2021-10-27T02:08:05
2.78069	-50.90750	0	52	2021-10-27T02:13:06
2.78065	-50.90750	0	52	2021-10-27T02:18:06
2.78074	-50.90750	0	52	2021-10-27T02:23:06
2.78075	-50.90741	0	52	2021-10-27T02:28:04
2.78079	-50.90750	0	52	2021-10-27T02:33:04
2.78079	-50.90741	0	52	2021-10-27T02:38:03
2.78072	-50.90750	0	52	2021-10-27T02:43:02
2.78081	-50.90765	0	52	2021-10-27T02:53:04
2.78068	-50.90765	0	52	2021-10-27T02:58:03
2.78072	-50.90765	0	52	2021-10-27T03:03:03
2.78068	-50.90777	0	52	2021-10-27T03:08:06
2.78068	-50.90768	0	52	2021-10-27T03:18:05
2.78066	-50.90765	0	52	2021-10-27T03:23:05
2.78061	-50.90765	0	52	2021-10-27T03:33:08
2.78071	-50.90759	0	52	2021-10-27T03:38:04
2.78066	-50.90765	0	52	2021-10-27T03:43:08
2.78064	-50.90775	0	52	2021-10-27T03:48:03
2.78061	-50.90762	0	52	2021-10-27T04:18:04
2.78061	-50.90753	0	52	2021-10-27T04:23:04
2.78063	-50.90769	0	52	2021-10-27T04:52:58
2.78054	-50.90778	0	52	2021-10-27T04:57:59
2.78061	-50.90771	0	52	2021-10-27T05:17:59
2.78057	-50.90771	0	52	2021-10-27T05:23:00
2.78053	-50.90771	0	52	2021-10-27T05:28:00
2.78066	-50.90771	0	52	2021-10-27T05:33:01
2.78059	-50.90762	0	52	2021-10-27T05:43:38
2.78065	-50.90765	0	52	2021-10-27T05:47:57
2.78059	-50.90753	0	52	2021-10-27T05:53:38
2.78061	-50.90753	0	52	2021-10-27T05:57:55
2.78057	-50.90753	0	52	2021-10-27T06:02:55
2.78057	-50.90762	0	52	2021-10-27T06:07:56
2.78056	-50.90756	0	52	2021-10-27T06:12:56
2.78055	-50.90762	0	52	2021-10-27T06:17:51
2.78068	-50.90762	0	52	2021-10-27T06:22:51
2.78064	-50.90762	0	52	2021-10-27T06:27:51
2.78073	-50.90762	0	52	2021-10-27T06:32:52
2.78066	-50.90765	0	52	2021-10-27T06:37:50
2.78072	-50.90765	0	52	2021-10-27T07:02:51
2.78068	-50.90765	0	52	2021-10-27T07:07:51
2.78072	-50.90765	0	52	2021-10-27T07:12:51
2.78077	-50.90762	0	52	2021-10-27T07:22:53
2.78068	-50.90762	0	52	2021-10-27T07:27:54
2.78068	-50.90765	0	52	2021-10-27T08:12:57
2.78065	-50.90768	0	52	2021-10-27T08:17:59
2.78061	-50.90768	0	52	2021-10-27T08:22:59
2.78068	-50.90765	0	52	2021-10-27T08:33:02
2.78072	-50.90765	0	52	2021-10-27T08:38:02
2.78076	-50.90756	0	52	2021-10-27T08:43:02
2.78072	-50.90771	0	52	2021-10-27T08:48:01
2.78077	-50.90774	0	52	2021-10-27T08:53:02
2.78068	-50.90765	0	52	2021-10-27T09:03:03
2.78070	-50.90753	0	52	2021-10-27T09:13:01
2.78074	-50.90753	0	52	2021-10-27T09:18:01
2.78070	-50.90753	0	52	2021-10-27T09:23:01
2.78067	-50.90762	0	52	2021-10-27T09:27:55
2.78076	-50.90771	0	52	2021-10-27T09:32:56
2.78072	-50.90771	0	52	2021-10-27T09:37:56
2.78067	-50.90756	0	52	2021-10-27T09:42:57
2.78065	-50.90768	0	52	2021-10-27T09:52:52
2.78071	-50.90771	0	52	2021-10-27T09:57:56
2.78060	-50.90768	0	52	2021-10-27T10:02:53
2.78053	-50.90766	0	52	2021-10-27T10:32:47
2.78049	-50.90775	0	52	2021-10-27T10:37:48
2.78058	-50.90775	0	52	2021-10-27T10:42:48
2.78064	-50.90781	0	52	2021-10-27T11:07:49
2.78060	-50.90781	0	52	2021-10-27T11:12:49
2.78079	-50.90765	0	52	2021-10-27T11:22:49
2.78066	-50.90765	0	52	2021-10-27T11:32:50
2.78063	-50.90771	0	52	2021-10-27T11:47:51
2.78059	-50.90762	0	52	2021-10-27T11:52:50
2.78064	-50.90768	0	52	2021-10-27T12:17:54
2.78068	-50.90762	0	52	2021-10-27T12:22:55
2.78064	-50.90762	0	52	2021-10-27T12:27:55
2.78065	-50.90759	0	52	2021-10-27T12:32:56
2.78064	-50.90762	0	52	2021-10-27T12:42:57
2.78064	-50.90771	0	52	2021-10-27T12:47:56
2.78065	-50.90762	0	52	2021-10-27T12:52:59
2.78097	-50.90737	0	52	2021-10-27T13:03:06
2.78069	-50.90768	0	52	2021-10-27T13:08:02
2.78050	-50.90771	0	52	2021-10-27T13:13:07
2.78063	-50.90771	0	52	2021-10-27T13:22:58
2.78076	-50.90771	0	52	2021-10-27T13:32:59
2.78070	-50.90774	0	52	2021-10-27T13:58:00
2.78070	-50.90765	0	52	2021-10-27T14:03:00
2.78070	-50.90756	0	52	2021-10-27T14:08:01
2.78064	-50.90771	0	52	2021-10-27T14:22:48
2.78062	-50.90769	0	52	2021-10-27T14:32:49
2.78058	-50.90778	0	52	2021-10-27T14:42:48
2.78065	-50.90768	0	52	2021-10-27T15:07:48
2.78066	-50.90768	0	52	2021-10-27T15:22:51
2.78064	-50.90768	0	52	2021-10-27T15:37:54
2.78068	-50.90768	0	52	2021-10-27T15:47:55
2.78056	-50.90771	0	52	2021-10-27T16:22:49
2.78079	-50.90771	0	52	2021-10-27T17:17:47
2.78070	-50.90765	0	52	2021-10-27T17:27:45
2.78074	-50.90765	0	52	2021-10-27T17:32:46
2.78074	-50.90774	0	52	2021-10-27T17:42:44
2.78061	-50.90765	0	52	2021-10-27T17:47:45
2.78074	-50.90765	0	52	2021-10-27T17:52:45
2.78073	-50.90771	0	52	2021-10-27T18:02:44
2.78060	-50.90771	0	52	2021-10-27T18:07:44
2.78056	-50.90762	0	52	2021-10-27T18:12:45
2.78059	-50.90762	0	52	2021-10-27T18:17:42
2.78065	-50.90765	0	52	2021-10-27T18:22:40
2.78061	-50.90765	0	52	2021-10-27T18:32:41
2.78062	-50.90768	0	52	2021-10-27T18:37:42
2.78073	-50.90762	0	52	2021-10-27T20:12:43
2.78077	-50.90762	0	52	2021-10-27T20:22:43
2.78076	-50.90765	0	52	2021-10-27T20:27:44
2.78075	-50.90759	0	52	2021-10-27T20:32:45
2.78079	-50.90759	0	52	2021-10-27T20:42:44
2.78068	-50.90765	0	52	2021-10-27T20:59:20
2.78053	-50.90742	0	52	2021-10-27T21:12:40
2.78070	-50.90776	0	52	2021-10-27T21:17:39
2.78057	-50.90759	0	52	2021-10-27T21:22:39
2.78066	-50.90765	0	52	2021-10-27T21:27:44
2.78060	-50.90771	0	52	2021-10-27T21:57:41
2.78064	-50.90771	0	52	2021-10-27T22:02:42
2.78060	-50.90771	0	52	2021-10-27T22:07:42
2.78057	-50.90765	0	52	2021-10-27T22:27:39
2.78066	-50.90765	0	52	2021-10-27T22:37:40
2.78068	-50.90760	0	52	2021-10-27T23:02:49
2.78067	-50.90750	0	52	2021-10-27T23:07:44
2.78072	-50.90768	0	52	2021-10-27T23:12:49
2.78072	-50.90750	0	52	2021-10-27T23:27:45
2.78063	-50.90750	0	52	2021-10-27T23:32:45
2.78067	-50.90750	0	52	2021-10-27T23:37:44
2.78068	-50.90755	0	52	2021-10-27T23:42:41
2.78064	-50.90764	0	52	2021-10-27T23:47:41
2.78064	-50.90747	0	52	2021-10-27T23:52:42
2.78061	-50.90765	0	52	2021-10-28T00:02:47
2.78065	-50.90756	0	52	2021-10-28T00:12:46
2.78061	-50.90756	0	52	2021-10-28T00:17:46
2.78064	-50.90753	0	52	2021-10-28T00:37:49
2.78068	-50.90756	0	52	2021-10-28T00:53:31
2.78077	-50.90756	0	52	2021-10-28T00:58:31
2.78087	-50.90748	0	52	2021-10-28T01:17:49
2.78083	-50.90748	0	52	2021-10-28T01:22:49
2.78087	-50.90765	0	52	2021-10-28T01:27:50
2.78061	-50.90765	0	52	2021-10-28T01:57:47
2.78070	-50.90756	0	52	2021-10-28T02:02:47
2.78066	-50.90765	0	52	2021-10-28T02:07:46
2.78071	-50.90756	0	52	2021-10-28T02:22:41
2.78072	-50.90756	0	52	2021-10-28T02:27:41
2.78065	-50.90753	0	52	2021-10-28T02:37:42
2.78069	-50.90753	0	52	2021-10-28T02:42:41
2.78068	-50.90756	0	52	2021-10-28T02:47:40
2.78062	-50.90771	0	52	2021-10-28T02:57:36
2.78059	-50.90771	0	52	2021-10-28T03:02:40
2.78066	-50.90771	0	52	2021-10-28T03:07:37
2.78069	-50.90760	0	52	2021-10-28T03:17:34
2.78073	-50.90750	0	52	2021-10-28T03:22:35
2.78073	-50.90768	0	52	2021-10-28T03:27:33
2.78062	-50.90759	0	52	2021-10-28T03:32:30
2.78071	-50.90768	0	52	2021-10-28T03:42:31
2.78065	-50.90771	0	52	2021-10-28T03:47:28
2.78072	-50.90774	0	52	2021-10-28T04:02:24
2.78068	-50.90765	0	52	2021-10-28T04:12:24
2.78067	-50.90771	0	52	2021-10-28T05:37:21
2.78072	-50.90765	0	52	2021-10-28T05:48:09
2.78068	-50.90765	0	52	2021-10-28T05:58:10
2.78061	-50.90768	0	52	2021-10-28T06:02:16
2.78057	-50.90768	0	52	2021-10-28T06:12:15
2.78062	-50.90771	0	52	2021-10-28T06:17:16
2.78064	-50.90780	0	52	2021-10-28T06:27:17
2.78064	-50.90771	0	52	2021-10-28T06:37:18
2.78077	-50.90756	0	52	2021-10-28T06:42:20
2.78064	-50.90759	0	52	2021-10-28T07:07:17
2.78068	-50.90759	0	52	2021-10-28T07:17:18
2.78071	-50.90771	0	52	2021-10-28T08:12:19
2.78067	-50.90765	0	52	2021-10-28T08:22:20
2.78075	-50.90768	0	52	2021-10-28T08:27:17
2.78077	-50.90762	0	52	2021-10-28T08:37:16
2.78077	-50.90771	0	52	2021-10-28T08:42:16
2.78068	-50.90762	0	52	2021-10-28T08:47:15
2.78070	-50.90765	0	52	2021-10-28T08:52:13
2.78070	-50.90756	0	52	2021-10-28T08:57:12
2.78066	-50.90765	0	52	2021-10-28T09:02:13
2.78062	-50.90765	0	52	2021-10-28T09:22:12
2.78073	-50.90765	0	52	2021-10-28T09:27:09
2.78071	-50.90765	0	52	2021-10-28T09:32:11
2.78063	-50.90759	0	52	2021-10-28T09:37:11
2.78067	-50.90759	0	52	2021-10-28T09:47:12
2.78062	-50.90765	0	52	2021-10-28T10:07:07
2.78067	-50.90759	0	52	2021-10-28T10:52:01
2.78063	-50.90759	0	52	2021-10-28T10:57:01
2.78059	-50.90768	0	52	2021-10-28T11:02:02
2.78067	-50.90765	0	52	2021-10-28T11:07:00
2.78063	-50.90765	0	52	2021-10-28T11:12:00
2.78067	-50.90765	0	52	2021-10-28T11:17:01
2.78062	-50.90766	0	52	2021-10-28T11:26:55
2.78062	-50.90775	0	52	2021-10-28T11:36:54
2.78065	-50.90775	0	52	2021-10-28T11:47:28
2.78061	-50.90784	0	52	2021-10-28T11:52:27
2.78065	-50.90750	0	52	2021-10-28T11:57:27
2.78067	-50.90771	0	52	2021-10-28T12:17:03
2.78064	-50.90759	0	52	2021-10-28T12:22:04
2.78064	-50.90771	0	52	2021-10-28T12:27:05
2.78072	-50.90768	0	52	2021-10-28T12:32:05
2.78064	-50.90771	0	52	2021-10-28T12:37:04
2.78065	-50.90775	0	52	2021-10-28T13:12:13
2.78084	-50.90761	0	52	2021-10-28T13:42:09
2.78080	-50.90761	0	52	2021-10-28T13:47:08
2.78106	-50.90735	0	52	2021-10-28T13:52:08
2.78109	-50.90744	0	52	2021-10-28T13:57:08
2.78100	-50.90753	0	52	2021-10-28T14:02:07
2.78083	-50.90762	0	52	2021-10-28T14:07:07
2.78096	-50.90747	0	52	2021-10-28T14:12:05
2.78073	-50.90750	0	52	2021-10-28T14:22:03
2.78090	-50.90741	0	52	2021-10-28T14:27:03
2.78090	-50.90750	0	52	2021-10-28T14:32:04
2.78074	-50.90753	0	52	2021-10-28T14:57:11
2.78075	-50.90765	0	52	2021-10-28T15:02:09
2.78065	-50.90753	0	52	2021-10-28T15:07:10
2.78062	-50.90759	0	52	2021-10-28T15:17:08
2.78075	-50.90776	0	52	2021-10-28T15:22:08
2.78075	-50.90759	0	52	2021-10-28T15:27:09
2.78080	-50.90753	0	52	2021-10-28T15:32:10
2.78081	-50.90773	0	52	2021-10-28T15:57:07
2.78081	-50.90782	0	52	2021-10-28T16:02:08
2.78081	-50.90765	0	52	2021-10-28T16:07:08
2.78088	-50.90759	0	52	2021-10-28T16:17:09
2.78084	-50.90765	0	52	2021-10-28T16:22:07
2.78096	-50.90756	0	52	2021-10-28T16:27:08
2.78100	-50.90761	0	52	2021-10-28T16:52:34
2.78070	-50.90778	0	52	2021-10-28T16:57:33
2.78077	-50.90775	0	52	2021-10-28T17:02:11
2.78076	-50.90771	0	52	2021-10-28T17:07:11
2.78063	-50.90762	0	52	2021-10-28T17:12:12
2.78059	-50.90762	0	52	2021-10-28T17:17:12
2.78055	-50.90771	0	52	2021-10-28T17:22:12
2.78075	-50.90774	0	52	2021-10-28T17:27:07
2.78066	-50.90765	0	52	2021-10-28T17:37:08
2.78062	-50.90774	0	52	2021-10-28T17:47:29
2.78071	-50.90765	0	52	2021-10-28T17:52:29
2.78067	-50.90765	0	52	2021-10-28T17:57:28
2.78060	-50.90771	0	52	2021-10-28T18:02:01
2.78071	-50.90768	0	52	2021-10-28T18:37:03
2.78062	-50.90768	0	52	2021-10-28T18:42:04
2.78070	-50.90771	0	52	2021-10-28T20:02:02
2.78074	-50.90762	0	52	2021-10-28T20:07:03
2.78065	-50.90762	0	52	2021-10-28T20:12:03
2.78072	-50.90762	0	52	2021-10-28T20:17:07
2.78068	-50.90753	0	52	2021-10-28T20:22:06
2.78072	-50.90762	0	52	2021-10-28T20:27:07
2.78074	-50.90762	0	52	2021-10-28T20:32:06
2.78061	-50.90762	0	52	2021-10-28T21:07:02
2.78068	-50.90762	0	52	2021-10-28T21:12:01
2.78061	-50.90771	0	52	2021-10-28T21:22:00
2.78052	-50.90762	0	52	2021-10-28T21:27:00
2.78056	-50.90762	0	52	2021-10-28T21:31:59
2.78065	-50.90756	0	52	2021-10-28T22:32:00
2.78069	-50.90756	0	52	2021-10-28T22:41:59
2.78065	-50.90759	0	52	2021-10-28T23:02:02
2.78074	-50.90747	0	52	2021-10-28T23:11:56
2.78070	-50.90756	0	52	2021-10-28T23:21:57
2.78067	-50.90756	0	52	2021-10-28T23:36:57
2.78071	-50.90747	0	52	2021-10-28T23:41:57
2.78060	-50.90748	0	52	2021-10-28T23:47:32
2.78061	-50.90747	0	52	2021-10-28T23:51:54
2.78060	-50.90765	0	52	2021-10-28T23:57:31
2.78058	-50.90756	0	52	2021-10-29T00:01:57
2.78057	-50.90762	0	52	2021-10-29T00:06:55
2.78066	-50.90762	0	52	2021-10-29T00:11:55
2.78057	-50.90762	0	52	2021-10-29T00:16:56
2.78056	-50.90753	0	52	2021-10-29T00:21:53
2.78061	-50.90759	0	52	2021-10-29T00:51:57
2.78070	-50.90759	0	52	2021-10-29T00:56:56
2.78070	-50.90768	0	52	2021-10-29T01:01:56
2.78083	-50.90756	0	52	2021-10-29T01:21:55
2.78080	-50.90759	0	52	2021-10-29T01:32:00
2.78070	-50.90756	0	52	2021-10-29T02:21:54
2.78066	-50.90756	0	52	2021-10-29T02:26:55
2.78070	-50.90756	0	52	2021-10-29T02:31:55
2.78071	-50.90765	0	52	2021-10-29T02:41:56
2.78067	-50.90765	0	52	2021-10-29T02:46:55
2.78062	-50.90771	0	52	2021-10-29T03:06:55
2.78059	-50.90769	0	52	2021-10-29T03:11:59
2.78055	-50.90778	0	52	2021-10-29T03:17:00
2.78061	-50.90765	0	52	2021-10-29T03:22:00
2.78065	-50.90780	0	52	2021-10-29T03:42:03
2.78065	-50.90771	0	52	2021-10-29T03:52:02
2.78059	-50.90768	0	52	2021-10-29T04:37:12
2.78068	-50.90768	0	52	2021-10-29T04:42:11
2.78072	-50.90768	0	52	2021-10-29T04:47:11
2.78053	-50.90768	0	52	2021-10-29T04:52:28
2.78070	-50.90768	0	52	2021-10-29T04:57:28
2.78060	-50.90765	0	52	2021-10-29T05:02:09
2.78062	-50.90774	0	52	2021-10-29T05:12:08
2.78062	-50.90765	0	52	2021-10-29T05:17:09
2.78053	-50.90765	0	52	2021-10-29T05:22:09
2.78061	-50.90765	0	52	2021-10-29T05:27:07
2.78056	-50.90759	0	52	2021-10-29T05:52:45
2.78069	-50.90759	0	52	2021-10-29T05:57:46
2.78061	-50.90762	0	52	2021-10-29T06:02:08
2.78067	-50.90756	0	52	2021-10-29T06:07:05
2.78071	-50.90771	0	52	2021-10-29T06:32:01
2.78075	-50.90771	0	52	2021-10-29T06:37:00
2.78066	-50.90762	0	52	2021-10-29T06:42:00
2.78075	-50.90759	0	52	2021-10-29T06:46:58
2.78072	-50.90762	0	52	2021-10-29T07:32:01
2.78064	-50.90774	0	52	2021-10-29T07:42:03
2.78073	-50.90765	0	52	2021-10-29T07:47:04
2.78069	-50.90765	0	52	2021-10-29T07:52:04
2.78059	-50.90762	0	52	2021-10-29T07:57:43
2.78069	-50.90768	0	52	2021-10-29T08:07:07
2.78065	-50.90768	0	52	2021-10-29T08:12:07
2.78068	-50.90771	0	52	2021-10-29T08:17:05
2.78068	-50.90760	0	52	2021-10-29T08:22:08
2.78077	-50.90751	0	52	2021-10-29T08:27:07
2.78068	-50.90768	0	52	2021-10-29T08:32:08
2.78071	-50.90765	0	52	2021-10-29T08:47:07
2.78080	-50.90765	0	52	2021-10-29T08:52:07
2.78059	-50.90768	0	52	2021-10-29T08:57:54
2.78071	-50.90765	0	52	2021-10-29T09:02:13
2.78067	-50.90774	0	52	2021-10-29T09:07:13
2.78067	-50.90765	0	52	2021-10-29T09:12:13
2.78067	-50.90775	0	52	2021-10-29T09:27:10
2.78054	-50.90742	0	52	2021-10-29T09:32:11
2.78067	-50.90768	0	52	2021-10-29T09:37:11
2.78065	-50.90771	0	52	2021-10-29T09:47:13
2.78059	-50.90769	0	52	2021-10-29T10:07:15
2.78059	-50.90778	0	52	2021-10-29T10:12:14
2.78061	-50.90762	0	52	2021-10-29T11:12:19
2.78061	-50.90771	0	52	2021-10-29T11:17:19
2.78065	-50.90771	0	52	2021-10-29T11:22:18
2.78069	-50.90771	0	52	2021-10-29T11:47:18
2.78073	-50.90778	0	52	2021-10-29T12:02:39
2.78068	-50.90775	0	52	2021-10-29T12:17:18
2.78069	-50.90768	0	52	2021-10-29T12:22:16
2.78065	-50.90781	0	52	2021-10-29T12:27:16
2.78072	-50.90771	0	52	2021-10-29T13:27:22
2.78081	-50.90762	0	52	2021-10-29T13:32:21
2.78090	-50.90753	0	52	2021-10-29T13:37:21
2.78069	-50.90768	0	52	2021-10-29T13:42:22
2.78078	-50.90755	0	52	2021-10-29T14:02:14
2.78095	-50.90738	0	52	2021-10-29T14:07:14
2.78116	-50.90738	0	52	2021-10-29T14:12:14
2.78094	-50.90735	0	52	2021-10-29T14:17:13
2.78097	-50.90741	0	52	2021-10-29T14:27:14
2.78080	-50.90750	0	52	2021-10-29T14:32:14
2.78076	-50.90750	0	52	2021-10-29T14:37:13
2.78083	-50.90750	0	52	2021-10-29T14:52:11
2.78063	-50.90768	0	52	2021-10-29T15:12:09
2.78059	-50.90768	0	52	2021-10-29T15:17:08
2.78065	-50.90768	0	52	2021-10-29T15:37:11
2.78062	-50.90761	0	52	2021-10-29T16:02:11
2.78062	-50.90770	0	52	2021-10-29T16:07:12
2.78071	-50.90753	0	52	2021-10-29T16:12:12
2.78062	-50.90756	0	52	2021-10-29T16:22:11
2.78065	-50.90765	0	52	2021-10-29T16:27:12
2.78081	-50.90756	0	52	2021-10-29T16:42:10
2.78073	-50.90756	0	52	2021-10-29T16:47:08
2.78074	-50.90758	0	52	2021-10-29T16:53:14
2.78078	-50.90758	0	52	2021-10-29T16:58:14
2.78061	-50.90775	0	52	2021-10-29T17:03:14
2.78066	-50.90771	0	52	2021-10-29T17:07:07
2.78062	-50.90765	0	52	2021-10-29T17:12:09
2.78065	-50.90781	0	52	2021-10-29T17:17:12
2.78065	-50.90775	0	52	2021-10-29T17:22:12
2.78065	-50.90781	0	52	2021-10-29T17:27:11
2.78062	-50.90783	0	52	2021-10-29T17:32:14
2.78062	-50.90774	0	52	2021-10-29T17:37:13
2.78062	-50.90765	0	52	2021-10-29T17:42:13
2.78070	-50.90765	0	52	2021-10-29T17:47:15
2.78064	-50.90777	0	52	2021-10-29T17:52:38
2.78068	-50.90768	0	52	2021-10-29T17:57:39
2.78064	-50.90768	0	52	2021-10-29T18:02:39
2.78066	-50.90771	0	52	2021-10-29T18:07:14
2.78056	-50.90771	0	52	2021-10-29T18:42:19
2.78064	-50.90762	0	52	2021-10-29T19:12:16
2.78068	-50.90765	0	52	2021-10-29T19:27:12
2.78068	-50.90748	0	52	2021-10-29T19:32:13
2.78064	-50.90765	0	52	2021-10-29T19:37:13
2.78068	-50.90750	0	52	2021-10-29T19:42:14
2.78064	-50.90750	0	52	2021-10-29T19:47:15
2.78068	-50.90750	0	52	2021-10-29T19:52:15
2.78065	-50.90765	0	52	2021-10-29T19:57:17
2.78061	-50.90756	0	52	2021-10-29T20:07:21
2.78057	-50.90756	0	52	2021-10-29T20:12:20
2.78074	-50.90756	0	52	2021-10-29T20:17:20
2.78065	-50.90756	0	52	2021-10-29T20:42:20
2.78061	-50.90756	0	52	2021-10-29T20:52:19
2.78068	-50.90756	0	52	2021-10-29T20:57:22
2.78061	-50.90766	0	52	2021-10-29T21:27:28
2.78059	-50.90765	0	52	2021-10-29T21:32:25
2.78061	-50.90775	0	52	2021-10-29T21:37:27
2.78061	-50.90768	0	52	2021-10-29T22:12:56
2.78076	-50.90765	0	52	2021-10-29T22:32:20
2.78072	-50.90765	0	52	2021-10-29T22:37:21
2.78072	-50.90756	0	52	2021-10-29T22:42:21
2.78069	-50.90759	0	52	2021-10-29T22:57:17
2.78078	-50.90759	0	52	2021-10-29T23:02:17
2.78082	-50.90750	0	52	2021-10-29T23:07:17
2.78074	-50.90762	0	52	2021-10-29T23:17:13
2.78070	-50.90753	0	52	2021-10-29T23:22:13
2.78070	-50.90759	0	52	2021-10-29T23:27:10
2.78071	-50.90741	0	52	2021-10-29T23:37:11
2.78071	-50.90750	0	52	2021-10-29T23:47:10
2.78069	-50.90753	0	52	2021-10-30T00:07:10
2.78074	-50.90746	0	52	2021-10-30T00:17:14
2.78061	-50.90755	0	52	2021-10-30T00:22:13
2.78061	-50.90738	0	52	2021-10-30T00:27:13
2.78062	-50.90753	0	52	2021-10-30T00:42:15
2.78068	-50.90753	0	52	2021-10-30T00:57:15
2.78064	-50.90762	0	52	2021-10-30T01:02:15
2.78071	-50.90768	0	52	2021-10-30T01:32:16
2.78080	-50.90768	0	52	2021-10-30T01:37:16
2.78070	-50.90768	0	52	2021-10-30T01:47:14
2.78074	-50.90768	0	52	2021-10-30T01:52:13
2.78061	-50.90768	0	52	2021-10-30T01:57:13
2.78069	-50.90765	0	52	2021-10-30T02:07:57
2.78065	-50.90756	0	52	2021-10-30T02:12:57
2.78063	-50.90759	0	52	2021-10-30T02:27:15
2.78067	-50.90756	0	52	2021-10-30T02:32:15
2.78067	-50.90759	0	52	2021-10-30T02:37:16
2.78068	-50.90756	0	52	2021-10-30T03:07:10
2.78064	-50.90771	0	52	2021-10-30T03:13:08
2.78068	-50.90756	0	52	2021-10-30T03:17:10
2.78064	-50.90770	0	52	2021-10-30T03:32:09
2.78064	-50.90787	0	52	2021-10-30T03:37:08
2.78068	-50.90778	0	52	2021-10-30T03:42:08
2.78060	-50.90778	0	52	2021-10-30T04:47:06
2.78060	-50.90782	0	52	2021-10-30T05:02:06
2.78060	-50.90765	0	52	2021-10-30T05:07:06
2.78058	-50.90771	0	52	2021-10-30T05:22:05
2.78062	-50.90771	0	52	2021-10-30T05:27:05
2.78060	-50.90759	0	52	2021-10-30T05:32:10
2.78064	-50.90771	0	52	2021-10-30T05:42:08
2.78067	-50.90765	0	52	2021-10-30T06:03:17
2.78060	-50.90759	0	52	2021-10-30T06:07:06
2.78058	-50.90765	0	52	2021-10-30T06:13:16
2.78062	-50.90759	0	52	2021-10-30T06:22:08
2.78073	-50.90756	0	52	2021-10-30T06:47:13
2.78068	-50.90759	0	52	2021-10-30T07:47:14
2.78072	-50.90759	0	52	2021-10-30T07:52:13
2.78068	-50.90759	0	52	2021-10-30T07:57:13
2.78075	-50.90771	0	52	2021-10-30T08:07:11
2.78066	-50.90771	0	52	2021-10-30T08:12:12
2.78062	-50.90771	0	52	2021-10-30T08:17:12
2.78058	-50.90765	0	52	2021-10-30T08:22:10
2.78070	-50.90771	0	52	2021-10-30T08:57:04
2.78071	-50.90775	0	52	2021-10-30T09:07:03
2.78067	-50.90766	0	52	2021-10-30T10:22:08
2.78058	-50.90775	0	52	2021-10-30T10:27:08
2.78067	-50.90775	0	52	2021-10-30T10:32:09
2.78066	-50.90771	0	52	2021-10-30T10:37:10
2.78070	-50.90762	0	52	2021-10-30T10:42:10
2.78070	-50.90771	0	52	2021-10-30T10:47:11
2.78065	-50.90778	0	52	2021-10-30T10:57:12
2.78061	-50.90778	0	52	2021-10-30T11:07:11
2.78065	-50.90765	0	52	2021-10-30T11:17:08
2.78069	-50.90765	0	52	2021-10-30T11:27:07
2.78086	-50.90750	0	52	2021-10-30T11:32:07
2.78073	-50.90773	0	52	2021-10-30T11:42:05
2.78077	-50.90756	0	52	2021-10-30T11:47:05
2.78077	-50.90765	0	52	2021-10-30T11:52:04
2.78066	-50.90771	0	52	2021-10-30T12:32:09
2.78092	-50.90768	0	52	2021-10-30T13:17:11
2.78096	-50.90759	0	52	2021-10-30T13:22:11
2.78079	-50.90768	0	52	2021-10-30T13:27:12
2.78106	-50.90745	0	52	2021-10-30T13:32:12
2.78085	-50.90762	0	52	2021-10-30T13:37:12
2.78096	-50.90753	0	52	2021-10-30T13:42:10
2.78073	-50.90765	0	52	2021-10-30T13:57:09
2.78077	-50.90759	0	52	2021-10-30T14:32:18
2.78073	-50.90759	0	52	2021-10-30T14:42:17
2.78060	-50.90793	0	52	2021-10-30T16:12:44
2.78057	-50.90787	0	52	2021-10-30T16:17:17
2.78061	-50.90787	0	52	2021-10-30T16:22:17
2.78057	-50.90787	0	52	2021-10-30T16:27:16
2.78062	-50.90775	0	52	2021-10-30T16:32:15
2.78077	-50.90775	0	52	2021-10-30T16:57:10
2.78073	-50.90775	0	52	2021-10-30T17:07:11
2.78066	-50.90771	0	52	2021-10-30T17:12:41
2.78064	-50.90778	0	52	2021-10-30T17:27:07
2.78062	-50.90778	0	52	2021-10-30T17:32:04
2.78069	-50.90771	0	52	2021-10-30T18:02:25
2.78065	-50.90771	0	52	2021-10-30T18:12:26
2.78073	-50.90768	0	52	2021-10-30T19:12:01
2.78064	-50.90768	0	52	2021-10-30T19:17:02
2.78073	-50.90768	0	52	2021-10-30T19:22:02
2.78056	-50.90778	0	52	2021-10-30T19:27:04
2.78063	-50.90762	0	52	2021-10-30T19:32:02
2.78076	-50.90753	0	52	2021-10-30T19:37:02
2.78072	-50.90753	0	52	2021-10-30T19:42:03
2.78070	-50.90753	0	52	2021-10-30T19:47:04
2.78074	-50.90753	0	52	2021-10-30T19:57:04
2.78070	-50.90765	0	52	2021-10-30T20:02:02
2.78073	-50.90765	0	52	2021-10-30T20:22:16
2.78079	-50.90771	0	52	2021-10-30T20:32:04
2.78079	-50.90762	0	52	2021-10-30T20:37:04
2.78076	-50.90782	0	52	2021-10-30T20:52:06
2.78065	-50.90781	0	52	2021-10-30T20:57:04
2.78071	-50.90765	0	52	2021-10-30T21:51:58
2.78075	-50.90765	0	52	2021-10-30T21:56:59
2.78066	-50.90765	0	52	2021-10-30T22:01:59
2.78065	-50.90764	0	52	2021-10-30T23:01:57
2.78065	-50.90765	0	52	2021-10-30T23:06:59
2.78074	-50.90747	0	52	2021-10-30T23:11:56
2.78073	-50.90754	0	52	2021-10-30T23:21:54
2.78064	-50.90771	0	52	2021-10-30T23:26:55
2.78069	-50.90765	0	52	2021-10-30T23:31:52
2.78065	-50.90762	0	52	2021-10-30T23:41:54
2.78065	-50.90771	0	52	2021-10-30T23:51:54
2.78061	-50.90753	0	52	2021-10-30T23:56:52
2.78062	-50.90766	0	52	2021-10-31T00:06:51
2.78053	-50.90775	0	52	2021-10-31T00:11:51
2.78063	-50.90739	0	52	2021-10-31T00:21:54
2.78067	-50.90756	0	52	2021-10-31T00:26:54
2.78058	-50.90762	0	52	2021-10-31T00:31:55
2.78057	-50.90759	0	52	2021-10-31T00:51:54
2.78074	-50.90759	0	52	2021-10-31T00:56:55
2.78065	-50.90768	0	52	2021-10-31T01:01:55
2.78069	-50.90753	0	52	2021-10-31T01:41:59
2.78063	-50.90744	0	52	2021-10-31T02:12:01
2.78067	-50.90744	0	52	2021-10-31T02:17:01
2.78057	-50.90768	0	52	2021-10-31T02:42:00
2.78061	-50.90768	0	52	2021-10-31T02:46:59
2.78054	-50.90762	0	52	2021-10-31T02:52:00
2.78063	-50.90762	0	52	2021-10-31T02:57:00
2.78054	-50.90753	0	52	2021-10-31T03:02:01
2.78063	-50.90774	0	52	2021-10-31T03:47:05
2.78069	-50.90775	0	52	2021-10-31T03:52:05
2.78067	-50.90765	0	52	2021-10-31T03:57:06
2.78079	-50.90765	0	52	2021-10-31T04:17:05
2.78062	-50.90765	0	52	2021-10-31T04:22:04
2.78066	-50.90765	0	52	2021-10-31T04:27:04
2.78058	-50.90775	0	52	2021-10-31T04:32:07
2.78060	-50.90768	0	52	2021-10-31T04:42:02
2.78064	-50.90768	0	52	2021-10-31T04:47:02
2.78060	-50.90768	0	52	2021-10-31T04:52:01
2.78073	-50.90768	0	52	2021-10-31T04:57:02
2.78062	-50.90765	0	52	2021-10-31T05:37:00
2.78063	-50.90765	0	52	2021-10-31T06:06:57
2.78061	-50.90765	0	52	2021-10-31T06:11:56
2.78067	-50.90765	0	52	2021-10-31T06:16:56
2.78066	-50.90765	0	52	2021-10-31T06:31:57
2.78075	-50.90756	0	52	2021-10-31T07:22:34
2.78064	-50.90765	0	52	2021-10-31T07:41:56
2.78067	-50.90765	0	52	2021-10-31T08:01:55
2.78067	-50.90771	0	52	2021-10-31T08:12:42
2.78071	-50.90771	0	52	2021-10-31T08:17:42
2.78075	-50.90771	0	52	2021-10-31T08:22:41
2.78077	-50.90765	0	52	2021-10-31T08:27:02
2.78074	-50.90762	0	52	2021-10-31T08:32:03
2.78070	-50.90771	0	52	2021-10-31T08:37:03
2.78074	-50.90771	0	52	2021-10-31T08:42:02
2.78069	-50.90771	0	52	2021-10-31T09:07:03
2.78069	-50.90762	0	52	2021-10-31T09:13:15
2.78069	-50.90771	0	52	2021-10-31T09:18:14
2.78060	-50.90771	0	52	2021-10-31T09:23:14
2.78062	-50.90768	0	52	2021-10-31T09:41:57
2.78061	-50.90771	0	52	2021-10-31T10:02:02
2.78061	-50.90762	0	52	2021-10-31T10:07:01
2.78061	-50.90771	0	52	2021-10-31T10:12:01
2.78062	-50.90775	0	52	2021-10-31T10:26:55
2.78058	-50.90775	0	52	2021-10-31T10:36:54
2.78070	-50.90765	0	52	2021-10-31T10:41:51
2.78074	-50.90765	0	52	2021-10-31T10:46:51
2.78070	-50.90765	0	52	2021-10-31T10:51:50
2.78065	-50.90771	0	52	2021-10-31T10:56:50
2.78070	-50.90756	0	52	2021-10-31T11:06:47
2.78071	-50.90762	0	52	2021-10-31T11:11:45
2.78074	-50.90756	0	52	2021-10-31T11:16:46
2.78064	-50.90756	0	52	2021-10-31T11:41:41
2.78068	-50.90756	0	52	2021-10-31T11:46:40
2.78064	-50.90756	0	52	2021-10-31T11:51:40
2.78071	-50.90765	0	52	2021-10-31T11:56:37
2.78064	-50.90765	0	52	2021-10-31T12:26:27
2.78064	-50.90756	0	52	2021-10-31T12:31:27
2.78073	-50.90756	0	52	2021-10-31T12:36:27
2.78058	-50.90752	0	52	2021-10-31T12:56:21
2.78062	-50.90761	0	52	2021-10-31T13:01:21
2.78062	-50.90744	0	52	2021-10-31T13:06:22
2.78062	-50.90756	0	52	2021-10-31T13:11:20
2.78058	-50.90771	0	52	2021-10-31T13:16:24
2.78062	-50.90771	0	52	2021-10-31T13:26:24
2.78068	-50.90768	0	52	2021-10-31T13:31:25
2.78072	-50.90768	0	52	2021-10-31T13:36:24
2.78081	-50.90759	0	52	2021-10-31T13:41:24
2.78068	-50.90768	0	52	2021-10-31T13:46:25
2.78081	-50.90765	0	52	2021-10-31T13:56:30
2.78082	-50.90765	0	52	2021-10-31T14:01:30
2.78077	-50.90756	0	52	2021-10-31T14:06:31
2.78075	-50.90753	0	52	2021-10-31T14:11:33
2.78079	-50.90747	0	52	2021-10-31T14:17:05
2.78075	-50.90756	0	52	2021-10-31T14:22:05
2.78073	-50.90771	0	52	2021-10-31T14:26:54
2.78068	-50.90759	0	52	2021-10-31T14:36:34
2.78072	-50.90759	0	52	2021-10-31T14:41:34
2.78068	-50.90759	0	52	2021-10-31T14:46:35
2.78062	-50.90753	0	52	2021-10-31T16:06:37
2.78066	-50.90753	0	52	2021-10-31T16:16:36
2.78075	-50.90753	0	52	2021-10-31T16:26:30
2.78066	-50.90753	0	52	2021-10-31T16:31:30
2.78079	-50.90753	0	52	2021-10-31T16:36:31
2.78072	-50.90756	0	52	2021-10-31T16:41:32
2.78082	-50.90756	0	52	2021-10-31T16:46:33
2.78091	-50.90756	0	52	2021-10-31T16:51:33
2.78080	-50.90768	0	52	2021-10-31T16:56:31
2.78090	-50.90756	0	52	2021-10-31T17:06:32
2.78086	-50.90756	0	52	2021-10-31T17:11:33
2.78082	-50.90775	0	52	2021-10-31T17:36:27
2.78084	-50.90784	0	52	2021-10-31T17:56:24
2.78077	-50.90784	0	52	2021-10-31T18:16:21
2.78080	-50.90781	0	52	2021-10-31T18:21:26
2.78071	-50.90781	0	52	2021-10-31T18:31:26
2.78079	-50.90781	0	52	2021-10-31T18:36:25
2.78075	-50.90781	0	52	2021-10-31T18:41:26
2.78071	-50.90781	0	52	2021-10-31T18:46:26
2.78071	-50.90768	0	52	2021-10-31T18:51:27
2.78071	-50.90771	0	52	2021-10-31T19:16:30
2.78076	-50.90775	0	52	2021-10-31T19:21:58
2.78071	-50.90771	0	52	2021-10-31T19:26:29
2.78068	-50.90747	0	52	2021-10-31T19:36:26
2.78068	-50.90756	0	52	2021-10-31T19:41:25
2.78064	-50.90756	0	52	2021-10-31T19:46:25
2.78060	-50.90747	0	52	2021-10-31T19:51:26
2.78071	-50.90756	0	52	2021-10-31T19:56:27
2.78080	-50.90756	0	52	2021-10-31T20:01:28
2.78073	-50.90753	0	52	2021-10-31T20:06:27
2.78081	-50.90765	0	52	2021-10-31T20:46:32
2.78073	-50.90756	0	52	2021-10-31T20:56:33
2.78069	-50.90756	0	52	2021-10-31T21:06:34
2.78066	-50.90768	0	52	2021-10-31T21:36:32
2.78067	-50.90765	0	52	2021-10-31T21:41:30
2.78077	-50.90753	0	52	2021-10-31T22:11:31
2.78068	-50.90762	0	52	2021-10-31T22:16:31
2.78079	-50.90756	0	52	2021-10-31T22:41:32
2.78070	-50.90756	0	52	2021-10-31T22:46:33
2.78079	-50.90756	0	52	2021-10-31T22:51:33
2.78102	-50.90735	0	52	2021-10-31T22:56:30
2.78075	-50.90753	0	52	2021-10-31T23:11:57
2.78075	-50.90747	0	52	2021-10-31T23:16:30
2.78075	-50.90762	0	52	2021-10-31T23:21:58
2.78065	-50.90750	0	52	2021-11-01T00:11:32
2.78056	-50.90750	0	52	2021-11-01T00:16:32
2.78066	-50.90750	0	52	2021-11-01T00:26:34
2.78071	-50.90747	0	52	2021-11-01T00:31:28
2.78075	-50.90756	0	52	2021-11-01T00:36:28
2.78072	-50.90747	0	52	2021-11-01T00:51:27
2.78084	-50.90750	0	52	2021-11-01T00:56:29
2.78075	-50.90750	0	52	2021-11-01T01:01:29
2.78084	-50.90750	0	52	2021-11-01T01:06:30
2.78068	-50.90765	0	52	2021-11-01T01:26:21
2.78077	-50.90756	0	52	2021-11-01T01:31:21
2.78073	-50.90756	0	52	2021-11-01T01:41:21
2.78077	-50.90756	0	52	2021-11-01T01:46:21
2.78062	-50.90756	0	52	2021-11-01T02:01:19
2.78071	-50.90756	0	52	2021-11-01T02:11:18
2.78067	-50.90771	0	52	2021-11-01T02:41:11
2.78064	-50.90765	0	52	2021-11-01T02:46:13
2.78067	-50.90771	0	52	2021-11-01T02:51:12
2.78061	-50.90768	0	52	2021-11-01T03:17:04
2.78065	-50.90777	0	52	2021-11-01T03:22:04
2.78065	-50.90768	0	52	2021-11-01T03:27:04
2.78068	-50.90778	0	52	2021-11-01T03:36:12
2.78064	-50.90778	0	52	2021-11-01T03:41:11
2.78068	-50.90778	0	52	2021-11-01T03:46:11
2.78062	-50.90771	0	52	2021-11-01T03:56:09
2.78062	-50.90772	0	52	2021-11-01T04:16:01
2.78058	-50.90781	0	52	2021-11-01T04:21:01
2.78062	-50.90771	0	52	2021-11-01T04:30:59
2.78058	-50.90771	0	52	2021-11-01T04:36:00
2.78065	-50.90771	0	52	2021-11-01T04:41:01
2.78069	-50.90771	0	52	2021-11-01T04:45:55
2.78065	-50.90771	0	52	2021-11-01T05:00:57
2.78061	-50.90771	0	52	2021-11-01T05:05:54
2.78062	-50.90765	0	52	2021-11-01T05:40:52
2.78065	-50.90771	0	52	2021-11-01T06:00:55
2.78059	-50.90768	0	52	2021-11-01T06:05:56
2.78062	-50.90754	0	52	2021-11-01T06:10:57
2.78062	-50.90771	0	52	2021-11-01T06:20:58
2.78067	-50.90765	0	52	2021-11-01T06:35:53
2.78071	-50.90765	0	52	2021-11-01T06:40:53
2.78067	-50.90765	0	52	2021-11-01T06:45:52
2.78070	-50.90765	0	52	2021-11-01T07:10:48
2.78072	-50.90763	0	52	2021-11-01T07:16:34
2.78068	-50.90754	0	52	2021-11-01T07:21:33
2.78068	-50.90771	0	52	2021-11-01T07:26:33
2.78069	-50.90759	0	52	2021-11-01T07:30:47
2.78070	-50.90759	0	52	2021-11-01T07:40:49
2.78066	-50.90759	0	52	2021-11-01T07:50:50
2.78070	-50.90771	0	52	2021-11-01T07:55:48
2.78079	-50.90762	0	52	2021-11-01T08:05:47
2.78075	-50.90762	0	52	2021-11-01T08:10:47
2.78078	-50.90759	0	52	2021-11-01T08:16:45
2.78074	-50.90759	0	52	2021-11-01T08:21:45
2.78070	-50.90759	0	52	2021-11-01T08:26:44
2.78082	-50.90765	0	52	2021-11-01T08:30:53
2.78081	-50.90765	0	52	2021-11-01T08:35:52
2.78061	-50.90765	0	52	2021-11-01T09:35:56
2.78060	-50.90762	0	52	2021-11-01T09:50:57
2.78064	-50.90762	0	52	2021-11-01T09:55:57
2.78064	-50.90771	0	52	2021-11-01T10:00:58
2.78060	-50.90756	0	52	2021-11-01T10:10:59
2.78064	-50.90765	0	52	2021-11-01T10:20:58
2.78068	-50.90759	0	52	2021-11-01T10:30:51
2.78072	-50.90759	0	52	2021-11-01T10:40:50
2.78074	-50.90756	0	52	2021-11-01T10:45:50
2.78078	-50.90756	0	52	2021-11-01T10:50:51
2.78069	-50.90756	0	52	2021-11-01T10:55:51
2.78072	-50.90756	0	52	2021-11-01T11:05:53
2.78068	-50.90756	0	52	2021-11-01T11:15:52
2.78070	-50.90756	0	52	2021-11-01T11:20:56
2.78058	-50.90768	0	52	2021-11-01T11:30:58
2.78062	-50.90759	0	52	2021-11-01T11:35:59
2.78058	-50.90759	0	52	2021-11-01T11:40:59
2.78064	-50.90762	0	52	2021-11-01T11:51:01
2.78060	-50.90762	0	52	2021-11-01T12:01:02
2.78068	-50.90750	0	52	2021-11-01T12:11:02
2.78064	-50.90750	0	52	2021-11-01T12:21:03
2.78064	-50.90759	0	52	2021-11-01T12:56:02
2.78064	-50.90768	0	52	2021-11-01T13:01:02
2.78064	-50.90759	0	52	2021-11-01T13:06:03
2.78065	-50.90775	0	52	2021-11-01T13:11:03
2.78069	-50.90759	0	52	2021-11-01T13:21:01
2.78065	-50.90759	0	52	2021-11-01T13:31:02
2.78072	-50.90753	0	52	2021-11-01T13:36:00
2.78076	-50.90753	0	52	2021-11-01T13:41:01
2.78085	-50.90744	0	52	2021-11-01T13:46:01
2.78069	-50.90756	0	52	2021-11-01T13:51:02
2.78081	-50.90750	0	52	2021-11-01T14:11:02
2.78074	-50.90768	0	52	2021-11-01T14:26:40
2.78066	-50.90771	0	52	2021-11-01T14:56:03
2.78062	-50.90762	0	52	2021-11-01T15:01:03
2.78066	-50.90762	0	52	2021-11-01T15:06:04
2.78064	-50.90753	0	52	2021-11-01T16:01:04
2.78064	-50.90744	0	52	2021-11-01T16:06:03
2.78075	-50.90744	0	52	2021-11-01T16:21:05
2.78077	-50.90730	0	52	2021-11-01T16:26:03
2.78073	-50.90756	0	52	2021-11-01T16:36:04
2.78086	-50.90765	0	52	2021-11-01T16:41:05
2.78081	-50.90753	0	52	2021-11-01T16:56:00
2.78085	-50.90744	0	52	2021-11-01T17:01:00
2.78076	-50.90744	0	52	2021-11-01T17:06:00
2.78064	-50.90771	0	52	2021-11-01T17:30:58
2.78060	-50.90771	0	52	2021-11-01T17:35:59
2.78069	-50.90771	0	52	2021-11-01T17:40:59
2.78065	-50.90765	0	52	2021-11-01T17:45:57
2.78068	-50.90768	0	52	2021-11-01T18:20:58
2.78066	-50.90780	0	52	2021-11-01T18:46:03
2.78066	-50.90771	0	52	2021-11-01T19:15:57
2.78061	-50.90780	0	52	2021-11-01T19:21:29
2.78061	-50.90771	0	52	2021-11-01T19:26:29
2.78076	-50.90771	0	52	2021-11-01T19:30:58
2.78071	-50.90762	0	52	2021-11-01T19:45:57
2.78088	-50.90762	0	52	2021-11-01T19:50:56
2.78073	-50.90762	0	52	2021-11-01T19:55:56
2.78076	-50.90756	0	52	2021-11-01T20:10:55
2.78062	-50.90765	0	52	2021-11-01T20:25:53
2.78062	-50.90756	0	52	2021-11-01T20:30:54
2.78062	-50.90765	0	52	2021-11-01T20:35:54
2.78065	-50.90756	0	52	2021-11-01T21:10:56
2.78059	-50.90765	0	52	2021-11-01T21:30:54
2.78055	-50.90756	0	52	2021-11-01T21:35:54
2.78055	-50.90747	0	52	2021-11-01T21:40:55
2.78075	-50.90747	0	52	2021-11-01T22:10:55
2.78062	-50.90756	0	52	2021-11-01T22:20:54
2.78079	-50.90750	0	52	2021-11-01T22:55:55
2.78083	-50.90750	0	52	2021-11-01T23:00:54
2.78065	-50.90756	0	52	2021-11-01T23:10:53
2.78065	-50.90747	0	52	2021-11-01T23:15:52
2.78074	-50.90747	0	52	2021-11-01T23:20:53
2.78068	-50.90756	0	52	2021-11-01T23:26:29
2.78061	-50.90756	0	52	2021-11-01T23:40:52
2.78052	-50.90741	0	52	2021-11-02T00:05:52
2.78055	-50.90739	0	52	2021-11-02T00:10:49
2.78055	-50.90756	0	52	2021-11-02T00:20:50
2.78057	-50.90756	0	52	2021-11-02T00:30:50
2.78053	-50.90756	0	52	2021-11-02T00:35:52
2.78072	-50.90756	0	52	2021-11-02T00:40:50
2.78080	-50.90750	0	52	2021-11-02T00:55:52
2.78074	-50.90765	0	52	2021-11-02T01:00:50
2.78074	-50.90756	0	52	2021-11-02T01:05:51
2.78065	-50.90756	0	52	2021-11-02T01:10:51
2.78072	-50.90756	0	52	2021-11-02T01:15:52
2.78075	-50.90762	0	52	2021-11-02T01:25:55
2.78072	-50.90759	0	52	2021-11-02T01:30:52
2.78071	-50.90762	0	52	2021-11-02T01:35:55
2.78082	-50.90748	0	52	2021-11-02T01:45:57
2.78073	-50.90765	0	52	2021-11-02T01:50:56
2.78077	-50.90765	0	52	2021-11-02T01:55:56
2.78070	-50.90750	0	52	2021-11-02T02:00:57
2.78079	-50.90756	0	52	2021-11-02T02:05:57
2.78079	-50.90750	0	52	2021-11-02T02:10:58
2.78069	-50.90759	0	52	2021-11-02T02:15:56
2.78075	-50.90753	0	52	2021-11-02T02:20:59
2.78062	-50.90778	0	52	2021-11-02T03:20:58
2.78068	-50.90759	0	52	2021-11-02T03:35:54
2.78068	-50.90768	0	52	2021-11-02T03:40:55
2.78072	-50.90759	0	52	2021-11-02T03:45:55
2.78066	-50.90765	0	52	2021-11-02T03:50:55
2.78075	-50.90765	0	52	2021-11-02T03:55:54
2.78066	-50.90765	0	52	2021-11-02T04:00:54
2.78071	-50.90771	0	52	2021-11-02T04:05:54
2.78060	-50.90771	0	52	2021-11-02T04:20:57
2.78064	-50.90771	0	52	2021-11-02T04:30:59
2.78063	-50.90765	0	52	2021-11-02T04:36:00
2.78059	-50.90765	0	52	2021-11-02T04:41:00
2.78062	-50.90774	0	52	2021-11-02T04:51:02
2.78062	-50.90765	0	52	2021-11-02T05:01:01
2.78066	-50.90759	0	52	2021-11-02T05:06:04
2.78061	-50.90756	0	52	2021-11-02T05:36:18
2.78065	-50.90756	0	52	2021-11-02T05:41:18
2.78061	-50.90768	0	52	2021-11-02T06:11:09
2.78059	-50.90765	0	52	2021-11-02T06:26:11
2.78068	-50.90756	0	52	2021-11-02T06:31:12
2.78072	-50.90765	0	52	2021-11-02T06:36:12
2.78070	-50.90756	0	52	2021-11-02T06:46:11
2.78070	-50.90765	0	52	2021-11-02T06:51:12
2.78073	-50.90765	0	52	2021-11-02T06:56:09
2.78075	-50.90765	0	52	2021-11-02T07:16:08
2.78084	-50.90765	0	52	2021-11-02T07:21:08
2.78073	-50.90765	0	52	2021-11-02T07:26:09
2.78077	-50.90765	0	52	2021-11-02T07:31:08
2.78076	-50.90784	0	52	2021-11-02T07:46:08
2.78076	-50.90775	0	52	2021-11-02T07:51:07
2.78072	-50.90775	0	52	2021-11-02T07:56:07
2.78080	-50.90762	0	52	2021-11-02T08:11:09
2.78076	-50.90768	0	52	2021-11-02T08:26:04
2.78072	-50.90768	0	52	2021-11-02T08:36:03
2.78077	-50.90778	0	52	2021-11-02T08:55:59
2.78064	-50.90771	0	52	2021-11-02T09:15:55
2.78060	-50.90778	0	52	2021-11-02T10:00:58
2.78064	-50.90778	0	52	2021-11-02T10:05:58
2.78060	-50.90775	0	52	2021-11-02T10:16:27
2.78064	-50.90775	0	52	2021-11-02T10:26:26
2.78062	-50.90775	0	52	2021-11-02T10:46:02
2.78065	-50.90775	0	52	2021-11-02T10:51:05
2.78069	-50.90771	0	52	2021-11-02T11:01:05
2.78070	-50.90775	0	52	2021-11-02T11:16:33
2.78072	-50.90771	0	52	2021-11-02T11:21:01
2.78070	-50.90775	0	52	2021-11-02T11:26:32
2.78068	-50.90771	0	52	2021-11-02T11:46:00
2.78066	-50.90768	0	52	2021-11-02T12:01:00
2.78072	-50.90765	0	52	2021-11-02T12:31:04
2.78063	-50.90774	0	52	2021-11-02T12:36:05
2.78067	-50.90765	0	52	2021-11-02T12:41:05
2.78071	-50.90765	0	52	2021-11-02T12:56:04
2.78068	-50.90767	0	52	2021-11-02T13:06:07
2.78062	-50.90768	0	52	2021-11-02T13:11:06
2.78098	-50.90750	0	52	2021-11-02T13:16:08
2.78097	-50.90751	0	52	2021-11-02T13:26:07
2.78067	-50.90768	0	52	2021-11-02T13:31:07
2.78058	-50.90768	0	52	2021-11-02T13:36:08
2.78076	-50.90753	0	52	2021-11-02T13:41:08
2.78069	-50.90756	0	52	2021-11-02T13:46:09
2.78069	-50.90765	0	52	2021-11-02T13:51:09
2.78079	-50.90744	0	52	2021-11-02T13:56:11
2.78072	-50.90759	0	52	2021-11-02T14:06:13
2.78068	-50.90768	0	52	2021-11-02T14:16:14
2.78066	-50.90765	0	52	2021-11-02T14:31:17
2.78071	-50.90768	0	52	2021-11-02T14:36:32
2.78054	-50.90777	0	52	2021-11-02T15:01:19
2.78063	-50.90768	0	52	2021-11-02T15:06:20
2.78059	-50.90768	0	52	2021-11-02T15:11:20
2.78059	-50.90762	0	52	2021-11-02T16:01:21
2.78062	-50.90765	0	52	2021-11-02T16:06:23
2.78059	-50.90762	0	52	2021-11-02T16:11:22
2.78060	-50.90756	0	52	2021-11-02T16:16:58
2.78076	-50.90756	0	52	2021-11-02T16:21:21
2.78073	-50.90765	0	52	2021-11-02T16:26:59
2.78071	-50.90765	0	52	2021-11-02T16:31:25
2.78071	-50.90756	0	52	2021-11-02T16:36:23
2.78067	-50.90765	0	52	2021-11-02T16:41:23
2.78080	-50.90765	0	52	2021-11-02T16:46:22
2.78071	-50.90766	0	52	2021-11-02T16:56:22
2.78071	-50.90775	0	52	2021-11-02T17:01:21
2.78075	-50.90775	0	52	2021-11-02T17:06:21
2.78069	-50.90759	0	52	2021-11-02T17:11:21
2.78068	-50.90765	0	52	2021-11-02T17:27:17
2.78073	-50.90771	0	52	2021-11-02T18:56:34
2.78070	-50.90768	0	52	2021-11-02T19:01:29
2.78073	-50.90771	0	52	2021-11-02T19:26:26
2.78064	-50.90771	0	52	2021-11-02T19:31:26
2.78068	-50.90780	0	52	2021-11-02T19:41:27
2.78072	-50.90771	0	52	2021-11-02T19:51:26
2.78062	-50.90768	0	52	2021-11-02T19:56:30
2.78073	-50.90759	0	52	2021-11-02T20:01:28
2.78055	-50.90739	0	52	2021-11-02T21:01:30
2.78064	-50.90765	0	52	2021-11-02T21:06:31
2.78056	-50.90750	0	52	2021-11-02T21:16:29
2.78066	-50.90756	0	52	2021-11-02T21:41:29
2.78067	-50.90753	0	52	2021-11-02T21:46:30
2.78065	-50.90750	0	52	2021-11-02T22:21:56
2.78069	-50.90750	0	52	2021-11-02T22:26:56
2.78067	-50.90744	0	52	2021-11-02T22:41:40
2.78071	-50.90735	0	52	2021-11-02T22:46:40
2.78067	-50.90750	0	52	2021-11-02T22:51:41
2.78058	-50.90747	0	52	2021-11-02T23:41:38
2.78059	-50.90744	0	52	2021-11-02T23:46:34
2.78055	-50.90753	0	52	2021-11-02T23:56:33
2.78068	-50.90753	0	52	2021-11-03T00:06:35
2.78064	-50.90765	0	52	2021-11-03T00:26:42
2.78068	-50.90774	0	52	2021-11-03T00:31:42
2.78068	-50.90765	0	52	2021-11-03T00:36:41
2.78075	-50.90765	0	52	2021-11-03T00:46:42
2.78079	-50.90765	0	52	2021-11-03T00:51:43
2.78083	-50.90756	0	52	2021-11-03T00:56:43
2.78076	-50.90762	0	52	2021-11-03T01:01:44
2.78072	-50.90762	0	52	2021-11-03T01:06:44
2.78084	-50.90765	0	52	2021-11-03T01:16:48
2.78075	-50.90750	0	52	2021-11-03T01:31:48
2.78080	-50.90753	0	52	2021-11-03T01:36:50
2.78075	-50.90750	0	52	2021-11-03T01:41:47
2.78068	-50.90765	0	52	2021-11-03T02:11:42
2.78072	-50.90765	0	52	2021-11-03T02:21:43
2.78062	-50.90777	0	52	2021-11-03T02:41:41
2.78058	-50.90768	0	52	2021-11-03T02:46:40
2.78067	-50.90778	0	52	2021-11-03T03:16:45
2.78072	-50.90774	0	52	2021-11-03T03:21:41
2.78072	-50.90765	0	52	2021-11-03T03:26:42
2.78071	-50.90766	0	52	2021-11-03T03:56:44
2.78075	-50.90775	0	52	2021-11-03T04:01:44
2.78066	-50.90775	0	52	2021-11-03T04:06:45
2.78061	-50.90780	0	52	2021-11-03T04:22:35
2.78054	-50.90784	0	52	2021-11-03T04:26:45
2.78070	-50.90771	0	52	2021-11-03T04:32:36
2.78060	-50.90768	0	52	2021-11-03T05:01:55
2.78056	-50.90768	0	52	2021-11-03T05:06:55
2.78069	-50.90768	0	52	2021-11-03T05:11:56
2.78075	-50.90771	0	52	2021-11-03T05:16:57
2.78074	-50.90768	0	52	2021-11-03T06:17:07
2.78075	-50.90768	0	52	2021-11-03T06:56:51
2.78070	-50.90771	0	52	2021-11-03T07:11:47
2.78074	-50.90771	0	52	2021-11-03T07:16:47
2.78070	-50.90771	0	52	2021-11-03T07:21:48
2.78073	-50.90774	0	52	2021-11-03T07:31:46
2.78073	-50.90765	0	52	2021-11-03T07:36:46
2.78073	-50.90768	0	52	2021-11-03T07:51:49
2.78077	-50.90768	0	52	2021-11-03T07:56:49
2.78081	-50.90759	0	52	2021-11-03T08:01:48
2.78072	-50.90756	0	52	2021-11-03T08:06:51
2.78060	-50.90776	0	52	2021-11-03T08:46:54
2.78060	-50.90759	0	52	2021-11-03T08:56:53
2.78060	-50.90762	0	52	2021-11-03T09:37:06
2.78064	-50.90771	0	52	2021-11-03T09:47:05
2.78064	-50.90762	0	52	2021-11-03T10:17:09
2.78060	-50.90771	0	52	2021-11-03T10:27:08
2.78067	-50.90771	0	52	2021-11-03T10:42:10
2.78067	-50.90762	0	52	2021-11-03T10:52:09
2.78072	-50.90765	0	52	2021-11-03T10:57:12
2.78072	-50.90768	0	52	2021-11-03T11:12:08
2.78073	-50.90771	0	52	2021-11-03T11:27:05
2.78062	-50.90765	0	52	2021-11-03T12:07:08
2.78065	-50.90771	0	52	2021-11-03T12:42:16
2.78070	-50.90762	0	52	2021-11-03T12:52:16
2.78057	-50.90771	0	52	2021-11-03T12:57:15
2.78096	-50.90771	0	52	2021-11-03T13:02:15
2.78081	-50.90767	0	52	2021-11-03T13:07:15
2.78060	-50.90784	0	52	2021-11-03T13:12:14
2.78060	-50.90775	0	52	2021-11-03T13:17:14
2.78080	-50.90762	0	52	2021-11-03T13:32:16
2.78064	-50.90771	0	52	2021-11-03T13:37:16
2.78067	-50.90771	0	52	2021-11-03T13:42:17
2.78073	-50.90765	0	52	2021-11-03T14:07:18
2.78069	-50.90774	0	52	2021-11-03T14:12:18
2.78073	-50.90765	0	52	2021-11-03T14:17:17
2.78062	-50.90775	0	52	2021-11-03T14:22:18
2.78066	-50.90768	0	52	2021-11-03T15:12:15
2.78066	-50.90775	0	52	2021-11-03T15:27:13
2.78066	-50.90784	0	52	2021-11-03T15:32:14
2.78068	-50.90784	0	52	2021-11-03T16:02:15
2.78059	-50.90784	0	52	2021-11-03T16:07:16
2.78072	-50.90775	0	52	2021-11-03T16:12:13
2.78076	-50.90762	0	52	2021-11-03T17:07:15
2.78082	-50.90765	0	52	2021-11-03T17:12:19
2.78083	-50.90756	0	52	2021-11-03T17:32:15
2.78076	-50.90778	0	52	2021-11-03T18:32:21
2.78067	-50.90778	0	52	2021-11-03T18:42:20
2.78066	-50.90778	0	52	2021-11-03T18:47:23
2.78063	-50.90771	0	52	2021-11-03T18:52:22
2.78067	-50.90771	0	52	2021-11-03T18:57:22
2.78066	-50.90778	0	52	2021-11-03T19:02:20
2.78062	-50.90756	0	52	2021-11-03T19:27:58
2.78066	-50.90765	0	52	2021-11-03T19:37:59
2.78072	-50.90771	0	52	2021-11-03T19:42:26
2.78065	-50.90762	0	52	2021-11-03T19:57:29
2.78061	-50.90762	0	52	2021-11-03T20:02:29
2.78070	-50.90775	0	52	2021-11-03T20:42:27
2.78064	-50.90771	0	52	2021-11-03T21:38:09
2.78068	-50.90768	0	52	2021-11-03T21:52:20
2.78041	-50.90722	0	52	2021-11-03T22:07:17
2.78075	-50.90756	0	52	2021-11-03T22:17:18
2.78076	-50.90753	0	52	2021-11-03T22:32:16
2.78070	-50.90757	0	52	2021-11-03T22:47:24
2.78066	-50.90775	0	52	2021-11-03T22:52:21
2.78070	-50.90765	0	52	2021-11-03T22:57:24
2.78062	-50.90747	0	52	2021-11-03T23:07:26
2.78066	-50.90756	0	52	2021-11-03T23:12:27
2.78056	-50.90747	0	52	2021-11-03T23:27:34
2.78065	-50.90754	0	52	2021-11-03T23:52:38
2.78052	-50.90754	0	52	2021-11-03T23:57:39
2.78061	-50.90720	0	52	2021-11-04T00:02:39
2.78073	-50.90756	0	52	2021-11-04T00:37:41
2.78082	-50.90756	0	52	2021-11-04T00:42:41
2.78073	-50.90765	0	52	2021-11-04T00:47:40
2.78080	-50.90781	0	52	2021-11-04T01:02:43
2.78091	-50.90781	0	52	2021-11-04T01:22:38
2.78086	-50.90767	0	52	2021-11-04T01:34:04
2.78086	-50.90750	0	52	2021-11-04T01:39:04
2.78081	-50.90747	0	52	2021-11-04T01:52:35
2.78077	-50.90756	0	52	2021-11-04T01:57:36
2.78077	-50.90747	0	52	2021-11-04T02:02:36
2.78076	-50.90750	0	52	2021-11-04T02:07:34
2.78063	-50.90758	0	52	2021-11-04T03:22:31
2.78067	-50.90758	0	52	2021-11-04T03:27:32
2.78076	-50.90741	0	52	2021-11-04T03:32:32
2.78067	-50.90756	0	52	2021-11-04T03:42:31
2.78084	-50.90756	0	52	2021-11-04T03:47:31
2.78080	-50.90756	0	52	2021-11-04T03:52:30
2.78079	-50.90759	0	52	2021-11-04T03:57:29
2.78072	-50.90765	0	52	2021-11-04T04:17:29
2.78075	-50.90768	0	52	2021-11-04T04:33:02
2.78079	-50.90768	0	52	2021-11-04T04:38:02
2.78071	-50.90775	0	52	2021-11-04T05:12:22
2.78070	-50.90771	0	52	2021-11-04T05:47:13
2.78068	-50.90765	0	52	2021-11-04T06:17:19
2.78079	-50.90759	0	52	2021-11-04T06:27:25
2.78068	-50.90774	0	52	2021-11-04T06:57:13
2.78064	-50.90774	0	52	2021-11-04T07:02:12
2.78064	-50.90765	0	52	2021-11-04T07:07:12
2.78077	-50.90771	0	52	2021-11-04T07:17:10
2.78066	-50.90771	0	52	2021-11-04T07:22:13
2.78068	-50.90771	0	52	2021-11-04T07:27:11
2.78072	-50.90771	0	52	2021-11-04T07:57:09
2.78068	-50.90771	0	52	2021-11-04T08:02:10
2.78077	-50.90771	0	52	2021-11-04T08:07:10
2.78076	-50.90786	0	52	2021-11-04T08:17:08
2.78076	-50.90769	0	52	2021-11-04T08:22:08
2.78067	-50.90778	0	52	2021-11-04T08:27:07
2.78070	-50.90769	0	52	2021-11-04T08:33:02
2.78070	-50.90778	0	52	2021-11-04T08:38:02
2.78077	-50.90771	0	52	2021-11-04T08:42:13
2.78065	-50.90765	0	52	2021-11-04T09:17:14
2.78062	-50.90771	0	52	2021-11-04T09:37:30
2.78057	-50.90778	0	52	2021-11-04T10:02:07
2.78078	-50.90761	0	52	2021-11-04T10:07:07
2.78069	-50.90787	0	52	2021-11-04T10:12:06
2.78058	-50.90778	0	52	2021-11-04T10:17:38
2.78077	-50.90756	0	52	2021-11-04T10:37:06
2.78073	-50.90765	0	52	2021-11-04T10:42:07
2.78073	-50.90756	0	52	2021-11-04T10:47:07
2.78083	-50.90759	0	52	2021-11-04T10:52:04
2.78081	-50.90765	0	52	2021-11-04T10:57:08
2.78081	-50.90759	0	52	2021-11-04T11:17:09
2.78066	-50.90771	0	52	2021-11-04T12:02:05
2.78066	-50.90778	0	52	2021-11-04T12:07:08
2.78066	-50.90771	0	52	2021-11-04T12:12:06
2.78062	-50.90765	0	52	2021-11-04T12:47:05
2.78070	-50.90758	0	52	2021-11-04T13:12:08
2.78066	-50.90767	0	52	2021-11-04T13:17:07
2.78087	-50.90741	0	52	2021-11-04T13:22:07
2.78075	-50.90750	0	52	2021-11-04T13:32:12
2.78071	-50.90759	0	52	2021-11-04T13:42:11
2.78069	-50.90756	0	52	2021-11-04T14:12:16
2.78067	-50.90765	0	52	2021-11-04T14:47:18
2.78068	-50.90765	0	52	2021-11-04T15:37:57
2.78062	-50.90771	0	52	2021-11-04T15:42:22
2.78061	-50.90771	0	52	2021-11-04T15:47:20
2.78065	-50.90771	0	52	2021-11-04T15:52:20
2.78068	-50.90768	0	52	2021-11-04T16:12:17
2.78076	-50.90764	0	52	2021-11-04T16:22:17
2.78076	-50.90747	0	52	2021-11-04T16:27:16
2.78072	-50.90756	0	52	2021-11-04T16:32:16
2.78062	-50.90765	0	52	2021-11-04T16:38:04
2.78068	-50.90768	0	52	2021-11-04T16:47:15
2.78072	-50.90768	0	52	2021-11-04T16:57:14
2.78077	-50.90765	0	52	2021-11-04T18:37:27
2.78073	-50.90765	0	52	2021-11-04T18:42:27
2.78082	-50.90765	0	52	2021-11-04T18:47:28
2.78076	-50.90765	0	52	2021-11-04T19:02:23
2.78074	-50.90771	0	52	2021-11-04T19:47:19
2.78078	-50.90778	0	52	2021-11-04T20:17:09
2.78078	-50.90769	0	52	2021-11-04T20:22:10
2.78074	-50.90778	0	52	2021-11-04T20:27:10
2.78072	-50.90777	0	52	2021-11-04T20:37:03
2.78070	-50.90771	0	52	2021-11-04T20:42:05
2.78068	-50.90768	0	52	2021-11-04T20:47:02
2.78079	-50.90781	0	52	2021-11-04T21:02:04
2.78070	-50.90771	0	52	2021-11-04T21:39:32
2.78081	-50.90778	0	52	2021-11-04T21:42:04
2.78074	-50.90775	0	52	2021-11-04T22:07:04
2.78083	-50.90766	0	52	2021-11-04T22:12:04
2.78074	-50.90775	0	52	2021-11-04T22:17:03
2.78066	-50.90761	0	52	2021-11-04T23:27:11
2.78066	-50.90778	0	52	2021-11-04T23:32:11
2.78067	-50.90744	0	52	2021-11-05T00:07:13
2.78070	-50.90756	0	52	2021-11-05T00:27:17
2.78074	-50.90756	0	52	2021-11-05T00:32:17
2.78065	-50.90765	0	52	2021-11-05T00:37:17
2.78070	-50.90755	0	52	2021-11-05T02:07:13
2.78079	-50.90755	0	52	2021-11-05T02:12:12
2.78070	-50.90781	0	52	2021-11-05T02:17:13
2.78064	-50.90784	0	52	2021-11-05T03:42:08
2.78059	-50.90771	0	52	2021-11-05T03:58:07
2.78071	-50.90750	0	52	2021-11-05T05:37:08
2.78073	-50.90770	0	52	2021-11-05T08:53:16
2.78064	-50.90761	0	52	2021-11-05T08:58:17
2.78068	-50.90778	0	52	2021-11-05T09:03:17
2.78068	-50.90775	0	52	2021-11-05T09:21:57
2.78064	-50.90773	0	52	2021-11-05T09:31:55
2.78068	-50.90773	0	52	2021-11-05T09:36:55
2.78051	-50.90756	0	52	2021-11-05T09:41:56
2.78060	-50.90778	0	52	2021-11-05T10:16:47
2.78070	-50.90771	0	52	2021-11-05T16:07:15
2.78062	-50.90762	0	52	2021-11-05T18:04:58
2.78066	-50.90762	0	52	2021-11-05T18:09:58
2.78066	-50.90771	0	52	2021-11-05T18:14:57
2.78074	-50.90778	0	52	2021-11-05T20:36:37
2.78070	-50.90778	0	52	2021-11-05T20:46:38
2.78062	-50.90756	0	52	2021-11-05T21:21:34
2.78079	-50.90762	0	52	2021-11-05T22:06:26
2.78069	-50.90765	0	52	2021-11-05T22:16:28
2.78067	-50.90771	0	52	2021-11-05T23:26:21
2.78067	-50.90780	0	52	2021-11-05T23:31:21
2.78058	-50.90771	0	52	2021-11-05T23:36:22
2.78059	-50.90768	0	52	2021-11-06T00:26:22
2.78072	-50.90768	0	52	2021-11-06T00:31:21
2.78081	-50.90768	0	52	2021-11-06T00:36:21
2.78085	-50.90764	0	52	2021-11-06T02:56:37
2.78081	-50.90781	0	52	2021-11-06T03:01:38
2.78081	-50.90790	0	52	2021-11-06T03:06:38
2.78072	-50.90795	0	52	2021-11-06T03:16:40
2.78072	-50.90778	0	52	2021-11-06T03:26:41
2.78090	-50.90780	0	52	2021-11-06T03:36:50
2.78073	-50.90780	0	52	2021-11-06T03:41:49
2.78069	-50.90771	0	52	2021-11-06T03:46:49
2.78066	-50.90770	0	52	2021-11-06T03:56:43
2.78057	-50.90779	0	52	2021-11-06T04:01:44
2.78057	-50.90762	0	52	2021-11-06T04:06:44
2.78083	-50.90738	0	52	2021-11-06T05:56:33
2.78070	-50.90756	0	52	2021-11-06T06:06:35
2.78070	-50.90765	0	52	2021-11-06T06:16:34
2.78069	-50.90765	0	52	2021-11-06T06:21:30
2.78073	-50.90769	0	52	2021-11-06T07:11:27
2.78060	-50.90778	0	52	2021-11-06T07:16:27
2.78088	-50.90802	0	52	2021-11-06T07:36:23
2.78071	-50.90788	0	52	2021-11-06T09:16:22
2.78071	-50.90771	0	52	2021-11-06T09:21:22
2.78075	-50.90771	0	52	2021-11-06T09:26:23
2.78058	-50.90782	0	52	2021-11-06T09:51:23
2.78079	-50.90773	0	52	2021-11-06T09:56:23
2.78058	-50.90790	0	52	2021-11-06T10:01:22
2.78079	-50.90778	0	52	2021-11-06T10:46:21
2.78077	-50.90771	0	52	2021-11-06T12:01:19
2.78071	-50.90779	0	52	2021-11-06T12:07:56
2.78067	-50.90762	0	52	2021-11-06T12:17:57
2.78075	-50.90778	0	52	2021-11-06T14:46:24
2.78080	-50.90762	0	52	2021-11-06T16:26:28
2.78075	-50.90769	0	52	2021-11-06T17:31:36
2.78075	-50.90778	0	52	2021-11-06T17:36:36
2.78079	-50.90778	0	52	2021-11-06T17:41:35
2.78067	-50.90768	0	52	2021-11-06T18:01:35
2.78070	-50.90778	0	52	2021-11-06T20:01:34
2.78070	-50.90761	0	52	2021-11-06T20:06:33
2.78070	-50.90735	0	52	2021-11-06T20:11:33
2.78064	-50.90771	0	52	2021-11-06T21:01:22
2.78059	-50.90771	0	52	2021-11-06T21:06:20
2.78060	-50.90771	0	52	2021-11-06T21:11:23
2.78070	-50.90771	0	52	2021-11-06T21:41:28
2.78067	-50.90775	0	52	2021-11-06T21:46:26
2.78074	-50.90771	0	52	2021-11-06T21:51:27
2.78066	-50.90775	0	52	2021-11-06T22:36:28
2.78066	-50.90784	0	52	2021-11-06T22:41:28
2.78070	-50.90775	0	52	2021-11-06T22:46:29
2.78068	-50.90771	0	52	2021-11-06T23:41:42
2.78059	-50.90756	0	52	2021-11-07T00:21:46
2.78058	-50.90787	0	52	2021-11-07T01:46:36
2.78058	-50.90778	0	52	2021-11-07T01:51:36
2.78068	-50.90762	0	52	2021-11-07T02:21:28
2.78059	-50.90762	0	52	2021-11-07T02:26:28
2.78050	-50.90753	0	52	2021-11-07T02:31:29
2.78095	-50.90790	0	52	2021-11-07T02:51:25
2.78075	-50.90787	0	52	2021-11-07T05:51:44
2.78071	-50.90778	0	52	2021-11-07T06:01:45
2.78083	-50.90765	0	52	2021-11-07T08:31:48
2.78074	-50.90768	0	52	2021-11-07T08:51:44
2.78098	-50.90771	0	52	2021-11-07T10:11:41
2.78084	-50.90765	0	52	2021-11-07T11:16:44
2.78085	-50.90744	0	52	2021-11-07T11:24:59
2.78093	-50.90765	0	52	2021-11-07T11:26:43
2.78082	-50.90765	0	52	2021-11-07T14:06:41
2.78091	-50.90765	0	52	2021-11-07T14:11:41
2.78091	-50.90756	0	52	2021-11-07T14:16:42
2.78057	-50.90767	0	52	2021-11-07T14:27:59
2.78066	-50.90758	0	52	2021-11-07T14:32:58
2.78070	-50.90775	0	52	2021-11-07T14:37:58
2.78069	-50.90775	0	52	2021-11-07T17:36:32
2.78065	-50.90775	0	52	2021-11-07T17:41:31
2.78061	-50.90775	0	52	2021-11-07T17:46:31
2.78059	-50.90769	0	52	2021-11-07T17:56:29
2.78055	-50.90778	0	52	2021-11-07T18:01:30
2.78059	-50.90778	0	52	2021-11-07T18:06:30
2.78057	-50.90771	0	52	2021-11-07T18:21:26
2.78062	-50.90765	0	52	2021-11-07T20:11:48
2.78075	-50.90765	0	52	2021-11-07T20:16:48
2.78062	-50.90748	0	52	2021-11-07T20:26:47
2.78066	-50.90748	0	52	2021-11-07T20:31:47
2.78066	-50.90765	0	52	2021-11-07T20:36:46
2.78056	-50.90759	0	52	2021-11-07T20:56:45
2.78054	-50.90787	0	52	2021-11-08T00:06:50
2.78074	-50.90784	0	52	2021-11-08T03:31:58
2.78075	-50.90771	0	52	2021-11-08T05:46:55
2.78074	-50.90784	0	52	2021-11-08T06:36:37
2.78078	-50.90784	0	52	2021-11-08T06:41:37
2.78074	-50.90784	0	52	2021-11-08T06:46:38
2.78093	-50.90762	0	52	2021-11-08T08:36:30
2.78108	-50.90748	0	52	2021-11-08T11:21:26
2.78099	-50.90765	0	52	2021-11-08T11:26:25
2.78103	-50.90765	0	52	2021-11-08T11:31:25
2.78079	-50.90787	0	52	2021-11-08T11:46:28
2.78082	-50.90765	0	52	2021-11-08T13:46:30
2.78077	-50.90778	0	52	2021-11-08T13:51:29
2.78081	-50.90787	0	52	2021-11-08T14:01:28
2.78080	-50.90781	0	52	2021-11-08T16:36:20
2.78071	-50.90780	0	52	2021-11-08T17:21:14
2.78062	-50.90771	0	52	2021-11-08T17:26:13
2.78071	-50.90771	0	52	2021-11-08T17:31:13
2.78053	-50.90768	0	52	2021-11-08T18:06:15
2.78053	-50.90759	0	52	2021-11-08T18:11:15
2.78062	-50.90768	0	52	2021-11-08T19:44:18
2.78069	-50.90765	0	52	2021-11-08T20:21:16
2.78067	-50.90765	0	52	2021-11-08T20:31:18
2.78067	-50.90756	0	52	2021-11-08T20:36:18
2.78071	-50.90756	0	52	2021-11-08T20:41:19
2.78070	-50.90775	0	52	2021-11-08T21:01:17
2.78072	-50.90781	0	52	2021-11-08T21:21:19
2.78073	-50.90765	0	52	2021-11-08T22:26:28
2.78082	-50.90765	0	52	2021-11-08T22:31:27
2.78072	-50.90768	0	52	2021-11-08T23:01:28
2.78068	-50.90768	0	52	2021-11-08T23:06:28
2.78064	-50.90768	0	52	2021-11-08T23:11:28
2.78062	-50.90766	0	52	2021-11-08T23:21:27
2.78058	-50.90766	0	52	2021-11-08T23:26:27
2.78062	-50.90775	0	52	2021-11-08T23:31:26
2.78062	-50.90771	0	52	2021-11-09T00:07:59
2.78053	-50.90759	0	52	2021-11-09T05:11:03
2.78068	-50.90751	0	52	2021-11-09T07:55:55
2.78072	-50.90777	0	52	2021-11-09T08:00:54
2.78072	-50.90768	0	52	2021-11-09T08:05:54
2.78074	-50.90756	0	52	2021-11-09T08:15:55
2.78065	-50.90756	0	52	2021-11-09T08:20:56
2.78054	-50.90756	0	52	2021-11-09T10:47:38
2.78080	-50.90756	0	52	2021-11-09T10:52:39
2.78076	-50.90765	0	52	2021-11-09T10:57:39
2.78072	-50.90778	0	52	2021-11-09T11:55:47
2.78081	-50.90784	0	52	2021-11-09T14:02:36
2.78079	-50.90799	0	52	2021-11-09T14:15:50
2.78083	-50.90799	0	52	2021-11-09T14:20:49
2.78083	-50.90790	0	52	2021-11-09T14:25:49
2.78085	-50.90790	0	52	2021-11-09T14:45:38
2.78072	-50.90771	0	52	2021-11-09T15:30:30
2.78072	-50.90775	0	52	2021-11-09T17:10:39
2.78059	-50.90784	0	52	2021-11-09T17:15:39
2.78057	-50.90784	0	52	2021-11-09T19:45:39
2.78075	-50.90771	0	52	2021-11-09T20:05:37
2.78080	-50.90771	0	52	2021-11-09T22:00:20
2.78058	-50.90771	0	52	2021-11-09T23:00:19
2.78070	-50.90765	0	52	2021-11-10T01:50:13
2.78071	-50.90778	0	52	2021-11-10T02:20:10
2.78071	-50.90787	0	52	2021-11-10T02:30:10
2.78071	-50.90781	0	52	2021-11-10T02:45:07
2.78066	-50.90802	0	52	2021-11-10T05:15:12
2.78081	-50.90781	0	52	2021-11-10T06:00:05
2.78075	-50.90778	0	52	2021-11-10T06:40:04
2.78068	-50.90765	0	52	2021-11-10T07:49:54
2.78076	-50.90774	0	52	2021-11-10T07:59:46
2.78076	-50.90765	0	52	2021-11-10T08:04:45
2.78072	-50.90765	0	52	2021-11-10T08:09:45
2.78075	-50.90790	0	52	2021-11-10T08:24:44
2.78065	-50.90771	0	52	2021-11-10T09:04:50
2.78072	-50.90764	0	52	2021-11-10T11:09:50
2.78072	-50.90773	0	52	2021-11-10T11:14:50
2.78072	-50.90756	0	52	2021-11-10T11:19:51
2.78065	-50.90774	0	52	2021-11-10T11:55:09
2.78065	-50.90765	0	52	2021-11-10T12:00:09
2.78090	-50.90787	0	52	2021-11-10T13:50:24
2.78099	-50.90793	0	52	2021-11-10T14:00:14
2.78090	-50.90793	0	52	2021-11-10T14:05:14
2.78099	-50.90793	0	52	2021-11-10T14:10:13
2.78075	-50.90784	0	52	2021-11-10T16:19:52
2.78065	-50.90768	0	52	2021-11-10T18:09:52
2.78069	-50.90759	0	52	2021-11-10T18:19:53
2.78096	-50.90735	0	52	2021-11-10T19:39:54
2.78079	-50.90744	0	52	2021-11-10T19:44:53
2.78083	-50.90744	0	52	2021-11-10T19:49:53
2.78082	-50.90765	0	52	2021-11-10T19:59:50
2.78082	-50.90774	0	52	2021-11-10T20:04:49
2.78091	-50.90765	0	52	2021-11-10T20:09:49
2.78079	-50.90768	0	52	2021-11-10T21:54:51
2.78088	-50.90768	0	52	2021-11-10T21:59:51
2.78071	-50.90768	0	52	2021-11-10T22:04:50
2.78084	-50.90784	0	52	2021-11-11T00:39:54
2.78099	-50.90747	0	52	2021-11-11T00:49:53
2.78060	-50.90771	0	52	2021-11-11T01:34:51
2.78068	-50.90765	0	52	2021-11-11T02:24:56
2.78068	-50.90774	0	52	2021-11-11T02:29:56
2.78068	-50.90765	0	52	2021-11-11T02:34:57
2.78066	-50.90776	0	52	2021-11-11T04:34:51
2.78066	-50.90785	0	52	2021-11-11T04:39:51
2.78066	-50.90768	0	52	2021-11-11T04:44:51
2.78064	-50.90771	0	52	2021-11-11T07:25:46
2.78077	-50.90771	0	52	2021-11-11T07:30:46
2.78060	-50.90771	0	52	2021-11-11T07:35:45
2.78073	-50.90765	0	52	2021-11-11T07:44:37
2.78073	-50.90782	0	52	2021-11-11T07:49:38
2.78060	-50.90765	0	52	2021-11-11T07:54:38
2.78070	-50.90750	0	52	2021-11-11T08:14:42
2.78075	-50.90759	0	52	2021-11-11T10:34:58
2.78084	-50.90768	0	52	2021-11-11T10:39:59
2.78080	-50.90768	0	52	2021-11-11T10:44:59
2.78070	-50.90762	0	52	2021-11-11T11:24:59
2.78080	-50.90767	0	52	2021-11-11T13:05:12
2.78089	-50.90767	0	52	2021-11-11T13:10:12
2.78059	-50.90784	0	52	2021-11-11T13:15:11
2.78074	-50.90778	0	52	2021-11-11T13:40:10
2.78068	-50.90781	0	52	2021-11-11T13:55:08
2.78074	-50.90778	0	52	2021-11-11T14:15:09
2.78059	-50.90771	0	52	2021-11-11T16:19:52
2.78068	-50.90771	0	52	2021-11-11T16:29:51
2.78073	-50.90784	0	52	2021-11-11T17:19:54
2.78060	-50.90775	0	52	2021-11-11T17:24:54
2.78069	-50.90775	0	52	2021-11-11T17:29:53
2.78060	-50.90756	0	52	2021-11-11T18:25:02
2.78119	-50.90710	0	52	2021-11-11T19:14:52
2.78061	-50.90756	0	52	2021-11-11T19:54:55
2.78079	-50.90756	0	52	2021-11-11T19:59:54
2.78090	-50.90767	0	52	2021-11-11T20:24:55
2.78073	-50.90750	0	52	2021-11-11T20:29:56
2.78047	-50.90741	0	52	2021-11-11T20:34:56
2.78089	-50.90762	0	52	2021-11-11T21:59:45
2.78068	-50.90762	0	52	2021-11-11T22:04:46
2.78068	-50.90771	0	52	2021-11-11T22:09:46
2.78072	-50.90768	0	52	2021-11-11T22:19:44
2.78081	-50.90759	0	52	2021-11-11T22:24:45
2.78077	-50.90768	0	52	2021-11-11T22:29:45
2.78081	-50.90756	0	52	2021-11-11T22:44:47
2.78085	-50.90756	0	52	2021-11-11T22:49:46
2.78081	-50.90765	0	52	2021-11-11T23:09:50
2.78060	-50.90756	0	52	2021-11-12T01:39:50
2.78087	-50.90771	0	52	2021-11-12T01:54:49
2.78067	-50.90778	0	52	2021-11-12T01:59:43
2.78075	-50.90774	0	52	2021-11-12T02:09:42
2.78079	-50.90765	0	52	2021-11-12T02:14:42
2.78079	-50.90756	0	52	2021-11-12T02:19:43
2.78072	-50.90775	0	52	2021-11-12T03:34:41
2.78080	-50.90790	0	52	2021-11-12T04:19:40
2.78067	-50.90790	0	52	2021-11-12T04:24:41
2.78071	-50.90790	0	52	2021-11-12T04:29:41
2.78062	-50.90771	0	52	2021-11-12T05:12:16
2.78054	-50.90765	0	52	2021-11-12T05:24:41
2.78059	-50.90775	0	52	2021-11-12T05:29:37
2.78084	-50.90771	0	52	2021-11-12T06:09:41
2.78084	-50.90762	0	52	2021-11-12T07:05:58
2.78084	-50.90771	0	52	2021-11-12T07:10:58
2.78071	-50.90771	0	52	2021-11-12T07:15:57
2.78057	-50.90765	0	52	2021-11-12T08:39:39
2.78065	-50.90784	0	52	2021-11-12T09:04:38
2.78065	-50.90775	0	52	2021-11-12T09:09:37
2.78065	-50.90784	0	52	2021-11-12T09:14:37
2.78066	-50.90771	0	52	2021-11-12T11:44:40
2.78064	-50.90759	0	52	2021-11-12T12:09:36
2.78072	-50.90778	0	52	2021-11-12T13:34:58
2.78068	-50.90778	0	52	2021-11-12T13:39:58
2.78072	-50.90778	0	52	2021-11-12T13:44:57
2.78063	-50.90778	0	52	2021-11-12T13:54:55
2.78072	-50.90787	0	52	2021-11-12T13:59:55
2.78070	-50.90778	0	52	2021-11-12T14:04:59
2.78065	-50.90782	0	52	2021-11-12T14:50:16
2.78069	-50.90778	0	52	2021-11-12T14:55:03
2.78082	-50.90799	0	52	2021-11-12T15:00:17
2.78054	-50.90793	0	52	2021-11-12T16:09:54
2.78076	-50.90790	0	52	2021-11-12T16:29:54
2.78058	-50.90775	0	52	2021-11-12T17:25:03
2.78060	-50.90777	0	52	2021-11-12T18:30:15
2.78069	-50.90777	0	52	2021-11-12T18:35:15
2.78043	-50.90768	0	52	2021-11-12T18:40:16
2.78098	-50.90765	0	52	2021-11-12T18:45:17
2.78086	-50.90750	0	52	2021-11-12T19:20:10
2.78038	-50.90724	0	52	2021-11-12T20:15:13
2.78051	-50.90724	0	52	2021-11-12T20:20:14
2.78068	-50.90784	0	52	2021-11-12T20:25:14
2.78089	-50.90771	0	52	2021-11-12T21:07:52
2.78072	-50.90771	0	52	2021-11-12T21:17:51
2.78071	-50.90771	0	52	2021-11-12T21:45:19
2.78071	-50.90762	0	52	2021-11-12T21:50:18
2.78067	-50.90762	0	52	2021-11-12T21:55:19
2.78068	-50.90765	0	52	2021-11-12T22:00:16
2.78072	-50.90765	0	52	2021-11-12T22:05:16
2.78068	-50.90765	0	52	2021-11-12T22:10:17
2.78058	-50.90765	0	52	2021-11-12T23:10:16
2.78060	-50.90765	0	52	2021-11-12T23:15:13
2.78058	-50.90756	0	52	2021-11-12T23:35:39
2.78056	-50.90762	0	52	2021-11-13T00:10:07
2.78080	-50.90756	0	52	2021-11-13T00:45:01
2.78086	-50.90750	0	52	2021-11-13T00:55:06
2.78090	-50.90750	0	52	2021-11-13T01:05:05
2.78068	-50.90762	0	52	2021-11-13T02:04:55
2.78062	-50.90778	0	52	2021-11-13T02:09:53
2.78077	-50.90778	0	52	2021-11-13T03:02:59
2.78073	-50.90793	0	52	2021-11-13T03:04:47
2.78058	-50.90759	0	52	2021-11-13T04:29:34
2.78071	-50.90778	0	52	2021-11-13T05:09:54
2.78058	-50.90778	0	52	2021-11-13T05:14:54
2.78061	-50.90775	0	52	2021-11-13T05:24:44
2.78074	-50.90775	0	52	2021-11-13T05:34:45
2.78081	-50.90771	0	52	2021-11-13T05:39:47
2.78068	-50.90765	0	52	2021-11-13T06:29:40
2.78073	-50.90778	0	52	2021-11-13T06:44:31
2.78069	-50.90778	0	52	2021-11-13T06:59:29
2.78065	-50.90778	0	52	2021-11-13T07:04:29
2.78066	-50.90775	0	52	2021-11-13T07:39:31
2.78066	-50.90781	0	52	2021-11-13T08:44:20
2.78079	-50.90765	0	52	2021-11-13T10:44:37
2.78075	-50.90765	0	52	2021-11-13T10:54:37
2.78076	-50.90765	0	52	2021-11-13T11:09:29
2.78084	-50.90750	0	52	2021-11-13T13:04:26
2.78068	-50.90778	0	52	2021-11-13T14:54:14
2.78064	-50.90787	0	52	2021-11-13T15:04:13
2.78068	-50.90790	0	52	2021-11-13T15:09:13
2.78068	-50.90781	0	52	2021-11-13T15:14:13
2.78068	-50.90790	0	52	2021-11-13T15:19:12
2.78086	-50.90764	0	52	2021-11-13T16:44:02
2.78086	-50.90773	0	52	2021-11-13T16:49:03
2.78082	-50.90790	0	52	2021-11-13T16:54:03
2.78079	-50.90765	0	52	2021-11-13T16:59:04
2.78066	-50.90764	0	52	2021-11-13T17:09:00
2.78079	-50.90781	0	52	2021-11-13T17:19:00
2.78078	-50.90775	0	52	2021-11-13T19:13:53
2.78087	-50.90775	0	52	2021-11-13T19:18:54
2.78083	-50.90775	0	52	2021-11-13T19:23:54
2.78080	-50.90771	0	52	2021-11-13T19:29:02
2.78076	-50.90775	0	52	2021-11-13T19:33:55
2.78097	-50.90784	0	52	2021-11-13T19:38:54
2.78088	-50.90775	0	52	2021-11-13T19:43:55
2.78074	-50.90781	0	52	2021-11-13T20:28:58
2.78068	-50.90765	0	52	2021-11-13T22:18:54
2.78050	-50.90771	0	52	2021-11-13T22:58:58
2.78056	-50.90782	0	52	2021-11-13T23:23:54
2.77880	-50.90653	0	52	2021-11-13T23:28:54
2.78056	-50.90765	0	52	2021-11-13T23:33:54
2.78054	-50.90750	0	52	2021-11-13T23:54:00
2.78074	-50.90787	0	52	2021-11-14T01:03:48
2.78061	-50.90763	0	52	2021-11-14T01:53:48
2.78057	-50.90772	0	52	2021-11-14T01:58:48
2.78061	-50.90781	0	52	2021-11-14T02:03:47
2.78063	-50.90778	0	52	2021-11-14T02:33:52
2.78067	-50.90778	0	52	2021-11-14T02:38:52
2.78067	-50.90787	0	52	2021-11-14T02:43:52
2.78061	-50.90787	0	52	2021-11-14T02:48:50
2.78067	-50.90781	0	52	2021-11-14T04:23:55
2.78068	-50.90777	0	52	2021-11-14T05:14:07
2.78077	-50.90768	0	52	2021-11-14T05:19:08
2.78075	-50.90771	0	52	2021-11-14T05:29:06
2.78062	-50.90771	0	52	2021-11-14T05:34:07
2.78079	-50.90771	0	52	2021-11-14T05:39:07
2.78089	-50.90769	0	52	2021-11-14T05:49:01
2.78076	-50.90769	0	52	2021-11-14T05:54:00
2.78076	-50.90778	0	52	2021-11-14T05:59:00
2.78072	-50.90771	0	52	2021-11-14T06:09:05
2.78075	-50.90765	0	52	2021-11-14T06:43:57
2.78079	-50.90765	0	52	2021-11-14T06:48:57
2.78080	-50.90778	0	52	2021-11-14T07:03:58
2.78064	-50.90781	0	52	2021-11-14T07:38:58
2.78073	-50.90781	0	52	2021-11-14T07:43:58
2.78063	-50.90774	0	52	2021-11-14T07:48:58
2.78076	-50.90765	0	52	2021-11-14T07:53:57
2.78073	-50.90787	0	52	2021-11-14T08:03:58
2.78060	-50.90784	0	52	2021-11-14T09:48:53
2.78064	-50.90784	0	52	2021-11-14T09:53:53
2.78060	-50.90775	0	52	2021-11-14T09:58:53
2.78062	-50.90778	0	52	2021-11-14T10:08:56
2.78058	-50.90778	0	52	2021-11-14T10:13:56
2.78067	-50.90778	0	52	2021-11-14T10:18:55
2.78065	-50.90775	0	52	2021-11-14T10:43:51
2.78075	-50.90784	0	52	2021-11-14T11:44:04
2.78058	-50.90772	0	52	2021-11-14T12:18:55
2.78058	-50.90781	0	52	2021-11-14T12:23:55
2.78062	-50.90781	0	52	2021-11-14T12:28:54
2.78084	-50.90756	0	52	2021-11-14T13:08:48
2.78076	-50.90768	0	52	2021-11-14T13:23:46
2.78080	-50.90759	0	52	2021-11-14T13:33:45
2.78062	-50.90780	0	52	2021-11-14T15:33:28
2.78071	-50.90780	0	52	2021-11-14T15:38:28
2.78080	-50.90771	0	52	2021-11-14T15:43:29
2.78073	-50.90778	0	52	2021-11-14T15:53:27
2.78103	-50.90769	0	52	2021-11-14T15:58:28
2.78090	-50.90778	0	52	2021-11-14T16:03:28
2.78081	-50.90796	0	52	2021-11-14T16:21:00
2.78079	-50.90796	0	52	2021-11-14T16:53:29
2.78081	-50.90787	0	52	2021-11-14T16:58:27
2.78075	-50.90787	0	52	2021-11-14T17:03:30
2.78062	-50.90778	0	52	2021-11-14T17:43:33
2.78061	-50.90771	0	52	2021-11-14T18:48:30
2.78070	-50.90771	0	52	2021-11-14T19:08:32
2.78074	-50.90771	0	52	2021-11-14T19:13:31
2.78065	-50.90769	0	52	2021-11-14T19:43:28
2.78065	-50.90778	0	52	2021-11-14T19:48:29
2.78074	-50.90778	0	52	2021-11-14T19:53:29
2.78066	-50.90768	0	52	2021-11-14T20:13:25
2.78046	-50.90744	0	52	2021-11-14T20:33:29
2.78075	-50.90759	0	52	2021-11-14T21:53:29
2.78075	-50.90768	0	52	2021-11-14T22:03:29
2.78072	-50.90765	0	52	2021-11-14T22:08:28
2.78075	-50.90765	0	52	2021-11-14T22:18:30
2.78072	-50.90765	0	52	2021-11-14T22:33:34
2.78081	-50.90782	0	52	2021-11-14T22:38:34
2.78068	-50.90765	0	52	2021-11-14T22:43:35
2.78060	-50.90765	0	52	2021-11-14T23:03:39
2.78044	-50.90759	0	52	2021-11-14T23:13:33
2.78057	-50.90768	0	52	2021-11-14T23:18:33
2.78053	-50.90768	0	52	2021-11-14T23:23:33
2.78060	-50.90778	0	52	2021-11-14T23:43:30
2.78054	-50.90787	0	52	2021-11-14T23:48:34
2.78054	-50.90778	0	52	2021-11-14T23:53:34
2.78066	-50.90762	0	52	2021-11-15T00:53:35
2.78064	-50.90765	0	52	2021-11-15T01:08:41
2.78067	-50.90756	0	52	2021-11-15T01:13:31
2.78067	-50.90790	0	52	2021-11-15T01:33:41
2.78058	-50.90782	0	52	2021-11-15T02:03:38
2.78045	-50.90782	0	52	2021-11-15T02:08:38
2.78062	-50.90765	0	52	2021-11-15T02:13:37
2.78060	-50.90771	0	52	2021-11-15T02:23:39
2.78064	-50.90771	0	52	2021-11-15T02:33:40
2.78057	-50.90771	0	52	2021-11-15T03:13:26
2.78070	-50.90754	0	52	2021-11-15T03:18:25
2.78070	-50.90771	0	52	2021-11-15T03:23:25
2.78050	-50.90765	0	52	2021-11-15T04:23:20
2.78058	-50.90765	0	52	2021-11-15T04:38:19
2.78057	-50.90759	0	52	2021-11-15T04:58:17
2.78065	-50.90761	0	52	2021-11-15T07:38:16
2.78061	-50.90778	0	52	2021-11-15T07:43:16
2.78065	-50.90778	0	52	2021-11-15T07:48:17
2.78061	-50.90784	0	52	2021-11-15T07:58:15
2.78065	-50.90784	0	52	2021-11-15T09:37:57
2.78056	-50.90784	0	52	2021-11-15T09:42:57
2.78063	-50.90771	0	52	2021-11-15T09:57:57
2.78072	-50.90771	0	52	2021-11-15T10:07:58
2.78069	-50.90771	0	52	2021-11-15T10:37:44
2.78065	-50.90771	0	52	2021-11-15T10:47:43
2.78062	-50.90771	0	52	2021-11-15T12:32:51
2.78058	-50.90768	0	52	2021-11-15T13:30:50
2.78059	-50.90784	0	52	2021-11-15T14:47:52
2.78090	-50.90758	0	52	2021-11-15T16:12:55
2.78081	-50.90775	0	52	2021-11-15T16:17:55
2.78072	-50.90775	0	52	2021-11-15T16:22:54
2.78058	-50.90778	0	52	2021-11-15T16:27:57
2.78087	-50.90780	0	52	2021-11-15T16:37:52
2.78091	-50.90780	0	52	2021-11-15T16:42:53
2.78074	-50.90771	0	52	2021-11-15T16:47:53
2.78105	-50.90762	0	52	2021-11-15T18:36:21
2.78095	-50.90771	0	52	2021-11-15T18:37:50
2.78099	-50.90778	0	52	2021-11-15T19:18:00
2.78072	-50.90787	0	52	2021-11-15T20:28:08
2.78066	-50.90784	0	52	2021-11-15T20:38:07
2.78066	-50.90778	0	52	2021-11-15T21:58:01
2.78075	-50.90769	0	52	2021-11-15T22:03:01
2.78071	-50.90778	0	52	2021-11-15T22:08:01
2.78068	-50.90775	0	52	2021-11-15T22:12:59
2.78058	-50.90781	0	52	2021-11-15T22:38:04
2.78075	-50.90781	0	52	2021-11-15T22:43:04
2.78062	-50.90781	0	52	2021-11-15T22:48:05
2.78070	-50.90790	0	52	2021-11-15T23:23:30
2.78048	-50.90790	0	52	2021-11-16T00:12:59
2.78061	-50.90781	0	52	2021-11-16T00:17:58
2.78057	-50.90781	0	52	2021-11-16T00:22:58
2.78077	-50.90768	0	52	2021-11-16T00:38:01
2.78067	-50.90790	0	52	2021-11-16T00:42:55
2.78059	-50.90762	0	52	2021-11-16T01:18:46
2.78069	-50.90759	0	52	2021-11-16T02:28:00
2.78062	-50.90759	0	52	2021-11-16T02:33:05
2.78065	-50.90759	0	52	2021-11-16T02:37:59
2.78055	-50.90756	0	52	2021-11-16T03:18:08
2.78068	-50.90756	0	52	2021-11-16T03:23:07
2.78077	-50.90756	0	52	2021-11-16T03:28:07
2.78061	-50.90756	0	52	2021-11-16T04:13:00
2.78075	-50.90781	0	52	2021-11-16T06:53:12
2.78084	-50.90781	0	52	2021-11-16T06:58:12
2.78072	-50.90790	0	52	2021-11-16T07:03:12
2.78055	-50.90768	0	52	2021-11-16T07:48:09
2.78068	-50.90768	0	52	2021-11-16T07:53:10
2.78062	-50.90780	0	52	2021-11-16T08:58:06
2.78058	-50.90771	0	52	2021-11-16T09:03:06
2.78062	-50.90771	0	52	2021-11-16T09:08:06
2.78032	-50.90793	0	52	2021-11-16T12:23:11
2.78061	-50.90779	0	52	2021-11-16T12:38:11
2.78070	-50.90762	0	52	2021-11-16T12:43:10
2.78065	-50.90747	0	52	2021-11-16T14:43:26
2.78067	-50.90771	0	52	2021-11-16T15:48:09
2.78080	-50.90793	0	52	2021-11-16T16:13:22
2.78070	-50.90793	0	52	2021-11-16T16:28:13
2.78121	-50.90764	0	52	2021-11-16T18:33:01
2.78104	-50.90764	0	52	2021-11-16T18:38:01
2.78083	-50.90790	0	52	2021-11-16T18:43:02
2.78087	-50.90778	0	52	2021-11-16T18:48:03
2.78081	-50.90771	0	52	2021-11-16T19:18:08
2.78057	-50.90776	0	52	2021-11-16T20:28:11
2.78057	-50.90750	0	52	2021-11-16T20:33:10
2.78062	-50.90771	0	52	2021-11-16T20:38:13
2.78075	-50.90765	0	52	2021-11-16T21:33:07
2.78082	-50.90784	0	52	2021-11-16T21:38:16
2.78072	-50.90793	0	52	2021-11-16T22:48:13
2.77875	-50.90656	0	52	2021-11-16T23:13:02
2.78082	-50.90747	0	52	2021-11-17T01:03:04
2.78105	-50.90742	0	52	2021-11-17T03:03:23
2.78105	-50.90768	0	52	2021-11-17T03:08:23
2.78105	-50.90759	0	52	2021-11-17T03:13:24
2.78073	-50.90764	0	52	2021-11-17T03:23:10
2.78099	-50.90747	0	52	2021-11-17T03:28:10
2.78095	-50.90756	0	52	2021-11-17T03:33:09
2.78064	-50.90775	0	52	2021-11-17T03:52:56
2.78073	-50.90769	0	52	2021-11-17T05:38:37
2.78086	-50.90769	0	52	2021-11-17T05:43:38
2.78069	-50.90778	0	52	2021-11-17T05:48:38
2.78071	-50.90748	0	52	2021-11-17T06:13:01
2.78092	-50.90774	0	52	2021-11-17T06:18:01
2.78083	-50.90765	0	52	2021-11-17T06:23:01
2.78072	-50.90788	0	52	2021-11-17T08:12:55
2.78059	-50.90762	0	52	2021-11-17T08:17:55
2.78059	-50.90771	0	52	2021-11-17T08:22:56
2.78054	-50.90748	0	52	2021-11-17T08:47:52
2.78045	-50.90748	0	52	2021-11-17T08:52:53
2.78058	-50.90765	0	52	2021-11-17T08:57:53
2.78059	-50.90775	0	52	2021-11-17T09:02:55
2.78052	-50.90754	0	52	2021-11-17T09:07:59
2.78065	-50.90771	0	52	2021-11-17T09:12:59
2.78081	-50.90771	0	52	2021-11-17T09:37:57
2.78069	-50.90778	0	52	2021-11-17T11:12:55
2.78061	-50.90781	0	52	2021-11-17T12:22:43
2.78095	-50.90747	0	52	2021-11-17T12:27:43
2.78085	-50.90756	0	52	2021-11-17T12:42:39
2.78085	-50.90759	0	52	2021-11-17T13:42:37
2.78062	-50.90762	0	52	2021-11-17T13:57:40
2.78071	-50.90762	0	52	2021-11-17T14:02:41
2.78067	-50.90753	0	52	2021-11-17T14:07:41
2.78060	-50.90768	0	52	2021-11-17T15:02:31
2.78053	-50.90764	0	52	2021-11-17T15:27:33
2.78057	-50.90773	0	52	2021-11-17T15:32:33
2.78066	-50.90756	0	52	2021-11-17T15:37:34
2.78066	-50.90787	0	52	2021-11-17T18:27:51
2.78061	-50.90775	0	52	2021-11-17T19:12:59
2.78070	-50.90775	0	52	2021-11-17T19:18:00
2.78066	-50.90775	0	52	2021-11-17T19:23:00
2.78087	-50.90811	0	52	2021-11-17T20:03:16
2.78070	-50.90780	0	52	2021-11-17T20:28:00
2.78070	-50.90771	0	52	2021-11-17T20:33:00
2.78066	-50.90771	0	52	2021-11-17T20:37:59
2.78083	-50.90765	0	52	2021-11-17T21:42:59
2.78065	-50.90774	0	52	2021-11-17T22:32:56
2.78061	-50.90765	0	52	2021-11-17T22:37:56
2.78060	-50.90781	0	52	2021-11-17T23:32:42
2.78083	-50.90765	0	52	2021-11-17T23:57:34
2.78084	-50.90759	0	52	2021-11-18T00:22:36
2.78067	-50.90768	0	52	2021-11-18T00:27:36
2.78084	-50.90759	0	52	2021-11-18T00:32:37
2.78065	-50.90765	0	52	2021-11-18T01:27:39
2.78067	-50.90762	0	52	2021-11-18T02:42:31
2.78073	-50.90771	0	52	2021-11-18T03:02:35
2.78082	-50.90774	0	52	2021-11-18T03:17:33
2.78086	-50.90765	0	52	2021-11-18T03:27:32
2.78068	-50.90762	0	52	2021-11-18T03:32:30
2.78081	-50.90771	0	52	2021-11-18T03:37:30
2.78068	-50.90771	0	52	2021-11-18T03:42:31
2.78059	-50.90778	0	52	2021-11-18T04:35:33
2.78070	-50.90771	0	52	2021-11-18T04:37:29
2.78064	-50.90785	0	52	2021-11-18T05:42:25
2.78073	-50.90768	0	52	2021-11-18T05:47:25
2.78064	-50.90768	0	52	2021-11-18T05:52:26
2.78069	-50.90778	0	52	2021-11-18T08:47:22
2.78061	-50.90787	0	52	2021-11-18T08:52:29
2.78065	-50.90787	0	52	2021-11-18T08:57:28
2.78056	-50.90787	0	52	2021-11-18T09:02:28
2.78060	-50.90778	0	52	2021-11-18T10:07:42
2.78064	-50.90778	0	52	2021-11-18T10:17:41
2.78066	-50.90778	0	52	2021-11-18T13:03:02
2.78057	-50.90787	0	52	2021-11-18T13:08:02
2.78054	-50.90778	0	52	2021-11-18T16:37:18
2.78064	-50.90765	0	52	2021-11-18T16:52:20
2.78060	-50.90765	0	52	2021-11-18T16:57:21
2.78056	-50.90765	0	52	2021-11-18T17:02:21
2.78059	-50.90780	0	52	2021-11-18T17:07:19
2.78059	-50.90771	0	52	2021-11-18T17:12:19
2.78060	-50.90784	0	52	2021-11-18T18:32:22
2.78069	-50.90782	0	52	2021-11-18T20:17:11
2.78039	-50.90756	0	52	2021-11-18T20:22:10
2.78060	-50.90756	0	52	2021-11-18T20:27:10
2.78073	-50.90756	0	52	2021-11-18T20:32:07
2.78064	-50.90765	0	52	2021-11-18T20:37:07
2.78060	-50.90765	0	52	2021-11-18T20:42:06
2.78074	-50.90756	0	52	2021-11-18T21:02:09
2.78057	-50.90788	0	52	2021-11-18T22:17:10
2.78066	-50.90771	0	52	2021-11-18T22:27:09
2.78085	-50.90762	0	52	2021-11-19T00:27:19
2.78089	-50.90771	0	52	2021-11-19T00:32:18
2.78089	-50.90762	0	52	2021-11-19T00:37:18
2.78064	-50.90767	0	52	2021-11-19T01:07:17
2.78060	-50.90758	0	52	2021-11-19T01:12:17
2.78069	-50.90775	0	52	2021-11-19T01:17:18
2.78066	-50.90753	0	52	2021-11-19T01:47:14
2.78060	-50.90759	0	52	2021-11-19T02:12:12
2.78083	-50.90756	0	52	2021-11-19T02:47:14
2.78066	-50.90764	0	52	2021-11-19T03:02:13
2.78083	-50.90747	0	52	2021-11-19T03:07:14
2.78056	-50.90765	0	52	2021-11-19T03:22:12
2.78082	-50.90756	0	52	2021-11-19T03:27:14
2.78062	-50.90765	0	52	2021-11-19T04:02:19
2.78069	-50.90753	0	52	2021-11-19T04:07:19
2.78066	-50.90765	0	52	2021-11-19T04:12:19
2.78057	-50.90768	0	52	2021-11-19T04:17:22
2.78044	-50.90759	0	52	2021-11-19T04:22:22
2.78072	-50.90771	0	52	2021-11-19T05:03:30
2.78077	-50.90771	0	52	2021-11-19T05:37:31
2.78069	-50.90771	0	52	2021-11-19T05:42:29
2.78073	-50.90765	0	52	2021-11-19T06:12:32
2.78065	-50.90775	0	52	2021-11-19T07:57:13
2.78065	-50.90778	0	52	2021-11-19T08:27:10
2.78064	-50.90771	0	52	2021-11-19T08:57:08
2.78060	-50.90771	0	52	2021-11-19T09:07:09
2.78066	-50.90787	0	52	2021-11-19T09:42:07
2.78066	-50.90778	0	52	2021-11-19T10:07:11
2.78053	-50.90768	0	52	2021-11-19T11:02:03
2.78083	-50.90768	0	52	2021-11-19T11:07:03
2.78070	-50.90768	0	52	2021-11-19T11:12:04
2.78072	-50.90759	0	52	2021-11-19T11:51:55
2.78059	-50.90759	0	52	2021-11-19T12:01:54
2.78051	-50.90765	0	52	2021-11-19T12:34:25
2.78055	-50.90765	0	52	2021-11-19T12:39:25
2.78075	-50.90759	0	52	2021-11-19T13:11:54
2.78062	-50.90771	0	52	2021-11-19T14:16:46
2.78062	-50.90780	0	52	2021-11-19T14:21:47
2.78062	-50.90771	0	52	2021-11-19T14:26:47
2.78090	-50.90768	0	52	2021-11-19T15:22:08
2.78041	-50.90764	0	52	2021-11-19T17:07:06
2.78058	-50.90764	0	52	2021-11-19T17:12:05
2.78045	-50.90747	0	52	2021-11-19T17:17:05
2.78070	-50.90778	0	52	2021-11-19T18:11:58
2.78070	-50.90761	0	52	2021-11-19T18:16:57
2.78074	-50.90778	0	52	2021-11-19T18:21:57
2.78077	-50.90793	0	52	2021-11-19T20:06:55
2.78071	-50.90765	0	52	2021-11-19T22:06:52
2.77995	-50.90792	0	52	2021-11-19T23:27:02
2.78046	-50.90766	0	52	2021-11-19T23:32:02
2.78020	-50.90775	0	52	2021-11-19T23:37:01
2.78069	-50.90765	0	52	2021-11-20T01:16:58
2.78066	-50.90778	0	52	2021-11-20T01:46:55
2.78079	-50.90778	0	52	2021-11-20T01:51:54
2.78065	-50.90767	0	52	2021-11-20T02:46:43
2.78104	-50.90741	0	52	2021-11-20T02:51:44
2.78065	-50.90756	0	52	2021-11-20T03:26:38
2.78083	-50.90765	0	52	2021-11-20T05:36:21
2.78084	-50.90737	0	52	2021-11-20T06:41:26
2.78075	-50.90788	0	52	2021-11-20T06:46:26
2.78071	-50.90771	0	52	2021-11-20T06:51:26
2.78064	-50.90787	0	52	2021-11-20T06:56:25
2.78062	-50.90781	0	52	2021-11-20T08:41:19
2.78058	-50.90781	0	52	2021-11-20T08:46:20
2.78075	-50.90781	0	52	2021-11-20T08:51:20
2.78068	-50.90771	0	52	2021-11-20T09:29:28
2.78069	-50.90787	0	52	2021-11-20T10:51:19
2.78069	-50.90778	0	52	2021-11-20T10:56:19
2.78073	-50.90778	0	52	2021-11-20T11:01:20
2.78065	-50.90778	0	52	2021-11-20T11:21:20
2.78073	-50.90762	0	52	2021-11-20T11:56:22
2.78069	-50.90762	0	52	2021-11-20T12:01:22
2.78069	-50.90771	0	52	2021-11-20T12:06:22
2.78065	-50.90774	0	52	2021-11-20T13:41:29
2.78061	-50.90765	0	52	2021-11-20T13:51:30
2.78062	-50.90759	0	52	2021-11-20T13:56:31
2.78094	-50.90769	0	52	2021-11-20T15:21:40
2.78111	-50.90752	0	52	2021-11-20T15:26:39
2.78102	-50.90778	0	52	2021-11-20T15:31:39
2.78052	-50.90765	0	52	2021-11-20T17:06:32
2.78056	-50.90762	0	52	2021-11-20T17:11:30
2.78065	-50.90771	0	52	2021-11-20T17:21:31
2.78062	-50.90779	0	52	2021-11-20T18:11:43
2.78075	-50.90779	0	52	2021-11-20T18:16:43
2.78054	-50.90796	0	52	2021-11-20T18:21:42
2.78068	-50.90778	0	52	2021-11-20T18:26:41
2.78065	-50.90788	0	52	2021-11-20T20:06:33
2.78056	-50.90762	0	52	2021-11-20T20:16:34
2.78074	-50.90768	0	52	2021-11-20T20:26:32
2.78065	-50.90768	0	52	2021-11-20T20:31:32
2.78065	-50.90759	0	52	2021-11-20T20:36:32
2.78062	-50.90765	0	52	2021-11-20T21:41:29
2.78064	-50.90765	0	52	2021-11-20T21:46:27
2.78066	-50.90756	0	52	2021-11-20T21:51:30
2.78052	-50.90790	0	52	2021-11-20T22:16:28
2.78030	-50.90775	0	52	2021-11-20T23:46:27
2.78058	-50.90756	0	52	2021-11-21T02:32:04
2.78054	-50.90756	0	52	2021-11-21T02:37:04
2.78053	-50.90773	0	52	2021-11-21T02:46:36
2.78100	-50.90747	0	52	2021-11-21T02:51:36
2.78061	-50.90756	0	52	2021-11-21T02:56:37
2.78064	-50.90771	0	52	2021-11-21T04:41:40
2.78073	-50.90771	0	52	2021-11-21T04:46:40
2.78070	-50.90771	0	52	2021-11-21T05:51:33
2.78053	-50.90787	0	52	2021-11-21T06:36:32
2.78057	-50.90778	0	52	2021-11-21T06:41:32
2.78044	-50.90778	0	52	2021-11-21T06:46:31
2.78074	-50.90793	0	52	2021-11-21T07:36:23
2.78062	-50.90787	0	52	2021-11-21T08:16:31
2.78080	-50.90787	0	52	2021-11-21T08:33:04
2.78067	-50.90787	0	52	2021-11-21T08:43:03
2.78077	-50.90774	0	52	2021-11-21T10:21:31
2.78068	-50.90774	0	52	2021-11-21T10:26:30
2.78072	-50.90765	0	52	2021-11-21T10:31:30
2.78068	-50.90775	0	52	2021-11-21T10:42:13
2.78076	-50.90778	0	52	2021-11-21T11:21:28
2.78072	-50.90778	0	52	2021-11-21T11:26:28
2.78049	-50.90771	0	52	2021-11-21T12:01:30
2.78109	-50.90754	0	52	2021-11-21T12:06:31
2.78135	-50.90720	0	52	2021-11-21T12:11:31
2.78094	-50.90761	0	52	2021-11-21T12:21:27
2.78141	-50.90727	0	52	2021-11-21T12:26:27
2.78111	-50.90744	0	52	2021-11-21T12:31:28
2.78057	-50.90757	0	52	2021-11-21T14:11:29
2.78067	-50.90778	0	52	2021-11-21T14:16:29
2.78066	-50.90765	0	52	2021-11-21T14:21:28
2.78109	-50.90765	0	52	2021-11-21T15:31:43
2.78055	-50.90756	0	52	2021-11-21T17:11:41
2.78064	-50.90778	0	52	2021-11-21T17:36:42
2.78068	-50.90778	0	52	2021-11-21T17:41:42
2.78072	-50.90778	0	52	2021-11-21T17:46:43
2.78062	-50.90781	0	52	2021-11-21T17:51:46
2.78073	-50.90771	0	52	2021-11-21T18:36:48
2.78077	-50.90771	0	52	2021-11-21T18:41:49
2.78068	-50.90771	0	52	2021-11-21T18:46:49
2.78085	-50.90799	0	52	2021-11-21T19:41:55
2.78068	-50.90778	0	52	2021-11-21T20:41:38
2.78082	-50.90781	0	52	2021-11-21T21:21:50
2.78061	-50.90775	0	52	2021-11-21T23:07:46
2.78069	-50.90784	0	52	2021-11-21T23:51:46
2.78053	-50.90771	0	52	2021-11-22T02:21:41
2.78057	-50.90765	0	52	2021-11-22T03:11:40
2.78083	-50.90765	0	52	2021-11-22T03:16:40
2.78074	-50.90765	0	52	2021-11-22T03:21:40
2.78067	-50.90771	0	52	2021-11-22T03:26:38
2.78071	-50.90771	0	52	2021-11-22T03:31:39
2.78080	-50.90771	0	52	2021-11-22T03:36:39
2.78061	-50.90766	0	52	2021-11-22T03:56:43
2.78061	-50.90775	0	52	2021-11-22T04:01:43
2.78068	-50.90769	0	52	2021-11-22T05:06:33
2.78072	-50.90778	0	52	2021-11-22T05:16:34
2.78067	-50.90771	0	52	2021-11-22T05:27:57
2.78076	-50.90795	0	52	2021-11-22T05:36:36
2.78076	-50.90778	0	52	2021-11-22T05:41:35
2.78072	-50.90778	0	52	2021-11-22T05:46:35
2.78082	-50.90781	0	52	2021-11-22T05:56:37
2.78077	-50.90776	0	52	2021-11-22T06:19:48
2.78073	-50.90785	0	52	2021-11-22T06:24:47
2.78077	-50.90768	0	52	2021-11-22T06:29:47
2.78066	-50.90786	0	52	2021-11-22T07:16:30
2.78066	-50.90769	0	52	2021-11-22T07:21:29
2.78062	-50.90778	0	52	2021-11-22T07:26:29
2.78072	-50.90778	0	52	2021-11-22T07:31:31
2.78072	-50.90787	0	52	2021-11-22T07:41:32
2.78072	-50.90793	0	52	2021-11-22T08:11:29
2.78063	-50.90784	0	52	2021-11-22T08:16:29
2.78067	-50.90793	0	52	2021-11-22T08:21:28
2.78062	-50.90780	0	52	2021-11-22T08:41:26
2.78062	-50.90771	0	52	2021-11-22T08:46:26
2.78064	-50.90778	0	52	2021-11-22T09:16:29
2.78068	-50.90784	0	52	2021-11-22T10:16:47
2.78064	-50.90784	0	52	2021-11-22T10:21:47
2.78082	-50.90778	0	52	2021-11-22T10:26:49
2.78082	-50.90787	0	52	2021-11-22T10:31:49
2.78082	-50.90793	0	52	2021-11-22T11:16:45
2.78068	-50.90772	0	52	2021-11-22T11:21:58
2.78068	-50.90781	0	52	2021-11-22T11:26:59
2.78059	-50.90775	0	52	2021-11-22T11:36:52
2.78071	-50.90765	0	52	2021-11-22T12:46:45
2.78073	-50.90759	0	52	2021-11-22T13:11:57
2.78065	-50.90778	0	52	2021-11-22T13:46:53
2.78055	-50.90762	0	52	2021-11-22T13:51:49
2.78059	-50.90762	0	52	2021-11-22T13:56:50
2.78059	-50.90771	0	52	2021-11-22T14:01:50
2.78048	-50.90753	0	52	2021-11-22T14:11:49
2.78057	-50.90753	0	52	2021-11-22T14:16:49
2.78044	-50.90753	0	52	2021-11-22T14:21:49
2.78062	-50.90768	0	52	2021-11-22T17:56:30
2.78066	-50.90781	0	52	2021-11-22T18:11:31
2.78074	-50.90781	0	52	2021-11-22T19:06:36
2.78070	-50.90775	0	52	2021-11-22T19:26:33
2.78072	-50.90787	0	52	2021-11-22T20:03:59
2.78069	-50.90778	0	52	2021-11-22T20:06:19
2.78067	-50.90775	0	52	2021-11-22T20:46:16
2.78057	-50.90788	0	52	2021-11-22T21:46:17
2.78086	-50.90753	0	52	2021-11-22T21:51:16
2.78070	-50.90771	0	52	2021-11-22T21:56:16
2.78066	-50.90768	0	52	2021-11-22T23:26:13
2.78057	-50.90768	0	52	2021-11-22T23:31:13
2.78087	-50.90768	0	52	2021-11-22T23:36:13
2.78039	-50.90787	0	52	2021-11-23T01:16:12
2.78056	-50.90778	0	52	2021-11-23T01:21:13
2.78060	-50.90778	0	52	2021-11-23T01:26:13
2.78054	-50.90762	0	52	2021-11-23T02:21:12
2.78063	-50.90762	0	52	2021-11-23T02:26:12
2.78059	-50.90762	0	52	2021-11-23T02:31:12
2.78067	-50.90766	0	52	2021-11-23T04:45:54
2.78076	-50.90775	0	52	2021-11-23T04:50:54
2.78067	-50.90784	0	52	2021-11-23T04:55:53
2.78069	-50.90778	0	52	2021-11-23T05:10:51
2.78065	-50.90778	0	52	2021-11-23T05:20:52
2.78067	-50.90787	0	52	2021-11-23T05:40:49
2.78073	-50.90775	0	52	2021-11-23T06:00:52
2.78075	-50.90787	0	52	2021-11-23T06:20:47
2.78072	-50.90778	0	52	2021-11-23T07:25:54
2.78091	-50.90778	0	52	2021-11-23T07:35:53
2.78087	-50.90787	0	52	2021-11-23T07:40:53
2.78087	-50.90778	0	52	2021-11-23T07:45:54
2.78067	-50.90775	0	52	2021-11-23T08:50:57
2.78069	-50.90768	0	52	2021-11-23T09:00:52
2.78073	-50.90777	0	52	2021-11-23T09:05:52
2.78086	-50.90768	0	52	2021-11-23T09:10:52
2.78055	-50.90765	0	52	2021-11-23T12:00:55
2.78066	-50.90768	0	52	2021-11-23T12:35:54
2.78083	-50.90778	0	52	2021-11-23T13:11:07
2.78060	-50.90756	0	52	2021-11-23T13:50:55
2.78080	-50.90788	0	52	2021-11-23T14:16:08
2.78067	-50.90779	0	52	2021-11-23T14:21:08
2.78088	-50.90796	0	52	2021-11-23T14:26:09
2.78077	-50.90778	0	52	2021-11-23T14:30:55
2.78080	-50.90771	0	52	2021-11-23T19:10:29
2.78073	-50.90780	0	52	2021-11-23T20:05:37
2.78083	-50.90781	0	52	2021-11-23T20:10:34
2.78061	-50.90771	0	52	2021-11-23T20:15:36
2.78071	-50.90778	0	52	2021-11-23T20:20:36
2.78092	-50.90761	0	52	2021-11-23T20:25:35
2.78066	-50.90778	0	52	2021-11-23T20:30:35
2.78054	-50.90744	0	52	2021-11-23T21:50:29
2.78080	-50.90753	0	52	2021-11-23T21:55:29
2.78071	-50.90762	0	52	2021-11-23T22:00:28
2.78045	-50.90764	0	52	2021-11-23T22:30:33
2.78054	-50.90764	0	52	2021-11-23T22:35:33
2.78058	-50.90747	0	52	2021-11-23T22:40:34
2.78059	-50.90744	0	52	2021-11-24T00:00:35
2.78057	-50.90771	0	52	2021-11-24T02:45:33
2.78053	-50.90771	0	52	2021-11-24T02:50:33
2.78066	-50.90771	0	52	2021-11-24T02:55:32
2.78064	-50.90759	0	52	2021-11-24T04:25:32
2.78071	-50.90775	0	52	2021-11-24T04:45:32
2.78059	-50.90763	0	52	2021-11-24T04:50:38
2.78055	-50.90737	0	52	2021-11-24T04:55:37
2.78072	-50.90771	0	52	2021-11-24T05:00:38
2.78073	-50.90778	0	52	2021-11-24T05:25:38
2.78082	-50.90771	0	52	2021-11-24T06:00:28
2.78072	-50.90765	0	52	2021-11-24T06:15:23
2.78081	-50.90756	0	52	2021-11-24T06:20:24
2.78081	-50.90781	0	52	2021-11-24T07:01:40
2.78085	-50.90781	0	52	2021-11-24T07:11:41
2.78070	-50.90793	0	52	2021-11-24T07:20:22
2.78074	-50.90787	0	52	2021-11-24T07:30:21
2.78071	-50.90765	0	52	2021-11-24T09:10:11
2.78067	-50.90771	0	52	2021-11-24T10:05:13
2.78064	-50.90771	0	52	2021-11-24T10:25:16
2.78072	-50.90787	0	52	2021-11-24T10:40:19
2.78067	-50.90765	0	52	2021-11-24T13:35:15
2.78069	-50.90765	0	52	2021-11-24T14:00:07
2.78075	-50.90756	0	52	2021-11-24T15:15:08
2.78097	-50.90778	0	52	2021-11-24T15:32:10
2.78087	-50.90765	0	52	2021-11-24T15:40:12
2.78096	-50.90756	0	52	2021-11-24T15:45:13
2.78065	-50.90756	0	52	2021-11-24T16:50:01
2.78075	-50.90775	0	52	2021-11-24T17:45:02
2.78087	-50.90771	0	52	2021-11-24T18:00:05
2.78082	-50.90781	0	52	2021-11-24T20:06:56
2.78061	-50.90781	0	52	2021-11-24T20:16:57
2.78082	-50.90787	0	52	2021-11-24T20:20:03
2.78068	-50.90738	0	52	2021-11-24T21:55:08
2.78072	-50.90755	0	52	2021-11-24T22:00:08
2.78115	-50.90729	0	52	2021-11-24T22:05:09
2.78072	-50.90759	0	52	2021-11-24T23:30:11
2.78070	-50.90759	0	52	2021-11-25T00:05:06
2.78054	-50.90761	0	52	2021-11-25T01:44:56
2.78075	-50.90778	0	52	2021-11-25T01:49:57
2.78045	-50.90778	0	52	2021-11-25T01:54:57
2.78057	-50.90778	0	52	2021-11-25T05:30:08
2.78066	-50.90775	0	52	2021-11-25T07:44:53
2.78062	-50.90792	0	52	2021-11-25T07:49:53
2.78058	-50.90775	0	52	2021-11-25T07:54:54
2.78074	-50.90768	0	52	2021-11-25T09:44:42
2.78065	-50.90787	0	52	2021-11-25T10:29:38
2.78062	-50.90768	0	52	2021-11-25T10:51:45
2.78086	-50.90742	0	52	2021-11-25T12:14:30
2.78073	-50.90768	0	52	2021-11-25T12:19:30
2.78086	-50.90759	0	52	2021-11-25T12:24:31
2.78028	-50.90816	0	52	2021-11-25T13:10:43
2.78075	-50.90765	0	52	2021-11-25T13:20:42
2.78049	-50.90753	0	52	2021-11-25T13:24:26
2.78032	-50.90731	0	52	2021-11-25T13:54:14
2.78058	-50.90765	0	52	2021-11-25T13:59:13
2.78062	-50.90765	0	52	2021-11-25T14:04:13
2.78096	-50.90781	0	52	2021-11-25T15:49:22
2.78055	-50.90780	0	52	2021-11-25T16:43:54
2.78068	-50.90780	0	52	2021-11-25T16:48:54
2.78068	-50.90771	0	52	2021-11-25T16:53:53
2.78069	-50.90775	0	52	2021-11-25T18:43:59
2.78043	-50.90790	0	52	2021-11-25T22:23:40
2.78052	-50.90790	0	52	2021-11-25T22:28:40
2.78083	-50.90762	0	52	2021-11-26T00:23:41
2.78062	-50.90776	0	52	2021-11-26T01:18:36
2.78066	-50.90785	0	52	2021-11-26T01:23:36
2.78062	-50.90759	0	52	2021-11-26T01:28:37
2.78082	-50.90753	0	52	2021-11-26T02:33:32
2.78082	-50.90744	0	52	2021-11-26T02:38:33
2.78073	-50.90753	0	52	2021-11-26T02:43:33
2.78066	-50.90765	0	52	2021-11-26T04:38:27
2.78062	-50.90765	0	52	2021-11-26T04:43:27
2.78062	-50.90756	0	52	2021-11-26T04:48:27
2.78074	-50.90765	0	52	2021-11-26T04:53:28
2.78070	-50.90778	0	52	2021-11-26T06:18:21
2.78074	-50.90804	0	52	2021-11-26T06:23:22
2.78074	-50.90778	0	52	2021-11-26T06:28:22
2.78078	-50.90778	0	52	2021-11-26T07:03:24
2.78065	-50.90778	0	52	2021-11-26T07:08:24
2.78059	-50.90787	0	52	2021-11-26T07:28:25
2.78068	-50.90778	0	52	2021-11-26T07:38:24
2.78074	-50.90775	0	52	2021-11-26T09:33:19
2.78074	-50.90779	0	52	2021-11-26T10:28:18
2.78075	-50.90814	0	52	2021-11-26T10:33:14
2.78074	-50.90796	0	52	2021-11-26T10:38:19
2.78060	-50.90765	0	52	2021-11-26T11:33:06
2.78064	-50.90762	0	52	2021-11-26T13:18:15
2.78065	-50.90762	0	52	2021-11-26T13:23:36
2.78060	-50.90753	0	52	2021-11-26T13:28:14
2.78062	-50.90753	0	52	2021-11-26T14:08:17
2.78063	-50.90755	0	52	2021-11-26T15:43:25
2.78054	-50.90755	0	52	2021-11-26T15:48:25
2.78075	-50.90781	0	52	2021-11-26T15:53:24
2.78076	-50.90793	0	52	2021-11-26T16:13:21
2.78065	-50.90778	0	52	2021-11-26T16:38:23
2.78068	-50.90769	0	52	2021-11-26T16:48:20
2.78060	-50.90771	0	52	2021-11-26T16:53:18
2.78064	-50.90778	0	52	2021-11-26T16:58:19
2.78066	-50.90778	0	52	2021-11-26T17:33:16
2.78068	-50.90771	0	52	2021-11-26T17:43:15
2.78072	-50.90771	0	52	2021-11-26T17:48:16
2.78076	-50.90771	0	52	2021-11-26T17:53:16
2.78075	-50.90784	0	52	2021-11-26T19:33:03
2.78071	-50.90784	0	52	2021-11-26T19:38:04
2.78062	-50.90784	0	52	2021-11-26T19:43:04
2.78076	-50.90781	0	52	2021-11-26T20:58:06
2.78058	-50.90787	0	52	2021-11-27T01:32:44
2.78064	-50.90762	0	52	2021-11-27T02:07:38
2.78060	-50.90765	0	52	2021-11-27T03:02:47
2.78051	-50.90756	0	52	2021-11-27T03:58:01
2.78069	-50.90784	0	52	2021-11-27T05:17:55
2.78072	-50.90774	0	52	2021-11-27T05:47:42
2.78068	-50.90774	0	52	2021-11-27T05:52:42
2.78068	-50.90765	0	52	2021-11-27T05:57:43
2.78058	-50.90775	0	52	2021-11-27T07:02:46
2.78075	-50.90775	0	52	2021-11-27T07:07:47
2.78075	-50.90784	0	52	2021-11-27T07:12:47
2.78070	-50.90778	0	52	2021-11-27T07:42:42
2.78069	-50.90781	0	52	2021-11-27T07:47:42
2.78073	-50.90781	0	52	2021-11-27T07:52:43
2.78069	-50.90781	0	52	2021-11-27T08:47:45
2.78056	-50.90775	0	52	2021-11-27T08:54:06
2.78065	-50.90775	0	52	2021-11-27T08:59:06
2.78061	-50.90778	0	52	2021-11-27T09:02:47
2.78062	-50.90765	0	52	2021-11-27T09:27:48
2.78058	-50.90791	0	52	2021-11-27T09:32:49
2.78067	-50.90765	0	52	2021-11-27T09:37:49
2.78062	-50.90771	0	52	2021-11-27T09:42:51
2.78071	-50.90771	0	52	2021-11-27T10:32:56
2.78075	-50.90771	0	52	2021-11-27T10:42:57
2.78072	-50.90771	0	52	2021-11-27T13:02:53
2.78076	-50.90771	0	52	2021-11-27T13:07:53
2.78075	-50.90771	0	52	2021-11-27T13:22:50
2.78080	-50.90756	0	52	2021-11-27T13:28:02
2.78075	-50.90762	0	52	2021-11-27T13:32:51
2.78076	-50.90756	0	52	2021-11-27T13:47:51
2.78065	-50.90756	0	52	2021-11-27T14:22:55
2.78069	-50.90756	0	52	2021-11-27T14:27:55
2.78095	-50.90796	0	52	2021-11-27T15:38:21
2.78083	-50.90778	0	52	2021-11-27T16:03:12
2.78066	-50.90781	0	52	2021-11-27T17:03:08
2.78060	-50.90752	0	52	2021-11-27T17:45:29
2.78081	-50.90778	0	52	2021-11-27T17:50:29
2.78072	-50.90778	0	52	2021-11-27T17:55:28
2.78070	-50.90778	0	52	2021-11-27T18:33:16
2.78102	-50.90802	0	52	2021-11-27T19:13:23
2.78079	-50.90759	0	52	2021-11-27T19:23:28
2.78096	-50.90810	0	52	2021-11-27T19:28:29
2.78083	-50.90759	0	52	2021-11-27T19:33:29
2.78069	-50.90769	0	52	2021-11-27T21:53:30
2.78065	-50.90769	0	52	2021-11-27T21:58:30
2.78065	-50.90778	0	52	2021-11-27T22:03:29
2.78051	-50.90768	0	52	2021-11-27T23:38:26
2.78062	-50.90771	0	52	2021-11-28T00:48:18
2.78050	-50.90759	0	52	2021-11-28T01:38:20
2.78056	-50.90765	0	52	2021-11-28T01:43:16
2.78052	-50.90765	0	52	2021-11-28T01:48:17
2.78056	-50.90765	0	52	2021-11-28T01:53:17
2.78063	-50.90759	0	52	2021-11-28T03:18:16
2.78072	-50.90759	0	52	2021-11-28T03:23:16
2.78074	-50.90775	0	52	2021-11-28T04:28:52
2.78070	-50.90781	0	52	2021-11-28T04:48:16
2.78070	-50.90793	0	52	2021-11-28T06:03:09
2.78070	-50.90776	0	52	2021-11-28T06:08:08
2.78074	-50.90793	0	52	2021-11-28T06:13:08
2.78069	-50.90787	0	52	2021-11-28T06:18:06
2.78065	-50.90778	0	52	2021-11-28T06:53:58
2.78070	-50.90784	0	52	2021-11-28T06:58:01
2.78074	-50.90766	0	52	2021-11-28T09:58:15
2.78078	-50.90775	0	52	2021-11-28T10:03:14
2.78052	-50.90741	0	52	2021-11-28T10:08:14
2.78080	-50.90765	0	52	2021-11-28T10:48:09
2.78067	-50.90771	0	52	2021-11-28T11:03:03
2.78089	-50.90741	0	52	2021-11-28T11:53:39
2.78080	-50.90741	0	52	2021-11-28T11:58:40
2.78073	-50.90750	0	52	2021-11-28T12:33:08
2.78065	-50.90763	0	52	2021-11-28T12:43:10
2.78065	-50.90754	0	52	2021-11-28T12:48:10
2.78065	-50.90771	0	52	2021-11-28T12:53:10
2.78069	-50.90768	0	52	2021-11-28T13:28:10
2.78065	-50.90768	0	52	2021-11-28T13:33:10
2.78096	-50.90735	0	52	2021-11-28T15:13:13
2.78083	-50.90761	0	52	2021-11-28T15:18:13
2.78100	-50.90778	0	52	2021-11-28T15:23:14
2.78093	-50.90769	0	52	2021-11-28T15:38:15
2.78076	-50.90778	0	52	2021-11-28T15:43:14
2.78085	-50.90787	0	52	2021-11-28T15:48:14
2.78047	-50.90787	0	52	2021-11-28T16:24:09
2.78083	-50.90771	0	52	2021-11-28T17:32:53
2.78117	-50.90762	0	52	2021-11-28T17:37:53
2.78074	-50.90793	0	52	2021-11-28T19:18:08
2.78062	-50.90765	0	52	2021-11-28T20:17:55
2.78075	-50.90756	0	52	2021-11-28T20:22:56
2.78075	-50.90765	0	52	2021-11-28T20:27:56
2.78064	-50.90774	0	52	2021-11-28T21:22:54
2.78073	-50.90765	0	52	2021-11-28T21:32:53
2.78070	-50.90771	0	52	2021-11-28T22:23:04
2.78057	-50.90771	0	52	2021-11-28T22:28:03
2.78065	-50.90775	0	52	2021-11-28T23:07:57
2.78066	-50.90762	0	52	2021-11-28T23:13:20
2.78066	-50.90771	0	52	2021-11-28T23:18:19
2.78054	-50.90765	0	52	2021-11-29T01:38:11
2.78051	-50.90775	0	52	2021-11-29T01:58:12
2.78067	-50.90759	0	52	2021-11-29T02:38:07
2.78063	-50.90759	0	52	2021-11-29T02:43:07
2.78072	-50.90750	0	52	2021-11-29T02:48:08
2.78072	-50.90756	0	52	2021-11-29T03:08:16
2.78064	-50.90764	0	52	2021-11-29T03:38:15
2.78068	-50.90781	0	52	2021-11-29T03:43:14
2.78070	-50.90756	0	52	2021-11-29T03:53:15
2.78072	-50.90751	0	52	2021-11-29T04:18:22
2.78072	-50.90768	0	52	2021-11-29T04:23:21
2.78074	-50.90792	0	52	2021-11-29T05:18:07
2.78070	-50.90766	0	52	2021-11-29T05:23:08
2.78070	-50.90775	0	52	2021-11-29T05:28:08
2.78079	-50.90771	0	52	2021-11-29T05:34:29
2.78066	-50.90771	0	52	2021-11-29T05:39:28
2.78073	-50.90781	0	52	2021-11-29T05:58:06
2.78073	-50.90777	0	52	2021-11-29T06:08:03
2.78064	-50.90777	0	52	2021-11-29T06:13:03
2.78064	-50.90768	0	52	2021-11-29T06:18:02
2.78064	-50.90757	0	52	2021-11-29T06:33:11
2.78081	-50.90774	0	52	2021-11-29T06:38:11
2.78060	-50.90765	0	52	2021-11-29T06:43:10
2.78065	-50.90771	0	52	2021-11-29T07:18:04
2.78075	-50.90768	0	52	2021-11-29T08:28:05
2.78088	-50.90768	0	52	2021-11-29T08:33:05
2.78066	-50.90772	0	52	2021-11-29T09:23:11
2.78070	-50.90781	0	52	2021-11-29T09:33:12
2.78068	-50.90774	0	52	2021-11-29T11:53:23
2.78072	-50.90774	0	52	2021-11-29T11:58:22
2.78085	-50.90765	0	52	2021-11-29T12:03:22
2.78072	-50.90771	0	52	2021-11-29T12:59:41
2.78076	-50.90778	0	52	2021-11-29T13:03:28
2.78125	-50.90765	0	52	2021-11-29T15:13:43
2.78073	-50.90778	0	52	2021-11-29T15:38:28
2.78082	-50.90778	0	52	2021-11-29T15:48:28
2.78049	-50.90781	0	52	2021-11-29T16:48:33
2.78050	-50.90784	0	52	2021-11-29T17:03:32
2.78062	-50.90775	0	52	2021-11-29T17:09:13
2.78085	-50.90799	0	52	2021-11-29T19:03:44
2.78059	-50.90750	0	52	2021-11-29T19:43:34
2.78053	-50.90744	0	52	2021-11-29T21:38:29
2.78060	-50.90756	0	52	2021-11-29T22:03:25
2.78043	-50.90756	0	52	2021-11-29T22:08:25
2.78060	-50.90756	0	52	2021-11-29T22:13:26
2.78076	-50.90725	0	52	2021-11-29T22:58:25
2.78059	-50.90768	0	52	2021-11-29T23:03:24
2.78085	-50.90759	0	52	2021-11-29T23:08:24
2.78100	-50.90744	0	52	2021-11-29T23:23:18
2.78089	-50.90747	0	52	2021-11-29T23:53:15
2.78072	-50.90747	0	52	2021-11-30T00:03:14
2.78032	-50.90765	0	52	2021-11-30T00:40:40
2.78060	-50.90765	0	52	2021-11-30T00:48:14
2.78064	-50.90756	0	52	2021-11-30T00:53:15
2.78051	-50.90765	0	52	2021-11-30T00:58:15
2.78056	-50.90768	0	52	2021-11-30T01:18:12
2.78065	-50.90768	0	52	2021-11-30T01:23:12
2.78081	-50.90787	0	52	2021-11-30T01:45:05
2.78098	-50.90711	0	52	2021-11-30T02:43:19
2.78081	-50.90762	0	52	2021-11-30T02:48:19
2.78051	-50.90762	0	52	2021-11-30T02:53:20
2.78062	-50.90752	0	52	2021-11-30T03:08:20
2.78066	-50.90752	0	52	2021-11-30T03:13:20
2.78075	-50.90778	0	52	2021-11-30T03:18:21
2.78051	-50.90759	0	52	2021-11-30T03:23:18
2.78055	-50.90759	0	52	2021-11-30T03:28:19
2.78076	-50.90793	0	52	2021-11-30T03:33:19
2.78079	-50.90765	0	52	2021-11-30T03:48:19
2.78070	-50.90765	0	52	2021-11-30T03:58:20
2.78065	-50.90775	0	52	2021-11-30T04:55:22
2.78072	-50.90778	0	52	2021-11-30T05:08:28
2.78079	-50.90775	0	52	2021-11-30T05:33:32
2.78079	-50.90781	0	52	2021-11-30T05:38:29
2.78075	-50.90781	0	52	2021-11-30T05:43:30
2.78074	-50.90784	0	52	2021-11-30T05:53:28
2.78071	-50.90784	0	52	2021-11-30T06:38:28
2.78071	-50.90793	0	52	2021-11-30T06:43:29
2.78061	-50.90771	0	52	2021-11-30T09:19:14
2.78070	-50.90775	0	52	2021-11-30T09:28:22
2.78058	-50.90785	0	52	2021-11-30T09:33:24
2.78062	-50.90768	0	52	2021-11-30T09:38:24
2.78130	-50.90736	0	52	2021-11-30T10:38:27
2.78079	-50.90762	0	52	2021-11-30T10:43:28
2.78075	-50.90771	0	52	2021-11-30T10:48:28
2.78066	-50.90781	0	52	2021-11-30T12:11:02
2.78079	-50.90764	0	52	2021-11-30T12:16:02
2.78075	-50.90781	0	52	2021-11-30T12:21:03
2.78062	-50.90778	0	52	2021-11-30T12:28:19
2.78076	-50.90788	0	52	2021-11-30T13:13:50
2.78072	-50.90779	0	52	2021-11-30T13:18:50
2.78059	-50.90762	0	52	2021-11-30T13:23:50
2.78059	-50.90765	0	52	2021-11-30T13:28:13
2.78057	-50.90762	0	52	2021-11-30T13:33:07
2.78044	-50.90745	0	52	2021-11-30T13:38:08
2.78057	-50.90762	0	52	2021-11-30T13:43:08
2.78056	-50.90759	0	52	2021-11-30T14:08:09
2.78060	-50.90759	0	52	2021-11-30T14:13:09
2.78064	-50.90759	0	52	2021-11-30T14:18:09
2.78072	-50.90761	0	52	2021-11-30T15:08:10
2.78068	-50.90778	0	52	2021-11-30T15:13:09
2.78064	-50.90778	0	52	2021-11-30T15:18:09
2.78072	-50.90771	0	52	2021-11-30T15:38:04
2.78051	-50.90780	0	52	2021-11-30T16:08:06
2.78051	-50.90771	0	52	2021-11-30T16:18:05
2.78060	-50.90778	0	52	2021-11-30T17:03:11
2.78056	-50.90778	0	52	2021-11-30T17:08:11
2.78113	-50.90744	0	52	2021-11-30T17:28:05
2.78066	-50.90771	0	52	2021-11-30T17:33:09
2.78067	-50.90817	0	52	2021-11-30T18:58:09
2.78076	-50.90817	0	52	2021-11-30T19:03:09
2.78076	-50.90808	0	52	2021-11-30T19:08:10
2.78066	-50.90775	0	52	2021-11-30T20:33:12
2.78070	-50.90775	0	52	2021-11-30T20:38:11
2.78065	-50.90762	0	52	2021-11-30T21:12:49
2.78061	-50.90762	0	52	2021-11-30T21:17:49
2.78070	-50.90771	0	52	2021-11-30T21:22:49
2.78048	-50.90773	0	52	2021-12-01T01:34:35
2.78044	-50.90782	0	52	2021-12-01T01:39:35
2.78053	-50.90765	0	52	2021-12-01T01:44:34
2.78067	-50.90771	0	52	2021-12-01T02:47:32
2.78063	-50.90771	0	52	2021-12-01T02:52:31
2.78089	-50.90771	0	52	2021-12-01T02:57:31
2.78084	-50.90765	0	52	2021-12-01T03:07:22
2.78075	-50.90765	0	52	2021-12-01T03:12:22
2.78101	-50.90765	0	52	2021-12-01T03:17:23
2.78061	-50.90765	0	52	2021-12-01T03:22:21
2.78066	-50.90787	0	52	2021-12-01T03:54:28
2.78080	-50.90775	0	52	2021-12-01T04:22:25
2.78075	-50.90780	0	52	2021-12-01T06:02:19
2.78071	-50.90780	0	52	2021-12-01T06:07:18
2.78075	-50.90771	0	52	2021-12-01T06:12:18
2.78065	-50.90784	0	52	2021-12-01T06:52:18
2.78079	-50.90778	0	52	2021-12-01T08:42:24
2.78071	-50.90778	0	52	2021-12-01T09:07:25
2.78078	-50.90777	0	52	2021-12-01T09:12:32
2.78082	-50.90768	0	52	2021-12-01T09:17:31
2.78082	-50.90787	0	52	2021-12-01T09:37:29
2.78067	-50.90784	0	52	2021-12-01T10:52:24
2.78118	-50.90729	0	52	2021-12-01T11:37:28
2.78077	-50.90753	0	52	2021-12-01T11:47:25
2.78090	-50.90744	0	52	2021-12-01T11:52:26
2.78124	-50.90735	0	52	2021-12-01T11:57:26
2.78113	-50.90747	0	52	2021-12-01T12:07:25
2.78055	-50.90759	0	52	2021-12-01T12:32:25
2.78062	-50.90765	0	52	2021-12-01T12:52:26
2.78056	-50.90765	0	52	2021-12-01T13:02:22
2.78060	-50.90765	0	52	2021-12-01T13:07:21
2.78053	-50.90775	0	52	2021-12-01T16:22:13
2.78069	-50.90778	0	52	2021-12-01T17:12:08
2.78072	-50.90771	0	52	2021-12-01T17:17:07
2.78076	-50.90775	0	52	2021-12-01T18:07:14
2.78085	-50.90775	0	52	2021-12-01T18:17:14
2.78062	-50.90787	0	52	2021-12-01T19:57:09
2.78058	-50.90787	0	52	2021-12-01T20:02:09
2.78067	-50.90787	0	52	2021-12-01T20:07:08
2.78065	-50.90765	0	52	2021-12-01T22:01:57
2.78102	-50.90751	0	52	2021-12-01T23:26:59
2.78106	-50.90751	0	52	2021-12-01T23:31:59
2.78093	-50.90768	0	52	2021-12-01T23:36:59
2.78068	-50.90750	0	52	2021-12-02T00:11:52
2.78075	-50.90771	0	52	2021-12-02T01:31:52
2.78072	-50.90778	0	52	2021-12-02T02:06:55
2.78061	-50.90778	0	52	2021-12-02T02:16:57
2.78061	-50.90787	0	52	2021-12-02T02:21:58
2.78061	-50.90778	0	52	2021-12-02T02:26:58
2.78058	-50.90787	0	52	2021-12-02T05:16:49
2.78068	-50.90775	0	52	2021-12-02T05:36:42
2.78062	-50.90744	0	52	2021-12-02T05:56:45
2.78070	-50.90784	0	52	2021-12-02T13:11:25
2.78055	-50.90778	0	52	2021-12-02T13:51:27
2.78062	-50.90796	0	52	2021-12-02T14:01:28
2.78071	-50.90787	0	52	2021-12-02T14:06:28
2.78062	-50.90787	0	52	2021-12-02T14:11:28
2.78060	-50.90759	0	52	2021-12-02T15:46:31
2.78075	-50.90762	0	52	2021-12-02T18:01:13
2.78070	-50.90756	0	52	2021-12-02T19:16:24
2.78063	-50.90774	0	52	2021-12-02T19:41:28
2.78072	-50.90765	0	52	2021-12-02T19:46:29
2.78068	-50.90765	0	52	2021-12-02T19:51:29
2.78063	-50.90765	0	52	2021-12-02T20:01:28
2.78067	-50.90765	0	52	2021-12-02T20:11:28
2.78059	-50.90778	0	52	2021-12-02T21:11:24
2.78077	-50.90771	0	52	2021-12-02T22:01:13
2.78068	-50.90771	0	52	2021-12-02T22:06:14
2.78059	-50.90771	0	52	2021-12-02T22:11:14
2.78100	-50.90750	0	52	2021-12-02T23:01:17
2.78071	-50.90750	0	52	2021-12-02T23:36:14
2.78071	-50.90759	0	52	2021-12-02T23:41:15
2.78072	-50.90744	0	52	2021-12-02T23:56:13
2.78060	-50.90765	0	52	2021-12-03T00:11:11
2.78051	-50.90765	0	52	2021-12-03T00:16:10
2.78068	-50.90765	0	52	2021-12-03T00:21:10
2.78058	-50.90780	0	52	2021-12-03T00:26:14
2.78071	-50.90771	0	52	2021-12-03T00:31:13
2.78084	-50.90771	0	52	2021-12-03T00:36:13
2.78078	-50.90779	0	52	2021-12-03T00:51:15
2.78074	-50.90788	0	52	2021-12-03T00:56:15
2.78057	-50.90771	0	52	2021-12-03T01:01:14
2.78055	-50.90756	0	52	2021-12-03T02:16:21
2.78066	-50.90744	0	52	2021-12-03T03:46:14
2.78090	-50.90761	0	52	2021-12-03T04:16:15
2.78086	-50.90761	0	52	2021-12-03T04:21:14
2.78073	-50.90778	0	52	2021-12-03T04:26:14
2.78072	-50.90793	0	52	2021-12-03T04:31:17
2.78071	-50.90739	0	52	2021-12-03T05:26:06
2.78080	-50.90765	0	52	2021-12-03T05:31:06
2.78084	-50.90756	0	52	2021-12-03T05:36:07
2.78096	-50.90777	0	52	2021-12-03T05:56:02
2.78087	-50.90777	0	52	2021-12-03T06:01:03
2.78091	-50.90768	0	52	2021-12-03T06:06:03
2.78063	-50.90771	0	52	2021-12-03T07:10:44
2.78067	-50.90771	0	52	2021-12-03T07:15:45
2.78058	-50.90771	0	52	2021-12-03T07:20:45
2.78065	-50.90786	0	52	2021-12-03T07:45:42
2.78065	-50.90777	0	52	2021-12-03T07:50:43
2.78061	-50.90768	0	52	2021-12-03T07:55:43
2.78058	-50.90784	0	52	2021-12-03T08:50:27
2.78062	-50.90767	0	52	2021-12-03T09:20:24
2.78066	-50.90776	0	52	2021-12-03T09:25:25
2.78057	-50.90750	0	52	2021-12-03T09:30:25
2.78076	-50.90762	0	52	2021-12-03T09:35:27
2.78082	-50.90778	0	52	2021-12-03T09:50:30
2.78087	-50.90778	0	52	2021-12-03T10:05:27
2.78095	-50.90787	0	52	2021-12-03T10:11:16
2.78096	-50.90787	0	52	2021-12-03T10:15:26
2.78083	-50.90765	0	52	2021-12-03T11:10:35
2.78092	-50.90765	0	52	2021-12-03T11:15:36
2.78088	-50.90765	0	52	2021-12-03T11:20:36
2.78103	-50.90753	0	52	2021-12-03T11:25:21
2.78071	-50.90775	0	52	2021-12-03T12:35:26
2.78067	-50.90775	0	52	2021-12-03T13:00:28
2.78068	-50.90787	0	52	2021-12-03T13:50:23
2.78064	-50.90787	0	52	2021-12-03T13:55:22
2.78069	-50.90787	0	52	2021-12-03T14:35:24
2.78062	-50.90777	0	52	2021-12-03T15:15:23
2.78058	-50.90777	0	52	2021-12-03T15:20:23
2.78058	-50.90768	0	52	2021-12-03T15:25:22
2.78052	-50.90787	0	52	2021-12-03T15:30:26
2.78057	-50.90774	0	52	2021-12-03T15:45:25
2.78048	-50.90765	0	52	2021-12-03T15:50:25
2.78057	-50.90765	0	52	2021-12-03T15:55:25
2.78058	-50.90762	0	52	2021-12-03T16:55:20
2.78067	-50.90762	0	52	2021-12-03T17:00:19
2.78067	-50.90753	0	52	2021-12-03T17:05:19
2.78079	-50.90771	0	52	2021-12-03T17:25:14
2.78071	-50.90756	0	52	2021-12-03T17:40:16
2.78071	-50.90759	0	52	2021-12-03T17:55:20
2.78074	-50.90759	0	52	2021-12-03T18:00:17
2.78071	-50.90759	0	52	2021-12-03T18:05:19
2.78071	-50.90756	0	52	2021-12-03T18:10:22
2.78067	-50.90756	0	52	2021-12-03T18:20:21
2.78064	-50.90759	0	52	2021-12-03T18:40:28
2.78064	-50.90750	0	52	2021-12-03T18:45:28
2.78077	-50.90756	0	52	2021-12-03T20:00:44
2.78073	-50.90756	0	52	2021-12-03T20:05:43
2.78064	-50.90765	0	52	2021-12-03T20:10:43
2.78079	-50.90765	0	52	2021-12-03T20:30:39
2.78079	-50.90756	0	52	2021-12-03T20:35:39
2.78091	-50.90781	0	52	2021-12-03T22:25:54
2.78070	-50.90768	0	52	2021-12-03T23:46:08
2.78067	-50.90771	0	52	2021-12-04T00:21:06
2.78080	-50.90771	0	52	2021-12-04T00:26:06
2.78088	-50.90782	0	52	2021-12-04T01:06:14
2.78084	-50.90782	0	52	2021-12-04T01:11:15
2.78088	-50.90808	0	52	2021-12-04T01:16:15
2.78114	-50.90771	0	52	2021-12-04T04:31:30
2.78055	-50.90771	0	52	2021-12-04T07:00:04
2.78067	-50.90765	0	52	2021-12-04T07:46:47
2.78054	-50.90765	0	52	2021-12-04T07:51:46
2.78097	-50.90756	0	52	2021-12-04T07:56:46
2.78079	-50.90765	0	52	2021-12-04T09:02:02
2.78098	-50.90778	0	52	2021-12-04T14:17:25
2.78097	-50.90781	0	52	2021-12-04T14:22:25
2.78119	-50.90759	0	52	2021-12-04T17:12:36
2.78067	-50.90750	0	52	2021-12-04T22:12:10
2.78049	-50.90762	0	52	2021-12-04T22:22:11
2.78062	-50.90762	0	52	2021-12-04T22:27:12
2.78062	-50.90738	0	52	2021-12-04T22:32:09
2.78073	-50.90777	0	52	2021-12-04T23:02:10
2.78073	-50.90768	0	52	2021-12-04T23:07:10
2.78064	-50.90768	0	52	2021-12-04T23:12:09
2.78063	-50.90750	0	52	2021-12-04T23:42:13
2.78072	-50.90750	0	52	2021-12-04T23:52:13
2.78062	-50.90756	0	52	2021-12-05T00:42:12
2.78070	-50.90750	0	52	2021-12-05T01:42:14
2.78065	-50.90765	0	52	2021-12-05T01:52:16
2.78069	-50.90756	0	52	2021-12-05T02:02:15
2.78066	-50.90742	0	52	2021-12-05T02:07:17
2.78066	-50.90759	0	52	2021-12-05T02:12:16
2.78062	-50.90750	0	52	2021-12-05T02:17:16
2.78070	-50.90739	0	52	2021-12-05T03:12:09
2.78066	-50.90756	0	52	2021-12-05T03:17:08
2.78075	-50.90756	0	52	2021-12-05T03:22:08
2.78072	-50.90744	0	52	2021-12-05T03:27:10
2.78072	-50.90735	0	52	2021-12-05T03:32:10
2.78093	-50.90735	0	52	2021-12-05T03:37:11
2.78079	-50.90765	0	52	2021-12-05T03:52:09
2.78085	-50.90781	0	52	2021-12-05T04:02:20
2.78064	-50.90764	0	52	2021-12-05T04:07:20
2.78077	-50.90781	0	52	2021-12-05T04:12:21
2.78073	-50.90764	0	52	2021-12-05T04:27:09
2.78053	-50.90738	0	52	2021-12-05T04:33:42
2.78086	-50.90781	0	52	2021-12-05T04:37:10
2.78077	-50.90775	0	52	2021-12-05T05:12:15
2.78081	-50.90779	0	52	2021-12-05T06:07:29
2.78102	-50.90762	0	52	2021-12-05T06:12:30
2.78080	-50.90784	0	52	2021-12-05T06:52:10
2.78063	-50.90758	0	52	2021-12-05T07:07:03
2.78072	-50.90784	0	52	2021-12-05T07:12:02
2.78076	-50.90793	0	52	2021-12-05T07:17:02
2.78065	-50.90771	0	52	2021-12-05T07:27:05
2.78055	-50.90784	0	52	2021-12-05T07:46:57
2.78066	-50.90763	0	52	2021-12-05T07:52:01
2.78075	-50.90754	0	52	2021-12-05T07:57:01
2.78079	-50.90771	0	52	2021-12-05T08:02:02
2.78067	-50.90750	0	52	2021-12-05T08:07:00
2.78077	-50.90808	0	52	2021-12-05T10:12:10
2.78048	-50.90790	0	52	2021-12-05T10:47:19
2.78022	-50.90790	0	52	2021-12-05T10:52:20
2.78069	-50.90788	0	52	2021-12-05T13:32:08
2.78065	-50.90762	0	52	2021-12-05T13:37:08
2.78065	-50.90796	0	52	2021-12-05T13:42:07
2.78094	-50.90735	0	52	2021-12-05T13:47:10
2.78108	-50.90763	0	52	2021-12-05T13:57:06
2.78112	-50.90729	0	52	2021-12-05T14:02:06
2.78121	-50.90729	0	52	2021-12-05T14:07:07
2.78104	-50.90771	0	52	2021-12-05T14:42:24
2.78057	-50.90793	0	52	2021-12-05T16:37:33
2.78068	-50.90787	0	52	2021-12-05T19:02:35
2.78060	-50.90781	0	52	2021-12-05T19:37:32
2.78077	-50.90781	0	52	2021-12-05T19:42:32
2.78068	-50.90781	0	52	2021-12-05T19:47:31
2.78069	-50.90787	0	52	2021-12-05T19:52:31
2.78073	-50.90778	0	52	2021-12-05T19:57:31
2.78069	-50.90778	0	52	2021-12-05T20:02:30
2.78079	-50.90787	0	52	2021-12-05T20:07:30
2.78071	-50.90782	0	52	2021-12-05T20:37:35
2.78067	-50.90773	0	52	2021-12-05T20:42:35
2.78076	-50.90790	0	52	2021-12-05T20:47:34
2.78063	-50.90752	0	52	2021-12-05T22:12:40
2.78020	-50.90778	0	52	2021-12-05T22:17:40
2.78080	-50.90747	0	52	2021-12-05T22:22:40
2.78057	-50.90759	0	52	2021-12-05T22:27:36
2.78101	-50.90756	0	52	2021-12-05T22:32:50
2.78087	-50.90750	0	52	2021-12-05T22:37:37
2.78083	-50.90759	0	52	2021-12-05T22:42:42
2.78100	-50.90759	0	52	2021-12-05T22:47:42
2.78104	-50.90759	0	52	2021-12-05T22:52:43
2.78098	-50.90738	0	52	2021-12-05T23:10:24
2.78111	-50.90738	0	52	2021-12-05T23:15:24
2.78098	-50.90781	0	52	2021-12-05T23:20:24
2.78061	-50.90771	0	52	2021-12-06T01:32:38
2.78061	-50.90762	0	52	2021-12-06T01:37:37
2.78057	-50.90771	0	52	2021-12-06T01:42:37
2.78067	-50.90762	0	52	2021-12-06T01:47:34
2.78064	-50.90778	0	52	2021-12-06T01:57:36
2.78068	-50.90761	0	52	2021-12-06T02:02:37
2.78064	-50.90778	0	52	2021-12-06T02:07:37
2.78071	-50.90771	0	52	2021-12-06T02:42:39
2.78062	-50.90771	0	52	2021-12-06T02:47:38
2.78065	-50.90778	0	52	2021-12-06T04:47:42
2.78069	-50.90787	0	52	2021-12-06T04:57:41
2.78067	-50.90796	0	52	2021-12-06T07:17:55
2.78084	-50.90796	0	52	2021-12-06T07:22:54
2.78084	-50.90787	0	52	2021-12-06T07:27:54
2.78099	-50.90741	0	52	2021-12-06T07:32:54
2.78049	-50.90756	0	52	2021-12-06T09:12:57
2.78075	-50.90790	0	52	2021-12-06T09:17:58
2.78071	-50.90799	0	52	2021-12-06T09:22:58
2.78067	-50.90778	0	52	2021-12-06T10:42:53
2.78133	-50.90759	0	52	2021-12-06T11:12:50
2.78129	-50.90759	0	52	2021-12-06T11:17:51
2.78108	-50.90750	0	52	2021-12-06T11:22:51
2.78072	-50.90756	0	52	2021-12-06T12:52:44
2.78079	-50.90787	0	52	2021-12-06T13:37:48
2.78096	-50.90761	0	52	2021-12-06T13:42:48
2.78079	-50.90787	0	52	2021-12-06T13:47:47
2.78067	-50.90765	0	52	2021-12-06T15:07:57
2.78064	-50.90787	0	52	2021-12-06T16:37:56
2.78065	-50.90780	0	52	2021-12-06T16:52:55
2.78069	-50.90771	0	52	2021-12-06T17:02:55
2.78073	-50.90781	0	52	2021-12-06T18:32:51
2.78068	-50.90778	0	52	2021-12-06T19:12:55
2.78069	-50.90780	0	52	2021-12-06T19:42:59
2.78073	-50.90780	0	52	2021-12-06T19:47:58
2.78069	-50.90771	0	52	2021-12-06T19:52:58
2.78064	-50.90765	0	52	2021-12-06T21:58:09
2.78055	-50.90750	0	52	2021-12-06T22:03:09
2.78061	-50.90758	0	52	2021-12-06T22:18:12
2.78070	-50.90775	0	52	2021-12-06T22:23:12
2.78070	-50.90779	0	52	2021-12-06T22:33:18
2.78070	-50.90753	0	52	2021-12-06T22:38:18
2.78079	-50.90762	0	52	2021-12-06T22:43:17
2.78086	-50.90756	0	52	2021-12-06T23:03:23
2.78094	-50.90756	0	52	2021-12-06T23:13:25
2.78081	-50.90756	0	52	2021-12-06T23:18:26
2.78085	-50.90756	0	52	2021-12-06T23:23:26
2.78064	-50.90771	0	52	2021-12-07T00:58:34
2.78064	-50.90762	0	52	2021-12-07T01:03:33
2.78068	-50.90771	0	52	2021-12-07T01:08:33
2.78054	-50.90750	0	52	2021-12-07T01:14:11
2.78062	-50.90764	0	52	2021-12-07T01:23:29
2.78062	-50.90773	0	52	2021-12-07T01:28:29
2.78058	-50.90756	0	52	2021-12-07T01:33:30
2.78066	-50.90753	0	52	2021-12-07T01:43:28
2.78066	-50.90744	0	52	2021-12-07T01:48:29
2.78062	-50.90778	0	52	2021-12-07T03:58:42
2.78075	-50.90787	0	52	2021-12-07T04:03:41
2.78062	-50.90769	0	52	2021-12-07T04:09:43
2.78062	-50.90778	0	52	2021-12-07T04:14:43
2.78066	-50.90778	0	52	2021-12-07T04:19:43
2.78087	-50.90788	0	52	2021-12-07T04:58:38
2.78066	-50.90771	0	52	2021-12-07T05:08:39
2.78080	-50.90796	0	52	2021-12-07T06:43:21
2.78080	-50.90787	0	52	2021-12-07T06:53:22
2.78071	-50.90795	0	52	2021-12-07T07:23:23
2.78084	-50.90795	0	52	2021-12-07T07:28:22
2.78054	-50.90778	0	52	2021-12-07T07:33:22
2.78073	-50.90796	0	52	2021-12-07T07:38:24
2.78075	-50.90787	0	52	2021-12-07T13:18:43
2.78079	-50.90793	0	52	2021-12-07T13:38:42
2.78111	-50.90754	0	52	2021-12-07T14:09:00
2.78111	-50.90771	0	52	2021-12-07T14:14:00
2.78120	-50.90771	0	52	2021-12-07T14:19:00
2.78076	-50.90787	0	52	2021-12-07T14:44:04
2.78097	-50.90796	0	52	2021-12-07T14:49:04
2.78080	-50.90787	0	52	2021-12-07T14:54:03
2.78062	-50.90784	0	52	2021-12-07T16:03:45
2.78056	-50.90781	0	52	2021-12-07T16:11:03
2.78059	-50.90784	0	52	2021-12-07T17:08:31
2.78067	-50.90779	0	52	2021-12-07T18:48:22
2.78067	-50.90762	0	52	2021-12-07T18:58:23
2.78065	-50.90765	0	52	2021-12-07T19:03:21
2.78058	-50.90775	0	52	2021-12-07T19:18:26
2.78060	-50.90775	0	52	2021-12-07T19:38:23
2.78053	-50.90765	0	52	2021-12-07T19:58:21
2.78073	-50.90766	0	52	2021-12-07T20:38:16
2.78064	-50.90766	0	52	2021-12-07T20:43:15
2.78064	-50.90775	0	52	2021-12-07T20:48:16
2.78066	-50.90743	0	52	2021-12-07T21:34:41
2.78083	-50.90777	0	52	2021-12-07T21:39:41
2.78053	-50.90768	0	52	2021-12-07T21:44:42
2.78107	-50.90735	0	52	2021-12-07T22:38:20
2.78105	-50.90765	0	52	2021-12-07T22:46:24
2.78120	-50.90735	0	52	2021-12-07T22:48:21
2.78092	-50.90747	0	52	2021-12-07T23:23:18
2.78101	-50.90738	0	52	2021-12-07T23:28:17
2.78049	-50.90756	0	52	2021-12-08T00:48:18
2.78066	-50.90756	0	52	2021-12-08T00:53:18
2.78057	-50.90756	0	52	2021-12-08T00:58:17
2.78069	-50.90756	0	52	2021-12-08T01:03:16
2.78069	-50.90739	0	52	2021-12-08T01:08:16
2.78073	-50.90765	0	52	2021-12-08T01:13:15
2.78061	-50.90750	0	52	2021-12-08T01:18:18
2.78078	-50.90756	0	52	2021-12-08T01:28:21
2.78069	-50.90765	0	52	2021-12-08T01:33:21
2.78082	-50.90765	0	52	2021-12-08T01:38:20
2.78074	-50.90756	0	52	2021-12-08T02:08:29
2.78078	-50.90747	0	52	2021-12-08T02:13:29
2.78082	-50.90747	0	52	2021-12-08T02:18:30
2.78057	-50.90765	0	52	2021-12-08T02:58:35
2.78048	-50.90765	0	52	2021-12-08T03:03:34
2.78057	-50.90765	0	52	2021-12-08T03:08:34
2.78073	-50.90778	0	52	2021-12-08T03:44:11
2.78077	-50.90778	0	52	2021-12-08T03:54:10
2.78069	-50.90778	0	52	2021-12-08T03:58:32
2.78073	-50.90778	0	52	2021-12-08T04:03:32
2.78069	-50.90778	0	52	2021-12-08T04:08:33
2.78045	-50.90775	0	52	2021-12-08T04:18:36
2.78041	-50.90775	0	52	2021-12-08T04:23:36
2.78058	-50.90775	0	52	2021-12-08T04:28:37
2.78073	-50.90792	0	52	2021-12-08T06:45:10
2.78069	-50.90801	0	52	2021-12-08T06:50:10
2.78065	-50.90775	0	52	2021-12-08T06:55:11
2.78066	-50.90790	0	52	2021-12-08T06:58:36
2.78059	-50.90784	0	52	2021-12-08T07:13:42
2.78063	-50.90793	0	52	2021-12-08T07:18:43
2.78050	-50.90784	0	52	2021-12-08T07:23:43
2.78070	-50.90782	0	52	2021-12-08T09:38:44
2.78070	-50.90791	0	52	2021-12-08T09:43:44
2.78079	-50.90808	0	52	2021-12-08T09:48:45
2.78061	-50.90778	0	52	2021-12-08T10:53:48
2.78050	-50.90768	0	52	2021-12-08T12:43:40
2.78072	-50.90793	0	52	2021-12-08T13:08:43
2.78029	-50.90733	0	52	2021-12-08T13:13:42
2.78072	-50.90784	0	52	2021-12-08T13:18:43
2.78098	-50.90778	0	52	2021-12-08T13:43:35
2.78071	-50.90781	0	52	2021-12-08T15:28:42
2.78060	-50.90768	0	52	2021-12-08T16:08:41
2.78084	-50.90778	0	52	2021-12-08T16:38:41
2.78067	-50.90778	0	52	2021-12-08T16:48:40
2.78074	-50.90781	0	52	2021-12-08T19:23:25
2.78058	-50.90756	0	52	2021-12-08T21:23:30
2.78079	-50.90773	0	52	2021-12-08T21:28:30
2.78058	-50.90747	0	52	2021-12-08T21:33:31
2.78058	-50.90762	0	52	2021-12-08T21:39:57
2.78067	-50.90762	0	52	2021-12-08T21:44:57
2.78050	-50.90762	0	52	2021-12-08T21:49:57
2.78071	-50.90766	0	52	2021-12-08T22:03:35
2.78062	-50.90766	0	52	2021-12-08T22:08:34
2.78088	-50.90689	0	52	2021-12-08T22:13:34
2.78065	-50.90765	0	52	2021-12-08T22:28:33
2.78107	-50.90766	0	52	2021-12-08T22:43:35
2.78107	-50.90757	0	52	2021-12-08T22:48:36
2.78111	-50.90723	0	52	2021-12-08T22:53:36
2.78070	-50.90756	0	52	2021-12-09T00:33:24
2.78087	-50.90756	0	52	2021-12-09T00:38:24
2.78091	-50.90747	0	52	2021-12-09T00:43:25
2.78086	-50.90773	0	52	2021-12-09T01:13:23
2.78074	-50.90793	0	52	2021-12-09T01:18:22
2.78077	-50.90790	0	52	2021-12-09T01:23:23
2.78079	-50.90776	0	52	2021-12-09T01:38:19
2.78066	-50.90793	0	52	2021-12-09T01:43:20
2.78049	-50.90741	0	52	2021-12-09T02:23:14
2.78073	-50.90753	0	52	2021-12-09T02:28:09
2.78069	-50.90770	0	52	2021-12-09T02:33:09
2.78069	-50.90753	0	52	2021-12-09T02:38:10
2.78064	-50.90771	0	52	2021-12-09T03:23:07
2.78060	-50.90765	0	52	2021-12-09T03:28:04
2.78077	-50.90771	0	52	2021-12-09T03:33:08
2.78057	-50.90781	0	52	2021-12-09T03:43:55
2.78057	-50.90772	0	52	2021-12-09T03:48:55
2.78066	-50.90781	0	52	2021-12-09T03:53:54
2.78074	-50.90790	0	52	2021-12-09T04:18:08
2.78073	-50.90784	0	52	2021-12-09T04:23:09
2.78077	-50.90784	0	52	2021-12-09T04:28:10
2.78073	-50.90775	0	52	2021-12-09T04:33:10
2.78083	-50.90784	0	52	2021-12-09T06:22:54
2.78072	-50.90784	0	52	2021-12-09T06:32:53
2.78042	-50.90767	0	52	2021-12-09T06:37:53
2.78072	-50.90793	0	52	2021-12-09T06:42:54
2.78069	-50.90778	0	52	2021-12-09T07:08:29
2.78070	-50.90787	0	52	2021-12-09T07:42:53
2.78066	-50.90787	0	52	2021-12-09T07:47:53
2.78071	-50.90765	0	52	2021-12-09T09:42:55
2.78067	-50.90765	0	52	2021-12-09T09:47:55
2.78076	-50.90765	0	52	2021-12-09T09:52:56
2.78064	-50.90765	0	52	2021-12-09T10:57:47
2.78096	-50.90799	0	52	2021-12-09T15:12:49
2.78093	-50.90802	0	52	2021-12-09T15:17:50
2.78076	-50.90775	0	52	2021-12-09T15:37:54
2.78079	-50.90778	0	52	2021-12-09T16:38:04
2.78070	-50.90778	0	52	2021-12-09T17:48:15
2.78067	-50.90773	0	52	2021-12-09T18:20:06
2.78080	-50.90764	0	52	2021-12-09T18:25:06
2.78084	-50.90781	0	52	2021-12-09T18:30:07
2.78032	-50.90711	0	52	2021-12-09T18:38:23
2.78101	-50.90745	0	52	2021-12-09T18:43:22
2.78075	-50.90771	0	52	2021-12-09T18:48:22
2.78046	-50.90756	0	52	2021-12-09T19:08:22
2.78068	-50.90787	0	52	2021-12-09T19:28:25
2.78071	-50.90790	0	52	2021-12-09T19:43:24
2.78053	-50.90773	0	52	2021-12-09T21:08:19
2.78062	-50.90773	0	52	2021-12-09T21:13:20
2.78071	-50.90790	0	52	2021-12-09T21:18:20
2.78048	-50.90758	0	52	2021-12-09T21:45:31
2.78069	-50.90775	0	52	2021-12-09T21:50:30
2.78073	-50.90775	0	52	2021-12-09T21:55:30
2.78087	-50.90756	0	52	2021-12-09T23:00:05
2.78074	-50.90745	0	52	2021-12-09T23:38:30
2.78083	-50.90745	0	52	2021-12-09T23:43:30
2.78083	-50.90762	0	52	2021-12-09T23:48:31
2.78076	-50.90807	0	52	2021-12-10T00:38:15
2.78080	-50.90790	0	52	2021-12-10T00:48:14
2.78068	-50.90762	0	52	2021-12-10T00:58:15
2.78089	-50.90762	0	52	2021-12-10T01:03:14
2.78072	-50.90805	0	52	2021-12-10T01:08:14
2.78071	-50.90778	0	52	2021-12-10T05:33:05
2.78058	-50.90796	0	52	2021-12-10T07:23:00
2.78075	-50.90796	0	52	2021-12-10T07:27:59
2.78071	-50.90796	0	52	2021-12-10T07:32:59
2.78075	-50.90787	0	52	2021-12-10T07:47:56
2.78071	-50.90787	0	52	2021-12-10T07:52:55
2.78066	-50.90781	0	52	2021-12-10T09:22:50
2.78072	-50.90768	0	52	2021-12-10T09:57:53
2.78062	-50.90753	0	52	2021-12-10T11:55:47
2.78053	-50.90765	0	52	2021-12-10T12:07:52
2.78045	-50.90762	0	52	2021-12-10T12:32:55
2.78054	-50.90780	0	52	2021-12-10T12:37:48
2.78058	-50.90771	0	52	2021-12-10T12:42:47
2.78049	-50.90771	0	52	2021-12-10T12:47:47
2.78093	-50.90793	0	52	2021-12-10T14:03:22
2.78071	-50.90771	0	52	2021-12-10T15:37:54
2.78066	-50.90748	0	52	2021-12-10T15:54:01
2.78062	-50.90765	0	52	2021-12-10T16:04:02
2.78069	-50.90753	0	52	2021-12-10T17:32:58
2.78053	-50.90784	0	52	2021-12-10T18:19:15
2.78062	-50.90784	0	52	2021-12-10T18:29:15
2.78082	-50.90781	0	52	2021-12-10T18:42:46
2.78069	-50.90781	0	52	2021-12-10T18:52:47
2.78070	-50.90781	0	52	2021-12-10T20:12:35
2.78066	-50.90781	0	52	2021-12-10T20:22:35
2.78070	-50.90775	0	52	2021-12-10T20:43:41
2.78059	-50.90778	0	52	2021-12-10T21:12:37
2.78063	-50.90787	0	52	2021-12-10T21:17:38
2.78059	-50.90787	0	52	2021-12-10T21:22:38
2.78069	-50.90778	0	52	2021-12-10T21:27:32
2.78079	-50.90775	0	52	2021-12-10T22:12:31
2.78066	-50.90775	0	52	2021-12-10T22:17:30
2.78087	-50.90775	0	52	2021-12-10T22:22:30
2.78072	-50.90756	0	52	2021-12-10T23:37:21
2.78069	-50.90787	0	52	2021-12-10T23:57:19
2.78090	-50.90780	0	52	2021-12-11T00:05:03
2.78069	-50.90771	0	52	2021-12-11T00:15:04
2.78067	-50.90782	0	52	2021-12-11T00:37:07
2.78067	-50.90765	0	52	2021-12-11T00:47:08
2.78088	-50.90768	0	52	2021-12-11T02:51:50
2.78071	-50.90768	0	52	2021-12-11T02:56:49
2.78088	-50.90759	0	52	2021-12-11T03:01:49
2.78076	-50.90768	0	52	2021-12-11T03:36:55
2.78076	-50.90759	0	52	2021-12-11T03:41:56
2.78092	-50.90784	0	52	2021-12-11T05:41:37
2.78083	-50.90784	0	52	2021-12-11T05:51:36
2.78080	-50.90784	0	52	2021-12-11T06:16:33
2.78078	-50.90776	0	52	2021-12-11T06:22:42
2.78087	-50.90793	0	52	2021-12-11T06:32:41
2.78083	-50.90771	0	52	2021-12-11T08:26:21
2.78071	-50.90790	0	52	2021-12-11T08:46:23
2.78068	-50.90781	0	52	2021-12-11T10:01:28
2.78092	-50.90747	0	52	2021-12-11T11:06:19
2.78088	-50.90747	0	52	2021-12-11T11:16:19
2.78060	-50.90750	0	52	2021-12-11T12:11:16
2.78060	-50.90767	0	52	2021-12-11T12:16:17
2.78056	-50.90750	0	52	2021-12-11T12:21:17
2.78074	-50.90759	0	52	2021-12-11T15:06:18
2.78061	-50.90749	0	52	2021-12-11T15:21:17
2.78048	-50.90758	0	52	2021-12-11T15:26:16
2.78065	-50.90741	0	52	2021-12-11T15:31:16
2.78073	-50.90771	0	52	2021-12-11T20:50:58
2.78068	-50.90766	0	52	2021-12-11T21:20:56
2.78068	-50.90775	0	52	2021-12-11T21:25:56
2.78080	-50.90790	0	52	2021-12-11T22:31:03
2.78080	-50.90793	0	52	2021-12-11T23:41:08
2.78046	-50.90767	0	52	2021-12-12T00:06:11
2.78067	-50.90776	0	52	2021-12-12T00:11:11
2.78046	-50.90750	0	52	2021-12-12T00:16:10
2.78076	-50.90787	0	52	2021-12-12T00:41:07
2.78090	-50.90739	0	52	2021-12-12T02:16:08
2.78069	-50.90765	0	52	2021-12-12T02:21:08
2.78082	-50.90765	0	52	2021-12-12T02:26:09
2.78056	-50.90768	0	52	2021-12-12T02:46:05
2.78054	-50.90765	0	52	2021-12-12T02:51:09
2.78075	-50.90765	0	52	2021-12-12T02:56:09
2.78082	-50.90777	0	52	2021-12-12T03:02:00
2.78082	-50.90768	0	52	2021-12-12T03:06:59
2.78078	-50.90778	0	52	2021-12-12T03:21:07
2.78078	-50.90769	0	52	2021-12-12T03:26:07
2.78074	-50.90778	0	52	2021-12-12T03:31:07
2.78084	-50.90784	0	52	2021-12-12T04:01:02
2.78075	-50.90784	0	52	2021-12-12T04:11:03
2.78092	-50.90776	0	52	2021-12-12T05:50:54
2.78075	-50.90776	0	52	2021-12-12T05:55:55
2.78066	-50.90793	0	52	2021-12-12T06:00:55
2.78071	-50.90793	0	52	2021-12-12T06:15:54
2.78071	-50.90802	0	52	2021-12-12T06:20:55
2.78073	-50.90787	0	52	2021-12-12T06:25:58
2.78062	-50.90793	0	52	2021-12-12T07:05:51
2.78064	-50.90793	0	52	2021-12-12T08:40:55
2.78073	-50.90759	0	52	2021-12-12T08:45:54
2.78073	-50.90793	0	52	2021-12-12T08:55:51
2.78071	-50.90789	0	52	2021-12-12T09:01:46
2.78071	-50.90780	0	52	2021-12-12T09:06:47
2.78075	-50.90771	0	52	2021-12-12T09:11:47
2.78076	-50.90773	0	52	2021-12-12T09:40:47
2.78080	-50.90730	0	52	2021-12-12T09:45:48
2.78080	-50.90799	0	52	2021-12-12T09:50:48
2.78071	-50.90721	0	52	2021-12-12T10:30:56
2.78075	-50.90738	0	52	2021-12-12T10:35:56
2.78084	-50.90729	0	52	2021-12-12T10:40:57
2.78092	-50.90718	0	52	2021-12-12T11:31:02
2.78071	-50.90744	0	52	2021-12-12T11:36:03
2.78101	-50.90735	0	52	2021-12-12T11:41:03
2.78093	-50.90744	0	52	2021-12-12T11:46:05
2.78060	-50.90744	0	52	2021-12-12T12:16:04
2.78064	-50.90744	0	52	2021-12-12T12:21:03
2.78069	-50.90778	0	52	2021-12-12T17:21:01
2.78071	-50.90795	0	52	2021-12-12T17:51:09
2.78071	-50.90769	0	52	2021-12-12T17:56:09
2.78071	-50.90778	0	52	2021-12-12T18:01:08
2.78079	-50.90797	0	52	2021-12-12T20:11:02
2.78083	-50.90771	0	52	2021-12-12T20:15:59
2.78075	-50.90771	0	52	2021-12-12T20:21:01
2.78068	-50.90781	0	52	2021-12-12T20:41:03
2.78081	-50.90772	0	52	2021-12-12T20:46:04
2.78072	-50.90781	0	52	2021-12-12T20:51:04
2.78062	-50.90759	0	52	2021-12-12T21:15:58
2.78069	-50.90767	0	52	2021-12-12T23:31:01
2.78073	-50.90776	0	52	2021-12-12T23:36:00
2.78056	-50.90836	0	52	2021-12-12T23:41:00
2.78059	-50.90778	0	52	2021-12-12T23:46:00
2.78068	-50.90775	0	52	2021-12-12T23:55:53
2.78042	-50.90766	0	52	2021-12-13T00:00:52
2.78072	-50.90775	0	52	2021-12-13T00:05:53
2.78067	-50.90770	0	52	2021-12-13T00:35:50
2.78071	-50.90779	0	52	2021-12-13T00:40:51
2.78067	-50.90762	0	52	2021-12-13T00:45:51
2.78056	-50.90775	0	52	2021-12-13T02:30:53
2.78035	-50.90775	0	52	2021-12-13T02:35:52
2.78065	-50.90775	0	52	2021-12-13T02:40:52
2.78061	-50.90754	0	52	2021-12-13T03:30:53
2.78074	-50.90771	0	52	2021-12-13T03:35:53
2.78079	-50.90787	0	52	2021-12-13T05:25:57
2.78075	-50.90787	0	52	2021-12-13T05:30:58
2.78065	-50.90799	0	52	2021-12-13T06:05:56
2.78069	-50.90792	0	52	2021-12-13T08:50:50
2.78065	-50.90775	0	52	2021-12-13T08:55:51
2.78061	-50.90781	0	52	2021-12-13T09:00:59
2.78069	-50.90811	0	52	2021-12-13T09:30:57
2.78073	-50.90802	0	52	2021-12-13T09:40:58
2.78047	-50.90735	0	52	2021-12-13T11:41:10
2.78064	-50.90744	0	52	2021-12-13T11:46:09
2.78055	-50.90744	0	52	2021-12-13T11:51:09
2.78046	-50.90759	0	52	2021-12-13T12:01:08
2.78037	-50.90750	0	52	2021-12-13T12:06:08
2.78024	-50.90750	0	52	2021-12-13T12:11:09
2.78123	-50.90750	0	52	2021-12-13T14:00:46
2.78136	-50.90778	0	52	2021-12-13T14:35:51
2.78073	-50.90771	0	52	2021-12-13T20:35:33
2.78066	-50.90790	0	52	2021-12-13T20:50:39
2.78062	-50.90790	0	52	2021-12-13T20:55:39
2.78065	-50.90787	0	52	2021-12-13T21:00:39
2.78068	-50.90784	0	52	2021-12-13T21:10:33
2.78072	-50.90793	0	52	2021-12-13T21:15:32
2.78076	-50.90793	0	52	2021-12-13T21:20:32
2.78077	-50.90781	0	52	2021-12-13T21:50:37
2.78077	-50.90790	0	52	2021-12-13T22:00:38
2.78071	-50.90761	0	52	2021-12-13T23:20:41
2.78075	-50.90761	0	52	2021-12-13T23:25:42
2.78066	-50.90778	0	52	2021-12-13T23:30:42
2.78069	-50.90784	0	52	2021-12-14T00:00:40
2.78073	-50.90784	0	52	2021-12-14T00:05:41
2.78073	-50.90775	0	52	2021-12-14T00:10:41
2.78060	-50.90793	0	52	2021-12-14T00:26:42
2.78071	-50.90802	0	52	2021-12-14T00:45:40
2.78064	-50.90802	0	52	2021-12-14T00:50:42
2.78072	-50.90793	0	52	2021-12-14T01:30:54
2.78076	-50.90784	0	52	2021-12-14T01:35:53
2.78067	-50.90784	0	52	2021-12-14T01:40:53
2.78068	-50.90768	0	52	2021-12-14T02:00:49
2.78059	-50.90778	0	52	2021-12-14T02:35:51
2.78046	-50.90769	0	52	2021-12-14T02:40:52
2.78072	-50.90778	0	52	2021-12-14T02:45:52
2.78060	-50.90767	0	52	2021-12-14T02:50:56
2.78064	-50.90750	0	52	2021-12-14T02:55:55
2.78072	-50.90781	0	52	2021-12-14T04:30:56
2.78070	-50.90790	0	52	2021-12-14T07:16:04
2.78061	-50.90790	0	52	2021-12-14T07:21:04
2.78070	-50.90790	0	52	2021-12-14T07:26:03
2.78082	-50.90762	0	52	2021-12-14T08:11:02
2.78073	-50.90771	0	52	2021-12-14T08:16:02
2.78077	-50.90771	0	52	2021-12-14T08:21:01
2.78071	-50.90793	0	52	2021-12-14T09:41:14
2.78097	-50.90757	0	52	2021-12-14T10:46:48
2.78080	-50.90774	0	52	2021-12-14T10:51:49
2.78089	-50.90765	0	52	2021-12-14T10:56:49
2.78100	-50.90771	0	52	2021-12-14T14:26:20
2.78073	-50.90787	0	52	2021-12-14T16:36:24
2.78070	-50.90787	0	52	2021-12-14T16:41:23
2.78066	-50.90787	0	52	2021-12-14T16:46:22
2.78062	-50.90796	0	52	2021-12-14T16:51:22
2.78070	-50.90787	0	52	2021-12-14T17:21:15
2.78070	-50.90796	0	52	2021-12-14T17:26:15
2.78070	-50.90787	0	52	2021-12-14T17:31:14
2.78080	-50.90796	0	52	2021-12-14T17:51:32
2.78088	-50.90820	0	52	2021-12-14T18:16:33
2.78080	-50.90793	0	52	2021-12-14T19:51:29
2.78076	-50.90784	0	52	2021-12-14T19:56:29
2.78072	-50.90784	0	52	2021-12-14T20:01:28
2.78081	-50.90778	0	52	2021-12-14T20:06:27
2.78064	-50.90793	0	52	2021-12-14T20:11:37
2.78090	-50.90767	0	52	2021-12-14T20:16:37
2.78073	-50.90793	0	52	2021-12-14T20:21:36
2.78060	-50.90787	0	52	2021-12-14T20:46:27
2.78102	-50.90750	0	52	2021-12-14T22:57:17
2.78082	-50.90787	0	52	2021-12-14T23:26:51
2.78086	-50.90787	0	52	2021-12-14T23:31:52
2.78082	-50.90796	0	52	2021-12-14T23:36:52
2.78063	-50.90761	0	52	2021-12-15T00:06:35
2.78102	-50.90812	0	52	2021-12-15T00:11:36
2.78059	-50.90778	0	52	2021-12-15T00:16:36
2.78060	-50.90768	0	52	2021-12-15T01:08:41
2.78069	-50.90761	0	52	2021-12-15T01:16:31
2.78065	-50.90770	0	52	2021-12-15T01:21:32
2.78074	-50.90753	0	52	2021-12-15T01:26:32
2.78076	-50.90767	0	52	2021-12-15T02:56:22
2.78063	-50.90793	0	52	2021-12-15T03:01:22
2.78076	-50.90784	0	52	2021-12-15T03:06:23
2.78075	-50.90787	0	52	2021-12-15T04:46:16
2.78071	-50.90778	0	52	2021-12-15T04:51:15
2.78069	-50.90778	0	52	2021-12-15T05:01:17
2.78076	-50.90781	0	52	2021-12-15T07:27:04
2.78076	-50.90778	0	52	2021-12-15T07:46:17
2.78069	-50.90765	0	52	2021-12-15T08:46:15
2.78075	-50.90771	0	52	2021-12-15T09:11:16
2.78076	-50.90768	0	52	2021-12-15T11:21:12
2.78085	-50.90747	0	52	2021-12-15T13:06:10
2.78103	-50.90762	0	52	2021-12-15T13:36:12
2.78103	-50.90771	0	52	2021-12-15T13:46:12
2.78106	-50.90771	0	52	2021-12-15T13:51:07
2.78102	-50.90784	0	52	2021-12-15T14:31:21
2.78055	-50.90790	0	52	2021-12-15T15:11:19
2.78068	-50.90799	0	52	2021-12-15T16:56:18
2.78077	-50.90799	0	52	2021-12-15T17:01:17
2.78086	-50.90771	0	52	2021-12-15T17:41:11
2.78086	-50.90802	0	52	2021-12-15T17:46:16
2.78067	-50.90781	0	52	2021-12-15T18:51:08
2.78075	-50.90793	0	52	2021-12-15T19:11:11
2.78071	-50.90790	0	52	2021-12-15T19:51:23
2.78070	-50.90805	0	52	2021-12-15T20:11:37
2.78083	-50.90796	0	52	2021-12-15T20:16:31
2.78074	-50.90796	0	52	2021-12-15T20:21:31
2.78087	-50.90796	0	52	2021-12-15T20:26:32
2.78074	-50.90787	0	52	2021-12-15T20:36:32
2.78074	-50.90778	0	52	2021-12-15T20:41:31
2.78061	-50.90778	0	52	2021-12-15T20:46:31
2.78071	-50.90775	0	52	2021-12-15T20:51:31
2.78077	-50.90756	0	52	2021-12-15T21:19:44
2.78060	-50.90756	0	52	2021-12-15T21:29:44
2.78043	-50.90761	0	52	2021-12-15T21:36:24
2.78069	-50.90744	0	52	2021-12-15T21:41:24
2.78089	-50.90741	0	52	2021-12-15T22:21:23
2.78088	-50.90744	0	52	2021-12-15T22:36:16
2.78084	-50.90764	0	52	2021-12-15T23:06:21
2.78080	-50.90747	0	52	2021-12-15T23:11:21
2.78067	-50.90756	0	52	2021-12-15T23:16:21
2.78060	-50.90756	0	52	2021-12-16T00:56:23
2.78061	-50.90756	0	52	2021-12-16T01:01:24
2.78083	-50.90756	0	52	2021-12-16T01:46:16
2.78075	-50.90756	0	52	2021-12-16T01:51:15
2.78079	-50.90756	0	52	2021-12-16T01:56:15
2.78072	-50.90765	0	52	2021-12-16T02:56:14
2.78088	-50.90787	0	52	2021-12-16T07:40:56
2.78071	-50.90787	0	52	2021-12-16T07:45:55
2.78075	-50.90787	0	52	2021-12-16T07:50:55
2.78100	-50.90741	0	52	2021-12-16T10:20:52
2.78088	-50.90778	0	52	2021-12-16T10:55:44
2.78084	-50.90768	0	52	2021-12-16T11:15:44
2.78093	-50.90759	0	52	2021-12-16T11:20:44
2.78072	-50.90759	0	52	2021-12-16T11:55:47
2.78068	-50.90759	0	52	2021-12-16T12:05:47
2.78109	-50.90765	0	52	2021-12-16T13:30:40
2.78068	-50.90771	0	52	2021-12-16T14:10:51
2.78070	-50.90759	0	52	2021-12-16T14:20:48
2.78079	-50.90768	0	52	2021-12-16T14:25:48
2.78066	-50.90768	0	52	2021-12-16T14:30:47
2.78114	-50.90784	0	52	2021-12-16T14:35:50
2.78063	-50.90756	0	52	2021-12-16T17:16:00
2.78067	-50.90790	0	52	2021-12-16T17:21:00
2.78071	-50.90799	0	52	2021-12-16T17:26:01
2.78068	-50.90775	0	52	2021-12-16T18:06:04
2.78065	-50.90787	0	52	2021-12-16T19:25:55
2.78061	-50.90778	0	52	2021-12-16T19:30:55
2.78065	-50.90778	0	52	2021-12-16T19:35:55
2.78072	-50.90790	0	52	2021-12-16T19:55:53
2.78078	-50.90765	0	52	2021-12-16T20:05:54
2.78082	-50.90765	0	52	2021-12-16T20:15:54
2.78062	-50.90767	0	52	2021-12-16T20:46:16
2.78066	-50.90767	0	52	2021-12-16T20:51:17
2.78062	-50.90750	0	52	2021-12-16T20:56:17
2.78075	-50.90753	0	52	2021-12-16T22:45:55
2.78077	-50.90748	0	52	2021-12-16T22:55:58
2.78077	-50.90739	0	52	2021-12-16T23:00:57
2.78073	-50.90756	0	52	2021-12-16T23:05:58
2.78080	-50.90759	0	52	2021-12-16T23:45:54
2.78049	-50.90744	0	52	2021-12-17T00:40:51
2.78070	-50.90758	0	52	2021-12-17T01:25:51
2.78079	-50.90741	0	52	2021-12-17T01:30:52
2.78075	-50.90750	0	52	2021-12-17T01:35:52
2.78079	-50.90765	0	52	2021-12-17T02:35:40
2.78062	-50.90756	0	52	2021-12-17T02:40:40
2.78077	-50.90798	0	52	2021-12-17T04:15:41
2.78073	-50.90798	0	52	2021-12-17T04:20:41
2.78069	-50.90781	0	52	2021-12-17T04:25:40
2.78084	-50.90787	0	52	2021-12-17T04:30:37
2.78083	-50.90796	0	52	2021-12-17T04:55:40
2.78079	-50.90796	0	52	2021-12-17T05:00:40
2.78083	-50.90787	0	52	2021-12-17T05:05:39
2.78083	-50.90783	0	52	2021-12-17T05:20:42
2.78087	-50.90774	0	52	2021-12-17T05:25:42
2.78070	-50.90808	0	52	2021-12-17T05:30:42
2.78068	-50.90776	0	52	2021-12-17T07:45:47
2.78064	-50.90776	0	52	2021-12-17T07:50:47
2.78060	-50.90750	0	52	2021-12-17T07:55:48
2.78077	-50.90765	0	52	2021-12-17T09:01:02
2.78134	-50.90724	0	52	2021-12-17T10:42:25
2.78075	-50.90768	0	52	2021-12-17T10:45:57
2.78091	-50.90741	0	52	2021-12-17T10:52:24
2.78092	-50.90744	0	52	2021-12-17T11:00:52
2.78101	-50.90735	0	52	2021-12-17T11:10:51
2.78107	-50.90775	0	52	2021-12-17T13:30:46
2.78098	-50.90775	0	52	2021-12-17T13:40:46
2.78089	-50.90796	0	52	2021-12-17T14:40:49
2.78089	-50.90762	0	52	2021-12-17T15:50:47
2.78081	-50.90775	0	52	2021-12-17T16:00:50
2.78081	-50.90784	0	52	2021-12-17T16:05:50
2.78068	-50.90784	0	52	2021-12-17T16:10:49
2.78088	-50.90782	0	52	2021-12-17T16:20:49
2.78079	-50.90791	0	52	2021-12-17T16:25:48
2.78083	-50.90765	0	52	2021-12-17T16:30:48
2.78079	-50.90770	0	52	2021-12-17T16:55:52
2.78066	-50.90787	0	52	2021-12-17T17:05:53
2.78073	-50.90790	0	52	2021-12-17T17:20:56
2.78073	-50.90781	0	52	2021-12-17T17:25:56
2.78066	-50.90790	0	52	2021-12-17T17:30:58
2.78072	-50.90796	0	52	2021-12-17T17:51:01
2.78071	-50.90774	0	52	2021-12-17T18:16:05
2.78080	-50.90765	0	52	2021-12-17T18:21:05
2.78070	-50.90778	0	52	2021-12-17T19:21:08
2.78072	-50.90793	0	52	2021-12-17T19:26:06
2.78077	-50.90778	0	52	2021-12-17T19:41:08
2.78071	-50.90765	0	52	2021-12-17T20:24:10
2.78101	-50.90765	0	52	2021-12-17T21:41:22
2.78088	-50.90765	0	52	2021-12-17T21:46:22
2.78118	-50.90765	0	52	2021-12-17T21:51:22
2.78109	-50.90759	0	52	2021-12-17T22:11:15
2.78080	-50.90732	0	52	2021-12-17T23:11:10
2.78030	-50.90732	0	52	2021-12-17T23:51:10
2.78062	-50.90735	0	52	2021-12-18T00:06:05
2.78068	-50.90753	0	52	2021-12-18T00:46:08
2.78067	-50.90756	0	52	2021-12-18T02:02:17
2.78073	-50.90796	0	52	2021-12-18T05:11:47
2.78075	-50.90808	0	52	2021-12-18T06:41:10
2.78060	-50.90793	0	52	2021-12-18T07:11:16
2.78069	-50.90802	0	52	2021-12-18T07:16:16
2.78060	-50.90793	0	52	2021-12-18T07:21:17
2.78055	-50.90793	0	52	2021-12-18T09:36:19
2.78070	-50.90762	0	52	2021-12-18T10:11:22
2.78067	-50.90769	0	52	2021-12-18T10:16:23
2.78080	-50.90769	0	52	2021-12-18T10:21:23
2.78071	-50.90778	0	52	2021-12-18T10:26:22
2.78060	-50.90784	0	52	2021-12-18T10:31:26
2.78070	-50.90773	0	52	2021-12-18T11:06:25
2.78066	-50.90799	0	52	2021-12-18T11:11:26
2.78066	-50.90790	0	52	2021-12-18T11:16:26
2.78078	-50.90766	0	52	2021-12-18T11:26:31
2.78091	-50.90766	0	52	2021-12-18T11:31:30
2.78082	-50.90775	0	52	2021-12-18T11:36:30
2.78076	-50.90773	0	52	2021-12-18T11:56:25
2.78072	-50.90799	0	52	2021-12-18T12:01:25
2.78089	-50.90790	0	52	2021-12-18T12:06:24
2.78059	-50.90771	0	52	2021-12-18T12:27:09
2.78085	-50.90753	0	52	2021-12-18T13:31:42
2.78094	-50.90753	0	52	2021-12-18T13:36:43
2.78111	-50.90753	0	52	2021-12-18T13:41:43
2.78089	-50.90768	0	52	2021-12-18T13:46:44
2.78080	-50.90768	0	52	2021-12-18T13:51:45
2.78079	-50.90763	0	52	2021-12-18T13:56:43
2.78092	-50.90754	0	52	2021-12-18T14:01:43
2.78105	-50.90771	0	52	2021-12-18T14:06:44
2.78066	-50.90785	0	52	2021-12-18T15:11:40
2.78066	-50.90776	0	52	2021-12-18T15:16:40
2.78066	-50.90793	0	52	2021-12-18T15:21:41
2.78061	-50.90769	0	52	2021-12-18T16:01:51
2.78082	-50.90778	0	52	2021-12-18T16:06:50
2.78065	-50.90778	0	52	2021-12-18T16:11:50
2.78076	-50.90784	0	52	2021-12-18T16:16:51
2.78071	-50.90778	0	52	2021-12-18T16:51:45
2.78076	-50.90787	0	52	2021-12-18T16:56:43
2.78076	-50.90796	0	52	2021-12-18T17:11:45
2.78076	-50.90787	0	52	2021-12-18T17:21:46
2.78068	-50.90793	0	52	2021-12-18T18:26:46
2.78072	-50.90787	0	52	2021-12-18T18:42:11
2.78077	-50.90787	0	52	2021-12-18T18:46:46
2.78068	-50.90787	0	52	2021-12-18T18:51:47
2.78071	-50.90793	0	52	2021-12-18T19:06:45
2.78070	-50.90790	0	52	2021-12-18T19:36:47
2.78074	-50.90790	0	52	2021-12-18T19:41:47
2.78074	-50.90799	0	52	2021-12-18T19:46:47
2.78066	-50.90787	0	52	2021-12-18T20:16:53
2.78066	-50.90778	0	52	2021-12-18T20:21:54
2.78062	-50.90778	0	52	2021-12-18T20:26:54
2.78064	-50.90755	0	52	2021-12-18T22:41:36
2.78107	-50.90738	0	52	2021-12-18T22:46:36
2.78073	-50.90747	0	52	2021-12-18T22:51:36
2.78082	-50.90738	0	52	2021-12-18T23:16:33
2.78063	-50.90762	0	52	2021-12-19T01:02:11
2.78067	-50.90771	0	52	2021-12-19T01:07:12
2.78071	-50.90781	0	52	2021-12-19T03:01:18
2.78055	-50.90765	0	52	2021-12-19T03:41:33
2.78078	-50.90782	0	52	2021-12-19T03:46:25
2.78069	-50.90773	0	52	2021-12-19T03:51:24
2.78069	-50.90799	0	52	2021-12-19T03:56:24
2.78085	-50.90784	0	52	2021-12-19T04:26:20
2.78081	-50.90784	0	52	2021-12-19T04:31:19
2.78094	-50.90775	0	52	2021-12-19T04:36:20
2.78074	-50.90776	0	52	2021-12-19T04:51:19
2.78070	-50.90785	0	52	2021-12-19T04:56:19
2.78079	-50.90802	0	52	2021-12-19T05:01:20
2.78067	-50.90799	0	52	2021-12-19T06:16:21
2.78076	-50.90799	0	52	2021-12-19T06:21:22
2.78067	-50.90790	0	52	2021-12-19T06:26:22
2.78076	-50.90793	0	52	2021-12-19T06:36:13
2.78067	-50.90784	0	52	2021-12-19T06:41:14
2.78071	-50.90784	0	52	2021-12-19T06:46:14
2.78077	-50.90778	0	52	2021-12-19T06:56:12
2.78071	-50.90778	0	52	2021-12-19T08:01:20
2.78080	-50.90778	0	52	2021-12-19T08:06:21
2.78067	-50.90787	0	52	2021-12-19T08:11:21
2.78061	-50.90784	0	52	2021-12-19T09:26:45
2.78065	-50.90784	0	52	2021-12-19T09:31:44
2.78061	-50.90784	0	52	2021-12-19T09:36:44
2.78066	-50.90768	0	52	2021-12-19T09:56:46
2.78075	-50.90765	0	52	2021-12-19T10:16:47
2.78065	-50.90770	0	52	2021-12-19T10:31:46
2.78104	-50.90753	0	52	2021-12-19T10:36:46
2.78083	-50.90753	0	52	2021-12-19T10:41:46
2.78074	-50.90756	0	52	2021-12-19T11:11:52
2.78074	-50.90765	0	52	2021-12-19T11:16:52
2.78074	-50.90756	0	52	2021-12-19T11:21:51
2.78075	-50.90745	0	52	2021-12-19T12:41:49
2.78071	-50.90771	0	52	2021-12-19T12:46:49
2.78084	-50.90762	0	52	2021-12-19T12:51:50
2.78079	-50.90779	0	52	2021-12-19T12:56:58
2.78100	-50.90762	0	52	2021-12-19T13:01:57
2.78121	-50.90771	0	52	2021-12-19T13:06:57
2.78079	-50.90781	0	52	2021-12-19T14:11:51
2.78062	-50.90781	0	52	2021-12-19T14:16:50
2.78071	-50.90790	0	52	2021-12-19T14:21:50
2.78066	-50.90771	0	52	2021-12-19T15:21:49
2.78062	-50.90770	0	52	2021-12-19T15:31:51
2.78075	-50.90796	0	52	2021-12-19T15:36:51
2.78058	-50.90787	0	52	2021-12-19T15:41:51
2.78066	-50.90771	0	52	2021-12-19T15:46:46
2.78070	-50.90780	0	52	2021-12-19T15:51:47
2.78079	-50.90771	0	52	2021-12-19T15:56:47
2.78067	-50.90778	0	52	2021-12-19T16:01:47
2.78073	-50.90787	0	52	2021-12-19T16:16:44
2.78060	-50.90778	0	52	2021-12-19T16:21:44
2.78073	-50.90790	0	52	2021-12-19T16:31:46
2.78064	-50.90790	0	52	2021-12-19T16:36:46
2.78064	-50.90781	0	52	2021-12-19T16:41:46
2.78067	-50.90781	0	52	2021-12-19T16:51:48
2.78071	-50.90781	0	52	2021-12-19T16:56:47
2.78080	-50.90784	0	52	2021-12-19T17:01:47
2.78068	-50.90799	0	52	2021-12-19T18:41:45
2.78064	-50.90799	0	52	2021-12-19T18:46:45
2.78064	-50.90808	0	52	2021-12-19T18:51:45
2.78064	-50.90802	0	52	2021-12-19T18:56:43
2.78064	-50.90814	0	52	2021-12-19T19:51:52
2.78061	-50.90780	0	52	2021-12-19T21:11:59
2.78052	-50.90771	0	52	2021-12-19T21:17:00
2.78043	-50.90771	0	52	2021-12-19T21:22:00
2.78063	-50.90751	0	52	2021-12-19T21:37:03
2.78076	-50.90760	0	52	2021-12-19T21:42:04
2.78175	-50.90726	0	52	2021-12-19T21:47:04
2.78100	-50.90729	0	52	2021-12-19T22:16:57
2.78071	-50.90735	0	52	2021-12-19T22:41:55
2.78080	-50.90756	0	52	2021-12-19T22:46:56
2.78071	-50.90771	0	52	2021-12-20T00:49:00
2.78062	-50.90760	0	52	2021-12-20T02:53:16
2.78066	-50.90777	0	52	2021-12-20T02:58:16
2.78053	-50.90768	0	52	2021-12-20T03:03:15
2.78068	-50.90787	0	52	2021-12-20T03:07:02
2.78076	-50.90787	0	52	2021-12-20T03:53:19
2.78080	-50.90787	0	52	2021-12-20T04:03:20
2.78066	-50.90778	0	52	2021-12-20T04:47:00
2.78072	-50.90805	0	52	2021-12-20T06:12:07
2.78077	-50.90796	0	52	2021-12-20T09:22:12
2.78068	-50.90790	0	52	2021-12-20T09:47:13
2.78086	-50.90765	0	52	2021-12-20T09:52:20
2.78069	-50.90765	0	52	2021-12-20T09:57:19
2.78061	-50.90771	0	52	2021-12-20T10:07:13
2.78080	-50.90765	0	52	2021-12-20T10:22:17
2.78071	-50.90768	0	52	2021-12-20T11:57:20
2.78055	-50.90830	0	52	2021-12-20T12:08:04
2.78059	-50.90796	0	52	2021-12-20T12:18:05
2.78077	-50.90802	0	52	2021-12-20T12:22:17
2.78081	-50.90802	0	52	2021-12-20T12:27:17
2.78068	-50.90811	0	52	2021-12-20T12:32:18
2.78070	-50.90784	0	52	2021-12-20T13:27:12
2.78070	-50.90793	0	52	2021-12-20T13:32:12
2.78070	-50.90784	0	52	2021-12-20T13:37:12
2.78056	-50.90747	0	52	2021-12-20T15:32:01
2.78057	-50.90750	0	52	2021-12-20T15:41:59
2.78085	-50.90802	0	52	2021-12-20T17:46:57
2.78064	-50.90802	0	52	2021-12-20T17:51:56
2.78077	-50.90802	0	52	2021-12-20T17:56:56
2.78065	-50.90802	0	52	2021-12-20T19:17:06
2.78073	-50.90765	0	52	2021-12-20T19:57:13
2.78069	-50.90787	0	52	2021-12-20T23:42:27
2.78063	-50.90778	0	52	2021-12-20T23:52:19
2.78059	-50.90761	0	52	2021-12-20T23:57:19
2.78068	-50.90787	0	52	2021-12-21T00:02:20
2.78068	-50.90790	0	52	2021-12-21T00:37:08
2.78070	-50.90768	0	52	2021-12-21T01:17:14
2.78035	-50.90765	0	52	2021-12-21T02:17:16
2.78076	-50.90771	0	52	2021-12-21T03:23:29
2.78060	-50.90765	0	52	2021-12-21T03:27:27
2.78080	-50.90771	0	52	2021-12-21T03:33:28
2.78063	-50.90778	0	52	2021-12-21T03:42:38
2.78080	-50.90778	0	52	2021-12-21T03:47:38
2.78076	-50.90787	0	52	2021-12-21T03:52:37
2.78071	-50.90773	0	52	2021-12-21T03:57:23
2.78088	-50.90773	0	52	2021-12-21T04:02:23
2.78075	-50.90790	0	52	2021-12-21T04:07:24
2.78078	-50.90787	0	52	2021-12-21T04:23:54
2.78095	-50.90787	0	52	2021-12-21T04:28:53
2.78086	-50.90778	0	52	2021-12-21T04:33:53
2.78088	-50.90819	0	52	2021-12-21T05:12:24
2.78079	-50.90802	0	52	2021-12-21T05:17:24
2.78083	-50.90802	0	52	2021-12-21T05:22:25
2.78069	-50.90778	0	52	2021-12-21T07:37:33
2.78065	-50.90778	0	52	2021-12-21T07:42:33
2.78072	-50.90790	0	52	2021-12-21T08:02:32
2.78081	-50.90790	0	52	2021-12-21T08:07:31
2.78064	-50.90781	0	52	2021-12-21T08:12:31
2.78076	-50.90790	0	52	2021-12-21T09:22:36
2.78063	-50.90773	0	52	2021-12-21T09:27:36
2.78059	-50.90790	0	52	2021-12-21T09:32:37
2.78087	-50.90770	0	52	2021-12-21T10:52:28
2.78096	-50.90761	0	52	2021-12-21T10:57:28
2.78087	-50.90787	0	52	2021-12-21T11:02:28
2.78060	-50.90778	0	52	2021-12-21T12:42:35
2.78092	-50.90760	0	52	2021-12-21T12:53:23
2.78092	-50.90751	0	52	2021-12-21T12:58:23
2.78109	-50.90768	0	52	2021-12-21T13:03:23
2.78054	-50.90761	0	52	2021-12-21T14:42:36
2.78054	-50.90778	0	52	2021-12-21T14:47:36
2.78067	-50.90778	0	52	2021-12-21T14:52:35
2.78060	-50.90782	0	52	2021-12-21T14:57:35
2.78086	-50.90782	0	52	2021-12-21T15:02:36
2.78065	-50.90765	0	52	2021-12-21T15:07:36
2.78062	-50.90784	0	52	2021-12-21T15:17:33
2.78058	-50.90784	0	52	2021-12-21T15:22:32
2.78049	-50.90784	0	52	2021-12-21T15:27:32
2.78055	-50.90759	0	52	2021-12-21T15:32:33
2.78067	-50.90775	0	52	2021-12-21T15:52:32
2.78068	-50.90778	0	52	2021-12-21T16:12:32
2.78073	-50.90778	0	52	2021-12-21T16:17:37
2.78073	-50.90787	0	52	2021-12-21T16:22:38
2.78073	-50.90778	0	52	2021-12-21T16:27:38
2.78077	-50.90784	0	52	2021-12-21T18:23:28
2.78073	-50.90784	0	52	2021-12-21T18:27:23
2.78073	-50.90781	0	52	2021-12-21T18:37:18
2.78077	-50.90781	0	52	2021-12-21T18:42:18
2.78053	-50.90770	0	52	2021-12-21T20:47:26
2.78062	-50.90787	0	52	2021-12-21T20:52:26
2.78066	-50.90753	0	52	2021-12-21T22:52:24
2.78089	-50.90769	0	52	2021-12-21T23:17:36
2.78063	-50.90769	0	52	2021-12-21T23:22:37
2.78080	-50.90778	0	52	2021-12-21T23:27:37
2.78069	-50.90787	0	52	2021-12-21T23:47:29
2.78069	-50.90778	0	52	2021-12-22T00:37:29
2.78073	-50.90778	0	52	2021-12-22T00:42:28
2.78061	-50.90762	0	52	2021-12-22T02:37:28
2.78064	-50.90781	0	52	2021-12-22T03:37:25
2.78084	-50.90787	0	52	2021-12-22T03:57:26
2.78072	-50.90784	0	52	2021-12-22T04:37:24
2.78066	-50.90793	0	52	2021-12-22T06:02:24
2.78067	-50.90775	0	52	2021-12-22T08:07:31
2.78080	-50.90788	0	52	2021-12-22T08:47:28
2.78084	-50.90814	0	52	2021-12-22T08:52:27
2.78073	-50.90802	0	52	2021-12-22T09:27:13
2.78084	-50.90785	0	52	2021-12-22T10:06:59
2.78093	-50.90768	0	52	2021-12-22T10:16:58
2.78058	-50.90759	0	52	2021-12-22T11:48:39
2.78078	-50.90765	0	52	2021-12-22T12:42:46
2.78091	-50.90765	0	52	2021-12-22T12:52:47
2.78102	-50.90803	0	52	2021-12-22T13:47:10
2.78076	-50.90769	0	52	2021-12-22T13:52:09
2.78093	-50.90778	0	52	2021-12-22T13:57:09
2.78068	-50.90781	0	52	2021-12-22T15:46:56
2.78072	-50.90781	0	52	2021-12-22T15:56:55
2.78043	-50.90770	0	52	2021-12-22T17:58:29
2.78043	-50.90787	0	52	2021-12-22T18:08:29
2.78058	-50.90787	0	52	2021-12-22T18:47:05
2.78054	-50.90777	0	52	2021-12-22T19:05:16
2.78067	-50.90768	0	52	2021-12-22T19:10:17
2.78055	-50.90765	0	52	2021-12-22T21:17:11
2.78087	-50.90750	0	52	2021-12-22T22:07:16
2.78096	-50.90759	0	52	2021-12-22T22:12:17
2.78083	-50.90759	0	52	2021-12-22T22:17:17
2.78071	-50.90749	0	52	2021-12-22T22:32:05
2.78071	-50.90775	0	52	2021-12-22T22:37:05
2.78068	-50.90765	0	52	2021-12-22T23:11:56
2.78072	-50.90787	0	52	2021-12-23T00:31:55
2.78063	-50.90769	0	52	2021-12-23T00:46:56
2.78067	-50.90778	0	52	2021-12-23T00:51:55
2.78070	-50.90756	0	52	2021-12-23T03:26:58
2.78087	-50.90765	0	52	2021-12-23T03:31:58
2.78083	-50.90765	0	52	2021-12-23T03:36:59
2.78070	-50.90829	0	52	2021-12-23T05:31:55
2.78073	-50.90823	0	52	2021-12-23T05:56:49
2.78073	-50.90814	0	52	2021-12-23T06:01:49
2.78069	-50.90823	0	52	2021-12-23T06:06:49
2.78068	-50.90811	0	52	2021-12-23T06:46:50
2.78071	-50.90805	0	52	2021-12-23T06:51:50
2.78071	-50.90787	0	52	2021-12-23T07:03:00
2.78071	-50.90804	0	52	2021-12-23T07:07:59
2.78088	-50.90778	0	52	2021-12-23T07:12:59
2.78070	-50.90803	0	52	2021-12-23T07:32:05
2.78074	-50.90829	0	52	2021-12-23T07:37:06
2.78074	-50.90778	0	52	2021-12-23T07:42:06
2.78081	-50.90790	0	52	2021-12-23T08:07:03
2.78081	-50.90799	0	52	2021-12-23T08:12:04
2.78081	-50.90790	0	52	2021-12-23T08:17:04
2.78076	-50.90810	0	52	2021-12-23T08:51:47
2.78072	-50.90793	0	52	2021-12-23T09:01:46
2.78057	-50.90787	0	52	2021-12-23T09:08:08
2.78066	-50.90787	0	52	2021-12-23T09:18:09
2.78057	-50.90778	0	52	2021-12-23T09:27:09
2.78057	-50.90787	0	52	2021-12-23T09:32:10
2.78083	-50.90787	0	52	2021-12-23T09:37:10
2.78070	-50.90775	0	52	2021-12-23T09:41:48
2.78068	-50.90759	0	52	2021-12-23T11:01:39
2.78064	-50.90759	0	52	2021-12-23T11:11:38
2.78113	-50.90796	0	52	2021-12-23T13:11:41
2.78045	-50.90765	0	52	2021-12-23T15:01:42
2.78041	-50.90756	0	52	2021-12-23T15:06:43
2.78043	-50.90759	0	52	2021-12-23T15:16:28
2.78073	-50.90750	0	52	2021-12-23T15:21:27
2.78080	-50.90765	0	52	2021-12-23T16:16:31
2.78076	-50.90765	0	52	2021-12-23T16:21:31
2.78059	-50.90799	0	52	2021-12-23T18:41:37
2.78091	-50.90744	0	52	2021-12-23T20:01:32
2.78053	-50.90759	0	52	2021-12-24T00:06:32
2.78049	-50.90759	0	52	2021-12-24T00:11:32
2.78062	-50.90759	0	52	2021-12-24T00:16:33
2.78052	-50.90750	0	52	2021-12-24T02:31:33
2.78069	-50.90750	0	52	2021-12-24T02:36:34
2.78052	-50.90750	0	52	2021-12-24T02:41:34
2.78051	-50.90756	0	52	2021-12-24T02:46:31
2.78065	-50.90771	0	52	2021-12-24T02:51:41
2.78074	-50.90780	0	52	2021-12-24T02:56:41
2.78065	-50.90771	0	52	2021-12-24T03:01:42
2.78061	-50.90778	0	52	2021-12-24T04:06:34
2.78059	-50.90834	0	52	2021-12-24T05:04:45
2.78093	-50.90808	0	52	2021-12-24T05:14:46
2.78068	-50.90814	0	52	2021-12-24T05:51:25
2.78072	-50.90808	0	52	2021-12-24T05:56:25
2.78070	-50.90787	0	52	2021-12-24T07:01:25
2.78078	-50.90772	0	52	2021-12-24T07:36:31
2.78074	-50.90781	0	52	2021-12-24T07:41:31
2.78083	-50.90781	0	52	2021-12-24T07:46:30
2.78084	-50.90823	0	52	2021-12-24T08:36:42
2.78084	-50.90797	0	52	2021-12-24T08:41:42
2.78084	-50.90814	0	52	2021-12-24T08:46:43
2.78076	-50.90806	0	52	2021-12-24T08:56:42
2.78072	-50.90780	0	52	2021-12-24T09:01:42
2.78089	-50.90823	0	52	2021-12-24T09:06:43
2.78079	-50.90756	0	52	2021-12-24T09:46:35
2.78048	-50.90762	0	52	2021-12-24T11:26:39
2.78057	-50.90762	0	52	2021-12-24T11:36:38
2.78030	-50.90778	0	52	2021-12-24T12:01:46
2.78096	-50.90808	0	52	2021-12-24T14:06:40
2.78052	-50.90762	0	52	2021-12-24T14:56:37
2.78048	-50.90762	0	52	2021-12-24T15:01:37
2.78057	-50.90762	0	52	2021-12-24T15:06:36
2.78064	-50.90781	0	52	2021-12-24T16:41:29
2.78059	-50.90784	0	52	2021-12-24T17:46:16
2.78055	-50.90784	0	52	2021-12-24T17:51:17
2.78064	-50.90793	0	52	2021-12-24T17:56:17
2.78056	-50.90808	0	52	2021-12-24T18:41:20
2.78060	-50.90771	0	52	2021-12-24T20:49:18
2.78098	-50.90720	0	52	2021-12-24T22:36:16
2.78085	-50.90729	0	52	2021-12-24T22:41:16
2.78094	-50.90729	0	52	2021-12-24T22:46:16
2.78076	-50.90750	0	52	2021-12-24T22:56:15
2.78080	-50.90750	0	52	2021-12-24T23:01:16
2.78054	-50.90750	0	52	2021-12-24T23:06:16
2.78070	-50.90746	0	52	2021-12-24T23:11:26
2.78070	-50.90755	0	52	2021-12-24T23:16:26
2.78027	-50.90729	0	52	2021-12-24T23:21:26
2.78058	-50.90762	0	52	2021-12-24T23:46:11
2.78066	-50.90756	0	52	2021-12-25T00:41:10
2.78060	-50.90778	0	52	2021-12-25T02:56:18
2.78064	-50.90781	0	52	2021-12-25T03:01:22
2.78043	-50.90755	0	52	2021-12-25T03:06:22
2.78073	-50.90781	0	52	2021-12-25T03:11:21
2.78067	-50.90778	0	52	2021-12-25T03:26:20
2.78067	-50.90787	0	52	2021-12-25T03:31:20
2.78066	-50.90767	0	52	2021-12-25T05:36:14
2.78066	-50.90776	0	52	2021-12-25T05:41:15
2.78070	-50.90793	0	52	2021-12-25T05:46:15
2.78061	-50.90808	0	52	2021-12-25T06:06:12
2.78056	-50.90808	0	52	2021-12-25T06:11:13
2.78052	-50.90808	0	52	2021-12-25T06:16:13
2.78056	-50.90799	0	52	2021-12-25T06:21:13
2.78067	-50.90754	0	52	2021-12-25T08:06:24
2.78076	-50.90805	0	52	2021-12-25T08:11:24
2.78072	-50.90771	0	52	2021-12-25T08:16:23
2.78081	-50.90781	0	52	2021-12-25T08:56:34
2.78089	-50.90796	0	52	2021-12-25T09:24:01
2.78085	-50.90762	0	52	2021-12-25T09:29:01
2.77973	-50.90848	0	52	2021-12-25T09:34:02
2.78080	-50.90774	0	52	2021-12-25T12:41:36
2.78080	-50.90765	0	52	2021-12-25T12:46:35
2.78089	-50.90756	0	52	2021-12-25T12:51:35
2.78119	-50.90790	0	52	2021-12-25T13:42:30
2.78123	-50.90790	0	52	2021-12-25T13:47:31
2.78114	-50.90790	0	52	2021-12-25T13:52:31
2.78060	-50.90793	0	52	2021-12-25T14:53:36
2.78064	-50.90781	0	52	2021-12-25T17:11:44
2.78073	-50.90781	0	52	2021-12-25T17:16:44
2.78069	-50.90790	0	52	2021-12-25T17:21:43
2.78077	-50.90756	0	52	2021-12-25T19:56:30
2.78055	-50.90763	0	52	2021-12-25T20:26:21
2.78064	-50.90772	0	52	2021-12-25T20:31:21
2.78064	-50.90729	0	52	2021-12-25T20:36:22
2.78023	-50.90753	0	52	2021-12-25T22:48:16
2.78079	-50.90773	0	52	2021-12-25T22:56:19
2.78083	-50.90771	0	52	2021-12-25T23:01:15
2.78036	-50.90747	0	52	2021-12-25T23:06:19
2.78083	-50.90761	0	52	2021-12-25T23:21:15
2.78062	-50.90761	0	52	2021-12-25T23:26:15
2.78053	-50.90744	0	52	2021-12-25T23:31:14
2.78067	-50.90778	0	52	2021-12-25T23:56:10
2.78058	-50.90778	0	52	2021-12-26T00:01:10
2.78062	-50.90787	0	52	2021-12-26T00:06:09
2.78082	-50.90776	0	52	2021-12-26T00:37:26
2.78065	-50.90785	0	52	2021-12-26T00:42:27
2.78065	-50.90759	0	52	2021-12-26T00:47:27
2.78061	-50.90778	0	52	2021-12-26T01:53:37
2.78047	-50.90771	0	52	2021-12-26T02:57:46
2.78051	-50.90750	0	52	2021-12-26T03:01:22
2.78074	-50.90787	0	52	2021-12-26T04:46:16
2.78067	-50.90801	0	52	2021-12-26T05:21:19
2.78085	-50.90787	0	52	2021-12-26T05:26:13
2.78084	-50.90784	0	52	2021-12-26T05:31:18
2.78050	-50.90791	0	52	2021-12-26T06:01:15
2.78063	-50.90782	0	52	2021-12-26T06:06:16
2.78046	-50.90765	0	52	2021-12-26T06:11:16
2.78069	-50.90798	0	52	2021-12-26T08:06:17
2.78069	-50.90781	0	52	2021-12-26T08:11:18
2.78069	-50.90790	0	52	2021-12-26T08:16:18
2.78082	-50.90799	0	52	2021-12-26T08:21:27
2.78098	-50.90787	0	52	2021-12-26T13:56:08
2.78096	-50.90799	0	52	2021-12-26T14:01:09
2.78057	-50.90748	0	52	2021-12-26T14:45:57
2.78053	-50.90748	0	52	2021-12-26T14:50:58
2.78057	-50.90765	0	52	2021-12-26T14:55:58
2.78074	-50.90778	0	52	2021-12-26T16:45:54
2.78070	-50.90780	0	52	2021-12-26T17:00:57
2.78070	-50.90771	0	52	2021-12-26T17:10:58
2.78068	-50.90778	0	52	2021-12-26T17:30:54
2.78070	-50.90765	0	52	2021-12-26T19:41:12
2.78087	-50.90765	0	52	2021-12-26T23:10:55
2.78061	-50.90761	0	52	2021-12-27T00:00:59
2.78070	-50.90778	0	52	2021-12-27T00:06:00
2.78066	-50.90778	0	52	2021-12-27T00:11:00
2.78075	-50.90788	0	52	2021-12-27T00:50:47
2.78075	-50.90771	0	52	2021-12-27T01:00:46
2.78067	-50.90762	0	52	2021-12-27T02:00:56
2.78052	-50.90761	0	52	2021-12-27T02:36:10
2.78050	-50.90756	0	52	2021-12-27T02:42:00
2.78065	-50.90778	0	52	2021-12-27T02:46:11
2.78066	-50.90765	0	52	2021-12-27T03:01:02
2.78089	-50.90791	0	52	2021-12-27T04:41:08
2.78085	-50.90791	0	52	2021-12-27T04:46:08
2.78094	-50.90808	0	52	2021-12-27T04:51:07
2.78085	-50.90796	0	52	2021-12-27T05:21:08
2.78081	-50.90805	0	52	2021-12-27T05:26:09
2.78085	-50.90814	0	52	2021-12-27T05:31:09
2.78055	-50.90808	0	52	2021-12-27T06:11:23
2.78068	-50.90750	0	52	2021-12-27T07:11:20
2.78068	-50.90784	0	52	2021-12-27T07:16:20
2.78068	-50.90793	0	52	2021-12-27T07:21:21
2.78080	-50.90793	0	52	2021-12-27T08:21:23
2.78113	-50.90750	0	52	2021-12-27T10:01:13
2.78092	-50.90750	0	52	2021-12-27T10:06:14
2.78113	-50.90741	0	52	2021-12-27T10:11:14
2.78097	-50.90752	0	52	2021-12-27T10:31:19
2.78093	-50.90778	0	52	2021-12-27T10:36:19
2.78081	-50.90742	0	52	2021-12-27T10:46:14
2.78079	-50.90762	0	52	2021-12-27T10:51:13
2.78073	-50.90759	0	52	2021-12-27T10:56:15
2.78075	-50.90765	0	52	2021-12-27T11:01:19
2.78079	-50.90765	0	52	2021-12-27T11:06:19
2.78066	-50.90765	0	52	2021-12-27T11:11:18
2.78117	-50.90778	0	52	2021-12-27T13:21:25
2.78091	-50.90775	0	52	2021-12-27T13:51:11
2.78091	-50.90784	0	52	2021-12-27T13:56:11
2.78074	-50.90775	0	52	2021-12-27T14:01:12
2.78085	-50.90799	0	52	2021-12-27T14:06:13
2.78082	-50.90787	0	52	2021-12-27T14:11:15
2.78077	-50.90753	0	52	2021-12-27T16:26:22
2.78073	-50.90762	0	52	2021-12-27T16:31:22
2.78073	-50.90771	0	52	2021-12-27T16:36:23
2.78080	-50.90795	0	52	2021-12-27T19:16:20
2.78080	-50.90804	0	52	2021-12-27T19:21:20
2.78076	-50.90787	0	52	2021-12-27T19:26:20
2.78073	-50.90762	0	52	2021-12-27T19:51:18
2.78064	-50.90762	0	52	2021-12-27T19:56:19
2.78068	-50.90771	0	52	2021-12-27T20:01:19
2.78058	-50.90753	0	52	2021-12-27T20:06:17
2.78088	-50.90720	0	52	2021-12-27T21:56:21
2.78071	-50.90735	0	52	2021-12-27T22:26:14
2.78080	-50.90735	0	52	2021-12-27T22:31:14
2.78080	-50.90744	0	52	2021-12-27T22:36:14
2.78067	-50.90761	0	52	2021-12-27T23:26:00
2.78076	-50.90752	0	52	2021-12-27T23:30:59
2.78076	-50.90778	0	52	2021-12-27T23:35:59
2.78078	-50.90788	0	52	2021-12-28T00:17:04
2.78069	-50.90771	0	52	2021-12-28T00:22:04
2.78073	-50.90771	0	52	2021-12-28T00:27:05
2.78062	-50.90762	0	52	2021-12-28T01:21:56
2.78058	-50.90771	0	52	2021-12-28T01:26:56
2.78062	-50.90750	0	52	2021-12-28T02:16:56
2.78075	-50.90767	0	52	2021-12-28T02:21:55
2.78054	-50.90750	0	52	2021-12-28T02:26:55
2.78081	-50.90775	0	52	2021-12-28T02:31:02
2.78080	-50.90787	0	52	2021-12-28T03:28:38
2.78072	-50.90779	0	52	2021-12-28T04:11:00
2.78073	-50.90796	0	52	2021-12-28T04:15:53
2.78072	-50.90787	0	52	2021-12-28T04:21:01
2.78073	-50.90785	0	52	2021-12-28T04:45:54
2.78073	-50.90811	0	52	2021-12-28T04:50:54
2.78064	-50.90802	0	52	2021-12-28T04:55:53
2.78070	-50.90808	0	52	2021-12-28T05:00:57
2.78053	-50.90829	0	52	2021-12-28T05:41:00
2.78059	-50.90796	0	52	2021-12-28T07:36:20
2.78059	-50.90770	0	52	2021-12-28T07:41:20
2.78072	-50.90787	0	52	2021-12-28T07:46:21
2.78095	-50.90756	0	52	2021-12-28T10:01:16
2.78082	-50.90762	0	52	2021-12-28T10:36:16
2.78068	-50.90742	0	52	2021-12-28T11:51:04
2.78055	-50.90768	0	52	2021-12-28T11:56:03
2.78064	-50.90759	0	52	2021-12-28T12:01:03
2.78110	-50.90771	0	52	2021-12-28T13:31:07
2.78109	-50.90802	0	52	2021-12-28T13:51:09
2.78066	-50.90781	0	52	2021-12-28T14:20:48
2.78067	-50.90793	0	52	2021-12-28T14:25:49
2.78074	-50.90781	0	52	2021-12-28T14:30:47
2.78072	-50.90790	0	52	2021-12-28T16:15:56
2.78082	-50.90799	0	52	2021-12-28T16:40:57
2.78083	-50.90778	0	52	2021-12-28T17:10:58
2.78079	-50.90778	0	52	2021-12-28T17:15:58
2.78083	-50.90778	0	52	2021-12-28T17:20:57
2.78075	-50.90790	0	52	2021-12-28T18:50:59
2.78084	-50.90802	0	52	2021-12-28T18:57:46
2.78080	-50.90802	0	52	2021-12-28T19:07:47
2.78088	-50.90778	0	52	2021-12-28T19:30:55
2.78082	-50.90750	0	52	2021-12-28T22:06:03
2.78076	-50.90765	0	52	2021-12-29T00:50:56
2.78055	-50.90759	0	52	2021-12-29T01:11:34
2.78072	-50.90768	0	52	2021-12-29T01:15:54
2.78072	-50.90762	0	52	2021-12-29T01:30:55
2.78088	-50.90787	0	52	2021-12-29T05:06:05
2.78049	-50.90764	0	52	2021-12-29T07:46:10
2.78058	-50.90790	0	52	2021-12-29T07:51:10
2.78075	-50.90790	0	52	2021-12-29T07:56:11
2.78093	-50.90733	0	52	2021-12-29T10:00:54
2.78119	-50.90707	0	52	2021-12-29T10:05:54
2.78092	-50.90739	0	52	2021-12-29T10:20:50
2.78075	-50.90756	0	52	2021-12-29T10:25:50
2.78075	-50.90741	0	52	2021-12-29T10:30:51
2.78084	-50.90741	0	52	2021-12-29T10:35:51
2.78075	-50.90750	0	52	2021-12-29T10:40:50
2.78070	-50.90756	0	52	2021-12-29T11:00:53
2.78066	-50.90756	0	52	2021-12-29T11:05:54
2.78106	-50.90778	0	52	2021-12-29T13:15:45
2.78115	-50.90778	0	52	2021-12-29T13:20:43
2.78124	-50.90778	0	52	2021-12-29T13:25:43
2.78111	-50.90778	0	52	2021-12-29T13:30:44
2.78119	-50.90787	0	52	2021-12-29T13:35:45
2.78054	-50.90771	0	52	2021-12-29T14:15:48
2.78039	-50.90750	0	52	2021-12-29T14:50:56
2.78062	-50.90787	0	52	2021-12-29T15:15:58
2.78071	-50.90787	0	52	2021-12-29T15:20:58
2.78067	-50.90787	0	52	2021-12-29T15:25:58
2.78069	-50.90770	0	52	2021-12-29T16:16:01
2.78069	-50.90796	0	52	2021-12-29T16:21:01
2.78069	-50.90787	0	52	2021-12-29T16:26:01
2.78073	-50.90776	0	52	2021-12-29T16:36:11
2.78073	-50.90793	0	52	2021-12-29T16:41:11
2.78082	-50.90793	0	52	2021-12-29T16:46:10
2.78072	-50.90762	0	52	2021-12-29T17:01:04
2.78071	-50.90793	0	52	2021-12-29T17:06:00
2.78089	-50.90805	0	52	2021-12-29T17:11:03
2.78069	-50.90775	0	52	2021-12-29T18:16:01
2.78101	-50.90778	0	52	2021-12-29T18:56:00
2.78078	-50.90774	0	52	2021-12-29T19:26:09
2.78082	-50.90765	0	52	2021-12-29T19:31:08
2.78069	-50.90765	0	52	2021-12-29T19:36:08
2.78068	-50.90784	0	52	2021-12-29T20:06:21
2.78072	-50.90784	0	52	2021-12-29T20:16:22
2.78083	-50.90787	0	52	2021-12-29T20:56:10
2.78079	-50.90799	0	52	2021-12-29T21:46:11
2.78082	-50.90793	0	52	2021-12-29T22:01:16
2.78086	-50.90793	0	52	2021-12-29T22:06:15
2.78080	-50.90799	0	52	2021-12-29T22:11:08
2.78053	-50.90768	0	52	2021-12-30T00:01:13
2.78053	-50.90767	0	52	2021-12-30T01:46:06
2.78074	-50.90776	0	52	2021-12-30T01:51:06
2.78065	-50.90759	0	52	2021-12-30T01:56:06
2.78081	-50.90771	0	52	2021-12-30T03:51:04
2.78084	-50.90787	0	52	2021-12-30T04:26:06
2.78080	-50.90778	0	52	2021-12-30T04:31:06
2.78072	-50.90787	0	52	2021-12-30T06:55:53
2.78085	-50.90802	0	52	2021-12-30T07:16:00
2.78059	-50.90771	0	52	2021-12-30T07:38:42
2.78076	-50.90778	0	52	2021-12-30T09:47:27
2.78081	-50.90765	0	52	2021-12-30T10:21:01
2.78094	-50.90756	0	52	2021-12-30T10:26:02
2.78085	-50.90756	0	52	2021-12-30T10:31:02
2.78069	-50.90765	0	52	2021-12-30T12:31:11
2.78086	-50.90774	0	52	2021-12-30T12:36:10
2.78095	-50.90765	0	52	2021-12-30T12:41:10
2.78098	-50.90778	0	52	2021-12-30T13:21:12
2.78100	-50.90776	0	52	2021-12-30T13:26:17
2.78104	-50.90793	0	52	2021-12-30T13:31:17
2.78117	-50.90793	0	52	2021-12-30T13:36:16
2.78079	-50.90805	0	52	2021-12-30T16:41:06
2.78070	-50.90805	0	52	2021-12-30T16:46:06
2.78079	-50.90805	0	52	2021-12-30T16:51:07
2.78068	-50.90771	0	52	2021-12-30T22:10:29
2.78071	-50.90765	0	52	2021-12-31T00:55:02
2.78075	-50.90765	0	52	2021-12-31T01:00:01
2.78065	-50.90778	0	52	2021-12-31T01:10:02
2.78068	-50.90778	0	52	2021-12-31T01:39:59
2.78072	-50.90772	0	52	2021-12-31T01:59:52
2.78093	-50.90781	0	52	2021-12-31T02:04:52
2.78083	-50.90787	0	52	2021-12-31T03:24:58
2.78087	-50.90787	0	52	2021-12-31T03:29:58
2.78083	-50.90787	0	52	2021-12-31T03:34:58
2.78072	-50.90781	0	52	2021-12-31T03:44:54
2.78076	-50.90790	0	52	2021-12-31T03:49:54
2.78085	-50.90781	0	52	2021-12-31T03:54:54
2.78084	-50.90796	0	52	2021-12-31T04:14:54
2.78083	-50.90787	0	52	2021-12-31T04:24:49
2.78082	-50.90784	0	52	2021-12-31T04:29:50
2.78087	-50.90787	0	52	2021-12-31T04:34:49
2.78064	-50.90787	0	52	2021-12-31T06:09:43
2.78064	-50.90778	0	52	2021-12-31T06:14:43
2.78068	-50.90778	0	52	2021-12-31T06:19:42
2.78075	-50.90778	0	52	2021-12-31T07:19:48
2.78085	-50.90769	0	52	2021-12-31T07:35:59
2.78076	-50.90769	0	52	2021-12-31T07:40:58
2.78076	-50.90778	0	52	2021-12-31T07:45:58
2.78071	-50.90780	0	52	2021-12-31T08:24:58
2.78075	-50.90780	0	52	2021-12-31T08:29:57
2.78071	-50.90771	0	52	2021-12-31T08:34:57
2.78093	-50.90771	0	52	2021-12-31T09:15:00
2.78097	-50.90762	0	52	2021-12-31T09:24:53
2.78101	-50.90762	0	52	2021-12-31T09:29:52
2.78097	-50.90762	0	52	2021-12-31T09:34:52
2.78105	-50.90750	0	52	2021-12-31T09:39:54
2.78072	-50.90774	0	52	2021-12-31T10:10:02
2.78072	-50.90765	0	52	2021-12-31T10:15:02
2.78076	-50.90765	0	52	2021-12-31T10:20:02
2.78072	-50.90781	0	52	2021-12-31T10:40:00
2.78065	-50.90756	0	52	2021-12-31T11:14:54
2.78067	-50.90748	0	52	2021-12-31T12:14:53
2.78071	-50.90739	0	52	2021-12-31T12:19:53
2.78062	-50.90765	0	52	2021-12-31T12:24:54
2.78086	-50.90765	0	52	2021-12-31T12:54:48
2.78099	-50.90756	0	52	2021-12-31T13:04:49
2.78076	-50.90782	0	52	2021-12-31T15:44:42
2.78093	-50.90782	0	52	2021-12-31T15:49:42
2.78059	-50.90799	0	52	2021-12-31T15:54:41
2.78076	-50.90793	0	52	2021-12-31T18:54:36
2.78072	-50.90793	0	52	2021-12-31T18:59:36
2.78081	-50.90784	0	52	2021-12-31T19:04:35
2.78073	-50.90771	0	52	2021-12-31T19:29:24
2.78073	-50.90775	0	52	2021-12-31T19:54:23
2.78077	-50.90775	0	52	2021-12-31T19:59:23
2.78073	-50.90784	0	52	2021-12-31T20:04:22
2.78070	-50.90762	0	52	2021-12-31T21:34:21
2.78076	-50.90765	0	52	2022-01-01T00:49:08
2.78075	-50.90762	0	52	2022-01-01T01:19:10
2.78041	-50.90762	0	52	2022-01-01T01:24:10
2.78058	-50.90762	0	52	2022-01-01T01:29:11
2.78090	-50.90793	0	52	2022-01-01T03:25:37
2.78068	-50.90802	0	52	2022-01-01T03:54:17
2.78064	-50.90784	0	52	2022-01-01T05:39:15
2.78060	-50.90793	0	52	2022-01-01T05:44:15
2.78064	-50.90793	0	52	2022-01-01T05:49:14
2.78084	-50.90778	0	52	2022-01-01T06:29:17
2.78090	-50.90762	0	52	2022-01-01T06:39:17
2.78094	-50.90768	0	52	2022-01-01T06:44:19
2.78090	-50.90762	0	52	2022-01-01T06:49:16
2.78093	-50.90765	0	52	2022-01-01T06:54:18
2.78065	-50.90779	0	52	2022-01-01T07:14:17
2.78074	-50.90779	0	52	2022-01-01T07:19:17
2.78074	-50.90762	0	52	2022-01-01T07:24:17
2.78089	-50.90779	0	52	2022-01-01T08:29:07
2.78076	-50.90788	0	52	2022-01-01T08:34:07
2.78076	-50.90771	0	52	2022-01-01T08:39:08
2.78094	-50.90756	0	52	2022-01-01T09:19:03
2.78087	-50.90759	0	52	2022-01-01T09:39:02
2.78072	-50.90756	0	52	2022-01-01T10:14:00
2.78065	-50.90778	0	52	2022-01-01T11:58:51
2.78074	-50.90752	0	52	2022-01-01T12:03:50
2.78074	-50.90735	0	52	2022-01-01T12:08:50
2.78087	-50.90742	0	52	2022-01-01T12:18:51
2.78078	-50.90759	0	52	2022-01-01T12:23:51
2.78087	-50.90750	0	52	2022-01-01T12:28:50
2.78080	-50.90775	0	52	2022-01-01T12:33:51
2.78086	-50.90756	0	52	2022-01-01T12:48:53
2.78083	-50.90772	0	52	2022-01-01T13:03:56
2.78074	-50.90781	0	52	2022-01-01T13:08:56
2.78107	-50.90786	0	52	2022-01-01T13:23:58
2.78065	-50.90778	0	52	2022-01-01T13:28:53
2.78068	-50.90768	0	52	2022-01-01T13:33:57
2.78070	-50.90787	0	52	2022-01-01T15:59:07
2.78055	-50.90810	0	52	2022-01-01T18:04:01
2.78068	-50.90784	0	52	2022-01-01T18:09:01
2.78057	-50.90802	0	52	2022-01-01T18:14:33
2.78074	-50.90790	0	52	2022-01-01T18:19:00
2.78070	-50.90799	0	52	2022-01-01T18:24:00
2.78053	-50.90808	0	52	2022-01-01T18:29:01
2.78065	-50.90799	0	52	2022-01-01T18:43:56
2.78053	-50.90802	0	52	2022-01-01T18:48:55
2.78056	-50.90808	0	52	2022-01-01T18:53:56
2.78069	-50.90780	0	52	2022-01-01T19:43:55
2.78073	-50.90780	0	52	2022-01-01T19:48:56
2.78060	-50.90771	0	52	2022-01-01T19:53:56
2.78054	-50.90765	0	52	2022-01-01T20:33:52
2.78058	-50.90765	0	52	2022-01-01T20:38:52
2.78071	-50.90765	0	52	2022-01-01T20:43:53
2.78066	-50.90759	0	52	2022-01-01T20:53:54
2.78083	-50.90768	0	52	2022-01-01T21:03:53
2.78088	-50.90756	0	52	2022-01-01T21:53:50
2.78097	-50.90756	0	52	2022-01-01T21:58:50
2.78088	-50.90756	0	52	2022-01-01T22:03:50
2.78072	-50.90793	0	52	2022-01-01T22:33:49
2.78072	-50.90784	0	52	2022-01-01T22:38:49
2.78068	-50.90784	0	52	2022-01-01T22:43:49
2.78091	-50.90787	0	52	2022-01-01T23:48:45
2.78082	-50.90787	0	52	2022-01-01T23:53:44
2.78080	-50.90787	0	52	2022-01-02T00:18:36
2.78076	-50.90778	0	52	2022-01-02T00:23:37
2.78080	-50.90787	0	52	2022-01-02T00:28:37
2.78080	-50.90784	0	52	2022-01-02T00:33:35
2.78073	-50.90789	0	52	2022-01-02T00:43:35
2.78073	-50.90772	0	52	2022-01-02T00:48:34
2.78073	-50.90781	0	52	2022-01-02T00:53:34
2.78069	-50.90775	0	52	2022-01-02T00:58:31
2.78071	-50.90768	0	52	2022-01-02T01:23:28
2.78071	-50.90785	0	52	2022-01-02T01:28:29
2.78067	-50.90759	0	52	2022-01-02T01:33:29
2.78080	-50.90798	0	52	2022-01-02T03:13:35
2.78089	-50.90798	0	52	2022-01-02T03:18:36
2.78089	-50.90781	0	52	2022-01-02T03:23:36
2.78079	-50.90775	0	52	2022-01-02T03:38:29
2.78066	-50.90775	0	52	2022-01-02T03:43:29
2.78083	-50.90775	0	52	2022-01-02T03:48:30
2.78090	-50.90790	0	52	2022-01-02T04:13:27
2.78086	-50.90781	0	52	2022-01-02T04:23:28
2.78087	-50.90778	0	52	2022-01-02T04:28:32
2.78088	-50.90771	0	52	2022-01-02T04:39:17
2.78062	-50.90762	0	52	2022-01-02T04:44:17
2.78077	-50.90756	0	52	2022-01-02T05:03:28
2.78066	-50.90796	0	52	2022-01-02T06:03:30
2.78083	-50.90799	0	52	2022-01-02T06:08:27
2.78075	-50.90796	0	52	2022-01-02T06:13:30
2.78083	-50.90802	0	52	2022-01-02T06:43:35
2.78113	-50.90771	0	52	2022-01-02T06:48:33
2.78075	-50.90793	0	52	2022-01-02T06:53:34
2.78072	-50.90784	0	52	2022-01-02T08:53:38
2.78093	-50.90784	0	52	2022-01-02T08:58:37
2.78080	-50.90784	0	52	2022-01-02T09:03:37
2.78083	-50.90784	0	52	2022-01-02T09:08:35
2.78089	-50.90787	0	52	2022-01-02T09:28:34
2.78101	-50.90778	0	52	2022-01-02T09:44:24
2.78104	-50.90775	0	52	2022-01-02T09:58:39
2.78100	-50.90775	0	52	2022-01-02T10:03:39
2.78104	-50.90775	0	52	2022-01-02T10:08:38
2.78076	-50.90781	0	52	2022-01-02T11:53:29
2.78095	-50.90775	0	52	2022-01-02T12:08:31
2.78095	-50.90784	0	52	2022-01-02T12:13:31
2.78082	-50.90775	0	52	2022-01-02T12:18:32
2.78092	-50.90773	0	52	2022-01-02T12:23:33
2.78092	-50.90790	0	52	2022-01-02T12:28:33
2.78088	-50.90799	0	52	2022-01-02T12:33:32
2.78080	-50.90787	0	52	2022-01-02T12:48:30
2.78084	-50.90787	0	52	2022-01-02T12:53:30
2.78084	-50.90796	0	52	2022-01-02T12:58:30
2.78081	-50.90761	0	52	2022-01-02T13:28:29
2.78085	-50.90770	0	52	2022-01-02T13:33:30
2.78089	-50.90787	0	52	2022-01-02T13:38:30
2.78075	-50.90781	0	52	2022-01-02T15:13:34
2.78075	-50.90790	0	52	2022-01-02T15:23:33
2.78072	-50.90781	0	52	2022-01-02T15:48:28
2.78068	-50.90790	0	52	2022-01-02T16:08:25
2.78082	-50.90811	0	52	2022-01-02T17:28:12
2.78078	-50.90802	0	52	2022-01-02T17:33:12
2.78087	-50.90802	0	52	2022-01-02T17:38:11
2.78085	-50.90798	0	52	2022-01-02T18:03:10
2.78094	-50.90781	0	52	2022-01-02T18:13:11
2.78097	-50.90808	0	52	2022-01-02T18:18:09
2.78089	-50.90785	0	52	2022-01-02T18:28:11
2.78089	-50.90768	0	52	2022-01-02T18:38:12
2.78086	-50.90767	0	52	2022-01-02T18:48:14
2.78082	-50.90793	0	52	2022-01-02T18:53:14
2.78068	-50.90778	0	52	2022-01-02T19:13:08
2.78077	-50.90778	0	52	2022-01-02T19:18:11
2.78070	-50.90781	0	52	2022-01-02T19:23:09
2.78065	-50.90771	0	52	2022-01-02T19:58:14
2.78068	-50.90780	0	52	2022-01-02T20:23:15
2.78068	-50.90771	0	52	2022-01-02T20:28:15
2.78071	-50.90771	0	52	2022-01-02T20:53:12
2.78081	-50.90765	0	52	2022-01-02T20:59:07
2.78077	-50.90762	0	52	2022-01-02T21:03:11
2.78077	-50.90765	0	52	2022-01-02T21:09:06
2.78092	-50.90779	0	52	2022-01-02T21:23:06
2.78088	-50.90796	0	52	2022-01-02T21:28:07
2.78079	-50.90787	0	52	2022-01-02T21:33:07
2.78081	-50.90799	0	52	2022-01-02T22:00:16
2.78072	-50.90808	0	52	2022-01-02T22:10:17
2.78093	-50.90814	0	52	2022-01-02T22:47:54
2.78088	-50.90817	0	52	2022-01-02T23:03:39
2.78092	-50.90817	0	52	2022-01-02T23:08:39
2.78079	-50.90817	0	52	2022-01-02T23:13:39
2.78090	-50.90826	0	52	2022-01-02T23:17:55
2.78071	-50.90814	0	52	2022-01-03T00:17:49
2.78067	-50.90814	0	52	2022-01-03T00:22:49
2.78084	-50.90796	0	52	2022-01-03T00:53:02
2.78054	-50.90839	0	52	2022-01-03T00:58:01
2.78080	-50.90805	0	52	2022-01-03T01:03:02
2.78083	-50.90836	0	52	2022-01-03T03:12:56
2.78071	-50.90802	0	52	2022-01-03T03:37:57
2.78075	-50.90802	0	52	2022-01-03T03:42:57
2.78066	-50.90802	0	52	2022-01-03T03:47:56
2.78073	-50.90805	0	52	2022-01-03T04:02:54
2.78071	-50.90851	0	52	2022-01-03T04:17:51
2.78075	-50.90825	0	52	2022-01-03T04:22:50
2.78075	-50.90842	0	52	2022-01-03T04:27:50
2.78106	-50.90796	0	52	2022-01-03T06:17:38
2.78124	-50.90800	0	52	2022-01-03T06:30:52
2.78098	-50.90783	0	52	2022-01-03T06:35:52
2.78077	-50.90826	0	52	2022-01-03T06:40:51
2.78084	-50.90808	0	52	2022-01-03T07:22:42
2.78076	-50.90811	0	52	2022-01-03T10:27:32
2.78077	-50.90826	0	52	2022-01-03T11:17:29
2.78083	-50.90775	0	52	2022-01-03T21:12:42
2.78086	-50.90808	0	52	2022-01-03T21:47:34
2.78089	-50.90797	0	52	2022-01-03T22:22:34
2.78076	-50.90797	0	52	2022-01-03T22:27:35
2.78085	-50.90814	0	52	2022-01-03T22:32:35
2.78079	-50.90826	0	52	2022-01-04T09:52:32
2.78126	-50.90814	0	52	2022-01-04T11:57:43
2.78070	-50.90814	0	52	2022-01-04T12:02:43
2.78057	-50.90814	0	52	2022-01-04T12:07:43
2.78070	-50.90734	0	52	2022-01-04T14:27:41
2.78053	-50.90828	0	52	2022-01-04T14:32:42
2.78062	-50.90802	0	52	2022-01-04T14:37:42
2.78129	-50.90811	0	52	2022-01-04T14:47:42
2.78086	-50.90820	0	52	2022-01-04T14:52:42
2.78082	-50.90820	0	52	2022-01-04T14:57:43
2.78103	-50.90836	0	52	2022-01-04T15:57:45
2.78097	-50.90817	0	52	2022-01-04T17:48:43
2.78094	-50.90811	0	52	2022-01-04T18:07:37
2.78071	-50.90802	0	52	2022-01-04T18:48:26
2.78082	-50.90825	0	52	2022-01-04T20:27:41
2.78086	-50.90834	0	52	2022-01-04T20:32:42
2.78073	-50.90817	0	52	2022-01-04T20:37:42
2.78068	-50.90814	0	52	2022-01-04T21:27:36
2.78077	-50.90814	0	52	2022-01-04T21:32:37
2.78068	-50.90814	0	52	2022-01-04T21:37:37
2.78055	-50.90826	0	52	2022-01-05T00:47:39
2.78055	-50.90828	0	52	2022-01-05T00:57:41
2.78046	-50.90802	0	52	2022-01-05T01:02:41
2.78067	-50.90836	0	52	2022-01-05T01:07:40
2.78059	-50.90825	0	52	2022-01-05T01:17:44
2.78063	-50.90825	0	52	2022-01-05T01:22:44
2.78054	-50.90808	0	52	2022-01-05T01:27:43
2.78059	-50.90820	0	52	2022-01-05T02:42:29
2.78070	-50.90839	0	52	2022-01-05T11:27:06
2.78060	-50.90826	0	52	2022-01-05T13:33:10
2.78064	-50.90808	0	52	2022-01-05T14:46:55
2.78059	-50.90808	0	52	2022-01-05T15:21:57
2.78072	-50.90820	0	52	2022-01-05T15:32:06
2.78063	-50.90811	0	52	2022-01-05T15:37:07
2.78072	-50.90820	0	52	2022-01-05T15:42:07
2.78068	-50.90823	0	52	2022-01-05T17:07:11
2.78059	-50.90808	0	52	2022-01-05T23:52:07
2.78059	-50.90829	0	52	2022-01-06T00:17:20
2.78050	-50.90826	0	52	2022-01-06T00:32:14
2.78064	-50.90814	0	52	2022-01-06T00:37:11
2.78055	-50.90814	0	52	2022-01-06T00:52:08
2.78049	-50.90808	0	52	2022-01-06T01:44:21
2.78079	-50.90869	0	52	2022-01-06T02:42:00
2.78091	-50.90799	0	52	2022-01-06T08:31:52
2.78112	-50.90817	0	52	2022-01-06T09:22:09
2.78133	-50.90808	0	52	2022-01-06T09:27:09
2.78111	-50.90849	0	52	2022-01-06T12:07:25
2.78137	-50.90806	0	52	2022-01-06T12:12:25
2.78128	-50.90823	0	52	2022-01-06T12:17:24
2.78064	-50.90805	0	52	2022-01-06T15:01:46
2.78051	-50.90805	0	52	2022-01-06T15:06:46
2.78081	-50.90814	0	52	2022-01-06T15:11:46
2.78063	-50.90809	0	52	2022-01-06T16:26:42
2.78067	-50.90826	0	52	2022-01-06T16:31:42
2.78076	-50.90826	0	52	2022-01-06T16:36:43
2.78043	-50.90817	0	52	2022-01-07T05:40:48
2.78056	-50.90826	0	52	2022-01-07T06:55:29
2.78067	-50.90817	0	52	2022-01-07T07:30:21
