/* DATA DESCRIPTION:
Citation:	Horstmann, Jochen; Carrasco, Ruben; Calil, Paulo H R; Iudicone, Daniele; Pesant, Stephane; Erta, J M (2022): Track of Lagrangian drifter 57 during the Mission Microbiomes with the RV Tara along the eastern coast of Brazil [dataset]. PANGAEA, https://doi.org/10.1594/PANGAEA.948237, 
	In: Horstmann, J et al. (2022): Drifter position data from the eastern coast of Brazil during the project Mission Microbiomes with the RV Tara [dataset publication series]. PANGAEA, https://doi.org/10.1594/PANGAEA.948261
Project(s):	Atlantic ECOsystems assessment, forecasting & sustainability (AtlantECO) (URI: https://doi.org/10.3030/862923)
	Fondation Tara Expeditions (FondTara) (URI: https://fondationtaraocean.org/en/home/)
	Mission Microbiomes (MM2020) (URI: https://fondationtaraocean.org/expedition/mission-microbiomes/)
Funding:	Horizon 2020 of the European Commission (H2020) (URI: https://research-and-innovation.ec.europa.eu/funding/funding-opportunities/funding-programmes-and-open-calls/horizon-2020_en), grant/award no. 862923: Atlantic ECOsystems assessment, forecasting & sustainability (URI: https://doi.org/10.3030/862923)
Coverage:	MEDIAN LATITUDE: 7.231445 * MEDIAN LONGITUDE: -52.487121 * SOUTH-BOUND LATITUDE: 2.968650 * WEST-BOUND LONGITUDE: -54.911410 * NORTH-BOUND LATITUDE: 9.621910 * EAST-BOUND LONGITUDE: -49.515500
	DATE/TIME START: 2021-09-06T01:04:45 * DATE/TIME END: 2021-09-21T18:01:07
	MINIMUM DEPTH, water: 0 m * MAXIMUM DEPTH, water: 0 m
Event(s):	TARA_Microbiomes_DRIFT-57 * LATITUDE START: 2.968650 * LONGITUDE START: -49.515500 * LATITUDE END: 9.531310 * LONGITUDE END: -54.911410 * DATE/TIME START: 2021-09-06T01:04:45 * DATE/TIME END: 2021-09-21T18:01:07 * LOCATION: Eastern Brazilian coast * CAMPAIGN: MM20210824_LEG-05_035-040_Martin * BASIS: SV Tara (URI: https://en.wikipedia.org/wiki/Tara_expedition) * METHOD/DEVICE: Drifter (DRIFT)
Parameter(s):	LATITUDE (Latitude) * GEOCODE * PI: Horstmann, Jochen (https://orcid.org/0000-0002-7979-5736, jochen.horstmann@hereon.de, https://www.hzg.de/institutes_platforms/coastal_research/operational_systems/radar_hydrography/staff/046556/index.php.en) * METHOD/DEVICE: GPS receiver mounted on Lagrangian drifter
	LONGITUDE (Longitude) * GEOCODE * PI: Horstmann, Jochen (https://orcid.org/0000-0002-7979-5736, jochen.horstmann@hereon.de, https://www.hzg.de/institutes_platforms/coastal_research/operational_systems/radar_hydrography/staff/046556/index.php.en) * METHOD/DEVICE: GPS receiver mounted on Lagrangian drifter
	DEPTH, water [m] (Depth water) * GEOCODE * PI: Horstmann, Jochen (https://orcid.org/0000-0002-7979-5736, jochen.horstmann@hereon.de, https://www.hzg.de/institutes_platforms/coastal_research/operational_systems/radar_hydrography/staff/046556/index.php.en)
	Identification (ID) * PI: Horstmann, Jochen (https://orcid.org/0000-0002-7979-5736, jochen.horstmann@hereon.de, https://www.hzg.de/institutes_platforms/coastal_research/operational_systems/radar_hydrography/staff/046556/index.php.en) * COMMENT: DrifterID
	DATE/TIME (Date/Time) * GEOCODE * PI: Horstmann, Jochen (https://orcid.org/0000-0002-7979-5736, jochen.horstmann@hereon.de, https://www.hzg.de/institutes_platforms/coastal_research/operational_systems/radar_hydrography/staff/046556/index.php.en) * COMMENT: UTC
License:	Creative Commons Attribution 4.0 International (CC-BY-4.0) (URI: https://creativecommons.org/licenses/by/4.0/)
Status:	Curation Level: Enhanced curation (URI: https://wiki.pangaea.de/wiki/Curation_levels)
Size:	4437 data points
*/
Latitude	Longitude	Depth water [m]	ID	Date/Time
2.96865	-49.51550	0	57	2021-09-06T01:04:45
2.98015	-49.52054	0	57	2021-09-06T01:14:47
2.98616	-49.52208	0	57	2021-09-06T01:19:47
2.99195	-49.52371	0	57	2021-09-06T01:24:46
2.99703	-49.52521	0	57	2021-09-06T01:29:49
3.00192	-49.52704	0	57	2021-09-06T01:35:29
3.00518	-49.52820	0	57	2021-09-06T01:39:45
3.01001	-49.53020	0	57	2021-09-06T01:44:47
3.01529	-49.53192	0	57	2021-09-06T01:49:46
3.02031	-49.53302	0	57	2021-09-06T01:54:45
3.02513	-49.53365	0	57	2021-09-06T01:59:54
3.02981	-49.53442	0	57	2021-09-06T02:04:53
3.03439	-49.53528	0	57	2021-09-06T02:09:53
3.03889	-49.53625	0	57	2021-09-06T02:14:53
3.04337	-49.53727	0	57	2021-09-06T02:19:55
3.04775	-49.53839	0	57	2021-09-06T02:24:55
3.05210	-49.53958	0	57	2021-09-06T02:29:57
3.05684	-49.54095	0	57	2021-09-06T02:35:27
3.06065	-49.54223	0	57	2021-09-06T02:39:58
3.06486	-49.54352	0	57	2021-09-06T02:44:59
3.06902	-49.54489	0	57	2021-09-06T02:50:00
3.07310	-49.54636	0	57	2021-09-06T02:55:00
3.07718	-49.54796	0	57	2021-09-06T03:00:01
3.08117	-49.54942	0	57	2021-09-06T03:05:02
3.08508	-49.55096	0	57	2021-09-06T03:10:02
3.08895	-49.55255	0	57	2021-09-06T03:15:00
3.09281	-49.55414	0	57	2021-09-06T03:20:02
3.09662	-49.55576	0	57	2021-09-06T03:25:02
3.10046	-49.55740	0	57	2021-09-06T03:30:03
3.10464	-49.55923	0	57	2021-09-06T03:35:31
3.10804	-49.56076	0	57	2021-09-06T03:40:05
3.11175	-49.56259	0	57	2021-09-06T03:45:06
3.11530	-49.56436	0	57	2021-09-06T03:50:06
3.11881	-49.56616	0	57	2021-09-06T03:55:04
3.12231	-49.56796	0	57	2021-09-06T04:00:08
3.12577	-49.56982	0	57	2021-09-06T04:05:08
3.12910	-49.57166	0	57	2021-09-06T04:10:08
3.13240	-49.57355	0	57	2021-09-06T04:15:00
3.13558	-49.57544	0	57	2021-09-06T04:20:00
3.13877	-49.57742	0	57	2021-09-06T04:25:05
3.14188	-49.57941	0	57	2021-09-06T04:30:01
3.14529	-49.58160	0	57	2021-09-06T04:35:29
3.14802	-49.58350	0	57	2021-09-06T04:39:58
3.15099	-49.58566	0	57	2021-09-06T04:44:59
3.15400	-49.58783	0	57	2021-09-06T04:49:57
3.15695	-49.59006	0	57	2021-09-06T04:54:55
3.15988	-49.59232	0	57	2021-09-06T04:59:56
3.16287	-49.59464	0	57	2021-09-06T05:04:58
3.16647	-49.59746	0	57	2021-09-06T05:09:54
3.16873	-49.59918	0	57	2021-09-06T05:14:54
3.17157	-49.60150	0	57	2021-09-06T05:19:54
3.17438	-49.60379	0	57	2021-09-06T05:24:55
3.17724	-49.60612	0	57	2021-09-06T05:29:57
3.18042	-49.60869	0	57	2021-09-06T05:34:57
3.18291	-49.61075	0	57	2021-09-06T05:39:58
3.18581	-49.61319	0	57	2021-09-06T05:44:58
3.18872	-49.61564	0	57	2021-09-06T05:50:18
3.19155	-49.61804	0	57	2021-09-06T05:55:17
3.19455	-49.62061	0	57	2021-09-06T06:00:17
3.19732	-49.62296	0	57	2021-09-06T06:04:59
3.20133	-49.62631	0	57	2021-09-06T06:10:04
3.20339	-49.62803	0	57	2021-09-06T06:15:04
3.20627	-49.63052	0	57	2021-09-06T06:20:05
3.21226	-49.63549	0	57	2021-09-06T06:30:07
3.21535	-49.63841	0	57	2021-09-06T06:35:07
3.21741	-49.64047	0	57	2021-09-06T06:40:08
3.21994	-49.64288	0	57	2021-09-06T06:45:09
3.22244	-49.64505	0	57	2021-09-06T06:50:09
3.22490	-49.64723	0	57	2021-09-06T06:55:10
3.22736	-49.64941	0	57	2021-09-06T07:00:10
3.22984	-49.65161	0	57	2021-09-06T07:05:09
3.23233	-49.65384	0	57	2021-09-06T07:10:12
3.23482	-49.65610	0	57	2021-09-06T07:15:14
3.23730	-49.65839	0	57	2021-09-06T07:20:11
3.23994	-49.66077	0	57	2021-09-06T07:25:15
3.24250	-49.66302	0	57	2021-09-06T07:30:14
3.25751	-49.67779	0	57	2021-09-06T08:00:19
3.26000	-49.68019	0	57	2021-09-06T08:05:19
3.26249	-49.68268	0	57	2021-09-06T08:10:20
3.26505	-49.68536	0	57	2021-09-06T08:15:21
3.26756	-49.68802	0	57	2021-09-06T08:20:19
3.27005	-49.69034	0	57	2021-09-06T08:25:19
3.27255	-49.69272	0	57	2021-09-06T08:30:20
3.27540	-49.69547	0	57	2021-09-06T08:35:55
3.27763	-49.69787	0	57	2021-09-06T08:40:24
3.28016	-49.70032	0	57	2021-09-06T08:45:22
3.28278	-49.70276	0	57	2021-09-06T08:50:23
3.28557	-49.70496	0	57	2021-09-06T08:55:21
3.28831	-49.70733	0	57	2021-09-06T09:00:17
3.29098	-49.70956	0	57	2021-09-06T09:05:21
3.29367	-49.71188	0	57	2021-09-06T09:10:18
3.29635	-49.71426	0	57	2021-09-06T09:15:19
3.29903	-49.71661	0	57	2021-09-06T09:20:19
3.30165	-49.71884	0	57	2021-09-06T09:25:18
3.30443	-49.72083	0	57	2021-09-06T09:30:17
3.30778	-49.72299	0	57	2021-09-06T09:35:56
3.31025	-49.72457	0	57	2021-09-06T09:40:16
3.31313	-49.72620	0	57	2021-09-06T09:45:16
3.31619	-49.72803	0	57	2021-09-06T09:50:14
3.31912	-49.72981	0	57	2021-09-06T09:55:15
3.32217	-49.73187	0	57	2021-09-06T10:00:15
3.32523	-49.73383	0	57	2021-09-06T10:05:17
3.32828	-49.73586	0	57	2021-09-06T10:10:20
3.33137	-49.73749	0	57	2021-09-06T10:15:19
3.33441	-49.73907	0	57	2021-09-06T10:20:19
3.33748	-49.74051	0	57	2021-09-06T10:25:23
3.34054	-49.74219	0	57	2021-09-06T10:30:23
3.34431	-49.74424	0	57	2021-09-06T10:35:25
3.34671	-49.74561	0	57	2021-09-06T10:40:26
3.34973	-49.74734	0	57	2021-09-06T10:45:28
3.35283	-49.74904	0	57	2021-09-06T10:50:28
3.35583	-49.75058	0	57	2021-09-06T10:55:28
3.35865	-49.75208	0	57	2021-09-06T11:00:27
3.36148	-49.75366	0	57	2021-09-06T11:05:29
3.36460	-49.75537	0	57	2021-09-06T11:10:30
3.36784	-49.75720	0	57	2021-09-06T11:15:33
3.37101	-49.75900	0	57	2021-09-06T11:20:33
3.37432	-49.76071	0	57	2021-09-06T11:25:30
3.37763	-49.76239	0	57	2021-09-06T11:30:31
3.38183	-49.76452	0	57	2021-09-06T11:35:29
3.38449	-49.76572	0	57	2021-09-06T11:40:29
3.38790	-49.76746	0	57	2021-09-06T11:45:30
3.39117	-49.76883	0	57	2021-09-06T11:50:30
3.39435	-49.77020	0	57	2021-09-06T11:55:32
3.39775	-49.77148	0	57	2021-09-06T12:00:31
3.40134	-49.77295	0	57	2021-09-06T12:05:33
3.40505	-49.77448	0	57	2021-09-06T12:10:31
3.40874	-49.77585	0	57	2021-09-06T12:15:31
3.41239	-49.77722	0	57	2021-09-06T12:20:32
3.41612	-49.77863	0	57	2021-09-06T12:25:33
3.41987	-49.78007	0	57	2021-09-06T12:30:33
3.42383	-49.78156	0	57	2021-09-06T12:35:58
3.42729	-49.78290	0	57	2021-09-06T12:40:32
3.43491	-49.78577	0	57	2021-09-06T12:50:33
3.43874	-49.78723	0	57	2021-09-06T12:55:34
3.44254	-49.78860	0	57	2021-09-06T13:00:34
3.44633	-49.79001	0	57	2021-09-06T13:05:32
3.45014	-49.79132	0	57	2021-09-06T13:10:33
3.45389	-49.79257	0	57	2021-09-06T13:15:36
3.45765	-49.79380	0	57	2021-09-06T13:20:33
3.46121	-49.79492	0	57	2021-09-06T13:25:32
3.46472	-49.79599	0	57	2021-09-06T13:30:36
3.46884	-49.79730	0	57	2021-09-06T13:36:28
3.47182	-49.79843	0	57	2021-09-06T13:40:37
3.47538	-49.79980	0	57	2021-09-06T13:45:38
3.47887	-49.80121	0	57	2021-09-06T13:50:38
3.48243	-49.80273	0	57	2021-09-06T13:55:36
3.48605	-49.80423	0	57	2021-09-06T14:00:38
3.48959	-49.80566	0	57	2021-09-06T14:05:37
3.49300	-49.80707	0	57	2021-09-06T14:10:39
3.49627	-49.80844	0	57	2021-09-06T14:15:37
3.49948	-49.80972	0	57	2021-09-06T14:20:38
3.50245	-49.81098	0	57	2021-09-06T14:25:35
3.50537	-49.81210	0	57	2021-09-06T14:30:35
3.50875	-49.81372	0	57	2021-09-06T14:35:56
3.51159	-49.81512	0	57	2021-09-06T14:40:33
3.51471	-49.81659	0	57	2021-09-06T14:45:32
3.51780	-49.81796	0	57	2021-09-06T14:50:31
3.52087	-49.81943	0	57	2021-09-06T14:55:34
3.52389	-49.82104	0	57	2021-09-06T15:00:32
3.52687	-49.82254	0	57	2021-09-06T15:05:33
3.52966	-49.82391	0	57	2021-09-06T15:10:34
3.53242	-49.82535	0	57	2021-09-06T15:15:32
3.53522	-49.82703	0	57	2021-09-06T15:20:35
3.53805	-49.82880	0	57	2021-09-06T15:25:36
3.54082	-49.83035	0	57	2021-09-06T15:30:34
3.54371	-49.83212	0	57	2021-09-06T15:35:56
3.54621	-49.83367	0	57	2021-09-06T15:40:31
3.54896	-49.83521	0	57	2021-09-06T15:45:31
3.55165	-49.83685	0	57	2021-09-06T15:50:29
3.55428	-49.83847	0	57	2021-09-06T15:55:30
3.55645	-49.84007	0	57	2021-09-06T16:00:31
3.55872	-49.84161	0	57	2021-09-06T16:05:32
3.56117	-49.84335	0	57	2021-09-06T16:10:29
3.56378	-49.84521	0	57	2021-09-06T16:15:30
3.56629	-49.84705	0	57	2021-09-06T16:20:29
3.56886	-49.84882	0	57	2021-09-06T16:25:28
3.57119	-49.85051	0	57	2021-09-06T16:30:55
3.57325	-49.85223	0	57	2021-09-06T16:35:55
3.57520	-49.85382	0	57	2021-09-06T16:40:30
3.57756	-49.85568	0	57	2021-09-06T16:45:31
3.57994	-49.85750	0	57	2021-09-06T16:50:32
3.58230	-49.85922	0	57	2021-09-06T16:55:32
3.58432	-49.86111	0	57	2021-09-06T17:00:32
3.58618	-49.86307	0	57	2021-09-06T17:05:31
3.58832	-49.86499	0	57	2021-09-06T17:10:30
3.59039	-49.86707	0	57	2021-09-06T17:15:32
3.59224	-49.86917	0	57	2021-09-06T17:20:33
3.59402	-49.87125	0	57	2021-09-06T17:25:33
3.59591	-49.87332	0	57	2021-09-06T17:30:32
3.59773	-49.87558	0	57	2021-09-06T17:35:55
3.59926	-49.87753	0	57	2021-09-06T17:40:33
3.60105	-49.87970	0	57	2021-09-06T17:45:34
3.60276	-49.88181	0	57	2021-09-06T17:50:31
3.60436	-49.88404	0	57	2021-09-06T17:55:30
3.60613	-49.88614	0	57	2021-09-06T18:00:31
3.60783	-49.88834	0	57	2021-09-06T18:05:29
3.60926	-49.89059	0	57	2021-09-06T18:10:30
3.61098	-49.89281	0	57	2021-09-06T18:15:31
3.61257	-49.89496	0	57	2021-09-06T18:20:32
3.61415	-49.89719	0	57	2021-09-06T18:25:29
3.61571	-49.89941	0	57	2021-09-06T18:30:29
3.61738	-49.90182	0	57	2021-09-06T18:35:57
3.61890	-49.90387	0	57	2021-09-06T18:40:32
3.62055	-49.90591	0	57	2021-09-06T18:45:31
3.62208	-49.90805	0	57	2021-09-06T18:50:33
3.62360	-49.91028	0	57	2021-09-06T18:55:31
3.62675	-49.91460	0	57	2021-09-06T19:05:36
3.62835	-49.91675	0	57	2021-09-06T19:10:33
3.63001	-49.91898	0	57	2021-09-06T19:15:36
3.63153	-49.92114	0	57	2021-09-06T19:20:34
3.63301	-49.92317	0	57	2021-09-06T19:25:35
3.63455	-49.92532	0	57	2021-09-06T19:30:35
3.63643	-49.92755	0	57	2021-09-06T19:35:56
3.63805	-49.92948	0	57	2021-09-06T19:40:33
3.63950	-49.93124	0	57	2021-09-06T19:45:35
3.64118	-49.93317	0	57	2021-09-06T19:50:32
3.64297	-49.93527	0	57	2021-09-06T19:55:33
3.64467	-49.93753	0	57	2021-09-06T20:00:34
3.64621	-49.93950	0	57	2021-09-06T20:05:31
3.64784	-49.94147	0	57	2021-09-06T20:10:32
3.64968	-49.94366	0	57	2021-09-06T20:15:32
3.65158	-49.94574	0	57	2021-09-06T20:20:32
3.65352	-49.94778	0	57	2021-09-06T20:25:33
3.65515	-49.94958	0	57	2021-09-06T20:30:32
3.65731	-49.95175	0	57	2021-09-06T20:35:58
3.65917	-49.95364	0	57	2021-09-06T20:40:35
3.66129	-49.95563	0	57	2021-09-06T20:45:30
3.66306	-49.95731	0	57	2021-09-06T20:50:30
3.66502	-49.95898	0	57	2021-09-06T20:55:31
3.66720	-49.96075	0	57	2021-09-06T21:00:28
3.66950	-49.96247	0	57	2021-09-06T21:05:28
3.67165	-49.96393	0	57	2021-09-06T21:10:27
3.67386	-49.96542	0	57	2021-09-06T21:15:30
3.67613	-49.96701	0	57	2021-09-06T21:20:29
3.67837	-49.96857	0	57	2021-09-06T21:25:33
3.68059	-49.97012	0	57	2021-09-06T21:30:32
3.68308	-49.97192	0	57	2021-09-06T21:35:56
3.68525	-49.97330	0	57	2021-09-06T21:40:35
3.68767	-49.97482	0	57	2021-09-06T21:45:33
3.69007	-49.97611	0	57	2021-09-06T21:50:33
3.69247	-49.97748	0	57	2021-09-06T21:55:34
3.69490	-49.97893	0	57	2021-09-06T22:00:34
3.69739	-49.98013	0	57	2021-09-06T22:05:33
3.69988	-49.98140	0	57	2021-09-06T22:10:35
3.70241	-49.98260	0	57	2021-09-06T22:15:34
3.70506	-49.98380	0	57	2021-09-06T22:20:38
3.70776	-49.98492	0	57	2021-09-06T22:25:38
3.71040	-49.98605	0	57	2021-09-06T22:30:36
3.71333	-49.98723	0	57	2021-09-06T22:35:36
3.71586	-49.98835	0	57	2021-09-06T22:40:35
3.71861	-49.98947	0	57	2021-09-06T22:45:35
3.72147	-49.99057	0	57	2021-09-06T22:50:38
3.72443	-49.99169	0	57	2021-09-06T22:55:35
3.72735	-49.99272	0	57	2021-09-06T23:00:34
3.73014	-49.99384	0	57	2021-09-06T23:05:34
3.73314	-49.99496	0	57	2021-09-06T23:10:35
3.73610	-49.99603	0	57	2021-09-06T23:15:33
3.73918	-49.99713	0	57	2021-09-06T23:20:36
3.74225	-49.99817	0	57	2021-09-06T23:25:34
3.74533	-49.99911	0	57	2021-09-06T23:30:35
3.74865	-50.00010	0	57	2021-09-06T23:35:38
3.75157	-50.00104	0	57	2021-09-06T23:40:37
3.75470	-50.00192	0	57	2021-09-06T23:45:37
3.75782	-50.00275	0	57	2021-09-06T23:50:38
3.76106	-50.00369	0	57	2021-09-06T23:55:40
3.76432	-50.00455	0	57	2021-09-07T00:00:40
3.76754	-50.00531	0	57	2021-09-07T00:05:38
3.77086	-50.00610	0	57	2021-09-07T00:10:37
3.77416	-50.00686	0	57	2021-09-07T00:15:39
3.77755	-50.00763	0	57	2021-09-07T00:20:40
3.78096	-50.00836	0	57	2021-09-07T00:25:39
3.78444	-50.00906	0	57	2021-09-07T00:30:38
3.78810	-50.00988	0	57	2021-09-07T00:35:41
3.79133	-50.01041	0	57	2021-09-07T00:40:40
3.79484	-50.01108	0	57	2021-09-07T00:45:40
3.79834	-50.01173	0	57	2021-09-07T00:50:47
3.80177	-50.01242	0	57	2021-09-07T00:55:46
3.80527	-50.01304	0	57	2021-09-07T01:00:46
3.80870	-50.01355	0	57	2021-09-07T01:05:47
3.81219	-50.01422	0	57	2021-09-07T01:10:44
3.81934	-50.01563	0	57	2021-09-07T01:20:46
3.82273	-50.01632	0	57	2021-09-07T01:25:46
3.82616	-50.01709	0	57	2021-09-07T01:30:46
3.82986	-50.01791	0	57	2021-09-07T01:36:07
3.83305	-50.01859	0	57	2021-09-07T01:40:45
3.83651	-50.01940	0	57	2021-09-07T01:45:42
3.83987	-50.01999	0	57	2021-09-07T01:50:43
3.84320	-50.02069	0	57	2021-09-07T01:55:41
3.84648	-50.02136	0	57	2021-09-07T02:00:42
3.84972	-50.02209	0	57	2021-09-07T02:05:42
3.85294	-50.02277	0	57	2021-09-07T02:10:42
3.85621	-50.02344	0	57	2021-09-07T02:15:48
3.85932	-50.02417	0	57	2021-09-07T02:20:47
3.86247	-50.02493	0	57	2021-09-07T02:25:49
3.86556	-50.02570	0	57	2021-09-07T02:30:50
3.86888	-50.02658	0	57	2021-09-07T02:36:26
3.87147	-50.02728	0	57	2021-09-07T02:40:52
3.87437	-50.02816	0	57	2021-09-07T02:45:53
3.87725	-50.02893	0	57	2021-09-07T02:50:54
3.87998	-50.02982	0	57	2021-09-07T02:55:55
3.88266	-50.03070	0	57	2021-09-07T03:00:52
3.88536	-50.03168	0	57	2021-09-07T03:05:53
3.88772	-50.03262	0	57	2021-09-07T03:10:53
3.89014	-50.03366	0	57	2021-09-07T03:15:51
3.89228	-50.03467	0	57	2021-09-07T03:20:52
3.89445	-50.03574	0	57	2021-09-07T03:25:52
3.89655	-50.03668	0	57	2021-09-07T03:30:53
3.89889	-50.03769	0	57	2021-09-07T03:36:27
3.90081	-50.03860	0	57	2021-09-07T03:40:53
3.90289	-50.03973	0	57	2021-09-07T03:45:52
3.90503	-50.04083	0	57	2021-09-07T03:50:53
3.90715	-50.04199	0	57	2021-09-07T03:55:54
3.90920	-50.04318	0	57	2021-09-07T04:00:57
3.91125	-50.04443	0	57	2021-09-07T04:05:55
3.91325	-50.04565	0	57	2021-09-07T04:10:56
3.91519	-50.04696	0	57	2021-09-07T04:15:59
3.91708	-50.04825	0	57	2021-09-07T04:20:58
3.91887	-50.04941	0	57	2021-09-07T04:25:58
3.92068	-50.05069	0	57	2021-09-07T04:30:59
3.92256	-50.05212	0	57	2021-09-07T04:36:28
3.92411	-50.05337	0	57	2021-09-07T04:41:00
3.92570	-50.05457	0	57	2021-09-07T04:45:59
3.92730	-50.05585	0	57	2021-09-07T04:51:05
3.92880	-50.05716	0	57	2021-09-07T04:56:00
3.93034	-50.05853	0	57	2021-09-07T05:01:00
3.93169	-50.05994	0	57	2021-09-07T05:06:01
3.93300	-50.06134	0	57	2021-09-07T05:11:01
3.93428	-50.06292	0	57	2021-09-07T05:16:00
3.93552	-50.06429	0	57	2021-09-07T05:21:00
3.93676	-50.06583	0	57	2021-09-07T05:26:01
3.93785	-50.06747	0	57	2021-09-07T05:31:06
3.93912	-50.06921	0	57	2021-09-07T05:36:26
3.94023	-50.07068	0	57	2021-09-07T05:41:04
3.94131	-50.07236	0	57	2021-09-07T05:46:04
3.94253	-50.07407	0	57	2021-09-07T05:51:04
3.94364	-50.07572	0	57	2021-09-07T05:56:03
3.94476	-50.07735	0	57	2021-09-07T06:01:03
3.94579	-50.07898	0	57	2021-09-07T06:06:04
3.94688	-50.08051	0	57	2021-09-07T06:11:01
3.94804	-50.08214	0	57	2021-09-07T06:15:58
3.94892	-50.08295	0	57	2021-09-07T06:20:59
3.94993	-50.08420	0	57	2021-09-07T06:25:59
3.95087	-50.08514	0	57	2021-09-07T06:30:57
3.95186	-50.08624	0	57	2021-09-07T06:36:27
3.95270	-50.08701	0	57	2021-09-07T06:41:01
3.95364	-50.08829	0	57	2021-09-07T06:45:59
3.95452	-50.08954	0	57	2021-09-07T06:51:01
3.95542	-50.09031	0	57	2021-09-07T06:56:00
3.95624	-50.09125	0	57	2021-09-07T07:00:59
3.95712	-50.09213	0	57	2021-09-07T07:06:02
3.95802	-50.09283	0	57	2021-09-07T07:11:00
3.95892	-50.09366	0	57	2021-09-07T07:15:57
3.95976	-50.09464	0	57	2021-09-07T07:20:58
3.96053	-50.09546	0	57	2021-09-07T07:25:59
3.96127	-50.09626	0	57	2021-09-07T07:31:26
3.96209	-50.09720	0	57	2021-09-07T07:36:26
3.96276	-50.09772	0	57	2021-09-07T07:40:57
3.96362	-50.09864	0	57	2021-09-07T07:45:54
3.96439	-50.09958	0	57	2021-09-07T07:50:55
3.96516	-50.10028	0	57	2021-09-07T07:55:56
3.96591	-50.10114	0	57	2021-09-07T08:00:57
3.96669	-50.10210	0	57	2021-09-07T08:05:54
3.96738	-50.10244	0	57	2021-09-07T08:10:55
3.96811	-50.10321	0	57	2021-09-07T08:15:55
3.96889	-50.10406	0	57	2021-09-07T08:20:56
3.96969	-50.10464	0	57	2021-09-07T08:25:54
3.97029	-50.10550	0	57	2021-09-07T08:30:54
3.97096	-50.10602	0	57	2021-09-07T08:36:26
3.97154	-50.10672	0	57	2021-09-07T08:40:53
3.97220	-50.10731	0	57	2021-09-07T08:45:50
3.97289	-50.10764	0	57	2021-09-07T08:50:54
3.97353	-50.10834	0	57	2021-09-07T08:55:51
3.97434	-50.10901	0	57	2021-09-07T09:00:52
3.97513	-50.10956	0	57	2021-09-07T09:05:51
3.97606	-50.11021	0	57	2021-09-07T09:10:50
3.97675	-50.11072	0	57	2021-09-07T09:15:50
3.97774	-50.11136	0	57	2021-09-07T09:20:52
3.97999	-50.11234	0	57	2021-09-07T09:30:53
3.98112	-50.11308	0	57	2021-09-07T09:35:54
3.98202	-50.11359	0	57	2021-09-07T09:40:54
3.98314	-50.11414	0	57	2021-09-07T09:45:52
3.98421	-50.11465	0	57	2021-09-07T09:50:55
3.98546	-50.11515	0	57	2021-09-07T09:55:56
3.98692	-50.11575	0	57	2021-09-07T10:00:55
3.98837	-50.11621	0	57	2021-09-07T10:05:58
3.98984	-50.11682	0	57	2021-09-07T10:10:56
3.99150	-50.11737	0	57	2021-09-07T10:15:57
3.99324	-50.11772	0	57	2021-09-07T10:20:58
3.99500	-50.11789	0	57	2021-09-07T10:25:59
3.99675	-50.11792	0	57	2021-09-07T10:30:58
3.99885	-50.11816	0	57	2021-09-07T10:36:26
4.00072	-50.11837	0	57	2021-09-07T10:40:58
4.00248	-50.11871	0	57	2021-09-07T10:45:58
4.00437	-50.11899	0	57	2021-09-07T10:50:58
4.00626	-50.11942	0	57	2021-09-07T10:56:02
4.00819	-50.11951	0	57	2021-09-07T11:01:01
4.01002	-50.11960	0	57	2021-09-07T11:06:01
4.01192	-50.11975	0	57	2021-09-07T11:10:59
4.01398	-50.11972	0	57	2021-09-07T11:15:59
4.01608	-50.11972	0	57	2021-09-07T11:20:59
4.01816	-50.11975	0	57	2021-09-07T11:25:58
4.02032	-50.11978	0	57	2021-09-07T11:30:59
4.02275	-50.11978	0	57	2021-09-07T11:35:56
4.02469	-50.11981	0	57	2021-09-07T11:40:56
4.02687	-50.11978	0	57	2021-09-07T11:45:57
4.02912	-50.11975	0	57	2021-09-07T11:50:56
4.03130	-50.11981	0	57	2021-09-07T11:55:59
4.03345	-50.11996	0	57	2021-09-07T12:01:02
4.03562	-50.12009	0	57	2021-09-07T12:06:01
4.03786	-50.12024	0	57	2021-09-07T12:11:01
4.04010	-50.12042	0	57	2021-09-07T12:16:05
4.04229	-50.12051	0	57	2021-09-07T12:21:05
4.04444	-50.12067	0	57	2021-09-07T12:26:07
4.04650	-50.12076	0	57	2021-09-07T12:31:05
4.04859	-50.12070	0	57	2021-09-07T12:36:27
4.05053	-50.12054	0	57	2021-09-07T12:41:10
4.05255	-50.12054	0	57	2021-09-07T12:46:11
4.05465	-50.12051	0	57	2021-09-07T12:51:12
4.05680	-50.12051	0	57	2021-09-07T12:56:13
4.05891	-50.12048	0	57	2021-09-07T13:01:12
4.06109	-50.12054	0	57	2021-09-07T13:06:14
4.06328	-50.12061	0	57	2021-09-07T13:11:12
4.06542	-50.12067	0	57	2021-09-07T13:16:15
4.06765	-50.12076	0	57	2021-09-07T13:21:14
4.06991	-50.12085	0	57	2021-09-07T13:26:18
4.07219	-50.12103	0	57	2021-09-07T13:31:15
4.07455	-50.12134	0	57	2021-09-07T13:36:38
4.07658	-50.12167	0	57	2021-09-07T13:41:16
4.07876	-50.12196	0	57	2021-09-07T13:46:17
4.08091	-50.12222	0	57	2021-09-07T13:51:17
4.08297	-50.12256	0	57	2021-09-07T13:56:16
4.08492	-50.12277	0	57	2021-09-07T14:01:15
4.08701	-50.12305	0	57	2021-09-07T14:06:16
4.08912	-50.12329	0	57	2021-09-07T14:11:14
4.09118	-50.12360	0	57	2021-09-07T14:16:15
4.09317	-50.12393	0	57	2021-09-07T14:21:14
4.09516	-50.12427	0	57	2021-09-07T14:26:12
4.09714	-50.12462	0	57	2021-09-07T14:31:37
4.09924	-50.12488	0	57	2021-09-07T14:36:37
4.10084	-50.12512	0	57	2021-09-07T14:41:12
4.10274	-50.12549	0	57	2021-09-07T14:46:15
4.10466	-50.12601	0	57	2021-09-07T14:51:13
4.10661	-50.12662	0	57	2021-09-07T14:56:10
4.10851	-50.12720	0	57	2021-09-07T15:01:11
4.11053	-50.12781	0	57	2021-09-07T15:06:12
4.11238	-50.12850	0	57	2021-09-07T15:11:13
4.11418	-50.12927	0	57	2021-09-07T15:16:13
4.11589	-50.13007	0	57	2021-09-07T15:21:10
4.11750	-50.13074	0	57	2021-09-07T15:26:11
4.11898	-50.13144	0	57	2021-09-07T15:31:11
4.12045	-50.13232	0	57	2021-09-07T15:36:36
4.12170	-50.13303	0	57	2021-09-07T15:41:14
4.12296	-50.13384	0	57	2021-09-07T15:46:14
4.12420	-50.13461	0	57	2021-09-07T15:51:14
4.12537	-50.13544	0	57	2021-09-07T15:56:12
4.12642	-50.13611	0	57	2021-09-07T16:01:13
4.12745	-50.13694	0	57	2021-09-07T16:06:13
4.12852	-50.13806	0	57	2021-09-07T16:11:12
4.12956	-50.13910	0	57	2021-09-07T16:16:12
4.13045	-50.14014	0	57	2021-09-07T16:21:13
4.13136	-50.14127	0	57	2021-09-07T16:26:14
4.13220	-50.14240	0	57	2021-09-07T16:31:08
4.13382	-50.14479	0	57	2021-09-07T16:41:13
4.13452	-50.14594	0	57	2021-09-07T16:46:09
4.13520	-50.14719	0	57	2021-09-07T16:51:13
4.13587	-50.14841	0	57	2021-09-07T16:56:11
4.13644	-50.14972	0	57	2021-09-07T17:01:11
4.13705	-50.15109	0	57	2021-09-07T17:06:09
4.13758	-50.15262	0	57	2021-09-07T17:11:11
4.13814	-50.15409	0	57	2021-09-07T17:16:14
4.13862	-50.15555	0	57	2021-09-07T17:21:16
4.13891	-50.15692	0	57	2021-09-07T17:26:13
4.13923	-50.15829	0	57	2021-09-07T17:31:12
4.13941	-50.15992	0	57	2021-09-07T17:36:10
4.13962	-50.16129	0	57	2021-09-07T17:41:11
4.13980	-50.16296	0	57	2021-09-07T17:46:08
4.13982	-50.16461	0	57	2021-09-07T17:51:10
4.13985	-50.16632	0	57	2021-09-07T17:56:11
4.13988	-50.16797	0	57	2021-09-07T18:01:11
4.13994	-50.16959	0	57	2021-09-07T18:06:11
4.14002	-50.17114	0	57	2021-09-07T18:11:09
4.14004	-50.17264	0	57	2021-09-07T18:16:08
4.14012	-50.17421	0	57	2021-09-07T18:21:10
4.14012	-50.17575	0	57	2021-09-07T18:26:10
4.14013	-50.17731	0	57	2021-09-07T18:31:08
4.14017	-50.17896	0	57	2021-09-07T18:36:09
4.14021	-50.18033	0	57	2021-09-07T18:41:09
4.14030	-50.18185	0	57	2021-09-07T18:46:10
4.14034	-50.18335	0	57	2021-09-07T18:51:12
4.14037	-50.18484	0	57	2021-09-07T18:56:08
4.14039	-50.18637	0	57	2021-09-07T19:01:10
4.14043	-50.18797	0	57	2021-09-07T19:06:07
4.14043	-50.18951	0	57	2021-09-07T19:11:07
4.14044	-50.19107	0	57	2021-09-07T19:16:08
4.14047	-50.19260	0	57	2021-09-07T19:21:04
4.14040	-50.19400	0	57	2021-09-07T19:26:07
4.14039	-50.19540	0	57	2021-09-07T19:31:07
4.14052	-50.19693	0	57	2021-09-07T19:36:26
4.14053	-50.19830	0	57	2021-09-07T19:41:09
4.14047	-50.19968	0	57	2021-09-07T19:46:08
4.14043	-50.20112	0	57	2021-09-07T19:51:09
4.14039	-50.20206	0	57	2021-09-07T19:56:08
4.14046	-50.20322	0	57	2021-09-07T20:01:08
4.14054	-50.20453	0	57	2021-09-07T20:06:09
4.14053	-50.20582	0	57	2021-09-07T20:11:14
4.14066	-50.20711	0	57	2021-09-07T20:16:14
4.14079	-50.20840	0	57	2021-09-07T20:21:14
4.14092	-50.20947	0	57	2021-09-07T20:26:13
4.14101	-50.21057	0	57	2021-09-07T20:31:16
4.14133	-50.21170	0	57	2021-09-07T20:36:37
4.14172	-50.21262	0	57	2021-09-07T20:41:15
4.14206	-50.21341	0	57	2021-09-07T20:46:16
4.14242	-50.21433	0	57	2021-09-07T20:51:14
4.14285	-50.21536	0	57	2021-09-07T20:56:14
4.14332	-50.21637	0	57	2021-09-07T21:01:11
4.14380	-50.21732	0	57	2021-09-07T21:06:15
4.14435	-50.21818	0	57	2021-09-07T21:11:16
4.14486	-50.21887	0	57	2021-09-07T21:16:17
4.14550	-50.21967	0	57	2021-09-07T21:21:17
4.14616	-50.22049	0	57	2021-09-07T21:26:19
4.14678	-50.22116	0	57	2021-09-07T21:31:17
4.14744	-50.22192	0	57	2021-09-07T21:36:54
4.14804	-50.22260	0	57	2021-09-07T21:41:20
4.14872	-50.22340	0	57	2021-09-07T21:46:21
4.14958	-50.22400	0	57	2021-09-07T21:51:20
4.15041	-50.22470	0	57	2021-09-07T21:56:23
4.15119	-50.22537	0	57	2021-09-07T22:01:25
4.15200	-50.22589	0	57	2021-09-07T22:06:23
4.15292	-50.22653	0	57	2021-09-07T22:11:22
4.15476	-50.22763	0	57	2021-09-07T22:21:25
4.15565	-50.22800	0	57	2021-09-07T22:26:26
4.15612	-50.22800	0	57	2021-09-07T22:31:26
4.15702	-50.22845	0	57	2021-09-07T22:36:57
4.15792	-50.22885	0	57	2021-09-07T22:41:28
4.15886	-50.22928	0	57	2021-09-07T22:46:28
4.15987	-50.22955	0	57	2021-09-07T22:51:30
4.16089	-50.22980	0	57	2021-09-07T22:56:31
4.16194	-50.23038	0	57	2021-09-07T23:01:31
4.16280	-50.23053	0	57	2021-09-07T23:06:32
4.16397	-50.23074	0	57	2021-09-07T23:11:32
4.16521	-50.23108	0	57	2021-09-07T23:16:34
4.16646	-50.23157	0	57	2021-09-07T23:21:34
4.16770	-50.23166	0	57	2021-09-07T23:26:34
4.16876	-50.23184	0	57	2021-09-07T23:31:32
4.17020	-50.23213	0	57	2021-09-07T23:36:34
4.17136	-50.23222	0	57	2021-09-07T23:41:34
4.17278	-50.23248	0	57	2021-09-07T23:46:35
4.17412	-50.23270	0	57	2021-09-07T23:51:36
4.17544	-50.23285	0	57	2021-09-07T23:56:34
4.17663	-50.23270	0	57	2021-09-08T00:01:34
4.17796	-50.23279	0	57	2021-09-08T00:06:35
4.17929	-50.23285	0	57	2021-09-08T00:11:36
4.18053	-50.23297	0	57	2021-09-08T00:16:37
4.18185	-50.23322	0	57	2021-09-08T00:21:36
4.18332	-50.23340	0	57	2021-09-08T00:26:34
4.18473	-50.23355	0	57	2021-09-08T00:31:35
4.18623	-50.23371	0	57	2021-09-08T00:36:31
4.18743	-50.23380	0	57	2021-09-08T00:41:30
4.18886	-50.23416	0	57	2021-09-08T00:46:33
4.19040	-50.23450	0	57	2021-09-08T00:51:32
4.19198	-50.23491	0	57	2021-09-08T00:56:32
4.19361	-50.23517	0	57	2021-09-08T01:01:33
4.19516	-50.23563	0	57	2021-09-08T01:06:32
4.19656	-50.23611	0	57	2021-09-08T01:11:37
4.19798	-50.23627	0	57	2021-09-08T01:16:36
4.19957	-50.23654	0	57	2021-09-08T01:21:36
4.20112	-50.23672	0	57	2021-09-08T01:26:37
4.20257	-50.23718	0	57	2021-09-08T01:31:57
4.20403	-50.23752	0	57	2021-09-08T01:36:58
4.20533	-50.23782	0	57	2021-09-08T01:41:35
4.20673	-50.23825	0	57	2021-09-08T01:46:36
4.20828	-50.23861	0	57	2021-09-08T01:51:34
4.20987	-50.23904	0	57	2021-09-08T01:56:34
4.21124	-50.23926	0	57	2021-09-08T02:01:32
4.21265	-50.23956	0	57	2021-09-08T02:06:33
4.21393	-50.23991	0	57	2021-09-08T02:11:33
4.21530	-50.24017	0	57	2021-09-08T02:16:33
4.21660	-50.24057	0	57	2021-09-08T02:21:31
4.21788	-50.24091	0	57	2021-09-08T02:26:32
4.21920	-50.24145	0	57	2021-09-08T02:31:56
4.22053	-50.24188	0	57	2021-09-08T02:36:57
4.22172	-50.24228	0	57	2021-09-08T02:41:31
4.22295	-50.24280	0	57	2021-09-08T02:46:34
4.22408	-50.24326	0	57	2021-09-08T02:51:32
4.22524	-50.24374	0	57	2021-09-08T02:56:34
4.22645	-50.24432	0	57	2021-09-08T03:01:34
4.22749	-50.24490	0	57	2021-09-08T03:06:35
4.22843	-50.24545	0	57	2021-09-08T03:11:32
4.22941	-50.24609	0	57	2021-09-08T03:16:33
4.23046	-50.24673	0	57	2021-09-08T03:21:30
4.23156	-50.24753	0	57	2021-09-08T03:26:31
4.23250	-50.24835	0	57	2021-09-08T03:31:28
4.23365	-50.24872	0	57	2021-09-08T03:36:56
4.23448	-50.24933	0	57	2021-09-08T03:41:30
4.23547	-50.24976	0	57	2021-09-08T03:46:30
4.23651	-50.25049	0	57	2021-09-08T03:51:28
4.23763	-50.25119	0	57	2021-09-08T03:56:27
4.23871	-50.25208	0	57	2021-09-08T04:01:26
4.23965	-50.25287	0	57	2021-09-08T04:06:26
4.24042	-50.25388	0	57	2021-09-08T04:11:29
4.24126	-50.25461	0	57	2021-09-08T04:16:30
4.24200	-50.25546	0	57	2021-09-08T04:21:28
4.24285	-50.25626	0	57	2021-09-08T04:26:28
4.24352	-50.25729	0	57	2021-09-08T04:31:30
4.24420	-50.25836	0	57	2021-09-08T04:36:55
4.24482	-50.25903	0	57	2021-09-08T04:41:31
4.24528	-50.26005	0	57	2021-09-08T04:46:30
4.24592	-50.26074	0	57	2021-09-08T04:51:30
4.24640	-50.26178	0	57	2021-09-08T04:56:30
4.24675	-50.26291	0	57	2021-09-08T05:01:31
4.24735	-50.26385	0	57	2021-09-08T05:06:31
4.24777	-50.26492	0	57	2021-09-08T05:11:32
4.24831	-50.26596	0	57	2021-09-08T05:16:30
4.24917	-50.26692	0	57	2021-09-08T05:21:32
4.24960	-50.26804	0	57	2021-09-08T05:26:32
4.24993	-50.26917	0	57	2021-09-08T05:31:33
4.25025	-50.27039	0	57	2021-09-08T05:36:54
4.25070	-50.27152	0	57	2021-09-08T05:41:34
4.25104	-50.27255	0	57	2021-09-08T05:46:34
4.25120	-50.27383	0	57	2021-09-08T05:51:32
4.25163	-50.27509	0	57	2021-09-08T05:56:33
4.25198	-50.27639	0	57	2021-09-08T06:01:31
4.25211	-50.27768	0	57	2021-09-08T06:06:31
4.25231	-50.27890	0	57	2021-09-08T06:11:29
4.25258	-50.28021	0	57	2021-09-08T06:16:32
4.25282	-50.28156	0	57	2021-09-08T06:21:33
4.25291	-50.28287	0	57	2021-09-08T06:26:31
4.25314	-50.28403	0	57	2021-09-08T06:31:31
4.25342	-50.28537	0	57	2021-09-08T06:36:55
4.25345	-50.28671	0	57	2021-09-08T06:41:32
4.25369	-50.28790	0	57	2021-09-08T06:46:34
4.25391	-50.28915	0	57	2021-09-08T06:51:34
4.25405	-50.29056	0	57	2021-09-08T06:56:32
4.25410	-50.29193	0	57	2021-09-08T07:01:33
4.25424	-50.29309	0	57	2021-09-08T07:06:32
4.25425	-50.29445	0	57	2021-09-08T07:11:30
4.25434	-50.29565	0	57	2021-09-08T07:16:31
4.25455	-50.29703	0	57	2021-09-08T07:21:28
4.25477	-50.29855	0	57	2021-09-08T07:26:30
4.25511	-50.29977	0	57	2021-09-08T07:31:30
4.25522	-50.30103	0	57	2021-09-08T07:36:57
4.25526	-50.30234	0	57	2021-09-08T07:41:32
4.25575	-50.30362	0	57	2021-09-08T07:46:29
4.25624	-50.30496	0	57	2021-09-08T07:51:30
4.25638	-50.30637	0	57	2021-09-08T07:56:33
4.25648	-50.30783	0	57	2021-09-08T08:01:31
4.25667	-50.30917	0	57	2021-09-08T08:06:31
4.25710	-50.31046	0	57	2021-09-08T08:11:32
4.25753	-50.31183	0	57	2021-09-08T08:16:31
4.25786	-50.31311	0	57	2021-09-08T08:21:31
4.25816	-50.31439	0	57	2021-09-08T08:26:32
4.25845	-50.31573	0	57	2021-09-08T08:31:32
4.25880	-50.31714	0	57	2021-09-08T08:36:54
4.25929	-50.31836	0	57	2021-09-08T08:41:33
4.25984	-50.31949	0	57	2021-09-08T08:46:35
4.26027	-50.32079	0	57	2021-09-08T08:51:36
4.26057	-50.32199	0	57	2021-09-08T08:56:37
4.26095	-50.32306	0	57	2021-09-08T09:01:34
4.26153	-50.32416	0	57	2021-09-08T09:06:36
4.26188	-50.32529	0	57	2021-09-08T09:11:36
4.26241	-50.32642	0	57	2021-09-08T09:16:36
4.26300	-50.32770	0	57	2021-09-08T09:21:36
4.26367	-50.32892	0	57	2021-09-08T09:26:35
4.26436	-50.32986	0	57	2021-09-08T09:31:35
4.26512	-50.33109	0	57	2021-09-08T09:36:55
4.26582	-50.33209	0	57	2021-09-08T09:41:41
4.26648	-50.33319	0	57	2021-09-08T09:46:40
4.26716	-50.33423	0	57	2021-09-08T09:51:42
4.26806	-50.33499	0	57	2021-09-08T09:56:40
4.26893	-50.33595	0	57	2021-09-08T10:01:40
4.26983	-50.33707	0	57	2021-09-08T10:06:41
4.27072	-50.33795	0	57	2021-09-08T10:11:38
4.27139	-50.33887	0	57	2021-09-08T10:16:40
4.27204	-50.33984	0	57	2021-09-08T10:21:40
4.27269	-50.34086	0	57	2021-09-08T10:26:40
4.27333	-50.34180	0	57	2021-09-08T10:31:40
4.27399	-50.34293	0	57	2021-09-08T10:37:09
4.27459	-50.34393	0	57	2021-09-08T10:41:40
4.27555	-50.34482	0	57	2021-09-08T10:46:41
4.27618	-50.34570	0	57	2021-09-08T10:51:40
4.27688	-50.34674	0	57	2021-09-08T10:56:42
4.27782	-50.34756	0	57	2021-09-08T11:01:43
4.27873	-50.34857	0	57	2021-09-08T11:06:40
4.27959	-50.34943	0	57	2021-09-08T11:11:40
4.28048	-50.35037	0	57	2021-09-08T11:16:42
4.28159	-50.35110	0	57	2021-09-08T11:21:43
4.28238	-50.35199	0	57	2021-09-08T11:26:42
4.28343	-50.35269	0	57	2021-09-08T11:31:44
4.28540	-50.35428	0	57	2021-09-08T11:41:41
4.28639	-50.35505	0	57	2021-09-08T11:46:40
4.28751	-50.35565	0	57	2021-09-08T11:51:40
4.28847	-50.35651	0	57	2021-09-08T11:56:40
4.28936	-50.35756	0	57	2021-09-08T12:01:42
4.29034	-50.35834	0	57	2021-09-08T12:06:43
4.29142	-50.35919	0	57	2021-09-08T12:11:43
4.29244	-50.35999	0	57	2021-09-08T12:16:44
4.29489	-50.36183	0	57	2021-09-08T12:27:24
4.29594	-50.36255	0	57	2021-09-08T12:31:48
4.29729	-50.36346	0	57	2021-09-08T12:37:25
4.29820	-50.36411	0	57	2021-09-08T12:41:49
4.29939	-50.36493	0	57	2021-09-08T12:46:48
4.30061	-50.36584	0	57	2021-09-08T12:51:50
4.30189	-50.36661	0	57	2021-09-08T12:56:48
4.30310	-50.36737	0	57	2021-09-08T13:01:51
4.30428	-50.36823	0	57	2021-09-08T13:06:50
4.30556	-50.36896	0	57	2021-09-08T13:11:53
4.30676	-50.36978	0	57	2021-09-08T13:16:51
4.30810	-50.37061	0	57	2021-09-08T13:21:54
4.30929	-50.37149	0	57	2021-09-08T13:26:56
4.31061	-50.37244	0	57	2021-09-08T13:32:24
4.31194	-50.37338	0	57	2021-09-08T13:37:25
4.31316	-50.37424	0	57	2021-09-08T13:41:56
4.31439	-50.37521	0	57	2021-09-08T13:47:00
4.31565	-50.37619	0	57	2021-09-08T13:52:00
4.31694	-50.37705	0	57	2021-09-08T13:57:00
4.31823	-50.37799	0	57	2021-09-08T14:01:59
4.31965	-50.37894	0	57	2021-09-08T14:06:59
4.32110	-50.38004	0	57	2021-09-08T14:12:00
4.32243	-50.38107	0	57	2021-09-08T14:17:01
4.32377	-50.38214	0	57	2021-09-08T14:22:02
4.32522	-50.38327	0	57	2021-09-08T14:27:02
4.32650	-50.38449	0	57	2021-09-08T14:32:04
4.32795	-50.38580	0	57	2021-09-08T14:37:24
4.32916	-50.38702	0	57	2021-09-08T14:42:05
4.33059	-50.38837	0	57	2021-09-08T14:47:07
4.33192	-50.38985	0	57	2021-09-08T14:52:06
4.33321	-50.39114	0	57	2021-09-08T14:57:05
4.33434	-50.39249	0	57	2021-09-08T15:02:08
4.33560	-50.39377	0	57	2021-09-08T15:07:10
4.33658	-50.39501	0	57	2021-09-08T15:12:10
4.33765	-50.39621	0	57	2021-09-08T15:17:11
4.33874	-50.39743	0	57	2021-09-08T15:22:13
4.33970	-50.39874	0	57	2021-09-08T15:27:10
4.34068	-50.40005	0	57	2021-09-08T15:32:07
4.34150	-50.40152	0	57	2021-09-08T15:37:23
4.34233	-50.40277	0	57	2021-09-08T15:42:07
4.34319	-50.40414	0	57	2021-09-08T15:47:07
4.34401	-50.40564	0	57	2021-09-08T15:52:05
4.34474	-50.40704	0	57	2021-09-08T15:57:07
4.34563	-50.40860	0	57	2021-09-08T16:02:08
4.34641	-50.40998	0	57	2021-09-08T16:07:07
4.34783	-50.41110	0	57	2021-09-08T16:12:06
4.34872	-50.41260	0	57	2021-09-08T16:17:09
4.34965	-50.41415	0	57	2021-09-08T16:22:07
4.35122	-50.41547	0	57	2021-09-08T16:27:09
4.35197	-50.41718	0	57	2021-09-08T16:32:12
4.35285	-50.41882	0	57	2021-09-08T16:37:39
4.35355	-50.42029	0	57	2021-09-08T16:42:10
4.35451	-50.42172	0	57	2021-09-08T16:47:14
4.35488	-50.42337	0	57	2021-09-08T16:52:12
4.35591	-50.42471	0	57	2021-09-08T16:57:14
4.35673	-50.42606	0	57	2021-09-08T17:02:13
4.35755	-50.42777	0	57	2021-09-08T17:07:11
4.35884	-50.42923	0	57	2021-09-08T17:12:12
4.36006	-50.43063	0	57	2021-09-08T17:17:13
4.36124	-50.43350	0	57	2021-09-08T17:27:37
4.36242	-50.43457	0	57	2021-09-08T17:32:11
4.36360	-50.43591	0	57	2021-09-08T17:37:36
4.36378	-50.43735	0	57	2021-09-08T17:42:12
4.36438	-50.43881	0	57	2021-09-08T17:47:11
4.36553	-50.44028	0	57	2021-09-08T17:52:10
4.36668	-50.44156	0	57	2021-09-08T17:57:11
4.36728	-50.44310	0	57	2021-09-08T18:02:09
4.36728	-50.44473	0	57	2021-09-08T18:07:09
4.36799	-50.44617	0	57	2021-09-08T18:12:10
4.36832	-50.44788	0	57	2021-09-08T18:17:10
4.36817	-50.44928	0	57	2021-09-08T18:22:12
4.36887	-50.45065	0	57	2021-09-08T18:27:13
4.36965	-50.45237	0	57	2021-09-08T18:32:15
4.37007	-50.45410	0	57	2021-09-08T18:37:38
4.36991	-50.45554	0	57	2021-09-08T18:42:16
4.37037	-50.45709	0	57	2021-09-08T18:47:15
4.37081	-50.45856	0	57	2021-09-08T18:52:13
4.37068	-50.46038	0	57	2021-09-08T18:57:15
4.37085	-50.46201	0	57	2021-09-08T19:02:15
4.37093	-50.46384	0	57	2021-09-08T19:07:15
4.37074	-50.46553	0	57	2021-09-08T19:12:14
4.37061	-50.46725	0	57	2021-09-08T19:17:14
4.37082	-50.46884	0	57	2021-09-08T19:22:13
4.37078	-50.47037	0	57	2021-09-08T19:27:14
4.37111	-50.47205	0	57	2021-09-08T19:32:15
4.37106	-50.47365	0	57	2021-09-08T19:37:16
4.37102	-50.47519	0	57	2021-09-08T19:42:15
4.37127	-50.47687	0	57	2021-09-08T19:47:15
4.37121	-50.47815	0	57	2021-09-08T19:52:17
4.37113	-50.47961	0	57	2021-09-08T19:57:20
4.37149	-50.48117	0	57	2021-09-08T20:02:18
4.37123	-50.48251	0	57	2021-09-08T20:07:22
4.37149	-50.48416	0	57	2021-09-08T20:12:20
4.37144	-50.48563	0	57	2021-09-08T20:17:24
4.37148	-50.48700	0	57	2021-09-08T20:22:22
4.37152	-50.48883	0	57	2021-09-08T20:27:25
4.37144	-50.49026	0	57	2021-09-08T20:32:24
4.37160	-50.49182	0	57	2021-09-08T20:37:57
4.37184	-50.49326	0	57	2021-09-08T20:42:27
4.37168	-50.49451	0	57	2021-09-08T20:47:28
4.37188	-50.49573	0	57	2021-09-08T20:52:29
4.37166	-50.49703	0	57	2021-09-08T20:57:28
4.37200	-50.49832	0	57	2021-09-08T21:02:28
4.37205	-50.49969	0	57	2021-09-08T21:07:28
4.37242	-50.50101	0	57	2021-09-08T21:12:26
4.37251	-50.50238	0	57	2021-09-08T21:17:27
4.37298	-50.50375	0	57	2021-09-08T21:22:28
4.37323	-50.50486	0	57	2021-09-08T21:27:24
4.37349	-50.50598	0	57	2021-09-08T21:32:24
4.37404	-50.50729	0	57	2021-09-08T21:37:57
4.37418	-50.50833	0	57	2021-09-08T21:42:23
4.37477	-50.50949	0	57	2021-09-08T21:47:20
4.37518	-50.51056	0	57	2021-09-08T21:52:21
4.37543	-50.51175	0	57	2021-09-08T21:57:22
4.37612	-50.51273	0	57	2021-09-08T22:02:22
4.37657	-50.51386	0	57	2021-09-08T22:07:21
4.37708	-50.51480	0	57	2021-09-08T22:12:21
4.37762	-50.51584	0	57	2021-09-08T22:17:21
4.37832	-50.51682	0	57	2021-09-08T22:22:22
4.37902	-50.51789	0	57	2021-09-08T22:27:23
4.37962	-50.51883	0	57	2021-09-08T22:32:24
4.38041	-50.51974	0	57	2021-09-08T22:37:56
4.38083	-50.52060	0	57	2021-09-08T22:42:26
4.38181	-50.52161	0	57	2021-09-08T22:47:29
4.38244	-50.52252	0	57	2021-09-08T22:52:28
4.38330	-50.52341	0	57	2021-09-08T22:57:27
4.38415	-50.52432	0	57	2021-09-08T23:02:29
4.38517	-50.52548	0	57	2021-09-08T23:07:29
4.38611	-50.52625	0	57	2021-09-08T23:12:28
4.38700	-50.52725	0	57	2021-09-08T23:17:27
4.38801	-50.52795	0	57	2021-09-08T23:22:29
4.38901	-50.52875	0	57	2021-09-08T23:27:30
4.38999	-50.52957	0	57	2021-09-08T23:32:29
4.39144	-50.53012	0	57	2021-09-08T23:37:57
4.39228	-50.53085	0	57	2021-09-08T23:42:28
4.39317	-50.53178	0	57	2021-09-08T23:47:29
4.39437	-50.53247	0	57	2021-09-08T23:52:29
4.39567	-50.53317	0	57	2021-09-08T23:57:30
4.39666	-50.53394	0	57	2021-09-09T00:02:32
4.39787	-50.53476	0	57	2021-09-09T00:07:33
4.39920	-50.53546	0	57	2021-09-09T00:12:32
4.40025	-50.53635	0	57	2021-09-09T00:17:33
4.40147	-50.53708	0	57	2021-09-09T00:22:31
4.40280	-50.53772	0	57	2021-09-09T00:27:32
4.40382	-50.53851	0	57	2021-09-09T00:32:28
4.40529	-50.53958	0	57	2021-09-09T00:37:27
4.40655	-50.54013	0	57	2021-09-09T00:42:27
4.40770	-50.54095	0	57	2021-09-09T00:47:28
4.40904	-50.54173	0	57	2021-09-09T00:52:25
4.41047	-50.54248	0	57	2021-09-09T00:57:26
4.41157	-50.54327	0	57	2021-09-09T01:02:24
4.41287	-50.54395	0	57	2021-09-09T01:07:27
4.41420	-50.54468	0	57	2021-09-09T01:12:27
4.41567	-50.54556	0	57	2021-09-09T01:17:29
4.41713	-50.54633	0	57	2021-09-09T01:22:29
4.41870	-50.54718	0	57	2021-09-09T01:27:31
4.42011	-50.54822	0	57	2021-09-09T01:32:31
4.42172	-50.54922	0	57	2021-09-09T01:37:56
4.42333	-50.55008	0	57	2021-09-09T01:42:34
4.42485	-50.55096	0	57	2021-09-09T01:47:33
4.42641	-50.55202	0	57	2021-09-09T01:52:32
4.42804	-50.55288	0	57	2021-09-09T01:57:32
4.42954	-50.55374	0	57	2021-09-09T02:02:33
4.43110	-50.55460	0	57	2021-09-09T02:07:34
4.43273	-50.55545	0	57	2021-09-09T02:12:34
4.43428	-50.55646	0	57	2021-09-09T02:17:36
4.43558	-50.55737	0	57	2021-09-09T02:22:39
4.43700	-50.55841	0	57	2021-09-09T02:27:37
4.43842	-50.55936	0	57	2021-09-09T02:32:41
4.43996	-50.56048	0	57	2021-09-09T02:37:39
4.44150	-50.56125	0	57	2021-09-09T02:42:39
4.44284	-50.56241	0	57	2021-09-09T02:47:41
4.44419	-50.56345	0	57	2021-09-09T02:52:42
4.44550	-50.56448	0	57	2021-09-09T02:57:43
4.44700	-50.56564	0	57	2021-09-09T03:02:43
4.44824	-50.56680	0	57	2021-09-09T03:07:45
4.44953	-50.56790	0	57	2021-09-09T03:12:45
4.45103	-50.56906	0	57	2021-09-09T03:17:47
4.45248	-50.57028	0	57	2021-09-09T03:22:49
4.45383	-50.57141	0	57	2021-09-09T03:27:47
4.45514	-50.57265	0	57	2021-09-09T03:33:27
4.45651	-50.57394	0	57	2021-09-09T03:38:27
4.45770	-50.57510	0	57	2021-09-09T03:42:49
4.45875	-50.57630	0	57	2021-09-09T03:47:50
4.45978	-50.57742	0	57	2021-09-09T03:52:49
4.46109	-50.57864	0	57	2021-09-09T03:57:48
4.46211	-50.57986	0	57	2021-09-09T04:02:49
4.46297	-50.58118	0	57	2021-09-09T04:07:47
4.46394	-50.58243	0	57	2021-09-09T04:12:47
4.46493	-50.58365	0	57	2021-09-09T04:17:48
4.46565	-50.58499	0	57	2021-09-09T04:22:46
4.46647	-50.58623	0	57	2021-09-09T04:27:50
4.46733	-50.58752	0	57	2021-09-09T04:32:50
4.46814	-50.58890	0	57	2021-09-09T04:38:24
4.46882	-50.59012	0	57	2021-09-09T04:42:50
4.46953	-50.59162	0	57	2021-09-09T04:47:50
4.47000	-50.59299	0	57	2021-09-09T04:52:50
4.47075	-50.59436	0	57	2021-09-09T04:57:48
4.47117	-50.59583	0	57	2021-09-09T05:02:48
4.47197	-50.59729	0	57	2021-09-09T05:07:46
4.47249	-50.59872	0	57	2021-09-09T05:12:47
4.47295	-50.60031	0	57	2021-09-09T05:17:44
4.47361	-50.60178	0	57	2021-09-09T05:22:48
4.47410	-50.60339	0	57	2021-09-09T05:28:26
4.47457	-50.60485	0	57	2021-09-09T05:33:25
4.47508	-50.60648	0	57	2021-09-09T05:38:25
4.47547	-50.60776	0	57	2021-09-09T05:42:49
4.47595	-50.60919	0	57	2021-09-09T05:47:52
4.47636	-50.61072	0	57	2021-09-09T05:52:53
4.47683	-50.61218	0	57	2021-09-09T05:57:53
4.47717	-50.61372	0	57	2021-09-09T06:02:54
4.47751	-50.61526	0	57	2021-09-09T06:07:53
4.47773	-50.61688	0	57	2021-09-09T06:12:56
4.47804	-50.61844	0	57	2021-09-09T06:17:54
4.47825	-50.62009	0	57	2021-09-09T06:22:55
4.47855	-50.62177	0	57	2021-09-09T06:27:55
4.47858	-50.62344	0	57	2021-09-09T06:32:55
4.47876	-50.62527	0	57	2021-09-09T06:38:25
4.47889	-50.62683	0	57	2021-09-09T06:42:54
4.47891	-50.62851	0	57	2021-09-09T06:47:56
4.47926	-50.63010	0	57	2021-09-09T06:52:56
4.47920	-50.63177	0	57	2021-09-09T06:57:57
4.47939	-50.63344	0	57	2021-09-09T07:02:58
4.47930	-50.63498	0	57	2021-09-09T07:07:58
4.47928	-50.63654	0	57	2021-09-09T07:12:56
4.47931	-50.63814	0	57	2021-09-09T07:17:56
4.47931	-50.63977	0	57	2021-09-09T07:22:57
4.47930	-50.64151	0	57	2021-09-09T07:27:58
4.47943	-50.64319	0	57	2021-09-09T07:32:55
4.47954	-50.64502	0	57	2021-09-09T07:37:55
4.47954	-50.64639	0	57	2021-09-09T07:42:55
4.47942	-50.64801	0	57	2021-09-09T07:47:54
4.47929	-50.64954	0	57	2021-09-09T07:52:53
4.47942	-50.65120	0	57	2021-09-09T07:57:52
4.47946	-50.65274	0	57	2021-09-09T08:02:52
4.47953	-50.65433	0	57	2021-09-09T08:07:53
4.47969	-50.65594	0	57	2021-09-09T08:12:54
4.47996	-50.65752	0	57	2021-09-09T08:17:55
4.48013	-50.65915	0	57	2021-09-09T08:22:55
4.48034	-50.66074	0	57	2021-09-09T08:27:57
4.48063	-50.66232	0	57	2021-09-09T08:32:54
4.48086	-50.66416	0	57	2021-09-09T08:37:58
4.48103	-50.66553	0	57	2021-09-09T08:42:59
4.48120	-50.66699	0	57	2021-09-09T08:47:59
4.48169	-50.67010	0	57	2021-09-09T08:57:57
4.48195	-50.67164	0	57	2021-09-09T09:02:56
4.48225	-50.67310	0	57	2021-09-09T09:07:56
4.48253	-50.67462	0	57	2021-09-09T09:12:59
4.48282	-50.67606	0	57	2021-09-09T09:18:01
4.48311	-50.67749	0	57	2021-09-09T09:22:59
4.48353	-50.67883	0	57	2021-09-09T09:28:02
4.48399	-50.68024	0	57	2021-09-09T09:33:00
4.48456	-50.68167	0	57	2021-09-09T09:38:27
4.48512	-50.68283	0	57	2021-09-09T09:43:01
4.48577	-50.68408	0	57	2021-09-09T09:48:01
4.48638	-50.68539	0	57	2021-09-09T09:52:59
4.48708	-50.68668	0	57	2021-09-09T09:58:00
4.48776	-50.68790	0	57	2021-09-09T10:02:57
4.48841	-50.68909	0	57	2021-09-09T10:07:58
4.48905	-50.69016	0	57	2021-09-09T10:12:55
4.48980	-50.69138	0	57	2021-09-09T10:17:56
4.49061	-50.69257	0	57	2021-09-09T10:22:56
4.49138	-50.69372	0	57	2021-09-09T10:27:57
4.49224	-50.69492	0	57	2021-09-09T10:32:56
4.49313	-50.69620	0	57	2021-09-09T10:38:26
4.49394	-50.69739	0	57	2021-09-09T10:42:57
4.49492	-50.69861	0	57	2021-09-09T10:48:00
4.49594	-50.69977	0	57	2021-09-09T10:52:59
4.49691	-50.70099	0	57	2021-09-09T10:58:02
4.49786	-50.70218	0	57	2021-09-09T11:03:04
4.49897	-50.70330	0	57	2021-09-09T11:08:07
4.50004	-50.70450	0	57	2021-09-09T11:13:06
4.50118	-50.70569	0	57	2021-09-09T11:18:06
4.50224	-50.70682	0	57	2021-09-09T11:23:06
4.50341	-50.70806	0	57	2021-09-09T11:28:12
4.50457	-50.70926	0	57	2021-09-09T11:33:12
4.50580	-50.71048	0	57	2021-09-09T11:38:38
4.50687	-50.71158	0	57	2021-09-09T11:43:14
4.50793	-50.71274	0	57	2021-09-09T11:48:16
4.50887	-50.71386	0	57	2021-09-09T11:53:16
4.50994	-50.71506	0	57	2021-09-09T11:58:17
4.51106	-50.71619	0	57	2021-09-09T12:03:18
4.51224	-50.71739	0	57	2021-09-09T12:08:19
4.51331	-50.71851	0	57	2021-09-09T12:13:19
4.51464	-50.71981	0	57	2021-09-09T12:18:20
4.51597	-50.72101	0	57	2021-09-09T12:23:20
4.51724	-50.72217	0	57	2021-09-09T12:28:19
4.51852	-50.72350	0	57	2021-09-09T12:33:54
4.52015	-50.72504	0	57	2021-09-09T12:38:54
4.52138	-50.72623	0	57	2021-09-09T12:43:20
4.52281	-50.72760	0	57	2021-09-09T12:48:18
4.52427	-50.72897	0	57	2021-09-09T12:53:22
4.52576	-50.73035	0	57	2021-09-09T12:58:20
4.52734	-50.73172	0	57	2021-09-09T13:03:23
4.52886	-50.73315	0	57	2021-09-09T13:08:22
4.53044	-50.73459	0	57	2021-09-09T13:13:22
4.53194	-50.73593	0	57	2021-09-09T13:18:24
4.53336	-50.73722	0	57	2021-09-09T13:23:27
4.53478	-50.73859	0	57	2021-09-09T13:28:26
4.53630	-50.74002	0	57	2021-09-09T13:33:28
4.53805	-50.74151	0	57	2021-09-09T13:38:29
4.53942	-50.74271	0	57	2021-09-09T13:43:28
4.54096	-50.74408	0	57	2021-09-09T13:48:29
4.54252	-50.74545	0	57	2021-09-09T13:53:26
4.54416	-50.74692	0	57	2021-09-09T13:58:30
4.54575	-50.74829	0	57	2021-09-09T14:03:31
4.54735	-50.74973	0	57	2021-09-09T14:08:28
4.54895	-50.75116	0	57	2021-09-09T14:13:26
4.55064	-50.75256	0	57	2021-09-09T14:18:29
4.55227	-50.75403	0	57	2021-09-09T14:23:31
4.55381	-50.75540	0	57	2021-09-09T14:28:27
4.55539	-50.75689	0	57	2021-09-09T14:33:33
4.55702	-50.75843	0	57	2021-09-09T14:38:33
4.55835	-50.75989	0	57	2021-09-09T14:43:34
4.55981	-50.76141	0	57	2021-09-09T14:48:36
4.56130	-50.76300	0	57	2021-09-09T14:53:32
4.56268	-50.76465	0	57	2021-09-09T14:58:39
4.56409	-50.76620	0	57	2021-09-09T15:03:41
4.56542	-50.76767	0	57	2021-09-09T15:08:42
4.56678	-50.76917	0	57	2021-09-09T15:13:38
4.56819	-50.77081	0	57	2021-09-09T15:18:41
4.56960	-50.77246	0	57	2021-09-09T15:23:41
4.57106	-50.77416	0	57	2021-09-09T15:28:38
4.57260	-50.77588	0	57	2021-09-09T15:33:39
4.57417	-50.77780	0	57	2021-09-09T15:39:09
4.57583	-50.77911	0	57	2021-09-09T15:43:40
4.57774	-50.78055	0	57	2021-09-09T15:48:42
4.57929	-50.78235	0	57	2021-09-09T15:53:42
4.58091	-50.78412	0	57	2021-09-09T15:58:43
4.58283	-50.78519	0	57	2021-09-09T16:03:44
4.58457	-50.78638	0	57	2021-09-09T16:08:45
4.58650	-50.78760	0	57	2021-09-09T16:13:45
4.58822	-50.78897	0	57	2021-09-09T16:18:46
4.58974	-50.79031	0	57	2021-09-09T16:23:47
4.59149	-50.79160	0	57	2021-09-09T16:28:44
4.59299	-50.79306	0	57	2021-09-09T16:33:45
4.59472	-50.79465	0	57	2021-09-09T16:39:25
4.59594	-50.79596	0	57	2021-09-09T16:43:47
4.59753	-50.79735	0	57	2021-09-09T16:48:52
4.59874	-50.79886	0	57	2021-09-09T16:53:49
4.60023	-50.80026	0	57	2021-09-09T16:58:52
4.60162	-50.80176	0	57	2021-09-09T17:03:50
4.60282	-50.80341	0	57	2021-09-09T17:08:54
4.60419	-50.80489	0	57	2021-09-09T17:13:52
4.60552	-50.80652	0	57	2021-09-09T17:18:53
4.60678	-50.80817	0	57	2021-09-09T17:23:54
4.60801	-50.80995	0	57	2021-09-09T17:28:55
4.60934	-50.81149	0	57	2021-09-09T17:33:56
4.61058	-50.81326	0	57	2021-09-09T17:39:24
4.61272	-50.81650	0	57	2021-09-09T17:49:01
4.61381	-50.81815	0	57	2021-09-09T17:53:59
4.61491	-50.81976	0	57	2021-09-09T17:59:00
4.61590	-50.82156	0	57	2021-09-09T18:04:04
4.61711	-50.82321	0	57	2021-09-09T18:09:00
4.61918	-50.82690	0	57	2021-09-09T18:19:03
4.62015	-50.82871	0	57	2021-09-09T18:24:03
4.62122	-50.83060	0	57	2021-09-09T18:29:02
4.62201	-50.83255	0	57	2021-09-09T18:34:05
4.62323	-50.83452	0	57	2021-09-09T18:39:10
4.62405	-50.83624	0	57	2021-09-09T18:44:10
4.62489	-50.83795	0	57	2021-09-09T18:49:07
4.62604	-50.83972	0	57	2021-09-09T18:54:05
4.62705	-50.84152	0	57	2021-09-09T18:59:02
4.62787	-50.84323	0	57	2021-09-09T19:04:03
4.62913	-50.84515	0	57	2021-09-09T19:09:04
4.63027	-50.84705	0	57	2021-09-09T19:14:04
4.63109	-50.84891	0	57	2021-09-09T19:19:04
4.63224	-50.85077	0	57	2021-09-09T19:24:00
4.63332	-50.85278	0	57	2021-09-09T19:29:03
4.63450	-50.85474	0	57	2021-09-09T19:34:00
4.63545	-50.85690	0	57	2021-09-09T19:39:27
4.63634	-50.85878	0	57	2021-09-09T19:44:02
4.63754	-50.86075	0	57	2021-09-09T19:49:03
4.63837	-50.86270	0	57	2021-09-09T19:54:00
4.63947	-50.86467	0	57	2021-09-09T19:59:05
4.64037	-50.86673	0	57	2021-09-09T20:04:05
4.64103	-50.86862	0	57	2021-09-09T20:09:03
4.64206	-50.87061	0	57	2021-09-09T20:14:06
4.64278	-50.87262	0	57	2021-09-09T20:19:04
4.64372	-50.87451	0	57	2021-09-09T20:24:05
4.64466	-50.87640	0	57	2021-09-09T20:29:05
4.64551	-50.87823	0	57	2021-09-09T20:34:07
4.64663	-50.88025	0	57	2021-09-09T20:39:27
4.64752	-50.88217	0	57	2021-09-09T20:44:08
4.64840	-50.88400	0	57	2021-09-09T20:49:10
4.64928	-50.88583	0	57	2021-09-09T20:54:09
4.65070	-50.88773	0	57	2021-09-09T20:59:07
4.65167	-50.88971	0	57	2021-09-09T21:04:08
4.65231	-50.89143	0	57	2021-09-09T21:09:08
4.65377	-50.89340	0	57	2021-09-09T21:14:07
4.65585	-50.89694	0	57	2021-09-09T21:24:08
4.65727	-50.89883	0	57	2021-09-09T21:29:09
4.65864	-50.90063	0	57	2021-09-09T21:34:09
4.65977	-50.90237	0	57	2021-09-09T21:39:25
4.66113	-50.90402	0	57	2021-09-09T21:44:08
4.66269	-50.90582	0	57	2021-09-09T21:49:08
4.66378	-50.90750	0	57	2021-09-09T21:54:05
4.66511	-50.90924	0	57	2021-09-09T21:59:07
4.66676	-50.91116	0	57	2021-09-09T22:04:10
4.66802	-50.91289	0	57	2021-09-09T22:09:10
4.66905	-50.91461	0	57	2021-09-09T22:14:09
4.67051	-50.91641	0	57	2021-09-09T22:19:10
4.67196	-50.91830	0	57	2021-09-09T22:24:11
4.67322	-50.92001	0	57	2021-09-09T22:29:14
4.67447	-50.92169	0	57	2021-09-09T22:34:12
4.67611	-50.92377	0	57	2021-09-09T22:39:37
4.67731	-50.92529	0	57	2021-09-09T22:44:13
4.67875	-50.92700	0	57	2021-09-09T22:49:12
4.68034	-50.92886	0	57	2021-09-09T22:54:14
4.68173	-50.93054	0	57	2021-09-09T22:59:13
4.68316	-50.93228	0	57	2021-09-09T23:04:13
4.68501	-50.93430	0	57	2021-09-09T23:09:10
4.68651	-50.93593	0	57	2021-09-09T23:14:10
4.68788	-50.93756	0	57	2021-09-09T23:19:09
4.68963	-50.93936	0	57	2021-09-09T23:24:08
4.69144	-50.94125	0	57	2021-09-09T23:29:09
4.69299	-50.94296	0	57	2021-09-09T23:34:39
4.69479	-50.94485	0	57	2021-09-09T23:39:39
4.69654	-50.94659	0	57	2021-09-09T23:44:13
4.69818	-50.94833	0	57	2021-09-09T23:49:16
4.69975	-50.94992	0	57	2021-09-09T23:54:18
4.70171	-50.95187	0	57	2021-09-09T23:59:18
4.70353	-50.95361	0	57	2021-09-10T00:04:17
4.70531	-50.95537	0	57	2021-09-10T00:09:18
4.70750	-50.95657	0	57	2021-09-10T00:14:18
4.70961	-50.95810	0	57	2021-09-10T00:19:22
4.71200	-50.95926	0	57	2021-09-10T00:24:24
4.71410	-50.96085	0	57	2021-09-10T00:29:24
4.71656	-50.96219	0	57	2021-09-10T00:34:24
4.71890	-50.96402	0	57	2021-09-10T00:39:57
4.72107	-50.96515	0	57	2021-09-10T00:44:24
4.72335	-50.96687	0	57	2021-09-10T00:49:31
4.72554	-50.96799	0	57	2021-09-10T00:54:32
4.72784	-50.96964	0	57	2021-09-10T00:59:32
4.73012	-50.97095	0	57	2021-09-10T01:04:35
4.73230	-50.97235	0	57	2021-09-10T01:09:35
4.73502	-50.97363	0	57	2021-09-10T01:14:35
4.73738	-50.97522	0	57	2021-09-10T01:19:37
4.73961	-50.97668	0	57	2021-09-10T01:24:37
4.74241	-50.97812	0	57	2021-09-10T01:29:39
4.74511	-50.97952	0	57	2021-09-10T01:34:39
4.74767	-50.98121	0	57	2021-09-10T01:39:47
4.75033	-50.98250	0	57	2021-09-10T01:44:47
4.75295	-50.98413	0	57	2021-09-10T01:49:46
4.75505	-50.98569	0	57	2021-09-10T01:54:46
4.75772	-50.98734	0	57	2021-09-10T01:59:51
4.76025	-50.98888	0	57	2021-09-10T02:04:51
4.76235	-50.99051	0	57	2021-09-10T02:09:50
4.76485	-50.99213	0	57	2021-09-10T02:14:50
4.76706	-50.99374	0	57	2021-09-10T02:19:51
4.76927	-50.99539	0	57	2021-09-10T02:24:54
4.77181	-50.99713	0	57	2021-09-10T02:29:52
4.77388	-50.99887	0	57	2021-09-10T02:34:50
4.77634	-51.00072	0	57	2021-09-10T02:39:50
4.77823	-51.00226	0	57	2021-09-10T02:44:51
4.78049	-51.00394	0	57	2021-09-10T02:49:52
4.78257	-51.00565	0	57	2021-09-10T02:54:50
4.78495	-51.00750	0	57	2021-09-10T02:59:53
4.78690	-51.00919	0	57	2021-09-10T03:04:51
4.78907	-51.01102	0	57	2021-09-10T03:09:52
4.79117	-51.01279	0	57	2021-09-10T03:14:55
4.79330	-51.01462	0	57	2021-09-10T03:19:53
4.79533	-51.01648	0	57	2021-09-10T03:24:54
4.79747	-51.01837	0	57	2021-09-10T03:29:55
4.79949	-51.02026	0	57	2021-09-10T03:34:59
4.80179	-51.02234	0	57	2021-09-10T03:40:28
4.80343	-51.02405	0	57	2021-09-10T03:45:01
4.80536	-51.02609	0	57	2021-09-10T03:49:59
4.80730	-51.02808	0	57	2021-09-10T03:54:59
4.80922	-51.03000	0	57	2021-09-10T04:00:00
4.81120	-51.03198	0	57	2021-09-10T04:05:02
4.81313	-51.03404	0	57	2021-09-10T04:10:06
4.81493	-51.03593	0	57	2021-09-10T04:15:06
4.81703	-51.03799	0	57	2021-09-10T04:20:06
4.81882	-51.03992	0	57	2021-09-10T04:25:05
4.82072	-51.04181	0	57	2021-09-10T04:30:05
4.82262	-51.04390	0	57	2021-09-10T04:35:37
4.82455	-51.04630	0	57	2021-09-10T04:40:38
4.82621	-51.04816	0	57	2021-09-10T04:45:03
4.82821	-51.05028	0	57	2021-09-10T04:50:04
4.83006	-51.05212	0	57	2021-09-10T04:55:02
4.83191	-51.05423	0	57	2021-09-10T05:00:03
4.83366	-51.05618	0	57	2021-09-10T05:05:02
4.83550	-51.05829	0	57	2021-09-10T05:10:04
4.83725	-51.06036	0	57	2021-09-10T05:15:01
4.83907	-51.06250	0	57	2021-09-10T05:20:02
4.84090	-51.06464	0	57	2021-09-10T05:24:59
4.84249	-51.06679	0	57	2021-09-10T05:30:26
4.84438	-51.06882	0	57	2021-09-10T05:35:01
4.84623	-51.07108	0	57	2021-09-10T05:40:25
4.84780	-51.07303	0	57	2021-09-10T05:45:00
4.84934	-51.07523	0	57	2021-09-10T05:49:59
4.85104	-51.07758	0	57	2021-09-10T05:55:03
4.85271	-51.07974	0	57	2021-09-10T06:00:02
4.85435	-51.08203	0	57	2021-09-10T06:05:01
4.85599	-51.08426	0	57	2021-09-10T06:10:03
4.85760	-51.08655	0	57	2021-09-10T06:15:00
4.85915	-51.08878	0	57	2021-09-10T06:20:02
4.86076	-51.09121	0	57	2021-09-10T06:25:02
4.86235	-51.09344	0	57	2021-09-10T06:30:03
4.86397	-51.09570	0	57	2021-09-10T06:35:02
4.86563	-51.09824	0	57	2021-09-10T06:40:24
4.86717	-51.10031	0	57	2021-09-10T06:45:02
4.86864	-51.10257	0	57	2021-09-10T06:50:05
4.87027	-51.10498	0	57	2021-09-10T06:55:03
4.87173	-51.10736	0	57	2021-09-10T07:00:05
4.87329	-51.10977	0	57	2021-09-10T07:05:02
4.87475	-51.11212	0	57	2021-09-10T07:10:05
4.87632	-51.11444	0	57	2021-09-10T07:15:03
4.87789	-51.11685	0	57	2021-09-10T07:20:04
4.87946	-51.11921	0	57	2021-09-10T07:25:03
4.88100	-51.12170	0	57	2021-09-10T07:30:02
4.88247	-51.12411	0	57	2021-09-10T07:35:01
4.88566	-51.12896	0	57	2021-09-10T07:45:05
4.88716	-51.13141	0	57	2021-09-10T07:50:04
4.88875	-51.13385	0	57	2021-09-10T07:55:06
4.89027	-51.13632	0	57	2021-09-10T08:00:07
4.89180	-51.13884	0	57	2021-09-10T08:05:08
4.89334	-51.14133	0	57	2021-09-10T08:10:08
4.89500	-51.14377	0	57	2021-09-10T08:15:10
4.89663	-51.14635	0	57	2021-09-10T08:20:10
4.89822	-51.14875	0	57	2021-09-10T08:25:11
4.89981	-51.15115	0	57	2021-09-10T08:30:11
4.90149	-51.15359	0	57	2021-09-10T08:35:09
4.90329	-51.15625	0	57	2021-09-10T08:40:25
4.90492	-51.15863	0	57	2021-09-10T08:45:10
4.90662	-51.16116	0	57	2021-09-10T08:50:11
4.90839	-51.16371	0	57	2021-09-10T08:55:12
4.91015	-51.16611	0	57	2021-09-10T09:00:12
4.91203	-51.16864	0	57	2021-09-10T09:05:10
4.91388	-51.17111	0	57	2021-09-10T09:10:08
4.91576	-51.17355	0	57	2021-09-10T09:15:12
4.91778	-51.17612	0	57	2021-09-10T09:20:13
4.91963	-51.17862	0	57	2021-09-10T09:25:12
4.92164	-51.18104	0	57	2021-09-10T09:30:38
4.92354	-51.18344	0	57	2021-09-10T09:35:12
4.92572	-51.18610	0	57	2021-09-10T09:40:39
4.92752	-51.18835	0	57	2021-09-10T09:45:17
4.92954	-51.19077	0	57	2021-09-10T09:50:15
4.93153	-51.19321	0	57	2021-09-10T09:55:19
4.93365	-51.19565	0	57	2021-09-10T10:00:20
4.93575	-51.19797	0	57	2021-09-10T10:05:20
4.93787	-51.20038	0	57	2021-09-10T10:10:21
4.94000	-51.20285	0	57	2021-09-10T10:15:22
4.94210	-51.20517	0	57	2021-09-10T10:20:22
4.94428	-51.20761	0	57	2021-09-10T10:25:20
4.94640	-51.21005	0	57	2021-09-10T10:30:23
4.94863	-51.21252	0	57	2021-09-10T10:35:56
4.95112	-51.21518	0	57	2021-09-10T10:40:57
4.95319	-51.21744	0	57	2021-09-10T10:45:26
4.95547	-51.21979	0	57	2021-09-10T10:50:24
4.95786	-51.22217	0	57	2021-09-10T10:55:22
4.96023	-51.22458	0	57	2021-09-10T11:00:25
4.96254	-51.22705	0	57	2021-09-10T11:05:23
4.96490	-51.22960	0	57	2021-09-10T11:10:26
4.96735	-51.23192	0	57	2021-09-10T11:15:25
4.96984	-51.23441	0	57	2021-09-10T11:20:25
4.97227	-51.23679	0	57	2021-09-10T11:25:23
4.97479	-51.23917	0	57	2021-09-10T11:30:24
4.97731	-51.24152	0	57	2021-09-10T11:35:24
4.97997	-51.24408	0	57	2021-09-10T11:40:56
4.98233	-51.24631	0	57	2021-09-10T11:45:23
4.98478	-51.24866	0	57	2021-09-10T11:50:26
4.98733	-51.25107	0	57	2021-09-10T11:55:23
4.98993	-51.25354	0	57	2021-09-10T12:00:23
4.99250	-51.25592	0	57	2021-09-10T12:05:19
4.99518	-51.25839	0	57	2021-09-10T12:10:19
4.99782	-51.26080	0	57	2021-09-10T12:15:19
5.00050	-51.26324	0	57	2021-09-10T12:20:20
5.00319	-51.26578	0	57	2021-09-10T12:25:17
5.00585	-51.26825	0	57	2021-09-10T12:30:19
5.00859	-51.27075	0	57	2021-09-10T12:35:18
5.01161	-51.27357	0	57	2021-09-10T12:40:16
5.01401	-51.27580	0	57	2021-09-10T12:45:17
5.01667	-51.27829	0	57	2021-09-10T12:50:17
5.01933	-51.28085	0	57	2021-09-10T12:55:15
5.02207	-51.28342	0	57	2021-09-10T13:00:16
5.02483	-51.28597	0	57	2021-09-10T13:05:16
5.02758	-51.28854	0	57	2021-09-10T13:10:17
5.03029	-51.29117	0	57	2021-09-10T13:15:14
5.03302	-51.29376	0	57	2021-09-10T13:20:16
5.03585	-51.29635	0	57	2021-09-10T13:25:17
5.03873	-51.29901	0	57	2021-09-10T13:30:17
5.04157	-51.30167	0	57	2021-09-10T13:35:17
5.04473	-51.30466	0	57	2021-09-10T13:40:56
5.04726	-51.30709	0	57	2021-09-10T13:45:22
5.05005	-51.30966	0	57	2021-09-10T13:50:21
5.05293	-51.31232	0	57	2021-09-10T13:55:24
5.05573	-51.31500	0	57	2021-09-10T14:00:22
5.05857	-51.31783	0	57	2021-09-10T14:05:23
5.06136	-51.32049	0	57	2021-09-10T14:10:24
5.06411	-51.32315	0	57	2021-09-10T14:15:24
5.06684	-51.32587	0	57	2021-09-10T14:20:21
5.06958	-51.32858	0	57	2021-09-10T14:25:23
5.07230	-51.33121	0	57	2021-09-10T14:30:22
5.07507	-51.33392	0	57	2021-09-10T14:35:23
5.08051	-51.33923	0	57	2021-09-10T14:45:22
5.08324	-51.34192	0	57	2021-09-10T14:50:19
5.08595	-51.34460	0	57	2021-09-10T14:55:20
5.08862	-51.34732	0	57	2021-09-10T15:00:17
5.09131	-51.35019	0	57	2021-09-10T15:05:18
5.09397	-51.35294	0	57	2021-09-10T15:10:19
5.09663	-51.35577	0	57	2021-09-10T15:15:20
5.09924	-51.35864	0	57	2021-09-10T15:20:19
5.10188	-51.36142	0	57	2021-09-10T15:25:17
5.10451	-51.36432	0	57	2021-09-10T15:30:22
5.10714	-51.36726	0	57	2021-09-10T15:35:25
5.11006	-51.37035	0	57	2021-09-10T15:40:24
5.11238	-51.37292	0	57	2021-09-10T15:45:25
5.11502	-51.37582	0	57	2021-09-10T15:50:25
5.11765	-51.37877	0	57	2021-09-10T15:55:31
5.12034	-51.38168	0	57	2021-09-10T16:00:30
5.12288	-51.38461	0	57	2021-09-10T16:05:32
5.12541	-51.38757	0	57	2021-09-10T16:10:32
5.12793	-51.39063	0	57	2021-09-10T16:15:30
5.13051	-51.39365	0	57	2021-09-10T16:20:34
5.13306	-51.39667	0	57	2021-09-10T16:25:32
5.13559	-51.39960	0	57	2021-09-10T16:30:35
5.13812	-51.40268	0	57	2021-09-10T16:35:56
5.14074	-51.40594	0	57	2021-09-10T16:40:57
5.14304	-51.40891	0	57	2021-09-10T16:45:35
5.14550	-51.41205	0	57	2021-09-10T16:50:36
5.14799	-51.41528	0	57	2021-09-10T16:55:33
5.15039	-51.41837	0	57	2021-09-10T17:00:33
5.15282	-51.42163	0	57	2021-09-10T17:05:34
5.15526	-51.42484	0	57	2021-09-10T17:10:32
5.15773	-51.42811	0	57	2021-09-10T17:15:36
5.16013	-51.43137	0	57	2021-09-10T17:20:36
5.16250	-51.43469	0	57	2021-09-10T17:25:37
5.16492	-51.43808	0	57	2021-09-10T17:30:35
5.16733	-51.44136	0	57	2021-09-10T17:35:58
5.16986	-51.44479	0	57	2021-09-10T17:40:58
5.17205	-51.44781	0	57	2021-09-10T17:45:38
5.17443	-51.45117	0	57	2021-09-10T17:50:38
5.17690	-51.45457	0	57	2021-09-10T17:55:39
5.17924	-51.45789	0	57	2021-09-10T18:00:40
5.18158	-51.46118	0	57	2021-09-10T18:05:38
5.18397	-51.46458	0	57	2021-09-10T18:10:41
5.18633	-51.46793	0	57	2021-09-10T18:15:41
5.18872	-51.47131	0	57	2021-09-10T18:20:43
5.19110	-51.47467	0	57	2021-09-10T18:25:41
5.19351	-51.47802	0	57	2021-09-10T18:30:44
5.19587	-51.48145	0	57	2021-09-10T18:35:43
5.19876	-51.48486	0	57	2021-09-10T18:40:47
5.20102	-51.48788	0	57	2021-09-10T18:45:46
5.20343	-51.49121	0	57	2021-09-10T18:50:47
5.20600	-51.49442	0	57	2021-09-10T18:55:46
5.20827	-51.49786	0	57	2021-09-10T19:00:47
5.21088	-51.50123	0	57	2021-09-10T19:05:46
5.21322	-51.50452	0	57	2021-09-10T19:10:48
5.21577	-51.50784	0	57	2021-09-10T19:15:45
5.21819	-51.51126	0	57	2021-09-10T19:20:47
5.22072	-51.51475	0	57	2021-09-10T19:25:47
5.22329	-51.51810	0	57	2021-09-10T19:30:48
5.22565	-51.52158	0	57	2021-09-10T19:35:47
5.22860	-51.52542	0	57	2021-09-10T19:41:24
5.23074	-51.52859	0	57	2021-09-10T19:45:49
5.23340	-51.53192	0	57	2021-09-10T19:50:50
5.23593	-51.53537	0	57	2021-09-10T19:55:48
5.23867	-51.53879	0	57	2021-09-10T20:00:54
5.24126	-51.54237	0	57	2021-09-10T20:05:54
5.24409	-51.54572	0	57	2021-09-10T20:10:54
5.24672	-51.54926	0	57	2021-09-10T20:15:52
5.24958	-51.55279	0	57	2021-09-10T20:20:56
5.25228	-51.55631	0	57	2021-09-10T20:25:56
5.25507	-51.55966	0	57	2021-09-10T20:30:55
5.25772	-51.56317	0	57	2021-09-10T20:35:58
5.26083	-51.56711	0	57	2021-09-10T20:41:26
5.26347	-51.57022	0	57	2021-09-10T20:45:54
5.26612	-51.57382	0	57	2021-09-10T20:50:57
5.26899	-51.57734	0	57	2021-09-10T20:55:55
5.27195	-51.58077	0	57	2021-09-10T21:00:55
5.27470	-51.58420	0	57	2021-09-10T21:05:55
5.27775	-51.58768	0	57	2021-09-10T21:10:56
5.28067	-51.59108	0	57	2021-09-10T21:15:57
5.28359	-51.59451	0	57	2021-09-10T21:20:56
5.28666	-51.59796	0	57	2021-09-10T21:25:55
5.28960	-51.60141	0	57	2021-09-10T21:30:57
5.29255	-51.60477	0	57	2021-09-10T21:35:54
5.29600	-51.60840	0	57	2021-09-10T21:41:26
5.29893	-51.61139	0	57	2021-09-10T21:45:56
5.30185	-51.61481	0	57	2021-09-10T21:50:55
5.30506	-51.61830	0	57	2021-09-10T21:55:49
5.30832	-51.62165	0	57	2021-09-10T22:00:50
5.31150	-51.62491	0	57	2021-09-10T22:05:50
5.31473	-51.62827	0	57	2021-09-10T22:10:53
5.31799	-51.63165	0	57	2021-09-10T22:15:53
5.32134	-51.63483	0	57	2021-09-10T22:20:53
5.32504	-51.63788	0	57	2021-09-10T22:25:54
5.32861	-51.64105	0	57	2021-09-10T22:30:55
5.33206	-51.64417	0	57	2021-09-10T22:35:55
5.33599	-51.64755	0	57	2021-09-10T22:41:24
5.33929	-51.65033	0	57	2021-09-10T22:45:57
5.34316	-51.65323	0	57	2021-09-10T22:50:56
5.34688	-51.65625	0	57	2021-09-10T22:55:59
5.35049	-51.65943	0	57	2021-09-10T23:01:01
5.35427	-51.66235	0	57	2021-09-10T23:06:01
5.35802	-51.66541	0	57	2021-09-10T23:11:03
5.36190	-51.66828	0	57	2021-09-10T23:16:00
5.36563	-51.67120	0	57	2021-09-10T23:21:00
5.36958	-51.67404	0	57	2021-09-10T23:26:02
5.37346	-51.67697	0	57	2021-09-10T23:31:05
5.38530	-51.68570	0	57	2021-09-10T23:46:05
5.38925	-51.68853	0	57	2021-09-10T23:51:05
5.39324	-51.69128	0	57	2021-09-10T23:56:06
5.39722	-51.69409	0	57	2021-09-11T00:01:11
5.40124	-51.69699	0	57	2021-09-11T00:06:09
5.40532	-51.69981	0	57	2021-09-11T00:11:12
5.40940	-51.70264	0	57	2021-09-11T00:16:12
5.41339	-51.70535	0	57	2021-09-11T00:21:11
5.41767	-51.70838	0	57	2021-09-11T00:26:18
5.42166	-51.71121	0	57	2021-09-11T00:31:17
5.42581	-51.71396	0	57	2021-09-11T00:36:17
5.43030	-51.71738	0	57	2021-09-11T00:41:56
5.43396	-51.71976	0	57	2021-09-11T00:46:17
5.43796	-51.72266	0	57	2021-09-11T00:51:18
5.44215	-51.72543	0	57	2021-09-11T00:56:16
5.44629	-51.72830	0	57	2021-09-11T01:01:17
5.45056	-51.73120	0	57	2021-09-11T01:06:18
5.45485	-51.73395	0	57	2021-09-11T01:11:18
5.45908	-51.73682	0	57	2021-09-11T01:16:19
5.46314	-51.73972	0	57	2021-09-11T01:21:17
5.46741	-51.74265	0	57	2021-09-11T01:26:15
5.47162	-51.74548	0	57	2021-09-11T01:31:15
5.47579	-51.74838	0	57	2021-09-11T01:36:14
5.48033	-51.75156	0	57	2021-09-11T01:41:39
5.48432	-51.75412	0	57	2021-09-11T01:46:13
5.48859	-51.75693	0	57	2021-09-11T01:51:14
5.49273	-51.75970	0	57	2021-09-11T01:56:12
5.49705	-51.76242	0	57	2021-09-11T02:01:15
5.50126	-51.76528	0	57	2021-09-11T02:06:16
5.50542	-51.76794	0	57	2021-09-11T02:11:15
5.50971	-51.77051	0	57	2021-09-11T02:16:15
5.51386	-51.77335	0	57	2021-09-11T02:21:18
5.51827	-51.77611	0	57	2021-09-11T02:26:19
5.52243	-51.77886	0	57	2021-09-11T02:31:18
5.52655	-51.78143	0	57	2021-09-11T02:36:18
5.53081	-51.78428	0	57	2021-09-11T02:41:20
5.53459	-51.78677	0	57	2021-09-11T02:46:20
5.53856	-51.78958	0	57	2021-09-11T02:51:17
5.54262	-51.79233	0	57	2021-09-11T02:56:18
5.54668	-51.79507	0	57	2021-09-11T03:01:19
5.55071	-51.79788	0	57	2021-09-11T03:06:19
5.55488	-51.80068	0	57	2021-09-11T03:11:17
5.55900	-51.80351	0	57	2021-09-11T03:16:17
5.56299	-51.80634	0	57	2021-09-11T03:21:18
5.56704	-51.80917	0	57	2021-09-11T03:26:19
5.57099	-51.81207	0	57	2021-09-11T03:31:19
5.57503	-51.81494	0	57	2021-09-11T03:36:21
5.57967	-51.81821	0	57	2021-09-11T03:41:56
5.58328	-51.82080	0	57	2021-09-11T03:46:22
5.58729	-51.82370	0	57	2021-09-11T03:51:22
5.59134	-51.82662	0	57	2021-09-11T03:56:25
5.59526	-51.82956	0	57	2021-09-11T04:01:26
5.59911	-51.83246	0	57	2021-09-11T04:06:26
5.60303	-51.83536	0	57	2021-09-11T04:11:27
5.60695	-51.83833	0	57	2021-09-11T04:16:28
5.61086	-51.84116	0	57	2021-09-11T04:21:28
5.61472	-51.84399	0	57	2021-09-11T04:26:29
5.61853	-51.84689	0	57	2021-09-11T04:31:27
5.62237	-51.84982	0	57	2021-09-11T04:36:31
5.62657	-51.85297	0	57	2021-09-11T04:41:59
5.63010	-51.85571	0	57	2021-09-11T04:46:37
5.63392	-51.85867	0	57	2021-09-11T04:51:41
5.63768	-51.86163	0	57	2021-09-11T04:56:41
5.64146	-51.86455	0	57	2021-09-11T05:01:40
5.64506	-51.86755	0	57	2021-09-11T05:06:40
5.64871	-51.87054	0	57	2021-09-11T05:11:41
5.65606	-51.87655	0	57	2021-09-11T05:21:49
5.65962	-51.87947	0	57	2021-09-11T05:26:48
5.66322	-51.88239	0	57	2021-09-11T05:31:48
5.66669	-51.88535	0	57	2021-09-11T05:36:48
5.67055	-51.88870	0	57	2021-09-11T05:41:49
5.67360	-51.89136	0	57	2021-09-11T05:46:48
5.67710	-51.89438	0	57	2021-09-11T05:51:48
5.68058	-51.89751	0	57	2021-09-11T05:56:52
5.68398	-51.90036	0	57	2021-09-11T06:01:49
5.68745	-51.90335	0	57	2021-09-11T06:06:51
5.69080	-51.90622	0	57	2021-09-11T06:11:52
5.69413	-51.90912	0	57	2021-09-11T06:16:49
5.69741	-51.91208	0	57	2021-09-11T06:21:48
5.70080	-51.91507	0	57	2021-09-11T06:26:49
5.70417	-51.91806	0	57	2021-09-11T06:32:24
5.70747	-51.92098	0	57	2021-09-11T06:37:23
5.71116	-51.92441	0	57	2021-09-11T06:42:23
5.71415	-51.92701	0	57	2021-09-11T06:46:53
5.71737	-51.93001	0	57	2021-09-11T06:51:54
5.72059	-51.93301	0	57	2021-09-11T06:56:54
5.72388	-51.93604	0	57	2021-09-11T07:01:56
5.72710	-51.93912	0	57	2021-09-11T07:06:57
5.73037	-51.94214	0	57	2021-09-11T07:11:54
5.73372	-51.94519	0	57	2021-09-11T07:16:57
5.73699	-51.94824	0	57	2021-09-11T07:21:55
5.74025	-51.95132	0	57	2021-09-11T07:27:00
5.74360	-51.95432	0	57	2021-09-11T07:32:00
5.74678	-51.95740	0	57	2021-09-11T07:36:55
5.75043	-51.96066	0	57	2021-09-11T07:42:25
5.75352	-51.96349	0	57	2021-09-11T07:47:00
5.75678	-51.96658	0	57	2021-09-11T07:52:01
5.76008	-51.96967	0	57	2021-09-11T07:57:01
5.76338	-51.97278	0	57	2021-09-11T08:02:02
5.76672	-51.97586	0	57	2021-09-11T08:07:02
5.77005	-51.97894	0	57	2021-09-11T08:12:04
5.77340	-51.98206	0	57	2021-09-11T08:17:01
5.77668	-51.98511	0	57	2021-09-11T08:22:02
5.78334	-51.99109	0	57	2021-09-11T08:32:23
5.78664	-51.99401	0	57	2021-09-11T08:37:24
5.79016	-51.99710	0	57	2021-09-11T08:42:24
5.79316	-51.99991	0	57	2021-09-11T08:47:05
5.79637	-52.00308	0	57	2021-09-11T08:52:07
5.79956	-52.00623	0	57	2021-09-11T08:57:05
5.80276	-52.00946	0	57	2021-09-11T09:02:05
5.80600	-52.01248	0	57	2021-09-11T09:07:06
5.80930	-52.01544	0	57	2021-09-11T09:12:06
5.81262	-52.01828	0	57	2021-09-11T09:17:08
5.81599	-52.02115	0	57	2021-09-11T09:22:09
5.81940	-52.02393	0	57	2021-09-11T09:27:09
5.82279	-52.02673	0	57	2021-09-11T09:32:10
5.82613	-52.02954	0	57	2021-09-11T09:37:11
5.82963	-52.03266	0	57	2021-09-11T09:42:11
5.83281	-52.03549	0	57	2021-09-11T09:47:11
5.83621	-52.03836	0	57	2021-09-11T09:52:10
5.83975	-52.04123	0	57	2021-09-11T09:57:15
5.84327	-52.04389	0	57	2021-09-11T10:02:15
5.84683	-52.04672	0	57	2021-09-11T10:07:16
5.85047	-52.04971	0	57	2021-09-11T10:12:19
5.85421	-52.05247	0	57	2021-09-11T10:17:18
5.85794	-52.05530	0	57	2021-09-11T10:22:18
5.86177	-52.05817	0	57	2021-09-11T10:27:22
5.86559	-52.06091	0	57	2021-09-11T10:32:23
5.86949	-52.06382	0	57	2021-09-11T10:37:20
5.87387	-52.06674	0	57	2021-09-11T10:42:19
5.87735	-52.06906	0	57	2021-09-11T10:47:19
5.88129	-52.07162	0	57	2021-09-11T10:52:17
5.88525	-52.07422	0	57	2021-09-11T10:57:19
5.88919	-52.07684	0	57	2021-09-11T11:02:18
5.89320	-52.07953	0	57	2021-09-11T11:07:19
5.90129	-52.08470	0	57	2021-09-11T11:17:21
5.90528	-52.08727	0	57	2021-09-11T11:22:21
5.90927	-52.08984	0	57	2021-09-11T11:27:22
5.91332	-52.09241	0	57	2021-09-11T11:32:20
5.91739	-52.09500	0	57	2021-09-11T11:37:23
5.92188	-52.09790	0	57	2021-09-11T11:42:55
5.92553	-52.10016	0	57	2021-09-11T11:47:25
5.92967	-52.10269	0	57	2021-09-11T11:52:26
5.93381	-52.10519	0	57	2021-09-11T11:57:26
5.93805	-52.10770	0	57	2021-09-11T12:02:31
5.94226	-52.11019	0	57	2021-09-11T12:07:29
5.94642	-52.11259	0	57	2021-09-11T12:12:29
5.95058	-52.11508	0	57	2021-09-11T12:17:29
5.95477	-52.11755	0	57	2021-09-11T12:22:28
5.95892	-52.12003	0	57	2021-09-11T12:27:27
5.96314	-52.12245	0	57	2021-09-11T12:32:25
5.96730	-52.12485	0	57	2021-09-11T12:37:26
5.97197	-52.12753	0	57	2021-09-11T12:42:57
5.97993	-52.13196	0	57	2021-09-11T12:52:22
5.98406	-52.13428	0	57	2021-09-11T12:57:25
5.98821	-52.13660	0	57	2021-09-11T13:02:23
5.99239	-52.13892	0	57	2021-09-11T13:07:21
5.99661	-52.14124	0	57	2021-09-11T13:12:23
6.00083	-52.14352	0	57	2021-09-11T13:17:21
6.00506	-52.14584	0	57	2021-09-11T13:22:22
6.00930	-52.14831	0	57	2021-09-11T13:27:23
6.01351	-52.15054	0	57	2021-09-11T13:32:23
6.01780	-52.15277	0	57	2021-09-11T13:37:22
6.02255	-52.15527	0	57	2021-09-11T13:42:57
6.02626	-52.15723	0	57	2021-09-11T13:47:19
6.03057	-52.15948	0	57	2021-09-11T13:52:20
6.03481	-52.16171	0	57	2021-09-11T13:57:17
6.03911	-52.16400	0	57	2021-09-11T14:02:18
6.04341	-52.16626	0	57	2021-09-11T14:07:19
6.04768	-52.16852	0	57	2021-09-11T14:12:16
6.05206	-52.17081	0	57	2021-09-11T14:17:17
6.05639	-52.17310	0	57	2021-09-11T14:22:20
6.06073	-52.17542	0	57	2021-09-11T14:27:18
6.06510	-52.17773	0	57	2021-09-11T14:32:20
6.06944	-52.17996	0	57	2021-09-11T14:37:20
6.07430	-52.18240	0	57	2021-09-11T14:42:55
6.07818	-52.18439	0	57	2021-09-11T14:47:22
6.08254	-52.18661	0	57	2021-09-11T14:52:22
6.08692	-52.18884	0	57	2021-09-11T14:57:26
6.09128	-52.19107	0	57	2021-09-11T15:02:24
6.09566	-52.19328	0	57	2021-09-11T15:07:25
6.10004	-52.19543	0	57	2021-09-11T15:12:26
6.10444	-52.19766	0	57	2021-09-11T15:17:27
6.10881	-52.19980	0	57	2021-09-11T15:22:23
6.11314	-52.20203	0	57	2021-09-11T15:27:24
6.11746	-52.20428	0	57	2021-09-11T15:32:26
6.12181	-52.20651	0	57	2021-09-11T15:37:29
6.12651	-52.20898	0	57	2021-09-11T15:42:57
6.13035	-52.21097	0	57	2021-09-11T15:47:28
6.13458	-52.21320	0	57	2021-09-11T15:52:29
6.13880	-52.21539	0	57	2021-09-11T15:57:29
6.14324	-52.21753	0	57	2021-09-11T16:02:34
6.14746	-52.21970	0	57	2021-09-11T16:07:34
6.15164	-52.22189	0	57	2021-09-11T16:12:33
6.15580	-52.22417	0	57	2021-09-11T16:17:37
6.15996	-52.22635	0	57	2021-09-11T16:22:38
6.16408	-52.22855	0	57	2021-09-11T16:27:36
6.16820	-52.23080	0	57	2021-09-11T16:32:36
6.17230	-52.23303	0	57	2021-09-11T16:37:56
6.17672	-52.23535	0	57	2021-09-11T16:42:57
6.18041	-52.23730	0	57	2021-09-11T16:47:31
6.18440	-52.23953	0	57	2021-09-11T16:52:31
6.18844	-52.24182	0	57	2021-09-11T16:57:32
6.19246	-52.24423	0	57	2021-09-11T17:02:40
6.19643	-52.24640	0	57	2021-09-11T17:07:37
6.20048	-52.24869	0	57	2021-09-11T17:12:39
6.20442	-52.25101	0	57	2021-09-11T17:17:43
6.20840	-52.25330	0	57	2021-09-11T17:22:44
6.21233	-52.25555	0	57	2021-09-11T17:27:45
6.21628	-52.25775	0	57	2021-09-11T17:32:46
6.22042	-52.26021	0	57	2021-09-11T17:37:49
6.22467	-52.26261	0	57	2021-09-11T17:42:48
6.22806	-52.26450	0	57	2021-09-11T17:47:49
6.23194	-52.26669	0	57	2021-09-11T17:52:50
6.23958	-52.27109	0	57	2021-09-11T18:02:47
6.24333	-52.27332	0	57	2021-09-11T18:07:45
6.24710	-52.27548	0	57	2021-09-11T18:12:44
6.25089	-52.27765	0	57	2021-09-11T18:17:43
6.25466	-52.27988	0	57	2021-09-11T18:22:44
6.25843	-52.28209	0	57	2021-09-11T18:27:41
6.26216	-52.28424	0	57	2021-09-11T18:32:41
6.26589	-52.28647	0	57	2021-09-11T18:37:42
6.27000	-52.28885	0	57	2021-09-11T18:43:09
6.27337	-52.29080	0	57	2021-09-11T18:47:43
6.27706	-52.29295	0	57	2021-09-11T18:52:41
6.28075	-52.29510	0	57	2021-09-11T18:57:41
6.28442	-52.29715	0	57	2021-09-11T19:02:39
6.28816	-52.29935	0	57	2021-09-11T19:07:43
6.29185	-52.30141	0	57	2021-09-11T19:12:43
6.29550	-52.30347	0	57	2021-09-11T19:17:42
6.29916	-52.30554	0	57	2021-09-11T19:22:41
6.30283	-52.30762	0	57	2021-09-11T19:27:43
6.30649	-52.30971	0	57	2021-09-11T19:32:40
6.31014	-52.31177	0	57	2021-09-11T19:37:40
6.31417	-52.31409	0	57	2021-09-11T19:43:08
6.31749	-52.31592	0	57	2021-09-11T19:47:41
6.32117	-52.31798	0	57	2021-09-11T19:52:46
6.32482	-52.32004	0	57	2021-09-11T19:57:45
6.32837	-52.32193	0	57	2021-09-11T20:02:45
6.33201	-52.32388	0	57	2021-09-11T20:07:45
6.33565	-52.32588	0	57	2021-09-11T20:12:46
6.33930	-52.32785	0	57	2021-09-11T20:17:46
6.34297	-52.32983	0	57	2021-09-11T20:22:48
6.34660	-52.33182	0	57	2021-09-11T20:27:49
6.35027	-52.33374	0	57	2021-09-11T20:32:50
6.35390	-52.33569	0	57	2021-09-11T20:37:49
6.35804	-52.33783	0	57	2021-09-11T20:43:23
6.36126	-52.33954	0	57	2021-09-11T20:47:49
6.36492	-52.34149	0	57	2021-09-11T20:52:53
6.36857	-52.34338	0	57	2021-09-11T20:57:53
6.37226	-52.34518	0	57	2021-09-11T21:02:52
6.37593	-52.34692	0	57	2021-09-11T21:07:52
6.37958	-52.34872	0	57	2021-09-11T21:12:53
6.38325	-52.35048	0	57	2021-09-11T21:17:54
6.38694	-52.35211	0	57	2021-09-11T21:22:55
6.39058	-52.35382	0	57	2021-09-11T21:27:51
6.39423	-52.35553	0	57	2021-09-11T21:32:56
6.39789	-52.35726	0	57	2021-09-11T21:38:00
6.40192	-52.35906	0	57	2021-09-11T21:42:59
6.40527	-52.36060	0	57	2021-09-11T21:47:59
6.40895	-52.36237	0	57	2021-09-11T21:52:59
6.41264	-52.36395	0	57	2021-09-11T21:58:01
6.41630	-52.36556	0	57	2021-09-11T22:03:02
6.41999	-52.36710	0	57	2021-09-11T22:08:02
6.42361	-52.36868	0	57	2021-09-11T22:12:59
6.42724	-52.37021	0	57	2021-09-11T22:18:03
6.43091	-52.37167	0	57	2021-09-11T22:23:01
6.43461	-52.37317	0	57	2021-09-11T22:28:03
6.43833	-52.37460	0	57	2021-09-11T22:33:03
6.44209	-52.37612	0	57	2021-09-11T22:38:04
6.44612	-52.37766	0	57	2021-09-11T22:43:04
6.44955	-52.37903	0	57	2021-09-11T22:48:05
6.45330	-52.38043	0	57	2021-09-11T22:53:03
6.45699	-52.38184	0	57	2021-09-11T22:58:03
6.46071	-52.38321	0	57	2021-09-11T23:03:04
6.46445	-52.38455	0	57	2021-09-11T23:08:05
6.46818	-52.38589	0	57	2021-09-11T23:13:05
6.47191	-52.38718	0	57	2021-09-11T23:18:05
6.47567	-52.38857	0	57	2021-09-11T23:23:04
6.47945	-52.38977	0	57	2021-09-11T23:28:04
6.48323	-52.39096	0	57	2021-09-11T23:33:06
6.48700	-52.39221	0	57	2021-09-11T23:38:05
6.49845	-52.39601	0	57	2021-09-11T23:53:09
6.50232	-52.39722	0	57	2021-09-11T23:58:08
6.50622	-52.39850	0	57	2021-09-12T00:03:09
6.51005	-52.39972	0	57	2021-09-12T00:08:04
6.51393	-52.40095	0	57	2021-09-12T00:13:03
6.51779	-52.40207	0	57	2021-09-12T00:18:02
6.52167	-52.40323	0	57	2021-09-12T00:23:03
6.52548	-52.40442	0	57	2021-09-12T00:28:04
6.52929	-52.40555	0	57	2021-09-12T00:33:04
6.53311	-52.40683	0	57	2021-09-12T00:38:07
6.53719	-52.40808	0	57	2021-09-12T00:43:26
6.54078	-52.40918	0	57	2021-09-12T00:48:09
6.54468	-52.41041	0	57	2021-09-12T00:53:07
6.54863	-52.41153	0	57	2021-09-12T00:58:07
6.55249	-52.41269	0	57	2021-09-12T01:03:05
6.55632	-52.41391	0	57	2021-09-12T01:08:06
6.56013	-52.41512	0	57	2021-09-12T01:13:07
6.56399	-52.41632	0	57	2021-09-12T01:18:07
6.56785	-52.41754	0	57	2021-09-12T01:23:08
6.57559	-52.41979	0	57	2021-09-12T01:33:26
6.57941	-52.42091	0	57	2021-09-12T01:38:26
6.58349	-52.42203	0	57	2021-09-12T01:43:26
6.58699	-52.42310	0	57	2021-09-12T01:48:06
6.59076	-52.42407	0	57	2021-09-12T01:53:05
6.59441	-52.42520	0	57	2021-09-12T01:58:03
6.59817	-52.42627	0	57	2021-09-12T02:03:04
6.60198	-52.42734	0	57	2021-09-12T02:08:07
6.60575	-52.42838	0	57	2021-09-12T02:13:06
6.60955	-52.42938	0	57	2021-09-12T02:18:09
6.61331	-52.43039	0	57	2021-09-12T02:23:08
6.61711	-52.43134	0	57	2021-09-12T02:28:11
6.62083	-52.43228	0	57	2021-09-12T02:33:13
6.62451	-52.43323	0	57	2021-09-12T02:38:13
6.62848	-52.43417	0	57	2021-09-12T02:43:37
6.63192	-52.43497	0	57	2021-09-12T02:48:19
6.63562	-52.43582	0	57	2021-09-12T02:53:19
6.63933	-52.43671	0	57	2021-09-12T02:58:18
6.64296	-52.43753	0	57	2021-09-12T03:03:22
6.64659	-52.43839	0	57	2021-09-12T03:08:24
6.65025	-52.43926	0	57	2021-09-12T03:13:26
6.65385	-52.44003	0	57	2021-09-12T03:18:25
6.65756	-52.44085	0	57	2021-09-12T03:23:24
6.66121	-52.44171	0	57	2021-09-12T03:28:23
6.66490	-52.44254	0	57	2021-09-12T03:33:28
6.66856	-52.44347	0	57	2021-09-12T03:38:29
6.67248	-52.44434	0	57	2021-09-12T03:43:56
6.67581	-52.44510	0	57	2021-09-12T03:48:30
6.67952	-52.44595	0	57	2021-09-12T03:53:27
6.68320	-52.44678	0	57	2021-09-12T03:58:30
6.68693	-52.44769	0	57	2021-09-12T04:03:32
6.69066	-52.44846	0	57	2021-09-12T04:08:32
6.69440	-52.44925	0	57	2021-09-12T04:13:35
6.69806	-52.44998	0	57	2021-09-12T04:18:31
6.70171	-52.45080	0	57	2021-09-12T04:23:34
6.70540	-52.45157	0	57	2021-09-12T04:28:33
6.70901	-52.45236	0	57	2021-09-12T04:33:32
6.71256	-52.45309	0	57	2021-09-12T04:38:34
6.71662	-52.45426	0	57	2021-09-12T04:43:31
6.71975	-52.45486	0	57	2021-09-12T04:48:32
6.72332	-52.45566	0	57	2021-09-12T04:53:30
6.72694	-52.45657	0	57	2021-09-12T04:58:34
6.73046	-52.45726	0	57	2021-09-12T05:03:34
6.73398	-52.45795	0	57	2021-09-12T05:08:34
6.73750	-52.45874	0	57	2021-09-12T05:13:33
6.74099	-52.45947	0	57	2021-09-12T05:18:33
6.74443	-52.46021	0	57	2021-09-12T05:23:35
6.74783	-52.46091	0	57	2021-09-12T05:28:34
6.75118	-52.46167	0	57	2021-09-12T05:33:32
6.75460	-52.46243	0	57	2021-09-12T05:38:33
6.75819	-52.46313	0	57	2021-09-12T05:43:54
6.76127	-52.46381	0	57	2021-09-12T05:48:31
6.76464	-52.46454	0	57	2021-09-12T05:53:28
6.76801	-52.46524	0	57	2021-09-12T05:58:29
6.77135	-52.46597	0	57	2021-09-12T06:03:30
6.77470	-52.46671	0	57	2021-09-12T06:08:27
6.77810	-52.46750	0	57	2021-09-12T06:13:28
6.78147	-52.46829	0	57	2021-09-12T06:18:25
6.78486	-52.46906	0	57	2021-09-12T06:23:25
6.78819	-52.46988	0	57	2021-09-12T06:28:27
6.79153	-52.47078	0	57	2021-09-12T06:33:55
6.79487	-52.47147	0	57	2021-09-12T06:38:29
6.79840	-52.47241	0	57	2021-09-12T06:43:56
6.80140	-52.47318	0	57	2021-09-12T06:48:33
6.80461	-52.47399	0	57	2021-09-12T06:53:34
6.80783	-52.47485	0	57	2021-09-12T06:58:35
6.81106	-52.47571	0	57	2021-09-12T07:03:33
6.81429	-52.47653	0	57	2021-09-12T07:08:37
6.81752	-52.47741	0	57	2021-09-12T07:13:38
6.82070	-52.47818	0	57	2021-09-12T07:18:38
6.82390	-52.47897	0	57	2021-09-12T07:23:36
6.82706	-52.47977	0	57	2021-09-12T07:28:33
6.83021	-52.48065	0	57	2021-09-12T07:33:36
6.83332	-52.48151	0	57	2021-09-12T07:38:38
6.83664	-52.48242	0	57	2021-09-12T07:43:57
6.83949	-52.48325	0	57	2021-09-12T07:48:35
6.84260	-52.48414	0	57	2021-09-12T07:53:37
6.84569	-52.48508	0	57	2021-09-12T07:58:38
6.84877	-52.48599	0	57	2021-09-12T08:03:36
6.85187	-52.48697	0	57	2021-09-12T08:08:36
6.85508	-52.48805	0	57	2021-09-12T08:13:39
6.85817	-52.48899	0	57	2021-09-12T08:18:38
6.86122	-52.48993	0	57	2021-09-12T08:23:38
6.86424	-52.49091	0	57	2021-09-12T08:28:39
6.86726	-52.49191	0	57	2021-09-12T08:33:39
6.87028	-52.49299	0	57	2021-09-12T08:38:56
6.87346	-52.49402	0	57	2021-09-12T08:43:57
6.87633	-52.49496	0	57	2021-09-12T08:48:36
6.87937	-52.49597	0	57	2021-09-12T08:53:39
6.88240	-52.49698	0	57	2021-09-12T08:58:37
6.88543	-52.49805	0	57	2021-09-12T09:03:37
6.88842	-52.49908	0	57	2021-09-12T09:08:37
6.89143	-52.50009	0	57	2021-09-12T09:13:38
6.89435	-52.50110	0	57	2021-09-12T09:18:36
6.89731	-52.50211	0	57	2021-09-12T09:23:37
6.90028	-52.50311	0	57	2021-09-12T09:28:35
6.90332	-52.50415	0	57	2021-09-12T09:33:39
6.90636	-52.50519	0	57	2021-09-12T09:38:42
6.90972	-52.50623	0	57	2021-09-12T09:44:08
6.91257	-52.50717	0	57	2021-09-12T09:48:45
6.91566	-52.50815	0	57	2021-09-12T09:53:47
6.91869	-52.50916	0	57	2021-09-12T09:58:47
6.92180	-52.51014	0	57	2021-09-12T10:03:48
6.92476	-52.51108	0	57	2021-09-12T10:08:49
6.92775	-52.51205	0	57	2021-09-12T10:13:50
6.93079	-52.51303	0	57	2021-09-12T10:18:51
6.93379	-52.51398	0	57	2021-09-12T10:23:47
6.93675	-52.51492	0	57	2021-09-12T10:28:49
6.93971	-52.51590	0	57	2021-09-12T10:33:49
6.94273	-52.51700	0	57	2021-09-12T10:38:51
6.94595	-52.51812	0	57	2021-09-12T10:43:51
6.94861	-52.51898	0	57	2021-09-12T10:48:52
6.95162	-52.51996	0	57	2021-09-12T10:53:51
6.95461	-52.52087	0	57	2021-09-12T10:58:53
6.95766	-52.52185	0	57	2021-09-12T11:03:54
6.96064	-52.52274	0	57	2021-09-12T11:08:55
6.96358	-52.52380	0	57	2021-09-12T11:13:56
6.96646	-52.52466	0	57	2021-09-12T11:18:56
6.96933	-52.52563	0	57	2021-09-12T11:23:57
6.97212	-52.52649	0	57	2021-09-12T11:28:57
6.97493	-52.52731	0	57	2021-09-12T11:33:56
6.97773	-52.52817	0	57	2021-09-12T11:38:57
6.98083	-52.52914	0	57	2021-09-12T11:44:25
6.98349	-52.52997	0	57	2021-09-12T11:48:58
6.98640	-52.53091	0	57	2021-09-12T11:53:58
6.98940	-52.53186	0	57	2021-09-12T11:58:59
6.99242	-52.53281	0	57	2021-09-12T12:04:00
6.99536	-52.53375	0	57	2021-09-12T12:08:58
6.99837	-52.53478	0	57	2021-09-12T12:13:58
7.00145	-52.53558	0	57	2021-09-12T12:18:59
7.00464	-52.53641	0	57	2021-09-12T12:23:57
7.00787	-52.53726	0	57	2021-09-12T12:29:00
7.01106	-52.53808	0	57	2021-09-12T12:33:59
7.01419	-52.53894	0	57	2021-09-12T12:38:59
7.01759	-52.53992	0	57	2021-09-12T12:44:26
7.02053	-52.54080	0	57	2021-09-12T12:48:59
7.02383	-52.54183	0	57	2021-09-12T12:54:04
7.02705	-52.54269	0	57	2021-09-12T12:59:03
7.03023	-52.54346	0	57	2021-09-12T13:04:03
7.03345	-52.54428	0	57	2021-09-12T13:09:05
7.03671	-52.54513	0	57	2021-09-12T13:14:08
7.03997	-52.54599	0	57	2021-09-12T13:19:08
7.04322	-52.54694	0	57	2021-09-12T13:24:07
7.04639	-52.54791	0	57	2021-09-12T13:29:07
7.04962	-52.54892	0	57	2021-09-12T13:34:38
7.05275	-52.54978	0	57	2021-09-12T13:39:37
7.05614	-52.55081	0	57	2021-09-12T13:44:37
7.05906	-52.55170	0	57	2021-09-12T13:49:14
7.06230	-52.55270	0	57	2021-09-12T13:54:12
7.06558	-52.55372	0	57	2021-09-12T13:59:16
7.06888	-52.55475	0	57	2021-09-12T14:04:16
7.07218	-52.55579	0	57	2021-09-12T14:09:14
7.07549	-52.55682	0	57	2021-09-12T14:14:15
7.07885	-52.55783	0	57	2021-09-12T14:19:16
7.08229	-52.55884	0	57	2021-09-12T14:24:18
7.08566	-52.55984	0	57	2021-09-12T14:29:18
7.08884	-52.56091	0	57	2021-09-12T14:34:17
7.09176	-52.56198	0	57	2021-09-12T14:39:18
7.09465	-52.56322	0	57	2021-09-12T14:44:17
7.09680	-52.56416	0	57	2021-09-12T14:49:17
7.09946	-52.56528	0	57	2021-09-12T14:54:17
7.10238	-52.56644	0	57	2021-09-12T14:59:18
7.10548	-52.56776	0	57	2021-09-12T15:04:17
7.10848	-52.56891	0	57	2021-09-12T15:09:18
7.11148	-52.57016	0	57	2021-09-12T15:14:18
7.11438	-52.57138	0	57	2021-09-12T15:19:19
7.11717	-52.57254	0	57	2021-09-12T15:24:18
7.11989	-52.57367	0	57	2021-09-12T15:29:19
7.12257	-52.57483	0	57	2021-09-12T15:34:17
7.12534	-52.57596	0	57	2021-09-12T15:39:14
7.12837	-52.57718	0	57	2021-09-12T15:44:54
7.13063	-52.57806	0	57	2021-09-12T15:49:17
7.13317	-52.57907	0	57	2021-09-12T15:54:14
7.13579	-52.58014	0	57	2021-09-12T15:59:17
7.13845	-52.58128	0	57	2021-09-12T16:04:18
7.14107	-52.58240	0	57	2021-09-12T16:09:18
7.14374	-52.58356	0	57	2021-09-12T16:14:19
7.14642	-52.58472	0	57	2021-09-12T16:19:17
7.15218	-52.58745	0	57	2021-09-12T16:29:16
7.15492	-52.58868	0	57	2021-09-12T16:34:16
7.15768	-52.58994	0	57	2021-09-12T16:39:17
7.16068	-52.59132	0	57	2021-09-12T16:44:16
7.16330	-52.59244	0	57	2021-09-12T16:49:15
7.16613	-52.59366	0	57	2021-09-12T16:54:12
7.16892	-52.59491	0	57	2021-09-12T16:59:13
7.17174	-52.59616	0	57	2021-09-12T17:04:13
7.17463	-52.59744	0	57	2021-09-12T17:09:11
7.17763	-52.59872	0	57	2021-09-12T17:14:15
7.18068	-52.60001	0	57	2021-09-12T17:19:16
7.18375	-52.60126	0	57	2021-09-12T17:24:14
7.18680	-52.60242	0	57	2021-09-12T17:29:17
7.18984	-52.60358	0	57	2021-09-12T17:34:15
7.19287	-52.60480	0	57	2021-09-12T17:39:16
7.19617	-52.60617	0	57	2021-09-12T17:44:39
7.19906	-52.60742	0	57	2021-09-12T17:49:18
7.20206	-52.60870	0	57	2021-09-12T17:54:18
7.20506	-52.60999	0	57	2021-09-12T17:59:18
7.20801	-52.61133	0	57	2021-09-12T18:04:16
7.21100	-52.61264	0	57	2021-09-12T18:09:16
7.21405	-52.61407	0	57	2021-09-12T18:14:16
7.21705	-52.61536	0	57	2021-09-12T18:19:15
7.22012	-52.61670	0	57	2021-09-12T18:24:18
7.22318	-52.61804	0	57	2021-09-12T18:29:20
7.22622	-52.61942	0	57	2021-09-12T18:34:18
7.22922	-52.62073	0	57	2021-09-12T18:39:21
7.23259	-52.62210	0	57	2021-09-12T18:44:54
7.23517	-52.62323	0	57	2021-09-12T18:49:16
7.23823	-52.62445	0	57	2021-09-12T18:54:13
7.24128	-52.62566	0	57	2021-09-12T18:59:16
7.24446	-52.62686	0	57	2021-09-12T19:04:15
7.24755	-52.62817	0	57	2021-09-12T19:09:14
7.25066	-52.62959	0	57	2021-09-12T19:14:17
7.25360	-52.63083	0	57	2021-09-12T19:19:12
7.25658	-52.63217	0	57	2021-09-12T19:24:17
7.25942	-52.63342	0	57	2021-09-12T19:29:12
7.26226	-52.63489	0	57	2021-09-12T19:34:17
7.26514	-52.63617	0	57	2021-09-12T19:39:17
7.26827	-52.63763	0	57	2021-09-12T19:44:55
7.27070	-52.63873	0	57	2021-09-12T19:49:18
7.27345	-52.63998	0	57	2021-09-12T19:54:19
7.27630	-52.64112	0	57	2021-09-12T19:59:20
7.27918	-52.64224	0	57	2021-09-12T20:04:20
7.28212	-52.64328	0	57	2021-09-12T20:09:18
7.28507	-52.64420	0	57	2021-09-12T20:14:19
7.28801	-52.64514	0	57	2021-09-12T20:19:19
7.29102	-52.64612	0	57	2021-09-12T20:24:21
7.29399	-52.64703	0	57	2021-09-12T20:29:20
7.29693	-52.64780	0	57	2021-09-12T20:34:22
7.29986	-52.64847	0	57	2021-09-12T20:39:20
7.30313	-52.64929	0	57	2021-09-12T20:44:56
7.30574	-52.64993	0	57	2021-09-12T20:49:18
7.30870	-52.65060	0	57	2021-09-12T20:54:18
7.31165	-52.65131	0	57	2021-09-12T20:59:19
7.31453	-52.65204	0	57	2021-09-12T21:04:17
7.31743	-52.65280	0	57	2021-09-12T21:09:18
7.32027	-52.65366	0	57	2021-09-12T21:14:17
7.32314	-52.65451	0	57	2021-09-12T21:19:18
7.32605	-52.65541	0	57	2021-09-12T21:24:18
7.32888	-52.65618	0	57	2021-09-12T21:29:17
7.33176	-52.65695	0	57	2021-09-12T21:34:17
7.33460	-52.65771	0	57	2021-09-12T21:39:22
7.33785	-52.65851	0	57	2021-09-12T21:44:54
7.34041	-52.65915	0	57	2021-09-12T21:49:20
7.34337	-52.65988	0	57	2021-09-12T21:54:17
7.34638	-52.66068	0	57	2021-09-12T21:59:21
7.34945	-52.66155	0	57	2021-09-12T22:04:23
7.35243	-52.66238	0	57	2021-09-12T22:09:22
7.35554	-52.66327	0	57	2021-09-12T22:14:23
7.35860	-52.66412	0	57	2021-09-12T22:19:21
7.36168	-52.66495	0	57	2021-09-12T22:24:25
7.36473	-52.66577	0	57	2021-09-12T22:29:27
7.36773	-52.66663	0	57	2021-09-12T22:34:23
7.37079	-52.66748	0	57	2021-09-12T22:39:24
7.37416	-52.66855	0	57	2021-09-12T22:44:21
7.37682	-52.66924	0	57	2021-09-12T22:49:22
7.37987	-52.67001	0	57	2021-09-12T22:54:22
7.38299	-52.67081	0	57	2021-09-12T22:59:23
7.38616	-52.67159	0	57	2021-09-12T23:04:21
7.38929	-52.67236	0	57	2021-09-12T23:09:21
7.39249	-52.67321	0	57	2021-09-12T23:14:23
7.39562	-52.67407	0	57	2021-09-12T23:19:24
7.39871	-52.67493	0	57	2021-09-12T23:24:24
7.40175	-52.67584	0	57	2021-09-12T23:29:22
7.40475	-52.67682	0	57	2021-09-12T23:34:23
7.40774	-52.67776	0	57	2021-09-12T23:39:24
7.41107	-52.67868	0	57	2021-09-12T23:44:55
7.41367	-52.67944	0	57	2021-09-12T23:49:24
7.41662	-52.68033	0	57	2021-09-12T23:54:23
7.41950	-52.68110	0	57	2021-09-12T23:59:23
7.42238	-52.68179	0	57	2021-09-13T00:04:24
7.42527	-52.68265	0	57	2021-09-13T00:09:25
7.43108	-52.68430	0	57	2021-09-13T00:19:26
7.43399	-52.68516	0	57	2021-09-13T00:24:22
7.43691	-52.68610	0	57	2021-09-13T00:29:21
7.43978	-52.68692	0	57	2021-09-13T00:34:21
7.44278	-52.68768	0	57	2021-09-13T00:39:26
7.44607	-52.68854	0	57	2021-09-13T00:44:58
7.44870	-52.68921	0	57	2021-09-13T00:49:24
7.45166	-52.69003	0	57	2021-09-13T00:54:27
7.45461	-52.69085	0	57	2021-09-13T00:59:26
7.45749	-52.69162	0	57	2021-09-13T01:04:26
7.46037	-52.69241	0	57	2021-09-13T01:09:26
7.46327	-52.69315	0	57	2021-09-13T01:14:28
7.46606	-52.69385	0	57	2021-09-13T01:19:26
7.46886	-52.69446	0	57	2021-09-13T01:24:29
7.47169	-52.69513	0	57	2021-09-13T01:29:31
7.47463	-52.69584	0	57	2021-09-13T01:34:54
7.47755	-52.69653	0	57	2021-09-13T01:39:55
7.48060	-52.69730	0	57	2021-09-13T01:44:55
7.48315	-52.69800	0	57	2021-09-13T01:49:33
7.48598	-52.69870	0	57	2021-09-13T01:54:35
7.48877	-52.69947	0	57	2021-09-13T01:59:35
7.49152	-52.70016	0	57	2021-09-13T02:04:35
7.49417	-52.70081	0	57	2021-09-13T02:09:34
7.49681	-52.70155	0	57	2021-09-13T02:14:34
7.49943	-52.70224	0	57	2021-09-13T02:19:34
7.50205	-52.70300	0	57	2021-09-13T02:24:35
7.50456	-52.70377	0	57	2021-09-13T02:29:36
7.50692	-52.70456	0	57	2021-09-13T02:34:34
7.50935	-52.70551	0	57	2021-09-13T02:39:37
7.51198	-52.70657	0	57	2021-09-13T02:44:56
7.51424	-52.70746	0	57	2021-09-13T02:49:37
7.51661	-52.70840	0	57	2021-09-13T02:54:38
7.51898	-52.70947	0	57	2021-09-13T02:59:38
7.52134	-52.71057	0	57	2021-09-13T03:04:39
7.52370	-52.71161	0	57	2021-09-13T03:09:40
7.52602	-52.71259	0	57	2021-09-13T03:14:41
7.52837	-52.71359	0	57	2021-09-13T03:19:44
7.53070	-52.71460	0	57	2021-09-13T03:24:43
7.53306	-52.71561	0	57	2021-09-13T03:29:47
7.53526	-52.71655	0	57	2021-09-13T03:34:47
7.53754	-52.71750	0	57	2021-09-13T03:39:49
7.54013	-52.71866	0	57	2021-09-13T03:45:25
7.54226	-52.71957	0	57	2021-09-13T03:49:47
7.54474	-52.72061	0	57	2021-09-13T03:54:50
7.54723	-52.72168	0	57	2021-09-13T03:59:48
7.54969	-52.72269	0	57	2021-09-13T04:04:49
7.55220	-52.72369	0	57	2021-09-13T04:09:50
7.55465	-52.72464	0	57	2021-09-13T04:14:48
7.55713	-52.72562	0	57	2021-09-13T04:19:51
7.55964	-52.72658	0	57	2021-09-13T04:24:50
7.56209	-52.72761	0	57	2021-09-13T04:29:50
7.56462	-52.72855	0	57	2021-09-13T04:34:51
7.56707	-52.72946	0	57	2021-09-13T04:39:52
7.56975	-52.73041	0	57	2021-09-13T04:45:27
7.57419	-52.73199	0	57	2021-09-13T04:54:51
7.57653	-52.73293	0	57	2021-09-13T04:59:51
7.57882	-52.73355	0	57	2021-09-13T05:04:51
7.58112	-52.73431	0	57	2021-09-13T05:09:52
7.58342	-52.73508	0	57	2021-09-13T05:14:50
7.58580	-52.73587	0	57	2021-09-13T05:19:51
7.58814	-52.73664	0	57	2021-09-13T05:24:47
7.59037	-52.73715	0	57	2021-09-13T05:29:47
7.59259	-52.73770	0	57	2021-09-13T05:34:49
7.59482	-52.73831	0	57	2021-09-13T05:39:46
7.59731	-52.73889	0	57	2021-09-13T05:45:23
7.59912	-52.73926	0	57	2021-09-13T05:49:47
7.60119	-52.73975	0	57	2021-09-13T05:54:48
7.60335	-52.74026	0	57	2021-09-13T05:59:47
7.60554	-52.74094	0	57	2021-09-13T06:04:55
7.60774	-52.74146	0	57	2021-09-13T06:09:52
7.61003	-52.74197	0	57	2021-09-13T06:14:51
7.61238	-52.74256	0	57	2021-09-13T06:19:53
7.61474	-52.74307	0	57	2021-09-13T06:24:53
7.61703	-52.74356	0	57	2021-09-13T06:29:51
7.61927	-52.74402	0	57	2021-09-13T06:34:53
7.62153	-52.74442	0	57	2021-09-13T06:39:53
7.62402	-52.74503	0	57	2021-09-13T06:45:27
7.62601	-52.74545	0	57	2021-09-13T06:49:54
7.62822	-52.74582	0	57	2021-09-13T06:54:56
7.63041	-52.74631	0	57	2021-09-13T07:00:00
7.63256	-52.74670	0	57	2021-09-13T07:04:58
7.63472	-52.74716	0	57	2021-09-13T07:09:58
7.63678	-52.74762	0	57	2021-09-13T07:14:59
7.63883	-52.74808	0	57	2021-09-13T07:20:00
7.64080	-52.74850	0	57	2021-09-13T07:25:01
7.64282	-52.74911	0	57	2021-09-13T07:30:00
7.64479	-52.74973	0	57	2021-09-13T07:35:01
7.64674	-52.75034	0	57	2021-09-13T07:39:59
7.64877	-52.75099	0	57	2021-09-13T07:44:57
7.65040	-52.75150	0	57	2021-09-13T07:49:57
7.65212	-52.75216	0	57	2021-09-13T07:54:58
7.65379	-52.75285	0	57	2021-09-13T07:59:58
7.65551	-52.75354	0	57	2021-09-13T08:04:58
7.65723	-52.75427	0	57	2021-09-13T08:09:57
7.65894	-52.75491	0	57	2021-09-13T08:14:57
7.66057	-52.75549	0	57	2021-09-13T08:19:58
7.66224	-52.75610	0	57	2021-09-13T08:24:56
7.66399	-52.75692	0	57	2021-09-13T08:29:56
7.66566	-52.75769	0	57	2021-09-13T08:34:57
7.66739	-52.75845	0	57	2021-09-13T08:40:02
7.66927	-52.75922	0	57	2021-09-13T08:45:25
7.67085	-52.75989	0	57	2021-09-13T08:50:02
7.67250	-52.76065	0	57	2021-09-13T08:55:05
7.67413	-52.76141	0	57	2021-09-13T09:00:04
7.67572	-52.76224	0	57	2021-09-13T09:05:05
7.67730	-52.76300	0	57	2021-09-13T09:10:03
7.67885	-52.76367	0	57	2021-09-13T09:15:01
7.68046	-52.76437	0	57	2021-09-13T09:20:02
7.68209	-52.76511	0	57	2021-09-13T09:25:05
7.68369	-52.76583	0	57	2021-09-13T09:30:03
7.68523	-52.76660	0	57	2021-09-13T09:35:04
7.68688	-52.76740	0	57	2021-09-13T09:40:03
7.68870	-52.76822	0	57	2021-09-13T09:45:25
7.69030	-52.76904	0	57	2021-09-13T09:50:05
7.69197	-52.76981	0	57	2021-09-13T09:55:04
7.69370	-52.77063	0	57	2021-09-13T10:00:08
7.69547	-52.77148	0	57	2021-09-13T10:05:08
7.69734	-52.77236	0	57	2021-09-13T10:10:13
7.69914	-52.77322	0	57	2021-09-13T10:15:13
7.70099	-52.77408	0	57	2021-09-13T10:20:12
7.70294	-52.77502	0	57	2021-09-13T10:25:12
7.70496	-52.77597	0	57	2021-09-13T10:30:23
7.70702	-52.77698	0	57	2021-09-13T10:35:18
7.70908	-52.77802	0	57	2021-09-13T10:40:18
7.71143	-52.77930	0	57	2021-09-13T10:45:54
7.71330	-52.78028	0	57	2021-09-13T10:50:20
7.71545	-52.78131	0	57	2021-09-13T10:55:21
7.71753	-52.78241	0	57	2021-09-13T11:00:22
7.71954	-52.78354	0	57	2021-09-13T11:05:23
7.72153	-52.78473	0	57	2021-09-13T11:10:26
7.72532	-52.78702	0	57	2021-09-13T11:20:29
7.72717	-52.78814	0	57	2021-09-13T11:25:30
7.72910	-52.78934	0	57	2021-09-13T11:30:30
7.73097	-52.79067	0	57	2021-09-13T11:35:32
7.73286	-52.79187	0	57	2021-09-13T11:40:33
7.73495	-52.79321	0	57	2021-09-13T11:45:56
7.73683	-52.79449	0	57	2021-09-13T11:50:37
7.73880	-52.79578	0	57	2021-09-13T11:55:36
7.74085	-52.79717	0	57	2021-09-13T12:00:39
7.74278	-52.79846	0	57	2021-09-13T12:05:38
7.74466	-52.79987	0	57	2021-09-13T12:10:38
7.74654	-52.80124	0	57	2021-09-13T12:15:38
7.74846	-52.80264	0	57	2021-09-13T12:20:40
7.75028	-52.80396	0	57	2021-09-13T12:25:43
7.75220	-52.80530	0	57	2021-09-13T12:30:41
7.75419	-52.80670	0	57	2021-09-13T12:35:42
7.75619	-52.80811	0	57	2021-09-13T12:40:42
7.75834	-52.80975	0	57	2021-09-13T12:46:07
7.76013	-52.81100	0	57	2021-09-13T12:50:42
7.76209	-52.81235	0	57	2021-09-13T12:55:45
7.76407	-52.81369	0	57	2021-09-13T13:00:42
7.76600	-52.81506	0	57	2021-09-13T13:05:43
7.76796	-52.81644	0	57	2021-09-13T13:10:44
7.76990	-52.81781	0	57	2021-09-13T13:15:45
7.77186	-52.81915	0	57	2021-09-13T13:20:45
7.77379	-52.82053	0	57	2021-09-13T13:25:43
7.77571	-52.82193	0	57	2021-09-13T13:30:44
7.78190	-52.82593	0	57	2021-09-13T13:46:08
7.78373	-52.82723	0	57	2021-09-13T13:50:43
7.78570	-52.82852	0	57	2021-09-13T13:55:44
7.78765	-52.82977	0	57	2021-09-13T14:00:42
7.78953	-52.83112	0	57	2021-09-13T14:05:45
7.79140	-52.83252	0	57	2021-09-13T14:10:44
7.79329	-52.83386	0	57	2021-09-13T14:15:48
7.79515	-52.83517	0	57	2021-09-13T14:20:47
7.79698	-52.83646	0	57	2021-09-13T14:25:49
7.79876	-52.83780	0	57	2021-09-13T14:30:53
7.80054	-52.83914	0	57	2021-09-13T14:36:26
7.80229	-52.84030	0	57	2021-09-13T14:40:52
7.80419	-52.84171	0	57	2021-09-13T14:46:26
7.80570	-52.84279	0	57	2021-09-13T14:50:54
7.80746	-52.84399	0	57	2021-09-13T14:55:54
7.80922	-52.84521	0	57	2021-09-13T15:00:55
7.81096	-52.84641	0	57	2021-09-13T15:05:49
7.81272	-52.84760	0	57	2021-09-13T15:10:49
7.81449	-52.84875	0	57	2021-09-13T15:15:50
7.81628	-52.84988	0	57	2021-09-13T15:20:47
7.81807	-52.85110	0	57	2021-09-13T15:25:47
7.81998	-52.85233	0	57	2021-09-13T15:30:48
7.82183	-52.85352	0	57	2021-09-13T15:35:42
7.82370	-52.85477	0	57	2021-09-13T15:40:46
7.82586	-52.85608	0	57	2021-09-13T15:46:07
7.82776	-52.85727	0	57	2021-09-13T15:50:42
7.82987	-52.85855	0	57	2021-09-13T15:55:44
7.83208	-52.85989	0	57	2021-09-13T16:00:45
7.83411	-52.86118	0	57	2021-09-13T16:05:43
7.83619	-52.86249	0	57	2021-09-13T16:10:44
7.83823	-52.86374	0	57	2021-09-13T16:15:40
7.84019	-52.86496	0	57	2021-09-13T16:20:43
7.84218	-52.86624	0	57	2021-09-13T16:25:42
7.84413	-52.86757	0	57	2021-09-13T16:30:41
7.84602	-52.86877	0	57	2021-09-13T16:35:41
7.84803	-52.87012	0	57	2021-09-13T16:40:44
7.85011	-52.87149	0	57	2021-09-13T16:46:06
7.85194	-52.87273	0	57	2021-09-13T16:50:43
7.85387	-52.87393	0	57	2021-09-13T16:55:44
7.85578	-52.87521	0	57	2021-09-13T17:00:42
7.85760	-52.87637	0	57	2021-09-13T17:05:45
7.85932	-52.87766	0	57	2021-09-13T17:10:44
7.86113	-52.87916	0	57	2021-09-13T17:15:44
7.86293	-52.88062	0	57	2021-09-13T17:20:45
7.86478	-52.88214	0	57	2021-09-13T17:25:46
7.86664	-52.88361	0	57	2021-09-13T17:30:45
7.86845	-52.88510	0	57	2021-09-13T17:35:47
7.87030	-52.88663	0	57	2021-09-13T17:41:26
7.87232	-52.88843	0	57	2021-09-13T17:46:26
7.87379	-52.88977	0	57	2021-09-13T17:50:45
7.87545	-52.89145	0	57	2021-09-13T17:55:47
7.87713	-52.89315	0	57	2021-09-13T18:00:46
7.87872	-52.89487	0	57	2021-09-13T18:05:45
7.88035	-52.89655	0	57	2021-09-13T18:10:44
7.88205	-52.89816	0	57	2021-09-13T18:15:42
7.88377	-52.89986	0	57	2021-09-13T18:20:44
7.88549	-52.90140	0	57	2021-09-13T18:25:44
7.88715	-52.90292	0	57	2021-09-13T18:30:42
7.88885	-52.90454	0	57	2021-09-13T18:35:43
7.89060	-52.90619	0	57	2021-09-13T18:40:43
7.89252	-52.90790	0	57	2021-09-13T18:46:07
7.89412	-52.90939	0	57	2021-09-13T18:50:42
7.89584	-52.91101	0	57	2021-09-13T18:55:42
7.89762	-52.91271	0	57	2021-09-13T19:00:45
7.89934	-52.91425	0	57	2021-09-13T19:05:44
7.90110	-52.91589	0	57	2021-09-13T19:10:49
7.90283	-52.91757	0	57	2021-09-13T19:15:53
7.90457	-52.91923	0	57	2021-09-13T19:20:53
7.90619	-52.92081	0	57	2021-09-13T19:25:55
7.90783	-52.92249	0	57	2021-09-13T19:30:52
7.90957	-52.92429	0	57	2021-09-13T19:35:55
7.91136	-52.92612	0	57	2021-09-13T19:41:28
7.91312	-52.92801	0	57	2021-09-13T19:46:29
7.91456	-52.92953	0	57	2021-09-13T19:50:54
7.91610	-52.93117	0	57	2021-09-13T19:55:53
7.91764	-52.93280	0	57	2021-09-13T20:00:53
7.91926	-52.93453	0	57	2021-09-13T20:05:54
7.92080	-52.93607	0	57	2021-09-13T20:10:55
7.92237	-52.93765	0	57	2021-09-13T20:15:55
7.92395	-52.93929	0	57	2021-09-13T20:20:56
7.92549	-52.94083	0	57	2021-09-13T20:25:57
7.92697	-52.94235	0	57	2021-09-13T20:30:54
7.92845	-52.94394	0	57	2021-09-13T20:35:56
7.92997	-52.94547	0	57	2021-09-13T20:40:56
7.93166	-52.94714	0	57	2021-09-13T20:46:26
7.93307	-52.94849	0	57	2021-09-13T20:50:57
7.93462	-52.94995	0	57	2021-09-13T20:55:55
7.93615	-52.95145	0	57	2021-09-13T21:00:55
7.93766	-52.95291	0	57	2021-09-13T21:05:55
7.93923	-52.95444	0	57	2021-09-13T21:10:57
7.94078	-52.95599	0	57	2021-09-13T21:15:58
7.94234	-52.95758	0	57	2021-09-13T21:21:03
7.94392	-52.95920	0	57	2021-09-13T21:26:00
7.94553	-52.96082	0	57	2021-09-13T21:31:03
7.94718	-52.96246	0	57	2021-09-13T21:36:01
7.94879	-52.96405	0	57	2021-09-13T21:41:02
7.95060	-52.96585	0	57	2021-09-13T21:46:25
7.95210	-52.96738	0	57	2021-09-13T21:51:01
7.95370	-52.96896	0	57	2021-09-13T21:56:02
7.95530	-52.97052	0	57	2021-09-13T22:01:05
7.95684	-52.97208	0	57	2021-09-13T22:06:03
7.95841	-52.97373	0	57	2021-09-13T22:11:03
7.95995	-52.97536	0	57	2021-09-13T22:16:04
7.96154	-52.97708	0	57	2021-09-13T22:21:04
7.96320	-52.97882	0	57	2021-09-13T22:26:06
7.96492	-52.98062	0	57	2021-09-13T22:31:06
7.96662	-52.98242	0	57	2021-09-13T22:36:04
7.96835	-52.98419	0	57	2021-09-13T22:41:05
7.97025	-52.98608	0	57	2021-09-13T22:46:25
7.97192	-52.98776	0	57	2021-09-13T22:51:05
7.97377	-52.98956	0	57	2021-09-13T22:56:03
7.97568	-52.99133	0	57	2021-09-13T23:01:04
7.97762	-52.99316	0	57	2021-09-13T23:06:02
7.97953	-52.99497	0	57	2021-09-13T23:11:06
7.98142	-52.99677	0	57	2021-09-13T23:16:06
7.98331	-52.99860	0	57	2021-09-13T23:21:04
7.98528	-53.00046	0	57	2021-09-13T23:26:05
7.98730	-53.00247	0	57	2021-09-13T23:31:04
7.98930	-53.00452	0	57	2021-09-13T23:36:05
7.99136	-53.00653	0	57	2021-09-13T23:41:04
7.99358	-53.00870	0	57	2021-09-13T23:46:28
7.99552	-53.01071	0	57	2021-09-13T23:51:09
7.99763	-53.01263	0	57	2021-09-13T23:56:06
7.99977	-53.01465	0	57	2021-09-14T00:01:08
8.00192	-53.01663	0	57	2021-09-14T00:06:08
8.00413	-53.01852	0	57	2021-09-14T00:11:09
8.00636	-53.02042	0	57	2021-09-14T00:16:09
8.00857	-53.02231	0	57	2021-09-14T00:21:07
8.01083	-53.02423	0	57	2021-09-14T00:26:10
8.01308	-53.02612	0	57	2021-09-14T00:31:08
8.01540	-53.02805	0	57	2021-09-14T00:36:10
8.01773	-53.03003	0	57	2021-09-14T00:41:26
8.02022	-53.03192	0	57	2021-09-14T00:46:26
8.02250	-53.03384	0	57	2021-09-14T00:51:09
8.02490	-53.03580	0	57	2021-09-14T00:56:11
8.02727	-53.03769	0	57	2021-09-14T01:01:09
8.02961	-53.03958	0	57	2021-09-14T01:06:10
8.03192	-53.04144	0	57	2021-09-14T01:11:08
8.03421	-53.04337	0	57	2021-09-14T01:16:09
8.03646	-53.04532	0	57	2021-09-14T01:21:09
8.03871	-53.04724	0	57	2021-09-14T01:26:06
8.04097	-53.04916	0	57	2021-09-14T01:31:07
8.04329	-53.05115	0	57	2021-09-14T01:36:07
8.04561	-53.05304	0	57	2021-09-14T01:41:06
8.04815	-53.05511	0	57	2021-09-14T01:46:28
8.05039	-53.05692	0	57	2021-09-14T01:51:07
8.05282	-53.05890	0	57	2021-09-14T01:56:11
8.05524	-53.06082	0	57	2021-09-14T02:01:12
8.05767	-53.06274	0	57	2021-09-14T02:06:17
8.06011	-53.06467	0	57	2021-09-14T02:11:18
8.06254	-53.06662	0	57	2021-09-14T02:16:18
8.06498	-53.06863	0	57	2021-09-14T02:21:22
8.06743	-53.07056	0	57	2021-09-14T02:26:24
8.06992	-53.07245	0	57	2021-09-14T02:31:21
8.07241	-53.07431	0	57	2021-09-14T02:36:22
8.07493	-53.07620	0	57	2021-09-14T02:41:22
8.07779	-53.07831	0	57	2021-09-14T02:46:57
8.08009	-53.07999	0	57	2021-09-14T02:51:21
8.08264	-53.08179	0	57	2021-09-14T02:56:24
8.08517	-53.08365	0	57	2021-09-14T03:01:22
8.08774	-53.08551	0	57	2021-09-14T03:06:26
8.09028	-53.08740	0	57	2021-09-14T03:11:24
8.09290	-53.08923	0	57	2021-09-14T03:16:26
8.09549	-53.09109	0	57	2021-09-14T03:21:26
8.09814	-53.09299	0	57	2021-09-14T03:26:29
8.10077	-53.09488	0	57	2021-09-14T03:31:27
8.10340	-53.09680	0	57	2021-09-14T03:36:27
8.10604	-53.09872	0	57	2021-09-14T03:41:25
8.10898	-53.10086	0	57	2021-09-14T03:46:57
8.11138	-53.10267	0	57	2021-09-14T03:51:22
8.11408	-53.10456	0	57	2021-09-14T03:56:21
8.11683	-53.10645	0	57	2021-09-14T04:01:21
8.11961	-53.10834	0	57	2021-09-14T04:06:23
8.12243	-53.11020	0	57	2021-09-14T04:11:27
8.12512	-53.11194	0	57	2021-09-14T04:16:26
8.12784	-53.11365	0	57	2021-09-14T04:21:25
8.13054	-53.11539	0	57	2021-09-14T04:26:28
8.13321	-53.11707	0	57	2021-09-14T04:31:26
8.13588	-53.11871	0	57	2021-09-14T04:36:28
8.13852	-53.12024	0	57	2021-09-14T04:41:28
8.14141	-53.12189	0	57	2021-09-14T04:46:56
8.14385	-53.12320	0	57	2021-09-14T04:51:32
8.14657	-53.12476	0	57	2021-09-14T04:56:30
8.14927	-53.12622	0	57	2021-09-14T05:01:30
8.15194	-53.12784	0	57	2021-09-14T05:06:31
8.15466	-53.12952	0	57	2021-09-14T05:11:29
8.15737	-53.13123	0	57	2021-09-14T05:16:30
8.16011	-53.13293	0	57	2021-09-14T05:21:28
8.16278	-53.13474	0	57	2021-09-14T05:26:29
8.16549	-53.13647	0	57	2021-09-14T05:31:32
8.16818	-53.13815	0	57	2021-09-14T05:36:27
8.17090	-53.13983	0	57	2021-09-14T05:41:30
8.17094	-53.13983	0	57	2021-09-14T05:41:56
8.17387	-53.14170	0	57	2021-09-14T05:46:31
8.17385	-53.14163	0	57	2021-09-14T05:46:55
8.17636	-53.14316	0	57	2021-09-14T05:51:31
8.17914	-53.14471	0	57	2021-09-14T05:56:33
8.18188	-53.14618	0	57	2021-09-14T06:01:31
8.18463	-53.14764	0	57	2021-09-14T06:06:34
8.18737	-53.14917	0	57	2021-09-14T06:11:32
8.19014	-53.15067	0	57	2021-09-14T06:16:33
8.19288	-53.15207	0	57	2021-09-14T06:21:33
8.19567	-53.15353	0	57	2021-09-14T06:26:34
8.19848	-53.15494	0	57	2021-09-14T06:31:34
8.20126	-53.15622	0	57	2021-09-14T06:36:36
8.20398	-53.15753	0	57	2021-09-14T06:41:33
8.20696	-53.15887	0	57	2021-09-14T06:46:54
8.20945	-53.16001	0	57	2021-09-14T06:51:28
8.21214	-53.16113	0	57	2021-09-14T06:56:28
8.21496	-53.16235	0	57	2021-09-14T07:01:29
8.21777	-53.16351	0	57	2021-09-14T07:06:30
8.22063	-53.16483	0	57	2021-09-14T07:11:29
8.22344	-53.16605	0	57	2021-09-14T07:16:31
8.22627	-53.16727	0	57	2021-09-14T07:21:31
8.22916	-53.16847	0	57	2021-09-14T07:26:30
8.23199	-53.16959	0	57	2021-09-14T07:31:30
8.23485	-53.17065	0	57	2021-09-14T07:36:31
8.23771	-53.17175	0	57	2021-09-14T07:41:32
8.24081	-53.17291	0	57	2021-09-14T07:47:00
8.24352	-53.17395	0	57	2021-09-14T07:51:30
8.24637	-53.17508	0	57	2021-09-14T07:56:31
8.24923	-53.17615	0	57	2021-09-14T08:01:31
8.25210	-53.17719	0	57	2021-09-14T08:06:32
8.25494	-53.17822	0	57	2021-09-14T08:11:29
8.25779	-53.17929	0	57	2021-09-14T08:16:31
8.26065	-53.18033	0	57	2021-09-14T08:21:30
8.26348	-53.18143	0	57	2021-09-14T08:26:31
8.26634	-53.18246	0	57	2021-09-14T08:31:29
8.26918	-53.18350	0	57	2021-09-14T08:36:30
8.27195	-53.18448	0	57	2021-09-14T08:41:27
8.27501	-53.18555	0	57	2021-09-14T08:46:55
8.27753	-53.18643	0	57	2021-09-14T08:51:31
8.28026	-53.18744	0	57	2021-09-14T08:56:29
8.28298	-53.18835	0	57	2021-09-14T09:01:30
8.28571	-53.18924	0	57	2021-09-14T09:06:28
8.28844	-53.19009	0	57	2021-09-14T09:11:29
8.29113	-53.19092	0	57	2021-09-14T09:16:28
8.29388	-53.19183	0	57	2021-09-14T09:21:30
8.29655	-53.19263	0	57	2021-09-14T09:26:27
8.29922	-53.19345	0	57	2021-09-14T09:31:30
8.30189	-53.19424	0	57	2021-09-14T09:36:28
8.30457	-53.19504	0	57	2021-09-14T09:41:29
8.30747	-53.19586	0	57	2021-09-14T09:46:54
8.30988	-53.19656	0	57	2021-09-14T09:51:28
8.31254	-53.19730	0	57	2021-09-14T09:56:28
8.31525	-53.19804	0	57	2021-09-14T10:01:32
8.31790	-53.19873	0	57	2021-09-14T10:06:32
8.32066	-53.19937	0	57	2021-09-14T10:11:34
8.32342	-53.20007	0	57	2021-09-14T10:16:38
8.32616	-53.20084	0	57	2021-09-14T10:21:37
8.32893	-53.20166	0	57	2021-09-14T10:26:37
8.33161	-53.20245	0	57	2021-09-14T10:31:37
8.33427	-53.20328	0	57	2021-09-14T10:36:39
8.33689	-53.20401	0	57	2021-09-14T10:41:38
8.33977	-53.20481	0	57	2021-09-14T10:46:43
8.34223	-53.20541	0	57	2021-09-14T10:51:42
8.34487	-53.20617	0	57	2021-09-14T10:56:42
8.34753	-53.20676	0	57	2021-09-14T11:01:43
8.35009	-53.20746	0	57	2021-09-14T11:06:41
8.35271	-53.20804	0	57	2021-09-14T11:11:44
8.35530	-53.20865	0	57	2021-09-14T11:16:42
8.35793	-53.20914	0	57	2021-09-14T11:21:43
8.36060	-53.20962	0	57	2021-09-14T11:26:44
8.36327	-53.21005	0	57	2021-09-14T11:31:44
8.36593	-53.21048	0	57	2021-09-14T11:36:42
8.36860	-53.21091	0	57	2021-09-14T11:41:45
8.37143	-53.21143	0	57	2021-09-14T11:47:06
8.37381	-53.21179	0	57	2021-09-14T11:51:41
8.37644	-53.21207	0	57	2021-09-14T11:56:42
8.37904	-53.21240	0	57	2021-09-14T12:01:45
8.38158	-53.21280	0	57	2021-09-14T12:06:43
8.38411	-53.21323	0	57	2021-09-14T12:11:43
8.38654	-53.21347	0	57	2021-09-14T12:16:44
8.38888	-53.21359	0	57	2021-09-14T12:21:42
8.39126	-53.21382	0	57	2021-09-14T12:26:49
8.39353	-53.21391	0	57	2021-09-14T12:31:48
8.39589	-53.21408	0	57	2021-09-14T12:36:48
8.39819	-53.21429	0	57	2021-09-14T12:41:48
8.40082	-53.21448	0	57	2021-09-14T12:47:24
8.40285	-53.21463	0	57	2021-09-14T12:51:47
8.40516	-53.21478	0	57	2021-09-14T12:56:50
8.40750	-53.21509	0	57	2021-09-14T13:01:44
8.40990	-53.21535	0	57	2021-09-14T13:06:45
8.41239	-53.21561	0	57	2021-09-14T13:11:45
8.41496	-53.21585	0	57	2021-09-14T13:16:47
8.41743	-53.21619	0	57	2021-09-14T13:21:48
8.41996	-53.21652	0	57	2021-09-14T13:26:49
8.42251	-53.21686	0	57	2021-09-14T13:31:49
8.42512	-53.21725	0	57	2021-09-14T13:36:51
8.42782	-53.21769	0	57	2021-09-14T13:41:50
8.43082	-53.21812	0	57	2021-09-14T13:46:49
8.43327	-53.21838	0	57	2021-09-14T13:51:49
8.43596	-53.21872	0	57	2021-09-14T13:56:50
8.43863	-53.21909	0	57	2021-09-14T14:01:53
8.44384	-53.21993	0	57	2021-09-14T14:11:51
8.44646	-53.22031	0	57	2021-09-14T14:16:49
8.44908	-53.22070	0	57	2021-09-14T14:21:50
8.45173	-53.22113	0	57	2021-09-14T14:26:52
8.45437	-53.22159	0	57	2021-09-14T14:31:52
8.45705	-53.22205	0	57	2021-09-14T14:37:28
8.45970	-53.22248	0	57	2021-09-14T14:42:28
8.46259	-53.22308	0	57	2021-09-14T14:47:28
8.46494	-53.22351	0	57	2021-09-14T14:51:56
8.46753	-53.22410	0	57	2021-09-14T14:56:56
8.47015	-53.22461	0	57	2021-09-14T15:01:57
8.47284	-53.22507	0	57	2021-09-14T15:06:54
8.47547	-53.22556	0	57	2021-09-14T15:11:54
8.47813	-53.22601	0	57	2021-09-14T15:16:56
8.48080	-53.22644	0	57	2021-09-14T15:21:54
8.48344	-53.22690	0	57	2021-09-14T15:26:54
8.48612	-53.22733	0	57	2021-09-14T15:31:57
8.48878	-53.22785	0	57	2021-09-14T15:37:02
8.49140	-53.22836	0	57	2021-09-14T15:42:01
8.49427	-53.22900	0	57	2021-09-14T15:47:24
8.49658	-53.22952	0	57	2021-09-14T15:51:59
8.49928	-53.23024	0	57	2021-09-14T15:57:01
8.50183	-53.23071	0	57	2021-09-14T16:02:02
8.50447	-53.23135	0	57	2021-09-14T16:07:01
8.50704	-53.23193	0	57	2021-09-14T16:12:04
8.50960	-53.23254	0	57	2021-09-14T16:17:06
8.51209	-53.23312	0	57	2021-09-14T16:22:08
8.51450	-53.23358	0	57	2021-09-14T16:27:07
8.51701	-53.23423	0	57	2021-09-14T16:32:09
8.51937	-53.23474	0	57	2021-09-14T16:37:09
8.52169	-53.23517	0	57	2021-09-14T16:42:09
8.52416	-53.23569	0	57	2021-09-14T16:47:26
8.52643	-53.23624	0	57	2021-09-14T16:52:08
8.52886	-53.23682	0	57	2021-09-14T16:57:10
8.53121	-53.23724	0	57	2021-09-14T17:02:10
8.53365	-53.23776	0	57	2021-09-14T17:07:11
8.53602	-53.23834	0	57	2021-09-14T17:12:07
8.53842	-53.23895	0	57	2021-09-14T17:17:09
8.54085	-53.23962	0	57	2021-09-14T17:22:10
8.54322	-53.24020	0	57	2021-09-14T17:27:09
8.54548	-53.24072	0	57	2021-09-14T17:32:11
8.54768	-53.24130	0	57	2021-09-14T17:37:12
8.54988	-53.24182	0	57	2021-09-14T17:42:10
8.55232	-53.24249	0	57	2021-09-14T17:47:37
8.55439	-53.24298	0	57	2021-09-14T17:52:11
8.55663	-53.24347	0	57	2021-09-14T17:57:11
8.55903	-53.24405	0	57	2021-09-14T18:02:13
8.56146	-53.24466	0	57	2021-09-14T18:07:12
8.56381	-53.24531	0	57	2021-09-14T18:12:15
8.56617	-53.24591	0	57	2021-09-14T18:17:15
8.56849	-53.24643	0	57	2021-09-14T18:22:15
8.57086	-53.24707	0	57	2021-09-14T18:27:17
8.57320	-53.24774	0	57	2021-09-14T18:32:15
8.57555	-53.24838	0	57	2021-09-14T18:37:18
8.57795	-53.24905	0	57	2021-09-14T18:42:16
8.58067	-53.24987	0	57	2021-09-14T18:47:16
8.58264	-53.25040	0	57	2021-09-14T18:52:17
8.58496	-53.25107	0	57	2021-09-14T18:57:15
8.58719	-53.25168	0	57	2021-09-14T19:02:18
8.58947	-53.25245	0	57	2021-09-14T19:07:16
8.59165	-53.25305	0	57	2021-09-14T19:12:17
8.59399	-53.25378	0	57	2021-09-14T19:17:14
8.59634	-53.25455	0	57	2021-09-14T19:22:13
8.59871	-53.25530	0	57	2021-09-14T19:27:15
8.60107	-53.25599	0	57	2021-09-14T19:32:15
8.60338	-53.25668	0	57	2021-09-14T19:37:14
8.60577	-53.25745	0	57	2021-09-14T19:42:15
8.60830	-53.25830	0	57	2021-09-14T19:47:39
8.61059	-53.25909	0	57	2021-09-14T19:52:16
8.61295	-53.25992	0	57	2021-09-14T19:57:20
8.61524	-53.26086	0	57	2021-09-14T20:02:18
8.61759	-53.26181	0	57	2021-09-14T20:07:21
8.61991	-53.26270	0	57	2021-09-14T20:12:19
8.62222	-53.26358	0	57	2021-09-14T20:17:21
8.62448	-53.26444	0	57	2021-09-14T20:22:24
8.62670	-53.26538	0	57	2021-09-14T20:27:23
8.62904	-53.26624	0	57	2021-09-14T20:32:26
8.63133	-53.26703	0	57	2021-09-14T20:37:24
8.63358	-53.26773	0	57	2021-09-14T20:42:27
8.63606	-53.26852	0	57	2021-09-14T20:47:56
8.63817	-53.26917	0	57	2021-09-14T20:52:25
8.64051	-53.26993	0	57	2021-09-14T20:57:27
8.64279	-53.27075	0	57	2021-09-14T21:02:27
8.64512	-53.27145	0	57	2021-09-14T21:07:25
8.64743	-53.27216	0	57	2021-09-14T21:12:28
8.64978	-53.27289	0	57	2021-09-14T21:17:29
8.65213	-53.27356	0	57	2021-09-14T21:22:31
8.65446	-53.27420	0	57	2021-09-14T21:27:32
8.65687	-53.27478	0	57	2021-09-14T21:32:33
8.65933	-53.27533	0	57	2021-09-14T21:37:33
8.66173	-53.27594	0	57	2021-09-14T21:42:54
8.66426	-53.27637	0	57	2021-09-14T21:47:55
8.66649	-53.27676	0	57	2021-09-14T21:52:33
8.66893	-53.27716	0	57	2021-09-14T21:57:34
8.67132	-53.27753	0	57	2021-09-14T22:02:31
8.67364	-53.27786	0	57	2021-09-14T22:07:32
8.67604	-53.27826	0	57	2021-09-14T22:12:35
8.67841	-53.27869	0	57	2021-09-14T22:17:33
8.68084	-53.27907	0	57	2021-09-14T22:22:34
8.68307	-53.27933	0	57	2021-09-14T22:27:34
8.68535	-53.27960	0	57	2021-09-14T22:32:36
8.68762	-53.27992	0	57	2021-09-14T22:37:36
8.68985	-53.28009	0	57	2021-09-14T22:42:36
8.69215	-53.28036	0	57	2021-09-14T22:47:57
8.69412	-53.28070	0	57	2021-09-14T22:52:34
8.69621	-53.28107	0	57	2021-09-14T22:57:33
8.69830	-53.28140	0	57	2021-09-14T23:02:34
8.70039	-53.28186	0	57	2021-09-14T23:07:37
8.70248	-53.28230	0	57	2021-09-14T23:12:35
8.70454	-53.28256	0	57	2021-09-14T23:17:36
8.70663	-53.28281	0	57	2021-09-14T23:22:30
8.70884	-53.28297	0	57	2021-09-14T23:27:37
8.71094	-53.28314	0	57	2021-09-14T23:32:38
8.71301	-53.28329	0	57	2021-09-14T23:37:36
8.71515	-53.28354	0	57	2021-09-14T23:42:40
8.71748	-53.28378	0	57	2021-09-14T23:48:09
8.71937	-53.28403	0	57	2021-09-14T23:52:44
8.72156	-53.28435	0	57	2021-09-14T23:57:47
8.72366	-53.28444	0	57	2021-09-15T00:02:47
8.72580	-53.28461	0	57	2021-09-15T00:07:48
8.72788	-53.28476	0	57	2021-09-15T00:12:46
8.73002	-53.28503	0	57	2021-09-15T00:17:49
8.73420	-53.28563	0	57	2021-09-15T00:27:49
8.73621	-53.28572	0	57	2021-09-15T00:32:49
8.73828	-53.28589	0	57	2021-09-15T00:37:49
8.74030	-53.28604	0	57	2021-09-15T00:42:47
8.74263	-53.28621	0	57	2021-09-15T00:47:47
8.74442	-53.28638	0	57	2021-09-15T00:52:48
8.74649	-53.28656	0	57	2021-09-15T00:57:46
8.74855	-53.28683	0	57	2021-09-15T01:02:49
8.75067	-53.28717	0	57	2021-09-15T01:07:51
8.75268	-53.28743	0	57	2021-09-15T01:12:51
8.75475	-53.28760	0	57	2021-09-15T01:17:51
8.75677	-53.28784	0	57	2021-09-15T01:22:49
8.75880	-53.28812	0	57	2021-09-15T01:27:50
8.76080	-53.28833	0	57	2021-09-15T01:32:51
8.76285	-53.28855	0	57	2021-09-15T01:37:51
8.76491	-53.28864	0	57	2021-09-15T01:42:50
8.76723	-53.28885	0	57	2021-09-15T01:48:25
8.76903	-53.28903	0	57	2021-09-15T01:52:51
8.77110	-53.28928	0	57	2021-09-15T01:57:48
8.77309	-53.28952	0	57	2021-09-15T02:02:51
8.77514	-53.28973	0	57	2021-09-15T02:07:49
8.77732	-53.29001	0	57	2021-09-15T02:13:06
8.77985	-53.29001	0	57	2021-09-15T02:18:06
8.78145	-53.29044	0	57	2021-09-15T02:22:52
8.78358	-53.29062	0	57	2021-09-15T02:27:55
8.78572	-53.29086	0	57	2021-09-15T02:32:54
8.78787	-53.29108	0	57	2021-09-15T02:37:55
8.79005	-53.29132	0	57	2021-09-15T02:42:55
8.79236	-53.29160	0	57	2021-09-15T02:48:24
8.79428	-53.29181	0	57	2021-09-15T02:52:57
8.79639	-53.29207	0	57	2021-09-15T02:57:58
8.79848	-53.29224	0	57	2021-09-15T03:02:59
8.80061	-53.29245	0	57	2021-09-15T03:07:56
8.80272	-53.29263	0	57	2021-09-15T03:12:56
8.80480	-53.29291	0	57	2021-09-15T03:17:57
8.80688	-53.29315	0	57	2021-09-15T03:22:58
8.80904	-53.29343	0	57	2021-09-15T03:27:56
8.81128	-53.29370	0	57	2021-09-15T03:32:57
8.81343	-53.29398	0	57	2021-09-15T03:38:00
8.81559	-53.29429	0	57	2021-09-15T03:43:25
8.81790	-53.29446	0	57	2021-09-15T03:48:26
8.81982	-53.29465	0	57	2021-09-15T03:52:57
8.82194	-53.29486	0	57	2021-09-15T03:57:57
8.82410	-53.29495	0	57	2021-09-15T04:02:58
8.82623	-53.29514	0	57	2021-09-15T04:07:58
8.82839	-53.29532	0	57	2021-09-15T04:12:59
8.83053	-53.29556	0	57	2021-09-15T04:17:59
8.83262	-53.29578	0	57	2021-09-15T04:23:01
8.83477	-53.29596	0	57	2021-09-15T04:28:02
8.83688	-53.29614	0	57	2021-09-15T04:33:05
8.83895	-53.29630	0	57	2021-09-15T04:38:04
8.84104	-53.29651	0	57	2021-09-15T04:43:07
8.84329	-53.29666	0	57	2021-09-15T04:48:24
8.84531	-53.29681	0	57	2021-09-15T04:53:10
8.84745	-53.29697	0	57	2021-09-15T04:58:10
8.84948	-53.29709	0	57	2021-09-15T05:03:12
8.85147	-53.29721	0	57	2021-09-15T05:08:11
8.85349	-53.29730	0	57	2021-09-15T05:13:13
8.85525	-53.29733	0	57	2021-09-15T05:18:13
8.85690	-53.29724	0	57	2021-09-15T05:23:12
8.85853	-53.29715	0	57	2021-09-15T05:28:13
8.86023	-53.29703	0	57	2021-09-15T05:33:18
8.86187	-53.29703	0	57	2021-09-15T05:38:18
8.86350	-53.29694	0	57	2021-09-15T05:43:19
8.86542	-53.29694	0	57	2021-09-15T05:48:55
8.86689	-53.29691	0	57	2021-09-15T05:53:16
8.86856	-53.29681	0	57	2021-09-15T05:58:17
8.87013	-53.29672	0	57	2021-09-15T06:03:18
8.87172	-53.29666	0	57	2021-09-15T06:08:16
8.87332	-53.29666	0	57	2021-09-15T06:13:16
8.87486	-53.29666	0	57	2021-09-15T06:18:17
8.87642	-53.29651	0	57	2021-09-15T06:23:18
8.87795	-53.29639	0	57	2021-09-15T06:28:19
8.87941	-53.29639	0	57	2021-09-15T06:33:19
8.88092	-53.29633	0	57	2021-09-15T06:38:19
8.88238	-53.29633	0	57	2021-09-15T06:43:21
8.88404	-53.29632	0	57	2021-09-15T06:48:18
8.88528	-53.29623	0	57	2021-09-15T06:53:18
8.88678	-53.29623	0	57	2021-09-15T06:58:17
8.88828	-53.29636	0	57	2021-09-15T07:03:18
8.88978	-53.29639	0	57	2021-09-15T07:08:17
8.89126	-53.29651	0	57	2021-09-15T07:13:15
8.89272	-53.29651	0	57	2021-09-15T07:18:16
8.89420	-53.29654	0	57	2021-09-15T07:23:17
8.89560	-53.29663	0	57	2021-09-15T07:28:16
8.89704	-53.29666	0	57	2021-09-15T07:33:15
8.89846	-53.29666	0	57	2021-09-15T07:38:15
8.89992	-53.29669	0	57	2021-09-15T07:43:16
8.90152	-53.29666	0	57	2021-09-15T07:48:36
8.90283	-53.29660	0	57	2021-09-15T07:53:18
8.90424	-53.29660	0	57	2021-09-15T07:58:15
8.90567	-53.29651	0	57	2021-09-15T08:03:16
8.90710	-53.29642	0	57	2021-09-15T08:08:17
8.90855	-53.29626	0	57	2021-09-15T08:13:17
8.91011	-53.29617	0	57	2021-09-15T08:18:14
8.91164	-53.29608	0	57	2021-09-15T08:23:16
8.91314	-53.29602	0	57	2021-09-15T08:28:15
8.91469	-53.29602	0	57	2021-09-15T08:33:16
8.91616	-53.29590	0	57	2021-09-15T08:38:14
8.91770	-53.29581	0	57	2021-09-15T08:43:15
8.91937	-53.29581	0	57	2021-09-15T08:48:36
8.92079	-53.29575	0	57	2021-09-15T08:53:13
8.92231	-53.29571	0	57	2021-09-15T08:58:13
8.92385	-53.29562	0	57	2021-09-15T09:03:14
8.92540	-53.29562	0	57	2021-09-15T09:08:14
8.92698	-53.29550	0	57	2021-09-15T09:13:16
8.92858	-53.29538	0	57	2021-09-15T09:18:14
8.93007	-53.29523	0	57	2021-09-15T09:23:17
8.93153	-53.29507	0	57	2021-09-15T09:28:15
8.93303	-53.29495	0	57	2021-09-15T09:33:18
8.93460	-53.29486	0	57	2021-09-15T09:38:58
8.93619	-53.29486	0	57	2021-09-15T09:43:57
8.93798	-53.29477	0	57	2021-09-15T09:48:57
8.93942	-53.29465	0	57	2021-09-15T09:53:20
8.94098	-53.29465	0	57	2021-09-15T09:58:20
8.94255	-53.29443	0	57	2021-09-15T10:03:23
8.94415	-53.29440	0	57	2021-09-15T10:08:22
8.94572	-53.29428	0	57	2021-09-15T10:13:21
8.94736	-53.29422	0	57	2021-09-15T10:18:23
8.94893	-53.29422	0	57	2021-09-15T10:23:25
8.95055	-53.29413	0	57	2021-09-15T10:28:25
8.95212	-53.29407	0	57	2021-09-15T10:33:28
8.95368	-53.29395	0	57	2021-09-15T10:38:30
8.95524	-53.29385	0	57	2021-09-15T10:43:28
8.95697	-53.29376	0	57	2021-09-15T10:48:55
8.95842	-53.29373	0	57	2021-09-15T10:53:29
8.95996	-53.29370	0	57	2021-09-15T10:58:31
8.96149	-53.29373	0	57	2021-09-15T11:03:27
8.96311	-53.29373	0	57	2021-09-15T11:08:32
8.96470	-53.29373	0	57	2021-09-15T11:13:33
8.96632	-53.29370	0	57	2021-09-15T11:18:37
8.96791	-53.29370	0	57	2021-09-15T11:23:37
8.96951	-53.29385	0	57	2021-09-15T11:28:39
8.97118	-53.29385	0	57	2021-09-15T11:33:39
8.97283	-53.29385	0	57	2021-09-15T11:38:40
8.97444	-53.29385	0	57	2021-09-15T11:43:38
8.97615	-53.29388	0	57	2021-09-15T11:48:39
8.97765	-53.29388	0	57	2021-09-15T11:53:39
8.97927	-53.29388	0	57	2021-09-15T11:58:39
8.98094	-53.29385	0	57	2021-09-15T12:03:41
8.98241	-53.29385	0	57	2021-09-15T12:08:38
8.98395	-53.29382	0	57	2021-09-15T12:13:42
8.98551	-53.29367	0	57	2021-09-15T12:18:43
8.98700	-53.29361	0	57	2021-09-15T12:23:41
8.98846	-53.29343	0	57	2021-09-15T12:28:45
8.98983	-53.29343	0	57	2021-09-15T12:33:45
8.99119	-53.29343	0	57	2021-09-15T12:38:44
8.99257	-53.29343	0	57	2021-09-15T12:43:44
8.99399	-53.29355	0	57	2021-09-15T12:49:09
8.99525	-53.29349	0	57	2021-09-15T12:53:42
8.99661	-53.29349	0	57	2021-09-15T12:58:43
8.99803	-53.29343	0	57	2021-09-15T13:03:44
8.99951	-53.29340	0	57	2021-09-15T13:08:45
9.00097	-53.29340	0	57	2021-09-15T13:13:46
9.00239	-53.29340	0	57	2021-09-15T13:18:46
9.00376	-53.29349	0	57	2021-09-15T13:23:44
9.00517	-53.29349	0	57	2021-09-15T13:28:47
9.00658	-53.29355	0	57	2021-09-15T13:33:49
9.00801	-53.29355	0	57	2021-09-15T13:38:43
9.00948	-53.29355	0	57	2021-09-15T13:43:46
9.01103	-53.29361	0	57	2021-09-15T13:49:26
9.01219	-53.29367	0	57	2021-09-15T13:53:47
9.01351	-53.29376	0	57	2021-09-15T13:58:45
9.01487	-53.29388	0	57	2021-09-15T14:03:46
9.01629	-53.29395	0	57	2021-09-15T14:08:46
9.01772	-53.29404	0	57	2021-09-15T14:13:47
9.01920	-53.29407	0	57	2021-09-15T14:18:49
9.02064	-53.29410	0	57	2021-09-15T14:23:49
9.02200	-53.29413	0	57	2021-09-15T14:28:47
9.02342	-53.29422	0	57	2021-09-15T14:33:48
9.02487	-53.29425	0	57	2021-09-15T14:38:51
9.02633	-53.29425	0	57	2021-09-15T14:43:50
9.02802	-53.29431	0	57	2021-09-15T14:48:50
9.02935	-53.29431	0	57	2021-09-15T14:53:51
9.03087	-53.29437	0	57	2021-09-15T14:58:49
9.03238	-53.29453	0	57	2021-09-15T15:03:49
9.03384	-53.29453	0	57	2021-09-15T15:08:50
9.03534	-53.29459	0	57	2021-09-15T15:13:53
9.03689	-53.29462	0	57	2021-09-15T15:18:55
9.03837	-53.29465	0	57	2021-09-15T15:23:53
9.03989	-53.29471	0	57	2021-09-15T15:28:54
9.04137	-53.29477	0	57	2021-09-15T15:33:54
9.04283	-53.29480	0	57	2021-09-15T15:38:52
9.04438	-53.29480	0	57	2021-09-15T15:43:52
9.04601	-53.29486	0	57	2021-09-15T15:49:26
9.04733	-53.29486	0	57	2021-09-15T15:53:50
9.04889	-53.29495	0	57	2021-09-15T15:58:53
9.05049	-53.29504	0	57	2021-09-15T16:03:56
9.05211	-53.29514	0	57	2021-09-15T16:08:57
9.05369	-53.29514	0	57	2021-09-15T16:13:57
9.05533	-53.29517	0	57	2021-09-15T16:18:57
9.05695	-53.29523	0	57	2021-09-15T16:23:55
9.05857	-53.29523	0	57	2021-09-15T16:28:56
9.06026	-53.29523	0	57	2021-09-15T16:33:59
9.06190	-53.29523	0	57	2021-09-15T16:39:01
9.06354	-53.29529	0	57	2021-09-15T16:43:59
9.06537	-53.29541	0	57	2021-09-15T16:49:25
9.06689	-53.29544	0	57	2021-09-15T16:54:04
9.06855	-53.29544	0	57	2021-09-15T16:59:01
9.07194	-53.29535	0	57	2021-09-15T17:09:03
9.07351	-53.29541	0	57	2021-09-15T17:14:00
9.07512	-53.29535	0	57	2021-09-15T17:19:03
9.07670	-53.29529	0	57	2021-09-15T17:24:04
9.07827	-53.29517	0	57	2021-09-15T17:29:02
9.07980	-53.29507	0	57	2021-09-15T17:34:03
9.08135	-53.29498	0	57	2021-09-15T17:39:04
9.08285	-53.29489	0	57	2021-09-15T17:44:02
9.08455	-53.29480	0	57	2021-09-15T17:49:22
9.08597	-53.29471	0	57	2021-09-15T17:54:03
9.08752	-53.29459	0	57	2021-09-15T17:59:06
9.08907	-53.29446	0	57	2021-09-15T18:04:08
9.09070	-53.29434	0	57	2021-09-15T18:09:05
9.09239	-53.29425	0	57	2021-09-15T18:14:07
9.09398	-53.29416	0	57	2021-09-15T18:19:07
9.09554	-53.29407	0	57	2021-09-15T18:24:10
9.09712	-53.29395	0	57	2021-09-15T18:29:13
9.09861	-53.29379	0	57	2021-09-15T18:34:13
9.10022	-53.29364	0	57	2021-09-15T18:39:17
9.10176	-53.29346	0	57	2021-09-15T18:44:16
9.10347	-53.29330	0	57	2021-09-15T18:49:54
9.10487	-53.29309	0	57	2021-09-15T18:54:25
9.10637	-53.29309	0	57	2021-09-15T18:59:25
9.10790	-53.29297	0	57	2021-09-15T19:04:27
9.10943	-53.29291	0	57	2021-09-15T19:09:27
9.11093	-53.29279	0	57	2021-09-15T19:14:28
9.11242	-53.29269	0	57	2021-09-15T19:19:28
9.11384	-53.29266	0	57	2021-09-15T19:24:29
9.11547	-53.29260	0	57	2021-09-15T19:29:31
9.11703	-53.29254	0	57	2021-09-15T19:34:30
9.11857	-53.29239	0	57	2021-09-15T19:39:28
9.12010	-53.29236	0	57	2021-09-15T19:44:29
9.12177	-53.29242	0	57	2021-09-15T19:49:56
9.12313	-53.29248	0	57	2021-09-15T19:54:31
9.12468	-53.29248	0	57	2021-09-15T19:59:35
9.12618	-53.29239	0	57	2021-09-15T20:04:35
9.12773	-53.29236	0	57	2021-09-15T20:09:34
9.12927	-53.29236	0	57	2021-09-15T20:14:33
9.13073	-53.29233	0	57	2021-09-15T20:19:35
9.13228	-53.29233	0	57	2021-09-15T20:24:35
9.13381	-53.29233	0	57	2021-09-15T20:29:33
9.13545	-53.29233	0	57	2021-09-15T20:34:35
9.13702	-53.29230	0	57	2021-09-15T20:39:38
9.13866	-53.29242	0	57	2021-09-15T20:44:55
9.14029	-53.29242	0	57	2021-09-15T20:49:56
9.14174	-53.29248	0	57	2021-09-15T20:54:33
9.14335	-53.29245	0	57	2021-09-15T20:59:33
9.14492	-53.29248	0	57	2021-09-15T21:04:30
9.14655	-53.29251	0	57	2021-09-15T21:09:29
9.14814	-53.29251	0	57	2021-09-15T21:14:29
9.14969	-53.29254	0	57	2021-09-15T21:19:26
9.15128	-53.29251	0	57	2021-09-15T21:24:24
9.15288	-53.29254	0	57	2021-09-15T21:29:24
9.15446	-53.29254	0	57	2021-09-15T21:34:21
9.15602	-53.29260	0	57	2021-09-15T21:39:22
9.15756	-53.29254	0	57	2021-09-15T21:44:56
9.15928	-53.29254	0	57	2021-09-15T21:49:55
9.16060	-53.29269	0	57	2021-09-15T21:54:21
9.16207	-53.29285	0	57	2021-09-15T21:59:25
9.16365	-53.29300	0	57	2021-09-15T22:04:23
9.16513	-53.29306	0	57	2021-09-15T22:09:26
9.16825	-53.29294	0	57	2021-09-15T22:19:28
9.16976	-53.29291	0	57	2021-09-15T22:24:29
9.17129	-53.29285	0	57	2021-09-15T22:29:27
9.17277	-53.29282	0	57	2021-09-15T22:34:27
9.17427	-53.29288	0	57	2021-09-15T22:39:28
9.17572	-53.29300	0	57	2021-09-15T22:44:30
9.17697	-53.29306	0	57	2021-09-15T22:49:57
9.17794	-53.29309	0	57	2021-09-15T22:54:30
9.17900	-53.29312	0	57	2021-09-15T22:59:33
9.18019	-53.29318	0	57	2021-09-15T23:04:33
9.18116	-53.29333	0	57	2021-09-15T23:09:37
9.18211	-53.29355	0	57	2021-09-15T23:14:38
9.18307	-53.29373	0	57	2021-09-15T23:19:39
9.18397	-53.29385	0	57	2021-09-15T23:24:40
9.18504	-53.29395	0	57	2021-09-15T23:29:43
9.18590	-53.29401	0	57	2021-09-15T23:34:45
9.18684	-53.29404	0	57	2021-09-15T23:39:43
9.18768	-53.29422	0	57	2021-09-15T23:44:46
9.18951	-53.29443	0	57	2021-09-15T23:54:50
9.19092	-53.29443	0	57	2021-09-16T00:04:51
9.19166	-53.29456	0	57	2021-09-16T00:09:50
9.19246	-53.29489	0	57	2021-09-16T00:14:48
9.19314	-53.29523	0	57	2021-09-16T00:19:48
9.19401	-53.29538	0	57	2021-09-16T00:24:50
9.19473	-53.29553	0	57	2021-09-16T00:29:48
9.19553	-53.29583	0	57	2021-09-16T00:34:52
9.19636	-53.29600	0	57	2021-09-16T00:39:53
9.19713	-53.29617	0	57	2021-09-16T00:44:53
9.19810	-53.29636	0	57	2021-09-16T00:50:25
9.19882	-53.29651	0	57	2021-09-16T00:54:52
9.19973	-53.29660	0	57	2021-09-16T00:59:53
9.20064	-53.29666	0	57	2021-09-16T01:04:56
9.20146	-53.29669	0	57	2021-09-16T01:09:55
9.20228	-53.29666	0	57	2021-09-16T01:14:54
9.20309	-53.29654	0	57	2021-09-16T01:19:56
9.20391	-53.29645	0	57	2021-09-16T01:24:56
9.20467	-53.29642	0	57	2021-09-16T01:29:58
9.20552	-53.29636	0	57	2021-09-16T01:34:57
9.20634	-53.29633	0	57	2021-09-16T01:39:58
9.20716	-53.29633	0	57	2021-09-16T01:44:57
9.20803	-53.29645	0	57	2021-09-16T01:50:27
9.20884	-53.29645	0	57	2021-09-16T01:55:02
9.20970	-53.29648	0	57	2021-09-16T02:00:02
9.21047	-53.29645	0	57	2021-09-16T02:05:00
9.21133	-53.29636	0	57	2021-09-16T02:10:03
9.21213	-53.29623	0	57	2021-09-16T02:15:01
9.21285	-53.29614	0	57	2021-09-16T02:20:02
9.21358	-53.29605	0	57	2021-09-16T02:25:02
9.21421	-53.29605	0	57	2021-09-16T02:30:01
9.21477	-53.29596	0	57	2021-09-16T02:35:04
9.21543	-53.29593	0	57	2021-09-16T02:40:02
9.21615	-53.29581	0	57	2021-09-16T02:45:06
9.21676	-53.29587	0	57	2021-09-16T02:50:27
9.21739	-53.29581	0	57	2021-09-16T02:55:05
9.21815	-53.29587	0	57	2021-09-16T03:00:05
9.21893	-53.29596	0	57	2021-09-16T03:05:05
9.21962	-53.29596	0	57	2021-09-16T03:10:04
9.22025	-53.29599	0	57	2021-09-16T03:15:03
9.22089	-53.29596	0	57	2021-09-16T03:20:05
9.22150	-53.29596	0	57	2021-09-16T03:25:02
9.22218	-53.29596	0	57	2021-09-16T03:30:03
9.22283	-53.29596	0	57	2021-09-16T03:35:03
9.22352	-53.29593	0	57	2021-09-16T03:40:01
9.22422	-53.29596	0	57	2021-09-16T03:45:08
9.22495	-53.29596	0	57	2021-09-16T03:50:07
9.22555	-53.29596	0	57	2021-09-16T03:55:07
9.22625	-53.29599	0	57	2021-09-16T04:00:07
9.22701	-53.29602	0	57	2021-09-16T04:05:09
9.22766	-53.29608	0	57	2021-09-16T04:10:10
9.22830	-53.29608	0	57	2021-09-16T04:15:10
9.22893	-53.29608	0	57	2021-09-16T04:20:14
9.22960	-53.29605	0	57	2021-09-16T04:25:08
9.23016	-53.29611	0	57	2021-09-16T04:30:08
9.23084	-53.29614	0	57	2021-09-16T04:35:09
9.23131	-53.29614	0	57	2021-09-16T04:40:08
9.23171	-53.29620	0	57	2021-09-16T04:45:08
9.23207	-53.29620	0	57	2021-09-16T04:50:27
9.23236	-53.29627	0	57	2021-09-16T04:55:10
9.23257	-53.29636	0	57	2021-09-16T05:00:10
9.23291	-53.29648	0	57	2021-09-16T05:05:08
9.23325	-53.29657	0	57	2021-09-16T05:10:08
9.23354	-53.29686	0	57	2021-09-16T05:15:13
9.23387	-53.29703	0	57	2021-09-16T05:20:13
9.23419	-53.29724	0	57	2021-09-16T05:25:11
9.23452	-53.29745	0	57	2021-09-16T05:30:15
9.23495	-53.29776	0	57	2021-09-16T05:35:16
9.23512	-53.29802	0	57	2021-09-16T05:40:16
9.23529	-53.29828	0	57	2021-09-16T05:45:15
9.23549	-53.29865	0	57	2021-09-16T05:50:54
9.23562	-53.29895	0	57	2021-09-16T05:55:21
9.23577	-53.29938	0	57	2021-09-16T06:00:21
9.23595	-53.29974	0	57	2021-09-16T06:05:21
9.23659	-53.30056	0	57	2021-09-16T06:15:23
9.23681	-53.30090	0	57	2021-09-16T06:20:24
9.23706	-53.30124	0	57	2021-09-16T06:25:24
9.23724	-53.30164	0	57	2021-09-16T06:30:25
9.23747	-53.30200	0	57	2021-09-16T06:35:27
9.23767	-53.30237	0	57	2021-09-16T06:40:24
9.23784	-53.30276	0	57	2021-09-16T06:45:24
9.23826	-53.30364	0	57	2021-09-16T06:55:22
9.23839	-53.30398	0	57	2021-09-16T07:00:23
9.23860	-53.30432	0	57	2021-09-16T07:05:23
9.23884	-53.30469	0	57	2021-09-16T07:10:24
9.23914	-53.30511	0	57	2021-09-16T07:15:25
9.23944	-53.30545	0	57	2021-09-16T07:20:25
9.24004	-53.30588	0	57	2021-09-16T07:25:24
9.24107	-53.30664	0	57	2021-09-16T07:35:21
9.24137	-53.30702	0	57	2021-09-16T07:40:22
9.24170	-53.30728	0	57	2021-09-16T07:45:23
9.24225	-53.30765	0	57	2021-09-16T07:50:55
9.24257	-53.30795	0	57	2021-09-16T07:55:20
9.24300	-53.30826	0	57	2021-09-16T08:00:21
9.24339	-53.30859	0	57	2021-09-16T08:05:19
9.24377	-53.30896	0	57	2021-09-16T08:10:17
9.24416	-53.30936	0	57	2021-09-16T08:15:19
9.24464	-53.30987	0	57	2021-09-16T08:20:21
9.24491	-53.31024	0	57	2021-09-16T08:25:19
9.24532	-53.31073	0	57	2021-09-16T08:30:20
9.24568	-53.31122	0	57	2021-09-16T08:35:19
9.24604	-53.31171	0	57	2021-09-16T08:40:21
9.24654	-53.31222	0	57	2021-09-16T08:45:56
9.24701	-53.31265	0	57	2021-09-16T08:50:56
9.24737	-53.31299	0	57	2021-09-16T08:55:24
9.24773	-53.31345	0	57	2021-09-16T09:00:23
9.24808	-53.31387	0	57	2021-09-16T09:05:24
9.24857	-53.31433	0	57	2021-09-16T09:10:23
9.24907	-53.31476	0	57	2021-09-16T09:15:23
9.24949	-53.31512	0	57	2021-09-16T09:20:20
9.24995	-53.31558	0	57	2021-09-16T09:25:22
9.25045	-53.31604	0	57	2021-09-16T09:30:21
9.25098	-53.31647	0	57	2021-09-16T09:35:19
9.25150	-53.31683	0	57	2021-09-16T09:40:20
9.25195	-53.31730	0	57	2021-09-16T09:45:24
9.25250	-53.31764	0	57	2021-09-16T09:50:24
9.25294	-53.31790	0	57	2021-09-16T09:55:23
9.25339	-53.31821	0	57	2021-09-16T10:00:23
9.25386	-53.31857	0	57	2021-09-16T10:05:24
9.25437	-53.31897	0	57	2021-09-16T10:10:24
9.25486	-53.31937	0	57	2021-09-16T10:15:26
9.25583	-53.32031	0	57	2021-09-16T10:25:28
9.25634	-53.32074	0	57	2021-09-16T10:30:28
9.25686	-53.32117	0	57	2021-09-16T10:35:28
9.25789	-53.32202	0	57	2021-09-16T10:45:28
9.25853	-53.32263	0	57	2021-09-16T10:50:32
9.25883	-53.32306	0	57	2021-09-16T10:55:32
9.25916	-53.32349	0	57	2021-09-16T11:00:32
9.25953	-53.32391	0	57	2021-09-16T11:05:30
9.25991	-53.32443	0	57	2021-09-16T11:10:28
9.26031	-53.32506	0	57	2021-09-16T11:15:35
9.26061	-53.32557	0	57	2021-09-16T11:20:34
9.26082	-53.32608	0	57	2021-09-16T11:25:34
9.26099	-53.32666	0	57	2021-09-16T11:30:35
9.26127	-53.32725	0	57	2021-09-16T11:35:36
9.26136	-53.32785	0	57	2021-09-16T11:40:36
9.26143	-53.32840	0	57	2021-09-16T11:45:38
9.26160	-53.32955	0	57	2021-09-16T11:55:40
9.26160	-53.33020	0	57	2021-09-16T12:00:41
9.26164	-53.33084	0	57	2021-09-16T12:05:41
9.26168	-53.33151	0	57	2021-09-16T12:10:42
9.26179	-53.33217	0	57	2021-09-16T12:15:41
9.26183	-53.33286	0	57	2021-09-16T12:20:40
9.26197	-53.33350	0	57	2021-09-16T12:25:37
9.26220	-53.33425	0	57	2021-09-16T12:30:38
9.26244	-53.33481	0	57	2021-09-16T12:35:38
9.26267	-53.33554	0	57	2021-09-16T12:40:39
9.26285	-53.33633	0	57	2021-09-16T12:45:37
9.26319	-53.33707	0	57	2021-09-16T12:51:07
9.26343	-53.33781	0	57	2021-09-16T12:55:38
9.26376	-53.33850	0	57	2021-09-16T13:00:38
9.26412	-53.33926	0	57	2021-09-16T13:05:36
9.26444	-53.34003	0	57	2021-09-16T13:10:37
9.26474	-53.34085	0	57	2021-09-16T13:15:40
9.26491	-53.34171	0	57	2021-09-16T13:20:39
9.26507	-53.34265	0	57	2021-09-16T13:25:39
9.26512	-53.34363	0	57	2021-09-16T13:30:43
9.26496	-53.34451	0	57	2021-09-16T13:35:42
9.26459	-53.34559	0	57	2021-09-16T13:40:45
9.26416	-53.34653	0	57	2021-09-16T13:45:45
9.26408	-53.34787	0	57	2021-09-16T13:51:26
9.26423	-53.34879	0	57	2021-09-16T13:55:45
9.26416	-53.34958	0	57	2021-09-16T14:00:48
9.26382	-53.35016	0	57	2021-09-16T14:05:50
9.26366	-53.35084	0	57	2021-09-16T14:10:47
9.26380	-53.35144	0	57	2021-09-16T14:15:48
9.26394	-53.35211	0	57	2021-09-16T14:20:49
9.26402	-53.35276	0	57	2021-09-16T14:25:50
9.26445	-53.35327	0	57	2021-09-16T14:30:50
9.26474	-53.35394	0	57	2021-09-16T14:35:50
9.26483	-53.35455	0	57	2021-09-16T14:40:52
9.26516	-53.35514	0	57	2021-09-16T14:46:27
9.26563	-53.35583	0	57	2021-09-16T14:51:27
9.26589	-53.35638	0	57	2021-09-16T14:55:55
9.26632	-53.35699	0	57	2021-09-16T15:00:52
9.26676	-53.35758	0	57	2021-09-16T15:05:56
9.26723	-53.35818	0	57	2021-09-16T15:10:56
9.26765	-53.35880	0	57	2021-09-16T15:15:54
9.26802	-53.35947	0	57	2021-09-16T15:20:51
9.26880	-53.36092	0	57	2021-09-16T15:30:50
9.26919	-53.36152	0	57	2021-09-16T15:35:50
9.26953	-53.36221	0	57	2021-09-16T15:40:51
9.26976	-53.36291	0	57	2021-09-16T15:46:26
9.26993	-53.36377	0	57	2021-09-16T15:51:27
9.27008	-53.36447	0	57	2021-09-16T15:55:53
9.27023	-53.36542	0	57	2021-09-16T16:00:54
9.27033	-53.36633	0	57	2021-09-16T16:05:52
9.27058	-53.36712	0	57	2021-09-16T16:11:06
9.27088	-53.36789	0	57	2021-09-16T16:16:05
9.27101	-53.36865	0	57	2021-09-16T16:20:52
9.27106	-53.36956	0	57	2021-09-16T16:26:09
9.27122	-53.37033	0	57	2021-09-16T16:31:08
9.27135	-53.37119	0	57	2021-09-16T16:36:09
9.27138	-53.37213	0	57	2021-09-16T16:41:09
9.27133	-53.37308	0	57	2021-09-16T16:46:10
9.27143	-53.37411	0	57	2021-09-16T16:51:37
9.27144	-53.37494	0	57	2021-09-16T16:55:58
9.27173	-53.37799	0	57	2021-09-16T17:11:09
9.27187	-53.37893	0	57	2021-09-16T17:16:08
9.27191	-53.37970	0	57	2021-09-16T17:21:08
9.27194	-53.38065	0	57	2021-09-16T17:26:09
9.27196	-53.38153	0	57	2021-09-16T17:31:09
9.27162	-53.38323	0	57	2021-09-16T17:41:30
9.27164	-53.38391	0	57	2021-09-16T17:46:11
9.27153	-53.38486	0	57	2021-09-16T17:51:31
9.27142	-53.38558	0	57	2021-09-16T17:55:58
9.27133	-53.38644	0	57	2021-09-16T18:00:58
9.27112	-53.38727	0	57	2021-09-16T18:05:56
9.27088	-53.38803	0	57	2021-09-16T18:10:58
9.27078	-53.38886	0	57	2021-09-16T18:15:58
9.27069	-53.38955	0	57	2021-09-16T18:20:59
9.27056	-53.39041	0	57	2021-09-16T18:25:59
9.27037	-53.39124	0	57	2021-09-16T18:31:01
9.27018	-53.39211	0	57	2021-09-16T18:36:01
9.26998	-53.39297	0	57	2021-09-16T18:41:02
9.26985	-53.39374	0	57	2021-09-16T18:46:02
9.26975	-53.39456	0	57	2021-09-16T18:51:27
9.26971	-53.39523	0	57	2021-09-16T18:55:58
9.26967	-53.39600	0	57	2021-09-16T19:00:57
9.26956	-53.39678	0	57	2021-09-16T19:05:55
9.26956	-53.39755	0	57	2021-09-16T19:10:56
9.26948	-53.39837	0	57	2021-09-16T19:15:57
9.26934	-53.39923	0	57	2021-09-16T19:20:57
9.26931	-53.40014	0	57	2021-09-16T19:26:02
9.26934	-53.40097	0	57	2021-09-16T19:31:00
9.26934	-53.40186	0	57	2021-09-16T19:36:03
9.26929	-53.40277	0	57	2021-09-16T19:41:01
9.26924	-53.40372	0	57	2021-09-16T19:46:01
9.26919	-53.40488	0	57	2021-09-16T19:51:26
9.26922	-53.40583	0	57	2021-09-16T19:56:04
9.26922	-53.40686	0	57	2021-09-16T20:01:04
9.26922	-53.40801	0	57	2021-09-16T20:06:00
9.26922	-53.40904	0	57	2021-09-16T20:10:59
9.26931	-53.41016	0	57	2021-09-16T20:15:59
9.26934	-53.41119	0	57	2021-09-16T20:21:03
9.26960	-53.41342	0	57	2021-09-16T20:31:02
9.26961	-53.41455	0	57	2021-09-16T20:36:06
9.26979	-53.41687	0	57	2021-09-16T20:46:05
9.26995	-53.41816	0	57	2021-09-16T20:51:05
9.27004	-53.41910	0	57	2021-09-16T20:56:06
9.27027	-53.42014	0	57	2021-09-16T21:01:07
9.27028	-53.42120	0	57	2021-09-16T21:06:08
9.27028	-53.42214	0	57	2021-09-16T21:11:09
9.27028	-53.42300	0	57	2021-09-16T21:16:09
9.27018	-53.42395	0	57	2021-09-16T21:21:10
9.27011	-53.42494	0	57	2021-09-16T21:26:15
9.26998	-53.42588	0	57	2021-09-16T21:31:15
9.26976	-53.42682	0	57	2021-09-16T21:36:14
9.26960	-53.42780	0	57	2021-09-16T21:41:14
9.26961	-53.42993	0	57	2021-09-16T21:51:18
9.26961	-53.43069	0	57	2021-09-16T21:56:16
9.26952	-53.43164	0	57	2021-09-16T22:01:17
9.26943	-53.43358	0	57	2021-09-16T22:11:22
9.26923	-53.43452	0	57	2021-09-16T22:16:21
9.26910	-53.43546	0	57	2021-09-16T22:21:21
9.26922	-53.43637	0	57	2021-09-16T22:26:21
9.26920	-53.43735	0	57	2021-09-16T22:31:23
9.26901	-53.43832	0	57	2021-09-16T22:36:23
9.26884	-53.43930	0	57	2021-09-16T22:41:24
9.26882	-53.44034	0	57	2021-09-16T22:46:24
9.26887	-53.44215	0	57	2021-09-16T22:56:23
9.26887	-53.44308	0	57	2021-09-16T23:01:26
9.26896	-53.44412	0	57	2021-09-16T23:06:23
9.26901	-53.44513	0	57	2021-09-16T23:11:22
9.26886	-53.44624	0	57	2021-09-16T23:16:19
9.26873	-53.44717	0	57	2021-09-16T23:21:20
9.26868	-53.44812	0	57	2021-09-16T23:26:19
9.26877	-53.44916	0	57	2021-09-16T23:31:18
9.26859	-53.45026	0	57	2021-09-16T23:36:21
9.26831	-53.45129	0	57	2021-09-16T23:41:19
9.26819	-53.45236	0	57	2021-09-16T23:46:16
9.26819	-53.45377	0	57	2021-09-16T23:51:56
9.26793	-53.45480	0	57	2021-09-16T23:56:15
9.26781	-53.45596	0	57	2021-09-17T00:01:18
9.26789	-53.45715	0	57	2021-09-17T00:06:20
9.26797	-53.45834	0	57	2021-09-17T00:11:17
9.26779	-53.45959	0	57	2021-09-17T00:16:20
9.26756	-53.46082	0	57	2021-09-17T00:21:19
9.26740	-53.46204	0	57	2021-09-17T00:26:22
9.26728	-53.46332	0	57	2021-09-17T00:31:17
9.26709	-53.46457	0	57	2021-09-17T00:36:20
9.26701	-53.46584	0	57	2021-09-17T00:41:26
9.26697	-53.46704	0	57	2021-09-17T00:46:26
9.26690	-53.46841	0	57	2021-09-17T00:51:53
9.26681	-53.46957	0	57	2021-09-17T00:56:29
9.26662	-53.47079	0	57	2021-09-17T01:01:29
9.26661	-53.47205	0	57	2021-09-17T01:06:30
9.26657	-53.47324	0	57	2021-09-17T01:11:31
9.26660	-53.47446	0	57	2021-09-17T01:16:30
9.26670	-53.47571	0	57	2021-09-17T01:21:31
9.26690	-53.47693	0	57	2021-09-17T01:26:29
9.26711	-53.47812	0	57	2021-09-17T01:31:30
9.26751	-53.48160	0	57	2021-09-17T01:46:33
9.26765	-53.48289	0	57	2021-09-17T01:51:34
9.26786	-53.48392	0	57	2021-09-17T01:56:34
9.26798	-53.48511	0	57	2021-09-17T02:01:35
9.26821	-53.48627	0	57	2021-09-17T02:06:37
9.26847	-53.48749	0	57	2021-09-17T02:11:49
9.26872	-53.48871	0	57	2021-09-17T02:16:48
9.26901	-53.48990	0	57	2021-09-17T02:21:50
9.26934	-53.49115	0	57	2021-09-17T02:26:51
9.26953	-53.49228	0	57	2021-09-17T02:31:37
9.26984	-53.49347	0	57	2021-09-17T02:36:36
9.27014	-53.49469	0	57	2021-09-17T02:41:39
9.27051	-53.49594	0	57	2021-09-17T02:46:39
9.27086	-53.49719	0	57	2021-09-17T02:51:55
9.27119	-53.49832	0	57	2021-09-17T02:56:36
9.27158	-53.49954	0	57	2021-09-17T03:01:37
9.27201	-53.50070	0	57	2021-09-17T03:06:35
9.27234	-53.50192	0	57	2021-09-17T03:11:34
9.27272	-53.50311	0	57	2021-09-17T03:16:33
9.27300	-53.50430	0	57	2021-09-17T03:21:34
9.27342	-53.50560	0	57	2021-09-17T03:26:35
9.27377	-53.50680	0	57	2021-09-17T03:31:35
9.27416	-53.50800	0	57	2021-09-17T03:36:36
9.27464	-53.50934	0	57	2021-09-17T03:41:33
9.27506	-53.51071	0	57	2021-09-17T03:46:34
9.27556	-53.51215	0	57	2021-09-17T03:51:58
9.27586	-53.51334	0	57	2021-09-17T03:56:35
9.27624	-53.51459	0	57	2021-09-17T04:01:36
9.27659	-53.51590	0	57	2021-09-17T04:06:34
9.27699	-53.51721	0	57	2021-09-17T04:11:34
9.27746	-53.51858	0	57	2021-09-17T04:16:34
9.27785	-53.51987	0	57	2021-09-17T04:21:33
9.27826	-53.52115	0	57	2021-09-17T04:26:32
9.27863	-53.52254	0	57	2021-09-17T04:31:35
9.27901	-53.52377	0	57	2021-09-17T04:36:34
9.27946	-53.52512	0	57	2021-09-17T04:41:36
9.27985	-53.52643	0	57	2021-09-17T04:46:36
9.28032	-53.52786	0	57	2021-09-17T04:51:56
9.28102	-53.53043	0	57	2021-09-17T05:01:35
9.28137	-53.53308	0	57	2021-09-17T05:11:36
9.28173	-53.53441	0	57	2021-09-17T05:16:35
9.28212	-53.53561	0	57	2021-09-17T05:21:35
9.28232	-53.53683	0	57	2021-09-17T05:26:36
9.28264	-53.53809	0	57	2021-09-17T05:31:37
9.28328	-53.53937	0	57	2021-09-17T05:36:38
9.28372	-53.54073	0	57	2021-09-17T05:41:41
9.28398	-53.54202	0	57	2021-09-17T05:46:40
9.28449	-53.54361	0	57	2021-09-17T05:52:26
9.28491	-53.54480	0	57	2021-09-17T05:56:44
9.28531	-53.54614	0	57	2021-09-17T06:01:44
9.28556	-53.54755	0	57	2021-09-17T06:06:46
9.28599	-53.54898	0	57	2021-09-17T06:11:47
9.28719	-53.55186	0	57	2021-09-17T06:21:44
9.28773	-53.55319	0	57	2021-09-17T06:26:46
9.28830	-53.55469	0	57	2021-09-17T06:31:43
9.28880	-53.55606	0	57	2021-09-17T06:36:46
9.28941	-53.55756	0	57	2021-09-17T06:41:47
9.29005	-53.55902	0	57	2021-09-17T06:46:46
9.29060	-53.56073	0	57	2021-09-17T06:52:25
9.29118	-53.56213	0	57	2021-09-17T06:56:47
9.29189	-53.56360	0	57	2021-09-17T07:01:47
9.29265	-53.56508	0	57	2021-09-17T07:06:49
9.29335	-53.56656	0	57	2021-09-17T07:11:47
9.29407	-53.56808	0	57	2021-09-17T07:16:50
9.29472	-53.56970	0	57	2021-09-17T07:21:51
9.29543	-53.57138	0	57	2021-09-17T07:26:51
9.29616	-53.57294	0	57	2021-09-17T07:31:49
9.29693	-53.57449	0	57	2021-09-17T07:36:50
9.29775	-53.57614	0	57	2021-09-17T07:41:51
9.29848	-53.57770	0	57	2021-09-17T07:46:53
9.29914	-53.57941	0	57	2021-09-17T07:52:26
9.29986	-53.58095	0	57	2021-09-17T07:56:57
9.30050	-53.58258	0	57	2021-09-17T08:01:58
9.30114	-53.58429	0	57	2021-09-17T08:06:59
9.30174	-53.58592	0	57	2021-09-17T08:11:59
9.30242	-53.58755	0	57	2021-09-17T08:16:58
9.30320	-53.58926	0	57	2021-09-17T08:21:58
9.30476	-53.59289	0	57	2021-09-17T08:32:00
9.30549	-53.59469	0	57	2021-09-17T08:37:00
9.30613	-53.59641	0	57	2021-09-17T08:42:00
9.30677	-53.59824	0	57	2021-09-17T08:47:02
9.30757	-53.60016	0	57	2021-09-17T08:52:26
9.30827	-53.60184	0	57	2021-09-17T08:57:01
9.30904	-53.60364	0	57	2021-09-17T09:02:01
9.30982	-53.60547	0	57	2021-09-17T09:07:01
9.31063	-53.60740	0	57	2021-09-17T09:11:59
9.31137	-53.60904	0	57	2021-09-17T09:17:00
9.31209	-53.61075	0	57	2021-09-17T09:21:59
9.31277	-53.61246	0	57	2021-09-17T09:27:01
9.31347	-53.61420	0	57	2021-09-17T09:31:59
9.31415	-53.61600	0	57	2021-09-17T09:36:59
9.31485	-53.61780	0	57	2021-09-17T09:42:00
9.31554	-53.61951	0	57	2021-09-17T09:47:04
9.31631	-53.62142	0	57	2021-09-17T09:52:03
9.31701	-53.62296	0	57	2021-09-17T09:57:03
9.31778	-53.62463	0	57	2021-09-17T10:02:03
9.31850	-53.62631	0	57	2021-09-17T10:07:04
9.31927	-53.62802	0	57	2021-09-17T10:12:05
9.32081	-53.63147	0	57	2021-09-17T10:22:02
9.32151	-53.63312	0	57	2021-09-17T10:27:04
9.32217	-53.63464	0	57	2021-09-17T10:32:01
9.32271	-53.63629	0	57	2021-09-17T10:37:02
9.32327	-53.63788	0	57	2021-09-17T10:42:05
9.32386	-53.63956	0	57	2021-09-17T10:47:03
9.32459	-53.64139	0	57	2021-09-17T10:52:24
9.32513	-53.64288	0	57	2021-09-17T10:57:02
9.32571	-53.64447	0	57	2021-09-17T11:02:05
9.32635	-53.64606	0	57	2021-09-17T11:07:03
9.32715	-53.64767	0	57	2021-09-17T11:12:04
9.32879	-53.65091	0	57	2021-09-17T11:22:06
9.32962	-53.65256	0	57	2021-09-17T11:27:05
9.33043	-53.65417	0	57	2021-09-17T11:32:07
9.33132	-53.65576	0	57	2021-09-17T11:37:05
9.33220	-53.65738	0	57	2021-09-17T11:42:08
9.33301	-53.65891	0	57	2021-09-17T11:47:10
9.33389	-53.66046	0	57	2021-09-17T11:52:26
9.33468	-53.66200	0	57	2021-09-17T11:57:12
9.33554	-53.66346	0	57	2021-09-17T12:02:12
9.33639	-53.66492	0	57	2021-09-17T12:07:12
9.33727	-53.66644	0	57	2021-09-17T12:12:10
9.33815	-53.66794	0	57	2021-09-17T12:17:11
9.33904	-53.66940	0	57	2021-09-17T12:22:09
9.34000	-53.67084	0	57	2021-09-17T12:27:10
9.34087	-53.67230	0	57	2021-09-17T12:32:10
9.34261	-53.67527	0	57	2021-09-17T12:42:23
9.34347	-53.67664	0	57	2021-09-17T12:47:24
9.34441	-53.67810	0	57	2021-09-17T12:52:24
9.34526	-53.67944	0	57	2021-09-17T12:57:10
9.34612	-53.68088	0	57	2021-09-17T13:02:11
9.34702	-53.68234	0	57	2021-09-17T13:07:12
9.34796	-53.68381	0	57	2021-09-17T13:12:09
9.34897	-53.68532	0	57	2021-09-17T13:17:10
9.34984	-53.68686	0	57	2021-09-17T13:22:10
9.35080	-53.68842	0	57	2021-09-17T13:27:09
9.35180	-53.68994	0	57	2021-09-17T13:32:09
9.35283	-53.69163	0	57	2021-09-17T13:37:09
9.35384	-53.69308	0	57	2021-09-17T13:42:07
9.35493	-53.69455	0	57	2021-09-17T13:47:08
9.35610	-53.69623	0	57	2021-09-17T13:52:26
9.35720	-53.69760	0	57	2021-09-17T13:57:09
9.35833	-53.69919	0	57	2021-09-17T14:02:10
9.35948	-53.70062	0	57	2021-09-17T14:07:10
9.36068	-53.70203	0	57	2021-09-17T14:12:12
9.36185	-53.70340	0	57	2021-09-17T14:17:11
9.36311	-53.70480	0	57	2021-09-17T14:22:10
9.36439	-53.70621	0	57	2021-09-17T14:27:11
9.36567	-53.70758	0	57	2021-09-17T14:32:15
9.36697	-53.70895	0	57	2021-09-17T14:37:16
9.36822	-53.71033	0	57	2021-09-17T14:42:14
9.36949	-53.71170	0	57	2021-09-17T14:47:15
9.37093	-53.71313	0	57	2021-09-17T14:52:40
9.37210	-53.71432	0	57	2021-09-17T14:57:11
9.37335	-53.71564	0	57	2021-09-17T15:02:12
9.37472	-53.71701	0	57	2021-09-17T15:07:10
9.37601	-53.71841	0	57	2021-09-17T15:12:07
9.37745	-53.71973	0	57	2021-09-17T15:17:08
9.37889	-53.72107	0	57	2021-09-17T15:22:07
9.38038	-53.72241	0	57	2021-09-17T15:27:08
9.38200	-53.72387	0	57	2021-09-17T15:32:05
9.38350	-53.72516	0	57	2021-09-17T15:37:04
9.38509	-53.72653	0	57	2021-09-17T15:42:04
9.38658	-53.72787	0	57	2021-09-17T15:47:05
9.38831	-53.72955	0	57	2021-09-17T15:52:25
9.38981	-53.73083	0	57	2021-09-17T15:57:06
9.39193	-53.73234	0	57	2021-09-17T16:02:20
9.39352	-53.73354	0	57	2021-09-17T16:07:20
9.39511	-53.73474	0	57	2021-09-17T16:12:21
9.39669	-53.73596	0	57	2021-09-17T16:17:18
9.39833	-53.73712	0	57	2021-09-17T16:22:19
9.39987	-53.73849	0	57	2021-09-17T16:27:19
9.40141	-53.73983	0	57	2021-09-17T16:32:20
9.40287	-53.74112	0	57	2021-09-17T16:37:21
9.40440	-53.74249	0	57	2021-09-17T16:42:23
9.40596	-53.74371	0	57	2021-09-17T16:47:23
9.40771	-53.74518	0	57	2021-09-17T16:52:43
9.40920	-53.74634	0	57	2021-09-17T16:57:20
9.41076	-53.74756	0	57	2021-09-17T17:02:17
9.41240	-53.74878	0	57	2021-09-17T17:07:18
9.41404	-53.74994	0	57	2021-09-17T17:12:18
9.41560	-53.75119	0	57	2021-09-17T17:17:15
9.41719	-53.75233	0	57	2021-09-17T17:22:14
9.41882	-53.75345	0	57	2021-09-17T17:27:14
9.42040	-53.75449	0	57	2021-09-17T17:31:57
9.42201	-53.75568	0	57	2021-09-17T17:37:01
9.42347	-53.75684	0	57	2021-09-17T17:42:01
9.42503	-53.75797	0	57	2021-09-17T17:47:25
9.42671	-53.75909	0	57	2021-09-17T17:52:26
9.42816	-53.76010	0	57	2021-09-17T17:57:00
9.42975	-53.76114	0	57	2021-09-17T18:01:58
9.43133	-53.76218	0	57	2021-09-17T18:06:59
9.43286	-53.76318	0	57	2021-09-17T18:11:58
9.43435	-53.76422	0	57	2021-09-17T18:17:00
9.43581	-53.76526	0	57	2021-09-17T18:21:57
9.43737	-53.76636	0	57	2021-09-17T18:26:57
9.43887	-53.76730	0	57	2021-09-17T18:31:58
9.44036	-53.76828	0	57	2021-09-17T18:36:59
9.44183	-53.76920	0	57	2021-09-17T18:41:59
9.44322	-53.77008	0	57	2021-09-17T18:47:00
9.44472	-53.77097	0	57	2021-09-17T18:52:25
9.44600	-53.77173	0	57	2021-09-17T18:57:01
9.44739	-53.77255	0	57	2021-09-17T19:02:00
9.44881	-53.77337	0	57	2021-09-17T19:07:04
9.45022	-53.77414	0	57	2021-09-17T19:12:04
9.45170	-53.77493	0	57	2021-09-17T19:17:06
9.45329	-53.77567	0	57	2021-09-17T19:22:07
9.45472	-53.77646	0	57	2021-09-17T19:27:11
9.45621	-53.77716	0	57	2021-09-17T19:32:13
9.45764	-53.77795	0	57	2021-09-17T19:37:12
9.45908	-53.77869	0	57	2021-09-17T19:42:10
9.46058	-53.77936	0	57	2021-09-17T19:47:14
9.46204	-53.78022	0	57	2021-09-17T19:52:13
9.46336	-53.78082	0	57	2021-09-17T19:57:13
9.46484	-53.78146	0	57	2021-09-17T20:02:11
9.46622	-53.78207	0	57	2021-09-17T20:07:10
9.46765	-53.78269	0	57	2021-09-17T20:12:08
9.46907	-53.78329	0	57	2021-09-17T20:17:08
9.47048	-53.78391	0	57	2021-09-17T20:22:08
9.47195	-53.78452	0	57	2021-09-17T20:27:06
9.47328	-53.78506	0	57	2021-09-17T20:32:06
9.47467	-53.78559	0	57	2021-09-17T20:37:05
9.47600	-53.78610	0	57	2021-09-17T20:42:05
9.47730	-53.78656	0	57	2021-09-17T20:47:03
9.47875	-53.78702	0	57	2021-09-17T20:52:06
9.47988	-53.78745	0	57	2021-09-17T20:57:05
9.48127	-53.78802	0	57	2021-09-17T21:02:05
9.48251	-53.78854	0	57	2021-09-17T21:07:06
9.48381	-53.78918	0	57	2021-09-17T21:12:07
9.48504	-53.78961	0	57	2021-09-17T21:17:08
9.48624	-53.79010	0	57	2021-09-17T21:22:07
9.48748	-53.79056	0	57	2021-09-17T21:27:05
9.48870	-53.79105	0	57	2021-09-17T21:32:07
9.48999	-53.79144	0	57	2021-09-17T21:37:08
9.49123	-53.79187	0	57	2021-09-17T21:42:08
9.49239	-53.79233	0	57	2021-09-17T21:47:11
9.49358	-53.79276	0	57	2021-09-17T21:52:26
9.49469	-53.79321	0	57	2021-09-17T21:57:09
9.49585	-53.79364	0	57	2021-09-17T22:02:08
9.49703	-53.79410	0	57	2021-09-17T22:07:09
9.49815	-53.79456	0	57	2021-09-17T22:12:09
9.49923	-53.79501	0	57	2021-09-17T22:17:10
9.50028	-53.79541	0	57	2021-09-17T22:22:07
9.50125	-53.79581	0	57	2021-09-17T22:27:09
9.50231	-53.79626	0	57	2021-09-17T22:32:09
9.50327	-53.79669	0	57	2021-09-17T22:37:09
9.50437	-53.79715	0	57	2021-09-17T22:42:07
9.50545	-53.79758	0	57	2021-09-17T22:47:08
9.50660	-53.79785	0	57	2021-09-17T22:52:24
9.50750	-53.79822	0	57	2021-09-17T22:57:09
9.50855	-53.79870	0	57	2021-09-17T23:02:09
9.50955	-53.79913	0	57	2021-09-17T23:07:08
9.51045	-53.79956	0	57	2021-09-17T23:12:08
9.51131	-53.80002	0	57	2021-09-17T23:17:11
9.51211	-53.80052	0	57	2021-09-17T23:22:10
9.51298	-53.80121	0	57	2021-09-17T23:27:10
9.51383	-53.80173	0	57	2021-09-17T23:32:08
9.51454	-53.80219	0	57	2021-09-17T23:37:09
9.51519	-53.80261	0	57	2021-09-17T23:42:09
9.51582	-53.80304	0	57	2021-09-17T23:47:09
9.51651	-53.80353	0	57	2021-09-17T23:52:27
9.51709	-53.80399	0	57	2021-09-17T23:57:11
9.51778	-53.80441	0	57	2021-09-18T00:02:09
9.51843	-53.80487	0	57	2021-09-18T00:07:20
9.51901	-53.80532	0	57	2021-09-18T00:12:10
9.51966	-53.80566	0	57	2021-09-18T00:17:10
9.52022	-53.80603	0	57	2021-09-18T00:22:08
9.52088	-53.80640	0	57	2021-09-18T00:27:09
9.52150	-53.80670	0	57	2021-09-18T00:32:09
9.52215	-53.80703	0	57	2021-09-18T00:37:11
9.52279	-53.80737	0	57	2021-09-18T00:42:11
9.52354	-53.80768	0	57	2021-09-18T00:47:13
9.52421	-53.80795	0	57	2021-09-18T00:52:28
9.52480	-53.80814	0	57	2021-09-18T00:57:11
9.52616	-53.80853	0	57	2021-09-18T01:07:11
9.52693	-53.80872	0	57	2021-09-18T01:12:13
9.52765	-53.80896	0	57	2021-09-18T01:17:10
9.52847	-53.80920	0	57	2021-09-18T01:22:11
9.52907	-53.80945	0	57	2021-09-18T01:27:09
9.52973	-53.80963	0	57	2021-09-18T01:32:11
9.53043	-53.80994	0	57	2021-09-18T01:37:12
9.53112	-53.81020	0	57	2021-09-18T01:42:14
9.53173	-53.81046	0	57	2021-09-18T01:47:15
9.53248	-53.81073	0	57	2021-09-18T01:53:13
9.53309	-53.81094	0	57	2021-09-18T01:57:33
9.53374	-53.81122	0	57	2021-09-18T02:02:37
9.53445	-53.81146	0	57	2021-09-18T02:07:37
9.53511	-53.81180	0	57	2021-09-18T02:12:38
9.53585	-53.81223	0	57	2021-09-18T02:17:38
9.53654	-53.81259	0	57	2021-09-18T02:22:40
9.53710	-53.81302	0	57	2021-09-18T02:27:38
9.53739	-53.81356	0	57	2021-09-18T02:32:41
9.53778	-53.81390	0	57	2021-09-18T02:37:40
9.53829	-53.81424	0	57	2021-09-18T02:42:40
9.53858	-53.81470	0	57	2021-09-18T02:47:40
9.53905	-53.81503	0	57	2021-09-18T02:52:58
9.53940	-53.81528	0	57	2021-09-18T02:57:27
9.53979	-53.81561	0	57	2021-09-18T03:02:28
9.54031	-53.81592	0	57	2021-09-18T03:07:28
9.54086	-53.81616	0	57	2021-09-18T03:12:29
9.54146	-53.81641	0	57	2021-09-18T03:17:27
9.54202	-53.81671	0	57	2021-09-18T03:22:27
9.54257	-53.81703	0	57	2021-09-18T03:27:25
9.54299	-53.81729	0	57	2021-09-18T03:32:25
9.54349	-53.81763	0	57	2021-09-18T03:37:25
9.54401	-53.81790	0	57	2021-09-18T03:42:26
9.54451	-53.81815	0	57	2021-09-18T03:47:24
9.54503	-53.81845	0	57	2021-09-18T03:52:56
9.54546	-53.81874	0	57	2021-09-18T03:57:30
9.54593	-53.81900	0	57	2021-09-18T04:02:30
9.54644	-53.81927	0	57	2021-09-18T04:07:24
9.54690	-53.81952	0	57	2021-09-18T04:12:25
9.54733	-53.81982	0	57	2021-09-18T04:17:29
9.54781	-53.82016	0	57	2021-09-18T04:22:26
9.54829	-53.82050	0	57	2021-09-18T04:27:27
9.54884	-53.82089	0	57	2021-09-18T04:32:27
9.54944	-53.82133	0	57	2021-09-18T04:37:26
9.55000	-53.82159	0	57	2021-09-18T04:42:26
9.55058	-53.82193	0	57	2021-09-18T04:47:57
9.55114	-53.82227	0	57	2021-09-18T04:52:57
9.55169	-53.82251	0	57	2021-09-18T04:57:28
9.55294	-53.82333	0	57	2021-09-18T05:07:26
9.55355	-53.82367	0	57	2021-09-18T05:12:26
9.55419	-53.82401	0	57	2021-09-18T05:17:25
9.55481	-53.82443	0	57	2021-09-18T05:22:28
9.55546	-53.82489	0	57	2021-09-18T05:27:26
9.55602	-53.82523	0	57	2021-09-18T05:32:27
9.55660	-53.82559	0	57	2021-09-18T05:37:26
9.55719	-53.82599	0	57	2021-09-18T05:42:24
9.55782	-53.82645	0	57	2021-09-18T05:47:25
9.55857	-53.82684	0	57	2021-09-18T05:52:53
9.55907	-53.82712	0	57	2021-09-18T05:57:26
9.55967	-53.82742	0	57	2021-09-18T06:02:28
9.56028	-53.82776	0	57	2021-09-18T06:07:26
9.56091	-53.82806	0	57	2021-09-18T06:12:28
9.56151	-53.82837	0	57	2021-09-18T06:17:30
9.56209	-53.82880	0	57	2021-09-18T06:22:31
9.56265	-53.82906	0	57	2021-09-18T06:27:31
9.56309	-53.82932	0	57	2021-09-18T06:32:30
9.56356	-53.82959	0	57	2021-09-18T06:37:30
9.56401	-53.82977	0	57	2021-09-18T06:42:32
9.56448	-53.83014	0	57	2021-09-18T06:47:32
9.56497	-53.83038	0	57	2021-09-18T06:52:56
9.56542	-53.83069	0	57	2021-09-18T06:57:34
9.56596	-53.83092	0	57	2021-09-18T07:02:38
9.56639	-53.83118	0	57	2021-09-18T07:07:39
9.56689	-53.83148	0	57	2021-09-18T07:12:41
9.56742	-53.83176	0	57	2021-09-18T07:17:42
9.56845	-53.83234	0	57	2021-09-18T07:27:50
9.56910	-53.83266	0	57	2021-09-18T07:32:47
9.56957	-53.83300	0	57	2021-09-18T07:37:48
9.57000	-53.83334	0	57	2021-09-18T07:42:48
9.57048	-53.83368	0	57	2021-09-18T07:47:46
9.57099	-53.83405	0	57	2021-09-18T07:53:26
9.57136	-53.83435	0	57	2021-09-18T07:57:47
9.57178	-53.83472	0	57	2021-09-18T08:02:49
9.57217	-53.83508	0	57	2021-09-18T08:07:46
9.57254	-53.83539	0	57	2021-09-18T08:12:46
9.57290	-53.83575	0	57	2021-09-18T08:17:47
9.57332	-53.83606	0	57	2021-09-18T08:22:48
9.57375	-53.83640	0	57	2021-09-18T08:27:49
9.57422	-53.83677	0	57	2021-09-18T08:32:50
9.57465	-53.83703	0	57	2021-09-18T08:37:51
9.57465	-53.83704	0	57	2021-09-18T08:37:58
9.57499	-53.83737	0	57	2021-09-18T08:42:51
9.57534	-53.83768	0	57	2021-09-18T08:47:53
9.57569	-53.83792	0	57	2021-09-18T08:53:25
9.57593	-53.83821	0	57	2021-09-18T08:57:58
9.57624	-53.83847	0	57	2021-09-18T09:02:59
9.57651	-53.83875	0	57	2021-09-18T09:07:57
9.57715	-53.83929	0	57	2021-09-18T09:18:01
9.57745	-53.83955	0	57	2021-09-18T09:23:01
9.57779	-53.83972	0	57	2021-09-18T09:28:00
9.57818	-53.83996	0	57	2021-09-18T09:32:59
9.57851	-53.84022	0	57	2021-09-18T09:37:58
9.57850	-53.84024	0	57	2021-09-18T09:38:09
9.57886	-53.84048	0	57	2021-09-18T09:42:58
9.57923	-53.84076	0	57	2021-09-18T09:48:26
9.57957	-53.84085	0	57	2021-09-18T09:53:26
9.57984	-53.84106	0	57	2021-09-18T09:57:57
9.58020	-53.84125	0	57	2021-09-18T10:02:58
9.58066	-53.84146	0	57	2021-09-18T10:07:58
9.58109	-53.84164	0	57	2021-09-18T10:12:58
9.58156	-53.84207	0	57	2021-09-18T10:18:00
9.58200	-53.84225	0	57	2021-09-18T10:22:58
9.58249	-53.84254	0	57	2021-09-18T10:27:59
9.58292	-53.84271	0	57	2021-09-18T10:32:59
9.58342	-53.84299	0	57	2021-09-18T10:38:02
9.58389	-53.84320	0	57	2021-09-18T10:43:01
9.58437	-53.84351	0	57	2021-09-18T10:48:02
9.58483	-53.84378	0	57	2021-09-18T10:53:25
9.58527	-53.84402	0	57	2021-09-18T10:58:03
9.58578	-53.84439	0	57	2021-09-18T11:03:07
9.58616	-53.84454	0	57	2021-09-18T11:08:05
9.58657	-53.84482	0	57	2021-09-18T11:13:06
9.58700	-53.84512	0	57	2021-09-18T11:18:05
9.58742	-53.84540	0	57	2021-09-18T11:23:04
9.58792	-53.84580	0	57	2021-09-18T11:28:09
9.58826	-53.84592	0	57	2021-09-18T11:33:05
9.58864	-53.84631	0	57	2021-09-18T11:38:10
9.58899	-53.84650	0	57	2021-09-18T11:43:08
9.58943	-53.84675	0	57	2021-09-18T11:48:39
9.58990	-53.84692	0	57	2021-09-18T11:53:39
9.59021	-53.84714	0	57	2021-09-18T11:58:12
9.59082	-53.84738	0	57	2021-09-18T12:08:16
9.59104	-53.84761	0	57	2021-09-18T12:13:20
9.59126	-53.84778	0	57	2021-09-18T12:18:20
9.59159	-53.84793	0	57	2021-09-18T12:23:17
9.59193	-53.84815	0	57	2021-09-18T12:28:15
9.59215	-53.84824	0	57	2021-09-18T12:33:16
9.59244	-53.84839	0	57	2021-09-18T12:38:16
9.59310	-53.84865	0	57	2021-09-18T12:48:11
9.59331	-53.84882	0	57	2021-09-18T12:53:11
9.59343	-53.84891	0	57	2021-09-18T12:58:12
9.59368	-53.84909	0	57	2021-09-18T13:03:13
9.59389	-53.84930	0	57	2021-09-18T13:08:10
9.59408	-53.84949	0	57	2021-09-18T13:13:11
9.59426	-53.84967	0	57	2021-09-18T13:18:09
9.59446	-53.84985	0	57	2021-09-18T13:23:11
9.59477	-53.85004	0	57	2021-09-18T13:28:10
9.59498	-53.85019	0	57	2021-09-18T13:33:11
9.59526	-53.85031	0	57	2021-09-18T13:38:11
9.59556	-53.85040	0	57	2021-09-18T13:43:12
9.59585	-53.85052	0	57	2021-09-18T13:48:12
9.59620	-53.85083	0	57	2021-09-18T13:53:37
9.59652	-53.85098	0	57	2021-09-18T13:58:15
9.59686	-53.85098	0	57	2021-09-18T14:03:15
9.59721	-53.85110	0	57	2021-09-18T14:08:16
9.59763	-53.85126	0	57	2021-09-18T14:13:14
9.59808	-53.85147	0	57	2021-09-18T14:18:14
9.59862	-53.85168	0	57	2021-09-18T14:23:16
9.59914	-53.85187	0	57	2021-09-18T14:28:17
9.59962	-53.85211	0	57	2021-09-18T14:33:17
9.60016	-53.85233	0	57	2021-09-18T14:38:18
9.60072	-53.85254	0	57	2021-09-18T14:43:17
9.60119	-53.85272	0	57	2021-09-18T14:48:18
9.60222	-53.85308	0	57	2021-09-18T14:58:17
9.60265	-53.85325	0	57	2021-09-18T15:03:18
9.60308	-53.85342	0	57	2021-09-18T15:08:18
9.60347	-53.85370	0	57	2021-09-18T15:13:16
9.60398	-53.85411	0	57	2021-09-18T15:18:13
9.60445	-53.85437	0	57	2021-09-18T15:23:14
9.60511	-53.85480	0	57	2021-09-18T15:28:15
9.60562	-53.85507	0	57	2021-09-18T15:33:14
9.60622	-53.85544	0	57	2021-09-18T15:38:16
9.60676	-53.85574	0	57	2021-09-18T15:43:20
9.60732	-53.85611	0	57	2021-09-18T15:48:18
9.60783	-53.85648	0	57	2021-09-18T15:53:58
9.60820	-53.85672	0	57	2021-09-18T15:58:22
9.60873	-53.85705	0	57	2021-09-18T16:03:27
9.60920	-53.85722	0	57	2021-09-18T16:08:26
9.60966	-53.85739	0	57	2021-09-18T16:13:26
9.61020	-53.85757	0	57	2021-09-18T16:18:28
9.61070	-53.85770	0	57	2021-09-18T16:23:28
9.61206	-53.85806	0	57	2021-09-18T16:38:31
9.61243	-53.85828	0	57	2021-09-18T16:43:34
9.61289	-53.85843	0	57	2021-09-18T16:48:32
9.61342	-53.85864	0	57	2021-09-18T16:53:55
9.61373	-53.85883	0	57	2021-09-18T16:58:31
9.61419	-53.85907	0	57	2021-09-18T17:03:32
9.61449	-53.85924	0	57	2021-09-18T17:08:32
9.61483	-53.85941	0	57	2021-09-18T17:13:33
9.61525	-53.85947	0	57	2021-09-18T17:18:33
9.61553	-53.85971	0	57	2021-09-18T17:23:31
9.61584	-53.85989	0	57	2021-09-18T17:28:28
9.61614	-53.85989	0	57	2021-09-18T17:33:28
9.61636	-53.85995	0	57	2021-09-18T17:38:28
9.61664	-53.86011	0	57	2021-09-18T17:43:30
9.61697	-53.86021	0	57	2021-09-18T17:49:06
9.61736	-53.86038	0	57	2021-09-18T17:54:06
9.61748	-53.86044	0	57	2021-09-18T17:58:29
9.61762	-53.86050	0	57	2021-09-18T18:03:33
9.61781	-53.86063	0	57	2021-09-18T18:08:30
9.61797	-53.86072	0	57	2021-09-18T18:13:30
9.61806	-53.86078	0	57	2021-09-18T18:18:31
9.61806	-53.86090	0	57	2021-09-18T18:23:33
9.61813	-53.86106	0	57	2021-09-18T18:28:31
9.61809	-53.86115	0	57	2021-09-18T18:38:32
9.61819	-53.86124	0	57	2021-09-18T18:43:30
9.61825	-53.86130	0	57	2021-09-18T18:48:32
9.61825	-53.86133	0	57	2021-09-18T18:53:57
9.61825	-53.86151	0	57	2021-09-18T18:58:28
9.61835	-53.86169	0	57	2021-09-18T19:03:29
9.61838	-53.86188	0	57	2021-09-18T19:08:29
9.61849	-53.86203	0	57	2021-09-18T19:13:29
9.61849	-53.86209	0	57	2021-09-18T19:18:30
9.61851	-53.86215	0	57	2021-09-18T19:23:31
9.61858	-53.86215	0	57	2021-09-18T19:28:26
9.61863	-53.86215	0	57	2021-09-18T19:33:26
9.61866	-53.86203	0	57	2021-09-18T19:38:27
9.61869	-53.86197	0	57	2021-09-18T19:43:26
9.61872	-53.86188	0	57	2021-09-18T19:48:25
9.61871	-53.86172	0	57	2021-09-18T19:53:56
9.61869	-53.86159	0	57	2021-09-18T19:58:27
9.61865	-53.86142	0	57	2021-09-18T20:03:27
9.61861	-53.86118	0	57	2021-09-18T20:08:29
9.61853	-53.86096	0	57	2021-09-18T20:13:29
9.61851	-53.86070	0	57	2021-09-18T20:18:28
9.61851	-53.86072	0	57	2021-09-18T20:18:38
9.61842	-53.86044	0	57	2021-09-18T20:23:27
9.61839	-53.86014	0	57	2021-09-18T20:28:28
9.61842	-53.85986	0	57	2021-09-18T20:33:27
9.61841	-53.85947	0	57	2021-09-18T20:38:26
9.61841	-53.85956	0	57	2021-09-18T20:38:37
9.61827	-53.85925	0	57	2021-09-18T20:43:26
9.61828	-53.85895	0	57	2021-09-18T20:48:27
9.61849	-53.85861	0	57	2021-09-18T20:53:58
9.61853	-53.85831	0	57	2021-09-18T20:58:24
9.61861	-53.85790	0	57	2021-09-18T21:03:26
9.61870	-53.85764	0	57	2021-09-18T21:08:26
9.61891	-53.85706	0	57	2021-09-18T21:18:25
9.61896	-53.85667	0	57	2021-09-18T21:23:41
9.61900	-53.85641	0	57	2021-09-18T21:28:42
9.61905	-53.85614	0	57	2021-09-18T21:33:27
9.61910	-53.85550	0	57	2021-09-18T21:43:25
9.61908	-53.85520	0	57	2021-09-18T21:48:33
9.61905	-53.85474	0	57	2021-09-18T21:54:21
9.61913	-53.85452	0	57	2021-09-18T21:58:32
9.61914	-53.85426	0	57	2021-09-18T22:03:33
9.61910	-53.85400	0	57	2021-09-18T22:08:33
9.61924	-53.85342	0	57	2021-09-18T22:23:36
9.61928	-53.85324	0	57	2021-09-18T22:28:37
9.61928	-53.85315	0	57	2021-09-18T22:33:37
9.61927	-53.85312	0	57	2021-09-18T22:33:40
9.61937	-53.85297	0	57	2021-09-18T22:38:38
9.61936	-53.85295	0	57	2021-09-18T22:38:39
9.61936	-53.85269	0	57	2021-09-18T22:43:39
9.61942	-53.85252	0	57	2021-09-18T22:48:36
9.61941	-53.85254	0	57	2021-09-18T22:48:39
9.61963	-53.85269	0	57	2021-09-18T22:53:36
9.61971	-53.85269	0	57	2021-09-18T22:58:35
9.61984	-53.85248	0	57	2021-09-18T23:03:36
9.62003	-53.85226	0	57	2021-09-18T23:08:35
9.62018	-53.85205	0	57	2021-09-18T23:13:36
9.62035	-53.85190	0	57	2021-09-18T23:18:33
9.62046	-53.85168	0	57	2021-09-18T23:23:34
9.62062	-53.85152	0	57	2021-09-18T23:28:35
9.62071	-53.85126	0	57	2021-09-18T23:33:35
9.62082	-53.85101	0	57	2021-09-18T23:38:37
9.62093	-53.85071	0	57	2021-09-18T23:43:34
9.62106	-53.85043	0	57	2021-09-18T23:48:32
9.62124	-53.85016	0	57	2021-09-18T23:53:59
9.62142	-53.84998	0	57	2021-09-18T23:58:33
9.62158	-53.84973	0	57	2021-09-19T00:03:34
9.62170	-53.84946	0	57	2021-09-19T00:08:34
9.62174	-53.84915	0	57	2021-09-19T00:13:35
9.62182	-53.84888	0	57	2021-09-19T00:18:33
9.62191	-53.84860	0	57	2021-09-19T00:23:34
9.62191	-53.84835	0	57	2021-09-19T00:28:34
9.62182	-53.84818	0	57	2021-09-19T00:33:35
9.62168	-53.84796	0	57	2021-09-19T00:38:32
9.62162	-53.84775	0	57	2021-09-19T00:43:35
9.62154	-53.84744	0	57	2021-09-19T00:48:34
9.62156	-53.84714	0	57	2021-09-19T00:53:54
9.62151	-53.84686	0	57	2021-09-19T00:58:36
9.62144	-53.84656	0	57	2021-09-19T01:03:40
9.62144	-53.84628	0	57	2021-09-19T01:08:37
9.62140	-53.84595	0	57	2021-09-19T01:13:38
9.62135	-53.84560	0	57	2021-09-19T01:18:42
9.62135	-53.84534	0	57	2021-09-19T01:23:42
9.62140	-53.84506	0	57	2021-09-19T01:28:40
9.62146	-53.84479	0	57	2021-09-19T01:33:42
9.62149	-53.84451	0	57	2021-09-19T01:38:42
9.62153	-53.84424	0	57	2021-09-19T01:43:43
9.62161	-53.84396	0	57	2021-09-19T01:48:41
9.62163	-53.84372	0	57	2021-09-19T01:54:04
9.62165	-53.84351	0	57	2021-09-19T01:58:42
9.62170	-53.84332	0	57	2021-09-19T02:03:43
9.62180	-53.84314	0	57	2021-09-19T02:08:42
9.62186	-53.84299	0	57	2021-09-19T02:13:44
9.62181	-53.84283	0	57	2021-09-19T02:18:42
9.62174	-53.84274	0	57	2021-09-19T02:23:45
9.62170	-53.84262	0	57	2021-09-19T02:28:44
9.62157	-53.84250	0	57	2021-09-19T02:33:45
9.62151	-53.84244	0	57	2021-09-19T02:38:45
9.62148	-53.84235	0	57	2021-09-19T02:43:48
9.62140	-53.84225	0	57	2021-09-19T02:48:43
9.62130	-53.84216	0	57	2021-09-19T02:54:09
9.62133	-53.84204	0	57	2021-09-19T02:58:45
9.62128	-53.84204	0	57	2021-09-19T03:03:48
9.62129	-53.84204	0	57	2021-09-19T03:08:46
9.62121	-53.84210	0	57	2021-09-19T03:13:47
9.62113	-53.84216	0	57	2021-09-19T03:18:45
9.62097	-53.84216	0	57	2021-09-19T03:23:44
9.62083	-53.84225	0	57	2021-09-19T03:28:46
9.62059	-53.84232	0	57	2021-09-19T03:33:47
9.62038	-53.84241	0	57	2021-09-19T03:38:46
9.62015	-53.84256	0	57	2021-09-19T03:43:48
9.61996	-53.84265	0	57	2021-09-19T03:48:49
9.61969	-53.84280	0	57	2021-09-19T03:54:23
9.61960	-53.84296	0	57	2021-09-19T03:58:46
9.61940	-53.84321	0	57	2021-09-19T04:03:44
9.61927	-53.84338	0	57	2021-09-19T04:08:45
9.61900	-53.84357	0	57	2021-09-19T04:13:46
9.61877	-53.84378	0	57	2021-09-19T04:18:45
9.61860	-53.84402	0	57	2021-09-19T04:23:46
9.61844	-53.84424	0	57	2021-09-19T04:28:44
9.61829	-53.84442	0	57	2021-09-19T04:33:45
9.61802	-53.84468	0	57	2021-09-19T04:38:46
9.61781	-53.84485	0	57	2021-09-19T04:43:47
9.61752	-53.84500	0	57	2021-09-19T04:48:44
9.61717	-53.84525	0	57	2021-09-19T04:54:08
9.61692	-53.84543	0	57	2021-09-19T04:58:45
9.61664	-53.84570	0	57	2021-09-19T05:03:46
9.61637	-53.84592	0	57	2021-09-19T05:08:44
9.61600	-53.84613	0	57	2021-09-19T05:13:44
9.61565	-53.84637	0	57	2021-09-19T05:18:45
9.61522	-53.84662	0	57	2021-09-19T05:23:46
9.61490	-53.84686	0	57	2021-09-19T05:28:46
9.61449	-53.84714	0	57	2021-09-19T05:33:44
9.61411	-53.84744	0	57	2021-09-19T05:38:45
9.61368	-53.84778	0	57	2021-09-19T05:43:46
9.61284	-53.84839	0	57	2021-09-19T05:54:06
9.61248	-53.84871	0	57	2021-09-19T05:58:45
9.61215	-53.84897	0	57	2021-09-19T06:03:45
9.61175	-53.84933	0	57	2021-09-19T06:08:43
9.61140	-53.84976	0	57	2021-09-19T06:13:44
9.61103	-53.85025	0	57	2021-09-19T06:18:43
9.61074	-53.85076	0	57	2021-09-19T06:23:43
9.61041	-53.85110	0	57	2021-09-19T06:28:42
9.61001	-53.85147	0	57	2021-09-19T06:33:45
9.60957	-53.85187	0	57	2021-09-19T06:38:43
9.60920	-53.85226	0	57	2021-09-19T06:43:44
9.60868	-53.85266	0	57	2021-09-19T06:48:45
9.60824	-53.85318	0	57	2021-09-19T06:54:24
9.60791	-53.85358	0	57	2021-09-19T06:58:47
9.60744	-53.85400	0	57	2021-09-19T07:03:45
9.60699	-53.85443	0	57	2021-09-19T07:08:47
9.60647	-53.85486	0	57	2021-09-19T07:13:49
9.60600	-53.85529	0	57	2021-09-19T07:18:46
9.60558	-53.85565	0	57	2021-09-19T07:23:47
9.60524	-53.85608	0	57	2021-09-19T07:28:49
9.60479	-53.85645	0	57	2021-09-19T07:33:48
9.60441	-53.85681	0	57	2021-09-19T07:38:46
9.60403	-53.85724	0	57	2021-09-19T07:43:47
9.60375	-53.85760	0	57	2021-09-19T07:48:45
9.60330	-53.85806	0	57	2021-09-19T07:54:08
9.60283	-53.85854	0	57	2021-09-19T07:58:46
9.60238	-53.85886	0	57	2021-09-19T08:03:46
9.60188	-53.85931	0	57	2021-09-19T08:08:46
9.60145	-53.85971	0	57	2021-09-19T08:13:48
9.60089	-53.86014	0	57	2021-09-19T08:18:46
9.60030	-53.86057	0	57	2021-09-19T08:23:49
9.59960	-53.86096	0	57	2021-09-19T08:28:51
9.59883	-53.86142	0	57	2021-09-19T08:33:51
9.59803	-53.86194	0	57	2021-09-19T08:38:51
9.59726	-53.86245	0	57	2021-09-19T08:43:50
9.59653	-53.86288	0	57	2021-09-19T08:48:50
9.59572	-53.86343	0	57	2021-09-19T08:54:25
9.59512	-53.86389	0	57	2021-09-19T08:58:47
9.59434	-53.86445	0	57	2021-09-19T09:03:45
9.59352	-53.86496	0	57	2021-09-19T09:08:45
9.59262	-53.86548	0	57	2021-09-19T09:13:43
9.59164	-53.86600	0	57	2021-09-19T09:18:44
9.59066	-53.86661	0	57	2021-09-19T09:23:45
9.58966	-53.86719	0	57	2021-09-19T09:28:45
9.58868	-53.86780	0	57	2021-09-19T09:33:45
9.58775	-53.86841	0	57	2021-09-19T09:38:43
9.58675	-53.86905	0	57	2021-09-19T09:43:43
9.58573	-53.86966	0	57	2021-09-19T09:48:45
9.58464	-53.87030	0	57	2021-09-19T09:54:06
9.58364	-53.87085	0	57	2021-09-19T09:58:46
9.58250	-53.87146	0	57	2021-09-19T10:03:48
9.58140	-53.87207	0	57	2021-09-19T10:08:44
9.58026	-53.87274	0	57	2021-09-19T10:13:46
9.57907	-53.87341	0	57	2021-09-19T10:18:46
9.57790	-53.87406	0	57	2021-09-19T10:23:47
9.57684	-53.87466	0	57	2021-09-19T10:28:47
9.57578	-53.87538	0	57	2021-09-19T10:33:44
9.57479	-53.87598	0	57	2021-09-19T10:38:43
9.57372	-53.87668	0	57	2021-09-19T10:43:44
9.57274	-53.87735	0	57	2021-09-19T10:48:47
9.57161	-53.87829	0	57	2021-09-19T10:53:47
9.57086	-53.87888	0	57	2021-09-19T10:58:46
9.56997	-53.87958	0	57	2021-09-19T11:03:46
9.56912	-53.88025	0	57	2021-09-19T11:08:44
9.56830	-53.88098	0	57	2021-09-19T11:13:45
9.56748	-53.88168	0	57	2021-09-19T11:18:44
9.56668	-53.88242	0	57	2021-09-19T11:23:46
9.56584	-53.88323	0	57	2021-09-19T11:28:44
9.56498	-53.88400	0	57	2021-09-19T11:33:44
9.56415	-53.88477	0	57	2021-09-19T11:38:45
9.56337	-53.88553	0	57	2021-09-19T11:43:44
9.56255	-53.88632	0	57	2021-09-19T11:48:46
9.56162	-53.88734	0	57	2021-09-19T11:53:50
9.56093	-53.88803	0	57	2021-09-19T11:58:49
9.56019	-53.88895	0	57	2021-09-19T12:03:48
9.55946	-53.88989	0	57	2021-09-19T12:08:46
9.55871	-53.89081	0	57	2021-09-19T12:13:49
9.55800	-53.89182	0	57	2021-09-19T12:18:48
9.55725	-53.89279	0	57	2021-09-19T12:23:49
9.55658	-53.89380	0	57	2021-09-19T12:28:49
9.55599	-53.89484	0	57	2021-09-19T12:33:50
9.55542	-53.89581	0	57	2021-09-19T12:38:47
9.55490	-53.89682	0	57	2021-09-19T12:43:48
9.55425	-53.89783	0	57	2021-09-19T12:48:46
9.55364	-53.89899	0	57	2021-09-19T12:54:27
9.55305	-53.89996	0	57	2021-09-19T12:58:47
9.55242	-53.90106	0	57	2021-09-19T13:03:59
9.55186	-53.90216	0	57	2021-09-19T13:08:47
9.55132	-53.90326	0	57	2021-09-19T13:13:50
9.55081	-53.90439	0	57	2021-09-19T13:18:47
9.55017	-53.90546	0	57	2021-09-19T13:23:50
9.54959	-53.90662	0	57	2021-09-19T13:28:48
9.54899	-53.90775	0	57	2021-09-19T13:33:50
9.54829	-53.90891	0	57	2021-09-19T13:38:50
9.54766	-53.91010	0	57	2021-09-19T13:43:51
9.54696	-53.91122	0	57	2021-09-19T13:48:55
9.54630	-53.91254	0	57	2021-09-19T13:54:26
9.54580	-53.91360	0	57	2021-09-19T13:58:54
9.54515	-53.91483	0	57	2021-09-19T14:03:54
9.54452	-53.91602	0	57	2021-09-19T14:08:54
9.54383	-53.91721	0	57	2021-09-19T14:13:55
9.54233	-53.91975	0	57	2021-09-19T14:23:57
9.54168	-53.92095	0	57	2021-09-19T14:28:57
9.54096	-53.92215	0	57	2021-09-19T14:33:56
9.54027	-53.92346	0	57	2021-09-19T14:38:55
9.53947	-53.92476	0	57	2021-09-19T14:43:57
9.53866	-53.92596	0	57	2021-09-19T14:48:58
9.53777	-53.92737	0	57	2021-09-19T14:54:25
9.53621	-53.92990	0	57	2021-09-19T15:04:03
9.53539	-53.93119	0	57	2021-09-19T15:09:02
9.53457	-53.93256	0	57	2021-09-19T15:14:02
9.53378	-53.93408	0	57	2021-09-19T15:19:03
9.53293	-53.93559	0	57	2021-09-19T15:24:04
9.53139	-53.93765	0	57	2021-09-19T15:29:05
9.52980	-53.93967	0	57	2021-09-19T15:34:06
9.52842	-53.94162	0	57	2021-09-19T15:39:06
9.52698	-53.94345	0	57	2021-09-19T15:44:08
9.52562	-53.94535	0	57	2021-09-19T15:49:38
9.52403	-53.94724	0	57	2021-09-19T15:54:37
9.52272	-53.94898	0	57	2021-09-19T15:59:11
9.52143	-53.95087	0	57	2021-09-19T16:04:11
9.52018	-53.95288	0	57	2021-09-19T16:09:11
9.51890	-53.95483	0	57	2021-09-19T16:14:13
9.51777	-53.95679	0	57	2021-09-19T16:19:13
9.51679	-53.95859	0	57	2021-09-19T16:24:11
9.51572	-53.96039	0	57	2021-09-19T16:29:19
9.51464	-53.96240	0	57	2021-09-19T16:34:20
9.51343	-53.96455	0	57	2021-09-19T16:39:21
9.51228	-53.96661	0	57	2021-09-19T16:44:21
9.51124	-53.96875	0	57	2021-09-19T16:49:23
9.51023	-53.97116	0	57	2021-09-19T16:54:55
9.50962	-53.97308	0	57	2021-09-19T16:59:27
9.50872	-53.97525	0	57	2021-09-19T17:04:25
9.50780	-53.97745	0	57	2021-09-19T17:09:26
9.50694	-53.97989	0	57	2021-09-19T17:14:30
9.50625	-53.98212	0	57	2021-09-19T17:19:31
9.50564	-53.98444	0	57	2021-09-19T17:24:29
9.50505	-53.98669	0	57	2021-09-19T17:29:32
9.50372	-53.99139	0	57	2021-09-19T17:39:32
9.50311	-53.99371	0	57	2021-09-19T17:44:32
9.50249	-53.99603	0	57	2021-09-19T17:49:33
9.50184	-53.99863	0	57	2021-09-19T17:54:57
9.50135	-54.00090	0	57	2021-09-19T17:59:34
9.50079	-54.00339	0	57	2021-09-19T18:04:35
9.50031	-54.00595	0	57	2021-09-19T18:09:36
9.49984	-54.00854	0	57	2021-09-19T18:14:37
9.49949	-54.01111	0	57	2021-09-19T18:19:38
9.49918	-54.01385	0	57	2021-09-19T18:24:39
9.49881	-54.01654	0	57	2021-09-19T18:29:38
9.49837	-54.01923	0	57	2021-09-19T18:34:37
9.49792	-54.02191	0	57	2021-09-19T18:39:34
9.49747	-54.02448	0	57	2021-09-19T18:44:34
9.49709	-54.02707	0	57	2021-09-19T18:49:31
9.49665	-54.02998	0	57	2021-09-19T18:54:32
9.49630	-54.03238	0	57	2021-09-19T18:59:32
9.49588	-54.03506	0	57	2021-09-19T19:04:30
9.49550	-54.03778	0	57	2021-09-19T19:09:32
9.49508	-54.04050	0	57	2021-09-19T19:14:35
9.49466	-54.04324	0	57	2021-09-19T19:19:33
9.49428	-54.04599	0	57	2021-09-19T19:24:37
9.49396	-54.04874	0	57	2021-09-19T19:29:38
9.49374	-54.05148	0	57	2021-09-19T19:34:35
9.49349	-54.05423	0	57	2021-09-19T19:39:36
9.49324	-54.05697	0	57	2021-09-19T19:44:30
9.49306	-54.05972	0	57	2021-09-19T19:49:30
9.49292	-54.06274	0	57	2021-09-19T19:55:02
9.49264	-54.06525	0	57	2021-09-19T19:59:32
9.49238	-54.06808	0	57	2021-09-19T20:04:33
9.49217	-54.07092	0	57	2021-09-19T20:09:32
9.49197	-54.07373	0	57	2021-09-19T20:14:30
9.49191	-54.07654	0	57	2021-09-19T20:19:31
9.49175	-54.07941	0	57	2021-09-19T20:24:28
9.49164	-54.08228	0	57	2021-09-19T20:29:29
9.49147	-54.08514	0	57	2021-09-19T20:34:27
9.49136	-54.08801	0	57	2021-09-19T20:39:26
9.49123	-54.09095	0	57	2021-09-19T20:44:31
9.49111	-54.09378	0	57	2021-09-19T20:49:31
9.49094	-54.09686	0	57	2021-09-19T20:54:57
9.49076	-54.09946	0	57	2021-09-19T20:59:31
9.49066	-54.10236	0	57	2021-09-19T21:04:31
9.49061	-54.10526	0	57	2021-09-19T21:09:31
9.49048	-54.10816	0	57	2021-09-19T21:14:33
9.49032	-54.11108	0	57	2021-09-19T21:19:33
9.49014	-54.11398	0	57	2021-09-19T21:24:37
9.49001	-54.11688	0	57	2021-09-19T21:29:36
9.48992	-54.11969	0	57	2021-09-19T21:34:40
9.48983	-54.12253	0	57	2021-09-19T21:39:40
9.48978	-54.12534	0	57	2021-09-19T21:44:42
9.48991	-54.12833	0	57	2021-09-19T21:49:42
9.49000	-54.13144	0	57	2021-09-19T21:55:06
9.49011	-54.13409	0	57	2021-09-19T21:59:44
9.49020	-54.13690	0	57	2021-09-19T22:04:42
9.49034	-54.13977	0	57	2021-09-19T22:09:46
9.49041	-54.14255	0	57	2021-09-19T22:14:46
9.49046	-54.14536	0	57	2021-09-19T22:19:51
9.49053	-54.14804	0	57	2021-09-19T22:24:50
9.49057	-54.15073	0	57	2021-09-19T22:29:50
9.49057	-54.15353	0	57	2021-09-19T22:34:53
9.49057	-54.15619	0	57	2021-09-19T22:39:52
9.49057	-54.15894	0	57	2021-09-19T22:44:55
9.49056	-54.16162	0	57	2021-09-19T22:49:54
9.49052	-54.16452	0	57	2021-09-19T22:55:29
9.49058	-54.16690	0	57	2021-09-19T22:59:59
9.49067	-54.16934	0	57	2021-09-19T23:05:00
9.49067	-54.17191	0	57	2021-09-19T23:10:01
9.49075	-54.17443	0	57	2021-09-19T23:15:02
9.49084	-54.17700	0	57	2021-09-19T23:20:02
9.49078	-54.17941	0	57	2021-09-19T23:25:02
9.49081	-54.18207	0	57	2021-09-19T23:30:03
9.49081	-54.18464	0	57	2021-09-19T23:35:02
9.49090	-54.18713	0	57	2021-09-19T23:40:02
9.49100	-54.18967	0	57	2021-09-19T23:45:05
9.49111	-54.19220	0	57	2021-09-19T23:50:04
9.49133	-54.19525	0	57	2021-09-19T23:55:57
9.49137	-54.19736	0	57	2021-09-20T00:00:06
9.49152	-54.19965	0	57	2021-09-20T00:05:06
9.49169	-54.20230	0	57	2021-09-20T00:10:04
9.49193	-54.20465	0	57	2021-09-20T00:15:04
9.49220	-54.20710	0	57	2021-09-20T00:20:01
9.49236	-54.20950	0	57	2021-09-20T00:25:02
9.49269	-54.21201	0	57	2021-09-20T00:30:14
9.49296	-54.21445	0	57	2021-09-20T00:35:15
9.49316	-54.21677	0	57	2021-09-20T00:40:15
9.49344	-54.21924	0	57	2021-09-20T00:45:16
9.49372	-54.22164	0	57	2021-09-20T00:50:37
9.49410	-54.22421	0	57	2021-09-20T00:55:37
9.49436	-54.22638	0	57	2021-09-20T00:59:56
9.49461	-54.22870	0	57	2021-09-20T01:04:57
9.49489	-54.23117	0	57	2021-09-20T01:09:58
9.49516	-54.23340	0	57	2021-09-20T01:14:59
9.49532	-54.23563	0	57	2021-09-20T01:19:59
9.49559	-54.23794	0	57	2021-09-20T01:25:00
9.49576	-54.24017	0	57	2021-09-20T01:30:00
9.49597	-54.24243	0	57	2021-09-20T01:35:02
9.49627	-54.24469	0	57	2021-09-20T01:40:07
9.49646	-54.24692	0	57	2021-09-20T01:45:04
9.49668	-54.24924	0	57	2021-09-20T01:50:06
9.49703	-54.25192	0	57	2021-09-20T01:55:55
9.49724	-54.25381	0	57	2021-09-20T02:00:09
9.49756	-54.25612	0	57	2021-09-20T02:05:06
9.49776	-54.25827	0	57	2021-09-20T02:10:05
9.49798	-54.26044	0	57	2021-09-20T02:15:08
9.49820	-54.26266	0	57	2021-09-20T02:20:09
9.49845	-54.26492	0	57	2021-09-20T02:25:07
9.49869	-54.26723	0	57	2021-09-20T02:30:08
9.49886	-54.26938	0	57	2021-09-20T02:35:08
9.49898	-54.27167	0	57	2021-09-20T02:40:08
9.49915	-54.27396	0	57	2021-09-20T02:45:09
9.49926	-54.27625	0	57	2021-09-20T02:50:07
9.49942	-54.27872	0	57	2021-09-20T02:55:24
9.49953	-54.28085	0	57	2021-09-20T03:00:05
9.49968	-54.28314	0	57	2021-09-20T03:05:02
9.49981	-54.28543	0	57	2021-09-20T03:09:58
9.49991	-54.28769	0	57	2021-09-20T03:14:57
9.50009	-54.28998	0	57	2021-09-20T03:19:53
9.50022	-54.29221	0	57	2021-09-20T03:24:54
9.50038	-54.29453	0	57	2021-09-20T03:29:52
9.50065	-54.29678	0	57	2021-09-20T03:34:49
9.50085	-54.29901	0	57	2021-09-20T03:39:53
9.50104	-54.30121	0	57	2021-09-20T03:44:53
9.50128	-54.30344	0	57	2021-09-20T03:49:59
9.50154	-54.30582	0	57	2021-09-20T03:55:35
9.50176	-54.30777	0	57	2021-09-20T04:00:00
9.50206	-54.31000	0	57	2021-09-20T04:05:02
9.50226	-54.31213	0	57	2021-09-20T04:10:05
9.50247	-54.31427	0	57	2021-09-20T04:15:09
9.50273	-54.31628	0	57	2021-09-20T04:20:00
9.50306	-54.31839	0	57	2021-09-20T04:25:05
9.50360	-54.32248	0	57	2021-09-20T04:34:58
9.50386	-54.32457	0	57	2021-09-20T04:40:02
9.50417	-54.32663	0	57	2021-09-20T04:45:01
9.50440	-54.32864	0	57	2021-09-20T04:50:00
9.50475	-54.33105	0	57	2021-09-20T04:55:56
9.50498	-54.33273	0	57	2021-09-20T04:59:59
9.50531	-54.33475	0	57	2021-09-20T05:04:59
9.50561	-54.33682	0	57	2021-09-20T05:10:00
9.50597	-54.33894	0	57	2021-09-20T05:14:57
9.50628	-54.34091	0	57	2021-09-20T05:19:57
9.50660	-54.34299	0	57	2021-09-20T05:25:03
9.50691	-54.34500	0	57	2021-09-20T05:29:56
9.50726	-54.34705	0	57	2021-09-20T05:34:58
9.50760	-54.34903	0	57	2021-09-20T05:40:01
9.50799	-54.35104	0	57	2021-09-20T05:44:59
9.50841	-54.35303	0	57	2021-09-20T05:49:58
9.50896	-54.35523	0	57	2021-09-20T05:55:01
9.50925	-54.35703	0	57	2021-09-20T06:00:01
9.50961	-54.35895	0	57	2021-09-20T06:05:02
9.51002	-54.36093	0	57	2021-09-20T06:10:00
9.51042	-54.36295	0	57	2021-09-20T06:15:01
9.51080	-54.36484	0	57	2021-09-20T06:20:01
9.51124	-54.36667	0	57	2021-09-20T06:24:59
9.51159	-54.36847	0	57	2021-09-20T06:29:58
9.51191	-54.37027	0	57	2021-09-20T06:34:59
9.51218	-54.37210	0	57	2021-09-20T06:39:59
9.51252	-54.37390	0	57	2021-09-20T06:44:58
9.51286	-54.37573	0	57	2021-09-20T06:49:55
9.51326	-54.37787	0	57	2021-09-20T06:55:26
9.51374	-54.37943	0	57	2021-09-20T06:59:53
9.51434	-54.38121	0	57	2021-09-20T07:04:52
9.51484	-54.38293	0	57	2021-09-20T07:09:51
9.51539	-54.38474	0	57	2021-09-20T07:14:51
9.51587	-54.38647	0	57	2021-09-20T07:19:49
9.51643	-54.38821	0	57	2021-09-20T07:24:48
9.51708	-54.39003	0	57	2021-09-20T07:29:49
9.51768	-54.39175	0	57	2021-09-20T07:34:49
9.51833	-54.39355	0	57	2021-09-20T07:39:50
9.51898	-54.39541	0	57	2021-09-20T07:44:45
9.51957	-54.39713	0	57	2021-09-20T07:49:45
9.52028	-54.39908	0	57	2021-09-20T07:55:24
9.52081	-54.40060	0	57	2021-09-20T07:59:47
9.52145	-54.40233	0	57	2021-09-20T08:04:49
9.52196	-54.40405	0	57	2021-09-20T08:09:49
9.52247	-54.40587	0	57	2021-09-20T08:14:51
9.52294	-54.40750	0	57	2021-09-20T08:19:51
9.52342	-54.40921	0	57	2021-09-20T08:24:54
9.52389	-54.41100	0	57	2021-09-20T08:29:53
9.52427	-54.41263	0	57	2021-09-20T08:34:53
9.52464	-54.41434	0	57	2021-09-20T08:39:55
9.52505	-54.41622	0	57	2021-09-20T08:45:26
9.52539	-54.41785	0	57	2021-09-20T08:50:27
9.52572	-54.41965	0	57	2021-09-20T08:55:27
9.52598	-54.42123	0	57	2021-09-20T08:59:56
9.52624	-54.42294	0	57	2021-09-20T09:04:54
9.52655	-54.42479	0	57	2021-09-20T09:09:55
9.52685	-54.42651	0	57	2021-09-20T09:14:55
9.52716	-54.42825	0	57	2021-09-20T09:19:53
9.52748	-54.42999	0	57	2021-09-20T09:24:54
9.52769	-54.43176	0	57	2021-09-20T09:29:55
9.52793	-54.43353	0	57	2021-09-20T09:34:55
9.52820	-54.43533	0	57	2021-09-20T09:39:52
9.52844	-54.43707	0	57	2021-09-20T09:44:53
9.52905	-54.44088	0	57	2021-09-20T09:54:51
9.52932	-54.44251	0	57	2021-09-20T09:59:51
9.52962	-54.44431	0	57	2021-09-20T10:04:50
9.52999	-54.44611	0	57	2021-09-20T10:09:51
9.53039	-54.44800	0	57	2021-09-20T10:14:52
9.53079	-54.44980	0	57	2021-09-20T10:19:52
9.53118	-54.45163	0	57	2021-09-20T10:24:53
9.53157	-54.45346	0	57	2021-09-20T10:29:54
9.53203	-54.45532	0	57	2021-09-20T10:34:54
9.53242	-54.45712	0	57	2021-09-20T10:39:55
9.53283	-54.45895	0	57	2021-09-20T10:44:56
9.53325	-54.46072	0	57	2021-09-20T10:49:52
9.53419	-54.46451	0	57	2021-09-20T10:59:58
9.53475	-54.46631	0	57	2021-09-20T11:04:58
9.53525	-54.46811	0	57	2021-09-20T11:09:57
9.53581	-54.47000	0	57	2021-09-20T11:14:56
9.53646	-54.47195	0	57	2021-09-20T11:19:55
9.53702	-54.47375	0	57	2021-09-20T11:24:55
9.53758	-54.47568	0	57	2021-09-20T11:29:53
9.53870	-54.47956	0	57	2021-09-20T11:39:57
9.53921	-54.48145	0	57	2021-09-20T11:44:56
9.53977	-54.48334	0	57	2021-09-20T11:49:56
9.54040	-54.48541	0	57	2021-09-20T11:55:27
9.54097	-54.48729	0	57	2021-09-20T12:00:06
9.54158	-54.48926	0	57	2021-09-20T12:05:06
9.54214	-54.49115	0	57	2021-09-20T12:10:03
9.54270	-54.49310	0	57	2021-09-20T12:15:04
9.54326	-54.49503	0	57	2021-09-20T12:20:05
9.54377	-54.49695	0	57	2021-09-20T12:25:05
9.54434	-54.49893	0	57	2021-09-20T12:30:03
9.54495	-54.50101	0	57	2021-09-20T12:35:03
9.54538	-54.50290	0	57	2021-09-20T12:40:03
9.54589	-54.50479	0	57	2021-09-20T12:45:02
9.54637	-54.50677	0	57	2021-09-20T12:50:05
9.54693	-54.50891	0	57	2021-09-20T12:55:26
9.54726	-54.51086	0	57	2021-09-20T13:00:07
9.54780	-54.51295	0	57	2021-09-20T13:05:09
9.54831	-54.51501	0	57	2021-09-20T13:10:09
9.54879	-54.51712	0	57	2021-09-20T13:15:07
9.54931	-54.51926	0	57	2021-09-20T13:20:07
9.54983	-54.52142	0	57	2021-09-20T13:25:08
9.55040	-54.52367	0	57	2021-09-20T13:30:08
9.55101	-54.52582	0	57	2021-09-20T13:35:07
9.55158	-54.52798	0	57	2021-09-20T13:40:06
9.55218	-54.53018	0	57	2021-09-20T13:45:08
9.55278	-54.53232	0	57	2021-09-20T13:50:06
9.55347	-54.53458	0	57	2021-09-20T13:55:25
9.55399	-54.53668	0	57	2021-09-20T14:00:06
9.55458	-54.53888	0	57	2021-09-20T14:05:07
9.55509	-54.54109	0	57	2021-09-20T14:10:04
9.55556	-54.54324	0	57	2021-09-20T14:15:04
9.55608	-54.54550	0	57	2021-09-20T14:20:05
9.55659	-54.54767	0	57	2021-09-20T14:25:06
9.55719	-54.54991	0	57	2021-09-20T14:30:04
9.55770	-54.55214	0	57	2021-09-20T14:35:04
9.55817	-54.55429	0	57	2021-09-20T14:40:04
9.55875	-54.55646	0	57	2021-09-20T14:45:05
9.55938	-54.55859	0	57	2021-09-20T14:50:11
9.56012	-54.56088	0	57	2021-09-20T14:55:28
9.56084	-54.56293	0	57	2021-09-20T15:00:09
9.56159	-54.56514	0	57	2021-09-20T15:05:11
9.56223	-54.56729	0	57	2021-09-20T15:10:11
9.56284	-54.56955	0	57	2021-09-20T15:15:14
9.56358	-54.57187	0	57	2021-09-20T15:20:13
9.56410	-54.57404	0	57	2021-09-20T15:25:13
9.56462	-54.57629	0	57	2021-09-20T15:30:17
9.56503	-54.57843	0	57	2021-09-20T15:35:16
9.56535	-54.58057	0	57	2021-09-20T15:40:19
9.56569	-54.58275	0	57	2021-09-20T15:45:21
9.56603	-54.58481	0	57	2021-09-20T15:50:21
9.56638	-54.58730	0	57	2021-09-20T15:55:23
9.56664	-54.58914	0	57	2021-09-20T16:00:23
9.56697	-54.59125	0	57	2021-09-20T16:05:24
9.56739	-54.59351	0	57	2021-09-20T16:10:20
9.56774	-54.59557	0	57	2021-09-20T16:15:19
9.56821	-54.59763	0	57	2021-09-20T16:20:19
9.56839	-54.59970	0	57	2021-09-20T16:25:17
9.56870	-54.60181	0	57	2021-09-20T16:30:19
9.56900	-54.60388	0	57	2021-09-20T16:35:18
9.56931	-54.60606	0	57	2021-09-20T16:40:22
9.56957	-54.60812	0	57	2021-09-20T16:45:22
9.56985	-54.61023	0	57	2021-09-20T16:50:20
9.57018	-54.61267	0	57	2021-09-20T16:55:58
9.57049	-54.61453	0	57	2021-09-20T17:00:21
9.57090	-54.61655	0	57	2021-09-20T17:05:20
9.57136	-54.61862	0	57	2021-09-20T17:10:24
9.57180	-54.62067	0	57	2021-09-20T17:15:24
9.57219	-54.62273	0	57	2021-09-20T17:20:29
9.57262	-54.62470	0	57	2021-09-20T17:25:29
9.57305	-54.62659	0	57	2021-09-20T17:30:28
9.57349	-54.62854	0	57	2021-09-20T17:35:28
9.57395	-54.63049	0	57	2021-09-20T17:40:29
9.57442	-54.63239	0	57	2021-09-20T17:45:27
9.57487	-54.63434	0	57	2021-09-20T17:50:26
9.57537	-54.63644	0	57	2021-09-20T17:55:57
9.57579	-54.63818	0	57	2021-09-20T18:00:28
9.57629	-54.64005	0	57	2021-09-20T18:05:25
9.57677	-54.64191	0	57	2021-09-20T18:10:26
9.57733	-54.64380	0	57	2021-09-20T18:15:27
9.57859	-54.64771	0	57	2021-09-20T18:25:21
9.57919	-54.64951	0	57	2021-09-20T18:30:22
9.57982	-54.65131	0	57	2021-09-20T18:35:22
9.58043	-54.65311	0	57	2021-09-20T18:40:23
9.58104	-54.65497	0	57	2021-09-20T18:45:25
9.58170	-54.65681	0	57	2021-09-20T18:50:56
9.58248	-54.65887	0	57	2021-09-20T18:55:56
9.58372	-54.66247	0	57	2021-09-20T19:05:24
9.58426	-54.66422	0	57	2021-09-20T19:10:24
9.58484	-54.66599	0	57	2021-09-20T19:15:25
9.58544	-54.66779	0	57	2021-09-20T19:20:26
9.58605	-54.66953	0	57	2021-09-20T19:25:27
9.58669	-54.67125	0	57	2021-09-20T19:30:24
9.58728	-54.67297	0	57	2021-09-20T19:35:24
9.58784	-54.67465	0	57	2021-09-20T19:40:25
9.58844	-54.67624	0	57	2021-09-20T19:45:27
9.58907	-54.67788	0	57	2021-09-20T19:50:55
9.58976	-54.67960	0	57	2021-09-20T19:55:55
9.59035	-54.68106	0	57	2021-09-20T20:00:26
9.59106	-54.68272	0	57	2021-09-20T20:05:27
9.59174	-54.68418	0	57	2021-09-20T20:10:27
9.59235	-54.68564	0	57	2021-09-20T20:15:27
9.59300	-54.68710	0	57	2021-09-20T20:20:29
9.59369	-54.68857	0	57	2021-09-20T20:25:26
9.59439	-54.68997	0	57	2021-09-20T20:30:26
9.59510	-54.69138	0	57	2021-09-20T20:35:27
9.59573	-54.69275	0	57	2021-09-20T20:40:28
9.59639	-54.69412	0	57	2021-09-20T20:45:30
9.59706	-54.69553	0	57	2021-09-20T20:50:58
9.59779	-54.69690	0	57	2021-09-20T20:55:58
9.59839	-54.69806	0	57	2021-09-20T21:00:31
9.59908	-54.69931	0	57	2021-09-20T21:05:33
9.59976	-54.70058	0	57	2021-09-20T21:10:31
9.60036	-54.70178	0	57	2021-09-20T21:15:31
9.60102	-54.70297	0	57	2021-09-20T21:20:32
9.60157	-54.70413	0	57	2021-09-20T21:25:33
9.60213	-54.70529	0	57	2021-09-20T21:30:36
9.60262	-54.70634	0	57	2021-09-20T21:35:37
9.60313	-54.70737	0	57	2021-09-20T21:40:36
9.60361	-54.70834	0	57	2021-09-20T21:45:36
9.60410	-54.70926	0	57	2021-09-20T21:50:38
9.60463	-54.71021	0	57	2021-09-20T21:55:56
9.60516	-54.71111	0	57	2021-09-20T22:00:41
9.60562	-54.71188	0	57	2021-09-20T22:05:39
9.60610	-54.71274	0	57	2021-09-20T22:10:40
9.60652	-54.71362	0	57	2021-09-20T22:15:42
9.60687	-54.71439	0	57	2021-09-20T22:20:42
9.60718	-54.71518	0	57	2021-09-20T22:25:42
9.60751	-54.71594	0	57	2021-09-20T22:30:43
9.60787	-54.71664	0	57	2021-09-20T22:35:41
9.60820	-54.71738	0	57	2021-09-20T22:40:42
9.60863	-54.71808	0	57	2021-09-20T22:45:45
9.60899	-54.71881	0	57	2021-09-20T22:50:43
9.60926	-54.71954	0	57	2021-09-20T22:56:10
9.60955	-54.72024	0	57	2021-09-20T23:00:45
9.60989	-54.72093	0	57	2021-09-20T23:05:45
9.61015	-54.72153	0	57	2021-09-20T23:10:44
9.61046	-54.72217	0	57	2021-09-20T23:15:43
9.61079	-54.72297	0	57	2021-09-20T23:20:42
9.61106	-54.72366	0	57	2021-09-20T23:25:42
9.61130	-54.72440	0	57	2021-09-20T23:30:45
9.61154	-54.72513	0	57	2021-09-20T23:35:43
9.61172	-54.72592	0	57	2021-09-20T23:40:44
9.61189	-54.72678	0	57	2021-09-20T23:45:44
9.61201	-54.72754	0	57	2021-09-20T23:50:45
9.61208	-54.72839	0	57	2021-09-20T23:56:07
9.61220	-54.72917	0	57	2021-09-21T00:00:44
9.61233	-54.72986	0	57	2021-09-21T00:05:45
9.61243	-54.73056	0	57	2021-09-21T00:10:48
9.61259	-54.73132	0	57	2021-09-21T00:15:46
9.61275	-54.73209	0	57	2021-09-21T00:20:48
9.61286	-54.73280	0	57	2021-09-21T00:25:52
9.61295	-54.73349	0	57	2021-09-21T00:30:53
9.61281	-54.73425	0	57	2021-09-21T00:35:52
9.61278	-54.73494	0	57	2021-09-21T00:40:51
9.61274	-54.73563	0	57	2021-09-21T00:45:52
9.61257	-54.73630	0	57	2021-09-21T00:50:51
9.61237	-54.73697	0	57	2021-09-21T00:56:28
9.61224	-54.73755	0	57	2021-09-21T01:00:50
9.61206	-54.73819	0	57	2021-09-21T01:05:50
9.61186	-54.73883	0	57	2021-09-21T01:10:51
9.61164	-54.73944	0	57	2021-09-21T01:15:50
9.61148	-54.74011	0	57	2021-09-21T01:20:52
9.61128	-54.74075	0	57	2021-09-21T01:25:50
9.61101	-54.74139	0	57	2021-09-21T01:30:52
9.61077	-54.74207	0	57	2021-09-21T01:35:51
9.61046	-54.74271	0	57	2021-09-21T01:40:53
9.61011	-54.74338	0	57	2021-09-21T01:45:55
9.60970	-54.74412	0	57	2021-09-21T01:51:26
9.60923	-54.74481	0	57	2021-09-21T01:56:27
9.60890	-54.74542	0	57	2021-09-21T02:00:53
9.60842	-54.74615	0	57	2021-09-21T02:05:56
9.60795	-54.74686	0	57	2021-09-21T02:10:58
9.60751	-54.74759	0	57	2021-09-21T02:15:59
9.60708	-54.74829	0	57	2021-09-21T02:20:57
9.60665	-54.74896	0	57	2021-09-21T02:25:58
9.60619	-54.74965	0	57	2021-09-21T02:30:57
9.60568	-54.75034	0	57	2021-09-21T02:35:56
9.60515	-54.75101	0	57	2021-09-21T02:40:58
9.60454	-54.75174	0	57	2021-09-21T02:46:00
9.60397	-54.75259	0	57	2021-09-21T02:51:25
9.60346	-54.75336	0	57	2021-09-21T02:56:25
9.60294	-54.75417	0	57	2021-09-21T03:00:59
9.60243	-54.75494	0	57	2021-09-21T03:06:00
9.60200	-54.75571	0	57	2021-09-21T03:11:00
9.60153	-54.75653	0	57	2021-09-21T03:16:02
9.60108	-54.75742	0	57	2021-09-21T03:20:59
9.60066	-54.75827	0	57	2021-09-21T03:25:58
9.60017	-54.75906	0	57	2021-09-21T03:31:00
9.59964	-54.75992	0	57	2021-09-21T03:35:58
9.59909	-54.76080	0	57	2021-09-21T03:40:59
9.59845	-54.76163	0	57	2021-09-21T03:45:59
9.59775	-54.76254	0	57	2021-09-21T03:51:00
9.59692	-54.76343	0	57	2021-09-21T03:56:24
9.59620	-54.76419	0	57	2021-09-21T04:01:02
9.59547	-54.76510	0	57	2021-09-21T04:06:03
9.59477	-54.76593	0	57	2021-09-21T04:11:03
9.59404	-54.76682	0	57	2021-09-21T04:16:04
9.59332	-54.76764	0	57	2021-09-21T04:21:05
9.59259	-54.76840	0	57	2021-09-21T04:26:05
9.59187	-54.76920	0	57	2021-09-21T04:31:07
9.59113	-54.77004	0	57	2021-09-21T04:36:08
9.59045	-54.77090	0	57	2021-09-21T04:41:09
9.58977	-54.77176	0	57	2021-09-21T04:46:08
9.58914	-54.77264	0	57	2021-09-21T04:51:07
9.58840	-54.77362	0	57	2021-09-21T04:56:26
9.58778	-54.77444	0	57	2021-09-21T05:01:08
9.58714	-54.77527	0	57	2021-09-21T05:06:05
9.58656	-54.77618	0	57	2021-09-21T05:11:06
9.58596	-54.77707	0	57	2021-09-21T05:16:03
9.58531	-54.77805	0	57	2021-09-21T05:21:04
9.58487	-54.77890	0	57	2021-09-21T05:26:01
9.58437	-54.77985	0	57	2021-09-21T05:31:04
9.58386	-54.78076	0	57	2021-09-21T05:36:02
9.58341	-54.78190	0	57	2021-09-21T05:41:03
9.58301	-54.78284	0	57	2021-09-21T05:46:03
9.58263	-54.78378	0	57	2021-09-21T05:51:02
9.58222	-54.78482	0	57	2021-09-21T05:56:25
9.58177	-54.78574	0	57	2021-09-21T06:01:03
9.58148	-54.78680	0	57	2021-09-21T06:06:01
9.58120	-54.78790	0	57	2021-09-21T06:11:00
9.58085	-54.78891	0	57	2021-09-21T06:16:02
9.58043	-54.78986	0	57	2021-09-21T06:21:00
9.58001	-54.79081	0	57	2021-09-21T06:26:03
9.57962	-54.79175	0	57	2021-09-21T06:31:04
9.57931	-54.79276	0	57	2021-09-21T06:36:01
9.57901	-54.79370	0	57	2021-09-21T06:41:02
9.57865	-54.79471	0	57	2021-09-21T06:46:25
9.57835	-54.79557	0	57	2021-09-21T06:51:24
9.57809	-54.79651	0	57	2021-09-21T06:56:24
9.57790	-54.79742	0	57	2021-09-21T07:01:02
9.57766	-54.79837	0	57	2021-09-21T07:06:05
9.57745	-54.79934	0	57	2021-09-21T07:11:02
9.57728	-54.80020	0	57	2021-09-21T07:16:01
9.57707	-54.80112	0	57	2021-09-21T07:21:02
9.57665	-54.80291	0	57	2021-09-21T07:30:59
9.57652	-54.80374	0	57	2021-09-21T07:36:01
9.57635	-54.80463	0	57	2021-09-21T07:41:00
9.57634	-54.80471	0	57	2021-09-21T07:41:01
9.57626	-54.80545	0	57	2021-09-21T07:46:01
9.57612	-54.80634	0	57	2021-09-21T07:51:02
9.57610	-54.80634	0	57	2021-09-21T07:51:26
9.57588	-54.80728	0	57	2021-09-21T07:56:26
9.57578	-54.80820	0	57	2021-09-21T08:01:03
9.57551	-54.80914	0	57	2021-09-21T08:05:58
9.57526	-54.81017	0	57	2021-09-21T08:11:02
9.57508	-54.81088	0	57	2021-09-21T08:16:10
9.57492	-54.81171	0	57	2021-09-21T08:21:01
9.57470	-54.81250	0	57	2021-09-21T08:26:01
9.57451	-54.81329	0	57	2021-09-21T08:31:02
9.57428	-54.81400	0	57	2021-09-21T08:36:05
9.57413	-54.81479	0	57	2021-09-21T08:41:03
9.57405	-54.81564	0	57	2021-09-21T08:46:04
9.57391	-54.81641	0	57	2021-09-21T08:51:04
9.57374	-54.81731	0	57	2021-09-21T08:56:05
9.57353	-54.81808	0	57	2021-09-21T09:01:04
9.57332	-54.81885	0	57	2021-09-21T09:06:03
9.57315	-54.81961	0	57	2021-09-21T09:11:01
9.57297	-54.82037	0	57	2021-09-21T09:16:04
9.57282	-54.82118	0	57	2021-09-21T09:21:03
9.57269	-54.82187	0	57	2021-09-21T09:26:03
9.57246	-54.82266	0	57	2021-09-21T09:31:04
9.57221	-54.82346	0	57	2021-09-21T09:36:02
9.57196	-54.82433	0	57	2021-09-21T09:41:02
9.57175	-54.82510	0	57	2021-09-21T09:46:03
9.57149	-54.82594	0	57	2021-09-21T09:51:27
9.57123	-54.82663	0	57	2021-09-21T09:56:27
9.57104	-54.82739	0	57	2021-09-21T10:01:04
9.57085	-54.82819	0	57	2021-09-21T10:06:02
9.57072	-54.82898	0	57	2021-09-21T10:11:03
9.57063	-54.82968	0	57	2021-09-21T10:16:01
9.57047	-54.83047	0	57	2021-09-21T10:20:58
9.57038	-54.83116	0	57	2021-09-21T10:25:59
9.57034	-54.83185	0	57	2021-09-21T10:30:59
9.57034	-54.83252	0	57	2021-09-21T10:36:00
9.57029	-54.83326	0	57	2021-09-21T10:41:00
9.57020	-54.83386	0	57	2021-09-21T10:45:59
9.57000	-54.83453	0	57	2021-09-21T10:51:00
9.56966	-54.83539	0	57	2021-09-21T10:56:26
9.56940	-54.83621	0	57	2021-09-21T11:00:59
9.56922	-54.83690	0	57	2021-09-21T11:05:58
9.56906	-54.83759	0	57	2021-09-21T11:10:59
9.56892	-54.83832	0	57	2021-09-21T11:15:59
9.56877	-54.83902	0	57	2021-09-21T11:20:57
9.56859	-54.83975	0	57	2021-09-21T11:25:57
9.56835	-54.84045	0	57	2021-09-21T11:30:58
9.56804	-54.84119	0	57	2021-09-21T11:35:59
9.56771	-54.84195	0	57	2021-09-21T11:40:55
9.56725	-54.84271	0	57	2021-09-21T11:45:56
9.56689	-54.84351	0	57	2021-09-21T11:50:54
9.56650	-54.84433	0	57	2021-09-21T11:56:26
9.56625	-54.84500	0	57	2021-09-21T12:00:59
9.56601	-54.84573	0	57	2021-09-21T12:05:56
9.56575	-54.84653	0	57	2021-09-21T12:10:58
9.56539	-54.84726	0	57	2021-09-21T12:15:58
9.56500	-54.84799	0	57	2021-09-21T12:20:56
9.56450	-54.84872	0	57	2021-09-21T12:25:58
9.56395	-54.84943	0	57	2021-09-21T12:30:59
9.56338	-54.85019	0	57	2021-09-21T12:35:57
9.56290	-54.85101	0	57	2021-09-21T12:40:58
9.56248	-54.85180	0	57	2021-09-21T12:45:58
9.56213	-54.85257	0	57	2021-09-21T12:50:57
9.56178	-54.85345	0	57	2021-09-21T12:56:25
9.56137	-54.85422	0	57	2021-09-21T13:00:54
9.56089	-54.85507	0	57	2021-09-21T13:05:56
9.55977	-54.85693	0	57	2021-09-21T13:15:57
9.55929	-54.85782	0	57	2021-09-21T13:20:56
9.55875	-54.85873	0	57	2021-09-21T13:25:58
9.55827	-54.85971	0	57	2021-09-21T13:30:59
9.55780	-54.86072	0	57	2021-09-21T13:36:00
9.55733	-54.86166	0	57	2021-09-21T13:41:01
9.55687	-54.86261	0	57	2021-09-21T13:45:59
9.55636	-54.86365	0	57	2021-09-21T13:51:06
9.55589	-54.86468	0	57	2021-09-21T13:56:06
9.55547	-54.86554	0	57	2021-09-21T14:01:05
9.55494	-54.86649	0	57	2021-09-21T14:06:01
9.55434	-54.86763	0	57	2021-09-21T14:11:05
9.55383	-54.86857	0	57	2021-09-21T14:16:04
9.55336	-54.86951	0	57	2021-09-21T14:21:04
9.55284	-54.87045	0	57	2021-09-21T14:26:06
9.55231	-54.87140	0	57	2021-09-21T14:31:05
9.55172	-54.87235	0	57	2021-09-21T14:36:06
9.55125	-54.87329	0	57	2021-09-21T14:41:06
9.55071	-54.87424	0	57	2021-09-21T14:46:08
9.55020	-54.87521	0	57	2021-09-21T14:51:06
9.54962	-54.87622	0	57	2021-09-21T14:56:24
9.54909	-54.87717	0	57	2021-09-21T15:01:11
9.54860	-54.87820	0	57	2021-09-21T15:06:09
9.54812	-54.87915	0	57	2021-09-21T15:11:09
9.54763	-54.88013	0	57	2021-09-21T15:16:10
9.54712	-54.88114	0	57	2021-09-21T15:21:07
9.54669	-54.88208	0	57	2021-09-21T15:26:07
9.54618	-54.88303	0	57	2021-09-21T15:31:08
9.54569	-54.88397	0	57	2021-09-21T15:36:13
9.54522	-54.88483	0	57	2021-09-21T15:41:13
9.54472	-54.88571	0	57	2021-09-21T15:46:13
9.54419	-54.88657	0	57	2021-09-21T15:51:11
9.54363	-54.88757	0	57	2021-09-21T15:56:38
9.54320	-54.88845	0	57	2021-09-21T16:01:14
9.54273	-54.88931	0	57	2021-09-21T16:06:14
9.54223	-54.89026	0	57	2021-09-21T16:11:11
9.54179	-54.89111	0	57	2021-09-21T16:16:12
9.54130	-54.89206	0	57	2021-09-21T16:21:13
9.54078	-54.89301	0	57	2021-09-21T16:26:10
9.54035	-54.89395	0	57	2021-09-21T16:31:08
9.53991	-54.89490	0	57	2021-09-21T16:36:09
9.53941	-54.89586	0	57	2021-09-21T16:41:11
9.53885	-54.89679	0	57	2021-09-21T16:46:09
9.53825	-54.89774	0	57	2021-09-21T16:51:10
9.53762	-54.89874	0	57	2021-09-21T16:56:27
9.53712	-54.89957	0	57	2021-09-21T17:01:07
9.53661	-54.90045	0	57	2021-09-21T17:06:09
9.53609	-54.90140	0	57	2021-09-21T17:11:06
9.53556	-54.90225	0	57	2021-09-21T17:16:08
9.53503	-54.90324	0	57	2021-09-21T17:21:08
9.53456	-54.90436	0	57	2021-09-21T17:26:08
9.53406	-54.90558	0	57	2021-09-21T17:31:06
9.53362	-54.90677	0	57	2021-09-21T17:36:07
9.53320	-54.90781	0	57	2021-09-21T17:41:06
9.53281	-54.90875	0	57	2021-09-21T17:46:08
9.53232	-54.90967	0	57	2021-09-21T17:51:25
9.53181	-54.91061	0	57	2021-09-21T17:56:25
9.53131	-54.91141	0	57	2021-09-21T18:01:07
