/* DATA DESCRIPTION:
Citation:	Horstmann, Jochen; Carrasco, Ruben; Calil, Paulo H R; Iudicone, Daniele; Pesant, Stephane; Erta, J M (2022): Track of Lagrangian drifter 35 during the Mission Microbiomes with the RV Tara along the eastern coast of Brazil [dataset]. PANGAEA, https://doi.org/10.1594/PANGAEA.948214, 
	In: Horstmann, J et al. (2022): Drifter position data from the eastern coast of Brazil during the project Mission Microbiomes with the RV Tara [dataset publication series]. PANGAEA, https://doi.org/10.1594/PANGAEA.948261
Project(s):	Atlantic ECOsystems assessment, forecasting & sustainability (AtlantECO) (URI: https://doi.org/10.3030/862923)
	Fondation Tara Expeditions (FondTara) (URI: https://fondationtaraocean.org/en/home/)
	Mission Microbiomes (MM2020) (URI: https://fondationtaraocean.org/expedition/mission-microbiomes/)
Funding:	Horizon 2020 of the European Commission (H2020) (URI: https://research-and-innovation.ec.europa.eu/funding/funding-opportunities/funding-programmes-and-open-calls/horizon-2020_en), grant/award no. 862923: Atlantic ECOsystems assessment, forecasting & sustainability (URI: https://doi.org/10.3030/862923)
Coverage:	MEDIAN LATITUDE: 8.102507 * MEDIAN LONGITUDE: -51.791232 * SOUTH-BOUND LATITUDE: 6.035410 * WEST-BOUND LONGITUDE: -53.224520 * NORTH-BOUND LATITUDE: 9.196000 * EAST-BOUND LONGITUDE: -50.104710
	DATE/TIME START: 2021-09-02T10:00:35 * DATE/TIME END: 2021-10-29T03:49:11
	MINIMUM DEPTH, water: 0 m * MAXIMUM DEPTH, water: 0 m
Event(s):	TARA_Microbiomes_DRIFT-35 * LATITUDE START: 6.068510 * LONGITUDE START: -50.690790 * LATITUDE END: 8.647160 * LONGITUDE END: -53.223270 * DATE/TIME START: 2021-09-02T10:00:35 * DATE/TIME END: 2021-10-29T03:49:11 * LOCATION: Eastern Brazilian coast * CAMPAIGN: MM20210824_LEG-05_035-040_Martin * BASIS: SV Tara (URI: https://en.wikipedia.org/wiki/Tara_expedition) * METHOD/DEVICE: Drifter (DRIFT)
Parameter(s):	LATITUDE (Latitude) * GEOCODE * PI: Horstmann, Jochen (https://orcid.org/0000-0002-7979-5736, jochen.horstmann@hereon.de, https://www.hzg.de/institutes_platforms/coastal_research/operational_systems/radar_hydrography/staff/046556/index.php.en) * METHOD/DEVICE: GPS receiver mounted on Lagrangian drifter
	LONGITUDE (Longitude) * GEOCODE * PI: Horstmann, Jochen (https://orcid.org/0000-0002-7979-5736, jochen.horstmann@hereon.de, https://www.hzg.de/institutes_platforms/coastal_research/operational_systems/radar_hydrography/staff/046556/index.php.en) * METHOD/DEVICE: GPS receiver mounted on Lagrangian drifter
	DEPTH, water [m] (Depth water) * GEOCODE * PI: Horstmann, Jochen (https://orcid.org/0000-0002-7979-5736, jochen.horstmann@hereon.de, https://www.hzg.de/institutes_platforms/coastal_research/operational_systems/radar_hydrography/staff/046556/index.php.en)
	Identification (ID) * PI: Horstmann, Jochen (https://orcid.org/0000-0002-7979-5736, jochen.horstmann@hereon.de, https://www.hzg.de/institutes_platforms/coastal_research/operational_systems/radar_hydrography/staff/046556/index.php.en) * COMMENT: DrifterID
	DATE/TIME (Date/Time) * GEOCODE * PI: Horstmann, Jochen (https://orcid.org/0000-0002-7979-5736, jochen.horstmann@hereon.de, https://www.hzg.de/institutes_platforms/coastal_research/operational_systems/radar_hydrography/staff/046556/index.php.en) * COMMENT: UTC
License:	Creative Commons Attribution 4.0 International (CC-BY-4.0) (URI: https://creativecommons.org/licenses/by/4.0/)
Status:	Curation Level: Enhanced curation (URI: https://wiki.pangaea.de/wiki/Curation_levels)
Size:	16218 data points
*/
Latitude	Longitude	Depth water [m]	ID	Date/Time
6.06851	-50.69079	0	35	2021-09-02T10:00:35
6.06169	-50.69336	0	35	2021-09-02T10:05:35
6.05484	-50.69595	0	35	2021-09-02T10:10:36
6.04824	-50.69866	0	35	2021-09-02T10:15:30
6.04155	-50.70132	0	35	2021-09-02T10:20:31
6.03541	-50.70389	0	35	2021-09-02T10:25:31
6.03776	-50.70685	0	35	2021-09-02T10:30:35
6.04022	-50.71021	0	35	2021-09-02T10:36:05
6.04227	-50.71292	0	35	2021-09-02T10:40:30
6.04447	-50.71585	0	35	2021-09-02T10:45:28
6.04669	-50.71884	0	35	2021-09-02T10:50:29
6.04895	-50.72190	0	35	2021-09-02T10:55:29
6.05114	-50.72482	0	35	2021-09-02T11:00:29
6.05338	-50.72781	0	35	2021-09-02T11:05:27
6.05567	-50.73080	0	35	2021-09-02T11:10:28
6.05799	-50.73383	0	35	2021-09-02T11:15:32
6.06027	-50.73672	0	35	2021-09-02T11:20:26
6.06258	-50.73969	0	35	2021-09-02T11:25:26
6.06489	-50.74271	0	35	2021-09-02T11:30:27
6.06759	-50.74609	0	35	2021-09-02T11:36:06
6.06969	-50.74878	0	35	2021-09-02T11:40:29
6.07212	-50.75180	0	35	2021-09-02T11:45:29
6.07458	-50.75497	0	35	2021-09-02T11:50:31
6.07698	-50.75797	0	35	2021-09-02T11:55:31
6.07942	-50.76102	0	35	2021-09-02T12:00:33
6.08188	-50.76404	0	35	2021-09-02T12:05:32
6.08433	-50.76706	0	35	2021-09-02T12:10:30
6.08677	-50.77008	0	35	2021-09-02T12:15:31
6.08917	-50.77313	0	35	2021-09-02T12:20:32
6.09160	-50.77618	0	35	2021-09-02T12:25:29
6.09403	-50.77921	0	35	2021-09-02T12:30:59
6.09660	-50.78247	0	35	2021-09-02T12:35:58
6.09873	-50.78516	0	35	2021-09-02T12:40:27
6.10112	-50.78821	0	35	2021-09-02T12:45:27
6.10350	-50.79120	0	35	2021-09-02T12:50:25
6.10591	-50.79425	0	35	2021-09-02T12:55:26
6.10830	-50.79730	0	35	2021-09-02T13:00:27
6.11068	-50.80035	0	35	2021-09-02T13:05:24
6.11320	-50.80348	0	35	2021-09-02T13:10:22
6.11560	-50.80648	0	35	2021-09-02T13:15:22
6.11800	-50.80948	0	35	2021-09-02T13:20:23
6.12043	-50.81256	0	35	2021-09-02T13:25:24
6.12289	-50.81568	0	35	2021-09-02T13:30:55
6.12555	-50.81903	0	35	2021-09-02T13:35:55
6.12772	-50.82175	0	35	2021-09-02T13:40:26
6.13010	-50.82480	0	35	2021-09-02T13:45:23
6.13252	-50.82781	0	35	2021-09-02T13:50:24
6.13497	-50.83090	0	35	2021-09-02T13:55:24
6.13742	-50.83395	0	35	2021-09-02T14:00:22
6.13992	-50.83694	0	35	2021-09-02T14:05:23
6.14241	-50.83998	0	35	2021-09-02T14:10:23
6.14490	-50.84290	0	35	2021-09-02T14:15:23
6.14741	-50.84583	0	35	2021-09-02T14:20:21
6.14995	-50.84872	0	35	2021-09-02T14:25:23
6.15249	-50.85162	0	35	2021-09-02T14:30:23
6.15532	-50.85468	0	35	2021-09-02T14:35:55
6.15765	-50.85715	0	35	2021-09-02T14:40:26
6.16021	-50.85995	0	35	2021-09-02T14:45:26
6.16278	-50.86279	0	35	2021-09-02T14:50:27
6.16535	-50.86557	0	35	2021-09-02T14:55:30
6.16796	-50.86839	0	35	2021-09-02T15:00:33
6.17053	-50.87122	0	35	2021-09-02T15:05:33
6.17313	-50.87396	0	35	2021-09-02T15:10:37
6.17570	-50.87668	0	35	2021-09-02T15:15:35
6.17824	-50.87939	0	35	2021-09-02T15:20:36
6.18081	-50.88211	0	35	2021-09-02T15:25:32
6.18346	-50.88489	0	35	2021-09-02T15:30:36
6.18628	-50.88776	0	35	2021-09-02T15:35:54
6.18883	-50.89035	0	35	2021-09-02T15:40:34
6.19149	-50.89301	0	35	2021-09-02T15:45:33
6.19422	-50.89572	0	35	2021-09-02T15:50:33
6.19698	-50.89841	0	35	2021-09-02T15:55:35
6.19980	-50.90109	0	35	2021-09-02T16:00:37
6.20260	-50.90380	0	35	2021-09-02T16:05:32
6.20539	-50.90637	0	35	2021-09-02T16:10:33
6.20822	-50.90903	0	35	2021-09-02T16:15:34
6.21108	-50.91165	0	35	2021-09-02T16:20:35
6.21397	-50.91437	0	35	2021-09-02T16:25:36
6.21695	-50.91705	0	35	2021-09-02T16:30:47
6.21999	-50.92001	0	35	2021-09-02T16:36:04
6.22260	-50.92242	0	35	2021-09-02T16:40:30
6.22552	-50.92508	0	35	2021-09-02T16:45:31
6.22839	-50.92780	0	35	2021-09-02T16:50:28
6.23127	-50.93054	0	35	2021-09-02T16:55:29
6.23414	-50.93326	0	35	2021-09-02T17:00:27
6.23704	-50.93600	0	35	2021-09-02T17:05:29
6.23997	-50.93881	0	35	2021-09-02T17:10:27
6.24295	-50.94168	0	35	2021-09-02T17:15:25
6.24583	-50.94443	0	35	2021-09-02T17:20:25
6.24888	-50.94724	0	35	2021-09-02T17:25:27
6.25193	-50.95007	0	35	2021-09-02T17:30:28
6.25529	-50.95319	0	35	2021-09-02T17:35:27
6.25804	-50.95576	0	35	2021-09-02T17:40:26
6.26104	-50.95859	0	35	2021-09-02T17:45:26
6.26411	-50.96146	0	35	2021-09-02T17:50:27
6.26719	-50.96426	0	35	2021-09-02T17:55:26
6.27025	-50.96713	0	35	2021-09-02T18:00:28
6.27327	-50.96997	0	35	2021-09-02T18:05:25
6.27630	-50.97284	0	35	2021-09-02T18:10:27
6.27935	-50.97577	0	35	2021-09-02T18:15:30
6.28240	-50.97867	0	35	2021-09-02T18:20:28
6.28538	-50.98154	0	35	2021-09-02T18:25:29
6.28834	-50.98441	0	35	2021-09-02T18:30:26
6.29170	-50.98760	0	35	2021-09-02T18:35:30
6.29445	-50.99026	0	35	2021-09-02T18:40:30
6.29747	-50.99316	0	35	2021-09-02T18:45:28
6.30055	-50.99605	0	35	2021-09-02T18:50:30
6.30351	-50.99888	0	35	2021-09-02T18:55:30
6.30656	-51.00180	0	35	2021-09-02T19:00:31
6.30953	-51.00467	0	35	2021-09-02T19:05:29
6.31251	-51.00760	0	35	2021-09-02T19:10:32
6.31551	-51.01047	0	35	2021-09-02T19:15:30
6.31851	-51.01331	0	35	2021-09-02T19:20:30
6.32148	-51.01620	0	35	2021-09-02T19:25:32
6.32440	-51.01910	0	35	2021-09-02T19:30:33
6.32755	-51.02228	0	35	2021-09-02T19:35:55
6.33023	-51.02496	0	35	2021-09-02T19:40:35
6.33306	-51.02786	0	35	2021-09-02T19:45:37
6.33596	-51.03076	0	35	2021-09-02T19:50:36
6.33883	-51.03372	0	35	2021-09-02T19:55:37
6.34169	-51.03666	0	35	2021-09-02T20:00:40
6.34165	-51.03659	0	35	2021-09-02T20:00:41
6.34448	-51.03949	0	35	2021-09-02T20:05:39
6.34732	-51.04245	0	35	2021-09-02T20:10:39
6.34734	-51.04253	0	35	2021-09-02T20:10:44
6.35010	-51.04541	0	35	2021-09-02T20:15:41
6.35009	-51.04545	0	35	2021-09-02T20:15:44
6.35284	-51.04837	0	35	2021-09-02T20:20:45
6.35556	-51.05130	0	35	2021-09-02T20:25:44
6.35833	-51.05429	0	35	2021-09-02T20:30:46
6.36118	-51.05740	0	35	2021-09-02T20:36:07
6.36366	-51.06017	0	35	2021-09-02T20:40:44
6.36632	-51.06309	0	35	2021-09-02T20:45:45
6.36898	-51.06601	0	35	2021-09-02T20:50:45
6.37167	-51.06903	0	35	2021-09-02T20:55:43
6.37443	-51.07202	0	35	2021-09-02T21:00:40
6.37716	-51.07498	0	35	2021-09-02T21:05:41
6.37984	-51.07788	0	35	2021-09-02T21:10:39
6.38251	-51.08081	0	35	2021-09-02T21:15:41
6.38522	-51.08371	0	35	2021-09-02T21:20:40
6.38803	-51.08661	0	35	2021-09-02T21:25:40
6.39092	-51.08929	0	35	2021-09-02T21:30:38
6.39391	-51.09216	0	35	2021-09-02T21:35:56
6.39655	-51.09497	0	35	2021-09-02T21:40:39
6.39945	-51.09774	0	35	2021-09-02T21:45:39
6.40237	-51.10040	0	35	2021-09-02T21:50:38
6.40522	-51.10324	0	35	2021-09-02T21:55:39
6.40803	-51.10620	0	35	2021-09-02T22:00:38
6.41083	-51.10910	0	35	2021-09-02T22:05:40
6.41369	-51.11191	0	35	2021-09-02T22:10:37
6.41658	-51.11462	0	35	2021-09-02T22:15:40
6.41948	-51.11756	0	35	2021-09-02T22:20:38
6.42224	-51.12042	0	35	2021-09-02T22:25:39
6.42506	-51.12323	0	35	2021-09-02T22:30:39
6.42811	-51.12619	0	35	2021-09-02T22:35:55
6.43086	-51.12885	0	35	2021-09-02T22:40:38
6.43374	-51.13171	0	35	2021-09-02T22:45:39
6.43660	-51.13458	0	35	2021-09-02T22:50:40
6.43948	-51.13736	0	35	2021-09-02T22:55:40
6.44241	-51.14026	0	35	2021-09-02T23:00:41
6.44528	-51.14310	0	35	2021-09-02T23:05:41
6.44823	-51.14587	0	35	2021-09-02T23:10:43
6.45113	-51.14865	0	35	2021-09-02T23:15:43
6.45406	-51.15144	0	35	2021-09-02T23:20:45
6.45698	-51.15427	0	35	2021-09-02T23:25:45
6.45995	-51.15707	0	35	2021-09-02T23:30:46
6.46331	-51.16019	0	35	2021-09-02T23:36:26
6.46595	-51.16266	0	35	2021-09-02T23:40:48
6.46902	-51.16547	0	35	2021-09-02T23:45:50
6.47210	-51.16833	0	35	2021-09-02T23:50:50
6.47510	-51.17108	0	35	2021-09-02T23:55:51
6.47807	-51.17383	0	35	2021-09-03T00:00:52
6.48104	-51.17661	0	35	2021-09-03T00:05:55
6.48400	-51.17926	0	35	2021-09-03T00:10:53
6.48706	-51.18207	0	35	2021-09-03T00:15:54
6.49007	-51.18484	0	35	2021-09-03T00:20:54
6.49303	-51.18765	0	35	2021-09-03T00:25:53
6.49605	-51.19055	0	35	2021-09-03T00:30:56
6.49933	-51.19368	0	35	2021-09-03T00:35:58
6.50208	-51.19617	0	35	2021-09-03T00:40:58
6.50518	-51.19901	0	35	2021-09-03T00:45:59
6.50826	-51.20181	0	35	2021-09-03T00:50:59
6.51133	-51.20460	0	35	2021-09-03T00:55:57
6.51438	-51.20743	0	35	2021-09-03T01:00:58
6.51748	-51.21024	0	35	2021-09-03T01:05:59
6.52064	-51.21304	0	35	2021-09-03T01:10:58
6.52373	-51.21579	0	35	2021-09-03T01:15:57
6.52678	-51.21854	0	35	2021-09-03T01:20:58
6.52990	-51.22122	0	35	2021-09-03T01:25:57
6.53654	-51.22694	0	35	2021-09-03T01:36:04
6.53945	-51.22937	0	35	2021-09-03T01:41:01
6.54272	-51.23209	0	35	2021-09-03T01:46:04
6.54602	-51.23471	0	35	2021-09-03T01:51:03
6.54919	-51.23743	0	35	2021-09-03T01:56:04
6.55243	-51.24020	0	35	2021-09-03T02:01:05
6.55566	-51.24289	0	35	2021-09-03T02:06:04
6.55891	-51.24557	0	35	2021-09-03T02:11:02
6.56223	-51.24829	0	35	2021-09-03T02:16:03
6.56552	-51.25095	0	35	2021-09-03T02:21:03
6.56891	-51.25366	0	35	2021-09-03T02:26:05
6.57226	-51.25623	0	35	2021-09-03T02:31:06
6.57582	-51.25894	0	35	2021-09-03T02:36:25
6.57892	-51.26132	0	35	2021-09-03T02:41:04
6.58226	-51.26389	0	35	2021-09-03T02:46:04
6.58561	-51.26645	0	35	2021-09-03T02:51:01
6.58894	-51.26904	0	35	2021-09-03T02:56:03
6.59231	-51.27164	0	35	2021-09-03T03:01:04
6.59566	-51.27423	0	35	2021-09-03T03:06:03
6.59901	-51.27682	0	35	2021-09-03T03:11:05
6.60239	-51.27936	0	35	2021-09-03T03:16:06
6.60576	-51.28190	0	35	2021-09-03T03:21:06
6.60911	-51.28439	0	35	2021-09-03T03:26:06
6.61254	-51.28696	0	35	2021-09-03T03:31:08
6.61616	-51.28970	0	35	2021-09-03T03:36:28
6.61949	-51.29227	0	35	2021-09-03T03:41:22
6.62293	-51.29486	0	35	2021-09-03T03:46:23
6.62639	-51.29742	0	35	2021-09-03T03:51:23
6.62981	-51.29999	0	35	2021-09-03T03:56:24
6.63106	-51.30423	0	35	2021-09-03T04:01:24
6.63643	-51.30499	0	35	2021-09-03T04:06:07
6.63982	-51.30765	0	35	2021-09-03T04:11:07
6.64305	-51.31061	0	35	2021-09-03T04:16:04
6.64613	-51.31378	0	35	2021-09-03T04:21:05
6.64916	-51.31708	0	35	2021-09-03T04:26:03
6.65220	-51.32037	0	35	2021-09-03T04:31:04
6.65547	-51.32401	0	35	2021-09-03T04:36:27
6.65825	-51.32715	0	35	2021-09-03T04:41:05
6.66131	-51.33057	0	35	2021-09-03T04:46:04
6.66437	-51.33401	0	35	2021-09-03T04:51:06
6.66745	-51.33743	0	35	2021-09-03T04:56:07
6.67050	-51.34085	0	35	2021-09-03T05:01:05
6.67356	-51.34427	0	35	2021-09-03T05:06:06
6.67661	-51.34772	0	35	2021-09-03T05:11:05
6.67965	-51.35121	0	35	2021-09-03T05:16:04
6.68274	-51.35464	0	35	2021-09-03T05:21:04
6.68588	-51.35809	0	35	2021-09-03T05:26:05
6.68899	-51.36160	0	35	2021-09-03T05:31:05
6.69232	-51.36536	0	35	2021-09-03T05:36:26
6.69521	-51.36859	0	35	2021-09-03T05:41:03
6.69828	-51.37213	0	35	2021-09-03T05:46:05
6.70139	-51.37570	0	35	2021-09-03T05:51:05
6.70454	-51.37929	0	35	2021-09-03T05:56:03
6.70767	-51.38281	0	35	2021-09-03T06:01:03
6.71087	-51.38641	0	35	2021-09-03T06:06:04
6.71405	-51.38998	0	35	2021-09-03T06:11:04
6.71726	-51.39367	0	35	2021-09-03T06:16:04
6.72048	-51.39719	0	35	2021-09-03T06:21:03
6.72371	-51.40079	0	35	2021-09-03T06:26:04
6.72689	-51.40442	0	35	2021-09-03T06:31:03
6.73031	-51.40829	0	35	2021-09-03T06:36:25
6.73326	-51.41168	0	35	2021-09-03T06:41:02
6.73651	-51.41534	0	35	2021-09-03T06:46:06
6.73975	-51.41901	0	35	2021-09-03T06:51:05
6.74310	-51.42270	0	35	2021-09-03T06:56:08
6.74640	-51.42639	0	35	2021-09-03T07:01:08
6.74975	-51.43008	0	35	2021-09-03T07:06:10
6.75311	-51.43375	0	35	2021-09-03T07:11:10
6.75659	-51.43744	0	35	2021-09-03T07:16:12
6.75989	-51.44113	0	35	2021-09-03T07:21:13
6.76324	-51.44473	0	35	2021-09-03T07:26:13
6.76666	-51.44843	0	35	2021-09-03T07:31:15
6.77028	-51.45246	0	35	2021-09-03T07:36:16
6.77340	-51.45581	0	35	2021-09-03T07:41:15
6.77680	-51.45950	0	35	2021-09-03T07:46:17
6.78015	-51.46313	0	35	2021-09-03T07:51:14
6.78355	-51.46680	0	35	2021-09-03T07:56:12
6.78697	-51.47040	0	35	2021-09-03T08:01:15
6.79029	-51.47403	0	35	2021-09-03T08:06:13
6.79364	-51.47760	0	35	2021-09-03T08:11:14
6.79700	-51.48126	0	35	2021-09-03T08:16:15
6.80043	-51.48486	0	35	2021-09-03T08:21:12
6.80378	-51.48846	0	35	2021-09-03T08:26:11
6.80711	-51.49207	0	35	2021-09-03T08:31:09
6.81062	-51.49597	0	35	2021-09-03T08:36:26
6.81389	-51.49939	0	35	2021-09-03T08:41:10
6.81732	-51.50296	0	35	2021-09-03T08:46:08
6.82078	-51.50662	0	35	2021-09-03T08:51:09
6.82433	-51.51031	0	35	2021-09-03T08:56:07
6.82782	-51.51398	0	35	2021-09-03T09:01:10
6.83136	-51.51770	0	35	2021-09-03T09:06:12
6.83484	-51.52130	0	35	2021-09-03T09:11:12
6.83832	-51.52496	0	35	2021-09-03T09:16:10
6.84189	-51.52866	0	35	2021-09-03T09:21:13
6.84534	-51.53223	0	35	2021-09-03T09:26:11
6.84895	-51.53589	0	35	2021-09-03T09:31:12
6.85294	-51.53998	0	35	2021-09-03T09:36:54
6.85595	-51.54303	0	35	2021-09-03T09:41:10
6.85952	-51.54663	0	35	2021-09-03T09:46:07
6.86312	-51.55014	0	35	2021-09-03T09:51:08
6.86668	-51.55362	0	35	2021-09-03T09:56:05
6.87024	-51.55713	0	35	2021-09-03T10:01:08
6.87386	-51.56061	0	35	2021-09-03T10:06:06
6.87755	-51.56411	0	35	2021-09-03T10:11:06
6.88120	-51.56754	0	35	2021-09-03T10:16:05
6.88488	-51.57101	0	35	2021-09-03T10:21:08
6.88859	-51.57453	0	35	2021-09-03T10:26:06
6.89228	-51.57788	0	35	2021-09-03T10:31:07
6.89627	-51.58145	0	35	2021-09-03T10:36:26
6.89984	-51.58450	0	35	2021-09-03T10:41:02
6.90372	-51.58780	0	35	2021-09-03T10:46:04
6.90754	-51.59103	0	35	2021-09-03T10:51:05
6.91134	-51.59421	0	35	2021-09-03T10:56:03
6.91527	-51.59747	0	35	2021-09-03T11:01:05
6.91911	-51.60077	0	35	2021-09-03T11:06:05
6.92301	-51.60400	0	35	2021-09-03T11:11:07
6.92686	-51.60724	0	35	2021-09-03T11:16:07
6.93077	-51.61047	0	35	2021-09-03T11:21:09
6.93470	-51.61371	0	35	2021-09-03T11:26:09
6.93864	-51.61701	0	35	2021-09-03T11:31:36
6.94293	-51.62061	0	35	2021-09-03T11:36:37
6.94655	-51.62360	0	35	2021-09-03T11:41:11
6.95052	-51.62689	0	35	2021-09-03T11:46:12
6.95444	-51.63013	0	35	2021-09-03T11:51:10
6.95838	-51.63339	0	35	2021-09-03T11:56:09
6.96224	-51.63669	0	35	2021-09-03T12:01:07
6.96623	-51.64011	0	35	2021-09-03T12:06:09
6.97020	-51.64343	0	35	2021-09-03T12:11:06
6.97419	-51.64682	0	35	2021-09-03T12:16:05
6.97815	-51.65018	0	35	2021-09-03T12:21:02
6.98212	-51.65356	0	35	2021-09-03T12:26:02
6.98604	-51.65695	0	35	2021-09-03T12:31:03
6.99028	-51.66067	0	35	2021-09-03T12:36:04
6.99401	-51.66376	0	35	2021-09-03T12:41:03
6.99797	-51.66718	0	35	2021-09-03T12:46:02
7.00200	-51.67053	0	35	2021-09-03T12:51:04
7.00597	-51.67396	0	35	2021-09-03T12:56:05
7.00988	-51.67731	0	35	2021-09-03T13:01:05
7.01380	-51.68076	0	35	2021-09-03T13:06:03
7.01788	-51.68414	0	35	2021-09-03T13:11:07
7.02192	-51.68758	0	35	2021-09-03T13:16:04
7.02595	-51.69101	0	35	2021-09-03T13:21:05
7.03002	-51.69446	0	35	2021-09-03T13:26:06
7.03414	-51.69800	0	35	2021-09-03T13:31:10
7.03856	-51.70172	0	35	2021-09-03T13:36:23
7.04255	-51.70504	0	35	2021-09-03T13:41:09
7.04667	-51.70856	0	35	2021-09-03T13:46:09
7.05080	-51.71204	0	35	2021-09-03T13:51:09
7.05479	-51.71539	0	35	2021-09-03T13:56:08
7.05899	-51.71898	0	35	2021-09-03T14:01:08
7.06315	-51.72241	0	35	2021-09-03T14:06:08
7.06743	-51.72592	0	35	2021-09-03T14:11:10
7.07183	-51.72942	0	35	2021-09-03T14:16:11
7.07625	-51.73285	0	35	2021-09-03T14:21:11
7.08069	-51.73630	0	35	2021-09-03T14:26:09
7.08504	-51.73978	0	35	2021-09-03T14:31:09
7.08990	-51.74356	0	35	2021-09-03T14:36:34
7.09406	-51.74677	0	35	2021-09-03T14:41:14
7.09858	-51.75021	0	35	2021-09-03T14:46:12
7.10309	-51.75363	0	35	2021-09-03T14:51:16
7.10765	-51.75699	0	35	2021-09-03T14:56:14
7.11225	-51.76031	0	35	2021-09-03T15:01:13
7.11697	-51.76370	0	35	2021-09-03T15:06:15
7.12161	-51.76709	0	35	2021-09-03T15:11:16
7.12623	-51.77045	0	35	2021-09-03T15:16:17
7.13078	-51.77380	0	35	2021-09-03T15:21:15
7.13546	-51.77726	0	35	2021-09-03T15:26:37
7.14009	-51.78061	0	35	2021-09-03T15:31:36
7.14507	-51.78421	0	35	2021-09-03T15:36:36
7.14935	-51.78726	0	35	2021-09-03T15:41:10
7.15401	-51.79068	0	35	2021-09-03T15:46:11
7.15859	-51.79401	0	35	2021-09-03T15:51:14
7.16313	-51.79730	0	35	2021-09-03T15:56:13
7.16774	-51.80072	0	35	2021-09-03T16:01:14
7.17243	-51.80406	0	35	2021-09-03T16:06:18
7.17711	-51.80741	0	35	2021-09-03T16:11:18
7.18183	-51.81076	0	35	2021-09-03T16:16:17
7.18656	-51.81403	0	35	2021-09-03T16:21:17
7.19134	-51.81735	0	35	2021-09-03T16:26:20
7.19606	-51.82053	0	35	2021-09-03T16:31:19
7.20142	-51.82410	0	35	2021-09-03T16:36:55
7.20570	-51.82693	0	35	2021-09-03T16:41:23
7.21055	-51.83011	0	35	2021-09-03T16:46:22
7.21535	-51.83319	0	35	2021-09-03T16:51:25
7.22013	-51.83609	0	35	2021-09-03T16:56:23
7.22494	-51.83905	0	35	2021-09-03T17:01:24
7.22983	-51.84202	0	35	2021-09-03T17:06:23
7.23477	-51.84485	0	35	2021-09-03T17:11:22
7.23980	-51.84776	0	35	2021-09-03T17:16:22
7.24495	-51.85059	0	35	2021-09-03T17:21:22
7.25006	-51.85339	0	35	2021-09-03T17:26:20
7.25534	-51.85617	0	35	2021-09-03T17:31:21
7.26108	-51.85931	0	35	2021-09-03T17:36:54
7.26564	-51.86204	0	35	2021-09-03T17:41:25
7.27092	-51.86479	0	35	2021-09-03T17:46:24
7.27594	-51.86771	0	35	2021-09-03T17:51:25
7.28124	-51.87045	0	35	2021-09-03T17:56:24
7.28631	-51.87335	0	35	2021-09-03T18:01:25
7.29154	-51.87616	0	35	2021-09-03T18:06:23
7.29673	-51.87894	0	35	2021-09-03T18:11:24
7.30191	-51.88162	0	35	2021-09-03T18:16:21
7.30712	-51.88434	0	35	2021-09-03T18:21:23
7.31235	-51.88702	0	35	2021-09-03T18:26:25
7.31772	-51.88962	0	35	2021-09-03T18:31:20
7.32345	-51.89259	0	35	2021-09-03T18:36:21
7.32821	-51.89499	0	35	2021-09-03T18:41:22
7.33338	-51.89743	0	35	2021-09-03T18:46:22
7.33819	-51.89957	0	35	2021-09-03T18:51:22
7.34514	-51.90085	0	35	2021-09-03T19:01:21
7.34872	-51.90155	0	35	2021-09-03T19:06:19
7.35236	-51.90176	0	35	2021-09-03T19:11:22
7.36023	-51.90240	0	35	2021-09-03T19:21:21
7.36409	-51.90266	0	35	2021-09-03T19:26:21
7.36800	-51.90292	0	35	2021-09-03T19:31:21
7.37946	-51.90408	0	35	2021-09-03T19:46:21
7.38328	-51.90451	0	35	2021-09-03T19:51:21
7.38710	-51.90485	0	35	2021-09-03T19:56:20
7.39098	-51.90533	0	35	2021-09-03T20:01:21
7.39481	-51.90577	0	35	2021-09-03T20:06:21
7.39872	-51.90628	0	35	2021-09-03T20:11:22
7.40270	-51.90659	0	35	2021-09-03T20:16:19
7.40665	-51.90698	0	35	2021-09-03T20:21:22
7.41072	-51.90755	0	35	2021-09-03T20:26:21
7.41454	-51.90781	0	35	2021-09-03T20:31:21
7.41896	-51.90839	0	35	2021-09-03T20:36:57
7.42244	-51.90863	0	35	2021-09-03T20:41:23
7.42633	-51.90887	0	35	2021-09-03T20:46:23
7.43002	-51.90921	0	35	2021-09-03T20:51:23
7.43369	-51.90976	0	35	2021-09-03T20:56:24
7.43720	-51.91028	0	35	2021-09-03T21:01:22
7.44085	-51.91108	0	35	2021-09-03T21:06:23
7.44450	-51.91159	0	35	2021-09-03T21:11:23
7.44810	-51.91202	0	35	2021-09-03T21:16:22
7.45152	-51.91257	0	35	2021-09-03T21:21:21
7.45509	-51.91309	0	35	2021-09-03T21:26:56
7.45862	-51.91339	0	35	2021-09-03T21:31:20
7.46256	-51.91412	0	35	2021-09-03T21:36:55
7.46533	-51.91476	0	35	2021-09-03T21:41:18
7.46849	-51.91536	0	35	2021-09-03T21:46:15
7.47167	-51.91562	0	35	2021-09-03T21:51:15
7.47493	-51.91562	0	35	2021-09-03T21:56:15
7.47855	-51.91571	0	35	2021-09-03T22:01:12
7.48288	-51.91601	0	35	2021-09-03T22:06:14
7.48730	-51.91635	0	35	2021-09-03T22:11:14
7.49158	-51.91666	0	35	2021-09-03T22:16:12
7.49550	-51.91708	0	35	2021-09-03T22:21:13
7.49911	-51.91736	0	35	2021-09-03T22:26:13
7.50255	-51.91785	0	35	2021-09-03T22:31:14
7.50601	-51.91846	0	35	2021-09-03T22:36:36
7.50884	-51.91870	0	35	2021-09-03T22:41:11
7.51233	-51.91891	0	35	2021-09-03T22:46:13
7.51598	-51.91931	0	35	2021-09-03T22:51:14
7.51956	-51.91962	0	35	2021-09-03T22:56:12
7.52327	-51.91998	0	35	2021-09-03T23:01:12
7.52745	-51.92038	0	35	2021-09-03T23:06:17
7.53184	-51.92078	0	35	2021-09-03T23:11:15
7.53635	-51.92114	0	35	2021-09-03T23:16:14
7.54019	-51.92139	0	35	2021-09-03T23:21:12
7.54369	-51.92210	0	35	2021-09-03T23:26:13
7.54699	-51.92227	0	35	2021-09-03T23:31:13
7.55106	-51.92256	0	35	2021-09-03T23:36:15
7.55424	-51.92273	0	35	2021-09-03T23:41:15
7.55815	-51.92316	0	35	2021-09-03T23:46:16
7.56239	-51.92365	0	35	2021-09-03T23:51:17
7.56663	-51.92410	0	35	2021-09-03T23:56:15
7.57034	-51.92450	0	35	2021-09-04T00:01:17
7.57442	-51.92476	0	35	2021-09-04T00:06:16
7.57785	-51.92545	0	35	2021-09-04T00:11:16
7.58134	-51.92566	0	35	2021-09-04T00:16:16
7.58505	-51.92581	0	35	2021-09-04T00:21:17
7.58904	-51.92596	0	35	2021-09-04T00:26:19
7.59299	-51.92636	0	35	2021-09-04T00:31:17
7.59744	-51.92671	0	35	2021-09-04T00:36:17
7.60122	-51.92680	0	35	2021-09-04T00:41:18
7.60603	-51.92706	0	35	2021-09-04T00:46:18
7.61024	-51.92734	0	35	2021-09-04T00:51:19
7.61452	-51.92755	0	35	2021-09-04T00:56:16
7.61857	-51.92792	0	35	2021-09-04T01:01:14
7.62247	-51.92844	0	35	2021-09-04T01:06:15
7.62655	-51.92880	0	35	2021-09-04T01:11:15
7.63028	-51.92914	0	35	2021-09-04T01:16:15
7.63400	-51.92943	0	35	2021-09-04T01:21:13
7.63791	-51.92969	0	35	2021-09-04T01:26:14
7.64204	-51.93008	0	35	2021-09-04T01:31:15
7.64645	-51.93051	0	35	2021-09-04T01:36:18
7.64980	-51.93066	0	35	2021-09-04T01:41:16
7.65366	-51.93094	0	35	2021-09-04T01:46:17
7.65729	-51.93134	0	35	2021-09-04T01:51:17
7.66059	-51.93124	0	35	2021-09-04T01:56:15
7.66427	-51.93115	0	35	2021-09-04T02:01:20
7.66823	-51.93144	0	35	2021-09-04T02:06:17
7.67214	-51.93161	0	35	2021-09-04T02:11:18
7.67625	-51.93173	0	35	2021-09-04T02:16:15
7.68015	-51.93179	0	35	2021-09-04T02:21:16
7.68433	-51.93195	0	35	2021-09-04T02:26:15
7.68840	-51.93213	0	35	2021-09-04T02:31:17
7.69274	-51.93234	0	35	2021-09-04T02:36:59
7.69588	-51.93250	0	35	2021-09-04T02:41:15
7.69977	-51.93271	0	35	2021-09-04T02:46:16
7.70312	-51.93271	0	35	2021-09-04T02:51:17
7.70668	-51.93280	0	35	2021-09-04T02:56:17
7.71049	-51.93295	0	35	2021-09-04T03:01:18
7.71438	-51.93301	0	35	2021-09-04T03:06:19
7.71808	-51.93311	0	35	2021-09-04T03:11:16
7.72188	-51.93320	0	35	2021-09-04T03:16:17
7.72567	-51.93304	0	35	2021-09-04T03:21:18
7.72952	-51.93314	0	35	2021-09-04T03:26:22
7.73344	-51.93310	0	35	2021-09-04T03:31:59
7.73833	-51.93344	0	35	2021-09-04T03:36:59
7.74154	-51.93350	0	35	2021-09-04T03:41:13
7.74503	-51.93356	0	35	2021-09-04T03:46:11
7.74847	-51.93344	0	35	2021-09-04T03:51:12
7.75207	-51.93323	0	35	2021-09-04T03:56:09
7.75577	-51.93297	0	35	2021-09-04T04:01:09
7.75946	-51.93271	0	35	2021-09-04T04:06:10
7.76318	-51.93246	0	35	2021-09-04T04:11:12
7.76684	-51.93222	0	35	2021-09-04T04:16:15
7.77063	-51.93195	0	35	2021-09-04T04:21:17
7.77454	-51.93179	0	35	2021-09-04T04:26:18
7.77848	-51.93161	0	35	2021-09-04T04:31:18
7.78299	-51.93130	0	35	2021-09-04T04:36:54
7.78667	-51.93112	0	35	2021-09-04T04:41:17
7.79094	-51.93106	0	35	2021-09-04T04:46:17
7.79530	-51.93082	0	35	2021-09-04T04:51:18
7.79989	-51.93091	0	35	2021-09-04T04:56:19
7.80359	-51.93069	0	35	2021-09-04T05:01:19
7.80722	-51.93030	0	35	2021-09-04T05:06:21
7.81087	-51.92993	0	35	2021-09-04T05:11:22
7.81466	-51.92969	0	35	2021-09-04T05:16:21
7.81861	-51.92911	0	35	2021-09-04T05:21:19
7.82287	-51.92868	0	35	2021-09-04T05:26:20
7.82654	-51.92813	0	35	2021-09-04T05:31:18
7.83049	-51.92746	0	35	2021-09-04T05:36:18
7.83375	-51.92703	0	35	2021-09-04T05:41:19
7.83743	-51.92648	0	35	2021-09-04T05:46:20
7.84137	-51.92593	0	35	2021-09-04T05:51:21
7.84462	-51.92529	0	35	2021-09-04T05:56:18
7.84791	-51.92477	0	35	2021-09-04T06:01:17
7.85132	-51.92413	0	35	2021-09-04T06:06:16
7.85486	-51.92346	0	35	2021-09-04T06:11:15
7.85835	-51.92279	0	35	2021-09-04T06:16:17
7.86187	-51.92203	0	35	2021-09-04T06:21:18
7.86535	-51.92134	0	35	2021-09-04T06:26:18
7.86883	-51.92065	0	35	2021-09-04T06:31:17
7.87295	-51.91974	0	35	2021-09-04T06:36:55
7.87627	-51.91898	0	35	2021-09-04T06:41:21
7.88013	-51.91821	0	35	2021-09-04T06:46:21
7.88392	-51.91742	0	35	2021-09-04T06:51:19
7.88769	-51.91656	0	35	2021-09-04T06:56:20
7.89132	-51.91572	0	35	2021-09-04T07:01:21
7.89510	-51.91486	0	35	2021-09-04T07:06:21
7.89873	-51.91397	0	35	2021-09-04T07:11:19
7.90250	-51.91315	0	35	2021-09-04T07:16:20
7.90632	-51.91220	0	35	2021-09-04T07:21:19
7.91024	-51.91122	0	35	2021-09-04T07:26:21
7.91414	-51.91030	0	35	2021-09-04T07:31:56
7.91856	-51.90936	0	35	2021-09-04T07:36:55
7.92209	-51.90851	0	35	2021-09-04T07:41:21
7.92594	-51.90751	0	35	2021-09-04T07:46:17
7.92985	-51.90665	0	35	2021-09-04T07:51:18
7.93373	-51.90576	0	35	2021-09-04T07:56:19
7.93764	-51.90488	0	35	2021-09-04T08:01:20
7.94149	-51.90394	0	35	2021-09-04T08:06:19
7.94547	-51.90323	0	35	2021-09-04T08:11:18
7.94951	-51.90240	0	35	2021-09-04T08:16:19
7.95373	-51.90170	0	35	2021-09-04T08:21:16
7.95788	-51.90096	0	35	2021-09-04T08:26:16
7.96191	-51.90027	0	35	2021-09-04T08:31:17
7.96657	-51.89934	0	35	2021-09-04T08:36:18
7.97009	-51.89865	0	35	2021-09-04T08:41:18
7.97409	-51.89786	0	35	2021-09-04T08:46:16
7.97790	-51.89685	0	35	2021-09-04T08:51:17
7.98175	-51.89584	0	35	2021-09-04T08:56:20
7.98563	-51.89478	0	35	2021-09-04T09:01:18
7.98964	-51.89374	0	35	2021-09-04T09:06:20
7.99356	-51.89261	0	35	2021-09-04T09:11:19
7.99755	-51.89167	0	35	2021-09-04T09:16:18
8.00184	-51.89090	0	35	2021-09-04T09:21:18
8.00625	-51.89023	0	35	2021-09-04T09:26:20
8.00975	-51.88936	0	35	2021-09-04T09:31:55
8.01370	-51.88824	0	35	2021-09-04T09:36:55
8.01688	-51.88739	0	35	2021-09-04T09:41:17
8.02063	-51.88641	0	35	2021-09-04T09:46:18
8.02425	-51.88532	0	35	2021-09-04T09:51:16
8.02816	-51.88446	0	35	2021-09-04T09:56:16
8.03205	-51.88348	0	35	2021-09-04T10:01:16
8.03562	-51.88235	0	35	2021-09-04T10:06:18
8.03941	-51.88115	0	35	2021-09-04T10:11:18
8.04336	-51.88012	0	35	2021-09-04T10:16:17
8.04709	-51.87909	0	35	2021-09-04T10:21:17
8.05085	-51.87811	0	35	2021-09-04T10:26:21
8.05416	-51.87695	0	35	2021-09-04T10:31:19
8.05812	-51.87564	0	35	2021-09-04T10:36:54
8.06126	-51.87451	0	35	2021-09-04T10:41:20
8.06466	-51.87332	0	35	2021-09-04T10:46:22
8.06821	-51.87210	0	35	2021-09-04T10:51:21
8.07161	-51.87082	0	35	2021-09-04T10:56:23
8.07510	-51.86955	0	35	2021-09-04T11:01:23
8.07849	-51.86835	0	35	2021-09-04T11:06:23
8.08192	-51.86703	0	35	2021-09-04T11:11:20
8.08541	-51.86566	0	35	2021-09-04T11:16:22
8.08897	-51.86432	0	35	2021-09-04T11:21:19
8.09249	-51.86288	0	35	2021-09-04T11:26:20
8.09610	-51.86151	0	35	2021-09-04T11:31:17
8.10036	-51.86008	0	35	2021-09-04T11:36:57
8.10347	-51.85889	0	35	2021-09-04T11:41:16
8.10711	-51.85767	0	35	2021-09-04T11:46:19
8.11068	-51.85638	0	35	2021-09-04T11:51:20
8.11412	-51.85504	0	35	2021-09-04T11:56:20
8.11768	-51.85367	0	35	2021-09-04T12:01:22
8.12107	-51.85247	0	35	2021-09-04T12:06:23
8.12429	-51.85110	0	35	2021-09-04T12:11:23
8.12767	-51.84973	0	35	2021-09-04T12:16:21
8.13124	-51.84827	0	35	2021-09-04T12:21:18
8.13495	-51.84680	0	35	2021-09-04T12:26:19
8.13827	-51.84543	0	35	2021-09-04T12:31:17
8.14176	-51.84378	0	35	2021-09-04T12:36:55
8.14475	-51.84243	0	35	2021-09-04T12:41:17
8.14809	-51.84097	0	35	2021-09-04T12:46:17
8.15123	-51.83951	0	35	2021-09-04T12:51:16
8.15441	-51.83795	0	35	2021-09-04T12:56:17
8.15765	-51.83636	0	35	2021-09-04T13:01:16
8.16097	-51.83469	0	35	2021-09-04T13:06:18
8.16430	-51.83304	0	35	2021-09-04T13:11:15
8.17071	-51.82980	0	35	2021-09-04T13:21:14
8.17390	-51.82826	0	35	2021-09-04T13:26:14
8.17712	-51.82672	0	35	2021-09-04T13:31:15
8.18052	-51.82507	0	35	2021-09-04T13:36:38
8.18333	-51.82355	0	35	2021-09-04T13:41:15
8.18634	-51.82199	0	35	2021-09-04T13:46:17
8.18938	-51.82043	0	35	2021-09-04T13:51:15
8.19233	-51.81871	0	35	2021-09-04T13:56:16
8.19529	-51.81717	0	35	2021-09-04T14:01:16
8.19830	-51.81561	0	35	2021-09-04T14:06:19
8.20133	-51.81400	0	35	2021-09-04T14:11:18
8.20438	-51.81241	0	35	2021-09-04T14:16:17
8.20729	-51.81085	0	35	2021-09-04T14:21:18
8.21019	-51.80920	0	35	2021-09-04T14:26:19
8.21312	-51.80754	0	35	2021-09-04T14:31:52
8.21660	-51.80582	0	35	2021-09-04T14:36:53
8.21923	-51.80447	0	35	2021-09-04T14:41:15
8.22222	-51.80292	0	35	2021-09-04T14:46:16
8.22511	-51.80122	0	35	2021-09-04T14:51:17
8.22781	-51.79959	0	35	2021-09-04T14:56:18
8.23054	-51.79791	0	35	2021-09-04T15:01:17
8.23332	-51.79614	0	35	2021-09-04T15:06:19
8.23626	-51.79442	0	35	2021-09-04T15:11:20
8.23896	-51.79279	0	35	2021-09-04T15:16:20
8.24166	-51.79114	0	35	2021-09-04T15:21:18
8.24449	-51.78943	0	35	2021-09-04T15:26:22
8.24719	-51.78778	0	35	2021-09-04T15:31:20
8.25024	-51.78587	0	35	2021-09-04T15:36:24
8.25264	-51.78433	0	35	2021-09-04T15:41:24
8.25558	-51.78259	0	35	2021-09-04T15:46:23
8.25844	-51.78094	0	35	2021-09-04T15:51:27
8.26108	-51.77927	0	35	2021-09-04T15:56:25
8.26355	-51.77762	0	35	2021-09-04T16:01:24
8.26596	-51.77594	0	35	2021-09-04T16:06:23
8.26834	-51.77430	0	35	2021-09-04T16:11:22
8.27083	-51.77267	0	35	2021-09-04T16:16:21
8.27323	-51.77103	0	35	2021-09-04T16:21:19
8.27572	-51.76929	0	35	2021-09-04T16:26:18
8.27849	-51.76727	0	35	2021-09-04T16:31:19
8.28158	-51.76508	0	35	2021-09-04T16:36:54
8.28397	-51.76331	0	35	2021-09-04T16:41:19
8.28686	-51.76129	0	35	2021-09-04T16:46:17
8.28972	-51.75934	0	35	2021-09-04T16:51:18
8.29265	-51.75732	0	35	2021-09-04T16:56:20
8.29555	-51.75525	0	35	2021-09-04T17:01:20
8.29845	-51.75327	0	35	2021-09-04T17:06:20
8.30139	-51.75140	0	35	2021-09-04T17:11:18
8.30430	-51.74960	0	35	2021-09-04T17:16:19
8.30729	-51.74786	0	35	2021-09-04T17:21:19
8.31009	-51.74612	0	35	2021-09-04T17:26:20
8.31255	-51.74442	0	35	2021-09-04T17:31:20
8.31531	-51.74246	0	35	2021-09-04T17:36:54
8.31744	-51.74088	0	35	2021-09-04T17:41:19
8.31978	-51.73892	0	35	2021-09-04T17:46:24
8.32199	-51.73688	0	35	2021-09-04T17:51:24
8.32419	-51.73474	0	35	2021-09-04T17:56:22
8.32649	-51.73264	0	35	2021-09-04T18:01:26
8.32873	-51.73047	0	35	2021-09-04T18:06:27
8.33100	-51.72827	0	35	2021-09-04T18:11:25
8.33339	-51.72607	0	35	2021-09-04T18:16:26
8.33587	-51.72377	0	35	2021-09-04T18:21:25
8.33827	-51.72162	0	35	2021-09-04T18:26:25
8.34063	-51.71939	0	35	2021-09-04T18:31:24
8.34319	-51.71692	0	35	2021-09-04T18:36:52
8.34531	-51.71497	0	35	2021-09-04T18:41:24
8.34765	-51.71277	0	35	2021-09-04T18:46:25
8.34999	-51.71057	0	35	2021-09-04T18:51:22
8.35235	-51.70834	0	35	2021-09-04T18:56:23
8.35476	-51.70615	0	35	2021-09-04T19:01:20
8.35710	-51.70392	0	35	2021-09-04T19:06:17
8.35945	-51.70163	0	35	2021-09-04T19:11:20
8.36178	-51.69937	0	35	2021-09-04T19:16:20
8.36415	-51.69711	0	35	2021-09-04T19:21:23
8.36642	-51.69479	0	35	2021-09-04T19:26:22
8.36863	-51.69254	0	35	2021-09-04T19:31:26
8.37114	-51.68997	0	35	2021-09-04T19:36:54
8.37312	-51.68784	0	35	2021-09-04T19:41:24
8.37533	-51.68552	0	35	2021-09-04T19:46:25
8.37754	-51.68320	0	35	2021-09-04T19:51:22
8.37969	-51.68097	0	35	2021-09-04T19:56:23
8.38183	-51.67865	0	35	2021-09-04T20:01:20
8.38400	-51.67627	0	35	2021-09-04T20:06:21
8.38618	-51.67398	0	35	2021-09-04T20:11:18
8.38838	-51.67166	0	35	2021-09-04T20:16:19
8.39062	-51.66934	0	35	2021-09-04T20:21:18
8.39289	-51.66705	0	35	2021-09-04T20:26:16
8.39545	-51.66466	0	35	2021-09-04T20:31:56
8.39833	-51.66217	0	35	2021-09-04T20:36:57
8.40053	-51.66016	0	35	2021-09-04T20:41:19
8.40293	-51.65793	0	35	2021-09-04T20:46:19
8.40546	-51.65564	0	35	2021-09-04T20:51:23
8.40807	-51.65335	0	35	2021-09-04T20:56:20
8.41066	-51.65103	0	35	2021-09-04T21:01:19
8.41320	-51.64880	0	35	2021-09-04T21:06:16
8.41576	-51.64645	0	35	2021-09-04T21:11:16
8.41832	-51.64415	0	35	2021-09-04T21:16:16
8.42085	-51.64200	0	35	2021-09-04T21:21:15
8.42334	-51.63977	0	35	2021-09-04T21:26:16
8.42578	-51.63760	0	35	2021-09-04T21:31:15
8.42839	-51.63528	0	35	2021-09-04T21:36:37
8.43066	-51.63330	0	35	2021-09-04T21:41:14
8.43312	-51.63116	0	35	2021-09-04T21:46:14
8.43562	-51.62894	0	35	2021-09-04T21:51:15
8.43806	-51.62675	0	35	2021-09-04T21:56:13
8.44051	-51.62460	0	35	2021-09-04T22:01:13
8.44289	-51.62247	0	35	2021-09-04T22:06:11
8.44525	-51.62033	0	35	2021-09-04T22:11:12
8.44759	-51.61816	0	35	2021-09-04T22:16:11
8.44990	-51.61603	0	35	2021-09-04T22:21:10
8.45214	-51.61386	0	35	2021-09-04T22:26:11
8.45433	-51.61160	0	35	2021-09-04T22:31:11
8.45673	-51.60922	0	35	2021-09-04T22:36:35
8.45865	-51.60724	0	35	2021-09-04T22:41:11
8.46069	-51.60504	0	35	2021-09-04T22:46:12
8.46269	-51.60284	0	35	2021-09-04T22:51:10
8.46461	-51.60068	0	35	2021-09-04T22:56:11
8.46650	-51.59854	0	35	2021-09-04T23:01:08
8.46834	-51.59634	0	35	2021-09-04T23:06:09
8.47014	-51.59415	0	35	2021-09-04T23:11:05
8.47204	-51.59189	0	35	2021-09-04T23:16:04
8.47392	-51.58957	0	35	2021-09-04T23:21:01
8.47568	-51.58734	0	35	2021-09-04T23:26:01
8.47741	-51.58502	0	35	2021-09-04T23:30:59
8.47927	-51.58255	0	35	2021-09-04T23:36:25
8.48079	-51.58041	0	35	2021-09-04T23:41:00
8.48243	-51.57809	0	35	2021-09-04T23:46:01
8.48409	-51.57571	0	35	2021-09-04T23:51:00
8.48572	-51.57336	0	35	2021-09-04T23:56:01
8.48729	-51.57098	0	35	2021-09-05T00:01:03
8.48886	-51.56857	0	35	2021-09-05T00:05:59
8.49036	-51.56625	0	35	2021-09-05T00:10:58
8.49189	-51.56384	0	35	2021-09-05T00:15:58
8.49341	-51.56140	0	35	2021-09-05T00:20:59
8.49492	-51.55889	0	35	2021-09-05T00:25:55
8.49642	-51.55640	0	35	2021-09-05T00:30:54
8.49808	-51.55356	0	35	2021-09-05T00:36:25
8.49940	-51.55124	0	35	2021-09-05T00:40:58
8.50092	-51.54863	0	35	2021-09-05T00:46:02
8.50242	-51.54614	0	35	2021-09-05T00:51:01
8.50389	-51.54361	0	35	2021-09-05T00:56:01
8.50538	-51.54111	0	35	2021-09-05T01:01:04
8.50684	-51.53859	0	35	2021-09-05T01:06:02
8.50821	-51.53610	0	35	2021-09-05T01:11:02
8.50960	-51.53350	0	35	2021-09-05T01:16:04
8.51102	-51.53101	0	35	2021-09-05T01:21:04
8.51244	-51.52844	0	35	2021-09-05T01:25:59
8.51392	-51.52585	0	35	2021-09-05T01:30:59
8.51554	-51.52307	0	35	2021-09-05T01:36:27
8.51681	-51.52075	0	35	2021-09-05T01:40:58
8.51826	-51.51813	0	35	2021-09-05T01:45:58
8.51969	-51.51553	0	35	2021-09-05T01:51:00
8.52112	-51.51285	0	35	2021-09-05T01:56:00
8.52260	-51.51016	0	35	2021-09-05T02:01:03
8.52408	-51.50745	0	35	2021-09-05T02:06:05
8.52558	-51.50461	0	35	2021-09-05T02:11:03
8.52707	-51.50189	0	35	2021-09-05T02:16:03
8.52858	-51.49908	0	35	2021-09-05T02:21:04
8.52997	-51.49628	0	35	2021-09-05T02:26:05
8.53140	-51.49350	0	35	2021-09-05T02:31:05
8.53299	-51.49051	0	35	2021-09-05T02:36:27
8.53431	-51.48788	0	35	2021-09-05T02:41:04
8.53570	-51.48502	0	35	2021-09-05T02:46:07
8.53717	-51.48212	0	35	2021-09-05T02:51:05
8.53863	-51.47922	0	35	2021-09-05T02:56:06
8.54017	-51.47637	0	35	2021-09-05T03:01:06
8.54160	-51.47345	0	35	2021-09-05T03:06:05
8.54307	-51.47043	0	35	2021-09-05T03:11:05
8.54449	-51.46741	0	35	2021-09-05T03:16:06
8.54589	-51.46448	0	35	2021-09-05T03:21:05
8.54718	-51.46149	0	35	2021-09-05T03:26:04
8.54834	-51.45847	0	35	2021-09-05T03:31:07
8.54948	-51.45539	0	35	2021-09-05T03:36:09
8.55042	-51.45264	0	35	2021-09-05T03:41:09
8.55138	-51.44968	0	35	2021-09-05T03:46:07
8.55232	-51.44672	0	35	2021-09-05T03:51:12
8.55324	-51.44373	0	35	2021-09-05T03:56:09
8.55420	-51.44077	0	35	2021-09-05T04:01:08
8.55517	-51.43781	0	35	2021-09-05T04:06:06
8.55621	-51.43466	0	35	2021-09-05T04:11:07
8.55720	-51.43155	0	35	2021-09-05T04:16:08
8.55821	-51.42850	0	35	2021-09-05T04:21:05
8.55925	-51.42542	0	35	2021-09-05T04:26:05
8.56032	-51.42227	0	35	2021-09-05T04:31:07
8.56150	-51.41895	0	35	2021-09-05T04:36:35
8.56248	-51.41617	0	35	2021-09-05T04:41:08
8.56359	-51.41309	0	35	2021-09-05T04:46:06
8.56469	-51.40997	0	35	2021-09-05T04:51:07
8.56575	-51.40689	0	35	2021-09-05T04:56:10
8.56681	-51.40378	0	35	2021-09-05T05:01:08
8.56786	-51.40073	0	35	2021-09-05T05:06:06
8.56891	-51.39761	0	35	2021-09-05T05:11:07
8.56996	-51.39447	0	35	2021-09-05T05:16:10
8.57099	-51.39133	0	35	2021-09-05T05:21:11
8.57205	-51.38828	0	35	2021-09-05T05:26:09
8.57307	-51.38519	0	35	2021-09-05T05:31:09
8.57414	-51.38187	0	35	2021-09-05T05:36:25
8.57508	-51.37888	0	35	2021-09-05T05:41:06
8.57602	-51.37579	0	35	2021-09-05T05:46:05
8.57696	-51.37265	0	35	2021-09-05T05:51:04
8.57793	-51.36945	0	35	2021-09-05T05:56:06
8.57884	-51.36630	0	35	2021-09-05T06:01:03
8.57980	-51.36310	0	35	2021-09-05T06:06:03
8.58073	-51.35992	0	35	2021-09-05T06:11:01
8.58164	-51.35669	0	35	2021-09-05T06:16:02
8.58254	-51.35339	0	35	2021-09-05T06:20:59
8.58350	-51.35006	0	35	2021-09-05T06:26:03
8.58436	-51.34680	0	35	2021-09-05T06:31:03
8.58531	-51.34326	0	35	2021-09-05T06:36:25
8.58620	-51.34021	0	35	2021-09-05T06:41:01
8.58718	-51.33690	0	35	2021-09-05T06:46:04
8.58808	-51.33355	0	35	2021-09-05T06:51:04
8.58897	-51.33029	0	35	2021-09-05T06:56:05
8.58986	-51.32700	0	35	2021-09-05T07:01:06
8.59070	-51.32376	0	35	2021-09-05T07:06:03
8.59151	-51.32050	0	35	2021-09-05T07:11:02
8.59232	-51.31717	0	35	2021-09-05T07:16:03
8.59310	-51.31393	0	35	2021-09-05T07:21:00
8.59390	-51.31060	0	35	2021-09-05T07:26:02
8.59464	-51.30734	0	35	2021-09-05T07:31:02
8.59544	-51.30371	0	35	2021-09-05T07:36:24
8.59612	-51.30066	0	35	2021-09-05T07:41:02
8.59681	-51.29733	0	35	2021-09-05T07:46:04
8.59753	-51.29401	0	35	2021-09-05T07:50:59
8.59825	-51.29065	0	35	2021-09-05T07:56:02
8.59892	-51.28735	0	35	2021-09-05T08:01:04
8.59955	-51.28400	0	35	2021-09-05T08:06:02
8.60018	-51.28064	0	35	2021-09-05T08:11:02
8.60084	-51.27726	0	35	2021-09-05T08:16:03
8.60145	-51.27383	0	35	2021-09-05T08:21:04
8.60211	-51.27045	0	35	2021-09-05T08:26:06
8.60272	-51.26706	0	35	2021-09-05T08:31:06
8.60337	-51.26340	0	35	2021-09-05T08:36:26
8.60394	-51.26022	0	35	2021-09-05T08:41:11
8.60448	-51.25681	0	35	2021-09-05T08:46:08
8.60505	-51.25345	0	35	2021-09-05T08:51:10
8.60566	-51.25009	0	35	2021-09-05T08:56:06
8.60624	-51.24667	0	35	2021-09-05T09:01:11
8.60680	-51.24323	0	35	2021-09-05T09:06:09
8.60734	-51.23984	0	35	2021-09-05T09:11:09
8.60790	-51.23634	0	35	2021-09-05T09:16:12
8.60840	-51.23291	0	35	2021-09-05T09:21:11
8.60890	-51.22952	0	35	2021-09-05T09:26:11
8.60938	-51.22617	0	35	2021-09-05T09:31:12
8.60985	-51.22253	0	35	2021-09-05T09:36:36
8.61029	-51.21945	0	35	2021-09-05T09:41:10
8.61076	-51.21609	0	35	2021-09-05T09:46:11
8.61121	-51.21274	0	35	2021-09-05T09:51:08
8.61164	-51.20934	0	35	2021-09-05T09:56:09
8.61204	-51.20599	0	35	2021-09-05T10:01:09
8.61238	-51.20264	0	35	2021-09-05T10:06:10
8.61275	-51.19916	0	35	2021-09-05T10:11:07
8.61316	-51.19568	0	35	2021-09-05T10:16:08
8.61359	-51.19226	0	35	2021-09-05T10:21:06
8.61403	-51.18887	0	35	2021-09-05T10:26:09
8.61445	-51.18555	0	35	2021-09-05T10:31:07
8.61486	-51.18182	0	35	2021-09-05T10:36:36
8.61520	-51.17874	0	35	2021-09-05T10:41:09
8.61561	-51.17529	0	35	2021-09-05T10:46:10
8.61595	-51.17191	0	35	2021-09-05T10:51:13
8.61631	-51.16846	0	35	2021-09-05T10:56:11
8.61663	-51.16504	0	35	2021-09-05T11:01:12
8.61694	-51.16162	0	35	2021-09-05T11:06:09
8.61722	-51.15817	0	35	2021-09-05T11:11:11
8.61753	-51.15472	0	35	2021-09-05T11:16:08
8.61808	-51.14789	0	35	2021-09-05T11:26:09
8.61830	-51.14438	0	35	2021-09-05T11:31:25
8.61847	-51.14069	0	35	2021-09-05T11:36:26
8.61862	-51.13739	0	35	2021-09-05T11:41:12
8.61875	-51.13394	0	35	2021-09-05T11:46:09
8.61883	-51.13052	0	35	2021-09-05T11:51:09
8.61893	-51.12708	0	35	2021-09-05T11:56:10
8.61905	-51.12363	0	35	2021-09-05T12:01:11
8.61921	-51.12019	0	35	2021-09-05T12:06:12
8.61930	-51.11676	0	35	2021-09-05T12:11:13
8.61945	-51.11340	0	35	2021-09-05T12:16:09
8.61957	-51.11002	0	35	2021-09-05T12:21:10
8.61969	-51.10672	0	35	2021-09-05T12:26:07
8.61977	-51.10333	0	35	2021-09-05T12:31:09
8.61979	-51.09985	0	35	2021-09-05T12:36:25
8.61974	-51.09679	0	35	2021-09-05T12:41:07
8.61974	-51.09353	0	35	2021-09-05T12:46:07
8.61974	-51.09027	0	35	2021-09-05T12:51:08
8.61975	-51.08704	0	35	2021-09-05T12:56:05
8.61978	-51.08380	0	35	2021-09-05T13:01:06
8.61975	-51.08057	0	35	2021-09-05T13:06:05
8.61978	-51.07727	0	35	2021-09-05T13:11:06
8.61979	-51.07404	0	35	2021-09-05T13:16:05
8.61979	-51.07086	0	35	2021-09-05T13:21:05
8.61978	-51.06760	0	35	2021-09-05T13:26:06
8.61975	-51.06436	0	35	2021-09-05T13:31:02
8.61978	-51.06085	0	35	2021-09-05T13:36:27
8.61978	-51.05783	0	35	2021-09-05T13:41:05
8.61978	-51.05466	0	35	2021-09-05T13:46:04
8.61979	-51.05145	0	35	2021-09-05T13:51:06
8.61977	-51.04828	0	35	2021-09-05T13:56:03
8.61974	-51.04504	0	35	2021-09-05T14:01:05
8.61970	-51.04193	0	35	2021-09-05T14:06:05
8.61970	-51.03873	0	35	2021-09-05T14:11:06
8.61968	-51.03554	0	35	2021-09-05T14:16:06
8.61968	-51.03245	0	35	2021-09-05T14:21:05
8.61964	-51.02927	0	35	2021-09-05T14:26:05
8.61957	-51.02612	0	35	2021-09-05T14:31:06
8.61957	-51.02279	0	35	2021-09-05T14:36:10
8.61957	-51.01996	0	35	2021-09-05T14:41:10
8.61961	-51.01691	0	35	2021-09-05T14:46:08
8.61957	-51.01389	0	35	2021-09-05T14:51:13
8.61952	-51.01083	0	35	2021-09-05T14:56:14
8.61949	-51.00791	0	35	2021-09-05T15:01:14
8.61949	-51.00491	0	35	2021-09-05T15:06:14
8.61947	-51.00189	0	35	2021-09-05T15:11:15
8.61940	-50.99885	0	35	2021-09-05T15:16:16
8.61936	-50.99585	0	35	2021-09-05T15:21:15
8.61922	-50.99280	0	35	2021-09-05T15:26:15
8.61904	-50.98975	0	35	2021-09-05T15:31:12
8.61877	-50.98644	0	35	2021-09-05T15:36:19
8.61860	-50.98369	0	35	2021-09-05T15:41:18
8.61847	-50.98077	0	35	2021-09-05T15:46:19
8.61835	-50.97778	0	35	2021-09-05T15:51:19
8.61820	-50.97479	0	35	2021-09-05T15:56:20
8.61808	-50.97180	0	35	2021-09-05T16:01:20
8.61799	-50.96881	0	35	2021-09-05T16:06:19
8.61790	-50.96582	0	35	2021-09-05T16:11:22
8.61777	-50.96286	0	35	2021-09-05T16:16:20
8.61759	-50.95984	0	35	2021-09-05T16:21:23
8.61747	-50.95682	0	35	2021-09-05T16:26:25
8.61736	-50.95389	0	35	2021-09-05T16:31:26
8.61722	-50.95063	0	35	2021-09-05T16:36:23
8.61710	-50.94806	0	35	2021-09-05T16:41:23
8.61691	-50.94512	0	35	2021-09-05T16:46:25
8.61670	-50.94220	0	35	2021-09-05T16:51:25
8.61647	-50.93924	0	35	2021-09-05T16:56:27
8.61621	-50.93634	0	35	2021-09-05T17:01:27
8.61591	-50.93338	0	35	2021-09-05T17:06:28
8.61562	-50.93045	0	35	2021-09-05T17:11:29
8.61534	-50.92749	0	35	2021-09-05T17:16:30
8.61513	-50.92462	0	35	2021-09-05T17:21:28
8.61492	-50.92175	0	35	2021-09-05T17:26:31
8.61477	-50.91885	0	35	2021-09-05T17:31:29
8.61461	-50.91574	0	35	2021-09-05T17:36:56
8.61450	-50.91306	0	35	2021-09-05T17:41:30
8.61431	-50.91008	0	35	2021-09-05T17:46:31
8.61416	-50.90729	0	35	2021-09-05T17:51:29
8.61401	-50.90442	0	35	2021-09-05T17:56:30
8.61389	-50.90155	0	35	2021-09-05T18:01:29
8.61375	-50.89864	0	35	2021-09-05T18:06:27
8.61372	-50.89581	0	35	2021-09-05T18:11:28
8.61361	-50.89301	0	35	2021-09-05T18:16:29
8.61354	-50.89017	0	35	2021-09-05T18:21:27
8.61345	-50.88727	0	35	2021-09-05T18:26:54
8.61349	-50.88443	0	35	2021-09-05T18:31:28
8.61345	-50.88135	0	35	2021-09-05T18:36:55
8.61340	-50.87869	0	35	2021-09-05T18:41:33
8.61331	-50.87582	0	35	2021-09-05T18:46:31
8.61326	-50.87296	0	35	2021-09-05T18:51:31
8.61317	-50.87009	0	35	2021-09-05T18:56:32
8.61308	-50.86725	0	35	2021-09-05T19:01:30
8.61302	-50.86444	0	35	2021-09-05T19:06:32
8.61297	-50.86166	0	35	2021-09-05T19:11:30
8.61295	-50.85880	0	35	2021-09-05T19:16:28
8.61290	-50.85590	0	35	2021-09-05T19:21:28
8.61281	-50.85306	0	35	2021-09-05T19:26:26
8.61269	-50.85016	0	35	2021-09-05T19:31:30
8.61257	-50.84696	0	35	2021-09-05T19:36:26
8.61248	-50.84430	0	35	2021-09-05T19:41:25
8.61232	-50.84134	0	35	2021-09-05T19:46:22
8.61215	-50.83838	0	35	2021-09-05T19:51:22
8.61198	-50.83541	0	35	2021-09-05T19:56:22
8.61185	-50.83249	0	35	2021-09-05T20:01:21
8.61170	-50.82956	0	35	2021-09-05T20:06:24
8.61156	-50.82669	0	35	2021-09-05T20:11:22
8.61140	-50.82376	0	35	2021-09-05T20:16:22
8.61119	-50.82080	0	35	2021-09-05T20:21:20
8.61098	-50.81784	0	35	2021-09-05T20:26:21
8.61074	-50.81485	0	35	2021-09-05T20:31:21
8.61055	-50.81158	0	35	2021-09-05T20:36:57
8.61034	-50.80888	0	35	2021-09-05T20:41:20
8.61013	-50.80588	0	35	2021-09-05T20:46:20
8.60994	-50.80280	0	35	2021-09-05T20:51:21
8.60974	-50.79977	0	35	2021-09-05T20:56:24
8.60952	-50.79669	0	35	2021-09-05T21:01:22
8.60931	-50.79364	0	35	2021-09-05T21:06:23
8.60906	-50.79056	0	35	2021-09-05T21:11:23
8.60882	-50.78751	0	35	2021-09-05T21:16:24
8.60858	-50.78451	0	35	2021-09-05T21:21:23
8.60840	-50.78159	0	35	2021-09-05T21:26:23
8.60821	-50.77863	0	35	2021-09-05T21:31:26
8.60802	-50.77536	0	35	2021-09-05T21:36:58
8.60791	-50.77277	0	35	2021-09-05T21:41:24
8.60778	-50.76984	0	35	2021-09-05T21:46:25
8.60767	-50.76700	0	35	2021-09-05T21:51:23
8.60751	-50.76413	0	35	2021-09-05T21:56:23
8.60735	-50.76122	0	35	2021-09-05T22:01:25
8.60718	-50.75839	0	35	2021-09-05T22:06:25
8.60694	-50.75552	0	35	2021-09-05T22:11:23
8.60670	-50.75266	0	35	2021-09-05T22:16:20
8.60646	-50.74976	0	35	2021-09-05T22:21:21
8.60619	-50.74676	0	35	2021-09-05T22:26:18
8.60589	-50.74384	0	35	2021-09-05T22:31:19
8.60552	-50.74054	0	35	2021-09-05T22:36:54
8.60523	-50.73795	0	35	2021-09-05T22:41:17
8.60488	-50.73505	0	35	2021-09-05T22:46:17
8.60455	-50.73206	0	35	2021-09-05T22:51:18
8.60413	-50.72900	0	35	2021-09-05T22:56:16
8.60374	-50.72598	0	35	2021-09-05T23:01:19
8.60336	-50.72302	0	35	2021-09-05T23:06:17
8.60290	-50.72003	0	35	2021-09-05T23:11:22
8.60246	-50.71710	0	35	2021-09-05T23:16:21
8.60208	-50.71414	0	35	2021-09-05T23:21:22
8.60164	-50.71121	0	35	2021-09-05T23:26:17
8.60121	-50.70825	0	35	2021-09-05T23:31:53
8.60070	-50.70490	0	35	2021-09-05T23:36:53
8.60025	-50.70224	0	35	2021-09-05T23:41:19
8.59972	-50.69928	0	35	2021-09-05T23:46:17
8.59920	-50.69623	0	35	2021-09-05T23:51:20
8.59869	-50.69324	0	35	2021-09-05T23:56:18
8.59817	-50.69025	0	35	2021-09-06T00:01:19
8.59768	-50.68718	0	35	2021-09-06T00:06:22
8.59721	-50.68426	0	35	2021-09-06T00:11:21
8.59674	-50.68134	0	35	2021-09-06T00:16:21
8.59623	-50.67838	0	35	2021-09-06T00:21:22
8.59572	-50.67538	0	35	2021-09-06T00:26:22
8.59515	-50.67236	0	35	2021-09-06T00:31:24
8.59451	-50.66901	0	35	2021-09-06T00:36:55
8.59397	-50.66629	0	35	2021-09-06T00:41:25
8.59277	-50.66022	0	35	2021-09-06T00:51:26
8.59218	-50.65730	0	35	2021-09-06T00:56:25
8.59158	-50.65430	0	35	2021-09-06T01:01:25
8.59103	-50.65128	0	35	2021-09-06T01:06:25
8.59042	-50.64825	0	35	2021-09-06T01:11:27
8.58972	-50.64524	0	35	2021-09-06T01:16:24
8.58902	-50.64224	0	35	2021-09-06T01:21:24
8.58826	-50.63917	0	35	2021-09-06T01:26:24
8.58749	-50.63617	0	35	2021-09-06T01:31:23
8.58667	-50.63290	0	35	2021-09-06T01:36:54
8.58602	-50.63019	0	35	2021-09-06T01:41:27
8.58529	-50.62717	0	35	2021-09-06T01:46:28
8.58453	-50.62411	0	35	2021-09-06T01:51:26
8.58372	-50.62109	0	35	2021-09-06T01:56:23
8.58289	-50.61802	0	35	2021-09-06T02:01:21
8.58203	-50.61502	0	35	2021-09-06T02:06:21
8.58116	-50.61203	0	35	2021-09-06T02:11:18
8.58024	-50.60893	0	35	2021-09-06T02:16:19
8.57935	-50.60584	0	35	2021-09-06T02:21:19
8.57841	-50.60284	0	35	2021-09-06T02:26:19
8.57741	-50.59988	0	35	2021-09-06T02:31:21
8.57620	-50.59653	0	35	2021-09-06T02:36:54
8.57522	-50.59387	0	35	2021-09-06T02:41:20
8.57414	-50.59091	0	35	2021-09-06T02:46:19
8.57304	-50.58795	0	35	2021-09-06T02:51:21
8.57185	-50.58484	0	35	2021-09-06T02:56:21
8.57079	-50.58184	0	35	2021-09-06T03:01:21
8.56972	-50.57892	0	35	2021-09-06T03:06:20
8.56863	-50.57593	0	35	2021-09-06T03:11:19
8.56748	-50.57294	0	35	2021-09-06T03:16:20
8.56636	-50.56989	0	35	2021-09-06T03:21:17
8.56523	-50.56686	0	35	2021-09-06T03:26:15
8.56408	-50.56390	0	35	2021-09-06T03:31:13
8.56272	-50.56049	0	35	2021-09-06T03:36:58
8.56164	-50.55789	0	35	2021-09-06T03:41:18
8.56043	-50.55493	0	35	2021-09-06T03:46:19
8.55910	-50.55206	0	35	2021-09-06T03:51:18
8.55772	-50.54913	0	35	2021-09-06T03:56:16
8.55629	-50.54623	0	35	2021-09-06T04:01:17
8.55495	-50.54340	0	35	2021-09-06T04:06:17
8.55362	-50.54049	0	35	2021-09-06T04:11:16
8.55216	-50.53757	0	35	2021-09-06T04:16:16
8.55078	-50.53470	0	35	2021-09-06T04:21:14
8.54939	-50.53177	0	35	2021-09-06T04:26:17
8.54795	-50.52890	0	35	2021-09-06T04:31:19
8.54632	-50.52570	0	35	2021-09-06T04:36:54
8.54505	-50.52319	0	35	2021-09-06T04:41:20
8.54350	-50.52036	0	35	2021-09-06T04:46:22
8.54193	-50.51764	0	35	2021-09-06T04:51:22
8.54036	-50.51480	0	35	2021-09-06T04:56:20
8.53866	-50.51199	0	35	2021-09-06T05:01:24
8.53700	-50.50925	0	35	2021-09-06T05:06:24
8.53529	-50.50647	0	35	2021-09-06T05:11:26
8.53353	-50.50369	0	35	2021-09-06T05:16:25
8.53187	-50.50092	0	35	2021-09-06T05:21:27
8.53021	-50.49811	0	35	2021-09-06T05:26:27
8.52846	-50.49526	0	35	2021-09-06T05:31:56
8.52661	-50.49234	0	35	2021-09-06T05:36:56
8.52497	-50.48981	0	35	2021-09-06T05:41:33
8.52326	-50.48709	0	35	2021-09-06T05:46:28
8.52150	-50.48438	0	35	2021-09-06T05:51:31
8.51980	-50.48166	0	35	2021-09-06T05:56:29
8.51810	-50.47888	0	35	2021-09-06T06:01:30
8.51643	-50.47617	0	35	2021-09-06T06:06:28
8.51470	-50.47342	0	35	2021-09-06T06:11:28
8.51291	-50.47076	0	35	2021-09-06T06:16:29
8.51113	-50.46805	0	35	2021-09-06T06:21:30
8.50929	-50.46539	0	35	2021-09-06T06:26:30
8.50752	-50.46270	0	35	2021-09-06T06:31:57
8.50559	-50.45987	0	35	2021-09-06T06:36:56
8.50398	-50.45749	0	35	2021-09-06T06:41:32
8.50221	-50.45483	0	35	2021-09-06T06:46:30
8.50043	-50.45224	0	35	2021-09-06T06:51:32
8.49859	-50.44968	0	35	2021-09-06T06:56:31
8.49671	-50.44704	0	35	2021-09-06T07:01:34
8.49491	-50.44455	0	35	2021-09-06T07:06:34
8.49310	-50.44202	0	35	2021-09-06T07:11:31
8.49133	-50.43945	0	35	2021-09-06T07:16:31
8.48959	-50.43701	0	35	2021-09-06T07:21:33
8.48784	-50.43457	0	35	2021-09-06T07:26:33
8.48605	-50.43213	0	35	2021-09-06T07:31:31
8.48413	-50.42950	0	35	2021-09-06T07:36:57
8.48245	-50.42719	0	35	2021-09-06T07:41:34
8.48072	-50.42496	0	35	2021-09-06T07:46:33
8.47902	-50.42261	0	35	2021-09-06T07:51:34
8.47729	-50.42026	0	35	2021-09-06T07:56:34
8.47550	-50.41782	0	35	2021-09-06T08:01:35
8.47376	-50.41550	0	35	2021-09-06T08:06:33
8.47209	-50.41312	0	35	2021-09-06T08:11:34
8.47040	-50.41071	0	35	2021-09-06T08:16:34
8.46873	-50.40833	0	35	2021-09-06T08:21:35
8.46702	-50.40588	0	35	2021-09-06T08:26:34
8.46523	-50.40350	0	35	2021-09-06T08:31:36
8.46329	-50.40094	0	35	2021-09-06T08:36:56
8.46160	-50.39874	0	35	2021-09-06T08:41:37
8.45975	-50.39629	0	35	2021-09-06T08:46:36
8.45791	-50.39389	0	35	2021-09-06T08:51:36
8.45600	-50.39148	0	35	2021-09-06T08:56:36
8.45412	-50.38904	0	35	2021-09-06T09:01:38
8.45224	-50.38663	0	35	2021-09-06T09:06:35
8.45030	-50.38419	0	35	2021-09-06T09:11:34
8.44830	-50.38162	0	35	2021-09-06T09:16:36
8.44638	-50.37913	0	35	2021-09-06T09:21:36
8.44445	-50.37656	0	35	2021-09-06T09:26:35
8.44248	-50.37402	0	35	2021-09-06T09:31:36
8.44028	-50.37134	0	35	2021-09-06T09:36:58
8.43854	-50.36911	0	35	2021-09-06T09:41:34
8.43670	-50.36679	0	35	2021-09-06T09:46:31
8.43483	-50.36447	0	35	2021-09-06T09:51:30
8.43299	-50.36215	0	35	2021-09-06T09:56:31
8.43113	-50.35983	0	35	2021-09-06T10:01:32
8.42924	-50.35742	0	35	2021-09-06T10:06:30
8.42732	-50.35501	0	35	2021-09-06T10:11:31
8.42543	-50.35269	0	35	2021-09-06T10:16:31
8.42351	-50.35025	0	35	2021-09-06T10:21:33
8.42164	-50.34784	0	35	2021-09-06T10:26:33
8.41984	-50.34549	0	35	2021-09-06T10:31:34
8.41789	-50.34286	0	35	2021-09-06T10:36:57
8.41619	-50.34064	0	35	2021-09-06T10:41:35
8.41433	-50.33829	0	35	2021-09-06T10:46:33
8.41234	-50.33580	0	35	2021-09-06T10:51:34
8.41032	-50.33340	0	35	2021-09-06T10:56:34
8.40823	-50.33093	0	35	2021-09-06T11:01:36
8.40618	-50.32840	0	35	2021-09-06T11:06:39
8.40409	-50.32592	0	35	2021-09-06T11:11:36
8.40207	-50.32343	0	35	2021-09-06T11:16:35
8.40008	-50.32089	0	35	2021-09-06T11:21:38
8.39805	-50.31836	0	35	2021-09-06T11:26:39
8.39603	-50.31578	0	35	2021-09-06T11:31:57
8.39392	-50.31329	0	35	2021-09-06T11:36:57
8.39204	-50.31104	0	35	2021-09-06T11:41:35
8.38998	-50.30856	0	35	2021-09-06T11:46:39
8.38791	-50.30612	0	35	2021-09-06T11:51:41
8.38582	-50.30368	0	35	2021-09-06T11:56:45
8.38376	-50.30124	0	35	2021-09-06T12:01:44
8.37953	-50.29639	0	35	2021-09-06T12:11:47
8.37734	-50.29390	0	35	2021-09-06T12:16:48
8.37519	-50.29141	0	35	2021-09-06T12:21:48
8.37296	-50.28891	0	35	2021-09-06T12:26:50
8.37072	-50.28634	0	35	2021-09-06T12:32:25
8.36819	-50.28351	0	35	2021-09-06T12:37:26
8.36619	-50.28131	0	35	2021-09-06T12:41:49
8.36395	-50.27881	0	35	2021-09-06T12:46:48
8.36168	-50.27640	0	35	2021-09-06T12:51:50
8.35946	-50.27408	0	35	2021-09-06T12:56:50
8.35723	-50.27182	0	35	2021-09-06T13:01:48
8.35495	-50.26953	0	35	2021-09-06T13:06:52
8.35267	-50.26740	0	35	2021-09-06T13:11:54
8.35035	-50.26526	0	35	2021-09-06T13:16:53
8.34802	-50.26321	0	35	2021-09-06T13:21:54
8.34563	-50.26120	0	35	2021-09-06T13:26:52
8.34319	-50.25928	0	35	2021-09-06T13:31:56
8.34054	-50.25717	0	35	2021-09-06T13:37:25
8.33835	-50.25546	0	35	2021-09-06T13:41:52
8.33586	-50.25366	0	35	2021-09-06T13:46:52
8.33332	-50.25187	0	35	2021-09-06T13:51:49
8.33087	-50.25015	0	35	2021-09-06T13:56:50
8.32836	-50.24839	0	35	2021-09-06T14:01:47
8.32596	-50.24667	0	35	2021-09-06T14:06:48
8.32356	-50.24500	0	35	2021-09-06T14:11:47
8.32117	-50.24329	0	35	2021-09-06T14:16:45
8.31640	-50.23979	0	35	2021-09-06T14:27:26
8.31398	-50.23813	0	35	2021-09-06T14:31:45
8.31117	-50.23627	0	35	2021-09-06T14:37:27
8.30893	-50.23482	0	35	2021-09-06T14:41:46
8.30640	-50.23328	0	35	2021-09-06T14:46:46
8.30377	-50.23169	0	35	2021-09-06T14:51:48
8.30104	-50.23016	0	35	2021-09-06T14:56:47
8.29823	-50.22854	0	35	2021-09-06T15:01:44
8.29540	-50.22708	0	35	2021-09-06T15:06:43
8.29257	-50.22562	0	35	2021-09-06T15:11:43
8.28969	-50.22418	0	35	2021-09-06T15:16:44
8.28675	-50.22269	0	35	2021-09-06T15:21:45
8.28384	-50.22122	0	35	2021-09-06T15:26:45
8.28097	-50.21976	0	35	2021-09-06T15:31:47
8.27777	-50.21811	0	35	2021-09-06T15:37:25
8.27530	-50.21682	0	35	2021-09-06T15:41:47
8.27252	-50.21536	0	35	2021-09-06T15:46:46
8.26972	-50.21393	0	35	2021-09-06T15:51:49
8.26704	-50.21249	0	35	2021-09-06T15:56:50
8.26437	-50.21100	0	35	2021-09-06T16:01:45
8.26165	-50.20944	0	35	2021-09-06T16:06:48
8.25891	-50.20807	0	35	2021-09-06T16:11:47
8.25605	-50.20670	0	35	2021-09-06T16:16:48
8.25315	-50.20538	0	35	2021-09-06T16:21:51
8.25026	-50.20416	0	35	2021-09-06T16:26:53
8.24731	-50.20297	0	35	2021-09-06T16:31:53
8.24393	-50.20169	0	35	2021-09-06T16:37:25
8.24121	-50.20068	0	35	2021-09-06T16:41:55
8.23813	-50.19965	0	35	2021-09-06T16:46:53
8.23504	-50.19858	0	35	2021-09-06T16:51:56
8.23199	-50.19760	0	35	2021-09-06T16:56:57
8.22897	-50.19672	0	35	2021-09-06T17:01:57
8.22591	-50.19574	0	35	2021-09-06T17:06:55
8.22287	-50.19492	0	35	2021-09-06T17:11:53
8.21979	-50.19400	0	35	2021-09-06T17:16:56
8.21674	-50.19312	0	35	2021-09-06T17:21:58
8.21377	-50.19223	0	35	2021-09-06T17:26:56
8.21069	-50.19131	0	35	2021-09-06T17:32:27
8.20744	-50.19028	0	35	2021-09-06T17:37:27
8.20472	-50.18942	0	35	2021-09-06T17:41:58
8.20168	-50.18854	0	35	2021-09-06T17:46:58
8.19856	-50.18748	0	35	2021-09-06T17:51:59
8.19553	-50.18668	0	35	2021-09-06T17:56:59
8.19242	-50.18585	0	35	2021-09-06T18:02:00
8.18931	-50.18497	0	35	2021-09-06T18:06:58
8.18618	-50.18408	0	35	2021-09-06T18:11:59
8.18302	-50.18326	0	35	2021-09-06T18:16:59
8.17994	-50.18240	0	35	2021-09-06T18:22:00
8.17679	-50.18146	0	35	2021-09-06T18:26:56
8.17379	-50.18069	0	35	2021-09-06T18:31:55
8.17038	-50.17963	0	35	2021-09-06T18:36:59
8.16750	-50.17886	0	35	2021-09-06T18:41:59
8.16437	-50.17798	0	35	2021-09-06T18:46:57
8.16123	-50.17719	0	35	2021-09-06T18:51:58
8.15811	-50.17633	0	35	2021-09-06T18:56:55
8.15489	-50.17543	0	35	2021-09-06T19:01:56
8.15166	-50.17466	0	35	2021-09-06T19:06:57
8.14849	-50.17389	0	35	2021-09-06T19:11:57
8.14536	-50.17316	0	35	2021-09-06T19:16:55
8.14211	-50.17232	0	35	2021-09-06T19:21:55
8.13902	-50.17163	0	35	2021-09-06T19:26:56
8.13597	-50.17083	0	35	2021-09-06T19:32:27
8.13266	-50.17023	0	35	2021-09-06T19:37:26
8.12991	-50.16951	0	35	2021-09-06T19:41:56
8.12686	-50.16891	0	35	2021-09-06T19:46:56
8.12381	-50.16827	0	35	2021-09-06T19:51:59
8.12088	-50.16769	0	35	2021-09-06T19:56:57
8.11778	-50.16708	0	35	2021-09-06T20:01:57
8.11482	-50.16657	0	35	2021-09-06T20:06:56
8.11199	-50.16614	0	35	2021-09-06T20:11:56
8.10900	-50.16571	0	35	2021-09-06T20:16:57
8.10609	-50.16525	0	35	2021-09-06T20:22:01
8.10307	-50.16479	0	35	2021-09-06T20:26:59
8.10005	-50.16440	0	35	2021-09-06T20:32:00
8.09678	-50.16397	0	35	2021-09-06T20:37:27
8.09402	-50.16364	0	35	2021-09-06T20:42:02
8.09092	-50.16309	0	35	2021-09-06T20:47:02
8.08787	-50.16266	0	35	2021-09-06T20:52:02
8.08480	-50.16226	0	35	2021-09-06T20:57:03
8.08181	-50.16187	0	35	2021-09-06T21:02:01
8.07577	-50.16089	0	35	2021-09-06T21:11:59
8.07285	-50.16046	0	35	2021-09-06T21:16:59
8.06992	-50.16003	0	35	2021-09-06T21:21:59
8.06700	-50.15961	0	35	2021-09-06T21:26:57
8.06408	-50.15927	0	35	2021-09-06T21:31:58
8.06084	-50.15881	0	35	2021-09-06T21:37:26
8.05817	-50.15851	0	35	2021-09-06T21:41:53
8.05519	-50.15820	0	35	2021-09-06T21:46:54
8.05225	-50.15784	0	35	2021-09-06T21:51:54
8.04942	-50.15750	0	35	2021-09-06T21:56:55
8.04651	-50.15710	0	35	2021-09-06T22:01:57
8.04360	-50.15680	0	35	2021-09-06T22:06:57
8.04063	-50.15646	0	35	2021-09-06T22:11:57
8.03761	-50.15608	0	35	2021-09-06T22:16:59
8.03468	-50.15574	0	35	2021-09-06T22:21:59
8.03177	-50.15540	0	35	2021-09-06T22:27:00
8.02894	-50.15509	0	35	2021-09-06T22:32:01
8.02603	-50.15475	0	35	2021-09-06T22:37:26
8.02356	-50.15445	0	35	2021-09-06T22:42:02
8.02081	-50.15405	0	35	2021-09-06T22:47:03
8.01807	-50.15363	0	35	2021-09-06T22:52:01
8.01530	-50.15317	0	35	2021-09-06T22:56:57
8.01260	-50.15274	0	35	2021-09-06T23:01:58
8.00990	-50.15231	0	35	2021-09-06T23:06:58
8.00717	-50.15182	0	35	2021-09-06T23:11:59
8.00451	-50.15134	0	35	2021-09-06T23:16:56
8.00189	-50.15088	0	35	2021-09-06T23:21:53
7.99918	-50.15039	0	35	2021-09-06T23:26:54
7.99642	-50.14989	0	35	2021-09-06T23:31:56
7.99342	-50.14929	0	35	2021-09-06T23:36:57
7.99097	-50.14886	0	35	2021-09-06T23:41:57
7.98820	-50.14847	0	35	2021-09-06T23:46:58
7.98539	-50.14813	0	35	2021-09-06T23:51:56
7.98258	-50.14780	0	35	2021-09-06T23:56:56
7.97982	-50.14728	0	35	2021-09-07T00:02:00
7.97715	-50.14685	0	35	2021-09-07T00:06:57
7.97162	-50.14593	0	35	2021-09-07T00:16:52
7.96879	-50.14550	0	35	2021-09-07T00:21:53
7.96591	-50.14499	0	35	2021-09-07T00:26:53
7.96293	-50.14423	0	35	2021-09-07T00:31:51
7.95987	-50.14368	0	35	2021-09-07T00:37:26
7.95735	-50.14294	0	35	2021-09-07T00:41:52
7.95457	-50.14233	0	35	2021-09-07T00:46:53
7.95175	-50.14164	0	35	2021-09-07T00:51:53
7.94892	-50.14087	0	35	2021-09-07T00:56:52
7.94618	-50.14001	0	35	2021-09-07T01:01:52
7.94348	-50.13916	0	35	2021-09-07T01:06:50
7.94076	-50.13827	0	35	2021-09-07T01:11:50
7.93806	-50.13733	0	35	2021-09-07T01:16:51
7.93528	-50.13638	0	35	2021-09-07T01:21:51
7.93240	-50.13550	0	35	2021-09-07T01:26:53
7.92944	-50.13455	0	35	2021-09-07T01:31:52
7.92621	-50.13351	0	35	2021-09-07T01:37:25
7.92372	-50.13278	0	35	2021-09-07T01:41:55
7.92082	-50.13207	0	35	2021-09-07T01:46:59
7.91790	-50.13138	0	35	2021-09-07T01:51:59
7.91503	-50.13074	0	35	2021-09-07T01:57:00
7.91202	-50.13007	0	35	2021-09-07T02:02:02
7.90904	-50.12930	0	35	2021-09-07T02:07:06
7.90607	-50.12854	0	35	2021-09-07T02:12:08
7.90312	-50.12778	0	35	2021-09-07T02:17:08
7.90017	-50.12696	0	35	2021-09-07T02:22:12
7.89725	-50.12627	0	35	2021-09-07T02:27:11
7.89442	-50.12558	0	35	2021-09-07T02:32:11
7.89123	-50.12494	0	35	2021-09-07T02:37:39
7.88848	-50.12439	0	35	2021-09-07T02:42:13
7.88546	-50.12372	0	35	2021-09-07T02:47:13
7.88241	-50.12299	0	35	2021-09-07T02:52:15
7.87934	-50.12231	0	35	2021-09-07T02:57:19
7.87630	-50.12161	0	35	2021-09-07T03:02:17
7.87320	-50.12102	0	35	2021-09-07T03:07:20
7.87020	-50.12042	0	35	2021-09-07T03:12:19
7.86719	-50.11993	0	35	2021-09-07T03:17:18
7.86415	-50.11945	0	35	2021-09-07T03:22:20
7.86117	-50.11899	0	35	2021-09-07T03:27:21
7.85829	-50.11865	0	35	2021-09-07T03:32:21
7.85502	-50.11826	0	35	2021-09-07T03:37:56
7.85251	-50.11792	0	35	2021-09-07T03:42:22
7.84970	-50.11743	0	35	2021-09-07T03:47:20
7.84682	-50.11691	0	35	2021-09-07T03:52:21
7.84402	-50.11642	0	35	2021-09-07T03:57:21
7.84128	-50.11591	0	35	2021-09-07T04:02:26
7.83847	-50.11539	0	35	2021-09-07T04:07:24
7.83563	-50.11478	0	35	2021-09-07T04:12:24
7.83275	-50.11435	0	35	2021-09-07T04:17:24
7.82989	-50.11380	0	35	2021-09-07T04:22:25
7.82696	-50.11334	0	35	2021-09-07T04:27:22
7.82400	-50.11282	0	35	2021-09-07T04:32:21
7.82071	-50.11230	0	35	2021-09-07T04:37:56
7.81803	-50.11194	0	35	2021-09-07T04:42:18
7.81508	-50.11151	0	35	2021-09-07T04:47:15
7.81205	-50.11105	0	35	2021-09-07T04:52:16
7.80898	-50.11057	0	35	2021-09-07T04:57:16
7.80588	-50.11011	0	35	2021-09-07T05:02:17
7.80279	-50.10962	0	35	2021-09-07T05:07:15
7.79971	-50.10913	0	35	2021-09-07T05:12:19
7.79663	-50.10865	0	35	2021-09-07T05:17:13
7.79367	-50.10831	0	35	2021-09-07T05:22:14
7.79063	-50.10788	0	35	2021-09-07T05:27:14
7.78760	-50.10748	0	35	2021-09-07T05:32:16
7.78419	-50.10706	0	35	2021-09-07T05:37:54
7.78154	-50.10681	0	35	2021-09-07T05:42:17
7.77842	-50.10641	0	35	2021-09-07T05:47:18
7.77534	-50.10614	0	35	2021-09-07T05:52:17
7.77225	-50.10578	0	35	2021-09-07T05:57:16
7.76920	-50.10552	0	35	2021-09-07T06:02:16
7.76611	-50.10535	0	35	2021-09-07T06:07:16
7.76306	-50.10513	0	35	2021-09-07T06:12:18
7.76000	-50.10495	0	35	2021-09-07T06:17:16
7.75692	-50.10483	0	35	2021-09-07T06:22:19
7.75374	-50.10471	0	35	2021-09-07T06:27:17
7.75062	-50.10471	0	35	2021-09-07T06:32:20
7.74723	-50.10477	0	35	2021-09-07T06:37:54
7.74450	-50.10492	0	35	2021-09-07T06:42:20
7.74140	-50.10498	0	35	2021-09-07T06:47:19
7.73824	-50.10501	0	35	2021-09-07T06:52:21
7.73515	-50.10495	0	35	2021-09-07T06:57:22
7.73210	-50.10486	0	35	2021-09-07T07:02:19
7.72903	-50.10486	0	35	2021-09-07T07:07:20
7.72601	-50.10495	0	35	2021-09-07T07:12:21
7.72296	-50.10507	0	35	2021-09-07T07:17:20
7.71989	-50.10507	0	35	2021-09-07T07:22:22
7.71683	-50.10504	0	35	2021-09-07T07:27:22
7.71382	-50.10507	0	35	2021-09-07T07:32:23
7.71048	-50.10498	0	35	2021-09-07T07:37:53
7.70781	-50.10498	0	35	2021-09-07T07:42:22
7.70475	-50.10492	0	35	2021-09-07T07:47:24
7.70179	-50.10492	0	35	2021-09-07T07:52:20
7.69883	-50.10492	0	35	2021-09-07T07:57:24
7.69586	-50.10489	0	35	2021-09-07T08:02:22
7.69302	-50.10492	0	35	2021-09-07T08:07:18
7.69014	-50.10492	0	35	2021-09-07T08:12:16
7.68731	-50.10492	0	35	2021-09-07T08:17:16
7.68450	-50.10498	0	35	2021-09-07T08:22:14
7.68165	-50.10513	0	35	2021-09-07T08:27:14
7.67877	-50.10513	0	35	2021-09-07T08:32:15
7.67547	-50.10522	0	35	2021-09-07T08:37:55
7.67291	-50.10529	0	35	2021-09-07T08:42:17
7.66996	-50.10541	0	35	2021-09-07T08:47:18
7.66704	-50.10550	0	35	2021-09-07T08:52:18
7.66412	-50.10559	0	35	2021-09-07T08:57:18
7.66110	-50.10571	0	35	2021-09-07T09:02:20
7.65816	-50.10587	0	35	2021-09-07T09:07:18
7.65528	-50.10593	0	35	2021-09-07T09:12:18
7.65240	-50.10602	0	35	2021-09-07T09:17:19
7.64954	-50.10602	0	35	2021-09-07T09:22:20
7.64666	-50.10614	0	35	2021-09-07T09:28:26
7.64387	-50.10614	0	35	2021-09-07T09:33:26
7.64039	-50.10614	0	35	2021-09-07T09:38:25
7.63819	-50.10623	0	35	2021-09-07T09:42:22
7.63535	-50.10626	0	35	2021-09-07T09:47:21
7.63248	-50.10629	0	35	2021-09-07T09:52:24
7.62965	-50.10632	0	35	2021-09-07T09:57:23
7.62682	-50.10641	0	35	2021-09-07T10:02:26
7.62400	-50.10651	0	35	2021-09-07T10:07:24
7.62123	-50.10657	0	35	2021-09-07T10:12:27
7.61850	-50.10672	0	35	2021-09-07T10:17:25
7.61572	-50.10681	0	35	2021-09-07T10:22:27
7.61295	-50.10694	0	35	2021-09-07T10:27:28
7.61016	-50.10703	0	35	2021-09-07T10:32:28
7.60724	-50.10718	0	35	2021-09-07T10:37:56
7.60493	-50.10742	0	35	2021-09-07T10:42:28
7.60238	-50.10760	0	35	2021-09-07T10:47:29
7.59975	-50.10782	0	35	2021-09-07T10:52:24
7.59696	-50.10812	0	35	2021-09-07T10:57:24
7.59434	-50.10829	0	35	2021-09-07T11:02:24
7.59168	-50.10846	0	35	2021-09-07T11:07:23
7.58893	-50.10861	0	35	2021-09-07T11:12:24
7.58615	-50.10887	0	35	2021-09-07T11:17:25
7.58345	-50.10904	0	35	2021-09-07T11:22:25
7.58066	-50.10925	0	35	2021-09-07T11:27:25
7.57788	-50.10953	0	35	2021-09-07T11:32:27
7.57474	-50.10983	0	35	2021-09-07T11:37:27
7.57233	-50.11005	0	35	2021-09-07T11:42:28
7.56959	-50.11035	0	35	2021-09-07T11:47:26
7.56689	-50.11057	0	35	2021-09-07T11:52:26
7.56410	-50.11087	0	35	2021-09-07T11:57:31
7.56140	-50.11121	0	35	2021-09-07T12:02:32
7.55860	-50.11160	0	35	2021-09-07T12:07:33
7.55586	-50.11200	0	35	2021-09-07T12:12:34
7.55309	-50.11239	0	35	2021-09-07T12:17:34
7.55034	-50.11273	0	35	2021-09-07T12:22:34
7.54759	-50.11310	0	35	2021-09-07T12:27:31
7.54490	-50.11353	0	35	2021-09-07T12:32:30
7.54198	-50.11398	0	35	2021-09-07T12:37:56
7.53953	-50.11432	0	35	2021-09-07T12:42:31
7.53690	-50.11475	0	35	2021-09-07T12:47:28
7.53425	-50.11517	0	35	2021-09-07T12:52:28
7.53159	-50.11560	0	35	2021-09-07T12:57:26
7.52890	-50.11606	0	35	2021-09-07T13:02:31
7.52623	-50.11649	0	35	2021-09-07T13:07:30
7.52360	-50.11691	0	35	2021-09-07T13:12:32
7.52091	-50.11734	0	35	2021-09-07T13:17:30
7.51813	-50.11785	0	35	2021-09-07T13:22:34
7.51538	-50.11828	0	35	2021-09-07T13:27:34
7.51259	-50.11862	0	35	2021-09-07T13:32:34
7.50969	-50.11911	0	35	2021-09-07T13:37:53
7.50708	-50.11960	0	35	2021-09-07T13:42:33
7.50432	-50.12006	0	35	2021-09-07T13:47:33
7.50157	-50.12049	0	35	2021-09-07T13:52:32
7.49887	-50.12100	0	35	2021-09-07T13:57:32
7.49613	-50.12146	0	35	2021-09-07T14:02:33
7.49340	-50.12196	0	35	2021-09-07T14:07:35
7.49065	-50.12247	0	35	2021-09-07T14:12:35
7.48787	-50.12305	0	35	2021-09-07T14:17:34
7.48517	-50.12363	0	35	2021-09-07T14:22:33
7.48245	-50.12438	0	35	2021-09-07T14:27:53
7.47992	-50.12498	0	35	2021-09-07T14:32:54
7.47722	-50.12558	0	35	2021-09-07T14:37:54
7.47478	-50.12622	0	35	2021-09-07T14:42:31
7.47226	-50.12700	0	35	2021-09-07T14:47:25
7.46981	-50.12769	0	35	2021-09-07T14:52:25
7.46736	-50.12842	0	35	2021-09-07T14:57:24
7.46492	-50.12921	0	35	2021-09-07T15:02:23
7.46247	-50.13006	0	35	2021-09-07T15:07:22
7.46007	-50.13083	0	35	2021-09-07T15:12:22
7.45763	-50.13171	0	35	2021-09-07T15:17:24
7.45518	-50.13257	0	35	2021-09-07T15:22:24
7.45263	-50.13347	0	35	2021-09-07T15:27:55
7.44980	-50.13459	0	35	2021-09-07T15:32:56
7.44671	-50.13571	0	35	2021-09-07T15:37:56
7.44430	-50.13672	0	35	2021-09-07T15:42:22
7.44161	-50.13794	0	35	2021-09-07T15:47:20
7.43886	-50.13922	0	35	2021-09-07T15:52:25
7.43622	-50.14056	0	35	2021-09-07T15:57:23
7.43367	-50.14197	0	35	2021-09-07T16:02:26
7.43103	-50.14349	0	35	2021-09-07T16:07:24
7.42854	-50.14493	0	35	2021-09-07T16:12:23
7.42596	-50.14637	0	35	2021-09-07T16:17:26
7.42343	-50.14783	0	35	2021-09-07T16:22:26
7.42101	-50.14935	0	35	2021-09-07T16:27:24
7.41860	-50.15076	0	35	2021-09-07T16:32:27
7.41601	-50.15240	0	35	2021-09-07T16:37:56
7.41396	-50.15366	0	35	2021-09-07T16:42:25
7.41165	-50.15494	0	35	2021-09-07T16:47:27
7.40943	-50.15613	0	35	2021-09-07T16:52:26
7.40721	-50.15729	0	35	2021-09-07T16:57:28
7.40498	-50.15848	0	35	2021-09-07T17:02:26
7.40270	-50.15961	0	35	2021-09-07T17:07:29
7.40034	-50.16080	0	35	2021-09-07T17:12:27
7.39790	-50.16207	0	35	2021-09-07T17:17:32
7.39554	-50.16336	0	35	2021-09-07T17:22:32
7.39318	-50.16473	0	35	2021-09-07T17:27:32
7.39079	-50.16620	0	35	2021-09-07T17:32:33
7.38828	-50.16778	0	35	2021-09-07T17:37:32
7.38618	-50.16907	0	35	2021-09-07T17:42:32
7.38395	-50.17053	0	35	2021-09-07T17:47:30
7.38184	-50.17203	0	35	2021-09-07T17:52:31
7.37973	-50.17365	0	35	2021-09-07T17:57:28
7.37774	-50.17499	0	35	2021-09-07T18:02:31
7.37565	-50.17639	0	35	2021-09-07T18:07:29
7.37353	-50.17792	0	35	2021-09-07T18:12:30
7.37133	-50.17938	0	35	2021-09-07T18:17:27
7.36904	-50.18085	0	35	2021-09-07T18:22:28
7.36681	-50.18225	0	35	2021-09-07T18:27:29
7.36467	-50.18362	0	35	2021-09-07T18:32:30
7.36258	-50.18533	0	35	2021-09-07T18:37:57
7.36096	-50.18652	0	35	2021-09-07T18:42:26
7.35916	-50.18790	0	35	2021-09-07T18:47:28
7.35734	-50.18933	0	35	2021-09-07T18:52:26
7.35358	-50.19228	0	35	2021-09-07T19:02:27
7.35187	-50.19366	0	35	2021-09-07T19:07:26
7.35010	-50.19519	0	35	2021-09-07T19:12:28
7.34838	-50.19678	0	35	2021-09-07T19:17:26
7.34671	-50.19830	0	35	2021-09-07T19:22:27
7.34496	-50.19989	0	35	2021-09-07T19:27:27
7.34329	-50.20143	0	35	2021-09-07T19:32:55
7.34140	-50.20297	0	35	2021-09-07T19:37:56
7.33990	-50.20432	0	35	2021-09-07T19:42:30
7.33826	-50.20578	0	35	2021-09-07T19:47:29
7.33666	-50.20740	0	35	2021-09-07T19:52:31
7.33503	-50.20877	0	35	2021-09-07T19:57:31
7.33325	-50.21008	0	35	2021-09-07T20:02:28
7.33167	-50.21136	0	35	2021-09-07T20:07:29
7.33018	-50.21268	0	35	2021-09-07T20:12:24
7.32859	-50.21414	0	35	2021-09-07T20:17:24
7.32699	-50.21542	0	35	2021-09-07T20:22:25
7.32523	-50.21673	0	35	2021-09-07T20:27:26
7.32364	-50.21793	0	35	2021-09-07T20:32:27
7.32194	-50.21930	0	35	2021-09-07T20:37:55
7.32050	-50.22046	0	35	2021-09-07T20:42:29
7.31891	-50.22178	0	35	2021-09-07T20:47:28
7.31745	-50.22315	0	35	2021-09-07T20:52:27
7.31595	-50.22452	0	35	2021-09-07T20:57:27
7.31449	-50.22583	0	35	2021-09-07T21:02:28
7.31305	-50.22714	0	35	2021-09-07T21:07:29
7.31161	-50.22845	0	35	2021-09-07T21:12:26
7.31005	-50.22995	0	35	2021-09-07T21:17:24
7.30846	-50.23157	0	35	2021-09-07T21:22:26
7.30676	-50.23288	0	35	2021-09-07T21:27:28
7.30503	-50.23403	0	35	2021-09-07T21:32:57
7.30323	-50.23532	0	35	2021-09-07T21:37:57
7.30178	-50.23633	0	35	2021-09-07T21:42:27
7.30019	-50.23740	0	35	2021-09-07T21:47:25
7.29863	-50.23846	0	35	2021-09-07T21:52:28
7.29716	-50.23969	0	35	2021-09-07T21:57:26
7.29573	-50.24091	0	35	2021-09-07T22:02:31
7.29432	-50.24213	0	35	2021-09-07T22:07:30
7.29301	-50.24344	0	35	2021-09-07T22:12:32
7.29178	-50.24475	0	35	2021-09-07T22:17:32
7.29049	-50.24612	0	35	2021-09-07T22:22:34
7.28911	-50.24759	0	35	2021-09-07T22:27:35
7.28776	-50.24893	0	35	2021-09-07T22:32:36
7.28633	-50.25046	0	35	2021-09-07T22:37:57
7.28512	-50.25190	0	35	2021-09-07T22:42:34
7.28379	-50.25336	0	35	2021-09-07T22:47:34
7.28249	-50.25488	0	35	2021-09-07T22:52:35
7.28117	-50.25623	0	35	2021-09-07T22:57:35
7.27981	-50.25753	0	35	2021-09-07T23:02:34
7.27852	-50.25882	0	35	2021-09-07T23:07:34
7.27715	-50.26016	0	35	2021-09-07T23:12:38
7.27594	-50.26144	0	35	2021-09-07T23:17:40
7.27476	-50.26291	0	35	2021-09-07T23:22:39
7.27352	-50.26428	0	35	2021-09-07T23:27:38
7.27226	-50.26569	0	35	2021-09-07T23:32:41
7.27096	-50.26754	0	35	2021-09-07T23:37:40
7.26989	-50.26883	0	35	2021-09-07T23:42:40
7.26869	-50.27020	0	35	2021-09-07T23:47:41
7.26747	-50.27167	0	35	2021-09-07T23:52:42
7.26624	-50.27301	0	35	2021-09-07T23:57:41
7.26525	-50.27441	0	35	2021-09-08T00:02:43
7.26427	-50.27579	0	35	2021-09-08T00:07:44
7.26322	-50.27731	0	35	2021-09-08T00:12:48
7.26216	-50.27884	0	35	2021-09-08T00:17:46
7.26109	-50.28055	0	35	2021-09-08T00:22:47
7.26000	-50.28220	0	35	2021-09-08T00:27:48
7.25894	-50.28372	0	35	2021-09-08T00:32:48
7.25777	-50.28556	0	35	2021-09-08T00:37:49
7.25687	-50.28693	0	35	2021-09-08T00:42:49
7.25585	-50.28848	0	35	2021-09-08T00:47:47
7.25481	-50.28998	0	35	2021-09-08T00:52:48
7.25384	-50.29141	0	35	2021-09-08T00:57:49
7.25281	-50.29291	0	35	2021-09-08T01:02:49
7.25183	-50.29434	0	35	2021-09-08T01:07:47
7.24993	-50.29733	0	35	2021-09-08T01:17:47
7.24900	-50.29883	0	35	2021-09-08T01:22:48
7.24804	-50.30038	0	35	2021-09-08T01:27:46
7.24710	-50.30206	0	35	2021-09-08T01:32:47
7.24620	-50.30389	0	35	2021-09-08T01:38:27
7.24541	-50.30536	0	35	2021-09-08T01:42:48
7.24437	-50.30701	0	35	2021-09-08T01:47:46
7.24331	-50.30850	0	35	2021-09-08T01:52:47
7.24235	-50.31006	0	35	2021-09-08T01:57:47
7.24146	-50.31165	0	35	2021-09-08T02:02:49
7.24039	-50.31317	0	35	2021-09-08T02:07:48
7.23945	-50.31471	0	35	2021-09-08T02:12:47
7.23851	-50.31625	0	35	2021-09-08T02:17:47
7.23752	-50.31793	0	35	2021-09-08T02:22:48
7.23643	-50.31946	0	35	2021-09-08T02:27:46
7.23538	-50.32098	0	35	2021-09-08T02:33:09
7.23435	-50.32278	0	35	2021-09-08T02:38:09
7.23339	-50.32434	0	35	2021-09-08T02:42:45
7.23238	-50.32602	0	35	2021-09-08T02:47:47
7.23125	-50.32745	0	35	2021-09-08T02:52:45
7.23006	-50.32889	0	35	2021-09-08T02:57:46
7.22893	-50.33020	0	35	2021-09-08T03:02:47
7.22778	-50.33157	0	35	2021-09-08T03:07:52
7.22676	-50.33301	0	35	2021-09-08T03:12:48
7.22587	-50.33463	0	35	2021-09-08T03:17:50
7.22485	-50.33640	0	35	2021-09-08T03:22:47
7.22370	-50.33815	0	35	2021-09-08T03:27:47
7.22267	-50.33969	0	35	2021-09-08T03:32:47
7.22161	-50.34155	0	35	2021-09-08T03:38:08
7.22070	-50.34310	0	35	2021-09-08T03:42:39
7.21976	-50.34482	0	35	2021-09-08T03:47:40
7.21853	-50.34631	0	35	2021-09-08T03:52:41
7.21752	-50.34781	0	35	2021-09-08T03:57:40
7.21655	-50.34955	0	35	2021-09-08T04:02:43
7.21539	-50.35107	0	35	2021-09-08T04:07:42
7.21426	-50.35254	0	35	2021-09-08T04:12:43
7.21319	-50.35391	0	35	2021-09-08T04:17:42
7.21226	-50.35529	0	35	2021-09-08T04:22:44
7.21127	-50.35687	0	35	2021-09-08T04:27:43
7.21031	-50.35840	0	35	2021-09-08T04:32:43
7.20923	-50.36012	0	35	2021-09-08T04:37:44
7.20846	-50.36141	0	35	2021-09-08T04:42:44
7.20769	-50.36295	0	35	2021-09-08T04:47:43
7.20689	-50.36453	0	35	2021-09-08T04:52:43
7.20609	-50.36597	0	35	2021-09-08T04:57:44
7.20533	-50.36740	0	35	2021-09-08T05:02:42
7.20455	-50.36884	0	35	2021-09-08T05:07:41
7.20369	-50.37021	0	35	2021-09-08T05:12:45
7.20284	-50.37158	0	35	2021-09-08T05:17:43
7.20199	-50.37302	0	35	2021-09-08T05:22:44
7.20117	-50.37439	0	35	2021-09-08T05:27:44
7.20030	-50.37573	0	35	2021-09-08T05:32:42
7.19940	-50.37704	0	35	2021-09-08T05:38:09
7.19867	-50.37830	0	35	2021-09-08T05:42:44
7.19793	-50.37967	0	35	2021-09-08T05:47:47
7.19717	-50.38098	0	35	2021-09-08T05:52:45
7.19644	-50.38226	0	35	2021-09-08T05:57:49
7.19579	-50.38358	0	35	2021-09-08T06:02:47
7.19518	-50.38489	0	35	2021-09-08T06:07:48
7.19470	-50.38626	0	35	2021-09-08T06:12:46
7.19418	-50.38760	0	35	2021-09-08T06:17:45
7.19366	-50.38904	0	35	2021-09-08T06:22:50
7.19315	-50.39044	0	35	2021-09-08T06:27:48
7.19270	-50.39178	0	35	2021-09-08T06:32:49
7.19215	-50.39325	0	35	2021-09-08T06:38:24
7.19175	-50.39432	0	35	2021-09-08T06:42:47
7.19130	-50.39563	0	35	2021-09-08T06:47:50
7.19081	-50.39691	0	35	2021-09-08T06:52:52
7.19027	-50.39807	0	35	2021-09-08T06:57:52
7.18982	-50.39929	0	35	2021-09-08T07:02:50
7.18943	-50.40045	0	35	2021-09-08T07:07:54
7.18909	-50.40166	0	35	2021-09-08T07:12:55
7.18870	-50.40295	0	35	2021-09-08T07:17:55
7.18832	-50.40430	0	35	2021-09-08T07:22:53
7.18786	-50.40561	0	35	2021-09-08T07:27:57
7.18735	-50.40695	0	35	2021-09-08T07:32:55
7.18678	-50.40848	0	35	2021-09-08T07:38:54
7.18644	-50.40945	0	35	2021-09-08T07:42:57
7.18610	-50.41080	0	35	2021-09-08T07:47:58
7.18571	-50.41214	0	35	2021-09-08T07:53:01
7.18540	-50.41354	0	35	2021-09-08T07:57:59
7.18519	-50.41492	0	35	2021-09-08T08:02:57
7.18494	-50.41626	0	35	2021-09-08T08:08:00
7.18473	-50.41767	0	35	2021-09-08T08:13:01
7.18452	-50.41913	0	35	2021-09-08T08:18:01
7.18431	-50.42072	0	35	2021-09-08T08:22:59
7.18406	-50.42236	0	35	2021-09-08T08:28:01
7.18375	-50.42404	0	35	2021-09-08T08:33:00
7.18351	-50.42572	0	35	2021-09-08T08:38:25
7.18344	-50.42703	0	35	2021-09-08T08:42:56
7.18332	-50.42853	0	35	2021-09-08T08:48:00
7.18311	-50.43021	0	35	2021-09-08T08:53:01
7.18290	-50.43167	0	35	2021-09-08T08:58:01
7.18279	-50.43320	0	35	2021-09-08T09:02:59
7.18277	-50.43466	0	35	2021-09-08T09:08:00
7.18275	-50.43610	0	35	2021-09-08T09:12:59
7.18264	-50.43760	0	35	2021-09-08T09:17:58
7.18260	-50.43906	0	35	2021-09-08T09:22:58
7.18261	-50.43900	0	35	2021-09-08T09:23:01
7.18260	-50.44052	0	35	2021-09-08T09:27:59
7.18257	-50.44057	0	35	2021-09-08T09:28:23
7.18258	-50.44211	0	35	2021-09-08T09:32:56
7.18257	-50.44211	0	35	2021-09-08T09:33:23
7.18248	-50.44391	0	35	2021-09-08T09:38:24
7.18235	-50.44543	0	35	2021-09-08T09:42:54
7.18222	-50.44708	0	35	2021-09-08T09:47:55
7.18208	-50.44855	0	35	2021-09-08T09:52:55
7.18189	-50.45024	0	35	2021-09-08T09:57:56
7.18185	-50.45170	0	35	2021-09-08T10:02:56
7.18181	-50.45316	0	35	2021-09-08T10:07:55
7.18170	-50.45462	0	35	2021-09-08T10:12:55
7.18167	-50.45605	0	35	2021-09-08T10:17:56
7.18157	-50.45737	0	35	2021-09-08T10:22:54
7.18155	-50.45865	0	35	2021-09-08T10:27:57
7.18156	-50.45999	0	35	2021-09-08T10:32:55
7.18155	-50.46146	0	35	2021-09-08T10:38:27
7.18151	-50.46271	0	35	2021-09-08T10:42:57
7.18142	-50.46408	0	35	2021-09-08T10:47:57
7.18136	-50.46548	0	35	2021-09-08T10:52:55
7.18130	-50.46692	0	35	2021-09-08T10:57:55
7.18124	-50.46836	0	35	2021-09-08T11:02:53
7.18120	-50.46973	0	35	2021-09-08T11:07:53
7.18096	-50.47131	0	35	2021-09-08T11:12:54
7.18065	-50.47293	0	35	2021-09-08T11:17:55
7.18033	-50.47458	0	35	2021-09-08T11:22:55
7.18004	-50.47623	0	35	2021-09-08T11:27:57
7.17974	-50.47781	0	35	2021-09-08T11:32:58
7.17936	-50.47968	0	35	2021-09-08T11:38:26
7.17898	-50.48135	0	35	2021-09-08T11:42:58
7.17864	-50.48315	0	35	2021-09-08T11:47:57
7.17826	-50.48492	0	35	2021-09-08T11:52:57
7.17784	-50.48660	0	35	2021-09-08T11:57:58
7.17751	-50.48828	0	35	2021-09-08T12:03:02
7.17720	-50.49001	0	35	2021-09-08T12:08:00
7.17686	-50.49164	0	35	2021-09-08T12:13:01
7.17639	-50.49347	0	35	2021-09-08T12:18:02
7.17591	-50.49524	0	35	2021-09-08T12:23:01
7.17546	-50.49686	0	35	2021-09-08T12:27:59
7.17510	-50.49841	0	35	2021-09-08T12:33:00
7.17479	-50.50003	0	35	2021-09-08T12:38:25
7.17447	-50.50150	0	35	2021-09-08T12:42:57
7.17410	-50.50311	0	35	2021-09-08T12:47:58
7.17381	-50.50467	0	35	2021-09-08T12:52:59
7.17357	-50.50620	0	35	2021-09-08T12:57:57
7.17333	-50.50778	0	35	2021-09-08T13:02:54
7.17314	-50.50950	0	35	2021-09-08T13:07:55
7.17305	-50.51093	0	35	2021-09-08T13:12:55
7.17305	-50.51242	0	35	2021-09-08T13:17:56
7.17295	-50.51398	0	35	2021-09-08T13:22:53
7.17288	-50.51556	0	35	2021-09-08T13:27:54
7.17291	-50.51711	0	35	2021-09-08T13:33:28
7.17295	-50.51874	0	35	2021-09-08T13:38:27
7.17289	-50.52017	0	35	2021-09-08T13:42:53
7.17289	-50.52182	0	35	2021-09-08T13:47:54
7.17279	-50.52351	0	35	2021-09-08T13:52:55
7.17275	-50.52514	0	35	2021-09-08T13:57:55
7.17266	-50.52686	0	35	2021-09-08T14:02:55
7.17259	-50.52853	0	35	2021-09-08T14:07:54
7.17250	-50.53032	0	35	2021-09-08T14:12:54
7.17241	-50.53204	0	35	2021-09-08T14:17:55
7.17229	-50.53378	0	35	2021-09-08T14:22:52
7.17225	-50.53549	0	35	2021-09-08T14:27:53
7.17227	-50.53719	0	35	2021-09-08T14:32:50
7.17227	-50.53899	0	35	2021-09-08T14:37:50
7.17227	-50.54062	0	35	2021-09-08T14:42:49
7.17225	-50.54263	0	35	2021-09-08T14:47:51
7.17231	-50.54477	0	35	2021-09-08T14:52:49
7.17224	-50.54672	0	35	2021-09-08T14:57:50
7.17222	-50.54865	0	35	2021-09-08T15:02:48
7.17224	-50.55060	0	35	2021-09-08T15:07:49
7.17224	-50.55258	0	35	2021-09-08T15:12:49
7.17224	-50.55438	0	35	2021-09-08T15:17:50
7.17238	-50.55630	0	35	2021-09-08T15:22:53
7.17245	-50.55814	0	35	2021-09-08T15:27:51
7.17289	-50.56260	0	35	2021-09-08T15:37:52
7.17283	-50.56259	0	35	2021-09-08T15:38:55
7.17310	-50.56586	0	35	2021-09-08T15:47:51
7.17321	-50.56766	0	35	2021-09-08T15:52:49
7.17324	-50.56940	0	35	2021-09-08T15:57:50
7.17342	-50.57126	0	35	2021-09-08T16:02:49
7.17349	-50.57312	0	35	2021-09-08T16:07:50
7.17368	-50.57483	0	35	2021-09-08T16:12:48
7.17390	-50.57645	0	35	2021-09-08T16:17:49
7.17414	-50.57806	0	35	2021-09-08T16:22:48
7.17441	-50.57986	0	35	2021-09-08T16:27:49
7.17465	-50.58173	0	35	2021-09-08T16:32:50
7.17490	-50.58383	0	35	2021-09-08T16:38:24
7.17512	-50.58551	0	35	2021-09-08T16:42:46
7.17534	-50.58737	0	35	2021-09-08T16:47:49
7.17564	-50.58905	0	35	2021-09-08T16:52:47
7.17591	-50.59073	0	35	2021-09-08T16:57:49
7.17616	-50.59238	0	35	2021-09-08T17:02:45
7.17642	-50.59406	0	35	2021-09-08T17:07:46
7.17671	-50.59573	0	35	2021-09-08T17:12:47
7.17696	-50.59735	0	35	2021-09-08T17:17:50
7.17747	-50.60063	0	35	2021-09-08T17:28:24
7.17768	-50.60217	0	35	2021-09-08T17:33:25
7.17789	-50.60397	0	35	2021-09-08T17:38:25
7.17815	-50.60553	0	35	2021-09-08T17:42:40
7.17840	-50.60745	0	35	2021-09-08T17:47:40
7.17845	-50.60925	0	35	2021-09-08T17:52:38
7.17861	-50.61102	0	35	2021-09-08T17:57:41
7.17891	-50.61285	0	35	2021-09-08T18:02:40
7.17916	-50.61472	0	35	2021-09-08T18:07:41
7.17932	-50.61649	0	35	2021-09-08T18:12:44
7.17951	-50.61832	0	35	2021-09-08T18:17:42
7.17969	-50.62012	0	35	2021-09-08T18:22:40
7.17993	-50.62207	0	35	2021-09-08T18:27:43
7.18018	-50.62411	0	35	2021-09-08T18:33:24
7.18039	-50.62634	0	35	2021-09-08T18:38:24
7.18047	-50.62814	0	35	2021-09-08T18:42:42
7.18054	-50.63025	0	35	2021-09-08T18:47:43
7.18062	-50.63232	0	35	2021-09-08T18:52:44
7.18056	-50.63422	0	35	2021-09-08T18:57:46
7.18056	-50.63599	0	35	2021-09-08T19:02:45
7.18060	-50.63782	0	35	2021-09-08T19:07:43
7.18064	-50.63968	0	35	2021-09-08T19:12:44
7.18078	-50.64162	0	35	2021-09-08T19:17:45
7.18095	-50.64368	0	35	2021-09-08T19:22:45
7.18111	-50.64572	0	35	2021-09-08T19:27:43
7.18125	-50.64764	0	35	2021-09-08T19:32:46
7.18153	-50.64965	0	35	2021-09-08T19:37:43
7.18174	-50.65137	0	35	2021-09-08T19:42:42
7.18198	-50.65329	0	35	2021-09-08T19:47:45
7.18223	-50.65527	0	35	2021-09-08T19:52:46
7.18244	-50.65720	0	35	2021-09-08T19:57:44
7.18261	-50.65909	0	35	2021-09-08T20:02:44
7.18276	-50.66101	0	35	2021-09-08T20:07:45
7.18291	-50.66290	0	35	2021-09-08T20:12:47
7.18308	-50.66480	0	35	2021-09-08T20:17:48
7.18325	-50.66660	0	35	2021-09-08T20:22:48
7.18340	-50.66843	0	35	2021-09-08T20:27:46
7.18357	-50.67029	0	35	2021-09-08T20:32:49
7.18375	-50.67242	0	35	2021-09-08T20:38:26
7.18389	-50.67404	0	35	2021-09-08T20:42:45
7.18408	-50.67593	0	35	2021-09-08T20:47:48
7.18431	-50.67773	0	35	2021-09-08T20:52:49
7.18456	-50.67955	0	35	2021-09-08T20:57:49
7.18477	-50.68127	0	35	2021-09-08T21:02:48
7.18497	-50.68301	0	35	2021-09-08T21:07:47
7.18518	-50.68463	0	35	2021-09-08T21:12:46
7.18538	-50.68619	0	35	2021-09-08T21:17:46
7.18555	-50.68756	0	35	2021-09-08T21:22:46
7.18569	-50.68893	0	35	2021-09-08T21:27:44
7.18589	-50.69028	0	35	2021-09-08T21:33:08
7.18615	-50.69174	0	35	2021-09-08T21:38:08
7.18639	-50.69312	0	35	2021-09-08T21:42:42
7.18654	-50.69458	0	35	2021-09-08T21:47:43
7.18664	-50.69595	0	35	2021-09-08T21:52:45
7.18678	-50.69724	0	35	2021-09-08T21:57:48
7.18695	-50.69861	0	35	2021-09-08T22:02:46
7.18703	-50.70001	0	35	2021-09-08T22:07:44
7.18718	-50.70142	0	35	2021-09-08T22:12:45
7.18734	-50.70282	0	35	2021-09-08T22:17:44
7.18746	-50.70438	0	35	2021-09-08T22:22:45
7.18762	-50.70581	0	35	2021-09-08T22:27:43
7.18792	-50.70761	0	35	2021-09-08T22:32:43
7.18811	-50.70953	0	35	2021-09-08T22:38:08
7.18840	-50.71121	0	35	2021-09-08T22:42:41
7.18877	-50.71301	0	35	2021-09-08T22:47:38
7.18909	-50.71503	0	35	2021-09-08T22:52:36
7.18935	-50.71677	0	35	2021-09-08T22:57:37
7.18949	-50.71826	0	35	2021-09-08T23:02:34
7.18970	-50.71991	0	35	2021-09-08T23:07:34
7.18999	-50.72171	0	35	2021-09-08T23:12:32
7.19040	-50.72366	0	35	2021-09-08T23:17:34
7.19074	-50.72565	0	35	2021-09-08T23:22:32
7.19107	-50.72733	0	35	2021-09-08T23:27:30
7.19141	-50.72913	0	35	2021-09-08T23:32:30
7.19200	-50.73303	0	35	2021-09-08T23:42:32
7.19234	-50.73500	0	35	2021-09-08T23:47:33
7.19264	-50.73697	0	35	2021-09-08T23:52:33
7.19291	-50.73892	0	35	2021-09-08T23:57:31
7.19326	-50.74066	0	35	2021-09-09T00:02:32
7.19352	-50.74228	0	35	2021-09-09T00:07:33
7.19412	-50.74408	0	35	2021-09-09T00:12:34
7.19475	-50.74600	0	35	2021-09-09T00:17:37
7.19522	-50.74780	0	35	2021-09-09T00:22:36
7.19558	-50.74930	0	35	2021-09-09T00:27:36
7.19610	-50.75101	0	35	2021-09-09T00:32:34
7.19685	-50.75320	0	35	2021-09-09T00:37:57
7.19741	-50.75528	0	35	2021-09-09T00:42:34
7.19775	-50.75708	0	35	2021-09-09T00:47:34
7.19810	-50.75873	0	35	2021-09-09T00:52:37
7.19857	-50.76027	0	35	2021-09-09T00:57:37
7.19913	-50.76190	0	35	2021-09-09T01:02:37
7.19951	-50.76343	0	35	2021-09-09T01:07:35
7.20012	-50.76505	0	35	2021-09-09T01:12:33
7.20082	-50.76691	0	35	2021-09-09T01:17:36
7.20121	-50.76831	0	35	2021-09-09T01:22:38
7.20165	-50.76981	0	35	2021-09-09T01:27:36
7.20213	-50.77141	0	35	2021-09-09T01:32:56
7.20282	-50.77313	0	35	2021-09-09T01:37:56
7.20344	-50.77466	0	35	2021-09-09T01:42:41
7.20419	-50.77621	0	35	2021-09-09T01:47:41
7.20486	-50.77777	0	35	2021-09-09T01:52:39
7.20570	-50.77952	0	35	2021-09-09T01:57:44
7.20642	-50.78110	0	35	2021-09-09T02:02:44
7.20720	-50.78278	0	35	2021-09-09T02:07:45
7.20790	-50.78448	0	35	2021-09-09T02:12:43
7.20842	-50.78601	0	35	2021-09-09T02:17:43
7.20925	-50.78763	0	35	2021-09-09T02:22:44
7.20981	-50.78925	0	35	2021-09-09T02:27:42
7.21055	-50.79070	0	35	2021-09-09T02:32:45
7.21145	-50.79250	0	35	2021-09-09T02:37:44
7.21231	-50.79379	0	35	2021-09-09T02:42:44
7.21320	-50.79547	0	35	2021-09-09T02:47:45
7.21403	-50.79721	0	35	2021-09-09T02:52:48
7.21480	-50.79874	0	35	2021-09-09T02:57:46
7.21543	-50.80020	0	35	2021-09-09T03:02:50
7.21609	-50.80157	0	35	2021-09-09T03:07:48
7.21674	-50.80264	0	35	2021-09-09T03:12:49
7.21751	-50.80377	0	35	2021-09-09T03:17:49
7.21826	-50.80515	0	35	2021-09-09T03:22:47
7.21911	-50.80646	0	35	2021-09-09T03:27:54
7.21998	-50.80768	0	35	2021-09-09T03:32:56
7.22090	-50.80878	0	35	2021-09-09T03:38:28
7.22170	-50.80984	0	35	2021-09-09T03:42:55
7.22270	-50.81122	0	35	2021-09-09T03:47:59
7.22360	-50.81268	0	35	2021-09-09T03:52:59
7.22427	-50.81363	0	35	2021-09-09T03:58:01
7.22496	-50.81451	0	35	2021-09-09T04:03:00
7.22575	-50.81549	0	35	2021-09-09T04:08:02
7.22646	-50.81644	0	35	2021-09-09T04:12:59
7.22734	-50.81754	0	35	2021-09-09T04:18:01
7.22812	-50.81863	0	35	2021-09-09T04:23:04
7.22878	-50.81955	0	35	2021-09-09T04:28:02
7.22956	-50.82068	0	35	2021-09-09T04:33:01
7.23027	-50.82178	0	35	2021-09-09T04:38:27
7.23089	-50.82288	0	35	2021-09-09T04:43:03
7.23161	-50.82398	0	35	2021-09-09T04:48:05
7.23221	-50.82492	0	35	2021-09-09T04:53:05
7.23293	-50.82590	0	35	2021-09-09T04:58:03
7.23356	-50.82690	0	35	2021-09-09T05:03:05
7.23415	-50.82791	0	35	2021-09-09T05:08:04
7.23480	-50.82901	0	35	2021-09-09T05:13:03
7.23540	-50.83017	0	35	2021-09-09T05:18:05
7.23626	-50.83139	0	35	2021-09-09T05:23:02
7.23719	-50.83266	0	35	2021-09-09T05:28:00
7.23813	-50.83395	0	35	2021-09-09T05:33:00
7.23899	-50.83514	0	35	2021-09-09T05:38:24
7.23970	-50.83615	0	35	2021-09-09T05:42:59
7.24046	-50.83740	0	35	2021-09-09T05:47:59
7.24111	-50.83865	0	35	2021-09-09T05:53:01
7.24177	-50.83994	0	35	2021-09-09T05:58:02
7.24231	-50.84116	0	35	2021-09-09T06:03:03
7.24280	-50.84225	0	35	2021-09-09T06:08:04
7.24337	-50.84338	0	35	2021-09-09T06:13:04
7.24382	-50.84454	0	35	2021-09-09T06:18:00
7.24426	-50.84570	0	35	2021-09-09T06:23:05
7.24470	-50.84686	0	35	2021-09-09T06:28:03
7.24504	-50.84821	0	35	2021-09-09T06:33:27
7.24547	-50.84933	0	35	2021-09-09T06:38:28
7.24587	-50.85040	0	35	2021-09-09T06:43:05
7.24637	-50.85138	0	35	2021-09-09T06:48:03
7.24687	-50.85239	0	35	2021-09-09T06:53:04
7.24740	-50.85336	0	35	2021-09-09T06:58:01
7.24794	-50.85434	0	35	2021-09-09T07:03:02
7.24846	-50.85532	0	35	2021-09-09T07:07:59
7.24899	-50.85635	0	35	2021-09-09T07:13:00
7.24954	-50.85746	0	35	2021-09-09T07:18:00
7.24997	-50.85858	0	35	2021-09-09T07:23:00
7.25054	-50.85974	0	35	2021-09-09T07:27:58
7.25107	-50.86096	0	35	2021-09-09T07:32:59
7.25165	-50.86215	0	35	2021-09-09T07:38:27
7.25220	-50.86316	0	35	2021-09-09T07:43:00
7.25282	-50.86426	0	35	2021-09-09T07:47:58
7.25349	-50.86548	0	35	2021-09-09T07:52:58
7.25418	-50.86681	0	35	2021-09-09T07:57:55
7.25474	-50.86801	0	35	2021-09-09T08:02:56
7.25538	-50.86923	0	35	2021-09-09T08:07:50
7.25599	-50.87045	0	35	2021-09-09T08:12:54
7.25655	-50.87168	0	35	2021-09-09T08:17:51
7.25711	-50.87280	0	35	2021-09-09T08:22:52
7.25764	-50.87390	0	35	2021-09-09T08:27:49
7.25827	-50.87491	0	35	2021-09-09T08:32:54
7.25892	-50.87604	0	35	2021-09-09T08:38:26
7.25940	-50.87696	0	35	2021-09-09T08:42:49
7.26000	-50.87808	0	35	2021-09-09T08:47:49
7.26072	-50.87939	0	35	2021-09-09T08:52:48
7.26136	-50.88087	0	35	2021-09-09T08:57:49
7.26192	-50.88216	0	35	2021-09-09T09:02:48
7.26239	-50.88345	0	35	2021-09-09T09:07:48
7.26290	-50.88483	0	35	2021-09-09T09:12:49
7.26336	-50.88611	0	35	2021-09-09T09:17:49
7.26378	-50.88733	0	35	2021-09-09T09:22:50
7.26424	-50.88843	0	35	2021-09-09T09:27:48
7.26465	-50.88950	0	35	2021-09-09T09:32:45
7.26500	-50.89069	0	35	2021-09-09T09:38:27
7.26529	-50.89157	0	35	2021-09-09T09:42:43
7.26561	-50.89255	0	35	2021-09-09T09:47:43
7.26593	-50.89367	0	35	2021-09-09T09:52:41
7.26632	-50.89453	0	35	2021-09-09T09:57:41
7.26669	-50.89557	0	35	2021-09-09T10:02:39
7.26709	-50.89658	0	35	2021-09-09T10:07:42
7.26753	-50.89767	0	35	2021-09-09T10:12:40
7.26805	-50.89874	0	35	2021-09-09T10:17:38
7.26920	-50.90106	0	35	2021-09-09T10:28:25
7.26970	-50.90207	0	35	2021-09-09T10:32:42
7.27022	-50.90329	0	35	2021-09-09T10:38:26
7.27056	-50.90421	0	35	2021-09-09T10:42:42
7.27103	-50.90524	0	35	2021-09-09T10:47:43
7.27151	-50.90628	0	35	2021-09-09T10:52:47
7.27202	-50.90741	0	35	2021-09-09T10:57:45
7.27252	-50.90857	0	35	2021-09-09T11:02:48
7.27307	-50.90974	0	35	2021-09-09T11:07:49
7.27358	-50.91094	0	35	2021-09-09T11:12:50
7.27409	-50.91214	0	35	2021-09-09T11:17:50
7.27452	-50.91327	0	35	2021-09-09T11:22:48
7.27505	-50.91443	0	35	2021-09-09T11:27:52
7.27557	-50.91553	0	35	2021-09-09T11:32:51
7.27617	-50.91687	0	35	2021-09-09T11:38:26
7.27664	-50.91791	0	35	2021-09-09T11:42:55
7.27716	-50.91907	0	35	2021-09-09T11:47:56
7.27767	-50.92010	0	35	2021-09-09T11:52:57
7.27811	-50.92117	0	35	2021-09-09T11:57:53
7.27858	-50.92224	0	35	2021-09-09T12:02:58
7.27903	-50.92322	0	35	2021-09-09T12:08:00
7.27947	-50.92419	0	35	2021-09-09T12:13:05
7.27991	-50.92518	0	35	2021-09-09T12:18:00
7.28038	-50.92612	0	35	2021-09-09T12:22:59
7.28103	-50.92688	0	35	2021-09-09T12:28:02
7.28187	-50.92765	0	35	2021-09-09T12:33:04
7.28273	-50.92841	0	35	2021-09-09T12:38:25
7.28341	-50.92911	0	35	2021-09-09T12:43:03
7.28420	-50.92990	0	35	2021-09-09T12:48:05
7.28499	-50.93063	0	35	2021-09-09T12:53:04
7.28581	-50.93137	0	35	2021-09-09T12:58:05
7.28662	-50.93204	0	35	2021-09-09T13:03:05
7.28740	-50.93277	0	35	2021-09-09T13:08:06
7.28826	-50.93344	0	35	2021-09-09T13:13:06
7.28906	-50.93404	0	35	2021-09-09T13:18:08
7.28992	-50.93464	0	35	2021-09-09T13:23:09
7.29091	-50.93524	0	35	2021-09-09T13:28:09
7.29172	-50.93588	0	35	2021-09-09T13:33:06
7.29268	-50.93649	0	35	2021-09-09T13:38:08
7.29350	-50.93692	0	35	2021-09-09T13:43:08
7.29442	-50.93744	0	35	2021-09-09T13:48:09
7.29535	-50.93796	0	35	2021-09-09T13:53:10
7.29625	-50.93858	0	35	2021-09-09T13:58:11
7.29711	-50.93918	0	35	2021-09-09T14:03:12
7.29799	-50.93973	0	35	2021-09-09T14:08:13
7.29889	-50.94025	0	35	2021-09-09T14:13:13
7.29987	-50.94073	0	35	2021-09-09T14:18:14
7.30081	-50.94116	0	35	2021-09-09T14:23:14
7.30178	-50.94162	0	35	2021-09-09T14:28:15
7.30398	-50.94262	0	35	2021-09-09T14:38:14
7.30488	-50.94305	0	35	2021-09-09T14:43:14
7.30587	-50.94348	0	35	2021-09-09T14:48:14
7.30687	-50.94394	0	35	2021-09-09T14:53:12
7.30795	-50.94439	0	35	2021-09-09T14:58:14
7.30889	-50.94482	0	35	2021-09-09T15:03:14
7.30991	-50.94522	0	35	2021-09-09T15:08:10
7.31094	-50.94559	0	35	2021-09-09T15:13:11
7.31192	-50.94601	0	35	2021-09-09T15:18:12
7.31294	-50.94644	0	35	2021-09-09T15:23:10
7.31397	-50.94690	0	35	2021-09-09T15:28:11
7.31497	-50.94730	0	35	2021-09-09T15:33:09
7.31612	-50.94784	0	35	2021-09-09T15:38:09
7.31698	-50.94827	0	35	2021-09-09T15:43:10
7.31792	-50.94876	0	35	2021-09-09T15:48:11
7.31890	-50.94922	0	35	2021-09-09T15:53:14
7.31982	-50.94965	0	35	2021-09-09T15:58:09
7.32089	-50.94998	0	35	2021-09-09T16:03:14
7.32189	-50.95040	0	35	2021-09-09T16:08:13
7.32278	-50.95084	0	35	2021-09-09T16:13:11
7.32373	-50.95126	0	35	2021-09-09T16:18:12
7.32461	-50.95172	0	35	2021-09-09T16:23:12
7.32554	-50.95215	0	35	2021-09-09T16:28:16
7.32646	-50.95261	0	35	2021-09-09T16:33:14
7.32754	-50.95325	0	35	2021-09-09T16:38:57
7.32820	-50.95380	0	35	2021-09-09T16:43:17
7.32907	-50.95431	0	35	2021-09-09T16:48:21
7.32987	-50.95471	0	35	2021-09-09T16:53:20
7.33071	-50.95508	0	35	2021-09-09T16:58:22
7.33158	-50.95551	0	35	2021-09-09T17:03:19
7.33235	-50.95596	0	35	2021-09-09T17:08:20
7.33304	-50.95630	0	35	2021-09-09T17:13:20
7.33368	-50.95670	0	35	2021-09-09T17:18:21
7.33430	-50.95706	0	35	2021-09-09T17:23:19
7.33493	-50.95749	0	35	2021-09-09T17:28:20
7.33554	-50.95792	0	35	2021-09-09T17:33:17
7.33623	-50.95831	0	35	2021-09-09T17:38:18
7.33670	-50.95874	0	35	2021-09-09T17:43:19
7.33739	-50.95927	0	35	2021-09-09T17:48:15
7.33789	-50.95969	0	35	2021-09-09T17:53:17
7.33846	-50.96021	0	35	2021-09-09T17:58:14
7.33902	-50.96066	0	35	2021-09-09T18:03:13
7.33950	-50.96112	0	35	2021-09-09T18:08:14
7.34008	-50.96163	0	35	2021-09-09T18:13:12
7.34059	-50.96197	0	35	2021-09-09T18:18:13
7.34106	-50.96231	0	35	2021-09-09T18:23:13
7.34157	-50.96268	0	35	2021-09-09T18:28:14
7.34210	-50.96310	0	35	2021-09-09T18:33:15
7.34264	-50.96362	0	35	2021-09-09T18:38:15
7.34307	-50.96396	0	35	2021-09-09T18:43:14
7.34354	-50.96432	0	35	2021-09-09T18:48:13
7.34397	-50.96472	0	35	2021-09-09T18:53:14
7.34452	-50.96521	0	35	2021-09-09T18:58:15
7.34501	-50.96570	0	35	2021-09-09T19:03:09
7.34548	-50.96613	0	35	2021-09-09T19:08:10
7.34591	-50.96658	0	35	2021-09-09T19:13:07
7.34639	-50.96701	0	35	2021-09-09T19:18:11
7.34684	-50.96754	0	35	2021-09-09T19:23:08
7.34718	-50.96805	0	35	2021-09-09T19:28:08
7.34748	-50.96857	0	35	2021-09-09T19:33:06
7.34788	-50.96902	0	35	2021-09-09T19:38:26
7.34823	-50.96952	0	35	2021-09-09T19:43:07
7.34849	-50.97003	0	35	2021-09-09T19:48:06
7.34880	-50.97061	0	35	2021-09-09T19:53:07
7.34910	-50.97113	0	35	2021-09-09T19:58:07
7.34951	-50.97168	0	35	2021-09-09T20:03:08
7.34985	-50.97223	0	35	2021-09-09T20:08:08
7.35013	-50.97281	0	35	2021-09-09T20:13:10
7.35053	-50.97342	0	35	2021-09-09T20:18:09
7.35099	-50.97419	0	35	2021-09-09T20:23:08
7.35133	-50.97470	0	35	2021-09-09T20:28:08
7.35167	-50.97534	0	35	2021-09-09T20:33:10
7.35199	-50.97601	0	35	2021-09-09T20:38:25
7.35230	-50.97668	0	35	2021-09-09T20:43:11
7.35270	-50.97739	0	35	2021-09-09T20:48:09
7.35302	-50.97797	0	35	2021-09-09T20:53:11
7.35333	-50.97864	0	35	2021-09-09T20:58:12
7.35379	-50.97931	0	35	2021-09-09T21:03:10
7.35419	-50.97995	0	35	2021-09-09T21:08:12
7.35451	-50.98065	0	35	2021-09-09T21:13:11
7.35487	-50.98129	0	35	2021-09-09T21:18:12
7.35528	-50.98196	0	35	2021-09-09T21:23:09
7.35575	-50.98265	0	35	2021-09-09T21:28:07
7.35618	-50.98334	0	35	2021-09-09T21:33:08
7.35662	-50.98413	0	35	2021-09-09T21:38:25
7.35691	-50.98483	0	35	2021-09-09T21:43:06
7.35729	-50.98557	0	35	2021-09-09T21:48:06
7.35761	-50.98630	0	35	2021-09-09T21:53:04
7.35791	-50.98710	0	35	2021-09-09T21:58:01
7.35821	-50.98779	0	35	2021-09-09T22:03:02
7.35857	-50.98853	0	35	2021-09-09T22:08:02
7.35895	-50.98930	0	35	2021-09-09T22:12:59
7.35929	-50.98999	0	35	2021-09-09T22:18:00
7.35962	-50.99072	0	35	2021-09-09T22:22:58
7.35994	-50.99152	0	35	2021-09-09T22:28:01
7.36031	-50.99231	0	35	2021-09-09T22:32:59
7.36079	-50.99323	0	35	2021-09-09T22:38:24
7.36111	-50.99405	0	35	2021-09-09T22:43:00
7.36151	-50.99490	0	35	2021-09-09T22:48:02
7.36199	-50.99578	0	35	2021-09-09T22:53:01
7.36233	-50.99664	0	35	2021-09-09T22:58:00
7.36259	-50.99750	0	35	2021-09-09T23:03:00
7.36293	-50.99843	0	35	2021-09-09T23:08:01
7.36336	-50.99929	0	35	2021-09-09T23:13:01
7.36375	-51.00015	0	35	2021-09-09T23:18:01
7.36420	-51.00104	0	35	2021-09-09T23:22:59
7.36465	-51.00192	0	35	2021-09-09T23:28:01
7.36511	-51.00284	0	35	2021-09-09T23:33:00
7.36555	-51.00385	0	35	2021-09-09T23:38:28
7.36588	-51.00473	0	35	2021-09-09T23:42:59
7.36629	-51.00565	0	35	2021-09-09T23:48:01
7.36661	-51.00656	0	35	2021-09-09T23:53:04
7.36694	-51.00742	0	35	2021-09-09T23:58:02
7.36734	-51.00839	0	35	2021-09-10T00:03:06
7.36773	-51.00931	0	35	2021-09-10T00:08:04
7.36823	-51.01025	0	35	2021-09-10T00:13:04
7.36873	-51.01114	0	35	2021-09-10T00:18:05
7.36921	-51.01212	0	35	2021-09-10T00:23:02
7.36963	-51.01309	0	35	2021-09-10T00:28:03
7.37010	-51.01404	0	35	2021-09-10T00:33:04
7.37060	-51.01505	0	35	2021-09-10T00:38:28
7.37103	-51.01590	0	35	2021-09-10T00:43:02
7.37152	-51.01694	0	35	2021-09-10T00:48:01
7.37201	-51.01793	0	35	2021-09-10T00:53:03
7.37243	-51.01895	0	35	2021-09-10T00:58:01
7.37295	-51.01999	0	35	2021-09-10T01:03:02
7.37349	-51.02097	0	35	2021-09-10T01:08:01
7.37407	-51.02191	0	35	2021-09-10T01:12:59
7.37468	-51.02292	0	35	2021-09-10T01:18:01
7.37530	-51.02396	0	35	2021-09-10T01:23:01
7.37581	-51.02499	0	35	2021-09-10T01:28:02
7.37635	-51.02597	0	35	2021-09-10T01:32:59
7.37692	-51.02698	0	35	2021-09-10T01:38:29
7.37750	-51.02783	0	35	2021-09-10T01:43:03
7.37812	-51.02878	0	35	2021-09-10T01:48:04
7.37881	-51.02972	0	35	2021-09-10T01:53:02
7.37954	-51.03067	0	35	2021-09-10T01:58:02
7.38018	-51.03153	0	35	2021-09-10T02:03:01
7.38087	-51.03247	0	35	2021-09-10T02:08:01
7.38153	-51.03336	0	35	2021-09-10T02:13:02
7.38228	-51.03427	0	35	2021-09-10T02:18:02
7.38293	-51.03519	0	35	2021-09-10T02:23:03
7.38366	-51.03607	0	35	2021-09-10T02:28:01
7.38437	-51.03696	0	35	2021-09-10T02:33:01
7.38521	-51.03784	0	35	2021-09-10T02:38:26
7.38583	-51.03870	0	35	2021-09-10T02:43:06
7.38644	-51.03967	0	35	2021-09-10T02:48:08
7.38720	-51.04053	0	35	2021-09-10T02:53:07
7.38792	-51.04132	0	35	2021-09-10T02:58:06
7.38860	-51.04211	0	35	2021-09-10T03:03:07
7.38935	-51.04285	0	35	2021-09-10T03:08:07
7.39009	-51.04352	0	35	2021-09-10T03:13:08
7.39092	-51.04425	0	35	2021-09-10T03:18:06
7.39170	-51.04498	0	35	2021-09-10T03:23:09
7.39249	-51.04568	0	35	2021-09-10T03:28:07
7.39326	-51.04639	0	35	2021-09-10T03:33:09
7.39412	-51.04706	0	35	2021-09-10T03:38:28
7.39487	-51.04774	0	35	2021-09-10T03:43:06
7.39573	-51.04843	0	35	2021-09-10T03:48:06
7.39657	-51.04919	0	35	2021-09-10T03:53:07
7.39735	-51.04990	0	35	2021-09-10T03:58:04
7.39815	-51.05069	0	35	2021-09-10T04:03:08
7.39902	-51.05148	0	35	2021-09-10T04:08:06
7.39991	-51.05222	0	35	2021-09-10T04:13:06
7.40069	-51.05292	0	35	2021-09-10T04:18:07
7.40155	-51.05380	0	35	2021-09-10T04:23:05
7.40244	-51.05444	0	35	2021-09-10T04:28:08
7.40331	-51.05519	0	35	2021-09-10T04:33:26
7.40421	-51.05588	0	35	2021-09-10T04:38:26
7.40487	-51.05658	0	35	2021-09-10T04:43:05
7.40566	-51.05725	0	35	2021-09-10T04:48:06
7.40643	-51.05790	0	35	2021-09-10T04:53:05
7.40712	-51.05859	0	35	2021-09-10T04:58:04
7.40778	-51.05927	0	35	2021-09-10T05:03:03
7.40848	-51.05991	0	35	2021-09-10T05:08:04
7.40925	-51.06056	0	35	2021-09-10T05:13:02
7.40998	-51.06125	0	35	2021-09-10T05:18:03
7.41069	-51.06189	0	35	2021-09-10T05:23:02
7.41139	-51.06256	0	35	2021-09-10T05:28:04
7.41206	-51.06330	0	35	2021-09-10T05:33:25
7.41283	-51.06390	0	35	2021-09-10T05:38:25
7.41354	-51.06448	0	35	2021-09-10T05:43:03
7.41424	-51.06512	0	35	2021-09-10T05:48:00
7.41496	-51.06580	0	35	2021-09-10T05:53:02
7.41569	-51.06641	0	35	2021-09-10T05:58:02
7.41637	-51.06702	0	35	2021-09-10T06:03:03
7.41701	-51.06772	0	35	2021-09-10T06:08:04
7.41764	-51.06836	0	35	2021-09-10T06:13:04
7.41834	-51.06897	0	35	2021-09-10T06:18:05
7.41908	-51.06952	0	35	2021-09-10T06:23:02
7.41980	-51.07007	0	35	2021-09-10T06:28:03
7.42045	-51.07074	0	35	2021-09-10T06:33:00
7.42111	-51.07144	0	35	2021-09-10T06:38:25
7.42165	-51.07197	0	35	2021-09-10T06:43:01
7.42234	-51.07257	0	35	2021-09-10T06:48:01
7.42302	-51.07324	0	35	2021-09-10T06:53:02
7.42367	-51.07388	0	35	2021-09-10T06:57:59
7.42428	-51.07449	0	35	2021-09-10T07:02:57
7.42489	-51.07514	0	35	2021-09-10T07:07:55
7.42540	-51.07565	0	35	2021-09-10T07:12:55
7.42594	-51.07626	0	35	2021-09-10T07:17:56
7.42652	-51.07682	0	35	2021-09-10T07:22:54
7.42708	-51.07742	0	35	2021-09-10T07:27:54
7.42766	-51.07806	0	35	2021-09-10T07:32:56
7.42814	-51.07877	0	35	2021-09-10T07:38:24
7.42850	-51.07937	0	35	2021-09-10T07:42:57
7.42879	-51.08002	0	35	2021-09-10T07:47:56
7.42914	-51.08066	0	35	2021-09-10T07:52:58
7.42951	-51.08127	0	35	2021-09-10T07:57:55
7.42999	-51.08194	0	35	2021-09-10T08:02:56
7.43041	-51.08258	0	35	2021-09-10T08:07:56
7.43080	-51.08322	0	35	2021-09-10T08:12:57
7.43125	-51.08377	0	35	2021-09-10T08:17:55
7.43175	-51.08442	0	35	2021-09-10T08:22:55
7.43222	-51.08502	0	35	2021-09-10T08:27:55
7.43268	-51.08566	0	35	2021-09-10T08:32:56
7.43315	-51.08633	0	35	2021-09-10T08:38:24
7.43357	-51.08695	0	35	2021-09-10T08:42:54
7.43396	-51.08746	0	35	2021-09-10T08:47:53
7.43439	-51.08807	0	35	2021-09-10T08:52:56
7.43486	-51.08868	0	35	2021-09-10T08:57:54
7.43536	-51.08926	0	35	2021-09-10T09:02:55
7.43588	-51.08981	0	35	2021-09-10T09:07:53
7.43644	-51.09036	0	35	2021-09-10T09:12:56
7.43697	-51.09094	0	35	2021-09-10T09:17:54
7.43741	-51.09152	0	35	2021-09-10T09:22:55
7.43777	-51.09210	0	35	2021-09-10T09:27:54
7.43824	-51.09274	0	35	2021-09-10T09:32:56
7.43874	-51.09332	0	35	2021-09-10T09:38:24
7.43913	-51.09393	0	35	2021-09-10T09:42:57
7.43954	-51.09451	0	35	2021-09-10T09:47:55
7.44004	-51.09519	0	35	2021-09-10T09:52:56
7.44047	-51.09570	0	35	2021-09-10T09:57:56
7.44091	-51.09634	0	35	2021-09-10T10:02:58
7.44142	-51.09702	0	35	2021-09-10T10:07:55
7.44203	-51.09773	0	35	2021-09-10T10:12:54
7.44254	-51.09833	0	35	2021-09-10T10:17:53
7.44304	-51.09897	0	35	2021-09-10T10:22:54
7.44358	-51.09961	0	35	2021-09-10T10:27:53
7.44421	-51.10027	0	35	2021-09-10T10:33:23
7.44485	-51.10104	0	35	2021-09-10T10:38:23
7.44542	-51.10168	0	35	2021-09-10T10:42:53
7.44605	-51.10236	0	35	2021-09-10T10:47:50
7.44653	-51.10300	0	35	2021-09-10T10:52:51
7.44699	-51.10367	0	35	2021-09-10T10:57:52
7.44752	-51.10434	0	35	2021-09-10T11:02:49
7.44805	-51.10504	0	35	2021-09-10T11:07:48
7.44863	-51.10574	0	35	2021-09-10T11:12:50
7.44914	-51.10643	0	35	2021-09-10T11:17:50
7.44970	-51.10712	0	35	2021-09-10T11:22:49
7.45023	-51.10788	0	35	2021-09-10T11:27:49
7.45070	-51.10864	0	35	2021-09-10T11:32:50
7.45118	-51.10944	0	35	2021-09-10T11:38:22
7.45162	-51.11011	0	35	2021-09-10T11:42:51
7.45213	-51.11084	0	35	2021-09-10T11:47:53
7.45262	-51.11165	0	35	2021-09-10T11:52:49
7.45309	-51.11234	0	35	2021-09-10T11:57:50
7.45358	-51.11307	0	35	2021-09-10T12:02:55
7.45403	-51.11380	0	35	2021-09-10T12:07:47
7.45449	-51.11462	0	35	2021-09-10T12:12:49
7.45496	-51.11539	0	35	2021-09-10T12:17:50
7.45549	-51.11615	0	35	2021-09-10T12:22:51
7.45602	-51.11688	0	35	2021-09-10T12:27:52
7.45653	-51.11761	0	35	2021-09-10T12:32:51
7.45720	-51.11841	0	35	2021-09-10T12:38:25
7.45771	-51.11905	0	35	2021-09-10T12:42:51
7.45830	-51.11984	0	35	2021-09-10T12:47:52
7.45889	-51.12061	0	35	2021-09-10T12:52:52
7.45952	-51.12137	0	35	2021-09-10T12:57:50
7.46017	-51.12217	0	35	2021-09-10T13:02:53
7.46081	-51.12286	0	35	2021-09-10T13:07:53
7.46147	-51.12360	0	35	2021-09-10T13:12:55
7.46210	-51.12433	0	35	2021-09-10T13:17:53
7.46337	-51.12583	0	35	2021-09-10T13:28:25
7.46388	-51.12652	0	35	2021-09-10T13:33:26
7.46452	-51.12738	0	35	2021-09-10T13:38:26
7.46499	-51.12811	0	35	2021-09-10T13:42:53
7.46555	-51.12888	0	35	2021-09-10T13:47:53
7.46612	-51.12970	0	35	2021-09-10T13:52:54
7.46670	-51.13049	0	35	2021-09-10T13:57:51
7.46736	-51.13127	0	35	2021-09-10T14:02:52
7.46800	-51.13196	0	35	2021-09-10T14:07:52
7.46863	-51.13269	0	35	2021-09-10T14:12:50
7.46927	-51.13345	0	35	2021-09-10T14:17:51
7.46991	-51.13416	0	35	2021-09-10T14:22:53
7.47055	-51.13489	0	35	2021-09-10T14:27:49
7.47122	-51.13556	0	35	2021-09-10T14:32:50
7.47203	-51.13646	0	35	2021-09-10T14:37:46
7.47259	-51.13715	0	35	2021-09-10T14:42:45
7.47329	-51.13782	0	35	2021-09-10T14:47:42
7.47401	-51.13852	0	35	2021-09-10T14:52:42
7.47478	-51.13922	0	35	2021-09-10T14:57:39
7.47555	-51.13990	0	35	2021-09-10T15:02:38
7.47628	-51.14059	0	35	2021-09-10T15:07:37
7.47710	-51.14120	0	35	2021-09-10T15:12:40
7.47793	-51.14188	0	35	2021-09-10T15:17:38
7.47875	-51.14255	0	35	2021-09-10T15:22:39
7.47957	-51.14313	0	35	2021-09-10T15:27:37
7.48045	-51.14381	0	35	2021-09-10T15:33:08
7.48131	-51.14450	0	35	2021-09-10T15:38:08
7.48210	-51.14505	0	35	2021-09-10T15:42:39
7.48298	-51.14569	0	35	2021-09-10T15:47:38
7.48381	-51.14630	0	35	2021-09-10T15:52:37
7.48477	-51.14694	0	35	2021-09-10T15:57:37
7.48576	-51.14755	0	35	2021-09-10T16:02:39
7.48674	-51.14819	0	35	2021-09-10T16:07:39
7.48769	-51.14880	0	35	2021-09-10T16:12:40
7.48865	-51.14939	0	35	2021-09-10T16:17:40
7.48959	-51.14999	0	35	2021-09-10T16:22:40
7.49048	-51.15067	0	35	2021-09-10T16:27:38
7.49131	-51.15140	0	35	2021-09-10T16:32:40
7.49226	-51.15207	0	35	2021-09-10T16:37:56
7.49306	-51.15274	0	35	2021-09-10T16:42:41
7.49395	-51.15344	0	35	2021-09-10T16:47:39
7.49489	-51.15411	0	35	2021-09-10T16:52:43
7.49579	-51.15480	0	35	2021-09-10T16:57:44
7.49669	-51.15549	0	35	2021-09-10T17:02:44
7.49756	-51.15619	0	35	2021-09-10T17:07:42
7.49845	-51.15689	0	35	2021-09-10T17:12:43
7.49936	-51.15759	0	35	2021-09-10T17:17:43
7.50020	-51.15833	0	35	2021-09-10T17:22:41
7.50099	-51.15909	0	35	2021-09-10T17:27:41
7.50174	-51.15986	0	35	2021-09-10T17:32:45
7.50264	-51.16061	0	35	2021-09-10T17:38:09
7.50346	-51.16132	0	35	2021-09-10T17:42:44
7.50430	-51.16214	0	35	2021-09-10T17:47:44
7.50513	-51.16296	0	35	2021-09-10T17:52:46
7.50596	-51.16373	0	35	2021-09-10T17:57:46
7.50674	-51.16452	0	35	2021-09-10T18:02:48
7.50762	-51.16531	0	35	2021-09-10T18:07:48
7.50845	-51.16614	0	35	2021-09-10T18:12:49
7.50923	-51.16699	0	35	2021-09-10T18:17:47
7.51009	-51.16788	0	35	2021-09-10T18:22:49
7.51087	-51.16873	0	35	2021-09-10T18:27:47
7.51172	-51.16959	0	35	2021-09-10T18:32:48
7.51273	-51.17053	0	35	2021-09-10T18:38:24
7.51341	-51.17130	0	35	2021-09-10T18:42:45
7.51427	-51.17212	0	35	2021-09-10T18:47:46
7.51511	-51.17297	0	35	2021-09-10T18:52:47
7.51596	-51.17377	0	35	2021-09-10T18:57:45
7.51680	-51.17461	0	35	2021-09-10T19:02:45
7.51755	-51.17535	0	35	2021-09-10T19:07:43
7.51839	-51.17615	0	35	2021-09-10T19:12:44
7.51923	-51.17697	0	35	2021-09-10T19:17:42
7.52008	-51.17773	0	35	2021-09-10T19:22:44
7.52095	-51.17859	0	35	2021-09-10T19:27:43
7.52182	-51.17941	0	35	2021-09-10T19:32:43
7.52277	-51.18042	0	35	2021-09-10T19:38:04
7.52350	-51.18130	0	35	2021-09-10T19:42:38
7.52430	-51.18225	0	35	2021-09-10T19:47:41
7.52516	-51.18311	0	35	2021-09-10T19:52:40
7.52611	-51.18390	0	35	2021-09-10T19:57:39
7.52702	-51.18475	0	35	2021-09-10T20:02:41
7.52788	-51.18566	0	35	2021-09-10T20:07:40
7.52874	-51.18643	0	35	2021-09-10T20:12:39
7.52966	-51.18723	0	35	2021-09-10T20:17:42
7.53058	-51.18796	0	35	2021-09-10T20:22:39
7.53153	-51.18877	0	35	2021-09-10T20:27:37
7.53243	-51.18954	0	35	2021-09-10T20:32:37
7.53341	-51.19043	0	35	2021-09-10T20:37:55
7.53428	-51.19122	0	35	2021-09-10T20:42:35
7.53516	-51.19208	0	35	2021-09-10T20:47:32
7.53607	-51.19290	0	35	2021-09-10T20:52:31
7.53701	-51.19375	0	35	2021-09-10T20:57:31
7.53795	-51.19452	0	35	2021-09-10T21:02:32
7.53892	-51.19531	0	35	2021-09-10T21:07:29
7.54000	-51.19614	0	35	2021-09-10T21:12:30
7.54107	-51.19696	0	35	2021-09-10T21:17:29
7.54216	-51.19781	0	35	2021-09-10T21:22:28
7.54319	-51.19858	0	35	2021-09-10T21:27:28
7.54417	-51.19940	0	35	2021-09-10T21:32:29
7.54519	-51.20025	0	35	2021-09-10T21:37:30
7.54605	-51.20102	0	35	2021-09-10T21:42:31
7.54709	-51.20190	0	35	2021-09-10T21:47:28
7.54813	-51.20276	0	35	2021-09-10T21:52:28
7.54920	-51.20358	0	35	2021-09-10T21:57:30
7.55030	-51.20441	0	35	2021-09-10T22:02:31
7.55132	-51.20520	0	35	2021-09-10T22:07:32
7.55233	-51.20602	0	35	2021-09-10T22:12:31
7.55335	-51.20685	0	35	2021-09-10T22:17:30
7.55436	-51.20773	0	35	2021-09-10T22:22:31
7.55540	-51.20856	0	35	2021-09-10T22:27:32
7.55644	-51.20941	0	35	2021-09-10T22:32:32
7.55760	-51.21029	0	35	2021-09-10T22:37:35
7.55854	-51.21106	0	35	2021-09-10T22:42:34
7.55957	-51.21191	0	35	2021-09-10T22:47:34
7.56064	-51.21271	0	35	2021-09-10T22:52:35
7.56173	-51.21350	0	35	2021-09-10T22:57:36
7.56280	-51.21436	0	35	2021-09-10T23:02:37
7.56385	-51.21524	0	35	2021-09-10T23:07:34
7.56491	-51.21613	0	35	2021-09-10T23:12:35
7.56604	-51.21700	0	35	2021-09-10T23:17:34
7.56706	-51.21783	0	35	2021-09-10T23:22:36
7.56814	-51.21872	0	35	2021-09-10T23:27:34
7.56924	-51.21951	0	35	2021-09-10T23:32:33
7.57045	-51.22034	0	35	2021-09-10T23:37:58
7.57145	-51.22107	0	35	2021-09-10T23:42:36
7.57250	-51.22202	0	35	2021-09-10T23:47:37
7.57351	-51.22299	0	35	2021-09-10T23:52:37
7.57456	-51.22394	0	35	2021-09-10T23:57:38
7.57557	-51.22488	0	35	2021-09-11T00:02:40
7.57659	-51.22583	0	35	2021-09-11T00:07:39
7.57761	-51.22687	0	35	2021-09-11T00:12:41
7.57864	-51.22781	0	35	2021-09-11T00:17:41
7.57970	-51.22886	0	35	2021-09-11T00:22:42
7.58073	-51.22980	0	35	2021-09-11T00:27:41
7.58177	-51.23083	0	35	2021-09-11T00:32:45
7.58297	-51.23212	0	35	2021-09-11T00:38:09
7.58389	-51.23312	0	35	2021-09-11T00:42:39
7.58494	-51.23419	0	35	2021-09-11T00:47:40
7.58598	-51.23514	0	35	2021-09-11T00:52:37
7.58704	-51.23624	0	35	2021-09-11T00:57:38
7.58808	-51.23721	0	35	2021-09-11T01:02:37
7.58910	-51.23819	0	35	2021-09-11T01:07:34
7.59012	-51.23920	0	35	2021-09-11T01:12:33
7.59115	-51.24011	0	35	2021-09-11T01:17:29
7.59220	-51.24106	0	35	2021-09-11T01:22:30
7.59323	-51.24201	0	35	2021-09-11T01:27:26
7.59422	-51.24295	0	35	2021-09-11T01:32:25
7.59539	-51.24402	0	35	2021-09-11T01:37:55
7.59632	-51.24490	0	35	2021-09-11T01:42:23
7.59737	-51.24591	0	35	2021-09-11T01:47:31
7.59847	-51.24683	0	35	2021-09-11T01:52:23
7.59956	-51.24771	0	35	2021-09-11T01:57:21
7.60055	-51.24861	0	35	2021-09-11T02:02:22
7.60154	-51.24955	0	35	2021-09-11T02:07:22
7.60257	-51.25049	0	35	2021-09-11T02:12:23
7.60368	-51.25137	0	35	2021-09-11T02:17:24
7.60474	-51.25226	0	35	2021-09-11T02:22:25
7.60575	-51.25317	0	35	2021-09-11T02:27:22
7.60687	-51.25394	0	35	2021-09-11T02:32:23
7.60813	-51.25479	0	35	2021-09-11T02:37:55
7.60913	-51.25552	0	35	2021-09-11T02:42:25
7.61025	-51.25632	0	35	2021-09-11T02:47:25
7.61130	-51.25714	0	35	2021-09-11T02:52:25
7.61240	-51.25797	0	35	2021-09-11T02:57:27
7.61348	-51.25879	0	35	2021-09-11T03:02:25
7.61456	-51.25958	0	35	2021-09-11T03:07:25
7.61565	-51.26035	0	35	2021-09-11T03:12:28
7.61677	-51.26111	0	35	2021-09-11T03:17:29
7.61789	-51.26187	0	35	2021-09-11T03:22:28
7.61904	-51.26263	0	35	2021-09-11T03:27:25
7.62018	-51.26340	0	35	2021-09-11T03:32:28
7.62135	-51.26425	0	35	2021-09-11T03:37:57
7.62238	-51.26492	0	35	2021-09-11T03:42:27
7.62357	-51.26559	0	35	2021-09-11T03:47:29
7.62470	-51.26633	0	35	2021-09-11T03:52:26
7.62589	-51.26710	0	35	2021-09-11T03:57:25
7.62709	-51.26770	0	35	2021-09-11T04:02:24
7.62825	-51.26837	0	35	2021-09-11T04:07:21
7.62938	-51.26904	0	35	2021-09-11T04:12:21
7.63062	-51.26983	0	35	2021-09-11T04:17:18
7.63174	-51.27043	0	35	2021-09-11T04:22:18
7.63286	-51.27103	0	35	2021-09-11T04:27:19
7.63404	-51.27170	0	35	2021-09-11T04:32:16
7.63521	-51.27237	0	35	2021-09-11T04:37:36
7.63629	-51.27295	0	35	2021-09-11T04:42:15
7.63752	-51.27359	0	35	2021-09-11T04:47:16
7.63868	-51.27417	0	35	2021-09-11T04:52:13
7.63994	-51.27483	0	35	2021-09-11T04:57:13
7.64110	-51.27534	0	35	2021-09-11T05:02:13
7.64226	-51.27594	0	35	2021-09-11T05:07:13
7.64344	-51.27649	0	35	2021-09-11T05:12:11
7.64466	-51.27707	0	35	2021-09-11T05:17:09
7.64590	-51.27763	0	35	2021-09-11T05:22:12
7.64706	-51.27814	0	35	2021-09-11T05:27:11
7.64823	-51.27866	0	35	2021-09-11T05:32:11
7.64949	-51.27917	0	35	2021-09-11T05:37:36
7.65056	-51.27966	0	35	2021-09-11T05:42:13
7.65175	-51.28018	0	35	2021-09-11T05:47:14
7.65300	-51.28067	0	35	2021-09-11T05:52:14
7.65424	-51.28110	0	35	2021-09-11T05:57:15
7.65549	-51.28156	0	35	2021-09-11T06:02:15
7.65671	-51.28198	0	35	2021-09-11T06:07:16
7.65795	-51.28238	0	35	2021-09-11T06:12:13
7.65918	-51.28281	0	35	2021-09-11T06:17:11
7.66038	-51.28326	0	35	2021-09-11T06:22:12
7.66158	-51.28372	0	35	2021-09-11T06:27:09
7.66281	-51.28409	0	35	2021-09-11T06:32:11
7.66406	-51.28452	0	35	2021-09-11T06:37:25
7.66521	-51.28494	0	35	2021-09-11T06:42:12
7.66645	-51.28537	0	35	2021-09-11T06:47:12
7.66761	-51.28580	0	35	2021-09-11T06:52:12
7.66878	-51.28610	0	35	2021-09-11T06:57:10
7.66998	-51.28659	0	35	2021-09-11T07:02:11
7.67123	-51.28714	0	35	2021-09-11T07:07:11
7.67243	-51.28748	0	35	2021-09-11T07:12:10
7.67364	-51.28790	0	35	2021-09-11T07:17:10
7.67483	-51.28830	0	35	2021-09-11T07:22:11
7.67610	-51.28875	0	35	2021-09-11T07:27:11
7.67734	-51.28909	0	35	2021-09-11T07:32:11
7.67869	-51.28958	0	35	2021-09-11T07:37:26
7.67984	-51.29007	0	35	2021-09-11T07:42:07
7.68113	-51.29055	0	35	2021-09-11T07:47:10
7.68234	-51.29092	0	35	2021-09-11T07:52:11
7.68353	-51.29141	0	35	2021-09-11T07:57:09
7.68473	-51.29187	0	35	2021-09-11T08:02:14
7.68599	-51.29230	0	35	2021-09-11T08:07:10
7.68725	-51.29276	0	35	2021-09-11T08:12:12
7.68848	-51.29315	0	35	2021-09-11T08:17:09
7.68972	-51.29355	0	35	2021-09-11T08:22:12
7.69102	-51.29403	0	35	2021-09-11T08:27:37
7.69218	-51.29446	0	35	2021-09-11T08:32:38
7.69351	-51.29480	0	35	2021-09-11T08:37:38
7.69458	-51.29517	0	35	2021-09-11T08:42:13
7.69578	-51.29556	0	35	2021-09-11T08:47:15
7.69699	-51.29596	0	35	2021-09-11T08:52:15
7.69819	-51.29639	0	35	2021-09-11T08:57:14
7.69940	-51.29678	0	35	2021-09-11T09:02:16
7.70068	-51.29715	0	35	2021-09-11T09:07:17
7.70197	-51.29752	0	35	2021-09-11T09:12:21
7.70331	-51.29794	0	35	2021-09-11T09:17:19
7.70465	-51.29834	0	35	2021-09-11T09:22:21
7.70586	-51.29852	0	35	2021-09-11T09:27:21
7.70715	-51.29887	0	35	2021-09-11T09:32:56
7.70857	-51.29913	0	35	2021-09-11T09:37:56
7.70973	-51.29944	0	35	2021-09-11T09:42:19
7.71106	-51.29980	0	35	2021-09-11T09:47:24
7.71233	-51.30017	0	35	2021-09-11T09:52:24
7.71362	-51.30065	0	35	2021-09-11T09:57:28
7.71486	-51.30099	0	35	2021-09-11T10:02:27
7.71610	-51.30133	0	35	2021-09-11T10:07:28
7.71733	-51.30176	0	35	2021-09-11T10:12:27
7.71856	-51.30215	0	35	2021-09-11T10:17:29
7.71981	-51.30249	0	35	2021-09-11T10:22:26
7.72103	-51.30289	0	35	2021-09-11T10:27:27
7.72223	-51.30328	0	35	2021-09-11T10:32:24
7.72365	-51.30383	0	35	2021-09-11T10:37:28
7.72477	-51.30417	0	35	2021-09-11T10:42:28
7.72601	-51.30460	0	35	2021-09-11T10:47:27
7.72721	-51.30508	0	35	2021-09-11T10:52:26
7.72837	-51.30554	0	35	2021-09-11T10:57:24
7.72948	-51.30603	0	35	2021-09-11T11:02:25
7.73060	-51.30658	0	35	2021-09-11T11:07:22
7.73286	-51.30778	0	35	2021-09-11T11:17:21
7.73402	-51.30829	0	35	2021-09-11T11:22:21
7.73514	-51.30872	0	35	2021-09-11T11:27:22
7.73626	-51.30923	0	35	2021-09-11T11:32:23
7.73752	-51.30978	0	35	2021-09-11T11:37:57
7.73846	-51.31027	0	35	2021-09-11T11:42:23
7.73951	-51.31092	0	35	2021-09-11T11:47:21
7.74058	-51.31143	0	35	2021-09-11T11:52:21
7.74172	-51.31195	0	35	2021-09-11T11:57:19
7.74278	-51.31241	0	35	2021-09-11T12:02:19
7.74386	-51.31297	0	35	2021-09-11T12:07:21
7.74489	-51.31348	0	35	2021-09-11T12:12:21
7.74587	-51.31400	0	35	2021-09-11T12:17:15
7.74692	-51.31451	0	35	2021-09-11T12:22:17
7.74796	-51.31500	0	35	2021-09-11T12:27:19
7.74903	-51.31543	0	35	2021-09-11T12:32:15
7.75028	-51.31619	0	35	2021-09-11T12:37:38
7.75119	-51.31668	0	35	2021-09-11T12:42:15
7.75218	-51.31723	0	35	2021-09-11T12:47:13
7.75321	-51.31775	0	35	2021-09-11T12:52:12
7.75419	-51.31827	0	35	2021-09-11T12:57:13
7.75519	-51.31885	0	35	2021-09-11T13:02:11
7.75617	-51.31946	0	35	2021-09-11T13:07:12
7.75711	-51.32004	0	35	2021-09-11T13:12:13
7.75807	-51.32056	0	35	2021-09-11T13:17:13
7.75905	-51.32114	0	35	2021-09-11T13:22:15
7.76000	-51.32186	0	35	2021-09-11T13:27:38
7.76094	-51.32237	0	35	2021-09-11T13:32:38
7.76197	-51.32297	0	35	2021-09-11T13:37:37
7.76285	-51.32355	0	35	2021-09-11T13:42:14
7.76381	-51.32419	0	35	2021-09-11T13:47:15
7.76479	-51.32474	0	35	2021-09-11T13:52:12
7.76568	-51.32538	0	35	2021-09-11T13:57:14
7.76669	-51.32602	0	35	2021-09-11T14:02:14
7.76767	-51.32671	0	35	2021-09-11T14:07:15
7.76854	-51.32739	0	35	2021-09-11T14:12:15
7.76947	-51.32809	0	35	2021-09-11T14:17:16
7.77042	-51.32880	0	35	2021-09-11T14:22:14
7.77138	-51.32953	0	35	2021-09-11T14:27:17
7.77231	-51.33026	0	35	2021-09-11T14:32:15
7.77341	-51.33105	0	35	2021-09-11T14:37:55
7.77422	-51.33173	0	35	2021-09-11T14:42:17
7.77519	-51.33249	0	35	2021-09-11T14:47:17
7.77622	-51.33319	0	35	2021-09-11T14:52:18
7.77722	-51.33401	0	35	2021-09-11T14:57:23
7.77823	-51.33469	0	35	2021-09-11T15:02:21
7.77920	-51.33539	0	35	2021-09-11T15:07:21
7.78023	-51.33612	0	35	2021-09-11T15:12:18
7.78129	-51.33682	0	35	2021-09-11T15:17:20
7.78234	-51.33749	0	35	2021-09-11T15:22:19
7.78339	-51.33813	0	35	2021-09-11T15:27:20
7.78450	-51.33871	0	35	2021-09-11T15:32:18
7.78568	-51.33948	0	35	2021-09-11T15:37:54
7.78661	-51.34003	0	35	2021-09-11T15:42:18
7.78770	-51.34061	0	35	2021-09-11T15:47:19
7.78881	-51.34119	0	35	2021-09-11T15:52:17
7.78995	-51.34174	0	35	2021-09-11T15:57:18
7.79109	-51.34235	0	35	2021-09-11T16:02:18
7.79229	-51.34286	0	35	2021-09-11T16:07:17
7.79348	-51.34341	0	35	2021-09-11T16:12:13
7.79475	-51.34400	0	35	2021-09-11T16:17:11
7.79597	-51.34442	0	35	2021-09-11T16:22:14
7.79719	-51.34494	0	35	2021-09-11T16:27:12
7.79842	-51.34552	0	35	2021-09-11T16:32:12
7.79980	-51.34613	0	35	2021-09-11T16:37:37
7.80096	-51.34676	0	35	2021-09-11T16:42:14
7.80229	-51.34727	0	35	2021-09-11T16:47:14
7.80362	-51.34778	0	35	2021-09-11T16:52:13
7.80494	-51.34833	0	35	2021-09-11T16:57:13
7.80624	-51.34882	0	35	2021-09-11T17:02:10
7.80757	-51.34927	0	35	2021-09-11T17:07:11
7.80890	-51.34967	0	35	2021-09-11T17:12:11
7.81024	-51.35007	0	35	2021-09-11T17:17:11
7.81157	-51.35043	0	35	2021-09-11T17:22:10
7.81292	-51.35077	0	35	2021-09-11T17:27:10
7.81429	-51.35114	0	35	2021-09-11T17:32:11
7.81579	-51.35150	0	35	2021-09-11T17:37:26
7.81712	-51.35184	0	35	2021-09-11T17:42:09
7.81857	-51.35217	0	35	2021-09-11T17:47:11
7.82001	-51.35248	0	35	2021-09-11T17:52:14
7.82142	-51.35281	0	35	2021-09-11T17:57:09
7.82286	-51.35307	0	35	2021-09-11T18:02:13
7.82428	-51.35333	0	35	2021-09-11T18:07:14
7.82569	-51.35355	0	35	2021-09-11T18:12:13
7.82708	-51.35379	0	35	2021-09-11T18:17:14
7.82849	-51.35403	0	35	2021-09-11T18:22:13
7.82988	-51.35428	0	35	2021-09-11T18:27:10
7.83128	-51.35455	0	35	2021-09-11T18:32:07
7.83283	-51.35489	0	35	2021-09-11T18:37:26
7.83414	-51.35516	0	35	2021-09-11T18:42:04
7.83557	-51.35547	0	35	2021-09-11T18:47:05
7.83702	-51.35576	0	35	2021-09-11T18:52:05
7.83844	-51.35602	0	35	2021-09-11T18:57:05
7.83986	-51.35626	0	35	2021-09-11T19:02:04
7.84130	-51.35651	0	35	2021-09-11T19:07:04
7.84274	-51.35675	0	35	2021-09-11T19:12:04
7.84407	-51.35684	0	35	2021-09-11T19:17:03
7.84542	-51.35699	0	35	2021-09-11T19:22:00
7.84685	-51.35709	0	35	2021-09-11T19:27:01
7.84829	-51.35721	0	35	2021-09-11T19:31:58
7.84984	-51.35733	0	35	2021-09-11T19:37:25
7.85117	-51.35751	0	35	2021-09-11T19:41:59
7.85261	-51.35767	0	35	2021-09-11T19:46:59
7.85407	-51.35785	0	35	2021-09-11T19:51:59
7.85549	-51.35794	0	35	2021-09-11T19:56:58
7.85694	-51.35809	0	35	2021-09-11T20:01:57
7.85840	-51.35822	0	35	2021-09-11T20:06:55
7.85986	-51.35831	0	35	2021-09-11T20:11:56
7.86137	-51.35843	0	35	2021-09-11T20:16:56
7.86291	-51.35852	0	35	2021-09-11T20:21:55
7.86444	-51.35858	0	35	2021-09-11T20:26:55
7.86601	-51.35873	0	35	2021-09-11T20:31:56
7.86764	-51.35889	0	35	2021-09-11T20:37:28
7.86896	-51.35901	0	35	2021-09-11T20:41:57
7.87045	-51.35916	0	35	2021-09-11T20:46:55
7.87197	-51.35928	0	35	2021-09-11T20:51:56
7.87346	-51.35944	0	35	2021-09-11T20:56:56
7.87498	-51.35953	0	35	2021-09-11T21:01:57
7.87645	-51.35959	0	35	2021-09-11T21:06:57
7.87791	-51.35971	0	35	2021-09-11T21:11:59
7.87932	-51.35983	0	35	2021-09-11T21:16:56
7.88074	-51.35992	0	35	2021-09-11T21:22:01
7.88213	-51.35995	0	35	2021-09-11T21:27:01
7.88352	-51.36005	0	35	2021-09-11T21:31:58
7.88503	-51.36008	0	35	2021-09-11T21:37:23
7.88638	-51.36008	0	35	2021-09-11T21:42:00
7.88771	-51.36008	0	35	2021-09-11T21:47:00
7.88912	-51.36005	0	35	2021-09-11T21:51:58
7.89053	-51.36005	0	35	2021-09-11T21:56:59
7.89190	-51.36002	0	35	2021-09-11T22:02:02
7.89333	-51.35989	0	35	2021-09-11T22:06:59
7.89470	-51.35989	0	35	2021-09-11T22:11:58
7.89606	-51.35983	0	35	2021-09-11T22:16:57
7.89752	-51.35971	0	35	2021-09-11T22:21:56
7.89889	-51.35971	0	35	2021-09-11T22:26:56
7.90032	-51.35962	0	35	2021-09-11T22:31:57
7.90184	-51.35953	0	35	2021-09-11T22:37:26
7.90317	-51.35947	0	35	2021-09-11T22:41:58
7.90450	-51.35938	0	35	2021-09-11T22:46:57
7.90592	-51.35938	0	35	2021-09-11T22:51:57
7.90729	-51.35931	0	35	2021-09-11T22:56:56
7.90869	-51.35925	0	35	2021-09-11T23:01:55
7.91011	-51.35916	0	35	2021-09-11T23:06:55
7.91148	-51.35910	0	35	2021-09-11T23:11:56
7.91287	-51.35895	0	35	2021-09-11T23:16:53
7.91422	-51.35883	0	35	2021-09-11T23:21:54
7.91555	-51.35873	0	35	2021-09-11T23:26:51
7.91689	-51.35867	0	35	2021-09-11T23:31:52
7.91841	-51.35843	0	35	2021-09-11T23:37:28
7.91963	-51.35831	0	35	2021-09-11T23:41:54
7.92100	-51.35822	0	35	2021-09-11T23:46:55
7.92241	-51.35796	0	35	2021-09-11T23:51:55
7.92374	-51.35779	0	35	2021-09-11T23:56:56
7.92508	-51.35767	0	35	2021-09-12T00:01:53
7.92644	-51.35748	0	35	2021-09-12T00:06:55
7.92780	-51.35730	0	35	2021-09-12T00:11:55
7.92916	-51.35721	0	35	2021-09-12T00:16:56
7.93052	-51.35699	0	35	2021-09-12T00:21:53
7.93183	-51.35684	0	35	2021-09-12T00:26:53
7.93319	-51.35663	0	35	2021-09-12T00:32:25
7.93465	-51.35654	0	35	2021-09-12T00:37:25
7.93576	-51.35635	0	35	2021-09-12T00:41:55
7.93697	-51.35617	0	35	2021-09-12T00:46:57
7.93817	-51.35594	0	35	2021-09-12T00:51:58
7.93933	-51.35577	0	35	2021-09-12T00:56:59
7.94050	-51.35556	0	35	2021-09-12T01:01:59
7.94167	-51.35529	0	35	2021-09-12T01:07:01
7.94288	-51.35500	0	35	2021-09-12T01:12:01
7.94395	-51.35483	0	35	2021-09-12T01:17:01
7.94508	-51.35458	0	35	2021-09-12T01:21:58
7.94624	-51.35434	0	35	2021-09-12T01:26:59
7.94743	-51.35402	0	35	2021-09-12T01:31:54
7.94867	-51.35368	0	35	2021-09-12T01:36:54
7.94966	-51.35342	0	35	2021-09-12T01:41:55
7.95083	-51.35312	0	35	2021-09-12T01:46:57
7.95202	-51.35284	0	35	2021-09-12T01:51:57
7.95321	-51.35251	0	35	2021-09-12T01:56:57
7.95431	-51.35223	0	35	2021-09-12T02:01:59
7.95542	-51.35190	0	35	2021-09-12T02:07:02
7.95648	-51.35159	0	35	2021-09-12T02:12:01
7.95758	-51.35129	0	35	2021-09-12T02:17:05
7.95865	-51.35092	0	35	2021-09-12T02:22:06
7.95971	-51.35056	0	35	2021-09-12T02:27:05
7.96073	-51.35019	0	35	2021-09-12T02:32:04
7.96175	-51.34976	0	35	2021-09-12T02:37:27
7.96266	-51.34946	0	35	2021-09-12T02:42:08
7.96365	-51.34909	0	35	2021-09-12T02:47:09
7.96463	-51.34875	0	35	2021-09-12T02:52:07
7.96557	-51.34842	0	35	2021-09-12T02:57:11
7.96651	-51.34805	0	35	2021-09-12T03:02:09
7.96744	-51.34772	0	35	2021-09-12T03:07:12
7.96835	-51.34738	0	35	2021-09-12T03:12:11
7.96927	-51.34702	0	35	2021-09-12T03:17:14
7.97020	-51.34665	0	35	2021-09-12T03:22:11
7.97110	-51.34631	0	35	2021-09-12T03:27:10
7.97198	-51.34598	0	35	2021-09-12T03:32:07
7.97294	-51.34564	0	35	2021-09-12T03:37:26
7.97378	-51.34531	0	35	2021-09-12T03:42:04
7.97465	-51.34500	0	35	2021-09-12T03:47:04
7.97553	-51.34470	0	35	2021-09-12T03:52:01
7.97641	-51.34439	0	35	2021-09-12T03:56:59
7.97737	-51.34401	0	35	2021-09-12T04:02:00
7.97823	-51.34375	0	35	2021-09-12T04:07:00
7.97915	-51.34341	0	35	2021-09-12T04:12:05
7.98002	-51.34308	0	35	2021-09-12T04:17:03
7.98089	-51.34268	0	35	2021-09-12T04:22:02
7.98178	-51.34241	0	35	2021-09-12T04:27:04
7.98265	-51.34216	0	35	2021-09-12T04:32:01
7.98363	-51.34189	0	35	2021-09-12T04:37:26
7.98449	-51.34161	0	35	2021-09-12T04:42:02
7.98540	-51.34128	0	35	2021-09-12T04:47:03
7.98622	-51.34103	0	35	2021-09-12T04:52:01
7.98709	-51.34076	0	35	2021-09-12T04:57:00
7.98799	-51.34045	0	35	2021-09-12T05:01:58
7.98892	-51.34018	0	35	2021-09-12T05:07:00
7.98976	-51.33987	0	35	2021-09-12T05:12:03
7.99061	-51.33957	0	35	2021-09-12T05:17:01
7.99148	-51.33923	0	35	2021-09-12T05:21:59
7.99235	-51.33878	0	35	2021-09-12T05:27:03
7.99321	-51.33844	0	35	2021-09-12T05:32:03
7.99406	-51.33807	0	35	2021-09-12T05:37:26
7.99476	-51.33771	0	35	2021-09-12T05:42:02
7.99561	-51.33734	0	35	2021-09-12T05:47:02
7.99643	-51.33701	0	35	2021-09-12T05:52:03
7.99727	-51.33661	0	35	2021-09-12T05:57:03
7.99808	-51.33624	0	35	2021-09-12T06:02:04
7.99892	-51.33582	0	35	2021-09-12T06:07:02
7.99976	-51.33530	0	35	2021-09-12T06:12:03
8.00057	-51.33496	0	35	2021-09-12T06:17:04
8.00142	-51.33447	0	35	2021-09-12T06:22:04
8.00229	-51.33401	0	35	2021-09-12T06:27:04
8.00315	-51.33353	0	35	2021-09-12T06:32:05
8.00409	-51.33301	0	35	2021-09-12T06:37:26
8.00489	-51.33258	0	35	2021-09-12T06:42:04
8.00580	-51.33206	0	35	2021-09-12T06:47:05
8.00672	-51.33148	0	35	2021-09-12T06:52:02
8.00761	-51.33096	0	35	2021-09-12T06:56:59
8.00853	-51.33044	0	35	2021-09-12T07:02:00
8.00948	-51.32990	0	35	2021-09-12T07:07:00
8.01040	-51.32938	0	35	2021-09-12T07:12:02
8.01139	-51.32879	0	35	2021-09-12T07:17:03
8.01233	-51.32819	0	35	2021-09-12T07:22:03
8.01329	-51.32755	0	35	2021-09-12T07:27:03
8.01427	-51.32687	0	35	2021-09-12T07:32:01
8.01531	-51.32614	0	35	2021-09-12T07:37:25
8.01624	-51.32556	0	35	2021-09-12T07:42:03
8.01728	-51.32483	0	35	2021-09-12T07:47:06
8.01828	-51.32401	0	35	2021-09-12T07:52:09
8.01927	-51.32332	0	35	2021-09-12T07:57:09
8.02021	-51.32263	0	35	2021-09-12T08:02:10
8.02120	-51.32190	0	35	2021-09-12T08:07:08
8.02218	-51.32117	0	35	2021-09-12T08:12:08
8.02314	-51.32043	0	35	2021-09-12T08:17:05
8.02406	-51.31970	0	35	2021-09-12T08:22:05
8.02499	-51.31900	0	35	2021-09-12T08:27:06
8.02595	-51.31827	0	35	2021-09-12T08:32:03
8.02692	-51.31747	0	35	2021-09-12T08:37:35
8.02781	-51.31676	0	35	2021-09-12T08:42:00
8.02871	-51.31607	0	35	2021-09-12T08:46:59
8.02965	-51.31531	0	35	2021-09-12T08:52:00
8.03060	-51.31458	0	35	2021-09-12T08:57:01
8.03161	-51.31383	0	35	2021-09-12T09:02:01
8.03255	-51.31314	0	35	2021-09-12T09:07:02
8.03351	-51.31238	0	35	2021-09-12T09:11:59
8.03445	-51.31161	0	35	2021-09-12T09:17:02
8.03543	-51.31088	0	35	2021-09-12T09:21:59
8.03640	-51.31009	0	35	2021-09-12T09:27:00
8.03736	-51.30936	0	35	2021-09-12T09:31:58
8.03841	-51.30850	0	35	2021-09-12T09:37:25
8.03927	-51.30783	0	35	2021-09-12T09:41:56
8.04022	-51.30695	0	35	2021-09-12T09:46:58
8.04116	-51.30618	0	35	2021-09-12T09:51:58
8.04205	-51.30539	0	35	2021-09-12T09:56:56
8.04297	-51.30448	0	35	2021-09-12T10:01:57
8.04383	-51.30371	0	35	2021-09-12T10:06:57
8.04465	-51.30295	0	35	2021-09-12T10:12:00
8.04551	-51.30219	0	35	2021-09-12T10:16:58
8.04636	-51.30145	0	35	2021-09-12T10:21:58
8.04718	-51.30072	0	35	2021-09-12T10:27:00
8.04800	-51.29999	0	35	2021-09-12T10:31:58
8.04885	-51.29922	0	35	2021-09-12T10:37:25
8.04965	-51.29853	0	35	2021-09-12T10:41:59
8.05043	-51.29784	0	35	2021-09-12T10:47:00
8.05115	-51.29724	0	35	2021-09-12T10:52:00
8.05195	-51.29651	0	35	2021-09-12T10:57:01
8.05275	-51.29587	0	35	2021-09-12T11:02:05
8.05355	-51.29520	0	35	2021-09-12T11:07:03
8.05436	-51.29449	0	35	2021-09-12T11:12:04
8.05514	-51.29382	0	35	2021-09-12T11:17:05
8.05594	-51.29318	0	35	2021-09-12T11:22:06
8.05672	-51.29254	0	35	2021-09-12T11:27:03
8.05746	-51.29190	0	35	2021-09-12T11:32:02
8.05831	-51.29123	0	35	2021-09-12T11:37:26
8.05902	-51.29065	0	35	2021-09-12T11:42:02
8.05974	-51.29001	0	35	2021-09-12T11:47:03
8.06046	-51.28934	0	35	2021-09-12T11:52:00
8.06110	-51.28870	0	35	2021-09-12T11:56:59
8.06176	-51.28796	0	35	2021-09-12T12:02:01
8.06237	-51.28732	0	35	2021-09-12T12:06:57
8.06298	-51.28668	0	35	2021-09-12T12:12:01
8.06351	-51.28607	0	35	2021-09-12T12:16:59
8.06410	-51.28536	0	35	2021-09-12T12:21:57
8.06457	-51.28485	0	35	2021-09-12T12:26:57
8.06509	-51.28427	0	35	2021-09-12T12:31:58
8.06561	-51.28363	0	35	2021-09-12T12:37:26
8.06596	-51.28320	0	35	2021-09-12T12:41:53
8.06638	-51.28259	0	35	2021-09-12T12:46:52
8.06678	-51.28187	0	35	2021-09-12T12:51:53
8.06718	-51.28127	0	35	2021-09-12T12:56:52
8.06757	-51.28076	0	35	2021-09-12T13:01:52
8.06793	-51.28018	0	35	2021-09-12T13:06:52
8.06825	-51.27960	0	35	2021-09-12T13:11:54
8.06851	-51.27905	0	35	2021-09-12T13:16:54
8.06875	-51.27850	0	35	2021-09-12T13:21:52
8.06903	-51.27792	0	35	2021-09-12T13:26:52
8.06929	-51.27734	0	35	2021-09-12T13:31:57
8.06964	-51.27661	0	35	2021-09-12T13:37:26
8.06978	-51.27618	0	35	2021-09-12T13:41:55
8.07005	-51.27563	0	35	2021-09-12T13:46:57
8.07025	-51.27512	0	35	2021-09-12T13:52:01
8.07049	-51.27460	0	35	2021-09-12T13:57:00
8.07069	-51.27408	0	35	2021-09-12T14:02:02
8.07085	-51.27359	0	35	2021-09-12T14:06:59
8.07102	-51.27307	0	35	2021-09-12T14:12:00
8.07114	-51.27252	0	35	2021-09-12T14:16:58
8.07126	-51.27200	0	35	2021-09-12T14:21:59
8.07138	-51.27148	0	35	2021-09-12T14:26:58
8.07150	-51.27090	0	35	2021-09-12T14:31:59
8.07166	-51.27026	0	35	2021-09-12T14:37:23
8.07179	-51.26978	0	35	2021-09-12T14:41:57
8.07189	-51.26923	0	35	2021-09-12T14:46:57
8.07199	-51.26868	0	35	2021-09-12T14:51:55
8.07213	-51.26810	0	35	2021-09-12T14:56:57
8.07227	-51.26754	0	35	2021-09-12T15:01:57
8.07236	-51.26703	0	35	2021-09-12T15:06:58
8.07244	-51.26645	0	35	2021-09-12T15:11:59
8.07255	-51.26587	0	35	2021-09-12T15:16:59
8.07263	-51.26529	0	35	2021-09-12T15:22:00
8.07269	-51.26461	0	35	2021-09-12T15:27:01
8.07269	-51.26410	0	35	2021-09-12T15:32:01
8.07264	-51.26346	0	35	2021-09-12T15:37:26
8.07262	-51.26294	0	35	2021-09-12T15:42:01
8.07259	-51.26233	0	35	2021-09-12T15:47:00
8.07258	-51.26174	0	35	2021-09-12T15:51:58
8.07254	-51.26114	0	35	2021-09-12T15:56:58
8.07244	-51.26056	0	35	2021-09-12T16:01:59
8.07236	-51.25992	0	35	2021-09-12T16:06:56
8.07227	-51.25934	0	35	2021-09-12T16:11:57
8.07217	-51.25876	0	35	2021-09-12T16:16:55
8.07213	-51.25815	0	35	2021-09-12T16:21:55
8.07203	-51.25749	0	35	2021-09-12T16:27:24
8.07191	-51.25689	0	35	2021-09-12T16:32:24
8.07178	-51.25629	0	35	2021-09-12T16:37:25
8.07164	-51.25577	0	35	2021-09-12T16:42:02
8.07151	-51.25522	0	35	2021-09-12T16:47:04
8.07140	-51.25470	0	35	2021-09-12T16:52:03
8.07124	-51.25421	0	35	2021-09-12T16:57:04
8.07110	-51.25372	0	35	2021-09-12T17:02:02
8.07093	-51.25320	0	35	2021-09-12T17:06:59
8.07076	-51.25275	0	35	2021-09-12T17:12:04
8.07057	-51.25226	0	35	2021-09-12T17:16:58
8.07036	-51.25177	0	35	2021-09-12T17:22:02
8.07010	-51.25131	0	35	2021-09-12T17:27:02
8.06988	-51.25085	0	35	2021-09-12T17:32:00
8.06961	-51.25024	0	35	2021-09-12T17:37:38
8.06936	-51.24988	0	35	2021-09-12T17:42:04
8.06914	-51.24942	0	35	2021-09-12T17:47:02
8.06892	-51.24893	0	35	2021-09-12T17:52:03
8.06865	-51.24844	0	35	2021-09-12T17:57:01
8.06842	-51.24799	0	35	2021-09-12T18:02:01
8.06814	-51.24741	0	35	2021-09-12T18:06:58
8.06793	-51.24698	0	35	2021-09-12T18:11:58
8.06767	-51.24642	0	35	2021-09-12T18:16:57
8.06746	-51.24591	0	35	2021-09-12T18:21:57
8.06728	-51.24542	0	35	2021-09-12T18:26:54
8.06706	-51.24490	0	35	2021-09-12T18:31:57
8.06682	-51.24417	0	35	2021-09-12T18:36:56
8.06664	-51.24374	0	35	2021-09-12T18:41:56
8.06642	-51.24316	0	35	2021-09-12T18:46:56
8.06619	-51.24255	0	35	2021-09-12T18:51:57
8.06589	-51.24196	0	35	2021-09-12T18:56:55
8.06573	-51.24136	0	35	2021-09-12T19:01:55
8.06554	-51.24078	0	35	2021-09-12T19:06:54
8.06537	-51.24011	0	35	2021-09-12T19:12:00
8.06514	-51.23939	0	35	2021-09-12T19:16:59
8.06506	-51.23879	0	35	2021-09-12T19:21:59
8.06502	-51.23819	0	35	2021-09-12T19:27:00
8.06493	-51.23755	0	35	2021-09-12T19:32:01
8.06478	-51.23678	0	35	2021-09-12T19:36:58
8.06474	-51.23627	0	35	2021-09-12T19:41:58
8.06461	-51.23560	0	35	2021-09-12T19:47:00
8.06448	-51.23486	0	35	2021-09-12T19:51:59
8.06439	-51.23412	0	35	2021-09-12T19:56:57
8.06434	-51.23343	0	35	2021-09-12T20:01:58
8.06429	-51.23267	0	35	2021-09-12T20:06:55
8.06424	-51.23193	0	35	2021-09-12T20:11:56
8.06424	-51.23113	0	35	2021-09-12T20:16:54
8.06424	-51.23044	0	35	2021-09-12T20:21:54
8.06429	-51.22968	0	35	2021-09-12T20:26:51
8.06423	-51.22894	0	35	2021-09-12T20:31:52
8.06418	-51.22812	0	35	2021-09-12T20:37:23
8.06414	-51.22745	0	35	2021-09-12T20:41:52
8.06406	-51.22668	0	35	2021-09-12T20:46:51
8.06398	-51.22592	0	35	2021-09-12T20:51:54
8.06387	-51.22516	0	35	2021-09-12T20:56:52
8.06381	-51.22440	0	35	2021-09-12T21:01:50
8.06380	-51.22357	0	35	2021-09-12T21:06:53
8.06380	-51.22280	0	35	2021-09-12T21:11:52
8.06380	-51.22211	0	35	2021-09-12T21:16:52
8.06380	-51.22134	0	35	2021-09-12T21:21:53
8.06380	-51.22055	0	35	2021-09-12T21:26:53
8.06380	-51.21976	0	35	2021-09-12T21:31:51
8.06384	-51.21884	0	35	2021-09-12T21:37:26
8.06387	-51.21814	0	35	2021-09-12T21:41:55
8.06392	-51.21741	0	35	2021-09-12T21:46:53
8.06399	-51.21661	0	35	2021-09-12T21:51:54
8.06401	-51.21582	0	35	2021-09-12T21:56:54
8.06403	-51.21503	0	35	2021-09-12T22:01:52
8.06406	-51.21417	0	35	2021-09-12T22:06:53
8.06412	-51.21329	0	35	2021-09-12T22:11:54
8.06412	-51.21243	0	35	2021-09-12T22:16:54
8.06409	-51.21158	0	35	2021-09-12T22:21:51
8.06406	-51.21069	0	35	2021-09-12T22:26:53
8.06408	-51.20984	0	35	2021-09-12T22:31:54
8.06409	-51.20880	0	35	2021-09-12T22:37:25
8.06413	-51.20798	0	35	2021-09-12T22:41:51
8.06419	-51.20706	0	35	2021-09-12T22:46:52
8.06424	-51.20618	0	35	2021-09-12T22:51:50
8.06434	-51.20529	0	35	2021-09-12T22:56:53
8.06443	-51.20441	0	35	2021-09-12T23:01:55
8.06456	-51.20344	0	35	2021-09-12T23:06:51
8.06465	-51.20258	0	35	2021-09-12T23:11:52
8.06474	-51.20160	0	35	2021-09-12T23:16:53
8.06481	-51.20062	0	35	2021-09-12T23:21:51
8.06492	-51.19958	0	35	2021-09-12T23:26:54
8.06506	-51.19861	0	35	2021-09-12T23:31:56
8.06523	-51.19748	0	35	2021-09-12T23:37:24
8.06539	-51.19656	0	35	2021-09-12T23:41:53
8.06555	-51.19549	0	35	2021-09-12T23:46:55
8.06559	-51.19455	0	35	2021-09-12T23:51:55
8.06561	-51.19351	0	35	2021-09-12T23:56:57
8.06565	-51.19244	0	35	2021-09-13T00:01:56
8.06570	-51.19141	0	35	2021-09-13T00:06:54
8.06575	-51.19034	0	35	2021-09-13T00:11:56
8.06573	-51.18930	0	35	2021-09-13T00:16:55
8.06569	-51.18826	0	35	2021-09-13T00:21:57
8.06565	-51.18723	0	35	2021-09-13T00:26:57
8.06563	-51.18613	0	35	2021-09-13T00:31:55
8.06565	-51.18497	0	35	2021-09-13T00:37:25
8.06568	-51.18396	0	35	2021-09-13T00:41:53
8.06565	-51.18289	0	35	2021-09-13T00:46:49
8.06560	-51.18185	0	35	2021-09-13T00:51:47
8.06551	-51.17969	0	35	2021-09-13T01:01:49
8.06537	-51.17862	0	35	2021-09-13T01:06:48
8.06530	-51.17752	0	35	2021-09-13T01:11:50
8.06522	-51.17638	0	35	2021-09-13T01:16:50
8.06518	-51.17535	0	35	2021-09-13T01:21:50
8.06511	-51.17426	0	35	2021-09-13T01:26:49
8.06503	-51.17307	0	35	2021-09-13T01:31:49
8.06490	-51.17184	0	35	2021-09-13T01:36:50
8.06485	-51.17081	0	35	2021-09-13T01:41:51
8.06479	-51.16968	0	35	2021-09-13T01:46:47
8.06470	-51.16855	0	35	2021-09-13T01:51:52
8.06462	-51.16738	0	35	2021-09-13T01:56:52
8.06450	-51.16626	0	35	2021-09-13T02:01:51
8.06437	-51.16513	0	35	2021-09-13T02:06:51
8.06422	-51.16403	0	35	2021-09-13T02:11:49
8.06404	-51.16290	0	35	2021-09-13T02:16:50
8.06389	-51.16171	0	35	2021-09-13T02:21:47
8.06372	-51.16055	0	35	2021-09-13T02:26:48
8.06358	-51.15945	0	35	2021-09-13T02:31:45
8.06339	-51.15820	0	35	2021-09-13T02:37:08
8.06319	-51.15717	0	35	2021-09-13T02:41:45
8.06293	-51.15597	0	35	2021-09-13T02:46:39
8.06272	-51.15485	0	35	2021-09-13T02:51:40
8.06244	-51.15363	0	35	2021-09-13T02:56:44
8.06209	-51.15253	0	35	2021-09-13T03:01:41
8.06169	-51.15137	0	35	2021-09-13T03:06:39
8.06128	-51.15024	0	35	2021-09-13T03:11:40
8.06084	-51.14905	0	35	2021-09-13T03:16:39
8.06039	-51.14789	0	35	2021-09-13T03:21:37
8.05996	-51.14676	0	35	2021-09-13T03:26:39
8.05951	-51.14560	0	35	2021-09-13T03:31:42
8.05906	-51.14441	0	35	2021-09-13T03:37:10
8.05869	-51.14337	0	35	2021-09-13T03:41:41
8.05824	-51.14230	0	35	2021-09-13T03:46:42
8.05777	-51.14120	0	35	2021-09-13T03:51:41
8.05728	-51.14011	0	35	2021-09-13T03:56:39
8.05680	-51.13898	0	35	2021-09-13T04:01:44
8.05627	-51.13785	0	35	2021-09-13T04:06:41
8.05574	-51.13681	0	35	2021-09-13T04:11:39
8.05516	-51.13568	0	35	2021-09-13T04:16:43
8.05457	-51.13452	0	35	2021-09-13T04:21:44
8.05386	-51.13325	0	35	2021-09-13T04:27:08
8.05322	-51.13222	0	35	2021-09-13T04:32:08
8.05258	-51.13110	0	35	2021-09-13T04:37:08
8.05200	-51.13004	0	35	2021-09-13T04:41:46
8.05137	-51.12897	0	35	2021-09-13T04:46:45
8.05071	-51.12787	0	35	2021-09-13T04:51:48
8.05002	-51.12674	0	35	2021-09-13T04:56:47
8.04927	-51.12570	0	35	2021-09-13T05:01:50
8.04850	-51.12466	0	35	2021-09-13T05:06:48
8.04773	-51.12366	0	35	2021-09-13T05:11:51
8.04700	-51.12265	0	35	2021-09-13T05:16:49
8.04621	-51.12164	0	35	2021-09-13T05:21:53
8.04537	-51.12064	0	35	2021-09-13T05:26:54
8.04453	-51.11969	0	35	2021-09-13T05:31:56
8.04360	-51.11862	0	35	2021-09-13T05:37:24
8.04285	-51.11777	0	35	2021-09-13T05:42:01
8.04200	-51.11682	0	35	2021-09-13T05:47:01
8.04116	-51.11591	0	35	2021-09-13T05:52:03
8.04027	-51.11500	0	35	2021-09-13T05:57:05
8.03938	-51.11414	0	35	2021-09-13T06:02:05
8.03846	-51.11322	0	35	2021-09-13T06:07:05
8.03752	-51.11234	0	35	2021-09-13T06:12:07
8.03656	-51.11151	0	35	2021-09-13T06:17:07
8.03553	-51.11066	0	35	2021-09-13T06:22:09
8.03449	-51.10980	0	35	2021-09-13T06:27:06
8.03339	-51.10901	0	35	2021-09-13T06:32:06
8.03215	-51.10813	0	35	2021-09-13T06:37:03
8.03107	-51.10736	0	35	2021-09-13T06:42:03
8.02989	-51.10663	0	35	2021-09-13T06:47:01
8.02865	-51.10583	0	35	2021-09-13T06:51:58
8.02741	-51.10504	0	35	2021-09-13T06:57:01
8.02621	-51.10428	0	35	2021-09-13T07:01:56
8.02499	-51.10349	0	35	2021-09-13T07:06:57
8.02374	-51.10272	0	35	2021-09-13T07:11:54
8.02242	-51.10188	0	35	2021-09-13T07:16:55
8.02117	-51.10111	0	35	2021-09-13T07:21:55
8.01998	-51.10034	0	35	2021-09-13T07:26:56
8.01881	-51.09961	0	35	2021-09-13T07:31:53
8.01755	-51.09879	0	35	2021-09-13T07:37:24
8.01651	-51.09808	0	35	2021-09-13T07:41:55
8.01537	-51.09729	0	35	2021-09-13T07:46:52
8.01423	-51.09659	0	35	2021-09-13T07:51:53
8.01305	-51.09586	0	35	2021-09-13T07:56:50
8.01192	-51.09512	0	35	2021-09-13T08:01:53
8.01078	-51.09436	0	35	2021-09-13T08:06:55
8.00963	-51.09363	0	35	2021-09-13T08:11:53
8.00855	-51.09296	0	35	2021-09-13T08:16:50
8.00738	-51.09225	0	35	2021-09-13T08:21:53
8.00628	-51.09155	0	35	2021-09-13T08:26:51
8.00519	-51.09085	0	35	2021-09-13T08:31:49
8.00397	-51.09006	0	35	2021-09-13T08:37:24
8.00296	-51.08945	0	35	2021-09-13T08:41:52
8.00183	-51.08871	0	35	2021-09-13T08:46:54
8.00070	-51.08795	0	35	2021-09-13T08:51:55
7.99955	-51.08719	0	35	2021-09-13T08:56:55
7.99840	-51.08649	0	35	2021-09-13T09:01:57
7.99726	-51.08575	0	35	2021-09-13T09:06:57
7.99614	-51.08493	0	35	2021-09-13T09:11:59
7.99500	-51.08414	0	35	2021-09-13T09:16:57
7.99386	-51.08334	0	35	2021-09-13T09:22:01
7.99275	-51.08249	0	35	2021-09-13T09:27:01
7.99164	-51.08170	0	35	2021-09-13T09:32:02
7.99043	-51.08076	0	35	2021-09-13T09:37:03
7.98944	-51.07999	0	35	2021-09-13T09:42:04
7.98833	-51.07919	0	35	2021-09-13T09:47:02
7.98724	-51.07837	0	35	2021-09-13T09:52:05
7.98617	-51.07755	0	35	2021-09-13T09:57:05
7.98508	-51.07669	0	35	2021-09-13T10:02:07
7.98398	-51.07585	0	35	2021-09-13T10:07:07
7.98295	-51.07508	0	35	2021-09-13T10:12:06
7.98196	-51.07431	0	35	2021-09-13T10:17:06
7.98095	-51.07352	0	35	2021-09-13T10:22:07
7.97999	-51.07272	0	35	2021-09-13T10:27:07
7.97906	-51.07187	0	35	2021-09-13T10:32:09
7.97803	-51.07092	0	35	2021-09-13T10:37:25
7.97710	-51.07016	0	35	2021-09-13T10:42:09
7.97613	-51.06934	0	35	2021-09-13T10:47:10
7.97518	-51.06845	0	35	2021-09-13T10:52:12
7.97425	-51.06760	0	35	2021-09-13T10:57:09
7.97318	-51.06680	0	35	2021-09-13T11:02:10
7.97213	-51.06598	0	35	2021-09-13T11:07:10
7.97107	-51.06512	0	35	2021-09-13T11:12:11
7.97001	-51.06430	0	35	2021-09-13T11:17:09
7.96896	-51.06354	0	35	2021-09-13T11:22:10
7.96784	-51.06270	0	35	2021-09-13T11:27:07
7.96681	-51.06201	0	35	2021-09-13T11:32:08
7.96565	-51.06125	0	35	2021-09-13T11:37:28
7.96458	-51.06058	0	35	2021-09-13T11:42:12
7.96345	-51.05977	0	35	2021-09-13T11:47:07
7.96238	-51.05908	0	35	2021-09-13T11:52:07
7.96127	-51.05829	0	35	2021-09-13T11:57:09
7.96012	-51.05739	0	35	2021-09-13T12:02:09
7.95900	-51.05670	0	35	2021-09-13T12:07:10
7.95784	-51.05594	0	35	2021-09-13T12:12:11
7.95664	-51.05518	0	35	2021-09-13T12:17:14
7.95538	-51.05436	0	35	2021-09-13T12:22:12
7.95418	-51.05371	0	35	2021-09-13T12:27:10
7.95290	-51.05298	0	35	2021-09-13T12:32:13
7.95155	-51.05222	0	35	2021-09-13T12:37:35
7.95032	-51.05156	0	35	2021-09-13T12:42:12
7.94903	-51.05087	0	35	2021-09-13T12:47:13
7.94767	-51.05020	0	35	2021-09-13T12:52:14
7.94638	-51.04953	0	35	2021-09-13T12:57:11
7.94508	-51.04885	0	35	2021-09-13T13:02:11
7.94379	-51.04816	0	35	2021-09-13T13:07:12
7.94248	-51.04752	0	35	2021-09-13T13:12:13
7.94112	-51.04684	0	35	2021-09-13T13:17:11
7.93976	-51.04626	0	35	2021-09-13T13:22:14
7.93837	-51.04568	0	35	2021-09-13T13:27:12
7.93700	-51.04510	0	35	2021-09-13T13:32:13
7.93549	-51.04447	0	35	2021-09-13T13:37:12
7.93425	-51.04404	0	35	2021-09-13T13:42:11
7.93292	-51.04361	0	35	2021-09-13T13:47:11
7.93159	-51.04312	0	35	2021-09-13T13:52:13
7.93024	-51.04260	0	35	2021-09-13T13:57:12
7.92888	-51.04214	0	35	2021-09-13T14:02:10
7.92748	-51.04169	0	35	2021-09-13T14:07:11
7.92611	-51.04129	0	35	2021-09-13T14:12:14
7.92473	-51.04092	0	35	2021-09-13T14:17:12
7.92332	-51.04053	0	35	2021-09-13T14:22:13
7.92188	-51.04013	0	35	2021-09-13T14:27:11
7.92047	-51.03970	0	35	2021-09-13T14:32:14
7.91882	-51.03932	0	35	2021-09-13T14:37:11
7.91753	-51.03906	0	35	2021-09-13T14:42:10
7.91603	-51.03873	0	35	2021-09-13T14:47:13
7.91451	-51.03839	0	35	2021-09-13T14:52:15
7.91303	-51.03812	0	35	2021-09-13T14:57:12
7.91153	-51.03775	0	35	2021-09-13T15:02:13
7.91008	-51.03738	0	35	2021-09-13T15:07:13
7.90858	-51.03693	0	35	2021-09-13T15:12:13
7.90716	-51.03667	0	35	2021-09-13T15:17:12
7.90570	-51.03650	0	35	2021-09-13T15:22:12
7.90419	-51.03625	0	35	2021-09-13T15:27:14
7.90267	-51.03594	0	35	2021-09-13T15:32:36
7.90108	-51.03568	0	35	2021-09-13T15:37:35
7.89971	-51.03537	0	35	2021-09-13T15:42:14
7.89820	-51.03500	0	35	2021-09-13T15:47:13
7.89668	-51.03458	0	35	2021-09-13T15:52:14
7.89519	-51.03412	0	35	2021-09-13T15:57:17
7.89364	-51.03372	0	35	2021-09-13T16:02:15
7.89209	-51.03333	0	35	2021-09-13T16:07:16
7.89046	-51.03290	0	35	2021-09-13T16:12:14
7.88883	-51.03247	0	35	2021-09-13T16:17:14
7.88722	-51.03210	0	35	2021-09-13T16:22:15
7.88557	-51.03180	0	35	2021-09-13T16:27:14
7.88390	-51.03162	0	35	2021-09-13T16:32:15
7.88213	-51.03134	0	35	2021-09-13T16:37:39
7.88065	-51.03108	0	35	2021-09-13T16:42:07
7.87906	-51.03082	0	35	2021-09-13T16:47:08
7.87742	-51.03052	0	35	2021-09-13T16:52:05
7.87580	-51.03024	0	35	2021-09-13T16:57:05
7.87418	-51.03000	0	35	2021-09-13T17:02:03
7.87259	-51.02982	0	35	2021-09-13T17:06:59
7.87102	-51.02966	0	35	2021-09-13T17:12:04
7.86943	-51.02947	0	35	2021-09-13T17:17:04
7.86784	-51.02930	0	35	2021-09-13T17:22:03
7.86626	-51.02899	0	35	2021-09-13T17:27:06
7.86470	-51.02878	0	35	2021-09-13T17:32:04
7.86301	-51.02863	0	35	2021-09-13T17:37:28
7.86154	-51.02853	0	35	2021-09-13T17:42:06
7.85990	-51.02835	0	35	2021-09-13T17:47:06
7.85827	-51.02820	0	35	2021-09-13T17:52:04
7.85662	-51.02802	0	35	2021-09-13T17:57:04
7.85497	-51.02789	0	35	2021-09-13T18:02:05
7.85329	-51.02762	0	35	2021-09-13T18:07:06
7.85161	-51.02740	0	35	2021-09-13T18:12:05
7.84994	-51.02719	0	35	2021-09-13T18:17:03
7.84821	-51.02699	0	35	2021-09-13T18:22:04
7.84658	-51.02682	0	35	2021-09-13T18:27:05
7.84494	-51.02655	0	35	2021-09-13T18:32:02
7.84306	-51.02628	0	35	2021-09-13T18:37:25
7.84150	-51.02609	0	35	2021-09-13T18:42:01
7.83980	-51.02585	0	35	2021-09-13T18:47:02
7.83813	-51.02557	0	35	2021-09-13T18:52:02
7.83643	-51.02524	0	35	2021-09-13T18:57:03
7.83476	-51.02493	0	35	2021-09-13T19:02:03
7.83306	-51.02460	0	35	2021-09-13T19:07:03
7.83136	-51.02432	0	35	2021-09-13T19:12:01
7.82967	-51.02402	0	35	2021-09-13T19:17:02
7.82792	-51.02371	0	35	2021-09-13T19:22:00
7.82617	-51.02336	0	35	2021-09-13T19:27:00
7.82441	-51.02310	0	35	2021-09-13T19:32:00
7.82252	-51.02274	0	35	2021-09-13T19:37:25
7.82101	-51.02254	0	35	2021-09-13T19:42:01
7.81934	-51.02228	0	35	2021-09-13T19:47:00
7.81758	-51.02200	0	35	2021-09-13T19:52:00
7.81582	-51.02170	0	35	2021-09-13T19:57:01
7.81407	-51.02142	0	35	2021-09-13T20:01:59
7.81230	-51.02109	0	35	2021-09-13T20:07:00
7.81049	-51.02054	0	35	2021-09-13T20:12:00
7.80864	-51.02011	0	35	2021-09-13T20:17:00
7.80684	-51.01966	0	35	2021-09-13T20:21:57
7.80504	-51.01932	0	35	2021-09-13T20:26:56
7.80323	-51.01885	0	35	2021-09-13T20:32:24
7.80130	-51.01834	0	35	2021-09-13T20:37:24
7.79980	-51.01794	0	35	2021-09-13T20:42:00
7.79809	-51.01746	0	35	2021-09-13T20:47:02
7.79643	-51.01691	0	35	2021-09-13T20:52:00
7.79477	-51.01636	0	35	2021-09-13T20:57:03
7.79309	-51.01581	0	35	2021-09-13T21:02:02
7.79140	-51.01529	0	35	2021-09-13T21:07:06
7.78967	-51.01478	0	35	2021-09-13T21:12:07
7.78800	-51.01435	0	35	2021-09-13T21:17:07
7.78633	-51.01392	0	35	2021-09-13T21:22:07
7.78473	-51.01361	0	35	2021-09-13T21:27:09
7.78313	-51.01318	0	35	2021-09-13T21:32:09
7.78147	-51.01265	0	35	2021-09-13T21:37:11
7.77997	-51.01248	0	35	2021-09-13T21:42:11
7.77842	-51.01218	0	35	2021-09-13T21:47:09
7.77681	-51.01177	0	35	2021-09-13T21:52:12
7.77527	-51.01151	0	35	2021-09-13T21:57:11
7.77375	-51.01123	0	35	2021-09-13T22:02:14
7.77231	-51.01089	0	35	2021-09-13T22:07:16
7.77083	-51.01059	0	35	2021-09-13T22:12:17
7.76937	-51.01033	0	35	2021-09-13T22:17:17
7.76791	-51.01007	0	35	2021-09-13T22:22:17
7.76648	-51.00977	0	35	2021-09-13T22:27:19
7.76503	-51.00952	0	35	2021-09-13T22:32:20
7.76348	-51.00922	0	35	2021-09-13T22:37:56
7.76229	-51.00906	0	35	2021-09-13T22:42:18
7.76095	-51.00882	0	35	2021-09-13T22:47:19
7.75960	-51.00854	0	35	2021-09-13T22:52:20
7.75823	-51.00823	0	35	2021-09-13T22:57:17
7.75690	-51.00797	0	35	2021-09-13T23:02:18
7.75552	-51.00769	0	35	2021-09-13T23:07:19
7.75414	-51.00748	0	35	2021-09-13T23:12:20
7.75282	-51.00729	0	35	2021-09-13T23:17:19
7.75150	-51.00711	0	35	2021-09-13T23:22:20
7.75020	-51.00696	0	35	2021-09-13T23:27:18
7.74885	-51.00674	0	35	2021-09-13T23:32:19
7.74734	-51.00656	0	35	2021-09-13T23:37:54
7.74617	-51.00641	0	35	2021-09-13T23:42:19
7.74485	-51.00623	0	35	2021-09-13T23:47:17
7.74353	-51.00610	0	35	2021-09-13T23:52:15
7.74215	-51.00595	0	35	2021-09-13T23:57:16
7.74077	-51.00586	0	35	2021-09-14T00:02:16
7.73937	-51.00577	0	35	2021-09-14T00:07:14
7.73796	-51.00571	0	35	2021-09-14T00:12:18
7.73652	-51.00562	0	35	2021-09-14T00:17:18
7.73504	-51.00552	0	35	2021-09-14T00:22:20
7.73354	-51.00546	0	35	2021-09-14T00:27:19
7.73201	-51.00546	0	35	2021-09-14T00:32:21
7.73032	-51.00555	0	35	2021-09-14T00:37:53
7.72891	-51.00565	0	35	2021-09-14T00:42:22
7.72732	-51.00574	0	35	2021-09-14T00:47:21
7.72568	-51.00586	0	35	2021-09-14T00:52:20
7.72404	-51.00604	0	35	2021-09-14T00:57:22
7.72234	-51.00624	0	35	2021-09-14T01:02:19
7.72067	-51.00641	0	35	2021-09-14T01:07:20
7.71900	-51.00659	0	35	2021-09-14T01:12:24
7.71732	-51.00677	0	35	2021-09-14T01:17:22
7.71562	-51.00696	0	35	2021-09-14T01:22:22
7.71399	-51.00714	0	35	2021-09-14T01:27:19
7.71235	-51.00732	0	35	2021-09-14T01:32:16
7.71049	-51.00760	0	35	2021-09-14T01:37:53
7.70902	-51.00778	0	35	2021-09-14T01:42:18
7.70737	-51.00803	0	35	2021-09-14T01:47:16
7.70575	-51.00830	0	35	2021-09-14T01:52:16
7.70415	-51.00861	0	35	2021-09-14T01:57:17
7.70251	-51.00897	0	35	2021-09-14T02:02:22
7.70090	-51.00934	0	35	2021-09-14T02:07:21
7.69929	-51.00977	0	35	2021-09-14T02:12:22
7.69773	-51.01019	0	35	2021-09-14T02:17:16
7.69608	-51.01062	0	35	2021-09-14T02:22:20
7.69447	-51.01102	0	35	2021-09-14T02:27:18
7.69285	-51.01144	0	35	2021-09-14T02:32:18
7.69117	-51.01202	0	35	2021-09-14T02:37:39
7.68968	-51.01258	0	35	2021-09-14T02:42:10
7.68814	-51.01318	0	35	2021-09-14T02:47:10
7.68657	-51.01376	0	35	2021-09-14T02:52:11
7.68500	-51.01440	0	35	2021-09-14T02:57:08
7.68339	-51.01495	0	35	2021-09-14T03:02:09
7.68179	-51.01553	0	35	2021-09-14T03:07:08
7.68017	-51.01614	0	35	2021-09-14T03:12:09
7.67849	-51.01680	0	35	2021-09-14T03:17:08
7.67686	-51.01740	0	35	2021-09-14T03:22:08
7.67513	-51.01813	0	35	2021-09-14T03:27:05
7.67338	-51.01895	0	35	2021-09-14T03:32:07
7.67157	-51.01987	0	35	2021-09-14T03:37:27
7.66997	-51.02066	0	35	2021-09-14T03:42:08
7.66830	-51.02148	0	35	2021-09-14T03:47:05
7.66662	-51.02236	0	35	2021-09-14T03:52:10
7.66499	-51.02313	0	35	2021-09-14T03:57:10
7.66336	-51.02399	0	35	2021-09-14T04:02:10
7.66171	-51.02481	0	35	2021-09-14T04:07:08
7.66002	-51.02560	0	35	2021-09-14T04:12:10
7.65830	-51.02637	0	35	2021-09-14T04:17:10
7.65651	-51.02713	0	35	2021-09-14T04:22:13
7.65480	-51.02783	0	35	2021-09-14T04:27:11
7.65307	-51.02866	0	35	2021-09-14T04:32:11
7.65127	-51.02966	0	35	2021-09-14T04:37:26
7.64958	-51.03058	0	35	2021-09-14T04:42:09
7.64777	-51.03146	0	35	2021-09-14T04:47:07
7.64597	-51.03235	0	35	2021-09-14T04:52:08
7.64421	-51.03311	0	35	2021-09-14T04:57:05
7.64241	-51.03384	0	35	2021-09-14T05:02:06
7.64060	-51.03461	0	35	2021-09-14T05:07:03
7.63874	-51.03540	0	35	2021-09-14T05:12:04
7.63689	-51.03613	0	35	2021-09-14T05:17:02
7.63507	-51.03683	0	35	2021-09-14T05:22:01
7.63327	-51.03754	0	35	2021-09-14T05:27:01
7.63148	-51.03832	0	35	2021-09-14T05:32:26
7.62963	-51.03918	0	35	2021-09-14T05:37:26
7.62806	-51.03992	0	35	2021-09-14T05:42:04
7.62804	-51.03999	0	35	2021-09-14T05:42:05
7.62636	-51.04075	0	35	2021-09-14T05:47:03
7.62637	-51.04068	0	35	2021-09-14T05:47:05
7.62469	-51.04144	0	35	2021-09-14T05:52:03
7.62298	-51.04224	0	35	2021-09-14T05:57:05
7.62116	-51.04318	0	35	2021-09-14T06:02:09
7.61938	-51.04419	0	35	2021-09-14T06:07:08
7.61769	-51.04510	0	35	2021-09-14T06:12:07
7.61607	-51.04584	0	35	2021-09-14T06:17:07
7.61448	-51.04660	0	35	2021-09-14T06:22:08
7.61294	-51.04739	0	35	2021-09-14T06:27:08
7.61132	-51.04822	0	35	2021-09-14T06:32:10
7.60948	-51.04910	0	35	2021-09-14T06:37:37
7.60789	-51.04998	0	35	2021-09-14T06:42:14
7.60630	-51.05075	0	35	2021-09-14T06:47:13
7.60476	-51.05161	0	35	2021-09-14T06:52:14
7.60326	-51.05252	0	35	2021-09-14T06:57:17
7.60181	-51.05347	0	35	2021-09-14T07:02:15
7.60032	-51.05447	0	35	2021-09-14T07:07:12
7.59878	-51.05554	0	35	2021-09-14T07:12:14
7.59724	-51.05661	0	35	2021-09-14T07:17:13
7.59572	-51.05756	0	35	2021-09-14T07:22:15
7.59426	-51.05835	0	35	2021-09-14T07:27:16
7.59275	-51.05920	0	35	2021-09-14T07:32:15
7.59113	-51.06036	0	35	2021-09-14T07:37:53
7.58986	-51.06134	0	35	2021-09-14T07:42:17
7.58843	-51.06241	0	35	2021-09-14T07:47:19
7.58701	-51.06335	0	35	2021-09-14T07:52:19
7.58559	-51.06427	0	35	2021-09-14T07:57:21
7.58417	-51.06522	0	35	2021-09-14T08:02:22
7.58273	-51.06613	0	35	2021-09-14T08:07:21
7.58129	-51.06702	0	35	2021-09-14T08:12:27
7.57985	-51.06790	0	35	2021-09-14T08:17:25
7.57838	-51.06885	0	35	2021-09-14T08:22:25
7.57691	-51.06979	0	35	2021-09-14T08:27:28
7.57547	-51.07077	0	35	2021-09-14T08:32:27
7.57399	-51.07190	0	35	2021-09-14T08:37:57
7.57266	-51.07278	0	35	2021-09-14T08:42:31
7.57116	-51.07379	0	35	2021-09-14T08:47:29
7.56959	-51.07483	0	35	2021-09-14T08:52:27
7.56804	-51.07584	0	35	2021-09-14T08:57:30
7.56657	-51.07681	0	35	2021-09-14T09:02:28
7.56518	-51.07773	0	35	2021-09-14T09:07:29
7.56380	-51.07872	0	35	2021-09-14T09:12:26
7.56247	-51.07966	0	35	2021-09-14T09:17:26
7.56110	-51.08060	0	35	2021-09-14T09:22:26
7.55972	-51.08154	0	35	2021-09-14T09:27:27
7.55833	-51.08246	0	35	2021-09-14T09:32:26
7.55678	-51.08346	0	35	2021-09-14T09:37:22
7.55549	-51.08432	0	35	2021-09-14T09:42:23
7.55412	-51.08530	0	35	2021-09-14T09:47:24
7.55270	-51.08621	0	35	2021-09-14T09:52:22
7.55134	-51.08716	0	35	2021-09-14T09:57:25
7.55002	-51.08817	0	35	2021-09-14T10:02:23
7.54867	-51.08920	0	35	2021-09-14T10:07:24
7.54729	-51.09023	0	35	2021-09-14T10:12:21
7.54600	-51.09126	0	35	2021-09-14T10:17:22
7.54471	-51.09238	0	35	2021-09-14T10:22:22
7.54343	-51.09348	0	35	2021-09-14T10:27:23
7.54226	-51.09454	0	35	2021-09-14T10:32:20
7.54100	-51.09577	0	35	2021-09-14T10:37:20
7.54010	-51.09680	0	35	2021-09-14T10:42:19
7.53908	-51.09802	0	35	2021-09-14T10:47:20
7.53807	-51.09918	0	35	2021-09-14T10:52:20
7.53701	-51.10019	0	35	2021-09-14T10:57:17
7.53589	-51.10120	0	35	2021-09-14T11:02:18
7.53479	-51.10226	0	35	2021-09-14T11:07:21
7.53365	-51.10349	0	35	2021-09-14T11:12:19
7.53249	-51.10483	0	35	2021-09-14T11:17:20
7.53132	-51.10617	0	35	2021-09-14T11:22:18
7.53012	-51.10754	0	35	2021-09-14T11:27:18
7.52896	-51.10886	0	35	2021-09-14T11:32:19
7.52769	-51.11029	0	35	2021-09-14T11:37:54
7.52671	-51.11145	0	35	2021-09-14T11:42:20
7.52568	-51.11273	0	35	2021-09-14T11:47:18
7.52465	-51.11401	0	35	2021-09-14T11:52:21
7.52361	-51.11533	0	35	2021-09-14T11:57:20
7.52250	-51.11664	0	35	2021-09-14T12:02:19
7.52143	-51.11801	0	35	2021-09-14T12:07:20
7.52039	-51.11945	0	35	2021-09-14T12:12:18
7.51936	-51.12094	0	35	2021-09-14T12:17:23
7.51841	-51.12241	0	35	2021-09-14T12:22:17
7.51738	-51.12397	0	35	2021-09-14T12:27:20
7.51644	-51.12534	0	35	2021-09-14T12:32:20
7.51535	-51.12692	0	35	2021-09-14T12:37:56
7.51446	-51.12808	0	35	2021-09-14T12:42:19
7.51344	-51.12948	0	35	2021-09-14T12:47:17
7.51241	-51.13077	0	35	2021-09-14T12:52:17
7.51134	-51.13208	0	35	2021-09-14T12:57:15
7.51027	-51.13356	0	35	2021-09-14T13:02:15
7.50928	-51.13510	0	35	2021-09-14T13:07:15
7.50831	-51.13680	0	35	2021-09-14T13:12:17
7.50737	-51.13834	0	35	2021-09-14T13:17:17
7.50642	-51.13989	0	35	2021-09-14T13:22:15
7.50548	-51.14142	0	35	2021-09-14T13:27:16
7.50449	-51.14288	0	35	2021-09-14T13:32:16
7.50334	-51.14450	0	35	2021-09-14T13:37:53
7.50249	-51.14572	0	35	2021-09-14T13:42:17
7.50152	-51.14709	0	35	2021-09-14T13:47:15
7.50052	-51.14853	0	35	2021-09-14T13:52:16
7.49949	-51.15002	0	35	2021-09-14T13:57:14
7.49848	-51.15155	0	35	2021-09-14T14:02:15
7.49747	-51.15311	0	35	2021-09-14T14:07:15
7.49652	-51.15460	0	35	2021-09-14T14:12:12
7.49557	-51.15610	0	35	2021-09-14T14:17:13
7.49465	-51.15759	0	35	2021-09-14T14:22:12
7.49376	-51.15918	0	35	2021-09-14T14:27:14
7.49295	-51.16077	0	35	2021-09-14T14:32:14
7.49206	-51.16241	0	35	2021-09-14T14:37:39
7.49128	-51.16388	0	35	2021-09-14T14:42:14
7.49050	-51.16537	0	35	2021-09-14T14:47:14
7.48975	-51.16690	0	35	2021-09-14T14:52:14
7.48896	-51.16849	0	35	2021-09-14T14:57:15
7.48819	-51.16986	0	35	2021-09-14T15:02:15
7.48732	-51.17120	0	35	2021-09-14T15:07:14
7.48647	-51.17249	0	35	2021-09-14T15:12:15
7.48562	-51.17386	0	35	2021-09-14T15:17:14
7.48473	-51.17536	0	35	2021-09-14T15:22:12
7.48396	-51.17682	0	35	2021-09-14T15:27:12
7.48314	-51.17828	0	35	2021-09-14T15:32:15
7.48217	-51.17987	0	35	2021-09-14T15:37:54
7.48142	-51.18106	0	35	2021-09-14T15:42:14
7.48056	-51.18253	0	35	2021-09-14T15:47:15
7.47979	-51.18405	0	35	2021-09-14T15:52:14
7.47902	-51.18560	0	35	2021-09-14T15:57:07
7.47842	-51.18714	0	35	2021-09-14T16:02:08
7.47795	-51.18860	0	35	2021-09-14T16:07:08
7.47743	-51.19012	0	35	2021-09-14T16:12:06
7.47693	-51.19165	0	35	2021-09-14T16:17:07
7.47638	-51.19321	0	35	2021-09-14T16:22:07
7.47583	-51.19473	0	35	2021-09-14T16:27:08
7.47537	-51.19611	0	35	2021-09-14T16:32:08
7.47489	-51.19772	0	35	2021-09-14T16:37:25
7.47440	-51.19922	0	35	2021-09-14T16:42:10
7.47394	-51.20087	0	35	2021-09-14T16:47:11
7.47346	-51.20245	0	35	2021-09-14T16:52:07
7.47301	-51.20416	0	35	2021-09-14T16:57:10
7.47255	-51.20578	0	35	2021-09-14T17:02:09
7.47204	-51.20746	0	35	2021-09-14T17:07:10
7.47155	-51.20905	0	35	2021-09-14T17:12:08
7.47105	-51.21075	0	35	2021-09-14T17:17:09
7.47050	-51.21240	0	35	2021-09-14T17:22:06
7.46997	-51.21410	0	35	2021-09-14T17:27:02
7.46946	-51.21582	0	35	2021-09-14T17:32:02
7.46894	-51.21777	0	35	2021-09-14T17:37:35
7.46858	-51.21936	0	35	2021-09-14T17:42:05
7.46814	-51.22109	0	35	2021-09-14T17:47:02
7.46767	-51.22281	0	35	2021-09-14T17:52:03
7.46724	-51.22455	0	35	2021-09-14T17:57:05
7.46680	-51.22638	0	35	2021-09-14T18:02:05
7.46640	-51.22827	0	35	2021-09-14T18:07:06
7.46601	-51.23016	0	35	2021-09-14T18:12:07
7.46557	-51.23212	0	35	2021-09-14T18:17:08
7.46512	-51.23392	0	35	2021-09-14T18:22:05
7.46460	-51.23578	0	35	2021-09-14T18:27:06
7.46405	-51.23761	0	35	2021-09-14T18:32:07
7.46350	-51.23956	0	35	2021-09-14T18:37:26
7.46304	-51.24136	0	35	2021-09-14T18:42:05
7.46253	-51.24323	0	35	2021-09-14T18:47:08
7.46191	-51.24515	0	35	2021-09-14T18:52:02
7.46135	-51.24695	0	35	2021-09-14T18:57:03
7.46080	-51.24878	0	35	2021-09-14T19:02:04
7.46023	-51.25050	0	35	2021-09-14T19:07:04
7.45967	-51.25204	0	35	2021-09-14T19:12:05
7.45918	-51.25378	0	35	2021-09-14T19:17:03
7.45870	-51.25568	0	35	2021-09-14T19:22:04
7.45815	-51.25760	0	35	2021-09-14T19:27:26
7.45772	-51.25940	0	35	2021-09-14T19:32:25
7.45729	-51.26129	0	35	2021-09-14T19:37:25
7.45684	-51.26288	0	35	2021-09-14T19:42:03
7.45642	-51.26465	0	35	2021-09-14T19:47:04
7.45606	-51.26642	0	35	2021-09-14T19:52:04
7.45569	-51.26816	0	35	2021-09-14T19:57:00
7.45530	-51.26993	0	35	2021-09-14T20:02:01
7.45491	-51.27161	0	35	2021-09-14T20:06:59
7.45450	-51.27332	0	35	2021-09-14T20:11:59
7.45414	-51.27502	0	35	2021-09-14T20:16:57
7.45380	-51.27675	0	35	2021-09-14T20:21:55
7.45350	-51.27847	0	35	2021-09-14T20:26:55
7.45314	-51.28021	0	35	2021-09-14T20:31:57
7.45273	-51.28215	0	35	2021-09-14T20:36:57
7.45243	-51.28369	0	35	2021-09-14T20:41:57
7.45206	-51.28543	0	35	2021-09-14T20:46:55
7.45166	-51.28720	0	35	2021-09-14T20:51:58
7.45131	-51.28907	0	35	2021-09-14T20:56:56
7.45101	-51.29079	0	35	2021-09-14T21:01:57
7.45067	-51.29251	0	35	2021-09-14T21:06:57
7.45034	-51.29425	0	35	2021-09-14T21:11:55
7.45009	-51.29605	0	35	2021-09-14T21:16:53
7.44982	-51.29782	0	35	2021-09-14T21:21:53
7.44949	-51.29959	0	35	2021-09-14T21:26:50
7.44915	-51.30133	0	35	2021-09-14T21:31:51
7.44878	-51.30322	0	35	2021-09-14T21:37:26
7.44852	-51.30474	0	35	2021-09-14T21:41:48
7.44831	-51.30637	0	35	2021-09-14T21:46:48
7.44809	-51.30807	0	35	2021-09-14T21:51:45
7.44776	-51.30976	0	35	2021-09-14T21:56:43
7.44750	-51.31148	0	35	2021-09-14T22:01:44
7.44729	-51.31320	0	35	2021-09-14T22:06:44
7.44702	-51.31494	0	35	2021-09-14T22:11:46
7.44676	-51.31668	0	35	2021-09-14T22:16:44
7.44650	-51.31839	0	35	2021-09-14T22:21:43
7.44625	-51.32010	0	35	2021-09-14T22:26:44
7.44604	-51.32184	0	35	2021-09-14T22:31:45
7.44581	-51.32364	0	35	2021-09-14T22:37:08
7.44558	-51.32516	0	35	2021-09-14T22:41:46
7.44531	-51.32687	0	35	2021-09-14T22:46:47
7.44509	-51.32864	0	35	2021-09-14T22:51:45
7.44493	-51.33041	0	35	2021-09-14T22:56:43
7.44473	-51.33218	0	35	2021-09-14T23:01:44
7.44448	-51.33389	0	35	2021-09-14T23:06:46
7.44421	-51.33560	0	35	2021-09-14T23:11:44
7.44371	-51.33906	0	35	2021-09-14T23:21:39
7.44358	-51.34078	0	35	2021-09-14T23:26:40
7.44345	-51.34250	0	35	2021-09-14T23:31:40
7.44329	-51.34436	0	35	2021-09-14T23:36:54
7.44313	-51.34601	0	35	2021-09-14T23:41:35
7.44296	-51.34787	0	35	2021-09-14T23:46:38
7.44276	-51.34979	0	35	2021-09-14T23:51:36
7.44259	-51.35159	0	35	2021-09-14T23:56:37
7.44242	-51.35342	0	35	2021-09-15T00:01:34
7.44221	-51.35519	0	35	2021-09-15T00:06:34
7.44198	-51.35693	0	35	2021-09-15T00:11:38
7.44183	-51.35867	0	35	2021-09-15T00:16:34
7.44174	-51.36038	0	35	2021-09-15T00:21:33
7.44165	-51.36203	0	35	2021-09-15T00:26:33
7.44159	-51.36373	0	35	2021-09-15T00:31:55
7.44159	-51.36545	0	35	2021-09-15T00:36:55
7.44151	-51.36694	0	35	2021-09-15T00:41:29
7.44141	-51.36862	0	35	2021-09-15T00:46:30
7.44139	-51.37036	0	35	2021-09-15T00:51:32
7.44137	-51.37204	0	35	2021-09-15T00:56:32
7.44137	-51.37378	0	35	2021-09-15T01:01:32
7.44135	-51.37552	0	35	2021-09-15T01:06:34
7.44135	-51.37723	0	35	2021-09-15T01:11:34
7.44138	-51.37894	0	35	2021-09-15T01:16:35
7.44145	-51.38065	0	35	2021-09-15T01:21:36
7.44153	-51.38235	0	35	2021-09-15T01:26:34
7.44166	-51.38409	0	35	2021-09-15T01:31:56
7.44179	-51.38589	0	35	2021-09-15T01:36:55
7.44193	-51.38757	0	35	2021-09-15T01:41:36
7.44199	-51.38937	0	35	2021-09-15T01:46:34
7.44200	-51.39117	0	35	2021-09-15T01:51:36
7.44205	-51.39301	0	35	2021-09-15T01:56:38
7.44208	-51.39478	0	35	2021-09-15T02:01:35
7.44209	-51.39651	0	35	2021-09-15T02:06:33
7.44210	-51.39825	0	35	2021-09-15T02:11:33
7.44215	-51.39999	0	35	2021-09-15T02:16:34
7.44231	-51.40169	0	35	2021-09-15T02:21:32
7.44248	-51.40332	0	35	2021-09-15T02:26:32
7.44274	-51.40497	0	35	2021-09-15T02:31:34
7.44316	-51.40674	0	35	2021-09-15T02:37:07
7.44345	-51.40830	0	35	2021-09-15T02:41:34
7.44363	-51.40991	0	35	2021-09-15T02:46:35
7.44383	-51.41165	0	35	2021-09-15T02:51:35
7.44400	-51.41339	0	35	2021-09-15T02:56:32
7.44413	-51.41519	0	35	2021-09-15T03:01:31
7.44427	-51.41699	0	35	2021-09-15T03:06:32
7.44434	-51.41876	0	35	2021-09-15T03:11:29
7.44447	-51.42053	0	35	2021-09-15T03:16:28
7.44455	-51.42230	0	35	2021-09-15T03:21:29
7.44467	-51.42410	0	35	2021-09-15T03:26:26
7.44483	-51.42593	0	35	2021-09-15T03:31:26
7.44503	-51.42783	0	35	2021-09-15T03:36:56
7.44523	-51.42947	0	35	2021-09-15T03:41:22
7.44542	-51.43127	0	35	2021-09-15T03:46:22
7.44553	-51.43317	0	35	2021-09-15T03:51:23
7.44569	-51.43512	0	35	2021-09-15T03:56:20
7.44578	-51.43701	0	35	2021-09-15T04:01:21
7.44582	-51.43890	0	35	2021-09-15T04:06:21
7.44588	-51.44086	0	35	2021-09-15T04:11:23
7.44591	-51.44281	0	35	2021-09-15T04:16:20
7.44595	-51.44473	0	35	2021-09-15T04:21:23
7.44604	-51.44666	0	35	2021-09-15T04:26:21
7.44615	-51.44855	0	35	2021-09-15T04:31:22
7.44636	-51.45059	0	35	2021-09-15T04:36:55
7.44658	-51.45218	0	35	2021-09-15T04:41:20
7.44689	-51.45398	0	35	2021-09-15T04:46:17
7.44714	-51.45575	0	35	2021-09-15T04:51:18
7.44738	-51.45752	0	35	2021-09-15T04:56:15
7.44752	-51.45929	0	35	2021-09-15T05:01:16
7.44765	-51.46106	0	35	2021-09-15T05:06:14
7.44776	-51.46286	0	35	2021-09-15T05:11:15
7.44794	-51.46469	0	35	2021-09-15T05:16:15
7.44808	-51.46649	0	35	2021-09-15T05:21:14
7.44827	-51.46838	0	35	2021-09-15T05:26:16
7.44847	-51.47018	0	35	2021-09-15T05:31:17
7.44873	-51.47217	0	35	2021-09-15T05:36:54
7.44896	-51.47369	0	35	2021-09-15T05:41:14
7.44926	-51.47546	0	35	2021-09-15T05:46:15
7.44952	-51.47720	0	35	2021-09-15T05:51:13
7.44978	-51.47900	0	35	2021-09-15T05:56:14
7.45004	-51.48083	0	35	2021-09-15T06:01:14
7.45022	-51.48264	0	35	2021-09-15T06:06:12
7.45034	-51.48450	0	35	2021-09-15T06:11:12
7.45043	-51.48630	0	35	2021-09-15T06:16:12
7.45052	-51.48810	0	35	2021-09-15T06:21:10
7.45060	-51.48999	0	35	2021-09-15T06:26:11
7.45066	-51.49185	0	35	2021-09-15T06:31:09
7.45075	-51.49387	0	35	2021-09-15T06:36:39
7.45083	-51.49557	0	35	2021-09-15T06:41:13
7.45094	-51.49756	0	35	2021-09-15T06:46:11
7.45111	-51.49936	0	35	2021-09-15T06:51:11
7.45128	-51.50116	0	35	2021-09-15T06:56:11
7.45144	-51.50296	0	35	2021-09-15T07:01:12
7.45161	-51.50473	0	35	2021-09-15T07:06:10
7.45181	-51.50647	0	35	2021-09-15T07:11:08
7.45205	-51.50837	0	35	2021-09-15T07:16:11
7.45216	-51.51007	0	35	2021-09-15T07:21:12
7.45235	-51.51181	0	35	2021-09-15T07:26:10
7.45245	-51.51358	0	35	2021-09-15T07:31:13
7.45263	-51.51553	0	35	2021-09-15T07:36:38
7.45275	-51.51721	0	35	2021-09-15T07:41:13
7.45288	-51.51904	0	35	2021-09-15T07:46:12
7.45301	-51.52084	0	35	2021-09-15T07:51:13
7.45316	-51.52274	0	35	2021-09-15T07:56:11
7.45335	-51.52460	0	35	2021-09-15T08:01:12
7.45354	-51.52643	0	35	2021-09-15T08:06:14
7.45371	-51.52823	0	35	2021-09-15T08:11:13
7.45387	-51.53003	0	35	2021-09-15T08:16:11
7.45403	-51.53189	0	35	2021-09-15T08:21:12
7.45425	-51.53375	0	35	2021-09-15T08:26:13
7.45438	-51.53555	0	35	2021-09-15T08:31:13
7.45451	-51.53760	0	35	2021-09-15T08:36:37
7.45461	-51.53934	0	35	2021-09-15T08:41:14
7.45470	-51.54123	0	35	2021-09-15T08:46:13
7.45480	-51.54318	0	35	2021-09-15T08:51:12
7.45490	-51.54514	0	35	2021-09-15T08:56:14
7.45499	-51.54706	0	35	2021-09-15T09:01:17
7.45495	-51.54898	0	35	2021-09-15T09:06:14
7.45499	-51.55084	0	35	2021-09-15T09:11:16
7.45499	-51.55270	0	35	2021-09-15T09:16:16
7.45502	-51.55457	0	35	2021-09-15T09:21:18
7.45510	-51.55646	0	35	2021-09-15T09:26:19
7.45517	-51.55835	0	35	2021-09-15T09:31:20
7.45526	-51.56042	0	35	2021-09-15T09:36:55
7.45534	-51.56214	0	35	2021-09-15T09:41:17
7.45547	-51.56403	0	35	2021-09-15T09:46:17
7.45561	-51.56598	0	35	2021-09-15T09:51:16
7.45572	-51.56790	0	35	2021-09-15T09:56:17
7.45585	-51.56989	0	35	2021-09-15T10:01:13
7.45598	-51.57178	0	35	2021-09-15T10:06:14
7.45614	-51.57373	0	35	2021-09-15T10:11:14
7.45624	-51.57571	0	35	2021-09-15T10:16:12
7.45639	-51.57767	0	35	2021-09-15T10:21:09
7.45648	-51.57956	0	35	2021-09-15T10:26:10
7.45663	-51.58148	0	35	2021-09-15T10:31:11
7.45681	-51.58359	0	35	2021-09-15T10:36:38
7.45698	-51.58533	0	35	2021-09-15T10:41:13
7.45718	-51.58734	0	35	2021-09-15T10:46:12
7.45739	-51.58929	0	35	2021-09-15T10:51:10
7.45759	-51.59134	0	35	2021-09-15T10:56:12
7.45780	-51.59341	0	35	2021-09-15T11:01:13
7.45799	-51.59549	0	35	2021-09-15T11:06:12
7.45819	-51.59760	0	35	2021-09-15T11:11:10
7.45839	-51.59973	0	35	2021-09-15T11:16:10
7.45859	-51.60187	0	35	2021-09-15T11:21:08
7.45876	-51.60400	0	35	2021-09-15T11:26:09
7.45894	-51.60614	0	35	2021-09-15T11:31:26
7.45911	-51.60846	0	35	2021-09-15T11:36:26
7.45928	-51.61053	0	35	2021-09-15T11:41:10
7.45948	-51.61267	0	35	2021-09-15T11:46:08
7.45977	-51.61493	0	35	2021-09-15T11:51:10
7.45998	-51.61699	0	35	2021-09-15T11:56:10
7.46019	-51.61905	0	35	2021-09-15T12:01:11
7.46046	-51.62115	0	35	2021-09-15T12:06:08
7.46067	-51.62320	0	35	2021-09-15T12:11:13
7.46099	-51.62527	0	35	2021-09-15T12:16:09
7.46135	-51.62732	0	35	2021-09-15T12:21:10
7.46171	-51.62943	0	35	2021-09-15T12:26:10
7.46208	-51.63147	0	35	2021-09-15T12:31:08
7.46269	-51.63388	0	35	2021-09-15T12:36:37
7.46302	-51.63586	0	35	2021-09-15T12:41:11
7.46340	-51.63803	0	35	2021-09-15T12:46:10
7.46375	-51.64021	0	35	2021-09-15T12:51:08
7.46409	-51.64236	0	35	2021-09-15T12:56:09
7.46443	-51.64453	0	35	2021-09-15T13:01:06
7.46480	-51.64682	0	35	2021-09-15T13:06:07
7.46510	-51.64897	0	35	2021-09-15T13:11:07
7.46540	-51.65112	0	35	2021-09-15T13:16:08
7.46569	-51.65335	0	35	2021-09-15T13:21:09
7.46598	-51.65558	0	35	2021-09-15T13:26:06
7.46630	-51.65784	0	35	2021-09-15T13:31:04
7.46671	-51.66022	0	35	2021-09-15T13:36:27
7.46691	-51.66238	0	35	2021-09-15T13:41:08
7.46718	-51.66470	0	35	2021-09-15T13:46:06
7.46744	-51.66702	0	35	2021-09-15T13:51:07
7.46768	-51.66931	0	35	2021-09-15T13:56:04
7.46790	-51.67163	0	35	2021-09-15T14:01:07
7.46829	-51.67392	0	35	2021-09-15T14:06:06
7.46850	-51.67624	0	35	2021-09-15T14:11:06
7.46875	-51.67859	0	35	2021-09-15T14:16:02
7.46903	-51.68094	0	35	2021-09-15T14:21:04
7.46936	-51.68326	0	35	2021-09-15T14:26:02
7.46973	-51.68561	0	35	2021-09-15T14:31:02
7.47015	-51.68808	0	35	2021-09-15T14:36:23
7.47038	-51.69024	0	35	2021-09-15T14:41:00
7.47077	-51.69247	0	35	2021-09-15T14:46:01
7.47111	-51.69470	0	35	2021-09-15T14:51:01
7.47150	-51.69699	0	35	2021-09-15T14:55:59
7.47193	-51.69928	0	35	2021-09-15T15:00:59
7.47243	-51.70169	0	35	2021-09-15T15:06:04
7.47286	-51.70401	0	35	2021-09-15T15:11:04
7.47331	-51.70639	0	35	2021-09-15T15:16:02
7.47380	-51.70883	0	35	2021-09-15T15:21:03
7.47431	-51.71115	0	35	2021-09-15T15:26:03
7.47482	-51.71347	0	35	2021-09-15T15:31:04
7.47538	-51.71600	0	35	2021-09-15T15:36:27
7.47582	-51.71829	0	35	2021-09-15T15:41:05
7.47629	-51.72070	0	35	2021-09-15T15:46:03
7.47685	-51.72311	0	35	2021-09-15T15:51:04
7.47737	-51.72556	0	35	2021-09-15T15:56:01
7.47808	-51.72810	0	35	2021-09-15T16:01:04
7.47859	-51.73059	0	35	2021-09-15T16:06:03
7.47917	-51.73306	0	35	2021-09-15T16:11:03
7.47974	-51.73557	0	35	2021-09-15T16:15:59
7.48028	-51.73813	0	35	2021-09-15T16:21:01
7.48080	-51.74072	0	35	2021-09-15T16:25:58
7.48129	-51.74332	0	35	2021-09-15T16:30:59
7.48195	-51.74619	0	35	2021-09-15T16:36:30
7.48244	-51.74854	0	35	2021-09-15T16:40:57
7.48306	-51.75113	0	35	2021-09-15T16:45:55
7.48380	-51.75372	0	35	2021-09-15T16:50:56
7.48448	-51.75632	0	35	2021-09-15T16:55:55
7.48519	-51.75891	0	35	2021-09-15T17:00:53
7.48597	-51.76144	0	35	2021-09-15T17:05:54
7.48674	-51.76409	0	35	2021-09-15T17:10:55
7.48749	-51.76654	0	35	2021-09-15T17:15:55
7.48837	-51.76907	0	35	2021-09-15T17:20:56
7.48914	-51.77158	0	35	2021-09-15T17:25:53
7.48993	-51.77411	0	35	2021-09-15T17:30:55
7.49085	-51.77686	0	35	2021-09-15T17:36:27
7.49157	-51.77908	0	35	2021-09-15T17:41:00
7.49235	-51.78156	0	35	2021-09-15T17:45:59
7.49315	-51.78401	0	35	2021-09-15T17:50:58
7.49392	-51.78650	0	35	2021-09-15T17:55:59
7.49473	-51.78894	0	35	2021-09-15T18:00:58
7.49550	-51.79132	0	35	2021-09-15T18:05:59
7.49637	-51.79373	0	35	2021-09-15T18:10:57
7.49722	-51.79617	0	35	2021-09-15T18:15:58
7.49808	-51.79855	0	35	2021-09-15T18:20:56
7.49895	-51.80093	0	35	2021-09-15T18:25:58
7.49980	-51.80331	0	35	2021-09-15T18:30:57
7.50079	-51.80600	0	35	2021-09-15T18:36:25
7.50160	-51.80823	0	35	2021-09-15T18:40:58
7.50254	-51.81067	0	35	2021-09-15T18:46:00
7.50353	-51.81325	0	35	2021-09-15T18:51:00
7.50447	-51.81565	0	35	2021-09-15T18:56:01
7.50541	-51.81805	0	35	2021-09-15T19:01:01
7.50629	-51.82043	0	35	2021-09-15T19:06:03
7.50719	-51.82291	0	35	2021-09-15T19:11:02
7.50813	-51.82538	0	35	2021-09-15T19:16:03
7.50903	-51.82776	0	35	2021-09-15T19:21:01
7.50994	-51.83014	0	35	2021-09-15T19:26:01
7.51079	-51.83258	0	35	2021-09-15T19:31:03
7.51169	-51.83521	0	35	2021-09-15T19:36:27
7.51251	-51.83749	0	35	2021-09-15T19:41:02
7.51340	-51.83994	0	35	2021-09-15T19:46:04
7.51424	-51.84232	0	35	2021-09-15T19:51:05
7.51509	-51.84473	0	35	2021-09-15T19:56:03
7.51598	-51.84715	0	35	2021-09-15T20:01:04
7.51680	-51.84955	0	35	2021-09-15T20:06:04
7.51764	-51.85202	0	35	2021-09-15T20:11:02
7.51849	-51.85443	0	35	2021-09-15T20:16:03
7.51939	-51.85684	0	35	2021-09-15T20:21:00
7.52022	-51.85913	0	35	2021-09-15T20:25:58
7.52102	-51.86148	0	35	2021-09-15T20:30:59
7.52197	-51.86389	0	35	2021-09-15T20:36:25
7.52272	-51.86610	0	35	2021-09-15T20:40:59
7.52355	-51.86823	0	35	2021-09-15T20:45:57
7.52444	-51.87048	0	35	2021-09-15T20:50:58
7.52534	-51.87271	0	35	2021-09-15T20:55:59
7.52623	-51.87494	0	35	2021-09-15T21:00:58
7.52715	-51.87709	0	35	2021-09-15T21:05:56
7.52801	-51.87924	0	35	2021-09-15T21:10:57
7.52892	-51.88135	0	35	2021-09-15T21:15:58
7.52984	-51.88348	0	35	2021-09-15T21:20:59
7.53073	-51.88565	0	35	2021-09-15T21:25:58
7.53164	-51.88788	0	35	2021-09-15T21:31:00
7.53265	-51.89020	0	35	2021-09-15T21:36:25
7.53357	-51.89240	0	35	2021-09-15T21:40:59
7.53451	-51.89455	0	35	2021-09-15T21:45:59
7.53541	-51.89670	0	35	2021-09-15T21:50:59
7.53634	-51.89883	0	35	2021-09-15T21:55:57
7.53729	-51.90103	0	35	2021-09-15T22:00:59
7.53828	-51.90323	0	35	2021-09-15T22:06:03
7.53921	-51.90536	0	35	2021-09-15T22:11:00
7.54015	-51.90747	0	35	2021-09-15T22:15:59
7.54109	-51.90961	0	35	2021-09-15T22:21:00
7.54202	-51.91168	0	35	2021-09-15T22:25:58
7.54295	-51.91376	0	35	2021-09-15T22:30:55
7.54402	-51.91605	0	35	2021-09-15T22:36:27
7.54495	-51.91794	0	35	2021-09-15T22:40:57
7.54598	-51.92004	0	35	2021-09-15T22:45:58
7.54701	-51.92212	0	35	2021-09-15T22:50:55
7.54808	-51.92413	0	35	2021-09-15T22:55:55
7.54914	-51.92621	0	35	2021-09-15T23:00:53
7.55020	-51.92828	0	35	2021-09-15T23:05:54
7.55121	-51.93033	0	35	2021-09-15T23:10:55
7.55224	-51.93228	0	35	2021-09-15T23:15:54
7.55332	-51.93427	0	35	2021-09-15T23:20:53
7.55440	-51.93625	0	35	2021-09-15T23:25:53
7.55554	-51.93826	0	35	2021-09-15T23:30:53
7.55680	-51.94052	0	35	2021-09-15T23:36:26
7.55780	-51.94232	0	35	2021-09-15T23:40:55
7.55884	-51.94437	0	35	2021-09-15T23:45:53
7.55990	-51.94641	0	35	2021-09-15T23:50:56
7.56095	-51.94844	0	35	2021-09-15T23:55:55
7.56202	-51.95041	0	35	2021-09-16T00:00:55
7.56312	-51.95239	0	35	2021-09-16T00:05:53
7.56424	-51.95438	0	35	2021-09-16T00:10:56
7.56529	-51.95627	0	35	2021-09-16T00:15:54
7.56637	-51.95822	0	35	2021-09-16T00:20:55
7.56743	-51.96011	0	35	2021-09-16T00:25:55
7.56862	-51.96210	0	35	2021-09-16T00:30:54
7.56986	-51.96416	0	35	2021-09-16T00:35:54
7.57089	-51.96579	0	35	2021-09-16T00:40:55
7.57202	-51.96768	0	35	2021-09-16T00:45:52
7.57315	-51.96954	0	35	2021-09-16T00:50:53
7.57428	-51.97159	0	35	2021-09-16T00:55:49
7.57546	-51.97345	0	35	2021-09-16T01:00:50
7.57659	-51.97546	0	35	2021-09-16T01:05:48
7.57769	-51.97748	0	35	2021-09-16T01:10:49
7.57881	-51.97928	0	35	2021-09-16T01:15:49
7.57992	-51.98126	0	35	2021-09-16T01:20:50
7.58109	-51.98325	0	35	2021-09-16T01:25:48
7.58224	-51.98514	0	35	2021-09-16T01:30:51
7.58354	-51.98729	0	35	2021-09-16T01:35:49
7.58453	-51.98892	0	35	2021-09-16T01:40:49
7.58571	-51.99081	0	35	2021-09-16T01:45:50
7.58684	-51.99268	0	35	2021-09-16T01:50:48
7.58803	-51.99460	0	35	2021-09-16T01:55:51
7.58925	-51.99655	0	35	2021-09-16T02:00:49
7.59050	-51.99854	0	35	2021-09-16T02:05:50
7.59175	-52.00046	0	35	2021-09-16T02:10:51
7.59297	-52.00232	0	35	2021-09-16T02:15:51
7.59420	-52.00418	0	35	2021-09-16T02:20:49
7.59548	-52.00607	0	35	2021-09-16T02:25:50
7.59684	-52.00797	0	35	2021-09-16T02:30:51
7.59824	-52.01004	0	35	2021-09-16T02:36:23
7.59945	-52.01178	0	35	2021-09-16T02:40:52
7.60083	-52.01377	0	35	2021-09-16T02:45:52
7.60216	-52.01566	0	35	2021-09-16T02:50:52
7.60348	-52.01764	0	35	2021-09-16T02:55:50
7.60485	-52.01959	0	35	2021-09-16T03:00:52
7.60625	-52.02155	0	35	2021-09-16T03:05:52
7.60767	-52.02344	0	35	2021-09-16T03:10:52
7.60908	-52.02536	0	35	2021-09-16T03:15:50
7.61051	-52.02731	0	35	2021-09-16T03:20:51
7.61191	-52.02928	0	35	2021-09-16T03:25:56
7.61333	-52.03125	0	35	2021-09-16T03:30:56
7.61483	-52.03339	0	35	2021-09-16T03:36:25
7.61607	-52.03513	0	35	2021-09-16T03:40:55
7.61751	-52.03706	0	35	2021-09-16T03:45:55
7.61888	-52.03903	0	35	2021-09-16T03:50:56
7.62035	-52.04111	0	35	2021-09-16T03:55:57
7.62182	-52.04318	0	35	2021-09-16T04:00:58
7.62318	-52.04517	0	35	2021-09-16T04:05:56
7.62462	-52.04715	0	35	2021-09-16T04:10:55
7.62612	-52.04913	0	35	2021-09-16T04:15:57
7.62760	-52.05115	0	35	2021-09-16T04:20:56
7.62914	-52.05319	0	35	2021-09-16T04:25:57
7.63066	-52.05525	0	35	2021-09-16T04:31:26
7.63229	-52.05731	0	35	2021-09-16T04:36:27
7.63367	-52.05911	0	35	2021-09-16T04:40:56
7.63523	-52.06107	0	35	2021-09-16T04:45:58
7.63672	-52.06302	0	35	2021-09-16T04:50:59
7.63822	-52.06494	0	35	2021-09-16T04:55:58
7.63970	-52.06683	0	35	2021-09-16T05:00:57
7.64124	-52.06882	0	35	2021-09-16T05:06:01
7.64278	-52.07080	0	35	2021-09-16T05:10:59
7.64430	-52.07285	0	35	2021-09-16T05:15:59
7.64581	-52.07489	0	35	2021-09-16T05:20:57
7.64742	-52.07709	0	35	2021-09-16T05:25:58
7.64900	-52.07925	0	35	2021-09-16T05:31:25
7.65072	-52.08148	0	35	2021-09-16T05:36:26
7.65212	-52.08340	0	35	2021-09-16T05:40:56
7.65366	-52.08554	0	35	2021-09-16T05:45:56
7.65521	-52.08762	0	35	2021-09-16T05:50:57
7.65673	-52.08969	0	35	2021-09-16T05:55:59
7.65823	-52.09171	0	35	2021-09-16T06:00:55
7.65967	-52.09366	0	35	2021-09-16T06:05:56
7.66114	-52.09564	0	35	2021-09-16T06:10:57
7.66271	-52.09775	0	35	2021-09-16T06:15:57
7.66430	-52.09964	0	35	2021-09-16T06:20:56
7.66585	-52.10165	0	35	2021-09-16T06:25:53
7.66742	-52.10367	0	35	2021-09-16T06:30:54
7.66914	-52.10587	0	35	2021-09-16T06:36:25
7.67048	-52.10770	0	35	2021-09-16T06:40:54
7.67197	-52.10971	0	35	2021-09-16T06:45:52
7.67353	-52.11179	0	35	2021-09-16T06:50:52
7.67516	-52.11382	0	35	2021-09-16T06:55:54
7.67670	-52.11588	0	35	2021-09-16T07:00:54
7.67827	-52.11789	0	35	2021-09-16T07:05:52
7.67993	-52.12000	0	35	2021-09-16T07:10:51
7.68161	-52.12213	0	35	2021-09-16T07:15:53
7.68328	-52.12418	0	35	2021-09-16T07:20:50
7.68499	-52.12616	0	35	2021-09-16T07:25:53
7.68676	-52.12814	0	35	2021-09-16T07:30:51
7.68869	-52.13031	0	35	2021-09-16T07:36:24
7.69017	-52.13208	0	35	2021-09-16T07:40:50
7.69181	-52.13397	0	35	2021-09-16T07:45:50
7.69346	-52.13596	0	35	2021-09-16T07:50:51
7.69511	-52.13788	0	35	2021-09-16T07:55:52
7.69674	-52.13977	0	35	2021-09-16T08:00:50
7.69848	-52.14179	0	35	2021-09-16T08:05:50
7.70015	-52.14368	0	35	2021-09-16T08:10:51
7.70189	-52.14560	0	35	2021-09-16T08:15:52
7.70363	-52.14752	0	35	2021-09-16T08:20:51
7.70537	-52.14948	0	35	2021-09-16T08:25:53
7.70713	-52.15143	0	35	2021-09-16T08:30:51
7.70909	-52.15350	0	35	2021-09-16T08:36:26
7.71069	-52.15518	0	35	2021-09-16T08:40:52
7.71250	-52.15708	0	35	2021-09-16T08:45:50
7.71435	-52.15897	0	35	2021-09-16T08:50:50
7.71615	-52.16089	0	35	2021-09-16T08:55:51
7.71802	-52.16278	0	35	2021-09-16T09:00:51
7.71982	-52.16458	0	35	2021-09-16T09:05:51
7.72162	-52.16638	0	35	2021-09-16T09:10:50
7.72343	-52.16821	0	35	2021-09-16T09:15:50
7.72529	-52.17010	0	35	2021-09-16T09:20:48
7.72709	-52.17197	0	35	2021-09-16T09:25:48
7.72888	-52.17383	0	35	2021-09-16T09:30:49
7.73089	-52.17593	0	35	2021-09-16T09:36:27
7.73245	-52.17758	0	35	2021-09-16T09:40:50
7.73426	-52.17947	0	35	2021-09-16T09:45:51
7.73602	-52.18121	0	35	2021-09-16T09:50:49
7.73782	-52.18307	0	35	2021-09-16T09:55:50
7.73964	-52.18494	0	35	2021-09-16T10:00:53
7.74145	-52.18680	0	35	2021-09-16T10:05:52
7.74325	-52.18860	0	35	2021-09-16T10:10:52
7.74509	-52.19046	0	35	2021-09-16T10:15:48
7.74694	-52.19226	0	35	2021-09-16T10:20:47
7.74875	-52.19415	0	35	2021-09-16T10:25:50
7.75063	-52.19601	0	35	2021-09-16T10:30:47
7.75288	-52.19800	0	35	2021-09-16T10:36:23
7.75459	-52.19968	0	35	2021-09-16T10:40:46
7.75652	-52.20148	0	35	2021-09-16T10:45:46
7.75840	-52.20325	0	35	2021-09-16T10:50:47
7.76029	-52.20493	0	35	2021-09-16T10:55:47
7.76222	-52.20663	0	35	2021-09-16T11:00:49
7.76415	-52.20837	0	35	2021-09-16T11:05:47
7.76614	-52.21011	0	35	2021-09-16T11:10:50
7.76820	-52.21185	0	35	2021-09-16T11:15:52
7.77028	-52.21361	0	35	2021-09-16T11:20:49
7.77225	-52.21515	0	35	2021-09-16T11:25:49
7.77423	-52.21683	0	35	2021-09-16T11:30:53
7.77654	-52.21872	0	35	2021-09-16T11:35:55
7.77830	-52.22018	0	35	2021-09-16T11:40:55
7.78034	-52.22186	0	35	2021-09-16T11:45:54
7.78239	-52.22354	0	35	2021-09-16T11:50:56
7.78448	-52.22535	0	35	2021-09-16T11:55:55
7.78642	-52.22693	0	35	2021-09-16T12:00:56
7.78838	-52.22861	0	35	2021-09-16T12:05:56
7.79039	-52.23026	0	35	2021-09-16T12:10:57
7.79248	-52.23195	0	35	2021-09-16T12:15:58
7.79454	-52.23358	0	35	2021-09-16T12:20:58
7.79662	-52.23517	0	35	2021-09-16T12:25:56
7.79862	-52.23676	0	35	2021-09-16T12:30:59
7.80085	-52.23852	0	35	2021-09-16T12:35:58
7.80258	-52.23999	0	35	2021-09-16T12:40:59
7.80454	-52.24161	0	35	2021-09-16T12:45:58
7.80648	-52.24326	0	35	2021-09-16T12:51:00
7.80843	-52.24487	0	35	2021-09-16T12:55:58
7.81049	-52.24643	0	35	2021-09-16T13:00:58
7.81248	-52.24796	0	35	2021-09-16T13:05:56
7.81442	-52.24939	0	35	2021-09-16T13:10:58
7.81647	-52.25085	0	35	2021-09-16T13:15:57
7.81839	-52.25235	0	35	2021-09-16T13:20:58
7.82036	-52.25391	0	35	2021-09-16T13:25:55
7.82230	-52.25540	0	35	2021-09-16T13:30:55
7.82441	-52.25708	0	35	2021-09-16T13:36:24
7.82606	-52.25839	0	35	2021-09-16T13:40:52
7.82789	-52.25989	0	35	2021-09-16T13:45:49
7.82970	-52.26138	0	35	2021-09-16T13:50:46
7.83154	-52.26300	0	35	2021-09-16T13:55:44
7.83341	-52.26456	0	35	2021-09-16T14:00:46
7.83535	-52.26630	0	35	2021-09-16T14:05:50
7.83720	-52.26784	0	35	2021-09-16T14:10:51
7.83905	-52.26938	0	35	2021-09-16T14:15:51
7.84085	-52.27094	0	35	2021-09-16T14:20:49
7.84273	-52.27252	0	35	2021-09-16T14:25:52
7.84461	-52.27411	0	35	2021-09-16T14:30:50
7.84674	-52.27594	0	35	2021-09-16T14:36:23
7.84835	-52.27734	0	35	2021-09-16T14:40:49
7.85028	-52.27890	0	35	2021-09-16T14:45:48
7.85213	-52.28044	0	35	2021-09-16T14:50:47
7.85398	-52.28198	0	35	2021-09-16T14:55:47
7.85587	-52.28357	0	35	2021-09-16T15:00:48
7.85779	-52.28506	0	35	2021-09-16T15:05:47
7.85967	-52.28647	0	35	2021-09-16T15:10:46
7.86148	-52.28793	0	35	2021-09-16T15:15:42
7.86340	-52.28943	0	35	2021-09-16T15:20:43
7.86548	-52.29098	0	35	2021-09-16T15:25:56
7.86741	-52.29244	0	35	2021-09-16T15:30:57
7.86960	-52.29373	0	35	2021-09-16T15:35:57
7.87138	-52.29535	0	35	2021-09-16T15:40:39
7.87341	-52.29681	0	35	2021-09-16T15:45:40
7.87548	-52.29834	0	35	2021-09-16T15:50:37
7.87737	-52.29980	0	35	2021-09-16T15:55:37
7.87954	-52.30115	0	35	2021-09-16T16:00:38
7.88148	-52.30276	0	35	2021-09-16T16:05:38
7.88356	-52.30429	0	35	2021-09-16T16:10:35
7.88558	-52.30566	0	35	2021-09-16T16:15:34
7.88760	-52.30716	0	35	2021-09-16T16:20:37
7.88969	-52.30878	0	35	2021-09-16T16:25:35
7.89169	-52.31033	0	35	2021-09-16T16:30:36
7.89385	-52.31201	0	35	2021-09-16T16:35:56
7.89559	-52.31351	0	35	2021-09-16T16:40:37
7.89772	-52.31494	0	35	2021-09-16T16:45:39
7.89966	-52.31647	0	35	2021-09-16T16:50:38
7.90171	-52.31793	0	35	2021-09-16T16:55:36
7.90373	-52.31943	0	35	2021-09-16T17:00:38
7.90577	-52.32089	0	35	2021-09-16T17:05:37
7.90777	-52.32236	0	35	2021-09-16T17:10:38
7.90982	-52.32385	0	35	2021-09-16T17:15:36
7.91185	-52.32538	0	35	2021-09-16T17:20:38
7.91389	-52.32684	0	35	2021-09-16T17:25:37
7.91592	-52.32843	0	35	2021-09-16T17:30:39
7.91820	-52.33010	0	35	2021-09-16T17:35:36
7.92005	-52.33147	0	35	2021-09-16T17:40:36
7.92215	-52.33301	0	35	2021-09-16T17:45:37
7.92418	-52.33453	0	35	2021-09-16T17:50:37
7.92623	-52.33609	0	35	2021-09-16T17:55:35
7.92828	-52.33762	0	35	2021-09-16T18:00:36
7.93032	-52.33911	0	35	2021-09-16T18:05:33
7.93246	-52.34058	0	35	2021-09-16T18:10:34
7.93461	-52.34201	0	35	2021-09-16T18:15:31
7.93674	-52.34348	0	35	2021-09-16T18:20:28
7.93880	-52.34494	0	35	2021-09-16T18:25:29
7.94098	-52.34628	0	35	2021-09-16T18:30:30
7.94336	-52.34787	0	35	2021-09-16T18:35:57
7.94532	-52.34922	0	35	2021-09-16T18:40:24
7.94747	-52.35059	0	35	2021-09-16T18:45:25
7.94957	-52.35199	0	35	2021-09-16T18:50:25
7.95178	-52.35342	0	35	2021-09-16T18:55:26
7.95388	-52.35489	0	35	2021-09-16T19:00:27
7.95605	-52.35626	0	35	2021-09-16T19:05:27
7.95818	-52.35770	0	35	2021-09-16T19:10:25
7.96044	-52.35907	0	35	2021-09-16T19:15:27
7.96496	-52.36198	0	35	2021-09-16T19:25:57
7.96723	-52.36335	0	35	2021-09-16T19:30:56
7.96968	-52.36472	0	35	2021-09-16T19:35:56
7.97164	-52.36594	0	35	2021-09-16T19:40:31
7.97384	-52.36725	0	35	2021-09-16T19:45:31
7.97602	-52.36850	0	35	2021-09-16T19:50:32
7.97826	-52.36984	0	35	2021-09-16T19:55:32
7.98053	-52.37122	0	35	2021-09-16T20:00:37
7.98278	-52.37258	0	35	2021-09-16T20:05:34
7.98504	-52.37393	0	35	2021-09-16T20:10:35
7.98728	-52.37524	0	35	2021-09-16T20:15:33
7.98957	-52.37653	0	35	2021-09-16T20:20:34
7.99188	-52.37790	0	35	2021-09-16T20:25:56
7.99420	-52.37902	0	35	2021-09-16T20:30:55
7.99665	-52.38031	0	35	2021-09-16T20:35:55
7.99871	-52.38150	0	35	2021-09-16T20:40:36
8.00099	-52.38269	0	35	2021-09-16T20:45:36
8.00334	-52.38408	0	35	2021-09-16T20:50:35
8.00571	-52.38528	0	35	2021-09-16T20:55:35
8.00805	-52.38657	0	35	2021-09-16T21:00:36
8.01042	-52.38773	0	35	2021-09-16T21:05:34
8.01270	-52.38896	0	35	2021-09-16T21:10:35
8.01502	-52.39008	0	35	2021-09-16T21:15:35
8.01744	-52.39120	0	35	2021-09-16T21:20:32
8.01978	-52.39233	0	35	2021-09-16T21:25:29
8.02211	-52.39346	0	35	2021-09-16T21:30:30
8.02460	-52.39456	0	35	2021-09-16T21:35:58
8.02666	-52.39551	0	35	2021-09-16T21:40:24
8.02887	-52.39651	0	35	2021-09-16T21:45:28
8.03112	-52.39753	0	35	2021-09-16T21:50:21
8.03327	-52.39856	0	35	2021-09-16T21:55:21
8.03543	-52.39963	0	35	2021-09-16T22:00:18
8.03757	-52.40060	0	35	2021-09-16T22:05:20
8.03978	-52.40161	0	35	2021-09-16T22:10:17
8.04196	-52.40265	0	35	2021-09-16T22:15:18
8.04421	-52.40359	0	35	2021-09-16T22:20:20
8.04655	-52.40460	0	35	2021-09-16T22:25:19
8.04881	-52.40555	0	35	2021-09-16T22:30:17
8.05143	-52.40680	0	35	2021-09-16T22:35:57
8.05341	-52.40762	0	35	2021-09-16T22:40:21
8.05579	-52.40854	0	35	2021-09-16T22:45:19
8.05813	-52.40948	0	35	2021-09-16T22:50:17
8.06049	-52.41049	0	35	2021-09-16T22:55:20
8.06290	-52.41135	0	35	2021-09-16T23:00:19
8.06526	-52.41229	0	35	2021-09-16T23:05:19
8.06767	-52.41324	0	35	2021-09-16T23:10:20
8.07011	-52.41422	0	35	2021-09-16T23:15:20
8.07264	-52.41530	0	35	2021-09-16T23:20:21
8.07508	-52.41620	0	35	2021-09-16T23:25:21
8.07757	-52.41718	0	35	2021-09-16T23:30:22
8.08036	-52.41827	0	35	2021-09-16T23:35:56
8.08253	-52.41907	0	35	2021-09-16T23:40:22
8.08497	-52.41992	0	35	2021-09-16T23:45:21
8.08742	-52.42081	0	35	2021-09-16T23:50:19
8.08995	-52.42166	0	35	2021-09-16T23:55:20
8.09242	-52.42256	0	35	2021-09-17T00:00:19
8.09491	-52.42340	0	35	2021-09-17T00:05:21
8.09731	-52.42419	0	35	2021-09-17T00:10:19
8.09981	-52.42505	0	35	2021-09-17T00:15:19
8.10222	-52.42584	0	35	2021-09-17T00:20:21
8.10466	-52.42664	0	35	2021-09-17T00:25:20
8.10721	-52.42737	0	35	2021-09-17T00:30:21
8.10993	-52.42816	0	35	2021-09-17T00:35:54
8.11217	-52.42884	0	35	2021-09-17T00:40:19
8.11466	-52.42953	0	35	2021-09-17T00:45:19
8.11708	-52.43027	0	35	2021-09-17T00:50:19
8.11951	-52.43100	0	35	2021-09-17T00:55:18
8.12195	-52.43179	0	35	2021-09-17T01:00:19
8.12440	-52.43262	0	35	2021-09-17T01:05:16
8.12683	-52.43338	0	35	2021-09-17T01:10:17
8.12920	-52.43417	0	35	2021-09-17T01:15:15
8.13153	-52.43503	0	35	2021-09-17T01:20:12
8.13390	-52.43585	0	35	2021-09-17T01:25:15
8.13627	-52.43680	0	35	2021-09-17T01:30:16
8.13890	-52.43780	0	35	2021-09-17T01:35:15
8.14122	-52.43866	0	35	2021-09-17T01:40:15
8.14375	-52.43964	0	35	2021-09-17T01:45:14
8.14629	-52.44071	0	35	2021-09-17T01:50:15
8.14865	-52.44165	0	35	2021-09-17T01:55:14
8.15103	-52.44260	0	35	2021-09-17T02:00:15
8.15342	-52.44351	0	35	2021-09-17T02:05:14
8.15584	-52.44449	0	35	2021-09-17T02:10:16
8.15822	-52.44547	0	35	2021-09-17T02:15:20
8.16062	-52.44644	0	35	2021-09-17T02:20:18
8.16296	-52.44745	0	35	2021-09-17T02:25:15
8.16526	-52.44840	0	35	2021-09-17T02:30:37
8.16779	-52.44943	0	35	2021-09-17T02:35:36
8.16996	-52.45032	0	35	2021-09-17T02:40:10
8.17229	-52.45123	0	35	2021-09-17T02:45:11
8.17462	-52.45218	0	35	2021-09-17T02:50:07
8.17688	-52.45316	0	35	2021-09-17T02:55:08
8.17924	-52.45419	0	35	2021-09-17T03:00:08
8.18146	-52.45526	0	35	2021-09-17T03:05:06
8.18373	-52.45621	0	35	2021-09-17T03:10:07
8.18596	-52.45715	0	35	2021-09-17T03:15:05
8.18820	-52.45819	0	35	2021-09-17T03:20:08
8.19028	-52.45911	0	35	2021-09-17T03:25:06
8.19239	-52.46016	0	35	2021-09-17T03:30:07
8.19459	-52.46119	0	35	2021-09-17T03:35:07
8.19656	-52.46213	0	35	2021-09-17T03:40:08
8.19862	-52.46326	0	35	2021-09-17T03:45:09
8.20074	-52.46439	0	35	2021-09-17T03:50:06
8.20279	-52.46542	0	35	2021-09-17T03:55:07
8.20476	-52.46634	0	35	2021-09-17T04:00:05
8.20683	-52.46722	0	35	2021-09-17T04:05:06
8.20885	-52.46811	0	35	2021-09-17T04:10:04
8.21077	-52.46890	0	35	2021-09-17T04:15:02
8.21274	-52.46981	0	35	2021-09-17T04:20:00
8.21467	-52.47067	0	35	2021-09-17T04:25:01
8.21658	-52.47153	0	35	2021-09-17T04:30:01
8.21865	-52.47247	0	35	2021-09-17T04:35:28
8.22044	-52.47333	0	35	2021-09-17T04:40:03
8.22239	-52.47424	0	35	2021-09-17T04:45:01
8.22436	-52.47528	0	35	2021-09-17T04:50:04
8.22640	-52.47626	0	35	2021-09-17T04:55:04
8.22842	-52.47726	0	35	2021-09-17T05:00:03
8.23047	-52.47833	0	35	2021-09-17T05:05:03
8.23249	-52.47940	0	35	2021-09-17T05:10:01
8.23454	-52.48047	0	35	2021-09-17T05:15:01
8.23664	-52.48160	0	35	2021-09-17T05:20:02
8.23879	-52.48267	0	35	2021-09-17T05:24:59
8.24093	-52.48370	0	35	2021-09-17T05:29:56
8.24327	-52.48489	0	35	2021-09-17T05:35:27
8.24526	-52.48588	0	35	2021-09-17T05:39:57
8.24745	-52.48691	0	35	2021-09-17T05:44:56
8.24968	-52.48795	0	35	2021-09-17T05:49:58
8.25186	-52.48892	0	35	2021-09-17T05:54:56
8.25418	-52.48986	0	35	2021-09-17T05:59:58
8.25644	-52.49072	0	35	2021-09-17T06:04:58
8.25881	-52.49158	0	35	2021-09-17T06:09:58
8.26120	-52.49243	0	35	2021-09-17T06:14:56
8.26357	-52.49325	0	35	2021-09-17T06:19:56
8.26593	-52.49402	0	35	2021-09-17T06:24:55
8.26826	-52.49475	0	35	2021-09-17T06:29:58
8.27092	-52.49561	0	35	2021-09-17T06:35:26
8.27307	-52.49628	0	35	2021-09-17T06:39:57
8.27539	-52.49695	0	35	2021-09-17T06:44:58
8.27769	-52.49762	0	35	2021-09-17T06:49:53
8.28008	-52.49835	0	35	2021-09-17T06:54:54
8.28253	-52.49914	0	35	2021-09-17T06:59:49
8.28497	-52.49979	0	35	2021-09-17T07:04:53
8.28738	-52.50052	0	35	2021-09-17T07:09:50
8.28983	-52.50125	0	35	2021-09-17T07:14:54
8.29229	-52.50186	0	35	2021-09-17T07:19:52
8.29484	-52.50247	0	35	2021-09-17T07:24:53
8.29743	-52.50303	0	35	2021-09-17T07:30:25
8.30031	-52.50354	0	35	2021-09-17T07:35:25
8.30264	-52.50391	0	35	2021-09-17T07:39:54
8.30532	-52.50430	0	35	2021-09-17T07:45:00
8.30789	-52.50470	0	35	2021-09-17T07:50:02
8.31044	-52.50510	0	35	2021-09-17T07:55:01
8.31300	-52.50552	0	35	2021-09-17T08:00:00
8.31561	-52.50601	0	35	2021-09-17T08:05:03
8.31811	-52.50653	0	35	2021-09-17T08:10:05
8.32060	-52.50696	0	35	2021-09-17T08:15:05
8.32313	-52.50745	0	35	2021-09-17T08:20:03
8.32565	-52.50800	0	35	2021-09-17T08:25:07
8.32823	-52.50865	0	35	2021-09-17T08:30:26
8.33094	-52.50916	0	35	2021-09-17T08:35:25
8.33337	-52.50964	0	35	2021-09-17T08:40:10
8.33591	-52.51016	0	35	2021-09-17T08:45:09
8.33845	-52.51068	0	35	2021-09-17T08:50:11
8.34102	-52.51120	0	35	2021-09-17T08:55:11
8.34356	-52.51172	0	35	2021-09-17T09:00:12
8.34619	-52.51221	0	35	2021-09-17T09:05:10
8.34887	-52.51274	0	35	2021-09-17T09:10:11
8.35150	-52.51325	0	35	2021-09-17T09:15:12
8.35412	-52.51376	0	35	2021-09-17T09:20:12
8.35674	-52.51422	0	35	2021-09-17T09:25:13
8.35940	-52.51468	0	35	2021-09-17T09:30:11
8.36247	-52.51505	0	35	2021-09-17T09:35:54
8.36464	-52.51529	0	35	2021-09-17T09:40:12
8.36713	-52.51556	0	35	2021-09-17T09:45:09
8.36966	-52.51574	0	35	2021-09-17T09:50:07
8.37212	-52.51590	0	35	2021-09-17T09:55:10
8.37457	-52.51617	0	35	2021-09-17T10:00:08
8.37709	-52.51648	0	35	2021-09-17T10:05:08
8.37956	-52.51675	0	35	2021-09-17T10:10:08
8.38213	-52.51709	0	35	2021-09-17T10:15:06
8.38463	-52.51736	0	35	2021-09-17T10:20:07
8.38707	-52.51767	0	35	2021-09-17T10:25:04
8.38949	-52.51791	0	35	2021-09-17T10:30:05
8.39216	-52.51813	0	35	2021-09-17T10:35:25
8.39445	-52.51834	0	35	2021-09-17T10:40:06
8.39694	-52.51855	0	35	2021-09-17T10:45:04
8.39941	-52.51874	0	35	2021-09-17T10:50:05
8.40188	-52.51886	0	35	2021-09-17T10:55:04
8.40433	-52.51895	0	35	2021-09-17T11:00:06
8.40673	-52.51901	0	35	2021-09-17T11:05:07
8.40914	-52.51910	0	35	2021-09-17T11:10:05
8.41158	-52.51910	0	35	2021-09-17T11:15:09
8.41405	-52.51920	0	35	2021-09-17T11:20:06
8.41649	-52.51929	0	35	2021-09-17T11:25:06
8.41902	-52.51947	0	35	2021-09-17T11:30:08
8.42173	-52.51962	0	35	2021-09-17T11:35:24
8.42412	-52.51984	0	35	2021-09-17T11:40:09
8.42664	-52.52005	0	35	2021-09-17T11:45:07
8.42913	-52.52023	0	35	2021-09-17T11:50:08
8.43166	-52.52039	0	35	2021-09-17T11:55:08
8.43420	-52.52045	0	35	2021-09-17T12:00:13
8.43673	-52.52042	0	35	2021-09-17T12:05:11
8.43922	-52.52045	0	35	2021-09-17T12:10:14
8.44173	-52.52042	0	35	2021-09-17T12:15:12
8.44429	-52.52048	0	35	2021-09-17T12:20:11
8.44688	-52.52042	0	35	2021-09-17T12:25:13
8.44943	-52.52045	0	35	2021-09-17T12:30:11
8.45224	-52.52045	0	35	2021-09-17T12:35:38
8.45465	-52.52042	0	35	2021-09-17T12:40:13
8.45716	-52.52036	0	35	2021-09-17T12:45:10
8.45975	-52.52029	0	35	2021-09-17T12:50:11
8.46233	-52.52026	0	35	2021-09-17T12:55:10
8.46486	-52.52014	0	35	2021-09-17T13:00:08
8.46744	-52.52002	0	35	2021-09-17T13:05:09
8.46993	-52.51996	0	35	2021-09-17T13:10:08
8.47254	-52.51987	0	35	2021-09-17T13:15:07
8.47511	-52.51987	0	35	2021-09-17T13:20:07
8.47767	-52.51981	0	35	2021-09-17T13:25:08
8.48025	-52.51971	0	35	2021-09-17T13:30:13
8.48304	-52.51956	0	35	2021-09-17T13:35:24
8.48556	-52.51938	0	35	2021-09-17T13:40:10
8.48814	-52.51938	0	35	2021-09-17T13:45:10
8.49064	-52.51935	0	35	2021-09-17T13:50:12
8.49329	-52.51926	0	35	2021-09-17T13:55:13
8.49582	-52.51926	0	35	2021-09-17T14:00:14
8.49827	-52.51923	0	35	2021-09-17T14:05:12
8.50090	-52.51913	0	35	2021-09-17T14:10:13
8.50339	-52.51913	0	35	2021-09-17T14:15:13
8.50613	-52.51907	0	35	2021-09-17T14:20:15
8.50877	-52.51901	0	35	2021-09-17T14:25:15
8.51141	-52.51886	0	35	2021-09-17T14:30:16
8.51423	-52.51865	0	35	2021-09-17T14:35:40
8.51669	-52.51837	0	35	2021-09-17T14:40:17
8.51928	-52.51807	0	35	2021-09-17T14:45:15
8.52189	-52.51776	0	35	2021-09-17T14:50:16
8.52454	-52.51743	0	35	2021-09-17T14:55:15
8.52716	-52.51715	0	35	2021-09-17T15:00:16
8.52974	-52.51678	0	35	2021-09-17T15:05:14
8.53231	-52.51645	0	35	2021-09-17T15:10:15
8.53490	-52.51612	0	35	2021-09-17T15:15:15
8.53747	-52.51578	0	35	2021-09-17T15:20:15
8.54001	-52.51541	0	35	2021-09-17T15:25:13
8.54280	-52.51474	0	35	2021-09-17T15:30:14
8.54533	-52.51495	0	35	2021-09-17T15:35:38
8.54773	-52.51468	0	35	2021-09-17T15:40:16
8.55031	-52.51440	0	35	2021-09-17T15:45:14
8.55287	-52.51416	0	35	2021-09-17T15:50:17
8.55552	-52.51379	0	35	2021-09-17T15:55:15
8.55810	-52.51376	0	35	2021-09-17T16:00:37
8.56042	-52.51349	0	35	2021-09-17T16:05:13
8.56296	-52.51318	0	35	2021-09-17T16:10:14
8.56546	-52.51291	0	35	2021-09-17T16:15:15
8.56800	-52.51256	0	35	2021-09-17T16:20:16
8.57048	-52.51230	0	35	2021-09-17T16:25:16
8.57296	-52.51202	0	35	2021-09-17T16:30:16
8.57572	-52.51166	0	35	2021-09-17T16:35:38
8.57807	-52.51132	0	35	2021-09-17T16:40:17
8.58061	-52.51093	0	35	2021-09-17T16:45:18
8.58308	-52.51068	0	35	2021-09-17T16:50:16
8.58558	-52.51044	0	35	2021-09-17T16:55:18
8.58801	-52.51019	0	35	2021-09-17T17:00:18
8.59052	-52.50989	0	35	2021-09-17T17:05:19
8.59304	-52.50955	0	35	2021-09-17T17:10:17
8.59554	-52.50919	0	35	2021-09-17T17:15:16
8.59810	-52.50882	0	35	2021-09-17T17:20:18
8.60061	-52.50842	0	35	2021-09-17T17:25:15
8.60309	-52.50793	0	35	2021-09-17T17:30:15
8.60576	-52.50739	0	35	2021-09-17T17:35:38
8.60800	-52.50686	0	35	2021-09-17T17:40:12
8.61045	-52.50635	0	35	2021-09-17T17:45:11
8.61292	-52.50580	0	35	2021-09-17T17:50:12
8.61541	-52.50519	0	35	2021-09-17T17:55:09
8.61786	-52.50461	0	35	2021-09-17T18:00:09
8.62035	-52.50403	0	35	2021-09-17T18:05:09
8.62287	-52.50342	0	35	2021-09-17T18:10:11
8.62538	-52.50275	0	35	2021-09-17T18:15:10
8.63028	-52.50159	0	35	2021-09-17T18:25:12
8.63277	-52.50094	0	35	2021-09-17T18:30:36
8.63542	-52.50034	0	35	2021-09-17T18:35:35
8.63768	-52.49985	0	35	2021-09-17T18:40:13
8.64016	-52.49930	0	35	2021-09-17T18:45:12
8.64256	-52.49869	0	35	2021-09-17T18:50:14
8.64497	-52.49805	0	35	2021-09-17T18:55:11
8.64737	-52.49750	0	35	2021-09-17T19:00:12
8.64977	-52.49695	0	35	2021-09-17T19:05:13
8.65215	-52.49634	0	35	2021-09-17T19:10:13
8.65462	-52.49582	0	35	2021-09-17T19:15:11
8.65710	-52.49524	0	35	2021-09-17T19:20:14
8.65954	-52.49466	0	35	2021-09-17T19:25:12
8.66197	-52.49402	0	35	2021-09-17T19:30:14
8.66483	-52.49335	0	35	2021-09-17T19:35:56
8.66700	-52.49286	0	35	2021-09-17T19:40:14
8.66949	-52.49228	0	35	2021-09-17T19:45:14
8.67202	-52.49173	0	35	2021-09-17T19:50:08
8.67459	-52.49112	0	35	2021-09-17T19:55:10
8.67713	-52.49051	0	35	2021-09-17T20:00:07
8.67957	-52.48984	0	35	2021-09-17T20:05:04
8.68205	-52.48908	0	35	2021-09-17T20:10:00
8.68450	-52.48848	0	35	2021-09-17T20:15:00
8.68690	-52.48788	0	35	2021-09-17T20:19:59
8.68934	-52.48721	0	35	2021-09-17T20:25:00
8.69171	-52.48648	0	35	2021-09-17T20:30:03
8.69431	-52.48563	0	35	2021-09-17T20:35:27
8.69652	-52.48502	0	35	2021-09-17T20:40:02
8.69899	-52.48431	0	35	2021-09-17T20:45:00
8.70139	-52.48355	0	35	2021-09-17T20:50:04
8.70377	-52.48267	0	35	2021-09-17T20:55:03
8.70613	-52.48190	0	35	2021-09-17T21:00:02
8.70850	-52.48111	0	35	2021-09-17T21:05:05
8.71088	-52.48032	0	35	2021-09-17T21:10:07
8.71327	-52.47947	0	35	2021-09-17T21:15:08
8.71560	-52.47870	0	35	2021-09-17T21:20:08
8.71793	-52.47794	0	35	2021-09-17T21:25:05
8.72025	-52.47714	0	35	2021-09-17T21:30:06
8.72275	-52.47618	0	35	2021-09-17T21:35:04
8.72502	-52.47549	0	35	2021-09-17T21:40:05
8.72743	-52.47467	0	35	2021-09-17T21:45:05
8.72982	-52.47382	0	35	2021-09-17T21:50:03
8.73222	-52.47299	0	35	2021-09-17T21:55:03
8.73466	-52.47214	0	35	2021-09-17T22:00:04
8.73710	-52.47128	0	35	2021-09-17T22:05:04
8.73953	-52.47046	0	35	2021-09-17T22:10:05
8.74193	-52.46957	0	35	2021-09-17T22:15:03
8.74433	-52.46875	0	35	2021-09-17T22:20:06
8.74672	-52.46793	0	35	2021-09-17T22:25:04
8.74916	-52.46701	0	35	2021-09-17T22:30:05
8.75179	-52.46603	0	35	2021-09-17T22:35:25
8.75406	-52.46521	0	35	2021-09-17T22:40:03
8.75658	-52.46417	0	35	2021-09-17T22:45:04
8.75897	-52.46323	0	35	2021-09-17T22:50:02
8.76138	-52.46219	0	35	2021-09-17T22:55:04
8.76384	-52.46112	0	35	2021-09-17T23:00:06
8.76627	-52.46008	0	35	2021-09-17T23:05:04
8.76866	-52.45905	0	35	2021-09-17T23:10:05
8.77103	-52.45779	0	35	2021-09-17T23:15:02
8.77340	-52.45663	0	35	2021-09-17T23:20:05
8.77579	-52.45547	0	35	2021-09-17T23:25:04
8.77811	-52.45444	0	35	2021-09-17T23:30:04
8.78063	-52.45337	0	35	2021-09-17T23:35:29
8.78278	-52.45239	0	35	2021-09-17T23:40:05
8.78505	-52.45116	0	35	2021-09-17T23:45:06
8.78731	-52.45004	0	35	2021-09-17T23:50:06
8.78963	-52.44891	0	35	2021-09-17T23:55:04
8.79191	-52.44769	0	35	2021-09-18T00:00:05
8.79419	-52.44648	0	35	2021-09-18T00:05:05
8.79641	-52.44519	0	35	2021-09-18T00:10:04
8.79865	-52.44385	0	35	2021-09-18T00:15:03
8.80089	-52.44247	0	35	2021-09-18T00:20:05
8.80310	-52.44107	0	35	2021-09-18T00:25:02
8.80527	-52.43964	0	35	2021-09-18T00:30:05
8.80766	-52.43811	0	35	2021-09-18T00:35:26
8.80976	-52.43664	0	35	2021-09-18T00:40:05
8.81195	-52.43518	0	35	2021-09-18T00:45:05
8.81415	-52.43372	0	35	2021-09-18T00:50:07
8.81635	-52.43222	0	35	2021-09-18T00:55:11
8.81850	-52.43066	0	35	2021-09-18T01:00:08
8.82070	-52.42917	0	35	2021-09-18T01:05:08
8.82291	-52.42776	0	35	2021-09-18T01:10:10
8.82512	-52.42633	0	35	2021-09-18T01:15:09
8.82722	-52.42487	0	35	2021-09-18T01:20:08
8.82937	-52.42343	0	35	2021-09-18T01:25:08
8.83153	-52.42198	0	35	2021-09-18T01:30:28
8.83372	-52.42044	0	35	2021-09-18T01:35:28
8.83569	-52.41901	0	35	2021-09-18T01:40:04
8.83779	-52.41745	0	35	2021-09-18T01:45:04
8.83993	-52.41589	0	35	2021-09-18T01:50:05
8.84204	-52.41434	0	35	2021-09-18T01:55:02
8.84413	-52.41275	0	35	2021-09-18T02:00:03
8.84624	-52.41110	0	35	2021-09-18T02:05:03
8.84833	-52.40952	0	35	2021-09-18T02:10:05
8.85041	-52.40784	0	35	2021-09-18T02:15:05
8.85243	-52.40622	0	35	2021-09-18T02:20:06
8.85446	-52.40454	0	35	2021-09-18T02:25:06
8.85645	-52.40289	0	35	2021-09-18T02:30:04
8.85858	-52.40107	0	35	2021-09-18T02:35:04
8.86044	-52.39966	0	35	2021-09-18T02:40:06
8.86239	-52.39798	0	35	2021-09-18T02:45:03
8.86430	-52.39618	0	35	2021-09-18T02:50:04
8.86623	-52.39444	0	35	2021-09-18T02:55:05
8.86820	-52.39262	0	35	2021-09-18T03:00:02
8.87013	-52.39090	0	35	2021-09-18T03:05:02
8.87215	-52.38910	0	35	2021-09-18T03:10:04
8.87405	-52.38724	0	35	2021-09-18T03:15:03
8.87593	-52.38541	0	35	2021-09-18T03:20:04
8.87784	-52.38358	0	35	2021-09-18T03:25:02
8.87972	-52.38171	0	35	2021-09-18T03:30:00
8.88176	-52.37973	0	35	2021-09-18T03:35:30
8.88349	-52.37802	0	35	2021-09-18T03:40:01
8.88538	-52.37619	0	35	2021-09-18T03:45:02
8.88723	-52.37442	0	35	2021-09-18T03:50:02
8.88904	-52.37259	0	35	2021-09-18T03:55:03
8.89090	-52.37070	0	35	2021-09-18T04:00:01
8.89278	-52.36887	0	35	2021-09-18T04:05:05
8.89462	-52.36694	0	35	2021-09-18T04:10:02
8.89645	-52.36508	0	35	2021-09-18T04:15:03
8.89826	-52.36319	0	35	2021-09-18T04:20:03
8.90002	-52.36127	0	35	2021-09-18T04:25:04
8.90188	-52.35941	0	35	2021-09-18T04:30:02
8.90394	-52.35754	0	35	2021-09-18T04:35:25
8.90555	-52.35568	0	35	2021-09-18T04:40:03
8.90736	-52.35373	0	35	2021-09-18T04:45:04
8.90920	-52.35184	0	35	2021-09-18T04:50:01
8.91104	-52.34988	0	35	2021-09-18T04:55:06
8.91290	-52.34802	0	35	2021-09-18T04:59:59
8.91480	-52.34602	0	35	2021-09-18T05:04:59
8.91668	-52.34413	0	35	2021-09-18T05:09:59
8.91854	-52.34216	0	35	2021-09-18T05:14:58
8.92046	-52.34021	0	35	2021-09-18T05:19:58
8.92240	-52.33820	0	35	2021-09-18T05:25:02
8.92427	-52.33621	0	35	2021-09-18T05:30:00
8.92631	-52.33405	0	35	2021-09-18T05:35:24
8.92808	-52.33218	0	35	2021-09-18T05:40:02
8.93003	-52.33014	0	35	2021-09-18T05:45:03
8.93191	-52.32819	0	35	2021-09-18T05:50:07
8.93380	-52.32611	0	35	2021-09-18T05:55:04
8.93568	-52.32404	0	35	2021-09-18T06:00:04
8.93756	-52.32199	0	35	2021-09-18T06:05:01
8.93943	-52.31978	0	35	2021-09-18T06:09:59
8.94131	-52.31781	0	35	2021-09-18T06:14:59
8.94319	-52.31577	0	35	2021-09-18T06:19:57
8.94510	-52.31360	0	35	2021-09-18T06:25:25
8.94694	-52.31163	0	35	2021-09-18T06:30:26
8.94896	-52.30948	0	35	2021-09-18T06:35:26
8.95069	-52.30753	0	35	2021-09-18T06:40:03
8.95251	-52.30542	0	35	2021-09-18T06:44:58
8.95434	-52.30331	0	35	2021-09-18T06:50:01
8.95617	-52.30118	0	35	2021-09-18T06:55:02
8.95801	-52.29901	0	35	2021-09-18T07:00:00
8.95983	-52.29694	0	35	2021-09-18T07:04:57
8.96166	-52.29483	0	35	2021-09-18T07:09:59
8.96349	-52.29279	0	35	2021-09-18T07:14:58
8.96528	-52.29077	0	35	2021-09-18T07:19:59
8.96705	-52.28879	0	35	2021-09-18T07:24:57
8.96879	-52.28671	0	35	2021-09-18T07:29:58
8.97068	-52.28445	0	35	2021-09-18T07:35:26
8.97228	-52.28259	0	35	2021-09-18T07:39:58
8.97405	-52.28043	0	35	2021-09-18T07:44:56
8.97580	-52.27826	0	35	2021-09-18T07:49:57
8.97763	-52.27607	0	35	2021-09-18T07:54:59
8.97935	-52.27384	0	35	2021-09-18T07:59:59
8.98107	-52.27161	0	35	2021-09-18T08:05:00
8.98277	-52.26938	0	35	2021-09-18T08:09:59
8.98450	-52.26716	0	35	2021-09-18T08:15:01
8.98621	-52.26501	0	35	2021-09-18T08:20:01
8.98792	-52.26279	0	35	2021-09-18T08:24:59
8.98969	-52.26059	0	35	2021-09-18T08:30:01
8.99156	-52.25826	0	35	2021-09-18T08:35:04
8.99306	-52.25629	0	35	2021-09-18T08:40:04
8.99480	-52.25406	0	35	2021-09-18T08:45:03
8.99647	-52.25192	0	35	2021-09-18T08:50:06
8.99813	-52.24982	0	35	2021-09-18T08:55:05
8.99976	-52.24767	0	35	2021-09-18T09:00:06
9.00135	-52.24561	0	35	2021-09-18T09:05:06
9.00301	-52.24350	0	35	2021-09-18T09:10:07
9.00473	-52.24124	0	35	2021-09-18T09:15:07
9.00636	-52.23927	0	35	2021-09-18T09:20:06
9.00794	-52.23730	0	35	2021-09-18T09:25:06
9.00955	-52.23529	0	35	2021-09-18T09:30:06
9.01122	-52.23309	0	35	2021-09-18T09:35:25
9.01268	-52.23113	0	35	2021-09-18T09:40:07
9.01427	-52.22916	0	35	2021-09-18T09:45:06
9.01582	-52.22711	0	35	2021-09-18T09:50:09
9.01732	-52.22507	0	35	2021-09-18T09:55:07
9.01887	-52.22296	0	35	2021-09-18T10:00:08
9.02040	-52.22081	0	35	2021-09-18T10:05:06
9.02190	-52.21884	0	35	2021-09-18T10:10:06
9.02341	-52.21677	0	35	2021-09-18T10:15:03
9.02492	-52.21466	0	35	2021-09-18T10:20:04
9.02643	-52.21255	0	35	2021-09-18T10:25:03
9.02791	-52.21048	0	35	2021-09-18T10:30:28
9.02950	-52.20816	0	35	2021-09-18T10:35:28
9.03083	-52.20618	0	35	2021-09-18T10:40:03
9.03227	-52.20404	0	35	2021-09-18T10:45:00
9.03379	-52.20185	0	35	2021-09-18T10:50:01
9.03517	-52.19962	0	35	2021-09-18T10:55:02
9.03656	-52.19736	0	35	2021-09-18T11:00:03
9.03799	-52.19511	0	35	2021-09-18T11:05:04
9.03932	-52.19296	0	35	2021-09-18T11:10:05
9.04068	-52.19089	0	35	2021-09-18T11:15:02
9.04196	-52.18863	0	35	2021-09-18T11:20:03
9.04326	-52.18625	0	35	2021-09-18T11:25:26
9.04449	-52.18414	0	35	2021-09-18T11:30:04
9.04587	-52.18170	0	35	2021-09-18T11:35:25
9.04704	-52.17966	0	35	2021-09-18T11:40:02
9.04820	-52.17737	0	35	2021-09-18T11:45:02
9.04935	-52.17511	0	35	2021-09-18T11:50:03
9.05052	-52.17276	0	35	2021-09-18T11:55:04
9.05166	-52.17041	0	35	2021-09-18T12:00:02
9.05282	-52.16806	0	35	2021-09-18T12:05:05
9.05399	-52.16571	0	35	2021-09-18T12:10:03
9.05519	-52.16339	0	35	2021-09-18T12:15:03
9.05640	-52.16101	0	35	2021-09-18T12:20:02
9.05758	-52.15866	0	35	2021-09-18T12:25:02
9.05884	-52.15631	0	35	2021-09-18T12:30:03
9.06015	-52.15372	0	35	2021-09-18T12:35:29
9.06123	-52.15152	0	35	2021-09-18T12:40:00
9.06241	-52.14911	0	35	2021-09-18T12:45:01
9.06359	-52.14673	0	35	2021-09-18T12:49:59
9.06478	-52.14429	0	35	2021-09-18T12:55:00
9.06593	-52.14185	0	35	2021-09-18T13:00:03
9.06706	-52.13940	0	35	2021-09-18T13:04:57
9.06819	-52.13693	0	35	2021-09-18T13:10:02
9.06931	-52.13443	0	35	2021-09-18T13:15:00
9.07043	-52.13190	0	35	2021-09-18T13:20:03
9.07152	-52.12939	0	35	2021-09-18T13:25:01
9.07258	-52.12689	0	35	2021-09-18T13:30:00
9.07384	-52.12396	0	35	2021-09-18T13:35:25
9.07484	-52.12160	0	35	2021-09-18T13:40:03
9.07600	-52.11903	0	35	2021-09-18T13:45:03
9.07712	-52.11646	0	35	2021-09-18T13:50:02
9.07823	-52.11380	0	35	2021-09-18T13:55:02
9.07940	-52.11111	0	35	2021-09-18T14:00:03
9.08056	-52.10846	0	35	2021-09-18T14:05:03
9.08177	-52.10580	0	35	2021-09-18T14:10:05
9.08299	-52.10309	0	35	2021-09-18T14:15:04
9.08431	-52.10035	0	35	2021-09-18T14:20:02
9.08549	-52.09763	0	35	2021-09-18T14:25:04
9.08671	-52.09494	0	35	2021-09-18T14:30:03
9.08799	-52.09192	0	35	2021-09-18T14:35:24
9.08911	-52.08932	0	35	2021-09-18T14:40:02
9.09037	-52.08652	0	35	2021-09-18T14:45:03
9.09165	-52.08377	0	35	2021-09-18T14:50:04
9.09291	-52.08106	0	35	2021-09-18T14:55:05
9.09415	-52.07840	0	35	2021-09-18T15:00:13
9.09544	-52.07565	0	35	2021-09-18T15:05:06
9.09671	-52.07288	0	35	2021-09-18T15:10:03
9.09793	-52.07007	0	35	2021-09-18T15:15:00
9.09915	-52.06720	0	35	2021-09-18T15:20:02
9.10033	-52.06433	0	35	2021-09-18T15:24:59
9.10158	-52.06143	0	35	2021-09-18T15:30:00
9.10302	-52.05817	0	35	2021-09-18T15:35:27
9.10399	-52.05573	0	35	2021-09-18T15:39:57
9.10510	-52.05276	0	35	2021-09-18T15:45:00
9.10631	-52.04990	0	35	2021-09-18T15:49:58
9.10754	-52.04703	0	35	2021-09-18T15:54:55
9.10872	-52.04407	0	35	2021-09-18T16:00:00
9.10990	-52.04117	0	35	2021-09-18T16:05:01
9.11109	-52.03817	0	35	2021-09-18T16:10:02
9.11208	-52.03534	0	35	2021-09-18T16:15:02
9.11320	-52.03244	0	35	2021-09-18T16:20:00
9.11431	-52.02948	0	35	2021-09-18T16:25:03
9.11539	-52.02658	0	35	2021-09-18T16:30:01
9.11656	-52.02321	0	35	2021-09-18T16:35:02
9.11745	-52.02072	0	35	2021-09-18T16:40:02
9.11852	-52.01785	0	35	2021-09-18T16:45:00
9.11960	-52.01501	0	35	2021-09-18T16:50:01
9.12066	-52.01215	0	35	2021-09-18T16:54:58
9.12165	-52.00922	0	35	2021-09-18T16:59:59
9.12358	-52.00328	0	35	2021-09-18T17:09:57
9.12457	-52.00052	0	35	2021-09-18T17:14:56
9.12560	-51.99762	0	35	2021-09-18T17:19:58
9.12660	-51.99472	0	35	2021-09-18T17:24:59
9.12758	-51.99179	0	35	2021-09-18T17:30:01
9.12862	-51.98862	0	35	2021-09-18T17:35:24
9.12949	-51.98590	0	35	2021-09-18T17:39:58
9.13044	-51.98297	0	35	2021-09-18T17:44:58
9.13148	-51.97981	0	35	2021-09-18T17:49:58
9.13247	-51.97681	0	35	2021-09-18T17:54:57
9.13350	-51.97382	0	35	2021-09-18T17:59:58
9.13453	-51.97070	0	35	2021-09-18T18:04:59
9.13551	-51.96759	0	35	2021-09-18T18:10:02
9.13644	-51.96439	0	35	2021-09-18T18:15:00
9.13740	-51.96121	0	35	2021-09-18T18:19:57
9.13836	-51.95801	0	35	2021-09-18T18:24:55
9.13923	-51.95472	0	35	2021-09-18T18:30:25
9.14023	-51.95129	0	35	2021-09-18T18:35:25
9.14109	-51.94843	0	35	2021-09-18T18:39:59
9.14199	-51.94525	0	35	2021-09-18T18:44:58
9.14289	-51.94196	0	35	2021-09-18T18:49:57
9.14366	-51.93878	0	35	2021-09-18T18:54:56
9.14451	-51.93552	0	35	2021-09-18T18:59:59
9.14523	-51.93234	0	35	2021-09-18T19:04:57
9.14582	-51.92902	0	35	2021-09-18T19:09:57
9.14628	-51.92569	0	35	2021-09-18T19:14:55
9.14661	-51.92239	0	35	2021-09-18T19:19:58
9.14681	-51.91912	0	35	2021-09-18T19:24:57
9.14706	-51.91577	0	35	2021-09-18T19:29:58
9.14738	-51.91211	0	35	2021-09-18T19:35:25
9.14750	-51.90912	0	35	2021-09-18T19:39:58
9.14756	-51.90588	0	35	2021-09-18T19:44:56
9.14765	-51.90262	0	35	2021-09-18T19:49:58
9.14776	-51.89935	0	35	2021-09-18T19:54:58
9.14774	-51.89618	0	35	2021-09-18T20:00:00
9.14770	-51.89298	0	35	2021-09-18T20:05:03
9.14770	-51.88980	0	35	2021-09-18T20:10:03
9.14772	-51.88660	0	35	2021-09-18T20:15:01
9.14779	-51.88334	0	35	2021-09-18T20:20:06
9.14777	-51.88339	0	35	2021-09-18T20:20:10
9.14783	-51.88016	0	35	2021-09-18T20:25:06
9.14794	-51.87692	0	35	2021-09-18T20:30:00
9.14803	-51.87341	0	35	2021-09-18T20:35:25
9.14811	-51.87040	0	35	2021-09-18T20:39:58
9.14814	-51.86728	0	35	2021-09-18T20:45:00
9.14819	-51.86404	0	35	2021-09-18T20:49:59
9.14819	-51.86075	0	35	2021-09-18T20:55:01
9.14825	-51.85748	0	35	2021-09-18T21:00:01
9.14825	-51.85422	0	35	2021-09-18T21:05:01
9.14822	-51.85092	0	35	2021-09-18T21:09:59
9.14819	-51.84753	0	35	2021-09-18T21:15:01
9.14819	-51.84417	0	35	2021-09-18T21:20:01
9.14823	-51.84082	0	35	2021-09-18T21:25:02
9.14825	-51.83743	0	35	2021-09-18T21:30:00
9.14823	-51.83383	0	35	2021-09-18T21:35:26
9.14812	-51.82732	0	35	2021-09-18T21:45:05
9.14799	-51.82406	0	35	2021-09-18T21:50:06
9.14781	-51.82080	0	35	2021-09-18T21:55:06
9.14767	-51.81750	0	35	2021-09-18T22:00:04
9.14753	-51.81415	0	35	2021-09-18T22:05:04
9.14734	-51.81072	0	35	2021-09-18T22:10:06
9.14720	-51.80737	0	35	2021-09-18T22:15:07
9.14703	-51.80405	0	35	2021-09-18T22:20:04
9.14258	-51.79755	0	35	2021-09-18T22:25:28
9.14460	-51.79575	0	35	2021-09-18T22:30:28
9.14649	-51.79395	0	35	2021-09-18T22:35:28
9.14631	-51.79086	0	35	2021-09-18T22:40:06
9.14614	-51.78751	0	35	2021-09-18T22:45:04
9.14614	-51.78744	0	35	2021-09-18T22:45:05
9.14614	-51.78743	0	35	2021-09-18T22:45:08
9.14597	-51.78418	0	35	2021-09-18T22:50:05
9.14597	-51.78417	0	35	2021-09-18T22:50:08
9.14579	-51.78091	0	35	2021-09-18T22:55:08
9.14564	-51.77768	0	35	2021-09-18T23:00:06
9.14554	-51.77444	0	35	2021-09-18T23:05:07
9.14547	-51.77127	0	35	2021-09-18T23:10:07
9.14542	-51.76816	0	35	2021-09-18T23:15:05
9.14528	-51.76495	0	35	2021-09-18T23:20:06
9.14513	-51.76175	0	35	2021-09-18T23:25:07
9.14499	-51.75854	0	35	2021-09-18T23:30:28
9.14478	-51.75519	0	35	2021-09-18T23:35:28
9.14461	-51.75220	0	35	2021-09-18T23:40:09
9.14438	-51.74902	0	35	2021-09-18T23:45:07
9.14408	-51.74570	0	35	2021-09-18T23:50:07
9.14382	-51.74252	0	35	2021-09-18T23:55:07
9.14359	-51.73932	0	35	2021-09-19T00:00:05
9.14333	-51.73611	0	35	2021-09-19T00:05:06
9.14302	-51.73283	0	35	2021-09-19T00:10:02
9.14279	-51.72968	0	35	2021-09-19T00:15:04
9.14246	-51.72647	0	35	2021-09-19T00:20:01
9.14215	-51.72324	0	35	2021-09-19T00:25:02
9.14178	-51.72000	0	35	2021-09-19T00:30:03
9.14141	-51.71652	0	35	2021-09-19T00:35:25
9.14109	-51.71356	0	35	2021-09-19T00:40:00
9.14070	-51.71045	0	35	2021-09-19T00:45:01
9.14030	-51.70737	0	35	2021-09-19T00:49:58
9.13992	-51.70422	0	35	2021-09-19T00:55:00
9.13949	-51.70111	0	35	2021-09-19T01:00:01
9.13908	-51.69794	0	35	2021-09-19T01:05:00
9.13868	-51.69476	0	35	2021-09-19T01:09:58
9.13831	-51.69156	0	35	2021-09-19T01:15:00
9.13790	-51.68832	0	35	2021-09-19T01:20:02
9.13752	-51.68515	0	35	2021-09-19T01:25:01
9.13714	-51.68188	0	35	2021-09-19T01:30:01
9.13672	-51.67838	0	35	2021-09-19T01:35:28
9.13634	-51.67545	0	35	2021-09-19T01:39:59
9.13594	-51.67212	0	35	2021-09-19T01:45:00
9.13552	-51.66882	0	35	2021-09-19T01:50:01
9.13508	-51.66556	0	35	2021-09-19T01:54:59
9.13457	-51.66224	0	35	2021-09-19T01:59:59
9.13410	-51.65906	0	35	2021-09-19T02:05:00
9.13362	-51.65576	0	35	2021-09-19T02:10:00
9.13313	-51.65247	0	35	2021-09-19T02:15:00
9.13258	-51.64923	0	35	2021-09-19T02:19:58
9.13202	-51.64597	0	35	2021-09-19T02:25:02
9.13139	-51.64279	0	35	2021-09-19T02:30:00
9.13073	-51.63934	0	35	2021-09-19T02:35:27
9.13020	-51.63641	0	35	2021-09-19T02:40:05
9.12961	-51.63333	0	35	2021-09-19T02:45:03
9.12899	-51.63034	0	35	2021-09-19T02:50:00
9.12766	-51.62419	0	35	2021-09-19T03:00:00
9.12705	-51.62134	0	35	2021-09-19T03:04:59
9.12642	-51.61835	0	35	2021-09-19T03:09:59
9.12580	-51.61539	0	35	2021-09-19T03:14:57
9.12513	-51.61243	0	35	2021-09-19T03:20:00
9.12442	-51.60956	0	35	2021-09-19T03:24:58
9.12371	-51.60661	0	35	2021-09-19T03:30:27
9.12294	-51.60352	0	35	2021-09-19T03:35:27
9.12231	-51.60089	0	35	2021-09-19T03:39:57
9.12157	-51.59799	0	35	2021-09-19T03:44:58
9.12082	-51.59500	0	35	2021-09-19T03:50:01
9.12002	-51.59201	0	35	2021-09-19T03:54:59
9.11928	-51.58898	0	35	2021-09-19T03:59:59
9.11855	-51.58606	0	35	2021-09-19T04:04:58
9.11780	-51.58310	0	35	2021-09-19T04:09:59
9.11705	-51.58020	0	35	2021-09-19T04:14:59
9.11628	-51.57727	0	35	2021-09-19T04:20:00
9.11552	-51.57437	0	35	2021-09-19T04:24:57
9.11475	-51.57150	0	35	2021-09-19T04:29:58
9.11383	-51.56841	0	35	2021-09-19T04:34:58
9.11309	-51.56592	0	35	2021-09-19T04:39:58
9.11224	-51.56317	0	35	2021-09-19T04:44:57
9.11140	-51.56037	0	35	2021-09-19T04:49:57
9.11059	-51.55771	0	35	2021-09-19T04:54:57
9.10981	-51.55511	0	35	2021-09-19T04:59:54
9.10905	-51.55246	0	35	2021-09-19T05:04:55
9.10826	-51.54980	0	35	2021-09-19T05:09:56
9.10751	-51.54710	0	35	2021-09-19T05:14:54
9.10678	-51.54453	0	35	2021-09-19T05:19:54
9.10604	-51.54193	0	35	2021-09-19T05:24:52
9.10527	-51.53927	0	35	2021-09-19T05:29:48
9.10441	-51.53635	0	35	2021-09-19T05:34:49
9.10371	-51.53403	0	35	2021-09-19T05:39:49
9.10295	-51.53140	0	35	2021-09-19T05:44:48
9.10213	-51.52867	0	35	2021-09-19T05:49:48
9.10136	-51.52601	0	35	2021-09-19T05:54:49
9.10054	-51.52344	0	35	2021-09-19T05:59:49
9.09966	-51.52075	0	35	2021-09-19T06:04:47
9.09878	-51.51807	0	35	2021-09-19T06:09:45
9.09788	-51.51535	0	35	2021-09-19T06:14:48
9.09698	-51.51260	0	35	2021-09-19T06:19:49
9.09606	-51.50989	0	35	2021-09-19T06:24:46
9.09515	-51.50717	0	35	2021-09-19T06:29:44
9.09404	-51.50403	0	35	2021-09-19T06:35:25
9.09315	-51.50162	0	35	2021-09-19T06:39:48
9.09221	-51.49887	0	35	2021-09-19T06:44:46
9.09121	-51.49609	0	35	2021-09-19T06:49:47
9.09019	-51.49332	0	35	2021-09-19T06:54:45
9.08916	-51.49057	0	35	2021-09-19T06:59:44
9.08808	-51.48779	0	35	2021-09-19T07:04:46
9.08697	-51.48502	0	35	2021-09-19T07:09:46
9.08588	-51.48227	0	35	2021-09-19T07:14:44
9.08479	-51.47952	0	35	2021-09-19T07:19:44
9.08365	-51.47681	0	35	2021-09-19T07:24:45
9.08252	-51.47406	0	35	2021-09-19T07:29:46
9.08132	-51.47119	0	35	2021-09-19T07:35:06
9.08023	-51.46875	0	35	2021-09-19T07:39:44
9.07907	-51.46600	0	35	2021-09-19T07:44:45
9.07793	-51.46332	0	35	2021-09-19T07:49:46
9.07671	-51.46072	0	35	2021-09-19T07:54:46
9.07551	-51.45812	0	35	2021-09-19T07:59:47
9.07427	-51.45555	0	35	2021-09-19T08:04:47
9.07307	-51.45306	0	35	2021-09-19T08:09:46
9.07183	-51.45056	0	35	2021-09-19T08:14:45
9.07057	-51.44806	0	35	2021-09-19T08:19:47
9.06927	-51.44556	0	35	2021-09-19T08:24:44
9.06797	-51.44308	0	35	2021-09-19T08:29:45
9.06649	-51.44043	0	35	2021-09-19T08:35:09
9.06523	-51.43810	0	35	2021-09-19T08:39:46
9.06391	-51.43570	0	35	2021-09-19T08:44:46
9.06267	-51.43338	0	35	2021-09-19T08:49:45
9.06136	-51.43100	0	35	2021-09-19T08:54:48
9.06007	-51.42871	0	35	2021-09-19T08:59:46
9.05879	-51.42639	0	35	2021-09-19T09:04:44
9.05751	-51.42413	0	35	2021-09-19T09:09:48
9.05629	-51.42175	0	35	2021-09-19T09:14:47
9.05504	-51.41934	0	35	2021-09-19T09:19:49
9.05378	-51.41699	0	35	2021-09-19T09:24:50
9.05254	-51.41467	0	35	2021-09-19T09:29:50
9.05114	-51.41211	0	35	2021-09-19T09:35:22
9.05005	-51.41006	0	35	2021-09-19T09:39:50
9.04885	-51.40775	0	35	2021-09-19T09:44:47
9.04771	-51.40540	0	35	2021-09-19T09:49:47
9.04654	-51.40305	0	35	2021-09-19T09:54:44
9.04538	-51.40076	0	35	2021-09-19T09:59:43
9.04421	-51.39847	0	35	2021-09-19T10:04:44
9.04301	-51.39609	0	35	2021-09-19T10:09:42
9.04177	-51.39386	0	35	2021-09-19T10:14:42
9.04050	-51.39154	0	35	2021-09-19T10:19:40
9.03931	-51.38922	0	35	2021-09-19T10:24:40
9.03808	-51.38693	0	35	2021-09-19T10:29:41
9.03673	-51.38437	0	35	2021-09-19T10:35:06
9.03564	-51.38220	0	35	2021-09-19T10:39:40
9.03445	-51.37991	0	35	2021-09-19T10:44:37
9.03203	-51.37524	0	35	2021-09-19T10:54:39
9.03086	-51.37289	0	35	2021-09-19T10:59:36
9.02968	-51.37057	0	35	2021-09-19T11:04:37
9.02844	-51.36832	0	35	2021-09-19T11:09:34
9.02722	-51.36600	0	35	2021-09-19T11:14:35
9.02600	-51.36365	0	35	2021-09-19T11:19:35
9.02471	-51.36133	0	35	2021-09-19T11:24:36
9.02342	-51.35898	0	35	2021-09-19T11:29:37
9.02214	-51.35658	0	35	2021-09-19T11:34:37
9.02102	-51.35452	0	35	2021-09-19T11:39:37
9.01981	-51.35223	0	35	2021-09-19T11:44:36
9.01862	-51.34991	0	35	2021-09-19T11:49:37
9.01739	-51.34753	0	35	2021-09-19T11:54:38
9.01619	-51.34525	0	35	2021-09-19T11:59:37
9.01495	-51.34290	0	35	2021-09-19T12:04:39
9.01366	-51.34058	0	35	2021-09-19T12:09:40
9.01238	-51.33820	0	35	2021-09-19T12:14:37
9.01113	-51.33588	0	35	2021-09-19T12:19:37
9.00988	-51.33350	0	35	2021-09-19T12:24:39
9.00867	-51.33118	0	35	2021-09-19T12:29:36
9.00744	-51.32867	0	35	2021-09-19T12:34:56
9.00634	-51.32654	0	35	2021-09-19T12:39:37
9.00512	-51.32425	0	35	2021-09-19T12:44:35
9.00397	-51.32193	0	35	2021-09-19T12:49:35
9.00276	-51.31964	0	35	2021-09-19T12:54:36
9.00149	-51.31738	0	35	2021-09-19T12:59:37
9.00023	-51.31506	0	35	2021-09-19T13:04:31
8.99893	-51.31281	0	35	2021-09-19T13:09:32
8.99761	-51.31052	0	35	2021-09-19T13:14:33
8.99632	-51.30826	0	35	2021-09-19T13:19:32
8.99499	-51.30600	0	35	2021-09-19T13:24:33
8.99362	-51.30380	0	35	2021-09-19T13:29:31
8.99216	-51.30148	0	35	2021-09-19T13:34:55
8.99086	-51.29959	0	35	2021-09-19T13:39:29
8.98954	-51.29749	0	35	2021-09-19T13:44:30
8.98818	-51.29533	0	35	2021-09-19T13:49:26
8.98689	-51.29327	0	35	2021-09-19T13:54:27
8.98556	-51.29123	0	35	2021-09-19T13:59:24
8.98418	-51.28905	0	35	2021-09-19T14:04:26
8.98284	-51.28699	0	35	2021-09-19T14:09:26
8.98147	-51.28485	0	35	2021-09-19T14:14:27
8.98013	-51.28268	0	35	2021-09-19T14:19:27
8.97873	-51.28044	0	35	2021-09-19T14:24:55
8.97739	-51.27838	0	35	2021-09-19T14:29:56
8.97594	-51.27615	0	35	2021-09-19T14:34:56
8.97475	-51.27423	0	35	2021-09-19T14:39:24
8.97339	-51.27209	0	35	2021-09-19T14:44:25
8.97204	-51.26996	0	35	2021-09-19T14:49:25
8.97070	-51.26782	0	35	2021-09-19T14:54:26
8.96935	-51.26572	0	35	2021-09-19T14:59:24
8.96798	-51.26346	0	35	2021-09-19T15:04:26
8.96660	-51.26140	0	35	2021-09-19T15:09:25
8.96524	-51.25934	0	35	2021-09-19T15:14:25
8.96383	-51.25732	0	35	2021-09-19T15:19:25
8.96106	-51.25317	0	35	2021-09-19T15:29:28
8.95960	-51.25102	0	35	2021-09-19T15:34:28
8.95836	-51.24930	0	35	2021-09-19T15:39:27
8.95698	-51.24728	0	35	2021-09-19T15:44:23
8.95567	-51.24527	0	35	2021-09-19T15:49:24
8.95424	-51.24316	0	35	2021-09-19T15:54:25
8.95288	-51.24113	0	35	2021-09-19T15:59:25
8.95158	-51.23907	0	35	2021-09-19T16:04:25
8.95027	-51.23706	0	35	2021-09-19T16:09:23
8.94891	-51.23499	0	35	2021-09-19T16:14:21
8.94759	-51.23300	0	35	2021-09-19T16:19:22
8.94628	-51.23096	0	35	2021-09-19T16:24:22
8.94492	-51.22891	0	35	2021-09-19T16:29:23
8.94341	-51.22662	0	35	2021-09-19T16:34:58
8.94209	-51.22479	0	35	2021-09-19T16:39:21
8.94070	-51.22272	0	35	2021-09-19T16:44:18
8.93919	-51.22061	0	35	2021-09-19T16:49:18
8.93770	-51.21858	0	35	2021-09-19T16:54:15
8.93628	-51.21661	0	35	2021-09-19T16:59:15
8.93478	-51.21460	0	35	2021-09-19T17:04:12
8.93333	-51.21255	0	35	2021-09-19T17:09:10
8.93177	-51.21037	0	35	2021-09-19T17:14:14
8.93027	-51.20840	0	35	2021-09-19T17:19:13
8.92877	-51.20651	0	35	2021-09-19T17:24:13
8.92726	-51.20450	0	35	2021-09-19T17:29:11
8.92553	-51.20229	0	35	2021-09-19T17:34:14
8.92416	-51.20049	0	35	2021-09-19T17:39:14
8.92262	-51.19852	0	35	2021-09-19T17:44:13
8.92102	-51.19659	0	35	2021-09-19T17:49:14
8.91944	-51.19467	0	35	2021-09-19T17:54:14
8.91785	-51.19275	0	35	2021-09-19T17:59:11
8.91625	-51.19083	0	35	2021-09-19T18:04:12
8.91468	-51.18896	0	35	2021-09-19T18:09:09
8.91306	-51.18704	0	35	2021-09-19T18:14:13
8.91151	-51.18524	0	35	2021-09-19T18:19:12
8.90999	-51.18341	0	35	2021-09-19T18:24:12
8.90844	-51.18161	0	35	2021-09-19T18:29:11
8.90675	-51.17978	0	35	2021-09-19T18:34:37
8.90527	-51.17819	0	35	2021-09-19T18:39:14
8.90363	-51.17654	0	35	2021-09-19T18:44:14
8.90197	-51.17490	0	35	2021-09-19T18:49:13
8.90023	-51.17317	0	35	2021-09-19T18:54:13
8.89856	-51.17154	0	35	2021-09-19T18:59:14
8.89686	-51.16992	0	35	2021-09-19T19:04:15
8.89518	-51.16827	0	35	2021-09-19T19:09:15
8.89349	-51.16663	0	35	2021-09-19T19:14:20
8.89180	-51.16504	0	35	2021-09-19T19:19:17
8.89014	-51.16351	0	35	2021-09-19T19:24:14
8.88850	-51.16193	0	35	2021-09-19T19:29:15
8.88673	-51.16022	0	35	2021-09-19T19:34:36
8.88523	-51.15878	0	35	2021-09-19T19:39:10
8.88354	-51.15717	0	35	2021-09-19T19:44:14
8.88190	-51.15558	0	35	2021-09-19T19:49:11
8.88026	-51.15402	0	35	2021-09-19T19:54:10
8.87855	-51.15240	0	35	2021-09-19T19:59:13
8.87681	-51.15079	0	35	2021-09-19T20:04:14
8.87508	-51.14917	0	35	2021-09-19T20:09:14
8.87327	-51.14755	0	35	2021-09-19T20:14:15
8.87148	-51.14603	0	35	2021-09-19T20:19:15
8.86971	-51.14453	0	35	2021-09-19T20:24:14
8.86796	-51.14310	0	35	2021-09-19T20:29:13
8.86609	-51.14154	0	35	2021-09-19T20:34:37
8.86454	-51.14023	0	35	2021-09-19T20:39:11
8.86288	-51.13879	0	35	2021-09-19T20:44:08
8.86121	-51.13742	0	35	2021-09-19T20:49:08
8.85952	-51.13599	0	35	2021-09-19T20:54:04
8.85782	-51.13461	0	35	2021-09-19T20:59:07
8.85604	-51.13308	0	35	2021-09-19T21:04:04
8.85439	-51.13177	0	35	2021-09-19T21:09:02
8.85270	-51.13034	0	35	2021-09-19T21:14:03
8.85098	-51.12891	0	35	2021-09-19T21:19:04
8.84924	-51.12747	0	35	2021-09-19T21:24:03
8.84747	-51.12601	0	35	2021-09-19T21:29:04
8.84558	-51.12442	0	35	2021-09-19T21:34:26
8.84397	-51.12302	0	35	2021-09-19T21:39:03
8.84221	-51.12158	0	35	2021-09-19T21:44:06
8.84046	-51.12015	0	35	2021-09-19T21:49:04
8.83869	-51.11871	0	35	2021-09-19T21:54:05
8.83691	-51.11731	0	35	2021-09-19T21:59:02
8.83520	-51.11588	0	35	2021-09-19T22:04:03
8.83338	-51.11447	0	35	2021-09-19T22:09:01
8.83151	-51.11307	0	35	2021-09-19T22:14:02
8.82963	-51.11154	0	35	2021-09-19T22:19:01
8.82779	-51.11008	0	35	2021-09-19T22:24:00
8.82592	-51.10858	0	35	2021-09-19T22:29:02
8.82394	-51.10706	0	35	2021-09-19T22:34:27
8.82230	-51.10577	0	35	2021-09-19T22:38:58
8.82053	-51.10428	0	35	2021-09-19T22:43:55
8.81875	-51.10275	0	35	2021-09-19T22:48:56
8.81692	-51.10122	0	35	2021-09-19T22:53:53
8.81507	-51.09976	0	35	2021-09-19T22:58:53
8.81321	-51.09824	0	35	2021-09-19T23:03:51
8.81143	-51.09671	0	35	2021-09-19T23:08:52
8.80958	-51.09523	0	35	2021-09-19T23:13:52
8.80772	-51.09369	0	35	2021-09-19T23:18:53
8.80585	-51.09207	0	35	2021-09-19T23:23:54
8.80395	-51.09058	0	35	2021-09-19T23:28:53
8.80180	-51.08878	0	35	2021-09-19T23:33:52
8.80017	-51.08749	0	35	2021-09-19T23:38:52
8.79826	-51.08588	0	35	2021-09-19T23:43:53
8.79634	-51.08429	0	35	2021-09-19T23:48:50
8.79447	-51.08270	0	35	2021-09-19T23:53:51
8.79260	-51.08109	0	35	2021-09-19T23:58:52
8.79074	-51.07944	0	35	2021-09-20T00:03:48
8.78893	-51.07774	0	35	2021-09-20T00:08:50
8.78708	-51.07620	0	35	2021-09-20T00:13:50
8.78529	-51.07463	0	35	2021-09-20T00:18:50
8.78356	-51.07300	0	35	2021-09-20T00:23:49
8.78179	-51.07135	0	35	2021-09-20T00:28:50
8.77980	-51.06939	0	35	2021-09-20T00:33:54
8.77818	-51.06802	0	35	2021-09-20T00:38:54
8.77636	-51.06639	0	35	2021-09-20T00:43:52
8.77460	-51.06476	0	35	2021-09-20T00:48:52
8.77286	-51.06308	0	35	2021-09-20T00:53:51
8.77112	-51.06143	0	35	2021-09-20T00:58:50
8.76942	-51.05978	0	35	2021-09-20T01:03:52
8.76774	-51.05814	0	35	2021-09-20T01:08:49
8.76608	-51.05650	0	35	2021-09-20T01:13:49
8.76441	-51.05487	0	35	2021-09-20T01:18:49
8.76272	-51.05325	0	35	2021-09-20T01:23:48
8.76102	-51.05161	0	35	2021-09-20T01:28:51
8.75911	-51.04971	0	35	2021-09-20T01:34:26
8.75755	-51.04819	0	35	2021-09-20T01:38:51
8.75587	-51.04645	0	35	2021-09-20T01:43:55
8.75418	-51.04477	0	35	2021-09-20T01:48:55
8.75262	-51.04309	0	35	2021-09-20T01:53:52
8.75097	-51.04141	0	35	2021-09-20T01:58:53
8.74934	-51.03973	0	35	2021-09-20T02:03:51
8.74769	-51.03806	0	35	2021-09-20T02:08:51
8.74606	-51.03638	0	35	2021-09-20T02:13:51
8.74437	-51.03470	0	35	2021-09-20T02:18:48
8.74269	-51.03302	0	35	2021-09-20T02:23:50
8.74105	-51.03134	0	35	2021-09-20T02:28:49
8.73928	-51.02942	0	35	2021-09-20T02:34:26
8.73785	-51.02795	0	35	2021-09-20T02:38:51
8.73624	-51.02632	0	35	2021-09-20T02:43:48
8.73461	-51.02469	0	35	2021-09-20T02:48:47
8.73298	-51.02307	0	35	2021-09-20T02:53:50
8.73138	-51.02145	0	35	2021-09-20T02:58:48
8.72976	-51.01981	0	35	2021-09-20T03:03:49
8.72816	-51.01819	0	35	2021-09-20T03:08:51
8.72659	-51.01660	0	35	2021-09-20T03:13:51
8.72507	-51.01505	0	35	2021-09-20T03:18:52
8.72354	-51.01349	0	35	2021-09-20T03:23:49
8.72199	-51.01193	0	35	2021-09-20T03:28:50
8.72028	-51.01016	0	35	2021-09-20T03:34:25
8.71890	-51.00879	0	35	2021-09-20T03:38:50
8.71734	-51.00723	0	35	2021-09-20T03:43:47
8.71578	-51.00574	0	35	2021-09-20T03:48:45
8.71424	-51.00421	0	35	2021-09-20T03:53:46
8.71266	-51.00262	0	35	2021-09-20T03:58:47
8.71104	-51.00107	0	35	2021-09-20T04:03:47
8.70942	-50.99945	0	35	2021-09-20T04:08:48
8.70778	-50.99780	0	35	2021-09-20T04:13:46
8.70608	-50.99614	0	35	2021-09-20T04:18:47
8.70440	-50.99451	0	35	2021-09-20T04:23:47
8.70271	-50.99283	0	35	2021-09-20T04:28:48
8.70078	-50.99094	0	35	2021-09-20T04:34:27
8.69922	-50.98944	0	35	2021-09-20T04:38:49
8.69746	-50.98779	0	35	2021-09-20T04:43:51
8.69567	-50.98621	0	35	2021-09-20T04:48:48
8.69384	-50.98459	0	35	2021-09-20T04:53:47
8.69197	-50.98303	0	35	2021-09-20T04:58:49
8.69008	-50.98151	0	35	2021-09-20T05:03:50
8.68812	-50.98007	0	35	2021-09-20T05:08:47
8.68615	-50.97861	0	35	2021-09-20T05:13:44
8.68411	-50.97711	0	35	2021-09-20T05:18:46
8.68205	-50.97574	0	35	2021-09-20T05:23:46
8.68004	-50.97433	0	35	2021-09-20T05:28:43
8.67784	-50.97278	0	35	2021-09-20T05:34:07
8.67601	-50.97147	0	35	2021-09-20T05:38:45
8.67407	-50.97000	0	35	2021-09-20T05:43:44
8.67212	-50.96829	0	35	2021-09-20T05:48:45
8.67017	-50.96649	0	35	2021-09-20T05:53:47
8.66834	-50.96478	0	35	2021-09-20T05:58:45
8.66653	-50.96310	0	35	2021-09-20T06:03:45
8.66473	-50.96133	0	35	2021-09-20T06:08:46
8.66291	-50.95953	0	35	2021-09-20T06:13:46
8.66113	-50.95777	0	35	2021-09-20T06:18:44
8.65936	-50.95605	0	35	2021-09-20T06:23:45
8.65762	-50.95425	0	35	2021-09-20T06:28:48
8.65562	-50.95239	0	35	2021-09-20T06:34:25
8.65401	-50.95090	0	35	2021-09-20T06:38:48
8.65216	-50.94919	0	35	2021-09-20T06:43:51
8.65021	-50.94752	0	35	2021-09-20T06:48:49
8.64833	-50.94589	0	35	2021-09-20T06:53:50
8.64643	-50.94427	0	35	2021-09-20T06:58:51
8.64456	-50.94263	0	35	2021-09-20T07:03:55
8.64274	-50.94101	0	35	2021-09-20T07:08:53
8.64096	-50.93939	0	35	2021-09-20T07:13:50
8.63918	-50.93787	0	35	2021-09-20T07:18:50
8.63740	-50.93634	0	35	2021-09-20T07:23:48
8.63561	-50.93478	0	35	2021-09-20T07:28:48
8.63362	-50.93307	0	35	2021-09-20T07:34:24
8.63205	-50.93170	0	35	2021-09-20T07:38:46
8.63022	-50.93018	0	35	2021-09-20T07:43:49
8.62845	-50.92868	0	35	2021-09-20T07:48:48
8.62660	-50.92722	0	35	2021-09-20T07:53:45
8.62480	-50.92572	0	35	2021-09-20T07:58:48
8.62297	-50.92422	0	35	2021-09-20T08:03:50
8.62111	-50.92268	0	35	2021-09-20T08:08:51
8.61927	-50.92114	0	35	2021-09-20T08:13:51
8.61743	-50.91962	0	35	2021-09-20T08:18:48
8.61561	-50.91809	0	35	2021-09-20T08:23:47
8.61378	-50.91653	0	35	2021-09-20T08:28:49
8.61180	-50.91486	0	35	2021-09-20T08:34:07
8.61004	-50.91342	0	35	2021-09-20T08:38:44
8.60820	-50.91190	0	35	2021-09-20T08:43:41
8.60629	-50.91042	0	35	2021-09-20T08:48:42
8.60453	-50.90896	0	35	2021-09-20T08:53:42
8.60272	-50.90759	0	35	2021-09-20T08:58:41
8.60093	-50.90619	0	35	2021-09-20T09:03:44
8.59911	-50.90479	0	35	2021-09-20T09:08:42
8.59731	-50.90338	0	35	2021-09-20T09:13:43
8.59551	-50.90198	0	35	2021-09-20T09:18:41
8.59370	-50.90051	0	35	2021-09-20T09:23:40
8.59186	-50.89905	0	35	2021-09-20T09:28:42
8.58986	-50.89746	0	35	2021-09-20T09:34:06
8.58820	-50.89612	0	35	2021-09-20T09:38:42
8.58636	-50.89468	0	35	2021-09-20T09:43:44
8.58449	-50.89322	0	35	2021-09-20T09:48:45
8.58261	-50.89182	0	35	2021-09-20T09:53:45
8.58066	-50.89038	0	35	2021-09-20T09:58:47
8.57873	-50.88892	0	35	2021-09-20T10:03:47
8.57675	-50.88748	0	35	2021-09-20T10:08:45
8.57479	-50.88608	0	35	2021-09-20T10:13:49
8.57277	-50.88470	0	35	2021-09-20T10:18:47
8.57077	-50.88330	0	35	2021-09-20T10:23:50
8.56878	-50.88193	0	35	2021-09-20T10:28:49
8.56659	-50.88046	0	35	2021-09-20T10:33:55
8.56483	-50.87934	0	35	2021-09-20T10:38:54
8.56281	-50.87805	0	35	2021-09-20T10:43:55
8.56079	-50.87674	0	35	2021-09-20T10:48:54
8.55678	-50.87422	0	35	2021-09-20T10:58:56
8.55477	-50.87292	0	35	2021-09-20T11:03:55
8.55279	-50.87164	0	35	2021-09-20T11:08:55
8.55085	-50.87039	0	35	2021-09-20T11:13:53
8.54890	-50.86905	0	35	2021-09-20T11:18:57
8.54698	-50.86774	0	35	2021-09-20T11:23:53
8.54505	-50.86649	0	35	2021-09-20T11:28:51
8.54280	-50.86505	0	35	2021-09-20T11:34:26
8.54102	-50.86395	0	35	2021-09-20T11:38:53
8.53903	-50.86267	0	35	2021-09-20T11:43:53
8.53698	-50.86139	0	35	2021-09-20T11:48:53
8.53496	-50.86008	0	35	2021-09-20T11:53:51
8.53289	-50.85870	0	35	2021-09-20T11:58:49
8.53076	-50.85739	0	35	2021-09-20T12:03:52
8.52862	-50.85602	0	35	2021-09-20T12:08:50
8.52647	-50.85464	0	35	2021-09-20T12:13:54
8.52435	-50.85321	0	35	2021-09-20T12:18:56
8.52227	-50.85184	0	35	2021-09-20T12:23:55
8.52018	-50.85052	0	35	2021-09-20T12:28:54
8.51787	-50.84909	0	35	2021-09-20T12:34:25
8.51596	-50.84794	0	35	2021-09-20T12:38:52
8.51390	-50.84674	0	35	2021-09-20T12:43:52
8.51178	-50.84540	0	35	2021-09-20T12:48:57
8.50966	-50.84406	0	35	2021-09-20T12:53:56
8.50752	-50.84265	0	35	2021-09-20T12:58:55
8.50534	-50.84134	0	35	2021-09-20T13:03:56
8.50320	-50.84006	0	35	2021-09-20T13:08:55
8.50107	-50.83884	0	35	2021-09-20T13:13:53
8.49892	-50.83755	0	35	2021-09-20T13:18:58
8.49680	-50.83636	0	35	2021-09-20T13:23:56
8.49464	-50.83514	0	35	2021-09-20T13:28:56
8.49221	-50.83383	0	35	2021-09-20T13:34:24
8.49020	-50.83282	0	35	2021-09-20T13:38:56
8.48800	-50.83167	0	35	2021-09-20T13:43:57
8.48581	-50.83054	0	35	2021-09-20T13:48:56
8.48361	-50.82941	0	35	2021-09-20T13:53:56
8.48138	-50.82828	0	35	2021-09-20T13:58:54
8.47913	-50.82712	0	35	2021-09-20T14:03:51
8.47681	-50.82596	0	35	2021-09-20T14:08:52
8.47448	-50.82489	0	35	2021-09-20T14:13:55
8.47218	-50.82388	0	35	2021-09-20T14:18:53
8.46984	-50.82288	0	35	2021-09-20T14:23:54
8.46751	-50.82195	0	35	2021-09-20T14:29:24
8.46498	-50.82092	0	35	2021-09-20T14:34:23
8.46285	-50.82004	0	35	2021-09-20T14:38:52
8.46047	-50.81906	0	35	2021-09-20T14:43:53
8.45811	-50.81808	0	35	2021-09-20T14:48:49
8.45579	-50.81714	0	35	2021-09-20T14:53:48
8.45339	-50.81619	0	35	2021-09-20T14:58:48
8.45101	-50.81528	0	35	2021-09-20T15:03:49
8.44858	-50.81433	0	35	2021-09-20T15:08:45
8.44622	-50.81339	0	35	2021-09-20T15:13:44
8.44379	-50.81244	0	35	2021-09-20T15:18:47
8.44136	-50.81158	0	35	2021-09-20T15:23:49
8.43894	-50.81073	0	35	2021-09-20T15:28:48
8.43629	-50.80975	0	35	2021-09-20T15:34:22
8.43413	-50.80893	0	35	2021-09-20T15:38:52
8.43171	-50.80807	0	35	2021-09-20T15:43:52
8.42929	-50.80722	0	35	2021-09-20T15:48:49
8.42681	-50.80640	0	35	2021-09-20T15:53:51
8.42436	-50.80554	0	35	2021-09-20T15:58:53
8.42195	-50.80466	0	35	2021-09-20T16:03:55
8.41943	-50.80389	0	35	2021-09-20T16:08:53
8.41700	-50.80307	0	35	2021-09-20T16:13:52
8.41450	-50.80228	0	35	2021-09-20T16:18:53
8.41201	-50.80148	0	35	2021-09-20T16:23:50
8.40947	-50.80072	0	35	2021-09-20T16:28:49
8.40659	-50.79987	0	35	2021-09-20T16:34:26
8.40429	-50.79916	0	35	2021-09-20T16:38:46
8.40174	-50.79843	0	35	2021-09-20T16:43:44
8.39924	-50.79770	0	35	2021-09-20T16:48:45
8.39675	-50.79700	0	35	2021-09-20T16:53:44
8.39422	-50.79622	0	35	2021-09-20T16:58:42
8.39181	-50.79547	0	35	2021-09-20T17:03:46
8.38937	-50.79468	0	35	2021-09-20T17:08:43
8.38691	-50.79382	0	35	2021-09-20T17:13:48
8.38448	-50.79295	0	35	2021-09-20T17:18:45
8.38204	-50.79214	0	35	2021-09-20T17:23:45
8.37954	-50.79132	0	35	2021-09-20T17:28:46
8.37686	-50.79047	0	35	2021-09-20T17:34:07
8.37454	-50.78969	0	35	2021-09-20T17:38:44
8.37209	-50.78900	0	35	2021-09-20T17:43:44
8.36966	-50.78830	0	35	2021-09-20T17:48:45
8.36717	-50.78753	0	35	2021-09-20T17:53:44
8.36469	-50.78693	0	35	2021-09-20T17:58:44
8.36228	-50.78622	0	35	2021-09-20T18:03:45
8.35988	-50.78555	0	35	2021-09-20T18:08:46
8.35743	-50.78485	0	35	2021-09-20T18:13:46
8.35501	-50.78412	0	35	2021-09-20T18:18:44
8.35258	-50.78336	0	35	2021-09-20T18:23:52
8.35019	-50.78259	0	35	2021-09-20T18:28:46
8.34761	-50.78180	0	35	2021-09-20T18:34:09
8.34534	-50.78110	0	35	2021-09-20T18:38:43
8.34290	-50.78030	0	35	2021-09-20T18:43:43
8.34045	-50.77955	0	35	2021-09-20T18:48:41
8.33805	-50.77878	0	35	2021-09-20T18:53:42
8.33567	-50.77805	0	35	2021-09-20T18:58:39
8.33327	-50.77725	0	35	2021-09-20T19:03:40
8.33084	-50.77652	0	35	2021-09-20T19:08:37
8.32835	-50.77584	0	35	2021-09-20T19:13:35
8.32586	-50.77515	0	35	2021-09-20T19:18:35
8.32335	-50.77448	0	35	2021-09-20T19:23:36
8.32077	-50.77377	0	35	2021-09-20T19:28:37
8.32072	-50.77369	0	35	2021-09-20T19:28:37
8.31803	-50.77309	0	35	2021-09-20T19:33:37
8.31567	-50.77258	0	35	2021-09-20T19:38:38
8.31312	-50.77197	0	35	2021-09-20T19:43:35
8.31053	-50.77138	0	35	2021-09-20T19:48:36
8.31053	-50.77137	0	35	2021-09-20T19:48:37
8.30796	-50.77078	0	35	2021-09-20T19:53:36
8.30796	-50.77077	0	35	2021-09-20T19:53:37
8.30538	-50.77017	0	35	2021-09-20T19:58:38
8.30278	-50.76953	0	35	2021-09-20T20:03:39
8.30017	-50.76888	0	35	2021-09-20T20:08:39
8.29765	-50.76828	0	35	2021-09-20T20:13:39
8.29514	-50.76770	0	35	2021-09-20T20:18:37
8.29263	-50.76709	0	35	2021-09-20T20:23:34
8.29017	-50.76648	0	35	2021-09-20T20:28:36
8.28750	-50.76575	0	35	2021-09-20T20:33:56
8.28517	-50.76517	0	35	2021-09-20T20:38:36
8.28266	-50.76462	0	35	2021-09-20T20:43:34
8.28013	-50.76400	0	35	2021-09-20T20:48:35
8.27769	-50.76349	0	35	2021-09-20T20:53:36
8.27518	-50.76300	0	35	2021-09-20T20:58:37
8.27267	-50.76248	0	35	2021-09-20T21:03:37
8.27017	-50.76199	0	35	2021-09-20T21:08:35
8.26765	-50.76151	0	35	2021-09-20T21:13:39
8.26514	-50.76099	0	35	2021-09-20T21:18:40
8.26274	-50.76050	0	35	2021-09-20T21:23:40
8.26031	-50.75998	0	35	2021-09-20T21:28:42
8.25777	-50.75943	0	35	2021-09-20T21:34:06
8.25562	-50.75897	0	35	2021-09-20T21:38:44
8.25327	-50.75854	0	35	2021-09-20T21:43:44
8.25090	-50.75809	0	35	2021-09-20T21:48:41
8.24857	-50.75760	0	35	2021-09-20T21:53:43
8.24616	-50.75714	0	35	2021-09-20T21:58:46
8.24376	-50.75658	0	35	2021-09-20T22:03:43
8.24144	-50.75607	0	35	2021-09-20T22:08:43
8.23908	-50.75558	0	35	2021-09-20T22:13:45
8.23668	-50.75500	0	35	2021-09-20T22:18:46
8.23442	-50.75449	0	35	2021-09-20T22:23:47
8.23213	-50.75400	0	35	2021-09-20T22:28:49
8.22960	-50.75351	0	35	2021-09-20T22:34:24
8.22761	-50.75315	0	35	2021-09-20T22:38:49
8.22542	-50.75272	0	35	2021-09-20T22:43:49
8.22320	-50.75223	0	35	2021-09-20T22:48:45
8.22095	-50.75171	0	35	2021-09-20T22:53:47
8.21866	-50.75112	0	35	2021-09-20T22:58:45
8.21644	-50.75069	0	35	2021-09-20T23:03:45
8.21416	-50.75018	0	35	2021-09-20T23:08:44
8.21190	-50.74966	0	35	2021-09-20T23:13:43
8.20959	-50.74924	0	35	2021-09-20T23:18:45
8.20729	-50.74875	0	35	2021-09-20T23:23:45
8.20503	-50.74820	0	35	2021-09-20T23:28:47
8.20247	-50.74762	0	35	2021-09-20T23:33:48
8.20054	-50.74719	0	35	2021-09-20T23:38:49
8.19837	-50.74661	0	35	2021-09-20T23:43:49
8.19619	-50.74609	0	35	2021-09-20T23:48:50
8.19401	-50.74551	0	35	2021-09-20T23:53:47
8.19181	-50.74496	0	35	2021-09-20T23:58:48
8.18967	-50.74435	0	35	2021-09-21T00:03:56
8.18751	-50.74380	0	35	2021-09-21T00:08:47
8.18530	-50.74323	0	35	2021-09-21T00:13:47
8.18309	-50.74261	0	35	2021-09-21T00:18:47
8.18083	-50.74203	0	35	2021-09-21T00:23:45
8.17858	-50.74149	0	35	2021-09-21T00:28:48
8.17611	-50.74078	0	35	2021-09-21T00:33:47
8.17420	-50.74036	0	35	2021-09-21T00:38:48
8.17198	-50.73975	0	35	2021-09-21T00:43:48
8.16968	-50.73906	0	35	2021-09-21T00:48:49
8.16745	-50.73855	0	35	2021-09-21T00:53:50
8.16522	-50.73804	0	35	2021-09-21T00:58:50
8.16296	-50.73743	0	35	2021-09-21T01:03:51
8.16066	-50.73673	0	35	2021-09-21T01:08:49
8.15842	-50.73613	0	35	2021-09-21T01:13:49
8.15620	-50.73553	0	35	2021-09-21T01:18:49
8.15391	-50.73492	0	35	2021-09-21T01:23:50
8.15171	-50.73431	0	35	2021-09-21T01:28:48
8.14922	-50.73355	0	35	2021-09-21T01:34:24
8.14734	-50.73297	0	35	2021-09-21T01:38:46
8.14514	-50.73233	0	35	2021-09-21T01:43:44
8.14298	-50.73172	0	35	2021-09-21T01:48:45
8.14082	-50.73110	0	35	2021-09-21T01:53:41
8.13864	-50.73050	0	35	2021-09-21T01:58:42
8.13643	-50.72992	0	35	2021-09-21T02:03:43
8.13420	-50.72928	0	35	2021-09-21T02:08:46
8.13204	-50.72870	0	35	2021-09-21T02:13:41
8.12983	-50.72809	0	35	2021-09-21T02:18:41
8.12540	-50.72680	0	35	2021-09-21T02:28:42
8.12302	-50.72635	0	35	2021-09-21T02:34:07
8.12097	-50.72586	0	35	2021-09-21T02:38:41
8.11876	-50.72537	0	35	2021-09-21T02:43:42
8.11651	-50.72485	0	35	2021-09-21T02:48:45
8.11430	-50.72429	0	35	2021-09-21T02:53:43
8.11208	-50.72382	0	35	2021-09-21T02:58:44
8.10984	-50.72327	0	35	2021-09-21T03:03:42
8.10759	-50.72275	0	35	2021-09-21T03:08:45
8.10535	-50.72223	0	35	2021-09-21T03:13:43
8.10314	-50.72171	0	35	2021-09-21T03:18:44
8.10087	-50.72122	0	35	2021-09-21T03:23:43
8.09863	-50.72074	0	35	2021-09-21T03:29:06
8.09636	-50.72031	0	35	2021-09-21T03:34:06
8.09437	-50.71994	0	35	2021-09-21T03:38:44
8.09215	-50.71951	0	35	2021-09-21T03:43:43
8.08994	-50.71906	0	35	2021-09-21T03:48:44
8.08771	-50.71863	0	35	2021-09-21T03:53:42
8.08549	-50.71820	0	35	2021-09-21T03:58:44
8.08320	-50.71768	0	35	2021-09-21T04:03:48
8.08102	-50.71725	0	35	2021-09-21T04:08:48
8.07879	-50.71677	0	35	2021-09-21T04:13:46
8.07654	-50.71631	0	35	2021-09-21T04:18:45
8.07424	-50.71585	0	35	2021-09-21T04:23:47
8.07199	-50.71536	0	35	2021-09-21T04:28:44
8.06949	-50.71475	0	35	2021-09-21T04:34:07
8.06506	-50.71381	0	35	2021-09-21T04:43:51
8.06279	-50.71338	0	35	2021-09-21T04:48:51
8.06052	-50.71295	0	35	2021-09-21T04:53:51
8.05819	-50.71249	0	35	2021-09-21T04:58:53
8.05588	-50.71207	0	35	2021-09-21T05:03:57
8.05359	-50.71164	0	35	2021-09-21T05:08:56
8.05125	-50.71127	0	35	2021-09-21T05:13:56
8.04890	-50.71094	0	35	2021-09-21T05:18:55
8.04660	-50.71066	0	35	2021-09-21T05:23:57
8.04428	-50.71033	0	35	2021-09-21T05:28:58
8.04167	-50.71002	0	35	2021-09-21T05:34:23
8.03956	-50.70975	0	35	2021-09-21T05:39:00
8.03722	-50.70947	0	35	2021-09-21T05:43:57
8.03489	-50.70923	0	35	2021-09-21T05:48:54
8.03253	-50.70894	0	35	2021-09-21T05:53:56
8.03017	-50.70877	0	35	2021-09-21T05:58:56
8.02782	-50.70853	0	35	2021-09-21T06:03:55
8.02549	-50.70822	0	35	2021-09-21T06:08:51
8.02314	-50.70792	0	35	2021-09-21T06:13:53
8.02083	-50.70758	0	35	2021-09-21T06:18:55
8.01856	-50.70728	0	35	2021-09-21T06:23:53
8.01624	-50.70697	0	35	2021-09-21T06:28:54
8.01376	-50.70663	0	35	2021-09-21T06:34:25
8.01174	-50.70642	0	35	2021-09-21T06:38:55
8.00942	-50.70615	0	35	2021-09-21T06:43:56
8.00717	-50.70590	0	35	2021-09-21T06:48:53
8.00488	-50.70569	0	35	2021-09-21T06:53:54
8.00262	-50.70544	0	35	2021-09-21T06:58:55
8.00036	-50.70520	0	35	2021-09-21T07:03:55
7.99811	-50.70496	0	35	2021-09-21T07:08:57
7.99579	-50.70474	0	35	2021-09-21T07:13:57
7.99347	-50.70453	0	35	2021-09-21T07:18:58
7.99112	-50.70432	0	35	2021-09-21T07:23:56
7.98877	-50.70410	0	35	2021-09-21T07:29:02
7.98637	-50.70401	0	35	2021-09-21T07:34:01
7.98422	-50.70392	0	35	2021-09-21T07:39:01
7.98188	-50.70383	0	35	2021-09-21T07:44:01
7.97957	-50.70367	0	35	2021-09-21T07:48:59
7.97724	-50.70358	0	35	2021-09-21T07:54:01
7.97497	-50.70349	0	35	2021-09-21T07:59:01
7.97266	-50.70343	0	35	2021-09-21T08:04:02
7.97033	-50.70328	0	35	2021-09-21T08:08:59
7.96801	-50.70328	0	35	2021-09-21T08:14:00
7.96569	-50.70328	0	35	2021-09-21T08:19:00
7.96331	-50.70325	0	35	2021-09-21T08:24:01
7.96088	-50.70316	0	35	2021-09-21T08:28:58
7.95827	-50.70303	0	35	2021-09-21T08:33:59
7.95612	-50.70303	0	35	2021-09-21T08:39:00
7.95373	-50.70294	0	35	2021-09-21T08:43:57
7.95132	-50.70291	0	35	2021-09-21T08:48:58
7.94891	-50.70288	0	35	2021-09-21T08:53:58
7.94650	-50.70282	0	35	2021-09-21T08:59:00
7.94412	-50.70279	0	35	2021-09-21T09:03:59
7.94181	-50.70276	0	35	2021-09-21T09:09:01
7.93945	-50.70279	0	35	2021-09-21T09:13:58
7.93717	-50.70279	0	35	2021-09-21T09:19:00
7.93493	-50.70282	0	35	2021-09-21T09:24:00
7.93263	-50.70279	0	35	2021-09-21T09:29:01
7.93012	-50.70276	0	35	2021-09-21T09:34:26
7.92803	-50.70276	0	35	2021-09-21T09:39:00
7.92572	-50.70270	0	35	2021-09-21T09:44:00
7.92346	-50.70261	0	35	2021-09-21T09:49:00
7.92122	-50.70258	0	35	2021-09-21T09:54:00
7.91896	-50.70251	0	35	2021-09-21T09:58:58
7.91668	-50.70245	0	35	2021-09-21T10:03:59
7.91445	-50.70245	0	35	2021-09-21T10:09:00
7.91221	-50.70245	0	35	2021-09-21T10:13:57
7.91002	-50.70251	0	35	2021-09-21T10:18:55
7.90764	-50.70258	0	35	2021-09-21T10:24:26
7.90538	-50.70258	0	35	2021-09-21T10:28:56
7.90301	-50.70258	0	35	2021-09-21T10:34:26
7.90123	-50.70279	0	35	2021-09-21T10:38:56
7.89927	-50.70285	0	35	2021-09-21T10:44:02
7.89727	-50.70288	0	35	2021-09-21T10:48:52
7.89523	-50.70288	0	35	2021-09-21T10:53:52
7.89317	-50.70294	0	35	2021-09-21T10:58:53
7.89113	-50.70303	0	35	2021-09-21T11:03:53
7.88907	-50.70303	0	35	2021-09-21T11:08:52
7.88701	-50.70306	0	35	2021-09-21T11:13:51
7.88493	-50.70313	0	35	2021-09-21T11:18:52
7.88281	-50.70316	0	35	2021-09-21T11:23:54
7.88065	-50.70325	0	35	2021-09-21T11:28:55
7.87814	-50.70340	0	35	2021-09-21T11:34:25
7.87604	-50.70361	0	35	2021-09-21T11:38:49
7.87371	-50.70398	0	35	2021-09-21T11:43:53
7.87135	-50.70410	0	35	2021-09-21T11:48:51
7.86899	-50.70432	0	35	2021-09-21T11:53:54
7.86664	-50.70453	0	35	2021-09-21T11:58:52
7.86429	-50.70474	0	35	2021-09-21T12:03:53
7.86197	-50.70499	0	35	2021-09-21T12:08:51
7.85963	-50.70526	0	35	2021-09-21T12:13:50
7.85735	-50.70557	0	35	2021-09-21T12:18:48
7.85503	-50.70584	0	35	2021-09-21T12:23:49
7.85274	-50.70618	0	35	2021-09-21T12:28:52
7.85017	-50.70657	0	35	2021-09-21T12:34:26
7.84811	-50.70685	0	35	2021-09-21T12:38:50
7.84583	-50.70724	0	35	2021-09-21T12:43:52
7.84353	-50.70761	0	35	2021-09-21T12:48:52
7.84123	-50.70800	0	35	2021-09-21T12:53:54
7.83896	-50.70834	0	35	2021-09-21T12:58:54
7.83672	-50.70874	0	35	2021-09-21T13:03:56
7.83448	-50.70911	0	35	2021-09-21T13:08:59
7.83229	-50.70947	0	35	2021-09-21T13:13:54
7.83007	-50.70996	0	35	2021-09-21T13:18:57
7.82788	-50.71030	0	35	2021-09-21T13:23:56
7.82562	-50.71075	0	35	2021-09-21T13:29:02
7.82326	-50.71130	0	35	2021-09-21T13:34:00
7.82124	-50.71173	0	35	2021-09-21T13:39:01
7.81905	-50.71222	0	35	2021-09-21T13:44:02
7.81686	-50.71279	0	35	2021-09-21T13:49:04
7.81467	-50.71339	0	35	2021-09-21T13:54:04
7.81252	-50.71399	0	35	2021-09-21T13:59:05
7.81032	-50.71466	0	35	2021-09-21T14:04:04
7.80818	-50.71530	0	35	2021-09-21T14:09:02
7.80597	-50.71605	0	35	2021-09-21T14:14:04
7.80382	-50.71665	0	35	2021-09-21T14:19:04
7.80176	-50.71725	0	35	2021-09-21T14:24:05
7.79969	-50.71783	0	35	2021-09-21T14:29:06
7.79751	-50.71840	0	35	2021-09-21T14:34:06
7.79558	-50.71891	0	35	2021-09-21T14:39:05
7.79356	-50.71942	0	35	2021-09-21T14:44:05
7.79150	-50.72000	0	35	2021-09-21T14:49:06
7.78755	-50.72127	0	35	2021-09-21T14:59:04
7.78566	-50.72178	0	35	2021-09-21T15:04:04
7.78381	-50.72238	0	35	2021-09-21T15:09:04
7.78201	-50.72296	0	35	2021-09-21T15:14:01
7.78014	-50.72354	0	35	2021-09-21T15:19:00
7.77832	-50.72421	0	35	2021-09-21T15:23:59
7.77650	-50.72479	0	35	2021-09-21T15:29:01
7.77452	-50.72552	0	35	2021-09-21T15:34:25
7.77292	-50.72623	0	35	2021-09-21T15:39:00
7.77124	-50.72706	0	35	2021-09-21T15:44:00
7.76957	-50.72775	0	35	2021-09-21T15:49:00
7.76772	-50.72839	0	35	2021-09-21T15:54:01
7.76587	-50.72894	0	35	2021-09-21T15:58:59
7.76393	-50.72952	0	35	2021-09-21T16:03:59
7.76197	-50.73007	0	35	2021-09-21T16:08:56
7.76006	-50.73056	0	35	2021-09-21T16:13:58
7.75807	-50.73083	0	35	2021-09-21T16:18:59
7.75606	-50.73118	0	35	2021-09-21T16:23:56
7.75409	-50.73135	0	35	2021-09-21T16:28:56
7.75199	-50.73151	0	35	2021-09-21T16:34:24
7.75028	-50.73163	0	35	2021-09-21T16:38:58
7.74830	-50.73179	0	35	2021-09-21T16:43:58
7.74637	-50.73196	0	35	2021-09-21T16:48:58
7.74442	-50.73218	0	35	2021-09-21T16:53:56
7.74246	-50.73248	0	35	2021-09-21T16:58:57
7.74053	-50.73273	0	35	2021-09-21T17:03:57
7.73860	-50.73300	0	35	2021-09-21T17:08:55
7.73670	-50.73325	0	35	2021-09-21T17:13:59
7.73478	-50.73349	0	35	2021-09-21T17:19:01
7.73283	-50.73379	0	35	2021-09-21T17:24:27
7.73090	-50.73396	0	35	2021-09-21T17:29:26
7.72884	-50.73413	0	35	2021-09-21T17:34:26
7.72708	-50.73431	0	35	2021-09-21T17:39:04
7.72518	-50.73456	0	35	2021-09-21T17:44:04
7.72331	-50.73489	0	35	2021-09-21T17:49:06
7.72146	-50.73520	0	35	2021-09-21T17:54:04
7.71963	-50.73544	0	35	2021-09-21T17:59:06
7.71778	-50.73566	0	35	2021-09-21T18:04:04
7.71588	-50.73590	0	35	2021-09-21T18:09:05
7.71399	-50.73615	0	35	2021-09-21T18:14:03
7.71211	-50.73639	0	35	2021-09-21T18:19:03
7.71026	-50.73657	0	35	2021-09-21T18:24:04
7.70846	-50.73672	0	35	2021-09-21T18:29:05
7.70648	-50.73697	0	35	2021-09-21T18:34:04
7.70476	-50.73723	0	35	2021-09-21T18:39:03
7.70296	-50.73749	0	35	2021-09-21T18:44:04
7.70116	-50.73776	0	35	2021-09-21T18:49:04
7.69930	-50.73801	0	35	2021-09-21T18:54:02
7.69742	-50.73825	0	35	2021-09-21T18:59:02
7.69555	-50.73853	0	35	2021-09-21T19:04:03
7.69370	-50.73880	0	35	2021-09-21T19:09:00
7.69185	-50.73907	0	35	2021-09-21T19:14:01
7.69001	-50.73932	0	35	2021-09-21T19:19:02
7.68816	-50.73950	0	35	2021-09-21T19:24:00
7.68630	-50.73969	0	35	2021-09-21T19:29:00
7.68429	-50.73993	0	35	2021-09-21T19:34:27
7.68257	-50.74032	0	35	2021-09-21T19:39:01
7.68072	-50.74066	0	35	2021-09-21T19:44:02
7.67880	-50.74103	0	35	2021-09-21T19:49:03
7.67691	-50.74136	0	35	2021-09-21T19:54:01
7.67500	-50.74176	0	35	2021-09-21T19:59:02
7.67310	-50.74216	0	35	2021-09-21T20:04:02
7.67116	-50.74264	0	35	2021-09-21T20:08:59
7.66927	-50.74307	0	35	2021-09-21T20:14:00
7.66734	-50.74350	0	35	2021-09-21T20:19:00
7.66544	-50.74393	0	35	2021-09-21T20:23:57
7.66358	-50.74426	0	35	2021-09-21T20:28:55
7.66154	-50.74461	0	35	2021-09-21T20:33:52
7.65991	-50.74487	0	35	2021-09-21T20:38:52
7.65807	-50.74518	0	35	2021-09-21T20:43:50
7.65620	-50.74551	0	35	2021-09-21T20:48:51
7.65440	-50.74582	0	35	2021-09-21T20:53:50
7.65263	-50.74619	0	35	2021-09-21T20:58:51
7.65085	-50.74649	0	35	2021-09-21T21:03:49
7.64907	-50.74686	0	35	2021-09-21T21:08:47
7.64738	-50.74725	0	35	2021-09-21T21:13:47
7.64565	-50.74768	0	35	2021-09-21T21:18:47
7.64396	-50.74814	0	35	2021-09-21T21:23:49
7.64226	-50.74857	0	35	2021-09-21T21:28:46
7.64038	-50.74911	0	35	2021-09-21T21:34:24
7.63892	-50.74957	0	35	2021-09-21T21:38:47
7.63723	-50.75009	0	35	2021-09-21T21:43:48
7.63556	-50.75067	0	35	2021-09-21T21:48:50
7.63396	-50.75122	0	35	2021-09-21T21:53:49
7.63234	-50.75180	0	35	2021-09-21T21:58:51
7.63071	-50.75238	0	35	2021-09-21T22:03:50
7.62907	-50.75296	0	35	2021-09-21T22:08:49
7.62740	-50.75354	0	35	2021-09-21T22:13:50
7.62571	-50.75412	0	35	2021-09-21T22:18:53
7.62406	-50.75467	0	35	2021-09-21T22:23:51
7.62243	-50.75528	0	35	2021-09-21T22:28:49
7.62058	-50.75598	0	35	2021-09-21T22:34:24
7.61905	-50.75653	0	35	2021-09-21T22:38:50
7.61726	-50.75728	0	35	2021-09-21T22:43:53
7.61554	-50.75781	0	35	2021-09-21T22:48:54
7.61378	-50.75839	0	35	2021-09-21T22:53:52
7.61197	-50.75897	0	35	2021-09-21T22:58:53
7.61015	-50.75954	0	35	2021-09-21T23:03:54
7.60841	-50.76001	0	35	2021-09-21T23:08:54
7.60663	-50.76065	0	35	2021-09-21T23:13:55
7.60487	-50.76129	0	35	2021-09-21T23:18:53
7.60314	-50.76196	0	35	2021-09-21T23:23:53
7.60140	-50.76257	0	35	2021-09-21T23:28:55
7.59946	-50.76324	0	35	2021-09-21T23:34:23
7.59782	-50.76380	0	35	2021-09-21T23:38:53
7.59610	-50.76440	0	35	2021-09-21T23:43:53
7.59428	-50.76505	0	35	2021-09-21T23:48:55
7.59252	-50.76569	0	35	2021-09-21T23:53:55
7.59072	-50.76639	0	35	2021-09-21T23:58:52
7.58892	-50.76706	0	35	2021-09-22T00:03:59
7.58716	-50.76775	0	35	2021-09-22T00:08:58
7.58544	-50.76852	0	35	2021-09-22T00:13:58
7.58374	-50.76932	0	35	2021-09-22T00:19:00
7.58204	-50.77017	0	35	2021-09-22T00:23:59
7.58031	-50.77106	0	35	2021-09-22T00:28:58
7.57843	-50.77206	0	35	2021-09-22T00:34:25
7.57684	-50.77292	0	35	2021-09-22T00:39:00
7.57505	-50.77386	0	35	2021-09-22T00:44:00
7.57328	-50.77484	0	35	2021-09-22T00:49:03
7.57152	-50.77582	0	35	2021-09-22T00:54:01
7.56973	-50.77682	0	35	2021-09-22T00:59:05
7.56800	-50.77783	0	35	2021-09-22T01:04:03
7.56620	-50.77884	0	35	2021-09-22T01:09:05
7.56437	-50.77991	0	35	2021-09-22T01:14:09
7.56259	-50.78095	0	35	2021-09-22T01:19:06
7.56083	-50.78198	0	35	2021-09-22T01:24:06
7.55898	-50.78305	0	35	2021-09-22T01:29:10
7.55694	-50.78416	0	35	2021-09-22T01:34:11
7.55522	-50.78510	0	35	2021-09-22T01:39:10
7.55338	-50.78613	0	35	2021-09-22T01:44:10
7.54970	-50.78841	0	35	2021-09-22T01:54:11
7.54794	-50.78953	0	35	2021-09-22T01:59:11
7.54614	-50.79065	0	35	2021-09-22T02:04:10
7.54430	-50.79178	0	35	2021-09-22T02:09:13
7.54247	-50.79291	0	35	2021-09-22T02:14:11
7.54065	-50.79401	0	35	2021-09-22T02:19:12
7.53893	-50.79504	0	35	2021-09-22T02:24:12
7.53715	-50.79617	0	35	2021-09-22T02:29:14
7.53522	-50.79742	0	35	2021-09-22T02:34:37
7.53360	-50.79846	0	35	2021-09-22T02:39:14
7.53185	-50.79968	0	35	2021-09-22T02:44:12
7.53016	-50.80090	0	35	2021-09-22T02:49:10
7.52844	-50.80211	0	35	2021-09-22T02:54:11
7.52677	-50.80331	0	35	2021-09-22T02:59:11
7.52511	-50.80454	0	35	2021-09-22T03:04:08
7.52339	-50.80557	0	35	2021-09-22T03:09:08
7.52167	-50.80670	0	35	2021-09-22T03:14:09
7.51992	-50.80777	0	35	2021-09-22T03:19:11
7.51814	-50.80884	0	35	2021-09-22T03:24:08
7.51634	-50.80991	0	35	2021-09-22T03:29:09
7.51448	-50.81104	0	35	2021-09-22T03:34:26
7.51279	-50.81201	0	35	2021-09-22T03:39:10
7.51097	-50.81313	0	35	2021-09-22T03:44:08
7.50928	-50.81412	0	35	2021-09-22T03:49:09
7.50753	-50.81519	0	35	2021-09-22T03:54:09
7.50578	-50.81628	0	35	2021-09-22T03:59:10
7.50401	-50.81740	0	35	2021-09-22T04:04:10
7.50230	-50.81842	0	35	2021-09-22T04:09:10
7.50057	-50.81946	0	35	2021-09-22T04:14:09
7.49881	-50.82050	0	35	2021-09-22T04:19:12
7.49703	-50.82156	0	35	2021-09-22T04:24:10
7.49525	-50.82260	0	35	2021-09-22T04:29:14
7.49333	-50.82373	0	35	2021-09-22T04:34:36
7.49174	-50.82471	0	35	2021-09-22T04:39:16
7.48833	-50.82695	0	35	2021-09-22T04:49:14
7.48670	-50.82789	0	35	2021-09-22T04:54:14
7.48507	-50.82883	0	35	2021-09-22T04:59:13
7.48344	-50.82980	0	35	2021-09-22T05:04:14
7.48181	-50.83079	0	35	2021-09-22T05:09:15
7.48022	-50.83173	0	35	2021-09-22T05:14:15
7.47863	-50.83264	0	35	2021-09-22T05:19:16
7.47708	-50.83356	0	35	2021-09-22T05:24:13
7.47550	-50.83441	0	35	2021-09-22T05:29:14
7.47381	-50.83536	0	35	2021-09-22T05:34:37
7.47244	-50.83615	0	35	2021-09-22T05:39:11
7.47093	-50.83701	0	35	2021-09-22T05:44:12
7.46944	-50.83786	0	35	2021-09-22T05:49:13
7.46796	-50.83874	0	35	2021-09-22T05:54:13
7.46659	-50.83951	0	35	2021-09-22T05:59:12
7.46515	-50.84027	0	35	2021-09-22T06:04:11
7.46373	-50.84100	0	35	2021-09-22T06:09:09
7.46235	-50.84174	0	35	2021-09-22T06:14:10
7.46096	-50.84244	0	35	2021-09-22T06:19:12
7.45957	-50.84320	0	35	2021-09-22T06:24:11
7.45819	-50.84393	0	35	2021-09-22T06:29:09
7.45671	-50.84473	0	35	2021-09-22T06:34:35
7.45546	-50.84537	0	35	2021-09-22T06:39:13
7.45415	-50.84598	0	35	2021-09-22T06:44:11
7.45285	-50.84665	0	35	2021-09-22T06:49:12
7.45163	-50.84729	0	35	2021-09-22T06:54:10
7.45050	-50.84797	0	35	2021-09-22T06:59:14
7.44938	-50.84866	0	35	2021-09-22T07:04:14
7.44823	-50.84940	0	35	2021-09-22T07:09:08
7.44702	-50.85010	0	35	2021-09-22T07:14:11
7.44589	-50.85077	0	35	2021-09-22T07:19:10
7.44474	-50.85141	0	35	2021-09-22T07:24:14
7.44355	-50.85205	0	35	2021-09-22T07:29:08
7.44112	-50.85339	0	35	2021-09-22T07:39:13
7.43998	-50.85400	0	35	2021-09-22T07:44:11
7.43880	-50.85468	0	35	2021-09-22T07:49:12
7.43758	-50.85532	0	35	2021-09-22T07:54:12
7.43636	-50.85602	0	35	2021-09-22T07:59:13
7.43519	-50.85669	0	35	2021-09-22T08:04:13
7.43401	-50.85742	0	35	2021-09-22T08:09:14
7.43285	-50.85812	0	35	2021-09-22T08:14:11
7.43165	-50.85890	0	35	2021-09-22T08:19:12
7.43049	-50.85959	0	35	2021-09-22T08:24:12
7.42938	-50.86038	0	35	2021-09-22T08:29:10
7.42816	-50.86130	0	35	2021-09-22T08:34:37
7.42718	-50.86206	0	35	2021-09-22T08:39:16
7.42615	-50.86292	0	35	2021-09-22T08:44:15
7.42503	-50.86374	0	35	2021-09-22T08:49:17
7.42393	-50.86459	0	35	2021-09-22T08:54:17
7.42284	-50.86544	0	35	2021-09-22T08:59:19
7.42181	-50.86630	0	35	2021-09-22T09:04:20
7.42072	-50.86716	0	35	2021-09-22T09:09:20
7.41961	-50.86804	0	35	2021-09-22T09:14:25
7.41857	-50.86884	0	35	2021-09-22T09:19:23
7.41748	-50.86969	0	35	2021-09-22T09:24:27
7.41642	-50.87058	0	35	2021-09-22T09:29:55
7.41526	-50.87152	0	35	2021-09-22T09:34:56
7.41427	-50.87238	0	35	2021-09-22T09:39:30
7.41314	-50.87329	0	35	2021-09-22T09:44:29
7.41204	-50.87424	0	35	2021-09-22T09:49:28
7.41092	-50.87518	0	35	2021-09-22T09:54:28
7.40978	-50.87613	0	35	2021-09-22T09:59:30
7.40860	-50.87698	0	35	2021-09-22T10:04:29
7.40740	-50.87795	0	35	2021-09-22T10:09:27
7.40628	-50.87881	0	35	2021-09-22T10:14:28
7.40513	-50.87976	0	35	2021-09-22T10:19:25
7.40402	-50.88065	0	35	2021-09-22T10:24:26
7.40292	-50.88171	0	35	2021-09-22T10:29:27
7.40172	-50.88265	0	35	2021-09-22T10:34:27
7.40082	-50.88351	0	35	2021-09-22T10:39:27
7.39975	-50.88443	0	35	2021-09-22T10:44:28
7.39874	-50.88538	0	35	2021-09-22T10:49:30
7.39774	-50.88632	0	35	2021-09-22T10:54:24
7.39679	-50.88733	0	35	2021-09-22T10:59:24
7.39588	-50.88834	0	35	2021-09-22T11:04:22
7.39493	-50.88940	0	35	2021-09-22T11:09:23
7.39394	-50.89041	0	35	2021-09-22T11:14:22
7.39291	-50.89142	0	35	2021-09-22T11:19:23
7.39185	-50.89246	0	35	2021-09-22T11:24:21
7.39078	-50.89349	0	35	2021-09-22T11:29:21
7.38959	-50.89456	0	35	2021-09-22T11:34:56
7.38862	-50.89542	0	35	2021-09-22T11:39:22
7.38748	-50.89639	0	35	2021-09-22T11:44:23
7.38635	-50.89738	0	35	2021-09-22T11:49:24
7.38528	-50.89832	0	35	2021-09-22T11:54:23
7.38426	-50.89935	0	35	2021-09-22T11:59:22
7.38323	-50.90046	0	35	2021-09-22T12:04:22
7.38229	-50.90149	0	35	2021-09-22T12:09:21
7.38134	-50.90259	0	35	2021-09-22T12:14:24
7.38037	-50.90366	0	35	2021-09-22T12:19:22
7.37943	-50.90472	0	35	2021-09-22T12:24:23
7.37850	-50.90576	0	35	2021-09-22T12:29:21
7.37748	-50.90698	0	35	2021-09-22T12:34:53
7.37665	-50.90799	0	35	2021-09-22T12:39:22
7.37574	-50.90909	0	35	2021-09-22T12:44:22
7.37484	-50.91019	0	35	2021-09-22T12:49:24
7.37391	-50.91129	0	35	2021-09-22T12:54:25
7.37298	-50.91238	0	35	2021-09-22T12:59:26
7.37205	-50.91348	0	35	2021-09-22T13:04:22
7.37114	-50.91455	0	35	2021-09-22T13:09:23
7.37023	-50.91562	0	35	2021-09-22T13:14:24
7.36932	-50.91675	0	35	2021-09-22T13:19:24
7.36837	-50.91793	0	35	2021-09-22T13:24:22
7.36743	-50.91913	0	35	2021-09-22T13:29:23
7.36634	-50.92047	0	35	2021-09-22T13:34:54
7.36544	-50.92162	0	35	2021-09-22T13:39:21
7.36450	-50.92282	0	35	2021-09-22T13:44:21
7.36351	-50.92401	0	35	2021-09-22T13:49:22
7.36245	-50.92519	0	35	2021-09-22T13:54:19
7.36138	-50.92631	0	35	2021-09-22T13:59:20
7.36031	-50.92743	0	35	2021-09-22T14:04:20
7.35923	-50.92859	0	35	2021-09-22T14:09:18
7.35816	-50.92975	0	35	2021-09-22T14:14:23
7.35704	-50.93097	0	35	2021-09-22T14:19:23
7.35597	-50.93217	0	35	2021-09-22T14:24:23
7.35485	-50.93329	0	35	2021-09-22T14:29:22
7.35364	-50.93466	0	35	2021-09-22T14:34:53
7.35268	-50.93573	0	35	2021-09-22T14:39:22
7.35159	-50.93698	0	35	2021-09-22T14:44:20
7.35046	-50.93829	0	35	2021-09-22T14:49:21
7.34935	-50.93961	0	35	2021-09-22T14:54:22
7.34822	-50.94095	0	35	2021-09-22T14:59:20
7.34713	-50.94232	0	35	2021-09-22T15:04:22
7.34602	-50.94373	0	35	2021-09-22T15:09:20
7.34493	-50.94516	0	35	2021-09-22T15:14:21
7.34387	-50.94662	0	35	2021-09-22T15:19:19
7.34286	-50.94812	0	35	2021-09-22T15:24:19
7.34186	-50.94957	0	35	2021-09-22T15:29:55
7.34070	-50.95111	0	35	2021-09-22T15:34:55
7.33981	-50.95232	0	35	2021-09-22T15:39:14
7.33882	-50.95361	0	35	2021-09-22T15:44:14
7.33779	-50.95489	0	35	2021-09-22T15:49:16
7.33672	-50.95618	0	35	2021-09-22T15:54:16
7.33567	-50.95743	0	35	2021-09-22T15:59:14
7.33461	-50.95871	0	35	2021-09-22T16:04:11
7.33353	-50.96009	0	35	2021-09-22T16:09:12
7.33246	-50.96129	0	35	2021-09-22T16:14:13
7.33134	-50.96249	0	35	2021-09-22T16:19:13
7.33026	-50.96375	0	35	2021-09-22T16:24:10
7.32911	-50.96503	0	35	2021-09-22T16:29:35
7.32795	-50.96640	0	35	2021-09-22T16:34:35
7.32694	-50.96765	0	35	2021-09-22T16:39:13
7.32587	-50.96902	0	35	2021-09-22T16:44:11
7.32476	-50.97056	0	35	2021-09-22T16:49:14
7.32377	-50.97193	0	35	2021-09-22T16:54:14
7.32278	-50.97330	0	35	2021-09-22T16:59:13
7.32181	-50.97473	0	35	2021-09-22T17:04:16
7.32085	-50.97610	0	35	2021-09-22T17:09:17
7.31984	-50.97757	0	35	2021-09-22T17:14:19
7.31890	-50.97894	0	35	2021-09-22T17:19:20
7.31795	-50.98035	0	35	2021-09-22T17:24:20
7.31701	-50.98175	0	35	2021-09-22T17:29:21
7.31599	-50.98333	0	35	2021-09-22T17:34:26
7.31517	-50.98462	0	35	2021-09-22T17:39:26
7.31428	-50.98605	0	35	2021-09-22T17:44:24
7.31337	-50.98758	0	35	2021-09-22T17:49:22
7.31251	-50.98904	0	35	2021-09-22T17:54:22
7.31163	-50.99057	0	35	2021-09-22T17:59:24
7.31075	-50.99213	0	35	2021-09-22T18:04:23
7.30988	-50.99371	0	35	2021-09-22T18:09:25
7.30899	-50.99533	0	35	2021-09-22T18:14:24
7.30808	-50.99703	0	35	2021-09-22T18:19:26
7.30722	-50.99866	0	35	2021-09-22T18:24:27
7.30638	-51.00031	0	35	2021-09-22T18:29:27
7.30540	-51.00208	0	35	2021-09-22T18:34:55
7.30458	-51.00353	0	35	2021-09-22T18:39:29
7.30368	-51.00516	0	35	2021-09-22T18:44:29
7.30281	-51.00681	0	35	2021-09-22T18:49:27
7.30190	-51.00842	0	35	2021-09-22T18:54:25
7.30094	-51.01011	0	35	2021-09-22T18:59:29
7.30003	-51.01172	0	35	2021-09-22T19:04:29
7.29906	-51.01337	0	35	2021-09-22T19:09:30
7.29811	-51.01501	0	35	2021-09-22T19:14:28
7.29708	-51.01674	0	35	2021-09-22T19:19:29
7.29609	-51.01837	0	35	2021-09-22T19:24:30
7.29509	-51.02005	0	35	2021-09-22T19:29:31
7.29401	-51.02188	0	35	2021-09-22T19:34:58
7.29306	-51.02351	0	35	2021-09-22T19:39:32
7.29205	-51.02518	0	35	2021-09-22T19:44:32
7.29100	-51.02695	0	35	2021-09-22T19:49:33
7.28989	-51.02872	0	35	2021-09-22T19:54:32
7.28876	-51.03052	0	35	2021-09-22T19:59:31
7.28769	-51.03232	0	35	2021-09-22T20:04:31
7.28667	-51.03418	0	35	2021-09-22T20:09:27
7.28565	-51.03612	0	35	2021-09-22T20:14:27
7.28462	-51.03801	0	35	2021-09-22T20:19:27
7.28359	-51.03998	0	35	2021-09-22T20:24:28
7.28257	-51.04196	0	35	2021-09-22T20:29:26
7.28144	-51.04419	0	35	2021-09-22T20:34:54
7.28048	-51.04614	0	35	2021-09-22T20:39:24
7.27945	-51.04820	0	35	2021-09-22T20:44:24
7.27838	-51.05017	0	35	2021-09-22T20:49:25
7.27728	-51.05222	0	35	2021-09-22T20:54:22
7.27619	-51.05426	0	35	2021-09-22T20:59:23
7.27505	-51.05634	0	35	2021-09-22T21:04:22
7.27396	-51.05832	0	35	2021-09-22T21:09:23
7.27284	-51.06036	0	35	2021-09-22T21:14:24
7.27178	-51.06241	0	35	2021-09-22T21:19:23
7.27070	-51.06439	0	35	2021-09-22T21:24:23
7.26955	-51.06653	0	35	2021-09-22T21:29:23
7.26831	-51.06876	0	35	2021-09-22T21:34:22
7.26732	-51.07056	0	35	2021-09-22T21:39:22
7.26620	-51.07257	0	35	2021-09-22T21:44:23
7.26509	-51.07462	0	35	2021-09-22T21:49:23
7.26399	-51.07663	0	35	2021-09-22T21:54:21
7.26291	-51.07864	0	35	2021-09-22T21:59:21
7.26183	-51.08075	0	35	2021-09-22T22:04:19
7.26080	-51.08286	0	35	2021-09-22T22:09:19
7.25977	-51.08493	0	35	2021-09-22T22:14:17
7.25877	-51.08698	0	35	2021-09-22T22:19:21
7.25778	-51.08905	0	35	2021-09-22T22:24:21
7.25675	-51.09125	0	35	2021-09-22T22:29:22
7.25572	-51.09348	0	35	2021-09-22T22:34:22
7.25486	-51.09528	0	35	2021-09-22T22:39:21
7.25388	-51.09729	0	35	2021-09-22T22:44:24
7.25292	-51.09933	0	35	2021-09-22T22:49:23
7.25199	-51.10132	0	35	2021-09-22T22:54:27
7.25101	-51.10333	0	35	2021-09-22T22:59:21
7.25005	-51.10532	0	35	2021-09-22T23:04:22
7.24906	-51.10733	0	35	2021-09-22T23:09:19
7.24805	-51.10912	0	35	2021-09-22T23:14:20
7.24706	-51.11127	0	35	2021-09-22T23:19:20
7.24598	-51.11325	0	35	2021-09-22T23:24:20
7.24494	-51.11508	0	35	2021-09-22T23:29:21
7.24373	-51.11740	0	35	2021-09-22T23:35:02
7.24286	-51.11905	0	35	2021-09-22T23:39:20
7.24186	-51.12094	0	35	2021-09-22T23:44:19
7.24091	-51.12283	0	35	2021-09-22T23:49:21
7.23995	-51.12476	0	35	2021-09-22T23:54:18
7.23901	-51.12665	0	35	2021-09-22T23:59:20
7.23806	-51.12857	0	35	2021-09-23T00:04:20
7.23716	-51.13046	0	35	2021-09-23T00:09:21
7.23624	-51.13232	0	35	2021-09-23T00:14:20
7.23531	-51.13419	0	35	2021-09-23T00:19:22
7.23436	-51.13605	0	35	2021-09-23T00:24:20
7.23342	-51.13788	0	35	2021-09-23T00:29:24
7.23248	-51.13980	0	35	2021-09-23T00:34:55
7.23155	-51.14141	0	35	2021-09-23T00:39:18
7.23061	-51.14313	0	35	2021-09-23T00:44:19
7.22967	-51.14493	0	35	2021-09-23T00:49:19
7.22871	-51.14676	0	35	2021-09-23T00:54:18
7.22776	-51.14859	0	35	2021-09-23T00:59:21
7.22680	-51.15045	0	35	2021-09-23T01:04:19
7.22585	-51.15234	0	35	2021-09-23T01:09:16
7.22499	-51.15414	0	35	2021-09-23T01:14:19
7.22407	-51.15603	0	35	2021-09-23T01:19:17
7.22321	-51.15775	0	35	2021-09-23T01:24:15
7.22239	-51.15955	0	35	2021-09-23T01:29:16
7.22140	-51.16156	0	35	2021-09-23T01:34:57
7.22069	-51.16309	0	35	2021-09-23T01:39:16
7.21988	-51.16484	0	35	2021-09-23T01:44:17
7.21911	-51.16647	0	35	2021-09-23T01:49:17
7.21828	-51.16821	0	35	2021-09-23T01:54:15
7.21744	-51.17005	0	35	2021-09-23T01:59:13
7.21662	-51.17177	0	35	2021-09-23T02:04:13
7.21576	-51.17340	0	35	2021-09-23T02:09:13
7.21494	-51.17511	0	35	2021-09-23T02:14:14
7.21404	-51.17682	0	35	2021-09-23T02:19:16
7.21318	-51.17856	0	35	2021-09-23T02:24:10
7.21234	-51.18030	0	35	2021-09-23T02:29:13
7.21139	-51.18216	0	35	2021-09-23T02:34:34
7.21058	-51.18377	0	35	2021-09-23T02:39:14
7.20981	-51.18549	0	35	2021-09-23T02:44:13
7.20891	-51.18726	0	35	2021-09-23T02:49:13
7.20801	-51.18896	0	35	2021-09-23T02:54:10
7.20705	-51.19067	0	35	2021-09-23T02:59:11
7.20613	-51.19241	0	35	2021-09-23T03:04:13
7.20520	-51.19420	0	35	2021-09-23T03:09:12
7.20434	-51.19592	0	35	2021-09-23T03:14:11
7.20340	-51.19772	0	35	2021-09-23T03:19:11
7.20245	-51.19955	0	35	2021-09-23T03:24:12
7.20157	-51.20145	0	35	2021-09-23T03:29:13
7.20051	-51.20345	0	35	2021-09-23T03:34:14
7.19957	-51.20508	0	35	2021-09-23T03:39:14
7.19854	-51.20694	0	35	2021-09-23T03:44:12
7.19754	-51.20880	0	35	2021-09-23T03:49:12
7.19655	-51.21075	0	35	2021-09-23T03:54:12
7.19556	-51.21255	0	35	2021-09-23T03:59:11
7.19449	-51.21445	0	35	2021-09-23T04:04:12
7.19335	-51.21640	0	35	2021-09-23T04:09:12
7.19228	-51.21832	0	35	2021-09-23T04:14:13
7.19120	-51.22028	0	35	2021-09-23T04:19:12
7.19006	-51.22226	0	35	2021-09-23T04:24:13
7.18890	-51.22415	0	35	2021-09-23T04:29:11
7.18745	-51.22623	0	35	2021-09-23T04:34:36
7.18634	-51.22806	0	35	2021-09-23T04:39:14
7.18515	-51.23007	0	35	2021-09-23T04:44:14
7.18396	-51.23218	0	35	2021-09-23T04:49:08
7.18280	-51.23424	0	35	2021-09-23T04:54:08
7.18160	-51.23630	0	35	2021-09-23T04:59:09
7.18039	-51.23840	0	35	2021-09-23T05:04:10
7.17929	-51.24048	0	35	2021-09-23T05:09:06
7.17815	-51.24258	0	35	2021-09-23T05:14:07
7.17705	-51.24475	0	35	2021-09-23T05:19:04
7.17594	-51.24692	0	35	2021-09-23T05:24:05
7.17482	-51.24905	0	35	2021-09-23T05:29:03
7.17359	-51.25140	0	35	2021-09-23T05:34:26
7.17253	-51.25339	0	35	2021-09-23T05:39:03
7.17138	-51.25555	0	35	2021-09-23T05:44:00
7.17023	-51.25772	0	35	2021-09-23T05:49:01
7.16914	-51.25992	0	35	2021-09-23T05:54:02
7.16809	-51.26205	0	35	2021-09-23T05:59:00
7.16699	-51.26428	0	35	2021-09-23T06:04:00
7.16593	-51.26645	0	35	2021-09-23T06:09:01
7.16478	-51.26865	0	35	2021-09-23T06:13:58
7.16367	-51.27084	0	35	2021-09-23T06:18:59
7.16258	-51.27301	0	35	2021-09-23T06:23:59
7.16146	-51.27521	0	35	2021-09-23T06:29:01
7.16035	-51.27762	0	35	2021-09-23T06:34:25
7.15947	-51.27960	0	35	2021-09-23T06:39:00
7.15847	-51.28177	0	35	2021-09-23T06:44:03
7.15751	-51.28391	0	35	2021-09-23T06:49:04
7.15657	-51.28604	0	35	2021-09-23T06:54:05
7.15569	-51.28815	0	35	2021-09-23T06:59:06
7.15478	-51.29028	0	35	2021-09-23T07:04:07
7.15384	-51.29234	0	35	2021-09-23T07:09:08
7.15290	-51.29440	0	35	2021-09-23T07:14:08
7.15202	-51.29648	0	35	2021-09-23T07:19:06
7.15117	-51.29863	0	35	2021-09-23T07:24:06
7.15031	-51.30069	0	35	2021-09-23T07:29:07
7.14936	-51.30283	0	35	2021-09-23T07:34:24
7.14861	-51.30478	0	35	2021-09-23T07:39:09
7.14777	-51.30682	0	35	2021-09-23T07:44:10
7.14705	-51.30878	0	35	2021-09-23T07:49:11
7.14627	-51.31076	0	35	2021-09-23T07:54:10
7.14551	-51.31277	0	35	2021-09-23T07:59:13
7.14479	-51.31480	0	35	2021-09-23T08:04:13
7.14406	-51.31677	0	35	2021-09-23T08:09:14
7.14335	-51.31882	0	35	2021-09-23T08:14:15
7.14262	-51.32071	0	35	2021-09-23T08:19:16
7.14189	-51.32260	0	35	2021-09-23T08:24:16
7.14120	-51.32455	0	35	2021-09-23T08:29:18
7.14059	-51.32663	0	35	2021-09-23T08:34:53
7.13992	-51.32837	0	35	2021-09-23T08:39:16
7.13916	-51.33032	0	35	2021-09-23T08:44:15
7.13795	-51.33429	0	35	2021-09-23T08:54:17
7.13738	-51.33631	0	35	2021-09-23T08:59:11
7.13682	-51.33820	0	35	2021-09-23T09:04:12
7.13626	-51.34021	0	35	2021-09-23T09:09:13
7.13568	-51.34225	0	35	2021-09-23T09:14:13
7.13514	-51.34427	0	35	2021-09-23T09:19:14
7.13465	-51.34619	0	35	2021-09-23T09:24:14
7.13419	-51.34814	0	35	2021-09-23T09:29:15
7.13373	-51.35025	0	35	2021-09-23T09:34:37
7.13322	-51.35208	0	35	2021-09-23T09:39:15
7.13276	-51.35400	0	35	2021-09-23T09:44:14
7.13229	-51.35599	0	35	2021-09-23T09:49:16
7.13180	-51.35808	0	35	2021-09-23T09:54:16
7.13137	-51.36005	0	35	2021-09-23T09:59:16
7.13100	-51.36200	0	35	2021-09-23T10:04:15
7.13061	-51.36401	0	35	2021-09-23T10:09:16
7.13023	-51.36612	0	35	2021-09-23T10:14:16
7.12985	-51.36813	0	35	2021-09-23T10:19:13
7.12952	-51.37018	0	35	2021-09-23T10:24:15
7.12923	-51.37222	0	35	2021-09-23T10:29:18
7.12883	-51.37457	0	35	2021-09-23T10:34:17
7.12870	-51.37637	0	35	2021-09-23T10:39:17
7.12856	-51.37848	0	35	2021-09-23T10:44:17
7.12841	-51.38055	0	35	2021-09-23T10:49:19
7.12824	-51.38269	0	35	2021-09-23T10:54:16
7.12808	-51.38483	0	35	2021-09-23T10:59:17
7.12796	-51.38690	0	35	2021-09-23T11:04:21
7.12783	-51.38901	0	35	2021-09-23T11:09:18
7.12767	-51.39116	0	35	2021-09-23T11:14:19
7.12754	-51.39313	0	35	2021-09-23T11:19:20
7.12740	-51.39517	0	35	2021-09-23T11:24:18
7.12726	-51.39725	0	35	2021-09-23T11:29:20
7.12706	-51.40146	0	35	2021-09-23T11:39:19
7.12696	-51.40350	0	35	2021-09-23T11:44:20
7.12688	-51.40558	0	35	2021-09-23T11:49:18
7.12674	-51.40765	0	35	2021-09-23T11:54:19
7.12667	-51.40976	0	35	2021-09-23T11:59:18
7.12660	-51.41190	0	35	2021-09-23T12:04:20
7.12653	-51.41403	0	35	2021-09-23T12:09:21
7.12653	-51.41620	0	35	2021-09-23T12:14:18
7.12658	-51.41837	0	35	2021-09-23T12:19:21
7.12658	-51.42056	0	35	2021-09-23T12:24:19
7.12661	-51.42273	0	35	2021-09-23T12:29:17
7.12658	-51.42511	0	35	2021-09-23T12:34:55
7.12656	-51.42700	0	35	2021-09-23T12:39:21
7.12647	-51.42911	0	35	2021-09-23T12:44:19
7.12638	-51.43126	0	35	2021-09-23T12:49:22
7.12629	-51.43341	0	35	2021-09-23T12:54:21
7.12620	-51.43552	0	35	2021-09-23T12:59:20
7.12609	-51.43767	0	35	2021-09-23T13:04:22
7.12609	-51.43982	0	35	2021-09-23T13:09:22
7.12610	-51.44193	0	35	2021-09-23T13:14:17
7.12614	-51.44406	0	35	2021-09-23T13:19:17
7.12615	-51.44629	0	35	2021-09-23T13:24:57
7.12619	-51.44836	0	35	2021-09-23T13:29:16
7.12623	-51.45084	0	35	2021-09-23T13:34:58
7.12619	-51.45276	0	35	2021-09-23T13:39:17
7.12620	-51.45503	0	35	2021-09-23T13:44:18
7.12620	-51.45718	0	35	2021-09-23T13:49:18
7.12620	-51.45944	0	35	2021-09-23T13:54:19
7.12618	-51.46624	0	35	2021-09-23T14:09:17
7.12618	-51.46847	0	35	2021-09-23T14:14:16
7.12618	-51.47070	0	35	2021-09-23T14:19:16
7.12617	-51.47300	0	35	2021-09-23T14:24:55
7.12617	-51.47523	0	35	2021-09-23T14:29:56
7.12617	-51.47772	0	35	2021-09-23T14:34:56
7.12618	-51.47974	0	35	2021-09-23T14:39:18
7.12624	-51.48196	0	35	2021-09-23T14:44:16
7.12629	-51.48416	0	35	2021-09-23T14:49:17
7.12634	-51.48636	0	35	2021-09-23T14:54:15
7.12641	-51.48856	0	35	2021-09-23T14:59:16
7.12645	-51.49075	0	35	2021-09-23T15:04:16
7.12651	-51.49286	0	35	2021-09-23T15:09:14
7.12656	-51.49500	0	35	2021-09-23T15:14:16
7.12665	-51.49716	0	35	2021-09-23T15:19:18
7.12670	-51.49927	0	35	2021-09-23T15:24:16
7.12679	-51.50146	0	35	2021-09-23T15:29:17
7.12694	-51.50391	0	35	2021-09-23T15:34:55
7.12707	-51.50580	0	35	2021-09-23T15:39:14
7.12725	-51.50793	0	35	2021-09-23T15:44:14
7.12742	-51.51010	0	35	2021-09-23T15:49:12
7.12759	-51.51228	0	35	2021-09-23T15:54:10
7.12772	-51.51443	0	35	2021-09-23T15:59:10
7.12786	-51.51657	0	35	2021-09-23T16:04:11
7.12800	-51.51868	0	35	2021-09-23T16:09:11
7.12813	-51.52082	0	35	2021-09-23T16:14:16
7.12826	-51.52297	0	35	2021-09-23T16:19:16
7.12839	-51.52512	0	35	2021-09-23T16:24:15
7.12859	-51.52731	0	35	2021-09-23T16:29:18
7.12883	-51.52976	0	35	2021-09-23T16:34:19
7.12904	-51.53165	0	35	2021-09-23T16:39:18
7.12929	-51.53384	0	35	2021-09-23T16:44:18
7.12952	-51.53601	0	35	2021-09-23T16:49:19
7.12978	-51.53824	0	35	2021-09-23T16:54:18
7.13003	-51.54044	0	35	2021-09-23T16:59:17
7.13029	-51.54260	0	35	2021-09-23T17:04:21
7.13052	-51.54480	0	35	2021-09-23T17:09:17
7.13074	-51.54700	0	35	2021-09-23T17:14:19
7.13097	-51.54922	0	35	2021-09-23T17:19:16
7.13130	-51.55142	0	35	2021-09-23T17:24:18
7.13160	-51.55359	0	35	2021-09-23T17:29:20
7.13196	-51.55606	0	35	2021-09-23T17:34:53
7.13227	-51.55798	0	35	2021-09-23T17:39:19
7.13269	-51.56020	0	35	2021-09-23T17:44:20
7.13312	-51.56235	0	35	2021-09-23T17:49:21
7.13355	-51.56459	0	35	2021-09-23T17:54:22
7.13398	-51.56674	0	35	2021-09-23T17:59:22
7.13442	-51.56897	0	35	2021-09-23T18:04:20
7.13487	-51.57117	0	35	2021-09-23T18:09:21
7.13524	-51.57330	0	35	2021-09-23T18:14:20
7.13571	-51.57550	0	35	2021-09-23T18:19:22
7.13619	-51.57767	0	35	2021-09-23T18:24:19
7.13665	-51.57986	0	35	2021-09-23T18:29:20
7.13718	-51.58228	0	35	2021-09-23T18:34:52
7.13763	-51.58420	0	35	2021-09-23T18:39:18
7.13815	-51.58636	0	35	2021-09-23T18:44:19
7.13866	-51.58856	0	35	2021-09-23T18:49:19
7.13924	-51.59076	0	35	2021-09-23T18:54:21
7.13983	-51.59293	0	35	2021-09-23T18:59:20
7.14104	-51.59732	0	35	2021-09-23T19:09:24
7.14156	-51.59949	0	35	2021-09-23T19:14:24
7.14211	-51.60162	0	35	2021-09-23T19:19:25
7.14264	-51.60376	0	35	2021-09-23T19:24:22
7.14322	-51.60587	0	35	2021-09-23T19:29:24
7.14375	-51.60828	0	35	2021-09-23T19:34:54
7.14426	-51.61023	0	35	2021-09-23T19:39:24
7.14481	-51.61246	0	35	2021-09-23T19:44:22
7.14538	-51.61456	0	35	2021-09-23T19:49:23
7.14601	-51.61676	0	35	2021-09-23T19:54:23
7.14669	-51.61893	0	35	2021-09-23T19:59:24
7.14739	-51.62115	0	35	2021-09-23T20:04:26
7.14811	-51.62335	0	35	2021-09-23T20:09:26
7.14880	-51.62552	0	35	2021-09-23T20:14:27
7.14951	-51.62775	0	35	2021-09-23T20:19:30
7.15017	-51.62988	0	35	2021-09-23T20:24:28
7.15084	-51.63208	0	35	2021-09-23T20:29:25
7.15167	-51.63449	0	35	2021-09-23T20:34:57
7.15232	-51.63638	0	35	2021-09-23T20:39:24
7.15315	-51.63852	0	35	2021-09-23T20:44:21
7.15401	-51.64066	0	35	2021-09-23T20:49:20
7.15484	-51.64276	0	35	2021-09-23T20:54:21
7.15569	-51.64490	0	35	2021-09-23T20:59:23
7.15655	-51.64697	0	35	2021-09-23T21:04:20
7.15749	-51.64911	0	35	2021-09-23T21:09:20
7.15948	-51.65326	0	35	2021-09-23T21:19:23
7.16055	-51.65527	0	35	2021-09-23T21:24:22
7.16151	-51.65732	0	35	2021-09-23T21:29:20
7.16260	-51.65970	0	35	2021-09-23T21:34:56
7.16349	-51.66167	0	35	2021-09-23T21:39:22
7.16448	-51.66373	0	35	2021-09-23T21:44:23
7.16560	-51.66577	0	35	2021-09-23T21:49:22
7.16673	-51.66779	0	35	2021-09-23T21:54:24
7.16791	-51.66977	0	35	2021-09-23T21:59:22
7.16916	-51.67172	0	35	2021-09-23T22:04:25
7.17036	-51.67368	0	35	2021-09-23T22:09:24
7.17150	-51.67572	0	35	2021-09-23T22:14:24
7.17251	-51.67764	0	35	2021-09-23T22:19:25
7.17352	-51.67966	0	35	2021-09-23T22:24:23
7.17457	-51.68167	0	35	2021-09-23T22:29:23
7.17564	-51.68387	0	35	2021-09-23T22:34:57
7.17658	-51.68570	0	35	2021-09-23T22:39:24
7.17761	-51.68759	0	35	2021-09-23T22:44:24
7.17866	-51.68961	0	35	2021-09-23T22:49:26
7.17969	-51.69156	0	35	2021-09-23T22:54:23
7.18072	-51.69354	0	35	2021-09-23T22:59:25
7.18172	-51.69550	0	35	2021-09-23T23:04:24
7.18272	-51.69745	0	35	2021-09-23T23:09:26
7.18365	-51.69937	0	35	2021-09-23T23:14:23
7.18460	-51.70129	0	35	2021-09-23T23:19:26
7.18560	-51.70319	0	35	2021-09-23T23:24:28
7.18647	-51.70508	0	35	2021-09-23T23:29:25
7.18744	-51.70720	0	35	2021-09-23T23:34:25
7.18826	-51.70892	0	35	2021-09-23T23:39:24
7.18922	-51.71078	0	35	2021-09-23T23:44:23
7.19013	-51.71265	0	35	2021-09-23T23:49:21
7.19110	-51.71451	0	35	2021-09-23T23:54:21
7.19210	-51.71637	0	35	2021-09-23T23:59:20
7.19307	-51.71820	0	35	2021-09-24T00:04:19
7.19406	-51.72003	0	35	2021-09-24T00:09:17
7.19508	-51.72192	0	35	2021-09-24T00:14:21
7.19615	-51.72372	0	35	2021-09-24T00:19:22
7.19723	-51.72559	0	35	2021-09-24T00:24:20
7.19830	-51.72742	0	35	2021-09-24T00:29:20
7.19955	-51.72946	0	35	2021-09-24T00:34:56
7.20056	-51.73111	0	35	2021-09-24T00:39:25
7.20172	-51.73304	0	35	2021-09-24T00:44:24
7.20279	-51.73476	0	35	2021-09-24T00:49:24
7.20386	-51.73648	0	35	2021-09-24T00:54:25
7.20493	-51.73819	0	35	2021-09-24T00:59:24
7.20590	-51.73996	0	35	2021-09-24T01:04:26
7.20691	-51.74182	0	35	2021-09-24T01:09:23
7.20799	-51.74365	0	35	2021-09-24T01:14:27
7.20902	-51.74548	0	35	2021-09-24T01:19:29
7.21012	-51.74730	0	35	2021-09-24T01:24:57
7.21117	-51.74908	0	35	2021-09-24T01:29:31
7.21235	-51.75107	0	35	2021-09-24T01:34:57
7.21334	-51.75272	0	35	2021-09-24T01:39:32
7.21441	-51.75452	0	35	2021-09-24T01:44:30
7.21556	-51.75637	0	35	2021-09-24T01:49:29
7.21676	-51.75809	0	35	2021-09-24T01:54:28
7.21797	-51.75983	0	35	2021-09-24T01:59:29
7.21914	-51.76157	0	35	2021-09-24T02:04:28
7.22034	-51.76329	0	35	2021-09-24T02:09:26
7.22141	-51.76501	0	35	2021-09-24T02:14:27
7.22248	-51.76682	0	35	2021-09-24T02:19:27
7.22356	-51.76859	0	35	2021-09-24T02:24:25
7.22473	-51.77033	0	35	2021-09-24T02:29:56
7.22597	-51.77222	0	35	2021-09-24T02:34:57
7.22693	-51.77393	0	35	2021-09-24T02:39:22
7.22796	-51.77565	0	35	2021-09-24T02:44:21
7.22895	-51.77737	0	35	2021-09-24T02:49:21
7.23000	-51.77921	0	35	2021-09-24T02:54:26
7.23107	-51.78098	0	35	2021-09-24T02:59:24
7.23202	-51.78278	0	35	2021-09-24T03:04:24
7.23304	-51.78461	0	35	2021-09-24T03:09:25
7.23415	-51.78647	0	35	2021-09-24T03:14:25
7.23523	-51.78833	0	35	2021-09-24T03:19:25
7.23630	-51.79013	0	35	2021-09-24T03:24:24
7.23749	-51.79211	0	35	2021-09-24T03:29:25
7.23870	-51.79405	0	35	2021-09-24T03:34:24
7.23956	-51.79559	0	35	2021-09-24T03:39:23
7.24062	-51.79739	0	35	2021-09-24T03:44:22
7.24166	-51.79919	0	35	2021-09-24T03:49:20
7.24269	-51.80096	0	35	2021-09-24T03:54:21
7.24375	-51.80273	0	35	2021-09-24T03:59:21
7.24483	-51.80444	0	35	2021-09-24T04:04:19
7.24588	-51.80621	0	35	2021-09-24T04:09:20
7.24700	-51.80796	0	35	2021-09-24T04:14:17
7.24803	-51.80968	0	35	2021-09-24T04:19:17
7.24902	-51.81140	0	35	2021-09-24T04:24:18
7.25013	-51.81314	0	35	2021-09-24T04:29:19
7.25134	-51.81512	0	35	2021-09-24T04:34:57
7.25227	-51.81670	0	35	2021-09-24T04:39:17
7.25334	-51.81833	0	35	2021-09-24T04:44:18
7.25433	-51.82001	0	35	2021-09-24T04:49:19
7.25533	-51.82166	0	35	2021-09-24T04:54:18
7.25635	-51.82333	0	35	2021-09-24T04:59:19
7.25733	-51.82498	0	35	2021-09-24T05:04:20
7.25835	-51.82660	0	35	2021-09-24T05:09:18
7.25940	-51.82816	0	35	2021-09-24T05:14:15
7.26050	-51.82974	0	35	2021-09-24T05:19:16
7.26157	-51.83136	0	35	2021-09-24T05:24:13
7.26259	-51.83298	0	35	2021-09-24T05:29:16
7.26370	-51.83469	0	35	2021-09-24T05:34:38
7.26469	-51.83606	0	35	2021-09-24T05:39:14
7.26560	-51.83755	0	35	2021-09-24T05:44:12
7.26652	-51.83902	0	35	2021-09-24T05:49:13
7.26749	-51.84055	0	35	2021-09-24T05:54:10
7.26844	-51.84207	0	35	2021-09-24T05:59:11
7.26948	-51.84354	0	35	2021-09-24T06:04:11
7.27061	-51.84507	0	35	2021-09-24T06:09:09
7.27160	-51.84653	0	35	2021-09-24T06:14:10
7.27258	-51.84799	0	35	2021-09-24T06:19:07
7.27369	-51.84955	0	35	2021-09-24T06:24:10
7.27483	-51.85107	0	35	2021-09-24T06:29:12
7.27608	-51.85277	0	35	2021-09-24T06:34:12
7.27707	-51.85406	0	35	2021-09-24T06:39:11
7.27818	-51.85550	0	35	2021-09-24T06:44:11
7.27924	-51.85699	0	35	2021-09-24T06:49:09
7.28031	-51.85849	0	35	2021-09-24T06:54:10
7.28137	-51.85999	0	35	2021-09-24T06:59:13
7.28238	-51.86151	0	35	2021-09-24T07:04:11
7.28337	-51.86306	0	35	2021-09-24T07:09:07
7.28435	-51.86453	0	35	2021-09-24T07:14:11
7.28535	-51.86606	0	35	2021-09-24T07:19:06
7.28636	-51.86758	0	35	2021-09-24T07:24:07
7.28741	-51.86908	0	35	2021-09-24T07:29:07
7.28848	-51.87076	0	35	2021-09-24T07:34:24
7.28944	-51.87219	0	35	2021-09-24T07:39:06
7.29152	-51.87531	0	35	2021-09-24T07:49:07
7.29250	-51.87683	0	35	2021-09-24T07:54:05
7.29354	-51.87839	0	35	2021-09-24T07:59:06
7.29465	-51.87994	0	35	2021-09-24T08:04:09
7.29577	-51.88152	0	35	2021-09-24T08:09:04
7.29689	-51.88306	0	35	2021-09-24T08:14:04
7.29803	-51.88455	0	35	2021-09-24T08:19:07
7.29917	-51.88608	0	35	2021-09-24T08:24:05
7.30032	-51.88757	0	35	2021-09-24T08:29:06
7.30156	-51.88904	0	35	2021-09-24T08:34:26
7.30267	-51.89041	0	35	2021-09-24T08:39:05
7.30382	-51.89185	0	35	2021-09-24T08:44:08
7.30495	-51.89334	0	35	2021-09-24T08:49:06
7.30609	-51.89481	0	35	2021-09-24T08:54:07
7.30722	-51.89630	0	35	2021-09-24T08:59:06
7.30833	-51.89777	0	35	2021-09-24T09:04:08
7.30949	-51.89917	0	35	2021-09-24T09:09:05
7.31060	-51.90063	0	35	2021-09-24T09:14:07
7.31172	-51.90213	0	35	2021-09-24T09:19:07
7.31288	-51.90356	0	35	2021-09-24T09:24:08
7.31407	-51.90503	0	35	2021-09-24T09:29:09
7.31540	-51.90652	0	35	2021-09-24T09:34:37
7.31649	-51.90790	0	35	2021-09-24T09:39:13
7.31769	-51.90927	0	35	2021-09-24T09:44:12
7.31888	-51.91074	0	35	2021-09-24T09:49:12
7.32006	-51.91217	0	35	2021-09-24T09:54:09
7.32133	-51.91369	0	35	2021-09-24T09:59:13
7.32257	-51.91489	0	35	2021-09-24T10:04:12
7.32377	-51.91629	0	35	2021-09-24T10:09:12
7.32507	-51.91766	0	35	2021-09-24T10:14:13
7.32635	-51.91907	0	35	2021-09-24T10:19:13
7.32759	-51.92044	0	35	2021-09-24T10:24:14
7.32887	-51.92181	0	35	2021-09-24T10:29:12
7.33032	-51.92346	0	35	2021-09-24T10:34:39
7.33152	-51.92484	0	35	2021-09-24T10:39:16
7.33276	-51.92621	0	35	2021-09-24T10:44:16
7.33403	-51.92761	0	35	2021-09-24T10:49:15
7.33534	-51.92902	0	35	2021-09-24T10:54:15
7.33659	-51.93040	0	35	2021-09-24T10:59:12
7.33792	-51.93173	0	35	2021-09-24T11:04:13
7.33921	-51.93314	0	35	2021-09-24T11:09:11
7.34051	-51.93459	0	35	2021-09-24T11:14:12
7.34180	-51.93588	0	35	2021-09-24T11:19:12
7.34316	-51.93726	0	35	2021-09-24T11:24:13
7.34451	-51.93863	0	35	2021-09-24T11:29:11
7.34599	-51.94016	0	35	2021-09-24T11:34:38
7.34726	-51.94150	0	35	2021-09-24T11:39:14
7.34862	-51.94293	0	35	2021-09-24T11:44:16
7.35003	-51.94440	0	35	2021-09-24T11:49:18
7.35142	-51.94592	0	35	2021-09-24T11:54:18
7.35280	-51.94739	0	35	2021-09-24T11:59:15
7.35413	-51.94888	0	35	2021-09-24T12:04:16
7.35551	-51.95041	0	35	2021-09-24T12:09:16
7.35687	-51.95198	0	35	2021-09-24T12:14:14
7.35820	-51.95352	0	35	2021-09-24T12:19:14
7.35955	-51.95505	0	35	2021-09-24T12:24:14
7.36090	-51.95662	0	35	2021-09-24T12:29:36
7.36236	-51.95825	0	35	2021-09-24T12:34:37
7.36358	-51.95966	0	35	2021-09-24T12:39:11
7.36492	-51.96121	0	35	2021-09-24T12:44:10
7.36629	-51.96277	0	35	2021-09-24T12:49:11
7.36772	-51.96433	0	35	2021-09-24T12:54:10
7.36905	-51.96579	0	35	2021-09-24T12:59:10
7.37033	-51.96741	0	35	2021-09-24T13:04:10
7.37164	-51.96896	0	35	2021-09-24T13:09:16
7.37292	-51.97055	0	35	2021-09-24T13:14:12
7.37420	-51.97208	0	35	2021-09-24T13:19:13
7.37546	-51.97366	0	35	2021-09-24T13:24:15
7.37673	-51.97524	0	35	2021-09-24T13:29:37
7.37810	-51.97696	0	35	2021-09-24T13:34:36
7.37927	-51.97839	0	35	2021-09-24T13:39:17
7.38051	-51.97998	0	35	2021-09-24T13:44:13
7.38180	-51.98157	0	35	2021-09-24T13:49:14
7.38308	-51.98325	0	35	2021-09-24T13:54:15
7.38436	-51.98489	0	35	2021-09-24T13:59:12
7.38563	-51.98654	0	35	2021-09-24T14:04:13
7.38688	-51.98813	0	35	2021-09-24T14:09:14
7.38811	-51.98969	0	35	2021-09-24T14:14:11
7.38937	-51.99124	0	35	2021-09-24T14:19:08
7.39064	-51.99283	0	35	2021-09-24T14:24:09
7.39186	-51.99438	0	35	2021-09-24T14:29:10
7.39318	-51.99606	0	35	2021-09-24T14:34:26
7.39434	-51.99753	0	35	2021-09-24T14:39:08
7.39558	-51.99908	0	35	2021-09-24T14:44:01
7.39689	-52.00070	0	35	2021-09-24T14:49:02
7.39812	-52.00232	0	35	2021-09-24T14:53:59
7.39937	-52.00397	0	35	2021-09-24T14:59:00
7.40180	-52.00720	0	35	2021-09-24T15:08:57
7.40301	-52.00881	0	35	2021-09-24T15:13:55
7.40417	-52.01044	0	35	2021-09-24T15:18:56
7.40533	-52.01205	0	35	2021-09-24T15:23:56
7.40641	-52.01367	0	35	2021-09-24T15:28:56
7.40756	-52.01547	0	35	2021-09-24T15:34:26
7.40855	-52.01701	0	35	2021-09-24T15:38:58
7.40958	-52.01864	0	35	2021-09-24T15:43:57
7.41061	-52.02036	0	35	2021-09-24T15:48:57
7.41164	-52.02203	0	35	2021-09-24T15:53:54
7.41269	-52.02377	0	35	2021-09-24T15:58:55
7.41372	-52.02542	0	35	2021-09-24T16:03:58
7.41476	-52.02707	0	35	2021-09-24T16:08:56
7.41580	-52.02869	0	35	2021-09-24T16:13:58
7.41682	-52.03040	0	35	2021-09-24T16:19:01
7.41783	-52.03209	0	35	2021-09-24T16:23:59
7.41882	-52.03381	0	35	2021-09-24T16:28:59
7.41985	-52.03577	0	35	2021-09-24T16:34:27
7.42075	-52.03735	0	35	2021-09-24T16:39:00
7.42169	-52.03909	0	35	2021-09-24T16:44:02
7.42262	-52.04080	0	35	2021-09-24T16:48:59
7.42354	-52.04248	0	35	2021-09-24T16:54:00
7.42448	-52.04422	0	35	2021-09-24T16:58:58
7.42545	-52.04596	0	35	2021-09-24T17:04:01
7.42645	-52.04770	0	35	2021-09-24T17:09:02
7.42736	-52.04944	0	35	2021-09-24T17:14:00
7.42830	-52.05115	0	35	2021-09-24T17:18:59
7.42924	-52.05289	0	35	2021-09-24T17:24:01
7.43013	-52.05463	0	35	2021-09-24T17:29:02
7.43118	-52.05652	0	35	2021-09-24T17:34:26
7.43204	-52.05811	0	35	2021-09-24T17:39:00
7.43296	-52.05978	0	35	2021-09-24T17:44:02
7.43390	-52.06143	0	35	2021-09-24T17:49:02
7.43489	-52.06305	0	35	2021-09-24T17:54:03
7.43587	-52.06468	0	35	2021-09-24T17:59:00
7.43677	-52.06631	0	35	2021-09-24T18:04:00
7.43771	-52.06793	0	35	2021-09-24T18:08:58
7.43871	-52.06960	0	35	2021-09-24T18:13:57
7.43961	-52.07123	0	35	2021-09-24T18:18:56
7.44054	-52.07285	0	35	2021-09-24T18:23:57
7.44150	-52.07448	0	35	2021-09-24T18:28:56
7.44266	-52.07628	0	35	2021-09-24T18:33:55
7.44352	-52.07782	0	35	2021-09-24T18:38:55
7.44454	-52.07953	0	35	2021-09-24T18:43:53
7.44551	-52.08124	0	35	2021-09-24T18:48:56
7.44651	-52.08296	0	35	2021-09-24T18:53:54
7.44754	-52.08459	0	35	2021-09-24T18:58:55
7.44858	-52.08627	0	35	2021-09-24T19:03:54
7.44964	-52.08801	0	35	2021-09-24T19:08:57
7.45067	-52.08955	0	35	2021-09-24T19:13:57
7.45166	-52.09109	0	35	2021-09-24T19:18:58
7.45271	-52.09271	0	35	2021-09-24T19:23:56
7.45375	-52.09442	0	35	2021-09-24T19:28:59
7.45497	-52.09625	0	35	2021-09-24T19:34:26
7.45593	-52.09781	0	35	2021-09-24T19:39:01
7.45702	-52.09949	0	35	2021-09-24T19:44:02
7.45815	-52.10114	0	35	2021-09-24T19:49:02
7.45926	-52.10275	0	35	2021-09-24T19:54:00
7.46043	-52.10439	0	35	2021-09-24T19:59:04
7.46155	-52.10602	0	35	2021-09-24T20:04:04
7.46275	-52.10764	0	35	2021-09-24T20:09:06
7.46397	-52.10922	0	35	2021-09-24T20:14:07
7.46520	-52.11078	0	35	2021-09-24T20:19:05
7.46648	-52.11237	0	35	2021-09-24T20:24:09
7.46770	-52.11395	0	35	2021-09-24T20:29:11
7.46907	-52.11566	0	35	2021-09-24T20:34:38
7.47030	-52.11710	0	35	2021-09-24T20:39:11
7.47164	-52.11865	0	35	2021-09-24T20:44:13
7.47301	-52.12023	0	35	2021-09-24T20:49:16
7.47434	-52.12177	0	35	2021-09-24T20:54:15
7.47578	-52.12348	0	35	2021-09-24T20:59:16
7.47724	-52.12494	0	35	2021-09-24T21:04:16
7.47870	-52.12640	0	35	2021-09-24T21:09:17
7.48019	-52.12790	0	35	2021-09-24T21:14:20
7.48171	-52.12946	0	35	2021-09-24T21:19:22
7.48323	-52.13102	0	35	2021-09-24T21:24:20
7.48477	-52.13248	0	35	2021-09-24T21:29:20
7.48649	-52.13419	0	35	2021-09-24T21:34:56
7.48786	-52.13553	0	35	2021-09-24T21:39:25
7.48944	-52.13705	0	35	2021-09-24T21:44:23
7.49106	-52.13861	0	35	2021-09-24T21:49:26
7.49269	-52.14020	0	35	2021-09-24T21:54:25
7.49443	-52.14181	0	35	2021-09-24T21:59:26
7.49615	-52.14327	0	35	2021-09-24T22:04:26
7.49778	-52.14481	0	35	2021-09-24T22:09:27
7.49953	-52.14618	0	35	2021-09-24T22:14:24
7.50121	-52.14780	0	35	2021-09-24T22:19:24
7.50290	-52.14937	0	35	2021-09-24T22:24:27
7.50457	-52.15091	0	35	2021-09-24T22:29:27
7.50656	-52.15277	0	35	2021-09-24T22:35:10
7.50804	-52.15411	0	35	2021-09-24T22:39:28
7.50979	-52.15552	0	35	2021-09-24T22:44:26
7.51155	-52.15692	0	35	2021-09-24T22:49:27
7.51332	-52.15826	0	35	2021-09-24T22:54:27
7.51508	-52.15967	0	35	2021-09-24T22:59:28
7.51682	-52.16104	0	35	2021-09-24T23:04:26
7.51858	-52.16241	0	35	2021-09-24T23:09:27
7.52031	-52.16376	0	35	2021-09-24T23:14:27
7.52212	-52.16507	0	35	2021-09-24T23:19:28
7.52399	-52.16641	0	35	2021-09-24T23:24:27
7.52590	-52.16766	0	35	2021-09-24T23:29:29
7.52800	-52.16907	0	35	2021-09-24T23:34:57
7.52970	-52.17014	0	35	2021-09-24T23:39:27
7.53162	-52.17133	0	35	2021-09-24T23:44:31
7.53349	-52.17242	0	35	2021-09-24T23:49:29
7.53531	-52.17352	0	35	2021-09-24T23:54:26
7.53713	-52.17462	0	35	2021-09-24T23:59:27
7.53892	-52.17572	0	35	2021-09-25T00:04:26
7.54078	-52.17682	0	35	2021-09-25T00:09:27
7.54270	-52.17786	0	35	2021-09-25T00:14:25
7.54452	-52.17902	0	35	2021-09-25T00:19:23
7.54640	-52.18015	0	35	2021-09-25T00:24:24
7.54828	-52.18127	0	35	2021-09-25T00:29:27
7.55040	-52.18250	0	35	2021-09-25T00:34:56
7.55212	-52.18347	0	35	2021-09-25T00:39:27
7.55404	-52.18460	0	35	2021-09-25T00:44:26
7.55594	-52.18567	0	35	2021-09-25T00:49:24
7.55782	-52.18684	0	35	2021-09-25T00:54:24
7.55971	-52.18787	0	35	2021-09-25T00:59:24
7.56166	-52.18893	0	35	2021-09-25T01:04:23
7.56361	-52.19000	0	35	2021-09-25T01:09:23
7.56554	-52.19101	0	35	2021-09-25T01:14:21
7.56747	-52.19205	0	35	2021-09-25T01:19:22
7.56942	-52.19302	0	35	2021-09-25T01:24:19
7.57148	-52.19410	0	35	2021-09-25T01:29:15
7.57372	-52.19519	0	35	2021-09-25T01:34:57
7.57547	-52.19608	0	35	2021-09-25T01:39:16
7.57741	-52.19711	0	35	2021-09-25T01:44:16
7.57939	-52.19812	0	35	2021-09-25T01:49:14
7.58139	-52.19926	0	35	2021-09-25T01:54:15
7.58331	-52.20016	0	35	2021-09-25T01:59:13
7.58529	-52.20123	0	35	2021-09-25T02:04:14
7.58728	-52.20230	0	35	2021-09-25T02:09:17
7.58929	-52.20346	0	35	2021-09-25T02:14:15
7.59132	-52.20459	0	35	2021-09-25T02:19:16
7.59338	-52.20575	0	35	2021-09-25T02:24:16
7.59539	-52.20688	0	35	2021-09-25T02:29:18
7.59773	-52.20816	0	35	2021-09-25T02:34:53
7.59957	-52.20911	0	35	2021-09-25T02:39:16
7.60169	-52.21021	0	35	2021-09-25T02:44:23
7.60379	-52.21130	0	35	2021-09-25T02:49:21
7.60592	-52.21237	0	35	2021-09-25T02:54:22
7.60797	-52.21344	0	35	2021-09-25T02:59:23
7.61002	-52.21457	0	35	2021-09-25T03:04:24
7.61207	-52.21564	0	35	2021-09-25T03:09:24
7.61416	-52.21677	0	35	2021-09-25T03:14:22
7.61630	-52.21790	0	35	2021-09-25T03:19:23
7.61841	-52.21903	0	35	2021-09-25T03:24:24
7.62043	-52.22015	0	35	2021-09-25T03:29:24
7.62273	-52.22147	0	35	2021-09-25T03:34:56
7.62457	-52.22250	0	35	2021-09-25T03:39:26
7.62664	-52.22360	0	35	2021-09-25T03:44:27
7.62868	-52.22474	0	35	2021-09-25T03:49:27
7.63070	-52.22586	0	35	2021-09-25T03:54:28
7.63270	-52.22696	0	35	2021-09-25T03:59:28
7.63464	-52.22813	0	35	2021-09-25T04:04:23
7.63657	-52.22925	0	35	2021-09-25T04:09:23
7.63852	-52.23038	0	35	2021-09-25T04:14:24
7.64045	-52.23154	0	35	2021-09-25T04:19:22
7.64238	-52.23268	0	35	2021-09-25T04:24:56
7.64426	-52.23373	0	35	2021-09-25T04:29:24
7.64629	-52.23483	0	35	2021-09-25T04:34:55
7.64796	-52.23584	0	35	2021-09-25T04:39:24
7.64992	-52.23701	0	35	2021-09-25T04:44:21
7.65172	-52.23804	0	35	2021-09-25T04:49:22
7.65355	-52.23911	0	35	2021-09-25T04:54:23
7.65535	-52.24017	0	35	2021-09-25T04:59:24
7.65709	-52.24121	0	35	2021-09-25T05:04:22
7.65885	-52.24228	0	35	2021-09-25T05:09:23
7.66058	-52.24339	0	35	2021-09-25T05:14:20
7.66230	-52.24451	0	35	2021-09-25T05:19:20
7.66399	-52.24567	0	35	2021-09-25T05:24:23
7.66567	-52.24683	0	35	2021-09-25T05:29:24
7.66751	-52.24814	0	35	2021-09-25T05:34:54
7.66898	-52.24915	0	35	2021-09-25T05:39:23
7.67062	-52.25031	0	35	2021-09-25T05:44:21
7.67227	-52.25143	0	35	2021-09-25T05:49:21
7.67384	-52.25256	0	35	2021-09-25T05:54:22
7.67540	-52.25369	0	35	2021-09-25T05:59:20
7.67694	-52.25485	0	35	2021-09-25T06:04:23
7.67850	-52.25598	0	35	2021-09-25T06:09:24
7.68002	-52.25712	0	35	2021-09-25T06:14:21
7.68152	-52.25824	0	35	2021-09-25T06:19:21
7.68299	-52.25937	0	35	2021-09-25T06:24:24
7.68443	-52.26044	0	35	2021-09-25T06:29:24
7.68600	-52.26178	0	35	2021-09-25T06:34:21
7.68724	-52.26264	0	35	2021-09-25T06:39:21
7.68866	-52.26367	0	35	2021-09-25T06:44:20
7.69012	-52.26474	0	35	2021-09-25T06:49:20
7.69159	-52.26581	0	35	2021-09-25T06:54:17
7.69306	-52.26685	0	35	2021-09-25T06:59:14
7.69454	-52.26782	0	35	2021-09-25T07:04:15
7.69604	-52.26877	0	35	2021-09-25T07:09:15
7.69752	-52.26974	0	35	2021-09-25T07:14:11
7.69894	-52.27060	0	35	2021-09-25T07:19:10
7.70034	-52.27161	0	35	2021-09-25T07:24:13
7.70181	-52.27255	0	35	2021-09-25T07:29:14
7.70340	-52.27362	0	35	2021-09-25T07:34:36
7.70480	-52.27451	0	35	2021-09-25T07:39:12
7.70633	-52.27542	0	35	2021-09-25T07:44:13
7.70788	-52.27639	0	35	2021-09-25T07:49:12
7.70942	-52.27725	0	35	2021-09-25T07:54:12
7.71101	-52.27811	0	35	2021-09-25T07:59:13
7.71260	-52.27896	0	35	2021-09-25T08:04:13
7.71415	-52.27975	0	35	2021-09-25T08:09:11
7.71570	-52.28052	0	35	2021-09-25T08:14:08
7.71724	-52.28133	0	35	2021-09-25T08:19:08
7.71883	-52.28210	0	35	2021-09-25T08:24:08
7.72038	-52.28284	0	35	2021-09-25T08:29:09
7.72199	-52.28363	0	35	2021-09-25T08:34:25
7.72341	-52.28436	0	35	2021-09-25T08:39:08
7.72502	-52.28520	0	35	2021-09-25T08:44:05
7.72661	-52.28589	0	35	2021-09-25T08:49:06
7.72826	-52.28668	0	35	2021-09-25T08:54:03
7.72991	-52.28745	0	35	2021-09-25T08:59:04
7.73162	-52.28819	0	35	2021-09-25T09:04:03
7.73329	-52.28888	0	35	2021-09-25T09:09:02
7.73498	-52.28955	0	35	2021-09-25T09:13:59
7.73665	-52.29025	0	35	2021-09-25T09:19:00
7.73839	-52.29098	0	35	2021-09-25T09:24:27
7.74012	-52.29163	0	35	2021-09-25T09:29:00
7.74200	-52.29236	0	35	2021-09-25T09:34:26
7.74358	-52.29294	0	35	2021-09-25T09:38:55
7.74530	-52.29364	0	35	2021-09-25T09:43:56
7.74706	-52.29431	0	35	2021-09-25T09:48:57
7.74877	-52.29495	0	35	2021-09-25T09:53:54
7.75050	-52.29562	0	35	2021-09-25T09:58:54
7.75225	-52.29628	0	35	2021-09-25T10:03:52
7.75401	-52.29688	0	35	2021-09-25T10:08:52
7.75580	-52.29752	0	35	2021-09-25T10:13:49
7.75759	-52.29816	0	35	2021-09-25T10:18:49
7.75937	-52.29880	0	35	2021-09-25T10:23:47
7.76114	-52.29944	0	35	2021-09-25T10:28:45
7.76320	-52.30023	0	35	2021-09-25T10:34:23
7.76488	-52.30081	0	35	2021-09-25T10:38:53
7.76677	-52.30145	0	35	2021-09-25T10:43:51
7.76865	-52.30203	0	35	2021-09-25T10:48:51
7.77057	-52.30261	0	35	2021-09-25T10:53:52
7.77241	-52.30319	0	35	2021-09-25T10:58:50
7.77432	-52.30380	0	35	2021-09-25T11:03:53
7.77625	-52.30441	0	35	2021-09-25T11:08:54
7.77821	-52.30506	0	35	2021-09-25T11:13:49
7.78010	-52.30566	0	35	2021-09-25T11:18:49
7.78208	-52.30624	0	35	2021-09-25T11:23:51
7.78402	-52.30685	0	35	2021-09-25T11:28:50
7.78618	-52.30746	0	35	2021-09-25T11:34:23
7.78792	-52.30798	0	35	2021-09-25T11:38:49
7.78991	-52.30853	0	35	2021-09-25T11:43:50
7.79188	-52.30911	0	35	2021-09-25T11:48:47
7.79387	-52.30966	0	35	2021-09-25T11:53:46
7.79587	-52.31018	0	35	2021-09-25T11:58:47
7.79793	-52.31070	0	35	2021-09-25T12:03:48
7.79995	-52.31116	0	35	2021-09-25T12:08:46
7.80200	-52.31165	0	35	2021-09-25T12:13:47
7.80407	-52.31222	0	35	2021-09-25T12:18:51
7.80609	-52.31265	0	35	2021-09-25T12:23:51
7.80810	-52.31317	0	35	2021-09-25T12:28:50
7.81037	-52.31375	0	35	2021-09-25T12:34:26
7.81213	-52.31421	0	35	2021-09-25T12:38:51
7.81414	-52.31476	0	35	2021-09-25T12:43:48
7.81617	-52.31531	0	35	2021-09-25T12:48:50
7.81826	-52.31584	0	35	2021-09-25T12:53:50
7.82032	-52.31635	0	35	2021-09-25T12:58:50
7.82238	-52.31686	0	35	2021-09-25T13:03:50
7.82445	-52.31735	0	35	2021-09-25T13:08:51
7.82656	-52.31784	0	35	2021-09-25T13:13:52
7.82862	-52.31839	0	35	2021-09-25T13:18:50
7.83070	-52.31894	0	35	2021-09-25T13:23:51
7.83279	-52.31943	0	35	2021-09-25T13:28:49
7.83511	-52.31998	0	35	2021-09-25T13:34:24
7.83690	-52.32037	0	35	2021-09-25T13:38:50
7.83895	-52.32080	0	35	2021-09-25T13:43:47
7.84102	-52.32126	0	35	2021-09-25T13:48:48
7.84311	-52.32172	0	35	2021-09-25T13:53:45
7.84518	-52.32220	0	35	2021-09-25T13:58:46
7.84730	-52.32278	0	35	2021-09-25T14:03:43
7.84936	-52.32321	0	35	2021-09-25T14:08:43
7.85133	-52.32364	0	35	2021-09-25T14:13:44
7.85340	-52.32413	0	35	2021-09-25T14:18:45
7.85539	-52.32458	0	35	2021-09-25T14:23:43
7.85741	-52.32504	0	35	2021-09-25T14:28:46
7.85968	-52.32565	0	35	2021-09-25T14:33:45
7.86140	-52.32599	0	35	2021-09-25T14:38:45
7.86338	-52.32645	0	35	2021-09-25T14:43:48
7.86531	-52.32684	0	35	2021-09-25T14:48:46
7.86721	-52.32727	0	35	2021-09-25T14:53:43
7.86915	-52.32770	0	35	2021-09-25T14:58:44
7.87102	-52.32819	0	35	2021-09-25T15:03:44
7.87295	-52.32858	0	35	2021-09-25T15:08:47
7.87488	-52.32892	0	35	2021-09-25T15:13:47
7.87681	-52.32932	0	35	2021-09-25T15:18:45
7.87876	-52.32971	0	35	2021-09-25T15:23:48
7.88072	-52.33020	0	35	2021-09-25T15:29:24
7.88291	-52.33063	0	35	2021-09-25T15:34:24
7.88466	-52.33096	0	35	2021-09-25T15:38:47
7.88659	-52.33133	0	35	2021-09-25T15:43:47
7.88861	-52.33172	0	35	2021-09-25T15:48:49
7.89054	-52.33206	0	35	2021-09-25T15:53:50
7.89255	-52.33246	0	35	2021-09-25T15:58:51
7.89448	-52.33282	0	35	2021-09-25T16:03:48
7.89644	-52.33319	0	35	2021-09-25T16:08:49
7.89842	-52.33362	0	35	2021-09-25T16:13:46
7.90038	-52.33407	0	35	2021-09-25T16:18:50
7.90235	-52.33441	0	35	2021-09-25T16:23:51
7.90428	-52.33483	0	35	2021-09-25T16:29:24
7.90634	-52.33517	0	35	2021-09-25T16:34:24
7.90801	-52.33551	0	35	2021-09-25T16:38:50
7.90992	-52.33588	0	35	2021-09-25T16:43:54
7.91181	-52.33630	0	35	2021-09-25T16:48:55
7.91366	-52.33664	0	35	2021-09-25T16:53:55
7.91551	-52.33704	0	35	2021-09-25T16:58:53
7.91730	-52.33746	0	35	2021-09-25T17:03:54
7.91908	-52.33789	0	35	2021-09-25T17:08:52
7.92085	-52.33834	0	35	2021-09-25T17:13:52
7.92257	-52.33868	0	35	2021-09-25T17:18:53
7.92430	-52.33911	0	35	2021-09-25T17:23:54
7.92608	-52.33951	0	35	2021-09-25T17:28:55
7.92798	-52.33990	0	35	2021-09-25T17:34:26
7.92947	-52.34015	0	35	2021-09-25T17:38:52
7.93115	-52.34048	0	35	2021-09-25T17:43:53
7.93283	-52.34082	0	35	2021-09-25T17:48:50
7.93447	-52.34116	0	35	2021-09-25T17:53:59
7.93612	-52.34140	0	35	2021-09-25T17:58:51
7.93771	-52.34164	0	35	2021-09-25T18:03:52
7.93927	-52.34186	0	35	2021-09-25T18:08:50
7.94083	-52.34207	0	35	2021-09-25T18:13:49
7.94241	-52.34227	0	35	2021-09-25T18:18:52
7.94395	-52.34244	0	35	2021-09-25T18:23:52
7.94555	-52.34259	0	35	2021-09-25T18:28:52
7.94730	-52.34271	0	35	2021-09-25T18:34:25
7.94867	-52.34281	0	35	2021-09-25T18:38:54
7.95026	-52.34290	0	35	2021-09-25T18:43:53
7.95188	-52.34305	0	35	2021-09-25T18:48:55
7.95353	-52.34320	0	35	2021-09-25T18:53:54
7.95516	-52.34335	0	35	2021-09-25T18:58:54
7.95685	-52.34344	0	35	2021-09-25T19:03:54
7.95851	-52.34354	0	35	2021-09-25T19:08:55
7.96017	-52.34363	0	35	2021-09-25T19:13:53
7.96185	-52.34369	0	35	2021-09-25T19:18:54
7.96352	-52.34378	0	35	2021-09-25T19:23:51
7.96515	-52.34384	0	35	2021-09-25T19:28:48
7.96705	-52.34390	0	35	2021-09-25T19:34:24
7.96856	-52.34390	0	35	2021-09-25T19:38:47
7.97032	-52.34399	0	35	2021-09-25T19:43:49
7.97207	-52.34412	0	35	2021-09-25T19:48:47
7.97383	-52.34424	0	35	2021-09-25T19:53:47
7.97559	-52.34439	0	35	2021-09-25T19:58:45
7.97737	-52.34451	0	35	2021-09-25T20:03:46
7.97916	-52.34464	0	35	2021-09-25T20:08:43
7.98099	-52.34482	0	35	2021-09-25T20:13:43
7.98285	-52.34491	0	35	2021-09-25T20:18:45
7.98470	-52.34500	0	35	2021-09-25T20:23:45
7.98658	-52.34509	0	35	2021-09-25T20:28:47
7.98864	-52.34515	0	35	2021-09-25T20:34:26
7.99015	-52.34518	0	35	2021-09-25T20:38:49
7.99175	-52.34509	0	35	2021-09-25T20:43:46
7.99334	-52.34503	0	35	2021-09-25T20:48:49
7.99488	-52.34491	0	35	2021-09-25T20:53:47
7.99648	-52.34482	0	35	2021-09-25T20:58:48
7.99810	-52.34464	0	35	2021-09-25T21:03:49
7.99972	-52.34435	0	35	2021-09-25T21:08:46
8.00135	-52.34418	0	35	2021-09-25T21:13:47
8.00299	-52.34393	0	35	2021-09-25T21:18:50
8.00456	-52.34369	0	35	2021-09-25T21:23:45
8.00619	-52.34343	0	35	2021-09-25T21:29:25
8.00794	-52.34326	0	35	2021-09-25T21:34:25
8.00941	-52.34311	0	35	2021-09-25T21:38:47
8.01113	-52.34290	0	35	2021-09-25T21:43:47
8.01282	-52.34265	0	35	2021-09-25T21:48:48
8.01453	-52.34241	0	35	2021-09-25T21:53:45
8.01623	-52.34216	0	35	2021-09-25T21:58:46
8.01795	-52.34192	0	35	2021-09-25T22:03:44
8.01970	-52.34160	0	35	2021-09-25T22:08:43
8.02136	-52.34134	0	35	2021-09-25T22:13:42
8.02305	-52.34100	0	35	2021-09-25T22:18:43
8.02477	-52.34070	0	35	2021-09-25T22:23:44
8.02650	-52.34033	0	35	2021-09-25T22:28:41
8.02837	-52.33990	0	35	2021-09-25T22:34:07
8.02997	-52.33954	0	35	2021-09-25T22:38:41
8.03168	-52.33917	0	35	2021-09-25T22:43:42
8.03342	-52.33881	0	35	2021-09-25T22:48:40
8.03518	-52.33841	0	35	2021-09-25T22:53:41
8.03694	-52.33807	0	35	2021-09-25T22:58:39
8.03870	-52.33768	0	35	2021-09-25T23:03:42
8.04045	-52.33731	0	35	2021-09-25T23:08:39
8.04223	-52.33687	0	35	2021-09-25T23:13:43
8.04402	-52.33661	0	35	2021-09-25T23:18:42
8.04587	-52.33624	0	35	2021-09-25T23:23:41
8.04768	-52.33588	0	35	2021-09-25T23:28:38
8.04964	-52.33557	0	35	2021-09-25T23:33:56
8.05134	-52.33530	0	35	2021-09-25T23:38:37
8.05317	-52.33499	0	35	2021-09-25T23:43:38
8.05497	-52.33472	0	35	2021-09-25T23:48:35
8.05678	-52.33447	0	35	2021-09-25T23:53:34
8.05860	-52.33420	0	35	2021-09-25T23:58:39
8.06037	-52.33392	0	35	2021-09-26T00:03:37
8.06213	-52.33362	0	35	2021-09-26T00:08:35
8.06390	-52.33325	0	35	2021-09-26T00:13:38
8.06561	-52.33295	0	35	2021-09-26T00:18:36
8.06737	-52.33261	0	35	2021-09-26T00:23:38
8.06908	-52.33224	0	35	2021-09-26T00:28:35
8.07093	-52.33188	0	35	2021-09-26T00:33:58
8.07249	-52.33152	0	35	2021-09-26T00:38:36
8.07415	-52.33118	0	35	2021-09-26T00:43:36
8.07583	-52.33081	0	35	2021-09-26T00:48:33
8.07748	-52.33041	0	35	2021-09-26T00:53:31
8.07917	-52.33008	0	35	2021-09-26T00:58:31
8.08081	-52.32968	0	35	2021-09-26T01:03:32
8.08245	-52.32932	0	35	2021-09-26T01:08:29
8.08408	-52.32889	0	35	2021-09-26T01:13:27
8.08567	-52.32846	0	35	2021-09-26T01:18:28
8.08727	-52.32800	0	35	2021-09-26T01:23:28
8.08888	-52.32758	0	35	2021-09-26T01:28:26
8.09065	-52.32706	0	35	2021-09-26T01:33:26
8.09207	-52.32672	0	35	2021-09-26T01:38:26
8.09366	-52.32629	0	35	2021-09-26T01:43:23
8.09529	-52.32584	0	35	2021-09-26T01:48:24
8.09689	-52.32544	0	35	2021-09-26T01:53:25
8.09849	-52.32498	0	35	2021-09-26T01:58:21
8.10008	-52.32455	0	35	2021-09-26T02:03:20
8.10171	-52.32410	0	35	2021-09-26T02:08:23
8.10331	-52.32373	0	35	2021-09-26T02:13:25
8.10493	-52.32330	0	35	2021-09-26T02:18:23
8.10657	-52.32291	0	35	2021-09-26T02:23:24
8.10828	-52.32248	0	35	2021-09-26T02:28:55
8.11008	-52.32205	0	35	2021-09-26T02:33:55
8.11156	-52.32169	0	35	2021-09-26T02:38:24
8.11325	-52.32126	0	35	2021-09-26T02:43:22
8.11492	-52.32083	0	35	2021-09-26T02:48:27
8.11656	-52.32040	0	35	2021-09-26T02:53:24
8.11822	-52.31998	0	35	2021-09-26T02:58:24
8.11988	-52.31943	0	35	2021-09-26T03:03:25
8.12154	-52.31890	0	35	2021-09-26T03:08:20
8.12322	-52.31839	0	35	2021-09-26T03:13:20
8.12489	-52.31781	0	35	2021-09-26T03:18:21
8.12658	-52.31723	0	35	2021-09-26T03:23:18
8.12825	-52.31665	0	35	2021-09-26T03:28:19
8.13006	-52.31595	0	35	2021-09-26T03:33:57
8.13148	-52.31540	0	35	2021-09-26T03:38:20
8.13315	-52.31464	0	35	2021-09-26T03:43:21
8.13474	-52.31395	0	35	2021-09-26T03:48:21
8.13636	-52.31326	0	35	2021-09-26T03:53:20
8.13800	-52.31247	0	35	2021-09-26T03:58:19
8.13962	-52.31165	0	35	2021-09-26T04:03:20
8.14124	-52.31086	0	35	2021-09-26T04:08:20
8.14283	-52.31009	0	35	2021-09-26T04:13:19
8.14441	-52.30930	0	35	2021-09-26T04:18:19
8.14601	-52.30850	0	35	2021-09-26T04:23:20
8.14764	-52.30774	0	35	2021-09-26T04:28:18
8.14947	-52.30681	0	35	2021-09-26T04:33:19
8.15084	-52.30621	0	35	2021-09-26T04:38:19
8.15246	-52.30542	0	35	2021-09-26T04:43:22
8.15413	-52.30451	0	35	2021-09-26T04:48:21
8.15572	-52.30374	0	35	2021-09-26T04:53:22
8.15734	-52.30292	0	35	2021-09-26T04:58:23
8.15897	-52.30209	0	35	2021-09-26T05:03:24
8.16061	-52.30127	0	35	2021-09-26T05:08:24
8.16222	-52.30045	0	35	2021-09-26T05:13:22
8.16386	-52.29959	0	35	2021-09-26T05:18:26
8.16550	-52.29871	0	35	2021-09-26T05:23:27
8.16719	-52.29785	0	35	2021-09-26T05:28:27
8.16900	-52.29694	0	35	2021-09-26T05:33:56
8.17055	-52.29617	0	35	2021-09-26T05:38:28
8.17228	-52.29532	0	35	2021-09-26T05:43:30
8.17401	-52.29446	0	35	2021-09-26T05:48:30
8.17575	-52.29352	0	35	2021-09-26T05:53:28
8.17751	-52.29257	0	35	2021-09-26T05:58:32
8.17924	-52.29169	0	35	2021-09-26T06:03:36
8.18087	-52.29068	0	35	2021-09-26T06:08:33
8.18255	-52.28973	0	35	2021-09-26T06:13:31
8.18422	-52.28882	0	35	2021-09-26T06:18:36
8.18587	-52.28790	0	35	2021-09-26T06:23:37
8.18750	-52.28693	0	35	2021-09-26T06:28:37
8.18924	-52.28595	0	35	2021-09-26T06:33:54
8.19087	-52.28500	0	35	2021-09-26T06:38:42
8.19253	-52.28406	0	35	2021-09-26T06:43:41
8.19417	-52.28305	0	35	2021-09-26T06:48:38
8.19577	-52.28210	0	35	2021-09-26T06:53:39
8.19740	-52.28110	0	35	2021-09-26T06:58:39
8.19902	-52.28002	0	35	2021-09-26T07:03:36
8.20060	-52.27908	0	35	2021-09-26T07:08:36
8.20219	-52.27808	0	35	2021-09-26T07:13:37
8.20542	-52.27596	0	35	2021-09-26T07:23:54
8.20709	-52.27502	0	35	2021-09-26T07:28:53
8.20881	-52.27399	0	35	2021-09-26T07:33:53
8.21033	-52.27304	0	35	2021-09-26T07:38:31
8.21197	-52.27197	0	35	2021-09-26T07:43:34
8.21362	-52.27087	0	35	2021-09-26T07:48:32
8.21524	-52.26978	0	35	2021-09-26T07:53:30
8.21686	-52.26871	0	35	2021-09-26T07:58:31
8.21847	-52.26758	0	35	2021-09-26T08:03:34
8.22003	-52.26651	0	35	2021-09-26T08:08:32
8.22162	-52.26538	0	35	2021-09-26T08:13:29
8.22322	-52.26428	0	35	2021-09-26T08:18:30
8.22476	-52.26315	0	35	2021-09-26T08:23:31
8.22631	-52.26208	0	35	2021-09-26T08:28:30
8.22796	-52.26089	0	35	2021-09-26T08:33:56
8.22945	-52.25986	0	35	2021-09-26T08:38:32
8.23098	-52.25870	0	35	2021-09-26T08:43:34
8.23255	-52.25747	0	35	2021-09-26T08:48:35
8.23405	-52.25635	0	35	2021-09-26T08:53:36
8.23558	-52.25513	0	35	2021-09-26T08:58:35
8.23710	-52.25394	0	35	2021-09-26T09:03:36
8.23860	-52.25278	0	35	2021-09-26T09:08:34
8.24005	-52.25159	0	35	2021-09-26T09:13:35
8.24154	-52.25037	0	35	2021-09-26T09:18:33
8.24300	-52.24915	0	35	2021-09-26T09:23:34
8.24447	-52.24799	0	35	2021-09-26T09:28:34
8.24604	-52.24677	0	35	2021-09-26T09:33:58
8.24743	-52.24570	0	35	2021-09-26T09:38:36
8.24892	-52.24451	0	35	2021-09-26T09:43:37
8.25038	-52.24337	0	35	2021-09-26T09:48:37
8.25184	-52.24225	0	35	2021-09-26T09:53:37
8.25329	-52.24112	0	35	2021-09-26T09:58:39
8.25472	-52.23999	0	35	2021-09-26T10:03:37
8.25616	-52.23880	0	35	2021-09-26T10:08:38
8.25756	-52.23761	0	35	2021-09-26T10:13:38
8.25892	-52.23639	0	35	2021-09-26T10:18:39
8.26032	-52.23517	0	35	2021-09-26T10:23:39
8.26174	-52.23395	0	35	2021-09-26T10:28:40
8.26322	-52.23267	0	35	2021-09-26T10:34:05
8.26446	-52.23157	0	35	2021-09-26T10:38:41
8.26582	-52.23038	0	35	2021-09-26T10:43:39
8.26721	-52.22913	0	35	2021-09-26T10:48:40
8.26859	-52.22794	0	35	2021-09-26T10:53:43
8.26993	-52.22672	0	35	2021-09-26T10:58:41
8.27126	-52.22546	0	35	2021-09-26T11:03:43
8.27265	-52.22418	0	35	2021-09-26T11:08:42
8.27401	-52.22293	0	35	2021-09-26T11:13:40
8.27530	-52.22165	0	35	2021-09-26T11:18:42
8.27666	-52.22031	0	35	2021-09-26T11:23:45
8.27802	-52.21893	0	35	2021-09-26T11:28:43
8.27945	-52.21753	0	35	2021-09-26T11:34:06
8.28059	-52.21631	0	35	2021-09-26T11:38:44
8.28181	-52.21494	0	35	2021-09-26T11:43:44
8.28309	-52.21356	0	35	2021-09-26T11:48:39
8.28430	-52.21219	0	35	2021-09-26T11:53:39
8.28553	-52.21085	0	35	2021-09-26T11:58:39
8.28673	-52.20944	0	35	2021-09-26T12:03:40
8.28792	-52.20804	0	35	2021-09-26T12:08:37
8.28907	-52.20667	0	35	2021-09-26T12:13:35
8.29017	-52.20532	0	35	2021-09-26T12:18:37
8.29135	-52.20385	0	35	2021-09-26T12:23:55
8.29249	-52.20248	0	35	2021-09-26T12:28:38
8.29371	-52.20102	0	35	2021-09-26T12:33:54
8.29486	-52.19974	0	35	2021-09-26T12:38:36
8.29612	-52.19825	0	35	2021-09-26T12:43:37
8.29735	-52.19696	0	35	2021-09-26T12:48:37
8.29862	-52.19559	0	35	2021-09-26T12:53:38
8.29998	-52.19412	0	35	2021-09-26T12:58:35
8.30131	-52.19275	0	35	2021-09-26T13:03:36
8.30268	-52.19138	0	35	2021-09-26T13:08:36
8.30404	-52.18994	0	35	2021-09-26T13:13:37
8.30540	-52.18839	0	35	2021-09-26T13:18:38
8.30673	-52.18686	0	35	2021-09-26T13:23:36
8.30810	-52.18539	0	35	2021-09-26T13:28:37
8.30963	-52.18381	0	35	2021-09-26T13:33:57
8.31101	-52.18243	0	35	2021-09-26T13:38:38
8.31251	-52.18094	0	35	2021-09-26T13:43:36
8.31399	-52.17941	0	35	2021-09-26T13:48:43
8.31545	-52.17795	0	35	2021-09-26T13:53:43
8.31687	-52.17645	0	35	2021-09-26T13:58:41
8.31830	-52.17499	0	35	2021-09-26T14:03:41
8.31973	-52.17352	0	35	2021-09-26T14:08:43
8.32124	-52.17209	0	35	2021-09-26T14:13:44
8.32277	-52.17065	0	35	2021-09-26T14:18:44
8.32429	-52.16922	0	35	2021-09-26T14:23:42
8.32583	-52.16776	0	35	2021-09-26T14:28:42
8.32748	-52.16608	0	35	2021-09-26T14:34:10
8.32883	-52.16467	0	35	2021-09-26T14:38:41
8.33027	-52.16312	0	35	2021-09-26T14:43:42
8.33170	-52.16159	0	35	2021-09-26T14:48:42
8.33315	-52.16010	0	35	2021-09-26T14:53:39
8.33470	-52.15857	0	35	2021-09-26T14:58:36
8.33619	-52.15714	0	35	2021-09-26T15:03:33
8.33785	-52.15564	0	35	2021-09-26T15:08:37
8.33946	-52.15408	0	35	2021-09-26T15:13:31
8.34108	-52.15256	0	35	2021-09-26T15:18:33
8.34276	-52.15100	0	35	2021-09-26T15:23:32
8.34442	-52.14941	0	35	2021-09-26T15:28:30
8.34622	-52.14767	0	35	2021-09-26T15:33:54
8.34770	-52.14621	0	35	2021-09-26T15:38:32
8.34922	-52.14465	0	35	2021-09-26T15:43:29
8.35068	-52.14313	0	35	2021-09-26T15:48:30
8.35210	-52.14152	0	35	2021-09-26T15:53:29
8.35347	-52.13998	0	35	2021-09-26T15:58:28
8.35490	-52.13840	0	35	2021-09-26T16:03:31
8.35633	-52.13681	0	35	2021-09-26T16:08:33
8.35773	-52.13525	0	35	2021-09-26T16:13:31
8.35917	-52.13376	0	35	2021-09-26T16:18:35
8.36060	-52.13226	0	35	2021-09-26T16:23:34
8.36201	-52.13077	0	35	2021-09-26T16:28:32
8.36356	-52.12915	0	35	2021-09-26T16:33:53
8.36483	-52.12766	0	35	2021-09-26T16:38:34
8.36623	-52.12610	0	35	2021-09-26T16:43:32
8.36763	-52.12451	0	35	2021-09-26T16:48:32
8.36916	-52.12296	0	35	2021-09-26T16:53:36
8.37072	-52.12143	0	35	2021-09-26T16:58:34
8.37233	-52.11996	0	35	2021-09-26T17:03:31
8.37400	-52.11838	0	35	2021-09-26T17:08:34
8.37564	-52.11679	0	35	2021-09-26T17:13:35
8.37721	-52.11520	0	35	2021-09-26T17:18:30
8.37886	-52.11356	0	35	2021-09-26T17:23:31
8.38048	-52.11182	0	35	2021-09-26T17:28:58
8.38223	-52.11002	0	35	2021-09-26T17:33:58
8.38367	-52.10849	0	35	2021-09-26T17:38:29
8.38521	-52.10681	0	35	2021-09-26T17:43:30
8.38669	-52.10510	0	35	2021-09-26T17:48:27
8.38815	-52.10342	0	35	2021-09-26T17:53:25
8.38960	-52.10168	0	35	2021-09-26T17:58:26
8.39110	-52.09996	0	35	2021-09-26T18:03:26
8.39246	-52.09824	0	35	2021-09-26T18:08:27
8.39382	-52.09650	0	35	2021-09-26T18:13:28
8.39514	-52.09473	0	35	2021-09-26T18:18:27
8.39640	-52.09299	0	35	2021-09-26T18:23:28
8.39765	-52.09119	0	35	2021-09-26T18:28:29
8.39891	-52.08923	0	35	2021-09-26T18:33:54
8.40000	-52.08768	0	35	2021-09-26T18:38:27
8.40114	-52.08591	0	35	2021-09-26T18:43:29
8.40230	-52.08408	0	35	2021-09-26T18:48:30
8.40347	-52.08231	0	35	2021-09-26T18:53:30
8.40457	-52.08054	0	35	2021-09-26T18:58:28
8.40569	-52.07869	0	35	2021-09-26T19:03:32
8.40668	-52.07697	0	35	2021-09-26T19:08:33
8.40770	-52.07516	0	35	2021-09-26T19:13:31
8.40870	-52.07330	0	35	2021-09-26T19:18:32
8.40968	-52.07150	0	35	2021-09-26T19:23:32
8.41060	-52.06967	0	35	2021-09-26T19:28:32
8.41159	-52.06772	0	35	2021-09-26T19:33:59
8.41231	-52.06598	0	35	2021-09-26T19:38:35
8.41308	-52.06409	0	35	2021-09-26T19:43:35
8.41386	-52.06218	0	35	2021-09-26T19:48:35
8.41464	-52.06021	0	35	2021-09-26T19:53:34
8.41541	-52.05829	0	35	2021-09-26T19:58:37
8.41625	-52.05637	0	35	2021-09-26T20:03:35
8.41704	-52.05447	0	35	2021-09-26T20:08:36
8.41788	-52.05255	0	35	2021-09-26T20:13:33
8.41869	-52.05066	0	35	2021-09-26T20:18:32
8.41949	-52.04865	0	35	2021-09-26T20:23:31
8.42029	-52.04675	0	35	2021-09-26T20:28:32
8.42127	-52.04460	0	35	2021-09-26T20:33:28
8.42196	-52.04288	0	35	2021-09-26T20:38:28
8.42282	-52.04092	0	35	2021-09-26T20:43:30
8.42364	-52.03897	0	35	2021-09-26T20:48:28
8.42442	-52.03699	0	35	2021-09-26T20:53:32
8.42512	-52.03494	0	35	2021-09-26T20:58:29
8.42576	-52.03293	0	35	2021-09-26T21:03:32
8.42642	-52.03091	0	35	2021-09-26T21:08:31
8.42706	-52.02890	0	35	2021-09-26T21:13:32
8.42769	-52.02686	0	35	2021-09-26T21:18:36
8.42828	-52.02478	0	35	2021-09-26T21:23:36
8.42967	-52.02040	0	35	2021-09-26T21:33:39
8.43024	-52.01860	0	35	2021-09-26T21:38:39
8.43084	-52.01654	0	35	2021-09-26T21:43:40
8.43141	-52.01450	0	35	2021-09-26T21:48:41
8.43199	-52.01244	0	35	2021-09-26T21:53:42
8.43249	-52.01047	0	35	2021-09-26T21:58:42
8.43308	-52.00845	0	35	2021-09-26T22:03:40
8.43364	-52.00638	0	35	2021-09-26T22:08:38
8.43415	-52.00430	0	35	2021-09-26T22:13:38
8.43471	-52.00226	0	35	2021-09-26T22:18:42
8.43528	-52.00021	0	35	2021-09-26T22:23:40
8.43584	-51.99814	0	35	2021-09-26T22:28:40
8.43646	-51.99585	0	35	2021-09-26T22:33:42
8.43693	-51.99396	0	35	2021-09-26T22:38:42
8.43750	-51.99191	0	35	2021-09-26T22:43:40
8.43801	-51.98984	0	35	2021-09-26T22:48:43
8.43853	-51.98776	0	35	2021-09-26T22:53:41
8.43898	-51.98575	0	35	2021-09-26T22:58:42
8.43943	-51.98373	0	35	2021-09-26T23:03:42
8.43999	-51.98172	0	35	2021-09-26T23:08:43
8.44049	-51.97971	0	35	2021-09-26T23:13:41
8.44098	-51.97772	0	35	2021-09-26T23:18:46
8.44144	-51.97571	0	35	2021-09-26T23:23:43
8.44195	-51.97375	0	35	2021-09-26T23:28:42
8.44251	-51.97162	0	35	2021-09-26T23:34:06
8.44295	-51.96982	0	35	2021-09-26T23:38:37
8.44342	-51.96777	0	35	2021-09-26T23:43:38
8.44386	-51.96573	0	35	2021-09-26T23:48:35
8.44430	-51.96362	0	35	2021-09-26T23:53:36
8.44472	-51.96161	0	35	2021-09-26T23:58:33
8.44511	-51.95950	0	35	2021-09-27T00:03:36
8.44553	-51.95743	0	35	2021-09-27T00:08:35
8.44590	-51.95532	0	35	2021-09-27T00:13:34
8.44632	-51.95322	0	35	2021-09-27T00:18:32
8.44673	-51.95108	0	35	2021-09-27T00:23:56
8.44705	-51.94904	0	35	2021-09-27T00:28:35
8.44736	-51.94687	0	35	2021-09-27T00:33:55
8.44764	-51.94498	0	35	2021-09-27T00:38:35
8.44795	-51.94293	0	35	2021-09-27T00:43:37
8.44824	-51.94086	0	35	2021-09-27T00:48:37
8.44852	-51.93881	0	35	2021-09-27T00:53:39
8.44899	-51.93482	0	35	2021-09-27T01:03:39
8.44912	-51.93285	0	35	2021-09-27T01:08:38
8.44924	-51.93088	0	35	2021-09-27T01:13:38
8.44945	-51.92892	0	35	2021-09-27T01:18:36
8.44970	-51.92691	0	35	2021-09-27T01:23:38
8.44993	-51.92496	0	35	2021-09-27T01:28:39
8.45022	-51.92291	0	35	2021-09-27T01:33:57
8.45050	-51.92114	0	35	2021-09-27T01:38:33
8.45079	-51.91928	0	35	2021-09-27T01:43:32
8.45110	-51.91742	0	35	2021-09-27T01:48:29
8.45142	-51.91553	0	35	2021-09-27T01:53:30
8.45168	-51.91373	0	35	2021-09-27T01:58:30
8.45195	-51.91187	0	35	2021-09-27T02:03:28
8.45224	-51.91000	0	35	2021-09-27T02:08:29
8.45248	-51.90811	0	35	2021-09-27T02:13:29
8.45268	-51.90625	0	35	2021-09-27T02:18:30
8.45290	-51.90436	0	35	2021-09-27T02:23:29
8.45316	-51.90247	0	35	2021-09-27T02:28:31
8.45343	-51.90037	0	35	2021-09-27T02:33:29
8.45365	-51.89874	0	35	2021-09-27T02:38:30
8.45390	-51.89685	0	35	2021-09-27T02:43:29
8.45412	-51.89493	0	35	2021-09-27T02:48:30
8.45439	-51.89304	0	35	2021-09-27T02:53:27
8.45457	-51.89108	0	35	2021-09-27T02:58:29
8.45475	-51.88916	0	35	2021-09-27T03:03:26
8.45490	-51.88730	0	35	2021-09-27T03:08:27
8.45496	-51.88543	0	35	2021-09-27T03:13:26
8.45500	-51.88361	0	35	2021-09-27T03:18:25
8.45505	-51.88174	0	35	2021-09-27T03:23:25
8.45510	-51.87985	0	35	2021-09-27T03:28:23
8.45510	-51.87776	0	35	2021-09-27T03:33:19
8.45510	-51.87613	0	35	2021-09-27T03:38:20
8.45506	-51.87424	0	35	2021-09-27T03:43:25
8.45499	-51.87238	0	35	2021-09-27T03:48:23
8.45490	-51.87048	0	35	2021-09-27T03:53:24
8.45481	-51.86859	0	35	2021-09-27T03:58:24
8.45473	-51.86673	0	35	2021-09-27T04:03:27
8.45465	-51.86484	0	35	2021-09-27T04:08:25
8.45456	-51.86301	0	35	2021-09-27T04:13:25
8.45447	-51.86115	0	35	2021-09-27T04:18:27
8.45437	-51.85922	0	35	2021-09-27T04:23:29
8.45428	-51.85742	0	35	2021-09-27T04:28:29
8.45415	-51.85535	0	35	2021-09-27T04:33:56
8.45402	-51.85357	0	35	2021-09-27T04:38:31
8.45390	-51.85168	0	35	2021-09-27T04:43:31
8.45378	-51.84976	0	35	2021-09-27T04:48:29
8.45365	-51.84787	0	35	2021-09-27T04:53:32
8.45353	-51.84598	0	35	2021-09-27T04:58:30
8.45344	-51.84409	0	35	2021-09-27T05:03:31
8.45332	-51.84213	0	35	2021-09-27T05:08:32
8.45316	-51.84027	0	35	2021-09-27T05:13:32
8.45299	-51.83844	0	35	2021-09-27T05:18:33
8.45284	-51.83661	0	35	2021-09-27T05:23:34
8.45268	-51.83475	0	35	2021-09-27T05:28:31
8.45247	-51.83267	0	35	2021-09-27T05:33:56
8.45232	-51.83096	0	35	2021-09-27T05:38:30
8.45214	-51.82898	0	35	2021-09-27T05:43:27
8.45203	-51.82703	0	35	2021-09-27T05:48:30
8.45189	-51.82507	0	35	2021-09-27T05:53:28
8.45173	-51.82309	0	35	2021-09-27T05:58:29
8.45159	-51.82098	0	35	2021-09-27T06:03:28
8.45147	-51.81909	0	35	2021-09-27T06:08:27
8.45130	-51.81720	0	35	2021-09-27T06:13:28
8.45119	-51.81531	0	35	2021-09-27T06:18:29
8.45107	-51.81335	0	35	2021-09-27T06:23:26
8.45093	-51.81140	0	35	2021-09-27T06:28:26
8.45079	-51.80923	0	35	2021-09-27T06:33:57
8.45072	-51.80750	0	35	2021-09-27T06:38:24
8.45059	-51.80547	0	35	2021-09-27T06:43:21
8.45050	-51.80350	0	35	2021-09-27T06:48:21
8.45032	-51.80161	0	35	2021-09-27T06:53:20
8.45013	-51.79962	0	35	2021-09-27T06:58:19
8.44993	-51.79761	0	35	2021-09-27T07:03:20
8.44965	-51.79562	0	35	2021-09-27T07:08:17
8.44933	-51.79364	0	35	2021-09-27T07:13:15
8.44900	-51.79166	0	35	2021-09-27T07:18:15
8.44867	-51.78964	0	35	2021-09-27T07:23:16
8.44835	-51.78763	0	35	2021-09-27T07:28:13
8.44805	-51.78555	0	35	2021-09-27T07:33:36
8.44777	-51.78372	0	35	2021-09-27T07:38:12
8.44749	-51.78177	0	35	2021-09-27T07:43:13
8.44720	-51.77985	0	35	2021-09-27T07:48:12
8.44688	-51.77795	0	35	2021-09-27T07:53:13
8.44652	-51.77606	0	35	2021-09-27T07:58:11
8.44618	-51.77414	0	35	2021-09-27T08:03:08
8.44581	-51.77216	0	35	2021-09-27T08:08:09
8.44548	-51.77023	0	35	2021-09-27T08:13:06
8.44514	-51.76825	0	35	2021-09-27T08:18:07
8.44476	-51.76636	0	35	2021-09-27T08:23:08
8.44441	-51.76437	0	35	2021-09-27T08:28:07
8.44412	-51.76230	0	35	2021-09-27T08:33:27
8.44380	-51.76047	0	35	2021-09-27T08:38:07
8.44347	-51.75854	0	35	2021-09-27T08:43:08
8.44311	-51.75662	0	35	2021-09-27T08:48:08
8.44276	-51.75479	0	35	2021-09-27T08:53:11
8.44239	-51.75290	0	35	2021-09-27T08:58:09
8.44204	-51.75104	0	35	2021-09-27T09:03:07
8.44167	-51.74918	0	35	2021-09-27T09:08:10
8.44121	-51.74728	0	35	2021-09-27T09:13:11
8.44077	-51.74542	0	35	2021-09-27T09:18:09
8.44032	-51.74356	0	35	2021-09-27T09:23:10
8.43983	-51.74179	0	35	2021-09-27T09:28:10
8.43919	-51.73985	0	35	2021-09-27T09:33:09
8.43868	-51.73813	0	35	2021-09-27T09:38:09
8.43809	-51.73636	0	35	2021-09-27T09:43:06
8.43755	-51.73459	0	35	2021-09-27T09:48:07
8.43706	-51.73279	0	35	2021-09-27T09:53:08
8.43657	-51.73093	0	35	2021-09-27T09:58:13
8.43605	-51.72910	0	35	2021-09-27T10:03:08
8.43549	-51.72723	0	35	2021-09-27T10:08:06
8.43493	-51.72534	0	35	2021-09-27T10:13:08
8.43436	-51.72346	0	35	2021-09-27T10:18:08
8.43380	-51.72174	0	35	2021-09-27T10:23:08
8.43324	-51.71991	0	35	2021-09-27T10:28:10
8.43261	-51.71796	0	35	2021-09-27T10:33:37
8.43207	-51.71631	0	35	2021-09-27T10:38:14
8.43150	-51.71457	0	35	2021-09-27T10:43:13
8.43096	-51.71280	0	35	2021-09-27T10:48:12
8.43041	-51.71106	0	35	2021-09-27T10:53:09
8.42986	-51.70929	0	35	2021-09-27T10:58:08
8.42929	-51.70761	0	35	2021-09-27T11:03:09
8.42878	-51.70593	0	35	2021-09-27T11:08:11
8.42826	-51.70422	0	35	2021-09-27T11:13:10
8.42777	-51.70255	0	35	2021-09-27T11:18:09
8.42727	-51.70081	0	35	2021-09-27T11:23:08
8.42672	-51.69894	0	35	2021-09-27T11:28:36
8.42622	-51.69705	0	35	2021-09-27T11:33:36
8.42576	-51.69540	0	35	2021-09-27T11:38:11
8.42521	-51.69366	0	35	2021-09-27T11:43:15
8.42465	-51.69202	0	35	2021-09-27T11:48:12
8.42409	-51.69037	0	35	2021-09-27T11:53:13
8.42356	-51.68878	0	35	2021-09-27T11:58:10
8.42301	-51.68716	0	35	2021-09-27T12:03:13
8.42247	-51.68553	0	35	2021-09-27T12:08:08
8.42200	-51.68399	0	35	2021-09-27T12:13:08
8.42158	-51.68240	0	35	2021-09-27T12:18:09
8.42109	-51.68081	0	35	2021-09-27T12:23:25
8.42080	-51.67927	0	35	2021-09-27T12:28:25
8.42046	-51.67755	0	35	2021-09-27T12:33:24
8.42008	-51.67603	0	35	2021-09-27T12:38:08
8.41963	-51.67444	0	35	2021-09-27T12:43:06
8.41919	-51.67282	0	35	2021-09-27T12:48:05
8.41869	-51.67123	0	35	2021-09-27T12:53:06
8.41822	-51.66965	0	35	2021-09-27T12:58:08
8.41779	-51.66809	0	35	2021-09-27T13:03:05
8.41742	-51.66663	0	35	2021-09-27T13:08:07
8.41703	-51.66510	0	35	2021-09-27T13:13:07
8.41670	-51.66354	0	35	2021-09-27T13:18:08
8.41639	-51.66205	0	35	2021-09-27T13:23:09
8.41605	-51.66055	0	35	2021-09-27T13:28:08
8.41574	-51.65891	0	35	2021-09-27T13:33:26
8.41531	-51.65762	0	35	2021-09-27T13:38:04
8.41497	-51.65609	0	35	2021-09-27T13:43:07
8.41463	-51.65463	0	35	2021-09-27T13:48:06
8.41423	-51.65320	0	35	2021-09-27T13:53:07
8.41385	-51.65178	0	35	2021-09-27T13:58:04
8.41355	-51.65032	0	35	2021-09-27T14:03:04
8.41320	-51.64886	0	35	2021-09-27T14:08:05
8.41282	-51.64740	0	35	2021-09-27T14:13:06
8.41240	-51.64593	0	35	2021-09-27T14:18:05
8.41207	-51.64447	0	35	2021-09-27T14:23:04
8.41172	-51.64304	0	35	2021-09-27T14:28:03
8.41132	-51.64142	0	35	2021-09-27T14:33:25
8.41097	-51.64014	0	35	2021-09-27T14:38:01
8.41053	-51.63867	0	35	2021-09-27T14:43:00
8.41010	-51.63730	0	35	2021-09-27T14:48:00
8.40972	-51.63599	0	35	2021-09-27T14:53:05
8.40936	-51.63467	0	35	2021-09-27T14:58:06
8.40898	-51.63333	0	35	2021-09-27T15:03:03
8.40856	-51.63202	0	35	2021-09-27T15:08:04
8.40809	-51.63071	0	35	2021-09-27T15:13:01
8.40767	-51.62943	0	35	2021-09-27T15:18:02
8.40722	-51.62814	0	35	2021-09-27T15:22:59
8.40675	-51.62689	0	35	2021-09-27T15:27:59
8.40623	-51.62549	0	35	2021-09-27T15:33:24
8.40576	-51.62435	0	35	2021-09-27T15:37:58
8.40529	-51.62323	0	35	2021-09-27T15:42:58
8.40483	-51.62207	0	35	2021-09-27T15:47:59
8.40436	-51.62094	0	35	2021-09-27T15:52:59
8.40382	-51.61985	0	35	2021-09-27T15:58:01
8.40340	-51.61865	0	35	2021-09-27T16:03:01
8.40292	-51.61743	0	35	2021-09-27T16:07:59
8.40241	-51.61624	0	35	2021-09-27T16:12:59
8.40192	-51.61496	0	35	2021-09-27T16:18:00
8.40147	-51.61386	0	35	2021-09-27T16:23:00
8.40102	-51.61264	0	35	2021-09-27T16:28:01
8.40044	-51.61127	0	35	2021-09-27T16:33:25
8.40000	-51.61014	0	35	2021-09-27T16:38:03
8.39894	-51.60773	0	35	2021-09-27T16:48:05
8.39838	-51.60649	0	35	2021-09-27T16:53:06
8.39783	-51.60529	0	35	2021-09-27T16:58:07
8.39730	-51.60406	0	35	2021-09-27T17:03:03
8.39677	-51.60291	0	35	2021-09-27T17:08:05
8.39628	-51.60175	0	35	2021-09-27T17:13:08
8.39579	-51.60059	0	35	2021-09-27T17:18:06
8.39528	-51.59937	0	35	2021-09-27T17:23:08
8.39478	-51.59821	0	35	2021-09-27T17:28:08
8.39429	-51.59691	0	35	2021-09-27T17:33:08
8.39382	-51.59579	0	35	2021-09-27T17:38:07
8.39340	-51.59467	0	35	2021-09-27T17:43:06
8.39295	-51.59354	0	35	2021-09-27T17:48:09
8.39250	-51.59241	0	35	2021-09-27T17:53:09
8.39204	-51.59131	0	35	2021-09-27T17:58:09
8.39169	-51.59021	0	35	2021-09-27T18:03:06
8.39134	-51.58910	0	35	2021-09-27T18:08:06
8.39104	-51.58798	0	35	2021-09-27T18:13:05
8.39075	-51.58682	0	35	2021-09-27T18:18:04
8.39053	-51.58560	0	35	2021-09-27T18:23:03
8.39024	-51.58438	0	35	2021-09-27T18:28:06
8.38996	-51.58305	0	35	2021-09-27T18:33:04
8.38965	-51.58185	0	35	2021-09-27T18:38:04
8.38926	-51.58041	0	35	2021-09-27T18:43:01
8.38889	-51.57890	0	35	2021-09-27T18:47:59
8.38850	-51.57736	0	35	2021-09-27T18:53:00
8.38807	-51.57578	0	35	2021-09-27T18:58:01
8.38765	-51.57428	0	35	2021-09-27T19:03:02
8.38715	-51.57269	0	35	2021-09-27T19:08:01
8.38674	-51.57117	0	35	2021-09-27T19:13:03
8.38636	-51.56964	0	35	2021-09-27T19:18:00
8.38593	-51.56821	0	35	2021-09-27T19:23:01
8.38547	-51.56674	0	35	2021-09-27T19:27:59
8.38503	-51.56519	0	35	2021-09-27T19:33:34
8.38458	-51.56393	0	35	2021-09-27T19:38:00
8.38410	-51.56250	0	35	2021-09-27T19:43:01
8.38364	-51.56104	0	35	2021-09-27T19:48:02
8.38320	-51.55957	0	35	2021-09-27T19:53:03
8.38270	-51.55807	0	35	2021-09-27T19:58:03
8.38223	-51.55661	0	35	2021-09-27T20:03:04
8.38176	-51.55515	0	35	2021-09-27T20:08:04
8.38125	-51.55373	0	35	2021-09-27T20:13:05
8.38080	-51.55246	0	35	2021-09-27T20:18:06
8.38035	-51.55115	0	35	2021-09-27T20:23:04
8.37986	-51.54984	0	35	2021-09-27T20:28:07
8.37933	-51.54846	0	35	2021-09-27T20:33:25
8.37881	-51.54725	0	35	2021-09-27T20:38:07
8.37831	-51.54605	0	35	2021-09-27T20:43:07
8.37777	-51.54480	0	35	2021-09-27T20:48:08
8.37726	-51.54355	0	35	2021-09-27T20:53:08
8.37658	-51.54234	0	35	2021-09-27T20:58:06
8.37594	-51.54114	0	35	2021-09-27T21:03:06
8.37524	-51.53995	0	35	2021-09-27T21:08:04
8.37457	-51.53876	0	35	2021-09-27T21:13:01
8.37384	-51.53756	0	35	2021-09-27T21:18:04
8.37315	-51.53644	0	35	2021-09-27T21:23:03
8.37236	-51.53529	0	35	2021-09-27T21:28:26
8.37158	-51.53400	0	35	2021-09-27T21:33:26
8.37083	-51.53294	0	35	2021-09-27T21:37:58
8.37007	-51.53182	0	35	2021-09-27T21:42:58
8.36924	-51.53070	0	35	2021-09-27T21:47:59
8.36842	-51.52957	0	35	2021-09-27T21:52:56
8.36753	-51.52841	0	35	2021-09-27T21:57:59
8.36666	-51.52722	0	35	2021-09-27T22:03:00
8.36581	-51.52612	0	35	2021-09-27T22:07:58
8.36492	-51.52493	0	35	2021-09-27T22:12:59
8.36402	-51.52377	0	35	2021-09-27T22:18:01
8.36316	-51.52261	0	35	2021-09-27T22:23:02
8.36231	-51.52155	0	35	2021-09-27T22:28:02
8.36144	-51.52026	0	35	2021-09-27T22:33:26
8.36069	-51.51929	0	35	2021-09-27T22:38:04
8.35989	-51.51825	0	35	2021-09-27T22:43:05
8.35906	-51.51724	0	35	2021-09-27T22:48:04
8.35819	-51.51620	0	35	2021-09-27T22:53:06
8.35727	-51.51520	0	35	2021-09-27T22:58:04
8.35631	-51.51425	0	35	2021-09-27T23:03:08
8.35534	-51.51331	0	35	2021-09-27T23:08:09
8.35435	-51.51233	0	35	2021-09-27T23:13:09
8.35341	-51.51147	0	35	2021-09-27T23:18:09
8.35249	-51.51059	0	35	2021-09-27T23:23:11
8.35159	-51.50974	0	35	2021-09-27T23:28:15
8.35061	-51.50885	0	35	2021-09-27T23:33:36
8.34976	-51.50806	0	35	2021-09-27T23:38:14
8.34892	-51.50720	0	35	2021-09-27T23:43:12
8.34806	-51.50635	0	35	2021-09-27T23:48:12
8.34723	-51.50549	0	35	2021-09-27T23:53:13
8.34639	-51.50464	0	35	2021-09-27T23:58:12
8.34561	-51.50372	0	35	2021-09-28T00:03:15
8.34474	-51.50288	0	35	2021-09-28T00:08:11
8.34398	-51.50201	0	35	2021-09-28T00:13:15
8.34312	-51.50116	0	35	2021-09-28T00:18:12
8.34221	-51.50034	0	35	2021-09-28T00:23:10
8.34132	-51.49952	0	35	2021-09-28T00:28:26
8.34043	-51.49866	0	35	2021-09-28T00:33:27
8.33954	-51.49796	0	35	2021-09-28T00:38:08
8.33860	-51.49722	0	35	2021-09-28T00:43:09
8.33771	-51.49649	0	35	2021-09-28T00:48:07
8.33680	-51.49570	0	35	2021-09-28T00:53:10
8.33588	-51.49492	0	35	2021-09-28T00:58:08
8.33498	-51.49423	0	35	2021-09-28T01:03:09
8.33404	-51.49350	0	35	2021-09-28T01:08:07
8.33315	-51.49277	0	35	2021-09-28T01:13:10
8.33222	-51.49202	0	35	2021-09-28T01:18:09
8.33137	-51.49133	0	35	2021-09-28T01:23:09
8.33045	-51.49065	0	35	2021-09-28T01:28:25
8.32954	-51.48996	0	35	2021-09-28T01:33:25
8.32874	-51.48932	0	35	2021-09-28T01:38:08
8.32785	-51.48858	0	35	2021-09-28T01:43:11
8.32695	-51.48798	0	35	2021-09-28T01:48:10
8.32609	-51.48734	0	35	2021-09-28T01:53:14
8.32521	-51.48669	0	35	2021-09-28T01:58:17
8.32431	-51.48602	0	35	2021-09-28T02:03:16
8.32344	-51.48538	0	35	2021-09-28T02:08:16
8.32254	-51.48471	0	35	2021-09-28T02:13:18
8.32170	-51.48406	0	35	2021-09-28T02:18:18
8.32088	-51.48346	0	35	2021-09-28T02:23:18
8.32002	-51.48276	0	35	2021-09-28T02:28:16
8.31901	-51.48203	0	35	2021-09-28T02:33:55
8.31803	-51.48151	0	35	2021-09-28T02:38:17
8.31678	-51.48093	0	35	2021-09-28T02:43:15
8.31548	-51.48029	0	35	2021-09-28T02:48:14
8.31427	-51.47961	0	35	2021-09-28T02:53:15
8.31295	-51.47888	0	35	2021-09-28T02:58:17
8.31166	-51.47809	0	35	2021-09-28T03:03:15
8.31044	-51.47726	0	35	2021-09-28T03:08:18
8.30915	-51.47641	0	35	2021-09-28T03:13:16
8.30789	-51.47537	0	35	2021-09-28T03:18:18
8.30677	-51.47443	0	35	2021-09-28T03:23:18
8.30547	-51.47357	0	35	2021-09-28T03:28:19
8.30424	-51.47272	0	35	2021-09-28T03:33:55
8.30324	-51.47198	0	35	2021-09-28T03:38:19
8.30209	-51.47122	0	35	2021-09-28T03:43:21
8.30104	-51.47052	0	35	2021-09-28T03:48:18
8.30001	-51.46979	0	35	2021-09-28T03:53:18
8.29899	-51.46909	0	35	2021-09-28T03:58:20
8.29796	-51.46840	0	35	2021-09-28T04:03:20
8.29697	-51.46780	0	35	2021-09-28T04:08:20
8.29601	-51.46725	0	35	2021-09-28T04:13:19
8.29495	-51.46666	0	35	2021-09-28T04:18:20
8.29388	-51.46606	0	35	2021-09-28T04:23:20
8.29282	-51.46548	0	35	2021-09-28T04:28:21
8.29162	-51.46469	0	35	2021-09-28T04:33:56
8.29073	-51.46417	0	35	2021-09-28T04:38:20
8.28977	-51.46356	0	35	2021-09-28T04:43:19
8.28881	-51.46295	0	35	2021-09-28T04:48:17
8.28783	-51.46231	0	35	2021-09-28T04:53:18
8.28679	-51.46167	0	35	2021-09-28T04:58:19
8.28581	-51.46097	0	35	2021-09-28T05:03:16
8.28476	-51.46036	0	35	2021-09-28T05:08:13
8.28369	-51.45975	0	35	2021-09-28T05:13:13
8.28267	-51.45914	0	35	2021-09-28T05:18:14
8.28163	-51.45856	0	35	2021-09-28T05:23:12
8.28048	-51.45787	0	35	2021-09-28T05:28:16
8.27932	-51.45727	0	35	2021-09-28T05:33:16
8.27842	-51.45676	0	35	2021-09-28T05:38:16
8.27736	-51.45609	0	35	2021-09-28T05:43:15
8.27633	-51.45544	0	35	2021-09-28T05:48:18
8.27528	-51.45471	0	35	2021-09-28T05:53:17
8.27422	-51.45404	0	35	2021-09-28T05:58:17
8.27322	-51.45340	0	35	2021-09-28T06:03:19
8.27210	-51.45266	0	35	2021-09-28T06:08:22
8.27103	-51.45206	0	35	2021-09-28T06:13:22
8.26995	-51.45135	0	35	2021-09-28T06:18:25
8.26890	-51.45059	0	35	2021-09-28T06:23:24
8.26778	-51.44986	0	35	2021-09-28T06:28:23
8.26662	-51.44901	0	35	2021-09-28T06:33:57
8.26568	-51.44830	0	35	2021-09-28T06:38:28
8.26343	-51.44661	0	35	2021-09-28T06:48:29
8.26230	-51.44584	0	35	2021-09-28T06:53:29
8.26118	-51.44507	0	35	2021-09-28T06:58:28
8.26005	-51.44427	0	35	2021-09-28T07:03:27
8.25892	-51.44348	0	35	2021-09-28T07:08:26
8.25766	-51.44263	0	35	2021-09-28T07:13:27
8.25647	-51.44186	0	35	2021-09-28T07:18:26
8.25520	-51.44107	0	35	2021-09-28T07:23:28
8.25394	-51.44031	0	35	2021-09-28T07:28:29
8.25254	-51.43942	0	35	2021-09-28T07:33:56
8.25140	-51.43867	0	35	2021-09-28T07:38:33
8.25010	-51.43790	0	35	2021-09-28T07:43:32
8.24878	-51.43713	0	35	2021-09-28T07:48:31
8.24741	-51.43631	0	35	2021-09-28T07:53:30
8.24605	-51.43552	0	35	2021-09-28T07:58:31
8.24459	-51.43472	0	35	2021-09-28T08:03:34
8.24313	-51.43396	0	35	2021-09-28T08:08:32
8.24170	-51.43326	0	35	2021-09-28T08:13:33
8.24025	-51.43253	0	35	2021-09-28T08:18:28
8.23889	-51.43188	0	35	2021-09-28T08:23:27
8.23764	-51.43124	0	35	2021-09-28T08:28:28
8.23644	-51.43051	0	35	2021-09-28T08:33:55
8.23532	-51.42977	0	35	2021-09-28T08:38:25
8.23426	-51.42917	0	35	2021-09-28T08:43:25
8.23302	-51.42847	0	35	2021-09-28T08:48:26
8.23180	-51.42776	0	35	2021-09-28T08:53:24
8.23054	-51.42706	0	35	2021-09-28T08:58:25
8.22922	-51.42629	0	35	2021-09-28T09:03:25
8.22790	-51.42560	0	35	2021-09-28T09:08:24
8.22657	-51.42487	0	35	2021-09-28T09:13:22
8.22523	-51.42416	0	35	2021-09-28T09:18:21
8.22394	-51.42343	0	35	2021-09-28T09:23:25
8.22263	-51.42270	0	35	2021-09-28T09:28:26
8.22124	-51.42191	0	35	2021-09-28T09:33:57
8.22009	-51.42133	0	35	2021-09-28T09:38:25
8.21878	-51.42065	0	35	2021-09-28T09:43:29
8.21749	-51.41995	0	35	2021-09-28T09:48:29
8.21618	-51.41931	0	35	2021-09-28T09:53:30
8.21491	-51.41867	0	35	2021-09-28T09:58:31
8.21369	-51.41809	0	35	2021-09-28T10:03:32
8.21241	-51.41739	0	35	2021-09-28T10:08:29
8.21111	-51.41684	0	35	2021-09-28T10:13:27
8.20977	-51.41623	0	35	2021-09-28T10:18:28
8.20847	-51.41574	0	35	2021-09-28T10:23:28
8.20716	-51.41516	0	35	2021-09-28T10:28:29
8.20567	-51.41449	0	35	2021-09-28T10:33:53
8.20452	-51.41394	0	35	2021-09-28T10:38:26
8.20325	-51.41336	0	35	2021-09-28T10:43:27
8.20191	-51.41278	0	35	2021-09-28T10:48:28
8.20043	-51.41232	0	35	2021-09-28T10:53:26
8.19872	-51.41199	0	35	2021-09-28T10:58:27
8.19694	-51.41156	0	35	2021-09-28T11:03:26
8.19508	-51.41104	0	35	2021-09-28T11:08:27
8.19328	-51.41035	0	35	2021-09-28T11:13:24
8.19162	-51.40984	0	35	2021-09-28T11:18:23
8.18999	-51.40933	0	35	2021-09-28T11:23:23
8.18839	-51.40881	0	35	2021-09-28T11:28:24
8.18671	-51.40833	0	35	2021-09-28T11:33:56
8.18530	-51.40787	0	35	2021-09-28T11:38:24
8.18375	-51.40735	0	35	2021-09-28T11:43:23
8.18221	-51.40686	0	35	2021-09-28T11:48:24
8.18060	-51.40635	0	35	2021-09-28T11:53:24
8.17910	-51.40601	0	35	2021-09-28T11:58:24
8.17773	-51.40567	0	35	2021-09-28T12:03:23
8.17638	-51.40527	0	35	2021-09-28T12:08:26
8.17506	-51.40488	0	35	2021-09-28T12:13:24
8.17365	-51.40448	0	35	2021-09-28T12:18:25
8.17229	-51.40405	0	35	2021-09-28T12:23:25
8.17092	-51.40363	0	35	2021-09-28T12:28:26
8.16948	-51.40311	0	35	2021-09-28T12:33:54
8.16820	-51.40280	0	35	2021-09-28T12:38:25
8.16680	-51.40247	0	35	2021-09-28T12:43:25
8.16531	-51.40207	0	35	2021-09-28T12:48:25
8.16377	-51.40170	0	35	2021-09-28T12:53:23
8.16220	-51.40134	0	35	2021-09-28T12:58:20
8.16062	-51.40088	0	35	2021-09-28T13:03:21
8.15900	-51.40043	0	35	2021-09-28T13:08:21
8.15746	-51.40009	0	35	2021-09-28T13:13:21
8.15573	-51.39987	0	35	2021-09-28T13:18:22
8.15409	-51.39966	0	35	2021-09-28T13:23:20
8.15239	-51.39941	0	35	2021-09-28T13:28:21
8.15056	-51.39920	0	35	2021-09-28T13:33:56
8.14913	-51.39902	0	35	2021-09-28T13:38:22
8.14750	-51.39873	0	35	2021-09-28T13:43:20
8.14578	-51.39856	0	35	2021-09-28T13:48:20
8.14396	-51.39835	0	35	2021-09-28T13:53:22
8.14211	-51.39819	0	35	2021-09-28T13:58:25
8.14026	-51.39804	0	35	2021-09-28T14:03:27
8.13829	-51.39784	0	35	2021-09-28T14:08:27
8.13636	-51.39758	0	35	2021-09-28T14:13:26
8.13451	-51.39728	0	35	2021-09-28T14:18:26
8.13261	-51.39693	0	35	2021-09-28T14:23:27
8.13082	-51.39667	0	35	2021-09-28T14:28:27
8.12889	-51.39630	0	35	2021-09-28T14:33:56
8.12731	-51.39603	0	35	2021-09-28T14:38:26
8.12556	-51.39565	0	35	2021-09-28T14:43:26
8.12379	-51.39539	0	35	2021-09-28T14:48:26
8.12204	-51.39508	0	35	2021-09-28T14:53:27
8.12031	-51.39493	0	35	2021-09-28T14:58:25
8.11876	-51.39485	0	35	2021-09-28T15:03:25
8.11726	-51.39468	0	35	2021-09-28T15:08:24
8.11576	-51.39447	0	35	2021-09-28T15:13:26
8.11433	-51.39417	0	35	2021-09-28T15:18:28
8.11285	-51.39378	0	35	2021-09-28T15:23:25
8.11139	-51.39352	0	35	2021-09-28T15:28:26
8.10971	-51.39322	0	35	2021-09-28T15:33:58
8.10821	-51.39294	0	35	2021-09-28T15:38:27
8.10661	-51.39270	0	35	2021-09-28T15:43:25
8.10502	-51.39240	0	35	2021-09-28T15:48:26
8.10350	-51.39212	0	35	2021-09-28T15:53:27
8.10201	-51.39188	0	35	2021-09-28T15:58:27
8.10041	-51.39166	0	35	2021-09-28T16:03:29
8.09891	-51.39140	0	35	2021-09-28T16:08:29
8.09745	-51.39114	0	35	2021-09-28T16:13:29
8.09598	-51.39090	0	35	2021-09-28T16:18:28
8.09459	-51.39058	0	35	2021-09-28T16:23:24
8.09329	-51.39032	0	35	2021-09-28T16:28:24
8.09185	-51.38998	0	35	2021-09-28T16:34:01
8.09070	-51.38974	0	35	2021-09-28T16:38:27
8.08939	-51.38940	0	35	2021-09-28T16:43:24
8.08808	-51.38910	0	35	2021-09-28T16:48:27
8.08675	-51.38879	0	35	2021-09-28T16:53:26
8.08536	-51.38855	0	35	2021-09-28T16:58:26
8.08404	-51.38846	0	35	2021-09-28T17:03:27
8.08272	-51.38831	0	35	2021-09-28T17:08:31
8.08141	-51.38808	0	35	2021-09-28T17:13:24
8.08008	-51.38782	0	35	2021-09-28T17:18:23
8.07877	-51.38757	0	35	2021-09-28T17:23:26
8.07746	-51.38708	0	35	2021-09-28T17:28:28
8.07591	-51.38698	0	35	2021-09-28T17:33:28
8.07466	-51.38672	0	35	2021-09-28T17:38:28
8.07325	-51.38626	0	35	2021-09-28T17:43:26
8.07182	-51.38580	0	35	2021-09-28T17:48:27
8.07046	-51.38532	0	35	2021-09-28T17:53:27
8.06908	-51.38489	0	35	2021-09-28T17:58:26
8.06776	-51.38446	0	35	2021-09-28T18:03:25
8.06650	-51.38397	0	35	2021-09-28T18:08:27
8.06520	-51.38361	0	35	2021-09-28T18:13:22
8.06391	-51.38318	0	35	2021-09-28T18:18:21
8.06260	-51.38269	0	35	2021-09-28T18:23:24
8.06134	-51.38223	0	35	2021-09-28T18:28:26
8.05993	-51.38148	0	35	2021-09-28T18:33:28
8.05893	-51.38129	0	35	2021-09-28T18:38:27
8.05796	-51.38113	0	35	2021-09-28T18:43:29
8.05706	-51.38104	0	35	2021-09-28T18:48:26
8.05621	-51.38098	0	35	2021-09-28T18:53:26
8.05537	-51.38086	0	35	2021-09-28T18:58:27
8.05452	-51.38069	0	35	2021-09-28T19:03:28
8.05369	-51.38052	0	35	2021-09-28T19:08:28
8.05288	-51.38037	0	35	2021-09-28T19:13:26
8.05207	-51.38016	0	35	2021-09-28T19:18:27
8.05125	-51.37991	0	35	2021-09-28T19:23:25
8.05049	-51.37970	0	35	2021-09-28T19:28:28
8.04974	-51.37946	0	35	2021-09-28T19:33:57
8.04912	-51.37927	0	35	2021-09-28T19:38:27
8.04834	-51.37900	0	35	2021-09-28T19:43:28
8.04759	-51.37875	0	35	2021-09-28T19:48:29
8.04681	-51.37845	0	35	2021-09-28T19:53:28
8.04602	-51.37814	0	35	2021-09-28T19:58:26
8.04519	-51.37790	0	35	2021-09-28T20:03:27
8.04434	-51.37761	0	35	2021-09-28T20:08:29
8.04344	-51.37744	0	35	2021-09-28T20:13:29
8.04255	-51.37720	0	35	2021-09-28T20:18:28
8.04166	-51.37695	0	35	2021-09-28T20:23:26
8.04078	-51.37674	0	35	2021-09-28T20:28:24
8.03988	-51.37653	0	35	2021-09-28T20:33:55
8.03904	-51.37625	0	35	2021-09-28T20:38:29
8.03822	-51.37598	0	35	2021-09-28T20:43:23
8.03728	-51.37573	0	35	2021-09-28T20:48:24
8.03632	-51.37549	0	35	2021-09-28T20:53:23
8.03534	-51.37527	0	35	2021-09-28T20:58:24
8.03429	-51.37503	0	35	2021-09-28T21:03:23
8.03339	-51.37500	0	35	2021-09-28T21:08:24
8.03241	-51.37485	0	35	2021-09-28T21:13:24
8.03137	-51.37469	0	35	2021-09-28T21:18:25
8.03046	-51.37451	0	35	2021-09-28T21:23:25
8.02956	-51.37442	0	35	2021-09-28T21:28:26
8.02856	-51.37427	0	35	2021-09-28T21:33:57
8.02772	-51.37421	0	35	2021-09-28T21:38:24
8.02680	-51.37415	0	35	2021-09-28T21:43:25
8.02589	-51.37405	0	35	2021-09-28T21:48:22
8.02497	-51.37399	0	35	2021-09-28T21:53:20
8.02399	-51.37384	0	35	2021-09-28T21:58:22
8.02295	-51.37369	0	35	2021-09-28T22:03:21
8.02196	-51.37360	0	35	2021-09-28T22:08:21
8.02097	-51.37360	0	35	2021-09-28T22:13:21
8.02000	-51.37387	0	35	2021-09-28T22:18:31
8.01901	-51.37335	0	35	2021-09-28T22:23:21
8.01807	-51.37311	0	35	2021-09-28T22:28:22
8.01697	-51.37283	0	35	2021-09-28T22:33:59
8.01600	-51.37276	0	35	2021-09-28T22:38:23
8.01496	-51.37250	0	35	2021-09-28T22:43:23
8.01385	-51.37241	0	35	2021-09-28T22:48:24
8.01272	-51.37227	0	35	2021-09-28T22:53:28
8.01174	-51.37210	0	35	2021-09-28T22:58:27
8.01071	-51.37192	0	35	2021-09-28T23:03:26
8.00971	-51.37177	0	35	2021-09-28T23:08:28
8.00880	-51.37167	0	35	2021-09-28T23:13:26
8.00780	-51.37155	0	35	2021-09-28T23:18:25
8.00672	-51.37146	0	35	2021-09-28T23:23:27
8.00564	-51.37152	0	35	2021-09-28T23:28:24
8.00441	-51.37131	0	35	2021-09-28T23:33:25
8.00338	-51.37131	0	35	2021-09-28T23:38:25
8.00226	-51.37122	0	35	2021-09-28T23:43:26
8.00118	-51.37112	0	35	2021-09-28T23:48:20
8.00008	-51.37112	0	35	2021-09-28T23:53:27
7.99896	-51.37112	0	35	2021-09-28T23:58:26
7.99784	-51.37112	0	35	2021-09-29T00:03:26
7.99675	-51.37115	0	35	2021-09-29T00:08:24
7.99565	-51.37119	0	35	2021-09-29T00:13:27
7.99456	-51.37125	0	35	2021-09-29T00:18:25
7.99345	-51.37125	0	35	2021-09-29T00:23:26
7.99114	-51.37131	0	35	2021-09-29T00:33:24
7.99011	-51.37131	0	35	2021-09-29T00:38:24
7.98891	-51.37131	0	35	2021-09-29T00:43:25
7.98770	-51.37137	0	35	2021-09-29T00:48:22
7.98646	-51.37143	0	35	2021-09-29T00:53:19
7.98385	-51.37149	0	35	2021-09-29T01:03:18
7.98256	-51.37155	0	35	2021-09-29T01:08:16
7.98127	-51.37164	0	35	2021-09-29T01:13:15
7.97995	-51.37180	0	35	2021-09-29T01:18:16
7.97859	-51.37199	0	35	2021-09-29T01:23:16
7.97730	-51.37216	0	35	2021-09-29T01:28:16
7.97580	-51.37249	0	35	2021-09-29T01:33:13
7.97463	-51.37262	0	35	2021-09-29T01:38:11
7.97327	-51.37283	0	35	2021-09-29T01:43:12
7.97190	-51.37299	0	35	2021-09-29T01:48:12
7.97055	-51.37317	0	35	2021-09-29T01:53:13
7.96925	-51.37335	0	35	2021-09-29T01:58:11
7.96795	-51.37366	0	35	2021-09-29T02:03:12
7.96662	-51.37375	0	35	2021-09-29T02:08:12
7.96529	-51.37384	0	35	2021-09-29T02:13:13
7.96403	-51.37396	0	35	2021-09-29T02:18:10
7.96279	-51.37415	0	35	2021-09-29T02:23:12
7.96148	-51.37427	0	35	2021-09-29T02:28:15
7.96014	-51.37448	0	35	2021-09-29T02:33:36
7.95905	-51.37463	0	35	2021-09-29T02:38:11
7.95787	-51.37486	0	35	2021-09-29T02:43:15
7.95675	-51.37503	0	35	2021-09-29T02:48:15
7.95558	-51.37518	0	35	2021-09-29T02:53:13
7.95435	-51.37537	0	35	2021-09-29T02:58:16
7.95314	-51.37552	0	35	2021-09-29T03:03:14
7.95187	-51.37581	0	35	2021-09-29T03:08:15
7.95063	-51.37598	0	35	2021-09-29T03:13:15
7.94948	-51.37616	0	35	2021-09-29T03:18:13
7.94830	-51.37637	0	35	2021-09-29T03:23:16
7.94707	-51.37659	0	35	2021-09-29T03:28:19
7.94564	-51.37686	0	35	2021-09-29T03:33:57
7.94450	-51.37708	0	35	2021-09-29T03:38:20
7.94323	-51.37723	0	35	2021-09-29T03:43:20
7.94205	-51.37744	0	35	2021-09-29T03:48:19
7.94082	-51.37762	0	35	2021-09-29T03:53:23
7.93965	-51.37785	0	35	2021-09-29T03:58:24
7.93849	-51.37802	0	35	2021-09-29T04:03:24
7.93739	-51.37823	0	35	2021-09-29T04:08:24
7.93625	-51.37842	0	35	2021-09-29T04:13:26
7.93506	-51.37860	0	35	2021-09-29T04:18:26
7.93384	-51.37881	0	35	2021-09-29T04:23:28
7.93271	-51.37900	0	35	2021-09-29T04:28:28
7.93151	-51.37915	0	35	2021-09-29T04:33:28
7.93039	-51.37924	0	35	2021-09-29T04:38:27
7.92919	-51.37946	0	35	2021-09-29T04:43:26
7.92797	-51.37964	0	35	2021-09-29T04:48:28
7.92557	-51.37993	0	35	2021-09-29T04:58:29
7.92433	-51.38002	0	35	2021-09-29T05:03:28
7.92313	-51.38019	0	35	2021-09-29T05:08:28
7.92198	-51.38043	0	35	2021-09-29T05:13:30
7.92084	-51.38052	0	35	2021-09-29T05:18:30
7.91968	-51.38062	0	35	2021-09-29T05:23:31
7.91846	-51.38080	0	35	2021-09-29T05:28:34
7.91716	-51.38104	0	35	2021-09-29T05:33:33
7.91604	-51.38121	0	35	2021-09-29T05:38:33
7.91497	-51.38138	0	35	2021-09-29T05:43:34
7.91389	-51.38150	0	35	2021-09-29T05:48:35
7.91288	-51.38156	0	35	2021-09-29T05:53:34
7.91182	-51.38171	0	35	2021-09-29T05:58:36
7.91074	-51.38184	0	35	2021-09-29T06:03:34
7.90971	-51.38193	0	35	2021-09-29T06:08:37
7.90750	-51.38231	0	35	2021-09-29T06:18:37
7.90643	-51.38239	0	35	2021-09-29T06:23:38
7.90536	-51.38257	0	35	2021-09-29T06:28:38
7.90430	-51.38269	0	35	2021-09-29T06:33:55
7.90334	-51.38293	0	35	2021-09-29T06:38:35
7.90237	-51.38309	0	35	2021-09-29T06:43:36
7.90136	-51.38327	0	35	2021-09-29T06:48:37
7.90038	-51.38336	0	35	2021-09-29T06:53:35
7.89934	-51.38345	0	35	2021-09-29T06:58:36
7.89837	-51.38361	0	35	2021-09-29T07:03:33
7.89740	-51.38370	0	35	2021-09-29T07:08:32
7.89641	-51.38388	0	35	2021-09-29T07:13:34
7.89546	-51.38403	0	35	2021-09-29T07:18:35
7.89451	-51.38419	0	35	2021-09-29T07:23:38
7.89358	-51.38437	0	35	2021-09-29T07:28:37
7.89271	-51.38458	0	35	2021-09-29T07:33:57
7.89188	-51.38477	0	35	2021-09-29T07:38:37
7.89096	-51.38495	0	35	2021-09-29T07:43:39
7.89007	-51.38513	0	35	2021-09-29T07:48:37
7.88917	-51.38535	0	35	2021-09-29T07:53:40
7.88826	-51.38553	0	35	2021-09-29T07:58:42
7.88730	-51.38588	0	35	2021-09-29T08:03:39
7.88640	-51.38597	0	35	2021-09-29T08:08:39
7.88554	-51.38614	0	35	2021-09-29T08:13:40
7.88461	-51.38626	0	35	2021-09-29T08:18:38
7.88365	-51.38635	0	35	2021-09-29T08:23:38
7.88274	-51.38654	0	35	2021-09-29T08:28:57
7.88188	-51.38663	0	35	2021-09-29T08:33:56
7.88104	-51.38672	0	35	2021-09-29T08:38:38
7.88011	-51.38690	0	35	2021-09-29T08:43:38
7.87916	-51.38696	0	35	2021-09-29T08:48:39
7.87833	-51.38705	0	35	2021-09-29T08:53:39
7.87744	-51.38715	0	35	2021-09-29T08:58:40
7.87656	-51.38736	0	35	2021-09-29T09:03:40
7.87585	-51.38742	0	35	2021-09-29T09:08:42
7.87514	-51.38754	0	35	2021-09-29T09:13:39
7.87444	-51.38763	0	35	2021-09-29T09:18:40
7.87367	-51.38776	0	35	2021-09-29T09:23:38
7.87278	-51.38794	0	35	2021-09-29T09:28:39
7.87171	-51.38812	0	35	2021-09-29T09:34:13
7.87091	-51.38837	0	35	2021-09-29T09:38:54
7.87032	-51.38861	0	35	2021-09-29T09:43:39
7.86955	-51.38889	0	35	2021-09-29T09:48:40
7.86865	-51.38919	0	35	2021-09-29T09:53:39
7.86791	-51.38947	0	35	2021-09-29T09:58:35
7.86731	-51.38974	0	35	2021-09-29T10:03:48
7.86662	-51.39014	0	35	2021-09-29T10:08:49
7.86590	-51.39063	0	35	2021-09-29T10:13:34
7.86530	-51.39080	0	35	2021-09-29T10:18:35
7.86466	-51.39114	0	35	2021-09-29T10:23:36
7.86391	-51.39148	0	35	2021-09-29T10:28:33
7.86315	-51.39182	0	35	2021-09-29T10:33:57
7.86239	-51.39219	0	35	2021-09-29T10:39:05
7.86157	-51.39255	0	35	2021-09-29T10:43:35
7.86050	-51.39313	0	35	2021-09-29T10:49:04
7.85972	-51.39359	0	35	2021-09-29T10:53:36
7.85883	-51.39395	0	35	2021-09-29T10:58:37
7.85804	-51.39438	0	35	2021-09-29T11:03:31
7.85721	-51.39484	0	35	2021-09-29T11:08:35
7.85638	-51.39523	0	35	2021-09-29T11:13:33
7.85547	-51.39566	0	35	2021-09-29T11:18:32
7.85470	-51.39600	0	35	2021-09-29T11:23:31
7.85383	-51.39642	0	35	2021-09-29T11:28:31
7.85284	-51.39685	0	35	2021-09-29T11:33:55
7.85200	-51.39725	0	35	2021-09-29T11:38:29
7.85102	-51.39761	0	35	2021-09-29T11:43:30
7.85010	-51.39804	0	35	2021-09-29T11:48:32
7.84917	-51.39860	0	35	2021-09-29T11:53:28
7.84831	-51.39903	0	35	2021-09-29T11:58:29
7.84758	-51.39963	0	35	2021-09-29T12:03:29
7.84666	-51.40018	0	35	2021-09-29T12:08:26
7.84571	-51.40068	0	35	2021-09-29T12:13:24
7.84481	-51.40115	0	35	2021-09-29T12:18:24
7.84378	-51.40179	0	35	2021-09-29T12:23:24
7.84280	-51.40237	0	35	2021-09-29T12:28:37
7.84174	-51.40314	0	35	2021-09-29T12:34:08
7.84083	-51.40378	0	35	2021-09-29T12:38:21
7.83982	-51.40439	0	35	2021-09-29T12:43:22
7.83879	-51.40506	0	35	2021-09-29T12:48:22
7.83779	-51.40573	0	35	2021-09-29T12:53:23
7.83675	-51.40648	0	35	2021-09-29T12:58:24
7.83581	-51.40717	0	35	2021-09-29T13:03:24
7.83479	-51.40790	0	35	2021-09-29T13:08:24
7.83379	-51.40864	0	35	2021-09-29T13:13:25
7.83289	-51.40933	0	35	2021-09-29T13:18:24
7.83111	-51.41070	0	35	2021-09-29T13:28:29
7.83025	-51.41139	0	35	2021-09-29T13:33:29
7.82948	-51.41199	0	35	2021-09-29T13:38:29
7.82860	-51.41272	0	35	2021-09-29T13:43:30
7.82771	-51.41348	0	35	2021-09-29T13:48:32
7.82690	-51.41425	0	35	2021-09-29T13:53:30
7.82609	-51.41504	0	35	2021-09-29T13:58:30
7.82526	-51.41583	0	35	2021-09-29T14:03:31
7.82439	-51.41671	0	35	2021-09-29T14:08:29
7.82357	-51.41757	0	35	2021-09-29T14:13:29
7.82274	-51.41846	0	35	2021-09-29T14:18:30
7.82189	-51.41940	0	35	2021-09-29T14:23:33
7.82107	-51.42038	0	35	2021-09-29T14:28:31
7.82018	-51.42145	0	35	2021-09-29T14:33:54
7.81947	-51.42227	0	35	2021-09-29T14:38:32
7.81868	-51.42313	0	35	2021-09-29T14:43:30
7.81788	-51.42411	0	35	2021-09-29T14:48:31
7.81689	-51.42480	0	35	2021-09-29T14:53:32
7.81616	-51.42566	0	35	2021-09-29T14:58:32
7.81562	-51.42661	0	35	2021-09-29T15:03:48
7.81491	-51.42742	0	35	2021-09-29T15:08:47
7.81422	-51.42828	0	35	2021-09-29T15:13:47
7.81350	-51.42914	0	35	2021-09-29T15:18:45
7.81273	-51.42999	0	35	2021-09-29T15:23:45
7.81183	-51.43092	0	35	2021-09-29T15:29:12
7.81089	-51.43195	0	35	2021-09-29T15:34:12
7.81007	-51.43274	0	35	2021-09-29T15:38:47
7.80907	-51.43353	0	35	2021-09-29T15:43:44
7.80817	-51.43451	0	35	2021-09-29T15:48:33
7.80735	-51.43561	0	35	2021-09-29T15:53:42
7.80643	-51.43665	0	35	2021-09-29T15:58:39
7.80554	-51.43765	0	35	2021-09-29T16:03:25
7.80453	-51.43866	0	35	2021-09-29T16:08:25
7.80362	-51.43970	0	35	2021-09-29T16:13:26
7.80280	-51.44077	0	35	2021-09-29T16:18:22
7.80188	-51.44177	0	35	2021-09-29T16:23:23
7.80093	-51.44281	0	35	2021-09-29T16:28:37
7.79985	-51.44403	0	35	2021-09-29T16:34:11
7.79908	-51.44498	0	35	2021-09-29T16:38:37
7.79822	-51.44604	0	35	2021-09-29T16:43:38
7.79736	-51.44708	0	35	2021-09-29T16:48:39
7.79655	-51.44806	0	35	2021-09-29T16:53:34
7.79566	-51.44915	0	35	2021-09-29T16:58:21
7.79476	-51.45001	0	35	2021-09-29T17:03:20
7.79390	-51.45087	0	35	2021-09-29T17:08:20
7.79303	-51.45175	0	35	2021-09-29T17:13:21
7.79213	-51.45274	0	35	2021-09-29T17:18:22
7.79127	-51.45343	0	35	2021-09-29T17:23:22
7.79041	-51.45425	0	35	2021-09-29T17:28:20
7.78957	-51.45520	0	35	2021-09-29T17:33:55
7.78882	-51.45604	0	35	2021-09-29T17:38:20
7.78883	-51.45596	0	35	2021-09-29T17:38:21
7.78802	-51.45676	0	35	2021-09-29T17:43:22
7.78723	-51.45758	0	35	2021-09-29T17:48:19
7.78644	-51.45840	0	35	2021-09-29T17:53:20
7.78560	-51.45933	0	35	2021-09-29T17:58:17
7.78483	-51.46027	0	35	2021-09-29T18:03:17
7.78406	-51.46121	0	35	2021-09-29T18:08:16
7.78321	-51.46223	0	35	2021-09-29T18:13:16
7.78235	-51.46317	0	35	2021-09-29T18:18:17
7.78149	-51.46411	0	35	2021-09-29T18:23:17
7.78057	-51.46512	0	35	2021-09-29T18:28:15
7.77959	-51.46616	0	35	2021-09-29T18:33:36
7.77869	-51.46714	0	35	2021-09-29T18:38:12
7.77779	-51.46808	0	35	2021-09-29T18:43:13
7.77685	-51.46902	0	35	2021-09-29T18:48:13
7.77594	-51.46997	0	35	2021-09-29T18:53:14
7.77504	-51.47092	0	35	2021-09-29T18:58:12
7.77420	-51.47192	0	35	2021-09-29T19:03:14
7.77337	-51.47293	0	35	2021-09-29T19:08:17
7.77259	-51.47397	0	35	2021-09-29T19:13:15
7.77178	-51.47495	0	35	2021-09-29T19:18:18
7.77098	-51.47592	0	35	2021-09-29T19:23:16
7.77012	-51.47678	0	35	2021-09-29T19:28:16
7.76916	-51.47778	0	35	2021-09-29T19:33:57
7.76841	-51.47858	0	35	2021-09-29T19:38:15
7.76754	-51.47940	0	35	2021-09-29T19:43:17
7.76662	-51.48034	0	35	2021-09-29T19:48:17
7.76572	-51.48111	0	35	2021-09-29T19:53:17
7.76482	-51.48196	0	35	2021-09-29T19:58:15
7.76389	-51.48279	0	35	2021-09-29T20:03:16
7.76302	-51.48364	0	35	2021-09-29T20:08:16
7.76213	-51.48444	0	35	2021-09-29T20:13:13
7.76120	-51.48526	0	35	2021-09-29T20:18:14
7.76025	-51.48602	0	35	2021-09-29T20:23:15
7.75930	-51.48684	0	35	2021-09-29T20:28:35
7.75827	-51.48770	0	35	2021-09-29T20:33:36
7.75731	-51.48846	0	35	2021-09-29T20:38:13
7.75630	-51.48926	0	35	2021-09-29T20:43:11
7.75524	-51.49016	0	35	2021-09-29T20:48:12
7.75430	-51.49102	0	35	2021-09-29T20:53:12
7.75340	-51.49179	0	35	2021-09-29T20:58:12
7.75245	-51.49268	0	35	2021-09-29T21:03:13
7.75153	-51.49359	0	35	2021-09-29T21:08:11
7.75064	-51.49448	0	35	2021-09-29T21:13:08
7.74973	-51.49542	0	35	2021-09-29T21:18:09
7.74883	-51.49634	0	35	2021-09-29T21:23:09
7.74791	-51.49725	0	35	2021-09-29T21:28:06
7.74696	-51.49817	0	35	2021-09-29T21:33:23
7.74618	-51.49902	0	35	2021-09-29T21:38:02
7.74531	-51.49985	0	35	2021-09-29T21:43:02
7.74444	-51.50067	0	35	2021-09-29T21:48:03
7.74361	-51.50140	0	35	2021-09-29T21:53:03
7.74278	-51.50220	0	35	2021-09-29T21:58:08
7.74192	-51.50293	0	35	2021-09-29T22:03:06
7.74102	-51.50372	0	35	2021-09-29T22:08:07
7.74016	-51.50449	0	35	2021-09-29T22:13:07
7.73931	-51.50530	0	35	2021-09-29T22:18:07
7.73845	-51.50607	0	35	2021-09-29T22:23:07
7.73762	-51.50687	0	35	2021-09-29T22:28:06
7.73683	-51.50763	0	35	2021-09-29T22:33:26
7.73613	-51.50845	0	35	2021-09-29T22:38:08
7.73540	-51.50922	0	35	2021-09-29T22:43:08
7.73464	-51.51004	0	35	2021-09-29T22:48:09
7.73388	-51.51089	0	35	2021-09-29T22:53:07
7.73316	-51.51178	0	35	2021-09-29T22:58:10
7.73242	-51.51269	0	35	2021-09-29T23:03:08
7.73169	-51.51355	0	35	2021-09-29T23:08:08
7.73097	-51.51450	0	35	2021-09-29T23:13:10
7.73025	-51.51550	0	35	2021-09-29T23:18:10
7.72952	-51.51636	0	35	2021-09-29T23:23:10
7.72883	-51.51730	0	35	2021-09-29T23:28:09
7.72814	-51.51828	0	35	2021-09-29T23:33:29
7.72751	-51.51913	0	35	2021-09-29T23:38:06
7.72687	-51.52006	0	35	2021-09-29T23:43:04
7.72627	-51.52100	0	35	2021-09-29T23:48:04
7.72518	-51.52285	0	35	2021-09-29T23:58:09
7.72471	-51.52362	0	35	2021-09-30T00:03:09
7.72428	-51.52448	0	35	2021-09-30T00:08:08
7.72383	-51.52533	0	35	2021-09-30T00:13:11
7.72336	-51.52627	0	35	2021-09-30T00:18:12
7.72293	-51.52704	0	35	2021-09-30T00:23:11
7.72243	-51.52792	0	35	2021-09-30T00:28:11
7.72185	-51.52881	0	35	2021-09-30T00:33:38
7.72083	-51.53038	0	35	2021-09-30T00:43:16
7.72036	-51.53124	0	35	2021-09-30T00:48:15
7.71989	-51.53210	0	35	2021-09-30T00:53:15
7.71944	-51.53293	0	35	2021-09-30T00:58:15
7.71896	-51.53378	0	35	2021-09-30T01:03:16
7.71850	-51.53467	0	35	2021-09-30T01:08:14
7.71807	-51.53555	0	35	2021-09-30T01:13:17
7.71764	-51.53641	0	35	2021-09-30T01:18:16
7.71718	-51.53726	0	35	2021-09-30T01:23:16
7.71666	-51.53812	0	35	2021-09-30T01:28:25
7.71617	-51.53903	0	35	2021-09-30T01:33:37
7.71564	-51.53986	0	35	2021-09-30T01:38:19
7.71508	-51.54074	0	35	2021-09-30T01:43:20
7.71461	-51.54166	0	35	2021-09-30T01:48:18
7.71416	-51.54260	0	35	2021-09-30T01:53:18
7.71372	-51.54355	0	35	2021-09-30T01:58:17
7.71328	-51.54443	0	35	2021-09-30T02:03:19
7.71283	-51.54532	0	35	2021-09-30T02:08:17
7.71242	-51.54620	0	35	2021-09-30T02:13:22
7.71197	-51.54703	0	35	2021-09-30T02:18:22
7.71154	-51.54785	0	35	2021-09-30T02:23:19
7.71114	-51.54868	0	35	2021-09-30T02:28:22
7.71067	-51.54968	0	35	2021-09-30T02:33:21
7.71028	-51.55045	0	35	2021-09-30T02:38:22
7.70941	-51.55219	0	35	2021-09-30T02:48:27
7.70902	-51.55296	0	35	2021-09-30T02:53:27
7.70863	-51.55365	0	35	2021-09-30T02:58:26
7.70819	-51.55438	0	35	2021-09-30T03:03:29
7.70775	-51.55518	0	35	2021-09-30T03:08:27
7.70737	-51.55597	0	35	2021-09-30T03:13:28
7.70697	-51.55676	0	35	2021-09-30T03:18:27
7.70660	-51.55765	0	35	2021-09-30T03:23:29
7.70632	-51.55844	0	35	2021-09-30T03:28:30
7.70580	-51.55948	0	35	2021-09-30T03:33:55
7.70547	-51.56021	0	35	2021-09-30T03:38:27
7.70497	-51.56107	0	35	2021-09-30T03:43:26
7.70453	-51.56192	0	35	2021-09-30T03:48:29
7.70414	-51.56277	0	35	2021-09-30T03:53:26
7.70387	-51.56363	0	35	2021-09-30T03:58:24
7.70357	-51.56454	0	35	2021-09-30T04:03:25
7.70320	-51.56549	0	35	2021-09-30T04:08:24
7.70289	-51.56641	0	35	2021-09-30T04:13:25
7.70266	-51.56732	0	35	2021-09-30T04:18:23
7.70242	-51.56827	0	35	2021-09-30T04:23:25
7.70217	-51.56921	0	35	2021-09-30T04:28:24
7.70182	-51.57016	0	35	2021-09-30T04:33:56
7.70160	-51.57108	0	35	2021-09-30T04:38:23
7.70135	-51.57202	0	35	2021-09-30T04:43:26
7.70113	-51.57288	0	35	2021-09-30T04:48:24
7.70093	-51.57382	0	35	2021-09-30T04:53:25
7.70070	-51.57485	0	35	2021-09-30T04:58:27
7.70053	-51.57571	0	35	2021-09-30T05:03:27
7.70043	-51.57672	0	35	2021-09-30T05:08:25
7.70034	-51.57773	0	35	2021-09-30T05:13:28
7.70022	-51.57870	0	35	2021-09-30T05:18:26
7.70009	-51.57971	0	35	2021-09-30T05:23:27
7.69991	-51.58069	0	35	2021-09-30T05:28:30
7.69972	-51.58173	0	35	2021-09-30T05:33:56
7.69962	-51.58273	0	35	2021-09-30T05:38:26
7.69953	-51.58367	0	35	2021-09-30T05:43:26
7.69944	-51.58453	0	35	2021-09-30T05:48:27
7.69930	-51.58542	0	35	2021-09-30T05:53:28
7.69915	-51.58630	0	35	2021-09-30T05:58:25
7.69894	-51.58713	0	35	2021-09-30T06:03:26
7.69876	-51.58801	0	35	2021-09-30T06:08:24
7.69858	-51.58884	0	35	2021-09-30T06:13:26
7.69836	-51.58969	0	35	2021-09-30T06:18:24
7.69818	-51.59055	0	35	2021-09-30T06:23:25
7.69802	-51.59140	0	35	2021-09-30T06:28:23
7.69778	-51.59225	0	35	2021-09-30T06:33:55
7.69757	-51.59304	0	35	2021-09-30T06:38:25
7.69740	-51.59381	0	35	2021-09-30T06:43:25
7.69724	-51.59454	0	35	2021-09-30T06:48:22
7.69707	-51.59531	0	35	2021-09-30T06:53:23
7.69696	-51.59604	0	35	2021-09-30T06:58:24
7.69687	-51.59683	0	35	2021-09-30T07:03:20
7.69677	-51.59756	0	35	2021-09-30T07:08:20
7.69664	-51.59827	0	35	2021-09-30T07:13:18
7.69649	-51.59905	0	35	2021-09-30T07:18:20
7.69636	-51.59982	0	35	2021-09-30T07:23:20
7.69624	-51.60062	0	35	2021-09-30T07:28:21
7.69605	-51.60150	0	35	2021-09-30T07:33:56
7.69587	-51.60217	0	35	2021-09-30T07:38:26
7.69567	-51.60291	0	35	2021-09-30T07:43:26
7.69552	-51.60370	0	35	2021-09-30T07:48:25
7.69536	-51.60443	0	35	2021-09-30T07:53:28
7.69521	-51.60519	0	35	2021-09-30T07:58:26
7.69508	-51.60596	0	35	2021-09-30T08:03:30
7.69494	-51.60672	0	35	2021-09-30T08:08:28
7.69481	-51.60754	0	35	2021-09-30T08:13:32
7.69468	-51.60837	0	35	2021-09-30T08:18:30
7.69462	-51.60925	0	35	2021-09-30T08:23:30
7.69445	-51.61013	0	35	2021-09-30T08:28:28
7.69432	-51.61107	0	35	2021-09-30T08:33:29
7.69428	-51.61176	0	35	2021-09-30T08:38:29
7.69424	-51.61261	0	35	2021-09-30T08:43:29
7.69415	-51.61343	0	35	2021-09-30T08:48:27
7.69410	-51.61423	0	35	2021-09-30T08:53:28
7.69409	-51.61511	0	35	2021-09-30T08:58:25
7.69406	-51.61591	0	35	2021-09-30T09:03:22
7.69402	-51.61667	0	35	2021-09-30T09:08:23
7.69397	-51.61746	0	35	2021-09-30T09:13:24
7.69396	-51.61829	0	35	2021-09-30T09:18:23
7.69393	-51.61905	0	35	2021-09-30T09:23:22
7.69391	-51.61975	0	35	2021-09-30T09:28:23
7.69380	-51.62064	0	35	2021-09-30T09:33:55
7.69366	-51.62125	0	35	2021-09-30T09:38:28
7.69351	-51.62198	0	35	2021-09-30T09:43:28
7.69335	-51.62277	0	35	2021-09-30T09:48:28
7.69323	-51.62363	0	35	2021-09-30T09:53:31
7.69318	-51.62442	0	35	2021-09-30T09:58:31
7.69306	-51.62537	0	35	2021-09-30T10:03:32
7.69288	-51.62627	0	35	2021-09-30T10:08:33
7.69275	-51.62704	0	35	2021-09-30T10:13:33
7.69262	-51.62784	0	35	2021-09-30T10:18:31
7.69246	-51.62866	0	35	2021-09-30T10:23:32
7.69237	-51.62943	0	35	2021-09-30T10:28:33
7.69222	-51.63028	0	35	2021-09-30T10:33:55
7.69214	-51.63107	0	35	2021-09-30T10:38:34
7.69207	-51.63193	0	35	2021-09-30T10:43:32
7.69203	-51.63278	0	35	2021-09-30T10:48:33
7.69196	-51.63361	0	35	2021-09-30T10:53:32
7.69192	-51.63446	0	35	2021-09-30T10:58:33
7.69190	-51.63528	0	35	2021-09-30T11:03:31
7.69179	-51.63608	0	35	2021-09-30T11:08:32
7.69165	-51.63693	0	35	2021-09-30T11:13:33
7.69152	-51.63770	0	35	2021-09-30T11:18:33
7.69140	-51.63857	0	35	2021-09-30T11:23:58
7.69136	-51.63934	0	35	2021-09-30T11:28:58
7.69136	-51.64011	0	35	2021-09-30T11:33:58
7.69133	-51.64081	0	35	2021-09-30T11:38:33
7.69136	-51.64163	0	35	2021-09-30T11:43:44
7.69148	-51.64240	0	35	2021-09-30T11:48:31
7.69145	-51.64316	0	35	2021-09-30T11:53:32
7.69146	-51.64394	0	35	2021-09-30T11:58:26
7.69150	-51.64480	0	35	2021-09-30T12:03:26
7.69159	-51.64557	0	35	2021-09-30T12:08:27
7.69162	-51.64645	0	35	2021-09-30T12:13:28
7.69173	-51.64740	0	35	2021-09-30T12:18:28
7.69192	-51.64841	0	35	2021-09-30T12:23:34
7.69218	-51.64935	0	35	2021-09-30T12:28:34
7.69241	-51.65045	0	35	2021-09-30T12:33:55
7.69254	-51.65146	0	35	2021-09-30T12:38:35
7.69282	-51.65234	0	35	2021-09-30T12:43:36
7.69301	-51.65331	0	35	2021-09-30T12:48:33
7.69327	-51.65417	0	35	2021-09-30T12:53:34
7.69362	-51.65500	0	35	2021-09-30T12:58:31
7.69388	-51.65585	0	35	2021-09-30T13:03:32
7.69399	-51.65668	0	35	2021-09-30T13:08:29
7.69431	-51.65750	0	35	2021-09-30T13:13:27
7.69444	-51.65836	0	35	2021-09-30T13:18:27
7.69471	-51.65924	0	35	2021-09-30T13:23:28
7.69501	-51.66006	0	35	2021-09-30T13:28:30
7.69549	-51.66095	0	35	2021-09-30T13:33:33
7.69575	-51.66189	0	35	2021-09-30T13:38:33
7.69605	-51.66275	0	35	2021-09-30T13:43:32
7.69647	-51.66373	0	35	2021-09-30T13:48:31
7.69686	-51.66477	0	35	2021-09-30T13:53:30
7.69725	-51.66571	0	35	2021-09-30T13:58:30
7.69777	-51.66678	0	35	2021-09-30T14:03:28
7.69834	-51.66788	0	35	2021-09-30T14:08:31
7.69890	-51.66901	0	35	2021-09-30T14:13:30
7.69933	-51.67004	0	35	2021-09-30T14:18:30
7.69984	-51.67133	0	35	2021-09-30T14:23:31
7.70036	-51.67242	0	35	2021-09-30T14:28:32
7.70112	-51.67367	0	35	2021-09-30T14:33:35
7.70176	-51.67453	0	35	2021-09-30T14:38:34
7.70224	-51.67560	0	35	2021-09-30T14:43:37
7.70281	-51.67667	0	35	2021-09-30T14:48:35
7.70335	-51.67783	0	35	2021-09-30T14:53:35
7.70399	-51.67886	0	35	2021-09-30T14:58:35
7.70456	-51.67999	0	35	2021-09-30T15:03:48
7.70507	-51.68109	0	35	2021-09-30T15:08:50
7.70561	-51.68226	0	35	2021-09-30T15:13:50
7.70612	-51.68338	0	35	2021-09-30T15:18:50
7.70667	-51.68451	0	35	2021-09-30T15:23:49
7.70725	-51.68576	0	35	2021-09-30T15:28:50
7.70755	-51.68741	0	35	2021-09-30T15:34:05
7.70808	-51.68844	0	35	2021-09-30T15:38:35
7.70855	-51.68964	0	35	2021-09-30T15:43:35
7.70894	-51.69101	0	35	2021-09-30T15:48:37
7.70944	-51.69220	0	35	2021-09-30T15:53:35
7.71014	-51.69339	0	35	2021-09-30T15:58:46
7.71088	-51.69482	0	35	2021-09-30T16:03:52
7.71144	-51.69611	0	35	2021-09-30T16:08:52
7.71207	-51.69742	0	35	2021-09-30T16:13:50
7.71260	-51.69867	0	35	2021-09-30T16:18:54
7.71305	-51.69989	0	35	2021-09-30T16:23:51
7.71365	-51.70114	0	35	2021-09-30T16:28:52
7.71408	-51.70236	0	35	2021-09-30T16:34:12
7.71453	-51.70355	0	35	2021-09-30T16:38:53
7.71509	-51.70482	0	35	2021-09-30T16:43:53
7.71569	-51.70602	0	35	2021-09-30T16:48:52
7.71628	-51.70728	0	35	2021-09-30T16:53:51
7.71682	-51.70850	0	35	2021-09-30T16:58:52
7.71742	-51.70977	0	35	2021-09-30T17:03:50
7.71802	-51.71097	0	35	2021-09-30T17:08:51
7.71857	-51.71210	0	35	2021-09-30T17:13:33
7.71912	-51.71317	0	35	2021-09-30T17:18:34
7.71966	-51.71440	0	35	2021-09-30T17:23:34
7.72017	-51.71552	0	35	2021-09-30T17:28:34
7.72076	-51.71674	0	35	2021-09-30T17:33:56
7.72133	-51.71785	0	35	2021-09-30T17:38:33
7.72193	-51.71897	0	35	2021-09-30T17:43:34
7.72244	-51.72009	0	35	2021-09-30T17:48:34
7.72299	-51.72128	0	35	2021-09-30T17:53:32
7.72361	-51.72244	0	35	2021-09-30T17:58:35
7.72431	-51.72362	0	35	2021-09-30T18:03:33
7.72487	-51.72482	0	35	2021-09-30T18:08:34
7.72541	-51.72604	0	35	2021-09-30T18:13:36
7.72590	-51.72720	0	35	2021-09-30T18:18:37
7.72647	-51.72845	0	35	2021-09-30T18:23:37
7.72704	-51.72964	0	35	2021-09-30T18:28:39
7.72758	-51.73083	0	35	2021-09-30T18:33:58
7.72809	-51.73199	0	35	2021-09-30T18:38:42
7.72855	-51.73318	0	35	2021-09-30T18:43:41
7.72904	-51.73432	0	35	2021-09-30T18:48:46
7.72955	-51.73544	0	35	2021-09-30T18:53:46
7.73001	-51.73648	0	35	2021-09-30T18:58:46
7.73050	-51.73761	0	35	2021-09-30T19:03:44
7.73105	-51.73871	0	35	2021-09-30T19:08:45
7.73158	-51.73981	0	35	2021-09-30T19:13:44
7.73205	-51.74088	0	35	2021-09-30T19:18:45
7.73262	-51.74197	0	35	2021-09-30T19:23:43
7.73312	-51.74307	0	35	2021-09-30T19:28:44
7.73374	-51.74437	0	35	2021-09-30T19:33:45
7.73419	-51.74536	0	35	2021-09-30T19:38:50
7.73468	-51.74643	0	35	2021-09-30T19:43:44
7.73521	-51.74756	0	35	2021-09-30T19:48:45
7.73580	-51.74866	0	35	2021-09-30T19:53:45
7.73631	-51.74969	0	35	2021-09-30T19:58:45
7.73683	-51.75082	0	35	2021-09-30T20:03:46
7.73727	-51.75186	0	35	2021-09-30T20:08:43
7.73777	-51.75287	0	35	2021-09-30T20:13:43
7.73832	-51.75391	0	35	2021-09-30T20:18:45
7.73892	-51.75488	0	35	2021-09-30T20:23:46
7.74021	-51.75683	0	35	2021-09-30T20:33:44
7.74064	-51.75760	0	35	2021-09-30T20:38:45
7.74124	-51.75854	0	35	2021-09-30T20:43:45
7.74182	-51.75949	0	35	2021-09-30T20:48:43
7.74244	-51.76038	0	35	2021-09-30T20:53:46
7.74289	-51.76129	0	35	2021-09-30T20:58:44
7.74338	-51.76227	0	35	2021-09-30T21:03:45
7.74396	-51.76315	0	35	2021-09-30T21:08:45
7.74450	-51.76409	0	35	2021-09-30T21:13:44
7.74501	-51.76486	0	35	2021-09-30T21:18:44
7.74557	-51.76575	0	35	2021-09-30T21:23:47
7.74608	-51.76654	0	35	2021-09-30T21:28:45
7.74674	-51.76747	0	35	2021-09-30T21:33:45
7.74717	-51.76816	0	35	2021-09-30T21:38:44
7.74761	-51.76892	0	35	2021-09-30T21:43:44
7.74824	-51.76968	0	35	2021-09-30T21:48:45
7.74875	-51.77057	0	35	2021-09-30T21:53:45
7.74931	-51.77127	0	35	2021-09-30T21:58:43
7.74986	-51.77228	0	35	2021-09-30T22:03:43
7.75046	-51.77297	0	35	2021-09-30T22:08:43
7.75106	-51.77374	0	35	2021-09-30T22:13:42
7.75171	-51.77444	0	35	2021-09-30T22:18:42
7.75236	-51.77513	0	35	2021-09-30T22:23:43
7.75300	-51.77582	0	35	2021-09-30T22:28:44
7.75373	-51.77661	0	35	2021-09-30T22:34:08
7.75431	-51.77725	0	35	2021-09-30T22:38:46
7.75490	-51.77802	0	35	2021-09-30T22:43:49
7.75548	-51.77878	0	35	2021-09-30T22:48:48
7.75601	-51.77954	0	35	2021-09-30T22:53:49
7.75662	-51.78033	0	35	2021-09-30T22:58:46
7.75714	-51.78115	0	35	2021-09-30T23:03:46
7.75765	-51.78192	0	35	2021-09-30T23:08:47
7.75813	-51.78265	0	35	2021-09-30T23:13:47
7.75868	-51.78345	0	35	2021-09-30T23:18:45
7.75923	-51.78426	0	35	2021-09-30T23:24:09
7.75966	-51.78503	0	35	2021-09-30T23:29:09
7.76026	-51.78589	0	35	2021-09-30T23:34:08
7.76064	-51.78656	0	35	2021-09-30T23:38:41
7.76112	-51.78741	0	35	2021-09-30T23:43:42
7.76151	-51.78823	0	35	2021-09-30T23:48:42
7.76181	-51.78900	0	35	2021-09-30T23:53:42
7.76261	-51.79067	0	35	2021-10-01T00:03:45
7.76287	-51.79144	0	35	2021-10-01T00:08:46
7.76317	-51.79221	0	35	2021-10-01T00:13:46
7.76350	-51.79303	0	35	2021-10-01T00:18:44
7.76375	-51.79388	0	35	2021-10-01T00:23:45
7.76404	-51.79477	0	35	2021-10-01T00:28:46
7.76436	-51.79572	0	35	2021-10-01T00:33:45
7.76460	-51.79636	0	35	2021-10-01T00:38:47
7.76488	-51.79718	0	35	2021-10-01T00:43:44
7.76518	-51.79797	0	35	2021-10-01T00:48:42
7.76545	-51.79880	0	35	2021-10-01T00:53:43
7.76575	-51.79956	0	35	2021-10-01T00:58:43
7.76612	-51.80029	0	35	2021-10-01T01:03:44
7.76645	-51.80103	0	35	2021-10-01T01:08:44
7.76679	-51.80179	0	35	2021-10-01T01:13:45
7.76713	-51.80261	0	35	2021-10-01T01:18:43
7.76754	-51.80341	0	35	2021-10-01T01:23:46
7.76793	-51.80426	0	35	2021-10-01T01:28:44
7.76833	-51.80524	0	35	2021-10-01T01:34:08
7.76857	-51.80605	0	35	2021-10-01T01:38:47
7.76891	-51.80682	0	35	2021-10-01T01:43:47
7.76930	-51.80759	0	35	2021-10-01T01:48:48
7.76964	-51.80846	0	35	2021-10-01T01:53:48
7.76998	-51.80923	0	35	2021-10-01T01:58:48
7.77032	-51.81012	0	35	2021-10-01T02:03:46
7.77063	-51.81100	0	35	2021-10-01T02:08:47
7.77099	-51.81188	0	35	2021-10-01T02:13:49
7.77142	-51.81274	0	35	2021-10-01T02:18:49
7.77172	-51.81360	0	35	2021-10-01T02:23:50
7.77213	-51.81445	0	35	2021-10-01T02:28:47
7.77265	-51.81567	0	35	2021-10-01T02:33:50
7.77304	-51.81644	0	35	2021-10-01T02:38:49
7.77351	-51.81738	0	35	2021-10-01T02:43:50
7.77399	-51.81839	0	35	2021-10-01T02:48:49
7.77453	-51.81934	0	35	2021-10-01T02:53:50
7.77492	-51.82022	0	35	2021-10-01T02:58:48
7.77548	-51.82117	0	35	2021-10-01T03:03:49
7.77601	-51.82211	0	35	2021-10-01T03:08:49
7.77654	-51.82306	0	35	2021-10-01T03:13:50
7.77713	-51.82401	0	35	2021-10-01T03:18:48
7.77784	-51.82495	0	35	2021-10-01T03:23:49
7.77831	-51.82581	0	35	2021-10-01T03:28:49
7.77899	-51.82684	0	35	2021-10-01T03:34:25
7.77945	-51.82767	0	35	2021-10-01T03:38:48
7.78001	-51.82858	0	35	2021-10-01T03:43:48
7.78048	-51.82935	0	35	2021-10-01T03:48:49
7.78100	-51.83020	0	35	2021-10-01T03:53:50
7.78154	-51.83105	0	35	2021-10-01T03:58:53
7.78202	-51.83185	0	35	2021-10-01T04:03:51
7.78255	-51.83270	0	35	2021-10-01T04:08:52
7.78302	-51.83347	0	35	2021-10-01T04:13:52
7.78360	-51.83426	0	35	2021-10-01T04:18:51
7.78419	-51.83499	0	35	2021-10-01T04:23:58
7.78473	-51.83578	0	35	2021-10-01T04:28:56
7.78532	-51.83649	0	35	2021-10-01T04:34:24
7.78581	-51.83716	0	35	2021-10-01T04:39:00
7.78642	-51.83792	0	35	2021-10-01T04:43:58
7.78711	-51.83863	0	35	2021-10-01T04:48:58
7.78767	-51.83932	0	35	2021-10-01T04:53:57
7.78828	-51.84003	0	35	2021-10-01T04:58:58
7.78883	-51.84076	0	35	2021-10-01T05:03:57
7.78933	-51.84152	0	35	2021-10-01T05:08:58
7.78982	-51.84222	0	35	2021-10-01T05:13:56
7.79028	-51.84296	0	35	2021-10-01T05:18:57
7.79067	-51.84372	0	35	2021-10-01T05:23:56
7.79108	-51.84454	0	35	2021-10-01T05:28:57
7.79148	-51.84546	0	35	2021-10-01T05:34:26
7.79184	-51.84619	0	35	2021-10-01T05:38:55
7.79230	-51.84707	0	35	2021-10-01T05:43:56
7.79269	-51.84793	0	35	2021-10-01T05:48:55
7.79308	-51.84879	0	35	2021-10-01T05:53:55
7.79346	-51.84967	0	35	2021-10-01T05:58:56
7.79386	-51.85052	0	35	2021-10-01T06:03:56
7.79422	-51.85153	0	35	2021-10-01T06:08:56
7.79456	-51.85239	0	35	2021-10-01T06:13:55
7.79496	-51.85333	0	35	2021-10-01T06:18:58
7.79534	-51.85431	0	35	2021-10-01T06:23:56
7.79566	-51.85522	0	35	2021-10-01T06:28:57
7.79605	-51.85623	0	35	2021-10-01T06:34:25
7.79644	-51.85709	0	35	2021-10-01T06:38:59
7.79687	-51.85800	0	35	2021-10-01T06:43:59
7.79737	-51.85900	0	35	2021-10-01T06:49:00
7.79776	-51.85986	0	35	2021-10-01T06:54:00
7.79819	-51.86072	0	35	2021-10-01T06:58:59
7.79863	-51.86169	0	35	2021-10-01T07:03:56
7.79906	-51.86267	0	35	2021-10-01T07:08:57
7.79947	-51.86365	0	35	2021-10-01T07:13:54
7.79991	-51.86469	0	35	2021-10-01T07:18:55
7.80030	-51.86575	0	35	2021-10-01T07:23:52
7.80073	-51.86679	0	35	2021-10-01T07:28:55
7.80118	-51.86786	0	35	2021-10-01T07:34:24
7.80159	-51.86868	0	35	2021-10-01T07:38:58
7.80203	-51.86966	0	35	2021-10-01T07:43:55
7.80248	-51.87061	0	35	2021-10-01T07:48:59
7.80340	-51.87247	0	35	2021-10-01T07:59:01
7.80374	-51.87350	0	35	2021-10-01T08:04:02
7.80413	-51.87436	0	35	2021-10-01T08:09:02
7.80446	-51.87531	0	35	2021-10-01T08:14:03
7.80477	-51.87631	0	35	2021-10-01T08:19:01
7.80501	-51.87747	0	35	2021-10-01T08:24:01
7.80530	-51.87869	0	35	2021-10-01T08:29:02
7.80555	-51.87991	0	35	2021-10-01T08:34:02
7.80576	-51.88077	0	35	2021-10-01T08:39:01
7.80602	-51.88171	0	35	2021-10-01T08:44:01
7.80633	-51.88260	0	35	2021-10-01T08:49:04
7.80665	-51.88342	0	35	2021-10-01T08:54:03
7.80706	-51.88431	0	35	2021-10-01T08:59:04
7.80749	-51.88519	0	35	2021-10-01T09:04:03
7.80790	-51.88618	0	35	2021-10-01T09:09:02
7.80824	-51.88712	0	35	2021-10-01T09:14:02
7.80863	-51.88805	0	35	2021-10-01T09:19:06
7.80896	-51.88889	0	35	2021-10-01T09:24:04
7.80931	-51.88977	0	35	2021-10-01T09:29:05
7.80972	-51.89059	0	35	2021-10-01T09:34:25
7.81009	-51.89141	0	35	2021-10-01T09:39:06
7.81043	-51.89255	0	35	2021-10-01T09:44:04
7.81069	-51.89355	0	35	2021-10-01T09:49:07
7.81086	-51.89444	0	35	2021-10-01T09:54:05
7.81106	-51.89529	0	35	2021-10-01T09:59:06
7.81131	-51.89606	0	35	2021-10-01T10:04:04
7.81163	-51.89694	0	35	2021-10-01T10:09:07
7.81193	-51.89771	0	35	2021-10-01T10:14:06
7.81235	-51.89859	0	35	2021-10-01T10:19:05
7.81272	-51.89954	0	35	2021-10-01T10:24:02
7.81306	-51.90043	0	35	2021-10-01T10:29:27
7.81345	-51.90137	0	35	2021-10-01T10:34:27
7.81384	-51.90219	0	35	2021-10-01T10:39:01
7.81443	-51.90326	0	35	2021-10-01T10:44:14
7.81491	-51.90410	0	35	2021-10-01T10:49:00
7.81531	-51.90494	0	35	2021-10-01T10:54:03
7.81577	-51.90573	0	35	2021-10-01T10:59:01
7.81623	-51.90652	0	35	2021-10-01T11:04:02
7.81673	-51.90734	0	35	2021-10-01T11:08:59
7.81720	-51.90811	0	35	2021-10-01T11:13:59
7.81765	-51.90884	0	35	2021-10-01T11:19:01
7.81803	-51.90958	0	35	2021-10-01T11:24:04
7.81840	-51.91026	0	35	2021-10-01T11:29:30
7.81883	-51.91086	0	35	2021-10-01T11:34:30
7.81919	-51.91141	0	35	2021-10-01T11:39:05
7.81981	-51.91177	0	35	2021-10-01T11:44:05
7.82029	-51.91235	0	35	2021-10-01T11:49:06
7.82066	-51.91296	0	35	2021-10-01T11:54:07
7.82112	-51.91348	0	35	2021-10-01T11:59:06
7.82157	-51.91412	0	35	2021-10-01T12:04:07
7.82191	-51.91470	0	35	2021-10-01T12:09:08
7.82228	-51.91559	0	35	2021-10-01T12:14:05
7.82271	-51.91656	0	35	2021-10-01T12:19:03
7.82306	-51.91751	0	35	2021-10-01T12:24:00
7.82349	-51.91843	0	35	2021-10-01T12:29:01
7.82388	-51.91939	0	35	2021-10-01T12:33:57
7.82409	-51.92025	0	35	2021-10-01T12:38:56
7.82443	-51.92111	0	35	2021-10-01T12:43:56
7.82490	-51.92203	0	35	2021-10-01T12:48:57
7.82534	-51.92279	0	35	2021-10-01T12:53:58
7.82577	-51.92365	0	35	2021-10-01T12:58:58
7.82638	-51.92454	0	35	2021-10-01T13:03:59
7.82685	-51.92523	0	35	2021-10-01T13:09:00
7.82727	-51.92590	0	35	2021-10-01T13:14:01
7.82776	-51.92662	0	35	2021-10-01T13:18:58
7.82819	-51.92722	0	35	2021-10-01T13:23:59
7.82867	-51.92786	0	35	2021-10-01T13:29:00
7.82915	-51.92859	0	35	2021-10-01T13:34:24
7.82950	-51.92940	0	35	2021-10-01T13:38:58
7.82999	-51.92999	0	35	2021-10-01T13:44:01
7.83057	-51.93060	0	35	2021-10-01T13:48:58
7.83118	-51.93115	0	35	2021-10-01T13:53:59
7.83188	-51.93180	0	35	2021-10-01T13:58:57
7.83252	-51.93240	0	35	2021-10-01T14:03:58
7.83320	-51.93298	0	35	2021-10-01T14:08:59
7.83386	-51.93356	0	35	2021-10-01T14:14:00
7.83457	-51.93426	0	35	2021-10-01T14:18:57
7.83530	-51.93486	0	35	2021-10-01T14:23:58
7.83607	-51.93546	0	35	2021-10-01T14:28:58
7.83701	-51.93616	0	35	2021-10-01T14:34:58
7.83761	-51.93668	0	35	2021-10-01T14:39:00
7.83851	-51.93736	0	35	2021-10-01T14:43:56
7.83928	-51.93805	0	35	2021-10-01T14:48:55
7.84014	-51.93881	0	35	2021-10-01T14:54:07
7.84087	-51.93967	0	35	2021-10-01T14:59:07
7.84210	-51.94035	0	35	2021-10-01T15:04:11
7.84317	-51.94095	0	35	2021-10-01T15:09:10
7.84364	-51.94186	0	35	2021-10-01T15:14:30
7.84451	-51.94256	0	35	2021-10-01T15:18:58
7.84554	-51.94316	0	35	2021-10-01T15:23:57
7.84674	-51.94376	0	35	2021-10-01T15:28:57
7.84741	-51.94437	0	35	2021-10-01T15:34:25
7.84838	-51.94485	0	35	2021-10-01T15:38:58
7.84908	-51.94543	0	35	2021-10-01T15:43:56
7.84997	-51.94598	0	35	2021-10-01T15:48:57
7.85088	-51.94674	0	35	2021-10-01T15:54:00
7.85174	-51.94734	0	35	2021-10-01T15:58:59
7.85260	-51.94803	0	35	2021-10-01T16:03:59
7.85365	-51.94864	0	35	2021-10-01T16:08:57
7.85458	-51.94940	0	35	2021-10-01T16:13:58
7.85559	-51.95010	0	35	2021-10-01T16:18:58
7.85662	-51.95081	0	35	2021-10-01T16:23:55
7.85767	-51.95157	0	35	2021-10-01T16:28:59
7.85871	-51.95227	0	35	2021-10-01T16:34:30
7.85956	-51.95294	0	35	2021-10-01T16:38:58
7.86051	-51.95367	0	35	2021-10-01T16:43:58
7.86146	-51.95438	0	35	2021-10-01T16:48:59
7.86249	-51.95511	0	35	2021-10-01T16:53:57
7.86350	-51.95584	0	35	2021-10-01T16:58:58
7.86446	-51.95654	0	35	2021-10-01T17:03:58
7.86548	-51.95727	0	35	2021-10-01T17:08:55
7.86647	-51.95778	0	35	2021-10-01T17:13:56
7.86746	-51.95847	0	35	2021-10-01T17:18:56
7.86847	-51.95917	0	35	2021-10-01T17:23:57
7.86950	-51.95986	0	35	2021-10-01T17:29:25
7.87053	-51.96063	0	35	2021-10-01T17:34:26
7.87133	-51.96124	0	35	2021-10-01T17:38:56
7.87230	-51.96198	0	35	2021-10-01T17:43:54
7.87324	-51.96267	0	35	2021-10-01T17:48:54
7.87418	-51.96344	0	35	2021-10-01T17:53:55
7.87521	-51.96420	0	35	2021-10-01T17:58:56
7.87627	-51.96500	0	35	2021-10-01T18:03:59
7.87725	-51.96576	0	35	2021-10-01T18:09:01
7.87819	-51.96661	0	35	2021-10-01T18:13:55
7.87918	-51.96755	0	35	2021-10-01T18:18:56
7.88000	-51.96832	0	35	2021-10-01T18:23:56
7.88086	-51.96912	0	35	2021-10-01T18:28:57
7.88175	-51.97012	0	35	2021-10-01T18:34:24
7.88244	-51.97101	0	35	2021-10-01T18:38:59
7.88313	-51.97195	0	35	2021-10-01T18:44:00
7.88403	-51.97296	0	35	2021-10-01T18:49:00
7.88491	-51.97391	0	35	2021-10-01T18:54:01
7.88582	-51.97482	0	35	2021-10-01T18:59:02
7.88668	-51.97580	0	35	2021-10-01T19:04:04
7.88745	-51.97672	0	35	2021-10-01T19:09:04
7.88817	-51.97751	0	35	2021-10-01T19:14:04
7.88897	-51.97848	0	35	2021-10-01T19:19:06
7.88974	-51.97925	0	35	2021-10-01T19:24:06
7.89049	-51.98007	0	35	2021-10-01T19:29:06
7.89131	-51.98096	0	35	2021-10-01T19:34:28
7.89207	-51.98172	0	35	2021-10-01T19:39:05
7.89290	-51.98257	0	35	2021-10-01T19:44:09
7.89366	-51.98352	0	35	2021-10-01T19:49:06
7.89437	-51.98444	0	35	2021-10-01T19:54:04
7.89513	-51.98544	0	35	2021-10-01T19:59:05
7.89590	-51.98630	0	35	2021-10-01T20:04:06
7.89666	-51.98712	0	35	2021-10-01T20:09:03
7.89745	-51.98801	0	35	2021-10-01T20:14:00
7.89896	-51.98972	0	35	2021-10-01T20:23:58
7.89981	-51.99054	0	35	2021-10-01T20:28:57
7.90138	-51.99235	0	35	2021-10-01T20:38:59
7.90221	-51.99313	0	35	2021-10-01T20:43:57
7.90306	-51.99390	0	35	2021-10-01T20:48:58
7.90404	-51.99463	0	35	2021-10-01T20:53:56
7.90502	-51.99542	0	35	2021-10-01T20:58:56
7.90599	-51.99619	0	35	2021-10-01T21:04:00
7.90708	-51.99689	0	35	2021-10-01T21:09:00
7.90806	-51.99753	0	35	2021-10-01T21:13:58
7.90912	-51.99817	0	35	2021-10-01T21:18:59
7.91021	-51.99890	0	35	2021-10-01T21:23:57
7.91134	-51.99951	0	35	2021-10-01T21:28:58
7.91252	-52.00024	0	35	2021-10-01T21:34:28
7.91353	-52.00085	0	35	2021-10-01T21:38:59
7.91461	-52.00150	0	35	2021-10-01T21:43:57
7.91575	-52.00217	0	35	2021-10-01T21:48:59
7.91683	-52.00278	0	35	2021-10-01T21:53:54
7.91793	-52.00339	0	35	2021-10-01T21:58:58
7.91899	-52.00394	0	35	2021-10-01T22:04:11
7.92002	-52.00439	0	35	2021-10-01T22:08:57
7.92107	-52.00491	0	35	2021-10-01T22:13:57
7.92208	-52.00540	0	35	2021-10-01T22:18:57
7.92321	-52.00598	0	35	2021-10-01T22:24:23
7.92426	-52.00650	0	35	2021-10-01T22:28:56
7.92522	-52.00717	0	35	2021-10-01T22:34:30
7.92612	-52.00772	0	35	2021-10-01T22:38:56
7.92714	-52.00836	0	35	2021-10-01T22:43:55
7.92823	-52.00890	0	35	2021-10-01T22:49:08
7.92930	-52.00941	0	35	2021-10-01T22:54:08
7.93042	-52.01010	0	35	2021-10-01T22:59:09
7.93130	-52.01038	0	35	2021-10-01T23:03:54
7.93243	-52.01098	0	35	2021-10-01T23:08:55
7.93338	-52.01126	0	35	2021-10-01T23:14:00
7.93449	-52.01175	0	35	2021-10-01T23:18:55
7.93557	-52.01221	0	35	2021-10-01T23:23:56
7.93659	-52.01263	0	35	2021-10-01T23:28:54
7.93782	-52.01324	0	35	2021-10-01T23:33:52
7.93876	-52.01367	0	35	2021-10-01T23:38:52
7.93988	-52.01419	0	35	2021-10-01T23:43:53
7.94107	-52.01465	0	35	2021-10-01T23:48:53
7.94226	-52.01511	0	35	2021-10-01T23:53:51
7.94338	-52.01553	0	35	2021-10-01T23:58:52
7.94447	-52.01596	0	35	2021-10-02T00:03:53
7.94561	-52.01642	0	35	2021-10-02T00:08:53
7.94675	-52.01675	0	35	2021-10-02T00:13:51
7.94796	-52.01718	0	35	2021-10-02T00:18:52
7.94908	-52.01761	0	35	2021-10-02T00:23:51
7.95017	-52.01804	0	35	2021-10-02T00:28:53
7.95145	-52.01849	0	35	2021-10-02T00:34:28
7.95241	-52.01887	0	35	2021-10-02T00:38:52
7.95348	-52.01921	0	35	2021-10-02T00:43:52
7.95451	-52.01947	0	35	2021-10-02T00:48:53
7.95561	-52.01981	0	35	2021-10-02T00:53:51
7.95673	-52.02011	0	35	2021-10-02T00:58:53
7.95788	-52.02051	0	35	2021-10-02T01:03:52
7.95928	-52.02100	0	35	2021-10-02T01:08:53
7.96080	-52.02161	0	35	2021-10-02T01:13:54
7.96221	-52.02213	0	35	2021-10-02T01:18:53
7.96362	-52.02267	0	35	2021-10-02T01:23:52
7.96506	-52.02322	0	35	2021-10-02T01:28:51
7.96651	-52.02393	0	35	2021-10-02T01:34:27
7.96771	-52.02444	0	35	2021-10-02T01:38:49
7.96897	-52.02509	0	35	2021-10-02T01:43:47
7.97032	-52.02573	0	35	2021-10-02T01:48:47
7.97158	-52.02634	0	35	2021-10-02T01:53:45
7.97299	-52.02689	0	35	2021-10-02T01:58:45
7.97438	-52.02744	0	35	2021-10-02T02:03:43
7.97589	-52.02802	0	35	2021-10-02T02:08:43
7.97734	-52.02853	0	35	2021-10-02T02:13:40
7.97884	-52.02905	0	35	2021-10-02T02:18:38
7.98034	-52.02948	0	35	2021-10-02T02:23:38
7.98176	-52.02982	0	35	2021-10-02T02:28:39
7.98336	-52.03024	0	35	2021-10-02T02:34:07
7.98468	-52.03061	0	35	2021-10-02T02:38:41
7.98620	-52.03101	0	35	2021-10-02T02:43:42
7.98759	-52.03143	0	35	2021-10-02T02:48:42
7.98898	-52.03192	0	35	2021-10-02T02:53:39
7.99039	-52.03232	0	35	2021-10-02T02:58:40
7.99176	-52.03275	0	35	2021-10-02T03:03:40
7.99315	-52.03314	0	35	2021-10-02T03:08:42
7.99455	-52.03357	0	35	2021-10-02T03:13:39
7.99591	-52.03397	0	35	2021-10-02T03:18:41
7.99725	-52.03442	0	35	2021-10-02T03:23:43
7.99858	-52.03476	0	35	2021-10-02T03:28:42
8.00006	-52.03513	0	35	2021-10-02T03:34:08
8.00127	-52.03537	0	35	2021-10-02T03:38:43
8.00263	-52.03571	0	35	2021-10-02T03:43:44
8.00395	-52.03595	0	35	2021-10-02T03:48:44
8.00530	-52.03622	0	35	2021-10-02T03:53:42
8.00664	-52.03650	0	35	2021-10-02T03:58:43
8.00801	-52.03671	0	35	2021-10-02T04:03:41
8.00934	-52.03693	0	35	2021-10-02T04:08:44
8.01064	-52.03717	0	35	2021-10-02T04:13:42
8.01197	-52.03735	0	35	2021-10-02T04:18:43
8.01329	-52.03760	0	35	2021-10-02T04:23:42
8.01465	-52.03789	0	35	2021-10-02T04:28:44
8.01603	-52.03806	0	35	2021-10-02T04:33:44
8.01723	-52.03815	0	35	2021-10-02T04:38:43
8.01859	-52.03830	0	35	2021-10-02T04:43:42
8.01990	-52.03845	0	35	2021-10-02T04:48:44
8.02125	-52.03857	0	35	2021-10-02T04:53:43
8.02256	-52.03873	0	35	2021-10-02T04:58:44
8.02386	-52.03888	0	35	2021-10-02T05:03:42
8.02510	-52.03903	0	35	2021-10-02T05:08:43
8.02641	-52.03916	0	35	2021-10-02T05:13:40
8.02760	-52.03925	0	35	2021-10-02T05:18:41
8.02887	-52.03928	0	35	2021-10-02T05:23:42
8.03006	-52.03934	0	35	2021-10-02T05:28:39
8.03133	-52.03949	0	35	2021-10-02T05:33:40
8.03248	-52.03949	0	35	2021-10-02T05:38:41
8.03368	-52.03955	0	35	2021-10-02T05:43:39
8.03487	-52.03961	0	35	2021-10-02T05:48:39
8.03609	-52.03967	0	35	2021-10-02T05:53:42
8.03731	-52.03970	0	35	2021-10-02T05:58:44
8.03848	-52.03979	0	35	2021-10-02T06:03:44
8.03966	-52.03983	0	35	2021-10-02T06:08:46
8.04082	-52.03983	0	35	2021-10-02T06:13:44
8.04196	-52.03983	0	35	2021-10-02T06:18:47
8.04302	-52.03979	0	35	2021-10-02T06:23:45
8.04405	-52.03967	0	35	2021-10-02T06:28:46
8.04519	-52.03952	0	35	2021-10-02T06:34:28
8.04604	-52.03943	0	35	2021-10-02T06:38:47
8.04700	-52.03934	0	35	2021-10-02T06:43:44
8.04782	-52.03931	0	35	2021-10-02T06:48:45
8.04845	-52.03909	0	35	2021-10-02T06:53:43
8.04911	-52.03882	0	35	2021-10-02T06:58:44
8.04989	-52.03853	0	35	2021-10-02T07:03:40
8.05067	-52.03836	0	35	2021-10-02T07:08:40
8.05153	-52.03818	0	35	2021-10-02T07:13:41
8.05241	-52.03799	0	35	2021-10-02T07:18:43
8.05333	-52.03797	0	35	2021-10-02T07:23:43
8.05410	-52.03806	0	35	2021-10-02T07:28:44
8.05491	-52.03815	0	35	2021-10-02T07:34:05
8.05564	-52.03827	0	35	2021-10-02T07:38:43
8.05636	-52.03821	0	35	2021-10-02T07:44:01
8.05714	-52.03821	0	35	2021-10-02T07:49:00
8.05804	-52.03815	0	35	2021-10-02T07:53:57
8.05899	-52.03815	0	35	2021-10-02T07:58:42
8.05988	-52.03799	0	35	2021-10-02T08:03:35
8.06079	-52.03799	0	35	2021-10-02T08:08:36
8.06161	-52.03799	0	35	2021-10-02T08:13:36
8.06240	-52.03790	0	35	2021-10-02T08:18:33
8.06316	-52.03778	0	35	2021-10-02T08:23:34
8.06381	-52.03793	0	35	2021-10-02T08:28:32
8.06450	-52.03812	0	35	2021-10-02T08:33:59
8.06511	-52.03824	0	35	2021-10-02T08:38:33
8.06575	-52.03848	0	35	2021-10-02T08:43:34
8.06654	-52.03873	0	35	2021-10-02T08:48:32
8.06727	-52.03897	0	35	2021-10-02T08:53:34
8.06811	-52.03925	0	35	2021-10-02T08:58:32
8.06893	-52.03949	0	35	2021-10-02T09:03:33
8.06968	-52.03973	0	35	2021-10-02T09:08:30
8.07048	-52.04001	0	35	2021-10-02T09:13:28
8.07121	-52.04019	0	35	2021-10-02T09:18:29
8.07198	-52.04041	0	35	2021-10-02T09:23:29
8.07274	-52.04053	0	35	2021-10-02T09:28:27
8.07366	-52.04074	0	35	2021-10-02T09:34:06
8.07436	-52.04091	0	35	2021-10-02T09:38:29
8.07518	-52.04117	0	35	2021-10-02T09:43:29
8.07597	-52.04135	0	35	2021-10-02T09:48:28
8.07685	-52.04152	0	35	2021-10-02T09:53:29
8.07771	-52.04169	0	35	2021-10-02T09:58:28
8.07863	-52.04196	0	35	2021-10-02T10:03:29
8.07951	-52.04214	0	35	2021-10-02T10:08:29
8.08050	-52.04236	0	35	2021-10-02T10:13:30
8.08136	-52.04245	0	35	2021-10-02T10:18:30
8.08229	-52.04269	0	35	2021-10-02T10:23:31
8.08317	-52.04291	0	35	2021-10-02T10:28:29
8.08408	-52.04312	0	35	2021-10-02T10:33:57
8.08489	-52.04333	0	35	2021-10-02T10:38:31
8.08578	-52.04355	0	35	2021-10-02T10:43:32
8.08672	-52.04376	0	35	2021-10-02T10:48:28
8.08778	-52.04397	0	35	2021-10-02T10:53:29
8.08863	-52.04413	0	35	2021-10-02T10:58:26
8.08949	-52.04431	0	35	2021-10-02T11:03:28
8.09047	-52.04453	0	35	2021-10-02T11:08:28
8.09139	-52.04474	0	35	2021-10-02T11:13:29
8.09230	-52.04495	0	35	2021-10-02T11:18:28
8.09318	-52.04517	0	35	2021-10-02T11:23:30
8.09517	-52.04559	0	35	2021-10-02T11:33:32
8.09603	-52.04568	0	35	2021-10-02T11:38:32
8.09697	-52.04602	0	35	2021-10-02T11:43:31
8.09808	-52.04617	0	35	2021-10-02T11:48:32
8.09914	-52.04639	0	35	2021-10-02T11:53:35
8.10023	-52.04654	0	35	2021-10-02T11:58:33
8.10131	-52.04667	0	35	2021-10-02T12:03:33
8.10230	-52.04684	0	35	2021-10-02T12:08:34
8.10333	-52.04709	0	35	2021-10-02T12:13:32
8.10439	-52.04739	0	35	2021-10-02T12:18:35
8.10538	-52.04761	0	35	2021-10-02T12:23:33
8.10640	-52.04797	0	35	2021-10-02T12:28:31
8.10737	-52.04828	0	35	2021-10-02T12:33:58
8.10826	-52.04874	0	35	2021-10-02T12:38:36
8.10928	-52.04910	0	35	2021-10-02T12:43:33
8.11037	-52.04956	0	35	2021-10-02T12:48:30
8.11145	-52.05002	0	35	2021-10-02T12:53:31
8.11260	-52.05042	0	35	2021-10-02T12:58:28
8.11369	-52.05087	0	35	2021-10-02T13:03:28
8.11473	-52.05136	0	35	2021-10-02T13:08:25
8.11572	-52.05179	0	35	2021-10-02T13:13:26
8.11683	-52.05228	0	35	2021-10-02T13:18:23
8.11785	-52.05276	0	35	2021-10-02T13:23:24
8.11891	-52.05310	0	35	2021-10-02T13:28:24
8.12006	-52.05368	0	35	2021-10-02T13:33:57
8.12097	-52.05408	0	35	2021-10-02T13:38:23
8.12210	-52.05453	0	35	2021-10-02T13:43:24
8.12330	-52.05487	0	35	2021-10-02T13:48:25
8.12445	-52.05521	0	35	2021-10-02T13:53:25
8.12564	-52.05551	0	35	2021-10-02T13:58:23
8.12688	-52.05596	0	35	2021-10-02T14:03:28
8.12811	-52.05630	0	35	2021-10-02T14:08:28
8.12939	-52.05679	0	35	2021-10-02T14:13:28
8.13069	-52.05728	0	35	2021-10-02T14:18:30
8.13197	-52.05777	0	35	2021-10-02T14:23:27
8.13326	-52.05811	0	35	2021-10-02T14:28:28
8.13451	-52.05859	0	35	2021-10-02T14:33:58
8.13538	-52.05896	0	35	2021-10-02T14:38:29
8.13655	-52.05945	0	35	2021-10-02T14:43:38
8.13791	-52.05988	0	35	2021-10-02T14:48:39
8.13894	-52.06045	0	35	2021-10-02T14:53:44
8.14048	-52.06079	0	35	2021-10-02T14:58:44
8.14167	-52.06134	0	35	2021-10-02T15:03:42
8.14273	-52.06167	0	35	2021-10-02T15:08:45
8.14372	-52.06210	0	35	2021-10-02T15:13:44
8.14464	-52.06253	0	35	2021-10-02T15:18:31
8.14573	-52.06302	0	35	2021-10-02T15:23:32
8.14682	-52.06360	0	35	2021-10-02T15:28:30
8.14808	-52.06424	0	35	2021-10-02T15:33:30
8.14877	-52.06467	0	35	2021-10-02T15:38:29
8.14986	-52.06519	0	35	2021-10-02T15:43:28
8.15094	-52.06564	0	35	2021-10-02T15:48:26
8.15221	-52.06605	0	35	2021-10-02T15:53:27
8.15324	-52.06656	0	35	2021-10-02T15:58:27
8.15450	-52.06689	0	35	2021-10-02T16:03:32
8.15562	-52.06741	0	35	2021-10-02T16:08:29
8.15685	-52.06794	0	35	2021-10-02T16:13:42
8.15797	-52.06845	0	35	2021-10-02T16:18:43
8.15912	-52.06897	0	35	2021-10-02T16:23:43
8.16027	-52.06946	0	35	2021-10-02T16:28:43
8.16142	-52.07030	0	35	2021-10-02T16:33:30
8.16245	-52.07081	0	35	2021-10-02T16:38:30
8.16365	-52.07132	0	35	2021-10-02T16:43:30
8.16487	-52.07184	0	35	2021-10-02T16:48:28
8.16610	-52.07242	0	35	2021-10-02T16:53:28
8.16726	-52.07285	0	35	2021-10-02T16:58:27
8.16855	-52.07336	0	35	2021-10-02T17:03:30
8.16991	-52.07388	0	35	2021-10-02T17:08:28
8.17127	-52.07438	0	35	2021-10-02T17:13:32
8.17257	-52.07481	0	35	2021-10-02T17:18:32
8.17390	-52.07532	0	35	2021-10-02T17:23:31
8.17520	-52.07581	0	35	2021-10-02T17:28:31
8.17666	-52.07623	0	35	2021-10-02T17:33:56
8.17794	-52.07657	0	35	2021-10-02T17:38:29
8.17928	-52.07697	0	35	2021-10-02T17:43:27
8.18059	-52.07739	0	35	2021-10-02T17:48:28
8.18188	-52.07782	0	35	2021-10-02T17:53:28
8.18308	-52.07825	0	35	2021-10-02T17:58:29
8.18820	-52.08016	0	35	2021-10-02T18:23:57
8.18919	-52.08050	0	35	2021-10-02T18:28:57
8.19026	-52.08093	0	35	2021-10-02T18:33:58
8.19125	-52.08130	0	35	2021-10-02T18:38:38
8.19225	-52.08173	0	35	2021-10-02T18:43:37
8.19332	-52.08224	0	35	2021-10-02T18:48:34
8.19436	-52.08258	0	35	2021-10-02T18:53:35
8.19543	-52.08289	0	35	2021-10-02T18:58:34
8.19661	-52.08328	0	35	2021-10-02T19:03:32
8.19773	-52.08362	0	35	2021-10-02T19:08:33
8.19889	-52.08389	0	35	2021-10-02T19:13:34
8.19993	-52.08429	0	35	2021-10-02T19:18:35
8.20109	-52.08477	0	35	2021-10-02T19:23:56
8.20212	-52.08505	0	35	2021-10-02T19:28:36
8.20323	-52.08545	0	35	2021-10-02T19:33:57
8.20415	-52.08585	0	35	2021-10-02T19:38:34
8.20529	-52.08633	0	35	2021-10-02T19:43:34
8.20637	-52.08676	0	35	2021-10-02T19:48:33
8.20742	-52.08722	0	35	2021-10-02T19:53:32
8.20857	-52.08762	0	35	2021-10-02T19:58:33
8.20970	-52.08816	0	35	2021-10-02T20:03:31
8.21083	-52.08859	0	35	2021-10-02T20:08:32
8.21195	-52.08890	0	35	2021-10-02T20:13:29
8.21302	-52.08926	0	35	2021-10-02T20:18:32
8.21541	-52.08997	0	35	2021-10-02T20:28:31
8.21673	-52.09027	0	35	2021-10-02T20:34:00
8.21782	-52.09055	0	35	2021-10-02T20:38:29
8.21912	-52.09096	0	35	2021-10-02T20:43:27
8.22024	-52.09122	0	35	2021-10-02T20:48:27
8.22112	-52.09149	0	35	2021-10-02T20:53:28
8.22214	-52.09174	0	35	2021-10-02T20:58:25
8.22329	-52.09210	0	35	2021-10-02T21:03:22
8.22423	-52.09227	0	35	2021-10-02T21:08:22
8.22526	-52.09244	0	35	2021-10-02T21:13:22
8.22626	-52.09259	0	35	2021-10-02T21:18:21
8.22734	-52.09277	0	35	2021-10-02T21:23:22
8.22847	-52.09296	0	35	2021-10-02T21:28:21
8.22969	-52.09311	0	35	2021-10-02T21:33:58
8.23072	-52.09326	0	35	2021-10-02T21:38:21
8.23204	-52.09345	0	35	2021-10-02T21:43:25
8.23316	-52.09354	0	35	2021-10-02T21:48:26
8.23438	-52.09366	0	35	2021-10-02T21:53:31
8.23559	-52.09375	0	35	2021-10-02T21:58:31
8.23720	-52.09369	0	35	2021-10-02T22:05:29
8.23794	-52.09372	0	35	2021-10-02T22:08:25
8.23908	-52.09369	0	35	2021-10-02T22:13:25
8.24025	-52.09375	0	35	2021-10-02T22:18:24
8.24133	-52.09375	0	35	2021-10-02T22:23:24
8.24249	-52.09369	0	35	2021-10-02T22:28:25
8.24389	-52.09375	0	35	2021-10-02T22:33:22
8.24479	-52.09375	0	35	2021-10-02T22:38:23
8.24585	-52.09378	0	35	2021-10-02T22:43:24
8.24701	-52.09381	0	35	2021-10-02T22:48:23
8.24813	-52.09381	0	35	2021-10-02T22:53:22
8.24921	-52.09381	0	35	2021-10-02T22:58:22
8.25028	-52.09381	0	35	2021-10-02T23:03:23
8.25132	-52.09360	0	35	2021-10-02T23:08:20
8.25240	-52.09378	0	35	2021-10-02T23:13:21
8.25339	-52.09366	0	35	2021-10-02T23:18:22
8.25451	-52.09354	0	35	2021-10-02T23:23:23
8.25558	-52.09341	0	35	2021-10-02T23:28:20
8.25684	-52.09326	0	35	2021-10-02T23:33:17
8.25774	-52.09317	0	35	2021-10-02T23:38:18
8.25873	-52.09308	0	35	2021-10-02T23:43:18
8.25972	-52.09302	0	35	2021-10-02T23:48:16
8.26085	-52.09293	0	35	2021-10-02T23:53:16
8.26314	-52.09271	0	35	2021-10-03T00:03:17
8.26417	-52.09271	0	35	2021-10-03T00:08:16
8.26529	-52.09262	0	35	2021-10-03T00:13:16
8.26638	-52.09250	0	35	2021-10-03T00:18:18
8.26746	-52.09232	0	35	2021-10-03T00:23:17
8.26854	-52.09213	0	35	2021-10-03T00:28:19
8.26972	-52.09192	0	35	2021-10-03T00:33:55
8.27069	-52.09171	0	35	2021-10-03T00:38:19
8.27189	-52.09140	0	35	2021-10-03T00:43:17
8.27309	-52.09131	0	35	2021-10-03T00:48:15
8.27429	-52.09106	0	35	2021-10-03T00:53:16
8.27546	-52.09085	0	35	2021-10-03T00:58:19
8.27665	-52.09061	0	35	2021-10-03T01:03:17
8.27788	-52.09030	0	35	2021-10-03T01:08:18
8.27905	-52.09004	0	35	2021-10-03T01:13:19
8.28025	-52.08978	0	35	2021-10-03T01:18:19
8.28144	-52.08954	0	35	2021-10-03T01:23:16
8.28264	-52.08929	0	35	2021-10-03T01:28:14
8.28388	-52.08905	0	35	2021-10-03T01:33:37
8.28495	-52.08884	0	35	2021-10-03T01:38:15
8.28619	-52.08857	0	35	2021-10-03T01:43:09
8.28726	-52.08840	0	35	2021-10-03T01:48:09
8.28842	-52.08823	0	35	2021-10-03T01:53:10
8.28952	-52.08795	0	35	2021-10-03T01:58:07
8.29060	-52.08780	0	35	2021-10-03T02:03:07
8.29176	-52.08752	0	35	2021-10-03T02:08:05
8.29292	-52.08743	0	35	2021-10-03T02:13:05
8.29409	-52.08728	0	35	2021-10-03T02:18:06
8.29644	-52.08694	0	35	2021-10-03T02:28:04
8.29768	-52.08670	0	35	2021-10-03T02:33:06
8.29871	-52.08661	0	35	2021-10-03T02:38:06
8.29992	-52.08652	0	35	2021-10-03T02:43:04
8.30115	-52.08645	0	35	2021-10-03T02:48:04
8.30232	-52.08636	0	35	2021-10-03T02:53:04
8.30355	-52.08630	0	35	2021-10-03T02:58:05
8.30475	-52.08618	0	35	2021-10-03T03:03:03
8.30599	-52.08606	0	35	2021-10-03T03:08:04
8.30725	-52.08597	0	35	2021-10-03T03:13:01
8.30837	-52.08578	0	35	2021-10-03T03:18:04
8.30953	-52.08557	0	35	2021-10-03T03:23:02
8.31068	-52.08536	0	35	2021-10-03T03:28:00
8.31184	-52.08502	0	35	2021-10-03T03:33:18
8.31282	-52.08484	0	35	2021-10-03T03:38:16
8.31386	-52.08459	0	35	2021-10-03T03:43:17
8.31492	-52.08435	0	35	2021-10-03T03:48:17
8.31600	-52.08401	0	35	2021-10-03T03:53:19
8.31706	-52.08368	0	35	2021-10-03T03:58:17
8.31811	-52.08336	0	35	2021-10-03T04:03:04
8.31910	-52.08310	0	35	2021-10-03T04:08:03
8.32006	-52.08276	0	35	2021-10-03T04:13:04
8.32110	-52.08237	0	35	2021-10-03T04:18:04
8.32216	-52.08209	0	35	2021-10-03T04:23:05
8.32315	-52.08188	0	35	2021-10-03T04:28:06
8.32419	-52.08163	0	35	2021-10-03T04:33:26
8.32510	-52.08135	0	35	2021-10-03T04:38:06
8.32612	-52.08109	0	35	2021-10-03T04:43:05
8.32709	-52.08075	0	35	2021-10-03T04:48:05
8.32806	-52.08044	0	35	2021-10-03T04:53:03
8.32902	-52.08002	0	35	2021-10-03T04:58:04
8.32992	-52.07968	0	35	2021-10-03T05:03:04
8.33081	-52.07928	0	35	2021-10-03T05:08:07
8.33170	-52.07889	0	35	2021-10-03T05:13:06
8.33258	-52.07845	0	35	2021-10-03T05:18:10
8.33331	-52.07819	0	35	2021-10-03T05:23:10
8.33400	-52.07791	0	35	2021-10-03T05:28:09
8.33475	-52.07767	0	35	2021-10-03T05:33:36
8.33549	-52.07734	0	35	2021-10-03T05:38:10
8.33634	-52.07700	0	35	2021-10-03T05:43:11
8.33730	-52.07657	0	35	2021-10-03T05:48:14
8.33817	-52.07611	0	35	2021-10-03T05:53:16
8.33906	-52.07562	0	35	2021-10-03T05:58:13
8.34005	-52.07516	0	35	2021-10-03T06:03:17
8.34096	-52.07471	0	35	2021-10-03T06:08:15
8.34186	-52.07419	0	35	2021-10-03T06:13:16
8.34272	-52.07370	0	35	2021-10-03T06:18:16
8.34359	-52.07327	0	35	2021-10-03T06:23:18
8.34446	-52.07284	0	35	2021-10-03T06:28:38
8.34540	-52.07233	0	35	2021-10-03T06:33:38
8.34623	-52.07190	0	35	2021-10-03T06:38:13
8.34711	-52.07144	0	35	2021-10-03T06:43:16
8.34795	-52.07101	0	35	2021-10-03T06:48:13
8.34883	-52.07062	0	35	2021-10-03T06:53:15
8.34974	-52.07025	0	35	2021-10-03T06:58:12
8.35073	-52.06989	0	35	2021-10-03T07:03:14
8.35164	-52.06950	0	35	2021-10-03T07:08:13
8.35263	-52.06924	0	35	2021-10-03T07:13:12
8.35351	-52.06888	0	35	2021-10-03T07:18:15
8.35446	-52.06857	0	35	2021-10-03T07:23:16
8.35553	-52.06814	0	35	2021-10-03T07:29:11
8.35656	-52.06763	0	35	2021-10-03T07:34:12
8.35741	-52.06726	0	35	2021-10-03T07:38:20
8.35834	-52.06677	0	35	2021-10-03T07:43:20
8.35934	-52.06631	0	35	2021-10-03T07:48:23
8.36039	-52.06589	0	35	2021-10-03T07:53:22
8.36143	-52.06546	0	35	2021-10-03T07:58:25
8.36241	-52.06509	0	35	2021-10-03T08:03:24
8.36346	-52.06473	0	35	2021-10-03T08:08:28
8.36443	-52.06461	0	35	2021-10-03T08:13:28
8.36525	-52.06445	0	35	2021-10-03T08:18:30
8.36623	-52.06427	0	35	2021-10-03T08:23:30
8.36731	-52.06396	0	35	2021-10-03T08:28:30
8.36843	-52.06354	0	35	2021-10-03T08:33:56
8.36928	-52.06323	0	35	2021-10-03T08:38:33
8.37017	-52.06287	0	35	2021-10-03T08:43:33
8.37105	-52.06250	0	35	2021-10-03T08:48:31
8.37193	-52.06210	0	35	2021-10-03T08:53:32
8.37280	-52.06174	0	35	2021-10-03T08:58:30
8.37373	-52.06134	0	35	2021-10-03T09:03:33
8.37467	-52.06091	0	35	2021-10-03T09:08:31
8.37560	-52.06061	0	35	2021-10-03T09:13:32
8.37655	-52.06042	0	35	2021-10-03T09:18:32
8.37750	-52.06018	0	35	2021-10-03T09:23:33
8.37850	-52.05978	0	35	2021-10-03T09:28:35
8.37953	-52.05948	0	35	2021-10-03T09:33:58
8.38043	-52.05914	0	35	2021-10-03T09:38:32
8.38148	-52.05863	0	35	2021-10-03T09:43:33
8.38255	-52.05820	0	35	2021-10-03T09:48:33
8.38364	-52.05774	0	35	2021-10-03T09:53:34
8.38470	-52.05727	0	35	2021-10-03T09:58:35
8.38573	-52.05676	0	35	2021-10-03T10:03:35
8.38669	-52.05624	0	35	2021-10-03T10:08:36
8.38754	-52.05566	0	35	2021-10-03T10:13:34
8.38855	-52.05498	0	35	2021-10-03T10:18:34
8.38954	-52.05447	0	35	2021-10-03T10:23:34
8.39048	-52.05396	0	35	2021-10-03T10:28:33
8.39143	-52.05334	0	35	2021-10-03T10:33:59
8.39226	-52.05283	0	35	2021-10-03T10:38:34
8.39312	-52.05225	0	35	2021-10-03T10:43:31
8.39401	-52.05161	0	35	2021-10-03T10:48:29
8.39493	-52.05099	0	35	2021-10-03T10:53:29
8.39586	-52.05024	0	35	2021-10-03T10:58:30
8.39671	-52.04971	0	35	2021-10-03T11:03:30
8.39762	-52.04913	0	35	2021-10-03T11:08:31
8.39850	-52.04855	0	35	2021-10-03T11:13:32
8.39936	-52.04797	0	35	2021-10-03T11:18:26
8.40030	-52.04736	0	35	2021-10-03T11:23:31
8.40123	-52.04678	0	35	2021-10-03T11:28:28
8.40229	-52.04598	0	35	2021-10-03T11:33:29
8.40311	-52.04547	0	35	2021-10-03T11:38:29
8.40401	-52.04478	0	35	2021-10-03T11:43:27
8.40492	-52.04425	0	35	2021-10-03T11:48:28
8.40574	-52.04358	0	35	2021-10-03T11:53:28
8.40658	-52.04290	0	35	2021-10-03T11:58:29
8.40734	-52.04221	0	35	2021-10-03T12:03:29
8.40820	-52.04147	0	35	2021-10-03T12:08:31
8.40893	-52.04071	0	35	2021-10-03T12:13:30
8.40973	-52.03995	0	35	2021-10-03T12:18:32
8.41039	-52.03915	0	35	2021-10-03T12:23:30
8.41095	-52.03833	0	35	2021-10-03T12:28:27
8.41164	-52.03749	0	35	2021-10-03T12:33:27
8.41215	-52.03680	0	35	2021-10-03T12:38:28
8.41278	-52.03601	0	35	2021-10-03T12:43:29
8.41337	-52.03529	0	35	2021-10-03T12:48:29
8.41384	-52.03452	0	35	2021-10-03T12:53:29
8.41422	-52.03372	0	35	2021-10-03T12:58:28
8.41477	-52.03281	0	35	2021-10-03T13:03:29
8.41525	-52.03190	0	35	2021-10-03T13:08:32
8.41580	-52.03110	0	35	2021-10-03T13:13:31
8.41628	-52.03018	0	35	2021-10-03T13:18:31
8.41677	-52.02927	0	35	2021-10-03T13:23:34
8.41732	-52.02831	0	35	2021-10-03T13:28:56
8.41792	-52.02737	0	35	2021-10-03T13:33:57
8.41846	-52.02661	0	35	2021-10-03T13:38:34
8.41899	-52.02579	0	35	2021-10-03T13:43:35
8.41963	-52.02495	0	35	2021-10-03T13:48:32
8.42023	-52.02426	0	35	2021-10-03T13:53:33
8.42080	-52.02356	0	35	2021-10-03T13:58:30
8.42137	-52.02274	0	35	2021-10-03T14:03:27
8.42195	-52.02194	0	35	2021-10-03T14:08:28
8.42249	-52.02115	0	35	2021-10-03T14:13:25
8.42305	-52.02036	0	35	2021-10-03T14:18:26
8.42365	-52.01951	0	35	2021-10-03T14:23:26
8.42437	-52.01874	0	35	2021-10-03T14:28:26
8.42497	-52.01807	0	35	2021-10-03T14:33:58
8.42557	-52.01730	0	35	2021-10-03T14:38:25
8.42622	-52.01651	0	35	2021-10-03T14:43:27
8.42747	-52.01501	0	35	2021-10-03T14:53:28
8.42819	-52.01415	0	35	2021-10-03T14:58:28
8.42892	-52.01321	0	35	2021-10-03T15:03:28
8.42976	-52.01236	0	35	2021-10-03T15:08:26
8.43065	-52.01163	0	35	2021-10-03T15:13:27
8.43150	-52.01080	0	35	2021-10-03T15:18:29
8.43237	-52.01007	0	35	2021-10-03T15:23:26
8.43324	-52.00925	0	35	2021-10-03T15:28:57
8.43415	-52.00848	0	35	2021-10-03T15:33:57
8.43496	-52.00762	0	35	2021-10-03T15:38:32
8.43582	-52.00693	0	35	2021-10-03T15:43:32
8.43668	-52.00620	0	35	2021-10-03T15:48:30
8.43758	-52.00540	0	35	2021-10-03T15:53:33
8.43845	-52.00470	0	35	2021-10-03T15:58:32
8.43932	-52.00397	0	35	2021-10-03T16:03:33
8.44023	-52.00336	0	35	2021-10-03T16:08:32
8.44107	-52.00259	0	35	2021-10-03T16:13:30
8.44201	-52.00189	0	35	2021-10-03T16:18:30
8.44289	-52.00116	0	35	2021-10-03T16:23:29
8.44379	-52.00037	0	35	2021-10-03T16:28:28
8.44480	-51.99954	0	35	2021-10-03T16:33:55
8.44567	-51.99884	0	35	2021-10-03T16:38:31
8.44665	-51.99802	0	35	2021-10-03T16:43:32
8.44759	-51.99725	0	35	2021-10-03T16:48:32
8.44856	-51.99649	0	35	2021-10-03T16:53:34
8.44955	-51.99582	0	35	2021-10-03T16:58:34
8.45055	-51.99509	0	35	2021-10-03T17:03:36
8.45158	-51.99438	0	35	2021-10-03T17:08:35
8.45257	-51.99362	0	35	2021-10-03T17:13:37
8.45360	-51.99290	0	35	2021-10-03T17:18:37
8.45463	-51.99213	0	35	2021-10-03T17:23:37
8.45570	-51.99139	0	35	2021-10-03T17:28:35
8.45689	-51.99063	0	35	2021-10-03T17:33:55
8.45790	-51.98996	0	35	2021-10-03T17:38:36
8.45900	-51.98920	0	35	2021-10-03T17:43:34
8.46011	-51.98843	0	35	2021-10-03T17:48:39
8.46123	-51.98770	0	35	2021-10-03T17:53:39
8.46233	-51.98687	0	35	2021-10-03T17:58:37
8.46346	-51.98618	0	35	2021-10-03T18:03:37
8.46456	-51.98543	0	35	2021-10-03T18:08:38
8.46559	-51.98474	0	35	2021-10-03T18:13:38
8.46664	-51.98401	0	35	2021-10-03T18:18:39
8.46768	-51.98322	0	35	2021-10-03T18:23:37
8.46871	-51.98248	0	35	2021-10-03T18:28:37
8.46987	-51.98163	0	35	2021-10-03T18:34:02
8.47086	-51.98090	0	35	2021-10-03T18:38:40
8.47185	-51.98010	0	35	2021-10-03T18:43:41
8.47399	-51.97844	0	35	2021-10-03T18:53:38
8.47505	-51.97758	0	35	2021-10-03T18:58:39
8.47608	-51.97681	0	35	2021-10-03T19:03:39
8.47715	-51.97607	0	35	2021-10-03T19:08:33
8.47823	-51.97525	0	35	2021-10-03T19:13:34
8.47932	-51.97443	0	35	2021-10-03T19:18:35
8.48039	-51.97360	0	35	2021-10-03T19:23:36
8.48150	-51.97271	0	35	2021-10-03T19:28:29
8.48253	-51.97185	0	35	2021-10-03T19:33:29
8.48339	-51.97116	0	35	2021-10-03T19:38:29
8.48442	-51.97031	0	35	2021-10-03T19:43:30
8.48548	-51.96945	0	35	2021-10-03T19:48:25
8.48647	-51.96868	0	35	2021-10-03T19:53:25
8.48746	-51.96799	0	35	2021-10-03T19:58:26
8.48851	-51.96716	0	35	2021-10-03T20:03:27
8.48950	-51.96640	0	35	2021-10-03T20:08:28
8.49046	-51.96567	0	35	2021-10-03T20:13:28
8.49140	-51.96490	0	35	2021-10-03T20:18:28
8.49234	-51.96411	0	35	2021-10-03T20:23:26
8.49330	-51.96332	0	35	2021-10-03T20:28:24
8.49441	-51.96237	0	35	2021-10-03T20:33:58
8.49531	-51.96164	0	35	2021-10-03T20:38:25
8.49639	-51.96072	0	35	2021-10-03T20:43:25
8.49737	-51.95984	0	35	2021-10-03T20:48:23
8.49823	-51.95892	0	35	2021-10-03T20:53:24
8.49921	-51.95801	0	35	2021-10-03T20:58:21
8.50019	-51.95709	0	35	2021-10-03T21:03:22
8.50111	-51.95609	0	35	2021-10-03T21:08:22
8.50207	-51.95514	0	35	2021-10-03T21:13:23
8.50305	-51.95401	0	35	2021-10-03T21:18:21
8.50395	-51.95313	0	35	2021-10-03T21:23:22
8.50488	-51.95184	0	35	2021-10-03T21:28:19
8.50600	-51.95053	0	35	2021-10-03T21:33:55
8.50670	-51.94962	0	35	2021-10-03T21:38:20
8.50756	-51.94843	0	35	2021-10-03T21:43:18
8.50847	-51.94730	0	35	2021-10-03T21:48:19
8.50944	-51.94608	0	35	2021-10-03T21:53:20
8.51028	-51.94513	0	35	2021-10-03T21:58:19
8.51118	-51.94406	0	35	2021-10-03T22:03:17
8.51214	-51.94302	0	35	2021-10-03T22:08:18
8.51314	-51.94199	0	35	2021-10-03T22:13:17
8.51416	-51.94080	0	35	2021-10-03T22:18:18
8.51509	-51.93963	0	35	2021-10-03T22:23:16
8.51591	-51.93869	0	35	2021-10-03T22:28:16
8.51684	-51.93741	0	35	2021-10-03T22:33:37
8.51758	-51.93652	0	35	2021-10-03T22:38:11
8.51840	-51.93536	0	35	2021-10-03T22:43:12
8.51925	-51.93423	0	35	2021-10-03T22:48:09
8.52013	-51.93304	0	35	2021-10-03T22:53:10
8.52105	-51.93185	0	35	2021-10-03T22:58:07
8.52195	-51.93073	0	35	2021-10-03T23:03:07
8.52270	-51.92944	0	35	2021-10-03T23:08:11
8.52342	-51.92819	0	35	2021-10-03T23:13:09
8.52411	-51.92688	0	35	2021-10-03T23:18:07
8.52485	-51.92555	0	35	2021-10-03T23:23:07
8.52553	-51.92426	0	35	2021-10-03T23:28:07
8.52627	-51.92273	0	35	2021-10-03T23:33:27
8.52682	-51.92145	0	35	2021-10-03T23:38:10
8.52753	-51.92004	0	35	2021-10-03T23:43:10
8.52816	-51.91864	0	35	2021-10-03T23:48:08
8.52872	-51.91730	0	35	2021-10-03T23:53:12
8.52929	-51.91602	0	35	2021-10-03T23:58:13
8.52999	-51.91453	0	35	2021-10-04T00:03:07
8.53055	-51.91333	0	35	2021-10-04T00:08:08
8.53111	-51.91208	0	35	2021-10-04T00:13:08
8.53167	-51.91074	0	35	2021-10-04T00:18:05
8.53219	-51.90942	0	35	2021-10-04T00:23:05
8.53262	-51.90805	0	35	2021-10-04T00:28:02
8.53317	-51.90652	0	35	2021-10-04T00:33:26
8.53369	-51.90513	0	35	2021-10-04T00:38:07
8.53420	-51.90384	0	35	2021-10-04T00:43:06
8.53476	-51.90247	0	35	2021-10-04T00:48:06
8.53527	-51.90102	0	35	2021-10-04T00:53:23
8.53578	-51.89948	0	35	2021-10-04T00:58:24
8.53633	-51.89801	0	35	2021-10-04T01:03:25
8.53687	-51.89667	0	35	2021-10-04T01:08:22
8.53743	-51.89532	0	35	2021-10-04T01:13:23
8.53795	-51.89410	0	35	2021-10-04T01:18:22
8.53842	-51.89276	0	35	2021-10-04T01:23:23
8.53885	-51.89142	0	35	2021-10-04T01:28:20
8.53923	-51.89008	0	35	2021-10-04T01:33:41
8.53961	-51.88879	0	35	2021-10-04T01:38:08
8.53998	-51.88742	0	35	2021-10-04T01:43:11
8.54085	-51.88454	0	35	2021-10-04T01:53:09
8.54116	-51.88312	0	35	2021-10-04T01:58:10
8.54158	-51.88162	0	35	2021-10-04T02:03:08
8.54195	-51.88016	0	35	2021-10-04T02:08:09
8.54228	-51.87869	0	35	2021-10-04T02:13:09
8.54263	-51.87717	0	35	2021-10-04T02:18:10
8.54290	-51.87573	0	35	2021-10-04T02:23:10
8.54322	-51.87426	0	35	2021-10-04T02:28:28
8.54351	-51.87280	0	35	2021-10-04T02:33:28
8.54378	-51.87146	0	35	2021-10-04T02:38:10
8.54429	-51.87024	0	35	2021-10-04T02:43:08
8.54466	-51.86887	0	35	2021-10-04T02:48:07
8.54496	-51.86738	0	35	2021-10-04T02:53:07
8.54527	-51.86592	0	35	2021-10-04T02:58:06
8.54557	-51.86438	0	35	2021-10-04T03:03:06
8.54594	-51.86295	0	35	2021-10-04T03:08:23
8.54623	-51.86148	0	35	2021-10-04T03:13:22
8.54650	-51.86005	0	35	2021-10-04T03:18:23
8.54681	-51.85858	0	35	2021-10-04T03:23:22
8.54696	-51.85715	0	35	2021-10-04T03:28:08
8.54712	-51.85559	0	35	2021-10-04T03:33:43
8.54716	-51.85428	0	35	2021-10-04T03:38:09
8.54734	-51.85291	0	35	2021-10-04T03:43:10
8.54740	-51.85159	0	35	2021-10-04T03:48:10
8.54749	-51.85019	0	35	2021-10-04T03:53:08
8.54765	-51.84882	0	35	2021-10-04T03:58:11
8.54772	-51.84739	0	35	2021-10-04T04:03:12
8.54772	-51.84610	0	35	2021-10-04T04:08:11
8.54777	-51.84479	0	35	2021-10-04T04:13:10
8.54785	-51.84341	0	35	2021-10-04T04:18:12
8.54792	-51.84204	0	35	2021-10-04T04:23:16
8.54801	-51.84061	0	35	2021-10-04T04:28:13
8.54800	-51.83902	0	35	2021-10-04T04:33:37
8.54800	-51.83774	0	35	2021-10-04T04:38:16
8.54801	-51.83620	0	35	2021-10-04T04:43:17
8.54805	-51.83490	0	35	2021-10-04T04:48:18
8.54805	-51.83337	0	35	2021-10-04T04:53:18
8.54805	-51.83194	0	35	2021-10-04T04:58:19
8.54814	-51.83047	0	35	2021-10-04T05:03:22
8.54817	-51.82910	0	35	2021-10-04T05:08:20
8.54826	-51.82770	0	35	2021-10-04T05:13:20
8.54834	-51.82629	0	35	2021-10-04T05:18:21
8.54845	-51.82489	0	35	2021-10-04T05:23:22
8.54845	-51.82352	0	35	2021-10-04T05:28:22
8.54838	-51.82202	0	35	2021-10-04T05:33:56
8.54846	-51.82086	0	35	2021-10-04T05:38:22
8.54853	-51.81952	0	35	2021-10-04T05:43:22
8.54855	-51.81818	0	35	2021-10-04T05:48:23
8.54856	-51.81677	0	35	2021-10-04T05:53:21
8.54862	-51.81540	0	35	2021-10-04T05:58:24
8.54866	-51.81406	0	35	2021-10-04T06:03:22
8.54875	-51.81271	0	35	2021-10-04T06:08:22
8.54879	-51.81131	0	35	2021-10-04T06:13:27
8.54876	-51.80997	0	35	2021-10-04T06:18:28
8.54881	-51.80859	0	35	2021-10-04T06:23:26
8.54885	-51.80719	0	35	2021-10-04T06:28:26
8.54895	-51.80566	0	35	2021-10-04T06:33:54
8.54902	-51.80441	0	35	2021-10-04T06:38:29
8.54913	-51.80304	0	35	2021-10-04T06:43:29
8.54923	-51.80167	0	35	2021-10-04T06:48:30
8.54932	-51.80030	0	35	2021-10-04T06:53:31
8.54946	-51.79901	0	35	2021-10-04T06:58:31
8.54946	-51.79764	0	35	2021-10-04T07:03:29
8.54950	-51.79630	0	35	2021-10-04T07:08:29
8.54962	-51.79489	0	35	2021-10-04T07:13:33
8.54965	-51.79352	0	35	2021-10-04T07:18:32
8.54970	-51.79214	0	35	2021-10-04T07:23:34
8.54979	-51.79074	0	35	2021-10-04T07:28:36
8.54984	-51.78931	0	35	2021-10-04T07:33:36
8.54984	-51.78802	0	35	2021-10-04T07:38:35
8.54984	-51.78665	0	35	2021-10-04T07:43:35
8.54984	-51.78525	0	35	2021-10-04T07:48:35
8.54978	-51.78387	0	35	2021-10-04T07:53:36
8.54969	-51.78250	0	35	2021-10-04T07:58:35
8.54959	-51.78113	0	35	2021-10-04T08:03:39
8.54955	-51.77972	0	35	2021-10-04T08:08:36
8.54951	-51.77835	0	35	2021-10-04T08:13:36
8.54950	-51.77686	0	35	2021-10-04T08:18:33
8.54948	-51.77545	0	35	2021-10-04T08:23:34
8.54942	-51.77405	0	35	2021-10-04T08:28:32
8.54950	-51.77252	0	35	2021-10-04T08:33:58
8.54960	-51.77118	0	35	2021-10-04T08:38:32
8.54973	-51.76972	0	35	2021-10-04T08:43:33
8.54982	-51.76843	0	35	2021-10-04T08:48:32
8.54987	-51.76706	0	35	2021-10-04T08:53:35
8.54989	-51.76569	0	35	2021-10-04T08:58:33
8.54996	-51.76431	0	35	2021-10-04T09:03:36
8.54998	-51.76297	0	35	2021-10-04T09:08:38
8.54998	-51.76160	0	35	2021-10-04T09:13:38
8.54997	-51.76025	0	35	2021-10-04T09:18:36
8.54996	-51.75888	0	35	2021-10-04T09:23:40
8.54998	-51.75742	0	35	2021-10-04T09:28:39
8.54991	-51.75620	0	35	2021-10-04T09:34:06
8.54984	-51.75497	0	35	2021-10-04T09:38:43
8.54984	-51.75357	0	35	2021-10-04T09:43:44
8.54981	-51.75214	0	35	2021-10-04T09:48:41
8.54972	-51.75070	0	35	2021-10-04T09:53:42
8.54962	-51.74933	0	35	2021-10-04T09:58:40
8.54941	-51.74789	0	35	2021-10-04T10:03:43
8.54932	-51.74643	0	35	2021-10-04T10:08:43
8.54917	-51.74506	0	35	2021-10-04T10:13:41
8.54898	-51.74368	0	35	2021-10-04T10:18:39
8.54878	-51.74219	0	35	2021-10-04T10:24:26
8.54859	-51.74097	0	35	2021-10-04T10:28:41
8.54827	-51.73944	0	35	2021-10-04T10:34:27
8.54820	-51.73813	0	35	2021-10-04T10:38:43
8.54810	-51.73660	0	35	2021-10-04T10:43:40
8.54820	-51.73523	0	35	2021-10-04T10:48:44
8.54833	-51.73386	0	35	2021-10-04T10:53:44
8.54859	-51.73235	0	35	2021-10-04T10:58:49
8.54871	-51.73098	0	35	2021-10-04T11:03:49
8.54889	-51.72961	0	35	2021-10-04T11:08:48
8.54895	-51.72818	0	35	2021-10-04T11:13:48
8.54899	-51.72678	0	35	2021-10-04T11:18:49
8.54902	-51.72525	0	35	2021-10-04T11:23:50
8.54902	-51.72388	0	35	2021-10-04T11:28:50
8.54903	-51.72226	0	35	2021-10-04T11:34:26
8.54899	-51.72107	0	35	2021-10-04T11:38:49
8.54904	-51.71967	0	35	2021-10-04T11:43:48
8.54912	-51.71826	0	35	2021-10-04T11:48:49
8.54909	-51.71689	0	35	2021-10-04T11:53:47
8.54899	-51.71542	0	35	2021-10-04T11:58:48
8.54903	-51.71396	0	35	2021-10-04T12:03:49
8.54893	-51.71246	0	35	2021-10-04T12:08:51
8.54881	-51.71106	0	35	2021-10-04T12:13:47
8.54876	-51.70956	0	35	2021-10-04T12:18:48
8.54867	-51.70816	0	35	2021-10-04T12:23:47
8.54857	-51.70670	0	35	2021-10-04T12:28:49
8.54856	-51.70520	0	35	2021-10-04T12:34:26
8.54861	-51.70393	0	35	2021-10-04T12:38:50
8.54861	-51.70264	0	35	2021-10-04T12:43:49
8.54864	-51.70126	0	35	2021-10-04T12:48:49
8.54864	-51.69979	0	35	2021-10-04T12:53:50
8.54860	-51.69833	0	35	2021-10-04T12:58:51
8.54846	-51.69690	0	35	2021-10-04T13:03:48
8.54840	-51.69534	0	35	2021-10-04T13:08:51
8.54822	-51.69375	0	35	2021-10-04T13:13:49
8.54809	-51.69229	0	35	2021-10-04T13:18:49
8.54792	-51.69092	0	35	2021-10-04T13:23:48
8.54779	-51.68939	0	35	2021-10-04T13:28:53
8.54754	-51.68781	0	35	2021-10-04T13:33:48
8.54742	-51.68661	0	35	2021-10-04T13:38:47
8.54723	-51.68527	0	35	2021-10-04T13:43:50
8.54704	-51.68396	0	35	2021-10-04T13:48:52
8.54684	-51.68259	0	35	2021-10-04T13:53:49
8.54672	-51.68146	0	35	2021-10-04T13:58:52
8.54659	-51.68027	0	35	2021-10-04T14:03:50
8.54641	-51.67896	0	35	2021-10-04T14:08:51
8.54627	-51.67776	0	35	2021-10-04T14:13:49
8.54609	-51.67648	0	35	2021-10-04T14:18:52
8.54604	-51.67525	0	35	2021-10-04T14:24:28
8.54590	-51.67405	0	35	2021-10-04T14:29:28
8.54570	-51.67285	0	35	2021-10-04T14:34:27
8.54555	-51.67178	0	35	2021-10-04T14:38:56
8.54528	-51.67059	0	35	2021-10-04T14:43:53
8.54510	-51.66928	0	35	2021-10-04T14:48:54
8.54482	-51.66796	0	35	2021-10-04T14:53:59
8.54466	-51.66684	0	35	2021-10-04T14:59:00
8.54440	-51.66553	0	35	2021-10-04T15:03:57
8.54423	-51.66434	0	35	2021-10-04T15:09:05
8.54402	-51.66306	0	35	2021-10-04T15:14:10
8.54379	-51.66183	0	35	2021-10-04T15:19:11
8.54362	-51.66089	0	35	2021-10-04T15:24:10
8.54327	-51.65968	0	35	2021-10-04T15:29:28
8.54311	-51.65891	0	35	2021-10-04T15:34:29
8.54277	-51.65805	0	35	2021-10-04T15:39:00
8.54257	-51.65704	0	35	2021-10-04T15:44:00
8.54249	-51.65591	0	35	2021-10-04T15:48:57
8.54246	-51.65479	0	35	2021-10-04T15:54:00
8.54231	-51.65363	0	35	2021-10-04T15:58:58
8.54209	-51.65249	0	35	2021-10-04T16:03:59
8.54200	-51.65146	0	35	2021-10-04T16:08:59
8.54185	-51.65030	0	35	2021-10-04T16:14:00
8.54172	-51.64914	0	35	2021-10-04T16:18:58
8.54158	-51.64804	0	35	2021-10-04T16:23:59
8.54148	-51.64694	0	35	2021-10-04T16:28:57
8.54134	-51.64566	0	35	2021-10-04T16:34:35
8.54116	-51.64462	0	35	2021-10-04T16:39:01
8.54097	-51.64340	0	35	2021-10-04T16:44:01
8.54080	-51.64224	0	35	2021-10-04T16:48:59
8.54062	-51.64108	0	35	2021-10-04T16:54:00
8.54044	-51.63989	0	35	2021-10-04T16:58:57
8.54027	-51.63889	0	35	2021-10-04T17:03:57
8.54012	-51.63763	0	35	2021-10-04T17:08:56
8.53994	-51.63651	0	35	2021-10-04T17:13:56
8.53982	-51.63541	0	35	2021-10-04T17:18:57
8.53963	-51.63425	0	35	2021-10-04T17:23:57
8.53942	-51.63297	0	35	2021-10-04T17:28:58
8.53933	-51.63168	0	35	2021-10-04T17:33:58
8.53923	-51.63065	0	35	2021-10-04T17:38:57
8.53902	-51.62710	0	35	2021-10-04T17:53:59
8.53898	-51.62607	0	35	2021-10-04T17:59:00
8.53907	-51.62521	0	35	2021-10-04T18:04:00
8.53912	-51.62421	0	35	2021-10-04T18:08:58
8.53917	-51.62317	0	35	2021-10-04T18:13:58
8.53922	-51.62209	0	35	2021-10-04T18:18:55
8.53926	-51.62106	0	35	2021-10-04T18:23:55
8.53926	-51.62000	0	35	2021-10-04T18:28:58
8.53933	-51.61877	0	35	2021-10-04T18:33:54
8.53933	-51.61783	0	35	2021-10-04T18:38:54
8.53938	-51.61673	0	35	2021-10-04T18:43:53
8.53938	-51.61569	0	35	2021-10-04T18:48:52
8.53952	-51.61458	0	35	2021-10-04T18:53:46
8.53965	-51.61355	0	35	2021-10-04T18:58:46
8.53985	-51.61252	0	35	2021-10-04T19:03:45
8.54008	-51.61145	0	35	2021-10-04T19:08:47
8.54033	-51.61041	0	35	2021-10-04T19:13:45
8.54055	-51.60934	0	35	2021-10-04T19:18:46
8.54083	-51.60831	0	35	2021-10-04T19:23:47
8.54106	-51.60724	0	35	2021-10-04T19:28:44
8.54139	-51.60579	0	35	2021-10-04T19:33:46
8.54160	-51.60485	0	35	2021-10-04T19:38:46
8.54181	-51.60373	0	35	2021-10-04T19:43:47
8.54205	-51.60254	0	35	2021-10-04T19:48:44
8.54237	-51.60138	0	35	2021-10-04T19:53:45
8.54268	-51.60016	0	35	2021-10-04T19:58:48
8.54299	-51.59894	0	35	2021-10-04T20:03:43
8.54327	-51.59769	0	35	2021-10-04T20:08:40
8.54363	-51.59641	0	35	2021-10-04T20:13:41
8.54397	-51.59512	0	35	2021-10-04T20:18:44
8.54440	-51.59393	0	35	2021-10-04T20:23:41
8.54482	-51.59262	0	35	2021-10-04T20:28:42
8.54532	-51.59134	0	35	2021-10-04T20:33:55
8.54571	-51.59018	0	35	2021-10-04T20:38:41
8.54618	-51.58888	0	35	2021-10-04T20:43:38
8.54665	-51.58768	0	35	2021-10-04T20:48:39
8.54710	-51.58649	0	35	2021-10-04T20:53:42
8.54753	-51.58524	0	35	2021-10-04T20:58:40
8.54796	-51.58398	0	35	2021-10-04T21:03:40
8.54848	-51.58279	0	35	2021-10-04T21:08:42
8.54897	-51.58163	0	35	2021-10-04T21:13:39
8.54951	-51.58032	0	35	2021-10-04T21:18:41
8.54996	-51.57907	0	35	2021-10-04T21:23:40
8.55034	-51.57766	0	35	2021-10-04T21:29:08
8.55090	-51.57629	0	35	2021-10-04T21:34:08
8.55129	-51.57520	0	35	2021-10-04T21:38:42
8.55172	-51.57374	0	35	2021-10-04T21:43:47
8.55207	-51.57228	0	35	2021-10-04T21:48:46
8.55246	-51.57074	0	35	2021-10-04T21:53:46
8.55274	-51.56931	0	35	2021-10-04T21:58:44
8.55305	-51.56787	0	35	2021-10-04T22:03:41
8.55326	-51.56650	0	35	2021-10-04T22:08:40
8.55359	-51.56509	0	35	2021-10-04T22:13:41
8.55385	-51.56375	0	35	2021-10-04T22:18:42
8.55413	-51.56231	0	35	2021-10-04T22:23:56
8.55443	-51.56085	0	35	2021-10-04T22:28:56
8.55469	-51.55939	0	35	2021-10-04T22:33:57
8.55491	-51.55807	0	35	2021-10-04T22:38:38
8.55514	-51.55655	0	35	2021-10-04T22:43:36
8.55537	-51.55511	0	35	2021-10-04T22:48:39
8.55555	-51.55362	0	35	2021-10-04T22:53:37
8.55579	-51.55209	0	35	2021-10-04T22:58:39
8.55602	-51.55041	0	35	2021-10-04T23:03:39
8.55606	-51.54887	0	35	2021-10-04T23:08:39
8.55606	-51.54733	0	35	2021-10-04T23:13:40
8.55606	-51.54572	0	35	2021-10-04T23:18:41
8.55612	-51.54413	0	35	2021-10-04T23:23:41
8.55616	-51.54254	0	35	2021-10-04T23:28:43
8.55616	-51.54080	0	35	2021-10-04T23:34:08
8.55616	-51.53946	0	35	2021-10-04T23:38:43
8.55615	-51.53796	0	35	2021-10-04T23:43:39
8.55613	-51.53644	0	35	2021-10-04T23:48:41
8.55605	-51.53488	0	35	2021-10-04T23:53:42
8.55598	-51.53336	0	35	2021-10-04T23:58:39
8.55596	-51.53168	0	35	2021-10-05T00:03:40
8.55589	-51.53015	0	35	2021-10-05T00:08:38
8.55575	-51.52859	0	35	2021-10-05T00:13:39
8.55560	-51.52701	0	35	2021-10-05T00:18:36
8.55538	-51.52533	0	35	2021-10-05T00:23:37
8.55516	-51.52368	0	35	2021-10-05T00:28:35
8.55489	-51.52180	0	35	2021-10-05T00:33:35
8.55480	-51.52051	0	35	2021-10-05T00:38:35
8.55467	-51.51889	0	35	2021-10-05T00:43:36
8.55453	-51.51736	0	35	2021-10-05T00:48:33
8.55443	-51.51569	0	35	2021-10-05T00:53:34
8.55425	-51.51410	0	35	2021-10-05T00:58:35
8.55418	-51.51248	0	35	2021-10-05T01:03:32
8.55396	-51.51065	0	35	2021-10-05T01:08:44
8.55380	-51.50925	0	35	2021-10-05T01:13:33
8.55350	-51.50751	0	35	2021-10-05T01:18:35
8.55317	-51.50563	0	35	2021-10-05T01:23:32
8.55301	-51.50400	0	35	2021-10-05T01:28:32
8.55242	-51.50208	0	35	2021-10-05T01:34:27
8.55202	-51.50061	0	35	2021-10-05T01:38:31
8.55155	-51.49881	0	35	2021-10-05T01:43:31
8.55104	-51.49698	0	35	2021-10-05T01:48:32
8.55056	-51.49515	0	35	2021-10-05T01:53:28
8.55012	-51.49326	0	35	2021-10-05T01:58:33
8.54963	-51.49145	0	35	2021-10-05T02:03:32
8.54916	-51.48956	0	35	2021-10-05T02:08:32
8.54866	-51.48773	0	35	2021-10-05T02:13:32
8.54815	-51.48587	0	35	2021-10-05T02:18:33
8.54754	-51.48404	0	35	2021-10-05T02:23:34
8.54707	-51.48224	0	35	2021-10-05T02:28:34
8.54656	-51.48031	0	35	2021-10-05T02:33:35
8.54618	-51.47894	0	35	2021-10-05T02:38:34
8.54566	-51.47729	0	35	2021-10-05T02:43:34
8.54505	-51.47547	0	35	2021-10-05T02:48:36
8.54449	-51.47375	0	35	2021-10-05T02:53:36
8.54391	-51.47198	0	35	2021-10-05T02:58:37
8.54334	-51.47018	0	35	2021-10-05T03:03:34
8.54265	-51.46838	0	35	2021-10-05T03:08:35
8.54195	-51.46658	0	35	2021-10-05T03:13:35
8.54125	-51.46475	0	35	2021-10-05T03:18:36
8.54054	-51.46295	0	35	2021-10-05T03:23:37
8.53977	-51.46109	0	35	2021-10-05T03:28:37
8.53889	-51.45914	0	35	2021-10-05T03:33:57
8.53814	-51.45740	0	35	2021-10-05T03:38:36
8.53730	-51.45557	0	35	2021-10-05T03:43:41
8.53647	-51.45370	0	35	2021-10-05T03:48:37
8.53561	-51.45190	0	35	2021-10-05T03:53:35
8.53473	-51.45004	0	35	2021-10-05T03:58:38
8.53382	-51.44812	0	35	2021-10-05T04:03:36
8.53288	-51.44616	0	35	2021-10-05T04:08:40
8.53199	-51.44449	0	35	2021-10-05T04:13:38
8.53107	-51.44272	0	35	2021-10-05T04:18:39
8.53020	-51.44107	0	35	2021-10-05T04:23:38
8.52924	-51.43933	0	35	2021-10-05T04:28:39
8.52826	-51.43756	0	35	2021-10-05T04:33:55
8.52738	-51.43591	0	35	2021-10-05T04:38:38
8.52542	-51.43252	0	35	2021-10-05T04:48:36
8.52439	-51.43079	0	35	2021-10-05T04:53:37
8.52332	-51.42908	0	35	2021-10-05T04:58:37
8.52218	-51.42728	0	35	2021-10-05T05:03:38
8.52107	-51.42554	0	35	2021-10-05T05:08:36
8.51986	-51.42374	0	35	2021-10-05T05:13:36
8.51866	-51.42191	0	35	2021-10-05T05:18:37
8.51746	-51.42017	0	35	2021-10-05T05:23:35
8.51622	-51.41843	0	35	2021-10-05T05:28:38
8.51492	-51.41660	0	35	2021-10-05T05:33:58
8.51374	-51.41498	0	35	2021-10-05T05:38:38
8.51248	-51.41336	0	35	2021-10-05T05:43:38
8.51130	-51.41171	0	35	2021-10-05T05:48:39
8.50999	-51.40997	0	35	2021-10-05T05:53:39
8.50874	-51.40834	0	35	2021-10-05T05:58:39
8.50742	-51.40671	0	35	2021-10-05T06:03:38
8.50605	-51.40506	0	35	2021-10-05T06:08:39
8.50473	-51.40341	0	35	2021-10-05T06:13:39
8.50334	-51.40173	0	35	2021-10-05T06:18:40
8.50206	-51.40012	0	35	2021-10-05T06:23:41
8.50088	-51.39850	0	35	2021-10-05T06:28:41
8.49979	-51.39682	0	35	2021-10-05T06:33:54
8.49865	-51.39540	0	35	2021-10-05T06:38:36
8.49752	-51.39386	0	35	2021-10-05T06:43:37
8.49632	-51.39236	0	35	2021-10-05T06:48:37
8.49503	-51.39087	0	35	2021-10-05T06:53:34
8.49370	-51.38940	0	35	2021-10-05T06:58:31
8.49236	-51.38794	0	35	2021-10-05T07:03:31
8.49104	-51.38657	0	35	2021-10-05T07:08:30
8.48966	-51.38510	0	35	2021-10-05T07:13:31
8.48832	-51.38367	0	35	2021-10-05T07:18:30
8.48699	-51.38226	0	35	2021-10-05T07:23:29
8.48559	-51.38077	0	35	2021-10-05T07:28:28
8.48418	-51.37918	0	35	2021-10-05T07:33:56
8.48300	-51.37783	0	35	2021-10-05T07:38:27
8.48171	-51.37637	0	35	2021-10-05T07:43:27
8.48042	-51.37500	0	35	2021-10-05T07:48:27
8.47901	-51.37360	0	35	2021-10-05T07:53:29
8.47770	-51.37217	0	35	2021-10-05T07:58:29
8.47645	-51.37088	0	35	2021-10-05T08:03:28
8.47522	-51.36954	0	35	2021-10-05T08:08:28
8.47396	-51.36816	0	35	2021-10-05T08:13:25
8.47268	-51.36682	0	35	2021-10-05T08:18:26
8.47143	-51.36537	0	35	2021-10-05T08:23:56
8.47023	-51.36400	0	35	2021-10-05T08:28:55
8.46885	-51.36237	0	35	2021-10-05T08:33:56
8.46775	-51.36108	0	35	2021-10-05T08:38:22
8.46655	-51.35962	0	35	2021-10-05T08:43:22
8.46529	-51.35805	0	35	2021-10-05T08:48:23
8.46413	-51.35659	0	35	2021-10-05T08:53:23
8.46301	-51.35513	0	35	2021-10-05T08:58:22
8.46175	-51.35367	0	35	2021-10-05T09:03:22
8.46050	-51.35214	0	35	2021-10-05T09:08:23
8.45935	-51.35052	0	35	2021-10-05T09:13:22
8.45815	-51.34900	0	35	2021-10-05T09:18:24
8.45706	-51.34744	0	35	2021-10-05T09:23:22
8.45590	-51.34586	0	35	2021-10-05T09:28:57
8.45457	-51.34457	0	35	2021-10-05T09:33:57
8.45355	-51.34314	0	35	2021-10-05T09:38:25
8.45106	-51.34002	0	35	2021-10-05T09:48:28
8.44976	-51.33839	0	35	2021-10-05T09:53:27
8.44857	-51.33685	0	35	2021-10-05T09:58:28
8.44731	-51.33527	0	35	2021-10-05T10:03:29
8.44609	-51.33371	0	35	2021-10-05T10:08:28
8.44483	-51.33215	0	35	2021-10-05T10:13:26
8.44356	-51.33054	0	35	2021-10-05T10:18:27
8.44253	-51.32913	0	35	2021-10-05T10:23:27
8.44133	-51.32766	0	35	2021-10-05T10:28:29
8.44017	-51.32612	0	35	2021-10-05T10:33:30
8.43923	-51.32492	0	35	2021-10-05T10:38:30
8.43817	-51.32355	0	35	2021-10-05T10:43:28
8.43703	-51.32217	0	35	2021-10-05T10:48:27
8.43587	-51.32080	0	35	2021-10-05T10:53:26
8.43473	-51.31940	0	35	2021-10-05T10:58:23
8.43356	-51.31802	0	35	2021-10-05T11:03:23
8.43239	-51.31665	0	35	2021-10-05T11:08:24
8.43127	-51.31525	0	35	2021-10-05T11:13:21
8.43014	-51.31378	0	35	2021-10-05T11:18:22
8.42902	-51.31238	0	35	2021-10-05T11:23:19
8.42783	-51.31080	0	35	2021-10-05T11:28:39
8.42662	-51.30917	0	35	2021-10-05T11:33:39
8.42568	-51.30774	0	35	2021-10-05T11:38:16
8.42456	-51.30618	0	35	2021-10-05T11:43:14
8.42350	-51.30453	0	35	2021-10-05T11:48:16
8.42237	-51.30301	0	35	2021-10-05T11:53:16
8.42125	-51.30157	0	35	2021-10-05T11:58:16
8.42003	-51.29994	0	35	2021-10-05T12:03:15
8.41887	-51.29840	0	35	2021-10-05T12:08:16
8.41771	-51.29694	0	35	2021-10-05T12:13:16
8.41651	-51.29538	0	35	2021-10-05T12:18:21
8.41536	-51.29388	0	35	2021-10-05T12:23:20
8.41424	-51.29242	0	35	2021-10-05T12:28:19
8.41297	-51.29074	0	35	2021-10-05T12:33:55
8.41189	-51.28936	0	35	2021-10-05T12:38:27
8.41074	-51.28799	0	35	2021-10-05T12:43:26
8.40958	-51.28653	0	35	2021-10-05T12:48:26
8.40837	-51.28503	0	35	2021-10-05T12:53:27
8.40714	-51.28348	0	35	2021-10-05T12:58:26
8.40588	-51.28194	0	35	2021-10-05T13:03:28
8.40465	-51.28040	0	35	2021-10-05T13:08:28
8.40335	-51.27872	0	35	2021-10-05T13:13:30
8.40207	-51.27713	0	35	2021-10-05T13:18:28
8.40075	-51.27537	0	35	2021-10-05T13:23:29
8.39945	-51.27383	0	35	2021-10-05T13:28:29
8.39800	-51.27219	0	35	2021-10-05T13:33:56
8.39678	-51.27072	0	35	2021-10-05T13:38:30
8.39551	-51.26913	0	35	2021-10-05T13:43:31
8.39425	-51.26749	0	35	2021-10-05T13:48:29
8.39292	-51.26590	0	35	2021-10-05T13:53:29
8.39157	-51.26450	0	35	2021-10-05T13:58:27
8.39025	-51.26303	0	35	2021-10-05T14:03:28
8.38884	-51.26160	0	35	2021-10-05T14:08:28
8.38748	-51.26022	0	35	2021-10-05T14:13:26
8.38618	-51.25882	0	35	2021-10-05T14:18:26
8.38482	-51.25742	0	35	2021-10-05T14:23:56
8.38345	-51.25613	0	35	2021-10-05T14:28:26
8.38174	-51.25476	0	35	2021-10-05T14:33:56
8.38040	-51.25357	0	35	2021-10-05T14:38:22
8.37914	-51.25217	0	35	2021-10-05T14:43:21
8.37778	-51.25079	0	35	2021-10-05T14:48:22
8.37653	-51.24945	0	35	2021-10-05T14:53:19
8.37515	-51.24811	0	35	2021-10-05T14:58:33
8.37363	-51.24677	0	35	2021-10-05T15:03:17
8.37201	-51.24564	0	35	2021-10-05T15:08:16
8.37043	-51.24438	0	35	2021-10-05T15:13:16
8.36880	-51.24316	0	35	2021-10-05T15:18:16
8.36736	-51.24200	0	35	2021-10-05T15:23:14
8.36593	-51.24091	0	35	2021-10-05T15:28:15
8.36416	-51.23992	0	35	2021-10-05T15:33:16
8.36283	-51.23880	0	35	2021-10-05T15:38:16
8.36124	-51.23767	0	35	2021-10-05T15:43:13
8.35966	-51.23657	0	35	2021-10-05T15:48:15
8.35812	-51.23544	0	35	2021-10-05T15:53:12
8.35652	-51.23434	0	35	2021-10-05T15:58:15
8.35478	-51.23325	0	35	2021-10-05T16:03:16
8.35317	-51.23218	0	35	2021-10-05T16:08:28
8.35150	-51.23113	0	35	2021-10-05T16:13:27
8.34995	-51.23010	0	35	2021-10-05T16:18:27
8.34849	-51.22900	0	35	2021-10-05T16:23:27
8.34706	-51.22800	0	35	2021-10-05T16:28:29
8.34554	-51.22677	0	35	2021-10-05T16:33:17
8.34413	-51.22583	0	35	2021-10-05T16:38:16
8.34252	-51.22479	0	35	2021-10-05T16:43:19
8.34079	-51.22365	0	35	2021-10-05T16:48:17
8.33916	-51.22262	0	35	2021-10-05T16:53:17
8.33749	-51.22168	0	35	2021-10-05T16:58:17
8.33578	-51.22067	0	35	2021-10-05T17:03:14
8.33408	-51.21967	0	35	2021-10-05T17:08:12
8.33231	-51.21869	0	35	2021-10-05T17:13:13
8.33059	-51.21780	0	35	2021-10-05T17:18:14
8.32876	-51.21686	0	35	2021-10-05T17:23:12
8.32696	-51.21603	0	35	2021-10-05T17:28:11
8.32494	-51.21497	0	35	2021-10-05T17:33:39
8.32321	-51.21417	0	35	2021-10-05T17:38:14
8.32141	-51.21326	0	35	2021-10-05T17:43:12
8.31963	-51.21235	0	35	2021-10-05T17:48:12
8.31783	-51.21158	0	35	2021-10-05T17:53:12
8.31595	-51.21075	0	35	2021-10-05T17:58:13
8.31433	-51.20993	0	35	2021-10-05T18:03:13
8.31256	-51.20901	0	35	2021-10-05T18:08:14
8.31077	-51.20810	0	35	2021-10-05T18:13:12
8.30901	-51.20728	0	35	2021-10-05T18:18:13
8.30713	-51.20630	0	35	2021-10-05T18:23:26
8.30528	-51.20544	0	35	2021-10-05T18:28:26
8.30339	-51.20450	0	35	2021-10-05T18:33:27
8.30167	-51.20374	0	35	2021-10-05T18:38:09
8.29988	-51.20288	0	35	2021-10-05T18:43:08
8.29803	-51.20197	0	35	2021-10-05T18:48:07
8.29621	-51.20102	0	35	2021-10-05T18:53:04
8.29237	-51.19908	0	35	2021-10-05T19:03:05
8.29044	-51.19812	0	35	2021-10-05T19:08:05
8.28851	-51.19720	0	35	2021-10-05T19:13:06
8.28656	-51.19620	0	35	2021-10-05T19:18:04
8.28456	-51.19525	0	35	2021-10-05T19:23:04
8.28260	-51.19431	0	35	2021-10-05T19:28:03
8.28045	-51.19324	0	35	2021-10-05T19:33:03
8.27868	-51.19238	0	35	2021-10-05T19:38:04
8.27674	-51.19146	0	35	2021-10-05T19:43:01
8.27477	-51.19052	0	35	2021-10-05T19:48:02
8.27272	-51.18954	0	35	2021-10-05T19:53:02
8.27069	-51.18866	0	35	2021-10-05T19:58:00
8.26861	-51.18777	0	35	2021-10-05T20:03:01
8.26652	-51.18681	0	35	2021-10-05T20:07:58
8.26453	-51.18607	0	35	2021-10-05T20:13:01
8.26254	-51.18518	0	35	2021-10-05T20:17:59
8.26050	-51.18436	0	35	2021-10-05T20:22:56
8.25841	-51.18356	0	35	2021-10-05T20:27:57
8.25624	-51.18259	0	35	2021-10-05T20:33:28
8.25449	-51.18182	0	35	2021-10-05T20:37:58
8.25245	-51.18100	0	35	2021-10-05T20:43:00
8.25029	-51.18033	0	35	2021-10-05T20:48:00
8.24839	-51.17943	0	35	2021-10-05T20:53:01
8.24620	-51.17883	0	35	2021-10-05T20:58:01
8.24426	-51.17804	0	35	2021-10-05T21:03:03
8.24224	-51.17734	0	35	2021-10-05T21:08:03
8.24024	-51.17661	0	35	2021-10-05T21:13:04
8.23806	-51.17599	0	35	2021-10-05T21:18:02
8.23611	-51.17523	0	35	2021-10-05T21:23:05
8.23409	-51.17456	0	35	2021-10-05T21:28:04
8.23194	-51.17386	0	35	2021-10-05T21:33:27
8.23007	-51.17328	0	35	2021-10-05T21:38:05
8.22802	-51.17261	0	35	2021-10-05T21:43:06
8.22408	-51.17120	0	35	2021-10-05T21:53:08
8.22217	-51.17078	0	35	2021-10-05T21:58:07
8.22021	-51.17017	0	35	2021-10-05T22:03:08
8.21829	-51.16959	0	35	2021-10-05T22:08:10
8.21646	-51.16881	0	35	2021-10-05T22:13:06
8.21462	-51.16821	0	35	2021-10-05T22:18:05
8.21083	-51.16697	0	35	2021-10-05T22:28:05
8.20886	-51.16656	0	35	2021-10-05T22:33:28
8.20722	-51.16611	0	35	2021-10-05T22:38:04
8.20543	-51.16544	0	35	2021-10-05T22:43:05
8.20360	-51.16476	0	35	2021-10-05T22:48:04
8.20180	-51.16408	0	35	2021-10-05T22:53:05
8.19999	-51.16348	0	35	2021-10-05T22:58:04
8.19825	-51.16287	0	35	2021-10-05T23:03:07
8.19664	-51.16229	0	35	2021-10-05T23:08:05
8.19492	-51.16171	0	35	2021-10-05T23:13:06
8.19321	-51.16112	0	35	2021-10-05T23:18:07
8.19149	-51.16052	0	35	2021-10-05T23:23:08
8.18974	-51.15994	0	35	2021-10-05T23:28:09
8.18774	-51.15924	0	35	2021-10-05T23:33:27
8.18610	-51.15875	0	35	2021-10-05T23:38:10
8.18441	-51.15824	0	35	2021-10-05T23:43:08
8.18268	-51.15781	0	35	2021-10-05T23:48:08
8.18091	-51.15741	0	35	2021-10-05T23:53:09
8.17916	-51.15701	0	35	2021-10-05T23:58:08
8.17731	-51.15650	0	35	2021-10-06T00:03:09
8.17545	-51.15607	0	35	2021-10-06T00:08:08
8.17364	-51.15567	0	35	2021-10-06T00:13:09
8.17186	-51.15524	0	35	2021-10-06T00:18:08
8.17014	-51.15482	0	35	2021-10-06T00:23:06
8.16832	-51.15442	0	35	2021-10-06T00:28:08
8.16635	-51.15390	0	35	2021-10-06T00:33:24
8.16461	-51.15347	0	35	2021-10-06T00:38:05
8.16278	-51.15295	0	35	2021-10-06T00:43:06
8.16102	-51.15244	0	35	2021-10-06T00:48:06
8.15926	-51.15195	0	35	2021-10-06T00:53:08
8.15759	-51.15155	0	35	2021-10-06T00:58:07
8.15592	-51.15112	0	35	2021-10-06T01:03:09
8.15419	-51.15070	0	35	2021-10-06T01:08:10
8.15246	-51.15024	0	35	2021-10-06T01:13:08
8.14887	-51.14921	0	35	2021-10-06T01:23:27
8.14697	-51.14874	0	35	2021-10-06T01:28:09
8.14500	-51.14819	0	35	2021-10-06T01:33:26
8.14319	-51.14761	0	35	2021-10-06T01:38:08
8.14133	-51.14703	0	35	2021-10-06T01:43:08
8.13953	-51.14651	0	35	2021-10-06T01:48:05
8.13589	-51.14551	0	35	2021-10-06T01:58:07
8.13397	-51.14493	0	35	2021-10-06T02:03:03
8.13205	-51.14438	0	35	2021-10-06T02:08:05
8.13021	-51.14386	0	35	2021-10-06T02:13:03
8.12831	-51.14328	0	35	2021-10-06T02:18:05
8.12632	-51.14273	0	35	2021-10-06T02:23:26
8.12443	-51.14230	0	35	2021-10-06T02:28:26
8.12241	-51.14221	0	35	2021-10-06T02:33:25
8.12062	-51.14197	0	35	2021-10-06T02:38:02
8.11858	-51.14142	0	35	2021-10-06T02:42:59
8.11656	-51.14087	0	35	2021-10-06T02:48:00
8.11457	-51.14035	0	35	2021-10-06T02:53:01
8.11256	-51.13980	0	35	2021-10-06T02:58:14
8.11060	-51.13937	0	35	2021-10-06T03:03:11
8.10856	-51.13879	0	35	2021-10-06T03:08:12
8.10650	-51.13827	0	35	2021-10-06T03:13:12
8.10435	-51.13776	0	35	2021-10-06T03:18:12
8.10228	-51.13721	0	35	2021-10-06T03:23:10
8.10022	-51.13669	0	35	2021-10-06T03:28:10
8.09760	-51.13572	0	35	2021-10-06T03:32:57
8.09577	-51.13541	0	35	2021-10-06T03:37:56
8.09360	-51.13495	0	35	2021-10-06T03:42:58
8.09146	-51.13452	0	35	2021-10-06T03:47:55
8.08928	-51.13403	0	35	2021-10-06T03:52:56
8.08710	-51.13367	0	35	2021-10-06T03:57:57
8.08503	-51.13333	0	35	2021-10-06T04:02:58
8.08289	-51.13303	0	35	2021-10-06T04:07:57
8.08071	-51.13245	0	35	2021-10-06T04:12:55
8.07853	-51.13202	0	35	2021-10-06T04:17:56
8.07630	-51.13159	0	35	2021-10-06T04:22:56
8.07407	-51.13120	0	35	2021-10-06T04:27:58
8.07144	-51.13077	0	35	2021-10-06T04:33:26
8.06940	-51.13046	0	35	2021-10-06T04:37:59
8.06718	-51.13013	0	35	2021-10-06T04:42:57
8.06490	-51.12973	0	35	2021-10-06T04:47:58
8.06264	-51.12947	0	35	2021-10-06T04:52:58
8.06040	-51.12921	0	35	2021-10-06T04:57:59
8.05817	-51.12886	0	35	2021-10-06T05:03:00
8.05602	-51.12869	0	35	2021-10-06T05:08:00
8.05376	-51.12839	0	35	2021-10-06T05:12:57
8.05153	-51.12814	0	35	2021-10-06T05:17:59
8.04926	-51.12785	0	35	2021-10-06T05:22:57
8.04720	-51.12759	0	35	2021-10-06T05:27:57
8.04491	-51.12735	0	35	2021-10-06T05:33:25
8.04299	-51.12711	0	35	2021-10-06T05:37:57
8.04077	-51.12686	0	35	2021-10-06T05:42:58
8.03858	-51.12662	0	35	2021-10-06T05:47:56
8.03642	-51.12637	0	35	2021-10-06T05:52:53
8.03421	-51.12607	0	35	2021-10-06T05:57:54
8.03198	-51.12572	0	35	2021-10-06T06:02:55
8.02979	-51.12555	0	35	2021-10-06T06:07:55
8.02755	-51.12527	0	35	2021-10-06T06:12:52
8.02534	-51.12497	0	35	2021-10-06T06:17:54
8.02327	-51.12469	0	35	2021-10-06T06:22:54
8.02129	-51.12454	0	35	2021-10-06T06:27:52
8.01927	-51.12433	0	35	2021-10-06T06:33:24
8.01751	-51.12408	0	35	2021-10-06T06:37:57
8.01559	-51.12381	0	35	2021-10-06T06:42:55
8.01373	-51.12354	0	35	2021-10-06T06:47:55
8.01178	-51.12332	0	35	2021-10-06T06:53:00
8.00972	-51.12305	0	35	2021-10-06T06:58:00
8.00770	-51.12274	0	35	2021-10-06T07:03:00
8.00573	-51.12265	0	35	2021-10-06T07:07:59
8.00364	-51.12256	0	35	2021-10-06T07:12:59
8.00150	-51.12247	0	35	2021-10-06T07:18:01
7.99945	-51.12238	0	35	2021-10-06T07:23:04
7.99740	-51.12231	0	35	2021-10-06T07:28:02
7.99522	-51.12231	0	35	2021-10-06T07:33:22
7.99329	-51.12228	0	35	2021-10-06T07:38:04
7.99127	-51.12231	0	35	2021-10-06T07:43:03
7.98924	-51.12231	0	35	2021-10-06T07:48:02
7.98728	-51.12234	0	35	2021-10-06T07:53:06
7.98529	-51.12231	0	35	2021-10-06T07:58:06
7.98322	-51.12238	0	35	2021-10-06T08:03:05
7.98125	-51.12238	0	35	2021-10-06T08:08:05
7.97930	-51.12260	0	35	2021-10-06T08:13:09
7.97724	-51.12277	0	35	2021-10-06T08:18:09
7.97526	-51.12280	0	35	2021-10-06T08:23:07
7.97317	-51.12289	0	35	2021-10-06T08:28:08
7.97087	-51.12286	0	35	2021-10-06T08:33:25
7.96887	-51.12286	0	35	2021-10-06T08:38:02
7.96686	-51.12296	0	35	2021-10-06T08:43:03
7.96477	-51.12311	0	35	2021-10-06T08:48:01
7.96264	-51.12323	0	35	2021-10-06T08:53:02
7.96061	-51.12347	0	35	2021-10-06T08:58:02
7.95859	-51.12363	0	35	2021-10-06T09:02:59
7.95647	-51.12375	0	35	2021-10-06T09:08:02
7.95427	-51.12393	0	35	2021-10-06T09:13:01
7.95221	-51.12393	0	35	2021-10-06T09:18:02
7.95012	-51.12411	0	35	2021-10-06T09:23:03
7.94794	-51.12424	0	35	2021-10-06T09:28:06
7.94565	-51.12427	0	35	2021-10-06T09:33:08
7.94359	-51.12427	0	35	2021-10-06T09:38:09
7.94142	-51.12427	0	35	2021-10-06T09:43:08
7.93925	-51.12439	0	35	2021-10-06T09:48:14
7.93709	-51.12455	0	35	2021-10-06T09:53:15
7.93494	-51.12464	0	35	2021-10-06T09:58:16
7.93275	-51.12473	0	35	2021-10-06T10:03:16
7.93064	-51.12476	0	35	2021-10-06T10:08:16
7.92849	-51.12485	0	35	2021-10-06T10:13:19
7.92641	-51.12494	0	35	2021-10-06T10:18:20
7.92439	-51.12506	0	35	2021-10-06T10:23:20
7.92231	-51.12512	0	35	2021-10-06T10:28:24
7.91996	-51.12526	0	35	2021-10-06T10:33:21
7.91816	-51.12535	0	35	2021-10-06T10:38:20
7.91610	-51.12552	0	35	2021-10-06T10:43:20
7.91407	-51.12570	0	35	2021-10-06T10:48:20
7.91211	-51.12598	0	35	2021-10-06T10:53:18
7.91011	-51.12619	0	35	2021-10-06T10:58:19
7.90816	-51.12643	0	35	2021-10-06T11:03:18
7.90617	-51.12668	0	35	2021-10-06T11:08:20
7.90415	-51.12689	0	35	2021-10-06T11:13:21
7.90225	-51.12708	0	35	2021-10-06T11:18:21
7.90034	-51.12738	0	35	2021-10-06T11:23:19
7.89839	-51.12759	0	35	2021-10-06T11:28:22
7.89636	-51.12785	0	35	2021-10-06T11:33:21
7.89460	-51.12802	0	35	2021-10-06T11:38:22
7.89256	-51.12832	0	35	2021-10-06T11:43:18
7.89063	-51.12854	0	35	2021-10-06T11:48:19
7.88862	-51.12875	0	35	2021-10-06T11:53:17
7.88655	-51.12894	0	35	2021-10-06T11:58:17
7.88450	-51.12909	0	35	2021-10-06T12:03:18
7.88251	-51.12938	0	35	2021-10-06T12:08:18
7.88045	-51.12955	0	35	2021-10-06T12:13:17
7.87838	-51.12976	0	35	2021-10-06T12:18:20
7.87631	-51.13006	0	35	2021-10-06T12:23:18
7.87438	-51.13040	0	35	2021-10-06T12:28:18
7.87210	-51.13071	0	35	2021-10-06T12:34:04
7.87036	-51.13107	0	35	2021-10-06T12:38:19
7.86835	-51.13151	0	35	2021-10-06T12:43:17
7.86629	-51.13177	0	35	2021-10-06T12:48:18
7.86423	-51.13211	0	35	2021-10-06T12:53:18
7.86217	-51.13248	0	35	2021-10-06T12:58:19
7.86013	-51.13287	0	35	2021-10-06T13:03:17
7.85804	-51.13324	0	35	2021-10-06T13:08:20
7.85602	-51.13358	0	35	2021-10-06T13:13:18
7.85397	-51.13394	0	35	2021-10-06T13:18:18
7.85184	-51.13430	0	35	2021-10-06T13:23:16
7.84974	-51.13464	0	35	2021-10-06T13:28:16
7.84736	-51.13495	0	35	2021-10-06T13:33:40
7.84538	-51.13528	0	35	2021-10-06T13:38:14
7.84317	-51.13562	0	35	2021-10-06T13:43:15
7.84098	-51.13599	0	35	2021-10-06T13:48:13
7.83882	-51.13651	0	35	2021-10-06T13:53:16
7.83667	-51.13712	0	35	2021-10-06T13:58:17
7.83456	-51.13766	0	35	2021-10-06T14:03:16
7.83244	-51.13843	0	35	2021-10-06T14:08:25
7.83033	-51.13873	0	35	2021-10-06T14:13:18
7.82818	-51.13928	0	35	2021-10-06T14:18:18
7.82381	-51.14041	0	35	2021-10-06T14:28:19
7.82121	-51.14117	0	35	2021-10-06T14:33:59
7.81937	-51.14166	0	35	2021-10-06T14:38:18
7.81732	-51.14240	0	35	2021-10-06T14:43:19
7.81537	-51.14301	0	35	2021-10-06T14:48:19
7.81334	-51.14355	0	35	2021-10-06T14:53:34
7.81117	-51.14407	0	35	2021-10-06T14:58:33
7.80871	-51.14478	0	35	2021-10-06T15:03:33
7.80649	-51.14551	0	35	2021-10-06T15:08:20
7.80426	-51.14618	0	35	2021-10-06T15:13:24
7.80216	-51.14698	0	35	2021-10-06T15:18:24
7.79997	-51.14767	0	35	2021-10-06T15:23:24
7.79784	-51.14838	0	35	2021-10-06T15:28:23
7.79534	-51.14925	0	35	2021-10-06T15:33:23
7.79354	-51.14985	0	35	2021-10-06T15:38:23
7.79144	-51.15036	0	35	2021-10-06T15:43:22
7.78924	-51.15100	0	35	2021-10-06T15:48:21
7.78699	-51.15169	0	35	2021-10-06T15:53:38
7.78480	-51.15229	0	35	2021-10-06T15:58:39
7.78235	-51.15289	0	35	2021-10-06T16:03:39
7.77770	-51.15518	0	35	2021-10-06T16:14:05
7.77371	-51.15744	0	35	2021-10-06T16:23:36
7.77148	-51.15845	0	35	2021-10-06T16:28:33
7.76921	-51.15925	0	35	2021-10-06T16:33:18
7.76922	-51.15924	0	35	2021-10-06T16:33:59
7.76736	-51.15994	0	35	2021-10-06T16:38:18
7.76519	-51.16070	0	35	2021-10-06T16:43:17
7.76296	-51.16147	0	35	2021-10-06T16:48:17
7.76085	-51.16220	0	35	2021-10-06T16:53:11
7.75872	-51.16293	0	35	2021-10-06T16:58:14
7.75435	-51.16443	0	35	2021-10-06T17:08:16
7.75226	-51.16513	0	35	2021-10-06T17:13:13
7.74835	-51.16684	0	35	2021-10-06T17:23:16
7.74459	-51.16879	0	35	2021-10-06T17:33:56
7.74310	-51.16959	0	35	2021-10-06T17:38:18
7.74136	-51.17038	0	35	2021-10-06T17:43:21
7.73968	-51.17117	0	35	2021-10-06T17:48:19
7.73799	-51.17197	0	35	2021-10-06T17:53:21
7.73630	-51.17273	0	35	2021-10-06T17:58:18
7.73461	-51.17344	0	35	2021-10-06T18:03:18
7.73463	-51.17340	0	35	2021-10-06T18:03:19
7.73298	-51.17413	0	35	2021-10-06T18:08:18
7.73130	-51.17484	0	35	2021-10-06T18:13:19
7.72964	-51.17557	0	35	2021-10-06T18:18:20
7.72780	-51.17639	0	35	2021-10-06T18:23:18
7.72595	-51.17724	0	35	2021-10-06T18:28:56
7.72348	-51.17798	0	35	2021-10-06T18:33:16
7.72380	-51.17810	0	35	2021-10-06T18:33:55
7.72217	-51.17877	0	35	2021-10-06T18:38:19
7.72035	-51.17944	0	35	2021-10-06T18:43:17
7.71852	-51.18008	0	35	2021-10-06T18:48:18
7.71670	-51.18073	0	35	2021-10-06T18:53:15
7.71498	-51.18137	0	35	2021-10-06T18:58:16
7.71326	-51.18201	0	35	2021-10-06T19:03:16
7.71000	-51.18335	0	35	2021-10-06T19:13:15
7.70843	-51.18411	0	35	2021-10-06T19:18:16
7.70683	-51.18491	0	35	2021-10-06T19:23:13
7.70530	-51.18564	0	35	2021-10-06T19:28:13
7.70356	-51.18643	0	35	2021-10-06T19:33:37
7.70212	-51.18707	0	35	2021-10-06T19:38:10
7.70055	-51.18787	0	35	2021-10-06T19:43:07
7.69892	-51.18866	0	35	2021-10-06T19:48:06
7.69731	-51.18954	0	35	2021-10-06T19:53:06
7.69577	-51.19055	0	35	2021-10-06T19:58:07
7.69418	-51.19150	0	35	2021-10-06T20:03:05
7.69262	-51.19229	0	35	2021-10-06T20:08:05
7.69105	-51.19310	0	35	2021-10-06T20:13:05
7.68946	-51.19379	0	35	2021-10-06T20:18:05
7.68792	-51.19449	0	35	2021-10-06T20:23:07
7.68636	-51.19519	0	35	2021-10-06T20:28:04
7.68480	-51.19604	0	35	2021-10-06T20:33:25
7.68341	-51.19687	0	35	2021-10-06T20:38:06
7.68190	-51.19772	0	35	2021-10-06T20:43:06
7.68048	-51.19858	0	35	2021-10-06T20:48:05
7.67910	-51.19949	0	35	2021-10-06T20:53:08
7.67632	-51.20132	0	35	2021-10-06T21:03:09
7.67496	-51.20218	0	35	2021-10-06T21:08:07
7.67238	-51.20404	0	35	2021-10-06T21:18:08
7.67118	-51.20496	0	35	2021-10-06T21:23:09
7.66998	-51.20599	0	35	2021-10-06T21:28:07
7.65984	-51.21402	0	35	2021-10-06T22:08:03
7.65861	-51.21497	0	35	2021-10-06T22:13:04
7.65487	-51.21823	0	35	2021-10-06T22:28:01
7.65346	-51.21948	0	35	2021-10-06T22:33:26
7.65095	-51.22168	0	35	2021-10-06T22:43:00
7.64817	-51.22388	0	35	2021-10-06T22:53:02
7.64539	-51.22601	0	35	2021-10-06T23:03:05
7.64258	-51.22823	0	35	2021-10-06T23:13:02
7.64263	-51.22815	0	35	2021-10-06T23:13:06
7.64121	-51.22926	0	35	2021-10-06T23:18:03
7.64123	-51.22922	0	35	2021-10-06T23:18:05
7.63979	-51.23029	0	35	2021-10-06T23:23:03
7.63834	-51.23135	0	35	2021-10-06T23:28:04
7.63678	-51.23245	0	35	2021-10-06T23:33:25
7.63532	-51.23338	0	35	2021-10-06T23:38:02
7.63542	-51.23340	0	35	2021-10-06T23:38:05
7.63395	-51.23441	0	35	2021-10-06T23:43:03
7.63246	-51.23541	0	35	2021-10-06T23:48:00
7.63091	-51.23648	0	35	2021-10-06T23:53:01
7.62935	-51.23752	0	35	2021-10-06T23:57:59
7.62777	-51.23862	0	35	2021-10-07T00:03:03
7.62315	-51.24182	0	35	2021-10-07T00:18:02
7.62166	-51.24289	0	35	2021-10-07T00:23:02
7.61841	-51.24524	0	35	2021-10-07T00:33:26
7.61697	-51.24625	0	35	2021-10-07T00:38:00
7.61544	-51.24734	0	35	2021-10-07T00:42:58
7.60746	-51.25269	0	35	2021-10-07T01:08:02
7.60584	-51.25381	0	35	2021-10-07T01:12:59
7.60116	-51.25711	0	35	2021-10-07T01:28:03
7.59960	-51.25833	0	35	2021-10-07T01:33:26
7.59816	-51.25946	0	35	2021-10-07T01:38:02
7.59813	-51.25957	0	35	2021-10-07T01:38:03
7.59663	-51.26069	0	35	2021-10-07T01:43:03
7.59663	-51.26062	0	35	2021-10-07T01:43:04
7.59513	-51.26181	0	35	2021-10-07T01:48:02
7.59363	-51.26297	0	35	2021-10-07T01:53:05
7.59214	-51.26416	0	35	2021-10-07T01:58:06
7.59072	-51.26535	0	35	2021-10-07T02:03:04
7.58925	-51.26645	0	35	2021-10-07T02:08:04
7.58737	-51.26788	0	35	2021-10-07T02:12:59
7.58783	-51.26755	0	35	2021-10-07T02:13:02
7.58634	-51.26865	0	35	2021-10-07T02:17:59
7.58484	-51.26968	0	35	2021-10-07T02:23:00
7.58337	-51.27078	0	35	2021-10-07T02:28:01
7.58181	-51.27200	0	35	2021-10-07T02:33:27
7.58039	-51.27307	0	35	2021-10-07T02:37:58
7.57890	-51.27417	0	35	2021-10-07T02:43:02
7.57738	-51.27527	0	35	2021-10-07T02:48:00
7.57577	-51.27637	0	35	2021-10-07T02:53:00
7.57200	-51.27871	0	35	2021-10-07T03:02:59
7.57278	-51.27850	0	35	2021-10-07T03:03:03
7.57088	-51.27957	0	35	2021-10-07T03:07:59
7.57131	-51.27951	0	35	2021-10-07T03:08:00
7.56981	-51.28043	0	35	2021-10-07T03:12:59
7.56831	-51.28146	0	35	2021-10-07T03:18:00
7.56690	-51.28256	0	35	2021-10-07T03:23:01
7.56551	-51.28363	0	35	2021-10-07T03:27:59
7.56389	-51.28473	0	35	2021-10-07T03:33:27
7.56115	-51.28674	0	35	2021-10-07T03:42:58
7.55975	-51.28775	0	35	2021-10-07T03:47:59
7.55849	-51.28882	0	35	2021-10-07T03:53:00
7.55587	-51.29080	0	35	2021-10-07T04:03:05
7.55448	-51.29175	0	35	2021-10-07T04:08:01
7.55316	-51.29269	0	35	2021-10-07T04:13:00
7.55184	-51.29370	0	35	2021-10-07T04:17:59
7.55060	-51.29456	0	35	2021-10-07T04:22:58
7.54944	-51.29550	0	35	2021-10-07T04:27:58
7.54819	-51.29651	0	35	2021-10-07T04:33:26
7.54714	-51.29727	0	35	2021-10-07T04:38:00
7.54599	-51.29807	0	35	2021-10-07T04:42:57
7.54488	-51.29901	0	35	2021-10-07T04:47:58
7.54376	-51.29987	0	35	2021-10-07T04:52:58
7.54260	-51.30081	0	35	2021-10-07T04:57:58
7.53925	-51.30353	0	35	2021-10-07T05:12:54
7.53812	-51.30447	0	35	2021-10-07T05:17:55
7.53690	-51.30536	0	35	2021-10-07T05:22:53
7.53569	-51.30621	0	35	2021-10-07T05:27:50
7.53443	-51.30734	0	35	2021-10-07T05:33:25
7.53340	-51.30817	0	35	2021-10-07T05:37:53
7.53222	-51.30914	0	35	2021-10-07T05:42:51
7.52983	-51.31110	0	35	2021-10-07T05:52:53
7.52864	-51.31198	0	35	2021-10-07T05:57:49
7.52742	-51.31290	0	35	2021-10-07T06:02:50
7.52619	-51.31387	0	35	2021-10-07T06:07:51
7.52500	-51.31488	0	35	2021-10-07T06:12:52
7.52382	-51.31592	0	35	2021-10-07T06:17:50
7.52267	-51.31693	0	35	2021-10-07T06:22:47
7.52149	-51.31796	0	35	2021-10-07T06:27:48
7.52009	-51.31912	0	35	2021-10-07T06:32:48
7.51906	-51.31998	0	35	2021-10-07T06:37:48
7.51788	-51.32101	0	35	2021-10-07T06:42:46
7.51673	-51.32208	0	35	2021-10-07T06:47:47
7.51561	-51.32318	0	35	2021-10-07T06:52:45
7.51448	-51.32431	0	35	2021-10-07T06:57:48
7.51331	-51.32547	0	35	2021-10-07T07:02:46
7.51207	-51.32668	0	35	2021-10-07T07:07:49
7.51095	-51.32780	0	35	2021-10-07T07:12:48
7.50975	-51.32892	0	35	2021-10-07T07:17:49
7.50850	-51.33005	0	35	2021-10-07T07:22:49
7.50728	-51.33115	0	35	2021-10-07T07:27:47
7.50586	-51.33243	0	35	2021-10-07T07:33:28
7.50477	-51.33344	0	35	2021-10-07T07:37:47
7.50349	-51.33466	0	35	2021-10-07T07:42:45
7.50221	-51.33582	0	35	2021-10-07T07:47:46
7.50093	-51.33698	0	35	2021-10-07T07:52:43
7.49963	-51.33813	0	35	2021-10-07T07:57:41
7.49835	-51.33936	0	35	2021-10-07T08:02:42
7.49708	-51.34060	0	35	2021-10-07T08:07:42
7.49579	-51.34180	0	35	2021-10-07T08:12:42
7.49447	-51.34301	0	35	2021-10-07T08:17:44
7.49318	-51.34421	0	35	2021-10-07T08:22:44
7.49190	-51.34540	0	35	2021-10-07T08:27:40
7.49050	-51.34668	0	35	2021-10-07T08:33:09
7.48933	-51.34781	0	35	2021-10-07T08:37:44
7.48803	-51.34906	0	35	2021-10-07T08:42:47
7.48672	-51.35031	0	35	2021-10-07T08:47:45
7.48541	-51.35156	0	35	2021-10-07T08:52:45
7.48416	-51.35281	0	35	2021-10-07T08:57:46
7.48294	-51.35406	0	35	2021-10-07T09:02:46
7.48169	-51.35526	0	35	2021-10-07T09:07:48
7.48050	-51.35651	0	35	2021-10-07T09:12:46
7.47929	-51.35770	0	35	2021-10-07T09:17:49
7.47817	-51.35895	0	35	2021-10-07T09:22:47
7.47703	-51.36020	0	35	2021-10-07T09:27:48
7.47568	-51.36160	0	35	2021-10-07T09:33:26
7.47473	-51.36270	0	35	2021-10-07T09:37:45
7.47366	-51.36394	0	35	2021-10-07T09:42:47
7.47267	-51.36523	0	35	2021-10-07T09:47:47
7.47166	-51.36655	0	35	2021-10-07T09:52:47
7.47063	-51.36783	0	35	2021-10-07T09:57:45
7.46959	-51.36922	0	35	2021-10-07T10:02:47
7.46860	-51.37051	0	35	2021-10-07T10:07:47
7.46763	-51.37180	0	35	2021-10-07T10:12:45
7.46662	-51.37307	0	35	2021-10-07T10:17:45
7.46559	-51.37436	0	35	2021-10-07T10:22:45
7.46459	-51.37567	0	35	2021-10-07T10:27:46
7.46345	-51.37714	0	35	2021-10-07T10:33:28
7.46265	-51.37823	0	35	2021-10-07T10:37:48
7.46172	-51.37952	0	35	2021-10-07T10:42:48
7.46081	-51.38077	0	35	2021-10-07T10:47:50
7.45994	-51.38202	0	35	2021-10-07T10:52:49
7.45906	-51.38330	0	35	2021-10-07T10:57:51
7.45818	-51.38461	0	35	2021-10-07T11:02:53
7.45736	-51.38593	0	35	2021-10-07T11:07:53
7.45650	-51.38718	0	35	2021-10-07T11:12:50
7.45567	-51.38843	0	35	2021-10-07T11:17:52
7.45483	-51.38968	0	35	2021-10-07T11:22:52
7.45396	-51.39090	0	35	2021-10-07T11:27:53
7.45294	-51.39225	0	35	2021-10-07T11:32:53
7.45221	-51.39337	0	35	2021-10-07T11:37:53
7.45134	-51.39456	0	35	2021-10-07T11:42:49
7.45051	-51.39584	0	35	2021-10-07T11:47:49
7.44976	-51.39715	0	35	2021-10-07T11:52:48
7.44907	-51.39835	0	35	2021-10-07T11:57:47
7.44840	-51.39960	0	35	2021-10-07T12:02:44
7.44771	-51.40088	0	35	2021-10-07T12:07:44
7.44698	-51.40221	0	35	2021-10-07T12:12:45
7.44638	-51.40341	0	35	2021-10-07T12:17:45
7.44581	-51.40460	0	35	2021-10-07T12:22:43
7.44531	-51.40582	0	35	2021-10-07T12:27:44
7.44476	-51.40710	0	35	2021-10-07T12:33:08
7.44429	-51.40820	0	35	2021-10-07T12:37:42
7.44384	-51.40948	0	35	2021-10-07T12:42:43
7.44339	-51.41074	0	35	2021-10-07T12:47:47
7.44297	-51.41201	0	35	2021-10-07T12:52:48
7.44263	-51.41330	0	35	2021-10-07T12:57:48
7.44230	-51.41455	0	35	2021-10-07T13:02:47
7.44197	-51.41577	0	35	2021-10-07T13:07:51
7.44165	-51.41701	0	35	2021-10-07T13:12:51
7.44139	-51.41821	0	35	2021-10-07T13:17:52
7.44114	-51.41943	0	35	2021-10-07T13:22:49
7.44089	-51.42075	0	35	2021-10-07T13:28:26
7.44068	-51.42212	0	35	2021-10-07T13:33:26
7.44049	-51.42328	0	35	2021-10-07T13:37:48
7.44029	-51.42456	0	35	2021-10-07T13:42:46
7.44001	-51.42589	0	35	2021-10-07T13:47:50
7.43991	-51.42715	0	35	2021-10-07T13:52:47
7.43975	-51.42847	0	35	2021-10-07T13:57:49
7.43953	-51.42984	0	35	2021-10-07T14:02:49
7.43941	-51.43115	0	35	2021-10-07T14:07:49
7.43927	-51.43253	0	35	2021-10-07T14:12:49
7.43909	-51.43390	0	35	2021-10-07T14:17:51
7.43889	-51.43527	0	35	2021-10-07T14:22:49
7.43866	-51.43676	0	35	2021-10-07T14:28:26
7.43845	-51.43839	0	35	2021-10-07T14:33:25
7.43825	-51.43976	0	35	2021-10-07T14:37:49
7.43808	-51.44113	0	35	2021-10-07T14:42:48
7.43785	-51.44263	0	35	2021-10-07T14:47:49
7.43767	-51.44415	0	35	2021-10-07T14:52:52
7.43749	-51.44568	0	35	2021-10-07T14:57:46
7.43720	-51.44731	0	35	2021-10-07T15:02:51
7.43701	-51.44873	0	35	2021-10-07T15:07:49
7.43678	-51.45023	0	35	2021-10-07T15:12:50
7.43661	-51.45175	0	35	2021-10-07T15:17:49
7.43642	-51.45328	0	35	2021-10-07T15:22:47
7.43623	-51.45474	0	35	2021-10-07T15:27:48
7.43596	-51.45639	0	35	2021-10-07T15:33:26
7.43575	-51.45764	0	35	2021-10-07T15:37:49
7.43555	-51.45915	0	35	2021-10-07T15:42:46
7.43538	-51.46052	0	35	2021-10-07T15:47:46
7.43521	-51.46198	0	35	2021-10-07T15:52:45
7.43502	-51.46353	0	35	2021-10-07T15:57:46
7.43487	-51.46506	0	35	2021-10-07T16:02:54
7.43477	-51.46661	0	35	2021-10-07T16:07:47
7.43463	-51.46820	0	35	2021-10-07T16:12:48
7.43427	-51.47164	0	35	2021-10-07T16:23:09
7.43413	-51.47330	0	35	2021-10-07T16:27:46
7.43406	-51.47516	0	35	2021-10-07T16:33:09
7.43394	-51.47675	0	35	2021-10-07T16:37:45
7.43375	-51.47844	0	35	2021-10-07T16:42:45
7.43362	-51.48016	0	35	2021-10-07T16:47:46
7.43345	-51.48184	0	35	2021-10-07T16:52:47
7.43325	-51.48349	0	35	2021-10-07T16:57:45
7.43301	-51.48514	0	35	2021-10-07T17:02:42
7.43272	-51.48685	0	35	2021-10-07T17:07:41
7.43237	-51.48853	0	35	2021-10-07T17:12:39
7.43207	-51.49016	0	35	2021-10-07T17:17:39
7.43173	-51.49188	0	35	2021-10-07T17:22:39
7.43139	-51.49359	0	35	2021-10-07T17:27:40
7.43106	-51.49545	0	35	2021-10-07T17:33:05
7.43078	-51.49701	0	35	2021-10-07T17:37:38
7.43050	-51.49869	0	35	2021-10-07T17:42:40
7.43018	-51.50040	0	35	2021-10-07T17:47:42
7.42984	-51.50214	0	35	2021-10-07T17:52:42
7.42947	-51.50388	0	35	2021-10-07T17:57:41
7.42912	-51.50568	0	35	2021-10-07T18:02:43
7.42879	-51.50735	0	35	2021-10-07T18:07:43
7.42841	-51.50914	0	35	2021-10-07T18:12:45
7.42807	-51.51086	0	35	2021-10-07T18:17:45
7.42774	-51.51260	0	35	2021-10-07T18:22:43
7.42739	-51.51434	0	35	2021-10-07T18:27:44
7.42699	-51.51624	0	35	2021-10-07T18:33:05
7.42660	-51.51784	0	35	2021-10-07T18:37:42
7.42626	-51.51956	0	35	2021-10-07T18:42:43
7.42591	-51.52130	0	35	2021-10-07T18:47:44
7.42550	-51.52307	0	35	2021-10-07T18:52:44
7.42505	-51.52484	0	35	2021-10-07T18:57:45
7.42469	-51.52655	0	35	2021-10-07T19:02:47
7.42431	-51.52829	0	35	2021-10-07T19:07:46
7.42384	-51.53002	0	35	2021-10-07T19:12:45
7.42341	-51.53165	0	35	2021-10-07T19:17:45
7.42299	-51.53329	0	35	2021-10-07T19:22:46
7.42257	-51.53488	0	35	2021-10-07T19:27:45
7.42216	-51.53662	0	35	2021-10-07T19:33:06
7.42177	-51.53815	0	35	2021-10-07T19:37:44
7.42140	-51.53979	0	35	2021-10-07T19:42:41
7.42104	-51.54141	0	35	2021-10-07T19:47:42
7.42061	-51.54309	0	35	2021-10-07T19:52:39
7.42020	-51.54477	0	35	2021-10-07T19:57:39
7.41988	-51.54642	0	35	2021-10-07T20:02:36
7.41965	-51.54811	0	35	2021-10-07T20:07:33
7.41944	-51.54974	0	35	2021-10-07T20:12:32
7.41923	-51.55136	0	35	2021-10-07T20:17:34
7.41902	-51.55301	0	35	2021-10-07T20:22:35
7.41879	-51.55469	0	35	2021-10-07T20:27:33
7.41865	-51.55652	0	35	2021-10-07T20:32:57
7.41857	-51.55801	0	35	2021-10-07T20:37:28
7.41842	-51.55966	0	35	2021-10-07T20:42:28
7.41823	-51.56128	0	35	2021-10-07T20:47:25
7.41815	-51.56293	0	35	2021-10-07T20:52:25
7.41806	-51.56458	0	35	2021-10-07T20:57:26
7.41796	-51.56616	0	35	2021-10-07T21:02:27
7.41788	-51.56775	0	35	2021-10-07T21:07:25
7.41780	-51.56937	0	35	2021-10-07T21:12:26
7.41772	-51.57101	0	35	2021-10-07T21:17:27
7.41765	-51.57265	0	35	2021-10-07T21:22:55
7.41761	-51.57411	0	35	2021-10-07T21:27:55
7.41757	-51.57574	0	35	2021-10-07T21:32:55
7.41758	-51.57709	0	35	2021-10-07T21:37:26
7.41758	-51.57862	0	35	2021-10-07T21:42:26
7.41758	-51.57999	0	35	2021-10-07T21:47:25
7.41765	-51.58136	0	35	2021-10-07T21:52:25
7.41777	-51.58270	0	35	2021-10-07T21:57:28
7.41798	-51.58410	0	35	2021-10-07T22:02:34
7.41808	-51.58539	0	35	2021-10-07T22:07:31
7.41820	-51.58676	0	35	2021-10-07T22:12:33
7.41836	-51.58804	0	35	2021-10-07T22:17:33
7.41855	-51.58939	0	35	2021-10-07T22:22:33
7.41881	-51.59076	0	35	2021-10-07T22:27:34
7.41901	-51.59235	0	35	2021-10-07T22:32:55
7.41927	-51.59369	0	35	2021-10-07T22:37:33
7.41947	-51.59503	0	35	2021-10-07T22:42:30
7.41980	-51.59634	0	35	2021-10-07T22:47:31
7.42021	-51.59766	0	35	2021-10-07T22:52:28
7.42067	-51.59902	0	35	2021-10-07T22:57:31
7.42106	-51.60022	0	35	2021-10-07T23:02:30
7.42152	-51.60144	0	35	2021-10-07T23:07:33
7.42204	-51.60266	0	35	2021-10-07T23:12:35
7.42254	-51.60391	0	35	2021-10-07T23:17:34
7.42307	-51.60522	0	35	2021-10-07T23:22:33
7.42359	-51.60651	0	35	2021-10-07T23:27:34
7.42423	-51.60782	0	35	2021-10-07T23:32:58
7.42474	-51.60910	0	35	2021-10-07T23:37:38
7.42521	-51.61035	0	35	2021-10-07T23:42:40
7.42571	-51.61163	0	35	2021-10-07T23:47:40
7.42610	-51.61292	0	35	2021-10-07T23:52:42
7.42658	-51.61414	0	35	2021-10-07T23:57:39
7.42711	-51.61539	0	35	2021-10-08T00:02:43
7.42752	-51.61664	0	35	2021-10-08T00:07:41
7.42798	-51.61802	0	35	2021-10-08T00:12:42
7.42837	-51.61931	0	35	2021-10-08T00:17:42
7.42880	-51.62051	0	35	2021-10-08T00:22:43
7.42921	-51.62177	0	35	2021-10-08T00:27:40
7.42960	-51.62296	0	35	2021-10-08T00:32:56
7.43003	-51.62415	0	35	2021-10-08T00:37:40
7.43038	-51.62543	0	35	2021-10-08T00:42:39
7.43097	-51.62809	0	35	2021-10-08T00:52:36
7.43123	-51.62929	0	35	2021-10-08T00:57:36
7.43144	-51.63049	0	35	2021-10-08T01:02:35
7.43169	-51.63174	0	35	2021-10-08T01:07:36
7.43199	-51.63293	0	35	2021-10-08T01:12:36
7.43236	-51.63416	0	35	2021-10-08T01:17:38
7.43281	-51.63541	0	35	2021-10-08T01:22:57
7.43308	-51.63651	0	35	2021-10-08T01:27:39
7.43345	-51.63782	0	35	2021-10-08T01:32:56
7.43384	-51.63892	0	35	2021-10-08T01:37:40
7.43434	-51.64011	0	35	2021-10-08T01:42:37
7.43484	-51.64133	0	35	2021-10-08T01:47:39
7.43530	-51.64248	0	35	2021-10-08T01:52:39
7.43569	-51.64368	0	35	2021-10-08T01:57:39
7.43618	-51.64490	0	35	2021-10-08T02:02:40
7.43666	-51.64606	0	35	2021-10-08T02:07:38
7.43715	-51.64728	0	35	2021-10-08T02:12:39
7.43764	-51.64850	0	35	2021-10-08T02:17:42
7.43814	-51.64980	0	35	2021-10-08T02:22:40
7.43861	-51.65109	0	35	2021-10-08T02:27:40
7.43902	-51.65240	0	35	2021-10-08T02:32:57
7.43942	-51.65363	0	35	2021-10-08T02:37:40
7.43980	-51.65485	0	35	2021-10-08T02:42:39
7.44007	-51.65607	0	35	2021-10-08T02:47:40
7.44035	-51.65729	0	35	2021-10-08T02:52:41
7.44056	-51.65848	0	35	2021-10-08T02:57:39
7.44078	-51.65975	0	35	2021-10-08T03:02:39
7.44104	-51.66095	0	35	2021-10-08T03:07:39
7.44133	-51.66223	0	35	2021-10-08T03:12:37
7.44154	-51.66354	0	35	2021-10-08T03:17:38
7.44166	-51.66486	0	35	2021-10-08T03:22:39
7.44178	-51.66617	0	35	2021-10-08T03:27:37
7.44194	-51.66754	0	35	2021-10-08T03:32:56
7.44205	-51.66873	0	35	2021-10-08T03:37:38
7.44219	-51.67012	0	35	2021-10-08T03:42:36
7.44240	-51.67141	0	35	2021-10-08T03:47:36
7.44257	-51.67270	0	35	2021-10-08T03:52:37
7.44273	-51.67416	0	35	2021-10-08T03:57:37
7.44284	-51.67554	0	35	2021-10-08T04:02:39
7.44290	-51.67691	0	35	2021-10-08T04:07:39
7.44297	-51.67836	0	35	2021-10-08T04:12:41
7.44306	-51.67965	0	35	2021-10-08T04:17:41
7.44319	-51.68094	0	35	2021-10-08T04:22:42
7.44332	-51.68225	0	35	2021-10-08T04:27:41
7.44365	-51.68362	0	35	2021-10-08T04:32:56
7.44481	-51.68469	0	35	2021-10-08T04:37:41
7.44613	-51.68586	0	35	2021-10-08T04:42:41
7.44763	-51.68680	0	35	2021-10-08T04:47:42
7.44936	-51.68774	0	35	2021-10-08T04:52:43
7.45097	-51.68869	0	35	2021-10-08T04:57:44
7.45280	-51.68954	0	35	2021-10-08T05:02:45
7.45464	-51.69043	0	35	2021-10-08T05:07:45
7.45642	-51.69116	0	35	2021-10-08T05:12:43
7.45803	-51.69189	0	35	2021-10-08T05:17:46
7.45965	-51.69267	0	35	2021-10-08T05:22:48
7.46107	-51.69336	0	35	2021-10-08T05:27:48
7.46267	-51.69418	0	35	2021-10-08T05:33:25
7.46403	-51.69482	0	35	2021-10-08T05:37:49
7.46540	-51.69562	0	35	2021-10-08T05:42:48
7.46698	-51.69632	0	35	2021-10-08T05:47:49
7.46874	-51.69721	0	35	2021-10-08T05:52:49
7.47025	-51.69800	0	35	2021-10-08T05:57:49
7.47182	-51.69876	0	35	2021-10-08T06:02:50
7.47331	-51.69958	0	35	2021-10-08T06:07:47
7.47484	-51.70049	0	35	2021-10-08T06:12:45
7.47613	-51.70126	0	35	2021-10-08T06:17:46
7.47744	-51.70200	0	35	2021-10-08T06:22:47
7.47875	-51.70270	0	35	2021-10-08T06:27:45
7.48037	-51.70351	0	35	2021-10-08T06:32:49
7.48142	-51.70416	0	35	2021-10-08T06:37:46
7.48281	-51.70480	0	35	2021-10-08T06:42:49
7.48410	-51.70551	0	35	2021-10-08T06:47:47
7.48546	-51.70624	0	35	2021-10-08T06:52:48
7.48668	-51.70709	0	35	2021-10-08T06:57:48
7.48792	-51.70792	0	35	2021-10-08T07:02:50
7.48922	-51.70877	0	35	2021-10-08T07:07:49
7.49059	-51.70956	0	35	2021-10-08T07:12:51
7.49198	-51.71036	0	35	2021-10-08T07:17:49
7.49324	-51.71112	0	35	2021-10-08T07:22:50
7.49448	-51.71188	0	35	2021-10-08T07:27:50
7.49589	-51.71277	0	35	2021-10-08T07:33:28
7.49704	-51.71353	0	35	2021-10-08T07:37:48
7.49825	-51.71439	0	35	2021-10-08T07:42:49
7.49945	-51.71515	0	35	2021-10-08T07:47:47
7.50071	-51.71579	0	35	2021-10-08T07:52:47
7.50201	-51.71646	0	35	2021-10-08T07:57:45
7.50322	-51.71716	0	35	2021-10-08T08:02:47
7.50436	-51.71790	0	35	2021-10-08T08:07:45
7.50568	-51.71869	0	35	2021-10-08T08:12:46
7.50690	-51.71939	0	35	2021-10-08T08:17:44
7.50807	-51.72021	0	35	2021-10-08T08:22:45
7.50928	-51.72112	0	35	2021-10-08T08:28:05
7.51074	-51.72198	0	35	2021-10-08T08:33:05
7.51200	-51.72272	0	35	2021-10-08T08:37:43
7.51334	-51.72339	0	35	2021-10-08T08:42:47
7.51458	-51.72418	0	35	2021-10-08T08:47:49
7.51585	-51.72498	0	35	2021-10-08T08:52:48
7.51713	-51.72571	0	35	2021-10-08T08:57:46
7.51840	-51.72644	0	35	2021-10-08T09:02:48
7.51970	-51.72714	0	35	2021-10-08T09:07:48
7.52102	-51.72772	0	35	2021-10-08T09:12:46
7.52243	-51.72824	0	35	2021-10-08T09:17:47
7.52367	-51.72867	0	35	2021-10-08T09:22:51
7.52483	-51.72921	0	35	2021-10-08T09:28:26
7.52620	-51.72964	0	35	2021-10-08T09:33:27
7.52723	-51.73010	0	35	2021-10-08T09:37:53
7.52842	-51.73074	0	35	2021-10-08T09:42:50
7.52966	-51.73139	0	35	2021-10-08T09:47:51
7.53090	-51.73199	0	35	2021-10-08T09:52:52
7.53233	-51.73245	0	35	2021-10-08T09:57:50
7.53377	-51.73312	0	35	2021-10-08T10:02:53
7.53523	-51.73381	0	35	2021-10-08T10:07:53
7.53660	-51.73450	0	35	2021-10-08T10:12:52
7.53794	-51.73502	0	35	2021-10-08T10:17:51
7.53920	-51.73576	0	35	2021-10-08T10:22:50
7.54040	-51.73636	0	35	2021-10-08T10:27:50
7.54184	-51.73703	0	35	2021-10-08T10:33:25
7.54300	-51.73761	0	35	2021-10-08T10:37:51
7.54432	-51.73834	0	35	2021-10-08T10:42:52
7.54559	-51.73914	0	35	2021-10-08T10:47:50
7.54701	-51.73993	0	35	2021-10-08T10:52:51
7.54854	-51.74078	0	35	2021-10-08T10:57:48
7.55008	-51.74164	0	35	2021-10-08T11:02:49
7.55159	-51.74240	0	35	2021-10-08T11:07:49
7.55316	-51.74304	0	35	2021-10-08T11:12:49
7.55460	-51.74366	0	35	2021-10-08T11:17:44
7.55597	-51.74426	0	35	2021-10-08T11:22:44
7.55752	-51.74493	0	35	2021-10-08T11:27:45
7.55924	-51.74573	0	35	2021-10-08T11:33:25
7.56055	-51.74633	0	35	2021-10-08T11:37:42
7.56209	-51.74693	0	35	2021-10-08T11:42:41
7.56359	-51.74753	0	35	2021-10-08T11:47:41
7.56505	-51.74823	0	35	2021-10-08T11:52:42
7.56656	-51.74900	0	35	2021-10-08T11:57:43
7.56823	-51.74969	0	35	2021-10-08T12:02:43
7.56968	-51.75040	0	35	2021-10-08T12:07:41
7.57277	-51.75170	0	35	2021-10-08T12:17:38
7.57433	-51.75220	0	35	2021-10-08T12:22:42
7.57586	-51.75281	0	35	2021-10-08T12:27:39
7.57761	-51.75345	0	35	2021-10-08T12:33:24
7.57883	-51.75398	0	35	2021-10-08T12:37:38
7.58037	-51.75458	0	35	2021-10-08T12:42:39
7.58185	-51.75522	0	35	2021-10-08T12:47:36
7.58330	-51.75586	0	35	2021-10-08T12:52:37
7.58473	-51.75660	0	35	2021-10-08T12:57:38
7.58615	-51.75720	0	35	2021-10-08T13:02:38
7.58756	-51.75781	0	35	2021-10-08T13:07:38
7.58900	-51.75842	0	35	2021-10-08T13:12:39
7.59041	-51.75914	0	35	2021-10-08T13:17:44
7.59183	-51.75983	0	35	2021-10-08T13:22:44
7.59319	-51.76053	0	35	2021-10-08T13:27:38
7.59468	-51.76131	0	35	2021-10-08T13:32:38
7.59592	-51.76208	0	35	2021-10-08T13:37:37
7.59734	-51.76291	0	35	2021-10-08T13:42:38
7.59868	-51.76376	0	35	2021-10-08T13:47:38
7.60003	-51.76454	0	35	2021-10-08T13:52:35
7.60127	-51.76531	0	35	2021-10-08T13:57:36
7.60260	-51.76608	0	35	2021-10-08T14:02:36
7.60387	-51.76691	0	35	2021-10-08T14:07:38
7.60509	-51.76758	0	35	2021-10-08T14:12:39
7.60631	-51.76819	0	35	2021-10-08T14:17:38
7.60754	-51.76883	0	35	2021-10-08T14:22:41
7.60880	-51.76944	0	35	2021-10-08T14:27:38
7.61007	-51.77011	0	35	2021-10-08T14:32:56
7.61103	-51.77075	0	35	2021-10-08T14:37:35
7.61211	-51.77130	0	35	2021-10-08T14:42:40
7.61325	-51.77188	0	35	2021-10-08T14:47:37
7.61441	-51.77246	0	35	2021-10-08T14:52:40
7.61563	-51.77304	0	35	2021-10-08T14:57:36
7.61784	-51.77444	0	35	2021-10-08T15:07:39
7.61883	-51.77513	0	35	2021-10-08T15:12:38
7.61986	-51.77573	0	35	2021-10-08T15:17:38
7.62100	-51.77637	0	35	2021-10-08T15:22:42
7.62202	-51.77701	0	35	2021-10-08T15:27:40
7.62330	-51.77759	0	35	2021-10-08T15:33:08
7.62436	-51.77811	0	35	2021-10-08T15:37:42
7.62542	-51.77875	0	35	2021-10-08T15:42:43
7.62669	-51.77940	0	35	2021-10-08T15:47:44
7.62781	-51.78000	0	35	2021-10-08T15:52:44
7.62890	-51.78070	0	35	2021-10-08T15:57:57
7.62997	-51.78140	0	35	2021-10-08T16:03:01
7.63097	-51.78232	0	35	2021-10-08T16:07:59
7.63188	-51.78323	0	35	2021-10-08T16:12:45
7.63311	-51.78408	0	35	2021-10-08T16:17:41
7.63448	-51.78477	0	35	2021-10-08T16:22:41
7.63581	-51.78537	0	35	2021-10-08T16:27:41
7.63714	-51.78608	0	35	2021-10-08T16:32:42
7.63834	-51.78659	0	35	2021-10-08T16:37:41
7.63968	-51.78717	0	35	2021-10-08T16:42:36
7.64209	-51.78827	0	35	2021-10-08T16:52:38
7.64316	-51.78894	0	35	2021-10-08T16:57:36
7.64437	-51.78940	0	35	2021-10-08T17:02:33
7.64554	-51.78995	0	35	2021-10-08T17:07:34
7.64657	-51.79044	0	35	2021-10-08T17:12:32
7.64765	-51.79068	0	35	2021-10-08T17:17:34
7.64874	-51.79103	0	35	2021-10-08T17:22:56
7.64990	-51.79137	0	35	2021-10-08T17:27:56
7.65114	-51.79163	0	35	2021-10-08T17:32:56
7.65212	-51.79190	0	35	2021-10-08T17:37:32
7.65318	-51.79205	0	35	2021-10-08T17:42:32
7.65406	-51.79239	0	35	2021-10-08T17:47:34
7.65500	-51.79269	0	35	2021-10-08T17:52:34
7.65593	-51.79297	0	35	2021-10-08T17:57:32
7.65683	-51.79297	0	35	2021-10-08T18:02:32
7.65771	-51.79327	0	35	2021-10-08T18:07:30
7.65864	-51.79346	0	35	2021-10-08T18:12:32
7.65960	-51.79364	0	35	2021-10-08T18:17:30
7.66044	-51.79391	0	35	2021-10-08T18:22:31
7.66127	-51.79413	0	35	2021-10-08T18:27:32
7.66210	-51.79449	0	35	2021-10-08T18:32:56
7.66286	-51.79477	0	35	2021-10-08T18:37:27
7.66361	-51.79498	0	35	2021-10-08T18:42:28
7.66421	-51.79532	0	35	2021-10-08T18:47:28
7.66473	-51.79562	0	35	2021-10-08T18:52:28
7.66537	-51.79591	0	35	2021-10-08T18:57:25
7.66597	-51.79608	0	35	2021-10-08T19:02:24
7.66660	-51.79639	0	35	2021-10-08T19:07:30
7.66722	-51.79688	0	35	2021-10-08T19:12:25
7.66780	-51.79733	0	35	2021-10-08T19:17:26
7.66845	-51.79761	0	35	2021-10-08T19:22:25
7.66898	-51.79797	0	35	2021-10-08T19:27:27
7.66963	-51.79840	0	35	2021-10-08T19:32:55
7.67028	-51.79875	0	35	2021-10-08T19:37:28
7.67092	-51.79926	0	35	2021-10-08T19:42:28
7.67162	-51.79974	0	35	2021-10-08T19:47:30
7.67224	-51.80014	0	35	2021-10-08T19:52:28
7.67303	-51.80042	0	35	2021-10-08T19:57:27
7.67382	-51.80072	0	35	2021-10-08T20:02:29
7.67455	-51.80120	0	35	2021-10-08T20:07:27
7.67528	-51.80154	0	35	2021-10-08T20:12:27
7.67612	-51.80194	0	35	2021-10-08T20:17:29
7.67695	-51.80237	0	35	2021-10-08T20:22:33
7.67779	-51.80291	0	35	2021-10-08T20:27:55
7.67861	-51.80334	0	35	2021-10-08T20:32:54
7.67914	-51.80383	0	35	2021-10-08T20:37:32
7.67979	-51.80447	0	35	2021-10-08T20:42:36
7.68041	-51.80523	0	35	2021-10-08T20:47:36
7.68099	-51.80591	0	35	2021-10-08T20:52:34
7.68187	-51.80661	0	35	2021-10-08T20:57:35
7.68288	-51.80734	0	35	2021-10-08T21:02:34
7.68396	-51.80811	0	35	2021-10-08T21:07:41
7.68498	-51.80875	0	35	2021-10-08T21:12:37
7.68598	-51.80939	0	35	2021-10-08T21:17:37
7.68707	-51.81012	0	35	2021-10-08T21:22:35
7.68810	-51.81082	0	35	2021-10-08T21:27:36
7.68924	-51.81166	0	35	2021-10-08T21:32:34
7.69018	-51.81226	0	35	2021-10-08T21:37:34
7.69119	-51.81296	0	35	2021-10-08T21:42:35
7.69215	-51.81372	0	35	2021-10-08T21:47:34
7.69310	-51.81433	0	35	2021-10-08T21:52:35
7.69405	-51.81488	0	35	2021-10-08T21:57:32
7.69575	-51.81591	0	35	2021-10-08T22:07:38
7.69657	-51.81651	0	35	2021-10-08T22:12:37
7.69734	-51.81720	0	35	2021-10-08T22:17:37
7.69823	-51.81793	0	35	2021-10-08T22:22:40
7.69898	-51.81866	0	35	2021-10-08T22:27:39
7.69965	-51.81952	0	35	2021-10-08T22:32:58
7.70035	-51.82018	0	35	2021-10-08T22:37:39
7.70112	-51.82095	0	35	2021-10-08T22:42:38
7.70204	-51.82162	0	35	2021-10-08T22:47:37
7.70303	-51.82233	0	35	2021-10-08T22:52:36
7.70380	-51.82284	0	35	2021-10-08T22:57:36
7.70466	-51.82327	0	35	2021-10-08T23:02:37
7.70551	-51.82379	0	35	2021-10-08T23:07:34
7.70637	-51.82443	0	35	2021-10-08T23:12:35
7.70722	-51.82507	0	35	2021-10-08T23:17:32
7.70806	-51.82571	0	35	2021-10-08T23:22:33
7.70884	-51.82651	0	35	2021-10-08T23:27:34
7.70967	-51.82727	0	35	2021-10-08T23:32:58
7.71046	-51.82802	0	35	2021-10-08T23:37:34
7.71119	-51.82879	0	35	2021-10-08T23:42:33
7.71183	-51.82965	0	35	2021-10-08T23:47:33
7.71253	-51.83044	0	35	2021-10-08T23:52:31
7.71324	-51.83135	0	35	2021-10-08T23:57:35
7.71401	-51.83221	0	35	2021-10-09T00:02:36
7.71478	-51.83316	0	35	2021-10-09T00:07:30
7.71556	-51.83415	0	35	2021-10-09T00:12:34
7.71616	-51.83518	0	35	2021-10-09T00:17:34
7.71676	-51.83630	0	35	2021-10-09T00:22:34
7.71741	-51.83743	0	35	2021-10-09T00:27:35
7.71813	-51.83859	0	35	2021-10-09T00:32:56
7.71888	-51.83957	0	35	2021-10-09T00:37:31
7.71985	-51.84058	0	35	2021-10-09T00:42:34
7.72074	-51.84171	0	35	2021-10-09T00:47:36
7.72166	-51.84271	0	35	2021-10-09T00:52:35
7.72252	-51.84378	0	35	2021-10-09T00:57:34
7.72343	-51.84476	0	35	2021-10-09T01:02:35
7.72421	-51.84583	0	35	2021-10-09T01:07:34
7.72508	-51.84692	0	35	2021-10-09T01:12:36
7.72596	-51.84805	0	35	2021-10-09T01:17:36
7.72668	-51.84912	0	35	2021-10-09T01:22:37
7.72742	-51.85022	0	35	2021-10-09T01:27:35
7.72807	-51.85129	0	35	2021-10-09T01:32:55
7.72881	-51.85217	0	35	2021-10-09T01:37:37
7.72965	-51.85324	0	35	2021-10-09T01:42:37
7.73039	-51.85441	0	35	2021-10-09T01:47:38
7.73103	-51.85544	0	35	2021-10-09T01:52:39
7.73174	-51.85660	0	35	2021-10-09T01:57:36
7.73259	-51.85773	0	35	2021-10-09T02:02:38
7.73333	-51.85883	0	35	2021-10-09T02:07:38
7.73411	-51.85983	0	35	2021-10-09T02:12:39
7.73500	-51.86078	0	35	2021-10-09T02:17:40
7.73583	-51.86172	0	35	2021-10-09T02:22:40
7.73669	-51.86271	0	35	2021-10-09T02:28:26
7.73759	-51.86374	0	35	2021-10-09T02:33:25
7.73826	-51.86447	0	35	2021-10-09T02:37:43
7.73910	-51.86536	0	35	2021-10-09T02:42:41
7.74003	-51.86624	0	35	2021-10-09T02:47:44
7.74086	-51.86707	0	35	2021-10-09T02:52:44
7.74170	-51.86792	0	35	2021-10-09T02:57:45
7.74255	-51.86868	0	35	2021-10-09T03:02:44
7.74328	-51.86966	0	35	2021-10-09T03:07:48
7.74405	-51.87043	0	35	2021-10-09T03:12:48
7.74478	-51.87112	0	35	2021-10-09T03:17:47
7.74562	-51.87192	0	35	2021-10-09T03:22:49
7.74649	-51.87266	0	35	2021-10-09T03:28:26
7.74731	-51.87326	0	35	2021-10-09T03:33:26
7.74799	-51.87378	0	35	2021-10-09T03:37:49
7.74868	-51.87442	0	35	2021-10-09T03:42:47
7.74944	-51.87520	0	35	2021-10-09T03:47:48
7.75017	-51.87580	0	35	2021-10-09T03:52:48
7.75086	-51.87640	0	35	2021-10-09T03:57:49
7.75148	-51.87704	0	35	2021-10-09T04:02:50
7.75216	-51.87775	0	35	2021-10-09T04:07:47
7.75283	-51.87848	0	35	2021-10-09T04:12:48
7.75346	-51.87918	0	35	2021-10-09T04:17:47
7.75421	-51.87985	0	35	2021-10-09T04:22:48
7.75492	-51.88065	0	35	2021-10-09T04:27:50
7.75574	-51.88156	0	35	2021-10-09T04:33:26
7.75636	-51.88226	0	35	2021-10-09T04:37:52
7.75709	-51.88303	0	35	2021-10-09T04:42:53
7.75784	-51.88385	0	35	2021-10-09T04:47:53
7.75846	-51.88470	0	35	2021-10-09T04:52:55
7.75906	-51.88550	0	35	2021-10-09T04:57:55
7.75975	-51.88635	0	35	2021-10-09T05:02:56
7.76036	-51.88715	0	35	2021-10-09T05:07:53
7.76099	-51.88791	0	35	2021-10-09T05:12:54
7.76165	-51.88861	0	35	2021-10-09T05:17:52
7.76216	-51.88941	0	35	2021-10-09T05:23:26
7.76263	-51.89010	0	35	2021-10-09T05:28:26
7.76319	-51.89087	0	35	2021-10-09T05:33:25
7.76366	-51.89155	0	35	2021-10-09T05:37:53
7.76422	-51.89224	0	35	2021-10-09T05:42:52
7.76487	-51.89291	0	35	2021-10-09T05:47:51
7.76541	-51.89359	0	35	2021-10-09T05:52:52
7.76591	-51.89425	0	35	2021-10-09T05:57:49
7.76625	-51.89494	0	35	2021-10-09T06:02:48
7.76664	-51.89563	0	35	2021-10-09T06:07:48
7.76695	-51.89636	0	35	2021-10-09T06:12:49
7.76731	-51.89709	0	35	2021-10-09T06:17:47
7.76769	-51.89790	0	35	2021-10-09T06:22:47
7.76812	-51.89859	0	35	2021-10-09T06:27:47
7.76861	-51.89954	0	35	2021-10-09T06:33:26
7.76898	-51.90036	0	35	2021-10-09T06:37:48
7.76937	-51.90122	0	35	2021-10-09T06:42:47
7.76976	-51.90216	0	35	2021-10-09T06:47:47
7.77027	-51.90314	0	35	2021-10-09T06:52:45
7.77072	-51.90424	0	35	2021-10-09T06:57:44
7.77120	-51.90530	0	35	2021-10-09T07:02:45
7.77172	-51.90640	0	35	2021-10-09T07:07:43
7.77216	-51.90742	0	35	2021-10-09T07:12:44
7.77259	-51.90845	0	35	2021-10-09T07:17:44
7.77310	-51.90955	0	35	2021-10-09T07:22:45
7.77354	-51.91064	0	35	2021-10-09T07:27:45
7.77391	-51.91177	0	35	2021-10-09T07:33:26
7.77422	-51.91266	0	35	2021-10-09T07:37:45
7.77453	-51.91370	0	35	2021-10-09T07:42:45
7.77498	-51.91470	0	35	2021-10-09T07:47:46
7.77544	-51.91580	0	35	2021-10-09T07:52:49
7.77590	-51.91684	0	35	2021-10-09T07:57:49
7.77645	-51.91794	0	35	2021-10-09T08:02:49
7.77696	-51.91895	0	35	2021-10-09T08:07:46
7.77744	-51.92009	0	35	2021-10-09T08:12:50
7.77778	-51.92103	0	35	2021-10-09T08:17:50
7.77817	-51.92206	0	35	2021-10-09T08:22:49
7.77857	-51.92300	0	35	2021-10-09T08:27:50
7.77900	-51.92395	0	35	2021-10-09T08:33:25
7.77933	-51.92480	0	35	2021-10-09T08:37:49
7.77979	-51.92590	0	35	2021-10-09T08:42:51
7.78026	-51.92697	0	35	2021-10-09T08:47:49
7.78067	-51.92819	0	35	2021-10-09T08:52:49
7.78106	-51.92942	0	35	2021-10-09T08:57:53
7.78145	-51.93054	0	35	2021-10-09T09:02:52
7.78186	-51.93173	0	35	2021-10-09T09:07:52
7.78226	-51.93301	0	35	2021-10-09T09:12:53
7.78261	-51.93414	0	35	2021-10-09T09:17:53
7.78299	-51.93521	0	35	2021-10-09T09:22:55
7.78336	-51.93645	0	35	2021-10-09T09:27:55
7.78383	-51.93757	0	35	2021-10-09T09:32:55
7.78417	-51.93851	0	35	2021-10-09T09:37:54
7.78458	-51.93961	0	35	2021-10-09T09:42:57
7.78501	-51.94080	0	35	2021-10-09T09:47:59
7.78540	-51.94174	0	35	2021-10-09T09:52:59
7.78578	-51.94285	0	35	2021-10-09T09:58:01
7.78617	-51.94379	0	35	2021-10-09T10:03:01
7.78654	-51.94479	0	35	2021-10-09T10:07:59
7.78685	-51.94586	0	35	2021-10-09T10:13:03
7.78732	-51.94693	0	35	2021-10-09T10:18:03
7.78777	-51.94806	0	35	2021-10-09T10:23:05
7.78824	-51.94917	0	35	2021-10-09T10:28:06
7.78867	-51.95029	0	35	2021-10-09T10:33:06
7.78893	-51.95123	0	35	2021-10-09T10:38:06
7.78928	-51.95225	0	35	2021-10-09T10:43:08
7.78967	-51.95328	0	35	2021-10-09T10:48:08
7.79007	-51.95428	0	35	2021-10-09T10:53:10
7.79060	-51.95529	0	35	2021-10-09T10:58:08
7.79110	-51.95642	0	35	2021-10-09T11:03:12
7.79160	-51.95749	0	35	2021-10-09T11:08:12
7.79205	-51.95859	0	35	2021-10-09T11:13:12
7.79250	-51.95959	0	35	2021-10-09T11:18:11
7.79290	-51.96055	0	35	2021-10-09T11:23:12
7.79324	-51.96158	0	35	2021-10-09T11:28:12
7.79366	-51.96274	0	35	2021-10-09T11:33:36
7.79419	-51.96384	0	35	2021-10-09T11:38:18
7.79471	-51.96513	0	35	2021-10-09T11:43:19
7.79514	-51.96625	0	35	2021-10-09T11:48:19
7.79562	-51.96747	0	35	2021-10-09T11:53:19
7.79602	-51.96866	0	35	2021-10-09T11:58:21
7.79652	-51.96996	0	35	2021-10-09T12:03:18
7.79699	-51.97116	0	35	2021-10-09T12:08:18
7.79758	-51.97244	0	35	2021-10-09T12:13:19
7.79815	-51.97382	0	35	2021-10-09T12:18:17
7.79872	-51.97515	0	35	2021-10-09T12:23:16
7.79928	-51.97635	0	35	2021-10-09T12:28:15
7.80014	-51.97800	0	35	2021-10-09T12:33:55
7.80061	-51.97906	0	35	2021-10-09T12:38:16
7.80100	-51.98019	0	35	2021-10-09T12:43:17
7.80122	-51.98154	0	35	2021-10-09T12:48:14
7.80134	-51.98297	0	35	2021-10-09T12:53:15
7.80162	-51.98431	0	35	2021-10-09T12:58:16
7.80201	-51.98560	0	35	2021-10-09T13:03:16
7.80227	-51.98676	0	35	2021-10-09T13:08:14
7.80247	-51.98798	0	35	2021-10-09T13:13:19
7.80271	-51.98911	0	35	2021-10-09T13:18:14
7.80299	-51.99023	0	35	2021-10-09T13:23:19
7.80333	-51.99130	0	35	2021-10-09T13:28:17
7.80370	-51.99252	0	35	2021-10-09T13:33:55
7.80404	-51.99359	0	35	2021-10-09T13:38:19
7.80437	-51.99472	0	35	2021-10-09T13:43:17
7.80476	-51.99576	0	35	2021-10-09T13:48:17
7.80516	-51.99687	0	35	2021-10-09T13:53:22
7.80555	-51.99790	0	35	2021-10-09T13:58:23
7.80611	-51.99893	0	35	2021-10-09T14:03:23
7.80658	-51.99997	0	35	2021-10-09T14:08:23
7.80703	-52.00101	0	35	2021-10-09T14:13:24
7.80740	-52.00204	0	35	2021-10-09T14:18:22
7.80788	-52.00317	0	35	2021-10-09T14:23:23
7.80826	-52.00424	0	35	2021-10-09T14:28:22
7.80866	-52.00546	0	35	2021-10-09T14:33:56
7.80904	-52.00650	0	35	2021-10-09T14:38:25
7.80938	-52.00748	0	35	2021-10-09T14:43:30
7.80970	-52.00854	0	35	2021-10-09T14:48:38
7.81003	-52.00958	0	35	2021-10-09T14:53:24
7.81038	-52.01065	0	35	2021-10-09T14:58:26
7.81068	-52.01172	0	35	2021-10-09T15:03:25
7.81095	-52.01279	0	35	2021-10-09T15:08:23
7.81124	-52.01396	0	35	2021-10-09T15:13:26
7.81158	-52.01490	0	35	2021-10-09T15:18:25
7.81179	-52.01593	0	35	2021-10-09T15:23:25
7.81208	-52.01703	0	35	2021-10-09T15:28:27
7.81241	-52.01829	0	35	2021-10-09T15:33:26
7.81258	-52.01923	0	35	2021-10-09T15:38:25
7.81285	-52.02045	0	35	2021-10-09T15:43:41
7.81308	-52.02170	0	35	2021-10-09T15:48:44
7.81338	-52.02285	0	35	2021-10-09T15:53:41
7.81368	-52.02405	0	35	2021-10-09T15:58:40
7.81399	-52.02521	0	35	2021-10-09T16:03:43
7.81426	-52.02646	0	35	2021-10-09T16:08:41
7.81452	-52.02767	0	35	2021-10-09T16:13:42
7.81479	-52.02872	0	35	2021-10-09T16:18:41
7.81517	-52.02982	0	35	2021-10-09T16:23:43
7.81552	-52.03101	0	35	2021-10-09T16:28:40
7.81576	-52.03223	0	35	2021-10-09T16:33:59
7.81608	-52.03329	0	35	2021-10-09T16:38:23
7.81651	-52.03439	0	35	2021-10-09T16:43:24
7.81692	-52.03549	0	35	2021-10-09T16:48:21
7.81726	-52.03656	0	35	2021-10-09T16:53:24
7.81756	-52.03769	0	35	2021-10-09T16:58:22
7.81796	-52.03882	0	35	2021-10-09T17:03:23
7.81842	-52.03989	0	35	2021-10-09T17:08:21
7.81890	-52.04099	0	35	2021-10-09T17:13:24
7.81934	-52.04205	0	35	2021-10-09T17:18:22
7.81974	-52.04309	0	35	2021-10-09T17:23:23
7.82017	-52.04404	0	35	2021-10-09T17:28:26
7.82069	-52.04507	0	35	2021-10-09T17:33:55
7.82111	-52.04590	0	35	2021-10-09T17:38:24
7.82156	-52.04701	0	35	2021-10-09T17:43:27
7.82195	-52.04800	0	35	2021-10-09T17:48:24
7.82238	-52.04907	0	35	2021-10-09T17:53:28
7.82278	-52.05008	0	35	2021-10-09T17:58:26
7.82313	-52.05119	0	35	2021-10-09T18:03:30
7.82338	-52.05206	0	35	2021-10-09T18:08:27
7.82378	-52.05307	0	35	2021-10-09T18:13:30
7.82420	-52.05414	0	35	2021-10-09T18:18:29
7.82466	-52.05512	0	35	2021-10-09T18:23:28
7.82509	-52.05615	0	35	2021-10-09T18:28:27
7.82548	-52.05719	0	35	2021-10-09T18:33:57
7.82582	-52.05804	0	35	2021-10-09T18:38:24
7.82622	-52.05905	0	35	2021-10-09T18:43:21
7.82660	-52.06003	0	35	2021-10-09T18:48:25
7.82696	-52.06100	0	35	2021-10-09T18:53:22
7.82735	-52.06201	0	35	2021-10-09T18:58:19
7.82776	-52.06305	0	35	2021-10-09T19:03:21
7.82809	-52.06403	0	35	2021-10-09T19:08:20
7.82844	-52.06519	0	35	2021-10-09T19:13:25
7.82874	-52.06631	0	35	2021-10-09T19:18:24
7.82899	-52.06763	0	35	2021-10-09T19:23:23
7.82921	-52.06918	0	35	2021-10-09T19:28:25
7.82946	-52.07083	0	35	2021-10-09T19:33:57
7.82959	-52.07205	0	35	2021-10-09T19:38:22
7.82970	-52.07349	0	35	2021-10-09T19:43:23
7.82967	-52.07471	0	35	2021-10-09T19:48:21
7.82973	-52.07589	0	35	2021-10-09T19:53:22
7.82977	-52.07709	0	35	2021-10-09T19:58:23
7.82978	-52.07825	0	35	2021-10-09T20:03:22
7.82979	-52.07944	0	35	2021-10-09T20:08:24
7.82969	-52.08058	0	35	2021-10-09T20:13:21
7.82969	-52.08170	0	35	2021-10-09T20:18:22
7.82968	-52.08276	0	35	2021-10-09T20:23:27
7.82972	-52.08377	0	35	2021-10-09T20:28:23
7.82981	-52.08481	0	35	2021-10-09T20:33:54
7.82996	-52.08585	0	35	2021-10-09T20:38:26
7.83013	-52.08691	0	35	2021-10-09T20:43:25
7.83030	-52.08798	0	35	2021-10-09T20:48:27
7.83063	-52.08907	0	35	2021-10-09T20:53:25
7.83086	-52.09018	0	35	2021-10-09T20:58:26
7.83115	-52.09131	0	35	2021-10-09T21:03:26
7.83152	-52.09235	0	35	2021-10-09T21:08:27
7.83189	-52.09342	0	35	2021-10-09T21:13:27
7.83232	-52.09454	0	35	2021-10-09T21:18:27
7.83283	-52.09564	0	35	2021-10-09T21:23:25
7.83329	-52.09680	0	35	2021-10-09T21:28:26
7.83384	-52.09800	0	35	2021-10-09T21:33:24
7.83423	-52.09894	0	35	2021-10-09T21:38:24
7.83474	-52.10004	0	35	2021-10-09T21:43:22
7.83522	-52.10110	0	35	2021-10-09T21:48:23
7.83568	-52.10218	0	35	2021-10-09T21:53:23
7.83611	-52.10321	0	35	2021-10-09T21:58:23
7.83656	-52.10407	0	35	2021-10-09T22:03:21
7.83703	-52.10510	0	35	2021-10-09T22:08:22
7.83754	-52.10614	0	35	2021-10-09T22:13:23
7.83811	-52.10724	0	35	2021-10-09T22:18:22
7.83867	-52.10834	0	35	2021-10-09T22:23:24
7.83926	-52.10941	0	35	2021-10-09T22:28:22
7.84002	-52.11087	0	35	2021-10-09T22:33:57
7.84057	-52.11188	0	35	2021-10-09T22:38:23
7.84120	-52.11304	0	35	2021-10-09T22:43:22
7.84186	-52.11420	0	35	2021-10-09T22:48:23
7.84255	-52.11539	0	35	2021-10-09T22:53:20
7.84327	-52.11655	0	35	2021-10-09T22:58:21
7.84396	-52.11765	0	35	2021-10-09T23:03:19
7.84465	-52.11874	0	35	2021-10-09T23:08:20
7.84534	-52.11984	0	35	2021-10-09T23:13:21
7.84594	-52.12088	0	35	2021-10-09T23:18:19
7.84661	-52.12196	0	35	2021-10-09T23:23:19
7.84725	-52.12299	0	35	2021-10-09T23:28:19
7.84806	-52.12421	0	35	2021-10-09T23:33:58
7.84875	-52.12521	0	35	2021-10-09T23:38:25
7.84957	-52.12638	0	35	2021-10-09T23:43:26
7.85034	-52.12750	0	35	2021-10-09T23:48:27
7.85110	-52.12863	0	35	2021-10-09T23:53:25
7.85192	-52.12970	0	35	2021-10-09T23:58:26
7.85268	-52.13080	0	35	2021-10-10T00:03:29
7.85337	-52.13187	0	35	2021-10-10T00:08:27
7.85415	-52.13290	0	35	2021-10-10T00:13:26
7.85492	-52.13397	0	35	2021-10-10T00:18:31
7.85559	-52.13504	0	35	2021-10-10T00:23:56
7.85619	-52.13608	0	35	2021-10-10T00:28:29
7.85683	-52.13736	0	35	2021-10-10T00:33:55
7.85737	-52.13846	0	35	2021-10-10T00:38:31
7.85801	-52.13968	0	35	2021-10-10T00:43:32
7.85872	-52.14090	0	35	2021-10-10T00:48:32
7.85939	-52.14218	0	35	2021-10-10T00:53:33
7.86014	-52.14343	0	35	2021-10-10T00:58:32
7.86085	-52.14465	0	35	2021-10-10T01:03:33
7.86155	-52.14584	0	35	2021-10-10T01:08:33
7.86224	-52.14694	0	35	2021-10-10T01:13:34
7.86297	-52.14801	0	35	2021-10-10T01:18:32
7.86370	-52.14902	0	35	2021-10-10T01:23:35
7.86442	-52.14996	0	35	2021-10-10T01:28:33
7.86505	-52.15085	0	35	2021-10-10T01:33:55
7.86569	-52.15189	0	35	2021-10-10T01:38:30
7.86642	-52.15292	0	35	2021-10-10T01:43:30
7.86720	-52.15408	0	35	2021-10-10T01:48:31
7.86802	-52.15522	0	35	2021-10-10T01:53:30
7.86879	-52.15625	0	35	2021-10-10T01:58:30
7.86965	-52.15735	0	35	2021-10-10T02:03:27
7.87043	-52.15851	0	35	2021-10-10T02:08:28
7.87128	-52.15968	0	35	2021-10-10T02:13:29
7.87197	-52.16080	0	35	2021-10-10T02:18:29
7.87265	-52.16190	0	35	2021-10-10T02:23:26
7.87329	-52.16296	0	35	2021-10-10T02:28:28
7.87412	-52.16444	0	35	2021-10-10T02:33:25
7.87465	-52.16541	0	35	2021-10-10T02:38:26
7.87537	-52.16650	0	35	2021-10-10T02:43:25
7.87615	-52.16763	0	35	2021-10-10T02:48:26
7.87695	-52.16882	0	35	2021-10-10T02:53:24
7.87777	-52.17001	0	35	2021-10-10T02:58:25
7.87868	-52.17130	0	35	2021-10-10T03:03:26
7.87964	-52.17264	0	35	2021-10-10T03:08:20
7.88048	-52.17396	0	35	2021-10-10T03:13:20
7.88121	-52.17516	0	35	2021-10-10T03:18:20
7.88198	-52.17636	0	35	2021-10-10T03:23:20
7.88278	-52.17758	0	35	2021-10-10T03:28:21
7.88347	-52.17896	0	35	2021-10-10T03:33:58
7.88419	-52.17993	0	35	2021-10-10T03:38:20
7.88496	-52.18103	0	35	2021-10-10T03:43:18
7.88573	-52.18213	0	35	2021-10-10T03:48:21
7.88650	-52.18329	0	35	2021-10-10T03:53:19
7.88727	-52.18456	0	35	2021-10-10T03:58:20
7.88791	-52.18568	0	35	2021-10-10T04:03:21
7.88860	-52.18680	0	35	2021-10-10T04:08:21
7.88934	-52.18809	0	35	2021-10-10T04:13:21
7.89016	-52.18921	0	35	2021-10-10T04:18:20
7.89096	-52.19043	0	35	2021-10-10T04:23:23
7.89176	-52.19167	0	35	2021-10-10T04:28:56
7.89266	-52.19296	0	35	2021-10-10T04:33:57
7.89335	-52.19409	0	35	2021-10-10T04:38:22
7.89414	-52.19535	0	35	2021-10-10T04:43:22
7.89487	-52.19647	0	35	2021-10-10T04:48:21
7.89563	-52.19766	0	35	2021-10-10T04:53:21
7.89636	-52.19891	0	35	2021-10-10T04:58:23
7.89717	-52.20025	0	35	2021-10-10T05:03:23
7.89799	-52.20154	0	35	2021-10-10T05:08:23
7.89884	-52.20288	0	35	2021-10-10T05:13:21
7.89965	-52.20416	0	35	2021-10-10T05:18:19
7.90050	-52.20547	0	35	2021-10-10T05:23:23
7.90140	-52.20673	0	35	2021-10-10T05:28:24
7.90239	-52.20804	0	35	2021-10-10T05:33:58
7.90311	-52.20917	0	35	2021-10-10T05:38:24
7.90391	-52.21035	0	35	2021-10-10T05:43:23
7.90473	-52.21155	0	35	2021-10-10T05:48:23
7.90556	-52.21277	0	35	2021-10-10T05:53:25
7.90632	-52.21399	0	35	2021-10-10T05:58:25
7.90719	-52.21543	0	35	2021-10-10T06:03:25
7.90801	-52.21663	0	35	2021-10-10T06:08:24
7.90883	-52.21783	0	35	2021-10-10T06:13:24
7.90967	-52.21912	0	35	2021-10-10T06:18:25
7.91054	-52.22040	0	35	2021-10-10T06:23:24
7.91140	-52.22168	0	35	2021-10-10T06:28:25
7.91237	-52.22305	0	35	2021-10-10T06:33:55
7.91313	-52.22418	0	35	2021-10-10T06:38:24
7.91395	-52.22543	0	35	2021-10-10T06:43:25
7.91475	-52.22672	0	35	2021-10-10T06:48:23
7.91564	-52.22803	0	35	2021-10-10T06:53:22
7.91649	-52.22931	0	35	2021-10-10T06:58:24
7.91733	-52.23067	0	35	2021-10-10T07:03:24
7.91819	-52.23187	0	35	2021-10-10T07:08:24
7.91909	-52.23309	0	35	2021-10-10T07:13:23
7.91997	-52.23428	0	35	2021-10-10T07:18:23
7.92089	-52.23544	0	35	2021-10-10T07:23:23
7.92174	-52.23669	0	35	2021-10-10T07:28:25
7.92272	-52.23822	0	35	2021-10-10T07:33:57
7.92357	-52.23935	0	35	2021-10-10T07:38:26
7.92451	-52.24054	0	35	2021-10-10T07:43:24
7.92542	-52.24173	0	35	2021-10-10T07:48:27
7.92628	-52.24292	0	35	2021-10-10T07:53:29
7.92712	-52.24408	0	35	2021-10-10T07:58:26
7.92788	-52.24524	0	35	2021-10-10T08:03:27
7.92866	-52.24634	0	35	2021-10-10T08:08:24
7.93030	-52.24867	0	35	2021-10-10T08:18:23
7.93103	-52.24970	0	35	2021-10-10T08:23:23
7.93172	-52.25073	0	35	2021-10-10T08:28:24
7.93246	-52.25192	0	35	2021-10-10T08:33:56
7.93313	-52.25287	0	35	2021-10-10T08:38:25
7.93381	-52.25406	0	35	2021-10-10T08:43:23
7.93463	-52.25519	0	35	2021-10-10T08:48:24
7.93538	-52.25629	0	35	2021-10-10T08:53:24
7.93628	-52.25740	0	35	2021-10-10T08:58:25
7.93705	-52.25852	0	35	2021-10-10T09:03:26
7.93782	-52.25946	0	35	2021-10-10T09:08:26
7.93862	-52.26047	0	35	2021-10-10T09:13:24
7.93950	-52.26138	0	35	2021-10-10T09:18:27
7.94048	-52.26230	0	35	2021-10-10T09:23:26
7.94141	-52.26328	0	35	2021-10-10T09:28:29
7.94236	-52.26434	0	35	2021-10-10T09:33:55
7.94320	-52.26519	0	35	2021-10-10T09:38:25
7.94393	-52.26605	0	35	2021-10-10T09:43:25
7.94467	-52.26691	0	35	2021-10-10T09:48:26
7.94557	-52.26770	0	35	2021-10-10T09:53:24
7.94637	-52.26859	0	35	2021-10-10T09:58:26
7.94720	-52.26944	0	35	2021-10-10T10:03:24
7.94804	-52.27032	0	35	2021-10-10T10:08:25
7.94877	-52.27124	0	35	2021-10-10T10:13:23
7.94958	-52.27219	0	35	2021-10-10T10:18:23
7.95040	-52.27319	0	35	2021-10-10T10:23:20
7.95132	-52.27420	0	35	2021-10-10T10:28:22
7.95230	-52.27530	0	35	2021-10-10T10:33:57
7.95303	-52.27625	0	35	2021-10-10T10:38:23
7.95380	-52.27719	0	35	2021-10-10T10:43:23
7.95466	-52.27814	0	35	2021-10-10T10:48:25
7.95554	-52.27905	0	35	2021-10-10T10:53:25
7.95634	-52.27991	0	35	2021-10-10T10:58:26
7.95707	-52.28073	0	35	2021-10-10T11:03:30
7.95768	-52.28143	0	35	2021-10-10T11:08:29
7.95862	-52.28238	0	35	2021-10-10T11:13:32
7.95939	-52.28329	0	35	2021-10-10T11:18:30
7.96022	-52.28412	0	35	2021-10-10T11:23:31
7.96108	-52.28500	0	35	2021-10-10T11:28:55
7.96198	-52.28586	0	35	2021-10-10T11:33:56
7.96267	-52.28668	0	35	2021-10-10T11:38:30
7.96353	-52.28748	0	35	2021-10-10T11:43:33
7.96434	-52.28839	0	35	2021-10-10T11:48:36
7.96507	-52.28925	0	35	2021-10-10T11:53:36
7.96581	-52.29013	0	35	2021-10-10T11:58:35
7.96669	-52.29099	0	35	2021-10-10T12:03:33
7.96759	-52.29193	0	35	2021-10-10T12:08:34
7.96849	-52.29279	0	35	2021-10-10T12:13:34
7.96936	-52.29373	0	35	2021-10-10T12:18:32
7.97032	-52.29477	0	35	2021-10-10T12:23:33
7.97126	-52.29576	0	35	2021-10-10T12:28:30
7.97217	-52.29688	0	35	2021-10-10T12:33:55
7.97293	-52.29791	0	35	2021-10-10T12:38:29
7.97378	-52.29895	0	35	2021-10-10T12:43:30
7.97475	-52.29987	0	35	2021-10-10T12:48:29
7.97589	-52.30075	0	35	2021-10-10T12:53:27
7.97675	-52.30161	0	35	2021-10-10T12:58:28
7.97775	-52.30242	0	35	2021-10-10T13:03:25
7.97865	-52.30328	0	35	2021-10-10T13:08:25
7.97967	-52.30414	0	35	2021-10-10T13:13:26
7.98063	-52.30508	0	35	2021-10-10T13:18:24
7.98164	-52.30603	0	35	2021-10-10T13:23:27
7.98263	-52.30704	0	35	2021-10-10T13:28:26
7.98377	-52.30820	0	35	2021-10-10T13:33:57
7.98482	-52.30915	0	35	2021-10-10T13:38:31
7.98589	-52.31018	0	35	2021-10-10T13:43:31
7.98693	-52.31116	0	35	2021-10-10T13:48:29
7.98798	-52.31207	0	35	2021-10-10T13:53:30
7.98923	-52.31281	0	35	2021-10-10T13:58:30
7.99035	-52.31384	0	35	2021-10-10T14:03:32
7.99147	-52.31470	0	35	2021-10-10T14:08:32
7.99256	-52.31564	0	35	2021-10-10T14:13:30
7.99380	-52.31666	0	35	2021-10-10T14:18:33
7.99500	-52.31760	0	35	2021-10-10T14:23:34
7.99624	-52.31863	0	35	2021-10-10T14:28:47
7.99736	-52.31995	0	35	2021-10-10T14:34:07
7.99834	-52.32084	0	35	2021-10-10T14:38:34
7.99941	-52.32178	0	35	2021-10-10T14:43:34
8.00073	-52.32278	0	35	2021-10-10T14:48:32
8.00164	-52.32382	0	35	2021-10-10T14:53:32
8.00309	-52.32478	0	35	2021-10-10T14:58:36
8.00403	-52.32590	0	35	2021-10-10T15:03:36
8.00547	-52.32675	0	35	2021-10-10T15:08:34
8.00650	-52.32781	0	35	2021-10-10T15:13:35
8.00761	-52.32867	0	35	2021-10-10T15:18:36
8.00882	-52.32944	0	35	2021-10-10T15:23:36
8.00996	-52.33029	0	35	2021-10-10T15:28:38
8.01124	-52.33130	0	35	2021-10-10T15:33:59
8.01232	-52.33224	0	35	2021-10-10T15:38:42
8.01352	-52.33310	0	35	2021-10-10T15:43:41
8.01464	-52.33405	0	35	2021-10-10T15:48:45
8.01582	-52.33493	0	35	2021-10-10T15:53:47
8.01702	-52.33578	0	35	2021-10-10T15:58:46
8.01807	-52.33676	0	35	2021-10-10T16:03:47
8.01915	-52.33768	0	35	2021-10-10T16:08:45
8.02013	-52.33853	0	35	2021-10-10T16:13:42
8.02169	-52.34041	0	35	2021-10-10T16:24:09
8.02256	-52.34116	0	35	2021-10-10T16:28:44
8.02338	-52.34195	0	35	2021-10-10T16:34:08
8.02402	-52.34265	0	35	2021-10-10T16:38:43
8.02477	-52.34344	0	35	2021-10-10T16:43:42
8.02558	-52.34427	0	35	2021-10-10T16:48:40
8.02631	-52.34506	0	35	2021-10-10T16:53:41
8.02699	-52.34589	0	35	2021-10-10T16:58:39
8.02779	-52.34668	0	35	2021-10-10T17:03:42
8.02860	-52.34753	0	35	2021-10-10T17:08:43
8.02933	-52.34830	0	35	2021-10-10T17:13:44
8.03007	-52.34918	0	35	2021-10-10T17:18:45
8.03083	-52.35004	0	35	2021-10-10T17:23:43
8.03159	-52.35089	0	35	2021-10-10T17:28:43
8.03238	-52.35175	0	35	2021-10-10T17:34:08
8.03299	-52.35245	0	35	2021-10-10T17:38:45
8.03373	-52.35318	0	35	2021-10-10T17:43:44
8.03445	-52.35394	0	35	2021-10-10T17:48:45
8.03520	-52.35468	0	35	2021-10-10T17:53:43
8.03598	-52.35538	0	35	2021-10-10T17:58:44
8.03677	-52.35608	0	35	2021-10-10T18:03:41
8.03753	-52.35684	0	35	2021-10-10T18:08:42
8.03830	-52.35760	0	35	2021-10-10T18:13:42
8.03918	-52.35837	0	35	2021-10-10T18:18:44
8.04006	-52.35907	0	35	2021-10-10T18:23:43
8.04090	-52.35974	0	35	2021-10-10T18:28:46
8.04185	-52.36042	0	35	2021-10-10T18:33:46
8.04271	-52.36102	0	35	2021-10-10T18:38:47
8.04365	-52.36163	0	35	2021-10-10T18:43:44
8.04458	-52.36221	0	35	2021-10-10T18:48:46
8.04548	-52.36279	0	35	2021-10-10T18:53:47
8.04646	-52.36340	0	35	2021-10-10T18:58:46
8.04747	-52.36398	0	35	2021-10-10T19:03:44
8.04853	-52.36462	0	35	2021-10-10T19:08:45
8.04959	-52.36520	0	35	2021-10-10T19:13:46
8.05062	-52.36575	0	35	2021-10-10T19:18:46
8.05164	-52.36633	0	35	2021-10-10T19:23:47
8.05267	-52.36685	0	35	2021-10-10T19:28:45
8.05382	-52.36737	0	35	2021-10-10T19:34:09
8.05485	-52.36789	0	35	2021-10-10T19:38:50
8.05602	-52.36844	0	35	2021-10-10T19:43:46
8.05721	-52.36896	0	35	2021-10-10T19:48:48
8.05841	-52.36954	0	35	2021-10-10T19:53:47
8.05964	-52.37013	0	35	2021-10-10T19:58:50
8.06084	-52.37082	0	35	2021-10-10T20:03:50
8.06206	-52.37137	0	35	2021-10-10T20:08:50
8.06326	-52.37186	0	35	2021-10-10T20:13:52
8.06448	-52.37251	0	35	2021-10-10T20:18:48
8.06569	-52.37302	0	35	2021-10-10T20:23:47
8.06685	-52.37357	0	35	2021-10-10T20:28:49
8.06822	-52.37415	0	35	2021-10-10T20:34:23
8.06930	-52.37460	0	35	2021-10-10T20:38:45
8.07056	-52.37512	0	35	2021-10-10T20:43:46
8.07183	-52.37555	0	35	2021-10-10T20:48:47
8.07311	-52.37604	0	35	2021-10-10T20:53:47
8.07435	-52.37661	0	35	2021-10-10T20:58:47
8.07555	-52.37704	0	35	2021-10-10T21:03:46
8.07675	-52.37747	0	35	2021-10-10T21:08:46
8.07792	-52.37793	0	35	2021-10-10T21:13:49
8.07906	-52.37836	0	35	2021-10-10T21:18:51
8.08017	-52.37878	0	35	2021-10-10T21:23:49
8.08250	-52.37968	0	35	2021-10-10T21:33:47
8.08339	-52.37994	0	35	2021-10-10T21:38:47
8.08439	-52.38037	0	35	2021-10-10T21:43:48
8.08539	-52.38074	0	35	2021-10-10T21:48:49
8.08636	-52.38110	0	35	2021-10-10T21:53:47
8.08740	-52.38141	0	35	2021-10-10T21:58:47
8.08834	-52.38174	0	35	2021-10-10T22:03:48
8.08933	-52.38208	0	35	2021-10-10T22:08:45
8.09023	-52.38242	0	35	2021-10-10T22:13:46
8.09113	-52.38278	0	35	2021-10-10T22:18:42
8.09202	-52.38315	0	35	2021-10-10T22:23:39
8.09290	-52.38358	0	35	2021-10-10T22:28:44
8.09383	-52.38406	0	35	2021-10-10T22:34:08
8.09463	-52.38452	0	35	2021-10-10T22:38:42
8.09545	-52.38495	0	35	2021-10-10T22:43:39
8.09639	-52.38550	0	35	2021-10-10T22:48:39
8.09726	-52.38593	0	35	2021-10-10T22:53:38
8.09815	-52.38641	0	35	2021-10-10T22:58:38
8.09900	-52.38690	0	35	2021-10-10T23:03:41
8.09995	-52.38740	0	35	2021-10-10T23:08:43
8.10084	-52.38783	0	35	2021-10-10T23:13:44
8.10174	-52.38843	0	35	2021-10-10T23:18:44
8.10271	-52.38892	0	35	2021-10-10T23:23:42
8.10361	-52.38940	0	35	2021-10-10T23:28:44
8.10455	-52.38986	0	35	2021-10-10T23:34:07
8.10538	-52.39029	0	35	2021-10-10T23:38:45
8.10621	-52.39078	0	35	2021-10-10T23:43:44
8.10703	-52.39117	0	35	2021-10-10T23:48:47
8.10784	-52.39151	0	35	2021-10-10T23:53:47
8.10863	-52.39191	0	35	2021-10-10T23:58:45
8.10947	-52.39227	0	35	2021-10-11T00:03:48
8.11021	-52.39264	0	35	2021-10-11T00:08:46
8.11098	-52.39297	0	35	2021-10-11T00:13:49
8.11170	-52.39337	0	35	2021-10-11T00:18:47
8.11242	-52.39377	0	35	2021-10-11T00:23:49
8.11323	-52.39420	0	35	2021-10-11T00:28:50
8.11401	-52.39484	0	35	2021-10-11T00:34:26
8.11472	-52.39520	0	35	2021-10-11T00:38:47
8.11543	-52.39554	0	35	2021-10-11T00:43:48
8.11614	-52.39587	0	35	2021-10-11T00:48:49
8.11679	-52.39615	0	35	2021-10-11T00:53:50
8.11752	-52.39651	0	35	2021-10-11T00:58:49
8.11820	-52.39691	0	35	2021-10-11T01:03:51
8.11891	-52.39737	0	35	2021-10-11T01:08:51
8.11968	-52.39780	0	35	2021-10-11T01:13:49
8.12048	-52.39813	0	35	2021-10-11T01:18:46
8.12127	-52.39850	0	35	2021-10-11T01:23:47
8.12205	-52.39883	0	35	2021-10-11T01:28:45
8.12297	-52.39902	0	35	2021-10-11T01:34:09
8.12369	-52.39920	0	35	2021-10-11T01:38:43
8.12448	-52.39943	0	35	2021-10-11T01:43:43
8.12520	-52.39969	0	35	2021-10-11T01:48:43
8.12595	-52.40012	0	35	2021-10-11T01:53:44
8.12672	-52.40057	0	35	2021-10-11T01:58:42
8.12745	-52.40100	0	35	2021-10-11T02:03:42
8.12818	-52.40143	0	35	2021-10-11T02:08:39
8.12898	-52.40207	0	35	2021-10-11T02:13:40
8.12973	-52.40253	0	35	2021-10-11T02:18:38
8.13042	-52.40295	0	35	2021-10-11T02:23:38
8.13115	-52.40338	0	35	2021-10-11T02:28:39
8.13191	-52.40387	0	35	2021-10-11T02:33:55
8.13269	-52.40438	0	35	2021-10-11T02:38:40
8.13341	-52.40481	0	35	2021-10-11T02:43:39
8.13415	-52.40524	0	35	2021-10-11T02:48:39
8.13490	-52.40561	0	35	2021-10-11T02:53:43
8.13561	-52.40601	0	35	2021-10-11T02:58:45
8.13634	-52.40640	0	35	2021-10-11T03:03:45
8.13711	-52.40683	0	35	2021-10-11T03:08:45
8.13796	-52.40729	0	35	2021-10-11T03:13:46
8.13876	-52.40771	0	35	2021-10-11T03:18:41
8.13957	-52.40799	0	35	2021-10-11T03:23:44
8.14035	-52.40839	0	35	2021-10-11T03:28:42
8.14112	-52.40866	0	35	2021-10-11T03:34:06
8.14259	-52.40941	0	35	2021-10-11T03:43:43
8.14338	-52.40979	0	35	2021-10-11T03:48:44
8.14410	-52.41010	0	35	2021-10-11T03:53:42
8.14476	-52.41046	0	35	2021-10-11T03:58:44
8.14547	-52.41083	0	35	2021-10-11T04:03:45
8.14614	-52.41119	0	35	2021-10-11T04:08:44
8.14683	-52.41153	0	35	2021-10-11T04:13:44
8.14756	-52.41193	0	35	2021-10-11T04:18:45
8.14828	-52.41229	0	35	2021-10-11T04:23:43
8.14903	-52.41266	0	35	2021-10-11T04:28:44
8.14982	-52.41306	0	35	2021-10-11T04:34:08
8.15044	-52.41336	0	35	2021-10-11T04:38:42
8.15114	-52.41373	0	35	2021-10-11T04:43:39
8.15271	-52.41446	0	35	2021-10-11T04:53:37
8.15357	-52.41520	0	35	2021-10-11T04:58:38
8.15438	-52.41589	0	35	2021-10-11T05:03:38
8.15501	-52.41632	0	35	2021-10-11T05:08:35
8.15570	-52.41675	0	35	2021-10-11T05:13:35
8.15640	-52.41711	0	35	2021-10-11T05:18:33
8.15709	-52.41754	0	35	2021-10-11T05:23:34
8.15778	-52.41794	0	35	2021-10-11T05:28:31
8.15858	-52.41844	0	35	2021-10-11T05:33:31
8.15914	-52.41870	0	35	2021-10-11T05:38:30
8.15987	-52.41916	0	35	2021-10-11T05:43:31
8.16065	-52.41968	0	35	2021-10-11T05:48:30
8.16133	-52.42014	0	35	2021-10-11T05:53:31
8.16206	-52.42062	0	35	2021-10-11T05:58:29
8.16277	-52.42120	0	35	2021-10-11T06:03:30
8.16348	-52.42176	0	35	2021-10-11T06:08:29
8.16426	-52.42236	0	35	2021-10-11T06:13:28
8.16501	-52.42294	0	35	2021-10-11T06:18:27
8.16576	-52.42346	0	35	2021-10-11T06:23:29
8.16652	-52.42398	0	35	2021-10-11T06:28:27
8.16732	-52.42453	0	35	2021-10-11T06:33:55
8.16799	-52.42493	0	35	2021-10-11T06:38:28
8.16874	-52.42542	0	35	2021-10-11T06:43:29
8.16947	-52.42590	0	35	2021-10-11T06:48:32
8.17019	-52.42636	0	35	2021-10-11T06:53:34
8.17088	-52.42679	0	35	2021-10-11T06:58:34
8.17160	-52.42719	0	35	2021-10-11T07:03:33
8.17235	-52.42761	0	35	2021-10-11T07:08:33
8.17299	-52.42798	0	35	2021-10-11T07:13:35
8.17373	-52.42838	0	35	2021-10-11T07:18:35
8.17446	-52.42879	0	35	2021-10-11T07:23:39
8.17515	-52.42905	0	35	2021-10-11T07:28:39
8.17595	-52.42932	0	35	2021-10-11T07:33:56
8.17666	-52.42957	0	35	2021-10-11T07:38:37
8.17750	-52.42984	0	35	2021-10-11T07:43:39
8.17834	-52.43018	0	35	2021-10-11T07:48:37
8.17920	-52.43045	0	35	2021-10-11T07:53:38
8.18003	-52.43069	0	35	2021-10-11T07:58:37
8.18085	-52.43097	0	35	2021-10-11T08:03:36
8.18166	-52.43118	0	35	2021-10-11T08:08:38
8.18252	-52.43137	0	35	2021-10-11T08:13:36
8.18340	-52.43152	0	35	2021-10-11T08:18:34
8.18438	-52.43171	0	35	2021-10-11T08:23:35
8.18532	-52.43188	0	35	2021-10-11T08:28:35
8.18643	-52.43198	0	35	2021-10-11T08:33:56
8.18743	-52.43204	0	35	2021-10-11T08:38:36
8.18845	-52.43216	0	35	2021-10-11T08:43:35
8.18951	-52.43222	0	35	2021-10-11T08:48:38
8.19056	-52.43228	0	35	2021-10-11T08:53:36
8.19166	-52.43234	0	35	2021-10-11T08:58:37
8.19269	-52.43243	0	35	2021-10-11T09:03:37
8.19378	-52.43250	0	35	2021-10-11T09:08:34
8.19487	-52.43250	0	35	2021-10-11T09:13:35
8.19595	-52.43253	0	35	2021-10-11T09:18:36
8.19701	-52.43256	0	35	2021-10-11T09:23:36
8.19814	-52.43262	0	35	2021-10-11T09:28:34
8.19937	-52.43271	0	35	2021-10-11T09:33:55
8.20045	-52.43280	0	35	2021-10-11T09:38:36
8.20158	-52.43295	0	35	2021-10-11T09:43:32
8.20276	-52.43307	0	35	2021-10-11T09:48:30
8.20401	-52.43317	0	35	2021-10-11T09:53:30
8.20524	-52.43329	0	35	2021-10-11T09:58:27
8.20655	-52.43341	0	35	2021-10-11T10:03:28
8.20785	-52.43353	0	35	2021-10-11T10:08:28
8.20919	-52.43369	0	35	2021-10-11T10:13:27
8.21057	-52.43384	0	35	2021-10-11T10:18:27
8.21189	-52.43399	0	35	2021-10-11T10:23:31
8.21319	-52.43417	0	35	2021-10-11T10:28:33
8.21451	-52.43440	0	35	2021-10-11T10:33:34
8.21557	-52.43457	0	35	2021-10-11T10:38:34
8.21685	-52.43481	0	35	2021-10-11T10:43:35
8.21805	-52.43503	0	35	2021-10-11T10:48:33
8.21937	-52.43532	0	35	2021-10-11T10:53:32
8.22070	-52.43558	0	35	2021-10-11T10:58:31
8.22216	-52.43585	0	35	2021-10-11T11:03:32
8.22350	-52.43613	0	35	2021-10-11T11:08:32
8.22495	-52.43652	0	35	2021-10-11T11:13:33
8.22627	-52.43669	0	35	2021-10-11T11:18:33
8.22752	-52.43686	0	35	2021-10-11T11:23:34
8.22880	-52.43698	0	35	2021-10-11T11:28:32
8.23014	-52.43730	0	35	2021-10-11T11:33:35
8.23126	-52.43747	0	35	2021-10-11T11:38:34
8.23260	-52.43765	0	35	2021-10-11T11:43:37
8.23396	-52.43790	0	35	2021-10-11T11:48:38
8.23537	-52.43819	0	35	2021-10-11T11:53:34
8.23680	-52.43845	0	35	2021-10-11T11:58:33
8.23828	-52.43875	0	35	2021-10-11T12:03:36
8.23971	-52.43903	0	35	2021-10-11T12:08:37
8.24105	-52.43931	0	35	2021-10-11T12:13:32
8.24235	-52.43948	0	35	2021-10-11T12:18:32
8.24366	-52.43961	0	35	2021-10-11T12:23:34
8.24497	-52.43982	0	35	2021-10-11T12:28:38
8.24646	-52.44006	0	35	2021-10-11T12:33:57
8.24775	-52.44034	0	35	2021-10-11T12:38:39
8.24910	-52.44061	0	35	2021-10-11T12:43:37
8.25043	-52.44083	0	35	2021-10-11T12:48:41
8.25183	-52.44104	0	35	2021-10-11T12:53:38
8.25323	-52.44116	0	35	2021-10-11T12:58:39
8.25455	-52.44125	0	35	2021-10-11T13:03:36
8.25591	-52.44135	0	35	2021-10-11T13:08:34
8.25731	-52.44147	0	35	2021-10-11T13:13:34
8.25877	-52.44162	0	35	2021-10-11T13:18:31
8.26021	-52.44177	0	35	2021-10-11T13:23:35
8.26163	-52.44199	0	35	2021-10-11T13:28:33
8.26318	-52.44229	0	35	2021-10-11T13:33:57
8.26446	-52.44254	0	35	2021-10-11T13:38:35
8.26596	-52.44269	0	35	2021-10-11T13:43:38
8.26742	-52.44290	0	35	2021-10-11T13:48:37
8.26891	-52.44305	0	35	2021-10-11T13:53:40
8.27040	-52.44336	0	35	2021-10-11T13:58:38
8.27206	-52.44363	0	35	2021-10-11T14:03:39
8.27375	-52.44406	0	35	2021-10-11T14:08:40
8.27509	-52.44409	0	35	2021-10-11T14:13:37
8.27654	-52.44415	0	35	2021-10-11T14:18:36
8.27801	-52.44440	0	35	2021-10-11T14:23:37
8.27946	-52.44446	0	35	2021-10-11T14:28:35
8.28106	-52.44455	0	35	2021-10-11T14:33:58
8.28248	-52.44470	0	35	2021-10-11T14:38:36
8.28402	-52.44501	0	35	2021-10-11T14:43:37
8.28543	-52.44501	0	35	2021-10-11T14:48:36
8.28684	-52.44507	0	35	2021-10-11T14:53:38
8.28819	-52.44507	0	35	2021-10-11T14:58:40
8.28955	-52.44522	0	35	2021-10-11T15:03:40
8.29088	-52.44531	0	35	2021-10-11T15:08:39
8.29223	-52.44543	0	35	2021-10-11T15:13:39
8.29357	-52.44559	0	35	2021-10-11T15:18:36
8.29495	-52.44575	0	35	2021-10-11T15:23:37
8.29632	-52.44592	0	35	2021-10-11T15:28:37
8.29770	-52.44601	0	35	2021-10-11T15:33:59
8.29887	-52.44623	0	35	2021-10-11T15:38:38
8.30026	-52.44653	0	35	2021-10-11T15:43:41
8.30146	-52.44678	0	35	2021-10-11T15:48:40
8.30274	-52.44696	0	35	2021-10-11T15:53:42
8.30405	-52.44720	0	35	2021-10-11T15:58:40
8.30536	-52.44745	0	35	2021-10-11T16:03:43
8.30662	-52.44769	0	35	2021-10-11T16:08:43
8.30790	-52.44791	0	35	2021-10-11T16:13:46
8.30915	-52.44812	0	35	2021-10-11T16:18:47
8.31044	-52.44835	0	35	2021-10-11T16:23:51
8.31173	-52.44861	0	35	2021-10-11T16:28:51
8.31331	-52.44876	0	35	2021-10-11T16:34:27
8.31445	-52.44894	0	35	2021-10-11T16:38:51
8.31575	-52.44919	0	35	2021-10-11T16:43:53
8.31703	-52.44949	0	35	2021-10-11T16:48:51
8.31828	-52.44974	0	35	2021-10-11T16:53:52
8.31957	-52.45001	0	35	2021-10-11T16:58:53
8.32080	-52.45029	0	35	2021-10-11T17:03:50
8.32211	-52.45056	0	35	2021-10-11T17:08:48
8.32338	-52.45082	0	35	2021-10-11T17:13:48
8.32457	-52.45099	0	35	2021-10-11T17:18:48
8.32587	-52.45114	0	35	2021-10-11T17:23:51
8.32712	-52.45132	0	35	2021-10-11T17:28:50
8.32854	-52.45163	0	35	2021-10-11T17:33:48
8.32957	-52.45172	0	35	2021-10-11T17:38:48
8.33069	-52.45181	0	35	2021-10-11T17:43:48
8.33183	-52.45193	0	35	2021-10-11T17:48:50
8.33292	-52.45209	0	35	2021-10-11T17:53:52
8.33404	-52.45215	0	35	2021-10-11T17:58:47
8.33519	-52.45230	0	35	2021-10-11T18:03:49
8.33622	-52.45236	0	35	2021-10-11T18:08:47
8.33738	-52.45245	0	35	2021-10-11T18:13:49
8.33850	-52.45270	0	35	2021-10-11T18:18:48
8.33966	-52.45279	0	35	2021-10-11T18:23:48
8.34080	-52.45288	0	35	2021-10-11T18:28:46
8.34201	-52.45297	0	35	2021-10-11T18:34:08
8.34303	-52.45297	0	35	2021-10-11T18:38:44
8.34415	-52.45303	0	35	2021-10-11T18:43:45
8.34526	-52.45297	0	35	2021-10-11T18:48:48
8.34633	-52.45297	0	35	2021-10-11T18:53:45
8.34737	-52.45288	0	35	2021-10-11T18:58:43
8.34844	-52.45279	0	35	2021-10-11T19:03:47
8.34956	-52.45267	0	35	2021-10-11T19:08:41
8.35064	-52.45255	0	35	2021-10-11T19:13:42
8.35173	-52.45248	0	35	2021-10-11T19:18:39
8.35286	-52.45242	0	35	2021-10-11T19:23:43
8.35403	-52.45239	0	35	2021-10-11T19:28:37
8.35532	-52.45236	0	35	2021-10-11T19:33:53
8.35638	-52.45245	0	35	2021-10-11T19:38:39
8.35763	-52.45251	0	35	2021-10-11T19:43:36
8.35891	-52.45264	0	35	2021-10-11T19:48:35
8.36013	-52.45273	0	35	2021-10-11T19:53:36
8.36133	-52.45279	0	35	2021-10-11T19:58:34
8.36256	-52.45297	0	35	2021-10-11T20:03:39
8.36392	-52.45291	0	35	2021-10-11T20:08:36
8.36515	-52.45291	0	35	2021-10-11T20:13:36
8.36659	-52.45303	0	35	2021-10-11T20:18:37
8.36813	-52.45300	0	35	2021-10-11T20:23:58
8.36955	-52.45300	0	35	2021-10-11T20:28:58
8.37092	-52.45300	0	35	2021-10-11T20:33:58
8.37222	-52.45309	0	35	2021-10-11T20:38:36
8.37382	-52.45289	0	35	2021-10-11T20:43:37
8.37524	-52.45306	0	35	2021-10-11T20:48:36
8.37676	-52.45309	0	35	2021-10-11T20:53:35
8.37842	-52.45288	0	35	2021-10-11T20:58:35
8.37994	-52.45309	0	35	2021-10-11T21:03:34
8.38160	-52.45309	0	35	2021-10-11T21:08:33
8.38317	-52.45303	0	35	2021-10-11T21:13:32
8.38474	-52.45291	0	35	2021-10-11T21:18:32
8.38634	-52.45273	0	35	2021-10-11T21:23:33
8.38790	-52.45255	0	35	2021-10-11T21:28:30
8.38991	-52.45210	0	35	2021-10-11T21:33:31
8.39124	-52.45193	0	35	2021-10-11T21:38:32
8.39277	-52.45181	0	35	2021-10-11T21:43:33
8.39436	-52.45166	0	35	2021-10-11T21:48:36
8.39589	-52.45148	0	35	2021-10-11T21:53:34
8.39758	-52.45148	0	35	2021-10-11T21:58:35
8.39919	-52.45148	0	35	2021-10-11T22:03:33
8.40066	-52.45142	0	35	2021-10-11T22:08:34
8.40211	-52.45123	0	35	2021-10-11T22:13:33
8.40366	-52.45105	0	35	2021-10-11T22:18:35
8.40512	-52.45056	0	35	2021-10-11T22:23:32
8.40668	-52.45013	0	35	2021-10-11T22:28:35
8.40851	-52.44968	0	35	2021-10-11T22:33:33
8.40987	-52.44951	0	35	2021-10-11T22:38:34
8.41151	-52.44934	0	35	2021-10-11T22:43:34
8.41310	-52.44913	0	35	2021-10-11T22:48:36
8.41470	-52.44883	0	35	2021-10-11T22:53:37
8.41620	-52.44849	0	35	2021-10-11T22:58:37
8.41751	-52.44806	0	35	2021-10-11T23:03:35
8.41902	-52.44757	0	35	2021-10-11T23:08:36
8.42046	-52.44708	0	35	2021-10-11T23:13:39
8.42188	-52.44652	0	35	2021-10-11T23:18:38
8.42326	-52.44601	0	35	2021-10-11T23:23:38
8.42458	-52.44550	0	35	2021-10-11T23:28:38
8.42600	-52.44492	0	35	2021-10-11T23:33:56
8.42723	-52.44440	0	35	2021-10-11T23:38:40
8.42855	-52.44385	0	35	2021-10-11T23:43:34
8.42986	-52.44324	0	35	2021-10-11T23:48:35
8.43127	-52.44267	0	35	2021-10-11T23:53:32
8.43265	-52.44216	0	35	2021-10-11T23:58:32
8.43407	-52.44156	0	35	2021-10-12T00:03:32
8.43544	-52.44098	0	35	2021-10-12T00:08:34
8.43676	-52.44037	0	35	2021-10-12T00:13:31
8.43805	-52.43973	0	35	2021-10-12T00:18:32
8.43934	-52.43903	0	35	2021-10-12T00:23:33
8.44068	-52.43837	0	35	2021-10-12T00:28:56
8.44210	-52.43777	0	35	2021-10-12T00:33:55
8.44325	-52.43729	0	35	2021-10-12T00:38:27
8.44450	-52.43671	0	35	2021-10-12T00:43:29
8.44576	-52.43613	0	35	2021-10-12T00:48:26
8.44703	-52.43559	0	35	2021-10-12T00:53:26
8.44827	-52.43533	0	35	2021-10-12T00:58:26
8.44961	-52.43509	0	35	2021-10-12T01:03:28
8.45101	-52.43481	0	35	2021-10-12T01:08:25
8.45234	-52.43448	0	35	2021-10-12T01:13:25
8.45365	-52.43420	0	35	2021-10-12T01:18:27
8.45491	-52.43387	0	35	2021-10-12T01:23:56
8.45620	-52.43370	0	35	2021-10-12T01:28:56
8.45766	-52.43344	0	35	2021-10-12T01:33:57
8.45888	-52.43320	0	35	2021-10-12T01:38:29
8.46019	-52.43289	0	35	2021-10-12T01:43:28
8.46158	-52.43259	0	35	2021-10-12T01:48:29
8.46296	-52.43219	0	35	2021-10-12T01:53:29
8.46432	-52.43182	0	35	2021-10-12T01:58:31
8.46569	-52.43151	0	35	2021-10-12T02:03:31
8.46715	-52.43134	0	35	2021-10-12T02:08:32
8.46861	-52.43100	0	35	2021-10-12T02:13:30
8.47003	-52.43054	0	35	2021-10-12T02:18:33
8.47139	-52.42996	0	35	2021-10-12T02:23:31
8.47273	-52.42944	0	35	2021-10-12T02:28:34
8.47417	-52.42892	0	35	2021-10-12T02:33:56
8.47532	-52.42831	0	35	2021-10-12T02:38:33
8.47771	-52.42707	0	35	2021-10-12T02:48:32
8.47887	-52.42656	0	35	2021-10-12T02:53:32
8.47993	-52.42596	0	35	2021-10-12T02:58:33
8.48110	-52.42535	0	35	2021-10-12T03:03:30
8.48220	-52.42468	0	35	2021-10-12T03:08:31
8.48337	-52.42404	0	35	2021-10-12T03:13:31
8.48450	-52.42346	0	35	2021-10-12T03:18:32
8.48565	-52.42282	0	35	2021-10-12T03:23:30
8.48687	-52.42212	0	35	2021-10-12T03:28:31
8.48799	-52.42145	0	35	2021-10-12T03:33:57
8.48895	-52.42087	0	35	2021-10-12T03:38:31
8.49000	-52.42023	0	35	2021-10-12T03:43:29
8.49104	-52.41953	0	35	2021-10-12T03:48:33
8.49208	-52.41882	0	35	2021-10-12T03:53:31
8.49318	-52.41815	0	35	2021-10-12T03:58:31
8.49435	-52.41760	0	35	2021-10-12T04:03:31
8.49555	-52.41696	0	35	2021-10-12T04:08:29
8.49676	-52.41641	0	35	2021-10-12T04:13:30
8.49785	-52.41580	0	35	2021-10-12T04:18:30
8.49904	-52.41512	0	35	2021-10-12T04:23:32
8.50024	-52.41452	0	35	2021-10-12T04:28:32
8.50155	-52.41385	0	35	2021-10-12T04:33:55
8.50254	-52.41327	0	35	2021-10-12T04:38:33
8.50367	-52.41263	0	35	2021-10-12T04:43:35
8.50473	-52.41199	0	35	2021-10-12T04:48:33
8.50587	-52.41132	0	35	2021-10-12T04:53:37
8.50708	-52.41068	0	35	2021-10-12T04:58:34
8.50826	-52.41010	0	35	2021-10-12T05:03:36
8.50935	-52.40945	0	35	2021-10-12T05:08:36
8.51052	-52.40894	0	35	2021-10-12T05:13:37
8.51174	-52.40839	0	35	2021-10-12T05:18:37
8.51298	-52.40778	0	35	2021-10-12T05:23:38
8.51423	-52.40710	0	35	2021-10-12T05:28:38
8.51558	-52.40620	0	35	2021-10-12T05:33:40
8.51652	-52.40569	0	35	2021-10-12T05:38:41
8.51772	-52.40518	0	35	2021-10-12T05:43:41
8.51901	-52.40460	0	35	2021-10-12T05:48:39
8.52021	-52.40405	0	35	2021-10-12T05:53:42
8.52142	-52.40340	0	35	2021-10-12T05:58:44
8.52262	-52.40289	0	35	2021-10-12T06:03:44
8.52388	-52.40222	0	35	2021-10-12T06:08:42
8.52508	-52.40149	0	35	2021-10-12T06:13:44
8.52618	-52.40076	0	35	2021-10-12T06:18:44
8.52741	-52.39996	0	35	2021-10-12T06:23:45
8.52865	-52.39911	0	35	2021-10-12T06:28:44
8.52993	-52.39815	0	35	2021-10-12T06:33:43
8.53096	-52.39746	0	35	2021-10-12T06:38:43
8.53213	-52.39667	0	35	2021-10-12T06:43:44
8.53328	-52.39590	0	35	2021-10-12T06:48:42
8.53447	-52.39517	0	35	2021-10-12T06:53:42
8.53576	-52.39426	0	35	2021-10-12T06:58:43
8.53703	-52.39340	0	35	2021-10-12T07:03:44
8.53820	-52.39258	0	35	2021-10-12T07:08:41
8.53941	-52.39172	0	35	2021-10-12T07:13:42
8.54054	-52.39099	0	35	2021-10-12T07:18:43
8.54170	-52.39026	0	35	2021-10-12T07:23:42
8.54285	-52.38940	0	35	2021-10-12T07:28:39
8.54416	-52.38843	0	35	2021-10-12T07:34:08
8.54524	-52.38763	0	35	2021-10-12T07:38:42
8.54641	-52.38678	0	35	2021-10-12T07:43:42
8.54763	-52.38596	0	35	2021-10-12T07:48:51
8.54889	-52.38520	0	35	2021-10-12T07:53:44
8.55009	-52.38443	0	35	2021-10-12T07:58:44
8.55129	-52.38351	0	35	2021-10-12T08:03:43
8.55247	-52.38257	0	35	2021-10-12T08:08:43
8.55367	-52.38162	0	35	2021-10-12T08:13:41
8.55486	-52.38083	0	35	2021-10-12T08:18:42
8.55613	-52.38013	0	35	2021-10-12T08:23:42
8.55744	-52.37946	0	35	2021-10-12T08:28:58
8.55885	-52.37869	0	35	2021-10-12T08:33:59
8.56012	-52.37793	0	35	2021-10-12T08:38:43
8.56143	-52.37717	0	35	2021-10-12T08:43:42
8.56272	-52.37637	0	35	2021-10-12T08:48:42
8.56406	-52.37527	0	35	2021-10-12T08:53:43
8.56544	-52.37476	0	35	2021-10-12T08:58:45
8.56828	-52.37307	0	35	2021-10-12T09:08:43
8.56958	-52.37247	0	35	2021-10-12T09:13:43
8.57061	-52.37204	0	35	2021-10-12T09:18:44
8.57163	-52.37149	0	35	2021-10-12T09:23:41
8.57264	-52.37076	0	35	2021-10-12T09:28:42
8.57372	-52.36996	0	35	2021-10-12T09:34:09
8.57479	-52.36926	0	35	2021-10-12T09:38:46
8.57581	-52.36853	0	35	2021-10-12T09:43:44
8.57685	-52.36783	0	35	2021-10-12T09:48:42
8.57790	-52.36710	0	35	2021-10-12T09:53:45
8.57896	-52.36630	0	35	2021-10-12T09:58:46
8.58003	-52.36557	0	35	2021-10-12T10:03:44
8.58121	-52.36484	0	35	2021-10-12T10:08:47
8.58240	-52.36414	0	35	2021-10-12T10:13:45
8.58355	-52.36343	0	35	2021-10-12T10:18:43
8.58472	-52.36264	0	35	2021-10-12T10:23:43
8.58592	-52.36185	0	35	2021-10-12T10:28:45
8.58843	-52.36030	0	35	2021-10-12T10:38:43
8.58977	-52.35962	0	35	2021-10-12T10:43:43
8.59117	-52.35901	0	35	2021-10-12T10:48:44
8.59256	-52.35822	0	35	2021-10-12T10:53:43
8.59394	-52.35731	0	35	2021-10-12T10:58:42
8.59517	-52.35654	0	35	2021-10-12T11:03:42
8.59636	-52.35568	0	35	2021-10-12T11:08:43
8.59749	-52.35483	0	35	2021-10-12T11:13:41
8.59859	-52.35407	0	35	2021-10-12T11:18:45
8.59967	-52.35321	0	35	2021-10-12T11:23:46
8.60083	-52.35236	0	35	2021-10-12T11:28:44
8.60216	-52.35132	0	35	2021-10-12T11:34:07
8.60328	-52.35047	0	35	2021-10-12T11:38:52
8.60453	-52.34961	0	35	2021-10-12T11:43:52
8.60577	-52.34872	0	35	2021-10-12T11:48:46
8.60701	-52.34769	0	35	2021-10-12T11:53:51
8.60829	-52.34675	0	35	2021-10-12T11:58:48
8.60948	-52.34592	0	35	2021-10-12T12:03:49
8.61077	-52.34503	0	35	2021-10-12T12:08:49
8.61198	-52.34415	0	35	2021-10-12T12:13:50
8.61332	-52.34324	0	35	2021-10-12T12:18:51
8.61453	-52.34247	0	35	2021-10-12T12:23:51
8.61572	-52.34165	0	35	2021-10-12T12:29:28
8.61722	-52.34079	0	35	2021-10-12T12:34:28
8.61828	-52.34006	0	35	2021-10-12T12:38:51
8.61955	-52.33905	0	35	2021-10-12T12:43:52
8.62074	-52.33810	0	35	2021-10-12T12:48:55
8.62190	-52.33719	0	35	2021-10-12T12:53:56
8.62306	-52.33624	0	35	2021-10-12T12:58:55
8.62429	-52.33527	0	35	2021-10-12T13:03:52
8.62538	-52.33425	0	35	2021-10-12T13:08:52
8.62659	-52.33331	0	35	2021-10-12T13:13:53
8.62778	-52.33231	0	35	2021-10-12T13:18:50
8.62902	-52.33124	0	35	2021-10-12T13:23:51
8.63030	-52.33038	0	35	2021-10-12T13:29:27
8.63142	-52.32935	0	35	2021-10-12T13:34:27
8.63233	-52.32849	0	35	2021-10-12T13:38:51
8.63341	-52.32758	0	35	2021-10-12T13:43:50
8.63432	-52.32607	0	35	2021-10-12T13:48:50
8.63531	-52.32504	0	35	2021-10-12T13:53:49
8.63640	-52.32413	0	35	2021-10-12T13:58:46
8.63812	-52.32397	0	35	2021-10-12T14:03:49
8.63917	-52.32283	0	35	2021-10-12T14:08:46
8.64037	-52.32189	0	35	2021-10-12T14:13:45
8.64148	-52.32077	0	35	2021-10-12T14:18:45
8.64256	-52.31967	0	35	2021-10-12T14:23:50
8.64376	-52.31857	0	35	2021-10-12T14:28:44
8.64460	-52.31757	0	35	2021-10-12T14:34:31
8.64546	-52.31674	0	35	2021-10-12T14:38:45
8.64769	-52.31468	0	35	2021-10-12T14:48:50
8.64898	-52.31365	0	35	2021-10-12T14:53:50
8.64988	-52.31253	0	35	2021-10-12T14:58:49
8.65100	-52.31143	0	35	2021-10-12T15:03:49
8.65229	-52.31032	0	35	2021-10-12T15:08:50
8.65353	-52.30920	0	35	2021-10-12T15:13:50
8.65485	-52.30795	0	35	2021-10-12T15:18:54
8.65609	-52.30675	0	35	2021-10-12T15:23:53
8.65738	-52.30563	0	35	2021-10-12T15:28:53
8.65864	-52.30429	0	35	2021-10-12T15:34:25
8.65982	-52.30310	0	35	2021-10-12T15:39:09
8.66094	-52.30207	0	35	2021-10-12T15:44:08
8.66226	-52.30087	0	35	2021-10-12T15:49:08
8.66348	-52.29990	0	35	2021-10-12T15:53:56
8.66480	-52.29875	0	35	2021-10-12T15:59:10
8.66623	-52.29755	0	35	2021-10-12T16:04:10
8.66757	-52.29651	0	35	2021-10-12T16:09:08
8.66891	-52.29541	0	35	2021-10-12T16:14:09
8.67029	-52.29437	0	35	2021-10-12T16:19:06
8.67155	-52.29327	0	35	2021-10-12T16:23:50
8.67277	-52.29205	0	35	2021-10-12T16:28:49
8.67403	-52.29074	0	35	2021-10-12T16:34:27
8.67512	-52.28966	0	35	2021-10-12T16:38:47
8.67628	-52.28854	0	35	2021-10-12T16:43:47
8.67754	-52.28748	0	35	2021-10-12T16:48:48
8.67863	-52.28638	0	35	2021-10-12T16:53:48
8.67981	-52.28532	0	35	2021-10-12T16:58:49
8.68088	-52.28420	0	35	2021-10-12T17:03:49
8.68191	-52.28317	0	35	2021-10-12T17:08:48
8.68312	-52.28217	0	35	2021-10-12T17:13:47
8.68424	-52.28116	0	35	2021-10-12T17:18:48
8.68535	-52.28015	0	35	2021-10-12T17:23:46
8.68647	-52.27914	0	35	2021-10-12T17:28:47
8.68778	-52.27820	0	35	2021-10-12T17:34:08
8.68865	-52.27710	0	35	2021-10-12T17:38:47
8.68960	-52.27612	0	35	2021-10-12T17:43:46
8.69055	-52.27509	0	35	2021-10-12T17:48:47
8.69159	-52.27411	0	35	2021-10-12T17:53:47
8.69261	-52.27304	0	35	2021-10-12T17:58:49
8.69356	-52.27191	0	35	2021-10-12T18:03:52
8.69459	-52.27090	0	35	2021-10-12T18:08:50
8.69557	-52.26987	0	35	2021-10-12T18:13:51
8.69656	-52.26895	0	35	2021-10-12T18:18:52
8.69757	-52.26785	0	35	2021-10-12T18:23:49
8.69851	-52.26688	0	35	2021-10-12T18:28:50
8.69956	-52.26566	0	35	2021-10-12T18:34:28
8.70043	-52.26477	0	35	2021-10-12T18:38:50
8.70140	-52.26370	0	35	2021-10-12T18:43:48
8.70228	-52.26263	0	35	2021-10-12T18:48:49
8.70318	-52.26160	0	35	2021-10-12T18:53:50
8.70412	-52.26065	0	35	2021-10-12T18:58:46
8.70500	-52.25958	0	35	2021-10-12T19:03:47
8.70587	-52.25841	0	35	2021-10-12T19:08:47
8.70673	-52.25729	0	35	2021-10-12T19:13:46
8.70753	-52.25607	0	35	2021-10-12T19:18:49
8.70841	-52.25491	0	35	2021-10-12T19:23:46
8.70928	-52.25378	0	35	2021-10-12T19:28:45
8.71014	-52.25249	0	35	2021-10-12T19:33:45
8.71087	-52.25146	0	35	2021-10-12T19:38:46
8.71184	-52.25027	0	35	2021-10-12T19:43:43
8.71278	-52.24910	0	35	2021-10-12T19:48:47
8.71368	-52.24807	0	35	2021-10-12T19:53:47
8.71454	-52.24695	0	35	2021-10-12T19:58:46
8.71542	-52.24567	0	35	2021-10-12T20:03:46
8.71632	-52.24433	0	35	2021-10-12T20:08:47
8.71718	-52.24313	0	35	2021-10-12T20:13:47
8.71810	-52.24191	0	35	2021-10-12T20:18:49
8.71909	-52.24075	0	35	2021-10-12T20:23:49
8.72017	-52.23947	0	35	2021-10-12T20:28:49
8.72118	-52.23822	0	35	2021-10-12T20:34:26
8.72194	-52.23715	0	35	2021-10-12T20:38:49
8.72291	-52.23587	0	35	2021-10-12T20:43:46
8.72376	-52.23462	0	35	2021-10-12T20:48:43
8.72450	-52.23337	0	35	2021-10-12T20:53:46
8.72519	-52.23218	0	35	2021-10-12T20:58:44
8.72605	-52.23093	0	35	2021-10-12T21:03:45
8.72692	-52.22961	0	35	2021-10-12T21:08:42
8.72786	-52.22831	0	35	2021-10-12T21:13:44
8.72871	-52.22711	0	35	2021-10-12T21:18:44
8.72957	-52.22577	0	35	2021-10-12T21:23:47
8.73039	-52.22437	0	35	2021-10-12T21:28:45
8.73121	-52.22284	0	35	2021-10-12T21:34:06
8.73194	-52.22162	0	35	2021-10-12T21:38:44
8.73283	-52.22037	0	35	2021-10-12T21:43:43
8.73362	-52.21906	0	35	2021-10-12T21:48:44
8.73443	-52.21771	0	35	2021-10-12T21:53:45
8.73523	-52.21640	0	35	2021-10-12T21:58:43
8.73605	-52.21503	0	35	2021-10-12T22:03:45
8.73686	-52.21375	0	35	2021-10-12T22:08:45
8.73762	-52.21249	0	35	2021-10-12T22:13:46
8.73845	-52.21110	0	35	2021-10-12T22:18:47
8.73926	-52.20981	0	35	2021-10-12T22:23:47
8.74019	-52.20844	0	35	2021-10-12T22:28:47
8.74113	-52.20706	0	35	2021-10-12T22:34:27
8.74186	-52.20599	0	35	2021-10-12T22:38:45
8.74268	-52.20466	0	35	2021-10-12T22:43:43
8.74349	-52.20337	0	35	2021-10-12T22:48:43
8.74438	-52.20200	0	35	2021-10-12T22:53:43
8.74527	-52.20071	0	35	2021-10-12T22:58:39
8.74618	-52.19940	0	35	2021-10-12T23:03:41
8.74695	-52.19806	0	35	2021-10-12T23:08:39
8.74770	-52.19672	0	35	2021-10-12T23:13:40
8.74857	-52.19521	0	35	2021-10-12T23:18:36
8.74930	-52.19384	0	35	2021-10-12T23:23:35
8.75003	-52.19247	0	35	2021-10-12T23:28:35
8.75090	-52.19092	0	35	2021-10-12T23:33:55
8.75172	-52.18963	0	35	2021-10-12T23:38:34
8.75266	-52.18826	0	35	2021-10-12T23:43:34
8.75357	-52.18683	0	35	2021-10-12T23:48:31
8.75447	-52.18533	0	35	2021-10-12T23:53:32
8.75538	-52.18381	0	35	2021-10-12T23:58:33
8.75611	-52.18228	0	35	2021-10-13T00:03:30
8.75690	-52.18110	0	35	2021-10-13T00:08:29
8.75772	-52.17990	0	35	2021-10-13T00:13:28
8.75864	-52.17865	0	35	2021-10-13T00:18:28
8.75943	-52.17734	0	35	2021-10-13T00:23:29
8.76017	-52.17603	0	35	2021-10-13T00:28:31
8.76098	-52.17436	0	35	2021-10-13T00:33:31
8.76167	-52.17316	0	35	2021-10-13T00:38:32
8.76235	-52.17172	0	35	2021-10-13T00:43:30
8.76312	-52.17038	0	35	2021-10-13T00:48:29
8.76385	-52.16898	0	35	2021-10-13T00:53:30
8.76454	-52.16748	0	35	2021-10-13T00:58:28
8.76516	-52.16592	0	35	2021-10-13T01:03:29
8.76586	-52.16446	0	35	2021-10-13T01:08:28
8.76664	-52.16302	0	35	2021-10-13T01:13:30
8.76739	-52.16153	0	35	2021-10-13T01:18:31
8.76817	-52.16013	0	35	2021-10-13T01:23:31
8.76908	-52.15866	0	35	2021-10-13T01:28:56
8.77007	-52.15720	0	35	2021-10-13T01:33:57
8.77089	-52.15582	0	35	2021-10-13T01:38:34
8.77171	-52.15445	0	35	2021-10-13T01:43:34
8.77267	-52.15305	0	35	2021-10-13T01:48:35
8.77358	-52.15161	0	35	2021-10-13T01:53:33
8.77448	-52.15018	0	35	2021-10-13T01:58:31
8.77562	-52.14890	0	35	2021-10-13T02:03:32
8.77666	-52.14738	0	35	2021-10-13T02:08:32
8.77748	-52.14592	0	35	2021-10-13T02:13:32
8.77825	-52.14438	0	35	2021-10-13T02:18:32
8.77910	-52.14282	0	35	2021-10-13T02:23:33
8.77999	-52.14108	0	35	2021-10-13T02:28:32
8.78082	-52.13940	0	35	2021-10-13T02:34:07
8.78165	-52.13788	0	35	2021-10-13T02:38:37
8.78252	-52.13632	0	35	2021-10-13T02:43:35
8.78339	-52.13450	0	35	2021-10-13T02:48:47
8.78386	-52.13304	0	35	2021-10-13T02:53:47
8.78425	-52.13141	0	35	2021-10-13T02:58:48
8.78458	-52.12976	0	35	2021-10-13T03:03:33
8.78490	-52.12836	0	35	2021-10-13T03:08:31
8.78533	-52.12671	0	35	2021-10-13T03:13:34
8.78567	-52.12509	0	35	2021-10-13T03:18:47
8.78602	-52.12363	0	35	2021-10-13T03:23:26
8.78646	-52.12207	0	35	2021-10-13T03:28:26
8.78694	-52.12030	0	35	2021-10-13T03:33:58
8.78731	-52.11887	0	35	2021-10-13T03:38:27
8.78786	-52.11737	0	35	2021-10-13T03:43:29
8.78839	-52.11584	0	35	2021-10-13T03:48:25
8.78884	-52.11423	0	35	2021-10-13T03:53:26
8.78944	-52.11252	0	35	2021-10-13T03:58:26
8.79017	-52.11087	0	35	2021-10-13T04:03:29
8.79076	-52.10922	0	35	2021-10-13T04:08:30
8.79132	-52.10754	0	35	2021-10-13T04:13:30
8.79198	-52.10597	0	35	2021-10-13T04:18:32
8.79249	-52.10434	0	35	2021-10-13T04:23:32
8.79318	-52.10266	0	35	2021-10-13T04:28:36
8.79391	-52.10083	0	35	2021-10-13T04:33:56
8.79444	-52.09933	0	35	2021-10-13T04:38:37
8.79510	-52.09778	0	35	2021-10-13T04:43:35
8.79574	-52.09622	0	35	2021-10-13T04:48:37
8.79630	-52.09460	0	35	2021-10-13T04:53:40
8.79702	-52.09295	0	35	2021-10-13T04:58:44
8.79766	-52.09123	0	35	2021-10-13T05:03:43
8.79834	-52.08960	0	35	2021-10-13T05:08:43
8.79926	-52.08801	0	35	2021-10-13T05:13:41
8.79993	-52.08633	0	35	2021-10-13T05:18:41
8.80057	-52.08466	0	35	2021-10-13T05:23:43
8.80138	-52.08304	0	35	2021-10-13T05:28:43
8.80216	-52.08130	0	35	2021-10-13T05:34:07
8.80296	-52.07976	0	35	2021-10-13T05:38:41
8.80378	-52.07804	0	35	2021-10-13T05:43:42
8.80447	-52.07632	0	35	2021-10-13T05:48:42
8.80517	-52.07465	0	35	2021-10-13T05:53:43
8.80584	-52.07291	0	35	2021-10-13T05:58:41
8.80669	-52.07129	0	35	2021-10-13T06:03:42
8.80753	-52.06961	0	35	2021-10-13T06:08:42
8.80833	-52.06775	0	35	2021-10-13T06:13:40
8.80907	-52.06592	0	35	2021-10-13T06:18:43
8.80988	-52.06409	0	35	2021-10-13T06:23:41
8.81071	-52.06223	0	35	2021-10-13T06:28:44
8.81159	-52.06021	0	35	2021-10-13T06:34:09
8.81245	-52.05867	0	35	2021-10-13T06:38:47
8.81335	-52.05695	0	35	2021-10-13T06:43:47
8.81418	-52.05511	0	35	2021-10-13T06:48:45
8.81512	-52.05338	0	35	2021-10-13T06:53:46
8.81607	-52.05170	0	35	2021-10-13T06:58:49
8.81682	-52.04993	0	35	2021-10-13T07:03:44
8.81753	-52.04810	0	35	2021-10-13T07:08:45
8.81825	-52.04623	0	35	2021-10-13T07:13:42
8.81893	-52.04459	0	35	2021-10-13T07:18:45
8.81967	-52.04288	0	35	2021-10-13T07:23:43
8.82037	-52.04120	0	35	2021-10-13T07:28:44
8.82103	-52.03925	0	35	2021-10-13T07:34:08
8.82170	-52.03766	0	35	2021-10-13T07:38:42
8.82239	-52.03589	0	35	2021-10-13T07:43:42
8.82349	-52.03214	0	35	2021-10-13T07:53:45
8.82400	-52.03024	0	35	2021-10-13T07:58:45
8.82451	-52.02838	0	35	2021-10-13T08:03:46
8.82507	-52.02643	0	35	2021-10-13T08:08:46
8.82573	-52.02448	0	35	2021-10-13T08:13:45
8.82630	-52.02261	0	35	2021-10-13T08:18:46
8.82698	-52.02078	0	35	2021-10-13T08:23:45
8.82760	-52.01898	0	35	2021-10-13T08:28:46
8.82845	-52.01695	0	35	2021-10-13T08:33:45
8.82917	-52.01523	0	35	2021-10-13T08:38:45
8.82995	-52.01331	0	35	2021-10-13T08:43:46
8.83145	-52.00946	0	35	2021-10-13T08:53:43
8.83207	-52.00775	0	35	2021-10-13T08:58:44
8.83283	-52.00602	0	35	2021-10-13T09:03:42
8.83339	-52.00448	0	35	2021-10-13T09:08:42
8.83390	-52.00311	0	35	2021-10-13T09:13:43
8.83455	-52.00165	0	35	2021-10-13T09:18:44
8.83501	-52.00034	0	35	2021-10-13T09:23:44
8.83550	-51.99908	0	35	2021-10-13T09:28:45
8.83582	-51.99780	0	35	2021-10-13T09:33:47
8.83606	-51.99701	0	35	2021-10-13T09:38:46
8.83642	-51.99600	0	35	2021-10-13T09:43:48
8.83672	-51.99493	0	35	2021-10-13T09:48:49
8.83699	-51.99377	0	35	2021-10-13T09:53:46
8.83714	-51.99265	0	35	2021-10-13T09:58:47
8.83740	-51.99150	0	35	2021-10-13T10:03:47
8.83761	-51.99030	0	35	2021-10-13T10:08:47
8.83789	-51.98914	0	35	2021-10-13T10:13:45
8.83821	-51.98798	0	35	2021-10-13T10:18:45
8.83838	-51.98681	0	35	2021-10-13T10:23:42
8.83855	-51.98578	0	35	2021-10-13T10:28:41
8.83863	-51.98459	0	35	2021-10-13T10:33:55
8.83862	-51.98352	0	35	2021-10-13T10:38:41
8.83858	-51.98240	0	35	2021-10-13T10:43:40
8.83849	-51.98111	0	35	2021-10-13T10:48:40
8.83840	-51.97980	0	35	2021-10-13T10:53:40
8.83839	-51.97830	0	35	2021-10-13T10:58:45
8.83810	-51.97700	0	35	2021-10-13T11:03:45
8.83789	-51.97571	0	35	2021-10-13T11:08:44
8.83766	-51.97446	0	35	2021-10-13T11:13:44
8.83736	-51.97324	0	35	2021-10-13T11:18:42
8.83714	-51.97193	0	35	2021-10-13T11:23:46
8.83700	-51.97064	0	35	2021-10-13T11:28:47
8.83674	-51.96924	0	35	2021-10-13T11:34:06
8.83661	-51.96814	0	35	2021-10-13T11:38:44
8.83632	-51.96687	0	35	2021-10-13T11:43:48
8.83602	-51.96567	0	35	2021-10-13T11:48:47
8.83568	-51.96442	0	35	2021-10-13T11:53:47
8.83541	-51.96320	0	35	2021-10-13T11:58:48
8.83526	-51.96207	0	35	2021-10-13T12:03:46
8.83494	-51.96094	0	35	2021-10-13T12:08:46
8.83479	-51.96002	0	35	2021-10-13T12:13:46
8.83464	-51.95908	0	35	2021-10-13T12:18:47
8.83444	-51.95820	0	35	2021-10-13T12:23:49
8.83427	-51.95743	0	35	2021-10-13T12:28:49
8.83403	-51.95644	0	35	2021-10-13T12:33:47
8.83381	-51.95584	0	35	2021-10-13T12:38:47
8.83370	-51.95520	0	35	2021-10-13T12:43:45
8.83350	-51.95453	0	35	2021-10-13T12:48:46
8.83311	-51.95367	0	35	2021-10-13T12:53:46
8.83272	-51.95290	0	35	2021-10-13T12:58:46
8.83242	-51.95230	0	35	2021-10-13T13:03:45
8.83212	-51.95178	0	35	2021-10-13T13:08:48
8.83189	-51.95131	0	35	2021-10-13T13:13:48
8.83156	-51.95105	0	35	2021-10-13T13:18:47
8.83142	-51.95084	0	35	2021-10-13T13:23:47
8.83117	-51.95041	0	35	2021-10-13T13:28:45
8.83113	-51.94993	0	35	2021-10-13T13:33:48
8.83113	-51.94959	0	35	2021-10-13T13:38:47
8.83113	-51.94916	0	35	2021-10-13T13:43:47
8.83116	-51.94879	0	35	2021-10-13T13:48:50
8.83114	-51.94833	0	35	2021-10-13T13:53:49
8.83122	-51.94788	0	35	2021-10-13T13:58:50
8.83126	-51.94739	0	35	2021-10-13T14:03:49
8.83127	-51.94687	0	35	2021-10-13T14:08:51
8.83123	-51.94608	0	35	2021-10-13T14:18:52
8.83131	-51.94559	0	35	2021-10-13T14:23:49
8.83131	-51.94516	0	35	2021-10-13T14:28:49
8.83123	-51.94471	0	35	2021-10-13T14:33:44
8.83132	-51.94437	0	35	2021-10-13T14:38:44
8.83132	-51.94382	0	35	2021-10-13T14:43:46
8.83137	-51.94322	0	35	2021-10-13T14:48:45
8.83132	-51.94271	0	35	2021-10-13T14:53:44
8.83132	-51.94220	0	35	2021-10-13T14:58:44
8.83145	-51.94162	0	35	2021-10-13T15:03:44
8.83146	-51.94107	0	35	2021-10-13T15:08:46
8.83155	-51.94058	0	35	2021-10-13T15:13:44
8.83163	-51.93994	0	35	2021-10-13T15:18:47
8.83167	-51.93960	0	35	2021-10-13T15:23:47
8.83188	-51.93900	0	35	2021-10-13T15:28:46
8.83207	-51.93832	0	35	2021-10-13T15:34:25
8.83236	-51.93784	0	35	2021-10-13T15:38:47
8.83258	-51.93726	0	35	2021-10-13T15:43:49
8.83278	-51.93665	0	35	2021-10-13T15:48:46
8.83296	-51.93588	0	35	2021-10-13T15:53:46
8.83319	-51.93518	0	35	2021-10-13T15:58:40
8.83331	-51.93452	0	35	2021-10-13T16:03:40
8.83348	-51.93375	0	35	2021-10-13T16:08:40
8.83357	-51.93292	0	35	2021-10-13T16:13:37
8.83381	-51.93219	0	35	2021-10-13T16:18:39
8.83407	-51.93143	0	35	2021-10-13T16:23:36
8.83433	-51.93066	0	35	2021-10-13T16:28:37
8.83465	-51.92972	0	35	2021-10-13T16:33:56
8.83492	-51.92886	0	35	2021-10-13T16:38:35
8.83531	-51.92809	0	35	2021-10-13T16:43:35
8.83564	-51.92740	0	35	2021-10-13T16:48:35
8.83587	-51.92664	0	35	2021-10-13T16:53:33
8.83609	-51.92575	0	35	2021-10-13T16:58:35
8.83634	-51.92491	0	35	2021-10-13T17:03:35
8.83653	-51.92398	0	35	2021-10-13T17:08:36
8.83677	-51.92294	0	35	2021-10-13T17:13:35
8.83689	-51.92197	0	35	2021-10-13T17:18:37
8.83705	-51.92086	0	35	2021-10-13T17:23:41
8.83718	-51.91983	0	35	2021-10-13T17:28:40
8.83736	-51.91870	0	35	2021-10-13T17:33:55
8.83754	-51.91776	0	35	2021-10-13T17:38:36
8.83771	-51.91675	0	35	2021-10-13T17:43:34
8.83799	-51.91571	0	35	2021-10-13T17:48:32
8.83822	-51.91464	0	35	2021-10-13T17:53:34
8.83852	-51.91339	0	35	2021-10-13T17:58:35
8.83887	-51.91214	0	35	2021-10-13T18:03:33
8.83916	-51.91086	0	35	2021-10-13T18:08:35
8.83947	-51.90964	0	35	2021-10-13T18:13:35
8.83977	-51.90833	0	35	2021-10-13T18:18:36
8.84004	-51.90704	0	35	2021-10-13T18:23:36
8.84033	-51.90567	0	35	2021-10-13T18:28:35
8.84070	-51.90436	0	35	2021-10-13T18:33:57
8.84104	-51.90329	0	35	2021-10-13T18:38:32
8.84150	-51.90197	0	35	2021-10-13T18:43:30
8.84183	-51.90094	0	35	2021-10-13T18:48:30
8.84212	-51.89978	0	35	2021-10-13T18:53:27
8.84244	-51.89865	0	35	2021-10-13T18:58:28
8.84277	-51.89737	0	35	2021-10-13T19:03:25
8.84305	-51.89624	0	35	2021-10-13T19:08:28
8.84326	-51.89497	0	35	2021-10-13T19:13:26
8.84352	-51.89377	0	35	2021-10-13T19:18:27
8.84388	-51.89255	0	35	2021-10-13T19:23:24
8.84420	-51.89139	0	35	2021-10-13T19:28:25
8.84437	-51.89014	0	35	2021-10-13T19:33:53
8.84446	-51.88910	0	35	2021-10-13T19:38:27
8.84463	-51.88788	0	35	2021-10-13T19:43:26
8.84481	-51.88672	0	35	2021-10-13T19:48:24
8.84496	-51.88561	0	35	2021-10-13T19:53:25
8.84512	-51.88467	0	35	2021-10-13T19:58:27
8.84521	-51.88373	0	35	2021-10-13T20:03:26
8.84538	-51.88281	0	35	2021-10-13T20:08:24
8.84549	-51.88196	0	35	2021-10-13T20:13:25
8.84556	-51.88098	0	35	2021-10-13T20:18:26
8.84553	-51.88000	0	35	2021-10-13T20:23:24
8.84543	-51.87906	0	35	2021-10-13T20:28:23
8.84543	-51.87787	0	35	2021-10-13T20:33:24
8.84539	-51.87698	0	35	2021-10-13T20:38:25
8.84543	-51.87589	0	35	2021-10-13T20:43:23
8.84545	-51.87469	0	35	2021-10-13T20:48:26
8.84542	-51.87347	0	35	2021-10-13T20:53:28
8.84534	-51.87234	0	35	2021-10-13T20:58:32
8.84521	-51.87119	0	35	2021-10-13T21:03:26
8.84502	-51.87000	0	35	2021-10-13T21:08:27
8.84487	-51.86880	0	35	2021-10-13T21:13:28
8.84473	-51.86774	0	35	2021-10-13T21:18:28
8.84465	-51.86664	0	35	2021-10-13T21:23:29
8.84456	-51.86551	0	35	2021-10-13T21:28:29
8.84440	-51.86411	0	35	2021-10-13T21:34:25
8.84431	-51.86316	0	35	2021-10-13T21:38:32
8.84409	-51.86206	0	35	2021-10-13T21:43:30
8.84390	-51.86108	0	35	2021-10-13T21:48:33
8.84369	-51.86014	0	35	2021-10-13T21:53:31
8.84352	-51.85928	0	35	2021-10-13T21:58:31
8.84326	-51.85855	0	35	2021-10-13T22:03:32
8.84291	-51.85778	0	35	2021-10-13T22:08:32
8.84261	-51.85709	0	35	2021-10-13T22:13:31
8.84226	-51.85638	0	35	2021-10-13T22:18:32
8.84188	-51.85565	0	35	2021-10-13T22:23:34
8.84155	-51.85492	0	35	2021-10-13T22:28:35
8.84129	-51.85428	0	35	2021-10-13T22:33:57
8.84104	-51.85376	0	35	2021-10-13T22:38:27
8.84075	-51.85313	0	35	2021-10-13T22:43:24
8.84054	-51.85262	0	35	2021-10-13T22:48:25
8.84028	-51.85211	0	35	2021-10-13T22:53:25
8.83991	-51.85153	0	35	2021-10-13T22:58:26
8.83961	-51.85098	0	35	2021-10-13T23:03:27
8.83930	-51.85052	0	35	2021-10-13T23:08:28
8.83902	-51.85004	0	35	2021-10-13T23:13:25
8.83821	-51.84907	0	35	2021-10-13T23:23:58
8.83787	-51.84864	0	35	2021-10-13T23:28:58
8.83747	-51.84778	0	35	2021-10-13T23:33:58
8.83719	-51.84732	0	35	2021-10-13T23:38:25
8.83686	-51.84668	0	35	2021-10-13T23:43:27
8.83643	-51.84610	0	35	2021-10-13T23:48:27
8.83600	-51.84549	0	35	2021-10-13T23:53:28
8.83558	-51.84484	0	35	2021-10-13T23:58:35
8.83519	-51.84433	0	35	2021-10-14T00:03:34
8.83483	-51.84366	0	35	2021-10-14T00:08:34
8.83441	-51.84302	0	35	2021-10-14T00:13:32
8.83405	-51.84235	0	35	2021-10-14T00:18:36
8.83367	-51.84172	0	35	2021-10-14T00:23:37
8.83334	-51.84103	0	35	2021-10-14T00:28:37
8.83301	-51.84039	0	35	2021-10-14T00:33:57
8.83280	-51.83972	0	35	2021-10-14T00:38:35
8.83245	-51.83896	0	35	2021-10-14T00:43:37
8.83214	-51.83826	0	35	2021-10-14T00:48:36
8.83184	-51.83749	0	35	2021-10-14T00:53:38
8.83158	-51.83677	0	35	2021-10-14T00:58:39
8.83132	-51.83600	0	35	2021-10-14T01:03:39
8.83113	-51.83521	0	35	2021-10-14T01:08:37
8.83087	-51.83444	0	35	2021-10-14T01:13:38
8.83066	-51.83359	0	35	2021-10-14T01:18:38
8.83048	-51.83273	0	35	2021-10-14T01:23:39
8.83020	-51.83179	0	35	2021-10-14T01:28:40
8.82981	-51.83104	0	35	2021-10-14T01:33:45
8.82968	-51.83027	0	35	2021-10-14T01:38:46
8.82954	-51.82950	0	35	2021-10-14T01:43:46
8.82945	-51.82883	0	35	2021-10-14T01:48:44
8.82937	-51.82825	0	35	2021-10-14T01:53:48
8.82938	-51.82773	0	35	2021-10-14T01:58:46
8.82931	-51.82718	0	35	2021-10-14T02:03:49
8.82916	-51.82663	0	35	2021-10-14T02:08:47
8.82893	-51.82581	0	35	2021-10-14T02:13:49
8.82888	-51.82520	0	35	2021-10-14T02:18:50
8.82881	-51.82452	0	35	2021-10-14T02:23:50
8.82868	-51.82388	0	35	2021-10-14T02:28:51
8.82860	-51.82300	0	35	2021-10-14T02:34:29
8.82851	-51.82236	0	35	2021-10-14T02:38:49
8.82846	-51.82169	0	35	2021-10-14T02:43:50
8.82836	-51.82098	0	35	2021-10-14T02:48:50
8.82821	-51.82028	0	35	2021-10-14T02:53:51
8.82809	-51.81952	0	35	2021-10-14T02:58:53
8.82798	-51.81873	0	35	2021-10-14T03:03:53
8.82788	-51.81799	0	35	2021-10-14T03:08:54
8.82768	-51.81729	0	35	2021-10-14T03:13:53
8.82748	-51.81656	0	35	2021-10-14T03:18:52
8.82727	-51.81578	0	35	2021-10-14T03:23:52
8.82718	-51.81509	0	35	2021-10-14T03:28:53
8.82701	-51.81421	0	35	2021-10-14T03:34:25
8.82687	-51.81360	0	35	2021-10-14T03:38:54
8.82681	-51.81287	0	35	2021-10-14T03:43:52
8.82673	-51.81213	0	35	2021-10-14T03:48:49
8.82663	-51.81145	0	35	2021-10-14T03:53:50
8.82654	-51.81076	0	35	2021-10-14T03:58:51
8.82647	-51.81000	0	35	2021-10-14T04:04:04
8.82638	-51.80944	0	35	2021-10-14T04:08:53
8.82629	-51.80893	0	35	2021-10-14T04:13:53
8.82616	-51.80841	0	35	2021-10-14T04:18:53
8.82597	-51.80786	0	35	2021-10-14T04:23:55
8.82577	-51.80725	0	35	2021-10-14T04:28:52
8.82558	-51.80658	0	35	2021-10-14T04:34:24
8.82536	-51.80606	0	35	2021-10-14T04:38:53
8.82518	-51.80551	0	35	2021-10-14T04:43:51
8.82502	-51.80502	0	35	2021-10-14T04:48:50
8.82480	-51.80457	0	35	2021-10-14T04:53:51
8.82461	-51.80411	0	35	2021-10-14T04:58:49
8.82438	-51.80371	0	35	2021-10-14T05:03:50
8.82421	-51.80317	0	35	2021-10-14T05:08:51
8.82391	-51.80283	0	35	2021-10-14T05:13:51
8.82347	-51.80243	0	35	2021-10-14T05:18:49
8.82281	-51.80200	0	35	2021-10-14T05:23:51
8.82206	-51.80164	0	35	2021-10-14T05:28:54
8.82137	-51.80109	0	35	2021-10-14T05:34:26
8.82086	-51.80067	0	35	2021-10-14T05:38:52
8.82052	-51.80033	0	35	2021-10-14T05:43:53
8.82022	-51.79999	0	35	2021-10-14T05:48:53
8.81987	-51.79959	0	35	2021-10-14T05:53:54
8.81954	-51.79926	0	35	2021-10-14T05:58:53
8.81916	-51.79887	0	35	2021-10-14T06:03:53
8.81886	-51.79861	0	35	2021-10-14T06:08:54
8.81842	-51.79819	0	35	2021-10-14T06:13:55
8.81804	-51.79782	0	35	2021-10-14T06:18:54
8.81769	-51.79742	0	35	2021-10-14T06:23:55
8.81724	-51.79712	0	35	2021-10-14T06:28:53
8.81659	-51.79672	0	35	2021-10-14T06:34:25
8.81610	-51.79642	0	35	2021-10-14T06:38:52
8.81567	-51.79602	0	35	2021-10-14T06:43:53
8.81540	-51.79556	0	35	2021-10-14T06:48:56
8.81516	-51.79514	0	35	2021-10-14T06:53:54
8.81480	-51.79477	0	35	2021-10-14T06:58:57
8.81434	-51.79443	0	35	2021-10-14T07:03:55
8.81396	-51.79401	0	35	2021-10-14T07:08:56
8.81358	-51.79361	0	35	2021-10-14T07:13:56
8.81317	-51.79321	0	35	2021-10-14T07:18:58
8.81268	-51.79279	0	35	2021-10-14T07:23:55
8.81217	-51.79230	0	35	2021-10-14T07:28:55
8.81157	-51.79169	0	35	2021-10-14T07:34:24
8.81114	-51.79117	0	35	2021-10-14T07:38:56
8.81062	-51.79059	0	35	2021-10-14T07:43:55
8.81016	-51.79007	0	35	2021-10-14T07:48:56
8.80967	-51.78952	0	35	2021-10-14T07:53:57
8.80920	-51.78900	0	35	2021-10-14T07:58:57
8.80871	-51.78854	0	35	2021-10-14T08:03:58
8.80827	-51.78812	0	35	2021-10-14T08:08:59
8.80779	-51.78769	0	35	2021-10-14T08:13:57
8.80733	-51.78720	0	35	2021-10-14T08:19:00
8.80687	-51.78665	0	35	2021-10-14T08:23:58
8.80640	-51.78610	0	35	2021-10-14T08:29:02
8.80585	-51.78546	0	35	2021-10-14T08:34:26
8.80538	-51.78497	0	35	2021-10-14T08:39:03
8.80494	-51.78439	0	35	2021-10-14T08:44:05
8.80448	-51.78387	0	35	2021-10-14T08:49:05
8.80405	-51.78339	0	35	2021-10-14T08:54:07
8.80366	-51.78275	0	35	2021-10-14T08:59:08
8.80338	-51.78220	0	35	2021-10-14T09:04:08
8.80301	-51.78152	0	35	2021-10-14T09:09:04
8.80261	-51.78088	0	35	2021-10-14T09:14:03
8.80216	-51.78027	0	35	2021-10-14T09:19:02
8.80165	-51.77957	0	35	2021-10-14T09:24:03
8.80114	-51.77896	0	35	2021-10-14T09:29:04
8.80053	-51.77835	0	35	2021-10-14T09:34:25
8.79998	-51.77780	0	35	2021-10-14T09:39:02
8.79935	-51.77710	0	35	2021-10-14T09:44:00
8.79876	-51.77648	0	35	2021-10-14T09:48:57
8.79815	-51.77579	0	35	2021-10-14T09:53:58
8.79758	-51.77512	0	35	2021-10-14T09:58:58
8.79698	-51.77438	0	35	2021-10-14T10:03:58
8.79626	-51.77348	0	35	2021-10-14T10:09:00
8.79552	-51.77271	0	35	2021-10-14T10:14:01
8.79471	-51.77194	0	35	2021-10-14T10:19:01
8.79378	-51.77115	0	35	2021-10-14T10:23:59
8.79236	-51.77017	0	35	2021-10-14T10:30:39
8.79143	-51.76953	0	35	2021-10-14T10:34:26
8.79052	-51.76880	0	35	2021-10-14T10:39:05
8.78959	-51.76794	0	35	2021-10-14T10:44:05
8.78867	-51.76695	0	35	2021-10-14T10:49:07
8.78773	-51.76605	0	35	2021-10-14T10:54:07
8.78683	-51.76498	0	35	2021-10-14T10:59:06
8.78595	-51.76385	0	35	2021-10-14T11:04:10
8.78492	-51.76276	0	35	2021-10-14T11:09:09
8.78389	-51.76169	0	35	2021-10-14T11:14:11
8.78285	-51.76056	0	35	2021-10-14T11:19:09
8.78181	-51.75952	0	35	2021-10-14T11:24:12
8.78070	-51.75851	0	35	2021-10-14T11:29:14
8.77948	-51.75726	0	35	2021-10-14T11:34:38
8.77848	-51.75629	0	35	2021-10-14T11:39:15
8.77735	-51.75526	0	35	2021-10-14T11:44:11
8.77623	-51.75414	0	35	2021-10-14T11:49:10
8.77516	-51.75311	0	35	2021-10-14T11:54:10
8.77408	-51.75211	0	35	2021-10-14T11:59:11
8.77307	-51.75107	0	35	2021-10-14T12:04:12
8.77192	-51.75006	0	35	2021-10-14T12:09:12
8.77082	-51.74896	0	35	2021-10-14T12:14:14
8.76974	-51.74774	0	35	2021-10-14T12:19:12
8.76853	-51.74651	0	35	2021-10-14T12:24:54
8.76753	-51.74533	0	35	2021-10-14T12:29:17
8.76638	-51.74402	0	35	2021-10-14T12:34:55
8.76535	-51.74304	0	35	2021-10-14T12:39:15
8.76423	-51.74179	0	35	2021-10-14T12:44:16
8.76318	-51.74057	0	35	2021-10-14T12:49:16
8.76214	-51.73932	0	35	2021-10-14T12:54:14
8.76115	-51.73791	0	35	2021-10-14T12:59:17
8.76016	-51.73654	0	35	2021-10-14T13:04:17
8.75916	-51.73517	0	35	2021-10-14T13:09:16
8.75810	-51.73370	0	35	2021-10-14T13:14:17
8.75705	-51.73230	0	35	2021-10-14T13:19:17
8.75611	-51.73093	0	35	2021-10-14T13:24:18
8.75520	-51.72955	0	35	2021-10-14T13:29:15
8.75337	-51.72692	0	35	2021-10-14T13:39:17
8.75247	-51.72555	0	35	2021-10-14T13:44:17
8.75160	-51.72418	0	35	2021-10-14T13:49:17
8.75073	-51.72275	0	35	2021-10-14T13:54:18
8.74984	-51.72131	0	35	2021-10-14T13:59:17
8.74909	-51.71994	0	35	2021-10-14T14:04:17
8.74808	-51.71841	0	35	2021-10-14T14:09:17
8.74710	-51.71685	0	35	2021-10-14T14:14:19
8.74605	-51.71539	0	35	2021-10-14T14:19:16
8.74505	-51.71393	0	35	2021-10-14T14:24:18
8.74413	-51.71238	0	35	2021-10-14T14:30:26
8.74301	-51.71066	0	35	2021-10-14T14:35:25
8.74240	-51.70963	0	35	2021-10-14T14:39:18
8.74136	-51.70825	0	35	2021-10-14T14:44:21
8.74050	-51.70688	0	35	2021-10-14T14:49:21
8.73963	-51.70554	0	35	2021-10-14T14:54:19
8.73879	-51.70422	0	35	2021-10-14T14:59:19
8.73786	-51.70278	0	35	2021-10-14T15:04:19
8.73709	-51.70141	0	35	2021-10-14T15:09:18
8.73626	-51.70004	0	35	2021-10-14T15:14:18
8.73537	-51.69854	0	35	2021-10-14T15:19:22
8.73447	-51.69708	0	35	2021-10-14T15:24:22
8.73358	-51.69565	0	35	2021-10-14T15:29:20
8.73260	-51.69406	0	35	2021-10-14T15:34:56
8.73185	-51.69284	0	35	2021-10-14T15:39:18
8.73103	-51.69144	0	35	2021-10-14T15:44:19
8.73018	-51.69000	0	35	2021-10-14T15:49:20
8.72927	-51.68860	0	35	2021-10-14T15:54:20
8.72835	-51.68701	0	35	2021-10-14T15:59:36
8.72735	-51.68555	0	35	2021-10-14T16:04:38
8.72647	-51.68414	0	35	2021-10-14T16:09:27
8.72552	-51.68277	0	35	2021-10-14T16:14:28
8.72464	-51.68134	0	35	2021-10-14T16:19:28
8.72372	-51.67999	0	35	2021-10-14T16:24:32
8.72279	-51.67865	0	35	2021-10-14T16:29:30
8.72185	-51.67722	0	35	2021-10-14T16:34:54
8.72104	-51.67609	0	35	2021-10-14T16:39:28
8.72023	-51.67484	0	35	2021-10-14T16:44:29
8.71946	-51.67371	0	35	2021-10-14T16:49:26
8.71855	-51.67245	0	35	2021-10-14T16:54:24
8.71766	-51.67120	0	35	2021-10-14T16:59:27
8.71679	-51.66995	0	35	2021-10-14T17:04:29
8.71593	-51.66870	0	35	2021-10-14T17:09:29
8.71510	-51.66733	0	35	2021-10-14T17:14:29
8.71429	-51.66599	0	35	2021-10-14T17:19:27
8.71350	-51.66476	0	35	2021-10-14T17:24:28
8.71271	-51.66348	0	35	2021-10-14T17:29:26
8.71271	-51.66349	0	35	2021-10-14T17:29:55
8.71185	-51.66228	0	35	2021-10-14T17:34:26
8.71190	-51.66229	0	35	2021-10-14T17:34:54
8.71111	-51.66125	0	35	2021-10-14T17:39:26
8.71108	-51.66125	0	35	2021-10-14T17:39:27
8.71022	-51.66017	0	35	2021-10-14T17:44:25
8.71026	-51.66022	0	35	2021-10-14T17:44:27
8.70945	-51.65924	0	35	2021-10-14T17:49:25
8.70864	-51.65820	0	35	2021-10-14T17:54:26
8.70786	-51.65723	0	35	2021-10-14T17:59:23
8.70709	-51.65631	0	35	2021-10-14T18:04:26
8.70631	-51.65528	0	35	2021-10-14T18:09:29
8.70555	-51.65448	0	35	2021-10-14T18:14:26
8.70472	-51.65356	0	35	2021-10-14T18:19:30
8.70383	-51.65262	0	35	2021-10-14T18:24:28
8.70298	-51.65164	0	35	2021-10-14T18:29:28
8.70203	-51.65051	0	35	2021-10-14T18:34:56
8.70125	-51.64946	0	35	2021-10-14T18:39:26
8.70043	-51.64843	0	35	2021-10-14T18:44:27
8.70046	-51.64850	0	35	2021-10-14T18:44:27
8.69970	-51.64740	0	35	2021-10-14T18:49:27
8.69885	-51.64633	0	35	2021-10-14T18:54:28
8.69797	-51.64540	0	35	2021-10-14T18:59:22
8.69707	-51.64454	0	35	2021-10-14T19:04:23
8.69707	-51.64459	0	35	2021-10-14T19:04:26
8.69613	-51.64368	0	35	2021-10-14T19:09:23
8.69518	-51.64273	0	35	2021-10-14T19:14:24
8.69419	-51.64165	0	35	2021-10-14T19:19:17
8.69325	-51.64071	0	35	2021-10-14T19:24:18
8.69231	-51.63968	0	35	2021-10-14T19:29:18
8.69125	-51.63849	0	35	2021-10-14T19:34:54
8.69042	-51.63751	0	35	2021-10-14T19:39:16
8.68948	-51.63657	0	35	2021-10-14T19:44:16
8.68854	-51.63553	0	35	2021-10-14T19:49:18
8.68759	-51.63449	0	35	2021-10-14T19:54:19
8.68668	-51.63338	0	35	2021-10-14T19:59:19
8.68565	-51.63244	0	35	2021-10-14T20:04:18
8.68465	-51.63141	0	35	2021-10-14T20:09:18
8.68368	-51.63034	0	35	2021-10-14T20:14:20
8.68263	-51.62927	0	35	2021-10-14T20:19:20
8.68162	-51.62817	0	35	2021-10-14T20:24:23
8.68059	-51.62704	0	35	2021-10-14T20:29:21
8.67938	-51.62573	0	35	2021-10-14T20:34:57
8.67845	-51.62460	0	35	2021-10-14T20:39:23
8.67737	-51.62338	0	35	2021-10-14T20:44:24
8.67634	-51.62209	0	35	2021-10-14T20:49:25
8.67536	-51.62097	0	35	2021-10-14T20:54:26
8.67445	-51.61983	0	35	2021-10-14T20:59:27
8.67351	-51.61880	0	35	2021-10-14T21:04:27
8.67259	-51.61777	0	35	2021-10-14T21:09:25
8.67165	-51.61673	0	35	2021-10-14T21:14:26
8.67062	-51.61560	0	35	2021-10-14T21:19:25
8.66954	-51.61447	0	35	2021-10-14T21:24:23
8.66836	-51.61322	0	35	2021-10-14T21:29:25
8.66705	-51.61172	0	35	2021-10-14T21:34:25
8.66606	-51.61078	0	35	2021-10-14T21:39:26
8.66496	-51.60968	0	35	2021-10-14T21:44:27
8.66386	-51.60851	0	35	2021-10-14T21:49:27
8.66271	-51.60739	0	35	2021-10-14T21:54:27
8.66154	-51.60623	0	35	2021-10-14T21:59:25
8.66038	-51.60507	0	35	2021-10-14T22:04:27
8.65914	-51.60385	0	35	2021-10-14T22:09:22
8.65790	-51.60272	0	35	2021-10-14T22:14:24
8.65670	-51.60153	0	35	2021-10-14T22:19:21
8.65541	-51.60031	0	35	2021-10-14T22:24:22
8.65418	-51.59912	0	35	2021-10-14T22:29:23
8.65296	-51.59790	0	35	2021-10-14T22:34:54
8.65194	-51.59698	0	35	2021-10-14T22:39:20
8.65085	-51.59583	0	35	2021-10-14T22:44:18
8.64964	-51.59441	0	35	2021-10-14T22:49:22
8.64836	-51.59312	0	35	2021-10-14T22:54:22
8.64711	-51.59192	0	35	2021-10-14T22:59:21
8.64592	-51.59082	0	35	2021-10-14T23:04:24
8.64464	-51.58963	0	35	2021-10-14T23:09:25
8.64335	-51.58841	0	35	2021-10-14T23:14:29
8.64208	-51.58716	0	35	2021-10-14T23:19:30
8.64076	-51.58588	0	35	2021-10-14T23:24:28
8.63946	-51.58469	0	35	2021-10-14T23:29:26
8.63798	-51.58331	0	35	2021-10-14T23:34:58
8.63669	-51.58221	0	35	2021-10-14T23:39:34
8.63528	-51.58105	0	35	2021-10-14T23:44:29
8.63376	-51.57986	0	35	2021-10-14T23:49:31
8.63228	-51.57867	0	35	2021-10-14T23:54:33
8.63090	-51.57745	0	35	2021-10-14T23:59:31
8.62945	-51.57614	0	35	2021-10-15T00:04:34
8.62794	-51.57483	0	35	2021-10-15T00:09:35
8.62641	-51.57361	0	35	2021-10-15T00:14:34
8.62482	-51.57235	0	35	2021-10-15T00:19:34
8.62323	-51.57123	0	35	2021-10-15T00:24:35
8.62163	-51.57001	0	35	2021-10-15T00:29:32
8.61988	-51.56870	0	35	2021-10-15T00:34:58
8.61837	-51.56748	0	35	2021-10-15T00:39:33
8.61674	-51.56628	0	35	2021-10-15T00:44:33
8.61508	-51.56503	0	35	2021-10-15T00:49:30
8.61353	-51.56387	0	35	2021-10-15T00:54:28
8.61186	-51.56248	0	35	2021-10-15T00:59:29
8.61018	-51.56128	0	35	2021-10-15T01:04:30
8.60844	-51.55997	0	35	2021-10-15T01:09:30
8.60669	-51.55869	0	35	2021-10-15T01:14:31
8.60511	-51.55743	0	35	2021-10-15T01:19:29
8.60354	-51.55627	0	35	2021-10-15T01:24:30
8.60202	-51.55511	0	35	2021-10-15T01:29:30
8.60023	-51.55377	0	35	2021-10-15T01:34:55
8.59863	-51.55267	0	35	2021-10-15T01:39:32
8.59704	-51.55147	0	35	2021-10-15T01:44:32
8.59554	-51.55035	0	35	2021-10-15T01:49:31
8.59399	-51.54919	0	35	2021-10-15T01:54:32
8.59246	-51.54803	0	35	2021-10-15T01:59:32
8.59089	-51.54681	0	35	2021-10-15T02:04:31
8.58930	-51.54559	0	35	2021-10-15T02:09:32
8.58771	-51.54434	0	35	2021-10-15T02:14:33
8.58622	-51.54303	0	35	2021-10-15T02:19:31
8.58475	-51.54178	0	35	2021-10-15T02:24:29
8.58331	-51.54059	0	35	2021-10-15T02:29:30
8.58170	-51.53922	0	35	2021-10-15T02:34:56
8.58032	-51.53809	0	35	2021-10-15T02:39:31
8.57878	-51.53690	0	35	2021-10-15T02:44:32
8.57734	-51.53574	0	35	2021-10-15T02:49:33
8.57591	-51.53464	0	35	2021-10-15T02:54:34
8.57443	-51.53351	0	35	2021-10-15T02:59:35
8.57305	-51.53235	0	35	2021-10-15T03:04:35
8.57156	-51.53122	0	35	2021-10-15T03:09:39
8.57011	-51.53011	0	35	2021-10-15T03:14:38
8.56851	-51.52908	0	35	2021-10-15T03:19:38
8.56699	-51.52802	0	35	2021-10-15T03:24:38
8.56546	-51.52701	0	35	2021-10-15T03:29:40
8.56387	-51.52578	0	35	2021-10-15T03:34:40
8.56246	-51.52475	0	35	2021-10-15T03:39:40
8.56094	-51.52371	0	35	2021-10-15T03:44:38
8.55936	-51.52252	0	35	2021-10-15T03:49:42
8.55777	-51.52136	0	35	2021-10-15T03:54:44
8.55620	-51.52017	0	35	2021-10-15T03:59:43
8.55465	-51.51913	0	35	2021-10-15T04:04:45
8.55303	-51.51804	0	35	2021-10-15T04:09:43
8.55147	-51.51700	0	35	2021-10-15T04:14:44
8.54987	-51.51593	0	35	2021-10-15T04:19:44
8.54824	-51.51489	0	35	2021-10-15T04:24:41
8.54662	-51.51392	0	35	2021-10-15T04:29:42
8.54491	-51.51273	0	35	2021-10-15T04:35:07
8.54344	-51.51178	0	35	2021-10-15T04:39:43
8.54198	-51.51068	0	35	2021-10-15T04:44:41
8.54043	-51.50955	0	35	2021-10-15T04:49:39
8.53890	-51.50839	0	35	2021-10-15T04:54:42
8.53743	-51.50723	0	35	2021-10-15T04:59:40
8.53581	-51.50613	0	35	2021-10-15T05:04:41
8.53424	-51.50497	0	35	2021-10-15T05:09:42
8.53274	-51.50394	0	35	2021-10-15T05:14:42
8.53115	-51.50293	0	35	2021-10-15T05:19:44
8.52959	-51.50186	0	35	2021-10-15T05:24:43
8.52806	-51.50076	0	35	2021-10-15T05:29:44
8.52638	-51.49963	0	35	2021-10-15T05:35:09
8.52497	-51.49854	0	35	2021-10-15T05:39:43
8.52337	-51.49728	0	35	2021-10-15T05:44:42
8.52180	-51.49609	0	35	2021-10-15T05:49:43
8.52021	-51.49481	0	35	2021-10-15T05:54:45
8.51845	-51.49341	0	35	2021-10-15T05:59:42
8.51673	-51.49205	0	35	2021-10-15T06:04:43
8.51504	-51.49078	0	35	2021-10-15T06:09:40
8.51333	-51.48956	0	35	2021-10-15T06:14:43
8.51164	-51.48842	0	35	2021-10-15T06:19:44
8.51005	-51.48722	0	35	2021-10-15T06:24:43
8.50852	-51.48602	0	35	2021-10-15T06:29:44
8.50691	-51.48465	0	35	2021-10-15T06:35:06
8.50545	-51.48343	0	35	2021-10-15T06:39:44
8.50388	-51.48208	0	35	2021-10-15T06:44:46
8.50238	-51.48096	0	35	2021-10-15T06:49:46
8.50088	-51.47980	0	35	2021-10-15T06:54:44
8.49930	-51.47855	0	35	2021-10-15T06:59:45
8.49771	-51.47733	0	35	2021-10-15T07:04:45
8.49616	-51.47601	0	35	2021-10-15T07:09:46
8.49461	-51.47473	0	35	2021-10-15T07:14:44
8.49302	-51.47336	0	35	2021-10-15T07:19:44
8.49152	-51.47199	0	35	2021-10-15T07:24:46
8.48994	-51.47070	0	35	2021-10-15T07:29:46
8.48827	-51.46927	0	35	2021-10-15T07:35:09
8.48687	-51.46817	0	35	2021-10-15T07:39:45
8.48535	-51.46699	0	35	2021-10-15T07:44:45
8.48385	-51.46579	0	35	2021-10-15T07:49:46
8.48232	-51.46463	0	35	2021-10-15T07:54:43
8.48076	-51.46350	0	35	2021-10-15T07:59:44
8.47930	-51.46237	0	35	2021-10-15T08:04:47
8.47775	-51.46136	0	35	2021-10-15T08:09:45
8.47613	-51.46027	0	35	2021-10-15T08:14:43
8.47460	-51.45926	0	35	2021-10-15T08:19:46
8.47312	-51.45831	0	35	2021-10-15T08:24:44
8.47160	-51.45719	0	35	2021-10-15T08:29:48
8.47003	-51.45599	0	35	2021-10-15T08:35:06
8.46859	-51.45505	0	35	2021-10-15T08:39:47
8.46704	-51.45401	0	35	2021-10-15T08:44:50
8.46552	-51.45297	0	35	2021-10-15T08:49:48
8.46396	-51.45200	0	35	2021-10-15T08:54:50
8.46246	-51.45090	0	35	2021-10-15T08:59:50
8.46088	-51.44985	0	35	2021-10-15T09:04:51
8.45935	-51.44882	0	35	2021-10-15T09:09:52
8.45783	-51.44781	0	35	2021-10-15T09:14:52
8.45620	-51.44669	0	35	2021-10-15T09:19:53
8.45458	-51.44565	0	35	2021-10-15T09:24:54
8.45304	-51.44467	0	35	2021-10-15T09:29:54
8.45119	-51.44364	0	35	2021-10-15T09:34:56
8.44969	-51.44278	0	35	2021-10-15T09:39:57
8.44792	-51.44174	0	35	2021-10-15T09:44:58
8.44624	-51.44083	0	35	2021-10-15T09:49:53
8.44448	-51.43998	0	35	2021-10-15T09:54:52
8.44285	-51.43912	0	35	2021-10-15T09:59:52
8.44126	-51.43823	0	35	2021-10-15T10:04:53
8.43953	-51.43729	0	35	2021-10-15T10:09:50
8.43770	-51.43621	0	35	2021-10-15T10:14:51
8.43586	-51.43527	0	35	2021-10-15T10:19:52
8.43418	-51.43445	0	35	2021-10-15T10:24:53
8.43248	-51.43359	0	35	2021-10-15T10:29:51
8.43028	-51.43265	0	35	2021-10-15T10:35:55
8.42880	-51.43195	0	35	2021-10-15T10:39:56
8.42692	-51.43112	0	35	2021-10-15T10:44:56
8.42500	-51.43018	0	35	2021-10-15T10:49:57
8.42305	-51.42936	0	35	2021-10-15T10:54:55
8.42112	-51.42859	0	35	2021-10-15T10:59:55
8.41906	-51.42770	0	35	2021-10-15T11:05:00
8.41703	-51.42697	0	35	2021-10-15T11:10:00
8.41497	-51.42625	0	35	2021-10-15T11:15:04
8.41287	-51.42548	0	35	2021-10-15T11:20:03
8.41074	-51.42471	0	35	2021-10-15T11:25:06
8.40860	-51.42407	0	35	2021-10-15T11:30:00
8.40643	-51.42343	0	35	2021-10-15T11:35:28
8.40452	-51.42279	0	35	2021-10-15T11:40:02
8.40241	-51.42209	0	35	2021-10-15T11:45:02
8.40037	-51.42148	0	35	2021-10-15T11:50:04
8.39833	-51.42084	0	35	2021-10-15T11:55:01
8.39628	-51.42032	0	35	2021-10-15T12:00:02
8.39413	-51.41965	0	35	2021-10-15T12:05:02
8.39211	-51.41931	0	35	2021-10-15T12:10:02
8.39005	-51.41888	0	35	2021-10-15T12:15:01
8.38796	-51.41837	0	35	2021-10-15T12:20:04
8.38593	-51.41782	0	35	2021-10-15T12:25:02
8.38383	-51.41730	0	35	2021-10-15T12:30:06
8.38130	-51.41666	0	35	2021-10-15T12:35:37
8.37937	-51.41620	0	35	2021-10-15T12:40:01
8.37716	-51.41567	0	35	2021-10-15T12:45:01
8.37496	-51.41516	0	35	2021-10-15T12:50:02
8.37268	-51.41467	0	35	2021-10-15T12:55:00
8.37039	-51.41425	0	35	2021-10-15T13:00:03
8.36811	-51.41376	0	35	2021-10-15T13:05:04
8.36593	-51.41342	0	35	2021-10-15T13:10:04
8.36378	-51.41306	0	35	2021-10-15T13:15:03
8.36172	-51.41287	0	35	2021-10-15T13:20:04
8.35959	-51.41272	0	35	2021-10-15T13:25:07
8.35744	-51.41272	0	35	2021-10-15T13:30:06
8.35511	-51.41272	0	35	2021-10-15T13:35:25
8.35295	-51.41266	0	35	2021-10-15T13:40:10
8.35056	-51.41246	0	35	2021-10-15T13:45:12
8.34830	-51.41246	0	35	2021-10-15T13:50:12
8.34598	-51.41220	0	35	2021-10-15T13:55:12
8.34369	-51.41199	0	35	2021-10-15T14:00:13
8.34159	-51.41176	0	35	2021-10-15T14:05:11
8.33923	-51.41150	0	35	2021-10-15T14:10:12
8.33681	-51.41129	0	35	2021-10-15T14:15:09
8.33463	-51.41086	0	35	2021-10-15T14:20:10
8.33233	-51.41085	0	35	2021-10-15T14:25:11
8.33001	-51.41068	0	35	2021-10-15T14:30:11
8.32734	-51.41061	0	35	2021-10-15T14:35:27
8.32508	-51.41064	0	35	2021-10-15T14:40:10
8.32296	-51.41064	0	35	2021-10-15T14:45:09
8.32036	-51.41068	0	35	2021-10-15T14:50:08
8.31804	-51.41077	0	35	2021-10-15T14:55:08
8.31579	-51.41101	0	35	2021-10-15T15:00:10
8.31352	-51.41122	0	35	2021-10-15T15:05:10
8.31143	-51.41141	0	35	2021-10-15T15:10:14
8.30922	-51.41174	0	35	2021-10-15T15:15:12
8.30674	-51.41214	0	35	2021-10-15T15:20:16
8.30444	-51.41243	0	35	2021-10-15T15:25:20
8.30230	-51.41269	0	35	2021-10-15T15:30:19
8.29974	-51.41309	0	35	2021-10-15T15:36:00
8.29785	-51.41330	0	35	2021-10-15T15:40:16
8.29569	-51.41360	0	35	2021-10-15T15:45:17
8.29123	-51.41431	0	35	2021-10-15T15:55:15
8.28919	-51.41452	0	35	2021-10-15T16:00:14
8.28702	-51.41483	0	35	2021-10-15T16:05:15
8.28491	-51.41519	0	35	2021-10-15T16:10:14
8.28280	-51.41553	0	35	2021-10-15T16:15:17
8.28070	-51.41583	0	35	2021-10-15T16:20:14
8.27870	-51.41614	0	35	2021-10-15T16:25:11
8.27659	-51.41644	0	35	2021-10-15T16:30:13
8.27424	-51.41696	0	35	2021-10-15T16:35:06
8.27248	-51.41711	0	35	2021-10-15T16:40:08
8.27033	-51.41730	0	35	2021-10-15T16:45:07
8.26815	-51.41757	0	35	2021-10-15T16:50:11
8.26603	-51.41795	0	35	2021-10-15T16:55:13
8.26397	-51.41824	0	35	2021-10-15T17:00:11
8.26187	-51.41855	0	35	2021-10-15T17:05:12
8.25974	-51.41888	0	35	2021-10-15T17:10:09
8.25770	-51.41916	0	35	2021-10-15T17:15:10
8.25561	-51.41942	0	35	2021-10-15T17:20:09
8.25351	-51.41968	0	35	2021-10-15T17:25:08
8.25132	-51.42004	0	35	2021-10-15T17:30:08
8.24896	-51.42038	0	35	2021-10-15T17:35:08
8.24699	-51.42072	0	35	2021-10-15T17:40:08
8.24489	-51.42120	0	35	2021-10-15T17:45:07
8.24276	-51.42169	0	35	2021-10-15T17:50:08
8.24055	-51.42221	0	35	2021-10-15T17:55:07
8.23847	-51.42273	0	35	2021-10-15T18:00:08
8.23642	-51.42322	0	35	2021-10-15T18:05:06
8.23438	-51.42374	0	35	2021-10-15T18:10:06
8.23231	-51.42426	0	35	2021-10-15T18:15:08
8.23024	-51.42490	0	35	2021-10-15T18:20:08
8.22814	-51.42557	0	35	2021-10-15T18:25:10
8.22603	-51.42615	0	35	2021-10-15T18:30:09
8.22359	-51.42670	0	35	2021-10-15T18:35:56
8.22178	-51.42712	0	35	2021-10-15T18:40:11
8.21970	-51.42758	0	35	2021-10-15T18:45:13
8.21748	-51.42798	0	35	2021-10-15T18:50:11
8.21532	-51.42834	0	35	2021-10-15T18:55:15
8.21319	-51.42871	0	35	2021-10-15T19:00:15
8.21106	-51.42899	0	35	2021-10-15T19:05:15
8.20894	-51.42938	0	35	2021-10-15T19:10:17
8.20682	-51.42975	0	35	2021-10-15T19:15:19
8.20487	-51.43015	0	35	2021-10-15T19:20:19
8.20275	-51.43062	0	35	2021-10-15T19:25:20
8.20069	-51.43088	0	35	2021-10-15T19:30:20
8.19834	-51.43134	0	35	2021-10-15T19:35:56
8.19652	-51.43164	0	35	2021-10-15T19:40:19
8.19444	-51.43223	0	35	2021-10-15T19:45:22
8.19244	-51.43262	0	35	2021-10-15T19:50:20
8.19018	-51.43317	0	35	2021-10-15T19:55:21
8.18798	-51.43369	0	35	2021-10-15T20:00:23
8.18568	-51.43427	0	35	2021-10-15T20:05:23
8.18329	-51.43478	0	35	2021-10-15T20:10:24
8.18097	-51.43527	0	35	2021-10-15T20:15:25
8.17866	-51.43579	0	35	2021-10-15T20:20:25
8.17634	-51.43637	0	35	2021-10-15T20:25:26
8.17399	-51.43698	0	35	2021-10-15T20:30:28
8.17145	-51.43756	0	35	2021-10-15T20:35:55
8.16938	-51.43805	0	35	2021-10-15T20:40:24
8.16708	-51.43860	0	35	2021-10-15T20:45:25
8.16483	-51.43915	0	35	2021-10-15T20:50:23
8.16031	-51.44049	0	35	2021-10-15T21:00:23
8.15809	-51.44113	0	35	2021-10-15T21:05:22
8.15591	-51.44174	0	35	2021-10-15T21:10:21
8.15376	-51.44238	0	35	2021-10-15T21:15:23
8.15173	-51.44308	0	35	2021-10-15T21:20:20
8.14973	-51.44379	0	35	2021-10-15T21:25:21
8.14570	-51.44577	0	35	2021-10-15T21:35:56
8.14403	-51.44648	0	35	2021-10-15T21:40:15
8.14218	-51.44717	0	35	2021-10-15T21:45:14
8.14030	-51.44791	0	35	2021-10-15T21:50:15
8.13842	-51.44862	0	35	2021-10-15T21:55:18
8.13653	-51.44931	0	35	2021-10-15T22:00:18
8.13458	-51.45001	0	35	2021-10-15T22:05:19
8.13269	-51.45065	0	35	2021-10-15T22:10:18
8.13085	-51.45135	0	35	2021-10-15T22:15:22
8.12913	-51.45204	0	35	2021-10-15T22:20:22
8.12737	-51.45273	0	35	2021-10-15T22:25:21
8.12557	-51.45355	0	35	2021-10-15T22:30:23
8.12364	-51.45450	0	35	2021-10-15T22:36:00
8.12210	-51.45526	0	35	2021-10-15T22:40:23
8.12029	-51.45609	0	35	2021-10-15T22:45:22
8.11846	-51.45688	0	35	2021-10-15T22:50:24
8.11659	-51.45776	0	35	2021-10-15T22:55:25
8.11492	-51.45870	0	35	2021-10-15T23:00:26
8.11328	-51.45956	0	35	2021-10-15T23:05:26
8.11162	-51.46036	0	35	2021-10-15T23:10:24
8.11001	-51.46127	0	35	2021-10-15T23:15:24
8.10840	-51.46222	0	35	2021-10-15T23:20:25
8.10687	-51.46326	0	35	2021-10-15T23:25:23
8.10539	-51.46426	0	35	2021-10-15T23:30:26
8.10371	-51.46533	0	35	2021-10-15T23:35:55
8.10237	-51.46622	0	35	2021-10-15T23:40:26
8.10079	-51.46729	0	35	2021-10-15T23:45:29
8.09925	-51.46829	0	35	2021-10-15T23:50:27
8.09770	-51.46928	0	35	2021-10-15T23:55:32
8.09604	-51.47031	0	35	2021-10-16T00:00:32
8.09445	-51.47134	0	35	2021-10-16T00:05:28
8.09301	-51.47241	0	35	2021-10-16T00:10:30
8.09151	-51.47345	0	35	2021-10-16T00:15:31
8.09000	-51.47446	0	35	2021-10-16T00:20:29
8.08848	-51.47553	0	35	2021-10-16T00:25:31
8.08698	-51.47647	0	35	2021-10-16T00:30:30
8.08524	-51.47742	0	35	2021-10-16T00:35:58
8.08386	-51.47839	0	35	2021-10-16T00:40:28
8.08239	-51.47928	0	35	2021-10-16T00:45:29
8.08108	-51.48013	0	35	2021-10-16T00:50:28
8.07978	-51.48102	0	35	2021-10-16T00:55:25
8.07849	-51.48190	0	35	2021-10-16T01:00:26
8.07724	-51.48299	0	35	2021-10-16T01:05:25
8.07595	-51.48393	0	35	2021-10-16T01:10:25
8.07461	-51.48505	0	35	2021-10-16T01:15:26
8.07333	-51.48621	0	35	2021-10-16T01:20:23
8.07199	-51.48749	0	35	2021-10-16T01:25:23
8.07062	-51.48886	0	35	2021-10-16T01:30:23
8.06898	-51.49039	0	35	2021-10-16T01:35:56
8.06772	-51.49158	0	35	2021-10-16T01:40:22
8.06617	-51.49290	0	35	2021-10-16T01:45:22
8.06481	-51.49419	0	35	2021-10-16T01:50:21
8.06335	-51.49548	0	35	2021-10-16T01:55:21
8.06209	-51.49683	0	35	2021-10-16T02:00:21
8.06081	-51.49814	0	35	2021-10-16T02:05:19
8.05951	-51.49945	0	35	2021-10-16T02:10:20
8.05827	-51.50061	0	35	2021-10-16T02:15:17
8.05699	-51.50179	0	35	2021-10-16T02:20:19
8.05579	-51.50299	0	35	2021-10-16T02:25:19
8.05463	-51.50415	0	35	2021-10-16T02:30:18
8.05338	-51.50562	0	35	2021-10-16T02:35:55
8.05228	-51.50662	0	35	2021-10-16T02:40:17
8.05104	-51.50784	0	35	2021-10-16T02:45:17
8.04972	-51.50897	0	35	2021-10-16T02:50:19
8.04838	-51.51016	0	35	2021-10-16T02:55:17
8.04696	-51.51138	0	35	2021-10-16T03:00:20
8.04548	-51.51254	0	35	2021-10-16T03:05:21
8.04410	-51.51364	0	35	2021-10-16T03:10:21
8.04270	-51.51474	0	35	2021-10-16T03:15:19
8.04121	-51.51590	0	35	2021-10-16T03:20:20
8.03966	-51.51703	0	35	2021-10-16T03:25:20
8.03814	-51.51813	0	35	2021-10-16T03:30:19
8.03637	-51.51935	0	35	2021-10-16T03:35:54
8.03500	-51.52036	0	35	2021-10-16T03:40:19
8.03351	-51.52158	0	35	2021-10-16T03:45:20
8.03219	-51.52271	0	35	2021-10-16T03:50:18
8.03083	-51.52393	0	35	2021-10-16T03:55:17
8.02950	-51.52505	0	35	2021-10-16T04:00:16
8.02811	-51.52628	0	35	2021-10-16T04:05:16
8.02685	-51.52744	0	35	2021-10-16T04:10:14
8.02549	-51.52854	0	35	2021-10-16T04:15:14
8.02420	-51.52966	0	35	2021-10-16T04:20:14
8.02277	-51.53079	0	35	2021-10-16T04:25:13
8.02150	-51.53189	0	35	2021-10-16T04:30:12
8.02008	-51.53332	0	35	2021-10-16T04:35:11
8.01892	-51.53444	0	35	2021-10-16T04:40:11
8.01768	-51.53564	0	35	2021-10-16T04:45:12
8.01637	-51.53699	0	35	2021-10-16T04:50:09
8.01505	-51.53836	0	35	2021-10-16T04:55:10
8.01380	-51.53979	0	35	2021-10-16T05:00:07
8.01249	-51.54111	0	35	2021-10-16T05:05:08
8.01106	-51.54239	0	35	2021-10-16T05:10:09
8.00958	-51.54370	0	35	2021-10-16T05:15:06
8.00813	-51.54507	0	35	2021-10-16T05:20:05
8.00660	-51.54636	0	35	2021-10-16T05:25:07
8.00524	-51.54782	0	35	2021-10-16T05:30:05
8.00365	-51.54915	0	35	2021-10-16T05:35:08
8.00235	-51.55035	0	35	2021-10-16T05:40:08
8.00092	-51.55170	0	35	2021-10-16T05:45:09
7.99951	-51.55301	0	35	2021-10-16T05:50:07
7.99812	-51.55438	0	35	2021-10-16T05:55:11
7.99676	-51.55563	0	35	2021-10-16T06:00:08
7.99545	-51.55701	0	35	2021-10-16T06:05:09
7.99410	-51.55838	0	35	2021-10-16T06:10:07
7.99282	-51.55975	0	35	2021-10-16T06:15:07
7.99152	-51.56110	0	35	2021-10-16T06:20:05
7.99025	-51.56238	0	35	2021-10-16T06:25:06
7.98898	-51.56366	0	35	2021-10-16T06:30:05
7.98776	-51.56500	0	35	2021-10-16T06:35:23
7.98655	-51.56619	0	35	2021-10-16T06:40:05
7.98527	-51.56747	0	35	2021-10-16T06:45:06
7.98403	-51.56875	0	35	2021-10-16T06:50:06
7.98283	-51.56995	0	35	2021-10-16T06:55:07
7.98157	-51.57117	0	35	2021-10-16T07:00:08
7.98038	-51.57242	0	35	2021-10-16T07:05:06
7.97925	-51.57364	0	35	2021-10-16T07:10:09
7.97809	-51.57498	0	35	2021-10-16T07:15:11
7.97699	-51.57620	0	35	2021-10-16T07:20:10
7.97588	-51.57739	0	35	2021-10-16T07:25:08
7.97475	-51.57862	0	35	2021-10-16T07:30:25
7.97359	-51.57999	0	35	2021-10-16T07:35:25
7.97242	-51.58121	0	35	2021-10-16T07:40:08
7.97130	-51.58252	0	35	2021-10-16T07:45:11
7.97010	-51.58380	0	35	2021-10-16T07:50:16
7.96893	-51.58505	0	35	2021-10-16T07:55:13
7.96746	-51.58649	0	35	2021-10-16T08:01:05
7.96649	-51.58755	0	35	2021-10-16T08:05:11
7.96528	-51.58883	0	35	2021-10-16T08:10:09
7.96408	-51.59012	0	35	2021-10-16T08:15:09
7.96281	-51.59146	0	35	2021-10-16T08:20:07
7.96156	-51.59277	0	35	2021-10-16T08:25:08
7.96038	-51.59409	0	35	2021-10-16T08:30:08
7.95918	-51.59548	0	35	2021-10-16T08:35:08
7.95816	-51.59647	0	35	2021-10-16T08:40:06
7.95708	-51.59763	0	35	2021-10-16T08:45:07
7.95605	-51.59885	0	35	2021-10-16T08:50:06
7.95501	-51.60013	0	35	2021-10-16T08:55:07
7.95393	-51.60135	0	35	2021-10-16T09:00:04
7.95284	-51.60260	0	35	2021-10-16T09:05:06
7.95179	-51.60388	0	35	2021-10-16T09:10:03
7.95086	-51.60507	0	35	2021-10-16T09:15:04
7.94990	-51.60640	0	35	2021-10-16T09:20:04
7.94891	-51.60760	0	35	2021-10-16T09:25:04
7.94791	-51.60892	0	35	2021-10-16T09:30:02
7.94689	-51.61035	0	35	2021-10-16T09:35:23
7.94602	-51.61158	0	35	2021-10-16T09:40:03
7.94516	-51.61295	0	35	2021-10-16T09:45:02
7.94428	-51.61429	0	35	2021-10-16T09:50:02
7.94336	-51.61554	0	35	2021-10-16T09:55:03
7.94249	-51.61678	0	35	2021-10-16T10:00:04
7.94159	-51.61807	0	35	2021-10-16T10:05:04
7.94067	-51.61929	0	35	2021-10-16T10:10:02
7.93977	-51.62051	0	35	2021-10-16T10:15:03
7.93886	-51.62176	0	35	2021-10-16T10:20:02
7.93792	-51.62296	0	35	2021-10-16T10:25:01
7.93700	-51.62421	0	35	2021-10-16T10:29:58
7.93588	-51.62567	0	35	2021-10-16T10:35:26
7.93511	-51.62690	0	35	2021-10-16T10:39:56
7.93412	-51.62827	0	35	2021-10-16T10:44:56
7.93321	-51.62970	0	35	2021-10-16T10:49:56
7.93216	-51.63123	0	35	2021-10-16T10:54:57
7.93114	-51.63272	0	35	2021-10-16T10:59:55
7.93012	-51.63431	0	35	2021-10-16T11:04:56
7.92906	-51.63593	0	35	2021-10-16T11:09:54
7.92805	-51.63760	0	35	2021-10-16T11:14:57
7.92695	-51.63937	0	35	2021-10-16T11:19:54
7.92588	-51.64120	0	35	2021-10-16T11:24:56
7.92477	-51.64304	0	35	2021-10-16T11:29:56
7.92369	-51.64490	0	35	2021-10-16T11:35:24
7.92273	-51.64633	0	35	2021-10-16T11:39:57
7.92172	-51.64795	0	35	2021-10-16T11:44:59
7.92064	-51.64960	0	35	2021-10-16T11:49:58
7.91954	-51.65137	0	35	2021-10-16T11:55:01
7.91860	-51.65305	0	35	2021-10-16T12:00:00
7.91757	-51.65469	0	35	2021-10-16T12:05:02
7.91654	-51.65639	0	35	2021-10-16T12:10:04
7.91568	-51.65802	0	35	2021-10-16T12:15:04
7.91466	-51.65964	0	35	2021-10-16T12:20:04
7.91372	-51.66122	0	35	2021-10-16T12:25:06
7.91275	-51.66275	0	35	2021-10-16T12:30:07
7.91174	-51.66437	0	35	2021-10-16T12:35:25
7.91091	-51.66586	0	35	2021-10-16T12:40:08
7.91006	-51.66745	0	35	2021-10-16T12:45:06
7.90919	-51.66905	0	35	2021-10-16T12:50:06
7.90833	-51.67068	0	35	2021-10-16T12:55:07
7.90744	-51.67236	0	35	2021-10-16T13:00:08
7.90639	-51.67420	0	35	2021-10-16T13:05:08
7.90532	-51.67600	0	35	2021-10-16T13:10:08
7.90429	-51.67789	0	35	2021-10-16T13:15:07
7.90323	-51.67984	0	35	2021-10-16T13:20:08
7.90215	-51.68182	0	35	2021-10-16T13:25:08
7.90119	-51.68376	0	35	2021-10-16T13:30:27
7.90007	-51.68582	0	35	2021-10-16T13:35:26
7.89907	-51.68774	0	35	2021-10-16T13:40:11
7.89811	-51.68982	0	35	2021-10-16T13:45:11
7.89722	-51.69177	0	35	2021-10-16T13:50:12
7.89635	-51.69376	0	35	2021-10-16T13:55:10
7.89552	-51.69550	0	35	2021-10-16T14:00:13
7.89458	-51.69757	0	35	2021-10-16T14:05:11
7.89396	-51.69937	0	35	2021-10-16T14:10:12
7.89319	-51.70120	0	35	2021-10-16T14:15:09
7.89250	-51.70297	0	35	2021-10-16T14:20:10
7.89190	-51.70465	0	35	2021-10-16T14:25:07
7.89127	-51.70648	0	35	2021-10-16T14:30:08
7.89062	-51.70844	0	35	2021-10-16T14:35:27
7.88986	-51.71008	0	35	2021-10-16T14:40:08
7.88928	-51.71177	0	35	2021-10-16T14:45:07
7.88887	-51.71335	0	35	2021-10-16T14:50:04
7.88842	-51.71503	0	35	2021-10-16T14:55:07
7.88794	-51.71667	0	35	2021-10-16T15:00:09
7.88753	-51.71832	0	35	2021-10-16T15:05:07
7.88714	-51.72000	0	35	2021-10-16T15:10:08
7.88671	-51.72192	0	35	2021-10-16T15:15:11
7.88628	-51.72375	0	35	2021-10-16T15:20:09
7.88580	-51.72571	0	35	2021-10-16T15:25:12
7.88532	-51.72766	0	35	2021-10-16T15:30:17
7.88484	-51.72983	0	35	2021-10-16T15:35:54
7.88451	-51.73148	0	35	2021-10-16T15:40:13
7.88421	-51.73328	0	35	2021-10-16T15:45:13
7.88386	-51.73514	0	35	2021-10-16T15:50:11
7.88348	-51.73700	0	35	2021-10-16T15:55:14
7.88313	-51.73883	0	35	2021-10-16T16:00:12
7.88267	-51.74072	0	35	2021-10-16T16:05:11
7.88237	-51.74252	0	35	2021-10-16T16:10:10
7.88215	-51.74420	0	35	2021-10-16T16:15:13
7.88193	-51.74594	0	35	2021-10-16T16:20:11
7.88181	-51.74762	0	35	2021-10-16T16:25:12
7.88166	-51.74933	0	35	2021-10-16T16:30:12
7.88164	-51.75104	0	35	2021-10-16T16:35:56
7.88145	-51.75259	0	35	2021-10-16T16:40:14
7.88133	-51.75429	0	35	2021-10-16T16:45:12
7.88124	-51.75583	0	35	2021-10-16T16:50:13
7.88119	-51.75742	0	35	2021-10-16T16:55:13
7.88105	-51.75913	0	35	2021-10-16T17:00:07
7.88102	-51.76059	0	35	2021-10-16T17:05:10
7.88101	-51.76221	0	35	2021-10-16T17:10:08
7.88095	-51.76379	0	35	2021-10-16T17:15:08
7.88091	-51.76532	0	35	2021-10-16T17:20:05
7.88095	-51.76692	0	35	2021-10-16T17:25:03
7.88095	-51.76846	0	35	2021-10-16T17:30:04
7.88097	-51.77026	0	35	2021-10-16T17:35:40
7.88101	-51.77173	0	35	2021-10-16T17:40:06
7.88106	-51.77335	0	35	2021-10-16T17:45:05
7.88111	-51.77505	0	35	2021-10-16T17:50:02
7.88119	-51.77679	0	35	2021-10-16T17:55:04
7.88125	-51.77853	0	35	2021-10-16T18:00:02
7.88142	-51.78036	0	35	2021-10-16T18:05:07
7.88150	-51.78207	0	35	2021-10-16T18:10:07
7.88153	-51.78381	0	35	2021-10-16T18:15:08
7.88156	-51.78555	0	35	2021-10-16T18:20:08
7.88159	-51.78726	0	35	2021-10-16T18:25:05
7.88163	-51.78897	0	35	2021-10-16T18:30:26
7.88167	-51.79077	0	35	2021-10-16T18:35:26
7.88163	-51.79236	0	35	2021-10-16T18:40:03
7.88168	-51.79417	0	35	2021-10-16T18:44:57
7.88172	-51.79589	0	35	2021-10-16T18:49:57
7.88172	-51.79761	0	35	2021-10-16T18:54:56
7.88169	-51.79935	0	35	2021-10-16T18:59:59
7.88168	-51.80109	0	35	2021-10-16T19:04:57
7.88171	-51.80284	0	35	2021-10-16T19:09:58
7.88180	-51.80447	0	35	2021-10-16T19:14:58
7.88189	-51.80606	0	35	2021-10-16T19:20:00
7.88196	-51.80774	0	35	2021-10-16T19:24:57
7.88205	-51.80947	0	35	2021-10-16T19:30:00
7.88214	-51.81119	0	35	2021-10-16T19:34:59
7.88218	-51.81265	0	35	2021-10-16T19:39:59
7.88231	-51.81430	0	35	2021-10-16T19:44:59
7.88249	-51.81595	0	35	2021-10-16T19:50:00
7.88263	-51.81760	0	35	2021-10-16T19:55:02
7.88260	-51.81924	0	35	2021-10-16T20:00:00
7.88282	-51.82092	0	35	2021-10-16T20:05:04
7.88288	-51.82257	0	35	2021-10-16T20:10:03
7.88303	-51.82422	0	35	2021-10-16T20:15:01
7.88311	-51.82587	0	35	2021-10-16T20:20:03
7.88323	-51.82748	0	35	2021-10-16T20:25:03
7.88336	-51.82910	0	35	2021-10-16T20:30:04
7.88357	-51.83060	0	35	2021-10-16T20:35:27
7.88358	-51.83226	0	35	2021-10-16T20:40:02
7.88367	-51.83389	0	35	2021-10-16T20:45:02
7.88374	-51.83545	0	35	2021-10-16T20:50:03
7.88381	-51.83707	0	35	2021-10-16T20:55:04
7.88385	-51.83865	0	35	2021-10-16T21:00:01
7.88384	-51.84018	0	35	2021-10-16T21:05:02
7.88378	-51.84177	0	35	2021-10-16T21:09:59
7.88376	-51.84332	0	35	2021-10-16T21:15:00
7.88374	-51.84488	0	35	2021-10-16T21:19:58
7.88372	-51.84641	0	35	2021-10-16T21:24:57
7.88371	-51.84790	0	35	2021-10-16T21:29:58
7.88362	-51.84973	0	35	2021-10-16T21:35:29
7.88357	-51.85126	0	35	2021-10-16T21:39:56
7.88357	-51.85263	0	35	2021-10-16T21:44:56
7.88357	-51.85400	0	35	2021-10-16T21:49:55
7.88355	-51.85550	0	35	2021-10-16T21:54:54
7.88348	-51.85687	0	35	2021-10-16T21:59:55
7.88337	-51.85834	0	35	2021-10-16T22:04:57
7.88325	-51.85977	0	35	2021-10-16T22:09:54
7.88319	-51.86121	0	35	2021-10-16T22:14:51
7.88313	-51.86272	0	35	2021-10-16T22:19:51
7.88309	-51.86401	0	35	2021-10-16T22:24:50
7.88309	-51.86530	0	35	2021-10-16T22:29:50
7.88307	-51.86685	0	35	2021-10-16T22:35:28
7.88301	-51.86801	0	35	2021-10-16T22:39:51
7.88298	-51.86944	0	35	2021-10-16T22:44:51
7.88298	-51.87073	0	35	2021-10-16T22:49:50
7.88293	-51.87209	0	35	2021-10-16T22:54:50
7.88293	-51.87329	0	35	2021-10-16T22:59:51
7.88291	-51.87463	0	35	2021-10-16T23:04:49
7.88281	-51.87591	0	35	2021-10-16T23:09:50
7.88277	-51.87720	0	35	2021-10-16T23:14:50
7.88264	-51.87851	0	35	2021-10-16T23:19:51
7.88253	-51.87994	0	35	2021-10-16T23:24:51
7.88247	-51.88132	0	35	2021-10-16T23:29:49
7.88236	-51.88284	0	35	2021-10-16T23:35:28
7.88215	-51.88406	0	35	2021-10-16T23:39:53
7.88197	-51.88531	0	35	2021-10-16T23:44:51
7.88185	-51.88660	0	35	2021-10-16T23:49:52
7.88177	-51.88791	0	35	2021-10-16T23:54:49
7.88166	-51.88925	0	35	2021-10-16T23:59:50
7.88155	-51.89063	0	35	2021-10-17T00:04:47
7.88150	-51.89200	0	35	2021-10-17T00:09:48
7.88137	-51.89350	0	35	2021-10-17T00:14:47
7.88128	-51.89487	0	35	2021-10-17T00:19:46
7.88119	-51.89633	0	35	2021-10-17T00:24:43
7.88109	-51.89780	0	35	2021-10-17T00:29:46
7.88098	-51.89929	0	35	2021-10-17T00:35:07
7.88100	-51.90045	0	35	2021-10-17T00:39:41
7.88093	-51.90182	0	35	2021-10-17T00:44:38
7.88089	-51.90314	0	35	2021-10-17T00:49:39
7.88083	-51.90451	0	35	2021-10-17T00:54:39
7.88078	-51.90585	0	35	2021-10-17T00:59:41
7.88069	-51.90717	0	35	2021-10-17T01:04:39
7.88073	-51.90856	0	35	2021-10-17T01:09:43
7.88073	-51.90985	0	35	2021-10-17T01:14:43
7.88073	-51.91122	0	35	2021-10-17T01:19:43
7.88079	-51.91257	0	35	2021-10-17T01:24:41
7.88082	-51.91394	0	35	2021-10-17T01:29:42
7.88087	-51.91528	0	35	2021-10-17T01:34:58
7.88092	-51.91684	0	35	2021-10-17T01:40:02
7.88092	-51.91803	0	35	2021-10-17T01:44:40
7.88090	-51.91934	0	35	2021-10-17T01:49:39
7.88092	-51.92075	0	35	2021-10-17T01:54:39
7.88087	-51.92203	0	35	2021-10-17T01:59:40
7.88088	-51.92337	0	35	2021-10-17T02:04:40
7.88094	-51.92477	0	35	2021-10-17T02:09:38
7.88097	-51.92618	0	35	2021-10-17T02:14:38
7.88097	-51.92755	0	35	2021-10-17T02:19:38
7.88105	-51.92896	0	35	2021-10-17T02:24:36
7.88111	-51.93021	0	35	2021-10-17T02:29:37
7.88115	-51.93155	0	35	2021-10-17T02:34:57
7.88125	-51.93283	0	35	2021-10-17T02:39:38
7.88141	-51.93419	0	35	2021-10-17T02:44:39
7.88145	-51.93539	0	35	2021-10-17T02:49:39
7.88150	-51.93677	0	35	2021-10-17T02:54:37
7.88149	-51.93799	0	35	2021-10-17T02:59:38
7.88151	-51.93929	0	35	2021-10-17T03:04:35
7.88155	-51.94058	0	35	2021-10-17T03:09:36
7.88153	-51.94171	0	35	2021-10-17T03:14:33
7.88150	-51.94290	0	35	2021-10-17T03:19:34
7.88150	-51.94411	0	35	2021-10-17T03:24:32
7.88146	-51.94531	0	35	2021-10-17T03:29:32
7.88148	-51.94666	0	35	2021-10-17T03:34:58
7.88152	-51.94778	0	35	2021-10-17T03:39:32
7.88160	-51.94901	0	35	2021-10-17T03:44:30
7.88164	-51.95013	0	35	2021-10-17T03:49:30
7.88169	-51.95135	0	35	2021-10-17T03:54:28
7.88172	-51.95258	0	35	2021-10-17T03:59:29
7.88174	-51.95374	0	35	2021-10-17T04:04:30
7.88178	-51.95496	0	35	2021-10-17T04:09:27
7.88178	-51.95612	0	35	2021-10-17T04:14:28
7.88177	-51.95734	0	35	2021-10-17T04:19:25
7.88176	-51.95862	0	35	2021-10-17T04:24:23
7.88178	-51.95984	0	35	2021-10-17T04:29:23
7.88179	-51.96112	0	35	2021-10-17T04:34:54
7.88181	-51.96225	0	35	2021-10-17T04:39:24
7.88168	-51.96346	0	35	2021-10-17T04:44:25
7.88168	-51.96466	0	35	2021-10-17T04:49:25
7.88166	-51.96588	0	35	2021-10-17T04:54:23
7.88167	-51.96710	0	35	2021-10-17T04:59:25
7.88170	-51.96844	0	35	2021-10-17T05:04:26
7.88170	-51.96964	0	35	2021-10-17T05:09:26
7.88176	-51.97095	0	35	2021-10-17T05:14:26
7.88181	-51.97226	0	35	2021-10-17T05:19:27
7.88184	-51.97354	0	35	2021-10-17T05:24:25
7.88189	-51.97491	0	35	2021-10-17T05:29:56
7.88189	-51.97620	0	35	2021-10-17T05:34:57
7.88185	-51.97726	0	35	2021-10-17T05:39:27
7.88192	-51.97849	0	35	2021-10-17T05:44:27
7.88200	-51.97968	0	35	2021-10-17T05:49:24
7.88209	-51.98084	0	35	2021-10-17T05:54:22
7.88222	-51.98196	0	35	2021-10-17T05:59:23
7.88236	-51.98306	0	35	2021-10-17T06:04:24
7.88239	-51.98425	0	35	2021-10-17T06:09:25
7.88242	-51.98541	0	35	2021-10-17T06:14:22
7.88249	-51.98663	0	35	2021-10-17T06:19:26
7.88243	-51.98785	0	35	2021-10-17T06:24:23
7.88243	-51.98911	0	35	2021-10-17T06:29:25
7.88243	-51.99054	0	35	2021-10-17T06:34:56
7.88245	-51.99176	0	35	2021-10-17T06:39:27
7.88250	-51.99307	0	35	2021-10-17T06:44:26
7.88257	-51.99442	0	35	2021-10-17T06:49:28
7.88266	-51.99575	0	35	2021-10-17T06:54:28
7.88270	-51.99695	0	35	2021-10-17T06:59:29
7.88278	-51.99826	0	35	2021-10-17T07:04:31
7.88291	-51.99948	0	35	2021-10-17T07:09:30
7.88304	-52.00073	0	35	2021-10-17T07:14:32
7.88318	-52.00195	0	35	2021-10-17T07:19:32
7.88327	-52.00317	0	35	2021-10-17T07:24:30
7.88339	-52.00446	0	35	2021-10-17T07:29:30
7.88359	-52.00591	0	35	2021-10-17T07:34:34
7.88385	-52.00711	0	35	2021-10-17T07:39:33
7.88411	-52.00842	0	35	2021-10-17T07:44:33
7.88432	-52.00974	0	35	2021-10-17T07:49:34
7.88454	-52.01116	0	35	2021-10-17T07:54:34
7.88474	-52.01248	0	35	2021-10-17T07:59:29
7.88505	-52.01382	0	35	2021-10-17T08:04:33
7.88534	-52.01520	0	35	2021-10-17T08:09:30
7.88561	-52.01657	0	35	2021-10-17T08:14:31
7.88582	-52.01791	0	35	2021-10-17T08:19:31
7.88604	-52.01929	0	35	2021-10-17T08:24:32
7.88633	-52.02063	0	35	2021-10-17T08:29:30
7.88668	-52.02209	0	35	2021-10-17T08:34:57
7.88698	-52.02341	0	35	2021-10-17T08:39:31
7.88726	-52.02484	0	35	2021-10-17T08:44:33
7.88756	-52.02621	0	35	2021-10-17T08:49:33
7.88788	-52.02762	0	35	2021-10-17T08:54:33
7.88821	-52.02902	0	35	2021-10-17T08:59:34
7.88862	-52.03049	0	35	2021-10-17T09:04:35
7.88896	-52.03186	0	35	2021-10-17T09:09:35
7.88939	-52.03323	0	35	2021-10-17T09:14:34
7.88971	-52.03458	0	35	2021-10-17T09:19:37
7.89011	-52.03606	0	35	2021-10-17T09:24:38
7.89054	-52.03735	0	35	2021-10-17T09:29:38
7.89101	-52.03873	0	35	2021-10-17T09:34:56
7.89140	-52.03998	0	35	2021-10-17T09:39:38
7.89183	-52.04126	0	35	2021-10-17T09:44:37
7.89224	-52.04264	0	35	2021-10-17T09:49:36
7.89267	-52.04401	0	35	2021-10-17T09:54:36
7.89309	-52.04538	0	35	2021-10-17T09:59:38
7.89356	-52.04676	0	35	2021-10-17T10:04:38
7.89390	-52.04813	0	35	2021-10-17T10:09:39
7.89421	-52.04947	0	35	2021-10-17T10:14:36
7.89458	-52.05087	0	35	2021-10-17T10:19:37
7.89498	-52.05225	0	35	2021-10-17T10:24:38
7.89537	-52.05362	0	35	2021-10-17T10:29:38
7.89579	-52.05508	0	35	2021-10-17T10:34:54
7.89617	-52.05634	0	35	2021-10-17T10:39:35
7.89656	-52.05761	0	35	2021-10-17T10:44:32
7.89686	-52.05890	0	35	2021-10-17T10:49:31
7.89720	-52.06018	0	35	2021-10-17T10:54:32
7.89761	-52.06143	0	35	2021-10-17T10:59:29
7.89793	-52.06271	0	35	2021-10-17T11:04:26
7.89828	-52.06396	0	35	2021-10-17T11:09:29
7.89864	-52.06516	0	35	2021-10-17T11:14:27
7.89888	-52.06638	0	35	2021-10-17T11:19:27
7.89920	-52.06757	0	35	2021-10-17T11:24:25
7.89951	-52.06876	0	35	2021-10-17T11:29:25
7.89997	-52.06995	0	35	2021-10-17T11:34:57
7.90023	-52.07107	0	35	2021-10-17T11:39:24
7.90049	-52.07227	0	35	2021-10-17T11:44:24
7.90064	-52.07343	0	35	2021-10-17T11:49:25
7.90081	-52.07465	0	35	2021-10-17T11:54:27
7.90099	-52.07592	0	35	2021-10-17T11:59:27
7.90112	-52.07721	0	35	2021-10-17T12:04:27
7.90137	-52.07849	0	35	2021-10-17T12:09:25
7.90164	-52.07980	0	35	2021-10-17T12:14:28
7.90181	-52.08109	0	35	2021-10-17T12:19:27
7.90198	-52.08246	0	35	2021-10-17T12:24:27
7.90218	-52.08380	0	35	2021-10-17T12:29:27
7.90242	-52.08527	0	35	2021-10-17T12:34:55
7.90259	-52.08648	0	35	2021-10-17T12:39:27
7.90285	-52.08777	0	35	2021-10-17T12:44:27
7.90312	-52.08905	0	35	2021-10-17T12:49:30
7.90340	-52.09037	0	35	2021-10-17T12:54:29
7.90370	-52.09174	0	35	2021-10-17T12:59:29
7.90398	-52.09308	0	35	2021-10-17T13:04:30
7.90424	-52.09439	0	35	2021-10-17T13:09:27
7.90452	-52.09579	0	35	2021-10-17T13:14:28
7.90480	-52.09717	0	35	2021-10-17T13:19:25
7.90504	-52.09857	0	35	2021-10-17T13:24:26
7.90531	-52.09988	0	35	2021-10-17T13:29:27
7.90572	-52.10134	0	35	2021-10-17T13:34:27
7.90593	-52.10263	0	35	2021-10-17T13:39:27
7.90629	-52.10403	0	35	2021-10-17T13:44:24
7.90666	-52.10535	0	35	2021-10-17T13:49:22
7.90711	-52.10675	0	35	2021-10-17T13:54:23
7.90758	-52.10806	0	35	2021-10-17T13:59:25
7.90830	-52.10941	0	35	2021-10-17T14:04:25
7.90876	-52.11078	0	35	2021-10-17T14:09:41
7.90907	-52.11203	0	35	2021-10-17T14:14:26
7.90954	-52.11346	0	35	2021-10-17T14:19:27
7.90996	-52.11478	0	35	2021-10-17T14:24:25
7.91044	-52.11606	0	35	2021-10-17T14:29:26
7.91095	-52.11749	0	35	2021-10-17T14:34:53
7.91143	-52.11874	0	35	2021-10-17T14:39:26
7.91199	-52.12015	0	35	2021-10-17T14:44:24
7.91257	-52.12155	0	35	2021-10-17T14:49:25
7.91312	-52.12292	0	35	2021-10-17T14:54:23
7.91371	-52.12424	0	35	2021-10-17T14:59:26
7.91432	-52.12558	0	35	2021-10-17T15:04:24
7.91490	-52.12686	0	35	2021-10-17T15:09:25
7.91547	-52.12823	0	35	2021-10-17T15:14:28
7.91603	-52.12958	0	35	2021-10-17T15:19:26
7.91666	-52.13100	0	35	2021-10-17T15:24:55
7.91726	-52.13237	0	35	2021-10-17T15:29:55
7.91782	-52.13409	0	35	2021-10-17T15:34:56
7.91834	-52.13525	0	35	2021-10-17T15:39:27
7.91897	-52.13662	0	35	2021-10-17T15:44:29
7.91957	-52.13791	0	35	2021-10-17T15:49:28
7.92018	-52.13928	0	35	2021-10-17T15:54:28
7.92081	-52.14066	0	35	2021-10-17T15:59:29
7.92137	-52.14216	0	35	2021-10-17T16:04:30
7.92214	-52.14319	0	35	2021-10-17T16:09:31
7.92277	-52.14478	0	35	2021-10-17T16:14:29
7.92348	-52.14618	0	35	2021-10-17T16:19:31
7.92422	-52.14752	0	35	2021-10-17T16:24:30
7.92498	-52.14880	0	35	2021-10-17T16:29:31
7.92584	-52.15024	0	35	2021-10-17T16:34:57
7.92651	-52.15149	0	35	2021-10-17T16:39:32
7.92726	-52.15283	0	35	2021-10-17T16:44:33
7.92806	-52.15424	0	35	2021-10-17T16:49:34
7.92892	-52.15561	0	35	2021-10-17T16:54:34
7.92974	-52.15710	0	35	2021-10-17T16:59:35
7.93062	-52.15854	0	35	2021-10-17T17:04:33
7.93149	-52.16000	0	35	2021-10-17T17:09:33
7.93250	-52.16141	0	35	2021-10-17T17:14:35
7.93334	-52.16284	0	35	2021-10-17T17:19:39
7.93417	-52.16425	0	35	2021-10-17T17:24:39
7.93518	-52.16565	0	35	2021-10-17T17:29:41
7.93627	-52.16720	0	35	2021-10-17T17:34:39
7.93726	-52.16849	0	35	2021-10-17T17:39:39
7.93823	-52.16971	0	35	2021-10-17T17:44:36
7.93916	-52.17099	0	35	2021-10-17T17:49:37
7.94019	-52.17224	0	35	2021-10-17T17:54:36
7.94129	-52.17349	0	35	2021-10-17T17:59:37
7.94230	-52.17474	0	35	2021-10-17T18:04:36
7.94331	-52.17606	0	35	2021-10-17T18:09:36
7.94425	-52.17722	0	35	2021-10-17T18:14:34
7.94527	-52.17841	0	35	2021-10-17T18:19:31
7.94631	-52.17963	0	35	2021-10-17T18:24:31
7.94737	-52.18082	0	35	2021-10-17T18:29:28
7.94853	-52.18216	0	35	2021-10-17T18:34:55
7.94935	-52.18329	0	35	2021-10-17T18:39:26
7.95033	-52.18451	0	35	2021-10-17T18:44:24
7.95130	-52.18567	0	35	2021-10-17T18:49:26
7.95234	-52.18698	0	35	2021-10-17T18:54:24
7.95334	-52.18805	0	35	2021-10-17T18:59:25
7.95436	-52.18930	0	35	2021-10-17T19:04:23
7.95535	-52.19049	0	35	2021-10-17T19:09:24
7.95633	-52.19159	0	35	2021-10-17T19:14:24
7.95739	-52.19283	0	35	2021-10-17T19:19:25
7.95825	-52.19386	0	35	2021-10-17T19:24:25
7.95907	-52.19489	0	35	2021-10-17T19:29:24
7.96013	-52.19608	0	35	2021-10-17T19:34:57
7.96086	-52.19706	0	35	2021-10-17T19:39:24
7.96172	-52.19800	0	35	2021-10-17T19:44:24
7.96260	-52.19904	0	35	2021-10-17T19:49:25
7.96340	-52.20004	0	35	2021-10-17T19:54:23
7.96422	-52.20114	0	35	2021-10-17T19:59:24
7.96516	-52.20221	0	35	2021-10-17T20:04:26
7.96588	-52.20328	0	35	2021-10-17T20:09:25
7.96674	-52.20419	0	35	2021-10-17T20:14:23
7.96753	-52.20517	0	35	2021-10-17T20:19:24
7.96838	-52.20612	0	35	2021-10-17T20:24:25
7.96924	-52.20708	0	35	2021-10-17T20:30:26
7.97027	-52.20828	0	35	2021-10-17T20:35:25
7.97087	-52.20901	0	35	2021-10-17T20:39:22
7.97178	-52.20990	0	35	2021-10-17T20:44:23
7.97258	-52.21091	0	35	2021-10-17T20:49:21
7.97341	-52.21191	0	35	2021-10-17T20:54:22
7.97430	-52.21274	0	35	2021-10-17T20:59:24
7.97517	-52.21356	0	35	2021-10-17T21:04:24
7.97594	-52.21459	0	35	2021-10-17T21:09:24
7.97676	-52.21536	0	35	2021-10-17T21:14:24
7.97764	-52.21609	0	35	2021-10-17T21:19:25
7.97851	-52.21701	0	35	2021-10-17T21:24:27
7.97940	-52.21786	0	35	2021-10-17T21:29:56
7.98030	-52.21872	0	35	2021-10-17T21:34:56
7.98112	-52.21951	0	35	2021-10-17T21:39:22
7.98204	-52.22039	0	35	2021-10-17T21:44:22
7.98298	-52.22125	0	35	2021-10-17T21:49:22
7.98388	-52.22211	0	35	2021-10-17T21:54:21
7.98470	-52.22296	0	35	2021-10-17T21:59:24
7.98559	-52.22363	0	35	2021-10-17T22:04:23
7.98656	-52.22473	0	35	2021-10-17T22:09:23
7.98737	-52.22546	0	35	2021-10-17T22:14:23
7.98815	-52.22629	0	35	2021-10-17T22:19:25
7.98901	-52.22702	0	35	2021-10-17T22:24:22
7.98979	-52.22781	0	35	2021-10-17T22:29:57
7.99073	-52.22867	0	35	2021-10-17T22:34:57
7.99159	-52.22919	0	35	2021-10-17T22:39:37
7.99229	-52.22992	0	35	2021-10-17T22:44:36
7.99307	-52.23062	0	35	2021-10-17T22:49:42
7.99372	-52.23145	0	35	2021-10-17T22:54:31
7.99439	-52.23223	0	35	2021-10-17T22:59:21
7.99482	-52.23309	0	35	2021-10-17T23:04:21
7.99525	-52.23398	0	35	2021-10-17T23:09:19
7.99581	-52.23475	0	35	2021-10-17T23:14:19
7.99611	-52.23569	0	35	2021-10-17T23:19:19
7.99661	-52.23657	0	35	2021-10-17T23:24:20
7.99710	-52.23747	0	35	2021-10-17T23:29:56
7.99744	-52.23859	0	35	2021-10-17T23:34:57
7.99776	-52.23944	0	35	2021-10-17T23:39:19
7.99814	-52.24039	0	35	2021-10-17T23:44:20
7.99849	-52.24124	0	35	2021-10-17T23:49:18
7.99884	-52.24216	0	35	2021-10-17T23:54:18
7.99922	-52.24309	0	35	2021-10-17T23:59:20
7.99947	-52.24393	0	35	2021-10-18T00:04:19
7.99974	-52.24481	0	35	2021-10-18T00:09:21
8.00001	-52.24561	0	35	2021-10-18T00:14:18
8.00023	-52.24643	0	35	2021-10-18T00:19:22
8.00048	-52.24725	0	35	2021-10-18T00:24:19
8.00073	-52.24799	0	35	2021-10-18T00:29:23
8.00113	-52.24902	0	35	2021-10-18T00:34:24
8.00134	-52.24971	0	35	2021-10-18T00:39:23
8.00164	-52.25040	0	35	2021-10-18T00:44:23
8.00193	-52.25122	0	35	2021-10-18T00:49:27
8.00217	-52.25198	0	35	2021-10-18T00:54:25
8.00245	-52.25278	0	35	2021-10-18T00:59:29
8.00284	-52.25354	0	35	2021-10-18T01:04:30
8.00320	-52.25430	0	35	2021-10-18T01:09:28
8.00348	-52.25504	0	35	2021-10-18T01:14:28
8.00372	-52.25578	0	35	2021-10-18T01:19:28
8.00398	-52.25647	0	35	2021-10-18T01:24:27
8.00423	-52.25717	0	35	2021-10-18T01:29:30
8.00447	-52.25800	0	35	2021-10-18T01:34:55
8.00465	-52.25861	0	35	2021-10-18T01:39:31
8.00489	-52.25925	0	35	2021-10-18T01:44:29
8.00505	-52.26003	0	35	2021-10-18T01:49:27
8.00517	-52.26063	0	35	2021-10-18T01:54:27
8.00531	-52.26114	0	35	2021-10-18T01:59:28
8.00542	-52.26173	0	35	2021-10-18T02:04:31
8.00563	-52.26233	0	35	2021-10-18T02:09:30
8.00576	-52.26300	0	35	2021-10-18T02:14:31
8.00581	-52.26358	0	35	2021-10-18T02:19:34
8.00600	-52.26431	0	35	2021-10-18T02:24:33
8.00613	-52.26501	0	35	2021-10-18T02:29:36
8.00634	-52.26581	0	35	2021-10-18T02:35:12
8.00644	-52.26645	0	35	2021-10-18T02:39:54
8.00653	-52.26715	0	35	2021-10-18T02:44:52
8.00667	-52.26794	0	35	2021-10-18T02:49:40
8.00674	-52.26871	0	35	2021-10-18T02:54:38
8.00679	-52.26944	0	35	2021-10-18T02:59:49
8.00705	-52.27026	0	35	2021-10-18T03:04:38
8.00728	-52.27092	0	35	2021-10-18T03:09:40
8.00733	-52.27161	0	35	2021-10-18T03:14:41
8.00740	-52.27228	0	35	2021-10-18T03:19:38
8.00747	-52.27289	0	35	2021-10-18T03:24:37
8.00756	-52.27341	0	35	2021-10-18T03:29:38
8.00763	-52.27396	0	35	2021-10-18T03:35:00
8.00766	-52.27441	0	35	2021-10-18T03:39:36
8.00780	-52.27493	0	35	2021-10-18T03:44:34
8.00793	-52.27551	0	35	2021-10-18T03:49:35
8.00806	-52.27609	0	35	2021-10-18T03:54:32
8.00824	-52.27667	0	35	2021-10-18T03:59:33
8.00850	-52.27727	0	35	2021-10-18T04:04:30
8.00867	-52.27787	0	35	2021-10-18T04:09:31
8.00888	-52.27838	0	35	2021-10-18T04:14:31
8.00923	-52.27902	0	35	2021-10-18T04:19:32
8.00955	-52.27969	0	35	2021-10-18T04:24:27
8.00986	-52.28030	0	35	2021-10-18T04:29:38
8.01027	-52.28094	0	35	2021-10-18T04:34:55
8.01049	-52.28146	0	35	2021-10-18T04:39:33
8.01085	-52.28201	0	35	2021-10-18T04:44:34
8.01118	-52.28244	0	35	2021-10-18T04:49:34
8.01159	-52.28284	0	35	2021-10-18T04:54:32
8.01193	-52.28326	0	35	2021-10-18T04:59:33
8.01238	-52.28354	0	35	2021-10-18T05:04:32
8.01276	-52.28384	0	35	2021-10-18T05:09:33
8.01299	-52.28406	0	35	2021-10-18T05:14:31
8.01329	-52.28436	0	35	2021-10-18T05:19:31
8.01364	-52.28470	0	35	2021-10-18T05:24:29
8.01392	-52.28497	0	35	2021-10-18T05:29:32
8.01432	-52.28513	0	35	2021-10-18T05:34:54
8.01460	-52.28540	0	35	2021-10-18T05:39:32
8.01502	-52.28581	0	35	2021-10-18T05:44:33
8.01531	-52.28607	0	35	2021-10-18T05:49:33
8.01573	-52.28650	0	35	2021-10-18T05:54:33
8.01604	-52.28687	0	35	2021-10-18T05:59:34
8.01641	-52.28726	0	35	2021-10-18T06:04:34
8.01678	-52.28760	0	35	2021-10-18T06:09:36
8.01709	-52.28790	0	35	2021-10-18T06:14:34
8.01748	-52.28825	0	35	2021-10-18T06:19:35
8.01787	-52.28851	0	35	2021-10-18T06:24:35
8.01829	-52.28879	0	35	2021-10-18T06:29:38
8.01872	-52.28897	0	35	2021-10-18T06:35:06
8.01910	-52.28931	0	35	2021-10-18T06:39:37
8.01950	-52.28958	0	35	2021-10-18T06:44:37
8.01983	-52.28979	0	35	2021-10-18T06:49:35
8.02021	-52.29013	0	35	2021-10-18T06:54:36
8.02070	-52.29049	0	35	2021-10-18T06:59:33
8.02097	-52.29062	0	35	2021-10-18T07:04:31
8.02139	-52.29083	0	35	2021-10-18T07:09:34
8.02190	-52.29114	0	35	2021-10-18T07:14:35
8.02230	-52.29129	0	35	2021-10-18T07:19:35
8.02281	-52.29156	0	35	2021-10-18T07:24:36
8.02335	-52.29181	0	35	2021-10-18T07:29:34
8.02406	-52.29202	0	35	2021-10-18T07:34:57
8.02468	-52.29221	0	35	2021-10-18T07:39:35
8.02530	-52.29237	0	35	2021-10-18T07:44:36
8.02590	-52.29246	0	35	2021-10-18T07:49:35
8.02650	-52.29263	0	35	2021-10-18T07:54:35
8.02715	-52.29285	0	35	2021-10-18T07:59:35
8.02795	-52.29309	0	35	2021-10-18T08:04:37
8.02852	-52.29321	0	35	2021-10-18T08:09:34
8.02909	-52.29337	0	35	2021-10-18T08:14:37
8.02957	-52.29352	0	35	2021-10-18T08:19:34
8.03006	-52.29367	0	35	2021-10-18T08:24:35
8.03054	-52.29393	0	35	2021-10-18T08:29:56
8.03110	-52.29419	0	35	2021-10-18T08:34:56
8.03167	-52.29446	0	35	2021-10-18T08:39:32
8.03220	-52.29468	0	35	2021-10-18T08:44:31
8.03278	-52.29497	0	35	2021-10-18T08:49:35
8.03321	-52.29514	0	35	2021-10-18T08:54:34
8.03377	-52.29538	0	35	2021-10-18T08:59:33
8.03433	-52.29568	0	35	2021-10-18T09:04:35
8.03487	-52.29606	0	35	2021-10-18T09:09:39
8.03536	-52.29633	0	35	2021-10-18T09:14:36
8.03590	-52.29666	0	35	2021-10-18T09:19:38
8.03642	-52.29681	0	35	2021-10-18T09:24:38
8.03689	-52.29712	0	35	2021-10-18T09:29:38
8.03735	-52.29752	0	35	2021-10-18T09:34:56
8.03778	-52.29785	0	35	2021-10-18T09:39:40
8.03829	-52.29822	0	35	2021-10-18T09:44:42
8.03872	-52.29858	0	35	2021-10-18T09:49:40
8.03912	-52.29883	0	35	2021-10-18T09:54:43
8.03958	-52.29910	0	35	2021-10-18T09:59:41
8.03999	-52.29944	0	35	2021-10-18T10:04:42
8.04039	-52.29967	0	35	2021-10-18T10:09:43
8.04069	-52.29984	0	35	2021-10-18T10:14:44
8.04102	-52.30008	0	35	2021-10-18T10:19:44
8.04130	-52.30035	0	35	2021-10-18T10:24:42
8.04157	-52.30066	0	35	2021-10-18T10:29:43
8.04194	-52.30113	0	35	2021-10-18T10:34:43
8.04219	-52.30139	0	35	2021-10-18T10:39:44
8.04243	-52.30182	0	35	2021-10-18T10:44:38
8.04294	-52.30243	0	35	2021-10-18T10:54:42
8.04324	-52.30266	0	35	2021-10-18T10:59:40
8.04374	-52.30283	0	35	2021-10-18T11:04:40
8.04424	-52.30313	0	35	2021-10-18T11:09:38
8.04477	-52.30341	0	35	2021-10-18T11:14:39
8.04533	-52.30362	0	35	2021-10-18T11:19:42
8.04592	-52.30392	0	35	2021-10-18T11:24:40
8.04651	-52.30405	0	35	2021-10-18T11:29:38
8.04701	-52.30444	0	35	2021-10-18T11:35:09
8.04737	-52.30484	0	35	2021-10-18T11:39:41
8.04785	-52.30527	0	35	2021-10-18T11:44:39
8.04838	-52.30573	0	35	2021-10-18T11:49:44
8.04897	-52.30615	0	35	2021-10-18T11:54:44
8.04960	-52.30666	0	35	2021-10-18T11:59:45
8.05040	-52.30695	0	35	2021-10-18T12:04:46
8.05129	-52.30734	0	35	2021-10-18T12:09:44
8.05200	-52.30783	0	35	2021-10-18T12:14:47
8.05265	-52.30830	0	35	2021-10-18T12:19:49
8.05312	-52.30881	0	35	2021-10-18T12:24:50
8.05361	-52.30927	0	35	2021-10-18T12:29:51
8.05406	-52.30984	0	35	2021-10-18T12:35:27
8.05448	-52.31031	0	35	2021-10-18T12:39:53
8.05491	-52.31082	0	35	2021-10-18T12:44:54
8.05547	-52.31134	0	35	2021-10-18T12:49:53
8.05603	-52.31195	0	35	2021-10-18T12:54:55
8.05662	-52.31244	0	35	2021-10-18T12:59:53
8.05724	-52.31311	0	35	2021-10-18T13:04:53
8.05790	-52.31369	0	35	2021-10-18T13:09:51
8.05857	-52.31427	0	35	2021-10-18T13:14:51
8.05917	-52.31501	0	35	2021-10-18T13:19:51
8.05981	-52.31561	0	35	2021-10-18T13:24:50
8.06035	-52.31622	0	35	2021-10-18T13:29:47
8.06081	-52.31699	0	35	2021-10-18T13:35:25
8.06134	-52.31755	0	35	2021-10-18T13:39:48
8.06185	-52.31824	0	35	2021-10-18T13:44:48
8.06245	-52.31901	0	35	2021-10-18T13:49:46
8.06309	-52.31970	0	35	2021-10-18T13:54:46
8.06381	-52.32040	0	35	2021-10-18T13:59:52
8.06424	-52.32098	0	35	2021-10-18T14:04:44
8.06485	-52.32160	0	35	2021-10-18T14:09:44
8.06554	-52.32211	0	35	2021-10-18T14:14:43
8.06593	-52.32272	0	35	2021-10-18T14:19:40
8.06657	-52.32324	0	35	2021-10-18T14:24:43
8.06725	-52.32365	0	35	2021-10-18T14:29:56
8.06772	-52.32416	0	35	2021-10-18T14:34:56
8.06826	-52.32455	0	35	2021-10-18T14:39:39
8.06903	-52.32486	0	35	2021-10-18T14:44:40
8.06968	-52.32538	0	35	2021-10-18T14:49:40
8.07039	-52.32581	0	35	2021-10-18T14:54:38
8.07114	-52.32614	0	35	2021-10-18T14:59:39
8.07179	-52.32669	0	35	2021-10-18T15:04:42
8.07243	-52.32715	0	35	2021-10-18T15:09:40
8.07307	-52.32761	0	35	2021-10-18T15:14:41
8.07377	-52.32806	0	35	2021-10-18T15:19:42
8.07457	-52.32860	0	35	2021-10-18T15:25:14
8.07526	-52.32911	0	35	2021-10-18T15:30:14
8.07598	-52.32971	0	35	2021-10-18T15:35:15
8.07656	-52.33008	0	35	2021-10-18T15:39:41
8.07714	-52.33054	0	35	2021-10-18T15:44:42
8.07775	-52.33093	0	35	2021-10-18T15:49:43
8.07841	-52.33139	0	35	2021-10-18T15:54:40
8.07901	-52.33188	0	35	2021-10-18T15:59:38
8.07961	-52.33246	0	35	2021-10-18T16:04:39
8.08039	-52.33295	0	35	2021-10-18T16:09:38
8.08111	-52.33334	0	35	2021-10-18T16:14:39
8.08172	-52.33398	0	35	2021-10-18T16:19:40
8.08235	-52.33450	0	35	2021-10-18T16:24:38
8.08300	-52.33493	0	35	2021-10-18T16:29:41
8.08370	-52.33566	0	35	2021-10-18T16:34:54
8.08425	-52.33624	0	35	2021-10-18T16:39:40
8.08484	-52.33688	0	35	2021-10-18T16:44:40
8.08550	-52.33749	0	35	2021-10-18T16:49:41
8.08625	-52.33804	0	35	2021-10-18T16:54:38
8.08710	-52.33853	0	35	2021-10-18T16:59:39
8.08785	-52.33908	0	35	2021-10-18T17:04:37
8.08863	-52.33963	0	35	2021-10-18T17:09:38
8.08941	-52.34021	0	35	2021-10-18T17:14:35
8.09019	-52.34076	0	35	2021-10-18T17:19:35
8.09096	-52.34134	0	35	2021-10-18T17:24:39
8.09173	-52.34192	0	35	2021-10-18T17:29:37
8.09259	-52.34256	0	35	2021-10-18T17:35:01
8.09348	-52.34316	0	35	2021-10-18T17:39:42
8.09434	-52.34367	0	35	2021-10-18T17:44:42
8.09520	-52.34418	0	35	2021-10-18T17:49:41
8.09606	-52.34476	0	35	2021-10-18T17:54:40
8.09681	-52.34538	0	35	2021-10-18T17:59:41
8.09754	-52.34598	0	35	2021-10-18T18:04:40
8.09838	-52.34656	0	35	2021-10-18T18:09:40
8.09927	-52.34708	0	35	2021-10-18T18:14:41
8.10023	-52.34753	0	35	2021-10-18T18:19:41
8.10117	-52.34819	0	35	2021-10-18T18:24:39
8.10216	-52.34879	0	35	2021-10-18T18:29:40
8.10316	-52.34952	0	35	2021-10-18T18:35:06
8.10399	-52.35010	0	35	2021-10-18T18:39:41
8.10493	-52.35074	0	35	2021-10-18T18:44:42
8.10585	-52.35141	0	35	2021-10-18T18:49:40
8.10671	-52.35211	0	35	2021-10-18T18:54:43
8.10765	-52.35272	0	35	2021-10-18T18:59:41
8.10867	-52.35354	0	35	2021-10-18T19:04:41
8.10957	-52.35431	0	35	2021-10-18T19:09:41
8.11045	-52.35510	0	35	2021-10-18T19:14:40
8.11231	-52.35660	0	35	2021-10-18T19:24:41
8.11332	-52.35738	0	35	2021-10-18T19:29:57
8.11431	-52.35815	0	35	2021-10-18T19:34:57
8.11515	-52.35892	0	35	2021-10-18T19:39:40
8.11616	-52.35959	0	35	2021-10-18T19:44:43
8.11712	-52.36029	0	35	2021-10-18T19:49:42
8.11799	-52.36107	0	35	2021-10-18T19:54:46
8.11885	-52.36176	0	35	2021-10-18T19:59:46
8.11968	-52.36255	0	35	2021-10-18T20:04:44
8.12055	-52.36334	0	35	2021-10-18T20:09:45
8.12143	-52.36413	0	35	2021-10-18T20:14:46
8.12224	-52.36490	0	35	2021-10-18T20:19:46
8.12307	-52.36569	0	35	2021-10-18T20:24:44
8.12384	-52.36649	0	35	2021-10-18T20:29:45
8.12472	-52.36735	0	35	2021-10-18T20:34:44
8.12545	-52.36804	0	35	2021-10-18T20:39:43
8.12626	-52.36877	0	35	2021-10-18T20:44:42
8.12707	-52.36957	0	35	2021-10-18T20:49:43
8.12782	-52.37021	0	35	2021-10-18T20:54:44
8.12856	-52.37100	0	35	2021-10-18T20:59:45
8.12937	-52.37183	0	35	2021-10-18T21:04:43
8.13008	-52.37233	0	35	2021-10-18T21:09:41
8.13086	-52.37302	0	35	2021-10-18T21:14:41
8.13161	-52.37366	0	35	2021-10-18T21:19:44
8.13241	-52.37436	0	35	2021-10-18T21:24:45
8.13317	-52.37497	0	35	2021-10-18T21:29:44
8.13392	-52.37625	0	35	2021-10-18T21:35:07
8.13460	-52.37686	0	35	2021-10-18T21:39:46
8.13533	-52.37756	0	35	2021-10-18T21:44:46
8.13606	-52.37838	0	35	2021-10-18T21:49:51
8.13688	-52.37898	0	35	2021-10-18T21:54:51
8.13761	-52.37958	0	35	2021-10-18T21:59:51
8.13833	-52.38019	0	35	2021-10-18T22:04:50
8.13897	-52.38080	0	35	2021-10-18T22:09:53
8.13965	-52.38145	0	35	2021-10-18T22:14:55
8.14029	-52.38205	0	35	2021-10-18T22:19:55
8.14093	-52.38263	0	35	2021-10-18T22:24:53
8.14162	-52.38321	0	35	2021-10-18T22:29:54
8.14278	-52.38376	0	35	2021-10-18T22:35:42
8.14335	-52.38434	0	35	2021-10-18T22:40:06
8.14415	-52.38495	0	35	2021-10-18T22:45:05
8.14475	-52.38571	0	35	2021-10-18T22:50:01
8.14528	-52.38644	0	35	2021-10-18T22:54:50
8.14583	-52.38724	0	35	2021-10-18T22:59:47
8.14647	-52.38807	0	35	2021-10-18T23:04:47
8.14724	-52.38867	0	35	2021-10-18T23:09:46
8.14791	-52.38943	0	35	2021-10-18T23:14:47
8.14854	-52.39017	0	35	2021-10-18T23:19:46
8.14915	-52.39084	0	35	2021-10-18T23:24:48
8.14969	-52.39160	0	35	2021-10-18T23:29:47
8.15035	-52.39246	0	35	2021-10-18T23:35:27
8.15094	-52.39307	0	35	2021-10-18T23:39:46
8.15161	-52.39375	0	35	2021-10-18T23:44:47
8.15217	-52.39435	0	35	2021-10-18T23:49:47
8.15272	-52.39505	0	35	2021-10-18T23:54:49
8.15329	-52.39563	0	35	2021-10-18T23:59:47
8.15399	-52.39620	0	35	2021-10-19T00:04:50
8.15455	-52.39671	0	35	2021-10-19T00:09:50
8.15506	-52.39722	0	35	2021-10-19T00:14:49
8.15567	-52.39774	0	35	2021-10-19T00:19:49
8.15618	-52.39825	0	35	2021-10-19T00:24:49
8.15665	-52.39877	0	35	2021-10-19T00:29:47
8.15712	-52.39932	0	35	2021-10-19T00:35:27
8.15757	-52.39983	0	35	2021-10-19T00:39:44
8.15809	-52.40034	0	35	2021-10-19T00:44:43
8.15860	-52.40085	0	35	2021-10-19T00:49:43
8.15915	-52.40137	0	35	2021-10-19T00:54:44
8.15976	-52.40189	0	35	2021-10-19T00:59:41
8.16029	-52.40244	0	35	2021-10-19T01:04:41
8.16081	-52.40295	0	35	2021-10-19T01:09:38
8.16128	-52.40347	0	35	2021-10-19T01:14:39
8.16177	-52.40403	0	35	2021-10-19T01:19:37
8.16211	-52.40454	0	35	2021-10-19T01:24:37
8.16257	-52.40509	0	35	2021-10-19T01:29:56
8.16300	-52.40552	0	35	2021-10-19T01:34:55
8.16332	-52.40603	0	35	2021-10-19T01:39:40
8.16371	-52.40646	0	35	2021-10-19T01:44:41
8.16411	-52.40692	0	35	2021-10-19T01:49:39
8.16455	-52.40738	0	35	2021-10-19T01:54:41
8.16484	-52.40783	0	35	2021-10-19T01:59:40
8.16515	-52.40826	0	35	2021-10-19T02:04:40
8.16555	-52.40875	0	35	2021-10-19T02:09:40
8.16585	-52.40918	0	35	2021-10-19T02:14:39
8.16609	-52.40958	0	35	2021-10-19T02:19:40
8.16638	-52.40997	0	35	2021-10-19T02:24:39
8.16668	-52.41037	0	35	2021-10-19T02:29:38
8.16702	-52.41068	0	35	2021-10-19T02:34:57
8.16735	-52.41092	0	35	2021-10-19T02:39:38
8.16763	-52.41119	0	35	2021-10-19T02:44:36
8.16801	-52.41156	0	35	2021-10-19T02:49:33
8.16827	-52.41173	0	35	2021-10-19T02:54:33
8.16860	-52.41199	0	35	2021-10-19T02:59:33
8.16897	-52.41226	0	35	2021-10-19T03:04:34
8.16932	-52.41257	0	35	2021-10-19T03:09:36
8.16963	-52.41281	0	35	2021-10-19T03:14:33
8.16999	-52.41309	0	35	2021-10-19T03:19:33
8.17029	-52.41336	0	35	2021-10-19T03:24:35
8.17064	-52.41370	0	35	2021-10-19T03:29:33
8.17090	-52.41394	0	35	2021-10-19T03:34:55
8.17118	-52.41425	0	35	2021-10-19T03:39:32
8.17151	-52.41461	0	35	2021-10-19T03:44:33
8.17184	-52.41495	0	35	2021-10-19T03:49:32
8.17209	-52.41522	0	35	2021-10-19T03:54:33
8.17238	-52.41550	0	35	2021-10-19T03:59:32
8.17280	-52.41577	0	35	2021-10-19T04:04:34
8.17315	-52.41608	0	35	2021-10-19T04:09:32
8.17353	-52.41632	0	35	2021-10-19T04:14:32
8.17390	-52.41660	0	35	2021-10-19T04:19:33
8.17431	-52.41687	0	35	2021-10-19T04:24:33
8.17473	-52.41711	0	35	2021-10-19T04:29:34
8.17514	-52.41736	0	35	2021-10-19T04:34:54
8.17553	-52.41766	0	35	2021-10-19T04:39:36
8.17600	-52.41798	0	35	2021-10-19T04:44:38
8.17639	-52.41824	0	35	2021-10-19T04:49:38
8.17685	-52.41849	0	35	2021-10-19T04:54:39
8.17737	-52.41870	0	35	2021-10-19T04:59:40
8.17783	-52.41895	0	35	2021-10-19T05:04:40
8.17834	-52.41925	0	35	2021-10-19T05:09:44
8.17885	-52.41965	0	35	2021-10-19T05:14:42
8.17930	-52.42001	0	35	2021-10-19T05:19:43
8.17976	-52.42041	0	35	2021-10-19T05:24:45
8.18014	-52.42084	0	35	2021-10-19T05:29:45
8.18061	-52.42123	0	35	2021-10-19T05:35:08
8.18108	-52.42157	0	35	2021-10-19T05:39:46
8.18155	-52.42194	0	35	2021-10-19T05:44:44
8.18204	-52.42230	0	35	2021-10-19T05:49:45
8.18251	-52.42273	0	35	2021-10-19T05:54:44
8.18302	-52.42313	0	35	2021-10-19T05:59:45
8.18356	-52.42346	0	35	2021-10-19T06:04:43
8.18412	-52.42380	0	35	2021-10-19T06:09:44
8.18472	-52.42419	0	35	2021-10-19T06:14:41
8.18537	-52.42459	0	35	2021-10-19T06:19:42
8.18598	-52.42502	0	35	2021-10-19T06:24:41
8.18659	-52.42550	0	35	2021-10-19T06:30:07
8.18727	-52.42593	0	35	2021-10-19T06:35:07
8.18788	-52.42630	0	35	2021-10-19T06:39:41
8.18845	-52.42664	0	35	2021-10-19T06:44:42
8.18906	-52.42703	0	35	2021-10-19T06:49:40
8.18970	-52.42740	0	35	2021-10-19T06:54:39
8.19028	-52.42767	0	35	2021-10-19T06:59:38
8.19089	-52.42801	0	35	2021-10-19T07:04:39
8.19148	-52.42834	0	35	2021-10-19T07:09:39
8.19209	-52.42868	0	35	2021-10-19T07:14:36
8.19269	-52.42905	0	35	2021-10-19T07:19:39
8.19325	-52.42941	0	35	2021-10-19T07:24:38
8.19378	-52.42984	0	35	2021-10-19T07:29:57
8.19429	-52.43018	0	35	2021-10-19T07:34:57
8.19480	-52.43051	0	35	2021-10-19T07:39:40
8.19537	-52.43091	0	35	2021-10-19T07:44:38
8.19604	-52.43127	0	35	2021-10-19T07:49:41
8.19659	-52.43161	0	35	2021-10-19T07:54:43
8.19713	-52.43195	0	35	2021-10-19T07:59:40
8.19771	-52.43237	0	35	2021-10-19T08:04:43
8.19833	-52.43274	0	35	2021-10-19T08:09:41
8.19894	-52.43318	0	35	2021-10-19T08:14:42
8.19954	-52.43344	0	35	2021-10-19T08:19:42
8.20022	-52.43375	0	35	2021-10-19T08:24:40
8.20083	-52.43408	0	35	2021-10-19T08:29:43
8.20149	-52.43441	0	35	2021-10-19T08:34:42
8.20205	-52.43458	0	35	2021-10-19T08:39:42
8.20265	-52.43484	0	35	2021-10-19T08:44:42
8.20326	-52.43512	0	35	2021-10-19T08:49:44
8.20383	-52.43550	0	35	2021-10-19T08:54:42
8.20443	-52.43576	0	35	2021-10-19T08:59:42
8.20504	-52.43610	0	35	2021-10-19T09:04:39
8.20562	-52.43646	0	35	2021-10-19T09:09:40
8.20625	-52.43677	0	35	2021-10-19T09:14:41
8.20684	-52.43719	0	35	2021-10-19T09:19:38
8.20749	-52.43753	0	35	2021-10-19T09:24:38
8.20811	-52.43784	0	35	2021-10-19T09:29:36
8.20872	-52.43823	0	35	2021-10-19T09:34:59
8.20931	-52.43857	0	35	2021-10-19T09:39:40
8.20989	-52.43884	0	35	2021-10-19T09:44:38
8.21039	-52.43915	0	35	2021-10-19T09:49:39
8.21099	-52.43948	0	35	2021-10-19T09:54:37
8.21155	-52.43974	0	35	2021-10-19T09:59:37
8.21210	-52.44000	0	35	2021-10-19T10:04:38
8.21252	-52.44031	0	35	2021-10-19T10:09:38
8.21303	-52.44076	0	35	2021-10-19T10:14:36
8.21355	-52.44110	0	35	2021-10-19T10:19:37
8.21402	-52.44150	0	35	2021-10-19T10:24:37
8.21449	-52.44189	0	35	2021-10-19T10:29:37
8.21523	-52.44223	0	35	2021-10-19T10:34:55
8.21573	-52.44257	0	35	2021-10-19T10:39:36
8.21626	-52.44284	0	35	2021-10-19T10:44:36
8.21669	-52.44315	0	35	2021-10-19T10:49:38
8.21721	-52.44350	0	35	2021-10-19T10:54:35
8.21768	-52.44376	0	35	2021-10-19T10:59:36
8.21815	-52.44400	0	35	2021-10-19T11:04:40
8.21859	-52.44431	0	35	2021-10-19T11:09:36
8.21898	-52.44467	0	35	2021-10-19T11:14:37
8.21937	-52.44513	0	35	2021-10-19T11:19:39
8.21970	-52.44553	0	35	2021-10-19T11:24:36
8.22010	-52.44601	0	35	2021-10-19T11:29:37
8.22052	-52.44653	0	35	2021-10-19T11:34:56
8.22087	-52.44693	0	35	2021-10-19T11:39:39
8.22128	-52.44733	0	35	2021-10-19T11:44:39
8.22167	-52.44766	0	35	2021-10-19T11:49:40
8.22200	-52.44797	0	35	2021-10-19T11:54:40
8.22234	-52.44827	0	35	2021-10-19T11:59:42
8.22273	-52.44872	0	35	2021-10-19T12:04:40
8.22303	-52.44906	0	35	2021-10-19T12:09:40
8.22336	-52.44940	0	35	2021-10-19T12:14:41
8.22373	-52.44980	0	35	2021-10-19T12:19:42
8.22414	-52.45031	0	35	2021-10-19T12:24:43
8.22448	-52.45065	0	35	2021-10-19T12:29:43
8.22498	-52.45135	0	35	2021-10-19T12:35:07
8.22522	-52.45181	0	35	2021-10-19T12:39:42
8.22552	-52.45227	0	35	2021-10-19T12:44:41
8.22578	-52.45276	0	35	2021-10-19T12:49:40
8.22598	-52.45319	0	35	2021-10-19T12:54:40
8.22615	-52.45361	0	35	2021-10-19T12:59:40
8.22652	-52.45456	0	35	2021-10-19T13:09:39
8.22668	-52.45505	0	35	2021-10-19T13:14:43
8.22697	-52.45570	0	35	2021-10-19T13:19:44
8.22723	-52.45630	0	35	2021-10-19T13:24:44
8.22748	-52.45694	0	35	2021-10-19T13:29:46
8.22747	-52.45758	0	35	2021-10-19T13:35:25
8.22781	-52.45822	0	35	2021-10-19T13:39:48
8.22805	-52.45881	0	35	2021-10-19T13:44:52
8.22814	-52.45932	0	35	2021-10-19T13:49:52
8.22817	-52.45986	0	35	2021-10-19T13:54:50
8.22830	-52.46037	0	35	2021-10-19T13:59:51
8.22817	-52.46097	0	35	2021-10-19T14:04:51
8.22838	-52.46161	0	35	2021-10-19T14:09:49
8.22841	-52.46222	0	35	2021-10-19T14:14:46
8.22840	-52.46271	0	35	2021-10-19T14:19:47
8.22838	-52.46310	0	35	2021-10-19T14:24:45
8.22828	-52.46350	0	35	2021-10-19T14:29:47
8.22821	-52.46387	0	35	2021-10-19T14:35:08
8.22809	-52.46426	0	35	2021-10-19T14:39:45
8.22794	-52.46481	0	35	2021-10-19T14:44:43
8.22794	-52.46524	0	35	2021-10-19T14:49:44
8.22804	-52.46624	0	35	2021-10-19T15:00:01
8.22795	-52.46693	0	35	2021-10-19T15:05:01
8.22795	-52.46753	0	35	2021-10-19T15:10:00
8.22790	-52.46827	0	35	2021-10-19T15:15:01
8.22790	-52.46887	0	35	2021-10-19T15:20:01
8.22790	-52.46957	0	35	2021-10-19T15:24:59
8.22794	-52.47034	0	35	2021-10-19T15:30:02
8.22804	-52.47118	0	35	2021-10-19T15:35:02
8.22804	-52.47195	0	35	2021-10-19T15:40:01
8.22819	-52.47263	0	35	2021-10-19T15:44:47
8.22832	-52.47327	0	35	2021-10-19T15:49:47
8.22836	-52.47385	0	35	2021-10-19T15:54:44
8.22849	-52.47456	0	35	2021-10-19T15:59:48
8.22852	-52.47507	0	35	2021-10-19T16:04:48
8.22860	-52.47571	0	35	2021-10-19T16:09:46
8.22856	-52.47660	0	35	2021-10-19T16:14:47
8.22865	-52.47729	0	35	2021-10-19T16:19:47
8.22878	-52.47791	0	35	2021-10-19T16:24:45
8.22884	-52.47876	0	35	2021-10-19T16:29:46
8.22903	-52.47944	0	35	2021-10-19T16:34:47
8.22912	-52.48013	0	35	2021-10-19T16:39:47
8.22932	-52.48102	0	35	2021-10-19T16:44:48
8.22955	-52.48196	0	35	2021-10-19T16:49:46
8.22977	-52.48285	0	35	2021-10-19T16:54:49
8.22997	-52.48367	0	35	2021-10-19T16:59:47
8.23016	-52.48442	0	35	2021-10-19T17:04:45
8.23043	-52.48502	0	35	2021-10-19T17:09:45
8.23068	-52.48557	0	35	2021-10-19T17:14:46
8.23090	-52.48608	0	35	2021-10-19T17:19:46
8.23114	-52.48660	0	35	2021-10-19T17:24:44
8.23137	-52.48706	0	35	2021-10-19T17:29:45
8.23169	-52.48770	0	35	2021-10-19T17:35:09
8.23178	-52.48822	0	35	2021-10-19T17:39:46
8.23193	-52.48884	0	35	2021-10-19T17:44:40
8.23210	-52.48953	0	35	2021-10-19T17:49:40
8.23232	-52.49026	0	35	2021-10-19T17:54:40
8.23259	-52.49103	0	35	2021-10-19T17:59:42
8.23287	-52.49176	0	35	2021-10-19T18:04:39
8.23318	-52.49252	0	35	2021-10-19T18:09:41
8.23345	-52.49326	0	35	2021-10-19T18:14:41
8.23373	-52.49387	0	35	2021-10-19T18:19:38
8.23410	-52.49457	0	35	2021-10-19T18:24:41
8.23440	-52.49518	0	35	2021-10-19T18:29:39
8.23469	-52.49585	0	35	2021-10-19T18:34:56
8.23504	-52.49652	0	35	2021-10-19T18:39:38
8.23542	-52.49719	0	35	2021-10-19T18:44:41
8.23581	-52.49787	0	35	2021-10-19T18:49:39
8.23615	-52.49838	0	35	2021-10-19T18:54:40
8.23654	-52.49893	0	35	2021-10-19T18:59:41
8.23701	-52.49971	0	35	2021-10-19T19:04:37
8.23748	-52.50022	0	35	2021-10-19T19:09:37
8.23804	-52.50073	0	35	2021-10-19T19:14:36
8.23863	-52.50125	0	35	2021-10-19T19:19:33
8.23917	-52.50180	0	35	2021-10-19T19:24:34
8.23963	-52.50232	0	35	2021-10-19T19:29:34
8.24036	-52.50287	0	35	2021-10-19T19:34:57
8.24069	-52.50339	0	35	2021-10-19T19:39:31
8.24132	-52.50391	0	35	2021-10-19T19:44:32
8.24183	-52.50443	0	35	2021-10-19T19:49:33
8.24225	-52.50500	0	35	2021-10-19T19:54:31
8.24272	-52.50552	0	35	2021-10-19T19:59:32
8.24319	-52.50607	0	35	2021-10-19T20:04:29
8.24372	-52.50659	0	35	2021-10-19T20:09:32
8.24426	-52.50717	0	35	2021-10-19T20:14:31
8.24475	-52.50779	0	35	2021-10-19T20:19:31
8.24522	-52.50830	0	35	2021-10-19T20:24:31
8.24567	-52.50882	0	35	2021-10-19T20:29:33
8.24640	-52.50919	0	35	2021-10-19T20:34:58
8.24691	-52.50984	0	35	2021-10-19T20:39:35
8.24738	-52.51035	0	35	2021-10-19T20:44:35
8.24771	-52.51114	0	35	2021-10-19T20:49:33
8.24790	-52.51202	0	35	2021-10-19T20:54:33
8.24804	-52.51297	0	35	2021-10-19T20:59:34
8.24817	-52.51383	0	35	2021-10-19T21:04:35
8.24830	-52.51477	0	35	2021-10-19T21:09:35
8.24846	-52.51584	0	35	2021-10-19T21:14:33
8.24869	-52.51688	0	35	2021-10-19T21:19:34
8.24887	-52.51782	0	35	2021-10-19T21:24:34
8.24918	-52.51874	0	35	2021-10-19T21:29:35
8.24963	-52.51984	0	35	2021-10-19T21:34:55
8.24977	-52.52072	0	35	2021-10-19T21:39:36
8.25069	-52.52338	0	35	2021-10-19T21:54:40
8.25099	-52.52424	0	35	2021-10-19T21:59:40
8.25128	-52.52518	0	35	2021-10-19T22:04:39
8.25159	-52.52615	0	35	2021-10-19T22:09:42
8.25174	-52.52704	0	35	2021-10-19T22:14:42
8.25201	-52.52792	0	35	2021-10-19T22:19:41
8.25224	-52.52884	0	35	2021-10-19T22:24:40
8.25244	-52.52982	0	35	2021-10-19T22:29:38
8.25278	-52.53098	0	35	2021-10-19T22:35:09
8.25317	-52.53174	0	35	2021-10-19T22:39:39
8.25352	-52.53259	0	35	2021-10-19T22:44:37
8.25395	-52.53364	0	35	2021-10-19T22:49:39
8.25421	-52.53458	0	35	2021-10-19T22:54:39
8.25447	-52.53552	0	35	2021-10-19T22:59:40
8.25479	-52.53644	0	35	2021-10-19T23:04:39
8.25507	-52.53751	0	35	2021-10-19T23:09:40
8.25529	-52.53848	0	35	2021-10-19T23:14:38
8.25549	-52.53949	0	35	2021-10-19T23:19:42
8.25567	-52.54050	0	35	2021-10-19T23:24:40
8.25587	-52.54150	0	35	2021-10-19T23:29:43
8.25609	-52.54257	0	35	2021-10-19T23:35:08
8.25616	-52.54349	0	35	2021-10-19T23:39:43
8.25630	-52.54449	0	35	2021-10-19T23:44:42
8.25647	-52.54553	0	35	2021-10-19T23:49:43
8.25647	-52.54639	0	35	2021-10-19T23:54:42
8.25658	-52.54727	0	35	2021-10-19T23:59:45
8.25665	-52.54823	0	35	2021-10-20T00:04:47
8.25674	-52.54917	0	35	2021-10-20T00:09:47
8.25677	-52.55011	0	35	2021-10-20T00:14:47
8.25685	-52.55112	0	35	2021-10-20T00:19:48
8.25695	-52.55209	0	35	2021-10-20T00:24:46
8.25709	-52.55312	0	35	2021-10-20T00:30:07
8.25719	-52.55432	0	35	2021-10-20T00:35:07
8.25737	-52.55521	0	35	2021-10-20T00:39:41
8.25756	-52.55618	0	35	2021-10-20T00:44:46
8.25763	-52.55713	0	35	2021-10-20T00:49:43
8.25772	-52.55807	0	35	2021-10-20T00:54:44
8.25784	-52.55911	0	35	2021-10-20T00:59:45
8.25796	-52.56006	0	35	2021-10-20T01:04:45
8.25806	-52.56097	0	35	2021-10-20T01:09:46
8.25817	-52.56277	0	35	2021-10-20T01:19:48
8.25813	-52.56366	0	35	2021-10-20T01:24:46
8.25819	-52.56461	0	35	2021-10-20T01:29:49
8.25827	-52.56583	0	35	2021-10-20T01:35:25
8.25839	-52.56671	0	35	2021-10-20T01:39:48
8.25853	-52.56769	0	35	2021-10-20T01:44:48
8.25859	-52.56868	0	35	2021-10-20T01:49:50
8.25855	-52.56962	0	35	2021-10-20T01:54:50
8.25859	-52.57056	0	35	2021-10-20T01:59:51
8.25869	-52.57166	0	35	2021-10-20T02:04:48
8.25883	-52.57269	0	35	2021-10-20T02:09:48
8.25904	-52.57377	0	35	2021-10-20T02:14:42
8.25910	-52.57474	0	35	2021-10-20T02:19:44
8.25925	-52.57574	0	35	2021-10-20T02:24:41
8.25944	-52.57678	0	35	2021-10-20T02:29:41
8.25955	-52.57782	0	35	2021-10-20T02:35:08
8.25974	-52.57880	0	35	2021-10-20T02:39:42
8.26000	-52.57974	0	35	2021-10-20T02:44:42
8.26022	-52.58078	0	35	2021-10-20T02:49:44
8.26047	-52.58185	0	35	2021-10-20T02:54:42
8.26079	-52.58286	0	35	2021-10-20T02:59:46
8.26113	-52.58380	0	35	2021-10-20T03:04:47
8.26148	-52.58478	0	35	2021-10-20T03:09:45
8.26182	-52.58575	0	35	2021-10-20T03:14:47
8.26215	-52.58680	0	35	2021-10-20T03:19:46
8.26249	-52.58774	0	35	2021-10-20T03:24:46
8.26279	-52.58878	0	35	2021-10-20T03:29:44
8.26315	-52.59000	0	35	2021-10-20T03:35:25
8.26343	-52.59093	0	35	2021-10-20T03:39:46
8.26373	-52.59187	0	35	2021-10-20T03:44:46
8.26394	-52.59290	0	35	2021-10-20T03:49:47
8.26418	-52.59390	0	35	2021-10-20T03:54:44
8.26454	-52.59497	0	35	2021-10-20T03:59:47
8.26479	-52.59583	0	35	2021-10-20T04:04:46
8.26509	-52.59671	0	35	2021-10-20T04:09:45
8.26530	-52.59747	0	35	2021-10-20T04:14:44
8.26572	-52.59827	0	35	2021-10-20T04:19:47
8.26609	-52.59897	0	35	2021-10-20T04:24:45
8.26640	-52.59979	0	35	2021-10-20T04:30:27
8.26687	-52.60056	0	35	2021-10-20T04:35:26
8.26728	-52.60120	0	35	2021-10-20T04:39:51
8.26777	-52.60199	0	35	2021-10-20T04:44:52
8.26828	-52.60287	0	35	2021-10-20T04:49:49
8.26887	-52.60364	0	35	2021-10-20T04:54:50
8.26939	-52.60443	0	35	2021-10-20T04:59:47
8.26995	-52.60519	0	35	2021-10-20T05:04:48
8.27037	-52.60590	0	35	2021-10-20T05:09:45
8.27094	-52.60661	0	35	2021-10-20T05:14:45
8.27140	-52.60730	0	35	2021-10-20T05:19:44
8.27197	-52.60800	0	35	2021-10-20T05:24:44
8.27258	-52.60884	0	35	2021-10-20T05:30:08
8.27314	-52.60953	0	35	2021-10-20T05:35:09
8.27361	-52.61017	0	35	2021-10-20T05:39:46
8.27417	-52.61084	0	35	2021-10-20T05:44:47
8.27477	-52.61157	0	35	2021-10-20T05:49:47
8.27533	-52.61224	0	35	2021-10-20T05:54:49
8.27586	-52.61292	0	35	2021-10-20T05:59:46
8.27638	-52.61371	0	35	2021-10-20T06:04:47
8.27697	-52.61445	0	35	2021-10-20T06:09:48
8.27748	-52.61514	0	35	2021-10-20T06:14:48
8.27799	-52.61594	0	35	2021-10-20T06:19:46
8.27848	-52.61673	0	35	2021-10-20T06:24:49
8.27908	-52.61763	0	35	2021-10-20T06:29:48
8.27974	-52.61856	0	35	2021-10-20T06:35:26
8.28020	-52.61926	0	35	2021-10-20T06:39:49
8.28074	-52.61996	0	35	2021-10-20T06:44:50
8.28118	-52.62070	0	35	2021-10-20T06:49:50
8.28154	-52.62140	0	35	2021-10-20T06:54:52
8.28201	-52.62216	0	35	2021-10-20T06:59:49
8.28234	-52.62289	0	35	2021-10-20T07:04:52
8.28278	-52.62366	0	35	2021-10-20T07:09:50
8.28322	-52.62462	0	35	2021-10-20T07:14:51
8.28365	-52.62539	0	35	2021-10-20T07:19:51
8.28407	-52.62616	0	35	2021-10-20T07:24:50
8.28449	-52.62699	0	35	2021-10-20T07:30:27
8.28482	-52.62793	0	35	2021-10-20T07:35:26
8.28529	-52.62875	0	35	2021-10-20T07:39:50
8.28572	-52.62952	0	35	2021-10-20T07:44:49
8.28611	-52.63040	0	35	2021-10-20T07:49:50
8.28649	-52.63120	0	35	2021-10-20T07:54:49
8.28693	-52.63202	0	35	2021-10-20T07:59:48
8.28731	-52.63300	0	35	2021-10-20T08:04:52
8.28773	-52.63391	0	35	2021-10-20T08:09:53
8.28825	-52.63486	0	35	2021-10-20T08:14:54
8.28872	-52.63581	0	35	2021-10-20T08:19:57
8.28907	-52.63675	0	35	2021-10-20T08:24:56
8.28942	-52.63760	0	35	2021-10-20T08:29:57
8.29008	-52.63843	0	35	2021-10-20T08:35:25
8.29053	-52.63922	0	35	2021-10-20T08:39:58
8.29102	-52.64001	0	35	2021-10-20T08:44:55
8.29152	-52.64081	0	35	2021-10-20T08:49:56
8.29203	-52.64154	0	35	2021-10-20T08:54:54
8.29252	-52.64233	0	35	2021-10-20T08:59:56
8.29289	-52.64291	0	35	2021-10-20T09:04:54
8.29330	-52.64362	0	35	2021-10-20T09:09:55
8.29367	-52.64429	0	35	2021-10-20T09:14:55
8.29406	-52.64502	0	35	2021-10-20T09:19:56
8.29447	-52.64579	0	35	2021-10-20T09:24:57
8.29494	-52.64648	0	35	2021-10-20T09:29:56
8.29531	-52.64716	0	35	2021-10-20T09:35:27
8.29576	-52.64780	0	35	2021-10-20T09:39:53
8.29627	-52.64847	0	35	2021-10-20T09:44:53
8.29684	-52.64917	0	35	2021-10-20T09:49:51
8.29740	-52.64984	0	35	2021-10-20T09:54:52
8.29799	-52.65054	0	35	2021-10-20T09:59:48
8.29867	-52.65126	0	35	2021-10-20T10:04:49
8.29911	-52.65195	0	35	2021-10-20T10:09:49
8.29968	-52.65274	0	35	2021-10-20T10:14:50
8.30038	-52.65342	0	35	2021-10-20T10:19:48
8.30101	-52.65411	0	35	2021-10-20T10:24:48
8.30174	-52.65488	0	35	2021-10-20T10:29:46
8.30265	-52.65570	0	35	2021-10-20T10:35:25
8.30345	-52.65640	0	35	2021-10-20T10:39:48
8.30444	-52.65726	0	35	2021-10-20T10:44:47
8.30542	-52.65801	0	35	2021-10-20T10:49:45
8.30620	-52.65887	0	35	2021-10-20T10:54:45
8.30691	-52.65982	0	35	2021-10-20T10:59:43
8.30763	-52.66074	0	35	2021-10-20T11:04:44
8.30841	-52.66165	0	35	2021-10-20T11:09:42
8.30910	-52.66251	0	35	2021-10-20T11:14:42
8.30971	-52.66339	0	35	2021-10-20T11:19:42
8.31012	-52.66440	0	35	2021-10-20T11:24:44
8.31060	-52.66528	0	35	2021-10-20T11:29:41
8.31132	-52.66617	0	35	2021-10-20T11:35:08
8.31183	-52.66693	0	35	2021-10-20T11:39:43
8.31237	-52.66779	0	35	2021-10-20T11:44:43
8.31279	-52.66864	0	35	2021-10-20T11:49:44
8.31326	-52.66956	0	35	2021-10-20T11:54:38
8.31380	-52.67038	0	35	2021-10-20T11:59:38
8.31432	-52.67136	0	35	2021-10-20T12:04:39
8.31488	-52.67226	0	35	2021-10-20T12:09:36
8.31539	-52.67303	0	35	2021-10-20T12:14:36
8.31586	-52.67380	0	35	2021-10-20T12:19:35
8.31639	-52.67462	0	35	2021-10-20T12:24:37
8.31705	-52.67545	0	35	2021-10-20T12:29:35
8.31786	-52.67635	0	35	2021-10-20T12:34:37
8.31842	-52.67712	0	35	2021-10-20T12:39:37
8.31908	-52.67783	0	35	2021-10-20T12:44:34
8.31981	-52.67853	0	35	2021-10-20T12:49:32
8.32056	-52.67923	0	35	2021-10-20T12:54:35
8.32126	-52.67984	0	35	2021-10-20T12:59:33
8.32191	-52.68045	0	35	2021-10-20T13:04:34
8.32254	-52.68127	0	35	2021-10-20T13:09:35
8.32335	-52.68204	0	35	2021-10-20T13:14:36
8.32391	-52.68256	0	35	2021-10-20T13:19:33
8.32445	-52.68311	0	35	2021-10-20T13:24:36
8.32494	-52.68359	0	35	2021-10-20T13:29:34
8.32522	-52.68402	0	35	2021-10-20T13:34:58
8.32563	-52.68466	0	35	2021-10-20T13:39:44
8.32597	-52.68518	0	35	2021-10-20T13:44:37
8.32626	-52.68579	0	35	2021-10-20T13:49:35
8.32668	-52.68649	0	35	2021-10-20T13:54:39
8.32710	-52.68716	0	35	2021-10-20T13:59:38
8.32750	-52.68787	0	35	2021-10-20T14:04:39
8.32792	-52.68866	0	35	2021-10-20T14:09:38
8.32845	-52.68951	0	35	2021-10-20T14:14:41
8.32915	-52.69031	0	35	2021-10-20T14:19:39
8.32971	-52.69107	0	35	2021-10-20T14:24:43
8.33027	-52.69184	0	35	2021-10-20T14:30:20
8.33104	-52.69235	0	35	2021-10-20T14:35:20
8.33142	-52.69305	0	35	2021-10-20T14:39:41
8.33187	-52.69379	0	35	2021-10-20T14:44:42
8.33226	-52.69467	0	35	2021-10-20T14:49:40
8.33266	-52.69574	0	35	2021-10-20T14:54:57
8.33280	-52.69696	0	35	2021-10-20T14:59:41
8.33322	-52.69801	0	35	2021-10-20T15:04:54
8.33352	-52.69904	0	35	2021-10-20T15:09:55
8.33393	-52.70001	0	35	2021-10-20T15:14:56
8.33442	-52.70090	0	35	2021-10-20T15:19:53
8.33503	-52.70187	0	35	2021-10-20T15:24:55
8.33566	-52.70282	0	35	2021-10-20T15:29:39
8.33636	-52.70380	0	35	2021-10-20T15:35:07
8.33700	-52.70462	0	35	2021-10-20T15:39:38
8.33761	-52.70567	0	35	2021-10-20T15:44:38
8.33830	-52.70670	0	35	2021-10-20T15:49:38
8.33895	-52.70755	0	35	2021-10-20T15:54:39
8.33958	-52.70831	0	35	2021-10-20T15:59:37
8.34029	-52.70944	0	35	2021-10-20T16:04:42
8.34096	-52.71024	0	35	2021-10-20T16:09:38
8.34160	-52.71103	0	35	2021-10-20T16:14:40
8.34221	-52.71182	0	35	2021-10-20T16:19:39
8.34281	-52.71274	0	35	2021-10-20T16:24:41
8.34340	-52.71368	0	35	2021-10-20T16:29:41
8.34404	-52.71463	0	35	2021-10-20T16:34:55
8.34451	-52.71558	0	35	2021-10-20T16:39:44
8.34509	-52.71655	0	35	2021-10-20T16:44:38
8.34576	-52.71759	0	35	2021-10-20T16:49:38
8.34639	-52.71857	0	35	2021-10-20T16:54:39
8.34713	-52.71954	0	35	2021-10-20T16:59:36
8.34782	-52.72052	0	35	2021-10-20T17:04:37
8.34847	-52.72156	0	35	2021-10-20T17:09:36
8.34904	-52.72263	0	35	2021-10-20T17:14:37
8.34953	-52.72366	0	35	2021-10-20T17:19:35
8.35007	-52.72464	0	35	2021-10-20T17:24:32
8.35066	-52.72559	0	35	2021-10-20T17:29:34
8.35121	-52.72656	0	35	2021-10-20T17:35:05
8.35171	-52.72745	0	35	2021-10-20T17:39:32
8.35227	-52.72839	0	35	2021-10-20T17:44:32
8.35291	-52.72952	0	35	2021-10-20T17:49:31
8.35342	-52.73041	0	35	2021-10-20T17:54:30
8.35398	-52.73132	0	35	2021-10-20T17:59:31
8.35450	-52.73236	0	35	2021-10-20T18:04:31
8.35515	-52.73337	0	35	2021-10-20T18:09:28
8.35571	-52.73444	0	35	2021-10-20T18:14:26
8.35624	-52.73547	0	35	2021-10-20T18:19:27
8.35687	-52.73651	0	35	2021-10-20T18:24:42
8.35750	-52.73759	0	35	2021-10-20T18:29:59
8.35814	-52.73853	0	35	2021-10-20T18:35:00
8.35871	-52.73932	0	35	2021-10-20T18:39:25
8.35932	-52.74033	0	35	2021-10-20T18:44:26
8.35999	-52.74115	0	35	2021-10-20T18:49:24
8.36117	-52.74296	0	35	2021-10-20T18:59:21
8.36173	-52.74373	0	35	2021-10-20T19:04:22
8.36224	-52.74442	0	35	2021-10-20T19:09:22
8.36276	-52.74515	0	35	2021-10-20T19:14:20
8.36331	-52.74588	0	35	2021-10-20T19:19:25
8.36389	-52.74661	0	35	2021-10-20T19:24:26
8.36448	-52.74728	0	35	2021-10-20T19:29:20
8.36525	-52.74805	0	35	2021-10-20T19:34:54
8.36590	-52.74872	0	35	2021-10-20T19:39:20
8.36654	-52.74957	0	35	2021-10-20T19:44:21
8.36731	-52.75040	0	35	2021-10-20T19:49:21
8.36802	-52.75125	0	35	2021-10-20T19:54:19
8.36861	-52.75217	0	35	2021-10-20T19:59:21
8.36936	-52.75305	0	35	2021-10-20T20:04:21
8.36998	-52.75388	0	35	2021-10-20T20:09:19
8.37067	-52.75473	0	35	2021-10-20T20:14:24
8.37135	-52.75562	0	35	2021-10-20T20:19:23
8.37190	-52.75659	0	35	2021-10-20T20:24:21
8.37246	-52.75745	0	35	2021-10-20T20:29:21
8.37311	-52.75833	0	35	2021-10-20T20:34:56
8.37358	-52.75912	0	35	2021-10-20T20:39:22
8.37415	-52.76009	0	35	2021-10-20T20:44:20
8.37461	-52.76089	0	35	2021-10-20T20:49:21
8.37505	-52.76172	0	35	2021-10-20T20:54:21
8.37554	-52.76260	0	35	2021-10-20T20:59:22
8.37607	-52.76339	0	35	2021-10-20T21:04:16
8.37650	-52.76425	0	35	2021-10-20T21:09:16
8.37691	-52.76523	0	35	2021-10-20T21:14:16
8.37747	-52.76615	0	35	2021-10-20T21:19:14
8.37790	-52.76684	0	35	2021-10-20T21:24:14
8.37833	-52.76761	0	35	2021-10-20T21:29:13
8.37880	-52.76852	0	35	2021-10-20T21:34:40
8.37927	-52.76935	0	35	2021-10-20T21:39:14
8.37964	-52.77030	0	35	2021-10-20T21:44:15
8.38020	-52.77124	0	35	2021-10-20T21:49:16
8.38064	-52.77206	0	35	2021-10-20T21:54:18
8.38091	-52.77295	0	35	2021-10-20T21:59:17
8.38120	-52.77374	0	35	2021-10-20T22:04:19
8.38162	-52.77466	0	35	2021-10-20T22:09:18
8.38200	-52.77554	0	35	2021-10-20T22:14:20
8.38235	-52.77631	0	35	2021-10-20T22:19:21
8.38269	-52.77710	0	35	2021-10-20T22:24:21
8.38321	-52.77795	0	35	2021-10-20T22:29:23
8.38368	-52.77890	0	35	2021-10-20T22:34:59
8.38410	-52.77969	0	35	2021-10-20T22:39:23
8.38446	-52.78058	0	35	2021-10-20T22:44:25
8.38495	-52.78146	0	35	2021-10-20T22:49:23
8.38537	-52.78250	0	35	2021-10-20T22:54:23
8.38571	-52.78336	0	35	2021-10-20T22:59:24
8.38613	-52.78433	0	35	2021-10-20T23:04:22
8.38655	-52.78540	0	35	2021-10-20T23:09:23
8.38704	-52.78653	0	35	2021-10-20T23:14:23
8.38757	-52.78760	0	35	2021-10-20T23:19:22
8.38803	-52.78857	0	35	2021-10-20T23:24:23
8.38854	-52.78961	0	35	2021-10-20T23:29:25
8.38906	-52.79094	0	35	2021-10-20T23:34:25
8.38939	-52.79166	0	35	2021-10-20T23:39:23
8.38983	-52.79257	0	35	2021-10-20T23:44:24
8.39023	-52.79346	0	35	2021-10-20T23:49:22
8.39062	-52.79453	0	35	2021-10-20T23:54:25
8.39103	-52.79559	0	35	2021-10-20T23:59:27
8.39145	-52.79672	0	35	2021-10-21T00:04:24
8.39181	-52.79776	0	35	2021-10-21T00:09:23
8.39220	-52.79887	0	35	2021-10-21T00:14:22
8.39263	-52.79990	0	35	2021-10-21T00:19:23
8.39302	-52.80093	0	35	2021-10-21T00:24:23
8.39337	-52.80203	0	35	2021-10-21T00:29:24
8.39385	-52.80352	0	35	2021-10-21T00:34:21
8.39445	-52.80481	0	35	2021-10-21T00:39:21
8.39530	-52.80612	0	35	2021-10-21T00:44:22
8.39611	-52.80740	0	35	2021-10-21T00:49:19
8.39692	-52.80879	0	35	2021-10-21T00:54:18
8.39774	-52.81008	0	35	2021-10-21T00:59:18
8.39860	-52.81128	0	35	2021-10-21T01:04:19
8.39944	-52.81265	0	35	2021-10-21T01:09:19
8.40030	-52.81402	0	35	2021-10-21T01:14:19
8.40103	-52.81522	0	35	2021-10-21T01:19:18
8.40169	-52.81635	0	35	2021-10-21T01:24:21
8.40259	-52.81760	0	35	2021-10-21T01:29:20
8.40368	-52.81894	0	35	2021-10-21T01:34:55
8.40448	-52.82007	0	35	2021-10-21T01:39:25
8.40521	-52.82119	0	35	2021-10-21T01:44:25
8.40602	-52.82239	0	35	2021-10-21T01:49:25
8.40691	-52.82355	0	35	2021-10-21T01:54:26
8.40781	-52.82477	0	35	2021-10-21T01:59:28
8.40865	-52.82618	0	35	2021-10-21T02:04:29
8.40938	-52.82730	0	35	2021-10-21T02:09:30
8.41027	-52.82834	0	35	2021-10-21T02:14:27
8.41107	-52.82938	0	35	2021-10-21T02:19:28
8.41172	-52.83069	0	35	2021-10-21T02:24:25
8.41240	-52.83194	0	35	2021-10-21T02:29:28
8.41306	-52.83307	0	35	2021-10-21T02:34:56
8.41379	-52.83417	0	35	2021-10-21T02:39:20
8.41456	-52.83539	0	35	2021-10-21T02:44:24
8.41515	-52.83679	0	35	2021-10-21T02:49:24
8.41572	-52.83823	0	35	2021-10-21T02:54:22
8.41688	-52.84127	0	35	2021-10-21T03:04:26
8.41738	-52.84273	0	35	2021-10-21T03:09:25
8.41782	-52.84436	0	35	2021-10-21T03:14:25
8.41808	-52.84589	0	35	2021-10-21T03:19:23
8.41839	-52.84761	0	35	2021-10-21T03:24:23
8.41890	-52.84933	0	35	2021-10-21T03:29:24
8.41928	-52.85120	0	35	2021-10-21T03:34:53
8.41961	-52.85266	0	35	2021-10-21T03:39:22
8.42003	-52.85433	0	35	2021-10-21T03:44:22
8.42046	-52.85587	0	35	2021-10-21T03:49:22
8.42088	-52.85739	0	35	2021-10-21T03:54:23
8.42141	-52.85892	0	35	2021-10-21T03:59:21
8.42192	-52.86057	0	35	2021-10-21T04:04:26
8.42231	-52.86212	0	35	2021-10-21T04:09:22
8.42279	-52.86371	0	35	2021-10-21T04:14:20
8.42329	-52.86534	0	35	2021-10-21T04:19:22
8.42376	-52.86688	0	35	2021-10-21T04:24:22
8.42428	-52.86841	0	35	2021-10-21T04:29:23
8.42492	-52.87006	0	35	2021-10-21T04:34:58
8.42534	-52.87131	0	35	2021-10-21T04:39:20
8.42597	-52.87283	0	35	2021-10-21T04:44:21
8.42657	-52.87448	0	35	2021-10-21T04:49:19
8.42719	-52.87604	0	35	2021-10-21T04:54:20
8.42797	-52.87762	0	35	2021-10-21T04:59:19
8.42847	-52.87918	0	35	2021-10-21T05:04:17
8.42904	-52.88077	0	35	2021-10-21T05:09:22
8.42971	-52.88244	0	35	2021-10-21T05:14:19
8.43035	-52.88407	0	35	2021-10-21T05:19:19
8.43099	-52.88553	0	35	2021-10-21T05:24:18
8.43174	-52.88705	0	35	2021-10-21T05:29:18
8.43274	-52.88883	0	35	2021-10-21T05:34:22
8.43351	-52.89020	0	35	2021-10-21T05:39:22
8.43432	-52.89169	0	35	2021-10-21T05:44:16
8.43526	-52.89316	0	35	2021-10-21T05:49:17
8.43619	-52.89462	0	35	2021-10-21T05:54:18
8.43711	-52.89609	0	35	2021-10-21T05:59:16
8.43807	-52.89765	0	35	2021-10-21T06:04:15
8.43805	-52.89755	0	35	2021-10-21T06:04:16
8.43906	-52.89911	0	35	2021-10-21T06:09:14
8.43903	-52.89905	0	35	2021-10-21T06:09:17
8.44018	-52.90048	0	35	2021-10-21T06:14:14
8.44120	-52.90198	0	35	2021-10-21T06:19:15
8.44218	-52.90341	0	35	2021-10-21T06:24:16
8.44434	-52.90652	0	35	2021-10-21T06:34:17
8.44520	-52.90772	0	35	2021-10-21T06:39:17
8.44627	-52.90918	0	35	2021-10-21T06:44:16
8.44738	-52.91061	0	35	2021-10-21T06:49:16
8.44844	-52.91205	0	35	2021-10-21T06:54:18
8.44947	-52.91342	0	35	2021-10-21T06:59:18
8.45053	-52.91489	0	35	2021-10-21T07:04:21
8.45162	-52.91626	0	35	2021-10-21T07:09:19
8.45255	-52.91766	0	35	2021-10-21T07:14:21
8.45349	-52.91907	0	35	2021-10-21T07:19:24
8.45444	-52.92052	0	35	2021-10-21T07:24:56
8.45534	-52.92198	0	35	2021-10-21T07:29:56
8.45632	-52.92352	0	35	2021-10-21T07:34:55
8.45721	-52.92480	0	35	2021-10-21T07:39:24
8.45820	-52.92638	0	35	2021-10-21T07:44:22
8.45909	-52.92792	0	35	2021-10-21T07:49:23
8.46014	-52.92947	0	35	2021-10-21T07:54:20
8.46119	-52.93100	0	35	2021-10-21T07:59:21
8.46228	-52.93283	0	35	2021-10-21T08:04:26
8.46340	-52.93437	0	35	2021-10-21T08:09:26
8.46463	-52.93591	0	35	2021-10-21T08:14:27
8.46594	-52.93750	0	35	2021-10-21T08:19:28
8.46712	-52.93912	0	35	2021-10-21T08:24:28
8.46829	-52.94077	0	35	2021-10-21T08:29:32
8.46964	-52.94266	0	35	2021-10-21T08:35:00
8.47091	-52.94431	0	35	2021-10-21T08:39:28
8.47221	-52.94589	0	35	2021-10-21T08:44:28
8.47349	-52.94757	0	35	2021-10-21T08:49:28
8.47469	-52.94937	0	35	2021-10-21T08:54:27
8.47601	-52.95123	0	35	2021-10-21T08:59:30
8.47741	-52.95313	0	35	2021-10-21T09:04:28
8.47887	-52.95493	0	35	2021-10-21T09:09:28
8.48054	-52.95667	0	35	2021-10-21T09:14:26
8.48221	-52.95840	0	35	2021-10-21T09:19:26
8.48380	-52.96014	0	35	2021-10-21T09:24:24
8.48559	-52.96179	0	35	2021-10-21T09:29:25
8.48739	-52.96353	0	35	2021-10-21T09:34:56
8.48895	-52.96494	0	35	2021-10-21T09:39:23
8.49051	-52.96654	0	35	2021-10-21T09:44:23
8.49193	-52.96808	0	35	2021-10-21T09:49:23
8.49333	-52.96976	0	35	2021-10-21T09:54:20
8.49466	-52.97156	0	35	2021-10-21T09:59:21
8.49606	-52.97336	0	35	2021-10-21T10:04:22
8.49755	-52.97510	0	35	2021-10-21T10:09:19
8.49893	-52.97675	0	35	2021-10-21T10:14:17
8.50034	-52.97852	0	35	2021-10-21T10:19:17
8.50172	-52.98021	0	35	2021-10-21T10:24:18
8.50305	-52.98184	0	35	2021-10-21T10:29:18
8.50455	-52.98381	0	35	2021-10-21T10:34:16
8.50453	-52.98376	0	35	2021-10-21T10:34:54
8.50567	-52.98544	0	35	2021-10-21T10:39:17
8.50572	-52.98548	0	35	2021-10-21T10:39:17
8.50707	-52.98715	0	35	2021-10-21T10:44:14
8.50709	-52.98720	0	35	2021-10-21T10:44:18
8.50872	-52.98883	0	35	2021-10-21T10:49:18
8.51033	-52.99051	0	35	2021-10-21T10:54:16
8.51183	-52.99214	0	35	2021-10-21T10:59:17
8.51342	-52.99368	0	35	2021-10-21T11:04:17
8.51493	-52.99524	0	35	2021-10-21T11:09:18
8.51652	-52.99695	0	35	2021-10-21T11:14:18
8.51784	-52.99857	0	35	2021-10-21T11:19:20
8.51919	-53.00021	0	35	2021-10-21T11:24:17
8.52065	-53.00183	0	35	2021-10-21T11:29:20
8.52210	-53.00372	0	35	2021-10-21T11:34:19
8.52338	-53.00501	0	35	2021-10-21T11:39:19
8.52463	-53.00647	0	35	2021-10-21T11:44:19
8.52622	-53.00806	0	35	2021-10-21T11:49:21
8.52788	-53.00949	0	35	2021-10-21T11:54:19
8.52955	-53.01074	0	35	2021-10-21T11:59:20
8.53107	-53.01205	0	35	2021-10-21T12:04:22
8.53248	-53.01331	0	35	2021-10-21T12:09:21
8.53412	-53.01460	0	35	2021-10-21T12:14:18
8.53571	-53.01589	0	35	2021-10-21T12:19:19
8.53734	-53.01718	0	35	2021-10-21T12:24:19
8.53889	-53.01831	0	35	2021-10-21T12:29:19
8.54062	-53.01956	0	35	2021-10-21T12:34:56
8.54185	-53.02061	0	35	2021-10-21T12:39:15
8.54344	-53.02164	0	35	2021-10-21T12:44:15
8.54496	-53.02271	0	35	2021-10-21T12:49:16
8.54637	-53.02374	0	35	2021-10-21T12:54:16
8.54794	-53.02469	0	35	2021-10-21T12:59:18
8.54942	-53.02570	0	35	2021-10-21T13:04:17
8.55097	-53.02676	0	35	2021-10-21T13:09:19
8.55253	-53.02793	0	35	2021-10-21T13:14:17
8.55406	-53.02896	0	35	2021-10-21T13:19:17
8.55540	-53.02982	0	35	2021-10-21T13:24:18
8.55725	-53.03129	0	35	2021-10-21T13:29:58
8.55904	-53.03232	0	35	2021-10-21T13:34:58
8.56044	-53.03351	0	35	2021-10-21T13:39:20
8.56206	-53.03488	0	35	2021-10-21T13:44:18
8.56359	-53.03601	0	35	2021-10-21T13:49:21
8.56499	-53.03699	0	35	2021-10-21T13:54:19
8.56631	-53.03809	0	35	2021-10-21T13:59:20
8.56774	-53.03912	0	35	2021-10-21T14:04:20
8.56920	-53.04016	0	35	2021-10-21T14:09:21
8.57072	-53.04126	0	35	2021-10-21T14:14:23
8.57222	-53.04233	0	35	2021-10-21T14:19:22
8.57545	-53.04466	0	35	2021-10-21T14:29:22
8.57701	-53.04593	0	35	2021-10-21T14:35:01
8.57884	-53.04715	0	35	2021-10-21T14:39:23
8.58090	-53.04822	0	35	2021-10-21T14:44:24
8.58267	-53.04941	0	35	2021-10-21T14:49:25
8.58453	-53.05045	0	35	2021-10-21T14:54:26
8.58625	-53.05157	0	35	2021-10-21T14:59:24
8.58817	-53.05266	0	35	2021-10-21T15:04:27
8.58985	-53.05360	0	35	2021-10-21T15:09:27
8.59144	-53.05472	0	35	2021-10-21T15:14:26
8.59303	-53.05588	0	35	2021-10-21T15:19:26
8.59462	-53.05711	0	35	2021-10-21T15:24:26
8.59615	-53.05823	0	35	2021-10-21T15:29:25
8.59808	-53.05948	0	35	2021-10-21T15:34:56
8.59958	-53.06058	0	35	2021-10-21T15:39:22
8.60125	-53.06178	0	35	2021-10-21T15:44:23
8.60284	-53.06281	0	35	2021-10-21T15:49:24
8.60438	-53.06384	0	35	2021-10-21T15:54:21
8.60596	-53.06485	0	35	2021-10-21T15:59:21
8.60739	-53.06586	0	35	2021-10-21T16:04:19
8.60882	-53.06689	0	35	2021-10-21T16:09:16
8.61037	-53.06790	0	35	2021-10-21T16:14:17
8.61196	-53.06891	0	35	2021-10-21T16:19:14
8.61347	-53.07001	0	35	2021-10-21T16:24:15
8.61505	-53.07101	0	35	2021-10-21T16:29:16
8.61684	-53.07230	0	35	2021-10-21T16:34:39
8.61820	-53.07333	0	35	2021-10-21T16:39:12
8.61973	-53.07444	0	35	2021-10-21T16:44:10
8.62127	-53.07556	0	35	2021-10-21T16:49:11
8.62290	-53.07678	0	35	2021-10-21T16:54:12
8.62454	-53.07786	0	35	2021-10-21T16:59:11
8.62622	-53.07898	0	35	2021-10-21T17:04:10
8.62795	-53.08008	0	35	2021-10-21T17:09:11
8.62969	-53.08122	0	35	2021-10-21T17:14:07
8.63139	-53.08228	0	35	2021-10-21T17:19:08
8.63294	-53.08337	0	35	2021-10-21T17:24:06
8.63466	-53.08441	0	35	2021-10-21T17:29:06
8.63664	-53.08548	0	35	2021-10-21T17:34:25
8.63819	-53.08658	0	35	2021-10-21T17:39:04
8.63988	-53.08768	0	35	2021-10-21T17:44:02
8.64167	-53.08871	0	35	2021-10-21T17:49:04
8.64339	-53.08972	0	35	2021-10-21T17:54:06
8.64518	-53.09084	0	35	2021-10-21T17:59:04
8.64706	-53.09196	0	35	2021-10-21T18:04:04
8.64887	-53.09290	0	35	2021-10-21T18:09:04
8.65063	-53.09390	0	35	2021-10-21T18:14:05
8.65253	-53.09495	0	35	2021-10-21T18:19:02
8.65419	-53.09589	0	35	2021-10-21T18:24:01
8.65604	-53.09690	0	35	2021-10-21T18:29:25
8.65784	-53.09802	0	35	2021-10-21T18:34:25
8.65938	-53.09897	0	35	2021-10-21T18:38:55
8.66123	-53.09991	0	35	2021-10-21T18:43:56
8.66297	-53.10089	0	35	2021-10-21T18:48:56
8.66475	-53.10196	0	35	2021-10-21T18:53:58
8.66652	-53.10300	0	35	2021-10-21T18:58:55
8.66830	-53.10403	0	35	2021-10-21T19:03:58
8.67021	-53.10517	0	35	2021-10-21T19:08:59
8.67201	-53.10620	0	35	2021-10-21T19:13:58
8.67387	-53.10718	0	35	2021-10-21T19:18:58
8.67573	-53.10818	0	35	2021-10-21T19:23:59
8.67761	-53.10916	0	35	2021-10-21T19:28:57
8.67981	-53.11011	0	35	2021-10-21T19:34:26
8.68146	-53.11111	0	35	2021-10-21T19:39:00
8.68333	-53.11212	0	35	2021-10-21T19:44:02
8.68526	-53.11307	0	35	2021-10-21T19:48:59
8.68716	-53.11398	0	35	2021-10-21T19:53:57
8.68898	-53.11481	0	35	2021-10-21T19:58:57
8.69088	-53.11569	0	35	2021-10-21T20:03:59
8.69272	-53.11669	0	35	2021-10-21T20:08:55
8.69469	-53.11746	0	35	2021-10-21T20:13:55
8.69669	-53.11844	0	35	2021-10-21T20:18:56
8.69860	-53.11920	0	35	2021-10-21T20:23:56
8.70058	-53.12000	0	35	2021-10-21T20:28:59
8.70273	-53.12088	0	35	2021-10-21T20:34:26
8.70449	-53.12167	0	35	2021-10-21T20:38:59
8.70834	-53.12338	0	35	2021-10-21T20:49:02
8.71044	-53.12437	0	35	2021-10-21T20:54:00
8.71246	-53.12506	0	35	2021-10-21T20:59:00
8.71441	-53.12579	0	35	2021-10-21T21:03:57
8.71648	-53.12646	0	35	2021-10-21T21:08:58
8.71854	-53.12717	0	35	2021-10-21T21:13:57
8.72053	-53.12790	0	35	2021-10-21T21:18:58
8.72475	-53.12938	0	35	2021-10-21T21:28:56
8.72711	-53.13034	0	35	2021-10-21T21:34:26
8.72899	-53.13092	0	35	2021-10-21T21:38:55
8.73105	-53.13153	0	35	2021-10-21T21:43:56
8.73316	-53.13214	0	35	2021-10-21T21:48:53
8.73526	-53.13275	0	35	2021-10-21T21:53:51
8.73725	-53.13324	0	35	2021-10-21T21:58:53
8.73924	-53.13373	0	35	2021-10-21T22:03:52
8.74118	-53.13425	0	35	2021-10-21T22:08:51
8.74320	-53.13474	0	35	2021-10-21T22:13:52
8.74512	-53.13528	0	35	2021-10-21T22:18:54
8.74695	-53.13562	0	35	2021-10-21T22:23:52
8.74874	-53.13617	0	35	2021-10-21T22:28:55
8.75081	-53.13660	0	35	2021-10-21T22:34:27
8.75266	-53.13681	0	35	2021-10-21T22:38:58
8.75459	-53.13736	0	35	2021-10-21T22:43:55
8.75647	-53.13794	0	35	2021-10-21T22:48:54
8.75850	-53.13837	0	35	2021-10-21T22:53:56
8.76050	-53.13882	0	35	2021-10-21T22:58:57
8.76262	-53.13944	0	35	2021-10-21T23:04:06
8.76459	-53.13995	0	35	2021-10-21T23:09:06
8.76662	-53.14050	0	35	2021-10-21T23:14:02
8.76872	-53.14112	0	35	2021-10-21T23:19:00
8.77065	-53.14163	0	35	2021-10-21T23:24:00
8.77279	-53.14221	0	35	2021-10-21T23:29:02
8.77511	-53.14279	0	35	2021-10-21T23:34:27
8.77710	-53.14328	0	35	2021-10-21T23:39:00
8.77919	-53.14371	0	35	2021-10-21T23:44:01
8.78126	-53.14407	0	35	2021-10-21T23:49:02
8.78328	-53.14447	0	35	2021-10-21T23:53:59
8.78541	-53.14483	0	35	2021-10-21T23:59:02
8.78750	-53.14517	0	35	2021-10-22T00:04:01
8.78963	-53.14542	0	35	2021-10-22T00:09:04
8.79167	-53.14575	0	35	2021-10-22T00:14:02
8.79369	-53.14611	0	35	2021-10-22T00:19:00
8.79575	-53.14645	0	35	2021-10-22T00:24:00
8.79790	-53.14676	0	35	2021-10-22T00:28:58
8.80031	-53.14716	0	35	2021-10-22T00:34:26
8.80222	-53.14743	0	35	2021-10-22T00:38:59
8.80429	-53.14786	0	35	2021-10-22T00:43:57
8.80641	-53.14828	0	35	2021-10-22T00:48:57
8.80854	-53.14874	0	35	2021-10-22T00:54:00
8.81060	-53.14908	0	35	2021-10-22T00:58:59
8.81274	-53.14944	0	35	2021-10-22T01:04:02
8.81488	-53.14978	0	35	2021-10-22T01:09:00
8.81697	-53.15015	0	35	2021-10-22T01:14:01
8.81917	-53.15045	0	35	2021-10-22T01:19:01
8.82141	-53.15079	0	35	2021-10-22T01:23:59
8.82353	-53.15125	0	35	2021-10-22T01:29:24
8.82559	-53.15125	0	35	2021-10-22T01:34:24
8.82738	-53.15134	0	35	2021-10-22T01:38:58
8.82938	-53.15134	0	35	2021-10-22T01:44:01
8.83127	-53.15137	0	35	2021-10-22T01:48:59
8.83322	-53.15125	0	35	2021-10-22T01:54:00
8.83516	-53.15115	0	35	2021-10-22T01:59:00
8.83708	-53.15106	0	35	2021-10-22T02:04:02
8.83888	-53.15094	0	35	2021-10-22T02:09:00
8.84080	-53.15076	0	35	2021-10-22T02:14:00
8.84272	-53.15054	0	35	2021-10-22T02:19:00
8.84465	-53.15033	0	35	2021-10-22T02:24:02
8.84652	-53.15012	0	35	2021-10-22T02:29:02
8.84858	-53.14981	0	35	2021-10-22T02:34:23
8.85028	-53.14951	0	35	2021-10-22T02:39:04
8.85205	-53.14923	0	35	2021-10-22T02:44:06
8.85380	-53.14896	0	35	2021-10-22T02:49:05
8.85558	-53.14868	0	35	2021-10-22T02:54:04
8.85731	-53.14841	0	35	2021-10-22T02:59:06
8.85899	-53.14813	0	35	2021-10-22T03:04:08
8.86079	-53.14786	0	35	2021-10-22T03:09:10
8.86260	-53.14769	0	35	2021-10-22T03:14:10
8.86436	-53.14752	0	35	2021-10-22T03:19:11
8.86617	-53.14740	0	35	2021-10-22T03:24:08
8.86795	-53.14728	0	35	2021-10-22T03:29:06
8.86985	-53.14716	0	35	2021-10-22T03:34:25
8.87151	-53.14703	0	35	2021-10-22T03:39:02
8.87331	-53.14694	0	35	2021-10-22T03:44:00
8.87498	-53.14685	0	35	2021-10-22T03:49:00
8.87665	-53.14676	0	35	2021-10-22T03:54:01
8.87834	-53.14667	0	35	2021-10-22T03:59:01
8.88008	-53.14661	0	35	2021-10-22T04:04:03
8.88176	-53.14655	0	35	2021-10-22T04:09:00
8.88355	-53.14645	0	35	2021-10-22T04:14:01
8.88538	-53.14636	0	35	2021-10-22T04:18:58
8.88718	-53.14624	0	35	2021-10-22T04:23:59
8.88902	-53.14618	0	35	2021-10-22T04:29:00
8.89095	-53.14606	0	35	2021-10-22T04:34:27
8.89250	-53.14594	0	35	2021-10-22T04:39:01
8.89428	-53.14581	0	35	2021-10-22T04:43:58
8.89601	-53.14563	0	35	2021-10-22T04:48:58
8.89783	-53.14548	0	35	2021-10-22T04:53:57
8.89958	-53.14523	0	35	2021-10-22T04:58:58
8.90133	-53.14508	0	35	2021-10-22T05:03:54
8.90325	-53.14493	0	35	2021-10-22T05:08:55
8.90504	-53.14465	0	35	2021-10-22T05:13:56
8.90680	-53.14432	0	35	2021-10-22T05:18:53
8.90860	-53.14406	0	35	2021-10-22T05:23:54
8.91036	-53.14380	0	35	2021-10-22T05:28:54
8.91243	-53.14337	0	35	2021-10-22T05:34:25
8.91397	-53.14307	0	35	2021-10-22T05:38:52
8.91562	-53.14264	0	35	2021-10-22T05:43:53
8.91728	-53.14224	0	35	2021-10-22T05:48:51
8.91901	-53.14182	0	35	2021-10-22T05:53:52
8.92071	-53.14148	0	35	2021-10-22T05:58:53
8.92244	-53.14114	0	35	2021-10-22T06:03:52
8.92409	-53.14085	0	35	2021-10-22T06:09:05
8.92586	-53.14059	0	35	2021-10-22T06:14:06
8.92751	-53.14041	0	35	2021-10-22T06:18:52
8.92922	-53.14020	0	35	2021-10-22T06:23:52
8.93103	-53.14011	0	35	2021-10-22T06:28:52
8.93295	-53.13995	0	35	2021-10-22T06:34:25
8.93449	-53.13980	0	35	2021-10-22T06:38:51
8.93605	-53.13953	0	35	2021-10-22T06:43:49
8.93777	-53.13940	0	35	2021-10-22T06:48:50
8.93938	-53.13922	0	35	2021-10-22T06:53:49
8.94103	-53.13904	0	35	2021-10-22T06:58:51
8.94267	-53.13879	0	35	2021-10-22T07:03:48
8.94438	-53.13847	0	35	2021-10-22T07:08:51
8.94588	-53.13821	0	35	2021-10-22T07:13:50
8.94754	-53.13797	0	35	2021-10-22T07:18:46
8.94917	-53.13757	0	35	2021-10-22T07:23:47
8.95078	-53.13724	0	35	2021-10-22T07:28:44
8.95229	-53.13669	0	35	2021-10-22T07:34:07
8.95372	-53.13626	0	35	2021-10-22T07:38:42
8.95527	-53.13577	0	35	2021-10-22T07:43:40
8.95700	-53.13522	0	35	2021-10-22T07:48:44
8.95858	-53.13460	0	35	2021-10-22T07:53:45
8.96017	-53.13409	0	35	2021-10-22T07:58:45
8.96175	-53.13373	0	35	2021-10-22T08:03:46
8.96319	-53.13290	0	35	2021-10-22T08:08:50
8.96484	-53.13272	0	35	2021-10-22T08:13:44
8.96630	-53.13229	0	35	2021-10-22T08:18:45
8.96776	-53.13181	0	35	2021-10-22T08:23:46
8.96925	-53.13116	0	35	2021-10-22T08:28:43
8.97077	-53.13046	0	35	2021-10-22T08:34:08
8.97214	-53.13007	0	35	2021-10-22T08:38:43
8.97372	-53.12955	0	35	2021-10-22T08:43:44
8.97527	-53.12922	0	35	2021-10-22T08:48:43
8.97686	-53.12905	0	35	2021-10-22T08:53:43
8.97840	-53.12888	0	35	2021-10-22T08:58:44
8.98009	-53.12860	0	35	2021-10-22T09:03:42
8.98189	-53.12833	0	35	2021-10-22T09:08:45
8.98372	-53.12805	0	35	2021-10-22T09:13:47
8.98556	-53.12781	0	35	2021-10-22T09:18:45
8.98746	-53.12753	0	35	2021-10-22T09:23:48
8.98920	-53.12720	0	35	2021-10-22T09:28:46
8.99105	-53.12689	0	35	2021-10-22T09:34:28
8.99259	-53.12659	0	35	2021-10-22T09:38:50
8.99422	-53.12610	0	35	2021-10-22T09:43:48
8.99596	-53.12558	0	35	2021-10-22T09:48:48
8.99773	-53.12494	0	35	2021-10-22T09:53:50
8.99932	-53.12451	0	35	2021-10-22T09:58:50
9.00089	-53.12399	0	35	2021-10-22T10:03:48
9.00252	-53.12347	0	35	2021-10-22T10:08:56
9.00403	-53.12308	0	35	2021-10-22T10:13:46
9.00566	-53.12277	0	35	2021-10-22T10:18:43
9.00730	-53.12262	0	35	2021-10-22T10:23:46
9.00892	-53.12231	0	35	2021-10-22T10:28:44
9.01089	-53.12204	0	35	2021-10-22T10:34:08
9.01235	-53.12162	0	35	2021-10-22T10:38:45
9.01385	-53.12119	0	35	2021-10-22T10:43:44
9.01557	-53.12061	0	35	2021-10-22T10:48:47
9.01718	-53.12009	0	35	2021-10-22T10:53:45
9.01880	-53.11948	0	35	2021-10-22T10:58:50
9.02050	-53.11875	0	35	2021-10-22T11:03:46
9.02200	-53.11798	0	35	2021-10-22T11:08:46
9.02361	-53.11719	0	35	2021-10-22T11:13:47
9.02516	-53.11639	0	35	2021-10-22T11:18:45
9.02663	-53.11554	0	35	2021-10-22T11:23:46
9.02804	-53.11465	0	35	2021-10-22T11:28:44
9.02962	-53.11374	0	35	2021-10-22T11:34:26
9.03090	-53.11293	0	35	2021-10-22T11:38:48
9.03219	-53.11181	0	35	2021-10-22T11:43:48
9.03351	-53.11078	0	35	2021-10-22T11:48:47
9.03499	-53.10986	0	35	2021-10-22T11:53:48
9.03632	-53.10883	0	35	2021-10-22T11:58:48
9.03768	-53.10779	0	35	2021-10-22T12:03:55
9.03911	-53.10678	0	35	2021-10-22T12:08:50
9.04057	-53.10577	0	35	2021-10-22T12:13:49
9.04200	-53.10489	0	35	2021-10-22T12:18:51
9.04355	-53.10403	0	35	2021-10-22T12:23:51
9.04505	-53.10302	0	35	2021-10-22T12:29:27
9.04664	-53.10208	0	35	2021-10-22T12:34:26
9.04798	-53.10126	0	35	2021-10-22T12:38:51
9.04960	-53.10025	0	35	2021-10-22T12:43:49
9.05125	-53.09933	0	35	2021-10-22T12:48:52
9.05293	-53.09854	0	35	2021-10-22T12:53:50
9.05458	-53.09778	0	35	2021-10-22T12:58:47
9.05622	-53.09717	0	35	2021-10-22T13:03:48
9.05788	-53.09668	0	35	2021-10-22T13:08:55
9.05967	-53.09625	0	35	2021-10-22T13:13:49
9.06137	-53.09586	0	35	2021-10-22T13:18:50
9.06304	-53.09531	0	35	2021-10-22T13:23:47
9.06464	-53.09466	0	35	2021-10-22T13:28:48
9.06653	-53.09380	0	35	2021-10-22T13:33:49
9.06799	-53.09320	0	35	2021-10-22T13:38:49
9.06985	-53.09225	0	35	2021-10-22T13:43:47
9.07119	-53.09111	0	35	2021-10-22T13:48:47
9.07291	-53.08982	0	35	2021-10-22T13:53:47
9.07433	-53.08862	0	35	2021-10-22T13:58:46
9.07593	-53.08734	0	35	2021-10-22T14:03:46
9.07743	-53.08603	0	35	2021-10-22T14:08:47
9.07898	-53.08490	0	35	2021-10-22T14:13:44
9.08037	-53.08411	0	35	2021-10-22T14:18:45
9.08170	-53.08316	0	35	2021-10-22T14:23:46
9.08309	-53.08224	0	35	2021-10-22T14:28:44
9.08466	-53.08140	0	35	2021-10-22T14:33:40
9.08610	-53.08078	0	35	2021-10-22T14:38:44
9.08759	-53.08002	0	35	2021-10-22T14:43:41
9.08907	-53.07916	0	35	2021-10-22T14:48:42
9.09052	-53.07813	0	35	2021-10-22T14:53:40
9.09193	-53.07706	0	35	2021-10-22T14:58:41
9.09346	-53.07578	0	35	2021-10-22T15:03:40
9.09490	-53.07453	0	35	2021-10-22T15:08:54
9.09636	-53.07333	0	35	2021-10-22T15:13:54
9.09775	-53.07214	0	35	2021-10-22T15:18:56
9.09919	-53.07101	0	35	2021-10-22T15:23:55
9.10058	-53.06982	0	35	2021-10-22T15:28:42
9.10216	-53.06838	0	35	2021-10-22T15:33:42
9.10336	-53.06735	0	35	2021-10-22T15:38:42
9.10459	-53.06625	0	35	2021-10-22T15:43:44
9.10580	-53.06503	0	35	2021-10-22T15:48:40
9.10703	-53.06375	0	35	2021-10-22T15:53:43
9.10829	-53.06241	0	35	2021-10-22T15:58:43
9.10959	-53.06116	0	35	2021-10-22T16:03:44
9.11067	-53.05988	0	35	2021-10-22T16:08:43
9.11182	-53.05860	0	35	2021-10-22T16:13:42
9.11298	-53.05731	0	35	2021-10-22T16:18:43
9.11411	-53.05615	0	35	2021-10-22T16:23:40
9.11534	-53.05490	0	35	2021-10-22T16:29:07
9.11659	-53.05353	0	35	2021-10-22T16:34:07
9.11761	-53.05237	0	35	2021-10-22T16:38:42
9.11889	-53.05117	0	35	2021-10-22T16:43:40
9.12008	-53.05005	0	35	2021-10-22T16:48:40
9.12139	-53.04886	0	35	2021-10-22T16:53:38
9.12271	-53.04758	0	35	2021-10-22T16:58:42
9.12395	-53.04642	0	35	2021-10-22T17:03:41
9.12515	-53.04520	0	35	2021-10-22T17:08:42
9.12631	-53.04398	0	35	2021-10-22T17:13:37
9.12739	-53.04282	0	35	2021-10-22T17:18:38
9.12848	-53.04155	0	35	2021-10-22T17:23:57
9.12975	-53.04031	0	35	2021-10-22T17:28:38
9.13114	-53.03897	0	35	2021-10-22T17:33:56
9.13231	-53.03775	0	35	2021-10-22T17:38:37
9.13350	-53.03647	0	35	2021-10-22T17:43:38
9.13461	-53.03519	0	35	2021-10-22T17:48:36
9.13566	-53.03403	0	35	2021-10-22T17:53:35
9.13665	-53.03281	0	35	2021-10-22T17:58:35
9.13777	-53.03152	0	35	2021-10-22T18:03:33
9.13889	-53.03040	0	35	2021-10-22T18:08:33
9.13988	-53.02911	0	35	2021-10-22T18:13:34
9.14091	-53.02780	0	35	2021-10-22T18:18:31
9.14199	-53.02649	0	35	2021-10-22T18:23:29
9.14302	-53.02521	0	35	2021-10-22T18:28:29
9.14424	-53.02383	0	35	2021-10-22T18:33:58
9.14522	-53.02274	0	35	2021-10-22T18:38:28
9.14614	-53.02142	0	35	2021-10-22T18:43:28
9.14699	-53.02020	0	35	2021-10-22T18:48:29
9.14775	-53.01895	0	35	2021-10-22T18:53:30
9.14851	-53.01773	0	35	2021-10-22T18:58:28
9.14934	-53.01633	0	35	2021-10-22T19:03:29
9.15011	-53.01477	0	35	2021-10-22T19:08:28
9.15080	-53.01310	0	35	2021-10-22T19:13:29
9.15157	-53.01147	0	35	2021-10-22T19:18:28
9.15252	-53.01001	0	35	2021-10-22T19:23:31
9.15335	-53.00864	0	35	2021-10-22T19:28:29
9.15457	-53.00704	0	35	2021-10-22T19:33:30
9.15521	-53.00601	0	35	2021-10-22T19:38:31
9.15598	-53.00494	0	35	2021-10-22T19:43:30
9.15681	-53.00360	0	35	2021-10-22T19:48:31
9.15781	-53.00223	0	35	2021-10-22T19:53:29
9.15854	-53.00101	0	35	2021-10-22T19:58:31
9.15952	-52.99966	0	35	2021-10-22T20:03:34
9.16038	-52.99835	0	35	2021-10-22T20:08:32
9.16107	-52.99697	0	35	2021-10-22T20:13:33
9.16170	-52.99577	0	35	2021-10-22T20:18:33
9.16261	-52.99457	0	35	2021-10-22T20:23:33
9.16332	-52.99344	0	35	2021-10-22T20:28:31
9.16422	-52.99161	0	35	2021-10-22T20:33:56
9.16478	-52.99042	0	35	2021-10-22T20:38:29
9.16541	-52.98910	0	35	2021-10-22T20:43:29
9.16615	-52.98773	0	35	2021-10-22T20:48:28
9.16685	-52.98629	0	35	2021-10-22T20:53:28
9.16741	-52.98492	0	35	2021-10-22T20:58:28
9.16806	-52.98346	0	35	2021-10-22T21:03:29
9.16867	-52.98190	0	35	2021-10-22T21:08:27
9.16924	-52.98032	0	35	2021-10-22T21:13:24
9.16975	-52.97879	0	35	2021-10-22T21:18:28
9.17038	-52.97733	0	35	2021-10-22T21:23:25
9.17106	-52.97583	0	35	2021-10-22T21:28:27
9.17165	-52.97458	0	35	2021-10-22T21:33:57
9.17210	-52.97318	0	35	2021-10-22T21:38:32
9.17263	-52.97156	0	35	2021-10-22T21:43:28
9.17324	-52.96997	0	35	2021-10-22T21:48:28
9.17367	-52.96860	0	35	2021-10-22T21:53:27
9.17432	-52.96695	0	35	2021-10-22T21:58:28
9.17500	-52.96555	0	35	2021-10-22T22:03:25
9.17549	-52.96420	0	35	2021-10-22T22:08:28
9.17599	-52.96283	0	35	2021-10-22T22:13:25
9.17660	-52.96152	0	35	2021-10-22T22:18:27
9.17702	-52.96030	0	35	2021-10-22T22:23:24
9.17747	-52.95892	0	35	2021-10-22T22:28:25
9.17800	-52.95770	0	35	2021-10-22T22:33:57
9.17862	-52.95639	0	35	2021-10-22T22:38:24
9.17908	-52.95509	0	35	2021-10-22T22:43:40
9.17977	-52.95355	0	35	2021-10-22T22:48:40
9.18050	-52.95218	0	35	2021-10-22T22:53:41
9.18110	-52.95084	0	35	2021-10-22T22:58:39
9.18155	-52.94938	0	35	2021-10-22T23:03:27
9.18171	-52.94833	0	35	2021-10-22T23:08:40
9.18211	-52.94714	0	35	2021-10-22T23:13:26
9.18265	-52.94586	0	35	2021-10-22T23:18:26
9.18300	-52.94455	0	35	2021-10-22T23:23:27
9.18338	-52.94324	0	35	2021-10-22T23:28:26
9.18385	-52.94177	0	35	2021-10-22T23:33:55
9.18415	-52.94061	0	35	2021-10-22T23:38:30
9.18453	-52.93935	0	35	2021-10-22T23:43:31
9.18500	-52.93815	0	35	2021-10-22T23:48:31
9.18539	-52.93695	0	35	2021-10-22T23:53:32
9.18572	-52.93561	0	35	2021-10-22T23:58:33
9.18605	-52.93433	0	35	2021-10-23T00:03:37
9.18652	-52.93301	0	35	2021-10-23T00:08:35
9.18697	-52.93179	0	35	2021-10-23T00:13:39
9.18751	-52.93042	0	35	2021-10-23T00:18:37
9.18798	-52.92908	0	35	2021-10-23T00:23:37
9.18829	-52.92776	0	35	2021-10-23T00:28:39
9.18866	-52.92633	0	35	2021-10-23T00:33:55
9.18892	-52.92502	0	35	2021-10-23T00:38:36
9.18918	-52.92349	0	35	2021-10-23T00:43:39
9.18943	-52.92203	0	35	2021-10-23T00:48:40
9.18964	-52.92065	0	35	2021-10-23T00:53:38
9.18989	-52.91931	0	35	2021-10-23T00:58:38
9.19018	-52.91797	0	35	2021-10-23T01:03:40
9.19039	-52.91653	0	35	2021-10-23T01:08:38
9.19067	-52.91508	0	35	2021-10-23T01:13:42
9.19093	-52.91388	0	35	2021-10-23T01:18:42
9.19180	-52.91330	0	35	2021-10-23T01:23:39
9.19199	-52.91183	0	35	2021-10-23T01:28:39
9.19227	-52.91019	0	35	2021-10-23T01:34:35
9.19241	-52.90894	0	35	2021-10-23T01:38:41
9.19279	-52.90759	0	35	2021-10-23T01:43:58
9.19300	-52.90622	0	35	2021-10-23T01:48:59
9.19322	-52.90493	0	35	2021-10-23T01:54:00
9.19347	-52.90356	0	35	2021-10-23T01:59:01
9.19366	-52.90207	0	35	2021-10-23T02:04:02
9.19393	-52.90076	0	35	2021-10-23T02:09:02
9.19422	-52.89944	0	35	2021-10-23T02:14:03
9.19444	-52.89807	0	35	2021-10-23T02:19:03
9.19469	-52.89676	0	35	2021-10-23T02:24:04
9.19501	-52.89539	0	35	2021-10-23T02:29:02
9.19506	-52.89359	0	35	2021-10-23T02:34:26
9.19522	-52.89237	0	35	2021-10-23T02:38:52
9.19552	-52.89108	0	35	2021-10-23T02:43:53
9.19572	-52.88962	0	35	2021-10-23T02:48:51
9.19588	-52.88812	0	35	2021-10-23T02:53:55
9.19595	-52.88663	0	35	2021-10-23T02:58:55
9.19600	-52.88510	0	35	2021-10-23T03:04:00
9.19584	-52.88351	0	35	2021-10-23T03:08:58
9.19580	-52.88202	0	35	2021-10-23T03:13:55
9.19574	-52.88055	0	35	2021-10-23T03:18:54
9.19577	-52.87915	0	35	2021-10-23T03:23:53
9.19577	-52.87775	0	35	2021-10-23T03:28:54
9.19569	-52.87616	0	35	2021-10-23T03:34:25
9.19566	-52.87494	0	35	2021-10-23T03:38:55
9.19556	-52.87347	0	35	2021-10-23T03:43:52
9.19539	-52.87207	0	35	2021-10-23T03:48:55
9.19530	-52.87076	0	35	2021-10-23T03:53:57
9.19528	-52.86935	0	35	2021-10-23T03:58:51
9.19528	-52.86804	0	35	2021-10-23T04:03:56
9.19534	-52.86670	0	35	2021-10-23T04:08:56
9.19543	-52.86536	0	35	2021-10-23T04:13:53
9.19533	-52.86401	0	35	2021-10-23T04:18:54
9.19538	-52.86264	0	35	2021-10-23T04:23:52
9.19534	-52.86127	0	35	2021-10-23T04:28:53
9.19516	-52.85956	0	35	2021-10-23T04:34:24
9.19504	-52.85815	0	35	2021-10-23T04:38:53
9.19502	-52.85672	0	35	2021-10-23T04:43:53
9.19483	-52.85522	0	35	2021-10-23T04:48:52
9.19466	-52.85376	0	35	2021-10-23T04:53:52
9.19443	-52.85236	0	35	2021-10-23T04:58:54
9.19431	-52.85098	0	35	2021-10-23T05:03:57
9.19419	-52.84952	0	35	2021-10-23T05:08:56
9.19396	-52.84799	0	35	2021-10-23T05:13:55
9.19389	-52.84653	0	35	2021-10-23T05:18:53
9.19365	-52.84498	0	35	2021-10-23T05:24:27
9.19345	-52.84352	0	35	2021-10-23T05:29:26
9.19305	-52.84180	0	35	2021-10-23T05:34:26
9.19279	-52.84030	0	35	2021-10-23T05:38:52
9.19248	-52.83871	0	35	2021-10-23T05:43:53
9.19219	-52.83723	0	35	2021-10-23T05:48:54
9.19201	-52.83569	0	35	2021-10-23T05:53:55
9.19178	-52.83426	0	35	2021-10-23T05:58:52
9.19140	-52.83273	0	35	2021-10-23T06:03:53
9.19101	-52.83136	0	35	2021-10-23T06:08:54
9.19061	-52.82999	0	35	2021-10-23T06:13:54
9.19030	-52.82867	0	35	2021-10-23T06:18:52
9.18993	-52.82730	0	35	2021-10-23T06:23:52
9.18966	-52.82614	0	35	2021-10-23T06:28:50
9.18934	-52.82468	0	35	2021-10-23T06:34:25
9.18915	-52.82343	0	35	2021-10-23T06:38:50
9.18886	-52.82205	0	35	2021-10-23T06:43:51
9.18848	-52.82068	0	35	2021-10-23T06:48:49
9.18802	-52.81918	0	35	2021-10-23T06:53:50
9.18770	-52.81784	0	35	2021-10-23T06:58:49
9.18737	-52.81644	0	35	2021-10-23T07:03:51
9.18707	-52.81506	0	35	2021-10-23T07:08:49
9.18675	-52.81382	0	35	2021-10-23T07:13:50
9.18648	-52.81253	0	35	2021-10-23T07:18:50
9.18624	-52.81125	0	35	2021-10-23T07:23:51
9.18605	-52.80994	0	35	2021-10-23T07:28:51
9.18577	-52.80835	0	35	2021-10-23T07:34:26
9.18568	-52.80724	0	35	2021-10-23T07:38:56
9.18551	-52.80612	0	35	2021-10-23T07:43:55
9.18526	-52.80493	0	35	2021-10-23T07:48:55
9.18496	-52.80377	0	35	2021-10-23T07:53:56
9.18472	-52.80259	0	35	2021-10-23T07:58:57
9.18455	-52.80139	0	35	2021-10-23T08:03:57
9.18443	-52.80011	0	35	2021-10-23T08:08:55
9.18436	-52.79889	0	35	2021-10-23T08:13:55
9.18416	-52.79761	0	35	2021-10-23T08:18:57
9.18399	-52.79642	0	35	2021-10-23T08:23:58
9.18383	-52.79517	0	35	2021-10-23T08:28:57
9.18343	-52.79385	0	35	2021-10-23T08:34:26
9.18318	-52.79276	0	35	2021-10-23T08:38:55
9.18276	-52.79160	0	35	2021-10-23T08:43:56
9.18244	-52.79044	0	35	2021-10-23T08:48:54
9.18215	-52.78928	0	35	2021-10-23T08:53:55
9.18194	-52.78814	0	35	2021-10-23T08:58:56
9.18160	-52.78702	0	35	2021-10-23T09:03:56
9.18158	-52.78595	0	35	2021-10-23T09:08:57
9.18144	-52.78485	0	35	2021-10-23T09:13:58
9.18113	-52.78381	0	35	2021-10-23T09:18:59
9.18088	-52.78278	0	35	2021-10-23T09:23:56
9.18069	-52.78177	0	35	2021-10-23T09:28:54
9.18030	-52.78082	0	35	2021-10-23T09:34:29
9.18000	-52.77985	0	35	2021-10-23T09:38:52
9.17961	-52.77887	0	35	2021-10-23T09:43:53
9.17928	-52.77786	0	35	2021-10-23T09:48:53
9.17883	-52.77698	0	35	2021-10-23T09:53:53
9.17836	-52.77603	0	35	2021-10-23T09:58:54
9.17800	-52.77518	0	35	2021-10-23T10:03:50
9.17756	-52.77414	0	35	2021-10-23T10:08:52
9.17716	-52.77316	0	35	2021-10-23T10:13:50
9.17667	-52.77228	0	35	2021-10-23T10:18:53
9.17628	-52.77130	0	35	2021-10-23T10:23:51
9.17578	-52.77032	0	35	2021-10-23T10:28:53
9.17531	-52.76935	0	35	2021-10-23T10:34:24
9.17481	-52.76855	0	35	2021-10-23T10:38:53
9.17422	-52.76785	0	35	2021-10-23T10:43:55
9.17371	-52.76712	0	35	2021-10-23T10:48:52
9.17324	-52.76636	0	35	2021-10-23T10:53:51
9.17290	-52.76559	0	35	2021-10-23T10:58:52
9.17247	-52.76493	0	35	2021-10-23T11:03:53
9.17200	-52.76424	0	35	2021-10-23T11:08:52
9.17170	-52.76355	0	35	2021-10-23T11:13:52
9.17125	-52.76282	0	35	2021-10-23T11:18:53
9.17083	-52.76208	0	35	2021-10-23T11:23:50
9.17056	-52.76141	0	35	2021-10-23T11:28:50
9.17026	-52.76080	0	35	2021-10-23T11:34:25
9.16995	-52.76025	0	35	2021-10-23T11:38:53
9.16968	-52.75967	0	35	2021-10-23T11:43:52
9.16925	-52.75908	0	35	2021-10-23T11:48:50
9.16891	-52.75848	0	35	2021-10-23T11:53:51
9.16851	-52.75790	0	35	2021-10-23T11:58:52
9.16778	-52.75656	0	35	2021-10-23T12:09:00
9.16740	-52.75595	0	35	2021-10-23T12:13:53
9.16696	-52.75519	0	35	2021-10-23T12:18:59
9.16649	-52.75432	0	35	2021-10-23T12:23:49
9.16602	-52.75372	0	35	2021-10-23T12:28:50
9.16550	-52.75305	0	35	2021-10-23T12:34:26
9.16502	-52.75247	0	35	2021-10-23T12:38:48
9.16459	-52.75177	0	35	2021-10-23T12:43:49
9.16412	-52.75110	0	35	2021-10-23T12:48:48
9.16367	-52.75031	0	35	2021-10-23T12:53:46
9.16325	-52.74966	0	35	2021-10-23T12:58:47
9.16286	-52.74893	0	35	2021-10-23T13:03:47
9.16238	-52.74814	0	35	2021-10-23T13:08:47
9.16188	-52.74744	0	35	2021-10-23T13:13:49
9.16135	-52.74673	0	35	2021-10-23T13:18:46
9.16075	-52.74586	0	35	2021-10-23T13:23:46
9.16006	-52.74509	0	35	2021-10-23T13:28:45
9.15925	-52.74426	0	35	2021-10-23T13:34:23
9.15882	-52.74365	0	35	2021-10-23T13:38:46
9.15837	-52.74280	0	35	2021-10-23T13:43:46
9.15821	-52.74210	0	35	2021-10-23T13:48:44
9.15775	-52.74138	0	35	2021-10-23T13:53:57
9.15715	-52.74061	0	35	2021-10-23T13:58:57
9.15668	-52.73984	0	35	2021-10-23T14:03:58
9.15626	-52.73914	0	35	2021-10-23T14:08:59
9.15579	-52.73843	0	35	2021-10-23T14:13:57
9.15541	-52.73770	0	35	2021-10-23T14:18:57
9.15523	-52.73682	0	35	2021-10-23T14:23:46
9.15473	-52.73608	0	35	2021-10-23T14:28:47
9.15437	-52.73523	0	35	2021-10-23T14:34:26
9.15403	-52.73457	0	35	2021-10-23T14:38:45
9.15363	-52.73380	0	35	2021-10-23T14:43:46
9.15325	-52.73291	0	35	2021-10-23T14:48:46
9.15285	-52.73209	0	35	2021-10-23T14:53:47
9.15227	-52.73127	0	35	2021-10-23T14:58:41
9.15177	-52.73050	0	35	2021-10-23T15:03:41
9.15128	-52.72971	0	35	2021-10-23T15:08:45
9.15066	-52.72891	0	35	2021-10-23T15:13:42
9.15008	-52.72794	0	35	2021-10-23T15:18:44
9.14944	-52.72692	0	35	2021-10-23T15:23:41
9.14870	-52.72589	0	35	2021-10-23T15:28:42
9.14804	-52.72488	0	35	2021-10-23T15:33:58
9.14739	-52.72404	0	35	2021-10-23T15:38:38
9.14671	-52.72318	0	35	2021-10-23T15:43:37
9.14602	-52.72214	0	35	2021-10-23T15:48:37
9.14537	-52.72128	0	35	2021-10-23T15:53:37
9.14453	-52.72040	0	35	2021-10-23T15:58:39
9.14363	-52.71964	0	35	2021-10-23T16:03:40
9.14274	-52.71881	0	35	2021-10-23T16:08:38
9.14190	-52.71780	0	35	2021-10-23T16:13:39
9.14108	-52.71689	0	35	2021-10-23T16:18:39
9.14023	-52.71597	0	35	2021-10-23T16:23:36
9.13936	-52.71505	0	35	2021-10-23T16:28:57
9.13846	-52.71402	0	35	2021-10-23T16:33:57
9.13762	-52.71317	0	35	2021-10-23T16:38:38
9.13671	-52.71225	0	35	2021-10-23T16:43:35
9.13589	-52.71127	0	35	2021-10-23T16:48:40
9.13496	-52.71036	0	35	2021-10-23T16:53:38
9.13396	-52.70950	0	35	2021-10-23T16:58:37
9.13289	-52.70859	0	35	2021-10-23T17:03:39
9.13189	-52.70776	0	35	2021-10-23T17:08:39
9.13087	-52.70706	0	35	2021-10-23T17:13:39
9.13005	-52.70633	0	35	2021-10-23T17:18:38
9.12926	-52.70563	0	35	2021-10-23T17:23:38
9.12842	-52.70485	0	35	2021-10-23T17:28:39
9.12759	-52.70441	0	35	2021-10-23T17:33:55
9.12674	-52.70383	0	35	2021-10-23T17:38:38
9.12571	-52.70319	0	35	2021-10-23T17:43:41
9.12471	-52.70250	0	35	2021-10-23T17:48:41
9.12372	-52.70190	0	35	2021-10-23T17:53:40
9.12265	-52.70123	0	35	2021-10-23T17:58:40
9.12160	-52.70056	0	35	2021-10-23T18:03:41
9.12054	-52.69998	0	35	2021-10-23T18:08:41
9.11952	-52.69944	0	35	2021-10-23T18:13:38
9.11844	-52.69901	0	35	2021-10-23T18:18:37
9.11744	-52.69833	0	35	2021-10-23T18:23:41
9.11652	-52.69766	0	35	2021-10-23T18:28:42
9.11533	-52.69678	0	35	2021-10-23T18:34:06
9.11450	-52.69611	0	35	2021-10-23T18:38:42
9.11365	-52.69534	0	35	2021-10-23T18:43:44
9.11271	-52.69461	0	35	2021-10-23T18:48:42
9.11185	-52.69385	0	35	2021-10-23T18:53:42
9.11084	-52.69305	0	35	2021-10-23T18:58:44
9.11009	-52.69229	0	35	2021-10-23T19:03:47
9.10923	-52.69147	0	35	2021-10-23T19:08:45
9.10844	-52.69067	0	35	2021-10-23T19:13:45
9.10782	-52.68997	0	35	2021-10-23T19:18:46
9.10701	-52.68924	0	35	2021-10-23T19:23:46
9.10624	-52.68860	0	35	2021-10-23T19:28:48
9.10524	-52.68802	0	35	2021-10-23T19:34:26
9.10436	-52.68744	0	35	2021-10-23T19:38:54
9.10338	-52.68683	0	35	2021-10-23T19:43:47
9.10238	-52.68610	0	35	2021-10-23T19:48:48
9.10145	-52.68552	0	35	2021-10-23T19:53:45
9.10054	-52.68490	0	35	2021-10-23T19:58:46
9.09967	-52.68439	0	35	2021-10-23T20:03:46
9.09871	-52.68390	0	35	2021-10-23T20:08:47
9.09789	-52.68335	0	35	2021-10-23T20:13:47
9.09706	-52.68251	0	35	2021-10-23T20:18:45
9.09629	-52.68204	0	35	2021-10-23T20:23:46
9.09559	-52.68149	0	35	2021-10-23T20:28:44
9.09507	-52.68137	0	35	2021-10-23T20:34:11
9.09435	-52.68085	0	35	2021-10-23T20:38:45
9.09356	-52.68033	0	35	2021-10-23T20:43:45
9.09270	-52.67984	0	35	2021-10-23T20:48:46
9.09187	-52.67920	0	35	2021-10-23T20:53:43
9.09101	-52.67856	0	35	2021-10-23T20:58:43
9.09019	-52.67813	0	35	2021-10-23T21:03:42
9.08935	-52.67761	0	35	2021-10-23T21:08:43
9.08859	-52.67722	0	35	2021-10-23T21:13:42
9.08785	-52.67688	0	35	2021-10-23T21:18:44
9.08713	-52.67667	0	35	2021-10-23T21:23:43
9.08638	-52.67654	0	35	2021-10-23T21:28:45
9.08571	-52.67691	0	35	2021-10-23T21:34:10
9.08503	-52.67673	0	35	2021-10-23T21:38:46
9.08427	-52.67654	0	35	2021-10-23T21:43:44
9.08343	-52.67645	0	35	2021-10-23T21:48:46
9.08261	-52.67621	0	35	2021-10-23T21:53:43
9.08192	-52.67621	0	35	2021-10-23T21:58:43
9.08127	-52.67615	0	35	2021-10-23T22:03:44
9.08065	-52.67593	0	35	2021-10-23T22:08:41
9.08003	-52.67569	0	35	2021-10-23T22:13:38
9.07925	-52.67551	0	35	2021-10-23T22:18:39
9.07844	-52.67520	0	35	2021-10-23T22:23:47
9.07789	-52.67478	0	35	2021-10-23T22:28:44
9.07750	-52.67409	0	35	2021-10-23T22:33:44
9.07694	-52.67383	0	35	2021-10-23T22:38:43
9.07640	-52.67337	0	35	2021-10-23T22:43:55
9.07579	-52.67295	0	35	2021-10-23T22:48:58
9.07510	-52.67261	0	35	2021-10-23T22:53:57
9.07452	-52.67233	0	35	2021-10-23T22:58:56
9.07396	-52.67212	0	35	2021-10-23T23:03:54
9.07329	-52.67174	0	35	2021-10-23T23:08:39
9.07264	-52.67140	0	35	2021-10-23T23:13:40
9.07213	-52.67123	0	35	2021-10-23T23:18:40
9.07161	-52.67096	0	35	2021-10-23T23:23:39
9.07118	-52.67062	0	35	2021-10-23T23:28:39
9.07062	-52.67035	0	35	2021-10-23T23:33:59
9.07019	-52.67004	0	35	2021-10-23T23:38:43
9.06969	-52.66968	0	35	2021-10-23T23:43:42
9.06922	-52.66928	0	35	2021-10-23T23:48:45
9.06880	-52.66907	0	35	2021-10-23T23:53:43
9.06832	-52.66885	0	35	2021-10-23T23:58:44
9.06767	-52.66855	0	35	2021-10-24T00:03:46
9.06715	-52.66824	0	35	2021-10-24T00:08:45
9.06663	-52.66785	0	35	2021-10-24T00:13:47
9.06614	-52.66748	0	35	2021-10-24T00:18:44
9.06554	-52.66705	0	35	2021-10-24T00:23:47
9.06494	-52.66656	0	35	2021-10-24T00:28:46
9.06431	-52.66605	0	35	2021-10-24T00:34:12
9.06389	-52.66559	0	35	2021-10-24T00:38:46
9.06342	-52.66516	0	35	2021-10-24T00:43:45
9.06297	-52.66479	0	35	2021-10-24T00:48:48
9.06232	-52.66431	0	35	2021-10-24T00:53:46
9.06176	-52.66391	0	35	2021-10-24T00:58:49
9.06124	-52.66357	0	35	2021-10-24T01:03:47
9.06080	-52.66318	0	35	2021-10-24T01:08:49
9.06039	-52.66315	0	35	2021-10-24T01:13:50
9.05991	-52.66293	0	35	2021-10-24T01:18:46
9.05927	-52.66257	0	35	2021-10-24T01:23:47
9.05871	-52.66208	0	35	2021-10-24T01:28:45
9.05796	-52.66162	0	35	2021-10-24T01:34:27
9.05742	-52.66132	0	35	2021-10-24T01:38:51
9.05688	-52.66098	0	35	2021-10-24T01:43:51
9.05635	-52.66061	0	35	2021-10-24T01:48:50
9.05588	-52.66022	0	35	2021-10-24T01:53:52
9.05533	-52.65967	0	35	2021-10-24T01:58:54
9.05469	-52.65933	0	35	2021-10-24T02:03:54
9.05402	-52.65897	0	35	2021-10-24T02:08:52
9.05339	-52.65845	0	35	2021-10-24T02:13:53
9.05277	-52.65793	0	35	2021-10-24T02:18:56
9.05203	-52.65738	0	35	2021-10-24T02:23:54
9.05134	-52.65686	0	35	2021-10-24T02:28:53
9.05044	-52.65622	0	35	2021-10-24T02:34:37
9.04972	-52.65573	0	35	2021-10-24T02:38:55
9.04903	-52.65522	0	35	2021-10-24T02:43:54
9.04829	-52.65479	0	35	2021-10-24T02:48:54
9.04754	-52.65433	0	35	2021-10-24T02:53:56
9.04691	-52.65390	0	35	2021-10-24T02:58:56
9.04632	-52.65341	0	35	2021-10-24T03:03:57
9.04570	-52.65286	0	35	2021-10-24T03:08:57
9.04498	-52.65237	0	35	2021-10-24T03:13:58
9.04424	-52.65182	0	35	2021-10-24T03:18:56
9.04343	-52.65131	0	35	2021-10-24T03:23:59
9.04270	-52.65073	0	35	2021-10-24T03:28:57
9.04208	-52.65015	0	35	2021-10-24T03:34:25
9.04151	-52.64963	0	35	2021-10-24T03:38:58
9.04074	-52.64885	0	35	2021-10-24T03:44:00
9.03994	-52.64838	0	35	2021-10-24T03:48:59
9.03919	-52.64783	0	35	2021-10-24T03:54:01
9.03862	-52.64740	0	35	2021-10-24T03:58:59
9.03813	-52.64697	0	35	2021-10-24T04:04:02
9.03744	-52.64655	0	35	2021-10-24T04:09:00
9.03675	-52.64609	0	35	2021-10-24T04:14:02
9.03619	-52.64566	0	35	2021-10-24T04:19:02
9.03555	-52.64517	0	35	2021-10-24T04:24:04
9.03501	-52.64481	0	35	2021-10-24T04:29:04
9.03438	-52.64435	0	35	2021-10-24T04:34:24
9.03373	-52.64386	0	35	2021-10-24T04:39:06
9.03318	-52.64355	0	35	2021-10-24T04:44:09
9.03243	-52.64301	0	35	2021-10-24T04:49:06
9.03175	-52.64267	0	35	2021-10-24T04:54:05
9.03106	-52.64224	0	35	2021-10-24T04:59:05
9.03031	-52.64175	0	35	2021-10-24T05:04:06
9.02960	-52.64133	0	35	2021-10-24T05:09:06
9.02901	-52.64102	0	35	2021-10-24T05:14:04
9.02838	-52.64066	0	35	2021-10-24T05:19:03
9.02767	-52.64029	0	35	2021-10-24T05:24:05
9.02704	-52.63995	0	35	2021-10-24T05:29:05
9.02630	-52.63959	0	35	2021-10-24T05:34:10
9.02553	-52.63916	0	35	2021-10-24T05:39:10
9.02474	-52.63858	0	35	2021-10-24T05:44:09
9.02392	-52.63803	0	35	2021-10-24T05:49:09
9.02313	-52.63741	0	35	2021-10-24T05:54:07
9.02239	-52.63690	0	35	2021-10-24T05:59:07
9.02157	-52.63627	0	35	2021-10-24T06:04:08
9.02087	-52.63580	0	35	2021-10-24T06:09:09
9.01990	-52.63525	0	35	2021-10-24T06:14:07
9.01895	-52.63471	0	35	2021-10-24T06:19:07
9.01812	-52.63428	0	35	2021-10-24T06:24:08
9.01754	-52.63409	0	35	2021-10-24T06:29:05
9.01699	-52.63406	0	35	2021-10-24T06:34:26
9.01638	-52.63412	0	35	2021-10-24T06:39:07
9.01577	-52.63428	0	35	2021-10-24T06:44:08
9.01507	-52.63437	0	35	2021-10-24T06:49:08
9.01449	-52.63458	0	35	2021-10-24T06:54:09
9.01394	-52.63483	0	35	2021-10-24T06:59:09
9.01352	-52.63495	0	35	2021-10-24T07:04:11
9.01312	-52.63495	0	35	2021-10-24T07:09:08
9.01260	-52.63495	0	35	2021-10-24T07:14:09
9.01219	-52.63495	0	35	2021-10-24T07:19:09
9.01174	-52.63495	0	35	2021-10-24T07:24:10
9.01118	-52.63498	0	35	2021-10-24T07:29:08
9.01069	-52.63480	0	35	2021-10-24T07:34:28
9.01027	-52.63480	0	35	2021-10-24T07:39:09
9.00991	-52.63467	0	35	2021-10-24T07:44:10
9.00969	-52.63446	0	35	2021-10-24T07:49:10
9.00927	-52.63431	0	35	2021-10-24T07:54:11
9.00890	-52.63419	0	35	2021-10-24T07:59:09
9.00862	-52.63391	0	35	2021-10-24T08:04:10
9.00830	-52.63391	0	35	2021-10-24T08:09:13
9.00797	-52.63373	0	35	2021-10-24T08:14:15
9.00761	-52.63354	0	35	2021-10-24T08:19:16
9.00714	-52.63345	0	35	2021-10-24T08:24:37
9.00670	-52.63336	0	35	2021-10-24T08:29:18
9.00611	-52.63327	0	35	2021-10-24T08:34:38
9.00563	-52.63324	0	35	2021-10-24T08:39:19
9.00508	-52.63309	0	35	2021-10-24T08:44:19
9.00436	-52.63278	0	35	2021-10-24T08:49:18
9.00369	-52.63263	0	35	2021-10-24T08:54:22
9.00308	-52.63254	0	35	2021-10-24T08:59:20
9.00254	-52.63246	0	35	2021-10-24T09:04:24
9.00203	-52.63229	0	35	2021-10-24T09:09:24
9.00140	-52.63220	0	35	2021-10-24T09:14:22
9.00097	-52.63214	0	35	2021-10-24T09:19:23
9.00050	-52.63211	0	35	2021-10-24T09:24:23
8.99982	-52.63208	0	35	2021-10-24T09:29:24
8.99907	-52.63208	0	35	2021-10-24T09:34:56
8.99855	-52.63208	0	35	2021-10-24T09:39:23
8.99799	-52.63208	0	35	2021-10-24T09:44:22
8.99750	-52.63214	0	35	2021-10-24T09:49:23
8.99691	-52.63217	0	35	2021-10-24T09:54:21
8.99635	-52.63232	0	35	2021-10-24T09:59:22
8.99592	-52.63232	0	35	2021-10-24T10:04:23
8.99550	-52.63235	0	35	2021-10-24T10:09:20
8.99503	-52.63229	0	35	2021-10-24T10:14:21
8.99459	-52.63220	0	35	2021-10-24T10:19:18
8.99419	-52.63205	0	35	2021-10-24T10:24:17
8.99381	-52.63193	0	35	2021-10-24T10:29:19
8.99357	-52.63180	0	35	2021-10-24T10:34:16
8.99288	-52.63171	0	35	2021-10-24T10:39:17
8.99238	-52.63150	0	35	2021-10-24T10:44:14
8.99194	-52.63135	0	35	2021-10-24T10:49:15
8.99161	-52.63113	0	35	2021-10-24T10:54:19
8.99127	-52.63092	0	35	2021-10-24T10:59:13
8.99091	-52.63077	0	35	2021-10-24T11:04:12
8.99050	-52.63043	0	35	2021-10-24T11:09:14
8.99015	-52.63017	0	35	2021-10-24T11:14:14
8.98982	-52.63000	0	35	2021-10-24T11:19:13
8.98945	-52.62976	0	35	2021-10-24T11:24:13
8.98908	-52.62958	0	35	2021-10-24T11:29:14
8.98864	-52.62921	0	35	2021-10-24T11:34:38
8.98818	-52.62924	0	35	2021-10-24T11:39:16
8.98766	-52.62909	0	35	2021-10-24T11:44:13
8.98651	-52.62900	0	35	2021-10-24T11:54:10
8.98598	-52.62903	0	35	2021-10-24T11:59:11
8.98537	-52.62909	0	35	2021-10-24T12:04:11
8.98490	-52.62906	0	35	2021-10-24T12:09:09
8.98450	-52.62909	0	35	2021-10-24T12:14:09
8.98404	-52.62918	0	35	2021-10-24T12:19:07
8.98351	-52.62918	0	35	2021-10-24T12:24:57
8.98307	-52.62909	0	35	2021-10-24T12:29:56
8.98231	-52.62918	0	35	2021-10-24T12:34:56
8.98178	-52.62906	0	35	2021-10-24T12:39:09
8.98133	-52.62888	0	35	2021-10-24T12:44:07
8.98074	-52.62862	0	35	2021-10-24T12:49:07
8.98005	-52.62853	0	35	2021-10-24T12:54:06
8.97945	-52.62836	0	35	2021-10-24T12:59:06
8.97880	-52.62820	0	35	2021-10-24T13:04:04
8.97816	-52.62811	0	35	2021-10-24T13:09:03
8.97747	-52.62793	0	35	2021-10-24T13:14:02
8.97697	-52.62772	0	35	2021-10-24T13:19:05
8.97617	-52.62753	0	35	2021-10-24T13:24:03
8.97550	-52.62729	0	35	2021-10-24T13:29:00
8.97472	-52.62695	0	35	2021-10-24T13:34:24
8.97425	-52.62665	0	35	2021-10-24T13:39:01
8.97326	-52.62640	0	35	2021-10-24T13:43:59
8.97273	-52.62601	0	35	2021-10-24T13:49:00
8.97199	-52.62579	0	35	2021-10-24T13:54:00
8.97103	-52.62573	0	35	2021-10-24T13:58:57
8.97019	-52.62545	0	35	2021-10-24T14:04:01
8.96937	-52.62519	0	35	2021-10-24T14:09:00
8.96885	-52.62476	0	35	2021-10-24T14:14:00
8.96794	-52.62476	0	35	2021-10-24T14:19:03
8.96711	-52.62466	0	35	2021-10-24T14:24:01
8.96629	-52.62448	0	35	2021-10-24T14:29:02
8.96576	-52.62396	0	35	2021-10-24T14:34:26
8.96494	-52.62395	0	35	2021-10-24T14:39:05
8.96419	-52.62390	0	35	2021-10-24T14:44:04
8.96348	-52.62369	0	35	2021-10-24T14:49:06
8.96282	-52.62347	0	35	2021-10-24T14:54:03
8.96210	-52.62338	0	35	2021-10-24T14:59:04
8.96139	-52.62332	0	35	2021-10-24T15:04:01
8.96062	-52.62323	0	35	2021-10-24T15:09:01
8.95974	-52.62311	0	35	2021-10-24T15:14:02
8.95900	-52.62302	0	35	2021-10-24T15:18:59
8.95831	-52.62292	0	35	2021-10-24T15:24:00
8.95762	-52.62292	0	35	2021-10-24T15:29:00
8.95696	-52.62289	0	35	2021-10-24T15:34:37
8.95639	-52.62283	0	35	2021-10-24T15:39:00
8.95567	-52.62279	0	35	2021-10-24T15:44:02
8.95498	-52.62253	0	35	2021-10-24T15:49:01
8.95429	-52.62259	0	35	2021-10-24T15:54:04
8.95360	-52.62253	0	35	2021-10-24T15:59:02
8.95295	-52.62234	0	35	2021-10-24T16:04:03
8.95226	-52.62222	0	35	2021-10-24T16:09:01
8.95163	-52.62216	0	35	2021-10-24T16:14:04
8.95097	-52.62204	0	35	2021-10-24T16:19:02
8.95035	-52.62201	0	35	2021-10-24T16:24:03
8.94973	-52.62201	0	35	2021-10-24T16:29:02
8.94909	-52.62180	0	35	2021-10-24T16:34:27
8.94851	-52.62170	0	35	2021-10-24T16:39:01
8.94790	-52.62158	0	35	2021-10-24T16:44:02
8.94730	-52.62155	0	35	2021-10-24T16:49:00
8.94659	-52.62146	0	35	2021-10-24T16:54:03
8.94600	-52.62140	0	35	2021-10-24T16:59:04
8.94534	-52.62137	0	35	2021-10-24T17:04:02
8.94487	-52.62134	0	35	2021-10-24T17:08:59
8.94425	-52.62138	0	35	2021-10-24T17:14:02
8.94365	-52.62112	0	35	2021-10-24T17:19:01
8.94309	-52.62100	0	35	2021-10-24T17:24:00
8.94253	-52.62103	0	35	2021-10-24T17:28:58
8.94187	-52.62082	0	35	2021-10-24T17:34:12
8.94131	-52.62073	0	35	2021-10-24T17:39:12
8.94075	-52.62076	0	35	2021-10-24T17:43:57
8.94020	-52.62064	0	35	2021-10-24T17:48:58
8.93959	-52.62064	0	35	2021-10-24T17:53:58
8.93887	-52.62051	0	35	2021-10-24T17:59:15
8.93826	-52.62057	0	35	2021-10-24T18:03:57
8.93762	-52.62057	0	35	2021-10-24T18:09:16
8.93704	-52.62054	0	35	2021-10-24T18:14:02
8.93648	-52.62057	0	35	2021-10-24T18:19:02
8.93581	-52.62051	0	35	2021-10-24T18:24:01
8.93530	-52.62051	0	35	2021-10-24T18:29:01
8.93476	-52.62045	0	35	2021-10-24T18:34:29
8.93425	-52.62042	0	35	2021-10-24T18:39:03
8.93360	-52.62039	0	35	2021-10-24T18:44:03
8.93308	-52.62039	0	35	2021-10-24T18:49:03
8.93246	-52.62042	0	35	2021-10-24T18:54:01
8.93186	-52.62045	0	35	2021-10-24T18:59:02
8.93130	-52.62052	0	35	2021-10-24T19:04:03
8.93066	-52.62061	0	35	2021-10-24T19:09:03
8.93026	-52.62048	0	35	2021-10-24T19:14:04
8.92963	-52.62057	0	35	2021-10-24T19:19:02
8.92904	-52.62064	0	35	2021-10-24T19:23:59
8.92839	-52.62057	0	35	2021-10-24T19:29:00
8.92768	-52.62051	0	35	2021-10-24T19:34:27
8.92698	-52.62054	0	35	2021-10-24T19:38:58
8.92632	-52.62051	0	35	2021-10-24T19:43:55
8.92581	-52.62051	0	35	2021-10-24T19:48:56
8.92530	-52.62051	0	35	2021-10-24T19:53:56
8.92472	-52.62048	0	35	2021-10-24T19:59:00
8.92420	-52.62045	0	35	2021-10-24T20:03:58
8.92370	-52.62042	0	35	2021-10-24T20:08:56
8.92324	-52.62039	0	35	2021-10-24T20:13:57
8.92267	-52.62033	0	35	2021-10-24T20:18:56
8.92207	-52.62030	0	35	2021-10-24T20:23:58
8.92146	-52.62030	0	35	2021-10-24T20:28:58
8.92090	-52.61996	0	35	2021-10-24T20:34:29
8.92033	-52.61990	0	35	2021-10-24T20:38:53
8.91973	-52.61987	0	35	2021-10-24T20:43:54
8.91909	-52.61993	0	35	2021-10-24T20:48:53
8.91841	-52.61984	0	35	2021-10-24T20:53:54
8.91769	-52.61978	0	35	2021-10-24T20:58:56
8.91691	-52.61972	0	35	2021-10-24T21:03:56
8.91625	-52.61969	0	35	2021-10-24T21:08:54
8.91558	-52.61960	0	35	2021-10-24T21:13:55
8.91493	-52.61954	0	35	2021-10-24T21:18:54
8.91418	-52.61954	0	35	2021-10-24T21:23:55
8.91339	-52.61957	0	35	2021-10-24T21:28:56
8.91247	-52.61972	0	35	2021-10-24T21:33:54
8.91178	-52.61972	0	35	2021-10-24T21:38:54
8.91094	-52.61969	0	35	2021-10-24T21:43:56
8.91018	-52.61975	0	35	2021-10-24T21:48:55
8.90942	-52.61984	0	35	2021-10-24T21:53:54
8.90878	-52.61984	0	35	2021-10-24T21:58:55
8.90818	-52.61972	0	35	2021-10-24T22:03:56
8.90746	-52.61969	0	35	2021-10-24T22:08:53
8.90658	-52.61975	0	35	2021-10-24T22:13:57
8.90541	-52.62027	0	35	2021-10-24T22:18:55
8.90471	-52.62027	0	35	2021-10-24T22:23:55
8.90455	-52.62018	0	35	2021-10-24T22:28:57
8.90405	-52.62006	0	35	2021-10-24T22:33:57
8.90354	-52.62006	0	35	2021-10-24T22:38:57
8.90291	-52.62006	0	35	2021-10-24T22:43:57
8.90229	-52.62006	0	35	2021-10-24T22:48:59
8.90171	-52.62015	0	35	2021-10-24T22:53:56
8.90105	-52.62012	0	35	2021-10-24T22:58:57
8.90048	-52.62015	0	35	2021-10-24T23:03:59
8.89996	-52.62027	0	35	2021-10-24T23:08:59
8.89940	-52.62044	0	35	2021-10-24T23:14:03
8.89897	-52.62061	0	35	2021-10-24T23:19:03
8.89863	-52.62070	0	35	2021-10-24T23:24:02
8.89828	-52.62073	0	35	2021-10-24T23:29:02
8.89779	-52.62091	0	35	2021-10-24T23:34:03
8.89739	-52.62091	0	35	2021-10-24T23:39:03
8.89694	-52.62109	0	35	2021-10-24T23:44:02
8.89649	-52.62122	0	35	2021-10-24T23:49:01
8.89596	-52.62131	0	35	2021-10-24T23:53:59
8.89553	-52.62143	0	35	2021-10-24T23:59:02
8.89497	-52.62143	0	35	2021-10-25T00:04:01
8.89443	-52.62146	0	35	2021-10-25T00:09:02
8.89399	-52.62152	0	35	2021-10-25T00:13:58
8.89359	-52.62158	0	35	2021-10-25T00:19:00
8.89325	-52.62161	0	35	2021-10-25T00:24:01
8.89295	-52.62158	0	35	2021-10-25T00:29:01
8.89255	-52.62164	0	35	2021-10-25T00:34:25
8.89223	-52.62164	0	35	2021-10-25T00:39:00
8.89176	-52.62164	0	35	2021-10-25T00:44:02
8.89129	-52.62155	0	35	2021-10-25T00:49:01
8.89087	-52.62146	0	35	2021-10-25T00:54:02
8.89043	-52.62134	0	35	2021-10-25T00:59:02
8.89007	-52.62134	0	35	2021-10-25T01:04:03
8.88969	-52.62134	0	35	2021-10-25T01:09:03
8.88939	-52.62134	0	35	2021-10-25T01:14:00
8.88884	-52.62131	0	35	2021-10-25T01:19:01
8.88838	-52.62137	0	35	2021-10-25T01:23:59
8.88796	-52.62137	0	35	2021-10-25T01:28:59
8.88737	-52.62131	0	35	2021-10-25T01:34:27
8.88687	-52.62128	0	35	2021-10-25T01:38:57
8.88643	-52.62131	0	35	2021-10-25T01:43:59
8.88613	-52.62146	0	35	2021-10-25T01:48:59
8.88552	-52.62134	0	35	2021-10-25T01:54:00
8.88507	-52.62134	0	35	2021-10-25T01:59:02
8.88466	-52.62140	0	35	2021-10-25T02:04:08
8.88423	-52.62143	0	35	2021-10-25T02:09:06
8.88380	-52.62140	0	35	2021-10-25T02:14:07
8.88334	-52.62137	0	35	2021-10-25T02:19:07
8.88291	-52.62134	0	35	2021-10-25T02:24:06
8.88245	-52.62125	0	35	2021-10-25T02:29:07
8.88194	-52.62109	0	35	2021-10-25T02:34:26
8.88162	-52.62094	0	35	2021-10-25T02:39:04
8.88116	-52.62079	0	35	2021-10-25T02:44:05
8.88085	-52.62067	0	35	2021-10-25T02:49:04
8.88048	-52.62051	0	35	2021-10-25T02:54:03
8.88017	-52.62036	0	35	2021-10-25T02:59:04
8.87983	-52.62024	0	35	2021-10-25T03:04:03
8.87947	-52.62012	0	35	2021-10-25T03:09:05
8.87935	-52.61986	0	35	2021-10-25T03:14:05
8.87909	-52.61960	0	35	2021-10-25T03:19:04
8.87893	-52.61942	0	35	2021-10-25T03:24:05
8.87851	-52.61911	0	35	2021-10-25T03:29:05
8.87800	-52.61880	0	35	2021-10-25T03:34:05
8.87766	-52.61871	0	35	2021-10-25T03:39:04
8.87730	-52.61844	0	35	2021-10-25T03:44:07
8.87689	-52.61810	0	35	2021-10-25T03:49:04
8.87653	-52.61783	0	35	2021-10-25T03:54:04
8.87612	-52.61768	0	35	2021-10-25T03:59:09
8.87574	-52.61746	0	35	2021-10-25T04:04:07
8.87541	-52.61731	0	35	2021-10-25T04:09:05
8.87504	-52.61710	0	35	2021-10-25T04:14:04
8.87481	-52.61691	0	35	2021-10-25T04:19:06
8.87437	-52.61670	0	35	2021-10-25T04:24:07
8.87405	-52.61649	0	35	2021-10-25T04:29:06
8.87364	-52.61615	0	35	2021-10-25T04:34:26
8.87323	-52.61594	0	35	2021-10-25T04:39:06
8.87296	-52.61572	0	35	2021-10-25T04:44:09
8.87243	-52.61551	0	35	2021-10-25T04:49:07
8.87191	-52.61533	0	35	2021-10-25T04:54:10
8.87143	-52.61507	0	35	2021-10-25T04:59:09
8.87116	-52.61490	0	35	2021-10-25T05:04:10
8.87067	-52.61462	0	35	2021-10-25T05:09:07
8.87022	-52.61435	0	35	2021-10-25T05:14:10
8.86974	-52.61404	0	35	2021-10-25T05:19:08
8.86922	-52.61371	0	35	2021-10-25T05:24:09
8.86860	-52.61321	0	35	2021-10-25T05:29:24
8.86813	-52.61287	0	35	2021-10-25T05:34:23
8.86762	-52.61261	0	35	2021-10-25T05:39:23
8.86712	-52.61237	0	35	2021-10-25T05:44:24
8.86651	-52.61203	0	35	2021-10-25T05:49:24
8.86600	-52.61182	0	35	2021-10-25T05:54:10
8.86544	-52.61156	0	35	2021-10-25T05:59:11
8.86497	-52.61139	0	35	2021-10-25T06:04:11
8.86440	-52.61127	0	35	2021-10-25T06:09:09
8.86382	-52.61105	0	35	2021-10-25T06:14:13
8.86335	-52.61096	0	35	2021-10-25T06:19:12
8.86276	-52.61087	0	35	2021-10-25T06:24:14
8.86217	-52.61075	0	35	2021-10-25T06:29:09
8.86173	-52.61063	0	35	2021-10-25T06:34:26
8.86126	-52.61044	0	35	2021-10-25T06:39:10
8.86073	-52.61029	0	35	2021-10-25T06:44:11
8.86031	-52.61008	0	35	2021-10-25T06:49:11
8.85985	-52.60992	0	35	2021-10-25T06:54:12
8.85929	-52.60974	0	35	2021-10-25T06:59:10
8.85881	-52.60953	0	35	2021-10-25T07:04:08
8.85826	-52.60915	0	35	2021-10-25T07:09:12
8.85771	-52.60889	0	35	2021-10-25T07:14:13
8.85707	-52.60858	0	35	2021-10-25T07:19:13
8.85646	-52.60822	0	35	2021-10-25T07:24:15
8.85598	-52.60791	0	35	2021-10-25T07:29:15
8.85502	-52.60754	0	35	2021-10-25T07:34:54
8.85446	-52.60727	0	35	2021-10-25T07:39:18
8.85377	-52.60686	0	35	2021-10-25T07:44:24
8.85304	-52.60660	0	35	2021-10-25T07:49:23
8.85239	-52.60626	0	35	2021-10-25T07:54:23
8.85171	-52.60599	0	35	2021-10-25T07:59:20
8.85089	-52.60574	0	35	2021-10-25T08:04:21
8.85002	-52.60553	0	35	2021-10-25T08:09:19
8.84929	-52.60532	0	35	2021-10-25T08:14:22
8.84850	-52.60510	0	35	2021-10-25T08:19:20
8.84765	-52.60486	0	35	2021-10-25T08:24:21
8.84681	-52.60464	0	35	2021-10-25T08:29:21
8.84578	-52.60461	0	35	2021-10-25T08:34:56
8.84505	-52.60443	0	35	2021-10-25T08:39:26
8.84432	-52.60431	0	35	2021-10-25T08:44:20
8.84387	-52.60416	0	35	2021-10-25T08:49:21
8.84333	-52.60388	0	35	2021-10-25T08:54:22
8.84285	-52.60358	0	35	2021-10-25T08:59:20
8.84228	-52.60330	0	35	2021-10-25T09:04:20
8.84151	-52.60321	0	35	2021-10-25T09:09:18
8.84071	-52.60309	0	35	2021-10-25T09:14:18
8.83986	-52.60300	0	35	2021-10-25T09:19:21
8.83904	-52.60294	0	35	2021-10-25T09:24:19
8.83829	-52.60275	0	35	2021-10-25T09:29:16
8.83740	-52.60266	0	35	2021-10-25T09:34:35
8.83669	-52.60266	0	35	2021-10-25T09:39:15
8.83587	-52.60266	0	35	2021-10-25T09:44:15
8.83507	-52.60266	0	35	2021-10-25T09:49:13
8.83426	-52.60266	0	35	2021-10-25T09:54:13
8.83346	-52.60260	0	35	2021-10-25T09:59:11
8.83264	-52.60257	0	35	2021-10-25T10:04:11
8.83179	-52.60257	0	35	2021-10-25T10:09:12
8.83085	-52.60248	0	35	2021-10-25T10:14:09
8.82992	-52.60233	0	35	2021-10-25T10:19:08
8.82902	-52.60233	0	35	2021-10-25T10:24:07
8.82802	-52.60223	0	35	2021-10-25T10:29:06
8.82718	-52.60226	0	35	2021-10-25T10:34:27
8.82642	-52.60229	0	35	2021-10-25T10:39:08
8.82551	-52.60229	0	35	2021-10-25T10:44:07
8.82466	-52.60229	0	35	2021-10-25T10:49:07
8.82377	-52.60236	0	35	2021-10-25T10:54:10
8.82283	-52.60251	0	35	2021-10-25T10:59:08
8.82193	-52.60251	0	35	2021-10-25T11:04:08
8.82113	-52.60260	0	35	2021-10-25T11:09:09
8.82032	-52.60272	0	35	2021-10-25T11:14:11
8.81939	-52.60278	0	35	2021-10-25T11:19:12
8.81856	-52.60287	0	35	2021-10-25T11:24:12
8.81772	-52.60300	0	35	2021-10-25T11:29:10
8.81680	-52.60300	0	35	2021-10-25T11:34:38
8.81597	-52.60324	0	35	2021-10-25T11:39:11
8.81520	-52.60324	0	35	2021-10-25T11:44:11
8.81431	-52.60339	0	35	2021-10-25T11:49:08
8.81354	-52.60339	0	35	2021-10-25T11:54:07
8.81277	-52.60339	0	35	2021-10-25T11:59:07
8.81190	-52.60345	0	35	2021-10-25T12:04:12
8.81090	-52.60364	0	35	2021-10-25T12:09:13
8.80993	-52.60373	0	35	2021-10-25T12:14:13
8.80899	-52.60391	0	35	2021-10-25T12:19:23
8.80810	-52.60406	0	35	2021-10-25T12:24:20
8.80716	-52.60426	0	35	2021-10-25T12:29:36
8.80601	-52.60452	0	35	2021-10-25T12:34:37
8.80514	-52.60471	0	35	2021-10-25T12:39:09
8.80423	-52.60489	0	35	2021-10-25T12:44:11
8.80339	-52.60515	0	35	2021-10-25T12:49:12
8.80245	-52.60532	0	35	2021-10-25T12:54:13
8.80158	-52.60550	0	35	2021-10-25T12:59:13
8.80072	-52.60568	0	35	2021-10-25T13:04:14
8.79986	-52.60590	0	35	2021-10-25T13:09:12
8.79922	-52.60593	0	35	2021-10-25T13:14:13
8.79834	-52.60620	0	35	2021-10-25T13:19:12
8.79756	-52.60638	0	35	2021-10-25T13:24:13
8.79667	-52.60667	0	35	2021-10-25T13:29:35
8.79594	-52.60693	0	35	2021-10-25T13:34:35
8.79524	-52.60699	0	35	2021-10-25T13:39:13
8.79447	-52.60718	0	35	2021-10-25T13:44:11
8.79365	-52.60751	0	35	2021-10-25T13:49:11
8.79289	-52.60751	0	35	2021-10-25T13:54:12
8.79210	-52.60770	0	35	2021-10-25T13:59:13
8.79139	-52.60788	0	35	2021-10-25T14:04:13
8.79074	-52.60809	0	35	2021-10-25T14:09:15
8.79001	-52.60835	0	35	2021-10-25T14:14:15
8.78928	-52.60861	0	35	2021-10-25T14:19:16
8.78852	-52.60901	0	35	2021-10-25T14:24:14
8.78776	-52.60934	0	35	2021-10-25T14:29:55
8.78694	-52.60968	0	35	2021-10-25T14:34:54
8.78633	-52.60995	0	35	2021-10-25T14:39:15
8.78558	-52.61023	0	35	2021-10-25T14:44:17
8.78481	-52.61053	0	35	2021-10-25T14:49:18
8.78403	-52.61084	0	35	2021-10-25T14:54:18
8.78316	-52.61111	0	35	2021-10-25T14:59:16
8.78224	-52.61136	0	35	2021-10-25T15:04:23
8.78135	-52.61163	0	35	2021-10-25T15:09:21
8.78051	-52.61191	0	35	2021-10-25T15:14:21
8.77973	-52.61223	0	35	2021-10-25T15:19:23
8.77896	-52.61249	0	35	2021-10-25T15:24:23
8.77823	-52.61285	0	35	2021-10-25T15:29:24
8.77736	-52.61322	0	35	2021-10-25T15:34:56
8.77665	-52.61349	0	35	2021-10-25T15:39:23
8.77595	-52.61377	0	35	2021-10-25T15:44:24
8.77513	-52.61404	0	35	2021-10-25T15:49:23
8.77436	-52.61429	0	35	2021-10-25T15:54:25
8.77358	-52.61455	0	35	2021-10-25T15:59:24
8.77285	-52.61481	0	35	2021-10-25T16:04:23
8.77210	-52.61496	0	35	2021-10-25T16:09:24
8.77129	-52.61511	0	35	2021-10-25T16:14:24
8.77047	-52.61530	0	35	2021-10-25T16:19:24
8.76962	-52.61551	0	35	2021-10-25T16:24:26
8.76892	-52.61572	0	35	2021-10-25T16:29:27
8.76809	-52.61597	0	35	2021-10-25T16:34:54
8.76739	-52.61615	0	35	2021-10-25T16:39:28
8.76656	-52.61630	0	35	2021-10-25T16:44:32
8.76572	-52.61646	0	35	2021-10-25T16:49:30
8.76502	-52.61676	0	35	2021-10-25T16:54:28
8.76425	-52.61708	0	35	2021-10-25T16:59:33
8.76347	-52.61725	0	35	2021-10-25T17:04:33
8.76268	-52.61746	0	35	2021-10-25T17:09:32
8.76186	-52.61761	0	35	2021-10-25T17:14:31
8.76108	-52.61780	0	35	2021-10-25T17:19:32
8.76033	-52.61798	0	35	2021-10-25T17:24:33
8.75958	-52.61826	0	35	2021-10-25T17:29:36
8.75880	-52.61851	0	35	2021-10-25T17:34:33
8.75803	-52.61868	0	35	2021-10-25T17:39:32
8.75723	-52.61890	0	35	2021-10-25T17:44:32
8.75482	-52.61936	0	35	2021-10-25T17:59:31
8.75395	-52.61945	0	35	2021-10-25T18:04:31
8.75306	-52.61945	0	35	2021-10-25T18:09:32
8.75223	-52.61954	0	35	2021-10-25T18:14:29
8.75134	-52.61960	0	35	2021-10-25T18:19:27
8.75043	-52.61963	0	35	2021-10-25T18:24:30
8.74954	-52.61969	0	35	2021-10-25T18:29:55
8.74855	-52.61978	0	35	2021-10-25T18:34:55
8.74768	-52.61987	0	35	2021-10-25T18:39:30
8.74682	-52.61996	0	35	2021-10-25T18:44:33
8.74590	-52.62018	0	35	2021-10-25T18:49:31
8.74499	-52.62018	0	35	2021-10-25T18:54:31
8.74400	-52.62024	0	35	2021-10-25T18:59:36
8.74306	-52.62039	0	35	2021-10-25T19:04:34
8.74211	-52.62063	0	35	2021-10-25T19:09:31
8.74128	-52.62089	0	35	2021-10-25T19:14:31
8.74043	-52.62115	0	35	2021-10-25T19:19:31
8.73954	-52.62143	0	35	2021-10-25T19:24:33
8.73865	-52.62178	0	35	2021-10-25T19:29:58
8.73767	-52.62195	0	35	2021-10-25T19:34:58
8.73696	-52.62210	0	35	2021-10-25T19:39:29
8.73582	-52.62238	0	35	2021-10-25T19:44:30
8.73498	-52.62263	0	35	2021-10-25T19:49:26
8.73412	-52.62289	0	35	2021-10-25T19:54:26
8.73335	-52.62317	0	35	2021-10-25T19:59:27
8.73244	-52.62332	0	35	2021-10-25T20:04:28
8.73138	-52.62350	0	35	2021-10-25T20:09:29
8.73035	-52.62369	0	35	2021-10-25T20:14:29
8.72932	-52.62378	0	35	2021-10-25T20:19:28
8.72849	-52.62390	0	35	2021-10-25T20:24:27
8.72753	-52.62421	0	35	2021-10-25T20:29:24
8.72662	-52.62415	0	35	2021-10-25T20:34:56
8.72580	-52.62430	0	35	2021-10-25T20:39:23
8.72483	-52.62448	0	35	2021-10-25T20:44:25
8.72387	-52.62473	0	35	2021-10-25T20:49:24
8.72312	-52.62498	0	35	2021-10-25T20:54:26
8.72230	-52.62524	0	35	2021-10-25T20:59:26
8.72142	-52.62549	0	35	2021-10-25T21:04:24
8.72053	-52.62573	0	35	2021-10-25T21:09:21
8.71959	-52.62601	0	35	2021-10-25T21:14:21
8.71862	-52.62640	0	35	2021-10-25T21:19:19
8.71773	-52.62665	0	35	2021-10-25T21:24:20
8.71674	-52.62695	0	35	2021-10-25T21:29:19
8.71566	-52.62759	0	35	2021-10-25T21:34:56
8.71477	-52.62781	0	35	2021-10-25T21:39:15
8.71374	-52.62808	0	35	2021-10-25T21:44:19
8.71284	-52.62830	0	35	2021-10-25T21:49:12
8.71186	-52.62860	0	35	2021-10-25T21:54:13
8.71083	-52.62888	0	35	2021-10-25T21:59:14
8.70980	-52.62906	0	35	2021-10-25T22:04:17
8.70867	-52.62939	0	35	2021-10-25T22:09:12
8.70772	-52.62967	0	35	2021-10-25T22:14:13
8.70684	-52.62997	0	35	2021-10-25T22:19:12
8.70595	-52.63028	0	35	2021-10-25T22:24:13
8.70508	-52.63062	0	35	2021-10-25T22:29:11
8.70414	-52.63098	0	35	2021-10-25T22:34:30
8.70317	-52.63143	0	35	2021-10-25T22:39:10
8.70217	-52.63174	0	35	2021-10-25T22:44:18
8.70111	-52.63211	0	35	2021-10-25T22:49:11
8.70006	-52.63242	0	35	2021-10-25T22:54:12
8.69905	-52.63282	0	35	2021-10-25T22:59:12
8.69802	-52.63308	0	35	2021-10-25T23:04:12
8.69708	-52.63342	0	35	2021-10-25T23:09:11
8.69616	-52.63391	0	35	2021-10-25T23:14:10
8.69508	-52.63422	0	35	2021-10-25T23:19:12
8.69415	-52.63467	0	35	2021-10-25T23:24:10
8.69319	-52.63516	0	35	2021-10-25T23:29:13
8.69219	-52.63574	0	35	2021-10-25T23:34:41
8.69131	-52.63611	0	35	2021-10-25T23:39:12
8.68957	-52.63718	0	35	2021-10-25T23:49:13
8.68873	-52.63773	0	35	2021-10-25T23:54:11
8.68793	-52.63831	0	35	2021-10-25T23:59:15
8.68716	-52.63889	0	35	2021-10-26T00:04:15
8.68645	-52.63959	0	35	2021-10-26T00:09:13
8.68572	-52.64032	0	35	2021-10-26T00:14:16
8.68493	-52.64100	0	35	2021-10-26T00:19:11
8.68421	-52.64169	0	35	2021-10-26T00:24:12
8.68338	-52.64233	0	35	2021-10-26T00:29:09
8.68253	-52.64331	0	35	2021-10-26T00:34:37
8.68186	-52.64392	0	35	2021-10-26T00:39:11
8.68111	-52.64468	0	35	2021-10-26T00:44:11
8.68024	-52.64548	0	35	2021-10-26T00:49:12
8.67939	-52.64621	0	35	2021-10-26T00:54:09
8.67867	-52.64688	0	35	2021-10-26T00:59:10
8.67794	-52.64783	0	35	2021-10-26T01:04:07
8.67726	-52.64862	0	35	2021-10-26T01:09:08
8.67662	-52.64957	0	35	2021-10-26T01:14:08
8.67587	-52.65042	0	35	2021-10-26T01:19:08
8.67498	-52.65115	0	35	2021-10-26T01:24:06
8.67412	-52.65194	0	35	2021-10-26T01:29:26
8.67326	-52.65271	0	35	2021-10-26T01:34:26
8.67249	-52.65338	0	35	2021-10-26T01:39:06
8.67170	-52.65424	0	35	2021-10-26T01:44:09
8.67090	-52.65515	0	35	2021-10-26T01:49:07
8.67000	-52.65594	0	35	2021-10-26T01:54:10
8.66902	-52.65674	0	35	2021-10-26T01:59:09
8.66829	-52.65759	0	35	2021-10-26T02:04:13
8.66752	-52.65851	0	35	2021-10-26T02:09:13
8.66658	-52.65927	0	35	2021-10-26T02:14:15
8.66553	-52.66003	0	35	2021-10-26T02:19:30
8.66466	-52.66068	0	35	2021-10-26T02:24:16
8.66391	-52.66162	0	35	2021-10-26T02:29:14
8.66310	-52.66257	0	35	2021-10-26T02:34:38
8.66254	-52.66330	0	35	2021-10-26T02:39:18
8.66183	-52.66415	0	35	2021-10-26T02:44:20
8.66100	-52.66510	0	35	2021-10-26T02:49:18
8.66015	-52.66589	0	35	2021-10-26T02:54:17
8.65945	-52.66663	0	35	2021-10-26T02:59:20
8.65884	-52.66742	0	35	2021-10-26T03:04:16
8.65812	-52.66827	0	35	2021-10-26T03:09:17
8.65740	-52.66916	0	35	2021-10-26T03:14:14
8.65668	-52.67007	0	35	2021-10-26T03:19:15
8.65592	-52.67093	0	35	2021-10-26T03:24:14
8.65520	-52.67184	0	35	2021-10-26T03:29:17
8.65436	-52.67276	0	35	2021-10-26T03:34:37
8.65366	-52.67355	0	35	2021-10-26T03:39:15
8.65301	-52.67444	0	35	2021-10-26T03:44:19
8.65241	-52.67529	0	35	2021-10-26T03:49:17
8.65180	-52.67609	0	35	2021-10-26T03:54:21
8.65117	-52.67694	0	35	2021-10-26T03:59:21
8.65044	-52.67780	0	35	2021-10-26T04:04:21
8.64971	-52.67859	0	35	2021-10-26T04:09:22
8.64889	-52.67935	0	35	2021-10-26T04:14:20
8.64817	-52.68011	0	35	2021-10-26T04:19:20
8.64756	-52.68091	0	35	2021-10-26T04:24:18
8.64697	-52.68179	0	35	2021-10-26T04:29:19
8.64631	-52.68265	0	35	2021-10-26T04:34:57
8.64579	-52.68338	0	35	2021-10-26T04:39:17
8.64507	-52.68414	0	35	2021-10-26T04:44:21
8.64448	-52.68494	0	35	2021-10-26T04:49:23
8.64399	-52.68570	0	35	2021-10-26T04:54:26
8.64335	-52.68654	0	35	2021-10-26T04:59:20
8.64279	-52.68731	0	35	2021-10-26T05:04:21
8.64223	-52.68808	0	35	2021-10-26T05:09:21
8.64162	-52.68881	0	35	2021-10-26T05:14:20
8.64094	-52.68958	0	35	2021-10-26T05:19:22
8.64026	-52.69034	0	35	2021-10-26T05:24:20
8.63960	-52.69104	0	35	2021-10-26T05:29:18
8.63899	-52.69193	0	35	2021-10-26T05:34:54
8.63836	-52.69263	0	35	2021-10-26T05:39:19
8.63772	-52.69342	0	35	2021-10-26T05:44:17
8.63714	-52.69415	0	35	2021-10-26T05:49:14
8.63653	-52.69489	0	35	2021-10-26T05:54:15
8.63587	-52.69568	0	35	2021-10-26T05:59:15
8.63532	-52.69650	0	35	2021-10-26T06:04:13
8.63470	-52.69727	0	35	2021-10-26T06:09:14
8.63410	-52.69803	0	35	2021-10-26T06:14:11
8.63347	-52.69873	0	35	2021-10-26T06:19:11
8.63289	-52.69949	0	35	2021-10-26T06:24:08
8.63222	-52.70026	0	35	2021-10-26T06:29:09
8.63153	-52.70102	0	35	2021-10-26T06:34:26
8.63087	-52.70169	0	35	2021-10-26T06:39:03
8.63022	-52.70239	0	35	2021-10-26T06:44:04
8.62970	-52.70316	0	35	2021-10-26T06:49:01
8.62914	-52.70389	0	35	2021-10-26T06:54:02
8.62860	-52.70462	0	35	2021-10-26T06:59:03
8.62806	-52.70535	0	35	2021-10-26T07:04:02
8.62758	-52.70609	0	35	2021-10-26T07:09:00
8.62697	-52.70683	0	35	2021-10-26T07:14:01
8.62641	-52.70752	0	35	2021-10-26T07:19:02
8.62575	-52.70816	0	35	2021-10-26T07:24:00
8.62523	-52.70883	0	35	2021-10-26T07:29:03
8.62468	-52.70956	0	35	2021-10-26T07:34:24
8.62415	-52.71027	0	35	2021-10-26T07:39:00
8.62354	-52.71091	0	35	2021-10-26T07:43:58
8.62290	-52.71163	0	35	2021-10-26T07:48:58
8.62227	-52.71223	0	35	2021-10-26T07:53:57
8.62163	-52.71292	0	35	2021-10-26T07:58:57
8.62105	-52.71353	0	35	2021-10-26T08:03:58
8.62039	-52.71423	0	35	2021-10-26T08:08:59
8.61975	-52.71500	0	35	2021-10-26T08:13:57
8.61904	-52.71570	0	35	2021-10-26T08:18:59
8.61835	-52.71645	0	35	2021-10-26T08:23:58
8.61785	-52.71722	0	35	2021-10-26T08:28:58
8.61733	-52.71802	0	35	2021-10-26T08:34:25
8.61683	-52.71881	0	35	2021-10-26T08:38:59
8.61631	-52.71954	0	35	2021-10-26T08:43:57
8.61578	-52.72028	0	35	2021-10-26T08:48:59
8.61536	-52.72104	0	35	2021-10-26T08:53:59
8.61505	-52.72177	0	35	2021-10-26T08:59:02
8.61452	-52.72253	0	35	2021-10-26T09:04:00
8.61408	-52.72327	0	35	2021-10-26T09:09:02
8.61364	-52.72403	0	35	2021-10-26T09:14:06
8.61316	-52.72479	0	35	2021-10-26T09:19:06
8.61267	-52.72546	0	35	2021-10-26T09:24:08
8.61225	-52.72617	0	35	2021-10-26T09:29:06
8.61180	-52.72690	0	35	2021-10-26T09:34:26
8.61140	-52.72757	0	35	2021-10-26T09:39:09
8.61097	-52.72824	0	35	2021-10-26T09:44:07
8.61051	-52.72891	0	35	2021-10-26T09:49:11
8.60998	-52.72955	0	35	2021-10-26T09:54:09
8.60945	-52.73022	0	35	2021-10-26T09:59:11
8.60837	-52.73169	0	35	2021-10-26T10:09:11
8.60781	-52.73243	0	35	2021-10-26T10:14:09
8.60734	-52.73312	0	35	2021-10-26T10:19:09
8.60683	-52.73393	0	35	2021-10-26T10:24:10
8.60636	-52.73462	0	35	2021-10-26T10:29:10
8.60590	-52.73529	0	35	2021-10-26T10:34:26
8.60537	-52.73605	0	35	2021-10-26T10:39:09
8.60482	-52.73684	0	35	2021-10-26T10:44:24
8.60432	-52.73752	0	35	2021-10-26T10:49:07
8.60384	-52.73822	0	35	2021-10-26T10:54:23
8.60340	-52.73895	0	35	2021-10-26T10:59:25
8.60290	-52.73976	0	35	2021-10-26T11:04:12
8.60243	-52.74045	0	35	2021-10-26T11:09:11
8.60201	-52.74121	0	35	2021-10-26T11:14:10
8.60162	-52.74200	0	35	2021-10-26T11:19:08
8.60122	-52.74286	0	35	2021-10-26T11:24:10
8.60073	-52.74365	0	35	2021-10-26T11:29:13
8.60031	-52.74463	0	35	2021-10-26T11:34:37
8.59995	-52.74539	0	35	2021-10-26T11:39:16
8.59944	-52.74627	0	35	2021-10-26T11:44:17
8.59901	-52.74713	0	35	2021-10-26T11:49:17
8.59853	-52.74802	0	35	2021-10-26T11:54:19
8.59803	-52.74893	0	35	2021-10-26T11:59:23
8.59761	-52.74982	0	35	2021-10-26T12:04:22
8.59720	-52.75070	0	35	2021-10-26T12:09:20
8.59665	-52.75176	0	35	2021-10-26T12:14:24
8.59625	-52.75262	0	35	2021-10-26T12:19:23
8.59578	-52.75348	0	35	2021-10-26T12:24:23
8.59535	-52.75436	0	35	2021-10-26T12:29:21
8.59492	-52.75550	0	35	2021-10-26T12:34:20
8.59436	-52.75644	0	35	2021-10-26T12:39:19
8.59385	-52.75739	0	35	2021-10-26T12:44:22
8.59333	-52.75842	0	35	2021-10-26T12:49:20
8.59281	-52.75928	0	35	2021-10-26T12:54:24
8.59226	-52.76044	0	35	2021-10-26T12:59:22
8.59183	-52.76138	0	35	2021-10-26T13:04:23
8.59130	-52.76245	0	35	2021-10-26T13:09:22
8.59080	-52.76346	0	35	2021-10-26T13:14:24
8.59032	-52.76453	0	35	2021-10-26T13:19:21
8.58989	-52.76550	0	35	2021-10-26T13:24:19
8.58967	-52.76651	0	35	2021-10-26T13:29:20
8.58923	-52.76761	0	35	2021-10-26T13:34:20
8.58893	-52.76847	0	35	2021-10-26T13:39:21
8.58859	-52.76941	0	35	2021-10-26T13:44:21
8.58822	-52.77029	0	35	2021-10-26T13:49:21
8.58797	-52.77124	0	35	2021-10-26T13:54:19
8.58738	-52.77219	0	35	2021-10-26T13:59:19
8.58710	-52.77322	0	35	2021-10-26T14:04:17
8.58689	-52.77418	0	35	2021-10-26T14:09:18
8.58663	-52.77512	0	35	2021-10-26T14:14:19
8.58629	-52.77618	0	35	2021-10-26T14:19:17
8.58611	-52.77707	0	35	2021-10-26T14:24:20
8.58590	-52.77805	0	35	2021-10-26T14:29:18
8.58550	-52.77941	0	35	2021-10-26T14:34:19
8.58536	-52.78018	0	35	2021-10-26T14:39:19
8.58519	-52.78116	0	35	2021-10-26T14:44:19
8.58506	-52.78210	0	35	2021-10-26T14:49:21
8.58494	-52.78305	0	35	2021-10-26T14:54:19
8.58482	-52.78400	0	35	2021-10-26T14:59:23
8.58470	-52.78485	0	35	2021-10-26T15:04:23
8.58461	-52.78574	0	35	2021-10-26T15:09:25
8.58449	-52.78668	0	35	2021-10-26T15:14:26
8.58440	-52.78745	0	35	2021-10-26T15:19:26
8.58430	-52.78829	0	35	2021-10-26T15:24:27
8.58421	-52.78915	0	35	2021-10-26T15:29:27
8.58414	-52.79007	0	35	2021-10-26T15:34:58
8.58408	-52.79089	0	35	2021-10-26T15:39:26
8.58397	-52.79178	0	35	2021-10-26T15:44:23
8.58386	-52.79269	0	35	2021-10-26T15:49:27
8.58376	-52.79364	0	35	2021-10-26T15:54:25
8.58366	-52.79462	0	35	2021-10-26T15:59:26
8.58355	-52.79569	0	35	2021-10-26T16:04:29
8.58351	-52.79663	0	35	2021-10-26T16:09:28
8.58339	-52.79764	0	35	2021-10-26T16:14:28
8.58331	-52.79868	0	35	2021-10-26T16:19:26
8.58319	-52.79976	0	35	2021-10-26T16:24:54
8.58315	-52.80070	0	35	2021-10-26T16:29:54
8.58311	-52.80182	0	35	2021-10-26T16:34:54
8.58299	-52.80270	0	35	2021-10-26T16:39:25
8.58290	-52.80371	0	35	2021-10-26T16:44:29
8.58278	-52.80476	0	35	2021-10-26T16:49:26
8.58278	-52.80579	0	35	2021-10-26T16:54:27
8.58273	-52.80682	0	35	2021-10-26T16:59:28
8.58259	-52.80784	0	35	2021-10-26T17:04:29
8.58254	-52.80887	0	35	2021-10-26T17:09:29
8.58248	-52.80991	0	35	2021-10-26T17:14:27
8.58239	-52.81100	0	35	2021-10-26T17:19:28
8.58224	-52.81223	0	35	2021-10-26T17:24:27
8.58211	-52.81335	0	35	2021-10-26T17:29:26
8.58197	-52.81467	0	35	2021-10-26T17:34:53
8.58187	-52.81570	0	35	2021-10-26T17:39:24
8.58179	-52.81683	0	35	2021-10-26T17:44:25
8.58179	-52.81799	0	35	2021-10-26T17:49:24
8.58175	-52.81912	0	35	2021-10-26T17:54:25
8.58170	-52.82028	0	35	2021-10-26T17:59:23
8.58159	-52.82147	0	35	2021-10-26T18:04:24
8.58150	-52.82260	0	35	2021-10-26T18:09:23
8.58141	-52.82370	0	35	2021-10-26T18:14:25
8.58130	-52.82468	0	35	2021-10-26T18:19:23
8.58120	-52.82568	0	35	2021-10-26T18:24:23
8.58107	-52.82669	0	35	2021-10-26T18:29:25
8.58085	-52.82782	0	35	2021-10-26T18:34:21
8.58073	-52.82868	0	35	2021-10-26T18:39:21
8.58060	-52.82962	0	35	2021-10-26T18:44:20
8.58039	-52.83066	0	35	2021-10-26T18:49:22
8.58017	-52.83167	0	35	2021-10-26T18:54:23
8.57996	-52.83264	0	35	2021-10-26T18:59:25
8.57973	-52.83368	0	35	2021-10-26T19:04:23
8.57956	-52.83478	0	35	2021-10-26T19:09:20
8.57928	-52.83588	0	35	2021-10-26T19:14:20
8.57902	-52.83674	0	35	2021-10-26T19:19:21
8.57881	-52.83768	0	35	2021-10-26T19:24:21
8.57860	-52.83862	0	35	2021-10-26T19:29:22
8.57843	-52.83954	0	35	2021-10-26T19:34:57
8.57823	-52.84058	0	35	2021-10-26T19:39:18
8.57831	-52.84167	0	35	2021-10-26T19:44:21
8.57837	-52.84262	0	35	2021-10-26T19:49:19
8.57851	-52.84368	0	35	2021-10-26T19:54:23
8.57860	-52.84480	0	35	2021-10-26T19:59:24
8.57882	-52.84583	0	35	2021-10-26T20:04:24
8.57886	-52.84680	0	35	2021-10-26T20:09:22
8.57902	-52.84775	0	35	2021-10-26T20:14:20
8.57917	-52.84882	0	35	2021-10-26T20:19:23
8.57924	-52.84961	0	35	2021-10-26T20:24:21
8.57926	-52.85062	0	35	2021-10-26T20:29:22
8.57934	-52.85159	0	35	2021-10-26T20:34:57
8.57940	-52.85233	0	35	2021-10-26T20:39:19
8.57948	-52.85333	0	35	2021-10-26T20:44:21
8.57949	-52.85443	0	35	2021-10-26T20:49:20
8.57956	-52.85556	0	35	2021-10-26T20:54:22
8.57963	-52.85663	0	35	2021-10-26T20:59:19
8.57966	-52.85770	0	35	2021-10-26T21:04:20
8.57966	-52.85873	0	35	2021-10-26T21:09:20
8.57959	-52.85977	0	35	2021-10-26T21:14:21
8.57952	-52.86072	0	35	2021-10-26T21:19:19
8.57949	-52.86169	0	35	2021-10-26T21:24:20
8.57943	-52.86264	0	35	2021-10-26T21:29:17
8.57942	-52.86389	0	35	2021-10-26T21:34:55
8.57940	-52.86472	0	35	2021-10-26T21:39:17
8.57926	-52.86572	0	35	2021-10-26T21:44:19
8.57915	-52.86677	0	35	2021-10-26T21:49:20
8.57911	-52.86771	0	35	2021-10-26T21:54:20
8.57901	-52.86871	0	35	2021-10-26T21:59:21
8.57888	-52.86966	0	35	2021-10-26T22:04:21
8.57864	-52.87058	0	35	2021-10-26T22:09:22
8.57843	-52.87152	0	35	2021-10-26T22:14:21
8.57818	-52.87241	0	35	2021-10-26T22:19:21
8.57802	-52.87332	0	35	2021-10-26T22:24:23
8.57780	-52.87427	0	35	2021-10-26T22:29:23
8.57757	-52.87527	0	35	2021-10-26T22:34:57
8.57732	-52.87607	0	35	2021-10-26T22:39:27
8.57691	-52.87691	0	35	2021-10-26T22:44:32
8.57670	-52.87768	0	35	2021-10-26T22:49:31
8.57644	-52.87845	0	35	2021-10-26T22:54:31
8.57621	-52.87924	0	35	2021-10-26T22:59:31
8.57593	-52.88007	0	35	2021-10-26T23:04:33
8.57568	-52.88086	0	35	2021-10-26T23:09:33
8.57532	-52.88165	0	35	2021-10-26T23:14:35
8.57494	-52.88229	0	35	2021-10-26T23:19:34
8.57457	-52.88304	0	35	2021-10-26T23:24:33
8.57424	-52.88373	0	35	2021-10-26T23:29:33
8.57391	-52.88452	0	35	2021-10-26T23:35:08
8.57365	-52.88513	0	35	2021-10-26T23:39:37
8.57342	-52.88580	0	35	2021-10-26T23:44:36
8.57323	-52.88641	0	35	2021-10-26T23:49:37
8.57301	-52.88702	0	35	2021-10-26T23:54:36
8.57272	-52.88763	0	35	2021-10-26T23:59:38
8.57238	-52.88815	0	35	2021-10-27T00:04:39
8.57203	-52.88870	0	35	2021-10-27T00:09:41
8.57179	-52.88932	0	35	2021-10-27T00:14:40
8.57149	-52.88983	0	35	2021-10-27T00:19:39
8.57130	-52.89044	0	35	2021-10-27T00:24:42
8.57107	-52.89105	0	35	2021-10-27T00:29:40
8.57088	-52.89173	0	35	2021-10-27T00:34:40
8.57071	-52.89233	0	35	2021-10-27T00:39:40
8.57044	-52.89291	0	35	2021-10-27T00:44:41
8.57025	-52.89355	0	35	2021-10-27T00:49:39
8.57011	-52.89434	0	35	2021-10-27T00:54:37
8.56995	-52.89494	0	35	2021-10-27T00:59:37
8.56982	-52.89563	0	35	2021-10-27T01:04:38
8.56975	-52.89648	0	35	2021-10-27T01:09:38
8.56964	-52.89709	0	35	2021-10-27T01:14:39
8.56950	-52.89774	0	35	2021-10-27T01:19:49
8.56940	-52.89832	0	35	2021-10-27T01:24:49
8.56922	-52.89883	0	35	2021-10-27T01:29:47
8.56875	-52.89917	0	35	2021-10-27T01:35:37
8.56851	-52.89957	0	35	2021-10-27T01:39:32
8.56842	-52.90015	0	35	2021-10-27T01:44:33
8.56830	-52.90070	0	35	2021-10-27T01:49:30
8.56821	-52.90128	0	35	2021-10-27T01:54:32
8.56811	-52.90189	0	35	2021-10-27T01:59:31
8.56804	-52.90247	0	35	2021-10-27T02:04:33
8.56794	-52.90308	0	35	2021-10-27T02:09:32
8.56793	-52.90363	0	35	2021-10-27T02:14:34
8.56788	-52.90411	0	35	2021-10-27T02:19:31
8.56794	-52.90469	0	35	2021-10-27T02:24:48
8.56807	-52.90527	0	35	2021-10-27T02:29:48
8.56813	-52.90585	0	35	2021-10-27T02:35:08
8.56823	-52.90643	0	35	2021-10-27T02:39:34
8.56840	-52.90714	0	35	2021-10-27T02:44:36
8.56850	-52.90781	0	35	2021-10-27T02:49:33
8.56861	-52.90851	0	35	2021-10-27T02:54:36
8.56875	-52.90915	0	35	2021-10-27T02:59:34
8.56892	-52.90982	0	35	2021-10-27T03:04:36
8.56912	-52.91055	0	35	2021-10-27T03:09:39
8.56936	-52.91116	0	35	2021-10-27T03:14:37
8.56941	-52.91177	0	35	2021-10-27T03:19:35
8.56950	-52.91235	0	35	2021-10-27T03:24:38
8.56967	-52.91299	0	35	2021-10-27T03:29:36
8.56975	-52.91351	0	35	2021-10-27T03:34:59
8.56987	-52.91403	0	35	2021-10-27T03:39:37
8.57006	-52.91461	0	35	2021-10-27T03:44:38
8.57022	-52.91526	0	35	2021-10-27T03:49:39
8.57030	-52.91577	0	35	2021-10-27T03:54:39
8.57046	-52.91638	0	35	2021-10-27T03:59:37
8.57058	-52.91693	0	35	2021-10-27T04:04:39
8.57070	-52.91742	0	35	2021-10-27T04:09:39
8.57093	-52.91794	0	35	2021-10-27T04:14:40
8.57119	-52.91840	0	35	2021-10-27T04:19:39
8.57138	-52.91892	0	35	2021-10-27T04:25:08
8.57147	-52.91935	0	35	2021-10-27T04:30:08
8.57161	-52.91995	0	35	2021-10-27T04:35:07
8.57174	-52.92032	0	35	2021-10-27T04:39:43
8.57189	-52.92081	0	35	2021-10-27T04:44:43
8.57202	-52.92126	0	35	2021-10-27T04:49:41
8.57208	-52.92175	0	35	2021-10-27T04:54:39
8.57227	-52.92233	0	35	2021-10-27T04:59:39
8.57236	-52.92276	0	35	2021-10-27T05:04:39
8.57245	-52.92319	0	35	2021-10-27T05:09:38
8.57254	-52.92368	0	35	2021-10-27T05:14:41
8.57260	-52.92419	0	35	2021-10-27T05:19:39
8.57276	-52.92480	0	35	2021-10-27T05:24:40
8.57282	-52.92551	0	35	2021-10-27T05:29:43
8.57297	-52.92630	0	35	2021-10-27T05:34:56
8.57333	-52.92709	0	35	2021-10-27T05:39:39
8.57353	-52.92786	0	35	2021-10-27T05:44:40
8.57386	-52.92868	0	35	2021-10-27T05:49:44
8.57414	-52.92953	0	35	2021-10-27T05:54:45
8.57447	-52.93030	0	35	2021-10-27T05:59:46
8.57494	-52.93097	0	35	2021-10-27T06:04:47
8.57544	-52.93164	0	35	2021-10-27T06:09:47
8.57592	-52.93231	0	35	2021-10-27T06:14:49
8.57619	-52.93298	0	35	2021-10-27T06:19:48
8.57647	-52.93356	0	35	2021-10-27T06:24:45
8.57676	-52.93420	0	35	2021-10-27T06:29:46
8.57714	-52.93488	0	35	2021-10-27T06:35:25
8.57738	-52.93547	0	35	2021-10-27T06:39:45
8.57755	-52.93607	0	35	2021-10-27T06:44:45
8.57774	-52.93671	0	35	2021-10-27T06:49:40
8.57794	-52.93738	0	35	2021-10-27T06:54:41
8.57807	-52.93806	0	35	2021-10-27T06:59:43
8.57823	-52.93875	0	35	2021-10-27T07:04:42
8.57832	-52.93942	0	35	2021-10-27T07:09:45
8.57848	-52.94012	0	35	2021-10-27T07:14:44
8.57860	-52.94084	0	35	2021-10-27T07:19:44
8.57869	-52.94153	0	35	2021-10-27T07:24:44
8.57884	-52.94217	0	35	2021-10-27T07:29:43
8.57888	-52.94272	0	35	2021-10-27T07:35:11
8.57886	-52.94331	0	35	2021-10-27T07:39:40
8.57895	-52.94391	0	35	2021-10-27T07:44:40
8.57907	-52.94452	0	35	2021-10-27T07:49:41
8.57907	-52.94531	0	35	2021-10-27T07:54:39
8.57912	-52.94593	0	35	2021-10-27T07:59:42
8.57917	-52.94653	0	35	2021-10-27T08:04:41
8.57923	-52.94717	0	35	2021-10-27T08:09:41
8.57920	-52.94785	0	35	2021-10-27T08:14:38
8.57923	-52.94856	0	35	2021-10-27T08:19:42
8.57926	-52.94916	0	35	2021-10-27T08:24:41
8.57934	-52.94987	0	35	2021-10-27T08:29:57
8.57934	-52.95056	0	35	2021-10-27T08:34:57
8.57940	-52.95117	0	35	2021-10-27T08:39:39
8.57940	-52.95181	0	35	2021-10-27T08:44:36
8.57943	-52.95251	0	35	2021-10-27T08:49:39
8.57945	-52.95309	0	35	2021-10-27T08:54:37
8.57949	-52.95374	0	35	2021-10-27T08:59:34
8.57953	-52.95441	0	35	2021-10-27T09:04:35
8.57948	-52.95503	0	35	2021-10-27T09:09:35
8.57944	-52.95572	0	35	2021-10-27T09:14:34
8.57943	-52.95639	0	35	2021-10-27T09:19:33
8.57938	-52.95709	0	35	2021-10-27T09:24:31
8.57935	-52.95780	0	35	2021-10-27T09:29:29
8.57935	-52.95866	0	35	2021-10-27T09:34:29
8.57940	-52.95926	0	35	2021-10-27T09:39:30
8.57943	-52.95996	0	35	2021-10-27T09:44:27
8.57948	-52.96074	0	35	2021-10-27T09:49:27
8.57948	-52.96143	0	35	2021-10-27T09:54:27
8.57948	-52.96216	0	35	2021-10-27T09:59:26
8.57945	-52.96298	0	35	2021-10-27T10:04:25
8.57945	-52.96379	0	35	2021-10-27T10:09:23
8.57935	-52.96448	0	35	2021-10-27T10:14:23
8.57937	-52.96521	0	35	2021-10-27T10:19:24
8.57935	-52.96597	0	35	2021-10-27T10:24:21
8.57938	-52.96673	0	35	2021-10-27T10:29:56
8.57954	-52.96750	0	35	2021-10-27T10:34:55
8.57952	-52.96841	0	35	2021-10-27T10:39:21
8.57949	-52.96906	0	35	2021-10-27T10:44:21
8.57925	-52.96969	0	35	2021-10-27T10:49:22
8.57930	-52.97021	0	35	2021-10-27T10:54:20
8.57920	-52.97098	0	35	2021-10-27T10:59:21
8.57923	-52.97156	0	35	2021-10-27T11:04:24
8.57910	-52.97243	0	35	2021-10-27T11:09:22
8.57902	-52.97305	0	35	2021-10-27T11:14:23
8.57910	-52.97372	0	35	2021-10-27T11:19:22
8.57907	-52.97449	0	35	2021-10-27T11:24:25
8.57902	-52.97546	0	35	2021-10-27T11:29:25
8.57915	-52.97620	0	35	2021-10-27T11:34:57
8.57910	-52.97681	0	35	2021-10-27T11:39:24
8.57902	-52.97751	0	35	2021-10-27T11:44:38
8.57895	-52.97821	0	35	2021-10-27T11:49:25
8.57881	-52.97894	0	35	2021-10-27T11:54:22
8.57869	-52.97972	0	35	2021-10-27T11:59:22
8.57860	-52.98041	0	35	2021-10-27T12:04:22
8.57851	-52.98117	0	35	2021-10-27T12:09:20
8.57841	-52.98187	0	35	2021-10-27T12:14:21
8.57835	-52.98266	0	35	2021-10-27T12:19:23
8.57835	-52.98343	0	35	2021-10-27T12:24:23
8.57831	-52.98419	0	35	2021-10-27T12:29:17
8.57811	-52.98520	0	35	2021-10-27T12:34:58
8.57808	-52.98587	0	35	2021-10-27T12:39:17
8.57804	-52.98666	0	35	2021-10-27T12:44:18
8.57798	-52.98743	0	35	2021-10-27T12:49:16
8.57787	-52.98825	0	35	2021-10-27T12:54:17
8.57771	-52.98912	0	35	2021-10-27T12:59:14
8.57757	-52.98998	0	35	2021-10-27T13:04:14
8.57748	-52.99075	0	35	2021-10-27T13:09:14
8.57738	-52.99161	0	35	2021-10-27T13:14:15
8.57733	-52.99243	0	35	2021-10-27T13:19:16
8.57729	-52.99332	0	35	2021-10-27T13:24:14
8.57722	-52.99417	0	35	2021-10-27T13:29:11
8.57720	-52.99518	0	35	2021-10-27T13:34:36
8.57724	-52.99606	0	35	2021-10-27T13:39:10
8.57715	-52.99692	0	35	2021-10-27T13:44:13
8.57703	-52.99786	0	35	2021-10-27T13:49:11
8.57719	-52.99872	0	35	2021-10-27T13:54:12
8.57715	-52.99973	0	35	2021-10-27T13:59:13
8.57703	-53.00067	0	35	2021-10-27T14:04:13
8.57705	-53.00168	0	35	2021-10-27T14:09:14
8.57710	-53.00265	0	35	2021-10-27T14:14:11
8.57719	-53.00351	0	35	2021-10-27T14:19:12
8.57729	-53.00446	0	35	2021-10-27T14:24:16
8.57743	-53.00537	0	35	2021-10-27T14:29:11
8.57748	-53.00647	0	35	2021-10-27T14:34:37
8.57752	-53.00727	0	35	2021-10-27T14:39:12
8.57761	-53.00821	0	35	2021-10-27T14:44:13
8.57769	-53.00930	0	35	2021-10-27T14:49:12
8.57787	-53.01007	0	35	2021-10-27T14:54:14
8.57795	-53.01102	0	35	2021-10-27T14:59:11
8.57811	-53.01190	0	35	2021-10-27T15:04:13
8.57816	-53.01282	0	35	2021-10-27T15:09:13
8.57837	-53.01373	0	35	2021-10-27T15:14:14
8.57845	-53.01470	0	35	2021-10-27T15:19:15
8.57854	-53.01556	0	35	2021-10-27T15:24:15
8.57863	-53.01658	0	35	2021-10-27T15:29:39
8.57879	-53.01752	0	35	2021-10-27T15:34:39
8.57895	-53.01831	0	35	2021-10-27T15:39:13
8.57916	-53.01926	0	35	2021-10-27T15:44:15
8.57945	-53.02018	0	35	2021-10-27T15:49:15
8.57966	-53.02112	0	35	2021-10-27T15:54:14
8.57978	-53.02206	0	35	2021-10-27T15:59:14
8.58018	-53.02304	0	35	2021-10-27T16:04:14
8.58034	-53.02411	0	35	2021-10-27T16:09:12
8.58057	-53.02512	0	35	2021-10-27T16:14:13
8.58071	-53.02609	0	35	2021-10-27T16:19:12
8.58123	-53.02780	0	35	2021-10-27T16:29:18
8.58158	-53.02883	0	35	2021-10-27T16:34:17
8.58179	-53.02960	0	35	2021-10-27T16:39:17
8.58206	-53.03055	0	35	2021-10-27T16:44:18
8.58233	-53.03143	0	35	2021-10-27T16:49:18
8.58262	-53.03232	0	35	2021-10-27T16:54:19
8.58291	-53.03320	0	35	2021-10-27T16:59:19
8.58315	-53.03409	0	35	2021-10-27T17:04:20
8.58334	-53.03494	0	35	2021-10-27T17:09:18
8.58350	-53.03583	0	35	2021-10-27T17:14:19
8.58371	-53.03671	0	35	2021-10-27T17:19:17
8.58392	-53.03754	0	35	2021-10-27T17:24:20
8.58414	-53.03842	0	35	2021-10-27T17:29:17
8.58442	-53.03937	0	35	2021-10-27T17:34:57
8.58461	-53.04016	0	35	2021-10-27T17:39:19
8.58483	-53.04108	0	35	2021-10-27T17:44:16
8.58502	-53.04187	0	35	2021-10-27T17:49:13
8.58524	-53.04276	0	35	2021-10-27T17:54:14
8.58569	-53.04453	0	35	2021-10-27T18:04:12
8.58595	-53.04541	0	35	2021-10-27T18:09:10
8.58622	-53.04630	0	35	2021-10-27T18:14:11
8.58651	-53.04724	0	35	2021-10-27T18:19:11
8.58676	-53.04816	0	35	2021-10-27T18:24:12
8.58702	-53.04904	0	35	2021-10-27T18:29:09
8.58730	-53.05005	0	35	2021-10-27T18:34:36
8.58761	-53.05098	0	35	2021-10-27T18:39:11
8.58785	-53.05188	0	35	2021-10-27T18:44:12
8.58813	-53.05286	0	35	2021-10-27T18:49:12
8.58843	-53.05383	0	35	2021-10-27T18:54:13
8.58881	-53.05485	0	35	2021-10-27T18:59:14
8.58911	-53.05579	0	35	2021-10-27T19:04:15
8.58942	-53.05679	0	35	2021-10-27T19:09:16
8.58975	-53.05780	0	35	2021-10-27T19:14:13
8.59010	-53.05887	0	35	2021-10-27T19:19:14
8.59040	-53.05973	0	35	2021-10-27T19:24:14
8.59070	-53.06067	0	35	2021-10-27T19:29:15
8.59126	-53.06161	0	35	2021-10-27T19:34:39
8.59159	-53.06250	0	35	2021-10-27T19:39:17
8.59193	-53.06342	0	35	2021-10-27T19:44:17
8.59234	-53.06436	0	35	2021-10-27T19:49:18
8.59268	-53.06528	0	35	2021-10-27T19:54:19
8.59308	-53.06616	0	35	2021-10-27T19:59:19
8.59340	-53.06714	0	35	2021-10-27T20:04:20
8.59369	-53.06808	0	35	2021-10-27T20:09:18
8.59409	-53.06897	0	35	2021-10-27T20:14:16
8.59445	-53.06989	0	35	2021-10-27T20:19:20
8.59486	-53.07077	0	35	2021-10-27T20:24:16
8.59517	-53.07156	0	35	2021-10-27T20:29:17
8.59549	-53.07249	0	35	2021-10-27T20:34:15
8.59576	-53.07318	0	35	2021-10-27T20:39:15
8.59606	-53.07394	0	35	2021-10-27T20:44:13
8.59648	-53.07482	0	35	2021-10-27T20:49:16
8.59679	-53.07551	0	35	2021-10-27T20:54:15
8.59713	-53.07620	0	35	2021-10-27T20:59:15
8.59742	-53.07693	0	35	2021-10-27T21:04:15
8.59777	-53.07764	0	35	2021-10-27T21:09:17
8.59808	-53.07843	0	35	2021-10-27T21:14:14
8.59844	-53.07922	0	35	2021-10-27T21:19:15
8.59885	-53.08011	0	35	2021-10-27T21:24:14
8.59929	-53.08100	0	35	2021-10-27T21:29:13
8.59981	-53.08177	0	35	2021-10-27T21:34:13
8.60019	-53.08237	0	35	2021-10-27T21:39:14
8.60066	-53.08307	0	35	2021-10-27T21:44:11
8.60107	-53.08374	0	35	2021-10-27T21:49:13
8.60145	-53.08444	0	35	2021-10-27T21:54:13
8.60188	-53.08517	0	35	2021-10-27T21:59:13
8.60228	-53.08582	0	35	2021-10-27T22:04:11
8.60272	-53.08660	0	35	2021-10-27T22:09:12
8.60319	-53.08720	0	35	2021-10-27T22:14:13
8.60357	-53.08771	0	35	2021-10-27T22:19:13
8.60393	-53.08829	0	35	2021-10-27T22:24:10
8.60427	-53.08887	0	35	2021-10-27T22:29:11
8.60467	-53.08951	0	35	2021-10-27T22:34:24
8.60501	-53.09009	0	35	2021-10-27T22:39:09
8.60523	-53.09073	0	35	2021-10-27T22:44:10
8.60554	-53.09122	0	35	2021-10-27T22:49:11
8.60586	-53.09187	0	35	2021-10-27T22:54:08
8.60612	-53.09247	0	35	2021-10-27T22:59:09
8.60638	-53.09305	0	35	2021-10-27T23:04:10
8.60666	-53.09372	0	35	2021-10-27T23:09:11
8.60696	-53.09433	0	35	2021-10-27T23:14:11
8.60729	-53.09505	0	35	2021-10-27T23:19:11
8.60755	-53.09565	0	35	2021-10-27T23:24:10
8.60776	-53.09625	0	35	2021-10-27T23:29:10
8.60804	-53.09711	0	35	2021-10-27T23:34:26
8.60828	-53.09773	0	35	2021-10-27T23:39:08
8.60854	-53.09842	0	35	2021-10-27T23:44:09
8.60879	-53.09912	0	35	2021-10-27T23:49:06
8.60903	-53.09991	0	35	2021-10-27T23:54:04
8.60924	-53.10062	0	35	2021-10-27T23:59:07
8.60950	-53.10131	0	35	2021-10-28T00:04:08
8.60976	-53.10208	0	35	2021-10-28T00:09:09
8.60999	-53.10278	0	35	2021-10-28T00:14:07
8.61051	-53.10410	0	35	2021-10-28T00:24:08
8.61077	-53.10477	0	35	2021-10-28T00:29:08
8.61112	-53.10547	0	35	2021-10-28T00:34:26
8.61140	-53.10608	0	35	2021-10-28T00:39:07
8.61172	-53.10669	0	35	2021-10-28T00:44:07
8.61192	-53.10721	0	35	2021-10-28T00:49:08
8.61219	-53.10788	0	35	2021-10-28T00:54:08
8.61239	-53.10840	0	35	2021-10-28T00:59:09
8.61257	-53.10889	0	35	2021-10-28T01:04:10
8.61270	-53.10941	0	35	2021-10-28T01:09:07
8.61281	-53.10989	0	35	2021-10-28T01:14:06
8.61290	-53.11047	0	35	2021-10-28T01:19:05
8.61299	-53.11099	0	35	2021-10-28T01:24:03
8.61309	-53.11148	0	35	2021-10-28T01:29:04
8.61318	-53.11209	0	35	2021-10-28T01:34:26
8.61337	-53.11264	0	35	2021-10-28T01:39:04
8.61363	-53.11329	0	35	2021-10-28T01:44:05
8.61379	-53.11380	0	35	2021-10-28T01:49:04
8.61403	-53.11444	0	35	2021-10-28T01:54:04
8.61421	-53.11508	0	35	2021-10-28T01:59:06
8.61443	-53.11560	0	35	2021-10-28T02:04:05
8.61463	-53.11615	0	35	2021-10-28T02:09:06
8.61482	-53.11670	0	35	2021-10-28T02:14:08
8.61501	-53.11728	0	35	2021-10-28T02:19:22
8.61520	-53.11783	0	35	2021-10-28T02:24:21
8.61539	-53.11829	0	35	2021-10-28T02:29:24
8.61571	-53.11877	0	35	2021-10-28T02:34:37
8.61600	-53.11923	0	35	2021-10-28T02:39:08
8.61637	-53.11978	0	35	2021-10-28T02:44:05
8.61668	-53.12027	0	35	2021-10-28T02:49:06
8.61696	-53.12079	0	35	2021-10-28T02:54:04
8.61734	-53.12119	0	35	2021-10-28T02:59:06
8.61769	-53.12161	0	35	2021-10-28T03:04:04
8.61799	-53.12210	0	35	2021-10-28T03:09:05
8.61828	-53.12259	0	35	2021-10-28T03:14:05
8.61856	-53.12304	0	35	2021-10-28T03:19:06
8.61890	-53.12347	0	35	2021-10-28T03:24:05
8.61919	-53.12399	0	35	2021-10-28T03:29:08
8.61950	-53.12451	0	35	2021-10-28T03:34:26
8.61979	-53.12500	0	35	2021-10-28T03:39:07
8.62016	-53.12552	0	35	2021-10-28T03:44:07
8.62049	-53.12604	0	35	2021-10-28T03:49:08
8.62097	-53.12657	0	35	2021-10-28T03:54:09
8.62124	-53.12708	0	35	2021-10-28T03:59:07
8.62157	-53.12759	0	35	2021-10-28T04:04:10
8.62195	-53.12811	0	35	2021-10-28T04:09:11
8.62233	-53.12857	0	35	2021-10-28T04:14:09
8.62270	-53.12906	0	35	2021-10-28T04:19:09
8.62308	-53.12949	0	35	2021-10-28T04:24:10
8.62353	-53.12988	0	35	2021-10-28T04:29:08
8.62398	-53.13015	0	35	2021-10-28T04:34:12
8.62449	-53.13049	0	35	2021-10-28T04:39:12
8.62506	-53.13095	0	35	2021-10-28T04:44:10
8.62559	-53.13138	0	35	2021-10-28T04:49:07
8.62611	-53.13177	0	35	2021-10-28T04:54:05
8.62664	-53.13217	0	35	2021-10-28T04:59:05
8.62710	-53.13260	0	35	2021-10-28T05:04:02
8.62768	-53.13300	0	35	2021-10-28T05:09:04
8.62818	-53.13339	0	35	2021-10-28T05:14:02
8.62880	-53.13379	0	35	2021-10-28T05:19:03
8.62937	-53.13419	0	35	2021-10-28T05:24:04
8.62996	-53.13455	0	35	2021-10-28T05:29:01
8.63063	-53.13498	0	35	2021-10-28T05:34:26
8.63120	-53.13531	0	35	2021-10-28T05:39:00
8.63184	-53.13571	0	35	2021-10-28T05:43:58
8.63252	-53.13605	0	35	2021-10-28T05:48:58
8.63316	-53.13635	0	35	2021-10-28T05:53:55
8.63374	-53.13672	0	35	2021-10-28T05:58:57
8.63446	-53.13710	0	35	2021-10-28T06:03:57
8.63514	-53.13736	0	35	2021-10-28T06:08:57
8.63574	-53.13773	0	35	2021-10-28T06:13:57
8.63632	-53.13812	0	35	2021-10-28T06:18:56
8.63693	-53.13846	0	35	2021-10-28T06:23:55
8.63757	-53.13879	0	35	2021-10-28T06:28:57
8.63827	-53.13916	0	35	2021-10-28T06:34:25
8.63887	-53.13947	0	35	2021-10-28T06:38:56
8.63958	-53.13986	0	35	2021-10-28T06:43:57
8.64021	-53.14020	0	35	2021-10-28T06:48:57
8.64085	-53.14050	0	35	2021-10-28T06:53:56
8.64157	-53.14090	0	35	2021-10-28T06:58:58
8.64223	-53.14127	0	35	2021-10-28T07:03:59
8.64289	-53.14163	0	35	2021-10-28T07:08:57
8.64347	-53.14206	0	35	2021-10-28T07:14:00
8.64405	-53.14243	0	35	2021-10-28T07:18:58
8.64465	-53.14282	0	35	2021-10-28T07:23:59
8.64523	-53.14328	0	35	2021-10-28T07:28:59
8.64578	-53.14374	0	35	2021-10-28T07:34:27
8.64636	-53.14417	0	35	2021-10-28T07:38:56
8.64696	-53.14459	0	35	2021-10-28T07:43:58
8.64747	-53.14514	0	35	2021-10-28T07:48:59
8.64748	-53.14517	0	35	2021-10-28T07:49:00
8.64804	-53.14560	0	35	2021-10-28T07:53:57
8.64869	-53.14603	0	35	2021-10-28T07:59:01
8.64869	-53.14608	0	35	2021-10-28T07:59:01
8.64929	-53.14642	0	35	2021-10-28T08:04:02
8.64935	-53.14654	0	35	2021-10-28T08:04:02
8.64986	-53.14697	0	35	2021-10-28T08:09:03
8.64982	-53.14691	0	35	2021-10-28T08:09:03
8.65037	-53.14740	0	35	2021-10-28T08:14:03
8.65081	-53.14792	0	35	2021-10-28T08:19:04
8.65130	-53.14835	0	35	2021-10-28T08:24:04
8.65132	-53.14835	0	35	2021-10-28T08:24:05
8.65175	-53.14886	0	35	2021-10-28T08:29:06
8.65227	-53.14938	0	35	2021-10-28T08:34:26
8.65273	-53.14987	0	35	2021-10-28T08:39:07
8.65326	-53.15030	0	35	2021-10-28T08:44:05
8.65372	-53.15082	0	35	2021-10-28T08:49:06
8.65422	-53.15125	0	35	2021-10-28T08:54:06
8.65479	-53.15170	0	35	2021-10-28T08:59:08
8.65532	-53.15216	0	35	2021-10-28T09:04:12
8.65588	-53.15259	0	35	2021-10-28T09:09:12
8.65633	-53.15305	0	35	2021-10-28T09:14:11
8.65682	-53.15347	0	35	2021-10-28T09:19:15
8.65728	-53.15393	0	35	2021-10-28T09:24:18
8.65771	-53.15439	0	35	2021-10-28T09:29:16
8.65823	-53.15484	0	35	2021-10-28T09:34:17
8.65858	-53.15518	0	35	2021-10-28T09:39:17
8.65898	-53.15561	0	35	2021-10-28T09:44:15
8.65939	-53.15607	0	35	2021-10-28T09:49:13
8.65984	-53.15652	0	35	2021-10-28T09:54:17
8.66027	-53.15686	0	35	2021-10-28T09:59:18
8.66072	-53.15729	0	35	2021-10-28T10:04:15
8.66112	-53.15771	0	35	2021-10-28T10:09:14
8.66155	-53.15826	0	35	2021-10-28T10:14:13
8.66194	-53.15857	0	35	2021-10-28T10:19:16
8.66233	-53.15903	0	35	2021-10-28T10:24:14
8.66278	-53.15942	0	35	2021-10-28T10:29:15
8.66333	-53.15995	0	35	2021-10-28T10:34:12
8.66397	-53.16055	0	35	2021-10-28T10:39:12
8.66442	-53.16095	0	35	2021-10-28T10:44:13
8.66477	-53.16135	0	35	2021-10-28T10:49:11
8.66527	-53.16183	0	35	2021-10-28T10:54:12
8.66536	-53.16214	0	35	2021-10-28T10:59:09
8.66580	-53.16257	0	35	2021-10-28T11:04:10
8.66611	-53.16302	0	35	2021-10-28T11:09:09
8.66639	-53.16345	0	35	2021-10-28T11:14:10
8.66676	-53.16388	0	35	2021-10-28T11:19:11
8.66727	-53.16452	0	35	2021-10-28T11:24:09
8.66757	-53.16498	0	35	2021-10-28T11:29:06
8.66813	-53.16553	0	35	2021-10-28T11:34:42
8.66846	-53.16599	0	35	2021-10-28T11:39:23
8.66881	-53.16650	0	35	2021-10-28T11:44:21
8.66911	-53.16693	0	35	2021-10-28T11:49:21
8.66938	-53.16739	0	35	2021-10-28T11:54:23
8.66968	-53.16785	0	35	2021-10-28T11:59:11
8.66999	-53.16838	0	35	2021-10-28T12:04:12
8.67015	-53.16889	0	35	2021-10-28T12:09:12
8.67042	-53.16940	0	35	2021-10-28T12:14:11
8.67070	-53.16989	0	35	2021-10-28T12:19:10
8.67094	-53.17035	0	35	2021-10-28T12:24:08
8.67116	-53.17078	0	35	2021-10-28T12:29:08
8.67127	-53.17133	0	35	2021-10-28T12:34:25
8.67137	-53.17172	0	35	2021-10-28T12:39:03
8.67190	-53.17250	0	35	2021-10-28T12:44:07
8.67202	-53.17276	0	35	2021-10-28T12:49:07
8.67198	-53.17288	0	35	2021-10-28T12:54:05
8.67248	-53.17355	0	35	2021-10-28T12:59:05
8.67259	-53.17386	0	35	2021-10-28T13:04:07
8.67247	-53.17395	0	35	2021-10-28T13:09:07
8.67273	-53.17432	0	35	2021-10-28T13:14:12
8.67282	-53.17462	0	35	2021-10-28T13:19:10
8.67299	-53.17499	0	35	2021-10-28T13:24:10
8.67323	-53.17538	0	35	2021-10-28T13:29:08
8.67362	-53.17554	0	35	2021-10-28T13:34:27
8.67380	-53.17590	0	35	2021-10-28T13:39:10
8.67390	-53.17618	0	35	2021-10-28T13:44:13
8.67412	-53.17661	0	35	2021-10-28T13:49:11
8.67431	-53.17703	0	35	2021-10-28T13:54:11
8.67448	-53.17740	0	35	2021-10-28T13:59:11
8.67464	-53.17776	0	35	2021-10-28T14:04:09
8.67492	-53.17825	0	35	2021-10-28T14:09:06
8.67511	-53.17868	0	35	2021-10-28T14:14:07
8.67538	-53.17911	0	35	2021-10-28T14:19:08
8.67562	-53.17950	0	35	2021-10-28T14:24:05
8.67578	-53.17993	0	35	2021-10-28T14:29:07
8.67629	-53.18042	0	35	2021-10-28T14:34:42
8.67652	-53.18088	0	35	2021-10-28T14:39:19
8.67699	-53.18192	0	35	2021-10-28T14:49:21
8.67726	-53.18246	0	35	2021-10-28T14:54:23
8.67754	-53.18298	0	35	2021-10-28T14:59:23
8.67768	-53.18369	0	35	2021-10-28T15:04:26
8.67789	-53.18411	0	35	2021-10-28T15:09:14
8.67815	-53.18448	0	35	2021-10-28T15:14:14
8.67841	-53.18488	0	35	2021-10-28T15:19:18
8.67867	-53.18539	0	35	2021-10-28T15:24:16
8.67896	-53.18567	0	35	2021-10-28T15:29:19
8.67933	-53.18618	0	35	2021-10-28T15:34:16
8.67950	-53.18661	0	35	2021-10-28T15:39:15
8.67979	-53.18707	0	35	2021-10-28T15:44:15
8.68014	-53.18750	0	35	2021-10-28T15:49:17
8.68047	-53.18801	0	35	2021-10-28T15:54:16
8.68077	-53.18844	0	35	2021-10-28T15:59:16
8.68111	-53.18887	0	35	2021-10-28T16:04:15
8.68141	-53.18939	0	35	2021-10-28T16:09:18
8.68174	-53.18982	0	35	2021-10-28T16:14:16
8.68201	-53.19028	0	35	2021-10-28T16:19:17
8.68237	-53.19086	0	35	2021-10-28T16:24:18
8.68280	-53.19135	0	35	2021-10-28T16:29:16
8.68326	-53.19202	0	35	2021-10-28T16:34:16
8.68352	-53.19253	0	35	2021-10-28T16:39:16
8.68385	-53.19296	0	35	2021-10-28T16:44:16
8.68420	-53.19342	0	35	2021-10-28T16:49:18
8.68457	-53.19394	0	35	2021-10-28T16:54:16
8.68492	-53.19440	0	35	2021-10-28T16:59:17
8.68524	-53.19489	0	35	2021-10-28T17:04:14
8.68562	-53.19525	0	35	2021-10-28T17:09:15
8.68589	-53.19574	0	35	2021-10-28T17:14:12
8.68594	-53.19614	0	35	2021-10-28T17:19:15
8.68575	-53.19644	0	35	2021-10-28T17:24:12
8.68558	-53.19684	0	35	2021-10-28T17:29:13
8.68530	-53.19725	0	35	2021-10-28T17:34:12
8.68509	-53.19742	0	35	2021-10-28T17:39:12
8.68487	-53.19772	0	35	2021-10-28T17:44:11
8.68468	-53.19797	0	35	2021-10-28T17:49:12
8.68441	-53.19833	0	35	2021-10-28T17:54:10
8.68425	-53.19867	0	35	2021-10-28T17:59:11
8.68404	-53.19897	0	35	2021-10-28T18:04:09
8.68383	-53.19925	0	35	2021-10-28T18:09:13
8.68364	-53.19949	0	35	2021-10-28T18:14:11
8.68340	-53.19971	0	35	2021-10-28T18:19:14
8.68319	-53.19993	0	35	2021-10-28T18:24:16
8.68307	-53.20010	0	35	2021-10-28T18:29:16
8.68291	-53.20032	0	35	2021-10-28T18:34:40
8.68282	-53.20059	0	35	2021-10-28T18:39:18
8.68268	-53.20101	0	35	2021-10-28T18:44:19
8.68263	-53.20111	0	35	2021-10-28T18:49:20
8.68256	-53.20135	0	35	2021-10-28T18:54:18
8.68255	-53.20151	0	35	2021-10-28T18:59:18
8.68220	-53.20178	0	35	2021-10-28T19:04:19
8.68201	-53.20200	0	35	2021-10-28T19:09:19
8.68188	-53.20209	0	35	2021-10-28T19:14:20
8.68169	-53.20230	0	35	2021-10-28T19:19:17
8.68157	-53.20262	0	35	2021-10-28T19:24:54
8.68148	-53.20288	0	35	2021-10-28T19:29:54
8.68122	-53.20322	0	35	2021-10-28T19:34:54
8.68094	-53.20355	0	35	2021-10-28T19:39:20
8.68066	-53.20389	0	35	2021-10-28T19:44:20
8.68024	-53.20422	0	35	2021-10-28T19:49:22
8.67991	-53.20456	0	35	2021-10-28T19:54:23
8.67948	-53.20483	0	35	2021-10-28T19:59:21
8.67906	-53.20508	0	35	2021-10-28T20:04:25
8.67864	-53.20532	0	35	2021-10-28T20:09:23
8.67822	-53.20554	0	35	2021-10-28T20:14:22
8.67778	-53.20581	0	35	2021-10-28T20:19:24
8.67739	-53.20598	0	35	2021-10-28T20:24:24
8.67704	-53.20615	0	35	2021-10-28T20:29:24
8.67669	-53.20612	0	35	2021-10-28T20:34:56
8.67642	-53.20618	0	35	2021-10-28T20:39:24
8.67611	-53.20633	0	35	2021-10-28T20:44:23
8.67582	-53.20667	0	35	2021-10-28T20:49:25
8.67554	-53.20700	0	35	2021-10-28T20:54:23
8.67520	-53.20734	0	35	2021-10-28T20:59:23
8.67484	-53.20764	0	35	2021-10-28T21:04:24
8.67462	-53.20807	0	35	2021-10-28T21:09:23
8.67430	-53.20834	0	35	2021-10-28T21:14:21
8.67403	-53.20888	0	35	2021-10-28T21:19:21
8.67364	-53.20914	0	35	2021-10-28T21:24:20
8.67334	-53.20935	0	35	2021-10-28T21:29:21
8.67301	-53.20947	0	35	2021-10-28T21:35:00
8.67270	-53.20969	0	35	2021-10-28T21:39:22
8.67244	-53.20978	0	35	2021-10-28T21:44:22
8.67210	-53.20990	0	35	2021-10-28T21:49:24
8.67184	-53.21008	0	35	2021-10-28T21:54:21
8.67155	-53.21021	0	35	2021-10-28T21:59:22
8.67123	-53.21036	0	35	2021-10-28T22:04:21
8.67097	-53.21051	0	35	2021-10-28T22:09:20
8.67065	-53.21078	0	35	2021-10-28T22:14:17
8.67043	-53.21095	0	35	2021-10-28T22:19:17
8.67018	-53.21112	0	35	2021-10-28T22:24:17
8.66984	-53.21130	0	35	2021-10-28T22:29:18
8.66944	-53.21147	0	35	2021-10-28T22:34:15
8.66918	-53.21156	0	35	2021-10-28T22:39:14
8.66892	-53.21173	0	35	2021-10-28T22:44:14
8.66860	-53.21191	0	35	2021-10-28T22:49:17
8.66832	-53.21216	0	35	2021-10-28T22:54:18
8.66802	-53.21240	0	35	2021-10-28T22:59:15
8.66774	-53.21262	0	35	2021-10-28T23:04:13
8.66742	-53.21283	0	35	2021-10-28T23:09:14
8.66714	-53.21304	0	35	2021-10-28T23:14:15
8.66680	-53.21326	0	35	2021-10-28T23:19:13
8.66648	-53.21353	0	35	2021-10-28T23:24:12
8.66615	-53.21375	0	35	2021-10-28T23:29:16
8.66583	-53.21393	0	35	2021-10-28T23:34:38
8.66517	-53.21438	0	35	2021-10-28T23:44:13
8.66487	-53.21455	0	35	2021-10-28T23:49:13
8.66456	-53.21472	0	35	2021-10-28T23:54:13
8.66422	-53.21494	0	35	2021-10-28T23:59:14
8.66391	-53.21515	0	35	2021-10-29T00:04:16
8.66365	-53.21536	0	35	2021-10-29T00:09:18
8.66334	-53.21561	0	35	2021-10-29T00:14:17
8.66306	-53.21564	0	35	2021-10-29T00:19:19
8.66240	-53.21629	0	35	2021-10-29T00:29:32
8.66208	-53.21649	0	35	2021-10-29T00:35:11
8.66180	-53.21664	0	35	2021-10-29T00:39:32
8.66151	-53.21686	0	35	2021-10-29T00:44:30
8.66128	-53.21710	0	35	2021-10-29T00:49:31
8.66099	-53.21732	0	35	2021-10-29T00:54:28
8.66081	-53.21753	0	35	2021-10-29T00:59:30
8.66285	-53.21649	0	35	2021-10-29T01:04:17
8.65992	-53.21803	0	35	2021-10-29T01:09:16
8.65963	-53.21820	0	35	2021-10-29T01:14:17
8.65920	-53.21844	0	35	2021-10-29T01:19:14
8.65905	-53.21576	0	35	2021-10-29T01:24:25
8.65851	-53.21866	0	35	2021-10-29T01:29:42
8.65808	-53.21875	0	35	2021-10-29T01:34:42
8.65771	-53.21899	0	35	2021-10-29T01:40:04
8.65734	-53.21912	0	35	2021-10-29T01:44:09
8.65687	-53.21927	0	35	2021-10-29T01:49:38
8.65648	-53.21948	0	35	2021-10-29T01:54:24
8.65621	-53.21957	0	35	2021-10-29T01:59:11
8.65582	-53.21976	0	35	2021-10-29T02:04:10
8.65553	-53.22009	0	35	2021-10-29T02:09:11
8.65541	-53.21985	0	35	2021-10-29T02:14:10
8.65482	-53.22040	0	35	2021-10-29T02:19:11
8.65490	-53.22055	0	35	2021-10-29T02:24:12
8.65372	-53.22061	0	35	2021-10-29T02:29:10
8.65403	-53.22101	0	35	2021-10-29T02:34:26
8.65296	-53.22101	0	35	2021-10-29T02:39:08
8.65354	-53.22345	0	35	2021-10-29T02:44:09
8.65340	-53.22186	0	35	2021-10-29T02:49:08
8.65250	-53.22165	0	35	2021-10-29T02:54:09
8.65318	-53.22306	0	35	2021-10-29T02:59:19
8.65368	-53.22452	0	35	2021-10-29T03:04:19
8.65122	-53.22244	0	35	2021-10-29T03:09:17
8.65057	-53.22250	0	35	2021-10-29T03:14:17
8.65005	-53.22260	0	35	2021-10-29T03:19:17
8.64959	-53.22272	0	35	2021-10-29T03:24:14
8.64907	-53.22278	0	35	2021-10-29T03:29:13
8.64851	-53.22287	0	35	2021-10-29T03:34:41
8.64812	-53.22302	0	35	2021-10-29T03:39:11
8.64761	-53.22308	0	35	2021-10-29T03:44:10
8.64716	-53.22327	0	35	2021-10-29T03:49:11
