/* DATA DESCRIPTION:
Citation:	Horstmann, Jochen; Carrasco, Ruben; Calil, Paulo H R; Iudicone, Daniele; Pesant, Stephane; Erta, J M (2022): Track of Lagrangian drifter 62 during the Mission Microbiomes with the RV Tara along the eastern coast of Brazil [dataset]. PANGAEA, https://doi.org/10.1594/PANGAEA.948242, 
	In: Horstmann, J et al. (2022): Drifter position data from the eastern coast of Brazil during the project Mission Microbiomes with the RV Tara [dataset publication series]. PANGAEA, https://doi.org/10.1594/PANGAEA.948261
Project(s):	Atlantic ECOsystems assessment, forecasting & sustainability (AtlantECO) (URI: https://doi.org/10.3030/862923)
	Fondation Tara Expeditions (FondTara) (URI: https://fondationtaraocean.org/en/home/)
	Mission Microbiomes (MM2020) (URI: https://fondationtaraocean.org/expedition/mission-microbiomes/)
Funding:	Horizon 2020 of the European Commission (H2020) (URI: https://research-and-innovation.ec.europa.eu/funding/funding-opportunities/funding-programmes-and-open-calls/horizon-2020_en), grant/award no. 862923: Atlantic ECOsystems assessment, forecasting & sustainability (URI: https://doi.org/10.3030/862923)
Coverage:	MEDIAN LATITUDE: 12.840497 * MEDIAN LONGITUDE: -56.977692 * SOUTH-BOUND LATITUDE: 12.521220 * WEST-BOUND LONGITUDE: -59.502870 * NORTH-BOUND LATITUDE: 13.094280 * EAST-BOUND LONGITUDE: -53.981020
	DATE/TIME START: 2021-08-24T11:00:15 * DATE/TIME END: 2021-10-03T21:21:21
	MINIMUM DEPTH, water: 0 m * MAXIMUM DEPTH, water: 0 m
Event(s):	TARA_Microbiomes_DRIFT-62 * LATITUDE START: 12.524390 * LONGITUDE START: -53.981020 * LATITUDE END: 13.054300 * LONGITUDE END: -59.502840 * DATE/TIME START: 2021-08-24T11:00:15 * DATE/TIME END: 2021-10-03T21:21:21 * LOCATION: Eastern Brazilian coast * CAMPAIGN: MM20210824_LEG-05_035-040_Martin * BASIS: SV Tara (URI: https://en.wikipedia.org/wiki/Tara_expedition) * METHOD/DEVICE: Drifter (DRIFT)
Parameter(s):	LATITUDE (Latitude) * GEOCODE * PI: Horstmann, Jochen (https://orcid.org/0000-0002-7979-5736, jochen.horstmann@hereon.de, https://www.hzg.de/institutes_platforms/coastal_research/operational_systems/radar_hydrography/staff/046556/index.php.en) * METHOD/DEVICE: GPS receiver mounted on Lagrangian drifter
	LONGITUDE (Longitude) * GEOCODE * PI: Horstmann, Jochen (https://orcid.org/0000-0002-7979-5736, jochen.horstmann@hereon.de, https://www.hzg.de/institutes_platforms/coastal_research/operational_systems/radar_hydrography/staff/046556/index.php.en) * METHOD/DEVICE: GPS receiver mounted on Lagrangian drifter
	DEPTH, water [m] (Depth water) * GEOCODE * PI: Horstmann, Jochen (https://orcid.org/0000-0002-7979-5736, jochen.horstmann@hereon.de, https://www.hzg.de/institutes_platforms/coastal_research/operational_systems/radar_hydrography/staff/046556/index.php.en)
	Identification (ID) * PI: Horstmann, Jochen (https://orcid.org/0000-0002-7979-5736, jochen.horstmann@hereon.de, https://www.hzg.de/institutes_platforms/coastal_research/operational_systems/radar_hydrography/staff/046556/index.php.en) * COMMENT: DrifterID
	DATE/TIME (Date/Time) * GEOCODE * PI: Horstmann, Jochen (https://orcid.org/0000-0002-7979-5736, jochen.horstmann@hereon.de, https://www.hzg.de/institutes_platforms/coastal_research/operational_systems/radar_hydrography/staff/046556/index.php.en) * COMMENT: UTC
License:	Creative Commons Attribution 4.0 International (CC-BY-4.0) (URI: https://creativecommons.org/licenses/by/4.0/)
Status:	Curation Level: Enhanced curation (URI: https://wiki.pangaea.de/wiki/Curation_levels)
Size:	7180 data points
*/
Latitude	Longitude	Depth water [m]	ID	Date/Time
12.52439	-53.98102	0	62	2021-08-24T11:00:15
12.52458	-53.98166	0	62	2021-08-24T11:05:16
12.52474	-53.98230	0	62	2021-08-24T11:10:16
12.52491	-53.98300	0	62	2021-08-24T11:15:17
12.52506	-53.98367	0	62	2021-08-24T11:20:18
12.52530	-53.98462	0	62	2021-08-24T11:25:14
12.52592	-53.98597	0	62	2021-08-24T11:30:19
12.52596	-53.98657	0	62	2021-08-24T11:35:20
12.52637	-53.98770	0	62	2021-08-24T11:40:14
12.52664	-53.98880	0	62	2021-08-24T11:45:17
12.52691	-53.98989	0	62	2021-08-24T11:50:19
12.52747	-53.99118	0	62	2021-08-24T11:55:19
12.52804	-53.99213	0	62	2021-08-24T12:01:04
12.52847	-53.99222	0	62	2021-08-24T12:05:11
12.52906	-53.99238	0	62	2021-08-24T12:10:12
12.52966	-53.99255	0	62	2021-08-24T12:15:12
12.53021	-53.99268	0	62	2021-08-24T12:20:11
12.53085	-53.99283	0	62	2021-08-24T12:25:12
12.53157	-53.99307	0	62	2021-08-24T12:30:38
12.53216	-53.99329	0	62	2021-08-24T12:35:12
12.53278	-53.99353	0	62	2021-08-24T12:40:11
12.53334	-53.99380	0	62	2021-08-24T12:45:12
12.53389	-53.99408	0	62	2021-08-24T12:50:13
12.53440	-53.99434	0	62	2021-08-24T12:55:12
12.53491	-53.99460	0	62	2021-08-24T13:00:12
12.53540	-53.99484	0	62	2021-08-24T13:05:11
12.53596	-53.99509	0	62	2021-08-24T13:10:13
12.53652	-53.99539	0	62	2021-08-24T13:15:11
12.53707	-53.99564	0	62	2021-08-24T13:20:14
12.53763	-53.99588	0	62	2021-08-24T13:25:12
12.53820	-53.99609	0	62	2021-08-24T13:30:39
12.53863	-53.99631	0	62	2021-08-24T13:35:14
12.53907	-53.99652	0	62	2021-08-24T13:40:17
12.53940	-53.99667	0	62	2021-08-24T13:45:14
12.53972	-53.99686	0	62	2021-08-24T13:50:15
12.54004	-53.99704	0	62	2021-08-24T13:55:10
12.54049	-53.99719	0	62	2021-08-24T14:00:14
12.54096	-53.99741	0	62	2021-08-24T14:05:11
12.54141	-53.99768	0	62	2021-08-24T14:10:08
12.54184	-53.99799	0	62	2021-08-24T14:15:09
12.54223	-53.99826	0	62	2021-08-24T14:20:10
12.54262	-53.99857	0	62	2021-08-24T14:25:08
12.54305	-53.99893	0	62	2021-08-24T14:30:24
12.54345	-53.99921	0	62	2021-08-24T14:35:09
12.54389	-53.99954	0	62	2021-08-24T14:40:10
12.54439	-53.99994	0	62	2021-08-24T14:45:09
12.54483	-54.00037	0	62	2021-08-24T14:50:08
12.54521	-54.00082	0	62	2021-08-24T14:55:09
12.54561	-54.00125	0	62	2021-08-24T15:00:08
12.54600	-54.00159	0	62	2021-08-24T15:05:07
12.54638	-54.00186	0	62	2021-08-24T15:10:04
12.54676	-54.00217	0	62	2021-08-24T15:15:05
12.54714	-54.00241	0	62	2021-08-24T15:20:02
12.54753	-54.00266	0	62	2021-08-24T15:25:01
12.54807	-54.00284	0	62	2021-08-24T15:30:26
12.54847	-54.00296	0	62	2021-08-24T15:35:00
12.54892	-54.00309	0	62	2021-08-24T15:39:59
12.54926	-54.00318	0	62	2021-08-24T15:44:58
12.54965	-54.00327	0	62	2021-08-24T15:49:58
12.55003	-54.00327	0	62	2021-08-24T15:54:59
12.55040	-54.00320	0	62	2021-08-24T15:59:59
12.55081	-54.00317	0	62	2021-08-24T16:05:01
12.55118	-54.00323	0	62	2021-08-24T16:09:59
12.55157	-54.00327	0	62	2021-08-24T16:15:00
12.55192	-54.00342	0	62	2021-08-24T16:19:59
12.55232	-54.00354	0	62	2021-08-24T16:25:31
12.55275	-54.00363	0	62	2021-08-24T16:30:31
12.55308	-54.00366	0	62	2021-08-24T16:34:59
12.55340	-54.00375	0	62	2021-08-24T16:40:02
12.55376	-54.00391	0	62	2021-08-24T16:45:00
12.55411	-54.00406	0	62	2021-08-24T16:50:04
12.55444	-54.00421	0	62	2021-08-24T16:55:02
12.55469	-54.00433	0	62	2021-08-24T17:00:02
12.55492	-54.00439	0	62	2021-08-24T17:05:03
12.55515	-54.00455	0	62	2021-08-24T17:10:04
12.55532	-54.00464	0	62	2021-08-24T17:15:04
12.55555	-54.00476	0	62	2021-08-24T17:20:05
12.55579	-54.00494	0	62	2021-08-24T17:25:03
12.55608	-54.00513	0	62	2021-08-24T17:30:28
12.55633	-54.00525	0	62	2021-08-24T17:35:00
12.55660	-54.00537	0	62	2021-08-24T17:40:02
12.55682	-54.00543	0	62	2021-08-24T17:45:03
12.55702	-54.00537	0	62	2021-08-24T17:50:00
12.55714	-54.00537	0	62	2021-08-24T17:55:03
12.55728	-54.00537	0	62	2021-08-24T18:00:01
12.55741	-54.00546	0	62	2021-08-24T18:05:02
12.55743	-54.00558	0	62	2021-08-24T18:10:03
12.55744	-54.00568	0	62	2021-08-24T18:15:00
12.55742	-54.00580	0	62	2021-08-24T18:20:01
12.55743	-54.00580	0	62	2021-08-24T18:24:58
12.55754	-54.00592	0	62	2021-08-24T18:34:58
12.55757	-54.00586	0	62	2021-08-24T18:40:00
12.55762	-54.00592	0	62	2021-08-24T18:44:58
12.55770	-54.00595	0	62	2021-08-24T18:49:59
12.55767	-54.00598	0	62	2021-08-24T18:54:59
12.55767	-54.00592	0	62	2021-08-24T19:00:00
12.55776	-54.00589	0	62	2021-08-24T19:04:58
12.55785	-54.00589	0	62	2021-08-24T19:09:58
12.55789	-54.00598	0	62	2021-08-24T19:14:56
12.55795	-54.00616	0	62	2021-08-24T19:19:56
12.55811	-54.00632	0	62	2021-08-24T19:24:54
12.55820	-54.00641	0	62	2021-08-24T19:30:31
12.55833	-54.00656	0	62	2021-08-24T19:34:54
12.55846	-54.00665	0	62	2021-08-24T19:39:55
12.55855	-54.00671	0	62	2021-08-24T19:44:53
12.55867	-54.00690	0	62	2021-08-24T19:49:53
12.55871	-54.00708	0	62	2021-08-24T19:54:54
12.55875	-54.00739	0	62	2021-08-24T19:59:55
12.55885	-54.00766	0	62	2021-08-24T20:04:56
12.55892	-54.00787	0	62	2021-08-24T20:09:56
12.55896	-54.00812	0	62	2021-08-24T20:14:58
12.55898	-54.00830	0	62	2021-08-24T20:19:59
12.55897	-54.00858	0	62	2021-08-24T20:24:59
12.55906	-54.00885	0	62	2021-08-24T20:30:27
12.55913	-54.00906	0	62	2021-08-24T20:35:00
12.55914	-54.00940	0	62	2021-08-24T20:40:02
12.55911	-54.00964	0	62	2021-08-24T20:44:59
12.55909	-54.00989	0	62	2021-08-24T20:50:00
12.55907	-54.01016	0	62	2021-08-24T20:55:01
12.55902	-54.01047	0	62	2021-08-24T21:00:00
12.55904	-54.01077	0	62	2021-08-24T21:05:02
12.55910	-54.01120	0	62	2021-08-24T21:10:00
12.55922	-54.01160	0	62	2021-08-24T21:15:01
12.55927	-54.01199	0	62	2021-08-24T21:20:01
12.55936	-54.01231	0	62	2021-08-24T21:25:25
12.55936	-54.01257	0	62	2021-08-24T21:30:25
12.55940	-54.01276	0	62	2021-08-24T21:34:55
12.55954	-54.01300	0	62	2021-08-24T21:39:54
12.55970	-54.01315	0	62	2021-08-24T21:44:54
12.55984	-54.01343	0	62	2021-08-24T21:49:55
12.56003	-54.01367	0	62	2021-08-24T21:54:55
12.56025	-54.01399	0	62	2021-08-24T21:59:56
12.56051	-54.01416	0	62	2021-08-24T22:04:56
12.56078	-54.01422	0	62	2021-08-24T22:09:57
12.56104	-54.01431	0	62	2021-08-24T22:14:56
12.56131	-54.01440	0	62	2021-08-24T22:19:58
12.56154	-54.01447	0	62	2021-08-24T22:24:56
12.56177	-54.01440	0	62	2021-08-24T22:30:28
12.56196	-54.01447	0	62	2021-08-24T22:34:57
12.56222	-54.01447	0	62	2021-08-24T22:39:56
12.56253	-54.01459	0	62	2021-08-24T22:44:55
12.56287	-54.01471	0	62	2021-08-24T22:49:56
12.56323	-54.01486	0	62	2021-08-24T22:54:54
12.56352	-54.01498	0	62	2021-08-24T22:59:52
12.56386	-54.01514	0	62	2021-08-24T23:04:53
12.56417	-54.01520	0	62	2021-08-24T23:09:56
12.56441	-54.01523	0	62	2021-08-24T23:14:54
12.56458	-54.01529	0	62	2021-08-24T23:19:54
12.56480	-54.01535	0	62	2021-08-24T23:24:52
12.56510	-54.01553	0	62	2021-08-24T23:30:27
12.56532	-54.01563	0	62	2021-08-24T23:34:53
12.56556	-54.01578	0	62	2021-08-24T23:39:54
12.56581	-54.01587	0	62	2021-08-24T23:44:52
12.56604	-54.01605	0	62	2021-08-24T23:49:53
12.56629	-54.01615	0	62	2021-08-24T23:54:54
12.56650	-54.01624	0	62	2021-08-24T23:59:54
12.56659	-54.01636	0	62	2021-08-25T00:04:57
12.56669	-54.01645	0	62	2021-08-25T00:09:55
12.56673	-54.01666	0	62	2021-08-25T00:14:56
12.56677	-54.01675	0	62	2021-08-25T00:19:56
12.56684	-54.01694	0	62	2021-08-25T00:24:58
12.56695	-54.01727	0	62	2021-08-25T00:30:26
12.56708	-54.01756	0	62	2021-08-25T00:34:52
12.56717	-54.01773	0	62	2021-08-25T00:39:53
12.56732	-54.01797	0	62	2021-08-25T00:44:54
12.56750	-54.01819	0	62	2021-08-25T00:49:55
12.56772	-54.01858	0	62	2021-08-25T00:54:55
12.56785	-54.01892	0	62	2021-08-25T00:59:56
12.56802	-54.01932	0	62	2021-08-25T01:04:54
12.56811	-54.01971	0	62	2021-08-25T01:09:57
12.56814	-54.02020	0	62	2021-08-25T01:14:58
12.56814	-54.02054	0	62	2021-08-25T01:19:58
12.56816	-54.02078	0	62	2021-08-25T01:24:56
12.56818	-54.02112	0	62	2021-08-25T01:30:25
12.56819	-54.02133	0	62	2021-08-25T01:34:55
12.56824	-54.02161	0	62	2021-08-25T01:39:58
12.56823	-54.02197	0	62	2021-08-25T01:44:55
12.56826	-54.02222	0	62	2021-08-25T01:49:56
12.56833	-54.02244	0	62	2021-08-25T01:54:54
12.56833	-54.02261	0	62	2021-08-25T01:59:55
12.56834	-54.02267	0	62	2021-08-25T02:04:52
12.56828	-54.02280	0	62	2021-08-25T02:09:54
12.56817	-54.02289	0	62	2021-08-25T02:14:54
12.56803	-54.02301	0	62	2021-08-25T02:19:55
12.56789	-54.02310	0	62	2021-08-25T02:24:59
12.56772	-54.02319	0	62	2021-08-25T02:30:24
12.56760	-54.02341	0	62	2021-08-25T02:35:00
12.56736	-54.02362	0	62	2021-08-25T02:39:58
12.56715	-54.02386	0	62	2021-08-25T02:44:58
12.56701	-54.02417	0	62	2021-08-25T02:50:00
12.56685	-54.02444	0	62	2021-08-25T02:54:57
12.56665	-54.02508	0	62	2021-08-25T03:04:59
12.56658	-54.02530	0	62	2021-08-25T03:10:00
12.56643	-54.02551	0	62	2021-08-25T03:15:00
12.56621	-54.02567	0	62	2021-08-25T03:20:01
12.56603	-54.02582	0	62	2021-08-25T03:25:04
12.56587	-54.02597	0	62	2021-08-25T03:30:26
12.56575	-54.02621	0	62	2021-08-25T03:35:04
12.56558	-54.02652	0	62	2021-08-25T03:40:04
12.56548	-54.02679	0	62	2021-08-25T03:45:02
12.56539	-54.02704	0	62	2021-08-25T03:50:05
12.56536	-54.02728	0	62	2021-08-25T03:55:07
12.56531	-54.02756	0	62	2021-08-25T04:00:05
12.56525	-54.02786	0	62	2021-08-25T04:05:09
12.56513	-54.02820	0	62	2021-08-25T04:10:06
12.56509	-54.02847	0	62	2021-08-25T04:15:10
12.56508	-54.02884	0	62	2021-08-25T04:20:07
12.56499	-54.02921	0	62	2021-08-25T04:25:09
12.56480	-54.02948	0	62	2021-08-25T04:30:10
12.56463	-54.02982	0	62	2021-08-25T04:35:10
12.56438	-54.03021	0	62	2021-08-25T04:40:10
12.56422	-54.03055	0	62	2021-08-25T04:45:12
12.56407	-54.03088	0	62	2021-08-25T04:50:12
12.56400	-54.03131	0	62	2021-08-25T04:55:12
12.56390	-54.03174	0	62	2021-08-25T05:00:15
12.56382	-54.03210	0	62	2021-08-25T05:05:18
12.56363	-54.03253	0	62	2021-08-25T05:10:17
12.56339	-54.03287	0	62	2021-08-25T05:15:21
12.56309	-54.03317	0	62	2021-08-25T05:20:22
12.56276	-54.03351	0	62	2021-08-25T05:25:21
12.56228	-54.03391	0	62	2021-08-25T05:30:55
12.56196	-54.03427	0	62	2021-08-25T05:35:19
12.56164	-54.03464	0	62	2021-08-25T05:40:21
12.56121	-54.03494	0	62	2021-08-25T05:45:22
12.56079	-54.03528	0	62	2021-08-25T05:50:22
12.56033	-54.03558	0	62	2021-08-25T05:55:24
12.55994	-54.03586	0	62	2021-08-25T06:00:23
12.55960	-54.03619	0	62	2021-08-25T06:05:25
12.55923	-54.03650	0	62	2021-08-25T06:10:22
12.55883	-54.03671	0	62	2021-08-25T06:15:24
12.55850	-54.03702	0	62	2021-08-25T06:20:24
12.55816	-54.03729	0	62	2021-08-25T06:25:25
12.55781	-54.03769	0	62	2021-08-25T06:30:53
12.55750	-54.03802	0	62	2021-08-25T06:35:25
12.55708	-54.03848	0	62	2021-08-25T06:40:24
12.55661	-54.03891	0	62	2021-08-25T06:45:25
12.55609	-54.03946	0	62	2021-08-25T06:50:25
12.55554	-54.04004	0	62	2021-08-25T06:55:23
12.55493	-54.04062	0	62	2021-08-25T07:00:26
12.55433	-54.04112	0	62	2021-08-25T07:05:21
12.55377	-54.04163	0	62	2021-08-25T07:10:21
12.55317	-54.04218	0	62	2021-08-25T07:15:22
12.55251	-54.04282	0	62	2021-08-25T07:20:22
12.55187	-54.04346	0	62	2021-08-25T07:25:23
12.55114	-54.04416	0	62	2021-08-25T07:30:55
12.55067	-54.04471	0	62	2021-08-25T07:35:24
12.55006	-54.04532	0	62	2021-08-25T07:40:26
12.54947	-54.04590	0	62	2021-08-25T07:45:24
12.54884	-54.04648	0	62	2021-08-25T07:50:24
12.54832	-54.04706	0	62	2021-08-25T07:55:25
12.54778	-54.04767	0	62	2021-08-25T08:00:25
12.54728	-54.04840	0	62	2021-08-25T08:05:27
12.54676	-54.04916	0	62	2021-08-25T08:10:26
12.54618	-54.04987	0	62	2021-08-25T08:15:28
12.54566	-54.05057	0	62	2021-08-25T08:20:29
12.54512	-54.05127	0	62	2021-08-25T08:25:27
12.54457	-54.05203	0	62	2021-08-25T08:30:57
12.54421	-54.05264	0	62	2021-08-25T08:35:28
12.54382	-54.05334	0	62	2021-08-25T08:40:28
12.54351	-54.05405	0	62	2021-08-25T08:45:26
12.54309	-54.05472	0	62	2021-08-25T08:50:27
12.54262	-54.05536	0	62	2021-08-25T08:55:24
12.54207	-54.05600	0	62	2021-08-25T09:00:25
12.54159	-54.05661	0	62	2021-08-25T09:05:25
12.54104	-54.05725	0	62	2021-08-25T09:10:26
12.54058	-54.05795	0	62	2021-08-25T09:15:26
12.54012	-54.05872	0	62	2021-08-25T09:20:28
12.53965	-54.05952	0	62	2021-08-25T09:25:55
12.53922	-54.06046	0	62	2021-08-25T09:30:54
12.53898	-54.06125	0	62	2021-08-25T09:35:27
12.53869	-54.06210	0	62	2021-08-25T09:40:27
12.53839	-54.06293	0	62	2021-08-25T09:45:28
12.53810	-54.06369	0	62	2021-08-25T09:50:28
12.53794	-54.06448	0	62	2021-08-25T09:55:30
12.53769	-54.06522	0	62	2021-08-25T10:00:31
12.53739	-54.06603	0	62	2021-08-25T10:05:32
12.53718	-54.06680	0	62	2021-08-25T10:10:33
12.53690	-54.06757	0	62	2021-08-25T10:15:30
12.53672	-54.06836	0	62	2021-08-25T10:20:29
12.53658	-54.06924	0	62	2021-08-25T10:25:31
12.53658	-54.07010	0	62	2021-08-25T10:30:58
12.53642	-54.07074	0	62	2021-08-25T10:35:29
12.53634	-54.07126	0	62	2021-08-25T10:40:31
12.53622	-54.07181	0	62	2021-08-25T10:45:31
12.53609	-54.07239	0	62	2021-08-25T10:50:32
12.53596	-54.07294	0	62	2021-08-25T10:55:35
12.53578	-54.07349	0	62	2021-08-25T11:00:34
12.53561	-54.07401	0	62	2021-08-25T11:05:34
12.53548	-54.07452	0	62	2021-08-25T11:10:34
12.53534	-54.07510	0	62	2021-08-25T11:15:36
12.53508	-54.07559	0	62	2021-08-25T11:20:33
12.53478	-54.07608	0	62	2021-08-25T11:25:34
12.53455	-54.07654	0	62	2021-08-25T11:30:57
12.53413	-54.07728	0	62	2021-08-25T11:35:32
12.53392	-54.07779	0	62	2021-08-25T11:40:33
12.53364	-54.07843	0	62	2021-08-25T11:45:34
12.53333	-54.07907	0	62	2021-08-25T11:50:34
12.53295	-54.07974	0	62	2021-08-25T11:55:32
12.53256	-54.08054	0	62	2021-08-25T12:00:36
12.53215	-54.08121	0	62	2021-08-25T12:05:34
12.53175	-54.08200	0	62	2021-08-25T12:10:38
12.53138	-54.08282	0	62	2021-08-25T12:15:39
12.53108	-54.08368	0	62	2021-08-25T12:20:39
12.53072	-54.08447	0	62	2021-08-25T12:25:37
12.53023	-54.08539	0	62	2021-08-25T12:30:54
12.52986	-54.08633	0	62	2021-08-25T12:35:39
12.52938	-54.08722	0	62	2021-08-25T12:40:39
12.52894	-54.08829	0	62	2021-08-25T12:45:40
12.52851	-54.08932	0	62	2021-08-25T12:50:41
12.52808	-54.09036	0	62	2021-08-25T12:55:39
12.52773	-54.09132	0	62	2021-08-25T13:00:39
12.52739	-54.09244	0	62	2021-08-25T13:05:40
12.52710	-54.09351	0	62	2021-08-25T13:10:40
12.52684	-54.09460	0	62	2021-08-25T13:15:38
12.52657	-54.09564	0	62	2021-08-25T13:20:38
12.52624	-54.09671	0	62	2021-08-25T13:25:39
12.52594	-54.09766	0	62	2021-08-25T13:30:55
12.52575	-54.09869	0	62	2021-08-25T13:35:38
12.52548	-54.09987	0	62	2021-08-25T13:40:41
12.52522	-54.10090	0	62	2021-08-25T13:45:41
12.52501	-54.10193	0	62	2021-08-25T13:50:40
12.52474	-54.10300	0	62	2021-08-25T13:55:41
12.52447	-54.10410	0	62	2021-08-25T14:00:45
12.52419	-54.10526	0	62	2021-08-25T14:05:46
12.52388	-54.10651	0	62	2021-08-25T14:10:46
12.52360	-54.10773	0	62	2021-08-25T14:15:48
12.52301	-54.11026	0	62	2021-08-25T14:25:50
12.52267	-54.11178	0	62	2021-08-25T14:30:50
12.52246	-54.11264	0	62	2021-08-25T14:35:51
12.52215	-54.11380	0	62	2021-08-25T14:40:52
12.52196	-54.11493	0	62	2021-08-25T14:45:53
12.52181	-54.11615	0	62	2021-08-25T14:50:52
12.52170	-54.11731	0	62	2021-08-25T14:55:50
12.52154	-54.11847	0	62	2021-08-25T15:00:52
12.52147	-54.11971	0	62	2021-08-25T15:05:53
12.52147	-54.12083	0	62	2021-08-25T15:10:53
12.52147	-54.12195	0	62	2021-08-25T15:15:53
12.52150	-54.12320	0	62	2021-08-25T15:20:51
12.52156	-54.12448	0	62	2021-08-25T15:25:48
12.52150	-54.12585	0	62	2021-08-25T15:31:27
12.52143	-54.12695	0	62	2021-08-25T15:35:54
12.52142	-54.12823	0	62	2021-08-25T15:40:53
12.52140	-54.12965	0	62	2021-08-25T15:45:54
12.52140	-54.13094	0	62	2021-08-25T15:50:53
12.52140	-54.13223	0	62	2021-08-25T15:55:53
12.52142	-54.13358	0	62	2021-08-25T16:00:53
12.52141	-54.13489	0	62	2021-08-25T16:05:55
12.52140	-54.13629	0	62	2021-08-25T16:10:58
12.52141	-54.13760	0	62	2021-08-25T16:16:00
12.52139	-54.13889	0	62	2021-08-25T16:20:58
12.52129	-54.14017	0	62	2021-08-25T16:25:59
12.52123	-54.14154	0	62	2021-08-25T16:31:25
12.52123	-54.14261	0	62	2021-08-25T16:35:59
12.52122	-54.14374	0	62	2021-08-25T16:41:01
12.52127	-54.14493	0	62	2021-08-25T16:45:58
12.52136	-54.14600	0	62	2021-08-25T16:50:56
12.52149	-54.14709	0	62	2021-08-25T16:55:59
12.52155	-54.14819	0	62	2021-08-25T17:00:57
12.52157	-54.14941	0	62	2021-08-25T17:05:58
12.52162	-54.15051	0	62	2021-08-25T17:10:59
12.52171	-54.15162	0	62	2021-08-25T17:15:58
12.52171	-54.15274	0	62	2021-08-25T17:20:57
12.52180	-54.15383	0	62	2021-08-25T17:26:25
12.52189	-54.15503	0	62	2021-08-25T17:31:25
12.52198	-54.15604	0	62	2021-08-25T17:35:52
12.52202	-54.15707	0	62	2021-08-25T17:40:52
12.52208	-54.15814	0	62	2021-08-25T17:45:53
12.52221	-54.15918	0	62	2021-08-25T17:50:56
12.52240	-54.16025	0	62	2021-08-25T17:55:54
12.52261	-54.16132	0	62	2021-08-25T18:00:52
12.52281	-54.16239	0	62	2021-08-25T18:05:56
12.52298	-54.16342	0	62	2021-08-25T18:10:56
12.52318	-54.16443	0	62	2021-08-25T18:15:54
12.52344	-54.16544	0	62	2021-08-25T18:20:56
12.52368	-54.16632	0	62	2021-08-25T18:25:56
12.52398	-54.16733	0	62	2021-08-25T18:31:26
12.52423	-54.16822	0	62	2021-08-25T18:36:01
12.52440	-54.16916	0	62	2021-08-25T18:41:01
12.52462	-54.17007	0	62	2021-08-25T18:46:00
12.52488	-54.17114	0	62	2021-08-25T18:50:57
12.52507	-54.17218	0	62	2021-08-25T18:55:56
12.52528	-54.17319	0	62	2021-08-25T19:00:54
12.52554	-54.17426	0	62	2021-08-25T19:05:54
12.52572	-54.17529	0	62	2021-08-25T19:10:55
12.52586	-54.17633	0	62	2021-08-25T19:15:54
12.52603	-54.17737	0	62	2021-08-25T19:20:57
12.52622	-54.17853	0	62	2021-08-25T19:25:57
12.52647	-54.17972	0	62	2021-08-25T19:31:26
12.52678	-54.18069	0	62	2021-08-25T19:35:57
12.52712	-54.18164	0	62	2021-08-25T19:40:57
12.52748	-54.18265	0	62	2021-08-25T19:45:59
12.52791	-54.18365	0	62	2021-08-25T19:50:58
12.52841	-54.18466	0	62	2021-08-25T19:55:59
12.52889	-54.18561	0	62	2021-08-25T20:01:00
12.52939	-54.18655	0	62	2021-08-25T20:05:58
12.52995	-54.18750	0	62	2021-08-25T20:10:59
12.53054	-54.18845	0	62	2021-08-25T20:15:58
12.53115	-54.18939	0	62	2021-08-25T20:20:56
12.53182	-54.19037	0	62	2021-08-25T20:25:58
12.53243	-54.19141	0	62	2021-08-25T20:31:25
12.53294	-54.19226	0	62	2021-08-25T20:36:00
12.53352	-54.19315	0	62	2021-08-25T20:41:00
12.53406	-54.19409	0	62	2021-08-25T20:46:03
12.53456	-54.19504	0	62	2021-08-25T20:51:01
12.53514	-54.19601	0	62	2021-08-25T20:56:02
12.53576	-54.19699	0	62	2021-08-25T21:00:59
12.53639	-54.19788	0	62	2021-08-25T21:06:00
12.53705	-54.19873	0	62	2021-08-25T21:11:01
12.53766	-54.19955	0	62	2021-08-25T21:16:01
12.53834	-54.20044	0	62	2021-08-25T21:21:00
12.53895	-54.20126	0	62	2021-08-25T21:26:00
12.53958	-54.20213	0	62	2021-08-25T21:31:04
12.54009	-54.20282	0	62	2021-08-25T21:36:05
12.54065	-54.20361	0	62	2021-08-25T21:41:03
12.54129	-54.20432	0	62	2021-08-25T21:46:04
12.54192	-54.20493	0	62	2021-08-25T21:51:03
12.54250	-54.20557	0	62	2021-08-25T21:56:04
12.54300	-54.20621	0	62	2021-08-25T22:01:06
12.54359	-54.20679	0	62	2021-08-25T22:06:05
12.54421	-54.20728	0	62	2021-08-25T22:11:07
12.54472	-54.20787	0	62	2021-08-25T22:16:04
12.54506	-54.20856	0	62	2021-08-25T22:21:05
12.54537	-54.20926	0	62	2021-08-25T22:26:06
12.54601	-54.21078	0	62	2021-08-25T22:36:05
12.54625	-54.21149	0	62	2021-08-25T22:41:04
12.54647	-54.21216	0	62	2021-08-25T22:46:05
12.54674	-54.21286	0	62	2021-08-25T22:51:07
12.54701	-54.21353	0	62	2021-08-25T22:56:04
12.54728	-54.21426	0	62	2021-08-25T23:01:07
12.54743	-54.21503	0	62	2021-08-25T23:06:05
12.54759	-54.21582	0	62	2021-08-25T23:11:05
12.54767	-54.21658	0	62	2021-08-25T23:16:10
12.54762	-54.21742	0	62	2021-08-25T23:21:08
12.54771	-54.21811	0	62	2021-08-25T23:26:08
12.54774	-54.21878	0	62	2021-08-25T23:31:29
12.54768	-54.21956	0	62	2021-08-25T23:36:11
12.54764	-54.22025	0	62	2021-08-25T23:41:11
12.54768	-54.22083	0	62	2021-08-25T23:46:11
12.54770	-54.22144	0	62	2021-08-25T23:51:12
12.54773	-54.22211	0	62	2021-08-25T23:56:10
12.54792	-54.22290	0	62	2021-08-26T00:01:13
12.54797	-54.22369	0	62	2021-08-26T00:06:12
12.54796	-54.22452	0	62	2021-08-26T00:11:13
12.54805	-54.22528	0	62	2021-08-26T00:16:17
12.54819	-54.22616	0	62	2021-08-26T00:21:19
12.54832	-54.22693	0	62	2021-08-26T00:26:19
12.54845	-54.22794	0	62	2021-08-26T00:31:55
12.54851	-54.22864	0	62	2021-08-26T00:36:19
12.54863	-54.22949	0	62	2021-08-26T00:41:20
12.54873	-54.23041	0	62	2021-08-26T00:46:18
12.54890	-54.23129	0	62	2021-08-26T00:51:19
12.54908	-54.23209	0	62	2021-08-26T00:56:16
12.54917	-54.23291	0	62	2021-08-26T01:01:17
12.54928	-54.23376	0	62	2021-08-26T01:06:15
12.54939	-54.23456	0	62	2021-08-26T01:11:16
12.54947	-54.23541	0	62	2021-08-26T01:16:15
12.54957	-54.23630	0	62	2021-08-26T01:21:17
12.54968	-54.23718	0	62	2021-08-26T01:26:14
12.54985	-54.23810	0	62	2021-08-26T01:31:35
12.55005	-54.23895	0	62	2021-08-26T01:36:16
12.55036	-54.23996	0	62	2021-08-26T01:41:11
12.55068	-54.24088	0	62	2021-08-26T01:46:12
12.55096	-54.24182	0	62	2021-08-26T01:51:10
12.55117	-54.24277	0	62	2021-08-26T01:56:11
12.55137	-54.24368	0	62	2021-08-26T02:01:09
12.55158	-54.24454	0	62	2021-08-26T02:06:09
12.55189	-54.24545	0	62	2021-08-26T02:11:07
12.55217	-54.24634	0	62	2021-08-26T02:16:08
12.55241	-54.24719	0	62	2021-08-26T02:21:09
12.55261	-54.24799	0	62	2021-08-26T02:26:08
12.55288	-54.24887	0	62	2021-08-26T02:31:26
12.55312	-54.24957	0	62	2021-08-26T02:36:07
12.55342	-54.25031	0	62	2021-08-26T02:41:04
12.55376	-54.25107	0	62	2021-08-26T02:46:05
12.55398	-54.25180	0	62	2021-08-26T02:51:08
12.55420	-54.25256	0	62	2021-08-26T02:56:06
12.55435	-54.25320	0	62	2021-08-26T03:01:06
12.55445	-54.25391	0	62	2021-08-26T03:06:08
12.55464	-54.25463	0	62	2021-08-26T03:11:11
12.55472	-54.25516	0	62	2021-08-26T03:16:09
12.55477	-54.25583	0	62	2021-08-26T03:21:10
12.55476	-54.25647	0	62	2021-08-26T03:26:12
12.55477	-54.25729	0	62	2021-08-26T03:31:36
12.55481	-54.25793	0	62	2021-08-26T03:36:13
12.55486	-54.25873	0	62	2021-08-26T03:41:15
12.55495	-54.25955	0	62	2021-08-26T03:46:19
12.55494	-54.26040	0	62	2021-08-26T03:51:20
12.55503	-54.26117	0	62	2021-08-26T03:56:20
12.55507	-54.26202	0	62	2021-08-26T04:01:22
12.55505	-54.26276	0	62	2021-08-26T04:06:22
12.55499	-54.26360	0	62	2021-08-26T04:11:23
12.55490	-54.26429	0	62	2021-08-26T04:16:23
12.55481	-54.26498	0	62	2021-08-26T04:21:23
12.55474	-54.26572	0	62	2021-08-26T04:26:25
12.55474	-54.26666	0	62	2021-08-26T04:31:56
12.55471	-54.26743	0	62	2021-08-26T04:36:24
12.55471	-54.26822	0	62	2021-08-26T04:41:25
12.55471	-54.26898	0	62	2021-08-26T04:46:24
12.55474	-54.26968	0	62	2021-08-26T04:51:25
12.55485	-54.27052	0	62	2021-08-26T04:56:23
12.55476	-54.27130	0	62	2021-08-26T05:01:21
12.55467	-54.27206	0	62	2021-08-26T05:06:23
12.55467	-54.27292	0	62	2021-08-26T05:11:21
12.55469	-54.27393	0	62	2021-08-26T05:16:23
12.55473	-54.27487	0	62	2021-08-26T05:21:23
12.55465	-54.27585	0	62	2021-08-26T05:26:19
12.55473	-54.27686	0	62	2021-08-26T05:31:56
12.55479	-54.27765	0	62	2021-08-26T05:36:23
12.55479	-54.27853	0	62	2021-08-26T05:41:23
12.55478	-54.27945	0	62	2021-08-26T05:46:28
12.55470	-54.28036	0	62	2021-08-26T05:51:28
12.55468	-54.28131	0	62	2021-08-26T05:56:33
12.55463	-54.28238	0	62	2021-08-26T06:01:35
12.55467	-54.28351	0	62	2021-08-26T06:06:36
12.55474	-54.28464	0	62	2021-08-26T06:11:39
12.55478	-54.28580	0	62	2021-08-26T06:16:37
12.55489	-54.28696	0	62	2021-08-26T06:21:37
12.55500	-54.28815	0	62	2021-08-26T06:26:39
12.55510	-54.28946	0	62	2021-08-26T06:32:06
12.55522	-54.29044	0	62	2021-08-26T06:36:40
12.55528	-54.29156	0	62	2021-08-26T06:41:40
12.55535	-54.29263	0	62	2021-08-26T06:46:42
12.55538	-54.29373	0	62	2021-08-26T06:51:43
12.55547	-54.29477	0	62	2021-08-26T06:56:43
12.55560	-54.29588	0	62	2021-08-26T07:01:44
12.55569	-54.29691	0	62	2021-08-26T07:06:44
12.55574	-54.29800	0	62	2021-08-26T07:11:46
12.55575	-54.29916	0	62	2021-08-26T07:16:47
12.55583	-54.30029	0	62	2021-08-26T07:21:44
12.55582	-54.30142	0	62	2021-08-26T07:26:41
12.55584	-54.30280	0	62	2021-08-26T07:31:42
12.55588	-54.30392	0	62	2021-08-26T07:36:42
12.55598	-54.30521	0	62	2021-08-26T07:41:42
12.55618	-54.30649	0	62	2021-08-26T07:46:41
12.55637	-54.30776	0	62	2021-08-26T07:51:45
12.55658	-54.30896	0	62	2021-08-26T07:56:45
12.55670	-54.31012	0	62	2021-08-26T08:01:47
12.55677	-54.31125	0	62	2021-08-26T08:06:48
12.55685	-54.31244	0	62	2021-08-26T08:11:48
12.55698	-54.31351	0	62	2021-08-26T08:16:49
12.55714	-54.31465	0	62	2021-08-26T08:21:50
12.55735	-54.31577	0	62	2021-08-26T08:26:51
12.55758	-54.31708	0	62	2021-08-26T08:32:26
12.55785	-54.31808	0	62	2021-08-26T08:36:52
12.55814	-54.31924	0	62	2021-08-26T08:41:53
12.55851	-54.32034	0	62	2021-08-26T08:46:51
12.55882	-54.32144	0	62	2021-08-26T08:51:52
12.55920	-54.32254	0	62	2021-08-26T08:56:51
12.55954	-54.32367	0	62	2021-08-26T09:01:52
12.55995	-54.32483	0	62	2021-08-26T09:06:50
12.56038	-54.32605	0	62	2021-08-26T09:11:50
12.56081	-54.32717	0	62	2021-08-26T09:16:49
12.56115	-54.32837	0	62	2021-08-26T09:21:49
12.56154	-54.32959	0	62	2021-08-26T09:26:47
12.56198	-54.33085	0	62	2021-08-26T09:31:48
12.56232	-54.33188	0	62	2021-08-26T09:36:48
12.56275	-54.33301	0	62	2021-08-26T09:41:51
12.56326	-54.33411	0	62	2021-08-26T09:46:49
12.56375	-54.33521	0	62	2021-08-26T09:51:50
12.56409	-54.33624	0	62	2021-08-26T09:56:50
12.56441	-54.33737	0	62	2021-08-26T10:01:52
12.56471	-54.33841	0	62	2021-08-26T10:06:50
12.56493	-54.33957	0	62	2021-08-26T10:11:53
12.56526	-54.34064	0	62	2021-08-26T10:16:51
12.56548	-54.34189	0	62	2021-08-26T10:21:54
12.56575	-54.34299	0	62	2021-08-26T10:26:52
12.56595	-54.34445	0	62	2021-08-26T10:32:23
12.56607	-54.34558	0	62	2021-08-26T10:36:51
12.56615	-54.34686	0	62	2021-08-26T10:41:52
12.56617	-54.34814	0	62	2021-08-26T10:46:51
12.56615	-54.34949	0	62	2021-08-26T10:51:53
12.56604	-54.35096	0	62	2021-08-26T10:56:49
12.56604	-54.35242	0	62	2021-08-26T11:01:48
12.56603	-54.35391	0	62	2021-08-26T11:06:51
12.56602	-54.35552	0	62	2021-08-26T11:11:52
12.56606	-54.35715	0	62	2021-08-26T11:16:52
12.56608	-54.35873	0	62	2021-08-26T11:21:54
12.56608	-54.36044	0	62	2021-08-26T11:26:55
12.56604	-54.36234	0	62	2021-08-26T11:32:23
12.56599	-54.36386	0	62	2021-08-26T11:36:52
12.56590	-54.36562	0	62	2021-08-26T11:41:54
12.56586	-54.36725	0	62	2021-08-26T11:46:54
12.56576	-54.36887	0	62	2021-08-26T11:51:51
12.56571	-54.37042	0	62	2021-08-26T11:56:49
12.56565	-54.37195	0	62	2021-08-26T12:01:49
12.56566	-54.37344	0	62	2021-08-26T12:06:49
12.56563	-54.37494	0	62	2021-08-26T12:11:48
12.56561	-54.37643	0	62	2021-08-26T12:16:47
12.56563	-54.37803	0	62	2021-08-26T12:22:55
12.56566	-54.37946	0	62	2021-08-26T12:26:50
12.56584	-54.38129	0	62	2021-08-26T12:32:56
12.56598	-54.38254	0	62	2021-08-26T12:36:44
12.56620	-54.38409	0	62	2021-08-26T12:41:47
12.56647	-54.38565	0	62	2021-08-26T12:46:48
12.56678	-54.38721	0	62	2021-08-26T12:51:46
12.56714	-54.38867	0	62	2021-08-26T12:56:43
12.56747	-54.39020	0	62	2021-08-26T13:01:48
12.56779	-54.39169	0	62	2021-08-26T13:06:45
12.56821	-54.39313	0	62	2021-08-26T13:11:43
12.56853	-54.39453	0	62	2021-08-26T13:16:44
12.56884	-54.39587	0	62	2021-08-26T13:21:43
12.56929	-54.39736	0	62	2021-08-26T13:27:24
12.56968	-54.39890	0	62	2021-08-26T13:32:24
12.56996	-54.40005	0	62	2021-08-26T13:36:45
12.57025	-54.40146	0	62	2021-08-26T13:41:43
12.57060	-54.40295	0	62	2021-08-26T13:46:43
12.57091	-54.40436	0	62	2021-08-26T13:51:45
12.57120	-54.40582	0	62	2021-08-26T13:56:46
12.57144	-54.40738	0	62	2021-08-26T14:01:44
12.57171	-54.40897	0	62	2021-08-26T14:06:47
12.57192	-54.41061	0	62	2021-08-26T14:11:45
12.57215	-54.41229	0	62	2021-08-26T14:16:46
12.57235	-54.41397	0	62	2021-08-26T14:21:49
12.57276	-54.41750	0	62	2021-08-26T14:31:57
12.57302	-54.41896	0	62	2021-08-26T14:36:57
12.57323	-54.42050	0	62	2021-08-26T14:41:57
12.57352	-54.42206	0	62	2021-08-26T14:46:57
12.57396	-54.42365	0	62	2021-08-26T14:52:02
12.57435	-54.42511	0	62	2021-08-26T14:57:01
12.57473	-54.42661	0	62	2021-08-26T15:02:01
12.57506	-54.42819	0	62	2021-08-26T15:06:59
12.57539	-54.42976	0	62	2021-08-26T15:12:03
12.57565	-54.43130	0	62	2021-08-26T15:17:04
12.57596	-54.43295	0	62	2021-08-26T15:22:04
12.57622	-54.43454	0	62	2021-08-26T15:27:02
12.57645	-54.43625	0	62	2021-08-26T15:32:25
12.57674	-54.43771	0	62	2021-08-26T15:37:04
12.57704	-54.43933	0	62	2021-08-26T15:42:07
12.57733	-54.44092	0	62	2021-08-26T15:47:05
12.57763	-54.44247	0	62	2021-08-26T15:52:06
12.57801	-54.44411	0	62	2021-08-26T15:57:09
12.57835	-54.44574	0	62	2021-08-26T16:02:08
12.57871	-54.44742	0	62	2021-08-26T16:07:07
12.57908	-54.44914	0	62	2021-08-26T16:12:06
12.57942	-54.45068	0	62	2021-08-26T16:17:06
12.57979	-54.45230	0	62	2021-08-26T16:22:04
12.58020	-54.45392	0	62	2021-08-26T16:27:05
12.58058	-54.45560	0	62	2021-08-26T16:32:24
12.58100	-54.45709	0	62	2021-08-26T16:37:02
12.58149	-54.45871	0	62	2021-08-26T16:42:01
12.58195	-54.46042	0	62	2021-08-26T16:47:02
12.58238	-54.46213	0	62	2021-08-26T16:52:04
12.58284	-54.46384	0	62	2021-08-26T16:57:04
12.58337	-54.46542	0	62	2021-08-26T17:02:06
12.58392	-54.46695	0	62	2021-08-26T17:07:03
12.58447	-54.46851	0	62	2021-08-26T17:12:05
12.58503	-54.47009	0	62	2021-08-26T17:17:05
12.58556	-54.47171	0	62	2021-08-26T17:22:06
12.58603	-54.47308	0	62	2021-08-26T17:27:07
12.58664	-54.47458	0	62	2021-08-26T17:32:27
12.58711	-54.47598	0	62	2021-08-26T17:37:08
12.58766	-54.47742	0	62	2021-08-26T17:42:09
12.58822	-54.47894	0	62	2021-08-26T17:47:09
12.58884	-54.48044	0	62	2021-08-26T17:52:11
12.58937	-54.48187	0	62	2021-08-26T17:57:09
12.58983	-54.48350	0	62	2021-08-26T18:02:11
12.59014	-54.48489	0	62	2021-08-26T18:07:12
12.59051	-54.48642	0	62	2021-08-26T18:12:10
12.59095	-54.48798	0	62	2021-08-26T18:17:12
12.59145	-54.48959	0	62	2021-08-26T18:22:16
12.59198	-54.49121	0	62	2021-08-26T18:27:14
12.59255	-54.49280	0	62	2021-08-26T18:32:37
12.59297	-54.49420	0	62	2021-08-26T18:37:14
12.59343	-54.49576	0	62	2021-08-26T18:42:15
12.59386	-54.49722	0	62	2021-08-26T18:47:13
12.59423	-54.49878	0	62	2021-08-26T18:52:10
12.59461	-54.50027	0	62	2021-08-26T18:57:14
12.59504	-54.50168	0	62	2021-08-26T19:02:12
12.59552	-54.50314	0	62	2021-08-26T19:07:13
12.59607	-54.50452	0	62	2021-08-26T19:12:13
12.59674	-54.50574	0	62	2021-08-26T19:17:13
12.59735	-54.50699	0	62	2021-08-26T19:22:11
12.59797	-54.50821	0	62	2021-08-26T19:27:09
12.59861	-54.50958	0	62	2021-08-26T19:32:39
12.59915	-54.51071	0	62	2021-08-26T19:37:12
12.59979	-54.51190	0	62	2021-08-26T19:42:14
12.60049	-54.51303	0	62	2021-08-26T19:47:18
12.60109	-54.51422	0	62	2021-08-26T19:52:16
12.60174	-54.51542	0	62	2021-08-26T19:57:20
12.60247	-54.51645	0	62	2021-08-26T20:02:20
12.60309	-54.51758	0	62	2021-08-26T20:07:18
12.60375	-54.51868	0	62	2021-08-26T20:12:19
12.60437	-54.51984	0	62	2021-08-26T20:17:16
12.60500	-54.52106	0	62	2021-08-26T20:22:17
12.60569	-54.52225	0	62	2021-08-26T20:27:15
12.60639	-54.52375	0	62	2021-08-26T20:32:15
12.60703	-54.52487	0	62	2021-08-26T20:37:16
12.60771	-54.52606	0	62	2021-08-26T20:42:16
12.60842	-54.52728	0	62	2021-08-26T20:47:18
12.60973	-54.52982	0	62	2021-08-26T20:57:20
12.61039	-54.53108	0	62	2021-08-26T21:02:24
12.61112	-54.53220	0	62	2021-08-26T21:07:24
12.61191	-54.53339	0	62	2021-08-26T21:12:26
12.61273	-54.53458	0	62	2021-08-26T21:17:26
12.61351	-54.53571	0	62	2021-08-26T21:22:28
12.61590	-54.53920	0	62	2021-08-26T21:37:30
12.61672	-54.54023	0	62	2021-08-26T21:42:31
12.61758	-54.54126	0	62	2021-08-26T21:47:31
12.61847	-54.54233	0	62	2021-08-26T21:52:33
12.61938	-54.54346	0	62	2021-08-26T21:57:33
12.62031	-54.54462	0	62	2021-08-26T22:02:35
12.62120	-54.54572	0	62	2021-08-26T22:07:39
12.62209	-54.54694	0	62	2021-08-26T22:12:40
12.62301	-54.54810	0	62	2021-08-26T22:17:40
12.62390	-54.54929	0	62	2021-08-26T22:22:38
12.62480	-54.55048	0	62	2021-08-26T22:27:38
12.62584	-54.55182	0	62	2021-08-26T22:33:25
12.62663	-54.55283	0	62	2021-08-26T22:37:43
12.62748	-54.55396	0	62	2021-08-26T22:42:45
12.62822	-54.55511	0	62	2021-08-26T22:47:42
12.62908	-54.55618	0	62	2021-08-26T22:52:42
12.62993	-54.55728	0	62	2021-08-26T22:57:39
12.63075	-54.55835	0	62	2021-08-26T23:02:38
12.63163	-54.55954	0	62	2021-08-26T23:07:37
12.63244	-54.56070	0	62	2021-08-26T23:12:36
12.63320	-54.56189	0	62	2021-08-26T23:17:35
12.63398	-54.56305	0	62	2021-08-26T23:22:36
12.63465	-54.56424	0	62	2021-08-26T23:27:34
12.63531	-54.56549	0	62	2021-08-26T23:32:57
12.63583	-54.56653	0	62	2021-08-26T23:37:34
12.63642	-54.56768	0	62	2021-08-26T23:42:36
12.63706	-54.56880	0	62	2021-08-26T23:47:36
12.63770	-54.56992	0	62	2021-08-26T23:52:35
12.63838	-54.57092	0	62	2021-08-26T23:57:35
12.63904	-54.57196	0	62	2021-08-27T00:02:36
12.63975	-54.57297	0	62	2021-08-27T00:07:36
12.64041	-54.57394	0	62	2021-08-27T00:12:34
12.64114	-54.57489	0	62	2021-08-27T00:17:41
12.64195	-54.57578	0	62	2021-08-27T00:22:39
12.64273	-54.57676	0	62	2021-08-27T00:28:25
12.64355	-54.57788	0	62	2021-08-27T00:33:24
12.64419	-54.57883	0	62	2021-08-27T00:37:38
12.64497	-54.57993	0	62	2021-08-27T00:42:39
12.64567	-54.58115	0	62	2021-08-27T00:47:42
12.64644	-54.58227	0	62	2021-08-27T00:52:41
12.64721	-54.58347	0	62	2021-08-27T00:57:41
12.64798	-54.58463	0	62	2021-08-27T01:02:45
12.64882	-54.58575	0	62	2021-08-27T01:07:47
12.64971	-54.58685	0	62	2021-08-27T01:12:47
12.65057	-54.58807	0	62	2021-08-27T01:17:49
12.65130	-54.58921	0	62	2021-08-27T01:22:50
12.65212	-54.59024	0	62	2021-08-27T01:27:50
12.65297	-54.59165	0	62	2021-08-27T01:32:51
12.65366	-54.59259	0	62	2021-08-27T01:37:52
12.65446	-54.59378	0	62	2021-08-27T01:42:49
12.65516	-54.59500	0	62	2021-08-27T01:47:50
12.65595	-54.59622	0	62	2021-08-27T01:52:51
12.65676	-54.59735	0	62	2021-08-27T01:57:51
12.65753	-54.59839	0	62	2021-08-27T02:02:51
12.65834	-54.59946	0	62	2021-08-27T02:07:52
12.65914	-54.60056	0	62	2021-08-27T02:12:50
12.65980	-54.60172	0	62	2021-08-27T02:17:51
12.66058	-54.60281	0	62	2021-08-27T02:22:49
12.66132	-54.60397	0	62	2021-08-27T02:27:48
12.66216	-54.60536	0	62	2021-08-27T02:32:46
12.66276	-54.60630	0	62	2021-08-27T02:37:47
12.66345	-54.60742	0	62	2021-08-27T02:42:47
12.66408	-54.60861	0	62	2021-08-27T02:47:45
12.66467	-54.60998	0	62	2021-08-27T02:52:46
12.66518	-54.61118	0	62	2021-08-27T02:57:46
12.66568	-54.61246	0	62	2021-08-27T03:02:46
12.66615	-54.61380	0	62	2021-08-27T03:07:48
12.66663	-54.61515	0	62	2021-08-27T03:12:49
12.66697	-54.61652	0	62	2021-08-27T03:17:49
12.66735	-54.61792	0	62	2021-08-27T03:22:47
12.66769	-54.61929	0	62	2021-08-27T03:27:48
12.66808	-54.62079	0	62	2021-08-27T03:33:27
12.66840	-54.62192	0	62	2021-08-27T03:37:49
12.66887	-54.62323	0	62	2021-08-27T03:42:51
12.66931	-54.62457	0	62	2021-08-27T03:47:50
12.66978	-54.62595	0	62	2021-08-27T03:52:48
12.67023	-54.62739	0	62	2021-08-27T03:57:53
12.67062	-54.62885	0	62	2021-08-27T04:02:53
12.67098	-54.63028	0	62	2021-08-27T04:07:51
12.67132	-54.63159	0	62	2021-08-27T04:12:51
12.67176	-54.63305	0	62	2021-08-27T04:17:55
12.67209	-54.63437	0	62	2021-08-27T04:22:56
12.67244	-54.63571	0	62	2021-08-27T04:27:54
12.67284	-54.63721	0	62	2021-08-27T04:33:26
12.67322	-54.63843	0	62	2021-08-27T04:37:53
12.67369	-54.63974	0	62	2021-08-27T04:42:52
12.67407	-54.64126	0	62	2021-08-27T04:47:50
12.67441	-54.64263	0	62	2021-08-27T04:52:50
12.67471	-54.64392	0	62	2021-08-27T04:57:49
12.67506	-54.64520	0	62	2021-08-27T05:02:47
12.67546	-54.64651	0	62	2021-08-27T05:07:46
12.67586	-54.64777	0	62	2021-08-27T05:12:45
12.67613	-54.64908	0	62	2021-08-27T05:17:43
12.67646	-54.65036	0	62	2021-08-27T05:22:48
12.67673	-54.65167	0	62	2021-08-27T05:27:45
12.67705	-54.65311	0	62	2021-08-27T05:33:08
12.67745	-54.65427	0	62	2021-08-27T05:37:49
12.67788	-54.65552	0	62	2021-08-27T05:42:51
12.67832	-54.65674	0	62	2021-08-27T05:47:49
12.67868	-54.65790	0	62	2021-08-27T05:52:49
12.67900	-54.65918	0	62	2021-08-27T05:57:50
12.67930	-54.66043	0	62	2021-08-27T06:02:51
12.67960	-54.66168	0	62	2021-08-27T06:07:49
12.67991	-54.66287	0	62	2021-08-27T06:12:52
12.68018	-54.66409	0	62	2021-08-27T06:17:50
12.68054	-54.66522	0	62	2021-08-27T06:22:51
12.68077	-54.66641	0	62	2021-08-27T06:27:51
12.68114	-54.66772	0	62	2021-08-27T06:33:27
12.68146	-54.66876	0	62	2021-08-27T06:37:56
12.68185	-54.66989	0	62	2021-08-27T06:42:50
12.68217	-54.67102	0	62	2021-08-27T06:47:51
12.68244	-54.67221	0	62	2021-08-27T06:52:49
12.68272	-54.67337	0	62	2021-08-27T06:57:53
12.68306	-54.67459	0	62	2021-08-27T07:02:53
12.68373	-54.67713	0	62	2021-08-27T07:12:51
12.68407	-54.67833	0	62	2021-08-27T07:17:52
12.68433	-54.67953	0	62	2021-08-27T07:22:52
12.68458	-54.68073	0	62	2021-08-27T07:27:50
12.68500	-54.68216	0	62	2021-08-27T07:33:57
12.68526	-54.68314	0	62	2021-08-27T07:37:49
12.68569	-54.68436	0	62	2021-08-27T07:42:48
12.68607	-54.68561	0	62	2021-08-27T07:47:50
12.68648	-54.68686	0	62	2021-08-27T07:52:51
12.68689	-54.68805	0	62	2021-08-27T07:57:51
12.68725	-54.68918	0	62	2021-08-27T08:02:49
12.68760	-54.69028	0	62	2021-08-27T08:07:52
12.68804	-54.69150	0	62	2021-08-27T08:12:54
12.68847	-54.69266	0	62	2021-08-27T08:17:51
12.68895	-54.69373	0	62	2021-08-27T08:22:52
12.68941	-54.69495	0	62	2021-08-27T08:27:49
12.68993	-54.69632	0	62	2021-08-27T08:33:25
12.69042	-54.69736	0	62	2021-08-27T08:37:50
12.69099	-54.69852	0	62	2021-08-27T08:42:49
12.69155	-54.69965	0	62	2021-08-27T08:47:49
12.69209	-54.70078	0	62	2021-08-27T08:52:50
12.69274	-54.70193	0	62	2021-08-27T08:57:51
12.69338	-54.70313	0	62	2021-08-27T09:02:51
12.69401	-54.70438	0	62	2021-08-27T09:07:51
12.69466	-54.70563	0	62	2021-08-27T09:12:50
12.69538	-54.70682	0	62	2021-08-27T09:17:51
12.69605	-54.70807	0	62	2021-08-27T09:22:54
12.69671	-54.70935	0	62	2021-08-27T09:27:52
12.69750	-54.71063	0	62	2021-08-27T09:33:24
12.69899	-54.71314	0	62	2021-08-27T09:42:54
12.69972	-54.71451	0	62	2021-08-27T09:47:54
12.70045	-54.71588	0	62	2021-08-27T09:52:53
12.70118	-54.71722	0	62	2021-08-27T09:57:53
12.70191	-54.71854	0	62	2021-08-27T10:02:54
12.70264	-54.71987	0	62	2021-08-27T10:07:51
12.70346	-54.72107	0	62	2021-08-27T10:12:51
12.70435	-54.72229	0	62	2021-08-27T10:17:51
12.70516	-54.72351	0	62	2021-08-27T10:22:49
12.70598	-54.72473	0	62	2021-08-27T10:27:46
12.70699	-54.72629	0	62	2021-08-27T10:33:26
12.70777	-54.72748	0	62	2021-08-27T10:37:47
12.70880	-54.72890	0	62	2021-08-27T10:42:49
12.70983	-54.73019	0	62	2021-08-27T10:47:49
12.71091	-54.73148	0	62	2021-08-27T10:52:47
12.71202	-54.73270	0	62	2021-08-27T10:57:45
12.71417	-54.73511	0	62	2021-08-27T11:07:45
12.71524	-54.73624	0	62	2021-08-27T11:12:46
12.71627	-54.73743	0	62	2021-08-27T11:17:44
12.71720	-54.73862	0	62	2021-08-27T11:22:45
12.71806	-54.73984	0	62	2021-08-27T11:27:48
12.71892	-54.74115	0	62	2021-08-27T11:33:06
12.71967	-54.74234	0	62	2021-08-27T11:37:43
12.72058	-54.74363	0	62	2021-08-27T11:42:41
12.72144	-54.74483	0	62	2021-08-27T11:47:41
12.72221	-54.74612	0	62	2021-08-27T11:52:42
12.72307	-54.74744	0	62	2021-08-27T11:57:43
12.72396	-54.74881	0	62	2021-08-27T12:02:46
12.72487	-54.75012	0	62	2021-08-27T12:07:48
12.72576	-54.75140	0	62	2021-08-27T12:12:48
12.72668	-54.75275	0	62	2021-08-27T12:17:47
12.72843	-54.75552	0	62	2021-08-27T12:27:48
12.72927	-54.75714	0	62	2021-08-27T12:33:23
12.72997	-54.75827	0	62	2021-08-27T12:37:48
12.73072	-54.75970	0	62	2021-08-27T12:42:49
12.73146	-54.76114	0	62	2021-08-27T12:47:46
12.73228	-54.76260	0	62	2021-08-27T12:52:45
12.73300	-54.76410	0	62	2021-08-27T12:57:42
12.73372	-54.76559	0	62	2021-08-27T13:02:43
12.73450	-54.76715	0	62	2021-08-27T13:07:39
12.73528	-54.76880	0	62	2021-08-27T13:12:40
12.73600	-54.77026	0	62	2021-08-27T13:17:40
12.73687	-54.77188	0	62	2021-08-27T13:22:41
12.73772	-54.77347	0	62	2021-08-27T13:27:43
12.73879	-54.77533	0	62	2021-08-27T13:33:26
12.73955	-54.77678	0	62	2021-08-27T13:37:47
12.74041	-54.77841	0	62	2021-08-27T13:42:46
12.74137	-54.77991	0	62	2021-08-27T13:47:42
12.74331	-54.78306	0	62	2021-08-27T13:57:40
12.74421	-54.78452	0	62	2021-08-27T14:02:40
12.74507	-54.78589	0	62	2021-08-27T14:07:40
12.74601	-54.78735	0	62	2021-08-27T14:12:43
12.74690	-54.78885	0	62	2021-08-27T14:17:42
12.74779	-54.79031	0	62	2021-08-27T14:22:44
12.74878	-54.79181	0	62	2021-08-27T14:27:42
12.74967	-54.79340	0	62	2021-08-27T14:33:05
12.75049	-54.79478	0	62	2021-08-27T14:37:43
12.75148	-54.79615	0	62	2021-08-27T14:42:44
12.75242	-54.79752	0	62	2021-08-27T14:47:44
12.75344	-54.79892	0	62	2021-08-27T14:52:42
12.75444	-54.80029	0	62	2021-08-27T14:57:43
12.75539	-54.80170	0	62	2021-08-27T15:02:44
12.75624	-54.80307	0	62	2021-08-27T15:07:44
12.75805	-54.80586	0	62	2021-08-27T15:17:42
12.75895	-54.80715	0	62	2021-08-27T15:22:42
12.75985	-54.80844	0	62	2021-08-27T15:27:41
12.76070	-54.81003	0	62	2021-08-27T15:33:07
12.76246	-54.81280	0	62	2021-08-27T15:42:43
12.76332	-54.81400	0	62	2021-08-27T15:47:42
12.76426	-54.81546	0	62	2021-08-27T15:52:44
12.76512	-54.81696	0	62	2021-08-27T15:57:46
12.76602	-54.81849	0	62	2021-08-27T16:02:47
12.76679	-54.81995	0	62	2021-08-27T16:07:47
12.76758	-54.82132	0	62	2021-08-27T16:12:48
12.76836	-54.82269	0	62	2021-08-27T16:17:49
12.76916	-54.82401	0	62	2021-08-27T16:22:49
12.76993	-54.82535	0	62	2021-08-27T16:27:46
12.77080	-54.82681	0	62	2021-08-27T16:33:25
12.77152	-54.82803	0	62	2021-08-27T16:37:47
12.77233	-54.82950	0	62	2021-08-27T16:42:49
12.77319	-54.83091	0	62	2021-08-27T16:47:46
12.77401	-54.83228	0	62	2021-08-27T16:52:47
12.77484	-54.83359	0	62	2021-08-27T16:57:48
12.77562	-54.83496	0	62	2021-08-27T17:02:49
12.77648	-54.83633	0	62	2021-08-27T17:07:50
12.77728	-54.83765	0	62	2021-08-27T17:12:49
12.77810	-54.83887	0	62	2021-08-27T17:17:47
12.77899	-54.84006	0	62	2021-08-27T17:22:49
12.77993	-54.84136	0	62	2021-08-27T17:27:49
12.78084	-54.84256	0	62	2021-08-27T17:33:27
12.78160	-54.84351	0	62	2021-08-27T17:37:50
12.78244	-54.84454	0	62	2021-08-27T17:42:49
12.78331	-54.84558	0	62	2021-08-27T17:47:52
12.78421	-54.84656	0	62	2021-08-27T17:52:50
12.78501	-54.84756	0	62	2021-08-27T17:57:53
12.78584	-54.84851	0	62	2021-08-27T18:02:54
12.78665	-54.84936	0	62	2021-08-27T18:07:52
12.78742	-54.85022	0	62	2021-08-27T18:12:53
12.78826	-54.85110	0	62	2021-08-27T18:17:50
12.78908	-54.85196	0	62	2021-08-27T18:22:51
12.78999	-54.85285	0	62	2021-08-27T18:28:26
12.79093	-54.85379	0	62	2021-08-27T18:33:26
12.79165	-54.85455	0	62	2021-08-27T18:37:46
12.79254	-54.85544	0	62	2021-08-27T18:42:47
12.79339	-54.85620	0	62	2021-08-27T18:47:44
12.79427	-54.85693	0	62	2021-08-27T18:52:44
12.79508	-54.85767	0	62	2021-08-27T18:57:45
12.79591	-54.85849	0	62	2021-08-27T19:02:42
12.79677	-54.85928	0	62	2021-08-27T19:07:39
12.79759	-54.86005	0	62	2021-08-27T19:12:40
12.79842	-54.86096	0	62	2021-08-27T19:17:41
12.79932	-54.86182	0	62	2021-08-27T19:22:42
12.80018	-54.86267	0	62	2021-08-27T19:27:39
12.80112	-54.86362	0	62	2021-08-27T19:33:06
12.80187	-54.86438	0	62	2021-08-27T19:37:41
12.80274	-54.86526	0	62	2021-08-27T19:42:41
12.80356	-54.86618	0	62	2021-08-27T19:47:39
12.80446	-54.86707	0	62	2021-08-27T19:52:42
12.80532	-54.86795	0	62	2021-08-27T19:57:40
12.80610	-54.86890	0	62	2021-08-27T20:02:41
12.80684	-54.86981	0	62	2021-08-27T20:07:40
12.80763	-54.87061	0	62	2021-08-27T20:12:39
12.80846	-54.87146	0	62	2021-08-27T20:17:42
12.80932	-54.87222	0	62	2021-08-27T20:22:43
12.81018	-54.87299	0	62	2021-08-27T20:27:42
12.81107	-54.87369	0	62	2021-08-27T20:33:05
12.81180	-54.87427	0	62	2021-08-27T20:37:44
12.81257	-54.87491	0	62	2021-08-27T20:42:44
12.81344	-54.87552	0	62	2021-08-27T20:47:45
12.81430	-54.87610	0	62	2021-08-27T20:52:48
12.81510	-54.87668	0	62	2021-08-27T20:57:50
12.81589	-54.87730	0	62	2021-08-27T21:02:47
12.81671	-54.87790	0	62	2021-08-27T21:07:48
12.81763	-54.87848	0	62	2021-08-27T21:12:48
12.81842	-54.87909	0	62	2021-08-27T21:17:46
12.81924	-54.87980	0	62	2021-08-27T21:22:43
12.82001	-54.88040	0	62	2021-08-27T21:27:44
12.82080	-54.88113	0	62	2021-08-27T21:33:08
12.82152	-54.88165	0	62	2021-08-27T21:37:42
12.82240	-54.88211	0	62	2021-08-27T21:42:43
12.82335	-54.88260	0	62	2021-08-27T21:47:42
12.82418	-54.88306	0	62	2021-08-27T21:52:43
12.82508	-54.88339	0	62	2021-08-27T21:57:41
12.82600	-54.88379	0	62	2021-08-27T22:02:42
12.82690	-54.88430	0	62	2021-08-27T22:07:39
12.82780	-54.88473	0	62	2021-08-27T22:12:40
12.82870	-54.88516	0	62	2021-08-27T22:17:40
12.82976	-54.88541	0	62	2021-08-27T22:22:42
12.83067	-54.88574	0	62	2021-08-27T22:27:39
12.83169	-54.88609	0	62	2021-08-27T22:32:40
12.83255	-54.88635	0	62	2021-08-27T22:37:40
12.83339	-54.88660	0	62	2021-08-27T22:42:41
12.83427	-54.88693	0	62	2021-08-27T22:47:39
12.83522	-54.88730	0	62	2021-08-27T22:52:42
12.83609	-54.88757	0	62	2021-08-27T22:57:44
12.83700	-54.88794	0	62	2021-08-27T23:02:45
12.83790	-54.88824	0	62	2021-08-27T23:07:44
12.83876	-54.88858	0	62	2021-08-27T23:12:43
12.83956	-54.88885	0	62	2021-08-27T23:17:44
12.84030	-54.88919	0	62	2021-08-27T23:22:44
12.84103	-54.88947	0	62	2021-08-27T23:27:42
12.84186	-54.88971	0	62	2021-08-27T23:33:27
12.84243	-54.88992	0	62	2021-08-27T23:37:47
12.84314	-54.89017	0	62	2021-08-27T23:42:45
12.84383	-54.89041	0	62	2021-08-27T23:47:48
12.84447	-54.89066	0	62	2021-08-27T23:52:49
12.84511	-54.89075	0	62	2021-08-27T23:57:49
12.84585	-54.89090	0	62	2021-08-28T00:02:47
12.84669	-54.89105	0	62	2021-08-28T00:07:48
12.84738	-54.89136	0	62	2021-08-28T00:12:48
12.84804	-54.89163	0	62	2021-08-28T00:17:50
12.84866	-54.89191	0	62	2021-08-28T00:22:49
12.84916	-54.89206	0	62	2021-08-28T00:27:49
12.84970	-54.89209	0	62	2021-08-28T00:33:27
12.85012	-54.89218	0	62	2021-08-28T00:37:49
12.85071	-54.89227	0	62	2021-08-28T00:42:47
12.85123	-54.89227	0	62	2021-08-28T00:47:47
12.85179	-54.89236	0	62	2021-08-28T00:52:48
12.85222	-54.89240	0	62	2021-08-28T00:57:49
12.85273	-54.89252	0	62	2021-08-28T01:02:47
12.85320	-54.89258	0	62	2021-08-28T01:07:50
12.85364	-54.89264	0	62	2021-08-28T01:12:48
12.85402	-54.89285	0	62	2021-08-28T01:17:52
12.85439	-54.89298	0	62	2021-08-28T01:22:52
12.85469	-54.89307	0	62	2021-08-28T01:27:51
12.85503	-54.89319	0	62	2021-08-28T01:33:26
12.85531	-54.89337	0	62	2021-08-28T01:37:52
12.85556	-54.89359	0	62	2021-08-28T01:42:53
12.85562	-54.89377	0	62	2021-08-28T01:47:54
12.85565	-54.89392	0	62	2021-08-28T01:52:50
12.85575	-54.89411	0	62	2021-08-28T01:57:52
12.85584	-54.89420	0	62	2021-08-28T02:02:52
12.85592	-54.89435	0	62	2021-08-28T02:07:53
12.85596	-54.89444	0	62	2021-08-28T02:12:54
12.85601	-54.89474	0	62	2021-08-28T02:17:55
12.85592	-54.89505	0	62	2021-08-28T02:22:55
12.85580	-54.89532	0	62	2021-08-28T02:27:57
12.85580	-54.89572	0	62	2021-08-28T02:33:25
12.85567	-54.89606	0	62	2021-08-28T02:37:54
12.85561	-54.89642	0	62	2021-08-28T02:42:55
12.85558	-54.89680	0	62	2021-08-28T02:47:55
12.85558	-54.89706	0	62	2021-08-28T02:52:54
12.85552	-54.89725	0	62	2021-08-28T02:57:54
12.85540	-54.89747	0	62	2021-08-28T03:02:55
12.85531	-54.89764	0	62	2021-08-28T03:07:56
12.85518	-54.89801	0	62	2021-08-28T03:12:53
12.85505	-54.89835	0	62	2021-08-28T03:17:54
12.85499	-54.89865	0	62	2021-08-28T03:22:54
12.85486	-54.89899	0	62	2021-08-28T03:27:54
12.85466	-54.89938	0	62	2021-08-28T03:33:27
12.85454	-54.89972	0	62	2021-08-28T03:37:50
12.85431	-54.90013	0	62	2021-08-28T03:42:50
12.85405	-54.90039	0	62	2021-08-28T03:47:51
12.85377	-54.90067	0	62	2021-08-28T03:52:53
12.85345	-54.90097	0	62	2021-08-28T03:57:52
12.85315	-54.90137	0	62	2021-08-28T04:02:54
12.85287	-54.90182	0	62	2021-08-28T04:07:53
12.85253	-54.90228	0	62	2021-08-28T04:12:54
12.85218	-54.90286	0	62	2021-08-28T04:17:52
12.85183	-54.90341	0	62	2021-08-28T04:22:53
12.85144	-54.90393	0	62	2021-08-28T04:27:51
12.85100	-54.90442	0	62	2021-08-28T04:33:26
12.85060	-54.90482	0	62	2021-08-28T04:37:55
12.84978	-54.90573	0	62	2021-08-28T04:47:54
12.84926	-54.90619	0	62	2021-08-28T04:52:55
12.84883	-54.90674	0	62	2021-08-28T04:57:54
12.84827	-54.90720	0	62	2021-08-28T05:02:56
12.84772	-54.90768	0	62	2021-08-28T05:07:57
12.84729	-54.90820	0	62	2021-08-28T05:12:54
12.84677	-54.90884	0	62	2021-08-28T05:17:52
12.84630	-54.90952	0	62	2021-08-28T05:22:53
12.84574	-54.91023	0	62	2021-08-28T05:28:26
12.84518	-54.91092	0	62	2021-08-28T05:33:25
12.84480	-54.91159	0	62	2021-08-28T05:37:51
12.84436	-54.91226	0	62	2021-08-28T05:42:51
12.84396	-54.91299	0	62	2021-08-28T05:47:51
12.84358	-54.91391	0	62	2021-08-28T05:52:53
12.84322	-54.91492	0	62	2021-08-28T05:57:51
12.84285	-54.91586	0	62	2021-08-28T06:02:54
12.84250	-54.91669	0	62	2021-08-28T06:07:52
12.84218	-54.91736	0	62	2021-08-28T06:12:52
12.84185	-54.91821	0	62	2021-08-28T06:17:57
12.84142	-54.91916	0	62	2021-08-28T06:22:55
12.84105	-54.92019	0	62	2021-08-28T06:27:55
12.84075	-54.92120	0	62	2021-08-28T06:33:53
12.84058	-54.92191	0	62	2021-08-28T06:37:54
12.84044	-54.92276	0	62	2021-08-28T06:42:57
12.84026	-54.92368	0	62	2021-08-28T06:47:55
12.84002	-54.92462	0	62	2021-08-28T06:52:56
12.83984	-54.92563	0	62	2021-08-28T06:57:53
12.83963	-54.92661	0	62	2021-08-28T07:02:54
12.83943	-54.92752	0	62	2021-08-28T07:07:53
12.83920	-54.92850	0	62	2021-08-28T07:12:54
12.83905	-54.92941	0	62	2021-08-28T07:17:56
12.83895	-54.93036	0	62	2021-08-28T07:22:53
12.83881	-54.93118	0	62	2021-08-28T07:27:50
12.83860	-54.93222	0	62	2021-08-28T07:33:25
12.83834	-54.93295	0	62	2021-08-28T07:37:53
12.83810	-54.93384	0	62	2021-08-28T07:42:50
12.83781	-54.93466	0	62	2021-08-28T07:47:51
12.83749	-54.93542	0	62	2021-08-28T07:52:51
12.83717	-54.93622	0	62	2021-08-28T07:57:49
12.83689	-54.93713	0	62	2021-08-28T08:02:55
12.83652	-54.93802	0	62	2021-08-28T08:07:52
12.83624	-54.93890	0	62	2021-08-28T08:12:53
12.83589	-54.93986	0	62	2021-08-28T08:17:54
12.83555	-54.94080	0	62	2021-08-28T08:22:53
12.83515	-54.94177	0	62	2021-08-28T08:27:57
12.83482	-54.94281	0	62	2021-08-28T08:33:25
12.83454	-54.94363	0	62	2021-08-28T08:37:58
12.83417	-54.94464	0	62	2021-08-28T08:43:02
12.83383	-54.94541	0	62	2021-08-28T08:48:01
12.83353	-54.94635	0	62	2021-08-28T08:53:01
12.83319	-54.94730	0	62	2021-08-28T08:58:01
12.83278	-54.94824	0	62	2021-08-28T09:02:59
12.83244	-54.94910	0	62	2021-08-28T09:08:00
12.83206	-54.94995	0	62	2021-08-28T09:13:01
12.83177	-54.95087	0	62	2021-08-28T09:18:00
12.83150	-54.95175	0	62	2021-08-28T09:23:02
12.83127	-54.95258	0	62	2021-08-28T09:27:59
12.83092	-54.95352	0	62	2021-08-28T09:33:26
12.83075	-54.95419	0	62	2021-08-28T09:38:01
12.83052	-54.95493	0	62	2021-08-28T09:43:02
12.83019	-54.95569	0	62	2021-08-28T09:48:02
12.82975	-54.95652	0	62	2021-08-28T09:53:04
12.82945	-54.95721	0	62	2021-08-28T09:58:04
12.82919	-54.95807	0	62	2021-08-28T10:03:05
12.82886	-54.95897	0	62	2021-08-28T10:08:06
12.82852	-54.95974	0	62	2021-08-28T10:13:06
12.82809	-54.96051	0	62	2021-08-28T10:18:05
12.82773	-54.96140	0	62	2021-08-28T10:23:08
12.82740	-54.96237	0	62	2021-08-28T10:28:10
12.82699	-54.96344	0	62	2021-08-28T10:33:25
12.82658	-54.96439	0	62	2021-08-28T10:38:08
12.82618	-54.96545	0	62	2021-08-28T10:43:11
12.82588	-54.96649	0	62	2021-08-28T10:48:09
12.82557	-54.96759	0	62	2021-08-28T10:53:11
12.82529	-54.96869	0	62	2021-08-28T10:58:14
12.82500	-54.96985	0	62	2021-08-28T11:03:12
12.82480	-54.97104	0	62	2021-08-28T11:08:11
12.82460	-54.97225	0	62	2021-08-28T11:13:10
12.82439	-54.97345	0	62	2021-08-28T11:18:10
12.82412	-54.97467	0	62	2021-08-28T11:23:08
12.82386	-54.97598	0	62	2021-08-28T11:28:12
12.82359	-54.97742	0	62	2021-08-28T11:33:56
12.82331	-54.97845	0	62	2021-08-28T11:38:10
12.82299	-54.97964	0	62	2021-08-28T11:43:10
12.82260	-54.98074	0	62	2021-08-28T11:48:08
12.82218	-54.98188	0	62	2021-08-28T11:53:09
12.82184	-54.98282	0	62	2021-08-28T11:58:09
12.82137	-54.98383	0	62	2021-08-28T12:03:06
12.82095	-54.98480	0	62	2021-08-28T12:08:03
12.82052	-54.98587	0	62	2021-08-28T12:13:04
12.82004	-54.98697	0	62	2021-08-28T12:18:02
12.81960	-54.98807	0	62	2021-08-28T12:23:05
12.81921	-54.98917	0	62	2021-08-28T12:28:03
12.81880	-54.99030	0	62	2021-08-28T12:33:24
12.81841	-54.99133	0	62	2021-08-28T12:38:01
12.81805	-54.99240	0	62	2021-08-28T12:43:01
12.81763	-54.99341	0	62	2021-08-28T12:48:06
12.81718	-54.99438	0	62	2021-08-28T12:53:06
12.81670	-54.99542	0	62	2021-08-28T12:58:08
12.81624	-54.99640	0	62	2021-08-28T13:03:06
12.81576	-54.99728	0	62	2021-08-28T13:08:09
12.81527	-54.99820	0	62	2021-08-28T13:13:06
12.81487	-54.99905	0	62	2021-08-28T13:18:07
12.81443	-54.99991	0	62	2021-08-28T13:23:05
12.81396	-55.00085	0	62	2021-08-28T13:28:05
12.81360	-55.00177	0	62	2021-08-28T13:33:26
12.81329	-55.00256	0	62	2021-08-28T13:38:00
12.81288	-55.00352	0	62	2021-08-28T13:42:59
12.81249	-55.00455	0	62	2021-08-28T13:47:58
12.81211	-55.00562	0	62	2021-08-28T13:52:57
12.81161	-55.00676	0	62	2021-08-28T13:57:59
12.81131	-55.00779	0	62	2021-08-28T14:02:59
12.81097	-55.00882	0	62	2021-08-28T14:07:58
12.81067	-55.00989	0	62	2021-08-28T14:12:59
12.81039	-55.01089	0	62	2021-08-28T14:17:59
12.81014	-55.01188	0	62	2021-08-28T14:23:02
12.80993	-55.01291	0	62	2021-08-28T14:28:01
12.80978	-55.01407	0	62	2021-08-28T14:33:25
12.80954	-55.01520	0	62	2021-08-28T14:38:05
12.80932	-55.01640	0	62	2021-08-28T14:43:07
12.80911	-55.01752	0	62	2021-08-28T14:48:07
12.80902	-55.01855	0	62	2021-08-28T14:53:07
12.80889	-55.01962	0	62	2021-08-28T14:58:09
12.80871	-55.02081	0	62	2021-08-28T15:03:06
12.80855	-55.02200	0	62	2021-08-28T15:08:08
12.80836	-55.02319	0	62	2021-08-28T15:13:08
12.80821	-55.02450	0	62	2021-08-28T15:18:06
12.80800	-55.02579	0	62	2021-08-28T15:23:06
12.80774	-55.02713	0	62	2021-08-28T15:28:07
12.80754	-55.02859	0	62	2021-08-28T15:33:24
12.80733	-55.02991	0	62	2021-08-28T15:38:08
12.80716	-55.03143	0	62	2021-08-28T15:43:06
12.80697	-55.03293	0	62	2021-08-28T15:48:07
12.80681	-55.03445	0	62	2021-08-28T15:53:08
12.80674	-55.03589	0	62	2021-08-28T15:58:08
12.80658	-55.03741	0	62	2021-08-28T16:03:09
12.80642	-55.03894	0	62	2021-08-28T16:08:10
12.80625	-55.04044	0	62	2021-08-28T16:13:08
12.80611	-55.04196	0	62	2021-08-28T16:18:07
12.80604	-55.04346	0	62	2021-08-28T16:23:09
12.80589	-55.04486	0	62	2021-08-28T16:28:12
12.80572	-55.04653	0	62	2021-08-28T16:33:10
12.80546	-55.04782	0	62	2021-08-28T16:38:10
12.80507	-55.04919	0	62	2021-08-28T16:43:08
12.80477	-55.05051	0	62	2021-08-28T16:48:10
12.80442	-55.05169	0	62	2021-08-28T16:53:11
12.80408	-55.05289	0	62	2021-08-28T16:58:11
12.80377	-55.05408	0	62	2021-08-28T17:03:09
12.80346	-55.05521	0	62	2021-08-28T17:08:09
12.80313	-55.05637	0	62	2021-08-28T17:13:10
12.80278	-55.05740	0	62	2021-08-28T17:18:11
12.80244	-55.05850	0	62	2021-08-28T17:23:11
12.80215	-55.05960	0	62	2021-08-28T17:28:09
12.80175	-55.06090	0	62	2021-08-28T17:33:10
12.80149	-55.06184	0	62	2021-08-28T17:38:10
12.80119	-55.06287	0	62	2021-08-28T17:43:11
12.80082	-55.06403	0	62	2021-08-28T17:48:12
12.80046	-55.06512	0	62	2021-08-28T17:53:12
12.80013	-55.06616	0	62	2021-08-28T17:58:13
12.79989	-55.06735	0	62	2021-08-28T18:03:11
12.79967	-55.06839	0	62	2021-08-28T18:08:15
12.79936	-55.06967	0	62	2021-08-28T18:13:12
12.79907	-55.07098	0	62	2021-08-28T18:18:13
12.79885	-55.07227	0	62	2021-08-28T18:23:14
12.79861	-55.07352	0	62	2021-08-28T18:28:14
12.79831	-55.07501	0	62	2021-08-28T18:33:55
12.79815	-55.07605	0	62	2021-08-28T18:38:19
12.79800	-55.07742	0	62	2021-08-28T18:43:17
12.79774	-55.07877	0	62	2021-08-28T18:48:19
12.79752	-55.08011	0	62	2021-08-28T18:53:19
12.79727	-55.08148	0	62	2021-08-28T18:58:20
12.79699	-55.08273	0	62	2021-08-28T19:03:17
12.79680	-55.08398	0	62	2021-08-28T19:08:18
12.79664	-55.08530	0	62	2021-08-28T19:13:15
12.79653	-55.08658	0	62	2021-08-28T19:18:16
12.79640	-55.08792	0	62	2021-08-28T19:23:13
12.79626	-55.08932	0	62	2021-08-28T19:28:13
12.79607	-55.09091	0	62	2021-08-28T19:33:36
12.79584	-55.09216	0	62	2021-08-28T19:38:14
12.79552	-55.09354	0	62	2021-08-28T19:43:12
12.79527	-55.09491	0	62	2021-08-28T19:48:13
12.79501	-55.09628	0	62	2021-08-28T19:53:14
12.79480	-55.09769	0	62	2021-08-28T19:58:17
12.79452	-55.09900	0	62	2021-08-28T20:03:19
12.79434	-55.10031	0	62	2021-08-28T20:08:17
12.79414	-55.10168	0	62	2021-08-28T20:13:18
12.79391	-55.10306	0	62	2021-08-28T20:18:18
12.79368	-55.10434	0	62	2021-08-28T20:23:19
12.79341	-55.10565	0	62	2021-08-28T20:28:20
12.79314	-55.10712	0	62	2021-08-28T20:33:58
12.79294	-55.10828	0	62	2021-08-28T20:38:18
12.79259	-55.10947	0	62	2021-08-28T20:43:17
12.79223	-55.11063	0	62	2021-08-28T20:48:19
12.79192	-55.11176	0	62	2021-08-28T20:53:20
12.79156	-55.11282	0	62	2021-08-28T20:58:20
12.79126	-55.11401	0	62	2021-08-28T21:03:21
12.79101	-55.11529	0	62	2021-08-28T21:08:23
12.79080	-55.11649	0	62	2021-08-28T21:13:23
12.79058	-55.11768	0	62	2021-08-28T21:18:21
12.79042	-55.11887	0	62	2021-08-28T21:23:22
12.79023	-55.12003	0	62	2021-08-28T21:28:21
12.78996	-55.12134	0	62	2021-08-28T21:33:57
12.78992	-55.12262	0	62	2021-08-28T21:38:20
12.78975	-55.12390	0	62	2021-08-28T21:43:21
12.78953	-55.12524	0	62	2021-08-28T21:48:19
12.78931	-55.12653	0	62	2021-08-28T21:53:22
12.78907	-55.12790	0	62	2021-08-28T21:58:20
12.78882	-55.12930	0	62	2021-08-28T22:03:20
12.78858	-55.13077	0	62	2021-08-28T22:08:22
12.78841	-55.13227	0	62	2021-08-28T22:13:23
12.78824	-55.13364	0	62	2021-08-28T22:18:23
12.78819	-55.13507	0	62	2021-08-28T22:23:23
12.78816	-55.13651	0	62	2021-08-28T22:28:24
12.78814	-55.13814	0	62	2021-08-28T22:33:18
12.78814	-55.13934	0	62	2021-08-28T22:38:19
12.78815	-55.14078	0	62	2021-08-28T22:43:19
12.78816	-55.14230	0	62	2021-08-28T22:48:16
12.78821	-55.14380	0	62	2021-08-28T22:53:14
12.78826	-55.14526	0	62	2021-08-28T22:58:15
12.78829	-55.14664	0	62	2021-08-28T23:03:14
12.78828	-55.14804	0	62	2021-08-28T23:08:16
12.78827	-55.14944	0	62	2021-08-28T23:13:13
12.78840	-55.15090	0	62	2021-08-28T23:18:13
12.78849	-55.15219	0	62	2021-08-28T23:23:12
12.78860	-55.15356	0	62	2021-08-28T23:28:15
12.78876	-55.15509	0	62	2021-08-28T23:33:52
12.78889	-55.15641	0	62	2021-08-28T23:38:14
12.78902	-55.15787	0	62	2021-08-28T23:43:15
12.78913	-55.15930	0	62	2021-08-28T23:48:16
12.78924	-55.16077	0	62	2021-08-28T23:53:16
12.78951	-55.16233	0	62	2021-08-28T23:58:17
12.78977	-55.16370	0	62	2021-08-29T00:03:18
12.79011	-55.16513	0	62	2021-08-29T00:08:20
12.79045	-55.16660	0	62	2021-08-29T00:13:24
12.79075	-55.16803	0	62	2021-08-29T00:18:24
12.79096	-55.16940	0	62	2021-08-29T00:23:24
12.79120	-55.17081	0	62	2021-08-29T00:28:26
12.79147	-55.17236	0	62	2021-08-29T00:33:58
12.79170	-55.17352	0	62	2021-08-29T00:38:28
12.79191	-55.17487	0	62	2021-08-29T00:43:29
12.79209	-55.17612	0	62	2021-08-29T00:48:29
12.79232	-55.17743	0	62	2021-08-29T00:53:31
12.79260	-55.17877	0	62	2021-08-29T00:58:28
12.79286	-55.17997	0	62	2021-08-29T01:03:28
12.79295	-55.18109	0	62	2021-08-29T01:08:28
12.79310	-55.18225	0	62	2021-08-29T01:13:26
12.79315	-55.18341	0	62	2021-08-29T01:18:26
12.79317	-55.18454	0	62	2021-08-29T01:23:27
12.79316	-55.18573	0	62	2021-08-29T01:28:24
12.79331	-55.18695	0	62	2021-08-29T01:33:53
12.79340	-55.18796	0	62	2021-08-29T01:38:23
12.79359	-55.18896	0	62	2021-08-29T01:43:23
12.79370	-55.19000	0	62	2021-08-29T01:48:25
12.79385	-55.19113	0	62	2021-08-29T01:53:24
12.79394	-55.19232	0	62	2021-08-29T01:58:26
12.79414	-55.19352	0	62	2021-08-29T02:03:27
12.79435	-55.19464	0	62	2021-08-29T02:08:28
12.79466	-55.19580	0	62	2021-08-29T02:13:29
12.79501	-55.19696	0	62	2021-08-29T02:18:28
12.79538	-55.19812	0	62	2021-08-29T02:23:30
12.79577	-55.19928	0	62	2021-08-29T02:28:31
12.79620	-55.20053	0	62	2021-08-29T02:33:58
12.79652	-55.20160	0	62	2021-08-29T02:38:29
12.79688	-55.20280	0	62	2021-08-29T02:43:34
12.79718	-55.20392	0	62	2021-08-29T02:48:34
12.79754	-55.20505	0	62	2021-08-29T02:53:32
12.79790	-55.20612	0	62	2021-08-29T02:58:33
12.79819	-55.20718	0	62	2021-08-29T03:03:33
12.79855	-55.20822	0	62	2021-08-29T03:08:34
12.79892	-55.20926	0	62	2021-08-29T03:13:32
12.79936	-55.21033	0	62	2021-08-29T03:18:33
12.79980	-55.21133	0	62	2021-08-29T03:23:32
12.80017	-55.21225	0	62	2021-08-29T03:28:30
12.80048	-55.21329	0	62	2021-08-29T03:33:58
12.80083	-55.21414	0	62	2021-08-29T03:38:32
12.80122	-55.21518	0	62	2021-08-29T03:43:29
12.80194	-55.21730	0	62	2021-08-29T03:53:34
12.80233	-55.21824	0	62	2021-08-29T03:58:35
12.80267	-55.21918	0	62	2021-08-29T04:03:35
12.80301	-55.22015	0	62	2021-08-29T04:08:37
12.80331	-55.22116	0	62	2021-08-29T04:13:35
12.80363	-55.22223	0	62	2021-08-29T04:18:36
12.80400	-55.22327	0	62	2021-08-29T04:23:35
12.80444	-55.22433	0	62	2021-08-29T04:28:37
12.80493	-55.22549	0	62	2021-08-29T04:33:56
12.80537	-55.22650	0	62	2021-08-29T04:38:35
12.80582	-55.22760	0	62	2021-08-29T04:43:34
12.80624	-55.22867	0	62	2021-08-29T04:48:32
12.80666	-55.22971	0	62	2021-08-29T04:53:32
12.80704	-55.23077	0	62	2021-08-29T04:58:31
12.80742	-55.23187	0	62	2021-08-29T05:03:31
12.80777	-55.23297	0	62	2021-08-29T05:08:32
12.80817	-55.23410	0	62	2021-08-29T05:13:29
12.80862	-55.23526	0	62	2021-08-29T05:18:30
12.80909	-55.23645	0	62	2021-08-29T05:23:33
12.80958	-55.23752	0	62	2021-08-29T05:28:31
12.81009	-55.23865	0	62	2021-08-29T05:33:55
12.81056	-55.23950	0	62	2021-08-29T05:38:33
12.81107	-55.24051	0	62	2021-08-29T05:43:31
12.81151	-55.24167	0	62	2021-08-29T05:48:34
12.81193	-55.24283	0	62	2021-08-29T05:53:32
12.81240	-55.24390	0	62	2021-08-29T05:58:35
12.81287	-55.24490	0	62	2021-08-29T06:03:33
12.81333	-55.24591	0	62	2021-08-29T06:08:37
12.81374	-55.24695	0	62	2021-08-29T06:13:35
12.81418	-55.24799	0	62	2021-08-29T06:18:37
12.81465	-55.24899	0	62	2021-08-29T06:23:37
12.81511	-55.25000	0	62	2021-08-29T06:28:38
12.81561	-55.25110	0	62	2021-08-29T06:34:37
12.81630	-55.25281	0	62	2021-08-29T06:43:36
12.81657	-55.25378	0	62	2021-08-29T06:48:37
12.81695	-55.25476	0	62	2021-08-29T06:53:34
12.81732	-55.25568	0	62	2021-08-29T06:58:35
12.81763	-55.25656	0	62	2021-08-29T07:03:33
12.81791	-55.25748	0	62	2021-08-29T07:08:34
12.81814	-55.25836	0	62	2021-08-29T07:13:34
12.81846	-55.25931	0	62	2021-08-29T07:18:35
12.81874	-55.26025	0	62	2021-08-29T07:23:34
12.81894	-55.26129	0	62	2021-08-29T07:28:35
12.81922	-55.26227	0	62	2021-08-29T07:33:57
12.81950	-55.26309	0	62	2021-08-29T07:38:34
12.81981	-55.26401	0	62	2021-08-29T07:43:31
12.82017	-55.26489	0	62	2021-08-29T07:48:32
12.82056	-55.26572	0	62	2021-08-29T07:53:29
12.82096	-55.26648	0	62	2021-08-29T07:58:27
12.82142	-55.26715	0	62	2021-08-29T08:03:31
12.82180	-55.26785	0	62	2021-08-29T08:08:29
12.82215	-55.26849	0	62	2021-08-29T08:13:32
12.82246	-55.26926	0	62	2021-08-29T08:18:33
12.82288	-55.27010	0	62	2021-08-29T08:23:33
12.82327	-55.27087	0	62	2021-08-29T08:28:32
12.82364	-55.27182	0	62	2021-08-29T08:33:56
12.82401	-55.27261	0	62	2021-08-29T08:38:37
12.82441	-55.27338	0	62	2021-08-29T08:43:34
12.82477	-55.27414	0	62	2021-08-29T08:48:34
12.82523	-55.27484	0	62	2021-08-29T08:53:36
12.82568	-55.27567	0	62	2021-08-29T08:58:35
12.82619	-55.27652	0	62	2021-08-29T09:03:37
12.82668	-55.27734	0	62	2021-08-29T09:08:37
12.82707	-55.27811	0	62	2021-08-29T09:13:36
12.82748	-55.27899	0	62	2021-08-29T09:18:37
12.82798	-55.27985	0	62	2021-08-29T09:23:36
12.82847	-55.28067	0	62	2021-08-29T09:28:34
12.82905	-55.28149	0	62	2021-08-29T09:33:55
12.82953	-55.28228	0	62	2021-08-29T09:38:35
12.83000	-55.28305	0	62	2021-08-29T09:43:35
12.83054	-55.28384	0	62	2021-08-29T09:48:33
12.83111	-55.28461	0	62	2021-08-29T09:53:37
12.83166	-55.28552	0	62	2021-08-29T09:58:39
12.83229	-55.28629	0	62	2021-08-29T10:03:37
12.83290	-55.28699	0	62	2021-08-29T10:08:40
12.83349	-55.28769	0	62	2021-08-29T10:13:39
12.83400	-55.28843	0	62	2021-08-29T10:18:42
12.83451	-55.28903	0	62	2021-08-29T10:23:42
12.83498	-55.28961	0	62	2021-08-29T10:28:40
12.83552	-55.29025	0	62	2021-08-29T10:33:57
12.83598	-55.29087	0	62	2021-08-29T10:38:41
12.83632	-55.29147	0	62	2021-08-29T10:43:40
12.83665	-55.29205	0	62	2021-08-29T10:48:41
12.83693	-55.29263	0	62	2021-08-29T10:53:41
12.83715	-55.29312	0	62	2021-08-29T10:58:44
12.83749	-55.29355	0	62	2021-08-29T11:03:43
12.83766	-55.29395	0	62	2021-08-29T11:08:43
12.83787	-55.29437	0	62	2021-08-29T11:13:47
12.83819	-55.29476	0	62	2021-08-29T11:18:50
12.83849	-55.29510	0	62	2021-08-29T11:23:50
12.83879	-55.29544	0	62	2021-08-29T11:28:47
12.83909	-55.29587	0	62	2021-08-29T11:34:23
12.83936	-55.29622	0	62	2021-08-29T11:38:49
12.83966	-55.29648	0	62	2021-08-29T11:43:49
12.83997	-55.29684	0	62	2021-08-29T11:48:47
12.84025	-55.29733	0	62	2021-08-29T11:53:47
12.84050	-55.29773	0	62	2021-08-29T11:58:47
12.84083	-55.29819	0	62	2021-08-29T12:03:44
12.84123	-55.29861	0	62	2021-08-29T12:08:39
12.84168	-55.29895	0	62	2021-08-29T12:13:39
12.84204	-55.29935	0	62	2021-08-29T12:18:36
12.84244	-55.29980	0	62	2021-08-29T12:23:38
12.84284	-55.30026	0	62	2021-08-29T12:28:42
12.84334	-55.30081	0	62	2021-08-29T12:34:06
12.84381	-55.30127	0	62	2021-08-29T12:38:42
12.84435	-55.30180	0	62	2021-08-29T12:43:43
12.84486	-55.30214	0	62	2021-08-29T12:48:42
12.84537	-55.30240	0	62	2021-08-29T12:53:42
12.84595	-55.30261	0	62	2021-08-29T12:58:43
12.84655	-55.30289	0	62	2021-08-29T13:03:44
12.84717	-55.30316	0	62	2021-08-29T13:08:44
12.84779	-55.30341	0	62	2021-08-29T13:13:38
12.84841	-55.30371	0	62	2021-08-29T13:18:39
12.84903	-55.30402	0	62	2021-08-29T13:23:39
12.84966	-55.30437	0	62	2021-08-29T13:29:07
12.85035	-55.30463	0	62	2021-08-29T13:34:07
12.85087	-55.30484	0	62	2021-08-29T13:38:42
12.85146	-55.30515	0	62	2021-08-29T13:43:40
12.85204	-55.30548	0	62	2021-08-29T13:48:41
12.85262	-55.30576	0	62	2021-08-29T13:53:37
12.85312	-55.30609	0	62	2021-08-29T13:58:39
12.85362	-55.30640	0	62	2021-08-29T14:03:41
12.85418	-55.30676	0	62	2021-08-29T14:08:40
12.85469	-55.30710	0	62	2021-08-29T14:13:40
12.85512	-55.30746	0	62	2021-08-29T14:18:42
12.85543	-55.30792	0	62	2021-08-29T14:23:41
12.85576	-55.30832	0	62	2021-08-29T14:28:42
12.85617	-55.30878	0	62	2021-08-29T14:34:07
12.85651	-55.30896	0	62	2021-08-29T14:38:47
12.85684	-55.30927	0	62	2021-08-29T14:43:44
12.85714	-55.30956	0	62	2021-08-29T14:48:51
12.85735	-55.30991	0	62	2021-08-29T14:53:48
12.85765	-55.31033	0	62	2021-08-29T14:58:52
12.85801	-55.31076	0	62	2021-08-29T15:03:49
12.85838	-55.31113	0	62	2021-08-29T15:08:50
12.85870	-55.31152	0	62	2021-08-29T15:13:49
12.85900	-55.31192	0	62	2021-08-29T15:18:50
12.85925	-55.31235	0	62	2021-08-29T15:23:48
12.85949	-55.31274	0	62	2021-08-29T15:28:49
12.85969	-55.31329	0	62	2021-08-29T15:34:25
12.85988	-55.31369	0	62	2021-08-29T15:38:51
12.86016	-55.31409	0	62	2021-08-29T15:43:51
12.86038	-55.31454	0	62	2021-08-29T15:48:53
12.86066	-55.31504	0	62	2021-08-29T15:53:51
12.86083	-55.31555	0	62	2021-08-29T15:58:51
12.86105	-55.31607	0	62	2021-08-29T16:03:54
12.86127	-55.31656	0	62	2021-08-29T16:08:52
12.86173	-55.31765	0	62	2021-08-29T16:18:54
12.86194	-55.31816	0	62	2021-08-29T16:23:55
12.86211	-55.31876	0	62	2021-08-29T16:28:55
12.86225	-55.31927	0	62	2021-08-29T16:34:26
12.86234	-55.31976	0	62	2021-08-29T16:38:53
12.86238	-55.32019	0	62	2021-08-29T16:43:53
12.86242	-55.32068	0	62	2021-08-29T16:48:52
12.86247	-55.32117	0	62	2021-08-29T16:53:52
12.86250	-55.32162	0	62	2021-08-29T16:58:53
12.86245	-55.32199	0	62	2021-08-29T17:03:53
12.86235	-55.32245	0	62	2021-08-29T17:08:54
12.86231	-55.32300	0	62	2021-08-29T17:13:52
12.86226	-55.32355	0	62	2021-08-29T17:18:55
12.86219	-55.32410	0	62	2021-08-29T17:23:57
12.86214	-55.32458	0	62	2021-08-29T17:28:55
12.86217	-55.32516	0	62	2021-08-29T17:34:25
12.86216	-55.32566	0	62	2021-08-29T17:38:56
12.86216	-55.32626	0	62	2021-08-29T17:43:56
12.86213	-55.32684	0	62	2021-08-29T17:48:58
12.86222	-55.32742	0	62	2021-08-29T17:53:56
12.86219	-55.32794	0	62	2021-08-29T17:58:57
12.86215	-55.32843	0	62	2021-08-29T18:03:55
12.86220	-55.32898	0	62	2021-08-29T18:08:56
12.86218	-55.32950	0	62	2021-08-29T18:13:58
12.86224	-55.33005	0	62	2021-08-29T18:18:56
12.86228	-55.33051	0	62	2021-08-29T18:23:57
12.86226	-55.33090	0	62	2021-08-29T18:28:58
12.86223	-55.33136	0	62	2021-08-29T18:34:26
12.86221	-55.33167	0	62	2021-08-29T18:38:58
12.86220	-55.33218	0	62	2021-08-29T18:43:56
12.86215	-55.33270	0	62	2021-08-29T18:48:53
12.86204	-55.33325	0	62	2021-08-29T18:53:58
12.86187	-55.33389	0	62	2021-08-29T18:58:55
12.86169	-55.33447	0	62	2021-08-29T19:03:54
12.86145	-55.33505	0	62	2021-08-29T19:08:55
12.86121	-55.33582	0	62	2021-08-29T19:13:53
12.86103	-55.33652	0	62	2021-08-29T19:18:50
12.86090	-55.33716	0	62	2021-08-29T19:23:51
12.86070	-55.33786	0	62	2021-08-29T19:28:53
12.86047	-55.33865	0	62	2021-08-29T19:34:26
12.86033	-55.33923	0	62	2021-08-29T19:38:54
12.86012	-55.33997	0	62	2021-08-29T19:43:53
12.85983	-55.34085	0	62	2021-08-29T19:48:54
12.85949	-55.34167	0	62	2021-08-29T19:53:52
12.85909	-55.34250	0	62	2021-08-29T19:58:52
12.85871	-55.34314	0	62	2021-08-29T20:03:49
12.85830	-55.34375	0	62	2021-08-29T20:08:50
12.85791	-55.34430	0	62	2021-08-29T20:13:48
12.85756	-55.34485	0	62	2021-08-29T20:18:45
12.85720	-55.34546	0	62	2021-08-29T20:23:46
12.85688	-55.34605	0	62	2021-08-29T20:29:25
12.85658	-55.34665	0	62	2021-08-29T20:34:25
12.85634	-55.34714	0	62	2021-08-29T20:38:44
12.85604	-55.34763	0	62	2021-08-29T20:43:45
12.85572	-55.34811	0	62	2021-08-29T20:48:46
12.85539	-55.34866	0	62	2021-08-29T20:53:46
12.85504	-55.34918	0	62	2021-08-29T20:58:48
12.85472	-55.34970	0	62	2021-08-29T21:03:48
12.85443	-55.35025	0	62	2021-08-29T21:08:46
12.85411	-55.35074	0	62	2021-08-29T21:13:50
12.85378	-55.35123	0	62	2021-08-29T21:18:52
12.85336	-55.35172	0	62	2021-08-29T21:23:52
12.85298	-55.35223	0	62	2021-08-29T21:28:53
12.85259	-55.35284	0	62	2021-08-29T21:34:26
12.85230	-55.35337	0	62	2021-08-29T21:38:51
12.85200	-55.35388	0	62	2021-08-29T21:43:51
12.85167	-55.35443	0	62	2021-08-29T21:48:49
12.85134	-55.35495	0	62	2021-08-29T21:53:50
12.85093	-55.35541	0	62	2021-08-29T21:58:51
12.85058	-55.35587	0	62	2021-08-29T22:03:50
12.85019	-55.35620	0	62	2021-08-29T22:08:48
12.84987	-55.35654	0	62	2021-08-29T22:13:49
12.84957	-55.35699	0	62	2021-08-29T22:18:46
12.84920	-55.35739	0	62	2021-08-29T22:23:47
12.84878	-55.35779	0	62	2021-08-29T22:28:48
12.84826	-55.35822	0	62	2021-08-29T22:34:26
12.84786	-55.35861	0	62	2021-08-29T22:38:49
12.84738	-55.35904	0	62	2021-08-29T22:43:46
12.84694	-55.35944	0	62	2021-08-29T22:48:47
12.84649	-55.35986	0	62	2021-08-29T22:53:45
12.84604	-55.36038	0	62	2021-08-29T22:58:46
12.84557	-55.36087	0	62	2021-08-29T23:03:43
12.84508	-55.36136	0	62	2021-08-29T23:08:44
12.84455	-55.36185	0	62	2021-08-29T23:13:43
12.84403	-55.36234	0	62	2021-08-29T23:18:44
12.84349	-55.36280	0	62	2021-08-29T23:23:39
12.84302	-55.36331	0	62	2021-08-29T23:28:39
12.84257	-55.36389	0	62	2021-08-29T23:34:07
12.84220	-55.36432	0	62	2021-08-29T23:38:38
12.84170	-55.36472	0	62	2021-08-29T23:43:41
12.84119	-55.36505	0	62	2021-08-29T23:48:39
12.84059	-55.36536	0	62	2021-08-29T23:53:43
12.84003	-55.36578	0	62	2021-08-29T23:58:40
12.83953	-55.36624	0	62	2021-08-30T00:03:42
12.83902	-55.36664	0	62	2021-08-30T00:08:45
12.83840	-55.36700	0	62	2021-08-30T00:13:43
12.83778	-55.36743	0	62	2021-08-30T00:18:44
12.83723	-55.36792	0	62	2021-08-30T00:23:41
12.83671	-55.36838	0	62	2021-08-30T00:28:42
12.83615	-55.36887	0	62	2021-08-30T00:34:08
12.83569	-55.36923	0	62	2021-08-30T00:38:42
12.83519	-55.36960	0	62	2021-08-30T00:43:40
12.83462	-55.37000	0	62	2021-08-30T00:48:41
12.83402	-55.37033	0	62	2021-08-30T00:53:38
12.83334	-55.37064	0	62	2021-08-30T00:58:39
12.83263	-55.37100	0	62	2021-08-30T01:03:37
12.83198	-55.37134	0	62	2021-08-30T01:08:40
12.83134	-55.37170	0	62	2021-08-30T01:13:37
12.83069	-55.37213	0	62	2021-08-30T01:18:35
12.82999	-55.37259	0	62	2021-08-30T01:23:36
12.82931	-55.37308	0	62	2021-08-30T01:28:35
12.82864	-55.37360	0	62	2021-08-30T01:33:56
12.82804	-55.37408	0	62	2021-08-30T01:38:33
12.82743	-55.37454	0	62	2021-08-30T01:43:35
12.82683	-55.37509	0	62	2021-08-30T01:48:36
12.82623	-55.37573	0	62	2021-08-30T01:53:33
12.82564	-55.37631	0	62	2021-08-30T01:58:30
12.82506	-55.37692	0	62	2021-08-30T02:03:31
12.82453	-55.37754	0	62	2021-08-30T02:08:31
12.82406	-55.37814	0	62	2021-08-30T02:13:30
12.82360	-55.37878	0	62	2021-08-30T02:18:29
12.82318	-55.37952	0	62	2021-08-30T02:23:34
12.82276	-55.38013	0	62	2021-08-30T02:28:34
12.82235	-55.38077	0	62	2021-08-30T02:33:56
12.82199	-55.38132	0	62	2021-08-30T02:38:32
12.82162	-55.38196	0	62	2021-08-30T02:43:34
12.82120	-55.38263	0	62	2021-08-30T02:48:36
12.82082	-55.38333	0	62	2021-08-30T02:53:36
12.82035	-55.38400	0	62	2021-08-30T02:58:35
12.81985	-55.38477	0	62	2021-08-30T03:03:37
12.81938	-55.38559	0	62	2021-08-30T03:08:38
12.81879	-55.38644	0	62	2021-08-30T03:13:40
12.81827	-55.38739	0	62	2021-08-30T03:18:39
12.81774	-55.38837	0	62	2021-08-30T03:23:40
12.81724	-55.38934	0	62	2021-08-30T03:28:42
12.81669	-55.39032	0	62	2021-08-30T03:34:06
12.81623	-55.39117	0	62	2021-08-30T03:38:44
12.81568	-55.39203	0	62	2021-08-30T03:43:44
12.81516	-55.39297	0	62	2021-08-30T03:48:48
12.81464	-55.39389	0	62	2021-08-30T03:53:47
12.81413	-55.39478	0	62	2021-08-30T03:58:49
12.81359	-55.39569	0	62	2021-08-30T04:03:47
12.81312	-55.39664	0	62	2021-08-30T04:08:48
12.81265	-55.39771	0	62	2021-08-30T04:13:46
12.81228	-55.39865	0	62	2021-08-30T04:18:45
12.81187	-55.39975	0	62	2021-08-30T04:23:46
12.81143	-55.40082	0	62	2021-08-30T04:28:44
12.81097	-55.40198	0	62	2021-08-30T04:34:26
12.81064	-55.40292	0	62	2021-08-30T04:38:46
12.81022	-55.40393	0	62	2021-08-30T04:43:47
12.80980	-55.40503	0	62	2021-08-30T04:48:50
12.80946	-55.40610	0	62	2021-08-30T04:53:49
12.80915	-55.40714	0	62	2021-08-30T04:58:48
12.80885	-55.40827	0	62	2021-08-30T05:03:50
12.80859	-55.40930	0	62	2021-08-30T05:08:51
12.80830	-55.41046	0	62	2021-08-30T05:13:53
12.80798	-55.41168	0	62	2021-08-30T05:18:57
12.80769	-55.41290	0	62	2021-08-30T05:23:57
12.80735	-55.41413	0	62	2021-08-30T05:29:25
12.80701	-55.41550	0	62	2021-08-30T05:34:26
12.80668	-55.41666	0	62	2021-08-30T05:39:00
12.80632	-55.41788	0	62	2021-08-30T05:44:01
12.80601	-55.41919	0	62	2021-08-30T05:48:59
12.80569	-55.42044	0	62	2021-08-30T05:53:58
12.80548	-55.42175	0	62	2021-08-30T05:59:00
12.80523	-55.42310	0	62	2021-08-30T06:03:57
12.80497	-55.42438	0	62	2021-08-30T06:08:58
12.80466	-55.42572	0	62	2021-08-30T06:13:57
12.80433	-55.42700	0	62	2021-08-30T06:18:54
12.80401	-55.42831	0	62	2021-08-30T06:23:56
12.80367	-55.42953	0	62	2021-08-30T06:28:56
12.80340	-55.43091	0	62	2021-08-30T06:34:28
12.80318	-55.43207	0	62	2021-08-30T06:38:55
12.80295	-55.43335	0	62	2021-08-30T06:43:53
12.80273	-55.43451	0	62	2021-08-30T06:48:55
12.80258	-55.43570	0	62	2021-08-30T06:53:54
12.80231	-55.43680	0	62	2021-08-30T06:58:55
12.80206	-55.43790	0	62	2021-08-30T07:03:52
12.80181	-55.43893	0	62	2021-08-30T07:08:55
12.80158	-55.44000	0	62	2021-08-30T07:13:53
12.80136	-55.44095	0	62	2021-08-30T07:18:55
12.80108	-55.44196	0	62	2021-08-30T07:23:55
12.80080	-55.44296	0	62	2021-08-30T07:28:57
12.80052	-55.44403	0	62	2021-08-30T07:34:27
12.80028	-55.44495	0	62	2021-08-30T07:38:58
12.79996	-55.44586	0	62	2021-08-30T07:43:58
12.79960	-55.44690	0	62	2021-08-30T07:48:59
12.79922	-55.44794	0	62	2021-08-30T07:54:00
12.79892	-55.44897	0	62	2021-08-30T07:59:01
12.79854	-55.44998	0	62	2021-08-30T08:04:01
12.79831	-55.45108	0	62	2021-08-30T08:09:03
12.79809	-55.45225	0	62	2021-08-30T08:14:03
12.79788	-55.45337	0	62	2021-08-30T08:19:03
12.79761	-55.45453	0	62	2021-08-30T08:24:01
12.79735	-55.45572	0	62	2021-08-30T08:28:59
12.79700	-55.45698	0	62	2021-08-30T08:34:02
12.79679	-55.45792	0	62	2021-08-30T08:39:01
12.79662	-55.45895	0	62	2021-08-30T08:44:00
12.79649	-55.46002	0	62	2021-08-30T08:48:58
12.79640	-55.46112	0	62	2021-08-30T08:53:59
12.79632	-55.46220	0	62	2021-08-30T08:59:02
12.79628	-55.46323	0	62	2021-08-30T09:04:01
12.79630	-55.46423	0	62	2021-08-30T09:09:01
12.79629	-55.46524	0	62	2021-08-30T09:13:58
12.79630	-55.46616	0	62	2021-08-30T09:18:56
12.79629	-55.46713	0	62	2021-08-30T09:23:57
12.79629	-55.46811	0	62	2021-08-30T09:28:58
12.79633	-55.46921	0	62	2021-08-30T09:34:26
12.79632	-55.47007	0	62	2021-08-30T09:38:55
12.79632	-55.47101	0	62	2021-08-30T09:43:56
12.79627	-55.47202	0	62	2021-08-30T09:48:57
12.79624	-55.47284	0	62	2021-08-30T09:53:54
12.79618	-55.47369	0	62	2021-08-30T09:58:55
12.79607	-55.47461	0	62	2021-08-30T10:03:55
12.79594	-55.47543	0	62	2021-08-30T10:08:52
12.79588	-55.47623	0	62	2021-08-30T10:13:49
12.79581	-55.47708	0	62	2021-08-30T10:18:50
12.79577	-55.47791	0	62	2021-08-30T10:23:51
12.79575	-55.47870	0	62	2021-08-30T10:28:48
12.79583	-55.47955	0	62	2021-08-30T10:34:26
12.79591	-55.48026	0	62	2021-08-30T10:38:47
12.79596	-55.48108	0	62	2021-08-30T10:43:50
12.79604	-55.48187	0	62	2021-08-30T10:48:48
12.79604	-55.48257	0	62	2021-08-30T10:53:49
12.79619	-55.48328	0	62	2021-08-30T10:58:46
12.79640	-55.48389	0	62	2021-08-30T11:03:47
12.79660	-55.48462	0	62	2021-08-30T11:08:47
12.79678	-55.48541	0	62	2021-08-30T11:13:47
12.79696	-55.48627	0	62	2021-08-30T11:18:45
12.79718	-55.48708	0	62	2021-08-30T11:24:24
12.79731	-55.48785	0	62	2021-08-30T11:29:24
12.79740	-55.48862	0	62	2021-08-30T11:34:23
12.79751	-55.48920	0	62	2021-08-30T11:38:47
12.79757	-55.48972	0	62	2021-08-30T11:43:46
12.79774	-55.49023	0	62	2021-08-30T11:48:49
12.79799	-55.49081	0	62	2021-08-30T11:53:47
12.79822	-55.49139	0	62	2021-08-30T11:58:51
12.79851	-55.49207	0	62	2021-08-30T12:03:52
12.79884	-55.49265	0	62	2021-08-30T12:08:53
12.79910	-55.49329	0	62	2021-08-30T12:13:47
12.79937	-55.49393	0	62	2021-08-30T12:18:48
12.79968	-55.49453	0	62	2021-08-30T12:24:24
12.79994	-55.49513	0	62	2021-08-30T12:29:24
12.80028	-55.49582	0	62	2021-08-30T12:34:25
12.80053	-55.49634	0	62	2021-08-30T12:38:47
12.80080	-55.49701	0	62	2021-08-30T12:43:45
12.80103	-55.49771	0	62	2021-08-30T12:48:46
12.80130	-55.49844	0	62	2021-08-30T12:53:49
12.80157	-55.49911	0	62	2021-08-30T12:58:47
12.80175	-55.49973	0	62	2021-08-30T13:03:45
12.80193	-55.50043	0	62	2021-08-30T13:08:48
12.80208	-55.50104	0	62	2021-08-30T13:13:50
12.80223	-55.50168	0	62	2021-08-30T13:18:50
12.80245	-55.50226	0	62	2021-08-30T13:23:48
12.80268	-55.50288	0	62	2021-08-30T13:28:52
12.80289	-55.50348	0	62	2021-08-30T13:33:53
12.80306	-55.50391	0	62	2021-08-30T13:38:53
12.80327	-55.50436	0	62	2021-08-30T13:43:55
12.80342	-55.50491	0	62	2021-08-30T13:48:55
12.80364	-55.50543	0	62	2021-08-30T13:53:57
12.80373	-55.50586	0	62	2021-08-30T13:58:57
12.80386	-55.50635	0	62	2021-08-30T14:03:57
12.80393	-55.50681	0	62	2021-08-30T14:08:59
12.80383	-55.50738	0	62	2021-08-30T14:14:00
12.80379	-55.50781	0	62	2021-08-30T14:19:00
12.80384	-55.50842	0	62	2021-08-30T14:24:01
12.80387	-55.50885	0	62	2021-08-30T14:28:58
12.80398	-55.50949	0	62	2021-08-30T14:34:25
12.80412	-55.50998	0	62	2021-08-30T14:39:00
12.80420	-55.51062	0	62	2021-08-30T14:43:58
12.80435	-55.51114	0	62	2021-08-30T14:48:58
12.80448	-55.51163	0	62	2021-08-30T14:54:00
12.80461	-55.51218	0	62	2021-08-30T14:59:04
12.80472	-55.51279	0	62	2021-08-30T15:04:04
12.80483	-55.51347	0	62	2021-08-30T15:09:04
12.80487	-55.51398	0	62	2021-08-30T15:14:03
12.80501	-55.51453	0	62	2021-08-30T15:19:04
12.80510	-55.51501	0	62	2021-08-30T15:24:05
12.80517	-55.51553	0	62	2021-08-30T15:29:05
12.80522	-55.51611	0	62	2021-08-30T15:34:25
12.80528	-55.51651	0	62	2021-08-30T15:39:02
12.80546	-55.51694	0	62	2021-08-30T15:44:03
12.80557	-55.51743	0	62	2021-08-30T15:49:01
12.80565	-55.51791	0	62	2021-08-30T15:54:04
12.80571	-55.51840	0	62	2021-08-30T15:59:06
12.80576	-55.51886	0	62	2021-08-30T16:04:04
12.80576	-55.51938	0	62	2021-08-30T16:09:04
12.80581	-55.51981	0	62	2021-08-30T16:14:05
12.80583	-55.52017	0	62	2021-08-30T16:19:02
12.80581	-55.52072	0	62	2021-08-30T16:24:07
12.80579	-55.52130	0	62	2021-08-30T16:29:06
12.80581	-55.52191	0	62	2021-08-30T16:34:26
12.80571	-55.52240	0	62	2021-08-30T16:39:05
12.80555	-55.52302	0	62	2021-08-30T16:44:06
12.80538	-55.52362	0	62	2021-08-30T16:49:07
12.80532	-55.52420	0	62	2021-08-30T16:54:05
12.80518	-55.52466	0	62	2021-08-30T16:59:06
12.80502	-55.52533	0	62	2021-08-30T17:04:06
12.80488	-55.52597	0	62	2021-08-30T17:09:07
12.80466	-55.52652	0	62	2021-08-30T17:14:06
12.80451	-55.52707	0	62	2021-08-30T17:19:07
12.80439	-55.52747	0	62	2021-08-30T17:24:05
12.80418	-55.52795	0	62	2021-08-30T17:29:06
12.80353	-55.52883	0	62	2021-08-30T17:39:05
12.80319	-55.52917	0	62	2021-08-30T17:44:05
12.80289	-55.52951	0	62	2021-08-30T17:49:06
12.80263	-55.52997	0	62	2021-08-30T17:54:07
12.80229	-55.53039	0	62	2021-08-30T17:59:04
12.80195	-55.53082	0	62	2021-08-30T18:04:04
12.80156	-55.53116	0	62	2021-08-30T18:09:04
12.80116	-55.53156	0	62	2021-08-30T18:14:05
12.80077	-55.53201	0	62	2021-08-30T18:19:03
12.80037	-55.53238	0	62	2021-08-30T18:24:00
12.79997	-55.53290	0	62	2021-08-30T18:29:01
12.79959	-55.53351	0	62	2021-08-30T18:34:28
12.79931	-55.53403	0	62	2021-08-30T18:38:58
12.79899	-55.53464	0	62	2021-08-30T18:43:57
12.79863	-55.53519	0	62	2021-08-30T18:48:52
12.79828	-55.53574	0	62	2021-08-30T18:53:51
12.79800	-55.53629	0	62	2021-08-30T18:58:51
12.79769	-55.53683	0	62	2021-08-30T19:03:54
12.79739	-55.53735	0	62	2021-08-30T19:08:52
12.79710	-55.53799	0	62	2021-08-30T19:13:52
12.79689	-55.53836	0	62	2021-08-30T19:18:53
12.79663	-55.53876	0	62	2021-08-30T19:23:51
12.79637	-55.53918	0	62	2021-08-30T19:28:53
12.79603	-55.53976	0	62	2021-08-30T19:34:27
12.79570	-55.54019	0	62	2021-08-30T19:38:54
12.79539	-55.54059	0	62	2021-08-30T19:43:55
12.79507	-55.54114	0	62	2021-08-30T19:48:56
12.79475	-55.54163	0	62	2021-08-30T19:53:56
12.79439	-55.54212	0	62	2021-08-30T19:58:56
12.79422	-55.54263	0	62	2021-08-30T20:03:55
12.79404	-55.54315	0	62	2021-08-30T20:08:55
12.79389	-55.54367	0	62	2021-08-30T20:14:00
12.79376	-55.54419	0	62	2021-08-30T20:18:57
12.79370	-55.54459	0	62	2021-08-30T20:23:57
12.79350	-55.54495	0	62	2021-08-30T20:28:55
12.79332	-55.54535	0	62	2021-08-30T20:34:26
12.79314	-55.54562	0	62	2021-08-30T20:38:57
12.79291	-55.54605	0	62	2021-08-30T20:43:53
12.79270	-55.54639	0	62	2021-08-30T20:48:53
12.79241	-55.54675	0	62	2021-08-30T20:53:52
12.79214	-55.54718	0	62	2021-08-30T20:58:53
12.79186	-55.54752	0	62	2021-08-30T21:03:50
12.79155	-55.54791	0	62	2021-08-30T21:08:51
12.79122	-55.54831	0	62	2021-08-30T21:13:51
12.79104	-55.54886	0	62	2021-08-30T21:18:50
12.79084	-55.54926	0	62	2021-08-30T21:23:52
12.79063	-55.54968	0	62	2021-08-30T21:28:50
12.79035	-55.54996	0	62	2021-08-30T21:34:25
12.79016	-55.55026	0	62	2021-08-30T21:38:55
12.78994	-55.55063	0	62	2021-08-30T21:43:53
12.78982	-55.55096	0	62	2021-08-30T21:48:56
12.78973	-55.55124	0	62	2021-08-30T21:53:54
12.78967	-55.55145	0	62	2021-08-30T21:58:57
12.78965	-55.55176	0	62	2021-08-30T22:03:56
12.78957	-55.55203	0	62	2021-08-30T22:08:59
12.78946	-55.55240	0	62	2021-08-30T22:13:57
12.78932	-55.55283	0	62	2021-08-30T22:18:59
12.78929	-55.55338	0	62	2021-08-30T22:23:59
12.78922	-55.55399	0	62	2021-08-30T22:28:57
12.78918	-55.55466	0	62	2021-08-30T22:34:27
12.78920	-55.55524	0	62	2021-08-30T22:39:00
12.78918	-55.55579	0	62	2021-08-30T22:44:02
12.78924	-55.55631	0	62	2021-08-30T22:49:03
12.78937	-55.55682	0	62	2021-08-30T22:54:03
12.78950	-55.55746	0	62	2021-08-30T22:59:05
12.78938	-55.55811	0	62	2021-08-30T23:04:04
12.78931	-55.55865	0	62	2021-08-30T23:09:03
12.78923	-55.55911	0	62	2021-08-30T23:14:06
12.78897	-55.55951	0	62	2021-08-30T23:19:04
12.78881	-55.56003	0	62	2021-08-30T23:24:06
12.78874	-55.56062	0	62	2021-08-30T23:29:29
12.78865	-55.56113	0	62	2021-08-30T23:34:29
12.78849	-55.56171	0	62	2021-08-30T23:39:07
12.78831	-55.56223	0	62	2021-08-30T23:44:09
12.78825	-55.56281	0	62	2021-08-30T23:49:09
12.78824	-55.56332	0	62	2021-08-30T23:54:11
12.78829	-55.56381	0	62	2021-08-30T23:59:15
12.78852	-55.56430	0	62	2021-08-31T00:04:28
12.78861	-55.56476	0	62	2021-08-31T00:09:17
12.78869	-55.56522	0	62	2021-08-31T00:14:14
12.78874	-55.56570	0	62	2021-08-31T00:19:19
12.78882	-55.56616	0	62	2021-08-31T00:24:18
12.78889	-55.56665	0	62	2021-08-31T00:29:16
12.78884	-55.56729	0	62	2021-08-31T00:34:56
12.78878	-55.56769	0	62	2021-08-31T00:39:15
12.78875	-55.56818	0	62	2021-08-31T00:44:16
12.78870	-55.56866	0	62	2021-08-31T00:49:17
12.78864	-55.56918	0	62	2021-08-31T00:54:20
12.78854	-55.56975	0	62	2021-08-31T00:59:17
12.78857	-55.57028	0	62	2021-08-31T01:04:15
12.78845	-55.57086	0	62	2021-08-31T01:09:16
12.78835	-55.57144	0	62	2021-08-31T01:14:15
12.78832	-55.57205	0	62	2021-08-31T01:19:13
12.78827	-55.57257	0	62	2021-08-31T01:24:17
12.78815	-55.57309	0	62	2021-08-31T01:29:14
12.78803	-55.57364	0	62	2021-08-31T01:34:15
12.78799	-55.57407	0	62	2021-08-31T01:39:14
12.78795	-55.57455	0	62	2021-08-31T01:44:17
12.78785	-55.57498	0	62	2021-08-31T01:49:19
12.78775	-55.57544	0	62	2021-08-31T01:54:18
12.78761	-55.57590	0	62	2021-08-31T01:59:17
12.78750	-55.57623	0	62	2021-08-31T02:04:20
12.78733	-55.57666	0	62	2021-08-31T02:09:18
12.78720	-55.57712	0	62	2021-08-31T02:14:20
12.78701	-55.57755	0	62	2021-08-31T02:19:22
12.78683	-55.57800	0	62	2021-08-31T02:24:21
12.78656	-55.57843	0	62	2021-08-31T02:29:20
12.78633	-55.57892	0	62	2021-08-31T02:34:54
12.78610	-55.57944	0	62	2021-08-31T02:39:23
12.78582	-55.58002	0	62	2021-08-31T02:44:23
12.78564	-55.58060	0	62	2021-08-31T02:49:25
12.78537	-55.58121	0	62	2021-08-31T02:54:22
12.78516	-55.58179	0	62	2021-08-31T02:59:24
12.78506	-55.58246	0	62	2021-08-31T03:04:24
12.78485	-55.58304	0	62	2021-08-31T03:09:25
12.78467	-55.58371	0	62	2021-08-31T03:14:25
12.78457	-55.58444	0	62	2021-08-31T03:19:26
12.78436	-55.58514	0	62	2021-08-31T03:24:24
12.78417	-55.58594	0	62	2021-08-31T03:29:28
12.78398	-55.58679	0	62	2021-08-31T03:34:56
12.78378	-55.58746	0	62	2021-08-31T03:39:26
12.78359	-55.58826	0	62	2021-08-31T03:44:29
12.78337	-55.58896	0	62	2021-08-31T03:49:27
12.78319	-55.58969	0	62	2021-08-31T03:54:25
12.78292	-55.59045	0	62	2021-08-31T03:59:25
12.78279	-55.59125	0	62	2021-08-31T04:04:25
12.78266	-55.59195	0	62	2021-08-31T04:09:23
12.78244	-55.59274	0	62	2021-08-31T04:14:24
12.78224	-55.59354	0	62	2021-08-31T04:19:25
12.78201	-55.59438	0	62	2021-08-31T04:24:23
12.78180	-55.59515	0	62	2021-08-31T04:29:23
12.78155	-55.59607	0	62	2021-08-31T04:34:54
12.78133	-55.59671	0	62	2021-08-31T04:39:21
12.78115	-55.59750	0	62	2021-08-31T04:44:22
12.78088	-55.59818	0	62	2021-08-31T04:49:21
12.78051	-55.59882	0	62	2021-08-31T04:54:23
12.78019	-55.59943	0	62	2021-08-31T04:59:24
12.77983	-55.60004	0	62	2021-08-31T05:04:24
12.77948	-55.60077	0	62	2021-08-31T05:09:22
12.77920	-55.60156	0	62	2021-08-31T05:14:23
12.77886	-55.60220	0	62	2021-08-31T05:19:22
12.77849	-55.60297	0	62	2021-08-31T05:24:23
12.77807	-55.60381	0	62	2021-08-31T05:29:55
12.77773	-55.60458	0	62	2021-08-31T05:34:54
12.77750	-55.60535	0	62	2021-08-31T05:39:19
12.77708	-55.60617	0	62	2021-08-31T05:44:20
12.77669	-55.60696	0	62	2021-08-31T05:49:20
12.77627	-55.60788	0	62	2021-08-31T05:54:22
12.77584	-55.60873	0	62	2021-08-31T05:59:20
12.77549	-55.60965	0	62	2021-08-31T06:04:23
12.77514	-55.61056	0	62	2021-08-31T06:09:24
12.77475	-55.61133	0	62	2021-08-31T06:14:24
12.77433	-55.61218	0	62	2021-08-31T06:19:26
12.77394	-55.61310	0	62	2021-08-31T06:24:24
12.77354	-55.61404	0	62	2021-08-31T06:29:25
12.77307	-55.61508	0	62	2021-08-31T06:34:53
12.77267	-55.61588	0	62	2021-08-31T06:39:26
12.77215	-55.61682	0	62	2021-08-31T06:44:23
12.77155	-55.61774	0	62	2021-08-31T06:49:22
12.77093	-55.61862	0	62	2021-08-31T06:54:23
12.77031	-55.61942	0	62	2021-08-31T06:59:24
12.76981	-55.62027	0	62	2021-08-31T07:04:22
12.76930	-55.62115	0	62	2021-08-31T07:09:23
12.76878	-55.62198	0	62	2021-08-31T07:14:20
12.76832	-55.62286	0	62	2021-08-31T07:19:21
12.76792	-55.62375	0	62	2021-08-31T07:24:21
12.76742	-55.62460	0	62	2021-08-31T07:29:19
12.76693	-55.62552	0	62	2021-08-31T07:34:54
12.76656	-55.62619	0	62	2021-08-31T07:39:24
12.76616	-55.62695	0	62	2021-08-31T07:44:25
12.76585	-55.62766	0	62	2021-08-31T07:49:25
12.76562	-55.62845	0	62	2021-08-31T07:54:23
12.76529	-55.62926	0	62	2021-08-31T07:59:24
12.76486	-55.63003	0	62	2021-08-31T08:04:24
12.76447	-55.63080	0	62	2021-08-31T08:09:23
12.76406	-55.63156	0	62	2021-08-31T08:14:22
12.76368	-55.63242	0	62	2021-08-31T08:19:24
12.76337	-55.63333	0	62	2021-08-31T08:24:23
12.76308	-55.63419	0	62	2021-08-31T08:29:24
12.76277	-55.63519	0	62	2021-08-31T08:34:56
12.76256	-55.63599	0	62	2021-08-31T08:39:23
12.76235	-55.63678	0	62	2021-08-31T08:44:27
12.76210	-55.63754	0	62	2021-08-31T08:49:25
12.76182	-55.63834	0	62	2021-08-31T08:54:25
12.76164	-55.63916	0	62	2021-08-31T08:59:27
12.76149	-55.64001	0	62	2021-08-31T09:04:27
12.76131	-55.64084	0	62	2021-08-31T09:09:29
12.76120	-55.64151	0	62	2021-08-31T09:14:29
12.76106	-55.64224	0	62	2021-08-31T09:19:33
12.76097	-55.64301	0	62	2021-08-31T09:24:32
12.76089	-55.64383	0	62	2021-08-31T09:29:36
12.76080	-55.64468	0	62	2021-08-31T09:34:56
12.76075	-55.64551	0	62	2021-08-31T09:39:34
12.76070	-55.64630	0	62	2021-08-31T09:44:37
12.76073	-55.64709	0	62	2021-08-31T09:49:39
12.76076	-55.64789	0	62	2021-08-31T09:54:37
12.76087	-55.64871	0	62	2021-08-31T09:59:40
12.76102	-55.64956	0	62	2021-08-31T10:04:41
12.76119	-55.65033	0	62	2021-08-31T10:09:41
12.76137	-55.65109	0	62	2021-08-31T10:14:40
12.76161	-55.65186	0	62	2021-08-31T10:19:43
12.76190	-55.65265	0	62	2021-08-31T10:24:41
12.76217	-55.65338	0	62	2021-08-31T10:29:43
12.76247	-55.65427	0	62	2021-08-31T10:35:06
12.76268	-55.65497	0	62	2021-08-31T10:39:44
12.76294	-55.65582	0	62	2021-08-31T10:44:41
12.76321	-55.65676	0	62	2021-08-31T10:49:42
12.76347	-55.65762	0	62	2021-08-31T10:54:42
12.76370	-55.65845	0	62	2021-08-31T10:59:42
12.76394	-55.65924	0	62	2021-08-31T11:04:40
12.76414	-55.66015	0	62	2021-08-31T11:09:41
12.76435	-55.66092	0	62	2021-08-31T11:14:41
12.76458	-55.66174	0	62	2021-08-31T11:19:43
12.76477	-55.66257	0	62	2021-08-31T11:24:43
12.76491	-55.66342	0	62	2021-08-31T11:29:45
12.76523	-55.66431	0	62	2021-08-31T11:35:08
12.76539	-55.66507	0	62	2021-08-31T11:39:46
12.76559	-55.66589	0	62	2021-08-31T11:44:47
12.76590	-55.66660	0	62	2021-08-31T11:49:47
12.76619	-55.66733	0	62	2021-08-31T11:54:49
12.76645	-55.66809	0	62	2021-08-31T11:59:47
12.76668	-55.66891	0	62	2021-08-31T12:04:50
12.76698	-55.66977	0	62	2021-08-31T12:09:48
12.76710	-55.67056	0	62	2021-08-31T12:14:51
12.76710	-55.67130	0	62	2021-08-31T12:19:50
12.76715	-55.67207	0	62	2021-08-31T12:24:53
12.76719	-55.67276	0	62	2021-08-31T12:29:52
12.76727	-55.67377	0	62	2021-08-31T12:35:56
12.76739	-55.67452	0	62	2021-08-31T12:40:01
12.76752	-55.67529	0	62	2021-08-31T12:45:01
12.76778	-55.67606	0	62	2021-08-31T12:49:59
12.76800	-55.67692	0	62	2021-08-31T12:55:00
12.76817	-55.67761	0	62	2021-08-31T13:00:00
12.76843	-55.67838	0	62	2021-08-31T13:05:01
12.76876	-55.67908	0	62	2021-08-31T13:09:55
12.76914	-55.67978	0	62	2021-08-31T13:14:56
12.76948	-55.68042	0	62	2021-08-31T13:19:56
12.76989	-55.68109	0	62	2021-08-31T13:24:59
12.77027	-55.68164	0	62	2021-08-31T13:30:00
12.77072	-55.68222	0	62	2021-08-31T13:35:25
12.77103	-55.68277	0	62	2021-08-31T13:39:58
12.77133	-55.68311	0	62	2021-08-31T13:44:57
12.77174	-55.68359	0	62	2021-08-31T13:50:00
12.77211	-55.68405	0	62	2021-08-31T13:55:02
12.77253	-55.68452	0	62	2021-08-31T14:00:03
12.77283	-55.68503	0	62	2021-08-31T14:05:03
12.77311	-55.68558	0	62	2021-08-31T14:10:05
12.77331	-55.68613	0	62	2021-08-31T14:15:02
12.77357	-55.68662	0	62	2021-08-31T14:20:03
12.77383	-55.68713	0	62	2021-08-31T14:25:03
12.77409	-55.68762	0	62	2021-08-31T14:30:04
12.77442	-55.68820	0	62	2021-08-31T14:35:25
12.77447	-55.68866	0	62	2021-08-31T14:40:01
12.77460	-55.68915	0	62	2021-08-31T14:45:00
12.77470	-55.68964	0	62	2021-08-31T14:49:59
12.77477	-55.69012	0	62	2021-08-31T14:55:01
12.77483	-55.69058	0	62	2021-08-31T15:00:00
12.77477	-55.69095	0	62	2021-08-31T15:04:58
12.77478	-55.69141	0	62	2021-08-31T15:10:03
12.77469	-55.69183	0	62	2021-08-31T15:15:00
12.77461	-55.69247	0	62	2021-08-31T15:20:01
12.77457	-55.69305	0	62	2021-08-31T15:25:04
12.77446	-55.69363	0	62	2021-08-31T15:30:02
12.77442	-55.69415	0	62	2021-08-31T15:35:27
12.77428	-55.69473	0	62	2021-08-31T15:40:04
12.77417	-55.69534	0	62	2021-08-31T15:45:01
12.77411	-55.69595	0	62	2021-08-31T15:49:59
12.77399	-55.69657	0	62	2021-08-31T15:55:03
12.77382	-55.69717	0	62	2021-08-31T16:00:03
12.77362	-55.69785	0	62	2021-08-31T16:05:05
12.77346	-55.69846	0	62	2021-08-31T16:10:01
12.77330	-55.69907	0	62	2021-08-31T16:15:03
12.77304	-55.69965	0	62	2021-08-31T16:20:04
12.77283	-55.70026	0	62	2021-08-31T16:25:04
12.77256	-55.70093	0	62	2021-08-31T16:30:01
12.77215	-55.70172	0	62	2021-08-31T16:35:37
12.77192	-55.70230	0	62	2021-08-31T16:40:02
12.77157	-55.70297	0	62	2021-08-31T16:45:03
12.77109	-55.70364	0	62	2021-08-31T16:50:01
12.77057	-55.70432	0	62	2021-08-31T16:55:02
12.77017	-55.70483	0	62	2021-08-31T17:00:03
12.76968	-55.70538	0	62	2021-08-31T17:05:02
12.76934	-55.70584	0	62	2021-08-31T17:10:01
12.76884	-55.70636	0	62	2021-08-31T17:15:00
12.76837	-55.70694	0	62	2021-08-31T17:20:03
12.76784	-55.70752	0	62	2021-08-31T17:25:03
12.76725	-55.70813	0	62	2021-08-31T17:30:03
12.76661	-55.70874	0	62	2021-08-31T17:35:25
12.76592	-55.70920	0	62	2021-08-31T17:40:04
12.76515	-55.70969	0	62	2021-08-31T17:45:03
12.76446	-55.71027	0	62	2021-08-31T17:50:04
12.76360	-55.71088	0	62	2021-08-31T17:55:07
12.76256	-55.71143	0	62	2021-08-31T18:00:05
12.76152	-55.71204	0	62	2021-08-31T18:05:07
12.76043	-55.71265	0	62	2021-08-31T18:10:06
12.75949	-55.71323	0	62	2021-08-31T18:15:07
12.75852	-55.71399	0	62	2021-08-31T18:20:05
12.75753	-55.71472	0	62	2021-08-31T18:25:06
12.75660	-55.71545	0	62	2021-08-31T18:30:05
12.75566	-55.71628	0	62	2021-08-31T18:35:27
12.75474	-55.71707	0	62	2021-08-31T18:40:07
12.75375	-55.71793	0	62	2021-08-31T18:45:06
12.75267	-55.71881	0	62	2021-08-31T18:50:10
12.75168	-55.71967	0	62	2021-08-31T18:55:11
12.75070	-55.72055	0	62	2021-08-31T19:00:05
12.74982	-55.72141	0	62	2021-08-31T19:05:08
12.74901	-55.72229	0	62	2021-08-31T19:10:10
12.74831	-55.72314	0	62	2021-08-31T19:15:07
12.74763	-55.72400	0	62	2021-08-31T19:20:06
12.74688	-55.72482	0	62	2021-08-31T19:25:07
12.74601	-55.72574	0	62	2021-08-31T19:30:08
12.74518	-55.72675	0	62	2021-08-31T19:35:26
12.74446	-55.72766	0	62	2021-08-31T19:40:07
12.74371	-55.72861	0	62	2021-08-31T19:45:04
12.74301	-55.72958	0	62	2021-08-31T19:50:01
12.74230	-55.73050	0	62	2021-08-31T19:55:02
12.74154	-55.73148	0	62	2021-08-31T20:00:03
12.74074	-55.73246	0	62	2021-08-31T20:04:59
12.74010	-55.73340	0	62	2021-08-31T20:09:59
12.73948	-55.73441	0	62	2021-08-31T20:14:58
12.73892	-55.73538	0	62	2021-08-31T20:19:58
12.73834	-55.73639	0	62	2021-08-31T20:24:56
12.73776	-55.73734	0	62	2021-08-31T20:30:01
12.73704	-55.73831	0	62	2021-08-31T20:35:27
12.73654	-55.73926	0	62	2021-08-31T20:39:58
12.73595	-55.74026	0	62	2021-08-31T20:44:56
12.73542	-55.74127	0	62	2021-08-31T20:49:58
12.73492	-55.74234	0	62	2021-08-31T20:54:59
12.73444	-55.74344	0	62	2021-08-31T20:59:58
12.73400	-55.74454	0	62	2021-08-31T21:04:57
12.73358	-55.74564	0	62	2021-08-31T21:09:55
12.73318	-55.74677	0	62	2021-08-31T21:14:55
12.73280	-55.74786	0	62	2021-08-31T21:19:53
12.73246	-55.74899	0	62	2021-08-31T21:24:58
12.73214	-55.75017	0	62	2021-08-31T21:30:26
12.73175	-55.75146	0	62	2021-08-31T21:35:27
12.73150	-55.75259	0	62	2021-08-31T21:40:00
12.73122	-55.75385	0	62	2021-08-31T21:44:58
12.73090	-55.75516	0	62	2021-08-31T21:50:01
12.73056	-55.75644	0	62	2021-08-31T21:55:00
12.73024	-55.75769	0	62	2021-08-31T22:00:03
12.72990	-55.75897	0	62	2021-08-31T22:05:02
12.72960	-55.76035	0	62	2021-08-31T22:10:06
12.72929	-55.76163	0	62	2021-08-31T22:15:06
12.72901	-55.76282	0	62	2021-08-31T22:20:08
12.72882	-55.76398	0	62	2021-08-31T22:25:07
12.72863	-55.76511	0	62	2021-08-31T22:30:05
12.72835	-55.76639	0	62	2021-08-31T22:35:26
12.72804	-55.76749	0	62	2021-08-31T22:40:03
12.72774	-55.76868	0	62	2021-08-31T22:45:04
12.72740	-55.76998	0	62	2021-08-31T22:50:04
12.72701	-55.77118	0	62	2021-08-31T22:55:04
12.72670	-55.77243	0	62	2021-08-31T23:00:06
12.72629	-55.77359	0	62	2021-08-31T23:05:04
12.72586	-55.77466	0	62	2021-08-31T23:10:04
12.72543	-55.77573	0	62	2021-08-31T23:15:05
12.72495	-55.77679	0	62	2021-08-31T23:20:05
12.72452	-55.77789	0	62	2021-08-31T23:25:10
12.72401	-55.77893	0	62	2021-08-31T23:30:08
12.72344	-55.78003	0	62	2021-08-31T23:35:28
12.72293	-55.78113	0	62	2021-08-31T23:40:10
12.72238	-55.78220	0	62	2021-08-31T23:45:11
12.72180	-55.78328	0	62	2021-08-31T23:50:11
12.72133	-55.78422	0	62	2021-08-31T23:55:11
12.72086	-55.78516	0	62	2021-09-01T00:00:10
12.72043	-55.78616	0	62	2021-09-01T00:05:10
12.72007	-55.78723	0	62	2021-09-01T00:10:11
12.71972	-55.78821	0	62	2021-09-01T00:15:14
12.71942	-55.78931	0	62	2021-09-01T00:20:13
12.71918	-55.79041	0	62	2021-09-01T00:25:14
12.71887	-55.79147	0	62	2021-09-01T00:30:14
12.71861	-55.79260	0	62	2021-09-01T00:35:37
12.71837	-55.79361	0	62	2021-09-01T00:40:15
12.71812	-55.79465	0	62	2021-09-01T00:45:13
12.71789	-55.79568	0	62	2021-09-01T00:50:14
12.71767	-55.79675	0	62	2021-09-01T00:55:17
12.71739	-55.79779	0	62	2021-09-01T01:00:16
12.71711	-55.79889	0	62	2021-09-01T01:05:17
12.71686	-55.79990	0	62	2021-09-01T01:10:17
12.71669	-55.80090	0	62	2021-09-01T01:15:17
12.71647	-55.80191	0	62	2021-09-01T01:20:19
12.71625	-55.80292	0	62	2021-09-01T01:25:20
12.71603	-55.80386	0	62	2021-09-01T01:30:21
12.71578	-55.80502	0	62	2021-09-01T01:35:56
12.71554	-55.80600	0	62	2021-09-01T01:40:23
12.71528	-55.80713	0	62	2021-09-01T01:45:27
12.71502	-55.80807	0	62	2021-09-01T01:50:27
12.71473	-55.80908	0	62	2021-09-01T01:55:29
12.71442	-55.81003	0	62	2021-09-01T02:00:30
12.71404	-55.81100	0	62	2021-09-01T02:05:34
12.71364	-55.81201	0	62	2021-09-01T02:10:31
12.71327	-55.81302	0	62	2021-09-01T02:15:28
12.71285	-55.81414	0	62	2021-09-01T02:20:25
12.71248	-55.81491	0	62	2021-09-01T02:25:26
12.71207	-55.81586	0	62	2021-09-01T02:30:26
12.71168	-55.81693	0	62	2021-09-01T02:35:52
12.71128	-55.81781	0	62	2021-09-01T02:40:25
12.71087	-55.81882	0	62	2021-09-01T02:45:22
12.71036	-55.81982	0	62	2021-09-01T02:50:23
12.70993	-55.82086	0	62	2021-09-01T02:55:24
12.70953	-55.82172	0	62	2021-09-01T03:00:23
12.70923	-55.82254	0	62	2021-09-01T03:05:25
12.70900	-55.82333	0	62	2021-09-01T03:10:22
12.70870	-55.82422	0	62	2021-09-01T03:15:24
12.70842	-55.82504	0	62	2021-09-01T03:20:24
12.70824	-55.82590	0	62	2021-09-01T03:25:25
12.70792	-55.82663	0	62	2021-09-01T03:30:25
12.70772	-55.82758	0	62	2021-09-01T03:35:57
12.70759	-55.82822	0	62	2021-09-01T03:40:24
12.70735	-55.82901	0	62	2021-09-01T03:45:27
12.70710	-55.82982	0	62	2021-09-01T03:50:29
12.70684	-55.83051	0	62	2021-09-01T03:55:29
12.70658	-55.83124	0	62	2021-09-01T04:00:27
12.70640	-55.83197	0	62	2021-09-01T04:05:25
12.70618	-55.83276	0	62	2021-09-01T04:10:28
12.70600	-55.83365	0	62	2021-09-01T04:15:26
12.70581	-55.83450	0	62	2021-09-01T04:20:29
12.70562	-55.83545	0	62	2021-09-01T04:25:31
12.70544	-55.83640	0	62	2021-09-01T04:30:29
12.70524	-55.83746	0	62	2021-09-01T04:35:56
12.70510	-55.83835	0	62	2021-09-01T04:40:31
12.70491	-55.83926	0	62	2021-09-01T04:45:34
12.70472	-55.84021	0	62	2021-09-01T04:50:36
12.70458	-55.84109	0	62	2021-09-01T04:55:36
12.70450	-55.84201	0	62	2021-09-01T05:00:36
12.70445	-55.84290	0	62	2021-09-01T05:05:38
12.70438	-55.84372	0	62	2021-09-01T05:10:39
12.70430	-55.84448	0	62	2021-09-01T05:15:41
12.70419	-55.84521	0	62	2021-09-01T05:20:41
12.70410	-55.84598	0	62	2021-09-01T05:25:42
12.70400	-55.84671	0	62	2021-09-01T05:30:42
12.70385	-55.84753	0	62	2021-09-01T05:36:06
12.70371	-55.84824	0	62	2021-09-01T05:40:44
12.70356	-55.84888	0	62	2021-09-01T05:45:45
12.70348	-55.84955	0	62	2021-09-01T05:50:45
12.70336	-55.85007	0	62	2021-09-01T05:55:46
12.70327	-55.85056	0	62	2021-09-01T06:00:44
12.70327	-55.85098	0	62	2021-09-01T06:05:45
12.70323	-55.85147	0	62	2021-09-01T06:10:44
12.70315	-55.85199	0	62	2021-09-01T06:15:45
12.70307	-55.85248	0	62	2021-09-01T06:20:43
12.70302	-55.85287	0	62	2021-09-01T06:25:44
12.70286	-55.85327	0	62	2021-09-01T06:30:42
12.70268	-55.85376	0	62	2021-09-01T06:36:05
12.70253	-55.85413	0	62	2021-09-01T06:40:43
12.70237	-55.85452	0	62	2021-09-01T06:45:44
12.70217	-55.85504	0	62	2021-09-01T06:50:41
12.70199	-55.85553	0	62	2021-09-01T06:55:39
12.70178	-55.85608	0	62	2021-09-01T07:00:41
12.70147	-55.85663	0	62	2021-09-01T07:05:39
12.70125	-55.85718	0	62	2021-09-01T07:10:40
12.70103	-55.85776	0	62	2021-09-01T07:15:41
12.70082	-55.85829	0	62	2021-09-01T07:20:37
12.70065	-55.85889	0	62	2021-09-01T07:25:36
12.70041	-55.85947	0	62	2021-09-01T07:30:37
12.70006	-55.86014	0	62	2021-09-01T07:35:55
12.69982	-55.86075	0	62	2021-09-01T07:40:38
12.69954	-55.86145	0	62	2021-09-01T07:45:41
12.69931	-55.86213	0	62	2021-09-01T07:50:39
12.69914	-55.86282	0	62	2021-09-01T07:55:39
12.69903	-55.86362	0	62	2021-09-01T08:00:42
12.69884	-55.86435	0	62	2021-09-01T08:05:42
12.69875	-55.86505	0	62	2021-09-01T08:10:43
12.69864	-55.86575	0	62	2021-09-01T08:15:44
12.69852	-55.86652	0	62	2021-09-01T08:20:45
12.69837	-55.86737	0	62	2021-09-01T08:25:48
12.69820	-55.86823	0	62	2021-09-01T08:30:47
12.69802	-55.86920	0	62	2021-09-01T08:36:25
12.69781	-55.86993	0	62	2021-09-01T08:40:47
12.69757	-55.87073	0	62	2021-09-01T08:45:48
12.69732	-55.87149	0	62	2021-09-01T08:50:49
12.69714	-55.87228	0	62	2021-09-01T08:55:46
12.69690	-55.87308	0	62	2021-09-01T09:00:47
12.69659	-55.87390	0	62	2021-09-01T09:05:45
12.69631	-55.87468	0	62	2021-09-01T09:10:45
12.69601	-55.87537	0	62	2021-09-01T09:15:45
12.69563	-55.87607	0	62	2021-09-01T09:20:46
12.69523	-55.87671	0	62	2021-09-01T09:25:44
12.69493	-55.87744	0	62	2021-09-01T09:30:45
12.69466	-55.87830	0	62	2021-09-01T09:36:08
12.69435	-55.87897	0	62	2021-09-01T09:40:44
12.69397	-55.87961	0	62	2021-09-01T09:45:44
12.69366	-55.88040	0	62	2021-09-01T09:50:45
12.69326	-55.88116	0	62	2021-09-01T09:55:44
12.69296	-55.88193	0	62	2021-09-01T10:00:43
12.69262	-55.88278	0	62	2021-09-01T10:05:42
12.69219	-55.88378	0	62	2021-09-01T10:10:44
12.69186	-55.88458	0	62	2021-09-01T10:15:42
12.69151	-55.88541	0	62	2021-09-01T10:20:45
12.69117	-55.88620	0	62	2021-09-01T10:25:44
12.69084	-55.88705	0	62	2021-09-01T10:30:47
12.69049	-55.88794	0	62	2021-09-01T10:36:24
12.69019	-55.88864	0	62	2021-09-01T10:40:48
12.68986	-55.88943	0	62	2021-09-01T10:45:46
12.68956	-55.89026	0	62	2021-09-01T10:50:50
12.68926	-55.89105	0	62	2021-09-01T10:55:48
12.68900	-55.89197	0	62	2021-09-01T11:00:50
12.68880	-55.89294	0	62	2021-09-01T11:05:50
12.68862	-55.89386	0	62	2021-09-01T11:10:53
12.68844	-55.89484	0	62	2021-09-01T11:15:54
12.68831	-55.89578	0	62	2021-09-01T11:20:53
12.68822	-55.89673	0	62	2021-09-01T11:25:53
12.68815	-55.89761	0	62	2021-09-01T11:30:54
12.68803	-55.89858	0	62	2021-09-01T11:35:55
12.68799	-55.89935	0	62	2021-09-01T11:40:56
12.68790	-55.90024	0	62	2021-09-01T11:45:54
12.68781	-55.90106	0	62	2021-09-01T11:50:57
12.68781	-55.90203	0	62	2021-09-01T11:55:55
12.68781	-55.90289	0	62	2021-09-01T12:00:55
12.68781	-55.90375	0	62	2021-09-01T12:05:55
12.68775	-55.90451	0	62	2021-09-01T12:10:56
12.68765	-55.90540	0	62	2021-09-01T12:15:54
12.68762	-55.90622	0	62	2021-09-01T12:20:55
12.68762	-55.90701	0	62	2021-09-01T12:25:55
12.68761	-55.90793	0	62	2021-09-01T12:30:53
12.68762	-55.90894	0	62	2021-09-01T12:36:28
12.68757	-55.90982	0	62	2021-09-01T12:40:53
12.68747	-55.91086	0	62	2021-09-01T12:45:55
12.68727	-55.91183	0	62	2021-09-01T12:50:56
12.68707	-55.91278	0	62	2021-09-01T12:55:56
12.68685	-55.91379	0	62	2021-09-01T13:01:01
12.68664	-55.91473	0	62	2021-09-01T13:06:00
12.68639	-55.91577	0	62	2021-09-01T13:11:00
12.68608	-55.91669	0	62	2021-09-01T13:16:00
12.68583	-55.91766	0	62	2021-09-01T13:21:01
12.68554	-55.91874	0	62	2021-09-01T13:26:03
12.68524	-55.91977	0	62	2021-09-01T13:31:03
12.68489	-55.92087	0	62	2021-09-01T13:36:24
12.68451	-55.92188	0	62	2021-09-01T13:41:06
12.68419	-55.92289	0	62	2021-09-01T13:46:09
12.68389	-55.92383	0	62	2021-09-01T13:51:09
12.68357	-55.92480	0	62	2021-09-01T13:56:07
12.68331	-55.92578	0	62	2021-09-01T14:01:09
12.68298	-55.92685	0	62	2021-09-01T14:06:09
12.68268	-55.92789	0	62	2021-09-01T14:11:10
12.68236	-55.92896	0	62	2021-09-01T14:16:06
12.68197	-55.93008	0	62	2021-09-01T14:21:11
12.68163	-55.93127	0	62	2021-09-01T14:26:12
12.68131	-55.93237	0	62	2021-09-01T14:31:14
12.68093	-55.93359	0	62	2021-09-01T14:36:37
12.68056	-55.93448	0	62	2021-09-01T14:41:12
12.68014	-55.93549	0	62	2021-09-01T14:46:16
12.67967	-55.93643	0	62	2021-09-01T14:51:17
12.67929	-55.93738	0	62	2021-09-01T14:56:17
12.67892	-55.93829	0	62	2021-09-01T15:01:19
12.67860	-55.93927	0	62	2021-09-01T15:06:18
12.67828	-55.94022	0	62	2021-09-01T15:11:16
12.67793	-55.94116	0	62	2021-09-01T15:16:17
12.67748	-55.94211	0	62	2021-09-01T15:21:17
12.67718	-55.94305	0	62	2021-09-01T15:26:16
12.67685	-55.94385	0	62	2021-09-01T15:31:16
12.67638	-55.94479	0	62	2021-09-01T15:36:55
12.67604	-55.94547	0	62	2021-09-01T15:41:18
12.67572	-55.94632	0	62	2021-09-01T15:46:17
12.67541	-55.94720	0	62	2021-09-01T15:51:15
12.67508	-55.94806	0	62	2021-09-01T15:56:16
12.67481	-55.94891	0	62	2021-09-01T16:01:14
12.67457	-55.94971	0	62	2021-09-01T16:06:18
12.67423	-55.95044	0	62	2021-09-01T16:11:14
12.67396	-55.95120	0	62	2021-09-01T16:16:16
12.67367	-55.95203	0	62	2021-09-01T16:21:17
12.67346	-55.95276	0	62	2021-09-01T16:26:15
12.67320	-55.95355	0	62	2021-09-01T16:31:14
12.67276	-55.95441	0	62	2021-09-01T16:36:35
12.67246	-55.95508	0	62	2021-09-01T16:41:13
12.67209	-55.95578	0	62	2021-09-01T16:46:16
12.67166	-55.95651	0	62	2021-09-01T16:51:14
12.67127	-55.95721	0	62	2021-09-01T16:56:15
12.67096	-55.95795	0	62	2021-09-01T17:01:13
12.67062	-55.95874	0	62	2021-09-01T17:06:16
12.67026	-55.95941	0	62	2021-09-01T17:11:18
12.66993	-55.96008	0	62	2021-09-01T17:16:13
12.66961	-55.96085	0	62	2021-09-01T17:21:12
12.66928	-55.96170	0	62	2021-09-01T17:26:13
12.66894	-55.96252	0	62	2021-09-01T17:31:12
12.66858	-55.96344	0	62	2021-09-01T17:36:38
12.66832	-55.96420	0	62	2021-09-01T17:41:10
12.66802	-55.96506	0	62	2021-09-01T17:46:09
12.66768	-55.96591	0	62	2021-09-01T17:51:13
12.66739	-55.96677	0	62	2021-09-01T17:56:17
12.66709	-55.96771	0	62	2021-09-01T18:01:15
12.66673	-55.96866	0	62	2021-09-01T18:06:20
12.66634	-55.96951	0	62	2021-09-01T18:11:23
12.66598	-55.97031	0	62	2021-09-01T18:16:17
12.66568	-55.97110	0	62	2021-09-01T18:21:18
12.66533	-55.97192	0	62	2021-09-01T18:26:19
12.66497	-55.97263	0	62	2021-09-01T18:31:16
12.66454	-55.97345	0	62	2021-09-01T18:36:55
12.66425	-55.97412	0	62	2021-09-01T18:41:18
12.66392	-55.97482	0	62	2021-09-01T18:46:11
12.66359	-55.97559	0	62	2021-09-01T18:51:14
12.66326	-55.97644	0	62	2021-09-01T18:56:15
12.66294	-55.97723	0	62	2021-09-01T19:01:16
12.66259	-55.97799	0	62	2021-09-01T19:06:14
12.66233	-55.97876	0	62	2021-09-01T19:11:14
12.66194	-55.97955	0	62	2021-09-01T19:16:15
12.66153	-55.98038	0	62	2021-09-01T19:21:17
12.66110	-55.98120	0	62	2021-09-01T19:26:13
12.66059	-55.98206	0	62	2021-09-01T19:31:13
12.66005	-55.98309	0	62	2021-09-01T19:36:35
12.65969	-55.98386	0	62	2021-09-01T19:41:13
12.65935	-55.98474	0	62	2021-09-01T19:46:13
12.65896	-55.98560	0	62	2021-09-01T19:51:14
12.65857	-55.98630	0	62	2021-09-01T19:56:11
12.65811	-55.98703	0	62	2021-09-01T20:01:13
12.65763	-55.98784	0	62	2021-09-01T20:06:13
12.65712	-55.98844	0	62	2021-09-01T20:11:14
12.65656	-55.98904	0	62	2021-09-01T20:16:14
12.65599	-55.98962	0	62	2021-09-01T20:21:20
12.65537	-55.99026	0	62	2021-09-01T20:26:15
12.65472	-55.99091	0	62	2021-09-01T20:31:16
12.65391	-55.99164	0	62	2021-09-01T20:36:57
12.65325	-55.99222	0	62	2021-09-01T20:41:15
12.65245	-55.99289	0	62	2021-09-01T20:46:13
12.65157	-55.99356	0	62	2021-09-01T20:51:16
12.65070	-55.99423	0	62	2021-09-01T20:56:14
12.64985	-55.99487	0	62	2021-09-01T21:01:17
12.64908	-55.99561	0	62	2021-09-01T21:06:16
12.64834	-55.99643	0	62	2021-09-01T21:11:21
12.64756	-55.99725	0	62	2021-09-01T21:16:20
12.64683	-55.99811	0	62	2021-09-01T21:21:19
12.64604	-55.99896	0	62	2021-09-01T21:26:23
12.64517	-55.99979	0	62	2021-09-01T21:31:24
12.64414	-56.00067	0	62	2021-09-01T21:36:56
12.64326	-56.00151	0	62	2021-09-01T21:41:24
12.64236	-56.00220	0	62	2021-09-01T21:46:23
12.64143	-56.00299	0	62	2021-09-01T21:51:26
12.64050	-56.00378	0	62	2021-09-01T21:56:24
12.63959	-56.00455	0	62	2021-09-01T22:01:28
12.63870	-56.00537	0	62	2021-09-01T22:06:27
12.63782	-56.00623	0	62	2021-09-01T22:11:27
12.63696	-56.00707	0	62	2021-09-01T22:16:30
12.63614	-56.00784	0	62	2021-09-01T22:21:29
12.63533	-56.00864	0	62	2021-09-01T22:26:33
12.63449	-56.00943	0	62	2021-09-01T22:31:35
12.63364	-56.01041	0	62	2021-09-01T22:36:58
12.63291	-56.01129	0	62	2021-09-01T22:41:36
12.63215	-56.01215	0	62	2021-09-01T22:46:33
12.63136	-56.01300	0	62	2021-09-01T22:51:32
12.63049	-56.01397	0	62	2021-09-01T22:56:34
12.62975	-56.01483	0	62	2021-09-01T23:01:35
12.62890	-56.01569	0	62	2021-09-01T23:06:33
12.62810	-56.01651	0	62	2021-09-01T23:11:36
12.62734	-56.01745	0	62	2021-09-01T23:16:38
12.62657	-56.01831	0	62	2021-09-01T23:21:38
12.62587	-56.01926	0	62	2021-09-01T23:26:38
12.62514	-56.02017	0	62	2021-09-01T23:31:36
12.62434	-56.02127	0	62	2021-09-01T23:37:00
12.62358	-56.02237	0	62	2021-09-01T23:41:41
12.62283	-56.02341	0	62	2021-09-01T23:46:39
12.62206	-56.02454	0	62	2021-09-01T23:51:41
12.62123	-56.02567	0	62	2021-09-01T23:56:41
12.62045	-56.02673	0	62	2021-09-02T00:01:46
12.61970	-56.02793	0	62	2021-09-02T00:06:43
12.61901	-56.02905	0	62	2021-09-02T00:11:43
12.61835	-56.03018	0	62	2021-09-02T00:16:44
12.61765	-56.03131	0	62	2021-09-02T00:21:44
12.61699	-56.03241	0	62	2021-09-02T00:26:42
12.61640	-56.03357	0	62	2021-09-02T00:31:43
12.61577	-56.03485	0	62	2021-09-02T00:37:08
12.61529	-56.03598	0	62	2021-09-02T00:41:42
12.61472	-56.03719	0	62	2021-09-02T00:46:42
12.61429	-56.03848	0	62	2021-09-02T00:51:42
12.61377	-56.03976	0	62	2021-09-02T00:56:43
12.61326	-56.04108	0	62	2021-09-02T01:01:44
12.61273	-56.04249	0	62	2021-09-02T01:06:41
12.61229	-56.04376	0	62	2021-09-02T01:11:39
12.61183	-56.04507	0	62	2021-09-02T01:16:42
12.61139	-56.04636	0	62	2021-09-02T01:21:39
12.61085	-56.04772	0	62	2021-09-02T01:26:41
12.61034	-56.04901	0	62	2021-09-02T01:31:41
12.60985	-56.05038	0	62	2021-09-02T01:36:57
12.60944	-56.05161	0	62	2021-09-02T01:41:40
12.60905	-56.05280	0	62	2021-09-02T01:46:37
12.60863	-56.05399	0	62	2021-09-02T01:51:37
12.60821	-56.05524	0	62	2021-09-02T01:56:38
12.60780	-56.05655	0	62	2021-09-02T02:01:38
12.60743	-56.05792	0	62	2021-09-02T02:06:36
12.60701	-56.05932	0	62	2021-09-02T02:11:37
12.60662	-56.06061	0	62	2021-09-02T02:16:37
12.60629	-56.06198	0	62	2021-09-02T02:21:39
12.60594	-56.06335	0	62	2021-09-02T02:26:42
12.60560	-56.06480	0	62	2021-09-02T02:31:44
12.60532	-56.06625	0	62	2021-09-02T02:37:24
12.60521	-56.06738	0	62	2021-09-02T02:41:45
12.60506	-56.06873	0	62	2021-09-02T02:46:44
12.60487	-56.07016	0	62	2021-09-02T02:51:44
12.60471	-56.07163	0	62	2021-09-02T02:56:45
12.60454	-56.07309	0	62	2021-09-02T03:01:45
12.60429	-56.07471	0	62	2021-09-02T03:06:46
12.60401	-56.07635	0	62	2021-09-02T03:11:46
12.60381	-56.07797	0	62	2021-09-02T03:16:48
12.60364	-56.07962	0	62	2021-09-02T03:21:49
12.60345	-56.08127	0	62	2021-09-02T03:26:47
12.60325	-56.08298	0	62	2021-09-02T03:31:46
12.60293	-56.08493	0	62	2021-09-02T03:37:29
12.60268	-56.08643	0	62	2021-09-02T03:41:45
12.60241	-56.08817	0	62	2021-09-02T03:46:46
12.60217	-56.08994	0	62	2021-09-02T03:51:49
12.60198	-56.09176	0	62	2021-09-02T03:56:44
12.60177	-56.09348	0	62	2021-09-02T04:01:44
12.60158	-56.09521	0	62	2021-09-02T04:06:45
12.60133	-56.09692	0	62	2021-09-02T04:11:43
12.60115	-56.09863	0	62	2021-09-02T04:16:44
12.60096	-56.10034	0	62	2021-09-02T04:21:41
12.60078	-56.10202	0	62	2021-09-02T04:26:41
12.60051	-56.10379	0	62	2021-09-02T04:31:42
12.60013	-56.10575	0	62	2021-09-02T04:36:42
12.59987	-56.10721	0	62	2021-09-02T04:41:42
12.59949	-56.10892	0	62	2021-09-02T04:46:43
12.59903	-56.11063	0	62	2021-09-02T04:51:44
12.59865	-56.11237	0	62	2021-09-02T04:56:42
12.59831	-56.11401	0	62	2021-09-02T05:01:40
12.59808	-56.11572	0	62	2021-09-02T05:06:43
12.59793	-56.11734	0	62	2021-09-02T05:11:41
12.59778	-56.11896	0	62	2021-09-02T05:16:46
12.59758	-56.12057	0	62	2021-09-02T05:21:46
12.59729	-56.12222	0	62	2021-09-02T05:26:43
12.59708	-56.12384	0	62	2021-09-02T05:31:45
12.59678	-56.12549	0	62	2021-09-02T05:37:28
12.59657	-56.12687	0	62	2021-09-02T05:41:50
12.59642	-56.12833	0	62	2021-09-02T05:46:47
12.59619	-56.12979	0	62	2021-09-02T05:51:50
12.59595	-56.13132	0	62	2021-09-02T05:56:52
12.59571	-56.13281	0	62	2021-09-02T06:01:50
12.59551	-56.13434	0	62	2021-09-02T06:06:51
12.59531	-56.13583	0	62	2021-09-02T06:11:51
12.59509	-56.13751	0	62	2021-09-02T06:16:53
12.59501	-56.13910	0	62	2021-09-02T06:21:53
12.59493	-56.14059	0	62	2021-09-02T06:26:54
12.59488	-56.14215	0	62	2021-09-02T06:31:54
12.59485	-56.14374	0	62	2021-09-02T06:37:26
12.59478	-56.14514	0	62	2021-09-02T06:41:53
12.59473	-56.14664	0	62	2021-09-02T06:46:53
12.59472	-56.14813	0	62	2021-09-02T06:51:50
12.59468	-56.14969	0	62	2021-09-02T06:56:48
12.59459	-56.15115	0	62	2021-09-02T07:01:48
12.59454	-56.15268	0	62	2021-09-02T07:06:45
12.59453	-56.15417	0	62	2021-09-02T07:11:46
12.59449	-56.15555	0	62	2021-09-02T07:16:44
12.59443	-56.15701	0	62	2021-09-02T07:21:46
12.59432	-56.15845	0	62	2021-09-02T07:26:47
12.59423	-56.15993	0	62	2021-09-02T07:32:25
12.59414	-56.16165	0	62	2021-09-02T07:37:25
12.59406	-56.16293	0	62	2021-09-02T07:41:47
12.59392	-56.16446	0	62	2021-09-02T07:46:51
12.59394	-56.16589	0	62	2021-09-02T07:51:46
12.59399	-56.16739	0	62	2021-09-02T07:56:49
12.59411	-56.16885	0	62	2021-09-02T08:01:51
12.59425	-56.17020	0	62	2021-09-02T08:06:50
12.59428	-56.17165	0	62	2021-09-02T08:11:55
12.59437	-56.17294	0	62	2021-09-02T08:16:54
12.59456	-56.17422	0	62	2021-09-02T08:21:53
12.59473	-56.17551	0	62	2021-09-02T08:26:55
12.59495	-56.17682	0	62	2021-09-02T08:31:55
12.59516	-56.17830	0	62	2021-09-02T08:37:00
12.59542	-56.17950	0	62	2021-09-02T08:42:00
12.59563	-56.18079	0	62	2021-09-02T08:46:55
12.59584	-56.18207	0	62	2021-09-02T08:51:56
12.59603	-56.18341	0	62	2021-09-02T08:57:00
12.59623	-56.18466	0	62	2021-09-02T09:01:57
12.59638	-56.18594	0	62	2021-09-02T09:06:59
12.59658	-56.18723	0	62	2021-09-02T09:11:59
12.59679	-56.18854	0	62	2021-09-02T09:16:57
12.59706	-56.18988	0	62	2021-09-02T09:22:00
12.59728	-56.19119	0	62	2021-09-02T09:27:01
12.59757	-56.19250	0	62	2021-09-02T09:32:01
12.59789	-56.19402	0	62	2021-09-02T09:37:04
12.59810	-56.19522	0	62	2021-09-02T09:42:04
12.59836	-56.19659	0	62	2021-09-02T09:47:05
12.59870	-56.19800	0	62	2021-09-02T09:52:03
12.59902	-56.19931	0	62	2021-09-02T09:57:06
12.59937	-56.20059	0	62	2021-09-02T10:02:08
12.59974	-56.20190	0	62	2021-09-02T10:07:07
12.60018	-56.20313	0	62	2021-09-02T10:12:05
12.60054	-56.20439	0	62	2021-09-02T10:17:05
12.60093	-56.20559	0	62	2021-09-02T10:22:04
12.60132	-56.20679	0	62	2021-09-02T10:27:04
12.60178	-56.20804	0	62	2021-09-02T10:32:05
12.60222	-56.20932	0	62	2021-09-02T10:37:26
12.60261	-56.21042	0	62	2021-09-02T10:42:03
12.60301	-56.21155	0	62	2021-09-02T10:47:00
12.60339	-56.21274	0	62	2021-09-02T10:51:57
12.60373	-56.21396	0	62	2021-09-02T10:57:00
12.60411	-56.21521	0	62	2021-09-02T11:01:58
12.60453	-56.21646	0	62	2021-09-02T11:06:55
12.60492	-56.21766	0	62	2021-09-02T11:11:56
12.60526	-56.21878	0	62	2021-09-02T11:16:56
12.60571	-56.21994	0	62	2021-09-02T11:21:57
12.60614	-56.22104	0	62	2021-09-02T11:26:55
12.60655	-56.22211	0	62	2021-09-02T11:31:56
12.60708	-56.22330	0	62	2021-09-02T11:37:24
12.60755	-56.22437	0	62	2021-09-02T11:41:56
12.60811	-56.22543	0	62	2021-09-02T11:46:57
12.60861	-56.22653	0	62	2021-09-02T11:51:55
12.60909	-56.22763	0	62	2021-09-02T11:56:55
12.60958	-56.22879	0	62	2021-09-02T12:01:56
12.61004	-56.22986	0	62	2021-09-02T12:06:50
12.61046	-56.23102	0	62	2021-09-02T12:11:51
12.61089	-56.23212	0	62	2021-09-02T12:16:51
12.61131	-56.23318	0	62	2021-09-02T12:21:49
12.61181	-56.23439	0	62	2021-09-02T12:27:24
12.61228	-56.23542	0	62	2021-09-02T12:32:25
12.61297	-56.23645	0	62	2021-09-02T12:37:25
12.61343	-56.23724	0	62	2021-09-02T12:41:52
12.61399	-56.23822	0	62	2021-09-02T12:46:54
12.61450	-56.23923	0	62	2021-09-02T12:51:54
12.61508	-56.24020	0	62	2021-09-02T12:56:58
12.61561	-56.24124	0	62	2021-09-02T13:01:57
12.61626	-56.24229	0	62	2021-09-02T13:06:56
12.61677	-56.24323	0	62	2021-09-02T13:11:56
12.61724	-56.24426	0	62	2021-09-02T13:16:55
12.61767	-56.24533	0	62	2021-09-02T13:21:52
12.61814	-56.24637	0	62	2021-09-02T13:26:53
12.61846	-56.24750	0	62	2021-09-02T13:31:52
12.61850	-56.24755	0	62	2021-09-02T13:32:27
12.61884	-56.24880	0	62	2021-09-02T13:36:54
12.61884	-56.24875	0	62	2021-09-02T13:37:26
12.61910	-56.24992	0	62	2021-09-02T13:41:55
12.61944	-56.25104	0	62	2021-09-02T13:46:55
12.61978	-56.25222	0	62	2021-09-02T13:51:56
12.62017	-56.25342	0	62	2021-09-02T13:56:56
12.62057	-56.25458	0	62	2021-09-02T14:01:55
12.62092	-56.25568	0	62	2021-09-02T14:06:58
12.62135	-56.25683	0	62	2021-09-02T14:11:56
12.62169	-56.25803	0	62	2021-09-02T14:16:56
12.62213	-56.25922	0	62	2021-09-02T14:21:53
12.62252	-56.26041	0	62	2021-09-02T14:26:52
12.62297	-56.26160	0	62	2021-09-02T14:31:51
12.62340	-56.26300	0	62	2021-09-02T14:37:24
12.62368	-56.26431	0	62	2021-09-02T14:41:50
12.62397	-56.26581	0	62	2021-09-02T14:46:51
12.62445	-56.26727	0	62	2021-09-02T14:51:52
12.62490	-56.26883	0	62	2021-09-02T14:56:52
12.62535	-56.27045	0	62	2021-09-02T15:01:49
12.62593	-56.27222	0	62	2021-09-02T15:06:51
12.62669	-56.27414	0	62	2021-09-02T15:11:50
12.62737	-56.27594	0	62	2021-09-02T15:16:52
12.62811	-56.27774	0	62	2021-09-02T15:21:49
12.62886	-56.27950	0	62	2021-09-02T15:26:50
12.62937	-56.28113	0	62	2021-09-02T15:31:50
12.62994	-56.28299	0	62	2021-09-02T15:37:25
12.63035	-56.28436	0	62	2021-09-02T15:41:53
12.63083	-56.28595	0	62	2021-09-02T15:46:52
12.63134	-56.28751	0	62	2021-09-02T15:51:54
12.63186	-56.28924	0	62	2021-09-02T15:56:52
12.63232	-56.29068	0	62	2021-09-02T16:01:53
12.63280	-56.29224	0	62	2021-09-02T16:06:53
12.63331	-56.29376	0	62	2021-09-02T16:11:52
12.63377	-56.29514	0	62	2021-09-02T16:16:53
12.63432	-56.29653	0	62	2021-09-02T16:21:51
12.63475	-56.29773	0	62	2021-09-02T16:26:52
12.63521	-56.29898	0	62	2021-09-02T16:31:50
12.63580	-56.30029	0	62	2021-09-02T16:37:25
12.63629	-56.30136	0	62	2021-09-02T16:41:51
12.63684	-56.30237	0	62	2021-09-02T16:46:52
12.63739	-56.30341	0	62	2021-09-02T16:51:52
12.63786	-56.30438	0	62	2021-09-02T16:56:54
12.63842	-56.30545	0	62	2021-09-02T17:01:54
12.63897	-56.30649	0	62	2021-09-02T17:06:52
12.63951	-56.30750	0	62	2021-09-02T17:11:55
12.64006	-56.30859	0	62	2021-09-02T17:16:54
12.64058	-56.30960	0	62	2021-09-02T17:21:54
12.64097	-56.31061	0	62	2021-09-02T17:26:55
12.64136	-56.31168	0	62	2021-09-02T17:31:53
12.64180	-56.31296	0	62	2021-09-02T17:37:28
12.64211	-56.31396	0	62	2021-09-02T17:41:53
12.64243	-56.31506	0	62	2021-09-02T17:46:50
12.64281	-56.31632	0	62	2021-09-02T17:51:51
12.64320	-56.31744	0	62	2021-09-02T17:56:52
12.64364	-56.31848	0	62	2021-09-02T18:01:49
12.64399	-56.31961	0	62	2021-09-02T18:06:47
12.64440	-56.32087	0	62	2021-09-02T18:11:51
12.64474	-56.32199	0	62	2021-09-02T18:16:51
12.64501	-56.32318	0	62	2021-09-02T18:21:49
12.64531	-56.32440	0	62	2021-09-02T18:26:47
12.64565	-56.32566	0	62	2021-09-02T18:32:25
12.64591	-56.32703	0	62	2021-09-02T18:37:25
12.64620	-56.32825	0	62	2021-09-02T18:41:51
12.64651	-56.32947	0	62	2021-09-02T18:46:53
12.64684	-56.33078	0	62	2021-09-02T18:51:53
12.64721	-56.33215	0	62	2021-09-02T18:56:51
12.64754	-56.33359	0	62	2021-09-02T19:01:53
12.64786	-56.33505	0	62	2021-09-02T19:06:54
12.64817	-56.33649	0	62	2021-09-02T19:11:54
12.64841	-56.33789	0	62	2021-09-02T19:16:55
12.64871	-56.33923	0	62	2021-09-02T19:21:55
12.64930	-56.34196	0	62	2021-09-02T19:31:57
12.64960	-56.34342	0	62	2021-09-02T19:36:57
12.64990	-56.34454	0	62	2021-09-02T19:41:56
12.65032	-56.34576	0	62	2021-09-02T19:46:59
12.65067	-56.34695	0	62	2021-09-02T19:51:57
12.65111	-56.34822	0	62	2021-09-02T19:57:01
12.65154	-56.34925	0	62	2021-09-02T20:02:01
12.65188	-56.35028	0	62	2021-09-02T20:07:00
12.65225	-56.35147	0	62	2021-09-02T20:12:00
12.65257	-56.35266	0	62	2021-09-02T20:17:02
12.65284	-56.35385	0	62	2021-09-02T20:22:02
12.65321	-56.35510	0	62	2021-09-02T20:27:05
12.65361	-56.35641	0	62	2021-09-02T20:32:03
12.65409	-56.35767	0	62	2021-09-02T20:37:27
12.65452	-56.35880	0	62	2021-09-02T20:42:05
12.65492	-56.35989	0	62	2021-09-02T20:47:06
12.65533	-56.36105	0	62	2021-09-02T20:52:07
12.65570	-56.36206	0	62	2021-09-02T20:57:09
12.65608	-56.36307	0	62	2021-09-02T21:02:09
12.65640	-56.36411	0	62	2021-09-02T21:07:10
12.65666	-56.36508	0	62	2021-09-02T21:12:10
12.65696	-56.36615	0	62	2021-09-02T21:17:14
12.65720	-56.36716	0	62	2021-09-02T21:22:16
12.65733	-56.36810	0	62	2021-09-02T21:27:17
12.65761	-56.36914	0	62	2021-09-02T21:32:17
12.65801	-56.37029	0	62	2021-09-02T21:37:21
12.65822	-56.37106	0	62	2021-09-02T21:42:20
12.65854	-56.37203	0	62	2021-09-02T21:47:20
12.65871	-56.37289	0	62	2021-09-02T21:52:21
12.65889	-56.37378	0	62	2021-09-02T21:57:22
12.65914	-56.37479	0	62	2021-09-02T22:02:20
12.65961	-56.37573	0	62	2021-09-02T22:07:20
12.66010	-56.37677	0	62	2021-09-02T22:12:20
12.66059	-56.37775	0	62	2021-09-02T22:17:21
12.66099	-56.37871	0	62	2021-09-02T22:22:18
12.66133	-56.37948	0	62	2021-09-02T22:27:18
12.66172	-56.38025	0	62	2021-09-02T22:32:17
12.66223	-56.38126	0	62	2021-09-02T22:37:36
12.66255	-56.38202	0	62	2021-09-02T22:42:13
12.66281	-56.38287	0	62	2021-09-02T22:47:19
12.66300	-56.38376	0	62	2021-09-02T22:52:17
12.66313	-56.38458	0	62	2021-09-02T22:57:17
12.66323	-56.38535	0	62	2021-09-02T23:02:18
12.66345	-56.38614	0	62	2021-09-02T23:07:18
12.66359	-56.38687	0	62	2021-09-02T23:12:16
12.66397	-56.38840	0	62	2021-09-02T23:22:20
12.66416	-56.38910	0	62	2021-09-02T23:27:18
12.66441	-56.38992	0	62	2021-09-02T23:32:19
12.66459	-56.39078	0	62	2021-09-02T23:37:57
12.66475	-56.39157	0	62	2021-09-02T23:42:20
12.66488	-56.39252	0	62	2021-09-02T23:47:21
12.66494	-56.39340	0	62	2021-09-02T23:52:18
12.66509	-56.39417	0	62	2021-09-02T23:57:19
12.66523	-56.39505	0	62	2021-09-03T00:02:16
12.66528	-56.39584	0	62	2021-09-03T00:07:17
12.66541	-56.39670	0	62	2021-09-03T00:12:14
12.66564	-56.39755	0	62	2021-09-03T00:17:14
12.66576	-56.39856	0	62	2021-09-03T00:22:12
12.66588	-56.39941	0	62	2021-09-03T00:27:14
12.66600	-56.40039	0	62	2021-09-03T00:32:17
12.66622	-56.40146	0	62	2021-09-03T00:37:38
12.66631	-56.40244	0	62	2021-09-03T00:42:18
12.66634	-56.40335	0	62	2021-09-03T00:47:16
12.66639	-56.40436	0	62	2021-09-03T00:52:16
12.66643	-56.40530	0	62	2021-09-03T00:57:15
12.66640	-56.40631	0	62	2021-09-03T01:02:16
12.66652	-56.40723	0	62	2021-09-03T01:07:15
12.66648	-56.40826	0	62	2021-09-03T01:12:16
12.66657	-56.40930	0	62	2021-09-03T01:17:17
12.66672	-56.41013	0	62	2021-09-03T01:22:15
12.66683	-56.41110	0	62	2021-09-03T01:27:16
12.66694	-56.41202	0	62	2021-09-03T01:32:16
12.66696	-56.41321	0	62	2021-09-03T01:37:39
12.66704	-56.41643	0	62	2021-09-03T01:52:19
12.66695	-56.41746	0	62	2021-09-03T01:57:19
12.66695	-56.41858	0	62	2021-09-03T02:02:18
12.66693	-56.41965	0	62	2021-09-03T02:07:18
12.66689	-56.42077	0	62	2021-09-03T02:12:19
12.66702	-56.42206	0	62	2021-09-03T02:17:19
12.66716	-56.42319	0	62	2021-09-03T02:22:21
12.66725	-56.42422	0	62	2021-09-03T02:27:22
12.66741	-56.42526	0	62	2021-09-03T02:32:20
12.66758	-56.42648	0	62	2021-09-03T02:37:58
12.66765	-56.42737	0	62	2021-09-03T02:42:19
12.66782	-56.42850	0	62	2021-09-03T02:47:18
12.66785	-56.42950	0	62	2021-09-03T02:52:17
12.66797	-56.43057	0	62	2021-09-03T02:57:16
12.66803	-56.43167	0	62	2021-09-03T03:02:16
12.66804	-56.43274	0	62	2021-09-03T03:07:16
12.66040	-56.42749	0	62	2021-09-03T03:12:25
12.66799	-56.43491	0	62	2021-09-03T03:17:22
12.66804	-56.43594	0	62	2021-09-03T03:22:24
12.66822	-56.43713	0	62	2021-09-03T03:27:33
12.66838	-56.43826	0	62	2021-09-03T03:32:33
12.66865	-56.43961	0	62	2021-09-03T03:37:57
12.66873	-56.44055	0	62	2021-09-03T03:42:30
12.66881	-56.44159	0	62	2021-09-03T03:47:25
12.66892	-56.44278	0	62	2021-09-03T03:52:30
12.66915	-56.44403	0	62	2021-09-03T03:58:00
12.66936	-56.44519	0	62	2021-09-03T04:02:29
12.66948	-56.44632	0	62	2021-09-03T04:07:28
12.66949	-56.44749	0	62	2021-09-03T04:12:28
12.66953	-56.44852	0	62	2021-09-03T04:17:29
12.66955	-56.44977	0	62	2021-09-03T04:22:27
12.66968	-56.45097	0	62	2021-09-03T04:27:27
12.66968	-56.45209	0	62	2021-09-03T04:32:28
12.66955	-56.45343	0	62	2021-09-03T04:37:56
12.66957	-56.45467	0	62	2021-09-03T04:42:28
12.66948	-56.45587	0	62	2021-09-03T04:47:27
12.66951	-56.45709	0	62	2021-09-03T04:52:30
12.66952	-56.45834	0	62	2021-09-03T04:57:28
12.66948	-56.45962	0	62	2021-09-03T05:02:29
12.66948	-56.46082	0	62	2021-09-03T05:07:30
12.66963	-56.46206	0	62	2021-09-03T05:12:30
12.66989	-56.46326	0	62	2021-09-03T05:17:29
12.67021	-56.46460	0	62	2021-09-03T05:22:32
12.67036	-56.46588	0	62	2021-09-03T05:27:30
12.67055	-56.46707	0	62	2021-09-03T05:32:34
12.67080	-56.46832	0	62	2021-09-03T05:37:55
12.67106	-56.46945	0	62	2021-09-03T05:42:32
12.67130	-56.47064	0	62	2021-09-03T05:47:30
12.67161	-56.47186	0	62	2021-09-03T05:52:31
12.67198	-56.47305	0	62	2021-09-03T05:57:30
12.67221	-56.47421	0	62	2021-09-03T06:02:31
12.67248	-56.47534	0	62	2021-09-03T06:07:29
12.67267	-56.47651	0	62	2021-09-03T06:12:28
12.67288	-56.47763	0	62	2021-09-03T06:17:27
12.67308	-56.47873	0	62	2021-09-03T06:22:30
12.67324	-56.47974	0	62	2021-09-03T06:27:28
12.67341	-56.48071	0	62	2021-09-03T06:32:29
12.67350	-56.48190	0	62	2021-09-03T06:37:53
12.67361	-56.48297	0	62	2021-09-03T06:42:31
12.67368	-56.48410	0	62	2021-09-03T06:47:29
12.67376	-56.48518	0	62	2021-09-03T06:52:33
12.67380	-56.48630	0	62	2021-09-03T06:57:34
12.67386	-56.48734	0	62	2021-09-03T07:02:33
12.67403	-56.48843	0	62	2021-09-03T07:07:35
12.67411	-56.48941	0	62	2021-09-03T07:12:33
12.67402	-56.49042	0	62	2021-09-03T07:17:32
12.67404	-56.49152	0	62	2021-09-03T07:22:34
12.67405	-56.49258	0	62	2021-09-03T07:27:36
12.67411	-56.49365	0	62	2021-09-03T07:32:36
12.67408	-56.49481	0	62	2021-09-03T07:37:52
12.67411	-56.49579	0	62	2021-09-03T07:42:37
12.67421	-56.49683	0	62	2021-09-03T07:47:38
12.67441	-56.49780	0	62	2021-09-03T07:52:38
12.67461	-56.49897	0	62	2021-09-03T07:57:41
12.67474	-56.50000	0	62	2021-09-03T08:02:41
12.67495	-56.50098	0	62	2021-09-03T08:07:41
12.67526	-56.50186	0	62	2021-09-03T08:12:39
12.67555	-56.50275	0	62	2021-09-03T08:17:42
12.67582	-56.50363	0	62	2021-09-03T08:22:41
12.67604	-56.50455	0	62	2021-09-03T08:27:41
12.67630	-56.50543	0	62	2021-09-03T08:32:41
12.67666	-56.50659	0	62	2021-09-03T08:38:06
12.67687	-56.50751	0	62	2021-09-03T08:42:41
12.67704	-56.50842	0	62	2021-09-03T08:47:41
12.67739	-56.50922	0	62	2021-09-03T08:52:42
12.67780	-56.51010	0	62	2021-09-03T08:57:43
12.67817	-56.51111	0	62	2021-09-03T09:02:43
12.67849	-56.51208	0	62	2021-09-03T09:07:41
12.67881	-56.51312	0	62	2021-09-03T09:12:41
12.67898	-56.51428	0	62	2021-09-03T09:17:42
12.67911	-56.51550	0	62	2021-09-03T09:22:43
12.67925	-56.51672	0	62	2021-09-03T09:27:44
12.67934	-56.51791	0	62	2021-09-03T09:32:42
12.67953	-56.51910	0	62	2021-09-03T09:38:09
12.67964	-56.52018	0	62	2021-09-03T09:42:46
12.67977	-56.52112	0	62	2021-09-03T09:47:46
12.67977	-56.52219	0	62	2021-09-03T09:52:44
12.67997	-56.52328	0	62	2021-09-03T09:57:45
12.67997	-56.52426	0	62	2021-09-03T10:02:46
12.68011	-56.52542	0	62	2021-09-03T10:07:47
12.68020	-56.52658	0	62	2021-09-03T10:12:47
12.68045	-56.52774	0	62	2021-09-03T10:17:49
12.68060	-56.52886	0	62	2021-09-03T10:22:49
12.68060	-56.52972	0	62	2021-09-03T10:27:49
12.68078	-56.53080	0	62	2021-09-03T10:33:25
12.68095	-56.53183	0	62	2021-09-03T10:38:24
12.68110	-56.53278	0	62	2021-09-03T10:42:49
12.68124	-56.53384	0	62	2021-09-03T10:47:46
12.68145	-56.53488	0	62	2021-09-03T10:52:47
12.68157	-56.53604	0	62	2021-09-03T10:57:45
12.68172	-56.53717	0	62	2021-09-03T11:02:45
12.68175	-56.53821	0	62	2021-09-03T11:07:45
12.68189	-56.53918	0	62	2021-09-03T11:12:43
12.68211	-56.54019	0	62	2021-09-03T11:17:43
12.68212	-56.54233	0	62	2021-09-03T11:27:41
12.68204	-56.54344	0	62	2021-09-03T11:33:05
12.68191	-56.54456	0	62	2021-09-03T11:38:06
12.68188	-56.54562	0	62	2021-09-03T11:42:43
12.68183	-56.54666	0	62	2021-09-03T11:47:41
12.68186	-56.54778	0	62	2021-09-03T11:52:42
12.68186	-56.54881	0	62	2021-09-03T11:57:43
12.68195	-56.54984	0	62	2021-09-03T12:02:43
12.68202	-56.55084	0	62	2021-09-03T12:07:41
12.68212	-56.55194	0	62	2021-09-03T12:12:41
12.68226	-56.55304	0	62	2021-09-03T12:17:42
12.68242	-56.55423	0	62	2021-09-03T12:22:39
12.68255	-56.55542	0	62	2021-09-03T12:27:41
12.68285	-56.55798	0	62	2021-09-03T12:37:41
12.68298	-56.55901	0	62	2021-09-03T12:42:41
12.68307	-56.56021	0	62	2021-09-03T12:47:40
12.68314	-56.56140	0	62	2021-09-03T12:52:41
12.68321	-56.56261	0	62	2021-09-03T12:57:37
12.68325	-56.56381	0	62	2021-09-03T13:02:38
12.68337	-56.56503	0	62	2021-09-03T13:07:39
12.68347	-56.56625	0	62	2021-09-03T13:12:37
12.68356	-56.56761	0	62	2021-09-03T13:17:38
12.68360	-56.56873	0	62	2021-09-03T13:22:38
12.68362	-56.56992	0	62	2021-09-03T13:27:42
12.68363	-56.57111	0	62	2021-09-03T13:32:43
12.68361	-56.57257	0	62	2021-09-03T13:38:24
12.68373	-56.57361	0	62	2021-09-03T13:42:41
12.68379	-56.57480	0	62	2021-09-03T13:47:38
12.68387	-56.57602	0	62	2021-09-03T13:52:43
12.68401	-56.57721	0	62	2021-09-03T13:57:41
12.68413	-56.57849	0	62	2021-09-03T14:02:41
12.68424	-56.57971	0	62	2021-09-03T14:07:42
12.68433	-56.58093	0	62	2021-09-03T14:12:42
12.68448	-56.58217	0	62	2021-09-03T14:17:39
12.68452	-56.58337	0	62	2021-09-03T14:22:39
12.68468	-56.58469	0	62	2021-09-03T14:27:40
12.68479	-56.58591	0	62	2021-09-03T14:32:42
12.68509	-56.58710	0	62	2021-09-03T14:37:55
12.68513	-56.58826	0	62	2021-09-03T14:42:41
12.68521	-56.58942	0	62	2021-09-03T14:47:41
12.68528	-56.59055	0	62	2021-09-03T14:52:42
12.68516	-56.59177	0	62	2021-09-03T14:57:42
12.68507	-56.59308	0	62	2021-09-03T15:02:43
12.68507	-56.59436	0	62	2021-09-03T15:07:43
12.68506	-56.59564	0	62	2021-09-03T15:12:45
12.68502	-56.59686	0	62	2021-09-03T15:17:43
12.68495	-56.59823	0	62	2021-09-03T15:22:46
12.68492	-56.59943	0	62	2021-09-03T15:27:44
12.68495	-56.60080	0	62	2021-09-03T15:32:45
12.68502	-56.60223	0	62	2021-09-03T15:38:08
12.68515	-56.60361	0	62	2021-09-03T15:42:46
12.68519	-56.60507	0	62	2021-09-03T15:47:43
12.68523	-56.60651	0	62	2021-09-03T15:52:45
12.68531	-56.60782	0	62	2021-09-03T15:57:44
12.68550	-56.60919	0	62	2021-09-03T16:02:45
12.68566	-56.61059	0	62	2021-09-03T16:07:43
12.68587	-56.61188	0	62	2021-09-03T16:12:44
12.68612	-56.61322	0	62	2021-09-03T16:17:45
12.68628	-56.61462	0	62	2021-09-03T16:22:45
12.68645	-56.61599	0	62	2021-09-03T16:27:49
12.68662	-56.61728	0	62	2021-09-03T16:32:48
12.68687	-56.61882	0	62	2021-09-03T16:37:51
12.68702	-56.61996	0	62	2021-09-03T16:42:52
12.68721	-56.62122	0	62	2021-09-03T16:47:50
12.68749	-56.62245	0	62	2021-09-03T16:52:55
12.68762	-56.62357	0	62	2021-09-03T16:57:55
12.68796	-56.62473	0	62	2021-09-03T17:02:53
12.68836	-56.62592	0	62	2021-09-03T17:07:57
12.68868	-56.62714	0	62	2021-09-03T17:12:58
12.68908	-56.62836	0	62	2021-09-03T17:17:59
12.68934	-56.62955	0	62	2021-09-03T17:23:00
12.68971	-56.63068	0	62	2021-09-03T17:28:01
12.69010	-56.63193	0	62	2021-09-03T17:33:28
12.69044	-56.63330	0	62	2021-09-03T17:38:28
12.69080	-56.63455	0	62	2021-09-03T17:43:02
12.69115	-56.63596	0	62	2021-09-03T17:48:00
12.69162	-56.63730	0	62	2021-09-03T17:53:01
12.69198	-56.63873	0	62	2021-09-03T17:57:59
12.69227	-56.64011	0	62	2021-09-03T18:03:01
12.69254	-56.64139	0	62	2021-09-03T18:08:00
12.69288	-56.64276	0	62	2021-09-03T18:13:03
12.69314	-56.64413	0	62	2021-09-03T18:18:02
12.69345	-56.64554	0	62	2021-09-03T18:23:01
12.69382	-56.64691	0	62	2021-09-03T18:27:59
12.69429	-56.64813	0	62	2021-09-03T18:33:01
12.69461	-56.64957	0	62	2021-09-03T18:38:28
12.69488	-56.65063	0	62	2021-09-03T18:43:02
12.69522	-56.65195	0	62	2021-09-03T18:48:02
12.69558	-56.65320	0	62	2021-09-03T18:53:00
12.69599	-56.65455	0	62	2021-09-03T18:58:04
12.69633	-56.65575	0	62	2021-09-03T19:03:04
12.69667	-56.65695	0	62	2021-09-03T19:08:03
12.69701	-56.65826	0	62	2021-09-03T19:13:06
12.69740	-56.65961	0	62	2021-09-03T19:18:05
12.69787	-56.66104	0	62	2021-09-03T19:23:08
12.69839	-56.66238	0	62	2021-09-03T19:28:06
12.69870	-56.66354	0	62	2021-09-03T19:33:09
12.69903	-56.66480	0	62	2021-09-03T19:38:08
12.69920	-56.66592	0	62	2021-09-03T19:43:08
12.69956	-56.66727	0	62	2021-09-03T19:48:08
12.69996	-56.66867	0	62	2021-09-03T19:53:09
12.70037	-56.67004	0	62	2021-09-03T19:58:11
12.70067	-56.67142	0	62	2021-09-03T20:03:08
12.70105	-56.67285	0	62	2021-09-03T20:08:08
12.70146	-56.67426	0	62	2021-09-03T20:13:09
12.70198	-56.67569	0	62	2021-09-03T20:18:06
12.70246	-56.67725	0	62	2021-09-03T20:23:08
12.70286	-56.67871	0	62	2021-09-03T20:28:09
12.70324	-56.68015	0	62	2021-09-03T20:33:09
12.70369	-56.68167	0	62	2021-09-03T20:38:09
12.70408	-56.68304	0	62	2021-09-03T20:43:08
12.70450	-56.68467	0	62	2021-09-03T20:48:08
12.70471	-56.68613	0	62	2021-09-03T20:53:08
12.70502	-56.68759	0	62	2021-09-03T20:58:06
12.70532	-56.68903	0	62	2021-09-03T21:03:09
12.70598	-56.69202	0	62	2021-09-03T21:13:08
12.70630	-56.69333	0	62	2021-09-03T21:18:09
12.70671	-56.69476	0	62	2021-09-03T21:23:07
12.70731	-56.69616	0	62	2021-09-03T21:28:07
12.70782	-56.69745	0	62	2021-09-03T21:33:07
12.70819	-56.69894	0	62	2021-09-03T21:38:27
12.70868	-56.70047	0	62	2021-09-03T21:43:06
12.70916	-56.70206	0	62	2021-09-03T21:48:06
12.70967	-56.70343	0	62	2021-09-03T21:53:07
12.71006	-56.70480	0	62	2021-09-03T21:58:07
12.71047	-56.70627	0	62	2021-09-03T22:03:09
12.71107	-56.70770	0	62	2021-09-03T22:08:07
12.71164	-56.70923	0	62	2021-09-03T22:13:10
12.71215	-56.71069	0	62	2021-09-03T22:18:12
12.71272	-56.71222	0	62	2021-09-03T22:23:09
12.71328	-56.71378	0	62	2021-09-03T22:28:12
12.71382	-56.71527	0	62	2021-09-03T22:33:10
12.71430	-56.71671	0	62	2021-09-03T22:38:26
12.71479	-56.71802	0	62	2021-09-03T22:43:08
12.71527	-56.71955	0	62	2021-09-03T22:48:09
12.71580	-56.72098	0	62	2021-09-03T22:53:06
12.71634	-56.72238	0	62	2021-09-03T22:58:08
12.71705	-56.72388	0	62	2021-09-03T23:03:07
12.71769	-56.72540	0	62	2021-09-03T23:08:12
12.71832	-56.72684	0	62	2021-09-03T23:13:08
12.71880	-56.72833	0	62	2021-09-03T23:18:10
12.71929	-56.72983	0	62	2021-09-03T23:23:08
12.71972	-56.73117	0	62	2021-09-03T23:28:09
12.72018	-56.73242	0	62	2021-09-03T23:33:09
12.72073	-56.73377	0	62	2021-09-03T23:38:06
12.72129	-56.73489	0	62	2021-09-03T23:43:07
12.72185	-56.73602	0	62	2021-09-03T23:48:08
12.72230	-56.73712	0	62	2021-09-03T23:53:05
12.72281	-56.73837	0	62	2021-09-03T23:58:05
12.72344	-56.73950	0	62	2021-09-04T00:03:06
12.72407	-56.74066	0	62	2021-09-04T00:08:04
12.72505	-56.74152	0	62	2021-09-04T00:13:03
12.72579	-56.74272	0	62	2021-09-04T00:18:05
12.72652	-56.74384	0	62	2021-09-04T00:23:05
12.72714	-56.74496	0	62	2021-09-04T00:28:03
12.72793	-56.74611	0	62	2021-09-04T00:33:00
12.72857	-56.74723	0	62	2021-09-04T00:38:01
12.72964	-56.74826	0	62	2021-09-04T00:43:01
12.73043	-56.74939	0	62	2021-09-04T00:47:59
12.73118	-56.75049	0	62	2021-09-04T00:53:00
12.73194	-56.75159	0	62	2021-09-04T00:57:59
12.73279	-56.75262	0	62	2021-09-04T01:03:01
12.73371	-56.75378	0	62	2021-09-04T01:07:59
12.73451	-56.75486	0	62	2021-09-04T01:13:02
12.73528	-56.75589	0	62	2021-09-04T01:18:01
12.73607	-56.75700	0	62	2021-09-04T01:23:04
12.73693	-56.75803	0	62	2021-09-04T01:28:03
12.73755	-56.75925	0	62	2021-09-04T01:33:06
12.73829	-56.76041	0	62	2021-09-04T01:38:26
12.73880	-56.76138	0	62	2021-09-04T01:43:08
12.73943	-56.76236	0	62	2021-09-04T01:48:06
12.73999	-56.76334	0	62	2021-09-04T01:53:09
12.74062	-56.76431	0	62	2021-09-04T01:58:07
12.74123	-56.76529	0	62	2021-09-04T02:03:09
12.74189	-56.76617	0	62	2021-09-04T02:08:08
12.74261	-56.76715	0	62	2021-09-04T02:13:10
12.74342	-56.76818	0	62	2021-09-04T02:18:09
12.74419	-56.76895	0	62	2021-09-04T02:23:08
12.74497	-56.76993	0	62	2021-09-04T02:28:07
12.74562	-56.77081	0	62	2021-09-04T02:33:09
12.74637	-56.77197	0	62	2021-09-04T02:38:25
12.74704	-56.77292	0	62	2021-09-04T02:43:08
12.74758	-56.77396	0	62	2021-09-04T02:48:07
12.74819	-56.77499	0	62	2021-09-04T02:53:08
12.74883	-56.77600	0	62	2021-09-04T02:58:06
12.74943	-56.77695	0	62	2021-09-04T03:03:07
12.75002	-56.77795	0	62	2021-09-04T03:08:07
12.75065	-56.77896	0	62	2021-09-04T03:13:08
12.75132	-56.77991	0	62	2021-09-04T03:18:05
12.75200	-56.78082	0	62	2021-09-04T03:23:07
12.75258	-56.78171	0	62	2021-09-04T03:28:06
12.75330	-56.78265	0	62	2021-09-04T03:33:07
12.75410	-56.78357	0	62	2021-09-04T03:38:29
12.75478	-56.78448	0	62	2021-09-04T03:43:10
12.75557	-56.78552	0	62	2021-09-04T03:48:09
12.75636	-56.78650	0	62	2021-09-04T03:53:11
12.75715	-56.78757	0	62	2021-09-04T03:58:13
12.75788	-56.78839	0	62	2021-09-04T04:03:12
12.75874	-56.78925	0	62	2021-09-04T04:08:11
12.75962	-56.79010	0	62	2021-09-04T04:13:10
12.76047	-56.79111	0	62	2021-09-04T04:18:12
12.76115	-56.79208	0	62	2021-09-04T04:23:12
12.76191	-56.79303	0	62	2021-09-04T04:28:12
12.76272	-56.79407	0	62	2021-09-04T04:33:10
12.76365	-56.79504	0	62	2021-09-04T04:38:26
12.76445	-56.79596	0	62	2021-09-04T04:43:09
12.76525	-56.79678	0	62	2021-09-04T04:48:12
12.76607	-56.79761	0	62	2021-09-04T04:53:10
12.76678	-56.79837	0	62	2021-09-04T04:58:12
12.76744	-56.79916	0	62	2021-09-04T05:03:11
12.76825	-56.79987	0	62	2021-09-04T05:08:12
12.76911	-56.80057	0	62	2021-09-04T05:13:12
12.76987	-56.80139	0	62	2021-09-04T05:18:14
12.77073	-56.80228	0	62	2021-09-04T05:23:12
12.77159	-56.80319	0	62	2021-09-04T05:28:12
12.77240	-56.80417	0	62	2021-09-04T05:33:09
12.77330	-56.80511	0	62	2021-09-04T05:38:10
12.77390	-56.80597	0	62	2021-09-04T05:43:10
12.77460	-56.80688	0	62	2021-09-04T05:48:12
12.77528	-56.80777	0	62	2021-09-04T05:53:11
12.77605	-56.80884	0	62	2021-09-04T05:58:12
12.77665	-56.80978	0	62	2021-09-04T06:03:11
12.77731	-56.81076	0	62	2021-09-04T06:08:12
12.77797	-56.81177	0	62	2021-09-04T06:13:12
12.77864	-56.81279	0	62	2021-09-04T06:18:13
12.77920	-56.81381	0	62	2021-09-04T06:23:13
12.77976	-56.81485	0	62	2021-09-04T06:28:14
12.78032	-56.81595	0	62	2021-09-04T06:33:12
12.78106	-56.81714	0	62	2021-09-04T06:38:11
12.78153	-56.81808	0	62	2021-09-04T06:43:10
12.78220	-56.81921	0	62	2021-09-04T06:48:11
12.78279	-56.82025	0	62	2021-09-04T06:53:12
12.78328	-56.82120	0	62	2021-09-04T06:58:12
12.78382	-56.82217	0	62	2021-09-04T07:03:10
12.78433	-56.82303	0	62	2021-09-04T07:08:10
12.78485	-56.82401	0	62	2021-09-04T07:13:08
12.78536	-56.82501	0	62	2021-09-04T07:18:11
12.78589	-56.82615	0	62	2021-09-04T07:23:11
12.78640	-56.82718	0	62	2021-09-04T07:28:10
12.78682	-56.82819	0	62	2021-09-04T07:33:10
12.78745	-56.82946	0	62	2021-09-04T07:38:11
12.78788	-56.83023	0	62	2021-09-04T07:43:12
12.78833	-56.83127	0	62	2021-09-04T07:48:13
12.78877	-56.83240	0	62	2021-09-04T07:53:13
12.78931	-56.83347	0	62	2021-09-04T07:58:15
12.78984	-56.83462	0	62	2021-09-04T08:03:19
12.79027	-56.83578	0	62	2021-09-04T08:08:16
12.79078	-56.83694	0	62	2021-09-04T08:13:18
12.79121	-56.83804	0	62	2021-09-04T08:18:18
12.79166	-56.83917	0	62	2021-09-04T08:23:20
12.79211	-56.84016	0	62	2021-09-04T08:28:17
12.79245	-56.84119	0	62	2021-09-04T08:33:17
12.79286	-56.84241	0	62	2021-09-04T08:38:55
12.79315	-56.84324	0	62	2021-09-04T08:43:18
12.79349	-56.84418	0	62	2021-09-04T08:48:18
12.79392	-56.84509	0	62	2021-09-04T08:53:19
12.79436	-56.84613	0	62	2021-09-04T08:58:17
12.79493	-56.84726	0	62	2021-09-04T09:03:18
12.79548	-56.84836	0	62	2021-09-04T09:08:18
12.79608	-56.84930	0	62	2021-09-04T09:13:17
12.79666	-56.85031	0	62	2021-09-04T09:18:18
12.79729	-56.85138	0	62	2021-09-04T09:23:17
12.79781	-56.85229	0	62	2021-09-04T09:28:15
12.79840	-56.85324	0	62	2021-09-04T09:33:16
12.79894	-56.85434	0	62	2021-09-04T09:38:55
12.79933	-56.85516	0	62	2021-09-04T09:43:14
12.79978	-56.85619	0	62	2021-09-04T09:48:10
12.80008	-56.85705	0	62	2021-09-04T09:53:10
12.80055	-56.85782	0	62	2021-09-04T09:58:09
12.80112	-56.85861	0	62	2021-09-04T10:03:10
12.80169	-56.85946	0	62	2021-09-04T10:08:07
12.80216	-56.86011	0	62	2021-09-04T10:13:10
12.80267	-56.86084	0	62	2021-09-04T10:18:08
12.80327	-56.86172	0	62	2021-09-04T10:23:11
12.80389	-56.86252	0	62	2021-09-04T10:28:09
12.80455	-56.86337	0	62	2021-09-04T10:33:55
12.80502	-56.86414	0	62	2021-09-04T10:38:54
12.80537	-56.86465	0	62	2021-09-04T10:43:12
12.80586	-56.86548	0	62	2021-09-04T10:48:12
12.80624	-56.86627	0	62	2021-09-04T10:53:14
12.80657	-56.86685	0	62	2021-09-04T10:58:14
12.80693	-56.86755	0	62	2021-09-04T11:03:16
12.80738	-56.86835	0	62	2021-09-04T11:08:15
12.80783	-56.86899	0	62	2021-09-04T11:13:13
12.80826	-56.86963	0	62	2021-09-04T11:18:15
12.80874	-56.87027	0	62	2021-09-04T11:23:18
12.80927	-56.87091	0	62	2021-09-04T11:28:16
12.80975	-56.87149	0	62	2021-09-04T11:33:16
12.81037	-56.87210	0	62	2021-09-04T11:38:56
12.81084	-56.87265	0	62	2021-09-04T11:43:19
12.81135	-56.87314	0	62	2021-09-04T11:48:19
12.81174	-56.87372	0	62	2021-09-04T11:53:20
12.81225	-56.87444	0	62	2021-09-04T11:58:22
12.81268	-56.87495	0	62	2021-09-04T12:03:22
12.81307	-56.87546	0	62	2021-09-04T12:08:23
12.81355	-56.87610	0	62	2021-09-04T12:13:24
12.81394	-56.87668	0	62	2021-09-04T12:18:24
12.81423	-56.87720	0	62	2021-09-04T12:23:25
12.81451	-56.87772	0	62	2021-09-04T12:28:25
12.81483	-56.87836	0	62	2021-09-04T12:33:27
12.81527	-56.87956	0	62	2021-09-04T12:43:28
12.81542	-56.88000	0	62	2021-09-04T12:48:26
12.81561	-56.88058	0	62	2021-09-04T12:53:27
12.81584	-56.88126	0	62	2021-09-04T12:58:30
12.81592	-56.88168	0	62	2021-09-04T13:03:28
12.81605	-56.88220	0	62	2021-09-04T13:08:25
12.81624	-56.88272	0	62	2021-09-04T13:13:27
12.81646	-56.88329	0	62	2021-09-04T13:18:31
12.81663	-56.88389	0	62	2021-09-04T13:23:32
12.81689	-56.88449	0	62	2021-09-04T13:28:32
12.81703	-56.88507	0	62	2021-09-04T13:33:32
12.81712	-56.88577	0	62	2021-09-04T13:38:56
12.81726	-56.88629	0	62	2021-09-04T13:43:35
12.81732	-56.88690	0	62	2021-09-04T13:48:37
12.81743	-56.88748	0	62	2021-09-04T13:53:36
12.81762	-56.88803	0	62	2021-09-04T13:58:34
12.81793	-56.88852	0	62	2021-09-04T14:03:35
12.81811	-56.88904	0	62	2021-09-04T14:08:36
12.81829	-56.88950	0	62	2021-09-04T14:13:35
12.81871	-56.89050	0	62	2021-09-04T14:23:34
12.81896	-56.89101	0	62	2021-09-04T14:29:25
12.81917	-56.89161	0	62	2021-09-04T14:34:26
12.81934	-56.89221	0	62	2021-09-04T14:39:26
12.81947	-56.89264	0	62	2021-09-04T14:43:37
12.81992	-56.89352	0	62	2021-09-04T14:53:36
12.82006	-56.89389	0	62	2021-09-04T14:58:37
12.82018	-56.89429	0	62	2021-09-04T15:03:36
12.82025	-56.89468	0	62	2021-09-04T15:08:38
12.82039	-56.89511	0	62	2021-09-04T15:13:38
12.82054	-56.89557	0	62	2021-09-04T15:18:40
12.82070	-56.89609	0	62	2021-09-04T15:23:41
12.82086	-56.89661	0	62	2021-09-04T15:28:41
12.82104	-56.89713	0	62	2021-09-04T15:33:46
12.82125	-56.89767	0	62	2021-09-04T15:39:26
12.82143	-56.89807	0	62	2021-09-04T15:43:40
12.82161	-56.89856	0	62	2021-09-04T15:48:38
12.82186	-56.89908	0	62	2021-09-04T15:53:39
12.82204	-56.89969	0	62	2021-09-04T15:58:42
12.82224	-56.90015	0	62	2021-09-04T16:03:43
12.82248	-56.90057	0	62	2021-09-04T16:08:41
12.82275	-56.90103	0	62	2021-09-04T16:13:39
12.82300	-56.90149	0	62	2021-09-04T16:18:42
12.82314	-56.90186	0	62	2021-09-04T16:23:40
12.82329	-56.90219	0	62	2021-09-04T16:28:41
12.82346	-56.90265	0	62	2021-09-04T16:33:44
12.82351	-56.90311	0	62	2021-09-04T16:39:09
12.82362	-56.90350	0	62	2021-09-04T16:43:39
12.82371	-56.90393	0	62	2021-09-04T16:48:40
12.82372	-56.90439	0	62	2021-09-04T16:53:40
12.82379	-56.90500	0	62	2021-09-04T16:58:38
12.82379	-56.90543	0	62	2021-09-04T17:03:39
12.82386	-56.90591	0	62	2021-09-04T17:08:39
12.82393	-56.90646	0	62	2021-09-04T17:13:39
12.82403	-56.90712	0	62	2021-09-04T17:18:38
12.82411	-56.90759	0	62	2021-09-04T17:23:38
12.82421	-56.90814	0	62	2021-09-04T17:28:39
12.82435	-56.90872	0	62	2021-09-04T17:33:36
12.82441	-56.90927	0	62	2021-09-04T17:38:56
12.82441	-56.90973	0	62	2021-09-04T17:43:35
12.82439	-56.91022	0	62	2021-09-04T17:48:35
12.82440	-56.91080	0	62	2021-09-04T17:53:34
12.82452	-56.91147	0	62	2021-09-04T17:58:33
12.82453	-56.91211	0	62	2021-09-04T18:03:30
12.82454	-56.91269	0	62	2021-09-04T18:08:31
12.82449	-56.91321	0	62	2021-09-04T18:13:32
12.82445	-56.91373	0	62	2021-09-04T18:18:35
12.82433	-56.91431	0	62	2021-09-04T18:23:36
12.82427	-56.91479	0	62	2021-09-04T18:28:38
12.82422	-56.91531	0	62	2021-09-04T18:33:42
12.82420	-56.91586	0	62	2021-09-04T18:39:07
12.82415	-56.91623	0	62	2021-09-04T18:43:41
12.82422	-56.91663	0	62	2021-09-04T18:48:41
12.82426	-56.91699	0	62	2021-09-04T18:53:45
12.82437	-56.91733	0	62	2021-09-04T18:58:47
12.82445	-56.91772	0	62	2021-09-04T19:03:48
12.82444	-56.91812	0	62	2021-09-04T19:08:51
12.82448	-56.91855	0	62	2021-09-04T19:13:50
12.82461	-56.91901	0	62	2021-09-04T19:18:51
12.82478	-56.91958	0	62	2021-09-04T19:23:54
12.82491	-56.91992	0	62	2021-09-04T19:28:53
12.82500	-56.92035	0	62	2021-09-04T19:34:24
12.82509	-56.92078	0	62	2021-09-04T19:39:25
12.82505	-56.92108	0	62	2021-09-04T19:43:54
12.82497	-56.92151	0	62	2021-09-04T19:48:56
12.82491	-56.92191	0	62	2021-09-04T19:53:53
12.82480	-56.92230	0	62	2021-09-04T19:58:54
12.82463	-56.92269	0	62	2021-09-04T20:03:53
12.82461	-56.92310	0	62	2021-09-04T20:08:55
12.82455	-56.92355	0	62	2021-09-04T20:13:52
12.82454	-56.92407	0	62	2021-09-04T20:18:53
12.82453	-56.92456	0	62	2021-09-04T20:23:53
12.82456	-56.92508	0	62	2021-09-04T20:28:55
12.82456	-56.92551	0	62	2021-09-04T20:33:56
12.82452	-56.92599	0	62	2021-09-04T20:39:27
12.82460	-56.92642	0	62	2021-09-04T20:43:56
12.82466	-56.92682	0	62	2021-09-04T20:48:54
12.82473	-56.92719	0	62	2021-09-04T20:53:51
12.82481	-56.92761	0	62	2021-09-04T20:58:53
12.82490	-56.92795	0	62	2021-09-04T21:03:52
12.82491	-56.92825	0	62	2021-09-04T21:08:50
12.82491	-56.92859	0	62	2021-09-04T21:13:51
12.82503	-56.92896	0	62	2021-09-04T21:18:54
12.82504	-56.92923	0	62	2021-09-04T21:23:52
12.82497	-56.92960	0	62	2021-09-04T21:28:53
12.82487	-56.92996	0	62	2021-09-04T21:33:53
12.82479	-56.93033	0	62	2021-09-04T21:39:23
12.82475	-56.93076	0	62	2021-09-04T21:43:53
12.82467	-56.93115	0	62	2021-09-04T21:48:55
12.82466	-56.93148	0	62	2021-09-04T21:53:56
12.82466	-56.93182	0	62	2021-09-04T21:58:55
12.82466	-56.93219	0	62	2021-09-04T22:03:54
12.82466	-56.93250	0	62	2021-09-04T22:08:55
12.82458	-56.93281	0	62	2021-09-04T22:13:52
12.82458	-56.93307	0	62	2021-09-04T22:18:51
12.82456	-56.93335	0	62	2021-09-04T22:23:52
12.82451	-56.93361	0	62	2021-09-04T22:28:52
12.82442	-56.93378	0	62	2021-09-04T22:33:53
12.82436	-56.93402	0	62	2021-09-04T22:39:27
12.82427	-56.93423	0	62	2021-09-04T22:43:51
12.82405	-56.93430	0	62	2021-09-04T22:48:54
12.82383	-56.93439	0	62	2021-09-04T22:53:52
12.82365	-56.93460	0	62	2021-09-04T22:58:53
12.82350	-56.93484	0	62	2021-09-04T23:03:54
12.82328	-56.93497	0	62	2021-09-04T23:08:52
12.82307	-56.93506	0	62	2021-09-04T23:13:51
12.82283	-56.93506	0	62	2021-09-04T23:18:53
12.82239	-56.93515	0	62	2021-09-04T23:23:54
12.82192	-56.93527	0	62	2021-09-04T23:28:51
12.82146	-56.93536	0	62	2021-09-04T23:33:50
12.82099	-56.93552	0	62	2021-09-04T23:39:27
12.82063	-56.93552	0	62	2021-09-04T23:43:49
12.82020	-56.93558	0	62	2021-09-04T23:48:50
12.81984	-56.93567	0	62	2021-09-04T23:53:47
12.81950	-56.93579	0	62	2021-09-04T23:58:48
12.81915	-56.93588	0	62	2021-09-05T00:03:46
12.81876	-56.93597	0	62	2021-09-05T00:08:47
12.81842	-56.93597	0	62	2021-09-05T00:13:49
12.81812	-56.93597	0	62	2021-09-05T00:18:47
12.81768	-56.93604	0	62	2021-09-05T00:23:45
12.81734	-56.93604	0	62	2021-09-05T00:28:46
12.81696	-56.93604	0	62	2021-09-05T00:33:46
12.81654	-56.93597	0	62	2021-09-05T00:39:10
12.81605	-56.93582	0	62	2021-09-05T00:43:47
12.81562	-56.93582	0	62	2021-09-05T00:48:46
12.81522	-56.93570	0	62	2021-09-05T00:53:46
12.81481	-56.93567	0	62	2021-09-05T00:58:47
12.81388	-56.93570	0	62	2021-09-05T01:08:49
12.81341	-56.93570	0	62	2021-09-05T01:13:49
12.81290	-56.93570	0	62	2021-09-05T01:18:49
12.81234	-56.93573	0	62	2021-09-05T01:23:51
12.81181	-56.93588	0	62	2021-09-05T01:28:52
12.81130	-56.93588	0	62	2021-09-05T01:33:52
12.81083	-56.93591	0	62	2021-09-05T01:39:36
12.81044	-56.93601	0	62	2021-09-05T01:43:51
12.81018	-56.93619	0	62	2021-09-05T01:48:54
12.80984	-56.93610	0	62	2021-09-05T01:53:52
12.80948	-56.93604	0	62	2021-09-05T01:58:53
12.80894	-56.93597	0	62	2021-09-05T02:03:50
12.80840	-56.93597	0	62	2021-09-05T02:08:50
12.80793	-56.93604	0	62	2021-09-05T02:13:53
12.80746	-56.93616	0	62	2021-09-05T02:18:49
12.80695	-56.93619	0	62	2021-09-05T02:23:56
12.80643	-56.93622	0	62	2021-09-05T02:28:55
12.80592	-56.93628	0	62	2021-09-05T02:33:54
12.80536	-56.93652	0	62	2021-09-05T02:39:26
12.80486	-56.93668	0	62	2021-09-05T02:43:54
12.80429	-56.93686	0	62	2021-09-05T02:48:54
12.80373	-56.93704	0	62	2021-09-05T02:53:55
12.80321	-56.93717	0	62	2021-09-05T02:58:56
12.80274	-56.93726	0	62	2021-09-05T03:03:57
12.80224	-56.93741	0	62	2021-09-05T03:08:56
12.80169	-56.93741	0	62	2021-09-05T03:13:58
12.80109	-56.93753	0	62	2021-09-05T03:18:56
12.80055	-56.93762	0	62	2021-09-05T03:23:59
12.80002	-56.93781	0	62	2021-09-05T03:28:57
12.79947	-56.93809	0	62	2021-09-05T03:34:05
12.79891	-56.93826	0	62	2021-09-05T03:39:04
12.79844	-56.93835	0	62	2021-09-05T03:44:04
12.79790	-56.93845	0	62	2021-09-05T03:49:04
12.79730	-56.93866	0	62	2021-09-05T03:54:05
12.79666	-56.93875	0	62	2021-09-05T03:59:05
12.79593	-56.93890	0	62	2021-09-05T04:04:07
12.79535	-56.93903	0	62	2021-09-05T04:09:07
12.79487	-56.93915	0	62	2021-09-05T04:14:05
12.79437	-56.93927	0	62	2021-09-05T04:19:08
12.79386	-56.93942	0	62	2021-09-05T04:24:09
12.79332	-56.93958	0	62	2021-09-05T04:29:07
12.79274	-56.93979	0	62	2021-09-05T04:34:08
12.79211	-56.94006	0	62	2021-09-05T04:39:36
12.79157	-56.94034	0	62	2021-09-05T04:44:07
12.79088	-56.94067	0	62	2021-09-05T04:49:07
12.79021	-56.94095	0	62	2021-09-05T04:54:04
12.78960	-56.94122	0	62	2021-09-05T04:59:04
12.78901	-56.94156	0	62	2021-09-05T05:04:05
12.78839	-56.94189	0	62	2021-09-05T05:09:03
12.78774	-56.94220	0	62	2021-09-05T05:14:06
12.78700	-56.94247	0	62	2021-09-05T05:19:05
12.78623	-56.94272	0	62	2021-09-05T05:24:06
12.78549	-56.94302	0	62	2021-09-05T05:29:09
12.78469	-56.94312	0	62	2021-09-05T05:34:07
12.78388	-56.94348	0	62	2021-09-05T05:39:24
12.78319	-56.94385	0	62	2021-09-05T05:44:09
12.78247	-56.94431	0	62	2021-09-05T05:49:10
12.78164	-56.94470	0	62	2021-09-05T05:54:10
12.78074	-56.94510	0	62	2021-09-05T05:59:11
12.77978	-56.94550	0	62	2021-09-05T06:04:09
12.77872	-56.94574	0	62	2021-09-05T06:09:10
12.77777	-56.94601	0	62	2021-09-05T06:14:09
12.77692	-56.94632	0	62	2021-09-05T06:19:11
12.77606	-56.94668	0	62	2021-09-05T06:24:08
12.77536	-56.94687	0	62	2021-09-05T06:29:09
12.77460	-56.94711	0	62	2021-09-05T06:34:09
12.77383	-56.94742	0	62	2021-09-05T06:39:26
12.77317	-56.94763	0	62	2021-09-05T06:44:10
12.77242	-56.94788	0	62	2021-09-05T06:49:12
12.77156	-56.94821	0	62	2021-09-05T06:54:13
12.77071	-56.94858	0	62	2021-09-05T06:59:11
12.76989	-56.94891	0	62	2021-09-05T07:04:15
12.76910	-56.94928	0	62	2021-09-05T07:09:12
12.76823	-56.94965	0	62	2021-09-05T07:14:11
12.76745	-56.95004	0	62	2021-09-05T07:19:12
12.76659	-56.95050	0	62	2021-09-05T07:24:09
12.76573	-56.95084	0	62	2021-09-05T07:29:08
12.76488	-56.95126	0	62	2021-09-05T07:34:09
12.76396	-56.95157	0	62	2021-09-05T07:39:35
12.76326	-56.95187	0	62	2021-09-05T07:44:09
12.76249	-56.95236	0	62	2021-09-05T07:49:08
12.76176	-56.95279	0	62	2021-09-05T07:54:08
12.76105	-56.95319	0	62	2021-09-05T07:59:06
12.76038	-56.95355	0	62	2021-09-05T08:04:12
12.75969	-56.95395	0	62	2021-09-05T08:09:10
12.75898	-56.95438	0	62	2021-09-05T08:14:07
12.75823	-56.95486	0	62	2021-09-05T08:19:07
12.75750	-56.95538	0	62	2021-09-05T08:24:06
12.75679	-56.95575	0	62	2021-09-05T08:29:09
12.75605	-56.95612	0	62	2021-09-05T08:34:10
12.75525	-56.95651	0	62	2021-09-05T08:39:38
12.75457	-56.95691	0	62	2021-09-05T08:44:09
12.75385	-56.95731	0	62	2021-09-05T08:49:06
12.75303	-56.95773	0	62	2021-09-05T08:54:07
12.75228	-56.95822	0	62	2021-09-05T08:59:06
12.75145	-56.95868	0	62	2021-09-05T09:04:05
12.75066	-56.95917	0	62	2021-09-05T09:09:08
12.74982	-56.95978	0	62	2021-09-05T09:14:06
12.74900	-56.96021	0	62	2021-09-05T09:19:06
12.74814	-56.96072	0	62	2021-09-05T09:24:05
12.74733	-56.96124	0	62	2021-09-05T09:29:05
12.74652	-56.96173	0	62	2021-09-05T09:34:06
12.74569	-56.96242	0	62	2021-09-05T09:39:10
12.74496	-56.96293	0	62	2021-09-05T09:44:10
12.74423	-56.96344	0	62	2021-09-05T09:49:09
12.74353	-56.96400	0	62	2021-09-05T09:54:09
12.74284	-56.96451	0	62	2021-09-05T09:59:10
12.74198	-56.96494	0	62	2021-09-05T10:04:10
12.74121	-56.96545	0	62	2021-09-05T10:09:12
12.74044	-56.96594	0	62	2021-09-05T10:14:12
12.73966	-56.96646	0	62	2021-09-05T10:19:10
12.73887	-56.96692	0	62	2021-09-05T10:24:13
12.73805	-56.96741	0	62	2021-09-05T10:29:12
12.73726	-56.96805	0	62	2021-09-05T10:34:13
12.73630	-56.96866	0	62	2021-09-05T10:39:37
12.73550	-56.96915	0	62	2021-09-05T10:44:17
12.73461	-56.96964	0	62	2021-09-05T10:49:15
12.73378	-56.97015	0	62	2021-09-05T10:54:14
12.73297	-56.97068	0	62	2021-09-05T10:59:13
12.73215	-56.97128	0	62	2021-09-05T11:04:13
12.73135	-56.97186	0	62	2021-09-05T11:09:15
12.73067	-56.97238	0	62	2021-09-05T11:14:16
12.73009	-56.97290	0	62	2021-09-05T11:19:16
12.72951	-56.97351	0	62	2021-09-05T11:24:13
12.72895	-56.97424	0	62	2021-09-05T11:29:16
12.72844	-56.97491	0	62	2021-09-05T11:34:14
12.72792	-56.97552	0	62	2021-09-05T11:39:54
12.72746	-56.97604	0	62	2021-09-05T11:44:15
12.72689	-56.97662	0	62	2021-09-05T11:49:16
12.72633	-56.97720	0	62	2021-09-05T11:54:14
12.72576	-56.97778	0	62	2021-09-05T11:59:15
12.72518	-56.97843	0	62	2021-09-05T12:04:17
12.72462	-56.97903	0	62	2021-09-05T12:09:17
12.72406	-56.97961	0	62	2021-09-05T12:14:16
12.72351	-56.98019	0	62	2021-09-05T12:19:10
12.72296	-56.98077	0	62	2021-09-05T12:24:11
12.72248	-56.98138	0	62	2021-09-05T12:29:12
12.72199	-56.98206	0	62	2021-09-05T12:34:10
12.72144	-56.98276	0	62	2021-09-05T12:39:37
12.72101	-56.98338	0	62	2021-09-05T12:44:14
12.72071	-56.98407	0	62	2021-09-05T12:49:13
12.72036	-56.98474	0	62	2021-09-05T12:54:12
12.71989	-56.98544	0	62	2021-09-05T12:59:14
12.71941	-56.98615	0	62	2021-09-05T13:04:11
12.71896	-56.98697	0	62	2021-09-05T13:09:11
12.71850	-56.98776	0	62	2021-09-05T13:14:13
12.71803	-56.98856	0	62	2021-09-05T13:19:13
12.71757	-56.98941	0	62	2021-09-05T13:24:14
12.71710	-56.99017	0	62	2021-09-05T13:29:11
12.71664	-56.99084	0	62	2021-09-05T13:34:11
12.71614	-56.99161	0	62	2021-09-05T13:39:36
12.71562	-56.99225	0	62	2021-09-05T13:44:10
12.71507	-56.99298	0	62	2021-09-05T13:49:11
12.71450	-56.99365	0	62	2021-09-05T13:54:12
12.71394	-56.99435	0	62	2021-09-05T13:59:15
12.71336	-56.99500	0	62	2021-09-05T14:04:13
12.71284	-56.99561	0	62	2021-09-05T14:09:10
12.71233	-56.99624	0	62	2021-09-05T14:14:08
12.71190	-56.99684	0	62	2021-09-05T14:19:08
12.71143	-56.99753	0	62	2021-09-05T14:24:09
12.71096	-56.99823	0	62	2021-09-05T14:29:10
12.71046	-56.99887	0	62	2021-09-05T14:34:07
12.70996	-56.99957	0	62	2021-09-05T14:39:26
12.70942	-57.00027	0	62	2021-09-05T14:44:05
12.70889	-57.00101	0	62	2021-09-05T14:49:08
12.70832	-57.00183	0	62	2021-09-05T14:54:06
12.70779	-57.00259	0	62	2021-09-05T14:59:07
12.70725	-57.00339	0	62	2021-09-05T15:04:05
12.70670	-57.00424	0	62	2021-09-05T15:09:04
12.70610	-57.00513	0	62	2021-09-05T15:14:06
12.70554	-57.00598	0	62	2021-09-05T15:19:07
12.70497	-57.00687	0	62	2021-09-05T15:24:05
12.70452	-57.00772	0	62	2021-09-05T15:29:05
12.70415	-57.00867	0	62	2021-09-05T15:34:06
12.70375	-57.00961	0	62	2021-09-05T15:39:27
12.70342	-57.01050	0	62	2021-09-05T15:44:07
12.70309	-57.01138	0	62	2021-09-05T15:49:04
12.70271	-57.01230	0	62	2021-09-05T15:54:06
12.70238	-57.01315	0	62	2021-09-05T15:59:07
12.70203	-57.01395	0	62	2021-09-05T16:04:06
12.70175	-57.01477	0	62	2021-09-05T16:09:08
12.70146	-57.01566	0	62	2021-09-05T16:14:06
12.70115	-57.01654	0	62	2021-09-05T16:19:04
12.70083	-57.01746	0	62	2021-09-05T16:24:04
12.70054	-57.01843	0	62	2021-09-05T16:29:02
12.70025	-57.01944	0	62	2021-09-05T16:34:03
12.70006	-57.02042	0	62	2021-09-05T16:39:24
12.69979	-57.02127	0	62	2021-09-05T16:44:03
12.69953	-57.02209	0	62	2021-09-05T16:49:02
12.69920	-57.02298	0	62	2021-09-05T16:54:00
12.69879	-57.02380	0	62	2021-09-05T16:59:02
12.69838	-57.02466	0	62	2021-09-05T17:04:04
12.69798	-57.02554	0	62	2021-09-05T17:09:03
12.69767	-57.02640	0	62	2021-09-05T17:14:04
12.69734	-57.02716	0	62	2021-09-05T17:19:03
12.69695	-57.02789	0	62	2021-09-05T17:24:12
12.69663	-57.02869	0	62	2021-09-05T17:29:18
12.69637	-57.02945	0	62	2021-09-05T17:34:15
12.69588	-57.03015	0	62	2021-09-05T17:39:34
12.69567	-57.03074	0	62	2021-09-05T17:43:57
12.69537	-57.03134	0	62	2021-09-05T17:48:58
12.69517	-57.03195	0	62	2021-09-05T17:53:59
12.69508	-57.03256	0	62	2021-09-05T17:59:00
12.69495	-57.03314	0	62	2021-09-05T18:03:57
12.69479	-57.03384	0	62	2021-09-05T18:08:58
12.69466	-57.03461	0	62	2021-09-05T18:13:57
12.69458	-57.03534	0	62	2021-09-05T18:18:55
12.69452	-57.03622	0	62	2021-09-05T18:23:57
12.69448	-57.03716	0	62	2021-09-05T18:29:00
12.69448	-57.03802	0	62	2021-09-05T18:33:59
12.69444	-57.03882	0	62	2021-09-05T18:39:25
12.69436	-57.03943	0	62	2021-09-05T18:44:00
12.69424	-57.04004	0	62	2021-09-05T18:49:03
12.69404	-57.04050	0	62	2021-09-05T18:54:04
12.69388	-57.04105	0	62	2021-09-05T18:59:02
12.69374	-57.04153	0	62	2021-09-05T19:04:02
12.69368	-57.04202	0	62	2021-09-05T19:09:04
12.69355	-57.04251	0	62	2021-09-05T19:14:04
12.69346	-57.04294	0	62	2021-09-05T19:19:04
12.69337	-57.04343	0	62	2021-09-05T19:24:03
12.69329	-57.04388	0	62	2021-09-05T19:29:02
12.69326	-57.04437	0	62	2021-09-05T19:34:03
12.69317	-57.04474	0	62	2021-09-05T19:39:25
12.69317	-57.04520	0	62	2021-09-05T19:44:01
12.69316	-57.04562	0	62	2021-09-05T19:49:06
12.69317	-57.04611	0	62	2021-09-05T19:54:04
12.69318	-57.04663	0	62	2021-09-05T19:59:05
12.69320	-57.04718	0	62	2021-09-05T20:04:02
12.69326	-57.04770	0	62	2021-09-05T20:09:02
12.69325	-57.04813	0	62	2021-09-05T20:13:57
12.69315	-57.04858	0	62	2021-09-05T20:18:59
12.69320	-57.04907	0	62	2021-09-05T20:23:54
12.69329	-57.04950	0	62	2021-09-05T20:28:55
12.69340	-57.04987	0	62	2021-09-05T20:33:54
12.69361	-57.05042	0	62	2021-09-05T20:39:26
12.69375	-57.05081	0	62	2021-09-05T20:43:54
12.69405	-57.05109	0	62	2021-09-05T20:48:55
12.69439	-57.05136	0	62	2021-09-05T20:53:55
12.69473	-57.05167	0	62	2021-09-05T20:58:53
12.69509	-57.05209	0	62	2021-09-05T21:03:56
12.69551	-57.05246	0	62	2021-09-05T21:08:58
12.69589	-57.05283	0	62	2021-09-05T21:13:58
12.69625	-57.05319	0	62	2021-09-05T21:18:59
12.69659	-57.05356	0	62	2021-09-05T21:23:59
12.69698	-57.05399	0	62	2021-09-05T21:28:57
12.69726	-57.05450	0	62	2021-09-05T21:33:59
12.69764	-57.05501	0	62	2021-09-05T21:38:59
12.69790	-57.05527	0	62	2021-09-05T21:44:00
12.69818	-57.05566	0	62	2021-09-05T21:49:00
12.69846	-57.05606	0	62	2021-09-05T21:53:58
12.69869	-57.05640	0	62	2021-09-05T21:59:01
12.69897	-57.05673	0	62	2021-09-05T22:03:58
12.69921	-57.05710	0	62	2021-09-05T22:09:00
12.69951	-57.05743	0	62	2021-09-05T22:13:58
12.69979	-57.05777	0	62	2021-09-05T22:18:58
12.69998	-57.05804	0	62	2021-09-05T22:23:59
12.70017	-57.05832	0	62	2021-09-05T22:29:02
12.70042	-57.05862	0	62	2021-09-05T22:34:00
12.70065	-57.05902	0	62	2021-09-05T22:39:27
12.70079	-57.05939	0	62	2021-09-05T22:44:02
12.70092	-57.05972	0	62	2021-09-05T22:49:02
12.70115	-57.06006	0	62	2021-09-05T22:54:04
12.70132	-57.06032	0	62	2021-09-05T22:59:08
12.70158	-57.06058	0	62	2021-09-05T23:04:08
12.70182	-57.06079	0	62	2021-09-05T23:09:10
12.70192	-57.06100	0	62	2021-09-05T23:14:14
12.70205	-57.06116	0	62	2021-09-05T23:19:12
12.70223	-57.06128	0	62	2021-09-05T23:24:12
12.70235	-57.06149	0	62	2021-09-05T23:29:13
12.70253	-57.06180	0	62	2021-09-05T23:34:15
12.70273	-57.06216	0	62	2021-09-05T23:39:35
12.70290	-57.06241	0	62	2021-09-05T23:44:13
12.70307	-57.06271	0	62	2021-09-05T23:49:13
12.70339	-57.06296	0	62	2021-09-05T23:54:11
12.70378	-57.06317	0	62	2021-09-05T23:59:12
12.70414	-57.06335	0	62	2021-09-06T00:04:12
12.70443	-57.06354	0	62	2021-09-06T00:09:12
12.70465	-57.06378	0	62	2021-09-06T00:14:13
12.70491	-57.06396	0	62	2021-09-06T00:19:15
12.70516	-57.06412	0	62	2021-09-06T00:24:14
12.70550	-57.06418	0	62	2021-09-06T00:29:16
12.70577	-57.06439	0	62	2021-09-06T00:34:16
12.70606	-57.06461	0	62	2021-09-06T00:39:53
12.70628	-57.06488	0	62	2021-09-06T00:44:16
12.70646	-57.06525	0	62	2021-09-06T00:49:16
12.70658	-57.06555	0	62	2021-09-06T00:54:20
12.70667	-57.06583	0	62	2021-09-06T00:59:21
12.70684	-57.06613	0	62	2021-09-06T01:04:22
12.70702	-57.06638	0	62	2021-09-06T01:09:24
12.70724	-57.06656	0	62	2021-09-06T01:14:24
12.70745	-57.06686	0	62	2021-09-06T01:19:25
12.70756	-57.06720	0	62	2021-09-06T01:24:26
12.70765	-57.06757	0	62	2021-09-06T01:29:29
12.70766	-57.06787	0	62	2021-09-06T01:34:27
12.70778	-57.06824	0	62	2021-09-06T01:39:56
12.70783	-57.06845	0	62	2021-09-06T01:44:29
12.70800	-57.06874	0	62	2021-09-06T01:49:27
12.70809	-57.06900	0	62	2021-09-06T01:54:27
12.70823	-57.06934	0	62	2021-09-06T01:59:28
12.70838	-57.06961	0	62	2021-09-06T02:04:25
12.70860	-57.06992	0	62	2021-09-06T02:09:26
12.70875	-57.07022	0	62	2021-09-06T02:14:27
12.70891	-57.07053	0	62	2021-09-06T02:19:24
12.70899	-57.07074	0	62	2021-09-06T02:24:21
12.70904	-57.07098	0	62	2021-09-06T02:29:21
12.70909	-57.07126	0	62	2021-09-06T02:34:19
12.70913	-57.07156	0	62	2021-09-06T02:39:54
12.70919	-57.07175	0	62	2021-09-06T02:44:19
12.70927	-57.07199	0	62	2021-09-06T02:49:21
12.70930	-57.07214	0	62	2021-09-06T02:54:18
12.70934	-57.07233	0	62	2021-09-06T02:59:19
12.70929	-57.07248	0	62	2021-09-06T03:04:16
12.70926	-57.07269	0	62	2021-09-06T03:09:17
12.70919	-57.07288	0	62	2021-09-06T03:14:16
12.70903	-57.07303	0	62	2021-09-06T03:19:14
12.70892	-57.07321	0	62	2021-09-06T03:24:15
12.70883	-57.07349	0	62	2021-09-06T03:29:13
12.70872	-57.07379	0	62	2021-09-06T03:34:13
12.70855	-57.07410	0	62	2021-09-06T03:39:37
12.70833	-57.07434	0	62	2021-09-06T03:44:14
12.70825	-57.07465	0	62	2021-09-06T03:49:12
12.70826	-57.07510	0	62	2021-09-06T03:54:13
12.70821	-57.07553	0	62	2021-09-06T03:59:11
12.70807	-57.07596	0	62	2021-09-06T04:04:12
12.70795	-57.07632	0	62	2021-09-06T04:09:11
12.70782	-57.07672	0	62	2021-09-06T04:14:12
12.70771	-57.07718	0	62	2021-09-06T04:19:13
12.70766	-57.07764	0	62	2021-09-06T04:24:11
12.70753	-57.07803	0	62	2021-09-06T04:29:10
12.70747	-57.07846	0	62	2021-09-06T04:34:11
12.70741	-57.07889	0	62	2021-09-06T04:39:36
12.70727	-57.07925	0	62	2021-09-06T04:44:10
12.70708	-57.07959	0	62	2021-09-06T04:49:12
12.70701	-57.07996	0	62	2021-09-06T04:54:10
12.70691	-57.08038	0	62	2021-09-06T04:59:12
12.70685	-57.08072	0	62	2021-09-06T05:04:10
12.70677	-57.08096	0	62	2021-09-06T05:09:11
12.70677	-57.08124	0	62	2021-09-06T05:14:10
12.70677	-57.08157	0	62	2021-09-06T05:19:11
12.70674	-57.08197	0	62	2021-09-06T05:24:09
12.70664	-57.08234	0	62	2021-09-06T05:29:10
12.70659	-57.08267	0	62	2021-09-06T05:34:08
12.70653	-57.08307	0	62	2021-09-06T05:39:24
12.70646	-57.08344	0	62	2021-09-06T05:44:09
12.70642	-57.08386	0	62	2021-09-06T05:49:13
12.70642	-57.08426	0	62	2021-09-06T05:54:10
12.70647	-57.08469	0	62	2021-09-06T05:59:11
12.70649	-57.08508	0	62	2021-09-06T06:04:11
12.70655	-57.08548	0	62	2021-09-06T06:09:09
12.70658	-57.08585	0	62	2021-09-06T06:14:13
12.70665	-57.08618	0	62	2021-09-06T06:19:11
12.70678	-57.08664	0	62	2021-09-06T06:24:12
12.70694	-57.08704	0	62	2021-09-06T06:29:09
12.70710	-57.08746	0	62	2021-09-06T06:34:16
12.70727	-57.08798	0	62	2021-09-06T06:39:37
12.70738	-57.08832	0	62	2021-09-06T06:44:11
12.70756	-57.08865	0	62	2021-09-06T06:49:12
12.70774	-57.08890	0	62	2021-09-06T06:54:09
12.70801	-57.08920	0	62	2021-09-06T06:59:11
12.70824	-57.08942	0	62	2021-09-06T07:04:08
12.70852	-57.08978	0	62	2021-09-06T07:09:10
12.70882	-57.09009	0	62	2021-09-06T07:14:09
12.70905	-57.09033	0	62	2021-09-06T07:19:09
12.70928	-57.09052	0	62	2021-09-06T07:24:07
12.70953	-57.09073	0	62	2021-09-06T07:29:10
12.70977	-57.09091	0	62	2021-09-06T07:34:09
12.71007	-57.09106	0	62	2021-09-06T07:39:36
12.71042	-57.09122	0	62	2021-09-06T07:44:10
12.71085	-57.09137	0	62	2021-09-06T07:49:10
12.71136	-57.09149	0	62	2021-09-06T07:54:12
12.71190	-57.09164	0	62	2021-09-06T07:59:15
12.71245	-57.09183	0	62	2021-09-06T08:04:16
12.71305	-57.09201	0	62	2021-09-06T08:09:11
12.71362	-57.09216	0	62	2021-09-06T08:14:14
12.71416	-57.09229	0	62	2021-09-06T08:19:16
12.71470	-57.09238	0	62	2021-09-06T08:24:13
12.71529	-57.09256	0	62	2021-09-06T08:29:16
12.71598	-57.09286	0	62	2021-09-06T08:34:14
12.71671	-57.09312	0	62	2021-09-06T08:39:14
12.71727	-57.09329	0	62	2021-09-06T08:44:13
12.71794	-57.09348	0	62	2021-09-06T08:49:20
12.71856	-57.09360	0	62	2021-09-06T08:54:13
12.71921	-57.09366	0	62	2021-09-06T08:59:14
12.71980	-57.09372	0	62	2021-09-06T09:04:11
12.72030	-57.09381	0	62	2021-09-06T09:09:10
12.72084	-57.09381	0	62	2021-09-06T09:14:09
12.72133	-57.09400	0	62	2021-09-06T09:19:08
12.72184	-57.09400	0	62	2021-09-06T09:24:08
12.72235	-57.09409	0	62	2021-09-06T09:29:09
12.72293	-57.09418	0	62	2021-09-06T09:34:08
12.72354	-57.09424	0	62	2021-09-06T09:39:26
12.72407	-57.09424	0	62	2021-09-06T09:44:10
12.72465	-57.09433	0	62	2021-09-06T09:49:12
12.72523	-57.09433	0	62	2021-09-06T09:54:10
12.72582	-57.09439	0	62	2021-09-06T09:59:13
12.72642	-57.09436	0	62	2021-09-06T10:04:14
12.72698	-57.09445	0	62	2021-09-06T10:09:14
12.72763	-57.09457	0	62	2021-09-06T10:14:12
12.72813	-57.09470	0	62	2021-09-06T10:19:10
12.72856	-57.09476	0	62	2021-09-06T10:24:13
12.72898	-57.09488	0	62	2021-09-06T10:29:15
12.72932	-57.09500	0	62	2021-09-06T10:34:13
12.72973	-57.09528	0	62	2021-09-06T10:39:36
12.73006	-57.09540	0	62	2021-09-06T10:44:17
12.73035	-57.09546	0	62	2021-09-06T10:49:11
12.73067	-57.09549	0	62	2021-09-06T10:54:14
12.73092	-57.09558	0	62	2021-09-06T10:59:12
12.73122	-57.09576	0	62	2021-09-06T11:04:13
12.73146	-57.09586	0	62	2021-09-06T11:09:15
12.73167	-57.09595	0	62	2021-09-06T11:14:15
12.73195	-57.09604	0	62	2021-09-06T11:19:13
12.73228	-57.09607	0	62	2021-09-06T11:24:17
12.73260	-57.09619	0	62	2021-09-06T11:29:18
12.73294	-57.09628	0	62	2021-09-06T11:34:18
12.73334	-57.09653	0	62	2021-09-06T11:39:55
12.73371	-57.09662	0	62	2021-09-06T11:44:17
12.73410	-57.09677	0	62	2021-09-06T11:49:20
12.73450	-57.09683	0	62	2021-09-06T11:54:18
12.73491	-57.09698	0	62	2021-09-06T11:59:19
12.73535	-57.09702	0	62	2021-09-06T12:04:19
12.73581	-57.09708	0	62	2021-09-06T12:09:20
12.73632	-57.09708	0	62	2021-09-06T12:14:20
12.73674	-57.09708	0	62	2021-09-06T12:19:19
12.73722	-57.09702	0	62	2021-09-06T12:24:19
12.73765	-57.09698	0	62	2021-09-06T12:29:19
12.73809	-57.09692	0	62	2021-09-06T12:34:21
12.73863	-57.09683	0	62	2021-09-06T12:39:56
12.73903	-57.09677	0	62	2021-09-06T12:44:20
12.73946	-57.09677	0	62	2021-09-06T12:49:22
12.73987	-57.09671	0	62	2021-09-06T12:54:17
12.74026	-57.09662	0	62	2021-09-06T12:59:18
12.74055	-57.09644	0	62	2021-09-06T13:04:19
12.74080	-57.09631	0	62	2021-09-06T13:09:20
12.74095	-57.09628	0	62	2021-09-06T13:14:19
12.74119	-57.09625	0	62	2021-09-06T13:19:17
12.74143	-57.09619	0	62	2021-09-06T13:24:18
12.74160	-57.09625	0	62	2021-09-06T13:29:19
12.74180	-57.09634	0	62	2021-09-06T13:34:20
12.74206	-57.09634	0	62	2021-09-06T13:39:56
12.74228	-57.09641	0	62	2021-09-06T13:44:22
12.74261	-57.09647	0	62	2021-09-06T13:49:23
12.74302	-57.09656	0	62	2021-09-06T13:54:23
12.74339	-57.09665	0	62	2021-09-06T13:59:17
12.74376	-57.09665	0	62	2021-09-06T14:04:21
12.74414	-57.09674	0	62	2021-09-06T14:09:18
12.74458	-57.09671	0	62	2021-09-06T14:14:19
12.74496	-57.09662	0	62	2021-09-06T14:19:16
12.74535	-57.09656	0	62	2021-09-06T14:24:16
12.74570	-57.09646	0	62	2021-09-06T14:29:14
12.74596	-57.09637	0	62	2021-09-06T14:34:15
12.74637	-57.09628	0	62	2021-09-06T14:39:55
12.74669	-57.09619	0	62	2021-09-06T14:44:16
12.74703	-57.09613	0	62	2021-09-06T14:49:17
12.74732	-57.09598	0	62	2021-09-06T14:54:19
12.74761	-57.09589	0	62	2021-09-06T14:59:19
12.74792	-57.09576	0	62	2021-09-06T15:04:20
12.74825	-57.09567	0	62	2021-09-06T15:09:21
12.74856	-57.09552	0	62	2021-09-06T15:14:21
12.74890	-57.09534	0	62	2021-09-06T15:19:23
12.74926	-57.09515	0	62	2021-09-06T15:24:23
12.74955	-57.09497	0	62	2021-09-06T15:29:20
12.74983	-57.09491	0	62	2021-09-06T15:34:21
12.75010	-57.09485	0	62	2021-09-06T15:39:54
12.75033	-57.09479	0	62	2021-09-06T15:44:19
12.75057	-57.09473	0	62	2021-09-06T15:49:13
12.75086	-57.09460	0	62	2021-09-06T15:54:17
12.75106	-57.09451	0	62	2021-09-06T15:59:16
12.75121	-57.09439	0	62	2021-09-06T16:04:14
12.75134	-57.09424	0	62	2021-09-06T16:09:15
12.75150	-57.09412	0	62	2021-09-06T16:14:13
12.75174	-57.09402	0	62	2021-09-06T16:19:14
12.75196	-57.09387	0	62	2021-09-06T16:24:13
12.75216	-57.09363	0	62	2021-09-06T16:29:18
12.75233	-57.09354	0	62	2021-09-06T16:34:17
12.75246	-57.09344	0	62	2021-09-06T16:39:55
12.75251	-57.09335	0	62	2021-09-06T16:44:16
12.75264	-57.09326	0	62	2021-09-06T16:49:19
12.75281	-57.09326	0	62	2021-09-06T16:54:19
12.75292	-57.09332	0	62	2021-09-06T16:59:17
12.75307	-57.09335	0	62	2021-09-06T17:04:17
12.75322	-57.09338	0	62	2021-09-06T17:09:18
12.75337	-57.09335	0	62	2021-09-06T17:14:18
12.75349	-57.09332	0	62	2021-09-06T17:19:19
12.75355	-57.09323	0	62	2021-09-06T17:24:17
12.75358	-57.09317	0	62	2021-09-06T17:29:18
12.75364	-57.09317	0	62	2021-09-06T17:34:21
12.75381	-57.09317	0	62	2021-09-06T17:39:55
12.75397	-57.09311	0	62	2021-09-06T17:44:20
12.75408	-57.09305	0	62	2021-09-06T17:49:21
12.75415	-57.09305	0	62	2021-09-06T17:54:21
12.75426	-57.09305	0	62	2021-09-06T17:59:19
12.75440	-57.09305	0	62	2021-09-06T18:04:20
12.75455	-57.09302	0	62	2021-09-06T18:09:21
12.75469	-57.09296	0	62	2021-09-06T18:14:18
12.75486	-57.09293	0	62	2021-09-06T18:19:17
12.75499	-57.09280	0	62	2021-09-06T18:24:18
12.75515	-57.09277	0	62	2021-09-06T18:29:19
12.75535	-57.09268	0	62	2021-09-06T18:34:16
12.75558	-57.09265	0	62	2021-09-06T18:39:54
12.75573	-57.09259	0	62	2021-09-06T18:44:20
12.75592	-57.09253	0	62	2021-09-06T18:49:20
12.75612	-57.09241	0	62	2021-09-06T18:54:24
12.75638	-57.09241	0	62	2021-09-06T18:59:24
12.75667	-57.09244	0	62	2021-09-06T19:04:23
12.75690	-57.09238	0	62	2021-09-06T19:09:23
12.75715	-57.09235	0	62	2021-09-06T19:14:24
12.75734	-57.09225	0	62	2021-09-06T19:19:22
12.75753	-57.09235	0	62	2021-09-06T19:24:19
12.75769	-57.09235	0	62	2021-09-06T19:29:20
12.75783	-57.09241	0	62	2021-09-06T19:34:23
12.75800	-57.09241	0	62	2021-09-06T19:39:56
12.75824	-57.09250	0	62	2021-09-06T19:44:20
12.75854	-57.09253	0	62	2021-09-06T19:49:21
12.75887	-57.09271	0	62	2021-09-06T19:54:23
12.75920	-57.09284	0	62	2021-09-06T19:59:24
12.75959	-57.09293	0	62	2021-09-06T20:04:24
12.75998	-57.09317	0	62	2021-09-06T20:09:22
12.76033	-57.09332	0	62	2021-09-06T20:14:20
12.76071	-57.09354	0	62	2021-09-06T20:19:23
12.76109	-57.09372	0	62	2021-09-06T20:24:21
12.76147	-57.09384	0	62	2021-09-06T20:29:22
12.76179	-57.09396	0	62	2021-09-06T20:34:23
12.76220	-57.09415	0	62	2021-09-06T20:39:24
12.76237	-57.09424	0	62	2021-09-06T20:44:24
12.76265	-57.09442	0	62	2021-09-06T20:49:24
12.76293	-57.09454	0	62	2021-09-06T20:54:22
12.76318	-57.09473	0	62	2021-09-06T20:59:26
12.76347	-57.09492	0	62	2021-09-06T21:04:27
12.76368	-57.09509	0	62	2021-09-06T21:09:27
12.76391	-57.09518	0	62	2021-09-06T21:14:29
12.76419	-57.09528	0	62	2021-09-06T21:19:26
12.76442	-57.09544	0	62	2021-09-06T21:24:28
12.76463	-57.09561	0	62	2021-09-06T21:29:28
12.76484	-57.09573	0	62	2021-09-06T21:34:25
12.76510	-57.09586	0	62	2021-09-06T21:39:54
12.76535	-57.09592	0	62	2021-09-06T21:44:24
12.76556	-57.09601	0	62	2021-09-06T21:49:24
12.76577	-57.09613	0	62	2021-09-06T21:54:24
12.76598	-57.09619	0	62	2021-09-06T21:59:25
12.76620	-57.09628	0	62	2021-09-06T22:04:23
12.76646	-57.09644	0	62	2021-09-06T22:09:23
12.76670	-57.09662	0	62	2021-09-06T22:14:23
12.76691	-57.09680	0	62	2021-09-06T22:19:24
12.76723	-57.09698	0	62	2021-09-06T22:24:22
12.76747	-57.09717	0	62	2021-09-06T22:29:23
12.76768	-57.09733	0	62	2021-09-06T22:34:54
12.76785	-57.09750	0	62	2021-09-06T22:39:55
12.76809	-57.09775	0	62	2021-09-06T22:44:22
12.76846	-57.09802	0	62	2021-09-06T22:49:22
12.76885	-57.09818	0	62	2021-09-06T22:54:19
12.76902	-57.09840	0	62	2021-09-06T22:59:17
12.76919	-57.09857	0	62	2021-09-06T23:04:17
12.76942	-57.09882	0	62	2021-09-06T23:09:22
12.76973	-57.09903	0	62	2021-09-06T23:14:18
12.76995	-57.09909	0	62	2021-09-06T23:19:19
12.77017	-57.09915	0	62	2021-09-06T23:24:20
12.77032	-57.09921	0	62	2021-09-06T23:29:18
12.77054	-57.09924	0	62	2021-09-06T23:34:53
12.77075	-57.09933	0	62	2021-09-06T23:39:53
12.77082	-57.09946	0	62	2021-09-06T23:44:20
12.77085	-57.09952	0	62	2021-09-06T23:49:21
12.77099	-57.09958	0	62	2021-09-06T23:54:22
12.77103	-57.09958	0	62	2021-09-06T23:59:23
12.77110	-57.09964	0	62	2021-09-07T00:04:24
12.77122	-57.09982	0	62	2021-09-07T00:09:25
12.77135	-57.09999	0	62	2021-09-07T00:14:24
12.77148	-57.10025	0	62	2021-09-07T00:19:23
12.77157	-57.10046	0	62	2021-09-07T00:24:22
12.77165	-57.10089	0	62	2021-09-07T00:29:20
12.77182	-57.10110	0	62	2021-09-07T00:34:21
12.77191	-57.10138	0	62	2021-09-07T00:39:56
12.77201	-57.10159	0	62	2021-09-07T00:44:19
12.77217	-57.10184	0	62	2021-09-07T00:49:20
12.77226	-57.10202	0	62	2021-09-07T00:54:17
12.77236	-57.10220	0	62	2021-09-07T00:59:18
12.77243	-57.10236	0	62	2021-09-07T01:04:18
12.77253	-57.10254	0	62	2021-09-07T01:09:19
12.77259	-57.10275	0	62	2021-09-07T01:14:21
12.77272	-57.10284	0	62	2021-09-07T01:19:21
12.77287	-57.10301	0	62	2021-09-07T01:24:21
12.77296	-57.10318	0	62	2021-09-07T01:29:20
12.77311	-57.10333	0	62	2021-09-07T01:34:20
12.77336	-57.10355	0	62	2021-09-07T01:39:56
12.77349	-57.10370	0	62	2021-09-07T01:44:20
12.77368	-57.10379	0	62	2021-09-07T01:49:21
12.77380	-57.10391	0	62	2021-09-07T01:54:19
12.77387	-57.10400	0	62	2021-09-07T01:59:20
12.77391	-57.10416	0	62	2021-09-07T02:04:21
12.77399	-57.10425	0	62	2021-09-07T02:09:22
12.77416	-57.10443	0	62	2021-09-07T02:14:24
12.77433	-57.10458	0	62	2021-09-07T02:19:24
12.77446	-57.10471	0	62	2021-09-07T02:24:28
12.77461	-57.10486	0	62	2021-09-07T02:29:28
12.77475	-57.10501	0	62	2021-09-07T02:34:30
12.77470	-57.10526	0	62	2021-09-07T02:39:57
12.77468	-57.10547	0	62	2021-09-07T02:44:32
12.77476	-57.10559	0	62	2021-09-07T02:49:33
12.77481	-57.10580	0	62	2021-09-07T02:54:33
12.77479	-57.10599	0	62	2021-09-07T02:59:34
12.77474	-57.10614	0	62	2021-09-07T03:04:34
12.77465	-57.10626	0	62	2021-09-07T03:09:36
12.77457	-57.10638	0	62	2021-09-07T03:14:34
12.77455	-57.10651	0	62	2021-09-07T03:19:34
12.77464	-57.10672	0	62	2021-09-07T03:24:38
12.77468	-57.10681	0	62	2021-09-07T03:29:38
12.77475	-57.10696	0	62	2021-09-07T03:34:37
12.77484	-57.10721	0	62	2021-09-07T03:39:57
12.77488	-57.10730	0	62	2021-09-07T03:44:37
12.77496	-57.10751	0	62	2021-09-07T03:49:38
12.77508	-57.10770	0	62	2021-09-07T03:54:36
12.77516	-57.10785	0	62	2021-09-07T03:59:37
12.77523	-57.10806	0	62	2021-09-07T04:04:38
12.77530	-57.10831	0	62	2021-09-07T04:09:35
12.77532	-57.10849	0	62	2021-09-07T04:14:33
12.77531	-57.10864	0	62	2021-09-07T04:24:36
12.77526	-57.10867	0	62	2021-09-07T04:29:38
12.77521	-57.10873	0	62	2021-09-07T04:34:39
12.77510	-57.10886	0	62	2021-09-07T04:40:06
12.77506	-57.10901	0	62	2021-09-07T04:44:41
12.77492	-57.10913	0	62	2021-09-07T04:49:44
12.77483	-57.10925	0	62	2021-09-07T04:54:43
12.77474	-57.10931	0	62	2021-09-07T04:59:44
12.77463	-57.10944	0	62	2021-09-07T05:04:44
12.77446	-57.10956	0	62	2021-09-07T05:09:46
12.77436	-57.10977	0	62	2021-09-07T05:14:46
12.77422	-57.10986	0	62	2021-09-07T05:19:44
12.77413	-57.11002	0	62	2021-09-07T05:24:44
12.77402	-57.11017	0	62	2021-09-07T05:29:45
12.77389	-57.11029	0	62	2021-09-07T05:34:42
12.77367	-57.11050	0	62	2021-09-07T05:40:06
12.77349	-57.11060	0	62	2021-09-07T05:44:39
12.77333	-57.11072	0	62	2021-09-07T05:49:39
12.77317	-57.11075	0	62	2021-09-07T05:54:38
12.77304	-57.11087	0	62	2021-09-07T05:59:39
12.77288	-57.11093	0	62	2021-09-07T06:04:42
12.77275	-57.11096	0	62	2021-09-07T06:09:40
12.77251	-57.11087	0	62	2021-09-07T06:14:41
12.77229	-57.11090	0	62	2021-09-07T06:19:41
12.77203	-57.11093	0	62	2021-09-07T06:24:42
12.77182	-57.11108	0	62	2021-09-07T06:29:40
12.77163	-57.11127	0	62	2021-09-07T06:34:40
12.77151	-57.11145	0	62	2021-09-07T06:39:57
12.77140	-57.11166	0	62	2021-09-07T06:44:39
12.77134	-57.11200	0	62	2021-09-07T06:49:36
12.77132	-57.11240	0	62	2021-09-07T06:54:39
12.77131	-57.11276	0	62	2021-09-07T06:59:33
12.77131	-57.11319	0	62	2021-09-07T07:04:34
12.77127	-57.11353	0	62	2021-09-07T07:09:35
12.77130	-57.11383	0	62	2021-09-07T07:14:36
12.77136	-57.11407	0	62	2021-09-07T07:19:35
12.77143	-57.11441	0	62	2021-09-07T07:24:34
12.77155	-57.11472	0	62	2021-09-07T07:29:37
12.77164	-57.11508	0	62	2021-09-07T07:34:35
12.77178	-57.11548	0	62	2021-09-07T07:39:54
12.77191	-57.11572	0	62	2021-09-07T07:44:33
12.77201	-57.11588	0	62	2021-09-07T07:49:33
12.77205	-57.11615	0	62	2021-09-07T07:54:32
12.77208	-57.11639	0	62	2021-09-07T07:59:32
12.77194	-57.11667	0	62	2021-09-07T08:04:33
12.77187	-57.11691	0	62	2021-09-07T08:09:30
12.77183	-57.11719	0	62	2021-09-07T08:14:31
12.77182	-57.11746	0	62	2021-09-07T08:19:31
12.77181	-57.11777	0	62	2021-09-07T08:24:28
12.77178	-57.11810	0	62	2021-09-07T08:29:28
12.77169	-57.11844	0	62	2021-09-07T08:34:26
12.77168	-57.11890	0	62	2021-09-07T08:39:54
12.77166	-57.11928	0	62	2021-09-07T08:44:29
12.77166	-57.11954	0	62	2021-09-07T08:49:29
12.77171	-57.11987	0	62	2021-09-07T08:54:26
12.77171	-57.12021	0	62	2021-09-07T08:59:26
12.77182	-57.12054	0	62	2021-09-07T09:04:24
12.77193	-57.12091	0	62	2021-09-07T09:09:29
12.77204	-57.12119	0	62	2021-09-07T09:14:22
12.77213	-57.12149	0	62	2021-09-07T09:19:23
12.77208	-57.12222	0	62	2021-09-07T09:29:23
12.77197	-57.12256	0	62	2021-09-07T09:34:56
12.77197	-57.12299	0	62	2021-09-07T09:39:56
12.77192	-57.12329	0	62	2021-09-07T09:44:24
12.77187	-57.12372	0	62	2021-09-07T09:49:24
12.77182	-57.12402	0	62	2021-09-07T09:54:23
12.77172	-57.12418	0	62	2021-09-07T09:59:25
12.77164	-57.12439	0	62	2021-09-07T10:04:27
12.77157	-57.12476	0	62	2021-09-07T10:09:26
12.77162	-57.12503	0	62	2021-09-07T10:14:28
12.77170	-57.12524	0	62	2021-09-07T10:19:25
12.77170	-57.12549	0	62	2021-09-07T10:24:26
12.77160	-57.12579	0	62	2021-09-07T10:29:26
12.77155	-57.12598	0	62	2021-09-07T10:34:24
12.77152	-57.12619	0	62	2021-09-07T10:39:55
12.77150	-57.12640	0	62	2021-09-07T10:44:26
12.77151	-57.12662	0	62	2021-09-07T10:49:26
12.77148	-57.12694	0	62	2021-09-07T10:54:27
12.77148	-57.12720	0	62	2021-09-07T10:59:27
12.77146	-57.12750	0	62	2021-09-07T11:04:29
12.77154	-57.12772	0	62	2021-09-07T11:09:27
12.77162	-57.12808	0	62	2021-09-07T11:14:30
12.77166	-57.12830	0	62	2021-09-07T11:19:30
12.77178	-57.12866	0	62	2021-09-07T11:24:31
12.77188	-57.12939	0	62	2021-09-07T11:34:35
12.77188	-57.12965	0	62	2021-09-07T11:39:35
12.77179	-57.12991	0	62	2021-09-07T11:44:36
12.77168	-57.13013	0	62	2021-09-07T11:49:33
12.77154	-57.13031	0	62	2021-09-07T11:54:34
12.77145	-57.13062	0	62	2021-09-07T11:59:34
12.77136	-57.13086	0	62	2021-09-07T12:04:35
12.77142	-57.13123	0	62	2021-09-07T12:09:33
12.77143	-57.13153	0	62	2021-09-07T12:14:36
12.77146	-57.13177	0	62	2021-09-07T12:19:34
12.77147	-57.13205	0	62	2021-09-07T12:24:35
12.77141	-57.13235	0	62	2021-09-07T12:29:36
12.77138	-57.13269	0	62	2021-09-07T12:34:37
12.77132	-57.13306	0	62	2021-09-07T12:39:54
12.77124	-57.13336	0	62	2021-09-07T12:44:38
12.77115	-57.13372	0	62	2021-09-07T12:49:40
12.77106	-57.13406	0	62	2021-09-07T12:54:40
12.77096	-57.13440	0	62	2021-09-07T12:59:40
12.77097	-57.13480	0	62	2021-09-07T13:04:42
12.77091	-57.13522	0	62	2021-09-07T13:09:41
12.77081	-57.13565	0	62	2021-09-07T13:14:44
12.77073	-57.13611	0	62	2021-09-07T13:19:43
12.77059	-57.13654	0	62	2021-09-07T13:24:45
12.77044	-57.13690	0	62	2021-09-07T13:29:46
12.77024	-57.13727	0	62	2021-09-07T13:34:43
12.76997	-57.13770	0	62	2021-09-07T13:40:07
12.76972	-57.13812	0	62	2021-09-07T13:44:44
12.76946	-57.13855	0	62	2021-09-07T13:49:46
12.76914	-57.13895	0	62	2021-09-07T13:54:43
12.76884	-57.13928	0	62	2021-09-07T13:59:43
12.76853	-57.13950	0	62	2021-09-07T14:04:40
12.76827	-57.13980	0	62	2021-09-07T14:09:42
12.76803	-57.14020	0	62	2021-09-07T14:14:45
12.76772	-57.14050	0	62	2021-09-07T14:19:43
12.76742	-57.14081	0	62	2021-09-07T14:24:41
12.76711	-57.14116	0	62	2021-09-07T14:29:45
12.76685	-57.14142	0	62	2021-09-07T14:34:45
12.76655	-57.14182	0	62	2021-09-07T14:40:06
12.76625	-57.14215	0	62	2021-09-07T14:44:43
12.76588	-57.14252	0	62	2021-09-07T14:49:40
12.76553	-57.14297	0	62	2021-09-07T14:54:41
12.76519	-57.14349	0	62	2021-09-07T14:59:38
12.76439	-57.14463	0	62	2021-09-07T15:09:37
12.76396	-57.14514	0	62	2021-09-07T15:14:37
12.76357	-57.14557	0	62	2021-09-07T15:19:38
12.76313	-57.14603	0	62	2021-09-07T15:24:39
12.76269	-57.14658	0	62	2021-09-07T15:29:42
12.76230	-57.14713	0	62	2021-09-07T15:34:40
12.76195	-57.14780	0	62	2021-09-07T15:39:53
12.76159	-57.14844	0	62	2021-09-07T15:44:38
12.76122	-57.14905	0	62	2021-09-07T15:49:42
12.76086	-57.14969	0	62	2021-09-07T15:54:41
12.76049	-57.15033	0	62	2021-09-07T15:59:41
12.76018	-57.15100	0	62	2021-09-07T16:04:42
12.75974	-57.15164	0	62	2021-09-07T16:09:43
12.75938	-57.15240	0	62	2021-09-07T16:14:43
12.75915	-57.15305	0	62	2021-09-07T16:19:44
12.75886	-57.15378	0	62	2021-09-07T16:24:41
12.75856	-57.15457	0	62	2021-09-07T16:29:41
12.75831	-57.15536	0	62	2021-09-07T16:34:43
12.75810	-57.15625	0	62	2021-09-07T16:40:07
12.75787	-57.15707	0	62	2021-09-07T16:44:40
12.75763	-57.15793	0	62	2021-09-07T16:49:41
12.75737	-57.15878	0	62	2021-09-07T16:54:42
12.75712	-57.15958	0	62	2021-09-07T16:59:40
12.75689	-57.16031	0	62	2021-09-07T17:04:39
12.75666	-57.16104	0	62	2021-09-07T17:09:41
12.75646	-57.16178	0	62	2021-09-07T17:14:39
12.75637	-57.16255	0	62	2021-09-07T17:19:39
12.75620	-57.16324	0	62	2021-09-07T17:24:40
12.75603	-57.16394	0	62	2021-09-07T17:29:37
12.75582	-57.16473	0	62	2021-09-07T17:34:38
12.75563	-57.16544	0	62	2021-09-07T17:39:57
12.75548	-57.16617	0	62	2021-09-07T17:44:38
12.75530	-57.16693	0	62	2021-09-07T17:49:36
12.75501	-57.16768	0	62	2021-09-07T17:54:37
12.75491	-57.16846	0	62	2021-09-07T17:59:34
12.75479	-57.16931	0	62	2021-09-07T18:04:36
12.75455	-57.17014	0	62	2021-09-07T18:09:35
12.75435	-57.17102	0	62	2021-09-07T18:14:33
12.75410	-57.17188	0	62	2021-09-07T18:19:38
12.75393	-57.17267	0	62	2021-09-07T18:24:32
12.75373	-57.17352	0	62	2021-09-07T18:29:33
12.75344	-57.17444	0	62	2021-09-07T18:34:35
12.75323	-57.17530	0	62	2021-09-07T18:39:34
12.75306	-57.17599	0	62	2021-09-07T18:44:34
12.75283	-57.17676	0	62	2021-09-07T18:49:34
12.75256	-57.17752	0	62	2021-09-07T18:54:35
12.75236	-57.17827	0	62	2021-09-07T18:59:36
12.75219	-57.17896	0	62	2021-09-07T19:04:35
12.75197	-57.17969	0	62	2021-09-07T19:09:34
12.75167	-57.18033	0	62	2021-09-07T19:14:36
12.75137	-57.18100	0	62	2021-09-07T19:19:33
12.75106	-57.18167	0	62	2021-09-07T19:24:34
12.75078	-57.18228	0	62	2021-09-07T19:29:31
12.75054	-57.18289	0	62	2021-09-07T19:34:31
12.75026	-57.18359	0	62	2021-09-07T19:39:54
12.75007	-57.18430	0	62	2021-09-07T19:44:30
12.74983	-57.18503	0	62	2021-09-07T19:49:31
12.74956	-57.18576	0	62	2021-09-07T19:54:30
12.74936	-57.18655	0	62	2021-09-07T19:59:28
12.74915	-57.18735	0	62	2021-09-07T20:04:29
12.74901	-57.18826	0	62	2021-09-07T20:09:27
12.74891	-57.18915	0	62	2021-09-07T20:14:30
12.74885	-57.18997	0	62	2021-09-07T20:19:28
12.74872	-57.19080	0	62	2021-09-07T20:24:31
12.74861	-57.19162	0	62	2021-09-07T20:29:30
12.74850	-57.19235	0	62	2021-09-07T20:34:33
12.74830	-57.19318	0	62	2021-09-07T20:39:55
12.74816	-57.19391	0	62	2021-09-07T20:44:35
12.74794	-57.19479	0	62	2021-09-07T20:49:35
12.74782	-57.19540	0	62	2021-09-07T20:54:36
12.74764	-57.19617	0	62	2021-09-07T20:59:34
12.74747	-57.19690	0	62	2021-09-07T21:04:36
12.74724	-57.19757	0	62	2021-09-07T21:09:36
12.74716	-57.19833	0	62	2021-09-07T21:14:38
12.74711	-57.19922	0	62	2021-09-07T21:19:38
12.74699	-57.20013	0	62	2021-09-07T21:24:41
12.74687	-57.20108	0	62	2021-09-07T21:29:39
12.74688	-57.20206	0	62	2021-09-07T21:34:56
12.74688	-57.20309	0	62	2021-09-07T21:39:56
12.74689	-57.20404	0	62	2021-09-07T21:44:38
12.74671	-57.20493	0	62	2021-09-07T21:49:35
12.74667	-57.20587	0	62	2021-09-07T21:54:35
12.74658	-57.20679	0	62	2021-09-07T21:59:36
12.74637	-57.20757	0	62	2021-09-07T22:04:35
12.74620	-57.20834	0	62	2021-09-07T22:09:35
12.74606	-57.20911	0	62	2021-09-07T22:14:33
12.74604	-57.20996	0	62	2021-09-07T22:19:36
12.74598	-57.21085	0	62	2021-09-07T22:24:37
12.74595	-57.21167	0	62	2021-09-07T22:29:35
12.74593	-57.21249	0	62	2021-09-07T22:34:36
12.74588	-57.21333	0	62	2021-09-07T22:39:36
12.74584	-57.21402	0	62	2021-09-07T22:44:36
12.74574	-57.21490	0	62	2021-09-07T22:49:34
12.74569	-57.21585	0	62	2021-09-07T22:54:35
12.74564	-57.21676	0	62	2021-09-07T22:59:32
12.74564	-57.21762	0	62	2021-09-07T23:04:33
12.74565	-57.21851	0	62	2021-09-07T23:09:36
12.74559	-57.21933	0	62	2021-09-07T23:14:34
12.74562	-57.22018	0	62	2021-09-07T23:19:38
12.74568	-57.22110	0	62	2021-09-07T23:24:40
12.74572	-57.22202	0	62	2021-09-07T23:29:41
12.74555	-57.22409	0	62	2021-09-07T23:39:39
12.74555	-57.22486	0	62	2021-09-07T23:44:39
12.74542	-57.22580	0	62	2021-09-07T23:49:39
12.74537	-57.22675	0	62	2021-09-07T23:54:38
12.74534	-57.22760	0	62	2021-09-07T23:59:37
12.74520	-57.22842	0	62	2021-09-08T00:04:36
12.74506	-57.22931	0	62	2021-09-08T00:09:36
12.74496	-57.23032	0	62	2021-09-08T00:14:36
12.74481	-57.23132	0	62	2021-09-08T00:19:34
12.74460	-57.23224	0	62	2021-09-08T00:24:32
12.74441	-57.23318	0	62	2021-09-08T00:29:33
12.74436	-57.23419	0	62	2021-09-08T00:34:36
12.74442	-57.23517	0	62	2021-09-08T00:39:57
12.74437	-57.23608	0	62	2021-09-08T00:44:35
12.74425	-57.23715	0	62	2021-09-08T00:49:35
12.74408	-57.23825	0	62	2021-09-08T00:54:37
12.74400	-57.23944	0	62	2021-09-08T00:59:37
12.74387	-57.24072	0	62	2021-09-08T01:04:39
12.74382	-57.24197	0	62	2021-09-08T01:09:41
12.74373	-57.24323	0	62	2021-09-08T01:14:40
12.74360	-57.24452	0	62	2021-09-08T01:19:44
12.74351	-57.24564	0	62	2021-09-08T01:24:45
12.74331	-57.24689	0	62	2021-09-08T01:29:46
12.74313	-57.24802	0	62	2021-09-08T01:34:50
12.74286	-57.24921	0	62	2021-09-08T01:40:26
12.74278	-57.25034	0	62	2021-09-08T01:44:55
12.74278	-57.25159	0	62	2021-09-08T01:49:56
12.74276	-57.25281	0	62	2021-09-08T01:54:54
12.74260	-57.25409	0	62	2021-09-08T01:59:58
12.74234	-57.25543	0	62	2021-09-08T02:04:56
12.74211	-57.25680	0	62	2021-09-08T02:09:57
12.74202	-57.25809	0	62	2021-09-08T02:14:57
12.74188	-57.25943	0	62	2021-09-08T02:19:58
12.74181	-57.26080	0	62	2021-09-08T02:24:59
12.74169	-57.26218	0	62	2021-09-08T02:30:00
12.74165	-57.26346	0	62	2021-09-08T02:35:01
12.74162	-57.26495	0	62	2021-09-08T02:40:29
12.74165	-57.26630	0	62	2021-09-08T02:45:03
12.74166	-57.26779	0	62	2021-09-08T02:50:04
12.74167	-57.26917	0	62	2021-09-08T02:55:05
12.74151	-57.27057	0	62	2021-09-08T03:00:02
12.74147	-57.27194	0	62	2021-09-08T03:05:03
12.74135	-57.27335	0	62	2021-09-08T03:10:02
12.74127	-57.27475	0	62	2021-09-08T03:15:03
12.74109	-57.27618	0	62	2021-09-08T03:20:04
12.74091	-57.27753	0	62	2021-09-08T03:25:04
12.74078	-57.27893	0	62	2021-09-08T03:30:03
12.74063	-57.28027	0	62	2021-09-08T03:35:07
12.74045	-57.28180	0	62	2021-09-08T03:40:28
12.74037	-57.28323	0	62	2021-09-08T03:45:10
12.74016	-57.28470	0	62	2021-09-08T03:50:14
12.74005	-57.28622	0	62	2021-09-08T03:55:14
12.73998	-57.28781	0	62	2021-09-08T04:00:14
12.73983	-57.28937	0	62	2021-09-08T04:05:13
12.73958	-57.29086	0	62	2021-09-08T04:10:13
12.73936	-57.29230	0	62	2021-09-08T04:15:13
12.73929	-57.29386	0	62	2021-09-08T04:20:11
12.73916	-57.29532	0	62	2021-09-08T04:25:12
12.73886	-57.29672	0	62	2021-09-08T04:30:09
12.73863	-57.29800	0	62	2021-09-08T04:35:11
12.73830	-57.29950	0	62	2021-09-08T04:40:37
12.73823	-57.30075	0	62	2021-09-08T04:45:11
12.73810	-57.30209	0	62	2021-09-08T04:50:09
12.73800	-57.30344	0	62	2021-09-08T04:55:10
12.73787	-57.30469	0	62	2021-09-08T05:00:09
12.73784	-57.30594	0	62	2021-09-08T05:05:11
12.73776	-57.30725	0	62	2021-09-08T05:10:09
12.73766	-57.30862	0	62	2021-09-08T05:15:12
12.73755	-57.30993	0	62	2021-09-08T05:20:10
12.73751	-57.31113	0	62	2021-09-08T05:25:10
12.73756	-57.31247	0	62	2021-09-08T05:30:11
12.73752	-57.31369	0	62	2021-09-08T05:35:13
12.73771	-57.31516	0	62	2021-09-08T05:40:12
12.73784	-57.31628	0	62	2021-09-08T05:45:11
12.73803	-57.31775	0	62	2021-09-08T05:50:14
12.73815	-57.31900	0	62	2021-09-08T05:55:16
12.73824	-57.32034	0	62	2021-09-08T06:00:16
12.73841	-57.32172	0	62	2021-09-08T06:05:18
12.73843	-57.32297	0	62	2021-09-08T06:10:19
12.73847	-57.32416	0	62	2021-09-08T06:15:12
12.73850	-57.32535	0	62	2021-09-08T06:20:16
12.73858	-57.32657	0	62	2021-09-08T06:25:13
12.73874	-57.32785	0	62	2021-09-08T06:30:11
12.73886	-57.32907	0	62	2021-09-08T06:35:11
12.73888	-57.33029	0	62	2021-09-08T06:40:27
12.73902	-57.33156	0	62	2021-09-08T06:45:12
12.73911	-57.33276	0	62	2021-09-08T06:50:11
12.73932	-57.33408	0	62	2021-09-08T06:55:07
12.73953	-57.33539	0	62	2021-09-08T07:00:08
12.73965	-57.33676	0	62	2021-09-08T07:05:09
12.73980	-57.33825	0	62	2021-09-08T07:10:08
12.73989	-57.33954	0	62	2021-09-08T07:15:07
12.74016	-57.34085	0	62	2021-09-08T07:20:06
12.74045	-57.34213	0	62	2021-09-08T07:25:07
12.74070	-57.34338	0	62	2021-09-08T07:30:05
12.74093	-57.34482	0	62	2021-09-08T07:35:06
12.74110	-57.34628	0	62	2021-09-08T07:40:25
12.74124	-57.34763	0	62	2021-09-08T07:45:00
12.74133	-57.34909	0	62	2021-09-08T07:50:01
12.74150	-57.35046	0	62	2021-09-08T07:55:02
12.74175	-57.35184	0	62	2021-09-08T07:59:59
12.74246	-57.35597	0	62	2021-09-08T08:14:57
12.74261	-57.35730	0	62	2021-09-08T08:19:55
12.74272	-57.35880	0	62	2021-09-08T08:24:56
12.74290	-57.36020	0	62	2021-09-08T08:29:56
12.74311	-57.36169	0	62	2021-09-08T08:34:57
12.74334	-57.36340	0	62	2021-09-08T08:40:25
12.74356	-57.36469	0	62	2021-09-08T08:44:56
12.74390	-57.36622	0	62	2021-09-08T08:49:52
12.74414	-57.36761	0	62	2021-09-08T08:54:53
12.74446	-57.36905	0	62	2021-09-08T08:59:51
12.74496	-57.37048	0	62	2021-09-08T09:04:49
12.74533	-57.37195	0	62	2021-09-08T09:09:50
12.74578	-57.37338	0	62	2021-09-08T09:14:51
12.74610	-57.37479	0	62	2021-09-08T09:19:48
12.74650	-57.37616	0	62	2021-09-08T09:24:49
12.74705	-57.37766	0	62	2021-09-08T09:29:47
12.74759	-57.37920	0	62	2021-09-08T09:35:27
12.74823	-57.38092	0	62	2021-09-08T09:40:27
12.74875	-57.38226	0	62	2021-09-08T09:44:47
12.74936	-57.38373	0	62	2021-09-08T09:49:47
12.74988	-57.38525	0	62	2021-09-08T09:54:48
12.75044	-57.38680	0	62	2021-09-08T09:59:48
12.75091	-57.38834	0	62	2021-09-08T10:04:48
12.75142	-57.38989	0	62	2021-09-08T10:09:46
12.75197	-57.39145	0	62	2021-09-08T10:14:47
12.75257	-57.39301	0	62	2021-09-08T10:19:44
12.75315	-57.39456	0	62	2021-09-08T10:24:45
12.75377	-57.39603	0	62	2021-09-08T10:29:46
12.75445	-57.39758	0	62	2021-09-08T10:34:47
12.75508	-57.39914	0	62	2021-09-08T10:40:26
12.75558	-57.40051	0	62	2021-09-08T10:44:49
12.75609	-57.40201	0	62	2021-09-08T10:49:49
12.75675	-57.40366	0	62	2021-09-08T10:54:50
12.75734	-57.40520	0	62	2021-09-08T10:59:54
12.75798	-57.40692	0	62	2021-09-08T11:04:53
12.75871	-57.40872	0	62	2021-09-08T11:09:53
12.75939	-57.41040	0	62	2021-09-08T11:14:53
12.76000	-57.41196	0	62	2021-09-08T11:19:53
12.76051	-57.41357	0	62	2021-09-08T11:24:55
12.76106	-57.41522	0	62	2021-09-08T11:29:56
12.76225	-57.41856	0	62	2021-09-08T11:39:53
12.76272	-57.41993	0	62	2021-09-08T11:44:52
12.76315	-57.42130	0	62	2021-09-08T11:49:52
12.76384	-57.42282	0	62	2021-09-08T11:54:56
12.76457	-57.42441	0	62	2021-09-08T11:59:54
12.76519	-57.42599	0	62	2021-09-08T12:04:55
12.76585	-57.42767	0	62	2021-09-08T12:09:54
12.76642	-57.42923	0	62	2021-09-08T12:14:52
12.76701	-57.43076	0	62	2021-09-08T12:19:53
12.76769	-57.43222	0	62	2021-09-08T12:24:51
12.76843	-57.43378	0	62	2021-09-08T12:29:52
12.76912	-57.43539	0	62	2021-09-08T12:34:53
12.77006	-57.43719	0	62	2021-09-08T12:40:28
12.77081	-57.43854	0	62	2021-09-08T12:44:51
12.77165	-57.44006	0	62	2021-09-08T12:49:53
12.77255	-57.44165	0	62	2021-09-08T12:54:52
12.77345	-57.44321	0	62	2021-09-08T12:59:52
12.77431	-57.44467	0	62	2021-09-08T13:04:52
12.77516	-57.44627	0	62	2021-09-08T13:09:54
12.77610	-57.44781	0	62	2021-09-08T13:14:55
12.77694	-57.44931	0	62	2021-09-08T13:19:52
12.77775	-57.45078	0	62	2021-09-08T13:24:54
12.77857	-57.45218	0	62	2021-09-08T13:29:54
12.77934	-57.45355	0	62	2021-09-08T13:34:54
12.78031	-57.45496	0	62	2021-09-08T13:40:25
12.78109	-57.45615	0	62	2021-09-08T13:44:52
12.78298	-57.45866	0	62	2021-09-08T13:54:46
12.78389	-57.45984	0	62	2021-09-08T13:59:48
12.78478	-57.46115	0	62	2021-09-08T14:04:47
12.78564	-57.46243	0	62	2021-09-08T14:09:46
12.78652	-57.46383	0	62	2021-09-08T14:14:46
12.78742	-57.46512	0	62	2021-09-08T14:19:47
12.78832	-57.46649	0	62	2021-09-08T14:24:44
12.78922	-57.46777	0	62	2021-09-08T14:29:47
12.79017	-57.46906	0	62	2021-09-08T14:34:45
12.79122	-57.47046	0	62	2021-09-08T14:40:25
12.79203	-57.47147	0	62	2021-09-08T14:44:48
12.79292	-57.47266	0	62	2021-09-08T14:49:48
12.79384	-57.47391	0	62	2021-09-08T14:54:50
12.79464	-57.47510	0	62	2021-09-08T14:59:50
12.79547	-57.47639	0	62	2021-09-08T15:04:51
12.79633	-57.47751	0	62	2021-09-08T15:09:52
12.79715	-57.47845	0	62	2021-09-08T15:14:52
12.79798	-57.47949	0	62	2021-09-08T15:19:56
12.79870	-57.48050	0	62	2021-09-08T15:24:55
12.79930	-57.48145	0	62	2021-09-08T15:29:54
12.79998	-57.48242	0	62	2021-09-08T15:34:52
12.80079	-57.48361	0	62	2021-09-08T15:40:26
12.80151	-57.48456	0	62	2021-09-08T15:44:54
12.80233	-57.48557	0	62	2021-09-08T15:49:51
12.80317	-57.48657	0	62	2021-09-08T15:54:48
12.80396	-57.48767	0	62	2021-09-08T15:59:49
12.80474	-57.48868	0	62	2021-09-08T16:04:50
12.80539	-57.48965	0	62	2021-09-08T16:09:47
12.80608	-57.49067	0	62	2021-09-08T16:14:47
12.80681	-57.49161	0	62	2021-09-08T16:19:48
12.80760	-57.49259	0	62	2021-09-08T16:24:46
12.80833	-57.49353	0	62	2021-09-08T16:29:46
12.80909	-57.49457	0	62	2021-09-08T16:34:49
12.80999	-57.49573	0	62	2021-09-08T16:40:25
12.81076	-57.49667	0	62	2021-09-08T16:44:51
12.81160	-57.49771	0	62	2021-09-08T16:49:49
12.81248	-57.49878	0	62	2021-09-08T16:54:51
12.81334	-57.49988	0	62	2021-09-08T16:59:51
12.81431	-57.50095	0	62	2021-09-08T17:04:53
12.81521	-57.50204	0	62	2021-09-08T17:09:56
12.81601	-57.50299	0	62	2021-09-08T17:14:56
12.81685	-57.50400	0	62	2021-09-08T17:19:54
12.81786	-57.50507	0	62	2021-09-08T17:24:58
12.81876	-57.50610	0	62	2021-09-08T17:29:57
12.81975	-57.50711	0	62	2021-09-08T17:34:56
12.82085	-57.50812	0	62	2021-09-08T17:40:26
12.82186	-57.50903	0	62	2021-09-08T17:44:55
12.82292	-57.50995	0	62	2021-09-08T17:49:58
12.82388	-57.51081	0	62	2021-09-08T17:54:56
12.82504	-57.51175	0	62	2021-09-08T17:59:56
12.82618	-57.51272	0	62	2021-09-08T18:04:54
12.82721	-57.51349	0	62	2021-09-08T18:09:55
12.82818	-57.51422	0	62	2021-09-08T18:14:52
12.82918	-57.51505	0	62	2021-09-08T18:19:53
12.83008	-57.51584	0	62	2021-09-08T18:24:50
12.83103	-57.51669	0	62	2021-09-08T18:29:52
12.83193	-57.51749	0	62	2021-09-08T18:34:52
12.83294	-57.51834	0	62	2021-09-08T18:40:27
12.83380	-57.51907	0	62	2021-09-08T18:44:54
12.83484	-57.51981	0	62	2021-09-08T18:49:57
12.83587	-57.52054	0	62	2021-09-08T18:54:55
12.83686	-57.52139	0	62	2021-09-08T18:59:56
12.83790	-57.52224	0	62	2021-09-08T19:04:53
12.83902	-57.52301	0	62	2021-09-08T19:09:53
12.84011	-57.52380	0	62	2021-09-08T19:14:54
12.84109	-57.52463	0	62	2021-09-08T19:19:55
12.84198	-57.52536	0	62	2021-09-08T19:24:57
12.84297	-57.52615	0	62	2021-09-08T19:29:57
12.84396	-57.52701	0	62	2021-09-08T19:34:57
12.84502	-57.52798	0	62	2021-09-08T19:40:25
12.84592	-57.52877	0	62	2021-09-08T19:44:55
12.84691	-57.52963	0	62	2021-09-08T19:49:54
12.84794	-57.53043	0	62	2021-09-08T19:54:57
12.84902	-57.53116	0	62	2021-09-08T19:59:51
12.85001	-57.53192	0	62	2021-09-08T20:04:56
12.85089	-57.53271	0	62	2021-09-08T20:09:54
12.85180	-57.53358	0	62	2021-09-08T20:14:54
12.85266	-57.53427	0	62	2021-09-08T20:19:54
12.85341	-57.53494	0	62	2021-09-08T20:24:55
12.85425	-57.53568	0	62	2021-09-08T20:29:49
12.85515	-57.53641	0	62	2021-09-08T20:34:52
12.85623	-57.53738	0	62	2021-09-08T20:40:25
12.85709	-57.53806	0	62	2021-09-08T20:44:51
12.85796	-57.53885	0	62	2021-09-08T20:49:52
12.85881	-57.53975	0	62	2021-09-08T20:54:52
12.85963	-57.54044	0	62	2021-09-08T20:59:51
12.86058	-57.54120	0	62	2021-09-08T21:04:53
12.86154	-57.54202	0	62	2021-09-08T21:09:48
12.86239	-57.54282	0	62	2021-09-08T21:14:52
12.86336	-57.54352	0	62	2021-09-08T21:19:48
12.86439	-57.54448	0	62	2021-09-08T21:24:49
12.86530	-57.54526	0	62	2021-09-08T21:29:50
12.86623	-57.54602	0	62	2021-09-08T21:34:48
12.86718	-57.54688	0	62	2021-09-08T21:40:26
12.86806	-57.54758	0	62	2021-09-08T21:44:49
12.86903	-57.54842	0	62	2021-09-08T21:49:49
12.86999	-57.54926	0	62	2021-09-08T21:54:48
12.87092	-57.55005	0	62	2021-09-08T21:59:48
12.87182	-57.55087	0	62	2021-09-08T22:04:48
12.87259	-57.55164	0	62	2021-09-08T22:09:46
12.87343	-57.55243	0	62	2021-09-08T22:14:44
12.87426	-57.55316	0	62	2021-09-08T22:19:40
12.87508	-57.55402	0	62	2021-09-08T22:24:40
12.87592	-57.55475	0	62	2021-09-08T22:29:38
12.87673	-57.55557	0	62	2021-09-08T22:34:35
12.87776	-57.55630	0	62	2021-09-08T22:39:55
12.87854	-57.55704	0	62	2021-09-08T22:44:32
12.87931	-57.55777	0	62	2021-09-08T22:49:33
12.87997	-57.55856	0	62	2021-09-08T22:54:31
12.88064	-57.55933	0	62	2021-09-08T22:59:32
12.88138	-57.56023	0	62	2021-09-08T23:04:31
12.88202	-57.56100	0	62	2021-09-08T23:09:30
12.88265	-57.56183	0	62	2021-09-08T23:14:29
12.88332	-57.56259	0	62	2021-09-08T23:19:27
12.88388	-57.56329	0	62	2021-09-08T23:24:31
12.88452	-57.56403	0	62	2021-09-08T23:29:33
12.88520	-57.56485	0	62	2021-09-08T23:34:34
12.88607	-57.56586	0	62	2021-09-08T23:39:58
12.88680	-57.56676	0	62	2021-09-08T23:44:36
12.88749	-57.56754	0	62	2021-09-08T23:49:35
12.88818	-57.56839	0	62	2021-09-08T23:54:36
12.88897	-57.56924	0	62	2021-09-08T23:59:37
12.88973	-57.57010	0	62	2021-09-09T00:04:39
12.89044	-57.57108	0	62	2021-09-09T00:09:40
12.89113	-57.57214	0	62	2021-09-09T00:14:37
12.89178	-57.57309	0	62	2021-09-09T00:19:38
12.89242	-57.57404	0	62	2021-09-09T00:24:35
12.89305	-57.57492	0	62	2021-09-09T00:29:35
12.89382	-57.57587	0	62	2021-09-09T00:34:32
12.89456	-57.57684	0	62	2021-09-09T00:39:59
12.89512	-57.57780	0	62	2021-09-09T00:44:27
12.89581	-57.57874	0	62	2021-09-09T00:49:27
12.89637	-57.57968	0	62	2021-09-09T00:54:25
12.89696	-57.58060	0	62	2021-09-09T00:59:26
12.89756	-57.58160	0	62	2021-09-09T01:04:25
12.89819	-57.58249	0	62	2021-09-09T01:09:27
12.89876	-57.58340	0	62	2021-09-09T01:14:24
12.89942	-57.58414	0	62	2021-09-09T01:19:25
12.90003	-57.58481	0	62	2021-09-09T01:24:25
12.90060	-57.58554	0	62	2021-09-09T01:29:26
12.90110	-57.58640	0	62	2021-09-09T01:34:24
12.90166	-57.58725	0	62	2021-09-09T01:39:59
12.90205	-57.58780	0	62	2021-09-09T01:44:37
12.90249	-57.58838	0	62	2021-09-09T01:49:23
12.90308	-57.58905	0	62	2021-09-09T01:54:24
12.90358	-57.58972	0	62	2021-09-09T01:59:23
12.90400	-57.59027	0	62	2021-09-09T02:04:21
12.90448	-57.59099	0	62	2021-09-09T02:09:22
12.90445	-57.59094	0	62	2021-09-09T02:09:22
12.90493	-57.59166	0	62	2021-09-09T02:14:20
12.90491	-57.59159	0	62	2021-09-09T02:14:22
12.90532	-57.59226	0	62	2021-09-09T02:19:20
12.90530	-57.59219	0	62	2021-09-09T02:19:22
12.90571	-57.59286	0	62	2021-09-09T02:24:21
12.90621	-57.59366	0	62	2021-09-09T02:29:22
12.90676	-57.59433	0	62	2021-09-09T02:34:26
12.90737	-57.59515	0	62	2021-09-09T02:39:57
12.90778	-57.59576	0	62	2021-09-09T02:44:27
12.90818	-57.59637	0	62	2021-09-09T02:49:25
12.90854	-57.59696	0	62	2021-09-09T02:54:26
12.90884	-57.59756	0	62	2021-09-09T02:59:26
12.90914	-57.59811	0	62	2021-09-09T03:04:24
12.90946	-57.59869	0	62	2021-09-09T03:09:25
12.90979	-57.59921	0	62	2021-09-09T03:14:22
12.91027	-57.59973	0	62	2021-09-09T03:19:25
12.91066	-57.60016	0	62	2021-09-09T03:24:24
12.91120	-57.60065	0	62	2021-09-09T03:29:23
12.91169	-57.60120	0	62	2021-09-09T03:34:37
12.91208	-57.60168	0	62	2021-09-09T03:39:59
12.91240	-57.60196	0	62	2021-09-09T03:44:24
12.91289	-57.60245	0	62	2021-09-09T03:49:26
12.91332	-57.60291	0	62	2021-09-09T03:54:21
12.91382	-57.60361	0	62	2021-09-09T03:59:22
12.91447	-57.60410	0	62	2021-09-09T04:04:23
12.91491	-57.60452	0	62	2021-09-09T04:09:22
12.91534	-57.60504	0	62	2021-09-09T04:14:20
12.91578	-57.60550	0	62	2021-09-09T04:19:21
12.91622	-57.60611	0	62	2021-09-09T04:24:22
12.91666	-57.60663	0	62	2021-09-09T04:29:20
12.91708	-57.60718	0	62	2021-09-09T04:34:23
12.91740	-57.60785	0	62	2021-09-09T04:39:54
12.91768	-57.60841	0	62	2021-09-09T04:44:20
12.91807	-57.60901	0	62	2021-09-09T04:49:19
12.91853	-57.60953	0	62	2021-09-09T04:54:19
12.91896	-57.61008	0	62	2021-09-09T04:59:20
12.91931	-57.61060	0	62	2021-09-09T05:04:17
12.91973	-57.61127	0	62	2021-09-09T05:09:19
12.92017	-57.61191	0	62	2021-09-09T05:14:18
12.92054	-57.61249	0	62	2021-09-09T05:19:20
12.92111	-57.61313	0	62	2021-09-09T05:24:17
12.92162	-57.61382	0	62	2021-09-09T05:29:17
12.92213	-57.61459	0	62	2021-09-09T05:34:17
12.92292	-57.61551	0	62	2021-09-09T05:39:54
12.92350	-57.61614	0	62	2021-09-09T05:44:20
12.92410	-57.61691	0	62	2021-09-09T05:49:20
12.92466	-57.61768	0	62	2021-09-09T05:54:18
12.92520	-57.61841	0	62	2021-09-09T05:59:18
12.92580	-57.61916	0	62	2021-09-09T06:04:22
12.92636	-57.61993	0	62	2021-09-09T06:09:21
12.92692	-57.62088	0	62	2021-09-09T06:14:21
12.92755	-57.62170	0	62	2021-09-09T06:19:23
12.92811	-57.62252	0	62	2021-09-09T06:24:23
12.92871	-57.62329	0	62	2021-09-09T06:29:24
12.92920	-57.62405	0	62	2021-09-09T06:34:22
12.92977	-57.62491	0	62	2021-09-09T06:39:54
12.93013	-57.62555	0	62	2021-09-09T06:44:23
12.93049	-57.62628	0	62	2021-09-09T06:49:24
12.93095	-57.62701	0	62	2021-09-09T06:54:21
12.93140	-57.62769	0	62	2021-09-09T06:59:21
12.93184	-57.62833	0	62	2021-09-09T07:04:18
12.93227	-57.62891	0	62	2021-09-09T07:09:19
12.93272	-57.62955	0	62	2021-09-09T07:14:16
12.93323	-57.63013	0	62	2021-09-09T07:19:17
12.93367	-57.63077	0	62	2021-09-09T07:24:14
12.93426	-57.63141	0	62	2021-09-09T07:29:15
12.93477	-57.63220	0	62	2021-09-09T07:34:13
12.93534	-57.63300	0	62	2021-09-09T07:39:36
12.93575	-57.63364	0	62	2021-09-09T07:44:13
12.93620	-57.63440	0	62	2021-09-09T07:49:11
12.93666	-57.63519	0	62	2021-09-09T07:54:16
12.93721	-57.63596	0	62	2021-09-09T07:59:11
12.93772	-57.63666	0	62	2021-09-09T08:04:14
12.93818	-57.63748	0	62	2021-09-09T08:09:14
12.93847	-57.63832	0	62	2021-09-09T08:14:11
12.93877	-57.63909	0	62	2021-09-09T08:19:12
12.93907	-57.63995	0	62	2021-09-09T08:24:12
12.93938	-57.64084	0	62	2021-09-09T08:29:14
12.93971	-57.64175	0	62	2021-09-09T08:34:12
12.94002	-57.64264	0	62	2021-09-09T08:39:39
12.94026	-57.64334	0	62	2021-09-09T08:44:13
12.94057	-57.64401	0	62	2021-09-09T08:49:13
12.94089	-57.64474	0	62	2021-09-09T08:54:17
12.94107	-57.64539	0	62	2021-09-09T08:59:15
12.94131	-57.64594	0	62	2021-09-09T09:04:16
12.94160	-57.64667	0	62	2021-09-09T09:09:14
12.94184	-57.64737	0	62	2021-09-09T09:14:13
12.94214	-57.64813	0	62	2021-09-09T09:19:12
12.94244	-57.64890	0	62	2021-09-09T09:24:12
12.94270	-57.64957	0	62	2021-09-09T09:29:15
12.94289	-57.65024	0	62	2021-09-09T09:34:13
12.94316	-57.65107	0	62	2021-09-09T09:39:14
12.94329	-57.65167	0	62	2021-09-09T09:44:15
12.94347	-57.65244	0	62	2021-09-09T09:49:13
12.94372	-57.65323	0	62	2021-09-09T09:54:14
12.94390	-57.65412	0	62	2021-09-09T09:59:18
12.94411	-57.65489	0	62	2021-09-09T10:04:18
12.94428	-57.65558	0	62	2021-09-09T10:09:18
12.94452	-57.65640	0	62	2021-09-09T10:14:17
12.94489	-57.65726	0	62	2021-09-09T10:19:18
12.94539	-57.65881	0	62	2021-09-09T10:29:15
12.94568	-57.65964	0	62	2021-09-09T10:34:16
12.94605	-57.66061	0	62	2021-09-09T10:39:54
12.94626	-57.66129	0	62	2021-09-09T10:44:18
12.94655	-57.66220	0	62	2021-09-09T10:49:18
12.94692	-57.66299	0	62	2021-09-09T10:54:16
12.94725	-57.66388	0	62	2021-09-09T10:59:17
12.94766	-57.66488	0	62	2021-09-09T11:04:17
12.94794	-57.66574	0	62	2021-09-09T11:09:18
12.94830	-57.66660	0	62	2021-09-09T11:14:16
12.94862	-57.66745	0	62	2021-09-09T11:19:19
12.94886	-57.66824	0	62	2021-09-09T11:24:17
12.94914	-57.66904	0	62	2021-09-09T11:29:25
12.94924	-57.66989	0	62	2021-09-09T11:34:18
12.94947	-57.67090	0	62	2021-09-09T11:39:58
12.94973	-57.67175	0	62	2021-09-09T11:44:17
12.94996	-57.67263	0	62	2021-09-09T11:49:17
12.95017	-57.67349	0	62	2021-09-09T11:54:18
12.95035	-57.67444	0	62	2021-09-09T11:59:19
12.95052	-57.67529	0	62	2021-09-09T12:04:23
12.95090	-57.67630	0	62	2021-09-09T12:09:18
12.95134	-57.67725	0	62	2021-09-09T12:14:17
12.95180	-57.67825	0	62	2021-09-09T12:19:18
12.95209	-57.67917	0	62	2021-09-09T12:24:16
12.95239	-57.68011	0	62	2021-09-09T12:29:17
12.95281	-57.68106	0	62	2021-09-09T12:34:18
12.95323	-57.68222	0	62	2021-09-09T12:39:56
12.95358	-57.68317	0	62	2021-09-09T12:44:15
12.95402	-57.68420	0	62	2021-09-09T12:49:17
12.95443	-57.68521	0	62	2021-09-09T12:54:16
12.95477	-57.68604	0	62	2021-09-09T12:59:17
12.95519	-57.68686	0	62	2021-09-09T13:04:15
12.95555	-57.68768	0	62	2021-09-09T13:09:12
12.95603	-57.68853	0	62	2021-09-09T13:14:13
12.95637	-57.68939	0	62	2021-09-09T13:19:13
12.95673	-57.69034	0	62	2021-09-09T13:24:10
12.95714	-57.69131	0	62	2021-09-09T13:29:11
12.95752	-57.69223	0	62	2021-09-09T13:34:08
12.95806	-57.69333	0	62	2021-09-09T13:39:36
12.95845	-57.69421	0	62	2021-09-09T13:44:09
12.95888	-57.69522	0	62	2021-09-09T13:49:10
12.95922	-57.69620	0	62	2021-09-09T13:54:08
12.95954	-57.69721	0	62	2021-09-09T13:59:09
12.95975	-57.69824	0	62	2021-09-09T14:04:09
12.95991	-57.69937	0	62	2021-09-09T14:09:06
12.96000	-57.70044	0	62	2021-09-09T14:14:07
12.96023	-57.70142	0	62	2021-09-09T14:19:08
12.96038	-57.70239	0	62	2021-09-09T14:24:08
12.96044	-57.70340	0	62	2021-09-09T14:29:05
12.96073	-57.70531	0	62	2021-09-09T14:39:04
12.96073	-57.70617	0	62	2021-09-09T14:44:04
12.96077	-57.70703	0	62	2021-09-09T14:49:04
12.96081	-57.70789	0	62	2021-09-09T14:54:03
12.96083	-57.70868	0	62	2021-09-09T14:59:04
12.96073	-57.70959	0	62	2021-09-09T15:04:07
12.96064	-57.71048	0	62	2021-09-09T15:09:05
12.96060	-57.71136	0	62	2021-09-09T15:14:07
12.96056	-57.71222	0	62	2021-09-09T15:19:07
12.96047	-57.71307	0	62	2021-09-09T15:24:05
12.96032	-57.71396	0	62	2021-09-09T15:29:08
12.96023	-57.71484	0	62	2021-09-09T15:34:06
12.96010	-57.71588	0	62	2021-09-09T15:39:23
12.95995	-57.71680	0	62	2021-09-09T15:44:07
12.95979	-57.71765	0	62	2021-09-09T15:49:11
12.95979	-57.71851	0	62	2021-09-09T15:54:13
12.95975	-57.71939	0	62	2021-09-09T15:59:11
12.95974	-57.72025	0	62	2021-09-09T16:04:14
12.95969	-57.72107	0	62	2021-09-09T16:09:16
12.95969	-57.72192	0	62	2021-09-09T16:14:16
12.95963	-57.72290	0	62	2021-09-09T16:19:17
12.95957	-57.72391	0	62	2021-09-09T16:24:17
12.95945	-57.72479	0	62	2021-09-09T16:29:19
12.95929	-57.72559	0	62	2021-09-09T16:34:17
12.95899	-57.72653	0	62	2021-09-09T16:39:37
12.95887	-57.72726	0	62	2021-09-09T16:44:16
12.95871	-57.72834	0	62	2021-09-09T16:49:21
12.95858	-57.72922	0	62	2021-09-09T16:54:18
12.95854	-57.73022	0	62	2021-09-09T16:59:20
12.95846	-57.73117	0	62	2021-09-09T17:04:24
12.95834	-57.73212	0	62	2021-09-09T17:09:22
12.95815	-57.73312	0	62	2021-09-09T17:14:27
12.95806	-57.73398	0	62	2021-09-09T17:19:27
12.95799	-57.73495	0	62	2021-09-09T17:24:25
12.95783	-57.73587	0	62	2021-09-09T17:29:56
12.95766	-57.73681	0	62	2021-09-09T17:34:56
12.95745	-57.73801	0	62	2021-09-09T17:39:55
12.95729	-57.73895	0	62	2021-09-09T17:44:28
12.95713	-57.74000	0	62	2021-09-09T17:49:29
12.95700	-57.74094	0	62	2021-09-09T17:54:30
12.95696	-57.74210	0	62	2021-09-09T17:59:31
12.95687	-57.74316	0	62	2021-09-09T18:04:30
12.95679	-57.74423	0	62	2021-09-09T18:09:31
12.95667	-57.74527	0	62	2021-09-09T18:14:29
12.95649	-57.74625	0	62	2021-09-09T18:19:30
12.95641	-57.74719	0	62	2021-09-09T18:24:28
12.95630	-57.74811	0	62	2021-09-09T18:29:28
12.95619	-57.74902	0	62	2021-09-09T18:34:29
12.95625	-57.75000	0	62	2021-09-09T18:39:56
12.95629	-57.75098	0	62	2021-09-09T18:44:30
12.95623	-57.75201	0	62	2021-09-09T18:49:31
12.95614	-57.75321	0	62	2021-09-09T18:54:29
12.95601	-57.75415	0	62	2021-09-09T18:59:29
12.95585	-57.75516	0	62	2021-09-09T19:04:31
12.95577	-57.75620	0	62	2021-09-09T19:09:32
12.95564	-57.75729	0	62	2021-09-09T19:14:31
12.95548	-57.75848	0	62	2021-09-09T19:19:33
12.95528	-57.75964	0	62	2021-09-09T19:24:30
12.95507	-57.76093	0	62	2021-09-09T19:29:33
12.95476	-57.76218	0	62	2021-09-09T19:34:34
12.95457	-57.76340	0	62	2021-09-09T19:39:55
12.95439	-57.76453	0	62	2021-09-09T19:44:29
12.95417	-57.76563	0	62	2021-09-09T19:49:30
12.95391	-57.76669	0	62	2021-09-09T19:54:28
12.95376	-57.76776	0	62	2021-09-09T19:59:29
12.95356	-57.76868	0	62	2021-09-09T20:04:31
12.95336	-57.76974	0	62	2021-09-09T20:09:29
12.95325	-57.77084	0	62	2021-09-09T20:14:27
12.95304	-57.77190	0	62	2021-09-09T20:19:27
12.95300	-57.77293	0	62	2021-09-09T20:24:27
12.95287	-57.77396	0	62	2021-09-09T20:29:26
12.95280	-57.77512	0	62	2021-09-09T20:34:27
12.95261	-57.77643	0	62	2021-09-09T20:39:55
12.95260	-57.77734	0	62	2021-09-09T20:44:24
12.95261	-57.77826	0	62	2021-09-09T20:49:25
12.95264	-57.77921	0	62	2021-09-09T20:54:22
12.95287	-57.78017	0	62	2021-09-09T20:59:22
12.95296	-57.78094	0	62	2021-09-09T21:04:22
12.95313	-57.78177	0	62	2021-09-09T21:09:24
12.95316	-57.78259	0	62	2021-09-09T21:14:22
12.95318	-57.78359	0	62	2021-09-09T21:19:25
12.95325	-57.78436	0	62	2021-09-09T21:24:23
12.95327	-57.78513	0	62	2021-09-09T21:29:24
12.95329	-57.78589	0	62	2021-09-09T21:34:24
12.95350	-57.78674	0	62	2021-09-09T21:39:56
12.95362	-57.78738	0	62	2021-09-09T21:44:23
12.95376	-57.78821	0	62	2021-09-09T21:49:24
12.95387	-57.78900	0	62	2021-09-09T21:54:23
12.95407	-57.78976	0	62	2021-09-09T21:59:24
12.95424	-57.79065	0	62	2021-09-09T22:04:22
12.95426	-57.79138	0	62	2021-09-09T22:09:23
12.95448	-57.79227	0	62	2021-09-09T22:14:23
12.95480	-57.79324	0	62	2021-09-09T22:19:22
12.95506	-57.79419	0	62	2021-09-09T22:24:21
12.95531	-57.79520	0	62	2021-09-09T22:29:23
12.95547	-57.79614	0	62	2021-09-09T22:34:22
12.95550	-57.79736	0	62	2021-09-09T22:39:56
12.95552	-57.79840	0	62	2021-09-09T22:44:21
12.95563	-57.79956	0	62	2021-09-09T22:49:26
12.95568	-57.80063	0	62	2021-09-09T22:54:24
12.95582	-57.80182	0	62	2021-09-09T22:59:28
12.95586	-57.80301	0	62	2021-09-09T23:04:29
12.95600	-57.80419	0	62	2021-09-09T23:09:32
12.95617	-57.80539	0	62	2021-09-09T23:14:31
12.95632	-57.80658	0	62	2021-09-09T23:19:35
12.95641	-57.80774	0	62	2021-09-09T23:24:32
12.95655	-57.80887	0	62	2021-09-09T23:29:30
12.95675	-57.81006	0	62	2021-09-09T23:34:34
12.95681	-57.81125	0	62	2021-09-09T23:39:58
12.95695	-57.81232	0	62	2021-09-09T23:44:29
12.95710	-57.81349	0	62	2021-09-09T23:49:33
12.95710	-57.81443	0	62	2021-09-09T23:54:33
12.95710	-57.81537	0	62	2021-09-09T23:59:33
12.95710	-57.81628	0	62	2021-09-10T00:04:38
12.95710	-57.81732	0	62	2021-09-10T00:09:36
12.95717	-57.81845	0	62	2021-09-10T00:14:36
12.95722	-57.81961	0	62	2021-09-10T00:19:31
12.95723	-57.82077	0	62	2021-09-10T00:24:37
12.95724	-57.82181	0	62	2021-09-10T00:29:38
12.95723	-57.82291	0	62	2021-09-10T00:34:33
12.95730	-57.82397	0	62	2021-09-10T00:39:34
12.95726	-57.82483	0	62	2021-09-10T00:44:34
12.95737	-57.82594	0	62	2021-09-10T00:49:34
12.95746	-57.82706	0	62	2021-09-10T00:54:33
12.95755	-57.82809	0	62	2021-09-10T00:59:33
12.95768	-57.82904	0	62	2021-09-10T01:04:45
12.95776	-57.83023	0	62	2021-09-10T01:09:46
12.95776	-57.83142	0	62	2021-09-10T01:14:44
12.95778	-57.83270	0	62	2021-09-10T01:19:48
12.95774	-57.83408	0	62	2021-09-10T01:24:44
12.95776	-57.83530	0	62	2021-09-10T01:29:45
12.95773	-57.83652	0	62	2021-09-10T01:34:43
12.95757	-57.83786	0	62	2021-09-10T01:40:26
12.95751	-57.83871	0	62	2021-09-10T01:44:28
12.95751	-57.83987	0	62	2021-09-10T01:49:29
12.95742	-57.84106	0	62	2021-09-10T01:54:27
12.95743	-57.84229	0	62	2021-09-10T01:59:27
12.95752	-57.84341	0	62	2021-09-10T02:04:26
12.95762	-57.84445	0	62	2021-09-10T02:09:30
12.95769	-57.84546	0	62	2021-09-10T02:14:27
12.95782	-57.84650	0	62	2021-09-10T02:19:30
12.95801	-57.84756	0	62	2021-09-10T02:24:28
12.95827	-57.84875	0	62	2021-09-10T02:29:30
12.95881	-57.85123	0	62	2021-09-10T02:39:55
12.95908	-57.85229	0	62	2021-09-10T02:44:31
12.95933	-57.85349	0	62	2021-09-10T02:49:33
12.95958	-57.85464	0	62	2021-09-10T02:54:32
12.95988	-57.85580	0	62	2021-09-10T02:59:34
12.96014	-57.85693	0	62	2021-09-10T03:04:34
12.96033	-57.85825	0	62	2021-09-10T03:09:33
12.96042	-57.85959	0	62	2021-09-10T03:14:36
12.96070	-57.86087	0	62	2021-09-10T03:19:30
12.96093	-57.86227	0	62	2021-09-10T03:24:31
12.96116	-57.86353	0	62	2021-09-10T03:29:32
12.96130	-57.86496	0	62	2021-09-10T03:34:33
12.96144	-57.86657	0	62	2021-09-10T03:39:32
12.96155	-57.86771	0	62	2021-09-10T03:44:34
12.96166	-57.86914	0	62	2021-09-10T03:49:31
12.96187	-57.87057	0	62	2021-09-10T03:54:33
12.96211	-57.87189	0	62	2021-09-10T03:59:33
12.96235	-57.87326	0	62	2021-09-10T04:04:49
12.96261	-57.87448	0	62	2021-09-10T04:09:47
12.96291	-57.87573	0	62	2021-09-10T04:14:47
12.96312	-57.87698	0	62	2021-09-10T04:19:47
12.96340	-57.87827	0	62	2021-09-10T04:24:45
12.96365	-57.87960	0	62	2021-09-10T04:29:49
12.96374	-57.88080	0	62	2021-09-10T04:34:49
12.96375	-57.88208	0	62	2021-09-10T04:40:06
12.96392	-57.88321	0	62	2021-09-10T04:44:32
12.96406	-57.88434	0	62	2021-09-10T04:49:31
12.96411	-57.88556	0	62	2021-09-10T04:54:31
12.96420	-57.88678	0	62	2021-09-10T04:59:31
12.96419	-57.88815	0	62	2021-09-10T05:04:33
12.96434	-57.88947	0	62	2021-09-10T05:09:34
12.96436	-57.89075	0	62	2021-09-10T05:14:33
12.96438	-57.89191	0	62	2021-09-10T05:19:35
12.96436	-57.89304	0	62	2021-09-10T05:24:33
12.96445	-57.89425	0	62	2021-09-10T05:29:55
12.96462	-57.89528	0	62	2021-09-10T05:34:54
12.96475	-57.89648	0	62	2021-09-10T05:39:54
12.96480	-57.89755	0	62	2021-09-10T05:44:35
12.96489	-57.89865	0	62	2021-09-10T05:49:35
12.96494	-57.89972	0	62	2021-09-10T05:54:36
12.96506	-57.90093	0	62	2021-09-10T05:59:31
12.96527	-57.90213	0	62	2021-09-10T06:04:31
12.96547	-57.90329	0	62	2021-09-10T06:09:33
12.96559	-57.90442	0	62	2021-09-10T06:14:33
12.96577	-57.90573	0	62	2021-09-10T06:19:34
12.96582	-57.90704	0	62	2021-09-10T06:24:34
12.96596	-57.90833	0	62	2021-09-10T06:29:32
12.96613	-57.90964	0	62	2021-09-10T06:34:33
12.96634	-57.91089	0	62	2021-09-10T06:39:54
12.96654	-57.91199	0	62	2021-09-10T06:44:33
12.96674	-57.91324	0	62	2021-09-10T06:49:34
12.96696	-57.91449	0	62	2021-09-10T06:54:33
12.96721	-57.91574	0	62	2021-09-10T06:59:37
12.96744	-57.91693	0	62	2021-09-10T07:04:34
12.96770	-57.91815	0	62	2021-09-10T07:09:32
12.96788	-57.91940	0	62	2021-09-10T07:14:32
12.96806	-57.92068	0	62	2021-09-10T07:19:33
12.96823	-57.92184	0	62	2021-09-10T07:24:34
12.96841	-57.92291	0	62	2021-09-10T07:29:33
12.96861	-57.92401	0	62	2021-09-10T07:34:34
12.96878	-57.92520	0	62	2021-09-10T07:39:55
12.96896	-57.92629	0	62	2021-09-10T07:44:33
12.96909	-57.92749	0	62	2021-09-10T07:49:33
12.96924	-57.92871	0	62	2021-09-10T07:54:35
12.96939	-57.92993	0	62	2021-09-10T07:59:32
12.96947	-57.93115	0	62	2021-09-10T08:04:37
12.96949	-57.93231	0	62	2021-09-10T08:09:30
12.96956	-57.93344	0	62	2021-09-10T08:14:33
12.96965	-57.93451	0	62	2021-09-10T08:19:35
12.96969	-57.93563	0	62	2021-09-10T08:24:35
12.96969	-57.93683	0	62	2021-09-10T08:29:34
12.96966	-57.93805	0	62	2021-09-10T08:34:37
12.96964	-57.93927	0	62	2021-09-10T08:40:09
12.96956	-57.94034	0	62	2021-09-10T08:44:40
12.96950	-57.94150	0	62	2021-09-10T08:49:37
12.96950	-57.94278	0	62	2021-09-10T08:54:38
12.96939	-57.94406	0	62	2021-09-10T08:59:39
12.96925	-57.94531	0	62	2021-09-10T09:04:35
12.96922	-57.94666	0	62	2021-09-10T09:09:39
12.96921	-57.94791	0	62	2021-09-10T09:14:37
12.96926	-57.94910	0	62	2021-09-10T09:19:37
12.96931	-57.95035	0	62	2021-09-10T09:24:38
12.96940	-57.95172	0	62	2021-09-10T09:29:38
12.96947	-57.95297	0	62	2021-09-10T09:34:37
12.96947	-57.95432	0	62	2021-09-10T09:39:57
12.96949	-57.95560	0	62	2021-09-10T09:44:35
12.96955	-57.95691	0	62	2021-09-10T09:49:38
12.96953	-57.95810	0	62	2021-09-10T09:54:39
12.96957	-57.95941	0	62	2021-09-10T09:59:37
12.96969	-57.96072	0	62	2021-09-10T10:04:39
12.96993	-57.96207	0	62	2021-09-10T10:09:41
12.97022	-57.96334	0	62	2021-09-10T10:14:36
12.97043	-57.96454	0	62	2021-09-10T10:19:36
12.97060	-57.96588	0	62	2021-09-10T10:24:40
12.97090	-57.96723	0	62	2021-09-10T10:29:41
12.97120	-57.96860	0	62	2021-09-10T10:34:40
12.97153	-57.97012	0	62	2021-09-10T10:40:04
12.97175	-57.97137	0	62	2021-09-10T10:44:44
12.97197	-57.97284	0	62	2021-09-10T10:49:44
12.97216	-57.97424	0	62	2021-09-10T10:54:46
12.97242	-57.97568	0	62	2021-09-10T10:59:48
12.97280	-57.97714	0	62	2021-09-10T11:04:48
12.97316	-57.97861	0	62	2021-09-10T11:09:52
12.97342	-57.98015	0	62	2021-09-10T11:14:51
12.97363	-57.98169	0	62	2021-09-10T11:19:51
12.97388	-57.98312	0	62	2021-09-10T11:24:55
12.97413	-57.98450	0	62	2021-09-10T11:29:55
12.97435	-57.98587	0	62	2021-09-10T11:34:57
12.97445	-57.98730	0	62	2021-09-10T11:40:25
12.97453	-57.98853	0	62	2021-09-10T11:44:58
12.97468	-57.98993	0	62	2021-09-10T11:49:59
12.97492	-57.99139	0	62	2021-09-10T11:54:57
12.97500	-57.99289	0	62	2021-09-10T11:59:56
12.97518	-57.99435	0	62	2021-09-10T12:04:59
12.97519	-57.99582	0	62	2021-09-10T12:09:55
12.97530	-57.99732	0	62	2021-09-10T12:14:56
12.97530	-57.99878	0	62	2021-09-10T12:19:57
12.97535	-58.00024	0	62	2021-09-10T12:24:58
12.97538	-58.00168	0	62	2021-09-10T12:29:58
12.97542	-58.00316	0	62	2021-09-10T12:35:25
12.97533	-58.00470	0	62	2021-09-10T12:40:24
12.97533	-58.00620	0	62	2021-09-10T12:45:00
12.97529	-58.00760	0	62	2021-09-10T12:49:58
12.97523	-58.00916	0	62	2021-09-10T12:54:59
12.97518	-58.01074	0	62	2021-09-10T12:59:57
12.97515	-58.01230	0	62	2021-09-10T13:05:00
12.97525	-58.01376	0	62	2021-09-10T13:09:57
12.97538	-58.01520	0	62	2021-09-10T13:14:59
12.97548	-58.01685	0	62	2021-09-10T13:19:59
12.97552	-58.01859	0	62	2021-09-10T13:25:05
12.97552	-58.02026	0	62	2021-09-10T13:30:01
12.97552	-58.02200	0	62	2021-09-10T13:35:02
12.97548	-58.02374	0	62	2021-09-10T13:40:26
12.97542	-58.02526	0	62	2021-09-10T13:45:03
12.97533	-58.02698	0	62	2021-09-10T13:50:02
12.97530	-58.02881	0	62	2021-09-10T13:55:06
12.97527	-58.03055	0	62	2021-09-10T14:00:03
12.97515	-58.03229	0	62	2021-09-10T14:05:10
12.97505	-58.03409	0	62	2021-09-10T14:10:08
12.97496	-58.03583	0	62	2021-09-10T14:15:06
12.97492	-58.03754	0	62	2021-09-10T14:20:05
12.97480	-58.03918	0	62	2021-09-10T14:25:04
12.97476	-58.04080	0	62	2021-09-10T14:30:03
12.97464	-58.04245	0	62	2021-09-10T14:35:04
12.97451	-58.04428	0	62	2021-09-10T14:40:24
12.97436	-58.04584	0	62	2021-09-10T14:44:59
12.97421	-58.04733	0	62	2021-09-10T14:49:59
12.97415	-58.04892	0	62	2021-09-10T14:54:59
12.97416	-58.05063	0	62	2021-09-10T14:59:57
12.97415	-58.05222	0	62	2021-09-10T15:04:58
12.97417	-58.05377	0	62	2021-09-10T15:09:55
12.97426	-58.05539	0	62	2021-09-10T15:14:56
12.97435	-58.05692	0	62	2021-09-10T15:19:57
12.97439	-58.05859	0	62	2021-09-10T15:24:59
12.97440	-58.06012	0	62	2021-09-10T15:29:55
12.97441	-58.06180	0	62	2021-09-10T15:35:08
12.97430	-58.06641	0	62	2021-09-10T15:49:54
12.97428	-58.06806	0	62	2021-09-10T15:54:55
12.97445	-58.06943	0	62	2021-09-10T15:59:55
12.97472	-58.07095	0	62	2021-09-10T16:04:53
12.97491	-58.07254	0	62	2021-09-10T16:09:54
12.97506	-58.07413	0	62	2021-09-10T16:14:52
12.97521	-58.07571	0	62	2021-09-10T16:19:55
12.97539	-58.07721	0	62	2021-09-10T16:24:53
12.97561	-58.07877	0	62	2021-09-10T16:29:50
12.97582	-58.08032	0	62	2021-09-10T16:34:53
12.97598	-58.08197	0	62	2021-09-10T16:40:25
12.97606	-58.08334	0	62	2021-09-10T16:44:53
12.97619	-58.08490	0	62	2021-09-10T16:49:54
12.97632	-58.08646	0	62	2021-09-10T16:54:53
12.97633	-58.08786	0	62	2021-09-10T16:59:55
12.97636	-58.08929	0	62	2021-09-10T17:04:52
12.97640	-58.09073	0	62	2021-09-10T17:09:53
12.97639	-58.09213	0	62	2021-09-10T17:14:51
12.97629	-58.09357	0	62	2021-09-10T17:19:53
12.97633	-58.09491	0	62	2021-09-10T17:24:51
12.97626	-58.09616	0	62	2021-09-10T17:29:52
12.97624	-58.09738	0	62	2021-09-10T17:34:53
12.97626	-58.09882	0	62	2021-09-10T17:40:25
12.97636	-58.10001	0	62	2021-09-10T17:44:55
12.97646	-58.10141	0	62	2021-09-10T17:49:59
12.97656	-58.10280	0	62	2021-09-10T17:55:01
12.97665	-58.10406	0	62	2021-09-10T18:00:00
12.97682	-58.10538	0	62	2021-09-10T18:05:02
12.97690	-58.10687	0	62	2021-09-10T18:10:03
12.97704	-58.10840	0	62	2021-09-10T18:15:03
12.97709	-58.10999	0	62	2021-09-10T18:20:05
12.97713	-58.11151	0	62	2021-09-10T18:25:04
12.97717	-58.11298	0	62	2021-09-10T18:30:06
12.97725	-58.11447	0	62	2021-09-10T18:35:07
12.97740	-58.11603	0	62	2021-09-10T18:40:28
12.97741	-58.11743	0	62	2021-09-10T18:45:04
12.97744	-58.11896	0	62	2021-09-10T18:50:02
12.97743	-58.12045	0	62	2021-09-10T18:54:59
12.97745	-58.12189	0	62	2021-09-10T19:00:00
12.97746	-58.12329	0	62	2021-09-10T19:05:05
12.97755	-58.12466	0	62	2021-09-10T19:09:55
12.97758	-58.12628	0	62	2021-09-10T19:14:59
12.97765	-58.12784	0	62	2021-09-10T19:20:00
12.97777	-58.12940	0	62	2021-09-10T19:25:01
12.97781	-58.13086	0	62	2021-09-10T19:30:01
12.97779	-58.13229	0	62	2021-09-10T19:35:01
12.97775	-58.13391	0	62	2021-09-10T19:40:27
12.97768	-58.13541	0	62	2021-09-10T19:45:04
12.97759	-58.13687	0	62	2021-09-10T19:50:05
12.97757	-58.13831	0	62	2021-09-10T19:55:06
12.97748	-58.13983	0	62	2021-09-10T20:00:05
12.97732	-58.14136	0	62	2021-09-10T20:05:07
12.97713	-58.14279	0	62	2021-09-10T20:10:07
12.97697	-58.14432	0	62	2021-09-10T20:15:05
12.97666	-58.14578	0	62	2021-09-10T20:20:07
12.97643	-58.14737	0	62	2021-09-10T20:25:12
12.97617	-58.14883	0	62	2021-09-10T20:30:12
12.97597	-58.15042	0	62	2021-09-10T20:35:09
12.97566	-58.15189	0	62	2021-09-10T20:40:25
12.97551	-58.15342	0	62	2021-09-10T20:45:13
12.97542	-58.15488	0	62	2021-09-10T20:50:12
12.97538	-58.15631	0	62	2021-09-10T20:55:12
12.97533	-58.15768	0	62	2021-09-10T21:00:13
12.97524	-58.15915	0	62	2021-09-10T21:05:14
12.97521	-58.16064	0	62	2021-09-10T21:10:15
12.97527	-58.16223	0	62	2021-09-10T21:15:15
12.97522	-58.16376	0	62	2021-09-10T21:20:15
12.97511	-58.16534	0	62	2021-09-10T21:25:16
12.97493	-58.16698	0	62	2021-09-10T21:30:11
12.97493	-58.16861	0	62	2021-09-10T21:35:11
12.97514	-58.17026	0	62	2021-09-10T21:40:28
12.97522	-58.17178	0	62	2021-09-10T21:45:10
12.97538	-58.17328	0	62	2021-09-10T21:50:10
12.97552	-58.17480	0	62	2021-09-10T21:55:12
12.97570	-58.17630	0	62	2021-09-10T22:00:15
12.97583	-58.17776	0	62	2021-09-10T22:05:16
12.97593	-58.17929	0	62	2021-09-10T22:10:16
12.97604	-58.18076	0	62	2021-09-10T22:15:21
12.97618	-58.18219	0	62	2021-09-10T22:20:16
12.97633	-58.18369	0	62	2021-09-10T22:25:17
12.97652	-58.18532	0	62	2021-09-10T22:30:17
12.97678	-58.18686	0	62	2021-09-10T22:35:18
12.97717	-58.18884	0	62	2021-09-10T22:40:56
12.97747	-58.19025	0	62	2021-09-10T22:45:15
12.97787	-58.19189	0	62	2021-09-10T22:50:16
12.97835	-58.19344	0	62	2021-09-10T22:55:13
12.97878	-58.19498	0	62	2021-09-10T23:00:14
12.97917	-58.19653	0	62	2021-09-10T23:05:11
12.97954	-58.19803	0	62	2021-09-10T23:10:15
12.97999	-58.19959	0	62	2021-09-10T23:15:14
12.98046	-58.20099	0	62	2021-09-10T23:20:11
12.98101	-58.20251	0	62	2021-09-10T23:25:15
12.98154	-58.20407	0	62	2021-09-10T23:30:14
12.98204	-58.20541	0	62	2021-09-10T23:35:13
12.98256	-58.20682	0	62	2021-09-10T23:40:39
12.98295	-58.20816	0	62	2021-09-10T23:45:18
12.98347	-58.20956	0	62	2021-09-10T23:50:16
12.98397	-58.21103	0	62	2021-09-10T23:55:19
12.98453	-58.21241	0	62	2021-09-11T00:00:20
12.98509	-58.21378	0	62	2021-09-11T00:05:19
12.98557	-58.21506	0	62	2021-09-11T00:10:18
12.98600	-58.21625	0	62	2021-09-11T00:15:19
12.98637	-58.21753	0	62	2021-09-11T00:20:19
12.98685	-58.21881	0	62	2021-09-11T00:25:21
12.98728	-58.21997	0	62	2021-09-11T00:30:19
12.98771	-58.22113	0	62	2021-09-11T00:35:22
12.98824	-58.22232	0	62	2021-09-11T00:40:57
12.98862	-58.22333	0	62	2021-09-11T00:45:20
12.98909	-58.22446	0	62	2021-09-11T00:50:21
12.98948	-58.22574	0	62	2021-09-11T00:55:21
12.98984	-58.22699	0	62	2021-09-11T01:00:23
12.99022	-58.22830	0	62	2021-09-11T01:05:20
12.99061	-58.22964	0	62	2021-09-11T01:10:22
12.99111	-58.23080	0	62	2021-09-11T01:15:22
12.99149	-58.23204	0	62	2021-09-11T01:20:23
12.99188	-58.23316	0	62	2021-09-11T01:25:24
12.99235	-58.23428	0	62	2021-09-11T01:30:24
12.99281	-58.23547	0	62	2021-09-11T01:35:24
12.99320	-58.23691	0	62	2021-09-11T01:40:56
12.99362	-58.23795	0	62	2021-09-11T01:45:24
12.99403	-58.23914	0	62	2021-09-11T01:50:27
12.99434	-58.24036	0	62	2021-09-11T01:55:25
12.99477	-58.24152	0	62	2021-09-11T02:00:27
12.99515	-58.24255	0	62	2021-09-11T02:05:30
12.99549	-58.24341	0	62	2021-09-11T02:10:30
12.99579	-58.24442	0	62	2021-09-11T02:15:28
12.99604	-58.24533	0	62	2021-09-11T02:20:30
12.99630	-58.24622	0	62	2021-09-11T02:25:33
12.99660	-58.24710	0	62	2021-09-11T02:30:32
12.99717	-58.24924	0	62	2021-09-11T02:40:55
12.99744	-58.25044	0	62	2021-09-11T02:45:34
12.99778	-58.25147	0	62	2021-09-11T02:50:34
12.99812	-58.25250	0	62	2021-09-11T02:55:35
12.99855	-58.25357	0	62	2021-09-11T03:00:40
12.99895	-58.25458	0	62	2021-09-11T03:05:45
12.99939	-58.25571	0	62	2021-09-11T03:10:39
12.99973	-58.25690	0	62	2021-09-11T03:15:34
13.00011	-58.25800	0	62	2021-09-11T03:20:36
13.00047	-58.25916	0	62	2021-09-11T03:25:35
13.00100	-58.26031	0	62	2021-09-11T03:30:32
13.00149	-58.26151	0	62	2021-09-11T03:35:31
13.00216	-58.26273	0	62	2021-09-11T03:40:55
13.00267	-58.26373	0	62	2021-09-11T03:45:27
13.00335	-58.26497	0	62	2021-09-11T03:50:29
13.00395	-58.26617	0	62	2021-09-11T03:55:29
13.00471	-58.26736	0	62	2021-09-11T04:00:27
13.00548	-58.26852	0	62	2021-09-11T04:05:28
13.00625	-58.26959	0	62	2021-09-11T04:10:25
13.00703	-58.27063	0	62	2021-09-11T04:15:23
13.00772	-58.27182	0	62	2021-09-11T04:20:26
13.00852	-58.27286	0	62	2021-09-11T04:25:24
13.00923	-58.27383	0	62	2021-09-11T04:30:25
13.01000	-58.27484	0	62	2021-09-11T04:35:22
13.01081	-58.27588	0	62	2021-09-11T04:41:01
13.01152	-58.27664	0	62	2021-09-11T04:45:23
13.01219	-58.27759	0	62	2021-09-11T04:50:24
13.01295	-58.27853	0	62	2021-09-11T04:55:22
13.01380	-58.27951	0	62	2021-09-11T05:00:23
13.01457	-58.28055	0	62	2021-09-11T05:05:22
13.01532	-58.28165	0	62	2021-09-11T05:10:23
13.01597	-58.28290	0	62	2021-09-11T05:15:21
13.01661	-58.28410	0	62	2021-09-11T05:20:21
13.01734	-58.28513	0	62	2021-09-11T05:25:21
13.01806	-58.28619	0	62	2021-09-11T05:30:22
13.01880	-58.28723	0	62	2021-09-11T05:35:23
13.01949	-58.28830	0	62	2021-09-11T05:40:56
13.01997	-58.28912	0	62	2021-09-11T05:45:22
13.02060	-58.29025	0	62	2021-09-11T05:50:23
13.02113	-58.29126	0	62	2021-09-11T05:55:20
13.02165	-58.29233	0	62	2021-09-11T06:00:19
13.02216	-58.29331	0	62	2021-09-11T06:05:17
13.02263	-58.29425	0	62	2021-09-11T06:10:17
13.02321	-58.29523	0	62	2021-09-11T06:15:15
13.02380	-58.29617	0	62	2021-09-11T06:20:16
13.02431	-58.29721	0	62	2021-09-11T06:25:14
13.02474	-58.29828	0	62	2021-09-11T06:30:17
13.02523	-58.29932	0	62	2021-09-11T06:35:15
13.02588	-58.30042	0	62	2021-09-11T06:40:57
13.02641	-58.30121	0	62	2021-09-11T06:45:16
13.02706	-58.30215	0	62	2021-09-11T06:50:18
13.02768	-58.30310	0	62	2021-09-11T06:55:19
13.02827	-58.30431	0	62	2021-09-11T07:00:19
13.02887	-58.30534	0	62	2021-09-11T07:05:20
13.02956	-58.30637	0	62	2021-09-11T07:10:20
13.03030	-58.30753	0	62	2021-09-11T07:15:21
13.03095	-58.30869	0	62	2021-09-11T07:20:20
13.03161	-58.30982	0	62	2021-09-11T07:25:23
13.03217	-58.31094	0	62	2021-09-11T07:30:23
13.03282	-58.31192	0	62	2021-09-11T07:35:21
13.03357	-58.31308	0	62	2021-09-11T07:40:53
13.03489	-58.31503	0	62	2021-09-11T07:50:23
13.03560	-58.31616	0	62	2021-09-11T07:55:21
13.03633	-58.31735	0	62	2021-09-11T08:00:22
13.03715	-58.31842	0	62	2021-09-11T08:05:19
13.03786	-58.31952	0	62	2021-09-11T08:10:17
13.03863	-58.32059	0	62	2021-09-11T08:15:19
13.03940	-58.32156	0	62	2021-09-11T08:20:17
13.04018	-58.32248	0	62	2021-09-11T08:25:15
13.04094	-58.32366	0	62	2021-09-11T08:30:55
13.04163	-58.32469	0	62	2021-09-11T08:35:55
13.04257	-58.32581	0	62	2021-09-11T08:40:56
13.04328	-58.32666	0	62	2021-09-11T08:45:18
13.04426	-58.32761	0	62	2021-09-11T08:50:19
13.04514	-58.32864	0	62	2021-09-11T08:55:21
13.04605	-58.32965	0	62	2021-09-11T09:00:21
13.04699	-58.33051	0	62	2021-09-11T09:05:21
13.04769	-58.33136	0	62	2021-09-11T09:10:21
13.04853	-58.33228	0	62	2021-09-11T09:15:23
13.04925	-58.33322	0	62	2021-09-11T09:20:21
13.05006	-58.33411	0	62	2021-09-11T09:25:24
13.05076	-58.33521	0	62	2021-09-11T09:30:57
13.05158	-58.33607	0	62	2021-09-11T09:35:57
13.05231	-58.33701	0	62	2021-09-11T09:40:57
13.05285	-58.33792	0	62	2021-09-11T09:45:27
13.05342	-58.33902	0	62	2021-09-11T09:50:26
13.05407	-58.34003	0	62	2021-09-11T09:55:31
13.05458	-58.34097	0	62	2021-09-11T10:00:31
13.05502	-58.34195	0	62	2021-09-11T10:05:28
13.05553	-58.34286	0	62	2021-09-11T10:10:32
13.05594	-58.34384	0	62	2021-09-11T10:15:34
13.05648	-58.34482	0	62	2021-09-11T10:20:33
13.05713	-58.34576	0	62	2021-09-11T10:25:35
13.05777	-58.34662	0	62	2021-09-11T10:30:35
13.05829	-58.34745	0	62	2021-09-11T10:35:53
13.05889	-58.34839	0	62	2021-09-11T10:40:53
13.05942	-58.34915	0	62	2021-09-11T10:45:35
13.05995	-58.35010	0	62	2021-09-11T10:50:36
13.06051	-58.35104	0	62	2021-09-11T10:55:39
13.06108	-58.35200	0	62	2021-09-11T11:00:40
13.06159	-58.35294	0	62	2021-09-11T11:05:39
13.06208	-58.35391	0	62	2021-09-11T11:10:42
13.06269	-58.35488	0	62	2021-09-11T11:15:43
13.06320	-58.35574	0	62	2021-09-11T11:20:42
13.06367	-58.35660	0	62	2021-09-11T11:25:42
13.06412	-58.35767	0	62	2021-09-11T11:30:42
13.06453	-58.35864	0	62	2021-09-11T11:35:43
13.06502	-58.35956	0	62	2021-09-11T11:41:15
13.06542	-58.36038	0	62	2021-09-11T11:45:41
13.06591	-58.36124	0	62	2021-09-11T11:50:39
13.06645	-58.36206	0	62	2021-09-11T11:55:42
13.06693	-58.36295	0	62	2021-09-11T12:00:44
13.06731	-58.36377	0	62	2021-09-11T12:05:47
13.06770	-58.36462	0	62	2021-09-11T12:10:46
13.06798	-58.36533	0	62	2021-09-11T12:15:49
13.06834	-58.36612	0	62	2021-09-11T12:20:46
13.06874	-58.36685	0	62	2021-09-11T12:25:44
13.06917	-58.36771	0	62	2021-09-11T12:30:45
13.06958	-58.36853	0	62	2021-09-11T12:35:42
13.06997	-58.36942	0	62	2021-09-11T12:41:26
13.07027	-58.37002	0	62	2021-09-11T12:45:41
13.07049	-58.37067	0	62	2021-09-11T12:50:51
13.07087	-58.37140	0	62	2021-09-11T12:55:42
13.07122	-58.37210	0	62	2021-09-11T13:00:42
13.07164	-58.37271	0	62	2021-09-11T13:05:44
13.07203	-58.37344	0	62	2021-09-11T13:10:43
13.07244	-58.37408	0	62	2021-09-11T13:15:41
13.07278	-58.37473	0	62	2021-09-11T13:20:42
13.07372	-58.37615	0	62	2021-09-11T13:31:07
13.07406	-58.37675	0	62	2021-09-11T13:36:08
13.07457	-58.37744	0	62	2021-09-11T13:41:08
13.07493	-58.37805	0	62	2021-09-11T13:45:46
13.07540	-58.37857	0	62	2021-09-11T13:50:42
13.07586	-58.37915	0	62	2021-09-11T13:55:44
13.07622	-58.37970	0	62	2021-09-11T14:00:42
13.07661	-58.38034	0	62	2021-09-11T14:05:42
13.07703	-58.38106	0	62	2021-09-11T14:10:43
13.07741	-58.38168	0	62	2021-09-11T14:15:43
13.07776	-58.38226	0	62	2021-09-11T14:20:44
13.07810	-58.38287	0	62	2021-09-11T14:25:46
13.07842	-58.38345	0	62	2021-09-11T14:30:43
13.07876	-58.38397	0	62	2021-09-11T14:35:42
13.07918	-58.38458	0	62	2021-09-11T14:41:25
13.07940	-58.38513	0	62	2021-09-11T14:45:44
13.07971	-58.38571	0	62	2021-09-11T14:50:42
13.08000	-58.38629	0	62	2021-09-11T14:55:40
13.08038	-58.38687	0	62	2021-09-11T15:00:40
13.08077	-58.38733	0	62	2021-09-11T15:05:38
13.08113	-58.38788	0	62	2021-09-11T15:10:39
13.08151	-58.38836	0	62	2021-09-11T15:15:38
13.08181	-58.38879	0	62	2021-09-11T15:20:38
13.08211	-58.38931	0	62	2021-09-11T15:25:35
13.08241	-58.38974	0	62	2021-09-11T15:30:34
13.08266	-58.39023	0	62	2021-09-11T15:35:38
13.08304	-58.39072	0	62	2021-09-11T15:40:57
13.08344	-58.39108	0	62	2021-09-11T15:45:36
13.08372	-58.39148	0	62	2021-09-11T15:50:37
13.08413	-58.39194	0	62	2021-09-11T15:55:37
13.08468	-58.39227	0	62	2021-09-11T16:00:39
13.08521	-58.39273	0	62	2021-09-11T16:05:40
13.08575	-58.39310	0	62	2021-09-11T16:10:40
13.08630	-58.39355	0	62	2021-09-11T16:15:41
13.08677	-58.39389	0	62	2021-09-11T16:20:42
13.08718	-58.39423	0	62	2021-09-11T16:25:43
13.08756	-58.39456	0	62	2021-09-11T16:30:43
13.08794	-58.39484	0	62	2021-09-11T16:35:45
13.08833	-58.39532	0	62	2021-09-11T16:41:09
13.08863	-58.39580	0	62	2021-09-11T16:45:42
13.08889	-58.39606	0	62	2021-09-11T16:50:43
13.08918	-58.39642	0	62	2021-09-11T16:55:44
13.08955	-58.39678	0	62	2021-09-11T17:00:41
13.08986	-58.39706	0	62	2021-09-11T17:05:42
13.09015	-58.39746	0	62	2021-09-11T17:10:42
13.09046	-58.39786	0	62	2021-09-11T17:15:44
13.09076	-58.39825	0	62	2021-09-11T17:20:44
13.09089	-58.39859	0	62	2021-09-11T17:25:44
13.09109	-58.39893	0	62	2021-09-11T17:30:42
13.09133	-58.39932	0	62	2021-09-11T17:35:43
13.09151	-58.39975	0	62	2021-09-11T17:41:08
13.09167	-58.40018	0	62	2021-09-11T17:45:41
13.09192	-58.40057	0	62	2021-09-11T17:50:43
13.09223	-58.40103	0	62	2021-09-11T17:55:46
13.09254	-58.40149	0	62	2021-09-11T18:00:46
13.09277	-58.40195	0	62	2021-09-11T18:05:48
13.09296	-58.40240	0	62	2021-09-11T18:10:48
13.09303	-58.40286	0	62	2021-09-11T18:15:50
13.09310	-58.40335	0	62	2021-09-11T18:20:47
13.09318	-58.40391	0	62	2021-09-11T18:25:45
13.09327	-58.40451	0	62	2021-09-11T18:30:45
13.09338	-58.40515	0	62	2021-09-11T18:35:46
13.09358	-58.40585	0	62	2021-09-11T18:41:07
13.09375	-58.40649	0	62	2021-09-11T18:45:44
13.09388	-58.40710	0	62	2021-09-11T18:50:42
13.09405	-58.40771	0	62	2021-09-11T18:55:44
13.09414	-58.40842	0	62	2021-09-11T19:00:42
13.09419	-58.40920	0	62	2021-09-11T19:05:42
13.09428	-58.40980	0	62	2021-09-11T19:10:41
13.09419	-58.41040	0	62	2021-09-11T19:15:41
13.09410	-58.41110	0	62	2021-09-11T19:20:43
13.09394	-58.41174	0	62	2021-09-11T19:25:44
13.09384	-58.41245	0	62	2021-09-11T19:30:44
13.09371	-58.41296	0	62	2021-09-11T19:35:44
13.09355	-58.41357	0	62	2021-09-11T19:41:09
13.09338	-58.41494	0	62	2021-09-11T19:50:47
13.09329	-58.41554	0	62	2021-09-11T19:55:47
13.09320	-58.41614	0	62	2021-09-11T20:00:46
13.09310	-58.41693	0	62	2021-09-11T20:05:46
13.09267	-58.41833	0	62	2021-09-11T20:15:51
13.09245	-58.41901	0	62	2021-09-11T20:20:53
13.09221	-58.41983	0	62	2021-09-11T20:25:53
13.09188	-58.42068	0	62	2021-09-11T20:30:53
13.09164	-58.42151	0	62	2021-09-11T20:35:51
13.09123	-58.42267	0	62	2021-09-11T20:41:26
13.09103	-58.42358	0	62	2021-09-11T20:45:53
13.09093	-58.42471	0	62	2021-09-11T20:50:50
13.09076	-58.42557	0	62	2021-09-11T20:55:51
13.09057	-58.42645	0	62	2021-09-11T21:00:52
13.09038	-58.42737	0	62	2021-09-11T21:05:55
13.09025	-58.42822	0	62	2021-09-11T21:10:54
13.09010	-58.42902	0	62	2021-09-11T21:15:54
13.09002	-58.42981	0	62	2021-09-11T21:20:55
13.08995	-58.43063	0	62	2021-09-11T21:25:56
13.08982	-58.43146	0	62	2021-09-11T21:30:57
13.08962	-58.43222	0	62	2021-09-11T21:35:57
13.08948	-58.43292	0	62	2021-09-11T21:41:26
13.08918	-58.43359	0	62	2021-09-11T21:45:59
13.08904	-58.43420	0	62	2021-09-11T21:50:57
13.08887	-58.43484	0	62	2021-09-11T21:56:00
13.08874	-58.43555	0	62	2021-09-11T22:01:02
13.08853	-58.43627	0	62	2021-09-11T22:06:00
13.08836	-58.43704	0	62	2021-09-11T22:11:00
13.08810	-58.43784	0	62	2021-09-11T22:15:59
13.08768	-58.43869	0	62	2021-09-11T22:21:01
13.08733	-58.43948	0	62	2021-09-11T22:25:58
13.08693	-58.44031	0	62	2021-09-11T22:30:59
13.08659	-58.44116	0	62	2021-09-11T22:35:56
13.08624	-58.44192	0	62	2021-09-11T22:40:57
13.08594	-58.44269	0	62	2021-09-11T22:45:57
13.08552	-58.44348	0	62	2021-09-11T22:50:59
13.08521	-58.44427	0	62	2021-09-11T22:55:56
13.08500	-58.44501	0	62	2021-09-11T23:00:57
13.08471	-58.44592	0	62	2021-09-11T23:05:56
13.08438	-58.44687	0	62	2021-09-11T23:10:54
13.08415	-58.44785	0	62	2021-09-11T23:15:54
13.08389	-58.44855	0	62	2021-09-11T23:20:56
13.08368	-58.44931	0	62	2021-09-11T23:25:53
13.08342	-58.45007	0	62	2021-09-11T23:30:51
13.08309	-58.45093	0	62	2021-09-11T23:35:55
13.08262	-58.45172	0	62	2021-09-11T23:41:27
13.08216	-58.45251	0	62	2021-09-11T23:45:56
13.08162	-58.45337	0	62	2021-09-11T23:50:54
13.08110	-58.45416	0	62	2021-09-11T23:55:51
13.08063	-58.45496	0	62	2021-09-12T00:00:55
13.08004	-58.45576	0	62	2021-09-12T00:05:53
13.07948	-58.45645	0	62	2021-09-12T00:10:53
13.07898	-58.45721	0	62	2021-09-12T00:15:50
13.07849	-58.45792	0	62	2021-09-12T00:20:52
13.07804	-58.45871	0	62	2021-09-12T00:25:52
13.07754	-58.45944	0	62	2021-09-12T00:30:53
13.07707	-58.46021	0	62	2021-09-12T00:35:53
13.07655	-58.46106	0	62	2021-09-12T00:41:28
13.07620	-58.46185	0	62	2021-09-12T00:45:54
13.07587	-58.46255	0	62	2021-09-12T00:50:56
13.07548	-58.46332	0	62	2021-09-12T00:55:57
13.07520	-58.46407	0	62	2021-09-12T01:00:58
13.07499	-58.46484	0	62	2021-09-12T01:05:59
13.07466	-58.46569	0	62	2021-09-12T01:10:59
13.07432	-58.46646	0	62	2021-09-12T01:15:59
13.07389	-58.46716	0	62	2021-09-12T01:20:58
13.07345	-58.46793	0	62	2021-09-12T01:26:01
13.07304	-58.46869	0	62	2021-09-12T01:30:59
13.07266	-58.46945	0	62	2021-09-12T01:36:00
13.07220	-58.47031	0	62	2021-09-12T01:41:27
13.07170	-58.47116	0	62	2021-09-12T01:46:02
13.07133	-58.47195	0	62	2021-09-12T01:51:00
13.07097	-58.47272	0	62	2021-09-12T01:56:03
13.07062	-58.47352	0	62	2021-09-12T02:01:04
13.07037	-58.47421	0	62	2021-09-12T02:06:05
13.07006	-58.47498	0	62	2021-09-12T02:11:03
13.06969	-58.47583	0	62	2021-09-12T02:16:07
13.06936	-58.47662	0	62	2021-09-12T02:21:05
13.06898	-58.47729	0	62	2021-09-12T02:26:05
13.06861	-58.47806	0	62	2021-09-12T02:31:06
13.06823	-58.47870	0	62	2021-09-12T02:36:14
13.06797	-58.47949	0	62	2021-09-12T02:41:27
13.06762	-58.48004	0	62	2021-09-12T02:46:11
13.06725	-58.48062	0	62	2021-09-12T02:51:09
13.06685	-58.48117	0	62	2021-09-12T02:56:11
13.06643	-58.48166	0	62	2021-09-12T03:01:10
13.06600	-58.48230	0	62	2021-09-12T03:06:14
13.06559	-58.48285	0	62	2021-09-12T03:11:09
13.06522	-58.48352	0	62	2021-09-12T03:16:10
13.06480	-58.48422	0	62	2021-09-12T03:21:09
13.06436	-58.48489	0	62	2021-09-12T03:26:10
13.06398	-58.48550	0	62	2021-09-12T03:31:08
13.06355	-58.48618	0	62	2021-09-12T03:36:09
13.06327	-58.48679	0	62	2021-09-12T03:41:29
13.06300	-58.48734	0	62	2021-09-12T03:46:11
13.06281	-58.48792	0	62	2021-09-12T03:51:11
13.06253	-58.48847	0	62	2021-09-12T03:56:12
13.06244	-58.48907	0	62	2021-09-12T04:01:12
13.06231	-58.48972	0	62	2021-09-12T04:06:09
13.06227	-58.49030	0	62	2021-09-12T04:11:10
13.06211	-58.49097	0	62	2021-09-12T04:16:07
13.06197	-58.49167	0	62	2021-09-12T04:21:10
13.06181	-58.49249	0	62	2021-09-12T04:26:05
13.06169	-58.49329	0	62	2021-09-12T04:31:07
13.06154	-58.49408	0	62	2021-09-12T04:36:07
13.06129	-58.49493	0	62	2021-09-12T04:41:28
13.06103	-58.49567	0	62	2021-09-12T04:46:05
13.06081	-58.49649	0	62	2021-09-12T04:51:07
13.06065	-58.49710	0	62	2021-09-12T04:56:10
13.06050	-58.49771	0	62	2021-09-12T05:01:12
13.06030	-58.49832	0	62	2021-09-12T05:06:08
13.06006	-58.49899	0	62	2021-09-12T05:11:10
13.05982	-58.49963	0	62	2021-09-12T05:16:10
13.05959	-58.50021	0	62	2021-09-12T05:21:12
13.05941	-58.50077	0	62	2021-09-12T05:26:13
13.05924	-58.50128	0	62	2021-09-12T05:31:13
13.05901	-58.50186	0	62	2021-09-12T05:36:11
13.05871	-58.50256	0	62	2021-09-12T05:41:38
13.05843	-58.50317	0	62	2021-09-12T05:46:12
13.05818	-58.50381	0	62	2021-09-12T05:51:14
13.05793	-58.50433	0	62	2021-09-12T05:56:14
13.05760	-58.50491	0	62	2021-09-12T06:01:15
13.05738	-58.50555	0	62	2021-09-12T06:06:15
13.05715	-58.50601	0	62	2021-09-12T06:11:19
13.05694	-58.50635	0	62	2021-09-12T06:16:18
13.05670	-58.50681	0	62	2021-09-12T06:21:17
13.05643	-58.50732	0	62	2021-09-12T06:26:19
13.05612	-58.50787	0	62	2021-09-12T06:31:19
13.05585	-58.50851	0	62	2021-09-12T06:36:21
13.05557	-58.50922	0	62	2021-09-12T06:41:55
13.05537	-58.50974	0	62	2021-09-12T06:46:17
13.05523	-58.51031	0	62	2021-09-12T06:51:19
13.05518	-58.51083	0	62	2021-09-12T06:56:16
13.05513	-58.51141	0	62	2021-09-12T07:01:17
13.05506	-58.51205	0	62	2021-09-12T07:06:17
13.05498	-58.51261	0	62	2021-09-12T07:11:15
13.05489	-58.51312	0	62	2021-09-12T07:16:16
13.05476	-58.51373	0	62	2021-09-12T07:21:17
13.05467	-58.51422	0	62	2021-09-12T07:26:14
13.05450	-58.51459	0	62	2021-09-12T07:31:18
13.05437	-58.51517	0	62	2021-09-12T07:36:14
13.05433	-58.51575	0	62	2021-09-12T07:41:36
13.05419	-58.51627	0	62	2021-09-12T07:46:13
13.05400	-58.51688	0	62	2021-09-12T07:51:14
13.05381	-58.51748	0	62	2021-09-12T07:56:15
13.05368	-58.51791	0	62	2021-09-12T08:01:15
13.05352	-58.51846	0	62	2021-09-12T08:06:12
13.05336	-58.51910	0	62	2021-09-12T08:11:14
13.05315	-58.51965	0	62	2021-09-12T08:16:15
13.05296	-58.52005	0	62	2021-09-12T08:21:12
13.05274	-58.52051	0	62	2021-09-12T08:26:12
13.05256	-58.52097	0	62	2021-09-12T08:31:13
13.05240	-58.52142	0	62	2021-09-12T08:36:37
13.05223	-58.52185	0	62	2021-09-12T08:41:37
13.05217	-58.52222	0	62	2021-09-12T08:46:13
13.05208	-58.52267	0	62	2021-09-12T08:51:13
13.05193	-58.52304	0	62	2021-09-12T08:56:13
13.05182	-58.52350	0	62	2021-09-12T09:01:15
13.05162	-58.52390	0	62	2021-09-12T09:06:14
13.05141	-58.52423	0	62	2021-09-12T09:11:16
13.05120	-58.52469	0	62	2021-09-12T09:16:16
13.05098	-58.52517	0	62	2021-09-12T09:21:18
13.05085	-58.52551	0	62	2021-09-12T09:26:19
13.05062	-58.52591	0	62	2021-09-12T09:31:19
13.05051	-58.52646	0	62	2021-09-12T09:36:21
13.05031	-58.52714	0	62	2021-09-12T09:41:26
13.05018	-58.52765	0	62	2021-09-12T09:46:26
13.05005	-58.52823	0	62	2021-09-12T09:51:28
13.04990	-58.52884	0	62	2021-09-12T09:56:28
13.04965	-58.52948	0	62	2021-09-12T10:01:33
13.04943	-58.53021	0	62	2021-09-12T10:06:29
13.04926	-58.53085	0	62	2021-09-12T10:11:27
13.04910	-58.53171	0	62	2021-09-12T10:16:28
13.04894	-58.53262	0	62	2021-09-12T10:21:31
13.04872	-58.53351	0	62	2021-09-12T10:26:29
13.04853	-58.53448	0	62	2021-09-12T10:31:29
13.04816	-58.53642	0	62	2021-09-12T10:41:28
13.04803	-58.53736	0	62	2021-09-12T10:46:28
13.04786	-58.53830	0	62	2021-09-12T10:51:27
13.04761	-58.53922	0	62	2021-09-12T10:56:27
13.04746	-58.54022	0	62	2021-09-12T11:01:27
13.04726	-58.54114	0	62	2021-09-12T11:06:28
13.04705	-58.54214	0	62	2021-09-12T11:11:28
13.04676	-58.54309	0	62	2021-09-12T11:16:30
13.04650	-58.54395	0	62	2021-09-12T11:21:30
13.04634	-58.54489	0	62	2021-09-12T11:26:32
13.04618	-58.54584	0	62	2021-09-12T11:31:30
13.04606	-58.54675	0	62	2021-09-12T11:36:33
13.04588	-58.54785	0	62	2021-09-12T11:41:56
13.04574	-58.54886	0	62	2021-09-12T11:46:35
13.04560	-58.54993	0	62	2021-09-12T11:51:33
13.04547	-58.55096	0	62	2021-09-12T11:56:36
13.04531	-58.55182	0	62	2021-09-12T12:01:38
13.04511	-58.55276	0	62	2021-09-12T12:06:35
13.04484	-58.55365	0	62	2021-09-12T12:11:36
13.04459	-58.55463	0	62	2021-09-12T12:16:36
13.04434	-58.55554	0	62	2021-09-12T12:21:38
13.04414	-58.55652	0	62	2021-09-12T12:26:41
13.04396	-58.55740	0	62	2021-09-12T12:31:40
13.04374	-58.55832	0	62	2021-09-12T12:36:41
13.04356	-58.55905	0	62	2021-09-12T12:42:07
13.04338	-58.55978	0	62	2021-09-12T12:46:42
13.04315	-58.56072	0	62	2021-09-12T12:51:39
13.04302	-58.56149	0	62	2021-09-12T12:56:40
13.04298	-58.56226	0	62	2021-09-12T13:01:40
13.04293	-58.56299	0	62	2021-09-12T13:06:42
13.04294	-58.56372	0	62	2021-09-12T13:11:42
13.04291	-58.56436	0	62	2021-09-12T13:16:47
13.04292	-58.56512	0	62	2021-09-12T13:21:47
13.04287	-58.56587	0	62	2021-09-12T13:26:49
13.04283	-58.56656	0	62	2021-09-12T13:31:49
13.04275	-58.56735	0	62	2021-09-12T13:36:54
13.04269	-58.56836	0	62	2021-09-12T13:42:26
13.04256	-58.56924	0	62	2021-09-12T13:46:55
13.04248	-58.57028	0	62	2021-09-12T13:51:53
13.04236	-58.57138	0	62	2021-09-12T13:56:57
13.04219	-58.57251	0	62	2021-09-12T14:01:55
13.04212	-58.57363	0	62	2021-09-12T14:06:56
13.04212	-58.57449	0	62	2021-09-12T14:11:56
13.04206	-58.57554	0	62	2021-09-12T14:16:54
13.04197	-58.57648	0	62	2021-09-12T14:21:54
13.04187	-58.57745	0	62	2021-09-12T14:26:55
13.04175	-58.57843	0	62	2021-09-12T14:31:52
13.04160	-58.57941	0	62	2021-09-12T14:36:54
13.04144	-58.58054	0	62	2021-09-12T14:42:25
13.04134	-58.58133	0	62	2021-09-12T14:46:54
13.04114	-58.58224	0	62	2021-09-12T14:51:52
13.04081	-58.58310	0	62	2021-09-12T14:56:52
13.04050	-58.58395	0	62	2021-09-12T15:01:53
13.04019	-58.58487	0	62	2021-09-12T15:06:55
13.03995	-58.58563	0	62	2021-09-12T15:11:54
13.03973	-58.58636	0	62	2021-09-12T15:16:56
13.03953	-58.58707	0	62	2021-09-12T15:21:53
13.03931	-58.58780	0	62	2021-09-12T15:26:54
13.03922	-58.58823	0	62	2021-09-12T15:31:53
13.03910	-58.58865	0	62	2021-09-12T15:36:54
13.03882	-58.58914	0	62	2021-09-12T15:42:24
13.03844	-58.58958	0	62	2021-09-12T15:46:49
13.03805	-58.59018	0	62	2021-09-12T15:51:49
13.03779	-58.59070	0	62	2021-09-12T15:56:50
13.03739	-58.59113	0	62	2021-09-12T16:01:52
13.03698	-58.59158	0	62	2021-09-12T16:06:53
13.03662	-58.59198	0	62	2021-09-12T16:11:50
13.03625	-58.59238	0	62	2021-09-12T16:16:50
13.03579	-58.59271	0	62	2021-09-12T16:21:51
13.03528	-58.59320	0	62	2021-09-12T16:26:49
13.03480	-58.59369	0	62	2021-09-12T16:31:53
13.03426	-58.59424	0	62	2021-09-12T16:36:54
13.03378	-58.59491	0	62	2021-09-12T16:42:26
13.03340	-58.59531	0	62	2021-09-12T16:46:56
13.03308	-58.59576	0	62	2021-09-12T16:51:56
13.03258	-58.59632	0	62	2021-09-12T16:56:54
13.03224	-58.59683	0	62	2021-09-12T17:01:55
13.03190	-58.59736	0	62	2021-09-12T17:06:54
13.03164	-58.59796	0	62	2021-09-12T17:11:53
13.03139	-58.59830	0	62	2021-09-12T17:16:54
13.03104	-58.59875	0	62	2021-09-12T17:21:53
13.03069	-58.59918	0	62	2021-09-12T17:26:56
13.03043	-58.59952	0	62	2021-09-12T17:31:56
13.03005	-58.60001	0	62	2021-09-12T17:36:54
13.02979	-58.60037	0	62	2021-09-12T17:42:27
13.02953	-58.60068	0	62	2021-09-12T17:46:55
13.02932	-58.60095	0	62	2021-09-12T17:51:55
13.02908	-58.60135	0	62	2021-09-12T17:56:56
13.02879	-58.60184	0	62	2021-09-12T18:01:56
13.02849	-58.60238	0	62	2021-09-12T18:06:58
13.02829	-58.60278	0	62	2021-09-12T18:11:56
13.02815	-58.60315	0	62	2021-09-12T18:16:59
13.02808	-58.60358	0	62	2021-09-12T18:21:57
13.02798	-58.60388	0	62	2021-09-12T18:27:00
13.02797	-58.60413	0	62	2021-09-12T18:31:58
13.02786	-58.60446	0	62	2021-09-12T18:36:59
13.02776	-58.60490	0	62	2021-09-12T18:42:00
13.02767	-58.60507	0	62	2021-09-12T18:47:00
13.02754	-58.60547	0	62	2021-09-12T18:51:57
13.02734	-58.60574	0	62	2021-09-12T18:57:03
13.02715	-58.60605	0	62	2021-09-12T19:01:56
13.02699	-58.60638	0	62	2021-09-12T19:06:59
13.02682	-58.60675	0	62	2021-09-12T19:12:01
13.02665	-58.60719	0	62	2021-09-12T19:17:02
13.02648	-58.60745	0	62	2021-09-12T19:22:03
13.02630	-58.60754	0	62	2021-09-12T19:27:01
13.02593	-58.60770	0	62	2021-09-12T19:32:01
13.02565	-58.60794	0	62	2021-09-12T19:37:02
13.02545	-58.60815	0	62	2021-09-12T19:42:26
13.02525	-58.60815	0	62	2021-09-12T19:47:08
13.02506	-58.60822	0	62	2021-09-12T19:52:07
13.02479	-58.60847	0	62	2021-09-12T19:57:08
13.02445	-58.60864	0	62	2021-09-12T20:02:07
13.02402	-58.60901	0	62	2021-09-12T20:07:07
13.02366	-58.60950	0	62	2021-09-12T20:12:08
13.02341	-58.61012	0	62	2021-09-12T20:17:08
13.02324	-58.61072	0	62	2021-09-12T20:22:08
13.02313	-58.61124	0	62	2021-09-12T20:27:06
13.02304	-58.61185	0	62	2021-09-12T20:32:07
13.02290	-58.61237	0	62	2021-09-12T20:37:08
13.02279	-58.61304	0	62	2021-09-12T20:42:27
13.02281	-58.61359	0	62	2021-09-12T20:47:03
13.02284	-58.61423	0	62	2021-09-12T20:52:02
13.02293	-58.61487	0	62	2021-09-12T20:57:03
13.02307	-58.61545	0	62	2021-09-12T21:02:01
13.02326	-58.61613	0	62	2021-09-12T21:06:59
13.02343	-58.61673	0	62	2021-09-12T21:11:59
13.02380	-58.61728	0	62	2021-09-12T21:17:04
13.02425	-58.61780	0	62	2021-09-12T21:22:00
13.02467	-58.61838	0	62	2021-09-12T21:27:01
13.02512	-58.61896	0	62	2021-09-12T21:31:58
13.02547	-58.61957	0	62	2021-09-12T21:37:00
13.02592	-58.62018	0	62	2021-09-12T21:42:26
13.02628	-58.62085	0	62	2021-09-12T21:47:01
13.02660	-58.62146	0	62	2021-09-12T21:51:58
13.02695	-58.62204	0	62	2021-09-12T21:57:01
13.02728	-58.62271	0	62	2021-09-12T22:02:00
13.02767	-58.62338	0	62	2021-09-12T22:07:00
13.02813	-58.62396	0	62	2021-09-12T22:12:01
13.02848	-58.62466	0	62	2021-09-12T22:16:59
13.02886	-58.62546	0	62	2021-09-12T22:22:00
13.02921	-58.62622	0	62	2021-09-12T22:27:00
13.02962	-58.62689	0	62	2021-09-12T22:32:02
13.03004	-58.62741	0	62	2021-09-12T22:37:05
13.03050	-58.62793	0	62	2021-09-12T22:42:28
13.03088	-58.62873	0	62	2021-09-12T22:47:04
13.03131	-58.62924	0	62	2021-09-12T22:52:04
13.03164	-58.62982	0	62	2021-09-12T22:57:04
13.03191	-58.63037	0	62	2021-09-12T23:02:06
13.03224	-58.63089	0	62	2021-09-12T23:07:06
13.03261	-58.63150	0	62	2021-09-12T23:12:04
13.03299	-58.63208	0	62	2021-09-12T23:17:07
13.03341	-58.63269	0	62	2021-09-12T23:22:09
13.03383	-58.63327	0	62	2021-09-12T23:27:07
13.03426	-58.63388	0	62	2021-09-12T23:32:10
13.03473	-58.63449	0	62	2021-09-12T23:37:08
13.03518	-58.63513	0	62	2021-09-12T23:42:28
13.03558	-58.63574	0	62	2021-09-12T23:47:11
13.03608	-58.63611	0	62	2021-09-12T23:52:10
13.03664	-58.63660	0	62	2021-09-12T23:57:12
13.03716	-58.63715	0	62	2021-09-13T00:02:09
13.03764	-58.63788	0	62	2021-09-13T00:07:08
13.03811	-58.63843	0	62	2021-09-13T00:12:10
13.03851	-58.63904	0	62	2021-09-13T00:17:08
13.03888	-58.63965	0	62	2021-09-13T00:22:08
13.03922	-58.64035	0	62	2021-09-13T00:27:06
13.03958	-58.64111	0	62	2021-09-13T00:32:09
13.03996	-58.64178	0	62	2021-09-13T00:37:10
13.04024	-58.64264	0	62	2021-09-13T00:42:26
13.04049	-58.64334	0	62	2021-09-13T00:47:07
13.04071	-58.64417	0	62	2021-09-13T00:52:08
13.04092	-58.64496	0	62	2021-09-13T00:57:06
13.04111	-58.64581	0	62	2021-09-13T01:02:07
13.04130	-58.64679	0	62	2021-09-13T01:07:05
13.04140	-58.64767	0	62	2021-09-13T01:12:06
13.04147	-58.64856	0	62	2021-09-13T01:17:06
13.04142	-58.64954	0	62	2021-09-13T01:22:03
13.04128	-58.65048	0	62	2021-09-13T01:27:08
13.04117	-58.65143	0	62	2021-09-13T01:32:07
13.04102	-58.65240	0	62	2021-09-13T01:37:14
13.04092	-58.65344	0	62	2021-09-13T01:42:26
13.04080	-58.65439	0	62	2021-09-13T01:47:08
13.04068	-58.65540	0	62	2021-09-13T01:52:08
13.04058	-58.65646	0	62	2021-09-13T01:57:09
13.04043	-58.65756	0	62	2021-09-13T02:02:06
13.04033	-58.65863	0	62	2021-09-13T02:07:11
13.04008	-58.65974	0	62	2021-09-13T02:12:09
13.04004	-58.66068	0	62	2021-09-13T02:17:09
13.04002	-58.66162	0	62	2021-09-13T02:22:08
13.04007	-58.66263	0	62	2021-09-13T02:27:06
13.04003	-58.66376	0	62	2021-09-13T02:32:07
13.04002	-58.66492	0	62	2021-09-13T02:37:05
13.04009	-58.66601	0	62	2021-09-13T02:42:09
13.04026	-58.66687	0	62	2021-09-13T02:47:10
13.04040	-58.66794	0	62	2021-09-13T02:52:08
13.04051	-58.66895	0	62	2021-09-13T02:57:11
13.04070	-58.66995	0	62	2021-09-13T03:02:09
13.04092	-58.67099	0	62	2021-09-13T03:07:12
13.04119	-58.67206	0	62	2021-09-13T03:12:14
13.04149	-58.67310	0	62	2021-09-13T03:17:12
13.04171	-58.67419	0	62	2021-09-13T03:22:15
13.04188	-58.67535	0	62	2021-09-13T03:27:13
13.04203	-58.67642	0	62	2021-09-13T03:32:14
13.04214	-58.67752	0	62	2021-09-13T03:37:11
13.04233	-58.67859	0	62	2021-09-13T03:42:34
13.04247	-58.67981	0	62	2021-09-13T03:47:09
13.04262	-58.68091	0	62	2021-09-13T03:52:06
13.04282	-58.68204	0	62	2021-09-13T03:57:03
13.04308	-58.68298	0	62	2021-09-13T04:02:07
13.04335	-58.68393	0	62	2021-09-13T04:07:04
13.04360	-58.68481	0	62	2021-09-13T04:12:02
13.04380	-58.68573	0	62	2021-09-13T04:17:03
13.04397	-58.68668	0	62	2021-09-13T04:22:02
13.04417	-58.68775	0	62	2021-09-13T04:27:01
13.04443	-58.68878	0	62	2021-09-13T04:32:01
13.04469	-58.68988	0	62	2021-09-13T04:37:02
13.04497	-58.69089	0	62	2021-09-13T04:42:28
13.04523	-58.69175	0	62	2021-09-13T04:47:00
13.04540	-58.69244	0	62	2021-09-13T04:52:00
13.04547	-58.69321	0	62	2021-09-13T04:56:57
13.04554	-58.69391	0	62	2021-09-13T05:01:58
13.04571	-58.69464	0	62	2021-09-13T05:06:56
13.04584	-58.69547	0	62	2021-09-13T05:11:57
13.04596	-58.69620	0	62	2021-09-13T05:16:56
13.04607	-58.69699	0	62	2021-09-13T05:21:55
13.04622	-58.69778	0	62	2021-09-13T05:26:59
13.04629	-58.69861	0	62	2021-09-13T05:31:52
13.04625	-58.69937	0	62	2021-09-13T05:36:53
13.04613	-58.70020	0	62	2021-09-13T05:42:25
13.04607	-58.70093	0	62	2021-09-13T05:46:48
13.04599	-58.70181	0	62	2021-09-13T05:51:51
13.04587	-58.70273	0	62	2021-09-13T05:56:49
13.04581	-58.70361	0	62	2021-09-13T06:01:53
13.04571	-58.70459	0	62	2021-09-13T06:06:51
13.04564	-58.70554	0	62	2021-09-13T06:11:56
13.04559	-58.70642	0	62	2021-09-13T06:16:56
13.04540	-58.70728	0	62	2021-09-13T06:21:54
13.04511	-58.70810	0	62	2021-09-13T06:26:56
13.04476	-58.70898	0	62	2021-09-13T06:31:55
13.04454	-58.70981	0	62	2021-09-13T06:36:55
13.04429	-58.71069	0	62	2021-09-13T06:42:23
13.04410	-58.71140	0	62	2021-09-13T06:46:54
13.04394	-58.71231	0	62	2021-09-13T06:51:54
13.04381	-58.71328	0	62	2021-09-13T06:56:58
13.04355	-58.71414	0	62	2021-09-13T07:01:57
13.04327	-58.71500	0	62	2021-09-13T07:06:57
13.04296	-58.71585	0	62	2021-09-13T07:12:04
13.04254	-58.71685	0	62	2021-09-13T07:17:05
13.04232	-58.71768	0	62	2021-09-13T07:22:03
13.04198	-58.71857	0	62	2021-09-13T07:27:04
13.04176	-58.71945	0	62	2021-09-13T07:32:02
13.04153	-58.72031	0	62	2021-09-13T07:37:01
13.04127	-58.72137	0	62	2021-09-13T07:42:23
13.04116	-58.72226	0	62	2021-09-13T07:47:00
13.04108	-58.72330	0	62	2021-09-13T07:52:01
13.04098	-58.72440	0	62	2021-09-13T07:57:04
13.04077	-58.72556	0	62	2021-09-13T08:02:06
13.04056	-58.72659	0	62	2021-09-13T08:07:04
13.04032	-58.72772	0	62	2021-09-13T08:12:04
13.04016	-58.72885	0	62	2021-09-13T08:17:02
13.03990	-58.72986	0	62	2021-09-13T08:22:05
13.03959	-58.73081	0	62	2021-09-13T08:27:05
13.03933	-58.73193	0	62	2021-09-13T08:32:04
13.03921	-58.73309	0	62	2021-09-13T08:37:08
13.03904	-58.73425	0	62	2021-09-13T08:42:27
13.03887	-58.73526	0	62	2021-09-13T08:47:09
13.03886	-58.73633	0	62	2021-09-13T08:52:07
13.03883	-58.73758	0	62	2021-09-13T08:57:08
13.03882	-58.73861	0	62	2021-09-13T09:02:08
13.03882	-58.73981	0	62	2021-09-13T09:07:08
13.03885	-58.74100	0	62	2021-09-13T09:12:09
13.03887	-58.74219	0	62	2021-09-13T09:17:07
13.03882	-58.74326	0	62	2021-09-13T09:22:08
13.03871	-58.74429	0	62	2021-09-13T09:27:09
13.03870	-58.74533	0	62	2021-09-13T09:32:06
13.03880	-58.74631	0	62	2021-09-13T09:37:04
13.03890	-58.74731	0	62	2021-09-13T09:42:24
13.03886	-58.74826	0	62	2021-09-13T09:47:04
13.03888	-58.74927	0	62	2021-09-13T09:52:06
13.03882	-58.75021	0	62	2021-09-13T09:57:03
13.03879	-58.75116	0	62	2021-09-13T10:02:04
13.03871	-58.75213	0	62	2021-09-13T10:07:00
13.03867	-58.75314	0	62	2021-09-13T10:12:02
13.03854	-58.75436	0	62	2021-09-13T10:16:59
13.03835	-58.75540	0	62	2021-09-13T10:21:56
13.03820	-58.75644	0	62	2021-09-13T10:26:56
13.03806	-58.75745	0	62	2021-09-13T10:31:57
13.03799	-58.75845	0	62	2021-09-13T10:36:55
13.03789	-58.75970	0	62	2021-09-13T10:42:26
13.03784	-58.76069	0	62	2021-09-13T10:46:52
13.03793	-58.76172	0	62	2021-09-13T10:51:53
13.03793	-58.76294	0	62	2021-09-13T10:56:54
13.03791	-58.76416	0	62	2021-09-13T11:01:55
13.03796	-58.76526	0	62	2021-09-13T11:06:55
13.03806	-58.76631	0	62	2021-09-13T11:11:59
13.03810	-58.76743	0	62	2021-09-13T11:16:58
13.03810	-58.76846	0	62	2021-09-13T11:21:58
13.03816	-58.76950	0	62	2021-09-13T11:27:02
13.03827	-58.77048	0	62	2021-09-13T11:32:04
13.03831	-58.77148	0	62	2021-09-13T11:37:05
13.03845	-58.77252	0	62	2021-09-13T11:42:28
13.03859	-58.77353	0	62	2021-09-13T11:47:06
13.03878	-58.77466	0	62	2021-09-13T11:52:07
13.03892	-58.77582	0	62	2021-09-13T11:57:05
13.03915	-58.77692	0	62	2021-09-13T12:02:08
13.03936	-58.77798	0	62	2021-09-13T12:07:09
13.03958	-58.77914	0	62	2021-09-13T12:12:07
13.03978	-58.78032	0	62	2021-09-13T12:17:08
13.04008	-58.78135	0	62	2021-09-13T12:22:08
13.04034	-58.78247	0	62	2021-09-13T12:27:08
13.04076	-58.78354	0	62	2021-09-13T12:32:06
13.04119	-58.78461	0	62	2021-09-13T12:37:08
13.04165	-58.78571	0	62	2021-09-13T12:42:26
13.04209	-58.78653	0	62	2021-09-13T12:47:09
13.04259	-58.78752	0	62	2021-09-13T12:52:09
13.04302	-58.78838	0	62	2021-09-13T12:57:09
13.04341	-58.78915	0	62	2021-09-13T13:02:08
13.04380	-58.79007	0	62	2021-09-13T13:07:12
13.04418	-58.79105	0	62	2021-09-13T13:12:13
13.04458	-58.79214	0	62	2021-09-13T13:17:13
13.04484	-58.79321	0	62	2021-09-13T13:22:14
13.04525	-58.79428	0	62	2021-09-13T13:27:12
13.04571	-58.79526	0	62	2021-09-13T13:32:15
13.04614	-58.79626	0	62	2021-09-13T13:37:14
13.04657	-58.79721	0	62	2021-09-13T13:42:37
13.04698	-58.79803	0	62	2021-09-13T13:47:16
13.04736	-58.79892	0	62	2021-09-13T13:52:13
13.04768	-58.79965	0	62	2021-09-13T13:57:12
13.04787	-58.80042	0	62	2021-09-13T14:02:10
13.04814	-58.80112	0	62	2021-09-13T14:07:14
13.04841	-58.80184	0	62	2021-09-13T14:12:12
13.04867	-58.80261	0	62	2021-09-13T14:17:12
13.04895	-58.80353	0	62	2021-09-13T14:22:10
13.04923	-58.80450	0	62	2021-09-13T14:27:10
13.04951	-58.80539	0	62	2021-09-13T14:32:11
13.04978	-58.80627	0	62	2021-09-13T14:37:09
13.05004	-58.80731	0	62	2021-09-13T14:42:36
13.05030	-58.80817	0	62	2021-09-13T14:47:10
13.05047	-58.80914	0	62	2021-09-13T14:52:13
13.05072	-58.81009	0	62	2021-09-13T14:57:11
13.05088	-58.81116	0	62	2021-09-13T15:02:13
13.05107	-58.81232	0	62	2021-09-13T15:07:12
13.05118	-58.81329	0	62	2021-09-13T15:12:10
13.05129	-58.81427	0	62	2021-09-13T15:17:11
13.05138	-58.81540	0	62	2021-09-13T15:22:12
13.05154	-58.81647	0	62	2021-09-13T15:27:12
13.05163	-58.81763	0	62	2021-09-13T15:32:14
13.05173	-58.81866	0	62	2021-09-13T15:37:13
13.05185	-58.81989	0	62	2021-09-13T15:42:39
13.05198	-58.82080	0	62	2021-09-13T15:47:13
13.05211	-58.82181	0	62	2021-09-13T15:52:14
13.05219	-58.82278	0	62	2021-09-13T15:57:15
13.05236	-58.82373	0	62	2021-09-13T16:02:14
13.05267	-58.82480	0	62	2021-09-13T16:07:12
13.05293	-58.82587	0	62	2021-09-13T16:12:09
13.05316	-58.82697	0	62	2021-09-13T16:17:11
13.05347	-58.82816	0	62	2021-09-13T16:22:10
13.05361	-58.82922	0	62	2021-09-13T16:27:11
13.05370	-58.83020	0	62	2021-09-13T16:32:09
13.05379	-58.83118	0	62	2021-09-13T16:37:12
13.05389	-58.83218	0	62	2021-09-13T16:42:37
13.05392	-58.83304	0	62	2021-09-13T16:47:11
13.05410	-58.83408	0	62	2021-09-13T16:52:12
13.05425	-58.83514	0	62	2021-09-13T16:57:14
13.05444	-58.83609	0	62	2021-09-13T17:02:14
13.05464	-58.83707	0	62	2021-09-13T17:07:17
13.05488	-58.83804	0	62	2021-09-13T17:12:16
13.05523	-58.83902	0	62	2021-09-13T17:17:20
13.05563	-58.84000	0	62	2021-09-13T17:22:20
13.05597	-58.84106	0	62	2021-09-13T17:27:22
13.05651	-58.84232	0	62	2021-09-13T17:32:23
13.05691	-58.84332	0	62	2021-09-13T17:37:23
13.05736	-58.84454	0	62	2021-09-13T17:42:59
13.05766	-58.84555	0	62	2021-09-13T17:47:24
13.05802	-58.84665	0	62	2021-09-13T17:52:23
13.05841	-58.84762	0	62	2021-09-13T17:57:24
13.05888	-58.84848	0	62	2021-09-13T18:02:24
13.05936	-58.84940	0	62	2021-09-13T18:07:24
13.05987	-58.85028	0	62	2021-09-13T18:12:22
13.06039	-58.85120	0	62	2021-09-13T18:17:29
13.06097	-58.85205	0	62	2021-09-13T18:22:27
13.06147	-58.85300	0	62	2021-09-13T18:27:29
13.06191	-58.85400	0	62	2021-09-13T18:32:29
13.06232	-58.85502	0	62	2021-09-13T18:37:54
13.06262	-58.85605	0	62	2021-09-13T18:42:54
13.06289	-58.85690	0	62	2021-09-13T18:47:28
13.06323	-58.85806	0	62	2021-09-13T18:52:29
13.06346	-58.85913	0	62	2021-09-13T18:57:28
13.06389	-58.85995	0	62	2021-09-13T19:02:30
13.06426	-58.86078	0	62	2021-09-13T19:07:28
13.06465	-58.86154	0	62	2021-09-13T19:12:32
13.06515	-58.86227	0	62	2021-09-13T19:17:32
13.06557	-58.86319	0	62	2021-09-13T19:22:35
13.06600	-58.86411	0	62	2021-09-13T19:27:35
13.06648	-58.86493	0	62	2021-09-13T19:32:40
13.06699	-58.86584	0	62	2021-09-13T19:37:37
13.06754	-58.86673	0	62	2021-09-13T19:42:56
13.06811	-58.86761	0	62	2021-09-13T19:47:42
13.06867	-58.86853	0	62	2021-09-13T19:52:39
13.06919	-58.86945	0	62	2021-09-13T19:57:36
13.06964	-58.87036	0	62	2021-09-13T20:02:37
13.07015	-58.87125	0	62	2021-09-13T20:07:34
13.07058	-58.87195	0	62	2021-09-13T20:12:36
13.07100	-58.87265	0	62	2021-09-13T20:17:39
13.07145	-58.87336	0	62	2021-09-13T20:22:41
13.07184	-58.87396	0	62	2021-09-13T20:27:41
13.07220	-58.87460	0	62	2021-09-13T20:32:42
13.07256	-58.87534	0	62	2021-09-13T20:37:39
13.07298	-58.87613	0	62	2021-09-13T20:43:07
13.07332	-58.87686	0	62	2021-09-13T20:47:42
13.07371	-58.87769	0	62	2021-09-13T20:52:42
13.07401	-58.87851	0	62	2021-09-13T20:57:43
13.07422	-58.87936	0	62	2021-09-13T21:02:42
13.07442	-58.88019	0	62	2021-09-13T21:07:41
13.07450	-58.88098	0	62	2021-09-13T21:12:45
13.07456	-58.88174	0	62	2021-09-13T21:17:39
13.07459	-58.88251	0	62	2021-09-13T21:22:40
13.07464	-58.88330	0	62	2021-09-13T21:27:43
13.07463	-58.88409	0	62	2021-09-13T21:32:41
13.07470	-58.88480	0	62	2021-09-13T21:37:42
13.07485	-58.88559	0	62	2021-09-13T21:42:54
13.07495	-58.88638	0	62	2021-09-13T21:47:40
13.07506	-58.88727	0	62	2021-09-13T21:52:39
13.07532	-58.88812	0	62	2021-09-13T21:57:41
13.07568	-58.88898	0	62	2021-09-13T22:02:38
13.07596	-58.88971	0	62	2021-09-13T22:07:39
13.07617	-58.89044	0	62	2021-09-13T22:12:39
13.07642	-58.89117	0	62	2021-09-13T22:17:40
13.07666	-58.89191	0	62	2021-09-13T22:22:38
13.07685	-58.89267	0	62	2021-09-13T22:27:35
13.07709	-58.89346	0	62	2021-09-13T22:32:40
13.07734	-58.89423	0	62	2021-09-13T22:37:39
13.07751	-58.89508	0	62	2021-09-13T22:42:57
13.07771	-58.89594	0	62	2021-09-13T22:47:38
13.07793	-58.89691	0	62	2021-09-13T22:52:35
13.07825	-58.89783	0	62	2021-09-13T22:57:37
13.07864	-58.89883	0	62	2021-09-13T23:02:36
13.07902	-58.89978	0	62	2021-09-13T23:07:34
13.07932	-58.90091	0	62	2021-09-13T23:12:35
13.07959	-58.90207	0	62	2021-09-13T23:17:36
13.07994	-58.90295	0	62	2021-09-13T23:22:37
13.08023	-58.90378	0	62	2021-09-13T23:27:37
13.08047	-58.90439	0	62	2021-09-13T23:32:38
13.08063	-58.90488	0	62	2021-09-13T23:37:39
13.08084	-58.90536	0	62	2021-09-13T23:42:58
13.08106	-58.90594	0	62	2021-09-13T23:47:38
13.08137	-58.90662	0	62	2021-09-13T23:52:38
13.08160	-58.90724	0	62	2021-09-13T23:57:39
13.08181	-58.90784	0	62	2021-09-14T00:02:40
13.08201	-58.90857	0	62	2021-09-14T00:07:39
13.08218	-58.90924	0	62	2021-09-14T00:12:40
13.08226	-58.90997	0	62	2021-09-14T00:17:38
13.08231	-58.91077	0	62	2021-09-14T00:22:39
13.08242	-58.91153	0	62	2021-09-14T00:27:36
13.08257	-58.91235	0	62	2021-09-14T00:32:37
13.08260	-58.91302	0	62	2021-09-14T00:37:34
13.08261	-58.91364	0	62	2021-09-14T00:42:58
13.08262	-58.91415	0	62	2021-09-14T00:47:35
13.08273	-58.91479	0	62	2021-09-14T00:52:32
13.08276	-58.91528	0	62	2021-09-14T00:57:30
13.08280	-58.91577	0	62	2021-09-14T01:02:31
13.08279	-58.91629	0	62	2021-09-14T01:07:28
13.08278	-58.91690	0	62	2021-09-14T01:12:29
13.08280	-58.91754	0	62	2021-09-14T01:17:28
13.08285	-58.91821	0	62	2021-09-14T01:22:29
13.08287	-58.91891	0	62	2021-09-14T01:27:27
13.08281	-58.91959	0	62	2021-09-14T01:32:27
13.08269	-58.92035	0	62	2021-09-14T01:37:24
13.08250	-58.92114	0	62	2021-09-14T01:43:00
13.08226	-58.92175	0	62	2021-09-14T01:47:22
13.08199	-58.92255	0	62	2021-09-14T01:52:21
13.08182	-58.92337	0	62	2021-09-14T01:57:19
13.08161	-58.92422	0	62	2021-09-14T02:02:22
13.08129	-58.92514	0	62	2021-09-14T02:07:18
13.08103	-58.92615	0	62	2021-09-14T02:12:19
13.08085	-58.92697	0	62	2021-09-14T02:17:20
13.08070	-58.92786	0	62	2021-09-14T02:22:21
13.08065	-58.92834	0	62	2021-09-14T02:27:19
13.08056	-58.92889	0	62	2021-09-14T02:32:22
13.08053	-58.92963	0	62	2021-09-14T02:37:23
13.08050	-58.93021	0	62	2021-09-14T02:42:56
13.08047	-58.93066	0	62	2021-09-14T02:47:22
13.08048	-58.93130	0	62	2021-09-14T02:52:19
13.08047	-58.93198	0	62	2021-09-14T02:57:20
13.08043	-58.93265	0	62	2021-09-14T03:02:19
13.08031	-58.93323	0	62	2021-09-14T03:07:20
13.08014	-58.93387	0	62	2021-09-14T03:12:18
13.07992	-58.93457	0	62	2021-09-14T03:17:15
13.07975	-58.93533	0	62	2021-09-14T03:22:16
13.07962	-58.93610	0	62	2021-09-14T03:27:14
13.07953	-58.93683	0	62	2021-09-14T03:32:15
13.07949	-58.93765	0	62	2021-09-14T03:37:14
13.07948	-58.93857	0	62	2021-09-14T03:42:36
13.07948	-58.93945	0	62	2021-09-14T03:47:15
13.07951	-58.94030	0	62	2021-09-14T03:52:21
13.07951	-58.94110	0	62	2021-09-14T03:57:18
13.07951	-58.94202	0	62	2021-09-14T04:02:20
13.07949	-58.94290	0	62	2021-09-14T04:07:16
13.07932	-58.94378	0	62	2021-09-14T04:12:17
13.07919	-58.94464	0	62	2021-09-14T04:17:17
13.07907	-58.94543	0	62	2021-09-14T04:22:18
13.07899	-58.94620	0	62	2021-09-14T04:27:19
13.07901	-58.94699	0	62	2021-09-14T04:32:17
13.07902	-58.94775	0	62	2021-09-14T04:37:16
13.07905	-58.94839	0	62	2021-09-14T04:42:53
13.07903	-58.94888	0	62	2021-09-14T04:47:16
13.07889	-58.94934	0	62	2021-09-14T04:52:19
13.07872	-58.94980	0	62	2021-09-14T04:57:17
13.07862	-58.95023	0	62	2021-09-14T05:02:18
13.07841	-58.95065	0	62	2021-09-14T05:07:18
13.07824	-58.95117	0	62	2021-09-14T05:12:16
13.07799	-58.95166	0	62	2021-09-14T05:17:19
13.07770	-58.95221	0	62	2021-09-14T05:22:22
13.07745	-58.95288	0	62	2021-09-14T05:27:22
13.07716	-58.95355	0	62	2021-09-14T05:32:24
13.07690	-58.95432	0	62	2021-09-14T05:37:24
13.07666	-58.95514	0	62	2021-09-14T05:42:56
13.07644	-58.95578	0	62	2021-09-14T05:47:26
13.07619	-58.95660	0	62	2021-09-14T05:52:30
13.07592	-58.95724	0	62	2021-09-14T05:57:31
13.07563	-58.95801	0	62	2021-09-14T06:02:36
13.07529	-58.95892	0	62	2021-09-14T06:07:33
13.07485	-58.95975	0	62	2021-09-14T06:12:37
13.07436	-58.96048	0	62	2021-09-14T06:17:38
13.07393	-58.96133	0	62	2021-09-14T06:22:38
13.07349	-58.96201	0	62	2021-09-14T06:27:41
13.07309	-58.96265	0	62	2021-09-14T06:32:40
13.07270	-58.96323	0	62	2021-09-14T06:37:41
13.07213	-58.96387	0	62	2021-09-14T06:42:38
13.07175	-58.96429	0	62	2021-09-14T06:47:36
13.07140	-58.96481	0	62	2021-09-14T06:52:37
13.07110	-58.96530	0	62	2021-09-14T06:57:37
13.07088	-58.96573	0	62	2021-09-14T07:02:38
13.07073	-58.96613	0	62	2021-09-14T07:07:38
13.07068	-58.96671	0	62	2021-09-14T07:12:40
13.07064	-58.96729	0	62	2021-09-14T07:17:40
13.07055	-58.96774	0	62	2021-09-14T07:22:40
13.07051	-58.96817	0	62	2021-09-14T07:27:39
13.07051	-58.96878	0	62	2021-09-14T07:32:40
13.07054	-58.96936	0	62	2021-09-14T07:37:40
13.07061	-58.96979	0	62	2021-09-14T07:42:56
13.07059	-58.97025	0	62	2021-09-14T07:47:35
13.07048	-58.97073	0	62	2021-09-14T07:52:35
13.07039	-58.97116	0	62	2021-09-14T07:57:35
13.07030	-58.97159	0	62	2021-09-14T08:02:34
13.07018	-58.97218	0	62	2021-09-14T08:07:33
13.06997	-58.97278	0	62	2021-09-14T08:12:32
13.06959	-58.97330	0	62	2021-09-14T08:17:35
13.06918	-58.97379	0	62	2021-09-14T08:22:37
13.06875	-58.97427	0	62	2021-09-14T08:27:37
13.06839	-58.97492	0	62	2021-09-14T08:32:38
13.06800	-58.97543	0	62	2021-09-14T08:37:38
13.06752	-58.97589	0	62	2021-09-14T08:42:58
13.06708	-58.97635	0	62	2021-09-14T08:47:38
13.06666	-58.97697	0	62	2021-09-14T08:52:40
13.06636	-58.97757	0	62	2021-09-14T08:57:39
13.06609	-58.97812	0	62	2021-09-14T09:02:40
13.06582	-58.97870	0	62	2021-09-14T09:07:40
13.06574	-58.97928	0	62	2021-09-14T09:12:41
13.06571	-58.98004	0	62	2021-09-14T09:17:41
13.06559	-58.98074	0	62	2021-09-14T09:22:43
13.06551	-58.98135	0	62	2021-09-14T09:27:41
13.06549	-58.98193	0	62	2021-09-14T09:32:48
13.06539	-58.98245	0	62	2021-09-14T09:37:42
13.06529	-58.98297	0	62	2021-09-14T09:43:06
13.06511	-58.98361	0	62	2021-09-14T09:47:40
13.06494	-58.98422	0	62	2021-09-14T09:52:41
13.06470	-58.98492	0	62	2021-09-14T09:57:42
13.06449	-58.98553	0	62	2021-09-14T10:02:41
13.06421	-58.98611	0	62	2021-09-14T10:07:39
13.06396	-58.98750	0	62	2021-09-14T10:17:45
13.06392	-58.98827	0	62	2021-09-14T10:22:45
13.06383	-58.98904	0	62	2021-09-14T10:27:46
13.06358	-58.98984	0	62	2021-09-14T10:32:44
13.06329	-58.99054	0	62	2021-09-14T10:37:44
13.06301	-58.99161	0	62	2021-09-14T10:43:24
13.06292	-58.99228	0	62	2021-09-14T10:47:46
13.06266	-58.99298	0	62	2021-09-14T10:52:44
13.06240	-58.99383	0	62	2021-09-14T10:57:44
13.06210	-58.99460	0	62	2021-09-14T11:02:44
13.06185	-58.99542	0	62	2021-09-14T11:07:42
13.06164	-58.99634	0	62	2021-09-14T11:12:43
13.06134	-58.99725	0	62	2021-09-14T11:17:43
13.06101	-58.99811	0	62	2021-09-14T11:22:44
13.06085	-58.99902	0	62	2021-09-14T11:27:44
13.06071	-58.99991	0	62	2021-09-14T11:32:42
13.06052	-59.00077	0	62	2021-09-14T11:38:09
13.06035	-59.00171	0	62	2021-09-14T11:43:08
13.06024	-59.00269	0	62	2021-09-14T11:47:48
13.06012	-59.00357	0	62	2021-09-14T11:52:42
13.05984	-59.00435	0	62	2021-09-14T11:57:43
13.05965	-59.00510	0	62	2021-09-14T12:02:46
13.05942	-59.00598	0	62	2021-09-14T12:07:44
13.05911	-59.00677	0	62	2021-09-14T12:12:45
13.05883	-59.00751	0	62	2021-09-14T12:17:43
13.05857	-59.00827	0	62	2021-09-14T12:22:42
13.05843	-59.00917	0	62	2021-09-14T12:27:43
13.05846	-59.00998	0	62	2021-09-14T12:32:44
13.05839	-59.01089	0	62	2021-09-14T12:37:42
13.05836	-59.01193	0	62	2021-09-14T12:43:37
13.05827	-59.01242	0	62	2021-09-14T12:47:43
13.05816	-59.01309	0	62	2021-09-14T12:52:41
13.05807	-59.01379	0	62	2021-09-14T12:57:41
13.05792	-59.01453	0	62	2021-09-14T13:02:41
13.05777	-59.01535	0	62	2021-09-14T13:07:42
13.05763	-59.01633	0	62	2021-09-14T13:12:40
13.05751	-59.01736	0	62	2021-09-14T13:17:41
13.05744	-59.01846	0	62	2021-09-14T13:22:41
13.05739	-59.01947	0	62	2021-09-14T13:27:43
13.05736	-59.02063	0	62	2021-09-14T13:32:43
13.05730	-59.02170	0	62	2021-09-14T13:37:45
13.05725	-59.02298	0	62	2021-09-14T13:43:07
13.05723	-59.02411	0	62	2021-09-14T13:47:46
13.05723	-59.02536	0	62	2021-09-14T13:52:47
13.05732	-59.02667	0	62	2021-09-14T13:57:45
13.05747	-59.02792	0	62	2021-09-14T14:02:45
13.05762	-59.02914	0	62	2021-09-14T14:07:45
13.05779	-59.03040	0	62	2021-09-14T14:12:46
13.05774	-59.03152	0	62	2021-09-14T14:17:43
13.05778	-59.03268	0	62	2021-09-14T14:22:44
13.05770	-59.03391	0	62	2021-09-14T14:27:41
13.05771	-59.03500	0	62	2021-09-14T14:32:43
13.05777	-59.03622	0	62	2021-09-14T14:37:46
13.05774	-59.03775	0	62	2021-09-14T14:43:26
13.05778	-59.03882	0	62	2021-09-14T14:47:45
13.05798	-59.04004	0	62	2021-09-14T14:52:45
13.05814	-59.04135	0	62	2021-09-14T14:57:46
13.05824	-59.04257	0	62	2021-09-14T15:02:43
13.05832	-59.04382	0	62	2021-09-14T15:07:44
13.05840	-59.04492	0	62	2021-09-14T15:12:41
13.05859	-59.04727	0	62	2021-09-14T15:22:38
13.05861	-59.04852	0	62	2021-09-14T15:27:37
13.05874	-59.04974	0	62	2021-09-14T15:32:37
13.05874	-59.05099	0	62	2021-09-14T15:37:38
13.05882	-59.05234	0	62	2021-09-14T15:42:54
13.05897	-59.05347	0	62	2021-09-14T15:47:40
13.05918	-59.05475	0	62	2021-09-14T15:52:37
13.05942	-59.05597	0	62	2021-09-14T15:57:41
13.05962	-59.05719	0	62	2021-09-14T16:02:42
13.05968	-59.05817	0	62	2021-09-14T16:07:39
13.05977	-59.05930	0	62	2021-09-14T16:12:37
13.05987	-59.06049	0	62	2021-09-14T16:17:38
13.05999	-59.06177	0	62	2021-09-14T16:22:37
13.06028	-59.06296	0	62	2021-09-14T16:27:36
13.06046	-59.06406	0	62	2021-09-14T16:32:35
13.06059	-59.06512	0	62	2021-09-14T16:37:36
13.06079	-59.06622	0	62	2021-09-14T16:42:55
13.06098	-59.06717	0	62	2021-09-14T16:47:33
13.06125	-59.06824	0	62	2021-09-14T16:52:35
13.06153	-59.06910	0	62	2021-09-14T16:57:35
13.06183	-59.07004	0	62	2021-09-14T17:02:34
13.06205	-59.07098	0	62	2021-09-14T17:07:34
13.06225	-59.07199	0	62	2021-09-14T17:12:35
13.06228	-59.07309	0	62	2021-09-14T17:17:38
13.06236	-59.07416	0	62	2021-09-14T17:22:36
13.06251	-59.07520	0	62	2021-09-14T17:27:37
13.06268	-59.07642	0	62	2021-09-14T17:32:38
13.06280	-59.07767	0	62	2021-09-14T17:37:43
13.06295	-59.07895	0	62	2021-09-14T17:42:55
13.06322	-59.08011	0	62	2021-09-14T17:47:38
13.06354	-59.08133	0	62	2021-09-14T17:52:41
13.06380	-59.08261	0	62	2021-09-14T17:57:36
13.06402	-59.08390	0	62	2021-09-14T18:02:40
13.06428	-59.08502	0	62	2021-09-14T18:07:40
13.06450	-59.08615	0	62	2021-09-14T18:12:37
13.06475	-59.08728	0	62	2021-09-14T18:17:37
13.06497	-59.08847	0	62	2021-09-14T18:22:42
13.06517	-59.08966	0	62	2021-09-14T18:27:40
13.06540	-59.09088	0	62	2021-09-14T18:32:37
13.06556	-59.09210	0	62	2021-09-14T18:37:40
13.06565	-59.09341	0	62	2021-09-14T18:42:55
13.06569	-59.09448	0	62	2021-09-14T18:47:39
13.06588	-59.09553	0	62	2021-09-14T18:52:37
13.06588	-59.09647	0	62	2021-09-14T18:57:37
13.06586	-59.09756	0	62	2021-09-14T19:02:34
13.06591	-59.09851	0	62	2021-09-14T19:07:31
13.06603	-59.09930	0	62	2021-09-14T19:12:28
13.06616	-59.10043	0	62	2021-09-14T19:17:29
13.06630	-59.10165	0	62	2021-09-14T19:22:30
13.06634	-59.10285	0	62	2021-09-14T19:27:31
13.06651	-59.10388	0	62	2021-09-14T19:32:32
13.06675	-59.10513	0	62	2021-09-14T19:37:29
13.06680	-59.10663	0	62	2021-09-14T19:42:59
13.06710	-59.10764	0	62	2021-09-14T19:47:34
13.06737	-59.10880	0	62	2021-09-14T19:52:32
13.06770	-59.11005	0	62	2021-09-14T19:57:36
13.06793	-59.11127	0	62	2021-09-14T20:02:37
13.06806	-59.11234	0	62	2021-09-14T20:07:37
13.06820	-59.11349	0	62	2021-09-14T20:12:36
13.06840	-59.11456	0	62	2021-09-14T20:17:39
13.06849	-59.11569	0	62	2021-09-14T20:22:37
13.06877	-59.11682	0	62	2021-09-14T20:27:38
13.06904	-59.11801	0	62	2021-09-14T20:32:37
13.06925	-59.11914	0	62	2021-09-14T20:37:39
13.06950	-59.12033	0	62	2021-09-14T20:42:56
13.06988	-59.12149	0	62	2021-09-14T20:47:37
13.07035	-59.12269	0	62	2021-09-14T20:52:34
13.07074	-59.12372	0	62	2021-09-14T20:57:35
13.07109	-59.12469	0	62	2021-09-14T21:02:35
13.07151	-59.12570	0	62	2021-09-14T21:07:30
13.07190	-59.12668	0	62	2021-09-14T21:12:26
13.07236	-59.12759	0	62	2021-09-14T21:17:27
13.07269	-59.12860	0	62	2021-09-14T21:22:23
13.07304	-59.12961	0	62	2021-09-14T21:27:24
13.07348	-59.13068	0	62	2021-09-14T21:32:25
13.07361	-59.13171	0	62	2021-09-14T21:37:26
13.07403	-59.13303	0	62	2021-09-14T21:42:27
13.07442	-59.13397	0	62	2021-09-14T21:47:27
13.07487	-59.13510	0	62	2021-09-14T21:52:25
13.07538	-59.13623	0	62	2021-09-14T21:57:25
13.07594	-59.13730	0	62	2021-09-14T22:02:26
13.07649	-59.13852	0	62	2021-09-14T22:07:28
13.07708	-59.13980	0	62	2021-09-14T22:12:28
13.07768	-59.14112	0	62	2021-09-14T22:17:29
13.07828	-59.14258	0	62	2021-09-14T22:22:30
13.07888	-59.14404	0	62	2021-09-14T22:27:30
13.07943	-59.14548	0	62	2021-09-14T22:32:28
13.07990	-59.14673	0	62	2021-09-14T22:37:30
13.08020	-59.14804	0	62	2021-09-14T22:42:57
13.08047	-59.14905	0	62	2021-09-14T22:47:31
13.08077	-59.15015	0	62	2021-09-14T22:52:31
13.08106	-59.15109	0	62	2021-09-14T22:57:32
13.08139	-59.15210	0	62	2021-09-14T23:02:29
13.08173	-59.15295	0	62	2021-09-14T23:07:27
13.08194	-59.15381	0	62	2021-09-14T23:12:27
13.08230	-59.15475	0	62	2021-09-14T23:17:28
13.08266	-59.15570	0	62	2021-09-14T23:22:29
13.08292	-59.15664	0	62	2021-09-14T23:27:22
13.08313	-59.15741	0	62	2021-09-14T23:32:23
13.08346	-59.15814	0	62	2021-09-14T23:37:24
13.08373	-59.15900	0	62	2021-09-14T23:42:56
13.08392	-59.15970	0	62	2021-09-14T23:47:21
13.08417	-59.16056	0	62	2021-09-14T23:52:15
13.08434	-59.16150	0	62	2021-09-14T23:57:16
13.08448	-59.16241	0	62	2021-09-15T00:02:20
13.08468	-59.16336	0	62	2021-09-15T00:07:18
13.08490	-59.16446	0	62	2021-09-15T00:12:18
13.08510	-59.16550	0	62	2021-09-15T00:17:19
13.08527	-59.16667	0	62	2021-09-15T00:22:20
13.08531	-59.16779	0	62	2021-09-15T00:27:21
13.08534	-59.16885	0	62	2021-09-15T00:32:21
13.08545	-59.16989	0	62	2021-09-15T00:37:22
13.08551	-59.17102	0	62	2021-09-15T00:42:57
13.08554	-59.17197	0	62	2021-09-15T00:47:21
13.08563	-59.17291	0	62	2021-09-15T00:52:21
13.08564	-59.17389	0	62	2021-09-15T00:57:23
13.08558	-59.17490	0	62	2021-09-15T01:02:23
13.08558	-59.17581	0	62	2021-09-15T01:07:20
13.08555	-59.17688	0	62	2021-09-15T01:12:24
13.08551	-59.17798	0	62	2021-09-15T01:17:26
13.08548	-59.17911	0	62	2021-09-15T01:22:26
13.08549	-59.18040	0	62	2021-09-15T01:27:31
13.08540	-59.18160	0	62	2021-09-15T01:32:32
13.08540	-59.18280	0	62	2021-09-15T01:37:32
13.08529	-59.18415	0	62	2021-09-15T01:42:32
13.08525	-59.18518	0	62	2021-09-15T01:47:31
13.08509	-59.18637	0	62	2021-09-15T01:52:30
13.08489	-59.18759	0	62	2021-09-15T01:57:31
13.08468	-59.18884	0	62	2021-09-15T02:02:29
13.08394	-59.19138	0	62	2021-09-15T02:12:31
13.08357	-59.19258	0	62	2021-09-15T02:17:32
13.08297	-59.19370	0	62	2021-09-15T02:22:32
13.08255	-59.19485	0	62	2021-09-15T02:27:34
13.08221	-59.19608	0	62	2021-09-15T02:32:38
13.08170	-59.19733	0	62	2021-09-15T02:37:38
13.08134	-59.19867	0	62	2021-09-15T02:42:55
13.08102	-59.19986	0	62	2021-09-15T02:47:38
13.08053	-59.20101	0	62	2021-09-15T02:52:35
13.08014	-59.20213	0	62	2021-09-15T02:57:35
13.07975	-59.20325	0	62	2021-09-15T03:02:36
13.07937	-59.20438	0	62	2021-09-15T03:07:36
13.07898	-59.20548	0	62	2021-09-15T03:12:36
13.07868	-59.20651	0	62	2021-09-15T03:17:35
13.07852	-59.20764	0	62	2021-09-15T03:22:35
13.07835	-59.20881	0	62	2021-09-15T03:27:37
13.07809	-59.20984	0	62	2021-09-15T03:32:37
13.07785	-59.21103	0	62	2021-09-15T03:37:41
13.07758	-59.21237	0	62	2021-09-15T03:43:10
13.07739	-59.21344	0	62	2021-09-15T03:47:43
13.07735	-59.21469	0	62	2021-09-15T03:52:44
13.07714	-59.21590	0	62	2021-09-15T03:57:45
13.07705	-59.21710	0	62	2021-09-15T04:02:45
13.07689	-59.21829	0	62	2021-09-15T04:07:43
13.07668	-59.21945	0	62	2021-09-15T04:12:40
13.07649	-59.22076	0	62	2021-09-15T04:17:44
13.07629	-59.22202	0	62	2021-09-15T04:22:41
13.07618	-59.22339	0	62	2021-09-15T04:27:41
13.07612	-59.22485	0	62	2021-09-15T04:32:43
13.07593	-59.22626	0	62	2021-09-15T04:37:41
13.07581	-59.22774	0	62	2021-09-15T04:42:40
13.07572	-59.22903	0	62	2021-09-15T04:47:39
13.07565	-59.23038	0	62	2021-09-15T04:52:39
13.07570	-59.23178	0	62	2021-09-15T04:57:40
13.07580	-59.23318	0	62	2021-09-15T05:02:41
13.07581	-59.23450	0	62	2021-09-15T05:07:41
13.07580	-59.23557	0	62	2021-09-15T05:12:43
13.07589	-59.23663	0	62	2021-09-15T05:17:46
13.07599	-59.23773	0	62	2021-09-15T05:22:45
13.07612	-59.23889	0	62	2021-09-15T05:27:45
13.07624	-59.24005	0	62	2021-09-15T05:32:46
13.07634	-59.24121	0	62	2021-09-15T05:37:47
13.07654	-59.24249	0	62	2021-09-15T05:43:26
13.07669	-59.24348	0	62	2021-09-15T05:47:45
13.07686	-59.24460	0	62	2021-09-15T05:52:45
13.07701	-59.24573	0	62	2021-09-15T05:57:46
13.07721	-59.24683	0	62	2021-09-15T06:02:48
13.07736	-59.24777	0	62	2021-09-15T06:07:48
13.07747	-59.24878	0	62	2021-09-15T06:12:45
13.07767	-59.24982	0	62	2021-09-15T06:17:46
13.07790	-59.25089	0	62	2021-09-15T06:22:47
13.07808	-59.25189	0	62	2021-09-15T06:27:45
13.07835	-59.25299	0	62	2021-09-15T06:32:47
13.07869	-59.25409	0	62	2021-09-15T06:37:45
13.07903	-59.25522	0	62	2021-09-15T06:43:10
13.07932	-59.25620	0	62	2021-09-15T06:47:44
13.07962	-59.25730	0	62	2021-09-15T06:52:43
13.07992	-59.25833	0	62	2021-09-15T06:57:42
13.08024	-59.25931	0	62	2021-09-15T07:02:41
13.08053	-59.26038	0	62	2021-09-15T07:07:42
13.08082	-59.26144	0	62	2021-09-15T07:12:40
13.08117	-59.26242	0	62	2021-09-15T07:17:41
13.08138	-59.26340	0	62	2021-09-15T07:22:40
13.08171	-59.26453	0	62	2021-09-15T07:27:41
13.08188	-59.26556	0	62	2021-09-15T07:32:40
13.08188	-59.26642	0	62	2021-09-15T07:37:41
13.08189	-59.26746	0	62	2021-09-15T07:42:56
13.08184	-59.26840	0	62	2021-09-15T07:47:39
13.08165	-59.26942	0	62	2021-09-15T07:52:39
13.08161	-59.27045	0	62	2021-09-15T07:57:40
13.08161	-59.27148	0	62	2021-09-15T08:02:40
13.08140	-59.27264	0	62	2021-09-15T08:07:38
13.08121	-59.27380	0	62	2021-09-15T08:12:35
13.08104	-59.27496	0	62	2021-09-15T08:17:38
13.08089	-59.27612	0	62	2021-09-15T08:22:36
13.08070	-59.27734	0	62	2021-09-15T08:27:33
13.08043	-59.27853	0	62	2021-09-15T08:32:34
13.08024	-59.27975	0	62	2021-09-15T08:37:31
13.08004	-59.28094	0	62	2021-09-15T08:42:55
13.07983	-59.28204	0	62	2021-09-15T08:47:29
13.07970	-59.28326	0	62	2021-09-15T08:52:30
13.07936	-59.28453	0	62	2021-09-15T08:57:27
13.07923	-59.28565	0	62	2021-09-15T09:02:28
13.07897	-59.28677	0	62	2021-09-15T09:07:28
13.07873	-59.28784	0	62	2021-09-15T09:12:29
13.07853	-59.28900	0	62	2021-09-15T09:17:27
13.07831	-59.29028	0	62	2021-09-15T09:22:28
13.07800	-59.29150	0	62	2021-09-15T09:27:27
13.07772	-59.29282	0	62	2021-09-15T09:32:25
13.07752	-59.29404	0	62	2021-09-15T09:37:29
13.07724	-59.29545	0	62	2021-09-15T09:42:27
13.07703	-59.29648	0	62	2021-09-15T09:47:27
13.07684	-59.29767	0	62	2021-09-15T09:52:29
13.07678	-59.29907	0	62	2021-09-15T09:57:30
13.07661	-59.30032	0	62	2021-09-15T10:02:33
13.07637	-59.30164	0	62	2021-09-15T10:07:32
13.07610	-59.30289	0	62	2021-09-15T10:12:35
13.07586	-59.30408	0	62	2021-09-15T10:17:34
13.07560	-59.30537	0	62	2021-09-15T10:22:34
13.07543	-59.30649	0	62	2021-09-15T10:27:35
13.07526	-59.30768	0	62	2021-09-15T10:32:36
13.07499	-59.30890	0	62	2021-09-15T10:37:33
13.07475	-59.31021	0	62	2021-09-15T10:42:57
13.07442	-59.31146	0	62	2021-09-15T10:47:33
13.07412	-59.31265	0	62	2021-09-15T10:52:35
13.07373	-59.31375	0	62	2021-09-15T10:57:32
13.07348	-59.31500	0	62	2021-09-15T11:02:33
13.07326	-59.31616	0	62	2021-09-15T11:07:34
13.07302	-59.31735	0	62	2021-09-15T11:12:32
13.07272	-59.31860	0	62	2021-09-15T11:17:29
13.07242	-59.31982	0	62	2021-09-15T11:22:33
13.07209	-59.32104	0	62	2021-09-15T11:27:32
13.07178	-59.32230	0	62	2021-09-15T11:32:31
13.07150	-59.32358	0	62	2021-09-15T11:37:28
13.07120	-59.32489	0	62	2021-09-15T11:42:55
13.07094	-59.32626	0	62	2021-09-15T11:47:28
13.07064	-59.32755	0	62	2021-09-15T11:52:27
13.07040	-59.32883	0	62	2021-09-15T11:57:27
13.07039	-59.33020	0	62	2021-09-15T12:02:29
13.07028	-59.33163	0	62	2021-09-15T12:07:29
13.07010	-59.33298	0	62	2021-09-15T12:12:32
13.06996	-59.33429	0	62	2021-09-15T12:17:31
13.06984	-59.33569	0	62	2021-09-15T12:22:38
13.06984	-59.33698	0	62	2021-09-15T12:27:37
13.06981	-59.33850	0	62	2021-09-15T12:32:47
13.06977	-59.33987	0	62	2021-09-15T12:37:46
13.06966	-59.34137	0	62	2021-09-15T12:43:12
13.06960	-59.34268	0	62	2021-09-15T12:47:50
13.06956	-59.34415	0	62	2021-09-15T12:52:48
13.06947	-59.34552	0	62	2021-09-15T12:57:46
13.06935	-59.34695	0	62	2021-09-15T13:02:34
13.06916	-59.34839	0	62	2021-09-15T13:07:47
13.06889	-59.34985	0	62	2021-09-15T13:12:36
13.06872	-59.35131	0	62	2021-09-15T13:17:37
13.06855	-59.35260	0	62	2021-09-15T13:22:37
13.06830	-59.35400	0	62	2021-09-15T13:27:39
13.06793	-59.35544	0	62	2021-09-15T13:32:38
13.06762	-59.35690	0	62	2021-09-15T13:37:39
13.06721	-59.35849	0	62	2021-09-15T13:42:37
13.06691	-59.35986	0	62	2021-09-15T13:47:37
13.06662	-59.36133	0	62	2021-09-15T13:52:35
13.06636	-59.36270	0	62	2021-09-15T13:57:35
13.06607	-59.36417	0	62	2021-09-15T14:02:33
13.06575	-59.36563	0	62	2021-09-15T14:07:34
13.06539	-59.36716	0	62	2021-09-15T14:12:36
13.06508	-59.36862	0	62	2021-09-15T14:17:36
13.06479	-59.37012	0	62	2021-09-15T14:22:35
13.06457	-59.37173	0	62	2021-09-15T14:27:37
13.06427	-59.37332	0	62	2021-09-15T14:32:39
13.06404	-59.37492	0	62	2021-09-15T14:37:55
13.06383	-59.37646	0	62	2021-09-15T14:42:55
13.06366	-59.37790	0	62	2021-09-15T14:47:40
13.06353	-59.37939	0	62	2021-09-15T14:52:42
13.06336	-59.38092	0	62	2021-09-15T14:57:42
13.06330	-59.38245	0	62	2021-09-15T15:02:42
13.06331	-59.38397	0	62	2021-09-15T15:07:43
13.06329	-59.38547	0	62	2021-09-15T15:12:45
13.06322	-59.38697	0	62	2021-09-15T15:17:43
13.06318	-59.38843	0	62	2021-09-15T15:22:43
13.06318	-59.38986	0	62	2021-09-15T15:27:45
13.06318	-59.39133	0	62	2021-09-15T15:32:45
13.06321	-59.39285	0	62	2021-09-15T15:37:48
13.06319	-59.39468	0	62	2021-09-15T15:43:25
13.06319	-59.39603	0	62	2021-09-15T15:47:48
13.06325	-59.39758	0	62	2021-09-15T15:52:52
13.06337	-59.39920	0	62	2021-09-15T15:57:52
13.06346	-59.40074	0	62	2021-09-15T16:02:51
13.06359	-59.40228	0	62	2021-09-15T16:07:51
13.06374	-59.40384	0	62	2021-09-15T16:12:51
13.06390	-59.40540	0	62	2021-09-15T16:17:49
13.06402	-59.40698	0	62	2021-09-15T16:22:52
13.06409	-59.40860	0	62	2021-09-15T16:27:53
13.06420	-59.41025	0	62	2021-09-15T16:32:52
13.06435	-59.41190	0	62	2021-09-15T16:37:53
13.06455	-59.41376	0	62	2021-09-15T16:43:26
13.06473	-59.41530	0	62	2021-09-15T16:47:56
13.06486	-59.41702	0	62	2021-09-15T16:52:55
13.06513	-59.41870	0	62	2021-09-15T16:57:54
13.06546	-59.42043	0	62	2021-09-15T17:02:53
13.06567	-59.42206	0	62	2021-09-15T17:07:53
13.06596	-59.42377	0	62	2021-09-15T17:12:51
13.06630	-59.42548	0	62	2021-09-15T17:17:54
13.06665	-59.42709	0	62	2021-09-15T17:22:51
13.06693	-59.42874	0	62	2021-09-15T17:27:53
13.06720	-59.43036	0	62	2021-09-15T17:32:50
13.06748	-59.43204	0	62	2021-09-15T17:37:51
13.06780	-59.43393	0	62	2021-09-15T17:43:27
13.06793	-59.43542	0	62	2021-09-15T17:47:49
13.06807	-59.43719	0	62	2021-09-15T17:52:46
13.06818	-59.43896	0	62	2021-09-15T17:57:46
13.06836	-59.44061	0	62	2021-09-15T18:02:47
13.06852	-59.44232	0	62	2021-09-15T18:07:44
13.06873	-59.44391	0	62	2021-09-15T18:12:44
13.06893	-59.44547	0	62	2021-09-15T18:17:39
13.06912	-59.44705	0	62	2021-09-15T18:22:38
13.06932	-59.44861	0	62	2021-09-15T18:27:40
13.06955	-59.45023	0	62	2021-09-15T18:32:42
13.06972	-59.45169	0	62	2021-09-15T18:37:42
13.06989	-59.45331	0	62	2021-09-15T18:43:28
13.07006	-59.45450	0	62	2021-09-15T18:47:44
13.07026	-59.45584	0	62	2021-09-15T18:52:44
13.07040	-59.45718	0	62	2021-09-15T18:57:46
13.07047	-59.45840	0	62	2021-09-15T19:02:50
13.07049	-59.45935	0	62	2021-09-15T19:07:49
13.07046	-59.46030	0	62	2021-09-15T19:12:48
13.07046	-59.46124	0	62	2021-09-15T19:17:49
13.07047	-59.46225	0	62	2021-09-15T19:22:50
13.07049	-59.46318	0	62	2021-09-15T19:27:49
13.07047	-59.46402	0	62	2021-09-15T19:32:48
13.07053	-59.46490	0	62	2021-09-15T19:37:48
13.07060	-59.46582	0	62	2021-09-15T19:43:09
13.07064	-59.46655	0	62	2021-09-15T19:47:42
13.07063	-59.46725	0	62	2021-09-15T19:52:43
13.07060	-59.46803	0	62	2021-09-15T19:57:41
13.07051	-59.46854	0	62	2021-09-15T20:02:41
13.07046	-59.46912	0	62	2021-09-15T20:07:40
13.07019	-59.46964	0	62	2021-09-15T20:12:42
13.06991	-59.47012	0	62	2021-09-15T20:17:42
13.06971	-59.47046	0	62	2021-09-15T20:22:41
13.06958	-59.47083	0	62	2021-09-15T20:27:41
13.06933	-59.47143	0	62	2021-09-15T20:37:42
13.06924	-59.47169	0	62	2021-09-15T20:42:41
13.06915	-59.47186	0	62	2021-09-15T20:47:41
13.06917	-59.47214	0	62	2021-09-15T20:52:45
13.06917	-59.47239	0	62	2021-09-15T20:57:46
13.06917	-59.47256	0	62	2021-09-15T21:02:46
13.06920	-59.47293	0	62	2021-09-15T21:07:45
13.06920	-59.47310	0	62	2021-09-15T21:12:45
13.06920	-59.47327	0	62	2021-09-15T21:17:46
13.06925	-59.47354	0	62	2021-09-15T21:22:51
13.06932	-59.47382	0	62	2021-09-15T21:27:47
13.06944	-59.47409	0	62	2021-09-15T21:32:49
13.06954	-59.47430	0	62	2021-09-15T21:37:46
13.06973	-59.47462	0	62	2021-09-15T21:42:50
13.06977	-59.47479	0	62	2021-09-15T21:47:50
13.06988	-59.47511	0	62	2021-09-15T21:52:49
13.06992	-59.47537	0	62	2021-09-15T21:57:49
13.06991	-59.47568	0	62	2021-09-15T22:02:47
13.06989	-59.47598	0	62	2021-09-15T22:07:50
13.06977	-59.47629	0	62	2021-09-15T22:12:48
13.06966	-59.47665	0	62	2021-09-15T22:17:49
13.06951	-59.47702	0	62	2021-09-15T22:22:46
13.06936	-59.47741	0	62	2021-09-15T22:27:46
13.06923	-59.47775	0	62	2021-09-15T22:32:47
13.06913	-59.47815	0	62	2021-09-15T22:37:48
13.06900	-59.47839	0	62	2021-09-15T22:43:26
13.06891	-59.47873	0	62	2021-09-15T22:47:49
13.06882	-59.47906	0	62	2021-09-15T22:52:51
13.06868	-59.47943	0	62	2021-09-15T22:57:49
13.06858	-59.47983	0	62	2021-09-15T23:02:49
13.06845	-59.48016	0	62	2021-09-15T23:07:50
13.06833	-59.48044	0	62	2021-09-15T23:12:49
13.06815	-59.48074	0	62	2021-09-15T23:17:50
13.06795	-59.48104	0	62	2021-09-15T23:22:49
13.06782	-59.48138	0	62	2021-09-15T23:27:49
13.06761	-59.48175	0	62	2021-09-15T23:32:49
13.06744	-59.48209	0	62	2021-09-15T23:37:49
13.06720	-59.48267	0	62	2021-09-15T23:43:26
13.06700	-59.48302	0	62	2021-09-15T23:47:51
13.06674	-59.48328	0	62	2021-09-15T23:52:50
13.06651	-59.48366	0	62	2021-09-15T23:57:46
13.06634	-59.48392	0	62	2021-09-16T00:02:47
13.06617	-59.48422	0	62	2021-09-16T00:07:48
13.06600	-59.48444	0	62	2021-09-16T00:12:46
13.06588	-59.48468	0	62	2021-09-16T00:17:47
13.06583	-59.48489	0	62	2021-09-16T00:22:47
13.06576	-59.48505	0	62	2021-09-16T00:27:48
13.06571	-59.48520	0	62	2021-09-16T00:32:48
13.06565	-59.48526	0	62	2021-09-16T00:37:49
13.06562	-59.48535	0	62	2021-09-16T00:43:28
13.06564	-59.48538	0	62	2021-09-16T00:47:51
13.06566	-59.48547	0	62	2021-09-16T00:52:51
13.06567	-59.48550	0	62	2021-09-16T00:57:53
13.06573	-59.48557	0	62	2021-09-16T01:02:57
13.06579	-59.48569	0	62	2021-09-16T01:07:59
13.06588	-59.48569	0	62	2021-09-16T01:12:59
13.06592	-59.48566	0	62	2021-09-16T01:17:59
13.06591	-59.48566	0	62	2021-09-16T01:22:58
13.06591	-59.48563	0	62	2021-09-16T01:28:01
13.06599	-59.48560	0	62	2021-09-16T01:33:03
13.06612	-59.48560	0	62	2021-09-16T01:38:03
13.06628	-59.48544	0	62	2021-09-16T01:43:26
13.06649	-59.48535	0	62	2021-09-16T01:48:04
13.06662	-59.48526	0	62	2021-09-16T01:53:06
13.06677	-59.48523	0	62	2021-09-16T01:58:04
13.06685	-59.48517	0	62	2021-09-16T02:03:03
13.06692	-59.48520	0	62	2021-09-16T02:08:04
13.06683	-59.48532	0	62	2021-09-16T02:18:06
13.06677	-59.48550	0	62	2021-09-16T02:23:08
13.06676	-59.48566	0	62	2021-09-16T02:28:05
13.06667	-59.48584	0	62	2021-09-16T02:33:02
13.06656	-59.48611	0	62	2021-09-16T02:38:03
13.06645	-59.48648	0	62	2021-09-16T02:43:26
13.06633	-59.48685	0	62	2021-09-16T02:48:05
13.06618	-59.48724	0	62	2021-09-16T02:53:11
13.06598	-59.48758	0	62	2021-09-16T02:58:10
13.06577	-59.48798	0	62	2021-09-16T03:03:10
13.06556	-59.48846	0	62	2021-09-16T03:08:15
13.06543	-59.48892	0	62	2021-09-16T03:13:15
13.06525	-59.48941	0	62	2021-09-16T03:18:14
13.06513	-59.48993	0	62	2021-09-16T03:23:18
13.06499	-59.49042	0	62	2021-09-16T03:28:18
13.06481	-59.49094	0	62	2021-09-16T03:33:19
13.06474	-59.49152	0	62	2021-09-16T03:38:17
13.06461	-59.49228	0	62	2021-09-16T03:43:17
13.06448	-59.49271	0	62	2021-09-16T03:48:18
13.06433	-59.49319	0	62	2021-09-16T03:53:15
13.06417	-59.49374	0	62	2021-09-16T03:58:13
13.06394	-59.49423	0	62	2021-09-16T04:03:14
13.06372	-59.49475	0	62	2021-09-16T04:08:13
13.06352	-59.49530	0	62	2021-09-16T04:13:15
13.06323	-59.49579	0	62	2021-09-16T04:18:15
13.06297	-59.49634	0	62	2021-09-16T04:23:12
13.06263	-59.49686	0	62	2021-09-16T04:28:13
13.06230	-59.49738	0	62	2021-09-16T04:33:14
13.06195	-59.49786	0	62	2021-09-16T04:38:14
13.06151	-59.49841	0	62	2021-09-16T04:43:57
13.06126	-59.49857	0	62	2021-09-16T04:48:21
13.06086	-59.49875	0	62	2021-09-16T04:53:21
13.06045	-59.49901	0	62	2021-09-16T04:58:26
13.05989	-59.49918	0	62	2021-09-16T05:03:26
13.05959	-59.49927	0	62	2021-09-16T05:08:25
13.05900	-59.49964	0	62	2021-09-16T05:13:25
13.05883	-59.49973	0	62	2021-09-16T05:18:26
13.05853	-59.49991	0	62	2021-09-16T05:23:23
13.05818	-59.50009	0	62	2021-09-16T05:28:26
13.05796	-59.50029	0	62	2021-09-16T05:33:25
13.05757	-59.50055	0	62	2021-09-16T05:38:25
13.05722	-59.50083	0	62	2021-09-16T05:43:23
13.05701	-59.50092	0	62	2021-09-16T05:48:23
13.05698	-59.50098	0	62	2021-09-16T05:53:24
13.05693	-59.50095	0	62	2021-09-16T05:58:22
13.05680	-59.50101	0	62	2021-09-16T06:03:23
13.05644	-59.50122	0	62	2021-09-16T06:08:22
13.05568	-59.50169	0	62	2021-09-16T06:18:25
13.05548	-59.50171	0	62	2021-09-16T06:23:22
13.05526	-59.50186	0	62	2021-09-16T06:28:25
13.05509	-59.50204	0	62	2021-09-16T06:33:27
13.05513	-59.50198	0	62	2021-09-16T06:38:27
13.05514	-59.50201	0	62	2021-09-16T06:44:26
13.05507	-59.50208	0	62	2021-09-16T06:48:28
13.05486	-59.50223	0	62	2021-09-16T06:53:27
13.05487	-59.50223	0	62	2021-09-16T06:58:28
13.05468	-59.50232	0	62	2021-09-16T07:03:31
13.05463	-59.50235	0	62	2021-09-16T07:08:29
13.05459	-59.50235	0	62	2021-09-16T07:13:29
13.05467	-59.50235	0	62	2021-09-16T07:33:26
13.05463	-59.50235	0	62	2021-09-16T07:38:27
13.05468	-59.50238	0	62	2021-09-16T07:43:55
13.05469	-59.50238	0	62	2021-09-16T07:48:21
13.05470	-59.50235	0	62	2021-09-16T07:53:26
13.05469	-59.50235	0	62	2021-09-16T07:58:26
13.05468	-59.50238	0	62	2021-09-16T08:23:33
13.05469	-59.50238	0	62	2021-09-16T08:28:28
13.05468	-59.50238	0	62	2021-09-16T08:48:31
13.05467	-59.50238	0	62	2021-09-16T08:53:31
13.05468	-59.50238	0	62	2021-09-16T09:13:32
13.05467	-59.50238	0	62	2021-09-16T09:33:35
13.05466	-59.50238	0	62	2021-09-16T09:38:36
13.05467	-59.50238	0	62	2021-09-16T09:53:38
13.05468	-59.50238	0	62	2021-09-16T09:58:39
13.05468	-59.50241	0	62	2021-09-16T10:08:37
13.05468	-59.50238	0	62	2021-09-16T10:23:35
13.05468	-59.50241	0	62	2021-09-16T10:33:37
13.05468	-59.50238	0	62	2021-09-16T10:48:44
13.05468	-59.50241	0	62	2021-09-16T10:58:41
13.05468	-59.50238	0	62	2021-09-16T11:03:45
13.05467	-59.50241	0	62	2021-09-16T11:08:43
13.05443	-59.50256	0	62	2021-09-16T11:13:41
13.05442	-59.50256	0	62	2021-09-16T11:18:42
13.05443	-59.50256	0	62	2021-09-16T11:23:41
13.05442	-59.50256	0	62	2021-09-16T11:38:43
13.05443	-59.50256	0	62	2021-09-16T11:53:43
13.05442	-59.50256	0	62	2021-09-16T12:03:42
13.05443	-59.50256	0	62	2021-09-16T12:08:43
13.05442	-59.50256	0	62	2021-09-16T12:13:40
13.05443	-59.50253	0	62	2021-09-16T12:18:39
13.05442	-59.50256	0	62	2021-09-16T12:48:37
13.05443	-59.50256	0	62	2021-09-16T12:53:37
13.05442	-59.50256	0	62	2021-09-16T13:13:35
13.05443	-59.50256	0	62	2021-09-16T13:28:32
13.05442	-59.50256	0	62	2021-09-16T13:38:29
13.05443	-59.50256	0	62	2021-09-16T13:43:55
13.05442	-59.50256	0	62	2021-09-16T14:03:27
13.05441	-59.50256	0	62	2021-09-16T14:08:24
13.05443	-59.50253	0	62	2021-09-16T14:13:25
13.05443	-59.50256	0	62	2021-09-16T14:23:26
13.05443	-59.50253	0	62	2021-09-16T14:28:23
13.05442	-59.50256	0	62	2021-09-16T14:43:57
13.05441	-59.50256	0	62	2021-09-16T14:48:23
13.05442	-59.50256	0	62	2021-09-16T15:08:23
13.05441	-59.50256	0	62	2021-09-16T15:13:24
13.05443	-59.50253	0	62	2021-09-16T15:18:27
13.05443	-59.50256	0	62	2021-09-16T15:23:25
13.05444	-59.50262	0	62	2021-09-16T15:43:57
13.05445	-59.50259	0	62	2021-09-16T16:08:22
13.05445	-59.50256	0	62	2021-09-16T16:13:21
13.05445	-59.50259	0	62	2021-09-16T16:18:22
13.05460	-59.50256	0	62	2021-09-16T16:23:23
13.05443	-59.50250	0	62	2021-09-16T16:33:18
13.05461	-59.50253	0	62	2021-09-16T16:38:37
13.05448	-59.50253	0	62	2021-09-16T16:43:36
13.05447	-59.50253	0	62	2021-09-16T16:48:13
13.05446	-59.50256	0	62	2021-09-16T16:58:18
13.05451	-59.50256	0	62	2021-09-16T17:03:16
13.05455	-59.50259	0	62	2021-09-16T17:08:20
13.05453	-59.50259	0	62	2021-09-16T17:18:21
13.05448	-59.50256	0	62	2021-09-16T17:23:20
13.05450	-59.50259	0	62	2021-09-16T17:28:23
13.05448	-59.50259	0	62	2021-09-16T17:38:25
13.05448	-59.50256	0	62	2021-09-16T17:43:54
13.05445	-59.50256	0	62	2021-09-16T17:48:27
13.05446	-59.50256	0	62	2021-09-16T17:58:26
13.05447	-59.50259	0	62	2021-09-16T18:03:33
13.05445	-59.50256	0	62	2021-09-16T18:18:36
13.05447	-59.50256	0	62	2021-09-16T18:23:37
13.05445	-59.50256	0	62	2021-09-16T18:28:35
13.05446	-59.50259	0	62	2021-09-16T18:33:41
13.05446	-59.50256	0	62	2021-09-16T18:38:39
13.05444	-59.50256	0	62	2021-09-16T18:43:56
13.05446	-59.50256	0	62	2021-09-16T18:48:40
13.05445	-59.50256	0	62	2021-09-16T18:53:38
13.05446	-59.50256	0	62	2021-09-16T19:13:38
13.05447	-59.50256	0	62	2021-09-16T19:18:41
13.05446	-59.50256	0	62	2021-09-16T19:28:40
13.05445	-59.50256	0	62	2021-09-16T19:33:41
13.05446	-59.50256	0	62	2021-09-16T19:38:42
13.05447	-59.50256	0	62	2021-09-16T19:48:41
13.05445	-59.50256	0	62	2021-09-16T19:53:44
13.05446	-59.50256	0	62	2021-09-16T20:13:48
13.05445	-59.50256	0	62	2021-09-16T20:38:52
13.05444	-59.50256	0	62	2021-09-16T20:48:51
13.05446	-59.50256	0	62	2021-09-16T20:58:48
13.05445	-59.50256	0	62	2021-09-16T21:18:45
13.05444	-59.50256	0	62	2021-09-16T21:23:45
13.05445	-59.50256	0	62	2021-09-16T21:33:43
13.05444	-59.50256	0	62	2021-09-16T21:38:42
13.05445	-59.50256	0	62	2021-09-16T21:58:47
13.05446	-59.50256	0	62	2021-09-16T22:03:44
13.05445	-59.50256	0	62	2021-09-16T22:13:46
13.05447	-59.50256	0	62	2021-09-16T22:18:46
13.05445	-59.50256	0	62	2021-09-16T22:23:44
13.05446	-59.50256	0	62	2021-09-16T22:28:47
13.05448	-59.50256	0	62	2021-09-16T22:38:46
13.05453	-59.50256	0	62	2021-09-16T22:44:07
13.05453	-59.50259	0	62	2021-09-16T22:48:48
13.05451	-59.50256	0	62	2021-09-16T22:58:42
13.05449	-59.50256	0	62	2021-09-16T23:03:46
13.05450	-59.50256	0	62	2021-09-16T23:08:43
13.05448	-59.50256	0	62	2021-09-16T23:13:41
13.05455	-59.50250	0	62	2021-09-16T23:18:41
13.05458	-59.50247	0	62	2021-09-16T23:23:42
13.05459	-59.50253	0	62	2021-09-16T23:28:39
13.05458	-59.50253	0	62	2021-09-16T23:33:39
13.05458	-59.50250	0	62	2021-09-16T23:38:37
13.05447	-59.50256	0	62	2021-09-16T23:43:57
13.05446	-59.50256	0	62	2021-09-16T23:58:30
13.05445	-59.50256	0	62	2021-09-17T00:13:31
13.05446	-59.50256	0	62	2021-09-17T00:18:29
13.05444	-59.50256	0	62	2021-09-17T00:23:28
13.05445	-59.50256	0	62	2021-09-17T00:28:29
13.05446	-59.50256	0	62	2021-09-17T00:38:28
13.05445	-59.50256	0	62	2021-09-17T00:53:27
13.05444	-59.50256	0	62	2021-09-17T00:58:26
13.05445	-59.50256	0	62	2021-09-17T01:03:24
13.05448	-59.50256	0	62	2021-09-17T01:08:25
13.05446	-59.50256	0	62	2021-09-17T01:18:23
13.05443	-59.50256	0	62	2021-09-17T01:28:24
13.05445	-59.50256	0	62	2021-09-17T01:33:22
13.05444	-59.50256	0	62	2021-09-17T01:38:24
13.05445	-59.50256	0	62	2021-09-17T01:58:26
13.05444	-59.50256	0	62	2021-09-17T02:08:28
13.05443	-59.50256	0	62	2021-09-17T02:13:29
13.05445	-59.50256	0	62	2021-09-17T02:28:28
13.05444	-59.50256	0	62	2021-09-17T02:33:29
13.05443	-59.50256	0	62	2021-09-17T02:48:27
13.05444	-59.50256	0	62	2021-09-17T02:53:24
13.05443	-59.50256	0	62	2021-09-17T03:03:22
13.05444	-59.50256	0	62	2021-09-17T03:13:26
13.05443	-59.50256	0	62	2021-09-17T03:18:25
13.05444	-59.50256	0	62	2021-09-17T03:33:27
13.05445	-59.50256	0	62	2021-09-17T03:38:25
13.05445	-59.50259	0	62	2021-09-17T03:43:53
13.05444	-59.50259	0	62	2021-09-17T04:23:24
13.05443	-59.50259	0	62	2021-09-17T04:28:24
13.05445	-59.50259	0	62	2021-09-17T04:43:55
13.05444	-59.50259	0	62	2021-09-17T04:48:25
13.05444	-59.50262	0	62	2021-09-17T04:53:28
13.05444	-59.50259	0	62	2021-09-17T04:58:26
13.05445	-59.50262	0	62	2021-09-17T05:13:29
13.05444	-59.50262	0	62	2021-09-17T05:18:28
13.05445	-59.50259	0	62	2021-09-17T05:28:27
13.05444	-59.50262	0	62	2021-09-17T05:38:29
13.05444	-59.50259	0	62	2021-09-17T05:43:56
13.05444	-59.50262	0	62	2021-09-17T05:48:27
13.05443	-59.50262	0	62	2021-09-17T05:53:29
13.05445	-59.50259	0	62	2021-09-17T06:03:30
13.05444	-59.50262	0	62	2021-09-17T06:08:29
13.05444	-59.50259	0	62	2021-09-17T06:13:31
13.05444	-59.50256	0	62	2021-09-17T06:18:29
13.05443	-59.50259	0	62	2021-09-17T06:23:28
13.05444	-59.50256	0	62	2021-09-17T06:28:29
13.05444	-59.50259	0	62	2021-09-17T06:33:30
13.05443	-59.50259	0	62	2021-09-17T06:38:31
13.05444	-59.50256	0	62	2021-09-17T06:43:53
13.05446	-59.50253	0	62	2021-09-17T06:48:30
13.05447	-59.50253	0	62	2021-09-17T06:53:27
13.05448	-59.50253	0	62	2021-09-17T06:58:27
13.05444	-59.50256	0	62	2021-09-17T07:08:24
13.05442	-59.50256	0	62	2021-09-17T07:13:23
13.05440	-59.50259	0	62	2021-09-17T07:18:20
13.05439	-59.50256	0	62	2021-09-17T07:23:21
13.05437	-59.50259	0	62	2021-09-17T07:28:21
13.05437	-59.50256	0	62	2021-09-17T07:33:19
13.05438	-59.50256	0	62	2021-09-17T07:38:22
13.05444	-59.50259	0	62	2021-09-17T07:53:22
13.05445	-59.50259	0	62	2021-09-17T07:58:22
13.05444	-59.50259	0	62	2021-09-17T08:03:24
13.05445	-59.50259	0	62	2021-09-17T08:08:28
13.05444	-59.50259	0	62	2021-09-17T08:13:26
13.05443	-59.50259	0	62	2021-09-17T08:18:30
13.05445	-59.50259	0	62	2021-09-17T08:43:54
13.05443	-59.50259	0	62	2021-09-17T08:53:20
13.05445	-59.50259	0	62	2021-09-17T08:58:21
13.05443	-59.50259	0	62	2021-09-17T09:18:28
13.05444	-59.50259	0	62	2021-09-17T09:23:26
13.05443	-59.50259	0	62	2021-09-17T09:33:31
13.05442	-59.50256	0	62	2021-09-17T09:38:31
13.05443	-59.50259	0	62	2021-09-17T09:43:53
13.05444	-59.50259	0	62	2021-09-17T09:48:32
13.05443	-59.50259	0	62	2021-09-17T09:53:31
13.05444	-59.50259	0	62	2021-09-17T09:58:30
13.05443	-59.50259	0	62	2021-09-17T10:03:32
13.05444	-59.50259	0	62	2021-09-17T10:08:33
13.05444	-59.50262	0	62	2021-09-17T10:13:35
13.05443	-59.50259	0	62	2021-09-17T10:23:34
13.05444	-59.50259	0	62	2021-09-17T10:28:39
13.05445	-59.50259	0	62	2021-09-17T10:33:33
13.05444	-59.50259	0	62	2021-09-17T10:44:06
13.05443	-59.50262	0	62	2021-09-17T10:53:33
13.05443	-59.50259	0	62	2021-09-17T11:03:31
13.05444	-59.50259	0	62	2021-09-17T11:08:32
13.05444	-59.50262	0	62	2021-09-17T11:13:33
13.05444	-59.50259	0	62	2021-09-17T11:18:37
13.05444	-59.50262	0	62	2021-09-17T11:23:31
13.05443	-59.50262	0	62	2021-09-17T11:28:31
13.05444	-59.50259	0	62	2021-09-17T11:33:29
13.05443	-59.50259	0	62	2021-09-17T11:38:32
13.05445	-59.50262	0	62	2021-09-17T11:43:57
13.05444	-59.50259	0	62	2021-09-17T11:48:31
13.05445	-59.50259	0	62	2021-09-17T11:53:31
13.05445	-59.50262	0	62	2021-09-17T12:08:33
13.05444	-59.50262	0	62	2021-09-17T12:13:31
13.05443	-59.50259	0	62	2021-09-17T12:18:32
13.05445	-59.50259	0	62	2021-09-17T12:23:30
13.05444	-59.50259	0	62	2021-09-17T12:33:31
13.05445	-59.50259	0	62	2021-09-17T12:38:28
13.05444	-59.50262	0	62	2021-09-17T12:53:31
13.05444	-59.50259	0	62	2021-09-17T12:58:28
13.05445	-59.50259	0	62	2021-09-17T13:03:31
13.05445	-59.50262	0	62	2021-09-17T13:08:32
13.05445	-59.50259	0	62	2021-09-17T13:18:31
13.05445	-59.50262	0	62	2021-09-17T13:23:31
13.05446	-59.50259	0	62	2021-09-17T13:28:29
13.05445	-59.50262	0	62	2021-09-17T13:33:30
13.05444	-59.50262	0	62	2021-09-17T13:38:31
13.05445	-59.50262	0	62	2021-09-17T13:43:55
13.05444	-59.50259	0	62	2021-09-17T13:48:31
13.05443	-59.50262	0	62	2021-09-17T13:53:33
13.05444	-59.50262	0	62	2021-09-17T13:58:30
13.05443	-59.50262	0	62	2021-09-17T14:03:34
13.05445	-59.50262	0	62	2021-09-17T14:08:39
13.05444	-59.50262	0	62	2021-09-17T14:33:29
13.05445	-59.50259	0	62	2021-09-17T14:38:33
13.05445	-59.50262	0	62	2021-09-17T14:53:32
13.05444	-59.50262	0	62	2021-09-17T14:58:29
13.05444	-59.50259	0	62	2021-09-17T15:08:31
13.05445	-59.50259	0	62	2021-09-17T15:13:31
13.05444	-59.50259	0	62	2021-09-17T15:18:32
13.05445	-59.50259	0	62	2021-09-17T15:23:29
13.05442	-59.50259	0	62	2021-09-17T15:28:30
13.05444	-59.50262	0	62	2021-09-17T15:38:32
13.05445	-59.50262	0	62	2021-09-17T15:44:04
13.05446	-59.50262	0	62	2021-09-17T15:48:33
13.05445	-59.50262	0	62	2021-09-17T15:53:31
13.05443	-59.50259	0	62	2021-09-17T15:58:32
13.05445	-59.50262	0	62	2021-09-17T16:03:32
13.05445	-59.50259	0	62	2021-09-17T16:13:34
13.05447	-59.50259	0	62	2021-09-17T16:28:32
13.05448	-59.50259	0	62	2021-09-17T16:33:30
13.05448	-59.50256	0	62	2021-09-17T16:38:33
13.05446	-59.50262	0	62	2021-09-17T16:48:32
13.05445	-59.50259	0	62	2021-09-17T16:58:37
13.05445	-59.50262	0	62	2021-09-17T17:08:36
13.05446	-59.50262	0	62	2021-09-17T17:13:35
13.05445	-59.50262	0	62	2021-09-17T17:23:34
13.05447	-59.50262	0	62	2021-09-17T17:28:31
13.05445	-59.50262	0	62	2021-09-17T17:38:30
13.05446	-59.50262	0	62	2021-09-17T17:43:56
13.05446	-59.50259	0	62	2021-09-17T17:58:28
13.05445	-59.50259	0	62	2021-09-17T18:03:26
13.05445	-59.50262	0	62	2021-09-17T18:08:27
13.05445	-59.50259	0	62	2021-09-17T18:13:26
13.05444	-59.50259	0	62	2021-09-17T18:18:27
13.05445	-59.50259	0	62	2021-09-17T18:28:23
13.05446	-59.50259	0	62	2021-09-17T18:38:25
13.05445	-59.50262	0	62	2021-09-17T18:43:55
13.05446	-59.50259	0	62	2021-09-17T18:48:23
13.05445	-59.50259	0	62	2021-09-17T18:53:26
13.05446	-59.50259	0	62	2021-09-17T18:58:27
13.05445	-59.50262	0	62	2021-09-17T19:03:25
13.05446	-59.50259	0	62	2021-09-17T19:08:28
13.05445	-59.50262	0	62	2021-09-17T19:13:26
13.05446	-59.50262	0	62	2021-09-17T19:18:31
13.05445	-59.50262	0	62	2021-09-17T19:23:28
13.05446	-59.50259	0	62	2021-09-17T19:28:29
13.05445	-59.50259	0	62	2021-09-17T20:13:29
13.05444	-59.50262	0	62	2021-09-17T20:18:32
13.05445	-59.50259	0	62	2021-09-17T20:33:33
13.05444	-59.50259	0	62	2021-09-17T20:38:30
13.05445	-59.50259	0	62	2021-09-17T20:53:27
13.05444	-59.50259	0	62	2021-09-17T20:58:28
13.05445	-59.50259	0	62	2021-09-17T21:03:26
13.05444	-59.50259	0	62	2021-09-17T21:08:26
13.05445	-59.50259	0	62	2021-09-17T21:28:27
13.05444	-59.50259	0	62	2021-09-17T21:33:30
13.05444	-59.50262	0	62	2021-09-17T21:38:28
13.05445	-59.50259	0	62	2021-09-17T21:43:57
13.05444	-59.50259	0	62	2021-09-17T22:08:30
13.05444	-59.50256	0	62	2021-09-17T22:13:30
13.05444	-59.50259	0	62	2021-09-17T22:23:31
13.05445	-59.50259	0	62	2021-09-17T22:28:33
13.05443	-59.50259	0	62	2021-09-17T22:38:34
13.05445	-59.50256	0	62	2021-09-17T22:43:55
13.05443	-59.50259	0	62	2021-09-17T22:58:38
13.05444	-59.50259	0	62	2021-09-17T23:18:44
13.05445	-59.50259	0	62	2021-09-17T23:33:48
13.05444	-59.50259	0	62	2021-09-17T23:38:45
13.05445	-59.50256	0	62	2021-09-17T23:44:24
13.05445	-59.50259	0	62	2021-09-17T23:53:47
13.05444	-59.50262	0	62	2021-09-17T23:58:48
13.05445	-59.50262	0	62	2021-09-18T00:08:50
13.05445	-59.50259	0	62	2021-09-18T00:13:50
13.05445	-59.50262	0	62	2021-09-18T00:18:52
13.05444	-59.50259	0	62	2021-09-18T00:23:51
13.05444	-59.50262	0	62	2021-09-18T00:28:52
13.05443	-59.50259	0	62	2021-09-18T00:33:50
13.05445	-59.50259	0	62	2021-09-18T00:38:51
13.05444	-59.50259	0	62	2021-09-18T00:58:51
13.05443	-59.50262	0	62	2021-09-18T01:03:50
13.05444	-59.50259	0	62	2021-09-18T01:08:52
13.05443	-59.50259	0	62	2021-09-18T01:13:53
13.05444	-59.50259	0	62	2021-09-18T01:18:53
13.05445	-59.50259	0	62	2021-09-18T01:23:51
13.05443	-59.50259	0	62	2021-09-18T01:28:53
13.05444	-59.50259	0	62	2021-09-18T01:58:52
13.05443	-59.50259	0	62	2021-09-18T02:08:52
13.05442	-59.50256	0	62	2021-09-18T02:13:53
13.05444	-59.50256	0	62	2021-09-18T02:18:53
13.05443	-59.50259	0	62	2021-09-18T02:28:54
13.05444	-59.50259	0	62	2021-09-18T02:38:55
13.05442	-59.50259	0	62	2021-09-18T02:44:27
13.05443	-59.50259	0	62	2021-09-18T03:03:55
13.05444	-59.50259	0	62	2021-09-18T03:08:57
13.05443	-59.50259	0	62	2021-09-18T03:18:56
13.05444	-59.50262	0	62	2021-09-18T03:23:59
13.05444	-59.50259	0	62	2021-09-18T03:28:57
13.05444	-59.50262	0	62	2021-09-18T03:33:59
13.05443	-59.50259	0	62	2021-09-18T03:38:59
13.05444	-59.50259	0	62	2021-09-18T03:49:00
13.05444	-59.50262	0	62	2021-09-18T03:54:01
13.05445	-59.50259	0	62	2021-09-18T03:59:02
13.05444	-59.50259	0	62	2021-09-18T04:04:03
13.05443	-59.50259	0	62	2021-09-18T04:09:01
13.05444	-59.50259	0	62	2021-09-18T04:19:05
13.05443	-59.50259	0	62	2021-09-18T04:24:07
13.05444	-59.50262	0	62	2021-09-18T04:34:09
13.05445	-59.50259	0	62	2021-09-18T04:39:13
13.05444	-59.50259	0	62	2021-09-18T05:19:13
13.05445	-59.50262	0	62	2021-09-18T05:24:12
13.05444	-59.50259	0	62	2021-09-18T05:34:11
13.05444	-59.50262	0	62	2021-09-18T05:44:36
13.05444	-59.50259	0	62	2021-09-18T05:49:09
13.05444	-59.50262	0	62	2021-09-18T05:59:07
13.05445	-59.50262	0	62	2021-09-18T06:04:08
13.05445	-59.50259	0	62	2021-09-18T06:09:06
13.05442	-59.50262	0	62	2021-09-18T06:14:07
13.05445	-59.50259	0	62	2021-09-18T06:24:07
13.05444	-59.50262	0	62	2021-09-18T06:34:10
13.05444	-59.50259	0	62	2021-09-18T06:39:07
13.05442	-59.50259	0	62	2021-09-18T06:44:27
13.05443	-59.50262	0	62	2021-09-18T06:49:04
13.05445	-59.50259	0	62	2021-09-18T06:49:11
13.05443	-59.50262	0	62	2021-09-18T06:59:05
13.05442	-59.50262	0	62	2021-09-18T07:04:08
13.05444	-59.50259	0	62	2021-09-18T07:14:06
13.05443	-59.50259	0	62	2021-09-18T07:19:06
13.05444	-59.50259	0	62	2021-09-18T07:24:07
13.05442	-59.50259	0	62	2021-09-18T07:29:06
13.05443	-59.50259	0	62	2021-09-18T07:34:07
13.05442	-59.50259	0	62	2021-09-18T07:39:08
13.05444	-59.50259	0	62	2021-09-18T07:44:13
13.05443	-59.50256	0	62	2021-09-18T07:44:28
13.05445	-59.50259	0	62	2021-09-18T07:49:04
13.05444	-59.50259	0	62	2021-09-18T07:49:12
13.05443	-59.50262	0	62	2021-09-18T07:54:05
13.05444	-59.50259	0	62	2021-09-18T07:54:12
13.05443	-59.50262	0	62	2021-09-18T07:59:05
13.05444	-59.50259	0	62	2021-09-18T08:04:09
13.05443	-59.50259	0	62	2021-09-18T08:09:10
13.05444	-59.50259	0	62	2021-09-18T08:24:16
13.05445	-59.50259	0	62	2021-09-18T08:44:36
13.05445	-59.50256	0	62	2021-09-18T08:49:17
13.05446	-59.50259	0	62	2021-09-18T08:54:17
13.05445	-59.50259	0	62	2021-09-18T08:59:19
13.05446	-59.50256	0	62	2021-09-18T09:04:17
13.05444	-59.50256	0	62	2021-09-18T09:24:19
13.05444	-59.50259	0	62	2021-09-18T09:29:20
13.05445	-59.50256	0	62	2021-09-18T09:34:20
13.05443	-59.50256	0	62	2021-09-18T09:39:22
13.05443	-59.50259	0	62	2021-09-18T09:54:25
13.05443	-59.50262	0	62	2021-09-18T10:09:26
13.05444	-59.50259	0	62	2021-09-18T10:14:28
13.05443	-59.50259	0	62	2021-09-18T10:24:32
13.05444	-59.50259	0	62	2021-09-18T10:29:30
13.05444	-59.50262	0	62	2021-09-18T10:34:30
13.05444	-59.50259	0	62	2021-09-18T10:44:53
13.05445	-59.50259	0	62	2021-09-18T10:49:31
13.05444	-59.50259	0	62	2021-09-18T10:59:32
13.05446	-59.50259	0	62	2021-09-18T11:09:30
13.05444	-59.50259	0	62	2021-09-18T11:14:31
13.05445	-59.50259	0	62	2021-09-18T11:29:30
13.05444	-59.50259	0	62	2021-09-18T11:34:35
13.05443	-59.50259	0	62	2021-09-18T11:39:34
13.05444	-59.50262	0	62	2021-09-18T11:49:37
13.05444	-59.50259	0	62	2021-09-18T11:54:36
13.05443	-59.50262	0	62	2021-09-18T11:59:38
13.05444	-59.50259	0	62	2021-09-18T12:04:38
13.05443	-59.50262	0	62	2021-09-18T12:09:40
13.05443	-59.50259	0	62	2021-09-18T12:14:38
13.05444	-59.50259	0	62	2021-09-18T12:39:41
13.05446	-59.50256	0	62	2021-09-18T12:44:54
13.05443	-59.50259	0	62	2021-09-18T12:49:40
13.05444	-59.50259	0	62	2021-09-18T13:04:38
13.05445	-59.50259	0	62	2021-09-18T13:09:35
13.05446	-59.50259	0	62	2021-09-18T13:29:37
13.05447	-59.50259	0	62	2021-09-18T13:34:38
13.05445	-59.50259	0	62	2021-09-18T13:44:57
13.05445	-59.50262	0	62	2021-09-18T13:59:32
13.05445	-59.50259	0	62	2021-09-18T14:04:33
13.05444	-59.50262	0	62	2021-09-18T14:09:32
13.05445	-59.50259	0	62	2021-09-18T14:29:30
13.05445	-59.50262	0	62	2021-09-18T14:34:30
13.05445	-59.50259	0	62	2021-09-18T14:39:31
13.05451	-59.50262	0	62	2021-09-18T14:49:36
13.05450	-59.50262	0	62	2021-09-18T14:59:33
13.05451	-59.50262	0	62	2021-09-18T15:09:36
13.05451	-59.50259	0	62	2021-09-18T15:19:31
13.05453	-59.50262	0	62	2021-09-18T15:24:32
13.05453	-59.50259	0	62	2021-09-18T15:29:35
13.05454	-59.50259	0	62	2021-09-18T15:34:37
13.05453	-59.50259	0	62	2021-09-18T15:39:34
13.05447	-59.50262	0	62	2021-09-18T15:44:57
13.05446	-59.50262	0	62	2021-09-18T15:54:36
13.05445	-59.50262	0	62	2021-09-18T16:04:35
13.05446	-59.50259	0	62	2021-09-18T16:09:34
13.05449	-59.50259	0	62	2021-09-18T16:14:35
13.05447	-59.50259	0	62	2021-09-18T16:19:33
13.05450	-59.50259	0	62	2021-09-18T16:29:37
13.05448	-59.50259	0	62	2021-09-18T16:34:38
13.05449	-59.50262	0	62	2021-09-18T16:39:35
13.05450	-59.50256	0	62	2021-09-18T16:44:55
13.05445	-59.50262	0	62	2021-09-18T16:49:34
13.05446	-59.50262	0	62	2021-09-18T16:54:34
13.05446	-59.50259	0	62	2021-09-18T16:59:35
13.05446	-59.50262	0	62	2021-09-18T17:54:41
13.05445	-59.50259	0	62	2021-09-18T17:59:42
13.05447	-59.50262	0	62	2021-09-18T18:04:39
13.05446	-59.50262	0	62	2021-09-18T18:09:41
13.05447	-59.50262	0	62	2021-09-18T18:19:38
13.05446	-59.50262	0	62	2021-09-18T18:24:39
13.05447	-59.50262	0	62	2021-09-18T18:39:37
13.05446	-59.50259	0	62	2021-09-18T18:44:54
13.05447	-59.50262	0	62	2021-09-18T18:49:42
13.05446	-59.50262	0	62	2021-09-18T18:54:40
13.05446	-59.50259	0	62	2021-09-18T19:09:43
13.05446	-59.50262	0	62	2021-09-18T19:14:40
13.05446	-59.50259	0	62	2021-09-18T19:19:44
13.05445	-59.50262	0	62	2021-09-18T19:24:37
13.05444	-59.50259	0	62	2021-09-18T19:39:31
13.05446	-59.50259	0	62	2021-09-18T19:44:56
13.05445	-59.50262	0	62	2021-09-18T19:49:33
13.05444	-59.50259	0	62	2021-09-18T19:59:32
13.05445	-59.50259	0	62	2021-09-18T20:19:32
13.05446	-59.50259	0	62	2021-09-18T20:19:43
13.05445	-59.50259	0	62	2021-09-18T20:39:32
13.05446	-59.50259	0	62	2021-09-18T20:49:35
13.05445	-59.50259	0	62	2021-09-18T20:54:36
13.05444	-59.50259	0	62	2021-09-18T20:59:35
13.05445	-59.50259	0	62	2021-09-18T21:04:38
13.05444	-59.50262	0	62	2021-09-18T21:09:36
13.05445	-59.50259	0	62	2021-09-18T21:34:36
13.05444	-59.50253	0	62	2021-09-18T21:39:57
13.05448	-59.50253	0	62	2021-09-18T21:44:57
13.05447	-59.50259	0	62	2021-09-18T21:49:34
13.05446	-59.50256	0	62	2021-09-18T21:54:32
13.05447	-59.50259	0	62	2021-09-18T22:04:31
13.05446	-59.50262	0	62	2021-09-18T22:09:32
13.05446	-59.50259	0	62	2021-09-18T22:19:33
13.05447	-59.50256	0	62	2021-09-18T22:29:33
13.05446	-59.50259	0	62	2021-09-18T22:29:38
13.05447	-59.50256	0	62	2021-09-18T22:34:32
13.05446	-59.50259	0	62	2021-09-18T23:14:39
13.05445	-59.50259	0	62	2021-09-18T23:19:39
13.05446	-59.50262	0	62	2021-09-18T23:24:40
13.05446	-59.50256	0	62	2021-09-18T23:39:43
13.05448	-59.50256	0	62	2021-09-18T23:45:07
13.05445	-59.50259	0	62	2021-09-19T00:34:48
13.05447	-59.50259	0	62	2021-09-19T00:39:49
13.05446	-59.50259	0	62	2021-09-19T00:45:25
13.05445	-59.50259	0	62	2021-09-19T00:54:47
13.05446	-59.50259	0	62	2021-09-19T00:59:45
13.05445	-59.50259	0	62	2021-09-19T01:19:48
13.05444	-59.50259	0	62	2021-09-19T01:24:52
13.05445	-59.50259	0	62	2021-09-19T01:29:50
13.05444	-59.50259	0	62	2021-09-19T01:34:50
13.05443	-59.50259	0	62	2021-09-19T01:39:51
13.05444	-59.50259	0	62	2021-09-19T01:54:47
13.05443	-59.50259	0	62	2021-09-19T01:59:47
13.05444	-59.50259	0	62	2021-09-19T02:29:44
13.05443	-59.50259	0	62	2021-09-19T02:34:48
13.05444	-59.50259	0	62	2021-09-19T03:14:41
13.05444	-59.50256	0	62	2021-09-19T03:19:44
13.05446	-59.50256	0	62	2021-09-19T03:24:41
13.05445	-59.50256	0	62	2021-09-19T03:29:42
13.05445	-59.50259	0	62	2021-09-19T03:34:40
13.05446	-59.50256	0	62	2021-09-19T03:39:41
13.05446	-59.50259	0	62	2021-09-19T03:49:40
13.05444	-59.50259	0	62	2021-09-19T03:54:43
13.05444	-59.50262	0	62	2021-09-19T03:59:43
13.05444	-59.50259	0	62	2021-09-19T04:04:46
13.05445	-59.50259	0	62	2021-09-19T04:24:49
13.05444	-59.50259	0	62	2021-09-19T04:29:50
13.05445	-59.50262	0	62	2021-09-19T04:39:52
13.05443	-59.50259	0	62	2021-09-19T04:45:27
13.05445	-59.50259	0	62	2021-09-19T04:49:52
13.05444	-59.50259	0	62	2021-09-19T04:54:50
13.05445	-59.50262	0	62	2021-09-19T04:59:47
13.05444	-59.50259	0	62	2021-09-19T05:09:45
13.05443	-59.50262	0	62	2021-09-19T05:14:46
13.05445	-59.50259	0	62	2021-09-19T05:19:47
13.05444	-59.50259	0	62	2021-09-19T05:24:45
13.05444	-59.50262	0	62	2021-09-19T05:34:46
13.05442	-59.50259	0	62	2021-09-19T05:39:43
13.05445	-59.50262	0	62	2021-10-02T02:13:40
13.05443	-59.50256	0	62	2021-10-02T02:27:10
13.05445	-59.50259	0	62	2021-10-02T02:33:40
13.05448	-59.50259	0	62	2021-10-02T02:42:12
13.05427	-59.50269	0	62	2021-10-02T02:47:10
13.05418	-59.50272	0	62	2021-10-02T02:57:12
13.05413	-59.50275	0	62	2021-10-02T03:07:12
13.05411	-59.50275	0	62	2021-10-02T03:12:28
13.05413	-59.50275	0	62	2021-10-02T03:32:09
13.05412	-59.50275	0	62	2021-10-02T03:37:08
13.05410	-59.50272	0	62	2021-10-02T03:42:07
13.05411	-59.50272	0	62	2021-10-02T03:52:06
13.05413	-59.50272	0	62	2021-10-02T03:57:09
13.05412	-59.50275	0	62	2021-10-02T04:02:08
13.05409	-59.50278	0	62	2021-10-02T04:32:12
13.05409	-59.50275	0	62	2021-10-02T04:42:10
13.05408	-59.50275	0	62	2021-10-02T04:57:14
13.05409	-59.50275	0	62	2021-10-02T05:02:15
13.05413	-59.50262	0	62	2021-10-02T15:58:20
13.05418	-59.50272	0	62	2021-10-02T16:05:47
13.05415	-59.50272	0	62	2021-10-02T16:10:44
13.05425	-59.50272	0	62	2021-10-02T16:15:50
13.05424	-59.50272	0	62	2021-10-02T16:25:51
13.05424	-59.50278	0	62	2021-10-02T16:45:41
13.05425	-59.50278	0	62	2021-10-02T17:10:43
13.05426	-59.50278	0	62	2021-10-02T18:05:48
13.05426	-59.50272	0	62	2021-10-02T18:20:55
13.05426	-59.50275	0	62	2021-10-02T18:25:58
13.05425	-59.50275	0	62	2021-10-02T18:30:53
13.05426	-59.50272	0	62	2021-10-02T18:35:58
13.05426	-59.50275	0	62	2021-10-02T18:46:00
13.05425	-59.50278	0	62	2021-10-02T19:10:58
13.05424	-59.50278	0	62	2021-10-02T19:31:02
13.05422	-59.50278	0	62	2021-10-02T19:41:05
13.05426	-59.50278	0	62	2021-10-02T19:46:05
13.05424	-59.50278	0	62	2021-10-02T20:21:05
13.05421	-59.50278	0	62	2021-10-02T20:26:06
13.05424	-59.50278	0	62	2021-10-02T20:31:06
13.05420	-59.50278	0	62	2021-10-02T20:56:10
13.05423	-59.50278	0	62	2021-10-02T21:01:10
13.05421	-59.50278	0	62	2021-10-02T21:16:13
13.05424	-59.50278	0	62	2021-10-02T21:21:11
13.05421	-59.50278	0	62	2021-10-02T21:26:16
13.05420	-59.50278	0	62	2021-10-02T21:36:13
13.05421	-59.50278	0	62	2021-10-02T22:01:17
13.05420	-59.50278	0	62	2021-10-02T22:06:17
13.05423	-59.50278	0	62	2021-10-02T22:16:19
13.05424	-59.50278	0	62	2021-10-02T22:21:16
13.05425	-59.50278	0	62	2021-10-02T22:36:14
13.05423	-59.50278	0	62	2021-10-02T22:41:12
13.05426	-59.50275	0	62	2021-10-02T23:11:09
13.05428	-59.50275	0	62	2021-10-02T23:16:07
13.05428	-59.50272	0	62	2021-10-02T23:21:08
13.05429	-59.50266	0	62	2021-10-02T23:26:06
13.05431	-59.50272	0	62	2021-10-02T23:51:28
13.05424	-59.50278	0	62	2021-10-03T00:11:02
13.05426	-59.50278	0	62	2021-10-03T00:31:04
13.05431	-59.50284	0	62	2021-10-03T00:51:27
13.05425	-59.50278	0	62	2021-10-03T01:26:07
13.05426	-59.50278	0	62	2021-10-03T01:36:08
13.05424	-59.50278	0	62	2021-10-03T02:16:06
13.05421	-59.50278	0	62	2021-10-03T02:21:04
13.05423	-59.50278	0	62	2021-10-03T02:36:03
13.05424	-59.50278	0	62	2021-10-03T02:41:00
13.05425	-59.50281	0	62	2021-10-03T02:45:57
13.05423	-59.50272	0	62	2021-10-03T09:26:08
13.05424	-59.50272	0	62	2021-10-03T09:31:09
13.05421	-59.50272	0	62	2021-10-03T09:36:08
13.05417	-59.50269	0	62	2021-10-03T09:41:20
13.05430	-59.50272	0	62	2021-10-03T09:46:22
13.05425	-59.50272	0	62	2021-10-03T09:51:14
13.05423	-59.50278	0	62	2021-10-03T09:56:38
13.05421	-59.50278	0	62	2021-10-03T10:01:02
13.05420	-59.50278	0	62	2021-10-03T10:06:05
13.05421	-59.50278	0	62	2021-10-03T10:21:04
13.05420	-59.50278	0	62	2021-10-03T10:31:04
13.05421	-59.50275	0	62	2021-10-03T10:36:07
13.05424	-59.50275	0	62	2021-10-03T10:41:05
13.05420	-59.50275	0	62	2021-10-03T10:46:06
13.05419	-59.50278	0	62	2021-10-03T10:51:05
13.05421	-59.50275	0	62	2021-10-03T10:56:27
13.05418	-59.50275	0	62	2021-10-03T11:06:05
13.05418	-59.50278	0	62	2021-10-03T11:11:06
13.05419	-59.50275	0	62	2021-10-03T11:16:07
13.05418	-59.50275	0	62	2021-10-03T11:21:04
13.05418	-59.50278	0	62	2021-10-03T11:26:08
13.05418	-59.50272	0	62	2021-10-03T11:41:07
13.05418	-59.50275	0	62	2021-10-03T11:46:08
13.05418	-59.50272	0	62	2021-10-03T11:51:08
13.05419	-59.50278	0	62	2021-10-03T12:01:08
13.05420	-59.50278	0	62	2021-10-03T12:16:12
13.05418	-59.50278	0	62	2021-10-03T12:21:10
13.05419	-59.50278	0	62	2021-10-03T12:26:11
13.05420	-59.50278	0	62	2021-10-03T13:01:08
13.05419	-59.50278	0	62	2021-10-03T13:26:10
13.05420	-59.50278	0	62	2021-10-03T14:06:17
13.05418	-59.50278	0	62	2021-10-03T14:31:17
13.05426	-59.50278	0	62	2021-10-03T14:36:18
13.05420	-59.50278	0	62	2021-10-03T14:41:18
13.05421	-59.50278	0	62	2021-10-03T14:56:53
13.05423	-59.50278	0	62	2021-10-03T15:06:18
13.05421	-59.50278	0	62	2021-10-03T15:11:20
13.05423	-59.50278	0	62	2021-10-03T15:26:20
13.05425	-59.50281	0	62	2021-10-03T15:31:16
13.05424	-59.50281	0	62	2021-10-03T15:36:17
13.05423	-59.50281	0	62	2021-10-03T15:41:18
13.05424	-59.50281	0	62	2021-10-03T15:46:15
13.05425	-59.50284	0	62	2021-10-03T15:51:16
13.05420	-59.50281	0	62	2021-10-03T15:56:55
13.05420	-59.50284	0	62	2021-10-03T16:01:17
13.05418	-59.50284	0	62	2021-10-03T16:11:18
13.05421	-59.50281	0	62	2021-10-03T16:16:19
13.05419	-59.50281	0	62	2021-10-03T16:26:20
13.05420	-59.50284	0	62	2021-10-03T16:51:17
13.05419	-59.50284	0	62	2021-10-03T16:56:54
13.05421	-59.50284	0	62	2021-10-03T17:01:16
13.05421	-59.50287	0	62	2021-10-03T17:11:15
13.05423	-59.50287	0	62	2021-10-03T17:26:15
13.05421	-59.50287	0	62	2021-10-03T17:31:16
13.05423	-59.50287	0	62	2021-10-03T17:46:16
13.05421	-59.50284	0	62	2021-10-03T17:51:14
13.05421	-59.50287	0	62	2021-10-03T18:01:15
13.05423	-59.50287	0	62	2021-10-03T18:06:16
13.05421	-59.50287	0	62	2021-10-03T18:11:15
13.05421	-59.50284	0	62	2021-10-03T18:31:16
13.05420	-59.50287	0	62	2021-10-03T18:36:19
13.05421	-59.50284	0	62	2021-10-03T18:46:17
13.05423	-59.50284	0	62	2021-10-03T18:51:19
13.05420	-59.50284	0	62	2021-10-03T18:56:19
13.05421	-59.50284	0	62	2021-10-03T19:01:20
13.05420	-59.50284	0	62	2021-10-03T19:11:20
13.05419	-59.50287	0	62	2021-10-03T19:16:19
13.05421	-59.50284	0	62	2021-10-03T19:21:21
13.05420	-59.50287	0	62	2021-10-03T19:26:21
13.05420	-59.50284	0	62	2021-10-03T19:31:19
13.05419	-59.50284	0	62	2021-10-03T19:36:20
13.05420	-59.50284	0	62	2021-10-03T19:41:20
13.05418	-59.50284	0	62	2021-10-03T19:46:20
13.05418	-59.50287	0	62	2021-10-03T19:51:18
13.05419	-59.50284	0	62	2021-10-03T19:56:56
13.05418	-59.50284	0	62	2021-10-03T20:01:17
13.05419	-59.50287	0	62	2021-10-03T20:06:19
13.05418	-59.50284	0	62	2021-10-03T20:11:17
13.05423	-59.50278	0	62	2021-10-03T20:51:19
13.05425	-59.50287	0	62	2021-10-03T21:01:21
13.05426	-59.50284	0	62	2021-10-03T21:16:21
13.05430	-59.50284	0	62	2021-10-03T21:21:21
