/* DATA DESCRIPTION:
Citation:	Horstmann, Jochen; Carrasco, Ruben; Calil, Paulo H R; Iudicone, Daniele; Pesant, Stephane; Erta, J M (2022): Track of Lagrangian drifter 68 during the Mission Microbiomes with the RV Tara along the eastern coast of Brazil [dataset]. PANGAEA, https://doi.org/10.1594/PANGAEA.948247, 
	In: Horstmann, J et al. (2022): Drifter position data from the eastern coast of Brazil during the project Mission Microbiomes with the RV Tara [dataset publication series]. PANGAEA, https://doi.org/10.1594/PANGAEA.948261
Project(s):	Atlantic ECOsystems assessment, forecasting & sustainability (AtlantECO) (URI: https://doi.org/10.3030/862923)
	Fondation Tara Expeditions (FondTara) (URI: https://fondationtaraocean.org/en/home/)
	Mission Microbiomes (MM2020) (URI: https://fondationtaraocean.org/expedition/mission-microbiomes/)
Funding:	Horizon 2020 of the European Commission (H2020) (URI: https://research-and-innovation.ec.europa.eu/funding/funding-opportunities/funding-programmes-and-open-calls/horizon-2020_en), grant/award no. 862923: Atlantic ECOsystems assessment, forecasting & sustainability (URI: https://doi.org/10.3030/862923)
Coverage:	MEDIAN LATITUDE: 3.422399 * MEDIAN LONGITUDE: -49.744398 * SOUTH-BOUND LATITUDE: 0.860100 * WEST-BOUND LONGITUDE: -52.768890 * NORTH-BOUND LATITUDE: 6.456770 * EAST-BOUND LONGITUDE: -47.990420
	DATE/TIME START: 2021-09-15T20:04:43 * DATE/TIME END: 2021-10-02T17:28:40
	MINIMUM DEPTH, water: 0 m * MAXIMUM DEPTH, water: 0 m
Event(s):	TARA_Microbiomes_DRIFT-68 * LATITUDE START: 1.096360 * LONGITUDE START: -48.095060 * LATITUDE END: 6.456770 * LONGITUDE END: -52.768890 * DATE/TIME START: 2021-09-15T20:04:43 * DATE/TIME END: 2021-10-02T17:28:40 * LOCATION: Eastern Brazilian coast * CAMPAIGN: MM20210911_LEG-06_041-042_Macapa * BASIS: SV Tara (URI: https://en.wikipedia.org/wiki/Tara_expedition) * METHOD/DEVICE: Drifter (DRIFT)
Parameter(s):	LATITUDE (Latitude) * GEOCODE * PI: Horstmann, Jochen (https://orcid.org/0000-0002-7979-5736, jochen.horstmann@hereon.de, https://www.hzg.de/institutes_platforms/coastal_research/operational_systems/radar_hydrography/staff/046556/index.php.en) * METHOD/DEVICE: GPS receiver mounted on Lagrangian drifter
	LONGITUDE (Longitude) * GEOCODE * PI: Horstmann, Jochen (https://orcid.org/0000-0002-7979-5736, jochen.horstmann@hereon.de, https://www.hzg.de/institutes_platforms/coastal_research/operational_systems/radar_hydrography/staff/046556/index.php.en) * METHOD/DEVICE: GPS receiver mounted on Lagrangian drifter
	DEPTH, water [m] (Depth water) * GEOCODE * PI: Horstmann, Jochen (https://orcid.org/0000-0002-7979-5736, jochen.horstmann@hereon.de, https://www.hzg.de/institutes_platforms/coastal_research/operational_systems/radar_hydrography/staff/046556/index.php.en)
	Identification (ID) * PI: Horstmann, Jochen (https://orcid.org/0000-0002-7979-5736, jochen.horstmann@hereon.de, https://www.hzg.de/institutes_platforms/coastal_research/operational_systems/radar_hydrography/staff/046556/index.php.en) * COMMENT: DrifterID
	DATE/TIME (Date/Time) * GEOCODE * PI: Horstmann, Jochen (https://orcid.org/0000-0002-7979-5736, jochen.horstmann@hereon.de, https://www.hzg.de/institutes_platforms/coastal_research/operational_systems/radar_hydrography/staff/046556/index.php.en) * COMMENT: UTC
License:	Creative Commons Attribution 4.0 International (CC-BY-4.0) (URI: https://creativecommons.org/licenses/by/4.0/)
Status:	Curation Level: Enhanced curation (URI: https://wiki.pangaea.de/wiki/Curation_levels)
Size:	4837 data points
*/
Latitude	Longitude	Depth water [m]	ID	Date/Time
1.09636	-48.09506	0	68	2021-09-15T20:04:43
1.09556	-48.09634	0	68	2021-09-15T20:09:41
1.09443	-48.09784	0	68	2021-09-15T20:14:57
1.09333	-48.09933	0	68	2021-09-15T20:19:39
1.09245	-48.10068	0	68	2021-09-15T20:24:36
1.09274	-48.10233	0	68	2021-09-15T20:29:36
1.09580	-48.09677	0	68	2021-09-15T20:34:34
1.09755	-48.09396	0	68	2021-09-15T20:39:31
1.09911	-48.09141	0	68	2021-09-15T20:44:25
1.10031	-48.09012	0	68	2021-09-15T20:49:25
1.10064	-48.09067	0	68	2021-09-15T20:54:21
1.10096	-48.09125	0	68	2021-09-15T20:59:22
1.10126	-48.09177	0	68	2021-09-15T21:04:20
1.10157	-48.09232	0	68	2021-09-15T21:09:21
1.10193	-48.09286	0	68	2021-09-15T21:14:53
1.10216	-48.09323	0	68	2021-09-15T21:19:15
1.10240	-48.09356	0	68	2021-09-15T21:24:15
1.10257	-48.09390	0	68	2021-09-15T21:29:15
1.10273	-48.09418	0	68	2021-09-15T21:34:16
1.10284	-48.09436	0	68	2021-09-15T21:39:17
1.10279	-48.09464	0	68	2021-09-15T21:44:12
1.10275	-48.09473	0	68	2021-09-15T21:49:12
1.10273	-48.09479	0	68	2021-09-15T21:54:13
1.10273	-48.09482	0	68	2021-09-15T21:59:14
1.10261	-48.09476	0	68	2021-09-15T22:04:15
1.10248	-48.09467	0	68	2021-09-15T22:09:15
1.10237	-48.09445	0	68	2021-09-15T22:14:38
1.10229	-48.09421	0	68	2021-09-15T22:19:14
1.10228	-48.09387	0	68	2021-09-15T22:24:14
1.10226	-48.09354	0	68	2021-09-15T22:29:15
1.10230	-48.09317	0	68	2021-09-15T22:34:16
1.10236	-48.09277	0	68	2021-09-15T22:39:13
1.10241	-48.09219	0	68	2021-09-15T22:44:11
1.10236	-48.09091	0	68	2021-09-15T22:49:11
1.10228	-48.08951	0	68	2021-09-15T22:54:10
1.10219	-48.08813	0	68	2021-09-15T22:59:11
1.10229	-48.08658	0	68	2021-09-15T23:04:08
1.10254	-48.08517	0	68	2021-09-15T23:09:10
1.10280	-48.08360	0	68	2021-09-15T23:14:15
1.10297	-48.08240	0	68	2021-09-15T23:19:15
1.10305	-48.08090	0	68	2021-09-15T23:24:17
1.10313	-48.07922	0	68	2021-09-15T23:29:16
1.10321	-48.07760	0	68	2021-09-15T23:34:17
1.10334	-48.07623	0	68	2021-09-15T23:39:16
1.10344	-48.07486	0	68	2021-09-15T23:44:20
1.10354	-48.07330	0	68	2021-09-15T23:49:18
1.10369	-48.07166	0	68	2021-09-15T23:54:18
1.10394	-48.06876	0	68	2021-09-16T00:04:24
1.10404	-48.06726	0	68	2021-09-16T00:09:23
1.10415	-48.06562	0	68	2021-09-16T00:14:22
1.10424	-48.06442	0	68	2021-09-16T00:19:23
1.10433	-48.06305	0	68	2021-09-16T00:24:23
1.10442	-48.06165	0	68	2021-09-16T00:29:21
1.10442	-48.06022	0	68	2021-09-16T00:34:22
1.10442	-48.05893	0	68	2021-09-16T00:39:22
1.10436	-48.05777	0	68	2021-09-16T00:44:23
1.10429	-48.05655	0	68	2021-09-16T00:49:22
1.10420	-48.05539	0	68	2021-09-16T00:54:23
1.10406	-48.05426	0	68	2021-09-16T00:59:21
1.10388	-48.05307	0	68	2021-09-16T01:04:22
1.10365	-48.05191	0	68	2021-09-16T01:09:23
1.10339	-48.05075	0	68	2021-09-16T01:14:54
1.10313	-48.04980	0	68	2021-09-16T01:19:18
1.10278	-48.04871	0	68	2021-09-16T01:24:19
1.10243	-48.04767	0	68	2021-09-16T01:29:20
1.10201	-48.04657	0	68	2021-09-16T01:34:17
1.10155	-48.04556	0	68	2021-09-16T01:39:18
1.10106	-48.04465	0	68	2021-09-16T01:44:17
1.10055	-48.04376	0	68	2021-09-16T01:49:18
1.10005	-48.04288	0	68	2021-09-16T01:54:16
1.09952	-48.04202	0	68	2021-09-16T01:59:13
1.09894	-48.04114	0	68	2021-09-16T02:04:14
1.09832	-48.04028	0	68	2021-09-16T02:09:15
1.09766	-48.03952	0	68	2021-09-16T02:14:38
1.09708	-48.03888	0	68	2021-09-16T02:19:15
1.09648	-48.03816	0	68	2021-09-16T02:24:10
1.09597	-48.03747	0	68	2021-09-16T02:29:10
1.09541	-48.03687	0	68	2021-09-16T02:34:11
1.09486	-48.03616	0	68	2021-09-16T02:39:12
1.09431	-48.03546	0	68	2021-09-16T02:44:09
1.09376	-48.03482	0	68	2021-09-16T02:49:12
1.09319	-48.03415	0	68	2021-09-16T02:54:09
1.09258	-48.03351	0	68	2021-09-16T02:59:10
1.09194	-48.03292	0	68	2021-09-16T03:04:08
1.09125	-48.03241	0	68	2021-09-16T03:09:09
1.09051	-48.03186	0	68	2021-09-16T03:14:25
1.08980	-48.03143	0	68	2021-09-16T03:19:04
1.08899	-48.03092	0	68	2021-09-16T03:24:04
1.08825	-48.03061	0	68	2021-09-16T03:29:04
1.08745	-48.03024	0	68	2021-09-16T03:34:04
1.08665	-48.02991	0	68	2021-09-16T03:39:04
1.08585	-48.02960	0	68	2021-09-16T03:44:06
1.08505	-48.02933	0	68	2021-09-16T03:49:00
1.08420	-48.02908	0	68	2021-09-16T03:54:01
1.08331	-48.02887	0	68	2021-09-16T03:59:02
1.08240	-48.02878	0	68	2021-09-16T04:04:03
1.08149	-48.02872	0	68	2021-09-16T04:09:00
1.08047	-48.02866	0	68	2021-09-16T04:14:24
1.07962	-48.02863	0	68	2021-09-16T04:18:58
1.07868	-48.02866	0	68	2021-09-16T04:23:56
1.07770	-48.02875	0	68	2021-09-16T04:28:57
1.07668	-48.02890	0	68	2021-09-16T04:34:00
1.07561	-48.02902	0	68	2021-09-16T04:39:01
1.07455	-48.02914	0	68	2021-09-16T04:43:59
1.07348	-48.02921	0	68	2021-09-16T04:48:59
1.07251	-48.02936	0	68	2021-09-16T04:54:00
1.07154	-48.02957	0	68	2021-09-16T04:58:57
1.07058	-48.02975	0	68	2021-09-16T05:03:58
1.06956	-48.02994	0	68	2021-09-16T05:08:56
1.06848	-48.03015	0	68	2021-09-16T05:13:56
1.06749	-48.03024	0	68	2021-09-16T05:18:56
1.06647	-48.03052	0	68	2021-09-16T05:23:57
1.06551	-48.03076	0	68	2021-09-16T05:28:55
1.06454	-48.03098	0	68	2021-09-16T05:33:55
1.06364	-48.03125	0	68	2021-09-16T05:38:52
1.06276	-48.03156	0	68	2021-09-16T05:43:52
1.06198	-48.03189	0	68	2021-09-16T05:48:49
1.06119	-48.03229	0	68	2021-09-16T05:53:48
1.06038	-48.03262	0	68	2021-09-16T05:58:45
1.05960	-48.03299	0	68	2021-09-16T06:03:46
1.05891	-48.03339	0	68	2021-09-16T06:08:45
1.05817	-48.03380	0	68	2021-09-16T06:13:43
1.05761	-48.03406	0	68	2021-09-16T06:18:44
1.05698	-48.03442	0	68	2021-09-16T06:23:41
1.05638	-48.03473	0	68	2021-09-16T06:28:42
1.05585	-48.03506	0	68	2021-09-16T06:33:41
1.05529	-48.03540	0	68	2021-09-16T06:38:43
1.05475	-48.03574	0	68	2021-09-16T06:43:45
1.05426	-48.03601	0	68	2021-09-16T06:48:45
1.05379	-48.03632	0	68	2021-09-16T06:53:47
1.05334	-48.03665	0	68	2021-09-16T06:58:51
1.05292	-48.03696	0	68	2021-09-16T07:03:50
1.05253	-48.03726	0	68	2021-09-16T07:08:51
1.05212	-48.03764	0	68	2021-09-16T07:13:46
1.05186	-48.03790	0	68	2021-09-16T07:18:46
1.05154	-48.03827	0	68	2021-09-16T07:23:48
1.05121	-48.03860	0	68	2021-09-16T07:28:48
1.05093	-48.03891	0	68	2021-09-16T07:33:46
1.05064	-48.03928	0	68	2021-09-16T07:38:45
1.05035	-48.03964	0	68	2021-09-16T07:43:43
1.05018	-48.03998	0	68	2021-09-16T07:48:40
1.05002	-48.04034	0	68	2021-09-16T07:53:41
1.04985	-48.04071	0	68	2021-09-16T07:58:42
1.04969	-48.04108	0	68	2021-09-16T08:03:39
1.04957	-48.04144	0	68	2021-09-16T08:08:39
1.04948	-48.04184	0	68	2021-09-16T08:13:55
1.04936	-48.04221	0	68	2021-09-16T08:18:38
1.04924	-48.04260	0	68	2021-09-16T08:23:38
1.04916	-48.04297	0	68	2021-09-16T08:28:39
1.04913	-48.04340	0	68	2021-09-16T08:33:37
1.04916	-48.04376	0	68	2021-09-16T08:38:38
1.04913	-48.04422	0	68	2021-09-16T08:43:38
1.04917	-48.04456	0	68	2021-09-16T08:48:39
1.04924	-48.04489	0	68	2021-09-16T08:53:40
1.04926	-48.04526	0	68	2021-09-16T08:58:43
1.04934	-48.04562	0	68	2021-09-16T09:03:41
1.04942	-48.04605	0	68	2021-09-16T09:09:08
1.04946	-48.04639	0	68	2021-09-16T09:14:07
1.04953	-48.04666	0	68	2021-09-16T09:18:40
1.04970	-48.04697	0	68	2021-09-16T09:23:40
1.04988	-48.04721	0	68	2021-09-16T09:28:38
1.04999	-48.04749	0	68	2021-09-16T09:33:39
1.05012	-48.04773	0	68	2021-09-16T09:38:36
1.05028	-48.04794	0	68	2021-09-16T09:43:37
1.05050	-48.04810	0	68	2021-09-16T09:48:33
1.05063	-48.04819	0	68	2021-09-16T09:53:34
1.05079	-48.04825	0	68	2021-09-16T09:58:35
1.05092	-48.04825	0	68	2021-09-16T10:03:36
1.05103	-48.04825	0	68	2021-09-16T10:08:33
1.05118	-48.04816	0	68	2021-09-16T10:13:56
1.05127	-48.04810	0	68	2021-09-16T10:18:32
1.05139	-48.04794	0	68	2021-09-16T10:23:31
1.05151	-48.04779	0	68	2021-09-16T10:28:32
1.05166	-48.04756	0	68	2021-09-16T10:33:30
1.05175	-48.04730	0	68	2021-09-16T10:38:31
1.05181	-48.04700	0	68	2021-09-16T10:43:31
1.05189	-48.04663	0	68	2021-09-16T10:48:29
1.05196	-48.04626	0	68	2021-09-16T10:53:30
1.05207	-48.04584	0	68	2021-09-16T10:58:30
1.05219	-48.04541	0	68	2021-09-16T11:03:31
1.05234	-48.04498	0	68	2021-09-16T11:08:29
1.05253	-48.04446	0	68	2021-09-16T11:13:59
1.05278	-48.04398	0	68	2021-09-16T11:18:29
1.05299	-48.04355	0	68	2021-09-16T11:23:29
1.05328	-48.04303	0	68	2021-09-16T11:28:30
1.05353	-48.04257	0	68	2021-09-16T11:33:29
1.05379	-48.04214	0	68	2021-09-16T11:38:29
1.05407	-48.04169	0	68	2021-09-16T11:43:27
1.05434	-48.04123	0	68	2021-09-16T11:48:28
1.05464	-48.04080	0	68	2021-09-16T11:53:31
1.05494	-48.04038	0	68	2021-09-16T11:58:25
1.05520	-48.04004	0	68	2021-09-16T12:03:25
1.05548	-48.03964	0	68	2021-09-16T12:08:23
1.05584	-48.03922	0	68	2021-09-16T12:13:55
1.05610	-48.03888	0	68	2021-09-16T12:18:18
1.05640	-48.03854	0	68	2021-09-16T12:23:18
1.05670	-48.03821	0	68	2021-09-16T12:28:22
1.05703	-48.03796	0	68	2021-09-16T12:33:18
1.05728	-48.03769	0	68	2021-09-16T12:38:19
1.05757	-48.03745	0	68	2021-09-16T12:43:17
1.05785	-48.03723	0	68	2021-09-16T12:48:19
1.05810	-48.03705	0	68	2021-09-16T12:53:22
1.05831	-48.03693	0	68	2021-09-16T12:58:20
1.05853	-48.03683	0	68	2021-09-16T13:03:18
1.05872	-48.03674	0	68	2021-09-16T13:08:20
1.05891	-48.03680	0	68	2021-09-16T13:13:15
1.05900	-48.03680	0	68	2021-09-16T13:18:16
1.05910	-48.03687	0	68	2021-09-16T13:23:20
1.05917	-48.03693	0	68	2021-09-16T13:28:17
1.05920	-48.03705	0	68	2021-09-16T13:33:18
1.05924	-48.03717	0	68	2021-09-16T13:38:16
1.05925	-48.03726	0	68	2021-09-16T13:43:16
1.05923	-48.03738	0	68	2021-09-16T13:48:14
1.05912	-48.03760	0	68	2021-09-16T13:53:14
1.05901	-48.03784	0	68	2021-09-16T13:58:11
1.05886	-48.03812	0	68	2021-09-16T14:03:12
1.05871	-48.03842	0	68	2021-09-16T14:08:12
1.05843	-48.03896	0	68	2021-09-16T14:13:13
1.05826	-48.03922	0	68	2021-09-16T14:18:13
1.05799	-48.03961	0	68	2021-09-16T14:23:15
1.05766	-48.04013	0	68	2021-09-16T14:28:16
1.05736	-48.04056	0	68	2021-09-16T14:33:17
1.05700	-48.04105	0	68	2021-09-16T14:38:17
1.05662	-48.04160	0	68	2021-09-16T14:43:18
1.05621	-48.04218	0	68	2021-09-16T14:48:18
1.05578	-48.04269	0	68	2021-09-16T14:53:17
1.05531	-48.04330	0	68	2021-09-16T14:58:16
1.05479	-48.04398	0	68	2021-09-16T15:03:17
1.05434	-48.04464	0	68	2021-09-16T15:08:38
1.05383	-48.04541	0	68	2021-09-16T15:13:38
1.05338	-48.04614	0	68	2021-09-16T15:18:14
1.05287	-48.04688	0	68	2021-09-16T15:23:13
1.05235	-48.04775	0	68	2021-09-16T15:28:12
1.05179	-48.04861	0	68	2021-09-16T15:33:12
1.05119	-48.04947	0	68	2021-09-16T15:38:12
1.05059	-48.05042	0	68	2021-09-16T15:43:13
1.04997	-48.05142	0	68	2021-09-16T15:48:11
1.04934	-48.05246	0	68	2021-09-16T15:53:12
1.04874	-48.05353	0	68	2021-09-16T15:58:11
1.04809	-48.05476	0	68	2021-09-16T16:03:09
1.04753	-48.05588	0	68	2021-09-16T16:08:10
1.04687	-48.05698	0	68	2021-09-16T16:13:38
1.04631	-48.05759	0	68	2021-09-16T16:18:11
1.04570	-48.05829	0	68	2021-09-16T16:23:09
1.04505	-48.05896	0	68	2021-09-16T16:28:12
1.04441	-48.05972	0	68	2021-09-16T16:33:10
1.04374	-48.06054	0	68	2021-09-16T16:38:15
1.04305	-48.06131	0	68	2021-09-16T16:43:15
1.04232	-48.06213	0	68	2021-09-16T16:48:13
1.04162	-48.06305	0	68	2021-09-16T16:53:14
1.04088	-48.06390	0	68	2021-09-16T16:58:18
1.04006	-48.06485	0	68	2021-09-16T17:03:16
1.03904	-48.06564	0	68	2021-09-16T17:08:15
1.03774	-48.06647	0	68	2021-09-16T17:13:56
1.03671	-48.06718	0	68	2021-09-16T17:18:18
1.03555	-48.06778	0	68	2021-09-16T17:23:18
1.03445	-48.06845	0	68	2021-09-16T17:28:16
1.03318	-48.06906	0	68	2021-09-16T17:33:18
1.03194	-48.06966	0	68	2021-09-16T17:38:21
1.03070	-48.07026	0	68	2021-09-16T17:43:21
1.02967	-48.07095	0	68	2021-09-16T17:48:20
1.02857	-48.07147	0	68	2021-09-16T17:53:16
1.02755	-48.07215	0	68	2021-09-16T17:58:18
1.02648	-48.07275	0	68	2021-09-16T18:03:18
1.02551	-48.07346	0	68	2021-09-16T18:08:20
1.02444	-48.07419	0	68	2021-09-16T18:13:55
1.02357	-48.07472	0	68	2021-09-16T18:18:21
1.02263	-48.07523	0	68	2021-09-16T18:23:22
1.02175	-48.07593	0	68	2021-09-16T18:28:19
1.02088	-48.07657	0	68	2021-09-16T18:33:18
1.01993	-48.07721	0	68	2021-09-16T18:38:19
1.01914	-48.07782	0	68	2021-09-16T18:43:21
1.01842	-48.07858	0	68	2021-09-16T18:48:22
1.01760	-48.07928	0	68	2021-09-16T18:53:19
1.01684	-48.08002	0	68	2021-09-16T18:58:20
1.01610	-48.08073	0	68	2021-09-16T19:03:21
1.01537	-48.08133	0	68	2021-09-16T19:08:21
1.01455	-48.08200	0	68	2021-09-16T19:13:54
1.01392	-48.08255	0	68	2021-09-16T19:18:16
1.01330	-48.08322	0	68	2021-09-16T19:23:17
1.01275	-48.08386	0	68	2021-09-16T19:28:16
1.01220	-48.08457	0	68	2021-09-16T19:33:15
1.01164	-48.08517	0	68	2021-09-16T19:38:15
1.01113	-48.08578	0	68	2021-09-16T19:43:17
1.01065	-48.08636	0	68	2021-09-16T19:48:20
1.01023	-48.08698	0	68	2021-09-16T19:53:18
1.00981	-48.08755	0	68	2021-09-16T19:58:17
1.00936	-48.08820	0	68	2021-09-16T20:03:18
1.00899	-48.08891	0	68	2021-09-16T20:08:16
1.00856	-48.08948	0	68	2021-09-16T20:13:55
1.00830	-48.08994	0	68	2021-09-16T20:18:17
1.00803	-48.09042	0	68	2021-09-16T20:23:15
1.00780	-48.09095	0	68	2021-09-16T20:28:20
1.00759	-48.09146	0	68	2021-09-16T20:33:20
1.00736	-48.09189	0	68	2021-09-16T20:38:18
1.00726	-48.09241	0	68	2021-09-16T20:43:19
1.00721	-48.09286	0	68	2021-09-16T20:48:19
1.00721	-48.09320	0	68	2021-09-16T20:53:20
1.00717	-48.09354	0	68	2021-09-16T20:58:17
1.00722	-48.09387	0	68	2021-09-16T21:03:19
1.00735	-48.09424	0	68	2021-09-16T21:08:57
1.00748	-48.09467	0	68	2021-09-16T21:13:57
1.00761	-48.09500	0	68	2021-09-16T21:18:20
1.00772	-48.09537	0	68	2021-09-16T21:23:18
1.00787	-48.09569	0	68	2021-09-16T21:28:23
1.00800	-48.09595	0	68	2021-09-16T21:33:23
1.00821	-48.09619	0	68	2021-09-16T21:38:21
1.00849	-48.09644	0	68	2021-09-16T21:43:24
1.00877	-48.09662	0	68	2021-09-16T21:48:23
1.00909	-48.09677	0	68	2021-09-16T21:53:23
1.00947	-48.09695	0	68	2021-09-16T21:58:26
1.00982	-48.09702	0	68	2021-09-16T22:03:29
1.01022	-48.09714	0	68	2021-09-16T22:08:56
1.01065	-48.09723	0	68	2021-09-16T22:13:57
1.01105	-48.09732	0	68	2021-09-16T22:18:28
1.01146	-48.09732	0	68	2021-09-16T22:23:28
1.01191	-48.09732	0	68	2021-09-16T22:28:29
1.01238	-48.09723	0	68	2021-09-16T22:33:28
1.01288	-48.09712	0	68	2021-09-16T22:38:30
1.01331	-48.09703	0	68	2021-09-16T22:43:30
1.01374	-48.09686	0	68	2021-09-16T22:48:29
1.01418	-48.09662	0	68	2021-09-16T22:53:29
1.01466	-48.09627	0	68	2021-09-16T22:58:31
1.01513	-48.09604	0	68	2021-09-16T23:03:30
1.01560	-48.09567	0	68	2021-09-16T23:08:32
1.01613	-48.09515	0	68	2021-09-16T23:14:07
1.01657	-48.09475	0	68	2021-09-16T23:18:30
1.01696	-48.09424	0	68	2021-09-16T23:23:31
1.01736	-48.09369	0	68	2021-09-16T23:28:27
1.01774	-48.09305	0	68	2021-09-16T23:33:27
1.01805	-48.09225	0	68	2021-09-16T23:38:24
1.01831	-48.09088	0	68	2021-09-16T23:43:23
1.01862	-48.08951	0	68	2021-09-16T23:48:23
1.01887	-48.08820	0	68	2021-09-16T23:53:20
1.01912	-48.08691	0	68	2021-09-16T23:58:18
1.01935	-48.08536	0	68	2021-09-17T00:03:19
1.01951	-48.08392	0	68	2021-09-17T00:08:18
1.01963	-48.08240	0	68	2021-09-17T00:13:55
1.01962	-48.08089	0	68	2021-09-17T00:18:17
1.01966	-48.07917	0	68	2021-09-17T00:23:18
1.01966	-48.07745	0	68	2021-09-17T00:28:18
1.01966	-48.07590	0	68	2021-09-17T00:33:16
1.01965	-48.07423	0	68	2021-09-17T00:38:19
1.01956	-48.07269	0	68	2021-09-17T00:43:18
1.01946	-48.07108	0	68	2021-09-17T00:48:17
1.01936	-48.06943	0	68	2021-09-17T00:53:19
1.01934	-48.06779	0	68	2021-09-17T00:58:16
1.01930	-48.06616	0	68	2021-09-17T01:03:17
1.01927	-48.06448	0	68	2021-09-17T01:08:18
1.01928	-48.06253	0	68	2021-09-17T01:13:57
1.01929	-48.06116	0	68	2021-09-17T01:18:19
1.01926	-48.05955	0	68	2021-09-17T01:23:20
1.01922	-48.05801	0	68	2021-09-17T01:28:20
1.01892	-48.05634	0	68	2021-09-17T01:33:21
1.01871	-48.05469	0	68	2021-09-17T01:38:19
1.01854	-48.05307	0	68	2021-09-17T01:43:20
1.01811	-48.05142	0	68	2021-09-17T01:48:17
1.01778	-48.04984	0	68	2021-09-17T01:53:18
1.01752	-48.04819	0	68	2021-09-17T01:58:21
1.01732	-48.04669	0	68	2021-09-17T02:03:18
1.01713	-48.04529	0	68	2021-09-17T02:08:20
1.01690	-48.04379	0	68	2021-09-17T02:13:56
1.01670	-48.04266	0	68	2021-09-17T02:18:14
1.01637	-48.04138	0	68	2021-09-17T02:23:15
1.01589	-48.04005	0	68	2021-09-17T02:28:16
1.01542	-48.03885	0	68	2021-09-17T02:33:16
1.01483	-48.03766	0	68	2021-09-17T02:38:13
1.01414	-48.03647	0	68	2021-09-17T02:43:14
1.01348	-48.03531	0	68	2021-09-17T02:48:15
1.01276	-48.03411	0	68	2021-09-17T02:53:09
1.01199	-48.03317	0	68	2021-09-17T02:58:10
1.01115	-48.03217	0	68	2021-09-17T03:03:10
1.01029	-48.03122	0	68	2021-09-17T03:08:12
1.00936	-48.03024	0	68	2021-09-17T03:13:26
1.00842	-48.02936	0	68	2021-09-17T03:18:09
1.00738	-48.02841	0	68	2021-09-17T03:23:11
1.00622	-48.02740	0	68	2021-09-17T03:28:14
1.00498	-48.02646	0	68	2021-09-17T03:33:14
1.00369	-48.02560	0	68	2021-09-17T03:38:13
1.00237	-48.02481	0	68	2021-09-17T03:43:09
1.00099	-48.02394	0	68	2021-09-17T03:48:11
0.99962	-48.02325	0	68	2021-09-17T03:53:11
0.99813	-48.02243	0	68	2021-09-17T03:58:11
0.99646	-48.02145	0	68	2021-09-17T04:03:16
0.99496	-48.02066	0	68	2021-09-17T04:08:10
0.99332	-48.01984	0	68	2021-09-17T04:13:27
0.99189	-48.01917	0	68	2021-09-17T04:18:07
0.99034	-48.01846	0	68	2021-09-17T04:23:07
0.98868	-48.01766	0	68	2021-09-17T04:28:03
0.98709	-48.01697	0	68	2021-09-17T04:33:03
0.98534	-48.01620	0	68	2021-09-17T04:38:04
0.98372	-48.01556	0	68	2021-09-17T04:43:03
0.98216	-48.01498	0	68	2021-09-17T04:48:05
0.98058	-48.01447	0	68	2021-09-17T04:53:02
0.97894	-48.01401	0	68	2021-09-17T04:58:04
0.97732	-48.01352	0	68	2021-09-17T05:03:04
0.97573	-48.01318	0	68	2021-09-17T05:08:05
0.97392	-48.01282	0	68	2021-09-17T05:13:25
0.97224	-48.01239	0	68	2021-09-17T05:18:06
0.97041	-48.01201	0	68	2021-09-17T05:23:06
0.96875	-48.01175	0	68	2021-09-17T05:28:05
0.96699	-48.01151	0	68	2021-09-17T05:33:04
0.96527	-48.01129	0	68	2021-09-17T05:38:06
0.96352	-48.01110	0	68	2021-09-17T05:43:06
0.96180	-48.01093	0	68	2021-09-17T05:48:05
0.96009	-48.01083	0	68	2021-09-17T05:53:02
0.95838	-48.01068	0	68	2021-09-17T05:58:05
0.95666	-48.01059	0	68	2021-09-17T06:03:05
0.95492	-48.01044	0	68	2021-09-17T06:08:02
0.95315	-48.01044	0	68	2021-09-17T06:13:27
0.95163	-48.01044	0	68	2021-09-17T06:17:58
0.95009	-48.01044	0	68	2021-09-17T06:22:58
0.94855	-48.01053	0	68	2021-09-17T06:27:59
0.94701	-48.01062	0	68	2021-09-17T06:33:00
0.94545	-48.01071	0	68	2021-09-17T06:38:01
0.94398	-48.01086	0	68	2021-09-17T06:42:57
0.94252	-48.01105	0	68	2021-09-17T06:47:58
0.94108	-48.01130	0	68	2021-09-17T06:52:56
0.93971	-48.01147	0	68	2021-09-17T06:57:56
0.93833	-48.01175	0	68	2021-09-17T07:02:57
0.93700	-48.01199	0	68	2021-09-17T07:07:55
0.93558	-48.01233	0	68	2021-09-17T07:13:25
0.93446	-48.01257	0	68	2021-09-17T07:17:52
0.93319	-48.01288	0	68	2021-09-17T07:22:54
0.93194	-48.01321	0	68	2021-09-17T07:27:54
0.93074	-48.01355	0	68	2021-09-17T07:32:55
0.92955	-48.01388	0	68	2021-09-17T07:37:56
0.92848	-48.01422	0	68	2021-09-17T07:42:57
0.92743	-48.01459	0	68	2021-09-17T07:47:58
0.92643	-48.01492	0	68	2021-09-17T07:52:54
0.92549	-48.01526	0	68	2021-09-17T07:57:54
0.92458	-48.01563	0	68	2021-09-17T08:02:55
0.92372	-48.01599	0	68	2021-09-17T08:07:52
0.92279	-48.01630	0	68	2021-09-17T08:13:25
0.92209	-48.01666	0	68	2021-09-17T08:17:51
0.92134	-48.01700	0	68	2021-09-17T08:22:48
0.92062	-48.01736	0	68	2021-09-17T08:27:49
0.91992	-48.01773	0	68	2021-09-17T08:32:47
0.91932	-48.01807	0	68	2021-09-17T08:37:47
0.91870	-48.01846	0	68	2021-09-17T08:42:48
0.91812	-48.01883	0	68	2021-09-17T08:47:45
0.91762	-48.01920	0	68	2021-09-17T08:52:46
0.91714	-48.01959	0	68	2021-09-17T08:57:47
0.91670	-48.01999	0	68	2021-09-17T09:02:47
0.91633	-48.02039	0	68	2021-09-17T09:07:47
0.91599	-48.02087	0	68	2021-09-17T09:12:50
0.91573	-48.02121	0	68	2021-09-17T09:17:50
0.91546	-48.02161	0	68	2021-09-17T09:22:49
0.91531	-48.02200	0	68	2021-09-17T09:27:48
0.91515	-48.02245	0	68	2021-09-17T09:32:47
0.91515	-48.02271	0	68	2021-09-17T09:37:46
0.91512	-48.02307	0	68	2021-09-17T09:42:47
0.91515	-48.02338	0	68	2021-09-17T09:47:46
0.91531	-48.02374	0	68	2021-09-17T09:52:47
0.91551	-48.02402	0	68	2021-09-17T09:57:48
0.91572	-48.02429	0	68	2021-09-17T10:02:46
0.91603	-48.02460	0	68	2021-09-17T10:07:49
0.91635	-48.02493	0	68	2021-09-17T10:13:26
0.91668	-48.02521	0	68	2021-09-17T10:17:45
0.91707	-48.02550	0	68	2021-09-17T10:22:46
0.91740	-48.02576	0	68	2021-09-17T10:27:46
0.91781	-48.02597	0	68	2021-09-17T10:32:43
0.91823	-48.02618	0	68	2021-09-17T10:37:45
0.91867	-48.02631	0	68	2021-09-17T10:42:44
0.91908	-48.02646	0	68	2021-09-17T10:47:45
0.91950	-48.02655	0	68	2021-09-17T10:52:43
0.91995	-48.02664	0	68	2021-09-17T10:57:44
0.92044	-48.02673	0	68	2021-09-17T11:02:42
0.92087	-48.02673	0	68	2021-09-17T11:07:42
0.92140	-48.02670	0	68	2021-09-17T11:13:05
0.92184	-48.02658	0	68	2021-09-17T11:17:42
0.92241	-48.02635	0	68	2021-09-17T11:22:44
0.92288	-48.02618	0	68	2021-09-17T11:27:44
0.92335	-48.02591	0	68	2021-09-17T11:32:42
0.92375	-48.02554	0	68	2021-09-17T11:37:43
0.92419	-48.02509	0	68	2021-09-17T11:42:41
0.92462	-48.02466	0	68	2021-09-17T11:47:41
0.92509	-48.02414	0	68	2021-09-17T11:52:42
0.92554	-48.02359	0	68	2021-09-17T11:57:41
0.92595	-48.02294	0	68	2021-09-17T12:02:40
0.92634	-48.02234	0	68	2021-09-17T12:07:41
0.92678	-48.02164	0	68	2021-09-17T12:12:57
0.92714	-48.02100	0	68	2021-09-17T12:17:38
0.92750	-48.02017	0	68	2021-09-17T12:22:40
0.92796	-48.01923	0	68	2021-09-17T12:27:43
0.92845	-48.01831	0	68	2021-09-17T12:32:41
0.92898	-48.01736	0	68	2021-09-17T12:37:38
0.92950	-48.01644	0	68	2021-09-17T12:42:39
0.93002	-48.01550	0	68	2021-09-17T12:47:39
0.93060	-48.01450	0	68	2021-09-17T12:52:36
0.93118	-48.01346	0	68	2021-09-17T12:57:33
0.93180	-48.01241	0	68	2021-09-17T13:02:33
0.93240	-48.01138	0	68	2021-09-17T13:07:32
0.93308	-48.01028	0	68	2021-09-17T13:12:55
0.93361	-48.00937	0	68	2021-09-17T13:17:32
0.93423	-48.00842	0	68	2021-09-17T13:22:30
0.93485	-48.00748	0	68	2021-09-17T13:27:31
0.93549	-48.00653	0	68	2021-09-17T13:32:28
0.93613	-48.00568	0	68	2021-09-17T13:37:26
0.93680	-48.00476	0	68	2021-09-17T13:42:26
0.93747	-48.00385	0	68	2021-09-17T13:47:29
0.93816	-48.00303	0	68	2021-09-17T13:52:24
0.93877	-48.00217	0	68	2021-09-17T13:57:24
0.93941	-48.00134	0	68	2021-09-17T14:02:25
0.94006	-48.00052	0	68	2021-09-17T14:07:26
0.94074	-47.99964	0	68	2021-09-17T14:12:23
0.94117	-47.99904	0	68	2021-09-17T14:17:23
0.94164	-47.99835	0	68	2021-09-17T14:22:22
0.94209	-47.99765	0	68	2021-09-17T14:27:22
0.94250	-47.99700	0	68	2021-09-17T14:32:22
0.94289	-47.99640	0	68	2021-09-17T14:37:21
0.94320	-47.99582	0	68	2021-09-17T14:42:20
0.94348	-47.99527	0	68	2021-09-17T14:47:22
0.94374	-47.99460	0	68	2021-09-17T14:52:18
0.94390	-47.99423	0	68	2021-09-17T14:57:22
0.94404	-47.99374	0	68	2021-09-17T15:02:19
0.94409	-47.99332	0	68	2021-09-17T15:07:20
0.94413	-47.99286	0	68	2021-09-17T15:12:55
0.94411	-47.99252	0	68	2021-09-17T15:17:19
0.94403	-47.99216	0	68	2021-09-17T15:22:17
0.94394	-47.99179	0	68	2021-09-17T15:27:19
0.94377	-47.99149	0	68	2021-09-17T15:32:21
0.94352	-47.99123	0	68	2021-09-17T15:37:19
0.94326	-47.99097	0	68	2021-09-17T15:42:19
0.94297	-47.99078	0	68	2021-09-17T15:47:16
0.94260	-47.99063	0	68	2021-09-17T15:52:17
0.94221	-47.99054	0	68	2021-09-17T15:57:21
0.94177	-47.99045	0	68	2021-09-17T16:02:19
0.94123	-47.99042	0	68	2021-09-17T16:07:21
0.94060	-47.99048	0	68	2021-09-17T16:12:54
0.94005	-47.99057	0	68	2021-09-17T16:17:22
0.93942	-47.99066	0	68	2021-09-17T16:22:22
0.93872	-47.99081	0	68	2021-09-17T16:27:23
0.93799	-47.99100	0	68	2021-09-17T16:32:20
0.93723	-47.99121	0	68	2021-09-17T16:37:22
0.93638	-47.99156	0	68	2021-09-17T16:42:23
0.93561	-47.99182	0	68	2021-09-17T16:47:23
0.93475	-47.99216	0	68	2021-09-17T16:52:24
0.93390	-47.99252	0	68	2021-09-17T16:57:21
0.93303	-47.99292	0	68	2021-09-17T17:02:21
0.93213	-47.99332	0	68	2021-09-17T17:07:22
0.93111	-47.99384	0	68	2021-09-17T17:12:55
0.93029	-47.99435	0	68	2021-09-17T17:17:20
0.92930	-47.99491	0	68	2021-09-17T17:22:21
0.92836	-47.99551	0	68	2021-09-17T17:27:21
0.92738	-47.99619	0	68	2021-09-17T17:32:22
0.92639	-47.99692	0	68	2021-09-17T17:37:20
0.92543	-47.99771	0	68	2021-09-17T17:42:21
0.92444	-47.99853	0	68	2021-09-17T17:47:18
0.92345	-47.99930	0	68	2021-09-17T17:52:18
0.92245	-48.00018	0	68	2021-09-17T17:57:19
0.92142	-48.00107	0	68	2021-09-17T18:02:19
0.92043	-48.00201	0	68	2021-09-17T18:07:18
0.91927	-48.00308	0	68	2021-09-17T18:12:55
0.91839	-48.00394	0	68	2021-09-17T18:17:20
0.91729	-48.00481	0	68	2021-09-17T18:22:12
0.91626	-48.00541	0	68	2021-09-17T18:27:13
0.91518	-48.00610	0	68	2021-09-17T18:32:13
0.91414	-48.00684	0	68	2021-09-17T18:37:13
0.91313	-48.00755	0	68	2021-09-17T18:42:09
0.91214	-48.00824	0	68	2021-09-17T18:47:09
0.91116	-48.00900	0	68	2021-09-17T18:52:10
0.91016	-48.00970	0	68	2021-09-17T18:57:07
0.90917	-48.01041	0	68	2021-09-17T19:02:08
0.90820	-48.01114	0	68	2021-09-17T19:07:08
0.90719	-48.01187	0	68	2021-09-17T19:12:24
0.90627	-48.01258	0	68	2021-09-17T19:17:02
0.90533	-48.01318	0	68	2021-09-17T19:22:03
0.90439	-48.01382	0	68	2021-09-17T19:27:07
0.90349	-48.01454	0	68	2021-09-17T19:32:05
0.90263	-48.01523	0	68	2021-09-17T19:37:05
0.90183	-48.01593	0	68	2021-09-17T19:42:06
0.90107	-48.01666	0	68	2021-09-17T19:47:04
0.90030	-48.01743	0	68	2021-09-17T19:52:07
0.89954	-48.01820	0	68	2021-09-17T19:57:06
0.89890	-48.01889	0	68	2021-09-17T20:02:06
0.89824	-48.01968	0	68	2021-09-17T20:07:04
0.89752	-48.02048	0	68	2021-09-17T20:12:27
0.89699	-48.02110	0	68	2021-09-17T20:17:02
0.89648	-48.02170	0	68	2021-09-17T20:22:02
0.89600	-48.02237	0	68	2021-09-17T20:27:03
0.89550	-48.02309	0	68	2021-09-17T20:32:02
0.89511	-48.02369	0	68	2021-09-17T20:37:01
0.89481	-48.02420	0	68	2021-09-17T20:42:01
0.89447	-48.02475	0	68	2021-09-17T20:46:58
0.89414	-48.02535	0	68	2021-09-17T20:51:54
0.89388	-48.02586	0	68	2021-09-17T20:56:53
0.89367	-48.02637	0	68	2021-09-17T21:01:53
0.89352	-48.02689	0	68	2021-09-17T21:06:54
0.89334	-48.02743	0	68	2021-09-17T21:11:54
0.89330	-48.02786	0	68	2021-09-17T21:16:53
0.89330	-48.02829	0	68	2021-09-17T21:21:53
0.89334	-48.02875	0	68	2021-09-17T21:26:54
0.89351	-48.02908	0	68	2021-09-17T21:31:57
0.89372	-48.02946	0	68	2021-09-17T21:36:58
0.89398	-48.02972	0	68	2021-09-17T21:41:57
0.89424	-48.03003	0	68	2021-09-17T21:46:57
0.89454	-48.03030	0	68	2021-09-17T21:51:55
0.89491	-48.03061	0	68	2021-09-17T21:56:58
0.89530	-48.03098	0	68	2021-09-17T22:01:56
0.89578	-48.03122	0	68	2021-09-17T22:06:57
0.89646	-48.03163	0	68	2021-09-17T22:12:04
0.89693	-48.03189	0	68	2021-09-17T22:17:03
0.89762	-48.03214	0	68	2021-09-17T22:21:59
0.89836	-48.03241	0	68	2021-09-17T22:27:03
0.89917	-48.03271	0	68	2021-09-17T22:32:01
0.89999	-48.03302	0	68	2021-09-17T22:37:08
0.90084	-48.03341	0	68	2021-09-17T22:42:03
0.90166	-48.03367	0	68	2021-09-17T22:47:03
0.90252	-48.03384	0	68	2021-09-17T22:52:03
0.90345	-48.03409	0	68	2021-09-17T22:57:01
0.90442	-48.03436	0	68	2021-09-17T23:02:02
0.90539	-48.03464	0	68	2021-09-17T23:06:56
0.90645	-48.03479	0	68	2021-09-17T23:12:27
0.90733	-48.03500	0	68	2021-09-17T23:16:54
0.90831	-48.03519	0	68	2021-09-17T23:21:55
0.90929	-48.03543	0	68	2021-09-17T23:26:54
0.91032	-48.03543	0	68	2021-09-17T23:31:53
0.91135	-48.03543	0	68	2021-09-17T23:36:54
0.91237	-48.03543	0	68	2021-09-17T23:41:57
0.91340	-48.03543	0	68	2021-09-17T23:46:57
0.91443	-48.03543	0	68	2021-09-17T23:51:56
0.91544	-48.03540	0	68	2021-09-17T23:56:59
0.91647	-48.03531	0	68	2021-09-18T00:01:58
0.91747	-48.03513	0	68	2021-09-18T00:07:28
0.91854	-48.03479	0	68	2021-09-18T00:12:28
0.91942	-48.03461	0	68	2021-09-18T00:17:02
0.92036	-48.03426	0	68	2021-09-18T00:22:01
0.92126	-48.03400	0	68	2021-09-18T00:27:01
0.92218	-48.03360	0	68	2021-09-18T00:32:02
0.92306	-48.03320	0	68	2021-09-18T00:36:59
0.92392	-48.03270	0	68	2021-09-18T00:41:59
0.92474	-48.03210	0	68	2021-09-18T00:46:58
0.92557	-48.03162	0	68	2021-09-18T00:52:02
0.92631	-48.03094	0	68	2021-09-18T00:57:01
0.92696	-48.03024	0	68	2021-09-18T01:02:03
0.92750	-48.02948	0	68	2021-09-18T01:07:01
0.92806	-48.02863	0	68	2021-09-18T01:12:05
0.92853	-48.02786	0	68	2021-09-18T01:17:06
0.92910	-48.02701	0	68	2021-09-18T01:22:03
0.92960	-48.02612	0	68	2021-09-18T01:27:01
0.93009	-48.02527	0	68	2021-09-18T01:32:02
0.93066	-48.02438	0	68	2021-09-18T01:37:01
0.93119	-48.02353	0	68	2021-09-18T01:41:59
0.93172	-48.02261	0	68	2021-09-18T01:47:00
0.93228	-48.02170	0	68	2021-09-18T01:52:04
0.93291	-48.02076	0	68	2021-09-18T01:57:01
0.93342	-48.01990	0	68	2021-09-18T02:02:02
0.93400	-48.01904	0	68	2021-09-18T02:07:00
0.93457	-48.01825	0	68	2021-09-18T02:12:27
0.93504	-48.01763	0	68	2021-09-18T02:17:02
0.93560	-48.01694	0	68	2021-09-18T02:22:02
0.93609	-48.01624	0	68	2021-09-18T02:26:59
0.93658	-48.01566	0	68	2021-09-18T02:31:57
0.93705	-48.01507	0	68	2021-09-18T02:36:59
0.93744	-48.01456	0	68	2021-09-18T02:41:58
0.93783	-48.01404	0	68	2021-09-18T02:46:57
0.93818	-48.01355	0	68	2021-09-18T02:51:58
0.93851	-48.01307	0	68	2021-09-18T02:56:53
0.93872	-48.01273	0	68	2021-09-18T03:01:53
0.93891	-48.01239	0	68	2021-09-18T03:06:54
0.93911	-48.01202	0	68	2021-09-18T03:12:28
0.93919	-48.01175	0	68	2021-09-18T03:16:53
0.93928	-48.01151	0	68	2021-09-18T03:21:54
0.93934	-48.01129	0	68	2021-09-18T03:26:53
0.93938	-48.01111	0	68	2021-09-18T03:31:53
0.93937	-48.01096	0	68	2021-09-18T03:36:50
0.93935	-48.01080	0	68	2021-09-18T03:41:49
0.93929	-48.01068	0	68	2021-09-18T03:46:46
0.93919	-48.01065	0	68	2021-09-18T03:51:43
0.93906	-48.01062	0	68	2021-09-18T03:56:43
0.93890	-48.01068	0	68	2021-09-18T04:01:40
0.93866	-48.01080	0	68	2021-09-18T04:06:41
0.93829	-48.01096	0	68	2021-09-18T04:12:06
0.93799	-48.01114	0	68	2021-09-18T04:16:40
0.93757	-48.01135	0	68	2021-09-18T04:21:41
0.93712	-48.01157	0	68	2021-09-18T04:26:44
0.93653	-48.01181	0	68	2021-09-18T04:31:40
0.93590	-48.01205	0	68	2021-09-18T04:36:35
0.93521	-48.01236	0	68	2021-09-18T04:41:35
0.93447	-48.01278	0	68	2021-09-18T04:46:29
0.93374	-48.01312	0	68	2021-09-18T04:51:30
0.93288	-48.01355	0	68	2021-09-18T04:56:29
0.93200	-48.01404	0	68	2021-09-18T05:01:24
0.93107	-48.01453	0	68	2021-09-18T05:06:24
0.93000	-48.01495	0	68	2021-09-18T05:11:56
0.92910	-48.01529	0	68	2021-09-18T05:16:22
0.92803	-48.01581	0	68	2021-09-18T05:21:23
0.92695	-48.01627	0	68	2021-09-18T05:26:21
0.92579	-48.01672	0	68	2021-09-18T05:31:22
0.92462	-48.01724	0	68	2021-09-18T05:36:19
0.92341	-48.01782	0	68	2021-09-18T05:41:18
0.92215	-48.01847	0	68	2021-09-18T05:46:19
0.92091	-48.01907	0	68	2021-09-18T05:51:19
0.91969	-48.01974	0	68	2021-09-18T05:56:17
0.91842	-48.02042	0	68	2021-09-18T06:01:15
0.91712	-48.02112	0	68	2021-09-18T06:06:15
0.91570	-48.02185	0	68	2021-09-18T06:11:36
0.91443	-48.02249	0	68	2021-09-18T06:16:13
0.91305	-48.02325	0	68	2021-09-18T06:21:13
0.91167	-48.02416	0	68	2021-09-18T06:26:15
0.91034	-48.02493	0	68	2021-09-18T06:31:15
0.90901	-48.02582	0	68	2021-09-18T06:36:12
0.90769	-48.02676	0	68	2021-09-18T06:41:10
0.90633	-48.02774	0	68	2021-09-18T06:46:13
0.90499	-48.02878	0	68	2021-09-18T06:51:14
0.90366	-48.02985	0	68	2021-09-18T06:56:13
0.90232	-48.03098	0	68	2021-09-18T07:01:13
0.90101	-48.03210	0	68	2021-09-18T07:06:13
0.89959	-48.03339	0	68	2021-09-18T07:11:38
0.89834	-48.03459	0	68	2021-09-18T07:16:12
0.89710	-48.03588	0	68	2021-09-18T07:21:13
0.89586	-48.03717	0	68	2021-09-18T07:26:13
0.89457	-48.03851	0	68	2021-09-18T07:31:15
0.89330	-48.03986	0	68	2021-09-18T07:36:15
0.89206	-48.04123	0	68	2021-09-18T07:41:15
0.89087	-48.04263	0	68	2021-09-18T07:46:13
0.88968	-48.04407	0	68	2021-09-18T07:51:15
0.88853	-48.04550	0	68	2021-09-18T07:56:14
0.88739	-48.04700	0	68	2021-09-18T08:01:15
0.88632	-48.04837	0	68	2021-09-18T08:06:14
0.88514	-48.04996	0	68	2021-09-18T08:11:37
0.88417	-48.05130	0	68	2021-09-18T08:16:18
0.88318	-48.05276	0	68	2021-09-18T08:21:18
0.88218	-48.05423	0	68	2021-09-18T08:26:19
0.88119	-48.05573	0	68	2021-09-18T08:31:22
0.88025	-48.05723	0	68	2021-09-18T08:36:26
0.87935	-48.05869	0	68	2021-09-18T08:41:27
0.87842	-48.06009	0	68	2021-09-18T08:46:27
0.87757	-48.06158	0	68	2021-09-18T08:51:31
0.87682	-48.06299	0	68	2021-09-18T08:56:29
0.87616	-48.06442	0	68	2021-09-18T09:01:30
0.87554	-48.06580	0	68	2021-09-18T09:06:27
0.87494	-48.06732	0	68	2021-09-18T09:11:55
0.87435	-48.06869	0	68	2021-09-18T09:16:28
0.87384	-48.06998	0	68	2021-09-18T09:21:27
0.87338	-48.07129	0	68	2021-09-18T09:26:29
0.87293	-48.07263	0	68	2021-09-18T09:31:27
0.87259	-48.07391	0	68	2021-09-18T09:36:28
0.87228	-48.07523	0	68	2021-09-18T09:41:26
0.87202	-48.07654	0	68	2021-09-18T09:46:23
0.87183	-48.07779	0	68	2021-09-18T09:51:22
0.87166	-48.07909	0	68	2021-09-18T09:56:24
0.87157	-48.08029	0	68	2021-09-18T10:01:24
0.87155	-48.08151	0	68	2021-09-18T10:06:22
0.87155	-48.08286	0	68	2021-09-18T10:11:56
0.87158	-48.08386	0	68	2021-09-18T10:16:20
0.87170	-48.08505	0	68	2021-09-18T10:21:21
0.87187	-48.08612	0	68	2021-09-18T10:26:21
0.87207	-48.08722	0	68	2021-09-18T10:31:18
0.87235	-48.08829	0	68	2021-09-18T10:36:19
0.87269	-48.08932	0	68	2021-09-18T10:41:16
0.87310	-48.09024	0	68	2021-09-18T10:46:18
0.87360	-48.09116	0	68	2021-09-18T10:51:19
0.87413	-48.09198	0	68	2021-09-18T10:56:18
0.87471	-48.09280	0	68	2021-09-18T11:01:16
0.87537	-48.09356	0	68	2021-09-18T11:06:55
0.87614	-48.09442	0	68	2021-09-18T11:11:56
0.87677	-48.09500	0	68	2021-09-18T11:16:15
0.87758	-48.09564	0	68	2021-09-18T11:21:12
0.87844	-48.09627	0	68	2021-09-18T11:26:12
0.87930	-48.09678	0	68	2021-09-18T11:31:12
0.88024	-48.09729	0	68	2021-09-18T11:36:11
0.88118	-48.09775	0	68	2021-09-18T11:41:08
0.88217	-48.09814	0	68	2021-09-18T11:46:12
0.88323	-48.09848	0	68	2021-09-18T11:51:09
0.88434	-48.09875	0	68	2021-09-18T11:56:06
0.88570	-48.09891	0	68	2021-09-18T12:01:07
0.88715	-48.09900	0	68	2021-09-18T12:06:24
0.88866	-48.09891	0	68	2021-09-18T12:11:24
0.88998	-48.09882	0	68	2021-09-18T12:16:05
0.89138	-48.09869	0	68	2021-09-18T12:21:05
0.89284	-48.09844	0	68	2021-09-18T12:26:03
0.89420	-48.09818	0	68	2021-09-18T12:31:04
0.89555	-48.09787	0	68	2021-09-18T12:36:01
0.89681	-48.09747	0	68	2021-09-18T12:41:02
0.89800	-48.09701	0	68	2021-09-18T12:46:00
0.89916	-48.09650	0	68	2021-09-18T12:51:00
0.90029	-48.09589	0	68	2021-09-18T12:56:02
0.90145	-48.09528	0	68	2021-09-18T13:00:59
0.90256	-48.09457	0	68	2021-09-18T13:06:00
0.90378	-48.09372	0	68	2021-09-18T13:11:26
0.90479	-48.09296	0	68	2021-09-18T13:15:57
0.90581	-48.09207	0	68	2021-09-18T13:20:58
0.90673	-48.09109	0	68	2021-09-18T13:25:59
0.90751	-48.09003	0	68	2021-09-18T13:30:59
0.90828	-48.08896	0	68	2021-09-18T13:36:00
0.90909	-48.08785	0	68	2021-09-18T13:40:58
0.90982	-48.08682	0	68	2021-09-18T13:45:58
0.91061	-48.08572	0	68	2021-09-18T13:50:55
0.91140	-48.08463	0	68	2021-09-18T13:55:55
0.91225	-48.08352	0	68	2021-09-18T14:00:56
0.91311	-48.08240	0	68	2021-09-18T14:05:56
0.91403	-48.08124	0	68	2021-09-18T14:11:26
0.91483	-48.08026	0	68	2021-09-18T14:15:52
0.91577	-48.07910	0	68	2021-09-18T14:20:53
0.91668	-48.07800	0	68	2021-09-18T14:25:49
0.91753	-48.07693	0	68	2021-09-18T14:30:50
0.91842	-48.07586	0	68	2021-09-18T14:35:47
0.91923	-48.07483	0	68	2021-09-18T14:40:47
0.92004	-48.07382	0	68	2021-09-18T14:45:48
0.92086	-48.07281	0	68	2021-09-18T14:50:50
0.92167	-48.07181	0	68	2021-09-18T14:55:48
0.92256	-48.07078	0	68	2021-09-18T15:01:25
0.92329	-48.06992	0	68	2021-09-18T15:06:24
0.92402	-48.06906	0	68	2021-09-18T15:11:24
0.92460	-48.06834	0	68	2021-09-18T15:15:53
0.92516	-48.06765	0	68	2021-09-18T15:20:52
0.92567	-48.06696	0	68	2021-09-18T15:25:52
0.92615	-48.06631	0	68	2021-09-18T15:30:56
0.92654	-48.06570	0	68	2021-09-18T15:35:58
0.92689	-48.06516	0	68	2021-09-18T15:40:58
0.92723	-48.06467	0	68	2021-09-18T15:45:58
0.92742	-48.06424	0	68	2021-09-18T15:51:00
0.92756	-48.06387	0	68	2021-09-18T15:56:00
0.92759	-48.06357	0	68	2021-09-18T16:01:02
0.92757	-48.06322	0	68	2021-09-18T16:06:26
0.92748	-48.06296	0	68	2021-09-18T16:11:26
0.92721	-48.06259	0	68	2021-09-18T16:15:57
0.92685	-48.06204	0	68	2021-09-18T16:21:02
0.92643	-48.06155	0	68	2021-09-18T16:26:01
0.92595	-48.06110	0	68	2021-09-18T16:30:59
0.92539	-48.06067	0	68	2021-09-18T16:36:00
0.92476	-48.06030	0	68	2021-09-18T16:41:00
0.92413	-48.05997	0	68	2021-09-18T16:46:01
0.92337	-48.05959	0	68	2021-09-18T16:50:58
0.92253	-48.05930	0	68	2021-09-18T16:56:00
0.92157	-48.05899	0	68	2021-09-18T17:00:57
0.92051	-48.05865	0	68	2021-09-18T17:05:58
0.91925	-48.05830	0	68	2021-09-18T17:10:58
0.91822	-48.05804	0	68	2021-09-18T17:15:58
0.91707	-48.05774	0	68	2021-09-18T17:21:00
0.91586	-48.05746	0	68	2021-09-18T17:25:57
0.91461	-48.05731	0	68	2021-09-18T17:30:58
0.91337	-48.05722	0	68	2021-09-18T17:35:58
0.91233	-48.05710	0	68	2021-09-18T17:40:59
0.91112	-48.05704	0	68	2021-09-18T17:45:57
0.90994	-48.05704	0	68	2021-09-18T17:50:57
0.90861	-48.05713	0	68	2021-09-18T17:55:57
0.90724	-48.05728	0	68	2021-09-18T18:00:58
0.90586	-48.05743	0	68	2021-09-18T18:05:56
0.90434	-48.05765	0	68	2021-09-18T18:11:24
0.90304	-48.05786	0	68	2021-09-18T18:15:58
0.90162	-48.05807	0	68	2021-09-18T18:20:52
0.90018	-48.05835	0	68	2021-09-18T18:25:58
0.89872	-48.05865	0	68	2021-09-18T18:30:53
0.89719	-48.05893	0	68	2021-09-18T18:35:54
0.89585	-48.05923	0	68	2021-09-18T18:40:55
0.89452	-48.05972	0	68	2021-09-18T18:45:54
0.89305	-48.06022	0	68	2021-09-18T18:50:55
0.89181	-48.06073	0	68	2021-09-18T18:55:54
0.89040	-48.06134	0	68	2021-09-18T19:01:28
0.88903	-48.06194	0	68	2021-09-18T19:06:27
0.88753	-48.06271	0	68	2021-09-18T19:11:27
0.88642	-48.06335	0	68	2021-09-18T19:15:50
0.88512	-48.06412	0	68	2021-09-18T19:20:52
0.88384	-48.06494	0	68	2021-09-18T19:25:50
0.88253	-48.06583	0	68	2021-09-18T19:30:51
0.88129	-48.06674	0	68	2021-09-18T19:35:49
0.88002	-48.06773	0	68	2021-09-18T19:40:48
0.87886	-48.06876	0	68	2021-09-18T19:45:47
0.87764	-48.06985	0	68	2021-09-18T19:50:48
0.87649	-48.07095	0	68	2021-09-18T19:55:47
0.87533	-48.07212	0	68	2021-09-18T20:00:49
0.87430	-48.07324	0	68	2021-09-18T20:05:49
0.87311	-48.07465	0	68	2021-09-18T20:11:26
0.87219	-48.07571	0	68	2021-09-18T20:15:47
0.87111	-48.07693	0	68	2021-09-18T20:20:47
0.87017	-48.07813	0	68	2021-09-18T20:25:46
0.86928	-48.07932	0	68	2021-09-18T20:30:46
0.86836	-48.08054	0	68	2021-09-18T20:35:47
0.86749	-48.08175	0	68	2021-09-18T20:40:45
0.86672	-48.08295	0	68	2021-09-18T20:45:45
0.86594	-48.08423	0	68	2021-09-18T20:50:46
0.86516	-48.08554	0	68	2021-09-18T20:55:43
0.86441	-48.08691	0	68	2021-09-18T21:01:06
0.86377	-48.08820	0	68	2021-09-18T21:06:05
0.86317	-48.08957	0	68	2021-09-18T21:11:05
0.86261	-48.09082	0	68	2021-09-18T21:15:45
0.86207	-48.09227	0	68	2021-09-18T21:20:48
0.86164	-48.09356	0	68	2021-09-18T21:25:48
0.86125	-48.09485	0	68	2021-09-18T21:30:49
0.86089	-48.09619	0	68	2021-09-18T21:35:49
0.86056	-48.09753	0	68	2021-09-18T21:40:51
0.86039	-48.09885	0	68	2021-09-18T21:45:52
0.86017	-48.10019	0	68	2021-09-18T21:50:52
0.86012	-48.10144	0	68	2021-09-18T21:55:49
0.86010	-48.10266	0	68	2021-09-18T22:00:50
0.86017	-48.10388	0	68	2021-09-18T22:05:52
0.86038	-48.10526	0	68	2021-09-18T22:11:27
0.86052	-48.10635	0	68	2021-09-18T22:15:53
0.86071	-48.10764	0	68	2021-09-18T22:20:52
0.86097	-48.10880	0	68	2021-09-18T22:25:54
0.86133	-48.11009	0	68	2021-09-18T22:30:54
0.86172	-48.11121	0	68	2021-09-18T22:35:53
0.86214	-48.11240	0	68	2021-09-18T22:40:52
0.86260	-48.11346	0	68	2021-09-18T22:45:54
0.86308	-48.11465	0	68	2021-09-18T22:50:51
0.86365	-48.11575	0	68	2021-09-18T22:55:52
0.86428	-48.11682	0	68	2021-09-18T23:00:49
0.86493	-48.11783	0	68	2021-09-18T23:05:50
0.86572	-48.11905	0	68	2021-09-18T23:11:28
0.86645	-48.11990	0	68	2021-09-18T23:15:50
0.86733	-48.12088	0	68	2021-09-18T23:20:51
0.86822	-48.12173	0	68	2021-09-18T23:25:49
0.86926	-48.12255	0	68	2021-09-18T23:30:50
0.87038	-48.12341	0	68	2021-09-18T23:35:50
0.87157	-48.12424	0	68	2021-09-18T23:40:48
0.87278	-48.12494	0	68	2021-09-18T23:45:49
0.87407	-48.12564	0	68	2021-09-18T23:50:49
0.87538	-48.12628	0	68	2021-09-18T23:55:48
0.87675	-48.12686	0	68	2021-09-19T00:00:48
0.87817	-48.12744	0	68	2021-09-19T00:05:45
0.87980	-48.12799	0	68	2021-09-19T00:11:05
0.88128	-48.12842	0	68	2021-09-19T00:15:42
0.88293	-48.12881	0	68	2021-09-19T00:20:39
0.88462	-48.12918	0	68	2021-09-19T00:25:41
0.88632	-48.12955	0	68	2021-09-19T00:30:41
0.88800	-48.12985	0	68	2021-09-19T00:35:43
0.88972	-48.13010	0	68	2021-09-19T00:40:43
0.89139	-48.13028	0	68	2021-09-19T00:45:46
0.89303	-48.13043	0	68	2021-09-19T00:50:45
0.89469	-48.13049	0	68	2021-09-19T00:55:48
0.89637	-48.13046	0	68	2021-09-19T01:01:25
0.89796	-48.13046	0	68	2021-09-19T01:06:26
0.89976	-48.13037	0	68	2021-09-19T01:11:26
0.90108	-48.13022	0	68	2021-09-19T01:15:49
0.90262	-48.12998	0	68	2021-09-19T01:20:47
0.90404	-48.12981	0	68	2021-09-19T01:25:47
0.90546	-48.12955	0	68	2021-09-19T01:30:48
0.90683	-48.12927	0	68	2021-09-19T01:35:48
0.90829	-48.12881	0	68	2021-09-19T01:40:49
0.90970	-48.12833	0	68	2021-09-19T01:45:53
0.91111	-48.12784	0	68	2021-09-19T01:50:55
0.91251	-48.12723	0	68	2021-09-19T01:55:55
0.91379	-48.12656	0	68	2021-09-19T02:00:56
0.91487	-48.12579	0	68	2021-09-19T02:05:56
0.91609	-48.12500	0	68	2021-09-19T02:11:25
0.91709	-48.12430	0	68	2021-09-19T02:15:58
0.91823	-48.12352	0	68	2021-09-19T02:21:01
0.91936	-48.12283	0	68	2021-09-19T02:26:01
0.92049	-48.12210	0	68	2021-09-19T02:31:02
0.92164	-48.12140	0	68	2021-09-19T02:36:02
0.92279	-48.12073	0	68	2021-09-19T02:41:03
0.92398	-48.11998	0	68	2021-09-19T02:46:01
0.92518	-48.11929	0	68	2021-09-19T02:51:01
0.92640	-48.11865	0	68	2021-09-19T02:56:03
0.92762	-48.11794	0	68	2021-09-19T03:01:03
0.92878	-48.11734	0	68	2021-09-19T03:06:04
0.93005	-48.11670	0	68	2021-09-19T03:11:23
0.93107	-48.11618	0	68	2021-09-19T03:16:02
0.93216	-48.11569	0	68	2021-09-19T03:21:03
0.93319	-48.11518	0	68	2021-09-19T03:26:03
0.93422	-48.11475	0	68	2021-09-19T03:31:03
0.93523	-48.11438	0	68	2021-09-19T03:36:01
0.93619	-48.11414	0	68	2021-09-19T03:41:02
0.93716	-48.11389	0	68	2021-09-19T03:46:02
0.93801	-48.11374	0	68	2021-09-19T03:51:00
0.93877	-48.11365	0	68	2021-09-19T03:56:01
0.93951	-48.11374	0	68	2021-09-19T04:01:04
0.94016	-48.11380	0	68	2021-09-19T04:06:02
0.94082	-48.11383	0	68	2021-09-19T04:11:54
0.94124	-48.11395	0	68	2021-09-19T04:16:00
0.94170	-48.11417	0	68	2021-09-19T04:21:01
0.94203	-48.11435	0	68	2021-09-19T04:26:02
0.94232	-48.11462	0	68	2021-09-19T04:31:00
0.94257	-48.11496	0	68	2021-09-19T04:36:00
0.94270	-48.11530	0	68	2021-09-19T04:41:01
0.94278	-48.11569	0	68	2021-09-19T04:46:02
0.94277	-48.11619	0	68	2021-09-19T04:51:00
0.94268	-48.11670	0	68	2021-09-19T04:56:00
0.94256	-48.11725	0	68	2021-09-19T05:00:59
0.94238	-48.11789	0	68	2021-09-19T05:06:00
0.94205	-48.11876	0	68	2021-09-19T05:10:59
0.94171	-48.11945	0	68	2021-09-19T05:15:59
0.94125	-48.12027	0	68	2021-09-19T05:20:56
0.94076	-48.12109	0	68	2021-09-19T05:25:54
0.94020	-48.12204	0	68	2021-09-19T05:30:54
0.93960	-48.12298	0	68	2021-09-19T05:35:55
0.93891	-48.12384	0	68	2021-09-19T05:40:55
0.93809	-48.12479	0	68	2021-09-19T05:45:57
0.93726	-48.12581	0	68	2021-09-19T05:50:56
0.93640	-48.12675	0	68	2021-09-19T05:55:55
0.93550	-48.12769	0	68	2021-09-19T06:00:55
0.93454	-48.12872	0	68	2021-09-19T06:05:53
0.93344	-48.12988	0	68	2021-09-19T06:11:24
0.93252	-48.13095	0	68	2021-09-19T06:15:54
0.93146	-48.13220	0	68	2021-09-19T06:20:55
0.93029	-48.13351	0	68	2021-09-19T06:25:53
0.92783	-48.13633	0	68	2021-09-19T06:35:58
0.92654	-48.13779	0	68	2021-09-19T06:40:58
0.92521	-48.13925	0	68	2021-09-19T06:45:58
0.92391	-48.14087	0	68	2021-09-19T06:50:59
0.92263	-48.14252	0	68	2021-09-19T06:55:57
0.92132	-48.14426	0	68	2021-09-19T07:00:59
0.92001	-48.14603	0	68	2021-09-19T07:05:58
0.91859	-48.14801	0	68	2021-09-19T07:11:23
0.91740	-48.14972	0	68	2021-09-19T07:15:59
0.91615	-48.15167	0	68	2021-09-19T07:20:57
0.91484	-48.15369	0	68	2021-09-19T07:25:57
0.91356	-48.15576	0	68	2021-09-19T07:30:55
0.91227	-48.15793	0	68	2021-09-19T07:35:55
0.91098	-48.16018	0	68	2021-09-19T07:40:53
0.90969	-48.16241	0	68	2021-09-19T07:45:54
0.90843	-48.16473	0	68	2021-09-19T07:50:54
0.90717	-48.16705	0	68	2021-09-19T07:55:52
0.90588	-48.16949	0	68	2021-09-19T08:00:53
0.90462	-48.17193	0	68	2021-09-19T08:06:25
0.90325	-48.17459	0	68	2021-09-19T08:11:25
0.90216	-48.17682	0	68	2021-09-19T08:15:50
0.90093	-48.17941	0	68	2021-09-19T08:20:47
0.89977	-48.18198	0	68	2021-09-19T08:25:46
0.89864	-48.18463	0	68	2021-09-19T08:30:47
0.89753	-48.18723	0	68	2021-09-19T08:35:48
0.89644	-48.18991	0	68	2021-09-19T08:40:48
0.89539	-48.19254	0	68	2021-09-19T08:45:49
0.89433	-48.19513	0	68	2021-09-19T08:50:47
0.89332	-48.19781	0	68	2021-09-19T08:55:50
0.89232	-48.20050	0	68	2021-09-19T09:00:48
0.89139	-48.20319	0	68	2021-09-19T09:05:49
0.89032	-48.20624	0	68	2021-09-19T09:11:27
0.88956	-48.20859	0	68	2021-09-19T09:15:50
0.88873	-48.21130	0	68	2021-09-19T09:20:47
0.88793	-48.21405	0	68	2021-09-19T09:25:49
0.88719	-48.21677	0	68	2021-09-19T09:30:46
0.88647	-48.21948	0	68	2021-09-19T09:35:47
0.88578	-48.22220	0	68	2021-09-19T09:40:44
0.88511	-48.22488	0	68	2021-09-19T09:45:46
0.88450	-48.22760	0	68	2021-09-19T09:50:44
0.88393	-48.23026	0	68	2021-09-19T09:55:44
0.88342	-48.23297	0	68	2021-09-19T10:00:42
0.88295	-48.23566	0	68	2021-09-19T10:05:43
0.88250	-48.23856	0	68	2021-09-19T10:11:07
0.88217	-48.24096	0	68	2021-09-19T10:15:38
0.88187	-48.24353	0	68	2021-09-19T10:20:38
0.88164	-48.24606	0	68	2021-09-19T10:25:35
0.88140	-48.24873	0	68	2021-09-19T10:30:40
0.88131	-48.25122	0	68	2021-09-19T10:35:40
0.88125	-48.25378	0	68	2021-09-19T10:40:38
0.88126	-48.25626	0	68	2021-09-19T10:45:42
0.88136	-48.25870	0	68	2021-09-19T10:50:42
0.88160	-48.26109	0	68	2021-09-19T10:55:45
0.88190	-48.26349	0	68	2021-09-19T11:00:45
0.88230	-48.26578	0	68	2021-09-19T11:05:45
0.88282	-48.26834	0	68	2021-09-19T11:10:43
0.88326	-48.27039	0	68	2021-09-19T11:15:48
0.88380	-48.27255	0	68	2021-09-19T11:20:44
0.88443	-48.27469	0	68	2021-09-19T11:25:42
0.88517	-48.27685	0	68	2021-09-19T11:30:49
0.88599	-48.27891	0	68	2021-09-19T11:35:48
0.88681	-48.28088	0	68	2021-09-19T11:40:48
0.88771	-48.28278	0	68	2021-09-19T11:45:48
0.88872	-48.28458	0	68	2021-09-19T11:50:47
0.88981	-48.28638	0	68	2021-09-19T11:55:51
0.89098	-48.28806	0	68	2021-09-19T12:00:52
0.89216	-48.28967	0	68	2021-09-19T12:05:53
0.89353	-48.29132	0	68	2021-09-19T12:11:27
0.89468	-48.29262	0	68	2021-09-19T12:15:50
0.89601	-48.29382	0	68	2021-09-19T12:20:51
0.89741	-48.29498	0	68	2021-09-19T12:25:52
0.89881	-48.29599	0	68	2021-09-19T12:30:49
0.90029	-48.29694	0	68	2021-09-19T12:35:50
0.90177	-48.29773	0	68	2021-09-19T12:40:48
0.90324	-48.29837	0	68	2021-09-19T12:45:50
0.90475	-48.29886	0	68	2021-09-19T12:50:51
0.90621	-48.29922	0	68	2021-09-19T12:55:45
0.90778	-48.29944	0	68	2021-09-19T13:00:46
0.90930	-48.29956	0	68	2021-09-19T13:05:47
0.91099	-48.29953	0	68	2021-09-19T13:11:08
0.91242	-48.29941	0	68	2021-09-19T13:15:46
0.91393	-48.29910	0	68	2021-09-19T13:20:46
0.91543	-48.29865	0	68	2021-09-19T13:25:43
0.91691	-48.29800	0	68	2021-09-19T13:30:46
0.91832	-48.29721	0	68	2021-09-19T13:35:45
0.91975	-48.29623	0	68	2021-09-19T13:40:46
0.92123	-48.29504	0	68	2021-09-19T13:45:47
0.92280	-48.29373	0	68	2021-09-19T13:50:46
0.92428	-48.29227	0	68	2021-09-19T13:55:45
0.92572	-48.29059	0	68	2021-09-19T14:00:48
0.92712	-48.28885	0	68	2021-09-19T14:06:06
0.92858	-48.28696	0	68	2021-09-19T14:11:06
0.92989	-48.28525	0	68	2021-09-19T14:15:40
0.93128	-48.28336	0	68	2021-09-19T14:20:42
0.93265	-48.28142	0	68	2021-09-19T14:25:45
0.93402	-48.27945	0	68	2021-09-19T14:30:45
0.93549	-48.27744	0	68	2021-09-19T14:35:43
0.93715	-48.27531	0	68	2021-09-19T14:40:48
0.93882	-48.27316	0	68	2021-09-19T14:45:48
0.94052	-48.27106	0	68	2021-09-19T14:50:46
0.94226	-48.26889	0	68	2021-09-19T14:55:43
0.94409	-48.26672	0	68	2021-09-19T15:00:44
0.94603	-48.26443	0	68	2021-09-19T15:05:45
0.94830	-48.26174	0	68	2021-09-19T15:10:45
0.95006	-48.25977	0	68	2021-09-19T15:15:45
0.95216	-48.25733	0	68	2021-09-19T15:20:46
0.95435	-48.25510	0	68	2021-09-19T15:25:45
0.95651	-48.25287	0	68	2021-09-19T15:30:45
0.95866	-48.25052	0	68	2021-09-19T15:35:45
0.96085	-48.24829	0	68	2021-09-19T15:40:44
0.96311	-48.24612	0	68	2021-09-19T15:45:47
0.96532	-48.24402	0	68	2021-09-19T15:50:49
0.96753	-48.24182	0	68	2021-09-19T15:55:42
0.96959	-48.23993	0	68	2021-09-19T16:00:42
0.97165	-48.23813	0	68	2021-09-19T16:05:42
0.97376	-48.23618	0	68	2021-09-19T16:10:56
0.97568	-48.23456	0	68	2021-09-19T16:15:38
0.97756	-48.23292	0	68	2021-09-19T16:20:35
0.97932	-48.23138	0	68	2021-09-19T16:25:35
0.98097	-48.22992	0	68	2021-09-19T16:30:32
0.98253	-48.22849	0	68	2021-09-19T16:35:33
0.98404	-48.22720	0	68	2021-09-19T16:40:30
0.98542	-48.22598	0	68	2021-09-19T16:45:30
0.98669	-48.22479	0	68	2021-09-19T16:50:31
0.98797	-48.22369	0	68	2021-09-19T16:55:29
0.98913	-48.22266	0	68	2021-09-19T17:00:29
0.99022	-48.22165	0	68	2021-09-19T17:05:33
0.99117	-48.22076	0	68	2021-09-19T17:11:01
0.99200	-48.22012	0	68	2021-09-19T17:15:25
0.99287	-48.21942	0	68	2021-09-19T17:20:24
0.99373	-48.21875	0	68	2021-09-19T17:25:23
0.99448	-48.21823	0	68	2021-09-19T17:30:26
0.99521	-48.21772	0	68	2021-09-19T17:35:20
0.99585	-48.21738	0	68	2021-09-19T17:40:20
0.99635	-48.21716	0	68	2021-09-19T17:45:15
0.99682	-48.21692	0	68	2021-09-19T17:50:15
0.99720	-48.21683	0	68	2021-09-19T17:55:13
0.99746	-48.21683	0	68	2021-09-19T18:00:13
0.99763	-48.21692	0	68	2021-09-19T18:05:14
0.99782	-48.21718	0	68	2021-09-19T18:10:11
0.99786	-48.21735	0	68	2021-09-19T18:15:11
0.99790	-48.21765	0	68	2021-09-19T18:20:13
0.99789	-48.21805	0	68	2021-09-19T18:25:13
0.99783	-48.21848	0	68	2021-09-19T18:30:11
0.99775	-48.21915	0	68	2021-09-19T18:35:11
0.99764	-48.21985	0	68	2021-09-19T18:40:11
0.99747	-48.22070	0	68	2021-09-19T18:45:12
0.99732	-48.22162	0	68	2021-09-19T18:50:10
0.99708	-48.22256	0	68	2021-09-19T18:55:10
0.99668	-48.22345	0	68	2021-09-19T19:00:11
0.99632	-48.22452	0	68	2021-09-19T19:05:09
0.99583	-48.22589	0	68	2021-09-19T19:10:56
0.99553	-48.22705	0	68	2021-09-19T19:15:13
0.99514	-48.22836	0	68	2021-09-19T19:20:11
0.99465	-48.22987	0	68	2021-09-19T19:25:09
0.99418	-48.23141	0	68	2021-09-19T19:30:09
0.99373	-48.23306	0	68	2021-09-19T19:35:10
0.99329	-48.23486	0	68	2021-09-19T19:40:10
0.99281	-48.23673	0	68	2021-09-19T19:45:10
0.99234	-48.23853	0	68	2021-09-19T19:50:09
0.99187	-48.24051	0	68	2021-09-19T19:55:12
0.99137	-48.24249	0	68	2021-09-19T20:00:11
0.99092	-48.24457	0	68	2021-09-19T20:05:12
0.99037	-48.24704	0	68	2021-09-19T20:10:55
0.98977	-48.24899	0	68	2021-09-19T20:15:13
0.98899	-48.25137	0	68	2021-09-19T20:20:11
0.98825	-48.25380	0	68	2021-09-19T20:25:15
0.98756	-48.25620	0	68	2021-09-19T20:30:15
0.98687	-48.25870	0	68	2021-09-19T20:35:13
0.98617	-48.26123	0	68	2021-09-19T20:40:13
0.98549	-48.26397	0	68	2021-09-19T20:45:13
0.98480	-48.26648	0	68	2021-09-19T20:50:11
0.98411	-48.26920	0	68	2021-09-19T20:55:12
0.98347	-48.27194	0	68	2021-09-19T21:00:13
0.98277	-48.27474	0	68	2021-09-19T21:05:10
0.98204	-48.27783	0	68	2021-09-19T21:10:10
0.98144	-48.28049	0	68	2021-09-19T21:15:10
0.98070	-48.28347	0	68	2021-09-19T21:20:12
0.98006	-48.28647	0	68	2021-09-19T21:25:12
0.97931	-48.28949	0	68	2021-09-19T21:30:10
0.97860	-48.29248	0	68	2021-09-19T21:35:11
0.97785	-48.29556	0	68	2021-09-19T21:40:09
0.97710	-48.29871	0	68	2021-09-19T21:45:09
0.97637	-48.30182	0	68	2021-09-19T21:50:09
0.97570	-48.30496	0	68	2021-09-19T21:55:11
0.97513	-48.30814	0	68	2021-09-19T22:00:10
0.97468	-48.31131	0	68	2021-09-19T22:05:11
0.97416	-48.31467	0	68	2021-09-19T22:10:36
0.97365	-48.31756	0	68	2021-09-19T22:15:11
0.97322	-48.32065	0	68	2021-09-19T22:20:11
0.97277	-48.32379	0	68	2021-09-19T22:25:12
0.97238	-48.32693	0	68	2021-09-19T22:30:13
0.97200	-48.33007	0	68	2021-09-19T22:35:10
0.97174	-48.33316	0	68	2021-09-19T22:40:11
0.97156	-48.33618	0	68	2021-09-19T22:45:12
0.97146	-48.33923	0	68	2021-09-19T22:50:11
0.97149	-48.34225	0	68	2021-09-19T22:55:13
0.97153	-48.34525	0	68	2021-09-19T23:00:13
0.97168	-48.34821	0	68	2021-09-19T23:05:15
0.97185	-48.35132	0	68	2021-09-19T23:10:35
0.97210	-48.35407	0	68	2021-09-19T23:15:17
0.97240	-48.35690	0	68	2021-09-19T23:20:18
0.97282	-48.35971	0	68	2021-09-19T23:25:19
0.97329	-48.36252	0	68	2021-09-19T23:30:18
0.97385	-48.36526	0	68	2021-09-19T23:35:16
0.97449	-48.36792	0	68	2021-09-19T23:40:17
0.97525	-48.37051	0	68	2021-09-19T23:45:18
0.97607	-48.37308	0	68	2021-09-19T23:50:15
0.97697	-48.37558	0	68	2021-09-19T23:55:16
0.97798	-48.37826	0	68	2021-09-20T00:00:14
0.97897	-48.38049	0	68	2021-09-20T00:05:14
0.98028	-48.38312	0	68	2021-09-20T00:10:57
0.98134	-48.38504	0	68	2021-09-20T00:15:10
0.98263	-48.38724	0	68	2021-09-20T00:20:11
0.98400	-48.38934	0	68	2021-09-20T00:25:12
0.98545	-48.39133	0	68	2021-09-20T00:30:09
0.98695	-48.39328	0	68	2021-09-20T00:35:11
0.98851	-48.39511	0	68	2021-09-20T00:40:09
0.99014	-48.39688	0	68	2021-09-20T00:45:12
0.99178	-48.39850	0	68	2021-09-20T00:50:10
0.99349	-48.40002	0	68	2021-09-20T00:55:12
0.99525	-48.40137	0	68	2021-09-20T01:00:12
0.99705	-48.40256	0	68	2021-09-20T01:05:13
0.99907	-48.40378	0	68	2021-09-20T01:10:39
1.00082	-48.40469	0	68	2021-09-20T01:15:13
1.00274	-48.40558	0	68	2021-09-20T01:20:11
1.00471	-48.40628	0	68	2021-09-20T01:25:12
1.00672	-48.40686	0	68	2021-09-20T01:30:09
1.00871	-48.40726	0	68	2021-09-20T01:35:10
1.01070	-48.40756	0	68	2021-09-20T01:40:08
1.01271	-48.40771	0	68	2021-09-20T01:45:08
1.01469	-48.40768	0	68	2021-09-20T01:50:08
1.01671	-48.40768	0	68	2021-09-20T01:55:08
1.01876	-48.40747	0	68	2021-09-20T02:00:05
1.02083	-48.40697	0	68	2021-09-20T02:05:02
1.02302	-48.40620	0	68	2021-09-20T02:10:01
1.02487	-48.40543	0	68	2021-09-20T02:15:01
1.02695	-48.40442	0	68	2021-09-20T02:20:02
1.02914	-48.40335	0	68	2021-09-20T02:25:03
1.03134	-48.40208	0	68	2021-09-20T02:30:03
1.03353	-48.40088	0	68	2021-09-20T02:35:02
1.03578	-48.39957	0	68	2021-09-20T02:40:02
1.03801	-48.39813	0	68	2021-09-20T02:45:03
1.04021	-48.39670	0	68	2021-09-20T02:50:02
1.04249	-48.39506	0	68	2021-09-20T02:55:01
1.04472	-48.39352	0	68	2021-09-20T03:00:01
1.04711	-48.39185	0	68	2021-09-20T03:05:03
1.04978	-48.38998	0	68	2021-09-20T03:10:26
1.05207	-48.38834	0	68	2021-09-20T03:15:04
1.05459	-48.38651	0	68	2021-09-20T03:20:04
1.05714	-48.38461	0	68	2021-09-20T03:25:05
1.05979	-48.38269	0	68	2021-09-20T03:30:03
1.06253	-48.38065	0	68	2021-09-20T03:35:07
1.06524	-48.37854	0	68	2021-09-20T03:40:05
1.06810	-48.37634	0	68	2021-09-20T03:45:06
1.07100	-48.37421	0	68	2021-09-20T03:50:06
1.07391	-48.37204	0	68	2021-09-20T03:55:07
1.07682	-48.36993	0	68	2021-09-20T04:00:04
1.07974	-48.36783	0	68	2021-09-20T04:05:05
1.08286	-48.36563	0	68	2021-09-20T04:10:28
1.08553	-48.36377	0	68	2021-09-20T04:15:05
1.08837	-48.36179	0	68	2021-09-20T04:20:03
1.09106	-48.35989	0	68	2021-09-20T04:25:04
1.09371	-48.35809	0	68	2021-09-20T04:30:01
1.09628	-48.35635	0	68	2021-09-20T04:35:02
1.09884	-48.35464	0	68	2021-09-20T04:40:02
1.10120	-48.35318	0	68	2021-09-20T04:45:01
1.10353	-48.35181	0	68	2021-09-20T04:50:02
1.10571	-48.35043	0	68	2021-09-20T04:54:58
1.10785	-48.34918	0	68	2021-09-20T05:00:02
1.10991	-48.34805	0	68	2021-09-20T05:05:03
1.11198	-48.34695	0	68	2021-09-20T05:10:26
1.11371	-48.34596	0	68	2021-09-20T05:15:01
1.11547	-48.34519	0	68	2021-09-20T05:20:01
1.11706	-48.34442	0	68	2021-09-20T05:25:00
1.11857	-48.34369	0	68	2021-09-20T05:30:01
1.11996	-48.34305	0	68	2021-09-20T05:35:01
1.12127	-48.34256	0	68	2021-09-20T05:40:01
1.12247	-48.34207	0	68	2021-09-20T05:44:59
1.12359	-48.34174	0	68	2021-09-20T05:50:03
1.12457	-48.34142	0	68	2021-09-20T05:55:03
1.12543	-48.34125	0	68	2021-09-20T06:00:02
1.12616	-48.34125	0	68	2021-09-20T06:05:02
1.12694	-48.34134	0	68	2021-09-20T06:10:26
1.12748	-48.34143	0	68	2021-09-20T06:15:00
1.12800	-48.34171	0	68	2021-09-20T06:20:02
1.12839	-48.34204	0	68	2021-09-20T06:25:05
1.12866	-48.34244	0	68	2021-09-20T06:30:03
1.12887	-48.34293	0	68	2021-09-20T06:35:06
1.12901	-48.34351	0	68	2021-09-20T06:40:04
1.12903	-48.34421	0	68	2021-09-20T06:45:05
1.12894	-48.34500	0	68	2021-09-20T06:50:03
1.12878	-48.34595	0	68	2021-09-20T06:55:06
1.12858	-48.34702	0	68	2021-09-20T07:00:04
1.12835	-48.34814	0	68	2021-09-20T07:05:05
1.12812	-48.34943	0	68	2021-09-20T07:10:25
1.12784	-48.35059	0	68	2021-09-20T07:15:03
1.12747	-48.35196	0	68	2021-09-20T07:20:04
1.12706	-48.35336	0	68	2021-09-20T07:25:01
1.12657	-48.35497	0	68	2021-09-20T07:30:01
1.12610	-48.35651	0	68	2021-09-20T07:35:02
1.12557	-48.35825	0	68	2021-09-20T07:40:00
1.12498	-48.36005	0	68	2021-09-20T07:45:03
1.12442	-48.36185	0	68	2021-09-20T07:50:02
1.12381	-48.36374	0	68	2021-09-20T07:55:06
1.12312	-48.36569	0	68	2021-09-20T08:00:05
1.12229	-48.36787	0	68	2021-09-20T08:05:07
1.12149	-48.37006	0	68	2021-09-20T08:10:27
1.12061	-48.37216	0	68	2021-09-20T08:15:08
1.11973	-48.37445	0	68	2021-09-20T08:20:06
1.11879	-48.37686	0	68	2021-09-20T08:25:08
1.11786	-48.37939	0	68	2021-09-20T08:30:07
1.11685	-48.38196	0	68	2021-09-20T08:35:09
1.11583	-48.38464	0	68	2021-09-20T08:40:09
1.11457	-48.38730	0	68	2021-09-20T08:45:10
1.11336	-48.39019	0	68	2021-09-20T08:50:10
1.11225	-48.39297	0	68	2021-09-20T08:55:11
1.11108	-48.39594	0	68	2021-09-20T09:00:09
1.10989	-48.39902	0	68	2021-09-20T09:05:11
1.10873	-48.40231	0	68	2021-09-20T09:10:25
1.10763	-48.40543	0	68	2021-09-20T09:15:11
1.10654	-48.40875	0	68	2021-09-20T09:20:08
1.10454	-48.41562	0	68	2021-09-20T09:30:06
1.10358	-48.41913	0	68	2021-09-20T09:35:07
1.10265	-48.42273	0	68	2021-09-20T09:40:05
1.10177	-48.42648	0	68	2021-09-20T09:45:05
1.10099	-48.43018	0	68	2021-09-20T09:50:03
1.10013	-48.43402	0	68	2021-09-20T09:55:04
1.09928	-48.43787	0	68	2021-09-20T10:00:01
1.09839	-48.44174	0	68	2021-09-20T10:05:02
1.09746	-48.44589	0	68	2021-09-20T10:10:25
1.09670	-48.44958	0	68	2021-09-20T10:15:03
1.09585	-48.45354	0	68	2021-09-20T10:20:00
1.09512	-48.45740	0	68	2021-09-20T10:25:01
1.09439	-48.46127	0	68	2021-09-20T10:30:01
1.09371	-48.46521	0	68	2021-09-20T10:35:02
1.09305	-48.46912	0	68	2021-09-20T10:40:02
1.09246	-48.47302	0	68	2021-09-20T10:45:04
1.09193	-48.47693	0	68	2021-09-20T10:50:02
1.09142	-48.48083	0	68	2021-09-20T10:55:02
1.09092	-48.48478	0	68	2021-09-20T11:00:05
1.09058	-48.48856	0	68	2021-09-20T11:05:04
1.09035	-48.49255	0	68	2021-09-20T11:10:24
1.09020	-48.49606	0	68	2021-09-20T11:15:02
1.09017	-48.49982	0	68	2021-09-20T11:20:06
1.09017	-48.50342	0	68	2021-09-20T11:25:07
1.09033	-48.50699	0	68	2021-09-20T11:30:04
1.09058	-48.51055	0	68	2021-09-20T11:35:06
1.09095	-48.51398	0	68	2021-09-20T11:40:06
1.09140	-48.51733	0	68	2021-09-20T11:45:07
1.09194	-48.52066	0	68	2021-09-20T11:50:07
1.09258	-48.52390	0	68	2021-09-20T11:55:07
1.09328	-48.52698	0	68	2021-09-20T12:00:08
1.09404	-48.52997	0	68	2021-09-20T12:05:06
1.09486	-48.53302	0	68	2021-09-20T12:10:25
1.09559	-48.53571	0	68	2021-09-20T12:15:03
1.09653	-48.53851	0	68	2021-09-20T12:20:02
1.09753	-48.54126	0	68	2021-09-20T12:25:05
1.09861	-48.54385	0	68	2021-09-20T12:30:03
1.09975	-48.54636	0	68	2021-09-20T12:35:06
1.10089	-48.54861	0	68	2021-09-20T12:40:04
1.10207	-48.55060	0	68	2021-09-20T12:45:02
1.10327	-48.55242	0	68	2021-09-20T12:50:05
1.10451	-48.55396	0	68	2021-09-20T12:55:04
1.10581	-48.55536	0	68	2021-09-20T13:00:03
1.10718	-48.55667	0	68	2021-09-20T13:05:01
1.10882	-48.55783	0	68	2021-09-20T13:10:04
1.11019	-48.55869	0	68	2021-09-20T13:15:03
1.11172	-48.55939	0	68	2021-09-20T13:20:02
1.11328	-48.55991	0	68	2021-09-20T13:25:00
1.11496	-48.56027	0	68	2021-09-20T13:30:01
1.11672	-48.56049	0	68	2021-09-20T13:35:03
1.11844	-48.56049	0	68	2021-09-20T13:40:03
1.12015	-48.56033	0	68	2021-09-20T13:45:01
1.12187	-48.55991	0	68	2021-09-20T13:50:04
1.12359	-48.55920	0	68	2021-09-20T13:55:06
1.12532	-48.55832	0	68	2021-09-20T14:00:05
1.12714	-48.55728	0	68	2021-09-20T14:05:04
1.12923	-48.55597	0	68	2021-09-20T14:10:26
1.13114	-48.55472	0	68	2021-09-20T14:15:09
1.13325	-48.55328	0	68	2021-09-20T14:20:10
1.13543	-48.55170	0	68	2021-09-20T14:25:12
1.13765	-48.55003	0	68	2021-09-20T14:30:10
1.13981	-48.54834	0	68	2021-09-20T14:35:12
1.14203	-48.54651	0	68	2021-09-20T14:40:10
1.14429	-48.54462	0	68	2021-09-20T14:45:11
1.14661	-48.54266	0	68	2021-09-20T14:50:10
1.14884	-48.54077	0	68	2021-09-20T14:55:09
1.15120	-48.53870	0	68	2021-09-20T15:00:08
1.15359	-48.53668	0	68	2021-09-20T15:05:09
1.15643	-48.53445	0	68	2021-09-20T15:10:54
1.15864	-48.53262	0	68	2021-09-20T15:15:08
1.16125	-48.53040	0	68	2021-09-20T15:20:09
1.16404	-48.52788	0	68	2021-09-20T15:25:06
1.16696	-48.52548	0	68	2021-09-20T15:30:06
1.16997	-48.52274	0	68	2021-09-20T15:35:07
1.17308	-48.51999	0	68	2021-09-20T15:40:07
1.17627	-48.51712	0	68	2021-09-20T15:45:09
1.17946	-48.51422	0	68	2021-09-20T15:50:07
1.18293	-48.51102	0	68	2021-09-20T15:55:10
1.18644	-48.50770	0	68	2021-09-20T16:00:55
1.19000	-48.50444	0	68	2021-09-20T16:05:55
1.19429	-48.50049	0	68	2021-09-20T16:10:56
1.19746	-48.49768	0	68	2021-09-20T16:15:11
1.20140	-48.49417	0	68	2021-09-20T16:20:12
1.20535	-48.49091	0	68	2021-09-20T16:25:12
1.20927	-48.48755	0	68	2021-09-20T16:30:16
1.21307	-48.48428	0	68	2021-09-20T16:35:14
1.21682	-48.48106	0	68	2021-09-20T16:40:17
1.22064	-48.47797	0	68	2021-09-20T16:45:16
1.22441	-48.47498	0	68	2021-09-20T16:50:13
1.22809	-48.47195	0	68	2021-09-20T16:55:14
1.23159	-48.46912	0	68	2021-09-20T17:00:38
1.23502	-48.46643	0	68	2021-09-20T17:05:14
1.23867	-48.46362	0	68	2021-09-20T17:10:39
1.24159	-48.46136	0	68	2021-09-20T17:15:09
1.24463	-48.45879	0	68	2021-09-20T17:20:10
1.24746	-48.45639	0	68	2021-09-20T17:25:10
1.25003	-48.45407	0	68	2021-09-20T17:30:10
1.25253	-48.45178	0	68	2021-09-20T17:35:11
1.25491	-48.44965	0	68	2021-09-20T17:40:09
1.25724	-48.44763	0	68	2021-09-20T17:45:11
1.25950	-48.44577	0	68	2021-09-20T17:50:11
1.26169	-48.44403	0	68	2021-09-20T17:55:09
1.26381	-48.44241	0	68	2021-09-20T18:00:05
1.26587	-48.44095	0	68	2021-09-20T18:05:06
1.26798	-48.43951	0	68	2021-09-20T18:10:25
1.26966	-48.43832	0	68	2021-09-20T18:15:08
1.27137	-48.43716	0	68	2021-09-20T18:20:05
1.27293	-48.43616	0	68	2021-09-20T18:25:05
1.27438	-48.43521	0	68	2021-09-20T18:30:06
1.27570	-48.43436	0	68	2021-09-20T18:35:00
1.27695	-48.43362	0	68	2021-09-20T18:40:00
1.27814	-48.43298	0	68	2021-09-20T18:45:00
1.27926	-48.43243	0	68	2021-09-20T18:49:58
1.28034	-48.43204	0	68	2021-09-20T18:55:00
1.28118	-48.43173	0	68	2021-09-20T19:00:03
1.28184	-48.43173	0	68	2021-09-20T19:05:01
1.28240	-48.43193	0	68	2021-09-20T19:10:02
1.28283	-48.43210	0	68	2021-09-20T19:15:03
1.28320	-48.43240	0	68	2021-09-20T19:20:04
1.28351	-48.43280	0	68	2021-09-20T19:25:03
1.28375	-48.43337	0	68	2021-09-20T19:30:04
1.28388	-48.43414	0	68	2021-09-20T19:35:03
1.28382	-48.43509	0	68	2021-09-20T19:40:02
1.28363	-48.43619	0	68	2021-09-20T19:45:04
1.28335	-48.43744	0	68	2021-09-20T19:50:04
1.28301	-48.43881	0	68	2021-09-20T19:55:04
1.28262	-48.44028	0	68	2021-09-20T20:00:02
1.28221	-48.44189	0	68	2021-09-20T20:05:03
1.28178	-48.44377	0	68	2021-09-20T20:10:00
1.28139	-48.44540	0	68	2021-09-20T20:15:00
1.28088	-48.44720	0	68	2021-09-20T20:19:59
1.28031	-48.44916	0	68	2021-09-20T20:25:03
1.27970	-48.45120	0	68	2021-09-20T20:30:01
1.27908	-48.45340	0	68	2021-09-20T20:35:02
1.27844	-48.45566	0	68	2021-09-20T20:40:02
1.27774	-48.45813	0	68	2021-09-20T20:45:05
1.27699	-48.46057	0	68	2021-09-20T20:50:03
1.27620	-48.46325	0	68	2021-09-20T20:55:04
1.27547	-48.46591	0	68	2021-09-20T21:00:04
1.27465	-48.46869	0	68	2021-09-20T21:05:05
1.27382	-48.47171	0	68	2021-09-20T21:10:26
1.27303	-48.47451	0	68	2021-09-20T21:15:04
1.27221	-48.47751	0	68	2021-09-20T21:20:04
1.27141	-48.48067	0	68	2021-09-20T21:25:02
1.27059	-48.48376	0	68	2021-09-20T21:30:02
1.26987	-48.48700	0	68	2021-09-20T21:35:02
1.26903	-48.49030	0	68	2021-09-20T21:39:59
1.26827	-48.49366	0	68	2021-09-20T21:44:56
1.26737	-48.49701	0	68	2021-09-20T21:49:55
1.26651	-48.50040	0	68	2021-09-20T21:54:55
1.26568	-48.50400	0	68	2021-09-20T22:00:26
1.26495	-48.50752	0	68	2021-09-20T22:05:25
1.26413	-48.51147	0	68	2021-09-20T22:10:25
1.26349	-48.51480	0	68	2021-09-20T22:14:55
1.26287	-48.51855	0	68	2021-09-20T22:19:56
1.26227	-48.52231	0	68	2021-09-20T22:24:57
1.26173	-48.52609	0	68	2021-09-20T22:29:57
1.26121	-48.52991	0	68	2021-09-20T22:34:54
1.26073	-48.53372	0	68	2021-09-20T22:39:55
1.26035	-48.53757	0	68	2021-09-20T22:44:53
1.25999	-48.54135	0	68	2021-09-20T22:49:53
1.25972	-48.54520	0	68	2021-09-20T22:54:55
1.25944	-48.54898	0	68	2021-09-20T22:59:54
1.25931	-48.55267	0	68	2021-09-20T23:04:53
1.25926	-48.55658	0	68	2021-09-20T23:10:28
1.25913	-48.56003	0	68	2021-09-20T23:14:53
1.25915	-48.56366	0	68	2021-09-20T23:19:51
1.25919	-48.56726	0	68	2021-09-20T23:24:52
1.25932	-48.57086	0	68	2021-09-20T23:29:52
1.25953	-48.57437	0	68	2021-09-20T23:34:50
1.26007	-48.58110	0	68	2021-09-20T23:44:51
1.26028	-48.58419	0	68	2021-09-20T23:49:51
1.26058	-48.58728	0	68	2021-09-20T23:54:50
1.26093	-48.59036	0	68	2021-09-20T23:59:50
1.26134	-48.59348	0	68	2021-09-21T00:04:49
1.26194	-48.59692	0	68	2021-09-21T00:10:26
1.26253	-48.59952	0	68	2021-09-21T00:14:48
1.26335	-48.60239	0	68	2021-09-21T00:19:49
1.26430	-48.60529	0	68	2021-09-21T00:24:47
1.26534	-48.60803	0	68	2021-09-21T00:29:46
1.26649	-48.61072	0	68	2021-09-21T00:34:43
1.26760	-48.61322	0	68	2021-09-21T00:39:41
1.26874	-48.61545	0	68	2021-09-21T00:44:42
1.26996	-48.61752	0	68	2021-09-21T00:49:44
1.27130	-48.61945	0	68	2021-09-21T00:54:43
1.27277	-48.62125	0	68	2021-09-21T00:59:45
1.27439	-48.62299	0	68	2021-09-21T01:04:46
1.27624	-48.62473	0	68	2021-09-21T01:10:08
1.27785	-48.62604	0	68	2021-09-21T01:14:44
1.27956	-48.62726	0	68	2021-09-21T01:19:41
1.28134	-48.62830	0	68	2021-09-21T01:24:40
1.28312	-48.62919	0	68	2021-09-21T01:29:41
1.28492	-48.62979	0	68	2021-09-21T01:34:40
1.28678	-48.63022	0	68	2021-09-21T01:39:37
1.28869	-48.63052	0	68	2021-09-21T01:44:37
1.29068	-48.63065	0	68	2021-09-21T01:49:34
1.29269	-48.63071	0	68	2021-09-21T01:54:32
1.29470	-48.63043	0	68	2021-09-21T01:59:32
1.29678	-48.62988	0	68	2021-09-21T02:04:32
1.29911	-48.62912	0	68	2021-09-21T02:09:57
1.30123	-48.62839	0	68	2021-09-21T02:14:29
1.30375	-48.62747	0	68	2021-09-21T02:19:31
1.30635	-48.62653	0	68	2021-09-21T02:24:33
1.30892	-48.62538	0	68	2021-09-21T02:29:33
1.31145	-48.62418	0	68	2021-09-21T02:34:34
1.31409	-48.62296	0	68	2021-09-21T02:39:35
1.31675	-48.62167	0	68	2021-09-21T02:44:35
1.31939	-48.62033	0	68	2021-09-21T02:49:37
1.32497	-48.61738	0	68	2021-09-21T02:59:56
1.32776	-48.61592	0	68	2021-09-21T03:04:55
1.33085	-48.61429	0	68	2021-09-21T03:09:55
1.33371	-48.61279	0	68	2021-09-21T03:14:36
1.33685	-48.61108	0	68	2021-09-21T03:19:35
1.34011	-48.60938	0	68	2021-09-21T03:24:32
1.34352	-48.60764	0	68	2021-09-21T03:29:32
1.34707	-48.60580	0	68	2021-09-21T03:34:33
1.35066	-48.60379	0	68	2021-09-21T03:39:29
1.35438	-48.60178	0	68	2021-09-21T03:44:29
1.35826	-48.59967	0	68	2021-09-21T03:49:27
1.36236	-48.59747	0	68	2021-09-21T03:54:25
1.36669	-48.59525	0	68	2021-09-21T03:59:25
1.37112	-48.59284	0	68	2021-09-21T04:04:57
1.37601	-48.59018	0	68	2021-09-21T04:09:58
1.38011	-48.58789	0	68	2021-09-21T04:14:23
1.38479	-48.58533	0	68	2021-09-21T04:19:25
1.38949	-48.58268	0	68	2021-09-21T04:24:23
1.39417	-48.58002	0	68	2021-09-21T04:29:23
1.39884	-48.57739	0	68	2021-09-21T04:34:24
1.40359	-48.57473	0	68	2021-09-21T04:39:21
1.40826	-48.57211	0	68	2021-09-21T04:44:24
1.41290	-48.56958	0	68	2021-09-21T04:49:22
1.41756	-48.56699	0	68	2021-09-21T04:54:19
1.42214	-48.56439	0	68	2021-09-21T04:59:20
1.42661	-48.56177	0	68	2021-09-21T05:04:17
1.43145	-48.55881	0	68	2021-09-21T05:09:54
1.43514	-48.55670	0	68	2021-09-21T05:14:16
1.43938	-48.55435	0	68	2021-09-21T05:19:19
1.44349	-48.55208	0	68	2021-09-21T05:24:14
1.44748	-48.55002	0	68	2021-09-21T05:29:14
1.45145	-48.54803	0	68	2021-09-21T05:34:15
1.45523	-48.54617	0	68	2021-09-21T05:39:15
1.45893	-48.54440	0	68	2021-09-21T05:44:17
1.46258	-48.54275	0	68	2021-09-21T05:49:17
1.46601	-48.54129	0	68	2021-09-21T05:54:18
1.46936	-48.53992	0	68	2021-09-21T05:59:18
1.47264	-48.53855	0	68	2021-09-21T06:04:17
1.47617	-48.53729	0	68	2021-09-21T06:09:55
1.47882	-48.53632	0	68	2021-09-21T06:14:18
1.48179	-48.53534	0	68	2021-09-21T06:19:15
1.48467	-48.53445	0	68	2021-09-21T06:24:16
1.48742	-48.53372	0	68	2021-09-21T06:29:17
1.49013	-48.53308	0	68	2021-09-21T06:34:18
1.49270	-48.53259	0	68	2021-09-21T06:39:18
1.49519	-48.53223	0	68	2021-09-21T06:44:20
1.49757	-48.53201	0	68	2021-09-21T06:49:20
1.49985	-48.53198	0	68	2021-09-21T06:54:24
1.50198	-48.53207	0	68	2021-09-21T06:59:24
1.50399	-48.53235	0	68	2021-09-21T07:04:22
1.50607	-48.53278	0	68	2021-09-21T07:09:57
1.50766	-48.53321	0	68	2021-09-21T07:14:24
1.50929	-48.53381	0	68	2021-09-21T07:19:24
1.51081	-48.53461	0	68	2021-09-21T07:24:25
1.51226	-48.53546	0	68	2021-09-21T07:29:23
1.51360	-48.53645	0	68	2021-09-21T07:34:26
1.51484	-48.53757	0	68	2021-09-21T07:39:25
1.51598	-48.53879	0	68	2021-09-21T07:44:24
1.51708	-48.54016	0	68	2021-09-21T07:49:25
1.51810	-48.54153	0	68	2021-09-21T07:54:22
1.51905	-48.54306	0	68	2021-09-21T07:59:24
1.51994	-48.54474	0	68	2021-09-21T08:04:24
1.52081	-48.54672	0	68	2021-09-21T08:09:54
1.52144	-48.54842	0	68	2021-09-21T08:14:19
1.52208	-48.55048	0	68	2021-09-21T08:19:20
1.52268	-48.55258	0	68	2021-09-21T08:24:17
1.52322	-48.55484	0	68	2021-09-21T08:29:18
1.52369	-48.55719	0	68	2021-09-21T08:34:15
1.52406	-48.55954	0	68	2021-09-21T08:39:18
1.52439	-48.56198	0	68	2021-09-21T08:44:17
1.52465	-48.56451	0	68	2021-09-21T08:49:18
1.52490	-48.56723	0	68	2021-09-21T08:54:19
1.52511	-48.56989	0	68	2021-09-21T08:59:19
1.52529	-48.57269	0	68	2021-09-21T09:04:19
1.52544	-48.57598	0	68	2021-09-21T09:09:17
1.52553	-48.57855	0	68	2021-09-21T09:14:18
1.52562	-48.58160	0	68	2021-09-21T09:19:18
1.52572	-48.58474	0	68	2021-09-21T09:24:16
1.52576	-48.58792	0	68	2021-09-21T09:29:17
1.52580	-48.59119	0	68	2021-09-21T09:34:14
1.52586	-48.59454	0	68	2021-09-21T09:39:17
1.52589	-48.59790	0	68	2021-09-21T09:44:14
1.52590	-48.60138	0	68	2021-09-21T09:49:16
1.52590	-48.60498	0	68	2021-09-21T09:54:17
1.52591	-48.60852	0	68	2021-09-21T09:59:14
1.52586	-48.61223	0	68	2021-09-21T10:04:38
1.52586	-48.61618	0	68	2021-09-21T10:09:38
1.52584	-48.61960	0	68	2021-09-21T10:14:12
1.52583	-48.62344	0	68	2021-09-21T10:19:10
1.52587	-48.62743	0	68	2021-09-21T10:24:14
1.52587	-48.63138	0	68	2021-09-21T10:29:15
1.52593	-48.63535	0	68	2021-09-21T10:34:12
1.52601	-48.63947	0	68	2021-09-21T10:39:14
1.52611	-48.64358	0	68	2021-09-21T10:44:14
1.52620	-48.64761	0	68	2021-09-21T10:49:15
1.52634	-48.65167	0	68	2021-09-21T10:54:14
1.52645	-48.65573	0	68	2021-09-21T10:59:13
1.52658	-48.65979	0	68	2021-09-21T11:04:13
1.52681	-48.66409	0	68	2021-09-21T11:09:37
1.52700	-48.66782	0	68	2021-09-21T11:14:14
1.52727	-48.67175	0	68	2021-09-21T11:19:16
1.52757	-48.67569	0	68	2021-09-21T11:24:13
1.52794	-48.67966	0	68	2021-09-21T11:29:14
1.52839	-48.68350	0	68	2021-09-21T11:34:15
1.52891	-48.68738	0	68	2021-09-21T11:39:14
1.52949	-48.69126	0	68	2021-09-21T11:44:15
1.53013	-48.69495	0	68	2021-09-21T11:49:14
1.53077	-48.69864	0	68	2021-09-21T11:54:14
1.53155	-48.70227	0	68	2021-09-21T11:59:14
1.53239	-48.70587	0	68	2021-09-21T12:04:16
1.53333	-48.70953	0	68	2021-09-21T12:09:36
1.53422	-48.71271	0	68	2021-09-21T12:14:14
1.53522	-48.71600	0	68	2021-09-21T12:19:15
1.53623	-48.71924	0	68	2021-09-21T12:24:16
1.53732	-48.72238	0	68	2021-09-21T12:29:15
1.53850	-48.72540	0	68	2021-09-21T12:34:16
1.53976	-48.72821	0	68	2021-09-21T12:39:14
1.54111	-48.73087	0	68	2021-09-21T12:44:15
1.54258	-48.73340	0	68	2021-09-21T12:49:13
1.54406	-48.73577	0	68	2021-09-21T12:54:10
1.54552	-48.73792	0	68	2021-09-21T12:59:10
1.54704	-48.73984	0	68	2021-09-21T13:04:11
1.54874	-48.74170	0	68	2021-09-21T13:09:26
1.55022	-48.74319	0	68	2021-09-21T13:14:05
1.55185	-48.74448	0	68	2021-09-21T13:19:05
1.55350	-48.74567	0	68	2021-09-21T13:24:02
1.55526	-48.74680	0	68	2021-09-21T13:29:03
1.55714	-48.74780	0	68	2021-09-21T13:34:04
1.55908	-48.74863	0	68	2021-09-21T13:39:01
1.56112	-48.74933	0	68	2021-09-21T13:44:02
1.56320	-48.74954	0	68	2021-09-21T13:49:00
1.56545	-48.74963	0	68	2021-09-21T13:53:59
1.56772	-48.74963	0	68	2021-09-21T13:58:58
1.57011	-48.74948	0	68	2021-09-21T14:03:59
1.57284	-48.74911	0	68	2021-09-21T14:09:26
1.57528	-48.74881	0	68	2021-09-21T14:14:00
1.57806	-48.74829	0	68	2021-09-21T14:18:57
1.58095	-48.74765	0	68	2021-09-21T14:23:58
1.58396	-48.74681	0	68	2021-09-21T14:28:58
1.58705	-48.74595	0	68	2021-09-21T14:33:59
1.59027	-48.74509	0	68	2021-09-21T14:38:59
1.59365	-48.74399	0	68	2021-09-21T14:44:01
1.59713	-48.74277	0	68	2021-09-21T14:48:58
1.60074	-48.74152	0	68	2021-09-21T14:54:00
1.60446	-48.74007	0	68	2021-09-21T14:59:26
1.60832	-48.73878	0	68	2021-09-21T15:04:26
1.61270	-48.73724	0	68	2021-09-21T15:09:25
1.61648	-48.73590	0	68	2021-09-21T15:13:59
1.62078	-48.73425	0	68	2021-09-21T15:18:59
1.62527	-48.73256	0	68	2021-09-21T15:23:57
1.62986	-48.73093	0	68	2021-09-21T15:28:57
1.63456	-48.72913	0	68	2021-09-21T15:33:59
1.63946	-48.72723	0	68	2021-09-21T15:38:58
1.64438	-48.72521	0	68	2021-09-21T15:44:00
1.64944	-48.72324	0	68	2021-09-21T15:49:00
1.65455	-48.72119	0	68	2021-09-21T15:54:01
1.65975	-48.71912	0	68	2021-09-21T15:59:02
1.66510	-48.71698	0	68	2021-09-21T16:04:03
1.67096	-48.71466	0	68	2021-09-21T16:09:27
1.67603	-48.71277	0	68	2021-09-21T16:14:05
1.68163	-48.71060	0	68	2021-09-21T16:19:05
1.68724	-48.70845	0	68	2021-09-21T16:24:10
1.69282	-48.70639	0	68	2021-09-21T16:29:11
1.69835	-48.70447	0	68	2021-09-21T16:34:09
1.70379	-48.70273	0	68	2021-09-21T16:39:08
1.70909	-48.70117	0	68	2021-09-21T16:44:06
1.71438	-48.69962	0	68	2021-09-21T16:49:07
1.71955	-48.69809	0	68	2021-09-21T16:54:08
1.72465	-48.69672	0	68	2021-09-21T16:59:09
1.72961	-48.69536	0	68	2021-09-21T17:04:08
1.73476	-48.69399	0	68	2021-09-21T17:09:07
1.73909	-48.69296	0	68	2021-09-21T17:14:07
1.74376	-48.69202	0	68	2021-09-21T17:19:08
1.74823	-48.69107	0	68	2021-09-21T17:24:08
1.75258	-48.69025	0	68	2021-09-21T17:29:06
1.75688	-48.68942	0	68	2021-09-21T17:34:06
1.76101	-48.68875	0	68	2021-09-21T17:39:04
1.76500	-48.68811	0	68	2021-09-21T17:44:05
1.76898	-48.68762	0	68	2021-09-21T17:49:02
1.77292	-48.68719	0	68	2021-09-21T17:54:04
1.77673	-48.68683	0	68	2021-09-21T17:59:02
1.78056	-48.68665	0	68	2021-09-21T18:04:03
1.78447	-48.68634	0	68	2021-09-21T18:09:25
1.78768	-48.68613	0	68	2021-09-21T18:14:02
1.79114	-48.68604	0	68	2021-09-21T18:18:59
1.79451	-48.68604	0	68	2021-09-21T18:24:00
1.79781	-48.68616	0	68	2021-09-21T18:28:58
1.80095	-48.68631	0	68	2021-09-21T18:33:58
1.80407	-48.68665	0	68	2021-09-21T18:38:56
1.80699	-48.68708	0	68	2021-09-21T18:43:56
1.80991	-48.68759	0	68	2021-09-21T18:48:57
1.81272	-48.68824	0	68	2021-09-21T18:53:57
1.81538	-48.68893	0	68	2021-09-21T18:58:57
1.81795	-48.68970	0	68	2021-09-21T19:03:56
1.82091	-48.69089	0	68	2021-09-21T19:09:54
1.82274	-48.69177	0	68	2021-09-21T19:13:56
1.82490	-48.69312	0	68	2021-09-21T19:18:57
1.82687	-48.69449	0	68	2021-09-21T19:23:56
1.82873	-48.69601	0	68	2021-09-21T19:28:55
1.83048	-48.69757	0	68	2021-09-21T19:33:53
1.83211	-48.69925	0	68	2021-09-21T19:38:57
1.83353	-48.70105	0	68	2021-09-21T19:43:57
1.83480	-48.70294	0	68	2021-09-21T19:48:56
1.83599	-48.70493	0	68	2021-09-21T19:54:00
1.83712	-48.70695	0	68	2021-09-21T19:59:01
1.83824	-48.70901	0	68	2021-09-21T20:04:02
1.83932	-48.71124	0	68	2021-09-21T20:09:26
1.84023	-48.71328	0	68	2021-09-21T20:14:04
1.84112	-48.71552	0	68	2021-09-21T20:19:04
1.84199	-48.71783	0	68	2021-09-21T20:24:05
1.84281	-48.72021	0	68	2021-09-21T20:29:06
1.84364	-48.72274	0	68	2021-09-21T20:34:03
1.84437	-48.72523	0	68	2021-09-21T20:39:03
1.84510	-48.72772	0	68	2021-09-21T20:44:02
1.84581	-48.73026	0	68	2021-09-21T20:49:01
1.84644	-48.73285	0	68	2021-09-21T20:54:00
1.84702	-48.73544	0	68	2021-09-21T20:58:57
1.84760	-48.73813	0	68	2021-09-21T21:03:56
1.84814	-48.74115	0	68	2021-09-21T21:09:25
1.84859	-48.74368	0	68	2021-09-21T21:13:53
1.84902	-48.74643	0	68	2021-09-21T21:18:52
1.84942	-48.74936	0	68	2021-09-21T21:23:52
1.84979	-48.75238	0	68	2021-09-21T21:28:53
1.85018	-48.75540	0	68	2021-09-21T21:33:50
1.85053	-48.75848	0	68	2021-09-21T21:38:51
1.85122	-48.76495	0	68	2021-09-21T21:48:50
1.85150	-48.76813	0	68	2021-09-21T21:53:53
1.85182	-48.77139	0	68	2021-09-21T21:58:51
1.85213	-48.77466	0	68	2021-09-21T22:03:51
1.85247	-48.77836	0	68	2021-09-21T22:08:49
1.85277	-48.78128	0	68	2021-09-21T22:13:50
1.85310	-48.78458	0	68	2021-09-21T22:18:47
1.85348	-48.78787	0	68	2021-09-21T22:23:44
1.85386	-48.79130	0	68	2021-09-21T22:28:45
1.85425	-48.79465	0	68	2021-09-21T22:33:45
1.85463	-48.79797	0	68	2021-09-21T22:38:47
1.85501	-48.80143	0	68	2021-09-21T22:43:54
1.85544	-48.80478	0	68	2021-09-21T22:48:54
1.85590	-48.80823	0	68	2021-09-21T22:53:53
1.85646	-48.81155	0	68	2021-09-21T22:58:56
1.85691	-48.81509	0	68	2021-09-21T23:03:54
1.85767	-48.81873	0	68	2021-09-21T23:09:25
1.85815	-48.82199	0	68	2021-09-21T23:13:53
1.85880	-48.82538	0	68	2021-09-21T23:18:53
1.85948	-48.82874	0	68	2021-09-21T23:23:53
1.86020	-48.83200	0	68	2021-09-21T23:28:53
1.86097	-48.83524	0	68	2021-09-21T23:33:51
1.86176	-48.83844	0	68	2021-09-21T23:38:52
1.86265	-48.84137	0	68	2021-09-21T23:43:50
1.86349	-48.84451	0	68	2021-09-21T23:48:50
1.86448	-48.84747	0	68	2021-09-21T23:53:48
1.86557	-48.85048	0	68	2021-09-21T23:59:27
1.86673	-48.85331	0	68	2021-09-22T00:04:27
1.86797	-48.85666	0	68	2021-09-22T00:09:28
1.86903	-48.85910	0	68	2021-09-22T00:13:47
1.87028	-48.86176	0	68	2021-09-22T00:18:50
1.87156	-48.86426	0	68	2021-09-22T00:23:49
1.87293	-48.86661	0	68	2021-09-22T00:28:50
1.87423	-48.86896	0	68	2021-09-22T00:33:50
1.87569	-48.87106	0	68	2021-09-22T00:38:47
1.87721	-48.87302	0	68	2021-09-22T00:43:49
1.87886	-48.87473	0	68	2021-09-22T00:48:52
1.88059	-48.87622	0	68	2021-09-22T00:53:50
1.88246	-48.87747	0	68	2021-09-22T00:58:51
1.88437	-48.87842	0	68	2021-09-22T01:03:50
1.88662	-48.87918	0	68	2021-09-22T01:09:24
1.88844	-48.87967	0	68	2021-09-22T01:13:50
1.89057	-48.88004	0	68	2021-09-22T01:18:50
1.89272	-48.88013	0	68	2021-09-22T01:23:51
1.89505	-48.88025	0	68	2021-09-22T01:28:52
1.89742	-48.88025	0	68	2021-09-22T01:33:50
1.89993	-48.88011	0	68	2021-09-22T01:38:53
1.90250	-48.87970	0	68	2021-09-22T01:43:51
1.90512	-48.87891	0	68	2021-09-22T01:48:52
1.90782	-48.87805	0	68	2021-09-22T01:53:55
1.91061	-48.87707	0	68	2021-09-22T01:58:54
1.91344	-48.87604	0	68	2021-09-22T02:03:54
1.91666	-48.87482	0	68	2021-09-22T02:09:26
1.91934	-48.87383	0	68	2021-09-22T02:13:53
1.92243	-48.87280	0	68	2021-09-22T02:18:53
1.92551	-48.87164	0	68	2021-09-22T02:23:54
1.92877	-48.87039	0	68	2021-09-22T02:28:51
1.93204	-48.86911	0	68	2021-09-22T02:33:52
1.93543	-48.86771	0	68	2021-09-22T02:38:53
1.93896	-48.86624	0	68	2021-09-22T02:43:52
1.94258	-48.86481	0	68	2021-09-22T02:48:47
1.94629	-48.86333	0	68	2021-09-22T02:53:47
1.95024	-48.86179	0	68	2021-09-22T02:58:48
1.95425	-48.86017	0	68	2021-09-22T03:03:45
1.95873	-48.85852	0	68	2021-09-22T03:09:09
1.96259	-48.85712	0	68	2021-09-22T03:13:39
1.96693	-48.85556	0	68	2021-09-22T03:18:43
1.97125	-48.85400	0	68	2021-09-22T03:23:40
1.97563	-48.85254	0	68	2021-09-22T03:28:39
1.98002	-48.85110	0	68	2021-09-22T03:33:35
1.98453	-48.84973	0	68	2021-09-22T03:38:36
1.98907	-48.84842	0	68	2021-09-22T03:43:33
1.99368	-48.84713	0	68	2021-09-22T03:48:33
1.99836	-48.84601	0	68	2021-09-22T03:53:33
2.00300	-48.84482	0	68	2021-09-22T03:58:31
2.00774	-48.84378	0	68	2021-09-22T04:03:33
2.01278	-48.84253	0	68	2021-09-22T04:08:34
2.01707	-48.84167	0	68	2021-09-22T04:13:34
2.02173	-48.84076	0	68	2021-09-22T04:18:34
2.02638	-48.83990	0	68	2021-09-22T04:23:36
2.03097	-48.83914	0	68	2021-09-22T04:28:33
2.03555	-48.83850	0	68	2021-09-22T04:33:33
2.04014	-48.83789	0	68	2021-09-22T04:38:34
2.04466	-48.83735	0	68	2021-09-22T04:43:32
2.04912	-48.83692	0	68	2021-09-22T04:48:32
2.05345	-48.83658	0	68	2021-09-22T04:53:33
2.05767	-48.83633	0	68	2021-09-22T04:58:31
2.06190	-48.83630	0	68	2021-09-22T05:03:34
2.06635	-48.83624	0	68	2021-09-22T05:08:55
2.07002	-48.83633	0	68	2021-09-22T05:13:30
2.07394	-48.83652	0	68	2021-09-22T05:18:29
2.07781	-48.83679	0	68	2021-09-22T05:23:31
2.08152	-48.83713	0	68	2021-09-22T05:28:31
2.08521	-48.83765	0	68	2021-09-22T05:33:32
2.08879	-48.83817	0	68	2021-09-22T05:38:32
2.09226	-48.83896	0	68	2021-09-22T05:43:34
2.09571	-48.83984	0	68	2021-09-22T05:48:35
2.09908	-48.84085	0	68	2021-09-22T05:53:36
2.10236	-48.84192	0	68	2021-09-22T05:58:37
2.10556	-48.84305	0	68	2021-09-22T06:03:37
2.10886	-48.84424	0	68	2021-09-22T06:08:56
2.11170	-48.84534	0	68	2021-09-22T06:13:34
2.11477	-48.84659	0	68	2021-09-22T06:18:37
2.11765	-48.84787	0	68	2021-09-22T06:23:36
2.12045	-48.84921	0	68	2021-09-22T06:28:34
2.12319	-48.85080	0	68	2021-09-22T06:33:35
2.12595	-48.85240	0	68	2021-09-22T06:38:31
2.12857	-48.85403	0	68	2021-09-22T06:43:30
2.13109	-48.85577	0	68	2021-09-22T06:48:30
2.13349	-48.85757	0	68	2021-09-22T06:53:31
2.13583	-48.85947	0	68	2021-09-22T06:58:28
2.13810	-48.86136	0	68	2021-09-22T07:03:29
2.14051	-48.86356	0	68	2021-09-22T07:08:56
2.14253	-48.86548	0	68	2021-09-22T07:13:31
2.14474	-48.86760	0	68	2021-09-22T07:18:31
2.14689	-48.86975	0	68	2021-09-22T07:23:32
2.14894	-48.87198	0	68	2021-09-22T07:28:30
2.15094	-48.87424	0	68	2021-09-22T07:33:33
2.15290	-48.87659	0	68	2021-09-22T07:38:31
2.15479	-48.87891	0	68	2021-09-22T07:43:31
2.15668	-48.88132	0	68	2021-09-22T07:48:29
2.15851	-48.88385	0	68	2021-09-22T07:53:29
2.16034	-48.88635	0	68	2021-09-22T07:58:27
2.16212	-48.88895	0	68	2021-09-22T08:03:55
2.16401	-48.89178	0	68	2021-09-22T08:08:55
2.16548	-48.89432	0	68	2021-09-22T08:13:32
2.16712	-48.89700	0	68	2021-09-22T08:18:33
2.16871	-48.89975	0	68	2021-09-22T08:23:34
2.17022	-48.90244	0	68	2021-09-22T08:28:32
2.17172	-48.90521	0	68	2021-09-22T08:33:36
2.17316	-48.90805	0	68	2021-09-22T08:38:34
2.17460	-48.91095	0	68	2021-09-22T08:43:35
2.17602	-48.91391	0	68	2021-09-22T08:48:34
2.17744	-48.91692	0	68	2021-09-22T08:53:36
2.17881	-48.91992	0	68	2021-09-22T08:58:36
2.18017	-48.92294	0	68	2021-09-22T09:03:33
2.18170	-48.92612	0	68	2021-09-22T09:08:56
2.18291	-48.92908	0	68	2021-09-22T09:13:35
2.18424	-48.93213	0	68	2021-09-22T09:18:32
2.18557	-48.93524	0	68	2021-09-22T09:23:30
2.18687	-48.93829	0	68	2021-09-22T09:28:30
2.18811	-48.94138	0	68	2021-09-22T09:33:31
2.18932	-48.94449	0	68	2021-09-22T09:38:31
2.19056	-48.94763	0	68	2021-09-22T09:43:29
2.19178	-48.95086	0	68	2021-09-22T09:48:32
2.19294	-48.95404	0	68	2021-09-22T09:53:31
2.19412	-48.95724	0	68	2021-09-22T09:58:34
2.19525	-48.96045	0	68	2021-09-22T10:03:33
2.19650	-48.96377	0	68	2021-09-22T10:08:37
2.19757	-48.96677	0	68	2021-09-22T10:13:37
2.19875	-48.96997	0	68	2021-09-22T10:18:35
2.19993	-48.97318	0	68	2021-09-22T10:23:38
2.20123	-48.97639	0	68	2021-09-22T10:28:40
2.20247	-48.97948	0	68	2021-09-22T10:33:40
2.20376	-48.98257	0	68	2021-09-22T10:38:39
2.20505	-48.98572	0	68	2021-09-22T10:43:39
2.20646	-48.98886	0	68	2021-09-22T10:48:37
2.20783	-48.99197	0	68	2021-09-22T10:53:38
2.20920	-48.99500	0	68	2021-09-22T10:58:39
2.21060	-48.99802	0	68	2021-09-22T11:03:41
2.21207	-49.00125	0	68	2021-09-22T11:08:56
2.21343	-49.00403	0	68	2021-09-22T11:13:40
2.21494	-49.00702	0	68	2021-09-22T11:18:37
2.21648	-49.00989	0	68	2021-09-22T11:23:37
2.21813	-49.01284	0	68	2021-09-22T11:28:40
2.21976	-49.01559	0	68	2021-09-22T11:33:40
2.22142	-49.01831	0	68	2021-09-22T11:38:38
2.22309	-49.02106	0	68	2021-09-22T11:43:38
2.22485	-49.02368	0	68	2021-09-22T11:48:39
2.22665	-49.02621	0	68	2021-09-22T11:53:40
2.22849	-49.02866	0	68	2021-09-22T11:58:37
2.23053	-49.03108	0	68	2021-09-22T12:03:56
2.23263	-49.03348	0	68	2021-09-22T12:08:56
2.23451	-49.03558	0	68	2021-09-22T12:13:31
2.23658	-49.03772	0	68	2021-09-22T12:18:32
2.23872	-49.03977	0	68	2021-09-22T12:23:33
2.24091	-49.04166	0	68	2021-09-22T12:28:33
2.24323	-49.04337	0	68	2021-09-22T12:33:31
2.24559	-49.04507	0	68	2021-09-22T12:38:35
2.24798	-49.04670	0	68	2021-09-22T12:43:37
2.25043	-49.04807	0	68	2021-09-22T12:48:37
2.25294	-49.04944	0	68	2021-09-22T12:53:37
2.25561	-49.05051	0	68	2021-09-22T12:58:40
2.25831	-49.05145	0	68	2021-09-22T13:03:40
2.26139	-49.05209	0	68	2021-09-22T13:08:56
2.26424	-49.05246	0	68	2021-09-22T13:13:38
2.26746	-49.05273	0	68	2021-09-22T13:18:39
2.27071	-49.05276	0	68	2021-09-22T13:23:36
2.27406	-49.05267	0	68	2021-09-22T13:28:37
2.27758	-49.05240	0	68	2021-09-22T13:33:41
2.28110	-49.05170	0	68	2021-09-22T13:38:41
2.28480	-49.05093	0	68	2021-09-22T13:43:43
2.28863	-49.05008	0	68	2021-09-22T13:48:41
2.29254	-49.04916	0	68	2021-09-22T13:53:41
2.29656	-49.04821	0	68	2021-09-22T13:58:39
2.30064	-49.04727	0	68	2021-09-22T14:03:39
2.30509	-49.04629	0	68	2021-09-22T14:08:39
2.30912	-49.04526	0	68	2021-09-22T14:13:39
2.31353	-49.04422	0	68	2021-09-22T14:18:40
2.31800	-49.04315	0	68	2021-09-22T14:23:38
2.32257	-49.04202	0	68	2021-09-22T14:28:38
2.32701	-49.04092	0	68	2021-09-22T14:33:39
2.33152	-49.03982	0	68	2021-09-22T14:38:36
2.33603	-49.03870	0	68	2021-09-22T14:43:35
2.34061	-49.03760	0	68	2021-09-22T14:48:35
2.34517	-49.03647	0	68	2021-09-22T14:53:34
2.34972	-49.03540	0	68	2021-09-22T14:58:35
2.35433	-49.03439	0	68	2021-09-22T15:03:33
2.35947	-49.03320	0	68	2021-09-22T15:08:58
2.36379	-49.03232	0	68	2021-09-22T15:13:35
2.36855	-49.03134	0	68	2021-09-22T15:18:32
2.37344	-49.03043	0	68	2021-09-22T15:23:30
2.37831	-49.02954	0	68	2021-09-22T15:28:31
2.38326	-49.02859	0	68	2021-09-22T15:33:27
2.38798	-49.02789	0	68	2021-09-22T15:38:29
2.39291	-49.02713	0	68	2021-09-22T15:43:26
2.39780	-49.02646	0	68	2021-09-22T15:48:28
2.40281	-49.02575	0	68	2021-09-22T15:53:24
2.40775	-49.02524	0	68	2021-09-22T15:58:24
2.41316	-49.02463	0	68	2021-09-22T16:03:40
2.41804	-49.02438	0	68	2021-09-22T16:09:00
2.42243	-49.02409	0	68	2021-09-22T16:13:26
2.42724	-49.02383	0	68	2021-09-22T16:18:26
2.43202	-49.02359	0	68	2021-09-22T16:23:24
2.43679	-49.02341	0	68	2021-09-22T16:28:29
2.44138	-49.02332	0	68	2021-09-22T16:33:29
2.44593	-49.02332	0	68	2021-09-22T16:38:29
2.45039	-49.02344	0	68	2021-09-22T16:43:27
2.45478	-49.02362	0	68	2021-09-22T16:48:28
2.45907	-49.02401	0	68	2021-09-22T16:53:26
2.46328	-49.02435	0	68	2021-09-22T16:58:26
2.46744	-49.02478	0	68	2021-09-22T17:03:23
2.47196	-49.02537	0	68	2021-09-22T17:08:23
2.47556	-49.02588	0	68	2021-09-22T17:13:22
2.47944	-49.02655	0	68	2021-09-22T17:18:21
2.48708	-49.02838	0	68	2021-09-22T17:28:22
2.49068	-49.02941	0	68	2021-09-22T17:33:21
2.49420	-49.03061	0	68	2021-09-22T17:38:22
2.49758	-49.03183	0	68	2021-09-22T17:43:19
2.50096	-49.03302	0	68	2021-09-22T17:48:16
2.50409	-49.03445	0	68	2021-09-22T17:53:19
2.50704	-49.03586	0	68	2021-09-22T17:58:55
2.50979	-49.03740	0	68	2021-09-22T18:03:55
2.51284	-49.03912	0	68	2021-09-22T18:08:54
2.51520	-49.04059	0	68	2021-09-22T18:13:16
2.51789	-49.04230	0	68	2021-09-22T18:18:18
2.52057	-49.04413	0	68	2021-09-22T18:23:18
2.52319	-49.04602	0	68	2021-09-22T18:28:18
2.52578	-49.04800	0	68	2021-09-22T18:33:16
2.52843	-49.05006	0	68	2021-09-22T18:38:15
2.53100	-49.05212	0	68	2021-09-22T18:43:14
2.53360	-49.05429	0	68	2021-09-22T18:48:15
2.53614	-49.05649	0	68	2021-09-22T18:53:15
2.53865	-49.05875	0	68	2021-09-22T18:58:15
2.54118	-49.06106	0	68	2021-09-22T19:03:55
2.54388	-49.06372	0	68	2021-09-22T19:08:55
2.54602	-49.06589	0	68	2021-09-22T19:13:18
2.54840	-49.06844	0	68	2021-09-22T19:18:19
2.55072	-49.07101	0	68	2021-09-22T19:23:20
2.55299	-49.07358	0	68	2021-09-22T19:28:20
2.55528	-49.07614	0	68	2021-09-22T19:33:19
2.55754	-49.07877	0	68	2021-09-22T19:38:20
2.55976	-49.08148	0	68	2021-09-22T19:43:20
2.56195	-49.08423	0	68	2021-09-22T19:48:21
2.56406	-49.08701	0	68	2021-09-22T19:53:20
2.56619	-49.08984	0	68	2021-09-22T19:58:22
2.56826	-49.09268	0	68	2021-09-22T20:03:20
2.57051	-49.09595	0	68	2021-09-22T20:08:55
2.57228	-49.09854	0	68	2021-09-22T20:13:21
2.57388	-49.10178	0	68	2021-09-22T20:18:19
2.57567	-49.10489	0	68	2021-09-22T20:23:22
2.57733	-49.10809	0	68	2021-09-22T20:28:19
2.57894	-49.11130	0	68	2021-09-22T20:33:20
2.58054	-49.11465	0	68	2021-09-22T20:38:18
2.58229	-49.11786	0	68	2021-09-22T20:43:19
2.58402	-49.12115	0	68	2021-09-22T20:48:20
2.58580	-49.12446	0	68	2021-09-22T20:53:16
2.58747	-49.12781	0	68	2021-09-22T20:58:17
2.58886	-49.13141	0	68	2021-09-22T21:03:18
2.59040	-49.13572	0	68	2021-09-22T21:08:15
2.59156	-49.13907	0	68	2021-09-22T21:13:15
2.59293	-49.14276	0	68	2021-09-22T21:18:14
2.59422	-49.14670	0	68	2021-09-22T21:23:16
2.59551	-49.15060	0	68	2021-09-22T21:28:14
2.59677	-49.15460	0	68	2021-09-22T21:33:16
2.59797	-49.15863	0	68	2021-09-22T21:38:16
2.59912	-49.16263	0	68	2021-09-22T21:43:13
2.60027	-49.16660	0	68	2021-09-22T21:48:14
2.60149	-49.17050	0	68	2021-09-22T21:53:14
2.60269	-49.17453	0	68	2021-09-22T21:58:13
2.60393	-49.17838	0	68	2021-09-22T22:03:10
2.60535	-49.18259	0	68	2021-09-22T22:08:36
2.60665	-49.18613	0	68	2021-09-22T22:13:10
2.60809	-49.19003	0	68	2021-09-22T22:18:09
2.60962	-49.19385	0	68	2021-09-22T22:23:08
2.61119	-49.19764	0	68	2021-09-22T22:28:05
2.61278	-49.20142	0	68	2021-09-22T22:33:05
2.61437	-49.20502	0	68	2021-09-22T22:38:04
2.61594	-49.20868	0	68	2021-09-22T22:43:07
2.61751	-49.21234	0	68	2021-09-22T22:48:09
2.61907	-49.21588	0	68	2021-09-22T22:53:10
2.62065	-49.21945	0	68	2021-09-22T22:58:04
2.62221	-49.22290	0	68	2021-09-22T23:03:07
2.62394	-49.22644	0	68	2021-09-22T23:08:25
2.62550	-49.22971	0	68	2021-09-22T23:13:06
2.62729	-49.23294	0	68	2021-09-22T23:18:09
2.62917	-49.23602	0	68	2021-09-22T23:23:08
2.63114	-49.23911	0	68	2021-09-22T23:28:08
2.63319	-49.24213	0	68	2021-09-22T23:33:09
2.63532	-49.24506	0	68	2021-09-22T23:38:09
2.63747	-49.24792	0	68	2021-09-22T23:43:07
2.63963	-49.25070	0	68	2021-09-22T23:48:05
2.64191	-49.25354	0	68	2021-09-22T23:53:08
2.64431	-49.25607	0	68	2021-09-22T23:58:09
2.64682	-49.25839	0	68	2021-09-23T00:03:28
2.64944	-49.26096	0	68	2021-09-23T00:08:27
2.65185	-49.26312	0	68	2021-09-23T00:13:07
2.65449	-49.26532	0	68	2021-09-23T00:18:02
2.65719	-49.26747	0	68	2021-09-23T00:23:02
2.65998	-49.26953	0	68	2021-09-23T00:28:03
2.66288	-49.27148	0	68	2021-09-23T00:33:04
2.66586	-49.27338	0	68	2021-09-23T00:38:04
2.66896	-49.27512	0	68	2021-09-23T00:43:03
2.67218	-49.27692	0	68	2021-09-23T00:48:03
2.67547	-49.27863	0	68	2021-09-23T00:53:02
2.67885	-49.28015	0	68	2021-09-23T00:58:04
2.68226	-49.28149	0	68	2021-09-23T01:03:02
2.68616	-49.28281	0	68	2021-09-23T01:08:28
2.68955	-49.28387	0	68	2021-09-23T01:13:02
2.69329	-49.28485	0	68	2021-09-23T01:18:00
2.69724	-49.28569	0	68	2021-09-23T01:23:04
2.70115	-49.28629	0	68	2021-09-23T01:28:03
2.70521	-49.28665	0	68	2021-09-23T01:33:03
2.70937	-49.28690	0	68	2021-09-23T01:38:04
2.71368	-49.28714	0	68	2021-09-23T01:43:05
2.71803	-49.28720	0	68	2021-09-23T01:48:02
2.72256	-49.28717	0	68	2021-09-23T01:53:05
2.72704	-49.28714	0	68	2021-09-23T01:58:26
2.73146	-49.28714	0	68	2021-09-23T02:03:26
2.73657	-49.28705	0	68	2021-09-23T02:08:25
2.74089	-49.28699	0	68	2021-09-23T02:13:02
2.74567	-49.28696	0	68	2021-09-23T02:18:01
2.75055	-49.28687	0	68	2021-09-23T02:23:00
2.75539	-49.28677	0	68	2021-09-23T02:27:59
2.76026	-49.28665	0	68	2021-09-23T02:33:00
2.76515	-49.28659	0	68	2021-09-23T02:37:58
2.77011	-49.28653	0	68	2021-09-23T02:42:58
2.77506	-49.28650	0	68	2021-09-23T02:47:56
2.78000	-49.28650	0	68	2021-09-23T02:52:57
2.78494	-49.28650	0	68	2021-09-23T02:57:57
2.78984	-49.28659	0	68	2021-09-23T03:02:55
2.79530	-49.28671	0	68	2021-09-23T03:08:26
2.79966	-49.28677	0	68	2021-09-23T03:12:53
2.80452	-49.28687	0	68	2021-09-23T03:17:54
2.80926	-49.28702	0	68	2021-09-23T03:22:53
2.81388	-49.28726	0	68	2021-09-23T03:27:51
2.81848	-49.28754	0	68	2021-09-23T03:32:52
2.82290	-49.28787	0	68	2021-09-23T03:37:53
2.82721	-49.28830	0	68	2021-09-23T03:42:50
2.83149	-49.28876	0	68	2021-09-23T03:47:48
2.83559	-49.28925	0	68	2021-09-23T03:52:48
2.83958	-49.28976	0	68	2021-09-23T03:57:48
2.84350	-49.29044	0	68	2021-09-23T04:02:49
2.84539	-49.29236	0	68	2021-09-23T04:08:25
2.84693	-49.29392	0	68	2021-09-23T04:12:47
2.84856	-49.29555	0	68	2021-09-23T04:17:47
2.85015	-49.29727	0	68	2021-09-23T04:22:46
2.85192	-49.29910	0	68	2021-09-23T04:27:45
2.85388	-49.30115	0	68	2021-09-23T04:32:42
2.85578	-49.30289	0	68	2021-09-23T04:37:44
2.85770	-49.30475	0	68	2021-09-23T04:42:41
2.85955	-49.30675	0	68	2021-09-23T04:47:42
2.86152	-49.30855	0	68	2021-09-23T04:52:42
2.86332	-49.31061	0	68	2021-09-23T04:57:41
2.86537	-49.31259	0	68	2021-09-23T05:02:42
2.86749	-49.31485	0	68	2021-09-23T05:08:08
2.86941	-49.31671	0	68	2021-09-23T05:12:42
2.87161	-49.31888	0	68	2021-09-23T05:17:40
2.87393	-49.32098	0	68	2021-09-23T05:22:41
2.87612	-49.32330	0	68	2021-09-23T05:27:38
2.88345	-49.32958	0	68	2021-09-23T05:42:39
2.88581	-49.33147	0	68	2021-09-23T05:47:38
2.88843	-49.33353	0	68	2021-09-23T05:52:38
2.89107	-49.33557	0	68	2021-09-23T05:57:35
2.89389	-49.33751	0	68	2021-09-23T06:02:56
2.89702	-49.33957	0	68	2021-09-23T06:07:56
2.89997	-49.34128	0	68	2021-09-23T06:12:37
2.90316	-49.34302	0	68	2021-09-23T06:17:35
2.90644	-49.34482	0	68	2021-09-23T06:22:35
2.90980	-49.34650	0	68	2021-09-23T06:27:33
2.91306	-49.34833	0	68	2021-09-23T06:32:34
2.91589	-49.35040	0	68	2021-09-23T06:37:37
2.91861	-49.35263	0	68	2021-09-23T06:42:36
2.92118	-49.35495	0	68	2021-09-23T06:47:36
2.92359	-49.35739	0	68	2021-09-23T06:52:35
2.92596	-49.35995	0	68	2021-09-23T06:57:34
2.92830	-49.36261	0	68	2021-09-23T07:02:35
2.93057	-49.36538	0	68	2021-09-23T07:07:35
2.93242	-49.36761	0	68	2021-09-23T07:12:36
2.93454	-49.37018	0	68	2021-09-23T07:17:34
2.93663	-49.37280	0	68	2021-09-23T07:22:37
2.93869	-49.37543	0	68	2021-09-23T07:27:39
2.94088	-49.37814	0	68	2021-09-23T07:32:36
2.94303	-49.38083	0	68	2021-09-23T07:37:36
2.94514	-49.38363	0	68	2021-09-23T07:42:37
2.94707	-49.38629	0	68	2021-09-23T07:47:37
2.94917	-49.38895	0	68	2021-09-23T07:52:36
2.95094	-49.39166	0	68	2021-09-23T07:57:33
2.95279	-49.39447	0	68	2021-09-23T08:02:34
2.95474	-49.39743	0	68	2021-09-23T08:07:57
2.95644	-49.40021	0	68	2021-09-23T08:12:32
2.95826	-49.40320	0	68	2021-09-23T08:17:32
2.95998	-49.40610	0	68	2021-09-23T08:22:33
2.96165	-49.40903	0	68	2021-09-23T08:27:32
2.96329	-49.41199	0	68	2021-09-23T08:32:34
2.96493	-49.41505	0	68	2021-09-23T08:37:34
2.96656	-49.41797	0	68	2021-09-23T08:42:33
2.96813	-49.42096	0	68	2021-09-23T08:47:33
2.96966	-49.42398	0	68	2021-09-23T08:52:30
2.97119	-49.42703	0	68	2021-09-23T08:57:31
2.97263	-49.43005	0	68	2021-09-23T09:02:32
2.97408	-49.43335	0	68	2021-09-23T09:07:56
2.97536	-49.43628	0	68	2021-09-23T09:12:30
2.97661	-49.43942	0	68	2021-09-23T09:17:27
2.97795	-49.44257	0	68	2021-09-23T09:22:30
2.97915	-49.44577	0	68	2021-09-23T09:27:31
2.98025	-49.44885	0	68	2021-09-23T09:32:30
2.98147	-49.45197	0	68	2021-09-23T09:37:29
2.98266	-49.45514	0	68	2021-09-23T09:42:31
2.98384	-49.45825	0	68	2021-09-23T09:47:29
2.98494	-49.46149	0	68	2021-09-23T09:52:32
2.98600	-49.46462	0	68	2021-09-23T09:57:30
2.98699	-49.46771	0	68	2021-09-23T10:02:30
2.98808	-49.47095	0	68	2021-09-23T10:07:55
2.98899	-49.47382	0	68	2021-09-23T10:12:28
2.98985	-49.47702	0	68	2021-09-23T10:17:25
2.99073	-49.48016	0	68	2021-09-23T10:22:26
2.99174	-49.48340	0	68	2021-09-23T10:27:24
2.99267	-49.48656	0	68	2021-09-23T10:32:24
2.99359	-49.48965	0	68	2021-09-23T10:37:28
2.99447	-49.49274	0	68	2021-09-23T10:42:25
2.99546	-49.49579	0	68	2021-09-23T10:47:23
2.99639	-49.49893	0	68	2021-09-23T10:52:24
2.99720	-49.50201	0	68	2021-09-23T10:57:23
2.99822	-49.50494	0	68	2021-09-23T11:02:22
2.99932	-49.50821	0	68	2021-09-23T11:07:57
3.00008	-49.51080	0	68	2021-09-23T11:12:22
3.00112	-49.51355	0	68	2021-09-23T11:17:23
3.00208	-49.51636	0	68	2021-09-23T11:22:21
3.00303	-49.51910	0	68	2021-09-23T11:27:18
3.00407	-49.52167	0	68	2021-09-23T11:32:19
3.00517	-49.52438	0	68	2021-09-23T11:37:16
3.00616	-49.52713	0	68	2021-09-23T11:42:19
3.00722	-49.52986	0	68	2021-09-23T11:47:18
3.00829	-49.53235	0	68	2021-09-23T11:52:18
3.00941	-49.53485	0	68	2021-09-23T11:57:16
3.01066	-49.53732	0	68	2021-09-23T12:02:16
3.01210	-49.53993	0	68	2021-09-23T12:07:12
3.01313	-49.54208	0	68	2021-09-23T12:12:11
3.01455	-49.54440	0	68	2021-09-23T12:17:15
3.01595	-49.54669	0	68	2021-09-23T12:22:12
3.01731	-49.54889	0	68	2021-09-23T12:27:09
3.01880	-49.55096	0	68	2021-09-23T12:32:09
3.02016	-49.55307	0	68	2021-09-23T12:37:07
3.02178	-49.55524	0	68	2021-09-23T12:42:09
3.02315	-49.55741	0	68	2021-09-23T12:47:09
3.02461	-49.55930	0	68	2021-09-23T12:52:10
3.02628	-49.56128	0	68	2021-09-23T12:57:09
3.02786	-49.56314	0	68	2021-09-23T13:02:11
3.02975	-49.56497	0	68	2021-09-23T13:07:34
3.03139	-49.56656	0	68	2021-09-23T13:12:10
3.03320	-49.56830	0	68	2021-09-23T13:17:09
3.03505	-49.56985	0	68	2021-09-23T13:22:11
3.03692	-49.57137	0	68	2021-09-23T13:27:23
3.03928	-49.57257	0	68	2021-09-23T13:32:24
3.04092	-49.57416	0	68	2021-09-23T13:37:06
3.04538	-49.57635	0	68	2021-09-23T13:47:06
3.04770	-49.57731	0	68	2021-09-23T13:52:04
3.05015	-49.57843	0	68	2021-09-23T13:57:05
3.05256	-49.57935	0	68	2021-09-23T14:02:06
3.05524	-49.58029	0	68	2021-09-23T14:07:27
3.05751	-49.58121	0	68	2021-09-23T14:12:04
3.06001	-49.58209	0	68	2021-09-23T14:17:02
3.06255	-49.58300	0	68	2021-09-23T14:22:05
3.06512	-49.58386	0	68	2021-09-23T14:27:05
3.06765	-49.58472	0	68	2021-09-23T14:32:07
3.07022	-49.58566	0	68	2021-09-23T14:37:05
3.07280	-49.58661	0	68	2021-09-23T14:42:08
3.07530	-49.58749	0	68	2021-09-23T14:47:07
3.07782	-49.58853	0	68	2021-09-23T14:52:08
3.08031	-49.58951	0	68	2021-09-23T14:57:07
3.08285	-49.59067	0	68	2021-09-23T15:02:08
3.08555	-49.59177	0	68	2021-09-23T15:07:29
3.09837	-49.59837	0	68	2021-09-23T15:29:00
3.10107	-49.59949	0	68	2021-09-23T15:38:59
3.10259	-49.60028	0	68	2021-09-23T15:42:08
3.10498	-49.60147	0	68	2021-09-23T15:47:05
3.10740	-49.60272	0	68	2021-09-23T15:52:05
3.10987	-49.60395	0	68	2021-09-23T15:57:10
3.11227	-49.60507	0	68	2021-09-23T16:02:10
3.11496	-49.60626	0	68	2021-09-23T16:07:35
3.11728	-49.60715	0	68	2021-09-23T16:12:12
3.11981	-49.60819	0	68	2021-09-23T16:17:13
3.12226	-49.60931	0	68	2021-09-23T16:22:13
3.12475	-49.61035	0	68	2021-09-23T16:27:15
3.12707	-49.61150	0	68	2021-09-23T16:32:16
3.12919	-49.61252	0	68	2021-09-23T16:37:14
3.13145	-49.61365	0	68	2021-09-23T16:42:15
3.13362	-49.61472	0	68	2021-09-23T16:47:15
3.13594	-49.61588	0	68	2021-09-23T16:52:16
3.13827	-49.61697	0	68	2021-09-23T16:57:17
3.14070	-49.61818	0	68	2021-09-23T17:02:53
3.14327	-49.61938	0	68	2021-09-23T17:07:53
3.14530	-49.62036	0	68	2021-09-23T17:12:16
3.14754	-49.62156	0	68	2021-09-23T17:17:16
3.14973	-49.62259	0	68	2021-09-23T17:22:17
3.15198	-49.62357	0	68	2021-09-23T17:27:15
3.15422	-49.62457	0	68	2021-09-23T17:32:16
3.15640	-49.62558	0	68	2021-09-23T17:37:17
3.15860	-49.62659	0	68	2021-09-23T17:42:17
3.16082	-49.62756	0	68	2021-09-23T17:47:14
3.16303	-49.62854	0	68	2021-09-23T17:52:14
3.16522	-49.62952	0	68	2021-09-23T17:57:15
3.16737	-49.63053	0	68	2021-09-23T18:02:54
3.16977	-49.63165	0	68	2021-09-23T18:07:53
3.17163	-49.63254	0	68	2021-09-23T18:12:17
3.17374	-49.63351	0	68	2021-09-23T18:17:18
3.17582	-49.63452	0	68	2021-09-23T18:22:20
3.17792	-49.63562	0	68	2021-09-23T18:27:19
3.17995	-49.63669	0	68	2021-09-23T18:32:18
3.18197	-49.63779	0	68	2021-09-23T18:37:19
3.18400	-49.63895	0	68	2021-09-23T18:42:19
3.18599	-49.64011	0	68	2021-09-23T18:47:20
3.18794	-49.64130	0	68	2021-09-23T18:52:17
3.18996	-49.64249	0	68	2021-09-23T18:57:21
3.19191	-49.64371	0	68	2021-09-23T19:02:19
3.19414	-49.64514	0	68	2021-09-23T19:07:53
3.19588	-49.64627	0	68	2021-09-23T19:12:17
3.19784	-49.64755	0	68	2021-09-23T19:17:17
3.19977	-49.64883	0	68	2021-09-23T19:22:21
3.20167	-49.65023	0	68	2021-09-23T19:27:19
3.20352	-49.65152	0	68	2021-09-23T19:32:19
3.20559	-49.65283	0	68	2021-09-23T19:37:20
3.20792	-49.65427	0	68	2021-09-23T19:42:18
3.21012	-49.65564	0	68	2021-09-23T19:47:19
3.21218	-49.65701	0	68	2021-09-23T19:52:19
3.21427	-49.65854	0	68	2021-09-23T19:57:21
3.21632	-49.65994	0	68	2021-09-23T20:02:18
3.21882	-49.66179	0	68	2021-09-23T20:07:19
3.22058	-49.66299	0	68	2021-09-23T20:12:19
3.22276	-49.66461	0	68	2021-09-23T20:17:17
3.22491	-49.66620	0	68	2021-09-23T20:22:20
3.22698	-49.66782	0	68	2021-09-23T20:27:18
3.22908	-49.66956	0	68	2021-09-23T20:32:19
3.23114	-49.67142	0	68	2021-09-23T20:37:21
3.23321	-49.67319	0	68	2021-09-23T20:42:24
3.23519	-49.67508	0	68	2021-09-23T20:47:22
3.23734	-49.67688	0	68	2021-09-23T20:52:22
3.23948	-49.67880	0	68	2021-09-23T20:57:23
3.24162	-49.68060	0	68	2021-09-23T21:02:21
3.24395	-49.68262	0	68	2021-09-23T21:07:56
3.24582	-49.68427	0	68	2021-09-23T21:12:22
3.24778	-49.68609	0	68	2021-09-23T21:17:22
3.24993	-49.68781	0	68	2021-09-23T21:22:21
3.25180	-49.68948	0	68	2021-09-23T21:27:21
3.25402	-49.69125	0	68	2021-09-23T21:32:22
3.25594	-49.69277	0	68	2021-09-23T21:37:19
3.25804	-49.69431	0	68	2021-09-23T21:42:19
3.26002	-49.69586	0	68	2021-09-23T21:47:20
3.26198	-49.69748	0	68	2021-09-23T21:52:18
3.26412	-49.69902	0	68	2021-09-23T21:57:18
3.26622	-49.70065	0	68	2021-09-23T22:02:18
3.26875	-49.70251	0	68	2021-09-23T22:07:55
3.27069	-49.70398	0	68	2021-09-23T22:12:17
3.27290	-49.70562	0	68	2021-09-23T22:17:17
3.27517	-49.70716	0	68	2021-09-23T22:22:17
3.27727	-49.70862	0	68	2021-09-23T22:27:16
3.27961	-49.71021	0	68	2021-09-23T22:32:15
3.28177	-49.71180	0	68	2021-09-23T22:37:16
3.28400	-49.71326	0	68	2021-09-23T22:42:15
3.28649	-49.71475	0	68	2021-09-23T22:47:14
3.28879	-49.71622	0	68	2021-09-23T22:52:19
3.29133	-49.71774	0	68	2021-09-23T22:57:17
3.29368	-49.71918	0	68	2021-09-23T23:02:15
3.29627	-49.72070	0	68	2021-09-23T23:07:38
3.29844	-49.72192	0	68	2021-09-23T23:12:15
3.30087	-49.72330	0	68	2021-09-23T23:17:16
3.30318	-49.72458	0	68	2021-09-23T23:22:14
3.30565	-49.72592	0	68	2021-09-23T23:27:14
3.30809	-49.72720	0	68	2021-09-23T23:32:12
3.31062	-49.72858	0	68	2021-09-23T23:37:13
3.31316	-49.72989	0	68	2021-09-23T23:42:14
3.31579	-49.73129	0	68	2021-09-23T23:47:13
3.31836	-49.73270	0	68	2021-09-23T23:52:11
3.32096	-49.73407	0	68	2021-09-23T23:57:12
3.32362	-49.73557	0	68	2021-09-24T00:02:09
3.32646	-49.73697	0	68	2021-09-24T00:07:12
3.32903	-49.73834	0	68	2021-09-24T00:12:11
3.33184	-49.73984	0	68	2021-09-24T00:17:10
3.33459	-49.74127	0	68	2021-09-24T00:22:07
3.33741	-49.74258	0	68	2021-09-24T00:27:08
3.34025	-49.74402	0	68	2021-09-24T00:32:09
3.34309	-49.74536	0	68	2021-09-24T00:37:07
3.34594	-49.74673	0	68	2021-09-24T00:42:08
3.34882	-49.74804	0	68	2021-09-24T00:47:08
3.35170	-49.74924	0	68	2021-09-24T00:52:08
3.35460	-49.75040	0	68	2021-09-24T00:57:07
3.35751	-49.75143	0	68	2021-09-24T01:02:08
3.36068	-49.75279	0	68	2021-09-24T01:07:08
3.36326	-49.75378	0	68	2021-09-24T01:12:05
3.36622	-49.75485	0	68	2021-09-24T01:17:07
3.36921	-49.75583	0	68	2021-09-24T01:22:10
3.37227	-49.75691	0	68	2021-09-24T01:27:08
3.37523	-49.75811	0	68	2021-09-24T01:32:09
3.37832	-49.75897	0	68	2021-09-24T01:37:09
3.38136	-49.76007	0	68	2021-09-24T01:42:10
3.38454	-49.76130	0	68	2021-09-24T01:47:08
3.38764	-49.76221	0	68	2021-09-24T01:52:09
3.39072	-49.76318	0	68	2021-09-24T01:57:08
3.39386	-49.76434	0	68	2021-09-24T02:02:09
3.39738	-49.76532	0	68	2021-09-24T02:07:25
3.40046	-49.76614	0	68	2021-09-24T02:12:08
3.40380	-49.76706	0	68	2021-09-24T02:17:05
3.40728	-49.76789	0	68	2021-09-24T02:22:08
3.41058	-49.76858	0	68	2021-09-24T02:27:07
3.41384	-49.76935	0	68	2021-09-24T02:32:08
3.41718	-49.77017	0	68	2021-09-24T02:37:08
3.42052	-49.77094	0	68	2021-09-24T02:42:05
3.42389	-49.77179	0	68	2021-09-24T02:47:07
3.42721	-49.77264	0	68	2021-09-24T02:52:07
3.43052	-49.77368	0	68	2021-09-24T02:57:08
3.43371	-49.77460	0	68	2021-09-24T03:02:07
3.43719	-49.77554	0	68	2021-09-24T03:07:29
3.44010	-49.77640	0	68	2021-09-24T03:12:10
3.44333	-49.77731	0	68	2021-09-24T03:17:08
3.44638	-49.77826	0	68	2021-09-24T03:22:11
3.44944	-49.77902	0	68	2021-09-24T03:27:09
3.45250	-49.77985	0	68	2021-09-24T03:32:10
3.45553	-49.78104	0	68	2021-09-24T03:37:11
3.45845	-49.78198	0	68	2021-09-24T03:42:11
3.46146	-49.78281	0	68	2021-09-24T03:47:13
3.46434	-49.78378	0	68	2021-09-24T03:52:10
3.46735	-49.78461	0	68	2021-09-24T03:57:10
3.46998	-49.78555	0	68	2021-09-24T04:02:11
3.47285	-49.78671	0	68	2021-09-24T04:07:36
3.47534	-49.78760	0	68	2021-09-24T04:12:12
3.47806	-49.78880	0	68	2021-09-24T04:17:14
3.48068	-49.78983	0	68	2021-09-24T04:22:14
3.48330	-49.79086	0	68	2021-09-24T04:27:14
3.48579	-49.79187	0	68	2021-09-24T04:32:12
3.48838	-49.79294	0	68	2021-09-24T04:37:13
3.49083	-49.79388	0	68	2021-09-24T04:42:13
3.49327	-49.79501	0	68	2021-09-24T04:47:11
3.49562	-49.79620	0	68	2021-09-24T04:52:12
3.50022	-49.79858	0	68	2021-09-24T05:02:11
3.50263	-49.79978	0	68	2021-09-24T05:07:11
3.50460	-49.80081	0	68	2021-09-24T05:12:11
3.50672	-49.80192	0	68	2021-09-24T05:17:05
3.50878	-49.80295	0	68	2021-09-24T05:22:06
3.51088	-49.80402	0	68	2021-09-24T05:27:07
3.51282	-49.80527	0	68	2021-09-24T05:32:08
3.51481	-49.80643	0	68	2021-09-24T05:37:05
3.51678	-49.80765	0	68	2021-09-24T05:42:08
3.51878	-49.80896	0	68	2021-09-24T05:47:09
3.52068	-49.81040	0	68	2021-09-24T05:52:07
3.52244	-49.81177	0	68	2021-09-24T05:57:07
3.52421	-49.81308	0	68	2021-09-24T06:02:08
3.52609	-49.81458	0	68	2021-09-24T06:07:25
3.52766	-49.81589	0	68	2021-09-24T06:12:07
3.52938	-49.81732	0	68	2021-09-24T06:17:10
3.53098	-49.81873	0	68	2021-09-24T06:22:08
3.53256	-49.82013	0	68	2021-09-24T06:27:06
3.53410	-49.82166	0	68	2021-09-24T06:32:10
3.53560	-49.82312	0	68	2021-09-24T06:37:10
3.53709	-49.82465	0	68	2021-09-24T06:42:11
3.53862	-49.82615	0	68	2021-09-24T06:47:12
3.54004	-49.82761	0	68	2021-09-24T06:52:12
3.54150	-49.82910	0	68	2021-09-24T06:57:10
3.54289	-49.83063	0	68	2021-09-24T07:02:08
3.54428	-49.83227	0	68	2021-09-24T07:07:08
3.54557	-49.83373	0	68	2021-09-24T07:12:09
3.54690	-49.83527	0	68	2021-09-24T07:17:09
3.54820	-49.83685	0	68	2021-09-24T07:22:07
3.54942	-49.83850	0	68	2021-09-24T07:27:08
3.55074	-49.84013	0	68	2021-09-24T07:32:07
3.55203	-49.84167	0	68	2021-09-24T07:37:06
3.55332	-49.84323	0	68	2021-09-24T07:42:05
3.55462	-49.84484	0	68	2021-09-24T07:47:04
3.55586	-49.84647	0	68	2021-09-24T07:52:04
3.55697	-49.84811	0	68	2021-09-24T07:57:06
3.55820	-49.84979	0	68	2021-09-24T08:02:07
3.55937	-49.85163	0	68	2021-09-24T08:07:06
3.56036	-49.85309	0	68	2021-09-24T08:12:05
3.56147	-49.85474	0	68	2021-09-24T08:17:05
3.56264	-49.85635	0	68	2021-09-24T08:22:03
3.56375	-49.85794	0	68	2021-09-24T08:27:05
3.56483	-49.85958	0	68	2021-09-24T08:32:00
3.56595	-49.86104	0	68	2021-09-24T08:37:01
3.56702	-49.86258	0	68	2021-09-24T08:42:01
3.56813	-49.86407	0	68	2021-09-24T08:47:02
3.56928	-49.86560	0	68	2021-09-24T08:51:59
3.57035	-49.86713	0	68	2021-09-24T08:57:00
3.57144	-49.86868	0	68	2021-09-24T09:01:57
3.57265	-49.87036	0	68	2021-09-24T09:07:29
3.57360	-49.87183	0	68	2021-09-24T09:11:58
3.57477	-49.87335	0	68	2021-09-24T09:16:59
3.57592	-49.87482	0	68	2021-09-24T09:21:57
3.57699	-49.87628	0	68	2021-09-24T09:26:57
3.57817	-49.87778	0	68	2021-09-24T09:31:55
3.57922	-49.87940	0	68	2021-09-24T09:36:55
3.58035	-49.88086	0	68	2021-09-24T09:41:57
3.58158	-49.88223	0	68	2021-09-24T09:46:54
3.58273	-49.88361	0	68	2021-09-24T09:51:53
3.58401	-49.88492	0	68	2021-09-24T09:56:55
3.58522	-49.88637	0	68	2021-09-24T10:02:26
3.58655	-49.88800	0	68	2021-09-24T10:07:26
3.58766	-49.88925	0	68	2021-09-24T10:11:50
3.58894	-49.89069	0	68	2021-09-24T10:16:53
3.59028	-49.89203	0	68	2021-09-24T10:21:54
3.59166	-49.89331	0	68	2021-09-24T10:26:51
3.59303	-49.89462	0	68	2021-09-24T10:31:48
3.59442	-49.89599	0	68	2021-09-24T10:36:45
3.59579	-49.89719	0	68	2021-09-24T10:41:44
3.59723	-49.89844	0	68	2021-09-24T10:46:44
3.59874	-49.89969	0	68	2021-09-24T10:51:41
3.60013	-49.90094	0	68	2021-09-24T10:56:42
3.60133	-49.90219	0	68	2021-09-24T11:01:40
3.60282	-49.90338	0	68	2021-09-24T11:07:10
3.60412	-49.90442	0	68	2021-09-24T11:11:40
3.60546	-49.90564	0	68	2021-09-24T11:16:41
3.60679	-49.90676	0	68	2021-09-24T11:21:41
3.60829	-49.90796	0	68	2021-09-24T11:26:40
3.60988	-49.90909	0	68	2021-09-24T11:31:39
3.61147	-49.91028	0	68	2021-09-24T11:36:41
3.61317	-49.91147	0	68	2021-09-24T11:41:38
3.61495	-49.91251	0	68	2021-09-24T11:46:40
3.61686	-49.91367	0	68	2021-09-24T11:51:43
3.61883	-49.91476	0	68	2021-09-24T11:56:41
3.62090	-49.91583	0	68	2021-09-24T12:01:38
3.62314	-49.91693	0	68	2021-09-24T12:06:55
3.62528	-49.91822	0	68	2021-09-24T12:11:40
3.62743	-49.91925	0	68	2021-09-24T12:16:40
3.62969	-49.92026	0	68	2021-09-24T12:21:37
3.63189	-49.92120	0	68	2021-09-24T12:26:38
3.63420	-49.92214	0	68	2021-09-24T12:31:38
3.63656	-49.92291	0	68	2021-09-24T12:36:37
3.63887	-49.92371	0	68	2021-09-24T12:41:36
3.64128	-49.92450	0	68	2021-09-24T12:46:37
3.64366	-49.92526	0	68	2021-09-24T12:51:35
3.64602	-49.92603	0	68	2021-09-24T12:56:36
3.64848	-49.92673	0	68	2021-09-24T13:01:33
3.65108	-49.92740	0	68	2021-09-24T13:06:53
3.65339	-49.92811	0	68	2021-09-24T13:11:37
3.65579	-49.92871	0	68	2021-09-24T13:16:36
3.65818	-49.92938	0	68	2021-09-24T13:21:35
3.66310	-49.93084	0	68	2021-09-24T13:31:35
3.66559	-49.93153	0	68	2021-09-24T13:36:35
3.66812	-49.93213	0	68	2021-09-24T13:41:36
3.67080	-49.93283	0	68	2021-09-24T13:46:33
3.67360	-49.93365	0	68	2021-09-24T13:51:34
3.67649	-49.93475	0	68	2021-09-24T13:56:35
3.67903	-49.93539	0	68	2021-09-24T14:01:34
3.68183	-49.93604	0	68	2021-09-24T14:06:55
3.68448	-49.93689	0	68	2021-09-24T14:11:36
3.68716	-49.93753	0	68	2021-09-24T14:16:34
3.68983	-49.93817	0	68	2021-09-24T14:21:38
3.69252	-49.93872	0	68	2021-09-24T14:26:38
3.69531	-49.93933	0	68	2021-09-24T14:31:40
3.69813	-49.93991	0	68	2021-09-24T14:36:40
3.70099	-49.94056	0	68	2021-09-24T14:41:43
3.70374	-49.94125	0	68	2021-09-24T14:46:43
3.70659	-49.94193	0	68	2021-09-24T14:51:41
3.70944	-49.94266	0	68	2021-09-24T14:56:41
3.71243	-49.94333	0	68	2021-09-24T15:01:45
3.71557	-49.94413	0	68	2021-09-24T15:06:43
3.71823	-49.94473	0	68	2021-09-24T15:11:43
3.72115	-49.94547	0	68	2021-09-24T15:16:43
3.72410	-49.94620	0	68	2021-09-24T15:21:41
3.72714	-49.94693	0	68	2021-09-24T15:26:42
3.73014	-49.94766	0	68	2021-09-24T15:31:39
3.73312	-49.94843	0	68	2021-09-24T15:36:41
3.73605	-49.94925	0	68	2021-09-24T15:41:40
3.73876	-49.94998	0	68	2021-09-24T15:46:41
3.74146	-49.95071	0	68	2021-09-24T15:51:39
3.74410	-49.95148	0	68	2021-09-24T15:56:42
3.74685	-49.95218	0	68	2021-09-24T16:01:44
3.74978	-49.95288	0	68	2021-09-24T16:07:07
3.75228	-49.95352	0	68	2021-09-24T16:11:43
3.75493	-49.95419	0	68	2021-09-24T16:16:43
3.75768	-49.95498	0	68	2021-09-24T16:21:46
3.76021	-49.95558	0	68	2021-09-24T16:26:45
3.76266	-49.95609	0	68	2021-09-24T16:31:46
3.76497	-49.95663	0	68	2021-09-24T16:36:43
3.76731	-49.95727	0	68	2021-09-24T16:41:46
3.76958	-49.95787	0	68	2021-09-24T16:46:45
3.77190	-49.95847	0	68	2021-09-24T16:51:45
3.77416	-49.95908	0	68	2021-09-24T16:56:42
3.77642	-49.95972	0	68	2021-09-24T17:01:44
3.77882	-49.96049	0	68	2021-09-24T17:06:43
3.78084	-49.96118	0	68	2021-09-24T17:11:42
3.78300	-49.96198	0	68	2021-09-24T17:16:41
3.78514	-49.96276	0	68	2021-09-24T17:21:39
3.78716	-49.96362	0	68	2021-09-24T17:26:40
3.78906	-49.96454	0	68	2021-09-24T17:31:39
3.79082	-49.96548	0	68	2021-09-24T17:36:38
3.79248	-49.96631	0	68	2021-09-24T17:41:39
3.79401	-49.96722	0	68	2021-09-24T17:46:39
3.79550	-49.96811	0	68	2021-09-24T17:51:40
3.79696	-49.96902	0	68	2021-09-24T17:56:37
3.79834	-49.97009	0	68	2021-09-24T18:01:40
3.79955	-49.97141	0	68	2021-09-24T18:06:57
3.80081	-49.97239	0	68	2021-09-24T18:11:42
3.80214	-49.97351	0	68	2021-09-24T18:16:41
3.80352	-49.97476	0	68	2021-09-24T18:21:41
3.80482	-49.97598	0	68	2021-09-24T18:26:42
3.80615	-49.97721	0	68	2021-09-24T18:31:44
3.80735	-49.97858	0	68	2021-09-24T18:36:44
3.80861	-49.98001	0	68	2021-09-24T18:41:47
3.80983	-49.98145	0	68	2021-09-24T18:46:46
3.81105	-49.98292	0	68	2021-09-24T18:51:46
3.81215	-49.98434	0	68	2021-09-24T18:56:43
3.81333	-49.98584	0	68	2021-09-24T19:01:45
3.81469	-49.98761	0	68	2021-09-24T19:07:24
3.81567	-49.98903	0	68	2021-09-24T19:11:49
3.81674	-49.99075	0	68	2021-09-24T19:16:48
3.81783	-49.99246	0	68	2021-09-24T19:21:48
3.81889	-49.99411	0	68	2021-09-24T19:26:49
3.81996	-49.99581	0	68	2021-09-24T19:31:49
3.82103	-49.99744	0	68	2021-09-24T19:36:50
3.82209	-49.99905	0	68	2021-09-24T19:41:47
3.82306	-50.00076	0	68	2021-09-24T19:46:48
3.82400	-50.00252	0	68	2021-09-24T19:51:48
3.82499	-50.00415	0	68	2021-09-24T19:56:47
3.82594	-50.00583	0	68	2021-09-24T20:01:44
3.82698	-50.00766	0	68	2021-09-24T20:07:07
3.82784	-50.00922	0	68	2021-09-24T20:11:45
3.82884	-50.01096	0	68	2021-09-24T20:16:45
3.82978	-50.01279	0	68	2021-09-24T20:21:43
3.83067	-50.01457	0	68	2021-09-24T20:26:43
3.83161	-50.01620	0	68	2021-09-24T20:31:43
3.83262	-50.01797	0	68	2021-09-24T20:36:41
3.83364	-50.01974	0	68	2021-09-24T20:41:38
3.83441	-50.02167	0	68	2021-09-24T20:46:35
3.83532	-50.02353	0	68	2021-09-24T20:51:36
3.83620	-50.02536	0	68	2021-09-24T20:56:36
3.83707	-50.02724	0	68	2021-09-24T21:01:56
3.83801	-50.02930	0	68	2021-09-24T21:06:55
3.83890	-50.03101	0	68	2021-09-24T21:11:34
3.83960	-50.03290	0	68	2021-09-24T21:16:36
3.84031	-50.03462	0	68	2021-09-24T21:21:37
3.84082	-50.03634	0	68	2021-09-24T21:26:38
3.84146	-50.03806	0	68	2021-09-24T21:31:38
3.84200	-50.04001	0	68	2021-09-24T21:36:40
3.84250	-50.04199	0	68	2021-09-24T21:41:41
3.84310	-50.04382	0	68	2021-09-24T21:46:38
3.84372	-50.04562	0	68	2021-09-24T21:51:39
3.84437	-50.04755	0	68	2021-09-24T21:56:38
3.84509	-50.04939	0	68	2021-09-24T22:01:34
3.84582	-50.05145	0	68	2021-09-24T22:06:34
3.84642	-50.05325	0	68	2021-09-24T22:11:34
3.84705	-50.05508	0	68	2021-09-24T22:16:35
3.84779	-50.05673	0	68	2021-09-24T22:21:35
3.84856	-50.05853	0	68	2021-09-24T22:26:34
3.84928	-50.06046	0	68	2021-09-24T22:31:33
3.85012	-50.06198	0	68	2021-09-24T22:36:32
3.85107	-50.06345	0	68	2021-09-24T22:41:32
3.85201	-50.06503	0	68	2021-09-24T22:46:33
3.85305	-50.06671	0	68	2021-09-24T22:51:34
3.85410	-50.06836	0	68	2021-09-24T22:56:34
3.85524	-50.06985	0	68	2021-09-24T23:01:32
3.85661	-50.07138	0	68	2021-09-24T23:06:55
3.85764	-50.07278	0	68	2021-09-24T23:11:37
3.85885	-50.07425	0	68	2021-09-24T23:16:35
3.86013	-50.07565	0	68	2021-09-24T23:21:39
3.86148	-50.07724	0	68	2021-09-24T23:26:38
3.86276	-50.07861	0	68	2021-09-24T23:31:40
3.86398	-50.07996	0	68	2021-09-24T23:36:40
3.86528	-50.08136	0	68	2021-09-24T23:41:42
3.86651	-50.08276	0	68	2021-09-24T23:46:39
3.86778	-50.08422	0	68	2021-09-24T23:51:39
3.86920	-50.08551	0	68	2021-09-24T23:56:38
3.87058	-50.08682	0	68	2021-09-25T00:01:33
3.87208	-50.08823	0	68	2021-09-25T00:06:54
3.87347	-50.08954	0	68	2021-09-25T00:11:32
3.87493	-50.09082	0	68	2021-09-25T00:16:30
3.87634	-50.09207	0	68	2021-09-25T00:21:30
3.87776	-50.09335	0	68	2021-09-25T00:26:29
3.87919	-50.09455	0	68	2021-09-25T00:31:30
3.88048	-50.09567	0	68	2021-09-25T00:36:29
3.88193	-50.09683	0	68	2021-09-25T00:41:28
3.88343	-50.09796	0	68	2021-09-25T00:46:26
3.88503	-50.09908	0	68	2021-09-25T00:51:26
3.88653	-50.10020	0	68	2021-09-25T00:56:25
3.88807	-50.10132	0	68	2021-09-25T01:01:25
3.88989	-50.10260	0	68	2021-09-25T01:06:57
3.89142	-50.10355	0	68	2021-09-25T01:11:26
3.89311	-50.10471	0	68	2021-09-25T01:16:23
3.89492	-50.10571	0	68	2021-09-25T01:21:25
3.89668	-50.10669	0	68	2021-09-25T01:26:22
3.89849	-50.10771	0	68	2021-09-25T01:31:22
3.90021	-50.10857	0	68	2021-09-25T01:36:22
3.90188	-50.10934	0	68	2021-09-25T01:41:21
3.90369	-50.11020	0	68	2021-09-25T01:46:22
3.90548	-50.11102	0	68	2021-09-25T01:51:18
3.90728	-50.11179	0	68	2021-09-25T01:56:18
3.90920	-50.11254	0	68	2021-09-25T02:01:38
3.91122	-50.11340	0	68	2021-09-25T02:06:37
3.91300	-50.11420	0	68	2021-09-25T02:11:14
3.91495	-50.11499	0	68	2021-09-25T02:16:11
3.91701	-50.11591	0	68	2021-09-25T02:21:11
3.91913	-50.11670	0	68	2021-09-25T02:26:09
3.92133	-50.11755	0	68	2021-09-25T02:31:09
3.92348	-50.11838	0	68	2021-09-25T02:36:10
3.92570	-50.11929	0	68	2021-09-25T02:41:08
3.92798	-50.12018	0	68	2021-09-25T02:46:08
3.93033	-50.12112	0	68	2021-09-25T02:51:09
3.93263	-50.12204	0	68	2021-09-25T02:56:07
3.93494	-50.12296	0	68	2021-09-25T03:01:08
3.93742	-50.12394	0	68	2021-09-25T03:06:08
3.93961	-50.12488	0	68	2021-09-25T03:11:09
3.94196	-50.12576	0	68	2021-09-25T03:16:08
3.94438	-50.12668	0	68	2021-09-25T03:21:06
3.94686	-50.12769	0	68	2021-09-25T03:26:08
3.94939	-50.12863	0	68	2021-09-25T03:31:08
3.95195	-50.12964	0	68	2021-09-25T03:36:06
3.95441	-50.13058	0	68	2021-09-25T03:41:07
3.95685	-50.13159	0	68	2021-09-25T03:46:06
3.95923	-50.13251	0	68	2021-09-25T03:51:07
3.96169	-50.13345	0	68	2021-09-25T03:56:05
3.96403	-50.13440	0	68	2021-09-25T04:01:06
3.96663	-50.13544	0	68	2021-09-25T04:06:37
3.96870	-50.13623	0	68	2021-09-25T04:11:06
3.97098	-50.13708	0	68	2021-09-25T04:16:08
3.97328	-50.13787	0	68	2021-09-25T04:21:09
3.97555	-50.13864	0	68	2021-09-25T04:26:09
3.97773	-50.13940	0	68	2021-09-25T04:31:07
3.97994	-50.14017	0	68	2021-09-25T04:36:05
3.98209	-50.14093	0	68	2021-09-25T04:41:09
3.98424	-50.14178	0	68	2021-09-25T04:46:08
3.98635	-50.14261	0	68	2021-09-25T04:51:06
3.98847	-50.14337	0	68	2021-09-25T04:56:03
3.99053	-50.14423	0	68	2021-09-25T05:01:04
3.99278	-50.14526	0	68	2021-09-25T05:06:35
3.99459	-50.14609	0	68	2021-09-25T05:11:03
3.99661	-50.14697	0	68	2021-09-25T05:16:03
3.99856	-50.14792	0	68	2021-09-25T05:21:01
4.00053	-50.14886	0	68	2021-09-25T05:26:02
4.00251	-50.14977	0	68	2021-09-25T05:31:05
4.00436	-50.15063	0	68	2021-09-25T05:36:05
4.00606	-50.15176	0	68	2021-09-25T05:41:03
4.00791	-50.15268	0	68	2021-09-25T05:46:04
4.00964	-50.15372	0	68	2021-09-25T05:51:05
4.01138	-50.15463	0	68	2021-09-25T05:56:02
4.01316	-50.15573	0	68	2021-09-25T06:01:03
4.01499	-50.15683	0	68	2021-09-25T06:06:24
4.01648	-50.15793	0	68	2021-09-25T06:10:58
4.01815	-50.15900	0	68	2021-09-25T06:16:01
4.01989	-50.16000	0	68	2021-09-25T06:21:03
4.02163	-50.16107	0	68	2021-09-25T06:26:02
4.02335	-50.16235	0	68	2021-09-25T06:31:04
4.02499	-50.16364	0	68	2021-09-25T06:36:05
4.02666	-50.16467	0	68	2021-09-25T06:41:05
4.02826	-50.16595	0	68	2021-09-25T06:46:04
4.02993	-50.16718	0	68	2021-09-25T06:51:03
4.03148	-50.16849	0	68	2021-09-25T06:56:04
4.03309	-50.16971	0	68	2021-09-25T07:01:02
4.03474	-50.17136	0	68	2021-09-25T07:06:23
4.03617	-50.17255	0	68	2021-09-25T07:11:00
4.03759	-50.17392	0	68	2021-09-25T07:16:00
4.03896	-50.17529	0	68	2021-09-25T07:21:00
4.04036	-50.17661	0	68	2021-09-25T07:25:59
4.04184	-50.17807	0	68	2021-09-25T07:30:58
4.04324	-50.17957	0	68	2021-09-25T07:36:00
4.04466	-50.18103	0	68	2021-09-25T07:41:01
4.04605	-50.18246	0	68	2021-09-25T07:45:58
4.04757	-50.18414	0	68	2021-09-25T07:51:00
4.04902	-50.18561	0	68	2021-09-25T07:56:03
4.05038	-50.18704	0	68	2021-09-25T08:01:04
4.05178	-50.18869	0	68	2021-09-25T08:06:27
4.05299	-50.19022	0	68	2021-09-25T08:11:02
4.05420	-50.19177	0	68	2021-09-25T08:15:59
4.05549	-50.19339	0	68	2021-09-25T08:21:01
4.05685	-50.19493	0	68	2021-09-25T08:26:01
4.05809	-50.19647	0	68	2021-09-25T08:31:01
4.05933	-50.19794	0	68	2021-09-25T08:35:58
4.06064	-50.19958	0	68	2021-09-25T08:40:59
4.06195	-50.20099	0	68	2021-09-25T08:45:57
4.06313	-50.20258	0	68	2021-09-25T08:50:54
4.06442	-50.20404	0	68	2021-09-25T08:55:55
4.06576	-50.20560	0	68	2021-09-25T09:00:56
4.06721	-50.20715	0	68	2021-09-25T09:06:24
4.06834	-50.20850	0	68	2021-09-25T09:10:56
4.06968	-50.20987	0	68	2021-09-25T09:15:54
4.07104	-50.21127	0	68	2021-09-25T09:20:55
4.07243	-50.21265	0	68	2021-09-25T09:25:53
4.07380	-50.21402	0	68	2021-09-25T09:30:53
4.07519	-50.21536	0	68	2021-09-25T09:35:50
4.07661	-50.21674	0	68	2021-09-25T09:40:51
4.07802	-50.21814	0	68	2021-09-25T09:45:48
4.07948	-50.21951	0	68	2021-09-25T09:50:48
4.08100	-50.22086	0	68	2021-09-25T09:55:49
4.08253	-50.22235	0	68	2021-09-25T10:00:46
4.08441	-50.22411	0	68	2021-09-25T10:05:50
4.08574	-50.22531	0	68	2021-09-25T10:10:49
4.08738	-50.22672	0	68	2021-09-25T10:15:46
4.08904	-50.22815	0	68	2021-09-25T10:20:47
4.09067	-50.22952	0	68	2021-09-25T10:25:46
4.09234	-50.23099	0	68	2021-09-25T10:30:47
4.09415	-50.23233	0	68	2021-09-25T10:35:45
4.09588	-50.23376	0	68	2021-09-25T10:40:45
4.09769	-50.23518	0	68	2021-09-25T10:45:46
4.09940	-50.23648	0	68	2021-09-25T10:50:47
4.10130	-50.23776	0	68	2021-09-25T10:55:45
4.10318	-50.23914	0	68	2021-09-25T11:00:48
4.10531	-50.24054	0	68	2021-09-25T11:06:25
4.10706	-50.24167	0	68	2021-09-25T11:10:47
4.10905	-50.24286	0	68	2021-09-25T11:15:48
4.11102	-50.24405	0	68	2021-09-25T11:20:42
4.11308	-50.24515	0	68	2021-09-25T11:25:46
4.11510	-50.24631	0	68	2021-09-25T11:30:42
4.11725	-50.24742	0	68	2021-09-25T11:35:43
4.11931	-50.24845	0	68	2021-09-25T11:40:44
4.12146	-50.24948	0	68	2021-09-25T11:45:44
4.12365	-50.25046	0	68	2021-09-25T11:50:46
4.12589	-50.25144	0	68	2021-09-25T11:55:46
4.12816	-50.25238	0	68	2021-09-25T12:00:46
4.13071	-50.25330	0	68	2021-09-25T12:06:07
4.13290	-50.25406	0	68	2021-09-25T12:10:42
4.13539	-50.25493	0	68	2021-09-25T12:15:35
4.13784	-50.25570	0	68	2021-09-25T12:20:36
4.14033	-50.25647	0	68	2021-09-25T12:25:36
4.14270	-50.25732	0	68	2021-09-25T12:30:36
4.14511	-50.25823	0	68	2021-09-25T12:35:34
4.14764	-50.25900	0	68	2021-09-25T12:40:35
4.15012	-50.25986	0	68	2021-09-25T12:45:36
4.15252	-50.26074	0	68	2021-09-25T12:50:33
4.15495	-50.26171	0	68	2021-09-25T12:55:35
4.15740	-50.26248	0	68	2021-09-25T13:00:35
4.16003	-50.26349	0	68	2021-09-25T13:05:55
4.16222	-50.26413	0	68	2021-09-25T13:10:33
4.16469	-50.26497	0	68	2021-09-25T13:15:34
4.16709	-50.26574	0	68	2021-09-25T13:20:34
4.16945	-50.26651	0	68	2021-09-25T13:25:34
4.17194	-50.26720	0	68	2021-09-25T13:30:32
4.17430	-50.26797	0	68	2021-09-25T13:35:32
4.17686	-50.26877	0	68	2021-09-25T13:40:30
4.17927	-50.26953	0	68	2021-09-25T13:45:31
4.18190	-50.27029	0	68	2021-09-25T13:50:31
4.18447	-50.27111	0	68	2021-09-25T13:55:35
4.18704	-50.27188	0	68	2021-09-25T14:00:34
4.18992	-50.27267	0	68	2021-09-25T14:05:57
4.19235	-50.27347	0	68	2021-09-25T14:10:35
4.19507	-50.27423	0	68	2021-09-25T14:15:32
4.19773	-50.27496	0	68	2021-09-25T14:20:33
4.20039	-50.27567	0	68	2021-09-25T14:25:34
4.20292	-50.27650	0	68	2021-09-25T14:30:30
4.20549	-50.27710	0	68	2021-09-25T14:35:29
4.20798	-50.27786	0	68	2021-09-25T14:40:31
4.21058	-50.27860	0	68	2021-09-25T14:45:29
4.21320	-50.27946	0	68	2021-09-25T14:50:29
4.21577	-50.28015	0	68	2021-09-25T14:55:28
4.21843	-50.28088	0	68	2021-09-25T15:00:29
4.22141	-50.28180	0	68	2021-09-25T15:05:57
4.22387	-50.28262	0	68	2021-09-25T15:10:26
4.22666	-50.28357	0	68	2021-09-25T15:15:27
4.22946	-50.28439	0	68	2021-09-25T15:20:28
4.23224	-50.28538	0	68	2021-09-25T15:25:26
4.23460	-50.28632	0	68	2021-09-25T15:30:26
4.23688	-50.28745	0	68	2021-09-25T15:35:25
4.23894	-50.28851	0	68	2021-09-25T15:40:21
4.24100	-50.28995	0	68	2021-09-25T15:45:23
4.24278	-50.29120	0	68	2021-09-25T15:50:21
4.24486	-50.29254	0	68	2021-09-25T15:55:22
4.24677	-50.29382	0	68	2021-09-25T16:00:23
4.24895	-50.29561	0	68	2021-09-25T16:05:23
4.25075	-50.29681	0	68	2021-09-25T16:10:22
4.25246	-50.29825	0	68	2021-09-25T16:15:21
4.25606	-50.30118	0	68	2021-09-25T16:25:20
4.25789	-50.30276	0	68	2021-09-25T16:30:23
4.25964	-50.30423	0	68	2021-09-25T16:35:24
4.26150	-50.30566	0	68	2021-09-25T16:40:35
4.26325	-50.30723	0	68	2021-09-25T16:45:35
4.26492	-50.30869	0	68	2021-09-25T16:50:36
4.26651	-50.31012	0	68	2021-09-25T16:55:20
4.26812	-50.31189	0	68	2021-09-25T17:00:22
4.26997	-50.31360	0	68	2021-09-25T17:05:57
4.27140	-50.31497	0	68	2021-09-25T17:10:23
4.27301	-50.31659	0	68	2021-09-25T17:15:23
4.27455	-50.31848	0	68	2021-09-25T17:20:22
4.27614	-50.31995	0	68	2021-09-25T17:25:22
4.27771	-50.32175	0	68	2021-09-25T17:30:23
4.27920	-50.32359	0	68	2021-09-25T17:35:21
4.28062	-50.32513	0	68	2021-09-25T17:40:21
4.28210	-50.32693	0	68	2021-09-25T17:45:19
4.28357	-50.32877	0	68	2021-09-25T17:50:20
4.28491	-50.33051	0	68	2021-09-25T17:55:19
4.28632	-50.33235	0	68	2021-09-25T18:00:54
4.28782	-50.33441	0	68	2021-09-25T18:05:53
4.28893	-50.33606	0	68	2021-09-25T18:10:22
4.29016	-50.33774	0	68	2021-09-25T18:15:22
4.29151	-50.33975	0	68	2021-09-25T18:20:25
4.29267	-50.34155	0	68	2021-09-25T18:25:25
4.29398	-50.34338	0	68	2021-09-25T18:30:23
4.29519	-50.34531	0	68	2021-09-25T18:35:22
4.29659	-50.34720	0	68	2021-09-25T18:40:20
4.29792	-50.34900	0	68	2021-09-25T18:45:21
4.29915	-50.35077	0	68	2021-09-25T18:50:21
4.30042	-50.35269	0	68	2021-09-25T18:55:19
4.30162	-50.35425	0	68	2021-09-25T19:00:19
4.30289	-50.35641	0	68	2021-09-25T19:05:55
4.30396	-50.35794	0	68	2021-09-25T19:10:21
4.30502	-50.35991	0	68	2021-09-25T19:15:25
4.30622	-50.36163	0	68	2021-09-25T19:20:25
4.30712	-50.36343	0	68	2021-09-25T19:25:24
4.30824	-50.36526	0	68	2021-09-25T19:30:24
4.30922	-50.36704	0	68	2021-09-25T19:35:22
4.31021	-50.36893	0	68	2021-09-25T19:40:22
4.31107	-50.37051	0	68	2021-09-25T19:45:20
4.31210	-50.37234	0	68	2021-09-25T19:50:21
4.31304	-50.37424	0	68	2021-09-25T19:55:20
4.31384	-50.37607	0	68	2021-09-25T20:00:21
4.31484	-50.37802	0	68	2021-09-25T20:05:54
4.31564	-50.37973	0	68	2021-09-25T20:10:20
4.31655	-50.38153	0	68	2021-09-25T20:15:19
4.31755	-50.38345	0	68	2021-09-25T20:20:17
4.31847	-50.38525	0	68	2021-09-25T20:25:18
4.31962	-50.38724	0	68	2021-09-25T20:30:15
4.32065	-50.38922	0	68	2021-09-25T20:35:16
4.32162	-50.39093	0	68	2021-09-25T20:40:14
4.32392	-50.39481	0	68	2021-09-25T20:50:11
4.32495	-50.39653	0	68	2021-09-25T20:55:12
4.32611	-50.39825	0	68	2021-09-25T21:00:12
4.32749	-50.40024	0	68	2021-09-25T21:05:37
4.32850	-50.40184	0	68	2021-09-25T21:10:11
4.32962	-50.40338	0	68	2021-09-25T21:15:11
4.33093	-50.40515	0	68	2021-09-25T21:20:12
4.33217	-50.40686	0	68	2021-09-25T21:25:09
4.33333	-50.40840	0	68	2021-09-25T21:30:09
4.33453	-50.40994	0	68	2021-09-25T21:35:08
4.33582	-50.41159	0	68	2021-09-25T21:40:09
4.33707	-50.41318	0	68	2021-09-25T21:45:09
4.33831	-50.41472	0	68	2021-09-25T21:50:10
4.33960	-50.41635	0	68	2021-09-25T21:55:10
4.34089	-50.41782	0	68	2021-09-25T22:00:08
4.34241	-50.41943	0	68	2021-09-25T22:05:38
4.34374	-50.42090	0	68	2021-09-25T22:10:13
4.34511	-50.42236	0	68	2021-09-25T22:15:14
4.34652	-50.42377	0	68	2021-09-25T22:20:08
4.34808	-50.42538	0	68	2021-09-25T22:25:09
4.34959	-50.42682	0	68	2021-09-25T22:30:09
4.35111	-50.42834	0	68	2021-09-25T22:35:07
4.35270	-50.42972	0	68	2021-09-25T22:40:07
4.35432	-50.43118	0	68	2021-09-25T22:45:05
4.35605	-50.43259	0	68	2021-09-25T22:50:06
4.35771	-50.43393	0	68	2021-09-25T22:55:06
4.35953	-50.43546	0	68	2021-09-25T23:00:07
4.36160	-50.43686	0	68	2021-09-25T23:05:27
4.36339	-50.43820	0	68	2021-09-25T23:10:08
4.36547	-50.43942	0	68	2021-09-25T23:15:05
4.36757	-50.44064	0	68	2021-09-25T23:20:07
4.36976	-50.44196	0	68	2021-09-25T23:25:06
4.37186	-50.44324	0	68	2021-09-25T23:30:07
4.37400	-50.44449	0	68	2021-09-25T23:35:05
4.37612	-50.44571	0	68	2021-09-25T23:40:06
4.37812	-50.44672	0	68	2021-09-25T23:45:06
4.38033	-50.44794	0	68	2021-09-25T23:50:04
4.38260	-50.44910	0	68	2021-09-25T23:55:05
4.38467	-50.45004	0	68	2021-09-26T00:00:08
4.38700	-50.45114	0	68	2021-09-26T00:05:26
4.38912	-50.45230	0	68	2021-09-26T00:10:07
4.39133	-50.45323	0	68	2021-09-26T00:15:05
4.39365	-50.45426	0	68	2021-09-26T00:20:05
4.39601	-50.45538	0	68	2021-09-26T00:25:06
4.39826	-50.45633	0	68	2021-09-26T00:30:06
4.40063	-50.45734	0	68	2021-09-26T00:35:04
4.40289	-50.45829	0	68	2021-09-26T00:40:03
4.40529	-50.45932	0	68	2021-09-26T00:45:02
4.40778	-50.46024	0	68	2021-09-26T00:50:03
4.41028	-50.46121	0	68	2021-09-26T00:55:03
4.41293	-50.46226	0	68	2021-09-26T01:00:27
4.41568	-50.46320	0	68	2021-09-26T01:05:27
4.41801	-50.46417	0	68	2021-09-26T01:10:04
4.42065	-50.46506	0	68	2021-09-26T01:15:03
4.42319	-50.46587	0	68	2021-09-26T01:20:04
4.42581	-50.46664	0	68	2021-09-26T01:25:04
4.42849	-50.46753	0	68	2021-09-26T01:30:05
4.43126	-50.46841	0	68	2021-09-26T01:35:05
4.43397	-50.46918	0	68	2021-09-26T01:40:07
4.43672	-50.46994	0	68	2021-09-26T01:45:05
4.43964	-50.47079	0	68	2021-09-26T01:50:06
4.44248	-50.47144	0	68	2021-09-26T01:55:06
4.44536	-50.47211	0	68	2021-09-26T02:00:07
4.44844	-50.47290	0	68	2021-09-26T02:05:27
4.45090	-50.47330	0	68	2021-09-26T02:10:08
4.45369	-50.47397	0	68	2021-09-26T02:15:06
4.45646	-50.47476	0	68	2021-09-26T02:20:07
4.45927	-50.47528	0	68	2021-09-26T02:25:06
4.46210	-50.47592	0	68	2021-09-26T02:30:08
4.46504	-50.47656	0	68	2021-09-26T02:35:09
4.46786	-50.47711	0	68	2021-09-26T02:40:05
4.47072	-50.47760	0	68	2021-09-26T02:45:07
4.47375	-50.47824	0	68	2021-09-26T02:50:07
4.47663	-50.47882	0	68	2021-09-26T02:55:05
4.47950	-50.47934	0	68	2021-09-26T03:00:08
4.48255	-50.47992	0	68	2021-09-26T03:05:28
4.48534	-50.48059	0	68	2021-09-26T03:10:07
4.48823	-50.48099	0	68	2021-09-26T03:15:05
4.49096	-50.48151	0	68	2021-09-26T03:20:08
4.49379	-50.48209	0	68	2021-09-26T03:25:06
4.49663	-50.48255	0	68	2021-09-26T03:30:07
4.49951	-50.48315	0	68	2021-09-26T03:35:07
4.50238	-50.48370	0	68	2021-09-26T03:40:08
4.50526	-50.48433	0	68	2021-09-26T03:45:08
4.50818	-50.48484	0	68	2021-09-26T03:50:07
4.51110	-50.48553	0	68	2021-09-26T03:55:07
4.51391	-50.48605	0	68	2021-09-26T04:00:08
4.51707	-50.48685	0	68	2021-09-26T04:05:25
4.51984	-50.48746	0	68	2021-09-26T04:10:10
4.52279	-50.48807	0	68	2021-09-26T04:15:11
4.52584	-50.48877	0	68	2021-09-26T04:20:08
4.52872	-50.48935	0	68	2021-09-26T04:25:05
4.53167	-50.48997	0	68	2021-09-26T04:30:05
4.53455	-50.49066	0	68	2021-09-26T04:35:06
4.53746	-50.49127	0	68	2021-09-26T04:40:06
4.54036	-50.49194	0	68	2021-09-26T04:45:04
4.54333	-50.49265	0	68	2021-09-26T04:50:05
4.54624	-50.49329	0	68	2021-09-26T04:55:06
4.54915	-50.49394	0	68	2021-09-26T05:00:26
4.55220	-50.49463	0	68	2021-09-26T05:05:26
4.55490	-50.49530	0	68	2021-09-26T05:10:03
4.55781	-50.49597	0	68	2021-09-26T05:15:04
4.56073	-50.49658	0	68	2021-09-26T05:20:06
4.56377	-50.49742	0	68	2021-09-26T05:25:03
4.56669	-50.49802	0	68	2021-09-26T05:30:03
4.56949	-50.49866	0	68	2021-09-26T05:35:01
4.57234	-50.49939	0	68	2021-09-26T05:40:04
4.57520	-50.50006	0	68	2021-09-26T05:45:06
4.57795	-50.50079	0	68	2021-09-26T05:50:03
4.58069	-50.50156	0	68	2021-09-26T05:55:01
4.58342	-50.50238	0	68	2021-09-26T06:00:01
4.58634	-50.50323	0	68	2021-09-26T06:05:26
4.58882	-50.50409	0	68	2021-09-26T06:10:00
4.59145	-50.50479	0	68	2021-09-26T06:15:01
4.59410	-50.50555	0	68	2021-09-26T06:20:01
4.59676	-50.50641	0	68	2021-09-26T06:25:02
4.59941	-50.50714	0	68	2021-09-26T06:30:00
4.60197	-50.50793	0	68	2021-09-26T06:35:00
4.60454	-50.50870	0	68	2021-09-26T06:40:05
4.60707	-50.50939	0	68	2021-09-26T06:45:05
4.60964	-50.51016	0	68	2021-09-26T06:50:05
4.61205	-50.51086	0	68	2021-09-26T06:55:06
4.61450	-50.51160	0	68	2021-09-26T07:00:04
4.61710	-50.51227	0	68	2021-09-26T07:05:24
4.61926	-50.51294	0	68	2021-09-26T07:10:02
4.62165	-50.51361	0	68	2021-09-26T07:14:59
4.62382	-50.51420	0	68	2021-09-26T07:20:02
4.62609	-50.51480	0	68	2021-09-26T07:25:01
4.62837	-50.51544	0	68	2021-09-26T07:30:01
4.63061	-50.51611	0	68	2021-09-26T07:35:01
4.63271	-50.51672	0	68	2021-09-26T07:40:02
4.63486	-50.51743	0	68	2021-09-26T07:45:00
4.63701	-50.51816	0	68	2021-09-26T07:50:00
4.63907	-50.51874	0	68	2021-09-26T07:54:58
4.64120	-50.51944	0	68	2021-09-26T07:59:55
4.64340	-50.52021	0	68	2021-09-26T08:04:55
4.64512	-50.52072	0	68	2021-09-26T08:09:54
4.64722	-50.52145	0	68	2021-09-26T08:14:56
4.64914	-50.52203	0	68	2021-09-26T08:19:54
4.65123	-50.52271	0	68	2021-09-26T08:24:52
4.65325	-50.52338	0	68	2021-09-26T08:29:52
4.65532	-50.52396	0	68	2021-09-26T08:34:53
4.65732	-50.52451	0	68	2021-09-26T08:39:51
4.65943	-50.52521	0	68	2021-09-26T08:44:54
4.66146	-50.52592	0	68	2021-09-26T08:49:52
4.66343	-50.52652	0	68	2021-09-26T08:54:52
4.66543	-50.52716	0	68	2021-09-26T08:59:50
4.66769	-50.52783	0	68	2021-09-26T09:05:25
4.66934	-50.52854	0	68	2021-09-26T09:09:52
4.67127	-50.52905	0	68	2021-09-26T09:14:52
4.67328	-50.52963	0	68	2021-09-26T09:19:52
4.67523	-50.53030	0	68	2021-09-26T09:24:54
4.67692	-50.53087	0	68	2021-09-26T09:29:55
4.67851	-50.53156	0	68	2021-09-26T09:34:55
4.67996	-50.53223	0	68	2021-09-26T09:39:53
4.68148	-50.53287	0	68	2021-09-26T09:44:54
4.68304	-50.53355	0	68	2021-09-26T09:49:54
4.68450	-50.53424	0	68	2021-09-26T09:54:55
4.68594	-50.53491	0	68	2021-09-26T09:59:53
4.68756	-50.53568	0	68	2021-09-26T10:05:28
4.68880	-50.53629	0	68	2021-09-26T10:09:54
4.69025	-50.53699	0	68	2021-09-26T10:14:52
4.69170	-50.53785	0	68	2021-09-26T10:19:56
4.69324	-50.53854	0	68	2021-09-26T10:24:56
4.69484	-50.53941	0	68	2021-09-26T10:29:57
4.69647	-50.54010	0	68	2021-09-26T10:34:57
4.69821	-50.54083	0	68	2021-09-26T10:39:58
4.69988	-50.54163	0	68	2021-09-26T10:44:56
4.70163	-50.54227	0	68	2021-09-26T10:49:53
4.70334	-50.54303	0	68	2021-09-26T10:54:55
4.70514	-50.54382	0	68	2021-09-26T10:59:56
4.70710	-50.54459	0	68	2021-09-26T11:04:52
4.70886	-50.54519	0	68	2021-09-26T11:09:53
4.71071	-50.54562	0	68	2021-09-26T11:14:53
4.71250	-50.54602	0	68	2021-09-26T11:19:54
4.71434	-50.54654	0	68	2021-09-26T11:24:54
4.71596	-50.54697	0	68	2021-09-26T11:29:52
4.71784	-50.54755	0	68	2021-09-26T11:34:49
4.71981	-50.54806	0	68	2021-09-26T11:39:50
4.72161	-50.54849	0	68	2021-09-26T11:44:50
4.72354	-50.54892	0	68	2021-09-26T11:49:49
4.72526	-50.54935	0	68	2021-09-26T11:54:50
4.72704	-50.54987	0	68	2021-09-26T11:59:49
4.72888	-50.55048	0	68	2021-09-26T12:05:25
4.73035	-50.55093	0	68	2021-09-26T12:09:48
4.73201	-50.55139	0	68	2021-09-26T12:14:45
4.73381	-50.55194	0	68	2021-09-26T12:19:48
4.73560	-50.55246	0	68	2021-09-26T12:24:46
4.73745	-50.55304	0	68	2021-09-26T12:29:46
4.73925	-50.55362	0	68	2021-09-26T12:34:44
4.74095	-50.55417	0	68	2021-09-26T12:39:45
4.74277	-50.55472	0	68	2021-09-26T12:44:42
4.74466	-50.55515	0	68	2021-09-26T12:49:44
4.74639	-50.55576	0	68	2021-09-26T12:54:44
4.74829	-50.55642	0	68	2021-09-26T13:00:08
4.75052	-50.55685	0	68	2021-09-26T13:05:09
4.75226	-50.55725	0	68	2021-09-26T13:09:46
4.75415	-50.55783	0	68	2021-09-26T13:14:46
4.75597	-50.55841	0	68	2021-09-26T13:19:48
4.75790	-50.55884	0	68	2021-09-26T13:24:48
4.75990	-50.55914	0	68	2021-09-26T13:29:45
4.76165	-50.55969	0	68	2021-09-26T13:34:44
4.76354	-50.56012	0	68	2021-09-26T13:39:43
4.76546	-50.56055	0	68	2021-09-26T13:44:40
4.76727	-50.56097	0	68	2021-09-26T13:49:39
4.76921	-50.56143	0	68	2021-09-26T13:54:39
4.77120	-50.56186	0	68	2021-09-26T13:59:43
4.77326	-50.56244	0	68	2021-09-26T14:05:07
4.77507	-50.56274	0	68	2021-09-26T14:09:38
4.77714	-50.56317	0	68	2021-09-26T14:14:42
4.77917	-50.56354	0	68	2021-09-26T14:19:42
4.78127	-50.56393	0	68	2021-09-26T14:24:44
4.78338	-50.56439	0	68	2021-09-26T14:29:45
4.78541	-50.56478	0	68	2021-09-26T14:34:44
4.78747	-50.56512	0	68	2021-09-26T14:39:43
4.78958	-50.56537	0	68	2021-09-26T14:44:44
4.79175	-50.56582	0	68	2021-09-26T14:49:41
4.79376	-50.56610	0	68	2021-09-26T14:54:41
4.79592	-50.56650	0	68	2021-09-26T14:59:42
4.79813	-50.56674	0	68	2021-09-26T15:04:54
4.80009	-50.56693	0	68	2021-09-26T15:09:37
4.80209	-50.56739	0	68	2021-09-26T15:14:37
4.80394	-50.56790	0	68	2021-09-26T15:19:37
4.80578	-50.56839	0	68	2021-09-26T15:24:39
4.80756	-50.56895	0	68	2021-09-26T15:29:39
4.80932	-50.56946	0	68	2021-09-26T15:34:39
4.81112	-50.56995	0	68	2021-09-26T15:39:38
4.81293	-50.57043	0	68	2021-09-26T15:44:38
4.81469	-50.57098	0	68	2021-09-26T15:49:36
4.81653	-50.57148	0	68	2021-09-26T15:54:36
4.81838	-50.57199	0	68	2021-09-26T15:59:36
4.82034	-50.57260	0	68	2021-09-26T16:05:04
4.82202	-50.57306	0	68	2021-09-26T16:09:32
4.82390	-50.57343	0	68	2021-09-26T16:14:35
4.82577	-50.57397	0	68	2021-09-26T16:19:33
4.82763	-50.57446	0	68	2021-09-26T16:24:38
4.82951	-50.57510	0	68	2021-09-26T16:29:37
4.83131	-50.57559	0	68	2021-09-26T16:34:35
4.83309	-50.57614	0	68	2021-09-26T16:39:37
4.83492	-50.57675	0	68	2021-09-26T16:44:37
4.83673	-50.57736	0	68	2021-09-26T16:49:38
4.84037	-50.57873	0	68	2021-09-26T16:59:40
4.84230	-50.57935	0	68	2021-09-26T17:04:58
4.84402	-50.57993	0	68	2021-09-26T17:09:41
4.84579	-50.58051	0	68	2021-09-26T17:14:39
4.84759	-50.58105	0	68	2021-09-26T17:19:42
4.84941	-50.58160	0	68	2021-09-26T17:24:40
4.85121	-50.58225	0	68	2021-09-26T17:29:41
4.85301	-50.58276	0	68	2021-09-26T17:34:41
4.85477	-50.58334	0	68	2021-09-26T17:39:39
4.85653	-50.58389	0	68	2021-09-26T17:44:42
4.85825	-50.58438	0	68	2021-09-26T17:49:39
4.85994	-50.58484	0	68	2021-09-26T17:54:42
4.86163	-50.58537	0	68	2021-09-26T17:59:57
4.86339	-50.58588	0	68	2021-09-26T18:04:57
4.86497	-50.58630	0	68	2021-09-26T18:09:39
4.86670	-50.58667	0	68	2021-09-26T18:14:37
4.86834	-50.58713	0	68	2021-09-26T18:19:34
4.87006	-50.58760	0	68	2021-09-26T18:24:32
4.87165	-50.58829	0	68	2021-09-26T18:29:32
4.87348	-50.58868	0	68	2021-09-26T18:34:33
4.87516	-50.58936	0	68	2021-09-26T18:39:34
4.87697	-50.58988	0	68	2021-09-26T18:44:34
4.87847	-50.59039	0	68	2021-09-26T18:49:34
4.88002	-50.59113	0	68	2021-09-26T18:54:32
4.88151	-50.59186	0	68	2021-09-26T18:59:33
4.88320	-50.59261	0	68	2021-09-26T19:04:34
4.88444	-50.59338	0	68	2021-09-26T19:09:35
4.88594	-50.59424	0	68	2021-09-26T19:14:33
4.88731	-50.59497	0	68	2021-09-26T19:19:36
4.88871	-50.59586	0	68	2021-09-26T19:24:34
4.89014	-50.59671	0	68	2021-09-26T19:29:34
4.89147	-50.59756	0	68	2021-09-26T19:34:35
4.89290	-50.59842	0	68	2021-09-26T19:39:33
4.89429	-50.59932	0	68	2021-09-26T19:44:33
4.89571	-50.60009	0	68	2021-09-26T19:49:34
4.89717	-50.60095	0	68	2021-09-26T19:54:34
4.89865	-50.60181	0	68	2021-09-26T19:59:32
4.90021	-50.60263	0	68	2021-09-26T20:04:56
4.90160	-50.60339	0	68	2021-09-26T20:09:27
4.90314	-50.60424	0	68	2021-09-26T20:14:30
4.90460	-50.60510	0	68	2021-09-26T20:19:30
4.90600	-50.60590	0	68	2021-09-26T20:24:28
4.90743	-50.60666	0	68	2021-09-26T20:29:29
4.90886	-50.60743	0	68	2021-09-26T20:34:27
4.91028	-50.60812	0	68	2021-09-26T20:39:27
4.91176	-50.60876	0	68	2021-09-26T20:44:28
4.91329	-50.60941	0	68	2021-09-26T20:49:24
4.91480	-50.61006	0	68	2021-09-26T20:54:26
4.91634	-50.61066	0	68	2021-09-26T20:59:26
4.91824	-50.61121	0	68	2021-09-26T21:04:54
4.91961	-50.61169	0	68	2021-09-26T21:09:25
4.92124	-50.61230	0	68	2021-09-26T21:14:25
4.92283	-50.61288	0	68	2021-09-26T21:19:26
4.92441	-50.61349	0	68	2021-09-26T21:24:24
4.92593	-50.61426	0	68	2021-09-26T21:29:23
4.92745	-50.61495	0	68	2021-09-26T21:34:25
4.92887	-50.61572	0	68	2021-09-26T21:39:25
4.93039	-50.61636	0	68	2021-09-26T21:44:23
4.93196	-50.61688	0	68	2021-09-26T21:49:20
4.93357	-50.61737	0	68	2021-09-26T21:54:21
4.93522	-50.61804	0	68	2021-09-26T21:59:22
4.93686	-50.61884	0	68	2021-09-26T22:04:57
4.93799	-50.61935	0	68	2021-09-26T22:09:23
4.93917	-50.62003	0	68	2021-09-26T22:14:21
4.94045	-50.62073	0	68	2021-09-26T22:19:24
4.94174	-50.62134	0	68	2021-09-26T22:24:22
4.94317	-50.62192	0	68	2021-09-26T22:29:23
4.94456	-50.62245	0	68	2021-09-26T22:34:24
4.94589	-50.62296	0	68	2021-09-26T22:39:24
4.94735	-50.62347	0	68	2021-09-26T22:44:25
4.94880	-50.62402	0	68	2021-09-26T22:49:23
4.95035	-50.62451	0	68	2021-09-26T22:54:24
4.95203	-50.62503	0	68	2021-09-26T22:59:24
4.95404	-50.62561	0	68	2021-09-26T23:04:58
4.95555	-50.62601	0	68	2021-09-26T23:09:26
4.95725	-50.62646	0	68	2021-09-26T23:14:23
4.95889	-50.62698	0	68	2021-09-26T23:19:24
4.96066	-50.62766	0	68	2021-09-26T23:24:23
4.96233	-50.62817	0	68	2021-09-26T23:29:22
4.96414	-50.62875	0	68	2021-09-26T23:34:23
4.96594	-50.62930	0	68	2021-09-26T23:39:20
4.96774	-50.62988	0	68	2021-09-26T23:44:20
4.96963	-50.63038	0	68	2021-09-26T23:49:20
4.97143	-50.63089	0	68	2021-09-26T23:54:19
4.97335	-50.63141	0	68	2021-09-26T23:59:20
4.97551	-50.63202	0	68	2021-09-27T00:04:55
4.97719	-50.63248	0	68	2021-09-27T00:09:18
4.97913	-50.63300	0	68	2021-09-27T00:14:24
4.98112	-50.63348	0	68	2021-09-27T00:19:23
4.98305	-50.63407	0	68	2021-09-27T00:24:22
4.98502	-50.63458	0	68	2021-09-27T00:29:21
4.98699	-50.63501	0	68	2021-09-27T00:34:21
4.98904	-50.63556	0	68	2021-09-27T00:39:23
4.99105	-50.63611	0	68	2021-09-27T00:44:20
4.99302	-50.63654	0	68	2021-09-27T00:49:20
4.99514	-50.63702	0	68	2021-09-27T00:54:17
4.99722	-50.63757	0	68	2021-09-27T00:59:14
4.99945	-50.63800	0	68	2021-09-27T01:04:15
5.00147	-50.63834	0	68	2021-09-27T01:09:15
5.00365	-50.63873	0	68	2021-09-27T01:14:12
5.00587	-50.63910	0	68	2021-09-27T01:19:13
5.00822	-50.63940	0	68	2021-09-27T01:24:13
5.01049	-50.63983	0	68	2021-09-27T01:29:15
5.01275	-50.64005	0	68	2021-09-27T01:34:12
5.01495	-50.64035	0	68	2021-09-27T01:39:14
5.01720	-50.64056	0	68	2021-09-27T01:44:14
5.01945	-50.64084	0	68	2021-09-27T01:49:15
5.02169	-50.64108	0	68	2021-09-27T01:54:12
5.02402	-50.64130	0	68	2021-09-27T01:59:13
5.02663	-50.64157	0	68	2021-09-27T02:04:39
5.02882	-50.64172	0	68	2021-09-27T02:09:13
5.03127	-50.64182	0	68	2021-09-27T02:14:14
5.03364	-50.64197	0	68	2021-09-27T02:19:11
5.03607	-50.64215	0	68	2021-09-27T02:24:12
5.03844	-50.64227	0	68	2021-09-27T02:29:10
5.04075	-50.64246	0	68	2021-09-27T02:34:07
5.04307	-50.64264	0	68	2021-09-27T02:39:04
5.04534	-50.64273	0	68	2021-09-27T02:44:05
5.04755	-50.64294	0	68	2021-09-27T02:49:06
5.04987	-50.64316	0	68	2021-09-27T02:54:06
5.05206	-50.64325	0	68	2021-09-27T02:59:07
5.05447	-50.64340	0	68	2021-09-27T03:04:26
5.05653	-50.64355	0	68	2021-09-27T03:09:06
5.05883	-50.64371	0	68	2021-09-27T03:14:06
5.06102	-50.64380	0	68	2021-09-27T03:19:07
5.06308	-50.64389	0	68	2021-09-27T03:24:07
5.06504	-50.64423	0	68	2021-09-27T03:29:09
5.06708	-50.64451	0	68	2021-09-27T03:34:16
5.06910	-50.64468	0	68	2021-09-27T03:39:15
5.07113	-50.64499	0	68	2021-09-27T03:44:11
5.07317	-50.64523	0	68	2021-09-27T03:49:15
5.07518	-50.64547	0	68	2021-09-27T03:54:14
5.07715	-50.64581	0	68	2021-09-27T03:59:14
5.07903	-50.64624	0	68	2021-09-27T04:04:37
5.08057	-50.64664	0	68	2021-09-27T04:09:14
5.08228	-50.64709	0	68	2021-09-27T04:14:12
5.08405	-50.64761	0	68	2021-09-27T04:19:13
5.08575	-50.64804	0	68	2021-09-27T04:24:10
5.08746	-50.64847	0	68	2021-09-27T04:29:11
5.08909	-50.64908	0	68	2021-09-27T04:34:12
5.09061	-50.64990	0	68	2021-09-27T04:39:16
5.09218	-50.65063	0	68	2021-09-27T04:44:14
5.09387	-50.65134	0	68	2021-09-27T04:49:17
5.09556	-50.65198	0	68	2021-09-27T04:54:16
5.09728	-50.65259	0	68	2021-09-27T04:59:20
5.09911	-50.65342	0	68	2021-09-27T05:04:20
5.10057	-50.65393	0	68	2021-09-27T05:09:19
5.10226	-50.65448	0	68	2021-09-27T05:14:18
5.10400	-50.65497	0	68	2021-09-27T05:19:16
5.10578	-50.65555	0	68	2021-09-27T05:24:17
5.10755	-50.65610	0	68	2021-09-27T05:29:22
5.10915	-50.65677	0	68	2021-09-27T05:34:19
5.11088	-50.65735	0	68	2021-09-27T05:39:20
5.11262	-50.65791	0	68	2021-09-27T05:44:16
5.11421	-50.65851	0	68	2021-09-27T05:49:16
5.11583	-50.65912	0	68	2021-09-27T05:54:17
5.11747	-50.65967	0	68	2021-09-27T05:59:15
5.11939	-50.66045	0	68	2021-09-27T06:04:16
5.12089	-50.66096	0	68	2021-09-27T06:09:16
5.12261	-50.66147	0	68	2021-09-27T06:14:16
5.12435	-50.66202	0	68	2021-09-27T06:19:14
5.12614	-50.66255	0	68	2021-09-27T06:24:16
5.12777	-50.66306	0	68	2021-09-27T06:29:17
5.12947	-50.66364	0	68	2021-09-27T06:34:16
5.13118	-50.66418	0	68	2021-09-27T06:39:18
5.13298	-50.66469	0	68	2021-09-27T06:44:14
5.13464	-50.66528	0	68	2021-09-27T06:49:16
5.13637	-50.66589	0	68	2021-09-27T06:54:13
5.13803	-50.66644	0	68	2021-09-27T06:59:14
5.13992	-50.66705	0	68	2021-09-27T07:04:11
5.14151	-50.66748	0	68	2021-09-27T07:09:12
5.14320	-50.66806	0	68	2021-09-27T07:14:13
5.14492	-50.66870	0	68	2021-09-27T07:19:12
5.14659	-50.66931	0	68	2021-09-27T07:24:10
5.14831	-50.67002	0	68	2021-09-27T07:29:11
5.15003	-50.67053	0	68	2021-09-27T07:34:11
5.15169	-50.67114	0	68	2021-09-27T07:39:12
5.15331	-50.67181	0	68	2021-09-27T07:44:10
5.15487	-50.67258	0	68	2021-09-27T07:49:11
5.15646	-50.67336	0	68	2021-09-27T07:54:23
5.15805	-50.67396	0	68	2021-09-27T07:59:24
5.15972	-50.67465	0	68	2021-09-27T08:04:24
5.16116	-50.67535	0	68	2021-09-27T08:09:10
5.16268	-50.67621	0	68	2021-09-27T08:14:07
5.16416	-50.67725	0	68	2021-09-27T08:19:08
5.16556	-50.67825	0	68	2021-09-27T08:24:09
5.16704	-50.67923	0	68	2021-09-27T08:29:07
5.16855	-50.68011	0	68	2021-09-27T08:34:06
5.17001	-50.68106	0	68	2021-09-27T08:39:05
5.17141	-50.68201	0	68	2021-09-27T08:44:05
5.17283	-50.68301	0	68	2021-09-27T08:49:06
5.17423	-50.68404	0	68	2021-09-27T08:54:26
5.17564	-50.68488	0	68	2021-09-27T08:59:06
5.17719	-50.68576	0	68	2021-09-27T09:04:26
5.17858	-50.68658	0	68	2021-09-27T09:09:05
5.18009	-50.68741	0	68	2021-09-27T09:14:05
5.18159	-50.68820	0	68	2021-09-27T09:19:07
5.18309	-50.68893	0	68	2021-09-27T09:24:04
5.18462	-50.68967	0	68	2021-09-27T09:29:06
5.18615	-50.69048	0	68	2021-09-27T09:34:06
5.18769	-50.69125	0	68	2021-09-27T09:39:06
5.18927	-50.69205	0	68	2021-09-27T09:44:04
5.19086	-50.69269	0	68	2021-09-27T09:49:07
5.19254	-50.69350	0	68	2021-09-27T09:54:06
5.19413	-50.69427	0	68	2021-09-27T09:59:06
5.19591	-50.69504	0	68	2021-09-27T10:04:23
5.19739	-50.69589	0	68	2021-09-27T10:09:08
5.19893	-50.69659	0	68	2021-09-27T10:14:06
5.20034	-50.69755	0	68	2021-09-27T10:19:10
5.20163	-50.69858	0	68	2021-09-27T10:24:10
5.20302	-50.69952	0	68	2021-09-27T10:29:07
5.20452	-50.70041	0	68	2021-09-27T10:34:05
5.20591	-50.70132	0	68	2021-09-27T10:39:09
5.20731	-50.70232	0	68	2021-09-27T10:44:05
5.20873	-50.70309	0	68	2021-09-27T10:49:04
5.21015	-50.70398	0	68	2021-09-27T10:54:03
5.21156	-50.70490	0	68	2021-09-27T10:59:02
5.21298	-50.70590	0	68	2021-09-27T11:04:25
5.21425	-50.70697	0	68	2021-09-27T11:09:04
5.21552	-50.70801	0	68	2021-09-27T11:14:07
5.21686	-50.70914	0	68	2021-09-27T11:19:08
5.21829	-50.71021	0	68	2021-09-27T11:24:06
5.21979	-50.71134	0	68	2021-09-27T11:29:05
5.22125	-50.71228	0	68	2021-09-27T11:34:04
5.22280	-50.71323	0	68	2021-09-27T11:39:08
5.22434	-50.71426	0	68	2021-09-27T11:44:05
5.22558	-50.71538	0	68	2021-09-27T11:49:06
5.22665	-50.71667	0	68	2021-09-27T11:54:06
5.22771	-50.71796	0	68	2021-09-27T11:59:04
5.22916	-50.71918	0	68	2021-09-27T12:04:26
5.23032	-50.72021	0	68	2021-09-27T12:09:05
5.23169	-50.72113	0	68	2021-09-27T12:14:06
5.23308	-50.72208	0	68	2021-09-27T12:19:07
5.23450	-50.72311	0	68	2021-09-27T12:24:04
5.23587	-50.72397	0	68	2021-09-27T12:29:04
5.23724	-50.72491	0	68	2021-09-27T12:34:04
5.23868	-50.72586	0	68	2021-09-27T12:39:04
5.24015	-50.72681	0	68	2021-09-27T12:44:07
5.24159	-50.72781	0	68	2021-09-27T12:49:08
5.24317	-50.72870	0	68	2021-09-27T12:54:17
5.24472	-50.72958	0	68	2021-09-27T12:59:10
5.24662	-50.73053	0	68	2021-09-27T13:04:54
5.24794	-50.73129	0	68	2021-09-27T13:09:12
5.24953	-50.73212	0	68	2021-09-27T13:14:15
5.25114	-50.73297	0	68	2021-09-27T13:19:16
5.25272	-50.73383	0	68	2021-09-27T13:24:14
5.25432	-50.73474	0	68	2021-09-27T13:29:15
5.25596	-50.73560	0	68	2021-09-27T13:34:16
5.25768	-50.73648	0	68	2021-09-27T13:39:18
5.25944	-50.73739	0	68	2021-09-27T13:44:16
5.26124	-50.73816	0	68	2021-09-27T13:49:15
5.26308	-50.73901	0	68	2021-09-27T13:54:18
5.26502	-50.73981	0	68	2021-09-27T13:59:17
5.26714	-50.74069	0	68	2021-09-27T14:04:56
5.26870	-50.74146	0	68	2021-09-27T14:09:19
5.27052	-50.74213	0	68	2021-09-27T14:14:19
5.27235	-50.74290	0	68	2021-09-27T14:19:17
5.27420	-50.74350	0	68	2021-09-27T14:24:17
5.27606	-50.74414	0	68	2021-09-27T14:29:18
5.27786	-50.74472	0	68	2021-09-27T14:34:17
5.27967	-50.74543	0	68	2021-09-27T14:39:16
5.28147	-50.74603	0	68	2021-09-27T14:44:16
5.28325	-50.74670	0	68	2021-09-27T14:49:17
5.28510	-50.74734	0	68	2021-09-27T14:54:18
5.28693	-50.74799	0	68	2021-09-27T14:59:19
5.28897	-50.74872	0	68	2021-09-27T15:04:54
5.29059	-50.74930	0	68	2021-09-27T15:09:17
5.29244	-50.74991	0	68	2021-09-27T15:14:20
5.29438	-50.75053	0	68	2021-09-27T15:19:21
5.29631	-50.75104	0	68	2021-09-27T15:24:20
5.29829	-50.75159	0	68	2021-09-27T15:29:19
5.30033	-50.75208	0	68	2021-09-27T15:34:21
5.30235	-50.75253	0	68	2021-09-27T15:39:19
5.30442	-50.75293	0	68	2021-09-27T15:44:22
5.30649	-50.75333	0	68	2021-09-27T15:49:23
5.30852	-50.75378	0	68	2021-09-27T15:54:21
5.31054	-50.75421	0	68	2021-09-27T15:59:21
5.31283	-50.75479	0	68	2021-09-27T16:04:53
5.31463	-50.75519	0	68	2021-09-27T16:09:18
5.31658	-50.75565	0	68	2021-09-27T16:14:15
5.31857	-50.75607	0	68	2021-09-27T16:19:16
5.32048	-50.75650	0	68	2021-09-27T16:24:14
5.32244	-50.75696	0	68	2021-09-27T16:29:15
5.32440	-50.75748	0	68	2021-09-27T16:34:15
5.32634	-50.75803	0	68	2021-09-27T16:39:16
5.32829	-50.75854	0	68	2021-09-27T16:44:17
5.33026	-50.75897	0	68	2021-09-27T16:49:17
5.33223	-50.75943	0	68	2021-09-27T16:54:16
5.33425	-50.75977	0	68	2021-09-27T16:59:17
5.33656	-50.76019	0	68	2021-09-27T17:04:53
5.33828	-50.76047	0	68	2021-09-27T17:09:17
5.34029	-50.76083	0	68	2021-09-27T17:14:15
5.34221	-50.76120	0	68	2021-09-27T17:19:16
5.34405	-50.76161	0	68	2021-09-27T17:24:17
5.34581	-50.76212	0	68	2021-09-27T17:29:17
5.34754	-50.76257	0	68	2021-09-27T17:34:17
5.34935	-50.76297	0	68	2021-09-27T17:39:19
5.35111	-50.76337	0	68	2021-09-27T17:44:19
5.35285	-50.76382	0	68	2021-09-27T17:49:17
5.35460	-50.76422	0	68	2021-09-27T17:54:21
5.35635	-50.76462	0	68	2021-09-27T17:59:20
5.35830	-50.76520	0	68	2021-09-27T18:04:55
5.35989	-50.76565	0	68	2021-09-27T18:09:24
5.36161	-50.76599	0	68	2021-09-27T18:14:24
5.36336	-50.76633	0	68	2021-09-27T18:19:26
5.36513	-50.76669	0	68	2021-09-27T18:24:24
5.36683	-50.76724	0	68	2021-09-27T18:29:28
5.36846	-50.76758	0	68	2021-09-27T18:34:28
5.37008	-50.76797	0	68	2021-09-27T18:39:26
5.37171	-50.76840	0	68	2021-09-27T18:44:23
5.37333	-50.76889	0	68	2021-09-27T18:49:22
5.37487	-50.76923	0	68	2021-09-27T18:54:21
5.37636	-50.76968	0	68	2021-09-27T18:59:20
5.37809	-50.77026	0	68	2021-09-27T19:04:23
5.37937	-50.77057	0	68	2021-09-27T19:09:22
5.38084	-50.77103	0	68	2021-09-27T19:14:23
5.38230	-50.77151	0	68	2021-09-27T19:19:21
5.38371	-50.77197	0	68	2021-09-27T19:24:18
5.38506	-50.77246	0	68	2021-09-27T19:29:19
5.38629	-50.77295	0	68	2021-09-27T19:34:20
5.38753	-50.77344	0	68	2021-09-27T19:39:18
5.38878	-50.77390	0	68	2021-09-27T19:44:21
5.39007	-50.77429	0	68	2021-09-27T19:49:19
5.39137	-50.77472	0	68	2021-09-27T19:54:18
5.39269	-50.77518	0	68	2021-09-27T19:59:19
5.39425	-50.77557	0	68	2021-09-27T20:04:56
5.39536	-50.77588	0	68	2021-09-27T20:09:19
5.39659	-50.77631	0	68	2021-09-27T20:14:18
5.39780	-50.77679	0	68	2021-09-27T20:19:17
5.39892	-50.77713	0	68	2021-09-27T20:24:17
5.39997	-50.77762	0	68	2021-09-27T20:29:17
5.40101	-50.77808	0	68	2021-09-27T20:34:18
5.40204	-50.77856	0	68	2021-09-27T20:39:16
5.40298	-50.77890	0	68	2021-09-27T20:44:17
5.40395	-50.77936	0	68	2021-09-27T20:49:17
5.40493	-50.77975	0	68	2021-09-27T20:54:14
5.40583	-50.78021	0	68	2021-09-27T20:59:37
5.40665	-50.78064	0	68	2021-09-27T21:04:36
5.40728	-50.78116	0	68	2021-09-27T21:09:13
5.40793	-50.78174	0	68	2021-09-27T21:14:10
5.40858	-50.78235	0	68	2021-09-27T21:19:10
5.40927	-50.78297	0	68	2021-09-27T21:24:07
5.40991	-50.78348	0	68	2021-09-27T21:29:06
5.41057	-50.78394	0	68	2021-09-27T21:34:06
5.41123	-50.78449	0	68	2021-09-27T21:39:03
5.41183	-50.78500	0	68	2021-09-27T21:44:04
5.41235	-50.78552	0	68	2021-09-27T21:49:04
5.41289	-50.78604	0	68	2021-09-27T21:54:02
5.41341	-50.78659	0	68	2021-09-27T21:59:05
5.41401	-50.78723	0	68	2021-09-27T22:04:26
5.41449	-50.78781	0	68	2021-09-27T22:09:08
5.41502	-50.78839	0	68	2021-09-27T22:14:09
5.41550	-50.78900	0	68	2021-09-27T22:19:09
5.41593	-50.78961	0	68	2021-09-27T22:24:07
5.41650	-50.79019	0	68	2021-09-27T22:29:10
5.41711	-50.79065	0	68	2021-09-27T22:34:11
5.41763	-50.79120	0	68	2021-09-27T22:39:09
5.41822	-50.79172	0	68	2021-09-27T22:44:11
5.41883	-50.79243	0	68	2021-09-27T22:49:11
5.41934	-50.79294	0	68	2021-09-27T22:54:11
5.42006	-50.79361	0	68	2021-09-27T22:59:09
5.42044	-50.79410	0	68	2021-09-27T23:04:28
5.42087	-50.79483	0	68	2021-09-27T23:09:07
5.42128	-50.79562	0	68	2021-09-27T23:14:08
5.42168	-50.79633	0	68	2021-09-27T23:19:05
5.42207	-50.79709	0	68	2021-09-27T23:24:08
5.42255	-50.79800	0	68	2021-09-27T23:29:09
5.42292	-50.79865	0	68	2021-09-27T23:34:07
5.42333	-50.79938	0	68	2021-09-27T23:39:08
5.42374	-50.80014	0	68	2021-09-27T23:44:08
5.42411	-50.80090	0	68	2021-09-27T23:49:06
5.42448	-50.80173	0	68	2021-09-27T23:54:07
5.42479	-50.80261	0	68	2021-09-27T23:59:07
5.42514	-50.80341	0	68	2021-09-28T00:04:27
5.42545	-50.80437	0	68	2021-09-28T00:09:08
5.42575	-50.80523	0	68	2021-09-28T00:14:07
5.42609	-50.80600	0	68	2021-09-28T00:19:07
5.42645	-50.80685	0	68	2021-09-28T00:24:10
5.42680	-50.80773	0	68	2021-09-28T00:29:09
5.42719	-50.80859	0	68	2021-09-28T00:34:09
5.42770	-50.80951	0	68	2021-09-28T00:39:06
5.42824	-50.81061	0	68	2021-09-28T00:44:04
5.42893	-50.81189	0	68	2021-09-28T00:49:05
5.42962	-50.81317	0	68	2021-09-28T00:54:06
5.43029	-50.81421	0	68	2021-09-28T00:59:03
5.43090	-50.81512	0	68	2021-09-28T01:04:25
5.43147	-50.81601	0	68	2021-09-28T01:09:10
5.43210	-50.81680	0	68	2021-09-28T01:14:09
5.43276	-50.81760	0	68	2021-09-28T01:19:09
5.43342	-50.81842	0	68	2021-09-28T01:24:10
5.43402	-50.81918	0	68	2021-09-28T01:29:10
5.43466	-50.81989	0	68	2021-09-28T01:34:12
5.43538	-50.82062	0	68	2021-09-28T01:39:10
5.43599	-50.82129	0	68	2021-09-28T01:44:13
5.43655	-50.82184	0	68	2021-09-28T01:49:14
5.43703	-50.82242	0	68	2021-09-28T01:54:12
5.43765	-50.82306	0	68	2021-09-28T01:59:12
5.43840	-50.82391	0	68	2021-09-28T02:04:37
5.43892	-50.82449	0	68	2021-09-28T02:09:13
5.43946	-50.82504	0	68	2021-09-28T02:14:14
5.44008	-50.82572	0	68	2021-09-28T02:19:13
5.44077	-50.82632	0	68	2021-09-28T02:24:13
5.44153	-50.82697	0	68	2021-09-28T02:29:13
5.44215	-50.82751	0	68	2021-09-28T02:34:15
5.44287	-50.82807	0	68	2021-09-28T02:39:15
5.44360	-50.82867	0	68	2021-09-28T02:44:15
5.44432	-50.82925	0	68	2021-09-28T02:49:13
5.44501	-50.82974	0	68	2021-09-28T02:54:14
5.44575	-50.83023	0	68	2021-09-28T02:59:15
5.44655	-50.83081	0	68	2021-09-28T03:04:39
5.44730	-50.83124	0	68	2021-09-28T03:09:16
5.44806	-50.83167	0	68	2021-09-28T03:14:14
5.44896	-50.83215	0	68	2021-09-28T03:19:11
5.44973	-50.83258	0	68	2021-09-28T03:24:11
5.45042	-50.83292	0	68	2021-09-28T03:29:11
5.45110	-50.83328	0	68	2021-09-28T03:34:12
5.45186	-50.83368	0	68	2021-09-28T03:39:10
5.45260	-50.83408	0	68	2021-09-28T03:44:11
5.45336	-50.83444	0	68	2021-09-28T03:49:09
5.45410	-50.83487	0	68	2021-09-28T03:54:12
5.45485	-50.83530	0	68	2021-09-28T03:59:10
5.45575	-50.83590	0	68	2021-09-28T04:04:11
5.45622	-50.83624	0	68	2021-09-28T04:09:12
5.45699	-50.83658	0	68	2021-09-28T04:14:12
5.45773	-50.83694	0	68	2021-09-28T04:19:10
5.45847	-50.83725	0	68	2021-09-28T04:24:11
5.45929	-50.83768	0	68	2021-09-28T04:29:11
5.46013	-50.83810	0	68	2021-09-28T04:34:09
5.46105	-50.83856	0	68	2021-09-28T04:39:14
5.46214	-50.83911	0	68	2021-09-28T04:44:14
5.46322	-50.83957	0	68	2021-09-28T04:49:15
5.46426	-50.83984	0	68	2021-09-28T04:54:14
5.46537	-50.84018	0	68	2021-09-28T04:59:16
5.46662	-50.84064	0	68	2021-09-28T05:04:37
5.46754	-50.84097	0	68	2021-09-28T05:09:14
5.46866	-50.84131	0	68	2021-09-28T05:14:14
5.46971	-50.84171	0	68	2021-09-28T05:19:16
5.47072	-50.84201	0	68	2021-09-28T05:24:17
5.47171	-50.84238	0	68	2021-09-28T05:29:16
5.47277	-50.84283	0	68	2021-09-28T05:34:15
5.47371	-50.84323	0	68	2021-09-28T05:39:16
5.47475	-50.84360	0	68	2021-09-28T05:44:16
5.47588	-50.84405	0	68	2021-09-28T05:49:17
5.47691	-50.84439	0	68	2021-09-28T05:54:17
5.47800	-50.84485	0	68	2021-09-28T05:59:19
5.47923	-50.84534	0	68	2021-09-28T06:04:57
5.48018	-50.84573	0	68	2021-09-28T06:09:20
5.48122	-50.84607	0	68	2021-09-28T06:14:18
5.48241	-50.84650	0	68	2021-09-28T06:19:19
5.48355	-50.84686	0	68	2021-09-28T06:24:19
5.48461	-50.84723	0	68	2021-09-28T06:29:20
5.48581	-50.84768	0	68	2021-09-28T06:34:18
5.48697	-50.84811	0	68	2021-09-28T06:39:18
5.48935	-50.84914	0	68	2021-09-28T06:49:16
5.49052	-50.84964	0	68	2021-09-28T06:54:18
5.49162	-50.85016	0	68	2021-09-28T06:59:16
5.49295	-50.85083	0	68	2021-09-28T07:04:56
5.49390	-50.85135	0	68	2021-09-28T07:09:15
5.49502	-50.85184	0	68	2021-09-28T07:14:16
5.49624	-50.85236	0	68	2021-09-28T07:19:13
5.49746	-50.85291	0	68	2021-09-28T07:24:10
5.49859	-50.85342	0	68	2021-09-28T07:29:11
5.49979	-50.85401	0	68	2021-09-28T07:34:09
5.50091	-50.85452	0	68	2021-09-28T07:39:09
5.50209	-50.85510	0	68	2021-09-28T07:44:10
5.50328	-50.85568	0	68	2021-09-28T07:49:07
5.50433	-50.85611	0	68	2021-09-28T07:54:04
5.50546	-50.85667	0	68	2021-09-28T07:59:28
5.50666	-50.85727	0	68	2021-09-28T08:04:28
5.50766	-50.85785	0	68	2021-09-28T08:09:03
5.50861	-50.85840	0	68	2021-09-28T08:14:02
5.50970	-50.85901	0	68	2021-09-28T08:18:59
5.51080	-50.85969	0	68	2021-09-28T08:24:01
5.51179	-50.86029	0	68	2021-09-28T08:29:01
5.51274	-50.86096	0	68	2021-09-28T08:33:59
5.51371	-50.86180	0	68	2021-09-28T08:39:00
5.51448	-50.86249	0	68	2021-09-28T08:44:00
5.51525	-50.86322	0	68	2021-09-28T08:49:01
5.51608	-50.86407	0	68	2021-09-28T08:53:59
5.51682	-50.86490	0	68	2021-09-28T08:59:00
5.51772	-50.86559	0	68	2021-09-28T09:04:00
5.51849	-50.86636	0	68	2021-09-28T09:09:00
5.51933	-50.86716	0	68	2021-09-28T09:13:57
5.52013	-50.86792	0	68	2021-09-28T09:18:56
5.52095	-50.86880	0	68	2021-09-28T09:23:53
5.52174	-50.86963	0	68	2021-09-28T09:28:53
5.52248	-50.87048	0	68	2021-09-28T09:33:50
5.52326	-50.87137	0	68	2021-09-28T09:38:51
5.52403	-50.87222	0	68	2021-09-28T09:43:48
5.52483	-50.87302	0	68	2021-09-28T09:48:49
5.52570	-50.87384	0	68	2021-09-28T09:53:50
5.52654	-50.87473	0	68	2021-09-28T09:58:49
5.52744	-50.87561	0	68	2021-09-28T10:04:25
5.52819	-50.87634	0	68	2021-09-28T10:08:47
5.52913	-50.87714	0	68	2021-09-28T10:13:49
5.53000	-50.87787	0	68	2021-09-28T10:18:46
5.53091	-50.87863	0	68	2021-09-28T10:23:46
5.53182	-50.87943	0	68	2021-09-28T10:28:48
5.53268	-50.88025	0	68	2021-09-28T10:33:45
5.53356	-50.88104	0	68	2021-09-28T10:38:47
5.53453	-50.88196	0	68	2021-09-28T10:43:46
5.53546	-50.88287	0	68	2021-09-28T10:48:48
5.53641	-50.88382	0	68	2021-09-28T10:53:47
5.53743	-50.88480	0	68	2021-09-28T10:58:49
5.53845	-50.88596	0	68	2021-09-28T11:04:24
5.53932	-50.88687	0	68	2021-09-28T11:08:50
5.54030	-50.88795	0	68	2021-09-28T11:13:48
5.54129	-50.88907	0	68	2021-09-28T11:18:48
5.54224	-50.89020	0	68	2021-09-28T11:23:49
5.54321	-50.89139	0	68	2021-09-28T11:28:51
5.54417	-50.89263	0	68	2021-09-28T11:33:51
5.54516	-50.89383	0	68	2021-09-28T11:38:51
5.54614	-50.89508	0	68	2021-09-28T11:43:50
5.54718	-50.89633	0	68	2021-09-28T11:48:51
5.54818	-50.89754	0	68	2021-09-28T11:53:51
5.54921	-50.89883	0	68	2021-09-28T11:58:51
5.55034	-50.90027	0	68	2021-09-28T12:04:24
5.55123	-50.90140	0	68	2021-09-28T12:08:49
5.55230	-50.90265	0	68	2021-09-28T12:13:47
5.55336	-50.90392	0	68	2021-09-28T12:18:45
5.55439	-50.90512	0	68	2021-09-28T12:23:45
5.55666	-50.90773	0	68	2021-09-28T12:33:43
5.55773	-50.90902	0	68	2021-09-28T12:38:43
5.55880	-50.91031	0	68	2021-09-28T12:43:43
5.55990	-50.91159	0	68	2021-09-28T12:48:41
5.56103	-50.91289	0	68	2021-09-28T12:53:42
5.56215	-50.91418	0	68	2021-09-28T12:58:43
5.56345	-50.91570	0	68	2021-09-28T13:03:41
5.56448	-50.91690	0	68	2021-09-28T13:08:41
5.56567	-50.91830	0	68	2021-09-28T13:13:41
5.56688	-50.91971	0	68	2021-09-28T13:18:41
5.56804	-50.92108	0	68	2021-09-28T13:23:39
5.56925	-50.92245	0	68	2021-09-28T13:28:41
5.57045	-50.92377	0	68	2021-09-28T13:33:41
5.57162	-50.92508	0	68	2021-09-28T13:38:42
5.57288	-50.92645	0	68	2021-09-28T13:43:42
5.57413	-50.92780	0	68	2021-09-28T13:48:44
5.57536	-50.92914	0	68	2021-09-28T13:53:43
5.57661	-50.93045	0	68	2021-09-28T13:58:45
5.57806	-50.93193	0	68	2021-09-28T14:03:39
5.57923	-50.93307	0	68	2021-09-28T14:08:43
5.58055	-50.93442	0	68	2021-09-28T14:13:40
5.58187	-50.93582	0	68	2021-09-28T14:18:40
5.58323	-50.93726	0	68	2021-09-28T14:23:38
5.58463	-50.93860	0	68	2021-09-28T14:28:38
5.58609	-50.93988	0	68	2021-09-28T14:33:36
5.58759	-50.94122	0	68	2021-09-28T14:38:37
5.58908	-50.94259	0	68	2021-09-28T14:43:35
5.59062	-50.94388	0	68	2021-09-28T14:48:35
5.59218	-50.94513	0	68	2021-09-28T14:53:34
5.59380	-50.94635	0	68	2021-09-28T14:58:35
5.59552	-50.94766	0	68	2021-09-28T15:03:57
5.59701	-50.94876	0	68	2021-09-28T15:08:31
5.59864	-50.94992	0	68	2021-09-28T15:13:34
5.60027	-50.95102	0	68	2021-09-28T15:18:36
5.60205	-50.95220	0	68	2021-09-28T15:23:34
5.60351	-50.95331	0	68	2021-09-28T15:28:37
5.60505	-50.95435	0	68	2021-09-28T15:33:35
5.60669	-50.95545	0	68	2021-09-28T15:38:34
5.60854	-50.95657	0	68	2021-09-28T15:43:33
5.60987	-50.95759	0	68	2021-09-28T15:48:33
5.61146	-50.95853	0	68	2021-09-28T15:53:34
5.61308	-50.95953	0	68	2021-09-28T15:58:31
5.61498	-50.96066	0	68	2021-09-28T16:03:56
5.61637	-50.96155	0	68	2021-09-28T16:08:29
5.61804	-50.96249	0	68	2021-09-28T16:13:30
5.61969	-50.96344	0	68	2021-09-28T16:18:27
5.62139	-50.96447	0	68	2021-09-28T16:23:27
5.62302	-50.96533	0	68	2021-09-28T16:28:26
5.62470	-50.96619	0	68	2021-09-28T16:33:29
5.62632	-50.96707	0	68	2021-09-28T16:38:27
5.62801	-50.96799	0	68	2021-09-28T16:43:28
5.62962	-50.96887	0	68	2021-09-28T16:48:24
5.63126	-50.96982	0	68	2021-09-28T16:53:22
5.63286	-50.97070	0	68	2021-09-28T16:58:23
5.63466	-50.97174	0	68	2021-09-28T17:03:54
5.63603	-50.97253	0	68	2021-09-28T17:08:16
5.63766	-50.97348	0	68	2021-09-28T17:13:14
5.63926	-50.97443	0	68	2021-09-28T17:18:13
5.64087	-50.97534	0	68	2021-09-28T17:23:11
5.64248	-50.97632	0	68	2021-09-28T17:28:12
5.64411	-50.97732	0	68	2021-09-28T17:33:12
5.64570	-50.97818	0	68	2021-09-28T17:38:11
5.64732	-50.97910	0	68	2021-09-28T17:43:12
5.64891	-50.98007	0	68	2021-09-28T17:48:11
5.65050	-50.98105	0	68	2021-09-28T17:53:13
5.65214	-50.98193	0	68	2021-09-28T17:58:16
5.65381	-50.98294	0	68	2021-09-28T18:03:36
5.65529	-50.98386	0	68	2021-09-28T18:08:14
5.65685	-50.98489	0	68	2021-09-28T18:13:19
5.65839	-50.98575	0	68	2021-09-28T18:18:18
5.65993	-50.98666	0	68	2021-09-28T18:23:18
5.66147	-50.98764	0	68	2021-09-28T18:28:19
5.66300	-50.98855	0	68	2021-09-28T18:33:20
5.66450	-50.98941	0	68	2021-09-28T18:38:20
5.66603	-50.99036	0	68	2021-09-28T18:43:20
5.66751	-50.99127	0	68	2021-09-28T18:48:18
5.66900	-50.99213	0	68	2021-09-28T18:53:19
5.67050	-50.99305	0	68	2021-09-28T18:58:54
5.67213	-50.99408	0	68	2021-09-28T19:03:54
5.67342	-50.99487	0	68	2021-09-28T19:08:18
5.67491	-50.99582	0	68	2021-09-28T19:13:15
5.67644	-50.99683	0	68	2021-09-28T19:18:15
5.67781	-50.99777	0	68	2021-09-28T19:23:15
5.67918	-50.99863	0	68	2021-09-28T19:28:14
5.68059	-50.99957	0	68	2021-09-28T19:33:14
5.68200	-51.00052	0	68	2021-09-28T19:38:11
5.68336	-51.00140	0	68	2021-09-28T19:43:13
5.68467	-51.00232	0	68	2021-09-28T19:48:13
5.68600	-51.00329	0	68	2021-09-28T19:53:10
5.68729	-51.00415	0	68	2021-09-28T19:58:11
5.68873	-51.00522	0	68	2021-09-28T20:03:08
5.68994	-51.00607	0	68	2021-09-28T20:08:09
5.69126	-51.00702	0	68	2021-09-28T20:13:08
5.69258	-51.00806	0	68	2021-09-28T20:18:09
5.69389	-51.00906	0	68	2021-09-28T20:23:06
5.69524	-51.01013	0	68	2021-09-28T20:28:04
5.69660	-51.01111	0	68	2021-09-28T20:33:05
5.69800	-51.01212	0	68	2021-09-28T20:38:03
5.69943	-51.01310	0	68	2021-09-28T20:43:03
5.70080	-51.01404	0	68	2021-09-28T20:48:04
5.70223	-51.01498	0	68	2021-09-28T20:53:05
5.70367	-51.01593	0	68	2021-09-28T20:58:03
5.70526	-51.01699	0	68	2021-09-28T21:03:06
5.70655	-51.01785	0	68	2021-09-28T21:08:06
5.70794	-51.01880	0	68	2021-09-28T21:13:04
5.70939	-51.01968	0	68	2021-09-28T21:18:04
5.71091	-51.02062	0	68	2021-09-28T21:23:02
5.71235	-51.02145	0	68	2021-09-28T21:28:03
5.71387	-51.02234	0	68	2021-09-28T21:33:01
5.71542	-51.02322	0	68	2021-09-28T21:38:00
5.71696	-51.02408	0	68	2021-09-28T21:43:02
5.71852	-51.02496	0	68	2021-09-28T21:48:01
5.72010	-51.02582	0	68	2021-09-28T21:53:02
5.72172	-51.02670	0	68	2021-09-28T21:58:00
5.72354	-51.02744	0	68	2021-09-28T22:03:25
5.72499	-51.02823	0	68	2021-09-28T22:08:02
5.72658	-51.02899	0	68	2021-09-28T22:12:59
5.72820	-51.02972	0	68	2021-09-28T22:17:57
5.72977	-51.03036	0	68	2021-09-28T22:22:54
5.73137	-51.03110	0	68	2021-09-28T22:27:54
5.73292	-51.03174	0	68	2021-09-28T22:32:51
5.73454	-51.03253	0	68	2021-09-28T22:37:51
5.73613	-51.03320	0	68	2021-09-28T22:42:49
5.73773	-51.03384	0	68	2021-09-28T22:47:50
5.73931	-51.03462	0	68	2021-09-28T22:52:51
5.74090	-51.03522	0	68	2021-09-28T22:57:51
5.74262	-51.03586	0	68	2021-09-28T23:03:27
5.74384	-51.03638	0	68	2021-09-28T23:07:50
5.74526	-51.03707	0	68	2021-09-28T23:12:47
5.74659	-51.03754	0	68	2021-09-28T23:17:50
5.74796	-51.03809	0	68	2021-09-28T23:22:48
5.74932	-51.03864	0	68	2021-09-28T23:27:48
5.75066	-51.03925	0	68	2021-09-28T23:32:46
5.75200	-51.03983	0	68	2021-09-28T23:37:47
5.75326	-51.04041	0	68	2021-09-28T23:42:44
5.75450	-51.04099	0	68	2021-09-28T23:47:42
5.75577	-51.04155	0	68	2021-09-28T23:53:07
5.75693	-51.04206	0	68	2021-09-28T23:58:06
5.75826	-51.04257	0	68	2021-09-29T00:03:06
5.75935	-51.04309	0	68	2021-09-29T00:07:44
5.76056	-51.04364	0	68	2021-09-29T00:12:41
5.76174	-51.04423	0	68	2021-09-29T00:17:43
5.76290	-51.04474	0	68	2021-09-29T00:22:43
5.76405	-51.04543	0	68	2021-09-29T00:27:40
5.76517	-51.04594	0	68	2021-09-29T00:32:41
5.76629	-51.04645	0	68	2021-09-29T00:37:41
5.76741	-51.04703	0	68	2021-09-29T00:42:42
5.76847	-51.04767	0	68	2021-09-29T00:47:40
5.76947	-51.04825	0	68	2021-09-29T00:52:41
5.77053	-51.04889	0	68	2021-09-29T00:57:38
5.77162	-51.04947	0	68	2021-09-29T01:02:54
5.77261	-51.05005	0	68	2021-09-29T01:07:38
5.77365	-51.05060	0	68	2021-09-29T01:12:39
5.77468	-51.05112	0	68	2021-09-29T01:17:37
5.77571	-51.05167	0	68	2021-09-29T01:22:38
5.77677	-51.05222	0	68	2021-09-29T01:27:35
5.77777	-51.05271	0	68	2021-09-29T01:32:34
5.77876	-51.05322	0	68	2021-09-29T01:37:33
5.77975	-51.05374	0	68	2021-09-29T01:42:34
5.78082	-51.05435	0	68	2021-09-29T01:47:33
5.78176	-51.05478	0	68	2021-09-29T01:52:32
5.78268	-51.05524	0	68	2021-09-29T01:57:29
5.78367	-51.05573	0	68	2021-09-29T02:02:57
5.78456	-51.05612	0	68	2021-09-29T02:07:30
5.78546	-51.05646	0	68	2021-09-29T02:12:30
5.78636	-51.05688	0	68	2021-09-29T02:17:28
5.78735	-51.05728	0	68	2021-09-29T02:22:29
5.78833	-51.05765	0	68	2021-09-29T02:27:26
5.78920	-51.05795	0	68	2021-09-29T02:32:27
5.79015	-51.05835	0	68	2021-09-29T02:37:24
5.79119	-51.05872	0	68	2021-09-29T02:42:24
5.79218	-51.05914	0	68	2021-09-29T02:47:22
5.79317	-51.05948	0	68	2021-09-29T02:52:22
5.79419	-51.05991	0	68	2021-09-29T02:57:22
5.79536	-51.06039	0	68	2021-09-29T03:02:56
5.79626	-51.06079	0	68	2021-09-29T03:07:24
5.79729	-51.06122	0	68	2021-09-29T03:12:23
5.79840	-51.06168	0	68	2021-09-29T03:17:26
5.79952	-51.06210	0	68	2021-09-29T03:22:24
5.80061	-51.06265	0	68	2021-09-29T03:27:23
5.80177	-51.06308	0	68	2021-09-29T03:32:22
5.80292	-51.06360	0	68	2021-09-29T03:37:19
5.80408	-51.06412	0	68	2021-09-29T03:42:19
5.80520	-51.06464	0	68	2021-09-29T03:47:16
5.80636	-51.06522	0	68	2021-09-29T03:52:17
5.80747	-51.06577	0	68	2021-09-29T03:57:14
5.80877	-51.06641	0	68	2021-09-29T04:03:06
5.80971	-51.06695	0	68	2021-09-29T04:07:16
5.81074	-51.06738	0	68	2021-09-29T04:12:16
5.81177	-51.06781	0	68	2021-09-29T04:17:15
5.81288	-51.06833	0	68	2021-09-29T04:22:18
5.81396	-51.06891	0	68	2021-09-29T04:27:16
5.81503	-51.06949	0	68	2021-09-29T04:32:17
5.81613	-51.07010	0	68	2021-09-29T04:37:20
5.81715	-51.07068	0	68	2021-09-29T04:42:17
5.81820	-51.07126	0	68	2021-09-29T04:47:15
5.81922	-51.07181	0	68	2021-09-29T04:52:16
5.82029	-51.07246	0	68	2021-09-29T04:57:40
5.82136	-51.07297	0	68	2021-09-29T05:02:40
5.82229	-51.07346	0	68	2021-09-29T05:07:15
5.82328	-51.07407	0	68	2021-09-29T05:12:12
5.82429	-51.07465	0	68	2021-09-29T05:17:09
5.82534	-51.07523	0	68	2021-09-29T05:22:10
5.82636	-51.07578	0	68	2021-09-29T05:27:10
5.82739	-51.07631	0	68	2021-09-29T05:32:04
5.82838	-51.07682	0	68	2021-09-29T05:37:04
5.82937	-51.07742	0	68	2021-09-29T05:42:05
5.83038	-51.07803	0	68	2021-09-29T05:47:06
5.83133	-51.07861	0	68	2021-09-29T05:52:03
5.83224	-51.07916	0	68	2021-09-29T05:57:04
5.83318	-51.07971	0	68	2021-09-29T06:02:27
5.83404	-51.08020	0	68	2021-09-29T06:07:03
5.83505	-51.08092	0	68	2021-09-29T06:12:03
5.83599	-51.08152	0	68	2021-09-29T06:17:04
5.83698	-51.08212	0	68	2021-09-29T06:22:04
5.83800	-51.08286	0	68	2021-09-29T06:27:05
5.83900	-51.08353	0	68	2021-09-29T06:32:03
5.84010	-51.08424	0	68	2021-09-29T06:37:07
5.84109	-51.08484	0	68	2021-09-29T06:42:07
5.84212	-51.08546	0	68	2021-09-29T06:47:05
5.84311	-51.08606	0	68	2021-09-29T06:52:05
5.84416	-51.08659	0	68	2021-09-29T06:57:26
5.84528	-51.08728	0	68	2021-09-29T07:02:26
5.84629	-51.08796	0	68	2021-09-29T07:07:04
5.84728	-51.08856	0	68	2021-09-29T07:12:04
5.84835	-51.08926	0	68	2021-09-29T07:17:06
5.84946	-51.08997	0	68	2021-09-29T07:22:04
5.85052	-51.09064	0	68	2021-09-29T07:27:05
5.85164	-51.09137	0	68	2021-09-29T07:32:04
5.85276	-51.09210	0	68	2021-09-29T07:37:06
5.85381	-51.09280	0	68	2021-09-29T07:42:05
5.85496	-51.09351	0	68	2021-09-29T07:47:06
5.85610	-51.09422	0	68	2021-09-29T07:52:05
5.85713	-51.09491	0	68	2021-09-29T07:57:05
5.85829	-51.09561	0	68	2021-09-29T08:02:25
5.85929	-51.09626	0	68	2021-09-29T08:07:03
5.86032	-51.09677	0	68	2021-09-29T08:12:04
5.86132	-51.09738	0	68	2021-09-29T08:17:05
5.86321	-51.09856	0	68	2021-09-29T08:27:06
5.86415	-51.09903	0	68	2021-09-29T08:32:04
5.86518	-51.09967	0	68	2021-09-29T08:37:05
5.86613	-51.10028	0	68	2021-09-29T08:42:05
5.86705	-51.10098	0	68	2021-09-29T08:47:06
5.86798	-51.10168	0	68	2021-09-29T08:52:06
5.86882	-51.10236	0	68	2021-09-29T08:57:04
5.86989	-51.10317	0	68	2021-09-29T09:02:07
5.87071	-51.10386	0	68	2021-09-29T09:07:06
5.87161	-51.10446	0	68	2021-09-29T09:12:07
5.87248	-51.10516	0	68	2021-09-29T09:17:07
5.87331	-51.10580	0	68	2021-09-29T09:22:04
5.87413	-51.10649	0	68	2021-09-29T09:27:05
5.87490	-51.10709	0	68	2021-09-29T09:32:05
5.87569	-51.10776	0	68	2021-09-29T09:37:03
5.87656	-51.10843	0	68	2021-09-29T09:42:04
5.87742	-51.10911	0	68	2021-09-29T09:47:05
5.87828	-51.10980	0	68	2021-09-29T09:52:05
5.87909	-51.11053	0	68	2021-09-29T09:57:02
5.88014	-51.11111	0	68	2021-09-29T10:02:26
5.88082	-51.11179	0	68	2021-09-29T10:06:59
5.88166	-51.11243	0	68	2021-09-29T10:11:57
5.88255	-51.11314	0	68	2021-09-29T10:16:55
5.88341	-51.11383	0	68	2021-09-29T10:21:55
5.88431	-51.11450	0	68	2021-09-29T10:26:56
5.88523	-51.11523	0	68	2021-09-29T10:31:53
5.88618	-51.11602	0	68	2021-09-29T10:36:53
5.88704	-51.11671	0	68	2021-09-29T10:41:52
5.88790	-51.11740	0	68	2021-09-29T10:46:52
5.88878	-51.11813	0	68	2021-09-29T10:51:53
5.88964	-51.11897	0	68	2021-09-29T10:57:24
5.89054	-51.11966	0	68	2021-09-29T11:02:25
5.89124	-51.12036	0	68	2021-09-29T11:06:54
5.89203	-51.12106	0	68	2021-09-29T11:11:56
5.89283	-51.12181	0	68	2021-09-29T11:16:56
5.89365	-51.12258	0	68	2021-09-29T11:21:55
5.89447	-51.12335	0	68	2021-09-29T11:26:55
5.89522	-51.12411	0	68	2021-09-29T11:31:56
5.89600	-51.12480	0	68	2021-09-29T11:36:57
5.89673	-51.12549	0	68	2021-09-29T11:41:57
5.89739	-51.12616	0	68	2021-09-29T11:46:55
5.89806	-51.12686	0	68	2021-09-29T11:51:55
5.89872	-51.12747	0	68	2021-09-29T11:56:53
5.89948	-51.12815	0	68	2021-09-29T12:01:53
5.89995	-51.12866	0	68	2021-09-29T12:06:53
5.90055	-51.12933	0	68	2021-09-29T12:11:54
5.90110	-51.13004	0	68	2021-09-29T12:16:52
5.90168	-51.13081	0	68	2021-09-29T12:21:52
5.90224	-51.13141	0	68	2021-09-29T12:26:52
5.90281	-51.13208	0	68	2021-09-29T12:31:53
5.90336	-51.13269	0	68	2021-09-29T12:36:54
5.90393	-51.13333	0	68	2021-09-29T12:41:53
5.90452	-51.13407	0	68	2021-09-29T12:46:53
5.90512	-51.13467	0	68	2021-09-29T12:51:54
5.90572	-51.13538	0	68	2021-09-29T12:56:55
5.90634	-51.13608	0	68	2021-09-29T13:02:24
5.90686	-51.13666	0	68	2021-09-29T13:06:57
5.90750	-51.13730	0	68	2021-09-29T13:11:57
5.90810	-51.13794	0	68	2021-09-29T13:16:55
5.90864	-51.13855	0	68	2021-09-29T13:21:54
5.90931	-51.13931	0	68	2021-09-29T13:26:55
5.90987	-51.14000	0	68	2021-09-29T13:31:54
5.91043	-51.14069	0	68	2021-09-29T13:36:54
5.91096	-51.14139	0	68	2021-09-29T13:41:55
5.91153	-51.14219	0	68	2021-09-29T13:46:52
5.91204	-51.14288	0	68	2021-09-29T13:51:53
5.91262	-51.14355	0	68	2021-09-29T13:56:54
5.91323	-51.14444	0	68	2021-09-29T14:02:28
5.91378	-51.14517	0	68	2021-09-29T14:06:56
5.91435	-51.14599	0	68	2021-09-29T14:11:56
5.91486	-51.14676	0	68	2021-09-29T14:16:57
5.91540	-51.14749	0	68	2021-09-29T14:21:54
5.91594	-51.14835	0	68	2021-09-29T14:26:55
5.91645	-51.14912	0	68	2021-09-29T14:31:55
5.91701	-51.14981	0	68	2021-09-29T14:36:54
5.91753	-51.15051	0	68	2021-09-29T14:41:53
5.91813	-51.15127	0	68	2021-09-29T14:46:51
5.91869	-51.15196	0	68	2021-09-29T14:51:51
5.91929	-51.15265	0	68	2021-09-29T14:56:52
5.91988	-51.15347	0	68	2021-09-29T15:02:24
5.92045	-51.15413	0	68	2021-09-29T15:06:55
5.92101	-51.15482	0	68	2021-09-29T15:11:55
5.92162	-51.15555	0	68	2021-09-29T15:16:56
5.92222	-51.15622	0	68	2021-09-29T15:21:56
5.92283	-51.15689	0	68	2021-09-29T15:26:57
5.92346	-51.15757	0	68	2021-09-29T15:31:58
5.92406	-51.15826	0	68	2021-09-29T15:36:59
5.92463	-51.15900	0	68	2021-09-29T15:41:56
5.92526	-51.15968	0	68	2021-09-29T15:46:57
5.92590	-51.16028	0	68	2021-09-29T15:51:58
5.92659	-51.16095	0	68	2021-09-29T15:56:59
5.92734	-51.16171	0	68	2021-09-29T16:02:26
5.92794	-51.16229	0	68	2021-09-29T16:07:01
5.92857	-51.16290	0	68	2021-09-29T16:12:04
5.92927	-51.16351	0	68	2021-09-29T16:17:02
5.92999	-51.16412	0	68	2021-09-29T16:22:02
5.93075	-51.16471	0	68	2021-09-29T16:27:00
5.93148	-51.16531	0	68	2021-09-29T16:32:00
5.93232	-51.16597	0	68	2021-09-29T16:36:55
5.93305	-51.16657	0	68	2021-09-29T16:41:55
5.93382	-51.16708	0	68	2021-09-29T16:46:56
5.93454	-51.16763	0	68	2021-09-29T16:52:01
5.93529	-51.16815	0	68	2021-09-29T16:57:00
5.93615	-51.16873	0	68	2021-09-29T17:02:28
5.93683	-51.16922	0	68	2021-09-29T17:06:59
5.93760	-51.16968	0	68	2021-09-29T17:11:59
5.93836	-51.17014	0	68	2021-09-29T17:16:57
5.93917	-51.17059	0	68	2021-09-29T17:21:58
5.93993	-51.17105	0	68	2021-09-29T17:26:59
5.94073	-51.17154	0	68	2021-09-29T17:32:03
5.94148	-51.17197	0	68	2021-09-29T17:37:00
5.94148	-51.17199	0	68	2021-09-29T17:37:01
5.94225	-51.17242	0	68	2021-09-29T17:42:01
5.94300	-51.17285	0	68	2021-09-29T17:47:01
5.94305	-51.17291	0	68	2021-09-29T17:47:05
5.94376	-51.17334	0	68	2021-09-29T17:52:02
5.94378	-51.17334	0	68	2021-09-29T17:52:04
5.94455	-51.17377	0	68	2021-09-29T17:57:04
5.94534	-51.17419	0	68	2021-09-29T18:02:24
5.94609	-51.17459	0	68	2021-09-29T18:07:02
5.94684	-51.17499	0	68	2021-09-29T18:12:03
5.94759	-51.17538	0	68	2021-09-29T18:17:03
5.94832	-51.17572	0	68	2021-09-29T18:22:03
5.94903	-51.17606	0	68	2021-09-29T18:27:05
5.94975	-51.17639	0	68	2021-09-29T18:32:02
5.95135	-51.17715	0	68	2021-09-29T18:42:01
5.95210	-51.17746	0	68	2021-09-29T18:47:01
5.95289	-51.17783	0	68	2021-09-29T18:52:02
5.95370	-51.17819	0	68	2021-09-29T18:56:59
5.95464	-51.17859	0	68	2021-09-29T19:02:27
5.95544	-51.17889	0	68	2021-09-29T19:06:57
5.95626	-51.17920	0	68	2021-09-29T19:11:54
5.95714	-51.17952	0	68	2021-09-29T19:16:54
5.95800	-51.17978	0	68	2021-09-29T19:21:54
5.95889	-51.18002	0	68	2021-09-29T19:26:53
5.95979	-51.18027	0	68	2021-09-29T19:31:52
5.96078	-51.18054	0	68	2021-09-29T19:36:49
5.96169	-51.18079	0	68	2021-09-29T19:41:51
5.96262	-51.18106	0	68	2021-09-29T19:46:48
5.96352	-51.18137	0	68	2021-09-29T19:51:53
5.96439	-51.18169	0	68	2021-09-29T19:57:24
5.96525	-51.18195	0	68	2021-09-29T20:02:24
5.96596	-51.18213	0	68	2021-09-29T20:06:46
5.96672	-51.18231	0	68	2021-09-29T20:11:47
5.96752	-51.18246	0	68	2021-09-29T20:16:48
5.96824	-51.18262	0	68	2021-09-29T20:21:46
5.96904	-51.18286	0	68	2021-09-29T20:26:43
5.96973	-51.18295	0	68	2021-09-29T20:31:43
5.97042	-51.18304	0	68	2021-09-29T20:36:42
5.97109	-51.18320	0	68	2021-09-29T20:41:43
5.97177	-51.18332	0	68	2021-09-29T20:46:44
5.97240	-51.18347	0	68	2021-09-29T20:51:43
5.97304	-51.18353	0	68	2021-09-29T20:56:44
5.97370	-51.18359	0	68	2021-09-29T21:02:05
5.97428	-51.18369	0	68	2021-09-29T21:06:41
5.97492	-51.18369	0	68	2021-09-29T21:11:40
5.97558	-51.18372	0	68	2021-09-29T21:16:40
5.97618	-51.18381	0	68	2021-09-29T21:21:40
5.97682	-51.18393	0	68	2021-09-29T21:26:41
5.97746	-51.18402	0	68	2021-09-29T21:31:39
5.97805	-51.18414	0	68	2021-09-29T21:36:40
5.97868	-51.18427	0	68	2021-09-29T21:41:37
5.97928	-51.18439	0	68	2021-09-29T21:46:38
5.97991	-51.18448	0	68	2021-09-29T21:51:36
5.98051	-51.18463	0	68	2021-09-29T21:56:36
5.98114	-51.18472	0	68	2021-09-29T22:01:56
5.98172	-51.18484	0	68	2021-09-29T22:06:36
5.98232	-51.18503	0	68	2021-09-29T22:11:35
5.98293	-51.18518	0	68	2021-09-29T22:16:35
5.98362	-51.18527	0	68	2021-09-29T22:21:35
5.98431	-51.18533	0	68	2021-09-29T22:26:33
5.98497	-51.18542	0	68	2021-09-29T22:31:35
5.98565	-51.18552	0	68	2021-09-29T22:36:35
5.98637	-51.18561	0	68	2021-09-29T22:41:38
5.98701	-51.18570	0	68	2021-09-29T22:46:37
5.98772	-51.18579	0	68	2021-09-29T22:51:36
5.98835	-51.18585	0	68	2021-09-29T22:56:31
5.98906	-51.18597	0	68	2021-09-29T23:02:03
5.98963	-51.18613	0	68	2021-09-29T23:06:35
5.99028	-51.18622	0	68	2021-09-29T23:11:37
5.99086	-51.18625	0	68	2021-09-29T23:16:38
5.99147	-51.18634	0	68	2021-09-29T23:21:35
5.99211	-51.18634	0	68	2021-09-29T23:26:36
5.99275	-51.18637	0	68	2021-09-29T23:31:36
5.99336	-51.18634	0	68	2021-09-29T23:36:36
5.99403	-51.18643	0	68	2021-09-29T23:41:35
5.99459	-51.18652	0	68	2021-09-29T23:46:35
5.99522	-51.18668	0	68	2021-09-29T23:51:37
5.99584	-51.18680	0	68	2021-09-29T23:56:36
5.99655	-51.18698	0	68	2021-09-30T00:01:38
5.99711	-51.18707	0	68	2021-09-30T00:06:38
5.99772	-51.18723	0	68	2021-09-30T00:11:36
5.99830	-51.18741	0	68	2021-09-30T00:16:33
5.99893	-51.18756	0	68	2021-09-30T00:21:33
5.99944	-51.18765	0	68	2021-09-30T00:26:33
5.99993	-51.18771	0	68	2021-09-30T00:31:34
6.00039	-51.18781	0	68	2021-09-30T00:36:32
6.00094	-51.18787	0	68	2021-09-30T00:41:33
6.00130	-51.18793	0	68	2021-09-30T00:46:30
6.00172	-51.18799	0	68	2021-09-30T00:51:32
6.00206	-51.18808	0	68	2021-09-30T00:56:32
6.00238	-51.18829	0	68	2021-09-30T01:01:56
6.00256	-51.18839	0	68	2021-09-30T01:06:29
6.00277	-51.18860	0	68	2021-09-30T01:11:30
6.00297	-51.18875	0	68	2021-09-30T01:16:28
6.00316	-51.18900	0	68	2021-09-30T01:21:28
6.00337	-51.18915	0	68	2021-09-30T01:26:26
6.00359	-51.18935	0	68	2021-09-30T01:31:25
6.00376	-51.18961	0	68	2021-09-30T01:36:24
6.00387	-51.18991	0	68	2021-09-30T01:41:25
6.00401	-51.19025	0	68	2021-09-30T01:46:22
6.00414	-51.19055	0	68	2021-09-30T01:51:21
6.00428	-51.19098	0	68	2021-09-30T01:56:20
6.00449	-51.19135	0	68	2021-09-30T02:01:58
6.00461	-51.19162	0	68	2021-09-30T02:06:21
6.00485	-51.19204	0	68	2021-09-30T02:11:21
6.00485	-51.19238	0	68	2021-09-30T02:16:21
6.00488	-51.19272	0	68	2021-09-30T02:21:22
6.00490	-51.19315	0	68	2021-09-30T02:26:20
6.00497	-51.19351	0	68	2021-09-30T02:31:21
6.00504	-51.19394	0	68	2021-09-30T02:36:21
6.00509	-51.19446	0	68	2021-09-30T02:41:22
6.00512	-51.19489	0	68	2021-09-30T02:46:20
6.00515	-51.19541	0	68	2021-09-30T02:51:21
6.00506	-51.19592	0	68	2021-09-30T02:56:22
6.00504	-51.19647	0	68	2021-09-30T03:01:56
6.00508	-51.19693	0	68	2021-09-30T03:06:22
6.00513	-51.19748	0	68	2021-09-30T03:11:24
6.00520	-51.19803	0	68	2021-09-30T03:16:22
6.00531	-51.19864	0	68	2021-09-30T03:21:25
6.00541	-51.19919	0	68	2021-09-30T03:26:23
6.00559	-51.19981	0	68	2021-09-30T03:31:24
6.00576	-51.20041	0	68	2021-09-30T03:36:24
6.00602	-51.20105	0	68	2021-09-30T03:41:26
6.00631	-51.20170	0	68	2021-09-30T03:46:22
6.00657	-51.20239	0	68	2021-09-30T03:51:23
6.00683	-51.20297	0	68	2021-09-30T03:56:23
6.00720	-51.20367	0	68	2021-09-30T04:01:53
6.00756	-51.20422	0	68	2021-09-30T04:06:22
6.00799	-51.20486	0	68	2021-09-30T04:11:23
6.00838	-51.20544	0	68	2021-09-30T04:16:20
6.00880	-51.20596	0	68	2021-09-30T04:21:21
6.00927	-51.20645	0	68	2021-09-30T04:26:21
6.00977	-51.20688	0	68	2021-09-30T04:31:21
6.01037	-51.20724	0	68	2021-09-30T04:36:19
6.01091	-51.20767	0	68	2021-09-30T04:41:20
6.01152	-51.20804	0	68	2021-09-30T04:46:17
6.01218	-51.20837	0	68	2021-09-30T04:51:15
6.01284	-51.20868	0	68	2021-09-30T04:56:18
6.01364	-51.20909	0	68	2021-09-30T05:01:19
6.01424	-51.20935	0	68	2021-09-30T05:06:19
6.01497	-51.20975	0	68	2021-09-30T05:11:17
6.01570	-51.21008	0	68	2021-09-30T05:16:19
6.01642	-51.21046	0	68	2021-09-30T05:21:16
6.01702	-51.21072	0	68	2021-09-30T05:26:16
6.01769	-51.21103	0	68	2021-09-30T05:31:17
6.01829	-51.21127	0	68	2021-09-30T05:36:14
6.01883	-51.21147	0	68	2021-09-30T05:41:11
6.01939	-51.21164	0	68	2021-09-30T05:46:11
6.01995	-51.21173	0	68	2021-09-30T05:51:10
6.02051	-51.21185	0	68	2021-09-30T05:56:11
6.02109	-51.21198	0	68	2021-09-30T06:01:37
6.02170	-51.21210	0	68	2021-09-30T06:06:11
6.02235	-51.21222	0	68	2021-09-30T06:11:12
6.02369	-51.21244	0	68	2021-09-30T06:21:10
6.02433	-51.21253	0	68	2021-09-30T06:26:11
6.02497	-51.21262	0	68	2021-09-30T06:31:11
6.02560	-51.21265	0	68	2021-09-30T06:36:13
6.02630	-51.21289	0	68	2021-09-30T06:41:11
6.02690	-51.21289	0	68	2021-09-30T06:46:11
6.02754	-51.21289	0	68	2021-09-30T06:51:12
6.02821	-51.21301	0	68	2021-09-30T06:56:13
6.02903	-51.21313	0	68	2021-09-30T07:01:39
6.03040	-51.21335	0	68	2021-09-30T07:11:14
6.03112	-51.21344	0	68	2021-09-30T07:16:12
6.03182	-51.21353	0	68	2021-09-30T07:21:13
6.03248	-51.21359	0	68	2021-09-30T07:26:11
6.03316	-51.21375	0	68	2021-09-30T07:31:11
6.03385	-51.21384	0	68	2021-09-30T07:36:12
6.03454	-51.21393	0	68	2021-09-30T07:41:12
6.03532	-51.21411	0	68	2021-09-30T07:46:09
6.03603	-51.21426	0	68	2021-09-30T07:51:11
6.03676	-51.21445	0	68	2021-09-30T07:56:08
6.03753	-51.21457	0	68	2021-09-30T08:01:38
6.03829	-51.21457	0	68	2021-09-30T08:06:16
6.03871	-51.21516	0	68	2021-09-30T08:11:13
6.03958	-51.21518	0	68	2021-09-30T08:16:11
6.04038	-51.21533	0	68	2021-09-30T08:21:12
6.04100	-51.21564	0	68	2021-09-30T08:26:12
6.04150	-51.21594	0	68	2021-09-30T08:31:13
6.04201	-51.21611	0	68	2021-09-30T08:36:13
6.04248	-51.21628	0	68	2021-09-30T08:41:12
6.04292	-51.21652	0	68	2021-09-30T08:46:12
6.04336	-51.21675	0	68	2021-09-30T08:51:09
6.04370	-51.21692	0	68	2021-09-30T08:56:09
6.04405	-51.21722	0	68	2021-09-30T09:01:27
6.04435	-51.21750	0	68	2021-09-30T09:06:08
6.04470	-51.21780	0	68	2021-09-30T09:11:06
6.04504	-51.21814	0	68	2021-09-30T09:16:09
6.04542	-51.21851	0	68	2021-09-30T09:21:10
6.04574	-51.21890	0	68	2021-09-30T09:26:08
6.04605	-51.21930	0	68	2021-09-30T09:31:11
6.04638	-51.21973	0	68	2021-09-30T09:36:09
6.04664	-51.22025	0	68	2021-09-30T09:41:10
6.04698	-51.22083	0	68	2021-09-30T09:46:08
6.04731	-51.22141	0	68	2021-09-30T09:51:11
6.04771	-51.22195	0	68	2021-09-30T09:56:09
6.04811	-51.22266	0	68	2021-09-30T10:01:25
6.04846	-51.22327	0	68	2021-09-30T10:06:10
6.04882	-51.22375	0	68	2021-09-30T10:11:07
6.04936	-51.22421	0	68	2021-09-30T10:16:09
6.04990	-51.22464	0	68	2021-09-30T10:21:12
6.05055	-51.22504	0	68	2021-09-30T10:26:10
6.05115	-51.22546	0	68	2021-09-30T10:31:11
6.05174	-51.22583	0	68	2021-09-30T10:36:11
6.05229	-51.22632	0	68	2021-09-30T10:41:09
6.05280	-51.22675	0	68	2021-09-30T10:46:09
6.05347	-51.22711	0	68	2021-09-30T10:51:10
6.05410	-51.22757	0	68	2021-09-30T10:56:08
6.05480	-51.22802	0	68	2021-09-30T11:01:11
6.05531	-51.22836	0	68	2021-09-30T11:06:10
6.05587	-51.22867	0	68	2021-09-30T11:11:09
6.05649	-51.22900	0	68	2021-09-30T11:16:07
6.05707	-51.22937	0	68	2021-09-30T11:21:09
6.05761	-51.22976	0	68	2021-09-30T11:26:09
6.05808	-51.23019	0	68	2021-09-30T11:31:09
6.05854	-51.23050	0	68	2021-09-30T11:36:09
6.05903	-51.23095	0	68	2021-09-30T11:41:10
6.05950	-51.23138	0	68	2021-09-30T11:46:09
6.06002	-51.23187	0	68	2021-09-30T11:51:09
6.06059	-51.23236	0	68	2021-09-30T11:56:10
6.06168	-51.23369	0	68	2021-09-30T12:06:07
6.06207	-51.23429	0	68	2021-09-30T12:11:06
6.06263	-51.23480	0	68	2021-09-30T12:16:06
6.06312	-51.23524	0	68	2021-09-30T12:21:07
6.06363	-51.23584	0	68	2021-09-30T12:26:07
6.06426	-51.23645	0	68	2021-09-30T12:31:09
6.06477	-51.23712	0	68	2021-09-30T12:36:09
6.06529	-51.23773	0	68	2021-09-30T12:41:10
6.06560	-51.23840	0	68	2021-09-30T12:46:10
6.06602	-51.23898	0	68	2021-09-30T12:51:08
6.06645	-51.23972	0	68	2021-09-30T12:56:09
6.06693	-51.24045	0	68	2021-09-30T13:01:39
6.06734	-51.24109	0	68	2021-09-30T13:06:10
6.06780	-51.24179	0	68	2021-09-30T13:11:10
6.06831	-51.24269	0	68	2021-09-30T13:16:09
6.06882	-51.24346	0	68	2021-09-30T13:21:09
6.06929	-51.24423	0	68	2021-09-30T13:26:10
6.06984	-51.24503	0	68	2021-09-30T13:31:11
6.07028	-51.24581	0	68	2021-09-30T13:36:09
6.07071	-51.24658	0	68	2021-09-30T13:41:09
6.07117	-51.24741	0	68	2021-09-30T13:46:09
6.07168	-51.24835	0	68	2021-09-30T13:51:42
6.07211	-51.24921	0	68	2021-09-30T13:56:42
6.07262	-51.25024	0	68	2021-09-30T14:01:43
6.07307	-51.25104	0	68	2021-09-30T14:06:05
6.07345	-51.25197	0	68	2021-09-30T14:11:03
6.07384	-51.25291	0	68	2021-09-30T14:16:03
6.07427	-51.25385	0	68	2021-09-30T14:21:04
6.07468	-51.25485	0	68	2021-09-30T14:26:01
6.07511	-51.25580	0	68	2021-09-30T14:31:01
6.07544	-51.25674	0	68	2021-09-30T14:35:58
6.07579	-51.25775	0	68	2021-09-30T14:40:56
6.07608	-51.25870	0	68	2021-09-30T14:45:53
6.07638	-51.25967	0	68	2021-09-30T14:50:52
6.07659	-51.26068	0	68	2021-09-30T14:55:47
6.07673	-51.26202	0	68	2021-09-30T15:01:26
6.07685	-51.26297	0	68	2021-09-30T15:05:48
6.07724	-51.26521	0	68	2021-09-30T15:15:46
6.07733	-51.26624	0	68	2021-09-30T15:20:46
6.07737	-51.26727	0	68	2021-09-30T15:25:45
6.07746	-51.26837	0	68	2021-09-30T15:30:48
6.07756	-51.26953	0	68	2021-09-30T15:35:45
6.07762	-51.27069	0	68	2021-09-30T15:40:44
6.07763	-51.27182	0	68	2021-09-30T15:45:41
6.07766	-51.27298	0	68	2021-09-30T15:50:42
6.07763	-51.27411	0	68	2021-09-30T15:55:42
6.07768	-51.27539	0	68	2021-09-30T16:01:25
6.07777	-51.27647	0	68	2021-09-30T16:05:40
6.07781	-51.27759	0	68	2021-09-30T16:10:40
6.07785	-51.27881	0	68	2021-09-30T16:15:38
6.07790	-51.28003	0	68	2021-09-30T16:20:41
6.07795	-51.28125	0	68	2021-09-30T16:25:39
6.07806	-51.28250	0	68	2021-09-30T16:30:47
6.07815	-51.28372	0	68	2021-09-30T16:35:40
6.07825	-51.28494	0	68	2021-09-30T16:40:42
6.07832	-51.28608	0	68	2021-09-30T16:45:42
6.07845	-51.28711	0	68	2021-09-30T16:50:43
6.07854	-51.28821	0	68	2021-09-30T16:55:41
6.07867	-51.28946	0	68	2021-09-30T17:01:08
6.07874	-51.29058	0	68	2021-09-30T17:05:45
6.07878	-51.29178	0	68	2021-09-30T17:10:44
6.07886	-51.29303	0	68	2021-09-30T17:15:43
6.07893	-51.29419	0	68	2021-09-30T17:20:44
6.07902	-51.29535	0	68	2021-09-30T17:25:42
6.07908	-51.29645	0	68	2021-09-30T17:30:42
6.07916	-51.29758	0	68	2021-09-30T17:35:40
6.07921	-51.29883	0	68	2021-09-30T17:40:43
6.07921	-51.30003	0	68	2021-09-30T17:45:42
6.07925	-51.30115	0	68	2021-09-30T17:50:42
6.07928	-51.30228	0	68	2021-09-30T17:55:42
6.07929	-51.30350	0	68	2021-09-30T18:01:07
6.07927	-51.30453	0	68	2021-09-30T18:05:42
6.07929	-51.30560	0	68	2021-09-30T18:10:44
6.07938	-51.30673	0	68	2021-09-30T18:15:41
6.07940	-51.30786	0	68	2021-09-30T18:20:40
6.07940	-51.30905	0	68	2021-09-30T18:25:37
6.07938	-51.31020	0	68	2021-09-30T18:30:34
6.07942	-51.31140	0	68	2021-09-30T18:35:34
6.07945	-51.31247	0	68	2021-09-30T18:40:35
6.07959	-51.31354	0	68	2021-09-30T18:45:33
6.07961	-51.31467	0	68	2021-09-30T18:50:34
6.07972	-51.31570	0	68	2021-09-30T18:55:31
6.07988	-51.31686	0	68	2021-09-30T19:00:57
6.08006	-51.31787	0	68	2021-09-30T19:05:33
6.08021	-51.31897	0	68	2021-09-30T19:10:32
6.08036	-51.32007	0	68	2021-09-30T19:15:34
6.08047	-51.32114	0	68	2021-09-30T19:20:33
6.08059	-51.32220	0	68	2021-09-30T19:25:34
6.08070	-51.32309	0	68	2021-09-30T19:30:29
6.08078	-51.32410	0	68	2021-09-30T19:35:32
6.08096	-51.32508	0	68	2021-09-30T19:40:33
6.08105	-51.32602	0	68	2021-09-30T19:45:32
6.08128	-51.32706	0	68	2021-09-30T19:50:33
6.08143	-51.32813	0	68	2021-09-30T19:55:58
6.08152	-51.32925	0	68	2021-09-30T20:00:57
6.08159	-51.33023	0	68	2021-09-30T20:05:34
6.08164	-51.33127	0	68	2021-09-30T20:10:32
6.08165	-51.33231	0	68	2021-09-30T20:15:31
6.08162	-51.33337	0	68	2021-09-30T20:20:29
6.08163	-51.33441	0	68	2021-09-30T20:25:29
6.08171	-51.33545	0	68	2021-09-30T20:30:28
6.08177	-51.33656	0	68	2021-09-30T20:35:20
6.08177	-51.33768	0	68	2021-09-30T20:40:21
6.08177	-51.33871	0	68	2021-09-30T20:45:21
6.08184	-51.33981	0	68	2021-09-30T20:50:20
6.08182	-51.34097	0	68	2021-09-30T20:55:17
6.08186	-51.34216	0	68	2021-09-30T21:00:58
6.08179	-51.34320	0	68	2021-09-30T21:05:17
6.08173	-51.34442	0	68	2021-09-30T21:10:17
6.08177	-51.34552	0	68	2021-09-30T21:15:15
6.08164	-51.34671	0	68	2021-09-30T21:20:16
6.08152	-51.34787	0	68	2021-09-30T21:25:13
6.08152	-51.34897	0	68	2021-09-30T21:30:14
6.08144	-51.35019	0	68	2021-09-30T21:35:11
6.08135	-51.35135	0	68	2021-09-30T21:40:12
6.08125	-51.35254	0	68	2021-09-30T21:45:10
6.08109	-51.35376	0	68	2021-09-30T21:50:09
6.08086	-51.35486	0	68	2021-09-30T21:55:08
6.08059	-51.35623	0	68	2021-09-30T22:00:39
6.08026	-51.35736	0	68	2021-09-30T22:05:11
6.07989	-51.35869	0	68	2021-09-30T22:10:13
6.07963	-51.35989	0	68	2021-09-30T22:15:14
6.07938	-51.36105	0	68	2021-09-30T22:20:12
6.07916	-51.36225	0	68	2021-09-30T22:25:09
6.07912	-51.36337	0	68	2021-09-30T22:30:09
6.07894	-51.36459	0	68	2021-09-30T22:35:14
6.07878	-51.36581	0	68	2021-09-30T22:40:11
6.07871	-51.36692	0	68	2021-09-30T22:45:10
6.07862	-51.36795	0	68	2021-09-30T22:50:09
6.07863	-51.36896	0	68	2021-09-30T22:55:08
6.07854	-51.37015	0	68	2021-09-30T23:00:26
6.07842	-51.37141	0	68	2021-09-30T23:05:07
6.07829	-51.37253	0	68	2021-09-30T23:10:08
6.07822	-51.37369	0	68	2021-09-30T23:15:05
6.07811	-51.37491	0	68	2021-09-30T23:20:06
6.07799	-51.37616	0	68	2021-09-30T23:25:04
6.07784	-51.37744	0	68	2021-09-30T23:30:04
6.07772	-51.37875	0	68	2021-09-30T23:35:02
6.07766	-51.38007	0	68	2021-09-30T23:40:04
6.07754	-51.38141	0	68	2021-09-30T23:45:03
6.07744	-51.38275	0	68	2021-09-30T23:50:00
6.07732	-51.38412	0	68	2021-09-30T23:55:28
6.07719	-51.38541	0	68	2021-10-01T00:00:28
6.07694	-51.38663	0	68	2021-10-01T00:05:02
6.07668	-51.38783	0	68	2021-10-01T00:10:03
6.07647	-51.38895	0	68	2021-10-01T00:15:03
6.07643	-51.38995	0	68	2021-10-01T00:20:05
6.07639	-51.39093	0	68	2021-10-01T00:25:04
6.07618	-51.39197	0	68	2021-10-01T00:30:06
6.07617	-51.39294	0	68	2021-10-01T00:35:07
6.07608	-51.39399	0	68	2021-10-01T00:40:05
6.07595	-51.39511	0	68	2021-10-01T00:45:05
6.07588	-51.39630	0	68	2021-10-01T00:50:09
6.07579	-51.39755	0	68	2021-10-01T00:55:08
6.07571	-51.39893	0	68	2021-10-01T01:00:39
6.07564	-51.40021	0	68	2021-10-01T01:05:13
6.07561	-51.40167	0	68	2021-10-01T01:10:13
6.07568	-51.40337	0	68	2021-10-01T01:15:13
6.07572	-51.40491	0	68	2021-10-01T01:20:12
6.07583	-51.40652	0	68	2021-10-01T01:25:11
6.07586	-51.40811	0	68	2021-10-01T01:30:12
6.07588	-51.40970	0	68	2021-10-01T01:35:10
6.07594	-51.41139	0	68	2021-10-01T01:40:12
6.07607	-51.41302	0	68	2021-10-01T01:45:12
6.07622	-51.41464	0	68	2021-10-01T01:50:13
6.07632	-51.41626	0	68	2021-10-01T01:55:12
6.07650	-51.41800	0	68	2021-10-01T02:00:38
6.07671	-51.41949	0	68	2021-10-01T02:05:16
6.07694	-51.42111	0	68	2021-10-01T02:10:16
6.07714	-51.42280	0	68	2021-10-01T02:15:14
6.07731	-51.42443	0	68	2021-10-01T02:20:14
6.07748	-51.42606	0	68	2021-10-01T02:25:15
6.07755	-51.42776	0	68	2021-10-01T02:30:15
6.07762	-51.42946	0	68	2021-10-01T02:35:15
6.07766	-51.43109	0	68	2021-10-01T02:40:14
6.07770	-51.43274	0	68	2021-10-01T02:45:15
6.07783	-51.43447	0	68	2021-10-01T02:50:37
6.07784	-51.43597	0	68	2021-10-01T02:55:12
6.07804	-51.43781	0	68	2021-10-01T03:00:36
6.07804	-51.43933	0	68	2021-10-01T03:05:14
6.07812	-51.44104	0	68	2021-10-01T03:10:11
6.07811	-51.44275	0	68	2021-10-01T03:15:12
6.07810	-51.44443	0	68	2021-10-01T03:20:11
6.07802	-51.44608	0	68	2021-10-01T03:25:10
6.07796	-51.44785	0	68	2021-10-01T03:30:10
6.07785	-51.44958	0	68	2021-10-01T03:35:07
6.07772	-51.45132	0	68	2021-10-01T03:40:08
6.07755	-51.45326	0	68	2021-10-01T03:45:06
6.07730	-51.45493	0	68	2021-10-01T03:50:07
6.07699	-51.45670	0	68	2021-10-01T03:55:07
6.07672	-51.45856	0	68	2021-10-01T04:00:27
6.07654	-51.46021	0	68	2021-10-01T04:05:09
6.07635	-51.46191	0	68	2021-10-01T04:10:09
6.07615	-51.46359	0	68	2021-10-01T04:15:07
6.07588	-51.46533	0	68	2021-10-01T04:20:08
6.07564	-51.46709	0	68	2021-10-01T04:25:08
6.07543	-51.46872	0	68	2021-10-01T04:30:08
6.07522	-51.47046	0	68	2021-10-01T04:35:10
6.07499	-51.47220	0	68	2021-10-01T04:40:08
6.07471	-51.47400	0	68	2021-10-01T04:45:08
6.07442	-51.47577	0	68	2021-10-01T04:50:09
6.07410	-51.47754	0	68	2021-10-01T04:55:06
6.07379	-51.47940	0	68	2021-10-01T05:00:26
6.07344	-51.48106	0	68	2021-10-01T05:05:07
6.07318	-51.48278	0	68	2021-10-01T05:10:07
6.07292	-51.48450	0	68	2021-10-01T05:15:06
6.07271	-51.48624	0	68	2021-10-01T05:20:09
6.07265	-51.48785	0	68	2021-10-01T05:25:07
6.07266	-51.48938	0	68	2021-10-01T05:30:08
6.07263	-51.49094	0	68	2021-10-01T05:35:11
6.07253	-51.49255	0	68	2021-10-01T05:40:09
6.07242	-51.49426	0	68	2021-10-01T05:45:09
6.07238	-51.49580	0	68	2021-10-01T05:50:08
6.07221	-51.49734	0	68	2021-10-01T05:55:08
6.07204	-51.49908	0	68	2021-10-01T06:00:25
6.07188	-51.50070	0	68	2021-10-01T06:05:07
6.07165	-51.50232	0	68	2021-10-01T06:10:08
6.07147	-51.50391	0	68	2021-10-01T06:15:05
6.07128	-51.50546	0	68	2021-10-01T06:20:06
6.07117	-51.50705	0	68	2021-10-01T06:25:04
6.07108	-51.50867	0	68	2021-10-01T06:30:05
6.07102	-51.51022	0	68	2021-10-01T06:35:02
6.07093	-51.51184	0	68	2021-10-01T06:40:03
6.07089	-51.51343	0	68	2021-10-01T06:45:01
6.07078	-51.51501	0	68	2021-10-01T06:50:02
6.07069	-51.51666	0	68	2021-10-01T06:54:59
6.07057	-51.51855	0	68	2021-10-01T07:00:54
6.07049	-51.51987	0	68	2021-10-01T07:04:58
6.07040	-51.52151	0	68	2021-10-01T07:10:02
6.07016	-51.52321	0	68	2021-10-01T07:15:02
6.07003	-51.52484	0	68	2021-10-01T07:20:02
6.06989	-51.52652	0	68	2021-10-01T07:25:01
6.06994	-51.52817	0	68	2021-10-01T07:30:01
6.06989	-51.52988	0	68	2021-10-01T07:35:01
6.06994	-51.53159	0	68	2021-10-01T07:40:03
6.07000	-51.53329	0	68	2021-10-01T07:45:01
6.07008	-51.53503	0	68	2021-10-01T07:50:05
6.07022	-51.53668	0	68	2021-10-01T07:55:25
6.07035	-51.53848	0	68	2021-10-01T08:00:25
6.07046	-51.54010	0	68	2021-10-01T08:05:06
6.07057	-51.54181	0	68	2021-10-01T08:10:08
6.07061	-51.54349	0	68	2021-10-01T08:15:06
6.07063	-51.54520	0	68	2021-10-01T08:20:06
6.07068	-51.54688	0	68	2021-10-01T08:25:07
6.07071	-51.54852	0	68	2021-10-01T08:30:04
6.07067	-51.55030	0	68	2021-10-01T08:35:01
6.07063	-51.55193	0	68	2021-10-01T08:40:01
6.07059	-51.55365	0	68	2021-10-01T08:45:00
6.07051	-51.55539	0	68	2021-10-01T08:50:03
6.07042	-51.55716	0	68	2021-10-01T08:55:01
6.07032	-51.55908	0	68	2021-10-01T09:00:27
6.07021	-51.56070	0	68	2021-10-01T09:05:02
6.07004	-51.56253	0	68	2021-10-01T09:10:03
6.06987	-51.56433	0	68	2021-10-01T09:15:01
6.06965	-51.56619	0	68	2021-10-01T09:19:57
6.06939	-51.56799	0	68	2021-10-01T09:24:58
6.06912	-51.56985	0	68	2021-10-01T09:29:59
6.06884	-51.57178	0	68	2021-10-01T09:34:59
6.06852	-51.57373	0	68	2021-10-01T09:39:54
6.06820	-51.57571	0	68	2021-10-01T09:44:54
6.06776	-51.57780	0	68	2021-10-01T09:49:57
6.06737	-51.57977	0	68	2021-10-01T09:54:56
6.06683	-51.58194	0	68	2021-10-01T10:00:27
6.06641	-51.58374	0	68	2021-10-01T10:05:00
6.06592	-51.58575	0	68	2021-10-01T10:09:58
6.06543	-51.58777	0	68	2021-10-01T10:14:59
6.06499	-51.58978	0	68	2021-10-01T10:20:00
6.06449	-51.59177	0	68	2021-10-01T10:25:01
6.06394	-51.59379	0	68	2021-10-01T10:30:00
6.06351	-51.59576	0	68	2021-10-01T10:34:59
6.06311	-51.59781	0	68	2021-10-01T10:39:58
6.06276	-51.59979	0	68	2021-10-01T10:44:57
6.06249	-51.60179	0	68	2021-10-01T10:49:57
6.06223	-51.60376	0	68	2021-10-01T10:54:58
6.06184	-51.60602	0	68	2021-10-01T11:00:25
6.06138	-51.60794	0	68	2021-10-01T11:04:52
6.06090	-51.61005	0	68	2021-10-01T11:09:57
6.06037	-51.61218	0	68	2021-10-01T11:14:56
6.05987	-51.61432	0	68	2021-10-01T11:19:54
6.05934	-51.61649	0	68	2021-10-01T11:24:56
6.05883	-51.61864	0	68	2021-10-01T11:29:56
6.05853	-51.62070	0	68	2021-10-01T11:34:57
6.05819	-51.62283	0	68	2021-10-01T11:39:55
6.05797	-51.62494	0	68	2021-10-01T11:44:55
6.05783	-51.62704	0	68	2021-10-01T11:49:58
6.05769	-51.62912	0	68	2021-10-01T11:55:00
6.05764	-51.63129	0	68	2021-10-01T12:00:25
6.05739	-51.63330	0	68	2021-10-01T12:05:02
6.05729	-51.63541	0	68	2021-10-01T12:10:00
6.05702	-51.63754	0	68	2021-10-01T12:15:03
6.05678	-51.63971	0	68	2021-10-01T12:20:05
6.05655	-51.64191	0	68	2021-10-01T12:25:04
6.05631	-51.64417	0	68	2021-10-01T12:30:03
6.05611	-51.64648	0	68	2021-10-01T12:35:02
6.05590	-51.64871	0	68	2021-10-01T12:40:01
6.05570	-51.65097	0	68	2021-10-01T12:45:02
6.05539	-51.65320	0	68	2021-10-01T12:50:02
6.05473	-51.65798	0	68	2021-10-01T12:59:59
6.05443	-51.66013	0	68	2021-10-01T13:04:58
6.05417	-51.66245	0	68	2021-10-01T13:09:58
6.05391	-51.66483	0	68	2021-10-01T13:14:59
6.05371	-51.66719	0	68	2021-10-01T13:20:02
6.05332	-51.66968	0	68	2021-10-01T13:25:01
6.05307	-51.67212	0	68	2021-10-01T13:29:58
6.05276	-51.67456	0	68	2021-10-01T13:34:59
6.05237	-51.67695	0	68	2021-10-01T13:39:59
6.05207	-51.67944	0	68	2021-10-01T13:45:00
6.05172	-51.68195	0	68	2021-10-01T13:49:54
6.05137	-51.68451	0	68	2021-10-01T13:54:55
6.05103	-51.68738	0	68	2021-10-01T14:00:26
6.05072	-51.68976	0	68	2021-10-01T14:04:55
6.05040	-51.69238	0	68	2021-10-01T14:09:54
6.04996	-51.69507	0	68	2021-10-01T14:14:57
6.04955	-51.69769	0	68	2021-10-01T14:19:58
6.04908	-51.70044	0	68	2021-10-01T14:24:58
6.04867	-51.70309	0	68	2021-10-01T14:29:56
6.04823	-51.70587	0	68	2021-10-01T14:34:58
6.04783	-51.70864	0	68	2021-10-01T14:39:58
6.04757	-51.71130	0	68	2021-10-01T14:44:58
6.04731	-51.71387	0	68	2021-10-01T14:49:58
6.04701	-51.71650	0	68	2021-10-01T14:55:28
6.04675	-51.71942	0	68	2021-10-01T15:00:28
6.04642	-51.72192	0	68	2021-10-01T15:04:58
6.04611	-51.72464	0	68	2021-10-01T15:09:56
6.04578	-51.72742	0	68	2021-10-01T15:14:57
6.04542	-51.73019	0	68	2021-10-01T15:19:53
6.04518	-51.73291	0	68	2021-10-01T15:24:57
6.04495	-51.73560	0	68	2021-10-01T15:29:54
6.04469	-51.73840	0	68	2021-10-01T15:34:56
6.04451	-51.74124	0	68	2021-10-01T15:39:53
6.04429	-51.74405	0	68	2021-10-01T15:44:54
6.04407	-51.74683	0	68	2021-10-01T15:49:51
6.04390	-51.74954	0	68	2021-10-01T15:54:52
6.04367	-51.75266	0	68	2021-10-01T16:00:27
6.04347	-51.75507	0	68	2021-10-01T16:04:49
6.04337	-51.75784	0	68	2021-10-01T16:09:46
6.04329	-51.76065	0	68	2021-10-01T16:14:47
6.04313	-51.76349	0	68	2021-10-01T16:19:44
6.04306	-51.76634	0	68	2021-10-01T16:24:44
6.04297	-51.76926	0	68	2021-10-01T16:29:43
6.04285	-51.77225	0	68	2021-10-01T16:34:44
6.04279	-51.77512	0	68	2021-10-01T16:39:43
6.04270	-51.77802	0	68	2021-10-01T16:44:44
6.04252	-51.78098	0	68	2021-10-01T16:49:44
6.04239	-51.78381	0	68	2021-10-01T16:54:43
6.04250	-51.78680	0	68	2021-10-01T17:00:09
6.04267	-51.78931	0	68	2021-10-01T17:04:44
6.04291	-51.79208	0	68	2021-10-01T17:09:42
6.04312	-51.79483	0	68	2021-10-01T17:14:42
6.04325	-51.79761	0	68	2021-10-01T17:19:40
6.04332	-51.80057	0	68	2021-10-01T17:24:41
6.04363	-51.80334	0	68	2021-10-01T17:29:41
6.04384	-51.80600	0	68	2021-10-01T17:34:41
6.04397	-51.80875	0	68	2021-10-01T17:39:41
6.04415	-51.81143	0	68	2021-10-01T17:44:42
6.04432	-51.81424	0	68	2021-10-01T17:49:43
6.04453	-51.81699	0	68	2021-10-01T17:54:42
6.04502	-51.81995	0	68	2021-10-01T18:00:06
6.04573	-51.82227	0	68	2021-10-01T18:04:42
6.04693	-51.82478	0	68	2021-10-01T18:09:39
6.04846	-51.82697	0	68	2021-10-01T18:14:41
6.04954	-51.82941	0	68	2021-10-01T18:19:38
6.05067	-51.83200	0	68	2021-10-01T18:24:39
6.05185	-51.83444	0	68	2021-10-01T18:29:36
6.05294	-51.83704	0	68	2021-10-01T18:34:40
6.05423	-51.83966	0	68	2021-10-01T18:39:38
6.05548	-51.84207	0	68	2021-10-01T18:44:34
6.05649	-51.84460	0	68	2021-10-01T18:49:35
6.05801	-51.84686	0	68	2021-10-01T18:54:36
6.05953	-51.84930	0	68	2021-10-01T18:59:57
6.06131	-51.85101	0	68	2021-10-01T19:04:34
6.06203	-51.85336	0	68	2021-10-01T19:09:32
6.06384	-51.85559	0	68	2021-10-01T19:14:31
6.06499	-51.85806	0	68	2021-10-01T19:19:31
6.06649	-51.86029	0	68	2021-10-01T19:24:30
6.06814	-51.86221	0	68	2021-10-01T19:29:31
6.06959	-51.86438	0	68	2021-10-01T19:34:32
6.07069	-51.86648	0	68	2021-10-01T19:39:33
6.07185	-51.86863	0	68	2021-10-01T19:44:33
6.07344	-51.87103	0	68	2021-10-01T19:49:34
6.07451	-51.87372	0	68	2021-10-01T19:54:32
6.07581	-51.87673	0	68	2021-10-01T19:59:35
6.07675	-51.87930	0	68	2021-10-01T20:04:35
6.07799	-51.88196	0	68	2021-10-01T20:09:34
6.07928	-51.88455	0	68	2021-10-01T20:14:34
6.08049	-51.88696	0	68	2021-10-01T20:19:35
6.08161	-51.88953	0	68	2021-10-01T20:24:35
6.08316	-51.89206	0	68	2021-10-01T20:29:36
6.08429	-51.89462	0	68	2021-10-01T20:34:34
6.08534	-51.89706	0	68	2021-10-01T20:39:31
6.08693	-51.89955	0	68	2021-10-01T20:44:32
6.08805	-51.90195	0	68	2021-10-01T20:49:32
6.08927	-51.90457	0	68	2021-10-01T20:54:29
6.09065	-51.90747	0	68	2021-10-01T20:59:56
6.09173	-51.91019	0	68	2021-10-01T21:04:26
6.09297	-51.91293	0	68	2021-10-01T21:09:28
6.09446	-51.91565	0	68	2021-10-01T21:14:26
6.09579	-51.91837	0	68	2021-10-01T21:19:29
6.09699	-51.92114	0	68	2021-10-01T21:24:27
6.09846	-51.92386	0	68	2021-10-01T21:29:29
6.09984	-51.92661	0	68	2021-10-01T21:34:28
6.10119	-51.92928	0	68	2021-10-01T21:39:29
6.10239	-51.93185	0	68	2021-10-01T21:44:29
6.10353	-51.93459	0	68	2021-10-01T21:49:54
6.10468	-51.93741	0	68	2021-10-01T21:54:28
6.10606	-51.94025	0	68	2021-10-01T21:59:55
6.10716	-51.94278	0	68	2021-10-01T22:04:33
6.10825	-51.94562	0	68	2021-10-01T22:09:31
6.10937	-51.94854	0	68	2021-10-01T22:14:32
6.11066	-51.95120	0	68	2021-10-01T22:19:33
6.11184	-51.95398	0	68	2021-10-01T22:24:33
6.11298	-51.95673	0	68	2021-10-01T22:29:35
6.11410	-51.95956	0	68	2021-10-01T22:34:35
6.11513	-51.96246	0	68	2021-10-01T22:39:37
6.11608	-51.96539	0	68	2021-10-01T22:44:36
6.11707	-51.96839	0	68	2021-10-01T22:49:57
6.11806	-51.97122	0	68	2021-10-01T22:54:57
6.11909	-51.97440	0	68	2021-10-01T22:59:56
6.12001	-51.97729	0	68	2021-10-01T23:04:37
6.12107	-51.98051	0	68	2021-10-01T23:09:34
6.12214	-51.98360	0	68	2021-10-01T23:14:34
6.12330	-51.98669	0	68	2021-10-01T23:19:34
6.12445	-51.98981	0	68	2021-10-01T23:24:32
6.12764	-52.00244	0	68	2021-10-01T23:44:28
6.12846	-52.00571	0	68	2021-10-01T23:49:28
6.12937	-52.00897	0	68	2021-10-01T23:54:59
6.13031	-52.01257	0	68	2021-10-01T23:59:58
6.13111	-52.01550	0	68	2021-10-02T00:04:24
6.13197	-52.01868	0	68	2021-10-02T00:09:25
6.13292	-52.02197	0	68	2021-10-02T00:14:25
6.13398	-52.02524	0	68	2021-10-02T00:19:23
6.13483	-52.02838	0	68	2021-10-02T00:24:23
6.13560	-52.03168	0	68	2021-10-02T00:29:23
6.13615	-52.03503	0	68	2021-10-02T00:34:22
6.13677	-52.03842	0	68	2021-10-02T00:39:21
6.13743	-52.04184	0	68	2021-10-02T00:44:19
6.13803	-52.04510	0	68	2021-10-02T00:49:20
6.13866	-52.04858	0	68	2021-10-02T00:54:17
6.13950	-52.05240	0	68	2021-10-02T00:59:55
6.14012	-52.05539	0	68	2021-10-02T01:04:17
6.14091	-52.05890	0	68	2021-10-02T01:09:19
6.14171	-52.06229	0	68	2021-10-02T01:14:16
6.14229	-52.06581	0	68	2021-10-02T01:19:18
6.14289	-52.06924	0	68	2021-10-02T01:24:18
6.14360	-52.07272	0	68	2021-10-02T01:29:16
6.14438	-52.07611	0	68	2021-10-02T01:34:16
6.14516	-52.07963	0	68	2021-10-02T01:39:17
6.14584	-52.08298	0	68	2021-10-02T01:44:16
6.14624	-52.08633	0	68	2021-10-02T01:49:17
6.14676	-52.08987	0	68	2021-10-02T01:54:16
6.14741	-52.09357	0	68	2021-10-02T01:59:40
6.14790	-52.09677	0	68	2021-10-02T02:04:17
6.14855	-52.10030	0	68	2021-10-02T02:09:13
6.14919	-52.10373	0	68	2021-10-02T02:14:12
6.14995	-52.10737	0	68	2021-10-02T02:19:12
6.15064	-52.11089	0	68	2021-10-02T02:24:12
6.15137	-52.11441	0	68	2021-10-02T02:29:11
6.15227	-52.11795	0	68	2021-10-02T02:34:14
6.15322	-52.12152	0	68	2021-10-02T02:39:12
6.15407	-52.12525	0	68	2021-10-02T02:44:12
6.15484	-52.12894	0	68	2021-10-02T02:49:12
6.15574	-52.13263	0	68	2021-10-02T02:54:14
6.15658	-52.13656	0	68	2021-10-02T02:59:07
6.15727	-52.14008	0	68	2021-10-02T03:04:08
6.15803	-52.14377	0	68	2021-10-02T03:09:08
6.15891	-52.14758	0	68	2021-10-02T03:14:05
6.15989	-52.15143	0	68	2021-10-02T03:19:02
6.16083	-52.15509	0	68	2021-10-02T03:24:01
6.16190	-52.15881	0	68	2021-10-02T03:29:01
6.16304	-52.16248	0	68	2021-10-02T03:33:58
6.16417	-52.16620	0	68	2021-10-02T03:38:59
6.16536	-52.16977	0	68	2021-10-02T03:43:56
6.16655	-52.17346	0	68	2021-10-02T03:48:57
6.16769	-52.17715	0	68	2021-10-02T03:54:25
6.16889	-52.18118	0	68	2021-10-02T03:59:25
6.16990	-52.18457	0	68	2021-10-02T04:03:54
6.17100	-52.18832	0	68	2021-10-02T04:08:52
6.17207	-52.19214	0	68	2021-10-02T04:13:50
6.17316	-52.19592	0	68	2021-10-02T04:18:50
6.17428	-52.19968	0	68	2021-10-02T04:23:48
6.17532	-52.20356	0	68	2021-10-02T04:28:49
6.17635	-52.20725	0	68	2021-10-02T04:33:49
6.17747	-52.21103	0	68	2021-10-02T04:38:50
6.17869	-52.21472	0	68	2021-10-02T04:43:47
6.17982	-52.21841	0	68	2021-10-02T04:48:50
6.18107	-52.22206	0	68	2021-10-02T04:54:26
6.18249	-52.22592	0	68	2021-10-02T04:59:25
6.18359	-52.22894	0	68	2021-10-02T05:03:51
6.18494	-52.23252	0	68	2021-10-02T05:08:47
6.18623	-52.23595	0	68	2021-10-02T05:13:48
6.18747	-52.23938	0	68	2021-10-02T05:18:48
6.18880	-52.24289	0	68	2021-10-02T05:23:49
6.19013	-52.24640	0	68	2021-10-02T05:28:51
6.19141	-52.24988	0	68	2021-10-02T05:33:50
6.19265	-52.25339	0	68	2021-10-02T05:38:49
6.19523	-52.26035	0	68	2021-10-02T05:48:43
6.19649	-52.26385	0	68	2021-10-02T05:54:26
6.19795	-52.26788	0	68	2021-10-02T05:59:26
6.19913	-52.27084	0	68	2021-10-02T06:03:41
6.20053	-52.27429	0	68	2021-10-02T06:08:42
6.20195	-52.27780	0	68	2021-10-02T06:13:39
6.20341	-52.28121	0	68	2021-10-02T06:18:41
6.20487	-52.28464	0	68	2021-10-02T06:23:41
6.20638	-52.28806	0	68	2021-10-02T06:28:42
6.20792	-52.29141	0	68	2021-10-02T06:33:42
6.20945	-52.29477	0	68	2021-10-02T06:38:43
6.21101	-52.29816	0	68	2021-10-02T06:43:44
6.21256	-52.30154	0	68	2021-10-02T06:48:45
6.21416	-52.30493	0	68	2021-10-02T06:53:46
6.21595	-52.30865	0	68	2021-10-02T06:59:28
6.21739	-52.31155	0	68	2021-10-02T07:03:48
6.21903	-52.31491	0	68	2021-10-02T07:08:51
6.22066	-52.31830	0	68	2021-10-02T07:13:50
6.22229	-52.32179	0	68	2021-10-02T07:18:50
6.22388	-52.32514	0	68	2021-10-02T07:23:50
6.22547	-52.32849	0	68	2021-10-02T07:28:49
6.22703	-52.33188	0	68	2021-10-02T07:33:46
6.22865	-52.33530	0	68	2021-10-02T07:38:47
6.23031	-52.33872	0	68	2021-10-02T07:43:47
6.23190	-52.34198	0	68	2021-10-02T07:48:47
6.23346	-52.34531	0	68	2021-10-02T07:53:44
6.23532	-52.34888	0	68	2021-10-02T07:58:42
6.23691	-52.35197	0	68	2021-10-02T08:03:43
6.23858	-52.35532	0	68	2021-10-02T08:08:43
6.24028	-52.35867	0	68	2021-10-02T08:13:40
6.24198	-52.36212	0	68	2021-10-02T08:18:42
6.24368	-52.36560	0	68	2021-10-02T08:23:43
6.24529	-52.36896	0	68	2021-10-02T08:28:43
6.24694	-52.37241	0	68	2021-10-02T08:33:44
6.24857	-52.37584	0	68	2021-10-02T08:38:41
6.25024	-52.37927	0	68	2021-10-02T08:43:42
6.25195	-52.38269	0	68	2021-10-02T08:48:43
6.25370	-52.38611	0	68	2021-10-02T08:53:43
6.25557	-52.38968	0	68	2021-10-02T08:59:07
6.25715	-52.39282	0	68	2021-10-02T09:03:44
6.25892	-52.39621	0	68	2021-10-02T09:08:46
6.26075	-52.39962	0	68	2021-10-02T09:13:47
6.26260	-52.40305	0	68	2021-10-02T09:18:47
6.26445	-52.40646	0	68	2021-10-02T09:23:48
6.26636	-52.40985	0	68	2021-10-02T09:28:46
6.26820	-52.41315	0	68	2021-10-02T09:33:46
6.26995	-52.41660	0	68	2021-10-02T09:38:47
6.27176	-52.41995	0	68	2021-10-02T09:43:47
6.27360	-52.42325	0	68	2021-10-02T09:48:49
6.27552	-52.42654	0	68	2021-10-02T09:53:47
6.27780	-52.43079	0	68	2021-10-02T09:59:56
6.27920	-52.43341	0	68	2021-10-02T10:03:45
6.28103	-52.43683	0	68	2021-10-02T10:08:51
6.28284	-52.44028	0	68	2021-10-02T10:13:50
6.28469	-52.44354	0	68	2021-10-02T10:18:50
6.28656	-52.44687	0	68	2021-10-02T10:23:48
6.28848	-52.45029	0	68	2021-10-02T10:28:51
6.29034	-52.45379	0	68	2021-10-02T10:33:50
6.29223	-52.45731	0	68	2021-10-02T10:38:50
6.29397	-52.46091	0	68	2021-10-02T10:43:53
6.29571	-52.46460	0	68	2021-10-02T10:48:48
6.29755	-52.46830	0	68	2021-10-02T10:53:51
6.29948	-52.47216	0	68	2021-10-02T10:58:50
6.30102	-52.47534	0	68	2021-10-02T11:03:50
6.30280	-52.47888	0	68	2021-10-02T11:08:52
6.30454	-52.48244	0	68	2021-10-02T11:13:53
6.30630	-52.48596	0	68	2021-10-02T11:18:53
6.30805	-52.48947	0	68	2021-10-02T11:23:53
6.30982	-52.49298	0	68	2021-10-02T11:28:55
6.31157	-52.49656	0	68	2021-10-02T11:33:52
6.31333	-52.50008	0	68	2021-10-02T11:38:52
6.31500	-52.50360	0	68	2021-10-02T11:43:53
6.31674	-52.50723	0	68	2021-10-02T11:48:54
6.31856	-52.51092	0	68	2021-10-02T11:54:26
6.32058	-52.51495	0	68	2021-10-02T11:59:27
6.32220	-52.51825	0	68	2021-10-02T12:03:55
6.32389	-52.52191	0	68	2021-10-02T12:08:53
6.32557	-52.52560	0	68	2021-10-02T12:13:50
6.32733	-52.52930	0	68	2021-10-02T12:18:52
6.32902	-52.53296	0	68	2021-10-02T12:23:49
6.33071	-52.53681	0	68	2021-10-02T12:28:49
6.33235	-52.54044	0	68	2021-10-02T12:33:50
6.33405	-52.54410	0	68	2021-10-02T12:38:48
6.33569	-52.54779	0	68	2021-10-02T12:43:47
6.33741	-52.55157	0	68	2021-10-02T12:48:46
6.33926	-52.55542	0	68	2021-10-02T12:53:45
6.34127	-52.55972	0	68	2021-10-02T12:59:28
6.34281	-52.56306	0	68	2021-10-02T13:03:43
6.34453	-52.56684	0	68	2021-10-02T13:08:43
6.34646	-52.57062	0	68	2021-10-02T13:13:42
6.34841	-52.57440	0	68	2021-10-02T13:18:43
6.35024	-52.57834	0	68	2021-10-02T13:23:47
6.35213	-52.58212	0	68	2021-10-02T13:28:48
6.35408	-52.58594	0	68	2021-10-02T13:33:46
6.35602	-52.58978	0	68	2021-10-02T13:38:46
6.35792	-52.59372	0	68	2021-10-02T13:43:46
6.35989	-52.59750	0	68	2021-10-02T13:48:45
6.36185	-52.60138	0	68	2021-10-02T13:53:48
6.36415	-52.60574	0	68	2021-10-02T13:59:25
6.36584	-52.60915	0	68	2021-10-02T14:03:50
6.36773	-52.61301	0	68	2021-10-02T14:08:51
6.36963	-52.61688	0	68	2021-10-02T14:13:48
6.37351	-52.62463	0	68	2021-10-02T14:23:47
6.37548	-52.62849	0	68	2021-10-02T14:28:47
6.37741	-52.63235	0	68	2021-10-02T14:33:48
6.37923	-52.63632	0	68	2021-10-02T14:38:45
6.38115	-52.64029	0	68	2021-10-02T14:43:48
6.38305	-52.64413	0	68	2021-10-02T14:48:54
6.38493	-52.64810	0	68	2021-10-02T14:53:47
6.38703	-52.65285	0	68	2021-10-02T14:58:48
6.38875	-52.65628	0	68	2021-10-02T15:03:49
6.39064	-52.66019	0	68	2021-10-02T15:08:47
6.39255	-52.66415	0	68	2021-10-02T15:13:46
6.39856	-52.67596	0	68	2021-10-02T15:28:52
6.40064	-52.67989	0	68	2021-10-02T15:33:50
6.40287	-52.68375	0	68	2021-10-02T15:38:51
6.40493	-52.68765	0	68	2021-10-02T15:43:52
6.40713	-52.69153	0	68	2021-10-02T15:48:49
6.40919	-52.69547	0	68	2021-10-02T15:53:47
6.41172	-52.69997	0	68	2021-10-02T15:58:47
6.41374	-52.70340	0	68	2021-10-02T16:03:48
6.41596	-52.70734	0	68	2021-10-02T16:08:48
6.41823	-52.71146	0	68	2021-10-02T16:13:42
6.42033	-52.71515	0	68	2021-10-02T16:18:43
6.42279	-52.71912	0	68	2021-10-02T16:23:43
6.42519	-52.72296	0	68	2021-10-02T16:28:44
6.42772	-52.72699	0	68	2021-10-02T16:33:41
6.43009	-52.73080	0	68	2021-10-02T16:38:43
6.43261	-52.73471	0	68	2021-10-02T16:43:42
6.43524	-52.73853	0	68	2021-10-02T16:48:40
6.43792	-52.74243	0	68	2021-10-02T16:54:08
6.44075	-52.74655	0	68	2021-10-02T16:59:09
6.44314	-52.75006	0	68	2021-10-02T17:03:39
6.44577	-52.75385	0	68	2021-10-02T17:08:38
6.44841	-52.75767	0	68	2021-10-02T17:13:39
6.45124	-52.76145	0	68	2021-10-02T17:18:38
6.45399	-52.76514	0	68	2021-10-02T17:23:38
6.45677	-52.76889	0	68	2021-10-02T17:28:40
