,lon,lat,z
0,-48.393143919840625,-0.20514206011953195,9.59098361908653
1,-48.393143919840625,-0.20514206011953195,9.59098361908653
2,-48.393143919840625,-0.20514206011953195,9.59098361908653
3,-48.393143919840625,-0.20514206011953195,9.59098361908653
4,-48.393143919840625,-0.20514206011953195,9.59098361908653
5,-48.393143919840625,-0.20514206011953195,9.59098361908653
6,-48.393143919840625,-0.20514206011953195,9.59098361908653
7,-48.393143919840625,-0.20514206011953195,9.59098361908653
8,-48.393143919840625,-0.20514206011953195,9.59098361908653
9,-48.393143919840625,-0.20514206011953195,9.59098361908653
10,-48.393143919840625,-0.20514206011953195,9.59098361908653
11,-48.393143919840625,-0.20514206011953195,9.59098361908653
12,-48.393143919840625,-0.20514206011953195,9.59098361908653
13,-48.393143919840625,-0.20514206011953195,9.59098361908653
14,-48.393143919840625,-0.20514206011953195,9.59098361908653
15,-48.393143919840625,-0.20514206011953195,9.59098361908653
16,-48.393143919840625,-0.20514206011953195,9.59098361908653
17,-48.393143919840625,-0.20514206011953195,9.59098361908653
18,-48.393143919840625,-0.20514206011953195,9.59098361908653
19,-48.393143919840625,-0.20514206011953195,9.59098361908653
20,-48.393143919840625,-0.20514206011953195,9.59098361908653
21,-48.393143919840625,-0.20514206011953195,9.59098361908653
22,-48.393143919840625,-0.20514206011953195,9.59098361908653
23,-48.393143919840625,-0.20514206011953195,9.59098361908653
24,-48.393143919840625,-0.20514206011953195,9.59098361908653
25,-48.393143919840625,-0.20514206011953195,9.59098361908653
26,-48.393143919840625,-0.20514206011953195,9.59098361908653
27,-48.393143919840625,-0.20514206011953195,9.59098361908653
28,-48.393143919840625,-0.20514206011953195,9.59098361908653
29,-48.393143919840625,-0.20514206011953195,9.59098361908653
30,-48.393143919840625,-0.20514206011953195,9.59098361908653
31,-48.393143919840625,-0.20514206011953195,9.59098361908653
32,-48.393143919840625,-0.20514206011953195,9.59098361908653
33,-48.393143919840625,-0.20514206011953195,9.59098361908653
34,-48.393143919840625,-0.20514206011953195,9.59098361908653
35,-48.393143919840625,-0.20514206011953195,9.59098361908653
36,-48.393143919840625,-0.20514206011953195,9.59098361908653
37,-48.393143919840625,-0.20514206011953195,9.59098361908653
38,-48.393143919840625,-0.20514206011953195,9.59098361908653
39,-48.393143919840625,-0.20514206011953195,9.59098361908653
40,-48.393143919840625,-0.20514206011953195,9.59098361908653
41,-48.393143919840625,-0.20514206011953195,9.59098361908653
42,-48.393143919840625,-0.20514206011953195,9.59098361908653
43,-48.393143919840625,-0.20514206011953195,9.59098361908653
44,-48.393143919840625,-0.20514206011953195,9.59098361908653
45,-48.393143919840625,-0.20514206011953195,9.59098361908653
46,-48.393143919840625,-0.20514206011953195,9.59098361908653
47,-48.393143919840625,-0.20514206011953195,9.59098361908653
48,-48.393143919840625,-0.20514206011953195,9.59098361908653
49,-48.393143919840625,-0.20514206011953195,9.59098361908653
50,-48.393143919840625,-0.20514206011953195,9.59098361908653
51,-48.393143919840625,-0.20514206011953195,9.59098361908653
52,-48.393143919840625,-0.20514206011953195,9.59098361908653
53,-48.393143919840625,-0.20514206011953195,9.59098361908653
54,-48.393143919840625,-0.20514206011953195,9.59098361908653
55,-48.393143919840625,-0.20514206011953195,9.59098361908653
56,-48.393143919840625,-0.20514206011953195,9.59098361908653
57,-48.393143919840625,-0.20514206011953195,9.59098361908653
58,-48.393143919840625,-0.20514206011953195,9.59098361908653
59,-48.393143919840625,-0.20514206011953195,9.59098361908653
60,-48.393143919840625,-0.20514206011953195,9.59098361908653
61,-48.393143919840625,-0.20514206011953195,9.59098361908653
62,-48.393143919840625,-0.20514206011953195,9.59098361908653
63,-48.393143919840625,-0.20514206011953195,9.59098361908653
64,-48.393143919840625,-0.20514206011953195,9.59098361908653
65,-48.393143919840625,-0.20514206011953195,9.59098361908653
66,-48.393143919840625,-0.20514206011953195,9.59098361908653
67,-48.393143919840625,-0.20514206011953195,9.59098361908653
68,-48.393143919840625,-0.20514206011953195,9.59098361908653
69,-48.393143919840625,-0.20514206011953195,9.59098361908653
70,-48.393143919840625,-0.20514206011953195,9.59098361908653
71,-48.393143919840625,-0.20514206011953195,9.59098361908653
72,-48.393143919840625,-0.20514206011953195,9.59098361908653
73,-48.393143919840625,-0.20514206011953195,9.59098361908653
74,-48.393143919840625,-0.20514206011953195,9.59098361908653
75,-48.393143919840625,-0.20514206011953195,9.59098361908653
76,-48.393143919840625,-0.20514206011953195,9.59098361908653
77,-48.393143919840625,-0.20514206011953195,9.59098361908653
78,-48.393143919840625,-0.20514206011953195,9.59098361908653
79,-48.393143919840625,-0.20514206011953195,9.59098361908653
80,-49.721138365383496,1.2571781570964684,9.803317969537403
81,-49.721138365383496,1.2940322351492521,9.803317969537403
82,-49.721138365383496,1.3126799780830605,9.803317969537403
83,-49.721138365383496,1.322280882073819,9.803317969537403
84,-49.721138365383496,1.3273103842986482,9.803317969537403
85,-49.721138365383496,1.3299647811147746,9.803317969537403
86,-49.721138365383496,1.3313845592274514,9.803317969537403
87,-49.721138365383496,1.3321671597306088,9.803317969537403
88,-49.721138365383496,1.332611482441855,9.803317969537403
89,-49.721138365383496,1.3328826060182446,9.803317969537403
90,-49.721138365383496,1.3330564737550747,9.803317969537403
91,-49.721138365383496,1.333166040470331,9.803317969537403
92,-49.721138365383496,1.3332338948052374,9.803317969537403
93,-49.721138365383496,1.3332760575630114,9.803317969537403
94,-49.721138365383496,1.3333018433801929,9.803317969537403
95,-49.721138365383496,1.3333168126676802,9.803317969537403
96,-49.721138365383496,1.3333250683365954,9.803317969537403
97,-49.721138365383496,1.333329318832745,9.803317969537403
98,-49.721138365383496,1.3333314085959396,9.803317969537403
99,-49.721138365383496,1.3333324282759864,9.803317969537403
100,-49.721138365383496,1.3333329220646506,9.803317969537403
101,-49.721138365383496,1.3333331555448804,9.803317969537403
102,-49.721138365383496,1.3333332651629592,9.803317969537403
103,-49.721138365383496,1.3333333180142106,9.803317969537403
104,-49.721138365383496,1.3333333441785464,9.803317969537403
105,-49.721138365383496,1.333333357683048,9.803317969537403
106,-49.721138365383496,1.3333333648635202,9.803317969537403
107,-49.721138365383496,1.3333333686868671,9.803317969537403
108,-49.721138365383496,1.3333333707255541,9.803317969537403
109,-49.721138365383496,1.3333333717995581,9.803317969537403
110,-49.721138365383496,1.3333333723643916,9.803317969537403
111,-49.721138365383496,1.333333372668316,9.803317969537403
112,-49.721138365383496,1.333333372835607,9.803317969537403
113,-49.721138365383496,1.333333372931988,9.803317969537403
114,-49.721138365383496,1.333333372989273,9.803317969537403
115,-49.721138365383496,1.333333373023073,9.803317969537403
116,-49.721138365383496,1.3333333730428718,9.803317969537403
117,-49.721138365383496,1.3333333730547174,9.803317969537403
118,-49.721138365383496,1.3333333730617631,9.803317969537403
119,-49.721138365383496,1.3333333730657206,9.803317969537403
120,-49.721138365383496,1.3333333730678216,9.803317969537403
121,-49.721138365383496,1.3333333730688457,9.803317969537403
122,-49.721138365383496,1.3333333730693218,9.803317969537403
123,-49.721138365383496,1.3333333730695471,9.803317969537403
124,-49.721138365383496,1.3333333730696553,9.803317969537403
125,-49.721138365383496,1.333333373069708,9.803317969537403
126,-49.721138365383496,1.333333373069734,9.803317969537403
127,-49.721138365383496,1.3333333730697472,9.803317969537403
128,-49.721138365383496,1.3333333730697539,9.803317969537403
129,-49.721138365383496,1.3333333730697579,9.803317969537403
130,-49.721138365383496,1.3333333730697594,9.803317969537403
131,-49.721138365383496,1.3333333730697594,9.803317969537403
132,-49.721138365383496,1.3333333730697594,9.803317969537403
133,-49.721138365383496,1.3333333730697594,9.803317969537403
134,-49.721138365383496,1.3333333730697594,9.803317969537403
135,-49.721138365383496,1.3333333730697594,9.803317969537403
136,-49.721138365383496,1.3333333730697596,9.803317969537403
137,-49.721138365383496,1.3333333730697596,9.803317969537403
138,-49.721138365383496,1.3333333730697599,9.803317969537403
139,-49.721138365383496,1.3333333730697599,9.803317969537403
140,-49.721138365383496,1.33333337306976,9.803317969537403
141,-49.721138365383496,1.33333337306976,9.803317969537403
142,-49.721138365383496,1.33333337306976,9.803317969537403
143,-49.721138365383496,1.33333337306976,9.803317969537403
144,-49.76999991721027,1.1666666268400148,10.026742495844001
145,-49.76999991721027,1.1666666268739398,10.054288696229587
146,-49.76999991721027,1.1666666268947379,10.078725352351494
147,-49.76999991721027,1.166666626907908,10.097032852078183
148,-49.76999991721027,1.1666666269162271,10.109980140711041
149,-49.76999991721027,1.1666666269214683,10.118096112247468
150,-49.76999991721027,1.1666666269249057,10.121172920079271
151,-49.76999991721027,1.1666666269271708,10.118810629145383
152,-49.76999991721027,1.1666666269285688,10.110892841893229
153,-49.76999991721027,1.1666666269293784,10.097025440276166
154,-49.76999991721027,1.166666626929803,10.08447670418148
155,-49.76999991721027,1.1666666269300137,10.081460277384604
156,-49.76999991721027,1.16666662693012,10.088211907699343
157,-49.76999991721027,1.1666666269301746,10.104205688807024
158,-49.76999991721027,1.1666666269302026,10.125246371475196
159,-49.76999991721027,1.1666666269302175,10.14755577671961
160,-49.76999991721027,1.1666666269302255,10.17069425816656
161,-49.76999991721027,1.1666666269302295,10.194233977048253
162,-49.76999991721027,1.1666666269302326,10.21559856625002
163,-49.76999991721027,1.1666666269302326,10.232990227299279
164,-49.76999991721027,1.1666666269302326,10.247038191081383
165,-49.76999991721027,1.1666666269302326,10.258230475508281
166,-49.76999991721027,1.1666666269302326,10.266453173411474
167,-49.76999991721027,1.1666666269302326,10.271560977909058
168,-49.76999991721027,1.1666666269302326,10.273794039701425
169,-49.76999991721027,1.1666666269302326,10.273255964542596
170,-49.76999991721027,1.1666666269302326,10.27165884283944
171,-49.76999991721027,1.1666666269302328,10.270720518104195
172,-49.76999991721027,1.1666666269302328,10.270451262692273
173,-49.76999991721027,1.166666626930233,10.270854030802337
174,-49.76999991721027,1.166666626930233,10.271626412940673
175,-49.76999991721027,1.1666666269302333,10.272467107280061
176,-49.76999991721027,1.1666666269302333,10.273375137853105
177,-50.31593692870838,3.0015853982103446,11.940608557300234
178,-50.33741764506995,3.0039937965481722,12.756197206975425
179,-50.35770187174303,3.003899686196838,12.62887266527579
180,-50.37392112473863,3.003783477044315,12.489411995077912
181,-50.38813194097084,3.0047869100283964,12.336373379251395
182,-50.413224737811746,3.0150203269241405,12.150475226802168
183,-50.43616271921901,3.0260141084196124,12.385900890579446
184,-50.43616271921901,3.0260141084196124,12.653251573713728
185,-49.08841735645929,0.3374560331690759,8.837856630431972
186,-49.09061857673983,0.3552432307811273,8.837856630431972
187,-49.09392610359312,0.369458192217337,8.837856630431972
188,-49.09874597459641,0.38069209161454864,8.837856630431972
189,-49.10546529159326,0.3894762518610264,8.837856630431972
190,-49.11469793052113,0.3962830861678981,8.837856630431972
191,-49.12720032500722,0.401510491478291,8.837856630431972
192,-49.14412099465274,0.4053993260595803,8.837856630431972
193,-49.167118296590004,0.40848635950374046,8.837856630431972
194,-49.17563174745233,0.4366823161828961,8.837856630431972
195,-49.17786119613773,0.4566054666609034,8.837856630431972
196,-49.180459819708986,0.4702597477146355,8.837856630431972
197,-49.18349920235677,0.47952312888787674,8.837856630431972
198,-49.187011927204836,0.48583580312401864,8.837856630431972
199,-49.19102257235842,0.490156948043591,8.837856630431972
200,-49.195808321874566,0.4930654384961599,8.837856630431972
201,-49.20183362660545,0.4950019388429041,8.837856630431972
202,-49.209468865367754,0.49631466065397944,8.837856630431972
203,-49.21920882774465,0.49721998734759154,8.837856630431972
204,-49.23185770046793,0.4978815330170363,8.837856630431972
205,-49.24859486202685,0.4983896713228688,8.837856630431972
206,-49.25179428198506,0.5157792140918218,8.837856630431972
207,-49.25198763075708,0.5310420492347703,8.837856630431972
208,-49.252232992116575,0.5430003160055321,8.837856630431972
209,-49.252550057586454,0.5520796272631969,8.837856630431972
210,-49.25296022077307,0.5590027908025377,8.837856630431972
211,-49.2534930880146,0.5643045262784199,8.837856630431972
212,-49.25402688479986,0.5683313245552881,8.837856630431972
213,-49.25435879097814,0.5713705034364693,8.837856630431972
214,-49.254429962047176,0.5736847151209759,8.837856630431972
215,-49.2542273778677,0.5754620958780379,8.837856630431972
216,-49.25395021887701,0.5768753893673875,8.837856630431972
217,-49.25376957349666,0.5780349233075412,8.837856630431972
218,-49.253673535490044,0.5789862606368104,8.837856630431972
219,-49.25365592465743,0.5797667834135325,8.837856630431972
220,-49.25374083431509,0.5804082030605286,8.837856630431972
221,-49.253962189243786,0.5809359744036016,8.837856630431972
222,-49.254344076486504,0.581369919346514,8.837856630431972
223,-49.25493009423745,0.5817264597646812,8.837856630431972
224,-49.255687537234664,0.5820154431032734,8.837856630431972
225,-49.256549683638,0.5822470548739247,8.837856630431972
226,-49.25752910635124,0.5824334887092277,8.837856630431972
227,-49.258639598843516,0.5825842013316098,8.837856630431972
228,-49.25985056300304,0.5827114442661099,8.837856630431972
229,-49.261108007142965,0.5828225571768044,8.837856630431972
230,-49.26238850410512,0.5829182726018125,8.837856630431972
231,-49.26366498656547,0.5829996332526068,8.837856630431972
232,-49.26491023425355,0.5830671846545012,8.837856630431972
233,-49.266096147310904,0.583122190945712,8.837856630431972
234,-49.26719181079547,0.5831667198107073,8.837856630431972
235,-48.42010062223724,-0.18492453332207037,8.193630694279937
236,-48.460631517954226,-0.1572726672735978,8.132924306722208
237,-48.47246430054727,-0.14765469523914976,8.21284449176631
238,-48.486025098392275,-0.13698717341291444,8.286971719247168
239,-48.50342166356202,-0.12362180076358231,8.34450128219317
240,-48.524356069762035,-0.10410488999802214,8.34450128219317
241,-48.54880939032799,-0.08447138036323554,8.34450128219317
242,-49.733856394714095,1.1274905812932463,10.66464432916528
243,-49.73291316052361,1.1621322314020706,10.66464432916528
244,-49.7309459026399,1.1993854733781024,10.66464432916528
245,-49.72867320587845,1.239918588921542,10.66464432916528
246,-49.728121821370266,1.2777205879636728,10.66464432916528
247,-49.728121821370266,1.3006111185994502,10.66464432916528
248,-49.728121821370266,1.3137759349966434,10.66464432916528
249,-49.728121821370266,1.3214597951638059,10.66464432916528
250,-49.728121821370266,1.3260109882814692,10.66464432916528
251,-49.728121821370266,1.3287292366094068,10.66464432916528
252,-49.728121821370266,1.3303706447580073,10.66464432916528
253,-49.728121821370266,1.3313822550074423,10.66464432916528
254,-49.728121821370266,1.3320183802040493,10.66464432916528
255,-49.728121821370266,1.3324452140409466,10.66464432916528
256,-49.728121821370266,1.3327447125458765,10.66464432916528
257,-49.728121821370266,1.3329505078324662,10.66464432916528
258,-49.728121821370266,1.3330890109918077,10.66464432916528
259,-49.728121821370266,1.3331818155887927,10.66464432916528
260,-49.728121821370266,1.3332429195465973,10.66464432916528
261,-49.728121821370266,1.3332814239569908,10.66464432916528
262,-49.728121821370266,1.3333046629287266,10.66464432916528
263,-49.728121821370266,1.333317860769447,10.66464432916528
264,-49.728121821370266,1.3333250481526633,10.66464432916528
265,-49.728121821370266,1.333328935486998,10.66464432916528
266,-49.728121821370266,1.3333310235675826,10.66464432916528
267,-49.728121821370266,1.333332119333562,10.66464432916528
268,-49.728121821370266,1.3333326888816945,10.66464432916528
269,-49.728121821370266,1.333332991227631,10.66464432916528
270,-49.728121821370266,1.3333331551326408,10.66464432916528
271,-49.728121821370266,1.33333324723441,10.66464432916528
272,-49.728121821370266,1.3333333003615777,10.66464432916528
273,-49.728121821370266,1.3333333310287558,10.66464432916528
274,-49.728121821370266,1.3333333487436851,10.66464432916528
275,-49.728121821370266,1.3333333588403826,10.66464432916528
276,-49.728121821370266,1.3333333645697312,10.66464432916528
277,-49.728121821370266,1.3333333678844408,10.66464432916528
278,-49.728121821370266,1.3333333698393974,10.66464432916528
279,-49.728121821370266,1.3333333710418414,10.66464432916528
280,-49.728121821370266,1.3333333718039273,10.66464432916528
281,-49.728121821370266,1.3333333722841114,10.66464432916528
282,-49.728121821370266,1.3333333725849108,10.66464432916528
283,-49.728121821370266,1.3333333727782712,10.66464432916528
284,-49.728121821370266,1.3333333729025032,10.66464432916528
285,-49.728121821370266,1.333333372978161,10.66464432916528
286,-49.728121821370266,1.3333333730218813,10.66464432916528
287,-49.728121821370266,1.3333333730451018,10.66464432916528
288,-49.728121821370266,1.3333333730568424,10.66464432916528
289,-49.728121821370266,1.333333373062877,10.66464432916528
290,-49.728121821370266,1.33333337306603,10.66464432916528
291,-49.728121821370266,1.3333333730676993,10.66464432916528
292,-49.728121821370266,1.3333333730685966,10.66464432916528
293,-49.728121821370266,1.3333333730690888,10.66464432916528
294,-49.728121821370266,1.3333333730693648,10.66464432916528
295,-49.728121821370266,1.3333333730695227,10.66464432916528
296,-49.728121821370266,1.3333333730696144,10.66464432916528
297,-49.728121821370266,1.3333333730696693,10.66464432916528
298,-49.728121821370266,1.3333333730697026,10.66464432916528
299,-49.728121821370266,1.3333333730697237,10.66464432916528
300,-49.728121821370266,1.3333333730697376,10.66464432916528
301,-49.728121821370266,1.3333333730697468,10.66464432916528
302,-49.728121821370266,1.3333333730697525,10.66464432916528
303,-49.728121821370266,1.3333333730697565,10.66464432916528
304,-49.728121821370266,1.3333333730697592,10.66464432916528
305,-49.728121821370266,1.3333333730697592,10.66464432916528
306,-49.728121821370266,1.3333333730697592,10.66464432916528
307,-49.728121821370266,1.3333333730697592,10.66464432916528
308,-49.728121821370266,1.3333333730697592,10.66464432916528
309,-49.728121821370266,1.3333333730697594,10.66464432916528
310,-49.087657722818726,0.36652288598001315,7.9133478431765605
311,-49.11022043754888,0.39016715887195597,7.9133478431765605
312,-49.135579295309576,0.41513138990561993,7.9133478431765605
313,-49.1604746808685,0.4415141687386872,7.9133478431765605
314,-49.186647911440154,0.4680325761055806,7.9133478431765605
315,-49.214571663721976,0.4954968636466597,7.9133478431765605
316,-49.24970044014804,0.5243467335786058,7.9133478431765605
317,-49.28986172231139,0.5568297989894213,7.9133478431765605
318,-49.3323698234713,0.5892413336878612,7.9133478431765605
319,-49.36046198474974,0.6151503716692255,7.9133478431765605
320,-49.38388199762135,0.6354747377086292,7.9133478431765605
321,-49.40331500218013,0.6505576454797315,7.9133478431765605
322,-49.4196054646091,0.6567690513461835,7.92208615067353
323,-48.2290204087296,-0.3183259660746378,7.894671397866139
324,-48.24767201308233,-0.30347324019166333,8.027949857955198
325,-48.269197948679185,-0.28036072797894374,8.043262242903827
326,-48.29435063840648,-0.25312548699238757,8.043262242903827
327,-48.32248781098698,-0.22311387877797895,7.8864845606626
328,-48.49870030472558,-0.0959942698133025,7.940965837587489
329,-48.53709406137951,-0.07500499761780954,7.950706715745971
330,-50.40097636533674,3.0643445597194865,12.777508106257175
331,-50.40432085316511,3.0569597918303795,12.709436619508653
332,-50.40701806060171,3.0526416198869835,12.61685877901242
333,-50.40917696361576,3.0507918632894895,12.496414874141793
334,-50.421417218958744,3.0544421400196167,12.656262491902327
335,-50.421417218958744,3.0544421400196167,12.862668108784293
336,-50.421417218958744,3.0544421400196167,13.060344716206474
337,-50.421417218958744,3.0544421400196167,13.24035722248651
338,-50.421417218958744,3.0544421400196167,13.403511171720185
339,-49.98361690648918,2.6444544804388888,15.015261619095533
340,-49.98361690648918,2.6444544804388888,16.29132396655607
341,-49.98361690648918,2.6444544804388888,17.346739205362816
342,-49.98361690648918,2.6444544804388888,18.104713701444986
343,-49.98361690648918,2.6444544804388888,18.62652711560643
344,-49.98361690648918,2.6444544804388888,18.994108523196907
345,-49.98361690648918,2.6444544804388888,19.25803393450608
346,-49.98361690648918,2.6444544804388888,19.44793933598178
347,-49.98361690648918,2.6444544804388888,19.584876587572786
348,-49.98361690648918,2.6444544804388888,19.685730072700814
349,-49.98361690648918,2.6444544804388888,19.760977348272924
350,-49.98361690648918,2.6444544804388888,19.816367936295343
351,-49.98361690648918,2.6444544804388888,19.856599387793928
352,-49.98361690648918,2.6444544804388888,19.88530284745068
353,-49.98361690648918,2.6444544804388888,19.905470433747475
354,-49.98361690648918,2.6444544804388888,19.919520319428308
355,-49.498531333807385,0.6853027159415193,8.76867593795712
356,-49.498531333807385,0.6971830229410203,8.76867593795712
357,-49.498531333807385,0.7074307682720915,8.76867593795712
358,-49.498531333807385,0.7161270619910043,8.76867593795712
359,-49.498531333807385,0.7235928732647368,8.76867593795712
360,-49.498531333807385,0.729984009415533,8.76867593795712
361,-49.498531333807385,0.7352490267826839,8.76867593795712
362,-49.498531333807385,0.739430561571156,8.76867593795712
363,-49.498531333807385,0.7425271529221378,8.76867593795712
364,-49.498531333807385,0.7447089906512916,8.76867593795712
365,-49.498531333807385,0.7462484629392507,8.76867593795712
366,-49.498531333807385,0.7473362206396972,8.76867593795712
367,-49.498531333807385,0.7481136258469279,8.76867593795712
368,-49.498531333807385,0.7486731547288217,8.76867593795712
369,-49.498531333807385,0.7490730088555198,8.76867593795712
370,-49.498531333807385,0.7493567293211301,8.76867593795712
371,-49.498531333807385,0.7495554361072665,8.76867593795712
372,-49.498531333807385,0.7496931993536771,8.76867593795712
373,-49.498531333807385,0.749788573214486,8.76867593795712
374,-49.498531333807385,0.7498545058940242,8.76867593795712
375,-49.498531333807385,0.749899592194806,8.76867593795712
376,-49.498531333807385,0.7499302119193618,8.76867593795712
377,-49.498531333807385,0.7499511475059928,8.76867593795712
378,-49.498531333807385,0.7499655583513098,8.76867593795712
379,-49.498531333807385,0.7499754836999362,8.76867593795712
380,-49.498531333807385,0.7499823362940061,8.76867593795712
381,-49.498531333807385,0.7499871185536,8.76867593795712
382,-49.498531333807385,0.7499904916899008,8.76867593795712
383,-49.498531333807385,0.7499928300328906,8.76867593795712
384,-49.498531333807385,0.7499944252508859,8.76867593795712
385,-49.498531333807385,0.7499955308201859,8.76867593795712
386,-49.498531333807385,0.7499963057637286,8.76867593795712
387,-49.498531333807385,0.7499969014428873,8.76867593795712
388,-49.498531333807385,0.7499974047691094,8.76867593795712
389,-49.498531333807385,0.749997829428199,8.76867593795712
390,-49.498531333807385,0.7499981871829812,8.76867593795712
391,-49.498531333807385,0.7499984972473881,8.76867593795712
392,-49.498531333807385,0.7499987710144633,8.76867593795712
393,-49.498531333807385,0.749999008410746,8.76867593795712
394,-49.498531333807385,0.7499992106990775,8.76867593795712
395,-49.498531333807385,0.7499993797192026,8.76867593795712
396,-49.498531333807385,0.7499995184092251,8.76867593795712
397,-49.498531333807385,0.7499996305870816,8.76867593795712
398,-49.498531333807385,0.749999720043797,8.76867593795712
399,-49.498531333807385,0.7499997884786866,8.76867593795712
400,-49.498531333807385,0.7499998392147791,8.76867593795712
401,-49.498531333807385,0.7499998770393728,8.76867593795712
402,-49.498531333807385,0.749999905395027,8.76867593795712
403,-49.498531333807385,0.7499999263909353,8.76867593795712
404,-49.498531333807385,0.7499999417816946,8.76867593795712
405,-49.498531333807385,0.7499999531943001,8.76867593795712
406,-49.498531333807385,0.749999961748466,8.76867593795712
407,-49.498531333807385,0.7499999682740776,8.76867593795712
408,-49.498531333807385,0.7499999733375949,8.76867593795712
409,-49.498531333807385,0.7499999772959132,8.76867593795712
410,-49.498531333807385,0.7499999804102715,8.76867593795712
411,-49.498531333807385,0.7499999832858861,8.76867593795712
412,-49.498531333807385,0.7499999862380567,8.76867593795712
413,-49.498531333807385,0.7499999890650292,8.76867593795712
414,-49.498531333807385,0.7499999916151179,8.76867593795712
415,-49.498531333807385,0.7499999936636625,8.76867593795712
416,-49.498531333807385,0.7499999951809417,8.76867593795712
417,-49.498531333807385,0.7499999963113403,8.76867593795712
418,-49.498531333807385,0.7499999971584353,8.76867593795712
419,-49.498531333807385,0.7499999978051447,8.76867593795712
420,-49.498531333807385,0.7499999983064795,8.76867593795712
421,-49.498531333807385,0.749999998694697,8.76867593795712
422,-49.498531333807385,0.7499999989949945,8.76867593795712
423,-49.498531333807385,0.7499999992296409,8.76867593795712
424,-49.498531333807385,0.7499999994141088,8.76867593795712
425,-49.498531333807385,0.7499999995578801,8.76867593795712
426,-49.73885377516658,1.2552885303703907,8.838930360162138
427,-49.73885377516658,1.2901083802772437,8.838930360162138
428,-49.73885377516658,1.3099326379402474,8.838930360162138
429,-49.73885377516658,1.3209502852133401,8.838930360162138
430,-49.73885377516658,1.3269281548785703,8.838930360162138
431,-49.73885377516658,1.330027900327335,8.838930360162138
432,-49.73885377516658,1.3315963046329646,8.838930360162138
433,-49.73885377516658,1.3324037987734958,8.838930360162138
434,-49.73885377516658,1.3328268080688208,8.838930360162138
435,-49.73885377516658,1.333050057066065,8.838930360162138
436,-49.73885377516658,1.3331694678339165,8.838930360162138
437,-49.73885377516658,1.3332352885771723,8.838930360162138
438,-49.73885377516658,1.333272658394413,8.838930360162138
439,-49.73885377516658,1.333295461270667,8.838930360162138
440,-49.73885377516658,1.3333100844321486,8.838930360162138
441,-49.73885377516658,1.3333192995495233,8.838930360162138
442,-49.73885377516658,1.333325006443403,8.838930360162138
443,-49.73885377516658,1.333328552545168,8.838930360162138
444,-49.73885377516658,1.3333307212631023,8.838930360162138
445,-49.73885377516658,1.333331980256045,8.838930360162138
446,-49.73885377516658,1.3333326745996275,8.838930360162138
447,-49.73885377516658,1.3333330320878893,8.838930360162138
448,-49.73885377516658,1.3333332078475615,8.838930360162138
449,-49.73885377516658,1.33333329360782,8.838930360162138
450,-49.73885377516658,1.3333333351379486,8.838930360162138
451,-49.73885377516658,1.3333333547748187,8.838930360162138
452,-49.73885377516658,1.3333333639942544,8.838930360162138
453,-49.73885377516658,1.3333333684393125,8.838930360162138
454,-49.73885377516658,1.3333333706398656,8.838930360162138
455,-49.73885377516658,1.3333333717756624,8.838930360162138
456,-49.73885377516658,1.3333333723795766,8.838930360162138
457,-49.73885377516658,1.3333333727011394,8.838930360162138
458,-49.73885377516658,1.3333333728726031,8.838930360162138
459,-49.73885377516658,1.3333333729629324,8.838930360162138
460,-49.73885377516658,1.3333333730104378,8.838930360162138
461,-49.73885377516658,1.3333333730359995,8.838930360162138
462,-49.73885377516658,1.3333333730500698,8.838930360162138
463,-49.73885377516658,1.333333373058176,8.838930360162138
464,-49.73885377516658,1.3333333730629937,8.838930360162138
465,-49.73885377516658,1.3333333730658368,8.838930360162138
466,-49.73885377516658,1.3333333730675023,8.838930360162138
467,-49.73885377516658,1.3333333730684982,8.838930360162138
468,-49.73885377516658,1.3333333730690906,8.838930360162138
469,-49.73885377516658,1.333333373069423,8.838930360162138
470,-49.73885377516658,1.3333333730695998,8.838930360162138
471,-49.73885377516658,1.3333333730696861,8.838930360162138
472,-49.73885377516658,1.3333333730697259,8.838930360162138
473,-49.73885377516658,1.333333373069745,8.838930360162138
474,-49.73885377516658,1.3333333730697543,8.838930360162138
475,-49.73885377516658,1.3333333730697583,8.838930360162138
476,-49.73885377516658,1.33333337306976,8.838930360162138
477,-49.73885377516658,1.33333337306976,8.838930360162138
478,-49.73885377516658,1.33333337306976,8.838930360162138
479,-49.73885377516658,1.33333337306976,8.838930360162138
480,-49.73885377516658,1.33333337306976,8.838930360162138
481,-49.73885377516658,1.33333337306976,8.838930360162138
482,-49.73885377516658,1.33333337306976,8.838930360162138
483,-49.73885377516658,1.33333337306976,8.838930360162138
484,-49.73885377516658,1.33333337306976,8.838930360162138
485,-49.73885377516658,1.33333337306976,8.838930360162138
486,-49.73885377516658,1.33333337306976,8.838930360162138
487,-49.73885377516658,1.33333337306976,8.838930360162138
488,-49.73885377516658,1.33333337306976,8.838930360162138
489,-49.73885377516658,1.33333337306976,8.838930360162138
490,-49.73885377516658,1.33333337306976,8.838930360162138
491,-49.73885377516658,1.33333337306976,8.838930360162138
492,-49.73885377516658,1.33333337306976,8.838930360162138
493,-49.73885377516658,1.33333337306976,8.838930360162138
494,-49.83567364124025,0.9473820544111721,11.480015869363866
495,-49.829634468158986,0.9624923783884686,11.480015869363866
496,-49.82194600166264,0.9821308136873984,11.480015869363866
497,-49.81425079625819,1.003395323388212,11.480015869363866
498,-49.81192554850776,1.0279269376009315,11.480015869363866
499,-49.809196930820406,1.0569335279536962,11.480015869363866
500,-49.80689414414866,1.0895657673439918,11.480015869363866
501,-49.80689414414866,1.1151903982603462,11.480015869363866
502,-49.80689414414866,1.1321270382349202,11.480015869363866
503,-49.80689414414866,1.1433754750920788,11.480015869363866
504,-49.80689414414866,1.1507807579131613,11.480015869363866
505,-49.80689414414866,1.1556370220144108,11.480015869363866
506,-49.80689414414866,1.1588712334083984,11.480015869363866
507,-49.80689414414866,1.1610581449896462,11.480015869363866
508,-49.80689414414866,1.1626070526612797,11.480015869363866
509,-49.80689414414866,1.1637448826557706,11.480015869363866
510,-49.80689414414866,1.1645757403672907,11.480015869363866
511,-49.80689414414866,1.1651788243329908,11.480015869363866
512,-49.80689414414866,1.1656264479625311,11.480015869363866
513,-49.80689414414866,1.1659605694212094,11.480015869363866
514,-49.80689414414866,1.1662013180497088,11.480015869363866
515,-49.80689414414866,1.1663689042862413,11.480015869363866
516,-49.80689414414866,1.166479759041661,11.480015869363866
517,-49.80689414414866,1.1665503769708985,11.480015869363866
518,-49.80689414414866,1.1665949488670724,11.480015869363866
519,-49.80689414414866,1.1666228228027653,11.480015869363866
520,-49.80689414414866,1.1666396467578166,11.480015869363866
521,-49.80689414414866,1.1666495959001932,11.480015869363866
522,-49.80689414414866,1.1666556089087732,11.480015869363866
523,-49.80689414414866,1.1666593217182522,11.480015869363866
524,-49.80689414414866,1.1666617200612945,11.480015869363866
525,-49.80689414414866,1.1666633263184747,11.480015869363866
526,-49.80689414414866,1.1666644036061429,11.480015869363866
527,-49.80689414414866,1.1666651271436859,11.480015869363866
528,-49.80689414414866,1.1666656081732902,11.480015869363866
529,-49.80689414414866,1.1666659262461403,11.480015869363866
530,-49.80689414414866,1.1666661389699389,11.480015869363866
531,-49.80689414414866,1.1666662828519532,11.480015869363866
532,-49.80689414414866,1.1666663830528403,11.480015869363866
533,-49.80689414414866,1.1666664544424636,11.480015869363866
534,-49.80689414414866,1.1666665051946494,11.480015869363866
535,-49.80689414414866,1.16666654119699,11.480015869363866
536,-49.80689414414866,1.1666665677751316,11.480015869363866
537,-49.80689414414866,1.1666665876670816,11.480015869363866
538,-49.80689414414866,1.166666601861747,11.480015869363866
539,-49.80689414414866,1.1666666115337674,11.480015869363866
540,-49.80689414414866,1.166666617589506,11.480015869363866
541,-49.80689414414866,1.1666666211821402,11.480015869363866
542,-49.80689414414866,1.166666623342251,11.480015869363866
543,-49.80689414414866,1.1666666246584851,11.480015869363866
544,-49.80689414414866,1.166666625467079,11.480015869363866
545,-49.80689414414866,1.1666666259688934,11.480015869363866
546,-49.80689414414866,1.166666626285886,11.480015869363866
547,-49.80689414414866,1.1666666264896584,11.480015869363866
548,-49.80689414414866,1.1666666266240158,11.480015869363866
549,-49.80689414414866,1.1666666267146548,11.480015869363866
550,-49.80689414414866,1.1666666267765082,11.480015869363866
551,-49.80689414414866,1.1666666268192016,11.480015869363866
552,-49.80689414414866,1.1666666268496941,11.480015869363866
553,-49.80689414414866,1.1666666268720622,11.480015869363866
554,-49.80689414414866,1.1666666268883974,11.480015869363866
555,-49.80689414414866,1.1666666269002741,11.480015869363866
556,-49.80689414414866,1.1666666269088708,11.480015869363866
557,-49.80689414414866,1.166666626915066,11.480015869363866
558,-49.80689414414866,1.1666666269195105,11.480015869363866
559,-49.80689414414866,1.166666626922685,11.480015869363866
560,-49.80689414414866,1.166666626924945,11.480015869363866
561,-49.80689414414866,1.1666666269265473,11.480015869363866
562,-49.80689414414866,1.1666666269276775,11.480015869363866
563,-49.0590089436783,0.28374735726052713,9.720915181547031
564,-49.080166456215984,0.30503305714197304,9.720915181547031
565,-49.10118039823926,0.32632247822099125,9.720915181547031
566,-49.11261881147522,0.3465645304196736,9.720915181547031
567,-49.12109963978862,0.36221923417875623,9.720915181547031
568,-49.13188058573366,0.3741970448651595,9.720915181547031
569,-49.14553942963136,0.3833980871285443,9.720915181547031
570,-49.162616691538524,0.3904708771948757,9.720915181547031
571,-49.1823412209588,0.4045906834641395,9.720915181547031
572,-49.199578096901014,0.4194833303551244,9.720915181547031
573,-49.207682999449226,0.43158296834568355,9.720915181547031
574,-49.21805759662772,0.44160511117971546,9.720915181547031
575,-49.23204954267573,0.45047746607670924,9.720915181547031
576,-49.251118555824696,0.4587196759609109,9.720915181547031
577,-49.27066082442804,0.4765609418392709,9.720915181547031
578,-49.28624168827907,0.4964435696330478,9.720915181547031
579,-49.294343419117986,0.516362950084986,9.720915181547031
580,-49.302962718704585,0.5324807814269301,9.720915181547031
581,-49.31393656442862,0.5452518638400401,9.720915181547031
582,-49.327418099389725,0.5549977652343936,9.720915181547031
583,-49.3427559619907,0.5658353676459777,9.483809731259687
584,-49.073524655997616,0.39583961053539407,8.124459406059094
585,-49.09288171002946,0.41735745618824605,8.176601076826108
586,-49.11165658093897,0.43933009314331595,8.176601076826108
587,-49.13072008000346,0.46288982502391174,8.176601076826108
588,-49.14990980215326,0.4882434208347959,8.176601076826108
589,-49.17045685229742,0.5156730331855115,8.176601076826108
590,-49.19282417418718,0.5442129609200392,8.176601076826108
591,-49.216212841846854,0.5722073707538484,8.176601076826108
592,-49.237068997908054,0.5993853180761917,8.176601076826108
593,-49.25470792153111,0.6245352568321223,8.176601076826108
594,-49.271205981048396,0.6459807688593073,8.176601076826108
595,-49.28675879179683,0.6655729894696278,8.176601076826108
596,-49.29667667555837,0.6838008273057212,8.176601076826108
597,-49.304980492260356,0.7013954589347022,8.176601076826108
598,-49.31365967702537,0.7195761788857353,8.176601076826108
599,-49.324284452998526,0.7396262445063158,8.176601076826108
600,-49.33557122731405,0.7613190520423714,8.176601076826108
601,-49.347949070104605,0.784419281369982,8.176601076826108
602,-49.36234010798704,0.8098210717598604,8.176601076826108
603,-49.377913272192345,0.8368573368379557,8.176601076826108
604,-49.39152124964299,0.865631441950417,8.176601076826108
605,-49.40608726513152,0.8962933306001915,8.176601076826108
606,-49.4196598160696,0.9282781900701493,8.143794827588925
607,-49.43100572017134,0.961083438726736,8.002833905862706
608,-49.47382967458698,1.695221536322596,7.9209446505670424
609,-49.49170035700281,1.7562813964495845,7.9209446505670424
610,-49.513793205419645,1.8172455037465525,7.9209446505670424
611,-49.538693693403005,1.8784414024530534,7.9209446505670424
612,-49.56525698208243,1.9397394194065682,7.9209446505670424
613,-49.59361477383955,2.000949648020641,7.9209446505670424
614,-49.62462714145677,2.062732005236275,7.9209446505670424
615,-49.65813698466282,2.12640614690189,7.9209446505670424
616,-49.693873424989945,2.193073099845596,7.695329917868156
617,-49.66990048863173,1.3091349306418423,7.8504001024401155
618,-49.67531731350554,1.360234535348748,7.8504001024401155
619,-49.684136888810635,1.416609626056409,7.8504001024401155
620,-49.69862971969341,1.4787726659218905,7.8504001024401155
621,-49.71734028709924,1.545235998872552,7.8504001024401155
622,-49.74454502915868,1.6143648629790122,7.8504001024401155
623,-49.77987688727061,1.6828406110275254,7.8504001024401155
624,-50.24947660206116,2.4312237526541436,7.622763536445822
625,-50.389336000119364,2.7615240789114592,9.846361744265854
626,-50.40367587368386,2.76365887700194,10.404030273556677
627,-50.40506062671788,2.763878230502992,10.828128858983368
628,-50.40506062671788,2.763878230502992,11.164191699853367
629,-50.40506062671788,2.763878230502992,11.429618692372136
630,-50.40506062671788,2.763878230502992,11.63548139821531
631,-50.40506062671788,2.763878230502992,11.792905889714424
632,-50.40506062671788,2.763878230502992,11.91382193238413
633,-50.40506062671788,2.763878230502992,12.007105681331344
634,-50.40506062671788,2.763878230502992,12.078127897083581
635,-50.40506062671788,2.763878230502992,12.13159931722574
636,-50.40506062671788,2.763878230502992,12.172248206260596
637,-50.40506062671788,2.763878230502992,12.2034306900642
638,-50.40506062671788,2.763878230502992,12.22969542087329
639,-50.40506062671788,2.763878230502992,12.25348775070332
640,-50.40506062671788,2.763878230502992,12.274428632744351
641,-50.40506062671788,2.763878230502992,12.292363561627175
642,-50.40506062671788,2.763878230502992,12.307082233209334
643,-50.40506062671788,2.763878230502992,12.318760249703777
644,-50.40506062671788,2.763878230502992,12.32792445194635
645,-50.40506062671788,2.763878230502992,12.335037942889661
646,-50.40506062671788,2.763878230502992,12.340330917708988
647,-50.40506062671788,2.763878230502992,12.34414569360043
648,-50.40506062671788,2.763878230502992,12.346923170822512
649,-50.40506062671788,2.763878230502992,12.3489657103673
650,-50.40506062671788,2.763878230502992,12.350484500165939
651,-50.40506062671788,2.763878230502992,12.351626001490692
652,-50.40506062671788,2.763878230502992,12.352491639301368
653,-50.40506062671788,2.763878230502992,12.353153808618435
654,-50.40506062671788,2.763878230502992,12.353691760940057
655,-50.40506062671788,2.763878230502992,12.354150350252004
656,-50.40506062671788,2.763878230502992,12.35453540548095
657,-50.40506062671788,2.763878230502992,12.35485395211944
658,-50.40506062671788,2.763878230502992,12.355109499223628
659,-50.40506062671788,2.763878230502992,12.355309592466758
660,-50.40506062671788,2.763878230502992,12.355465821670466
661,-51.05101995882225,3.5591348116323545,8.079184846594885
662,-51.06215033975988,3.5773341109912664,8.427581359485643
663,-51.07342916849095,3.5949248659559245,8.67959152199795
664,-51.07415614603471,3.5960815924450955,8.864315054218181
665,-51.07415614603471,3.5960815924450955,9.016850809605543
666,-51.07415614603471,3.5960815924450955,9.142940779004434
667,-51.07415614603471,3.5960815924450955,9.229792182880132
668,-51.07415614603471,3.5960815924450955,9.267184798575485
669,-51.07415614603471,3.5960815924450955,9.25944493827295
670,-51.07415614603471,3.5960815924450955,9.205684494902684
671,-51.07415614603471,3.5960815924450955,9.142763402890282
672,-51.07415614603471,3.5960815924450955,9.113645542522804
673,-51.07415614603471,3.5960815924450955,9.12066226340606
674,-51.07415614603471,3.5960815924450955,9.163248659144969
675,-51.07415614603471,3.5960815924450955,9.223413860520608
676,-51.07415614603471,3.5960815924450955,9.28467943079589
677,-51.07415614603471,3.5960815924450955,9.346592924414594
678,-48.4347579796915,-0.17393151523137873,9.407137575953618
679,-48.4347579796915,-0.17393151523137873,9.407137575953618
680,-48.4347579796915,-0.17393151523137873,9.407137575953618
681,-48.4347579796915,-0.17393151523137873,9.407137575953618
682,-48.4347579796915,-0.17393151523137873,9.407137575953618
683,-48.4347579796915,-0.17393151523137873,9.407137575953618
684,-48.4347579796915,-0.17393151523137873,9.407137575953618
685,-48.4347579796915,-0.17393151523137873,9.407137575953618
686,-48.4347579796915,-0.17393151523137873,9.407137575953618
687,-48.4347579796915,-0.17393151523137873,9.407137575953618
688,-48.4347579796915,-0.17393151523137873,9.407137575953618
689,-48.4347579796915,-0.17393151523137873,9.407137575953618
690,-48.4347579796915,-0.17393151523137873,9.407137575953618
691,-48.4347579796915,-0.17393151523137873,9.407137575953618
692,-48.4347579796915,-0.17393151523137873,9.407137575953618
693,-48.4347579796915,-0.17393151523137873,9.407137575953618
694,-48.4347579796915,-0.17393151523137873,9.407137575953618
695,-48.4347579796915,-0.17393151523137873,9.407137575953618
696,-48.4347579796915,-0.17393151523137873,9.407137575953618
697,-48.4347579796915,-0.17393151523137873,9.407137575953618
698,-48.4347579796915,-0.17393151523137873,9.407137575953618
699,-48.4347579796915,-0.17393151523137873,9.407137575953618
700,-48.4347579796915,-0.17393151523137873,9.407137575953618
701,-48.4347579796915,-0.17393151523137873,9.407137575953618
702,-48.4347579796915,-0.17393151523137873,9.407137575953618
703,-48.4347579796915,-0.17393151523137873,9.407137575953618
704,-48.4347579796915,-0.17393151523137873,9.407137575953618
705,-48.4347579796915,-0.17393151523137873,9.407137575953618
706,-48.4347579796915,-0.17393151523137873,9.407137575953618
707,-48.4347579796915,-0.17393151523137873,9.407137575953618
708,-48.4347579796915,-0.17393151523137873,9.407137575953618
709,-48.4347579796915,-0.17393151523137873,9.407137575953618
710,-48.4347579796915,-0.17393151523137873,9.407137575953618
711,-48.4347579796915,-0.17393151523137873,9.407137575953618
712,-48.4347579796915,-0.17393151523137873,9.407137575953618
713,-48.4347579796915,-0.17393151523137873,9.407137575953618
714,-48.4347579796915,-0.17393151523137873,9.407137575953618
715,-48.4347579796915,-0.17393151523137873,9.407137575953618
716,-48.4347579796915,-0.17393151523137873,9.407137575953618
717,-48.4347579796915,-0.17393151523137873,9.407137575953618
718,-48.4347579796915,-0.17393151523137873,9.407137575953618
719,-48.4347579796915,-0.17393151523137873,9.407137575953618
720,-48.4347579796915,-0.17393151523137873,9.407137575953618
721,-48.4347579796915,-0.17393151523137873,9.407137575953618
722,-48.4347579796915,-0.17393151523137873,9.407137575953618
723,-48.4347579796915,-0.17393151523137873,9.407137575953618
724,-48.4347579796915,-0.17393151523137873,9.407137575953618
725,-48.4347579796915,-0.17393151523137873,9.407137575953618
726,-48.4347579796915,-0.17393151523137873,9.407137575953618
727,-48.4347579796915,-0.17393151523137873,9.407137575953618
728,-48.4347579796915,-0.17393151523137873,9.407137575953618
729,-48.4347579796915,-0.17393151523137873,9.407137575953618
730,-48.4347579796915,-0.17393151523137873,9.407137575953618
731,-48.4347579796915,-0.17393151523137873,9.407137575953618
732,-48.4347579796915,-0.17393151523137873,9.407137575953618
733,-48.4347579796915,-0.17393151523137873,9.407137575953618
734,-48.4347579796915,-0.17393151523137873,9.407137575953618
735,-48.4347579796915,-0.17393151523137873,9.407137575953618
736,-48.4347579796915,-0.17393151523137873,9.407137575953618
737,-48.4347579796915,-0.17393151523137873,9.407137575953618
738,-48.4347579796915,-0.17393151523137873,9.407137575953618
739,-48.4347579796915,-0.17393151523137873,9.407137575953618
740,-48.4347579796915,-0.17393151523137873,9.407137575953618
741,-48.4347579796915,-0.17393151523137873,9.407137575953618
742,-48.4347579796915,-0.17393151523137873,9.407137575953618
743,-48.4347579796915,-0.17393151523137873,9.407137575953618
744,-48.4347579796915,-0.17393151523137873,9.407137575953618
745,-48.4347579796915,-0.17393151523137873,9.407137575953618
746,-48.4347579796915,-0.17393151523137873,9.407137575953618
747,-48.4347579796915,-0.17393151523137873,9.407137575953618
748,-48.4347579796915,-0.17393151523137873,9.407137575953618
749,-48.4347579796915,-0.17393151523137873,9.407137575953618
750,-48.4347579796915,-0.17393151523137873,9.407137575953618
751,-48.4347579796915,-0.17393151523137873,9.407137575953618
752,-48.4347579796915,-0.17393151523137873,9.407137575953618
753,-48.4347579796915,-0.17393151523137873,9.407137575953618
754,-48.4347579796915,-0.17393151523137873,9.407137575953618
755,-48.4347579796915,-0.17393151523137873,9.407137575953618
756,-48.4347579796915,-0.17393151523137873,9.407137575953618
757,-48.4347579796915,-0.17393151523137873,9.407137575953618
758,-48.33435391612814,-0.24923456290389567,7.681204095997586
759,-48.49840975096943,-0.10597179897922815,7.643909035085684
760,-48.527728234681334,-0.08559360725849019,7.655334733625509
761,-50.95139389356614,3.439975227200872,10.226734868365565
762,-50.955468746470665,3.435170505116499,10.835935888053609
763,-50.955468746470665,3.435170505116499,11.329692713070653
764,-50.955468746470665,3.435170505116499,11.728062933934961
765,-50.955468746470665,3.435170505116499,12.04724880858539
766,-50.955468746470665,3.435170505116499,12.300489162362464
767,-50.955468746470665,3.435170505116499,12.499984686792413
768,-50.955468746470665,3.435170505116499,12.65231945285468
769,-50.955468746470665,3.435170505116499,12.761761216506965
770,-50.955468746470665,3.435170505116499,12.87865029657969
771,-50.955468746470665,3.435170505116499,13.04760089201427
772,-50.955468746470665,3.435170505116499,13.261903127522782
773,-50.955468746470665,3.435170505116499,13.513311284759947
774,-50.955468746470665,3.435170505116499,13.771780695560846
775,-50.955468746470665,3.435170505116499,14.013872753230498
776,-50.955468746470665,3.435170505116499,14.240395796832853
777,-49.250413027344734,0.4378097705085525,9.63317645708563
778,-49.26008675250148,0.44157290066093136,9.63317645708563
779,-49.26791400358627,0.4446529447335211,9.63317645708563
780,-49.27425651658143,0.44703771508946655,9.63317645708563
781,-49.279392167191986,0.4487124210626535,9.63317645708563
782,-49.28441332458124,0.4502741247875707,9.63317645708563
783,-49.29004344749205,0.4523392996901253,9.63317645708563
784,-49.29595497720402,0.45491968872394917,9.63317645708563
785,-49.30184222261164,0.45802625827772825,9.63317645708563
786,-49.30720515108237,0.4621462954162058,9.63317645708563
787,-49.311785519150135,0.4677728686914139,9.63317645708563
788,-49.315670096935264,0.47491802518206494,9.63317645708563
789,-49.318941680407306,0.4835842608571016,9.63317645708563
790,-49.321680071001765,0.49423942153052447,9.63317645708563
791,-49.330213963810536,0.5070508576437492,9.63317645708563
792,-49.34492609320404,0.5121382538930862,9.306523313156196
793,-50.52071001610673,3.067372439001277,11.036697770267585
794,-50.535698527183996,3.073132957651099,11.20241494414464
795,-50.547567969666744,3.079697483606454,11.358614297167753
796,-50.557054629816804,3.08787751311141,11.66545784859287
797,-50.56439501675757,3.0975797611929767,12.036821734962961
798,-48.49753874102169,-0.10087420318651552,7.503267127513193
799,-49.61100325167776,1.3203442030511159,10.172782451846196
800,-49.60891611653109,1.3660692250335504,10.19172094133004
801,-49.60891611653109,1.3905040180896666,10.19172094133004
802,-49.60891611653109,1.4027973821294726,10.19172094133004
803,-49.60891611653109,1.409128826372319,10.19172094133004
804,-49.60891611653109,1.412466551607361,10.19172094133004
805,-49.60891611653109,1.4142630206416928,10.19172094133004
806,-49.60891611653109,1.4152513661225274,10.19172094133004
807,-49.60891611653109,1.4158092405301748,10.19172094133004
808,-49.60891611653109,1.4161322057021142,10.19172094133004
809,-49.60891611653109,1.4163317312001045,10.19172094133004
810,-49.60891611653109,1.4164604661253133,10.19172094133004
811,-49.60891611653109,1.4165419537098156,10.19172094133004
812,-49.60891611653109,1.4165925623027098,10.19172094133004
813,-49.60891611653109,1.4166240676257713,10.19172094133004
814,-49.60891611653109,1.416643335313561,10.19172094133004
815,-49.60891611653109,1.4166544867207198,10.19172094133004
816,-49.60891611653109,1.4166606003052888,10.19172094133004
817,-49.60891611653109,1.4166637222967553,10.19172094133004
818,-49.60891611653109,1.4166652413698388,10.19172094133004
819,-49.60891611653109,1.4166659727814632,10.19172094133004
820,-49.60891611653109,1.416666321266056,10.19172094133004
821,-49.60891611653109,1.4166664831588551,10.19172094133004
822,-49.60891611653109,1.4166665576988309,10.19172094133004
823,-49.60891611653109,1.4166665928002071,10.19172094133004
824,-49.60891611653109,1.4166666097046907,10.19172094133004
825,-49.60891611653109,1.4166666181086354,10.19172094133004
826,-49.60891611653109,1.416666622386687,10.19172094133004
827,-49.60891611653109,1.4166666245767239,10.19172094133004
828,-49.60891611653109,1.4166666257041782,10.19172094133004
829,-49.60891611653109,1.416666626280401,10.19172094133004
830,-49.60891611653109,1.416666626575736,10.19172094133004
831,-49.60891611653109,1.4166666267311911,10.19172094133004
832,-49.60891611653109,1.4166666268152073,10.19172094133004
833,-49.60891611653109,1.416666626863023,10.19172094133004
834,-49.60891611653109,1.4166666268912271,10.19172094133004
835,-49.60891611653109,1.416666626907749,10.19172094133004
836,-49.60891611653109,1.416666626917361,10.19172094133004
837,-49.60891611653109,1.4166666269230992,10.19172094133004
838,-49.60891611653109,1.4166666269265034,10.19172094133004
839,-49.60891611653109,1.4166666269283943,10.19172094133004
840,-49.60891611653109,1.4166666269293788,10.19172094133004
841,-49.60891611653109,1.4166666269298447,10.19172094133004
842,-49.60891611653109,1.4166666269300539,10.19172094133004
843,-49.60891611653109,1.4166666269301496,10.19172094133004
844,-49.60891611653109,1.4166666269301944,10.19172094133004
845,-49.60891611653109,1.4166666269302155,10.19172094133004
846,-49.60891611653109,1.4166666269302257,10.19172094133004
847,-49.60891611653109,1.4166666269302306,10.19172094133004
848,-49.60891611653109,1.4166666269302335,10.19172094133004
849,-49.60891611653109,1.4166666269302335,10.19172094133004
850,-49.60891611653109,1.4166666269302335,10.19172094133004
851,-49.60891611653109,1.4166666269302335,10.19172094133004
852,-49.60891611653109,1.4166666269302335,10.19172094133004
853,-49.60891611653109,1.4166666269302335,10.19172094133004
854,-49.60891611653109,1.4166666269302335,10.19172094133004
855,-49.60891611653109,1.4166666269302335,10.19172094133004
856,-49.60891611653109,1.4166666269302335,10.19172094133004
857,-49.60891611653109,1.4166666269302335,10.19172094133004
858,-49.60891611653109,1.4166666269302335,10.19172094133004
859,-49.60891611653109,1.4166666269302335,10.19172094133004
860,-49.60891611653109,1.4166666269302337,10.19172094133004
861,-49.60891611653109,1.4166666269302337,10.19172094133004
862,-49.60891611653109,1.4166666269302337,10.19172094133004
863,-49.60891611653109,1.416666626930234,10.19172094133004
864,-49.513798195468866,0.6692565555970033,9.543510767861033
865,-50.169080598129625,2.9061393918848935,17.395159279607167
866,-50.169080598129625,2.9061393918848935,17.650233747684677
867,-50.169080598129625,2.9061393918848935,17.889275803776098
868,-50.169080598129625,2.9061393918848935,18.127475566274068
869,-50.169080598129625,2.9061393918848935,18.359091243604478
870,-50.169080598129625,2.9061393918848935,18.57931679436994
871,-50.169080598129625,2.9061393918848935,18.77833643370074
872,-50.169080598129625,2.9061393918848935,18.95115854035218
873,-50.169080598129625,2.9061393918848935,19.10078122722886
874,-48.21063012481977,-0.3390655473391453,8.536770592840504
875,-48.223271783237806,-0.327584164986205,8.62643822449909
876,-48.23964379645281,-0.3148659734985122,8.636177780473965
877,-48.256971903774456,-0.2986833696492104,8.64152790627768
878,-48.27625026490273,-0.27699206190402403,8.64152790627768
879,-48.29887353731442,-0.25209280185219907,8.64152790627768
880,-48.32409077353964,-0.22446710528595215,8.629556183225851
881,-48.35201330596169,-0.1975984112415281,8.613921087251676
882,-48.38248650949913,-0.17256964260025054,8.594095418507642
883,-48.4166171414106,-0.14814388183833582,8.586786675644454
884,-48.45262041959336,-0.12731647714428984,8.610649009773375
885,-48.4900721350275,-0.10445767782368787,8.629843789304893
886,-48.5285711018239,-0.0825643223744228,8.634265886229265
887,-48.56469011109289,-0.06249205347569298,8.634265886229265
888,-48.20614915610111,-0.3325154884612611,8.750248524695083
889,-48.20614915610111,-0.3214507663108388,8.750248524695083
890,-48.20614915610111,-0.3113216475617473,8.750248524695083
891,-48.20614915610111,-0.3021622415281153,8.750248524695083
892,-48.20614915610111,-0.29397786906658707,8.750248524695083
893,-48.20614915610111,-0.2867164910219553,8.750248524695083
894,-48.20614915610111,-0.28032848742670735,8.750248524695083
895,-48.20614915610111,-0.27478579913863355,8.750248524695083
896,-48.20614915610111,-0.2700409217033193,8.750248524695083
897,-48.20614915610111,-0.26606082873913506,8.750248524695083
898,-48.20614915610111,-0.26277987506434597,8.750248524695083
899,-48.20614915610111,-0.26009703030128817,8.750248524695083
900,-48.20614915610111,-0.2579208009726339,8.750248524695083
901,-48.20614915610111,-0.2562180430038761,8.750248524695083
902,-48.20614915610111,-0.25492320939323276,8.750248524695083
903,-48.20614915610111,-0.25393145090989533,8.750248524695083
904,-48.20614915610111,-0.25316641159195497,8.750248524695083
905,-48.20614915610111,-0.2525716658900232,8.750248524695083
906,-48.20614915610111,-0.25210579987652393,8.750248524695083
907,-48.20614915610111,-0.2517385013048776,8.750248524695083
908,-48.20614915610111,-0.25144706593250943,8.750248524695083
909,-48.20614915610111,-0.2512040569728877,8.750248524695083
910,-48.20614915610111,-0.25099298164607076,8.750248524695083
911,-48.20614915610111,-0.2508116538838432,8.750248524695083
912,-48.20614915610111,-0.25065756090830815,8.750248524695083
913,-48.20614915610111,-0.2505280971921162,8.750248524695083
914,-48.20614915610111,-0.25042051527780584,8.750248524695083
915,-48.20614915610111,-0.250332001272525,8.750248524695083
916,-48.20614915610111,-0.2502598889199912,8.750248524695083
917,-48.20614915610111,-0.2502026808312805,8.750248524695083
918,-48.20614915610111,-0.25015823455697506,8.750248524695083
919,-48.20614915610111,-0.2501236669753335,8.750248524695083
920,-48.20614915610111,-0.25009675421371425,8.750248524695083
921,-48.20614915610111,-0.25007595468398236,8.750248524695083
922,-48.20614915610111,-0.25005996702941546,8.750248524695083
923,-48.20614915610111,-0.2500476150026252,8.750248524695083
924,-48.20614915610111,-0.2500380231760533,8.750248524695083
925,-48.20614915610111,-0.25003051526231257,8.750248524695083
926,-48.20614915610111,-0.25002459465879956,8.750248524695083
927,-48.20614915610111,-0.2500199076259738,8.750248524695083
928,-48.20614915610111,-0.2500161827796008,8.750248524695083
929,-48.20614915610111,-0.2500132535730013,8.750248524695083
930,-48.20614915610111,-0.2500109711024651,8.750248524695083
931,-48.20614915610111,-0.25000917920370797,8.750248524695083
932,-48.20614915610111,-0.25000776242087247,8.750248524695083
933,-48.20614915610111,-0.25000658186128144,8.750248524695083
934,-48.20614915610111,-0.2500055511318684,8.750248524695083
935,-48.20614915610111,-0.2500046568864075,8.750248524695083
936,-48.20614915610111,-0.2500038858946718,8.750248524695083
937,-48.20614915610111,-0.25000321267867087,8.750248524695083
938,-48.20614915610111,-0.2500026213441562,8.750248524695083
939,-48.20614915610111,-0.250002110869019,8.750248524695083
940,-48.20614915610111,-0.2500016775636871,8.750248524695083
941,-48.20614915610111,-0.2500013305970286,8.750248524695083
942,-48.20614915610111,-0.2500010652050033,8.750248524695083
943,-48.20614915610111,-0.25000086067455113,8.750248524695083
944,-48.20614915610111,-0.25000070188157336,8.750248524695083
945,-48.20614915610111,-0.2500005789423553,8.750248524695083
946,-48.20614915610111,-0.25000048403960545,8.750248524695083
947,-48.20614915610111,-0.25000041020463665,8.750248524695083
948,-48.20614915610111,-0.25000035236626517,8.750248524695083
949,-48.20614915610111,-0.2500003052254506,8.750248524695083
950,-48.20614915610111,-0.2500002652396194,8.750248524695083
951,-48.20614915610111,-0.2500002312316515,8.750248524695083
952,-48.20614915610111,-0.25000020223084557,8.750248524695083
953,-48.20614915610111,-0.250000176489969,8.750248524695083
954,-48.20614915610111,-0.25000015287851207,8.750248524695083
955,-48.20614915610111,-0.2500001314397301,8.750248524695083
956,-48.20614915610111,-0.2500001121658526,8.750248524695083
957,-48.20614915610111,-0.2500000949040426,8.750248524695083
958,-48.20614915610111,-0.25000007953074804,8.750248524695083
959,-48.20614915610111,-0.2500000660103031,8.750248524695083
960,-48.20614915610111,-0.2500000542643606,8.750248524695083
961,-48.20614915610111,-0.25000004432361644,8.750248524695083
962,-48.20614915610111,-0.2500000360881361,8.750248524695083
963,-48.20614915610111,-0.25000002928886106,8.750248524695083
964,-50.27354701541685,3.015247242308668,14.212663457479286
965,-50.277749803905635,3.015247242308668,14.9788560749271
966,-50.277749803905635,3.015247242308668,15.612806993854539
967,-50.277749803905635,3.015247242308668,16.13717385586417
968,-50.277749803905635,3.015247242308668,16.55182373175696
969,-50.277749803905635,3.015247242308668,16.863360230459442
970,-50.277749803905635,3.015247242308668,17.095562237923808
971,-50.277749803905635,3.015247242308668,17.28135797835923
972,-50.277749803905635,3.015247242308668,17.438269290110405
973,-50.277749803905635,3.015247242308668,17.573814018820052
974,-50.277749803905635,3.015247242308668,17.690500275116868
975,-50.277749803905635,3.015247242308668,17.790423576357647
976,-50.277749803905635,3.015247242308668,17.889975987205183
977,-50.277749803905635,3.015247242308668,18.002638335261075
978,-50.277749803905635,3.015247242308668,18.125718514661934
979,-50.277749803905635,3.015247242308668,18.25640979356242
980,-50.277749803905635,3.015247242308668,18.385512044520077
981,-50.277749803905635,3.015247242308668,18.506025589763816
982,-50.277749803905635,3.015247242308668,18.618410672448157
983,-48.55147180097055,-0.08639614927208283,9.412310560973207
984,-48.552751611748796,-0.08639614927208283,9.412310560973207
985,-48.553794504509746,-0.08639614927208283,9.412310560973207
986,-48.55458532484625,-0.08639614927208283,9.412310560973207
987,-48.55511244721334,-0.08639614927208283,9.412310560973207
988,-48.557241763455245,-0.08639614927208283,9.412310560973207
989,-48.563229468151754,-0.08639614927208283,9.412310560973207
990,-48.574279550876504,-0.08639614927208283,9.412310560973207
991,-48.59188066315546,-0.08128508939737555,9.412310560973207
992,-48.61141816483559,-0.0686971888464778,9.412310560973207
993,-48.63229692389786,-0.05479543854764968,9.412310560973207
994,-48.654440889191115,-0.03959181926322897,9.412310560973207
995,-48.67786990126269,-0.02684663802003895,9.412310560973207
996,-48.70211573411843,-0.018063486403185447,9.412310560973207
997,-48.726234366204785,-0.009376759789780476,9.412310560973207
998,-48.75021176701984,-0.0007486545436914405,9.412310560973207
999,-48.77495418330063,0.006710500411167164,9.412310560973207
1000,-48.79941758684317,0.014182627824333327,9.412310560973207
1001,-48.822802114869496,0.021277158730548695,9.412310560973207
1002,-49.0486216810661,0.11738754028467513,9.412310560973207
1003,-49.072664473868095,0.1263877318811173,9.412310560973207
1004,-49.09432519279398,0.14126003145431598,9.412310560973207
1005,-49.11053980131846,0.16164646286736017,9.412310560973207
1006,-49.125308128128104,0.18300276518541425,9.412310560973207
1007,-49.097353280298435,0.4015780719399058,7.7075160209698605
1008,-49.12303195948358,0.4278164805398714,7.7075160209698605
1009,-49.14926167824821,0.45535707918842805,7.7075160209698605
1010,-49.176747135983774,0.48356040852722204,7.7075160209698605
1011,-49.20707999009598,0.5121668846257248,7.7075160209698605
1012,-49.242731373955635,0.5419647290480438,7.7075160209698605
1013,-49.282653701256336,0.5746217574895067,7.7075160209698605
1014,-49.31691381649604,0.6071034704817007,7.7075160209698605
1015,-49.34717156378544,0.6326492933183485,7.7075160209698605
1016,-49.37279681411316,0.6482747222278644,7.7075160209698605
1017,-49.39411402227894,0.6594703916405646,7.7075160209698605
1018,-49.41174044600008,0.6670311883297413,7.7075160209698605
1019,-48.8366815431734,0.12751115738004903,9.234767796061433
1020,-48.83725006623598,0.1309914513182452,9.234767796061433
1021,-48.83754036411416,0.13415047997504137,9.234767796061433
1022,-48.83755242702412,0.13699548089895364,9.234767796061433
1023,-48.837288315258064,0.13953210044483233,9.234767796061433
1024,-48.8386421099259,0.14233599537866615,9.234767796061433
1025,-48.84346729619244,0.14599585889633493,9.234767796061433
1026,-48.85168794189474,0.1505388351585356,9.234767796061433
1027,-49.06878467955755,0.3250030961151328,9.234767796061433
1028,-49.07430953402161,0.3469277388415225,9.234767796061433
1029,-49.07430953402161,0.3634851899885593,9.234767796061433
1030,-49.07430953402161,0.37580730448033994,9.234767796061433
1031,-49.07430953402161,0.38503887351274846,9.234767796061433
1032,-49.07430953402161,0.3920010287725194,9.234767796061433
1033,-49.07430953402161,0.3974271996593547,9.234767796061433
1034,-49.07430953402161,0.40176612692838665,9.234767796061433
1035,-49.07430953402161,0.4052083912323855,9.234767796061433
1036,-49.07430953402161,0.4079179404794008,9.234767796061433
1037,-49.07430953402161,0.41003768460789336,9.234767796061433
1038,-49.07430953402161,0.41168478439139056,9.234767796061433
1039,-49.07430953402161,0.41295315576270075,9.234767796061433
1040,-49.07430953402161,0.4139211719678503,9.234767796061433
1041,-49.07430953402161,0.4146490961073045,9.234767796061433
1042,-49.07430953402161,0.4151898158113386,9.234767796061433
1043,-49.07430953402161,0.41558984342948013,9.234767796061433
1044,-49.07430953402161,0.41588458483676083,9.234767796061433
1045,-49.07430953402161,0.4160971323470196,9.234767796061433
1046,-49.07430953402161,0.41624805873307513,9.234767796061433
1047,-49.07430953402161,0.41635612845655634,9.234767796061433
1048,-49.07430953402161,0.4164341559934325,9.234767796061433
1049,-49.07430953402161,0.41649173877197787,9.234767796061433
1050,-49.07430953402161,0.41653501334343745,9.234767796061433
1051,-49.07430953402161,0.4165675465474349,9.234767796061433
1052,-49.07430953402161,0.41659201321377226,9.234767796061433
1053,-49.07430953402161,0.41660997784061393,9.234767796061433
1054,-49.07430953402161,0.4166229239731244,9.234767796061433
1055,-49.07430953402161,0.41663236821626193,9.234767796061433
1056,-49.07430953402161,0.4166393388655031,9.234767796061433
1057,-49.07430953402161,0.4166447017957974,9.234767796061433
1058,-49.07430953402161,0.41664898675775486,9.234767796061433
1059,-49.07430953402161,0.4166524151580768,9.234767796061433
1060,-49.07430953402161,0.41665516201201835,9.234767796061433
1061,-49.07430953402161,0.41665748250661483,9.234767796061433
1062,-49.07430953402161,0.4166595071066608,9.234767796061433
1063,-49.07430953402161,0.4166612162167753,9.234767796061433
1064,-49.07430953402161,0.41666261432868906,9.234767796061433
1065,-49.07430953402161,0.41666367286513795,9.234767796061433
1066,-49.07430953402161,0.4166644305700568,9.234767796061433
1067,-49.07430953402161,0.4166649780378434,9.234767796061433
1068,-49.07430953402161,0.4166653772802518,9.234767796061433
1069,-49.07430953402161,0.41666567092692985,9.234767796061433
1070,-49.07430953402161,0.41666588875135346,9.234767796061433
1071,-49.07430953402161,0.4166660518069145,9.234767796061433
1072,-49.07430953402161,0.41666617495617736,9.234767796061433
1073,-49.07430953402161,0.4166662690538479,9.234767796061433
1074,-49.07430953402161,0.4166663417603973,9.234767796061433
1075,-49.07430953402161,0.4166663983601355,9.234767796061433
1076,-49.07430953402161,0.41666644274234355,9.234767796061433
1077,-49.07430953402161,0.4166664789004324,9.234767796061433
1078,-49.07430953402161,0.41666650936908345,9.234767796061433
1079,-49.07430953402161,0.4166665349646587,9.234767796061433
1080,-49.07430953402161,0.416666556400643,9.234767796061433
1081,-49.07430953402161,0.41666657432744997,9.234767796061433
1082,-49.07430953402161,0.41666658929166345,9.234767796061433
1083,-49.07430953402161,0.41666660173458686,9.234767796061433
1084,-49.07430953402161,0.41666661204113614,9.234767796061433
1085,-49.07430953402161,0.41666662059677256,9.234767796061433
1086,-49.07430953402161,0.4166666277011357,9.234767796061433
1087,-49.07430953402161,0.4166666335577249,9.234767796061433
1088,-48.215995361025904,-0.33180215719051587,8.177338787553682
1089,-48.24340211354561,-0.31113730396066996,8.29801763655175
1090,-48.27311709013125,-0.28124853023621865,8.32221943417514
1091,-48.30710104301184,-0.2473213074287126,8.315380657294527
1092,-48.34347652976399,-0.21280407926463552,8.193110210212554
1093,-48.46671097620097,-0.12283873806121148,8.16308322501206
1094,-48.50923290349934,-0.09718657935503172,8.272099623631194
1095,-48.54685795523133,-0.07700755412736937,8.272099623631194
1096,-49.591115602379105,1.4852479206282487,8.328798450417501
1097,-49.60911195798839,1.5512564200534007,8.328798450417501
1098,-49.62984827395725,1.6148676501969794,8.328798450417501
1099,-49.65321403599286,1.67494264820642,8.328798450417501
1100,-49.67908290175241,1.731199485821785,8.328798450417501
1101,-49.70414486826907,1.7834523529117041,8.328798450417501
1102,-49.72886689074552,1.8321590550484734,8.328798450417501
1103,-49.749272483552105,1.8778215158462308,8.328798450417501
1104,-49.769524687644335,1.9177539305800428,8.328798450417501
1105,-49.788705958814845,1.9574080376613756,8.328798450417501
1106,-49.81062542447002,1.9991807458935773,8.328798450417501
1107,-49.83199811759927,2.0429059111719514,8.328798450417501
1108,-49.855620008917995,2.085665559694357,8.305943024276324
1109,-49.877562884091404,2.1313468488969054,7.714433143370819
1110,-50.171875009652595,2.633884044591591,16.033369823571114
1111,-50.171875009652595,2.633884044591591,16.08182047698326
1112,-50.171875009652595,2.633884044591591,16.131175273357506
1113,-50.171875009652595,2.633884044591591,16.181047637564255
1114,-50.171875009652595,2.633884044591591,16.23106615556869
1115,-50.171875009652595,2.633884044591591,16.278776877015183
1116,-50.171875009652595,2.633884044591591,16.322260814921968
1117,-50.171875009652595,2.633884044591591,16.36192580090144
1118,-48.192016665516014,-0.3486777692156353,10.316086381407509
1119,-48.20212210557623,-0.33456537533955966,10.332843009108906
1120,-48.20271973693787,-0.31986401553430155,10.333907994753822
1121,-48.20271973693787,-0.3070959674115217,10.333907994753822
1122,-48.20271973693787,-0.29616575754365626,10.333907994753822
1123,-48.20271973693787,-0.28699730028128,10.333907994753822
1124,-48.20271973693787,-0.2794393717120671,10.333907994753822
1125,-48.20271973693787,-0.27325923697920884,10.333907994753822
1126,-48.20271973693787,-0.2682461316989817,10.333907994753822
1127,-48.20271973693787,-0.26432370437097474,10.333907994753822
1128,-48.20271973693787,-0.2613409615203979,10.333907994753822
1129,-48.20271973693787,-0.2590563746917043,10.333907994753822
1130,-48.20271973693787,-0.257294052047621,10.333907994753822
1131,-48.20271973693787,-0.2559240130867637,10.333907994753822
1132,-48.20271973693787,-0.25485085776784344,10.333907994753822
1133,-48.20271973693787,-0.2540047595917885,10.333907994753822
1134,-48.20271973693787,-0.25333341768989626,10.333907994753822
1135,-48.20271973693787,-0.25277362946665405,10.333907994753822
1136,-48.20271973693787,-0.25228740263541183,10.333907994753822
1137,-48.20271973693787,-0.2518697014266793,10.333907994753822
1138,-48.20271973693787,-0.25151473746942954,10.333907994753822
1139,-48.20271973693787,-0.25121650874558,10.333907994753822
1140,-48.20271973693787,-0.2509686862864926,10.333907994753822
1141,-48.20271973693787,-0.2507647880894994,10.333907994753822
1142,-48.20271973693787,-0.2505986722509925,10.333907994753822
1143,-48.20271973693787,-0.2504668894269615,10.333907994753822
1144,-48.20271973693787,-0.25036450433304736,10.333907994753822
1145,-48.20271973693787,-0.25028487549836576,10.333907994753822
1146,-48.20271973693787,-0.25022288007539273,10.333907994753822
1147,-48.20271973693787,-0.2501749669081812,10.333907994753822
1148,-48.20271973693787,-0.2501381382314729,10.333907994753822
1149,-48.20271973693787,-0.25010968447674276,10.333907994753822
1150,-48.20271973693787,-0.2500875890357992,10.333907994753822
1151,-48.20271973693787,-0.2500702940333579,10.333907994753822
1152,-48.20271973693787,-0.2500566555105024,10.333907994753822
1153,-48.20271973693787,-0.25004585860371153,10.333907994753822
1154,-48.20271973693787,-0.25003727816048893,10.333907994753822
1155,-48.20271973693787,-0.2500305305289354,10.333907994753822
1156,-48.20271973693787,-0.25002527269895014,10.333907994753822
1157,-48.20271973693787,-0.250021144935322,10.333907994753822
1158,-48.20271973693787,-0.25001788127735036,10.333907994753822
1159,-48.20271973693787,-0.2500151617760623,10.333907994753822
1160,-48.20271973693787,-0.2500127874190416,10.333907994753822
1161,-48.20271973693787,-0.2500107274622906,10.333907994753822
1162,-48.20271973693787,-0.25000895142913115,10.333907994753822
1163,-48.20271973693787,-0.250007400629158,10.333907994753822
1164,-48.20271973693787,-0.2500060384489033,10.333907994753822
1165,-48.20271973693787,-0.250004862533854,10.333907994753822
1166,-48.20271973693787,-0.2500038643848357,10.333907994753822
1167,-48.20271973693787,-0.25000306512296366,10.333907994753822
1168,-48.20271973693787,-0.25000245377394364,10.333907994753822
1169,-48.20271973693787,-0.25000198262379525,10.333907994753822
1170,-48.20271973693787,-0.2500016168331096,10.333907994753822
1171,-48.20271973693787,-0.2500013336340546,10.333907994753822
1172,-48.20271973693787,-0.2500011150189581,10.333907994753822
1173,-48.20271973693787,-0.25000094493496183,10.333907994753822
1174,-48.20271973693787,-0.2500008117002436,10.333907994753822
1175,-48.20271973693787,-0.25000070310809197,10.333907994753822
1176,-48.20271973693787,-0.25000061099794374,10.333907994753822
1177,-48.20271973693787,-0.25000053265822025,10.333907994753822
1178,-48.20271973693787,-0.2500004658528435,10.333907994753822
1179,-48.20271973693787,-0.2500004065569406,10.333907994753822
1180,-48.20271973693787,-0.2500003521663043,10.333907994753822
1181,-48.20271973693787,-0.25000030278057644,10.333907994753822
1182,-48.20271973693787,-0.2500002583818567,10.333907994753822
1183,-48.20271973693787,-0.25000021861807514,10.333907994753822
1184,-48.20271973693787,-0.25000018320461986,10.333907994753822
1185,-48.20271973693787,-0.2500001520593327,10.333907994753822
1186,-48.20271973693787,-0.25000012500173563,10.333907994753822
1187,-48.20271973693787,-0.25000010210253876,10.333907994753822
1188,-48.20271973693787,-0.2500000831315362,10.333907994753822
1189,-48.20271973693787,-0.2500000674689324,10.333907994753822
1190,-48.2832733509642,-0.28754498677685136,9.57006797659754
1191,-48.2832733509642,-0.28754498677685136,9.57006797659754
1192,-48.2832733509642,-0.28754498677685136,9.57006797659754
1193,-48.2832733509642,-0.28754498677685136,9.57006797659754
1194,-48.2832733509642,-0.28754498677685136,9.57006797659754
1195,-48.2832733509642,-0.28754498677685136,9.57006797659754
1196,-48.2832733509642,-0.28754498677685136,9.57006797659754
1197,-48.2832733509642,-0.28754498677685136,9.57006797659754
1198,-48.2832733509642,-0.28754498677685136,9.57006797659754
1199,-48.2832733509642,-0.28754498677685136,9.57006797659754
1200,-48.2832733509642,-0.28754498677685136,9.57006797659754
1201,-48.2832733509642,-0.28754498677685136,9.57006797659754
1202,-48.2832733509642,-0.28754498677685136,9.57006797659754
1203,-48.2832733509642,-0.28754498677685136,9.57006797659754
1204,-48.2832733509642,-0.28754498677685136,9.57006797659754
1205,-48.2832733509642,-0.28754498677685136,9.57006797659754
1206,-48.2832733509642,-0.28754498677685136,9.57006797659754
1207,-48.2832733509642,-0.28754498677685136,9.57006797659754
1208,-48.2832733509642,-0.28754498677685136,9.57006797659754
1209,-48.2832733509642,-0.28754498677685136,9.57006797659754
1210,-48.2832733509642,-0.28754498677685136,9.57006797659754
1211,-48.2832733509642,-0.28754498677685136,9.57006797659754
1212,-48.2832733509642,-0.28754498677685136,9.57006797659754
1213,-48.2832733509642,-0.28754498677685136,9.57006797659754
1214,-48.2832733509642,-0.28754498677685136,9.57006797659754
1215,-48.2832733509642,-0.28754498677685136,9.57006797659754
1216,-48.2832733509642,-0.28754498677685136,9.57006797659754
1217,-48.2832733509642,-0.28754498677685136,9.57006797659754
1218,-48.2832733509642,-0.28754498677685136,9.57006797659754
1219,-48.2832733509642,-0.28754498677685136,9.57006797659754
1220,-48.2832733509642,-0.28754498677685136,9.57006797659754
1221,-48.2832733509642,-0.28754498677685136,9.57006797659754
1222,-48.2832733509642,-0.28754498677685136,9.57006797659754
1223,-48.2832733509642,-0.28754498677685136,9.57006797659754
1224,-48.2832733509642,-0.28754498677685136,9.57006797659754
1225,-48.2832733509642,-0.28754498677685136,9.57006797659754
1226,-48.2832733509642,-0.28754498677685136,9.57006797659754
1227,-48.2832733509642,-0.28754498677685136,9.57006797659754
1228,-48.2832733509642,-0.28754498677685136,9.57006797659754
1229,-48.2832733509642,-0.28754498677685136,9.57006797659754
1230,-48.2832733509642,-0.28754498677685136,9.57006797659754
1231,-48.2832733509642,-0.28754498677685136,9.57006797659754
1232,-48.2832733509642,-0.28754498677685136,9.57006797659754
1233,-48.2832733509642,-0.28754498677685136,9.57006797659754
1234,-48.2832733509642,-0.28754498677685136,9.57006797659754
1235,-48.2832733509642,-0.28754498677685136,9.57006797659754
1236,-48.2832733509642,-0.28754498677685136,9.57006797659754
1237,-48.2832733509642,-0.28754498677685136,9.57006797659754
1238,-48.2832733509642,-0.28754498677685136,9.57006797659754
1239,-48.2832733509642,-0.28754498677685136,9.57006797659754
1240,-48.2832733509642,-0.28754498677685136,9.57006797659754
1241,-48.2832733509642,-0.28754498677685136,9.57006797659754
1242,-48.2832733509642,-0.28754498677685136,9.57006797659754
1243,-48.2832733509642,-0.28754498677685136,9.57006797659754
1244,-48.2832733509642,-0.28754498677685136,9.57006797659754
1245,-48.2832733509642,-0.28754498677685136,9.57006797659754
1246,-48.2832733509642,-0.28754498677685136,9.57006797659754
1247,-48.2832733509642,-0.28754498677685136,9.57006797659754
1248,-48.2832733509642,-0.28754498677685136,9.57006797659754
1249,-48.2832733509642,-0.28754498677685136,9.57006797659754
1250,-48.2832733509642,-0.28754498677685136,9.57006797659754
1251,-48.2832733509642,-0.28754498677685136,9.57006797659754
1252,-48.2832733509642,-0.28754498677685136,9.57006797659754
1253,-48.2832733509642,-0.28754498677685136,9.57006797659754
1254,-48.2832733509642,-0.28754498677685136,9.57006797659754
1255,-48.2832733509642,-0.28754498677685136,9.57006797659754
1256,-48.2832733509642,-0.28754498677685136,9.57006797659754
1257,-48.2832733509642,-0.28754498677685136,9.57006797659754
1258,-48.2832733509642,-0.28754498677685136,9.57006797659754
1259,-48.2832733509642,-0.28754498677685136,9.57006797659754
1260,-48.2832733509642,-0.28754498677685136,9.57006797659754
1261,-48.2832733509642,-0.28754498677685136,9.57006797659754
1262,-48.2832733509642,-0.28754498677685136,9.57006797659754
1263,-48.2832733509642,-0.28754498677685136,9.57006797659754
1264,-48.2832733509642,-0.28754498677685136,9.57006797659754
1265,-48.2832733509642,-0.28754498677685136,9.57006797659754
1266,-48.2832733509642,-0.28754498677685136,9.57006797659754
1267,-48.2832733509642,-0.28754498677685136,9.57006797659754
1268,-48.2832733509642,-0.28754498677685136,9.57006797659754
1269,-48.2832733509642,-0.28754498677685136,9.57006797659754
1270,-48.26096618692341,-0.3757286720806503,8.726677149283642
1271,-48.26096618692341,-0.37438477952714333,8.726677149283642
1272,-48.26096618692341,-0.3728718242762836,8.726677149283642
1273,-48.26096618692341,-0.3712118527894388,8.726677149283642
1274,-48.26096618692341,-0.36929369683572144,8.726677149283642
1275,-48.26096618692341,-0.3670380140811842,8.726677149283642
1276,-48.26096618692341,-0.3645216140236114,8.726677149283642
1277,-48.26096618692341,-0.3618256476166932,8.726677149283642
1278,-48.26096618692341,-0.3591642922494982,8.726677149283642
1279,-48.26096618692341,-0.3566932492398207,8.726677149283642
1280,-48.26096618692341,-0.35440602268659926,8.726677149283642
1281,-48.26096618692341,-0.3522954405675689,8.726677149283642
1282,-48.26096618692341,-0.3504114390346542,8.726677149283642
1283,-48.26096618692341,-0.34878046266380647,8.726677149283642
1284,-48.26096618692341,-0.347365051485677,8.726677149283642
1285,-48.26096618692341,-0.3461338914392327,8.726677149283642
1286,-48.26096618692341,-0.3450544791229033,8.726677149283642
1287,-48.26096618692341,-0.3441005255823866,8.726677149283642
1288,-48.26096618692341,-0.34325594747253785,8.726677149283642
1289,-48.26096618692341,-0.342506958162498,8.726677149283642
1290,-48.26096618692341,-0.3418735754409381,8.726677149283642
1291,-48.26096618692341,-0.3413692759196847,8.726677149283642
1292,-48.26096618692341,-0.3409759293146193,8.726677149283642
1293,-48.26096618692341,-0.34067986593387456,8.726677149283642
1294,-48.26096618692341,-0.340438132348015,8.726677149283642
1295,-48.26096618692341,-0.3402141424245171,8.726677149283642
1296,-48.26096618692341,-0.34000670856136406,8.726677149283642
1297,-48.26096618692341,-0.33981474946865386,8.726677149283642
1298,-48.26096618692341,-0.3395681054191142,8.726677149283642
1299,-48.26096618692341,-0.3392083021560195,8.726677149283642
1300,-48.26096618692341,-0.33875614925032504,8.726677149283642
1301,-48.26096618692341,-0.3382365205330258,8.726677149283642
1302,-48.26096618692341,-0.3377313212301898,8.726677149283642
1303,-48.26096618692341,-0.3372964709112365,8.726677149283642
1304,-48.26096618692341,-0.3369211796447287,8.726677149283642
1305,-48.26096618692341,-0.3365964911332737,8.726677149283642
1306,-48.26096618692341,-0.3363223886082407,8.726677149283642
1307,-48.26096618692341,-0.33609775000967357,8.726677149283642
1308,-48.26096618692341,-0.33591468245851086,8.726677149283642
1309,-48.26096618692341,-0.33576701444069723,8.726677149283642
1310,-48.26096618692341,-0.33564953827527955,8.726677149283642
1311,-48.26096618692341,-0.3355582276823261,8.726677149283642
1312,-48.26096618692341,-0.3354903867303589,8.726677149283642
1313,-48.26096618692341,-0.33544405754240625,8.726677149283642
1314,-48.26096618692341,-0.3354012980232586,8.726677149283642
1315,-48.26096618692341,-0.33534574914380677,8.726677149283642
1316,-48.26096618692341,-0.33527849318686975,8.726677149283642
1317,-48.26096618692341,-0.33520081286918035,8.726677149283642
1318,-48.26096618692341,-0.3351154188674439,8.726677149283642
1319,-48.26096618692341,-0.335024874379803,8.726677149283642
1320,-48.26096618692341,-0.33493038086243665,8.726677149283642
1321,-48.26096618692341,-0.3348331371324793,8.726677149283642
1322,-48.26096618692341,-0.33473456408302305,8.726677149283642
1323,-48.26096618692341,-0.33463596239887217,8.726677149283642
1324,-48.26096618692341,-0.3345382798470471,8.726677149283642
1325,-49.15521705876525,0.48351078293524175,7.47070814570826
1326,-49.17131493648693,0.5088855968027709,7.47070814570826
1327,-49.19002556860331,0.5340883930942945,7.47070814570826
1328,-49.21022565975189,0.5587582711472131,7.47070814570826
1329,-49.23217489966017,0.582738583959668,7.47070814570826
1330,-49.245386057330585,0.6057665213960498,7.47070814570826
1331,-49.25903570519093,0.6266678043788269,7.47070814570826
1332,-49.27507625378947,0.6467365194952216,7.47070814570826
1333,-49.29321496209976,0.6669791958801178,7.47070814570826
1334,-49.30847296042483,0.688356541779627,7.47070814570826
1335,-49.325351229961676,0.7113995059102088,7.47070814570826
1336,-49.34356687199678,0.7337139357149461,7.47070814570826
1337,-49.362381624226224,0.7562075241411329,7.47070814570826
1338,-49.38139191988565,0.7803842005204168,7.47070814570826
1339,-49.40052642922691,0.8059613306430727,7.47070814570826
1340,-49.418153729234824,0.8326432378725038,7.47070814570826
1341,-49.12694446219701,0.3708053429925051,8.381775946794127
1342,-49.134512662036634,0.3851942471889991,8.381775946794127
1343,-49.14381278193003,0.40075690729893476,8.381775946794127
1344,-49.15535368943791,0.41797855209254275,8.381775946794127
1345,-49.167429996581525,0.436551942834037,8.381775946794127
1346,-49.18179078211222,0.4548854861347784,8.381775946794127
1347,-49.19777417876856,0.4751013866659626,8.381775946794127
1348,-49.21467310486276,0.49675272538181825,8.381775946794127
1349,-49.23539451852219,0.5192588207471338,8.381775946794127
1350,-49.25865863984098,0.5415548930038561,8.381775946794127
1351,-49.28429715990104,0.5641978878991061,8.381775946794127
1352,-49.310495906664876,0.5885497694059516,8.381775946794127
1353,-49.330287363526516,0.6143094452561193,8.381775946794127
1354,-49.35055314979662,0.6384537155888459,8.381775946794127
1355,-49.37044472906462,0.6590223654136274,8.381775946794127
1356,-49.386450070441136,0.6753912410651786,8.381775946794127
1357,-49.39828925865084,0.6899897113378095,8.381775946794127
1358,-49.408043195470675,0.7032106569333585,8.381775946794127
1359,-49.41682540337309,0.7160301273295111,8.381775946794127
1360,-49.42577377231954,0.7296647358195762,8.381775946794127
1361,-49.434834634147485,0.743162510172376,8.381775946794127
1362,-49.44306820012583,0.7567049902711254,8.381775946794127
1363,-49.45068097464753,0.7712814607764151,8.381775946794127
1364,-49.45893865160895,0.7882065032269814,8.381775946794127
1365,-49.467610992108014,0.8076386117402101,8.381775946794127
1366,-49.47322781604766,1.4526581265492744,9.136681629673452
1367,-49.475413296670446,1.5159613764119306,9.136681629673452
1368,-49.47602708924135,1.5816428274085659,9.136681629673452
1369,-49.47658361535934,1.6468535494588898,9.136681629673452
1370,-49.476754186730055,1.7000788594934668,9.136681629673452
1371,-49.476754186730055,1.725646503779651,9.136681629673452
1372,-49.476754186730055,1.7377283580565084,9.136681629673452
1373,-49.476754186730055,1.7437422043705986,9.136681629673452
1374,-49.476754186730055,1.7468360525363458,9.136681629673452
1375,-49.476754186730055,1.7484139142538957,9.136681629673452
1376,-49.476754186730055,1.7492116596802354,9.136681629673452
1377,-49.476754186730055,1.7496203183652603,9.136681629673452
1378,-49.476754186730055,1.7498268297592012,9.136681629673452
1379,-49.476754186730055,1.7499252046199032,9.136681629673452
1380,-49.476754186730055,1.7499694068535987,9.136681629673452
1381,-49.476754186730055,1.7499876041333151,9.136681629673452
1382,-49.476754186730055,1.7499947953856476,9.136681629673452
1383,-49.476754186730055,1.749997735568839,9.136681629673452
1384,-49.476754186730055,1.7499989790873178,9.136681629673452
1385,-49.476754186730055,1.7499995219406512,9.136681629673452
1386,-49.476754186730055,1.7499997669529512,9.136681629673452
1387,-49.476754186730055,1.7499998817301687,9.136681629673452
1388,-49.476754186730055,1.7499999375154103,9.136681629673452
1389,-49.476754186730055,1.7499999659920802,9.136681629673452
1390,-49.476754186730055,1.7499999811316027,9.136681629673452
1391,-49.476754186730055,1.7499999893281977,9.136681629673452
1392,-49.476754186730055,1.7499999938469795,9.136681629673452
1393,-49.476754186730055,1.7499999964561517,9.136681629673452
1394,-49.476754186730055,1.7499999980020409,9.136681629673452
1395,-49.476754186730055,1.749999998897388,9.136681629673452
1396,-49.476754186730055,1.7499999994043605,9.136681629673452
1397,-49.476754186730055,1.7499999996864841,9.136681629673452
1398,-49.476754186730055,1.7499999998399551,9.136681629673452
1399,-49.476754186730055,1.749999999920763,9.136681629673452
1400,-49.476754186730055,1.749999999961953,9.136681629673452
1401,-49.476754186730055,1.7499999999820854,9.136681629673452
1402,-49.476754186730055,1.7499999999916365,9.136681629673452
1403,-49.476754186730055,1.7499999999961287,9.136681629673452
1404,-49.0854045540377,0.3799322146595471,8.213009015429437
1405,-49.10215622077519,0.4022404292389722,8.213009015429437
1406,-49.12165748779987,0.4256568641584265,8.213009015429437
1407,-49.14296860228294,0.4500459921790564,8.213009015429437
1408,-49.166279897250185,0.4755263170953724,8.213009015429437
1409,-49.191456790154895,0.5020273688704576,8.213009015429437
1410,-49.22338815230521,0.5295153874702548,8.213009015429437
1411,-49.25948857200272,0.5582267441785546,8.213009015429437
1412,-49.297963448944735,0.5880365607343804,8.213009015429437
1413,-49.32739117315666,0.6174178720674347,8.213009015429437
1414,-49.35572373848661,0.6393997058101916,8.213009015429437
1415,-49.3799547724311,0.6560642686371095,8.213009015429437
1416,-49.399387403790094,0.6687066615403267,8.213009015429437
1417,-49.41321198851117,0.6795620815386058,8.213009015429437
1418,-49.4250258365955,0.6733007815204103,8.213009015429437
1419,-49.43650767631059,0.6557907734280518,8.231389071710312
1420,-49.954084570936075,0.9655634282020591,9.607443673108154
1421,-49.954084570936075,0.9674234802071018,9.607443673108154
1422,-49.954084570936075,0.9694452024029792,9.607443673108154
1423,-49.954084570936075,0.9715852342489333,9.607443673108154
1424,-49.954084570936075,0.9738001570846526,9.607443673108154
1425,-49.954084570936075,0.9762008912212954,9.607443673108154
1426,-49.954084570936075,0.9788384462049597,9.607443673108154
1427,-49.954084570936075,0.9815812884690294,9.607443673108154
1428,-49.954084570936075,0.9843073691663866,9.607443673108154
1429,-49.954084570936075,0.9868588064486365,9.607443673108154
1430,-49.954084570936075,0.9891393920335494,9.607443673108154
1431,-49.954084570936075,0.9911416316862036,9.607443673108154
1432,-49.954084570936075,0.9928692764455453,9.607443673108154
1433,-49.954084570936075,0.9943481721046359,9.607443673108154
1434,-49.954084570936075,0.9955993694455705,9.607443673108154
1435,-49.954084570936075,0.9966340199051009,9.607443673108154
1436,-49.954084570936075,0.9974708252693025,9.607443673108154
1437,-49.954084570936075,0.9981076953282146,9.607443673108154
1438,-49.954084570936075,0.9985710319673151,9.607443673108154
1439,-49.954084570936075,0.9989108863659828,9.607443673108154
1440,-49.954084570936075,0.9991621946869804,9.607443673108154
1441,-49.954084570936075,0.9993470868466074,9.607443673108154
1442,-49.954084570936075,0.999482591837924,9.607443673108154
1443,-49.954084570936075,0.9995830570025559,9.607443673108154
1444,-49.954084570936075,0.9996583466790936,9.607443673108154
1445,-49.954084570936075,0.9997179403785799,9.607443673108154
1446,-49.954084570936075,0.9997675533683852,9.607443673108154
1447,-49.954084570936075,0.9998087802872639,9.607443673108154
1448,-49.954084570936075,0.9998429748805098,9.607443673108154
1449,-49.954084570936075,0.9998729454357695,9.607443673108154
1450,-49.954084570936075,0.999900010665427,9.607443673108154
1451,-49.954084570936075,0.9999234651291538,9.607443673108154
1452,-49.954084570936075,0.9999430219873089,9.607443673108154
1453,-49.954084570936075,0.9999583297674635,9.607443673108154
1454,-49.954084570936075,0.999969762655422,9.607443673108154
1455,-49.954084570936075,0.9999782298975184,9.607443673108154
1456,-49.954084570936075,0.9999844483527691,9.607443673108154
1457,-49.954084570936075,0.9999888211384277,9.607443673108154
1458,-49.954084570936075,0.9999917996916721,9.607443673108154
1459,-49.954084570936075,0.9999938613311353,9.607443673108154
1460,-49.954084570936075,0.9999953104663928,9.607443673108154
1461,-49.954084570936075,0.9999963796930356,9.607443673108154
1462,-49.954084570936075,0.9999972031426815,9.607443673108154
1463,-49.954084570936075,0.9999978377574936,9.607443673108154
1464,-49.954084570936075,0.9999983271859751,9.607443673108154
1465,-49.954084570936075,0.9999986951926115,9.607443673108154
1466,-49.954084570936075,0.9999989661751855,9.607443673108154
1467,-49.954084570936075,0.9999991679502492,9.607443673108154
1468,-49.954084570936075,0.9999993197736747,9.607443673108154
1469,-49.954084570936075,0.9999994387235496,9.607443673108154
1470,-49.954084570936075,0.9999995355522143,9.607443673108154
1471,-49.954084570936075,0.9999996145805188,9.607443673108154
1472,-49.954084570936075,0.9999996792496642,9.607443673108154
1473,-49.954084570936075,0.9999997367948297,9.607443673108154
1474,-49.954084570936075,0.9999997906019168,9.607443673108154
1475,-49.954084570936075,0.9999998384890482,9.607443673108154
1476,-49.954084570936075,0.9999998792235554,9.607443673108154
1477,-49.954084570936075,0.9999999108026437,9.607443673108154
1478,-49.954084570936075,0.9999999337250066,9.607443673108154
1479,-49.954084570936075,0.9999999504577904,9.607443673108154
1480,-49.954084570936075,0.9999999627411867,9.607443673108154
1481,-49.954084570936075,0.9999999713894657,9.607443673108154
1482,-49.954084570936075,0.9999999772342717,9.607443673108154
1483,-49.954084570936075,0.999999981228639,9.607443673108154
1484,-49.954084570936075,0.9999999839613206,9.607443673108154
1485,-49.954084570936075,0.9999999857032534,9.607443673108154
1486,-49.954084570936075,0.9999999866143722,9.607443673108154
1487,-49.954084570936075,0.9999999868364451,9.607443673108154
1488,-49.954084570936075,0.9999999864030797,9.607443673108154
1489,-49.954084570936075,0.9999999857591221,9.607443673108154
1490,-49.954084570936075,0.9999999853998336,9.607443673108154
1491,-49.954084570936075,0.9999999853477719,9.607443673108154
1492,-49.954084570936075,0.9999999856062367,9.607443673108154
1493,-49.954084570936075,0.9999999861145122,9.607443673108154
1494,-49.954084570936075,0.9999999868036054,9.607443673108154
1495,-49.954084570936075,0.9999999876445995,9.607443673108154
1496,-49.954084570936075,0.9999999886036511,9.607443673108154
1497,-49.954084570936075,0.9999999896054624,9.607443673108154
1498,-49.954084570936075,0.9999999905898123,9.607443673108154
1499,-49.954084570936075,0.9999999915443868,9.607443673108154
1500,-48.32466125370076,-0.2565040597244297,8.39136925905325
1501,-48.3406072989331,-0.23805694832049995,8.360113319659945
1502,-48.35594323363268,-0.21996831226375435,8.303517000596116
1503,-48.37179228016368,-0.203073709645887,8.235226623029234
1504,-48.38828144079827,-0.1871282557556333,8.152519075330133
1505,-48.451996747365065,-0.14402165330808203,8.193528873835476
1506,-48.47969801409619,-0.12948684956314538,8.29464869375488
1507,-48.509766894465265,-0.11128220528577004,8.35407268082281
1508,-48.54108077035364,-0.08989534785656361,8.35407268082281
1509,-48.573066094939186,-0.07000538285070435,8.35407268082281
1510,-49.248956147757234,0.43671711081792575,9.04011928023704
1511,-49.25878805663219,0.4403081485656224,9.04011928023704
1512,-49.266754089684945,0.4433532812520746,9.04011928023704
1513,-49.27320905931824,0.44570074967758666,9.04011928023704
1514,-49.27843576824275,0.44733561366079977,9.04011928023704
1515,-49.28354595399073,0.4488560357310001,9.04011928023704
1516,-49.28927590269327,0.45087973060667474,9.04011928023704
1517,-49.29529224789521,0.4534184952924414,9.04011928023704
1518,-49.301283878260755,0.45648335217059577,9.04011928023704
1519,-49.30674189536321,0.4605627737398543,9.04011928023704
1520,-49.31140347686269,0.46615112927178126,9.04011928023704
1521,-49.31535693134665,0.47326068887308503,9.04011928023704
1522,-49.31868652274036,0.4818941594955839,9.04011928023704
1523,-49.321473467447014,0.49251652049314254,9.04011928023704
1524,-49.328283992391015,0.5054399740779325,9.04011928023704
1525,-50.29389097854237,2.9043339445089367,11.753419294285099
1526,-50.30620348534813,2.8898794285915863,12.11058244825222
1527,-50.314572647834716,2.876630584405222,12.478756994999689
1528,-50.32033412614924,2.8618448356106563,12.800222113940666
1529,-50.32425194662226,2.847917721073474,13.065798955170298
1530,-50.32693662819087,2.834648541449598,13.28601147178529
1531,-50.328760587725746,2.8215062817772485,13.306349635234486
1532,-50.33011276524592,2.808269314056917,13.306349635234486
1533,-50.33110342917441,2.794999631516577,13.306349635234486
1534,-50.331815399405805,2.7817539721987594,13.306349635234486
1535,-50.332311800777724,2.7689588779886543,13.306349635234486
1536,-50.33264987316878,2.7569520405855763,13.306349635234486
1537,-50.33286467068562,2.74575164963345,13.306349635234486
1538,-50.64371409668976,3.0510060961319487,9.405668402909614
1539,-50.663747472582344,3.06290812016531,9.597102465163006
1540,-50.68136902335593,3.0878669974356745,9.621607954299579
1541,-50.70057625059573,3.1168371138449293,9.577857468597758
1542,-50.719160445668166,3.1490254469247594,9.476598334735572
1543,-50.778564494599976,3.241184005975163,9.76148421819238
1544,-50.79833160059363,3.262101327464996,9.99074130518642
1545,-50.81811860422815,3.2780331375250062,10.25721593282873
1546,-50.83720245865945,3.2902264357005953,10.44853494087303
1547,-50.853628282105745,3.3017471416031077,10.448474787623182
1548,-50.86692565861196,3.3089176688293156,10.44856575224817
1549,-50.87732010546685,3.313301426237593,10.448727021810674
1550,-50.88521901150668,3.316515509948238,10.44888095906544
1551,-50.891271029500984,3.318668008178384,10.44902792894837
1552,-50.8959452535282,3.319843838146176,10.449168275579398
1553,-50.8996321349218,3.3232694166514767,10.449244924178865
1554,-50.90259801932174,3.3320614322036937,10.449202910570184
1555,-50.91561500077714,3.346039606796615,10.448705840970925
1556,-50.92888303676827,3.3485564159562733,10.449088102045986
1557,-50.940389504099215,3.350696025535206,10.449539526240722
1558,-50.95056590371482,3.352988901403399,10.450078268796
1559,-50.95944123126682,3.355418882735285,10.450661662268198
1560,-50.967077167691144,3.357964494519229,10.451248792659792
1561,-50.97347487130318,3.3608328715431304,10.451778185820212
1562,-50.97872060444101,3.3643317529552865,10.452220342660775
1563,-50.98300181820318,3.368613238494368,10.452586203146504
1564,-50.80994003897932,3.2956586591693133,9.785169948302702
1565,-50.82910551056703,3.309396094596033,10.09288185643809
1566,-50.84676754078974,3.322659084676453,10.150501072767476
1567,-50.86121663470895,3.332499000953086,10.147164210614484
1568,-50.87880692395548,3.337494202616946,10.136253082076202
1569,-50.89638331587285,3.339483137243186,10.12653014259795
1570,-50.91303246815333,3.340525318600222,10.11558173329204
1571,-50.92796128136261,3.3399522329011484,10.157195405734548
1572,-50.9396598200252,3.339210374978145,10.20143082091463
1573,-50.949151320000155,3.338750369950298,10.23474751009244
1574,-50.95714980659214,3.338645360721608,10.260306146731729
1575,-50.96389013330314,3.338875178462268,10.279861689000974
1576,-50.969570210193396,3.3394843085799915,10.294676417025222
1577,-50.97449359551523,3.340348827832977,10.309301052391767
1578,-50.97884787412828,3.341275272538817,10.32675451086616
1579,-50.98264545319442,3.34225711239126,10.345654509601992
1580,-50.985912724990825,3.3432856698715137,10.3646755718597
1581,-50.98865018479988,3.3444446371886523,10.38182614122261
1582,-50.99089474148262,3.345858354239632,10.39615054521446
1583,-50.9927266006881,3.3475882729091007,10.408003202313104
1584,-48.24431392204255,-0.33123292074025423,7.8557450072559645
1585,-48.27498948576371,-0.30105389560605156,7.904923320457956
1586,-48.31029420519039,-0.26678127222213854,7.904923320457956
1587,-48.348727233120684,-0.23034070282493824,7.774210663520708
1588,-48.513320095286275,-0.11159708047318029,7.7660874853983755
1589,-48.788674936084504,0.09150620206337923,9.801057877208363
1590,-48.78953662005597,0.09501481358807329,9.801057877208363
1591,-48.790064919140804,0.09794638708722747,9.801057877208363
1592,-48.79026299238359,0.10029264821110306,9.801057877208363
1593,-48.79013257673802,0.10204520399479922,9.801057877208363
1594,-48.791670393704585,0.1040526878592738,9.801057877208363
1595,-48.79685292980157,0.10717739815174188,9.801057877208363
1596,-48.80562450821771,0.1114296670347068,9.801057877208363
1597,-48.81789559246244,0.11681753742561174,9.801057877208363
1598,-48.83296706945402,0.12349142337154095,9.801057877208363
1599,-48.849998900850274,0.13123544611300364,9.801057877208363
1600,-48.86855413766825,0.14080905488878503,9.801057877208363
1601,-49.043364252274564,0.28869448237525663,9.801057877208363
1602,-49.0575818763702,0.30912191330923466,9.801057877208363
1603,-49.07174181787895,0.33026912679712783,9.801057877208363
1604,-49.07395075231734,0.34973545291119823,9.801057877208363
1605,-49.07395075231734,0.36446882735060004,9.801057877208363
1606,-49.07395075231734,0.37595175554894755,9.801057877208363
1607,-49.07395075231734,0.3851338569826277,9.801057877208363
1608,-49.07395075231734,0.3924184344692714,9.801057877208363
1609,-49.07395075231734,0.398152432688442,9.801057877208363
1610,-49.07395075231734,0.4026382773555435,9.801057877208363
1611,-49.07395075231734,0.4061239044370888,9.801057877208363
1612,-49.07395075231734,0.40880805959584965,9.801057877208363
1613,-49.07395075231734,0.41085659721840617,9.801057877208363
1614,-49.07395075231734,0.4123970469815328,9.801057877208363
1615,-49.07395075231734,0.41354133062750353,9.801057877208363
1616,-49.07395075231734,0.41438787852239845,9.801057877208363
1617,-49.07395075231734,0.4150116173046223,9.801057877208363
1618,-49.07395075231734,0.41546141544433457,9.801057877208363
1619,-49.07395075231734,0.41578080949758434,9.801057877208363
1620,-49.07395075231734,0.41600950925467206,9.801057877208363
1621,-49.07395075231734,0.4161746330171576,9.801057877208363
1622,-49.07395075231734,0.4162964910894127,9.801057877208363
1623,-49.07395075231734,0.41638806978879206,9.801057877208363
1624,-49.07395075231734,0.4164569173461805,9.801057877208363
1625,-49.07395075231734,0.4165086943013483,9.801057877208363
1626,-49.07395075231734,0.4165467114814412,9.801057877208363
1627,-49.07395075231734,0.4165741084021066,9.801057877208363
1628,-49.07395075231734,0.4165940945393629,9.801057877208363
1629,-49.07395075231734,0.4166088459969517,9.801057877208363
1630,-49.07395075231734,0.4166201951605828,9.801057877208363
1631,-49.07395075231734,0.4166292631014754,9.801057877208363
1632,-49.07395075231734,0.4166365183657148,9.801057877208363
1633,-49.07395075231734,0.4166423313249288,9.801057877208363
1634,-49.07395075231734,0.41664724201209125,9.801057877208363
1635,-49.07395075231734,0.416651526520073,9.801057877208363
1636,-49.07395075231734,0.41665514338052856,9.801057877208363
1637,-49.07395075231734,0.416658102098996,9.801057877208363
1638,-49.07395075231734,0.4166603421996163,9.801057877208363
1639,-49.07395075231734,0.41666194567322434,9.801057877208363
1640,-49.07395075231734,0.4166631042378921,9.801057877208363
1641,-49.07395075231734,0.4166639491244021,9.801057877208363
1642,-49.07395075231734,0.4166645705466553,9.801057877208363
1643,-49.07395075231734,0.4166650315120121,9.801057877208363
1644,-49.07395075231734,0.4166653765741653,9.801057877208363
1645,-49.07395075231734,0.41666563718563676,9.801057877208363
1646,-49.07395075231734,0.4166658363174222,9.801057877208363
1647,-49.07395075231734,0.41666599018079487,9.801057877208363
1648,-49.07395075231734,0.4166661099585404,9.801057877208363
1649,-49.07395075231734,0.41666620388125064,9.801057877208363
1650,-49.07395075231734,0.416666280399879,9.801057877208363
1651,-49.07395075231734,0.41666634487838083,9.801057877208363
1652,-49.07395075231734,0.4166663990443608,9.801057877208363
1653,-49.07395075231734,0.4166664444077131,9.801057877208363
1654,-49.07395075231734,0.41666648234485926,9.801057877208363
1655,-49.07395075231734,0.4166665140124926,9.801057877208363
1656,-49.07395075231734,0.4166665403445103,9.801057877208363
1657,-49.07395075231734,0.41666656215548076,9.801057877208363
1658,-49.07395075231734,0.4166665802611271,9.801057877208363
1659,-49.07395075231734,0.4166665952955535,9.801057877208363
1660,-49.07395075231734,0.41666660768941016,9.801057877208363
1661,-51.00504939926095,4.254623020658888,24.668074787988953
1662,-51.00504939926095,4.254623020658888,25.68230298588045
1663,-51.00504939926095,4.254623020658888,26.390965552711204
1664,-51.00504939926095,4.254623020658888,26.742370954199796
1665,-51.00504939926095,4.254623020658888,26.838500944760963
1666,-49.15511006486889,0.494319471673365,7.4443449287992465
1667,-49.178655952455244,0.5193467858279781,7.4443449287992465
1668,-49.23865209088484,0.5722196904489045,7.4443449287992465
1669,-49.325708500778035,0.6526178927887976,7.4443449287992465
1670,-48.32781332679019,-0.25414000490735633,8.702910022986735
1671,-48.32781332679019,-0.25414000490735633,8.702910022986735
1672,-48.32781332679019,-0.25414000490735633,8.702910022986735
1673,-48.32781332679019,-0.25414000490735633,8.702910022986735
1674,-48.32781332679019,-0.25414000490735633,8.702910022986735
1675,-48.32781332679019,-0.25414000490735633,8.702910022986735
1676,-48.32781332679019,-0.25414000490735633,8.702910022986735
1677,-48.32781332679019,-0.25414000490735633,8.702910022986735
1678,-48.32781332679019,-0.25414000490735633,8.702910022986735
1679,-48.32781332679019,-0.25414000490735633,8.702910022986735
1680,-48.32781332679019,-0.25414000490735633,8.702910022986735
1681,-48.32781332679019,-0.25414000490735633,8.702910022986735
1682,-48.32781332679019,-0.25414000490735633,8.702910022986735
1683,-48.32781332679019,-0.25414000490735633,8.702910022986735
1684,-48.32781332679019,-0.25414000490735633,8.702910022986735
1685,-48.32781332679019,-0.25414000490735633,8.702910022986735
1686,-48.32781332679019,-0.25414000490735633,8.702910022986735
1687,-48.32781332679019,-0.25414000490735633,8.702910022986735
1688,-48.32781332679019,-0.25414000490735633,8.702910022986735
1689,-48.32781332679019,-0.25414000490735633,8.702910022986735
1690,-48.32781332679019,-0.25414000490735633,8.702910022986735
1691,-48.32781332679019,-0.25414000490735633,8.702910022986735
1692,-48.32781332679019,-0.25414000490735633,8.702910022986735
1693,-48.32781332679019,-0.25414000490735633,8.702910022986735
1694,-48.32781332679019,-0.25414000490735633,8.702910022986735
1695,-48.32781332679019,-0.25414000490735633,8.702910022986735
1696,-48.32781332679019,-0.25414000490735633,8.702910022986735
1697,-48.32781332679019,-0.25414000490735633,8.702910022986735
1698,-48.32781332679019,-0.25414000490735633,8.702910022986735
1699,-48.32781332679019,-0.25414000490735633,8.702910022986735
1700,-48.32781332679019,-0.25414000490735633,8.702910022986735
1701,-48.32781332679019,-0.25414000490735633,8.702910022986735
1702,-48.32781332679019,-0.25414000490735633,8.702910022986735
1703,-48.32781332679019,-0.25414000490735633,8.702910022986735
1704,-48.32781332679019,-0.25414000490735633,8.702910022986735
1705,-48.32781332679019,-0.25414000490735633,8.702910022986735
1706,-48.32781332679019,-0.25414000490735633,8.702910022986735
1707,-48.32781332679019,-0.25414000490735633,8.702910022986735
1708,-48.32781332679019,-0.25414000490735633,8.702910022986735
1709,-48.32781332679019,-0.25414000490735633,8.702910022986735
1710,-48.32781332679019,-0.25414000490735633,8.702910022986735
1711,-48.32781332679019,-0.25414000490735633,8.702910022986735
1712,-48.32781332679019,-0.25414000490735633,8.702910022986735
1713,-48.32781332679019,-0.25414000490735633,8.702910022986735
1714,-48.32781332679019,-0.25414000490735633,8.702910022986735
1715,-48.32781332679019,-0.25414000490735633,8.702910022986735
1716,-48.32781332679019,-0.25414000490735633,8.702910022986735
1717,-48.32781332679019,-0.25414000490735633,8.702910022986735
1718,-48.32781332679019,-0.25414000490735633,8.702910022986735
1719,-48.32781332679019,-0.25414000490735633,8.702910022986735
1720,-48.32781332679019,-0.25414000490735633,8.702910022986735
1721,-48.32781332679019,-0.25414000490735633,8.702910022986735
1722,-48.32781332679019,-0.25414000490735633,8.702910022986735
1723,-48.32781332679019,-0.25414000490735633,8.702910022986735
1724,-48.32781332679019,-0.25414000490735633,8.702910022986735
1725,-48.32781332679019,-0.25414000490735633,8.702910022986735
1726,-48.32781332679019,-0.25414000490735633,8.702910022986735
1727,-48.32781332679019,-0.25414000490735633,8.702910022986735
1728,-48.32781332679019,-0.25414000490735633,8.702910022986735
1729,-48.32781332679019,-0.25414000490735633,8.702910022986735
1730,-48.32781332679019,-0.25414000490735633,8.702910022986735
1731,-48.32781332679019,-0.25414000490735633,8.702910022986735
1732,-48.32781332679019,-0.25414000490735633,8.702910022986735
1733,-48.32781332679019,-0.25414000490735633,8.702910022986735
1734,-48.32781332679019,-0.25414000490735633,8.702910022986735
1735,-48.32781332679019,-0.25414000490735633,8.702910022986735
1736,-48.32781332679019,-0.25414000490735633,8.702910022986735
1737,-48.32781332679019,-0.25414000490735633,8.702910022986735
1738,-48.32781332679019,-0.25414000490735633,8.702910022986735
1739,-48.32781332679019,-0.25414000490735633,8.702910022986735
1740,-48.32781332679019,-0.25414000490735633,8.702910022986735
1741,-48.32781332679019,-0.25414000490735633,8.702910022986735
1742,-48.32781332679019,-0.25414000490735633,8.702910022986735
1743,-48.32781332679019,-0.25414000490735633,8.702910022986735
1744,-48.32781332679019,-0.25414000490735633,8.702910022986735
1745,-48.32781332679019,-0.25414000490735633,8.702910022986735
1746,-48.32781332679019,-0.25414000490735633,8.702910022986735
1747,-48.32781332679019,-0.25414000490735633,8.702910022986735
1748,-48.32781332679019,-0.25414000490735633,8.702910022986735
1749,-48.32781332679019,-0.25414000490735633,8.702910022986735
