,lon,lat,z
0,-48.214493,-0.34711912,10.222475
1,-48.21637,-0.3459277,10.245323
2,-48.218185,-0.3444337,10.2717705
3,-48.21993,-0.34270614,10.300792
4,-48.221413,-0.3410429,10.327628
5,-48.222534,-0.33965337,10.349102
6,-48.22336,-0.33848715,10.366279
7,-48.22393,-0.33750674,10.37997
8,-48.224445,-0.33667502,10.391633
9,-48.22507,-0.33597058,10.402299
10,-48.225792,-0.335387,10.411968
11,-48.22659,-0.33491686,10.42066
12,-48.227303,-0.33446622,10.428434
13,-48.227795,-0.33394867,10.435405
14,-48.228085,-0.33336684,10.441658
15,-48.228184,-0.33272046,10.447276
16,-48.22823,-0.3320264,10.45243
17,-48.228348,-0.33130655,10.457237
18,-48.22854,-0.33056474,10.461693
19,-48.228794,-0.32980442,10.4657955
20,-48.22916,-0.32907984,10.469783
21,-48.22967,-0.32844228,10.473871
22,-48.23032,-0.3278906,10.478021
23,-48.231087,-0.32742178,10.482192
24,-48.23191,-0.3269737,10.4868
25,-48.232735,-0.32649142,10.492201
26,-48.23356,-0.32598177,10.498271
27,-48.234383,-0.3254516,10.504889
28,-48.235123,-0.32493046,10.511596
29,-48.23571,-0.3244392,10.518049
30,-48.23616,-0.3239721,10.524316
31,-48.236492,-0.3235244,10.530445
32,-48.236713,-0.323086,10.53646
33,-48.23682,-0.32264757,10.54238
34,-48.23682,-0.32220602,10.548256
35,-48.236713,-0.3217578,10.554132
36,-48.236603,-0.32131746,10.560012
37,-48.236576,-0.32090336,10.565838
38,-48.23663,-0.3205174,10.57158
39,-48.23677,-0.3201609,10.577204
40,-48.236916,-0.31981614,10.58236
41,-48.23699,-0.31946376,10.58676
42,-48.237003,-0.3191022,10.590447
43,-48.23695,-0.31872955,10.593461
44,-48.236855,-0.31836116,10.596219
45,-48.236717,-0.31801248,10.599137
46,-48.23655,-0.31768286,10.602221
47,-48.236343,-0.31737122,10.60548
48,-48.23615,-0.31706837,10.608237
49,-48.236015,-0.31676582,10.609793
50,-48.235947,-0.3164645,10.610138
51,-48.235947,-0.3161654,10.60927
52,-48.23604,-0.3158968,10.608256
53,-48.23624,-0.3156874,10.6081505
54,-48.236553,-0.31553686,10.60892
55,-48.23697,-0.31544352,10.610515
56,-48.237465,-0.31539997,10.612545
57,-48.23802,-0.31539813,10.61465
58,-48.23864,-0.31543428,10.616803
59,-48.239307,-0.3155041,10.618982
60,-48.239944,-0.31558114,10.62124
61,-48.2405,-0.31564322,10.623642
62,-48.240982,-0.315692,10.626174
63,-49.312855,0.48463985,8.178667
64,-49.31342,0.48594752,8.150286
65,-49.31397,0.48723814,8.122127
66,-49.314518,0.48851147,8.094265
67,-49.315067,0.48976713,8.066779
68,-49.315445,0.49096572,8.037697
69,-49.315514,0.49208316,8.004622
70,-49.31525,0.4931396,7.9667716
71,-49.314636,0.49415195,7.9229994
72,-49.313663,0.49508408,7.8733315
73,-49.312286,0.4959119,7.8186946
74,-49.48067,1.1151916,10.657064
75,-49.479435,1.1194241,10.675676
76,-49.47813,1.1237036,10.695048
77,-49.47668,1.127769,10.715301
78,-49.475094,1.1316167,10.736195
79,-49.473385,1.1352459,10.757541
80,-49.4716,1.138757,10.778683
81,-49.469788,1.142253,10.799081
82,-49.467934,1.1457382,10.818748
83,-49.466064,1.1492176,10.837716
84,-49.46425,1.1527596,10.855392
85,-49.46258,1.1564411,10.871204
86,-49.461052,1.1602814,10.885187
87,-49.45965,1.1643023,10.897353
88,-49.458275,1.1684384,10.908699
89,-49.4569,1.1725423,10.920607
90,-49.45553,1.1765891,10.93315
91,-49.454155,1.1805704,10.946284
92,-49.452755,1.1844615,10.96004
93,-49.451305,1.1882385,10.974452
94,-49.449795,1.1918942,10.989482
95,-49.448257,1.1954216,11.005084
96,-49.4468,1.198832,11.020245
97,-49.445522,1.2021481,11.034071
98,-49.44442,1.2053806,11.046678
99,-49.443474,1.20854,11.058171
100,-49.442627,1.2115875,11.069101
101,-49.441803,1.2144828,11.079939
102,-49.441048,1.2172289,11.090653
103,-49.440304,1.2198303,11.101216
104,-49.439617,1.2223246,11.111737
105,-49.43893,1.2247449,11.122329
106,-49.438305,1.2270901,11.132962
107,-49.437687,1.2293569,11.143604
108,-49.43707,1.2316134,11.154656
109,-49.4364,1.2339139,11.16649
110,-49.435715,1.2362381,11.179006
111,-49.435028,1.2385645,11.192097
112,-49.43436,1.2408286,11.205012
113,-49.433773,1.2429836,11.217118
114,-49.433258,1.2450346,11.228464
115,-49.43281,1.2469863,11.239095
116,-49.4324,1.2488021,11.249209
117,-49.431988,1.2504487,11.258939
118,-49.431576,1.2519385,11.268131
119,-49.431194,1.2532836,11.276761
120,-49.43085,1.2545063,11.284812
121,-49.430508,1.2556268,11.292273
122,-49.43018,1.2566538,11.299194
123,-49.429905,1.2575951,11.305617
124,-49.42963,1.2584631,11.311601
125,-49.429356,1.2592685,11.317197
126,-49.42908,1.2600157,11.322435
127,-49.428806,1.260709,11.327342
128,-49.42853,1.2613603,11.331937
129,-49.428314,1.2619796,11.336243
130,-49.42811,1.2625686,11.340273
131,-49.427902,1.2631289,11.3440485
132,-49.427742,1.26363,11.347277
133,-49.427616,1.2640488,11.349726
134,-49.427547,1.2643962,11.35148
135,-49.427513,1.2646799,11.352597
136,-49.42749,1.2649503,11.353639
137,-49.42742,1.2652507,11.355106
138,-49.427353,1.2655766,11.356962
139,-49.502552,1.0439445,10.806472
140,-49.501453,1.0479187,10.83383
141,-49.50032,1.0515026,10.859783
142,-49.499153,1.0547308,10.884107
143,-49.498074,1.0576382,10.905804
144,-49.4971,1.060213,10.924308
145,-49.496235,1.0624948,10.940122
146,-49.495453,1.0645162,10.953634
147,-49.49472,1.066509,10.966186
148,-49.494034,1.0686761,10.978821
149,-49.493347,1.0710005,10.991425
150,-49.492702,1.0734657,11.003886
151,-49.492027,1.0759205,11.016486
152,-49.491283,1.0782199,11.029524
153,-49.490482,1.0803635,11.042933
154,-49.48964,1.0823535,11.056644
155,-49.488747,1.0842395,11.070205
156,-49.48789,1.0860759,11.083369
157,-49.487064,1.0878654,11.096165
158,-49.48624,1.089608,11.108584
159,-49.48545,1.0913227,11.120251
160,-49.48475,1.0930315,11.130879
161,-49.48414,1.0947396,11.140591
162,-49.4836,1.0964491,11.149487
163,-49.48312,1.0981437,11.158025
164,-49.48264,1.0998013,11.166589
165,-49.48216,1.101422,11.17515
166,-49.481678,1.1030023,11.183683
167,-49.48119,1.1045359,11.19227
168,-49.48064,1.106014,11.200956
169,-49.48009,1.1074353,11.209677
170,-49.47954,1.108799,11.218387
171,-49.479004,1.1101024,11.226573
172,-49.47853,1.1113496,11.233839
173,-49.47812,1.1125479,11.24028
174,-49.47777,1.1137035,11.245985
175,-49.47743,1.1148105,11.251182
176,-49.477135,1.1158603,11.256068
177,-49.47686,1.1168568,11.260672
178,-49.476585,1.117803,11.265009
179,-49.47631,1.1187164,11.269174
180,-49.476036,1.1196126,11.273247
181,-49.47576,1.1204915,11.277229
182,-49.47549,1.121353,11.281123
183,-49.47522,1.1222227,11.285093
184,-49.474945,1.1231222,11.28928
185,-49.47467,1.1240464,11.293648
186,-49.47436,1.1249899,11.298159
187,-49.47407,1.1259265,11.302534
188,-49.473797,1.1268357,11.306549
189,-49.473557,1.1277196,11.310231
190,-49.47335,1.1285812,11.313616
191,-49.473145,1.1294055,11.316842
192,-49.47294,1.1301773,11.320028
193,-49.472733,1.1308986,11.323171
194,-49.472527,1.1315709,11.326265
195,-49.47232,1.1322011,11.32923
196,-49.472115,1.1327959,11.331997
197,-49.47191,1.1333578,11.334579
198,-49.471703,1.1338887,11.336992
199,-49.471497,1.1343917,11.339279
200,-49.47129,1.1348696,11.341482
201,-49.471085,1.1353234,11.343602
202,-49.47088,1.1357542,11.345641
203,-49.470676,1.1361693,11.347592
204,-49.47054,1.1365752,11.349451
205,-49.4704,1.1369724,11.351223
206,-49.470264,1.1373613,11.352913
207,-49.470127,1.1377167,11.354399
208,-49.47004,1.1380166,11.355575
209,-49.46997,1.1382648,11.356463
210,-49.46994,1.1384641,11.357079
211,-49.46992,1.1386557,11.357682
212,-49.469852,1.138878,11.358519
213,-49.469784,1.1391286,11.359575
214,-48.224533,-0.27070618,7.5204153
215,-48.227436,-0.26947862,7.6126003
216,-48.22979,-0.26835188,7.669658
217,-48.231377,-0.26748434,7.709035
218,-48.23241,-0.2667999,7.735538
219,-48.233025,-0.2662472,7.752202
220,-48.233387,-0.26578695,7.764956
221,-48.233624,-0.26539975,7.7782273
222,-48.233738,-0.26507756,7.791843
223,-48.23377,-0.26481226,7.80563
224,-48.2338,-0.26457942,7.8196774
225,-48.233906,-0.26436493,7.8340106
226,-48.234077,-0.26417544,7.848373
227,-48.234303,-0.26401708,7.8625345
228,-48.234577,-0.26387134,7.876178
229,-48.234917,-0.26372582,7.889016
230,-48.23526,-0.26359314,7.9009066
231,-48.235603,-0.26348424,7.911769
232,-48.235947,-0.26340827,7.9212513
233,-48.236244,-0.26336217,7.929225
234,-48.23652,-0.26332644,7.936328
235,-48.236843,-0.2632854,7.943092
236,-48.237186,-0.2632441,7.949668
237,-48.23753,-0.26320732,7.9562163
238,-48.237873,-0.26317477,7.9627285
239,-48.238216,-0.26314613,7.969196
240,-48.23856,-0.26311922,7.9753942
241,-48.238834,-0.2630918,7.9811335
242,-48.23911,-0.2630639,7.986451
243,-48.239326,-0.2630355,7.9913754
244,-48.239532,-0.26299274,7.9963894
245,-48.23974,-0.26292282,8.001916
246,-48.239944,-0.26282737,8.007909
247,-48.24015,-0.26270807,8.01432
248,-48.240356,-0.26259077,8.020488
249,-48.240498,-0.26249877,8.025835
250,-48.24059,-0.2624303,8.030435
251,-48.24064,-0.26238415,8.0343485
252,-48.240665,-0.2623437,8.038194
253,-48.240734,-0.26229355,8.042525
254,-48.240803,-0.26223397,8.04732
255,-48.240887,-0.2621655,8.052556
256,-48.240963,-0.26209223,8.057593
257,-48.24103,-0.2620178,8.061848
258,-48.24108,-0.26194215,8.065344
259,-48.24108,-0.26186484,8.06812
260,-48.24108,-0.26178753,8.07062
261,-48.24108,-0.2617119,8.073272
262,-48.241116,-0.26163796,8.076066
263,-48.241184,-0.26156607,8.078987
264,-48.241253,-0.26149982,8.082005
265,-48.24132,-0.26144293,8.085097
266,-48.24143,-0.26139507,8.08826
267,-48.241566,-0.26135612,8.091472
268,-48.241703,-0.2613191,8.094957
269,-48.24185,-0.26127753,8.098923
270,-48.242058,-0.26123172,8.103321
271,-48.242264,-0.2611821,8.108102
272,-48.24247,-0.26113224,8.112872
273,-48.242615,-0.26108515,8.11729
274,-48.242752,-0.2610405,8.121386
275,-48.242847,-0.26099816,8.125195
276,-48.242916,-0.2609548,8.128559
277,-48.24295,-0.26090744,8.131311
278,-48.24295,-0.2608559,8.133487
279,-48.24292,-0.2608002,8.135096
280,-48.242874,-0.26074097,8.136667
281,-48.242874,-0.2606797,8.138702
282,-48.242874,-0.2606166,8.141195
283,-48.242874,-0.2605517,8.144133
284,-48.242874,-0.26049113,8.146946
285,-48.242874,-0.2604409,8.149078
286,-48.242874,-0.26040083,8.15054
287,-48.242832,-0.26037052,8.1513405
288,-48.242764,-0.2603468,8.151726
289,-48.242695,-0.26032615,8.151937
290,-48.242626,-0.2603087,8.15197
291,-48.242558,-0.2602945,8.151822
292,-48.24249,-0.26027867,8.151842
293,-48.24242,-0.2602565,8.15238
294,-48.242413,-0.2602279,8.1534395
295,-48.242413,-0.26019308,8.155012
296,-48.242413,-0.2601595,8.157047
297,-48.24247,-0.2601347,8.159489
298,-48.24254,-0.2601186,8.162316
299,-48.242626,-0.260111,8.16552
300,-48.242764,-0.26010913,8.169021
301,-48.2429,-0.26011014,8.172747
302,-48.24305,-0.26011398,8.176686
303,-48.243256,-0.26012048,8.180798
304,-48.24346,-0.2601255,8.185009
305,-48.243668,-0.2601251,8.189258
306,-48.243816,-0.26011974,8.193543
307,-48.225304,-0.31307948,7.739925
308,-48.228905,-0.31221315,7.9284024
309,-48.23141,-0.31157273,8.042515
310,-48.23317,-0.31099474,8.122578
311,-48.234386,-0.3104528,8.178981
312,-48.235203,-0.30991718,8.220036
313,-48.235706,-0.309366,8.251074
314,-48.23594,-0.30879128,8.273825
315,-48.23591,-0.3081843,8.289361
316,-48.23579,-0.30756497,8.301821
317,-48.23574,-0.3069613,8.314835
318,-48.235756,-0.306375,8.328323
319,-48.235836,-0.30580744,8.342206
320,-48.236023,-0.30530384,8.356841
321,-48.23635,-0.30490786,8.37247
322,-48.236805,-0.3046161,8.388819
323,-48.23738,-0.30442303,8.405608
324,-48.238026,-0.30428487,8.422477
325,-48.238712,-0.30416292,8.439125
326,-48.23943,-0.30405685,8.455424
327,-48.240185,-0.30396655,8.471206
328,-48.240925,-0.30388203,8.485942
329,-48.24161,-0.3037947,8.499309
330,-48.2423,-0.3037062,8.511411
331,-48.242916,-0.30361778,8.522346
332,-48.243534,-0.30353478,8.53235
333,-48.2441,-0.30346102,8.541586
334,-48.244648,-0.30339548,8.550103
335,-48.24516,-0.30333757,8.557899
336,-48.245613,-0.3032842,8.564841
337,-48.24599,-0.30323273,8.570866
338,-48.246307,-0.3031829,8.576133
339,-48.246582,-0.3031343,8.580772
340,-48.246788,-0.30307063,8.585318
341,-48.246994,-0.30297822,8.5901985
342,-48.2472,-0.30286157,8.59533
343,-48.247406,-0.30272526,8.600622
344,-48.247593,-0.30259603,8.60549
345,-48.24773,-0.30249357,8.609548
346,-48.24781,-0.30241382,8.612933
347,-48.24787,-0.30235353,8.615761
348,-48.247925,-0.30230147,8.618447
349,-48.247993,-0.30224854,8.621326
350,-48.248062,-0.30219492,8.624373
351,-48.24813,-0.30214083,8.627566
352,-48.2482,-0.30208567,8.630559
353,-48.24827,-0.30202857,8.633042
354,-48.24829,-0.3019693,8.635067
355,-48.24829,-0.30190632,8.636709
356,-48.24829,-0.30184108,8.638203
357,-48.24829,-0.3017752,8.63977
358,-48.24829,-0.30170855,8.641414
359,-48.24833,-0.30164167,8.643122
360,-48.248398,-0.30158025,8.644838
361,-48.248466,-0.30152807,8.646547
362,-48.248535,-0.30148444,8.648243
363,-48.248604,-0.3014488,8.649919
364,-48.248672,-0.3014153,8.6516905
365,-48.248783,-0.3013793,8.653638
366,-48.248917,-0.3013429,8.655637
367,-48.24902,-0.30130666,8.657652
368,-48.24909,-0.30127203,8.659568
369,-48.249157,-0.3012404,8.661274
370,-48.249226,-0.3012117,8.662784
371,-48.249287,-0.30118588,8.664107
372,-48.249287,-0.30116042,8.665268
373,-48.249287,-0.30113333,8.666261
374,-48.249287,-0.30110458,8.667089
375,-48.249287,-0.30107418,8.667752
376,-48.249287,-0.30104306,8.668402
377,-48.249287,-0.30101195,8.669192
378,-48.249287,-0.30098084,8.670123
379,-48.249287,-0.30094972,8.671194
380,-48.249287,-0.30092007,8.672221
381,-48.249287,-0.30089304,8.673021
382,-48.249287,-0.3008686,8.673595
383,-48.249287,-0.3008468,8.673944
384,-48.249287,-0.30082712,8.674155
385,-48.249287,-0.30080912,8.674317
386,-48.249287,-0.30079275,8.674431
387,-48.249287,-0.3007781,8.674496
388,-48.249287,-0.30076334,8.674593
389,-48.249287,-0.30074683,8.674803
390,-48.249287,-0.30072847,8.675126
391,-48.249287,-0.30070835,8.675562
392,-48.249287,-0.30068955,8.676128
393,-48.249287,-0.30067518,8.676849
394,-48.24931,-0.3006653,8.677722
395,-48.24938,-0.30066013,8.678674
396,-48.249447,-0.30065835,8.67963
397,-48.249516,-0.30065852,8.680549
398,-48.249584,-0.3006602,8.68141
399,-48.249653,-0.30066293,8.682193
400,-48.24972,-0.3006652,8.682874
401,-48.24973,-0.30066624,8.683491
402,-48.24973,-0.30066645,8.6841345
403,-48.7555,0.09300107,9.092085
404,-48.75249,0.09258837,9.14062
405,-48.749752,0.09214559,9.181175
406,-48.747257,0.09169852,9.215799
407,-48.745003,0.09126329,9.245776
408,-48.742947,0.09083562,9.271774
409,-48.741066,0.0904124,9.294355
410,-48.739227,0.08999492,9.31533
411,-48.737328,0.08958866,9.336043
412,-48.735405,0.089196935,9.356302
413,-48.733482,0.0888225,9.375936
414,-48.731785,0.08845991,9.392235
415,-48.730457,0.08809734,9.403336
416,-48.729427,0.08772763,9.410057
417,-48.72865,0.087343216,9.41287
418,-48.728203,0.087038375,9.412536
419,-48.72818,0.08691166,9.409605
420,-48.728592,0.08696796,9.403937
421,-48.72949,0.08722173,9.395243
422,-48.730484,0.087603524,9.387021
423,-48.73114,0.08802382,9.383426
424,-48.731426,0.08847255,9.3847475
425,-48.73134,0.0889374,9.3909025
426,-48.731018,0.08935761,9.399617
427,-48.730583,0.08968544,9.408778
428,-48.73006,0.08992786,9.418264
429,-48.72946,0.09009258,9.427958
430,-48.7289,0.09019995,9.4368725
431,-48.728466,0.09026853,9.444251
432,-48.728153,0.09030272,9.450284
433,-48.727936,0.09030589,9.455126
434,-48.727806,0.09030004,9.458937
435,-48.72774,0.0903049,9.461853
436,-48.72774,0.09031995,9.463936
437,-48.72781,0.09034485,9.465232
438,-48.72788,0.09037657,9.466273
439,-48.727947,0.09041201,9.467567
440,-48.728016,0.09045099,9.469107
441,-48.728016,0.09049328,9.470879
442,-48.728012,0.09052475,9.473095
443,-48.727943,0.09053204,9.475941
444,-48.727833,0.09051649,9.479359
445,-48.727695,0.09047978,9.483284
446,-48.72756,0.09044673,9.487428
447,-48.72742,0.09043916,9.491537
448,-48.727283,0.09045472,9.495603
449,-48.727146,0.09049106,9.49961
450,-48.727036,0.090530954,9.503329
451,-48.726967,0.09055957,9.506572
452,-48.7269,0.09057799,9.509389
453,-48.72683,0.09058712,9.511824
454,-48.726727,0.090590015,9.514352
455,-48.72659,0.09058949,9.51737
456,-48.726406,0.09058588,9.520793
457,-48.7262,0.090579644,9.524525
458,-48.726017,0.09058206,9.528008
459,-48.72589,0.090602376,9.530827
460,-48.725822,0.09063853,9.53308
461,-48.72581,0.090689115,9.53484
462,-48.72581,0.09074695,9.5362215
463,-48.72581,0.090805665,9.537303
464,-48.725857,0.09086559,9.538116
465,-48.725925,0.090927035,9.538676
466,-48.72598,0.09098771,9.5392685
467,-48.72598,0.09104477,9.540166
468,-48.72598,0.0910978,9.541343
469,-48.725952,0.09114654,9.542766
470,-48.725883,0.09118887,9.544263
471,-48.725815,0.09122324,9.545688
472,-48.725746,0.09125035,9.547044
473,-48.725677,0.09127085,9.548335
474,-48.72561,0.0912866,9.549588
475,-48.72554,0.09129925,9.550841
476,-48.72547,0.091309056,9.552077
477,-48.725403,0.091316245,9.553295
478,-48.725334,0.09132252,9.554422
479,-48.725266,0.09132929,9.555406
480,-48.725258,0.09133653,9.55626
481,-48.725258,0.091344215,9.557
482,-48.725258,0.091354944,9.557687
483,-48.725258,0.091371,9.558373
484,-48.725258,0.09139187,9.559044
485,-48.725258,0.09141705,9.559713
486,-48.725258,0.09144524,9.56028
487,-48.725258,0.09147555,9.560669
488,-48.725258,0.0915082,9.560896
489,-48.725277,0.09154352,9.560971
490,-48.72529,0.09157648,9.561053
491,-48.72529,0.091601655,9.561301
492,-48.72529,0.09161902,9.561704
493,-48.72529,0.09162888,9.562245
494,-48.72522,0.091634564,9.56286
495,-48.72515,0.09163923,9.563494
496,-48.725082,0.09164295,9.564136
497,-48.725014,0.09164584,9.564787
498,-48.724945,0.091648795,9.565414
499,-48.724937,0.09165262,9.566011
500,-48.724937,0.09165714,9.566578
501,-48.724937,0.09166221,9.567114
502,-48.724937,0.091667704,9.567595
503,-48.724937,0.09167349,9.568006
504,-48.724937,0.09167954,9.5683565
505,-48.724937,0.091685824,9.568655
506,-48.724937,0.09169178,9.5689125
507,-48.724937,0.09169694,9.569135
508,-48.724937,0.091701396,9.569326
509,-48.724937,0.091705225,9.5694895
510,-48.724937,0.09170883,9.569644
511,-48.724937,0.09171251,9.569798
512,-48.724937,0.09171627,9.5699625
513,-48.32321,-0.25759053,9.975656
514,-48.32321,-0.25759053,9.975656
515,-48.32321,-0.25759053,9.975656
516,-48.32321,-0.25759053,9.975656
517,-48.32321,-0.25759053,9.975656
518,-48.32321,-0.25759053,9.975656
519,-48.32321,-0.25759053,9.975656
520,-48.32321,-0.25759053,9.975656
521,-48.32321,-0.25759053,9.975656
522,-48.32321,-0.25759053,9.975656
523,-48.32321,-0.25759053,9.975656
524,-48.32321,-0.25759053,9.975656
525,-48.32321,-0.25759053,9.975656
526,-48.32321,-0.25759053,9.975656
527,-48.32321,-0.25759053,9.975656
528,-48.32321,-0.25759053,9.975656
529,-48.32321,-0.25759053,9.975656
530,-48.32321,-0.25759053,9.975656
531,-48.32321,-0.25759053,9.975656
532,-48.32321,-0.25759053,9.975656
533,-48.32321,-0.25759053,9.975656
534,-48.32321,-0.25759053,9.975656
535,-48.32321,-0.25759053,9.975656
536,-48.32321,-0.25759053,9.975656
537,-48.32321,-0.25759053,9.975656
538,-48.32321,-0.25759053,9.975656
539,-48.32321,-0.25759053,9.975656
540,-48.32321,-0.25759053,9.975656
541,-48.32321,-0.25759053,9.975656
542,-48.32321,-0.25759053,9.975656
543,-48.32321,-0.25759053,9.975656
544,-48.32321,-0.25759053,9.975656
545,-48.32321,-0.25759053,9.975656
546,-48.32321,-0.25759053,9.975656
547,-48.32321,-0.25759053,9.975656
548,-48.32321,-0.25759053,9.975656
549,-48.32321,-0.25759053,9.975656
550,-48.32321,-0.25759053,9.975656
551,-48.32321,-0.25759053,9.975656
552,-48.32321,-0.25759053,9.975656
553,-48.32321,-0.25759053,9.975656
554,-48.32321,-0.25759053,9.975656
555,-48.32321,-0.25759053,9.975656
556,-48.32321,-0.25759053,9.975656
557,-48.32321,-0.25759053,9.975656
558,-48.32321,-0.25759053,9.975656
559,-48.32321,-0.25759053,9.975656
560,-48.32321,-0.25759053,9.975656
561,-48.32321,-0.25759053,9.975656
562,-48.32321,-0.25759053,9.975656
563,-48.32321,-0.25759053,9.975656
564,-48.32321,-0.25759053,9.975656
565,-48.32321,-0.25759053,9.975656
566,-48.32321,-0.25759053,9.975656
567,-48.32321,-0.25759053,9.975656
568,-48.32321,-0.25759053,9.975656
569,-48.32321,-0.25759053,9.975656
570,-48.32321,-0.25759053,9.975656
571,-48.32321,-0.25759053,9.975656
572,-48.32321,-0.25759053,9.975656
573,-48.32321,-0.25759053,9.975656
574,-48.32321,-0.25759053,9.975656
575,-48.32321,-0.25759053,9.975656
576,-48.32321,-0.25759053,9.975656
577,-48.32321,-0.25759053,9.975656
578,-48.32321,-0.25759053,9.975656
579,-48.32321,-0.25759053,9.975656
580,-48.32321,-0.25759053,9.975656
581,-48.32321,-0.25759053,9.975656
582,-48.32321,-0.25759053,9.975656
583,-48.32321,-0.25759053,9.975656
584,-48.32321,-0.25759053,9.975656
585,-48.32321,-0.25759053,9.975656
586,-48.32321,-0.25759053,9.975656
587,-48.32321,-0.25759053,9.975656
588,-48.32321,-0.25759053,9.975656
589,-48.32321,-0.25759053,9.975656
590,-48.32321,-0.25759053,9.975656
591,-48.32321,-0.25759053,9.975656
592,-48.32321,-0.25759053,9.975656
593,-48.32321,-0.25759053,9.975656
594,-48.32321,-0.25759053,9.975656
595,-48.32321,-0.25759053,9.975656
596,-48.32321,-0.25759053,9.975656
597,-48.32321,-0.25759053,9.975656
598,-48.32321,-0.25759053,9.975656
599,-48.32321,-0.25759053,9.975656
600,-48.32321,-0.25759053,9.975656
601,-48.32321,-0.25759053,9.975656
602,-48.32321,-0.25759053,9.975656
603,-48.32321,-0.25759053,9.975656
604,-48.32321,-0.25759053,9.975656
605,-48.32321,-0.25759053,9.975656
606,-48.32321,-0.25759053,9.975656
607,-48.32321,-0.25759053,9.975656
608,-48.32321,-0.25759053,9.975656
609,-48.32321,-0.25759053,9.975656
610,-48.32321,-0.25759053,9.975656
611,-48.32321,-0.25759053,9.975656
612,-48.32321,-0.25759053,9.975656
613,-48.32321,-0.25759053,9.975656
614,-48.32321,-0.25759053,9.975656
615,-48.32321,-0.25759053,9.975656
616,-48.32321,-0.25759053,9.975656
617,-48.32321,-0.25759053,9.975656
618,-48.32321,-0.25759053,9.975656
619,-48.32321,-0.25759053,9.975656
620,-48.32321,-0.25759053,9.975656
621,-48.32321,-0.25759053,9.975656
622,-48.32321,-0.25759053,9.975656
623,-48.32321,-0.25759053,9.975656
624,-48.32321,-0.25759053,9.975656
625,-48.32321,-0.25759053,9.975656
626,-48.32321,-0.25759053,9.975656
627,-48.32321,-0.25759053,9.975656
628,-48.32321,-0.25759053,9.975656
629,-48.32321,-0.25759053,9.975656
630,-48.32321,-0.25759053,9.975656
631,-48.32321,-0.25759053,9.975656
632,-48.32321,-0.25759053,9.975656
633,-48.62765,0.018052462,9.123965
634,-48.624767,0.017399633,9.185005
635,-48.621964,0.016814776,9.247589
636,-48.619366,0.0163088,9.310432
637,-48.617092,0.015891114,9.372236
638,-48.615433,0.015554696,9.424509
639,-48.61442,0.015280057,9.461734
640,-48.613815,0.015053128,9.486506
641,-48.613464,0.014856833,9.500676
642,-48.613316,0.014716675,9.5051565
643,-48.613396,0.014656589,9.500217
644,-48.613735,0.014679648,9.485391
645,-48.614483,0.01482301,9.459044
646,-48.615513,0.015077189,9.430564
647,-48.61648,0.015375317,9.412505
648,-48.61725,0.01569564,9.406548
649,-48.61773,0.016014317,9.413633
650,-48.617958,0.01628992,9.4293785
651,-48.618008,0.0164989,9.448863
652,-48.61791,0.0166459,9.471576
653,-48.617725,0.016738817,9.496903
654,-48.617573,0.016791904,9.521174
655,-48.617504,0.016819846,9.541441
656,-48.617493,0.016831728,9.55807
657,-48.617493,0.016834684,9.57136
658,-48.617493,0.016834714,9.581627
659,-48.617493,0.016834714,9.589045
660,-48.617493,0.016834714,9.593647
661,-48.617493,0.016834714,9.595458
662,-48.617493,0.016834714,9.596353
663,-48.617493,0.016834714,9.598204
664,-48.617493,0.016834714,9.601004
665,-48.617493,0.016834714,9.604751
666,-48.617493,0.016834714,9.610321
667,-48.617493,0.016834714,9.618577
668,-48.617493,0.016834714,9.629483
669,-48.617493,0.016834714,9.642988
670,-48.617493,0.016834714,9.658124
671,-48.617493,0.016834714,9.673949
672,-48.617493,0.016834714,9.690444
673,-48.617493,0.016834714,9.707585
674,-48.617493,0.016834714,9.724287
675,-48.617493,0.016834714,9.739507
676,-48.617493,0.016834714,9.7532835
677,-48.617493,0.016834714,9.765652
678,-48.617493,0.016834714,9.7789545
679,-48.617493,0.016834714,9.795463
680,-48.617493,0.016834714,9.815074
681,-48.617493,0.016834714,9.837673
682,-48.617493,0.016834714,9.859935
683,-48.617493,0.016834714,9.8787155
684,-48.617493,0.016834714,9.894138
685,-48.617493,0.016834714,9.906298
686,-48.617493,0.016834714,9.915915
687,-48.617493,0.016834714,9.923674
688,-48.617493,0.016834714,9.929595
689,-48.617493,0.016834714,9.933706
690,-48.617493,0.016834714,9.938172
691,-48.617493,0.016834714,9.945125
692,-48.617493,0.016834714,9.954536
693,-48.617493,0.016834714,9.966354
694,-48.617493,0.016834714,9.979341
695,-48.617493,0.016834714,9.992292
696,-48.617493,0.016834714,10.005208
697,-48.617493,0.016834714,10.018086
698,-48.617493,0.016834714,10.031305
699,-48.617493,0.016834714,10.045224
700,-48.617493,0.016834714,10.059819
701,-48.617493,0.016834714,10.0750675
702,-48.617493,0.016834714,10.089996
703,-48.617493,0.016834714,10.103683
704,-48.617493,0.016834714,10.116165
705,-48.617493,0.016834714,10.127474
706,-48.617493,0.016834714,10.138326
707,-48.617493,0.016834714,10.149411
708,-48.617493,0.016834714,10.160725
709,-48.617493,0.016834714,10.172258
710,-48.617493,0.016834714,10.18229
711,-48.617493,0.016834714,10.189153
712,-48.617493,0.016834714,10.192897
713,-48.617493,0.016834714,10.193553
714,-48.617493,0.016834714,10.194487
715,-48.617493,0.016834714,10.19904
716,-48.617493,0.016834714,10.207174
717,-48.617493,0.016834714,10.218814
718,-48.617493,0.016834714,10.232748
719,-48.617493,0.016834714,10.247805
720,-48.617493,0.016834714,10.26393
721,-48.617493,0.016834714,10.281077
722,-48.617493,0.016834714,10.298711
723,-48.617493,0.016834714,10.316319
724,-48.617493,0.016834714,10.333899
725,-48.617493,0.016834714,10.351439
726,-48.617493,0.016834714,10.368185
727,-48.617493,0.016834714,10.3834095
728,-48.617493,0.016834714,10.39718
729,-48.617493,0.016834714,10.409546
730,-48.617493,0.016834714,10.420601
731,-48.617493,0.016834714,10.430422
732,-48.617493,0.016834714,10.43904
733,-48.617493,0.016834714,10.44649
734,-48.617493,0.016834714,10.453789
735,-48.617493,0.016834714,10.46192
736,-48.617493,0.016834714,10.470861
737,-48.393066,0.05434526,7.909429
738,-48.395103,0.054073565,7.996862
739,-48.745903,0.086614616,9.050952
740,-48.74259,0.08619458,9.096817
741,-48.739536,0.085749395,9.139482
742,-48.736748,0.085296616,9.177709
743,-48.734222,0.08484372,9.210759
744,-48.731922,0.0843874,9.239389
745,-48.729805,0.083925314,9.264218
746,-48.727737,0.08346487,9.287272
747,-48.72561,0.083017364,9.310062
748,-48.72348,0.08258647,9.33239
749,-48.72135,0.08217522,9.35407
750,-48.719448,0.08177509,9.372085
751,-48.717957,0.08137078,9.384336
752,-48.716805,0.08095458,9.391723
753,-48.715935,0.080518074,9.394767
754,-48.71544,0.080166936,9.394352
755,-48.715424,0.08001171,9.391139
756,-48.715908,0.08005754,9.38497
757,-48.716927,0.08031984,9.375542
758,-48.718063,0.080721565,9.36671
759,-48.718822,0.08116431,9.363007
760,-48.719154,0.0816375,9.364726
761,-48.719074,0.08212813,9.371746
762,-48.718727,0.082572885,9.381541
763,-48.718258,0.08292231,9.3917885
764,-48.717678,0.08318364,9.40236
765,-48.71701,0.08336486,9.413133
766,-48.716385,0.083486594,9.423024
767,-48.7159,0.08356766,9.4312
768,-48.71554,0.08361276,9.437875
769,-48.7153,0.083625495,9.443217
770,-48.71515,0.08362855,9.447428
771,-48.715073,0.083642244,9.450668
772,-48.715073,0.083666086,9.453013
773,-48.715145,0.0836998,9.454508
774,-48.715218,0.08374084,9.455734
775,-48.715286,0.08378661,9.457245
776,-48.715355,0.08383682,9.459026
777,-48.715355,0.08389123,9.461068
778,-48.715343,0.0839336,9.46358
779,-48.715275,0.0839487,9.466751
780,-48.715145,0.08393796,9.470516
781,-48.71498,0.0839033,9.474809
782,-48.714783,0.08387098,9.479331
783,-48.714645,0.083864205,9.483829
784,-48.714508,0.083880566,9.488286
785,-48.71437,0.08391774,9.492688
786,-48.714233,0.083958045,9.496775
787,-48.7141,0.08398629,9.500334
788,-48.71403,0.08400362,9.503422
789,-48.713963,0.08401101,9.506084
790,-48.713844,0.08401217,9.508845
791,-48.713696,0.084010504,9.512138
792,-48.71349,0.08400631,9.51587
793,-48.713284,0.08399998,9.519939
794,-48.71308,0.084003285,9.523744
795,-48.712944,0.08402583,9.526836
796,-48.712875,0.08406539,9.529321
797,-48.712856,0.08412043,9.531274
798,-48.712856,0.08418273,9.532813
799,-48.712856,0.08424506,9.534023
800,-48.712917,0.08430778,9.534942
801,-48.712986,0.084371276,9.535582
802,-48.713047,0.08443385,9.536257
803,-48.713047,0.08449326,9.537261
804,-48.713047,0.08454903,9.538563
805,-48.71301,0.08460087,9.540128
806,-48.71294,0.084646255,9.54177
807,-48.71287,0.08468331,9.543332
808,-48.712803,0.08471275,9.544818
809,-48.712734,0.08473528,9.54623
810,-48.712666,0.08475267,9.547604
811,-48.712597,0.08476648,9.548966
812,-48.71253,0.08477701,9.550313
813,-48.71246,0.084784575,9.551637
814,-48.71239,0.084790945,9.552861
815,-48.712322,0.08479771,9.553928
816,-48.71228,0.08480484,9.554857
817,-48.71228,0.08481232,9.555662
818,-48.71228,0.08482302,9.55641
819,-48.71228,0.08483943,9.557148
820,-48.71228,0.08486102,9.557886
821,-48.71228,0.08488721,9.55862
822,-48.71228,0.0849166,9.559246
823,-48.71228,0.084948316,9.559683
824,-48.71228,0.08498249,9.559947
825,-48.71231,0.085019454,9.56005
826,-48.712334,0.085053824,9.56016
827,-48.712334,0.085079774,9.56044
828,-48.712334,0.08509737,9.560878
829,-48.71232,0.08510691,9.561459
830,-48.71225,0.085112125,9.562118
831,-48.71218,0.08511646,9.562795
832,-48.712112,0.08511998,9.563481
833,-48.712044,0.08512276,9.564168
834,-48.711975,0.085125834,9.564843
835,-48.711906,0.085130036,9.565486
836,-48.711884,0.085135154,9.566096
837,-48.711884,0.08514102,9.566673
838,-48.711884,0.08514728,9.567193
839,-48.711884,0.08515369,9.5676365
840,-48.711884,0.08516025,9.568016
841,-48.711884,0.08516693,9.568339
842,-48.711884,0.08517326,9.568617
843,-48.711884,0.085178815,9.568857
844,-48.711884,0.08518371,9.569065
845,-48.711884,0.08518801,9.569243
846,-48.711884,0.08519203,9.569415
847,-48.711884,0.085196055,9.569587
848,-48.711884,0.08520008,9.569758
849,-48.098335,-0.38677838,11.568805
850,-48.10041,-0.38712308,11.91888
851,-48.102375,-0.38733974,12.203039
852,-48.10408,-0.3874316,12.413458
853,-48.105587,-0.38744047,12.572428
854,-48.10694,-0.38739252,12.6944
855,-48.10808,-0.38727108,12.786592
856,-48.10898,-0.38706285,12.854527
857,-48.10969,-0.38678288,12.904044
858,-48.110268,-0.38643813,12.938924
859,-48.11072,-0.38607255,12.963111
860,-48.111084,-0.38572422,12.979393
861,-48.111343,-0.3853874,12.98843
862,-48.111523,-0.38505664,12.990537
863,-48.111694,-0.38474166,12.990493
864,-48.11194,-0.38445768,12.993043
865,-48.112247,-0.38420668,12.998163
866,-48.11262,-0.38399014,13.00577
867,-48.11306,-0.38382864,13.019214
868,-48.113544,-0.3837409,13.041205
869,-48.114094,-0.38372123,13.070272
870,-48.114643,-0.38375998,13.104598
871,-48.115192,-0.3838234,13.140339
872,-48.11571,-0.38388446,13.174663
873,-48.11619,-0.38394263,13.2072315
874,-48.11665,-0.3839973,13.237774
875,-48.11705,-0.38403428,13.263815
876,-48.117393,-0.38404426,13.284069
877,-48.117676,-0.38403276,13.299782
878,-48.11795,-0.3840035,13.311849
879,-48.118168,-0.38396803,13.322078
880,-48.118374,-0.383936,13.331826
881,-48.11858,-0.38390714,13.341098
882,-48.118782,-0.3838812,13.3498955
883,-48.11892,-0.38385502,13.357754
884,-48.119057,-0.3838257,13.364331
885,-48.119194,-0.38379353,13.369805
886,-48.11933,-0.38375872,13.374316
887,-48.11947,-0.38372034,13.378141
888,-48.119606,-0.38367757,13.381516
889,-48.119743,-0.38363066,13.384479
890,-48.11988,-0.38357982,13.387065
891,-48.120003,-0.3835317,13.389482
892,-48.12007,-0.38349238,13.391902
893,-48.12014,-0.38346142,13.394334
894,-48.12021,-0.38343835,13.396754
895,-48.120277,-0.38342145,13.399669
896,-48.120346,-0.38340926,13.403462
897,-48.120415,-0.38340148,13.407972
898,-48.120483,-0.38339767,13.413009
899,-48.120552,-0.38339096,13.417649
900,-48.12062,-0.38337573,13.421248
901,-48.120667,-0.38335308,13.423979
902,-48.120667,-0.3833236,13.425974
903,-48.120667,-0.3832923,13.427779
904,-48.120667,-0.38326386,13.429847
905,-48.120667,-0.38323832,13.432125
906,-48.120667,-0.38321567,13.434563
907,-48.120724,-0.38319647,13.437048
908,-48.120792,-0.38318095,13.439493
909,-48.12086,-0.3831687,13.4418745
910,-48.12093,-0.38315934,13.444172
911,-48.121,-0.38315168,13.446259
912,-48.121014,-0.38314474,13.448055
913,-48.121014,-0.38313836,13.449606
914,-48.121014,-0.38313246,13.450947
915,-48.121014,-0.38312703,13.452065
916,-48.121014,-0.38312167,13.452956
917,-48.121014,-0.3831163,13.453652
918,-48.121014,-0.38311094,13.454176
919,-48.121014,-0.38310522,13.454547
920,-48.121014,-0.38309932,13.454779
921,-48.121014,-0.38309342,13.454879
922,-48.121014,-0.38308752,13.45485
923,-48.121014,-0.38308108,13.454845
924,-48.121014,-0.3830742,13.455018
925,-48.121014,-0.38306722,13.455359
926,-48.121014,-0.3830597,13.455856
927,-48.121014,-0.38305286,13.456385
928,-48.121014,-0.38304684,13.4568405
929,-48.121014,-0.38304168,13.45723
930,-48.121014,-0.38303718,13.457561
931,-48.121014,-0.3830335,13.457822
932,-48.121014,-0.38303068,13.458002
933,-48.121014,-0.38302875,13.458105
934,-48.121014,-0.38302752,13.458136
935,-48.121014,-0.383027,13.458291
936,-48.121014,-0.38302693,13.458751
937,-48.121014,-0.3830273,13.459467
938,-48.121014,-0.38302782,13.46037
939,-48.121014,-0.3830289,13.461272
940,-48.121014,-0.38303006,13.462055
941,-48.121014,-0.38303167,13.462733
942,-48.121014,-0.38303328,13.46332
943,-48.121014,-0.3830348,13.463837
944,-48.121014,-0.38303587,13.464298
945,-48.121014,-0.38303694,13.464708
946,-48.121014,-0.38303757,13.46507
947,-48.121014,-0.3830381,13.465367
948,-48.121014,-0.38303864,13.465599
949,-48.121014,-0.38303882,13.465779
950,-48.264256,-0.26584983,7.488675
951,-48.26293,-0.26707304,7.619151
952,-48.262283,-0.26778415,7.7147493
953,-48.26214,-0.268091,7.7776036
954,-48.262352,-0.26810294,7.8152537
955,-48.262764,-0.26794875,7.8380876
956,-48.26331,-0.26768586,7.8517056
957,-48.263832,-0.26741612,7.860413
958,-48.26421,-0.2672117,7.866679
959,-48.264477,-0.2670591,7.87103
960,-48.264652,-0.26694903,7.8738065
961,-48.264767,-0.26686803,7.876019
962,-48.264835,-0.2668062,7.87849
963,-48.26485,-0.26676238,7.8811765
964,-48.26485,-0.2667352,7.8840327
965,-48.264847,-0.2667096,7.886978
966,-48.264847,-0.2666729,7.8899393
967,-48.264847,-0.2666269,7.892891
968,-48.264847,-0.2665734,7.8958015
969,-48.264862,-0.2665086,7.8986826
970,-48.26493,-0.26643005,7.90153
971,-48.265,-0.26634127,7.904306
972,-48.265068,-0.26624575,7.9069777
973,-48.265137,-0.26615602,7.9094253
974,-48.265205,-0.26608095,7.911573
975,-48.265236,-0.2660183,7.9134607
976,-48.265236,-0.265966,7.915125
977,-48.265236,-0.265924,7.916631
978,-48.265236,-0.26589173,7.9180274
979,-48.265236,-0.26586765,7.919314
980,-48.265236,-0.26585042,7.9204936
981,-48.265236,-0.26583704,7.9215245
982,-48.265236,-0.26582512,7.922387
983,-48.265236,-0.26581436,7.92311
984,-48.265236,-0.2658046,7.9237175
985,-48.265236,-0.26579738,7.9242907
986,-48.265236,-0.26579386,7.9248815
987,-48.265236,-0.26579338,7.9254713
988,-48.265236,-0.26579526,7.9260426
989,-48.265236,-0.26579925,7.926527
990,-48.265236,-0.26580533,7.926892
991,-48.265236,-0.265813,7.9271665
992,-48.265236,-0.26582205,7.9273686
993,-48.265236,-0.2658295,7.9275455
994,-48.265236,-0.26583296,7.927732
995,-48.265236,-0.26583308,7.927921
996,-48.265236,-0.2658305,7.9281096
997,-48.265236,-0.26582706,7.928272
998,-48.265236,-0.26582417,7.9283943
999,-48.265236,-0.2658216,7.9284854
1000,-48.265236,-0.26581946,7.928551
1001,-48.265236,-0.26581743,7.928608
1002,-48.265236,-0.26581582,7.928668
1003,-48.265236,-0.26581421,7.928728
1004,-48.265236,-0.26581305,7.928788
1005,-48.265236,-0.26581198,7.9288483
1006,-48.265236,-0.26581115,7.9289083
1007,-48.265236,-0.2658106,7.9289684
1008,-48.265236,-0.26581007,7.9290204
1009,-48.265236,-0.26580992,7.929077
1010,-48.265236,-0.26580992,7.929137
1011,-48.265236,-0.26581028,7.9291973
1012,-48.265236,-0.26581082,7.9292574
1013,-48.265236,-0.26581135,7.929306
1014,-48.265236,-0.2658119,7.9293447
1015,-48.265236,-0.26581243,7.929375
1016,-48.265236,-0.26581296,7.929401
1017,-48.265236,-0.26581317,7.929418
1018,-48.265236,-0.26581317,7.929431
1019,-48.265236,-0.26581317,7.9294395
1020,-48.265236,-0.26581317,7.9294467
1021,-48.265236,-0.26581317,7.9294534
1022,-48.265236,-0.26581314,7.929462
1023,-48.265236,-0.2658126,7.9294705
1024,-48.265236,-0.26581207,7.929479
1025,-48.265236,-0.26581177,7.9294877
1026,-48.265236,-0.26581177,7.929493
1027,-48.265236,-0.26581177,7.929493
1028,-48.265236,-0.26581177,7.929493
1029,-48.265236,-0.2658122,7.929493
1030,-48.265236,-0.26581272,7.929493
1031,-48.265236,-0.26581326,7.929493
1032,-48.265236,-0.2658138,7.929493
1033,-48.265236,-0.26581392,7.929493
1034,-48.265236,-0.26581392,7.929493
1035,-48.265236,-0.26581392,7.929493
1036,-48.265236,-0.26581392,7.929496
1037,-48.265236,-0.26581392,7.9295044
1038,-48.265236,-0.26581392,7.929513
1039,-48.265236,-0.26581392,7.9295216
1040,-48.265236,-0.26581392,7.9295287
1041,-48.265236,-0.26581392,7.9295325
1042,-48.265236,-0.26581392,7.929536
1043,-48.265236,-0.26581392,7.9295382
1044,-48.265236,-0.26581392,7.9295406
1045,-48.265236,-0.26581392,7.929541
1046,-48.265236,-0.26581392,7.929541
1047,-48.265236,-0.26581392,7.9295416
1048,-48.624763,0.0025222013,9.065327
1049,-48.621525,0.0019287339,9.1117735
1050,-48.61862,0.0012700617,9.154786
1051,-48.615814,0.00060160144,9.196383
1052,-48.61293,-2.9954059e-05,9.237749
1053,-48.61006,-0.00061899447,9.278494
1054,-48.60729,-0.0011597635,9.318209
1055,-48.604973,-0.0016584746,9.351784
1056,-48.603306,-0.0021286698,9.376401
1057,-48.60214,-0.0025779237,9.394002
1058,-48.601364,-0.0030148698,9.4059105
1059,-48.601044,-0.0033429214,9.4109125
1060,-48.601254,-0.0034738055,9.407409
1061,-48.60203,-0.0034066008,9.394903
1062,-48.6035,-0.0031087135,9.371616
1063,-48.60533,-0.0026528363,9.343298
1064,-48.607,-0.0021578062,9.318895
1065,-48.60838,-0.0016340397,9.3001175
1066,-48.609375,-0.0010935778,9.288241
1067,-48.60998,-0.00058136764,9.282418
1068,-48.610226,-0.00014032563,9.281288
1069,-48.610104,0.00022232578,9.28495
1070,-48.609623,0.00050271687,9.293625
1071,-48.609074,0.0007170923,9.303323
1072,-48.608723,0.00088533876,9.31039
1073,-48.60855,0.0010109589,9.314917
1074,-48.60855,0.0010962797,9.316938
1075,-48.608704,0.0011634113,9.316312
1076,-48.608986,0.0012338415,9.312852
1077,-48.609406,0.0013081279,9.306447
1078,-48.60997,0.0013868365,9.296895
1079,-48.610588,0.0014850991,9.286263
1080,-48.611206,0.0016189539,9.276892
1081,-48.611794,0.0017899736,9.268931
1082,-48.612343,0.0019992683,9.262512
1083,-48.61279,0.002184226,9.258823
1084,-48.61306,0.0022797624,9.259016
1085,-48.61314,0.002285172,9.263039
1086,-48.613052,0.0022029052,9.270697
1087,-48.61293,0.0021074428,9.279338
1088,-48.61289,0.0020678123,9.286604
1089,-48.612926,0.0020811132,9.292638
1090,-48.61304,0.0021451628,9.297582
1091,-48.61318,0.002219692,9.302252
1092,-48.613266,0.0022661379,9.307319
1093,-48.613335,0.002285454,9.312708
1094,-48.613342,0.0022786947,9.318354
1095,-48.61323,0.0022489217,9.325958
1096,-48.6129,0.002199614,9.337029
1097,-48.612366,0.002132951,9.351135
1098,-48.61167,0.0020516366,9.36775
1099,-48.61108,0.0020134768,9.382382
1100,-48.610798,0.0020661477,9.391593
1101,-48.610786,0.0022026284,9.396064
1102,-48.61104,0.0024220566,9.396116
1103,-48.611465,0.0026835138,9.393418
1104,-48.611973,0.0029447156,9.389508
1105,-48.612564,0.003207204,9.384248
1106,-48.61326,0.0034726104,9.377482
1107,-48.61396,0.0037398215,9.371261
1108,-48.614548,0.004004024,9.367925
1109,-48.615013,0.004261406,9.367675
1110,-48.615353,0.0045082956,9.370612
1111,-48.61559,0.0047325296,9.375698
1112,-48.61575,0.0049244165,9.381813
1113,-48.615833,0.0050845705,9.388857
1114,-48.61585,0.005214105,9.396723
1115,-48.6158,0.005313467,9.405647
1116,-48.61569,0.0053834603,9.415833
1117,-48.615532,0.005426507,9.427115
1118,-48.615326,0.0054455586,9.439309
1119,-48.61515,0.0054533076,9.451032
1120,-48.615047,0.00546033,9.461157
1121,-48.61501,0.005466751,9.469841
1122,-48.615017,0.005472682,9.477218
1123,-48.615086,0.0054942295,9.483806
1124,-48.615154,0.0055444497,9.490118
1125,-48.615223,0.005619037,9.49624
1126,-48.61529,0.0057138223,9.502256
1127,-48.61541,0.0058245515,9.506831
1128,-48.6156,0.0059512234,9.508608
1129,-48.615875,0.0060981046,9.507535
1130,-48.616245,0.00627252,9.503375
1131,-48.61661,0.0064446917,9.499534
1132,-48.616833,0.0065695117,9.499954
1133,-48.61691,0.0066403337,9.504767
1134,-48.61685,0.006659586,9.513695
1135,-48.616714,0.006656516,9.524794
1136,-48.616608,0.006654234,9.536415
1137,-48.61654,0.0066526975,9.54842
1138,-48.61647,0.006651835,9.560682
1139,-48.61646,0.0066521377,9.572748
1140,-48.61646,0.006652138,9.584571
1141,-48.61646,0.006652138,9.596488
1142,-48.61646,0.006652138,9.608496
1143,-48.61646,0.006652138,9.620067
1144,-48.61646,0.006652138,9.630688
1145,-48.61646,0.006652138,9.640378
1146,-48.61646,0.006652138,9.649145
1147,-48.61646,0.006652138,9.657036
1148,-48.61646,0.006652138,9.66409
1149,-48.61646,0.006652138,9.670317
1150,-48.61646,0.006652138,9.675727
1151,-48.61646,0.006652138,9.681052
1152,-48.61646,0.006652138,9.687012
1153,-48.61646,0.006652138,9.6936035
1154,-48.20408,-0.16859831,7.4046674
1155,-48.204155,-0.1674805,7.4416623
1156,-48.204483,-0.16654639,7.477459
1157,-48.204956,-0.16606517,7.5112023
1158,-48.20555,-0.16596943,7.5427737
1159,-48.20623,-0.16619413,7.5712028
1160,-48.206703,-0.16655982,7.5959315
1161,-48.206783,-0.16692133,7.6175523
1162,-48.20655,-0.16728069,7.6374335
1163,-49.429623,1.5930114,8.934997
1164,-49.430656,1.5994242,9.012526
1165,-49.43153,1.6048744,9.077374
1166,-49.43231,1.609581,9.132836
1167,-49.43305,1.6136997,9.181164
1168,-49.433735,1.6173142,9.223407
1169,-49.434372,1.6204948,9.260438
1170,-49.43492,1.6233895,9.293726
1171,-49.43534,1.6261036,9.324332
1172,-49.43565,1.6286361,9.352402
1173,-49.435875,1.6309873,9.378063
1174,-49.43608,1.6331234,9.401183
1175,-49.436287,1.6350267,9.421741
1176,-49.436493,1.6367202,9.44
1177,-49.4367,1.638225,9.456201
1178,-49.436905,1.639528,9.470201
1179,-49.437057,1.6406306,9.4820175
1180,-49.437195,1.6415675,9.492038
1181,-49.437332,1.6423669,9.50057
1182,-49.437428,1.6430606,9.507951
1183,-49.437496,1.643673,9.51444
1184,-49.437565,1.6442153,9.520158
1185,-49.437634,1.6446964,9.5252075
1186,-49.437702,1.6451253,9.529681
1187,-49.437737,1.6455091,9.533656
1188,-49.437737,1.6458539,9.537194
1189,-49.437737,1.6461641,9.540353
1190,-49.437737,1.6464462,9.543207
1191,-49.437737,1.6467053,9.545819
1192,-49.437737,1.646943,9.548207
1193,-49.437737,1.6471611,9.550392
1194,-49.437737,1.6473514,9.552308
1195,-49.437737,1.6475079,9.553914
1196,-49.437737,1.647636,9.555255
1197,-49.437775,1.64774,9.556374
1198,-49.43781,1.6478353,9.557403
1199,-49.43781,1.6479341,9.55845
1200,-49.43781,1.6480349,9.559497
1201,-49.527946,0.75050205,8.8661
1202,-49.526398,0.7537279,8.945719
1203,-49.50619,0.9745403,11.82312
1204,-49.50529,0.97780496,11.894962
1205,-49.504566,0.98056346,11.956913
1206,-49.50392,0.9830796,12.014591
1207,-49.503357,0.9853608,12.067797
1208,-49.50288,0.98741573,12.116403
1209,-49.50247,0.98924094,12.160059
1210,-49.5021,0.9908419,12.198778
1211,-49.501766,0.99224156,12.232948
1212,-49.50149,0.9934604,12.262933
1213,-49.50124,0.994485,12.287382
1214,-49.501034,0.9953199,12.305674
1215,-49.500828,0.99600166,12.319107
1216,-49.50064,0.99655867,12.3287325
1217,-49.500504,0.9970372,12.337176
1218,-49.50037,0.997465,12.346216
1219,-49.5003,0.9978445,12.355481
1220,-49.500233,0.9981789,12.364663
1221,-49.500164,0.99847215,12.373097
1222,-49.500095,0.998728,12.380349
1223,-49.500027,0.99894774,12.386541
1224,-49.499958,0.9991346,12.39179
1225,-49.49989,0.9992885,12.396434
1226,-49.49987,0.9994103,12.400768
1227,-49.49987,0.9995071,12.404794
1228,-49.49987,0.99958473,12.40853
1229,-49.49987,0.99964917,12.411516
1230,-49.49987,0.9997042,12.413473
1231,-49.49987,0.9997512,12.414642
1232,-49.49987,0.9997911,12.415224
1233,-49.49987,0.99982554,12.415677
1234,-49.49987,0.9998556,12.416294
1235,-49.49987,0.9998815,12.417001
1236,-49.49987,0.9999036,12.417739
1237,-49.49987,0.9999218,12.4184
1238,-49.49987,0.99993646,12.418919
1239,-49.49987,0.9999482,12.419329
1240,-49.49987,0.9999577,12.419653
1241,-49.49987,0.99996537,12.41991
1242,-49.49987,0.9999715,12.420116
1243,-49.49987,0.9999766,12.420282
1244,-49.49987,0.99998075,12.420414
1245,-49.49987,0.99998397,12.420524
1246,-49.49987,0.99998677,12.420616
1247,-49.49987,0.9999889,12.420697
1248,-49.49987,0.99999106,12.420766
1249,-49.49987,0.9999924,12.420819
1250,-49.49987,0.99999344,12.420871
1251,-49.49987,0.9999945,12.420917
1252,-49.49987,0.9999956,12.420951
1253,-49.49987,0.99999666,12.420985
1254,-49.49987,0.9999974,12.421003
1255,-49.49987,0.99999744,12.4210205
1256,-49.49987,0.9999975,12.421038
1257,-49.49987,0.99999756,12.421055
1258,-49.49987,0.99999756,12.421072
1259,-49.49987,0.9999976,12.421089
1260,-49.49987,0.9999977,12.421106
1261,-49.49987,0.9999977,12.4211235
1262,-49.49987,0.9999977,12.421141
1263,-49.49987,0.9999977,12.421158
1264,-49.49987,0.9999977,12.421175
1265,-49.49987,0.9999977,12.421192
1266,-49.49987,0.9999977,12.421209
1267,-49.49987,0.9999977,12.4212265
1268,-49.49987,0.9999977,12.421244
1269,-49.49987,0.9999977,12.421261
1270,-49.49987,0.9999977,12.421278
1271,-49.49987,0.9999977,12.421295
1272,-49.49987,0.9999977,12.421312
1273,-49.49987,0.9999977,12.4213295
1274,-49.49987,0.9999977,12.421347
1275,-49.49987,0.9999977,12.421354
1276,-49.49987,0.9999977,12.421354
1277,-49.49987,0.9999977,12.421354
1278,-49.49987,0.9999977,12.421354
1279,-49.49987,0.9999977,12.421354
1280,-49.49987,0.9999977,12.421354
1281,-49.49987,0.9999977,12.421358
1282,-49.49987,0.9999977,12.421375
1283,-49.49987,0.9999977,12.421392
1284,-48.42139,-0.18395825,9.54424
1285,-48.42139,-0.18395825,9.54424
1286,-48.42139,-0.18395825,9.54424
1287,-48.42139,-0.18395825,9.54424
1288,-48.42139,-0.18395825,9.54424
1289,-48.42139,-0.18395825,9.54424
1290,-48.42139,-0.18395825,9.54424
1291,-48.42139,-0.18395825,9.54424
1292,-48.42139,-0.18395825,9.54424
1293,-48.42139,-0.18395825,9.54424
1294,-48.42139,-0.18395825,9.54424
1295,-48.42139,-0.18395825,9.54424
1296,-48.42139,-0.18395825,9.54424
1297,-48.42139,-0.18395825,9.54424
1298,-48.42139,-0.18395825,9.54424
1299,-48.42139,-0.18395825,9.54424
1300,-48.42139,-0.18395825,9.54424
1301,-48.42139,-0.18395825,9.54424
1302,-48.42139,-0.18395825,9.54424
1303,-48.42139,-0.18395825,9.54424
1304,-48.42139,-0.18395825,9.54424
1305,-48.42139,-0.18395825,9.54424
1306,-48.42139,-0.18395825,9.54424
1307,-48.42139,-0.18395825,9.54424
1308,-48.42139,-0.18395825,9.54424
1309,-48.42139,-0.18395825,9.54424
1310,-48.42139,-0.18395825,9.54424
1311,-48.42139,-0.18395825,9.54424
1312,-48.42139,-0.18395825,9.54424
1313,-48.42139,-0.18395825,9.54424
1314,-48.42139,-0.18395825,9.54424
1315,-48.42139,-0.18395825,9.54424
1316,-48.42139,-0.18395825,9.54424
1317,-48.42139,-0.18395825,9.54424
1318,-48.42139,-0.18395825,9.54424
1319,-48.42139,-0.18395825,9.54424
1320,-48.42139,-0.18395825,9.54424
1321,-48.42139,-0.18395825,9.54424
1322,-48.42139,-0.18395825,9.54424
1323,-48.42139,-0.18395825,9.54424
1324,-48.42139,-0.18395825,9.54424
1325,-48.42139,-0.18395825,9.54424
1326,-48.42139,-0.18395825,9.54424
1327,-48.42139,-0.18395825,9.54424
1328,-48.42139,-0.18395825,9.54424
1329,-48.42139,-0.18395825,9.54424
1330,-48.42139,-0.18395825,9.54424
1331,-48.42139,-0.18395825,9.54424
1332,-48.42139,-0.18395825,9.54424
1333,-48.42139,-0.18395825,9.54424
1334,-48.42139,-0.18395825,9.54424
1335,-48.42139,-0.18395825,9.54424
1336,-48.42139,-0.18395825,9.54424
1337,-48.42139,-0.18395825,9.54424
1338,-48.42139,-0.18395825,9.54424
1339,-48.42139,-0.18395825,9.54424
1340,-48.42139,-0.18395825,9.54424
1341,-48.42139,-0.18395825,9.54424
1342,-48.42139,-0.18395825,9.54424
1343,-48.42139,-0.18395825,9.54424
1344,-48.42139,-0.18395825,9.54424
1345,-48.42139,-0.18395825,9.54424
1346,-48.42139,-0.18395825,9.54424
1347,-48.42139,-0.18395825,9.54424
1348,-48.42139,-0.18395825,9.54424
1349,-48.42139,-0.18395825,9.54424
1350,-48.42139,-0.18395825,9.54424
1351,-48.42139,-0.18395825,9.54424
1352,-48.42139,-0.18395825,9.54424
1353,-48.42139,-0.18395825,9.54424
1354,-48.42139,-0.18395825,9.54424
1355,-48.42139,-0.18395825,9.54424
1356,-48.42139,-0.18395825,9.54424
1357,-48.42139,-0.18395825,9.54424
1358,-48.42139,-0.18395825,9.54424
1359,-48.42139,-0.18395825,9.54424
1360,-48.42139,-0.18395825,9.54424
1361,-48.42139,-0.18395825,9.54424
1362,-48.42139,-0.18395825,9.54424
1363,-48.42139,-0.18395825,9.54424
1364,-48.42139,-0.18395825,9.54424
1365,-48.42139,-0.18395825,9.54424
1366,-48.42139,-0.18395825,9.54424
1367,-48.42139,-0.18395825,9.54424
1368,-48.42139,-0.18395825,9.54424
1369,-48.42139,-0.18395825,9.54424
1370,-48.42139,-0.18395825,9.54424
1371,-48.42139,-0.18395825,9.54424
1372,-48.42139,-0.18395825,9.54424
1373,-48.42139,-0.18395825,9.54424
1374,-48.42139,-0.18395825,9.54424
1375,-48.42139,-0.18395825,9.54424
1376,-48.42139,-0.18395825,9.54424
1377,-48.42139,-0.18395825,9.54424
1378,-48.42139,-0.18395825,9.54424
1379,-48.42139,-0.18395825,9.54424
1380,-48.42139,-0.18395825,9.54424
1381,-48.42139,-0.18395825,9.54424
1382,-48.42139,-0.18395825,9.54424
1383,-48.42139,-0.18395825,9.54424
1384,-48.42139,-0.18395825,9.54424
1385,-48.42139,-0.18395825,9.54424
1386,-48.42139,-0.18395825,9.54424
1387,-48.42139,-0.18395825,9.54424
1388,-48.42139,-0.18395825,9.54424
1389,-48.42139,-0.18395825,9.54424
1390,-48.42139,-0.18395825,9.54424
1391,-48.42139,-0.18395825,9.54424
1392,-48.42139,-0.18395825,9.54424
1393,-48.42139,-0.18395825,9.54424
1394,-48.42139,-0.18395825,9.54424
1395,-48.42139,-0.18395825,9.54424
1396,-48.42139,-0.18395825,9.54424
1397,-48.42139,-0.18395825,9.54424
1398,-48.42139,-0.18395825,9.54424
1399,-48.42139,-0.18395825,9.54424
1400,-48.42139,-0.18395825,9.54424
1401,-48.42139,-0.18395825,9.54424
1402,-48.42139,-0.18395825,9.54424
1403,-48.42139,-0.18395825,9.54424
1404,-48.21902,-0.32797182,9.3541765
1405,-48.222046,-0.32730424,9.37947
1406,-48.22448,-0.3266601,9.40076
1407,-48.22644,-0.32603404,9.419014
1408,-48.22815,-0.32528424,9.437239
1409,-48.229763,-0.3243073,9.457431
1410,-48.23128,-0.32315204,9.478908
1411,-48.232693,-0.32186234,9.501105
1412,-48.233887,-0.32063404,9.521223
1413,-48.234802,-0.31960398,9.537496
1414,-48.23549,-0.3187343,9.55075
1415,-48.235973,-0.31799743,9.561562
1416,-48.236412,-0.31736907,9.570787
1417,-48.23691,-0.3168389,9.579004
1418,-48.23746,-0.31640404,9.586303
1419,-48.23807,-0.31605753,9.592737
1420,-48.238598,-0.31573036,9.598394
1421,-48.238956,-0.31535834,9.603416
1422,-48.239166,-0.31494105,9.607906
1423,-48.23924,-0.3144764,9.611943
1424,-48.23927,-0.31397578,9.615662
1425,-48.23935,-0.3134555,9.619136
1426,-48.239487,-0.3129191,9.622357
1427,-48.239677,-0.31237012,9.62532
1428,-48.239937,-0.31184888,9.62819
1429,-48.240307,-0.3113934,9.631112
1430,-48.240765,-0.3110034,9.6340475
1431,-48.2413,-0.3106767,9.636954
1432,-48.241848,-0.3103697,9.640112
1433,-48.242397,-0.3100451,9.643748
1434,-48.242947,-0.30970865,9.647755
1435,-48.243496,-0.30936623,9.652028
1436,-48.243958,-0.30903676,9.656264
1437,-48.244324,-0.30873156,9.6602745
1438,-48.244606,-0.30844533,9.664114
1439,-48.24481,-0.3081737,9.667832
1440,-48.24494,-0.3079092,9.671461
1441,-48.245007,-0.307645,9.67503
1442,-48.245007,-0.3073777,9.678583
1443,-48.244938,-0.30710396,9.682172
1444,-48.24487,-0.30683228,9.6858
1445,-48.244858,-0.30657423,9.68943
1446,-48.244896,-0.30633247,9.693026
1447,-48.24498,-0.306109,9.69655
1448,-48.245064,-0.3058933,9.699777
1449,-48.24512,-0.30567294,9.702526
1450,-48.24512,-0.3054461,9.70484
1451,-48.24509,-0.30521142,9.7067375
1452,-48.24502,-0.30497712,9.708492
1453,-48.244953,-0.3047535,9.710363
1454,-48.24483,-0.30453995,9.712359
1455,-48.244694,-0.30433497,9.714505
1456,-48.244556,-0.3041329,9.716342
1457,-48.244476,-0.3039286,9.717393
1458,-48.244423,-0.30372375,9.717628
1459,-48.244423,-0.30352008,9.717038
1460,-48.24448,-0.30333757,9.7163515
1461,-48.244617,-0.30319625,9.71628
1462,-48.244823,-0.30309597,9.716792
1463,-48.2451,-0.30303472,9.717835
1464,-48.245422,-0.30300686,9.719135
1465,-48.245766,-0.30300564,9.72044
1466,-48.246117,-0.30302733,9.721737
1467,-48.24653,-0.3030676,9.722995
1468,-48.246876,-0.30311006,9.72424
1469,-48.24716,-0.3031429,9.725511
1470,-48.24741,-0.3031678,9.726799
1471,-48.26534,-0.30099654,7.650433
1472,-48.26508,-0.30139232,7.640141
1473,-48.264732,-0.30197194,7.6280932
1474,-48.264297,-0.30275327,7.614101
1475,-48.26378,-0.30375794,7.5979347
1476,-48.263042,-0.30498675,7.577909
1477,-48.261944,-0.3064479,7.551908
1478,-48.260426,-0.30818456,7.5188007
1479,-48.25841,-0.31025076,7.4770875
1480,-48.256054,-0.31261054,7.4270334
1481,-48.239494,-0.34200427,7.922752
1482,-48.241955,-0.3415672,8.063035
1483,-48.24367,-0.34120727,8.158763
1484,-48.244865,-0.34089166,8.222676
1485,-48.24568,-0.34060034,8.262423
1486,-48.246223,-0.34029794,8.288254
1487,-48.24655,-0.3399573,8.3079195
1488,-48.246696,-0.33957702,8.322545
1489,-48.24668,-0.3391556,8.332862
1490,-48.246613,-0.33869705,8.341922
1491,-48.246544,-0.33821294,8.352239
1492,-48.246475,-0.33771336,8.363523
1493,-48.246426,-0.33720836,8.375479
1494,-48.246433,-0.33676213,8.386994
1495,-48.246502,-0.33642122,8.397394
1496,-48.24664,-0.33617252,8.406884
1497,-48.24683,-0.33600506,8.415562
1498,-48.247063,-0.33588862,8.424325
1499,-48.247337,-0.33579817,8.433897
1500,-48.247673,-0.3357322,8.444078
1501,-48.248016,-0.33568949,8.454688
1502,-48.24836,-0.33566034,8.4651165
1503,-48.24867,-0.33563688,8.474839
1504,-48.248943,-0.3356194,8.484011
1505,-48.249207,-0.33560872,8.492692
1506,-48.249413,-0.33560437,8.500774
1507,-48.249607,-0.33560535,8.5081
1508,-48.249744,-0.33561072,8.514761
1509,-48.24988,-0.3356198,8.520821
1510,-48.249958,-0.33563182,8.526094
1511,-48.250027,-0.3356456,8.530462
1512,-48.250095,-0.33566028,8.534047
1513,-48.250164,-0.3356756,8.536871
1514,-48.250233,-0.3356698,8.539975
1515,-48.2503,-0.33562168,8.544344
1516,-48.25037,-0.33553398,8.549833
1517,-48.25044,-0.3354114,8.556248
1518,-48.25049,-0.33528718,8.562069
1519,-48.25049,-0.3351879,8.566113
1520,-48.25049,-0.33511037,8.568592
1521,-48.250458,-0.33505222,8.569653
1522,-48.250423,-0.33500758,8.570256
1523,-48.250423,-0.3349714,8.571273
1524,-48.250423,-0.33494318,8.57269
1525,-48.250423,-0.33492258,8.574497
1526,-48.250423,-0.3349002,8.576316
1527,-48.250423,-0.33486715,8.577768
1528,-48.250423,-0.334824,8.578858
1529,-48.250423,-0.3347719,8.579598
1530,-48.250423,-0.33471417,8.580244
1531,-48.250423,-0.33465388,8.581028
1532,-48.250423,-0.33459163,8.581936
1533,-48.250423,-0.3345279,8.582951
1534,-48.250423,-0.33447087,8.583957
1535,-48.250423,-0.33442697,8.584865
1536,-48.250423,-0.33439493,8.585689
1537,-48.250423,-0.33437386,8.586441
1538,-48.250423,-0.3343528,8.587277
1539,-48.250423,-0.33432195,8.588336
1540,-48.250423,-0.33428195,8.58959
1541,-48.250423,-0.33423415,8.591013
1542,-48.250423,-0.33418453,8.592329
1543,-48.250423,-0.3341379,8.593316
1544,-48.250423,-0.33409405,8.5940075
1545,-48.250423,-0.33405286,8.594432
1546,-48.250423,-0.3340128,8.594684
1547,-48.250423,-0.33397305,8.594847
1548,-48.250423,-0.3339334,8.594929
1549,-48.250423,-0.3338944,8.594939
1550,-48.250423,-0.33385834,8.595024
1551,-48.250423,-0.33382705,8.5953045
1552,-48.250423,-0.3337999,8.595758
1553,-48.250423,-0.33377647,8.596368
1554,-48.250423,-0.3337545,8.5969095
1555,-48.250423,-0.33373252,8.597179
1556,-48.250423,-0.33371052,8.597205
1557,-48.250423,-0.33368853,8.597011
1558,-48.250423,-0.33366764,8.596698
1559,-48.250423,-0.33364865,8.596351
1560,-48.250423,-0.3336314,8.595975
1561,-48.250423,-0.3336157,8.595572
1562,-48.250423,-0.33360103,8.595228
1563,-48.250423,-0.333587,8.595016
1564,-48.250423,-0.33357364,8.594919
1565,-48.250423,-0.33356088,8.594932
1566,-48.250423,-0.33355045,8.595015
1567,-48.250423,-0.3335438,8.595137
1568,-48.250423,-0.33354062,8.5953
1569,-48.250423,-0.3335407,8.595505
1570,-48.250423,-0.33354357,8.595837
1571,-48.250423,-0.3335487,8.596385
1572,-48.250423,-0.33355623,8.597165
1573,-48.250423,-0.33356646,8.598201
1574,-48.250423,-0.33357736,8.599329
1575,-48.250423,-0.33358657,8.600357
1576,-48.250423,-0.33359382,8.601266
1577,-48.2111,-0.33772403,10.11897
1578,-48.213795,-0.33708528,10.134903
1579,-48.216038,-0.3364505,10.14947
1580,-48.2179,-0.33581662,10.162838
1581,-48.219555,-0.33503553,10.177393
1582,-48.22116,-0.33399642,10.194871
1583,-48.222702,-0.33275488,10.214464
1584,-48.224163,-0.33136374,10.2357
1585,-48.225418,-0.330031,10.255696
1586,-48.2264,-0.32890612,10.272353
1587,-48.22714,-0.32795295,10.286241
1588,-48.22768,-0.32714474,10.297776
1589,-48.228157,-0.32645744,10.307742
1590,-48.228706,-0.32587656,10.316735
1591,-48.229324,-0.32539564,10.324808
1592,-48.23,-0.32500798,10.332009
1593,-48.2306,-0.32463673,10.338426
1594,-48.23101,-0.32421046,10.344177
1595,-48.231255,-0.32372966,10.349352
1596,-48.23134,-0.32319328,10.3540125
1597,-48.231377,-0.32261613,10.358298
1598,-48.231476,-0.32201642,10.362301
1599,-48.231632,-0.3213972,10.36602
1600,-48.23184,-0.3207615,10.369451
1601,-48.232147,-0.32015437,10.372794
1602,-48.232582,-0.31961924,10.376226
1603,-48.233124,-0.31915513,10.379717
1604,-48.233772,-0.31876,10.383236
1605,-48.23446,-0.31838146,10.387131
1606,-48.235146,-0.3179728,10.391709
1607,-48.235832,-0.31753954,10.396868
1608,-48.23652,-0.31708714,10.4025135
1609,-48.23715,-0.3166411,10.408252
1610,-48.237656,-0.3162196,10.413791
1611,-48.23804,-0.31581804,10.419177
1612,-48.238335,-0.31543237,10.424457
1613,-48.238518,-0.31505403,10.429646
1614,-48.238613,-0.3146751,10.434764
1615,-48.238613,-0.31429264,10.43985
1616,-48.238518,-0.3139039,10.444948
1617,-48.23842,-0.3135211,10.450059
1618,-48.238396,-0.31316042,10.455133
1619,-48.238445,-0.31282374,10.460142
1620,-48.238567,-0.3125123,10.465055
1621,-48.238697,-0.31221074,10.469567
1622,-48.238766,-0.31190208,10.47342
1623,-48.238773,-0.31158492,10.476654
1624,-48.238728,-0.31125796,10.479297
1625,-48.23866,-0.3109343,10.481721
1626,-48.23852,-0.31062773,10.484287
1627,-48.238384,-0.3103373,10.487
1628,-48.23819,-0.3100627,10.489872
1629,-48.238018,-0.30979517,10.492307
1630,-48.2379,-0.30952758,10.493683
1631,-48.237835,-0.30926105,10.493987
1632,-48.237835,-0.30899647,10.493219
1633,-48.23792,-0.30875906,10.492323
1634,-48.238094,-0.308574,10.492229
1635,-48.238373,-0.30844095,10.49291
1636,-48.23874,-0.30835843,10.494321
1637,-48.239178,-0.3083198,10.496114
1638,-48.239666,-0.30831826,10.4979725
1639,-48.240215,-0.30835018,10.499871
1640,-48.240795,-0.30841184,10.501794
1641,-48.241356,-0.30847976,10.503786
1642,-48.24184,-0.30853444,10.505903
1643,-48.24226,-0.30857748,10.508135
1644,-48.736504,0.055836104,9.012338
1645,-48.73511,0.05621819,9.034595
1646,-48.733433,0.05650323,9.060683
1647,-48.731426,0.056656443,9.090251
1648,-48.729153,0.056694098,9.122533
1649,-48.726677,0.05663455,9.156738
1650,-48.724205,0.056507077,9.190537
1651,-48.72189,0.056335576,9.222171
1652,-48.719738,0.05612993,9.251707
1653,-48.71773,0.055898584,9.279226
1654,-48.715885,0.055646744,9.304081
1655,-48.71421,0.05537609,9.325883
1656,-48.71268,0.055088688,9.345049
1657,-48.711277,0.054786406,9.361929
1658,-48.7099,0.05448048,9.377801
1659,-48.708458,0.054183006,9.393613
1660,-48.707016,0.053896748,9.409189
1661,-48.705574,0.053624,9.424372
1662,-48.70428,0.053355128,9.437044
1663,-48.70328,0.05307683,9.445769
1664,-48.70251,0.052784976,9.451187
1665,-48.701946,0.05247445,9.453679
1666,-48.701645,0.05221817,9.4538
1667,-48.701683,0.052091174,9.451941
1668,-48.702072,0.052095585,9.447997
1669,-48.70284,0.052240465,9.44177
1670,-48.70371,0.052474324,9.435873
1671,-48.70435,0.052732665,9.433375
1672,-48.704727,0.053009514,9.434473
1673,-48.70484,0.05329739,9.439083
1674,-48.704765,0.053559348,9.445524
1675,-48.704586,0.05376636,9.452249
1676,-48.7043,0.05392247,9.45918
1677,-48.70393,0.05403214,9.466239
1678,-48.703568,0.05410709,9.472688
1679,-48.703304,0.05415814,9.477962
1680,-48.703117,0.054188006,9.4822035
1681,-48.703,0.054198712,9.485529
1682,-48.70293,0.054202575,9.48807
1683,-48.70293,0.054210696,9.489932
1684,-48.702965,0.05422294,9.491151
1685,-48.703033,0.054239273,9.491764
1686,-48.703102,0.05426063,9.492193
1687,-48.70317,0.05428783,9.492848
1688,-48.70324,0.054320686,9.493725
1689,-48.70331,0.05435897,9.494816
1690,-48.70332,0.054390036,9.496263
1691,-48.703312,0.05440179,9.498194
1692,-48.703243,0.054395102,9.500572
1693,-48.703167,0.05437118,9.50335
1694,-48.703083,0.054347813,9.5063305
1695,-48.703014,0.05434089,9.50934
1696,-48.702946,0.054348998,9.512362
1697,-48.702877,0.054370694,9.515383
1698,-48.70281,0.054394774,9.518204
1699,-48.70274,0.054411512,9.520663
1700,-48.70267,0.05442159,9.5228
1701,-48.702602,0.054425552,9.524644
1702,-48.702534,0.05442596,9.526565
1703,-48.70245,0.05442512,9.5288725
1704,-48.702312,0.05442316,9.531503
1705,-48.702175,0.05442025,9.534382
1706,-48.702038,0.054423824,9.537076
1707,-48.70196,0.054440033,9.539253
1708,-48.70192,0.054467473,9.54099
1709,-48.70192,0.054505207,9.542341
1710,-48.70192,0.054547526,9.543397
1711,-48.701973,0.05458934,9.544229
1712,-48.70204,0.054630913,9.544853
1713,-48.70211,0.054672517,9.545284
1714,-48.70218,0.05471369,9.545743
1715,-48.702206,0.054753557,9.546435
1716,-48.702206,0.054791804,9.547343
1717,-48.702206,0.05482818,9.548443
1718,-48.702206,0.05486051,9.5496025
1719,-48.702206,0.05488714,9.55071
1720,-48.702206,0.05490852,9.551768
1721,-48.702206,0.05492509,9.552779
1722,-48.702206,0.054938067,9.553775
1723,-48.702206,0.054948527,9.55477
1724,-48.702152,0.054956645,9.555755
1725,-48.702084,0.05496263,9.556733
1726,-48.702038,0.054967683,9.557642
1727,-48.702038,0.054972854,9.558435
1728,-48.702038,0.054978132,9.559128
1729,-48.702038,0.05498353,9.55973
1730,-48.702038,0.0549911,9.560296
1731,-48.702038,0.05500267,9.560845
1732,-48.702038,0.05501785,9.561395
1733,-48.702038,0.055036265,9.561944
1734,-48.702038,0.055056997,9.5624075
1735,-48.702038,0.055079453,9.562727
1736,-48.702038,0.055103775,9.562913
1737,-48.702076,0.055130187,9.562975
1738,-48.702103,0.05515476,9.563044
1739,-48.702103,0.055173267,9.563249
1740,-48.702103,0.055185705,9.563581
1741,-48.702103,0.05519228,9.564029
1742,-48.702103,0.055195805,9.564536
1743,-48.702103,0.055198852,9.565059
1744,-48.702103,0.055201445,9.565591
1745,-48.702103,0.055203624,9.566123
1746,-48.702103,0.055206124,9.566644
1747,-48.702103,0.055209544,9.567135
1748,-48.702103,0.05521372,9.567601
1749,-48.702103,0.055218503,9.56804
1750,-48.702103,0.055223487,9.568433
1751,-48.702103,0.055228353,9.5687685
1752,-48.702103,0.055233132,9.569056
1753,-48.702103,0.05523783,9.5693
1754,-48.702103,0.05524227,9.5695095
1755,-48.702103,0.055246305,9.56969
1756,-48.702103,0.055249978,9.569845
1757,-48.702103,0.05525333,9.569977
1758,-48.702103,0.05525655,9.570097
1759,-48.702103,0.055259768,9.570233
1760,-48.702103,0.055262968,9.570371
1761,-49.781784,1.0285403,11.760047
1762,-49.781006,1.0330949,11.797353
1763,-49.779762,1.0374016,11.832429
1764,-49.778133,1.0414896,11.865551
1765,-49.776478,1.0452001,11.896204
1766,-49.77508,1.0484041,11.923956
1767,-49.773922,1.0511632,11.9491205
1768,-49.77296,1.0535343,11.972
1769,-49.77225,1.055568,11.9933
1770,-49.771828,1.0573052,12.013593
1771,-49.771656,1.0587814,12.032954
1772,-49.7717,1.0600272,12.05147
1773,-49.77184,1.0611819,12.069462
1774,-49.771996,1.062357,12.087117
1775,-49.7722,1.0635394,12.104329
1776,-49.772408,1.0647191,12.121014
1777,-49.772614,1.0658438,12.136632
1778,-49.77282,1.0668759,12.1508045
1779,-49.773026,1.0678248,12.163689
1780,-49.77323,1.0686997,12.175425
1781,-49.773415,1.0694808,12.185922
1782,-49.773552,1.0701553,12.195139
1783,-49.77369,1.0707363,12.203245
1784,-49.773827,1.071235,12.210379
1785,-49.773914,1.071711,12.216953
1786,-49.773983,1.0722134,12.223312
1787,-49.774006,1.072737,12.229437
1788,-49.774006,1.073277,12.235317
1789,-49.774006,1.0738106,12.240896
1790,-49.774006,1.0743189,12.2461405
1791,-49.774006,1.0748032,12.251065
1792,-49.774006,1.0752646,12.255695
1793,-49.773994,1.0756997,12.259844
1794,-49.773926,1.0761069,12.263365
1795,-49.77385,1.0764883,12.266315
1796,-49.773712,1.0768461,12.268754
1797,-49.773575,1.0771917,12.271129
1798,-49.773438,1.0775352,12.273822
1799,-49.773357,1.0778743,12.276778
1800,-49.77329,1.0782073,12.27995
1801,-49.77322,1.0785309,12.283086
1802,-49.77315,1.0788431,12.285978
1803,-49.773083,1.0791435,12.288641
1804,-49.773014,1.0794317,12.291086
1805,-49.772945,1.079702,12.293331
1806,-49.772877,1.0799508,12.295397
1807,-49.772808,1.0801798,12.297295
1808,-49.77274,1.0803908,12.299046
1809,-49.77267,1.0805857,12.300666
1810,-49.772602,1.080766,12.302174
1811,-49.772533,1.080933,12.303578
1812,-49.772465,1.0810875,12.304887
1813,-49.772396,1.0812302,12.306093
1814,-49.772327,1.0813613,12.307198
1815,-49.77226,1.0814818,12.3082075
1816,-49.77219,1.0815929,12.309133
1817,-49.772133,1.081697,12.309983
1818,-49.772133,1.0817962,12.310769
1819,-49.772133,1.0818906,12.311495
1820,-49.772133,1.0819803,12.312162
1821,-49.772133,1.0820676,12.312798
1822,-49.772133,1.0821534,12.3134165
1823,-49.77207,1.0822375,12.314019
1824,-49.772003,1.0823195,12.314602
1825,-49.771965,1.0823975,12.315168
1826,-49.771965,1.0824703,12.315727
1827,-49.771965,1.0825382,12.316275
1828,-49.771965,1.0826013,12.316807
1829,-49.771965,1.0826594,12.317295
1830,-49.771965,1.082712,12.3177185
1831,-49.771965,1.0827597,12.318088
1832,-49.771965,1.0828031,12.318406
1833,-49.771965,1.0828424,12.318685
1834,-49.771965,1.0828776,12.318933
1835,-49.771965,1.0829093,12.319152
1836,-49.771965,1.0829381,12.319347
1837,-49.771965,1.0829638,12.319524
1838,-49.771965,1.0829868,12.31969
1839,-49.771965,1.0830076,12.319844
1840,-49.771965,1.0830263,12.319986
1841,-49.771965,1.0830435,12.320124
1842,-49.771965,1.0830606,12.320261
1843,-49.771965,1.0830778,12.320398
1844,-49.771965,1.083095,12.320536
1845,-49.771965,1.08311,12.3206625
1846,-49.771965,1.083122,12.32077
1847,-49.771965,1.0831316,12.320862
1848,-49.771965,1.0831388,12.320941
1849,-49.771965,1.0831453,12.32101
1850,-49.771965,1.0831536,12.321078
1851,-49.771965,1.0831622,12.321147
1852,-48.49871,-0.12596822,9.039653
1853,-48.498627,-0.12596533,9.037155
1854,-48.498375,-0.12599228,9.034755
1855,-48.49797,-0.12604937,9.032441
1856,-48.497406,-0.1261369,9.03019
1857,-48.49659,-0.1262726,9.028115
1858,-48.495445,-0.12647355,9.026325
1859,-48.49397,-0.12673864,9.024793
1860,-48.49217,-0.12706617,9.023483
1861,-48.490177,-0.12743051,9.022252
1862,-48.48817,-0.12780723,9.021058
1863,-48.48611,-0.12819576,9.020028
1864,-48.484043,-0.12859547,9.019285
1865,-48.48198,-0.12902462,9.018914
1866,-48.479977,-0.12950182,9.018958
1867,-48.478035,-0.1300263,9.019471
1868,-48.47616,-0.1305968,9.020495
1869,-48.47423,-0.13119172,9.022823
1870,-48.47215,-0.13178766,9.027339
1871,-48.469917,-0.13238023,9.034203
1872,-48.467567,-0.13296492,9.043542
1873,-48.46543,-0.1335283,9.054604
1874,-48.4638,-0.1340601,9.066418
1875,-48.462635,-0.13456094,9.0787735
1876,-48.46191,-0.13503197,9.091484
1877,-48.461678,-0.13537185,9.103749
1878,-48.461994,-0.13549063,9.114889
1879,-48.46283,-0.135401,9.124902
1880,-48.46418,-0.1351091,9.133778
1881,-48.465645,-0.13472426,9.141182
1882,-48.466827,-0.13435493,9.14694
1883,-48.467735,-0.13400118,9.151221
1884,-48.46837,-0.13366292,9.154153
1885,-48.46877,-0.13336003,9.156619
1886,-48.468975,-0.13311313,9.159452
1887,-48.46898,-0.13292283,9.162668
1888,-48.46879,-0.13278925,9.166278
1889,-48.46855,-0.13269605,9.170292
1890,-48.46843,-0.13262671,9.174695
1891,-48.468407,-0.13258106,9.179461
1892,-48.4685,-0.13255867,9.184552
1893,-48.468685,-0.13255054,9.190009
1894,-48.468987,-0.13254774,9.195854
1895,-48.469383,-0.13254987,9.202043
1896,-48.469887,-0.13255632,9.208535
1897,-48.470413,-0.13255672,9.214931
1898,-48.470894,-0.13254143,9.220885
1899,-48.471325,-0.13251089,9.226428
1900,-48.471737,-0.13246536,9.231587
1901,-48.472065,-0.13242854,9.236553
1902,-48.472313,-0.13242361,9.241506
1903,-48.47248,-0.13244994,9.246449
1904,-48.472572,-0.13250677,9.251393
1905,-48.47264,-0.13256371,9.256099
1906,-48.47271,-0.13259159,9.260341
1907,-48.47278,-0.13259132,9.26414
1908,-48.472847,-0.13256362,9.267516
1909,-48.472916,-0.13253646,9.270698
1910,-48.472954,-0.13253708,9.273897
1911,-48.472954,-0.13256487,9.277119
1912,-48.472954,-0.13261916,9.280359
1913,-48.472866,-0.13269679,9.283417
1914,-48.47267,-0.13279487,9.286107
1915,-48.472366,-0.13291308,9.288447
1916,-48.471954,-0.13305104,9.29045
1917,-48.47159,-0.13316195,9.292577
1918,-48.471428,-0.13320003,9.295272
1919,-48.471466,-0.13316673,9.29851
1920,-48.4717,-0.13306336,9.302254
1921,-48.472042,-0.13292825,9.305908
1922,-48.472385,-0.13279848,9.308929
1923,-48.472794,-0.13267353,9.311333
1924,-48.473206,-0.13255295,9.313137
1925,-48.473614,-0.13244061,9.314652
1926,-48.473957,-0.13234076,9.31618
1927,-48.474247,-0.13225345,9.317723
1928,-48.474487,-0.13217868,9.319283
1929,-48.474693,-0.13211872,9.320936
1930,-48.474846,-0.13207577,9.322758
1931,-48.474983,-0.13204962,9.324744
1932,-48.475063,-0.13204007,9.326894
1933,-48.47511,-0.13204718,9.329197
1934,-48.475094,-0.13207106,9.331646
1935,-48.47502,-0.1321114,9.33424
1936,-48.474884,-0.13216782,9.33698
1937,-48.474747,-0.13223204,9.33968
1938,-48.47466,-0.13229614,9.342154
1939,-48.474606,-0.13236025,9.344403
1940,-48.474606,-0.13242415,9.346429
1941,-48.47464,-0.13246644,9.34819
1942,-48.47471,-0.13246593,9.349658
1943,-48.474785,-0.13242325,9.350837
1944,-48.474922,-0.13233867,9.351729
1945,-48.475117,-0.13221395,9.352613
1946,-48.47543,-0.1320506,9.353752
1947,-48.47587,-0.13184889,9.355129
1948,-48.47642,-0.13160856,9.356726
1949,-48.47693,-0.1313921,9.358174
1950,-48.477226,-0.13126187,9.359154
1951,-48.477318,-0.13121772,9.359688
1952,-48.477203,-0.13125959,9.359795
1953,-48.476967,-0.13134536,9.359656
1954,-48.476692,-0.13143289,9.359456
1955,-48.476395,-0.13152215,9.359192
1956,-48.47605,-0.13161303,9.358864
1957,-48.475708,-0.13169049,9.358854
1958,-48.4754,-0.13173941,9.359553
1959,-48.475124,-0.13175984,9.360967
1960,-48.474857,-0.13175212,9.3630905
1961,-48.47465,-0.13172811,9.365706
1962,-48.474445,-0.13169952,9.368595
1963,-48.474255,-0.13166638,9.371747
1964,-48.474117,-0.13162886,9.375148
1965,-48.47398,-0.13159621,9.378815
1966,-48.473892,-0.13157743,9.38276
1967,-48.473824,-0.13157208,9.386961
1968,-48.47379,-0.13157965,9.391393
1969,-48.47378,-0.13159175,9.395708
1970,-48.473713,-0.13160065,9.399603
1971,-48.473644,-0.13160653,9.403106
1972,-49.83514,0.9738647,11.314262
1973,-49.83198,0.97746664,11.429465
1974,-49.829494,0.9806445,11.524798
1975,-49.827526,0.9834796,11.6045685
1976,-49.825996,0.98594517,11.670942
1977,-49.824883,0.9881053,11.724474
1978,-49.824146,0.9900187,11.76588
1979,-49.823708,0.99169356,11.79715
1980,-49.82351,0.9931471,11.819951
1981,-49.82344,0.9943449,11.836583
1982,-49.82337,0.9952752,11.848953
1983,-49.823303,0.995983,11.857837
1984,-49.823296,0.99650085,11.863903
1985,-49.823307,0.996935,11.868334
1986,-49.823387,0.9973735,11.87197
1987,-49.823532,0.9978134,11.874903
1988,-49.82374,0.9982516,11.877228
1989,-49.82393,0.99878657,11.88028
1990,-49.824062,0.9994936,11.884823
1991,-49.82413,1.0003397,11.8903265
1992,-49.82418,1.0013553,11.898123
1993,-49.824127,1.0024706,11.907314
1994,-49.82393,1.0036193,11.916721
1995,-49.823586,1.0048175,11.926481
1996,-49.82308,1.0060833,11.936737
1997,-49.822514,1.0073689,11.947365
1998,-49.821964,1.0086075,11.958099
1999,-49.821476,1.0097901,11.968893
2000,-49.82102,1.0109072,11.979678
2001,-49.820652,1.0119514,11.990623
2002,-49.82042,1.0129126,12.001856
2003,-49.820316,1.0137823,12.013265
2004,-49.820347,1.0145543,12.024744
2005,-49.820435,1.0153008,12.036371
2006,-49.82057,1.0160908,12.048236
2007,-49.82071,1.0169189,12.060284
2008,-49.820847,1.017781,12.07248
2009,-49.820984,1.0186406,12.084415
2010,-49.82112,1.0194645,12.095729
2011,-49.82126,1.0202547,12.106454
2012,-49.821396,1.0210129,12.116623
2013,-49.821533,1.0217167,12.12607
2014,-49.82167,1.0223445,12.134651
2015,-49.821808,1.0229013,12.142421
2016,-49.821945,1.0233914,12.149426
2017,-49.822033,1.02387,12.156041
2018,-49.8221,1.0243903,12.162624
2019,-49.82213,1.0249511,12.169179
2020,-49.82213,1.0255526,12.175719
2021,-49.82213,1.0261722,12.1822
2022,-49.82213,1.0267888,12.1885605
2023,-49.82213,1.0274024,12.194802
2024,-49.82213,1.0280129,12.200928
2025,-49.822098,1.0286146,12.206659
2026,-49.822018,1.029205,12.211758
2027,-49.82188,1.0297871,12.21626
2028,-49.821682,1.0303637,12.220189
2029,-49.821476,1.0309545,12.224248
2030,-49.82127,1.0315762,12.229122
2031,-49.821064,1.0322278,12.234806
2032,-49.82087,1.0329081,12.241289
2033,-49.82069,1.0336109,12.248095
2034,-49.820484,1.034333,12.254783
2035,-49.82028,1.0350744,12.2613535
2036,-49.820072,1.0358343,12.267803
2037,-49.819866,1.0365964,12.274134
2038,-49.819607,1.0373465,12.28036
2039,-49.819332,1.0380868,12.286503
2040,-49.819004,1.0388182,12.292568
2041,-49.81866,1.0395436,12.298596
2042,-49.81837,1.0402623,12.304607
2043,-49.818096,1.0409721,12.3105755
2044,-49.81782,1.0416721,12.316498
2045,-49.817604,1.0423586,12.322306
2046,-49.817398,1.043026,12.327928
2047,-49.817192,1.0436743,12.3333645
2048,-49.816986,1.0443046,12.338618
2049,-49.81678,1.0449278,12.343719
2050,-49.816574,1.0455549,12.348688
2051,-49.81637,1.0461851,12.353528
2052,-49.816162,1.0468187,12.358237
2053,-49.81594,1.0474688,12.362969
2054,-49.815666,1.0481497,12.367882
2055,-49.815388,1.0488605,12.372971
2056,-49.815044,1.0496011,12.378233
2057,-49.8147,1.0503575,12.383735
2058,-49.814358,1.0511149,12.389541
2059,-49.814037,1.051872,12.395633
2060,-49.813763,1.052626,12.40198
2061,-49.813488,1.0533658,12.40822
2062,-49.813213,1.0540824,12.414008
2063,-49.81294,1.0547764,12.41936
2064,-49.812664,1.0554489,12.424293
2065,-49.81239,1.0560963,12.428887
2066,-49.812115,1.0567154,12.433228
2067,-49.81187,1.0573069,12.43732
2068,-49.811665,1.0578706,12.441165
2069,-49.81146,1.0584054,12.444845
2070,-49.81119,1.0589111,12.448447
2071,-49.810917,1.0593894,12.45198
2072,-49.810642,1.0598414,12.455446
2073,-49.810368,1.0602893,12.458977
2074,-49.810158,1.0607535,12.462687
2075,-49.80995,1.0612321,12.4665575
2076,-49.809803,1.0617236,12.470575
2077,-49.809666,1.0621828,12.474442
2078,-49.80958,1.062567,12.477887
2079,-49.809513,1.0628799,12.480932
2080,-49.80949,1.0631245,12.483597
2081,-49.809467,1.0633594,12.486089
2082,-49.8094,1.0636406,12.4886055
2083,-49.809315,1.0639663,12.491143
2084,-48.251587,-0.3113088,8.028805
2085,-48.251587,-0.3113088,8.028805
2086,-48.251587,-0.3113088,8.028805
2087,-48.251587,-0.3113088,8.028805
2088,-48.251587,-0.3113088,8.028805
2089,-48.251587,-0.3113088,8.028805
2090,-48.251587,-0.3113088,8.028805
2091,-48.251587,-0.3113088,8.028805
2092,-48.251587,-0.3113088,8.028805
2093,-48.251587,-0.3113088,8.028805
2094,-48.251587,-0.3113088,8.028805
2095,-48.251587,-0.3113088,8.028805
2096,-48.251587,-0.3113088,8.028805
2097,-48.251587,-0.3113088,8.028805
2098,-48.251587,-0.3113088,8.028805
2099,-48.251587,-0.3113088,8.028805
2100,-48.251587,-0.3113088,8.028805
2101,-48.251587,-0.3113088,8.028805
2102,-48.251587,-0.3113088,8.028805
2103,-48.251587,-0.3113088,8.028805
2104,-48.251587,-0.3113088,8.028805
2105,-48.251587,-0.3113088,8.028805
2106,-48.251587,-0.3113088,8.028805
2107,-48.251587,-0.3113088,8.028805
2108,-48.251587,-0.3113088,8.028805
2109,-48.251587,-0.3113088,8.028805
2110,-48.251587,-0.3113088,8.028805
2111,-48.251587,-0.3113088,8.028805
2112,-48.251587,-0.3113088,8.028805
2113,-48.251587,-0.3113088,8.028805
2114,-48.251587,-0.3113088,8.028805
2115,-48.251587,-0.3113088,8.028805
2116,-48.251587,-0.3113088,8.028805
2117,-48.251587,-0.3113088,8.028805
2118,-48.251587,-0.3113088,8.028805
2119,-48.251587,-0.3113088,8.028805
2120,-48.251587,-0.3113088,8.028805
2121,-48.251587,-0.3113088,8.028805
2122,-48.251587,-0.3113088,8.028805
2123,-48.251587,-0.3113088,8.028805
2124,-48.251587,-0.3113088,8.028805
2125,-48.251587,-0.3113088,8.028805
2126,-48.251587,-0.3113088,8.028805
2127,-48.251587,-0.3113088,8.028805
2128,-48.251587,-0.3113088,8.028805
2129,-48.251587,-0.3113088,8.028805
2130,-48.251587,-0.3113088,8.028805
2131,-48.251587,-0.3113088,8.028805
2132,-48.251587,-0.3113088,8.028805
2133,-48.251587,-0.3113088,8.028805
2134,-48.251587,-0.3113088,8.028805
2135,-48.251587,-0.3113088,8.028805
2136,-48.251587,-0.3113088,8.028805
2137,-48.251587,-0.3113088,8.028805
2138,-48.251587,-0.3113088,8.028805
2139,-48.251587,-0.3113088,8.028805
2140,-48.251587,-0.3113088,8.028805
2141,-48.251587,-0.3113088,8.028805
2142,-48.251587,-0.3113088,8.028805
2143,-48.251587,-0.3113088,8.028805
2144,-48.251587,-0.3113088,8.028805
2145,-48.251587,-0.3113088,8.028805
2146,-48.251587,-0.3113088,8.028805
2147,-48.251587,-0.3113088,8.028805
2148,-48.251587,-0.3113088,8.028805
2149,-48.251587,-0.3113088,8.028805
2150,-48.251587,-0.3113088,8.028805
2151,-48.251587,-0.3113088,8.028805
2152,-48.251587,-0.3113088,8.028805
2153,-48.251587,-0.3113088,8.028805
2154,-48.251587,-0.3113088,8.028805
2155,-48.251587,-0.3113088,8.028805
2156,-48.251587,-0.3113088,8.028805
2157,-48.251587,-0.3113088,8.028805
2158,-48.251587,-0.3113088,8.028805
2159,-48.251587,-0.3113088,8.028805
2160,-48.251587,-0.3113088,8.028805
2161,-48.251587,-0.3113088,8.028805
2162,-48.251587,-0.3113088,8.028805
2163,-48.251587,-0.3113088,8.028805
2164,-48.251587,-0.3113088,8.028805
2165,-48.251587,-0.3113088,8.028805
2166,-48.251587,-0.3113088,8.028805
2167,-48.251587,-0.3113088,8.028805
2168,-48.251587,-0.3113088,8.028805
2169,-48.251587,-0.3113088,8.028805
2170,-48.251587,-0.3113088,8.028805
2171,-48.251587,-0.3113088,8.028805
2172,-48.251587,-0.3113088,8.028805
2173,-48.251587,-0.3113088,8.028805
2174,-48.251587,-0.3113088,8.028805
2175,-48.251587,-0.3113088,8.028805
2176,-48.251587,-0.3113088,8.028805
2177,-48.251587,-0.3113088,8.028805
2178,-48.251587,-0.3113088,8.028805
2179,-48.251587,-0.3113088,8.028805
2180,-48.251587,-0.3113088,8.028805
2181,-48.251587,-0.3113088,8.028805
2182,-48.251587,-0.3113088,8.028805
2183,-48.251587,-0.3113088,8.028805
2184,-48.251587,-0.3113088,8.028805
2185,-48.251587,-0.3113088,8.028805
2186,-48.251587,-0.3113088,8.028805
2187,-48.251587,-0.3113088,8.028805
2188,-48.251587,-0.3113088,8.028805
2189,-48.251587,-0.3113088,8.028805
2190,-48.251587,-0.3113088,8.028805
2191,-48.251587,-0.3113088,8.028805
2192,-48.251587,-0.3113088,8.028805
2193,-48.251587,-0.3113088,8.028805
2194,-48.251587,-0.3113088,8.028805
2195,-48.251587,-0.3113088,8.028805
2196,-48.251587,-0.3113088,8.028805
2197,-48.251587,-0.3113088,8.028805
2198,-48.251587,-0.3113088,8.028805
2199,-48.251587,-0.3113088,8.028805
2200,-48.251587,-0.3113088,8.028805
2201,-48.251587,-0.3113088,8.028805
2202,-48.251587,-0.3113088,8.028805
2203,-48.251587,-0.3113088,8.028805
2204,-49.29253,0.46939746,9.301158
2205,-49.29352,0.4706411,9.286055
2206,-49.29445,0.47185603,9.27013
2207,-49.295315,0.47304422,9.253514
2208,-49.29613,0.474208,9.2363205
2209,-49.296772,0.4753769,9.217347
2210,-49.297134,0.47657436,9.195244
2211,-49.29722,0.477793,9.169817
2212,-49.297024,0.47902521,9.140746
2213,-49.296543,0.48020414,9.10892
2214,-49.29578,0.48127824,9.075059
2215,-49.294704,0.48226064,9.038386
2216,-49.293278,0.4831612,8.99796
2217,-49.291683,0.48402637,8.952198
2218,-49.290127,0.48489457,8.89961
2219,-49.288616,0.48576105,8.839099
2220,-49.287174,0.486621,8.769314
2221,-48.39114,-0.20664603,9.438082
2222,-48.39114,-0.20664603,9.438082
2223,-48.39114,-0.20664603,9.438082
2224,-48.39114,-0.20664603,9.438082
2225,-48.39114,-0.20664603,9.438082
2226,-48.39114,-0.20664603,9.438082
2227,-48.39114,-0.20664603,9.438082
2228,-48.39114,-0.20664603,9.438082
2229,-48.39114,-0.20664603,9.438082
2230,-48.39114,-0.20664603,9.438082
2231,-48.39114,-0.20664603,9.438082
2232,-48.39114,-0.20664603,9.438082
2233,-48.39114,-0.20664603,9.438082
2234,-48.39114,-0.20664603,9.438082
2235,-48.39114,-0.20664603,9.438082
2236,-48.39114,-0.20664603,9.438082
2237,-48.39114,-0.20664603,9.438082
2238,-48.39114,-0.20664603,9.438082
2239,-48.39114,-0.20664603,9.438082
2240,-48.39114,-0.20664603,9.438082
2241,-48.39114,-0.20664603,9.438082
2242,-48.39114,-0.20664603,9.438082
2243,-48.39114,-0.20664603,9.438082
2244,-48.39114,-0.20664603,9.438082
2245,-48.39114,-0.20664603,9.438082
2246,-48.39114,-0.20664603,9.438082
2247,-48.39114,-0.20664603,9.438082
2248,-48.39114,-0.20664603,9.438082
2249,-48.39114,-0.20664603,9.438082
2250,-48.39114,-0.20664603,9.438082
2251,-48.39114,-0.20664603,9.438082
2252,-48.39114,-0.20664603,9.438082
2253,-48.39114,-0.20664603,9.438082
2254,-48.39114,-0.20664603,9.438082
2255,-48.39114,-0.20664603,9.438082
2256,-48.39114,-0.20664603,9.438082
2257,-48.39114,-0.20664603,9.438082
2258,-48.39114,-0.20664603,9.438082
2259,-48.39114,-0.20664603,9.438082
2260,-48.39114,-0.20664603,9.438082
2261,-48.39114,-0.20664603,9.438082
2262,-48.39114,-0.20664603,9.438082
2263,-48.39114,-0.20664603,9.438082
2264,-48.39114,-0.20664603,9.438082
2265,-48.39114,-0.20664603,9.438082
2266,-48.39114,-0.20664603,9.438082
2267,-48.39114,-0.20664603,9.438082
2268,-48.39114,-0.20664603,9.438082
2269,-48.39114,-0.20664603,9.438082
2270,-48.39114,-0.20664603,9.438082
2271,-48.39114,-0.20664603,9.438082
2272,-48.39114,-0.20664603,9.438082
2273,-48.39114,-0.20664603,9.438082
2274,-48.39114,-0.20664603,9.438082
2275,-48.39114,-0.20664603,9.438082
2276,-48.39114,-0.20664603,9.438082
2277,-48.39114,-0.20664603,9.438082
2278,-48.39114,-0.20664603,9.438082
2279,-48.39114,-0.20664603,9.438082
2280,-48.39114,-0.20664603,9.438082
2281,-48.39114,-0.20664603,9.438082
2282,-48.39114,-0.20664603,9.438082
2283,-48.39114,-0.20664603,9.438082
2284,-48.39114,-0.20664603,9.438082
2285,-48.39114,-0.20664603,9.438082
2286,-48.39114,-0.20664603,9.438082
2287,-48.39114,-0.20664603,9.438082
2288,-48.39114,-0.20664603,9.438082
2289,-48.39114,-0.20664603,9.438082
2290,-48.39114,-0.20664603,9.438082
2291,-48.39114,-0.20664603,9.438082
2292,-48.39114,-0.20664603,9.438082
2293,-48.39114,-0.20664603,9.438082
2294,-48.39114,-0.20664603,9.438082
2295,-48.39114,-0.20664603,9.438082
2296,-48.39114,-0.20664603,9.438082
2297,-48.39114,-0.20664603,9.438082
2298,-48.39114,-0.20664603,9.438082
2299,-48.39114,-0.20664603,9.438082
2300,-48.39114,-0.20664603,9.438082
2301,-48.39114,-0.20664603,9.438082
2302,-48.39114,-0.20664603,9.438082
2303,-48.39114,-0.20664603,9.438082
2304,-48.39114,-0.20664603,9.438082
2305,-48.39114,-0.20664603,9.438082
2306,-48.39114,-0.20664603,9.438082
2307,-48.39114,-0.20664603,9.438082
2308,-48.39114,-0.20664603,9.438082
2309,-48.39114,-0.20664603,9.438082
2310,-48.39114,-0.20664603,9.438082
2311,-48.39114,-0.20664603,9.438082
2312,-48.39114,-0.20664603,9.438082
2313,-48.39114,-0.20664603,9.438082
2314,-48.39114,-0.20664603,9.438082
2315,-48.39114,-0.20664603,9.438082
2316,-48.39114,-0.20664603,9.438082
2317,-48.39114,-0.20664603,9.438082
2318,-48.39114,-0.20664603,9.438082
2319,-48.39114,-0.20664603,9.438082
2320,-48.39114,-0.20664603,9.438082
2321,-48.39114,-0.20664603,9.438082
2322,-48.39114,-0.20664603,9.438082
2323,-48.39114,-0.20664603,9.438082
2324,-48.39114,-0.20664603,9.438082
2325,-48.39114,-0.20664603,9.438082
2326,-48.39114,-0.20664603,9.438082
2327,-48.39114,-0.20664603,9.438082
2328,-48.39114,-0.20664603,9.438082
2329,-48.39114,-0.20664603,9.438082
2330,-48.39114,-0.20664603,9.438082
2331,-48.39114,-0.20664603,9.438082
2332,-48.39114,-0.20664603,9.438082
2333,-48.39114,-0.20664603,9.438082
2334,-48.39114,-0.20664603,9.438082
2335,-48.39114,-0.20664603,9.438082
2336,-48.39114,-0.20664603,9.438082
2337,-48.39114,-0.20664603,9.438082
2338,-48.39114,-0.20664603,9.438082
2339,-48.39114,-0.20664603,9.438082
2340,-48.39114,-0.20664603,9.438082
2341,-49.69309,0.8781609,13.998328
2342,-49.696144,0.8796586,14.421873
2343,-49.69825,0.8809686,14.736971
2344,-49.69978,0.88261545,14.955716
2345,-49.70105,0.88455576,15.104709
2346,-49.702217,0.88672906,15.201286
2347,-49.703114,0.8890837,15.266119
2348,-49.703587,0.8915756,15.3139105
2349,-49.703712,0.89414674,15.347974
2350,-49.70356,0.8967388,15.370931
2351,-49.703285,0.8991331,15.385644
2352,-49.70301,0.90118885,15.394463
2353,-49.702736,0.9029581,15.398607
2354,-49.70246,0.90448403,15.39903
2355,-49.70229,0.905731,15.395135
2356,-49.70225,0.90668344,15.386436
2357,-49.702305,0.907396,15.37361
2358,-49.702454,0.90790963,15.357032
2359,-49.70266,0.9083067,15.33962
2360,-49.702866,0.9086521,15.324039
2361,-49.70307,0.908951,15.310124
2362,-49.703278,0.9092077,15.297729
2363,-49.70343,0.9094649,15.288642
2364,-49.703568,0.909759,15.284547
2365,-49.70365,0.91008425,15.285086
2366,-49.70372,0.91043484,15.289804
2367,-49.703743,0.9107964,15.296546
2368,-49.70374,0.9111563,15.303445
2369,-49.70367,0.9115129,15.310434
2370,-49.703598,0.9118639,15.317455
2371,-49.703526,0.9122066,15.324305
2372,-49.703457,0.9125384,15.330817
2373,-49.703423,0.91285807,15.336985
2374,-49.703423,0.9131644,15.342796
2375,-49.703423,0.91345847,15.348403
2376,-49.703423,0.9137409,15.353918
2377,-49.70348,0.91401005,15.359286
2378,-49.70355,0.91426474,15.364458
2379,-49.703617,0.9145,15.369189
2380,-49.703655,0.9147133,15.373315
2381,-49.703655,0.914907,15.376911
2382,-49.703655,0.91508234,15.380045
2383,-49.703655,0.9152338,15.382737
2384,-49.703655,0.91535777,15.385033
2385,-49.703655,0.9154593,15.387
2386,-49.703655,0.9155417,15.388695
2387,-49.703655,0.915621,15.390274
2388,-49.703655,0.915709,15.391845
2389,-49.703655,0.9158026,15.393373
2390,-49.703655,0.9158987,15.394832
2391,-49.703655,0.9159895,15.396125
2392,-49.703655,0.9160705,15.397198
2393,-49.703655,0.9161427,15.398084
2394,-49.703655,0.9162069,15.3988085
2395,-49.703655,0.91626346,15.399416
2396,-49.703655,0.916313,15.399939
2397,-49.703655,0.9163564,15.400387
2398,-49.703655,0.9163945,15.400771
2399,-49.703655,0.91642785,15.40112
2400,-49.703655,0.91645724,15.401456
2401,-49.703655,0.91648316,15.401775
2402,-49.703655,0.91650593,15.402078
2403,-49.703655,0.9165261,15.402359
2404,-49.703655,0.9165439,15.4026165
2405,-49.703655,0.91655976,15.40285
2406,-49.703655,0.91657376,15.403064
2407,-49.703655,0.9165859,15.403257
2408,-49.703655,0.91659623,15.403429
2409,-49.703655,0.9166051,15.403583
2410,-49.703655,0.91661274,15.40372
2411,-49.703655,0.91661924,15.403841
2412,-49.703655,0.9166254,15.403942
2413,-49.703655,0.91663074,15.404028
2414,-49.703655,0.9166357,15.404098
2415,-49.703655,0.91664,15.404166
2416,-49.703655,0.91664386,15.404222
2417,-49.703655,0.9166471,15.404273
2418,-49.703655,0.9166503,15.404325
2419,-49.703655,0.91665256,15.404375
2420,-49.703655,0.9166547,15.404409
2421,-49.703655,0.91665685,15.404444
2422,-49.703655,0.9166581,15.404478
2423,-49.703655,0.9166592,15.404507
2424,-49.703655,0.91666025,15.404524
2425,-49.703655,0.9166613,15.404541
2426,-49.703655,0.9166624,15.404558
2427,-49.703655,0.91666347,15.404575
2428,-49.703655,0.9166639,15.4045925
2429,-49.703655,0.9166639,15.40461
2430,-49.703655,0.9166639,15.404627
2431,-49.703655,0.9166639,15.404644
2432,-49.703655,0.9166639,15.404661
2433,-49.703655,0.9166639,15.404675
2434,-49.703655,0.9166639,15.404675
2435,-49.703655,0.9166639,15.404675
2436,-49.703655,0.9166639,15.404678
2437,-49.703655,0.9166639,15.4046955
2438,-49.012535,0.3898094,7.8817167
2439,-49.014076,0.39181143,7.8984537
2440,-49.015438,0.39362884,7.9144096
2441,-49.016434,0.39518535,7.9280624
2442,-49.01712,0.3965247,7.9396286
2443,-49.01756,0.3976885,7.949309
2444,-49.01786,0.39870313,7.9571576
2445,-49.018135,0.3995896,7.963238
2446,-49.018364,0.4003633,7.967725
2447,-49.01857,0.40103698,7.970763
2448,-49.018776,0.4016348,7.973267
2449,-49.018982,0.40217727,7.9760594
2450,-49.019123,0.40266874,7.9791307
2451,-49.01926,0.40311337,7.982471
2452,-49.01946,0.40353084,7.9860106
2453,-49.01975,0.40393826,7.9896803
2454,-49.020115,0.40433562,7.9934754
2455,-49.020554,0.4047229,7.9973917
2456,-49.020996,0.40515757,8.001854
2457,-49.02137,0.40568733,8.007199
2458,-49.021675,0.4062964,8.013285
2459,-49.02192,0.40696743,8.019952
2460,-49.022205,0.4076654,8.027176
2461,-49.02262,0.4083611,8.034949
2462,-49.023136,0.40904614,8.043125
2463,-49.02373,0.40971345,8.05156
2464,-49.024258,0.41029835,8.059057
2465,-49.0246,0.41075855,8.064728
2466,-49.02479,0.41111574,8.068843
2467,-49.024853,0.41138583,8.071612
2468,-49.024853,0.41160572,8.07357
2469,-49.024853,0.4118053,8.075162
2470,-49.024853,0.41198662,8.076418
2471,-49.024815,0.41215107,8.077364
2472,-49.024746,0.4123026,8.078112
2473,-49.02467,0.4124445,8.078764
2474,-49.024532,0.4125775,8.079327
2475,-49.024395,0.41270217,8.079807
2476,-49.024258,0.412829,8.080335
2477,-49.02412,0.41296723,8.081021
2478,-49.02403,0.4131153,8.081855
2479,-49.02396,0.41327137,8.082819
2480,-49.02389,0.4134097,8.083596
2481,-49.023823,0.41350845,8.083916
2482,-49.023754,0.41357085,8.083807
2483,-49.023685,0.41359904,8.083287
2484,-49.023617,0.41362074,8.082728
2485,-49.02355,0.41366252,8.082497
2486,-49.02348,0.4137235,8.082591
2487,-48.65433,0.060629867,9.1490135
2488,-48.65068,0.060013436,9.221604
2489,-48.647797,0.05946565,9.289948
2490,-48.64585,0.05896109,9.342457
2491,-48.64456,0.05849392,9.378944
2492,-48.64372,0.05804642,9.399599
2493,-48.64332,0.057700887,9.405298
2494,-48.643417,0.057536982,9.396669
2495,-48.64407,0.05755903,9.373524
2496,-48.645462,0.057817347,9.33578
2497,-48.647224,0.05826486,9.3006525
2498,-48.648624,0.058779266,9.285125
2499,-48.649517,0.059329532,9.28855
2500,-48.649853,0.059881147,9.309842
2501,-48.6498,0.060356986,9.340889
2502,-48.649544,0.06071295,9.374302
2503,-48.64916,0.060963303,9.409911
2504,-48.648712,0.061124396,9.447491
2505,-48.64837,0.061219838,9.482882
2506,-48.648182,0.061272927,9.51236
2507,-48.64809,0.061298367,9.536357
2508,-48.648064,0.06130768,9.5553
2509,-48.648064,0.061310295,9.569689
2510,-48.648064,0.061310425,9.57997
2511,-48.648064,0.061310425,9.586339
2512,-48.648064,0.061310425,9.588841
2513,-48.648064,0.061310425,9.590078
2514,-48.648064,0.061310425,9.592634
2515,-48.648064,0.061310425,9.596502
2516,-48.648064,0.061310425,9.601675
2517,-48.648064,0.061310425,9.609359
2518,-48.648064,0.061310425,9.620728
2519,-48.648064,0.061310425,9.635713
2520,-48.648064,0.061310425,9.654221
2521,-48.648064,0.061310425,9.674902
2522,-48.648064,0.061310425,9.696453
2523,-48.648064,0.061310425,9.718834
2524,-48.648064,0.061310425,9.742007
2525,-48.648064,0.061310425,9.764503
2526,-48.648064,0.061310425,9.784927
2527,-48.648064,0.061310425,9.803357
2528,-48.648064,0.061310425,9.819851
2529,-48.648064,0.061310425,9.837541
2530,-48.648064,0.061310425,9.859414
2531,-48.648064,0.061310425,9.885293
2532,-48.648064,0.061310425,9.914964
2533,-48.648064,0.061310425,9.944036
2534,-48.648064,0.061310425,9.968441
2535,-48.648064,0.061310425,9.988396
2536,-48.648064,0.061310425,10.004075
2537,-48.648064,0.061310425,10.016439
2538,-48.648064,0.061310425,10.026388
2539,-48.648064,0.061310425,10.033974
2540,-48.648064,0.061310425,10.039235
2541,-48.648064,0.061310425,10.044942
2542,-48.648064,0.061310425,10.053818
2543,-48.648064,0.061310425,10.065797
2544,-48.648064,0.061310425,10.080804
2545,-48.648064,0.061310425,10.0972395
2546,-48.648064,0.061310425,10.113573
2547,-48.648064,0.061310425,10.129808
2548,-48.648064,0.061310425,10.145942
2549,-48.648064,0.061310425,10.162438
2550,-48.648064,0.061310425,10.179746
2551,-48.648064,0.061310425,10.197822
2552,-48.648064,0.061310425,10.216626
2553,-48.648064,0.061310425,10.2349615
2554,-48.648064,0.061310425,10.251708
2555,-48.648064,0.061310425,10.266918
2556,-48.648064,0.061310425,10.280649
2557,-48.648064,0.061310425,10.293781
2558,-48.648064,0.061310425,10.307154
2559,-48.648064,0.061310425,10.320755
2560,-48.648064,0.061310425,10.334574
2561,-48.648064,0.061310425,10.346553
2562,-48.648064,0.061310425,10.354727
2563,-48.648064,0.061310425,10.3591795
2564,-48.648064,0.061310425,10.3599615
2565,-48.648064,0.061310425,10.361072
2566,-48.648064,0.061310425,10.366477
2567,-48.648064,0.061310425,10.376111
2568,-48.648064,0.061310425,10.389857
2569,-48.648064,0.061310425,10.406245
2570,-48.648064,0.061310425,10.423867
2571,-48.648064,0.061310425,10.442651
2572,-48.648064,0.061310425,10.462514
2573,-48.648064,0.061310425,10.482819
2574,-48.648064,0.061310425,10.502972
2575,-48.648064,0.061310425,10.52297
2576,-48.648064,0.061310425,10.542803
2577,-48.648064,0.061310425,10.561617
2578,-48.648064,0.061310425,10.578629
2579,-48.648064,0.061310425,10.59393
2580,-48.648064,0.061310425,10.607605
2581,-48.648064,0.061310425,10.619773
2582,-48.648064,0.061310425,10.63054
2583,-48.648064,0.061310425,10.639958
2584,-48.648064,0.061310425,10.648074
2585,-48.648064,0.061310425,10.656
2586,-48.648064,0.061310425,10.6648035
2587,-48.648064,0.061310425,10.674451
2588,-50.42964,2.259537,7.4712667
2589,-50.432335,2.2629347,7.601453
2590,-50.434296,2.2653322,7.691375
2591,-50.43575,2.2670498,7.7542605
2592,-50.436817,2.2682908,7.798582
2593,-50.437588,2.2691956,7.830073
2594,-50.43815,2.2698658,7.8527427
2595,-50.43857,2.2703695,7.8692675
2596,-50.438873,2.270755,7.8816037
2597,-50.439095,2.271054,7.8910217
2598,-50.439243,2.2712884,7.89827
2599,-50.439354,2.2714736,7.9038935
2600,-50.439423,2.2716217,7.9085817
2601,-50.43949,2.2717397,7.912708
2602,-50.43956,2.2718322,7.916255
2603,-50.439587,2.271903,7.919236
2604,-50.439587,2.2719562,7.9215236
2605,-50.439587,2.2719955,7.923153
2606,-50.439587,2.2720256,7.9243274
2607,-50.439587,2.2720487,7.925183
2608,-50.439587,2.2720675,7.925858
2609,-50.439587,2.2720845,7.9264336
2610,-50.439587,2.2720973,7.9269233
2611,-49.36748,1.4180006,9.964847
2612,-49.366184,1.4237981,10.037312
2613,-49.36506,1.4289116,10.101032
2614,-49.364155,1.4333918,10.15668
2615,-49.363426,1.4373686,10.205921
2616,-49.362843,1.4409372,10.249968
2617,-49.362343,1.4440979,10.289063
2618,-49.361862,1.4468573,10.323457
2619,-49.36143,1.449282,10.353919
2620,-49.36102,1.4514264,10.381091
2621,-49.360607,1.4533443,10.4055605
2622,-49.36025,1.4550794,10.427813
2623,-49.359905,1.4566567,10.448151
2624,-49.359562,1.4580947,10.466796
2625,-49.35922,1.4594159,10.483909
2626,-49.358875,1.4606391,10.499626
2627,-49.358532,1.461774,10.514089
2628,-49.35819,1.4628291,10.527414
2629,-49.357845,1.4638242,10.539894
2630,-49.357502,1.4647762,10.551769
2631,-49.35721,1.4656876,10.5630865
2632,-49.356934,1.4665631,10.573899
2633,-49.3567,1.4673557,10.583669
2634,-49.35654,1.4680274,10.591969
2635,-49.356445,1.4685913,10.598957
2636,-49.356415,1.4690574,10.604748
2637,-49.35639,1.4695009,10.610273
2638,-49.356323,1.4699887,10.616367
2639,-49.3562,1.4705168,10.622967
2640,-49.421356,1.2766322,10.77904
2641,-49.419777,1.2819668,10.811763
2642,-49.41825,1.287063,10.842628
2643,-49.41678,1.2919321,10.871638
2644,-49.415337,1.2965288,10.899242
2645,-49.413895,1.3007984,10.925843
2646,-49.412453,1.3047575,10.951456
2647,-49.41101,1.3084229,10.976094
2648,-49.409695,1.311856,10.998402
2649,-49.408607,1.3151314,11.017386
2650,-49.40771,1.3182817,11.033513
2651,-49.406986,1.3213345,11.047146
2652,-49.40637,1.3242521,11.059163
2653,-49.405766,1.3269906,11.070307
2654,-49.405216,1.329564,11.080663
2655,-49.404667,1.3319838,11.090303
2656,-49.404175,1.3342922,11.099425
2657,-49.403694,1.3365237,11.108625
2658,-49.403214,1.3386759,11.117972
2659,-49.402798,1.3407508,11.127421
2660,-49.402355,1.3428109,11.137461
2661,-49.401875,1.344903,11.148505
2662,-49.401382,1.347009,11.160411
2663,-49.400833,1.3491086,11.173008
2664,-49.400333,1.3511472,11.185592
2665,-49.3999,1.3530852,11.197591
2666,-49.39952,1.3549281,11.209041
2667,-49.39919,1.356681,11.219971
2668,-49.398914,1.3583118,11.230385
2669,-49.39864,1.3597938,11.240257
2670,-49.398365,1.3611387,11.249578
2671,-49.39809,1.3623579,11.258348
2672,-49.397816,1.3634698,11.266585
2673,-49.39755,1.3644909,11.274315
2674,-49.397343,1.3654289,11.281562
2675,-49.397137,1.3662909,11.288355
2676,-49.39693,1.3670871,11.294763
2677,-49.396725,1.3678261,11.300848
2678,-49.39652,1.3685116,11.306608
2679,-49.396313,1.3691473,11.312058
2680,-49.396107,1.3697445,11.317226
2681,-49.3959,1.3703125,11.322137
2682,-49.395695,1.3708525,11.326798
2683,-49.395535,1.3713655,11.331223
2684,-49.395397,1.3718252,11.335116
2685,-49.395306,1.3722109,11.338243
2686,-49.395237,1.3725318,11.340689
2687,-49.39523,1.3727952,11.342522
2688,-49.39523,1.3730446,11.344247
2689,-49.395172,1.3733171,11.346311
2690,-49.395103,1.3736088,11.348671
2691,-48.0983,-0.63001055,9.791917
2692,-48.10024,-0.6335896,9.796846
2693,-48.10223,-0.6369255,9.800886
2694,-48.104107,-0.63994503,9.806543
2695,-48.105747,-0.6426162,9.815498
2696,-48.107185,-0.64498496,9.826836
2697,-48.108448,-0.647091,9.839834
2698,-48.10957,-0.6489707,9.852363
2699,-48.11057,-0.65065664,9.8629265
2700,-48.111465,-0.65217346,9.871847
2701,-48.112267,-0.65354186,9.87939
2702,-48.11296,-0.6547751,9.886394
2703,-48.113537,-0.65588516,9.89349
2704,-48.114002,-0.656887,9.900592
2705,-48.114384,-0.6577929,9.907639
2706,-48.114727,-0.6585979,9.914307
2707,-48.115005,-0.65930104,9.920375
2708,-48.11528,-0.65991765,9.925925
2709,-48.115536,-0.6604601,9.931021
2710,-48.115738,-0.66093415,9.935438
2711,-48.115875,-0.66134506,9.939012
2712,-48.115955,-0.6617026,9.941862
2713,-48.116,-0.66201407,9.944092
2714,-48.11603,-0.6622999,9.945804
2715,-48.1161,-0.6625753,9.947072
2716,-48.11617,-0.6628401,9.947946
2717,-48.116238,-0.6630942,9.948472
2718,-48.116306,-0.66331905,9.948913
2719,-48.116375,-0.6635008,9.949496
2720,-48.116444,-0.66364545,9.95021
2721,-48.116512,-0.66375715,9.951045
2722,-48.11658,-0.66385984,9.951903
2723,-48.11665,-0.663974,9.952688
2724,-48.11672,-0.6640977,9.953399
2725,-48.116787,-0.66422945,9.954038
2726,-48.116856,-0.664367,9.954629
2727,-48.116924,-0.6645085,9.955191
2728,-48.116993,-0.6646521,9.955725
2729,-48.11706,-0.6647959,9.956228
2730,-48.11713,-0.6649348,9.956709
2731,-48.1172,-0.6650644,9.95719
2732,-48.117268,-0.66518515,9.957654
2733,-48.117336,-0.66529757,9.958111
2734,-48.117405,-0.6653978,9.958557
2735,-48.117474,-0.6654832,9.959003
2736,-48.117542,-0.66555583,9.95945
2737,-48.11761,-0.66561735,9.959896
2738,-48.117657,-0.6656702,9.960355
2739,-48.117657,-0.6657166,9.960818
2740,-48.117657,-0.66575706,9.961298
2741,-48.117657,-0.6657922,9.961782
2742,-48.117657,-0.66582394,9.96223
2743,-48.117657,-0.6658538,9.962594
2744,-48.117657,-0.66588205,9.962882
2745,-48.117702,-0.6659085,9.963096
2746,-48.117725,-0.6659348,9.963299
2747,-48.117725,-0.6659618,9.963545
2748,-48.117725,-0.6659897,9.963832
2749,-48.117725,-0.6660179,9.964154
2750,-48.117725,-0.6660451,9.964498
2751,-48.117725,-0.6660699,9.964841
2752,-48.117725,-0.6660924,9.965201
2753,-48.117725,-0.6661129,9.965562
2754,-48.117725,-0.66613346,9.965833
2755,-48.117725,-0.66615593,9.965928
2756,-48.117725,-0.6661801,9.965859
2757,-48.117725,-0.66620547,9.965646
2758,-48.117725,-0.66623265,9.965407
2759,-48.117725,-0.6662621,9.965249
2760,-48.117725,-0.66629297,9.965165
2761,-48.117725,-0.66632473,9.965144
2762,-48.117725,-0.66635484,9.965137
2763,-48.117725,-0.66638166,9.965106
2764,-48.117725,-0.6664056,9.965054
2765,-48.117725,-0.6664271,9.964985
2766,-48.117725,-0.66644615,9.964921
2767,-48.117725,-0.6664629,9.964876
2768,-48.117725,-0.66647756,9.964848
2769,-48.217735,-0.35346845,10.247844
2770,-48.21946,-0.3514345,10.282379
2771,-48.220695,-0.34975052,10.309363
2772,-48.22154,-0.3483506,10.330124
2773,-48.22204,-0.34718707,10.345653
2774,-48.222473,-0.34620336,10.358358
2775,-48.223076,-0.34536514,10.370118
2776,-48.223827,-0.34466696,10.380955
2777,-48.224705,-0.34410232,10.390913
2778,-48.2255,-0.3435531,10.400052
2779,-48.226013,-0.34290814,10.408416
2780,-48.22627,-0.3421701,10.416052
2781,-48.22629,-0.3413402,10.423011
2782,-48.22625,-0.34044617,10.429543
2783,-48.226295,-0.33951965,10.435823
2784,-48.226444,-0.33856687,10.441784
2785,-48.22668,-0.33759448,10.447366
2786,-48.22707,-0.33667788,10.452707
2787,-48.227657,-0.3358843,10.4579935
2788,-48.22842,-0.33520728,10.463223
2789,-48.229332,-0.3346394,10.468386
2790,-48.230293,-0.3340985,10.474032
2791,-48.231255,-0.33351678,10.480587
2792,-48.232216,-0.33290654,10.487854
2793,-48.233177,-0.33227545,10.495728
2794,-48.23405,-0.3316591,10.503657
2795,-48.234737,-0.33108172,10.51124
2796,-48.235268,-0.33053562,10.518566
2797,-48.235657,-0.33001432,10.525703
2798,-48.235912,-0.32950568,10.532682
2799,-48.236034,-0.32899854,10.539534
2800,-48.236034,-0.3284884,10.546322
2801,-48.235912,-0.32797134,10.553105
2802,-48.235783,-0.32746363,10.559886
2803,-48.235752,-0.3269865,10.566598
2804,-48.235817,-0.32654247,10.573202
2805,-48.23598,-0.32613322,10.579658
2806,-48.23615,-0.32573855,10.58556
2807,-48.23624,-0.32533586,10.590585
2808,-48.236256,-0.32492322,10.594793
2809,-48.2362,-0.3244984,10.598228
2810,-48.236076,-0.32407835,10.601375
2811,-48.235935,-0.32368076,10.604701
2812,-48.23573,-0.32330468,10.608216
2813,-48.235497,-0.32294932,10.611931
2814,-48.235275,-0.32260385,10.615075
2815,-48.235126,-0.32225865,10.61685
2816,-48.23505,-0.32191488,10.617245
2817,-48.235046,-0.3215736,10.616254
2818,-48.23515,-0.32126722,10.615098
2819,-48.235382,-0.32102862,10.614977
2820,-48.23574,-0.32085735,10.615851
2821,-48.236206,-0.32075137,10.617661
2822,-48.23677,-0.32070202,10.619961
2823,-48.237404,-0.32070002,10.622335
2824,-48.23809,-0.3207407,10.624756
2825,-48.238842,-0.3208188,10.627193
2826,-48.23955,-0.32090455,10.629708
2827,-48.24016,-0.3209734,10.632372
2828,-48.240692,-0.32102737,10.635167
2829,-47.936954,-0.5677966,8.519461
2830,-47.935944,-0.5707821,8.60353
2831,-47.935337,-0.57314205,8.665976
2832,-47.934944,-0.5752049,8.716065
2833,-47.934616,-0.5771533,8.75912
2834,-47.93434,-0.5789464,8.796225
2835,-47.934067,-0.58055717,8.828472
2836,-47.933838,-0.5819443,8.857014
2837,-47.93363,-0.5830829,8.881775
2838,-47.933426,-0.5840515,8.90314
2839,-47.933258,-0.5850214,8.923253
2840,-47.933224,-0.5858761,8.940666
2841,-47.93343,-0.5865023,8.954039
2842,-47.933876,-0.58691067,8.963691
2843,-47.934574,-0.5871,8.969716
2844,-47.93536,-0.58715683,8.974844
2845,-47.936035,-0.5871718,8.981886
2846,-47.9366,-0.5871426,8.990857
2847,-47.93703,-0.58706814,9.001715
2848,-47.93732,-0.58700794,9.014486
2849,-47.93746,-0.5870208,9.029136
2850,-47.937458,-0.58710486,9.045428
2851,-47.93732,-0.58725625,9.063103
2852,-47.937122,-0.58749473,9.081594
2853,-47.936985,-0.5878388,9.1004925
2854,-47.936848,-0.5882821,9.119724
2855,-47.93677,-0.5888186,9.139227
2856,-47.936745,-0.5894254,9.158699
2857,-47.936832,-0.59008425,9.177946
2858,-47.937016,-0.5907994,9.197107
2859,-47.937313,-0.59157604,9.216312
2860,-47.937656,-0.5923818,9.235508
2861,-47.93796,-0.59318155,9.254525
2862,-47.938236,-0.59397745,9.273319
2863,-47.93851,-0.59477377,9.291886
2864,-47.938805,-0.59559196,9.310116
2865,-47.939148,-0.5964544,9.3279505
2866,-47.939537,-0.59736633,9.345442
2867,-47.93997,-0.5983348,9.362654
2868,-47.940403,-0.59934705,9.3797035
2869,-47.940807,-0.6003897,9.396637
2870,-47.94115,-0.6014696,9.4134245
2871,-47.94145,-0.60259455,9.430044
2872,-47.94174,-0.6037533,9.446532
2873,-47.94208,-0.60493314,9.462956
2874,-47.94245,-0.6061369,9.479318
2875,-47.942863,-0.607369,9.495631
2876,-47.943245,-0.608619,9.511106
2877,-47.943516,-0.6098682,9.5249
2878,-47.943665,-0.6111063,9.536935
2879,-47.943672,-0.6123204,9.54713
2880,-47.943665,-0.6135652,9.556957
2881,-47.94378,-0.6149133,9.568012
2882,-47.944027,-0.6163788,9.580532
2883,-47.944416,-0.6179764,9.595135
2884,-47.944927,-0.61959,9.610915
2885,-47.945538,-0.62107253,9.626651
2886,-47.94626,-0.6223998,9.642234
2887,-47.947105,-0.62354654,9.657551
2888,-47.947937,-0.62471956,9.674752
2889,-47.9486,-0.6261617,9.696338
2890,-47.94908,-0.6279037,9.72274
2891,-47.94935,-0.6299788,9.754414
2892,-47.94956,-0.6324138,9.790345
2893,-47.949894,-0.6352514,9.8296
2894,-47.950375,-0.63856256,9.872867
2895,-47.951015,-0.64243925,9.92101
2896,-47.95188,-0.6468519,9.972954
2897,-47.990005,-0.7187374,10.637874
2898,-47.990105,-0.72129107,10.664106
2899,-47.98983,-0.72358924,10.687628
2900,-47.98951,-0.72553253,10.70659
2901,-47.989166,-0.72717184,10.721669
2902,-47.988754,-0.7285493,10.733418
2903,-47.988384,-0.72986484,10.744222
2904,-47.98809,-0.7312725,10.755964
2905,-47.987873,-0.73274106,10.768361
2906,-47.98772,-0.7342398,10.781135
2907,-47.987698,-0.7358104,10.794758
2908,-47.98785,-0.7374685,10.80944
2909,-47.988148,-0.73914844,10.824533
2910,-47.988533,-0.74079037,10.839444
2911,-47.988995,-0.7422451,10.852629
2912,-47.989544,-0.7434393,10.863307
2913,-47.990147,-0.74442375,10.871983
2914,-47.990765,-0.7452383,10.879047
2915,-47.991314,-0.7459117,10.884918
2916,-47.991737,-0.74646723,10.889911
2917,-47.992054,-0.7469267,10.894176
2918,-49.51463,0.7325906,9.9049
2919,-49.513115,0.7347688,9.949267
2920,-49.5119,0.7365799,9.933951
2921,-49.510914,0.73809063,9.869385
2922,-49.51033,0.7398498,9.788583
2923,-49.510338,0.7422465,9.720772
2924,-49.510788,0.7451125,9.665414
2925,-49.51149,0.7482719,9.619141
2926,-49.51208,0.75149643,9.585903
2927,-49.512497,0.75543547,9.56601
2928,-49.51266,0.76044977,9.569635
2929,-49.51241,0.766783,9.613254
2930,-49.465626,0.9505103,11.901594
2931,-49.46477,0.954471,12.012365
2932,-49.463966,0.9583392,12.125897
2933,-49.4631,0.96208733,12.235657
2934,-49.462208,0.9656912,12.339649
2935,-49.461296,0.9691289,12.436472
2936,-49.460457,0.97224337,12.531362
2937,-49.459766,0.9749395,12.631064
2938,-49.4592,0.9772763,12.736612
2939,-49.45876,0.97930205,12.84896
2940,-49.458405,0.98111737,12.948153
2941,-49.458073,0.98279375,13.01401
2942,-49.457798,0.98433286,13.0490265
2943,-49.457523,0.98573977,13.057323
2944,-49.45729,0.9870487,13.062224
2945,-49.457085,0.98828894,13.081635
2946,-49.45688,0.9894587,13.11276
2947,-49.456673,0.99055594,13.153294
2948,-49.456467,0.99155426,13.194816
2949,-49.45626,0.9924377,13.230747
2950,-49.456055,0.99321985,13.261763
2951,-49.45585,0.99391294,13.288466
2952,-49.455643,0.99452883,13.311669
2953,-49.455505,0.9950781,13.332069
2954,-49.455368,0.9955687,13.350013
2955,-49.45523,0.9960072,13.365792
2956,-49.455093,0.9964006,13.380203
2957,-49.454998,0.9967549,13.393871
2958,-49.45493,0.99707425,13.406824
2959,-49.45486,0.9973621,13.419078
2960,-49.454792,0.99762213,13.430619
2961,-49.454723,0.9978573,13.441442
2962,-49.454655,0.9980698,13.451572
2963,-49.454586,0.9982618,13.461039
2964,-49.45456,0.9984355,13.46981
2965,-49.45456,0.9985922,13.477836
2966,-49.45456,0.99873334,13.485171
2967,-49.45456,0.9988607,13.491871
2968,-49.45456,0.9989766,13.497411
2969,-49.45456,0.99908334,13.501411
2970,-49.45456,0.9991813,13.504129
2971,-49.45456,0.99927086,13.505792
2972,-49.45456,0.99935067,13.507328
2973,-49.45456,0.9994199,13.509431
2974,-49.45456,0.9994804,13.511966
2975,-49.45456,0.9995333,13.514826
2976,-49.45456,0.99957925,13.517631
2977,-49.45456,0.9996194,13.520095
2978,-49.45456,0.9996544,13.522272
2979,-49.45456,0.999685,13.5242
2980,-49.45456,0.99971217,13.5258
2981,-49.45456,0.99973667,13.527006
2982,-49.45456,0.9997587,13.527873
2983,-49.45456,0.99977857,13.52846
2984,-49.45456,0.9997967,13.528859
2985,-49.45456,0.9998135,13.529156
2986,-49.45456,0.9998291,13.529363
2987,-49.45456,0.9998436,13.529493
2988,-49.45456,0.99985623,13.529596
2989,-49.45456,0.99986655,13.529699
2990,-49.45456,0.99987495,13.529802
2991,-49.45456,0.9998818,13.5299225
2992,-49.45456,0.9998884,13.530124
2993,-49.45456,0.99989593,13.530476
2994,-49.45456,0.9999044,13.530952
2995,-49.70816,0.87415683,13.081975
2996,-49.7093,0.8784401,13.50319
2997,-49.710754,0.88190895,13.8594265
2998,-49.712234,0.88488686,14.152895
2999,-49.71364,0.8873671,14.388606
3000,-49.714966,0.8894271,14.581627
3001,-49.71623,0.8911325,14.742454
3002,-49.717346,0.8924991,14.879087
3003,-49.718246,0.8935302,14.997824
3004,-49.718945,0.8942582,15.103114
3005,-49.719448,0.89470553,15.198317
3006,-49.71986,0.8951011,15.279465
3007,-49.720272,0.8956557,15.342331
3008,-49.720684,0.8963539,15.389089
3009,-49.72112,0.89717704,15.421688
3010,-49.721485,0.89811146,15.4450035
3011,-49.72169,0.8991456,15.4632
3012,-49.72176,0.90026087,15.476886
3013,-49.72171,0.9014381,15.486609
3014,-49.721573,0.9025793,15.493174
3015,-49.721436,0.90360826,15.49729
3016,-49.7213,0.90453714,15.499284
3017,-49.72116,0.90537614,15.49943
3018,-49.721073,0.90609163,15.497237
3019,-49.72106,0.9066576,15.492272
3020,-49.72112,0.9070925,15.4847765
3021,-49.721233,0.9074109,15.474889
3022,-49.72137,0.9076595,15.464349
3023,-49.721508,0.9078785,15.454789
3024,-49.721645,0.9080701,15.446146
3025,-49.721783,0.9082359,15.438365
3026,-49.72192,0.9084043,15.432597
3027,-49.722023,0.9086011,15.429946
3028,-49.72209,0.908824,15.430266
3029,-49.72216,0.9090704,15.433376
3030,-49.72218,0.90933084,15.437946
3031,-49.72218,0.9095974,15.4427595
3032,-49.722134,0.90986884,15.4477825
3033,-49.722065,0.9101443,15.45299
3034,-49.721996,0.91042244,15.458235
3035,-49.721928,0.9107014,15.4633875
3036,-49.721916,0.9109802,15.468431
3037,-49.721916,0.9112574,15.473348
3038,-49.721916,0.91153306,15.478253
3039,-49.721935,0.91180706,15.483245
3040,-49.722004,0.9120777,15.4882765
3041,-49.722073,0.91234374,15.493309
3042,-49.72214,0.91260016,15.498104
3043,-49.72221,0.91284335,15.502472
3044,-49.722244,0.91307384,15.50645
3045,-49.722244,0.91329265,15.510072
3046,-49.722244,0.91348946,15.513323
3047,-49.722244,0.9136561,15.516198
3048,-49.722244,0.91379637,15.518747
3049,-49.722244,0.913913,15.52101
3050,-49.722244,0.91402835,15.52318
3051,-49.722244,0.9141617,15.525406
3052,-49.722263,0.91430956,15.527655
3053,-49.722332,0.9144682,15.529896
3054,-49.7224,0.91462606,15.531976
3055,-49.722446,0.9147741,15.533787
3056,-49.722446,0.9149128,15.535358
3057,-49.722446,0.91504294,15.5367155
3058,-49.722446,0.91516376,15.537911
3059,-49.722446,0.9152752,15.538993
3060,-49.722446,0.91537803,15.539971
3061,-49.722446,0.91547287,15.540856
3062,-49.722446,0.91556066,15.541703
3063,-49.722446,0.9156421,15.542562
3064,-49.722446,0.91571766,15.54342
3065,-49.722446,0.91578776,15.544278
3066,-49.722446,0.91585314,15.545115
3067,-49.722446,0.9159144,15.545924
3068,-49.722446,0.9159717,15.546702
3069,-49.722446,0.9160252,15.547449
3070,-49.722446,0.9160742,15.548157
3071,-49.722446,0.9161182,15.548824
3072,-49.722446,0.91615784,15.549455
3073,-49.722446,0.91619354,15.550051
3074,-49.722446,0.91622645,15.550596
3075,-49.722446,0.9162578,15.551079
3076,-49.722446,0.9162874,15.5515
3077,-49.722446,0.9163155,15.551869
3078,-49.722446,0.9163417,15.552213
3079,-49.722446,0.9163659,15.552556
3080,-49.722446,0.9163884,15.552899
3081,-49.722446,0.9164092,15.553232
3082,-49.722446,0.9164281,15.553545
3083,-49.722446,0.91644484,15.553825
3084,-49.722446,0.9164598,15.554075
3085,-49.722446,0.91647315,15.554299
3086,-49.722446,0.91648513,15.554505
3087,-49.722446,0.9164957,15.5547085
3088,-49.722446,0.91650516,15.554897
3089,-49.722446,0.9165137,15.555086
3090,-49.722446,0.9165208,15.555275
3091,-49.722446,0.91652656,15.555447
3092,-49.722446,0.916531,15.555618
3093,-49.722446,0.9165343,15.55579
3094,-49.722446,0.91653645,15.555947
3095,-49.722446,0.9165378,15.55607
3096,-49.722446,0.9165385,15.556159
3097,-49.722446,0.9165385,15.556214
3098,-49.722446,0.91653895,15.556264
3099,-49.722446,0.91654134,15.556336
3100,-49.722446,0.91654557,15.556427
3101,-48.392727,-0.20545626,7.6053495
3102,-48.3918,-0.20560081,7.6061583
3103,-48.390728,-0.20586814,7.6073704
3104,-48.38952,-0.20625949,7.608976
3105,-48.388172,-0.20677628,7.610965
3106,-48.386623,-0.20743647,7.61343
3107,-48.384808,-0.20825614,7.6164417
3108,-48.38273,-0.20923375,7.619946
3109,-48.38039,-0.21036762,7.6238823
3110,-48.377945,-0.21158661,7.6284866
3111,-48.375553,-0.21281716,7.6339655
3112,-48.373226,-0.21405393,7.640224
3113,-48.370968,-0.21529174,7.64717
3114,-48.36877,-0.21655105,7.654362
3115,-48.366573,-0.21785419,7.661463
3116,-48.36441,-0.21919864,7.6685348
3117,-48.36228,-0.22058122,7.6756296
3118,-48.360104,-0.22199386,7.682532
3119,-48.357807,-0.22343151,7.6890483
3120,-48.355404,-0.22489531,7.695259
3121,-48.352898,-0.22638614,7.7012444
3122,-48.350563,-0.22778048,7.706535
3123,-48.34865,-0.22895971,7.710611
3124,-48.34715,-0.22993083,7.7134666
3125,-48.346027,-0.23069912,7.715097
3126,-48.345436,-0.23113476,7.71563
3127,-48.345524,-0.23110504,7.715215
3128,-48.3463,-0.23060918,7.713836
3129,-48.34777,-0.22964545,7.711453
3130,-48.34942,-0.22853899,7.7086024
3131,-48.350708,-0.22761558,7.705881
3132,-48.351627,-0.22687434,7.7033143
3133,-48.352173,-0.22631551,7.7009234
3134,-48.35241,-0.22590713,7.6988316
3135,-48.352425,-0.22561826,7.6971617
3136,-48.352203,-0.22545107,7.695929
3137,-48.35175,-0.22540724,7.6951466
3138,-48.35125,-0.22537869,7.6945477
3139,-48.350887,-0.22525601,7.6938567
3140,-48.350662,-0.22503857,7.69307
3141,-48.350574,-0.22472593,7.692184
3142,-48.350655,-0.22430432,7.6915965
3143,-48.35093,-0.22376241,7.691712
3144,-48.351402,-0.22310503,7.692533
3145,-48.35207,-0.22233893,7.6940565
3146,-48.35275,-0.22156063,7.6956472
3147,-48.353264,-0.22085786,7.6966953
3148,-48.353622,-0.22022605,7.697216
3149,-48.35383,-0.21966138,7.6972213
3150,-48.353897,-0.21917598,7.6970253
3151,-48.35385,-0.21878368,7.696938
3152,-48.353683,-0.21848388,7.6969547
3153,-48.353397,-0.21827614,7.69707
3154,-48.353054,-0.21809067,7.697037
3155,-48.35275,-0.21785773,7.696613
3156,-48.352474,-0.2175765,7.6957917
3157,-48.3522,-0.21724571,7.6945643
3158,-48.351894,-0.21696714,7.69327
3159,-48.35148,-0.21684514,7.692261
3160,-48.35096,-0.21688159,7.691544
3161,-48.350323,-0.21707806,7.6911216
3162,-48.34954,-0.21744838,7.6909823
3163,-48.348568,-0.21800739,7.6911063
3164,-48.3474,-0.21875802,7.691486
3165,-48.346043,-0.21970393,7.692114
3166,-48.344814,-0.2205449,7.6925707
3167,-48.34405,-0.220974,7.6924553
3168,-48.34375,-0.22098638,7.691776
3169,-48.343914,-0.22057869,7.6905246
3170,-48.344303,-0.21996559,7.688941
3171,-48.344646,-0.21936308,7.6872845
3172,-48.34499,-0.2187709,7.685553
3173,-48.3453,-0.218189,7.683749
3174,-48.34555,-0.21763545,7.6819754
3175,-48.34572,-0.21712895,7.6803384
3176,-48.345795,-0.2166698,7.678849
3177,-48.34577,-0.21625839,7.6775146
3178,-48.34568,-0.21591975,7.6764293
3179,-48.345524,-0.21567935,7.6756845
3180,-48.345306,-0.21553795,7.675283
3181,-48.345028,-0.21549599,7.6752214
3182,-48.34463,-0.21555673,7.6753106
3183,-48.34407,-0.21572335,7.675363
3184,-48.34334,-0.21599655,7.6753836
3185,-48.342445,-0.21637711,7.675381
3186,-48.341507,-0.21680915,7.6753554
3187,-48.340645,-0.2172363,7.675296
3188,-48.33986,-0.21765868,7.6752043
3189,-48.33915,-0.21807672,7.675082
3190,-48.33855,-0.21840063,7.6747327
3191,-48.338097,-0.21853946,7.6739554
3192,-48.33779,-0.21849138,7.6727467
3193,-48.337635,-0.21825384,7.671098
3194,-48.33773,-0.21778686,7.66891
3195,-48.338196,-0.21705012,7.6660743
3196,-48.33904,-0.21604006,7.6625576
3197,-48.340267,-0.21475321,7.6583166
3198,-48.34135,-0.21362385,7.6543527
3199,-48.341743,-0.21309432,7.651765
3200,-48.34143,-0.21317272,7.650618
3201,-48.34041,-0.21386653,7.6509237
3202,-48.33899,-0.21488397,7.651967
3203,-48.33747,-0.21592917,7.6530538
3204,-48.33586,-0.2170032,7.654188
3205,-48.334164,-0.21810713,7.655378
3206,-48.33251,-0.21911241,7.6564217
3207,-48.33105,-0.219883,7.657205
3208,-48.329773,-0.22041687,7.6579156
3209,-48.328682,-0.22071348,7.6587114
3210,-48.327812,-0.22077844,7.6601562
3211,-48.327187,-0.2206201,7.6627226
3212,-48.32681,-0.22024469,7.666355
3213,-48.326675,-0.21966125,7.6709495
3214,-48.326675,-0.21908593,7.6764126
3215,-48.326675,-0.21872301,7.6827
3216,-48.326675,-0.21856366,7.689753
3217,-48.326675,-0.21859665,7.6975083
3218,-48.326565,-0.21872295,7.70503
3219,-48.32629,-0.2188521,7.711545
3220,-48.325863,-0.21898428,7.7172174
3221,-48.003506,-0.5566069,9.636371
3222,-48.003033,-0.5602251,9.730767
3223,-48.002907,-0.5631547,9.822887
3224,-48.00308,-0.5655065,9.905835
3225,-48.003464,-0.56741875,9.980036
3226,-48.004013,-0.5689922,10.046096
3227,-48.004696,-0.5704852,10.114437
3228,-48.00548,-0.5720588,10.193657
3229,-48.006332,-0.57365036,10.2809305
3230,-48.007225,-0.57520485,10.37247
3231,-48.00804,-0.57665443,10.456287
3232,-48.008717,-0.57796717,10.522933
3233,-48.009254,-0.57915145,10.573113
3234,-48.00966,-0.5802158,10.608708
3235,-48.010002,-0.58108616,10.63176
3236,-48.01041,-0.581736,10.645415
3237,-48.010864,-0.5822229,10.65289
3238,-48.01139,-0.582583,10.656505
3239,-48.01192,-0.5828845,10.658329
3240,-48.01237,-0.5831763,10.659661
3241,-48.01274,-0.58345723,10.661193
3242,-48.01307,-0.5837477,10.663889
3243,-48.013344,-0.58407336,10.667488
3244,-48.01362,-0.58446026,10.671602
3245,-48.01383,-0.58491534,10.676309
3246,-48.01402,-0.58544654,10.681696
3247,-48.014206,-0.58607864,10.687421
3248,-48.014412,-0.58684427,10.693189
3249,-48.01467,-0.58776635,10.69921
3250,-48.014954,-0.58887386,10.705743
3251,-48.01535,-0.5902076,10.71358
3252,-48.015923,-0.5918236,10.723694
3253,-48.016716,-0.59378624,10.736728
3254,-48.017784,-0.59617263,10.753459
3255,-48.019085,-0.5989904,10.77479
3256,-48.020565,-0.6022099,10.801258
3257,-48.022236,-0.6058582,10.833125
3258,-48.024113,-0.60995436,10.870528
3259,-48.026184,-0.61447966,10.912393
3260,-48.028435,-0.61938864,10.957492
3261,-48.048668,-0.6820679,11.561282
3262,-48.04934,-0.68552595,11.597854
3263,-48.04975,-0.68830323,11.627346
3264,-48.04995,-0.69052476,11.650839
3265,-48.05011,-0.69258493,11.672638
3266,-48.050358,-0.69478965,11.696282
3267,-48.05069,-0.6970997,11.721409
3268,-48.051098,-0.6994773,11.7476635
3269,-48.051567,-0.7017148,11.772791
3270,-48.05208,-0.7036564,11.794987
3271,-48.052628,-0.705339,11.8145485
3272,-48.05323,-0.70679426,11.831744
3273,-48.053757,-0.708208,11.849031
3274,-48.054115,-0.7097356,11.868558
3275,-48.054325,-0.71135813,11.89009
3276,-48.05441,-0.713058,11.91341
3277,-48.05446,-0.71477026,11.937299
3278,-48.054527,-0.71643776,11.96063
3279,-48.05465,-0.7180567,11.983364
3280,-48.054787,-0.71962243,12.005442
3281,-48.05493,-0.7210803,12.026028
3282,-48.055138,-0.72238755,12.044427
3283,-48.055344,-0.72356147,12.060846
3284,-48.05555,-0.7246177,12.075477
3285,-48.055805,-0.72554785,12.088269
3286,-48.05608,-0.72634476,12.099175
3287,-48.056355,-0.7270231,12.1083765
3288,-48.05663,-0.72759545,12.11602
3289,-48.056904,-0.7280824,12.1225195
3290,-48.05714,-0.7285018,12.128242
3291,-48.057346,-0.7288598,12.133249
3292,-48.0575,-0.7291604,12.137594
3293,-48.057667,-0.72944313,12.14167
3294,-48.057873,-0.7297436,12.145833
3295,-48.05814,-0.73005974,12.150065
3296,-48.058422,-0.7303895,12.15435
3297,-48.05869,-0.7307251,12.158805
3298,-48.05887,-0.73105985,12.163562
3299,-48.05897,-0.73139507,12.168617
3300,-48.059,-0.73173124,12.1739645
3301,-48.059,-0.7320488,12.179096
3302,-48.059,-0.7323292,12.183521
3303,-48.058975,-0.7325744,12.187268
3304,-48.058907,-0.7327864,12.190368
3305,-48.058838,-0.73299825,12.193394
3306,-48.05877,-0.7332407,12.196894
3307,-48.05875,-0.7335123,12.200843
3308,-48.05875,-0.73381054,12.2052145
3309,-48.05875,-0.73415184,12.210265
3310,-48.05878,-0.7345505,12.216216
3311,-48.05885,-0.7349997,12.222984
3312,-48.058952,-0.7354929,12.230478
3313,-48.05909,-0.7359844,12.23797
3314,-48.05928,-0.73643535,12.244828
3315,-48.059486,-0.73684883,12.25109
3316,-48.05976,-0.7372273,12.256793
3317,-48.06002,-0.7375729,12.262072
3318,-48.060226,-0.73788846,12.267063
3319,-48.060406,-0.73817664,12.271796
3320,-49.778072,1.0704367,10.668344
3321,-49.776817,1.074578,10.694029
3322,-49.77597,1.0782048,10.717011
3323,-49.775448,1.0813684,10.736983
3324,-49.77518,1.0841259,10.7539015
3325,-49.775043,1.0867348,10.770989
3326,-49.774906,1.0893855,10.7901125
3327,-49.774822,1.0920497,10.810859
3328,-49.774754,1.0947005,10.8328285
3329,-49.774685,1.0972365,10.85425
3330,-49.77463,1.0995871,10.873764
3331,-49.77463,1.1017717,10.891576
3332,-49.77463,1.1038072,10.907873
3333,-49.77463,1.1056492,10.922247
3334,-49.77463,1.1072638,10.934391
3335,-49.774673,1.1086798,10.944563
3336,-49.774742,1.1099185,10.952974
3337,-49.774788,1.1111046,10.961056
3338,-49.774788,1.1123431,10.970038
3339,-49.774788,1.1136235,10.979806
3340,-49.774723,1.1149359,10.990242
3341,-49.774654,1.1162353,11.000475
3342,-49.774586,1.1174856,11.009767
3343,-49.77448,1.1186913,11.018204
3344,-49.77434,1.1198575,11.025865
3345,-49.774204,1.1209635,11.03259
3346,-49.774033,1.1219937,11.038245
3347,-49.773827,1.1229564,11.042924
3348,-49.77362,1.1238583,11.046688
3349,-49.773415,1.124752,11.050601
3350,-49.77321,1.1256827,11.055619
3351,-49.773003,1.1266428,11.061646
3352,-49.772797,1.1276248,11.068574
3353,-49.77259,1.1286002,11.075858
3354,-49.772385,1.1295459,11.083027
3355,-49.77218,1.130463,11.090077
3356,-49.771973,1.131352,11.097006
3357,-49.771767,1.1322107,11.103551
3358,-49.77156,1.1330385,11.10949
3359,-49.771355,1.133838,11.114873
3360,-49.771145,1.1346115,11.11974
3361,-49.77094,1.1353528,11.124341
3362,-49.770733,1.1360564,11.128899
3363,-49.770557,1.1367241,11.133412
3364,-49.77042,1.1373576,11.137876
3365,-49.770283,1.1379584,11.142203
3366,-49.770145,1.1385283,11.1463175
3367,-49.770008,1.1390697,11.150229
3368,-49.76987,1.1395841,11.1539545
3369,-49.76977,1.1400797,11.157539
3370,-49.769703,1.1405635,11.161027
3371,-49.769634,1.1410357,11.164419
3372,-49.769566,1.1414964,11.167719
3373,-49.769497,1.1419593,11.170993
3374,-49.76936,1.142436,11.174298
3375,-49.769222,1.1429251,11.17763
3376,-49.769085,1.1434246,11.180978
3377,-49.768948,1.143923,11.184377
3378,-49.76881,1.1444099,11.187857
3379,-49.768673,1.1448853,11.191404
3380,-49.768555,1.1453493,11.195011
3381,-49.768486,1.1457924,11.19848
3382,-49.768417,1.1462071,11.201642
3383,-49.76835,1.146596,11.20452
3384,-49.76828,1.146961,11.207133
3385,-49.76821,1.1473044,11.209519
3386,-49.768143,1.1476289,11.211706
3387,-49.768074,1.1479357,11.213708
3388,-49.768005,1.148226,11.215535
3389,-49.767937,1.1485026,11.217213
3390,-49.767868,1.1487685,11.218764
3391,-49.7678,1.1490244,11.220198
3392,-49.76773,1.1492707,11.221518
3393,-49.767662,1.1495142,11.222889
3394,-49.767593,1.1497605,11.224466
3395,-49.767525,1.1500093,11.226238
3396,-49.767456,1.1502601,11.228193
3397,-49.767387,1.150491,11.230085
3398,-49.767334,1.1506841,11.231692
3399,-49.767334,1.1508411,11.233029
3400,-49.767334,1.1509639,11.23411
3401,-49.767334,1.1510822,11.235123
3402,-49.767334,1.1512244,11.236244
3403,-49.76731,1.1513892,11.23747
3404,-49.378063,1.4453806,9.665048
3405,-49.376747,1.4504191,9.728122
3406,-49.375603,1.4547547,9.782549
3407,-49.374573,1.4585062,9.829665
3408,-49.373573,1.4617621,9.87047
3409,-49.372612,1.4646105,9.9060955
3410,-49.371704,1.4671198,9.937412
3411,-49.37091,1.4693736,9.965519
3412,-49.370293,1.4714378,9.991284
3413,-49.369823,1.4733398,10.015036
3414,-49.369473,1.4751006,10.037042
3415,-49.369198,1.4767051,10.057105
3416,-49.368923,1.4781431,10.075094
3417,-49.368702,1.4794366,10.091288
3418,-49.368496,1.4806055,10.105931
3419,-49.36829,1.4816787,10.119399
3420,-49.368084,1.4826795,10.131986
3421,-49.367935,1.4836143,10.143774
3422,-49.367798,1.4844899,10.1548395
3423,-49.36766,1.4853357,10.165521
3424,-49.367523,1.4861746,10.176074
3425,-49.36732,1.4870006,10.186431
3426,-49.367115,1.4878085,10.1965275
3427,-49.366947,1.4885801,10.2061405
3428,-49.36681,1.4893032,10.21512
3429,-49.366673,1.4899812,10.223515
3430,-49.366566,1.4906174,10.231363
3431,-49.366497,1.491202,10.238593
3432,-49.36643,1.4917287,10.245154
3433,-49.36636,1.492204,10.251126
3434,-49.36629,1.4926337,10.256571
3435,-49.366222,1.4930254,10.261572
3436,-49.366154,1.493386,10.266196
3437,-49.366085,1.4937181,10.27048
3438,-49.366016,1.4940244,10.274454
3439,-49.365948,1.4943087,10.278136
3440,-49.36588,1.4945742,10.281548
3441,-49.36581,1.4948223,10.284712
3442,-49.36574,1.4950545,10.287646
3443,-49.365673,1.4952748,10.29041
3444,-49.365604,1.4954866,10.293052
3445,-49.365536,1.4956901,10.295577
3446,-49.365467,1.4958856,10.297991
3447,-49.3654,1.4960624,10.30017
3448,-49.365356,1.4962119,10.302015
3449,-49.365356,1.4963366,10.30356
3450,-49.365356,1.4964392,10.304836
3451,-49.365356,1.4965363,10.306045
3452,-49.365356,1.4966424,10.307369
3453,-49.365356,1.4967567,10.308797
3454,-48.471275,-0.14654365,7.801817
3455,-48.470673,-0.1466275,7.798734
3456,-48.469784,-0.14678998,7.7949557
3457,-48.46861,-0.14703263,7.7904615
3458,-48.467148,-0.14735694,7.7852254
3459,-48.46527,-0.14780574,7.7802043
3460,-48.46287,-0.14841735,7.7763796
3461,-48.45999,-0.14918356,7.7737303
3462,-48.456696,-0.15009215,7.772216
3463,-48.45325,-0.15107097,7.7722716
3464,-48.44991,-0.15205248,7.7744527
3465,-48.446682,-0.15302816,7.7788177
3466,-48.443592,-0.1539888,7.785341
3467,-48.440693,-0.15494674,7.7930264
3468,-48.438023,-0.15591508,7.8009195
3469,-48.43557,-0.15688434,7.8089604
3470,-48.433327,-0.15784463,7.8170657
3471,-48.4312,-0.15876707,7.8264084
3472,-48.429096,-0.15962045,7.837864
3473,-48.42708,-0.16039293,7.8509216
3474,-48.425186,-0.16107482,7.865135
3475,-48.42365,-0.16163501,7.8792763
3476,-48.422604,-0.16206735,7.892455
3477,-48.421944,-0.16239811,7.90481
3478,-48.421577,-0.16264991,7.916487
3479,-48.421482,-0.16280204,7.9272428
3480,-48.42163,-0.16285068,7.9371424
3481,-48.421997,-0.16281694,7.9465413
3482,-48.42259,-0.16269986,7.9556155
3483,-48.42325,-0.1625352,7.9639893
3484,-48.4238,-0.16236232,7.9711456
3485,-48.424236,-0.1621809,7.977025
3486,-48.424545,-0.16199054,7.981553
3487,-48.424736,-0.16180849,7.9855914
3488,-48.42484,-0.16165447,7.9900546
3489,-48.424843,-0.16153142,7.994938
3490,-48.42474,-0.16144152,8.000226
3491,-48.424614,-0.16137785,8.006051
3492,-48.42455,-0.1613325,8.012542
3493,-48.42455,-0.16130587,8.019676
3494,-48.424614,-0.16129808,8.027415
3495,-48.424744,-0.16130649,8.035653
3496,-48.424957,-0.16132826,8.044275
3497,-48.425243,-0.16136295,8.053241
3498,-48.4256,-0.16140996,8.062507
3499,-48.42597,-0.16146015,8.071679
3500,-48.42631,-0.16150494,8.08042
3501,-48.426617,-0.16154452,8.088752
3502,-48.42689,-0.16157898,8.096703
3503,-48.427124,-0.16161492,8.104477
3504,-48.427315,-0.16165872,8.112253
3505,-48.427452,-0.16171023,8.120023
3506,-48.427532,-0.16176921,8.127775
3507,-48.4276,-0.16181906,8.135233
3508,-48.42767,-0.16184396,8.142161
3509,-48.42774,-0.16184463,8.148607
3510,-48.427807,-0.16182116,8.154608
3511,-48.427853,-0.16180345,8.1604595
3512,-48.427853,-0.16182111,8.166411
3513,-48.427853,-0.16187347,8.1724205
3514,-48.427853,-0.16195911,8.178441
3515,-48.4278,-0.16206387,8.184075
3516,-48.427673,-0.16217463,8.188986
3517,-48.427483,-0.16229084,8.193201
3518,-48.42723,-0.16241194,8.196756
3519,-48.427017,-0.16250953,8.200359
3520,-48.426926,-0.16255738,8.204703
3521,-48.426956,-0.16255747,8.2098055
3522,-48.42711,-0.16251008,8.215708
3523,-48.427315,-0.16244207,8.221675
3524,-48.42752,-0.16238107,8.226918
3525,-48.42777,-0.16232729,8.231418
3526,-48.428043,-0.16228078,8.235151
3527,-48.428295,-0.16224189,8.23853
3528,-48.4285,-0.16221102,8.241966
3529,-48.42869,-0.1621883,8.245452
3530,-48.42883,-0.16217388,8.248985
3531,-48.428967,-0.16217276,8.252623
3532,-48.429085,-0.16218981,8.256416
3533,-48.429153,-0.16222472,8.260355
3534,-48.429222,-0.162277,8.264417
3535,-48.429268,-0.16234033,8.268716
3536,-48.429268,-0.16240881,8.273367
3537,-48.429222,-0.16248208,8.278351
3538,-48.429153,-0.16255982,8.283647
3539,-48.429085,-0.16263899,8.28891
3540,-48.429016,-0.16271678,8.293828
3541,-48.428974,-0.16279319,8.298413
3542,-48.428974,-0.16286825,8.302679
3543,-48.428974,-0.16292416,8.306477
3544,-48.428974,-0.16294417,8.309697
3545,-48.429035,-0.16292904,8.31238
3546,-48.429104,-0.1628785,8.314548
3547,-48.42921,-0.16279808,8.316746
3548,-48.429394,-0.16269293,8.319533
3549,-48.429657,-0.16256137,8.3229475
3550,-48.43002,-0.16240114,8.327032
3551,-48.43036,-0.1622589,8.331043
3552,-48.430553,-0.16218671,8.33414
3553,-48.4306,-0.1621877,8.3362665
3554,-48.430492,-0.1622617,8.337397
3555,-48.430286,-0.16236764,8.3379545
3556,-48.43008,-0.16246656,8.338368
3557,-48.429874,-0.16255875,8.338641
3558,-48.429638,-0.16264457,8.33878
3559,-48.429417,-0.16271651,8.339423
3560,-48.42921,-0.16276744,8.341184
3561,-48.429035,-0.16279818,8.344042
3562,-48.428898,-0.1628092,8.34799
3563,-48.42876,-0.1628068,8.352688
3564,-48.428627,-0.16279703,8.357798
3565,-48.42856,-0.1627799,8.363322
3566,-48.42849,-0.16275533,8.369271
3567,-48.42842,-0.16273996,8.375697
3568,-48.4284,-0.16275041,8.382611
3569,-48.4284,-0.16278614,8.389952
3570,-48.428413,-0.16284618,8.397658
3571,-48.428432,-0.16291374,8.405211
3572,-48.428432,-0.16297343,8.4121685
3573,-48.428432,-0.16302574,8.4185705
3574,-48.53833,0.13258474,10.167827
3575,-48.53833,0.13258474,10.205503
3576,-48.53833,0.13258474,10.242582
3577,-48.53833,0.13258474,10.277836
3578,-48.53833,0.13258474,10.310185
3579,-48.53833,0.13258474,10.339819
3580,-48.53833,0.13258474,10.366909
3581,-48.53833,0.13258474,10.392528
3582,-48.53833,0.13258474,10.417648
3583,-48.53833,0.13258474,10.442276
3584,-48.53833,0.13258474,10.466417
3585,-48.53833,0.13258474,10.489858
3586,-48.53833,0.13258474,10.512391
3587,-48.53833,0.13258474,10.5340605
3588,-48.53833,0.13258474,10.554904
3589,-48.53833,0.13258474,10.574554
3590,-48.53833,0.13258474,10.592682
3591,-48.53833,0.13258474,10.609367
3592,-48.53833,0.13258474,10.624683
3593,-48.53833,0.13258474,10.639837
3594,-48.53833,0.13258474,10.655946
3595,-48.53833,0.13258474,10.672935
3596,-48.53833,0.13258474,10.690726
3597,-48.53833,0.13258474,10.709197
3598,-48.53833,0.13258474,10.728224
3599,-48.53833,0.13258474,10.747732
3600,-48.53833,0.13258474,10.767651
3601,-48.53833,0.13258474,10.787937
3602,-48.53833,0.13258474,10.808542
3603,-48.53833,0.13258474,10.829397
3604,-48.53833,0.13258474,10.850422
3605,-48.53833,0.13258474,10.871917
3606,-48.53833,0.13258474,10.894122
3607,-48.53833,0.13258474,10.916876
3608,-48.53833,0.13258474,10.94002
3609,-48.53833,0.13258474,10.962735
3610,-48.53833,0.13258474,10.984347
3611,-48.53833,0.13258474,11.004908
3612,-48.38839,-0.11586393,8.636899
3613,-48.390076,-0.11611309,8.69585
3614,-48.392075,-0.11642689,8.753264
3615,-48.394043,-0.11674841,8.806977
3616,-48.395718,-0.11703227,8.855504
3617,-48.397133,-0.117282964,8.899453
3618,-48.398323,-0.11750432,8.939346
3619,-48.399292,-0.117717765,8.976428
3620,-48.400024,-0.11794084,9.011677
3621,-48.40055,-0.11817134,9.045166
3622,-48.40089,-0.118407294,9.076961
3623,-48.40112,-0.11859501,9.106082
3624,-48.401325,-0.11869033,9.13184
3625,-48.401463,-0.11870366,9.15466
3626,-48.4016,-0.1186434,9.174896
3627,-48.401672,-0.11860408,9.193734
3628,-48.40172,-0.11866875,9.2121105
3629,-48.40172,-0.118826985,9.22997
3630,-48.401688,-0.119068354,9.247271
3631,-48.401558,-0.1193492,9.263013
3632,-48.40128,-0.11963297,9.276428
3633,-48.400867,-0.11992018,9.287776
3634,-48.400333,-0.12021143,9.297274
3635,-48.39988,-0.12044519,9.3067
3636,-48.3997,-0.120564915,9.317579
3637,-48.39977,-0.12057943,9.329712
3638,-48.400063,-0.120498404,9.342899
3639,-48.400475,-0.120383926,9.355402
3640,-48.400887,-0.12028954,9.365795
3641,-48.401257,-0.12021311,9.374312
3642,-48.4016,-0.12015292,9.381138
3643,-48.401943,-0.12010797,9.38712
3644,-48.402225,-0.12007761,9.392995
3645,-48.40246,-0.120061,9.398762
3646,-48.40265,-0.12005724,9.404415
3647,-48.402786,-0.12007293,9.410054
3648,-48.402924,-0.120113924,9.415761
3649,-48.40304,-0.12017831,9.421512
3650,-48.40311,-0.12026414,9.427279
3651,-48.40317,-0.12036097,9.43325
3652,-48.40317,-0.120459184,9.439565
3653,-48.403126,-0.120558046,9.446154
3654,-48.403057,-0.12065682,9.452942
3655,-48.40299,-0.120752424,9.459486
3656,-48.40292,-0.120842606,9.46543
3657,-48.40287,-0.12092784,9.470834
3658,-48.40287,-0.12100863,9.475747
3659,-48.40287,-0.12106815,9.480011
3660,-48.40287,-0.12109171,9.483491
3661,-48.40288,-0.12108213,9.486268
3662,-48.40295,-0.121041335,9.488397
3663,-48.403023,-0.12097736,9.490446
3664,-48.40316,-0.12089807,9.492917
3665,-48.403347,-0.12080482,9.495771
3666,-48.40357,-0.12069917,9.498968
3667,-48.403763,-0.12061308,9.501916
3668,-48.40387,-0.120574765,9.504114
3669,-48.403893,-0.1205811,9.505623
3670,-48.403835,-0.12063018,9.506482
3671,-48.403698,-0.12069813,9.506979
3672,-48.40356,-0.12076188,9.507382
3673,-48.403423,-0.12082156,9.507694
3674,-48.403286,-0.12087732,9.507915
3675,-48.40315,-0.12092481,9.508494
3676,-48.40301,-0.12095947,9.509858
3677,-48.40292,-0.12098143,9.511957
3678,-48.40285,-0.12099125,9.514717
3679,-48.402782,-0.12099318,9.517821
3680,-48.402714,-0.120991156,9.520995
3681,-48.402653,-0.12098566,9.524209
3682,-48.402653,-0.12097713,9.527432
3683,-48.402653,-0.120973654,9.530667
3684,-48.402653,-0.12098179,9.533912
3685,-48.402653,-0.12099974,9.537126
3686,-48.402653,-0.12102572,9.540275
3687,-48.402653,-0.121052675,9.543159
3688,-48.402653,-0.1210752,9.545642
3689,-48.402653,-0.12109395,9.547781
3690,-49.691277,1.0299236,14.0247755
3691,-49.691277,1.0299236,14.126173
3692,-49.691277,1.0299236,14.224173
3693,-49.691277,1.0299236,14.318689
3694,-49.691277,1.0299236,14.414555
3695,-49.691277,1.0299236,14.515304
3696,-49.691277,1.0299236,14.61894
3697,-49.691277,1.0299236,14.72355
3698,-49.691277,1.0299236,14.810989
3699,-49.691277,1.0299236,14.868571
3700,-49.691277,1.0299236,14.900797
3701,-49.691277,1.0299236,14.910109
3702,-49.691277,1.0299236,14.916624
3703,-49.691277,1.0299236,14.939331
3704,-49.691277,1.0299236,14.977005
3705,-49.691277,1.0299236,15.027647
3706,-49.691277,1.0299236,15.080576
3707,-49.691277,1.0299236,15.127318
3708,-49.691277,1.0299236,15.16862
3709,-49.691277,1.0299236,15.205119
3710,-49.691277,1.0299236,15.238056
3711,-49.691277,1.0299236,15.268454
3712,-49.691277,1.0299236,15.296531
3713,-49.691277,1.0299236,15.322485
3714,-49.691277,1.0299236,15.347863
3715,-49.691277,1.0299236,15.373915
3716,-49.691277,1.0299236,15.400369
3717,-49.691277,1.0299236,15.426968
3718,-49.691277,1.0299236,15.453246
3719,-49.691277,1.0299236,15.478824
3720,-49.691277,1.0299236,15.503585
3721,-49.691277,1.0299236,15.5274315
3722,-49.691277,1.0299236,15.54994
3723,-49.691277,1.0299236,15.570814
3724,-49.691277,1.0299236,15.590157
3725,-49.691277,1.0299236,15.608068
3726,-49.691277,1.0299236,15.623327
3727,-49.691277,1.0299236,15.635097
3728,-49.691277,1.0299236,15.643899
3729,-49.691277,1.0299236,15.65012
3730,-49.691277,1.0299236,15.656341
3731,-49.691277,1.0299236,15.664736
3732,-49.691277,1.0299236,15.674922
3733,-49.691277,1.0299236,15.686449
3734,-49.691277,1.0299236,15.697784
3735,-49.691277,1.0299236,15.707832
3736,-49.691277,1.0299236,15.716751
3737,-49.691277,1.0299236,15.724683
3738,-49.691277,1.0299236,15.731445
3739,-49.691277,1.0299236,15.736926
3740,-49.691277,1.0299236,15.741328
3741,-49.691277,1.0299236,15.744802
3742,-49.691277,1.0299236,15.74766
3743,-49.691277,1.0299236,15.750162
3744,-49.691277,1.0299236,15.752334
3745,-49.691277,1.0299236,15.754218
3746,-49.691277,1.0299236,15.755826
3747,-49.691277,1.0299236,15.757179
3748,-49.691277,1.0299236,15.758293
3749,-49.691277,1.0299236,15.759183
3750,-49.691277,1.0299236,15.76051
3751,-49.691277,1.0299236,15.762864
3752,-49.691277,1.0299236,15.766099
3753,-48.080612,-0.40750283,11.002396
3754,-48.082035,-0.40829092,11.142983
3755,-48.083363,-0.40873754,11.273998
3756,-48.08453,-0.40888208,11.395826
3757,-48.08563,-0.40888843,11.51136
3758,-48.086727,-0.40884903,11.610539
3759,-48.087757,-0.40873867,11.693537
3760,-48.088646,-0.40853179,11.760689
3761,-48.08942,-0.4082291,11.814017
3762,-48.090084,-0.40782598,11.854654
3763,-48.09066,-0.40736738,11.884947
3764,-48.091133,-0.40690264,11.9066305
3765,-48.091507,-0.40642923,11.919293
3766,-48.091763,-0.4059443,11.922351
3767,-48.092022,-0.4054663,11.922296
3768,-48.0924,-0.40502077,11.926307
3769,-48.092903,-0.40461448,11.934609
3770,-48.09353,-0.40425327,11.947312
3771,-48.09428,-0.40397614,11.9704485
3772,-48.095154,-0.4038211,12.009414
3773,-48.096134,-0.40378544,12.06254
3774,-48.097168,-0.40385902,12.127376
3775,-48.09822,-0.4039831,12.197323
3776,-48.09925,-0.4041075,12.267219
3777,-48.10028,-0.40423104,12.336438
3778,-48.1013,-0.40435275,12.404448
3779,-48.10223,-0.40443885,12.46532
3780,-48.10307,-0.40446323,12.51498
3781,-48.103825,-0.40443364,12.555262
3782,-48.10451,-0.40435535,12.58748
3783,-48.105152,-0.404257,12.615847
3784,-48.10577,-0.4041649,12.643889
3785,-48.106354,-0.4040788,12.671556
3786,-48.106903,-0.40399843,12.698831
3787,-48.107418,-0.403914,12.724101
3788,-48.1079,-0.40381622,12.746011
3789,-48.10832,-0.40370554,12.764845
3790,-48.10873,-0.40358207,12.780841
3791,-48.109142,-0.40344205,12.794787
3792,-48.109554,-0.4032819,12.807416
3793,-48.109966,-0.4031017,12.818798
3794,-48.11038,-0.40290144,12.828985
3795,-48.11079,-0.40270725,12.838732
3796,-48.1112,-0.40254515,12.84873
3797,-48.11154,-0.4024149,12.858949
3798,-48.111885,-0.40231588,12.869355
3799,-48.11223,-0.40224192,12.882083
3800,-48.11257,-0.40218735,12.899063
3801,-48.112915,-0.40215153,12.919862
3802,-48.11326,-0.40213323,12.943958
3803,-48.11358,-0.40209934,12.96708
3804,-48.113834,-0.40202,12.985745
3805,-48.114033,-0.4018977,13.000455
3806,-48.11417,-0.40173355,13.0115595
3807,-48.114307,-0.40155387,13.021931
3808,-48.114445,-0.40138543,13.034186
3809,-48.11465,-0.40122893,13.048172
3810,-48.114857,-0.40108484,13.063701
3811,-48.11508,-0.40095735,13.080198
3812,-48.115356,-0.40084997,13.09712
3813,-48.11563,-0.40076166,13.114324
3814,-48.115906,-0.40069124,13.1316805
3815,-48.11618,-0.4006309,13.148173
3816,-48.116455,-0.40057358,13.162992
3817,-48.11673,-0.40051895,13.1762905
3818,-48.116962,-0.40046674,13.188219
3819,-48.11717,-0.4004151,13.1985235
3820,-48.117374,-0.40036234,13.206981
3821,-48.117565,-0.40030825,13.213745
3822,-48.117702,-0.40025264,13.218946
3823,-48.11784,-0.4001955,13.222692
3824,-48.117977,-0.40013692,13.225059
3825,-48.11806,-0.40007654,13.226085
3826,-48.11813,-0.4000139,13.225784
3827,-48.1182,-0.39994755,13.225739
3828,-48.118267,-0.39987648,13.227536
3829,-48.118336,-0.3998012,13.231146
3830,-48.11843,-0.39972246,13.236496
3831,-48.118553,-0.39964658,13.242322
3832,-48.11862,-0.39957893,13.247467
3833,-48.11869,-0.39951903,13.2519655
3834,-48.11876,-0.3994666,13.255852
3835,-48.118828,-0.39942285,13.258961
3836,-48.118896,-0.39938933,13.261132
3837,-48.118965,-0.39936545,13.262394
3838,-48.1191,-0.39935124,13.26276
3839,-48.119236,-0.39934444,13.264642
3840,-48.119373,-0.39934337,13.27032
3841,-48.11951,-0.3993476,13.2794485
3842,-48.119648,-0.39935663,13.291513
3843,-48.119785,-0.39937064,13.3043165
3844,-48.119923,-0.39938968,13.316138
3845,-48.12006,-0.39941302,13.327049
3846,-48.120197,-0.3994399,13.337124
3847,-48.120335,-0.39946634,13.346592
3848,-48.120472,-0.39948922,13.355636
3849,-48.12061,-0.39950886,13.364243
3850,-48.120747,-0.39952564,13.372408
3851,-48.12082,-0.3995391,13.379665
3852,-48.120888,-0.39954904,13.3857
3853,-48.120956,-0.39955595,13.390696
3854,-49.610523,0.8904064,14.67644
3855,-49.611748,0.89680994,14.984117
3856,-49.612923,0.90167797,15.184236
3857,-49.613907,0.90531194,15.316362
3858,-49.614697,0.90800583,15.404759
3859,-49.615337,0.90998,15.46371
3860,-49.615868,0.9114192,15.502678
3861,-49.616318,0.9124789,15.528424
3862,-49.616707,0.9132667,15.545247
3863,-49.61701,0.91382664,15.555467
3864,-49.61721,0.91419804,15.560692
3865,-49.617344,0.91443324,15.562254
3866,-49.617413,0.9145635,15.560855
3867,-49.61748,0.91467357,15.55903
3868,-49.61755,0.91482884,15.558936
3869,-49.61762,0.9150177,15.5603075
3870,-49.617687,0.9152271,15.562795
3871,-49.617756,0.91544163,15.566128
3872,-49.6178,0.91564846,15.570019
3873,-49.6178,0.9158404,15.574106
3874,-49.6178,0.91601187,15.578101
3875,-49.6178,0.91615206,15.581211
3876,-49.6178,0.91625935,15.583117
3877,-49.6178,0.91634196,15.584197
3878,-49.6178,0.916406,15.584715
3879,-49.6178,0.9164534,15.584979
3880,-49.6178,0.9164869,15.585183
3881,-49.6178,0.9165104,15.585344
3882,-49.6178,0.9165267,15.585474
3883,-49.6178,0.9165391,15.585611
3884,-49.6178,0.91655016,15.585783
3885,-49.6178,0.91656005,15.585981
3886,-49.6178,0.9165689,15.586201
3887,-49.6178,0.91657746,15.586467
3888,-49.6178,0.91658604,15.586792
3889,-49.6178,0.9165946,15.587161
3890,-49.6178,0.9166032,15.587561
3891,-49.6178,0.9166115,15.587905
3892,-49.6178,0.916619,15.588138
3893,-49.6178,0.91662556,15.588282
3894,-49.6178,0.91663164,15.588356
3895,-49.6178,0.916637,15.58842
3896,-49.6178,0.9166418,15.588514
3897,-49.6178,0.91664606,15.58863
3898,-49.6178,0.91664976,15.588757
3899,-49.6178,0.916653,15.588876
3900,-49.6178,0.9166562,15.588971
3901,-49.6178,0.9166586,15.589046
3902,-49.6178,0.9166607,15.589105
3903,-49.6178,0.9166629,15.589163
3904,-49.6178,0.9166643,15.5892315
3905,-49.6178,0.9166654,15.5893
3906,-49.6178,0.91666645,15.589369
3907,-49.6178,0.9166675,15.589425
3908,-49.6178,0.91666853,15.589451
3909,-49.6178,0.91666853,15.5894575
3910,-49.6178,0.91666853,15.58945
3911,-49.6178,0.91666853,15.589439
3912,-49.6178,0.9166688,15.589439
3913,-49.6178,0.91666913,15.589453
3914,-49.6178,0.9166694,15.58947
3915,-49.6178,0.9166694,15.589487
3916,-49.6178,0.9166695,15.589504
3917,-49.6178,0.9166695,15.589521
3918,-49.6178,0.9166695,15.589539
3919,-49.6178,0.9166695,15.589556
3920,-49.6178,0.9166695,15.589573
3921,-49.6178,0.9166695,15.58959
3922,-49.6178,0.9166695,15.589607
3923,-49.6178,0.9166695,15.589624
3924,-49.6178,0.9166695,15.589642
3925,-49.6178,0.9166695,15.589659
3926,-49.6178,0.9166695,15.589676
3927,-49.6178,0.9166695,15.589693
3928,-49.6178,0.9166695,15.58971
3929,-49.6178,0.9166695,15.589727
3930,-49.6178,0.91666955,15.589745
3931,-49.6178,0.91666955,15.589762
3932,-49.6178,0.91666955,15.589779
3933,-49.6178,0.91666955,15.589796
3934,-49.6178,0.91666955,15.589821
3935,-49.6178,0.91666955,15.589839
3936,-49.6178,0.91666955,15.589856
3937,-49.6178,0.91666955,15.589868
3938,-49.6178,0.91666955,15.589868
3939,-49.6178,0.91666955,15.589868
3940,-49.6178,0.91666955,15.589883
3941,-49.6178,0.91666955,15.5899
3942,-49.6178,0.91666955,15.589929
3943,-49.6178,0.91666955,15.589963
3944,-49.6178,0.91666955,15.589997
3945,-49.6178,0.91666955,15.590032
3946,-49.6178,0.91666955,15.590066
3947,-49.6178,0.91666955,15.590087
3948,-49.6178,0.91666955,15.590104
3949,-49.6178,0.91666955,15.590121
3950,-49.6178,0.91666955,15.590131
3951,-49.6178,0.91666955,15.590131
3952,-49.6178,0.91666955,15.590131
3953,-49.6178,0.91666955,15.590131
3954,-49.6178,0.91666955,15.590131
3955,-49.6178,0.91666955,15.590131
3956,-49.6178,0.91666955,15.590131
3957,-49.6178,0.91666955,15.590131
3958,-49.6178,0.91666955,15.590131
3959,-49.6178,0.91666955,15.590136
3960,-49.6178,0.91666955,15.590153
3961,-49.6178,0.91666955,15.590176
3962,-49.801846,1.0212268,11.211375
3963,-49.80154,1.0254432,11.249939
3964,-49.800743,1.0295414,11.285331
3965,-49.799526,1.0335332,11.318373
3966,-49.797943,1.037421,11.349679
3967,-49.796326,1.0410179,11.379087
3968,-49.794956,1.044162,11.406213
3969,-49.793793,1.0469171,11.431346
3970,-49.792816,1.0493364,11.454692
3971,-49.792076,1.0514494,11.476827
3972,-49.79163,1.0532811,11.498214
3973,-49.791447,1.0548538,11.518842
3974,-49.791496,1.0561912,11.538721
3975,-49.79165,1.0574379,11.5581455
3976,-49.791855,1.0587122,11.57729
3977,-49.79206,1.0600011,11.5960455
3978,-49.792267,1.0612931,11.614326
3979,-49.792473,1.0625317,11.631529
3980,-49.79268,1.0636741,11.647215
3981,-49.792885,1.0647295,11.661544
3982,-49.79309,1.0657065,11.67465
3983,-49.793297,1.0665823,11.686418
3984,-49.793476,1.0673404,11.696785
3985,-49.793613,1.0679959,11.705931
3986,-49.79375,1.0685601,11.713997
3987,-49.79386,1.0691001,11.721456
3988,-49.79393,1.0696722,11.728691
3989,-49.79396,1.0702704,11.735684
3990,-49.79396,1.0708898,11.742429
3991,-49.79396,1.0715045,11.748857
3992,-49.79396,1.0720931,11.754926
3993,-49.79396,1.0726564,11.760655
3994,-49.79396,1.0731953,11.76606
3995,-49.793938,1.0737059,11.770926
3996,-49.79387,1.0741857,11.775074
3997,-49.79376,1.0746375,11.778574
3998,-49.79362,1.0750636,11.781479
3999,-49.793484,1.0754777,11.784321
4000,-49.793346,1.075891,11.787559
4001,-49.79321,1.0763012,11.791138
4002,-49.7931,1.0767062,11.794996
4003,-49.79303,1.077102,11.79883
4004,-49.79296,1.0774857,11.802382
4005,-49.792892,1.0778564,11.805668
4006,-49.792824,1.0782136,11.8087
4007,-49.792755,1.0785502,11.811497
4008,-49.792645,1.0788615,11.814079
4009,-49.792507,1.0791497,11.81647
4010,-49.79237,1.0794169,11.8186865
4011,-49.792233,1.079665,11.820749
4012,-49.79216,1.0798955,11.822678
4013,-49.79209,1.0801096,11.824478
4014,-49.792023,1.0803087,11.826161
4015,-49.791954,1.0804929,11.827722
4016,-49.791885,1.0806628,11.829153
4017,-49.791817,1.0808198,11.830468
4018,-49.791748,1.0809647,11.831675
4019,-49.79168,1.0811008,11.832789
4020,-49.79161,1.0812311,11.833823
4021,-49.791542,1.0813557,11.834781
4022,-49.791473,1.0814744,11.835664
4023,-49.791405,1.0815903,11.836505
4024,-49.791336,1.0817049,11.837332
4025,-49.791267,1.0818175,11.838139
4026,-49.7912,1.0819278,11.838921
4027,-49.79113,1.082033,11.839687
4028,-49.79106,1.0821314,11.840443
4029,-49.790993,1.0822235,11.841183
4030,-49.790966,1.0823095,11.8419075
4031,-49.790966,1.0823886,11.842575
4032,-49.790966,1.0824605,11.843156
4033,-49.790966,1.082526,11.843659
4034,-49.790966,1.0825857,11.844097
4035,-49.790966,1.0826395,11.8444805
4036,-49.790966,1.0826882,11.844822
4037,-49.790966,1.082732,11.845126
4038,-49.790966,1.0827717,11.845396
4039,-49.790966,1.0828073,11.845642
4040,-49.790966,1.0828394,11.845871
4041,-49.790966,1.0828682,11.846084
4042,-49.790966,1.0828944,11.846284
4043,-49.790966,1.082918,11.846473
4044,-49.790966,1.0829417,11.846662
4045,-49.790966,1.0829653,11.84685
4046,-49.790966,1.0829889,11.847039
4047,-49.790966,1.08301,11.847218
4048,-49.790966,1.0830269,11.847369
4049,-49.790966,1.0830405,11.847499
4050,-49.790966,1.0830505,11.84761
4051,-49.790966,1.0830601,11.847713
4052,-49.790966,1.0830711,11.847816
4053,-49.790966,1.083084,11.847919
4054,-49.60983,0.88913286,13.639144
4055,-49.610878,0.8947475,14.019604
4056,-49.61216,0.8993377,14.28009
4057,-49.613422,0.9029797,14.460424
4058,-49.61454,0.9057675,14.584259
4059,-49.615517,0.90785336,14.668285
4060,-49.61637,0.90942276,14.725585
4061,-49.617138,0.9106104,14.764518
4062,-49.61777,0.9114814,14.78991
4063,-49.61828,0.9120887,14.805029
4064,-49.618687,0.91249716,14.812451
4065,-49.61903,0.9127484,14.813703
4066,-49.619305,0.91297686,14.814237
4067,-49.61958,0.9132851,14.818391
4068,-49.619785,0.9136504,14.825311
4069,-49.619984,0.91404796,14.834073
4070,-49.620106,0.9144484,14.843934
4071,-49.620163,0.91482884,14.854251
4072,-49.620163,0.9151778,14.86438
4073,-49.62014,0.9154873,14.87384
4074,-49.62007,0.91573906,14.881234
4075,-49.62004,0.9159311,14.886072
4076,-49.62004,0.9160785,14.88913
4077,-49.62004,0.9161926,14.890948
4078,-49.62004,0.9162778,14.892077
4079,-49.62004,0.9163389,14.892882
4080,-49.62004,0.91638297,14.893452
4081,-49.62004,0.9164144,14.893848
4082,-49.62004,0.91643894,14.894206
4083,-49.62004,0.9164606,14.894617
4084,-49.62004,0.91647977,14.895067
4085,-49.62004,0.91649675,14.895548
4086,-49.62004,0.91651285,14.896107
4087,-49.62004,0.91652894,14.896776
4088,-49.62004,0.91654503,14.897522
4089,-49.62004,0.9165607,14.898307
4090,-49.62004,0.9165752,14.898994
4091,-49.62004,0.9165881,14.899491
4092,-49.62004,0.9165996,14.899835
4093,-49.62004,0.91660976,14.900056
4094,-49.62004,0.9166187,14.900247
4095,-49.62004,0.9166265,14.900467
4096,-49.62004,0.91663325,14.900707
4097,-49.62004,0.9166391,14.900948
4098,-49.62004,0.91664445,14.901172
4099,-49.62004,0.91664875,14.901358
4100,-49.62004,0.916653,14.901509
4101,-49.62004,0.9166562,14.901634
4102,-49.62004,0.9166592,14.901753
4103,-49.62004,0.9166613,14.901874
4104,-49.62004,0.91666347,14.901992
4105,-49.62004,0.9166646,14.902095
4106,-49.62004,0.9166657,14.902182
4107,-49.62004,0.91666675,14.902228
4108,-49.62004,0.9166678,14.902246
4109,-49.62004,0.91666824,14.902244
4110,-49.62004,0.91666853,14.90224
4111,-49.62004,0.9166689,14.902244
4112,-49.62004,0.9166692,14.902261
4113,-49.62004,0.9166694,14.902278
4114,-49.62004,0.9166695,14.902295
4115,-49.62004,0.9166695,14.902312
4116,-49.62004,0.9166695,14.902329
4117,-49.62004,0.9166695,14.902347
4118,-49.62004,0.9166695,14.902364
4119,-49.62004,0.9166695,14.902381
4120,-49.62004,0.9166695,14.902398
4121,-49.62004,0.9166695,14.902415
4122,-49.62004,0.9166695,14.902432
4123,-49.62004,0.9166695,14.90245
4124,-49.62004,0.9166695,14.902467
4125,-49.62004,0.9166695,14.902484
4126,-49.62004,0.9166695,14.902501
4127,-49.62004,0.9166695,14.902518
4128,-49.62004,0.9166695,14.902553
4129,-49.62004,0.91666955,14.902587
4130,-49.62004,0.91666955,14.902621
4131,-49.62004,0.91666955,14.902656
4132,-49.62004,0.91666955,14.90269
4133,-49.62004,0.91666955,14.902724
4134,-49.62004,0.91666955,14.90275
4135,-49.62004,0.91666955,14.902767
4136,-49.62004,0.91666955,14.902784
4137,-49.62004,0.91666955,14.902791
4138,-49.62004,0.91666955,14.9028
4139,-49.62004,0.91666955,14.902817
4140,-49.62004,0.91666955,14.902836
4141,-49.62004,0.91666955,14.90287
4142,-49.62004,0.91666955,14.9029045
4143,-49.62004,0.91666955,14.902939
4144,-49.62004,0.91666955,14.902973
4145,-49.62004,0.91666955,14.9030075
4146,-49.62004,0.91666955,14.903039
4147,-49.62004,0.91666955,14.903056
4148,-49.62004,0.91666955,14.903073
4149,-49.62004,0.91666955,14.9030905
4150,-49.62004,0.91666955,14.903108
4151,-49.62004,0.91666955,14.903109
4152,-49.62004,0.91666955,14.903109
4153,-49.62004,0.91666955,14.903109
4154,-49.62004,0.91666955,14.903109
4155,-49.62004,0.91666955,14.903109
4156,-49.62004,0.91666955,14.903109
4157,-49.62004,0.91666955,14.903109
4158,-49.62004,0.91666955,14.903116
4159,-49.62004,0.91666955,14.903133
4160,-49.62004,0.91666955,14.90316
4161,-49.48998,0.97434783,11.163623
4162,-49.489155,0.97779244,11.237939
4163,-49.488464,0.9807524,11.303648
4164,-49.487816,0.98317873,11.361535
4165,-49.48724,0.9851425,11.412351
4166,-49.48669,0.9868621,11.459307
4167,-49.486187,0.9884064,11.50168
4168,-49.48575,0.9897555,11.538526
4169,-49.485363,0.9909314,11.571111
4170,-49.48502,0.9919552,11.600365
4171,-49.48474,0.99286395,11.626977
4172,-49.484497,0.99368584,11.650795
4173,-49.48429,0.9944267,11.671534
4174,-49.48411,0.99509245,11.689159
4175,-49.483974,0.9956972,11.7048855
4176,-49.483837,0.9962508,11.719846
4177,-49.483738,0.9967536,11.734026
4178,-49.48367,0.9972066,11.747401
4179,-49.4836,0.99760175,11.7593565
4180,-49.483532,0.9979368,11.7695055
4181,-49.483463,0.99822134,11.778124
4182,-49.483395,0.9984635,11.785448
4183,-49.483326,0.99866986,11.7916565
4184,-49.483257,0.9988461,11.796901
4185,-49.48319,0.998997,11.801338
4186,-49.48312,0.99912626,11.805099
4187,-49.48309,0.99923754,11.808337
4188,-49.48309,0.999334,11.811181
4189,-49.48309,0.9994176,11.81368
4190,-49.48309,0.99949014,11.815878
4191,-49.48309,0.9995537,11.817822
4192,-49.48309,0.9996096,11.819545
4193,-49.48309,0.99965876,11.821071
4194,-49.48309,0.99970204,11.82242
4195,-49.48309,0.9997407,11.823634
4196,-49.48309,0.9997757,11.8247385
4197,-49.48309,0.9998071,11.825737
4198,-49.48309,0.99983513,11.8266325
4199,-49.48309,0.9998595,11.827396
4200,-49.48309,0.9998805,11.828019
4201,-49.48309,0.99989855,11.8285265
4202,-49.48309,0.99991393,11.828937
4203,-49.48309,0.999927,11.829284
4204,-49.48309,0.99993795,11.829594
4205,-49.48309,0.99994713,11.82987
4206,-49.48309,0.99995494,11.830118
4207,-49.48309,0.99996144,11.830332
4208,-49.48309,0.9999668,11.830511
4209,-49.48309,0.9999712,11.83066
4210,-49.48309,0.999975,11.830787
4211,-49.48309,0.99997824,11.8308935
4212,-49.48309,0.9999809,11.83098
4213,-49.48309,0.9999831,11.83105
4214,-49.48309,0.9999852,11.831107
4215,-49.48309,0.99998724,11.831159
4216,-49.48309,0.9999883,11.8312
4217,-49.48309,0.9999894,11.831234
4218,-49.48309,0.99999046,11.831268
4219,-49.48309,0.99999154,11.831302
4220,-49.48309,0.9999926,11.831319
4221,-49.48309,0.9999937,11.831336
4222,-49.48309,0.99999386,11.831353
4223,-49.48309,0.99999404,11.83137
4224,-49.48309,0.99999493,11.8313875
4225,-49.48309,0.9999956,11.831405
4226,-48.245296,-0.2884492,7.5708284
4227,-48.245514,-0.28867072,7.6997547
4228,-48.246,-0.28865457,7.7836075
4229,-48.246574,-0.2885033,7.832135
4230,-48.247124,-0.2883018,7.8604
4231,-48.247627,-0.28808293,7.87658
4232,-48.248028,-0.2878896,7.886409
4233,-48.248287,-0.2877433,7.893066
4234,-48.248455,-0.28762928,7.897497
4235,-48.248547,-0.28753778,7.9002705
4236,-48.248615,-0.2874612,7.9024262
4237,-48.248653,-0.28739625,7.9047184
4238,-48.248653,-0.28734055,7.907133
4239,-48.248653,-0.28729296,7.9096293
4240,-48.248653,-0.28725082,7.912168
4241,-48.248653,-0.28721303,7.914728
4242,-48.248707,-0.2871811,7.917269
4243,-48.248775,-0.2871564,7.919717
4244,-48.248844,-0.28713483,7.9220376
4245,-48.248913,-0.28711385,7.9241967
4246,-48.24898,-0.28709567,7.926166
4247,-48.24905,-0.28708217,7.9279256
4248,-48.24912,-0.28707442,7.9294147
4249,-48.249187,-0.28706932,7.9306707
4250,-48.249256,-0.28706366,7.9318004
4251,-48.249325,-0.2870576,7.932808
4252,-48.249393,-0.28705192,7.9337206
4253,-48.249462,-0.28704727,7.9345593
4254,-48.24953,-0.28704354,7.935318
4255,-48.249588,-0.28704062,7.9359937
4256,-48.249588,-0.28703794,7.936624
4257,-48.249588,-0.28703526,7.937227
4258,-48.249588,-0.28703257,7.9378014
4259,-48.249588,-0.2870294,7.9383483
4260,-48.249588,-0.28702465,7.938919
4261,-48.249588,-0.2870168,7.939563
4262,-48.249588,-0.2870058,7.940281
4263,-48.249588,-0.2869916,7.941073
4264,-48.249588,-0.28697717,7.9418592
4265,-48.249588,-0.28696564,7.9425607
4266,-48.249588,-0.286957,7.943177
4267,-48.249588,-0.28695127,7.9437094
4268,-48.249588,-0.28694624,7.944237
4269,-48.249588,-0.28693974,7.944839
4270,-48.249588,-0.28693172,7.945517
4271,-48.249588,-0.28692222,7.946269
4272,-48.249588,-0.28691196,7.947006
4273,-48.249588,-0.28690124,7.9476385
4274,-48.249588,-0.2868905,7.948165
4275,-48.249588,-0.28687924,7.948586
4276,-48.249588,-0.28686798,7.9489684
4277,-48.249588,-0.28685725,7.9493775
4278,-48.249588,-0.28684652,7.9498134
4279,-48.249588,-0.28683618,7.9502754
4280,-48.249588,-0.28682652,7.9507604
4281,-48.249588,-0.28681815,7.951265
4282,-48.249588,-0.28681108,7.951788
4283,-48.249588,-0.28680527,7.9523296
4284,-48.249588,-0.2867997,7.9529295
4285,-48.249588,-0.28679332,7.953627
4286,-48.249588,-0.2867861,7.954421
4287,-48.24963,-0.2867786,7.9552684
4288,-48.24963,-0.2867711,7.9560924
4289,-48.24963,-0.28676397,7.9568777
4290,-48.24963,-0.286757,7.9576244
4291,-48.24963,-0.2867504,7.9583325
4292,-48.24963,-0.2867435,7.958965
4293,-48.24963,-0.2867357,7.959486
4294,-48.24963,-0.2867271,7.959896
4295,-48.24963,-0.28671765,7.960195
4296,-48.24963,-0.28670752,7.960486
4297,-48.24963,-0.28669685,7.960871
4298,-48.24963,-0.28668565,7.9613504
4299,-48.24963,-0.28667393,7.961923
4300,-48.24963,-0.28666303,7.9624763
4301,-48.24963,-0.2866542,7.962895
4302,-48.24963,-0.28664753,7.963181
4303,-48.24963,-0.28664294,7.9633327
4304,-48.24963,-0.28663972,7.9633994
4305,-48.24963,-0.2866371,7.9634295
4306,-48.24963,-0.28663504,7.9634223
4307,-48.24963,-0.28663358,7.963378
4308,-48.24963,-0.2866318,7.9633694
4309,-48.24963,-0.2866287,7.963469
4310,-48.24963,-0.2866244,7.9636765
4311,-48.24963,-0.28661886,7.9639926
4312,-48.24963,-0.2866134,7.9644027
4313,-48.24963,-0.2866094,7.9648924
4314,-48.24963,-0.28660685,7.965463
4315,-48.24963,-0.28660578,7.9661136
4316,-48.24963,-0.28660566,7.966835
4317,-48.24963,-0.28660586,7.9676194
4318,-48.249634,-0.2866064,7.968466
4319,-48.249676,-0.28660747,7.9693117
4320,-48.24968,-0.286608,7.970144
4321,-48.24968,-0.2866075,7.9710097
4322,-48.24968,-0.28660598,7.97191
